# MagicaVoxel @ Ephtracy

# group
o 

# material
mtllib 0.mtl
usemtl palette

# normals
vn -1 0 0
vn 1 0 0
vn 0 0 1
vn 0 0 -1
vn 0 -1 0
vn 0 1 0

# texcoords
vt 0.662109 0.5
vt 0.669922 0.5
vt 0.677734 0.5
vt 0.724609 0.5
vt 0.732422 0.5
vt 0.740234 0.5
vt 0.818359 0.5

# verts
v -12.5 0 -1.6
v -12.5 0 -1.7
v -12.5 0.1 -1.6
v -12.5 0.1 -1.7
v -11.8 0 12.1
v -11.8 0 12
v -11.8 0 -9.4
v -11.8 0 -9.5
v -11.8 0.1 12.1
v -11.8 0.1 12
v -11.8 0.1 -9.4
v -11.8 0.1 -9.5
v -11.6 0 9.3
v -11.6 0 9.2
v -11.6 0.1 9.3
v -11.6 0.1 9.2
v -11.4 0 3.2
v -11.4 0 3.1
v -11.4 0.1 3.2
v -11.4 0.1 3.1
v -11.1 0 -11.9
v -11.1 0 -12
v -11.1 0.1 -11.9
v -11.1 0.1 -12
v -10.7 0 5.8
v -10.7 0 5.6
v -10.7 0 -5
v -10.7 0 -5.1
v -10.7 0.1 5.8
v -10.7 0.1 5.6
v -10.7 0.1 -5
v -10.7 0.1 -5.1
v -10.4 0 -0.6
v -10.4 0 -0.700001
v -10.4 0.1 -0.6
v -10.4 0.1 -0.700001
v -10.1 0 2.9
v -10.1 0 2.8
v -10.1 0.1 2.9
v -10.1 0.1 2.8
v -10 0 -6.8
v -10 0 -6.9
v -10 0.1 -6.8
v -10 0.1 -6.9
v -9.4 0 10.8
v -9.4 0 10.7
v -9.4 0.1 10.8
v -9.4 0.1 10.7
v -9.2 0 -8.6
v -9.2 0 -8.7
v -9.2 0.1 -8.6
v -9.2 0.1 -8.7
v -8.9 0 -5.7
v -8.9 0 -5.8
v -8.9 0.1 -5.7
v -8.9 0.1 -5.8
v -8.8 0 7.5
v -8.8 0 7.4
v -8.8 0.1 7.5
v -8.8 0.1 7.4
v -8.7 0 1.1
v -8.7 0 1
v -8.7 0 -2.3
v -8.7 0 -2.4
v -8.7 0.1 1.1
v -8.7 0.1 1
v -8.7 0.1 -2.3
v -8.7 0.1 -2.4
v -8.4 0 4.9
v -8.4 0 4.8
v -8.4 0.1 4.9
v -8.4 0.1 4.8
v -8.3 0 2.1
v -8.3 0 2
v -8.3 0.1 2.1
v -8.3 0.1 2
v -8.1 0 4.1
v -8.1 0 4
v -8.1 0 -4.6
v -8.1 0 -4.7
v -8.1 0.1 4.1
v -8.1 0.1 4
v -8.1 0.1 -4.6
v -8.1 0.1 -4.7
v -8 0 -8.4
v -8 0 -8.5
v -8 0.1 -8.4
v -8 0.1 -8.5
v -7.9 0 -11.8
v -7.9 0 -11.9
v -7.9 0.1 -11.8
v -7.9 0.1 -11.9
v -7.7 0 6.1
v -7.7 0 6
v -7.7 0 -7.3
v -7.7 0 -7.4
v -7.7 0.1 6.1
v -7.7 0.1 6
v -7.7 0.1 -7.3
v -7.7 0.1 -7.4
v -7.6 0 9.1
v -7.6 0 9
v -7.6 0 -5.5
v -7.6 0 -5.6
v -7.6 0.1 9.1
v -7.6 0.1 9
v -7.6 0.1 -5.5
v -7.6 0.1 -5.6
v -7.5 0 -2.6
v -7.5 0 -2.7
v -7.5 0.1 -2.6
v -7.5 0.1 -2.7
v -7.1 0 8
v -7.1 0 7.9
v -7.1 0.1 8
v -7.1 0.1 7.9
v -7 0 5
v -7 0 4.9
v -7 0 -0.5
v -7 0 -0.6
v -7 0 -3.8
v -7 0 -3.9
v -7 0.1 5
v -7 0.1 4.9
v -7 0.1 -0.5
v -7 0.1 -0.6
v -7 0.1 -3.8
v -7 0.1 -3.9
v -6.7 0 0.299999
v -6.7 0 0.2
v -6.7 0.1 0.299999
v -6.7 0.1 0.2
v -6.6 0 7.5
v -6.6 0 7.4
v -6.6 0 6
v -6.6 0 5.9
v -6.6 0 3.8
v -6.6 0 3.7
v -6.6 0 1.5
v -6.6 0 1.4
v -6.6 0 -10
v -6.6 0 -10.1
v -6.6 0.1 7.5
v -6.6 0.1 7.4
v -6.6 0.1 6
v -6.6 0.1 5.9
v -6.6 0.1 3.8
v -6.6 0.1 3.7
v -6.6 0.1 1.5
v -6.6 0.1 1.4
v -6.6 0.1 -10
v -6.6 0.1 -10.1
v -6.3 0 -5.7
v -6.3 0 -5.8
v -6.3 0.1 -5.7
v -6.3 0.1 -5.8
v -6.2 0 -1
v -6.2 0 -1.1
v -6.2 0 -3.2
v -6.2 0 -3.3
v -6.2 0.1 -1
v -6.2 0.1 -1.1
v -6.2 0.1 -3.2
v -6.2 0.1 -3.3
v -6.1 0 2.5
v -6.1 0 2.4
v -6.1 0 -0.6
v -6.1 0 -0.700001
v -6.1 0.1 2.5
v -6.1 0.1 2.4
v -6.1 0.1 -0.6
v -6.1 0.1 -0.700001
v -6 0 -2.4
v -6 0 -2.5
v -6 0.1 -2.4
v -6 0.1 -2.5
v -5.9 0 -9
v -5.9 0 -9.1
v -5.9 0.1 -9
v -5.9 0.1 -9.1
v -5.8 0 6.4
v -5.8 0 6.3
v -5.8 0.1 6.4
v -5.8 0.1 6.3
v -5.7 0 10
v -5.7 0 9.9
v -5.7 0 8.5
v -5.7 0 8.4
v -5.7 0 -7.6
v -5.7 0 -7.7
v -5.7 0.1 10
v -5.7 0.1 9.9
v -5.7 0.1 8.5
v -5.7 0.1 8.4
v -5.7 0.1 -7.6
v -5.7 0.1 -7.7
v -5.6 0 7.5
v -5.6 0 7.4
v -5.6 0 5.9
v -5.6 0 5.8
v -5.6 0 -4
v -5.6 0 -4.1
v -5.6 0.1 7.5
v -5.6 0.1 7.4
v -5.6 0.1 5.9
v -5.6 0.1 5.8
v -5.6 0.1 -4
v -5.6 0.1 -4.1
v -5.5 0 0.7
v -5.5 0 0.599999
v -5.5 0 -1
v -5.5 0 -1.1
v -5.5 0.1 0.7
v -5.5 0.1 0.599999
v -5.5 0.1 -1
v -5.5 0.1 -1.1
v -5.4 0 4.2
v -5.4 0 4.1
v -5.4 0 -4.8
v -5.4 0 -4.9
v -5.4 0.1 4.2
v -5.4 0.1 4.1
v -5.4 0.1 -4.8
v -5.4 0.1 -4.9
v -5.3 0 -6.8
v -5.3 0 -6.9
v -5.3 0.1 -6.8
v -5.3 0.1 -6.9
v -5.2 0 2.8
v -5.2 0 2.7
v -5.2 0 -4
v -5.2 0 -4.1
v -5.2 0 -5
v -5.2 0 -5.1
v -5.2 0.1 2.8
v -5.2 0.1 2.7
v -5.2 0.1 -4
v -5.2 0.1 -4.1
v -5.2 0.1 -5
v -5.2 0.1 -5.1
v -5.1 0 5
v -5.1 0 4.9
v -5.1 0 -2
v -5.1 0 -2.1
v -5.1 0 -3.2
v -5.1 0 -3.3
v -5.1 0.1 5
v -5.1 0.1 4.9
v -5.1 0.1 -2
v -5.1 0.1 -2.1
v -5.1 0.1 -3.2
v -5.1 0.1 -3.3
v -4.9 0 8.7
v -4.9 0 8.6
v -4.9 0 1.8
v -4.9 0 1.7
v -4.9 0.1 8.7
v -4.9 0.1 8.6
v -4.9 0.1 1.8
v -4.9 0.1 1.7
v -4.8 0 5.9
v -4.8 0 5.8
v -4.8 0.1 5.9
v -4.8 0.1 5.8
v -4.7 0 0
v -4.7 0 -0.1
v -4.7 0.1 0
v -4.7 0.1 -0.1
v -4.5 0 7.6
v -4.5 0 7.5
v -4.5 0.1 7.6
v -4.5 0.1 7.5
v -4.4 0 -2.8
v -4.4 0 -2.9
v -4.4 0 -6.3
v -4.4 0 -6.4
v -4.4 0 -7.4
v -4.4 0 -7.5
v -4.4 0.1 -2.8
v -4.4 0.1 -2.9
v -4.4 0.1 -6.3
v -4.4 0.1 -6.4
v -4.4 0.1 -7.4
v -4.4 0.1 -7.5
v -4.3 0 -1.2
v -4.3 0 -1.3
v -4.3 0 -5.1
v -4.3 0 -5.2
v -4.3 0 -11.5
v -4.3 0 -11.6
v -4.3 0.1 -1.2
v -4.3 0.1 -1.3
v -4.3 0.1 -5.1
v -4.3 0.1 -5.2
v -4.3 0.1 -11.5
v -4.3 0.1 -11.6
v -4.2 0 2.7
v -4.2 0 2.6
v -4.2 0.1 2.7
v -4.2 0.1 2.6
v -4.1 0 4.2
v -4.1 0 4.1
v -4.1 0 0.9
v -4.1 0 0.799999
v -4.1 0.1 4.2
v -4.1 0.1 4.1
v -4.1 0.1 0.9
v -4.1 0.1 0.799999
v -4 0 -2.1
v -4 0 -2.2
v -4 0 -5.4
v -4 0 -5.5
v -4 0.1 -2.1
v -4 0.1 -2.2
v -4 0.1 -5.4
v -4 0.1 -5.5
v -3.9 0 -4.1
v -3.9 0 -4.2
v -3.9 0.1 -4.1
v -3.9 0.1 -4.2
v -3.8 0 9.5
v -3.8 0 9.4
v -3.8 0.1 9.5
v -3.8 0.1 9.4
v -3.7 0 0
v -3.7 0 -0.1
v -3.7 0 -6.6
v -3.7 0 -6.7
v -3.7 0 -7.5
v -3.7 0 -7.6
v -3.7 0.1 0
v -3.7 0.1 -0.1
v -3.7 0.1 -6.6
v -3.7 0.1 -6.7
v -3.7 0.1 -7.5
v -3.7 0.1 -7.6
v -3.6 0 5.4
v -3.6 0 5.3
v -3.6 0 1.5
v -3.6 0 1.4
v -3.6 0.1 5.4
v -3.6 0.1 5.3
v -3.6 0.1 1.5
v -3.6 0.1 1.4
v -3.5 0 -3.3
v -3.5 0 -3.4
v -3.5 0 -9.7
v -3.5 0 -9.8
v -3.5 0.1 -3.3
v -3.5 0.1 -3.4
v -3.5 0.1 -9.7
v -3.5 0.1 -9.8
v -3.4 0 6.8
v -3.4 0 6.7
v -3.4 0 2
v -3.4 0 1.9
v -3.4 0 -2
v -3.4 0 -2.1
v -3.4 0.1 6.8
v -3.4 0.1 6.7
v -3.4 0.1 2
v -3.4 0.1 1.9
v -3.4 0.1 -2
v -3.4 0.1 -2.1
v -3.3 0 -5.7
v -3.3 0 -5.8
v -3.3 0 -8.6
v -3.3 0 -8.7
v -3.3 0.1 -5.7
v -3.3 0.1 -5.8
v -3.3 0.1 -8.6
v -3.3 0.1 -8.7
v -3.2 0 8.9
v -3.2 0 8.8
v -3.2 0 -1.1
v -3.2 0 -1.2
v -3.2 0.1 8.9
v -3.2 0.1 8.8
v -3.2 0.1 -1.1
v -3.2 0.1 -1.2
v -3.1 0 7.9
v -3.1 0 7.8
v -3.1 0 5.2
v -3.1 0 5.1
v -3.1 0 3.7
v -3.1 0 3.6
v -3.1 0.1 7.9
v -3.1 0.1 7.8
v -3.1 0.1 5.2
v -3.1 0.1 5.1
v -3.1 0.1 3.7
v -3.1 0.1 3.6
v -3 0 6.7
v -3 0 6.6
v -3 0 0.5
v -3 0 0.4
v -3 0 -3.6
v -3 0 -3.7
v -3 0 -4.5
v -3 0 -4.6
v -3 0.1 6.7
v -3 0.1 6.6
v -3 0.1 0.5
v -3 0.1 0.4
v -3 0.1 -3.6
v -3 0.1 -3.7
v -3 0.1 -4.5
v -3 0.1 -4.6
v -2.9 0 2.9
v -2.9 0 2.8
v -2.9 0.1 2.9
v -2.9 0.1 2.8
v -2.7 0 -2.2
v -2.7 0 -2.3
v -2.7 0.1 -2.2
v -2.7 0.1 -2.3
v -2.6 0 4.1
v -2.6 0 4
v -2.6 0 -3
v -2.6 0 -3.1
v -2.6 0.1 4.1
v -2.6 0.1 4
v -2.6 0.1 -3
v -2.6 0.1 -3.1
v -2.5 0 -0.700001
v -2.5 0 -0.8
v -2.5 0 -5.6
v -2.5 0 -5.7
v -2.5 0 -6.9
v -2.5 0 -7
v -2.5 0.1 -0.700001
v -2.5 0.1 -0.8
v -2.5 0.1 -5.6
v -2.5 0.1 -5.7
v -2.5 0.1 -6.9
v -2.5 0.1 -7
v -2.4 0 12
v -2.4 0 11.9
v -2.4 0 0.299999
v -2.4 0 0.2
v -2.4 0 -4.2
v -2.4 0 -4.3
v -2.4 0 -11.6
v -2.4 0 -11.7
v -2.4 0.1 12
v -2.4 0.1 11.9
v -2.4 0.1 0.299999
v -2.4 0.1 0.2
v -2.4 0.1 -4.2
v -2.4 0.1 -4.3
v -2.4 0.1 -11.6
v -2.4 0.1 -11.7
v -2.3 0 7.7
v -2.3 0 7.6
v -2.3 0 5.3
v -2.3 0 5.2
v -2.3 0 -1.7
v -2.3 0 -1.8
v -2.3 0.1 7.7
v -2.3 0.1 7.6
v -2.3 0.1 5.3
v -2.3 0.1 5.2
v -2.3 0.1 -1.7
v -2.3 0.1 -1.8
v -2.2 0 10
v -2.2 0 9.9
v -2.2 0.1 10
v -2.2 0.1 9.9
v -2.1 0 8.7
v -2.1 0 8.6
v -2.1 0 1.6
v -2.1 0 1.5
v -2.1 0 -7.9
v -2.1 0 -8
v -2.1 0.1 8.7
v -2.1 0.1 8.6
v -2.1 0.1 1.6
v -2.1 0.1 1.5
v -2.1 0.1 -7.9
v -2.1 0.1 -8
v -1.9 0 6
v -1.9 0 5.9
v -1.9 0 3.2
v -1.9 0 3.1
v -1.9 0.1 6
v -1.9 0.1 5.9
v -1.9 0.1 3.2
v -1.9 0.1 3.1
v -1.8 0 -4.2
v -1.8 0 -4.3
v -1.8 0.1 -4.2
v -1.8 0.1 -4.3
v -1.7 0 -5.5
v -1.7 0 -5.6
v -1.7 0.1 -5.5
v -1.7 0.1 -5.6
v -1.6 0 6.8
v -1.6 0 6.7
v -1.6 0 4.2
v -1.6 0 4.1
v -1.6 0 2.7
v -1.6 0 2.6
v -1.6 0 -2.3
v -1.6 0 -2.4
v -1.6 0.1 6.8
v -1.6 0.1 6.7
v -1.6 0.1 4.2
v -1.6 0.1 4.1
v -1.6 0.1 2.7
v -1.6 0.1 2.6
v -1.6 0.1 -2.3
v -1.6 0.1 -2.4
v -1.5 0 5.2
v -1.5 0 5.1
v -1.5 0 0.799999
v -1.5 0 0.7
v -1.5 0.1 5.2
v -1.5 0.1 5.1
v -1.5 0.1 0.799999
v -1.5 0.1 0.7
v -1.4 0 9.7
v -1.4 0 9.6
v -1.4 0 -1
v -1.4 0 -1.1
v -1.4 0.1 9.7
v -1.4 0.1 9.6
v -1.4 0.1 -1
v -1.4 0.1 -1.1
v -1.3 0 -3.1
v -1.3 0 -3.2
v -1.3 0.1 -3.1
v -1.3 0.1 -3.2
v -1.2 0 1.6
v -1.2 0 1.5
v -1.2 0 -0.700001
v -1.2 0 -0.8
v -1.2 0.1 1.6
v -1.2 0.1 1.5
v -1.2 0.1 -0.700001
v -1.2 0.1 -0.8
v -1.1 0 -2
v -1.1 0 -2.1
v -1.1 0.1 -2
v -1.1 0.1 -2.1
v -1 0 0.4
v -1 0 0.299999
v -1 0 -6.9
v -1 0 -7
v -1 0 -8.6
v -1 0 -8.7
v -1 0.1 0.4
v -1 0.1 0.299999
v -1 0.1 -6.9
v -1 0.1 -7
v -1 0.1 -8.6
v -1 0.1 -8.7
v -0.8 0 -4.6
v -0.8 0 -4.7
v -0.8 0.1 -4.6
v -0.8 0.1 -4.7
v -0.7 0 6
v -0.7 0 5.9
v -0.7 0 -2.4
v -0.7 0 -2.5
v -0.7 0.1 6
v -0.7 0.1 5.9
v -0.7 0.1 -2.4
v -0.7 0.1 -2.5
v -0.6 0 7.8
v -0.6 0 7.7
v -0.6 0 4.3
v -0.6 0 4.2
v -0.6 0 3.8
v -0.6 0 3.7
v -0.6 0.1 7.8
v -0.6 0.1 7.7
v -0.6 0.1 4.3
v -0.6 0.1 4.2
v -0.6 0.1 3.8
v -0.6 0.1 3.7
v -0.3 0 5.2
v -0.3 0 5.1
v -0.3 0 2.6
v -0.3 0 2.5
v -0.3 0.1 5.2
v -0.3 0.1 5.1
v -0.3 0.1 2.6
v -0.3 0.1 2.5
v -0.2 0 -2.9
v -0.2 0 -3
v -0.2 0.1 -2.9
v -0.2 0.1 -3
v -0.1 0 1.3
v -0.1 0 1.2
v -0.1 0 0.9
v -0.1 0 0.799999
v -0.1 0 -0.900001
v -0.1 0 -1
v -0.1 0 -4
v -0.1 0 -4.1
v -0.1 0 -4.9
v -0.1 0 -5
v -0.1 0 -6.9
v -0.1 0 -7
v -0.1 0.1 1.3
v -0.1 0.1 1.2
v -0.1 0.1 0.9
v -0.1 0.1 0.799999
v -0.1 0.1 -0.900001
v -0.1 0.1 -1
v -0.1 0.1 -4
v -0.1 0.1 -4.1
v -0.1 0.1 -4.9
v -0.1 0.1 -5
v -0.1 0.1 -6.9
v -0.1 0.1 -7
v 0 0 9.1
v 0 0 9
v 0 0.1 9.1
v 0 0.1 9
v 0.2 0 10.3
v 0.2 0 10.2
v 0.2 0 -5.1
v 0.2 0 -5.2
v 0.2 0.1 10.3
v 0.2 0.1 10.2
v 0.2 0.1 -5.1
v 0.2 0.1 -5.2
v 0.3 0 4.5
v 0.3 0 4.4
v 0.3 0 0.0999994
v 0.3 0 0
v 0.3 0 -8.2
v 0.3 0 -8.3
v 0.3 0.1 4.5
v 0.3 0.1 4.4
v 0.3 0.1 0.0999994
v 0.3 0.1 0
v 0.3 0.1 -8.2
v 0.3 0.1 -8.3
v 0.4 0 8
v 0.4 0 7.9
v 0.4 0 7.4
v 0.4 0 7.3
v 0.4 0.1 8
v 0.4 0.1 7.9
v 0.4 0.1 7.4
v 0.4 0.1 7.3
v 0.5 0 6
v 0.5 0 5.9
v 0.5 0 1.1
v 0.5 0 1
v 0.5 0 -2.5
v 0.5 0 -2.6
v 0.5 0.1 6
v 0.5 0.1 5.9
v 0.5 0.1 1.1
v 0.5 0.1 1
v 0.5 0.1 -2.5
v 0.5 0.1 -2.6
v 0.599999 0 -1.9
v 0.599999 0 -2
v 0.599999 0 -4.7
v 0.599999 0 -4.8
v 0.599999 0.1 -1.9
v 0.599999 0.1 -2
v 0.599999 0.1 -4.7
v 0.599999 0.1 -4.8
v 0.7 0 3.1
v 0.7 0 3
v 0.7 0 -1
v 0.7 0 -1.1
v 0.7 0 -11.5
v 0.7 0 -11.6
v 0.7 0.1 3.1
v 0.7 0.1 3
v 0.7 0.1 -1
v 0.7 0.1 -1.1
v 0.7 0.1 -11.5
v 0.7 0.1 -11.6
v 0.8 0 -5.8
v 0.8 0 -5.9
v 0.8 0 -9.1
v 0.8 0 -9.2
v 0.8 0.1 -5.8
v 0.8 0.1 -5.9
v 0.8 0.1 -9.1
v 0.8 0.1 -9.2
v 0.9 0 9.1
v 0.9 0 9
v 0.9 0.1 9.1
v 0.9 0.1 9
v 1 0 -3.1
v 1 0 -3.2
v 1 0.1 -3.1
v 1 0.1 -3.2
v 1.1 0 2.5
v 1.1 0 2.4
v 1.1 0.1 2.5
v 1.1 0.1 2.4
v 1.2 0 0.7
v 1.2 0 0.599999
v 1.2 0 -7
v 1.2 0 -7.1
v 1.2 0.1 0.7
v 1.2 0.1 0.599999
v 1.2 0.1 -7
v 1.2 0.1 -7.1
v 1.3 0 6.9
v 1.3 0 6.8
v 1.3 0 5.1
v 1.3 0 5
v 1.3 0 -4.3
v 1.3 0 -4.4
v 1.3 0.1 6.9
v 1.3 0.1 6.8
v 1.3 0.1 5.1
v 1.3 0.1 5
v 1.3 0.1 -4.3
v 1.3 0.1 -4.4
v 1.4 0 3.7
v 1.4 0 3.6
v 1.4 0 -0.5
v 1.4 0 -0.6
v 1.4 0 -1.9
v 1.4 0 -2
v 1.4 0.1 3.7
v 1.4 0.1 3.6
v 1.4 0.1 -0.5
v 1.4 0.1 -0.6
v 1.4 0.1 -1.9
v 1.4 0.1 -2
v 1.5 0 1.5
v 1.5 0 1.4
v 1.5 0.1 1.5
v 1.5 0.1 1.4
v 1.6 0 -5.1
v 1.6 0 -5.2
v 1.6 0.1 -5.1
v 1.6 0.1 -5.2
v 1.8 0 5.8
v 1.8 0 5.7
v 1.8 0 -6.4
v 1.8 0 -6.5
v 1.8 0 -7.7
v 1.8 0 -7.8
v 1.8 0.1 5.8
v 1.8 0.1 5.7
v 1.8 0.1 -6.4
v 1.8 0.1 -6.5
v 1.8 0.1 -7.7
v 1.8 0.1 -7.8
v 1.9 0 -3
v 1.9 0 -3.1
v 1.9 0.1 -3
v 1.9 0.1 -3.1
v 2.1 0 11.2
v 2.1 0 11.1
v 2.1 0 6.5
v 2.1 0 6.4
v 2.1 0 -1.2
v 2.1 0 -1.3
v 2.1 0 -5.3
v 2.1 0 -5.4
v 2.1 0.1 11.2
v 2.1 0.1 11.1
v 2.1 0.1 6.5
v 2.1 0.1 6.4
v 2.1 0.1 -1.2
v 2.1 0.1 -1.3
v 2.1 0.1 -5.3
v 2.1 0.1 -5.4
v 2.2 0 8.1
v 2.2 0 8
v 2.2 0 4.5
v 2.2 0 4.4
v 2.2 0 -10.2
v 2.2 0 -10.3
v 2.2 0.1 8.1
v 2.2 0.1 8
v 2.2 0.1 4.5
v 2.2 0.1 4.4
v 2.2 0.1 -10.2
v 2.2 0.1 -10.3
v 2.3 0 2.9
v 2.3 0 2.8
v 2.3 0 -2.2
v 2.3 0 -2.3
v 2.3 0 -3.7
v 2.3 0 -3.8
v 2.3 0 -9.4
v 2.3 0 -9.5
v 2.3 0.1 2.9
v 2.3 0.1 2.8
v 2.3 0.1 -2.2
v 2.3 0.1 -2.3
v 2.3 0.1 -3.7
v 2.3 0.1 -3.8
v 2.3 0.1 -9.4
v 2.3 0.1 -9.5
v 2.4 0 8
v 2.4 0 7.9
v 2.4 0 0
v 2.4 0 -0.1
v 2.4 0.1 8
v 2.4 0.1 7.9
v 2.4 0.1 0
v 2.4 0.1 -0.1
v 2.5 0 1.2
v 2.5 0 1.1
v 2.5 0.1 1.2
v 2.5 0.1 1.1
v 2.6 0 3.8
v 2.6 0 3.7
v 2.6 0.1 3.8
v 2.6 0.1 3.7
v 2.8 0 6.7
v 2.8 0 6.6
v 2.8 0.1 6.7
v 2.8 0.1 6.6
v 2.9 0 4.5
v 2.9 0 4.4
v 2.9 0 2
v 2.9 0 1.9
v 2.9 0 -1.6
v 2.9 0 -1.7
v 2.9 0.1 4.5
v 2.9 0.1 4.4
v 2.9 0.1 2
v 2.9 0.1 1.9
v 2.9 0.1 -1.6
v 2.9 0.1 -1.7
v 3 0 9.6
v 3 0 9.5
v 3 0 -4.6
v 3 0 -4.7
v 3 0 -6
v 3 0 -6.1
v 3 0.1 9.6
v 3 0.1 9.5
v 3 0.1 -4.6
v 3 0.1 -4.7
v 3 0.1 -6
v 3 0.1 -6.1
v 3.2 0 -2.9
v 3.2 0 -3
v 3.2 0 -3.5
v 3.2 0 -3.6
v 3.2 0 -8.4
v 3.2 0 -8.5
v 3.2 0.1 -2.9
v 3.2 0.1 -3
v 3.2 0.1 -3.5
v 3.2 0.1 -3.6
v 3.2 0.1 -8.4
v 3.2 0.1 -8.5
v 3.3 0 0.4
v 3.3 0 0.299999
v 3.3 0 -0.6
v 3.3 0 -0.700001
v 3.3 0.1 0.4
v 3.3 0.1 0.299999
v 3.3 0.1 -0.6
v 3.3 0.1 -0.700001
v 3.4 0 1.1
v 3.4 0 1
v 3.4 0.1 1.1
v 3.4 0.1 1
v 3.5 0 7.8
v 3.5 0 7.7
v 3.5 0.1 7.8
v 3.5 0.1 7.7
v 3.7 0 2.8
v 3.7 0 2.7
v 3.7 0 -7.1
v 3.7 0 -7.2
v 3.7 0.1 2.8
v 3.7 0.1 2.7
v 3.7 0.1 -7.1
v 3.7 0.1 -7.2
v 3.8 0 5.6
v 3.8 0 5.5
v 3.8 0 2.4
v 3.8 0 2.3
v 3.8 0 -1.7
v 3.8 0 -1.8
v 3.8 0 -4.4
v 3.8 0 -4.5
v 3.8 0.1 5.6
v 3.8 0.1 5.5
v 3.8 0.1 2.4
v 3.8 0.1 2.3
v 3.8 0.1 -1.7
v 3.8 0.1 -1.8
v 3.8 0.1 -4.4
v 3.8 0.1 -4.5
v 3.9 0 -3.1
v 3.9 0 -3.2
v 3.9 0 -5.7
v 3.9 0 -5.8
v 3.9 0.1 -3.1
v 3.9 0.1 -3.2
v 3.9 0.1 -5.7
v 3.9 0.1 -5.8
v 4 0 3.6
v 4 0 3.5
v 4 0.1 3.6
v 4 0.1 3.5
v 4.1 0 0
v 4.1 0 -0.1
v 4.1 0.1 0
v 4.1 0.1 -0.1
v 4.2 0 1.3
v 4.2 0 1.2
v 4.2 0.1 1.3
v 4.2 0.1 1.2
v 4.3 0 -3.9
v 4.3 0 -4
v 4.3 0 -5.6
v 4.3 0 -5.7
v 4.3 0 -10.2
v 4.3 0 -10.3
v 4.3 0.1 -3.9
v 4.3 0.1 -4
v 4.3 0.1 -5.6
v 4.3 0.1 -5.7
v 4.3 0.1 -10.2
v 4.3 0.1 -10.3
v 4.4 0 -2.5
v 4.4 0 -2.6
v 4.4 0 -4.7
v 4.4 0 -4.8
v 4.4 0.1 -2.5
v 4.4 0.1 -2.6
v 4.4 0.1 -4.7
v 4.4 0.1 -4.8
v 4.5 0 10.9
v 4.5 0 10.8
v 4.5 0 4.3
v 4.5 0 4.2
v 4.5 0.1 10.9
v 4.5 0.1 10.8
v 4.5 0.1 4.3
v 4.5 0.1 4.2
v 4.6 0 6.8
v 4.6 0 6.7
v 4.6 0 -1.8
v 4.6 0 -1.9
v 4.6 0.1 6.8
v 4.6 0.1 6.7
v 4.6 0.1 -1.8
v 4.6 0.1 -1.9
v 4.7 0 0.5
v 4.7 0 0.4
v 4.7 0 -1
v 4.7 0 -1.1
v 4.7 0 -7.5
v 4.7 0 -7.6
v 4.7 0.1 0.5
v 4.7 0.1 0.4
v 4.7 0.1 -1
v 4.7 0.1 -1.1
v 4.7 0.1 -7.5
v 4.7 0.1 -7.6
v 4.8 0 5.9
v 4.8 0 5.8
v 4.8 0 -3.4
v 4.8 0 -3.5
v 4.8 0.1 5.9
v 4.8 0.1 5.8
v 4.8 0.1 -3.4
v 4.8 0.1 -3.5
v 4.9 0 -12.3
v 4.9 0 -12.4
v 4.9 0.1 -12.3
v 4.9 0.1 -12.4
v 5 0 7.9
v 5 0 7.8
v 5 0.1 7.9
v 5 0.1 7.8
v 5.1 0 -4.5
v 5.1 0 -4.6
v 5.1 0.1 -4.5
v 5.1 0.1 -4.6
v 5.2 0 2.2
v 5.2 0 2.1
v 5.2 0.1 2.2
v 5.2 0.1 2.1
v 5.3 0 8.4
v 5.3 0 8.3
v 5.3 0 6.2
v 5.3 0 6.1
v 5.3 0.1 8.4
v 5.3 0.1 8.3
v 5.3 0.1 6.2
v 5.3 0.1 6.1
v 5.5 0 12.1
v 5.5 0 12
v 5.5 0.1 12.1
v 5.5 0.1 12
v 5.6 0 5.2
v 5.6 0 5.1
v 5.6 0.1 5.2
v 5.6 0.1 5.1
v 5.7 0 3.1
v 5.7 0 3
v 5.7 0 -0.6
v 5.7 0 -0.700001
v 5.7 0 -2.1
v 5.7 0 -2.2
v 5.7 0 -5.6
v 5.7 0 -5.7
v 5.7 0.1 3.1
v 5.7 0.1 3
v 5.7 0.1 -0.6
v 5.7 0.1 -0.700001
v 5.7 0.1 -2.1
v 5.7 0.1 -2.2
v 5.7 0.1 -5.6
v 5.7 0.1 -5.7
v 5.8 0 4.4
v 5.8 0 4.3
v 5.8 0.1 4.4
v 5.8 0.1 4.3
v 5.9 0 1.2
v 5.9 0 1.1
v 5.9 0.1 1.2
v 5.9 0.1 1.1
v 6 0 -2.9
v 6 0 -3
v 6 0.1 -2.9
v 6 0.1 -3
v 6.1 0 -10.4
v 6.1 0 -10.5
v 6.1 0.1 -10.4
v 6.1 0.1 -10.5
v 6.2 0 0.299999
v 6.2 0 0.2
v 6.2 0.1 0.299999
v 6.2 0.1 0.2
v 6.4 0 4.6
v 6.4 0 4.5
v 6.4 0.1 4.6
v 6.4 0.1 4.5
v 6.5 0 10.7
v 6.5 0 10.6
v 6.5 0 -1.6
v 6.5 0 -1.7
v 6.5 0.1 10.7
v 6.5 0.1 10.6
v 6.5 0.1 -1.6
v 6.5 0.1 -1.7
v 6.6 0 -0.400001
v 6.6 0 -0.5
v 6.6 0.1 -0.400001
v 6.6 0.1 -0.5
v 6.7 0 3.3
v 6.7 0 3.2
v 6.7 0 0.7
v 6.7 0 0.599999
v 6.7 0.1 3.3
v 6.7 0.1 3.2
v 6.7 0.1 0.7
v 6.7 0.1 0.599999
v 6.8 0 8.4
v 6.8 0 8.3
v 6.8 0 -4
v 6.8 0 -4.1
v 6.8 0.1 8.4
v 6.8 0.1 8.3
v 6.8 0.1 -4
v 6.8 0.1 -4.1
v 6.9 0 5.3
v 6.9 0 5.2
v 6.9 0 -7
v 6.9 0 -7.1
v 6.9 0.1 5.3
v 6.9 0.1 5.2
v 6.9 0.1 -7
v 6.9 0.1 -7.1
v 7 0 -3
v 7 0 -3.1
v 7 0.1 -3
v 7 0.1 -3.1
v 7.1 0 1.8
v 7.1 0 1.7
v 7.1 0.1 1.8
v 7.1 0.1 1.7
v 7.3 0 -12.2
v 7.3 0 -12.3
v 7.3 0.1 -12.2
v 7.3 0.1 -12.3
v 7.4 0 11.2
v 7.4 0 11.1
v 7.4 0 4.4
v 7.4 0 4.3
v 7.4 0.1 11.2
v 7.4 0.1 11.1
v 7.4 0.1 4.4
v 7.4 0.1 4.3
v 7.5 0 -1.1
v 7.5 0 -1.2
v 7.5 0 -4.3
v 7.5 0 -4.4
v 7.5 0.1 -1.1
v 7.5 0.1 -1.2
v 7.5 0.1 -4.3
v 7.5 0.1 -4.4
v 7.6 0 1.2
v 7.6 0 1.1
v 7.6 0.1 1.2
v 7.6 0.1 1.1
v 7.7 0 7.2
v 7.7 0 7.1
v 7.7 0 -9
v 7.7 0 -9.1
v 7.7 0.1 7.2
v 7.7 0.1 7.1
v 7.7 0.1 -9
v 7.7 0.1 -9.1
v 7.8 0 2.2
v 7.8 0 2.1
v 7.8 0.1 2.2
v 7.8 0.1 2.1
v 7.9 0 3.8
v 7.9 0 3.7
v 7.9 0.1 3.8
v 7.9 0.1 3.7
v 8.4 0 0.4
v 8.4 0 0.299999
v 8.4 0 -1.9
v 8.4 0 -2
v 8.4 0 -10.7
v 8.4 0 -10.8
v 8.4 0.1 0.4
v 8.4 0.1 0.299999
v 8.4 0.1 -1.9
v 8.4 0.1 -2
v 8.4 0.1 -10.7
v 8.4 0.1 -10.8
v 8.5 0 8.3
v 8.5 0 8.2
v 8.5 0.1 8.3
v 8.5 0.1 8.2
v 8.7 0 -5.6
v 8.7 0 -5.7
v 8.7 0.1 -5.6
v 8.7 0.1 -5.7
v 8.9 0 5.2
v 8.9 0 5.1
v 8.9 0.1 5.2
v 8.9 0.1 5.1
v 9 0 0.5
v 9 0 0.4
v 9 0 -8.2
v 9 0 -8.3
v 9 0.1 0.5
v 9 0.1 0.4
v 9 0.1 -8.2
v 9 0.1 -8.3
v 9.3 0 1
v 9.3 0 0.9
v 9.3 0.1 1
v 9.3 0.1 0.9
v 9.7 0 -2.1
v 9.7 0 -2.2
v 9.7 0.1 -2.1
v 9.7 0.1 -2.2
v 9.9 0 -3.9
v 9.9 0 -4
v 9.9 0.1 -3.9
v 9.9 0.1 -4
v 10.1 0 9.3
v 10.1 0 9.2
v 10.1 0.1 9.3
v 10.1 0.1 9.2
v 10.3 0 5.5
v 10.3 0 5.4
v 10.3 0.1 5.5
v 10.3 0.1 5.4
v 10.4 0 3.8
v 10.4 0 3.7
v 10.4 0 -7.5
v 10.4 0 -7.6
v 10.4 0.1 3.8
v 10.4 0.1 3.7
v 10.4 0.1 -7.5
v 10.4 0.1 -7.6
v 10.5 0 11.4
v 10.5 0 11.3
v 10.5 0 -2.2
v 10.5 0 -2.3
v 10.5 0 -4.9
v 10.5 0 -5
v 10.5 0 -5.6
v 10.5 0 -5.7
v 10.5 0.1 11.4
v 10.5 0.1 11.3
v 10.5 0.1 -2.2
v 10.5 0.1 -2.3
v 10.5 0.1 -4.9
v 10.5 0.1 -5
v 10.5 0.1 -5.6
v 10.5 0.1 -5.7
v 10.7 0 -11.8
v 10.7 0 -11.9
v 10.7 0.1 -11.8
v 10.7 0.1 -11.9
v 10.9 0 1.8
v 10.9 0 1.7
v 10.9 0.1 1.8
v 10.9 0.1 1.7
v 11.4 0 1.2
v 11.4 0 1.1
v 11.4 0 -2.7
v 11.4 0 -2.8
v 11.4 0.1 1.2
v 11.4 0.1 1.1
v 11.4 0.1 -2.7
v 11.4 0.1 -2.8
v 11.5 0 -1
v 11.5 0 -1.1
v 11.5 0.1 -1
v 11.5 0.1 -1.1
v 12.2 0 8.7
v 12.2 0 8.6
v 12.2 0.1 8.7
v 12.2 0.1 8.6
v -12.4 0 -1.6
v -12.4 0 -1.7
v -12.4 0.1 -1.6
v -12.4 0.1 -1.7
v -11.7 0 12.1
v -11.7 0 12
v -11.7 0 -9.4
v -11.7 0 -9.5
v -11.7 0.1 12.1
v -11.7 0.1 12
v -11.7 0.1 -9.4
v -11.7 0.1 -9.5
v -11.5 0 9.3
v -11.5 0 9.2
v -11.5 0.1 9.3
v -11.5 0.1 9.2
v -11.3 0 3.2
v -11.3 0 3.1
v -11.3 0.1 3.2
v -11.3 0.1 3.1
v -11 0 -11.9
v -11 0 -12
v -11 0.1 -11.9
v -11 0.1 -12
v -10.6 0 5.8
v -10.6 0 5.6
v -10.6 0 -5
v -10.6 0 -5.1
v -10.6 0.1 5.8
v -10.6 0.1 5.6
v -10.6 0.1 -5
v -10.6 0.1 -5.1
v -10.3 0 -0.6
v -10.3 0 -0.700001
v -10.3 0.1 -0.6
v -10.3 0.1 -0.700001
v -10 0 2.9
v -10 0 2.8
v -10 0.1 2.9
v -10 0.1 2.8
v -9.9 0 -6.8
v -9.9 0 -6.9
v -9.9 0.1 -6.8
v -9.9 0.1 -6.9
v -9.3 0 10.8
v -9.3 0 10.7
v -9.3 0.1 10.8
v -9.3 0.1 10.7
v -9.1 0 -8.6
v -9.1 0 -8.7
v -9.1 0.1 -8.6
v -9.1 0.1 -8.7
v -8.8 0 -5.7
v -8.8 0 -5.8
v -8.8 0.1 -5.7
v -8.8 0.1 -5.8
v -8.7 0 7.5
v -8.7 0 7.4
v -8.7 0.1 7.5
v -8.7 0.1 7.4
v -8.6 0 1.1
v -8.6 0 1
v -8.6 0 -2.3
v -8.6 0 -2.4
v -8.6 0.1 1.1
v -8.6 0.1 1
v -8.6 0.1 -2.3
v -8.6 0.1 -2.4
v -8.3 0 4.9
v -8.3 0 4.8
v -8.3 0.1 4.9
v -8.3 0.1 4.8
v -8.2 0 2.1
v -8.2 0 2
v -8.2 0.1 2.1
v -8.2 0.1 2
v -8 0 4.1
v -8 0 4
v -8 0 -4.6
v -8 0 -4.7
v -8 0.1 4.1
v -8 0.1 4
v -8 0.1 -4.6
v -8 0.1 -4.7
v -7.9 0 -8.4
v -7.9 0 -8.5
v -7.9 0.1 -8.4
v -7.9 0.1 -8.5
v -7.8 0 -11.8
v -7.8 0 -11.9
v -7.8 0.1 -11.8
v -7.8 0.1 -11.9
v -7.6 0 6.1
v -7.6 0 6
v -7.6 0 -7.3
v -7.6 0 -7.4
v -7.6 0.1 6.1
v -7.6 0.1 6
v -7.6 0.1 -7.3
v -7.6 0.1 -7.4
v -7.5 0 9.1
v -7.5 0 9
v -7.5 0 -5.5
v -7.5 0 -5.6
v -7.5 0.1 9.1
v -7.5 0.1 9
v -7.5 0.1 -5.5
v -7.5 0.1 -5.6
v -7.4 0 -2.6
v -7.4 0 -2.7
v -7.4 0.1 -2.6
v -7.4 0.1 -2.7
v -7 0 8
v -7 0 7.9
v -7 0.1 8
v -7 0.1 7.9
v -6.9 0 5
v -6.9 0 4.9
v -6.9 0 -0.5
v -6.9 0 -0.6
v -6.9 0 -3.8
v -6.9 0 -3.9
v -6.9 0.1 5
v -6.9 0.1 4.9
v -6.9 0.1 -0.5
v -6.9 0.1 -0.6
v -6.9 0.1 -3.8
v -6.9 0.1 -3.9
v -6.6 0 0.299999
v -6.6 0 0.2
v -6.6 0.1 0.299999
v -6.6 0.1 0.2
v -6.5 0 7.5
v -6.5 0 7.4
v -6.5 0 6
v -6.5 0 5.9
v -6.5 0 3.8
v -6.5 0 3.7
v -6.5 0 1.5
v -6.5 0 1.4
v -6.5 0 -10
v -6.5 0 -10.1
v -6.5 0.1 7.5
v -6.5 0.1 7.4
v -6.5 0.1 6
v -6.5 0.1 5.9
v -6.5 0.1 3.8
v -6.5 0.1 3.7
v -6.5 0.1 1.5
v -6.5 0.1 1.4
v -6.5 0.1 -10
v -6.5 0.1 -10.1
v -6.2 0 -5.7
v -6.2 0 -5.8
v -6.2 0.1 -5.7
v -6.2 0.1 -5.8
v -6.1 0 -1
v -6.1 0 -1.1
v -6.1 0 -3.2
v -6.1 0 -3.3
v -6.1 0.1 -1
v -6.1 0.1 -1.1
v -6.1 0.1 -3.2
v -6.1 0.1 -3.3
v -6 0 2.5
v -6 0 2.4
v -6 0 -0.6
v -6 0 -0.700001
v -6 0.1 2.5
v -6 0.1 2.4
v -6 0.1 -0.6
v -6 0.1 -0.700001
v -5.9 0 -2.4
v -5.9 0 -2.5
v -5.9 0.1 -2.4
v -5.9 0.1 -2.5
v -5.8 0 -9
v -5.8 0 -9.1
v -5.8 0.1 -9
v -5.8 0.1 -9.1
v -5.7 0 6.4
v -5.7 0 6.3
v -5.7 0.1 6.4
v -5.7 0.1 6.3
v -5.6 0 10
v -5.6 0 9.9
v -5.6 0 8.5
v -5.6 0 8.4
v -5.6 0 -7.6
v -5.6 0 -7.7
v -5.6 0.1 10
v -5.6 0.1 9.9
v -5.6 0.1 8.5
v -5.6 0.1 8.4
v -5.6 0.1 -7.6
v -5.6 0.1 -7.7
v -5.5 0 7.5
v -5.5 0 7.4
v -5.5 0 5.9
v -5.5 0 5.8
v -5.5 0 -4
v -5.5 0 -4.1
v -5.5 0.1 7.5
v -5.5 0.1 7.4
v -5.5 0.1 5.9
v -5.5 0.1 5.8
v -5.5 0.1 -4
v -5.5 0.1 -4.1
v -5.4 0 0.7
v -5.4 0 0.599999
v -5.4 0 -1
v -5.4 0 -1.1
v -5.4 0.1 0.7
v -5.4 0.1 0.599999
v -5.4 0.1 -1
v -5.4 0.1 -1.1
v -5.3 0 4.2
v -5.3 0 4.1
v -5.3 0 -4.8
v -5.3 0 -4.9
v -5.3 0.1 4.2
v -5.3 0.1 4.1
v -5.3 0.1 -4.8
v -5.3 0.1 -4.9
v -5.2 0 -6.8
v -5.2 0 -6.9
v -5.2 0.1 -6.8
v -5.2 0.1 -6.9
v -5.1 0 2.8
v -5.1 0 2.7
v -5.1 0 -4
v -5.1 0 -4.1
v -5.1 0 -5
v -5.1 0 -5.1
v -5.1 0.1 2.8
v -5.1 0.1 2.7
v -5.1 0.1 -4
v -5.1 0.1 -4.1
v -5.1 0.1 -5
v -5.1 0.1 -5.1
v -5 0 5
v -5 0 4.9
v -5 0 -2
v -5 0 -2.1
v -5 0 -3.2
v -5 0 -3.3
v -5 0.1 5
v -5 0.1 4.9
v -5 0.1 -2
v -5 0.1 -2.1
v -5 0.1 -3.2
v -5 0.1 -3.3
v -4.8 0 8.7
v -4.8 0 8.6
v -4.8 0 1.8
v -4.8 0 1.7
v -4.8 0.1 8.7
v -4.8 0.1 8.6
v -4.8 0.1 1.8
v -4.8 0.1 1.7
v -4.7 0 5.9
v -4.7 0 5.8
v -4.7 0.1 5.9
v -4.7 0.1 5.8
v -4.6 0 0
v -4.6 0 -0.1
v -4.6 0.1 0
v -4.6 0.1 -0.1
v -4.4 0 7.6
v -4.4 0 7.5
v -4.4 0.1 7.6
v -4.4 0.1 7.5
v -4.3 0 -2.8
v -4.3 0 -2.9
v -4.3 0 -6.3
v -4.3 0 -6.4
v -4.3 0 -7.4
v -4.3 0 -7.5
v -4.3 0.1 -2.8
v -4.3 0.1 -2.9
v -4.3 0.1 -6.3
v -4.3 0.1 -6.4
v -4.3 0.1 -7.4
v -4.3 0.1 -7.5
v -4.2 0 -1.2
v -4.2 0 -1.3
v -4.2 0 -5.1
v -4.2 0 -5.2
v -4.2 0 -11.5
v -4.2 0 -11.6
v -4.2 0.1 -1.2
v -4.2 0.1 -1.3
v -4.2 0.1 -5.1
v -4.2 0.1 -5.2
v -4.2 0.1 -11.5
v -4.2 0.1 -11.6
v -4.1 0 2.7
v -4.1 0 2.6
v -4.1 0.1 2.7
v -4.1 0.1 2.6
v -4 0 4.2
v -4 0 4.1
v -4 0 0.9
v -4 0 0.799999
v -4 0.1 4.2
v -4 0.1 4.1
v -4 0.1 0.9
v -4 0.1 0.799999
v -3.9 0 -2.1
v -3.9 0 -2.2
v -3.9 0 -5.4
v -3.9 0 -5.5
v -3.9 0.1 -2.1
v -3.9 0.1 -2.2
v -3.9 0.1 -5.4
v -3.9 0.1 -5.5
v -3.8 0 -4.1
v -3.8 0 -4.2
v -3.8 0.1 -4.1
v -3.8 0.1 -4.2
v -3.7 0 9.5
v -3.7 0 9.4
v -3.7 0.1 9.5
v -3.7 0.1 9.4
v -3.6 0 0
v -3.6 0 -0.1
v -3.6 0 -6.6
v -3.6 0 -6.7
v -3.6 0 -7.5
v -3.6 0 -7.6
v -3.6 0.1 0
v -3.6 0.1 -0.1
v -3.6 0.1 -6.6
v -3.6 0.1 -6.7
v -3.6 0.1 -7.5
v -3.6 0.1 -7.6
v -3.5 0 5.4
v -3.5 0 5.3
v -3.5 0 1.5
v -3.5 0 1.4
v -3.5 0.1 5.4
v -3.5 0.1 5.3
v -3.5 0.1 1.5
v -3.5 0.1 1.4
v -3.4 0 -3.3
v -3.4 0 -3.4
v -3.4 0 -9.7
v -3.4 0 -9.8
v -3.4 0.1 -3.3
v -3.4 0.1 -3.4
v -3.4 0.1 -9.7
v -3.4 0.1 -9.8
v -3.3 0 6.8
v -3.3 0 6.7
v -3.3 0 2
v -3.3 0 1.9
v -3.3 0 -2
v -3.3 0 -2.1
v -3.3 0.1 6.8
v -3.3 0.1 6.7
v -3.3 0.1 2
v -3.3 0.1 1.9
v -3.3 0.1 -2
v -3.3 0.1 -2.1
v -3.2 0 -5.7
v -3.2 0 -5.8
v -3.2 0 -8.6
v -3.2 0 -8.7
v -3.2 0.1 -5.7
v -3.2 0.1 -5.8
v -3.2 0.1 -8.6
v -3.2 0.1 -8.7
v -3.1 0 8.9
v -3.1 0 8.8
v -3.1 0 -1.1
v -3.1 0 -1.2
v -3.1 0.1 8.9
v -3.1 0.1 8.8
v -3.1 0.1 -1.1
v -3.1 0.1 -1.2
v -3 0 7.9
v -3 0 7.8
v -3 0 5.2
v -3 0 5.1
v -3 0 3.7
v -3 0 3.6
v -3 0.1 7.9
v -3 0.1 7.8
v -3 0.1 5.2
v -3 0.1 5.1
v -3 0.1 3.7
v -3 0.1 3.6
v -2.9 0 6.7
v -2.9 0 6.6
v -2.9 0 0.5
v -2.9 0 0.4
v -2.9 0 -3.6
v -2.9 0 -3.7
v -2.9 0 -4.5
v -2.9 0 -4.6
v -2.9 0.1 6.7
v -2.9 0.1 6.6
v -2.9 0.1 0.5
v -2.9 0.1 0.4
v -2.9 0.1 -3.6
v -2.9 0.1 -3.7
v -2.9 0.1 -4.5
v -2.9 0.1 -4.6
v -2.8 0 2.9
v -2.8 0 2.8
v -2.8 0.1 2.9
v -2.8 0.1 2.8
v -2.6 0 -2.2
v -2.6 0 -2.3
v -2.6 0.1 -2.2
v -2.6 0.1 -2.3
v -2.5 0 4.1
v -2.5 0 4
v -2.5 0 -3
v -2.5 0 -3.1
v -2.5 0.1 4.1
v -2.5 0.1 4
v -2.5 0.1 -3
v -2.5 0.1 -3.1
v -2.4 0 -0.700001
v -2.4 0 -0.8
v -2.4 0 -5.6
v -2.4 0 -5.7
v -2.4 0 -6.9
v -2.4 0 -7
v -2.4 0.1 -0.700001
v -2.4 0.1 -0.8
v -2.4 0.1 -5.6
v -2.4 0.1 -5.7
v -2.4 0.1 -6.9
v -2.4 0.1 -7
v -2.3 0 12
v -2.3 0 11.9
v -2.3 0 0.299999
v -2.3 0 0.2
v -2.3 0 -4.2
v -2.3 0 -4.3
v -2.3 0 -11.6
v -2.3 0 -11.7
v -2.3 0.1 12
v -2.3 0.1 11.9
v -2.3 0.1 0.299999
v -2.3 0.1 0.2
v -2.3 0.1 -4.2
v -2.3 0.1 -4.3
v -2.3 0.1 -11.6
v -2.3 0.1 -11.7
v -2.2 0 7.7
v -2.2 0 7.6
v -2.2 0 5.3
v -2.2 0 5.2
v -2.2 0 -1.7
v -2.2 0 -1.8
v -2.2 0.1 7.7
v -2.2 0.1 7.6
v -2.2 0.1 5.3
v -2.2 0.1 5.2
v -2.2 0.1 -1.7
v -2.2 0.1 -1.8
v -2.1 0 10
v -2.1 0 9.9
v -2.1 0.1 10
v -2.1 0.1 9.9
v -2 0 8.7
v -2 0 8.6
v -2 0 1.6
v -2 0 1.5
v -2 0 -7.9
v -2 0 -8
v -2 0.1 8.7
v -2 0.1 8.6
v -2 0.1 1.6
v -2 0.1 1.5
v -2 0.1 -7.9
v -2 0.1 -8
v -1.8 0 6
v -1.8 0 5.9
v -1.8 0 3.2
v -1.8 0 3.1
v -1.8 0.1 6
v -1.8 0.1 5.9
v -1.8 0.1 3.2
v -1.8 0.1 3.1
v -1.7 0 -4.2
v -1.7 0 -4.3
v -1.7 0.1 -4.2
v -1.7 0.1 -4.3
v -1.6 0 -5.5
v -1.6 0 -5.6
v -1.6 0.1 -5.5
v -1.6 0.1 -5.6
v -1.5 0 6.8
v -1.5 0 6.7
v -1.5 0 4.2
v -1.5 0 4.1
v -1.5 0 2.7
v -1.5 0 2.6
v -1.5 0 -2.3
v -1.5 0 -2.4
v -1.5 0.1 6.8
v -1.5 0.1 6.7
v -1.5 0.1 4.2
v -1.5 0.1 4.1
v -1.5 0.1 2.7
v -1.5 0.1 2.6
v -1.5 0.1 -2.3
v -1.5 0.1 -2.4
v -1.4 0 5.2
v -1.4 0 5.1
v -1.4 0 0.799999
v -1.4 0 0.7
v -1.4 0.1 5.2
v -1.4 0.1 5.1
v -1.4 0.1 0.799999
v -1.4 0.1 0.7
v -1.3 0 9.7
v -1.3 0 9.6
v -1.3 0 -1
v -1.3 0 -1.1
v -1.3 0.1 9.7
v -1.3 0.1 9.6
v -1.3 0.1 -1
v -1.3 0.1 -1.1
v -1.2 0 -3.1
v -1.2 0 -3.2
v -1.2 0.1 -3.1
v -1.2 0.1 -3.2
v -1.1 0 1.6
v -1.1 0 1.5
v -1.1 0 -0.700001
v -1.1 0 -0.8
v -1.1 0.1 1.6
v -1.1 0.1 1.5
v -1.1 0.1 -0.700001
v -1.1 0.1 -0.8
v -1 0 -2
v -1 0 -2.1
v -1 0.1 -2
v -1 0.1 -2.1
v -0.900001 0 0.4
v -0.900001 0 0.299999
v -0.900001 0 -6.9
v -0.900001 0 -7
v -0.900001 0 -8.6
v -0.900001 0 -8.7
v -0.900001 0.1 0.4
v -0.900001 0.1 0.299999
v -0.900001 0.1 -6.9
v -0.900001 0.1 -7
v -0.900001 0.1 -8.6
v -0.900001 0.1 -8.7
v -0.7 0 -4.6
v -0.7 0 -4.7
v -0.7 0.1 -4.6
v -0.7 0.1 -4.7
v -0.6 0 6
v -0.6 0 5.9
v -0.6 0 -2.4
v -0.6 0 -2.5
v -0.6 0.1 6
v -0.6 0.1 5.9
v -0.6 0.1 -2.4
v -0.6 0.1 -2.5
v -0.5 0 7.8
v -0.5 0 7.7
v -0.5 0 4.3
v -0.5 0 4.2
v -0.5 0 3.8
v -0.5 0 3.7
v -0.5 0.1 7.8
v -0.5 0.1 7.7
v -0.5 0.1 4.3
v -0.5 0.1 4.2
v -0.5 0.1 3.8
v -0.5 0.1 3.7
v -0.2 0 5.2
v -0.2 0 5.1
v -0.2 0 2.6
v -0.2 0 2.5
v -0.2 0.1 5.2
v -0.2 0.1 5.1
v -0.2 0.1 2.6
v -0.2 0.1 2.5
v -0.1 0 -2.9
v -0.1 0 -3
v -0.1 0.1 -2.9
v -0.1 0.1 -3
v 0 0 1.3
v 0 0 1.2
v 0 0 0.9
v 0 0 0.799999
v 0 0 -0.900001
v 0 0 -1
v 0 0 -4
v 0 0 -4.1
v 0 0 -4.9
v 0 0 -5
v 0 0 -6.9
v 0 0 -7
v 0 0.1 1.3
v 0 0.1 1.2
v 0 0.1 0.9
v 0 0.1 0.799999
v 0 0.1 -0.900001
v 0 0.1 -1
v 0 0.1 -4
v 0 0.1 -4.1
v 0 0.1 -4.9
v 0 0.1 -5
v 0 0.1 -6.9
v 0 0.1 -7
v 0.0999994 0 9.1
v 0.0999994 0 9
v 0.0999994 0.1 9.1
v 0.0999994 0.1 9
v 0.3 0 10.3
v 0.3 0 10.2
v 0.3 0 -5.1
v 0.3 0 -5.2
v 0.3 0.1 10.3
v 0.3 0.1 10.2
v 0.3 0.1 -5.1
v 0.3 0.1 -5.2
v 0.4 0 4.5
v 0.4 0 4.4
v 0.4 0 0.0999994
v 0.4 0 0
v 0.4 0 -8.2
v 0.4 0 -8.3
v 0.4 0.1 4.5
v 0.4 0.1 4.4
v 0.4 0.1 0.0999994
v 0.4 0.1 0
v 0.4 0.1 -8.2
v 0.4 0.1 -8.3
v 0.5 0 8
v 0.5 0 7.9
v 0.5 0 7.4
v 0.5 0 7.3
v 0.5 0.1 8
v 0.5 0.1 7.9
v 0.5 0.1 7.4
v 0.5 0.1 7.3
v 0.599999 0 6
v 0.599999 0 5.9
v 0.599999 0 1.1
v 0.599999 0 1
v 0.599999 0 -2.5
v 0.599999 0 -2.6
v 0.599999 0.1 6
v 0.599999 0.1 5.9
v 0.599999 0.1 1.1
v 0.599999 0.1 1
v 0.599999 0.1 -2.5
v 0.599999 0.1 -2.6
v 0.7 0 -1.9
v 0.7 0 -2
v 0.7 0 -4.7
v 0.7 0 -4.8
v 0.7 0.1 -1.9
v 0.7 0.1 -2
v 0.7 0.1 -4.7
v 0.7 0.1 -4.8
v 0.8 0 3.1
v 0.8 0 3
v 0.8 0 -1
v 0.8 0 -1.1
v 0.8 0 -11.5
v 0.8 0 -11.6
v 0.8 0.1 3.1
v 0.8 0.1 3
v 0.8 0.1 -1
v 0.8 0.1 -1.1
v 0.8 0.1 -11.5
v 0.8 0.1 -11.6
v 0.9 0 -5.8
v 0.9 0 -5.9
v 0.9 0 -9.1
v 0.9 0 -9.2
v 0.9 0.1 -5.8
v 0.9 0.1 -5.9
v 0.9 0.1 -9.1
v 0.9 0.1 -9.2
v 1 0 9.1
v 1 0 9
v 1 0.1 9.1
v 1 0.1 9
v 1.1 0 -3.1
v 1.1 0 -3.2
v 1.1 0.1 -3.1
v 1.1 0.1 -3.2
v 1.2 0 2.5
v 1.2 0 2.4
v 1.2 0.1 2.5
v 1.2 0.1 2.4
v 1.3 0 0.7
v 1.3 0 0.599999
v 1.3 0 -7
v 1.3 0 -7.1
v 1.3 0.1 0.7
v 1.3 0.1 0.599999
v 1.3 0.1 -7
v 1.3 0.1 -7.1
v 1.4 0 6.9
v 1.4 0 6.8
v 1.4 0 5.1
v 1.4 0 5
v 1.4 0 -4.3
v 1.4 0 -4.4
v 1.4 0.1 6.9
v 1.4 0.1 6.8
v 1.4 0.1 5.1
v 1.4 0.1 5
v 1.4 0.1 -4.3
v 1.4 0.1 -4.4
v 1.5 0 3.7
v 1.5 0 3.6
v 1.5 0 -0.5
v 1.5 0 -0.6
v 1.5 0 -1.9
v 1.5 0 -2
v 1.5 0.1 3.7
v 1.5 0.1 3.6
v 1.5 0.1 -0.5
v 1.5 0.1 -0.6
v 1.5 0.1 -1.9
v 1.5 0.1 -2
v 1.6 0 1.5
v 1.6 0 1.4
v 1.6 0.1 1.5
v 1.6 0.1 1.4
v 1.7 0 -5.1
v 1.7 0 -5.2
v 1.7 0.1 -5.1
v 1.7 0.1 -5.2
v 1.9 0 5.8
v 1.9 0 5.7
v 1.9 0 -6.4
v 1.9 0 -6.5
v 1.9 0 -7.7
v 1.9 0 -7.8
v 1.9 0.1 5.8
v 1.9 0.1 5.7
v 1.9 0.1 -6.4
v 1.9 0.1 -6.5
v 1.9 0.1 -7.7
v 1.9 0.1 -7.8
v 2 0 -3
v 2 0 -3.1
v 2 0.1 -3
v 2 0.1 -3.1
v 2.2 0 11.2
v 2.2 0 11.1
v 2.2 0 6.5
v 2.2 0 6.4
v 2.2 0 -1.2
v 2.2 0 -1.3
v 2.2 0 -5.3
v 2.2 0 -5.4
v 2.2 0.1 11.2
v 2.2 0.1 11.1
v 2.2 0.1 6.5
v 2.2 0.1 6.4
v 2.2 0.1 -1.2
v 2.2 0.1 -1.3
v 2.2 0.1 -5.3
v 2.2 0.1 -5.4
v 2.3 0 8.1
v 2.3 0 8
v 2.3 0 4.5
v 2.3 0 4.4
v 2.3 0 -10.2
v 2.3 0 -10.3
v 2.3 0.1 8.1
v 2.3 0.1 8
v 2.3 0.1 4.5
v 2.3 0.1 4.4
v 2.3 0.1 -10.2
v 2.3 0.1 -10.3
v 2.4 0 2.9
v 2.4 0 2.8
v 2.4 0 -2.2
v 2.4 0 -2.3
v 2.4 0 -3.7
v 2.4 0 -3.8
v 2.4 0 -9.4
v 2.4 0 -9.5
v 2.4 0.1 2.9
v 2.4 0.1 2.8
v 2.4 0.1 -2.2
v 2.4 0.1 -2.3
v 2.4 0.1 -3.7
v 2.4 0.1 -3.8
v 2.4 0.1 -9.4
v 2.4 0.1 -9.5
v 2.5 0 8
v 2.5 0 7.9
v 2.5 0 0
v 2.5 0 -0.1
v 2.5 0.1 8
v 2.5 0.1 7.9
v 2.5 0.1 0
v 2.5 0.1 -0.1
v 2.6 0 1.2
v 2.6 0 1.1
v 2.6 0.1 1.2
v 2.6 0.1 1.1
v 2.7 0 3.8
v 2.7 0 3.7
v 2.7 0.1 3.8
v 2.7 0.1 3.7
v 2.9 0 6.7
v 2.9 0 6.6
v 2.9 0.1 6.7
v 2.9 0.1 6.6
v 3 0 4.5
v 3 0 4.4
v 3 0 2
v 3 0 1.9
v 3 0 -1.6
v 3 0 -1.7
v 3 0.1 4.5
v 3 0.1 4.4
v 3 0.1 2
v 3 0.1 1.9
v 3 0.1 -1.6
v 3 0.1 -1.7
v 3.1 0 9.6
v 3.1 0 9.5
v 3.1 0 -4.6
v 3.1 0 -4.7
v 3.1 0 -6
v 3.1 0 -6.1
v 3.1 0.1 9.6
v 3.1 0.1 9.5
v 3.1 0.1 -4.6
v 3.1 0.1 -4.7
v 3.1 0.1 -6
v 3.1 0.1 -6.1
v 3.3 0 -2.9
v 3.3 0 -3
v 3.3 0 -3.5
v 3.3 0 -3.6
v 3.3 0 -8.4
v 3.3 0 -8.5
v 3.3 0.1 -2.9
v 3.3 0.1 -3
v 3.3 0.1 -3.5
v 3.3 0.1 -3.6
v 3.3 0.1 -8.4
v 3.3 0.1 -8.5
v 3.4 0 0.4
v 3.4 0 0.299999
v 3.4 0 -0.6
v 3.4 0 -0.700001
v 3.4 0.1 0.4
v 3.4 0.1 0.299999
v 3.4 0.1 -0.6
v 3.4 0.1 -0.700001
v 3.5 0 1.1
v 3.5 0 1
v 3.5 0.1 1.1
v 3.5 0.1 1
v 3.6 0 7.8
v 3.6 0 7.7
v 3.6 0.1 7.8
v 3.6 0.1 7.7
v 3.8 0 2.8
v 3.8 0 2.7
v 3.8 0 -7.1
v 3.8 0 -7.2
v 3.8 0.1 2.8
v 3.8 0.1 2.7
v 3.8 0.1 -7.1
v 3.8 0.1 -7.2
v 3.9 0 5.6
v 3.9 0 5.5
v 3.9 0 2.4
v 3.9 0 2.3
v 3.9 0 -1.7
v 3.9 0 -1.8
v 3.9 0 -4.4
v 3.9 0 -4.5
v 3.9 0.1 5.6
v 3.9 0.1 5.5
v 3.9 0.1 2.4
v 3.9 0.1 2.3
v 3.9 0.1 -1.7
v 3.9 0.1 -1.8
v 3.9 0.1 -4.4
v 3.9 0.1 -4.5
v 4 0 -3.1
v 4 0 -3.2
v 4 0 -5.7
v 4 0 -5.8
v 4 0.1 -3.1
v 4 0.1 -3.2
v 4 0.1 -5.7
v 4 0.1 -5.8
v 4.1 0 3.6
v 4.1 0 3.5
v 4.1 0.1 3.6
v 4.1 0.1 3.5
v 4.2 0 0
v 4.2 0 -0.1
v 4.2 0.1 0
v 4.2 0.1 -0.1
v 4.3 0 1.3
v 4.3 0 1.2
v 4.3 0.1 1.3
v 4.3 0.1 1.2
v 4.4 0 -3.9
v 4.4 0 -4
v 4.4 0 -5.6
v 4.4 0 -5.7
v 4.4 0 -10.2
v 4.4 0 -10.3
v 4.4 0.1 -3.9
v 4.4 0.1 -4
v 4.4 0.1 -5.6
v 4.4 0.1 -5.7
v 4.4 0.1 -10.2
v 4.4 0.1 -10.3
v 4.5 0 -2.5
v 4.5 0 -2.6
v 4.5 0 -4.7
v 4.5 0 -4.8
v 4.5 0.1 -2.5
v 4.5 0.1 -2.6
v 4.5 0.1 -4.7
v 4.5 0.1 -4.8
v 4.6 0 10.9
v 4.6 0 10.8
v 4.6 0 4.3
v 4.6 0 4.2
v 4.6 0.1 10.9
v 4.6 0.1 10.8
v 4.6 0.1 4.3
v 4.6 0.1 4.2
v 4.7 0 6.8
v 4.7 0 6.7
v 4.7 0 -1.8
v 4.7 0 -1.9
v 4.7 0.1 6.8
v 4.7 0.1 6.7
v 4.7 0.1 -1.8
v 4.7 0.1 -1.9
v 4.8 0 0.5
v 4.8 0 0.4
v 4.8 0 -1
v 4.8 0 -1.1
v 4.8 0 -7.5
v 4.8 0 -7.6
v 4.8 0.1 0.5
v 4.8 0.1 0.4
v 4.8 0.1 -1
v 4.8 0.1 -1.1
v 4.8 0.1 -7.5
v 4.8 0.1 -7.6
v 4.9 0 5.9
v 4.9 0 5.8
v 4.9 0 -3.4
v 4.9 0 -3.5
v 4.9 0.1 5.9
v 4.9 0.1 5.8
v 4.9 0.1 -3.4
v 4.9 0.1 -3.5
v 5 0 -12.3
v 5 0 -12.4
v 5 0.1 -12.3
v 5 0.1 -12.4
v 5.1 0 7.9
v 5.1 0 7.8
v 5.1 0.1 7.9
v 5.1 0.1 7.8
v 5.2 0 -4.5
v 5.2 0 -4.6
v 5.2 0.1 -4.5
v 5.2 0.1 -4.6
v 5.3 0 2.2
v 5.3 0 2.1
v 5.3 0.1 2.2
v 5.3 0.1 2.1
v 5.4 0 8.4
v 5.4 0 8.3
v 5.4 0 6.2
v 5.4 0 6.1
v 5.4 0.1 8.4
v 5.4 0.1 8.3
v 5.4 0.1 6.2
v 5.4 0.1 6.1
v 5.6 0 12.1
v 5.6 0 12
v 5.6 0.1 12.1
v 5.6 0.1 12
v 5.7 0 5.2
v 5.7 0 5.1
v 5.7 0.1 5.2
v 5.7 0.1 5.1
v 5.8 0 3.1
v 5.8 0 3
v 5.8 0 -0.6
v 5.8 0 -0.700001
v 5.8 0 -2.1
v 5.8 0 -2.2
v 5.8 0 -5.6
v 5.8 0 -5.7
v 5.8 0.1 3.1
v 5.8 0.1 3
v 5.8 0.1 -0.6
v 5.8 0.1 -0.700001
v 5.8 0.1 -2.1
v 5.8 0.1 -2.2
v 5.8 0.1 -5.6
v 5.8 0.1 -5.7
v 5.9 0 4.4
v 5.9 0 4.3
v 5.9 0.1 4.4
v 5.9 0.1 4.3
v 6 0 1.2
v 6 0 1.1
v 6 0.1 1.2
v 6 0.1 1.1
v 6.1 0 -2.9
v 6.1 0 -3
v 6.1 0.1 -2.9
v 6.1 0.1 -3
v 6.2 0 -10.4
v 6.2 0 -10.5
v 6.2 0.1 -10.4
v 6.2 0.1 -10.5
v 6.3 0 0.299999
v 6.3 0 0.2
v 6.3 0.1 0.299999
v 6.3 0.1 0.2
v 6.5 0 4.6
v 6.5 0 4.5
v 6.5 0.1 4.6
v 6.5 0.1 4.5
v 6.6 0 10.7
v 6.6 0 10.6
v 6.6 0 -1.6
v 6.6 0 -1.7
v 6.6 0.1 10.7
v 6.6 0.1 10.6
v 6.6 0.1 -1.6
v 6.6 0.1 -1.7
v 6.7 0 -0.400001
v 6.7 0 -0.5
v 6.7 0.1 -0.400001
v 6.7 0.1 -0.5
v 6.8 0 3.3
v 6.8 0 3.2
v 6.8 0 0.7
v 6.8 0 0.599999
v 6.8 0.1 3.3
v 6.8 0.1 3.2
v 6.8 0.1 0.7
v 6.8 0.1 0.599999
v 6.9 0 8.4
v 6.9 0 8.3
v 6.9 0 -4
v 6.9 0 -4.1
v 6.9 0.1 8.4
v 6.9 0.1 8.3
v 6.9 0.1 -4
v 6.9 0.1 -4.1
v 7 0 5.3
v 7 0 5.2
v 7 0 -7
v 7 0 -7.1
v 7 0.1 5.3
v 7 0.1 5.2
v 7 0.1 -7
v 7 0.1 -7.1
v 7.1 0 -3
v 7.1 0 -3.1
v 7.1 0.1 -3
v 7.1 0.1 -3.1
v 7.2 0 1.8
v 7.2 0 1.7
v 7.2 0.1 1.8
v 7.2 0.1 1.7
v 7.4 0 -12.2
v 7.4 0 -12.3
v 7.4 0.1 -12.2
v 7.4 0.1 -12.3
v 7.5 0 11.2
v 7.5 0 11.1
v 7.5 0 4.4
v 7.5 0 4.3
v 7.5 0.1 11.2
v 7.5 0.1 11.1
v 7.5 0.1 4.4
v 7.5 0.1 4.3
v 7.6 0 -1.1
v 7.6 0 -1.2
v 7.6 0 -4.3
v 7.6 0 -4.4
v 7.6 0.1 -1.1
v 7.6 0.1 -1.2
v 7.6 0.1 -4.3
v 7.6 0.1 -4.4
v 7.7 0 1.2
v 7.7 0 1.1
v 7.7 0.1 1.2
v 7.7 0.1 1.1
v 7.8 0 7.2
v 7.8 0 7.1
v 7.8 0 -9
v 7.8 0 -9.1
v 7.8 0.1 7.2
v 7.8 0.1 7.1
v 7.8 0.1 -9
v 7.8 0.1 -9.1
v 7.9 0 2.2
v 7.9 0 2.1
v 7.9 0.1 2.2
v 7.9 0.1 2.1
v 8 0 3.8
v 8 0 3.7
v 8 0.1 3.8
v 8 0.1 3.7
v 8.5 0 0.4
v 8.5 0 0.299999
v 8.5 0 -1.9
v 8.5 0 -2
v 8.5 0 -10.7
v 8.5 0 -10.8
v 8.5 0.1 0.4
v 8.5 0.1 0.299999
v 8.5 0.1 -1.9
v 8.5 0.1 -2
v 8.5 0.1 -10.7
v 8.5 0.1 -10.8
v 8.6 0 8.3
v 8.6 0 8.2
v 8.6 0.1 8.3
v 8.6 0.1 8.2
v 8.8 0 -5.6
v 8.8 0 -5.7
v 8.8 0.1 -5.6
v 8.8 0.1 -5.7
v 9 0 5.2
v 9 0 5.1
v 9 0.1 5.2
v 9 0.1 5.1
v 9.1 0 0.5
v 9.1 0 0.4
v 9.1 0 -8.2
v 9.1 0 -8.3
v 9.1 0.1 0.5
v 9.1 0.1 0.4
v 9.1 0.1 -8.2
v 9.1 0.1 -8.3
v 9.4 0 1
v 9.4 0 0.9
v 9.4 0.1 1
v 9.4 0.1 0.9
v 9.8 0 -2.1
v 9.8 0 -2.2
v 9.8 0.1 -2.1
v 9.8 0.1 -2.2
v 10 0 -3.9
v 10 0 -4
v 10 0.1 -3.9
v 10 0.1 -4
v 10.2 0 9.3
v 10.2 0 9.2
v 10.2 0.1 9.3
v 10.2 0.1 9.2
v 10.4 0 5.5
v 10.4 0 5.4
v 10.4 0.1 5.5
v 10.4 0.1 5.4
v 10.5 0 3.8
v 10.5 0 3.7
v 10.5 0 -7.5
v 10.5 0 -7.6
v 10.5 0.1 3.8
v 10.5 0.1 3.7
v 10.5 0.1 -7.5
v 10.5 0.1 -7.6
v 10.6 0 11.4
v 10.6 0 11.3
v 10.6 0 -2.2
v 10.6 0 -2.3
v 10.6 0 -4.9
v 10.6 0 -5
v 10.6 0 -5.6
v 10.6 0 -5.7
v 10.6 0.1 11.4
v 10.6 0.1 11.3
v 10.6 0.1 -2.2
v 10.6 0.1 -2.3
v 10.6 0.1 -4.9
v 10.6 0.1 -5
v 10.6 0.1 -5.6
v 10.6 0.1 -5.7
v 10.8 0 -11.8
v 10.8 0 -11.9
v 10.8 0.1 -11.8
v 10.8 0.1 -11.9
v 11 0 1.8
v 11 0 1.7
v 11 0.1 1.8
v 11 0.1 1.7
v 11.5 0 1.2
v 11.5 0 1.1
v 11.5 0 -2.7
v 11.5 0 -2.8
v 11.5 0.1 1.2
v 11.5 0.1 1.1
v 11.5 0.1 -2.7
v 11.5 0.1 -2.8
v 11.6 0 -1
v 11.6 0 -1.1
v 11.6 0.1 -1
v 11.6 0.1 -1.1
v 12.3 0 8.7
v 12.3 0 8.6
v 12.3 0.1 8.7
v 12.3 0.1 8.6
v -11.8 0 12.1
v -11.8 0.1 12.1
v -11.7 0 12.1
v -11.7 0.1 12.1
v 5.5 0 12.1
v 5.5 0.1 12.1
v 5.6 0 12.1
v 5.6 0.1 12.1
v -2.4 0 12
v -2.4 0.1 12
v -2.3 0 12
v -2.3 0.1 12
v 10.5 0 11.4
v 10.5 0.1 11.4
v 10.6 0 11.4
v 10.6 0.1 11.4
v 2.1 0 11.2
v 2.1 0.1 11.2
v 2.2 0 11.2
v 2.2 0.1 11.2
v 7.4 0 11.2
v 7.4 0.1 11.2
v 7.5 0 11.2
v 7.5 0.1 11.2
v 4.5 0 10.9
v 4.5 0.1 10.9
v 4.6 0 10.9
v 4.6 0.1 10.9
v -9.4 0 10.8
v -9.4 0.1 10.8
v -9.3 0 10.8
v -9.3 0.1 10.8
v 6.5 0 10.7
v 6.5 0.1 10.7
v 6.6 0 10.7
v 6.6 0.1 10.7
v 0.2 0 10.3
v 0.2 0.1 10.3
v 0.3 0 10.3
v 0.3 0.1 10.3
v -5.7 0 10
v -5.7 0.1 10
v -5.6 0 10
v -5.6 0.1 10
v -2.2 0 10
v -2.2 0.1 10
v -2.1 0 10
v -2.1 0.1 10
v -1.4 0 9.7
v -1.4 0.1 9.7
v -1.3 0 9.7
v -1.3 0.1 9.7
v 3 0 9.6
v 3 0.1 9.6
v 3.1 0 9.6
v 3.1 0.1 9.6
v -3.8 0 9.5
v -3.8 0.1 9.5
v -3.7 0 9.5
v -3.7 0.1 9.5
v -11.6 0 9.3
v -11.6 0.1 9.3
v -11.5 0 9.3
v -11.5 0.1 9.3
v 10.1 0 9.3
v 10.1 0.1 9.3
v 10.2 0 9.3
v 10.2 0.1 9.3
v -7.6 0 9.1
v -7.6 0.1 9.1
v -7.5 0 9.1
v -7.5 0.1 9.1
v 0 0 9.1
v 0 0.1 9.1
v 0.0999994 0 9.1
v 0.0999994 0.1 9.1
v 0.9 0 9.1
v 0.9 0.1 9.1
v 1 0 9.1
v 1 0.1 9.1
v -3.2 0 8.9
v -3.2 0.1 8.9
v -3.1 0 8.9
v -3.1 0.1 8.9
v -4.9 0 8.7
v -4.9 0.1 8.7
v -4.8 0 8.7
v -4.8 0.1 8.7
v -2.1 0 8.7
v -2.1 0.1 8.7
v -2 0 8.7
v -2 0.1 8.7
v 12.2 0 8.7
v 12.2 0.1 8.7
v 12.3 0 8.7
v 12.3 0.1 8.7
v -5.7 0 8.5
v -5.7 0.1 8.5
v -5.6 0 8.5
v -5.6 0.1 8.5
v 5.3 0 8.4
v 5.3 0.1 8.4
v 5.4 0 8.4
v 5.4 0.1 8.4
v 6.8 0 8.4
v 6.8 0.1 8.4
v 6.9 0 8.4
v 6.9 0.1 8.4
v 8.5 0 8.3
v 8.5 0.1 8.3
v 8.6 0 8.3
v 8.6 0.1 8.3
v 2.2 0 8.1
v 2.2 0.1 8.1
v 2.3 0 8.1
v 2.3 0.1 8.1
v -7.1 0 8
v -7.1 0.1 8
v -7 0 8
v -7 0.1 8
v 0.4 0 8
v 0.4 0.1 8
v 0.5 0 8
v 0.5 0.1 8
v 2.4 0 8
v 2.4 0.1 8
v 2.5 0 8
v 2.5 0.1 8
v -3.1 0 7.9
v -3.1 0.1 7.9
v -3 0 7.9
v -3 0.1 7.9
v 5 0 7.9
v 5 0.1 7.9
v 5.1 0 7.9
v 5.1 0.1 7.9
v -0.6 0 7.8
v -0.6 0.1 7.8
v -0.5 0 7.8
v -0.5 0.1 7.8
v 3.5 0 7.8
v 3.5 0.1 7.8
v 3.6 0 7.8
v 3.6 0.1 7.8
v -2.3 0 7.7
v -2.3 0.1 7.7
v -2.2 0 7.7
v -2.2 0.1 7.7
v -4.5 0 7.6
v -4.5 0.1 7.6
v -4.4 0 7.6
v -4.4 0.1 7.6
v -8.8 0 7.5
v -8.8 0.1 7.5
v -8.7 0 7.5
v -8.7 0.1 7.5
v -6.6 0 7.5
v -6.6 0.1 7.5
v -6.5 0 7.5
v -6.5 0.1 7.5
v -5.6 0 7.5
v -5.6 0.1 7.5
v -5.5 0 7.5
v -5.5 0.1 7.5
v 0.4 0 7.4
v 0.4 0.1 7.4
v 0.5 0 7.4
v 0.5 0.1 7.4
v 7.7 0 7.2
v 7.7 0.1 7.2
v 7.8 0 7.2
v 7.8 0.1 7.2
v 1.3 0 6.9
v 1.3 0.1 6.9
v 1.4 0 6.9
v 1.4 0.1 6.9
v -3.4 0 6.8
v -3.4 0.1 6.8
v -3.3 0 6.8
v -3.3 0.1 6.8
v -1.6 0 6.8
v -1.6 0.1 6.8
v -1.5 0 6.8
v -1.5 0.1 6.8
v 4.6 0 6.8
v 4.6 0.1 6.8
v 4.7 0 6.8
v 4.7 0.1 6.8
v -3 0 6.7
v -3 0.1 6.7
v -2.9 0 6.7
v -2.9 0.1 6.7
v 2.8 0 6.7
v 2.8 0.1 6.7
v 2.9 0 6.7
v 2.9 0.1 6.7
v 2.1 0 6.5
v 2.1 0.1 6.5
v 2.2 0 6.5
v 2.2 0.1 6.5
v -5.8 0 6.4
v -5.8 0.1 6.4
v -5.7 0 6.4
v -5.7 0.1 6.4
v 5.3 0 6.2
v 5.3 0.1 6.2
v 5.4 0 6.2
v 5.4 0.1 6.2
v -7.7 0 6.1
v -7.7 0.1 6.1
v -7.6 0 6.1
v -7.6 0.1 6.1
v -6.6 0 6
v -6.6 0.1 6
v -6.5 0 6
v -6.5 0.1 6
v -1.9 0 6
v -1.9 0.1 6
v -1.8 0 6
v -1.8 0.1 6
v -0.7 0 6
v -0.7 0.1 6
v -0.6 0 6
v -0.6 0.1 6
v 0.5 0 6
v 0.5 0.1 6
v 0.599999 0 6
v 0.599999 0.1 6
v -5.6 0 5.9
v -5.6 0.1 5.9
v -5.5 0 5.9
v -5.5 0.1 5.9
v -4.8 0 5.9
v -4.8 0.1 5.9
v -4.7 0 5.9
v -4.7 0.1 5.9
v 4.8 0 5.9
v 4.8 0.1 5.9
v 4.9 0 5.9
v 4.9 0.1 5.9
v -10.7 0 5.8
v -10.7 0.1 5.8
v -10.6 0 5.8
v -10.6 0.1 5.8
v 1.8 0 5.8
v 1.8 0.1 5.8
v 1.9 0 5.8
v 1.9 0.1 5.8
v 3.8 0 5.6
v 3.8 0.1 5.6
v 3.9 0 5.6
v 3.9 0.1 5.6
v 10.3 0 5.5
v 10.3 0.1 5.5
v 10.4 0 5.5
v 10.4 0.1 5.5
v -3.6 0 5.4
v -3.6 0.1 5.4
v -3.5 0 5.4
v -3.5 0.1 5.4
v -2.3 0 5.3
v -2.3 0.1 5.3
v -2.2 0 5.3
v -2.2 0.1 5.3
v 6.9 0 5.3
v 6.9 0.1 5.3
v 7 0 5.3
v 7 0.1 5.3
v -3.1 0 5.2
v -3.1 0.1 5.2
v -3 0 5.2
v -3 0.1 5.2
v -1.5 0 5.2
v -1.5 0.1 5.2
v -1.4 0 5.2
v -1.4 0.1 5.2
v -0.3 0 5.2
v -0.3 0.1 5.2
v -0.2 0 5.2
v -0.2 0.1 5.2
v 5.6 0 5.2
v 5.6 0.1 5.2
v 5.7 0 5.2
v 5.7 0.1 5.2
v 8.9 0 5.2
v 8.9 0.1 5.2
v 9 0 5.2
v 9 0.1 5.2
v 1.3 0 5.1
v 1.3 0.1 5.1
v 1.4 0 5.1
v 1.4 0.1 5.1
v -7 0 5
v -7 0.1 5
v -6.9 0 5
v -6.9 0.1 5
v -5.1 0 5
v -5.1 0.1 5
v -5 0 5
v -5 0.1 5
v -8.4 0 4.9
v -8.4 0.1 4.9
v -8.3 0 4.9
v -8.3 0.1 4.9
v 6.4 0 4.6
v 6.4 0.1 4.6
v 6.5 0 4.6
v 6.5 0.1 4.6
v 0.3 0 4.5
v 0.3 0.1 4.5
v 0.4 0 4.5
v 0.4 0.1 4.5
v 2.2 0 4.5
v 2.2 0.1 4.5
v 2.3 0 4.5
v 2.3 0.1 4.5
v 2.9 0 4.5
v 2.9 0.1 4.5
v 3 0 4.5
v 3 0.1 4.5
v 5.8 0 4.4
v 5.8 0.1 4.4
v 5.9 0 4.4
v 5.9 0.1 4.4
v 7.4 0 4.4
v 7.4 0.1 4.4
v 7.5 0 4.4
v 7.5 0.1 4.4
v -0.6 0 4.3
v -0.6 0.1 4.3
v -0.5 0 4.3
v -0.5 0.1 4.3
v 4.5 0 4.3
v 4.5 0.1 4.3
v 4.6 0 4.3
v 4.6 0.1 4.3
v -5.4 0 4.2
v -5.4 0.1 4.2
v -5.3 0 4.2
v -5.3 0.1 4.2
v -4.1 0 4.2
v -4.1 0.1 4.2
v -4 0 4.2
v -4 0.1 4.2
v -1.6 0 4.2
v -1.6 0.1 4.2
v -1.5 0 4.2
v -1.5 0.1 4.2
v -8.1 0 4.1
v -8.1 0.1 4.1
v -8 0 4.1
v -8 0.1 4.1
v -2.6 0 4.1
v -2.6 0.1 4.1
v -2.5 0 4.1
v -2.5 0.1 4.1
v -6.6 0 3.8
v -6.6 0.1 3.8
v -6.5 0 3.8
v -6.5 0.1 3.8
v -0.6 0 3.8
v -0.6 0.1 3.8
v -0.5 0 3.8
v -0.5 0.1 3.8
v 2.6 0 3.8
v 2.6 0.1 3.8
v 2.7 0 3.8
v 2.7 0.1 3.8
v 7.9 0 3.8
v 7.9 0.1 3.8
v 8 0 3.8
v 8 0.1 3.8
v 10.4 0 3.8
v 10.4 0.1 3.8
v 10.5 0 3.8
v 10.5 0.1 3.8
v -3.1 0 3.7
v -3.1 0.1 3.7
v -3 0 3.7
v -3 0.1 3.7
v 1.4 0 3.7
v 1.4 0.1 3.7
v 1.5 0 3.7
v 1.5 0.1 3.7
v 4 0 3.6
v 4 0.1 3.6
v 4.1 0 3.6
v 4.1 0.1 3.6
v 6.7 0 3.3
v 6.7 0.1 3.3
v 6.8 0 3.3
v 6.8 0.1 3.3
v -11.4 0 3.2
v -11.4 0.1 3.2
v -11.3 0 3.2
v -11.3 0.1 3.2
v -1.9 0 3.2
v -1.9 0.1 3.2
v -1.8 0 3.2
v -1.8 0.1 3.2
v 0.7 0 3.1
v 0.7 0.1 3.1
v 0.8 0 3.1
v 0.8 0.1 3.1
v 5.7 0 3.1
v 5.7 0.1 3.1
v 5.8 0 3.1
v 5.8 0.1 3.1
v -10.1 0 2.9
v -10.1 0.1 2.9
v -10 0 2.9
v -10 0.1 2.9
v -2.9 0 2.9
v -2.9 0.1 2.9
v -2.8 0 2.9
v -2.8 0.1 2.9
v 2.3 0 2.9
v 2.3 0.1 2.9
v 2.4 0 2.9
v 2.4 0.1 2.9
v -5.2 0 2.8
v -5.2 0.1 2.8
v -5.1 0 2.8
v -5.1 0.1 2.8
v 3.7 0 2.8
v 3.7 0.1 2.8
v 3.8 0 2.8
v 3.8 0.1 2.8
v -4.2 0 2.7
v -4.2 0.1 2.7
v -4.1 0 2.7
v -4.1 0.1 2.7
v -1.6 0 2.7
v -1.6 0.1 2.7
v -1.5 0 2.7
v -1.5 0.1 2.7
v -0.3 0 2.6
v -0.3 0.1 2.6
v -0.2 0 2.6
v -0.2 0.1 2.6
v -6.1 0 2.5
v -6.1 0.1 2.5
v -6 0 2.5
v -6 0.1 2.5
v 1.1 0 2.5
v 1.1 0.1 2.5
v 1.2 0 2.5
v 1.2 0.1 2.5
v 3.8 0 2.4
v 3.8 0.1 2.4
v 3.9 0 2.4
v 3.9 0.1 2.4
v 5.2 0 2.2
v 5.2 0.1 2.2
v 5.3 0 2.2
v 5.3 0.1 2.2
v 7.8 0 2.2
v 7.8 0.1 2.2
v 7.9 0 2.2
v 7.9 0.1 2.2
v -8.3 0 2.1
v -8.3 0.1 2.1
v -8.2 0 2.1
v -8.2 0.1 2.1
v -3.4 0 2
v -3.4 0.1 2
v -3.3 0 2
v -3.3 0.1 2
v 2.9 0 2
v 2.9 0.1 2
v 3 0 2
v 3 0.1 2
v -4.9 0 1.8
v -4.9 0.1 1.8
v -4.8 0 1.8
v -4.8 0.1 1.8
v 7.1 0 1.8
v 7.1 0.1 1.8
v 7.2 0 1.8
v 7.2 0.1 1.8
v 10.9 0 1.8
v 10.9 0.1 1.8
v 11 0 1.8
v 11 0.1 1.8
v -2.1 0 1.6
v -2.1 0.1 1.6
v -2 0 1.6
v -2 0.1 1.6
v -1.2 0 1.6
v -1.2 0.1 1.6
v -1.1 0 1.6
v -1.1 0.1 1.6
v -6.6 0 1.5
v -6.6 0.1 1.5
v -6.5 0 1.5
v -6.5 0.1 1.5
v -3.6 0 1.5
v -3.6 0.1 1.5
v -3.5 0 1.5
v -3.5 0.1 1.5
v 1.5 0 1.5
v 1.5 0.1 1.5
v 1.6 0 1.5
v 1.6 0.1 1.5
v -0.1 0 1.3
v -0.1 0.1 1.3
v 0 0 1.3
v 0 0.1 1.3
v 4.2 0 1.3
v 4.2 0.1 1.3
v 4.3 0 1.3
v 4.3 0.1 1.3
v 2.5 0 1.2
v 2.5 0.1 1.2
v 2.6 0 1.2
v 2.6 0.1 1.2
v 5.9 0 1.2
v 5.9 0.1 1.2
v 6 0 1.2
v 6 0.1 1.2
v 7.6 0 1.2
v 7.6 0.1 1.2
v 7.7 0 1.2
v 7.7 0.1 1.2
v 11.4 0 1.2
v 11.4 0.1 1.2
v 11.5 0 1.2
v 11.5 0.1 1.2
v -8.7 0 1.1
v -8.7 0.1 1.1
v -8.6 0 1.1
v -8.6 0.1 1.1
v 0.5 0 1.1
v 0.5 0.1 1.1
v 0.599999 0 1.1
v 0.599999 0.1 1.1
v 3.4 0 1.1
v 3.4 0.1 1.1
v 3.5 0 1.1
v 3.5 0.1 1.1
v 9.3 0 1
v 9.3 0.1 1
v 9.4 0 1
v 9.4 0.1 1
v -4.1 0 0.9
v -4.1 0.1 0.9
v -4 0 0.9
v -4 0.1 0.9
v -0.1 0 0.9
v -0.1 0.1 0.9
v 0 0 0.9
v 0 0.1 0.9
v -1.5 0 0.799999
v -1.5 0.1 0.799999
v -1.4 0 0.799999
v -1.4 0.1 0.799999
v -5.5 0 0.7
v -5.5 0.1 0.7
v -5.4 0 0.7
v -5.4 0.1 0.7
v 1.2 0 0.7
v 1.2 0.1 0.7
v 1.3 0 0.7
v 1.3 0.1 0.7
v 6.7 0 0.7
v 6.7 0.1 0.7
v 6.8 0 0.7
v 6.8 0.1 0.7
v -3 0 0.5
v -3 0.1 0.5
v -2.9 0 0.5
v -2.9 0.1 0.5
v 4.7 0 0.5
v 4.7 0.1 0.5
v 4.8 0 0.5
v 4.8 0.1 0.5
v 9 0 0.5
v 9 0.1 0.5
v 9.1 0 0.5
v 9.1 0.1 0.5
v -1 0 0.4
v -1 0.1 0.4
v -0.900001 0 0.4
v -0.900001 0.1 0.4
v 3.3 0 0.4
v 3.3 0.1 0.4
v 3.4 0 0.4
v 3.4 0.1 0.4
v 8.4 0 0.4
v 8.4 0.1 0.4
v 8.5 0 0.4
v 8.5 0.1 0.4
v -6.7 0 0.299999
v -6.7 0.1 0.299999
v -6.6 0 0.299999
v -6.6 0.1 0.299999
v -2.4 0 0.299999
v -2.4 0.1 0.299999
v -2.3 0 0.299999
v -2.3 0.1 0.299999
v 6.2 0 0.299999
v 6.2 0.1 0.299999
v 6.3 0 0.299999
v 6.3 0.1 0.299999
v 0.3 0 0.0999994
v 0.3 0.1 0.0999994
v 0.4 0 0.0999994
v 0.4 0.1 0.0999994
v -4.7 0 0
v -4.7 0.1 0
v -4.6 0 0
v -4.6 0.1 0
v -3.7 0 0
v -3.7 0.1 0
v -3.6 0 0
v -3.6 0.1 0
v 2.4 0 0
v 2.4 0.1 0
v 2.5 0 0
v 2.5 0.1 0
v 4.1 0 0
v 4.1 0.1 0
v 4.2 0 0
v 4.2 0.1 0
v 6.6 0 -0.400001
v 6.6 0.1 -0.400001
v 6.7 0 -0.400001
v 6.7 0.1 -0.400001
v -7 0 -0.5
v -7 0.1 -0.5
v -6.9 0 -0.5
v -6.9 0.1 -0.5
v 1.4 0 -0.5
v 1.4 0.1 -0.5
v 1.5 0 -0.5
v 1.5 0.1 -0.5
v -10.4 0 -0.6
v -10.4 0.1 -0.6
v -10.3 0 -0.6
v -10.3 0.1 -0.6
v -6.1 0 -0.6
v -6.1 0.1 -0.6
v -6 0 -0.6
v -6 0.1 -0.6
v 3.3 0 -0.6
v 3.3 0.1 -0.6
v 3.4 0 -0.6
v 3.4 0.1 -0.6
v 5.7 0 -0.6
v 5.7 0.1 -0.6
v 5.8 0 -0.6
v 5.8 0.1 -0.6
v -2.5 0 -0.700001
v -2.5 0.1 -0.700001
v -2.4 0 -0.700001
v -2.4 0.1 -0.700001
v -1.2 0 -0.700001
v -1.2 0.1 -0.700001
v -1.1 0 -0.700001
v -1.1 0.1 -0.700001
v -0.1 0 -0.900001
v -0.1 0.1 -0.900001
v 0 0 -0.900001
v 0 0.1 -0.900001
v -6.2 0 -1
v -6.2 0.1 -1
v -6.1 0 -1
v -6.1 0.1 -1
v -5.5 0 -1
v -5.5 0.1 -1
v -5.4 0 -1
v -5.4 0.1 -1
v -1.4 0 -1
v -1.4 0.1 -1
v -1.3 0 -1
v -1.3 0.1 -1
v 0.7 0 -1
v 0.7 0.1 -1
v 0.8 0 -1
v 0.8 0.1 -1
v 4.7 0 -1
v 4.7 0.1 -1
v 4.8 0 -1
v 4.8 0.1 -1
v 11.5 0 -1
v 11.5 0.1 -1
v 11.6 0 -1
v 11.6 0.1 -1
v -3.2 0 -1.1
v -3.2 0.1 -1.1
v -3.1 0 -1.1
v -3.1 0.1 -1.1
v 7.5 0 -1.1
v 7.5 0.1 -1.1
v 7.6 0 -1.1
v 7.6 0.1 -1.1
v -4.3 0 -1.2
v -4.3 0.1 -1.2
v -4.2 0 -1.2
v -4.2 0.1 -1.2
v 2.1 0 -1.2
v 2.1 0.1 -1.2
v 2.2 0 -1.2
v 2.2 0.1 -1.2
v -12.5 0 -1.6
v -12.5 0.1 -1.6
v -12.4 0 -1.6
v -12.4 0.1 -1.6
v 2.9 0 -1.6
v 2.9 0.1 -1.6
v 3 0 -1.6
v 3 0.1 -1.6
v 6.5 0 -1.6
v 6.5 0.1 -1.6
v 6.6 0 -1.6
v 6.6 0.1 -1.6
v -2.3 0 -1.7
v -2.3 0.1 -1.7
v -2.2 0 -1.7
v -2.2 0.1 -1.7
v 3.8 0 -1.7
v 3.8 0.1 -1.7
v 3.9 0 -1.7
v 3.9 0.1 -1.7
v 4.6 0 -1.8
v 4.6 0.1 -1.8
v 4.7 0 -1.8
v 4.7 0.1 -1.8
v 0.599999 0 -1.9
v 0.599999 0.1 -1.9
v 0.7 0 -1.9
v 0.7 0.1 -1.9
v 1.4 0 -1.9
v 1.4 0.1 -1.9
v 1.5 0 -1.9
v 1.5 0.1 -1.9
v 8.4 0 -1.9
v 8.4 0.1 -1.9
v 8.5 0 -1.9
v 8.5 0.1 -1.9
v -5.1 0 -2
v -5.1 0.1 -2
v -5 0 -2
v -5 0.1 -2
v -3.4 0 -2
v -3.4 0.1 -2
v -3.3 0 -2
v -3.3 0.1 -2
v -1.1 0 -2
v -1.1 0.1 -2
v -1 0 -2
v -1 0.1 -2
v -4 0 -2.1
v -4 0.1 -2.1
v -3.9 0 -2.1
v -3.9 0.1 -2.1
v 5.7 0 -2.1
v 5.7 0.1 -2.1
v 5.8 0 -2.1
v 5.8 0.1 -2.1
v 9.7 0 -2.1
v 9.7 0.1 -2.1
v 9.8 0 -2.1
v 9.8 0.1 -2.1
v -2.7 0 -2.2
v -2.7 0.1 -2.2
v -2.6 0 -2.2
v -2.6 0.1 -2.2
v 2.3 0 -2.2
v 2.3 0.1 -2.2
v 2.4 0 -2.2
v 2.4 0.1 -2.2
v 10.5 0 -2.2
v 10.5 0.1 -2.2
v 10.6 0 -2.2
v 10.6 0.1 -2.2
v -8.7 0 -2.3
v -8.7 0.1 -2.3
v -8.6 0 -2.3
v -8.6 0.1 -2.3
v -1.6 0 -2.3
v -1.6 0.1 -2.3
v -1.5 0 -2.3
v -1.5 0.1 -2.3
v -6 0 -2.4
v -6 0.1 -2.4
v -5.9 0 -2.4
v -5.9 0.1 -2.4
v -0.7 0 -2.4
v -0.7 0.1 -2.4
v -0.6 0 -2.4
v -0.6 0.1 -2.4
v 0.5 0 -2.5
v 0.5 0.1 -2.5
v 0.599999 0 -2.5
v 0.599999 0.1 -2.5
v 4.4 0 -2.5
v 4.4 0.1 -2.5
v 4.5 0 -2.5
v 4.5 0.1 -2.5
v -7.5 0 -2.6
v -7.5 0.1 -2.6
v -7.4 0 -2.6
v -7.4 0.1 -2.6
v 11.4 0 -2.7
v 11.4 0.1 -2.7
v 11.5 0 -2.7
v 11.5 0.1 -2.7
v -4.4 0 -2.8
v -4.4 0.1 -2.8
v -4.3 0 -2.8
v -4.3 0.1 -2.8
v -0.2 0 -2.9
v -0.2 0.1 -2.9
v -0.1 0 -2.9
v -0.1 0.1 -2.9
v 3.2 0 -2.9
v 3.2 0.1 -2.9
v 3.3 0 -2.9
v 3.3 0.1 -2.9
v 6 0 -2.9
v 6 0.1 -2.9
v 6.1 0 -2.9
v 6.1 0.1 -2.9
v -2.6 0 -3
v -2.6 0.1 -3
v -2.5 0 -3
v -2.5 0.1 -3
v 1.9 0 -3
v 1.9 0.1 -3
v 2 0 -3
v 2 0.1 -3
v 7 0 -3
v 7 0.1 -3
v 7.1 0 -3
v 7.1 0.1 -3
v -1.3 0 -3.1
v -1.3 0.1 -3.1
v -1.2 0 -3.1
v -1.2 0.1 -3.1
v 1 0 -3.1
v 1 0.1 -3.1
v 1.1 0 -3.1
v 1.1 0.1 -3.1
v 3.9 0 -3.1
v 3.9 0.1 -3.1
v 4 0 -3.1
v 4 0.1 -3.1
v -6.2 0 -3.2
v -6.2 0.1 -3.2
v -6.1 0 -3.2
v -6.1 0.1 -3.2
v -5.1 0 -3.2
v -5.1 0.1 -3.2
v -5 0 -3.2
v -5 0.1 -3.2
v -3.5 0 -3.3
v -3.5 0.1 -3.3
v -3.4 0 -3.3
v -3.4 0.1 -3.3
v 4.8 0 -3.4
v 4.8 0.1 -3.4
v 4.9 0 -3.4
v 4.9 0.1 -3.4
v 3.2 0 -3.5
v 3.2 0.1 -3.5
v 3.3 0 -3.5
v 3.3 0.1 -3.5
v -3 0 -3.6
v -3 0.1 -3.6
v -2.9 0 -3.6
v -2.9 0.1 -3.6
v 2.3 0 -3.7
v 2.3 0.1 -3.7
v 2.4 0 -3.7
v 2.4 0.1 -3.7
v -7 0 -3.8
v -7 0.1 -3.8
v -6.9 0 -3.8
v -6.9 0.1 -3.8
v 4.3 0 -3.9
v 4.3 0.1 -3.9
v 4.4 0 -3.9
v 4.4 0.1 -3.9
v 9.9 0 -3.9
v 9.9 0.1 -3.9
v 10 0 -3.9
v 10 0.1 -3.9
v -5.6 0 -4
v -5.6 0.1 -4
v -5.5 0 -4
v -5.5 0.1 -4
v -5.2 0 -4
v -5.2 0.1 -4
v -5.1 0 -4
v -5.1 0.1 -4
v -0.1 0 -4
v -0.1 0.1 -4
v 0 0 -4
v 0 0.1 -4
v 6.8 0 -4
v 6.8 0.1 -4
v 6.9 0 -4
v 6.9 0.1 -4
v -3.9 0 -4.1
v -3.9 0.1 -4.1
v -3.8 0 -4.1
v -3.8 0.1 -4.1
v -2.4 0 -4.2
v -2.4 0.1 -4.2
v -2.3 0 -4.2
v -2.3 0.1 -4.2
v -1.8 0 -4.2
v -1.8 0.1 -4.2
v -1.7 0 -4.2
v -1.7 0.1 -4.2
v 1.3 0 -4.3
v 1.3 0.1 -4.3
v 1.4 0 -4.3
v 1.4 0.1 -4.3
v 7.5 0 -4.3
v 7.5 0.1 -4.3
v 7.6 0 -4.3
v 7.6 0.1 -4.3
v 3.8 0 -4.4
v 3.8 0.1 -4.4
v 3.9 0 -4.4
v 3.9 0.1 -4.4
v -3 0 -4.5
v -3 0.1 -4.5
v -2.9 0 -4.5
v -2.9 0.1 -4.5
v 5.1 0 -4.5
v 5.1 0.1 -4.5
v 5.2 0 -4.5
v 5.2 0.1 -4.5
v -8.1 0 -4.6
v -8.1 0.1 -4.6
v -8 0 -4.6
v -8 0.1 -4.6
v -0.8 0 -4.6
v -0.8 0.1 -4.6
v -0.7 0 -4.6
v -0.7 0.1 -4.6
v 3 0 -4.6
v 3 0.1 -4.6
v 3.1 0 -4.6
v 3.1 0.1 -4.6
v 0.599999 0 -4.7
v 0.599999 0.1 -4.7
v 0.7 0 -4.7
v 0.7 0.1 -4.7
v 4.4 0 -4.7
v 4.4 0.1 -4.7
v 4.5 0 -4.7
v 4.5 0.1 -4.7
v -5.4 0 -4.8
v -5.4 0.1 -4.8
v -5.3 0 -4.8
v -5.3 0.1 -4.8
v -0.1 0 -4.9
v -0.1 0.1 -4.9
v 0 0 -4.9
v 0 0.1 -4.9
v 10.5 0 -4.9
v 10.5 0.1 -4.9
v 10.6 0 -4.9
v 10.6 0.1 -4.9
v -10.7 0 -5
v -10.7 0.1 -5
v -10.6 0 -5
v -10.6 0.1 -5
v -5.2 0 -5
v -5.2 0.1 -5
v -5.1 0 -5
v -5.1 0.1 -5
v -4.3 0 -5.1
v -4.3 0.1 -5.1
v -4.2 0 -5.1
v -4.2 0.1 -5.1
v 0.2 0 -5.1
v 0.2 0.1 -5.1
v 0.3 0 -5.1
v 0.3 0.1 -5.1
v 1.6 0 -5.1
v 1.6 0.1 -5.1
v 1.7 0 -5.1
v 1.7 0.1 -5.1
v 2.1 0 -5.3
v 2.1 0.1 -5.3
v 2.2 0 -5.3
v 2.2 0.1 -5.3
v -4 0 -5.4
v -4 0.1 -5.4
v -3.9 0 -5.4
v -3.9 0.1 -5.4
v -7.6 0 -5.5
v -7.6 0.1 -5.5
v -7.5 0 -5.5
v -7.5 0.1 -5.5
v -1.7 0 -5.5
v -1.7 0.1 -5.5
v -1.6 0 -5.5
v -1.6 0.1 -5.5
v -2.5 0 -5.6
v -2.5 0.1 -5.6
v -2.4 0 -5.6
v -2.4 0.1 -5.6
v 4.3 0 -5.6
v 4.3 0.1 -5.6
v 4.4 0 -5.6
v 4.4 0.1 -5.6
v 5.7 0 -5.6
v 5.7 0.1 -5.6
v 5.8 0 -5.6
v 5.8 0.1 -5.6
v 8.7 0 -5.6
v 8.7 0.1 -5.6
v 8.8 0 -5.6
v 8.8 0.1 -5.6
v 10.5 0 -5.6
v 10.5 0.1 -5.6
v 10.6 0 -5.6
v 10.6 0.1 -5.6
v -8.9 0 -5.7
v -8.9 0.1 -5.7
v -8.8 0 -5.7
v -8.8 0.1 -5.7
v -6.3 0 -5.7
v -6.3 0.1 -5.7
v -6.2 0 -5.7
v -6.2 0.1 -5.7
v -3.3 0 -5.7
v -3.3 0.1 -5.7
v -3.2 0 -5.7
v -3.2 0.1 -5.7
v 3.9 0 -5.7
v 3.9 0.1 -5.7
v 4 0 -5.7
v 4 0.1 -5.7
v 0.8 0 -5.8
v 0.8 0.1 -5.8
v 0.9 0 -5.8
v 0.9 0.1 -5.8
v 3 0 -6
v 3 0.1 -6
v 3.1 0 -6
v 3.1 0.1 -6
v -4.4 0 -6.3
v -4.4 0.1 -6.3
v -4.3 0 -6.3
v -4.3 0.1 -6.3
v 1.8 0 -6.4
v 1.8 0.1 -6.4
v 1.9 0 -6.4
v 1.9 0.1 -6.4
v -3.7 0 -6.6
v -3.7 0.1 -6.6
v -3.6 0 -6.6
v -3.6 0.1 -6.6
v -10 0 -6.8
v -10 0.1 -6.8
v -9.9 0 -6.8
v -9.9 0.1 -6.8
v -5.3 0 -6.8
v -5.3 0.1 -6.8
v -5.2 0 -6.8
v -5.2 0.1 -6.8
v -2.5 0 -6.9
v -2.5 0.1 -6.9
v -2.4 0 -6.9
v -2.4 0.1 -6.9
v -1 0 -6.9
v -1 0.1 -6.9
v -0.900001 0 -6.9
v -0.900001 0.1 -6.9
v -0.1 0 -6.9
v -0.1 0.1 -6.9
v 0 0 -6.9
v 0 0.1 -6.9
v 1.2 0 -7
v 1.2 0.1 -7
v 1.3 0 -7
v 1.3 0.1 -7
v 6.9 0 -7
v 6.9 0.1 -7
v 7 0 -7
v 7 0.1 -7
v 3.7 0 -7.1
v 3.7 0.1 -7.1
v 3.8 0 -7.1
v 3.8 0.1 -7.1
v -7.7 0 -7.3
v -7.7 0.1 -7.3
v -7.6 0 -7.3
v -7.6 0.1 -7.3
v -4.4 0 -7.4
v -4.4 0.1 -7.4
v -4.3 0 -7.4
v -4.3 0.1 -7.4
v -3.7 0 -7.5
v -3.7 0.1 -7.5
v -3.6 0 -7.5
v -3.6 0.1 -7.5
v 4.7 0 -7.5
v 4.7 0.1 -7.5
v 4.8 0 -7.5
v 4.8 0.1 -7.5
v 10.4 0 -7.5
v 10.4 0.1 -7.5
v 10.5 0 -7.5
v 10.5 0.1 -7.5
v -5.7 0 -7.6
v -5.7 0.1 -7.6
v -5.6 0 -7.6
v -5.6 0.1 -7.6
v 1.8 0 -7.7
v 1.8 0.1 -7.7
v 1.9 0 -7.7
v 1.9 0.1 -7.7
v -2.1 0 -7.9
v -2.1 0.1 -7.9
v -2 0 -7.9
v -2 0.1 -7.9
v 0.3 0 -8.2
v 0.3 0.1 -8.2
v 0.4 0 -8.2
v 0.4 0.1 -8.2
v 9 0 -8.2
v 9 0.1 -8.2
v 9.1 0 -8.2
v 9.1 0.1 -8.2
v -8 0 -8.4
v -8 0.1 -8.4
v -7.9 0 -8.4
v -7.9 0.1 -8.4
v 3.2 0 -8.4
v 3.2 0.1 -8.4
v 3.3 0 -8.4
v 3.3 0.1 -8.4
v -9.2 0 -8.6
v -9.2 0.1 -8.6
v -9.1 0 -8.6
v -9.1 0.1 -8.6
v -3.3 0 -8.6
v -3.3 0.1 -8.6
v -3.2 0 -8.6
v -3.2 0.1 -8.6
v -1 0 -8.6
v -1 0.1 -8.6
v -0.900001 0 -8.6
v -0.900001 0.1 -8.6
v -5.9 0 -9
v -5.9 0.1 -9
v -5.8 0 -9
v -5.8 0.1 -9
v 7.7 0 -9
v 7.7 0.1 -9
v 7.8 0 -9
v 7.8 0.1 -9
v 0.8 0 -9.1
v 0.8 0.1 -9.1
v 0.9 0 -9.1
v 0.9 0.1 -9.1
v -11.8 0 -9.4
v -11.8 0.1 -9.4
v -11.7 0 -9.4
v -11.7 0.1 -9.4
v 2.3 0 -9.4
v 2.3 0.1 -9.4
v 2.4 0 -9.4
v 2.4 0.1 -9.4
v -3.5 0 -9.7
v -3.5 0.1 -9.7
v -3.4 0 -9.7
v -3.4 0.1 -9.7
v -6.6 0 -10
v -6.6 0.1 -10
v -6.5 0 -10
v -6.5 0.1 -10
v 2.2 0 -10.2
v 2.2 0.1 -10.2
v 2.3 0 -10.2
v 2.3 0.1 -10.2
v 4.3 0 -10.2
v 4.3 0.1 -10.2
v 4.4 0 -10.2
v 4.4 0.1 -10.2
v 6.1 0 -10.4
v 6.1 0.1 -10.4
v 6.2 0 -10.4
v 6.2 0.1 -10.4
v 8.4 0 -10.7
v 8.4 0.1 -10.7
v 8.5 0 -10.7
v 8.5 0.1 -10.7
v -4.3 0 -11.5
v -4.3 0.1 -11.5
v -4.2 0 -11.5
v -4.2 0.1 -11.5
v 0.7 0 -11.5
v 0.7 0.1 -11.5
v 0.8 0 -11.5
v 0.8 0.1 -11.5
v -2.4 0 -11.6
v -2.4 0.1 -11.6
v -2.3 0 -11.6
v -2.3 0.1 -11.6
v -7.9 0 -11.8
v -7.9 0.1 -11.8
v -7.8 0 -11.8
v -7.8 0.1 -11.8
v 10.7 0 -11.8
v 10.7 0.1 -11.8
v 10.8 0 -11.8
v 10.8 0.1 -11.8
v -11.1 0 -11.9
v -11.1 0.1 -11.9
v -11 0 -11.9
v -11 0.1 -11.9
v 7.3 0 -12.2
v 7.3 0.1 -12.2
v 7.4 0 -12.2
v 7.4 0.1 -12.2
v 4.9 0 -12.3
v 4.9 0.1 -12.3
v 5 0 -12.3
v 5 0.1 -12.3
v -11.8 0 12
v -11.8 0.1 12
v -11.7 0 12
v -11.7 0.1 12
v 5.5 0 12
v 5.5 0.1 12
v 5.6 0 12
v 5.6 0.1 12
v -2.4 0 11.9
v -2.4 0.1 11.9
v -2.3 0 11.9
v -2.3 0.1 11.9
v 10.5 0 11.3
v 10.5 0.1 11.3
v 10.6 0 11.3
v 10.6 0.1 11.3
v 2.1 0 11.1
v 2.1 0.1 11.1
v 2.2 0 11.1
v 2.2 0.1 11.1
v 7.4 0 11.1
v 7.4 0.1 11.1
v 7.5 0 11.1
v 7.5 0.1 11.1
v 4.5 0 10.8
v 4.5 0.1 10.8
v 4.6 0 10.8
v 4.6 0.1 10.8
v -9.4 0 10.7
v -9.4 0.1 10.7
v -9.3 0 10.7
v -9.3 0.1 10.7
v 6.5 0 10.6
v 6.5 0.1 10.6
v 6.6 0 10.6
v 6.6 0.1 10.6
v 0.2 0 10.2
v 0.2 0.1 10.2
v 0.3 0 10.2
v 0.3 0.1 10.2
v -5.7 0 9.9
v -5.7 0.1 9.9
v -5.6 0 9.9
v -5.6 0.1 9.9
v -2.2 0 9.9
v -2.2 0.1 9.9
v -2.1 0 9.9
v -2.1 0.1 9.9
v -1.4 0 9.6
v -1.4 0.1 9.6
v -1.3 0 9.6
v -1.3 0.1 9.6
v 3 0 9.5
v 3 0.1 9.5
v 3.1 0 9.5
v 3.1 0.1 9.5
v -3.8 0 9.4
v -3.8 0.1 9.4
v -3.7 0 9.4
v -3.7 0.1 9.4
v -11.6 0 9.2
v -11.6 0.1 9.2
v -11.5 0 9.2
v -11.5 0.1 9.2
v 10.1 0 9.2
v 10.1 0.1 9.2
v 10.2 0 9.2
v 10.2 0.1 9.2
v -7.6 0 9
v -7.6 0.1 9
v -7.5 0 9
v -7.5 0.1 9
v 0 0 9
v 0 0.1 9
v 0.0999994 0 9
v 0.0999994 0.1 9
v 0.9 0 9
v 0.9 0.1 9
v 1 0 9
v 1 0.1 9
v -3.2 0 8.8
v -3.2 0.1 8.8
v -3.1 0 8.8
v -3.1 0.1 8.8
v -4.9 0 8.6
v -4.9 0.1 8.6
v -4.8 0 8.6
v -4.8 0.1 8.6
v -2.1 0 8.6
v -2.1 0.1 8.6
v -2 0 8.6
v -2 0.1 8.6
v 12.2 0 8.6
v 12.2 0.1 8.6
v 12.3 0 8.6
v 12.3 0.1 8.6
v -5.7 0 8.4
v -5.7 0.1 8.4
v -5.6 0 8.4
v -5.6 0.1 8.4
v 5.3 0 8.3
v 5.3 0.1 8.3
v 5.4 0 8.3
v 5.4 0.1 8.3
v 6.8 0 8.3
v 6.8 0.1 8.3
v 6.9 0 8.3
v 6.9 0.1 8.3
v 8.5 0 8.2
v 8.5 0.1 8.2
v 8.6 0 8.2
v 8.6 0.1 8.2
v 2.2 0 8
v 2.2 0.1 8
v 2.3 0 8
v 2.3 0.1 8
v -7.1 0 7.9
v -7.1 0.1 7.9
v -7 0 7.9
v -7 0.1 7.9
v 0.4 0 7.9
v 0.4 0.1 7.9
v 0.5 0 7.9
v 0.5 0.1 7.9
v 2.4 0 7.9
v 2.4 0.1 7.9
v 2.5 0 7.9
v 2.5 0.1 7.9
v -3.1 0 7.8
v -3.1 0.1 7.8
v -3 0 7.8
v -3 0.1 7.8
v 5 0 7.8
v 5 0.1 7.8
v 5.1 0 7.8
v 5.1 0.1 7.8
v -0.6 0 7.7
v -0.6 0.1 7.7
v -0.5 0 7.7
v -0.5 0.1 7.7
v 3.5 0 7.7
v 3.5 0.1 7.7
v 3.6 0 7.7
v 3.6 0.1 7.7
v -2.3 0 7.6
v -2.3 0.1 7.6
v -2.2 0 7.6
v -2.2 0.1 7.6
v -4.5 0 7.5
v -4.5 0.1 7.5
v -4.4 0 7.5
v -4.4 0.1 7.5
v -8.8 0 7.4
v -8.8 0.1 7.4
v -8.7 0 7.4
v -8.7 0.1 7.4
v -6.6 0 7.4
v -6.6 0.1 7.4
v -6.5 0 7.4
v -6.5 0.1 7.4
v -5.6 0 7.4
v -5.6 0.1 7.4
v -5.5 0 7.4
v -5.5 0.1 7.4
v 0.4 0 7.3
v 0.4 0.1 7.3
v 0.5 0 7.3
v 0.5 0.1 7.3
v 7.7 0 7.1
v 7.7 0.1 7.1
v 7.8 0 7.1
v 7.8 0.1 7.1
v 1.3 0 6.8
v 1.3 0.1 6.8
v 1.4 0 6.8
v 1.4 0.1 6.8
v -3.4 0 6.7
v -3.4 0.1 6.7
v -3.3 0 6.7
v -3.3 0.1 6.7
v -1.6 0 6.7
v -1.6 0.1 6.7
v -1.5 0 6.7
v -1.5 0.1 6.7
v 4.6 0 6.7
v 4.6 0.1 6.7
v 4.7 0 6.7
v 4.7 0.1 6.7
v -3 0 6.6
v -3 0.1 6.6
v -2.9 0 6.6
v -2.9 0.1 6.6
v 2.8 0 6.6
v 2.8 0.1 6.6
v 2.9 0 6.6
v 2.9 0.1 6.6
v 2.1 0 6.4
v 2.1 0.1 6.4
v 2.2 0 6.4
v 2.2 0.1 6.4
v -5.8 0 6.3
v -5.8 0.1 6.3
v -5.7 0 6.3
v -5.7 0.1 6.3
v 5.3 0 6.1
v 5.3 0.1 6.1
v 5.4 0 6.1
v 5.4 0.1 6.1
v -7.7 0 6
v -7.7 0.1 6
v -7.6 0 6
v -7.6 0.1 6
v -6.6 0 5.9
v -6.6 0.1 5.9
v -6.5 0 5.9
v -6.5 0.1 5.9
v -1.9 0 5.9
v -1.9 0.1 5.9
v -1.8 0 5.9
v -1.8 0.1 5.9
v -0.7 0 5.9
v -0.7 0.1 5.9
v -0.6 0 5.9
v -0.6 0.1 5.9
v 0.5 0 5.9
v 0.5 0.1 5.9
v 0.599999 0 5.9
v 0.599999 0.1 5.9
v -5.6 0 5.8
v -5.6 0.1 5.8
v -5.5 0 5.8
v -5.5 0.1 5.8
v -4.8 0 5.8
v -4.8 0.1 5.8
v -4.7 0 5.8
v -4.7 0.1 5.8
v 4.8 0 5.8
v 4.8 0.1 5.8
v 4.9 0 5.8
v 4.9 0.1 5.8
v 1.8 0 5.7
v 1.8 0.1 5.7
v 1.9 0 5.7
v 1.9 0.1 5.7
v -10.7 0 5.6
v -10.7 0.1 5.6
v -10.6 0 5.6
v -10.6 0.1 5.6
v 3.8 0 5.5
v 3.8 0.1 5.5
v 3.9 0 5.5
v 3.9 0.1 5.5
v 10.3 0 5.4
v 10.3 0.1 5.4
v 10.4 0 5.4
v 10.4 0.1 5.4
v -3.6 0 5.3
v -3.6 0.1 5.3
v -3.5 0 5.3
v -3.5 0.1 5.3
v -2.3 0 5.2
v -2.3 0.1 5.2
v -2.2 0 5.2
v -2.2 0.1 5.2
v 6.9 0 5.2
v 6.9 0.1 5.2
v 7 0 5.2
v 7 0.1 5.2
v -3.1 0 5.1
v -3.1 0.1 5.1
v -3 0 5.1
v -3 0.1 5.1
v -1.5 0 5.1
v -1.5 0.1 5.1
v -1.4 0 5.1
v -1.4 0.1 5.1
v -0.3 0 5.1
v -0.3 0.1 5.1
v -0.2 0 5.1
v -0.2 0.1 5.1
v 5.6 0 5.1
v 5.6 0.1 5.1
v 5.7 0 5.1
v 5.7 0.1 5.1
v 8.9 0 5.1
v 8.9 0.1 5.1
v 9 0 5.1
v 9 0.1 5.1
v 1.3 0 5
v 1.3 0.1 5
v 1.4 0 5
v 1.4 0.1 5
v -7 0 4.9
v -7 0.1 4.9
v -6.9 0 4.9
v -6.9 0.1 4.9
v -5.1 0 4.9
v -5.1 0.1 4.9
v -5 0 4.9
v -5 0.1 4.9
v -8.4 0 4.8
v -8.4 0.1 4.8
v -8.3 0 4.8
v -8.3 0.1 4.8
v 6.4 0 4.5
v 6.4 0.1 4.5
v 6.5 0 4.5
v 6.5 0.1 4.5
v 0.3 0 4.4
v 0.3 0.1 4.4
v 0.4 0 4.4
v 0.4 0.1 4.4
v 2.2 0 4.4
v 2.2 0.1 4.4
v 2.3 0 4.4
v 2.3 0.1 4.4
v 2.9 0 4.4
v 2.9 0.1 4.4
v 3 0 4.4
v 3 0.1 4.4
v 5.8 0 4.3
v 5.8 0.1 4.3
v 5.9 0 4.3
v 5.9 0.1 4.3
v 7.4 0 4.3
v 7.4 0.1 4.3
v 7.5 0 4.3
v 7.5 0.1 4.3
v -0.6 0 4.2
v -0.6 0.1 4.2
v -0.5 0 4.2
v -0.5 0.1 4.2
v 4.5 0 4.2
v 4.5 0.1 4.2
v 4.6 0 4.2
v 4.6 0.1 4.2
v -5.4 0 4.1
v -5.4 0.1 4.1
v -5.3 0 4.1
v -5.3 0.1 4.1
v -4.1 0 4.1
v -4.1 0.1 4.1
v -4 0 4.1
v -4 0.1 4.1
v -1.6 0 4.1
v -1.6 0.1 4.1
v -1.5 0 4.1
v -1.5 0.1 4.1
v -8.1 0 4
v -8.1 0.1 4
v -8 0 4
v -8 0.1 4
v -2.6 0 4
v -2.6 0.1 4
v -2.5 0 4
v -2.5 0.1 4
v -6.6 0 3.7
v -6.6 0.1 3.7
v -6.5 0 3.7
v -6.5 0.1 3.7
v -0.6 0 3.7
v -0.6 0.1 3.7
v -0.5 0 3.7
v -0.5 0.1 3.7
v 2.6 0 3.7
v 2.6 0.1 3.7
v 2.7 0 3.7
v 2.7 0.1 3.7
v 7.9 0 3.7
v 7.9 0.1 3.7
v 8 0 3.7
v 8 0.1 3.7
v 10.4 0 3.7
v 10.4 0.1 3.7
v 10.5 0 3.7
v 10.5 0.1 3.7
v -3.1 0 3.6
v -3.1 0.1 3.6
v -3 0 3.6
v -3 0.1 3.6
v 1.4 0 3.6
v 1.4 0.1 3.6
v 1.5 0 3.6
v 1.5 0.1 3.6
v 4 0 3.5
v 4 0.1 3.5
v 4.1 0 3.5
v 4.1 0.1 3.5
v 6.7 0 3.2
v 6.7 0.1 3.2
v 6.8 0 3.2
v 6.8 0.1 3.2
v -11.4 0 3.1
v -11.4 0.1 3.1
v -11.3 0 3.1
v -11.3 0.1 3.1
v -1.9 0 3.1
v -1.9 0.1 3.1
v -1.8 0 3.1
v -1.8 0.1 3.1
v 0.7 0 3
v 0.7 0.1 3
v 0.8 0 3
v 0.8 0.1 3
v 5.7 0 3
v 5.7 0.1 3
v 5.8 0 3
v 5.8 0.1 3
v -10.1 0 2.8
v -10.1 0.1 2.8
v -10 0 2.8
v -10 0.1 2.8
v -2.9 0 2.8
v -2.9 0.1 2.8
v -2.8 0 2.8
v -2.8 0.1 2.8
v 2.3 0 2.8
v 2.3 0.1 2.8
v 2.4 0 2.8
v 2.4 0.1 2.8
v -5.2 0 2.7
v -5.2 0.1 2.7
v -5.1 0 2.7
v -5.1 0.1 2.7
v 3.7 0 2.7
v 3.7 0.1 2.7
v 3.8 0 2.7
v 3.8 0.1 2.7
v -4.2 0 2.6
v -4.2 0.1 2.6
v -4.1 0 2.6
v -4.1 0.1 2.6
v -1.6 0 2.6
v -1.6 0.1 2.6
v -1.5 0 2.6
v -1.5 0.1 2.6
v -0.3 0 2.5
v -0.3 0.1 2.5
v -0.2 0 2.5
v -0.2 0.1 2.5
v -6.1 0 2.4
v -6.1 0.1 2.4
v -6 0 2.4
v -6 0.1 2.4
v 1.1 0 2.4
v 1.1 0.1 2.4
v 1.2 0 2.4
v 1.2 0.1 2.4
v 3.8 0 2.3
v 3.8 0.1 2.3
v 3.9 0 2.3
v 3.9 0.1 2.3
v 5.2 0 2.1
v 5.2 0.1 2.1
v 5.3 0 2.1
v 5.3 0.1 2.1
v 7.8 0 2.1
v 7.8 0.1 2.1
v 7.9 0 2.1
v 7.9 0.1 2.1
v -8.3 0 2
v -8.3 0.1 2
v -8.2 0 2
v -8.2 0.1 2
v -3.4 0 1.9
v -3.4 0.1 1.9
v -3.3 0 1.9
v -3.3 0.1 1.9
v 2.9 0 1.9
v 2.9 0.1 1.9
v 3 0 1.9
v 3 0.1 1.9
v -4.9 0 1.7
v -4.9 0.1 1.7
v -4.8 0 1.7
v -4.8 0.1 1.7
v 7.1 0 1.7
v 7.1 0.1 1.7
v 7.2 0 1.7
v 7.2 0.1 1.7
v 10.9 0 1.7
v 10.9 0.1 1.7
v 11 0 1.7
v 11 0.1 1.7
v -2.1 0 1.5
v -2.1 0.1 1.5
v -2 0 1.5
v -2 0.1 1.5
v -1.2 0 1.5
v -1.2 0.1 1.5
v -1.1 0 1.5
v -1.1 0.1 1.5
v -6.6 0 1.4
v -6.6 0.1 1.4
v -6.5 0 1.4
v -6.5 0.1 1.4
v -3.6 0 1.4
v -3.6 0.1 1.4
v -3.5 0 1.4
v -3.5 0.1 1.4
v 1.5 0 1.4
v 1.5 0.1 1.4
v 1.6 0 1.4
v 1.6 0.1 1.4
v -0.1 0 1.2
v -0.1 0.1 1.2
v 0 0 1.2
v 0 0.1 1.2
v 4.2 0 1.2
v 4.2 0.1 1.2
v 4.3 0 1.2
v 4.3 0.1 1.2
v 2.5 0 1.1
v 2.5 0.1 1.1
v 2.6 0 1.1
v 2.6 0.1 1.1
v 5.9 0 1.1
v 5.9 0.1 1.1
v 6 0 1.1
v 6 0.1 1.1
v 7.6 0 1.1
v 7.6 0.1 1.1
v 7.7 0 1.1
v 7.7 0.1 1.1
v 11.4 0 1.1
v 11.4 0.1 1.1
v 11.5 0 1.1
v 11.5 0.1 1.1
v -8.7 0 1
v -8.7 0.1 1
v -8.6 0 1
v -8.6 0.1 1
v 0.5 0 1
v 0.5 0.1 1
v 0.599999 0 1
v 0.599999 0.1 1
v 3.4 0 1
v 3.4 0.1 1
v 3.5 0 1
v 3.5 0.1 1
v 9.3 0 0.9
v 9.3 0.1 0.9
v 9.4 0 0.9
v 9.4 0.1 0.9
v -4.1 0 0.799999
v -4.1 0.1 0.799999
v -4 0 0.799999
v -4 0.1 0.799999
v -0.1 0 0.799999
v -0.1 0.1 0.799999
v 0 0 0.799999
v 0 0.1 0.799999
v -1.5 0 0.7
v -1.5 0.1 0.7
v -1.4 0 0.7
v -1.4 0.1 0.7
v -5.5 0 0.599999
v -5.5 0.1 0.599999
v -5.4 0 0.599999
v -5.4 0.1 0.599999
v 1.2 0 0.599999
v 1.2 0.1 0.599999
v 1.3 0 0.599999
v 1.3 0.1 0.599999
v 6.7 0 0.599999
v 6.7 0.1 0.599999
v 6.8 0 0.599999
v 6.8 0.1 0.599999
v -3 0 0.4
v -3 0.1 0.4
v -2.9 0 0.4
v -2.9 0.1 0.4
v 4.7 0 0.4
v 4.7 0.1 0.4
v 4.8 0 0.4
v 4.8 0.1 0.4
v 9 0 0.4
v 9 0.1 0.4
v 9.1 0 0.4
v 9.1 0.1 0.4
v -1 0 0.299999
v -1 0.1 0.299999
v -0.900001 0 0.299999
v -0.900001 0.1 0.299999
v 3.3 0 0.299999
v 3.3 0.1 0.299999
v 3.4 0 0.299999
v 3.4 0.1 0.299999
v 8.4 0 0.299999
v 8.4 0.1 0.299999
v 8.5 0 0.299999
v 8.5 0.1 0.299999
v -6.7 0 0.2
v -6.7 0.1 0.2
v -6.6 0 0.2
v -6.6 0.1 0.2
v -2.4 0 0.2
v -2.4 0.1 0.2
v -2.3 0 0.2
v -2.3 0.1 0.2
v 6.2 0 0.2
v 6.2 0.1 0.2
v 6.3 0 0.2
v 6.3 0.1 0.2
v 0.3 0 0
v 0.3 0.1 0
v 0.4 0 0
v 0.4 0.1 0
v -4.7 0 -0.1
v -4.7 0.1 -0.1
v -4.6 0 -0.1
v -4.6 0.1 -0.1
v -3.7 0 -0.1
v -3.7 0.1 -0.1
v -3.6 0 -0.1
v -3.6 0.1 -0.1
v 2.4 0 -0.1
v 2.4 0.1 -0.1
v 2.5 0 -0.1
v 2.5 0.1 -0.1
v 4.1 0 -0.1
v 4.1 0.1 -0.1
v 4.2 0 -0.1
v 4.2 0.1 -0.1
v 6.6 0 -0.5
v 6.6 0.1 -0.5
v 6.7 0 -0.5
v 6.7 0.1 -0.5
v -7 0 -0.6
v -7 0.1 -0.6
v -6.9 0 -0.6
v -6.9 0.1 -0.6
v 1.4 0 -0.6
v 1.4 0.1 -0.6
v 1.5 0 -0.6
v 1.5 0.1 -0.6
v -10.4 0 -0.700001
v -10.4 0.1 -0.700001
v -10.3 0 -0.700001
v -10.3 0.1 -0.700001
v -6.1 0 -0.700001
v -6.1 0.1 -0.700001
v -6 0 -0.700001
v -6 0.1 -0.700001
v 3.3 0 -0.700001
v 3.3 0.1 -0.700001
v 3.4 0 -0.700001
v 3.4 0.1 -0.700001
v 5.7 0 -0.700001
v 5.7 0.1 -0.700001
v 5.8 0 -0.700001
v 5.8 0.1 -0.700001
v -2.5 0 -0.8
v -2.5 0.1 -0.8
v -2.4 0 -0.8
v -2.4 0.1 -0.8
v -1.2 0 -0.8
v -1.2 0.1 -0.8
v -1.1 0 -0.8
v -1.1 0.1 -0.8
v -0.1 0 -1
v -0.1 0.1 -1
v 0 0 -1
v 0 0.1 -1
v -6.2 0 -1.1
v -6.2 0.1 -1.1
v -6.1 0 -1.1
v -6.1 0.1 -1.1
v -5.5 0 -1.1
v -5.5 0.1 -1.1
v -5.4 0 -1.1
v -5.4 0.1 -1.1
v -1.4 0 -1.1
v -1.4 0.1 -1.1
v -1.3 0 -1.1
v -1.3 0.1 -1.1
v 0.7 0 -1.1
v 0.7 0.1 -1.1
v 0.8 0 -1.1
v 0.8 0.1 -1.1
v 4.7 0 -1.1
v 4.7 0.1 -1.1
v 4.8 0 -1.1
v 4.8 0.1 -1.1
v 11.5 0 -1.1
v 11.5 0.1 -1.1
v 11.6 0 -1.1
v 11.6 0.1 -1.1
v -3.2 0 -1.2
v -3.2 0.1 -1.2
v -3.1 0 -1.2
v -3.1 0.1 -1.2
v 7.5 0 -1.2
v 7.5 0.1 -1.2
v 7.6 0 -1.2
v 7.6 0.1 -1.2
v -4.3 0 -1.3
v -4.3 0.1 -1.3
v -4.2 0 -1.3
v -4.2 0.1 -1.3
v 2.1 0 -1.3
v 2.1 0.1 -1.3
v 2.2 0 -1.3
v 2.2 0.1 -1.3
v -12.5 0 -1.7
v -12.5 0.1 -1.7
v -12.4 0 -1.7
v -12.4 0.1 -1.7
v 2.9 0 -1.7
v 2.9 0.1 -1.7
v 3 0 -1.7
v 3 0.1 -1.7
v 6.5 0 -1.7
v 6.5 0.1 -1.7
v 6.6 0 -1.7
v 6.6 0.1 -1.7
v -2.3 0 -1.8
v -2.3 0.1 -1.8
v -2.2 0 -1.8
v -2.2 0.1 -1.8
v 3.8 0 -1.8
v 3.8 0.1 -1.8
v 3.9 0 -1.8
v 3.9 0.1 -1.8
v 4.6 0 -1.9
v 4.6 0.1 -1.9
v 4.7 0 -1.9
v 4.7 0.1 -1.9
v 0.599999 0 -2
v 0.599999 0.1 -2
v 0.7 0 -2
v 0.7 0.1 -2
v 1.4 0 -2
v 1.4 0.1 -2
v 1.5 0 -2
v 1.5 0.1 -2
v 8.4 0 -2
v 8.4 0.1 -2
v 8.5 0 -2
v 8.5 0.1 -2
v -5.1 0 -2.1
v -5.1 0.1 -2.1
v -5 0 -2.1
v -5 0.1 -2.1
v -3.4 0 -2.1
v -3.4 0.1 -2.1
v -3.3 0 -2.1
v -3.3 0.1 -2.1
v -1.1 0 -2.1
v -1.1 0.1 -2.1
v -1 0 -2.1
v -1 0.1 -2.1
v -4 0 -2.2
v -4 0.1 -2.2
v -3.9 0 -2.2
v -3.9 0.1 -2.2
v 5.7 0 -2.2
v 5.7 0.1 -2.2
v 5.8 0 -2.2
v 5.8 0.1 -2.2
v 9.7 0 -2.2
v 9.7 0.1 -2.2
v 9.8 0 -2.2
v 9.8 0.1 -2.2
v -2.7 0 -2.3
v -2.7 0.1 -2.3
v -2.6 0 -2.3
v -2.6 0.1 -2.3
v 2.3 0 -2.3
v 2.3 0.1 -2.3
v 2.4 0 -2.3
v 2.4 0.1 -2.3
v 10.5 0 -2.3
v 10.5 0.1 -2.3
v 10.6 0 -2.3
v 10.6 0.1 -2.3
v -8.7 0 -2.4
v -8.7 0.1 -2.4
v -8.6 0 -2.4
v -8.6 0.1 -2.4
v -1.6 0 -2.4
v -1.6 0.1 -2.4
v -1.5 0 -2.4
v -1.5 0.1 -2.4
v -6 0 -2.5
v -6 0.1 -2.5
v -5.9 0 -2.5
v -5.9 0.1 -2.5
v -0.7 0 -2.5
v -0.7 0.1 -2.5
v -0.6 0 -2.5
v -0.6 0.1 -2.5
v 0.5 0 -2.6
v 0.5 0.1 -2.6
v 0.599999 0 -2.6
v 0.599999 0.1 -2.6
v 4.4 0 -2.6
v 4.4 0.1 -2.6
v 4.5 0 -2.6
v 4.5 0.1 -2.6
v -7.5 0 -2.7
v -7.5 0.1 -2.7
v -7.4 0 -2.7
v -7.4 0.1 -2.7
v 11.4 0 -2.8
v 11.4 0.1 -2.8
v 11.5 0 -2.8
v 11.5 0.1 -2.8
v -4.4 0 -2.9
v -4.4 0.1 -2.9
v -4.3 0 -2.9
v -4.3 0.1 -2.9
v -0.2 0 -3
v -0.2 0.1 -3
v -0.1 0 -3
v -0.1 0.1 -3
v 3.2 0 -3
v 3.2 0.1 -3
v 3.3 0 -3
v 3.3 0.1 -3
v 6 0 -3
v 6 0.1 -3
v 6.1 0 -3
v 6.1 0.1 -3
v -2.6 0 -3.1
v -2.6 0.1 -3.1
v -2.5 0 -3.1
v -2.5 0.1 -3.1
v 1.9 0 -3.1
v 1.9 0.1 -3.1
v 2 0 -3.1
v 2 0.1 -3.1
v 7 0 -3.1
v 7 0.1 -3.1
v 7.1 0 -3.1
v 7.1 0.1 -3.1
v -1.3 0 -3.2
v -1.3 0.1 -3.2
v -1.2 0 -3.2
v -1.2 0.1 -3.2
v 1 0 -3.2
v 1 0.1 -3.2
v 1.1 0 -3.2
v 1.1 0.1 -3.2
v 3.9 0 -3.2
v 3.9 0.1 -3.2
v 4 0 -3.2
v 4 0.1 -3.2
v -6.2 0 -3.3
v -6.2 0.1 -3.3
v -6.1 0 -3.3
v -6.1 0.1 -3.3
v -5.1 0 -3.3
v -5.1 0.1 -3.3
v -5 0 -3.3
v -5 0.1 -3.3
v -3.5 0 -3.4
v -3.5 0.1 -3.4
v -3.4 0 -3.4
v -3.4 0.1 -3.4
v 4.8 0 -3.5
v 4.8 0.1 -3.5
v 4.9 0 -3.5
v 4.9 0.1 -3.5
v 3.2 0 -3.6
v 3.2 0.1 -3.6
v 3.3 0 -3.6
v 3.3 0.1 -3.6
v -3 0 -3.7
v -3 0.1 -3.7
v -2.9 0 -3.7
v -2.9 0.1 -3.7
v 2.3 0 -3.8
v 2.3 0.1 -3.8
v 2.4 0 -3.8
v 2.4 0.1 -3.8
v -7 0 -3.9
v -7 0.1 -3.9
v -6.9 0 -3.9
v -6.9 0.1 -3.9
v 4.3 0 -4
v 4.3 0.1 -4
v 4.4 0 -4
v 4.4 0.1 -4
v 9.9 0 -4
v 9.9 0.1 -4
v 10 0 -4
v 10 0.1 -4
v -5.6 0 -4.1
v -5.6 0.1 -4.1
v -5.5 0 -4.1
v -5.5 0.1 -4.1
v -5.2 0 -4.1
v -5.2 0.1 -4.1
v -5.1 0 -4.1
v -5.1 0.1 -4.1
v -0.1 0 -4.1
v -0.1 0.1 -4.1
v 0 0 -4.1
v 0 0.1 -4.1
v 6.8 0 -4.1
v 6.8 0.1 -4.1
v 6.9 0 -4.1
v 6.9 0.1 -4.1
v -3.9 0 -4.2
v -3.9 0.1 -4.2
v -3.8 0 -4.2
v -3.8 0.1 -4.2
v -2.4 0 -4.3
v -2.4 0.1 -4.3
v -2.3 0 -4.3
v -2.3 0.1 -4.3
v -1.8 0 -4.3
v -1.8 0.1 -4.3
v -1.7 0 -4.3
v -1.7 0.1 -4.3
v 1.3 0 -4.4
v 1.3 0.1 -4.4
v 1.4 0 -4.4
v 1.4 0.1 -4.4
v 7.5 0 -4.4
v 7.5 0.1 -4.4
v 7.6 0 -4.4
v 7.6 0.1 -4.4
v 3.8 0 -4.5
v 3.8 0.1 -4.5
v 3.9 0 -4.5
v 3.9 0.1 -4.5
v -3 0 -4.6
v -3 0.1 -4.6
v -2.9 0 -4.6
v -2.9 0.1 -4.6
v 5.1 0 -4.6
v 5.1 0.1 -4.6
v 5.2 0 -4.6
v 5.2 0.1 -4.6
v -8.1 0 -4.7
v -8.1 0.1 -4.7
v -8 0 -4.7
v -8 0.1 -4.7
v -0.8 0 -4.7
v -0.8 0.1 -4.7
v -0.7 0 -4.7
v -0.7 0.1 -4.7
v 3 0 -4.7
v 3 0.1 -4.7
v 3.1 0 -4.7
v 3.1 0.1 -4.7
v 0.599999 0 -4.8
v 0.599999 0.1 -4.8
v 0.7 0 -4.8
v 0.7 0.1 -4.8
v 4.4 0 -4.8
v 4.4 0.1 -4.8
v 4.5 0 -4.8
v 4.5 0.1 -4.8
v -5.4 0 -4.9
v -5.4 0.1 -4.9
v -5.3 0 -4.9
v -5.3 0.1 -4.9
v -0.1 0 -5
v -0.1 0.1 -5
v 0 0 -5
v 0 0.1 -5
v 10.5 0 -5
v 10.5 0.1 -5
v 10.6 0 -5
v 10.6 0.1 -5
v -10.7 0 -5.1
v -10.7 0.1 -5.1
v -10.6 0 -5.1
v -10.6 0.1 -5.1
v -5.2 0 -5.1
v -5.2 0.1 -5.1
v -5.1 0 -5.1
v -5.1 0.1 -5.1
v -4.3 0 -5.2
v -4.3 0.1 -5.2
v -4.2 0 -5.2
v -4.2 0.1 -5.2
v 0.2 0 -5.2
v 0.2 0.1 -5.2
v 0.3 0 -5.2
v 0.3 0.1 -5.2
v 1.6 0 -5.2
v 1.6 0.1 -5.2
v 1.7 0 -5.2
v 1.7 0.1 -5.2
v 2.1 0 -5.4
v 2.1 0.1 -5.4
v 2.2 0 -5.4
v 2.2 0.1 -5.4
v -4 0 -5.5
v -4 0.1 -5.5
v -3.9 0 -5.5
v -3.9 0.1 -5.5
v -7.6 0 -5.6
v -7.6 0.1 -5.6
v -7.5 0 -5.6
v -7.5 0.1 -5.6
v -1.7 0 -5.6
v -1.7 0.1 -5.6
v -1.6 0 -5.6
v -1.6 0.1 -5.6
v -2.5 0 -5.7
v -2.5 0.1 -5.7
v -2.4 0 -5.7
v -2.4 0.1 -5.7
v 4.3 0 -5.7
v 4.3 0.1 -5.7
v 4.4 0 -5.7
v 4.4 0.1 -5.7
v 5.7 0 -5.7
v 5.7 0.1 -5.7
v 5.8 0 -5.7
v 5.8 0.1 -5.7
v 8.7 0 -5.7
v 8.7 0.1 -5.7
v 8.8 0 -5.7
v 8.8 0.1 -5.7
v 10.5 0 -5.7
v 10.5 0.1 -5.7
v 10.6 0 -5.7
v 10.6 0.1 -5.7
v -8.9 0 -5.8
v -8.9 0.1 -5.8
v -8.8 0 -5.8
v -8.8 0.1 -5.8
v -6.3 0 -5.8
v -6.3 0.1 -5.8
v -6.2 0 -5.8
v -6.2 0.1 -5.8
v -3.3 0 -5.8
v -3.3 0.1 -5.8
v -3.2 0 -5.8
v -3.2 0.1 -5.8
v 3.9 0 -5.8
v 3.9 0.1 -5.8
v 4 0 -5.8
v 4 0.1 -5.8
v 0.8 0 -5.9
v 0.8 0.1 -5.9
v 0.9 0 -5.9
v 0.9 0.1 -5.9
v 3 0 -6.1
v 3 0.1 -6.1
v 3.1 0 -6.1
v 3.1 0.1 -6.1
v -4.4 0 -6.4
v -4.4 0.1 -6.4
v -4.3 0 -6.4
v -4.3 0.1 -6.4
v 1.8 0 -6.5
v 1.8 0.1 -6.5
v 1.9 0 -6.5
v 1.9 0.1 -6.5
v -3.7 0 -6.7
v -3.7 0.1 -6.7
v -3.6 0 -6.7
v -3.6 0.1 -6.7
v -10 0 -6.9
v -10 0.1 -6.9
v -9.9 0 -6.9
v -9.9 0.1 -6.9
v -5.3 0 -6.9
v -5.3 0.1 -6.9
v -5.2 0 -6.9
v -5.2 0.1 -6.9
v -2.5 0 -7
v -2.5 0.1 -7
v -2.4 0 -7
v -2.4 0.1 -7
v -1 0 -7
v -1 0.1 -7
v -0.900001 0 -7
v -0.900001 0.1 -7
v -0.1 0 -7
v -0.1 0.1 -7
v 0 0 -7
v 0 0.1 -7
v 1.2 0 -7.1
v 1.2 0.1 -7.1
v 1.3 0 -7.1
v 1.3 0.1 -7.1
v 6.9 0 -7.1
v 6.9 0.1 -7.1
v 7 0 -7.1
v 7 0.1 -7.1
v 3.7 0 -7.2
v 3.7 0.1 -7.2
v 3.8 0 -7.2
v 3.8 0.1 -7.2
v -7.7 0 -7.4
v -7.7 0.1 -7.4
v -7.6 0 -7.4
v -7.6 0.1 -7.4
v -4.4 0 -7.5
v -4.4 0.1 -7.5
v -4.3 0 -7.5
v -4.3 0.1 -7.5
v -3.7 0 -7.6
v -3.7 0.1 -7.6
v -3.6 0 -7.6
v -3.6 0.1 -7.6
v 4.7 0 -7.6
v 4.7 0.1 -7.6
v 4.8 0 -7.6
v 4.8 0.1 -7.6
v 10.4 0 -7.6
v 10.4 0.1 -7.6
v 10.5 0 -7.6
v 10.5 0.1 -7.6
v -5.7 0 -7.7
v -5.7 0.1 -7.7
v -5.6 0 -7.7
v -5.6 0.1 -7.7
v 1.8 0 -7.8
v 1.8 0.1 -7.8
v 1.9 0 -7.8
v 1.9 0.1 -7.8
v -2.1 0 -8
v -2.1 0.1 -8
v -2 0 -8
v -2 0.1 -8
v 0.3 0 -8.3
v 0.3 0.1 -8.3
v 0.4 0 -8.3
v 0.4 0.1 -8.3
v 9 0 -8.3
v 9 0.1 -8.3
v 9.1 0 -8.3
v 9.1 0.1 -8.3
v -8 0 -8.5
v -8 0.1 -8.5
v -7.9 0 -8.5
v -7.9 0.1 -8.5
v 3.2 0 -8.5
v 3.2 0.1 -8.5
v 3.3 0 -8.5
v 3.3 0.1 -8.5
v -9.2 0 -8.7
v -9.2 0.1 -8.7
v -9.1 0 -8.7
v -9.1 0.1 -8.7
v -3.3 0 -8.7
v -3.3 0.1 -8.7
v -3.2 0 -8.7
v -3.2 0.1 -8.7
v -1 0 -8.7
v -1 0.1 -8.7
v -0.900001 0 -8.7
v -0.900001 0.1 -8.7
v -5.9 0 -9.1
v -5.9 0.1 -9.1
v -5.8 0 -9.1
v -5.8 0.1 -9.1
v 7.7 0 -9.1
v 7.7 0.1 -9.1
v 7.8 0 -9.1
v 7.8 0.1 -9.1
v 0.8 0 -9.2
v 0.8 0.1 -9.2
v 0.9 0 -9.2
v 0.9 0.1 -9.2
v -11.8 0 -9.5
v -11.8 0.1 -9.5
v -11.7 0 -9.5
v -11.7 0.1 -9.5
v 2.3 0 -9.5
v 2.3 0.1 -9.5
v 2.4 0 -9.5
v 2.4 0.1 -9.5
v -3.5 0 -9.8
v -3.5 0.1 -9.8
v -3.4 0 -9.8
v -3.4 0.1 -9.8
v -6.6 0 -10.1
v -6.6 0.1 -10.1
v -6.5 0 -10.1
v -6.5 0.1 -10.1
v 2.2 0 -10.3
v 2.2 0.1 -10.3
v 2.3 0 -10.3
v 2.3 0.1 -10.3
v 4.3 0 -10.3
v 4.3 0.1 -10.3
v 4.4 0 -10.3
v 4.4 0.1 -10.3
v 6.1 0 -10.5
v 6.1 0.1 -10.5
v 6.2 0 -10.5
v 6.2 0.1 -10.5
v 8.4 0 -10.8
v 8.4 0.1 -10.8
v 8.5 0 -10.8
v 8.5 0.1 -10.8
v -4.3 0 -11.6
v -4.3 0.1 -11.6
v -4.2 0 -11.6
v -4.2 0.1 -11.6
v 0.7 0 -11.6
v 0.7 0.1 -11.6
v 0.8 0 -11.6
v 0.8 0.1 -11.6
v -2.4 0 -11.7
v -2.4 0.1 -11.7
v -2.3 0 -11.7
v -2.3 0.1 -11.7
v -7.9 0 -11.9
v -7.9 0.1 -11.9
v -7.8 0 -11.9
v -7.8 0.1 -11.9
v 10.7 0 -11.9
v 10.7 0.1 -11.9
v 10.8 0 -11.9
v 10.8 0.1 -11.9
v -11.1 0 -12
v -11.1 0.1 -12
v -11 0 -12
v -11 0.1 -12
v 7.3 0 -12.3
v 7.3 0.1 -12.3
v 7.4 0 -12.3
v 7.4 0.1 -12.3
v 4.9 0 -12.4
v 4.9 0.1 -12.4
v 5 0 -12.4
v 5 0.1 -12.4
v -11.8 0 12.1
v -11.7 0 12.1
v 5.5 0 12.1
v 5.6 0 12.1
v -11.8 0 12
v -11.7 0 12
v -2.4 0 12
v -2.3 0 12
v 5.5 0 12
v 5.6 0 12
v -2.4 0 11.9
v -2.3 0 11.9
v 10.5 0 11.4
v 10.6 0 11.4
v 10.5 0 11.3
v 10.6 0 11.3
v 2.1 0 11.2
v 2.2 0 11.2
v 7.4 0 11.2
v 7.5 0 11.2
v 2.1 0 11.1
v 2.2 0 11.1
v 7.4 0 11.1
v 7.5 0 11.1
v 4.5 0 10.9
v 4.6 0 10.9
v -9.4 0 10.8
v -9.3 0 10.8
v 4.5 0 10.8
v 4.6 0 10.8
v -9.4 0 10.7
v -9.3 0 10.7
v 6.5 0 10.7
v 6.6 0 10.7
v 6.5 0 10.6
v 6.6 0 10.6
v 0.2 0 10.3
v 0.3 0 10.3
v 0.2 0 10.2
v 0.3 0 10.2
v -5.7 0 10
v -5.6 0 10
v -2.2 0 10
v -2.1 0 10
v -5.7 0 9.9
v -5.6 0 9.9
v -2.2 0 9.9
v -2.1 0 9.9
v -1.4 0 9.7
v -1.3 0 9.7
v -1.4 0 9.6
v -1.3 0 9.6
v 3 0 9.6
v 3.1 0 9.6
v -3.8 0 9.5
v -3.7 0 9.5
v 3 0 9.5
v 3.1 0 9.5
v -3.8 0 9.4
v -3.7 0 9.4
v -11.6 0 9.3
v -11.5 0 9.3
v 10.1 0 9.3
v 10.2 0 9.3
v -11.6 0 9.2
v -11.5 0 9.2
v 10.1 0 9.2
v 10.2 0 9.2
v -7.6 0 9.1
v -7.5 0 9.1
v 0 0 9.1
v 0.0999994 0 9.1
v 0.9 0 9.1
v 1 0 9.1
v -7.6 0 9
v -7.5 0 9
v 0 0 9
v 0.0999994 0 9
v 0.9 0 9
v 1 0 9
v -3.2 0 8.9
v -3.1 0 8.9
v -3.2 0 8.8
v -3.1 0 8.8
v -4.9 0 8.7
v -4.8 0 8.7
v -2.1 0 8.7
v -2 0 8.7
v 12.2 0 8.7
v 12.3 0 8.7
v -4.9 0 8.6
v -4.8 0 8.6
v -2.1 0 8.6
v -2 0 8.6
v 12.2 0 8.6
v 12.3 0 8.6
v -5.7 0 8.5
v -5.6 0 8.5
v -5.7 0 8.4
v -5.6 0 8.4
v 5.3 0 8.4
v 5.4 0 8.4
v 6.8 0 8.4
v 6.9 0 8.4
v 5.3 0 8.3
v 5.4 0 8.3
v 6.8 0 8.3
v 6.9 0 8.3
v 8.5 0 8.3
v 8.6 0 8.3
v 8.5 0 8.2
v 8.6 0 8.2
v 2.2 0 8.1
v 2.3 0 8.1
v -7.1 0 8
v -7 0 8
v 0.4 0 8
v 0.5 0 8
v 2.2 0 8
v 2.3 0 8
v 2.4 0 8
v 2.5 0 8
v -7.1 0 7.9
v -7 0 7.9
v -3.1 0 7.9
v -3 0 7.9
v 0.4 0 7.9
v 0.5 0 7.9
v 2.4 0 7.9
v 2.5 0 7.9
v 5 0 7.9
v 5.1 0 7.9
v -3.1 0 7.8
v -3 0 7.8
v -0.6 0 7.8
v -0.5 0 7.8
v 3.5 0 7.8
v 3.6 0 7.8
v 5 0 7.8
v 5.1 0 7.8
v -2.3 0 7.7
v -2.2 0 7.7
v -0.6 0 7.7
v -0.5 0 7.7
v 3.5 0 7.7
v 3.6 0 7.7
v -4.5 0 7.6
v -4.4 0 7.6
v -2.3 0 7.6
v -2.2 0 7.6
v -8.8 0 7.5
v -8.7 0 7.5
v -6.6 0 7.5
v -6.5 0 7.5
v -5.6 0 7.5
v -5.5 0 7.5
v -4.5 0 7.5
v -4.4 0 7.5
v -8.8 0 7.4
v -8.7 0 7.4
v -6.6 0 7.4
v -6.5 0 7.4
v -5.6 0 7.4
v -5.5 0 7.4
v 0.4 0 7.4
v 0.5 0 7.4
v 0.4 0 7.3
v 0.5 0 7.3
v 7.7 0 7.2
v 7.8 0 7.2
v 7.7 0 7.1
v 7.8 0 7.1
v 1.3 0 6.9
v 1.4 0 6.9
v -3.4 0 6.8
v -3.3 0 6.8
v -1.6 0 6.8
v -1.5 0 6.8
v 1.3 0 6.8
v 1.4 0 6.8
v 4.6 0 6.8
v 4.7 0 6.8
v -3.4 0 6.7
v -3.3 0 6.7
v -3 0 6.7
v -2.9 0 6.7
v -1.6 0 6.7
v -1.5 0 6.7
v 2.8 0 6.7
v 2.9 0 6.7
v 4.6 0 6.7
v 4.7 0 6.7
v -3 0 6.6
v -2.9 0 6.6
v 2.8 0 6.6
v 2.9 0 6.6
v 2.1 0 6.5
v 2.2 0 6.5
v -5.8 0 6.4
v -5.7 0 6.4
v 2.1 0 6.4
v 2.2 0 6.4
v -5.8 0 6.3
v -5.7 0 6.3
v 5.3 0 6.2
v 5.4 0 6.2
v -7.7 0 6.1
v -7.6 0 6.1
v 5.3 0 6.1
v 5.4 0 6.1
v -7.7 0 6
v -7.6 0 6
v -6.6 0 6
v -6.5 0 6
v -1.9 0 6
v -1.8 0 6
v -0.7 0 6
v -0.6 0 6
v 0.5 0 6
v 0.599999 0 6
v -6.6 0 5.9
v -6.5 0 5.9
v -5.6 0 5.9
v -5.5 0 5.9
v -4.8 0 5.9
v -4.7 0 5.9
v -1.9 0 5.9
v -1.8 0 5.9
v -0.7 0 5.9
v -0.6 0 5.9
v 0.5 0 5.9
v 0.599999 0 5.9
v 4.8 0 5.9
v 4.9 0 5.9
v -10.7 0 5.8
v -10.6 0 5.8
v -5.6 0 5.8
v -5.5 0 5.8
v -4.8 0 5.8
v -4.7 0 5.8
v 1.8 0 5.8
v 1.9 0 5.8
v 4.8 0 5.8
v 4.9 0 5.8
v 1.8 0 5.7
v 1.9 0 5.7
v -10.7 0 5.6
v -10.6 0 5.6
v 3.8 0 5.6
v 3.9 0 5.6
v 3.8 0 5.5
v 3.9 0 5.5
v 10.3 0 5.5
v 10.4 0 5.5
v -3.6 0 5.4
v -3.5 0 5.4
v 10.3 0 5.4
v 10.4 0 5.4
v -3.6 0 5.3
v -3.5 0 5.3
v -2.3 0 5.3
v -2.2 0 5.3
v 6.9 0 5.3
v 7 0 5.3
v -3.1 0 5.2
v -3 0 5.2
v -2.3 0 5.2
v -2.2 0 5.2
v -1.5 0 5.2
v -1.4 0 5.2
v -0.3 0 5.2
v -0.2 0 5.2
v 5.6 0 5.2
v 5.7 0 5.2
v 6.9 0 5.2
v 7 0 5.2
v 8.9 0 5.2
v 9 0 5.2
v -3.1 0 5.1
v -3 0 5.1
v -1.5 0 5.1
v -1.4 0 5.1
v -0.3 0 5.1
v -0.2 0 5.1
v 1.3 0 5.1
v 1.4 0 5.1
v 5.6 0 5.1
v 5.7 0 5.1
v 8.9 0 5.1
v 9 0 5.1
v -7 0 5
v -6.9 0 5
v -5.1 0 5
v -5 0 5
v 1.3 0 5
v 1.4 0 5
v -8.4 0 4.9
v -8.3 0 4.9
v -7 0 4.9
v -6.9 0 4.9
v -5.1 0 4.9
v -5 0 4.9
v -8.4 0 4.8
v -8.3 0 4.8
v 6.4 0 4.6
v 6.5 0 4.6
v 0.3 0 4.5
v 0.4 0 4.5
v 2.2 0 4.5
v 2.3 0 4.5
v 2.9 0 4.5
v 3 0 4.5
v 6.4 0 4.5
v 6.5 0 4.5
v 0.3 0 4.4
v 0.4 0 4.4
v 2.2 0 4.4
v 2.3 0 4.4
v 2.9 0 4.4
v 3 0 4.4
v 5.8 0 4.4
v 5.9 0 4.4
v 7.4 0 4.4
v 7.5 0 4.4
v -0.6 0 4.3
v -0.5 0 4.3
v 4.5 0 4.3
v 4.6 0 4.3
v 5.8 0 4.3
v 5.9 0 4.3
v 7.4 0 4.3
v 7.5 0 4.3
v -5.4 0 4.2
v -5.3 0 4.2
v -4.1 0 4.2
v -4 0 4.2
v -1.6 0 4.2
v -1.5 0 4.2
v -0.6 0 4.2
v -0.5 0 4.2
v 4.5 0 4.2
v 4.6 0 4.2
v -8.1 0 4.1
v -8 0 4.1
v -5.4 0 4.1
v -5.3 0 4.1
v -4.1 0 4.1
v -4 0 4.1
v -2.6 0 4.1
v -2.5 0 4.1
v -1.6 0 4.1
v -1.5 0 4.1
v -8.1 0 4
v -8 0 4
v -2.6 0 4
v -2.5 0 4
v -6.6 0 3.8
v -6.5 0 3.8
v -0.6 0 3.8
v -0.5 0 3.8
v 2.6 0 3.8
v 2.7 0 3.8
v 7.9 0 3.8
v 8 0 3.8
v 10.4 0 3.8
v 10.5 0 3.8
v -6.6 0 3.7
v -6.5 0 3.7
v -3.1 0 3.7
v -3 0 3.7
v -0.6 0 3.7
v -0.5 0 3.7
v 1.4 0 3.7
v 1.5 0 3.7
v 2.6 0 3.7
v 2.7 0 3.7
v 7.9 0 3.7
v 8 0 3.7
v 10.4 0 3.7
v 10.5 0 3.7
v -3.1 0 3.6
v -3 0 3.6
v 1.4 0 3.6
v 1.5 0 3.6
v 4 0 3.6
v 4.1 0 3.6
v 4 0 3.5
v 4.1 0 3.5
v 6.7 0 3.3
v 6.8 0 3.3
v -11.4 0 3.2
v -11.3 0 3.2
v -1.9 0 3.2
v -1.8 0 3.2
v 6.7 0 3.2
v 6.8 0 3.2
v -11.4 0 3.1
v -11.3 0 3.1
v -1.9 0 3.1
v -1.8 0 3.1
v 0.7 0 3.1
v 0.8 0 3.1
v 5.7 0 3.1
v 5.8 0 3.1
v 0.7 0 3
v 0.8 0 3
v 5.7 0 3
v 5.8 0 3
v -10.1 0 2.9
v -10 0 2.9
v -2.9 0 2.9
v -2.8 0 2.9
v 2.3 0 2.9
v 2.4 0 2.9
v -10.1 0 2.8
v -10 0 2.8
v -5.2 0 2.8
v -5.1 0 2.8
v -2.9 0 2.8
v -2.8 0 2.8
v 2.3 0 2.8
v 2.4 0 2.8
v 3.7 0 2.8
v 3.8 0 2.8
v -5.2 0 2.7
v -5.1 0 2.7
v -4.2 0 2.7
v -4.1 0 2.7
v -1.6 0 2.7
v -1.5 0 2.7
v 3.7 0 2.7
v 3.8 0 2.7
v -4.2 0 2.6
v -4.1 0 2.6
v -1.6 0 2.6
v -1.5 0 2.6
v -0.3 0 2.6
v -0.2 0 2.6
v -6.1 0 2.5
v -6 0 2.5
v -0.3 0 2.5
v -0.2 0 2.5
v 1.1 0 2.5
v 1.2 0 2.5
v -6.1 0 2.4
v -6 0 2.4
v 1.1 0 2.4
v 1.2 0 2.4
v 3.8 0 2.4
v 3.9 0 2.4
v 3.8 0 2.3
v 3.9 0 2.3
v 5.2 0 2.2
v 5.3 0 2.2
v 7.8 0 2.2
v 7.9 0 2.2
v -8.3 0 2.1
v -8.2 0 2.1
v 5.2 0 2.1
v 5.3 0 2.1
v 7.8 0 2.1
v 7.9 0 2.1
v -8.3 0 2
v -8.2 0 2
v -3.4 0 2
v -3.3 0 2
v 2.9 0 2
v 3 0 2
v -3.4 0 1.9
v -3.3 0 1.9
v 2.9 0 1.9
v 3 0 1.9
v -4.9 0 1.8
v -4.8 0 1.8
v 7.1 0 1.8
v 7.2 0 1.8
v 10.9 0 1.8
v 11 0 1.8
v -4.9 0 1.7
v -4.8 0 1.7
v 7.1 0 1.7
v 7.2 0 1.7
v 10.9 0 1.7
v 11 0 1.7
v -2.1 0 1.6
v -2 0 1.6
v -1.2 0 1.6
v -1.1 0 1.6
v -6.6 0 1.5
v -6.5 0 1.5
v -3.6 0 1.5
v -3.5 0 1.5
v -2.1 0 1.5
v -2 0 1.5
v -1.2 0 1.5
v -1.1 0 1.5
v 1.5 0 1.5
v 1.6 0 1.5
v -6.6 0 1.4
v -6.5 0 1.4
v -3.6 0 1.4
v -3.5 0 1.4
v 1.5 0 1.4
v 1.6 0 1.4
v -0.1 0 1.3
v 0 0 1.3
v 4.2 0 1.3
v 4.3 0 1.3
v -0.1 0 1.2
v 0 0 1.2
v 2.5 0 1.2
v 2.6 0 1.2
v 4.2 0 1.2
v 4.3 0 1.2
v 5.9 0 1.2
v 6 0 1.2
v 7.6 0 1.2
v 7.7 0 1.2
v 11.4 0 1.2
v 11.5 0 1.2
v -8.7 0 1.1
v -8.6 0 1.1
v 0.5 0 1.1
v 0.599999 0 1.1
v 2.5 0 1.1
v 2.6 0 1.1
v 3.4 0 1.1
v 3.5 0 1.1
v 5.9 0 1.1
v 6 0 1.1
v 7.6 0 1.1
v 7.7 0 1.1
v 11.4 0 1.1
v 11.5 0 1.1
v -8.7 0 1
v -8.6 0 1
v 0.5 0 1
v 0.599999 0 1
v 3.4 0 1
v 3.5 0 1
v 9.3 0 1
v 9.4 0 1
v -4.1 0 0.9
v -4 0 0.9
v -0.1 0 0.9
v 0 0 0.9
v 9.3 0 0.9
v 9.4 0 0.9
v -4.1 0 0.799999
v -4 0 0.799999
v -1.5 0 0.799999
v -1.4 0 0.799999
v -0.1 0 0.799999
v 0 0 0.799999
v -5.5 0 0.7
v -5.4 0 0.7
v -1.5 0 0.7
v -1.4 0 0.7
v 1.2 0 0.7
v 1.3 0 0.7
v 6.7 0 0.7
v 6.8 0 0.7
v -5.5 0 0.599999
v -5.4 0 0.599999
v 1.2 0 0.599999
v 1.3 0 0.599999
v 6.7 0 0.599999
v 6.8 0 0.599999
v -3 0 0.5
v -2.9 0 0.5
v 4.7 0 0.5
v 4.8 0 0.5
v 9 0 0.5
v 9.1 0 0.5
v -3 0 0.4
v -2.9 0 0.4
v -1 0 0.4
v -0.900001 0 0.4
v 3.3 0 0.4
v 3.4 0 0.4
v 4.7 0 0.4
v 4.8 0 0.4
v 8.4 0 0.4
v 8.5 0 0.4
v 9 0 0.4
v 9.1 0 0.4
v -6.7 0 0.299999
v -6.6 0 0.299999
v -2.4 0 0.299999
v -2.3 0 0.299999
v -1 0 0.299999
v -0.900001 0 0.299999
v 3.3 0 0.299999
v 3.4 0 0.299999
v 6.2 0 0.299999
v 6.3 0 0.299999
v 8.4 0 0.299999
v 8.5 0 0.299999
v -6.7 0 0.2
v -6.6 0 0.2
v -2.4 0 0.2
v -2.3 0 0.2
v 6.2 0 0.2
v 6.3 0 0.2
v 0.3 0 0.0999994
v 0.4 0 0.0999994
v -4.7 0 0
v -4.6 0 0
v -3.7 0 0
v -3.6 0 0
v 0.3 0 0
v 0.4 0 0
v 2.4 0 0
v 2.5 0 0
v 4.1 0 0
v 4.2 0 0
v -4.7 0 -0.1
v -4.6 0 -0.1
v -3.7 0 -0.1
v -3.6 0 -0.1
v 2.4 0 -0.1
v 2.5 0 -0.1
v 4.1 0 -0.1
v 4.2 0 -0.1
v 6.6 0 -0.400001
v 6.7 0 -0.400001
v -7 0 -0.5
v -6.9 0 -0.5
v 1.4 0 -0.5
v 1.5 0 -0.5
v 6.6 0 -0.5
v 6.7 0 -0.5
v -10.4 0 -0.6
v -10.3 0 -0.6
v -7 0 -0.6
v -6.9 0 -0.6
v -6.1 0 -0.6
v -6 0 -0.6
v 1.4 0 -0.6
v 1.5 0 -0.6
v 3.3 0 -0.6
v 3.4 0 -0.6
v 5.7 0 -0.6
v 5.8 0 -0.6
v -10.4 0 -0.700001
v -10.3 0 -0.700001
v -6.1 0 -0.700001
v -6 0 -0.700001
v -2.5 0 -0.700001
v -2.4 0 -0.700001
v -1.2 0 -0.700001
v -1.1 0 -0.700001
v 3.3 0 -0.700001
v 3.4 0 -0.700001
v 5.7 0 -0.700001
v 5.8 0 -0.700001
v -2.5 0 -0.8
v -2.4 0 -0.8
v -1.2 0 -0.8
v -1.1 0 -0.8
v -0.1 0 -0.900001
v 0 0 -0.900001
v -6.2 0 -1
v -6.1 0 -1
v -5.5 0 -1
v -5.4 0 -1
v -1.4 0 -1
v -1.3 0 -1
v -0.1 0 -1
v 0 0 -1
v 0.7 0 -1
v 0.8 0 -1
v 4.7 0 -1
v 4.8 0 -1
v 11.5 0 -1
v 11.6 0 -1
v -6.2 0 -1.1
v -6.1 0 -1.1
v -5.5 0 -1.1
v -5.4 0 -1.1
v -3.2 0 -1.1
v -3.1 0 -1.1
v -1.4 0 -1.1
v -1.3 0 -1.1
v 0.7 0 -1.1
v 0.8 0 -1.1
v 4.7 0 -1.1
v 4.8 0 -1.1
v 7.5 0 -1.1
v 7.6 0 -1.1
v 11.5 0 -1.1
v 11.6 0 -1.1
v -4.3 0 -1.2
v -4.2 0 -1.2
v -3.2 0 -1.2
v -3.1 0 -1.2
v 2.1 0 -1.2
v 2.2 0 -1.2
v 7.5 0 -1.2
v 7.6 0 -1.2
v -4.3 0 -1.3
v -4.2 0 -1.3
v 2.1 0 -1.3
v 2.2 0 -1.3
v -12.5 0 -1.6
v -12.4 0 -1.6
v 2.9 0 -1.6
v 3 0 -1.6
v 6.5 0 -1.6
v 6.6 0 -1.6
v -12.5 0 -1.7
v -12.4 0 -1.7
v -2.3 0 -1.7
v -2.2 0 -1.7
v 2.9 0 -1.7
v 3 0 -1.7
v 3.8 0 -1.7
v 3.9 0 -1.7
v 6.5 0 -1.7
v 6.6 0 -1.7
v -2.3 0 -1.8
v -2.2 0 -1.8
v 3.8 0 -1.8
v 3.9 0 -1.8
v 4.6 0 -1.8
v 4.7 0 -1.8
v 0.599999 0 -1.9
v 0.7 0 -1.9
v 1.4 0 -1.9
v 1.5 0 -1.9
v 4.6 0 -1.9
v 4.7 0 -1.9
v 8.4 0 -1.9
v 8.5 0 -1.9
v -5.1 0 -2
v -5 0 -2
v -3.4 0 -2
v -3.3 0 -2
v -1.1 0 -2
v -1 0 -2
v 0.599999 0 -2
v 0.7 0 -2
v 1.4 0 -2
v 1.5 0 -2
v 8.4 0 -2
v 8.5 0 -2
v -5.1 0 -2.1
v -5 0 -2.1
v -4 0 -2.1
v -3.9 0 -2.1
v -3.4 0 -2.1
v -3.3 0 -2.1
v -1.1 0 -2.1
v -1 0 -2.1
v 5.7 0 -2.1
v 5.8 0 -2.1
v 9.7 0 -2.1
v 9.8 0 -2.1
v -4 0 -2.2
v -3.9 0 -2.2
v -2.7 0 -2.2
v -2.6 0 -2.2
v 2.3 0 -2.2
v 2.4 0 -2.2
v 5.7 0 -2.2
v 5.8 0 -2.2
v 9.7 0 -2.2
v 9.8 0 -2.2
v 10.5 0 -2.2
v 10.6 0 -2.2
v -8.7 0 -2.3
v -8.6 0 -2.3
v -2.7 0 -2.3
v -2.6 0 -2.3
v -1.6 0 -2.3
v -1.5 0 -2.3
v 2.3 0 -2.3
v 2.4 0 -2.3
v 10.5 0 -2.3
v 10.6 0 -2.3
v -8.7 0 -2.4
v -8.6 0 -2.4
v -6 0 -2.4
v -5.9 0 -2.4
v -1.6 0 -2.4
v -1.5 0 -2.4
v -0.7 0 -2.4
v -0.6 0 -2.4
v -6 0 -2.5
v -5.9 0 -2.5
v -0.7 0 -2.5
v -0.6 0 -2.5
v 0.5 0 -2.5
v 0.599999 0 -2.5
v 4.4 0 -2.5
v 4.5 0 -2.5
v -7.5 0 -2.6
v -7.4 0 -2.6
v 0.5 0 -2.6
v 0.599999 0 -2.6
v 4.4 0 -2.6
v 4.5 0 -2.6
v -7.5 0 -2.7
v -7.4 0 -2.7
v 11.4 0 -2.7
v 11.5 0 -2.7
v -4.4 0 -2.8
v -4.3 0 -2.8
v 11.4 0 -2.8
v 11.5 0 -2.8
v -4.4 0 -2.9
v -4.3 0 -2.9
v -0.2 0 -2.9
v -0.1 0 -2.9
v 3.2 0 -2.9
v 3.3 0 -2.9
v 6 0 -2.9
v 6.1 0 -2.9
v -2.6 0 -3
v -2.5 0 -3
v -0.2 0 -3
v -0.1 0 -3
v 1.9 0 -3
v 2 0 -3
v 3.2 0 -3
v 3.3 0 -3
v 6 0 -3
v 6.1 0 -3
v 7 0 -3
v 7.1 0 -3
v -2.6 0 -3.1
v -2.5 0 -3.1
v -1.3 0 -3.1
v -1.2 0 -3.1
v 1 0 -3.1
v 1.1 0 -3.1
v 1.9 0 -3.1
v 2 0 -3.1
v 3.9 0 -3.1
v 4 0 -3.1
v 7 0 -3.1
v 7.1 0 -3.1
v -6.2 0 -3.2
v -6.1 0 -3.2
v -5.1 0 -3.2
v -5 0 -3.2
v -1.3 0 -3.2
v -1.2 0 -3.2
v 1 0 -3.2
v 1.1 0 -3.2
v 3.9 0 -3.2
v 4 0 -3.2
v -6.2 0 -3.3
v -6.1 0 -3.3
v -5.1 0 -3.3
v -5 0 -3.3
v -3.5 0 -3.3
v -3.4 0 -3.3
v -3.5 0 -3.4
v -3.4 0 -3.4
v 4.8 0 -3.4
v 4.9 0 -3.4
v 3.2 0 -3.5
v 3.3 0 -3.5
v 4.8 0 -3.5
v 4.9 0 -3.5
v -3 0 -3.6
v -2.9 0 -3.6
v 3.2 0 -3.6
v 3.3 0 -3.6
v -3 0 -3.7
v -2.9 0 -3.7
v 2.3 0 -3.7
v 2.4 0 -3.7
v -7 0 -3.8
v -6.9 0 -3.8
v 2.3 0 -3.8
v 2.4 0 -3.8
v -7 0 -3.9
v -6.9 0 -3.9
v 4.3 0 -3.9
v 4.4 0 -3.9
v 9.9 0 -3.9
v 10 0 -3.9
v -5.6 0 -4
v -5.5 0 -4
v -5.2 0 -4
v -5.1 0 -4
v -0.1 0 -4
v 0 0 -4
v 4.3 0 -4
v 4.4 0 -4
v 6.8 0 -4
v 6.9 0 -4
v 9.9 0 -4
v 10 0 -4
v -5.6 0 -4.1
v -5.5 0 -4.1
v -5.2 0 -4.1
v -5.1 0 -4.1
v -3.9 0 -4.1
v -3.8 0 -4.1
v -0.1 0 -4.1
v 0 0 -4.1
v 6.8 0 -4.1
v 6.9 0 -4.1
v -3.9 0 -4.2
v -3.8 0 -4.2
v -2.4 0 -4.2
v -2.3 0 -4.2
v -1.8 0 -4.2
v -1.7 0 -4.2
v -2.4 0 -4.3
v -2.3 0 -4.3
v -1.8 0 -4.3
v -1.7 0 -4.3
v 1.3 0 -4.3
v 1.4 0 -4.3
v 7.5 0 -4.3
v 7.6 0 -4.3
v 1.3 0 -4.4
v 1.4 0 -4.4
v 3.8 0 -4.4
v 3.9 0 -4.4
v 7.5 0 -4.4
v 7.6 0 -4.4
v -3 0 -4.5
v -2.9 0 -4.5
v 3.8 0 -4.5
v 3.9 0 -4.5
v 5.1 0 -4.5
v 5.2 0 -4.5
v -8.1 0 -4.6
v -8 0 -4.6
v -3 0 -4.6
v -2.9 0 -4.6
v -0.8 0 -4.6
v -0.7 0 -4.6
v 3 0 -4.6
v 3.1 0 -4.6
v 5.1 0 -4.6
v 5.2 0 -4.6
v -8.1 0 -4.7
v -8 0 -4.7
v -0.8 0 -4.7
v -0.7 0 -4.7
v 0.599999 0 -4.7
v 0.7 0 -4.7
v 3 0 -4.7
v 3.1 0 -4.7
v 4.4 0 -4.7
v 4.5 0 -4.7
v -5.4 0 -4.8
v -5.3 0 -4.8
v 0.599999 0 -4.8
v 0.7 0 -4.8
v 4.4 0 -4.8
v 4.5 0 -4.8
v -5.4 0 -4.9
v -5.3 0 -4.9
v -0.1 0 -4.9
v 0 0 -4.9
v 10.5 0 -4.9
v 10.6 0 -4.9
v -10.7 0 -5
v -10.6 0 -5
v -5.2 0 -5
v -5.1 0 -5
v -0.1 0 -5
v 0 0 -5
v 10.5 0 -5
v 10.6 0 -5
v -10.7 0 -5.1
v -10.6 0 -5.1
v -5.2 0 -5.1
v -5.1 0 -5.1
v -4.3 0 -5.1
v -4.2 0 -5.1
v 0.2 0 -5.1
v 0.3 0 -5.1
v 1.6 0 -5.1
v 1.7 0 -5.1
v -4.3 0 -5.2
v -4.2 0 -5.2
v 0.2 0 -5.2
v 0.3 0 -5.2
v 1.6 0 -5.2
v 1.7 0 -5.2
v 2.1 0 -5.3
v 2.2 0 -5.3
v -4 0 -5.4
v -3.9 0 -5.4
v 2.1 0 -5.4
v 2.2 0 -5.4
v -7.6 0 -5.5
v -7.5 0 -5.5
v -4 0 -5.5
v -3.9 0 -5.5
v -1.7 0 -5.5
v -1.6 0 -5.5
v -7.6 0 -5.6
v -7.5 0 -5.6
v -2.5 0 -5.6
v -2.4 0 -5.6
v -1.7 0 -5.6
v -1.6 0 -5.6
v 4.3 0 -5.6
v 4.4 0 -5.6
v 5.7 0 -5.6
v 5.8 0 -5.6
v 8.7 0 -5.6
v 8.8 0 -5.6
v 10.5 0 -5.6
v 10.6 0 -5.6
v -8.9 0 -5.7
v -8.8 0 -5.7
v -6.3 0 -5.7
v -6.2 0 -5.7
v -3.3 0 -5.7
v -3.2 0 -5.7
v -2.5 0 -5.7
v -2.4 0 -5.7
v 3.9 0 -5.7
v 4 0 -5.7
v 4.3 0 -5.7
v 4.4 0 -5.7
v 5.7 0 -5.7
v 5.8 0 -5.7
v 8.7 0 -5.7
v 8.8 0 -5.7
v 10.5 0 -5.7
v 10.6 0 -5.7
v -8.9 0 -5.8
v -8.8 0 -5.8
v -6.3 0 -5.8
v -6.2 0 -5.8
v -3.3 0 -5.8
v -3.2 0 -5.8
v 0.8 0 -5.8
v 0.9 0 -5.8
v 3.9 0 -5.8
v 4 0 -5.8
v 0.8 0 -5.9
v 0.9 0 -5.9
v 3 0 -6
v 3.1 0 -6
v 3 0 -6.1
v 3.1 0 -6.1
v -4.4 0 -6.3
v -4.3 0 -6.3
v -4.4 0 -6.4
v -4.3 0 -6.4
v 1.8 0 -6.4
v 1.9 0 -6.4
v 1.8 0 -6.5
v 1.9 0 -6.5
v -3.7 0 -6.6
v -3.6 0 -6.6
v -3.7 0 -6.7
v -3.6 0 -6.7
v -10 0 -6.8
v -9.9 0 -6.8
v -5.3 0 -6.8
v -5.2 0 -6.8
v -10 0 -6.9
v -9.9 0 -6.9
v -5.3 0 -6.9
v -5.2 0 -6.9
v -2.5 0 -6.9
v -2.4 0 -6.9
v -1 0 -6.9
v -0.900001 0 -6.9
v -0.1 0 -6.9
v 0 0 -6.9
v -2.5 0 -7
v -2.4 0 -7
v -1 0 -7
v -0.900001 0 -7
v -0.1 0 -7
v 0 0 -7
v 1.2 0 -7
v 1.3 0 -7
v 6.9 0 -7
v 7 0 -7
v 1.2 0 -7.1
v 1.3 0 -7.1
v 3.7 0 -7.1
v 3.8 0 -7.1
v 6.9 0 -7.1
v 7 0 -7.1
v 3.7 0 -7.2
v 3.8 0 -7.2
v -7.7 0 -7.3
v -7.6 0 -7.3
v -7.7 0 -7.4
v -7.6 0 -7.4
v -4.4 0 -7.4
v -4.3 0 -7.4
v -4.4 0 -7.5
v -4.3 0 -7.5
v -3.7 0 -7.5
v -3.6 0 -7.5
v 4.7 0 -7.5
v 4.8 0 -7.5
v 10.4 0 -7.5
v 10.5 0 -7.5
v -5.7 0 -7.6
v -5.6 0 -7.6
v -3.7 0 -7.6
v -3.6 0 -7.6
v 4.7 0 -7.6
v 4.8 0 -7.6
v 10.4 0 -7.6
v 10.5 0 -7.6
v -5.7 0 -7.7
v -5.6 0 -7.7
v 1.8 0 -7.7
v 1.9 0 -7.7
v 1.8 0 -7.8
v 1.9 0 -7.8
v -2.1 0 -7.9
v -2 0 -7.9
v -2.1 0 -8
v -2 0 -8
v 0.3 0 -8.2
v 0.4 0 -8.2
v 9 0 -8.2
v 9.1 0 -8.2
v 0.3 0 -8.3
v 0.4 0 -8.3
v 9 0 -8.3
v 9.1 0 -8.3
v -8 0 -8.4
v -7.9 0 -8.4
v 3.2 0 -8.4
v 3.3 0 -8.4
v -8 0 -8.5
v -7.9 0 -8.5
v 3.2 0 -8.5
v 3.3 0 -8.5
v -9.2 0 -8.6
v -9.1 0 -8.6
v -3.3 0 -8.6
v -3.2 0 -8.6
v -1 0 -8.6
v -0.900001 0 -8.6
v -9.2 0 -8.7
v -9.1 0 -8.7
v -3.3 0 -8.7
v -3.2 0 -8.7
v -1 0 -8.7
v -0.900001 0 -8.7
v -5.9 0 -9
v -5.8 0 -9
v 7.7 0 -9
v 7.8 0 -9
v -5.9 0 -9.1
v -5.8 0 -9.1
v 0.8 0 -9.1
v 0.9 0 -9.1
v 7.7 0 -9.1
v 7.8 0 -9.1
v 0.8 0 -9.2
v 0.9 0 -9.2
v -11.8 0 -9.4
v -11.7 0 -9.4
v 2.3 0 -9.4
v 2.4 0 -9.4
v -11.8 0 -9.5
v -11.7 0 -9.5
v 2.3 0 -9.5
v 2.4 0 -9.5
v -3.5 0 -9.7
v -3.4 0 -9.7
v -3.5 0 -9.8
v -3.4 0 -9.8
v -6.6 0 -10
v -6.5 0 -10
v -6.6 0 -10.1
v -6.5 0 -10.1
v 2.2 0 -10.2
v 2.3 0 -10.2
v 4.3 0 -10.2
v 4.4 0 -10.2
v 2.2 0 -10.3
v 2.3 0 -10.3
v 4.3 0 -10.3
v 4.4 0 -10.3
v 6.1 0 -10.4
v 6.2 0 -10.4
v 6.1 0 -10.5
v 6.2 0 -10.5
v 8.4 0 -10.7
v 8.5 0 -10.7
v 8.4 0 -10.8
v 8.5 0 -10.8
v -4.3 0 -11.5
v -4.2 0 -11.5
v 0.7 0 -11.5
v 0.8 0 -11.5
v -4.3 0 -11.6
v -4.2 0 -11.6
v -2.4 0 -11.6
v -2.3 0 -11.6
v 0.7 0 -11.6
v 0.8 0 -11.6
v -2.4 0 -11.7
v -2.3 0 -11.7
v -7.9 0 -11.8
v -7.8 0 -11.8
v 10.7 0 -11.8
v 10.8 0 -11.8
v -11.1 0 -11.9
v -11 0 -11.9
v -7.9 0 -11.9
v -7.8 0 -11.9
v 10.7 0 -11.9
v 10.8 0 -11.9
v -11.1 0 -12
v -11 0 -12
v 7.3 0 -12.2
v 7.4 0 -12.2
v 4.9 0 -12.3
v 5 0 -12.3
v 7.3 0 -12.3
v 7.4 0 -12.3
v 4.9 0 -12.4
v 5 0 -12.4
v -11.8 0.1 12.1
v -11.7 0.1 12.1
v 5.5 0.1 12.1
v 5.6 0.1 12.1
v -11.8 0.1 12
v -11.7 0.1 12
v -2.4 0.1 12
v -2.3 0.1 12
v 5.5 0.1 12
v 5.6 0.1 12
v -2.4 0.1 11.9
v -2.3 0.1 11.9
v 10.5 0.1 11.4
v 10.6 0.1 11.4
v 10.5 0.1 11.3
v 10.6 0.1 11.3
v 2.1 0.1 11.2
v 2.2 0.1 11.2
v 7.4 0.1 11.2
v 7.5 0.1 11.2
v 2.1 0.1 11.1
v 2.2 0.1 11.1
v 7.4 0.1 11.1
v 7.5 0.1 11.1
v 4.5 0.1 10.9
v 4.6 0.1 10.9
v -9.4 0.1 10.8
v -9.3 0.1 10.8
v 4.5 0.1 10.8
v 4.6 0.1 10.8
v -9.4 0.1 10.7
v -9.3 0.1 10.7
v 6.5 0.1 10.7
v 6.6 0.1 10.7
v 6.5 0.1 10.6
v 6.6 0.1 10.6
v 0.2 0.1 10.3
v 0.3 0.1 10.3
v 0.2 0.1 10.2
v 0.3 0.1 10.2
v -5.7 0.1 10
v -5.6 0.1 10
v -2.2 0.1 10
v -2.1 0.1 10
v -5.7 0.1 9.9
v -5.6 0.1 9.9
v -2.2 0.1 9.9
v -2.1 0.1 9.9
v -1.4 0.1 9.7
v -1.3 0.1 9.7
v -1.4 0.1 9.6
v -1.3 0.1 9.6
v 3 0.1 9.6
v 3.1 0.1 9.6
v -3.8 0.1 9.5
v -3.7 0.1 9.5
v 3 0.1 9.5
v 3.1 0.1 9.5
v -3.8 0.1 9.4
v -3.7 0.1 9.4
v -11.6 0.1 9.3
v -11.5 0.1 9.3
v 10.1 0.1 9.3
v 10.2 0.1 9.3
v -11.6 0.1 9.2
v -11.5 0.1 9.2
v 10.1 0.1 9.2
v 10.2 0.1 9.2
v -7.6 0.1 9.1
v -7.5 0.1 9.1
v 0 0.1 9.1
v 0.0999994 0.1 9.1
v 0.9 0.1 9.1
v 1 0.1 9.1
v -7.6 0.1 9
v -7.5 0.1 9
v 0 0.1 9
v 0.0999994 0.1 9
v 0.9 0.1 9
v 1 0.1 9
v -3.2 0.1 8.9
v -3.1 0.1 8.9
v -3.2 0.1 8.8
v -3.1 0.1 8.8
v -4.9 0.1 8.7
v -4.8 0.1 8.7
v -2.1 0.1 8.7
v -2 0.1 8.7
v 12.2 0.1 8.7
v 12.3 0.1 8.7
v -4.9 0.1 8.6
v -4.8 0.1 8.6
v -2.1 0.1 8.6
v -2 0.1 8.6
v 12.2 0.1 8.6
v 12.3 0.1 8.6
v -5.7 0.1 8.5
v -5.6 0.1 8.5
v -5.7 0.1 8.4
v -5.6 0.1 8.4
v 5.3 0.1 8.4
v 5.4 0.1 8.4
v 6.8 0.1 8.4
v 6.9 0.1 8.4
v 5.3 0.1 8.3
v 5.4 0.1 8.3
v 6.8 0.1 8.3
v 6.9 0.1 8.3
v 8.5 0.1 8.3
v 8.6 0.1 8.3
v 8.5 0.1 8.2
v 8.6 0.1 8.2
v 2.2 0.1 8.1
v 2.3 0.1 8.1
v -7.1 0.1 8
v -7 0.1 8
v 0.4 0.1 8
v 0.5 0.1 8
v 2.2 0.1 8
v 2.3 0.1 8
v 2.4 0.1 8
v 2.5 0.1 8
v -7.1 0.1 7.9
v -7 0.1 7.9
v -3.1 0.1 7.9
v -3 0.1 7.9
v 0.4 0.1 7.9
v 0.5 0.1 7.9
v 2.4 0.1 7.9
v 2.5 0.1 7.9
v 5 0.1 7.9
v 5.1 0.1 7.9
v -3.1 0.1 7.8
v -3 0.1 7.8
v -0.6 0.1 7.8
v -0.5 0.1 7.8
v 3.5 0.1 7.8
v 3.6 0.1 7.8
v 5 0.1 7.8
v 5.1 0.1 7.8
v -2.3 0.1 7.7
v -2.2 0.1 7.7
v -0.6 0.1 7.7
v -0.5 0.1 7.7
v 3.5 0.1 7.7
v 3.6 0.1 7.7
v -4.5 0.1 7.6
v -4.4 0.1 7.6
v -2.3 0.1 7.6
v -2.2 0.1 7.6
v -8.8 0.1 7.5
v -8.7 0.1 7.5
v -6.6 0.1 7.5
v -6.5 0.1 7.5
v -5.6 0.1 7.5
v -5.5 0.1 7.5
v -4.5 0.1 7.5
v -4.4 0.1 7.5
v -8.8 0.1 7.4
v -8.7 0.1 7.4
v -6.6 0.1 7.4
v -6.5 0.1 7.4
v -5.6 0.1 7.4
v -5.5 0.1 7.4
v 0.4 0.1 7.4
v 0.5 0.1 7.4
v 0.4 0.1 7.3
v 0.5 0.1 7.3
v 7.7 0.1 7.2
v 7.8 0.1 7.2
v 7.7 0.1 7.1
v 7.8 0.1 7.1
v 1.3 0.1 6.9
v 1.4 0.1 6.9
v -3.4 0.1 6.8
v -3.3 0.1 6.8
v -1.6 0.1 6.8
v -1.5 0.1 6.8
v 1.3 0.1 6.8
v 1.4 0.1 6.8
v 4.6 0.1 6.8
v 4.7 0.1 6.8
v -3.4 0.1 6.7
v -3.3 0.1 6.7
v -3 0.1 6.7
v -2.9 0.1 6.7
v -1.6 0.1 6.7
v -1.5 0.1 6.7
v 2.8 0.1 6.7
v 2.9 0.1 6.7
v 4.6 0.1 6.7
v 4.7 0.1 6.7
v -3 0.1 6.6
v -2.9 0.1 6.6
v 2.8 0.1 6.6
v 2.9 0.1 6.6
v 2.1 0.1 6.5
v 2.2 0.1 6.5
v -5.8 0.1 6.4
v -5.7 0.1 6.4
v 2.1 0.1 6.4
v 2.2 0.1 6.4
v -5.8 0.1 6.3
v -5.7 0.1 6.3
v 5.3 0.1 6.2
v 5.4 0.1 6.2
v -7.7 0.1 6.1
v -7.6 0.1 6.1
v 5.3 0.1 6.1
v 5.4 0.1 6.1
v -7.7 0.1 6
v -7.6 0.1 6
v -6.6 0.1 6
v -6.5 0.1 6
v -1.9 0.1 6
v -1.8 0.1 6
v -0.7 0.1 6
v -0.6 0.1 6
v 0.5 0.1 6
v 0.599999 0.1 6
v -6.6 0.1 5.9
v -6.5 0.1 5.9
v -5.6 0.1 5.9
v -5.5 0.1 5.9
v -4.8 0.1 5.9
v -4.7 0.1 5.9
v -1.9 0.1 5.9
v -1.8 0.1 5.9
v -0.7 0.1 5.9
v -0.6 0.1 5.9
v 0.5 0.1 5.9
v 0.599999 0.1 5.9
v 4.8 0.1 5.9
v 4.9 0.1 5.9
v -10.7 0.1 5.8
v -10.6 0.1 5.8
v -5.6 0.1 5.8
v -5.5 0.1 5.8
v -4.8 0.1 5.8
v -4.7 0.1 5.8
v 1.8 0.1 5.8
v 1.9 0.1 5.8
v 4.8 0.1 5.8
v 4.9 0.1 5.8
v 1.8 0.1 5.7
v 1.9 0.1 5.7
v -10.7 0.1 5.6
v -10.6 0.1 5.6
v 3.8 0.1 5.6
v 3.9 0.1 5.6
v 3.8 0.1 5.5
v 3.9 0.1 5.5
v 10.3 0.1 5.5
v 10.4 0.1 5.5
v -3.6 0.1 5.4
v -3.5 0.1 5.4
v 10.3 0.1 5.4
v 10.4 0.1 5.4
v -3.6 0.1 5.3
v -3.5 0.1 5.3
v -2.3 0.1 5.3
v -2.2 0.1 5.3
v 6.9 0.1 5.3
v 7 0.1 5.3
v -3.1 0.1 5.2
v -3 0.1 5.2
v -2.3 0.1 5.2
v -2.2 0.1 5.2
v -1.5 0.1 5.2
v -1.4 0.1 5.2
v -0.3 0.1 5.2
v -0.2 0.1 5.2
v 5.6 0.1 5.2
v 5.7 0.1 5.2
v 6.9 0.1 5.2
v 7 0.1 5.2
v 8.9 0.1 5.2
v 9 0.1 5.2
v -3.1 0.1 5.1
v -3 0.1 5.1
v -1.5 0.1 5.1
v -1.4 0.1 5.1
v -0.3 0.1 5.1
v -0.2 0.1 5.1
v 1.3 0.1 5.1
v 1.4 0.1 5.1
v 5.6 0.1 5.1
v 5.7 0.1 5.1
v 8.9 0.1 5.1
v 9 0.1 5.1
v -7 0.1 5
v -6.9 0.1 5
v -5.1 0.1 5
v -5 0.1 5
v 1.3 0.1 5
v 1.4 0.1 5
v -8.4 0.1 4.9
v -8.3 0.1 4.9
v -7 0.1 4.9
v -6.9 0.1 4.9
v -5.1 0.1 4.9
v -5 0.1 4.9
v -8.4 0.1 4.8
v -8.3 0.1 4.8
v 6.4 0.1 4.6
v 6.5 0.1 4.6
v 0.3 0.1 4.5
v 0.4 0.1 4.5
v 2.2 0.1 4.5
v 2.3 0.1 4.5
v 2.9 0.1 4.5
v 3 0.1 4.5
v 6.4 0.1 4.5
v 6.5 0.1 4.5
v 0.3 0.1 4.4
v 0.4 0.1 4.4
v 2.2 0.1 4.4
v 2.3 0.1 4.4
v 2.9 0.1 4.4
v 3 0.1 4.4
v 5.8 0.1 4.4
v 5.9 0.1 4.4
v 7.4 0.1 4.4
v 7.5 0.1 4.4
v -0.6 0.1 4.3
v -0.5 0.1 4.3
v 4.5 0.1 4.3
v 4.6 0.1 4.3
v 5.8 0.1 4.3
v 5.9 0.1 4.3
v 7.4 0.1 4.3
v 7.5 0.1 4.3
v -5.4 0.1 4.2
v -5.3 0.1 4.2
v -4.1 0.1 4.2
v -4 0.1 4.2
v -1.6 0.1 4.2
v -1.5 0.1 4.2
v -0.6 0.1 4.2
v -0.5 0.1 4.2
v 4.5 0.1 4.2
v 4.6 0.1 4.2
v -8.1 0.1 4.1
v -8 0.1 4.1
v -5.4 0.1 4.1
v -5.3 0.1 4.1
v -4.1 0.1 4.1
v -4 0.1 4.1
v -2.6 0.1 4.1
v -2.5 0.1 4.1
v -1.6 0.1 4.1
v -1.5 0.1 4.1
v -8.1 0.1 4
v -8 0.1 4
v -2.6 0.1 4
v -2.5 0.1 4
v -6.6 0.1 3.8
v -6.5 0.1 3.8
v -0.6 0.1 3.8
v -0.5 0.1 3.8
v 2.6 0.1 3.8
v 2.7 0.1 3.8
v 7.9 0.1 3.8
v 8 0.1 3.8
v 10.4 0.1 3.8
v 10.5 0.1 3.8
v -6.6 0.1 3.7
v -6.5 0.1 3.7
v -3.1 0.1 3.7
v -3 0.1 3.7
v -0.6 0.1 3.7
v -0.5 0.1 3.7
v 1.4 0.1 3.7
v 1.5 0.1 3.7
v 2.6 0.1 3.7
v 2.7 0.1 3.7
v 7.9 0.1 3.7
v 8 0.1 3.7
v 10.4 0.1 3.7
v 10.5 0.1 3.7
v -3.1 0.1 3.6
v -3 0.1 3.6
v 1.4 0.1 3.6
v 1.5 0.1 3.6
v 4 0.1 3.6
v 4.1 0.1 3.6
v 4 0.1 3.5
v 4.1 0.1 3.5
v 6.7 0.1 3.3
v 6.8 0.1 3.3
v -11.4 0.1 3.2
v -11.3 0.1 3.2
v -1.9 0.1 3.2
v -1.8 0.1 3.2
v 6.7 0.1 3.2
v 6.8 0.1 3.2
v -11.4 0.1 3.1
v -11.3 0.1 3.1
v -1.9 0.1 3.1
v -1.8 0.1 3.1
v 0.7 0.1 3.1
v 0.8 0.1 3.1
v 5.7 0.1 3.1
v 5.8 0.1 3.1
v 0.7 0.1 3
v 0.8 0.1 3
v 5.7 0.1 3
v 5.8 0.1 3
v -10.1 0.1 2.9
v -10 0.1 2.9
v -2.9 0.1 2.9
v -2.8 0.1 2.9
v 2.3 0.1 2.9
v 2.4 0.1 2.9
v -10.1 0.1 2.8
v -10 0.1 2.8
v -5.2 0.1 2.8
v -5.1 0.1 2.8
v -2.9 0.1 2.8
v -2.8 0.1 2.8
v 2.3 0.1 2.8
v 2.4 0.1 2.8
v 3.7 0.1 2.8
v 3.8 0.1 2.8
v -5.2 0.1 2.7
v -5.1 0.1 2.7
v -4.2 0.1 2.7
v -4.1 0.1 2.7
v -1.6 0.1 2.7
v -1.5 0.1 2.7
v 3.7 0.1 2.7
v 3.8 0.1 2.7
v -4.2 0.1 2.6
v -4.1 0.1 2.6
v -1.6 0.1 2.6
v -1.5 0.1 2.6
v -0.3 0.1 2.6
v -0.2 0.1 2.6
v -6.1 0.1 2.5
v -6 0.1 2.5
v -0.3 0.1 2.5
v -0.2 0.1 2.5
v 1.1 0.1 2.5
v 1.2 0.1 2.5
v -6.1 0.1 2.4
v -6 0.1 2.4
v 1.1 0.1 2.4
v 1.2 0.1 2.4
v 3.8 0.1 2.4
v 3.9 0.1 2.4
v 3.8 0.1 2.3
v 3.9 0.1 2.3
v 5.2 0.1 2.2
v 5.3 0.1 2.2
v 7.8 0.1 2.2
v 7.9 0.1 2.2
v -8.3 0.1 2.1
v -8.2 0.1 2.1
v 5.2 0.1 2.1
v 5.3 0.1 2.1
v 7.8 0.1 2.1
v 7.9 0.1 2.1
v -8.3 0.1 2
v -8.2 0.1 2
v -3.4 0.1 2
v -3.3 0.1 2
v 2.9 0.1 2
v 3 0.1 2
v -3.4 0.1 1.9
v -3.3 0.1 1.9
v 2.9 0.1 1.9
v 3 0.1 1.9
v -4.9 0.1 1.8
v -4.8 0.1 1.8
v 7.1 0.1 1.8
v 7.2 0.1 1.8
v 10.9 0.1 1.8
v 11 0.1 1.8
v -4.9 0.1 1.7
v -4.8 0.1 1.7
v 7.1 0.1 1.7
v 7.2 0.1 1.7
v 10.9 0.1 1.7
v 11 0.1 1.7
v -2.1 0.1 1.6
v -2 0.1 1.6
v -1.2 0.1 1.6
v -1.1 0.1 1.6
v -6.6 0.1 1.5
v -6.5 0.1 1.5
v -3.6 0.1 1.5
v -3.5 0.1 1.5
v -2.1 0.1 1.5
v -2 0.1 1.5
v -1.2 0.1 1.5
v -1.1 0.1 1.5
v 1.5 0.1 1.5
v 1.6 0.1 1.5
v -6.6 0.1 1.4
v -6.5 0.1 1.4
v -3.6 0.1 1.4
v -3.5 0.1 1.4
v 1.5 0.1 1.4
v 1.6 0.1 1.4
v -0.1 0.1 1.3
v 0 0.1 1.3
v 4.2 0.1 1.3
v 4.3 0.1 1.3
v -0.1 0.1 1.2
v 0 0.1 1.2
v 2.5 0.1 1.2
v 2.6 0.1 1.2
v 4.2 0.1 1.2
v 4.3 0.1 1.2
v 5.9 0.1 1.2
v 6 0.1 1.2
v 7.6 0.1 1.2
v 7.7 0.1 1.2
v 11.4 0.1 1.2
v 11.5 0.1 1.2
v -8.7 0.1 1.1
v -8.6 0.1 1.1
v 0.5 0.1 1.1
v 0.599999 0.1 1.1
v 2.5 0.1 1.1
v 2.6 0.1 1.1
v 3.4 0.1 1.1
v 3.5 0.1 1.1
v 5.9 0.1 1.1
v 6 0.1 1.1
v 7.6 0.1 1.1
v 7.7 0.1 1.1
v 11.4 0.1 1.1
v 11.5 0.1 1.1
v -8.7 0.1 1
v -8.6 0.1 1
v 0.5 0.1 1
v 0.599999 0.1 1
v 3.4 0.1 1
v 3.5 0.1 1
v 9.3 0.1 1
v 9.4 0.1 1
v -4.1 0.1 0.9
v -4 0.1 0.9
v -0.1 0.1 0.9
v 0 0.1 0.9
v 9.3 0.1 0.9
v 9.4 0.1 0.9
v -4.1 0.1 0.799999
v -4 0.1 0.799999
v -1.5 0.1 0.799999
v -1.4 0.1 0.799999
v -0.1 0.1 0.799999
v 0 0.1 0.799999
v -5.5 0.1 0.7
v -5.4 0.1 0.7
v -1.5 0.1 0.7
v -1.4 0.1 0.7
v 1.2 0.1 0.7
v 1.3 0.1 0.7
v 6.7 0.1 0.7
v 6.8 0.1 0.7
v -5.5 0.1 0.599999
v -5.4 0.1 0.599999
v 1.2 0.1 0.599999
v 1.3 0.1 0.599999
v 6.7 0.1 0.599999
v 6.8 0.1 0.599999
v -3 0.1 0.5
v -2.9 0.1 0.5
v 4.7 0.1 0.5
v 4.8 0.1 0.5
v 9 0.1 0.5
v 9.1 0.1 0.5
v -3 0.1 0.4
v -2.9 0.1 0.4
v -1 0.1 0.4
v -0.900001 0.1 0.4
v 3.3 0.1 0.4
v 3.4 0.1 0.4
v 4.7 0.1 0.4
v 4.8 0.1 0.4
v 8.4 0.1 0.4
v 8.5 0.1 0.4
v 9 0.1 0.4
v 9.1 0.1 0.4
v -6.7 0.1 0.299999
v -6.6 0.1 0.299999
v -2.4 0.1 0.299999
v -2.3 0.1 0.299999
v -1 0.1 0.299999
v -0.900001 0.1 0.299999
v 3.3 0.1 0.299999
v 3.4 0.1 0.299999
v 6.2 0.1 0.299999
v 6.3 0.1 0.299999
v 8.4 0.1 0.299999
v 8.5 0.1 0.299999
v -6.7 0.1 0.2
v -6.6 0.1 0.2
v -2.4 0.1 0.2
v -2.3 0.1 0.2
v 6.2 0.1 0.2
v 6.3 0.1 0.2
v 0.3 0.1 0.0999994
v 0.4 0.1 0.0999994
v -4.7 0.1 0
v -4.6 0.1 0
v -3.7 0.1 0
v -3.6 0.1 0
v 0.3 0.1 0
v 0.4 0.1 0
v 2.4 0.1 0
v 2.5 0.1 0
v 4.1 0.1 0
v 4.2 0.1 0
v -4.7 0.1 -0.1
v -4.6 0.1 -0.1
v -3.7 0.1 -0.1
v -3.6 0.1 -0.1
v 2.4 0.1 -0.1
v 2.5 0.1 -0.1
v 4.1 0.1 -0.1
v 4.2 0.1 -0.1
v 6.6 0.1 -0.400001
v 6.7 0.1 -0.400001
v -7 0.1 -0.5
v -6.9 0.1 -0.5
v 1.4 0.1 -0.5
v 1.5 0.1 -0.5
v 6.6 0.1 -0.5
v 6.7 0.1 -0.5
v -10.4 0.1 -0.6
v -10.3 0.1 -0.6
v -7 0.1 -0.6
v -6.9 0.1 -0.6
v -6.1 0.1 -0.6
v -6 0.1 -0.6
v 1.4 0.1 -0.6
v 1.5 0.1 -0.6
v 3.3 0.1 -0.6
v 3.4 0.1 -0.6
v 5.7 0.1 -0.6
v 5.8 0.1 -0.6
v -10.4 0.1 -0.700001
v -10.3 0.1 -0.700001
v -6.1 0.1 -0.700001
v -6 0.1 -0.700001
v -2.5 0.1 -0.700001
v -2.4 0.1 -0.700001
v -1.2 0.1 -0.700001
v -1.1 0.1 -0.700001
v 3.3 0.1 -0.700001
v 3.4 0.1 -0.700001
v 5.7 0.1 -0.700001
v 5.8 0.1 -0.700001
v -2.5 0.1 -0.8
v -2.4 0.1 -0.8
v -1.2 0.1 -0.8
v -1.1 0.1 -0.8
v -0.1 0.1 -0.900001
v 0 0.1 -0.900001
v -6.2 0.1 -1
v -6.1 0.1 -1
v -5.5 0.1 -1
v -5.4 0.1 -1
v -1.4 0.1 -1
v -1.3 0.1 -1
v -0.1 0.1 -1
v 0 0.1 -1
v 0.7 0.1 -1
v 0.8 0.1 -1
v 4.7 0.1 -1
v 4.8 0.1 -1
v 11.5 0.1 -1
v 11.6 0.1 -1
v -6.2 0.1 -1.1
v -6.1 0.1 -1.1
v -5.5 0.1 -1.1
v -5.4 0.1 -1.1
v -3.2 0.1 -1.1
v -3.1 0.1 -1.1
v -1.4 0.1 -1.1
v -1.3 0.1 -1.1
v 0.7 0.1 -1.1
v 0.8 0.1 -1.1
v 4.7 0.1 -1.1
v 4.8 0.1 -1.1
v 7.5 0.1 -1.1
v 7.6 0.1 -1.1
v 11.5 0.1 -1.1
v 11.6 0.1 -1.1
v -4.3 0.1 -1.2
v -4.2 0.1 -1.2
v -3.2 0.1 -1.2
v -3.1 0.1 -1.2
v 2.1 0.1 -1.2
v 2.2 0.1 -1.2
v 7.5 0.1 -1.2
v 7.6 0.1 -1.2
v -4.3 0.1 -1.3
v -4.2 0.1 -1.3
v 2.1 0.1 -1.3
v 2.2 0.1 -1.3
v -12.5 0.1 -1.6
v -12.4 0.1 -1.6
v 2.9 0.1 -1.6
v 3 0.1 -1.6
v 6.5 0.1 -1.6
v 6.6 0.1 -1.6
v -12.5 0.1 -1.7
v -12.4 0.1 -1.7
v -2.3 0.1 -1.7
v -2.2 0.1 -1.7
v 2.9 0.1 -1.7
v 3 0.1 -1.7
v 3.8 0.1 -1.7
v 3.9 0.1 -1.7
v 6.5 0.1 -1.7
v 6.6 0.1 -1.7
v -2.3 0.1 -1.8
v -2.2 0.1 -1.8
v 3.8 0.1 -1.8
v 3.9 0.1 -1.8
v 4.6 0.1 -1.8
v 4.7 0.1 -1.8
v 0.599999 0.1 -1.9
v 0.7 0.1 -1.9
v 1.4 0.1 -1.9
v 1.5 0.1 -1.9
v 4.6 0.1 -1.9
v 4.7 0.1 -1.9
v 8.4 0.1 -1.9
v 8.5 0.1 -1.9
v -5.1 0.1 -2
v -5 0.1 -2
v -3.4 0.1 -2
v -3.3 0.1 -2
v -1.1 0.1 -2
v -1 0.1 -2
v 0.599999 0.1 -2
v 0.7 0.1 -2
v 1.4 0.1 -2
v 1.5 0.1 -2
v 8.4 0.1 -2
v 8.5 0.1 -2
v -5.1 0.1 -2.1
v -5 0.1 -2.1
v -4 0.1 -2.1
v -3.9 0.1 -2.1
v -3.4 0.1 -2.1
v -3.3 0.1 -2.1
v -1.1 0.1 -2.1
v -1 0.1 -2.1
v 5.7 0.1 -2.1
v 5.8 0.1 -2.1
v 9.7 0.1 -2.1
v 9.8 0.1 -2.1
v -4 0.1 -2.2
v -3.9 0.1 -2.2
v -2.7 0.1 -2.2
v -2.6 0.1 -2.2
v 2.3 0.1 -2.2
v 2.4 0.1 -2.2
v 5.7 0.1 -2.2
v 5.8 0.1 -2.2
v 9.7 0.1 -2.2
v 9.8 0.1 -2.2
v 10.5 0.1 -2.2
v 10.6 0.1 -2.2
v -8.7 0.1 -2.3
v -8.6 0.1 -2.3
v -2.7 0.1 -2.3
v -2.6 0.1 -2.3
v -1.6 0.1 -2.3
v -1.5 0.1 -2.3
v 2.3 0.1 -2.3
v 2.4 0.1 -2.3
v 10.5 0.1 -2.3
v 10.6 0.1 -2.3
v -8.7 0.1 -2.4
v -8.6 0.1 -2.4
v -6 0.1 -2.4
v -5.9 0.1 -2.4
v -1.6 0.1 -2.4
v -1.5 0.1 -2.4
v -0.7 0.1 -2.4
v -0.6 0.1 -2.4
v -6 0.1 -2.5
v -5.9 0.1 -2.5
v -0.7 0.1 -2.5
v -0.6 0.1 -2.5
v 0.5 0.1 -2.5
v 0.599999 0.1 -2.5
v 4.4 0.1 -2.5
v 4.5 0.1 -2.5
v -7.5 0.1 -2.6
v -7.4 0.1 -2.6
v 0.5 0.1 -2.6
v 0.599999 0.1 -2.6
v 4.4 0.1 -2.6
v 4.5 0.1 -2.6
v -7.5 0.1 -2.7
v -7.4 0.1 -2.7
v 11.4 0.1 -2.7
v 11.5 0.1 -2.7
v -4.4 0.1 -2.8
v -4.3 0.1 -2.8
v 11.4 0.1 -2.8
v 11.5 0.1 -2.8
v -4.4 0.1 -2.9
v -4.3 0.1 -2.9
v -0.2 0.1 -2.9
v -0.1 0.1 -2.9
v 3.2 0.1 -2.9
v 3.3 0.1 -2.9
v 6 0.1 -2.9
v 6.1 0.1 -2.9
v -2.6 0.1 -3
v -2.5 0.1 -3
v -0.2 0.1 -3
v -0.1 0.1 -3
v 1.9 0.1 -3
v 2 0.1 -3
v 3.2 0.1 -3
v 3.3 0.1 -3
v 6 0.1 -3
v 6.1 0.1 -3
v 7 0.1 -3
v 7.1 0.1 -3
v -2.6 0.1 -3.1
v -2.5 0.1 -3.1
v -1.3 0.1 -3.1
v -1.2 0.1 -3.1
v 1 0.1 -3.1
v 1.1 0.1 -3.1
v 1.9 0.1 -3.1
v 2 0.1 -3.1
v 3.9 0.1 -3.1
v 4 0.1 -3.1
v 7 0.1 -3.1
v 7.1 0.1 -3.1
v -6.2 0.1 -3.2
v -6.1 0.1 -3.2
v -5.1 0.1 -3.2
v -5 0.1 -3.2
v -1.3 0.1 -3.2
v -1.2 0.1 -3.2
v 1 0.1 -3.2
v 1.1 0.1 -3.2
v 3.9 0.1 -3.2
v 4 0.1 -3.2
v -6.2 0.1 -3.3
v -6.1 0.1 -3.3
v -5.1 0.1 -3.3
v -5 0.1 -3.3
v -3.5 0.1 -3.3
v -3.4 0.1 -3.3
v -3.5 0.1 -3.4
v -3.4 0.1 -3.4
v 4.8 0.1 -3.4
v 4.9 0.1 -3.4
v 3.2 0.1 -3.5
v 3.3 0.1 -3.5
v 4.8 0.1 -3.5
v 4.9 0.1 -3.5
v -3 0.1 -3.6
v -2.9 0.1 -3.6
v 3.2 0.1 -3.6
v 3.3 0.1 -3.6
v -3 0.1 -3.7
v -2.9 0.1 -3.7
v 2.3 0.1 -3.7
v 2.4 0.1 -3.7
v -7 0.1 -3.8
v -6.9 0.1 -3.8
v 2.3 0.1 -3.8
v 2.4 0.1 -3.8
v -7 0.1 -3.9
v -6.9 0.1 -3.9
v 4.3 0.1 -3.9
v 4.4 0.1 -3.9
v 9.9 0.1 -3.9
v 10 0.1 -3.9
v -5.6 0.1 -4
v -5.5 0.1 -4
v -5.2 0.1 -4
v -5.1 0.1 -4
v -0.1 0.1 -4
v 0 0.1 -4
v 4.3 0.1 -4
v 4.4 0.1 -4
v 6.8 0.1 -4
v 6.9 0.1 -4
v 9.9 0.1 -4
v 10 0.1 -4
v -5.6 0.1 -4.1
v -5.5 0.1 -4.1
v -5.2 0.1 -4.1
v -5.1 0.1 -4.1
v -3.9 0.1 -4.1
v -3.8 0.1 -4.1
v -0.1 0.1 -4.1
v 0 0.1 -4.1
v 6.8 0.1 -4.1
v 6.9 0.1 -4.1
v -3.9 0.1 -4.2
v -3.8 0.1 -4.2
v -2.4 0.1 -4.2
v -2.3 0.1 -4.2
v -1.8 0.1 -4.2
v -1.7 0.1 -4.2
v -2.4 0.1 -4.3
v -2.3 0.1 -4.3
v -1.8 0.1 -4.3
v -1.7 0.1 -4.3
v 1.3 0.1 -4.3
v 1.4 0.1 -4.3
v 7.5 0.1 -4.3
v 7.6 0.1 -4.3
v 1.3 0.1 -4.4
v 1.4 0.1 -4.4
v 3.8 0.1 -4.4
v 3.9 0.1 -4.4
v 7.5 0.1 -4.4
v 7.6 0.1 -4.4
v -3 0.1 -4.5
v -2.9 0.1 -4.5
v 3.8 0.1 -4.5
v 3.9 0.1 -4.5
v 5.1 0.1 -4.5
v 5.2 0.1 -4.5
v -8.1 0.1 -4.6
v -8 0.1 -4.6
v -3 0.1 -4.6
v -2.9 0.1 -4.6
v -0.8 0.1 -4.6
v -0.7 0.1 -4.6
v 3 0.1 -4.6
v 3.1 0.1 -4.6
v 5.1 0.1 -4.6
v 5.2 0.1 -4.6
v -8.1 0.1 -4.7
v -8 0.1 -4.7
v -0.8 0.1 -4.7
v -0.7 0.1 -4.7
v 0.599999 0.1 -4.7
v 0.7 0.1 -4.7
v 3 0.1 -4.7
v 3.1 0.1 -4.7
v 4.4 0.1 -4.7
v 4.5 0.1 -4.7
v -5.4 0.1 -4.8
v -5.3 0.1 -4.8
v 0.599999 0.1 -4.8
v 0.7 0.1 -4.8
v 4.4 0.1 -4.8
v 4.5 0.1 -4.8
v -5.4 0.1 -4.9
v -5.3 0.1 -4.9
v -0.1 0.1 -4.9
v 0 0.1 -4.9
v 10.5 0.1 -4.9
v 10.6 0.1 -4.9
v -10.7 0.1 -5
v -10.6 0.1 -5
v -5.2 0.1 -5
v -5.1 0.1 -5
v -0.1 0.1 -5
v 0 0.1 -5
v 10.5 0.1 -5
v 10.6 0.1 -5
v -10.7 0.1 -5.1
v -10.6 0.1 -5.1
v -5.2 0.1 -5.1
v -5.1 0.1 -5.1
v -4.3 0.1 -5.1
v -4.2 0.1 -5.1
v 0.2 0.1 -5.1
v 0.3 0.1 -5.1
v 1.6 0.1 -5.1
v 1.7 0.1 -5.1
v -4.3 0.1 -5.2
v -4.2 0.1 -5.2
v 0.2 0.1 -5.2
v 0.3 0.1 -5.2
v 1.6 0.1 -5.2
v 1.7 0.1 -5.2
v 2.1 0.1 -5.3
v 2.2 0.1 -5.3
v -4 0.1 -5.4
v -3.9 0.1 -5.4
v 2.1 0.1 -5.4
v 2.2 0.1 -5.4
v -7.6 0.1 -5.5
v -7.5 0.1 -5.5
v -4 0.1 -5.5
v -3.9 0.1 -5.5
v -1.7 0.1 -5.5
v -1.6 0.1 -5.5
v -7.6 0.1 -5.6
v -7.5 0.1 -5.6
v -2.5 0.1 -5.6
v -2.4 0.1 -5.6
v -1.7 0.1 -5.6
v -1.6 0.1 -5.6
v 4.3 0.1 -5.6
v 4.4 0.1 -5.6
v 5.7 0.1 -5.6
v 5.8 0.1 -5.6
v 8.7 0.1 -5.6
v 8.8 0.1 -5.6
v 10.5 0.1 -5.6
v 10.6 0.1 -5.6
v -8.9 0.1 -5.7
v -8.8 0.1 -5.7
v -6.3 0.1 -5.7
v -6.2 0.1 -5.7
v -3.3 0.1 -5.7
v -3.2 0.1 -5.7
v -2.5 0.1 -5.7
v -2.4 0.1 -5.7
v 3.9 0.1 -5.7
v 4 0.1 -5.7
v 4.3 0.1 -5.7
v 4.4 0.1 -5.7
v 5.7 0.1 -5.7
v 5.8 0.1 -5.7
v 8.7 0.1 -5.7
v 8.8 0.1 -5.7
v 10.5 0.1 -5.7
v 10.6 0.1 -5.7
v -8.9 0.1 -5.8
v -8.8 0.1 -5.8
v -6.3 0.1 -5.8
v -6.2 0.1 -5.8
v -3.3 0.1 -5.8
v -3.2 0.1 -5.8
v 0.8 0.1 -5.8
v 0.9 0.1 -5.8
v 3.9 0.1 -5.8
v 4 0.1 -5.8
v 0.8 0.1 -5.9
v 0.9 0.1 -5.9
v 3 0.1 -6
v 3.1 0.1 -6
v 3 0.1 -6.1
v 3.1 0.1 -6.1
v -4.4 0.1 -6.3
v -4.3 0.1 -6.3
v -4.4 0.1 -6.4
v -4.3 0.1 -6.4
v 1.8 0.1 -6.4
v 1.9 0.1 -6.4
v 1.8 0.1 -6.5
v 1.9 0.1 -6.5
v -3.7 0.1 -6.6
v -3.6 0.1 -6.6
v -3.7 0.1 -6.7
v -3.6 0.1 -6.7
v -10 0.1 -6.8
v -9.9 0.1 -6.8
v -5.3 0.1 -6.8
v -5.2 0.1 -6.8
v -10 0.1 -6.9
v -9.9 0.1 -6.9
v -5.3 0.1 -6.9
v -5.2 0.1 -6.9
v -2.5 0.1 -6.9
v -2.4 0.1 -6.9
v -1 0.1 -6.9
v -0.900001 0.1 -6.9
v -0.1 0.1 -6.9
v 0 0.1 -6.9
v -2.5 0.1 -7
v -2.4 0.1 -7
v -1 0.1 -7
v -0.900001 0.1 -7
v -0.1 0.1 -7
v 0 0.1 -7
v 1.2 0.1 -7
v 1.3 0.1 -7
v 6.9 0.1 -7
v 7 0.1 -7
v 1.2 0.1 -7.1
v 1.3 0.1 -7.1
v 3.7 0.1 -7.1
v 3.8 0.1 -7.1
v 6.9 0.1 -7.1
v 7 0.1 -7.1
v 3.7 0.1 -7.2
v 3.8 0.1 -7.2
v -7.7 0.1 -7.3
v -7.6 0.1 -7.3
v -7.7 0.1 -7.4
v -7.6 0.1 -7.4
v -4.4 0.1 -7.4
v -4.3 0.1 -7.4
v -4.4 0.1 -7.5
v -4.3 0.1 -7.5
v -3.7 0.1 -7.5
v -3.6 0.1 -7.5
v 4.7 0.1 -7.5
v 4.8 0.1 -7.5
v 10.4 0.1 -7.5
v 10.5 0.1 -7.5
v -5.7 0.1 -7.6
v -5.6 0.1 -7.6
v -3.7 0.1 -7.6
v -3.6 0.1 -7.6
v 4.7 0.1 -7.6
v 4.8 0.1 -7.6
v 10.4 0.1 -7.6
v 10.5 0.1 -7.6
v -5.7 0.1 -7.7
v -5.6 0.1 -7.7
v 1.8 0.1 -7.7
v 1.9 0.1 -7.7
v 1.8 0.1 -7.8
v 1.9 0.1 -7.8
v -2.1 0.1 -7.9
v -2 0.1 -7.9
v -2.1 0.1 -8
v -2 0.1 -8
v 0.3 0.1 -8.2
v 0.4 0.1 -8.2
v 9 0.1 -8.2
v 9.1 0.1 -8.2
v 0.3 0.1 -8.3
v 0.4 0.1 -8.3
v 9 0.1 -8.3
v 9.1 0.1 -8.3
v -8 0.1 -8.4
v -7.9 0.1 -8.4
v 3.2 0.1 -8.4
v 3.3 0.1 -8.4
v -8 0.1 -8.5
v -7.9 0.1 -8.5
v 3.2 0.1 -8.5
v 3.3 0.1 -8.5
v -9.2 0.1 -8.6
v -9.1 0.1 -8.6
v -3.3 0.1 -8.6
v -3.2 0.1 -8.6
v -1 0.1 -8.6
v -0.900001 0.1 -8.6
v -9.2 0.1 -8.7
v -9.1 0.1 -8.7
v -3.3 0.1 -8.7
v -3.2 0.1 -8.7
v -1 0.1 -8.7
v -0.900001 0.1 -8.7
v -5.9 0.1 -9
v -5.8 0.1 -9
v 7.7 0.1 -9
v 7.8 0.1 -9
v -5.9 0.1 -9.1
v -5.8 0.1 -9.1
v 0.8 0.1 -9.1
v 0.9 0.1 -9.1
v 7.7 0.1 -9.1
v 7.8 0.1 -9.1
v 0.8 0.1 -9.2
v 0.9 0.1 -9.2
v -11.8 0.1 -9.4
v -11.7 0.1 -9.4
v 2.3 0.1 -9.4
v 2.4 0.1 -9.4
v -11.8 0.1 -9.5
v -11.7 0.1 -9.5
v 2.3 0.1 -9.5
v 2.4 0.1 -9.5
v -3.5 0.1 -9.7
v -3.4 0.1 -9.7
v -3.5 0.1 -9.8
v -3.4 0.1 -9.8
v -6.6 0.1 -10
v -6.5 0.1 -10
v -6.6 0.1 -10.1
v -6.5 0.1 -10.1
v 2.2 0.1 -10.2
v 2.3 0.1 -10.2
v 4.3 0.1 -10.2
v 4.4 0.1 -10.2
v 2.2 0.1 -10.3
v 2.3 0.1 -10.3
v 4.3 0.1 -10.3
v 4.4 0.1 -10.3
v 6.1 0.1 -10.4
v 6.2 0.1 -10.4
v 6.1 0.1 -10.5
v 6.2 0.1 -10.5
v 8.4 0.1 -10.7
v 8.5 0.1 -10.7
v 8.4 0.1 -10.8
v 8.5 0.1 -10.8
v -4.3 0.1 -11.5
v -4.2 0.1 -11.5
v 0.7 0.1 -11.5
v 0.8 0.1 -11.5
v -4.3 0.1 -11.6
v -4.2 0.1 -11.6
v -2.4 0.1 -11.6
v -2.3 0.1 -11.6
v 0.7 0.1 -11.6
v 0.8 0.1 -11.6
v -2.4 0.1 -11.7
v -2.3 0.1 -11.7
v -7.9 0.1 -11.8
v -7.8 0.1 -11.8
v 10.7 0.1 -11.8
v 10.8 0.1 -11.8
v -11.1 0.1 -11.9
v -11 0.1 -11.9
v -7.9 0.1 -11.9
v -7.8 0.1 -11.9
v 10.7 0.1 -11.9
v 10.8 0.1 -11.9
v -11.1 0.1 -12
v -11 0.1 -12
v 7.3 0.1 -12.2
v 7.4 0.1 -12.2
v 4.9 0.1 -12.3
v 5 0.1 -12.3
v 7.3 0.1 -12.3
v 7.4 0.1 -12.3
v 4.9 0.1 -12.4
v 5 0.1 -12.4

# faces
f 3/7/1 2/7/1 1/7/1
f 4/7/1 2/7/1 3/7/1
f 9/4/1 6/4/1 5/4/1
f 10/4/1 6/4/1 9/4/1
f 11/4/1 8/4/1 7/4/1
f 12/4/1 8/4/1 11/4/1
f 15/4/1 14/4/1 13/4/1
f 16/4/1 14/4/1 15/4/1
f 19/5/1 18/5/1 17/5/1
f 20/5/1 18/5/1 19/5/1
f 23/4/1 22/4/1 21/4/1
f 24/4/1 22/4/1 23/4/1
f 29/7/1 26/7/1 25/7/1
f 30/7/1 26/7/1 29/7/1
f 31/7/1 28/7/1 27/7/1
f 32/7/1 28/7/1 31/7/1
f 35/5/1 34/5/1 33/5/1
f 36/5/1 34/5/1 35/5/1
f 39/3/1 38/3/1 37/3/1
f 40/3/1 38/3/1 39/3/1
f 43/1/1 42/1/1 41/1/1
f 44/1/1 42/1/1 43/1/1
f 47/4/1 46/4/1 45/4/1
f 48/4/1 46/4/1 47/4/1
f 51/4/1 50/4/1 49/4/1
f 52/4/1 50/4/1 51/4/1
f 55/1/1 54/1/1 53/1/1
f 56/1/1 54/1/1 55/1/1
f 59/1/1 58/1/1 57/1/1
f 60/1/1 58/1/1 59/1/1
f 65/7/1 62/7/1 61/7/1
f 66/7/1 62/7/1 65/7/1
f 67/5/1 64/5/1 63/5/1
f 68/5/1 64/5/1 67/5/1
f 71/5/1 70/5/1 69/5/1
f 72/5/1 70/5/1 71/5/1
f 75/3/1 74/3/1 73/3/1
f 76/3/1 74/3/1 75/3/1
f 81/3/1 78/3/1 77/3/1
f 82/3/1 78/3/1 81/3/1
f 83/4/1 80/4/1 79/4/1
f 84/4/1 80/4/1 83/4/1
f 87/1/1 86/1/1 85/1/1
f 88/1/1 86/1/1 87/1/1
f 91/7/1 90/7/1 89/7/1
f 92/7/1 90/7/1 91/7/1
f 97/3/1 94/3/1 93/3/1
f 98/3/1 94/3/1 97/3/1
f 99/5/1 96/5/1 95/5/1
f 100/5/1 96/5/1 99/5/1
f 105/4/1 102/4/1 101/4/1
f 106/4/1 102/4/1 105/4/1
f 107/1/1 104/1/1 103/1/1
f 108/1/1 104/1/1 107/1/1
f 111/1/1 110/1/1 109/1/1
f 112/1/1 110/1/1 111/1/1
f 115/3/1 114/3/1 113/3/1
f 116/3/1 114/3/1 115/3/1
f 123/2/1 118/2/1 117/2/1
f 124/2/1 118/2/1 123/2/1
f 125/7/1 120/7/1 119/7/1
f 126/7/1 120/7/1 125/7/1
f 127/1/1 122/1/1 121/1/1
f 128/1/1 122/1/1 127/1/1
f 131/2/1 130/2/1 129/2/1
f 132/2/1 130/2/1 131/2/1
f 143/2/1 134/2/1 133/2/1
f 144/2/1 134/2/1 143/2/1
f 145/3/1 136/3/1 135/3/1
f 146/3/1 136/3/1 145/3/1
f 147/6/1 138/6/1 137/6/1
f 148/6/1 138/6/1 147/6/1
f 149/2/1 140/2/1 139/2/1
f 150/2/1 140/2/1 149/2/1
f 151/7/1 142/7/1 141/7/1
f 152/7/1 142/7/1 151/7/1
f 155/2/1 154/2/1 153/2/1
f 156/2/1 154/2/1 155/2/1
f 161/1/1 158/1/1 157/1/1
f 162/1/1 158/1/1 161/1/1
f 163/2/1 160/2/1 159/2/1
f 164/2/1 160/2/1 163/2/1
f 169/7/1 166/7/1 165/7/1
f 170/7/1 166/7/1 169/7/1
f 171/4/1 168/4/1 167/4/1
f 172/4/1 168/4/1 171/4/1
f 175/4/1 174/4/1 173/4/1
f 176/4/1 174/4/1 175/4/1
f 179/1/1 178/1/1 177/1/1
f 180/1/1 178/1/1 179/1/1
f 183/7/1 182/7/1 181/7/1
f 184/7/1 182/7/1 183/7/1
f 191/4/1 186/4/1 185/4/1
f 192/4/1 186/4/1 191/4/1
f 193/2/1 188/2/1 187/2/1
f 194/2/1 188/2/1 193/2/1
f 195/4/1 190/4/1 189/4/1
f 196/4/1 190/4/1 195/4/1
f 203/2/1 198/2/1 197/2/1
f 204/2/1 198/2/1 203/2/1
f 205/4/1 200/4/1 199/4/1
f 206/4/1 200/4/1 205/4/1
f 207/1/1 202/1/1 201/1/1
f 208/1/1 202/1/1 207/1/1
f 213/2/1 210/2/1 209/2/1
f 214/2/1 210/2/1 213/2/1
f 215/3/1 212/3/1 211/3/1
f 216/3/1 212/3/1 215/3/1
f 221/6/1 218/6/1 217/6/1
f 222/6/1 218/6/1 221/6/1
f 223/1/1 220/1/1 219/1/1
f 224/1/1 220/1/1 223/1/1
f 227/2/1 226/2/1 225/2/1
f 228/2/1 226/2/1 227/2/1
f 235/2/1 230/2/1 229/2/1
f 236/2/1 230/2/1 235/2/1
f 237/2/1 232/2/1 231/2/1
f 238/2/1 232/2/1 237/2/1
f 239/5/1 234/5/1 233/5/1
f 240/5/1 234/5/1 239/5/1
f 247/2/1 242/2/1 241/2/1
f 248/2/1 242/2/1 247/2/1
f 249/3/1 244/3/1 243/3/1
f 250/3/1 244/3/1 249/3/1
f 251/2/1 246/2/1 245/2/1
f 252/2/1 246/2/1 251/2/1
f 257/1/1 254/1/1 253/1/1
f 258/1/1 254/1/1 257/1/1
f 259/4/1 256/4/1 255/4/1
f 260/4/1 256/4/1 259/4/1
f 263/3/1 262/3/1 261/3/1
f 264/3/1 262/3/1 263/3/1
f 267/5/1 266/5/1 265/5/1
f 268/5/1 266/5/1 267/5/1
f 271/3/1 270/3/1 269/3/1
f 272/3/1 270/3/1 271/3/1
f 279/1/1 274/1/1 273/1/1
f 280/1/1 274/1/1 279/1/1
f 281/4/1 276/4/1 275/4/1
f 282/4/1 276/4/1 281/4/1
f 283/7/1 278/7/1 277/7/1
f 284/7/1 278/7/1 283/7/1
f 291/4/1 286/4/1 285/4/1
f 292/4/1 286/4/1 291/4/1
f 293/1/1 288/1/1 287/1/1
f 294/1/1 288/1/1 293/1/1
f 295/5/1 290/5/1 289/5/1
f 296/5/1 290/5/1 295/5/1
f 299/2/1 298/2/1 297/2/1
f 300/2/1 298/2/1 299/2/1
f 305/1/1 302/1/1 301/1/1
f 306/1/1 302/1/1 305/1/1
f 307/2/1 304/2/1 303/2/1
f 308/2/1 304/2/1 307/2/1
f 313/3/1 310/3/1 309/3/1
f 314/3/1 310/3/1 313/3/1
f 315/2/1 312/2/1 311/2/1
f 316/2/1 312/2/1 315/2/1
f 319/2/1 318/2/1 317/2/1
f 320/2/1 318/2/1 319/2/1
f 323/2/1 322/2/1 321/2/1
f 324/2/1 322/2/1 323/2/1
f 331/1/1 326/1/1 325/1/1
f 332/1/1 326/1/1 331/1/1
f 333/2/1 328/2/1 327/2/1
f 334/2/1 328/2/1 333/2/1
f 335/2/1 330/2/1 329/2/1
f 336/2/1 330/2/1 335/2/1
f 341/1/1 338/1/1 337/1/1
f 342/1/1 338/1/1 341/1/1
f 343/1/1 340/1/1 339/1/1
f 344/1/1 340/1/1 343/1/1
f 349/3/1 346/3/1 345/3/1
f 350/3/1 346/3/1 349/3/1
f 351/5/1 348/5/1 347/5/1
f 352/5/1 348/5/1 351/5/1
f 359/3/1 354/3/1 353/3/1
f 360/3/1 354/3/1 359/3/1
f 361/2/1 356/2/1 355/2/1
f 362/2/1 356/2/1 361/2/1
f 363/3/1 358/3/1 357/3/1
f 364/3/1 358/3/1 363/3/1
f 369/2/1 366/2/1 365/2/1
f 370/2/1 366/2/1 369/2/1
f 371/2/1 368/2/1 367/2/1
f 372/2/1 368/2/1 371/2/1
f 377/2/1 374/2/1 373/2/1
f 378/2/1 374/2/1 377/2/1
f 379/3/1 376/3/1 375/3/1
f 380/3/1 376/3/1 379/3/1
f 387/3/1 382/3/1 381/3/1
f 388/3/1 382/3/1 387/3/1
f 389/2/1 384/2/1 383/2/1
f 390/2/1 384/2/1 389/2/1
f 391/2/1 386/2/1 385/2/1
f 392/2/1 386/2/1 391/2/1
f 401/4/1 394/4/1 393/4/1
f 402/4/1 394/4/1 401/4/1
f 403/1/1 396/1/1 395/1/1
f 404/1/1 396/1/1 403/1/1
f 405/3/1 398/3/1 397/3/1
f 406/3/1 398/3/1 405/3/1
f 407/3/1 400/3/1 399/3/1
f 408/3/1 400/3/1 407/3/1
f 411/4/1 410/4/1 409/4/1
f 412/4/1 410/4/1 411/4/1
f 415/3/1 414/3/1 413/3/1
f 416/3/1 414/3/1 415/3/1
f 421/2/1 418/2/1 417/2/1
f 422/2/1 418/2/1 421/2/1
f 423/7/1 420/7/1 419/7/1
f 424/7/1 420/7/1 423/7/1
f 431/4/1 426/4/1 425/4/1
f 432/4/1 426/4/1 431/4/1
f 433/5/1 428/5/1 427/5/1
f 434/5/1 428/5/1 433/5/1
f 435/2/1 430/2/1 429/2/1
f 436/2/1 430/2/1 435/2/1
f 445/7/1 438/7/1 437/7/1
f 446/7/1 438/7/1 445/7/1
f 447/1/1 440/1/1 439/1/1
f 448/1/1 440/1/1 447/1/1
f 449/3/1 442/3/1 441/3/1
f 450/3/1 442/3/1 449/3/1
f 451/4/1 444/4/1 443/4/1
f 452/4/1 444/4/1 451/4/1
f 459/2/1 454/2/1 453/2/1
f 460/2/1 454/2/1 459/2/1
f 461/6/1 456/6/1 455/6/1
f 462/6/1 456/6/1 461/6/1
f 463/1/1 458/1/1 457/1/1
f 464/1/1 458/1/1 463/1/1
f 467/4/1 466/4/1 465/4/1
f 468/4/1 466/4/1 467/4/1
f 475/6/1 470/6/1 469/6/1
f 476/6/1 470/6/1 475/6/1
f 477/7/1 472/7/1 471/7/1
f 478/7/1 472/7/1 477/7/1
f 479/7/1 474/7/1 473/7/1
f 480/7/1 474/7/1 479/7/1
f 485/2/1 482/2/1 481/2/1
f 486/2/1 482/2/1 485/2/1
f 487/2/1 484/2/1 483/2/1
f 488/2/1 484/2/1 487/2/1
f 491/2/1 490/2/1 489/2/1
f 492/2/1 490/2/1 491/2/1
f 495/2/1 494/2/1 493/2/1
f 496/2/1 494/2/1 495/2/1
f 505/2/1 498/2/1 497/2/1
f 506/2/1 498/2/1 505/2/1
f 507/1/1 500/1/1 499/1/1
f 508/1/1 500/1/1 507/1/1
f 509/6/1 502/6/1 501/6/1
f 510/6/1 502/6/1 509/6/1
f 511/7/1 504/7/1 503/7/1
f 512/7/1 504/7/1 511/7/1
f 517/2/1 514/2/1 513/2/1
f 518/2/1 514/2/1 517/2/1
f 519/1/1 516/1/1 515/1/1
f 520/1/1 516/1/1 519/1/1
f 525/2/1 522/2/1 521/2/1
f 526/2/1 522/2/1 525/2/1
f 527/1/1 524/1/1 523/1/1
f 528/1/1 524/1/1 527/1/1
f 531/3/1 530/3/1 529/3/1
f 532/3/1 530/3/1 531/3/1
f 537/1/1 534/1/1 533/1/1
f 538/1/1 534/1/1 537/1/1
f 539/1/1 536/1/1 535/1/1
f 540/1/1 536/1/1 539/1/1
f 543/2/1 542/2/1 541/2/1
f 544/2/1 542/2/1 543/2/1
f 551/1/1 546/1/1 545/1/1
f 552/1/1 546/1/1 551/1/1
f 553/2/1 548/2/1 547/2/1
f 554/2/1 548/2/1 553/2/1
f 555/2/1 550/2/1 549/2/1
f 556/2/1 550/2/1 555/2/1
f 559/5/1 558/5/1 557/5/1
f 560/5/1 558/5/1 559/5/1
f 565/7/1 562/7/1 561/7/1
f 566/7/1 562/7/1 565/7/1
f 567/3/1 564/3/1 563/3/1
f 568/3/1 564/3/1 567/3/1
f 575/6/1 570/6/1 569/6/1
f 576/6/1 570/6/1 575/6/1
f 577/3/1 572/3/1 571/3/1
f 578/3/1 572/3/1 577/3/1
f 579/1/1 574/1/1 573/1/1
f 580/1/1 574/1/1 579/1/1
f 585/2/1 582/2/1 581/2/1
f 586/2/1 582/2/1 585/2/1
f 587/1/1 584/1/1 583/1/1
f 588/1/1 584/1/1 587/1/1
f 591/2/1 590/2/1 589/2/1
f 592/2/1 590/2/1 591/2/1
f 605/1/1 594/1/1 593/1/1
f 606/1/1 594/1/1 605/1/1
f 607/1/1 596/1/1 595/1/1
f 608/1/1 596/1/1 607/1/1
f 609/4/1 598/4/1 597/4/1
f 610/4/1 598/4/1 609/4/1
f 611/2/1 600/2/1 599/2/1
f 612/2/1 600/2/1 611/2/1
f 613/3/1 602/3/1 601/3/1
f 614/3/1 602/3/1 613/3/1
f 615/2/1 604/2/1 603/2/1
f 616/2/1 604/2/1 615/2/1
f 619/2/1 618/2/1 617/2/1
f 620/2/1 618/2/1 619/2/1
f 625/6/1 622/6/1 621/6/1
f 626/6/1 622/6/1 625/6/1
f 627/3/1 624/3/1 623/3/1
f 628/3/1 624/3/1 627/3/1
f 635/6/1 630/6/1 629/6/1
f 636/6/1 630/6/1 635/6/1
f 637/2/1 632/2/1 631/2/1
f 638/2/1 632/2/1 637/2/1
f 639/2/1 634/2/1 633/2/1
f 640/2/1 634/2/1 639/2/1
f 645/2/1 642/2/1 641/2/1
f 646/2/1 642/2/1 645/2/1
f 647/6/1 644/6/1 643/6/1
f 648/6/1 644/6/1 647/6/1
f 655/2/1 650/2/1 649/2/1
f 656/2/1 650/2/1 655/2/1
f 657/4/1 652/4/1 651/4/1
f 658/4/1 652/4/1 657/4/1
f 659/2/1 654/2/1 653/2/1
f 660/2/1 654/2/1 659/2/1
f 665/2/1 662/2/1 661/2/1
f 666/2/1 662/2/1 665/2/1
f 667/3/1 664/3/1 663/3/1
f 668/3/1 664/3/1 667/3/1
f 675/3/1 670/3/1 669/3/1
f 676/3/1 670/3/1 675/3/1
f 677/1/1 672/1/1 671/1/1
f 678/1/1 672/1/1 677/1/1
f 679/7/1 674/7/1 673/7/1
f 680/7/1 674/7/1 679/7/1
f 685/7/1 682/7/1 681/7/1
f 686/7/1 682/7/1 685/7/1
f 687/4/1 684/4/1 683/4/1
f 688/4/1 684/4/1 687/4/1
f 691/4/1 690/4/1 689/4/1
f 692/4/1 690/4/1 691/4/1
f 695/4/1 694/4/1 693/4/1
f 696/4/1 694/4/1 695/4/1
f 699/4/1 698/4/1 697/4/1
f 700/4/1 698/4/1 699/4/1
f 705/1/1 702/1/1 701/1/1
f 706/1/1 702/1/1 705/1/1
f 707/2/1 704/2/1 703/2/1
f 708/2/1 704/2/1 707/2/1
f 715/1/1 710/1/1 709/1/1
f 716/1/1 710/1/1 715/1/1
f 717/2/1 712/2/1 711/2/1
f 718/2/1 712/2/1 717/2/1
f 719/3/1 714/3/1 713/3/1
f 720/3/1 714/3/1 719/3/1
f 727/1/1 722/1/1 721/1/1
f 728/1/1 722/1/1 727/1/1
f 729/2/1 724/2/1 723/2/1
f 730/2/1 724/2/1 729/2/1
f 731/2/1 726/2/1 725/2/1
f 732/2/1 726/2/1 731/2/1
f 735/1/1 734/1/1 733/1/1
f 736/1/1 734/1/1 735/1/1
f 739/3/1 738/3/1 737/3/1
f 740/3/1 738/3/1 739/3/1
f 747/1/1 742/1/1 741/1/1
f 748/1/1 742/1/1 747/1/1
f 749/2/1 744/2/1 743/2/1
f 750/2/1 744/2/1 749/2/1
f 751/4/1 746/4/1 745/4/1
f 752/4/1 746/4/1 751/4/1
f 755/3/1 754/3/1 753/3/1
f 756/3/1 754/3/1 755/3/1
f 765/6/1 758/6/1 757/6/1
f 766/6/1 758/6/1 765/6/1
f 767/4/1 760/4/1 759/4/1
f 768/4/1 760/4/1 767/4/1
f 769/4/1 762/4/1 761/4/1
f 770/4/1 762/4/1 769/4/1
f 771/3/1 764/3/1 763/3/1
f 772/3/1 764/3/1 771/3/1
f 779/2/1 774/2/1 773/2/1
f 780/2/1 774/2/1 779/2/1
f 781/2/1 776/2/1 775/2/1
f 782/2/1 776/2/1 781/2/1
f 783/4/1 778/4/1 777/4/1
f 784/4/1 778/4/1 783/4/1
f 793/2/1 786/2/1 785/2/1
f 794/2/1 786/2/1 793/2/1
f 795/3/1 788/3/1 787/3/1
f 796/3/1 788/3/1 795/3/1
f 797/5/1 790/5/1 789/5/1
f 798/5/1 790/5/1 797/5/1
f 799/6/1 792/6/1 791/6/1
f 800/6/1 792/6/1 799/6/1
f 805/1/1 802/1/1 801/1/1
f 806/1/1 802/1/1 805/1/1
f 807/3/1 804/3/1 803/3/1
f 808/3/1 804/3/1 807/3/1
f 811/1/1 810/1/1 809/1/1
f 812/1/1 810/1/1 811/1/1
f 815/1/1 814/1/1 813/1/1
f 816/1/1 814/1/1 815/1/1
f 819/1/1 818/1/1 817/1/1
f 820/1/1 818/1/1 819/1/1
f 827/4/1 822/4/1 821/4/1
f 828/4/1 822/4/1 827/4/1
f 829/1/1 824/1/1 823/1/1
f 830/1/1 824/1/1 829/1/1
f 831/3/1 826/3/1 825/3/1
f 832/3/1 826/3/1 831/3/1
f 839/6/1 834/6/1 833/6/1
f 840/6/1 834/6/1 839/6/1
f 841/4/1 836/4/1 835/4/1
f 842/4/1 836/4/1 841/4/1
f 843/3/1 838/3/1 837/3/1
f 844/3/1 838/3/1 843/3/1
f 851/3/1 846/3/1 845/3/1
f 852/3/1 846/3/1 851/3/1
f 853/3/1 848/3/1 847/3/1
f 854/3/1 848/3/1 853/3/1
f 855/6/1 850/6/1 849/6/1
f 856/6/1 850/6/1 855/6/1
f 861/3/1 858/3/1 857/3/1
f 862/3/1 858/3/1 861/3/1
f 863/5/1 860/5/1 859/5/1
f 864/5/1 860/5/1 863/5/1
f 867/4/1 866/4/1 865/4/1
f 868/4/1 866/4/1 867/4/1
f 871/6/1 870/6/1 869/6/1
f 872/6/1 870/6/1 871/6/1
f 877/6/1 874/6/1 873/6/1
f 878/6/1 874/6/1 877/6/1
f 879/3/1 876/3/1 875/3/1
f 880/3/1 876/3/1 879/3/1
f 889/1/1 882/1/1 881/1/1
f 890/1/1 882/1/1 889/1/1
f 891/2/1 884/2/1 883/2/1
f 892/2/1 884/2/1 891/2/1
f 893/4/1 886/4/1 885/4/1
f 894/4/1 886/4/1 893/4/1
f 895/3/1 888/3/1 887/3/1
f 896/3/1 888/3/1 895/3/1
f 901/2/1 898/2/1 897/2/1
f 902/2/1 898/2/1 901/2/1
f 903/3/1 900/3/1 899/3/1
f 904/3/1 900/3/1 903/3/1
f 907/2/1 906/2/1 905/2/1
f 908/2/1 906/2/1 907/2/1
f 911/3/1 910/3/1 909/3/1
f 912/3/1 910/3/1 911/3/1
f 915/3/1 914/3/1 913/3/1
f 916/3/1 914/3/1 915/3/1
f 923/2/1 918/2/1 917/2/1
f 924/2/1 918/2/1 923/2/1
f 925/4/1 920/4/1 919/4/1
f 926/4/1 920/4/1 925/4/1
f 927/7/1 922/7/1 921/7/1
f 928/7/1 922/7/1 927/7/1
f 933/3/1 930/3/1 929/3/1
f 934/3/1 930/3/1 933/3/1
f 935/3/1 932/3/1 931/3/1
f 936/3/1 932/3/1 935/3/1
f 941/4/1 938/4/1 937/4/1
f 942/4/1 938/4/1 941/4/1
f 943/1/1 940/1/1 939/1/1
f 944/1/1 940/1/1 943/1/1
f 949/2/1 946/2/1 945/2/1
f 950/2/1 946/2/1 949/2/1
f 951/3/1 948/3/1 947/3/1
f 952/3/1 948/3/1 951/3/1
f 959/4/1 954/4/1 953/4/1
f 960/4/1 954/4/1 959/4/1
f 961/3/1 956/3/1 955/3/1
f 962/3/1 956/3/1 961/3/1
f 963/6/1 958/6/1 957/6/1
f 964/6/1 958/6/1 963/6/1
f 969/2/1 966/2/1 965/2/1
f 970/2/1 966/2/1 969/2/1
f 971/7/1 968/7/1 967/7/1
f 972/7/1 968/7/1 971/7/1
f 975/4/1 974/4/1 973/4/1
f 976/4/1 974/4/1 975/4/1
f 979/2/1 978/2/1 977/2/1
f 980/2/1 978/2/1 979/2/1
f 983/3/1 982/3/1 981/3/1
f 984/3/1 982/3/1 983/3/1
f 987/2/1 986/2/1 985/2/1
f 988/2/1 986/2/1 987/2/1
f 993/7/1 990/7/1 989/7/1
f 994/7/1 990/7/1 993/7/1
f 995/4/1 992/4/1 991/4/1
f 996/4/1 992/4/1 995/4/1
f 999/6/1 998/6/1 997/6/1
f 1000/6/1 998/6/1 999/6/1
f 1003/6/1 1002/6/1 1001/6/1
f 1004/6/1 1002/6/1 1003/6/1
f 1013/7/1 1006/7/1 1005/7/1
f 1014/7/1 1006/7/1 1013/7/1
f 1015/4/1 1008/4/1 1007/4/1
f 1016/4/1 1008/4/1 1015/4/1
f 1017/4/1 1010/4/1 1009/4/1
f 1018/4/1 1010/4/1 1017/4/1
f 1019/3/1 1012/3/1 1011/3/1
f 1020/3/1 1012/3/1 1019/3/1
f 1023/2/1 1022/2/1 1021/2/1
f 1024/2/1 1022/2/1 1023/2/1
f 1027/3/1 1026/3/1 1025/3/1
f 1028/3/1 1026/3/1 1027/3/1
f 1031/3/1 1030/3/1 1029/3/1
f 1032/3/1 1030/3/1 1031/3/1
f 1035/6/1 1034/6/1 1033/6/1
f 1036/6/1 1034/6/1 1035/6/1
f 1039/3/1 1038/3/1 1037/3/1
f 1040/3/1 1038/3/1 1039/3/1
f 1043/2/1 1042/2/1 1041/2/1
f 1044/2/1 1042/2/1 1043/2/1
f 1049/6/1 1046/6/1 1045/6/1
f 1050/6/1 1046/6/1 1049/6/1
f 1051/3/1 1048/3/1 1047/3/1
f 1052/3/1 1048/3/1 1051/3/1
f 1055/3/1 1054/3/1 1053/3/1
f 1056/3/1 1054/3/1 1055/3/1
f 1061/2/1 1058/2/1 1057/2/1
f 1062/2/1 1058/2/1 1061/2/1
f 1063/3/1 1060/3/1 1059/3/1
f 1064/3/1 1060/3/1 1063/3/1
f 1069/6/1 1066/6/1 1065/6/1
f 1070/6/1 1066/6/1 1069/6/1
f 1071/3/1 1068/3/1 1067/3/1
f 1072/3/1 1068/3/1 1071/3/1
f 1077/6/1 1074/6/1 1073/6/1
f 1078/6/1 1074/6/1 1077/6/1
f 1079/7/1 1076/7/1 1075/7/1
f 1080/7/1 1076/7/1 1079/7/1
f 1083/3/1 1082/3/1 1081/3/1
f 1084/3/1 1082/3/1 1083/3/1
f 1087/4/1 1086/4/1 1085/4/1
f 1088/4/1 1086/4/1 1087/4/1
f 1091/6/1 1090/6/1 1089/6/1
f 1092/6/1 1090/6/1 1091/6/1
f 1097/4/1 1094/4/1 1093/4/1
f 1098/4/1 1094/4/1 1097/4/1
f 1099/2/1 1096/2/1 1095/2/1
f 1100/2/1 1096/2/1 1099/2/1
f 1105/3/1 1102/3/1 1101/3/1
f 1106/3/1 1102/3/1 1105/3/1
f 1107/4/1 1104/4/1 1103/4/1
f 1108/4/1 1104/4/1 1107/4/1
f 1111/3/1 1110/3/1 1109/3/1
f 1112/3/1 1110/3/1 1111/3/1
f 1117/6/1 1114/6/1 1113/6/1
f 1118/6/1 1114/6/1 1117/6/1
f 1119/4/1 1116/4/1 1115/4/1
f 1120/4/1 1116/4/1 1119/4/1
f 1123/2/1 1122/2/1 1121/2/1
f 1124/2/1 1122/2/1 1123/2/1
f 1127/2/1 1126/2/1 1125/2/1
f 1128/2/1 1126/2/1 1127/2/1
f 1135/3/1 1130/3/1 1129/3/1
f 1136/3/1 1130/3/1 1135/3/1
f 1137/7/1 1132/7/1 1131/7/1
f 1138/7/1 1132/7/1 1137/7/1
f 1139/4/1 1134/4/1 1133/4/1
f 1140/4/1 1134/4/1 1139/4/1
f 1143/7/1 1142/7/1 1141/7/1
f 1144/7/1 1142/7/1 1143/7/1
f 1147/4/1 1146/4/1 1145/4/1
f 1148/4/1 1146/4/1 1147/4/1
f 1151/4/1 1150/4/1 1149/4/1
f 1152/4/1 1150/4/1 1151/4/1
f 1157/4/1 1154/4/1 1153/4/1
f 1158/4/1 1154/4/1 1157/4/1
f 1159/7/1 1156/7/1 1155/7/1
f 1160/7/1 1156/7/1 1159/7/1
f 1163/5/1 1162/5/1 1161/5/1
f 1164/5/1 1162/5/1 1163/5/1
f 1167/4/1 1166/4/1 1165/4/1
f 1168/4/1 1166/4/1 1167/4/1
f 1171/4/1 1170/4/1 1169/4/1
f 1172/4/1 1170/4/1 1171/4/1
f 1175/4/1 1174/4/1 1173/4/1
f 1176/4/1 1174/4/1 1175/4/1
f 1179/5/1 1178/5/1 1177/5/1
f 1180/5/1 1178/5/1 1179/5/1
f 1185/7/1 1182/7/1 1181/7/1
f 1186/7/1 1182/7/1 1185/7/1
f 1187/4/1 1184/4/1 1183/4/1
f 1188/4/1 1184/4/1 1187/4/1
f 1197/5/1 1190/5/1 1189/5/1
f 1198/5/1 1190/5/1 1197/5/1
f 1199/5/1 1192/5/1 1191/5/1
f 1200/5/1 1192/5/1 1199/5/1
f 1201/4/1 1194/4/1 1193/4/1
f 1202/4/1 1194/4/1 1201/4/1
f 1203/4/1 1196/4/1 1195/4/1
f 1204/4/1 1196/4/1 1203/4/1
f 1207/4/1 1206/4/1 1205/4/1
f 1208/4/1 1206/4/1 1207/4/1
f 1211/4/1 1210/4/1 1209/4/1
f 1212/4/1 1210/4/1 1211/4/1
f 1217/4/1 1214/4/1 1213/4/1
f 1218/4/1 1214/4/1 1217/4/1
f 1219/4/1 1216/4/1 1215/4/1
f 1220/4/1 1216/4/1 1219/4/1
f 1223/4/1 1222/4/1 1221/4/1
f 1224/4/1 1222/4/1 1223/4/1
f 1227/5/1 1226/5/1 1225/5/1
f 1228/5/1 1226/5/1 1227/5/1
f 1229/7/2 1230/7/2 1231/7/2
f 1231/7/2 1230/7/2 1232/7/2
f 1233/4/2 1234/4/2 1237/4/2
f 1237/4/2 1234/4/2 1238/4/2
f 1235/4/2 1236/4/2 1239/4/2
f 1239/4/2 1236/4/2 1240/4/2
f 1241/4/2 1242/4/2 1243/4/2
f 1243/4/2 1242/4/2 1244/4/2
f 1245/5/2 1246/5/2 1247/5/2
f 1247/5/2 1246/5/2 1248/5/2
f 1249/4/2 1250/4/2 1251/4/2
f 1251/4/2 1250/4/2 1252/4/2
f 1253/7/2 1254/7/2 1257/7/2
f 1257/7/2 1254/7/2 1258/7/2
f 1255/7/2 1256/7/2 1259/7/2
f 1259/7/2 1256/7/2 1260/7/2
f 1261/5/2 1262/5/2 1263/5/2
f 1263/5/2 1262/5/2 1264/5/2
f 1265/3/2 1266/3/2 1267/3/2
f 1267/3/2 1266/3/2 1268/3/2
f 1269/1/2 1270/1/2 1271/1/2
f 1271/1/2 1270/1/2 1272/1/2
f 1273/4/2 1274/4/2 1275/4/2
f 1275/4/2 1274/4/2 1276/4/2
f 1277/4/2 1278/4/2 1279/4/2
f 1279/4/2 1278/4/2 1280/4/2
f 1281/1/2 1282/1/2 1283/1/2
f 1283/1/2 1282/1/2 1284/1/2
f 1285/1/2 1286/1/2 1287/1/2
f 1287/1/2 1286/1/2 1288/1/2
f 1289/7/2 1290/7/2 1293/7/2
f 1293/7/2 1290/7/2 1294/7/2
f 1291/5/2 1292/5/2 1295/5/2
f 1295/5/2 1292/5/2 1296/5/2
f 1297/5/2 1298/5/2 1299/5/2
f 1299/5/2 1298/5/2 1300/5/2
f 1301/3/2 1302/3/2 1303/3/2
f 1303/3/2 1302/3/2 1304/3/2
f 1305/3/2 1306/3/2 1309/3/2
f 1309/3/2 1306/3/2 1310/3/2
f 1307/4/2 1308/4/2 1311/4/2
f 1311/4/2 1308/4/2 1312/4/2
f 1313/1/2 1314/1/2 1315/1/2
f 1315/1/2 1314/1/2 1316/1/2
f 1317/7/2 1318/7/2 1319/7/2
f 1319/7/2 1318/7/2 1320/7/2
f 1321/3/2 1322/3/2 1325/3/2
f 1325/3/2 1322/3/2 1326/3/2
f 1323/5/2 1324/5/2 1327/5/2
f 1327/5/2 1324/5/2 1328/5/2
f 1329/4/2 1330/4/2 1333/4/2
f 1333/4/2 1330/4/2 1334/4/2
f 1331/1/2 1332/1/2 1335/1/2
f 1335/1/2 1332/1/2 1336/1/2
f 1337/1/2 1338/1/2 1339/1/2
f 1339/1/2 1338/1/2 1340/1/2
f 1341/3/2 1342/3/2 1343/3/2
f 1343/3/2 1342/3/2 1344/3/2
f 1345/2/2 1346/2/2 1351/2/2
f 1351/2/2 1346/2/2 1352/2/2
f 1347/7/2 1348/7/2 1353/7/2
f 1353/7/2 1348/7/2 1354/7/2
f 1349/1/2 1350/1/2 1355/1/2
f 1355/1/2 1350/1/2 1356/1/2
f 1357/2/2 1358/2/2 1359/2/2
f 1359/2/2 1358/2/2 1360/2/2
f 1361/2/2 1362/2/2 1371/2/2
f 1371/2/2 1362/2/2 1372/2/2
f 1363/3/2 1364/3/2 1373/3/2
f 1373/3/2 1364/3/2 1374/3/2
f 1365/6/2 1366/6/2 1375/6/2
f 1375/6/2 1366/6/2 1376/6/2
f 1367/2/2 1368/2/2 1377/2/2
f 1377/2/2 1368/2/2 1378/2/2
f 1369/7/2 1370/7/2 1379/7/2
f 1379/7/2 1370/7/2 1380/7/2
f 1381/2/2 1382/2/2 1383/2/2
f 1383/2/2 1382/2/2 1384/2/2
f 1385/1/2 1386/1/2 1389/1/2
f 1389/1/2 1386/1/2 1390/1/2
f 1387/2/2 1388/2/2 1391/2/2
f 1391/2/2 1388/2/2 1392/2/2
f 1393/7/2 1394/7/2 1397/7/2
f 1397/7/2 1394/7/2 1398/7/2
f 1395/4/2 1396/4/2 1399/4/2
f 1399/4/2 1396/4/2 1400/4/2
f 1401/4/2 1402/4/2 1403/4/2
f 1403/4/2 1402/4/2 1404/4/2
f 1405/1/2 1406/1/2 1407/1/2
f 1407/1/2 1406/1/2 1408/1/2
f 1409/7/2 1410/7/2 1411/7/2
f 1411/7/2 1410/7/2 1412/7/2
f 1413/4/2 1414/4/2 1419/4/2
f 1419/4/2 1414/4/2 1420/4/2
f 1415/2/2 1416/2/2 1421/2/2
f 1421/2/2 1416/2/2 1422/2/2
f 1417/4/2 1418/4/2 1423/4/2
f 1423/4/2 1418/4/2 1424/4/2
f 1425/2/2 1426/2/2 1431/2/2
f 1431/2/2 1426/2/2 1432/2/2
f 1427/4/2 1428/4/2 1433/4/2
f 1433/4/2 1428/4/2 1434/4/2
f 1429/1/2 1430/1/2 1435/1/2
f 1435/1/2 1430/1/2 1436/1/2
f 1437/2/2 1438/2/2 1441/2/2
f 1441/2/2 1438/2/2 1442/2/2
f 1439/3/2 1440/3/2 1443/3/2
f 1443/3/2 1440/3/2 1444/3/2
f 1445/6/2 1446/6/2 1449/6/2
f 1449/6/2 1446/6/2 1450/6/2
f 1447/1/2 1448/1/2 1451/1/2
f 1451/1/2 1448/1/2 1452/1/2
f 1453/2/2 1454/2/2 1455/2/2
f 1455/2/2 1454/2/2 1456/2/2
f 1457/2/2 1458/2/2 1463/2/2
f 1463/2/2 1458/2/2 1464/2/2
f 1459/2/2 1460/2/2 1465/2/2
f 1465/2/2 1460/2/2 1466/2/2
f 1461/5/2 1462/5/2 1467/5/2
f 1467/5/2 1462/5/2 1468/5/2
f 1469/2/2 1470/2/2 1475/2/2
f 1475/2/2 1470/2/2 1476/2/2
f 1471/3/2 1472/3/2 1477/3/2
f 1477/3/2 1472/3/2 1478/3/2
f 1473/2/2 1474/2/2 1479/2/2
f 1479/2/2 1474/2/2 1480/2/2
f 1481/1/2 1482/1/2 1485/1/2
f 1485/1/2 1482/1/2 1486/1/2
f 1483/4/2 1484/4/2 1487/4/2
f 1487/4/2 1484/4/2 1488/4/2
f 1489/3/2 1490/3/2 1491/3/2
f 1491/3/2 1490/3/2 1492/3/2
f 1493/5/2 1494/5/2 1495/5/2
f 1495/5/2 1494/5/2 1496/5/2
f 1497/3/2 1498/3/2 1499/3/2
f 1499/3/2 1498/3/2 1500/3/2
f 1501/1/2 1502/1/2 1507/1/2
f 1507/1/2 1502/1/2 1508/1/2
f 1503/4/2 1504/4/2 1509/4/2
f 1509/4/2 1504/4/2 1510/4/2
f 1505/7/2 1506/7/2 1511/7/2
f 1511/7/2 1506/7/2 1512/7/2
f 1513/4/2 1514/4/2 1519/4/2
f 1519/4/2 1514/4/2 1520/4/2
f 1515/1/2 1516/1/2 1521/1/2
f 1521/1/2 1516/1/2 1522/1/2
f 1517/5/2 1518/5/2 1523/5/2
f 1523/5/2 1518/5/2 1524/5/2
f 1525/2/2 1526/2/2 1527/2/2
f 1527/2/2 1526/2/2 1528/2/2
f 1529/1/2 1530/1/2 1533/1/2
f 1533/1/2 1530/1/2 1534/1/2
f 1531/2/2 1532/2/2 1535/2/2
f 1535/2/2 1532/2/2 1536/2/2
f 1537/3/2 1538/3/2 1541/3/2
f 1541/3/2 1538/3/2 1542/3/2
f 1539/2/2 1540/2/2 1543/2/2
f 1543/2/2 1540/2/2 1544/2/2
f 1545/2/2 1546/2/2 1547/2/2
f 1547/2/2 1546/2/2 1548/2/2
f 1549/2/2 1550/2/2 1551/2/2
f 1551/2/2 1550/2/2 1552/2/2
f 1553/1/2 1554/1/2 1559/1/2
f 1559/1/2 1554/1/2 1560/1/2
f 1555/2/2 1556/2/2 1561/2/2
f 1561/2/2 1556/2/2 1562/2/2
f 1557/2/2 1558/2/2 1563/2/2
f 1563/2/2 1558/2/2 1564/2/2
f 1565/1/2 1566/1/2 1569/1/2
f 1569/1/2 1566/1/2 1570/1/2
f 1567/1/2 1568/1/2 1571/1/2
f 1571/1/2 1568/1/2 1572/1/2
f 1573/3/2 1574/3/2 1577/3/2
f 1577/3/2 1574/3/2 1578/3/2
f 1575/5/2 1576/5/2 1579/5/2
f 1579/5/2 1576/5/2 1580/5/2
f 1581/3/2 1582/3/2 1587/3/2
f 1587/3/2 1582/3/2 1588/3/2
f 1583/2/2 1584/2/2 1589/2/2
f 1589/2/2 1584/2/2 1590/2/2
f 1585/3/2 1586/3/2 1591/3/2
f 1591/3/2 1586/3/2 1592/3/2
f 1593/2/2 1594/2/2 1597/2/2
f 1597/2/2 1594/2/2 1598/2/2
f 1595/2/2 1596/2/2 1599/2/2
f 1599/2/2 1596/2/2 1600/2/2
f 1601/2/2 1602/2/2 1605/2/2
f 1605/2/2 1602/2/2 1606/2/2
f 1603/3/2 1604/3/2 1607/3/2
f 1607/3/2 1604/3/2 1608/3/2
f 1609/3/2 1610/3/2 1615/3/2
f 1615/3/2 1610/3/2 1616/3/2
f 1611/2/2 1612/2/2 1617/2/2
f 1617/2/2 1612/2/2 1618/2/2
f 1613/2/2 1614/2/2 1619/2/2
f 1619/2/2 1614/2/2 1620/2/2
f 1621/4/2 1622/4/2 1629/4/2
f 1629/4/2 1622/4/2 1630/4/2
f 1623/1/2 1624/1/2 1631/1/2
f 1631/1/2 1624/1/2 1632/1/2
f 1625/3/2 1626/3/2 1633/3/2
f 1633/3/2 1626/3/2 1634/3/2
f 1627/3/2 1628/3/2 1635/3/2
f 1635/3/2 1628/3/2 1636/3/2
f 1637/4/2 1638/4/2 1639/4/2
f 1639/4/2 1638/4/2 1640/4/2
f 1641/3/2 1642/3/2 1643/3/2
f 1643/3/2 1642/3/2 1644/3/2
f 1645/2/2 1646/2/2 1649/2/2
f 1649/2/2 1646/2/2 1650/2/2
f 1647/7/2 1648/7/2 1651/7/2
f 1651/7/2 1648/7/2 1652/7/2
f 1653/4/2 1654/4/2 1659/4/2
f 1659/4/2 1654/4/2 1660/4/2
f 1655/5/2 1656/5/2 1661/5/2
f 1661/5/2 1656/5/2 1662/5/2
f 1657/2/2 1658/2/2 1663/2/2
f 1663/2/2 1658/2/2 1664/2/2
f 1665/7/2 1666/7/2 1673/7/2
f 1673/7/2 1666/7/2 1674/7/2
f 1667/1/2 1668/1/2 1675/1/2
f 1675/1/2 1668/1/2 1676/1/2
f 1669/3/2 1670/3/2 1677/3/2
f 1677/3/2 1670/3/2 1678/3/2
f 1671/4/2 1672/4/2 1679/4/2
f 1679/4/2 1672/4/2 1680/4/2
f 1681/2/2 1682/2/2 1687/2/2
f 1687/2/2 1682/2/2 1688/2/2
f 1683/6/2 1684/6/2 1689/6/2
f 1689/6/2 1684/6/2 1690/6/2
f 1685/1/2 1686/1/2 1691/1/2
f 1691/1/2 1686/1/2 1692/1/2
f 1693/4/2 1694/4/2 1695/4/2
f 1695/4/2 1694/4/2 1696/4/2
f 1697/6/2 1698/6/2 1703/6/2
f 1703/6/2 1698/6/2 1704/6/2
f 1699/7/2 1700/7/2 1705/7/2
f 1705/7/2 1700/7/2 1706/7/2
f 1701/7/2 1702/7/2 1707/7/2
f 1707/7/2 1702/7/2 1708/7/2
f 1709/2/2 1710/2/2 1713/2/2
f 1713/2/2 1710/2/2 1714/2/2
f 1711/2/2 1712/2/2 1715/2/2
f 1715/2/2 1712/2/2 1716/2/2
f 1717/2/2 1718/2/2 1719/2/2
f 1719/2/2 1718/2/2 1720/2/2
f 1721/2/2 1722/2/2 1723/2/2
f 1723/2/2 1722/2/2 1724/2/2
f 1725/2/2 1726/2/2 1733/2/2
f 1733/2/2 1726/2/2 1734/2/2
f 1727/1/2 1728/1/2 1735/1/2
f 1735/1/2 1728/1/2 1736/1/2
f 1729/6/2 1730/6/2 1737/6/2
f 1737/6/2 1730/6/2 1738/6/2
f 1731/7/2 1732/7/2 1739/7/2
f 1739/7/2 1732/7/2 1740/7/2
f 1741/2/2 1742/2/2 1745/2/2
f 1745/2/2 1742/2/2 1746/2/2
f 1743/1/2 1744/1/2 1747/1/2
f 1747/1/2 1744/1/2 1748/1/2
f 1749/2/2 1750/2/2 1753/2/2
f 1753/2/2 1750/2/2 1754/2/2
f 1751/1/2 1752/1/2 1755/1/2
f 1755/1/2 1752/1/2 1756/1/2
f 1757/3/2 1758/3/2 1759/3/2
f 1759/3/2 1758/3/2 1760/3/2
f 1761/1/2 1762/1/2 1765/1/2
f 1765/1/2 1762/1/2 1766/1/2
f 1763/1/2 1764/1/2 1767/1/2
f 1767/1/2 1764/1/2 1768/1/2
f 1769/2/2 1770/2/2 1771/2/2
f 1771/2/2 1770/2/2 1772/2/2
f 1773/1/2 1774/1/2 1779/1/2
f 1779/1/2 1774/1/2 1780/1/2
f 1775/2/2 1776/2/2 1781/2/2
f 1781/2/2 1776/2/2 1782/2/2
f 1777/2/2 1778/2/2 1783/2/2
f 1783/2/2 1778/2/2 1784/2/2
f 1785/5/2 1786/5/2 1787/5/2
f 1787/5/2 1786/5/2 1788/5/2
f 1789/7/2 1790/7/2 1793/7/2
f 1793/7/2 1790/7/2 1794/7/2
f 1791/3/2 1792/3/2 1795/3/2
f 1795/3/2 1792/3/2 1796/3/2
f 1797/6/2 1798/6/2 1803/6/2
f 1803/6/2 1798/6/2 1804/6/2
f 1799/3/2 1800/3/2 1805/3/2
f 1805/3/2 1800/3/2 1806/3/2
f 1801/1/2 1802/1/2 1807/1/2
f 1807/1/2 1802/1/2 1808/1/2
f 1809/2/2 1810/2/2 1813/2/2
f 1813/2/2 1810/2/2 1814/2/2
f 1811/1/2 1812/1/2 1815/1/2
f 1815/1/2 1812/1/2 1816/1/2
f 1817/2/2 1818/2/2 1819/2/2
f 1819/2/2 1818/2/2 1820/2/2
f 1821/1/2 1822/1/2 1833/1/2
f 1833/1/2 1822/1/2 1834/1/2
f 1823/1/2 1824/1/2 1835/1/2
f 1835/1/2 1824/1/2 1836/1/2
f 1825/4/2 1826/4/2 1837/4/2
f 1837/4/2 1826/4/2 1838/4/2
f 1827/2/2 1828/2/2 1839/2/2
f 1839/2/2 1828/2/2 1840/2/2
f 1829/3/2 1830/3/2 1841/3/2
f 1841/3/2 1830/3/2 1842/3/2
f 1831/2/2 1832/2/2 1843/2/2
f 1843/2/2 1832/2/2 1844/2/2
f 1845/2/2 1846/2/2 1847/2/2
f 1847/2/2 1846/2/2 1848/2/2
f 1849/6/2 1850/6/2 1853/6/2
f 1853/6/2 1850/6/2 1854/6/2
f 1851/3/2 1852/3/2 1855/3/2
f 1855/3/2 1852/3/2 1856/3/2
f 1857/6/2 1858/6/2 1863/6/2
f 1863/6/2 1858/6/2 1864/6/2
f 1859/2/2 1860/2/2 1865/2/2
f 1865/2/2 1860/2/2 1866/2/2
f 1861/2/2 1862/2/2 1867/2/2
f 1867/2/2 1862/2/2 1868/2/2
f 1869/2/2 1870/2/2 1873/2/2
f 1873/2/2 1870/2/2 1874/2/2
f 1871/6/2 1872/6/2 1875/6/2
f 1875/6/2 1872/6/2 1876/6/2
f 1877/2/2 1878/2/2 1883/2/2
f 1883/2/2 1878/2/2 1884/2/2
f 1879/4/2 1880/4/2 1885/4/2
f 1885/4/2 1880/4/2 1886/4/2
f 1881/2/2 1882/2/2 1887/2/2
f 1887/2/2 1882/2/2 1888/2/2
f 1889/2/2 1890/2/2 1893/2/2
f 1893/2/2 1890/2/2 1894/2/2
f 1891/3/2 1892/3/2 1895/3/2
f 1895/3/2 1892/3/2 1896/3/2
f 1897/3/2 1898/3/2 1903/3/2
f 1903/3/2 1898/3/2 1904/3/2
f 1899/1/2 1900/1/2 1905/1/2
f 1905/1/2 1900/1/2 1906/1/2
f 1901/7/2 1902/7/2 1907/7/2
f 1907/7/2 1902/7/2 1908/7/2
f 1909/7/2 1910/7/2 1913/7/2
f 1913/7/2 1910/7/2 1914/7/2
f 1911/4/2 1912/4/2 1915/4/2
f 1915/4/2 1912/4/2 1916/4/2
f 1917/4/2 1918/4/2 1919/4/2
f 1919/4/2 1918/4/2 1920/4/2
f 1921/4/2 1922/4/2 1923/4/2
f 1923/4/2 1922/4/2 1924/4/2
f 1925/4/2 1926/4/2 1927/4/2
f 1927/4/2 1926/4/2 1928/4/2
f 1929/1/2 1930/1/2 1933/1/2
f 1933/1/2 1930/1/2 1934/1/2
f 1931/2/2 1932/2/2 1935/2/2
f 1935/2/2 1932/2/2 1936/2/2
f 1937/1/2 1938/1/2 1943/1/2
f 1943/1/2 1938/1/2 1944/1/2
f 1939/2/2 1940/2/2 1945/2/2
f 1945/2/2 1940/2/2 1946/2/2
f 1941/3/2 1942/3/2 1947/3/2
f 1947/3/2 1942/3/2 1948/3/2
f 1949/1/2 1950/1/2 1955/1/2
f 1955/1/2 1950/1/2 1956/1/2
f 1951/2/2 1952/2/2 1957/2/2
f 1957/2/2 1952/2/2 1958/2/2
f 1953/2/2 1954/2/2 1959/2/2
f 1959/2/2 1954/2/2 1960/2/2
f 1961/1/2 1962/1/2 1963/1/2
f 1963/1/2 1962/1/2 1964/1/2
f 1965/3/2 1966/3/2 1967/3/2
f 1967/3/2 1966/3/2 1968/3/2
f 1969/1/2 1970/1/2 1975/1/2
f 1975/1/2 1970/1/2 1976/1/2
f 1971/2/2 1972/2/2 1977/2/2
f 1977/2/2 1972/2/2 1978/2/2
f 1973/4/2 1974/4/2 1979/4/2
f 1979/4/2 1974/4/2 1980/4/2
f 1981/3/2 1982/3/2 1983/3/2
f 1983/3/2 1982/3/2 1984/3/2
f 1985/6/2 1986/6/2 1993/6/2
f 1993/6/2 1986/6/2 1994/6/2
f 1987/4/2 1988/4/2 1995/4/2
f 1995/4/2 1988/4/2 1996/4/2
f 1989/4/2 1990/4/2 1997/4/2
f 1997/4/2 1990/4/2 1998/4/2
f 1991/3/2 1992/3/2 1999/3/2
f 1999/3/2 1992/3/2 2000/3/2
f 2001/2/2 2002/2/2 2007/2/2
f 2007/2/2 2002/2/2 2008/2/2
f 2003/2/2 2004/2/2 2009/2/2
f 2009/2/2 2004/2/2 2010/2/2
f 2005/4/2 2006/4/2 2011/4/2
f 2011/4/2 2006/4/2 2012/4/2
f 2013/2/2 2014/2/2 2021/2/2
f 2021/2/2 2014/2/2 2022/2/2
f 2015/3/2 2016/3/2 2023/3/2
f 2023/3/2 2016/3/2 2024/3/2
f 2017/5/2 2018/5/2 2025/5/2
f 2025/5/2 2018/5/2 2026/5/2
f 2019/6/2 2020/6/2 2027/6/2
f 2027/6/2 2020/6/2 2028/6/2
f 2029/1/2 2030/1/2 2033/1/2
f 2033/1/2 2030/1/2 2034/1/2
f 2031/3/2 2032/3/2 2035/3/2
f 2035/3/2 2032/3/2 2036/3/2
f 2037/1/2 2038/1/2 2039/1/2
f 2039/1/2 2038/1/2 2040/1/2
f 2041/1/2 2042/1/2 2043/1/2
f 2043/1/2 2042/1/2 2044/1/2
f 2045/1/2 2046/1/2 2047/1/2
f 2047/1/2 2046/1/2 2048/1/2
f 2049/4/2 2050/4/2 2055/4/2
f 2055/4/2 2050/4/2 2056/4/2
f 2051/1/2 2052/1/2 2057/1/2
f 2057/1/2 2052/1/2 2058/1/2
f 2053/3/2 2054/3/2 2059/3/2
f 2059/3/2 2054/3/2 2060/3/2
f 2061/6/2 2062/6/2 2067/6/2
f 2067/6/2 2062/6/2 2068/6/2
f 2063/4/2 2064/4/2 2069/4/2
f 2069/4/2 2064/4/2 2070/4/2
f 2065/3/2 2066/3/2 2071/3/2
f 2071/3/2 2066/3/2 2072/3/2
f 2073/3/2 2074/3/2 2079/3/2
f 2079/3/2 2074/3/2 2080/3/2
f 2075/3/2 2076/3/2 2081/3/2
f 2081/3/2 2076/3/2 2082/3/2
f 2077/6/2 2078/6/2 2083/6/2
f 2083/6/2 2078/6/2 2084/6/2
f 2085/3/2 2086/3/2 2089/3/2
f 2089/3/2 2086/3/2 2090/3/2
f 2087/5/2 2088/5/2 2091/5/2
f 2091/5/2 2088/5/2 2092/5/2
f 2093/4/2 2094/4/2 2095/4/2
f 2095/4/2 2094/4/2 2096/4/2
f 2097/6/2 2098/6/2 2099/6/2
f 2099/6/2 2098/6/2 2100/6/2
f 2101/6/2 2102/6/2 2105/6/2
f 2105/6/2 2102/6/2 2106/6/2
f 2103/3/2 2104/3/2 2107/3/2
f 2107/3/2 2104/3/2 2108/3/2
f 2109/1/2 2110/1/2 2117/1/2
f 2117/1/2 2110/1/2 2118/1/2
f 2111/2/2 2112/2/2 2119/2/2
f 2119/2/2 2112/2/2 2120/2/2
f 2113/4/2 2114/4/2 2121/4/2
f 2121/4/2 2114/4/2 2122/4/2
f 2115/3/2 2116/3/2 2123/3/2
f 2123/3/2 2116/3/2 2124/3/2
f 2125/2/2 2126/2/2 2129/2/2
f 2129/2/2 2126/2/2 2130/2/2
f 2127/3/2 2128/3/2 2131/3/2
f 2131/3/2 2128/3/2 2132/3/2
f 2133/2/2 2134/2/2 2135/2/2
f 2135/2/2 2134/2/2 2136/2/2
f 2137/3/2 2138/3/2 2139/3/2
f 2139/3/2 2138/3/2 2140/3/2
f 2141/3/2 2142/3/2 2143/3/2
f 2143/3/2 2142/3/2 2144/3/2
f 2145/2/2 2146/2/2 2151/2/2
f 2151/2/2 2146/2/2 2152/2/2
f 2147/4/2 2148/4/2 2153/4/2
f 2153/4/2 2148/4/2 2154/4/2
f 2149/7/2 2150/7/2 2155/7/2
f 2155/7/2 2150/7/2 2156/7/2
f 2157/3/2 2158/3/2 2161/3/2
f 2161/3/2 2158/3/2 2162/3/2
f 2159/3/2 2160/3/2 2163/3/2
f 2163/3/2 2160/3/2 2164/3/2
f 2165/4/2 2166/4/2 2169/4/2
f 2169/4/2 2166/4/2 2170/4/2
f 2167/1/2 2168/1/2 2171/1/2
f 2171/1/2 2168/1/2 2172/1/2
f 2173/2/2 2174/2/2 2177/2/2
f 2177/2/2 2174/2/2 2178/2/2
f 2175/3/2 2176/3/2 2179/3/2
f 2179/3/2 2176/3/2 2180/3/2
f 2181/4/2 2182/4/2 2187/4/2
f 2187/4/2 2182/4/2 2188/4/2
f 2183/3/2 2184/3/2 2189/3/2
f 2189/3/2 2184/3/2 2190/3/2
f 2185/6/2 2186/6/2 2191/6/2
f 2191/6/2 2186/6/2 2192/6/2
f 2193/2/2 2194/2/2 2197/2/2
f 2197/2/2 2194/2/2 2198/2/2
f 2195/7/2 2196/7/2 2199/7/2
f 2199/7/2 2196/7/2 2200/7/2
f 2201/4/2 2202/4/2 2203/4/2
f 2203/4/2 2202/4/2 2204/4/2
f 2205/2/2 2206/2/2 2207/2/2
f 2207/2/2 2206/2/2 2208/2/2
f 2209/3/2 2210/3/2 2211/3/2
f 2211/3/2 2210/3/2 2212/3/2
f 2213/2/2 2214/2/2 2215/2/2
f 2215/2/2 2214/2/2 2216/2/2
f 2217/7/2 2218/7/2 2221/7/2
f 2221/7/2 2218/7/2 2222/7/2
f 2219/4/2 2220/4/2 2223/4/2
f 2223/4/2 2220/4/2 2224/4/2
f 2225/6/2 2226/6/2 2227/6/2
f 2227/6/2 2226/6/2 2228/6/2
f 2229/6/2 2230/6/2 2231/6/2
f 2231/6/2 2230/6/2 2232/6/2
f 2233/7/2 2234/7/2 2241/7/2
f 2241/7/2 2234/7/2 2242/7/2
f 2235/4/2 2236/4/2 2243/4/2
f 2243/4/2 2236/4/2 2244/4/2
f 2237/4/2 2238/4/2 2245/4/2
f 2245/4/2 2238/4/2 2246/4/2
f 2239/3/2 2240/3/2 2247/3/2
f 2247/3/2 2240/3/2 2248/3/2
f 2249/2/2 2250/2/2 2251/2/2
f 2251/2/2 2250/2/2 2252/2/2
f 2253/3/2 2254/3/2 2255/3/2
f 2255/3/2 2254/3/2 2256/3/2
f 2257/3/2 2258/3/2 2259/3/2
f 2259/3/2 2258/3/2 2260/3/2
f 2261/6/2 2262/6/2 2263/6/2
f 2263/6/2 2262/6/2 2264/6/2
f 2265/3/2 2266/3/2 2267/3/2
f 2267/3/2 2266/3/2 2268/3/2
f 2269/2/2 2270/2/2 2271/2/2
f 2271/2/2 2270/2/2 2272/2/2
f 2273/6/2 2274/6/2 2277/6/2
f 2277/6/2 2274/6/2 2278/6/2
f 2275/3/2 2276/3/2 2279/3/2
f 2279/3/2 2276/3/2 2280/3/2
f 2281/3/2 2282/3/2 2283/3/2
f 2283/3/2 2282/3/2 2284/3/2
f 2285/2/2 2286/2/2 2289/2/2
f 2289/2/2 2286/2/2 2290/2/2
f 2287/3/2 2288/3/2 2291/3/2
f 2291/3/2 2288/3/2 2292/3/2
f 2293/6/2 2294/6/2 2297/6/2
f 2297/6/2 2294/6/2 2298/6/2
f 2295/3/2 2296/3/2 2299/3/2
f 2299/3/2 2296/3/2 2300/3/2
f 2301/6/2 2302/6/2 2305/6/2
f 2305/6/2 2302/6/2 2306/6/2
f 2303/7/2 2304/7/2 2307/7/2
f 2307/7/2 2304/7/2 2308/7/2
f 2309/3/2 2310/3/2 2311/3/2
f 2311/3/2 2310/3/2 2312/3/2
f 2313/4/2 2314/4/2 2315/4/2
f 2315/4/2 2314/4/2 2316/4/2
f 2317/6/2 2318/6/2 2319/6/2
f 2319/6/2 2318/6/2 2320/6/2
f 2321/4/2 2322/4/2 2325/4/2
f 2325/4/2 2322/4/2 2326/4/2
f 2323/2/2 2324/2/2 2327/2/2
f 2327/2/2 2324/2/2 2328/2/2
f 2329/3/2 2330/3/2 2333/3/2
f 2333/3/2 2330/3/2 2334/3/2
f 2331/4/2 2332/4/2 2335/4/2
f 2335/4/2 2332/4/2 2336/4/2
f 2337/3/2 2338/3/2 2339/3/2
f 2339/3/2 2338/3/2 2340/3/2
f 2341/6/2 2342/6/2 2345/6/2
f 2345/6/2 2342/6/2 2346/6/2
f 2343/4/2 2344/4/2 2347/4/2
f 2347/4/2 2344/4/2 2348/4/2
f 2349/2/2 2350/2/2 2351/2/2
f 2351/2/2 2350/2/2 2352/2/2
f 2353/2/2 2354/2/2 2355/2/2
f 2355/2/2 2354/2/2 2356/2/2
f 2357/3/2 2358/3/2 2363/3/2
f 2363/3/2 2358/3/2 2364/3/2
f 2359/7/2 2360/7/2 2365/7/2
f 2365/7/2 2360/7/2 2366/7/2
f 2361/4/2 2362/4/2 2367/4/2
f 2367/4/2 2362/4/2 2368/4/2
f 2369/7/2 2370/7/2 2371/7/2
f 2371/7/2 2370/7/2 2372/7/2
f 2373/4/2 2374/4/2 2375/4/2
f 2375/4/2 2374/4/2 2376/4/2
f 2377/4/2 2378/4/2 2379/4/2
f 2379/4/2 2378/4/2 2380/4/2
f 2381/4/2 2382/4/2 2385/4/2
f 2385/4/2 2382/4/2 2386/4/2
f 2383/7/2 2384/7/2 2387/7/2
f 2387/7/2 2384/7/2 2388/7/2
f 2389/5/2 2390/5/2 2391/5/2
f 2391/5/2 2390/5/2 2392/5/2
f 2393/4/2 2394/4/2 2395/4/2
f 2395/4/2 2394/4/2 2396/4/2
f 2397/4/2 2398/4/2 2399/4/2
f 2399/4/2 2398/4/2 2400/4/2
f 2401/4/2 2402/4/2 2403/4/2
f 2403/4/2 2402/4/2 2404/4/2
f 2405/5/2 2406/5/2 2407/5/2
f 2407/5/2 2406/5/2 2408/5/2
f 2409/7/2 2410/7/2 2413/7/2
f 2413/7/2 2410/7/2 2414/7/2
f 2411/4/2 2412/4/2 2415/4/2
f 2415/4/2 2412/4/2 2416/4/2
f 2417/5/2 2418/5/2 2425/5/2
f 2425/5/2 2418/5/2 2426/5/2
f 2419/5/2 2420/5/2 2427/5/2
f 2427/5/2 2420/5/2 2428/5/2
f 2421/4/2 2422/4/2 2429/4/2
f 2429/4/2 2422/4/2 2430/4/2
f 2423/4/2 2424/4/2 2431/4/2
f 2431/4/2 2424/4/2 2432/4/2
f 2433/4/2 2434/4/2 2435/4/2
f 2435/4/2 2434/4/2 2436/4/2
f 2437/4/2 2438/4/2 2439/4/2
f 2439/4/2 2438/4/2 2440/4/2
f 2441/4/2 2442/4/2 2445/4/2
f 2445/4/2 2442/4/2 2446/4/2
f 2443/4/2 2444/4/2 2447/4/2
f 2447/4/2 2444/4/2 2448/4/2
f 2449/4/2 2450/4/2 2451/4/2
f 2451/4/2 2450/4/2 2452/4/2
f 2453/5/2 2454/5/2 2455/5/2
f 2455/5/2 2454/5/2 2456/5/2
f 2459/4/3 2458/4/3 2457/4/3
f 2460/4/3 2458/4/3 2459/4/3
f 2463/6/3 2462/6/3 2461/6/3
f 2464/6/3 2462/6/3 2463/6/3
f 2467/7/3 2466/7/3 2465/7/3
f 2468/7/3 2466/7/3 2467/7/3
f 2471/5/3 2470/5/3 2469/5/3
f 2472/5/3 2470/5/3 2471/5/3
f 2475/6/3 2474/6/3 2473/6/3
f 2476/6/3 2474/6/3 2475/6/3
f 2479/4/3 2478/4/3 2477/4/3
f 2480/4/3 2478/4/3 2479/4/3
f 2483/4/3 2482/4/3 2481/4/3
f 2484/4/3 2482/4/3 2483/4/3
f 2487/4/3 2486/4/3 2485/4/3
f 2488/4/3 2486/4/3 2487/4/3
f 2491/6/3 2490/6/3 2489/6/3
f 2492/6/3 2490/6/3 2491/6/3
f 2495/6/3 2494/6/3 2493/6/3
f 2496/6/3 2494/6/3 2495/6/3
f 2499/4/3 2498/4/3 2497/4/3
f 2500/4/3 2498/4/3 2499/4/3
f 2503/4/3 2502/4/3 2501/4/3
f 2504/4/3 2502/4/3 2503/4/3
f 2507/2/3 2506/2/3 2505/2/3
f 2508/2/3 2506/2/3 2507/2/3
f 2511/6/3 2510/6/3 2509/6/3
f 2512/6/3 2510/6/3 2511/6/3
f 2515/2/3 2514/2/3 2513/2/3
f 2516/2/3 2514/2/3 2515/2/3
f 2519/4/3 2518/4/3 2517/4/3
f 2520/4/3 2518/4/3 2519/4/3
f 2523/4/3 2522/4/3 2521/4/3
f 2524/4/3 2522/4/3 2523/4/3
f 2527/4/3 2526/4/3 2525/4/3
f 2528/4/3 2526/4/3 2527/4/3
f 2531/2/3 2530/2/3 2529/2/3
f 2532/2/3 2530/2/3 2531/2/3
f 2535/4/3 2534/4/3 2533/4/3
f 2536/4/3 2534/4/3 2535/4/3
f 2539/2/3 2538/2/3 2537/2/3
f 2540/2/3 2538/2/3 2539/2/3
f 2543/1/3 2542/1/3 2541/1/3
f 2544/1/3 2542/1/3 2543/1/3
f 2547/6/3 2546/6/3 2545/6/3
f 2548/6/3 2546/6/3 2547/6/3
f 2551/5/3 2550/5/3 2549/5/3
f 2552/5/3 2550/5/3 2551/5/3
f 2555/2/3 2554/2/3 2553/2/3
f 2556/2/3 2554/2/3 2555/2/3
f 2559/7/3 2558/7/3 2557/7/3
f 2560/7/3 2558/7/3 2559/7/3
f 2563/6/3 2562/6/3 2561/6/3
f 2564/6/3 2562/6/3 2563/6/3
f 2567/7/3 2566/7/3 2565/7/3
f 2568/7/3 2566/7/3 2567/7/3
f 2571/2/3 2570/2/3 2569/2/3
f 2572/2/3 2570/2/3 2571/2/3
f 2575/3/3 2574/3/3 2573/3/3
f 2576/3/3 2574/3/3 2575/3/3
f 2579/2/3 2578/2/3 2577/2/3
f 2580/2/3 2578/2/3 2579/2/3
f 2583/1/3 2582/1/3 2581/1/3
f 2584/1/3 2582/1/3 2583/1/3
f 2587/3/3 2586/3/3 2585/3/3
f 2588/3/3 2586/3/3 2587/3/3
f 2591/2/3 2590/2/3 2589/2/3
f 2592/2/3 2590/2/3 2591/2/3
f 2595/6/3 2594/6/3 2593/6/3
f 2596/6/3 2594/6/3 2595/6/3
f 2599/6/3 2598/6/3 2597/6/3
f 2600/6/3 2598/6/3 2599/6/3
f 2603/2/3 2602/2/3 2601/2/3
f 2604/2/3 2602/2/3 2603/2/3
f 2607/3/3 2606/3/3 2605/3/3
f 2608/3/3 2606/3/3 2607/3/3
f 2611/1/3 2610/1/3 2609/1/3
f 2612/1/3 2610/1/3 2611/1/3
f 2615/2/3 2614/2/3 2613/2/3
f 2616/2/3 2614/2/3 2615/2/3
f 2619/2/3 2618/2/3 2617/2/3
f 2620/2/3 2618/2/3 2619/2/3
f 2623/6/3 2622/6/3 2621/6/3
f 2624/6/3 2622/6/3 2623/6/3
f 2627/6/3 2626/6/3 2625/6/3
f 2628/6/3 2626/6/3 2627/6/3
f 2631/1/3 2630/1/3 2629/1/3
f 2632/1/3 2630/1/3 2631/1/3
f 2635/3/3 2634/3/3 2633/3/3
f 2636/3/3 2634/3/3 2635/3/3
f 2639/2/3 2638/2/3 2637/2/3
f 2640/2/3 2638/2/3 2639/2/3
f 2643/2/3 2642/2/3 2641/2/3
f 2644/2/3 2642/2/3 2643/2/3
f 2647/4/3 2646/4/3 2645/4/3
f 2648/4/3 2646/4/3 2647/4/3
f 2651/1/3 2650/1/3 2649/1/3
f 2652/1/3 2650/1/3 2651/1/3
f 2655/4/3 2654/4/3 2653/4/3
f 2656/4/3 2654/4/3 2655/4/3
f 2659/7/3 2658/7/3 2657/7/3
f 2660/7/3 2658/7/3 2659/7/3
f 2663/4/3 2662/4/3 2661/4/3
f 2664/4/3 2662/4/3 2663/4/3
f 2667/3/3 2666/3/3 2665/3/3
f 2668/3/3 2666/3/3 2667/3/3
f 2671/3/3 2670/3/3 2669/3/3
f 2672/3/3 2670/3/3 2671/3/3
f 2675/2/3 2674/2/3 2673/2/3
f 2676/2/3 2674/2/3 2675/2/3
f 2679/7/3 2678/7/3 2677/7/3
f 2680/7/3 2678/7/3 2679/7/3
f 2683/2/3 2682/2/3 2681/2/3
f 2684/2/3 2682/2/3 2683/2/3
f 2687/4/3 2686/4/3 2685/4/3
f 2688/4/3 2686/4/3 2687/4/3
f 2691/3/3 2690/3/3 2689/3/3
f 2692/3/3 2690/3/3 2691/3/3
f 2695/2/3 2694/2/3 2693/2/3
f 2696/2/3 2694/2/3 2695/2/3
f 2699/7/3 2698/7/3 2697/7/3
f 2700/7/3 2698/7/3 2699/7/3
f 2703/1/3 2702/1/3 2701/1/3
f 2704/1/3 2702/1/3 2703/1/3
f 2707/1/3 2706/1/3 2705/1/3
f 2708/1/3 2706/1/3 2707/1/3
f 2711/5/3 2710/5/3 2709/5/3
f 2712/5/3 2710/5/3 2711/5/3
f 2715/1/3 2714/1/3 2713/1/3
f 2716/1/3 2714/1/3 2715/1/3
f 2719/6/3 2718/6/3 2717/6/3
f 2720/6/3 2718/6/3 2719/6/3
f 2723/6/3 2722/6/3 2721/6/3
f 2724/6/3 2722/6/3 2723/6/3
f 2727/2/3 2726/2/3 2725/2/3
f 2728/2/3 2726/2/3 2727/2/3
f 2731/2/3 2730/2/3 2729/2/3
f 2732/2/3 2730/2/3 2731/2/3
f 2735/2/3 2734/2/3 2733/2/3
f 2736/2/3 2734/2/3 2735/2/3
f 2739/6/3 2738/6/3 2737/6/3
f 2740/6/3 2738/6/3 2739/6/3
f 2743/4/3 2742/4/3 2741/4/3
f 2744/4/3 2742/4/3 2743/4/3
f 2747/2/3 2746/2/3 2745/2/3
f 2748/2/3 2746/2/3 2747/2/3
f 2751/2/3 2750/2/3 2749/2/3
f 2752/2/3 2750/2/3 2751/2/3
f 2755/2/3 2754/2/3 2753/2/3
f 2756/2/3 2754/2/3 2755/2/3
f 2759/5/3 2758/5/3 2757/5/3
f 2760/5/3 2758/5/3 2759/5/3
f 2763/2/3 2762/2/3 2761/2/3
f 2764/2/3 2762/2/3 2763/2/3
f 2767/6/3 2766/6/3 2765/6/3
f 2768/6/3 2766/6/3 2767/6/3
f 2771/2/3 2770/2/3 2769/2/3
f 2772/2/3 2770/2/3 2771/2/3
f 2775/4/3 2774/4/3 2773/4/3
f 2776/4/3 2774/4/3 2775/4/3
f 2779/2/3 2778/2/3 2777/2/3
f 2780/2/3 2778/2/3 2779/2/3
f 2783/2/3 2782/2/3 2781/2/3
f 2784/2/3 2782/2/3 2783/2/3
f 2787/3/3 2786/3/3 2785/3/3
f 2788/3/3 2786/3/3 2787/3/3
f 2791/1/3 2790/1/3 2789/1/3
f 2792/1/3 2790/1/3 2791/1/3
f 2795/6/3 2794/6/3 2793/6/3
f 2796/6/3 2794/6/3 2795/6/3
f 2799/1/3 2798/1/3 2797/1/3
f 2800/1/3 2798/1/3 2799/1/3
f 2803/1/3 2802/1/3 2801/1/3
f 2804/1/3 2802/1/3 2803/1/3
f 2807/3/3 2806/3/3 2805/3/3
f 2808/3/3 2806/3/3 2807/3/3
f 2811/2/3 2810/2/3 2809/2/3
f 2812/2/3 2810/2/3 2811/2/3
f 2815/6/3 2814/6/3 2813/6/3
f 2816/6/3 2814/6/3 2815/6/3
f 2819/1/3 2818/1/3 2817/1/3
f 2820/1/3 2818/1/3 2819/1/3
f 2823/1/3 2822/1/3 2821/1/3
f 2824/1/3 2822/1/3 2823/1/3
f 2827/2/3 2826/2/3 2825/2/3
f 2828/2/3 2826/2/3 2827/2/3
f 2831/7/3 2830/7/3 2829/7/3
f 2832/7/3 2830/7/3 2831/7/3
f 2835/2/3 2834/2/3 2833/2/3
f 2836/2/3 2834/2/3 2835/2/3
f 2839/1/3 2838/1/3 2837/1/3
f 2840/1/3 2838/1/3 2839/1/3
f 2843/2/3 2842/2/3 2841/2/3
f 2844/2/3 2842/2/3 2843/2/3
f 2847/2/3 2846/2/3 2845/2/3
f 2848/2/3 2846/2/3 2847/2/3
f 2851/5/3 2850/5/3 2849/5/3
f 2852/5/3 2850/5/3 2851/5/3
f 2855/2/3 2854/2/3 2853/2/3
f 2856/2/3 2854/2/3 2855/2/3
f 2859/3/3 2858/3/3 2857/3/3
f 2860/3/3 2858/3/3 2859/3/3
f 2863/7/3 2862/7/3 2861/7/3
f 2864/7/3 2862/7/3 2863/7/3
f 2867/3/3 2866/3/3 2865/3/3
f 2868/3/3 2866/3/3 2867/3/3
f 2871/4/3 2870/4/3 2869/4/3
f 2872/4/3 2870/4/3 2871/4/3
f 2875/2/3 2874/2/3 2873/2/3
f 2876/2/3 2874/2/3 2875/2/3
f 2879/2/3 2878/2/3 2877/2/3
f 2880/2/3 2878/2/3 2879/2/3
f 2883/6/3 2882/6/3 2881/6/3
f 2884/6/3 2882/6/3 2883/6/3
f 2887/2/3 2886/2/3 2885/2/3
f 2888/2/3 2886/2/3 2887/2/3
f 2891/6/3 2890/6/3 2889/6/3
f 2892/6/3 2890/6/3 2891/6/3
f 2895/1/3 2894/1/3 2893/1/3
f 2896/1/3 2894/1/3 2895/1/3
f 2899/7/3 2898/7/3 2897/7/3
f 2900/7/3 2898/7/3 2899/7/3
f 2903/4/3 2902/4/3 2901/4/3
f 2904/4/3 2902/4/3 2903/4/3
f 2907/2/3 2906/2/3 2905/2/3
f 2908/2/3 2906/2/3 2907/2/3
f 2911/2/3 2910/2/3 2909/2/3
f 2912/2/3 2910/2/3 2911/2/3
f 2915/2/3 2914/2/3 2913/2/3
f 2916/2/3 2914/2/3 2915/2/3
f 2919/3/3 2918/3/3 2917/3/3
f 2920/3/3 2918/3/3 2919/3/3
f 2923/2/3 2922/2/3 2921/2/3
f 2924/2/3 2922/2/3 2923/2/3
f 2927/1/3 2926/1/3 2925/1/3
f 2928/1/3 2926/1/3 2927/1/3
f 2931/4/3 2930/4/3 2929/4/3
f 2932/4/3 2930/4/3 2931/4/3
f 2935/4/3 2934/4/3 2933/4/3
f 2936/4/3 2934/4/3 2935/4/3
f 2939/4/3 2938/4/3 2937/4/3
f 2940/4/3 2938/4/3 2939/4/3
f 2943/7/3 2942/7/3 2941/7/3
f 2944/7/3 2942/7/3 2943/7/3
f 2947/1/3 2946/1/3 2945/1/3
f 2948/1/3 2946/1/3 2947/1/3
f 2951/2/3 2950/2/3 2949/2/3
f 2952/2/3 2950/2/3 2951/2/3
f 2955/1/3 2954/1/3 2953/1/3
f 2956/1/3 2954/1/3 2955/1/3
f 2959/1/3 2958/1/3 2957/1/3
f 2960/1/3 2958/1/3 2959/1/3
f 2963/1/3 2962/1/3 2961/1/3
f 2964/1/3 2962/1/3 2963/1/3
f 2967/3/3 2966/3/3 2965/3/3
f 2968/3/3 2966/3/3 2967/3/3
f 2971/1/3 2970/1/3 2969/1/3
f 2972/1/3 2970/1/3 2971/1/3
f 2975/3/3 2974/3/3 2973/3/3
f 2976/3/3 2974/3/3 2975/3/3
f 2979/3/3 2978/3/3 2977/3/3
f 2980/3/3 2978/3/3 2979/3/3
f 2983/4/3 2982/4/3 2981/4/3
f 2984/4/3 2982/4/3 2983/4/3
f 2987/7/3 2986/7/3 2985/7/3
f 2988/7/3 2986/7/3 2987/7/3
f 2991/4/3 2990/4/3 2989/4/3
f 2992/4/3 2990/4/3 2991/4/3
f 2995/4/3 2994/4/3 2993/4/3
f 2996/4/3 2994/4/3 2995/4/3
f 2999/5/3 2998/5/3 2997/5/3
f 3000/5/3 2998/5/3 2999/5/3
f 3003/2/3 3002/2/3 3001/2/3
f 3004/2/3 3002/2/3 3003/2/3
f 3007/1/3 3006/1/3 3005/1/3
f 3008/1/3 3006/1/3 3007/1/3
f 3011/1/3 3010/1/3 3009/1/3
f 3012/1/3 3010/1/3 3011/1/3
f 3015/2/3 3014/2/3 3013/2/3
f 3016/2/3 3014/2/3 3015/2/3
f 3019/1/3 3018/1/3 3017/1/3
f 3020/1/3 3018/1/3 3019/1/3
f 3023/3/3 3022/3/3 3021/3/3
f 3024/3/3 3022/3/3 3023/3/3
f 3027/1/3 3026/1/3 3025/1/3
f 3028/1/3 3026/1/3 3027/1/3
f 3031/4/3 3030/4/3 3029/4/3
f 3032/4/3 3030/4/3 3031/4/3
f 3035/4/3 3034/4/3 3033/4/3
f 3036/4/3 3034/4/3 3035/4/3
f 3039/1/3 3038/1/3 3037/1/3
f 3040/1/3 3038/1/3 3039/1/3
f 3043/3/3 3042/3/3 3041/3/3
f 3044/3/3 3042/3/3 3043/3/3
f 3047/3/3 3046/3/3 3045/3/3
f 3048/3/3 3046/3/3 3047/3/3
f 3051/2/3 3050/2/3 3049/2/3
f 3052/2/3 3050/2/3 3051/2/3
f 3055/1/3 3054/1/3 3053/1/3
f 3056/1/3 3054/1/3 3055/1/3
f 3059/3/3 3058/3/3 3057/3/3
f 3060/3/3 3058/3/3 3059/3/3
f 3063/2/3 3062/2/3 3061/2/3
f 3064/2/3 3062/2/3 3063/2/3
f 3067/5/3 3066/5/3 3065/5/3
f 3068/5/3 3066/5/3 3067/5/3
f 3071/1/3 3070/1/3 3069/1/3
f 3072/1/3 3070/1/3 3071/1/3
f 3075/3/3 3074/3/3 3073/3/3
f 3076/3/3 3074/3/3 3075/3/3
f 3079/3/3 3078/3/3 3077/3/3
f 3080/3/3 3078/3/3 3079/3/3
f 3083/3/3 3082/3/3 3081/3/3
f 3084/3/3 3082/3/3 3083/3/3
f 3087/7/3 3086/7/3 3085/7/3
f 3088/7/3 3086/7/3 3087/7/3
f 3091/2/3 3090/2/3 3089/2/3
f 3092/2/3 3090/2/3 3091/2/3
f 3095/5/3 3094/5/3 3093/5/3
f 3096/5/3 3094/5/3 3095/5/3
f 3099/4/3 3098/4/3 3097/4/3
f 3100/4/3 3098/4/3 3099/4/3
f 3103/5/3 3102/5/3 3101/5/3
f 3104/5/3 3102/5/3 3103/5/3
f 3107/4/3 3106/4/3 3105/4/3
f 3108/4/3 3106/4/3 3107/4/3
f 3111/4/3 3110/4/3 3109/4/3
f 3112/4/3 3110/4/3 3111/4/3
f 3115/1/3 3114/1/3 3113/1/3
f 3116/1/3 3114/1/3 3115/1/3
f 3119/4/3 3118/4/3 3117/4/3
f 3120/4/3 3118/4/3 3119/4/3
f 3123/1/3 3122/1/3 3121/1/3
f 3124/1/3 3122/1/3 3123/1/3
f 3127/3/3 3126/3/3 3125/3/3
f 3128/3/3 3126/3/3 3127/3/3
f 3131/1/3 3130/1/3 3129/1/3
f 3132/1/3 3130/1/3 3131/1/3
f 3135/1/3 3134/1/3 3133/1/3
f 3136/1/3 3134/1/3 3135/1/3
f 3139/3/3 3138/3/3 3137/3/3
f 3140/3/3 3138/3/3 3139/3/3
f 3143/4/3 3142/4/3 3141/4/3
f 3144/4/3 3142/4/3 3143/4/3
f 3147/3/3 3146/3/3 3145/3/3
f 3148/3/3 3146/3/3 3147/3/3
f 3151/3/3 3150/3/3 3149/3/3
f 3152/3/3 3150/3/3 3151/3/3
f 3155/4/3 3154/4/3 3153/4/3
f 3156/4/3 3154/4/3 3155/4/3
f 3159/4/3 3158/4/3 3157/4/3
f 3160/4/3 3158/4/3 3159/4/3
f 3163/7/3 3162/7/3 3161/7/3
f 3164/7/3 3162/7/3 3163/7/3
f 3167/3/3 3166/3/3 3165/3/3
f 3168/3/3 3166/3/3 3167/3/3
f 3171/3/3 3170/3/3 3169/3/3
f 3172/3/3 3170/3/3 3171/3/3
f 3175/1/3 3174/1/3 3173/1/3
f 3176/1/3 3174/1/3 3175/1/3
f 3179/4/3 3178/4/3 3177/4/3
f 3180/4/3 3178/4/3 3179/4/3
f 3183/3/3 3182/3/3 3181/3/3
f 3184/3/3 3182/3/3 3183/3/3
f 3187/2/3 3186/2/3 3185/2/3
f 3188/2/3 3186/2/3 3187/2/3
f 3191/2/3 3190/2/3 3189/2/3
f 3192/2/3 3190/2/3 3191/2/3
f 3195/7/3 3194/7/3 3193/7/3
f 3196/7/3 3194/7/3 3195/7/3
f 3199/3/3 3198/3/3 3197/3/3
f 3200/3/3 3198/3/3 3199/3/3
f 3203/3/3 3202/3/3 3201/3/3
f 3204/3/3 3202/3/3 3203/3/3
f 3207/2/3 3206/2/3 3205/2/3
f 3208/2/3 3206/2/3 3207/2/3
f 3211/3/3 3210/3/3 3209/3/3
f 3212/3/3 3210/3/3 3211/3/3
f 3215/4/3 3214/4/3 3213/4/3
f 3216/4/3 3214/4/3 3215/4/3
f 3219/4/3 3218/4/3 3217/4/3
f 3220/4/3 3218/4/3 3219/4/3
f 3223/3/3 3222/3/3 3221/3/3
f 3224/3/3 3222/3/3 3223/3/3
f 3227/3/3 3226/3/3 3225/3/3
f 3228/3/3 3226/3/3 3227/3/3
f 3231/5/3 3230/5/3 3229/5/3
f 3232/5/3 3230/5/3 3231/5/3
f 3235/5/3 3234/5/3 3233/5/3
f 3236/5/3 3234/5/3 3235/5/3
f 3239/7/3 3238/7/3 3237/7/3
f 3240/7/3 3238/7/3 3239/7/3
f 3243/4/3 3242/4/3 3241/4/3
f 3244/4/3 3242/4/3 3243/4/3
f 3247/3/3 3246/3/3 3245/3/3
f 3248/3/3 3246/3/3 3247/3/3
f 3251/2/3 3250/2/3 3249/2/3
f 3252/2/3 3250/2/3 3251/2/3
f 3255/3/3 3254/3/3 3253/3/3
f 3256/3/3 3254/3/3 3255/3/3
f 3259/1/3 3258/1/3 3257/1/3
f 3260/1/3 3258/1/3 3259/1/3
f 3263/4/3 3262/4/3 3261/4/3
f 3264/4/3 3262/4/3 3263/4/3
f 3267/1/3 3266/1/3 3265/1/3
f 3268/1/3 3266/1/3 3267/1/3
f 3271/2/3 3270/2/3 3269/2/3
f 3272/2/3 3270/2/3 3271/2/3
f 3275/3/3 3274/3/3 3273/3/3
f 3276/3/3 3274/3/3 3275/3/3
f 3279/3/3 3278/3/3 3277/3/3
f 3280/3/3 3278/3/3 3279/3/3
f 3283/7/3 3282/7/3 3281/7/3
f 3284/7/3 3282/7/3 3283/7/3
f 3287/3/3 3286/3/3 3285/3/3
f 3288/3/3 3286/3/3 3287/3/3
f 3291/3/3 3290/3/3 3289/3/3
f 3292/3/3 3290/3/3 3291/3/3
f 3295/3/3 3294/3/3 3293/3/3
f 3296/3/3 3294/3/3 3295/3/3
f 3299/4/3 3298/4/3 3297/4/3
f 3300/4/3 3298/4/3 3299/4/3
f 3303/2/3 3302/2/3 3301/2/3
f 3304/2/3 3302/2/3 3303/2/3
f 3307/2/3 3306/2/3 3305/2/3
f 3308/2/3 3306/2/3 3307/2/3
f 3311/2/3 3310/2/3 3309/2/3
f 3312/2/3 3310/2/3 3311/2/3
f 3315/3/3 3314/3/3 3313/3/3
f 3316/3/3 3314/3/3 3315/3/3
f 3319/7/3 3318/7/3 3317/7/3
f 3320/7/3 3318/7/3 3319/7/3
f 3323/3/3 3322/3/3 3321/3/3
f 3324/3/3 3322/3/3 3323/3/3
f 3327/3/3 3326/3/3 3325/3/3
f 3328/3/3 3326/3/3 3327/3/3
f 3331/5/3 3330/5/3 3329/5/3
f 3332/5/3 3330/5/3 3331/5/3
f 3335/1/3 3334/1/3 3333/1/3
f 3336/1/3 3334/1/3 3335/1/3
f 3339/2/3 3338/2/3 3337/2/3
f 3340/2/3 3338/2/3 3339/2/3
f 3343/4/3 3342/4/3 3341/4/3
f 3344/4/3 3342/4/3 3343/4/3
f 3347/1/3 3346/1/3 3345/1/3
f 3348/1/3 3346/1/3 3347/1/3
f 3351/2/3 3350/2/3 3349/2/3
f 3352/2/3 3350/2/3 3351/2/3
f 3355/2/3 3354/2/3 3353/2/3
f 3356/2/3 3354/2/3 3355/2/3
f 3359/3/3 3358/3/3 3357/3/3
f 3360/3/3 3358/3/3 3359/3/3
f 3363/2/3 3362/2/3 3361/2/3
f 3364/2/3 3362/2/3 3363/2/3
f 3367/3/3 3366/3/3 3365/3/3
f 3368/3/3 3366/3/3 3367/3/3
f 3371/2/3 3370/2/3 3369/2/3
f 3372/2/3 3370/2/3 3371/2/3
f 3375/3/3 3374/3/3 3373/3/3
f 3376/3/3 3374/3/3 3375/3/3
f 3379/4/3 3378/4/3 3377/4/3
f 3380/4/3 3378/4/3 3379/4/3
f 3383/3/3 3382/3/3 3381/3/3
f 3384/3/3 3382/3/3 3383/3/3
f 3387/3/3 3386/3/3 3385/3/3
f 3388/3/3 3386/3/3 3387/3/3
f 3391/3/3 3390/3/3 3389/3/3
f 3392/3/3 3390/3/3 3391/3/3
f 3395/4/3 3394/4/3 3393/4/3
f 3396/4/3 3394/4/3 3395/4/3
f 3399/5/3 3398/5/3 3397/5/3
f 3400/5/3 3398/5/3 3399/5/3
f 3403/4/3 3402/4/3 3401/4/3
f 3404/4/3 3402/4/3 3403/4/3
f 3407/3/3 3406/3/3 3405/3/3
f 3408/3/3 3406/3/3 3407/3/3
f 3411/3/3 3410/3/3 3409/3/3
f 3412/3/3 3410/3/3 3411/3/3
f 3415/1/3 3414/1/3 3413/1/3
f 3416/1/3 3414/1/3 3415/1/3
f 3419/3/3 3418/3/3 3417/3/3
f 3420/3/3 3418/3/3 3419/3/3
f 3423/4/3 3422/4/3 3421/4/3
f 3424/4/3 3422/4/3 3423/4/3
f 3427/7/3 3426/7/3 3425/7/3
f 3428/7/3 3426/7/3 3427/7/3
f 3431/5/3 3430/5/3 3429/5/3
f 3432/5/3 3430/5/3 3431/5/3
f 3435/1/3 3434/1/3 3433/1/3
f 3436/1/3 3434/1/3 3435/1/3
f 3439/3/3 3438/3/3 3437/3/3
f 3440/3/3 3438/3/3 3439/3/3
f 3443/3/3 3442/3/3 3441/3/3
f 3444/3/3 3442/3/3 3443/3/3
f 3447/3/3 3446/3/3 3445/3/3
f 3448/3/3 3446/3/3 3447/3/3
f 3451/2/3 3450/2/3 3449/2/3
f 3452/2/3 3450/2/3 3451/2/3
f 3455/1/3 3454/1/3 3453/1/3
f 3456/1/3 3454/1/3 3455/1/3
f 3459/2/3 3458/2/3 3457/2/3
f 3460/2/3 3458/2/3 3459/2/3
f 3463/5/3 3462/5/3 3461/5/3
f 3464/5/3 3462/5/3 3463/5/3
f 3467/4/3 3466/4/3 3465/4/3
f 3468/4/3 3466/4/3 3467/4/3
f 3471/3/3 3470/3/3 3469/3/3
f 3472/3/3 3470/3/3 3471/3/3
f 3475/4/3 3474/4/3 3473/4/3
f 3476/4/3 3474/4/3 3475/4/3
f 3479/4/3 3478/4/3 3477/4/3
f 3480/4/3 3478/4/3 3479/4/3
f 3483/1/3 3482/1/3 3481/1/3
f 3484/1/3 3482/1/3 3483/1/3
f 3487/2/3 3486/2/3 3485/2/3
f 3488/2/3 3486/2/3 3487/2/3
f 3491/2/3 3490/2/3 3489/2/3
f 3492/2/3 3490/2/3 3491/2/3
f 3495/3/3 3494/3/3 3493/3/3
f 3496/3/3 3494/3/3 3495/3/3
f 3499/7/3 3498/7/3 3497/7/3
f 3500/7/3 3498/7/3 3499/7/3
f 3503/3/3 3502/3/3 3501/3/3
f 3504/3/3 3502/3/3 3503/3/3
f 3507/4/3 3506/4/3 3505/4/3
f 3508/4/3 3506/4/3 3507/4/3
f 3511/2/3 3510/2/3 3509/2/3
f 3512/2/3 3510/2/3 3511/2/3
f 3515/2/3 3514/2/3 3513/2/3
f 3516/2/3 3514/2/3 3515/2/3
f 3519/1/3 3518/1/3 3517/1/3
f 3520/1/3 3518/1/3 3519/1/3
f 3523/2/3 3522/2/3 3521/2/3
f 3524/2/3 3522/2/3 3523/2/3
f 3527/2/3 3526/2/3 3525/2/3
f 3528/2/3 3526/2/3 3527/2/3
f 3531/2/3 3530/2/3 3529/2/3
f 3532/2/3 3530/2/3 3531/2/3
f 3535/2/3 3534/2/3 3533/2/3
f 3536/2/3 3534/2/3 3535/2/3
f 3539/2/3 3538/2/3 3537/2/3
f 3540/2/3 3538/2/3 3539/2/3
f 3543/7/3 3542/7/3 3541/7/3
f 3544/7/3 3542/7/3 3543/7/3
f 3547/3/3 3546/3/3 3545/3/3
f 3548/3/3 3546/3/3 3547/3/3
f 3551/5/3 3550/5/3 3549/5/3
f 3552/5/3 3550/5/3 3551/5/3
f 3555/7/3 3554/7/3 3553/7/3
f 3556/7/3 3554/7/3 3555/7/3
f 3559/2/3 3558/2/3 3557/2/3
f 3560/2/3 3558/2/3 3559/2/3
f 3563/6/3 3562/6/3 3561/6/3
f 3564/6/3 3562/6/3 3563/6/3
f 3567/4/3 3566/4/3 3565/4/3
f 3568/4/3 3566/4/3 3567/4/3
f 3571/4/3 3570/4/3 3569/4/3
f 3572/4/3 3570/4/3 3571/4/3
f 3575/4/3 3574/4/3 3573/4/3
f 3576/4/3 3574/4/3 3575/4/3
f 3579/7/3 3578/7/3 3577/7/3
f 3580/7/3 3578/7/3 3579/7/3
f 3583/2/3 3582/2/3 3581/2/3
f 3584/2/3 3582/2/3 3583/2/3
f 3587/7/3 3586/7/3 3585/7/3
f 3588/7/3 3586/7/3 3587/7/3
f 3591/1/3 3590/1/3 3589/1/3
f 3592/1/3 3590/1/3 3591/1/3
f 3595/6/3 3594/6/3 3593/6/3
f 3596/6/3 3594/6/3 3595/6/3
f 3599/4/3 3598/4/3 3597/4/3
f 3600/4/3 3598/4/3 3599/4/3
f 3603/2/3 3602/2/3 3601/2/3
f 3604/2/3 3602/2/3 3603/2/3
f 3607/2/3 3606/2/3 3605/2/3
f 3608/2/3 3606/2/3 3607/2/3
f 3611/1/3 3610/1/3 3609/1/3
f 3612/1/3 3610/1/3 3611/1/3
f 3615/4/3 3614/4/3 3613/4/3
f 3616/4/3 3614/4/3 3615/4/3
f 3619/4/3 3618/4/3 3617/4/3
f 3620/4/3 3618/4/3 3619/4/3
f 3623/4/3 3622/4/3 3621/4/3
f 3624/4/3 3622/4/3 3623/4/3
f 3627/6/3 3626/6/3 3625/6/3
f 3628/6/3 3626/6/3 3627/6/3
f 3631/5/3 3630/5/3 3629/5/3
f 3632/5/3 3630/5/3 3631/5/3
f 3635/7/3 3634/7/3 3633/7/3
f 3636/7/3 3634/7/3 3635/7/3
f 3639/4/3 3638/4/3 3637/4/3
f 3640/4/3 3638/4/3 3639/4/3
f 3643/7/3 3642/7/3 3641/7/3
f 3644/7/3 3642/7/3 3643/7/3
f 3647/6/3 3646/6/3 3645/6/3
f 3648/6/3 3646/6/3 3647/6/3
f 3651/4/3 3650/4/3 3649/4/3
f 3652/4/3 3650/4/3 3651/4/3
f 3655/5/3 3654/5/3 3653/5/3
f 3656/5/3 3654/5/3 3655/5/3
f 3659/7/3 3658/7/3 3657/7/3
f 3660/7/3 3658/7/3 3659/7/3
f 3663/4/3 3662/4/3 3661/4/3
f 3664/4/3 3662/4/3 3663/4/3
f 3667/7/3 3666/7/3 3665/7/3
f 3668/7/3 3666/7/3 3667/7/3
f 3671/4/3 3670/4/3 3669/4/3
f 3672/4/3 3670/4/3 3671/4/3
f 3675/4/3 3674/4/3 3673/4/3
f 3676/4/3 3674/4/3 3675/4/3
f 3679/6/3 3678/6/3 3677/6/3
f 3680/6/3 3678/6/3 3679/6/3
f 3683/4/3 3682/4/3 3681/4/3
f 3684/4/3 3682/4/3 3683/4/3
f 3685/4/4 3686/4/4 3687/4/4
f 3687/4/4 3686/4/4 3688/4/4
f 3689/6/4 3690/6/4 3691/6/4
f 3691/6/4 3690/6/4 3692/6/4
f 3693/7/4 3694/7/4 3695/7/4
f 3695/7/4 3694/7/4 3696/7/4
f 3697/5/4 3698/5/4 3699/5/4
f 3699/5/4 3698/5/4 3700/5/4
f 3701/6/4 3702/6/4 3703/6/4
f 3703/6/4 3702/6/4 3704/6/4
f 3705/4/4 3706/4/4 3707/4/4
f 3707/4/4 3706/4/4 3708/4/4
f 3709/4/4 3710/4/4 3711/4/4
f 3711/4/4 3710/4/4 3712/4/4
f 3713/4/4 3714/4/4 3715/4/4
f 3715/4/4 3714/4/4 3716/4/4
f 3717/6/4 3718/6/4 3719/6/4
f 3719/6/4 3718/6/4 3720/6/4
f 3721/6/4 3722/6/4 3723/6/4
f 3723/6/4 3722/6/4 3724/6/4
f 3725/4/4 3726/4/4 3727/4/4
f 3727/4/4 3726/4/4 3728/4/4
f 3729/4/4 3730/4/4 3731/4/4
f 3731/4/4 3730/4/4 3732/4/4
f 3733/2/4 3734/2/4 3735/2/4
f 3735/2/4 3734/2/4 3736/2/4
f 3737/6/4 3738/6/4 3739/6/4
f 3739/6/4 3738/6/4 3740/6/4
f 3741/2/4 3742/2/4 3743/2/4
f 3743/2/4 3742/2/4 3744/2/4
f 3745/4/4 3746/4/4 3747/4/4
f 3747/4/4 3746/4/4 3748/4/4
f 3749/4/4 3750/4/4 3751/4/4
f 3751/4/4 3750/4/4 3752/4/4
f 3753/4/4 3754/4/4 3755/4/4
f 3755/4/4 3754/4/4 3756/4/4
f 3757/2/4 3758/2/4 3759/2/4
f 3759/2/4 3758/2/4 3760/2/4
f 3761/4/4 3762/4/4 3763/4/4
f 3763/4/4 3762/4/4 3764/4/4
f 3765/2/4 3766/2/4 3767/2/4
f 3767/2/4 3766/2/4 3768/2/4
f 3769/1/4 3770/1/4 3771/1/4
f 3771/1/4 3770/1/4 3772/1/4
f 3773/6/4 3774/6/4 3775/6/4
f 3775/6/4 3774/6/4 3776/6/4
f 3777/5/4 3778/5/4 3779/5/4
f 3779/5/4 3778/5/4 3780/5/4
f 3781/2/4 3782/2/4 3783/2/4
f 3783/2/4 3782/2/4 3784/2/4
f 3785/7/4 3786/7/4 3787/7/4
f 3787/7/4 3786/7/4 3788/7/4
f 3789/6/4 3790/6/4 3791/6/4
f 3791/6/4 3790/6/4 3792/6/4
f 3793/7/4 3794/7/4 3795/7/4
f 3795/7/4 3794/7/4 3796/7/4
f 3797/2/4 3798/2/4 3799/2/4
f 3799/2/4 3798/2/4 3800/2/4
f 3801/3/4 3802/3/4 3803/3/4
f 3803/3/4 3802/3/4 3804/3/4
f 3805/2/4 3806/2/4 3807/2/4
f 3807/2/4 3806/2/4 3808/2/4
f 3809/1/4 3810/1/4 3811/1/4
f 3811/1/4 3810/1/4 3812/1/4
f 3813/3/4 3814/3/4 3815/3/4
f 3815/3/4 3814/3/4 3816/3/4
f 3817/2/4 3818/2/4 3819/2/4
f 3819/2/4 3818/2/4 3820/2/4
f 3821/6/4 3822/6/4 3823/6/4
f 3823/6/4 3822/6/4 3824/6/4
f 3825/6/4 3826/6/4 3827/6/4
f 3827/6/4 3826/6/4 3828/6/4
f 3829/2/4 3830/2/4 3831/2/4
f 3831/2/4 3830/2/4 3832/2/4
f 3833/3/4 3834/3/4 3835/3/4
f 3835/3/4 3834/3/4 3836/3/4
f 3837/1/4 3838/1/4 3839/1/4
f 3839/1/4 3838/1/4 3840/1/4
f 3841/2/4 3842/2/4 3843/2/4
f 3843/2/4 3842/2/4 3844/2/4
f 3845/2/4 3846/2/4 3847/2/4
f 3847/2/4 3846/2/4 3848/2/4
f 3849/6/4 3850/6/4 3851/6/4
f 3851/6/4 3850/6/4 3852/6/4
f 3853/6/4 3854/6/4 3855/6/4
f 3855/6/4 3854/6/4 3856/6/4
f 3857/1/4 3858/1/4 3859/1/4
f 3859/1/4 3858/1/4 3860/1/4
f 3861/3/4 3862/3/4 3863/3/4
f 3863/3/4 3862/3/4 3864/3/4
f 3865/2/4 3866/2/4 3867/2/4
f 3867/2/4 3866/2/4 3868/2/4
f 3869/2/4 3870/2/4 3871/2/4
f 3871/2/4 3870/2/4 3872/2/4
f 3873/4/4 3874/4/4 3875/4/4
f 3875/4/4 3874/4/4 3876/4/4
f 3877/1/4 3878/1/4 3879/1/4
f 3879/1/4 3878/1/4 3880/1/4
f 3881/4/4 3882/4/4 3883/4/4
f 3883/4/4 3882/4/4 3884/4/4
f 3885/7/4 3886/7/4 3887/7/4
f 3887/7/4 3886/7/4 3888/7/4
f 3889/4/4 3890/4/4 3891/4/4
f 3891/4/4 3890/4/4 3892/4/4
f 3893/3/4 3894/3/4 3895/3/4
f 3895/3/4 3894/3/4 3896/3/4
f 3897/3/4 3898/3/4 3899/3/4
f 3899/3/4 3898/3/4 3900/3/4
f 3901/2/4 3902/2/4 3903/2/4
f 3903/2/4 3902/2/4 3904/2/4
f 3905/7/4 3906/7/4 3907/7/4
f 3907/7/4 3906/7/4 3908/7/4
f 3909/2/4 3910/2/4 3911/2/4
f 3911/2/4 3910/2/4 3912/2/4
f 3913/4/4 3914/4/4 3915/4/4
f 3915/4/4 3914/4/4 3916/4/4
f 3917/3/4 3918/3/4 3919/3/4
f 3919/3/4 3918/3/4 3920/3/4
f 3921/2/4 3922/2/4 3923/2/4
f 3923/2/4 3922/2/4 3924/2/4
f 3925/1/4 3926/1/4 3927/1/4
f 3927/1/4 3926/1/4 3928/1/4
f 3929/7/4 3930/7/4 3931/7/4
f 3931/7/4 3930/7/4 3932/7/4
f 3933/1/4 3934/1/4 3935/1/4
f 3935/1/4 3934/1/4 3936/1/4
f 3937/5/4 3938/5/4 3939/5/4
f 3939/5/4 3938/5/4 3940/5/4
f 3941/1/4 3942/1/4 3943/1/4
f 3943/1/4 3942/1/4 3944/1/4
f 3945/6/4 3946/6/4 3947/6/4
f 3947/6/4 3946/6/4 3948/6/4
f 3949/6/4 3950/6/4 3951/6/4
f 3951/6/4 3950/6/4 3952/6/4
f 3953/2/4 3954/2/4 3955/2/4
f 3955/2/4 3954/2/4 3956/2/4
f 3957/2/4 3958/2/4 3959/2/4
f 3959/2/4 3958/2/4 3960/2/4
f 3961/2/4 3962/2/4 3963/2/4
f 3963/2/4 3962/2/4 3964/2/4
f 3965/6/4 3966/6/4 3967/6/4
f 3967/6/4 3966/6/4 3968/6/4
f 3969/4/4 3970/4/4 3971/4/4
f 3971/4/4 3970/4/4 3972/4/4
f 3973/2/4 3974/2/4 3975/2/4
f 3975/2/4 3974/2/4 3976/2/4
f 3977/2/4 3978/2/4 3979/2/4
f 3979/2/4 3978/2/4 3980/2/4
f 3981/2/4 3982/2/4 3983/2/4
f 3983/2/4 3982/2/4 3984/2/4
f 3985/5/4 3986/5/4 3987/5/4
f 3987/5/4 3986/5/4 3988/5/4
f 3989/2/4 3990/2/4 3991/2/4
f 3991/2/4 3990/2/4 3992/2/4
f 3993/6/4 3994/6/4 3995/6/4
f 3995/6/4 3994/6/4 3996/6/4
f 3997/2/4 3998/2/4 3999/2/4
f 3999/2/4 3998/2/4 4000/2/4
f 4001/4/4 4002/4/4 4003/4/4
f 4003/4/4 4002/4/4 4004/4/4
f 4005/2/4 4006/2/4 4007/2/4
f 4007/2/4 4006/2/4 4008/2/4
f 4009/2/4 4010/2/4 4011/2/4
f 4011/2/4 4010/2/4 4012/2/4
f 4013/3/4 4014/3/4 4015/3/4
f 4015/3/4 4014/3/4 4016/3/4
f 4017/1/4 4018/1/4 4019/1/4
f 4019/1/4 4018/1/4 4020/1/4
f 4021/6/4 4022/6/4 4023/6/4
f 4023/6/4 4022/6/4 4024/6/4
f 4025/1/4 4026/1/4 4027/1/4
f 4027/1/4 4026/1/4 4028/1/4
f 4029/1/4 4030/1/4 4031/1/4
f 4031/1/4 4030/1/4 4032/1/4
f 4033/3/4 4034/3/4 4035/3/4
f 4035/3/4 4034/3/4 4036/3/4
f 4037/2/4 4038/2/4 4039/2/4
f 4039/2/4 4038/2/4 4040/2/4
f 4041/6/4 4042/6/4 4043/6/4
f 4043/6/4 4042/6/4 4044/6/4
f 4045/1/4 4046/1/4 4047/1/4
f 4047/1/4 4046/1/4 4048/1/4
f 4049/1/4 4050/1/4 4051/1/4
f 4051/1/4 4050/1/4 4052/1/4
f 4053/2/4 4054/2/4 4055/2/4
f 4055/2/4 4054/2/4 4056/2/4
f 4057/7/4 4058/7/4 4059/7/4
f 4059/7/4 4058/7/4 4060/7/4
f 4061/2/4 4062/2/4 4063/2/4
f 4063/2/4 4062/2/4 4064/2/4
f 4065/1/4 4066/1/4 4067/1/4
f 4067/1/4 4066/1/4 4068/1/4
f 4069/2/4 4070/2/4 4071/2/4
f 4071/2/4 4070/2/4 4072/2/4
f 4073/2/4 4074/2/4 4075/2/4
f 4075/2/4 4074/2/4 4076/2/4
f 4077/5/4 4078/5/4 4079/5/4
f 4079/5/4 4078/5/4 4080/5/4
f 4081/2/4 4082/2/4 4083/2/4
f 4083/2/4 4082/2/4 4084/2/4
f 4085/3/4 4086/3/4 4087/3/4
f 4087/3/4 4086/3/4 4088/3/4
f 4089/7/4 4090/7/4 4091/7/4
f 4091/7/4 4090/7/4 4092/7/4
f 4093/3/4 4094/3/4 4095/3/4
f 4095/3/4 4094/3/4 4096/3/4
f 4097/4/4 4098/4/4 4099/4/4
f 4099/4/4 4098/4/4 4100/4/4
f 4101/2/4 4102/2/4 4103/2/4
f 4103/2/4 4102/2/4 4104/2/4
f 4105/2/4 4106/2/4 4107/2/4
f 4107/2/4 4106/2/4 4108/2/4
f 4109/6/4 4110/6/4 4111/6/4
f 4111/6/4 4110/6/4 4112/6/4
f 4113/2/4 4114/2/4 4115/2/4
f 4115/2/4 4114/2/4 4116/2/4
f 4117/6/4 4118/6/4 4119/6/4
f 4119/6/4 4118/6/4 4120/6/4
f 4121/1/4 4122/1/4 4123/1/4
f 4123/1/4 4122/1/4 4124/1/4
f 4125/7/4 4126/7/4 4127/7/4
f 4127/7/4 4126/7/4 4128/7/4
f 4129/4/4 4130/4/4 4131/4/4
f 4131/4/4 4130/4/4 4132/4/4
f 4133/2/4 4134/2/4 4135/2/4
f 4135/2/4 4134/2/4 4136/2/4
f 4137/2/4 4138/2/4 4139/2/4
f 4139/2/4 4138/2/4 4140/2/4
f 4141/2/4 4142/2/4 4143/2/4
f 4143/2/4 4142/2/4 4144/2/4
f 4145/3/4 4146/3/4 4147/3/4
f 4147/3/4 4146/3/4 4148/3/4
f 4149/2/4 4150/2/4 4151/2/4
f 4151/2/4 4150/2/4 4152/2/4
f 4153/1/4 4154/1/4 4155/1/4
f 4155/1/4 4154/1/4 4156/1/4
f 4157/4/4 4158/4/4 4159/4/4
f 4159/4/4 4158/4/4 4160/4/4
f 4161/4/4 4162/4/4 4163/4/4
f 4163/4/4 4162/4/4 4164/4/4
f 4165/4/4 4166/4/4 4167/4/4
f 4167/4/4 4166/4/4 4168/4/4
f 4169/7/4 4170/7/4 4171/7/4
f 4171/7/4 4170/7/4 4172/7/4
f 4173/1/4 4174/1/4 4175/1/4
f 4175/1/4 4174/1/4 4176/1/4
f 4177/2/4 4178/2/4 4179/2/4
f 4179/2/4 4178/2/4 4180/2/4
f 4181/1/4 4182/1/4 4183/1/4
f 4183/1/4 4182/1/4 4184/1/4
f 4185/1/4 4186/1/4 4187/1/4
f 4187/1/4 4186/1/4 4188/1/4
f 4189/1/4 4190/1/4 4191/1/4
f 4191/1/4 4190/1/4 4192/1/4
f 4193/3/4 4194/3/4 4195/3/4
f 4195/3/4 4194/3/4 4196/3/4
f 4197/1/4 4198/1/4 4199/1/4
f 4199/1/4 4198/1/4 4200/1/4
f 4201/3/4 4202/3/4 4203/3/4
f 4203/3/4 4202/3/4 4204/3/4
f 4205/3/4 4206/3/4 4207/3/4
f 4207/3/4 4206/3/4 4208/3/4
f 4209/4/4 4210/4/4 4211/4/4
f 4211/4/4 4210/4/4 4212/4/4
f 4213/7/4 4214/7/4 4215/7/4
f 4215/7/4 4214/7/4 4216/7/4
f 4217/4/4 4218/4/4 4219/4/4
f 4219/4/4 4218/4/4 4220/4/4
f 4221/4/4 4222/4/4 4223/4/4
f 4223/4/4 4222/4/4 4224/4/4
f 4225/5/4 4226/5/4 4227/5/4
f 4227/5/4 4226/5/4 4228/5/4
f 4229/2/4 4230/2/4 4231/2/4
f 4231/2/4 4230/2/4 4232/2/4
f 4233/1/4 4234/1/4 4235/1/4
f 4235/1/4 4234/1/4 4236/1/4
f 4237/1/4 4238/1/4 4239/1/4
f 4239/1/4 4238/1/4 4240/1/4
f 4241/2/4 4242/2/4 4243/2/4
f 4243/2/4 4242/2/4 4244/2/4
f 4245/1/4 4246/1/4 4247/1/4
f 4247/1/4 4246/1/4 4248/1/4
f 4249/3/4 4250/3/4 4251/3/4
f 4251/3/4 4250/3/4 4252/3/4
f 4253/1/4 4254/1/4 4255/1/4
f 4255/1/4 4254/1/4 4256/1/4
f 4257/4/4 4258/4/4 4259/4/4
f 4259/4/4 4258/4/4 4260/4/4
f 4261/4/4 4262/4/4 4263/4/4
f 4263/4/4 4262/4/4 4264/4/4
f 4265/1/4 4266/1/4 4267/1/4
f 4267/1/4 4266/1/4 4268/1/4
f 4269/3/4 4270/3/4 4271/3/4
f 4271/3/4 4270/3/4 4272/3/4
f 4273/3/4 4274/3/4 4275/3/4
f 4275/3/4 4274/3/4 4276/3/4
f 4277/2/4 4278/2/4 4279/2/4
f 4279/2/4 4278/2/4 4280/2/4
f 4281/1/4 4282/1/4 4283/1/4
f 4283/1/4 4282/1/4 4284/1/4
f 4285/3/4 4286/3/4 4287/3/4
f 4287/3/4 4286/3/4 4288/3/4
f 4289/2/4 4290/2/4 4291/2/4
f 4291/2/4 4290/2/4 4292/2/4
f 4293/5/4 4294/5/4 4295/5/4
f 4295/5/4 4294/5/4 4296/5/4
f 4297/1/4 4298/1/4 4299/1/4
f 4299/1/4 4298/1/4 4300/1/4
f 4301/3/4 4302/3/4 4303/3/4
f 4303/3/4 4302/3/4 4304/3/4
f 4305/3/4 4306/3/4 4307/3/4
f 4307/3/4 4306/3/4 4308/3/4
f 4309/3/4 4310/3/4 4311/3/4
f 4311/3/4 4310/3/4 4312/3/4
f 4313/7/4 4314/7/4 4315/7/4
f 4315/7/4 4314/7/4 4316/7/4
f 4317/2/4 4318/2/4 4319/2/4
f 4319/2/4 4318/2/4 4320/2/4
f 4321/5/4 4322/5/4 4323/5/4
f 4323/5/4 4322/5/4 4324/5/4
f 4325/4/4 4326/4/4 4327/4/4
f 4327/4/4 4326/4/4 4328/4/4
f 4329/5/4 4330/5/4 4331/5/4
f 4331/5/4 4330/5/4 4332/5/4
f 4333/4/4 4334/4/4 4335/4/4
f 4335/4/4 4334/4/4 4336/4/4
f 4337/4/4 4338/4/4 4339/4/4
f 4339/4/4 4338/4/4 4340/4/4
f 4341/1/4 4342/1/4 4343/1/4
f 4343/1/4 4342/1/4 4344/1/4
f 4345/4/4 4346/4/4 4347/4/4
f 4347/4/4 4346/4/4 4348/4/4
f 4349/1/4 4350/1/4 4351/1/4
f 4351/1/4 4350/1/4 4352/1/4
f 4353/3/4 4354/3/4 4355/3/4
f 4355/3/4 4354/3/4 4356/3/4
f 4357/1/4 4358/1/4 4359/1/4
f 4359/1/4 4358/1/4 4360/1/4
f 4361/1/4 4362/1/4 4363/1/4
f 4363/1/4 4362/1/4 4364/1/4
f 4365/3/4 4366/3/4 4367/3/4
f 4367/3/4 4366/3/4 4368/3/4
f 4369/4/4 4370/4/4 4371/4/4
f 4371/4/4 4370/4/4 4372/4/4
f 4373/3/4 4374/3/4 4375/3/4
f 4375/3/4 4374/3/4 4376/3/4
f 4377/3/4 4378/3/4 4379/3/4
f 4379/3/4 4378/3/4 4380/3/4
f 4381/4/4 4382/4/4 4383/4/4
f 4383/4/4 4382/4/4 4384/4/4
f 4385/4/4 4386/4/4 4387/4/4
f 4387/4/4 4386/4/4 4388/4/4
f 4389/7/4 4390/7/4 4391/7/4
f 4391/7/4 4390/7/4 4392/7/4
f 4393/3/4 4394/3/4 4395/3/4
f 4395/3/4 4394/3/4 4396/3/4
f 4397/3/4 4398/3/4 4399/3/4
f 4399/3/4 4398/3/4 4400/3/4
f 4401/1/4 4402/1/4 4403/1/4
f 4403/1/4 4402/1/4 4404/1/4
f 4405/4/4 4406/4/4 4407/4/4
f 4407/4/4 4406/4/4 4408/4/4
f 4409/3/4 4410/3/4 4411/3/4
f 4411/3/4 4410/3/4 4412/3/4
f 4413/2/4 4414/2/4 4415/2/4
f 4415/2/4 4414/2/4 4416/2/4
f 4417/2/4 4418/2/4 4419/2/4
f 4419/2/4 4418/2/4 4420/2/4
f 4421/7/4 4422/7/4 4423/7/4
f 4423/7/4 4422/7/4 4424/7/4
f 4425/3/4 4426/3/4 4427/3/4
f 4427/3/4 4426/3/4 4428/3/4
f 4429/3/4 4430/3/4 4431/3/4
f 4431/3/4 4430/3/4 4432/3/4
f 4433/2/4 4434/2/4 4435/2/4
f 4435/2/4 4434/2/4 4436/2/4
f 4437/3/4 4438/3/4 4439/3/4
f 4439/3/4 4438/3/4 4440/3/4
f 4441/4/4 4442/4/4 4443/4/4
f 4443/4/4 4442/4/4 4444/4/4
f 4445/4/4 4446/4/4 4447/4/4
f 4447/4/4 4446/4/4 4448/4/4
f 4449/3/4 4450/3/4 4451/3/4
f 4451/3/4 4450/3/4 4452/3/4
f 4453/3/4 4454/3/4 4455/3/4
f 4455/3/4 4454/3/4 4456/3/4
f 4457/5/4 4458/5/4 4459/5/4
f 4459/5/4 4458/5/4 4460/5/4
f 4461/5/4 4462/5/4 4463/5/4
f 4463/5/4 4462/5/4 4464/5/4
f 4465/7/4 4466/7/4 4467/7/4
f 4467/7/4 4466/7/4 4468/7/4
f 4469/4/4 4470/4/4 4471/4/4
f 4471/4/4 4470/4/4 4472/4/4
f 4473/3/4 4474/3/4 4475/3/4
f 4475/3/4 4474/3/4 4476/3/4
f 4477/2/4 4478/2/4 4479/2/4
f 4479/2/4 4478/2/4 4480/2/4
f 4481/3/4 4482/3/4 4483/3/4
f 4483/3/4 4482/3/4 4484/3/4
f 4485/1/4 4486/1/4 4487/1/4
f 4487/1/4 4486/1/4 4488/1/4
f 4489/4/4 4490/4/4 4491/4/4
f 4491/4/4 4490/4/4 4492/4/4
f 4493/1/4 4494/1/4 4495/1/4
f 4495/1/4 4494/1/4 4496/1/4
f 4497/2/4 4498/2/4 4499/2/4
f 4499/2/4 4498/2/4 4500/2/4
f 4501/3/4 4502/3/4 4503/3/4
f 4503/3/4 4502/3/4 4504/3/4
f 4505/3/4 4506/3/4 4507/3/4
f 4507/3/4 4506/3/4 4508/3/4
f 4509/7/4 4510/7/4 4511/7/4
f 4511/7/4 4510/7/4 4512/7/4
f 4513/3/4 4514/3/4 4515/3/4
f 4515/3/4 4514/3/4 4516/3/4
f 4517/3/4 4518/3/4 4519/3/4
f 4519/3/4 4518/3/4 4520/3/4
f 4521/3/4 4522/3/4 4523/3/4
f 4523/3/4 4522/3/4 4524/3/4
f 4525/4/4 4526/4/4 4527/4/4
f 4527/4/4 4526/4/4 4528/4/4
f 4529/2/4 4530/2/4 4531/2/4
f 4531/2/4 4530/2/4 4532/2/4
f 4533/2/4 4534/2/4 4535/2/4
f 4535/2/4 4534/2/4 4536/2/4
f 4537/2/4 4538/2/4 4539/2/4
f 4539/2/4 4538/2/4 4540/2/4
f 4541/3/4 4542/3/4 4543/3/4
f 4543/3/4 4542/3/4 4544/3/4
f 4545/7/4 4546/7/4 4547/7/4
f 4547/7/4 4546/7/4 4548/7/4
f 4549/3/4 4550/3/4 4551/3/4
f 4551/3/4 4550/3/4 4552/3/4
f 4553/3/4 4554/3/4 4555/3/4
f 4555/3/4 4554/3/4 4556/3/4
f 4557/5/4 4558/5/4 4559/5/4
f 4559/5/4 4558/5/4 4560/5/4
f 4561/1/4 4562/1/4 4563/1/4
f 4563/1/4 4562/1/4 4564/1/4
f 4565/2/4 4566/2/4 4567/2/4
f 4567/2/4 4566/2/4 4568/2/4
f 4569/4/4 4570/4/4 4571/4/4
f 4571/4/4 4570/4/4 4572/4/4
f 4573/1/4 4574/1/4 4575/1/4
f 4575/1/4 4574/1/4 4576/1/4
f 4577/2/4 4578/2/4 4579/2/4
f 4579/2/4 4578/2/4 4580/2/4
f 4581/2/4 4582/2/4 4583/2/4
f 4583/2/4 4582/2/4 4584/2/4
f 4585/3/4 4586/3/4 4587/3/4
f 4587/3/4 4586/3/4 4588/3/4
f 4589/2/4 4590/2/4 4591/2/4
f 4591/2/4 4590/2/4 4592/2/4
f 4593/3/4 4594/3/4 4595/3/4
f 4595/3/4 4594/3/4 4596/3/4
f 4597/2/4 4598/2/4 4599/2/4
f 4599/2/4 4598/2/4 4600/2/4
f 4601/3/4 4602/3/4 4603/3/4
f 4603/3/4 4602/3/4 4604/3/4
f 4605/4/4 4606/4/4 4607/4/4
f 4607/4/4 4606/4/4 4608/4/4
f 4609/3/4 4610/3/4 4611/3/4
f 4611/3/4 4610/3/4 4612/3/4
f 4613/3/4 4614/3/4 4615/3/4
f 4615/3/4 4614/3/4 4616/3/4
f 4617/3/4 4618/3/4 4619/3/4
f 4619/3/4 4618/3/4 4620/3/4
f 4621/4/4 4622/4/4 4623/4/4
f 4623/4/4 4622/4/4 4624/4/4
f 4625/5/4 4626/5/4 4627/5/4
f 4627/5/4 4626/5/4 4628/5/4
f 4629/4/4 4630/4/4 4631/4/4
f 4631/4/4 4630/4/4 4632/4/4
f 4633/3/4 4634/3/4 4635/3/4
f 4635/3/4 4634/3/4 4636/3/4
f 4637/3/4 4638/3/4 4639/3/4
f 4639/3/4 4638/3/4 4640/3/4
f 4641/1/4 4642/1/4 4643/1/4
f 4643/1/4 4642/1/4 4644/1/4
f 4645/3/4 4646/3/4 4647/3/4
f 4647/3/4 4646/3/4 4648/3/4
f 4649/4/4 4650/4/4 4651/4/4
f 4651/4/4 4650/4/4 4652/4/4
f 4653/7/4 4654/7/4 4655/7/4
f 4655/7/4 4654/7/4 4656/7/4
f 4657/5/4 4658/5/4 4659/5/4
f 4659/5/4 4658/5/4 4660/5/4
f 4661/1/4 4662/1/4 4663/1/4
f 4663/1/4 4662/1/4 4664/1/4
f 4665/3/4 4666/3/4 4667/3/4
f 4667/3/4 4666/3/4 4668/3/4
f 4669/3/4 4670/3/4 4671/3/4
f 4671/3/4 4670/3/4 4672/3/4
f 4673/3/4 4674/3/4 4675/3/4
f 4675/3/4 4674/3/4 4676/3/4
f 4677/2/4 4678/2/4 4679/2/4
f 4679/2/4 4678/2/4 4680/2/4
f 4681/1/4 4682/1/4 4683/1/4
f 4683/1/4 4682/1/4 4684/1/4
f 4685/2/4 4686/2/4 4687/2/4
f 4687/2/4 4686/2/4 4688/2/4
f 4689/5/4 4690/5/4 4691/5/4
f 4691/5/4 4690/5/4 4692/5/4
f 4693/4/4 4694/4/4 4695/4/4
f 4695/4/4 4694/4/4 4696/4/4
f 4697/3/4 4698/3/4 4699/3/4
f 4699/3/4 4698/3/4 4700/3/4
f 4701/4/4 4702/4/4 4703/4/4
f 4703/4/4 4702/4/4 4704/4/4
f 4705/4/4 4706/4/4 4707/4/4
f 4707/4/4 4706/4/4 4708/4/4
f 4709/1/4 4710/1/4 4711/1/4
f 4711/1/4 4710/1/4 4712/1/4
f 4713/2/4 4714/2/4 4715/2/4
f 4715/2/4 4714/2/4 4716/2/4
f 4717/2/4 4718/2/4 4719/2/4
f 4719/2/4 4718/2/4 4720/2/4
f 4721/3/4 4722/3/4 4723/3/4
f 4723/3/4 4722/3/4 4724/3/4
f 4725/7/4 4726/7/4 4727/7/4
f 4727/7/4 4726/7/4 4728/7/4
f 4729/3/4 4730/3/4 4731/3/4
f 4731/3/4 4730/3/4 4732/3/4
f 4733/4/4 4734/4/4 4735/4/4
f 4735/4/4 4734/4/4 4736/4/4
f 4737/2/4 4738/2/4 4739/2/4
f 4739/2/4 4738/2/4 4740/2/4
f 4741/2/4 4742/2/4 4743/2/4
f 4743/2/4 4742/2/4 4744/2/4
f 4745/1/4 4746/1/4 4747/1/4
f 4747/1/4 4746/1/4 4748/1/4
f 4749/2/4 4750/2/4 4751/2/4
f 4751/2/4 4750/2/4 4752/2/4
f 4753/2/4 4754/2/4 4755/2/4
f 4755/2/4 4754/2/4 4756/2/4
f 4757/2/4 4758/2/4 4759/2/4
f 4759/2/4 4758/2/4 4760/2/4
f 4761/2/4 4762/2/4 4763/2/4
f 4763/2/4 4762/2/4 4764/2/4
f 4765/2/4 4766/2/4 4767/2/4
f 4767/2/4 4766/2/4 4768/2/4
f 4769/7/4 4770/7/4 4771/7/4
f 4771/7/4 4770/7/4 4772/7/4
f 4773/3/4 4774/3/4 4775/3/4
f 4775/3/4 4774/3/4 4776/3/4
f 4777/5/4 4778/5/4 4779/5/4
f 4779/5/4 4778/5/4 4780/5/4
f 4781/7/4 4782/7/4 4783/7/4
f 4783/7/4 4782/7/4 4784/7/4
f 4785/2/4 4786/2/4 4787/2/4
f 4787/2/4 4786/2/4 4788/2/4
f 4789/6/4 4790/6/4 4791/6/4
f 4791/6/4 4790/6/4 4792/6/4
f 4793/4/4 4794/4/4 4795/4/4
f 4795/4/4 4794/4/4 4796/4/4
f 4797/4/4 4798/4/4 4799/4/4
f 4799/4/4 4798/4/4 4800/4/4
f 4801/4/4 4802/4/4 4803/4/4
f 4803/4/4 4802/4/4 4804/4/4
f 4805/7/4 4806/7/4 4807/7/4
f 4807/7/4 4806/7/4 4808/7/4
f 4809/2/4 4810/2/4 4811/2/4
f 4811/2/4 4810/2/4 4812/2/4
f 4813/7/4 4814/7/4 4815/7/4
f 4815/7/4 4814/7/4 4816/7/4
f 4817/1/4 4818/1/4 4819/1/4
f 4819/1/4 4818/1/4 4820/1/4
f 4821/6/4 4822/6/4 4823/6/4
f 4823/6/4 4822/6/4 4824/6/4
f 4825/4/4 4826/4/4 4827/4/4
f 4827/4/4 4826/4/4 4828/4/4
f 4829/2/4 4830/2/4 4831/2/4
f 4831/2/4 4830/2/4 4832/2/4
f 4833/2/4 4834/2/4 4835/2/4
f 4835/2/4 4834/2/4 4836/2/4
f 4837/1/4 4838/1/4 4839/1/4
f 4839/1/4 4838/1/4 4840/1/4
f 4841/4/4 4842/4/4 4843/4/4
f 4843/4/4 4842/4/4 4844/4/4
f 4845/4/4 4846/4/4 4847/4/4
f 4847/4/4 4846/4/4 4848/4/4
f 4849/4/4 4850/4/4 4851/4/4
f 4851/4/4 4850/4/4 4852/4/4
f 4853/6/4 4854/6/4 4855/6/4
f 4855/6/4 4854/6/4 4856/6/4
f 4857/5/4 4858/5/4 4859/5/4
f 4859/5/4 4858/5/4 4860/5/4
f 4861/7/4 4862/7/4 4863/7/4
f 4863/7/4 4862/7/4 4864/7/4
f 4865/4/4 4866/4/4 4867/4/4
f 4867/4/4 4866/4/4 4868/4/4
f 4869/7/4 4870/7/4 4871/7/4
f 4871/7/4 4870/7/4 4872/7/4
f 4873/6/4 4874/6/4 4875/6/4
f 4875/6/4 4874/6/4 4876/6/4
f 4877/4/4 4878/4/4 4879/4/4
f 4879/4/4 4878/4/4 4880/4/4
f 4881/5/4 4882/5/4 4883/5/4
f 4883/5/4 4882/5/4 4884/5/4
f 4885/7/4 4886/7/4 4887/7/4
f 4887/7/4 4886/7/4 4888/7/4
f 4889/4/4 4890/4/4 4891/4/4
f 4891/4/4 4890/4/4 4892/4/4
f 4893/7/4 4894/7/4 4895/7/4
f 4895/7/4 4894/7/4 4896/7/4
f 4897/4/4 4898/4/4 4899/4/4
f 4899/4/4 4898/4/4 4900/4/4
f 4901/4/4 4902/4/4 4903/4/4
f 4903/4/4 4902/4/4 4904/4/4
f 4905/6/4 4906/6/4 4907/6/4
f 4907/6/4 4906/6/4 4908/6/4
f 4909/4/4 4910/4/4 4911/4/4
f 4911/4/4 4910/4/4 4912/4/4
f 4917/4/5 4914/4/5 4913/4/5
f 4918/4/5 4914/4/5 4917/4/5
f 4921/6/5 4916/6/5 4915/6/5
f 4922/6/5 4916/6/5 4921/6/5
f 4923/7/5 4920/7/5 4919/7/5
f 4924/7/5 4920/7/5 4923/7/5
f 4927/5/5 4926/5/5 4925/5/5
f 4928/5/5 4926/5/5 4927/5/5
f 4933/6/5 4930/6/5 4929/6/5
f 4934/6/5 4930/6/5 4933/6/5
f 4935/4/5 4932/4/5 4931/4/5
f 4936/4/5 4932/4/5 4935/4/5
f 4941/4/5 4938/4/5 4937/4/5
f 4942/4/5 4938/4/5 4941/4/5
f 4943/4/5 4940/4/5 4939/4/5
f 4944/4/5 4940/4/5 4943/4/5
f 4947/6/5 4946/6/5 4945/6/5
f 4948/6/5 4946/6/5 4947/6/5
f 4951/6/5 4950/6/5 4949/6/5
f 4952/6/5 4950/6/5 4951/6/5
f 4957/4/5 4954/4/5 4953/4/5
f 4958/4/5 4954/4/5 4957/4/5
f 4959/4/5 4956/4/5 4955/4/5
f 4960/4/5 4956/4/5 4959/4/5
f 4963/2/5 4962/2/5 4961/2/5
f 4964/2/5 4962/2/5 4963/2/5
f 4969/6/5 4966/6/5 4965/6/5
f 4970/6/5 4966/6/5 4969/6/5
f 4971/2/5 4968/2/5 4967/2/5
f 4972/2/5 4968/2/5 4971/2/5
f 4977/4/5 4974/4/5 4973/4/5
f 4978/4/5 4974/4/5 4977/4/5
f 4979/4/5 4976/4/5 4975/4/5
f 4980/4/5 4976/4/5 4979/4/5
f 4987/4/5 4982/4/5 4981/4/5
f 4988/4/5 4982/4/5 4987/4/5
f 4989/2/5 4984/2/5 4983/2/5
f 4990/2/5 4984/2/5 4989/2/5
f 4991/4/5 4986/4/5 4985/4/5
f 4992/4/5 4986/4/5 4991/4/5
f 4995/2/5 4994/2/5 4993/2/5
f 4996/2/5 4994/2/5 4995/2/5
f 5003/1/5 4998/1/5 4997/1/5
f 5004/1/5 4998/1/5 5003/1/5
f 5005/6/5 5000/6/5 4999/6/5
f 5006/6/5 5000/6/5 5005/6/5
f 5007/5/5 5002/5/5 5001/5/5
f 5008/5/5 5002/5/5 5007/5/5
f 5011/2/5 5010/2/5 5009/2/5
f 5012/2/5 5010/2/5 5011/2/5
f 5017/7/5 5014/7/5 5013/7/5
f 5018/7/5 5014/7/5 5017/7/5
f 5019/6/5 5016/6/5 5015/6/5
f 5020/6/5 5016/6/5 5019/6/5
f 5023/7/5 5022/7/5 5021/7/5
f 5024/7/5 5022/7/5 5023/7/5
f 5031/2/5 5026/2/5 5025/2/5
f 5032/2/5 5026/2/5 5031/2/5
f 5035/3/5 5028/3/5 5027/3/5
f 5036/3/5 5028/3/5 5035/3/5
f 5039/2/5 5030/2/5 5029/2/5
f 5040/2/5 5030/2/5 5039/2/5
f 5041/1/5 5034/1/5 5033/1/5
f 5042/1/5 5034/1/5 5041/1/5
f 5045/3/5 5038/3/5 5037/3/5
f 5046/3/5 5038/3/5 5045/3/5
f 5051/2/5 5044/2/5 5043/2/5
f 5052/2/5 5044/2/5 5051/2/5
f 5055/6/5 5048/6/5 5047/6/5
f 5056/6/5 5048/6/5 5055/6/5
f 5057/6/5 5050/6/5 5049/6/5
f 5058/6/5 5050/6/5 5057/6/5
f 5061/2/5 5054/2/5 5053/2/5
f 5062/2/5 5054/2/5 5061/2/5
f 5069/3/5 5060/3/5 5059/3/5
f 5070/3/5 5060/3/5 5069/3/5
f 5071/1/5 5064/1/5 5063/1/5
f 5072/1/5 5064/1/5 5071/1/5
f 5073/2/5 5066/2/5 5065/2/5
f 5074/2/5 5066/2/5 5073/2/5
f 5075/2/5 5068/2/5 5067/2/5
f 5076/2/5 5068/2/5 5075/2/5
f 5079/6/5 5078/6/5 5077/6/5
f 5080/6/5 5078/6/5 5079/6/5
f 5083/6/5 5082/6/5 5081/6/5
f 5084/6/5 5082/6/5 5083/6/5
f 5091/1/5 5086/1/5 5085/1/5
f 5092/1/5 5086/1/5 5091/1/5
f 5095/3/5 5088/3/5 5087/3/5
f 5096/3/5 5088/3/5 5095/3/5
f 5099/2/5 5090/2/5 5089/2/5
f 5100/2/5 5090/2/5 5099/2/5
f 5103/2/5 5094/2/5 5093/2/5
f 5104/2/5 5094/2/5 5103/2/5
f 5105/4/5 5098/4/5 5097/4/5
f 5106/4/5 5098/4/5 5105/4/5
f 5107/1/5 5102/1/5 5101/1/5
f 5108/1/5 5102/1/5 5107/1/5
f 5113/4/5 5110/4/5 5109/4/5
f 5114/4/5 5110/4/5 5113/4/5
f 5115/7/5 5112/7/5 5111/7/5
f 5116/7/5 5112/7/5 5115/7/5
f 5121/4/5 5118/4/5 5117/4/5
f 5122/4/5 5118/4/5 5121/4/5
f 5123/3/5 5120/3/5 5119/3/5
f 5124/3/5 5120/3/5 5123/3/5
f 5133/3/5 5126/3/5 5125/3/5
f 5134/3/5 5126/3/5 5133/3/5
f 5139/2/5 5128/2/5 5127/2/5
f 5140/2/5 5128/2/5 5139/2/5
f 5141/7/5 5130/7/5 5129/7/5
f 5142/7/5 5130/7/5 5141/7/5
f 5143/2/5 5132/2/5 5131/2/5
f 5144/2/5 5132/2/5 5143/2/5
f 5149/4/5 5136/4/5 5135/4/5
f 5150/4/5 5136/4/5 5149/4/5
f 5151/3/5 5138/3/5 5137/3/5
f 5152/3/5 5138/3/5 5151/3/5
f 5155/2/5 5146/2/5 5145/2/5
f 5156/2/5 5146/2/5 5155/2/5
f 5157/1/5 5154/1/5 5153/1/5
f 5158/1/5 5154/1/5 5157/1/5
f 5159/7/5 5148/7/5 5147/7/5
f 5160/7/5 5148/7/5 5159/7/5
f 5163/1/5 5162/1/5 5161/1/5
f 5164/1/5 5162/1/5 5163/1/5
f 5169/5/5 5166/5/5 5165/5/5
f 5170/5/5 5166/5/5 5169/5/5
f 5171/1/5 5168/1/5 5167/1/5
f 5172/1/5 5168/1/5 5171/1/5
f 5179/6/5 5174/6/5 5173/6/5
f 5180/6/5 5174/6/5 5179/6/5
f 5187/6/5 5176/6/5 5175/6/5
f 5188/6/5 5176/6/5 5187/6/5
f 5191/2/5 5178/2/5 5177/2/5
f 5192/2/5 5178/2/5 5191/2/5
f 5193/2/5 5182/2/5 5181/2/5
f 5194/2/5 5182/2/5 5193/2/5
f 5195/2/5 5184/2/5 5183/2/5
f 5196/2/5 5184/2/5 5195/2/5
f 5199/6/5 5186/6/5 5185/6/5
f 5200/6/5 5186/6/5 5199/6/5
f 5201/4/5 5190/4/5 5189/4/5
f 5202/4/5 5190/4/5 5201/4/5
f 5207/2/5 5198/2/5 5197/2/5
f 5208/2/5 5198/2/5 5207/2/5
f 5211/2/5 5204/2/5 5203/2/5
f 5212/2/5 5204/2/5 5211/2/5
f 5213/2/5 5206/2/5 5205/2/5
f 5214/2/5 5206/2/5 5213/2/5
f 5215/5/5 5210/5/5 5209/5/5
f 5216/5/5 5210/5/5 5215/5/5
f 5225/2/5 5218/2/5 5217/2/5
f 5226/2/5 5218/2/5 5225/2/5
f 5227/6/5 5220/6/5 5219/6/5
f 5228/6/5 5220/6/5 5227/6/5
f 5229/2/5 5222/2/5 5221/2/5
f 5230/2/5 5222/2/5 5229/2/5
f 5231/4/5 5224/4/5 5223/4/5
f 5232/4/5 5224/4/5 5231/4/5
f 5241/2/5 5234/2/5 5233/2/5
f 5242/2/5 5234/2/5 5241/2/5
f 5243/2/5 5236/2/5 5235/2/5
f 5244/2/5 5236/2/5 5243/2/5
f 5251/3/5 5238/3/5 5237/3/5
f 5252/3/5 5238/3/5 5251/3/5
f 5253/1/5 5240/1/5 5239/1/5
f 5254/1/5 5240/1/5 5253/1/5
f 5257/6/5 5246/6/5 5245/6/5
f 5258/6/5 5246/6/5 5257/6/5
f 5259/1/5 5248/1/5 5247/1/5
f 5260/1/5 5248/1/5 5259/1/5
f 5263/1/5 5250/1/5 5249/1/5
f 5264/1/5 5250/1/5 5263/1/5
f 5265/3/5 5256/3/5 5255/3/5
f 5266/3/5 5256/3/5 5265/3/5
f 5267/2/5 5262/2/5 5261/2/5
f 5268/2/5 5262/2/5 5267/2/5
f 5279/6/5 5270/6/5 5269/6/5
f 5280/6/5 5270/6/5 5279/6/5
f 5283/1/5 5272/1/5 5271/1/5
f 5284/1/5 5272/1/5 5283/1/5
f 5287/1/5 5274/1/5 5273/1/5
f 5288/1/5 5274/1/5 5287/1/5
f 5289/2/5 5276/2/5 5275/2/5
f 5290/2/5 5276/2/5 5289/2/5
f 5291/7/5 5278/7/5 5277/7/5
f 5292/7/5 5278/7/5 5291/7/5
f 5293/2/5 5282/2/5 5281/2/5
f 5294/2/5 5282/2/5 5293/2/5
f 5295/1/5 5286/1/5 5285/1/5
f 5296/1/5 5286/1/5 5295/1/5
f 5299/2/5 5298/2/5 5297/2/5
f 5300/2/5 5298/2/5 5299/2/5
f 5307/2/5 5302/2/5 5301/2/5
f 5308/2/5 5302/2/5 5307/2/5
f 5309/5/5 5304/5/5 5303/5/5
f 5310/5/5 5304/5/5 5309/5/5
f 5311/2/5 5306/2/5 5305/2/5
f 5312/2/5 5306/2/5 5311/2/5
f 5317/3/5 5314/3/5 5313/3/5
f 5318/3/5 5314/3/5 5317/3/5
f 5319/7/5 5316/7/5 5315/7/5
f 5320/7/5 5316/7/5 5319/7/5
f 5327/3/5 5322/3/5 5321/3/5
f 5328/3/5 5322/3/5 5327/3/5
f 5331/4/5 5324/4/5 5323/4/5
f 5332/4/5 5324/4/5 5331/4/5
f 5333/2/5 5326/2/5 5325/2/5
f 5334/2/5 5326/2/5 5333/2/5
f 5337/2/5 5330/2/5 5329/2/5
f 5338/2/5 5330/2/5 5337/2/5
f 5343/6/5 5336/6/5 5335/6/5
f 5344/6/5 5336/6/5 5343/6/5
f 5345/2/5 5340/2/5 5339/2/5
f 5346/2/5 5340/2/5 5345/2/5
f 5347/6/5 5342/6/5 5341/6/5
f 5348/6/5 5342/6/5 5347/6/5
f 5353/1/5 5350/1/5 5349/1/5
f 5354/1/5 5350/1/5 5353/1/5
f 5357/7/5 5352/7/5 5351/7/5
f 5358/7/5 5352/7/5 5357/7/5
f 5359/4/5 5356/4/5 5355/4/5
f 5360/4/5 5356/4/5 5359/4/5
f 5363/2/5 5362/2/5 5361/2/5
f 5364/2/5 5362/2/5 5363/2/5
f 5371/2/5 5366/2/5 5365/2/5
f 5372/2/5 5366/2/5 5371/2/5
f 5373/2/5 5368/2/5 5367/2/5
f 5374/2/5 5368/2/5 5373/2/5
f 5375/3/5 5370/3/5 5369/3/5
f 5376/3/5 5370/3/5 5375/3/5
f 5381/2/5 5378/2/5 5377/2/5
f 5382/2/5 5378/2/5 5381/2/5
f 5383/1/5 5380/1/5 5379/1/5
f 5384/1/5 5380/1/5 5383/1/5
f 5391/4/5 5386/4/5 5385/4/5
f 5392/4/5 5386/4/5 5391/4/5
f 5393/4/5 5388/4/5 5387/4/5
f 5394/4/5 5388/4/5 5393/4/5
f 5395/4/5 5390/4/5 5389/4/5
f 5396/4/5 5390/4/5 5395/4/5
f 5405/7/5 5398/7/5 5397/7/5
f 5406/7/5 5398/7/5 5405/7/5
f 5407/1/5 5400/1/5 5399/1/5
f 5408/1/5 5400/1/5 5407/1/5
f 5411/2/5 5402/2/5 5401/2/5
f 5412/2/5 5402/2/5 5411/2/5
f 5413/1/5 5404/1/5 5403/1/5
f 5414/1/5 5404/1/5 5413/1/5
f 5415/1/5 5410/1/5 5409/1/5
f 5416/1/5 5410/1/5 5415/1/5
f 5421/1/5 5418/1/5 5417/1/5
f 5422/1/5 5418/1/5 5421/1/5
f 5425/3/5 5420/3/5 5419/3/5
f 5426/3/5 5420/3/5 5425/3/5
f 5437/1/5 5424/1/5 5423/1/5
f 5438/1/5 5424/1/5 5437/1/5
f 5441/3/5 5428/3/5 5427/3/5
f 5442/3/5 5428/3/5 5441/3/5
f 5443/3/5 5430/3/5 5429/3/5
f 5444/3/5 5430/3/5 5443/3/5
f 5445/4/5 5432/4/5 5431/4/5
f 5446/4/5 5432/4/5 5445/4/5
f 5447/7/5 5434/7/5 5433/7/5
f 5448/7/5 5434/7/5 5447/7/5
f 5449/4/5 5436/4/5 5435/4/5
f 5450/4/5 5436/4/5 5449/4/5
f 5451/4/5 5440/4/5 5439/4/5
f 5452/4/5 5440/4/5 5451/4/5
f 5459/5/5 5454/5/5 5453/5/5
f 5460/5/5 5454/5/5 5459/5/5
f 5461/2/5 5456/2/5 5455/2/5
f 5462/2/5 5456/2/5 5461/2/5
f 5465/1/5 5458/1/5 5457/1/5
f 5466/1/5 5458/1/5 5465/1/5
f 5469/1/5 5464/1/5 5463/1/5
f 5470/1/5 5464/1/5 5469/1/5
f 5475/2/5 5468/2/5 5467/2/5
f 5476/2/5 5468/2/5 5475/2/5
f 5477/1/5 5472/1/5 5471/1/5
f 5478/1/5 5472/1/5 5477/1/5
f 5479/3/5 5474/3/5 5473/3/5
f 5480/3/5 5474/3/5 5479/3/5
f 5487/1/5 5482/1/5 5481/1/5
f 5488/1/5 5482/1/5 5487/1/5
f 5493/4/5 5484/4/5 5483/4/5
f 5494/4/5 5484/4/5 5493/4/5
f 5497/4/5 5486/4/5 5485/4/5
f 5498/4/5 5486/4/5 5497/4/5
f 5503/1/5 5490/1/5 5489/1/5
f 5504/1/5 5490/1/5 5503/1/5
f 5505/3/5 5492/3/5 5491/3/5
f 5506/3/5 5492/3/5 5505/3/5
f 5509/3/5 5496/3/5 5495/3/5
f 5510/3/5 5496/3/5 5509/3/5
f 5511/2/5 5500/2/5 5499/2/5
f 5512/2/5 5500/2/5 5511/2/5
f 5513/1/5 5502/1/5 5501/1/5
f 5514/1/5 5502/1/5 5513/1/5
f 5515/3/5 5508/3/5 5507/3/5
f 5516/3/5 5508/3/5 5515/3/5
f 5523/2/5 5518/2/5 5517/2/5
f 5524/2/5 5518/2/5 5523/2/5
f 5529/5/5 5520/5/5 5519/5/5
f 5530/5/5 5520/5/5 5529/5/5
f 5531/1/5 5522/1/5 5521/1/5
f 5532/1/5 5522/1/5 5531/1/5
f 5533/3/5 5526/3/5 5525/3/5
f 5534/3/5 5526/3/5 5533/3/5
f 5535/3/5 5528/3/5 5527/3/5
f 5536/3/5 5528/3/5 5535/3/5
f 5543/3/5 5538/3/5 5537/3/5
f 5544/3/5 5538/3/5 5543/3/5
f 5547/7/5 5540/7/5 5539/7/5
f 5548/7/5 5540/7/5 5547/7/5
f 5551/2/5 5542/2/5 5541/2/5
f 5552/2/5 5542/2/5 5551/2/5
f 5557/5/5 5546/5/5 5545/5/5
f 5558/5/5 5546/5/5 5557/5/5
f 5559/4/5 5550/4/5 5549/4/5
f 5560/4/5 5550/4/5 5559/4/5
f 5565/5/5 5554/5/5 5553/5/5
f 5566/5/5 5554/5/5 5565/5/5
f 5567/4/5 5556/4/5 5555/4/5
f 5568/4/5 5556/4/5 5567/4/5
f 5569/4/5 5562/4/5 5561/4/5
f 5570/4/5 5562/4/5 5569/4/5
f 5571/1/5 5564/1/5 5563/1/5
f 5572/1/5 5564/1/5 5571/1/5
f 5581/4/5 5574/4/5 5573/4/5
f 5582/4/5 5574/4/5 5581/4/5
f 5589/1/5 5576/1/5 5575/1/5
f 5590/1/5 5576/1/5 5589/1/5
f 5591/3/5 5578/3/5 5577/3/5
f 5592/3/5 5578/3/5 5591/3/5
f 5595/1/5 5580/1/5 5579/1/5
f 5596/1/5 5580/1/5 5595/1/5
f 5597/1/5 5584/1/5 5583/1/5
f 5598/1/5 5584/1/5 5597/1/5
f 5599/3/5 5586/3/5 5585/3/5
f 5600/3/5 5586/3/5 5599/3/5
f 5603/4/5 5588/4/5 5587/4/5
f 5604/4/5 5588/4/5 5603/4/5
f 5607/3/5 5594/3/5 5593/3/5
f 5608/3/5 5594/3/5 5607/3/5
f 5611/3/5 5602/3/5 5601/3/5
f 5612/3/5 5602/3/5 5611/3/5
f 5613/4/5 5606/4/5 5605/4/5
f 5614/4/5 5606/4/5 5613/4/5
f 5615/4/5 5610/4/5 5609/4/5
f 5616/4/5 5610/4/5 5615/4/5
f 5623/7/5 5618/7/5 5617/7/5
f 5624/7/5 5618/7/5 5623/7/5
f 5627/3/5 5620/3/5 5619/3/5
f 5628/3/5 5620/3/5 5627/3/5
f 5631/3/5 5622/3/5 5621/3/5
f 5632/3/5 5622/3/5 5631/3/5
f 5633/1/5 5626/1/5 5625/1/5
f 5634/1/5 5626/1/5 5633/1/5
f 5635/4/5 5630/4/5 5629/4/5
f 5636/4/5 5630/4/5 5635/4/5
f 5643/3/5 5638/3/5 5637/3/5
f 5644/3/5 5638/3/5 5643/3/5
f 5653/2/5 5640/2/5 5639/2/5
f 5654/2/5 5640/2/5 5653/2/5
f 5655/2/5 5642/2/5 5641/2/5
f 5656/2/5 5642/2/5 5655/2/5
f 5657/7/5 5646/7/5 5645/7/5
f 5658/7/5 5646/7/5 5657/7/5
f 5659/3/5 5648/3/5 5647/3/5
f 5660/3/5 5648/3/5 5659/3/5
f 5663/3/5 5650/3/5 5649/3/5
f 5664/3/5 5650/3/5 5663/3/5
f 5665/2/5 5652/2/5 5651/2/5
f 5666/2/5 5652/2/5 5665/2/5
f 5671/3/5 5662/3/5 5661/3/5
f 5672/3/5 5662/3/5 5671/3/5
f 5677/4/5 5668/4/5 5667/4/5
f 5678/4/5 5668/4/5 5677/4/5
f 5679/4/5 5670/4/5 5669/4/5
f 5680/4/5 5670/4/5 5679/4/5
f 5685/3/5 5674/3/5 5673/3/5
f 5686/3/5 5674/3/5 5685/3/5
f 5689/3/5 5676/3/5 5675/3/5
f 5690/3/5 5676/3/5 5689/3/5
f 5691/5/5 5682/5/5 5681/5/5
f 5692/5/5 5682/5/5 5691/5/5
f 5693/5/5 5684/5/5 5683/5/5
f 5694/5/5 5684/5/5 5693/5/5
f 5697/7/5 5688/7/5 5687/7/5
f 5698/7/5 5688/7/5 5697/7/5
f 5701/4/5 5696/4/5 5695/4/5
f 5702/4/5 5696/4/5 5701/4/5
f 5703/3/5 5700/3/5 5699/3/5
f 5704/3/5 5700/3/5 5703/3/5
f 5711/2/5 5706/2/5 5705/2/5
f 5712/2/5 5706/2/5 5711/2/5
f 5713/3/5 5708/3/5 5707/3/5
f 5714/3/5 5708/3/5 5713/3/5
f 5715/1/5 5710/1/5 5709/1/5
f 5716/1/5 5710/1/5 5715/1/5
f 5721/4/5 5718/4/5 5717/4/5
f 5722/4/5 5718/4/5 5721/4/5
f 5723/1/5 5720/1/5 5719/1/5
f 5724/1/5 5720/1/5 5723/1/5
f 5733/2/5 5726/2/5 5725/2/5
f 5734/2/5 5726/2/5 5733/2/5
f 5737/3/5 5728/3/5 5727/3/5
f 5738/3/5 5728/3/5 5737/3/5
f 5739/3/5 5730/3/5 5729/3/5
f 5740/3/5 5730/3/5 5739/3/5
f 5743/7/5 5732/7/5 5731/7/5
f 5744/7/5 5732/7/5 5743/7/5
f 5749/3/5 5736/3/5 5735/3/5
f 5750/3/5 5736/3/5 5749/3/5
f 5753/3/5 5742/3/5 5741/3/5
f 5754/3/5 5742/3/5 5753/3/5
f 5759/3/5 5746/3/5 5745/3/5
f 5760/3/5 5746/3/5 5759/3/5
f 5761/4/5 5748/4/5 5747/4/5
f 5762/4/5 5748/4/5 5761/4/5
f 5763/2/5 5752/2/5 5751/2/5
f 5764/2/5 5752/2/5 5763/2/5
f 5765/2/5 5756/2/5 5755/2/5
f 5766/2/5 5756/2/5 5765/2/5
f 5767/2/5 5758/2/5 5757/2/5
f 5768/2/5 5758/2/5 5767/2/5
f 5771/3/5 5770/3/5 5769/3/5
f 5772/3/5 5770/3/5 5771/3/5
f 5777/7/5 5774/7/5 5773/7/5
f 5778/7/5 5774/7/5 5777/7/5
f 5781/3/5 5776/3/5 5775/3/5
f 5782/3/5 5776/3/5 5781/3/5
f 5783/3/5 5780/3/5 5779/3/5
f 5784/3/5 5780/3/5 5783/3/5
f 5789/5/5 5786/5/5 5785/5/5
f 5790/5/5 5786/5/5 5789/5/5
f 5791/1/5 5788/1/5 5787/1/5
f 5792/1/5 5788/1/5 5791/1/5
f 5803/2/5 5794/2/5 5793/2/5
f 5804/2/5 5794/2/5 5803/2/5
f 5807/4/5 5796/4/5 5795/4/5
f 5808/4/5 5796/4/5 5807/4/5
f 5809/1/5 5798/1/5 5797/1/5
f 5810/1/5 5798/1/5 5809/1/5
f 5811/2/5 5800/2/5 5799/2/5
f 5812/2/5 5800/2/5 5811/2/5
f 5815/2/5 5802/2/5 5801/2/5
f 5816/2/5 5802/2/5 5815/2/5
f 5817/3/5 5806/3/5 5805/3/5
f 5818/3/5 5806/3/5 5817/3/5
f 5819/2/5 5814/2/5 5813/2/5
f 5820/2/5 5814/2/5 5819/2/5
f 5825/3/5 5822/3/5 5821/3/5
f 5826/3/5 5822/3/5 5825/3/5
f 5827/2/5 5824/2/5 5823/2/5
f 5828/2/5 5824/2/5 5827/2/5
f 5833/3/5 5830/3/5 5829/3/5
f 5834/3/5 5830/3/5 5833/3/5
f 5837/4/5 5832/4/5 5831/4/5
f 5838/4/5 5832/4/5 5837/4/5
f 5841/3/5 5836/3/5 5835/3/5
f 5842/3/5 5836/3/5 5841/3/5
f 5847/3/5 5840/3/5 5839/3/5
f 5848/3/5 5840/3/5 5847/3/5
f 5853/3/5 5844/3/5 5843/3/5
f 5854/3/5 5844/3/5 5853/3/5
f 5855/4/5 5846/4/5 5845/4/5
f 5856/4/5 5846/4/5 5855/4/5
f 5857/5/5 5850/5/5 5849/5/5
f 5858/5/5 5850/5/5 5857/5/5
f 5861/4/5 5852/4/5 5851/4/5
f 5862/4/5 5852/4/5 5861/4/5
f 5867/3/5 5860/3/5 5859/3/5
f 5868/3/5 5860/3/5 5867/3/5
f 5869/3/5 5864/3/5 5863/3/5
f 5870/3/5 5864/3/5 5869/3/5
f 5871/1/5 5866/1/5 5865/1/5
f 5872/1/5 5866/1/5 5871/1/5
f 5881/3/5 5874/3/5 5873/3/5
f 5882/3/5 5874/3/5 5881/3/5
f 5883/4/5 5876/4/5 5875/4/5
f 5884/4/5 5876/4/5 5883/4/5
f 5885/7/5 5878/7/5 5877/7/5
f 5886/7/5 5878/7/5 5885/7/5
f 5887/5/5 5880/5/5 5879/5/5
f 5888/5/5 5880/5/5 5887/5/5
f 5895/1/5 5890/1/5 5889/1/5
f 5896/1/5 5890/1/5 5895/1/5
f 5897/3/5 5892/3/5 5891/3/5
f 5898/3/5 5892/3/5 5897/3/5
f 5899/3/5 5894/3/5 5893/3/5
f 5900/3/5 5894/3/5 5899/3/5
f 5905/3/5 5902/3/5 5901/3/5
f 5906/3/5 5902/3/5 5905/3/5
f 5909/2/5 5904/2/5 5903/2/5
f 5910/2/5 5904/2/5 5909/2/5
f 5913/1/5 5908/1/5 5907/1/5
f 5914/1/5 5908/1/5 5913/1/5
f 5917/2/5 5912/2/5 5911/2/5
f 5918/2/5 5912/2/5 5917/2/5
f 5933/5/5 5916/5/5 5915/5/5
f 5934/5/5 5916/5/5 5933/5/5
f 5937/4/5 5920/4/5 5919/4/5
f 5938/4/5 5920/4/5 5937/4/5
f 5939/3/5 5922/3/5 5921/3/5
f 5940/3/5 5922/3/5 5939/3/5
f 5941/4/5 5924/4/5 5923/4/5
f 5942/4/5 5924/4/5 5941/4/5
f 5943/4/5 5926/4/5 5925/4/5
f 5944/4/5 5926/4/5 5943/4/5
f 5945/1/5 5928/1/5 5927/1/5
f 5946/1/5 5928/1/5 5945/1/5
f 5947/2/5 5930/2/5 5929/2/5
f 5948/2/5 5930/2/5 5947/2/5
f 5949/2/5 5932/2/5 5931/2/5
f 5950/2/5 5932/2/5 5949/2/5
f 5953/3/5 5936/3/5 5935/3/5
f 5954/3/5 5936/3/5 5953/3/5
f 5955/7/5 5952/7/5 5951/7/5
f 5956/7/5 5952/7/5 5955/7/5
f 5959/3/5 5958/3/5 5957/3/5
f 5960/3/5 5958/3/5 5959/3/5
f 5963/4/5 5962/4/5 5961/4/5
f 5964/4/5 5962/4/5 5963/4/5
f 5967/2/5 5966/2/5 5965/2/5
f 5968/2/5 5966/2/5 5967/2/5
f 5971/2/5 5970/2/5 5969/2/5
f 5972/2/5 5970/2/5 5971/2/5
f 5977/1/5 5974/1/5 5973/1/5
f 5978/1/5 5974/1/5 5977/1/5
f 5979/2/5 5976/2/5 5975/2/5
f 5980/2/5 5976/2/5 5979/2/5
f 5987/2/5 5982/2/5 5981/2/5
f 5988/2/5 5982/2/5 5987/2/5
f 5989/2/5 5984/2/5 5983/2/5
f 5990/2/5 5984/2/5 5989/2/5
f 5991/2/5 5986/2/5 5985/2/5
f 5992/2/5 5986/2/5 5991/2/5
f 5997/2/5 5994/2/5 5993/2/5
f 5998/2/5 5994/2/5 5997/2/5
f 6001/7/5 5996/7/5 5995/7/5
f 6002/7/5 5996/7/5 6001/7/5
f 6003/3/5 6000/3/5 5999/3/5
f 6004/3/5 6000/3/5 6003/3/5
f 6007/5/5 6006/5/5 6005/5/5
f 6008/5/5 6006/5/5 6007/5/5
f 6011/7/5 6010/7/5 6009/7/5
f 6012/7/5 6010/7/5 6011/7/5
f 6021/2/5 6014/2/5 6013/2/5
f 6022/2/5 6014/2/5 6021/2/5
f 6023/6/5 6016/6/5 6015/6/5
f 6024/6/5 6016/6/5 6023/6/5
f 6025/4/5 6018/4/5 6017/4/5
f 6026/4/5 6018/4/5 6025/4/5
f 6027/4/5 6020/4/5 6019/4/5
f 6028/4/5 6020/4/5 6027/4/5
f 6031/4/5 6030/4/5 6029/4/5
f 6032/4/5 6030/4/5 6031/4/5
f 6035/7/5 6034/7/5 6033/7/5
f 6036/7/5 6034/7/5 6035/7/5
f 6041/2/5 6038/2/5 6037/2/5
f 6042/2/5 6038/2/5 6041/2/5
f 6043/7/5 6040/7/5 6039/7/5
f 6044/7/5 6040/7/5 6043/7/5
f 6049/1/5 6046/1/5 6045/1/5
f 6050/1/5 6046/1/5 6049/1/5
f 6051/6/5 6048/6/5 6047/6/5
f 6052/6/5 6048/6/5 6051/6/5
f 6059/4/5 6054/4/5 6053/4/5
f 6060/4/5 6054/4/5 6059/4/5
f 6061/2/5 6056/2/5 6055/2/5
f 6062/2/5 6056/2/5 6061/2/5
f 6063/2/5 6058/2/5 6057/2/5
f 6064/2/5 6058/2/5 6063/2/5
f 6069/1/5 6066/1/5 6065/1/5
f 6070/1/5 6066/1/5 6069/1/5
f 6073/4/5 6068/4/5 6067/4/5
f 6074/4/5 6068/4/5 6073/4/5
f 6075/4/5 6072/4/5 6071/4/5
f 6076/4/5 6072/4/5 6075/4/5
f 6081/4/5 6078/4/5 6077/4/5
f 6082/4/5 6078/4/5 6081/4/5
f 6083/6/5 6080/6/5 6079/6/5
f 6084/6/5 6080/6/5 6083/6/5
f 6087/5/5 6086/5/5 6085/5/5
f 6088/5/5 6086/5/5 6087/5/5
f 6091/7/5 6090/7/5 6089/7/5
f 6092/7/5 6090/7/5 6091/7/5
f 6097/4/5 6094/4/5 6093/4/5
f 6098/4/5 6094/4/5 6097/4/5
f 6099/7/5 6096/7/5 6095/7/5
f 6100/7/5 6096/7/5 6099/7/5
f 6103/6/5 6102/6/5 6101/6/5
f 6104/6/5 6102/6/5 6103/6/5
f 6107/4/5 6106/4/5 6105/4/5
f 6108/4/5 6106/4/5 6107/4/5
f 6113/5/5 6110/5/5 6109/5/5
f 6114/5/5 6110/5/5 6113/5/5
f 6117/7/5 6112/7/5 6111/7/5
f 6118/7/5 6112/7/5 6117/7/5
f 6119/4/5 6116/4/5 6115/4/5
f 6120/4/5 6116/4/5 6119/4/5
f 6127/7/5 6122/7/5 6121/7/5
f 6128/7/5 6122/7/5 6127/7/5
f 6129/4/5 6124/4/5 6123/4/5
f 6130/4/5 6124/4/5 6129/4/5
f 6131/4/5 6126/4/5 6125/4/5
f 6132/4/5 6126/4/5 6131/4/5
f 6137/6/5 6134/6/5 6133/6/5
f 6138/6/5 6134/6/5 6137/6/5
f 6139/4/5 6136/4/5 6135/4/5
f 6140/4/5 6136/4/5 6139/4/5
f 6141/4/6 6142/4/6 6145/4/6
f 6145/4/6 6142/4/6 6146/4/6
f 6143/6/6 6144/6/6 6149/6/6
f 6149/6/6 6144/6/6 6150/6/6
f 6147/7/6 6148/7/6 6151/7/6
f 6151/7/6 6148/7/6 6152/7/6
f 6153/5/6 6154/5/6 6155/5/6
f 6155/5/6 6154/5/6 6156/5/6
f 6157/6/6 6158/6/6 6161/6/6
f 6161/6/6 6158/6/6 6162/6/6
f 6159/4/6 6160/4/6 6163/4/6
f 6163/4/6 6160/4/6 6164/4/6
f 6165/4/6 6166/4/6 6169/4/6
f 6169/4/6 6166/4/6 6170/4/6
f 6167/4/6 6168/4/6 6171/4/6
f 6171/4/6 6168/4/6 6172/4/6
f 6173/6/6 6174/6/6 6175/6/6
f 6175/6/6 6174/6/6 6176/6/6
f 6177/6/6 6178/6/6 6179/6/6
f 6179/6/6 6178/6/6 6180/6/6
f 6181/4/6 6182/4/6 6185/4/6
f 6185/4/6 6182/4/6 6186/4/6
f 6183/4/6 6184/4/6 6187/4/6
f 6187/4/6 6184/4/6 6188/4/6
f 6189/2/6 6190/2/6 6191/2/6
f 6191/2/6 6190/2/6 6192/2/6
f 6193/6/6 6194/6/6 6197/6/6
f 6197/6/6 6194/6/6 6198/6/6
f 6195/2/6 6196/2/6 6199/2/6
f 6199/2/6 6196/2/6 6200/2/6
f 6201/4/6 6202/4/6 6205/4/6
f 6205/4/6 6202/4/6 6206/4/6
f 6203/4/6 6204/4/6 6207/4/6
f 6207/4/6 6204/4/6 6208/4/6
f 6209/4/6 6210/4/6 6215/4/6
f 6215/4/6 6210/4/6 6216/4/6
f 6211/2/6 6212/2/6 6217/2/6
f 6217/2/6 6212/2/6 6218/2/6
f 6213/4/6 6214/4/6 6219/4/6
f 6219/4/6 6214/4/6 6220/4/6
f 6221/2/6 6222/2/6 6223/2/6
f 6223/2/6 6222/2/6 6224/2/6
f 6225/1/6 6226/1/6 6231/1/6
f 6231/1/6 6226/1/6 6232/1/6
f 6227/6/6 6228/6/6 6233/6/6
f 6233/6/6 6228/6/6 6234/6/6
f 6229/5/6 6230/5/6 6235/5/6
f 6235/5/6 6230/5/6 6236/5/6
f 6237/2/6 6238/2/6 6239/2/6
f 6239/2/6 6238/2/6 6240/2/6
f 6241/7/6 6242/7/6 6245/7/6
f 6245/7/6 6242/7/6 6246/7/6
f 6243/6/6 6244/6/6 6247/6/6
f 6247/6/6 6244/6/6 6248/6/6
f 6249/7/6 6250/7/6 6251/7/6
f 6251/7/6 6250/7/6 6252/7/6
f 6253/2/6 6254/2/6 6259/2/6
f 6259/2/6 6254/2/6 6260/2/6
f 6255/3/6 6256/3/6 6263/3/6
f 6263/3/6 6256/3/6 6264/3/6
f 6257/2/6 6258/2/6 6267/2/6
f 6267/2/6 6258/2/6 6268/2/6
f 6261/1/6 6262/1/6 6269/1/6
f 6269/1/6 6262/1/6 6270/1/6
f 6265/3/6 6266/3/6 6273/3/6
f 6273/3/6 6266/3/6 6274/3/6
f 6271/2/6 6272/2/6 6279/2/6
f 6279/2/6 6272/2/6 6280/2/6
f 6275/6/6 6276/6/6 6283/6/6
f 6283/6/6 6276/6/6 6284/6/6
f 6277/6/6 6278/6/6 6285/6/6
f 6285/6/6 6278/6/6 6286/6/6
f 6281/2/6 6282/2/6 6289/2/6
f 6289/2/6 6282/2/6 6290/2/6
f 6287/3/6 6288/3/6 6297/3/6
f 6297/3/6 6288/3/6 6298/3/6
f 6291/1/6 6292/1/6 6299/1/6
f 6299/1/6 6292/1/6 6300/1/6
f 6293/2/6 6294/2/6 6301/2/6
f 6301/2/6 6294/2/6 6302/2/6
f 6295/2/6 6296/2/6 6303/2/6
f 6303/2/6 6296/2/6 6304/2/6
f 6305/6/6 6306/6/6 6307/6/6
f 6307/6/6 6306/6/6 6308/6/6
f 6309/6/6 6310/6/6 6311/6/6
f 6311/6/6 6310/6/6 6312/6/6
f 6313/1/6 6314/1/6 6319/1/6
f 6319/1/6 6314/1/6 6320/1/6
f 6315/3/6 6316/3/6 6323/3/6
f 6323/3/6 6316/3/6 6324/3/6
f 6317/2/6 6318/2/6 6327/2/6
f 6327/2/6 6318/2/6 6328/2/6
f 6321/2/6 6322/2/6 6331/2/6
f 6331/2/6 6322/2/6 6332/2/6
f 6325/4/6 6326/4/6 6333/4/6
f 6333/4/6 6326/4/6 6334/4/6
f 6329/1/6 6330/1/6 6335/1/6
f 6335/1/6 6330/1/6 6336/1/6
f 6337/4/6 6338/4/6 6341/4/6
f 6341/4/6 6338/4/6 6342/4/6
f 6339/7/6 6340/7/6 6343/7/6
f 6343/7/6 6340/7/6 6344/7/6
f 6345/4/6 6346/4/6 6349/4/6
f 6349/4/6 6346/4/6 6350/4/6
f 6347/3/6 6348/3/6 6351/3/6
f 6351/3/6 6348/3/6 6352/3/6
f 6353/3/6 6354/3/6 6361/3/6
f 6361/3/6 6354/3/6 6362/3/6
f 6355/2/6 6356/2/6 6367/2/6
f 6367/2/6 6356/2/6 6368/2/6
f 6357/7/6 6358/7/6 6369/7/6
f 6369/7/6 6358/7/6 6370/7/6
f 6359/2/6 6360/2/6 6371/2/6
f 6371/2/6 6360/2/6 6372/2/6
f 6363/4/6 6364/4/6 6377/4/6
f 6377/4/6 6364/4/6 6378/4/6
f 6365/3/6 6366/3/6 6379/3/6
f 6379/3/6 6366/3/6 6380/3/6
f 6373/2/6 6374/2/6 6383/2/6
f 6383/2/6 6374/2/6 6384/2/6
f 6381/1/6 6382/1/6 6385/1/6
f 6385/1/6 6382/1/6 6386/1/6
f 6375/7/6 6376/7/6 6387/7/6
f 6387/7/6 6376/7/6 6388/7/6
f 6389/1/6 6390/1/6 6391/1/6
f 6391/1/6 6390/1/6 6392/1/6
f 6393/5/6 6394/5/6 6397/5/6
f 6397/5/6 6394/5/6 6398/5/6
f 6395/1/6 6396/1/6 6399/1/6
f 6399/1/6 6396/1/6 6400/1/6
f 6401/6/6 6402/6/6 6407/6/6
f 6407/6/6 6402/6/6 6408/6/6
f 6403/6/6 6404/6/6 6415/6/6
f 6415/6/6 6404/6/6 6416/6/6
f 6405/2/6 6406/2/6 6419/2/6
f 6419/2/6 6406/2/6 6420/2/6
f 6409/2/6 6410/2/6 6421/2/6
f 6421/2/6 6410/2/6 6422/2/6
f 6411/2/6 6412/2/6 6423/2/6
f 6423/2/6 6412/2/6 6424/2/6
f 6413/6/6 6414/6/6 6427/6/6
f 6427/6/6 6414/6/6 6428/6/6
f 6417/4/6 6418/4/6 6429/4/6
f 6429/4/6 6418/4/6 6430/4/6
f 6425/2/6 6426/2/6 6435/2/6
f 6435/2/6 6426/2/6 6436/2/6
f 6431/2/6 6432/2/6 6439/2/6
f 6439/2/6 6432/2/6 6440/2/6
f 6433/2/6 6434/2/6 6441/2/6
f 6441/2/6 6434/2/6 6442/2/6
f 6437/5/6 6438/5/6 6443/5/6
f 6443/5/6 6438/5/6 6444/5/6
f 6445/2/6 6446/2/6 6453/2/6
f 6453/2/6 6446/2/6 6454/2/6
f 6447/6/6 6448/6/6 6455/6/6
f 6455/6/6 6448/6/6 6456/6/6
f 6449/2/6 6450/2/6 6457/2/6
f 6457/2/6 6450/2/6 6458/2/6
f 6451/4/6 6452/4/6 6459/4/6
f 6459/4/6 6452/4/6 6460/4/6
f 6461/2/6 6462/2/6 6469/2/6
f 6469/2/6 6462/2/6 6470/2/6
f 6463/2/6 6464/2/6 6471/2/6
f 6471/2/6 6464/2/6 6472/2/6
f 6465/3/6 6466/3/6 6479/3/6
f 6479/3/6 6466/3/6 6480/3/6
f 6467/1/6 6468/1/6 6481/1/6
f 6481/1/6 6468/1/6 6482/1/6
f 6473/6/6 6474/6/6 6485/6/6
f 6485/6/6 6474/6/6 6486/6/6
f 6475/1/6 6476/1/6 6487/1/6
f 6487/1/6 6476/1/6 6488/1/6
f 6477/1/6 6478/1/6 6491/1/6
f 6491/1/6 6478/1/6 6492/1/6
f 6483/3/6 6484/3/6 6493/3/6
f 6493/3/6 6484/3/6 6494/3/6
f 6489/2/6 6490/2/6 6495/2/6
f 6495/2/6 6490/2/6 6496/2/6
f 6497/6/6 6498/6/6 6507/6/6
f 6507/6/6 6498/6/6 6508/6/6
f 6499/1/6 6500/1/6 6511/1/6
f 6511/1/6 6500/1/6 6512/1/6
f 6501/1/6 6502/1/6 6515/1/6
f 6515/1/6 6502/1/6 6516/1/6
f 6503/2/6 6504/2/6 6517/2/6
f 6517/2/6 6504/2/6 6518/2/6
f 6505/7/6 6506/7/6 6519/7/6
f 6519/7/6 6506/7/6 6520/7/6
f 6509/2/6 6510/2/6 6521/2/6
f 6521/2/6 6510/2/6 6522/2/6
f 6513/1/6 6514/1/6 6523/1/6
f 6523/1/6 6514/1/6 6524/1/6
f 6525/2/6 6526/2/6 6527/2/6
f 6527/2/6 6526/2/6 6528/2/6
f 6529/2/6 6530/2/6 6535/2/6
f 6535/2/6 6530/2/6 6536/2/6
f 6531/5/6 6532/5/6 6537/5/6
f 6537/5/6 6532/5/6 6538/5/6
f 6533/2/6 6534/2/6 6539/2/6
f 6539/2/6 6534/2/6 6540/2/6
f 6541/3/6 6542/3/6 6545/3/6
f 6545/3/6 6542/3/6 6546/3/6
f 6543/7/6 6544/7/6 6547/7/6
f 6547/7/6 6544/7/6 6548/7/6
f 6549/3/6 6550/3/6 6555/3/6
f 6555/3/6 6550/3/6 6556/3/6
f 6551/4/6 6552/4/6 6559/4/6
f 6559/4/6 6552/4/6 6560/4/6
f 6553/2/6 6554/2/6 6561/2/6
f 6561/2/6 6554/2/6 6562/2/6
f 6557/2/6 6558/2/6 6565/2/6
f 6565/2/6 6558/2/6 6566/2/6
f 6563/6/6 6564/6/6 6571/6/6
f 6571/6/6 6564/6/6 6572/6/6
f 6567/2/6 6568/2/6 6573/2/6
f 6573/2/6 6568/2/6 6574/2/6
f 6569/6/6 6570/6/6 6575/6/6
f 6575/6/6 6570/6/6 6576/6/6
f 6577/1/6 6578/1/6 6581/1/6
f 6581/1/6 6578/1/6 6582/1/6
f 6579/7/6 6580/7/6 6585/7/6
f 6585/7/6 6580/7/6 6586/7/6
f 6583/4/6 6584/4/6 6587/4/6
f 6587/4/6 6584/4/6 6588/4/6
f 6589/2/6 6590/2/6 6591/2/6
f 6591/2/6 6590/2/6 6592/2/6
f 6593/2/6 6594/2/6 6599/2/6
f 6599/2/6 6594/2/6 6600/2/6
f 6595/2/6 6596/2/6 6601/2/6
f 6601/2/6 6596/2/6 6602/2/6
f 6597/3/6 6598/3/6 6603/3/6
f 6603/3/6 6598/3/6 6604/3/6
f 6605/2/6 6606/2/6 6609/2/6
f 6609/2/6 6606/2/6 6610/2/6
f 6607/1/6 6608/1/6 6611/1/6
f 6611/1/6 6608/1/6 6612/1/6
f 6613/4/6 6614/4/6 6619/4/6
f 6619/4/6 6614/4/6 6620/4/6
f 6615/4/6 6616/4/6 6621/4/6
f 6621/4/6 6616/4/6 6622/4/6
f 6617/4/6 6618/4/6 6623/4/6
f 6623/4/6 6618/4/6 6624/4/6
f 6625/7/6 6626/7/6 6633/7/6
f 6633/7/6 6626/7/6 6634/7/6
f 6627/1/6 6628/1/6 6635/1/6
f 6635/1/6 6628/1/6 6636/1/6
f 6629/2/6 6630/2/6 6639/2/6
f 6639/2/6 6630/2/6 6640/2/6
f 6631/1/6 6632/1/6 6641/1/6
f 6641/1/6 6632/1/6 6642/1/6
f 6637/1/6 6638/1/6 6643/1/6
f 6643/1/6 6638/1/6 6644/1/6
f 6645/1/6 6646/1/6 6649/1/6
f 6649/1/6 6646/1/6 6650/1/6
f 6647/3/6 6648/3/6 6653/3/6
f 6653/3/6 6648/3/6 6654/3/6
f 6651/1/6 6652/1/6 6665/1/6
f 6665/1/6 6652/1/6 6666/1/6
f 6655/3/6 6656/3/6 6669/3/6
f 6669/3/6 6656/3/6 6670/3/6
f 6657/3/6 6658/3/6 6671/3/6
f 6671/3/6 6658/3/6 6672/3/6
f 6659/4/6 6660/4/6 6673/4/6
f 6673/4/6 6660/4/6 6674/4/6
f 6661/7/6 6662/7/6 6675/7/6
f 6675/7/6 6662/7/6 6676/7/6
f 6663/4/6 6664/4/6 6677/4/6
f 6677/4/6 6664/4/6 6678/4/6
f 6667/4/6 6668/4/6 6679/4/6
f 6679/4/6 6668/4/6 6680/4/6
f 6681/5/6 6682/5/6 6687/5/6
f 6687/5/6 6682/5/6 6688/5/6
f 6683/2/6 6684/2/6 6689/2/6
f 6689/2/6 6684/2/6 6690/2/6
f 6685/1/6 6686/1/6 6693/1/6
f 6693/1/6 6686/1/6 6694/1/6
f 6691/1/6 6692/1/6 6697/1/6
f 6697/1/6 6692/1/6 6698/1/6
f 6695/2/6 6696/2/6 6703/2/6
f 6703/2/6 6696/2/6 6704/2/6
f 6699/1/6 6700/1/6 6705/1/6
f 6705/1/6 6700/1/6 6706/1/6
f 6701/3/6 6702/3/6 6707/3/6
f 6707/3/6 6702/3/6 6708/3/6
f 6709/1/6 6710/1/6 6715/1/6
f 6715/1/6 6710/1/6 6716/1/6
f 6711/4/6 6712/4/6 6721/4/6
f 6721/4/6 6712/4/6 6722/4/6
f 6713/4/6 6714/4/6 6725/4/6
f 6725/4/6 6714/4/6 6726/4/6
f 6717/1/6 6718/1/6 6731/1/6
f 6731/1/6 6718/1/6 6732/1/6
f 6719/3/6 6720/3/6 6733/3/6
f 6733/3/6 6720/3/6 6734/3/6
f 6723/3/6 6724/3/6 6737/3/6
f 6737/3/6 6724/3/6 6738/3/6
f 6727/2/6 6728/2/6 6739/2/6
f 6739/2/6 6728/2/6 6740/2/6
f 6729/1/6 6730/1/6 6741/1/6
f 6741/1/6 6730/1/6 6742/1/6
f 6735/3/6 6736/3/6 6743/3/6
f 6743/3/6 6736/3/6 6744/3/6
f 6745/2/6 6746/2/6 6751/2/6
f 6751/2/6 6746/2/6 6752/2/6
f 6747/5/6 6748/5/6 6757/5/6
f 6757/5/6 6748/5/6 6758/5/6
f 6749/1/6 6750/1/6 6759/1/6
f 6759/1/6 6750/1/6 6760/1/6
f 6753/3/6 6754/3/6 6761/3/6
f 6761/3/6 6754/3/6 6762/3/6
f 6755/3/6 6756/3/6 6763/3/6
f 6763/3/6 6756/3/6 6764/3/6
f 6765/3/6 6766/3/6 6771/3/6
f 6771/3/6 6766/3/6 6772/3/6
f 6767/7/6 6768/7/6 6775/7/6
f 6775/7/6 6768/7/6 6776/7/6
f 6769/2/6 6770/2/6 6779/2/6
f 6779/2/6 6770/2/6 6780/2/6
f 6773/5/6 6774/5/6 6785/5/6
f 6785/5/6 6774/5/6 6786/5/6
f 6777/4/6 6778/4/6 6787/4/6
f 6787/4/6 6778/4/6 6788/4/6
f 6781/5/6 6782/5/6 6793/5/6
f 6793/5/6 6782/5/6 6794/5/6
f 6783/4/6 6784/4/6 6795/4/6
f 6795/4/6 6784/4/6 6796/4/6
f 6789/4/6 6790/4/6 6797/4/6
f 6797/4/6 6790/4/6 6798/4/6
f 6791/1/6 6792/1/6 6799/1/6
f 6799/1/6 6792/1/6 6800/1/6
f 6801/4/6 6802/4/6 6809/4/6
f 6809/4/6 6802/4/6 6810/4/6
f 6803/1/6 6804/1/6 6817/1/6
f 6817/1/6 6804/1/6 6818/1/6
f 6805/3/6 6806/3/6 6819/3/6
f 6819/3/6 6806/3/6 6820/3/6
f 6807/1/6 6808/1/6 6823/1/6
f 6823/1/6 6808/1/6 6824/1/6
f 6811/1/6 6812/1/6 6825/1/6
f 6825/1/6 6812/1/6 6826/1/6
f 6813/3/6 6814/3/6 6827/3/6
f 6827/3/6 6814/3/6 6828/3/6
f 6815/4/6 6816/4/6 6831/4/6
f 6831/4/6 6816/4/6 6832/4/6
f 6821/3/6 6822/3/6 6835/3/6
f 6835/3/6 6822/3/6 6836/3/6
f 6829/3/6 6830/3/6 6839/3/6
f 6839/3/6 6830/3/6 6840/3/6
f 6833/4/6 6834/4/6 6841/4/6
f 6841/4/6 6834/4/6 6842/4/6
f 6837/4/6 6838/4/6 6843/4/6
f 6843/4/6 6838/4/6 6844/4/6
f 6845/7/6 6846/7/6 6851/7/6
f 6851/7/6 6846/7/6 6852/7/6
f 6847/3/6 6848/3/6 6855/3/6
f 6855/3/6 6848/3/6 6856/3/6
f 6849/3/6 6850/3/6 6859/3/6
f 6859/3/6 6850/3/6 6860/3/6
f 6853/1/6 6854/1/6 6861/1/6
f 6861/1/6 6854/1/6 6862/1/6
f 6857/4/6 6858/4/6 6863/4/6
f 6863/4/6 6858/4/6 6864/4/6
f 6865/3/6 6866/3/6 6871/3/6
f 6871/3/6 6866/3/6 6872/3/6
f 6867/2/6 6868/2/6 6881/2/6
f 6881/2/6 6868/2/6 6882/2/6
f 6869/2/6 6870/2/6 6883/2/6
f 6883/2/6 6870/2/6 6884/2/6
f 6873/7/6 6874/7/6 6885/7/6
f 6885/7/6 6874/7/6 6886/7/6
f 6875/3/6 6876/3/6 6887/3/6
f 6887/3/6 6876/3/6 6888/3/6
f 6877/3/6 6878/3/6 6891/3/6
f 6891/3/6 6878/3/6 6892/3/6
f 6879/2/6 6880/2/6 6893/2/6
f 6893/2/6 6880/2/6 6894/2/6
f 6889/3/6 6890/3/6 6899/3/6
f 6899/3/6 6890/3/6 6900/3/6
f 6895/4/6 6896/4/6 6905/4/6
f 6905/4/6 6896/4/6 6906/4/6
f 6897/4/6 6898/4/6 6907/4/6
f 6907/4/6 6898/4/6 6908/4/6
f 6901/3/6 6902/3/6 6913/3/6
f 6913/3/6 6902/3/6 6914/3/6
f 6903/3/6 6904/3/6 6917/3/6
f 6917/3/6 6904/3/6 6918/3/6
f 6909/5/6 6910/5/6 6919/5/6
f 6919/5/6 6910/5/6 6920/5/6
f 6911/5/6 6912/5/6 6921/5/6
f 6921/5/6 6912/5/6 6922/5/6
f 6915/7/6 6916/7/6 6925/7/6
f 6925/7/6 6916/7/6 6926/7/6
f 6923/4/6 6924/4/6 6929/4/6
f 6929/4/6 6924/4/6 6930/4/6
f 6927/3/6 6928/3/6 6931/3/6
f 6931/3/6 6928/3/6 6932/3/6
f 6933/2/6 6934/2/6 6939/2/6
f 6939/2/6 6934/2/6 6940/2/6
f 6935/3/6 6936/3/6 6941/3/6
f 6941/3/6 6936/3/6 6942/3/6
f 6937/1/6 6938/1/6 6943/1/6
f 6943/1/6 6938/1/6 6944/1/6
f 6945/4/6 6946/4/6 6949/4/6
f 6949/4/6 6946/4/6 6950/4/6
f 6947/1/6 6948/1/6 6951/1/6
f 6951/1/6 6948/1/6 6952/1/6
f 6953/2/6 6954/2/6 6961/2/6
f 6961/2/6 6954/2/6 6962/2/6
f 6955/3/6 6956/3/6 6965/3/6
f 6965/3/6 6956/3/6 6966/3/6
f 6957/3/6 6958/3/6 6967/3/6
f 6967/3/6 6958/3/6 6968/3/6
f 6959/7/6 6960/7/6 6971/7/6
f 6971/7/6 6960/7/6 6972/7/6
f 6963/3/6 6964/3/6 6977/3/6
f 6977/3/6 6964/3/6 6978/3/6
f 6969/3/6 6970/3/6 6981/3/6
f 6981/3/6 6970/3/6 6982/3/6
f 6973/3/6 6974/3/6 6987/3/6
f 6987/3/6 6974/3/6 6988/3/6
f 6975/4/6 6976/4/6 6989/4/6
f 6989/4/6 6976/4/6 6990/4/6
f 6979/2/6 6980/2/6 6991/2/6
f 6991/2/6 6980/2/6 6992/2/6
f 6983/2/6 6984/2/6 6993/2/6
f 6993/2/6 6984/2/6 6994/2/6
f 6985/2/6 6986/2/6 6995/2/6
f 6995/2/6 6986/2/6 6996/2/6
f 6997/3/6 6998/3/6 6999/3/6
f 6999/3/6 6998/3/6 7000/3/6
f 7001/7/6 7002/7/6 7005/7/6
f 7005/7/6 7002/7/6 7006/7/6
f 7003/3/6 7004/3/6 7009/3/6
f 7009/3/6 7004/3/6 7010/3/6
f 7007/3/6 7008/3/6 7011/3/6
f 7011/3/6 7008/3/6 7012/3/6
f 7013/5/6 7014/5/6 7017/5/6
f 7017/5/6 7014/5/6 7018/5/6
f 7015/1/6 7016/1/6 7019/1/6
f 7019/1/6 7016/1/6 7020/1/6
f 7021/2/6 7022/2/6 7031/2/6
f 7031/2/6 7022/2/6 7032/2/6
f 7023/4/6 7024/4/6 7035/4/6
f 7035/4/6 7024/4/6 7036/4/6
f 7025/1/6 7026/1/6 7037/1/6
f 7037/1/6 7026/1/6 7038/1/6
f 7027/2/6 7028/2/6 7039/2/6
f 7039/2/6 7028/2/6 7040/2/6
f 7029/2/6 7030/2/6 7043/2/6
f 7043/2/6 7030/2/6 7044/2/6
f 7033/3/6 7034/3/6 7045/3/6
f 7045/3/6 7034/3/6 7046/3/6
f 7041/2/6 7042/2/6 7047/2/6
f 7047/2/6 7042/2/6 7048/2/6
f 7049/3/6 7050/3/6 7053/3/6
f 7053/3/6 7050/3/6 7054/3/6
f 7051/2/6 7052/2/6 7055/2/6
f 7055/2/6 7052/2/6 7056/2/6
f 7057/3/6 7058/3/6 7061/3/6
f 7061/3/6 7058/3/6 7062/3/6
f 7059/4/6 7060/4/6 7065/4/6
f 7065/4/6 7060/4/6 7066/4/6
f 7063/3/6 7064/3/6 7069/3/6
f 7069/3/6 7064/3/6 7070/3/6
f 7067/3/6 7068/3/6 7075/3/6
f 7075/3/6 7068/3/6 7076/3/6
f 7071/3/6 7072/3/6 7081/3/6
f 7081/3/6 7072/3/6 7082/3/6
f 7073/4/6 7074/4/6 7083/4/6
f 7083/4/6 7074/4/6 7084/4/6
f 7077/5/6 7078/5/6 7085/5/6
f 7085/5/6 7078/5/6 7086/5/6
f 7079/4/6 7080/4/6 7089/4/6
f 7089/4/6 7080/4/6 7090/4/6
f 7087/3/6 7088/3/6 7095/3/6
f 7095/3/6 7088/3/6 7096/3/6
f 7091/3/6 7092/3/6 7097/3/6
f 7097/3/6 7092/3/6 7098/3/6
f 7093/1/6 7094/1/6 7099/1/6
f 7099/1/6 7094/1/6 7100/1/6
f 7101/3/6 7102/3/6 7109/3/6
f 7109/3/6 7102/3/6 7110/3/6
f 7103/4/6 7104/4/6 7111/4/6
f 7111/4/6 7104/4/6 7112/4/6
f 7105/7/6 7106/7/6 7113/7/6
f 7113/7/6 7106/7/6 7114/7/6
f 7107/5/6 7108/5/6 7115/5/6
f 7115/5/6 7108/5/6 7116/5/6
f 7117/1/6 7118/1/6 7123/1/6
f 7123/1/6 7118/1/6 7124/1/6
f 7119/3/6 7120/3/6 7125/3/6
f 7125/3/6 7120/3/6 7126/3/6
f 7121/3/6 7122/3/6 7127/3/6
f 7127/3/6 7122/3/6 7128/3/6
f 7129/3/6 7130/3/6 7133/3/6
f 7133/3/6 7130/3/6 7134/3/6
f 7131/2/6 7132/2/6 7137/2/6
f 7137/2/6 7132/2/6 7138/2/6
f 7135/1/6 7136/1/6 7141/1/6
f 7141/1/6 7136/1/6 7142/1/6
f 7139/2/6 7140/2/6 7145/2/6
f 7145/2/6 7140/2/6 7146/2/6
f 7143/5/6 7144/5/6 7161/5/6
f 7161/5/6 7144/5/6 7162/5/6
f 7147/4/6 7148/4/6 7165/4/6
f 7165/4/6 7148/4/6 7166/4/6
f 7149/3/6 7150/3/6 7167/3/6
f 7167/3/6 7150/3/6 7168/3/6
f 7151/4/6 7152/4/6 7169/4/6
f 7169/4/6 7152/4/6 7170/4/6
f 7153/4/6 7154/4/6 7171/4/6
f 7171/4/6 7154/4/6 7172/4/6
f 7155/1/6 7156/1/6 7173/1/6
f 7173/1/6 7156/1/6 7174/1/6
f 7157/2/6 7158/2/6 7175/2/6
f 7175/2/6 7158/2/6 7176/2/6
f 7159/2/6 7160/2/6 7177/2/6
f 7177/2/6 7160/2/6 7178/2/6
f 7163/3/6 7164/3/6 7181/3/6
f 7181/3/6 7164/3/6 7182/3/6
f 7179/7/6 7180/7/6 7183/7/6
f 7183/7/6 7180/7/6 7184/7/6
f 7185/3/6 7186/3/6 7187/3/6
f 7187/3/6 7186/3/6 7188/3/6
f 7189/4/6 7190/4/6 7191/4/6
f 7191/4/6 7190/4/6 7192/4/6
f 7193/2/6 7194/2/6 7195/2/6
f 7195/2/6 7194/2/6 7196/2/6
f 7197/2/6 7198/2/6 7199/2/6
f 7199/2/6 7198/2/6 7200/2/6
f 7201/1/6 7202/1/6 7205/1/6
f 7205/1/6 7202/1/6 7206/1/6
f 7203/2/6 7204/2/6 7207/2/6
f 7207/2/6 7204/2/6 7208/2/6
f 7209/2/6 7210/2/6 7215/2/6
f 7215/2/6 7210/2/6 7216/2/6
f 7211/2/6 7212/2/6 7217/2/6
f 7217/2/6 7212/2/6 7218/2/6
f 7213/2/6 7214/2/6 7219/2/6
f 7219/2/6 7214/2/6 7220/2/6
f 7221/2/6 7222/2/6 7225/2/6
f 7225/2/6 7222/2/6 7226/2/6
f 7223/7/6 7224/7/6 7229/7/6
f 7229/7/6 7224/7/6 7230/7/6
f 7227/3/6 7228/3/6 7231/3/6
f 7231/3/6 7228/3/6 7232/3/6
f 7233/5/6 7234/5/6 7235/5/6
f 7235/5/6 7234/5/6 7236/5/6
f 7237/7/6 7238/7/6 7239/7/6
f 7239/7/6 7238/7/6 7240/7/6
f 7241/2/6 7242/2/6 7249/2/6
f 7249/2/6 7242/2/6 7250/2/6
f 7243/6/6 7244/6/6 7251/6/6
f 7251/6/6 7244/6/6 7252/6/6
f 7245/4/6 7246/4/6 7253/4/6
f 7253/4/6 7246/4/6 7254/4/6
f 7247/4/6 7248/4/6 7255/4/6
f 7255/4/6 7248/4/6 7256/4/6
f 7257/4/6 7258/4/6 7259/4/6
f 7259/4/6 7258/4/6 7260/4/6
f 7261/7/6 7262/7/6 7263/7/6
f 7263/7/6 7262/7/6 7264/7/6
f 7265/2/6 7266/2/6 7269/2/6
f 7269/2/6 7266/2/6 7270/2/6
f 7267/7/6 7268/7/6 7271/7/6
f 7271/7/6 7268/7/6 7272/7/6
f 7273/1/6 7274/1/6 7277/1/6
f 7277/1/6 7274/1/6 7278/1/6
f 7275/6/6 7276/6/6 7279/6/6
f 7279/6/6 7276/6/6 7280/6/6
f 7281/4/6 7282/4/6 7287/4/6
f 7287/4/6 7282/4/6 7288/4/6
f 7283/2/6 7284/2/6 7289/2/6
f 7289/2/6 7284/2/6 7290/2/6
f 7285/2/6 7286/2/6 7291/2/6
f 7291/2/6 7286/2/6 7292/2/6
f 7293/1/6 7294/1/6 7297/1/6
f 7297/1/6 7294/1/6 7298/1/6
f 7295/4/6 7296/4/6 7301/4/6
f 7301/4/6 7296/4/6 7302/4/6
f 7299/4/6 7300/4/6 7303/4/6
f 7303/4/6 7300/4/6 7304/4/6
f 7305/4/6 7306/4/6 7309/4/6
f 7309/4/6 7306/4/6 7310/4/6
f 7307/6/6 7308/6/6 7311/6/6
f 7311/6/6 7308/6/6 7312/6/6
f 7313/5/6 7314/5/6 7315/5/6
f 7315/5/6 7314/5/6 7316/5/6
f 7317/7/6 7318/7/6 7319/7/6
f 7319/7/6 7318/7/6 7320/7/6
f 7321/4/6 7322/4/6 7325/4/6
f 7325/4/6 7322/4/6 7326/4/6
f 7323/7/6 7324/7/6 7327/7/6
f 7327/7/6 7324/7/6 7328/7/6
f 7329/6/6 7330/6/6 7331/6/6
f 7331/6/6 7330/6/6 7332/6/6
f 7333/4/6 7334/4/6 7335/4/6
f 7335/4/6 7334/4/6 7336/4/6
f 7337/5/6 7338/5/6 7341/5/6
f 7341/5/6 7338/5/6 7342/5/6
f 7339/7/6 7340/7/6 7345/7/6
f 7345/7/6 7340/7/6 7346/7/6
f 7343/4/6 7344/4/6 7347/4/6
f 7347/4/6 7344/4/6 7348/4/6
f 7349/7/6 7350/7/6 7355/7/6
f 7355/7/6 7350/7/6 7356/7/6
f 7351/4/6 7352/4/6 7357/4/6
f 7357/4/6 7352/4/6 7358/4/6
f 7353/4/6 7354/4/6 7359/4/6
f 7359/4/6 7354/4/6 7360/4/6
f 7361/6/6 7362/6/6 7365/6/6
f 7365/6/6 7362/6/6 7366/6/6
f 7363/4/6 7364/4/6 7367/4/6
f 7367/4/6 7364/4/6 7368/4/6
