# MagicaVoxel @ Ephtracy

# group
o 

# material
mtllib 1.mtl
usemtl palette

# normals
vn -1 0 0
vn 1 0 0
vn 0 0 1
vn 0 0 -1
vn 0 -1 0
vn 0 1 0

# texcoords
vt 0.662109 0.5
vt 0.669922 0.5
vt 0.677734 0.5
vt 0.724609 0.5
vt 0.732422 0.5
vt 0.740234 0.5
vt 0.818359 0.5

# verts
v -12.8 0 12.8
v -12.8 0 -12.8
v -12.8 0.1 -10.4
v -12.8 0.1 -12.8
v -12.8 0.2 -9.3
v -12.8 0.2 -10.4
v -12.8 0.3 -4
v -12.8 0.3 -9.3
v -12.8 0.4 12.8
v -12.8 0.4 -4
v -12.7 0.1 -10.4
v -12.7 0.1 -10.5
v -12.7 0.2 -10.4
v -12.7 0.2 -10.5
v -12.1 0.4 4.1
v -12.1 0.4 3.8
v -12.1 0.5 4.1
v -12.1 0.5 3.8
v -12 0.4 4.7
v -12 0.4 4.1
v -12 0.4 3.8
v -12 0.4 3.3
v -12 0.5 4.7
v -12 0.5 4.1
v -12 0.5 3.8
v -12 0.5 3.3
v -11.9 0.4 5.7
v -11.9 0.4 4.7
v -11.9 0.4 3.3
v -11.9 0.4 3
v -11.9 0.5 5.7
v -11.9 0.5 4.7
v -11.9 0.5 3.3
v -11.9 0.5 3
v -11.8 0.4 6.6
v -11.8 0.4 5.7
v -11.8 0.4 3
v -11.8 0.4 2.2
v -11.8 0.5 6.6
v -11.8 0.5 5.7
v -11.8 0.5 3
v -11.8 0.5 2.2
v -11.7 0.4 8.1
v -11.7 0.4 7.6
v -11.7 0.4 7.5
v -11.7 0.4 6.6
v -11.7 0.4 2.2
v -11.7 0.4 2
v -11.7 0.5 8.1
v -11.7 0.5 6.6
v -11.7 0.5 2.2
v -11.7 0.5 2
v -11.6 0.4 8.4
v -11.6 0.4 8.1
v -11.6 0.4 2
v -11.6 0.4 1.9
v -11.6 0.5 8.4
v -11.6 0.5 8.1
v -11.6 0.5 2
v -11.6 0.5 1.9
v -11.5 0.4 8.6
v -11.5 0.4 8.4
v -11.5 0.4 1.9
v -11.5 0.4 1.8
v -11.5 0.5 8.6
v -11.5 0.5 8.4
v -11.5 0.5 1.9
v -11.5 0.5 1.8
v -11.4 0.4 8.8
v -11.4 0.4 8.6
v -11.4 0.4 1.8
v -11.4 0.4 1.7
v -11.4 0.5 8.8
v -11.4 0.5 8.6
v -11.4 0.5 1.8
v -11.4 0.5 1.7
v -11.3 0.4 9
v -11.3 0.4 8.8
v -11.3 0.4 1.7
v -11.3 0.4 1.6
v -11.3 0.5 9
v -11.3 0.5 8.8
v -11.3 0.5 1.7
v -11.3 0.5 1.6
v -11.2 0.4 9.2
v -11.2 0.4 9
v -11.2 0.5 9.2
v -11.2 0.5 9
v -11.1 0.4 9.3
v -11.1 0.4 9.2
v -11.1 0.4 1.6
v -11.1 0.4 1.5
v -11.1 0.5 9.3
v -11.1 0.5 9.2
v -11.1 0.5 1.6
v -11.1 0.5 1.5
v -11 0.4 9.5
v -11 0.4 9.3
v -11 0.5 9.5
v -11 0.5 9.3
v -10.9 0.4 9.6
v -10.9 0.4 9.5
v -10.9 0.4 1.5
v -10.9 0.4 1.4
v -10.9 0.5 9.6
v -10.9 0.5 9.5
v -10.9 0.5 1.5
v -10.9 0.5 1.4
v -10.8 0.4 9.7
v -10.8 0.4 9.6
v -10.8 0.4 1.4
v -10.8 0.4 1.3
v -10.8 0.5 9.7
v -10.8 0.5 9.6
v -10.8 0.5 1.4
v -10.8 0.5 1.3
v -10.7 0.4 9.8
v -10.7 0.4 9.7
v -10.7 0.5 9.8
v -10.7 0.5 9.7
v -10.6 0.4 9.9
v -10.6 0.4 9.8
v -10.6 0.5 9.9
v -10.6 0.5 9.8
v -10.5 0.4 10
v -10.5 0.4 9.9
v -10.5 0.5 10
v -10.5 0.5 9.9
v -10.4 0.4 10.1
v -10.4 0.4 10
v -10.4 0.5 10.1
v -10.4 0.5 10
v -10.3 0.4 10.2
v -10.3 0.4 10.1
v -10.3 0.4 1.3
v -10.3 0.4 1.2
v -10.3 0.5 10.2
v -10.3 0.5 10.1
v -10.3 0.5 1.3
v -10.3 0.5 1.2
v -10.2 0.4 10.3
v -10.2 0.4 10.2
v -10.2 0.5 10.3
v -10.2 0.5 10.2
v -10.1 0.4 10.4
v -10.1 0.4 10.3
v -10.1 0.5 10.4
v -10.1 0.5 10.3
v -10 0.4 10.5
v -10 0.4 10.4
v -10 0.5 10.5
v -10 0.5 10.4
v -9.9 0.4 10.6
v -9.9 0.4 10.5
v -9.9 0.5 10.6
v -9.9 0.5 10.5
v -9.8 0.4 10.7
v -9.8 0.4 10.6
v -9.8 0.5 10.7
v -9.8 0.5 10.6
v -9.6 0.4 10.8
v -9.6 0.4 10.7
v -9.6 0.5 10.8
v -9.6 0.5 10.7
v -9.4 0.4 10.9
v -9.4 0.4 10.8
v -9.4 0.5 10.9
v -9.4 0.5 10.8
v -9.2 0.4 11
v -9.2 0.4 10.9
v -9.2 0.5 11
v -9.2 0.5 10.9
v -8.7 0.4 11.1
v -8.7 0.4 11
v -8.7 0.5 11.1
v -8.7 0.5 11
v -4.4 0.4 11.1
v -4.4 0.4 11
v -4.4 0.5 11.1
v -4.4 0.5 11
v -4.3 0.1 -9.1
v -4.3 0.1 -9.2
v -4.3 0.2 -9.1
v -4.3 0.2 -9.2
v -3.3 0.4 11.2
v -3.3 0.4 11.1
v -3.3 0.5 11.2
v -3.3 0.5 11.1
v -12.6 0.3 -3.9
v -12.6 0.3 -4
v -12.6 0.4 -3.9
v -12.6 0.4 -4
v -12.5 0.2 -9.2
v -12.5 0.2 -9.3
v -12.5 0.3 -9.2
v -12.5 0.3 -9.3
v -12.3 0.2 -9.1
v -12.3 0.2 -9.2
v -12.3 0.3 -3.8
v -12.3 0.3 -3.9
v -12.3 0.3 -9.1
v -12.3 0.3 -9.2
v -12.3 0.4 -3.8
v -12.3 0.4 -3.9
v -12.1 0.1 -10.4
v -12.1 0.1 -10.5
v -12.1 0.2 -10.4
v -12.1 0.2 -10.5
v -12 0.2 -9
v -12 0.2 -9.1
v -12 0.3 -9
v -12 0.3 -9.1
v -11.9 0.1 -10.3
v -11.9 0.1 -10.4
v -11.9 0.2 -10.3
v -11.9 0.2 -10.4
v -11.9 0.3 -3.7
v -11.9 0.3 -3.8
v -11.9 0.4 -3.7
v -11.9 0.4 -3.8
v -11.6 0.2 -8.9
v -11.6 0.2 -9
v -11.6 0.3 -8.9
v -11.6 0.3 -9
v -11.5 0.1 -10.2
v -11.5 0.1 -10.3
v -11.5 0.2 -10.2
v -11.5 0.2 -10.3
v -11.3 0.2 -8.8
v -11.3 0.2 -8.9
v -11.3 0.3 -8.8
v -11.3 0.3 -8.9
v -11.2 0.1 -10.1
v -11.2 0.1 -10.2
v -11.2 0.2 -10.1
v -11.2 0.2 -10.2
v -11 0.1 -10
v -11 0.1 -10.1
v -11 0.2 -10
v -11 0.2 -10.1
v -10.9 0.2 -8.7
v -10.9 0.2 -8.8
v -10.9 0.3 -8.7
v -10.9 0.3 -8.8
v -10.7 0.1 -9.9
v -10.7 0.1 -10
v -10.7 0.2 -9.9
v -10.7 0.2 -10
v -10.5 0.2 -8.6
v -10.5 0.2 -8.7
v -10.5 0.3 -3.6
v -10.5 0.3 -3.7
v -10.5 0.3 -8.6
v -10.5 0.3 -8.7
v -10.5 0.4 -3.6
v -10.5 0.4 -3.7
v -10.3 0.1 -9.8
v -10.3 0.1 -9.9
v -10.3 0.2 -9.8
v -10.3 0.2 -9.9
v -10.1 0.2 -8.5
v -10.1 0.2 -8.6
v -10.1 0.3 -8.5
v -10.1 0.3 -8.6
v -9.9 0.1 -9.7
v -9.9 0.1 -9.8
v -9.9 0.2 -9.7
v -9.9 0.2 -9.8
v -9.7 0.2 -8.4
v -9.7 0.2 -8.5
v -9.7 0.3 -8.4
v -9.7 0.3 -8.5
v -9.5 0.1 -9.6
v -9.5 0.1 -9.7
v -9.5 0.2 -9.6
v -9.5 0.2 -9.7
v -9.2 0.2 -8.3
v -9.2 0.2 -8.4
v -9.2 0.3 -8.3
v -9.2 0.3 -8.4
v -9.1 0.2 -8.2
v -9.1 0.2 -8.3
v -9.1 0.3 -8.2
v -9.1 0.3 -8.3
v -9 0.2 -8.1
v -9 0.2 -8.2
v -9 0.3 -3.5
v -9 0.3 -3.6
v -9 0.3 -8.1
v -9 0.3 -8.2
v -9 0.4 -3.5
v -9 0.4 -3.6
v -8.9 0.2 -8
v -8.9 0.2 -8.1
v -8.9 0.3 -3.4
v -8.9 0.3 -3.5
v -8.9 0.3 -8
v -8.9 0.3 -8.1
v -8.9 0.4 -3.4
v -8.9 0.4 -3.5
v -8.8 0.2 -7.9
v -8.8 0.2 -8
v -8.8 0.3 -7.9
v -8.8 0.3 -8
v -8.8 0.4 1.3
v -8.8 0.4 1.2
v -8.8 0.5 1.3
v -8.8 0.5 1.2
v -8.7 0.2 -7.8
v -8.7 0.2 -7.9
v -8.7 0.3 -3.3
v -8.7 0.3 -3.4
v -8.7 0.3 -7.8
v -8.7 0.3 -7.9
v -8.7 0.4 -3.3
v -8.7 0.4 -3.4
v -8.6 0.2 -7.7
v -8.6 0.2 -7.8
v -8.6 0.3 -7.7
v -8.6 0.3 -7.8
v -8.5 0.2 -7.6
v -8.5 0.2 -7.7
v -8.5 0.3 -3.2
v -8.5 0.3 -3.3
v -8.5 0.3 -7.6
v -8.5 0.3 -7.7
v -8.5 0.4 1.4
v -8.5 0.4 1.3
v -8.5 0.4 -3.2
v -8.5 0.4 -3.3
v -8.5 0.5 1.4
v -8.5 0.5 1.3
v -8.4 0.1 -9.5
v -8.4 0.1 -9.6
v -8.4 0.2 -7.5
v -8.4 0.2 -7.6
v -8.4 0.2 -9.5
v -8.4 0.2 -9.6
v -8.4 0.3 -7.5
v -8.4 0.3 -7.6
v -8.3 0.2 -7.4
v -8.3 0.2 -7.5
v -8.3 0.3 -3
v -8.3 0.3 -3.2
v -8.3 0.3 -7.4
v -8.3 0.3 -7.5
v -8.3 0.4 -3
v -8.3 0.4 -3.2
v -8.1 0.2 -7.3
v -8.1 0.2 -7.4
v -8.1 0.3 -2.9
v -8.1 0.3 -3
v -8.1 0.3 -7.3
v -8.1 0.3 -7.4
v -8.1 0.4 1.5
v -8.1 0.4 1.4
v -8.1 0.4 -2.9
v -8.1 0.4 -3
v -8.1 0.5 1.5
v -8.1 0.5 1.4
v -8 0.2 -7.2
v -8 0.2 -7.3
v -8 0.3 -7.2
v -8 0.3 -7.3
v -7.9 0.1 -9.4
v -7.9 0.1 -9.5
v -7.9 0.2 -7.1
v -7.9 0.2 -7.2
v -7.9 0.2 -9.4
v -7.9 0.2 -9.5
v -7.9 0.3 -2.8
v -7.9 0.3 -2.9
v -7.9 0.3 -7.1
v -7.9 0.3 -7.2
v -7.9 0.4 -2.8
v -7.9 0.4 -2.9
v -7.8 0.2 -7
v -7.8 0.2 -7.1
v -7.8 0.3 -2.7
v -7.8 0.3 -2.8
v -7.8 0.3 -7
v -7.8 0.3 -7.1
v -7.8 0.4 -2.7
v -7.8 0.4 -2.8
v -7.7 0.3 -2.6
v -7.7 0.3 -2.7
v -7.7 0.4 -2.6
v -7.7 0.4 -2.7
v -7.6 0.2 -6.9
v -7.6 0.2 -7
v -7.6 0.3 -2.5
v -7.6 0.3 -2.6
v -7.6 0.3 -6.9
v -7.6 0.3 -7
v -7.6 0.4 1.6
v -7.6 0.4 1.5
v -7.6 0.4 -2.5
v -7.6 0.4 -2.6
v -7.6 0.5 1.6
v -7.6 0.5 1.5
v -7.5 0.2 -6.8
v -7.5 0.2 -6.9
v -7.5 0.3 -2.4
v -7.5 0.3 -2.5
v -7.5 0.3 -6.8
v -7.5 0.3 -6.9
v -7.5 0.4 -2.4
v -7.5 0.4 -2.5
v -7.4 0.2 -6.7
v -7.4 0.2 -6.8
v -7.4 0.3 -2.3
v -7.4 0.3 -2.4
v -7.4 0.3 -6.7
v -7.4 0.3 -6.8
v -7.4 0.4 -2.3
v -7.4 0.4 -2.4
v -7.3 0.2 -6.6
v -7.3 0.2 -6.7
v -7.3 0.3 -2.1
v -7.3 0.3 -2.3
v -7.3 0.3 -6.6
v -7.3 0.3 -6.7
v -7.3 0.4 -2.1
v -7.3 0.4 -2.3
v -7.2 0.3 -2
v -7.2 0.3 -2.1
v -7.2 0.4 -2
v -7.2 0.4 -2.1
v -7.1 0.1 -9.3
v -7.1 0.1 -9.4
v -7.1 0.2 -6.5
v -7.1 0.2 -6.6
v -7.1 0.2 -9.3
v -7.1 0.2 -9.4
v -7.1 0.3 -1.9
v -7.1 0.3 -2
v -7.1 0.3 -6.5
v -7.1 0.3 -6.6
v -7.1 0.4 -1.9
v -7.1 0.4 -2
v -7 0.2 -6.4
v -7 0.2 -6.5
v -7 0.3 -1.7
v -7 0.3 -1.9
v -7 0.3 -6.4
v -7 0.3 -6.5
v -7 0.4 1.7
v -7 0.4 1.6
v -7 0.4 -1.7
v -7 0.4 -1.9
v -7 0.5 1.7
v -7 0.5 1.6
v -6.9 0.2 -6.3
v -6.9 0.2 -6.4
v -6.9 0.3 -1.6
v -6.9 0.3 -1.7
v -6.9 0.3 -6.3
v -6.9 0.3 -6.4
v -6.9 0.4 -1.6
v -6.9 0.4 -1.7
v -6.8 0.3 -1.5
v -6.8 0.3 -1.6
v -6.8 0.4 -1.5
v -6.8 0.4 -1.6
v -6.7 0.2 -6.2
v -6.7 0.2 -6.3
v -6.7 0.3 -1.3
v -6.7 0.3 -1.5
v -6.7 0.3 -6.2
v -6.7 0.3 -6.3
v -6.7 0.4 -1.3
v -6.7 0.4 -1.5
v -6.6 0.2 -6.1
v -6.6 0.2 -6.2
v -6.6 0.3 -1.2
v -6.6 0.3 -1.3
v -6.6 0.3 -6.1
v -6.6 0.3 -6.2
v -6.6 0.4 1.8
v -6.6 0.4 1.7
v -6.6 0.4 -1.2
v -6.6 0.4 -1.3
v -6.6 0.5 1.8
v -6.6 0.5 1.7
v -6.5 0.2 -6
v -6.5 0.2 -6.1
v -6.5 0.3 -1.1
v -6.5 0.3 -1.2
v -6.5 0.3 -6
v -6.5 0.3 -6.1
v -6.5 0.4 -1.1
v -6.5 0.4 -1.2
v -6.4 0.1 -9.2
v -6.4 0.1 -9.3
v -6.4 0.2 -5.9
v -6.4 0.2 -6
v -6.4 0.2 -9.2
v -6.4 0.2 -9.3
v -6.4 0.3 -1
v -6.4 0.3 -1.1
v -6.4 0.3 -5.9
v -6.4 0.3 -6
v -6.4 0.4 11.1
v -6.4 0.4 11
v -6.4 0.4 -1
v -6.4 0.4 -1.1
v -6.4 0.5 11.1
v -6.4 0.5 11
v -6.3 0.2 -5.7
v -6.3 0.2 -5.9
v -6.3 0.3 -0.9
v -6.3 0.3 -1
v -6.3 0.3 -5.7
v -6.3 0.3 -5.9
v -6.3 0.4 -0.9
v -6.3 0.4 -1
v -6.2 0.2 -5.6
v -6.2 0.2 -5.7
v -6.2 0.3 -0.799999
v -6.2 0.3 -0.9
v -6.2 0.3 -5.6
v -6.2 0.3 -5.7
v -6.2 0.4 1.9
v -6.2 0.4 1.8
v -6.2 0.4 -0.799999
v -6.2 0.4 -0.9
v -6.2 0.5 1.9
v -6.2 0.5 1.8
v -6.1 0.2 -5.5
v -6.1 0.2 -5.6
v -6.1 0.3 -0.599999
v -6.1 0.3 -0.799999
v -6.1 0.3 -5.5
v -6.1 0.3 -5.6
v -6.1 0.4 -0.599999
v -6.1 0.4 -0.799999
v -6 0.2 -5.4
v -6 0.2 -5.5
v -6 0.3 -0.5
v -6 0.3 -0.599999
v -6 0.3 -5.4
v -6 0.3 -5.5
v -6 0.4 -0.5
v -6 0.4 -0.599999
v -5.9 0.3 -0.4
v -5.9 0.3 -0.5
v -5.9 0.4 -0.4
v -5.9 0.4 -0.5
v -5.8 0.2 -5.3
v -5.8 0.2 -5.4
v -5.8 0.3 -0.299999
v -5.8 0.3 -0.4
v -5.8 0.3 -5.3
v -5.8 0.3 -5.4
v -5.8 0.4 2
v -5.8 0.4 1.9
v -5.8 0.4 -0.299999
v -5.8 0.4 -0.4
v -5.8 0.5 2
v -5.8 0.5 1.9
v -5.7 0.1 -9.1
v -5.7 0.1 -9.2
v -5.7 0.2 -5.2
v -5.7 0.2 -5.3
v -5.7 0.2 -9.1
v -5.7 0.2 -9.2
v -5.7 0.3 -5.2
v -5.7 0.3 -5.3
v -5.6 0.2 -5.1
v -5.6 0.2 -5.2
v -5.6 0.3 -0.2
v -5.6 0.3 -0.299999
v -5.6 0.3 -5.1
v -5.6 0.3 -5.2
v -5.6 0.4 -0.2
v -5.6 0.4 -0.299999
v -5.5 0.2 -5
v -5.5 0.2 -5.1
v -5.5 0.3 -0.0999994
v -5.5 0.3 -0.2
v -5.5 0.3 -5
v -5.5 0.3 -5.1
v -5.5 0.4 -0.0999994
v -5.5 0.4 -0.2
v -5.4 0.2 -4.8
v -5.4 0.2 -5
v -5.4 0.3 0
v -5.4 0.3 -0.0999994
v -5.4 0.3 -4.8
v -5.4 0.3 -5
v -5.4 0.4 0
v -5.4 0.4 -0.0999994
v -5.3 0.2 -4.7
v -5.3 0.2 -4.8
v -5.3 0.3 -4.7
v -5.3 0.3 -4.8
v -5.3 0.4 2.1
v -5.3 0.4 2
v -5.3 0.5 2.1
v -5.3 0.5 2
v -5.2 0.2 -4.6
v -5.2 0.2 -4.7
v -5.2 0.3 0.1
v -5.2 0.3 0
v -5.2 0.3 -4.6
v -5.2 0.3 -4.7
v -5.2 0.4 0.1
v -5.2 0.4 0
v -5.1 0.2 -4.5
v -5.1 0.2 -4.6
v -5.1 0.3 -4.5
v -5.1 0.3 -4.6
v -5 0.2 -4.4
v -5 0.2 -4.5
v -5 0.3 0.200001
v -5 0.3 0.1
v -5 0.3 -4.4
v -5 0.3 -4.5
v -5 0.4 2.2
v -5 0.4 2.1
v -5 0.4 0.200001
v -5 0.4 0.1
v -5 0.5 2.2
v -5 0.5 2.1
v -4.9 0.2 -4.2
v -4.9 0.2 -4.4
v -4.9 0.3 -4.2
v -4.9 0.3 -4.4
v -4.8 0.2 -4.1
v -4.8 0.2 -4.2
v -4.8 0.3 0.3
v -4.8 0.3 0.200001
v -4.8 0.3 -4.1
v -4.8 0.3 -4.2
v -4.8 0.4 2.3
v -4.8 0.4 2.2
v -4.8 0.4 0.3
v -4.8 0.4 0.200001
v -4.8 0.5 2.3
v -4.8 0.5 2.2
v -4.7 0.2 -3.9
v -4.7 0.2 -4.1
v -4.7 0.3 -3.9
v -4.7 0.3 -4.1
v -4.7 0.4 2.4
v -4.7 0.4 2.3
v -4.7 0.5 2.4
v -4.7 0.5 2.3
v -4.6 0.2 -3.8
v -4.6 0.2 -3.9
v -4.6 0.3 0.400001
v -4.6 0.3 0.3
v -4.6 0.3 -3.8
v -4.6 0.3 -3.9
v -4.6 0.4 2.5
v -4.6 0.4 2.4
v -4.6 0.4 0.400001
v -4.6 0.4 0.3
v -4.6 0.5 2.5
v -4.6 0.5 2.4
v -4.5 0.2 -3.7
v -4.5 0.2 -3.8
v -4.5 0.3 0.5
v -4.5 0.3 0.400001
v -4.5 0.3 -3.7
v -4.5 0.3 -3.8
v -4.5 0.4 2.6
v -4.5 0.4 2.5
v -4.5 0.4 0.5
v -4.5 0.4 0.400001
v -4.5 0.5 2.6
v -4.5 0.5 2.5
v -4.4 0.2 -3.6
v -4.4 0.2 -3.7
v -4.4 0.3 -3.6
v -4.4 0.3 -3.7
v -4.4 0.4 2.7
v -4.4 0.4 2.6
v -4.4 0.5 2.7
v -4.4 0.5 2.6
v -4.3 0.2 -3.4
v -4.3 0.2 -3.6
v -4.3 0.3 0.6
v -4.3 0.3 0.5
v -4.3 0.3 -3.4
v -4.3 0.3 -3.6
v -4.3 0.4 2.8
v -4.3 0.4 2.7
v -4.3 0.4 0.6
v -4.3 0.4 0.5
v -4.3 0.5 2.8
v -4.3 0.5 2.7
v -4.2 0.2 -3.3
v -4.2 0.2 -3.4
v -4.2 0.3 -3.3
v -4.2 0.3 -3.4
v -4.2 0.4 2.9
v -4.2 0.4 2.8
v -4.2 0.5 2.9
v -4.2 0.5 2.8
v -4.1 0.2 -3.2
v -4.1 0.2 -3.3
v -4.1 0.3 0.700001
v -4.1 0.3 0.6
v -4.1 0.3 -3.2
v -4.1 0.3 -3.3
v -4.1 0.4 0.700001
v -4.1 0.4 0.6
v -4 0.2 -3.1
v -4 0.2 -3.2
v -4 0.3 0.8
v -4 0.3 0.700001
v -4 0.3 -3.1
v -4 0.3 -3.2
v -4 0.4 3
v -4 0.4 2.9
v -4 0.4 0.8
v -4 0.4 0.700001
v -4 0.5 3
v -4 0.5 2.9
v -3.9 0.2 -3
v -3.9 0.2 -3.1
v -3.9 0.3 0.900001
v -3.9 0.3 0.8
v -3.9 0.3 -3
v -3.9 0.3 -3.1
v -3.9 0.4 3.1
v -3.9 0.4 3
v -3.9 0.4 0.900001
v -3.9 0.4 0.8
v -3.9 0.5 3.1
v -3.9 0.5 3
v -3.8 0.1 -9.1
v -3.8 0.1 -9.2
v -3.8 0.2 -2.9
v -3.8 0.2 -3
v -3.8 0.2 -9.1
v -3.8 0.2 -9.2
v -3.8 0.3 1
v -3.8 0.3 0.900001
v -3.8 0.3 -2.9
v -3.8 0.3 -3
v -3.8 0.4 3.2
v -3.8 0.4 3.1
v -3.8 0.4 1
v -3.8 0.4 0.900001
v -3.8 0.5 3.2
v -3.8 0.5 3.1
v -3.7 0.2 -2.8
v -3.7 0.2 -2.9
v -3.7 0.3 1.1
v -3.7 0.3 1
v -3.7 0.3 -2.8
v -3.7 0.3 -2.9
v -3.7 0.4 1.1
v -3.7 0.4 1
v -3.6 0.2 -2.7
v -3.6 0.2 -2.8
v -3.6 0.3 1.2
v -3.6 0.3 1.1
v -3.6 0.3 -2.7
v -3.6 0.3 -2.8
v -3.6 0.4 3.3
v -3.6 0.4 3.2
v -3.6 0.4 1.2
v -3.6 0.4 1.1
v -3.6 0.5 3.3
v -3.6 0.5 3.2
v -3.5 0.2 -2.6
v -3.5 0.2 -2.7
v -3.5 0.3 -2.6
v -3.5 0.3 -2.7
v -3.5 0.4 3.4
v -3.5 0.4 3.3
v -3.5 0.5 3.4
v -3.5 0.5 3.3
v -3.4 0.2 -2.5
v -3.4 0.2 -2.6
v -3.4 0.3 1.3
v -3.4 0.3 1.2
v -3.4 0.3 -2.5
v -3.4 0.3 -2.6
v -3.4 0.4 3.5
v -3.4 0.4 3.4
v -3.4 0.4 1.3
v -3.4 0.4 1.2
v -3.4 0.5 3.5
v -3.4 0.5 3.4
v -3.3 0.1 -9
v -3.3 0.1 -9.1
v -3.3 0.2 -2.4
v -3.3 0.2 -2.5
v -3.3 0.2 -9
v -3.3 0.2 -9.1
v -3.3 0.3 -2.4
v -3.3 0.3 -2.5
v -3.3 0.4 3.6
v -3.3 0.4 3.5
v -3.3 0.5 3.6
v -3.3 0.5 3.5
v -3.2 0.2 -2.3
v -3.2 0.2 -2.4
v -3.2 0.3 1.4
v -3.2 0.3 1.3
v -3.2 0.3 -2.3
v -3.2 0.3 -2.4
v -3.2 0.4 1.4
v -3.2 0.4 1.3
v -3.1 0.2 -2.2
v -3.1 0.2 -2.3
v -3.1 0.3 1.5
v -3.1 0.3 1.4
v -3.1 0.3 -2.2
v -3.1 0.3 -2.3
v -3.1 0.4 3.7
v -3.1 0.4 3.6
v -3.1 0.4 1.5
v -3.1 0.4 1.4
v -3.1 0.5 3.7
v -3.1 0.5 3.6
v -3 0.1 -8.9
v -3 0.1 -9
v -3 0.2 -2.1
v -3 0.2 -2.2
v -3 0.2 -8.9
v -3 0.2 -9
v -3 0.3 1.6
v -3 0.3 1.5
v -3 0.3 -2.1
v -3 0.3 -2.2
v -3 0.4 3.8
v -3 0.4 3.7
v -3 0.4 1.6
v -3 0.4 1.5
v -3 0.5 3.8
v -3 0.5 3.7
v -2.9 0.2 -2
v -2.9 0.2 -2.1
v -2.9 0.3 1.7
v -2.9 0.3 1.6
v -2.9 0.3 -2
v -2.9 0.3 -2.1
v -2.9 0.4 3.9
v -2.9 0.4 3.8
v -2.9 0.4 1.7
v -2.9 0.4 1.6
v -2.9 0.5 3.9
v -2.9 0.5 3.8
v -2.8 0.2 -1.9
v -2.8 0.2 -2
v -2.8 0.3 1.8
v -2.8 0.3 1.7
v -2.8 0.3 -1.9
v -2.8 0.3 -2
v -2.8 0.4 1.8
v -2.8 0.4 1.7
v -2.7 0.1 -8.8
v -2.7 0.1 -8.9
v -2.7 0.2 -1.8
v -2.7 0.2 -1.9
v -2.7 0.2 -8.8
v -2.7 0.2 -8.9
v -2.7 0.3 1.9
v -2.7 0.3 1.8
v -2.7 0.3 -1.8
v -2.7 0.3 -1.9
v -2.7 0.4 4
v -2.7 0.4 3.9
v -2.7 0.4 1.9
v -2.7 0.4 1.8
v -2.7 0.5 4
v -2.7 0.5 3.9
v -2.6 0.2 -1.7
v -2.6 0.2 -1.8
v -2.6 0.3 2
v -2.6 0.3 1.9
v -2.6 0.3 -1.7
v -2.6 0.3 -1.8
v -2.6 0.4 4.1
v -2.6 0.4 4
v -2.6 0.4 2
v -2.6 0.4 1.9
v -2.6 0.5 4.1
v -2.6 0.5 4
v -2.5 0.3 2.1
v -2.5 0.3 2
v -2.5 0.4 4.2
v -2.5 0.4 4.1
v -2.5 0.4 2.1
v -2.5 0.4 2
v -2.5 0.5 4.2
v -2.5 0.5 4.1
v -2.4 0.1 -8.7
v -2.4 0.1 -8.8
v -2.4 0.2 -1.6
v -2.4 0.2 -1.7
v -2.4 0.2 -8.7
v -2.4 0.2 -8.8
v -2.4 0.3 -1.6
v -2.4 0.3 -1.7
v -2.4 0.4 4.4
v -2.4 0.4 4.3
v -2.4 0.4 4.2
v -2.4 0.5 4.4
v -2.4 0.5 4.3
v -2.4 0.5 4.2
v -2.3 0.2 -1.5
v -2.3 0.2 -1.6
v -2.3 0.3 2.2
v -2.3 0.3 2.1
v -2.3 0.3 -1.5
v -2.3 0.3 -1.6
v -2.3 0.4 4.5
v -2.3 0.4 4.4
v -2.3 0.4 2.2
v -2.3 0.4 2.1
v -2.3 0.5 4.5
v -2.3 0.5 4.4
v -2.2 0.1 -8.6
v -2.2 0.1 -8.7
v -2.2 0.2 -8.6
v -2.2 0.2 -8.7
v -2.2 0.3 2.3
v -2.2 0.3 2.2
v -2.2 0.4 4.6
v -2.2 0.4 4.5
v -2.2 0.4 2.3
v -2.2 0.4 2.2
v -2.2 0.5 4.6
v -2.2 0.5 4.5
v -2.1 0.2 -1.4
v -2.1 0.2 -1.5
v -2.1 0.3 2.4
v -2.1 0.3 2.3
v -2.1 0.3 -1.4
v -2.1 0.3 -1.5
v -2.1 0.4 11.2
v -2.1 0.4 11.1
v -2.1 0.4 4.7
v -2.1 0.4 4.6
v -2.1 0.4 2.4
v -2.1 0.4 2.3
v -2.1 0.5 11.2
v -2.1 0.5 11.1
v -2.1 0.5 4.7
v -2.1 0.5 4.6
v -2 0.1 -8.5
v -2 0.1 -8.6
v -2 0.2 -1.3
v -2 0.2 -1.4
v -2 0.2 -8.5
v -2 0.2 -8.6
v -2 0.3 2.5
v -2 0.3 2.4
v -2 0.3 -1.3
v -2 0.3 -1.4
v -2 0.4 4.8
v -2 0.4 4.7
v -2 0.4 2.5
v -2 0.4 2.4
v -2 0.5 4.8
v -2 0.5 4.7
v -1.9 0.2 -1.2
v -1.9 0.2 -1.3
v -1.9 0.3 2.6
v -1.9 0.3 2.5
v -1.9 0.3 -1.2
v -1.9 0.3 -1.3
v -1.9 0.4 4.9
v -1.9 0.4 4.8
v -1.9 0.4 2.6
v -1.9 0.4 2.5
v -1.9 0.5 4.9
v -1.9 0.5 4.8
v -1.8 0.1 -8.4
v -1.8 0.1 -8.5
v -1.8 0.2 -8.4
v -1.8 0.2 -8.5
v -1.8 0.3 2.7
v -1.8 0.3 2.6
v -1.8 0.4 2.7
v -1.8 0.4 2.6
v -1.7 0.2 -1.1
v -1.7 0.2 -1.2
v -1.7 0.3 2.8
v -1.7 0.3 2.7
v -1.7 0.3 -1.1
v -1.7 0.3 -1.2
v -1.7 0.4 5
v -1.7 0.4 4.9
v -1.7 0.4 2.8
v -1.7 0.4 2.7
v -1.7 0.5 5
v -1.7 0.5 4.9
v -1.6 0.1 -8.3
v -1.6 0.1 -8.4
v -1.6 0.2 -1
v -1.6 0.2 -1.1
v -1.6 0.2 -8.3
v -1.6 0.2 -8.4
v -1.6 0.3 2.9
v -1.6 0.3 2.8
v -1.6 0.3 -1
v -1.6 0.3 -1.1
v -1.6 0.4 5.1
v -1.6 0.4 5
v -1.6 0.4 2.9
v -1.6 0.4 2.8
v -1.6 0.5 5.1
v -1.6 0.5 5
v -1.5 0.4 5.2
v -1.5 0.4 5.1
v -1.5 0.5 5.2
v -1.5 0.5 5.1
v -1.4 0.1 -8.2
v -1.4 0.1 -8.3
v -1.4 0.2 -0.9
v -1.4 0.2 -1
v -1.4 0.2 -8.2
v -1.4 0.2 -8.3
v -1.4 0.3 3
v -1.4 0.3 2.9
v -1.4 0.3 -0.9
v -1.4 0.3 -1
v -1.4 0.4 5.3
v -1.4 0.4 5.2
v -1.4 0.4 3
v -1.4 0.4 2.9
v -1.4 0.5 5.3
v -1.4 0.5 5.2
v -1.3 0.4 11.1
v -1.3 0.4 11
v -1.3 0.5 11.1
v -1.3 0.5 11
v -1.2 0.1 -8.1
v -1.2 0.1 -8.2
v -1.2 0.2 -0.799999
v -1.2 0.2 -0.9
v -1.2 0.2 -8.1
v -1.2 0.2 -8.2
v -1.2 0.3 3.1
v -1.2 0.3 3
v -1.2 0.3 -0.799999
v -1.2 0.3 -0.9
v -1.2 0.4 5.4
v -1.2 0.4 5.3
v -1.2 0.4 3.1
v -1.2 0.4 3
v -1.2 0.5 5.4
v -1.2 0.5 5.3
v -1.1 0.2 -0.7
v -1.1 0.2 -0.799999
v -1.1 0.3 3.2
v -1.1 0.3 3.1
v -1.1 0.3 -0.7
v -1.1 0.3 -0.799999
v -1.1 0.4 5.5
v -1.1 0.4 5.4
v -1.1 0.4 3.2
v -1.1 0.4 3.1
v -1.1 0.5 5.5
v -1.1 0.5 5.4
v -1 0.1 -8
v -1 0.1 -8.1
v -1 0.2 -0.599999
v -1 0.2 -0.7
v -1 0.2 -8
v -1 0.2 -8.1
v -1 0.3 -0.599999
v -1 0.3 -0.7
v -0.900001 0.3 3.3
v -0.900001 0.3 3.2
v -0.900001 0.4 5.6
v -0.900001 0.4 5.5
v -0.900001 0.4 3.3
v -0.900001 0.4 3.2
v -0.900001 0.5 5.6
v -0.900001 0.5 5.5
v -0.8 0.1 -7.9
v -0.8 0.1 -8
v -0.8 0.2 -0.5
v -0.8 0.2 -0.599999
v -0.8 0.2 -7.9
v -0.8 0.2 -8
v -0.8 0.3 -0.5
v -0.8 0.3 -0.599999
v -0.8 0.4 11
v -0.8 0.4 10.9
v -0.8 0.4 5.7
v -0.8 0.4 5.6
v -0.8 0.5 11
v -0.8 0.5 10.9
v -0.8 0.5 5.7
v -0.8 0.5 5.6
v -0.700001 0.2 -0.4
v -0.700001 0.2 -0.5
v -0.700001 0.3 3.4
v -0.700001 0.3 3.3
v -0.700001 0.3 -0.4
v -0.700001 0.3 -0.5
v -0.700001 0.4 3.4
v -0.700001 0.4 3.3
v -0.6 0.1 -7.8
v -0.6 0.1 -7.9
v -0.6 0.2 -7.8
v -0.6 0.2 -7.9
v -0.6 0.3 3.5
v -0.6 0.3 3.4
v -0.6 0.4 5.8
v -0.6 0.4 5.7
v -0.6 0.4 3.5
v -0.6 0.4 3.4
v -0.6 0.5 5.8
v -0.6 0.5 5.7
v -0.5 0.2 -0.299999
v -0.5 0.2 -0.4
v -0.5 0.3 -0.299999
v -0.5 0.3 -0.4
v -0.5 0.4 10.9
v -0.5 0.4 10.8
v -0.5 0.5 10.9
v -0.5 0.5 10.8
v -0.400001 0.1 -7.7
v -0.400001 0.1 -7.8
v -0.400001 0.2 -0.2
v -0.400001 0.2 -0.299999
v -0.400001 0.2 -7.7
v -0.400001 0.2 -7.8
v -0.400001 0.3 3.6
v -0.400001 0.3 3.5
v -0.400001 0.3 -0.2
v -0.400001 0.3 -0.299999
v -0.400001 0.4 5.9
v -0.400001 0.4 5.8
v -0.400001 0.4 3.6
v -0.400001 0.4 3.5
v -0.400001 0.5 5.9
v -0.400001 0.5 5.8
v -0.3 0.2 -0.0999994
v -0.3 0.2 -0.2
v -0.3 0.3 3.7
v -0.3 0.3 3.6
v -0.3 0.3 -0.0999994
v -0.3 0.3 -0.2
v -0.3 0.4 10.8
v -0.3 0.4 10.7
v -0.3 0.4 3.7
v -0.3 0.4 3.6
v -0.3 0.5 10.8
v -0.3 0.5 10.7
v -0.200001 0.1 -7.6
v -0.200001 0.1 -7.7
v -0.200001 0.2 -7.6
v -0.200001 0.2 -7.7
v -0.200001 0.3 3.8
v -0.200001 0.3 3.7
v -0.200001 0.4 6
v -0.200001 0.4 5.9
v -0.200001 0.4 3.8
v -0.200001 0.4 3.7
v -0.200001 0.5 6
v -0.200001 0.5 5.9
v -0.1 0.2 0
v -0.1 0.2 -0.0999994
v -0.1 0.3 0
v -0.1 0.3 -0.0999994
v -0.1 0.4 10.7
v -0.1 0.4 10.6
v -0.1 0.4 6.1
v -0.1 0.4 6
v -0.1 0.5 10.7
v -0.1 0.5 10.6
v -0.1 0.5 6.1
v -0.1 0.5 6
v 0 0.1 -7.5
v 0 0.1 -7.6
v 0 0.2 -7.5
v 0 0.2 -7.6
v 0 0.3 3.9
v 0 0.3 3.8
v 0 0.4 10.6
v 0 0.4 10.5
v 0 0.4 6.2
v 0 0.4 6.1
v 0 0.4 3.9
v 0 0.4 3.8
v 0 0.5 10.6
v 0 0.5 10.5
v 0 0.5 6.2
v 0 0.5 6.1
v 0.0999994 0.2 0.1
v 0.0999994 0.2 0
v 0.0999994 0.3 0.1
v 0.0999994 0.3 0
v 0.0999994 0.4 10.5
v 0.0999994 0.4 10.4
v 0.0999994 0.5 10.5
v 0.0999994 0.5 10.4
v 0.2 0.1 -7.4
v 0.2 0.1 -7.5
v 0.2 0.2 -7.4
v 0.2 0.2 -7.5
v 0.2 0.3 4
v 0.2 0.3 3.9
v 0.2 0.4 10.4
v 0.2 0.4 10.3
v 0.2 0.4 6.3
v 0.2 0.4 6.2
v 0.2 0.4 4
v 0.2 0.4 3.9
v 0.2 0.5 10.4
v 0.2 0.5 10.3
v 0.2 0.5 6.3
v 0.2 0.5 6.2
v 0.299999 0.2 0.200001
v 0.299999 0.2 0.1
v 0.299999 0.3 4.1
v 0.299999 0.3 4
v 0.299999 0.3 0.200001
v 0.299999 0.3 0.1
v 0.299999 0.4 10.3
v 0.299999 0.4 10.2
v 0.299999 0.4 6.4
v 0.299999 0.4 6.3
v 0.299999 0.4 4.1
v 0.299999 0.4 4
v 0.299999 0.5 10.3
v 0.299999 0.5 10.2
v 0.299999 0.5 6.4
v 0.299999 0.5 6.3
v 0.4 0.1 -7.3
v 0.4 0.1 -7.4
v 0.4 0.2 -7.3
v 0.4 0.2 -7.4
v 0.4 0.3 4.2
v 0.4 0.3 4.1
v 0.4 0.4 10.2
v 0.4 0.4 10.1
v 0.4 0.4 4.2
v 0.4 0.4 4.1
v 0.4 0.5 10.2
v 0.4 0.5 10.1
v 0.5 0.2 0.3
v 0.5 0.2 0.200001
v 0.5 0.3 0.3
v 0.5 0.3 0.200001
v 0.5 0.4 6.5
v 0.5 0.4 6.4
v 0.5 0.5 6.5
v 0.5 0.5 6.4
v 0.599999 0.3 4.3
v 0.599999 0.3 4.2
v 0.599999 0.4 10.1
v 0.599999 0.4 10
v 0.599999 0.4 6.6
v 0.599999 0.4 6.5
v 0.599999 0.4 4.3
v 0.599999 0.4 4.2
v 0.599999 0.5 10.1
v 0.599999 0.5 10
v 0.599999 0.5 6.6
v 0.599999 0.5 6.5
v 0.7 0.1 -7.2
v 0.7 0.1 -7.3
v 0.7 0.2 0.400001
v 0.7 0.2 0.3
v 0.7 0.2 -7.2
v 0.7 0.2 -7.3
v 0.7 0.3 0.400001
v 0.7 0.3 0.3
v 0.7 0.4 10
v 0.7 0.4 9.9
v 0.7 0.4 6.7
v 0.7 0.4 6.6
v 0.7 0.5 10
v 0.7 0.5 9.9
v 0.7 0.5 6.7
v 0.7 0.5 6.6
v 0.799999 0.3 4.4
v 0.799999 0.3 4.3
v 0.799999 0.4 9.9
v 0.799999 0.4 9.8
v 0.799999 0.4 6.8
v 0.799999 0.4 6.7
v 0.799999 0.4 4.4
v 0.799999 0.4 4.3
v 0.799999 0.5 9.9
v 0.799999 0.5 9.8
v 0.799999 0.5 6.8
v 0.799999 0.5 6.7
v 0.9 0.1 -7.1
v 0.9 0.1 -7.2
v 0.9 0.2 0.5
v 0.9 0.2 0.400001
v 0.9 0.2 -7.1
v 0.9 0.2 -7.2
v 0.9 0.3 0.5
v 0.9 0.3 0.400001
v 0.9 0.4 6.9
v 0.9 0.4 6.8
v 0.9 0.5 6.9
v 0.9 0.5 6.8
v 1 0.3 4.5
v 1 0.3 4.4
v 1 0.4 9.8
v 1 0.4 9.6
v 1 0.4 7
v 1 0.4 6.9
v 1 0.4 4.5
v 1 0.4 4.4
v 1 0.5 9.8
v 1 0.5 9.6
v 1 0.5 7
v 1 0.5 6.9
v 1.1 0.1 -7
v 1.1 0.1 -7.1
v 1.1 0.2 0.6
v 1.1 0.2 0.5
v 1.1 0.2 -7
v 1.1 0.2 -7.1
v 1.1 0.3 0.6
v 1.1 0.3 0.5
v 1.1 0.4 9.6
v 1.1 0.4 9.4
v 1.1 0.4 7.1
v 1.1 0.4 7
v 1.1 0.5 9.6
v 1.1 0.5 9.4
v 1.1 0.5 7.1
v 1.1 0.5 7
v 1.2 0.1 -6.9
v 1.2 0.1 -7
v 1.2 0.2 0.700001
v 1.2 0.2 0.6
v 1.2 0.2 -6.9
v 1.2 0.2 -7
v 1.2 0.3 4.6
v 1.2 0.3 4.5
v 1.2 0.3 0.700001
v 1.2 0.3 0.6
v 1.2 0.4 9.4
v 1.2 0.4 9
v 1.2 0.4 7.2
v 1.2 0.4 7.1
v 1.2 0.4 4.6
v 1.2 0.4 4.5
v 1.2 0.5 9.4
v 1.2 0.5 9
v 1.2 0.5 7.2
v 1.2 0.5 7.1
v 1.3 0.1 -6.8
v 1.3 0.1 -6.9
v 1.3 0.2 -6.8
v 1.3 0.2 -6.9
v 1.3 0.3 4.7
v 1.3 0.3 4.6
v 1.3 0.4 9
v 1.3 0.4 8.6
v 1.3 0.4 7.8
v 1.3 0.4 7.2
v 1.3 0.4 4.7
v 1.3 0.4 4.6
v 1.3 0.5 9
v 1.3 0.5 8.6
v 1.3 0.5 7.8
v 1.3 0.5 7.2
v 1.4 0.1 -6.7
v 1.4 0.1 -6.8
v 1.4 0.2 0.8
v 1.4 0.2 0.700001
v 1.4 0.2 -6.7
v 1.4 0.2 -6.8
v 1.4 0.3 0.8
v 1.4 0.3 0.700001
v 1.4 0.4 8.6
v 1.4 0.4 7.8
v 1.4 0.5 8.6
v 1.4 0.5 7.8
v 1.5 0.1 -6.6
v 1.5 0.1 -6.7
v 1.5 0.2 0.900001
v 1.5 0.2 0.8
v 1.5 0.2 -6.6
v 1.5 0.2 -6.7
v 1.5 0.3 4.8
v 1.5 0.3 4.7
v 1.5 0.3 0.900001
v 1.5 0.3 0.8
v 1.5 0.4 4.8
v 1.5 0.4 4.7
v 1.6 0.1 -6.5
v 1.6 0.1 -6.6
v 1.6 0.2 1
v 1.6 0.2 0.900001
v 1.6 0.2 -6.5
v 1.6 0.2 -6.6
v 1.6 0.3 4.9
v 1.6 0.3 4.8
v 1.6 0.3 1
v 1.6 0.3 0.900001
v 1.6 0.4 4.9
v 1.6 0.4 4.8
v 1.8 0.1 -6.4
v 1.8 0.1 -6.5
v 1.8 0.2 1.1
v 1.8 0.2 1
v 1.8 0.2 -6.4
v 1.8 0.2 -6.5
v 1.8 0.3 5
v 1.8 0.3 4.9
v 1.8 0.3 1.1
v 1.8 0.3 1
v 1.8 0.4 5
v 1.8 0.4 4.9
v 1.9 0.2 1.2
v 1.9 0.2 1.1
v 1.9 0.3 1.2
v 1.9 0.3 1.1
v 2 0.1 -6.3
v 2 0.1 -6.4
v 2 0.2 -6.3
v 2 0.2 -6.4
v 2 0.3 5.1
v 2 0.3 5
v 2 0.4 5.1
v 2 0.4 5
v 2.1 0.1 -6.2
v 2.1 0.1 -6.3
v 2.1 0.2 1.3
v 2.1 0.2 1.2
v 2.1 0.2 -6.2
v 2.1 0.2 -6.3
v 2.1 0.3 5.2
v 2.1 0.3 5.1
v 2.1 0.3 1.3
v 2.1 0.3 1.2
v 2.1 0.4 5.2
v 2.1 0.4 5.1
v 2.2 0.1 -6.1
v 2.2 0.1 -6.2
v 2.2 0.2 1.4
v 2.2 0.2 1.3
v 2.2 0.2 -6.1
v 2.2 0.2 -6.2
v 2.2 0.3 5.3
v 2.2 0.3 5.2
v 2.2 0.3 1.4
v 2.2 0.3 1.3
v 2.2 0.4 5.3
v 2.2 0.4 5.2
v 2.3 0.2 1.5
v 2.3 0.2 1.4
v 2.3 0.3 5.4
v 2.3 0.3 5.3
v 2.3 0.3 1.5
v 2.3 0.3 1.4
v 2.3 0.4 5.4
v 2.3 0.4 5.3
v 2.4 0.1 -6
v 2.4 0.1 -6.1
v 2.4 0.2 -6
v 2.4 0.2 -6.1
v 2.4 0.3 5.5
v 2.4 0.3 5.4
v 2.4 0.4 5.5
v 2.4 0.4 5.4
v 2.5 0.1 -5.9
v 2.5 0.1 -6
v 2.5 0.2 1.6
v 2.5 0.2 1.5
v 2.5 0.2 -5.9
v 2.5 0.2 -6
v 2.5 0.3 5.6
v 2.5 0.3 5.5
v 2.5 0.3 1.6
v 2.5 0.3 1.5
v 2.5 0.4 5.6
v 2.5 0.4 5.5
v 2.6 0.1 -5.8
v 2.6 0.1 -5.9
v 2.6 0.2 1.7
v 2.6 0.2 1.6
v 2.6 0.2 -5.8
v 2.6 0.2 -5.9
v 2.6 0.3 5.7
v 2.6 0.3 5.6
v 2.6 0.3 1.7
v 2.6 0.3 1.6
v 2.6 0.4 5.7
v 2.6 0.4 5.6
v 2.7 0.1 -5.7
v 2.7 0.1 -5.8
v 2.7 0.2 1.8
v 2.7 0.2 1.7
v 2.7 0.2 -5.7
v 2.7 0.2 -5.8
v 2.7 0.3 5.8
v 2.7 0.3 5.7
v 2.7 0.3 1.8
v 2.7 0.3 1.7
v 2.7 0.4 5.8
v 2.7 0.4 5.7
v 2.8 0.1 -5.5
v 2.8 0.1 -5.7
v 2.8 0.2 2
v 2.8 0.2 1.8
v 2.8 0.2 -5.5
v 2.8 0.2 -5.7
v 2.8 0.3 5.9
v 2.8 0.3 5.8
v 2.8 0.3 2
v 2.8 0.3 1.8
v 2.8 0.4 5.9
v 2.8 0.4 5.8
v 2.9 0.1 -5.4
v 2.9 0.1 -5.5
v 2.9 0.2 2.1
v 2.9 0.2 2
v 2.9 0.2 -5.4
v 2.9 0.2 -5.5
v 2.9 0.3 6
v 2.9 0.3 5.9
v 2.9 0.3 2.1
v 2.9 0.3 2
v 2.9 0.4 6
v 2.9 0.4 5.9
v 3 0.1 -5.3
v 3 0.1 -5.4
v 3 0.2 2.2
v 3 0.2 2.1
v 3 0.2 -5.3
v 3 0.2 -5.4
v 3 0.3 6.1
v 3 0.3 6
v 3 0.3 2.2
v 3 0.3 2.1
v 3 0.4 6.1
v 3 0.4 6
v 3.1 0.1 -5.1
v 3.1 0.1 -5.3
v 3.1 0.2 -5.1
v 3.1 0.2 -5.3
v 3.1 0.3 6.2
v 3.1 0.3 6.1
v 3.1 0.4 6.2
v 3.1 0.4 6.1
v 3.2 0.1 -5
v 3.2 0.1 -5.1
v 3.2 0.2 2.3
v 3.2 0.2 2.2
v 3.2 0.2 -5
v 3.2 0.2 -5.1
v 3.2 0.3 6.3
v 3.2 0.3 6.2
v 3.2 0.3 2.3
v 3.2 0.3 2.2
v 3.2 0.4 6.3
v 3.2 0.4 6.2
v 3.3 0.1 -4.9
v 3.3 0.1 -5
v 3.3 0.2 2.4
v 3.3 0.2 2.3
v 3.3 0.2 -4.9
v 3.3 0.2 -5
v 3.3 0.3 6.5
v 3.3 0.3 6.3
v 3.3 0.3 2.4
v 3.3 0.3 2.3
v 3.3 0.4 6.5
v 3.3 0.4 6.3
v 3.4 0.1 -4.7
v 3.4 0.1 -4.9
v 3.4 0.2 2.5
v 3.4 0.2 2.4
v 3.4 0.2 -4.7
v 3.4 0.2 -4.9
v 3.4 0.3 6.7
v 3.4 0.3 6.5
v 3.4 0.3 2.5
v 3.4 0.3 2.4
v 3.4 0.4 6.7
v 3.4 0.4 6.5
v 3.5 0.1 -4.6
v 3.5 0.1 -4.7
v 3.5 0.2 2.6
v 3.5 0.2 2.5
v 3.5 0.2 -4.6
v 3.5 0.2 -4.7
v 3.5 0.3 6.8
v 3.5 0.3 6.7
v 3.5 0.3 2.6
v 3.5 0.3 2.5
v 3.5 0.4 6.8
v 3.5 0.4 6.7
v 3.6 0.1 -4.5
v 3.6 0.1 -4.6
v 3.6 0.2 2.7
v 3.6 0.2 2.6
v 3.6 0.2 -4.5
v 3.6 0.2 -4.6
v 3.6 0.3 6.9
v 3.6 0.3 6.8
v 3.6 0.3 2.7
v 3.6 0.3 2.6
v 3.6 0.4 6.9
v 3.6 0.4 6.8
v 3.7 0.1 -4.3
v 3.7 0.1 -4.5
v 3.7 0.2 2.8
v 3.7 0.2 2.7
v 3.7 0.2 -4.3
v 3.7 0.2 -4.5
v 3.7 0.3 7.1
v 3.7 0.3 6.9
v 3.7 0.3 2.8
v 3.7 0.3 2.7
v 3.7 0.4 7.1
v 3.7 0.4 6.9
v 3.8 0.1 -4.1
v 3.8 0.1 -4.3
v 3.8 0.2 2.9
v 3.8 0.2 2.8
v 3.8 0.2 -4.1
v 3.8 0.2 -4.3
v 3.8 0.3 7.3
v 3.8 0.3 7.1
v 3.8 0.3 2.9
v 3.8 0.3 2.8
v 3.8 0.4 7.3
v 3.8 0.4 7.1
v 3.9 0.1 -4
v 3.9 0.1 -4.1
v 3.9 0.2 3
v 3.9 0.2 2.9
v 3.9 0.2 -4
v 3.9 0.2 -4.1
v 3.9 0.3 7.5
v 3.9 0.3 7.3
v 3.9 0.3 3
v 3.9 0.3 2.9
v 3.9 0.4 7.5
v 3.9 0.4 7.3
v 4 0.1 -3.8
v 4 0.1 -4
v 4 0.2 3.1
v 4 0.2 3
v 4 0.2 -3.8
v 4 0.2 -4
v 4 0.3 7.7
v 4 0.3 7.5
v 4 0.3 3.1
v 4 0.3 3
v 4 0.4 7.7
v 4 0.4 7.5
v 4.1 0.1 -3.5
v 4.1 0.1 -3.6
v 4.1 0.1 -3.7
v 4.1 0.1 -3.8
v 4.1 0.2 -3.5
v 4.1 0.2 -3.6
v 4.1 0.2 -3.7
v 4.1 0.2 -3.8
v 4.1 0.3 7.9
v 4.1 0.3 7.7
v 4.1 0.4 7.9
v 4.1 0.4 7.7
v 4.2 0.1 -3.3
v 4.2 0.1 -3.5
v 4.2 0.2 3.2
v 4.2 0.2 3.1
v 4.2 0.2 -3.3
v 4.2 0.2 -3.5
v 4.2 0.3 8
v 4.2 0.3 7.9
v 4.2 0.3 3.2
v 4.2 0.3 3.1
v 4.2 0.4 8
v 4.2 0.4 7.9
v 4.3 0.1 -3.1
v 4.3 0.1 -3.3
v 4.3 0.2 3.3
v 4.3 0.2 3.2
v 4.3 0.2 -3.1
v 4.3 0.2 -3.3
v 4.3 0.3 12.8
v 4.3 0.3 12.6
v 4.3 0.3 8.2
v 4.3 0.3 8
v 4.3 0.3 3.3
v 4.3 0.3 3.2
v 4.3 0.4 12.8
v 4.3 0.4 12.6
v 4.3 0.4 8.2
v 4.3 0.4 8
v 4.4 0.1 -2.7
v 4.4 0.1 -3.1
v 4.4 0.2 3.5
v 4.4 0.2 3.3
v 4.4 0.2 -2.7
v 4.4 0.2 -3.1
v 4.4 0.3 12.6
v 4.4 0.3 11.7
v 4.4 0.3 8.4
v 4.4 0.3 8.2
v 4.4 0.3 3.5
v 4.4 0.3 3.3
v 4.4 0.4 12.6
v 4.4 0.4 11.7
v 4.4 0.4 8.4
v 4.4 0.4 8.2
v 4.5 0.1 -2.3
v 4.5 0.1 -2.7
v 4.5 0.2 3.6
v 4.5 0.2 3.5
v 4.5 0.2 -2.3
v 4.5 0.2 -2.7
v 4.5 0.3 11.7
v 4.5 0.3 11.6
v 4.5 0.3 11.3
v 4.5 0.3 8.6
v 4.5 0.3 8.4
v 4.5 0.3 3.6
v 4.5 0.3 3.5
v 4.5 0.4 11.7
v 4.5 0.4 11.6
v 4.5 0.4 11.3
v 4.5 0.4 8.6
v 4.5 0.4 8.4
v 4.6 0.1 -1.6
v 4.6 0.1 -1.8
v 4.6 0.1 -1.9
v 4.6 0.1 -2.3
v 4.6 0.2 3.7
v 4.6 0.2 3.6
v 4.6 0.2 -1.6
v 4.6 0.2 -1.8
v 4.6 0.2 -1.9
v 4.6 0.2 -2.3
v 4.6 0.3 11.3
v 4.6 0.3 10.9
v 4.6 0.3 9
v 4.6 0.3 8.6
v 4.6 0.3 3.7
v 4.6 0.3 3.6
v 4.6 0.4 11.3
v 4.6 0.4 10.9
v 4.6 0.4 9
v 4.6 0.4 8.6
v 4.7 0.1 -0.799999
v 4.7 0.1 -1.6
v 4.7 0.2 3.8
v 4.7 0.2 3.7
v 4.7 0.2 -0.799999
v 4.7 0.2 -1.6
v 4.7 0.3 10.9
v 4.7 0.3 9
v 4.7 0.3 3.8
v 4.7 0.3 3.7
v 4.7 0.4 10.9
v 4.7 0.4 9
v 4.8 0.1 -0.5
v 4.8 0.1 -0.799999
v 4.8 0.2 4
v 4.8 0.2 3.8
v 4.8 0.2 -0.5
v 4.8 0.2 -0.799999
v 4.8 0.3 4
v 4.8 0.3 3.8
v 4.9 0.1 -0.299999
v 4.9 0.1 -0.5
v 4.9 0.2 4.1
v 4.9 0.2 4
v 4.9 0.2 -0.299999
v 4.9 0.2 -0.5
v 4.9 0.3 4.1
v 4.9 0.3 4
v 5 0.1 -0.0999994
v 5 0.1 -0.299999
v 5 0.2 4.2
v 5 0.2 4.1
v 5 0.2 -0.0999994
v 5 0.2 -0.299999
v 5 0.3 4.2
v 5 0.3 4.1
v 5.1 0.1 0.1
v 5.1 0.1 -0.0999994
v 5.1 0.2 4.3
v 5.1 0.2 4.2
v 5.1 0.2 0.1
v 5.1 0.2 -0.0999994
v 5.1 0.3 4.3
v 5.1 0.3 4.2
v 5.2 0.1 0.200001
v 5.2 0.1 0.1
v 5.2 0.2 4.4
v 5.2 0.2 4.3
v 5.2 0.2 0.200001
v 5.2 0.2 0.1
v 5.2 0.3 4.4
v 5.2 0.3 4.3
v 5.3 0.1 0.3
v 5.3 0.1 0.200001
v 5.3 0.2 4.5
v 5.3 0.2 4.4
v 5.3 0.2 0.3
v 5.3 0.2 0.200001
v 5.3 0.3 4.5
v 5.3 0.3 4.4
v 5.4 0.1 0.400001
v 5.4 0.1 0.3
v 5.4 0.2 4.7
v 5.4 0.2 4.5
v 5.4 0.2 0.400001
v 5.4 0.2 0.3
v 5.4 0.3 4.7
v 5.4 0.3 4.5
v 5.5 0.1 0.5
v 5.5 0.1 0.400001
v 5.5 0.2 4.9
v 5.5 0.2 4.7
v 5.5 0.2 0.5
v 5.5 0.2 0.400001
v 5.5 0.3 4.9
v 5.5 0.3 4.7
v 5.6 0.1 0.6
v 5.6 0.1 0.5
v 5.6 0.2 5
v 5.6 0.2 4.9
v 5.6 0.2 0.6
v 5.6 0.2 0.5
v 5.6 0.3 5
v 5.6 0.3 4.9
v 5.7 0.1 0.700001
v 5.7 0.1 0.6
v 5.7 0.2 5.2
v 5.7 0.2 5
v 5.7 0.2 0.700001
v 5.7 0.2 0.6
v 5.7 0.3 5.2
v 5.7 0.3 5
v 5.8 0.1 0.8
v 5.8 0.1 0.700001
v 5.8 0.2 5.4
v 5.8 0.2 5.2
v 5.8 0.2 0.8
v 5.8 0.2 0.700001
v 5.8 0.3 5.4
v 5.8 0.3 5.2
v 5.9 0.1 0.900001
v 5.9 0.1 0.8
v 5.9 0.2 5.7
v 5.9 0.2 5.4
v 5.9 0.2 0.900001
v 5.9 0.2 0.8
v 5.9 0.3 5.7
v 5.9 0.3 5.4
v 6 0.1 1
v 6 0.1 0.900001
v 6 0.2 5.9
v 6 0.2 5.7
v 6 0.2 1
v 6 0.2 0.900001
v 6 0.3 5.9
v 6 0.3 5.7
v 6.1 0.1 1.2
v 6.1 0.1 1
v 6.1 0.2 6.1
v 6.1 0.2 5.9
v 6.1 0.2 1.2
v 6.1 0.2 1
v 6.1 0.3 6.1
v 6.1 0.3 5.9
v 6.2 0.1 1.3
v 6.2 0.1 1.2
v 6.2 0.2 6.3
v 6.2 0.2 6.1
v 6.2 0.2 1.3
v 6.2 0.2 1.2
v 6.2 0.3 6.3
v 6.2 0.3 6.1
v 6.3 0.1 1.5
v 6.3 0.1 1.3
v 6.3 0.2 6.5
v 6.3 0.2 6.3
v 6.3 0.2 1.5
v 6.3 0.2 1.3
v 6.3 0.3 6.5
v 6.3 0.3 6.3
v 6.4 0.1 1.7
v 6.4 0.1 1.5
v 6.4 0.2 6.7
v 6.4 0.2 6.5
v 6.4 0.2 1.7
v 6.4 0.2 1.5
v 6.4 0.3 6.7
v 6.4 0.3 6.5
v 6.5 0.1 2
v 6.5 0.1 1.7
v 6.5 0.2 6.9
v 6.5 0.2 6.7
v 6.5 0.2 2
v 6.5 0.2 1.7
v 6.5 0.3 6.9
v 6.5 0.3 6.7
v 6.6 0.1 2.2
v 6.6 0.1 2
v 6.6 0.2 7.1
v 6.6 0.2 6.9
v 6.6 0.2 2.2
v 6.6 0.2 2
v 6.6 0.3 7.1
v 6.6 0.3 6.9
v 6.7 0.1 2.4
v 6.7 0.1 2.2
v 6.7 0.2 7.3
v 6.7 0.2 7.1
v 6.7 0.2 2.4
v 6.7 0.2 2.2
v 6.7 0.3 7.3
v 6.7 0.3 7.1
v 6.8 0.1 2.5
v 6.8 0.1 2.4
v 6.8 0.2 7.5
v 6.8 0.2 7.3
v 6.8 0.2 2.5
v 6.8 0.2 2.4
v 6.8 0.3 7.5
v 6.8 0.3 7.3
v 6.9 0.1 2.7
v 6.9 0.1 2.5
v 6.9 0.2 7.6
v 6.9 0.2 7.5
v 6.9 0.2 2.7
v 6.9 0.2 2.5
v 6.9 0.3 7.6
v 6.9 0.3 7.5
v 7 0.1 2.9
v 7 0.1 2.7
v 7 0.2 7.7
v 7 0.2 7.6
v 7 0.2 2.9
v 7 0.2 2.7
v 7 0.3 7.7
v 7 0.3 7.6
v 7.1 0.1 3.1
v 7.1 0.1 2.9
v 7.1 0.2 7.9
v 7.1 0.2 7.7
v 7.1 0.2 3.1
v 7.1 0.2 2.9
v 7.1 0.3 7.9
v 7.1 0.3 7.7
v 7.2 0.1 3.5
v 7.2 0.1 3.1
v 7.2 0.2 8
v 7.2 0.2 7.9
v 7.2 0.2 3.5
v 7.2 0.2 3.1
v 7.2 0.3 8
v 7.2 0.3 7.9
v 7.3 0.1 3.7
v 7.3 0.1 3.5
v 7.3 0.2 8.1
v 7.3 0.2 8
v 7.3 0.2 3.7
v 7.3 0.2 3.5
v 7.3 0.3 8.1
v 7.3 0.3 8
v 7.4 0.1 3.9
v 7.4 0.1 3.7
v 7.4 0.2 3.9
v 7.4 0.2 3.7
v 7.5 0.1 4.1
v 7.5 0.1 3.9
v 7.5 0.2 8.2
v 7.5 0.2 8.1
v 7.5 0.2 4.1
v 7.5 0.2 3.9
v 7.5 0.3 8.2
v 7.5 0.3 8.1
v 7.6 0.1 4.4
v 7.6 0.1 4.1
v 7.6 0.2 8.4
v 7.6 0.2 8.2
v 7.6 0.2 4.4
v 7.6 0.2 4.1
v 7.6 0.3 8.4
v 7.6 0.3 8.2
v 7.7 0.1 4.6
v 7.7 0.1 4.4
v 7.7 0.2 8.5
v 7.7 0.2 8.4
v 7.7 0.2 4.6
v 7.7 0.2 4.4
v 7.7 0.3 8.5
v 7.7 0.3 8.4
v 7.8 0.1 4.9
v 7.8 0.1 4.6
v 7.8 0.2 8.6
v 7.8 0.2 8.5
v 7.8 0.2 4.9
v 7.8 0.2 4.6
v 7.8 0.3 8.6
v 7.8 0.3 8.5
v 7.9 0.1 5.2
v 7.9 0.1 4.9
v 7.9 0.2 8.8
v 7.9 0.2 8.6
v 7.9 0.2 5.2
v 7.9 0.2 4.9
v 7.9 0.3 8.8
v 7.9 0.3 8.6
v 8 0.1 5.4
v 8 0.1 5.2
v 8 0.2 8.9
v 8 0.2 8.8
v 8 0.2 5.4
v 8 0.2 5.2
v 8 0.3 8.9
v 8 0.3 8.8
v 8.1 0.1 5.6
v 8.1 0.1 5.4
v 8.1 0.2 9
v 8.1 0.2 8.9
v 8.1 0.2 5.6
v 8.1 0.2 5.4
v 8.1 0.3 9
v 8.1 0.3 8.9
v 8.2 0.1 5.9
v 8.2 0.1 5.6
v 8.2 0.2 9.1
v 8.2 0.2 9
v 8.2 0.2 5.9
v 8.2 0.2 5.6
v 8.2 0.3 9.1
v 8.2 0.3 9
v 8.3 0.1 6.1
v 8.3 0.1 5.9
v 8.3 0.2 9.3
v 8.3 0.2 9.1
v 8.3 0.2 6.1
v 8.3 0.2 5.9
v 8.3 0.3 9.3
v 8.3 0.3 9.1
v 8.4 0.1 6.2
v 8.4 0.1 6.1
v 8.4 0.2 9.4
v 8.4 0.2 9.3
v 8.4 0.2 6.2
v 8.4 0.2 6.1
v 8.4 0.3 9.4
v 8.4 0.3 9.3
v 8.5 0.1 6.4
v 8.5 0.1 6.2
v 8.5 0.2 9.5
v 8.5 0.2 9.4
v 8.5 0.2 6.4
v 8.5 0.2 6.2
v 8.5 0.3 9.5
v 8.5 0.3 9.4
v 8.6 0.1 6.6
v 8.6 0.1 6.4
v 8.6 0.2 9.6
v 8.6 0.2 9.5
v 8.6 0.2 6.6
v 8.6 0.2 6.4
v 8.6 0.3 9.6
v 8.6 0.3 9.5
v 8.7 0.1 6.7
v 8.7 0.1 6.6
v 8.7 0.2 9.8
v 8.7 0.2 9.6
v 8.7 0.2 6.7
v 8.7 0.2 6.6
v 8.7 0.3 9.8
v 8.7 0.3 9.6
v 8.8 0.1 6.8
v 8.8 0.1 6.7
v 8.8 0.2 9.9
v 8.8 0.2 9.8
v 8.8 0.2 6.8
v 8.8 0.2 6.7
v 8.8 0.3 9.9
v 8.8 0.3 9.8
v 8.9 0.1 6.9
v 8.9 0.1 6.8
v 8.9 0.2 10.4
v 8.9 0.2 9.9
v 8.9 0.2 6.9
v 8.9 0.2 6.8
v 8.9 0.3 10.4
v 8.9 0.3 9.9
v 9 0.1 7
v 9 0.1 6.9
v 9 0.2 10.6
v 9 0.2 10.4
v 9 0.2 7
v 9 0.2 6.9
v 9 0.3 10.6
v 9 0.3 10.4
v 9.1 0.1 7.1
v 9.1 0.1 7
v 9.1 0.2 10.7
v 9.1 0.2 10.6
v 9.1 0.2 7.1
v 9.1 0.2 7
v 9.1 0.3 10.7
v 9.1 0.3 10.6
v 9.2 0.1 7.2
v 9.2 0.1 7.1
v 9.2 0.2 10.9
v 9.2 0.2 10.7
v 9.2 0.2 7.2
v 9.2 0.2 7.1
v 9.2 0.3 10.9
v 9.2 0.3 10.7
v 9.3 0.1 7.3
v 9.3 0.1 7.2
v 9.3 0.2 11.1
v 9.3 0.2 11
v 9.3 0.2 10.9
v 9.3 0.2 7.3
v 9.3 0.2 7.2
v 9.3 0.3 11.1
v 9.3 0.3 11
v 9.3 0.3 10.9
v 9.4 0.1 7.4
v 9.4 0.1 7.3
v 9.4 0.2 11.5
v 9.4 0.2 11.2
v 9.4 0.2 11.1
v 9.4 0.2 7.4
v 9.4 0.2 7.3
v 9.4 0.3 11.5
v 9.4 0.3 11.2
v 9.4 0.3 11.1
v 9.5 0.1 7.5
v 9.5 0.1 7.4
v 9.5 0.2 11.7
v 9.5 0.2 11.5
v 9.5 0.2 7.5
v 9.5 0.2 7.4
v 9.5 0.3 11.7
v 9.5 0.3 11.5
v 9.6 0.1 7.6
v 9.6 0.1 7.5
v 9.6 0.2 12.3
v 9.6 0.2 11.7
v 9.6 0.2 7.6
v 9.6 0.2 7.5
v 9.6 0.3 12.3
v 9.6 0.3 11.7
v 9.7 0.1 7.7
v 9.7 0.1 7.6
v 9.7 0.2 12.8
v 9.7 0.2 12.3
v 9.7 0.2 7.7
v 9.7 0.2 7.6
v 9.7 0.3 12.8
v 9.7 0.3 12.3
v 9.8 0.1 7.8
v 9.8 0.1 7.7
v 9.8 0.2 7.8
v 9.8 0.2 7.7
v 9.9 0.1 7.9
v 9.9 0.1 7.8
v 9.9 0.2 7.9
v 9.9 0.2 7.8
v 10 0.1 8
v 10 0.1 7.9
v 10 0.2 8
v 10 0.2 7.9
v 10.1 0.1 8.1
v 10.1 0.1 8
v 10.1 0.2 8.1
v 10.1 0.2 8
v 10.2 0.1 8.3
v 10.2 0.1 8.1
v 10.2 0.2 8.3
v 10.2 0.2 8.1
v 10.3 0.1 8.4
v 10.3 0.1 8.3
v 10.3 0.2 8.4
v 10.3 0.2 8.3
v 10.4 0.1 8.5
v 10.4 0.1 8.4
v 10.4 0.2 8.5
v 10.4 0.2 8.4
v 10.5 0.1 8.6
v 10.5 0.1 8.5
v 10.5 0.2 8.6
v 10.5 0.2 8.5
v 10.6 0.1 8.7
v 10.6 0.1 8.6
v 10.6 0.2 8.7
v 10.6 0.2 8.6
v 10.7 0.1 8.8
v 10.7 0.1 8.7
v 10.7 0.2 8.8
v 10.7 0.2 8.7
v 10.8 0.1 12.8
v 10.8 0.1 12.7
v 10.8 0.1 8.9
v 10.8 0.1 8.8
v 10.8 0.2 12.8
v 10.8 0.2 12.7
v 10.8 0.2 8.9
v 10.8 0.2 8.8
v 10.9 0.1 12.7
v 10.9 0.1 12.4
v 10.9 0.1 9
v 10.9 0.1 8.9
v 10.9 0.2 12.7
v 10.9 0.2 12.4
v 10.9 0.2 9
v 10.9 0.2 8.9
v 11 0.1 12.4
v 11 0.1 12.1
v 11 0.1 11.8
v 11 0.1 11.7
v 11 0.1 9.2
v 11 0.1 9
v 11 0.2 12.4
v 11 0.2 12.1
v 11 0.2 11.8
v 11 0.2 11.7
v 11 0.2 9.2
v 11 0.2 9
v 11.1 0.1 12.1
v 11.1 0.1 11.8
v 11.1 0.1 11.7
v 11.1 0.1 11.1
v 11.1 0.1 9.3
v 11.1 0.1 9.2
v 11.1 0.2 12.1
v 11.1 0.2 11.8
v 11.1 0.2 11.7
v 11.1 0.2 11.1
v 11.1 0.2 9.3
v 11.1 0.2 9.2
v 11.2 0.1 11.1
v 11.2 0.1 10.6
v 11.2 0.1 9.6
v 11.2 0.1 9.3
v 11.2 0.2 11.1
v 11.2 0.2 10.6
v 11.2 0.2 9.6
v 11.2 0.2 9.3
v 11.3 0.1 10.6
v 11.3 0.1 10.4
v 11.3 0.1 10.3
v 11.3 0.1 9.6
v 11.3 0.2 10.6
v 11.3 0.2 10.4
v 11.3 0.2 10.3
v 11.3 0.2 9.6
v 12.8 0 12.8
v 12.8 0 -12.8
v 12.8 0.1 12.8
v 12.8 0.1 -12.8
v -12.8 0 12.8
v -12.8 0.4 12.8
v 4.3 0.3 12.8
v 4.3 0.4 12.8
v 9.7 0.2 12.8
v 9.7 0.3 12.8
v 10.8 0.1 12.8
v 10.8 0.2 12.8
v 12.8 0 12.8
v 12.8 0.1 12.8
v 10.8 0.1 12.7
v 10.8 0.2 12.7
v 10.9 0.1 12.7
v 10.9 0.2 12.7
v 4.3 0.3 12.6
v 4.3 0.4 12.6
v 4.4 0.3 12.6
v 4.4 0.4 12.6
v 10.9 0.1 12.4
v 10.9 0.2 12.4
v 11 0.1 12.4
v 11 0.2 12.4
v 11 0.1 12.1
v 11 0.2 12.1
v 11.1 0.1 12.1
v 11.1 0.2 12.1
v 4.4 0.3 11.7
v 4.4 0.4 11.7
v 4.5 0.3 11.7
v 4.5 0.4 11.7
v 11 0.1 11.7
v 11 0.2 11.7
v 11.1 0.1 11.7
v 11.1 0.2 11.7
v 4.5 0.3 11.3
v 4.5 0.4 11.3
v 4.6 0.3 11.3
v 4.6 0.4 11.3
v -3.3 0.4 11.2
v -3.3 0.5 11.2
v -2.1 0.4 11.2
v -2.1 0.5 11.2
v -8.7 0.4 11.1
v -8.7 0.5 11.1
v -6.4 0.4 11.1
v -6.4 0.5 11.1
v -4.4 0.4 11.1
v -4.4 0.5 11.1
v -3.7 0.4 11.1
v -3.7 0.5 11.1
v -3.6 0.4 11.1
v -3.6 0.5 11.1
v -3.3 0.4 11.1
v -3.3 0.5 11.1
v -2.1 0.4 11.1
v -2.1 0.5 11.1
v -1.3 0.4 11.1
v -1.3 0.5 11.1
v 11.1 0.1 11.1
v 11.1 0.2 11.1
v 11.2 0.1 11.1
v 11.2 0.2 11.1
v -9.2 0.4 11
v -9.2 0.5 11
v -8.7 0.4 11
v -8.7 0.5 11
v -6.4 0.4 11
v -6.4 0.5 11
v -4.4 0.4 11
v -4.4 0.5 11
v -1.3 0.4 11
v -1.3 0.5 11
v -0.8 0.4 11
v -0.8 0.5 11
v -9.4 0.4 10.9
v -9.4 0.5 10.9
v -9.2 0.4 10.9
v -9.2 0.5 10.9
v -0.8 0.4 10.9
v -0.8 0.5 10.9
v -0.5 0.4 10.9
v -0.5 0.5 10.9
v 4.6 0.3 10.9
v 4.6 0.4 10.9
v 4.7 0.3 10.9
v 4.7 0.4 10.9
v -9.6 0.4 10.8
v -9.6 0.5 10.8
v -9.4 0.4 10.8
v -9.4 0.5 10.8
v -0.5 0.4 10.8
v -0.5 0.5 10.8
v -0.3 0.4 10.8
v -0.3 0.5 10.8
v -9.8 0.4 10.7
v -9.8 0.5 10.7
v -9.6 0.4 10.7
v -9.6 0.5 10.7
v -0.3 0.4 10.7
v -0.3 0.5 10.7
v -0.1 0.4 10.7
v -0.1 0.5 10.7
v -9.9 0.4 10.6
v -9.9 0.5 10.6
v -9.8 0.4 10.6
v -9.8 0.5 10.6
v -0.1 0.4 10.6
v -0.1 0.5 10.6
v 0 0.4 10.6
v 0 0.5 10.6
v 11.2 0.1 10.6
v 11.2 0.2 10.6
v 11.3 0.1 10.6
v 11.3 0.2 10.6
v -10 0.4 10.5
v -10 0.5 10.5
v -9.9 0.4 10.5
v -9.9 0.5 10.5
v 0 0.4 10.5
v 0 0.5 10.5
v 0.0999994 0.4 10.5
v 0.0999994 0.5 10.5
v -10.1 0.4 10.4
v -10.1 0.5 10.4
v -10 0.4 10.4
v -10 0.5 10.4
v 0.0999994 0.4 10.4
v 0.0999994 0.5 10.4
v 0.2 0.4 10.4
v 0.2 0.5 10.4
v -10.2 0.4 10.3
v -10.2 0.5 10.3
v -10.1 0.4 10.3
v -10.1 0.5 10.3
v 0.2 0.4 10.3
v 0.2 0.5 10.3
v 0.299999 0.4 10.3
v 0.299999 0.5 10.3
v -10.3 0.4 10.2
v -10.3 0.5 10.2
v -10.2 0.4 10.2
v -10.2 0.5 10.2
v 0.299999 0.4 10.2
v 0.299999 0.5 10.2
v 0.4 0.4 10.2
v 0.4 0.5 10.2
v -10.4 0.4 10.1
v -10.4 0.5 10.1
v -10.3 0.4 10.1
v -10.3 0.5 10.1
v 0.4 0.4 10.1
v 0.4 0.5 10.1
v 0.5 0.4 10.1
v 0.5 0.5 10.1
v 0.599999 0.4 10.1
v 0.599999 0.5 10.1
v -10.5 0.4 10
v -10.5 0.5 10
v -10.4 0.4 10
v -10.4 0.5 10
v 0.599999 0.4 10
v 0.599999 0.5 10
v 0.7 0.4 10
v 0.7 0.5 10
v -10.6 0.4 9.9
v -10.6 0.5 9.9
v -10.5 0.4 9.9
v -10.5 0.5 9.9
v 0.7 0.4 9.9
v 0.7 0.5 9.9
v 0.799999 0.4 9.9
v 0.799999 0.5 9.9
v -10.7 0.4 9.8
v -10.7 0.5 9.8
v -10.6 0.4 9.8
v -10.6 0.5 9.8
v 0.799999 0.4 9.8
v 0.799999 0.5 9.8
v 1 0.4 9.8
v 1 0.5 9.8
v -10.8 0.4 9.7
v -10.8 0.5 9.7
v -10.7 0.4 9.7
v -10.7 0.5 9.7
v -10.9 0.4 9.6
v -10.9 0.5 9.6
v -10.8 0.4 9.6
v -10.8 0.5 9.6
v 1 0.4 9.6
v 1 0.5 9.6
v 1.1 0.4 9.6
v 1.1 0.5 9.6
v -11 0.4 9.5
v -11 0.5 9.5
v -10.9 0.4 9.5
v -10.9 0.5 9.5
v 1.1 0.4 9.4
v 1.1 0.5 9.4
v 1.2 0.4 9.4
v 1.2 0.5 9.4
v -11.1 0.4 9.3
v -11.1 0.5 9.3
v -11 0.4 9.3
v -11 0.5 9.3
v -11.2 0.4 9.2
v -11.2 0.5 9.2
v -11.1 0.4 9.2
v -11.1 0.5 9.2
v -11.3 0.4 9
v -11.3 0.5 9
v -11.2 0.4 9
v -11.2 0.5 9
v 1.2 0.4 9
v 1.2 0.5 9
v 1.3 0.4 9
v 1.3 0.5 9
v -11.4 0.4 8.8
v -11.4 0.5 8.8
v -11.3 0.4 8.8
v -11.3 0.5 8.8
v -11.5 0.4 8.6
v -11.5 0.5 8.6
v -11.4 0.4 8.6
v -11.4 0.5 8.6
v 1.3 0.4 8.6
v 1.3 0.5 8.6
v 1.4 0.4 8.6
v 1.4 0.5 8.6
v -11.6 0.4 8.4
v -11.6 0.5 8.4
v -11.5 0.4 8.4
v -11.5 0.5 8.4
v -11.7 0.4 8.1
v -11.7 0.5 8.1
v -11.6 0.4 8.1
v -11.6 0.5 8.1
v -11.8 0.4 6.6
v -11.8 0.5 6.6
v -11.7 0.4 6.6
v -11.7 0.5 6.6
v -11.9 0.4 5.7
v -11.9 0.5 5.7
v -11.8 0.4 5.7
v -11.8 0.5 5.7
v -12 0.4 4.7
v -12 0.5 4.7
v -11.9 0.4 4.7
v -11.9 0.5 4.7
v -12.1 0.4 4.1
v -12.1 0.5 4.1
v -12 0.4 4.1
v -12 0.5 4.1
v 9.6 0.2 12.3
v 9.6 0.3 12.3
v 9.7 0.2 12.3
v 9.7 0.3 12.3
v 11 0.1 11.8
v 11 0.2 11.8
v 11.1 0.1 11.8
v 11.1 0.2 11.8
v 9.5 0.2 11.7
v 9.5 0.3 11.7
v 9.6 0.2 11.7
v 9.6 0.3 11.7
v 9.4 0.2 11.5
v 9.4 0.3 11.5
v 9.5 0.2 11.5
v 9.5 0.3 11.5
v 9.3 0.2 11.1
v 9.3 0.3 11.1
v 9.4 0.2 11.1
v 9.4 0.3 11.1
v 9.2 0.2 10.9
v 9.2 0.3 10.9
v 9.3 0.2 10.9
v 9.3 0.3 10.9
v 9.1 0.2 10.7
v 9.1 0.3 10.7
v 9.2 0.2 10.7
v 9.2 0.3 10.7
v 9 0.2 10.6
v 9 0.3 10.6
v 9.1 0.2 10.6
v 9.1 0.3 10.6
v 8.9 0.2 10.4
v 8.9 0.3 10.4
v 9 0.2 10.4
v 9 0.3 10.4
v 8.8 0.2 9.9
v 8.8 0.3 9.9
v 8.9 0.2 9.9
v 8.9 0.3 9.9
v 8.7 0.2 9.8
v 8.7 0.3 9.8
v 8.8 0.2 9.8
v 8.8 0.3 9.8
v 8.6 0.2 9.6
v 8.6 0.3 9.6
v 8.7 0.2 9.6
v 8.7 0.3 9.6
v 11.2 0.1 9.6
v 11.2 0.2 9.6
v 11.3 0.1 9.6
v 11.3 0.2 9.6
v 8.5 0.2 9.5
v 8.5 0.3 9.5
v 8.6 0.2 9.5
v 8.6 0.3 9.5
v 8.4 0.2 9.4
v 8.4 0.3 9.4
v 8.5 0.2 9.4
v 8.5 0.3 9.4
v 8.3 0.2 9.3
v 8.3 0.3 9.3
v 8.4 0.2 9.3
v 8.4 0.3 9.3
v 11.1 0.1 9.3
v 11.1 0.2 9.3
v 11.2 0.1 9.3
v 11.2 0.2 9.3
v 11 0.1 9.2
v 11 0.2 9.2
v 11.1 0.1 9.2
v 11.1 0.2 9.2
v 8.2 0.2 9.1
v 8.2 0.3 9.1
v 8.3 0.2 9.1
v 8.3 0.3 9.1
v 4.6 0.3 9
v 4.6 0.4 9
v 4.7 0.3 9
v 4.7 0.4 9
v 8.1 0.2 9
v 8.1 0.3 9
v 8.2 0.2 9
v 8.2 0.3 9
v 10.9 0.1 9
v 10.9 0.2 9
v 11 0.1 9
v 11 0.2 9
v 8 0.2 8.9
v 8 0.3 8.9
v 8.1 0.2 8.9
v 8.1 0.3 8.9
v 10.8 0.1 8.9
v 10.8 0.2 8.9
v 10.9 0.1 8.9
v 10.9 0.2 8.9
v 7.9 0.2 8.8
v 7.9 0.3 8.8
v 8 0.2 8.8
v 8 0.3 8.8
v 10.7 0.1 8.8
v 10.7 0.2 8.8
v 10.8 0.1 8.8
v 10.8 0.2 8.8
v 10.6 0.1 8.7
v 10.6 0.2 8.7
v 10.7 0.1 8.7
v 10.7 0.2 8.7
v 4.5 0.3 8.6
v 4.5 0.4 8.6
v 4.6 0.3 8.6
v 4.6 0.4 8.6
v 7.8 0.2 8.6
v 7.8 0.3 8.6
v 7.9 0.2 8.6
v 7.9 0.3 8.6
v 10.5 0.1 8.6
v 10.5 0.2 8.6
v 10.6 0.1 8.6
v 10.6 0.2 8.6
v 7.7 0.2 8.5
v 7.7 0.3 8.5
v 7.8 0.2 8.5
v 7.8 0.3 8.5
v 10.4 0.1 8.5
v 10.4 0.2 8.5
v 10.5 0.1 8.5
v 10.5 0.2 8.5
v 4.4 0.3 8.4
v 4.4 0.4 8.4
v 4.5 0.3 8.4
v 4.5 0.4 8.4
v 7.6 0.2 8.4
v 7.6 0.3 8.4
v 7.7 0.2 8.4
v 7.7 0.3 8.4
v 10.3 0.1 8.4
v 10.3 0.2 8.4
v 10.4 0.1 8.4
v 10.4 0.2 8.4
v 10.2 0.1 8.3
v 10.2 0.2 8.3
v 10.3 0.1 8.3
v 10.3 0.2 8.3
v 4.3 0.3 8.2
v 4.3 0.4 8.2
v 4.4 0.3 8.2
v 4.4 0.4 8.2
v 7.5 0.2 8.2
v 7.5 0.3 8.2
v 7.6 0.2 8.2
v 7.6 0.3 8.2
v 7.3 0.2 8.1
v 7.3 0.3 8.1
v 7.5 0.2 8.1
v 7.5 0.3 8.1
v 10.1 0.1 8.1
v 10.1 0.2 8.1
v 10.2 0.1 8.1
v 10.2 0.2 8.1
v 4.2 0.3 8
v 4.2 0.4 8
v 4.3 0.3 8
v 4.3 0.4 8
v 7.2 0.2 8
v 7.2 0.3 8
v 7.3 0.2 8
v 7.3 0.3 8
v 10 0.1 8
v 10 0.2 8
v 10.1 0.1 8
v 10.1 0.2 8
v 4.1 0.3 7.9
v 4.1 0.4 7.9
v 4.2 0.3 7.9
v 4.2 0.4 7.9
v 7.1 0.2 7.9
v 7.1 0.3 7.9
v 7.2 0.2 7.9
v 7.2 0.3 7.9
v 9.9 0.1 7.9
v 9.9 0.2 7.9
v 10 0.1 7.9
v 10 0.2 7.9
v 1.3 0.4 7.8
v 1.3 0.5 7.8
v 1.4 0.4 7.8
v 1.4 0.5 7.8
v 9.8 0.1 7.8
v 9.8 0.2 7.8
v 9.9 0.1 7.8
v 9.9 0.2 7.8
v 4 0.3 7.7
v 4 0.4 7.7
v 4.1 0.3 7.7
v 4.1 0.4 7.7
v 7 0.2 7.7
v 7 0.3 7.7
v 7.1 0.2 7.7
v 7.1 0.3 7.7
v 9.7 0.1 7.7
v 9.7 0.2 7.7
v 9.8 0.1 7.7
v 9.8 0.2 7.7
v 6.9 0.2 7.6
v 6.9 0.3 7.6
v 7 0.2 7.6
v 7 0.3 7.6
v 9.6 0.1 7.6
v 9.6 0.2 7.6
v 9.7 0.1 7.6
v 9.7 0.2 7.6
v 3.9 0.3 7.5
v 3.9 0.4 7.5
v 4 0.3 7.5
v 4 0.4 7.5
v 6.8 0.2 7.5
v 6.8 0.3 7.5
v 6.9 0.2 7.5
v 6.9 0.3 7.5
v 9.5 0.1 7.5
v 9.5 0.2 7.5
v 9.6 0.1 7.5
v 9.6 0.2 7.5
v 9.4 0.1 7.4
v 9.4 0.2 7.4
v 9.5 0.1 7.4
v 9.5 0.2 7.4
v 3.8 0.3 7.3
v 3.8 0.4 7.3
v 3.9 0.3 7.3
v 3.9 0.4 7.3
v 6.7 0.2 7.3
v 6.7 0.3 7.3
v 6.8 0.2 7.3
v 6.8 0.3 7.3
v 9.3 0.1 7.3
v 9.3 0.2 7.3
v 9.4 0.1 7.3
v 9.4 0.2 7.3
v 1.2 0.4 7.2
v 1.2 0.5 7.2
v 1.3 0.4 7.2
v 1.3 0.5 7.2
v 9.2 0.1 7.2
v 9.2 0.2 7.2
v 9.3 0.1 7.2
v 9.3 0.2 7.2
v 1.1 0.4 7.1
v 1.1 0.5 7.1
v 1.2 0.4 7.1
v 1.2 0.5 7.1
v 3.7 0.3 7.1
v 3.7 0.4 7.1
v 3.8 0.3 7.1
v 3.8 0.4 7.1
v 6.6 0.2 7.1
v 6.6 0.3 7.1
v 6.7 0.2 7.1
v 6.7 0.3 7.1
v 9.1 0.1 7.1
v 9.1 0.2 7.1
v 9.2 0.1 7.1
v 9.2 0.2 7.1
v 1 0.4 7
v 1 0.5 7
v 1.1 0.4 7
v 1.1 0.5 7
v 9 0.1 7
v 9 0.2 7
v 9.1 0.1 7
v 9.1 0.2 7
v 0.9 0.4 6.9
v 0.9 0.5 6.9
v 1 0.4 6.9
v 1 0.5 6.9
v 3.6 0.3 6.9
v 3.6 0.4 6.9
v 3.7 0.3 6.9
v 3.7 0.4 6.9
v 6.5 0.2 6.9
v 6.5 0.3 6.9
v 6.6 0.2 6.9
v 6.6 0.3 6.9
v 8.9 0.1 6.9
v 8.9 0.2 6.9
v 9 0.1 6.9
v 9 0.2 6.9
v 0.799999 0.4 6.8
v 0.799999 0.5 6.8
v 0.9 0.4 6.8
v 0.9 0.5 6.8
v 3.5 0.3 6.8
v 3.5 0.4 6.8
v 3.6 0.3 6.8
v 3.6 0.4 6.8
v 8.8 0.1 6.8
v 8.8 0.2 6.8
v 8.9 0.1 6.8
v 8.9 0.2 6.8
v 0.7 0.4 6.7
v 0.7 0.5 6.7
v 0.799999 0.4 6.7
v 0.799999 0.5 6.7
v 3.4 0.3 6.7
v 3.4 0.4 6.7
v 3.5 0.3 6.7
v 3.5 0.4 6.7
v 6.4 0.2 6.7
v 6.4 0.3 6.7
v 6.5 0.2 6.7
v 6.5 0.3 6.7
v 8.7 0.1 6.7
v 8.7 0.2 6.7
v 8.8 0.1 6.7
v 8.8 0.2 6.7
v 0.599999 0.4 6.6
v 0.599999 0.5 6.6
v 0.7 0.4 6.6
v 0.7 0.5 6.6
v 8.6 0.1 6.6
v 8.6 0.2 6.6
v 8.7 0.1 6.6
v 8.7 0.2 6.6
v 0.5 0.4 6.5
v 0.5 0.5 6.5
v 0.599999 0.4 6.5
v 0.599999 0.5 6.5
v 3.3 0.3 6.5
v 3.3 0.4 6.5
v 3.4 0.3 6.5
v 3.4 0.4 6.5
v 6.3 0.2 6.5
v 6.3 0.3 6.5
v 6.4 0.2 6.5
v 6.4 0.3 6.5
v 0.299999 0.4 6.4
v 0.299999 0.5 6.4
v 0.5 0.4 6.4
v 0.5 0.5 6.4
v 8.5 0.1 6.4
v 8.5 0.2 6.4
v 8.6 0.1 6.4
v 8.6 0.2 6.4
v 0.2 0.4 6.3
v 0.2 0.5 6.3
v 0.299999 0.4 6.3
v 0.299999 0.5 6.3
v 3.2 0.3 6.3
v 3.2 0.4 6.3
v 3.3 0.3 6.3
v 3.3 0.4 6.3
v 6.2 0.2 6.3
v 6.2 0.3 6.3
v 6.3 0.2 6.3
v 6.3 0.3 6.3
v 0 0.4 6.2
v 0 0.5 6.2
v 0.2 0.4 6.2
v 0.2 0.5 6.2
v 3.1 0.3 6.2
v 3.1 0.4 6.2
v 3.2 0.3 6.2
v 3.2 0.4 6.2
v 8.4 0.1 6.2
v 8.4 0.2 6.2
v 8.5 0.1 6.2
v 8.5 0.2 6.2
v -0.1 0.4 6.1
v -0.1 0.5 6.1
v 0 0.4 6.1
v 0 0.5 6.1
v 3 0.3 6.1
v 3 0.4 6.1
v 3.1 0.3 6.1
v 3.1 0.4 6.1
v 6.1 0.2 6.1
v 6.1 0.3 6.1
v 6.2 0.2 6.1
v 6.2 0.3 6.1
v 8.3 0.1 6.1
v 8.3 0.2 6.1
v 8.4 0.1 6.1
v 8.4 0.2 6.1
v -0.200001 0.4 6
v -0.200001 0.5 6
v -0.1 0.4 6
v -0.1 0.5 6
v 2.9 0.3 6
v 2.9 0.4 6
v 3 0.3 6
v 3 0.4 6
v -0.400001 0.4 5.9
v -0.400001 0.5 5.9
v -0.200001 0.4 5.9
v -0.200001 0.5 5.9
v 2.8 0.3 5.9
v 2.8 0.4 5.9
v 2.9 0.3 5.9
v 2.9 0.4 5.9
v 6 0.2 5.9
v 6 0.3 5.9
v 6.1 0.2 5.9
v 6.1 0.3 5.9
v 8.2 0.1 5.9
v 8.2 0.2 5.9
v 8.3 0.1 5.9
v 8.3 0.2 5.9
v -0.6 0.4 5.8
v -0.6 0.5 5.8
v -0.400001 0.4 5.8
v -0.400001 0.5 5.8
v 2.7 0.3 5.8
v 2.7 0.4 5.8
v 2.8 0.3 5.8
v 2.8 0.4 5.8
v -0.8 0.4 5.7
v -0.8 0.5 5.7
v -0.6 0.4 5.7
v -0.6 0.5 5.7
v 2.6 0.3 5.7
v 2.6 0.4 5.7
v 2.7 0.3 5.7
v 2.7 0.4 5.7
v 5.9 0.2 5.7
v 5.9 0.3 5.7
v 6 0.2 5.7
v 6 0.3 5.7
v -0.900001 0.4 5.6
v -0.900001 0.5 5.6
v -0.8 0.4 5.6
v -0.8 0.5 5.6
v 2.5 0.3 5.6
v 2.5 0.4 5.6
v 2.6 0.3 5.6
v 2.6 0.4 5.6
v 8.1 0.1 5.6
v 8.1 0.2 5.6
v 8.2 0.1 5.6
v 8.2 0.2 5.6
v -1.1 0.4 5.5
v -1.1 0.5 5.5
v -0.900001 0.4 5.5
v -0.900001 0.5 5.5
v 2.4 0.3 5.5
v 2.4 0.4 5.5
v 2.5 0.3 5.5
v 2.5 0.4 5.5
v -1.2 0.4 5.4
v -1.2 0.5 5.4
v -1.1 0.4 5.4
v -1.1 0.5 5.4
v 2.3 0.3 5.4
v 2.3 0.4 5.4
v 2.4 0.3 5.4
v 2.4 0.4 5.4
v 5.8 0.2 5.4
v 5.8 0.3 5.4
v 5.9 0.2 5.4
v 5.9 0.3 5.4
v 8 0.1 5.4
v 8 0.2 5.4
v 8.1 0.1 5.4
v 8.1 0.2 5.4
v -1.4 0.4 5.3
v -1.4 0.5 5.3
v -1.2 0.4 5.3
v -1.2 0.5 5.3
v 2.2 0.3 5.3
v 2.2 0.4 5.3
v 2.3 0.3 5.3
v 2.3 0.4 5.3
v -1.5 0.4 5.2
v -1.5 0.5 5.2
v -1.4 0.4 5.2
v -1.4 0.5 5.2
v 2.1 0.3 5.2
v 2.1 0.4 5.2
v 2.2 0.3 5.2
v 2.2 0.4 5.2
v 5.7 0.2 5.2
v 5.7 0.3 5.2
v 5.8 0.2 5.2
v 5.8 0.3 5.2
v 7.9 0.1 5.2
v 7.9 0.2 5.2
v 8 0.1 5.2
v 8 0.2 5.2
v -1.6 0.4 5.1
v -1.6 0.5 5.1
v -1.5 0.4 5.1
v -1.5 0.5 5.1
v 2 0.3 5.1
v 2 0.4 5.1
v 2.1 0.3 5.1
v 2.1 0.4 5.1
v -1.7 0.4 5
v -1.7 0.5 5
v -1.6 0.4 5
v -1.6 0.5 5
v 1.8 0.3 5
v 1.8 0.4 5
v 2 0.3 5
v 2 0.4 5
v 5.6 0.2 5
v 5.6 0.3 5
v 5.7 0.2 5
v 5.7 0.3 5
v -1.9 0.4 4.9
v -1.9 0.5 4.9
v -1.7 0.4 4.9
v -1.7 0.5 4.9
v 1.6 0.3 4.9
v 1.6 0.4 4.9
v 1.8 0.3 4.9
v 1.8 0.4 4.9
v 5.5 0.2 4.9
v 5.5 0.3 4.9
v 5.6 0.2 4.9
v 5.6 0.3 4.9
v 7.8 0.1 4.9
v 7.8 0.2 4.9
v 7.9 0.1 4.9
v 7.9 0.2 4.9
v -2 0.4 4.8
v -2 0.5 4.8
v -1.9 0.4 4.8
v -1.9 0.5 4.8
v 1.5 0.3 4.8
v 1.5 0.4 4.8
v 1.6 0.3 4.8
v 1.6 0.4 4.8
v -2.1 0.4 4.7
v -2.1 0.5 4.7
v -2 0.4 4.7
v -2 0.5 4.7
v 1.3 0.3 4.7
v 1.3 0.4 4.7
v 1.5 0.3 4.7
v 1.5 0.4 4.7
v 5.4 0.2 4.7
v 5.4 0.3 4.7
v 5.5 0.2 4.7
v 5.5 0.3 4.7
v -2.2 0.4 4.6
v -2.2 0.5 4.6
v -2.1 0.4 4.6
v -2.1 0.5 4.6
v 1.2 0.3 4.6
v 1.2 0.4 4.6
v 1.3 0.3 4.6
v 1.3 0.4 4.6
v 7.7 0.1 4.6
v 7.7 0.2 4.6
v 7.8 0.1 4.6
v 7.8 0.2 4.6
v -2.3 0.4 4.5
v -2.3 0.5 4.5
v -2.2 0.4 4.5
v -2.2 0.5 4.5
v 1 0.3 4.5
v 1 0.4 4.5
v 1.2 0.3 4.5
v 1.2 0.4 4.5
v 5.3 0.2 4.5
v 5.3 0.3 4.5
v 5.4 0.2 4.5
v 5.4 0.3 4.5
v -2.4 0.4 4.4
v -2.4 0.5 4.4
v -2.3 0.4 4.4
v -2.3 0.5 4.4
v 0.799999 0.3 4.4
v 0.799999 0.4 4.4
v 1 0.3 4.4
v 1 0.4 4.4
v 5.2 0.2 4.4
v 5.2 0.3 4.4
v 5.3 0.2 4.4
v 5.3 0.3 4.4
v 7.6 0.1 4.4
v 7.6 0.2 4.4
v 7.7 0.1 4.4
v 7.7 0.2 4.4
v 0.599999 0.3 4.3
v 0.599999 0.4 4.3
v 0.799999 0.3 4.3
v 0.799999 0.4 4.3
v 5.1 0.2 4.3
v 5.1 0.3 4.3
v 5.2 0.2 4.3
v 5.2 0.3 4.3
v -2.5 0.4 4.2
v -2.5 0.5 4.2
v -2.4 0.4 4.2
v -2.4 0.5 4.2
v 0.4 0.3 4.2
v 0.4 0.4 4.2
v 0.599999 0.3 4.2
v 0.599999 0.4 4.2
v 5 0.2 4.2
v 5 0.3 4.2
v 5.1 0.2 4.2
v 5.1 0.3 4.2
v -2.6 0.4 4.1
v -2.6 0.5 4.1
v -2.5 0.4 4.1
v -2.5 0.5 4.1
v 0.299999 0.3 4.1
v 0.299999 0.4 4.1
v 0.4 0.3 4.1
v 0.4 0.4 4.1
v 4.9 0.2 4.1
v 4.9 0.3 4.1
v 5 0.2 4.1
v 5 0.3 4.1
v 7.5 0.1 4.1
v 7.5 0.2 4.1
v 7.6 0.1 4.1
v 7.6 0.2 4.1
v -2.7 0.4 4
v -2.7 0.5 4
v -2.6 0.4 4
v -2.6 0.5 4
v 0.2 0.3 4
v 0.2 0.4 4
v 0.299999 0.3 4
v 0.299999 0.4 4
v 4.8 0.2 4
v 4.8 0.3 4
v 4.9 0.2 4
v 4.9 0.3 4
v -2.9 0.4 3.9
v -2.9 0.5 3.9
v -2.8 0.4 3.9
v -2.7 0.4 3.9
v -2.7 0.5 3.9
v 0 0.3 3.9
v 0 0.4 3.9
v 0.2 0.3 3.9
v 0.2 0.4 3.9
v 7.4 0.1 3.9
v 7.4 0.2 3.9
v 7.5 0.1 3.9
v 7.5 0.2 3.9
v -12.1 0.4 3.8
v -12.1 0.5 3.8
v -12 0.4 3.8
v -12 0.5 3.8
v -3 0.4 3.8
v -3 0.5 3.8
v -2.9 0.4 3.8
v -2.9 0.5 3.8
v -0.200001 0.3 3.8
v -0.200001 0.4 3.8
v 0 0.3 3.8
v 0 0.4 3.8
v 4.7 0.2 3.8
v 4.7 0.3 3.8
v 4.8 0.2 3.8
v 4.8 0.3 3.8
v -3.1 0.4 3.7
v -3.1 0.5 3.7
v -3 0.4 3.7
v -3 0.5 3.7
v -0.3 0.3 3.7
v -0.3 0.4 3.7
v -0.200001 0.3 3.7
v -0.200001 0.4 3.7
v 4.6 0.2 3.7
v 4.6 0.3 3.7
v 4.7 0.2 3.7
v 4.7 0.3 3.7
v 7.3 0.1 3.7
v 7.3 0.2 3.7
v 7.4 0.1 3.7
v 7.4 0.2 3.7
v -3.3 0.4 3.6
v -3.3 0.5 3.6
v -3.1 0.4 3.6
v -3.1 0.5 3.6
v -0.400001 0.3 3.6
v -0.400001 0.4 3.6
v -0.3 0.3 3.6
v -0.3 0.4 3.6
v 4.5 0.2 3.6
v 4.5 0.3 3.6
v 4.6 0.2 3.6
v 4.6 0.3 3.6
v -3.4 0.4 3.5
v -3.4 0.5 3.5
v -3.3 0.4 3.5
v -3.3 0.5 3.5
v -0.6 0.3 3.5
v -0.6 0.4 3.5
v -0.400001 0.3 3.5
v -0.400001 0.4 3.5
v 4.4 0.2 3.5
v 4.4 0.3 3.5
v 4.5 0.2 3.5
v 4.5 0.3 3.5
v 7.2 0.1 3.5
v 7.2 0.2 3.5
v 7.3 0.1 3.5
v 7.3 0.2 3.5
v -3.5 0.4 3.4
v -3.5 0.5 3.4
v -3.4 0.4 3.4
v -3.4 0.5 3.4
v -0.700001 0.3 3.4
v -0.700001 0.4 3.4
v -0.6 0.3 3.4
v -0.6 0.4 3.4
v -12 0.4 3.3
v -12 0.5 3.3
v -11.9 0.4 3.3
v -11.9 0.5 3.3
v -3.6 0.4 3.3
v -3.6 0.5 3.3
v -3.5 0.4 3.3
v -3.5 0.5 3.3
v -0.900001 0.3 3.3
v -0.900001 0.4 3.3
v -0.700001 0.3 3.3
v -0.700001 0.4 3.3
v 4.3 0.2 3.3
v 4.3 0.3 3.3
v 4.4 0.2 3.3
v 4.4 0.3 3.3
v -3.8 0.4 3.2
v -3.8 0.5 3.2
v -3.6 0.4 3.2
v -3.6 0.5 3.2
v -1.1 0.3 3.2
v -1.1 0.4 3.2
v -0.900001 0.3 3.2
v -0.900001 0.4 3.2
v 4.2 0.2 3.2
v 4.2 0.3 3.2
v 4.3 0.2 3.2
v 4.3 0.3 3.2
v -3.9 0.4 3.1
v -3.9 0.5 3.1
v -3.8 0.4 3.1
v -3.8 0.5 3.1
v -1.2 0.3 3.1
v -1.2 0.4 3.1
v -1.1 0.3 3.1
v -1.1 0.4 3.1
v 4 0.2 3.1
v 4 0.3 3.1
v 4.2 0.2 3.1
v 4.2 0.3 3.1
v 7.1 0.1 3.1
v 7.1 0.2 3.1
v 7.2 0.1 3.1
v 7.2 0.2 3.1
v -11.9 0.4 3
v -11.9 0.5 3
v -11.8 0.4 3
v -11.8 0.5 3
v -4 0.4 3
v -4 0.5 3
v -3.9 0.4 3
v -3.9 0.5 3
v -1.4 0.3 3
v -1.4 0.4 3
v -1.2 0.3 3
v -1.2 0.4 3
v 3.9 0.2 3
v 3.9 0.3 3
v 4 0.2 3
v 4 0.3 3
v -4.2 0.4 2.9
v -4.2 0.5 2.9
v -4 0.4 2.9
v -4 0.5 2.9
v -1.6 0.3 2.9
v -1.6 0.4 2.9
v -1.4 0.3 2.9
v -1.4 0.4 2.9
v 3.8 0.2 2.9
v 3.8 0.3 2.9
v 3.9 0.2 2.9
v 3.9 0.3 2.9
v 7 0.1 2.9
v 7 0.2 2.9
v 7.1 0.1 2.9
v 7.1 0.2 2.9
v -4.3 0.4 2.8
v -4.3 0.5 2.8
v -4.2 0.4 2.8
v -4.2 0.5 2.8
v -1.7 0.3 2.8
v -1.7 0.4 2.8
v -1.6 0.3 2.8
v -1.6 0.4 2.8
v 3.7 0.2 2.8
v 3.7 0.3 2.8
v 3.8 0.2 2.8
v 3.8 0.3 2.8
v -4.4 0.4 2.7
v -4.4 0.5 2.7
v -4.3 0.4 2.7
v -4.3 0.5 2.7
v -1.8 0.3 2.7
v -1.8 0.4 2.7
v -1.7 0.3 2.7
v -1.7 0.4 2.7
v 3.6 0.2 2.7
v 3.6 0.3 2.7
v 3.7 0.2 2.7
v 3.7 0.3 2.7
v 6.9 0.1 2.7
v 6.9 0.2 2.7
v 7 0.1 2.7
v 7 0.2 2.7
v -4.5 0.4 2.6
v -4.5 0.5 2.6
v -4.4 0.4 2.6
v -4.4 0.5 2.6
v -1.9 0.3 2.6
v -1.9 0.4 2.6
v -1.8 0.3 2.6
v -1.8 0.4 2.6
v 3.5 0.2 2.6
v 3.5 0.3 2.6
v 3.6 0.2 2.6
v 3.6 0.3 2.6
v -4.6 0.4 2.5
v -4.6 0.5 2.5
v -4.5 0.4 2.5
v -4.5 0.5 2.5
v -2 0.3 2.5
v -2 0.4 2.5
v -1.9 0.3 2.5
v -1.9 0.4 2.5
v 3.4 0.2 2.5
v 3.4 0.3 2.5
v 3.5 0.2 2.5
v 3.5 0.3 2.5
v 6.8 0.1 2.5
v 6.8 0.2 2.5
v 6.9 0.1 2.5
v 6.9 0.2 2.5
v -4.7 0.4 2.4
v -4.7 0.5 2.4
v -4.6 0.4 2.4
v -4.6 0.5 2.4
v -2.1 0.3 2.4
v -2.1 0.4 2.4
v -2 0.3 2.4
v -2 0.4 2.4
v 3.3 0.2 2.4
v 3.3 0.3 2.4
v 3.4 0.2 2.4
v 3.4 0.3 2.4
v 6.7 0.1 2.4
v 6.7 0.2 2.4
v 6.8 0.1 2.4
v 6.8 0.2 2.4
v -4.8 0.4 2.3
v -4.8 0.5 2.3
v -4.7 0.4 2.3
v -4.7 0.5 2.3
v -2.2 0.3 2.3
v -2.2 0.4 2.3
v -2.1 0.3 2.3
v -2.1 0.4 2.3
v 3.2 0.2 2.3
v 3.2 0.3 2.3
v 3.3 0.2 2.3
v 3.3 0.3 2.3
v -11.8 0.4 2.2
v -11.8 0.5 2.2
v -11.7 0.4 2.2
v -11.7 0.5 2.2
v -5 0.4 2.2
v -5 0.5 2.2
v -4.8 0.4 2.2
v -4.8 0.5 2.2
v -2.3 0.3 2.2
v -2.3 0.4 2.2
v -2.2 0.3 2.2
v -2.2 0.4 2.2
v 3 0.2 2.2
v 3 0.3 2.2
v 3.2 0.2 2.2
v 3.2 0.3 2.2
v 6.6 0.1 2.2
v 6.6 0.2 2.2
v 6.7 0.1 2.2
v 6.7 0.2 2.2
v -5.3 0.4 2.1
v -5.3 0.5 2.1
v -5 0.4 2.1
v -5 0.5 2.1
v -2.5 0.3 2.1
v -2.5 0.4 2.1
v -2.3 0.3 2.1
v -2.3 0.4 2.1
v 2.9 0.2 2.1
v 2.9 0.3 2.1
v 3 0.2 2.1
v 3 0.3 2.1
v -11.7 0.4 2
v -11.7 0.5 2
v -11.6 0.4 2
v -11.6 0.5 2
v -5.8 0.4 2
v -5.8 0.5 2
v -5.3 0.4 2
v -5.3 0.5 2
v -2.6 0.3 2
v -2.6 0.4 2
v -2.5 0.3 2
v -2.5 0.4 2
v 2.8 0.2 2
v 2.8 0.3 2
v 2.9 0.2 2
v 2.9 0.3 2
v 6.5 0.1 2
v 6.5 0.2 2
v 6.6 0.1 2
v 6.6 0.2 2
v -11.6 0.4 1.9
v -11.6 0.5 1.9
v -11.5 0.4 1.9
v -11.5 0.5 1.9
v -6.2 0.4 1.9
v -6.2 0.5 1.9
v -5.8 0.4 1.9
v -5.8 0.5 1.9
v -2.7 0.3 1.9
v -2.7 0.4 1.9
v -2.6 0.3 1.9
v -2.6 0.4 1.9
v -11.5 0.4 1.8
v -11.5 0.5 1.8
v -11.4 0.4 1.8
v -11.4 0.5 1.8
v -6.6 0.4 1.8
v -6.6 0.5 1.8
v -6.2 0.4 1.8
v -6.2 0.5 1.8
v -2.8 0.3 1.8
v -2.8 0.4 1.8
v -2.7 0.3 1.8
v -2.7 0.4 1.8
v 2.7 0.2 1.8
v 2.7 0.3 1.8
v 2.8 0.2 1.8
v 2.8 0.3 1.8
v -11.4 0.4 1.7
v -11.4 0.5 1.7
v -11.3 0.4 1.7
v -11.3 0.5 1.7
v -7 0.4 1.7
v -7 0.5 1.7
v -6.6 0.4 1.7
v -6.6 0.5 1.7
v -2.9 0.3 1.7
v -2.9 0.4 1.7
v -2.8 0.3 1.7
v -2.8 0.4 1.7
v 2.6 0.2 1.7
v 2.6 0.3 1.7
v 2.7 0.2 1.7
v 2.7 0.3 1.7
v 6.4 0.1 1.7
v 6.4 0.2 1.7
v 6.5 0.1 1.7
v 6.5 0.2 1.7
v -11.3 0.4 1.6
v -11.3 0.5 1.6
v -11.1 0.4 1.6
v -11.1 0.5 1.6
v -7.6 0.4 1.6
v -7.6 0.5 1.6
v -7 0.4 1.6
v -7 0.5 1.6
v -3 0.3 1.6
v -3 0.4 1.6
v -2.9 0.3 1.6
v -2.9 0.4 1.6
v 2.5 0.2 1.6
v 2.5 0.3 1.6
v 2.6 0.2 1.6
v 2.6 0.3 1.6
v -11.1 0.4 1.5
v -11.1 0.5 1.5
v -10.9 0.4 1.5
v -10.9 0.5 1.5
v -8.1 0.4 1.5
v -8.1 0.5 1.5
v -7.6 0.4 1.5
v -7.6 0.5 1.5
v -3.1 0.3 1.5
v -3.1 0.4 1.5
v -3 0.3 1.5
v -3 0.4 1.5
v 2.3 0.2 1.5
v 2.3 0.3 1.5
v 2.5 0.2 1.5
v 2.5 0.3 1.5
v 6.3 0.1 1.5
v 6.3 0.2 1.5
v 6.4 0.1 1.5
v 6.4 0.2 1.5
v -10.9 0.4 1.4
v -10.9 0.5 1.4
v -10.8 0.4 1.4
v -10.8 0.5 1.4
v -8.5 0.4 1.4
v -8.5 0.5 1.4
v -8.1 0.4 1.4
v -8.1 0.5 1.4
v -3.2 0.3 1.4
v -3.2 0.4 1.4
v -3.1 0.3 1.4
v -3.1 0.4 1.4
v 2.2 0.2 1.4
v 2.2 0.3 1.4
v 2.3 0.2 1.4
v 2.3 0.3 1.4
v -10.8 0.4 1.3
v -10.8 0.5 1.3
v -10.3 0.4 1.3
v -10.3 0.5 1.3
v -8.8 0.4 1.3
v -8.8 0.5 1.3
v -8.5 0.4 1.3
v -8.5 0.5 1.3
v -3.4 0.3 1.3
v -3.4 0.4 1.3
v -3.2 0.3 1.3
v -3.2 0.4 1.3
v 2.1 0.2 1.3
v 2.1 0.3 1.3
v 2.2 0.2 1.3
v 2.2 0.3 1.3
v 6.2 0.1 1.3
v 6.2 0.2 1.3
v 6.3 0.1 1.3
v 6.3 0.2 1.3
v -10.3 0.4 1.2
v -10.3 0.5 1.2
v -8.8 0.4 1.2
v -8.8 0.5 1.2
v -3.6 0.3 1.2
v -3.6 0.4 1.2
v -3.4 0.3 1.2
v -3.4 0.4 1.2
v 1.9 0.2 1.2
v 1.9 0.3 1.2
v 2.1 0.2 1.2
v 2.1 0.3 1.2
v 6.1 0.1 1.2
v 6.1 0.2 1.2
v 6.2 0.1 1.2
v 6.2 0.2 1.2
v -3.7 0.3 1.1
v -3.7 0.4 1.1
v -3.6 0.3 1.1
v -3.6 0.4 1.1
v 1.8 0.2 1.1
v 1.8 0.3 1.1
v 1.9 0.2 1.1
v 1.9 0.3 1.1
v -3.8 0.3 1
v -3.8 0.4 1
v -3.7 0.3 1
v -3.7 0.4 1
v 1.6 0.2 1
v 1.6 0.3 1
v 1.8 0.2 1
v 1.8 0.3 1
v 6 0.1 1
v 6 0.2 1
v 6.1 0.1 1
v 6.1 0.2 1
v -3.9 0.3 0.900001
v -3.9 0.4 0.900001
v -3.8 0.3 0.900001
v -3.8 0.4 0.900001
v 1.5 0.2 0.900001
v 1.5 0.3 0.900001
v 1.6 0.2 0.900001
v 1.6 0.3 0.900001
v 5.9 0.1 0.900001
v 5.9 0.2 0.900001
v 6 0.1 0.900001
v 6 0.2 0.900001
v -4 0.3 0.8
v -4 0.4 0.8
v -3.9 0.3 0.8
v -3.9 0.4 0.8
v 1.4 0.2 0.8
v 1.4 0.3 0.8
v 1.5 0.2 0.8
v 1.5 0.3 0.8
v 5.8 0.1 0.8
v 5.8 0.2 0.8
v 5.9 0.1 0.8
v 5.9 0.2 0.8
v -4.1 0.3 0.700001
v -4.1 0.4 0.700001
v -4 0.3 0.700001
v -4 0.4 0.700001
v 1.2 0.2 0.700001
v 1.2 0.3 0.700001
v 1.4 0.2 0.700001
v 1.4 0.3 0.700001
v 5.7 0.1 0.700001
v 5.7 0.2 0.700001
v 5.8 0.1 0.700001
v 5.8 0.2 0.700001
v -4.3 0.3 0.6
v -4.3 0.4 0.6
v -4.1 0.3 0.6
v -4.1 0.4 0.6
v 1.1 0.2 0.6
v 1.1 0.3 0.6
v 1.2 0.2 0.6
v 1.2 0.3 0.6
v 5.6 0.1 0.6
v 5.6 0.2 0.6
v 5.7 0.1 0.6
v 5.7 0.2 0.6
v -4.5 0.3 0.5
v -4.5 0.4 0.5
v -4.3 0.3 0.5
v -4.3 0.4 0.5
v 0.9 0.2 0.5
v 0.9 0.3 0.5
v 1.1 0.2 0.5
v 1.1 0.3 0.5
v 5.5 0.1 0.5
v 5.5 0.2 0.5
v 5.6 0.1 0.5
v 5.6 0.2 0.5
v -4.6 0.3 0.400001
v -4.6 0.4 0.400001
v -4.5 0.3 0.400001
v -4.5 0.4 0.400001
v 0.7 0.2 0.400001
v 0.7 0.3 0.400001
v 0.9 0.2 0.400001
v 0.9 0.3 0.400001
v 5.4 0.1 0.400001
v 5.4 0.2 0.400001
v 5.5 0.1 0.400001
v 5.5 0.2 0.400001
v -4.8 0.3 0.3
v -4.8 0.4 0.3
v -4.6 0.3 0.3
v -4.6 0.4 0.3
v 0.5 0.2 0.3
v 0.5 0.3 0.3
v 0.7 0.2 0.3
v 0.7 0.3 0.3
v 5.3 0.1 0.3
v 5.3 0.2 0.3
v 5.4 0.1 0.3
v 5.4 0.2 0.3
v -5 0.3 0.200001
v -5 0.4 0.200001
v -4.8 0.3 0.200001
v -4.8 0.4 0.200001
v 0.299999 0.2 0.200001
v 0.299999 0.3 0.200001
v 0.5 0.2 0.200001
v 0.5 0.3 0.200001
v 5.2 0.1 0.200001
v 5.2 0.2 0.200001
v 5.3 0.1 0.200001
v 5.3 0.2 0.200001
v -5.2 0.3 0.1
v -5.2 0.4 0.1
v -5 0.3 0.1
v -5 0.4 0.1
v 0.0999994 0.2 0.1
v 0.0999994 0.3 0.1
v 0.299999 0.2 0.1
v 0.299999 0.3 0.1
v 5.1 0.1 0.1
v 5.1 0.2 0.1
v 5.2 0.1 0.1
v 5.2 0.2 0.1
v -5.4 0.3 0
v -5.4 0.4 0
v -5.2 0.3 0
v -5.2 0.4 0
v -0.1 0.2 0
v -0.1 0.3 0
v 0.0999994 0.2 0
v 0.0999994 0.3 0
v -5.5 0.3 -0.0999994
v -5.5 0.4 -0.0999994
v -5.4 0.3 -0.0999994
v -5.4 0.4 -0.0999994
v -0.3 0.2 -0.0999994
v -0.3 0.3 -0.0999994
v -0.1 0.2 -0.0999994
v -0.1 0.3 -0.0999994
v 5 0.1 -0.0999994
v 5 0.2 -0.0999994
v 5.1 0.1 -0.0999994
v 5.1 0.2 -0.0999994
v -5.6 0.3 -0.2
v -5.6 0.4 -0.2
v -5.5 0.3 -0.2
v -5.5 0.4 -0.2
v -0.400001 0.2 -0.2
v -0.400001 0.3 -0.2
v -0.3 0.2 -0.2
v -0.3 0.3 -0.2
v -5.8 0.3 -0.299999
v -5.8 0.4 -0.299999
v -5.6 0.3 -0.299999
v -5.6 0.4 -0.299999
v -0.5 0.2 -0.299999
v -0.5 0.3 -0.299999
v -0.400001 0.2 -0.299999
v -0.400001 0.3 -0.299999
v 4.9 0.1 -0.299999
v 4.9 0.2 -0.299999
v 5 0.1 -0.299999
v 5 0.2 -0.299999
v -5.9 0.3 -0.4
v -5.9 0.4 -0.4
v -5.8 0.3 -0.4
v -5.8 0.4 -0.4
v -0.700001 0.2 -0.4
v -0.700001 0.3 -0.4
v -0.5 0.2 -0.4
v -0.5 0.3 -0.4
v -6 0.3 -0.5
v -6 0.4 -0.5
v -5.9 0.3 -0.5
v -5.9 0.4 -0.5
v -0.8 0.2 -0.5
v -0.8 0.3 -0.5
v -0.700001 0.2 -0.5
v -0.700001 0.3 -0.5
v 4.8 0.1 -0.5
v 4.8 0.2 -0.5
v 4.9 0.1 -0.5
v 4.9 0.2 -0.5
v -6.1 0.3 -0.599999
v -6.1 0.4 -0.599999
v -6 0.3 -0.599999
v -6 0.4 -0.599999
v -1 0.2 -0.599999
v -1 0.3 -0.599999
v -0.8 0.2 -0.599999
v -0.8 0.3 -0.599999
v -1.1 0.2 -0.7
v -1.1 0.3 -0.7
v -1 0.2 -0.7
v -1 0.3 -0.7
v -6.2 0.3 -0.799999
v -6.2 0.4 -0.799999
v -6.1 0.3 -0.799999
v -6.1 0.4 -0.799999
v -1.2 0.2 -0.799999
v -1.2 0.3 -0.799999
v -1.1 0.2 -0.799999
v -1.1 0.3 -0.799999
v 4.7 0.1 -0.799999
v 4.7 0.2 -0.799999
v 4.8 0.1 -0.799999
v 4.8 0.2 -0.799999
v -6.3 0.3 -0.9
v -6.3 0.4 -0.9
v -6.2 0.3 -0.9
v -6.2 0.4 -0.9
v -1.4 0.2 -0.9
v -1.4 0.3 -0.9
v -1.2 0.2 -0.9
v -1.2 0.3 -0.9
v -6.4 0.3 -1
v -6.4 0.4 -1
v -6.3 0.3 -1
v -6.3 0.4 -1
v -1.6 0.2 -1
v -1.6 0.3 -1
v -1.4 0.2 -1
v -1.4 0.3 -1
v -6.5 0.3 -1.1
v -6.5 0.4 -1.1
v -6.4 0.3 -1.1
v -6.4 0.4 -1.1
v -1.7 0.2 -1.1
v -1.7 0.3 -1.1
v -1.6 0.2 -1.1
v -1.6 0.3 -1.1
v -6.6 0.3 -1.2
v -6.6 0.4 -1.2
v -6.5 0.3 -1.2
v -6.5 0.4 -1.2
v -1.9 0.2 -1.2
v -1.9 0.3 -1.2
v -1.7 0.2 -1.2
v -1.7 0.3 -1.2
v -6.7 0.3 -1.3
v -6.7 0.4 -1.3
v -6.6 0.3 -1.3
v -6.6 0.4 -1.3
v -2 0.2 -1.3
v -2 0.3 -1.3
v -1.9 0.2 -1.3
v -1.9 0.3 -1.3
v -2.1 0.2 -1.4
v -2.1 0.3 -1.4
v -2 0.2 -1.4
v -2 0.3 -1.4
v -6.8 0.3 -1.5
v -6.8 0.4 -1.5
v -6.7 0.3 -1.5
v -6.7 0.4 -1.5
v -2.3 0.2 -1.5
v -2.3 0.3 -1.5
v -2.1 0.2 -1.5
v -2.1 0.3 -1.5
v -6.9 0.3 -1.6
v -6.9 0.4 -1.6
v -6.8 0.3 -1.6
v -6.8 0.4 -1.6
v -2.4 0.2 -1.6
v -2.4 0.3 -1.6
v -2.3 0.2 -1.6
v -2.3 0.3 -1.6
v 4.6 0.1 -1.6
v 4.6 0.2 -1.6
v 4.7 0.1 -1.6
v 4.7 0.2 -1.6
v -7 0.3 -1.7
v -7 0.4 -1.7
v -6.9 0.3 -1.7
v -6.9 0.4 -1.7
v -2.6 0.2 -1.7
v -2.6 0.3 -1.7
v -2.4 0.2 -1.7
v -2.4 0.3 -1.7
v -2.7 0.2 -1.8
v -2.7 0.3 -1.8
v -2.6 0.2 -1.8
v -2.6 0.3 -1.8
v -7.1 0.3 -1.9
v -7.1 0.4 -1.9
v -7 0.3 -1.9
v -7 0.4 -1.9
v -2.8 0.2 -1.9
v -2.8 0.3 -1.9
v -2.7 0.2 -1.9
v -2.7 0.3 -1.9
v -7.2 0.3 -2
v -7.2 0.4 -2
v -7.1 0.3 -2
v -7.1 0.4 -2
v -2.9 0.2 -2
v -2.9 0.3 -2
v -2.8 0.2 -2
v -2.8 0.3 -2
v -7.3 0.3 -2.1
v -7.3 0.4 -2.1
v -7.2 0.3 -2.1
v -7.2 0.4 -2.1
v -3 0.2 -2.1
v -3 0.3 -2.1
v -2.9 0.2 -2.1
v -2.9 0.3 -2.1
v -3.1 0.2 -2.2
v -3.1 0.3 -2.2
v -3 0.2 -2.2
v -3 0.3 -2.2
v -7.4 0.3 -2.3
v -7.4 0.4 -2.3
v -7.3 0.3 -2.3
v -7.3 0.4 -2.3
v -3.2 0.2 -2.3
v -3.2 0.3 -2.3
v -3.1 0.2 -2.3
v -3.1 0.3 -2.3
v 4.5 0.1 -2.3
v 4.5 0.2 -2.3
v 4.6 0.1 -2.3
v 4.6 0.2 -2.3
v -7.5 0.3 -2.4
v -7.5 0.4 -2.4
v -7.4 0.3 -2.4
v -7.4 0.4 -2.4
v -3.3 0.2 -2.4
v -3.3 0.3 -2.4
v -3.2 0.2 -2.4
v -3.2 0.3 -2.4
v -7.6 0.3 -2.5
v -7.6 0.4 -2.5
v -7.5 0.3 -2.5
v -7.5 0.4 -2.5
v -3.4 0.2 -2.5
v -3.4 0.3 -2.5
v -3.3 0.2 -2.5
v -3.3 0.3 -2.5
v -7.7 0.3 -2.6
v -7.7 0.4 -2.6
v -7.6 0.3 -2.6
v -7.6 0.4 -2.6
v -3.5 0.2 -2.6
v -3.5 0.3 -2.6
v -3.4 0.2 -2.6
v -3.4 0.3 -2.6
v -7.8 0.3 -2.7
v -7.8 0.4 -2.7
v -7.7 0.3 -2.7
v -7.7 0.4 -2.7
v -3.6 0.2 -2.7
v -3.6 0.3 -2.7
v -3.5 0.2 -2.7
v -3.5 0.3 -2.7
v 4.4 0.1 -2.7
v 4.4 0.2 -2.7
v 4.5 0.1 -2.7
v 4.5 0.2 -2.7
v -7.9 0.3 -2.8
v -7.9 0.4 -2.8
v -7.8 0.3 -2.8
v -7.8 0.4 -2.8
v -3.7 0.2 -2.8
v -3.7 0.3 -2.8
v -3.6 0.2 -2.8
v -3.6 0.3 -2.8
v -8.1 0.3 -2.9
v -8.1 0.4 -2.9
v -7.9 0.3 -2.9
v -7.9 0.4 -2.9
v -3.8 0.2 -2.9
v -3.8 0.3 -2.9
v -3.7 0.2 -2.9
v -3.7 0.3 -2.9
v -8.3 0.3 -3
v -8.3 0.4 -3
v -8.1 0.3 -3
v -8.1 0.4 -3
v -3.9 0.2 -3
v -3.9 0.3 -3
v -3.8 0.2 -3
v -3.8 0.3 -3
v -4 0.2 -3.1
v -4 0.3 -3.1
v -3.9 0.2 -3.1
v -3.9 0.3 -3.1
v 4.3 0.1 -3.1
v 4.3 0.2 -3.1
v 4.4 0.1 -3.1
v 4.4 0.2 -3.1
v -8.5 0.3 -3.2
v -8.5 0.4 -3.2
v -8.3 0.3 -3.2
v -8.3 0.4 -3.2
v -4.1 0.2 -3.2
v -4.1 0.3 -3.2
v -4 0.2 -3.2
v -4 0.3 -3.2
v -8.7 0.3 -3.3
v -8.7 0.4 -3.3
v -8.5 0.3 -3.3
v -8.5 0.4 -3.3
v -4.2 0.2 -3.3
v -4.2 0.3 -3.3
v -4.1 0.2 -3.3
v -4.1 0.3 -3.3
v 4.2 0.1 -3.3
v 4.2 0.2 -3.3
v 4.3 0.1 -3.3
v 4.3 0.2 -3.3
v -8.9 0.3 -3.4
v -8.9 0.4 -3.4
v -8.7 0.3 -3.4
v -8.7 0.4 -3.4
v -4.3 0.2 -3.4
v -4.3 0.3 -3.4
v -4.2 0.2 -3.4
v -4.2 0.3 -3.4
v -9 0.3 -3.5
v -9 0.4 -3.5
v -8.9 0.3 -3.5
v -8.9 0.4 -3.5
v 4.1 0.1 -3.5
v 4.1 0.2 -3.5
v 4.2 0.1 -3.5
v 4.2 0.2 -3.5
v -10.5 0.3 -3.6
v -10.5 0.4 -3.6
v -9 0.3 -3.6
v -9 0.4 -3.6
v -4.4 0.2 -3.6
v -4.4 0.3 -3.6
v -4.3 0.2 -3.6
v -4.3 0.3 -3.6
v -11.9 0.3 -3.7
v -11.9 0.4 -3.7
v -10.5 0.3 -3.7
v -10.5 0.4 -3.7
v -4.5 0.2 -3.7
v -4.5 0.3 -3.7
v -4.4 0.2 -3.7
v -4.4 0.3 -3.7
v -12.3 0.3 -3.8
v -12.3 0.4 -3.8
v -11.9 0.3 -3.8
v -11.9 0.4 -3.8
v -4.6 0.2 -3.8
v -4.6 0.3 -3.8
v -4.5 0.2 -3.8
v -4.5 0.3 -3.8
v 4 0.1 -3.8
v 4 0.2 -3.8
v 4.1 0.1 -3.8
v 4.1 0.2 -3.8
v -12.6 0.3 -3.9
v -12.6 0.4 -3.9
v -12.3 0.3 -3.9
v -12.3 0.4 -3.9
v -4.7 0.2 -3.9
v -4.7 0.3 -3.9
v -4.6 0.2 -3.9
v -4.6 0.3 -3.9
v -12.8 0.3 -4
v -12.8 0.4 -4
v -12.6 0.3 -4
v -12.6 0.4 -4
v 3.9 0.1 -4
v 3.9 0.2 -4
v 4 0.1 -4
v 4 0.2 -4
v -4.8 0.2 -4.1
v -4.8 0.3 -4.1
v -4.7 0.2 -4.1
v -4.7 0.3 -4.1
v 3.8 0.1 -4.1
v 3.8 0.2 -4.1
v 3.9 0.1 -4.1
v 3.9 0.2 -4.1
v -4.9 0.2 -4.2
v -4.9 0.3 -4.2
v -4.8 0.2 -4.2
v -4.8 0.3 -4.2
v 3.7 0.1 -4.3
v 3.7 0.2 -4.3
v 3.8 0.1 -4.3
v 3.8 0.2 -4.3
v -5 0.2 -4.4
v -5 0.3 -4.4
v -4.9 0.2 -4.4
v -4.9 0.3 -4.4
v -5.1 0.2 -4.5
v -5.1 0.3 -4.5
v -5 0.2 -4.5
v -5 0.3 -4.5
v 3.6 0.1 -4.5
v 3.6 0.2 -4.5
v 3.7 0.1 -4.5
v 3.7 0.2 -4.5
v -5.2 0.2 -4.6
v -5.2 0.3 -4.6
v -5.1 0.2 -4.6
v -5.1 0.3 -4.6
v 3.5 0.1 -4.6
v 3.5 0.2 -4.6
v 3.6 0.1 -4.6
v 3.6 0.2 -4.6
v -5.3 0.2 -4.7
v -5.3 0.3 -4.7
v -5.2 0.2 -4.7
v -5.2 0.3 -4.7
v 3.4 0.1 -4.7
v 3.4 0.2 -4.7
v 3.5 0.1 -4.7
v 3.5 0.2 -4.7
v -5.4 0.2 -4.8
v -5.4 0.3 -4.8
v -5.3 0.2 -4.8
v -5.3 0.3 -4.8
v 3.3 0.1 -4.9
v 3.3 0.2 -4.9
v 3.4 0.1 -4.9
v 3.4 0.2 -4.9
v -5.5 0.2 -5
v -5.5 0.3 -5
v -5.4 0.2 -5
v -5.4 0.3 -5
v 3.2 0.1 -5
v 3.2 0.2 -5
v 3.3 0.1 -5
v 3.3 0.2 -5
v -5.6 0.2 -5.1
v -5.6 0.3 -5.1
v -5.5 0.2 -5.1
v -5.5 0.3 -5.1
v 3.1 0.1 -5.1
v 3.1 0.2 -5.1
v 3.2 0.1 -5.1
v 3.2 0.2 -5.1
v -5.7 0.2 -5.2
v -5.7 0.3 -5.2
v -5.6 0.2 -5.2
v -5.6 0.3 -5.2
v -5.8 0.2 -5.3
v -5.8 0.3 -5.3
v -5.7 0.2 -5.3
v -5.7 0.3 -5.3
v 3 0.1 -5.3
v 3 0.2 -5.3
v 3.1 0.1 -5.3
v 3.1 0.2 -5.3
v -6 0.2 -5.4
v -6 0.3 -5.4
v -5.9 0.2 -5.4
v -5.9 0.3 -5.4
v -5.8 0.2 -5.4
v -5.8 0.3 -5.4
v 2.9 0.1 -5.4
v 2.9 0.2 -5.4
v 3 0.1 -5.4
v 3 0.2 -5.4
v -6.1 0.2 -5.5
v -6.1 0.3 -5.5
v -6 0.2 -5.5
v -6 0.3 -5.5
v 2.8 0.1 -5.5
v 2.8 0.2 -5.5
v 2.9 0.1 -5.5
v 2.9 0.2 -5.5
v -6.2 0.2 -5.6
v -6.2 0.3 -5.6
v -6.1 0.2 -5.6
v -6.1 0.3 -5.6
v -6.3 0.2 -5.7
v -6.3 0.3 -5.7
v -6.2 0.2 -5.7
v -6.2 0.3 -5.7
v 2.7 0.1 -5.7
v 2.7 0.2 -5.7
v 2.8 0.1 -5.7
v 2.8 0.2 -5.7
v 2.6 0.1 -5.8
v 2.6 0.2 -5.8
v 2.7 0.1 -5.8
v 2.7 0.2 -5.8
v -6.4 0.2 -5.9
v -6.4 0.3 -5.9
v -6.3 0.2 -5.9
v -6.3 0.3 -5.9
v 2.5 0.1 -5.9
v 2.5 0.2 -5.9
v 2.6 0.1 -5.9
v 2.6 0.2 -5.9
v -6.5 0.2 -6
v -6.5 0.3 -6
v -6.4 0.2 -6
v -6.4 0.3 -6
v 2.4 0.1 -6
v 2.4 0.2 -6
v 2.5 0.1 -6
v 2.5 0.2 -6
v -6.6 0.2 -6.1
v -6.6 0.3 -6.1
v -6.5 0.2 -6.1
v -6.5 0.3 -6.1
v 2.2 0.1 -6.1
v 2.2 0.2 -6.1
v 2.4 0.1 -6.1
v 2.4 0.2 -6.1
v -6.7 0.2 -6.2
v -6.7 0.3 -6.2
v -6.6 0.2 -6.2
v -6.6 0.3 -6.2
v 2.1 0.1 -6.2
v 2.1 0.2 -6.2
v 2.2 0.1 -6.2
v 2.2 0.2 -6.2
v -6.9 0.2 -6.3
v -6.9 0.3 -6.3
v -6.7 0.2 -6.3
v -6.7 0.3 -6.3
v 2 0.1 -6.3
v 2 0.2 -6.3
v 2.1 0.1 -6.3
v 2.1 0.2 -6.3
v -7 0.2 -6.4
v -7 0.3 -6.4
v -6.9 0.2 -6.4
v -6.9 0.3 -6.4
v 1.8 0.1 -6.4
v 1.8 0.2 -6.4
v 2 0.1 -6.4
v 2 0.2 -6.4
v -7.1 0.2 -6.5
v -7.1 0.3 -6.5
v -7 0.2 -6.5
v -7 0.3 -6.5
v 1.6 0.1 -6.5
v 1.6 0.2 -6.5
v 1.8 0.1 -6.5
v 1.8 0.2 -6.5
v -7.3 0.2 -6.6
v -7.3 0.3 -6.6
v -7.1 0.2 -6.6
v -7.1 0.3 -6.6
v 1.5 0.1 -6.6
v 1.5 0.2 -6.6
v 1.6 0.1 -6.6
v 1.6 0.2 -6.6
v -7.4 0.2 -6.7
v -7.4 0.3 -6.7
v -7.3 0.2 -6.7
v -7.3 0.3 -6.7
v 1.4 0.1 -6.7
v 1.4 0.2 -6.7
v 1.5 0.1 -6.7
v 1.5 0.2 -6.7
v -7.5 0.2 -6.8
v -7.5 0.3 -6.8
v -7.4 0.2 -6.8
v -7.4 0.3 -6.8
v 1.3 0.1 -6.8
v 1.3 0.2 -6.8
v 1.4 0.1 -6.8
v 1.4 0.2 -6.8
v -7.6 0.2 -6.9
v -7.6 0.3 -6.9
v -7.5 0.2 -6.9
v -7.5 0.3 -6.9
v 1.2 0.1 -6.9
v 1.2 0.2 -6.9
v 1.3 0.1 -6.9
v 1.3 0.2 -6.9
v -7.8 0.2 -7
v -7.8 0.3 -7
v -7.6 0.2 -7
v -7.6 0.3 -7
v 1.1 0.1 -7
v 1.1 0.2 -7
v 1.2 0.1 -7
v 1.2 0.2 -7
v -7.9 0.2 -7.1
v -7.9 0.3 -7.1
v -7.8 0.2 -7.1
v -7.8 0.3 -7.1
v 0.9 0.1 -7.1
v 0.9 0.2 -7.1
v 1.1 0.1 -7.1
v 1.1 0.2 -7.1
v -8 0.2 -7.2
v -8 0.3 -7.2
v -7.9 0.2 -7.2
v -7.9 0.3 -7.2
v 0.7 0.1 -7.2
v 0.7 0.2 -7.2
v 0.9 0.1 -7.2
v 0.9 0.2 -7.2
v -8.1 0.2 -7.3
v -8.1 0.3 -7.3
v -8 0.2 -7.3
v -8 0.3 -7.3
v 0.4 0.1 -7.3
v 0.4 0.2 -7.3
v 0.7 0.1 -7.3
v 0.7 0.2 -7.3
v -8.3 0.2 -7.4
v -8.3 0.3 -7.4
v -8.1 0.2 -7.4
v -8.1 0.3 -7.4
v 0.2 0.1 -7.4
v 0.2 0.2 -7.4
v 0.4 0.1 -7.4
v 0.4 0.2 -7.4
v -8.4 0.2 -7.5
v -8.4 0.3 -7.5
v -8.3 0.2 -7.5
v -8.3 0.3 -7.5
v 0 0.1 -7.5
v 0 0.2 -7.5
v 0.2 0.1 -7.5
v 0.2 0.2 -7.5
v -8.5 0.2 -7.6
v -8.5 0.3 -7.6
v -8.4 0.2 -7.6
v -8.4 0.3 -7.6
v -0.200001 0.1 -7.6
v -0.200001 0.2 -7.6
v 0 0.1 -7.6
v 0 0.2 -7.6
v -8.6 0.2 -7.7
v -8.6 0.3 -7.7
v -8.5 0.2 -7.7
v -8.5 0.3 -7.7
v -0.400001 0.1 -7.7
v -0.400001 0.2 -7.7
v -0.200001 0.1 -7.7
v -0.200001 0.2 -7.7
v -8.7 0.2 -7.8
v -8.7 0.3 -7.8
v -8.6 0.2 -7.8
v -8.6 0.3 -7.8
v -0.6 0.1 -7.8
v -0.6 0.2 -7.8
v -0.400001 0.1 -7.8
v -0.400001 0.2 -7.8
v -8.8 0.2 -7.9
v -8.8 0.3 -7.9
v -8.7 0.2 -7.9
v -8.7 0.3 -7.9
v -0.8 0.1 -7.9
v -0.8 0.2 -7.9
v -0.6 0.1 -7.9
v -0.6 0.2 -7.9
v -8.9 0.2 -8
v -8.9 0.3 -8
v -8.8 0.2 -8
v -8.8 0.3 -8
v -1 0.1 -8
v -1 0.2 -8
v -0.8 0.1 -8
v -0.8 0.2 -8
v -9 0.2 -8.1
v -9 0.3 -8.1
v -8.9 0.2 -8.1
v -8.9 0.3 -8.1
v -1.2 0.1 -8.1
v -1.2 0.2 -8.1
v -1 0.1 -8.1
v -1 0.2 -8.1
v -9.1 0.2 -8.2
v -9.1 0.3 -8.2
v -9 0.2 -8.2
v -9 0.3 -8.2
v -1.4 0.1 -8.2
v -1.4 0.2 -8.2
v -1.2 0.1 -8.2
v -1.2 0.2 -8.2
v -9.2 0.2 -8.3
v -9.2 0.3 -8.3
v -9.1 0.2 -8.3
v -9.1 0.3 -8.3
v -1.6 0.1 -8.3
v -1.6 0.2 -8.3
v -1.4 0.1 -8.3
v -1.4 0.2 -8.3
v -9.7 0.2 -8.4
v -9.7 0.3 -8.4
v -9.2 0.2 -8.4
v -9.2 0.3 -8.4
v -1.8 0.1 -8.4
v -1.8 0.2 -8.4
v -1.6 0.1 -8.4
v -1.6 0.2 -8.4
v -10.1 0.2 -8.5
v -10.1 0.3 -8.5
v -9.7 0.2 -8.5
v -9.7 0.3 -8.5
v -2 0.1 -8.5
v -2 0.2 -8.5
v -1.8 0.1 -8.5
v -1.8 0.2 -8.5
v -10.5 0.2 -8.6
v -10.5 0.3 -8.6
v -10.1 0.2 -8.6
v -10.1 0.3 -8.6
v -2.2 0.1 -8.6
v -2.2 0.2 -8.6
v -2 0.1 -8.6
v -2 0.2 -8.6
v -10.9 0.2 -8.7
v -10.9 0.3 -8.7
v -10.5 0.2 -8.7
v -10.5 0.3 -8.7
v -2.4 0.1 -8.7
v -2.4 0.2 -8.7
v -2.2 0.1 -8.7
v -2.2 0.2 -8.7
v -11.3 0.2 -8.8
v -11.3 0.3 -8.8
v -10.9 0.2 -8.8
v -10.9 0.3 -8.8
v -2.7 0.1 -8.8
v -2.7 0.2 -8.8
v -2.4 0.1 -8.8
v -2.4 0.2 -8.8
v -11.6 0.2 -8.9
v -11.6 0.3 -8.9
v -11.3 0.2 -8.9
v -11.3 0.3 -8.9
v -3 0.1 -8.9
v -3 0.2 -8.9
v -2.7 0.1 -8.9
v -2.7 0.2 -8.9
v -12 0.2 -9
v -12 0.3 -9
v -11.6 0.2 -9
v -11.6 0.3 -9
v -3.3 0.1 -9
v -3.3 0.2 -9
v -3 0.1 -9
v -3 0.2 -9
v -12.3 0.2 -9.1
v -12.3 0.3 -9.1
v -12 0.2 -9.1
v -12 0.3 -9.1
v -5.7 0.1 -9.1
v -5.7 0.2 -9.1
v -4.3 0.1 -9.1
v -4.3 0.2 -9.1
v -3.8 0.1 -9.1
v -3.8 0.2 -9.1
v -3.3 0.1 -9.1
v -3.3 0.2 -9.1
v -12.5 0.2 -9.2
v -12.5 0.3 -9.2
v -12.3 0.2 -9.2
v -12.3 0.3 -9.2
v -6.4 0.1 -9.2
v -6.4 0.2 -9.2
v -5.7 0.1 -9.2
v -5.7 0.2 -9.2
v -4.3 0.1 -9.2
v -4.3 0.2 -9.2
v -3.8 0.1 -9.2
v -3.8 0.2 -9.2
v -12.8 0.2 -9.3
v -12.8 0.3 -9.3
v -12.5 0.2 -9.3
v -12.5 0.3 -9.3
v -7.1 0.1 -9.3
v -7.1 0.2 -9.3
v -6.4 0.1 -9.3
v -6.4 0.2 -9.3
v -7.9 0.1 -9.4
v -7.9 0.2 -9.4
v -7.1 0.1 -9.4
v -7.1 0.2 -9.4
v -8.4 0.1 -9.5
v -8.4 0.2 -9.5
v -7.9 0.1 -9.5
v -7.9 0.2 -9.5
v -9.5 0.1 -9.6
v -9.5 0.2 -9.6
v -8.4 0.1 -9.6
v -8.4 0.2 -9.6
v -9.9 0.1 -9.7
v -9.9 0.2 -9.7
v -9.5 0.1 -9.7
v -9.5 0.2 -9.7
v -10.3 0.1 -9.8
v -10.3 0.2 -9.8
v -9.9 0.1 -9.8
v -9.9 0.2 -9.8
v -10.7 0.1 -9.9
v -10.7 0.2 -9.9
v -10.3 0.1 -9.9
v -10.3 0.2 -9.9
v -11 0.1 -10
v -11 0.2 -10
v -10.7 0.1 -10
v -10.7 0.2 -10
v -11.2 0.1 -10.1
v -11.2 0.2 -10.1
v -11 0.1 -10.1
v -11 0.2 -10.1
v -11.5 0.1 -10.2
v -11.5 0.2 -10.2
v -11.2 0.1 -10.2
v -11.2 0.2 -10.2
v -11.9 0.1 -10.3
v -11.9 0.2 -10.3
v -11.5 0.1 -10.3
v -11.5 0.2 -10.3
v -12.8 0.1 -10.4
v -12.8 0.2 -10.4
v -12.7 0.1 -10.4
v -12.7 0.2 -10.4
v -12.1 0.1 -10.4
v -12.1 0.2 -10.4
v -11.9 0.1 -10.4
v -11.9 0.2 -10.4
v -12.7 0.1 -10.5
v -12.7 0.2 -10.5
v -12.1 0.1 -10.5
v -12.1 0.2 -10.5
v -12.8 0 -12.8
v -12.8 0.1 -12.8
v 12.8 0 -12.8
v 12.8 0.1 -12.8
v -12.8 0 12.8
v 12.8 0 12.8
v 11.8 0 12.6
v 11.9 0 12.6
v 11.8 0 12.5
v 11.9 0 12.5
v 11.6 0 12.3
v 11.7 0 12.3
v 11.6 0 12.2
v 11.7 0 12.2
v 11.9 0 11.5
v 12 0 11.5
v 11.9 0 11.4
v 12 0 11.4
v 11.9 0 10.6
v 12 0 10.6
v 12.4 0 10.6
v 12.5 0 10.6
v 12.4 0 10.5
v 12.5 0 10.5
v 11.3 0 10.4
v 11.4 0 10.4
v 11.9 0 10.4
v 12 0 10.4
v 11.3 0 10.3
v 11.4 0 10.3
v 11.9 0 9.8
v 12 0 9.8
v 11.9 0 9.7
v 12 0 9.7
v 12 0 9.2
v 12.1 0 9.2
v 12 0 9.1
v 12.1 0 9.1
v 12 0 8.4
v 12.1 0 8.4
v 12 0 8.3
v 12.1 0 8.3
v 11 0 8.2
v 11.1 0 8.2
v 11 0 8.1
v 11.1 0 8.1
v 12.1 0 7.3
v 12.2 0 7.3
v 12.1 0 7.2
v 12.2 0 7.2
v 9.2 0 7
v 9.3 0 7
v 10.6 0 7
v 10.7 0 7
v 9.2 0 6.9
v 9.3 0 6.9
v 10.6 0 6.9
v 10.7 0 6.9
v 11.2 0 6.5
v 11.3 0 6.5
v 8.6 0 6.4
v 8.7 0 6.4
v 11.2 0 6.4
v 11.3 0 6.4
v 8.6 0 6.3
v 8.7 0 6.3
v 11.7 0 6.3
v 11.8 0 6.3
v 9.8 0 6.2
v 9.9 0 6.2
v 10.3 0 6.2
v 10.4 0 6.2
v 11.7 0 6.2
v 11.8 0 6.2
v 9.8 0 6.1
v 9.9 0 6.1
v 10.3 0 6.1
v 10.4 0 6.1
v 8.3 0 5.5
v 8.4 0 5.5
v 12.2 0 5.5
v 12.4 0 5.5
v 8.3 0 5.4
v 8.4 0 5.4
v 9.9 0 5.4
v 10 0 5.4
v 12.3 0 5.4
v 12.4 0 5.4
v 9.9 0 5.3
v 10 0 5.3
v 12.2 0 5.3
v 12.3 0 5.3
v 12.5 0 4.7
v 12.6 0 4.7
v 9.8 0 4.5
v 9.9 0 4.5
v 12.5 0 4.5
v 12.6 0 4.5
v 9 0 4.4
v 9.1 0 4.4
v 9.8 0 4.4
v 9.9 0 4.4
v 10.9 0 4.4
v 11 0 4.4
v 9 0 4.3
v 9.1 0 4.3
v 10.9 0 4.3
v 11 0 4.3
v 7.9 0 4.2
v 8 0 4.2
v 8.1 0 4.2
v 7.9 0 4.1
v 8 0 4.1
v 8.1 0 4.1
v 9.9 0 3.8
v 10 0 3.8
v 9.9 0 3.7
v 10 0 3.7
v 10.2 0 3.5
v 10.3 0 3.5
v 10.2 0 3.4
v 10.3 0 3.4
v 11.9 0 3.4
v 12 0 3.4
v 10.1 0 3.3
v 10.2 0 3.3
v 11.9 0 3.3
v 12 0 3.3
v 10.1 0 3.2
v 10.2 0 3.2
v 10.4 0 3.1
v 10.5 0 3.1
v 10.4 0 3
v 10.5 0 3
v 8.8 0 2.8
v 8.9 0 2.8
v 8.8 0 2.7
v 8.9 0 2.7
v 7.2 0 2.6
v 7.3 0 2.6
v 7.2 0 2.5
v 7.3 0 2.5
v 8 0 1.9
v 8.1 0 1.9
v 8 0 1.8
v 8.1 0 1.8
v 7.3 0 1.7
v 7.4 0 1.7
v 7.3 0 1.6
v 7.4 0 1.6
v 9.6 0 1.6
v 9.7 0 1.6
v 9.6 0 1.5
v 9.7 0 1.5
v 6.7 0 1
v 6.8 0 1
v 11.5 0 1
v 11.6 0 1
v 6.7 0 0.900001
v 6.8 0 0.900001
v 8.6 0 0.900001
v 8.7 0 0.900001
v 11.5 0 0.900001
v 11.6 0 0.900001
v 8.6 0 0.8
v 8.7 0 0.8
v 7.1 0 0.5
v 7.2 0 0.5
v 10.5 0 0.5
v 10.6 0 0.5
v 7.1 0 0.400001
v 7.2 0 0.400001
v 10.5 0 0.400001
v 10.6 0 0.400001
v 12.4 0 0.400001
v 12.5 0 0.400001
v 12.4 0 0.3
v 12.5 0 0.3
v 6.8 0 0.1
v 6.9 0 0.1
v 7.6 0 0.1
v 7.7 0 0.1
v 8.7 0 0.1
v 8.8 0 0.1
v 6.8 0 0
v 6.9 0 0
v 7.6 0 0
v 7.7 0 0
v 8.7 0 0
v 8.8 0 0
v 5.4 0 -0.5
v 5.5 0 -0.5
v 5.4 0 -0.599999
v 5.5 0 -0.599999
v 11.7 0 -0.7
v 11.8 0 -0.7
v 9.8 0 -0.799999
v 9.9 0 -0.799999
v 11.7 0 -0.799999
v 11.8 0 -0.799999
v 9.8 0 -0.9
v 9.9 0 -0.9
v 11.8 0 -0.9
v 11.9 0 -0.9
v 6.1 0 -1
v 6.2 0 -1
v 11.8 0 -1
v 11.9 0 -1
v 5.9 0 -1.1
v 6 0 -1.1
v 6.1 0 -1.1
v 6.2 0 -1.1
v 5.9 0 -1.2
v 6 0 -1.2
v 7.2 0 -1.4
v 7.3 0 -1.4
v 8.1 0 -1.4
v 8.2 0 -1.4
v 10.4 0 -1.4
v 10.5 0 -1.4
v 11.3 0 -1.4
v 11.4 0 -1.4
v 7.2 0 -1.5
v 7.3 0 -1.5
v 8.1 0 -1.5
v 8.2 0 -1.5
v 10.4 0 -1.5
v 10.5 0 -1.5
v 11.3 0 -1.5
v 11.4 0 -1.5
v 10.9 0 -1.7
v 11.3 0 -1.7
v 10.9 0 -1.8
v 11.3 0 -1.8
v 7.5 0 -1.9
v 7.6 0 -1.9
v 4.8 0 -2
v 4.9 0 -2
v 7.5 0 -2
v 7.6 0 -2
v 11.5 0 -2
v 11.6 0 -2
v 4.8 0 -2.1
v 4.9 0 -2.1
v 11.5 0 -2.1
v 11.6 0 -2.1
v 12.1 0 -2.2
v 12.2 0 -2.2
v 12.1 0 -2.3
v 12.2 0 -2.3
v 9.2 0 -2.4
v 9.3 0 -2.4
v 9 0 -2.5
v 9.1 0 -2.5
v 9.2 0 -2.5
v 9.3 0 -2.5
v 9 0 -2.6
v 9.1 0 -2.6
v 11.3 0 -2.6
v 11.4 0 -2.6
v 11.3 0 -2.7
v 11.4 0 -2.7
v 6.1 0 -3.1
v 6.2 0 -3.1
v 8.3 0 -3.1
v 8.4 0 -3.1
v 4.8 0 -3.2
v 4.9 0 -3.2
v 6.1 0 -3.2
v 6.2 0 -3.2
v 8.3 0 -3.2
v 8.4 0 -3.2
v 4.8 0 -3.3
v 4.9 0 -3.3
v 6.7 0 -3.3
v 6.8 0 -3.3
v 8.7 0 -3.3
v 8.8 0 -3.3
v 6.7 0 -3.4
v 6.8 0 -3.4
v 8.7 0 -3.4
v 8.8 0 -3.4
v 12.4 0 -3.5
v 12.5 0 -3.5
v 10.1 0 -3.6
v 10.2 0 -3.6
v 12.4 0 -3.6
v 12.5 0 -3.6
v 10.1 0 -3.7
v 10.2 0 -3.7
v 7.5 0 -3.8
v 7.6 0 -3.8
v 7.5 0 -3.9
v 7.6 0 -3.9
v 6.3 0 -4
v 6.5 0 -4
v 6.3 0 -4.1
v 6.5 0 -4.1
v 6.5 0 -4.6
v 6.6 0 -4.6
v 5 0 -4.7
v 5.1 0 -4.7
v 6.5 0 -4.7
v 6.6 0 -4.7
v 5 0 -4.8
v 5.1 0 -4.8
v 10.7 0 -5
v 10.8 0 -5
v 10.7 0 -5.1
v 10.8 0 -5.1
v 8.7 0 -5.4
v 8.8 0 -5.4
v 8.7 0 -5.5
v 8.8 0 -5.5
v 11.5 0 -5.5
v 11.6 0 -5.5
v 4.9 0 -5.6
v 5 0 -5.6
v 7.4 0 -5.6
v 7.5 0 -5.6
v 11.5 0 -5.6
v 11.6 0 -5.6
v 4.9 0 -5.7
v 5 0 -5.7
v 7.4 0 -5.7
v 7.5 0 -5.7
v 8.4 0 -5.8
v 8.5 0 -5.8
v 3.3 0 -5.9
v 3.4 0 -5.9
v 8.4 0 -5.9
v 8.5 0 -5.9
v 10.9 0 -5.9
v 11 0 -5.9
v 3.3 0 -6
v 3.4 0 -6
v 12.5 0 -6
v 12.6 0 -6
v 2.6 0 -6.1
v 2.7 0 -6.1
v 8.8 0 -6.1
v 8.9 0 -6.1
v 10.9 0 -6.1
v 11 0 -6.1
v 2.6 0 -6.2
v 2.7 0 -6.2
v 5.4 0 -6.2
v 5.5 0 -6.2
v 12.5 0 -6.2
v 12.6 0 -6.2
v 5.4 0 -6.3
v 5.5 0 -6.3
v 8.8 0 -6.3
v 8.9 0 -6.3
v 12 0 -6.3
v 12.1 0 -6.3
v 8.1 0 -6.4
v 8.2 0 -6.4
v 12 0 -6.4
v 12.1 0 -6.4
v 4.9 0 -6.5
v 5 0 -6.5
v 6 0 -6.5
v 6.1 0 -6.5
v 8.1 0 -6.5
v 8.2 0 -6.5
v 3.7 0 -6.6
v 3.8 0 -6.6
v 4.9 0 -6.6
v 5 0 -6.6
v 6 0 -6.6
v 6.1 0 -6.6
v 3.7 0 -6.7
v 3.8 0 -6.7
v 3.9 0 -7.1
v 4 0 -7.1
v 3.9 0 -7.2
v 4 0 -7.2
v 1.6 0 -7.3
v 1.7 0 -7.3
v 10.4 0 -7.3
v 10.5 0 -7.3
v 1.6 0 -7.4
v 1.7 0 -7.4
v 5.8 0 -7.4
v 6 0 -7.4
v 10.4 0 -7.4
v 10.5 0 -7.4
v 5.8 0 -7.5
v 6 0 -7.5
v 8.4 0 -7.5
v 8.5 0 -7.5
v 11.1 0 -7.5
v 11.2 0 -7.5
v 8.4 0 -7.6
v 8.5 0 -7.6
v 11.1 0 -7.6
v 11.2 0 -7.6
v 11.8 0 -7.6
v 11.9 0 -7.6
v 11 0 -7.7
v 11.1 0 -7.7
v 11.8 0 -7.7
v 11.9 0 -7.7
v 11 0 -7.8
v 11.1 0 -7.8
v 4.7 0 -7.9
v 4.8 0 -7.9
v 1.9 0 -8
v 2 0 -8
v 4.7 0 -8
v 4.8 0 -8
v 10.3 0 -8
v 10.4 0 -8
v 1.9 0 -8.1
v 2 0 -8.1
v 3.2 0 -8.1
v 3.3 0 -8.1
v 5 0 -8.1
v 5.1 0 -8.1
v 10.3 0 -8.1
v 10.4 0 -8.1
v 3.2 0 -8.2
v 3.3 0 -8.2
v 5 0 -8.2
v 5.1 0 -8.2
v 0.7 0 -8.3
v 0.799999 0 -8.3
v 0.7 0 -8.4
v 0.799999 0 -8.4
v -0.900001 0 -8.5
v -0.8 0 -8.5
v 7 0 -8.5
v 7.1 0 -8.5
v -0.900001 0 -8.6
v -0.8 0 -8.6
v 7 0 -8.6
v 7.1 0 -8.6
v 9.4 0 -8.8
v 9.5 0 -8.8
v 7 0 -8.9
v 7.1 0 -8.9
v 9.4 0 -8.9
v 9.5 0 -8.9
v 3.1 0 -9
v 3.2 0 -9
v 7 0 -9
v 7.1 0 -9
v -2.1 0 -9.1
v -2 0 -9.1
v 3.1 0 -9.1
v 3.2 0 -9.1
v -2.1 0 -9.2
v -2 0 -9.2
v 3 0 -9.2
v 3.1 0 -9.2
v 3 0 -9.3
v 3.1 0 -9.3
v -6.3 0 -9.5
v -6.2 0 -9.5
v -8.3 0 -9.6
v -8.2 0 -9.6
v -8.1 0 -9.6
v -8 0 -9.6
v -6.3 0 -9.6
v -6.2 0 -9.6
v -0.3 0 -9.6
v -0.200001 0 -9.6
v 4 0 -9.6
v 4.1 0 -9.6
v 9 0 -9.6
v 9.1 0 -9.6
v 11.9 0 -9.6
v 12 0 -9.6
v -8.3 0 -9.7
v -8.2 0 -9.7
v -0.3 0 -9.7
v -0.200001 0 -9.7
v 2.3 0 -9.7
v 2.4 0 -9.7
v 2.8 0 -9.7
v 2.9 0 -9.7
v 4 0 -9.7
v 4.1 0 -9.7
v 5.6 0 -9.7
v 5.7 0 -9.7
v 9 0 -9.7
v 9.1 0 -9.7
v 11.9 0 -9.7
v 12 0 -9.7
v -8.1 0 -9.8
v -8 0 -9.8
v -7.9 0 -9.8
v -7.7 0 -9.8
v 2.3 0 -9.8
v 2.4 0 -9.8
v 2.8 0 -9.8
v 2.9 0 -9.8
v 5.6 0 -9.8
v 5.7 0 -9.8
v -7.9 0 -9.9
v -7.7 0 -9.9
v 9.8 0 -9.9
v 9.9 0 -9.9
v 6.6 0 -10
v 6.7 0 -10
v 9.8 0 -10
v 9.9 0 -10
v -2.8 0 -10.1
v -2.7 0 -10.1
v -0.900001 0 -10.1
v -0.8 0 -10.1
v 1.6 0 -10.1
v 1.7 0 -10.1
v 6.6 0 -10.1
v 6.7 0 -10.1
v -2.8 0 -10.2
v -2.7 0 -10.2
v -0.900001 0 -10.2
v -0.8 0 -10.2
v 1.6 0 -10.2
v 1.7 0 -10.2
v -4.9 0 -10.3
v -4.8 0 -10.3
v -2.2 0 -10.3
v -2.1 0 -10.3
v -10.2 0 -10.4
v -10.1 0 -10.4
v -4.9 0 -10.4
v -4.8 0 -10.4
v -2.2 0 -10.4
v -2.1 0 -10.4
v 3.5 0 -10.4
v 3.6 0 -10.4
v 6 0 -10.4
v 6.1 0 -10.4
v -10.2 0 -10.5
v -10.1 0 -10.5
v -0.200001 0 -10.5
v -0.1 0 -10.5
v 3.5 0 -10.5
v 3.6 0 -10.5
v 6 0 -10.5
v 6.1 0 -10.5
v 10.7 0 -10.5
v 10.8 0 -10.5
v -10.1 0 -10.6
v -10 0 -10.6
v -0.200001 0 -10.6
v -0.1 0 -10.6
v 11.8 0 -10.6
v 11.9 0 -10.6
v -10.1 0 -10.7
v -10 0 -10.7
v -7.1 0 -10.7
v -6.9 0 -10.7
v 5.3 0 -10.7
v 5.4 0 -10.7
v 10.7 0 -10.7
v 10.8 0 -10.7
v 12.1 0 -10.7
v 12.2 0 -10.7
v -7.2 0 -10.8
v -7.1 0 -10.8
v -6.9 0 -10.8
v 0.799999 0 -10.8
v 1 0 -10.8
v 1.1 0 -10.8
v 1.2 0 -10.8
v 5.3 0 -10.8
v 5.4 0 -10.8
v 11.8 0 -10.8
v 11.9 0 -10.8
v 12.1 0 -10.8
v 12.2 0 -10.8
v -7.2 0 -10.9
v -7.1 0 -10.9
v 0.799999 0 -10.9
v 1 0 -10.9
v 1.1 0 -10.9
v -6.3 0 -11
v -6.2 0 -11
v -2.8 0 -11
v -2.7 0 -11
v 0.299999 0 -11
v 0.4 0 -11
v 1 0 -11
v 1.2 0 -11
v -6.3 0 -11.1
v -6.2 0 -11.1
v -2.9 0 -11.1
v -2.8 0 -11.1
v -2.7 0 -11.1
v 0.299999 0 -11.1
v 0.4 0 -11.1
v -11.2 0 -11.2
v -11.1 0 -11.2
v -10.9 0 -11.2
v -10.7 0 -11.2
v -2.9 0 -11.2
v -2.8 0 -11.2
v -11.2 0 -11.3
v -11.1 0 -11.3
v -10.9 0 -11.3
v -10.7 0 -11.3
v -8.5 0 -11.3
v -8.4 0 -11.3
v 2.5 0 -11.3
v 2.6 0 -11.3
v 8.8 0 -11.3
v 8.9 0 -11.3
v -8.5 0 -11.4
v -8.4 0 -11.4
v -8.3 0 -11.4
v -6.2 0 -11.4
v -6.1 0 -11.4
v 0.799999 0 -11.4
v 0.9 0 -11.4
v 2.5 0 -11.4
v 2.6 0 -11.4
v 3.3 0 -11.4
v 3.4 0 -11.4
v 8.8 0 -11.4
v 8.9 0 -11.4
v -8.4 0 -11.5
v -8.3 0 -11.5
v -6.3 0 -11.5
v -6.2 0 -11.5
v -6.1 0 -11.5
v -3.4 0 -11.5
v -3.3 0 -11.5
v 3.3 0 -11.5
v 3.4 0 -11.5
v 12 0 -11.5
v 12.1 0 -11.5
v -6.3 0 -11.6
v -6.2 0 -11.6
v -3.4 0 -11.6
v -3.3 0 -11.6
v 0.799999 0 -11.6
v 0.9 0 -11.6
v 8.2 0 -11.6
v 8.3 0 -11.6
v 12 0 -11.6
v 12.1 0 -11.6
v 8.2 0 -11.7
v 8.3 0 -11.7
v -11.8 0 -11.8
v -11.7 0 -11.8
v 5.4 0 -11.8
v 5.5 0 -11.8
v 9 0 -11.8
v 9.1 0 -11.8
v 9.7 0 -11.8
v 9.8 0 -11.8
v -11.8 0 -11.9
v -11.7 0 -11.9
v 5.4 0 -11.9
v 5.5 0 -11.9
v 9 0 -11.9
v 9.1 0 -11.9
v 9.7 0 -11.9
v 9.8 0 -11.9
v -4.9 0 -12
v -4.8 0 -12
v 2.1 0 -12
v 2.2 0 -12
v -4.9 0 -12.1
v -4.8 0 -12.1
v 2.1 0 -12.1
v 2.2 0 -12.1
v 9.7 0 -12.1
v 9.8 0 -12.1
v 11.4 0 -12.1
v 11.5 0 -12.1
v -0.900001 0 -12.2
v -0.700001 0 -12.2
v 7.1 0 -12.2
v 7.2 0 -12.2
v 9.7 0 -12.2
v 9.8 0 -12.2
v 11.4 0 -12.2
v 11.5 0 -12.2
v -3.9 0 -12.3
v -3.8 0 -12.3
v -2.2 0 -12.3
v -2.1 0 -12.3
v -0.900001 0 -12.3
v -0.700001 0 -12.3
v 7 0 -12.3
v 7.1 0 -12.3
v -7.9 0 -12.4
v -7.7 0 -12.4
v -3.9 0 -12.4
v -3.8 0 -12.4
v -2.2 0 -12.4
v -2.1 0 -12.4
v 3.7 0 -12.4
v 3.9 0 -12.4
v 7 0 -12.4
v 7.2 0 -12.4
v -7.9 0 -12.5
v -7.7 0 -12.5
v 3.7 0 -12.5
v 3.9 0 -12.5
v -12.8 0 -12.8
v 12.8 0 -12.8
v 10.8 0.1 12.8
v 12.8 0.1 12.8
v 10.8 0.1 12.7
v 10.9 0.1 12.7
v 11.8 0.1 12.6
v 11.9 0.1 12.6
v 11.8 0.1 12.5
v 11.9 0.1 12.5
v 10.9 0.1 12.4
v 11 0.1 12.4
v 11.6 0.1 12.3
v 11.7 0.1 12.3
v 11.6 0.1 12.2
v 11.7 0.1 12.2
v 11 0.1 12.1
v 11.1 0.1 12.1
v 11 0.1 11.8
v 11.1 0.1 11.8
v 11 0.1 11.7
v 11.1 0.1 11.7
v 11.9 0.1 11.5
v 12 0.1 11.5
v 11.9 0.1 11.4
v 12 0.1 11.4
v 11.1 0.1 11.1
v 11.2 0.1 11.1
v 11.2 0.1 10.6
v 11.3 0.1 10.6
v 11.9 0.1 10.6
v 12 0.1 10.6
v 12.4 0.1 10.6
v 12.5 0.1 10.6
v 12.4 0.1 10.5
v 12.5 0.1 10.5
v 11.3 0.1 10.4
v 11.4 0.1 10.4
v 11.9 0.1 10.4
v 12 0.1 10.4
v 11.3 0.1 10.3
v 11.4 0.1 10.3
v 11.9 0.1 9.8
v 12 0.1 9.8
v 11.9 0.1 9.7
v 12 0.1 9.7
v 11.2 0.1 9.6
v 11.3 0.1 9.6
v 11.1 0.1 9.3
v 11.2 0.1 9.3
v 11 0.1 9.2
v 11.1 0.1 9.2
v 12 0.1 9.2
v 12.1 0.1 9.2
v 12 0.1 9.1
v 12.1 0.1 9.1
v 10.9 0.1 9
v 11 0.1 9
v 10.8 0.1 8.9
v 10.9 0.1 8.9
v 10.7 0.1 8.8
v 10.8 0.1 8.8
v 10.6 0.1 8.7
v 10.7 0.1 8.7
v 10.5 0.1 8.6
v 10.6 0.1 8.6
v 10.4 0.1 8.5
v 10.5 0.1 8.5
v 10.3 0.1 8.4
v 10.4 0.1 8.4
v 12 0.1 8.4
v 12.1 0.1 8.4
v 10.2 0.1 8.3
v 10.3 0.1 8.3
v 12 0.1 8.3
v 12.1 0.1 8.3
v 11 0.1 8.2
v 11.1 0.1 8.2
v 10.1 0.1 8.1
v 10.2 0.1 8.1
v 11 0.1 8.1
v 11.1 0.1 8.1
v 10 0.1 8
v 10.1 0.1 8
v 9.9 0.1 7.9
v 10 0.1 7.9
v 9.8 0.1 7.8
v 9.9 0.1 7.8
v 9.7 0.1 7.7
v 9.8 0.1 7.7
v 9.6 0.1 7.6
v 9.7 0.1 7.6
v 9.5 0.1 7.5
v 9.6 0.1 7.5
v 9.4 0.1 7.4
v 9.5 0.1 7.4
v 9.3 0.1 7.3
v 9.4 0.1 7.3
v 12.1 0.1 7.3
v 12.2 0.1 7.3
v 9.2 0.1 7.2
v 9.3 0.1 7.2
v 12.1 0.1 7.2
v 12.2 0.1 7.2
v 9.1 0.1 7.1
v 9.2 0.1 7.1
v 9 0.1 7
v 9.1 0.1 7
v 9.2 0.1 7
v 9.3 0.1 7
v 10.6 0.1 7
v 10.7 0.1 7
v 8.9 0.1 6.9
v 9 0.1 6.9
v 9.2 0.1 6.9
v 9.3 0.1 6.9
v 10.6 0.1 6.9
v 10.7 0.1 6.9
v 8.8 0.1 6.8
v 8.9 0.1 6.8
v 8.7 0.1 6.7
v 8.8 0.1 6.7
v 8.6 0.1 6.6
v 8.7 0.1 6.6
v 11.2 0.1 6.5
v 11.3 0.1 6.5
v 8.5 0.1 6.4
v 8.6 0.1 6.4
v 8.7 0.1 6.4
v 11.2 0.1 6.4
v 11.3 0.1 6.4
v 8.6 0.1 6.3
v 8.7 0.1 6.3
v 11.7 0.1 6.3
v 11.8 0.1 6.3
v 8.4 0.1 6.2
v 8.5 0.1 6.2
v 9.8 0.1 6.2
v 9.9 0.1 6.2
v 10.3 0.1 6.2
v 10.4 0.1 6.2
v 11.7 0.1 6.2
v 11.8 0.1 6.2
v 8.3 0.1 6.1
v 8.4 0.1 6.1
v 9.8 0.1 6.1
v 9.9 0.1 6.1
v 10.3 0.1 6.1
v 10.4 0.1 6.1
v 8.2 0.1 5.9
v 8.3 0.1 5.9
v 8.1 0.1 5.6
v 8.2 0.1 5.6
v 8.3 0.1 5.5
v 8.4 0.1 5.5
v 12.2 0.1 5.5
v 12.4 0.1 5.5
v 8 0.1 5.4
v 8.1 0.1 5.4
v 8.3 0.1 5.4
v 8.4 0.1 5.4
v 9.9 0.1 5.4
v 10 0.1 5.4
v 12.3 0.1 5.4
v 12.4 0.1 5.4
v 9.9 0.1 5.3
v 10 0.1 5.3
v 12.2 0.1 5.3
v 12.3 0.1 5.3
v 7.9 0.1 5.2
v 8 0.1 5.2
v 7.8 0.1 4.9
v 7.9 0.1 4.9
v 12.5 0.1 4.7
v 12.6 0.1 4.7
v 7.7 0.1 4.6
v 7.8 0.1 4.6
v 9.8 0.1 4.5
v 9.9 0.1 4.5
v 12.5 0.1 4.5
v 12.6 0.1 4.5
v 7.6 0.1 4.4
v 7.7 0.1 4.4
v 9 0.1 4.4
v 9.1 0.1 4.4
v 9.8 0.1 4.4
v 9.9 0.1 4.4
v 10.9 0.1 4.4
v 11 0.1 4.4
v 9 0.1 4.3
v 9.1 0.1 4.3
v 10.9 0.1 4.3
v 11 0.1 4.3
v 7.9 0.1 4.2
v 8 0.1 4.2
v 8.1 0.1 4.2
v 7.5 0.1 4.1
v 7.6 0.1 4.1
v 7.9 0.1 4.1
v 8 0.1 4.1
v 8.1 0.1 4.1
v 7.4 0.1 3.9
v 7.5 0.1 3.9
v 9.9 0.1 3.8
v 10 0.1 3.8
v 7.3 0.1 3.7
v 7.4 0.1 3.7
v 9.9 0.1 3.7
v 10 0.1 3.7
v 7.2 0.1 3.5
v 7.3 0.1 3.5
v 10.2 0.1 3.5
v 10.3 0.1 3.5
v 10.2 0.1 3.4
v 10.3 0.1 3.4
v 11.9 0.1 3.4
v 12 0.1 3.4
v 10.1 0.1 3.3
v 10.2 0.1 3.3
v 11.9 0.1 3.3
v 12 0.1 3.3
v 10.1 0.1 3.2
v 10.2 0.1 3.2
v 7.1 0.1 3.1
v 7.2 0.1 3.1
v 10.4 0.1 3.1
v 10.5 0.1 3.1
v 10.4 0.1 3
v 10.5 0.1 3
v 7 0.1 2.9
v 7.1 0.1 2.9
v 8.8 0.1 2.8
v 8.9 0.1 2.8
v 6.9 0.1 2.7
v 7 0.1 2.7
v 8.8 0.1 2.7
v 8.9 0.1 2.7
v 7.2 0.1 2.6
v 7.3 0.1 2.6
v 6.8 0.1 2.5
v 6.9 0.1 2.5
v 7.2 0.1 2.5
v 7.3 0.1 2.5
v 6.7 0.1 2.4
v 6.8 0.1 2.4
v 6.6 0.1 2.2
v 6.7 0.1 2.2
v 6.5 0.1 2
v 6.6 0.1 2
v 8 0.1 1.9
v 8.1 0.1 1.9
v 8 0.1 1.8
v 8.1 0.1 1.8
v 6.4 0.1 1.7
v 6.5 0.1 1.7
v 7.3 0.1 1.7
v 7.4 0.1 1.7
v 7.3 0.1 1.6
v 7.4 0.1 1.6
v 9.6 0.1 1.6
v 9.7 0.1 1.6
v 6.3 0.1 1.5
v 6.4 0.1 1.5
v 9.6 0.1 1.5
v 9.7 0.1 1.5
v 6.2 0.1 1.3
v 6.3 0.1 1.3
v 6.1 0.1 1.2
v 6.2 0.1 1.2
v 6 0.1 1
v 6.1 0.1 1
v 6.7 0.1 1
v 6.8 0.1 1
v 11.5 0.1 1
v 11.6 0.1 1
v 5.9 0.1 0.900001
v 6 0.1 0.900001
v 6.7 0.1 0.900001
v 6.8 0.1 0.900001
v 8.6 0.1 0.900001
v 8.7 0.1 0.900001
v 11.5 0.1 0.900001
v 11.6 0.1 0.900001
v 5.8 0.1 0.8
v 5.9 0.1 0.8
v 8.6 0.1 0.8
v 8.7 0.1 0.8
v 5.7 0.1 0.700001
v 5.8 0.1 0.700001
v 5.6 0.1 0.6
v 5.7 0.1 0.6
v 5.5 0.1 0.5
v 5.6 0.1 0.5
v 7.1 0.1 0.5
v 7.2 0.1 0.5
v 10.5 0.1 0.5
v 10.6 0.1 0.5
v 5.4 0.1 0.400001
v 5.5 0.1 0.400001
v 7.1 0.1 0.400001
v 7.2 0.1 0.400001
v 10.5 0.1 0.400001
v 10.6 0.1 0.400001
v 12.4 0.1 0.400001
v 12.5 0.1 0.400001
v 5.3 0.1 0.3
v 5.4 0.1 0.3
v 12.4 0.1 0.3
v 12.5 0.1 0.3
v 5.2 0.1 0.200001
v 5.3 0.1 0.200001
v 5.1 0.1 0.1
v 5.2 0.1 0.1
v 6.8 0.1 0.1
v 6.9 0.1 0.1
v 7.6 0.1 0.1
v 7.7 0.1 0.1
v 8.7 0.1 0.1
v 8.8 0.1 0.1
v 6.8 0.1 0
v 6.9 0.1 0
v 7.6 0.1 0
v 7.7 0.1 0
v 8.7 0.1 0
v 8.8 0.1 0
v 5 0.1 -0.0999994
v 5.1 0.1 -0.0999994
v 4.9 0.1 -0.299999
v 5 0.1 -0.299999
v 4.8 0.1 -0.5
v 4.9 0.1 -0.5
v 5.4 0.1 -0.5
v 5.5 0.1 -0.5
v 5.4 0.1 -0.599999
v 5.5 0.1 -0.599999
v 11.7 0.1 -0.7
v 11.8 0.1 -0.7
v 4.7 0.1 -0.799999
v 4.8 0.1 -0.799999
v 9.8 0.1 -0.799999
v 9.9 0.1 -0.799999
v 11.7 0.1 -0.799999
v 11.8 0.1 -0.799999
v 9.8 0.1 -0.9
v 9.9 0.1 -0.9
v 11.8 0.1 -0.9
v 11.9 0.1 -0.9
v 6.1 0.1 -1
v 6.2 0.1 -1
v 11.8 0.1 -1
v 11.9 0.1 -1
v 5.9 0.1 -1.1
v 6 0.1 -1.1
v 6.1 0.1 -1.1
v 6.2 0.1 -1.1
v 5.9 0.1 -1.2
v 6 0.1 -1.2
v 7.2 0.1 -1.4
v 7.3 0.1 -1.4
v 8.1 0.1 -1.4
v 8.2 0.1 -1.4
v 10.4 0.1 -1.4
v 10.5 0.1 -1.4
v 11.3 0.1 -1.4
v 11.4 0.1 -1.4
v 7.2 0.1 -1.5
v 7.3 0.1 -1.5
v 8.1 0.1 -1.5
v 8.2 0.1 -1.5
v 10.4 0.1 -1.5
v 10.5 0.1 -1.5
v 11.3 0.1 -1.5
v 11.4 0.1 -1.5
v 4.6 0.1 -1.6
v 4.7 0.1 -1.6
v 10.9 0.1 -1.7
v 11.3 0.1 -1.7
v 4.6 0.1 -1.8
v 10.9 0.1 -1.8
v 11.3 0.1 -1.8
v 4.6 0.1 -1.9
v 7.5 0.1 -1.9
v 7.6 0.1 -1.9
v 4.8 0.1 -2
v 4.9 0.1 -2
v 7.5 0.1 -2
v 7.6 0.1 -2
v 11.5 0.1 -2
v 11.6 0.1 -2
v 4.8 0.1 -2.1
v 4.9 0.1 -2.1
v 11.5 0.1 -2.1
v 11.6 0.1 -2.1
v 12.1 0.1 -2.2
v 12.2 0.1 -2.2
v 4.5 0.1 -2.3
v 4.6 0.1 -2.3
v 12.1 0.1 -2.3
v 12.2 0.1 -2.3
v 9.2 0.1 -2.4
v 9.3 0.1 -2.4
v 9 0.1 -2.5
v 9.1 0.1 -2.5
v 9.2 0.1 -2.5
v 9.3 0.1 -2.5
v 9 0.1 -2.6
v 9.1 0.1 -2.6
v 11.3 0.1 -2.6
v 11.4 0.1 -2.6
v 4.4 0.1 -2.7
v 4.5 0.1 -2.7
v 11.3 0.1 -2.7
v 11.4 0.1 -2.7
v 4.3 0.1 -3.1
v 4.4 0.1 -3.1
v 6.1 0.1 -3.1
v 6.2 0.1 -3.1
v 8.3 0.1 -3.1
v 8.4 0.1 -3.1
v 4.8 0.1 -3.2
v 4.9 0.1 -3.2
v 6.1 0.1 -3.2
v 6.2 0.1 -3.2
v 8.3 0.1 -3.2
v 8.4 0.1 -3.2
v 4.2 0.1 -3.3
v 4.3 0.1 -3.3
v 4.8 0.1 -3.3
v 4.9 0.1 -3.3
v 6.7 0.1 -3.3
v 6.8 0.1 -3.3
v 8.7 0.1 -3.3
v 8.8 0.1 -3.3
v 6.7 0.1 -3.4
v 6.8 0.1 -3.4
v 8.7 0.1 -3.4
v 8.8 0.1 -3.4
v 4.1 0.1 -3.5
v 4.2 0.1 -3.5
v 12.4 0.1 -3.5
v 12.5 0.1 -3.5
v 4.1 0.1 -3.6
v 10.1 0.1 -3.6
v 10.2 0.1 -3.6
v 12.4 0.1 -3.6
v 12.5 0.1 -3.6
v 4.1 0.1 -3.7
v 10.1 0.1 -3.7
v 10.2 0.1 -3.7
v 4 0.1 -3.8
v 4.1 0.1 -3.8
v 7.5 0.1 -3.8
v 7.6 0.1 -3.8
v 7.5 0.1 -3.9
v 7.6 0.1 -3.9
v 3.9 0.1 -4
v 4 0.1 -4
v 6.3 0.1 -4
v 6.5 0.1 -4
v 3.8 0.1 -4.1
v 3.9 0.1 -4.1
v 6.3 0.1 -4.1
v 6.5 0.1 -4.1
v 3.7 0.1 -4.3
v 3.8 0.1 -4.3
v 3.6 0.1 -4.5
v 3.7 0.1 -4.5
v 3.5 0.1 -4.6
v 3.6 0.1 -4.6
v 6.5 0.1 -4.6
v 6.6 0.1 -4.6
v 3.4 0.1 -4.7
v 3.5 0.1 -4.7
v 5 0.1 -4.7
v 5.1 0.1 -4.7
v 6.5 0.1 -4.7
v 6.6 0.1 -4.7
v 5 0.1 -4.8
v 5.1 0.1 -4.8
v 3.3 0.1 -4.9
v 3.4 0.1 -4.9
v 3.2 0.1 -5
v 3.3 0.1 -5
v 10.7 0.1 -5
v 10.8 0.1 -5
v 3.1 0.1 -5.1
v 3.2 0.1 -5.1
v 10.7 0.1 -5.1
v 10.8 0.1 -5.1
v 3 0.1 -5.3
v 3.1 0.1 -5.3
v 2.9 0.1 -5.4
v 3 0.1 -5.4
v 8.7 0.1 -5.4
v 8.8 0.1 -5.4
v 2.8 0.1 -5.5
v 2.9 0.1 -5.5
v 8.7 0.1 -5.5
v 8.8 0.1 -5.5
v 11.5 0.1 -5.5
v 11.6 0.1 -5.5
v 4.9 0.1 -5.6
v 5 0.1 -5.6
v 7.4 0.1 -5.6
v 7.5 0.1 -5.6
v 11.5 0.1 -5.6
v 11.6 0.1 -5.6
v 2.7 0.1 -5.7
v 2.8 0.1 -5.7
v 4.9 0.1 -5.7
v 5 0.1 -5.7
v 7.4 0.1 -5.7
v 7.5 0.1 -5.7
v 2.6 0.1 -5.8
v 2.7 0.1 -5.8
v 8.4 0.1 -5.8
v 8.5 0.1 -5.8
v 2.5 0.1 -5.9
v 2.6 0.1 -5.9
v 3.3 0.1 -5.9
v 3.4 0.1 -5.9
v 8.4 0.1 -5.9
v 8.5 0.1 -5.9
v 10.9 0.1 -5.9
v 11 0.1 -5.9
v 2.4 0.1 -6
v 2.5 0.1 -6
v 3.3 0.1 -6
v 3.4 0.1 -6
v 12.5 0.1 -6
v 12.6 0.1 -6
v 2.2 0.1 -6.1
v 2.4 0.1 -6.1
v 2.6 0.1 -6.1
v 2.7 0.1 -6.1
v 8.8 0.1 -6.1
v 8.9 0.1 -6.1
v 10.9 0.1 -6.1
v 11 0.1 -6.1
v 2.1 0.1 -6.2
v 2.2 0.1 -6.2
v 2.6 0.1 -6.2
v 2.7 0.1 -6.2
v 5.4 0.1 -6.2
v 5.5 0.1 -6.2
v 12.5 0.1 -6.2
v 12.6 0.1 -6.2
v 2 0.1 -6.3
v 2.1 0.1 -6.3
v 5.4 0.1 -6.3
v 5.5 0.1 -6.3
v 8.8 0.1 -6.3
v 8.9 0.1 -6.3
v 12 0.1 -6.3
v 12.1 0.1 -6.3
v 1.8 0.1 -6.4
v 2 0.1 -6.4
v 8.1 0.1 -6.4
v 8.2 0.1 -6.4
v 12 0.1 -6.4
v 12.1 0.1 -6.4
v 1.6 0.1 -6.5
v 1.8 0.1 -6.5
v 4.9 0.1 -6.5
v 5 0.1 -6.5
v 6 0.1 -6.5
v 6.1 0.1 -6.5
v 8.1 0.1 -6.5
v 8.2 0.1 -6.5
v 1.5 0.1 -6.6
v 1.6 0.1 -6.6
v 3.7 0.1 -6.6
v 3.8 0.1 -6.6
v 4.9 0.1 -6.6
v 5 0.1 -6.6
v 6 0.1 -6.6
v 6.1 0.1 -6.6
v 1.4 0.1 -6.7
v 1.5 0.1 -6.7
v 3.7 0.1 -6.7
v 3.8 0.1 -6.7
v 1.3 0.1 -6.8
v 1.4 0.1 -6.8
v 1.2 0.1 -6.9
v 1.3 0.1 -6.9
v 1.1 0.1 -7
v 1.2 0.1 -7
v 0.9 0.1 -7.1
v 1.1 0.1 -7.1
v 3.9 0.1 -7.1
v 4 0.1 -7.1
v 0.7 0.1 -7.2
v 0.9 0.1 -7.2
v 3.9 0.1 -7.2
v 4 0.1 -7.2
v 0.4 0.1 -7.3
v 0.7 0.1 -7.3
v 1.6 0.1 -7.3
v 1.7 0.1 -7.3
v 10.4 0.1 -7.3
v 10.5 0.1 -7.3
v 0.2 0.1 -7.4
v 0.4 0.1 -7.4
v 1.6 0.1 -7.4
v 1.7 0.1 -7.4
v 5.8 0.1 -7.4
v 6 0.1 -7.4
v 10.4 0.1 -7.4
v 10.5 0.1 -7.4
v 0 0.1 -7.5
v 0.2 0.1 -7.5
v 5.8 0.1 -7.5
v 6 0.1 -7.5
v 8.4 0.1 -7.5
v 8.5 0.1 -7.5
v 11.1 0.1 -7.5
v 11.2 0.1 -7.5
v -0.200001 0.1 -7.6
v 0 0.1 -7.6
v 8.4 0.1 -7.6
v 8.5 0.1 -7.6
v 11.1 0.1 -7.6
v 11.2 0.1 -7.6
v 11.8 0.1 -7.6
v 11.9 0.1 -7.6
v -0.400001 0.1 -7.7
v -0.200001 0.1 -7.7
v 11 0.1 -7.7
v 11.1 0.1 -7.7
v 11.8 0.1 -7.7
v 11.9 0.1 -7.7
v -0.6 0.1 -7.8
v -0.400001 0.1 -7.8
v 11 0.1 -7.8
v 11.1 0.1 -7.8
v -0.8 0.1 -7.9
v -0.6 0.1 -7.9
v 4.7 0.1 -7.9
v 4.8 0.1 -7.9
v -1 0.1 -8
v -0.8 0.1 -8
v 1.9 0.1 -8
v 2 0.1 -8
v 4.7 0.1 -8
v 4.8 0.1 -8
v 10.3 0.1 -8
v 10.4 0.1 -8
v -1.2 0.1 -8.1
v -1 0.1 -8.1
v 1.9 0.1 -8.1
v 2 0.1 -8.1
v 3.2 0.1 -8.1
v 3.3 0.1 -8.1
v 5 0.1 -8.1
v 5.1 0.1 -8.1
v 10.3 0.1 -8.1
v 10.4 0.1 -8.1
v -1.4 0.1 -8.2
v -1.2 0.1 -8.2
v 3.2 0.1 -8.2
v 3.3 0.1 -8.2
v 5 0.1 -8.2
v 5.1 0.1 -8.2
v -1.6 0.1 -8.3
v -1.4 0.1 -8.3
v 0.7 0.1 -8.3
v 0.799999 0.1 -8.3
v -1.8 0.1 -8.4
v -1.6 0.1 -8.4
v 0.7 0.1 -8.4
v 0.799999 0.1 -8.4
v -2 0.1 -8.5
v -1.8 0.1 -8.5
v -0.900001 0.1 -8.5
v -0.8 0.1 -8.5
v 7 0.1 -8.5
v 7.1 0.1 -8.5
v -2.2 0.1 -8.6
v -2 0.1 -8.6
v -0.900001 0.1 -8.6
v -0.8 0.1 -8.6
v 7 0.1 -8.6
v 7.1 0.1 -8.6
v -2.4 0.1 -8.7
v -2.2 0.1 -8.7
v -2.7 0.1 -8.8
v -2.4 0.1 -8.8
v 9.4 0.1 -8.8
v 9.5 0.1 -8.8
v -3 0.1 -8.9
v -2.7 0.1 -8.9
v 7 0.1 -8.9
v 7.1 0.1 -8.9
v 9.4 0.1 -8.9
v 9.5 0.1 -8.9
v -3.3 0.1 -9
v -3 0.1 -9
v 3.1 0.1 -9
v 3.2 0.1 -9
v 7 0.1 -9
v 7.1 0.1 -9
v -5.7 0.1 -9.1
v -4.3 0.1 -9.1
v -3.8 0.1 -9.1
v -3.3 0.1 -9.1
v -2.1 0.1 -9.1
v -2 0.1 -9.1
v 3.1 0.1 -9.1
v 3.2 0.1 -9.1
v -6.4 0.1 -9.2
v -5.7 0.1 -9.2
v -4.3 0.1 -9.2
v -3.8 0.1 -9.2
v -2.1 0.1 -9.2
v -2 0.1 -9.2
v 3 0.1 -9.2
v 3.1 0.1 -9.2
v -7.1 0.1 -9.3
v -6.4 0.1 -9.3
v 3 0.1 -9.3
v 3.1 0.1 -9.3
v -7.9 0.1 -9.4
v -7.1 0.1 -9.4
v -8.4 0.1 -9.5
v -7.9 0.1 -9.5
v -6.3 0.1 -9.5
v -6.2 0.1 -9.5
v -9.5 0.1 -9.6
v -8.4 0.1 -9.6
v -8.3 0.1 -9.6
v -8.2 0.1 -9.6
v -8.1 0.1 -9.6
v -8 0.1 -9.6
v -6.3 0.1 -9.6
v -6.2 0.1 -9.6
v -0.3 0.1 -9.6
v -0.200001 0.1 -9.6
v 4 0.1 -9.6
v 4.1 0.1 -9.6
v 9 0.1 -9.6
v 9.1 0.1 -9.6
v 11.9 0.1 -9.6
v 12 0.1 -9.6
v -9.9 0.1 -9.7
v -9.5 0.1 -9.7
v -8.3 0.1 -9.7
v -8.2 0.1 -9.7
v -0.3 0.1 -9.7
v -0.200001 0.1 -9.7
v 2.3 0.1 -9.7
v 2.4 0.1 -9.7
v 2.8 0.1 -9.7
v 2.9 0.1 -9.7
v 4 0.1 -9.7
v 4.1 0.1 -9.7
v 5.6 0.1 -9.7
v 5.7 0.1 -9.7
v 9 0.1 -9.7
v 9.1 0.1 -9.7
v 11.9 0.1 -9.7
v 12 0.1 -9.7
v -10.3 0.1 -9.8
v -9.9 0.1 -9.8
v -8.1 0.1 -9.8
v -8 0.1 -9.8
v -7.9 0.1 -9.8
v -7.7 0.1 -9.8
v 2.3 0.1 -9.8
v 2.4 0.1 -9.8
v 2.8 0.1 -9.8
v 2.9 0.1 -9.8
v 5.6 0.1 -9.8
v 5.7 0.1 -9.8
v -10.7 0.1 -9.9
v -10.3 0.1 -9.9
v -7.9 0.1 -9.9
v -7.7 0.1 -9.9
v 9.8 0.1 -9.9
v 9.9 0.1 -9.9
v -11 0.1 -10
v -10.7 0.1 -10
v 6.6 0.1 -10
v 6.7 0.1 -10
v 9.8 0.1 -10
v 9.9 0.1 -10
v -11.2 0.1 -10.1
v -11 0.1 -10.1
v -2.8 0.1 -10.1
v -2.7 0.1 -10.1
v -0.900001 0.1 -10.1
v -0.8 0.1 -10.1
v 1.6 0.1 -10.1
v 1.7 0.1 -10.1
v 6.6 0.1 -10.1
v 6.7 0.1 -10.1
v -11.5 0.1 -10.2
v -11.2 0.1 -10.2
v -2.8 0.1 -10.2
v -2.7 0.1 -10.2
v -0.900001 0.1 -10.2
v -0.8 0.1 -10.2
v 1.6 0.1 -10.2
v 1.7 0.1 -10.2
v -11.9 0.1 -10.3
v -11.5 0.1 -10.3
v -4.9 0.1 -10.3
v -4.8 0.1 -10.3
v -2.2 0.1 -10.3
v -2.1 0.1 -10.3
v -12.8 0.1 -10.4
v -12.7 0.1 -10.4
v -12.1 0.1 -10.4
v -11.9 0.1 -10.4
v -10.2 0.1 -10.4
v -10.1 0.1 -10.4
v -4.9 0.1 -10.4
v -4.8 0.1 -10.4
v -2.2 0.1 -10.4
v -2.1 0.1 -10.4
v 3.5 0.1 -10.4
v 3.6 0.1 -10.4
v 6 0.1 -10.4
v 6.1 0.1 -10.4
v -12.7 0.1 -10.5
v -12.1 0.1 -10.5
v -10.2 0.1 -10.5
v -10.1 0.1 -10.5
v -0.200001 0.1 -10.5
v -0.1 0.1 -10.5
v 3.5 0.1 -10.5
v 3.6 0.1 -10.5
v 6 0.1 -10.5
v 6.1 0.1 -10.5
v 10.7 0.1 -10.5
v 10.8 0.1 -10.5
v -10.1 0.1 -10.6
v -10 0.1 -10.6
v -0.200001 0.1 -10.6
v -0.1 0.1 -10.6
v 11.8 0.1 -10.6
v 11.9 0.1 -10.6
v -10.1 0.1 -10.7
v -10 0.1 -10.7
v -7.1 0.1 -10.7
v -6.9 0.1 -10.7
v 5.3 0.1 -10.7
v 5.4 0.1 -10.7
v 10.7 0.1 -10.7
v 10.8 0.1 -10.7
v 12.1 0.1 -10.7
v 12.2 0.1 -10.7
v -7.2 0.1 -10.8
v -7.1 0.1 -10.8
v -6.9 0.1 -10.8
v 0.799999 0.1 -10.8
v 1 0.1 -10.8
v 1.1 0.1 -10.8
v 1.2 0.1 -10.8
v 5.3 0.1 -10.8
v 5.4 0.1 -10.8
v 11.8 0.1 -10.8
v 11.9 0.1 -10.8
v 12.1 0.1 -10.8
v 12.2 0.1 -10.8
v -7.2 0.1 -10.9
v -7.1 0.1 -10.9
v 0.799999 0.1 -10.9
v 1 0.1 -10.9
v 1.1 0.1 -10.9
v -6.3 0.1 -11
v -6.2 0.1 -11
v -2.8 0.1 -11
v -2.7 0.1 -11
v 0.299999 0.1 -11
v 0.4 0.1 -11
v 1 0.1 -11
v 1.2 0.1 -11
v -6.3 0.1 -11.1
v -6.2 0.1 -11.1
v -2.9 0.1 -11.1
v -2.8 0.1 -11.1
v -2.7 0.1 -11.1
v 0.299999 0.1 -11.1
v 0.4 0.1 -11.1
v -11.2 0.1 -11.2
v -11.1 0.1 -11.2
v -10.9 0.1 -11.2
v -10.7 0.1 -11.2
v -2.9 0.1 -11.2
v -2.8 0.1 -11.2
v -11.2 0.1 -11.3
v -11.1 0.1 -11.3
v -10.9 0.1 -11.3
v -10.7 0.1 -11.3
v -8.5 0.1 -11.3
v -8.4 0.1 -11.3
v 2.5 0.1 -11.3
v 2.6 0.1 -11.3
v 8.8 0.1 -11.3
v 8.9 0.1 -11.3
v -8.5 0.1 -11.4
v -8.4 0.1 -11.4
v -8.3 0.1 -11.4
v -6.2 0.1 -11.4
v -6.1 0.1 -11.4
v 0.799999 0.1 -11.4
v 0.9 0.1 -11.4
v 2.5 0.1 -11.4
v 2.6 0.1 -11.4
v 3.3 0.1 -11.4
v 3.4 0.1 -11.4
v 8.8 0.1 -11.4
v 8.9 0.1 -11.4
v -8.4 0.1 -11.5
v -8.3 0.1 -11.5
v -6.3 0.1 -11.5
v -6.2 0.1 -11.5
v -6.1 0.1 -11.5
v -3.4 0.1 -11.5
v -3.3 0.1 -11.5
v 3.3 0.1 -11.5
v 3.4 0.1 -11.5
v 12 0.1 -11.5
v 12.1 0.1 -11.5
v -6.3 0.1 -11.6
v -6.2 0.1 -11.6
v -3.4 0.1 -11.6
v -3.3 0.1 -11.6
v 0.799999 0.1 -11.6
v 0.9 0.1 -11.6
v 8.2 0.1 -11.6
v 8.3 0.1 -11.6
v 12 0.1 -11.6
v 12.1 0.1 -11.6
v 8.2 0.1 -11.7
v 8.3 0.1 -11.7
v -11.8 0.1 -11.8
v -11.7 0.1 -11.8
v 5.4 0.1 -11.8
v 5.5 0.1 -11.8
v 9 0.1 -11.8
v 9.1 0.1 -11.8
v 9.7 0.1 -11.8
v 9.8 0.1 -11.8
v -11.8 0.1 -11.9
v -11.7 0.1 -11.9
v 5.4 0.1 -11.9
v 5.5 0.1 -11.9
v 9 0.1 -11.9
v 9.1 0.1 -11.9
v 9.7 0.1 -11.9
v 9.8 0.1 -11.9
v -4.9 0.1 -12
v -4.8 0.1 -12
v 2.1 0.1 -12
v 2.2 0.1 -12
v -4.9 0.1 -12.1
v -4.8 0.1 -12.1
v 2.1 0.1 -12.1
v 2.2 0.1 -12.1
v 9.7 0.1 -12.1
v 9.8 0.1 -12.1
v 11.4 0.1 -12.1
v 11.5 0.1 -12.1
v -0.900001 0.1 -12.2
v -0.700001 0.1 -12.2
v 7.1 0.1 -12.2
v 7.2 0.1 -12.2
v 9.7 0.1 -12.2
v 9.8 0.1 -12.2
v 11.4 0.1 -12.2
v 11.5 0.1 -12.2
v -3.9 0.1 -12.3
v -3.8 0.1 -12.3
v -2.2 0.1 -12.3
v -2.1 0.1 -12.3
v -0.900001 0.1 -12.3
v -0.700001 0.1 -12.3
v 7 0.1 -12.3
v 7.1 0.1 -12.3
v -7.9 0.1 -12.4
v -7.7 0.1 -12.4
v -3.9 0.1 -12.4
v -3.8 0.1 -12.4
v -2.2 0.1 -12.4
v -2.1 0.1 -12.4
v 3.7 0.1 -12.4
v 3.9 0.1 -12.4
v 7 0.1 -12.4
v 7.2 0.1 -12.4
v -7.9 0.1 -12.5
v -7.7 0.1 -12.5
v 3.7 0.1 -12.5
v 3.9 0.1 -12.5
v -12.8 0.1 -12.8
v 12.8 0.1 -12.8
v 9.7 0.2 12.8
v 10.8 0.2 12.8
v 10.8 0.2 12.7
v 10.9 0.2 12.7
v 10.9 0.2 12.4
v 11 0.2 12.4
v 9.6 0.2 12.3
v 9.7 0.2 12.3
v 10.8 0.2 12.3
v 10.9 0.2 12.3
v 10.8 0.2 12.2
v 10.9 0.2 12.2
v 11 0.2 12.1
v 11.1 0.2 12.1
v 11 0.2 11.8
v 11.1 0.2 11.8
v 9.5 0.2 11.7
v 9.6 0.2 11.7
v 11 0.2 11.7
v 11.1 0.2 11.7
v 9.4 0.2 11.5
v 9.5 0.2 11.5
v 9.4 0.2 11.2
v 9.3 0.2 11.1
v 9.4 0.2 11.1
v 10.1 0.2 11.1
v 10.2 0.2 11.1
v 11.1 0.2 11.1
v 11.2 0.2 11.1
v 9.3 0.2 11
v 10.1 0.2 11
v 10.2 0.2 11
v 9.2 0.2 10.9
v 9.3 0.2 10.9
v 9.1 0.2 10.7
v 9.2 0.2 10.7
v 9 0.2 10.6
v 9.1 0.2 10.6
v 11.2 0.2 10.6
v 11.3 0.2 10.6
v 8.9 0.2 10.4
v 9 0.2 10.4
v 11.2 0.2 10.4
v 11.3 0.2 10.4
v 11.2 0.2 10.3
v 11.3 0.2 10.3
v 10.2 0.2 10
v 10.3 0.2 10
v 8.8 0.2 9.9
v 8.9 0.2 9.9
v 10.2 0.2 9.9
v 10.3 0.2 9.9
v 8.7 0.2 9.8
v 8.8 0.2 9.8
v 9.8 0.2 9.7
v 9.9 0.2 9.7
v 8.6 0.2 9.6
v 8.7 0.2 9.6
v 9.8 0.2 9.6
v 9.9 0.2 9.6
v 11.2 0.2 9.6
v 11.3 0.2 9.6
v 8.5 0.2 9.5
v 8.6 0.2 9.5
v 8.4 0.2 9.4
v 8.5 0.2 9.4
v 8.3 0.2 9.3
v 8.4 0.2 9.3
v 11.1 0.2 9.3
v 11.2 0.2 9.3
v 11 0.2 9.2
v 11.1 0.2 9.2
v 8.2 0.2 9.1
v 8.3 0.2 9.1
v 8.1 0.2 9
v 8.2 0.2 9
v 10.9 0.2 9
v 11 0.2 9
v 8 0.2 8.9
v 8.1 0.2 8.9
v 8.6 0.2 8.9
v 8.7 0.2 8.9
v 9.7 0.2 8.9
v 9.8 0.2 8.9
v 10 0.2 8.9
v 10.1 0.2 8.9
v 10.8 0.2 8.9
v 10.9 0.2 8.9
v 7.9 0.2 8.8
v 8 0.2 8.8
v 8.1 0.2 8.8
v 8.2 0.2 8.8
v 8.6 0.2 8.8
v 8.7 0.2 8.8
v 9.7 0.2 8.8
v 9.8 0.2 8.8
v 10 0.2 8.8
v 10.1 0.2 8.8
v 10.7 0.2 8.8
v 10.8 0.2 8.8
v 8.1 0.2 8.7
v 8.2 0.2 8.7
v 10.6 0.2 8.7
v 10.7 0.2 8.7
v 7.8 0.2 8.6
v 7.9 0.2 8.6
v 10.5 0.2 8.6
v 10.6 0.2 8.6
v 7.7 0.2 8.5
v 7.8 0.2 8.5
v 8.4 0.2 8.5
v 8.6 0.2 8.5
v 9.2 0.2 8.5
v 9.3 0.2 8.5
v 10.4 0.2 8.5
v 10.5 0.2 8.5
v 7.6 0.2 8.4
v 7.7 0.2 8.4
v 8.4 0.2 8.4
v 8.6 0.2 8.4
v 9.2 0.2 8.4
v 9.3 0.2 8.4
v 10.3 0.2 8.4
v 10.4 0.2 8.4
v 10.2 0.2 8.3
v 10.3 0.2 8.3
v 7.5 0.2 8.2
v 7.6 0.2 8.2
v 7.3 0.2 8.1
v 7.5 0.2 8.1
v 10.1 0.2 8.1
v 10.2 0.2 8.1
v 7.2 0.2 8
v 7.3 0.2 8
v 10 0.2 8
v 10.1 0.2 8
v 7.1 0.2 7.9
v 7.2 0.2 7.9
v 9.9 0.2 7.9
v 10 0.2 7.9
v 9.8 0.2 7.8
v 9.9 0.2 7.8
v 7 0.2 7.7
v 7.1 0.2 7.7
v 9.7 0.2 7.7
v 9.8 0.2 7.7
v 6.9 0.2 7.6
v 7 0.2 7.6
v 9.6 0.2 7.6
v 9.7 0.2 7.6
v 6.8 0.2 7.5
v 6.9 0.2 7.5
v 9.5 0.2 7.5
v 9.6 0.2 7.5
v 9.4 0.2 7.4
v 9.5 0.2 7.4
v 6.7 0.2 7.3
v 6.8 0.2 7.3
v 9.3 0.2 7.3
v 9.4 0.2 7.3
v 7.9 0.2 7.2
v 8 0.2 7.2
v 9.2 0.2 7.2
v 9.3 0.2 7.2
v 6.6 0.2 7.1
v 6.7 0.2 7.1
v 7.9 0.2 7.1
v 8 0.2 7.1
v 9.1 0.2 7.1
v 9.2 0.2 7.1
v 9 0.2 7
v 9.1 0.2 7
v 6.5 0.2 6.9
v 6.6 0.2 6.9
v 8.9 0.2 6.9
v 9 0.2 6.9
v 8.5 0.2 6.8
v 8.6 0.2 6.8
v 8.8 0.2 6.8
v 8.9 0.2 6.8
v 6.4 0.2 6.7
v 6.5 0.2 6.7
v 7.7 0.2 6.7
v 7.8 0.2 6.7
v 8.5 0.2 6.7
v 8.6 0.2 6.7
v 8.7 0.2 6.7
v 8.8 0.2 6.7
v 7.7 0.2 6.6
v 7.8 0.2 6.6
v 8.6 0.2 6.6
v 8.7 0.2 6.6
v 6.3 0.2 6.5
v 6.4 0.2 6.5
v 8.5 0.2 6.4
v 8.6 0.2 6.4
v 6.2 0.2 6.3
v 6.3 0.2 6.3
v 8.4 0.2 6.2
v 8.5 0.2 6.2
v 6.1 0.2 6.1
v 6.2 0.2 6.1
v 8.3 0.2 6.1
v 8.4 0.2 6.1
v 6 0.2 5.9
v 6.1 0.2 5.9
v 6.5 0.2 5.9
v 6.6 0.2 5.9
v 8.2 0.2 5.9
v 8.3 0.2 5.9
v 6.5 0.2 5.8
v 6.6 0.2 5.8
v 5.9 0.2 5.7
v 6 0.2 5.7
v 8.1 0.2 5.6
v 8.2 0.2 5.6
v 5.8 0.2 5.4
v 5.9 0.2 5.4
v 8 0.2 5.4
v 8.1 0.2 5.4
v 5.7 0.2 5.2
v 5.8 0.2 5.2
v 7.9 0.2 5.2
v 8 0.2 5.2
v 6.4 0.2 5.1
v 6.5 0.2 5.1
v 5.6 0.2 5
v 5.7 0.2 5
v 6.4 0.2 5
v 6.5 0.2 5
v 6.6 0.2 5
v 5.5 0.2 4.9
v 5.6 0.2 4.9
v 6.5 0.2 4.9
v 6.6 0.2 4.9
v 7.8 0.2 4.9
v 7.9 0.2 4.9
v 5.4 0.2 4.7
v 5.5 0.2 4.7
v 7.7 0.2 4.6
v 7.8 0.2 4.6
v 5.3 0.2 4.5
v 5.4 0.2 4.5
v 5.2 0.2 4.4
v 5.3 0.2 4.4
v 7.6 0.2 4.4
v 7.7 0.2 4.4
v 5.1 0.2 4.3
v 5.2 0.2 4.3
v 5 0.2 4.2
v 5.1 0.2 4.2
v 6.3 0.2 4.2
v 6.4 0.2 4.2
v 7 0.2 4.2
v 7.1 0.2 4.2
v 4.9 0.2 4.1
v 5 0.2 4.1
v 6.3 0.2 4.1
v 6.4 0.2 4.1
v 7 0.2 4.1
v 7.1 0.2 4.1
v 7.5 0.2 4.1
v 7.6 0.2 4.1
v 4.8 0.2 4
v 4.9 0.2 4
v 7.4 0.2 3.9
v 7.5 0.2 3.9
v 4.7 0.2 3.8
v 4.8 0.2 3.8
v 4.6 0.2 3.7
v 4.7 0.2 3.7
v 7.3 0.2 3.7
v 7.4 0.2 3.7
v 4.5 0.2 3.6
v 4.6 0.2 3.6
v 4.4 0.2 3.5
v 4.5 0.2 3.5
v 7.2 0.2 3.5
v 7.3 0.2 3.5
v 5.3 0.2 3.4
v 5.4 0.2 3.4
v 4.3 0.2 3.3
v 4.4 0.2 3.3
v 5.3 0.2 3.3
v 5.4 0.2 3.3
v 6.4 0.2 3.3
v 6.5 0.2 3.3
v 4.2 0.2 3.2
v 4.3 0.2 3.2
v 6.4 0.2 3.2
v 6.5 0.2 3.2
v 4 0.2 3.1
v 4.2 0.2 3.1
v 7.1 0.2 3.1
v 7.2 0.2 3.1
v 3.9 0.2 3
v 4 0.2 3
v 3.8 0.2 2.9
v 3.9 0.2 2.9
v 7 0.2 2.9
v 7.1 0.2 2.9
v 3.7 0.2 2.8
v 3.8 0.2 2.8
v 3.6 0.2 2.7
v 3.7 0.2 2.7
v 6.9 0.2 2.7
v 7 0.2 2.7
v 3.5 0.2 2.6
v 3.6 0.2 2.6
v 3.4 0.2 2.5
v 3.5 0.2 2.5
v 5.7 0.2 2.5
v 5.8 0.2 2.5
v 6.8 0.2 2.5
v 6.9 0.2 2.5
v 3.3 0.2 2.4
v 3.4 0.2 2.4
v 5.7 0.2 2.4
v 5.8 0.2 2.4
v 6.7 0.2 2.4
v 6.8 0.2 2.4
v 3.2 0.2 2.3
v 3.3 0.2 2.3
v 3 0.2 2.2
v 3.2 0.2 2.2
v 4.1 0.2 2.2
v 4.2 0.2 2.2
v 6.6 0.2 2.2
v 6.7 0.2 2.2
v 2.9 0.2 2.1
v 3 0.2 2.1
v 4.1 0.2 2.1
v 4.2 0.2 2.1
v 2.8 0.2 2
v 2.9 0.2 2
v 6.5 0.2 2
v 6.6 0.2 2
v 4.2 0.2 1.9
v 4.3 0.2 1.9
v 2.7 0.2 1.8
v 2.8 0.2 1.8
v 4.2 0.2 1.8
v 4.3 0.2 1.8
v 2.6 0.2 1.7
v 2.7 0.2 1.7
v 6.4 0.2 1.7
v 6.5 0.2 1.7
v 2.5 0.2 1.6
v 2.6 0.2 1.6
v 2.3 0.2 1.5
v 2.5 0.2 1.5
v 6.3 0.2 1.5
v 6.4 0.2 1.5
v 2.2 0.2 1.4
v 2.3 0.2 1.4
v 2.1 0.2 1.3
v 2.2 0.2 1.3
v 6.2 0.2 1.3
v 6.3 0.2 1.3
v 1.9 0.2 1.2
v 2.1 0.2 1.2
v 4.7 0.2 1.2
v 4.8 0.2 1.2
v 6.1 0.2 1.2
v 6.2 0.2 1.2
v 1.8 0.2 1.1
v 1.9 0.2 1.1
v 4.7 0.2 1.1
v 4.8 0.2 1.1
v 1.6 0.2 1
v 1.8 0.2 1
v 2.9 0.2 1
v 3 0.2 1
v 4.8 0.2 1
v 4.9 0.2 1
v 6 0.2 1
v 6.1 0.2 1
v 1.5 0.2 0.900001
v 1.6 0.2 0.900001
v 2.9 0.2 0.900001
v 3 0.2 0.900001
v 4.8 0.2 0.900001
v 4.9 0.2 0.900001
v 5.9 0.2 0.900001
v 6 0.2 0.900001
v 1.4 0.2 0.8
v 1.5 0.2 0.8
v 5.8 0.2 0.8
v 5.9 0.2 0.8
v 1.2 0.2 0.700001
v 1.4 0.2 0.700001
v 5.1 0.2 0.700001
v 5.2 0.2 0.700001
v 5.7 0.2 0.700001
v 5.8 0.2 0.700001
v 1.1 0.2 0.6
v 1.2 0.2 0.6
v 5.1 0.2 0.6
v 5.2 0.2 0.6
v 5.6 0.2 0.6
v 5.7 0.2 0.6
v 0.9 0.2 0.5
v 1.1 0.2 0.5
v 1.9 0.2 0.5
v 2 0.2 0.5
v 5.5 0.2 0.5
v 5.6 0.2 0.5
v 0.7 0.2 0.400001
v 0.9 0.2 0.400001
v 1.9 0.2 0.400001
v 2 0.2 0.400001
v 4.9 0.2 0.400001
v 5.1 0.2 0.400001
v 5.4 0.2 0.400001
v 5.5 0.2 0.400001
v 0.5 0.2 0.3
v 0.7 0.2 0.3
v 4.9 0.2 0.3
v 5.1 0.2 0.3
v 5.3 0.2 0.3
v 5.4 0.2 0.3
v 0.299999 0.2 0.200001
v 0.5 0.2 0.200001
v 5.2 0.2 0.200001
v 5.3 0.2 0.200001
v 0.0999994 0.2 0.1
v 0.299999 0.2 0.1
v 5.1 0.2 0.1
v 5.2 0.2 0.1
v -0.1 0.2 0
v 0.0999994 0.2 0
v 3.2 0.2 0
v 3.3 0.2 0
v -0.3 0.2 -0.0999994
v -0.1 0.2 -0.0999994
v 3.2 0.2 -0.0999994
v 3.3 0.2 -0.0999994
v 3.6 0.2 -0.0999994
v 3.7 0.2 -0.0999994
v 5 0.2 -0.0999994
v 5.1 0.2 -0.0999994
v -0.400001 0.2 -0.2
v -0.3 0.2 -0.2
v 3.6 0.2 -0.2
v 3.7 0.2 -0.2
v -0.5 0.2 -0.299999
v -0.400001 0.2 -0.299999
v 4.9 0.2 -0.299999
v 5 0.2 -0.299999
v -0.700001 0.2 -0.4
v -0.5 0.2 -0.4
v -0.8 0.2 -0.5
v -0.700001 0.2 -0.5
v 4.8 0.2 -0.5
v 4.9 0.2 -0.5
v -1 0.2 -0.599999
v -0.8 0.2 -0.599999
v -1.1 0.2 -0.7
v -1 0.2 -0.7
v 0.5 0.2 -0.7
v 0.599999 0.2 -0.7
v -1.2 0.2 -0.799999
v -1.1 0.2 -0.799999
v -0.200001 0.2 -0.799999
v -0.1 0.2 -0.799999
v 0.5 0.2 -0.799999
v 0.599999 0.2 -0.799999
v 4.7 0.2 -0.799999
v 4.8 0.2 -0.799999
v -1.4 0.2 -0.9
v -1.2 0.2 -0.9
v -0.200001 0.2 -0.9
v -0.1 0.2 -0.9
v -1.6 0.2 -1
v -1.4 0.2 -1
v -1.7 0.2 -1.1
v -1.6 0.2 -1.1
v -1.9 0.2 -1.2
v -1.7 0.2 -1.2
v -0.5 0.2 -1.2
v -0.400001 0.2 -1.2
v -2 0.2 -1.3
v -1.9 0.2 -1.3
v -0.5 0.2 -1.3
v -0.400001 0.2 -1.3
v 1.4 0.2 -1.3
v 1.5 0.2 -1.3
v -2.1 0.2 -1.4
v -2 0.2 -1.4
v 1.4 0.2 -1.4
v 1.5 0.2 -1.4
v 3.1 0.2 -1.4
v 3.2 0.2 -1.4
v -2.3 0.2 -1.5
v -2.1 0.2 -1.5
v 3.1 0.2 -1.5
v 3.2 0.2 -1.5
v -2.4 0.2 -1.6
v -2.3 0.2 -1.6
v 1.8 0.2 -1.6
v 1.9 0.2 -1.6
v 3.8 0.2 -1.6
v 3.9 0.2 -1.6
v 4.6 0.2 -1.6
v 4.7 0.2 -1.6
v -2.6 0.2 -1.7
v -2.4 0.2 -1.7
v -0.700001 0.2 -1.7
v -0.6 0.2 -1.7
v -0.3 0.2 -1.7
v -0.200001 0.2 -1.7
v 1.6 0.2 -1.7
v 1.7 0.2 -1.7
v 1.8 0.2 -1.7
v 1.9 0.2 -1.7
v 3.8 0.2 -1.7
v 3.9 0.2 -1.7
v -2.7 0.2 -1.8
v -2.6 0.2 -1.8
v -0.700001 0.2 -1.8
v -0.6 0.2 -1.8
v -0.3 0.2 -1.8
v -0.200001 0.2 -1.8
v 1.6 0.2 -1.8
v 1.7 0.2 -1.8
v 4.5 0.2 -1.8
v 4.6 0.2 -1.8
v -2.8 0.2 -1.9
v -2.7 0.2 -1.9
v 4.5 0.2 -1.9
v 4.6 0.2 -1.9
v -2.9 0.2 -2
v -2.8 0.2 -2
v 0.0999994 0.2 -2
v 0.2 0.2 -2
v 2.1 0.2 -2
v 2.2 0.2 -2
v -3 0.2 -2.1
v -2.9 0.2 -2.1
v 0.0999994 0.2 -2.1
v 0.2 0.2 -2.1
v 2.1 0.2 -2.1
v 2.2 0.2 -2.1
v -3.1 0.2 -2.2
v -3 0.2 -2.2
v 1.2 0.2 -2.2
v 1.3 0.2 -2.2
v -3.2 0.2 -2.3
v -3.1 0.2 -2.3
v 1.2 0.2 -2.3
v 1.3 0.2 -2.3
v 4.5 0.2 -2.3
v 4.6 0.2 -2.3
v -3.3 0.2 -2.4
v -3.2 0.2 -2.4
v -3.4 0.2 -2.5
v -3.3 0.2 -2.5
v 3.1 0.2 -2.5
v 3.2 0.2 -2.5
v -3.5 0.2 -2.6
v -3.4 0.2 -2.6
v -1.2 0.2 -2.6
v -1 0.2 -2.6
v 3.1 0.2 -2.6
v 3.2 0.2 -2.6
v -3.6 0.2 -2.7
v -3.5 0.2 -2.7
v -1.2 0.2 -2.7
v -1 0.2 -2.7
v 4.4 0.2 -2.7
v 4.5 0.2 -2.7
v -3.7 0.2 -2.8
v -3.6 0.2 -2.8
v -0.8 0.2 -2.8
v -0.700001 0.2 -2.8
v -3.8 0.2 -2.9
v -3.7 0.2 -2.9
v -0.8 0.2 -2.9
v -0.700001 0.2 -2.9
v -3.9 0.2 -3
v -3.8 0.2 -3
v -4 0.2 -3.1
v -3.9 0.2 -3.1
v -0.700001 0.2 -3.1
v -0.6 0.2 -3.1
v 0.5 0.2 -3.1
v 0.599999 0.2 -3.1
v 4.3 0.2 -3.1
v 4.4 0.2 -3.1
v -4.1 0.2 -3.2
v -4 0.2 -3.2
v -3.2 0.2 -3.2
v -3.1 0.2 -3.2
v -0.700001 0.2 -3.2
v -0.6 0.2 -3.2
v 0.5 0.2 -3.2
v 0.599999 0.2 -3.2
v 2.4 0.2 -3.2
v 2.5 0.2 -3.2
v -4.2 0.2 -3.3
v -4.1 0.2 -3.3
v -3.2 0.2 -3.3
v -3.1 0.2 -3.3
v 2.4 0.2 -3.3
v 2.5 0.2 -3.3
v 4.2 0.2 -3.3
v 4.3 0.2 -3.3
v -4.3 0.2 -3.4
v -4.2 0.2 -3.4
v 4.1 0.2 -3.5
v 4.2 0.2 -3.5
v -4.4 0.2 -3.6
v -4.3 0.2 -3.6
v -3.1 0.2 -3.6
v -2.9 0.2 -3.6
v 4 0.2 -3.6
v 4.1 0.2 -3.6
v -4.5 0.2 -3.7
v -4.4 0.2 -3.7
v -3.1 0.2 -3.7
v -2.9 0.2 -3.7
v 4 0.2 -3.7
v 4.1 0.2 -3.7
v -4.6 0.2 -3.8
v -4.5 0.2 -3.8
v -4.4 0.2 -3.8
v -4.3 0.2 -3.8
v -1.6 0.2 -3.8
v -1.5 0.2 -3.8
v 2.2 0.2 -3.8
v 2.3 0.2 -3.8
v 4 0.2 -3.8
v 4.1 0.2 -3.8
v -4.7 0.2 -3.9
v -4.6 0.2 -3.9
v -4.4 0.2 -3.9
v -4.3 0.2 -3.9
v -1.6 0.2 -3.9
v -1.5 0.2 -3.9
v 0.299999 0.2 -3.9
v 0.4 0.2 -3.9
v 2.2 0.2 -3.9
v 2.3 0.2 -3.9
v 0.299999 0.2 -4
v 0.4 0.2 -4
v 3.9 0.2 -4
v 4 0.2 -4
v -4.8 0.2 -4.1
v -4.7 0.2 -4.1
v -0.200001 0.2 -4.1
v -0.1 0.2 -4.1
v 3.8 0.2 -4.1
v 3.9 0.2 -4.1
v -4.9 0.2 -4.2
v -4.8 0.2 -4.2
v -4.7 0.2 -4.2
v -4.6 0.2 -4.2
v -0.200001 0.2 -4.2
v -0.1 0.2 -4.2
v -4.7 0.2 -4.3
v -4.6 0.2 -4.3
v 0.0999994 0.2 -4.3
v 0.2 0.2 -4.3
v 2.8 0.2 -4.3
v 2.9 0.2 -4.3
v 3.7 0.2 -4.3
v 3.8 0.2 -4.3
v -5 0.2 -4.4
v -4.9 0.2 -4.4
v 0.0999994 0.2 -4.4
v 0.2 0.2 -4.4
v 2.8 0.2 -4.4
v 2.9 0.2 -4.4
v -5.1 0.2 -4.5
v -5 0.2 -4.5
v 3.6 0.2 -4.5
v 3.7 0.2 -4.5
v -5.2 0.2 -4.6
v -5.1 0.2 -4.6
v 3.5 0.2 -4.6
v 3.6 0.2 -4.6
v -5.3 0.2 -4.7
v -5.2 0.2 -4.7
v -4.2 0.2 -4.7
v -4.1 0.2 -4.7
v -1.1 0.2 -4.7
v -0.900001 0.2 -4.7
v 3.4 0.2 -4.7
v 3.5 0.2 -4.7
v -5.4 0.2 -4.8
v -5.3 0.2 -4.8
v -5 0.2 -4.8
v -4.9 0.2 -4.8
v -4.8 0.2 -4.8
v -4.7 0.2 -4.8
v -4.2 0.2 -4.8
v -4.1 0.2 -4.8
v -1.1 0.2 -4.8
v -0.900001 0.2 -4.8
v -5 0.2 -4.9
v -4.9 0.2 -4.9
v -4.8 0.2 -4.9
v -4.7 0.2 -4.9
v 2 0.2 -4.9
v 2.1 0.2 -4.9
v 3.3 0.2 -4.9
v 3.4 0.2 -4.9
v -5.5 0.2 -5
v -5.4 0.2 -5
v 2 0.2 -5
v 2.1 0.2 -5
v 3.2 0.2 -5
v 3.3 0.2 -5
v -5.6 0.2 -5.1
v -5.5 0.2 -5.1
v -4 0.2 -5.1
v -3.9 0.2 -5.1
v -2.5 0.2 -5.1
v -2.4 0.2 -5.1
v 0.7 0.2 -5.1
v 0.799999 0.2 -5.1
v 3.1 0.2 -5.1
v 3.2 0.2 -5.1
v -5.7 0.2 -5.2
v -5.6 0.2 -5.2
v -4 0.2 -5.2
v -3.9 0.2 -5.2
v -2.5 0.2 -5.2
v -2.4 0.2 -5.2
v 0.7 0.2 -5.2
v 0.799999 0.2 -5.2
v -5.8 0.2 -5.3
v -5.7 0.2 -5.3
v -2 0.2 -5.3
v -1.9 0.2 -5.3
v 1.2 0.2 -5.3
v 1.3 0.2 -5.3
v 3 0.2 -5.3
v 3.1 0.2 -5.3
v -6 0.2 -5.4
v -5.9 0.2 -5.4
v -5.8 0.2 -5.4
v -2 0.2 -5.4
v -1.9 0.2 -5.4
v 1.2 0.2 -5.4
v 1.3 0.2 -5.4
v 2.9 0.2 -5.4
v 3 0.2 -5.4
v -6.1 0.2 -5.5
v -6 0.2 -5.5
v -5.9 0.2 -5.5
v -5.8 0.2 -5.5
v -2.5 0.2 -5.5
v -2.4 0.2 -5.5
v 2.8 0.2 -5.5
v 2.9 0.2 -5.5
v -6.2 0.2 -5.6
v -6.1 0.2 -5.6
v -6 0.2 -5.6
v -2.5 0.2 -5.6
v -2.4 0.2 -5.6
v -6.3 0.2 -5.7
v -6.2 0.2 -5.7
v -3.6 0.2 -5.7
v -3.5 0.2 -5.7
v 0.299999 0.2 -5.7
v 0.4 0.2 -5.7
v 2.7 0.2 -5.7
v 2.8 0.2 -5.7
v -5 0.2 -5.8
v -4.8 0.2 -5.8
v 0.299999 0.2 -5.8
v 0.4 0.2 -5.8
v 2.6 0.2 -5.8
v 2.7 0.2 -5.8
v -6.4 0.2 -5.9
v -6.3 0.2 -5.9
v -5.3 0.2 -5.9
v -5.2 0.2 -5.9
v -5 0.2 -5.9
v -4.8 0.2 -5.9
v -3.6 0.2 -5.9
v -3.5 0.2 -5.9
v -2.5 0.2 -5.9
v -2.4 0.2 -5.9
v 2.5 0.2 -5.9
v 2.6 0.2 -5.9
v -6.5 0.2 -6
v -6.4 0.2 -6
v -5.3 0.2 -6
v -5.2 0.2 -6
v -2.5 0.2 -6
v -2.4 0.2 -6
v 1.2 0.2 -6
v 1.3 0.2 -6
v 2.4 0.2 -6
v 2.5 0.2 -6
v -6.6 0.2 -6.1
v -6.5 0.2 -6.1
v 0.0999994 0.2 -6.1
v 0.2 0.2 -6.1
v 1.2 0.2 -6.1
v 1.3 0.2 -6.1
v 2.2 0.2 -6.1
v 2.4 0.2 -6.1
v -6.7 0.2 -6.2
v -6.6 0.2 -6.2
v 0 0.2 -6.2
v 0.0999994 0.2 -6.2
v 2.1 0.2 -6.2
v 2.2 0.2 -6.2
v -6.9 0.2 -6.3
v -6.7 0.2 -6.3
v -2.1 0.2 -6.3
v -2 0.2 -6.3
v 0 0.2 -6.3
v 0.2 0.2 -6.3
v 2 0.2 -6.3
v 2.1 0.2 -6.3
v -7 0.2 -6.4
v -6.9 0.2 -6.4
v -2.1 0.2 -6.4
v -2 0.2 -6.4
v 1.8 0.2 -6.4
v 2 0.2 -6.4
v -7.1 0.2 -6.5
v -7 0.2 -6.5
v 1.6 0.2 -6.5
v 1.8 0.2 -6.5
v -7.3 0.2 -6.6
v -7.1 0.2 -6.6
v -1.1 0.2 -6.6
v -1 0.2 -6.6
v 0.2 0.2 -6.6
v 0.299999 0.2 -6.6
v 1.4 0.2 -6.6
v 1.5 0.2 -6.6
v 1.6 0.2 -6.6
v -7.4 0.2 -6.7
v -7.3 0.2 -6.7
v -6.7 0.2 -6.7
v -6.6 0.2 -6.7
v -4.2 0.2 -6.7
v -4 0.2 -6.7
v -1.1 0.2 -6.7
v -1 0.2 -6.7
v 0.2 0.2 -6.7
v 0.299999 0.2 -6.7
v 1.4 0.2 -6.7
v 1.5 0.2 -6.7
v -7.5 0.2 -6.8
v -7.4 0.2 -6.8
v -6.7 0.2 -6.8
v -6.6 0.2 -6.8
v -4.2 0.2 -6.8
v -4 0.2 -6.8
v -2.3 0.2 -6.8
v -2.2 0.2 -6.8
v 1.3 0.2 -6.8
v 1.4 0.2 -6.8
v -7.6 0.2 -6.9
v -7.5 0.2 -6.9
v -2.3 0.2 -6.9
v -2.2 0.2 -6.9
v 1.2 0.2 -6.9
v 1.3 0.2 -6.9
v -7.8 0.2 -7
v -7.6 0.2 -7
v -0.1 0.2 -7
v 0 0.2 -7
v 1.1 0.2 -7
v 1.2 0.2 -7
v -7.9 0.2 -7.1
v -7.8 0.2 -7.1
v -0.1 0.2 -7.1
v 0 0.2 -7.1
v 0.9 0.2 -7.1
v 1.1 0.2 -7.1
v -8 0.2 -7.2
v -7.9 0.2 -7.2
v -3.1 0.2 -7.2
v -3 0.2 -7.2
v 0.7 0.2 -7.2
v 0.9 0.2 -7.2
v -8.1 0.2 -7.3
v -8 0.2 -7.3
v 0.4 0.2 -7.3
v 0.7 0.2 -7.3
v -8.3 0.2 -7.4
v -8.1 0.2 -7.4
v -0.5 0.2 -7.4
v -0.400001 0.2 -7.4
v 0.2 0.2 -7.4
v 0.4 0.2 -7.4
v -8.4 0.2 -7.5
v -8.3 0.2 -7.5
v -3.1 0.2 -7.5
v -3 0.2 -7.5
v -0.5 0.2 -7.5
v -0.400001 0.2 -7.5
v 0 0.2 -7.5
v 0.2 0.2 -7.5
v -8.5 0.2 -7.6
v -8.4 0.2 -7.6
v -0.200001 0.2 -7.6
v 0 0.2 -7.6
v -8.6 0.2 -7.7
v -8.5 0.2 -7.7
v -5 0.2 -7.7
v -4.9 0.2 -7.7
v -0.400001 0.2 -7.7
v -0.200001 0.2 -7.7
v -8.7 0.2 -7.8
v -8.6 0.2 -7.8
v -5 0.2 -7.8
v -4.9 0.2 -7.8
v -2.3 0.2 -7.8
v -2.1 0.2 -7.8
v -0.6 0.2 -7.8
v -0.400001 0.2 -7.8
v -8.8 0.2 -7.9
v -8.7 0.2 -7.9
v -2.3 0.2 -7.9
v -2.1 0.2 -7.9
v -0.8 0.2 -7.9
v -0.6 0.2 -7.9
v -8.9 0.2 -8
v -8.8 0.2 -8
v -1 0.2 -8
v -0.8 0.2 -8
v -9 0.2 -8.1
v -8.9 0.2 -8.1
v -1.2 0.2 -8.1
v -1 0.2 -8.1
v -9.1 0.2 -8.2
v -9 0.2 -8.2
v -1.4 0.2 -8.2
v -1.2 0.2 -8.2
v -9.2 0.2 -8.3
v -9.1 0.2 -8.3
v -6.9 0.2 -8.3
v -6.8 0.2 -8.3
v -5.7 0.2 -8.3
v -5.6 0.2 -8.3
v -1.6 0.2 -8.3
v -1.4 0.2 -8.3
v -9.7 0.2 -8.4
v -9.2 0.2 -8.4
v -7.2 0.2 -8.4
v -7.1 0.2 -8.4
v -6.9 0.2 -8.4
v -6.8 0.2 -8.4
v -5.7 0.2 -8.4
v -5.6 0.2 -8.4
v -1.8 0.2 -8.4
v -1.6 0.2 -8.4
v -10.1 0.2 -8.5
v -9.7 0.2 -8.5
v -7.2 0.2 -8.5
v -7.1 0.2 -8.5
v -2 0.2 -8.5
v -1.8 0.2 -8.5
v -10.5 0.2 -8.6
v -10.1 0.2 -8.6
v -2.2 0.2 -8.6
v -2 0.2 -8.6
v -10.9 0.2 -8.7
v -10.5 0.2 -8.7
v -2.4 0.2 -8.7
v -2.2 0.2 -8.7
v -11.3 0.2 -8.8
v -10.9 0.2 -8.8
v -2.7 0.2 -8.8
v -2.4 0.2 -8.8
v -11.6 0.2 -8.9
v -11.3 0.2 -8.9
v -3 0.2 -8.9
v -2.7 0.2 -8.9
v -12 0.2 -9
v -11.6 0.2 -9
v -3.3 0.2 -9
v -3 0.2 -9
v -12.3 0.2 -9.1
v -12 0.2 -9.1
v -10.7 0.2 -9.1
v -10.6 0.2 -9.1
v -5.7 0.2 -9.1
v -4.3 0.2 -9.1
v -3.8 0.2 -9.1
v -3.3 0.2 -9.1
v -12.5 0.2 -9.2
v -12.3 0.2 -9.2
v -10.7 0.2 -9.2
v -10.6 0.2 -9.2
v -6.4 0.2 -9.2
v -5.7 0.2 -9.2
v -4.3 0.2 -9.2
v -3.8 0.2 -9.2
v -12.8 0.2 -9.3
v -12.5 0.2 -9.3
v -7.1 0.2 -9.3
v -6.4 0.2 -9.3
v -7.9 0.2 -9.4
v -7.1 0.2 -9.4
v -8.4 0.2 -9.5
v -7.9 0.2 -9.5
v -9.5 0.2 -9.6
v -8.4 0.2 -9.6
v -9.9 0.2 -9.7
v -9.5 0.2 -9.7
v -10.3 0.2 -9.8
v -9.9 0.2 -9.8
v -10.7 0.2 -9.9
v -10.3 0.2 -9.9
v -11 0.2 -10
v -10.7 0.2 -10
v -11.2 0.2 -10.1
v -11 0.2 -10.1
v -11.5 0.2 -10.2
v -11.2 0.2 -10.2
v -11.9 0.2 -10.3
v -11.5 0.2 -10.3
v -12.8 0.2 -10.4
v -12.7 0.2 -10.4
v -12.1 0.2 -10.4
v -11.9 0.2 -10.4
v -12.7 0.2 -10.5
v -12.1 0.2 -10.5
v 4.3 0.3 12.8
v 9.7 0.3 12.8
v 4.3 0.3 12.6
v 4.4 0.3 12.6
v 6 0.3 12.5
v 6.1 0.3 12.5
v 8.1 0.3 12.5
v 8.2 0.3 12.5
v 6 0.3 12.4
v 6.1 0.3 12.4
v 8.1 0.3 12.4
v 8.2 0.3 12.4
v 9.6 0.3 12.3
v 9.7 0.3 12.3
v 8.2 0.3 12.2
v 8.3 0.3 12.2
v 8.2 0.3 12.1
v 8.3 0.3 12.1
v 5.9 0.3 12
v 6 0.3 12
v 5.9 0.3 11.9
v 6 0.3 11.9
v 4.4 0.3 11.7
v 4.5 0.3 11.7
v 8.4 0.3 11.7
v 8.5 0.3 11.7
v 9.1 0.3 11.7
v 9.2 0.3 11.7
v 9.5 0.3 11.7
v 9.6 0.3 11.7
v 4.5 0.3 11.6
v 6.9 0.3 11.6
v 7 0.3 11.6
v 8.4 0.3 11.6
v 8.5 0.3 11.6
v 9.1 0.3 11.6
v 9.2 0.3 11.6
v 9.3 0.3 11.6
v 9.4 0.3 11.6
v 6.9 0.3 11.5
v 7 0.3 11.5
v 9.3 0.3 11.5
v 9.4 0.3 11.5
v 9.5 0.3 11.5
v 4.5 0.3 11.3
v 4.6 0.3 11.3
v 6.9 0.3 11.3
v 7 0.3 11.3
v 6.9 0.3 11.2
v 7 0.3 11.2
v 9.3 0.3 11.2
v 9.4 0.3 11.2
v 7.6 0.3 11.1
v 7.7 0.3 11.1
v 9.2 0.3 11.1
v 9.3 0.3 11.1
v 9.4 0.3 11.1
v 6.3 0.3 11
v 6.4 0.3 11
v 7.6 0.3 11
v 7.7 0.3 11
v 9.2 0.3 11
v 9.3 0.3 11
v 4.6 0.3 10.9
v 4.7 0.3 10.9
v 6.3 0.3 10.9
v 6.4 0.3 10.9
v 9.2 0.3 10.9
v 9.3 0.3 10.9
v 7 0.3 10.7
v 7.1 0.3 10.7
v 9.1 0.3 10.7
v 9.2 0.3 10.7
v 7 0.3 10.6
v 7.1 0.3 10.6
v 9 0.3 10.6
v 9.1 0.3 10.6
v 5.7 0.3 10.4
v 5.8 0.3 10.4
v 8.9 0.3 10.4
v 9 0.3 10.4
v 5.7 0.3 10.3
v 5.8 0.3 10.3
v 6.1 0.3 10.2
v 6.2 0.3 10.2
v 6.1 0.3 10.1
v 6.2 0.3 10.1
v 8.8 0.3 9.9
v 8.9 0.3 9.9
v 7.8 0.3 9.8
v 7.9 0.3 9.8
v 8.7 0.3 9.8
v 8.8 0.3 9.8
v 7.8 0.3 9.7
v 7.9 0.3 9.7
v 8.6 0.3 9.6
v 8.7 0.3 9.6
v 8.5 0.3 9.5
v 8.6 0.3 9.5
v 8.4 0.3 9.4
v 8.5 0.3 9.4
v 7.3 0.3 9.3
v 7.4 0.3 9.3
v 8.3 0.3 9.3
v 8.4 0.3 9.3
v 5.7 0.3 9.2
v 5.8 0.3 9.2
v 7.3 0.3 9.2
v 7.4 0.3 9.2
v 5.7 0.3 9.1
v 5.8 0.3 9.1
v 8.2 0.3 9.1
v 8.3 0.3 9.1
v 4.6 0.3 9
v 4.7 0.3 9
v 8.1 0.3 9
v 8.2 0.3 9
v 4.8 0.3 8.9
v 4.9 0.3 8.9
v 6.4 0.3 8.9
v 6.5 0.3 8.9
v 8 0.3 8.9
v 8.1 0.3 8.9
v 4.8 0.3 8.8
v 4.9 0.3 8.8
v 6.4 0.3 8.8
v 6.5 0.3 8.8
v 7.9 0.3 8.8
v 8 0.3 8.8
v 4.5 0.3 8.6
v 4.6 0.3 8.6
v 7.8 0.3 8.6
v 7.9 0.3 8.6
v 7.7 0.3 8.5
v 7.8 0.3 8.5
v 4.4 0.3 8.4
v 4.5 0.3 8.4
v 7.6 0.3 8.4
v 7.7 0.3 8.4
v 6 0.3 8.3
v 6.1 0.3 8.3
v 4.3 0.3 8.2
v 4.4 0.3 8.2
v 6 0.3 8.2
v 6.1 0.3 8.2
v 7.5 0.3 8.2
v 7.6 0.3 8.2
v 6.4 0.3 8.1
v 6.5 0.3 8.1
v 7.3 0.3 8.1
v 7.5 0.3 8.1
v 4.2 0.3 8
v 4.3 0.3 8
v 6.4 0.3 8
v 6.5 0.3 8
v 7.2 0.3 8
v 7.3 0.3 8
v 4.1 0.3 7.9
v 4.2 0.3 7.9
v 7.1 0.3 7.9
v 7.2 0.3 7.9
v 4 0.3 7.7
v 4.1 0.3 7.7
v 7 0.3 7.7
v 7.1 0.3 7.7
v 6.9 0.3 7.6
v 7 0.3 7.6
v 3.9 0.3 7.5
v 4 0.3 7.5
v 6.3 0.3 7.5
v 6.4 0.3 7.5
v 6.8 0.3 7.5
v 6.9 0.3 7.5
v 6.3 0.3 7.4
v 6.4 0.3 7.4
v 3.8 0.3 7.3
v 3.9 0.3 7.3
v 5.2 0.3 7.3
v 5.3 0.3 7.3
v 6.7 0.3 7.3
v 6.8 0.3 7.3
v 4.9 0.3 7.2
v 5 0.3 7.2
v 5.2 0.3 7.2
v 5.3 0.3 7.2
v 3.7 0.3 7.1
v 3.8 0.3 7.1
v 4.9 0.3 7.1
v 5 0.3 7.1
v 6.6 0.3 7.1
v 6.7 0.3 7.1
v 3.6 0.3 6.9
v 3.7 0.3 6.9
v 6.5 0.3 6.9
v 6.6 0.3 6.9
v 3.5 0.3 6.8
v 3.6 0.3 6.8
v 4.3 0.3 6.8
v 4.5 0.3 6.8
v 3.4 0.3 6.7
v 3.5 0.3 6.7
v 4.3 0.3 6.7
v 4.5 0.3 6.7
v 6.4 0.3 6.7
v 6.5 0.3 6.7
v 3.3 0.3 6.5
v 3.4 0.3 6.5
v 6.3 0.3 6.5
v 6.4 0.3 6.5
v 3.2 0.3 6.3
v 3.3 0.3 6.3
v 6.2 0.3 6.3
v 6.3 0.3 6.3
v 3.1 0.3 6.2
v 3.2 0.3 6.2
v 5.6 0.3 6.2
v 5.7 0.3 6.2
v 3 0.3 6.1
v 3.1 0.3 6.1
v 5.6 0.3 6.1
v 5.7 0.3 6.1
v 6.1 0.3 6.1
v 6.2 0.3 6.1
v 2.9 0.3 6
v 3 0.3 6
v 2.8 0.3 5.9
v 2.9 0.3 5.9
v 5.4 0.3 5.9
v 5.5 0.3 5.9
v 6 0.3 5.9
v 6.1 0.3 5.9
v 2.7 0.3 5.8
v 2.8 0.3 5.8
v 3 0.3 5.8
v 3.1 0.3 5.8
v 4.4 0.3 5.8
v 4.5 0.3 5.8
v 5.4 0.3 5.8
v 5.5 0.3 5.8
v 2.6 0.3 5.7
v 2.7 0.3 5.7
v 3 0.3 5.7
v 3.1 0.3 5.7
v 4.4 0.3 5.7
v 4.5 0.3 5.7
v 5.9 0.3 5.7
v 6 0.3 5.7
v 2.5 0.3 5.6
v 2.6 0.3 5.6
v 2.4 0.3 5.5
v 2.5 0.3 5.5
v 3.5 0.3 5.5
v 3.7 0.3 5.5
v 2.3 0.3 5.4
v 2.4 0.3 5.4
v 3.5 0.3 5.4
v 3.7 0.3 5.4
v 5.8 0.3 5.4
v 5.9 0.3 5.4
v 2.2 0.3 5.3
v 2.3 0.3 5.3
v 2.1 0.3 5.2
v 2.2 0.3 5.2
v 4.6 0.3 5.2
v 4.7 0.3 5.2
v 5.7 0.3 5.2
v 5.8 0.3 5.2
v 2 0.3 5.1
v 2.1 0.3 5.1
v 4.6 0.3 5.1
v 4.7 0.3 5.1
v 1.8 0.3 5
v 2 0.3 5
v 5.6 0.3 5
v 5.7 0.3 5
v 1.6 0.3 4.9
v 1.8 0.3 4.9
v 5.5 0.3 4.9
v 5.6 0.3 4.9
v 1.5 0.3 4.8
v 1.6 0.3 4.8
v 1.3 0.3 4.7
v 1.5 0.3 4.7
v 4.6 0.3 4.7
v 4.7 0.3 4.7
v 5.4 0.3 4.7
v 5.5 0.3 4.7
v 1.2 0.3 4.6
v 1.3 0.3 4.6
v 4.6 0.3 4.6
v 4.7 0.3 4.6
v 1 0.3 4.5
v 1.2 0.3 4.5
v 5.3 0.3 4.5
v 5.4 0.3 4.5
v 0.799999 0.3 4.4
v 1 0.3 4.4
v 5.2 0.3 4.4
v 5.3 0.3 4.4
v 0.599999 0.3 4.3
v 0.799999 0.3 4.3
v 2.6 0.3 4.3
v 2.7 0.3 4.3
v 5.1 0.3 4.3
v 5.2 0.3 4.3
v 0.4 0.3 4.2
v 0.599999 0.3 4.2
v 2.6 0.3 4.2
v 2.7 0.3 4.2
v 5 0.3 4.2
v 5.1 0.3 4.2
v 0.299999 0.3 4.1
v 0.4 0.3 4.1
v 4.9 0.3 4.1
v 5 0.3 4.1
v 0.2 0.3 4
v 0.299999 0.3 4
v 1.3 0.3 4
v 1.4 0.3 4
v 4.8 0.3 4
v 4.9 0.3 4
v 0 0.3 3.9
v 0.2 0.3 3.9
v 1.3 0.3 3.9
v 1.4 0.3 3.9
v -0.200001 0.3 3.8
v 0 0.3 3.8
v 3.6 0.3 3.8
v 3.7 0.3 3.8
v 4.7 0.3 3.8
v 4.8 0.3 3.8
v -0.3 0.3 3.7
v -0.200001 0.3 3.7
v 3.6 0.3 3.7
v 3.7 0.3 3.7
v 4.6 0.3 3.7
v 4.7 0.3 3.7
v -0.400001 0.3 3.6
v -0.3 0.3 3.6
v 0.4 0.3 3.6
v 0.5 0.3 3.6
v 4.5 0.3 3.6
v 4.6 0.3 3.6
v -0.6 0.3 3.5
v -0.400001 0.3 3.5
v 0.4 0.3 3.5
v 0.5 0.3 3.5
v 4.4 0.3 3.5
v 4.5 0.3 3.5
v -0.700001 0.3 3.4
v -0.6 0.3 3.4
v -0.900001 0.3 3.3
v -0.700001 0.3 3.3
v 4.3 0.3 3.3
v 4.4 0.3 3.3
v -1.1 0.3 3.2
v -0.900001 0.3 3.2
v 4.2 0.3 3.2
v 4.3 0.3 3.2
v -1.2 0.3 3.1
v -1.1 0.3 3.1
v 4 0.3 3.1
v 4.2 0.3 3.1
v -1.4 0.3 3
v -1.2 0.3 3
v 3.9 0.3 3
v 4 0.3 3
v -1.6 0.3 2.9
v -1.4 0.3 2.9
v 2.1 0.3 2.9
v 2.2 0.3 2.9
v 3.8 0.3 2.9
v 3.9 0.3 2.9
v -1.7 0.3 2.8
v -1.6 0.3 2.8
v 1.3 0.3 2.8
v 1.4 0.3 2.8
v 2.1 0.3 2.8
v 2.2 0.3 2.8
v 3.7 0.3 2.8
v 3.8 0.3 2.8
v -1.8 0.3 2.7
v -1.7 0.3 2.7
v 1.3 0.3 2.7
v 1.4 0.3 2.7
v 3.6 0.3 2.7
v 3.7 0.3 2.7
v -1.9 0.3 2.6
v -1.8 0.3 2.6
v 3.5 0.3 2.6
v 3.6 0.3 2.6
v -2 0.3 2.5
v -1.9 0.3 2.5
v 3.4 0.3 2.5
v 3.5 0.3 2.5
v -2.1 0.3 2.4
v -2 0.3 2.4
v 3.3 0.3 2.4
v 3.4 0.3 2.4
v -2.2 0.3 2.3
v -2.1 0.3 2.3
v 3.2 0.3 2.3
v 3.3 0.3 2.3
v -2.3 0.3 2.2
v -2.2 0.3 2.2
v 3 0.3 2.2
v 3.2 0.3 2.2
v -2.5 0.3 2.1
v -2.3 0.3 2.1
v 2.9 0.3 2.1
v 3 0.3 2.1
v -2.6 0.3 2
v -2.5 0.3 2
v 2.8 0.3 2
v 2.9 0.3 2
v -2.7 0.3 1.9
v -2.6 0.3 1.9
v -2.8 0.3 1.8
v -2.7 0.3 1.8
v 2.7 0.3 1.8
v 2.8 0.3 1.8
v -2.9 0.3 1.7
v -2.8 0.3 1.7
v -2.2 0.3 1.7
v -2.1 0.3 1.7
v -1.9 0.3 1.7
v 2.6 0.3 1.7
v 2.7 0.3 1.7
v -3 0.3 1.6
v -2.9 0.3 1.6
v -2.8 0.3 1.6
v -2.2 0.3 1.6
v -2.1 0.3 1.6
v -1.9 0.3 1.6
v -1.8 0.3 1.6
v 0.599999 0.3 1.6
v 0.7 0.3 1.6
v 2.5 0.3 1.6
v 2.6 0.3 1.6
v -3.1 0.3 1.5
v -3 0.3 1.5
v -2.9 0.3 1.5
v -2.8 0.3 1.5
v -1.9 0.3 1.5
v -1.8 0.3 1.5
v 0.599999 0.3 1.5
v 0.7 0.3 1.5
v 2.3 0.3 1.5
v 2.5 0.3 1.5
v -3.2 0.3 1.4
v -3.1 0.3 1.4
v 2.2 0.3 1.4
v 2.3 0.3 1.4
v -3.4 0.3 1.3
v -3.2 0.3 1.3
v 2.1 0.3 1.3
v 2.2 0.3 1.3
v -3.6 0.3 1.2
v -3.4 0.3 1.2
v 1.9 0.3 1.2
v 2.1 0.3 1.2
v -3.7 0.3 1.1
v -3.6 0.3 1.1
v 1.8 0.3 1.1
v 1.9 0.3 1.1
v -3.8 0.3 1
v -3.7 0.3 1
v -0.200001 0.3 1
v -0.1 0.3 1
v 0 0.3 1
v 0.0999994 0.3 1
v 1.6 0.3 1
v 1.8 0.3 1
v -3.9 0.3 0.900001
v -3.8 0.3 0.900001
v -0.200001 0.3 0.900001
v -0.1 0.3 0.900001
v 0 0.3 0.900001
v 0.0999994 0.3 0.900001
v 1 0.3 0.900001
v 1.1 0.3 0.900001
v 1.5 0.3 0.900001
v 1.6 0.3 0.900001
v -4 0.3 0.8
v -3.9 0.3 0.8
v -1.3 0.3 0.8
v -1.2 0.3 0.8
v 1 0.3 0.8
v 1.1 0.3 0.8
v 1.4 0.3 0.8
v 1.5 0.3 0.8
v -4.1 0.3 0.700001
v -4 0.3 0.700001
v -1.3 0.3 0.700001
v -1.2 0.3 0.700001
v 1.2 0.3 0.700001
v 1.4 0.3 0.700001
v -4.3 0.3 0.6
v -4.1 0.3 0.6
v -1.2 0.3 0.6
v -1.1 0.3 0.6
v 1.1 0.3 0.6
v 1.2 0.3 0.6
v -4.5 0.3 0.5
v -4.3 0.3 0.5
v -1.2 0.3 0.5
v -1.1 0.3 0.5
v 0.9 0.3 0.5
v 1.1 0.3 0.5
v -4.6 0.3 0.400001
v -4.5 0.3 0.400001
v -3.3 0.3 0.400001
v -3.2 0.3 0.400001
v 0.7 0.3 0.400001
v 0.9 0.3 0.400001
v -4.8 0.3 0.3
v -4.6 0.3 0.3
v -3.3 0.3 0.3
v -3.2 0.3 0.3
v 0.5 0.3 0.3
v 0.7 0.3 0.3
v -5 0.3 0.200001
v -4.8 0.3 0.200001
v -2.4 0.3 0.200001
v -2.3 0.3 0.200001
v 0.299999 0.3 0.200001
v 0.5 0.3 0.200001
v -5.2 0.3 0.1
v -5 0.3 0.1
v -2.4 0.3 0.1
v -2.3 0.3 0.1
v -1.4 0.3 0.1
v -1.3 0.3 0.1
v 0.0999994 0.3 0.1
v 0.299999 0.3 0.1
v -5.4 0.3 0
v -5.2 0.3 0
v -3 0.3 0
v -2.9 0.3 0
v -1.4 0.3 0
v -1.3 0.3 0
v -0.1 0.3 0
v 0.0999994 0.3 0
v -5.5 0.3 -0.0999994
v -5.4 0.3 -0.0999994
v -3 0.3 -0.0999994
v -2.9 0.3 -0.0999994
v -0.3 0.3 -0.0999994
v -0.1 0.3 -0.0999994
v -5.6 0.3 -0.2
v -5.5 0.3 -0.2
v -0.400001 0.3 -0.2
v -0.3 0.3 -0.2
v -5.8 0.3 -0.299999
v -5.6 0.3 -0.299999
v -3.6 0.3 -0.299999
v -3.5 0.3 -0.299999
v -0.5 0.3 -0.299999
v -0.400001 0.3 -0.299999
v -5.9 0.3 -0.4
v -5.8 0.3 -0.4
v -3.6 0.3 -0.4
v -3.5 0.3 -0.4
v -0.700001 0.3 -0.4
v -0.5 0.3 -0.4
v -6 0.3 -0.5
v -5.9 0.3 -0.5
v -0.8 0.3 -0.5
v -0.700001 0.3 -0.5
v -6.1 0.3 -0.599999
v -6 0.3 -0.599999
v -1 0.3 -0.599999
v -0.8 0.3 -0.599999
v -4 0.3 -0.7
v -3.9 0.3 -0.7
v -1.1 0.3 -0.7
v -1 0.3 -0.7
v -6.2 0.3 -0.799999
v -6.1 0.3 -0.799999
v -4 0.3 -0.799999
v -3.9 0.3 -0.799999
v -1.2 0.3 -0.799999
v -1.1 0.3 -0.799999
v -6.3 0.3 -0.9
v -6.2 0.3 -0.9
v -5 0.3 -0.9
v -4.9 0.3 -0.9
v -1.4 0.3 -0.9
v -1.2 0.3 -0.9
v -6.4 0.3 -1
v -6.3 0.3 -1
v -5 0.3 -1
v -4.9 0.3 -1
v -1.6 0.3 -1
v -1.4 0.3 -1
v -6.5 0.3 -1.1
v -6.4 0.3 -1.1
v -3.8 0.3 -1.1
v -3.7 0.3 -1.1
v -1.7 0.3 -1.1
v -1.6 0.3 -1.1
v -6.6 0.3 -1.2
v -6.5 0.3 -1.2
v -3.8 0.3 -1.2
v -3.7 0.3 -1.2
v -3.4 0.3 -1.2
v -3.3 0.3 -1.2
v -1.9 0.3 -1.2
v -1.7 0.3 -1.2
v -6.7 0.3 -1.3
v -6.6 0.3 -1.3
v -5.3 0.3 -1.3
v -5.2 0.3 -1.3
v -2 0.3 -1.3
v -1.9 0.3 -1.3
v -3.4 0.3 -1.4
v -3.3 0.3 -1.4
v -2.1 0.3 -1.4
v -2 0.3 -1.4
v -6.8 0.3 -1.5
v -6.7 0.3 -1.5
v -5.3 0.3 -1.5
v -5.2 0.3 -1.5
v -4 0.3 -1.5
v -3.9 0.3 -1.5
v -2.3 0.3 -1.5
v -2.1 0.3 -1.5
v -6.9 0.3 -1.6
v -6.8 0.3 -1.6
v -4 0.3 -1.6
v -3.9 0.3 -1.6
v -2.4 0.3 -1.6
v -2.3 0.3 -1.6
v -7 0.3 -1.7
v -6.9 0.3 -1.7
v -6.6 0.3 -1.7
v -6.5 0.3 -1.7
v -2.6 0.3 -1.7
v -2.4 0.3 -1.7
v -6.6 0.3 -1.8
v -6.5 0.3 -1.8
v -2.7 0.3 -1.8
v -2.6 0.3 -1.8
v -7.1 0.3 -1.9
v -7 0.3 -1.9
v -4.5 0.3 -1.9
v -4.4 0.3 -1.9
v -2.8 0.3 -1.9
v -2.7 0.3 -1.9
v -7.2 0.3 -2
v -7.1 0.3 -2
v -4.5 0.3 -2
v -4.4 0.3 -2
v -2.9 0.3 -2
v -2.8 0.3 -2
v -7.3 0.3 -2.1
v -7.2 0.3 -2.1
v -3 0.3 -2.1
v -2.9 0.3 -2.1
v -3.1 0.3 -2.2
v -3 0.3 -2.2
v -7.4 0.3 -2.3
v -7.3 0.3 -2.3
v -3.2 0.3 -2.3
v -3.1 0.3 -2.3
v -7.5 0.3 -2.4
v -7.4 0.3 -2.4
v -3.3 0.3 -2.4
v -3.2 0.3 -2.4
v -7.6 0.3 -2.5
v -7.5 0.3 -2.5
v -3.4 0.3 -2.5
v -3.3 0.3 -2.5
v -7.7 0.3 -2.6
v -7.6 0.3 -2.6
v -3.5 0.3 -2.6
v -3.4 0.3 -2.6
v -7.8 0.3 -2.7
v -7.7 0.3 -2.7
v -3.6 0.3 -2.7
v -3.5 0.3 -2.7
v -7.9 0.3 -2.8
v -7.8 0.3 -2.8
v -3.7 0.3 -2.8
v -3.6 0.3 -2.8
v -8.1 0.3 -2.9
v -7.9 0.3 -2.9
v -5 0.3 -2.9
v -4.9 0.3 -2.9
v -3.8 0.3 -2.9
v -3.7 0.3 -2.9
v -8.3 0.3 -3
v -8.1 0.3 -3
v -5 0.3 -3
v -4.9 0.3 -3
v -3.9 0.3 -3
v -3.8 0.3 -3
v -4 0.3 -3.1
v -3.9 0.3 -3.1
v -8.5 0.3 -3.2
v -8.3 0.3 -3.2
v -4.1 0.3 -3.2
v -4 0.3 -3.2
v -8.7 0.3 -3.3
v -8.5 0.3 -3.3
v -7.4 0.3 -3.3
v -7 0.3 -3.3
v -4.2 0.3 -3.3
v -4.1 0.3 -3.3
v -8.9 0.3 -3.4
v -8.7 0.3 -3.4
v -7.4 0.3 -3.4
v -7 0.3 -3.4
v -4.3 0.3 -3.4
v -4.2 0.3 -3.4
v -9 0.3 -3.5
v -8.9 0.3 -3.5
v -5.4 0.3 -3.5
v -5.3 0.3 -3.5
v -10.5 0.3 -3.6
v -9 0.3 -3.6
v -6.8 0.3 -3.6
v -6.7 0.3 -3.6
v -6.4 0.3 -3.6
v -6.3 0.3 -3.6
v -5.4 0.3 -3.6
v -5.3 0.3 -3.6
v -4.4 0.3 -3.6
v -4.3 0.3 -3.6
v -11.9 0.3 -3.7
v -10.5 0.3 -3.7
v -10.2 0.3 -3.7
v -10.1 0.3 -3.7
v -6.8 0.3 -3.7
v -6.7 0.3 -3.7
v -6.4 0.3 -3.7
v -6.3 0.3 -3.7
v -4.5 0.3 -3.7
v -4.4 0.3 -3.7
v -12.3 0.3 -3.8
v -11.9 0.3 -3.8
v -10.2 0.3 -3.8
v -10.1 0.3 -3.8
v -10 0.3 -3.8
v -9.9 0.3 -3.8
v -4.6 0.3 -3.8
v -4.5 0.3 -3.8
v -12.6 0.3 -3.9
v -12.3 0.3 -3.9
v -10 0.3 -3.9
v -9.9 0.3 -3.9
v -4.7 0.3 -3.9
v -4.6 0.3 -3.9
v -12.8 0.3 -4
v -12.6 0.3 -4
v -7.7 0.3 -4.1
v -7.6 0.3 -4.1
v -4.8 0.3 -4.1
v -4.7 0.3 -4.1
v -7.7 0.3 -4.2
v -7.6 0.3 -4.2
v -5.6 0.3 -4.2
v -5.5 0.3 -4.2
v -4.9 0.3 -4.2
v -4.8 0.3 -4.2
v -10.7 0.3 -4.3
v -10.6 0.3 -4.3
v -8.5 0.3 -4.3
v -8.4 0.3 -4.3
v -5.6 0.3 -4.3
v -5.5 0.3 -4.3
v -11.5 0.3 -4.4
v -11.4 0.3 -4.4
v -10.7 0.3 -4.4
v -10.6 0.3 -4.4
v -8.5 0.3 -4.4
v -8.4 0.3 -4.4
v -5 0.3 -4.4
v -4.9 0.3 -4.4
v -11.5 0.3 -4.5
v -11.4 0.3 -4.5
v -5.1 0.3 -4.5
v -5 0.3 -4.5
v -9.4 0.3 -4.6
v -9.3 0.3 -4.6
v -7.8 0.3 -4.6
v -7.7 0.3 -4.6
v -5.2 0.3 -4.6
v -5.1 0.3 -4.6
v -9.4 0.3 -4.7
v -9.3 0.3 -4.7
v -7.8 0.3 -4.7
v -7.7 0.3 -4.7
v -7.2 0.3 -4.7
v -7.1 0.3 -4.7
v -5.3 0.3 -4.7
v -5.2 0.3 -4.7
v -7.2 0.3 -4.8
v -7.1 0.3 -4.8
v -5.4 0.3 -4.8
v -5.3 0.3 -4.8
v -6.6 0.3 -4.9
v -6.5 0.3 -4.9
v -7.6 0.3 -5
v -7.5 0.3 -5
v -6.6 0.3 -5
v -6.5 0.3 -5
v -5.5 0.3 -5
v -5.4 0.3 -5
v -11.2 0.3 -5.1
v -11.1 0.3 -5.1
v -9.9 0.3 -5.1
v -9.8 0.3 -5.1
v -7.6 0.3 -5.1
v -7.5 0.3 -5.1
v -5.6 0.3 -5.1
v -5.5 0.3 -5.1
v -11.2 0.3 -5.2
v -11.1 0.3 -5.2
v -9.9 0.3 -5.2
v -9.8 0.3 -5.2
v -5.7 0.3 -5.2
v -5.6 0.3 -5.2
v -5.9 0.3 -5.3
v -5.8 0.3 -5.3
v -5.7 0.3 -5.3
v -6 0.3 -5.4
v -5.9 0.3 -5.4
v -5.8 0.3 -5.4
v -10.9 0.3 -5.5
v -10.8 0.3 -5.5
v -6.2 0.3 -5.5
v -6.1 0.3 -5.5
v -6 0.3 -5.5
v -10.9 0.3 -5.6
v -10.8 0.3 -5.6
v -6.2 0.3 -5.6
v -6.1 0.3 -5.6
v -6.3 0.3 -5.7
v -6.2 0.3 -5.7
v -9.7 0.3 -5.9
v -9.6 0.3 -5.9
v -6.4 0.3 -5.9
v -6.3 0.3 -5.9
v -10.6 0.3 -6
v -10.5 0.3 -6
v -9.7 0.3 -6
v -9.6 0.3 -6
v -7.4 0.3 -6
v -7.3 0.3 -6
v -6.5 0.3 -6
v -6.4 0.3 -6
v -10.6 0.3 -6.1
v -10.5 0.3 -6.1
v -7.4 0.3 -6.1
v -7.3 0.3 -6.1
v -6.6 0.3 -6.1
v -6.5 0.3 -6.1
v -10.9 0.3 -6.2
v -10.8 0.3 -6.2
v -9.5 0.3 -6.2
v -9.4 0.3 -6.2
v -6.7 0.3 -6.2
v -6.6 0.3 -6.2
v -11.7 0.3 -6.3
v -11.6 0.3 -6.3
v -10.9 0.3 -6.3
v -10.8 0.3 -6.3
v -10.6 0.3 -6.3
v -10.5 0.3 -6.3
v -9.5 0.3 -6.3
v -9.4 0.3 -6.3
v -9.2 0.3 -6.3
v -9.1 0.3 -6.3
v -6.9 0.3 -6.3
v -6.7 0.3 -6.3
v -11.7 0.3 -6.4
v -11.6 0.3 -6.4
v -9.2 0.3 -6.4
v -9.1 0.3 -6.4
v -7 0.3 -6.4
v -6.9 0.3 -6.4
v -9.3 0.3 -6.5
v -9.2 0.3 -6.5
v -7.1 0.3 -6.5
v -7 0.3 -6.5
v -9.3 0.3 -6.6
v -9.2 0.3 -6.6
v -7.3 0.3 -6.6
v -7.1 0.3 -6.6
v -7.4 0.3 -6.7
v -7.3 0.3 -6.7
v -7.5 0.3 -6.8
v -7.4 0.3 -6.8
v -7.6 0.3 -6.9
v -7.5 0.3 -6.9
v -7.8 0.3 -7
v -7.6 0.3 -7
v -7.9 0.3 -7.1
v -7.8 0.3 -7.1
v -8 0.3 -7.2
v -7.9 0.3 -7.2
v -10.2 0.3 -7.3
v -10.1 0.3 -7.3
v -8.1 0.3 -7.3
v -8 0.3 -7.3
v -8.3 0.3 -7.4
v -8.1 0.3 -7.4
v -10.2 0.3 -7.5
v -10.1 0.3 -7.5
v -8.4 0.3 -7.5
v -8.3 0.3 -7.5
v -10.7 0.3 -7.6
v -10.6 0.3 -7.6
v -8.5 0.3 -7.6
v -8.4 0.3 -7.6
v -10.7 0.3 -7.7
v -10.6 0.3 -7.7
v -8.6 0.3 -7.7
v -8.5 0.3 -7.7
v -8.7 0.3 -7.8
v -8.6 0.3 -7.8
v -8.8 0.3 -7.9
v -8.7 0.3 -7.9
v -8.9 0.3 -8
v -8.8 0.3 -8
v -9 0.3 -8.1
v -8.9 0.3 -8.1
v -11.7 0.3 -8.2
v -11.6 0.3 -8.2
v -9.1 0.3 -8.2
v -9 0.3 -8.2
v -11.7 0.3 -8.3
v -11.6 0.3 -8.3
v -9.2 0.3 -8.3
v -9.1 0.3 -8.3
v -9.7 0.3 -8.4
v -9.2 0.3 -8.4
v -10.1 0.3 -8.5
v -9.7 0.3 -8.5
v -10.5 0.3 -8.6
v -10.1 0.3 -8.6
v -10.9 0.3 -8.7
v -10.5 0.3 -8.7
v -11.3 0.3 -8.8
v -10.9 0.3 -8.8
v -11.6 0.3 -8.9
v -11.3 0.3 -8.9
v -12 0.3 -9
v -11.6 0.3 -9
v -12.3 0.3 -9.1
v -12 0.3 -9.1
v -12.5 0.3 -9.2
v -12.3 0.3 -9.2
v -12.8 0.3 -9.3
v -12.5 0.3 -9.3
v -12.8 0.4 12.8
v 4.3 0.4 12.8
v 3 0.4 12.7
v 3.1 0.4 12.7
v -5.1 0.4 12.6
v -5 0.4 12.6
v -4.9 0.4 12.6
v -4.8 0.4 12.6
v -1.4 0.4 12.6
v -1.3 0.4 12.6
v 3 0.4 12.6
v 3.1 0.4 12.6
v 4.3 0.4 12.6
v 4.4 0.4 12.6
v -7.5 0.4 12.5
v -7.4 0.4 12.5
v -5.1 0.4 12.5
v -5 0.4 12.5
v -4.9 0.4 12.5
v -4.8 0.4 12.5
v -3.5 0.4 12.5
v -3.4 0.4 12.5
v -1.4 0.4 12.5
v -1.3 0.4 12.5
v -7.5 0.4 12.4
v -7.4 0.4 12.4
v -3.5 0.4 12.4
v -3.4 0.4 12.4
v -0.700001 0.4 12.3
v -0.6 0.4 12.3
v -9.3 0.4 12.2
v -9.2 0.4 12.2
v -0.700001 0.4 12.2
v -0.6 0.4 12.2
v 3.3 0.4 12.2
v 3.4 0.4 12.2
v -12.1 0.4 12.1
v -12 0.4 12.1
v -9.3 0.4 12.1
v -9.2 0.4 12.1
v 3.3 0.4 12.1
v 3.4 0.4 12.1
v 3.7 0.4 12.1
v 3.8 0.4 12.1
v -12.1 0.4 12
v -12 0.4 12
v -7.4 0.4 12
v -7.3 0.4 12
v -5.2 0.4 12
v -5.1 0.4 12
v 3.7 0.4 12
v 3.8 0.4 12
v -7.4 0.4 11.9
v -7.3 0.4 11.9
v -5.2 0.4 11.9
v -5.1 0.4 11.9
v -4.1 0.4 11.9
v -4 0.4 11.9
v 0.7 0.4 11.9
v 0.799999 0.4 11.9
v -10.1 0.4 11.8
v -10 0.4 11.8
v -9.9 0.4 11.8
v -4.1 0.4 11.8
v -4 0.4 11.8
v 0.7 0.4 11.8
v 0.799999 0.4 11.8
v 1.7 0.4 11.8
v 1.8 0.4 11.8
v -10.6 0.4 11.7
v -10.5 0.4 11.7
v -10.1 0.4 11.7
v -10 0.4 11.7
v -1.6 0.4 11.7
v -1.4 0.4 11.7
v 1.7 0.4 11.7
v 1.8 0.4 11.7
v 4.4 0.4 11.7
v 4.5 0.4 11.7
v -10.6 0.4 11.6
v -10.5 0.4 11.6
v -8.2 0.4 11.6
v -8.1 0.4 11.6
v -1.6 0.4 11.6
v -1.4 0.4 11.6
v 4.4 0.4 11.6
v 4.5 0.4 11.6
v -9.2 0.4 11.5
v -9 0.4 11.5
v -8.2 0.4 11.5
v -8.1 0.4 11.5
v -5.8 0.4 11.5
v -5.7 0.4 11.5
v 2.2 0.4 11.5
v 2.3 0.4 11.5
v -10 0.4 11.4
v -9.9 0.4 11.4
v -9.2 0.4 11.4
v -9 0.4 11.4
v -5.8 0.4 11.4
v -5.7 0.4 11.4
v -4.9 0.4 11.4
v -4.8 0.4 11.4
v 2.2 0.4 11.4
v 2.3 0.4 11.4
v -12.3 0.4 11.3
v -12.2 0.4 11.3
v -4.9 0.4 11.3
v -4.8 0.4 11.3
v 4.5 0.4 11.3
v 4.6 0.4 11.3
v -12.3 0.4 11.2
v -12.2 0.4 11.2
v -3.3 0.4 11.2
v -2.1 0.4 11.2
v 4.1 0.4 11.2
v 4.2 0.4 11.2
v -8.7 0.4 11.1
v -6.4 0.4 11.1
v -4.4 0.4 11.1
v -3.7 0.4 11.1
v -3.6 0.4 11.1
v -3.3 0.4 11.1
v -2.1 0.4 11.1
v -1.3 0.4 11.1
v 4.1 0.4 11.1
v 4.2 0.4 11.1
v -9.2 0.4 11
v -8.7 0.4 11
v -6.4 0.4 11
v -4.4 0.4 11
v -1.3 0.4 11
v -0.8 0.4 11
v 4 0.4 11
v 4.1 0.4 11
v -10.8 0.4 10.9
v -10.7 0.4 10.9
v -9.4 0.4 10.9
v -9.2 0.4 10.9
v -0.8 0.4 10.9
v -0.5 0.4 10.9
v 4 0.4 10.9
v 4.1 0.4 10.9
v 4.6 0.4 10.9
v 4.7 0.4 10.9
v -10.8 0.4 10.8
v -10.7 0.4 10.8
v -9.6 0.4 10.8
v -9.4 0.4 10.8
v -0.5 0.4 10.8
v -0.3 0.4 10.8
v 2.7 0.4 10.8
v 2.8 0.4 10.8
v -9.8 0.4 10.7
v -9.6 0.4 10.7
v -0.3 0.4 10.7
v -0.1 0.4 10.7
v 2.7 0.4 10.7
v 2.8 0.4 10.7
v -9.9 0.4 10.6
v -9.8 0.4 10.6
v -0.1 0.4 10.6
v 0 0.4 10.6
v -10 0.4 10.5
v -9.9 0.4 10.5
v 0 0.4 10.5
v 0.0999994 0.4 10.5
v 2 0.4 10.5
v 2.1 0.4 10.5
v -10.1 0.4 10.4
v -10 0.4 10.4
v 0.0999994 0.4 10.4
v 0.2 0.4 10.4
v 2 0.4 10.4
v 2.1 0.4 10.4
v -10.2 0.4 10.3
v -10.1 0.4 10.3
v 0.2 0.4 10.3
v 0.299999 0.4 10.3
v -10.3 0.4 10.2
v -10.2 0.4 10.2
v 0.299999 0.4 10.2
v 0.4 0.4 10.2
v 2.1 0.4 10.2
v 2.2 0.4 10.2
v -10.4 0.4 10.1
v -10.3 0.4 10.1
v 0.4 0.4 10.1
v 0.5 0.4 10.1
v 0.599999 0.4 10.1
v 2.1 0.4 10.1
v 2.2 0.4 10.1
v -10.5 0.4 10
v -10.4 0.4 10
v 0.599999 0.4 10
v 0.7 0.4 10
v 0.9 0.4 10
v 1 0.4 10
v -10.6 0.4 9.9
v -10.5 0.4 9.9
v 0.7 0.4 9.9
v 0.799999 0.4 9.9
v 0.9 0.4 9.9
v 1 0.4 9.9
v 3 0.4 9.9
v 3.1 0.4 9.9
v -10.7 0.4 9.8
v -10.6 0.4 9.8
v 0.799999 0.4 9.8
v 1 0.4 9.8
v 3 0.4 9.8
v 3.1 0.4 9.8
v -11.5 0.4 9.7
v -11.4 0.4 9.7
v -10.8 0.4 9.7
v -10.7 0.4 9.7
v -11.5 0.4 9.6
v -11.4 0.4 9.6
v -10.9 0.4 9.6
v -10.8 0.4 9.6
v 1 0.4 9.6
v 1.1 0.4 9.6
v 3.2 0.4 9.6
v 3.3 0.4 9.6
v -11 0.4 9.5
v -10.9 0.4 9.5
v 3.2 0.4 9.5
v 3.3 0.4 9.5
v 1.1 0.4 9.4
v 1.2 0.4 9.4
v -11.1 0.4 9.3
v -11 0.4 9.3
v -11.2 0.4 9.2
v -11.1 0.4 9.2
v -11.3 0.4 9
v -11.2 0.4 9
v 1.2 0.4 9
v 1.3 0.4 9
v 4.6 0.4 9
v 4.7 0.4 9
v -11.4 0.4 8.8
v -11.3 0.4 8.8
v 1.5 0.4 8.8
v 1.6 0.4 8.8
v 1.5 0.4 8.7
v 1.6 0.4 8.7
v -11.5 0.4 8.6
v -11.4 0.4 8.6
v 1.3 0.4 8.6
v 1.4 0.4 8.6
v 4.5 0.4 8.6
v 4.6 0.4 8.6
v 1.8 0.4 8.5
v 1.9 0.4 8.5
v -11.6 0.4 8.4
v -11.5 0.4 8.4
v 1.8 0.4 8.4
v 1.9 0.4 8.4
v 3.6 0.4 8.4
v 3.7 0.4 8.4
v 4.4 0.4 8.4
v 4.5 0.4 8.4
v 3.6 0.4 8.3
v 3.7 0.4 8.3
v 4.3 0.4 8.2
v 4.4 0.4 8.2
v -11.7 0.4 8.1
v -11.6 0.4 8.1
v 4.2 0.4 8
v 4.3 0.4 8
v 3.7 0.4 7.9
v 3.8 0.4 7.9
v 4.1 0.4 7.9
v 4.2 0.4 7.9
v 1.3 0.4 7.8
v 1.4 0.4 7.8
v 3.7 0.4 7.8
v 3.8 0.4 7.8
v 4 0.4 7.7
v 4.1 0.4 7.7
v -11.8 0.4 7.6
v -11.7 0.4 7.6
v -11.8 0.4 7.5
v -11.7 0.4 7.5
v 3.9 0.4 7.5
v 4 0.4 7.5
v 2.4 0.4 7.4
v 2.5 0.4 7.4
v -12.2 0.4 7.3
v -12.1 0.4 7.3
v 2.4 0.4 7.3
v 2.5 0.4 7.3
v 3.8 0.4 7.3
v 3.9 0.4 7.3
v -12.2 0.4 7.2
v -12.1 0.4 7.2
v 1.2 0.4 7.2
v 1.3 0.4 7.2
v 2.5 0.4 7.2
v 2.6 0.4 7.2
v 1.1 0.4 7.1
v 1.2 0.4 7.1
v 2.5 0.4 7.1
v 2.6 0.4 7.1
v 3.7 0.4 7.1
v 3.8 0.4 7.1
v 1 0.4 7
v 1.1 0.4 7
v 0.9 0.4 6.9
v 1 0.4 6.9
v 3.6 0.4 6.9
v 3.7 0.4 6.9
v 0.799999 0.4 6.8
v 0.9 0.4 6.8
v 3.5 0.4 6.8
v 3.6 0.4 6.8
v 0.7 0.4 6.7
v 0.799999 0.4 6.7
v 3.4 0.4 6.7
v 3.5 0.4 6.7
v -11.8 0.4 6.6
v -11.7 0.4 6.6
v 0.599999 0.4 6.6
v 0.7 0.4 6.6
v 0.5 0.4 6.5
v 0.599999 0.4 6.5
v 3.3 0.4 6.5
v 3.4 0.4 6.5
v 0.299999 0.4 6.4
v 0.5 0.4 6.4
v 0.2 0.4 6.3
v 0.299999 0.4 6.3
v 3.2 0.4 6.3
v 3.3 0.4 6.3
v 0 0.4 6.2
v 0.2 0.4 6.2
v 3.1 0.4 6.2
v 3.2 0.4 6.2
v -0.1 0.4 6.1
v 0 0.4 6.1
v 3 0.4 6.1
v 3.1 0.4 6.1
v -0.200001 0.4 6
v -0.1 0.4 6
v 2.9 0.4 6
v 3 0.4 6
v -0.400001 0.4 5.9
v -0.200001 0.4 5.9
v 2.8 0.4 5.9
v 2.9 0.4 5.9
v -0.6 0.4 5.8
v -0.400001 0.4 5.8
v 2.7 0.4 5.8
v 2.8 0.4 5.8
v -11.9 0.4 5.7
v -11.8 0.4 5.7
v -0.8 0.4 5.7
v -0.6 0.4 5.7
v 2.4 0.4 5.7
v 2.5 0.4 5.7
v 2.6 0.4 5.7
v 2.7 0.4 5.7
v -0.900001 0.4 5.6
v -0.8 0.4 5.6
v 2.4 0.4 5.6
v 2.5 0.4 5.6
v 2.6 0.4 5.6
v -1.1 0.4 5.5
v -0.900001 0.4 5.5
v 1.3 0.4 5.5
v 1.4 0.4 5.5
v 2.4 0.4 5.5
v 2.5 0.4 5.5
v -1.2 0.4 5.4
v -1.1 0.4 5.4
v 1.3 0.4 5.4
v 1.4 0.4 5.4
v 1.6 0.4 5.4
v 1.7 0.4 5.4
v 2.3 0.4 5.4
v 2.4 0.4 5.4
v -1.4 0.4 5.3
v -1.2 0.4 5.3
v 1.6 0.4 5.3
v 1.7 0.4 5.3
v 2.2 0.4 5.3
v 2.3 0.4 5.3
v -1.5 0.4 5.2
v -1.4 0.4 5.2
v 2.1 0.4 5.2
v 2.2 0.4 5.2
v -12.2 0.4 5.1
v -12.1 0.4 5.1
v -1.6 0.4 5.1
v -1.5 0.4 5.1
v 2 0.4 5.1
v 2.1 0.4 5.1
v -12.2 0.4 5
v -12.1 0.4 5
v -1.7 0.4 5
v -1.6 0.4 5
v 1.8 0.4 5
v 2 0.4 5
v -1.9 0.4 4.9
v -1.7 0.4 4.9
v 1.6 0.4 4.9
v 1.8 0.4 4.9
v -2 0.4 4.8
v -1.9 0.4 4.8
v 1.5 0.4 4.8
v 1.6 0.4 4.8
v -12 0.4 4.7
v -11.9 0.4 4.7
v -2.1 0.4 4.7
v -2 0.4 4.7
v 1.3 0.4 4.7
v 1.5 0.4 4.7
v -2.2 0.4 4.6
v -2.1 0.4 4.6
v -1.1 0.4 4.6
v -1 0.4 4.6
v 1.2 0.4 4.6
v 1.3 0.4 4.6
v -2.3 0.4 4.5
v -2.2 0.4 4.5
v -1.1 0.4 4.5
v -1 0.4 4.5
v 1 0.4 4.5
v 1.2 0.4 4.5
v -2.4 0.4 4.4
v -2.3 0.4 4.4
v -1.3 0.4 4.4
v -1.2 0.4 4.4
v 0.799999 0.4 4.4
v 1 0.4 4.4
v -2.4 0.4 4.3
v -1.3 0.4 4.3
v -1.2 0.4 4.3
v 0.599999 0.4 4.3
v 0.799999 0.4 4.3
v -2.5 0.4 4.2
v -2.4 0.4 4.2
v 0.4 0.4 4.2
v 0.599999 0.4 4.2
v -12.1 0.4 4.1
v -12 0.4 4.1
v -2.6 0.4 4.1
v -2.5 0.4 4.1
v 0.299999 0.4 4.1
v 0.4 0.4 4.1
v -2.7 0.4 4
v -2.6 0.4 4
v 0.2 0.4 4
v 0.299999 0.4 4
v -2.9 0.4 3.9
v -2.8 0.4 3.9
v -2.7 0.4 3.9
v -0.6 0.4 3.9
v -0.5 0.4 3.9
v -0.400001 0.4 3.9
v 0 0.4 3.9
v 0.2 0.4 3.9
v -12.1 0.4 3.8
v -12 0.4 3.8
v -3 0.4 3.8
v -2.9 0.4 3.8
v -2.8 0.4 3.8
v -2.7 0.4 3.8
v -0.6 0.4 3.8
v -0.5 0.4 3.8
v -0.400001 0.4 3.8
v -0.200001 0.4 3.8
v 0 0.4 3.8
v -3.1 0.4 3.7
v -3 0.4 3.7
v -0.3 0.4 3.7
v -0.200001 0.4 3.7
v -3.3 0.4 3.6
v -3.1 0.4 3.6
v -0.400001 0.4 3.6
v -0.3 0.4 3.6
v -3.4 0.4 3.5
v -3.3 0.4 3.5
v -0.6 0.4 3.5
v -0.400001 0.4 3.5
v -3.5 0.4 3.4
v -3.4 0.4 3.4
v -0.700001 0.4 3.4
v -0.6 0.4 3.4
v -12 0.4 3.3
v -11.9 0.4 3.3
v -3.6 0.4 3.3
v -3.5 0.4 3.3
v -0.900001 0.4 3.3
v -0.700001 0.4 3.3
v -3.8 0.4 3.2
v -3.6 0.4 3.2
v -1.1 0.4 3.2
v -0.900001 0.4 3.2
v -3.9 0.4 3.1
v -3.8 0.4 3.1
v -1.2 0.4 3.1
v -1.1 0.4 3.1
v -11.9 0.4 3
v -11.8 0.4 3
v -4 0.4 3
v -3.9 0.4 3
v -1.4 0.4 3
v -1.2 0.4 3
v -4.2 0.4 2.9
v -4 0.4 2.9
v -1.6 0.4 2.9
v -1.4 0.4 2.9
v -4.3 0.4 2.8
v -4.2 0.4 2.8
v -1.7 0.4 2.8
v -1.6 0.4 2.8
v -4.4 0.4 2.7
v -4.3 0.4 2.7
v -1.8 0.4 2.7
v -1.7 0.4 2.7
v -4.5 0.4 2.6
v -4.4 0.4 2.6
v -1.9 0.4 2.6
v -1.8 0.4 2.6
v -4.6 0.4 2.5
v -4.5 0.4 2.5
v -3 0.4 2.5
v -2.9 0.4 2.5
v -2 0.4 2.5
v -1.9 0.4 2.5
v -4.7 0.4 2.4
v -4.6 0.4 2.4
v -3 0.4 2.4
v -2.9 0.4 2.4
v -2.1 0.4 2.4
v -2 0.4 2.4
v -4.8 0.4 2.3
v -4.7 0.4 2.3
v -2.2 0.4 2.3
v -2.1 0.4 2.3
v -11.8 0.4 2.2
v -11.7 0.4 2.2
v -5 0.4 2.2
v -4.8 0.4 2.2
v -2.3 0.4 2.2
v -2.2 0.4 2.2
v -5.3 0.4 2.1
v -5 0.4 2.1
v -2.5 0.4 2.1
v -2.3 0.4 2.1
v -11.7 0.4 2
v -11.6 0.4 2
v -5.8 0.4 2
v -5.3 0.4 2
v -2.6 0.4 2
v -2.5 0.4 2
v -11.6 0.4 1.9
v -11.5 0.4 1.9
v -6.2 0.4 1.9
v -5.8 0.4 1.9
v -2.7 0.4 1.9
v -2.6 0.4 1.9
v -11.5 0.4 1.8
v -11.4 0.4 1.8
v -6.6 0.4 1.8
v -6.2 0.4 1.8
v -2.8 0.4 1.8
v -2.7 0.4 1.8
v -12.3 0.4 1.7
v -12.2 0.4 1.7
v -11.4 0.4 1.7
v -11.3 0.4 1.7
v -7 0.4 1.7
v -6.6 0.4 1.7
v -2.9 0.4 1.7
v -2.8 0.4 1.7
v -12.3 0.4 1.6
v -12.2 0.4 1.6
v -11.3 0.4 1.6
v -11.1 0.4 1.6
v -7.6 0.4 1.6
v -7 0.4 1.6
v -3 0.4 1.6
v -2.9 0.4 1.6
v -11.1 0.4 1.5
v -10.9 0.4 1.5
v -8.1 0.4 1.5
v -7.6 0.4 1.5
v -7.4 0.4 1.5
v -7.3 0.4 1.5
v -3.1 0.4 1.5
v -3 0.4 1.5
v -11.2 0.4 1.4
v -11.1 0.4 1.4
v -10.9 0.4 1.4
v -10.8 0.4 1.4
v -8.5 0.4 1.4
v -8.1 0.4 1.4
v -7.4 0.4 1.4
v -7.3 0.4 1.4
v -3.2 0.4 1.4
v -3.1 0.4 1.4
v -11.2 0.4 1.3
v -11.1 0.4 1.3
v -10.8 0.4 1.3
v -10.3 0.4 1.3
v -8.8 0.4 1.3
v -8.5 0.4 1.3
v -5.5 0.4 1.3
v -5.4 0.4 1.3
v -5.2 0.4 1.3
v -5.1 0.4 1.3
v -3.4 0.4 1.3
v -3.2 0.4 1.3
v -10.3 0.4 1.2
v -8.8 0.4 1.2
v -5.5 0.4 1.2
v -5.4 0.4 1.2
v -5.2 0.4 1.2
v -5.1 0.4 1.2
v -3.6 0.4 1.2
v -3.4 0.4 1.2
v -3.7 0.4 1.1
v -3.6 0.4 1.1
v -11.4 0.4 1
v -11.3 0.4 1
v -8.4 0.4 1
v -8.3 0.4 1
v -6.7 0.4 1
v -6.5 0.4 1
v -6.2 0.4 1
v -6.1 0.4 1
v -3.8 0.4 1
v -3.7 0.4 1
v -11.4 0.4 0.900001
v -11.3 0.4 0.900001
v -10.6 0.4 0.900001
v -10.5 0.4 0.900001
v -8.4 0.4 0.900001
v -8.3 0.4 0.900001
v -6.7 0.4 0.900001
v -6.5 0.4 0.900001
v -6.2 0.4 0.900001
v -6.1 0.4 0.900001
v -3.9 0.4 0.900001
v -3.8 0.4 0.900001
v -10.6 0.4 0.8
v -10.5 0.4 0.8
v -7.1 0.4 0.8
v -7 0.4 0.8
v -4 0.4 0.8
v -3.9 0.4 0.8
v -4.1 0.4 0.700001
v -4 0.4 0.700001
v -7.1 0.4 0.6
v -7 0.4 0.6
v -4.3 0.4 0.6
v -4.1 0.4 0.6
v -4.5 0.4 0.5
v -4.3 0.4 0.5
v -7.1 0.4 0.400001
v -7 0.4 0.400001
v -4.6 0.4 0.400001
v -4.5 0.4 0.400001
v -9.8 0.4 0.3
v -9.7 0.4 0.3
v -7.1 0.4 0.3
v -7 0.4 0.3
v -4.8 0.4 0.3
v -4.6 0.4 0.3
v -9.8 0.4 0.200001
v -9.7 0.4 0.200001
v -5 0.4 0.200001
v -4.8 0.4 0.200001
v -9.2 0.4 0.1
v -9.1 0.4 0.1
v -5.2 0.4 0.1
v -5 0.4 0.1
v -9.2 0.4 0
v -9.1 0.4 0
v -5.4 0.4 0
v -5.2 0.4 0
v -8.3 0.4 -0.0999994
v -8.2 0.4 -0.0999994
v -5.5 0.4 -0.0999994
v -5.4 0.4 -0.0999994
v -12.4 0.4 -0.2
v -12.3 0.4 -0.2
v -8.3 0.4 -0.2
v -8.2 0.4 -0.2
v -5.6 0.4 -0.2
v -5.5 0.4 -0.2
v -12.4 0.4 -0.299999
v -12.3 0.4 -0.299999
v -5.8 0.4 -0.299999
v -5.6 0.4 -0.299999
v -5.9 0.4 -0.4
v -5.8 0.4 -0.4
v -6 0.4 -0.5
v -5.9 0.4 -0.5
v -6.1 0.4 -0.599999
v -6 0.4 -0.599999
v -7.3 0.4 -0.7
v -7.1 0.4 -0.7
v -12.2 0.4 -0.799999
v -12.1 0.4 -0.799999
v -9.7 0.4 -0.799999
v -9.6 0.4 -0.799999
v -7.3 0.4 -0.799999
v -7.1 0.4 -0.799999
v -6.2 0.4 -0.799999
v -6.1 0.4 -0.799999
v -12.2 0.4 -0.9
v -12.1 0.4 -0.9
v -9.7 0.4 -0.9
v -9.6 0.4 -0.9
v -9.1 0.4 -0.9
v -9 0.4 -0.9
v -6.3 0.4 -0.9
v -6.2 0.4 -0.9
v -9.1 0.4 -1
v -9 0.4 -1
v -6.4 0.4 -1
v -6.3 0.4 -1
v -6.5 0.4 -1.1
v -6.4 0.4 -1.1
v -9.6 0.4 -1.2
v -9.5 0.4 -1.2
v -6.6 0.4 -1.2
v -6.5 0.4 -1.2
v -9.6 0.4 -1.3
v -9.5 0.4 -1.3
v -6.7 0.4 -1.3
v -6.6 0.4 -1.3
v -8.2 0.4 -1.4
v -8.1 0.4 -1.4
v -11.8 0.4 -1.5
v -11.7 0.4 -1.5
v -10.7 0.4 -1.5
v -10.6 0.4 -1.5
v -6.8 0.4 -1.5
v -6.7 0.4 -1.5
v -11.8 0.4 -1.6
v -11.7 0.4 -1.6
v -10.8 0.4 -1.6
v -10.7 0.4 -1.6
v -10.6 0.4 -1.6
v -8.2 0.4 -1.6
v -8.1 0.4 -1.6
v -6.9 0.4 -1.6
v -6.8 0.4 -1.6
v -10.8 0.4 -1.7
v -10.7 0.4 -1.7
v -7 0.4 -1.7
v -6.9 0.4 -1.7
v -7.1 0.4 -1.9
v -7 0.4 -1.9
v -11.5 0.4 -2
v -11.4 0.4 -2
v -9.2 0.4 -2
v -9.1 0.4 -2
v -7.2 0.4 -2
v -7.1 0.4 -2
v -11.5 0.4 -2.1
v -11.4 0.4 -2.1
v -9.2 0.4 -2.1
v -9.1 0.4 -2.1
v -7.3 0.4 -2.1
v -7.2 0.4 -2.1
v -7.4 0.4 -2.3
v -7.3 0.4 -2.3
v -9.5 0.4 -2.4
v -9.4 0.4 -2.4
v -7.5 0.4 -2.4
v -7.4 0.4 -2.4
v -9.5 0.4 -2.5
v -9.4 0.4 -2.5
v -8.3 0.4 -2.5
v -8.2 0.4 -2.5
v -7.6 0.4 -2.5
v -7.5 0.4 -2.5
v -11 0.4 -2.6
v -10.9 0.4 -2.6
v -8.3 0.4 -2.6
v -8.2 0.4 -2.6
v -7.7 0.4 -2.6
v -7.6 0.4 -2.6
v -11 0.4 -2.7
v -10.9 0.4 -2.7
v -7.8 0.4 -2.7
v -7.7 0.4 -2.7
v -7.9 0.4 -2.8
v -7.8 0.4 -2.8
v -8.1 0.4 -2.9
v -7.9 0.4 -2.9
v -8.3 0.4 -3
v -8.1 0.4 -3
v -8.5 0.4 -3.2
v -8.3 0.4 -3.2
v -8.7 0.4 -3.3
v -8.5 0.4 -3.3
v -10.5 0.4 -3.4
v -10.4 0.4 -3.4
v -8.9 0.4 -3.4
v -8.7 0.4 -3.4
v -10.5 0.4 -3.5
v -10.4 0.4 -3.5
v -9 0.4 -3.5
v -8.9 0.4 -3.5
v -10.5 0.4 -3.6
v -9 0.4 -3.6
v -11.9 0.4 -3.7
v -10.5 0.4 -3.7
v -12.3 0.4 -3.8
v -11.9 0.4 -3.8
v -12.6 0.4 -3.9
v -12.3 0.4 -3.9
v -12.8 0.4 -4
v -12.6 0.4 -4
v -3.3 0.5 11.2
v -2.1 0.5 11.2
v -8.7 0.5 11.1
v -6.4 0.5 11.1
v -4.4 0.5 11.1
v -3.7 0.5 11.1
v -3.6 0.5 11.1
v -3.3 0.5 11.1
v -2.1 0.5 11.1
v -1.3 0.5 11.1
v -9.2 0.5 11
v -8.7 0.5 11
v -6.4 0.5 11
v -4.4 0.5 11
v -3.7 0.5 11
v -3.6 0.5 11
v -1.3 0.5 11
v -0.8 0.5 11
v -9.4 0.5 10.9
v -9.2 0.5 10.9
v -8.4 0.5 10.9
v -8.3 0.5 10.9
v -4.1 0.5 10.9
v -4 0.5 10.9
v -2 0.5 10.9
v -1.9 0.5 10.9
v -0.8 0.5 10.9
v -0.5 0.5 10.9
v -9.6 0.5 10.8
v -9.4 0.5 10.8
v -8.4 0.5 10.8
v -8.3 0.5 10.8
v -6 0.5 10.8
v -5.7 0.5 10.8
v -4.1 0.5 10.8
v -4 0.5 10.8
v -2 0.5 10.8
v -1.9 0.5 10.8
v -0.5 0.5 10.8
v -0.3 0.5 10.8
v -9.8 0.5 10.7
v -9.6 0.5 10.7
v -9.3 0.5 10.7
v -9.2 0.5 10.7
v -5.9 0.5 10.7
v -5.7 0.5 10.7
v -0.3 0.5 10.7
v -0.1 0.5 10.7
v -9.9 0.5 10.6
v -9.8 0.5 10.6
v -9.3 0.5 10.6
v -9.2 0.5 10.6
v -6 0.5 10.6
v -5.9 0.5 10.6
v -0.1 0.5 10.6
v 0 0.5 10.6
v -10 0.5 10.5
v -9.9 0.5 10.5
v -0.400001 0.5 10.5
v -0.3 0.5 10.5
v 0 0.5 10.5
v 0.0999994 0.5 10.5
v -10.1 0.5 10.4
v -10 0.5 10.4
v -4.3 0.5 10.4
v -4.2 0.5 10.4
v -0.400001 0.5 10.4
v -0.3 0.5 10.4
v 0.0999994 0.5 10.4
v 0.2 0.5 10.4
v -10.2 0.5 10.3
v -10.1 0.5 10.3
v -4.3 0.5 10.3
v -4.2 0.5 10.3
v 0.2 0.5 10.3
v 0.299999 0.5 10.3
v -10.3 0.5 10.2
v -10.2 0.5 10.2
v -5.8 0.5 10.2
v -5.7 0.5 10.2
v -3.8 0.5 10.2
v -3.7 0.5 10.2
v -2.4 0.5 10.2
v -2.2 0.5 10.2
v 0.299999 0.5 10.2
v 0.4 0.5 10.2
v -10.4 0.5 10.1
v -10.3 0.5 10.1
v -5.8 0.5 10.1
v -5.7 0.5 10.1
v -3.8 0.5 10.1
v -3.7 0.5 10.1
v -2.4 0.5 10.1
v -2.2 0.5 10.1
v 0.4 0.5 10.1
v 0.5 0.5 10.1
v 0.599999 0.5 10.1
v -10.5 0.5 10
v -10.4 0.5 10
v -9 0.5 10
v -8.9 0.5 10
v -7.8 0.5 10
v -7.7 0.5 10
v 0.4 0.5 10
v 0.5 0.5 10
v 0.599999 0.5 10
v 0.7 0.5 10
v -10.6 0.5 9.9
v -10.5 0.5 9.9
v -7.8 0.5 9.9
v -7.7 0.5 9.9
v 0.7 0.5 9.9
v 0.799999 0.5 9.9
v -10.7 0.5 9.8
v -10.6 0.5 9.8
v -9 0.5 9.8
v -8.9 0.5 9.8
v -1 0.5 9.8
v -0.8 0.5 9.8
v 0.799999 0.5 9.8
v 1 0.5 9.8
v -10.8 0.5 9.7
v -10.7 0.5 9.7
v -5.5 0.5 9.7
v -5.4 0.5 9.7
v -5 0.5 9.7
v -4.9 0.5 9.7
v -1 0.5 9.7
v -0.8 0.5 9.7
v -10.9 0.5 9.6
v -10.8 0.5 9.6
v -8.4 0.5 9.6
v -8.2 0.5 9.6
v -7 0.5 9.6
v -6.9 0.5 9.6
v -5.5 0.5 9.6
v -5.4 0.5 9.6
v -5 0.5 9.6
v -4.9 0.5 9.6
v 1 0.5 9.6
v 1.1 0.5 9.6
v -11 0.5 9.5
v -10.9 0.5 9.5
v -8.4 0.5 9.5
v -8.2 0.5 9.5
v -7 0.5 9.5
v -6.9 0.5 9.5
v -4.6 0.5 9.4
v -4.5 0.5 9.4
v -3.1 0.5 9.4
v -3 0.5 9.4
v 1.1 0.5 9.4
v 1.2 0.5 9.4
v -11.1 0.5 9.3
v -11 0.5 9.3
v -10.2 0.5 9.3
v -10.1 0.5 9.3
v -7.3 0.5 9.3
v -7.2 0.5 9.3
v -4.6 0.5 9.3
v -4.5 0.5 9.3
v -3.1 0.5 9.3
v -3 0.5 9.3
v -11.2 0.5 9.2
v -11.1 0.5 9.2
v -10.2 0.5 9.2
v -10.1 0.5 9.2
v -7.3 0.5 9.2
v -7.2 0.5 9.2
v -6.6 0.5 9.2
v -6.5 0.5 9.2
v -6.6 0.5 9.1
v -6.5 0.5 9.1
v -11.3 0.5 9
v -11.2 0.5 9
v -4.3 0.5 9
v -4.2 0.5 9
v 1.2 0.5 9
v 1.3 0.5 9
v -10.5 0.5 8.9
v -10.4 0.5 8.9
v -4.3 0.5 8.9
v -4.2 0.5 8.9
v -0.200001 0.5 8.9
v -0.1 0.5 8.9
v 0.299999 0.5 8.9
v 0.4 0.5 8.9
v -11.4 0.5 8.8
v -11.3 0.5 8.8
v -10.5 0.5 8.8
v -10.4 0.5 8.8
v -0.400001 0.5 8.8
v -0.3 0.5 8.8
v -0.200001 0.5 8.8
v -0.1 0.5 8.8
v 0.299999 0.5 8.8
v 0.4 0.5 8.8
v 0.799999 0.5 8.8
v 0.9 0.5 8.8
v -9.5 0.5 8.7
v -9.4 0.5 8.7
v -0.400001 0.5 8.7
v -0.3 0.5 8.7
v 0.799999 0.5 8.7
v 0.9 0.5 8.7
v -11.5 0.5 8.6
v -11.4 0.5 8.6
v -11.2 0.5 8.6
v -11.1 0.5 8.6
v -9.5 0.5 8.6
v -9.4 0.5 8.6
v -1.5 0.5 8.6
v -1.4 0.5 8.6
v -0.8 0.5 8.6
v -0.700001 0.5 8.6
v 1.3 0.5 8.6
v 1.4 0.5 8.6
v -11.2 0.5 8.5
v -11.1 0.5 8.5
v -1.5 0.5 8.5
v -1.4 0.5 8.5
v -0.8 0.5 8.5
v -0.700001 0.5 8.5
v -11.6 0.5 8.4
v -11.5 0.5 8.4
v -5.9 0.5 8.3
v -5.8 0.5 8.3
v -4.3 0.5 8.3
v -4.2 0.5 8.3
v -9.7 0.5 8.2
v -9.6 0.5 8.2
v -5.9 0.5 8.2
v -5.8 0.5 8.2
v -4.3 0.5 8.2
v -4.2 0.5 8.2
v -2.1 0.5 8.2
v -2 0.5 8.2
v -1.6 0.5 8.2
v -1.4 0.5 8.2
v -11.7 0.5 8.1
v -11.6 0.5 8.1
v -9.7 0.5 8.1
v -9.6 0.5 8.1
v -3.8 0.5 8.1
v -3.7 0.5 8.1
v -2.5 0.5 8.1
v -2.4 0.5 8.1
v -1.6 0.5 8.1
v -1.4 0.5 8.1
v -3.8 0.5 8
v -3.7 0.5 8
v -2.5 0.5 8
v -2.4 0.5 8
v -2.1 0.5 8
v -2 0.5 8
v -10.6 0.5 7.9
v -10.5 0.5 7.9
v -7.2 0.5 7.9
v -7.1 0.5 7.9
v -10.6 0.5 7.8
v -10.5 0.5 7.8
v -8.2 0.5 7.8
v -8.1 0.5 7.8
v 1.3 0.5 7.8
v 1.4 0.5 7.8
v -8.2 0.5 7.7
v -8.1 0.5 7.7
v -7.2 0.5 7.7
v -7.1 0.5 7.7
v -0.3 0.5 7.6
v -0.200001 0.5 7.6
v -0.3 0.5 7.5
v -0.200001 0.5 7.5
v 1 0.5 7.4
v 1.2 0.5 7.4
v -6.4 0.5 7.3
v -6.3 0.5 7.3
v 1 0.5 7.3
v 1.2 0.5 7.3
v -6.4 0.5 7.2
v -6.3 0.5 7.2
v 1.2 0.5 7.2
v 1.3 0.5 7.2
v -5.6 0.5 7.1
v -5.5 0.5 7.1
v 1.1 0.5 7.1
v 1.2 0.5 7.1
v -3.8 0.5 7
v -3.7 0.5 7
v -0.6 0.5 7
v -0.5 0.5 7
v -0.3 0.5 7
v 1 0.5 7
v 1.1 0.5 7
v -8.6 0.5 6.9
v -8.5 0.5 6.9
v -6.3 0.5 6.9
v -6.2 0.5 6.9
v -5.6 0.5 6.9
v -5.5 0.5 6.9
v -3.8 0.5 6.9
v -3.7 0.5 6.9
v -0.6 0.5 6.9
v -0.5 0.5 6.9
v -0.3 0.5 6.9
v 0.9 0.5 6.9
v 1 0.5 6.9
v -8.6 0.5 6.8
v -8.5 0.5 6.8
v -6.3 0.5 6.8
v -6.2 0.5 6.8
v 0.799999 0.5 6.8
v 0.9 0.5 6.8
v 0.7 0.5 6.7
v 0.799999 0.5 6.7
v -11.8 0.5 6.6
v -11.7 0.5 6.6
v -11.6 0.5 6.6
v -11.5 0.5 6.6
v 0.599999 0.5 6.6
v 0.7 0.5 6.6
v -11.6 0.5 6.5
v -11.5 0.5 6.5
v -11.2 0.5 6.5
v -11.1 0.5 6.5
v 0.0999994 0.5 6.5
v 0.2 0.5 6.5
v 0.5 0.5 6.5
v 0.599999 0.5 6.5
v -11.2 0.5 6.4
v -11.1 0.5 6.4
v -10.4 0.5 6.4
v -10.3 0.5 6.4
v -8.7 0.5 6.4
v -8.6 0.5 6.4
v -2.6 0.5 6.4
v -2.5 0.5 6.4
v 0.0999994 0.5 6.4
v 0.2 0.5 6.4
v 0.299999 0.5 6.4
v 0.5 0.5 6.4
v -10.4 0.5 6.3
v -10.3 0.5 6.3
v -8.7 0.5 6.3
v -8.6 0.5 6.3
v -2.6 0.5 6.3
v -2.5 0.5 6.3
v 0.2 0.5 6.3
v 0.299999 0.5 6.3
v 0 0.5 6.2
v 0.2 0.5 6.2
v -0.1 0.5 6.1
v 0 0.5 6.1
v -0.200001 0.5 6
v -0.1 0.5 6
v -0.400001 0.5 5.9
v -0.200001 0.5 5.9
v -0.6 0.5 5.8
v -0.400001 0.5 5.8
v -11.9 0.5 5.7
v -11.8 0.5 5.7
v -8 0.5 5.7
v -7.9 0.5 5.7
v -0.8 0.5 5.7
v -0.6 0.5 5.7
v -8 0.5 5.6
v -7.9 0.5 5.6
v -0.900001 0.5 5.6
v -0.8 0.5 5.6
v -5 0.5 5.5
v -4.9 0.5 5.5
v -4.2 0.5 5.5
v -4.1 0.5 5.5
v -1.1 0.5 5.5
v -0.900001 0.5 5.5
v -5 0.5 5.4
v -4.9 0.5 5.4
v -4.2 0.5 5.4
v -4.1 0.5 5.4
v -1.2 0.5 5.4
v -1.1 0.5 5.4
v -7.3 0.5 5.3
v -7.2 0.5 5.3
v -1.4 0.5 5.3
v -1.2 0.5 5.3
v -7.3 0.5 5.2
v -7.2 0.5 5.2
v -1.5 0.5 5.2
v -1.4 0.5 5.2
v -11.1 0.5 5.1
v -11 0.5 5.1
v -5.6 0.5 5.1
v -5.5 0.5 5.1
v -1.6 0.5 5.1
v -1.5 0.5 5.1
v -11.1 0.5 5
v -11 0.5 5
v -5.6 0.5 5
v -5.5 0.5 5
v -2.3 0.5 5
v -2.1 0.5 5
v -1.7 0.5 5
v -1.6 0.5 5
v -2.3 0.5 4.9
v -2.1 0.5 4.9
v -1.9 0.5 4.9
v -1.7 0.5 4.9
v -4.8 0.5 4.8
v -4.7 0.5 4.8
v -2 0.5 4.8
v -1.9 0.5 4.8
v -12 0.5 4.7
v -11.9 0.5 4.7
v -4.8 0.5 4.7
v -4.7 0.5 4.7
v -2.1 0.5 4.7
v -2 0.5 4.7
v -2.6 0.5 4.6
v -2.5 0.5 4.6
v -2.2 0.5 4.6
v -2.1 0.5 4.6
v -8.1 0.5 4.5
v -8 0.5 4.5
v -2.6 0.5 4.5
v -2.5 0.5 4.5
v -2.3 0.5 4.5
v -2.2 0.5 4.5
v -8.1 0.5 4.4
v -8 0.5 4.4
v -4.3 0.5 4.4
v -4.2 0.5 4.4
v -2.6 0.5 4.4
v -2.4 0.5 4.4
v -2.3 0.5 4.4
v -11.4 0.5 4.3
v -11.3 0.5 4.3
v -9.6 0.5 4.3
v -9.5 0.5 4.3
v -4.3 0.5 4.3
v -4.2 0.5 4.3
v -2.6 0.5 4.3
v -2.4 0.5 4.3
v -11.4 0.5 4.2
v -11.3 0.5 4.2
v -9.6 0.5 4.2
v -9.5 0.5 4.2
v -2.5 0.5 4.2
v -2.4 0.5 4.2
v -12.1 0.5 4.1
v -12 0.5 4.1
v -11.4 0.5 4.1
v -11.3 0.5 4.1
v -2.6 0.5 4.1
v -2.5 0.5 4.1
v -11.4 0.5 4
v -11.3 0.5 4
v -2.7 0.5 4
v -2.6 0.5 4
v -2.9 0.5 3.9
v -2.7 0.5 3.9
v -12.1 0.5 3.8
v -12 0.5 3.8
v -3 0.5 3.8
v -2.9 0.5 3.8
v -3.1 0.5 3.7
v -3 0.5 3.7
v -3.3 0.5 3.6
v -3.1 0.5 3.6
v -7 0.5 3.5
v -6.9 0.5 3.5
v -6.5 0.5 3.5
v -6.4 0.5 3.5
v -5.4 0.5 3.5
v -5.3 0.5 3.5
v -3.4 0.5 3.5
v -3.3 0.5 3.5
v -8.6 0.5 3.4
v -8.5 0.5 3.4
v -7 0.5 3.4
v -6.9 0.5 3.4
v -6.5 0.5 3.4
v -6.4 0.5 3.4
v -5.4 0.5 3.4
v -5.3 0.5 3.4
v -3.5 0.5 3.4
v -3.4 0.5 3.4
v -12 0.5 3.3
v -11.9 0.5 3.3
v -8.6 0.5 3.3
v -8.5 0.5 3.3
v -3.6 0.5 3.3
v -3.5 0.5 3.3
v -3.8 0.5 3.2
v -3.6 0.5 3.2
v -3.9 0.5 3.1
v -3.8 0.5 3.1
v -11.9 0.5 3
v -11.8 0.5 3
v -4.3 0.5 3
v -4.2 0.5 3
v -4 0.5 3
v -3.9 0.5 3
v -4.3 0.5 2.9
v -4.2 0.5 2.9
v -4 0.5 2.9
v -9.8 0.5 2.8
v -9.7 0.5 2.8
v -4.3 0.5 2.8
v -4.2 0.5 2.8
v -10.8 0.5 2.7
v -10.7 0.5 2.7
v -9.8 0.5 2.7
v -9.7 0.5 2.7
v -4.4 0.5 2.7
v -4.3 0.5 2.7
v -10.8 0.5 2.6
v -10.7 0.5 2.6
v -9.9 0.5 2.6
v -9.8 0.5 2.6
v -4.5 0.5 2.6
v -4.4 0.5 2.6
v -9.9 0.5 2.5
v -9.8 0.5 2.5
v -8.3 0.5 2.5
v -8.2 0.5 2.5
v -4.6 0.5 2.5
v -4.5 0.5 2.5
v -8.3 0.5 2.4
v -8.2 0.5 2.4
v -7 0.5 2.4
v -6.9 0.5 2.4
v -4.7 0.5 2.4
v -4.6 0.5 2.4
v -7 0.5 2.3
v -6.9 0.5 2.3
v -5.4 0.5 2.3
v -5.3 0.5 2.3
v -4.8 0.5 2.3
v -4.7 0.5 2.3
v -11.8 0.5 2.2
v -11.7 0.5 2.2
v -5.4 0.5 2.2
v -5.3 0.5 2.2
v -5 0.5 2.2
v -4.8 0.5 2.2
v -7.5 0.5 2.1
v -7.4 0.5 2.1
v -5.3 0.5 2.1
v -5 0.5 2.1
v -11.7 0.5 2
v -11.6 0.5 2
v -9.3 0.5 2
v -9.2 0.5 2
v -7.5 0.5 2
v -7.4 0.5 2
v -5.8 0.5 2
v -5.3 0.5 2
v -11.6 0.5 1.9
v -11.5 0.5 1.9
v -9.3 0.5 1.9
v -9.2 0.5 1.9
v -6.2 0.5 1.9
v -5.8 0.5 1.9
v -11.5 0.5 1.8
v -11.4 0.5 1.8
v -8.7 0.5 1.8
v -8.6 0.5 1.8
v -6.6 0.5 1.8
v -6.2 0.5 1.8
v -11.4 0.5 1.7
v -11.3 0.5 1.7
v -8.7 0.5 1.7
v -8.6 0.5 1.7
v -8 0.5 1.7
v -7.9 0.5 1.7
v -7 0.5 1.7
v -6.6 0.5 1.7
v -11.3 0.5 1.6
v -11.1 0.5 1.6
v -8 0.5 1.6
v -7.9 0.5 1.6
v -7.6 0.5 1.6
v -7 0.5 1.6
v -11.1 0.5 1.5
v -10.9 0.5 1.5
v -8.1 0.5 1.5
v -7.6 0.5 1.5
v -10.9 0.5 1.4
v -10.8 0.5 1.4
v -9.8 0.5 1.4
v -9.7 0.5 1.4
v -8.5 0.5 1.4
v -8.1 0.5 1.4
v -10.8 0.5 1.3
v -10.3 0.5 1.3
v -9.8 0.5 1.3
v -9.7 0.5 1.3
v -8.8 0.5 1.3
v -8.5 0.5 1.3
v -10.3 0.5 1.2
v -8.8 0.5 1.2

# faces
f 3/7/1 2/7/1 1/7/1
f 4/7/1 2/7/1 3/7/1
f 5/7/1 3/7/1 1/7/1
f 6/7/1 3/7/1 5/7/1
f 7/7/1 5/7/1 1/7/1
f 8/7/1 5/7/1 7/7/1
f 9/7/1 7/7/1 1/7/1
f 10/7/1 7/7/1 9/7/1
f 13/7/1 12/7/1 11/7/1
f 14/7/1 12/7/1 13/7/1
f 17/7/1 16/7/1 15/7/1
f 18/7/1 16/7/1 17/7/1
f 23/7/1 20/7/1 19/7/1
f 24/7/1 20/7/1 23/7/1
f 25/7/1 22/7/1 21/7/1
f 26/7/1 22/7/1 25/7/1
f 31/7/1 28/7/1 27/7/1
f 32/7/1 28/7/1 31/7/1
f 33/7/1 30/7/1 29/7/1
f 34/7/1 30/7/1 33/7/1
f 39/7/1 36/7/1 35/7/1
f 40/7/1 36/7/1 39/7/1
f 41/7/1 38/7/1 37/7/1
f 42/7/1 38/7/1 41/7/1
f 49/7/1 44/7/1 43/7/1
f 49/7/1 45/7/1 44/7/1
f 49/7/1 46/7/1 45/7/1
f 50/7/1 46/7/1 49/7/1
f 51/7/1 48/7/1 47/7/1
f 52/7/1 48/7/1 51/7/1
f 57/7/1 54/7/1 53/7/1
f 58/7/1 54/7/1 57/7/1
f 59/7/1 56/7/1 55/7/1
f 60/7/1 56/7/1 59/7/1
f 65/7/1 62/7/1 61/7/1
f 66/7/1 62/7/1 65/7/1
f 67/7/1 64/7/1 63/7/1
f 68/7/1 64/7/1 67/7/1
f 73/7/1 70/7/1 69/7/1
f 74/7/1 70/7/1 73/7/1
f 75/7/1 72/7/1 71/7/1
f 76/7/1 72/7/1 75/7/1
f 81/7/1 78/7/1 77/7/1
f 82/7/1 78/7/1 81/7/1
f 83/7/1 80/7/1 79/7/1
f 84/7/1 80/7/1 83/7/1
f 87/7/1 86/7/1 85/7/1
f 88/7/1 86/7/1 87/7/1
f 93/7/1 90/7/1 89/7/1
f 94/7/1 90/7/1 93/7/1
f 95/7/1 92/7/1 91/7/1
f 96/7/1 92/7/1 95/7/1
f 99/7/1 98/7/1 97/7/1
f 100/7/1 98/7/1 99/7/1
f 105/7/1 102/7/1 101/7/1
f 106/7/1 102/7/1 105/7/1
f 107/7/1 104/7/1 103/7/1
f 108/7/1 104/7/1 107/7/1
f 113/7/1 110/7/1 109/7/1
f 114/7/1 110/7/1 113/7/1
f 115/7/1 112/7/1 111/7/1
f 116/7/1 112/7/1 115/7/1
f 119/7/1 118/7/1 117/7/1
f 120/7/1 118/7/1 119/7/1
f 123/7/1 122/7/1 121/7/1
f 124/7/1 122/7/1 123/7/1
f 127/7/1 126/7/1 125/7/1
f 128/7/1 126/7/1 127/7/1
f 131/7/1 130/7/1 129/7/1
f 132/7/1 130/7/1 131/7/1
f 137/7/1 134/7/1 133/7/1
f 138/7/1 134/7/1 137/7/1
f 139/7/1 136/7/1 135/7/1
f 140/7/1 136/7/1 139/7/1
f 143/7/1 142/7/1 141/7/1
f 144/7/1 142/7/1 143/7/1
f 147/7/1 146/7/1 145/7/1
f 148/7/1 146/7/1 147/7/1
f 151/7/1 150/7/1 149/7/1
f 152/7/1 150/7/1 151/7/1
f 155/7/1 154/7/1 153/7/1
f 156/7/1 154/7/1 155/7/1
f 159/7/1 158/7/1 157/7/1
f 160/7/1 158/7/1 159/7/1
f 163/7/1 162/7/1 161/7/1
f 164/7/1 162/7/1 163/7/1
f 167/7/1 166/7/1 165/7/1
f 168/7/1 166/7/1 167/7/1
f 171/7/1 170/7/1 169/7/1
f 172/7/1 170/7/1 171/7/1
f 175/7/1 174/7/1 173/7/1
f 176/7/1 174/7/1 175/7/1
f 179/7/1 178/7/1 177/7/1
f 180/7/1 178/7/1 179/7/1
f 183/7/1 182/7/1 181/7/1
f 184/7/1 182/7/1 183/7/1
f 187/7/1 186/7/1 185/7/1
f 188/7/1 186/7/1 187/7/1
f 189/7/2 190/7/2 191/7/2
f 191/7/2 190/7/2 192/7/2
f 193/7/2 194/7/2 195/7/2
f 195/7/2 194/7/2 196/7/2
f 197/7/2 198/7/2 201/7/2
f 201/7/2 198/7/2 202/7/2
f 199/7/2 200/7/2 203/7/2
f 203/7/2 200/7/2 204/7/2
f 205/7/2 206/7/2 207/7/2
f 207/7/2 206/7/2 208/7/2
f 209/7/2 210/7/2 211/7/2
f 211/7/2 210/7/2 212/7/2
f 213/7/2 214/7/2 215/7/2
f 215/7/2 214/7/2 216/7/2
f 217/7/2 218/7/2 219/7/2
f 219/7/2 218/7/2 220/7/2
f 221/7/2 222/7/2 223/7/2
f 223/7/2 222/7/2 224/7/2
f 225/7/2 226/7/2 227/7/2
f 227/7/2 226/7/2 228/7/2
f 229/7/2 230/7/2 231/7/2
f 231/7/2 230/7/2 232/7/2
f 233/7/2 234/7/2 235/7/2
f 235/7/2 234/7/2 236/7/2
f 237/7/2 238/7/2 239/7/2
f 239/7/2 238/7/2 240/7/2
f 241/7/2 242/7/2 243/7/2
f 243/7/2 242/7/2 244/7/2
f 245/7/2 246/7/2 247/7/2
f 247/7/2 246/7/2 248/7/2
f 249/7/2 250/7/2 253/7/2
f 253/7/2 250/7/2 254/7/2
f 251/7/2 252/7/2 255/7/2
f 255/7/2 252/7/2 256/7/2
f 257/7/2 258/7/2 259/7/2
f 259/7/2 258/7/2 260/7/2
f 261/7/2 262/7/2 263/7/2
f 263/7/2 262/7/2 264/7/2
f 265/7/2 266/7/2 267/7/2
f 267/7/2 266/7/2 268/7/2
f 269/7/2 270/7/2 271/7/2
f 271/7/2 270/7/2 272/7/2
f 273/7/2 274/7/2 275/7/2
f 275/7/2 274/7/2 276/7/2
f 277/7/2 278/7/2 279/7/2
f 279/7/2 278/7/2 280/7/2
f 281/7/2 282/7/2 283/7/2
f 283/7/2 282/7/2 284/7/2
f 285/7/2 286/7/2 289/7/2
f 289/7/2 286/7/2 290/7/2
f 287/7/2 288/7/2 291/7/2
f 291/7/2 288/7/2 292/7/2
f 293/7/2 294/7/2 297/7/2
f 297/7/2 294/7/2 298/7/2
f 295/7/2 296/7/2 299/7/2
f 299/7/2 296/7/2 300/7/2
f 301/7/2 302/7/2 303/7/2
f 303/7/2 302/7/2 304/7/2
f 305/7/2 306/7/2 307/7/2
f 307/7/2 306/7/2 308/7/2
f 309/7/2 310/7/2 313/7/2
f 313/7/2 310/7/2 314/7/2
f 311/7/2 312/7/2 315/7/2
f 315/7/2 312/7/2 316/7/2
f 317/7/2 318/7/2 319/7/2
f 319/7/2 318/7/2 320/7/2
f 321/7/2 322/7/2 325/7/2
f 325/7/2 322/7/2 326/7/2
f 323/7/2 324/7/2 329/7/2
f 329/7/2 324/7/2 330/7/2
f 327/7/2 328/7/2 331/7/2
f 331/7/2 328/7/2 332/7/2
f 333/7/2 334/7/2 337/7/2
f 337/7/2 334/7/2 338/7/2
f 335/7/2 336/7/2 339/7/2
f 339/7/2 336/7/2 340/7/2
f 341/7/2 342/7/2 345/7/2
f 345/7/2 342/7/2 346/7/2
f 343/7/2 344/7/2 347/7/2
f 347/7/2 344/7/2 348/7/2
f 349/7/2 350/7/2 353/7/2
f 353/7/2 350/7/2 354/7/2
f 351/7/2 352/7/2 357/7/2
f 357/7/2 352/7/2 358/7/2
f 355/7/2 356/7/2 359/7/2
f 359/7/2 356/7/2 360/7/2
f 361/7/2 362/7/2 363/7/2
f 363/7/2 362/7/2 364/7/2
f 365/7/2 366/7/2 369/7/2
f 369/7/2 366/7/2 370/7/2
f 367/7/2 368/7/2 373/7/2
f 373/7/2 368/7/2 374/7/2
f 371/7/2 372/7/2 375/7/2
f 375/7/2 372/7/2 376/7/2
f 377/7/2 378/7/2 381/7/2
f 381/7/2 378/7/2 382/7/2
f 379/7/2 380/7/2 383/7/2
f 383/7/2 380/7/2 384/7/2
f 385/7/2 386/7/2 387/7/2
f 387/7/2 386/7/2 388/7/2
f 389/7/2 390/7/2 393/7/2
f 393/7/2 390/7/2 394/7/2
f 391/7/2 392/7/2 397/7/2
f 397/7/2 392/7/2 398/7/2
f 395/7/2 396/7/2 399/7/2
f 399/7/2 396/7/2 400/7/2
f 401/7/2 402/7/2 405/7/2
f 405/7/2 402/7/2 406/7/2
f 403/7/2 404/7/2 407/7/2
f 407/7/2 404/7/2 408/7/2
f 409/7/2 410/7/2 413/7/2
f 413/7/2 410/7/2 414/7/2
f 411/7/2 412/7/2 415/7/2
f 415/7/2 412/7/2 416/7/2
f 417/7/2 418/7/2 421/7/2
f 421/7/2 418/7/2 422/7/2
f 419/7/2 420/7/2 423/7/2
f 423/7/2 420/7/2 424/7/2
f 425/7/2 426/7/2 427/7/2
f 427/7/2 426/7/2 428/7/2
f 429/7/2 430/7/2 433/7/2
f 433/7/2 430/7/2 434/7/2
f 431/7/2 432/7/2 437/7/2
f 437/7/2 432/7/2 438/7/2
f 435/7/2 436/7/2 439/7/2
f 439/7/2 436/7/2 440/7/2
f 441/7/2 442/7/2 445/7/2
f 445/7/2 442/7/2 446/7/2
f 443/7/2 444/7/2 449/7/2
f 449/7/2 444/7/2 450/7/2
f 447/7/2 448/7/2 451/7/2
f 451/7/2 448/7/2 452/7/2
f 453/7/2 454/7/2 457/7/2
f 457/7/2 454/7/2 458/7/2
f 455/7/2 456/7/2 459/7/2
f 459/7/2 456/7/2 460/7/2
f 461/7/2 462/7/2 463/7/2
f 463/7/2 462/7/2 464/7/2
f 465/7/2 466/7/2 469/7/2
f 469/7/2 466/7/2 470/7/2
f 467/7/2 468/7/2 471/7/2
f 471/7/2 468/7/2 472/7/2
f 473/7/2 474/7/2 477/7/2
f 477/7/2 474/7/2 478/7/2
f 475/7/2 476/7/2 481/7/2
f 481/7/2 476/7/2 482/7/2
f 479/7/2 480/7/2 483/7/2
f 483/7/2 480/7/2 484/7/2
f 485/7/2 486/7/2 489/7/2
f 489/7/2 486/7/2 490/7/2
f 487/7/2 488/7/2 491/7/2
f 491/7/2 488/7/2 492/7/2
f 493/7/2 494/7/2 497/7/2
f 497/7/2 494/7/2 498/7/2
f 495/7/2 496/7/2 501/7/2
f 501/7/2 496/7/2 502/7/2
f 499/7/2 500/7/2 505/7/2
f 505/7/2 500/7/2 506/7/2
f 503/7/2 504/7/2 507/7/2
f 507/7/2 504/7/2 508/7/2
f 509/7/2 510/7/2 513/7/2
f 513/7/2 510/7/2 514/7/2
f 511/7/2 512/7/2 515/7/2
f 515/7/2 512/7/2 516/7/2
f 517/7/2 518/7/2 521/7/2
f 521/7/2 518/7/2 522/7/2
f 519/7/2 520/7/2 525/7/2
f 525/7/2 520/7/2 526/7/2
f 523/7/2 524/7/2 527/7/2
f 527/7/2 524/7/2 528/7/2
f 529/6/2 530/6/2 533/6/2
f 533/6/2 530/6/2 534/6/2
f 531/7/2 532/7/2 535/7/2
f 535/7/2 532/7/2 536/7/2
f 537/7/2 538/7/2 541/7/2
f 541/7/2 538/7/2 542/7/2
f 539/7/2 540/7/2 543/7/2
f 543/7/2 540/7/2 544/7/2
f 545/7/2 546/7/2 547/7/2
f 547/7/2 546/7/2 548/7/2
f 549/1/2 550/1/2 553/1/2
f 553/1/2 550/1/2 554/1/2
f 551/7/2 552/7/2 557/7/2
f 557/7/2 552/7/2 558/7/2
f 555/7/2 556/7/2 559/7/2
f 559/7/2 556/7/2 560/7/2
f 561/7/2 562/7/2 565/7/2
f 565/7/2 562/7/2 566/7/2
f 563/7/2 564/7/2 567/7/2
f 567/7/2 564/7/2 568/7/2
f 569/7/2 570/7/2 573/7/2
f 573/7/2 570/7/2 574/7/2
f 571/7/2 572/7/2 575/7/2
f 575/7/2 572/7/2 576/7/2
f 577/7/2 578/7/2 581/7/2
f 581/7/2 578/7/2 582/7/2
f 579/7/2 580/7/2 583/7/2
f 583/7/2 580/7/2 584/7/2
f 585/7/2 586/7/2 589/7/2
f 589/7/2 586/7/2 590/7/2
f 587/7/2 588/7/2 591/7/2
f 591/7/2 588/7/2 592/7/2
f 593/7/2 594/7/2 595/7/2
f 595/7/2 594/7/2 596/7/2
f 597/7/2 598/7/2 599/7/2
f 599/7/2 598/7/2 600/7/2
f 601/7/2 602/7/2 605/7/2
f 605/7/2 602/7/2 606/7/2
f 603/7/2 604/7/2 607/7/2
f 607/7/2 604/7/2 608/7/2
f 609/7/2 610/7/2 611/7/2
f 611/7/2 610/7/2 612/7/2
f 613/7/2 614/7/2 617/7/2
f 617/7/2 614/7/2 618/7/2
f 615/7/2 616/7/2 621/7/2
f 621/7/2 616/7/2 622/7/2
f 619/7/2 620/7/2 623/7/2
f 623/7/2 620/7/2 624/7/2
f 625/7/2 626/7/2 627/7/2
f 627/7/2 626/7/2 628/7/2
f 629/7/2 630/7/2 633/7/2
f 633/7/2 630/7/2 634/7/2
f 631/7/2 632/7/2 637/7/2
f 637/7/2 632/7/2 638/7/2
f 635/7/2 636/7/2 639/7/2
f 639/7/2 636/7/2 640/7/2
f 641/7/2 642/7/2 643/7/2
f 643/7/2 642/7/2 644/7/2
f 645/7/2 646/7/2 647/7/2
f 647/7/2 646/7/2 648/7/2
f 649/7/2 650/7/2 653/7/2
f 653/7/2 650/7/2 654/7/2
f 651/7/2 652/7/2 657/7/2
f 657/7/2 652/7/2 658/7/2
f 655/7/2 656/7/2 659/7/2
f 659/7/2 656/7/2 660/7/2
f 661/7/2 662/7/2 665/7/2
f 665/7/2 662/7/2 666/7/2
f 663/7/2 664/7/2 669/7/2
f 669/7/2 664/7/2 670/7/2
f 667/7/2 668/7/2 671/7/2
f 671/7/2 668/7/2 672/7/2
f 673/7/2 674/7/2 675/7/2
f 675/7/2 674/7/2 676/7/2
f 677/7/2 678/7/2 679/7/2
f 679/7/2 678/7/2 680/7/2
f 681/7/2 682/7/2 685/7/2
f 685/7/2 682/7/2 686/7/2
f 683/7/2 684/7/2 689/7/2
f 689/7/2 684/7/2 690/7/2
f 687/7/2 688/7/2 691/7/2
f 691/7/2 688/7/2 692/7/2
f 693/7/2 694/7/2 695/7/2
f 695/7/2 694/7/2 696/7/2
f 697/7/2 698/7/2 699/7/2
f 699/7/2 698/7/2 700/7/2
f 701/7/2 702/7/2 705/7/2
f 705/7/2 702/7/2 706/7/2
f 703/7/2 704/7/2 707/7/2
f 707/7/2 704/7/2 708/7/2
f 709/7/2 710/7/2 713/7/2
f 713/7/2 710/7/2 714/7/2
f 711/7/2 712/7/2 717/7/2
f 717/7/2 712/7/2 718/7/2
f 715/7/2 716/7/2 719/7/2
f 719/7/2 716/7/2 720/7/2
f 721/7/2 722/7/2 725/7/2
f 725/7/2 722/7/2 726/7/2
f 723/7/2 724/7/2 729/7/2
f 729/7/2 724/7/2 730/7/2
f 727/7/2 728/7/2 731/7/2
f 731/7/2 728/7/2 732/7/2
f 733/7/2 734/7/2 737/7/2
f 737/7/2 734/7/2 738/7/2
f 735/7/2 736/7/2 741/7/2
f 741/7/2 736/7/2 742/7/2
f 739/7/2 740/7/2 745/7/2
f 745/7/2 740/7/2 746/7/2
f 743/7/2 744/7/2 747/7/2
f 747/7/2 744/7/2 748/7/2
f 749/7/2 750/7/2 753/7/2
f 753/7/2 750/7/2 754/7/2
f 751/7/2 752/7/2 755/7/2
f 755/7/2 752/7/2 756/7/2
f 757/7/2 758/7/2 761/7/2
f 761/7/2 758/7/2 762/7/2
f 759/7/2 760/7/2 765/7/2
f 765/7/2 760/7/2 766/7/2
f 763/7/2 764/7/2 767/7/2
f 767/7/2 764/7/2 768/7/2
f 769/7/2 770/7/2 771/7/2
f 771/7/2 770/7/2 772/7/2
f 773/7/2 774/7/2 775/7/2
f 775/7/2 774/7/2 776/7/2
f 777/7/2 778/7/2 781/7/2
f 781/7/2 778/7/2 782/7/2
f 779/7/2 780/7/2 785/7/2
f 785/7/2 780/7/2 786/7/2
f 783/7/2 784/7/2 787/7/2
f 787/7/2 784/7/2 788/7/2
f 789/7/2 790/7/2 793/7/2
f 793/7/2 790/7/2 794/7/2
f 791/7/2 792/7/2 795/7/2
f 795/7/2 792/7/2 796/7/2
f 797/7/2 798/7/2 799/7/2
f 799/7/2 798/7/2 800/7/2
f 801/7/2 802/7/2 805/7/2
f 805/7/2 802/7/2 806/7/2
f 803/7/2 804/7/2 807/7/2
f 807/7/2 804/7/2 808/7/2
f 809/7/2 810/7/2 813/7/2
f 813/7/2 810/7/2 814/7/2
f 811/7/2 812/7/2 817/7/2
f 817/7/2 812/7/2 818/7/2
f 815/7/2 816/7/2 819/7/2
f 819/7/2 816/7/2 820/7/2
f 821/7/2 822/7/2 825/7/2
f 825/7/2 822/7/2 826/7/2
f 823/7/2 824/7/2 829/7/2
f 829/7/2 824/7/2 830/7/2
f 827/7/2 828/7/2 833/7/2
f 833/7/2 828/7/2 834/7/2
f 831/7/2 832/7/2 835/7/2
f 835/7/2 832/7/2 836/7/2
f 837/7/2 838/7/2 841/7/2
f 841/7/2 838/7/2 842/7/2
f 839/7/2 840/7/2 845/7/2
f 845/7/2 840/7/2 846/7/2
f 843/7/2 844/7/2 847/7/2
f 847/7/2 844/7/2 848/7/2
f 849/7/2 850/7/2 853/7/2
f 853/7/2 850/7/2 854/7/2
f 851/7/2 852/7/2 855/7/2
f 855/7/2 852/7/2 856/7/2
f 857/7/2 858/7/2 861/7/2
f 861/7/2 858/7/2 862/7/2
f 859/7/2 860/7/2 865/7/2
f 865/7/2 860/7/2 866/7/2
f 863/7/2 864/7/2 869/7/2
f 869/7/2 864/7/2 870/7/2
f 867/7/2 868/7/2 871/7/2
f 871/7/2 868/7/2 872/7/2
f 873/7/2 874/7/2 877/7/2
f 877/7/2 874/7/2 878/7/2
f 875/7/2 876/7/2 881/7/2
f 881/7/2 876/7/2 882/7/2
f 879/7/2 880/7/2 883/7/2
f 883/7/2 880/7/2 884/7/2
f 885/7/2 886/7/2 889/7/2
f 889/7/2 886/7/2 890/7/2
f 887/7/2 888/7/2 891/7/2
f 891/7/2 888/7/2 892/7/2
f 893/7/2 894/7/2 897/7/2
f 897/7/2 894/7/2 898/7/2
f 895/7/2 896/7/2 899/7/2
f 899/7/2 896/7/2 900/7/2
f 901/3/2 902/3/2 904/3/2
f 902/7/2 903/7/2 905/7/2
f 904/3/2 902/3/2 905/3/2
f 905/7/2 903/7/2 906/7/2
f 907/7/2 908/7/2 911/7/2
f 911/7/2 908/7/2 912/7/2
f 909/7/2 910/7/2 915/7/2
f 915/7/2 910/7/2 916/7/2
f 913/7/2 914/7/2 917/7/2
f 917/7/2 914/7/2 918/7/2
f 919/7/2 920/7/2 921/7/2
f 921/7/2 920/7/2 922/7/2
f 923/7/2 924/7/2 927/7/2
f 927/7/2 924/7/2 928/7/2
f 925/7/2 926/7/2 929/7/2
f 929/7/2 926/7/2 930/7/2
f 931/7/2 932/7/2 935/7/2
f 935/7/2 932/7/2 936/7/2
f 933/7/2 934/7/2 941/7/2
f 941/7/2 934/7/2 942/7/2
f 937/7/2 938/7/2 943/7/2
f 943/7/2 938/7/2 944/7/2
f 939/7/2 940/7/2 945/7/2
f 945/7/2 940/7/2 946/7/2
f 947/7/2 948/7/2 951/7/2
f 951/7/2 948/7/2 952/7/2
f 949/7/2 950/7/2 955/7/2
f 955/7/2 950/7/2 956/7/2
f 953/7/2 954/7/2 959/7/2
f 959/7/2 954/7/2 960/7/2
f 957/7/2 958/7/2 961/7/2
f 961/7/2 958/7/2 962/7/2
f 963/7/2 964/7/2 967/7/2
f 967/7/2 964/7/2 968/7/2
f 965/7/2 966/7/2 971/7/2
f 971/7/2 966/7/2 972/7/2
f 969/7/2 970/7/2 973/7/2
f 973/7/2 970/7/2 974/7/2
f 975/7/2 976/7/2 977/7/2
f 977/7/2 976/7/2 978/7/2
f 979/7/2 980/7/2 981/7/2
f 981/7/2 980/7/2 982/7/2
f 983/7/2 984/7/2 987/7/2
f 987/7/2 984/7/2 988/7/2
f 985/7/2 986/7/2 991/7/2
f 991/7/2 986/7/2 992/7/2
f 989/7/2 990/7/2 993/7/2
f 993/7/2 990/7/2 994/7/2
f 995/7/2 996/7/2 999/7/2
f 999/7/2 996/7/2 1000/7/2
f 997/7/2 998/7/2 1003/7/2
f 1003/7/2 998/7/2 1004/7/2
f 1001/7/2 1002/7/2 1007/7/2
f 1007/7/2 1002/7/2 1008/7/2
f 1005/7/2 1006/7/2 1009/7/2
f 1009/7/2 1006/7/2 1010/7/2
f 1011/7/2 1012/7/2 1013/7/2
f 1013/7/2 1012/7/2 1014/7/2
f 1015/7/2 1016/7/2 1019/7/2
f 1019/7/2 1016/7/2 1020/7/2
f 1017/7/2 1018/7/2 1023/7/2
f 1023/7/2 1018/7/2 1024/7/2
f 1021/7/2 1022/7/2 1027/7/2
f 1027/7/2 1022/7/2 1028/7/2
f 1025/7/2 1026/7/2 1029/7/2
f 1029/7/2 1026/7/2 1030/7/2
f 1031/7/2 1032/7/2 1033/7/2
f 1033/7/2 1032/7/2 1034/7/2
f 1035/7/2 1036/7/2 1039/7/2
f 1039/7/2 1036/7/2 1040/7/2
f 1037/7/2 1038/7/2 1043/7/2
f 1043/7/2 1038/7/2 1044/7/2
f 1041/7/2 1042/7/2 1047/7/2
f 1047/7/2 1042/7/2 1048/7/2
f 1045/7/2 1046/7/2 1049/7/2
f 1049/7/2 1046/7/2 1050/7/2
f 1051/7/2 1052/7/2 1055/7/2
f 1055/7/2 1052/7/2 1056/7/2
f 1053/7/2 1054/7/2 1059/7/2
f 1059/7/2 1054/7/2 1060/7/2
f 1057/7/2 1058/7/2 1061/7/2
f 1061/7/2 1058/7/2 1062/7/2
f 1063/7/2 1064/7/2 1067/7/2
f 1067/7/2 1064/7/2 1068/7/2
f 1065/7/2 1066/7/2 1069/7/2
f 1069/7/2 1066/7/2 1070/7/2
f 1071/7/2 1072/7/2 1075/7/2
f 1075/7/2 1072/7/2 1076/7/2
f 1073/7/2 1074/7/2 1077/7/2
f 1077/7/2 1074/7/2 1078/7/2
f 1079/7/2 1080/7/2 1083/7/2
f 1083/7/2 1080/7/2 1084/7/2
f 1081/7/2 1082/7/2 1085/7/2
f 1085/7/2 1082/7/2 1086/7/2
f 1087/7/2 1088/7/2 1091/7/2
f 1091/7/2 1088/7/2 1092/7/2
f 1089/7/2 1090/7/2 1093/7/2
f 1093/7/2 1090/7/2 1094/7/2
f 1095/7/2 1096/7/2 1099/7/2
f 1099/7/2 1096/7/2 1100/7/2
f 1097/7/2 1098/7/2 1101/7/2
f 1101/7/2 1098/7/2 1102/7/2
f 1103/7/2 1104/7/2 1105/7/2
f 1105/7/2 1104/7/2 1106/7/2
f 1107/7/2 1108/7/2 1111/7/2
f 1111/7/2 1108/7/2 1112/7/2
f 1109/7/2 1110/7/2 1113/7/2
f 1113/7/2 1110/7/2 1114/7/2
f 1115/7/2 1116/7/2 1117/7/2
f 1117/7/2 1116/7/2 1118/7/2
f 1119/7/2 1120/7/2 1121/7/2
f 1121/7/2 1120/7/2 1122/7/2
f 1123/7/2 1124/7/2 1127/7/2
f 1127/7/2 1124/7/2 1128/7/2
f 1125/7/2 1126/7/2 1131/7/2
f 1131/7/2 1126/7/2 1132/7/2
f 1129/7/2 1130/7/2 1135/7/2
f 1135/7/2 1130/7/2 1136/7/2
f 1133/7/2 1134/7/2 1137/7/2
f 1137/7/2 1134/7/2 1138/7/2
f 1139/7/2 1140/7/2 1143/7/2
f 1143/7/2 1140/7/2 1144/7/2
f 1141/7/2 1142/7/2 1147/7/2
f 1147/7/2 1142/7/2 1148/7/2
f 1145/7/2 1146/7/2 1149/7/2
f 1149/7/2 1146/7/2 1150/7/2
f 1151/7/2 1152/7/2 1153/7/2
f 1153/7/2 1152/7/2 1154/7/2
f 1155/7/2 1156/7/2 1159/7/2
f 1159/7/2 1156/7/2 1160/7/2
f 1157/7/2 1158/7/2 1161/7/2
f 1161/7/2 1158/7/2 1162/7/2
f 1163/7/2 1164/7/2 1165/7/2
f 1165/7/2 1164/7/2 1166/7/2
f 1167/7/2 1168/7/2 1171/7/2
f 1171/7/2 1168/7/2 1172/7/2
f 1169/7/2 1170/7/2 1173/7/2
f 1173/7/2 1170/7/2 1174/7/2
f 1175/7/2 1176/7/2 1177/7/2
f 1177/7/2 1176/7/2 1178/7/2
f 1179/7/2 1180/7/2 1185/7/2
f 1185/7/2 1180/7/2 1186/7/2
f 1181/7/2 1182/7/2 1187/7/2
f 1187/7/2 1182/7/2 1188/7/2
f 1183/7/2 1184/7/2 1189/7/2
f 1189/7/2 1184/7/2 1190/7/2
f 1191/7/2 1192/7/2 1193/7/2
f 1193/7/2 1192/7/2 1194/7/2
f 1195/7/2 1196/7/2 1197/7/2
f 1197/7/2 1196/7/2 1198/7/2
f 1199/7/2 1200/7/2 1201/7/2
f 1201/7/2 1200/7/2 1202/7/2
f 1203/7/2 1204/7/2 1209/7/2
f 1209/7/2 1204/7/2 1210/7/2
f 1205/7/2 1206/7/2 1211/7/2
f 1211/7/2 1206/7/2 1212/7/2
f 1207/7/2 1208/7/2 1213/7/2
f 1213/7/2 1208/7/2 1214/7/2
f 1215/7/2 1216/7/2 1219/7/2
f 1219/7/2 1216/7/2 1220/7/2
f 1217/7/2 1218/7/2 1225/7/2
f 1225/7/2 1218/7/2 1226/7/2
f 1221/7/2 1222/7/2 1227/7/2
f 1227/7/2 1222/7/2 1228/7/2
f 1223/7/2 1224/7/2 1229/7/2
f 1229/7/2 1224/7/2 1230/7/2
f 1231/7/2 1232/7/2 1233/7/2
f 1233/7/2 1232/7/2 1234/7/2
f 1235/7/2 1236/7/2 1239/7/2
f 1239/7/2 1236/7/2 1240/7/2
f 1237/7/2 1238/7/2 1241/7/2
f 1241/7/2 1238/7/2 1242/7/2
f 1243/7/2 1244/7/2 1245/7/2
f 1245/7/2 1244/7/2 1246/7/2
f 1247/7/2 1248/7/2 1249/7/2
f 1249/7/2 1248/7/2 1250/7/2
f 1251/7/2 1252/7/2 1257/7/2
f 1257/7/2 1252/7/2 1258/7/2
f 1253/7/2 1254/7/2 1259/7/2
f 1259/7/2 1254/7/2 1260/7/2
f 1255/7/2 1256/7/2 1261/7/2
f 1261/7/2 1256/7/2 1262/7/2
f 1263/7/2 1264/7/2 1267/7/2
f 1267/7/2 1264/7/2 1268/7/2
f 1265/7/2 1266/7/2 1269/7/2
f 1269/7/2 1266/7/2 1270/7/2
f 1271/7/2 1272/7/2 1275/7/2
f 1275/7/2 1272/7/2 1276/7/2
f 1273/7/2 1274/7/2 1277/7/2
f 1277/7/2 1274/7/2 1278/7/2
f 1279/7/2 1280/7/2 1285/7/2
f 1285/7/2 1280/7/2 1286/7/2
f 1281/7/2 1282/7/2 1287/7/2
f 1287/7/2 1282/7/2 1288/7/2
f 1283/7/2 1284/7/2 1289/7/2
f 1289/7/2 1284/7/2 1290/7/2
f 1291/7/2 1292/7/2 1295/7/2
f 1295/7/2 1292/7/2 1296/7/2
f 1293/7/2 1294/7/2 1297/7/2
f 1297/7/2 1294/7/2 1298/7/2
f 1299/7/2 1300/7/2 1301/7/2
f 1301/7/2 1300/7/2 1302/7/2
f 1303/7/2 1304/7/2 1309/7/2
f 1309/7/2 1304/7/2 1310/7/2
f 1305/7/2 1306/7/2 1311/7/2
f 1311/7/2 1306/7/2 1312/7/2
f 1307/7/2 1308/7/2 1313/7/2
f 1313/7/2 1308/7/2 1314/7/2
f 1315/7/2 1316/7/2 1319/7/2
f 1319/7/2 1316/7/2 1320/7/2
f 1317/7/2 1318/7/2 1321/7/2
f 1321/7/2 1318/7/2 1322/7/2
f 1323/7/2 1324/7/2 1327/7/2
f 1327/7/2 1324/7/2 1328/7/2
f 1325/7/2 1326/7/2 1329/7/2
f 1329/7/2 1326/7/2 1330/7/2
f 1331/7/2 1332/7/2 1335/7/2
f 1335/7/2 1332/7/2 1336/7/2
f 1333/7/2 1334/7/2 1339/7/2
f 1339/7/2 1334/7/2 1340/7/2
f 1337/7/2 1338/7/2 1345/7/2
f 1345/7/2 1338/7/2 1346/7/2
f 1341/7/2 1342/7/2 1347/7/2
f 1347/7/2 1342/7/2 1348/7/2
f 1343/7/2 1344/7/2 1349/7/2
f 1349/7/2 1344/7/2 1350/7/2
f 1351/7/2 1352/7/2 1353/7/2
f 1353/7/2 1352/7/2 1354/7/2
f 1355/7/2 1356/7/2 1361/7/2
f 1361/7/2 1356/7/2 1362/7/2
f 1357/7/2 1358/7/2 1363/7/2
f 1363/7/2 1358/7/2 1364/7/2
f 1359/7/2 1360/7/2 1365/7/2
f 1365/7/2 1360/7/2 1366/7/2
f 1367/7/2 1368/7/2 1371/7/2
f 1371/7/2 1368/7/2 1372/7/2
f 1369/7/2 1370/7/2 1373/7/2
f 1373/7/2 1370/7/2 1374/7/2
f 1375/7/2 1376/7/2 1377/7/2
f 1377/7/2 1376/7/2 1378/7/2
f 1379/4/2 1380/4/2 1383/4/2
f 1383/4/2 1380/4/2 1384/4/2
f 1381/7/2 1382/7/2 1387/7/2
f 1387/7/2 1382/7/2 1388/7/2
f 1385/7/2 1386/7/2 1389/7/2
f 1389/7/2 1386/7/2 1390/7/2
f 1391/7/2 1392/7/2 1395/7/2
f 1395/7/2 1392/7/2 1396/7/2
f 1393/7/2 1394/7/2 1399/7/2
f 1399/7/2 1394/7/2 1400/7/2
f 1397/7/2 1398/7/2 1401/7/2
f 1401/7/2 1398/7/2 1402/7/2
f 1403/7/2 1404/7/2 1407/7/2
f 1407/7/2 1404/7/2 1408/7/2
f 1405/7/2 1406/7/2 1411/7/2
f 1411/7/2 1406/7/2 1412/7/2
f 1409/7/2 1410/7/2 1413/7/2
f 1413/7/2 1410/7/2 1414/7/2
f 1415/7/2 1416/7/2 1417/7/2
f 1417/7/2 1416/7/2 1418/7/2
f 1419/7/2 1420/7/2 1421/7/2
f 1421/7/2 1420/7/2 1422/7/2
f 1423/7/2 1424/7/2 1425/7/2
f 1425/7/2 1424/7/2 1426/7/2
f 1427/7/2 1428/7/2 1431/7/2
f 1431/7/2 1428/7/2 1432/7/2
f 1429/7/2 1430/7/2 1435/7/2
f 1435/7/2 1430/7/2 1436/7/2
f 1433/7/2 1434/7/2 1437/7/2
f 1437/7/2 1434/7/2 1438/7/2
f 1439/7/2 1440/7/2 1443/7/2
f 1443/7/2 1440/7/2 1444/7/2
f 1441/7/2 1442/7/2 1447/7/2
f 1447/7/2 1442/7/2 1448/7/2
f 1445/7/2 1446/7/2 1449/7/2
f 1449/7/2 1446/7/2 1450/7/2
f 1451/7/2 1452/7/2 1455/7/2
f 1455/7/2 1452/7/2 1456/7/2
f 1453/7/2 1454/7/2 1457/7/2
f 1457/7/2 1454/7/2 1458/7/2
f 1459/7/2 1460/7/2 1461/7/2
f 1461/7/2 1460/7/2 1462/7/2
f 1463/7/2 1464/7/2 1465/7/2
f 1465/7/2 1464/7/2 1466/7/2
f 1467/7/2 1468/7/2 1471/7/2
f 1471/7/2 1468/7/2 1472/7/2
f 1469/7/2 1470/7/2 1475/7/2
f 1475/7/2 1470/7/2 1476/7/2
f 1473/7/2 1474/7/2 1477/7/2
f 1477/7/2 1474/7/2 1478/7/2
f 1479/7/2 1480/7/2 1483/7/2
f 1483/7/2 1480/7/2 1484/7/2
f 1481/7/2 1482/7/2 1487/7/2
f 1487/7/2 1482/7/2 1488/7/2
f 1485/7/2 1486/7/2 1489/7/2
f 1489/7/2 1486/7/2 1490/7/2
f 1491/7/2 1492/7/2 1495/7/2
f 1495/7/2 1492/7/2 1496/7/2
f 1493/7/2 1494/7/2 1499/7/2
f 1499/7/2 1494/7/2 1500/7/2
f 1497/7/2 1498/7/2 1501/7/2
f 1501/7/2 1498/7/2 1502/7/2
f 1503/7/2 1504/7/2 1507/7/2
f 1507/7/2 1504/7/2 1508/7/2
f 1505/7/2 1506/7/2 1511/7/2
f 1511/7/2 1506/7/2 1512/7/2
f 1509/7/2 1510/7/2 1513/7/2
f 1513/7/2 1510/7/2 1514/7/2
f 1515/7/2 1516/7/2 1519/7/2
f 1519/7/2 1516/7/2 1520/7/2
f 1517/7/2 1518/7/2 1523/7/2
f 1523/7/2 1518/7/2 1524/7/2
f 1521/7/2 1522/7/2 1525/7/2
f 1525/7/2 1522/7/2 1526/7/2
f 1527/7/2 1528/7/2 1531/7/2
f 1531/7/2 1528/7/2 1532/7/2
f 1529/7/2 1530/7/2 1535/7/2
f 1535/7/2 1530/7/2 1536/7/2
f 1533/7/2 1534/7/2 1537/7/2
f 1537/7/2 1534/7/2 1538/7/2
f 1539/7/2 1540/7/2 1541/7/2
f 1541/7/2 1540/7/2 1542/7/2
f 1543/7/2 1544/7/2 1545/7/2
f 1545/7/2 1544/7/2 1546/7/2
f 1547/7/2 1548/7/2 1551/7/2
f 1551/7/2 1548/7/2 1552/7/2
f 1549/7/2 1550/7/2 1555/7/2
f 1555/7/2 1550/7/2 1556/7/2
f 1553/7/2 1554/7/2 1557/7/2
f 1557/7/2 1554/7/2 1558/7/2
f 1559/7/2 1560/7/2 1563/7/2
f 1563/7/2 1560/7/2 1564/7/2
f 1561/7/2 1562/7/2 1567/7/2
f 1567/7/2 1562/7/2 1568/7/2
f 1565/7/2 1566/7/2 1569/7/2
f 1569/7/2 1566/7/2 1570/7/2
f 1571/7/2 1572/7/2 1575/7/2
f 1575/7/2 1572/7/2 1576/7/2
f 1573/7/2 1574/7/2 1579/7/2
f 1579/7/2 1574/7/2 1580/7/2
f 1577/7/2 1578/7/2 1581/7/2
f 1581/7/2 1578/7/2 1582/7/2
f 1583/7/2 1584/7/2 1587/7/2
f 1587/7/2 1584/7/2 1588/7/2
f 1585/7/2 1586/7/2 1591/7/2
f 1591/7/2 1586/7/2 1592/7/2
f 1589/7/2 1590/7/2 1593/7/2
f 1593/7/2 1590/7/2 1594/7/2
f 1595/7/2 1596/7/2 1599/7/2
f 1599/7/2 1596/7/2 1600/7/2
f 1597/7/2 1598/7/2 1603/7/2
f 1603/7/2 1598/7/2 1604/7/2
f 1601/7/2 1602/7/2 1605/7/2
f 1605/7/2 1602/7/2 1606/7/2
f 1607/7/2 1608/7/2 1611/7/2
f 1611/7/2 1608/7/2 1612/7/2
f 1609/7/2 1610/7/2 1615/7/2
f 1615/7/2 1610/7/2 1616/7/2
f 1613/7/2 1614/7/2 1617/7/2
f 1617/7/2 1614/7/2 1618/7/2
f 1619/7/2 1620/7/2 1623/7/2
f 1623/7/2 1620/7/2 1624/7/2
f 1621/7/2 1622/7/2 1627/7/2
f 1627/7/2 1622/7/2 1628/7/2
f 1625/7/2 1626/7/2 1629/7/2
f 1629/7/2 1626/7/2 1630/7/2
f 1631/7/2 1632/7/2 1635/7/2
f 1635/7/2 1632/7/2 1636/7/2
f 1633/7/2 1634/7/2 1639/7/2
f 1639/7/2 1634/7/2 1640/7/2
f 1637/7/2 1638/7/2 1641/7/2
f 1641/7/2 1638/7/2 1642/7/2
f 1643/7/2 1644/7/2 1647/7/2
f 1647/7/2 1644/7/2 1648/7/2
f 1645/7/2 1646/7/2 1651/7/2
f 1651/7/2 1646/7/2 1652/7/2
f 1649/7/2 1650/7/2 1653/7/2
f 1653/7/2 1650/7/2 1654/7/2
f 1655/7/2 1656/7/2 1659/7/2
f 1656/4/2 1657/4/2 1660/4/2
f 1659/7/2 1656/7/2 1660/7/2
f 1657/7/2 1658/7/2 1661/7/2
f 1660/4/2 1657/4/2 1661/4/2
f 1661/7/2 1658/7/2 1662/7/2
f 1663/7/2 1664/7/2 1665/7/2
f 1665/7/2 1664/7/2 1666/7/2
f 1667/7/2 1668/7/2 1671/7/2
f 1671/7/2 1668/7/2 1672/7/2
f 1669/7/2 1670/7/2 1675/7/2
f 1675/7/2 1670/7/2 1676/7/2
f 1673/7/2 1674/7/2 1677/7/2
f 1677/7/2 1674/7/2 1678/7/2
f 1679/7/2 1680/7/2 1683/7/2
f 1683/7/2 1680/7/2 1684/7/2
f 1681/7/2 1682/7/2 1689/7/2
f 1689/7/2 1682/7/2 1690/7/2
f 1685/7/2 1686/7/2 1691/7/2
f 1691/7/2 1686/7/2 1692/7/2
f 1687/7/2 1688/7/2 1693/7/2
f 1693/7/2 1688/7/2 1694/7/2
f 1695/7/2 1696/7/2 1699/7/2
f 1699/7/2 1696/7/2 1700/7/2
f 1697/7/2 1698/7/2 1705/7/2
f 1705/7/2 1698/7/2 1706/7/2
f 1701/7/2 1702/7/2 1707/7/2
f 1707/7/2 1702/7/2 1708/7/2
f 1703/7/2 1704/7/2 1709/7/2
f 1709/7/2 1704/7/2 1710/7/2
f 1711/7/2 1712/7/2 1715/7/2
f 1715/7/2 1712/7/2 1716/7/2
f 1713/7/2 1714/7/2 1722/7/2
f 1722/7/2 1714/7/2 1723/7/2
f 1717/1/2 1718/1/2 1724/1/2
f 1718/7/2 1719/7/2 1725/7/2
f 1724/1/2 1718/1/2 1725/1/2
f 1725/7/2 1719/7/2 1726/7/2
f 1720/7/2 1721/7/2 1727/7/2
f 1727/7/2 1721/7/2 1728/7/2
f 1729/7/2 1730/7/2 1735/7/2
f 1730/3/2 1731/3/2 1736/3/2
f 1735/7/2 1730/7/2 1736/7/2
f 1731/7/2 1732/7/2 1737/7/2
f 1736/3/2 1731/3/2 1737/3/2
f 1737/7/2 1732/7/2 1738/7/2
f 1733/7/2 1734/7/2 1743/7/2
f 1743/7/2 1734/7/2 1744/7/2
f 1739/7/2 1740/7/2 1745/7/2
f 1745/7/2 1740/7/2 1746/7/2
f 1741/7/2 1742/7/2 1747/7/2
f 1747/7/2 1742/7/2 1748/7/2
f 1749/7/2 1750/7/2 1753/7/2
f 1753/7/2 1750/7/2 1754/7/2
f 1751/7/2 1752/7/2 1757/7/2
f 1757/7/2 1752/7/2 1758/7/2
f 1755/7/2 1756/7/2 1759/7/2
f 1759/7/2 1756/7/2 1760/7/2
f 1761/7/2 1762/7/2 1765/7/2
f 1765/7/2 1762/7/2 1766/7/2
f 1763/7/2 1764/7/2 1767/7/2
f 1767/7/2 1764/7/2 1768/7/2
f 1769/7/2 1770/7/2 1773/7/2
f 1773/7/2 1770/7/2 1774/7/2
f 1771/7/2 1772/7/2 1775/7/2
f 1775/7/2 1772/7/2 1776/7/2
f 1777/7/2 1778/7/2 1781/7/2
f 1781/7/2 1778/7/2 1782/7/2
f 1779/7/2 1780/7/2 1783/7/2
f 1783/7/2 1780/7/2 1784/7/2
f 1785/7/2 1786/7/2 1789/7/2
f 1789/7/2 1786/7/2 1790/7/2
f 1787/7/2 1788/7/2 1791/7/2
f 1791/7/2 1788/7/2 1792/7/2
f 1793/7/2 1794/7/2 1797/7/2
f 1797/7/2 1794/7/2 1798/7/2
f 1795/7/2 1796/7/2 1799/7/2
f 1799/7/2 1796/7/2 1800/7/2
f 1801/7/2 1802/7/2 1805/7/2
f 1805/7/2 1802/7/2 1806/7/2
f 1803/7/2 1804/7/2 1807/7/2
f 1807/7/2 1804/7/2 1808/7/2
f 1809/7/2 1810/7/2 1813/7/2
f 1813/7/2 1810/7/2 1814/7/2
f 1811/7/2 1812/7/2 1815/7/2
f 1815/7/2 1812/7/2 1816/7/2
f 1817/7/2 1818/7/2 1821/7/2
f 1821/7/2 1818/7/2 1822/7/2
f 1819/7/2 1820/7/2 1823/7/2
f 1823/7/2 1820/7/2 1824/7/2
f 1825/7/2 1826/7/2 1829/7/2
f 1829/7/2 1826/7/2 1830/7/2
f 1827/7/2 1828/7/2 1831/7/2
f 1831/7/2 1828/7/2 1832/7/2
f 1833/7/2 1834/7/2 1837/7/2
f 1837/7/2 1834/7/2 1838/7/2
f 1835/7/2 1836/7/2 1839/7/2
f 1839/7/2 1836/7/2 1840/7/2
f 1841/7/2 1842/7/2 1845/7/2
f 1845/7/2 1842/7/2 1846/7/2
f 1843/7/2 1844/7/2 1847/7/2
f 1847/7/2 1844/7/2 1848/7/2
f 1849/7/2 1850/7/2 1853/7/2
f 1853/7/2 1850/7/2 1854/7/2
f 1851/7/2 1852/7/2 1855/7/2
f 1855/7/2 1852/7/2 1856/7/2
f 1857/7/2 1858/7/2 1861/7/2
f 1861/7/2 1858/7/2 1862/7/2
f 1859/7/2 1860/7/2 1863/7/2
f 1863/7/2 1860/7/2 1864/7/2
f 1865/7/2 1866/7/2 1869/7/2
f 1869/7/2 1866/7/2 1870/7/2
f 1867/7/2 1868/7/2 1871/7/2
f 1871/7/2 1868/7/2 1872/7/2
f 1873/7/2 1874/7/2 1877/7/2
f 1877/7/2 1874/7/2 1878/7/2
f 1875/7/2 1876/7/2 1879/7/2
f 1879/7/2 1876/7/2 1880/7/2
f 1881/7/2 1882/7/2 1885/7/2
f 1885/7/2 1882/7/2 1886/7/2
f 1883/7/2 1884/7/2 1887/7/2
f 1887/7/2 1884/7/2 1888/7/2
f 1889/7/2 1890/7/2 1893/7/2
f 1893/7/2 1890/7/2 1894/7/2
f 1891/7/2 1892/7/2 1895/7/2
f 1895/7/2 1892/7/2 1896/7/2
f 1897/7/2 1898/7/2 1901/7/2
f 1901/7/2 1898/7/2 1902/7/2
f 1899/7/2 1900/7/2 1903/7/2
f 1903/7/2 1900/7/2 1904/7/2
f 1905/7/2 1906/7/2 1909/7/2
f 1909/7/2 1906/7/2 1910/7/2
f 1907/7/2 1908/7/2 1911/7/2
f 1911/7/2 1908/7/2 1912/7/2
f 1913/7/2 1914/7/2 1917/7/2
f 1917/7/2 1914/7/2 1918/7/2
f 1915/7/2 1916/7/2 1919/7/2
f 1919/7/2 1916/7/2 1920/7/2
f 1921/7/2 1922/7/2 1925/7/2
f 1925/7/2 1922/7/2 1926/7/2
f 1923/7/2 1924/7/2 1927/7/2
f 1927/7/2 1924/7/2 1928/7/2
f 1929/7/2 1930/7/2 1933/7/2
f 1933/7/2 1930/7/2 1934/7/2
f 1931/7/2 1932/7/2 1935/7/2
f 1935/7/2 1932/7/2 1936/7/2
f 1937/7/2 1938/7/2 1941/7/2
f 1941/7/2 1938/7/2 1942/7/2
f 1939/7/2 1940/7/2 1943/7/2
f 1943/7/2 1940/7/2 1944/7/2
f 1945/7/2 1946/7/2 1949/7/2
f 1949/7/2 1946/7/2 1950/7/2
f 1947/7/2 1948/7/2 1951/7/2
f 1951/7/2 1948/7/2 1952/7/2
f 1953/7/2 1954/7/2 1957/7/2
f 1957/7/2 1954/7/2 1958/7/2
f 1955/7/2 1956/7/2 1959/7/2
f 1959/7/2 1956/7/2 1960/7/2
f 1961/7/2 1962/7/2 1965/7/2
f 1965/7/2 1962/7/2 1966/7/2
f 1963/7/2 1964/7/2 1967/7/2
f 1967/7/2 1964/7/2 1968/7/2
f 1969/7/2 1970/7/2 1971/7/2
f 1971/7/2 1970/7/2 1972/7/2
f 1973/7/2 1974/7/2 1977/7/2
f 1977/7/2 1974/7/2 1978/7/2
f 1975/7/2 1976/7/2 1979/7/2
f 1979/7/2 1976/7/2 1980/7/2
f 1981/7/2 1982/7/2 1985/7/2
f 1985/7/2 1982/7/2 1986/7/2
f 1983/7/2 1984/7/2 1987/7/2
f 1987/7/2 1984/7/2 1988/7/2
f 1989/7/2 1990/7/2 1993/7/2
f 1993/7/2 1990/7/2 1994/7/2
f 1991/7/2 1992/7/2 1995/7/2
f 1995/7/2 1992/7/2 1996/7/2
f 1997/7/2 1998/7/2 2001/7/2
f 2001/7/2 1998/7/2 2002/7/2
f 1999/7/2 2000/7/2 2003/7/2
f 2003/7/2 2000/7/2 2004/7/2
f 2005/7/2 2006/7/2 2009/7/2
f 2009/7/2 2006/7/2 2010/7/2
f 2007/7/2 2008/7/2 2011/7/2
f 2011/7/2 2008/7/2 2012/7/2
f 2013/7/2 2014/7/2 2017/7/2
f 2017/7/2 2014/7/2 2018/7/2
f 2015/7/2 2016/7/2 2019/7/2
f 2019/7/2 2016/7/2 2020/7/2
f 2021/7/2 2022/7/2 2025/7/2
f 2025/7/2 2022/7/2 2026/7/2
f 2023/7/2 2024/7/2 2027/7/2
f 2027/7/2 2024/7/2 2028/7/2
f 2029/7/2 2030/7/2 2033/7/2
f 2033/7/2 2030/7/2 2034/7/2
f 2031/7/2 2032/7/2 2035/7/2
f 2035/7/2 2032/7/2 2036/7/2
f 2037/7/2 2038/7/2 2041/7/2
f 2041/7/2 2038/7/2 2042/7/2
f 2039/7/2 2040/7/2 2043/7/2
f 2043/7/2 2040/7/2 2044/7/2
f 2045/7/2 2046/7/2 2049/7/2
f 2049/7/2 2046/7/2 2050/7/2
f 2047/7/2 2048/7/2 2051/7/2
f 2051/7/2 2048/7/2 2052/7/2
f 2053/7/2 2054/7/2 2057/7/2
f 2057/7/2 2054/7/2 2058/7/2
f 2055/7/2 2056/7/2 2059/7/2
f 2059/7/2 2056/7/2 2060/7/2
f 2061/7/2 2062/7/2 2065/7/2
f 2065/7/2 2062/7/2 2066/7/2
f 2063/7/2 2064/7/2 2067/7/2
f 2067/7/2 2064/7/2 2068/7/2
f 2069/7/2 2070/7/2 2073/7/2
f 2073/7/2 2070/7/2 2074/7/2
f 2071/7/2 2072/7/2 2075/7/2
f 2075/7/2 2072/7/2 2076/7/2
f 2077/7/2 2078/7/2 2081/7/2
f 2081/7/2 2078/7/2 2082/7/2
f 2079/7/2 2080/7/2 2083/7/2
f 2083/7/2 2080/7/2 2084/7/2
f 2085/7/2 2086/7/2 2089/7/2
f 2089/7/2 2086/7/2 2090/7/2
f 2087/7/2 2088/7/2 2091/7/2
f 2091/7/2 2088/7/2 2092/7/2
f 2093/7/2 2094/7/2 2097/7/2
f 2097/7/2 2094/7/2 2098/7/2
f 2095/7/2 2096/7/2 2099/7/2
f 2099/7/2 2096/7/2 2100/7/2
f 2101/7/2 2102/7/2 2105/7/2
f 2105/7/2 2102/7/2 2106/7/2
f 2103/7/2 2104/7/2 2107/7/2
f 2107/7/2 2104/7/2 2108/7/2
f 2109/7/2 2110/7/2 2113/7/2
f 2113/7/2 2110/7/2 2114/7/2
f 2111/7/2 2112/7/2 2115/7/2
f 2115/7/2 2112/7/2 2116/7/2
f 2117/7/2 2118/7/2 2122/7/2
f 2122/7/2 2118/7/2 2123/7/2
f 2119/1/2 2120/1/2 2124/1/2
f 2120/7/2 2121/7/2 2125/7/2
f 2124/1/2 2120/1/2 2125/1/2
f 2125/7/2 2121/7/2 2126/7/2
f 2127/7/2 2128/7/2 2132/7/2
f 2132/7/2 2128/7/2 2133/7/2
f 2129/7/2 2130/7/2 2134/7/2
f 2130/2/2 2131/2/2 2135/2/2
f 2134/7/2 2130/7/2 2135/7/2
f 2135/2/2 2131/2/2 2136/2/2
f 2137/7/2 2138/7/2 2141/7/2
f 2141/7/2 2138/7/2 2142/7/2
f 2139/7/2 2140/7/2 2143/7/2
f 2143/7/2 2140/7/2 2144/7/2
f 2145/7/2 2146/7/2 2149/7/2
f 2149/7/2 2146/7/2 2150/7/2
f 2147/7/2 2148/7/2 2151/7/2
f 2151/7/2 2148/7/2 2152/7/2
f 2153/7/2 2154/7/2 2157/7/2
f 2157/7/2 2154/7/2 2158/7/2
f 2155/7/2 2156/7/2 2159/7/2
f 2159/7/2 2156/7/2 2160/7/2
f 2161/7/2 2162/7/2 2163/7/2
f 2163/7/2 2162/7/2 2164/7/2
f 2165/7/2 2166/7/2 2167/7/2
f 2167/7/2 2166/7/2 2168/7/2
f 2169/7/2 2170/7/2 2171/7/2
f 2171/7/2 2170/7/2 2172/7/2
f 2173/7/2 2174/7/2 2175/7/2
f 2175/7/2 2174/7/2 2176/7/2
f 2177/7/2 2178/7/2 2179/7/2
f 2179/7/2 2178/7/2 2180/7/2
f 2181/7/2 2182/7/2 2183/7/2
f 2183/7/2 2182/7/2 2184/7/2
f 2185/7/2 2186/7/2 2187/7/2
f 2187/7/2 2186/7/2 2188/7/2
f 2189/7/2 2190/7/2 2191/7/2
f 2191/7/2 2190/7/2 2192/7/2
f 2193/7/2 2194/7/2 2195/7/2
f 2195/7/2 2194/7/2 2196/7/2
f 2197/7/2 2198/7/2 2199/7/2
f 2199/7/2 2198/7/2 2200/7/2
f 2201/7/2 2202/7/2 2205/7/2
f 2205/7/2 2202/7/2 2206/7/2
f 2203/7/2 2204/7/2 2207/7/2
f 2207/7/2 2204/7/2 2208/7/2
f 2209/7/2 2210/7/2 2213/7/2
f 2213/7/2 2210/7/2 2214/7/2
f 2211/7/2 2212/7/2 2215/7/2
f 2215/7/2 2212/7/2 2216/7/2
f 2217/7/2 2218/7/2 2223/7/2
f 2223/7/2 2218/7/2 2224/7/2
f 2219/7/2 2220/7/2 2225/7/2
f 2225/7/2 2220/7/2 2226/7/2
f 2221/7/2 2222/7/2 2227/7/2
f 2227/7/2 2222/7/2 2228/7/2
f 2229/7/2 2230/7/2 2235/7/2
f 2235/7/2 2230/7/2 2236/7/2
f 2231/7/2 2232/7/2 2237/7/2
f 2237/7/2 2232/7/2 2238/7/2
f 2233/7/2 2234/7/2 2239/7/2
f 2239/7/2 2234/7/2 2240/7/2
f 2241/7/2 2242/7/2 2245/7/2
f 2245/7/2 2242/7/2 2246/7/2
f 2243/7/2 2244/7/2 2247/7/2
f 2247/7/2 2244/7/2 2248/7/2
f 2249/7/2 2250/7/2 2253/7/2
f 2250/1/2 2251/1/2 2254/1/2
f 2253/7/2 2250/7/2 2254/7/2
f 2251/7/2 2252/7/2 2255/7/2
f 2254/1/2 2251/1/2 2255/1/2
f 2255/7/2 2252/7/2 2256/7/2
f 2257/7/2 2258/7/2 2259/7/2
f 2259/7/2 2258/7/2 2260/7/2
f 2263/7/3 2262/7/3 2261/7/3
f 2264/7/3 2262/7/3 2263/7/3
f 2265/7/3 2263/7/3 2261/7/3
f 2266/7/3 2263/7/3 2265/7/3
f 2267/7/3 2265/7/3 2261/7/3
f 2268/7/3 2265/7/3 2267/7/3
f 2269/7/3 2267/7/3 2261/7/3
f 2270/7/3 2267/7/3 2269/7/3
f 2273/7/3 2272/7/3 2271/7/3
f 2274/7/3 2272/7/3 2273/7/3
f 2277/7/3 2276/7/3 2275/7/3
f 2278/7/3 2276/7/3 2277/7/3
f 2281/7/3 2280/7/3 2279/7/3
f 2282/7/3 2280/7/3 2281/7/3
f 2285/7/3 2284/7/3 2283/7/3
f 2286/7/3 2284/7/3 2285/7/3
f 2289/1/3 2288/1/3 2287/1/3
f 2290/1/3 2288/1/3 2289/1/3
f 2293/7/3 2292/7/3 2291/7/3
f 2294/7/3 2292/7/3 2293/7/3
f 2297/7/3 2296/7/3 2295/7/3
f 2298/7/3 2296/7/3 2297/7/3
f 2301/7/3 2300/7/3 2299/7/3
f 2302/7/3 2300/7/3 2301/7/3
f 2305/7/3 2304/7/3 2303/7/3
f 2306/7/3 2304/7/3 2305/7/3
f 2309/7/3 2308/7/3 2307/7/3
f 2310/7/3 2308/7/3 2309/7/3
f 2311/4/3 2310/4/3 2309/4/3
f 2312/4/3 2310/4/3 2311/4/3
f 2313/7/3 2312/7/3 2311/7/3
f 2314/7/3 2312/7/3 2313/7/3
f 2317/7/3 2316/7/3 2315/7/3
f 2318/7/3 2316/7/3 2317/7/3
f 2321/7/3 2320/7/3 2319/7/3
f 2322/7/3 2320/7/3 2321/7/3
f 2325/7/3 2324/7/3 2323/7/3
f 2326/7/3 2324/7/3 2325/7/3
f 2329/7/3 2328/7/3 2327/7/3
f 2330/7/3 2328/7/3 2329/7/3
f 2333/7/3 2332/7/3 2331/7/3
f 2334/7/3 2332/7/3 2333/7/3
f 2337/7/3 2336/7/3 2335/7/3
f 2338/7/3 2336/7/3 2337/7/3
f 2341/7/3 2340/7/3 2339/7/3
f 2342/7/3 2340/7/3 2341/7/3
f 2345/7/3 2344/7/3 2343/7/3
f 2346/7/3 2344/7/3 2345/7/3
f 2349/7/3 2348/7/3 2347/7/3
f 2350/7/3 2348/7/3 2349/7/3
f 2353/7/3 2352/7/3 2351/7/3
f 2354/7/3 2352/7/3 2353/7/3
f 2357/7/3 2356/7/3 2355/7/3
f 2358/7/3 2356/7/3 2357/7/3
f 2361/7/3 2360/7/3 2359/7/3
f 2362/7/3 2360/7/3 2361/7/3
f 2365/7/3 2364/7/3 2363/7/3
f 2366/7/3 2364/7/3 2365/7/3
f 2369/7/3 2368/7/3 2367/7/3
f 2370/7/3 2368/7/3 2369/7/3
f 2373/7/3 2372/7/3 2371/7/3
f 2374/7/3 2372/7/3 2373/7/3
f 2377/7/3 2376/7/3 2375/7/3
f 2378/7/3 2376/7/3 2377/7/3
f 2381/7/3 2380/7/3 2379/7/3
f 2382/7/3 2380/7/3 2381/7/3
f 2385/7/3 2384/7/3 2383/7/3
f 2386/7/3 2384/7/3 2385/7/3
f 2389/7/3 2388/7/3 2387/7/3
f 2390/7/3 2388/7/3 2389/7/3
f 2393/7/3 2392/7/3 2391/7/3
f 2394/7/3 2392/7/3 2393/7/3
f 2397/7/3 2396/7/3 2395/7/3
f 2398/7/3 2396/7/3 2397/7/3
f 2401/7/3 2400/7/3 2399/7/3
f 2402/7/3 2400/7/3 2401/7/3
f 2405/7/3 2404/7/3 2403/7/3
f 2406/7/3 2404/7/3 2405/7/3
f 2409/7/3 2408/7/3 2407/7/3
f 2410/7/3 2408/7/3 2409/7/3
f 2413/1/3 2412/1/3 2411/1/3
f 2414/1/3 2412/1/3 2413/1/3
f 2415/7/3 2414/7/3 2413/7/3
f 2416/7/3 2414/7/3 2415/7/3
f 2419/7/3 2418/7/3 2417/7/3
f 2420/7/3 2418/7/3 2419/7/3
f 2423/7/3 2422/7/3 2421/7/3
f 2424/7/3 2422/7/3 2423/7/3
f 2427/7/3 2426/7/3 2425/7/3
f 2428/7/3 2426/7/3 2427/7/3
f 2431/7/3 2430/7/3 2429/7/3
f 2432/7/3 2430/7/3 2431/7/3
f 2435/7/3 2434/7/3 2433/7/3
f 2436/7/3 2434/7/3 2435/7/3
f 2439/7/3 2438/7/3 2437/7/3
f 2440/7/3 2438/7/3 2439/7/3
f 2443/7/3 2442/7/3 2441/7/3
f 2444/7/3 2442/7/3 2443/7/3
f 2447/7/3 2446/7/3 2445/7/3
f 2448/7/3 2446/7/3 2447/7/3
f 2451/7/3 2450/7/3 2449/7/3
f 2452/7/3 2450/7/3 2451/7/3
f 2455/7/3 2454/7/3 2453/7/3
f 2456/7/3 2454/7/3 2455/7/3
f 2459/7/3 2458/7/3 2457/7/3
f 2460/7/3 2458/7/3 2459/7/3
f 2463/7/3 2462/7/3 2461/7/3
f 2464/7/3 2462/7/3 2463/7/3
f 2467/7/3 2466/7/3 2465/7/3
f 2468/7/3 2466/7/3 2467/7/3
f 2471/7/3 2470/7/3 2469/7/3
f 2472/7/3 2470/7/3 2471/7/3
f 2475/7/3 2474/7/3 2473/7/3
f 2476/7/3 2474/7/3 2475/7/3
f 2479/7/3 2478/7/3 2477/7/3
f 2480/7/3 2478/7/3 2479/7/3
f 2483/7/3 2482/7/3 2481/7/3
f 2484/7/3 2482/7/3 2483/7/3
f 2487/7/3 2486/7/3 2485/7/3
f 2488/7/3 2486/7/3 2487/7/3
f 2491/7/3 2490/7/3 2489/7/3
f 2492/7/3 2490/7/3 2491/7/3
f 2495/7/3 2494/7/3 2493/7/3
f 2496/7/3 2494/7/3 2495/7/3
f 2499/7/3 2498/7/3 2497/7/3
f 2500/7/3 2498/7/3 2499/7/3
f 2503/7/3 2502/7/3 2501/7/3
f 2504/7/3 2502/7/3 2503/7/3
f 2507/7/3 2506/7/3 2505/7/3
f 2508/7/3 2506/7/3 2507/7/3
f 2511/7/3 2510/7/3 2509/7/3
f 2512/7/3 2510/7/3 2511/7/3
f 2513/7/4 2514/7/4 2515/7/4
f 2515/7/4 2514/7/4 2516/7/4
f 2517/7/4 2518/7/4 2519/7/4
f 2519/7/4 2518/7/4 2520/7/4
f 2521/7/4 2522/7/4 2523/7/4
f 2523/7/4 2522/7/4 2524/7/4
f 2525/7/4 2526/7/4 2527/7/4
f 2527/7/4 2526/7/4 2528/7/4
f 2529/2/4 2530/2/4 2531/2/4
f 2531/2/4 2530/2/4 2532/2/4
f 2533/7/4 2534/7/4 2535/7/4
f 2535/7/4 2534/7/4 2536/7/4
f 2537/7/4 2538/7/4 2539/7/4
f 2539/7/4 2538/7/4 2540/7/4
f 2541/7/4 2542/7/4 2543/7/4
f 2543/7/4 2542/7/4 2544/7/4
f 2545/7/4 2546/7/4 2547/7/4
f 2547/7/4 2546/7/4 2548/7/4
f 2549/7/4 2550/7/4 2551/7/4
f 2551/7/4 2550/7/4 2552/7/4
f 2553/7/4 2554/7/4 2555/7/4
f 2555/7/4 2554/7/4 2556/7/4
f 2557/7/4 2558/7/4 2559/7/4
f 2559/7/4 2558/7/4 2560/7/4
f 2561/7/4 2562/7/4 2563/7/4
f 2563/7/4 2562/7/4 2564/7/4
f 2565/7/4 2566/7/4 2567/7/4
f 2567/7/4 2566/7/4 2568/7/4
f 2569/7/4 2570/7/4 2571/7/4
f 2571/7/4 2570/7/4 2572/7/4
f 2573/7/4 2574/7/4 2575/7/4
f 2575/7/4 2574/7/4 2576/7/4
f 2577/7/4 2578/7/4 2579/7/4
f 2579/7/4 2578/7/4 2580/7/4
f 2581/7/4 2582/7/4 2583/7/4
f 2583/7/4 2582/7/4 2584/7/4
f 2585/7/4 2586/7/4 2587/7/4
f 2587/7/4 2586/7/4 2588/7/4
f 2589/7/4 2590/7/4 2591/7/4
f 2591/7/4 2590/7/4 2592/7/4
f 2593/7/4 2594/7/4 2595/7/4
f 2595/7/4 2594/7/4 2596/7/4
f 2597/7/4 2598/7/4 2599/7/4
f 2599/7/4 2598/7/4 2600/7/4
f 2601/7/4 2602/7/4 2603/7/4
f 2603/7/4 2602/7/4 2604/7/4
f 2605/7/4 2606/7/4 2607/7/4
f 2607/7/4 2606/7/4 2608/7/4
f 2609/7/4 2610/7/4 2611/7/4
f 2611/7/4 2610/7/4 2612/7/4
f 2613/7/4 2614/7/4 2615/7/4
f 2615/7/4 2614/7/4 2616/7/4
f 2617/7/4 2618/7/4 2619/7/4
f 2619/7/4 2618/7/4 2620/7/4
f 2621/7/4 2622/7/4 2623/7/4
f 2623/7/4 2622/7/4 2624/7/4
f 2625/7/4 2626/7/4 2627/7/4
f 2627/7/4 2626/7/4 2628/7/4
f 2629/7/4 2630/7/4 2631/7/4
f 2631/7/4 2630/7/4 2632/7/4
f 2633/7/4 2634/7/4 2635/7/4
f 2635/7/4 2634/7/4 2636/7/4
f 2637/7/4 2638/7/4 2639/7/4
f 2639/7/4 2638/7/4 2640/7/4
f 2641/7/4 2642/7/4 2643/7/4
f 2643/7/4 2642/7/4 2644/7/4
f 2645/7/4 2646/7/4 2647/7/4
f 2647/7/4 2646/7/4 2648/7/4
f 2649/7/4 2650/7/4 2651/7/4
f 2651/7/4 2650/7/4 2652/7/4
f 2653/7/4 2654/7/4 2655/7/4
f 2655/7/4 2654/7/4 2656/7/4
f 2657/7/4 2658/7/4 2659/7/4
f 2659/7/4 2658/7/4 2660/7/4
f 2661/7/4 2662/7/4 2663/7/4
f 2663/7/4 2662/7/4 2664/7/4
f 2665/7/4 2666/7/4 2667/7/4
f 2667/7/4 2666/7/4 2668/7/4
f 2669/7/4 2670/7/4 2671/7/4
f 2671/7/4 2670/7/4 2672/7/4
f 2673/7/4 2674/7/4 2675/7/4
f 2675/7/4 2674/7/4 2676/7/4
f 2677/7/4 2678/7/4 2679/7/4
f 2679/7/4 2678/7/4 2680/7/4
f 2681/7/4 2682/7/4 2683/7/4
f 2683/7/4 2682/7/4 2684/7/4
f 2685/7/4 2686/7/4 2687/7/4
f 2687/7/4 2686/7/4 2688/7/4
f 2689/7/4 2690/7/4 2691/7/4
f 2691/7/4 2690/7/4 2692/7/4
f 2693/7/4 2694/7/4 2695/7/4
f 2695/7/4 2694/7/4 2696/7/4
f 2697/7/4 2698/7/4 2699/7/4
f 2699/7/4 2698/7/4 2700/7/4
f 2701/7/4 2702/7/4 2703/7/4
f 2703/7/4 2702/7/4 2704/7/4
f 2705/7/4 2706/7/4 2707/7/4
f 2707/7/4 2706/7/4 2708/7/4
f 2709/7/4 2710/7/4 2711/7/4
f 2711/7/4 2710/7/4 2712/7/4
f 2713/7/4 2714/7/4 2715/7/4
f 2715/7/4 2714/7/4 2716/7/4
f 2717/7/4 2718/7/4 2719/7/4
f 2719/7/4 2718/7/4 2720/7/4
f 2721/7/4 2722/7/4 2723/7/4
f 2723/7/4 2722/7/4 2724/7/4
f 2725/7/4 2726/7/4 2727/7/4
f 2727/7/4 2726/7/4 2728/7/4
f 2729/7/4 2730/7/4 2731/7/4
f 2731/7/4 2730/7/4 2732/7/4
f 2733/7/4 2734/7/4 2735/7/4
f 2735/7/4 2734/7/4 2736/7/4
f 2737/7/4 2738/7/4 2739/7/4
f 2739/7/4 2738/7/4 2740/7/4
f 2741/7/4 2742/7/4 2743/7/4
f 2743/7/4 2742/7/4 2744/7/4
f 2745/7/4 2746/7/4 2747/7/4
f 2747/7/4 2746/7/4 2748/7/4
f 2749/7/4 2750/7/4 2751/7/4
f 2751/7/4 2750/7/4 2752/7/4
f 2753/7/4 2754/7/4 2755/7/4
f 2755/7/4 2754/7/4 2756/7/4
f 2757/7/4 2758/7/4 2759/7/4
f 2759/7/4 2758/7/4 2760/7/4
f 2761/7/4 2762/7/4 2763/7/4
f 2763/7/4 2762/7/4 2764/7/4
f 2765/7/4 2766/7/4 2767/7/4
f 2767/7/4 2766/7/4 2768/7/4
f 2769/7/4 2770/7/4 2771/7/4
f 2771/7/4 2770/7/4 2772/7/4
f 2773/7/4 2774/7/4 2775/7/4
f 2775/7/4 2774/7/4 2776/7/4
f 2777/7/4 2778/7/4 2779/7/4
f 2779/7/4 2778/7/4 2780/7/4
f 2781/7/4 2782/7/4 2783/7/4
f 2783/7/4 2782/7/4 2784/7/4
f 2785/7/4 2786/7/4 2787/7/4
f 2787/7/4 2786/7/4 2788/7/4
f 2789/7/4 2790/7/4 2791/7/4
f 2791/7/4 2790/7/4 2792/7/4
f 2793/7/4 2794/7/4 2795/7/4
f 2795/7/4 2794/7/4 2796/7/4
f 2797/7/4 2798/7/4 2799/7/4
f 2799/7/4 2798/7/4 2800/7/4
f 2801/7/4 2802/7/4 2803/7/4
f 2803/7/4 2802/7/4 2804/7/4
f 2805/7/4 2806/7/4 2807/7/4
f 2807/7/4 2806/7/4 2808/7/4
f 2809/7/4 2810/7/4 2811/7/4
f 2811/7/4 2810/7/4 2812/7/4
f 2813/7/4 2814/7/4 2815/7/4
f 2815/7/4 2814/7/4 2816/7/4
f 2817/7/4 2818/7/4 2819/7/4
f 2819/7/4 2818/7/4 2820/7/4
f 2821/7/4 2822/7/4 2823/7/4
f 2823/7/4 2822/7/4 2824/7/4
f 2825/7/4 2826/7/4 2827/7/4
f 2827/7/4 2826/7/4 2828/7/4
f 2829/7/4 2830/7/4 2831/7/4
f 2831/7/4 2830/7/4 2832/7/4
f 2833/7/4 2834/7/4 2835/7/4
f 2835/7/4 2834/7/4 2836/7/4
f 2837/7/4 2838/7/4 2839/7/4
f 2839/7/4 2838/7/4 2840/7/4
f 2841/7/4 2842/7/4 2843/7/4
f 2843/7/4 2842/7/4 2844/7/4
f 2845/7/4 2846/7/4 2847/7/4
f 2847/7/4 2846/7/4 2848/7/4
f 2849/7/4 2850/7/4 2851/7/4
f 2851/7/4 2850/7/4 2852/7/4
f 2853/7/4 2854/7/4 2855/7/4
f 2855/7/4 2854/7/4 2856/7/4
f 2857/7/4 2858/7/4 2859/7/4
f 2859/7/4 2858/7/4 2860/7/4
f 2861/7/4 2862/7/4 2863/7/4
f 2863/7/4 2862/7/4 2864/7/4
f 2865/7/4 2866/7/4 2867/7/4
f 2867/7/4 2866/7/4 2868/7/4
f 2869/7/4 2870/7/4 2871/7/4
f 2871/7/4 2870/7/4 2872/7/4
f 2873/7/4 2874/7/4 2875/7/4
f 2875/7/4 2874/7/4 2876/7/4
f 2877/7/4 2878/7/4 2879/7/4
f 2879/7/4 2878/7/4 2880/7/4
f 2881/7/4 2882/7/4 2883/7/4
f 2883/7/4 2882/7/4 2884/7/4
f 2885/7/4 2886/7/4 2887/7/4
f 2887/7/4 2886/7/4 2888/7/4
f 2889/7/4 2890/7/4 2891/7/4
f 2891/7/4 2890/7/4 2892/7/4
f 2893/7/4 2894/7/4 2895/7/4
f 2895/7/4 2894/7/4 2896/7/4
f 2897/7/4 2898/7/4 2899/7/4
f 2899/7/4 2898/7/4 2900/7/4
f 2901/7/4 2902/7/4 2903/7/4
f 2903/7/4 2902/7/4 2904/7/4
f 2905/7/4 2906/7/4 2907/7/4
f 2907/7/4 2906/7/4 2908/7/4
f 2909/7/4 2910/7/4 2911/7/4
f 2911/7/4 2910/7/4 2912/7/4
f 2913/7/4 2914/7/4 2915/7/4
f 2915/7/4 2914/7/4 2916/7/4
f 2917/7/4 2918/7/4 2919/7/4
f 2919/7/4 2918/7/4 2920/7/4
f 2921/7/4 2922/7/4 2923/7/4
f 2923/7/4 2922/7/4 2924/7/4
f 2925/7/4 2926/7/4 2927/7/4
f 2927/7/4 2926/7/4 2928/7/4
f 2929/7/4 2930/7/4 2931/7/4
f 2931/7/4 2930/7/4 2932/7/4
f 2933/7/4 2934/7/4 2935/7/4
f 2935/7/4 2934/7/4 2936/7/4
f 2937/7/4 2938/7/4 2939/7/4
f 2939/7/4 2938/7/4 2940/7/4
f 2941/7/4 2942/7/4 2943/7/4
f 2943/7/4 2942/7/4 2944/7/4
f 2945/7/4 2946/7/4 2947/7/4
f 2947/7/4 2946/7/4 2948/7/4
f 2949/7/4 2950/7/4 2951/7/4
f 2951/7/4 2950/7/4 2952/7/4
f 2953/7/4 2954/7/4 2955/7/4
f 2955/7/4 2954/7/4 2956/7/4
f 2957/7/4 2958/7/4 2959/7/4
f 2959/7/4 2958/7/4 2960/7/4
f 2961/7/4 2962/7/4 2963/7/4
f 2963/7/4 2962/7/4 2964/7/4
f 2965/7/4 2966/7/4 2967/7/4
f 2967/7/4 2966/7/4 2968/7/4
f 2969/7/4 2970/7/4 2971/7/4
f 2971/7/4 2970/7/4 2972/7/4
f 2973/7/4 2974/7/4 2975/7/4
f 2975/7/4 2974/7/4 2976/7/4
f 2977/7/4 2978/7/4 2979/7/4
f 2979/7/4 2978/7/4 2980/7/4
f 2981/7/4 2982/7/4 2983/7/4
f 2983/7/4 2982/7/4 2984/7/4
f 2985/7/4 2986/7/4 2987/7/4
f 2987/7/4 2986/7/4 2988/7/4
f 2989/7/4 2990/7/4 2991/7/4
f 2991/7/4 2990/7/4 2992/7/4
f 2993/7/4 2994/7/4 2995/7/4
f 2995/7/4 2994/7/4 2996/7/4
f 2997/7/4 2998/7/4 2999/7/4
f 2999/7/4 2998/7/4 3000/7/4
f 3001/7/4 3002/7/4 3003/7/4
f 3003/7/4 3002/7/4 3004/7/4
f 3005/7/4 3006/7/4 3007/7/4
f 3007/7/4 3006/7/4 3008/7/4
f 3009/7/4 3010/7/4 3011/7/4
f 3011/7/4 3010/7/4 3012/7/4
f 3013/7/4 3014/7/4 3015/7/4
f 3015/7/4 3014/7/4 3016/7/4
f 3017/7/4 3018/7/4 3019/7/4
f 3019/7/4 3018/7/4 3020/7/4
f 3021/7/4 3022/7/4 3023/7/4
f 3023/7/4 3022/7/4 3024/7/4
f 3025/7/4 3026/7/4 3027/7/4
f 3027/7/4 3026/7/4 3028/7/4
f 3029/7/4 3030/7/4 3031/7/4
f 3031/7/4 3030/7/4 3032/7/4
f 3033/7/4 3034/7/4 3035/7/4
f 3035/7/4 3034/7/4 3036/7/4
f 3037/7/4 3038/7/4 3039/7/4
f 3039/7/4 3038/7/4 3040/7/4
f 3041/7/4 3042/7/4 3043/7/4
f 3043/7/4 3042/7/4 3044/7/4
f 3045/7/4 3046/7/4 3047/7/4
f 3047/7/4 3046/7/4 3048/7/4
f 3049/7/4 3050/7/4 3051/7/4
f 3051/7/4 3050/7/4 3052/7/4
f 3053/7/4 3054/7/4 3055/7/4
f 3055/7/4 3054/7/4 3056/7/4
f 3057/7/4 3058/7/4 3059/7/4
f 3059/7/4 3058/7/4 3060/7/4
f 3061/7/4 3062/7/4 3063/7/4
f 3063/7/4 3062/7/4 3064/7/4
f 3065/7/4 3066/7/4 3067/7/4
f 3067/7/4 3066/7/4 3068/7/4
f 3069/7/4 3070/7/4 3071/7/4
f 3071/7/4 3070/7/4 3072/7/4
f 3073/7/4 3074/7/4 3075/7/4
f 3075/7/4 3074/7/4 3076/7/4
f 3077/7/4 3078/7/4 3079/7/4
f 3079/7/4 3078/7/4 3080/7/4
f 3081/7/4 3082/7/4 3083/7/4
f 3083/7/4 3082/7/4 3084/7/4
f 3085/7/4 3086/7/4 3087/7/4
f 3087/7/4 3086/7/4 3088/7/4
f 3089/7/4 3090/7/4 3091/7/4
f 3091/7/4 3090/7/4 3092/7/4
f 3093/7/4 3094/7/4 3095/7/4
f 3095/7/4 3094/7/4 3096/7/4
f 3097/7/4 3098/7/4 3099/7/4
f 3099/7/4 3098/7/4 3100/7/4
f 3101/7/4 3102/7/4 3103/7/4
f 3103/7/4 3102/7/4 3104/7/4
f 3105/7/4 3106/7/4 3107/7/4
f 3107/7/4 3106/7/4 3108/7/4
f 3109/7/4 3110/7/4 3111/7/4
f 3111/7/4 3110/7/4 3112/7/4
f 3113/7/4 3114/7/4 3115/7/4
f 3115/7/4 3114/7/4 3116/7/4
f 3117/7/4 3118/7/4 3119/7/4
f 3119/7/4 3118/7/4 3120/7/4
f 3121/7/4 3122/7/4 3123/7/4
f 3123/7/4 3122/7/4 3124/7/4
f 3125/7/4 3126/7/4 3127/7/4
f 3127/7/4 3126/7/4 3128/7/4
f 3129/7/4 3130/7/4 3131/7/4
f 3131/7/4 3130/7/4 3132/7/4
f 3133/7/4 3134/7/4 3135/7/4
f 3135/7/4 3134/7/4 3136/7/4
f 3137/7/4 3138/7/4 3139/7/4
f 3139/7/4 3138/7/4 3140/7/4
f 3141/7/4 3142/7/4 3143/7/4
f 3143/7/4 3142/7/4 3144/7/4
f 3145/7/4 3146/7/4 3147/7/4
f 3147/7/4 3146/7/4 3148/7/4
f 3148/7/4 3146/7/4 3149/7/4
f 3150/7/4 3151/7/4 3152/7/4
f 3152/7/4 3151/7/4 3153/7/4
f 3154/7/4 3155/7/4 3156/7/4
f 3156/7/4 3155/7/4 3157/7/4
f 3158/7/4 3159/7/4 3160/7/4
f 3160/7/4 3159/7/4 3161/7/4
f 3162/7/4 3163/7/4 3164/7/4
f 3164/7/4 3163/7/4 3165/7/4
f 3166/7/4 3167/7/4 3168/7/4
f 3168/7/4 3167/7/4 3169/7/4
f 3170/7/4 3171/7/4 3172/7/4
f 3172/7/4 3171/7/4 3173/7/4
f 3174/7/4 3175/7/4 3176/7/4
f 3176/7/4 3175/7/4 3177/7/4
f 3178/7/4 3179/7/4 3180/7/4
f 3180/7/4 3179/7/4 3181/7/4
f 3182/7/4 3183/7/4 3184/7/4
f 3184/7/4 3183/7/4 3185/7/4
f 3186/7/4 3187/7/4 3188/7/4
f 3188/7/4 3187/7/4 3189/7/4
f 3190/7/4 3191/7/4 3192/7/4
f 3192/7/4 3191/7/4 3193/7/4
f 3194/7/4 3195/7/4 3196/7/4
f 3196/7/4 3195/7/4 3197/7/4
f 3198/7/4 3199/7/4 3200/7/4
f 3200/7/4 3199/7/4 3201/7/4
f 3202/7/4 3203/7/4 3204/7/4
f 3204/7/4 3203/7/4 3205/7/4
f 3206/7/4 3207/7/4 3208/7/4
f 3208/7/4 3207/7/4 3209/7/4
f 3210/7/4 3211/7/4 3212/7/4
f 3212/7/4 3211/7/4 3213/7/4
f 3214/7/4 3215/7/4 3216/7/4
f 3216/7/4 3215/7/4 3217/7/4
f 3218/7/4 3219/7/4 3220/7/4
f 3220/7/4 3219/7/4 3221/7/4
f 3222/7/4 3223/7/4 3224/7/4
f 3224/7/4 3223/7/4 3225/7/4
f 3226/7/4 3227/7/4 3228/7/4
f 3228/7/4 3227/7/4 3229/7/4
f 3230/7/4 3231/7/4 3232/7/4
f 3232/7/4 3231/7/4 3233/7/4
f 3234/7/4 3235/7/4 3236/7/4
f 3236/7/4 3235/7/4 3237/7/4
f 3238/7/4 3239/7/4 3240/7/4
f 3240/7/4 3239/7/4 3241/7/4
f 3242/7/4 3243/7/4 3244/7/4
f 3244/7/4 3243/7/4 3245/7/4
f 3246/7/4 3247/7/4 3248/7/4
f 3248/7/4 3247/7/4 3249/7/4
f 3250/7/4 3251/7/4 3252/7/4
f 3252/7/4 3251/7/4 3253/7/4
f 3254/7/4 3255/7/4 3256/7/4
f 3256/7/4 3255/7/4 3257/7/4
f 3258/7/4 3259/7/4 3260/7/4
f 3260/7/4 3259/7/4 3261/7/4
f 3262/7/4 3263/7/4 3264/7/4
f 3264/7/4 3263/7/4 3265/7/4
f 3266/7/4 3267/7/4 3268/7/4
f 3268/7/4 3267/7/4 3269/7/4
f 3270/7/4 3271/7/4 3272/7/4
f 3272/7/4 3271/7/4 3273/7/4
f 3274/7/4 3275/7/4 3276/7/4
f 3276/7/4 3275/7/4 3277/7/4
f 3278/7/4 3279/7/4 3280/7/4
f 3280/7/4 3279/7/4 3281/7/4
f 3282/7/4 3283/7/4 3284/7/4
f 3284/7/4 3283/7/4 3285/7/4
f 3286/7/4 3287/7/4 3288/7/4
f 3288/7/4 3287/7/4 3289/7/4
f 3290/7/4 3291/7/4 3292/7/4
f 3292/7/4 3291/7/4 3293/7/4
f 3294/7/4 3295/7/4 3296/7/4
f 3296/7/4 3295/7/4 3297/7/4
f 3298/7/4 3299/7/4 3300/7/4
f 3300/7/4 3299/7/4 3301/7/4
f 3302/7/4 3303/7/4 3304/7/4
f 3304/7/4 3303/7/4 3305/7/4
f 3306/7/4 3307/7/4 3308/7/4
f 3308/7/4 3307/7/4 3309/7/4
f 3310/7/4 3311/7/4 3312/7/4
f 3312/7/4 3311/7/4 3313/7/4
f 3314/7/4 3315/7/4 3316/7/4
f 3316/7/4 3315/7/4 3317/7/4
f 3318/7/4 3319/7/4 3320/7/4
f 3320/7/4 3319/7/4 3321/7/4
f 3322/7/4 3323/7/4 3324/7/4
f 3324/7/4 3323/7/4 3325/7/4
f 3326/7/4 3327/7/4 3328/7/4
f 3328/7/4 3327/7/4 3329/7/4
f 3330/7/4 3331/7/4 3332/7/4
f 3332/7/4 3331/7/4 3333/7/4
f 3334/7/4 3335/7/4 3336/7/4
f 3336/7/4 3335/7/4 3337/7/4
f 3338/7/4 3339/7/4 3340/7/4
f 3340/7/4 3339/7/4 3341/7/4
f 3342/7/4 3343/7/4 3344/7/4
f 3344/7/4 3343/7/4 3345/7/4
f 3346/7/4 3347/7/4 3348/7/4
f 3348/7/4 3347/7/4 3349/7/4
f 3350/7/4 3351/7/4 3352/7/4
f 3352/7/4 3351/7/4 3353/7/4
f 3354/7/4 3355/7/4 3356/7/4
f 3356/7/4 3355/7/4 3357/7/4
f 3358/7/4 3359/7/4 3360/7/4
f 3360/7/4 3359/7/4 3361/7/4
f 3362/7/4 3363/7/4 3364/7/4
f 3364/7/4 3363/7/4 3365/7/4
f 3366/7/4 3367/7/4 3368/7/4
f 3368/7/4 3367/7/4 3369/7/4
f 3370/7/4 3371/7/4 3372/7/4
f 3372/7/4 3371/7/4 3373/7/4
f 3374/7/4 3375/7/4 3376/7/4
f 3376/7/4 3375/7/4 3377/7/4
f 3378/7/4 3379/7/4 3380/7/4
f 3380/7/4 3379/7/4 3381/7/4
f 3382/7/4 3383/7/4 3384/7/4
f 3384/7/4 3383/7/4 3385/7/4
f 3386/7/4 3387/7/4 3388/7/4
f 3388/7/4 3387/7/4 3389/7/4
f 3390/7/4 3391/7/4 3392/7/4
f 3392/7/4 3391/7/4 3393/7/4
f 3394/7/4 3395/7/4 3396/7/4
f 3396/7/4 3395/7/4 3397/7/4
f 3398/7/4 3399/7/4 3400/7/4
f 3400/7/4 3399/7/4 3401/7/4
f 3402/7/4 3403/7/4 3404/7/4
f 3404/7/4 3403/7/4 3405/7/4
f 3406/7/4 3407/7/4 3408/7/4
f 3408/7/4 3407/7/4 3409/7/4
f 3410/7/4 3411/7/4 3412/7/4
f 3412/7/4 3411/7/4 3413/7/4
f 3414/7/4 3415/7/4 3416/7/4
f 3416/7/4 3415/7/4 3417/7/4
f 3418/7/4 3419/7/4 3420/7/4
f 3420/7/4 3419/7/4 3421/7/4
f 3422/7/4 3423/7/4 3424/7/4
f 3424/7/4 3423/7/4 3425/7/4
f 3426/7/4 3427/7/4 3428/7/4
f 3428/7/4 3427/7/4 3429/7/4
f 3430/7/4 3431/7/4 3432/7/4
f 3432/7/4 3431/7/4 3433/7/4
f 3434/7/4 3435/7/4 3436/7/4
f 3436/7/4 3435/7/4 3437/7/4
f 3438/7/4 3439/7/4 3440/7/4
f 3440/7/4 3439/7/4 3441/7/4
f 3442/7/4 3443/7/4 3444/7/4
f 3444/7/4 3443/7/4 3445/7/4
f 3446/7/4 3447/7/4 3448/7/4
f 3448/7/4 3447/7/4 3449/7/4
f 3450/7/4 3451/7/4 3452/7/4
f 3452/7/4 3451/7/4 3453/7/4
f 3454/7/4 3455/7/4 3456/7/4
f 3456/7/4 3455/7/4 3457/7/4
f 3458/7/4 3459/7/4 3460/7/4
f 3460/7/4 3459/7/4 3461/7/4
f 3462/7/4 3463/7/4 3464/7/4
f 3464/7/4 3463/7/4 3465/7/4
f 3466/7/4 3467/7/4 3468/7/4
f 3468/7/4 3467/7/4 3469/7/4
f 3470/7/4 3471/7/4 3472/7/4
f 3472/7/4 3471/7/4 3473/7/4
f 3474/7/4 3475/7/4 3476/7/4
f 3476/7/4 3475/7/4 3477/7/4
f 3478/7/4 3479/7/4 3480/7/4
f 3480/7/4 3479/7/4 3481/7/4
f 3482/7/4 3483/7/4 3484/7/4
f 3484/7/4 3483/7/4 3485/7/4
f 3486/7/4 3487/7/4 3488/7/4
f 3488/7/4 3487/7/4 3489/7/4
f 3490/7/4 3491/7/4 3492/7/4
f 3492/7/4 3491/7/4 3493/7/4
f 3494/7/4 3495/7/4 3496/7/4
f 3496/7/4 3495/7/4 3497/7/4
f 3498/7/4 3499/7/4 3500/7/4
f 3500/7/4 3499/7/4 3501/7/4
f 3502/7/4 3503/7/4 3504/7/4
f 3504/7/4 3503/7/4 3505/7/4
f 3506/7/4 3507/7/4 3508/7/4
f 3508/7/4 3507/7/4 3509/7/4
f 3510/7/4 3511/7/4 3512/7/4
f 3512/7/4 3511/7/4 3513/7/4
f 3514/7/4 3515/7/4 3516/7/4
f 3516/7/4 3515/7/4 3517/7/4
f 3518/7/4 3519/7/4 3520/7/4
f 3520/7/4 3519/7/4 3521/7/4
f 3522/7/4 3523/7/4 3524/7/4
f 3524/7/4 3523/7/4 3525/7/4
f 3526/7/4 3527/7/4 3528/7/4
f 3528/7/4 3527/7/4 3529/7/4
f 3530/7/4 3531/7/4 3532/7/4
f 3532/7/4 3531/7/4 3533/7/4
f 3534/7/4 3535/7/4 3536/7/4
f 3536/7/4 3535/7/4 3537/7/4
f 3538/7/4 3539/7/4 3540/7/4
f 3540/7/4 3539/7/4 3541/7/4
f 3542/7/4 3543/7/4 3544/7/4
f 3544/7/4 3543/7/4 3545/7/4
f 3546/7/4 3547/7/4 3548/7/4
f 3548/7/4 3547/7/4 3549/7/4
f 3550/7/4 3551/7/4 3552/7/4
f 3552/7/4 3551/7/4 3553/7/4
f 3554/7/4 3555/7/4 3556/7/4
f 3556/7/4 3555/7/4 3557/7/4
f 3558/7/4 3559/7/4 3560/7/4
f 3560/7/4 3559/7/4 3561/7/4
f 3562/7/4 3563/7/4 3564/7/4
f 3564/7/4 3563/7/4 3565/7/4
f 3566/7/4 3567/7/4 3568/7/4
f 3568/7/4 3567/7/4 3569/7/4
f 3570/7/4 3571/7/4 3572/7/4
f 3572/7/4 3571/7/4 3573/7/4
f 3574/7/4 3575/7/4 3576/7/4
f 3576/7/4 3575/7/4 3577/7/4
f 3578/7/4 3579/7/4 3580/7/4
f 3580/7/4 3579/7/4 3581/7/4
f 3582/7/4 3583/7/4 3584/7/4
f 3584/7/4 3583/7/4 3585/7/4
f 3586/7/4 3587/7/4 3588/7/4
f 3588/7/4 3587/7/4 3589/7/4
f 3590/7/4 3591/7/4 3592/7/4
f 3592/7/4 3591/7/4 3593/7/4
f 3594/7/4 3595/7/4 3596/7/4
f 3596/7/4 3595/7/4 3597/7/4
f 3598/7/4 3599/7/4 3600/7/4
f 3600/7/4 3599/7/4 3601/7/4
f 3602/7/4 3603/7/4 3604/7/4
f 3604/7/4 3603/7/4 3605/7/4
f 3606/7/4 3607/7/4 3608/7/4
f 3608/7/4 3607/7/4 3609/7/4
f 3610/7/4 3611/7/4 3612/7/4
f 3612/7/4 3611/7/4 3613/7/4
f 3614/7/4 3615/7/4 3616/7/4
f 3616/7/4 3615/7/4 3617/7/4
f 3618/7/4 3619/7/4 3620/7/4
f 3620/7/4 3619/7/4 3621/7/4
f 3622/7/4 3623/7/4 3624/7/4
f 3624/7/4 3623/7/4 3625/7/4
f 3626/7/4 3627/7/4 3628/7/4
f 3628/7/4 3627/7/4 3629/7/4
f 3630/7/4 3631/7/4 3632/7/4
f 3632/7/4 3631/7/4 3633/7/4
f 3634/7/4 3635/7/4 3636/7/4
f 3636/7/4 3635/7/4 3637/7/4
f 3638/7/4 3639/7/4 3640/7/4
f 3640/7/4 3639/7/4 3641/7/4
f 3642/7/4 3643/7/4 3644/7/4
f 3644/7/4 3643/7/4 3645/7/4
f 3646/7/4 3647/7/4 3648/7/4
f 3648/7/4 3647/7/4 3649/7/4
f 3650/7/4 3651/7/4 3652/7/4
f 3652/7/4 3651/7/4 3653/7/4
f 3654/7/4 3655/7/4 3656/7/4
f 3656/7/4 3655/7/4 3657/7/4
f 3658/7/4 3659/7/4 3660/7/4
f 3660/7/4 3659/7/4 3661/7/4
f 3662/7/4 3663/7/4 3664/7/4
f 3664/7/4 3663/7/4 3665/7/4
f 3666/7/4 3667/7/4 3668/7/4
f 3668/7/4 3667/7/4 3669/7/4
f 3670/7/4 3671/7/4 3672/7/4
f 3672/7/4 3671/7/4 3673/7/4
f 3674/7/4 3675/7/4 3676/7/4
f 3676/7/4 3675/7/4 3677/7/4
f 3678/7/4 3679/7/4 3680/7/4
f 3680/7/4 3679/7/4 3681/7/4
f 3682/7/4 3683/7/4 3684/7/4
f 3684/7/4 3683/7/4 3685/7/4
f 3686/7/4 3687/7/4 3688/7/4
f 3688/7/4 3687/7/4 3689/7/4
f 3690/7/4 3691/7/4 3692/7/4
f 3692/7/4 3691/7/4 3693/7/4
f 3694/7/4 3695/7/4 3696/7/4
f 3696/7/4 3695/7/4 3697/7/4
f 3698/7/4 3699/7/4 3700/7/4
f 3700/7/4 3699/7/4 3701/7/4
f 3702/7/4 3703/7/4 3704/7/4
f 3704/7/4 3703/7/4 3705/7/4
f 3706/7/4 3707/7/4 3708/7/4
f 3708/7/4 3707/7/4 3709/7/4
f 3710/7/4 3711/7/4 3712/7/4
f 3712/7/4 3711/7/4 3713/7/4
f 3714/7/4 3715/7/4 3716/7/4
f 3716/7/4 3715/7/4 3717/7/4
f 3718/7/4 3719/7/4 3720/7/4
f 3720/7/4 3719/7/4 3721/7/4
f 3722/7/4 3723/7/4 3724/7/4
f 3724/7/4 3723/7/4 3725/7/4
f 3726/7/4 3727/7/4 3728/7/4
f 3728/7/4 3727/7/4 3729/7/4
f 3730/7/4 3731/7/4 3732/7/4
f 3732/7/4 3731/7/4 3733/7/4
f 3734/7/4 3735/7/4 3736/7/4
f 3736/7/4 3735/7/4 3737/7/4
f 3738/7/4 3739/7/4 3740/7/4
f 3740/7/4 3739/7/4 3741/7/4
f 3742/7/4 3743/7/4 3744/7/4
f 3744/7/4 3743/7/4 3745/7/4
f 3746/7/4 3747/7/4 3748/7/4
f 3748/7/4 3747/7/4 3749/7/4
f 3750/7/4 3751/7/4 3752/7/4
f 3752/7/4 3751/7/4 3753/7/4
f 3754/7/4 3755/7/4 3756/7/4
f 3756/7/4 3755/7/4 3757/7/4
f 3758/7/4 3759/7/4 3760/7/4
f 3760/7/4 3759/7/4 3761/7/4
f 3762/7/4 3763/7/4 3764/7/4
f 3764/7/4 3763/7/4 3765/7/4
f 3766/7/4 3767/7/4 3768/7/4
f 3768/7/4 3767/7/4 3769/7/4
f 3770/7/4 3771/7/4 3772/7/4
f 3772/7/4 3771/7/4 3773/7/4
f 3774/7/4 3775/7/4 3776/7/4
f 3776/7/4 3775/7/4 3777/7/4
f 3778/7/4 3779/7/4 3780/7/4
f 3780/7/4 3779/7/4 3781/7/4
f 3782/7/4 3783/7/4 3784/7/4
f 3784/7/4 3783/7/4 3785/7/4
f 3786/7/4 3787/7/4 3788/7/4
f 3788/7/4 3787/7/4 3789/7/4
f 3790/7/4 3791/7/4 3792/7/4
f 3792/7/4 3791/7/4 3793/7/4
f 3794/7/4 3795/7/4 3796/7/4
f 3796/7/4 3795/7/4 3797/7/4
f 3798/7/4 3799/7/4 3800/7/4
f 3800/7/4 3799/7/4 3801/7/4
f 3802/7/4 3803/7/4 3804/7/4
f 3804/7/4 3803/7/4 3805/7/4
f 3806/7/4 3807/7/4 3808/7/4
f 3808/7/4 3807/7/4 3809/7/4
f 3810/7/4 3811/7/4 3812/7/4
f 3812/7/4 3811/7/4 3813/7/4
f 3814/7/4 3815/7/4 3816/7/4
f 3816/7/4 3815/7/4 3817/7/4
f 3818/7/4 3819/7/4 3820/7/4
f 3820/7/4 3819/7/4 3821/7/4
f 3822/7/4 3823/7/4 3824/7/4
f 3824/7/4 3823/7/4 3825/7/4
f 3826/7/4 3827/7/4 3828/7/4
f 3828/7/4 3827/7/4 3829/7/4
f 3830/7/4 3831/7/4 3832/7/4
f 3832/7/4 3831/7/4 3833/7/4
f 3834/7/4 3835/7/4 3836/7/4
f 3836/7/4 3835/7/4 3837/7/4
f 3838/7/4 3839/7/4 3840/7/4
f 3840/7/4 3839/7/4 3841/7/4
f 3842/7/4 3843/7/4 3844/7/4
f 3844/7/4 3843/7/4 3845/7/4
f 3846/7/4 3847/7/4 3848/7/4
f 3848/7/4 3847/7/4 3849/7/4
f 3850/7/4 3851/7/4 3852/7/4
f 3852/7/4 3851/7/4 3853/7/4
f 3854/7/4 3855/7/4 3856/7/4
f 3856/7/4 3855/7/4 3857/7/4
f 3858/7/4 3859/7/4 3860/7/4
f 3860/7/4 3859/7/4 3861/7/4
f 3862/7/4 3863/7/4 3864/7/4
f 3864/7/4 3863/7/4 3865/7/4
f 3866/7/4 3867/7/4 3868/7/4
f 3868/7/4 3867/7/4 3869/7/4
f 3870/7/4 3871/7/4 3872/7/4
f 3872/7/4 3871/7/4 3873/7/4
f 3874/7/4 3875/7/4 3876/7/4
f 3876/7/4 3875/7/4 3877/7/4
f 3878/7/4 3879/7/4 3880/7/4
f 3880/7/4 3879/7/4 3881/7/4
f 3882/7/4 3883/7/4 3884/7/4
f 3884/7/4 3883/7/4 3885/7/4
f 3886/7/4 3887/7/4 3888/7/4
f 3888/7/4 3887/7/4 3889/7/4
f 3890/7/4 3891/7/4 3892/7/4
f 3892/7/4 3891/7/4 3893/7/4
f 3894/7/4 3895/7/4 3896/7/4
f 3896/7/4 3895/7/4 3897/7/4
f 3898/7/4 3899/7/4 3900/7/4
f 3900/7/4 3899/7/4 3901/7/4
f 3902/7/4 3903/7/4 3904/7/4
f 3904/7/4 3903/7/4 3905/7/4
f 3906/7/4 3907/7/4 3908/7/4
f 3908/7/4 3907/7/4 3909/7/4
f 3910/7/4 3911/7/4 3912/7/4
f 3912/7/4 3911/7/4 3913/7/4
f 3914/7/4 3915/7/4 3916/7/4
f 3916/7/4 3915/7/4 3917/7/4
f 3918/7/4 3919/7/4 3920/7/4
f 3920/7/4 3919/7/4 3921/7/4
f 3922/7/4 3923/7/4 3924/7/4
f 3924/7/4 3923/7/4 3925/7/4
f 3926/7/4 3927/7/4 3928/7/4
f 3928/7/4 3927/7/4 3929/7/4
f 3930/7/4 3931/7/4 3932/7/4
f 3932/7/4 3931/7/4 3933/7/4
f 3934/7/4 3935/7/4 3936/7/4
f 3936/7/4 3935/7/4 3937/7/4
f 3938/7/4 3939/7/4 3940/7/4
f 3940/7/4 3939/7/4 3941/7/4
f 3942/7/4 3943/7/4 3944/7/4
f 3944/7/4 3943/7/4 3945/7/4
f 3946/7/4 3947/7/4 3948/7/4
f 3948/7/4 3947/7/4 3949/7/4
f 3950/7/4 3951/7/4 3952/7/4
f 3952/7/4 3951/7/4 3953/7/4
f 3954/7/4 3955/7/4 3956/7/4
f 3956/7/4 3955/7/4 3957/7/4
f 3958/7/4 3959/7/4 3960/7/4
f 3960/7/4 3959/7/4 3961/7/4
f 3962/7/4 3963/7/4 3964/7/4
f 3964/7/4 3963/7/4 3965/7/4
f 3966/7/4 3967/7/4 3968/7/4
f 3968/7/4 3967/7/4 3969/7/4
f 3970/7/4 3971/7/4 3972/7/4
f 3972/7/4 3971/7/4 3973/7/4
f 3974/7/4 3975/7/4 3976/7/4
f 3976/7/4 3975/7/4 3977/7/4
f 3978/7/4 3979/7/4 3980/7/4
f 3980/7/4 3979/7/4 3981/7/4
f 3982/7/4 3983/7/4 3984/7/4
f 3984/7/4 3983/7/4 3985/7/4
f 3986/7/4 3987/7/4 3988/7/4
f 3988/7/4 3987/7/4 3989/7/4
f 3990/7/4 3991/7/4 3992/7/4
f 3992/7/4 3991/7/4 3993/7/4
f 3994/7/4 3995/7/4 3996/7/4
f 3996/7/4 3995/7/4 3997/7/4
f 3998/7/4 3999/7/4 4000/7/4
f 4000/7/4 3999/7/4 4001/7/4
f 4002/7/4 4003/7/4 4004/7/4
f 4004/7/4 4003/7/4 4005/7/4
f 4006/7/4 4007/7/4 4008/7/4
f 4008/7/4 4007/7/4 4009/7/4
f 4010/7/4 4011/7/4 4012/7/4
f 4012/7/4 4011/7/4 4013/7/4
f 4014/7/4 4015/7/4 4016/7/4
f 4016/7/4 4015/7/4 4017/7/4
f 4018/7/4 4019/7/4 4020/7/4
f 4020/7/4 4019/7/4 4021/7/4
f 4022/7/4 4023/7/4 4024/7/4
f 4024/7/4 4023/7/4 4025/7/4
f 4026/7/4 4027/7/4 4028/7/4
f 4028/7/4 4027/7/4 4029/7/4
f 4030/7/4 4031/7/4 4032/7/4
f 4032/7/4 4031/7/4 4033/7/4
f 4034/7/4 4035/7/4 4036/7/4
f 4036/7/4 4035/7/4 4037/7/4
f 4038/7/4 4039/7/4 4040/7/4
f 4040/7/4 4039/7/4 4041/7/4
f 4042/7/4 4043/7/4 4044/7/4
f 4044/7/4 4043/7/4 4045/7/4
f 4046/7/4 4047/7/4 4048/7/4
f 4048/7/4 4047/7/4 4049/7/4
f 4050/7/4 4051/7/4 4052/7/4
f 4052/7/4 4051/7/4 4053/7/4
f 4054/7/4 4055/7/4 4056/7/4
f 4056/7/4 4055/7/4 4057/7/4
f 4058/7/4 4059/7/4 4060/7/4
f 4060/7/4 4059/7/4 4061/7/4
f 4062/7/4 4063/7/4 4064/7/4
f 4064/7/4 4063/7/4 4065/7/4
f 4066/7/4 4067/7/4 4068/7/4
f 4068/7/4 4067/7/4 4069/7/4
f 4070/7/4 4071/7/4 4072/7/4
f 4072/7/4 4071/7/4 4073/7/4
f 4074/7/4 4075/7/4 4076/7/4
f 4076/7/4 4075/7/4 4077/7/4
f 4078/7/4 4079/7/4 4080/7/4
f 4080/7/4 4079/7/4 4081/7/4
f 4082/7/4 4083/7/4 4084/7/4
f 4084/7/4 4083/7/4 4085/7/4
f 4086/7/4 4087/7/4 4088/7/4
f 4088/7/4 4087/7/4 4089/7/4
f 4090/7/4 4091/7/4 4092/7/4
f 4092/7/4 4091/7/4 4093/7/4
f 4094/7/4 4095/7/4 4096/7/4
f 4096/7/4 4095/7/4 4097/7/4
f 4098/7/4 4099/7/4 4100/7/4
f 4100/7/4 4099/7/4 4101/7/4
f 4102/7/4 4103/7/4 4104/7/4
f 4104/7/4 4103/7/4 4105/7/4
f 4106/7/4 4107/7/4 4108/7/4
f 4108/7/4 4107/7/4 4109/7/4
f 4110/7/4 4111/7/4 4112/7/4
f 4112/7/4 4111/7/4 4113/7/4
f 4114/7/4 4115/7/4 4116/7/4
f 4116/7/4 4115/7/4 4117/7/4
f 4118/7/4 4119/7/4 4120/7/4
f 4120/7/4 4119/7/4 4121/7/4
f 4122/7/4 4123/7/4 4124/7/4
f 4124/7/4 4123/7/4 4125/7/4
f 4126/7/4 4127/7/4 4128/7/4
f 4128/7/4 4127/7/4 4129/7/4
f 4130/7/4 4131/7/4 4132/7/4
f 4132/7/4 4131/7/4 4133/7/4
f 4132/1/4 4133/1/4 4134/1/4
f 4134/1/4 4133/1/4 4135/1/4
f 4136/7/4 4137/7/4 4138/7/4
f 4138/7/4 4137/7/4 4139/7/4
f 4140/7/4 4141/7/4 4142/7/4
f 4142/7/4 4141/7/4 4143/7/4
f 4144/7/4 4145/7/4 4146/7/4
f 4146/7/4 4145/7/4 4147/7/4
f 4148/6/4 4149/6/4 4150/6/4
f 4150/6/4 4149/6/4 4151/6/4
f 4152/7/4 4153/7/4 4154/7/4
f 4154/7/4 4153/7/4 4155/7/4
f 4156/7/4 4157/7/4 4158/7/4
f 4158/7/4 4157/7/4 4159/7/4
f 4160/7/4 4161/7/4 4162/7/4
f 4162/7/4 4161/7/4 4163/7/4
f 4164/7/4 4165/7/4 4166/7/4
f 4166/7/4 4165/7/4 4167/7/4
f 4168/7/4 4169/7/4 4170/7/4
f 4170/7/4 4169/7/4 4171/7/4
f 4172/7/4 4173/7/4 4174/7/4
f 4174/7/4 4173/7/4 4175/7/4
f 4176/7/4 4177/7/4 4178/7/4
f 4178/7/4 4177/7/4 4179/7/4
f 4180/7/4 4181/7/4 4182/7/4
f 4182/7/4 4181/7/4 4183/7/4
f 4184/7/4 4185/7/4 4186/7/4
f 4186/7/4 4185/7/4 4187/7/4
f 4188/7/4 4189/7/4 4190/7/4
f 4190/7/4 4189/7/4 4191/7/4
f 4192/7/4 4193/7/4 4194/7/4
f 4194/7/4 4193/7/4 4195/7/4
f 4196/7/4 4197/7/4 4198/7/4
f 4198/7/4 4197/7/4 4199/7/4
f 4200/7/4 4201/7/4 4202/7/4
f 4202/7/4 4201/7/4 4203/7/4
f 4204/7/4 4205/7/4 4206/7/4
f 4206/7/4 4205/7/4 4207/7/4
f 4208/7/4 4209/7/4 4210/7/4
f 4210/7/4 4209/7/4 4211/7/4
f 4212/7/4 4213/7/4 4214/7/4
f 4214/7/4 4213/7/4 4215/7/4
f 4216/7/4 4217/7/4 4218/7/4
f 4218/7/4 4217/7/4 4219/7/4
f 4220/7/4 4221/7/4 4222/7/4
f 4222/7/4 4221/7/4 4223/7/4
f 4224/7/4 4225/7/4 4226/7/4
f 4226/7/4 4225/7/4 4227/7/4
f 4228/7/4 4229/7/4 4230/7/4
f 4230/7/4 4229/7/4 4231/7/4
f 4232/4/4 4233/4/4 4234/4/4
f 4234/4/4 4233/4/4 4235/4/4
f 4236/7/4 4237/7/4 4238/7/4
f 4238/7/4 4237/7/4 4239/7/4
f 4240/7/4 4241/7/4 4242/7/4
f 4242/7/4 4241/7/4 4243/7/4
f 4244/7/4 4245/7/4 4246/7/4
f 4246/7/4 4245/7/4 4247/7/4
f 4248/7/4 4249/7/4 4250/7/4
f 4250/7/4 4249/7/4 4251/7/4
f 4252/7/4 4253/7/4 4254/7/4
f 4254/7/4 4253/7/4 4255/7/4
f 4256/7/4 4257/7/4 4258/7/4
f 4258/7/4 4257/7/4 4259/7/4
f 4260/7/4 4261/7/4 4262/7/4
f 4262/7/4 4261/7/4 4263/7/4
f 4264/7/4 4265/7/4 4266/7/4
f 4266/7/4 4265/7/4 4267/7/4
f 4268/7/4 4269/7/4 4270/7/4
f 4270/7/4 4269/7/4 4271/7/4
f 4272/7/4 4273/7/4 4274/7/4
f 4274/7/4 4273/7/4 4275/7/4
f 4276/7/4 4277/7/4 4278/7/4
f 4278/7/4 4277/7/4 4279/7/4
f 4280/7/4 4281/7/4 4282/7/4
f 4282/7/4 4281/7/4 4283/7/4
f 4284/7/4 4285/7/4 4286/7/4
f 4286/7/4 4285/7/4 4287/7/4
f 4288/7/4 4289/7/4 4290/7/4
f 4290/7/4 4289/7/4 4291/7/4
f 4292/7/4 4293/7/4 4294/7/4
f 4294/7/4 4293/7/4 4295/7/4
f 4296/7/4 4297/7/4 4298/7/4
f 4298/7/4 4297/7/4 4299/7/4
f 4300/7/4 4301/7/4 4302/7/4
f 4302/7/4 4301/7/4 4303/7/4
f 4304/7/4 4305/7/4 4306/7/4
f 4306/7/4 4305/7/4 4307/7/4
f 4308/7/4 4309/7/4 4310/7/4
f 4310/7/4 4309/7/4 4311/7/4
f 4312/7/4 4313/7/4 4314/7/4
f 4314/7/4 4313/7/4 4315/7/4
f 4316/7/4 4317/7/4 4318/7/4
f 4318/7/4 4317/7/4 4319/7/4
f 4320/7/4 4321/7/4 4322/7/4
f 4322/7/4 4321/7/4 4323/7/4
f 4324/7/4 4325/7/4 4326/7/4
f 4326/7/4 4325/7/4 4327/7/4
f 4328/7/4 4329/7/4 4330/7/4
f 4330/7/4 4329/7/4 4331/7/4
f 4332/7/4 4333/7/4 4334/7/4
f 4334/7/4 4333/7/4 4335/7/4
f 4336/7/4 4337/7/4 4338/7/4
f 4338/7/4 4337/7/4 4339/7/4
f 4340/7/4 4341/7/4 4342/7/4
f 4342/7/4 4341/7/4 4343/7/4
f 4344/7/4 4345/7/4 4346/7/4
f 4346/7/4 4345/7/4 4347/7/4
f 4348/7/4 4349/7/4 4350/7/4
f 4350/7/4 4349/7/4 4351/7/4
f 4352/7/4 4353/7/4 4354/7/4
f 4354/7/4 4353/7/4 4355/7/4
f 4356/7/4 4357/7/4 4358/7/4
f 4358/7/4 4357/7/4 4359/7/4
f 4360/7/4 4361/7/4 4362/7/4
f 4362/7/4 4361/7/4 4363/7/4
f 4364/7/4 4365/7/4 4366/7/4
f 4366/7/4 4365/7/4 4367/7/4
f 4368/7/4 4369/7/4 4370/7/4
f 4370/7/4 4369/7/4 4371/7/4
f 4372/7/4 4373/7/4 4374/7/4
f 4374/7/4 4373/7/4 4375/7/4
f 4376/7/4 4377/7/4 4378/7/4
f 4378/7/4 4377/7/4 4379/7/4
f 4380/7/4 4381/7/4 4382/7/4
f 4382/7/4 4381/7/4 4383/7/4
f 4384/7/4 4385/7/4 4386/7/4
f 4386/7/4 4385/7/4 4387/7/4
f 4388/7/4 4389/7/4 4390/7/4
f 4390/7/4 4389/7/4 4391/7/4
f 4392/7/4 4393/7/4 4394/7/4
f 4394/7/4 4393/7/4 4395/7/4
f 4396/7/4 4397/7/4 4398/7/4
f 4398/7/4 4397/7/4 4399/7/4
f 4400/7/4 4401/7/4 4402/7/4
f 4402/7/4 4401/7/4 4403/7/4
f 4404/7/4 4405/7/4 4406/7/4
f 4406/7/4 4405/7/4 4407/7/4
f 4408/7/4 4409/7/4 4410/7/4
f 4410/7/4 4409/7/4 4411/7/4
f 4412/7/4 4413/7/4 4414/7/4
f 4414/7/4 4413/7/4 4415/7/4
f 4416/7/4 4417/7/4 4418/7/4
f 4418/7/4 4417/7/4 4419/7/4
f 4420/7/4 4421/7/4 4422/7/4
f 4422/7/4 4421/7/4 4423/7/4
f 4424/7/4 4425/7/4 4426/7/4
f 4426/7/4 4425/7/4 4427/7/4
f 4428/7/4 4429/7/4 4430/7/4
f 4430/7/4 4429/7/4 4431/7/4
f 4432/7/4 4433/7/4 4434/7/4
f 4434/7/4 4433/7/4 4435/7/4
f 4436/7/4 4437/7/4 4438/7/4
f 4438/7/4 4437/7/4 4439/7/4
f 4440/7/4 4441/7/4 4442/7/4
f 4442/7/4 4441/7/4 4443/7/4
f 4444/7/4 4445/7/4 4446/7/4
f 4446/7/4 4445/7/4 4447/7/4
f 4448/7/4 4449/7/4 4450/7/4
f 4450/7/4 4449/7/4 4451/7/4
f 4452/7/4 4453/7/4 4454/7/4
f 4454/7/4 4453/7/4 4455/7/4
f 4456/7/4 4457/7/4 4458/7/4
f 4458/7/4 4457/7/4 4459/7/4
f 4460/7/4 4461/7/4 4462/7/4
f 4462/7/4 4461/7/4 4463/7/4
f 4464/7/4 4465/7/4 4466/7/4
f 4466/7/4 4465/7/4 4467/7/4
f 4468/7/4 4469/7/4 4470/7/4
f 4470/7/4 4469/7/4 4471/7/4
f 4472/7/4 4473/7/4 4474/7/4
f 4474/7/4 4473/7/4 4475/7/4
f 4476/7/4 4477/7/4 4478/7/4
f 4478/7/4 4477/7/4 4479/7/4
f 4480/7/4 4481/7/4 4482/7/4
f 4482/7/4 4481/7/4 4483/7/4
f 4484/7/4 4485/7/4 4486/7/4
f 4486/7/4 4485/7/4 4487/7/4
f 4488/7/4 4489/7/4 4490/7/4
f 4490/7/4 4489/7/4 4491/7/4
f 4492/7/4 4493/7/4 4494/7/4
f 4494/7/4 4493/7/4 4495/7/4
f 4496/7/4 4497/7/4 4498/7/4
f 4498/7/4 4497/7/4 4499/7/4
f 4500/7/4 4501/7/4 4502/7/4
f 4502/7/4 4501/7/4 4503/7/4
f 4504/7/4 4505/7/4 4506/7/4
f 4506/7/4 4505/7/4 4507/7/4
f 4510/7/5 4509/7/5 4508/7/5
f 4511/7/5 4509/7/5 4510/7/5
f 4512/7/5 4510/7/5 4508/7/5
f 4512/6/5 4511/6/5 4510/6/5
f 4513/7/5 4509/7/5 4511/7/5
f 4513/6/5 4511/6/5 4512/6/5
f 4514/7/5 4512/7/5 4508/7/5
f 4514/7/5 4513/7/5 4512/7/5
f 4515/7/5 4513/7/5 4514/7/5
f 4516/7/5 4514/7/5 4508/7/5
f 4516/1/5 4515/1/5 4514/1/5
f 4517/7/5 4513/7/5 4515/7/5
f 4517/1/5 4515/1/5 4516/1/5
f 4518/7/5 4509/7/5 4513/7/5
f 4518/7/5 4513/7/5 4517/7/5
f 4518/7/5 4517/7/5 4516/7/5
f 4519/7/5 4509/7/5 4518/7/5
f 4520/7/5 4518/7/5 4516/7/5
f 4520/5/5 4519/5/5 4518/5/5
f 4521/7/5 4509/7/5 4519/7/5
f 4521/5/5 4519/5/5 4520/5/5
f 4522/7/5 4520/7/5 4516/7/5
f 4522/7/5 4521/7/5 4520/7/5
f 4523/7/5 4509/7/5 4521/7/5
f 4523/7/5 4521/7/5 4522/7/5
f 4524/7/5 4509/7/5 4523/7/5
f 4525/7/5 4509/7/5 4524/7/5
f 4526/7/5 4524/7/5 4523/7/5
f 4526/4/5 4525/4/5 4524/4/5
f 4527/7/5 4509/7/5 4525/7/5
f 4527/4/5 4525/4/5 4526/4/5
f 4528/7/5 4516/7/5 4508/7/5
f 4528/7/5 4522/7/5 4516/7/5
f 4529/7/5 4522/7/5 4528/7/5
f 4530/6/5 4523/6/5 4522/6/5
f 4530/7/5 4522/7/5 4529/7/5
f 4531/7/5 4527/7/5 4526/7/5
f 4531/6/5 4523/6/5 4530/6/5
f 4531/7/5 4526/7/5 4523/7/5
f 4532/1/5 4529/1/5 4528/1/5
f 4532/7/5 4528/7/5 4508/7/5
f 4533/7/5 4530/7/5 4529/7/5
f 4533/1/5 4529/1/5 4532/1/5
f 4533/7/5 4531/7/5 4530/7/5
f 4534/7/5 4533/7/5 4532/7/5
f 4534/7/5 4531/7/5 4533/7/5
f 4535/7/5 4527/7/5 4531/7/5
f 4535/7/5 4531/7/5 4534/7/5
f 4536/7/5 4534/7/5 4532/7/5
f 4536/3/5 4535/3/5 4534/3/5
f 4537/7/5 4527/7/5 4535/7/5
f 4537/3/5 4535/3/5 4536/3/5
f 4538/7/5 4537/7/5 4536/7/5
f 4538/7/5 4527/7/5 4537/7/5
f 4539/7/5 4527/7/5 4538/7/5
f 4540/7/5 4538/7/5 4536/7/5
f 4540/3/5 4539/3/5 4538/3/5
f 4541/7/5 4527/7/5 4539/7/5
f 4541/3/5 4539/3/5 4540/3/5
f 4542/7/5 4540/7/5 4536/7/5
f 4542/7/5 4541/7/5 4540/7/5
f 4543/7/5 4527/7/5 4541/7/5
f 4543/7/5 4541/7/5 4542/7/5
f 4544/7/5 4542/7/5 4536/7/5
f 4544/4/5 4543/4/5 4542/4/5
f 4545/7/5 4527/7/5 4543/7/5
f 4545/4/5 4543/4/5 4544/4/5
f 4546/7/5 4532/7/5 4508/7/5
f 4546/7/5 4536/7/5 4532/7/5
f 4546/7/5 4545/7/5 4544/7/5
f 4546/7/5 4544/7/5 4536/7/5
f 4547/7/5 4545/7/5 4546/7/5
f 4548/7/5 4546/7/5 4508/7/5
f 4548/3/5 4547/3/5 4546/3/5
f 4549/7/5 4545/7/5 4547/7/5
f 4549/3/5 4547/3/5 4548/3/5
f 4550/7/5 4527/7/5 4545/7/5
f 4550/7/5 4545/7/5 4549/7/5
f 4550/7/5 4549/7/5 4548/7/5
f 4551/7/5 4527/7/5 4550/7/5
f 4552/7/5 4550/7/5 4548/7/5
f 4552/1/5 4551/1/5 4550/1/5
f 4553/7/5 4527/7/5 4551/7/5
f 4553/1/5 4551/1/5 4552/1/5
f 4554/7/5 4548/7/5 4508/7/5
f 4554/7/5 4552/7/5 4548/7/5
f 4554/7/5 4553/7/5 4552/7/5
f 4555/7/5 4553/7/5 4554/7/5
f 4556/7/5 4553/7/5 4555/7/5
f 4557/7/5 4553/7/5 4556/7/5
f 4558/7/5 4554/7/5 4508/7/5
f 4558/2/5 4555/2/5 4554/2/5
f 4559/7/5 4556/7/5 4555/7/5
f 4559/2/5 4555/2/5 4558/2/5
f 4560/5/5 4557/5/5 4556/5/5
f 4560/7/5 4556/7/5 4559/7/5
f 4561/7/5 4553/7/5 4557/7/5
f 4561/5/5 4557/5/5 4560/5/5
f 4562/7/5 4560/7/5 4559/7/5
f 4562/7/5 4553/7/5 4561/7/5
f 4562/7/5 4561/7/5 4560/7/5
f 4562/7/5 4559/7/5 4558/7/5
f 4563/7/5 4553/7/5 4562/7/5
f 4564/7/5 4558/7/5 4508/7/5
f 4564/7/5 4562/7/5 4558/7/5
f 4565/7/5 4562/7/5 4564/7/5
f 4566/6/5 4563/6/5 4562/6/5
f 4566/7/5 4562/7/5 4565/7/5
f 4567/7/5 4553/7/5 4563/7/5
f 4567/6/5 4563/6/5 4566/6/5
f 4568/2/5 4565/2/5 4564/2/5
f 4568/7/5 4564/7/5 4508/7/5
f 4569/7/5 4566/7/5 4565/7/5
f 4569/2/5 4565/2/5 4568/2/5
f 4569/7/5 4567/7/5 4566/7/5
f 4570/7/5 4553/7/5 4567/7/5
f 4570/7/5 4567/7/5 4569/7/5
f 4571/7/5 4553/7/5 4570/7/5
f 4572/7/5 4569/7/5 4568/7/5
f 4572/7/5 4570/7/5 4569/7/5
f 4573/7/5 4570/7/5 4572/7/5
f 4574/7/5 4570/7/5 4573/7/5
f 4575/7/5 4570/7/5 4574/7/5
f 4576/5/5 4571/5/5 4570/5/5
f 4576/7/5 4570/7/5 4575/7/5
f 4577/7/5 4553/7/5 4571/7/5
f 4577/5/5 4571/5/5 4576/5/5
f 4578/7/5 4572/7/5 4568/7/5
f 4578/5/5 4573/5/5 4572/5/5
f 4579/7/5 4574/7/5 4573/7/5
f 4579/5/5 4573/5/5 4578/5/5
f 4580/3/5 4575/3/5 4574/3/5
f 4580/7/5 4574/7/5 4579/7/5
f 4581/7/5 4576/7/5 4575/7/5
f 4581/3/5 4575/3/5 4580/3/5
f 4581/7/5 4577/7/5 4576/7/5
f 4582/7/5 4568/7/5 4508/7/5
f 4582/7/5 4580/7/5 4579/7/5
f 4582/7/5 4581/7/5 4580/7/5
f 4582/7/5 4578/7/5 4568/7/5
f 4582/7/5 4579/7/5 4578/7/5
f 4583/7/5 4581/7/5 4582/7/5
f 4584/7/5 4527/7/5 4553/7/5
f 4584/7/5 4581/7/5 4583/7/5
f 4584/7/5 4577/7/5 4581/7/5
f 4584/7/5 4553/7/5 4577/7/5
f 4585/7/5 4527/7/5 4584/7/5
f 4586/2/5 4583/2/5 4582/2/5
f 4586/7/5 4582/7/5 4508/7/5
f 4587/7/5 4584/7/5 4583/7/5
f 4587/2/5 4583/2/5 4586/2/5
f 4588/7/5 4584/7/5 4587/7/5
f 4589/7/5 4584/7/5 4588/7/5
f 4590/1/5 4585/1/5 4584/1/5
f 4591/7/5 4527/7/5 4585/7/5
f 4591/1/5 4585/1/5 4590/1/5
f 4592/7/5 4587/7/5 4586/7/5
f 4592/7/5 4588/7/5 4587/7/5
f 4592/4/5 4589/4/5 4588/4/5
f 4593/7/5 4584/7/5 4589/7/5
f 4593/4/5 4589/4/5 4592/4/5
f 4594/1/5 4590/1/5 4584/1/5
f 4594/7/5 4584/7/5 4593/7/5
f 4595/7/5 4591/7/5 4590/7/5
f 4595/1/5 4590/1/5 4594/1/5
f 4596/7/5 4509/7/5 4527/7/5
f 4596/7/5 4591/7/5 4595/7/5
f 4596/7/5 4595/7/5 4594/7/5
f 4596/7/5 4594/7/5 4593/7/5
f 4596/7/5 4527/7/5 4591/7/5
f 4596/7/5 4593/7/5 4592/7/5
f 4597/7/5 4509/7/5 4596/7/5
f 4598/7/5 4592/7/5 4586/7/5
f 4598/7/5 4596/7/5 4592/7/5
f 4599/7/5 4596/7/5 4598/7/5
f 4600/5/5 4597/5/5 4596/5/5
f 4600/7/5 4596/7/5 4599/7/5
f 4601/7/5 4509/7/5 4597/7/5
f 4601/5/5 4597/5/5 4600/5/5
f 4602/7/5 4598/7/5 4586/7/5
f 4603/7/5 4598/7/5 4602/7/5
f 4604/1/5 4599/1/5 4598/1/5
f 4604/7/5 4598/7/5 4603/7/5
f 4605/7/5 4600/7/5 4599/7/5
f 4605/1/5 4599/1/5 4604/1/5
f 4605/7/5 4601/7/5 4600/7/5
f 4606/7/5 4601/7/5 4605/7/5
f 4607/7/5 4601/7/5 4606/7/5
f 4608/1/5 4603/1/5 4602/1/5
f 4608/7/5 4602/7/5 4586/7/5
f 4609/7/5 4604/7/5 4603/7/5
f 4609/1/5 4603/1/5 4608/1/5
f 4609/7/5 4605/7/5 4604/7/5
f 4609/7/5 4606/7/5 4605/7/5
f 4610/1/5 4607/1/5 4606/1/5
f 4610/7/5 4606/7/5 4609/7/5
f 4611/7/5 4601/7/5 4607/7/5
f 4611/1/5 4607/1/5 4610/1/5
f 4612/7/5 4586/7/5 4508/7/5
f 4612/7/5 4608/7/5 4586/7/5
f 4612/7/5 4611/7/5 4610/7/5
f 4612/7/5 4609/7/5 4608/7/5
f 4612/7/5 4610/7/5 4609/7/5
f 4613/7/5 4611/7/5 4612/7/5
f 4614/7/5 4611/7/5 4613/7/5
f 4615/7/5 4612/7/5 4508/7/5
f 4615/3/5 4613/3/5 4612/3/5
f 4616/5/5 4614/5/5 4613/5/5
f 4616/3/5 4613/3/5 4615/3/5
f 4617/7/5 4611/7/5 4614/7/5
f 4617/5/5 4614/5/5 4616/5/5
f 4618/7/5 4616/7/5 4615/7/5
f 4618/7/5 4611/7/5 4617/7/5
f 4618/7/5 4617/7/5 4616/7/5
f 4619/7/5 4611/7/5 4618/7/5
f 4620/7/5 4618/7/5 4615/7/5
f 4620/1/5 4619/1/5 4618/1/5
f 4621/7/5 4611/7/5 4619/7/5
f 4621/1/5 4619/1/5 4620/1/5
f 4622/7/5 4621/7/5 4620/7/5
f 4622/7/5 4611/7/5 4621/7/5
f 4623/7/5 4611/7/5 4622/7/5
f 4624/7/5 4622/7/5 4620/7/5
f 4624/1/5 4623/1/5 4622/1/5
f 4625/7/5 4611/7/5 4623/7/5
f 4625/1/5 4623/1/5 4624/1/5
f 4626/7/5 4601/7/5 4611/7/5
f 4626/7/5 4611/7/5 4625/7/5
f 4627/7/5 4601/7/5 4626/7/5
f 4628/7/5 4625/7/5 4624/7/5
f 4628/7/5 4624/7/5 4620/7/5
f 4628/7/5 4626/7/5 4625/7/5
f 4629/7/5 4626/7/5 4628/7/5
f 4630/4/5 4627/4/5 4626/4/5
f 4630/7/5 4626/7/5 4629/7/5
f 4631/7/5 4601/7/5 4627/7/5
f 4631/4/5 4627/4/5 4630/4/5
f 4632/6/5 4629/6/5 4628/6/5
f 4632/7/5 4628/7/5 4620/7/5
f 4633/7/5 4630/7/5 4629/7/5
f 4633/6/5 4629/6/5 4632/6/5
f 4633/7/5 4631/7/5 4630/7/5
f 4634/7/5 4633/7/5 4632/7/5
f 4634/7/5 4631/7/5 4633/7/5
f 4635/7/5 4631/7/5 4634/7/5
f 4636/7/5 4634/7/5 4632/7/5
f 4636/5/5 4635/5/5 4634/5/5
f 4637/7/5 4631/7/5 4635/7/5
f 4637/5/5 4635/5/5 4636/5/5
f 4638/7/5 4632/7/5 4620/7/5
f 4638/7/5 4620/7/5 4615/7/5
f 4638/7/5 4637/7/5 4636/7/5
f 4638/7/5 4636/7/5 4632/7/5
f 4639/7/5 4637/7/5 4638/7/5
f 4640/7/5 4638/7/5 4615/7/5
f 4640/5/5 4639/5/5 4638/5/5
f 4641/7/5 4637/7/5 4639/7/5
f 4641/5/5 4639/5/5 4640/5/5
f 4642/7/5 4615/7/5 4508/7/5
f 4642/7/5 4640/7/5 4615/7/5
f 4642/7/5 4641/7/5 4640/7/5
f 4643/7/5 4641/7/5 4642/7/5
f 4644/7/5 4642/7/5 4508/7/5
f 4644/1/5 4643/1/5 4642/1/5
f 4645/7/5 4641/7/5 4643/7/5
f 4645/1/5 4643/1/5 4644/1/5
f 4646/7/5 4645/7/5 4644/7/5
f 4646/7/5 4641/7/5 4645/7/5
f 4647/7/5 4641/7/5 4646/7/5
f 4648/7/5 4646/7/5 4644/7/5
f 4648/1/5 4647/1/5 4646/1/5
f 4649/7/5 4641/7/5 4647/7/5
f 4649/1/5 4647/1/5 4648/1/5
f 4650/7/5 4648/7/5 4644/7/5
f 4650/7/5 4649/7/5 4648/7/5
f 4651/7/5 4649/7/5 4650/7/5
f 4652/7/5 4650/7/5 4644/7/5
f 4652/2/5 4651/2/5 4650/2/5
f 4653/7/5 4649/7/5 4651/7/5
f 4653/2/5 4651/2/5 4652/2/5
f 4654/7/5 4637/7/5 4641/7/5
f 4654/7/5 4649/7/5 4653/7/5
f 4654/7/5 4641/7/5 4649/7/5
f 4655/7/5 4637/7/5 4654/7/5
f 4656/7/5 4653/7/5 4652/7/5
f 4656/7/5 4654/7/5 4653/7/5
f 4656/4/5 4655/4/5 4654/4/5
f 4657/7/5 4637/7/5 4655/7/5
f 4657/4/5 4655/4/5 4656/4/5
f 4658/7/5 4656/7/5 4652/7/5
f 4658/7/5 4644/7/5 4508/7/5
f 4658/7/5 4657/7/5 4656/7/5
f 4658/7/5 4652/7/5 4644/7/5
f 4659/7/5 4657/7/5 4658/7/5
f 4660/7/5 4631/7/5 4637/7/5
f 4660/7/5 4657/7/5 4659/7/5
f 4660/7/5 4637/7/5 4657/7/5
f 4661/7/5 4631/7/5 4660/7/5
f 4662/2/5 4659/2/5 4658/2/5
f 4662/7/5 4658/7/5 4508/7/5
f 4663/7/5 4660/7/5 4659/7/5
f 4663/2/5 4659/2/5 4662/2/5
f 4664/7/5 4660/7/5 4663/7/5
f 4665/7/5 4660/7/5 4664/7/5
f 4666/2/5 4661/2/5 4660/2/5
f 4666/7/5 4660/7/5 4665/7/5
f 4667/7/5 4631/7/5 4661/7/5
f 4667/2/5 4661/2/5 4666/2/5
f 4668/2/5 4665/2/5 4664/2/5
f 4668/7/5 4663/7/5 4662/7/5
f 4668/7/5 4664/7/5 4663/7/5
f 4669/7/5 4666/7/5 4665/7/5
f 4669/2/5 4665/2/5 4668/2/5
f 4669/7/5 4667/7/5 4666/7/5
f 4670/7/5 4668/7/5 4662/7/5
f 4670/7/5 4669/7/5 4668/7/5
f 4671/7/5 4669/7/5 4670/7/5
f 4672/7/5 4667/7/5 4669/7/5
f 4672/7/5 4669/7/5 4671/7/5
f 4673/7/5 4667/7/5 4672/7/5
f 4674/1/5 4671/1/5 4670/1/5
f 4674/7/5 4670/7/5 4662/7/5
f 4675/7/5 4672/7/5 4671/7/5
f 4675/1/5 4671/1/5 4674/1/5
f 4676/4/5 4673/4/5 4672/4/5
f 4676/7/5 4672/7/5 4675/7/5
f 4677/7/5 4667/7/5 4673/7/5
f 4677/4/5 4673/4/5 4676/4/5
f 4678/7/5 4631/7/5 4667/7/5
f 4678/7/5 4667/7/5 4677/7/5
f 4678/7/5 4601/7/5 4631/7/5
f 4679/7/5 4601/7/5 4678/7/5
f 4680/7/5 4676/7/5 4675/7/5
f 4680/7/5 4677/7/5 4676/7/5
f 4680/4/5 4679/4/5 4678/4/5
f 4680/7/5 4678/7/5 4677/7/5
f 4680/7/5 4675/7/5 4674/7/5
f 4681/7/5 4601/7/5 4679/7/5
f 4681/4/5 4679/4/5 4680/4/5
f 4682/7/5 4680/7/5 4674/7/5
f 4682/7/5 4674/7/5 4662/7/5
f 4682/7/5 4681/7/5 4680/7/5
f 4683/7/5 4681/7/5 4682/7/5
f 4684/7/5 4681/7/5 4683/7/5
f 4685/7/5 4681/7/5 4684/7/5
f 4686/7/5 4681/7/5 4685/7/5
f 4687/7/5 4681/7/5 4686/7/5
f 4688/7/5 4682/7/5 4662/7/5
f 4688/2/5 4683/2/5 4682/2/5
f 4689/7/5 4684/7/5 4683/7/5
f 4689/2/5 4683/2/5 4688/2/5
f 4690/4/5 4685/4/5 4684/4/5
f 4690/7/5 4684/7/5 4689/7/5
f 4691/7/5 4686/7/5 4685/7/5
f 4691/4/5 4685/4/5 4690/4/5
f 4692/2/5 4687/2/5 4686/2/5
f 4692/7/5 4686/7/5 4691/7/5
f 4693/7/5 4681/7/5 4687/7/5
f 4693/2/5 4687/2/5 4692/2/5
f 4694/7/5 4662/7/5 4508/7/5
f 4694/7/5 4692/7/5 4691/7/5
f 4694/7/5 4693/7/5 4692/7/5
f 4694/7/5 4690/7/5 4689/7/5
f 4694/7/5 4689/7/5 4688/7/5
f 4694/7/5 4688/7/5 4662/7/5
f 4694/7/5 4691/7/5 4690/7/5
f 4695/7/5 4693/7/5 4694/7/5
f 4696/7/5 4694/7/5 4508/7/5
f 4696/2/5 4695/2/5 4694/2/5
f 4697/7/5 4693/7/5 4695/7/5
f 4697/2/5 4695/2/5 4696/2/5
f 4698/7/5 4681/7/5 4693/7/5
f 4698/7/5 4693/7/5 4697/7/5
f 4698/7/5 4697/7/5 4696/7/5
f 4699/7/5 4681/7/5 4698/7/5
f 4700/7/5 4698/7/5 4696/7/5
f 4701/7/5 4698/7/5 4700/7/5
f 4702/1/5 4699/1/5 4698/1/5
f 4702/7/5 4698/7/5 4701/7/5
f 4703/7/5 4681/7/5 4699/7/5
f 4703/1/5 4699/1/5 4702/1/5
f 4704/1/5 4701/1/5 4700/1/5
f 4704/7/5 4700/7/5 4696/7/5
f 4705/7/5 4702/7/5 4701/7/5
f 4705/1/5 4701/1/5 4704/1/5
f 4705/7/5 4703/7/5 4702/7/5
f 4706/7/5 4681/7/5 4703/7/5
f 4706/7/5 4703/7/5 4705/7/5
f 4707/7/5 4681/7/5 4706/7/5
f 4708/7/5 4704/7/5 4696/7/5
f 4708/7/5 4705/7/5 4704/7/5
f 4708/7/5 4706/7/5 4705/7/5
f 4709/7/5 4706/7/5 4708/7/5
f 4710/2/5 4707/2/5 4706/2/5
f 4710/7/5 4706/7/5 4709/7/5
f 4711/7/5 4681/7/5 4707/7/5
f 4711/2/5 4707/2/5 4710/2/5
f 4712/7/5 4708/7/5 4696/7/5
f 4713/7/5 4708/7/5 4712/7/5
f 4714/2/5 4709/2/5 4708/2/5
f 4714/7/5 4708/7/5 4713/7/5
f 4715/7/5 4710/7/5 4709/7/5
f 4715/2/5 4709/2/5 4714/2/5
f 4715/7/5 4711/7/5 4710/7/5
f 4716/3/5 4713/3/5 4712/3/5
f 4716/7/5 4712/7/5 4696/7/5
f 4717/7/5 4714/7/5 4713/7/5
f 4717/3/5 4713/3/5 4716/3/5
f 4717/7/5 4715/7/5 4714/7/5
f 4718/7/5 4711/7/5 4715/7/5
f 4718/7/5 4715/7/5 4717/7/5
f 4718/7/5 4717/7/5 4716/7/5
f 4719/7/5 4711/7/5 4718/7/5
f 4720/7/5 4711/7/5 4719/7/5
f 4721/7/5 4711/7/5 4720/7/5
f 4722/7/5 4711/7/5 4721/7/5
f 4723/7/5 4711/7/5 4722/7/5
f 4724/7/5 4711/7/5 4723/7/5
f 4725/7/5 4711/7/5 4724/7/5
f 4726/7/5 4718/7/5 4716/7/5
f 4726/4/5 4719/4/5 4718/4/5
f 4727/7/5 4720/7/5 4719/7/5
f 4727/4/5 4719/4/5 4726/4/5
f 4728/2/5 4721/2/5 4720/2/5
f 4728/7/5 4720/7/5 4727/7/5
f 4729/7/5 4722/7/5 4721/7/5
f 4729/2/5 4721/2/5 4728/2/5
f 4730/2/5 4723/2/5 4722/2/5
f 4730/7/5 4722/7/5 4729/7/5
f 4731/7/5 4724/7/5 4723/7/5
f 4731/2/5 4723/2/5 4730/2/5
f 4732/1/5 4725/1/5 4724/1/5
f 4732/7/5 4724/7/5 4731/7/5
f 4733/7/5 4711/7/5 4725/7/5
f 4733/1/5 4725/1/5 4732/1/5
f 4734/7/5 4732/7/5 4731/7/5
f 4734/7/5 4731/7/5 4730/7/5
f 4734/7/5 4733/7/5 4732/7/5
f 4734/7/5 4730/7/5 4729/7/5
f 4734/7/5 4729/7/5 4728/7/5
f 4734/7/5 4728/7/5 4727/7/5
f 4734/7/5 4727/7/5 4726/7/5
f 4735/7/5 4733/7/5 4734/7/5
f 4736/7/5 4734/7/5 4726/7/5
f 4736/6/5 4735/6/5 4734/6/5
f 4737/7/5 4733/7/5 4735/7/5
f 4737/6/5 4735/6/5 4736/6/5
f 4738/7/5 4736/7/5 4726/7/5
f 4738/7/5 4737/7/5 4736/7/5
f 4739/7/5 4737/7/5 4738/7/5
f 4740/7/5 4696/7/5 4508/7/5
f 4740/7/5 4716/7/5 4696/7/5
f 4740/7/5 4726/7/5 4716/7/5
f 4740/7/5 4738/7/5 4726/7/5
f 4741/7/5 4738/7/5 4740/7/5
f 4742/4/5 4739/4/5 4738/4/5
f 4742/7/5 4738/7/5 4741/7/5
f 4743/7/5 4737/7/5 4739/7/5
f 4743/4/5 4739/4/5 4742/4/5
f 4744/7/5 4711/7/5 4733/7/5
f 4744/7/5 4737/7/5 4743/7/5
f 4744/7/5 4733/7/5 4737/7/5
f 4745/7/5 4711/7/5 4744/7/5
f 4746/4/5 4741/4/5 4740/4/5
f 4746/7/5 4740/7/5 4508/7/5
f 4747/7/5 4742/7/5 4741/7/5
f 4747/4/5 4741/4/5 4746/4/5
f 4747/7/5 4743/7/5 4742/7/5
f 4747/7/5 4744/7/5 4743/7/5
f 4748/2/5 4745/2/5 4744/2/5
f 4748/7/5 4744/7/5 4747/7/5
f 4749/7/5 4711/7/5 4745/7/5
f 4749/2/5 4745/2/5 4748/2/5
f 4750/7/5 4748/7/5 4747/7/5
f 4750/7/5 4711/7/5 4749/7/5
f 4750/7/5 4749/7/5 4748/7/5
f 4750/7/5 4747/7/5 4746/7/5
f 4750/7/5 4681/7/5 4711/7/5
f 4751/7/5 4681/7/5 4750/7/5
f 4752/7/5 4750/7/5 4746/7/5
f 4752/6/5 4751/6/5 4750/6/5
f 4753/7/5 4681/7/5 4751/7/5
f 4753/6/5 4751/6/5 4752/6/5
f 4754/7/5 4752/7/5 4746/7/5
f 4754/7/5 4753/7/5 4752/7/5
f 4755/7/5 4753/7/5 4754/7/5
f 4756/7/5 4754/7/5 4746/7/5
f 4757/7/5 4754/7/5 4756/7/5
f 4758/4/5 4755/4/5 4754/4/5
f 4758/7/5 4754/7/5 4757/7/5
f 4759/7/5 4753/7/5 4755/7/5
f 4759/4/5 4755/4/5 4758/4/5
f 4760/1/5 4757/1/5 4756/1/5
f 4760/7/5 4756/7/5 4746/7/5
f 4761/7/5 4758/7/5 4757/7/5
f 4761/1/5 4757/1/5 4760/1/5
f 4761/7/5 4759/7/5 4758/7/5
f 4762/7/5 4753/7/5 4759/7/5
f 4762/7/5 4759/7/5 4761/7/5
f 4763/7/5 4753/7/5 4762/7/5
f 4764/7/5 4761/7/5 4760/7/5
f 4764/7/5 4762/7/5 4761/7/5
f 4764/1/5 4763/1/5 4762/1/5
f 4765/7/5 4753/7/5 4763/7/5
f 4765/1/5 4763/1/5 4764/1/5
f 4766/7/5 4760/7/5 4746/7/5
f 4766/7/5 4764/7/5 4760/7/5
f 4766/7/5 4765/7/5 4764/7/5
f 4767/7/5 4765/7/5 4766/7/5
f 4768/7/5 4765/7/5 4767/7/5
f 4769/7/5 4765/7/5 4768/7/5
f 4770/7/5 4746/7/5 4508/7/5
f 4770/7/5 4766/7/5 4746/7/5
f 4771/7/5 4766/7/5 4770/7/5
f 4772/1/5 4767/1/5 4766/1/5
f 4772/7/5 4766/7/5 4771/7/5
f 4773/7/5 4768/7/5 4767/7/5
f 4773/1/5 4767/1/5 4772/1/5
f 4774/5/5 4769/5/5 4768/5/5
f 4774/7/5 4768/7/5 4773/7/5
f 4775/7/5 4765/7/5 4769/7/5
f 4775/5/5 4769/5/5 4774/5/5
f 4776/1/5 4771/1/5 4770/1/5
f 4776/7/5 4770/7/5 4508/7/5
f 4777/7/5 4774/7/5 4773/7/5
f 4777/1/5 4771/1/5 4776/1/5
f 4777/7/5 4773/7/5 4772/7/5
f 4777/7/5 4775/7/5 4774/7/5
f 4777/7/5 4772/7/5 4771/7/5
f 4778/7/5 4775/7/5 4777/7/5
f 4779/7/5 4775/7/5 4778/7/5
f 4780/7/5 4765/7/5 4775/7/5
f 4780/7/5 4775/7/5 4779/7/5
f 4781/7/5 4765/7/5 4780/7/5
f 4782/6/5 4779/6/5 4778/6/5
f 4782/7/5 4777/7/5 4776/7/5
f 4782/7/5 4778/7/5 4777/7/5
f 4783/7/5 4780/7/5 4779/7/5
f 4783/6/5 4779/6/5 4782/6/5
f 4784/4/5 4781/4/5 4780/4/5
f 4784/7/5 4780/7/5 4783/7/5
f 4785/7/5 4765/7/5 4781/7/5
f 4785/4/5 4781/4/5 4784/4/5
f 4786/7/5 4681/7/5 4753/7/5
f 4786/7/5 4765/7/5 4785/7/5
f 4786/7/5 4785/7/5 4784/7/5
f 4786/7/5 4753/7/5 4765/7/5
f 4786/7/5 4783/7/5 4782/7/5
f 4786/7/5 4784/7/5 4783/7/5
f 4787/7/5 4601/7/5 4681/7/5
f 4787/7/5 4681/7/5 4786/7/5
f 4788/7/5 4786/7/5 4782/7/5
f 4789/7/5 4786/7/5 4788/7/5
f 4790/1/5 4787/1/5 4786/1/5
f 4790/7/5 4786/7/5 4789/7/5
f 4791/7/5 4601/7/5 4787/7/5
f 4791/1/5 4787/1/5 4790/1/5
f 4792/1/5 4789/1/5 4788/1/5
f 4792/7/5 4788/7/5 4782/7/5
f 4793/7/5 4790/7/5 4789/7/5
f 4793/1/5 4789/1/5 4792/1/5
f 4793/7/5 4791/7/5 4790/7/5
f 4794/7/5 4792/7/5 4782/7/5
f 4794/7/5 4793/7/5 4792/7/5
f 4795/7/5 4793/7/5 4794/7/5
f 4796/7/5 4794/7/5 4782/7/5
f 4796/4/5 4795/4/5 4794/4/5
f 4797/7/5 4793/7/5 4795/7/5
f 4797/4/5 4795/4/5 4796/4/5
f 4798/7/5 4782/7/5 4776/7/5
f 4798/7/5 4796/7/5 4782/7/5
f 4798/7/5 4797/7/5 4796/7/5
f 4799/7/5 4797/7/5 4798/7/5
f 4800/7/5 4798/7/5 4776/7/5
f 4800/3/5 4799/3/5 4798/3/5
f 4801/7/5 4797/7/5 4799/7/5
f 4801/3/5 4799/3/5 4800/3/5
f 4802/7/5 4801/7/5 4800/7/5
f 4802/7/5 4797/7/5 4801/7/5
f 4803/7/5 4797/7/5 4802/7/5
f 4804/7/5 4800/7/5 4776/7/5
f 4804/7/5 4802/7/5 4800/7/5
f 4805/7/5 4802/7/5 4804/7/5
f 4806/4/5 4803/4/5 4802/4/5
f 4806/7/5 4802/7/5 4805/7/5
f 4807/7/5 4797/7/5 4803/7/5
f 4807/4/5 4803/4/5 4806/4/5
f 4808/1/5 4805/1/5 4804/1/5
f 4808/7/5 4804/7/5 4776/7/5
f 4809/7/5 4806/7/5 4805/7/5
f 4809/1/5 4805/1/5 4808/1/5
f 4809/7/5 4807/7/5 4806/7/5
f 4810/7/5 4791/7/5 4793/7/5
f 4810/7/5 4807/7/5 4809/7/5
f 4810/7/5 4809/7/5 4808/7/5
f 4810/7/5 4797/7/5 4807/7/5
f 4810/7/5 4793/7/5 4797/7/5
f 4811/7/5 4791/7/5 4810/7/5
f 4812/7/5 4810/7/5 4808/7/5
f 4812/1/5 4811/1/5 4810/1/5
f 4813/7/5 4791/7/5 4811/7/5
f 4813/1/5 4811/1/5 4812/1/5
f 4814/7/5 4812/7/5 4808/7/5
f 4814/7/5 4813/7/5 4812/7/5
f 4815/7/5 4813/7/5 4814/7/5
f 4816/7/5 4814/7/5 4808/7/5
f 4816/1/5 4815/1/5 4814/1/5
f 4817/7/5 4813/7/5 4815/7/5
f 4817/1/5 4815/1/5 4816/1/5
f 4818/7/5 4791/7/5 4813/7/5
f 4818/7/5 4813/7/5 4817/7/5
f 4819/7/5 4791/7/5 4818/7/5
f 4820/7/5 4808/7/5 4776/7/5
f 4820/7/5 4817/7/5 4816/7/5
f 4820/7/5 4816/7/5 4808/7/5
f 4820/7/5 4818/7/5 4817/7/5
f 4821/7/5 4818/7/5 4820/7/5
f 4822/7/5 4818/7/5 4821/7/5
f 4823/7/5 4818/7/5 4822/7/5
f 4824/4/5 4819/4/5 4818/4/5
f 4824/7/5 4818/7/5 4823/7/5
f 4825/7/5 4791/7/5 4819/7/5
f 4825/4/5 4819/4/5 4824/4/5
f 4826/7/5 4820/7/5 4776/7/5
f 4826/3/5 4821/3/5 4820/3/5
f 4827/7/5 4822/7/5 4821/7/5
f 4827/3/5 4821/3/5 4826/3/5
f 4828/1/5 4823/1/5 4822/1/5
f 4828/7/5 4822/7/5 4827/7/5
f 4829/7/5 4824/7/5 4823/7/5
f 4829/1/5 4823/1/5 4828/1/5
f 4829/7/5 4825/7/5 4824/7/5
f 4830/7/5 4828/7/5 4827/7/5
f 4830/7/5 4825/7/5 4829/7/5
f 4830/7/5 4829/7/5 4828/7/5
f 4830/7/5 4827/7/5 4826/7/5
f 4831/7/5 4825/7/5 4830/7/5
f 4832/7/5 4826/7/5 4776/7/5
f 4832/7/5 4776/7/5 4508/7/5
f 4832/7/5 4830/7/5 4826/7/5
f 4833/7/5 4830/7/5 4832/7/5
f 4834/3/5 4831/3/5 4830/3/5
f 4834/7/5 4830/7/5 4833/7/5
f 4835/7/5 4825/7/5 4831/7/5
f 4835/3/5 4831/3/5 4834/3/5
f 4836/7/5 4825/7/5 4835/7/5
f 4837/7/5 4825/7/5 4836/7/5
f 4838/5/5 4833/5/5 4832/5/5
f 4838/7/5 4832/7/5 4508/7/5
f 4839/7/5 4834/7/5 4833/7/5
f 4839/5/5 4833/5/5 4838/5/5
f 4839/7/5 4835/7/5 4834/7/5
f 4839/7/5 4836/7/5 4835/7/5
f 4840/7/5 4825/7/5 4837/7/5
f 4840/7/5 4601/7/5 4791/7/5
f 4840/7/5 4791/7/5 4825/7/5
f 4841/7/5 4509/7/5 4601/7/5
f 4841/7/5 4601/7/5 4840/7/5
f 4842/7/5 4838/7/5 4508/7/5
f 4842/7/5 4839/7/5 4838/7/5
f 4843/7/5 4839/7/5 4842/7/5
f 4844/7/5 4836/7/5 4839/7/5
f 4844/7/5 4839/7/5 4843/7/5
f 4845/7/5 4836/7/5 4844/7/5
f 4846/1/5 4837/1/5 4836/1/5
f 4846/7/5 4836/7/5 4845/7/5
f 4847/7/5 4840/7/5 4837/7/5
f 4847/1/5 4837/1/5 4846/1/5
f 4848/1/5 4843/1/5 4842/1/5
f 4848/7/5 4842/7/5 4508/7/5
f 4849/7/5 4844/7/5 4843/7/5
f 4849/1/5 4843/1/5 4848/1/5
f 4850/7/5 4844/7/5 4849/7/5
f 4851/7/5 4844/7/5 4850/7/5
f 4852/7/5 4846/7/5 4845/7/5
f 4852/7/5 4840/7/5 4847/7/5
f 4852/6/5 4841/6/5 4840/6/5
f 4852/7/5 4847/7/5 4846/7/5
f 4853/7/5 4509/7/5 4841/7/5
f 4853/6/5 4841/6/5 4852/6/5
f 4854/1/5 4851/1/5 4850/1/5
f 4854/7/5 4850/7/5 4849/7/5
f 4854/7/5 4849/7/5 4848/7/5
f 4855/7/5 4844/7/5 4851/7/5
f 4855/1/5 4851/1/5 4854/1/5
f 4856/5/5 4845/5/5 4844/5/5
f 4856/7/5 4844/7/5 4855/7/5
f 4857/7/5 4852/7/5 4845/7/5
f 4857/5/5 4845/5/5 4856/5/5
f 4857/7/5 4853/7/5 4852/7/5
f 4858/7/5 4853/7/5 4857/7/5
f 4859/7/5 4853/7/5 4858/7/5
f 4860/7/5 4856/7/5 4855/7/5
f 4860/7/5 4855/7/5 4854/7/5
f 4860/7/5 4857/7/5 4856/7/5
f 4860/7/5 4858/7/5 4857/7/5
f 4861/7/5 4858/7/5 4860/7/5
f 4862/5/5 4859/5/5 4858/5/5
f 4862/7/5 4858/7/5 4861/7/5
f 4863/7/5 4853/7/5 4859/7/5
f 4863/5/5 4859/5/5 4862/5/5
f 4864/7/5 4854/7/5 4848/7/5
f 4864/7/5 4860/7/5 4854/7/5
f 4865/7/5 4860/7/5 4864/7/5
f 4866/7/5 4860/7/5 4865/7/5
f 4867/7/5 4860/7/5 4866/7/5
f 4868/4/5 4861/4/5 4860/4/5
f 4868/7/5 4860/7/5 4867/7/5
f 4869/7/5 4862/7/5 4861/7/5
f 4869/4/5 4861/4/5 4868/4/5
f 4869/7/5 4863/7/5 4862/7/5
f 4870/7/5 4864/7/5 4848/7/5
f 4871/7/5 4864/7/5 4870/7/5
f 4872/4/5 4865/4/5 4864/4/5
f 4872/7/5 4864/7/5 4871/7/5
f 4873/7/5 4866/7/5 4865/7/5
f 4873/4/5 4865/4/5 4872/4/5
f 4874/5/5 4867/5/5 4866/5/5
f 4874/7/5 4866/7/5 4873/7/5
f 4875/7/5 4868/7/5 4867/7/5
f 4875/5/5 4867/5/5 4874/5/5
f 4875/7/5 4869/7/5 4868/7/5
f 4876/4/5 4871/4/5 4870/4/5
f 4876/7/5 4870/7/5 4848/7/5
f 4877/7/5 4874/7/5 4873/7/5
f 4877/4/5 4871/4/5 4876/4/5
f 4877/7/5 4873/7/5 4872/7/5
f 4877/7/5 4875/7/5 4874/7/5
f 4877/7/5 4872/7/5 4871/7/5
f 4878/7/5 4877/7/5 4876/7/5
f 4878/7/5 4875/7/5 4877/7/5
f 4879/7/5 4875/7/5 4878/7/5
f 4880/7/5 4878/7/5 4876/7/5
f 4880/3/5 4879/3/5 4878/3/5
f 4881/7/5 4875/7/5 4879/7/5
f 4881/3/5 4879/3/5 4880/3/5
f 4882/7/5 4876/7/5 4848/7/5
f 4882/7/5 4848/7/5 4508/7/5
f 4882/7/5 4881/7/5 4880/7/5
f 4882/7/5 4880/7/5 4876/7/5
f 4883/7/5 4881/7/5 4882/7/5
f 4884/7/5 4875/7/5 4881/7/5
f 4884/7/5 4881/7/5 4883/7/5
f 4884/7/5 4863/7/5 4869/7/5
f 4884/7/5 4869/7/5 4875/7/5
f 4885/7/5 4863/7/5 4884/7/5
f 4886/1/5 4883/1/5 4882/1/5
f 4886/7/5 4882/7/5 4508/7/5
f 4887/7/5 4884/7/5 4883/7/5
f 4887/1/5 4883/1/5 4886/1/5
f 4888/7/5 4884/7/5 4887/7/5
f 4889/7/5 4884/7/5 4888/7/5
f 4890/6/5 4885/6/5 4884/6/5
f 4890/7/5 4884/7/5 4889/7/5
f 4891/7/5 4863/7/5 4885/7/5
f 4891/6/5 4885/6/5 4890/6/5
f 4892/4/5 4889/4/5 4888/4/5
f 4892/7/5 4887/7/5 4886/7/5
f 4892/7/5 4888/7/5 4887/7/5
f 4893/7/5 4890/7/5 4889/7/5
f 4893/4/5 4889/4/5 4892/4/5
f 4893/7/5 4891/7/5 4890/7/5
f 4894/7/5 4891/7/5 4893/7/5
f 4895/7/5 4891/7/5 4894/7/5
f 4896/7/5 4863/7/5 4891/7/5
f 4896/7/5 4891/7/5 4895/7/5
f 4897/7/5 4863/7/5 4896/7/5
f 4898/6/5 4895/6/5 4894/6/5
f 4898/7/5 4893/7/5 4892/7/5
f 4898/7/5 4894/7/5 4893/7/5
f 4899/7/5 4896/7/5 4895/7/5
f 4899/6/5 4895/6/5 4898/6/5
f 4900/4/5 4897/4/5 4896/4/5
f 4900/7/5 4896/7/5 4899/7/5
f 4901/7/5 4863/7/5 4897/7/5
f 4901/4/5 4897/4/5 4900/4/5
f 4902/7/5 4863/7/5 4901/7/5
f 4903/7/5 4863/7/5 4902/7/5
f 4904/7/5 4900/7/5 4899/7/5
f 4904/7/5 4899/7/5 4898/7/5
f 4904/7/5 4901/7/5 4900/7/5
f 4904/7/5 4902/7/5 4901/7/5
f 4905/7/5 4902/7/5 4904/7/5
f 4906/1/5 4903/1/5 4902/1/5
f 4906/7/5 4902/7/5 4905/7/5
f 4907/7/5 4863/7/5 4903/7/5
f 4907/1/5 4903/1/5 4906/1/5
f 4908/4/5 4905/4/5 4904/4/5
f 4908/7/5 4904/7/5 4898/7/5
f 4909/7/5 4906/7/5 4905/7/5
f 4909/4/5 4905/4/5 4908/4/5
f 4909/7/5 4907/7/5 4906/7/5
f 4910/7/5 4892/7/5 4886/7/5
f 4910/7/5 4908/7/5 4898/7/5
f 4910/7/5 4909/7/5 4908/7/5
f 4910/7/5 4898/7/5 4892/7/5
f 4911/7/5 4909/7/5 4910/7/5
f 4912/7/5 4910/7/5 4886/7/5
f 4913/7/5 4910/7/5 4912/7/5
f 4914/5/5 4911/5/5 4910/5/5
f 4914/7/5 4910/7/5 4913/7/5
f 4915/7/5 4909/7/5 4911/7/5
f 4915/5/5 4911/5/5 4914/5/5
f 4916/7/5 4909/7/5 4915/7/5
f 4917/7/5 4909/7/5 4916/7/5
f 4918/1/5 4913/1/5 4912/1/5
f 4918/7/5 4912/7/5 4886/7/5
f 4919/7/5 4914/7/5 4913/7/5
f 4919/1/5 4913/1/5 4918/1/5
f 4919/7/5 4915/7/5 4914/7/5
f 4919/7/5 4916/7/5 4915/7/5
f 4920/7/5 4916/7/5 4919/7/5
f 4921/7/5 4916/7/5 4920/7/5
f 4922/7/5 4916/7/5 4921/7/5
f 4923/7/5 4916/7/5 4922/7/5
f 4924/5/5 4917/5/5 4916/5/5
f 4924/7/5 4916/7/5 4923/7/5
f 4925/7/5 4909/7/5 4917/7/5
f 4925/5/5 4917/5/5 4924/5/5
f 4926/7/5 4919/7/5 4918/7/5
f 4926/7/5 4920/7/5 4919/7/5
f 4926/4/5 4921/4/5 4920/4/5
f 4927/7/5 4922/7/5 4921/7/5
f 4927/4/5 4921/4/5 4926/4/5
f 4928/3/5 4923/3/5 4922/3/5
f 4928/7/5 4922/7/5 4927/7/5
f 4929/7/5 4924/7/5 4923/7/5
f 4929/3/5 4923/3/5 4928/3/5
f 4929/7/5 4925/7/5 4924/7/5
f 4930/7/5 4886/7/5 4508/7/5
f 4930/7/5 4918/7/5 4886/7/5
f 4930/7/5 4929/7/5 4928/7/5
f 4930/7/5 4926/7/5 4918/7/5
f 4930/7/5 4928/7/5 4927/7/5
f 4930/7/5 4927/7/5 4926/7/5
f 4931/7/5 4929/7/5 4930/7/5
f 4932/7/5 4930/7/5 4508/7/5
f 4932/5/5 4931/5/5 4930/5/5
f 4933/7/5 4929/7/5 4931/7/5
f 4933/5/5 4931/5/5 4932/5/5
f 4934/7/5 4932/7/5 4508/7/5
f 4934/7/5 4933/7/5 4932/7/5
f 4935/7/5 4933/7/5 4934/7/5
f 4936/7/5 4925/7/5 4929/7/5
f 4936/7/5 4933/7/5 4935/7/5
f 4936/7/5 4929/7/5 4933/7/5
f 4937/7/5 4925/7/5 4936/7/5
f 4938/5/5 4935/5/5 4934/5/5
f 4938/7/5 4934/7/5 4508/7/5
f 4939/7/5 4936/7/5 4935/7/5
f 4939/5/5 4935/5/5 4938/5/5
f 4940/1/5 4937/1/5 4936/1/5
f 4940/7/5 4936/7/5 4939/7/5
f 4941/7/5 4925/7/5 4937/7/5
f 4941/1/5 4937/1/5 4940/1/5
f 4942/7/5 4940/7/5 4939/7/5
f 4942/7/5 4925/7/5 4941/7/5
f 4942/7/5 4941/7/5 4940/7/5
f 4942/7/5 4939/7/5 4938/7/5
f 4943/7/5 4925/7/5 4942/7/5
f 4944/7/5 4942/7/5 4938/7/5
f 4945/7/5 4942/7/5 4944/7/5
f 4946/6/5 4943/6/5 4942/6/5
f 4946/7/5 4942/7/5 4945/7/5
f 4947/7/5 4925/7/5 4943/7/5
f 4947/6/5 4943/6/5 4946/6/5
f 4948/7/5 4944/7/5 4938/7/5
f 4949/7/5 4944/7/5 4948/7/5
f 4950/6/5 4945/6/5 4944/6/5
f 4950/7/5 4944/7/5 4949/7/5
f 4951/7/5 4946/7/5 4945/7/5
f 4951/6/5 4945/6/5 4950/6/5
f 4951/7/5 4947/7/5 4946/7/5
f 4952/7/5 4938/7/5 4508/7/5
f 4952/7/5 4948/7/5 4938/7/5
f 4953/7/5 4948/7/5 4952/7/5
f 4954/3/5 4949/3/5 4948/3/5
f 4954/7/5 4948/7/5 4953/7/5
f 4955/7/5 4950/7/5 4949/7/5
f 4955/3/5 4949/3/5 4954/3/5
f 4955/7/5 4951/7/5 4950/7/5
f 4956/4/5 4953/4/5 4952/4/5
f 4956/7/5 4952/7/5 4508/7/5
f 4957/7/5 4954/7/5 4953/7/5
f 4957/4/5 4953/4/5 4956/4/5
f 4957/7/5 4955/7/5 4954/7/5
f 4958/7/5 4955/7/5 4957/7/5
f 4959/7/5 4955/7/5 4958/7/5
f 4960/7/5 4957/7/5 4956/7/5
f 4960/7/5 4958/7/5 4957/7/5
f 4960/1/5 4959/1/5 4958/1/5
f 4961/7/5 4955/7/5 4959/7/5
f 4961/1/5 4959/1/5 4960/1/5
f 4962/7/5 4956/7/5 4508/7/5
f 4962/7/5 4960/7/5 4956/7/5
f 4962/7/5 4961/7/5 4960/7/5
f 4963/7/5 4961/7/5 4962/7/5
f 4964/7/5 4962/7/5 4508/7/5
f 4965/7/5 4962/7/5 4964/7/5
f 4966/7/5 4962/7/5 4965/7/5
f 4967/7/5 4962/7/5 4966/7/5
f 4968/3/5 4963/3/5 4962/3/5
f 4968/7/5 4962/7/5 4967/7/5
f 4969/7/5 4961/7/5 4963/7/5
f 4969/3/5 4963/3/5 4968/3/5
f 4970/7/5 4961/7/5 4969/7/5
f 4971/7/5 4961/7/5 4970/7/5
f 4972/7/5 4955/7/5 4961/7/5
f 4972/7/5 4961/7/5 4971/7/5
f 4972/7/5 4951/7/5 4955/7/5
f 4973/7/5 4951/7/5 4972/7/5
f 4974/7/5 4947/7/5 4951/7/5
f 4974/7/5 4951/7/5 4973/7/5
f 4975/7/5 4947/7/5 4974/7/5
f 4976/7/5 4907/7/5 4909/7/5
f 4976/7/5 4947/7/5 4975/7/5
f 4976/7/5 4863/7/5 4907/7/5
f 4976/7/5 4909/7/5 4925/7/5
f 4976/7/5 4925/7/5 4947/7/5
f 4977/7/5 4863/7/5 4976/7/5
f 4978/7/5 4964/7/5 4508/7/5
f 4978/4/5 4965/4/5 4964/4/5
f 4979/7/5 4966/7/5 4965/7/5
f 4979/4/5 4965/4/5 4978/4/5
f 4980/1/5 4971/1/5 4970/1/5
f 4980/7/5 4970/7/5 4969/7/5
f 4980/7/5 4969/7/5 4968/7/5
f 4980/7/5 4968/7/5 4967/7/5
f 4981/7/5 4972/7/5 4971/7/5
f 4981/1/5 4971/1/5 4980/1/5
f 4982/7/5 4972/7/5 4981/7/5
f 4983/7/5 4972/7/5 4982/7/5
f 4984/7/5 4972/7/5 4983/7/5
f 4985/7/5 4972/7/5 4984/7/5
f 4986/5/5 4973/5/5 4972/5/5
f 4986/7/5 4972/7/5 4985/7/5
f 4987/7/5 4974/7/5 4973/7/5
f 4987/5/5 4973/5/5 4986/5/5
f 4988/7/5 4974/7/5 4987/7/5
f 4989/7/5 4974/7/5 4988/7/5
f 4990/4/5 4975/4/5 4974/4/5
f 4990/7/5 4974/7/5 4989/7/5
f 4991/7/5 4976/7/5 4975/7/5
f 4991/4/5 4975/4/5 4990/4/5
f 4992/1/5 4977/1/5 4976/1/5
f 4992/7/5 4976/7/5 4991/7/5
f 4993/7/5 4863/7/5 4977/7/5
f 4993/1/5 4977/1/5 4992/1/5
f 4994/7/5 4966/7/5 4979/7/5
f 4994/7/5 4979/7/5 4978/7/5
f 4994/2/5 4967/2/5 4966/2/5
f 4995/7/5 4980/7/5 4967/7/5
f 4995/2/5 4967/2/5 4994/2/5
f 4995/7/5 4981/7/5 4980/7/5
f 4995/7/5 4982/7/5 4981/7/5
f 4996/7/5 4982/7/5 4995/7/5
f 4997/7/5 4982/7/5 4996/7/5
f 4998/4/5 4983/4/5 4982/4/5
f 4998/7/5 4982/7/5 4997/7/5
f 4999/7/5 4984/7/5 4983/7/5
f 4999/4/5 4983/4/5 4998/4/5
f 5000/5/5 4985/5/5 4984/5/5
f 5000/7/5 4984/7/5 4999/7/5
f 5001/7/5 4986/7/5 4985/7/5
f 5001/5/5 4985/5/5 5000/5/5
f 5001/7/5 4988/7/5 4987/7/5
f 5001/7/5 4987/7/5 4986/7/5
f 5002/1/5 4989/1/5 4988/1/5
f 5002/7/5 4988/7/5 5001/7/5
f 5003/7/5 4993/7/5 4992/7/5
f 5003/1/5 4989/1/5 5002/1/5
f 5003/7/5 4990/7/5 4989/7/5
f 5003/7/5 4992/7/5 4991/7/5
f 5003/7/5 4991/7/5 4990/7/5
f 5004/5/5 4997/5/5 4996/5/5
f 5004/7/5 4996/7/5 4995/7/5
f 5004/7/5 4995/7/5 4994/7/5
f 5005/7/5 5001/7/5 5000/7/5
f 5005/5/5 4997/5/5 5004/5/5
f 5005/7/5 5000/7/5 4999/7/5
f 5005/7/5 4998/7/5 4997/7/5
f 5005/7/5 5003/7/5 5002/7/5
f 5005/7/5 4999/7/5 4998/7/5
f 5005/7/5 5002/7/5 5001/7/5
f 5006/7/5 4993/7/5 5003/7/5
f 5006/7/5 5003/7/5 5005/7/5
f 5007/7/5 4993/7/5 5006/7/5
f 5008/7/5 5005/7/5 5004/7/5
f 5008/7/5 5006/7/5 5005/7/5
f 5009/7/5 5006/7/5 5008/7/5
f 5010/4/5 5007/4/5 5006/4/5
f 5010/7/5 5006/7/5 5009/7/5
f 5011/7/5 4993/7/5 5007/7/5
f 5011/4/5 5007/4/5 5010/4/5
f 5012/7/5 5008/7/5 5004/7/5
f 5013/7/5 5008/7/5 5012/7/5
f 5014/7/5 5008/7/5 5013/7/5
f 5015/7/5 5008/7/5 5014/7/5
f 5016/7/5 5008/7/5 5015/7/5
f 5017/7/5 5008/7/5 5016/7/5
f 5018/5/5 5009/5/5 5008/5/5
f 5018/7/5 5008/7/5 5017/7/5
f 5019/7/5 5010/7/5 5009/7/5
f 5019/5/5 5009/5/5 5018/5/5
f 5019/7/5 5011/7/5 5010/7/5
f 5020/7/5 5012/7/5 5004/7/5
f 5020/4/5 5013/4/5 5012/4/5
f 5021/7/5 5014/7/5 5013/7/5
f 5021/4/5 5013/4/5 5020/4/5
f 5022/3/5 5015/3/5 5014/3/5
f 5022/7/5 5014/7/5 5021/7/5
f 5023/7/5 5016/7/5 5015/7/5
f 5023/3/5 5015/3/5 5022/3/5
f 5024/1/5 5017/1/5 5016/1/5
f 5024/7/5 5016/7/5 5023/7/5
f 5025/7/5 5018/7/5 5017/7/5
f 5025/1/5 5017/1/5 5024/1/5
f 5025/7/5 5019/7/5 5018/7/5
f 5026/7/5 5024/7/5 5023/7/5
f 5026/7/5 5023/7/5 5022/7/5
f 5026/7/5 5025/7/5 5024/7/5
f 5026/7/5 5020/7/5 5004/7/5
f 5026/7/5 5021/7/5 5020/7/5
f 5026/7/5 5022/7/5 5021/7/5
f 5027/7/5 5025/7/5 5026/7/5
f 5028/7/5 5025/7/5 5027/7/5
f 5029/7/5 5025/7/5 5028/7/5
f 5030/7/5 5004/7/5 4994/7/5
f 5030/7/5 4978/7/5 4508/7/5
f 5030/7/5 4994/7/5 4978/7/5
f 5030/7/5 5026/7/5 5004/7/5
f 5031/7/5 5026/7/5 5030/7/5
f 5032/1/5 5027/1/5 5026/1/5
f 5032/7/5 5026/7/5 5031/7/5
f 5033/7/5 5028/7/5 5027/7/5
f 5033/1/5 5027/1/5 5032/1/5
f 5034/1/5 5029/1/5 5028/1/5
f 5034/7/5 5028/7/5 5033/7/5
f 5035/7/5 5025/7/5 5029/7/5
f 5035/1/5 5029/1/5 5034/1/5
f 5036/7/5 5019/7/5 5025/7/5
f 5036/7/5 5025/7/5 5035/7/5
f 5037/7/5 5019/7/5 5036/7/5
f 5038/7/5 5019/7/5 5037/7/5
f 5039/7/5 5019/7/5 5038/7/5
f 5040/3/5 5031/3/5 5030/3/5
f 5040/7/5 5030/7/5 4508/7/5
f 5041/7/5 5034/7/5 5033/7/5
f 5041/3/5 5031/3/5 5040/3/5
f 5041/7/5 5033/7/5 5032/7/5
f 5041/7/5 5035/7/5 5034/7/5
f 5041/7/5 5032/7/5 5031/7/5
f 5041/7/5 5036/7/5 5035/7/5
f 5042/7/5 5036/7/5 5041/7/5
f 5043/7/5 5036/7/5 5042/7/5
f 5044/1/5 5037/1/5 5036/1/5
f 5044/7/5 5036/7/5 5043/7/5
f 5045/7/5 5038/7/5 5037/7/5
f 5045/1/5 5037/1/5 5044/1/5
f 5046/4/5 5039/4/5 5038/4/5
f 5046/7/5 5038/7/5 5045/7/5
f 5047/7/5 5019/7/5 5039/7/5
f 5047/4/5 5039/4/5 5046/4/5
f 5048/7/5 5011/7/5 5019/7/5
f 5048/7/5 5019/7/5 5047/7/5
f 5048/7/5 4993/7/5 5011/7/5
f 5049/7/5 4993/7/5 5048/7/5
f 5050/7/5 5042/7/5 5041/7/5
f 5050/7/5 5041/7/5 5040/7/5
f 5051/7/5 5042/7/5 5050/7/5
f 5052/1/5 5043/1/5 5042/1/5
f 5052/7/5 5042/7/5 5051/7/5
f 5053/7/5 5044/7/5 5043/7/5
f 5053/1/5 5043/1/5 5052/1/5
f 5053/7/5 5045/7/5 5044/7/5
f 5053/7/5 5047/7/5 5046/7/5
f 5053/7/5 5048/7/5 5047/7/5
f 5053/7/5 5046/7/5 5045/7/5
f 5054/7/5 4993/7/5 5049/7/5
f 5055/7/5 4993/7/5 5054/7/5
f 5056/5/5 5051/5/5 5050/5/5
f 5056/7/5 5050/7/5 5040/7/5
f 5057/7/5 5052/7/5 5051/7/5
f 5057/5/5 5051/5/5 5056/5/5
f 5057/7/5 5053/7/5 5052/7/5
f 5058/7/5 5053/7/5 5057/7/5
f 5059/7/5 5053/7/5 5058/7/5
f 5060/7/5 5048/7/5 5053/7/5
f 5060/7/5 5053/7/5 5059/7/5
f 5061/7/5 5048/7/5 5060/7/5
f 5062/5/5 5049/5/5 5048/5/5
f 5062/7/5 5048/7/5 5061/7/5
f 5063/7/5 5054/7/5 5049/7/5
f 5063/5/5 5049/5/5 5062/5/5
f 5064/7/5 4853/7/5 4863/7/5
f 5064/7/5 4993/7/5 5055/7/5
f 5064/7/5 4863/7/5 4993/7/5
f 5065/7/5 4853/7/5 5064/7/5
f 5066/7/5 5057/7/5 5056/7/5
f 5066/7/5 5058/7/5 5057/7/5
f 5067/3/5 5059/3/5 5058/3/5
f 5067/7/5 5058/7/5 5066/7/5
f 5068/7/5 5060/7/5 5059/7/5
f 5068/3/5 5059/3/5 5067/3/5
f 5069/7/5 5060/7/5 5068/7/5
f 5070/7/5 5060/7/5 5069/7/5
f 5071/7/5 5060/7/5 5070/7/5
f 5072/7/5 5060/7/5 5071/7/5
f 5073/1/5 5061/1/5 5060/1/5
f 5073/7/5 5060/7/5 5072/7/5
f 5074/7/5 5063/7/5 5062/7/5
f 5074/1/5 5061/1/5 5073/1/5
f 5074/7/5 5062/7/5 5061/7/5
f 5075/7/5 5054/7/5 5063/7/5
f 5075/7/5 5063/7/5 5074/7/5
f 5075/6/5 5055/6/5 5054/6/5
f 5076/7/5 5064/7/5 5055/7/5
f 5076/6/5 5055/6/5 5075/6/5
f 5077/4/5 5065/4/5 5064/4/5
f 5077/7/5 5064/7/5 5076/7/5
f 5078/7/5 4853/7/5 5065/7/5
f 5078/4/5 5065/4/5 5077/4/5
f 5079/3/5 5067/3/5 5066/3/5
f 5079/7/5 5066/7/5 5056/7/5
f 5080/7/5 5068/7/5 5067/7/5
f 5080/3/5 5067/3/5 5079/3/5
f 5080/7/5 5069/7/5 5068/7/5
f 5081/6/5 5070/6/5 5069/6/5
f 5081/7/5 5069/7/5 5080/7/5
f 5082/7/5 5071/7/5 5070/7/5
f 5082/6/5 5070/6/5 5081/6/5
f 5083/6/5 5072/6/5 5071/6/5
f 5083/7/5 5071/7/5 5082/7/5
f 5084/7/5 5080/7/5 5079/7/5
f 5084/7/5 5082/7/5 5081/7/5
f 5084/7/5 5081/7/5 5080/7/5
f 5085/7/5 5082/7/5 5084/7/5
f 5086/7/5 5082/7/5 5085/7/5
f 5087/7/5 5082/7/5 5086/7/5
f 5088/7/5 5082/7/5 5087/7/5
f 5089/7/5 5082/7/5 5088/7/5
f 5090/6/5 5083/6/5 5082/6/5
f 5090/7/5 5082/7/5 5089/7/5
f 5091/7/5 5074/7/5 5073/7/5
f 5091/6/5 5083/6/5 5090/6/5
f 5091/7/5 5073/7/5 5072/7/5
f 5091/6/5 5072/6/5 5083/6/5
f 5091/7/5 5078/7/5 5077/7/5
f 5091/7/5 5077/7/5 5076/7/5
f 5091/7/5 5076/7/5 5075/7/5
f 5091/7/5 5075/7/5 5074/7/5
f 5092/4/5 5085/4/5 5084/4/5
f 5092/7/5 5084/7/5 5079/7/5
f 5093/7/5 5086/7/5 5085/7/5
f 5093/4/5 5085/4/5 5092/4/5
f 5094/7/5 5086/7/5 5093/7/5
f 5095/1/5 5087/1/5 5086/1/5
f 5095/7/5 5086/7/5 5094/7/5
f 5096/7/5 5088/7/5 5087/7/5
f 5096/1/5 5087/1/5 5095/1/5
f 5097/6/5 5089/6/5 5088/6/5
f 5097/7/5 5088/7/5 5096/7/5
f 5098/7/5 5090/7/5 5089/7/5
f 5098/6/5 5089/6/5 5097/6/5
f 5098/7/5 5091/7/5 5090/7/5
f 5099/7/5 5040/7/5 4508/7/5
f 5099/7/5 5056/7/5 5040/7/5
f 5099/7/5 5094/7/5 5093/7/5
f 5099/7/5 5093/7/5 5092/7/5
f 5099/7/5 5092/7/5 5079/7/5
f 5099/7/5 5079/7/5 5056/7/5
f 5100/7/5 5094/7/5 5099/7/5
f 5101/7/5 5094/7/5 5100/7/5
f 5102/7/5 5094/7/5 5101/7/5
f 5103/3/5 5095/3/5 5094/3/5
f 5103/7/5 5094/7/5 5102/7/5
f 5104/7/5 5097/7/5 5096/7/5
f 5104/3/5 5095/3/5 5103/3/5
f 5104/7/5 5098/7/5 5097/7/5
f 5104/7/5 5096/7/5 5095/7/5
f 5105/5/5 5100/5/5 5099/5/5
f 5105/7/5 5099/7/5 4508/7/5
f 5106/7/5 5101/7/5 5100/7/5
f 5106/5/5 5100/5/5 5105/5/5
f 5107/3/5 5102/3/5 5101/3/5
f 5107/7/5 5101/7/5 5106/7/5
f 5108/7/5 5103/7/5 5102/7/5
f 5108/3/5 5102/3/5 5107/3/5
f 5108/7/5 5104/7/5 5103/7/5
f 5109/7/5 5104/7/5 5108/7/5
f 5110/7/5 5104/7/5 5109/7/5
f 5111/7/5 5091/7/5 5098/7/5
f 5111/7/5 5104/7/5 5110/7/5
f 5111/7/5 5078/7/5 5091/7/5
f 5111/7/5 5098/7/5 5104/7/5
f 5112/7/5 5078/7/5 5111/7/5
f 5113/7/5 5078/7/5 5112/7/5
f 5114/7/5 5078/7/5 5113/7/5
f 5115/4/5 5110/4/5 5109/4/5
f 5115/7/5 5107/7/5 5106/7/5
f 5115/7/5 5106/7/5 5105/7/5
f 5115/7/5 5109/7/5 5108/7/5
f 5115/7/5 5108/7/5 5107/7/5
f 5116/7/5 5111/7/5 5110/7/5
f 5116/4/5 5110/4/5 5115/4/5
f 5117/7/5 5111/7/5 5116/7/5
f 5118/7/5 5111/7/5 5117/7/5
f 5119/7/5 5111/7/5 5118/7/5
f 5120/7/5 5111/7/5 5119/7/5
f 5121/7/5 5111/7/5 5120/7/5
f 5122/1/5 5112/1/5 5111/1/5
f 5122/7/5 5111/7/5 5121/7/5
f 5123/7/5 5113/7/5 5112/7/5
f 5123/1/5 5112/1/5 5122/1/5
f 5124/7/5 5113/7/5 5123/7/5
f 5125/7/5 5113/7/5 5124/7/5
f 5126/4/5 5114/4/5 5113/4/5
f 5126/7/5 5113/7/5 5125/7/5
f 5127/7/5 5078/7/5 5114/7/5
f 5127/4/5 5114/4/5 5126/4/5
f 5128/7/5 5116/7/5 5115/7/5
f 5128/3/5 5117/3/5 5116/3/5
f 5129/7/5 5118/7/5 5117/7/5
f 5129/3/5 5117/3/5 5128/3/5
f 5130/7/5 5118/7/5 5129/7/5
f 5131/4/5 5119/4/5 5118/4/5
f 5131/7/5 5118/7/5 5130/7/5
f 5132/7/5 5120/7/5 5119/7/5
f 5132/4/5 5119/4/5 5131/4/5
f 5133/7/5 5120/7/5 5132/7/5
f 5134/7/5 5120/7/5 5133/7/5
f 5135/4/5 5125/4/5 5124/4/5
f 5135/7/5 5122/7/5 5121/7/5
f 5135/7/5 5123/7/5 5122/7/5
f 5135/7/5 5124/7/5 5123/7/5
f 5136/7/5 5126/7/5 5125/7/5
f 5136/4/5 5125/4/5 5135/4/5
f 5136/7/5 5127/7/5 5126/7/5
f 5137/7/5 5078/7/5 5127/7/5
f 5137/7/5 5127/7/5 5136/7/5
f 5138/7/5 5078/7/5 5137/7/5
f 5139/7/5 5129/7/5 5128/7/5
f 5139/7/5 5130/7/5 5129/7/5
f 5139/4/5 5131/4/5 5130/4/5
f 5140/7/5 5133/7/5 5132/7/5
f 5140/4/5 5131/4/5 5139/4/5
f 5140/7/5 5132/7/5 5131/7/5
f 5141/5/5 5134/5/5 5133/5/5
f 5141/7/5 5133/7/5 5140/7/5
f 5142/7/5 5120/7/5 5134/7/5
f 5142/5/5 5134/5/5 5141/5/5
f 5143/1/5 5121/1/5 5120/1/5
f 5143/7/5 5120/7/5 5142/7/5
f 5144/7/5 5135/7/5 5121/7/5
f 5144/1/5 5121/1/5 5143/1/5
f 5144/7/5 5136/7/5 5135/7/5
f 5144/7/5 5137/7/5 5136/7/5
f 5145/7/5 5137/7/5 5144/7/5
f 5146/7/5 5137/7/5 5145/7/5
f 5147/1/5 5138/1/5 5137/1/5
f 5147/7/5 5137/7/5 5146/7/5
f 5148/7/5 5078/7/5 5138/7/5
f 5148/1/5 5138/1/5 5147/1/5
f 5149/7/5 5143/7/5 5142/7/5
f 5149/7/5 5141/7/5 5140/7/5
f 5149/7/5 5140/7/5 5139/7/5
f 5149/7/5 5145/7/5 5144/7/5
f 5149/7/5 5144/7/5 5143/7/5
f 5149/5/5 5146/5/5 5145/5/5
f 5149/7/5 5142/7/5 5141/7/5
f 5150/7/5 5148/7/5 5147/7/5
f 5150/5/5 5146/5/5 5149/5/5
f 5150/7/5 5147/7/5 5146/7/5
f 5151/7/5 5149/7/5 5139/7/5
f 5151/7/5 5105/7/5 4508/7/5
f 5151/7/5 5150/7/5 5149/7/5
f 5151/7/5 5115/7/5 5105/7/5
f 5151/7/5 5128/7/5 5115/7/5
f 5151/7/5 5139/7/5 5128/7/5
f 5152/7/5 5150/7/5 5151/7/5
f 5153/7/5 5150/7/5 5152/7/5
f 5154/7/5 5150/7/5 5153/7/5
f 5155/7/5 5148/7/5 5150/7/5
f 5155/7/5 5150/7/5 5154/7/5
f 5156/7/5 5148/7/5 5155/7/5
f 5157/7/5 5148/7/5 5156/7/5
f 5158/7/5 5148/7/5 5157/7/5
f 5159/7/5 5151/7/5 4508/7/5
f 5159/4/5 5152/4/5 5151/4/5
f 5160/7/5 5153/7/5 5152/7/5
f 5160/4/5 5152/4/5 5159/4/5
f 5161/5/5 5154/5/5 5153/5/5
f 5161/7/5 5153/7/5 5160/7/5
f 5162/7/5 5155/7/5 5154/7/5
f 5162/5/5 5154/5/5 5161/5/5
f 5163/4/5 5156/4/5 5155/4/5
f 5163/7/5 5155/7/5 5162/7/5
f 5164/7/5 5157/7/5 5156/7/5
f 5164/4/5 5156/4/5 5163/4/5
f 5165/6/5 5158/6/5 5157/6/5
f 5165/7/5 5157/7/5 5164/7/5
f 5166/7/5 5148/7/5 5158/7/5
f 5166/6/5 5158/6/5 5165/6/5
f 5167/7/5 5160/7/5 5159/7/5
f 5167/7/5 5165/7/5 5164/7/5
f 5167/7/5 5166/7/5 5165/7/5
f 5167/7/5 5163/7/5 5162/7/5
f 5167/7/5 5162/7/5 5161/7/5
f 5167/7/5 5161/7/5 5160/7/5
f 5167/7/5 5164/7/5 5163/7/5
f 5168/7/5 5166/7/5 5167/7/5
f 5169/7/5 5166/7/5 5168/7/5
f 5170/7/5 5166/7/5 5169/7/5
f 5171/7/5 5167/7/5 5159/7/5
f 5171/1/5 5168/1/5 5167/1/5
f 5172/7/5 5169/7/5 5168/7/5
f 5172/1/5 5168/1/5 5171/1/5
f 5173/1/5 5170/1/5 5169/1/5
f 5173/7/5 5169/7/5 5172/7/5
f 5174/7/5 5166/7/5 5170/7/5
f 5174/1/5 5170/1/5 5173/1/5
f 5175/7/5 5166/7/5 5174/7/5
f 5176/7/5 5148/7/5 5166/7/5
f 5176/7/5 5166/7/5 5175/7/5
f 5177/7/5 5148/7/5 5176/7/5
f 5178/7/5 5148/7/5 5177/7/5
f 5179/7/5 5175/7/5 5174/7/5
f 5179/7/5 5173/7/5 5172/7/5
f 5179/7/5 5172/7/5 5171/7/5
f 5179/7/5 5174/7/5 5173/7/5
f 5180/7/5 5175/7/5 5179/7/5
f 5181/7/5 5175/7/5 5180/7/5
f 5182/7/5 5175/7/5 5181/7/5
f 5183/1/5 5176/1/5 5175/1/5
f 5183/7/5 5175/7/5 5182/7/5
f 5184/7/5 5177/7/5 5176/7/5
f 5184/1/5 5176/1/5 5183/1/5
f 5185/1/5 5178/1/5 5177/1/5
f 5185/7/5 5177/7/5 5184/7/5
f 5186/7/5 5148/7/5 5178/7/5
f 5186/1/5 5178/1/5 5185/1/5
f 5187/7/5 5179/7/5 5171/7/5
f 5188/7/5 5179/7/5 5187/7/5
f 5189/7/5 5179/7/5 5188/7/5
f 5190/7/5 5179/7/5 5189/7/5
f 5191/5/5 5180/5/5 5179/5/5
f 5191/7/5 5179/7/5 5190/7/5
f 5192/7/5 5181/7/5 5180/7/5
f 5192/5/5 5180/5/5 5191/5/5
f 5193/7/5 5181/7/5 5192/7/5
f 5194/6/5 5182/6/5 5181/6/5
f 5194/7/5 5181/7/5 5193/7/5
f 5195/7/5 5171/7/5 5159/7/5
f 5195/7/5 5187/7/5 5171/7/5
f 5196/7/5 5187/7/5 5195/7/5
f 5197/1/5 5188/1/5 5187/1/5
f 5197/7/5 5187/7/5 5196/7/5
f 5198/7/5 5189/7/5 5188/7/5
f 5198/1/5 5188/1/5 5197/1/5
f 5199/4/5 5190/4/5 5189/4/5
f 5199/7/5 5189/7/5 5198/7/5
f 5200/7/5 5193/7/5 5192/7/5
f 5200/4/5 5190/4/5 5199/4/5
f 5200/7/5 5191/7/5 5190/7/5
f 5200/7/5 5192/7/5 5191/7/5
f 5201/7/5 5193/7/5 5200/7/5
f 5202/7/5 5193/7/5 5201/7/5
f 5203/6/5 5194/6/5 5193/6/5
f 5203/7/5 5193/7/5 5202/7/5
f 5204/7/5 5185/7/5 5184/7/5
f 5204/6/5 5194/6/5 5203/6/5
f 5204/7/5 5184/7/5 5183/7/5
f 5204/7/5 5183/7/5 5182/7/5
f 5204/6/5 5182/6/5 5194/6/5
f 5204/7/5 5186/7/5 5185/7/5
f 5205/7/5 5195/7/5 5159/7/5
f 5205/3/5 5196/3/5 5195/3/5
f 5206/7/5 5201/7/5 5200/7/5
f 5206/3/5 5196/3/5 5205/3/5
f 5206/7/5 5200/7/5 5199/7/5
f 5206/7/5 5197/7/5 5196/7/5
f 5206/7/5 5199/7/5 5198/7/5
f 5206/7/5 5198/7/5 5197/7/5
f 5207/1/5 5202/1/5 5201/1/5
f 5207/7/5 5201/7/5 5206/7/5
f 5208/7/5 5203/7/5 5202/7/5
f 5208/1/5 5202/1/5 5207/1/5
f 5208/7/5 5204/7/5 5203/7/5
f 5209/7/5 5207/7/5 5206/7/5
f 5209/7/5 5159/7/5 4508/7/5
f 5209/7/5 5208/7/5 5207/7/5
f 5209/7/5 5205/7/5 5159/7/5
f 5209/7/5 5206/7/5 5205/7/5
f 5210/7/5 5078/7/5 5148/7/5
f 5210/7/5 5208/7/5 5209/7/5
f 5210/7/5 5204/7/5 5208/7/5
f 5210/7/5 5148/7/5 5186/7/5
f 5210/7/5 5186/7/5 5204/7/5
f 5210/7/5 4853/7/5 5078/7/5
f 5210/7/5 4509/7/5 4853/7/5
f 5211/7/6 5212/7/6 5213/7/6
f 5213/7/6 5212/7/6 5214/7/6
f 5214/7/6 5212/7/6 5215/7/6
f 5215/7/6 5212/7/6 5216/7/6
f 5214/7/6 5215/7/6 5217/7/6
f 5215/6/6 5216/6/6 5217/6/6
f 5216/7/6 5212/7/6 5218/7/6
f 5217/6/6 5216/6/6 5218/6/6
f 5214/7/6 5217/7/6 5219/7/6
f 5217/7/6 5218/7/6 5219/7/6
f 5219/7/6 5218/7/6 5220/7/6
f 5220/7/6 5218/7/6 5221/7/6
f 5221/7/6 5218/7/6 5222/7/6
f 5220/7/6 5221/7/6 5223/7/6
f 5221/1/6 5222/1/6 5223/1/6
f 5222/7/6 5218/7/6 5224/7/6
f 5223/1/6 5222/1/6 5224/1/6
f 5220/7/6 5223/7/6 5225/7/6
f 5223/7/6 5224/7/6 5225/7/6
f 5225/7/6 5224/7/6 5226/7/6
f 5226/7/6 5224/7/6 5228/7/6
f 5227/7/6 5228/7/6 5229/7/6
f 5228/7/6 5224/7/6 5230/7/6
f 5229/7/6 5228/7/6 5230/7/6
f 5218/7/6 5212/7/6 5231/7/6
f 5230/7/6 5224/7/6 5231/7/6
f 5224/7/6 5218/7/6 5231/7/6
f 5231/7/6 5212/7/6 5232/7/6
f 5230/7/6 5231/7/6 5233/7/6
f 5231/5/6 5232/5/6 5233/5/6
f 5232/7/6 5212/7/6 5234/7/6
f 5233/5/6 5232/5/6 5234/5/6
f 5230/7/6 5233/7/6 5235/7/6
f 5233/7/6 5234/7/6 5235/7/6
f 5235/7/6 5234/7/6 5236/7/6
f 5236/7/6 5234/7/6 5237/7/6
f 5237/7/6 5234/7/6 5238/7/6
f 5238/7/6 5234/7/6 5239/7/6
f 5234/7/6 5212/7/6 5240/7/6
f 5239/7/6 5234/7/6 5240/7/6
f 5240/7/6 5212/7/6 5241/7/6
f 5241/7/6 5212/7/6 5242/7/6
f 5240/7/6 5241/7/6 5243/7/6
f 5241/4/6 5242/4/6 5243/4/6
f 5242/7/6 5212/7/6 5244/7/6
f 5243/4/6 5242/4/6 5244/4/6
f 5238/7/6 5239/7/6 5245/7/6
f 5245/7/6 5239/7/6 5246/7/6
f 5239/6/6 5240/6/6 5247/6/6
f 5246/7/6 5239/7/6 5247/7/6
f 5240/7/6 5243/7/6 5248/7/6
f 5247/6/6 5240/6/6 5248/6/6
f 5243/7/6 5244/7/6 5248/7/6
f 5245/1/6 5246/1/6 5249/1/6
f 5246/7/6 5247/7/6 5250/7/6
f 5249/1/6 5246/1/6 5250/1/6
f 5247/7/6 5248/7/6 5250/7/6
f 5249/7/6 5250/7/6 5251/7/6
f 5250/7/6 5248/7/6 5251/7/6
f 5248/7/6 5244/7/6 5252/7/6
f 5251/7/6 5248/7/6 5252/7/6
f 5249/7/6 5251/7/6 5253/7/6
f 5251/3/6 5252/3/6 5253/3/6
f 5252/7/6 5244/7/6 5254/7/6
f 5253/3/6 5252/3/6 5254/3/6
f 5249/7/6 5253/7/6 5256/7/6
f 5253/7/6 5254/7/6 5256/7/6
f 5255/7/6 5256/7/6 5258/7/6
f 5257/7/6 5258/7/6 5260/7/6
f 5254/7/6 5244/7/6 5261/7/6
f 5256/7/6 5254/7/6 5261/7/6
f 5260/7/6 5258/7/6 5261/7/6
f 5258/7/6 5256/7/6 5261/7/6
f 5261/7/6 5244/7/6 5262/7/6
f 5259/7/6 5260/7/6 5263/7/6
f 5260/7/6 5261/7/6 5263/7/6
f 5261/3/6 5262/3/6 5263/3/6
f 5262/7/6 5244/7/6 5264/7/6
f 5263/3/6 5262/3/6 5264/3/6
f 5259/7/6 5263/7/6 5266/7/6
f 5263/7/6 5264/7/6 5266/7/6
f 5265/7/6 5266/7/6 5268/7/6
f 5267/7/6 5268/7/6 5270/7/6
f 5269/7/6 5270/7/6 5272/7/6
f 5271/7/6 5272/7/6 5274/7/6
f 5273/7/6 5274/7/6 5276/7/6
f 5275/7/6 5276/7/6 5278/7/6
f 5266/7/6 5264/7/6 5279/7/6
f 5268/7/6 5266/7/6 5279/7/6
f 5278/7/6 5276/7/6 5279/7/6
f 5270/7/6 5268/7/6 5279/7/6
f 5276/7/6 5274/7/6 5279/7/6
f 5272/7/6 5270/7/6 5279/7/6
f 5274/7/6 5272/7/6 5279/7/6
f 5264/7/6 5244/7/6 5280/7/6
f 5279/7/6 5264/7/6 5280/7/6
f 5278/7/6 5279/7/6 5282/7/6
f 5277/7/6 5278/7/6 5282/7/6
f 5279/4/6 5280/4/6 5283/4/6
f 5282/7/6 5279/7/6 5283/7/6
f 5280/7/6 5244/7/6 5284/7/6
f 5283/4/6 5280/4/6 5284/4/6
f 5282/7/6 5283/7/6 5285/7/6
f 5281/7/6 5282/7/6 5285/7/6
f 5283/7/6 5284/7/6 5285/7/6
f 5285/7/6 5284/7/6 5286/7/6
f 5281/7/6 5285/7/6 5288/7/6
f 5285/3/6 5286/3/6 5289/3/6
f 5288/7/6 5285/7/6 5289/7/6
f 5286/7/6 5284/7/6 5290/7/6
f 5289/3/6 5286/3/6 5290/3/6
f 5288/7/6 5289/7/6 5292/7/6
f 5287/7/6 5288/7/6 5292/7/6
f 5289/7/6 5290/7/6 5292/7/6
f 5291/7/6 5292/7/6 5294/7/6
f 5293/7/6 5294/7/6 5296/7/6
f 5295/7/6 5296/7/6 5298/7/6
f 5297/7/6 5298/7/6 5300/7/6
f 5299/7/6 5300/7/6 5302/7/6
f 5301/7/6 5302/7/6 5304/7/6
f 5303/7/6 5304/7/6 5306/7/6
f 5284/7/6 5244/7/6 5307/7/6
f 5290/7/6 5284/7/6 5307/7/6
f 5306/7/6 5304/7/6 5307/7/6
f 5292/7/6 5290/7/6 5307/7/6
f 5304/7/6 5302/7/6 5307/7/6
f 5294/7/6 5292/7/6 5307/7/6
f 5302/7/6 5300/7/6 5307/7/6
f 5296/7/6 5294/7/6 5307/7/6
f 5300/7/6 5298/7/6 5307/7/6
f 5298/7/6 5296/7/6 5307/7/6
f 5307/7/6 5244/7/6 5308/7/6
f 5305/7/6 5306/7/6 5310/7/6
f 5306/7/6 5307/7/6 5310/7/6
f 5307/1/6 5308/1/6 5311/1/6
f 5310/7/6 5307/7/6 5311/7/6
f 5308/7/6 5244/7/6 5312/7/6
f 5311/1/6 5308/1/6 5312/1/6
f 5310/7/6 5311/7/6 5314/7/6
f 5309/7/6 5310/7/6 5314/7/6
f 5311/7/6 5312/7/6 5314/7/6
f 5313/7/6 5314/7/6 5316/7/6
f 5314/7/6 5312/7/6 5317/7/6
f 5316/7/6 5314/7/6 5317/7/6
f 5317/7/6 5312/7/6 5318/7/6
f 5318/7/6 5312/7/6 5319/7/6
f 5319/7/6 5312/7/6 5320/7/6
f 5315/7/6 5316/7/6 5322/7/6
f 5316/7/6 5317/7/6 5322/7/6
f 5317/2/6 5318/2/6 5323/2/6
f 5322/7/6 5317/7/6 5323/7/6
f 5318/7/6 5319/7/6 5324/7/6
f 5323/2/6 5318/2/6 5324/2/6
f 5319/5/6 5320/5/6 5325/5/6
f 5324/7/6 5319/7/6 5325/7/6
f 5320/7/6 5312/7/6 5326/7/6
f 5325/5/6 5320/5/6 5326/5/6
f 5324/7/6 5325/7/6 5328/7/6
f 5323/7/6 5324/7/6 5328/7/6
f 5325/7/6 5326/7/6 5328/7/6
f 5321/7/6 5322/7/6 5328/7/6
f 5322/7/6 5323/7/6 5328/7/6
f 5327/7/6 5328/7/6 5330/7/6
f 5329/7/6 5330/7/6 5332/7/6
f 5326/7/6 5312/7/6 5333/7/6
f 5331/7/6 5332/7/6 5333/7/6
f 5332/7/6 5330/7/6 5333/7/6
f 5328/7/6 5326/7/6 5333/7/6
f 5330/7/6 5328/7/6 5333/7/6
f 5333/7/6 5312/7/6 5334/7/6
f 5331/7/6 5333/7/6 5336/7/6
f 5336/7/6 5333/7/6 5337/7/6
f 5333/6/6 5334/6/6 5338/6/6
f 5337/7/6 5333/7/6 5338/7/6
f 5334/7/6 5312/7/6 5339/7/6
f 5338/6/6 5334/6/6 5339/6/6
f 5336/2/6 5337/2/6 5340/2/6
f 5335/7/6 5336/7/6 5340/7/6
f 5337/7/6 5338/7/6 5341/7/6
f 5340/2/6 5337/2/6 5341/2/6
f 5338/7/6 5339/7/6 5341/7/6
f 5339/7/6 5312/7/6 5342/7/6
f 5341/7/6 5339/7/6 5342/7/6
f 5342/7/6 5312/7/6 5343/7/6
f 5335/7/6 5340/7/6 5345/7/6
f 5340/7/6 5341/7/6 5345/7/6
f 5341/7/6 5342/7/6 5345/7/6
f 5345/7/6 5342/7/6 5346/7/6
f 5346/7/6 5342/7/6 5347/7/6
f 5347/7/6 5342/7/6 5348/7/6
f 5348/7/6 5342/7/6 5349/7/6
f 5342/5/6 5343/5/6 5350/5/6
f 5349/7/6 5342/7/6 5350/7/6
f 5343/7/6 5312/7/6 5351/7/6
f 5350/5/6 5343/5/6 5351/5/6
f 5344/7/6 5345/7/6 5353/7/6
f 5345/7/6 5346/7/6 5353/7/6
f 5346/5/6 5347/5/6 5354/5/6
f 5353/7/6 5346/7/6 5354/7/6
f 5347/7/6 5348/7/6 5355/7/6
f 5354/5/6 5347/5/6 5355/5/6
f 5348/3/6 5349/3/6 5356/3/6
f 5355/7/6 5348/7/6 5356/7/6
f 5349/7/6 5350/7/6 5357/7/6
f 5356/3/6 5349/3/6 5357/3/6
f 5350/7/6 5351/7/6 5357/7/6
f 5355/7/6 5356/7/6 5359/7/6
f 5354/7/6 5355/7/6 5359/7/6
f 5356/7/6 5357/7/6 5359/7/6
f 5353/7/6 5354/7/6 5359/7/6
f 5352/7/6 5353/7/6 5359/7/6
f 5358/7/6 5359/7/6 5361/7/6
f 5359/7/6 5357/7/6 5362/7/6
f 5360/7/6 5361/7/6 5362/7/6
f 5361/7/6 5359/7/6 5362/7/6
f 5362/7/6 5357/7/6 5363/7/6
f 5312/7/6 5244/7/6 5364/7/6
f 5363/7/6 5357/7/6 5364/7/6
f 5357/7/6 5351/7/6 5364/7/6
f 5351/7/6 5312/7/6 5364/7/6
f 5364/7/6 5244/7/6 5365/7/6
f 5360/7/6 5362/7/6 5367/7/6
f 5362/2/6 5363/2/6 5368/2/6
f 5367/7/6 5362/7/6 5368/7/6
f 5363/7/6 5364/7/6 5369/7/6
f 5368/2/6 5363/2/6 5369/2/6
f 5369/7/6 5364/7/6 5370/7/6
f 5370/7/6 5364/7/6 5371/7/6
f 5364/1/6 5365/1/6 5372/1/6
f 5365/7/6 5244/7/6 5373/7/6
f 5372/1/6 5365/1/6 5373/1/6
f 5366/7/6 5367/7/6 5374/7/6
f 5367/7/6 5368/7/6 5374/7/6
f 5368/7/6 5369/7/6 5374/7/6
f 5370/4/6 5371/4/6 5374/4/6
f 5369/7/6 5370/7/6 5374/7/6
f 5371/7/6 5364/7/6 5375/7/6
f 5374/4/6 5371/4/6 5375/4/6
f 5364/1/6 5372/1/6 5376/1/6
f 5375/7/6 5364/7/6 5376/7/6
f 5372/7/6 5373/7/6 5377/7/6
f 5376/1/6 5372/1/6 5377/1/6
f 5374/7/6 5375/7/6 5379/7/6
f 5375/7/6 5376/7/6 5379/7/6
f 5376/7/6 5377/7/6 5379/7/6
f 5366/7/6 5374/7/6 5379/7/6
f 5378/7/6 5379/7/6 5381/7/6
f 5244/7/6 5212/7/6 5382/7/6
f 5380/7/6 5381/7/6 5382/7/6
f 5381/7/6 5379/7/6 5382/7/6
f 5373/7/6 5244/7/6 5382/7/6
f 5379/7/6 5377/7/6 5382/7/6
f 5377/7/6 5373/7/6 5382/7/6
f 5382/7/6 5212/7/6 5383/7/6
f 5380/7/6 5382/7/6 5385/7/6
f 5385/7/6 5382/7/6 5386/7/6
f 5384/7/6 5385/7/6 5386/7/6
f 5386/7/6 5382/7/6 5387/7/6
f 5382/5/6 5383/5/6 5388/5/6
f 5387/7/6 5382/7/6 5388/7/6
f 5383/7/6 5212/7/6 5389/7/6
f 5388/5/6 5383/5/6 5389/5/6
f 5384/7/6 5386/7/6 5391/7/6
f 5391/7/6 5386/7/6 5392/7/6
f 5392/7/6 5386/7/6 5393/7/6
f 5386/1/6 5387/1/6 5394/1/6
f 5393/7/6 5386/7/6 5394/7/6
f 5387/7/6 5388/7/6 5395/7/6
f 5394/1/6 5387/1/6 5395/1/6
f 5388/7/6 5389/7/6 5395/7/6
f 5395/7/6 5389/7/6 5396/7/6
f 5396/7/6 5389/7/6 5397/7/6
f 5392/1/6 5393/1/6 5398/1/6
f 5391/7/6 5392/7/6 5398/7/6
f 5390/7/6 5391/7/6 5398/7/6
f 5393/7/6 5394/7/6 5399/7/6
f 5398/1/6 5393/1/6 5399/1/6
f 5395/7/6 5396/7/6 5399/7/6
f 5394/7/6 5395/7/6 5399/7/6
f 5396/1/6 5397/1/6 5400/1/6
f 5399/7/6 5396/7/6 5400/7/6
f 5397/7/6 5389/7/6 5401/7/6
f 5400/1/6 5397/1/6 5401/1/6
f 5390/7/6 5398/7/6 5402/7/6
f 5399/7/6 5400/7/6 5402/7/6
f 5400/7/6 5401/7/6 5402/7/6
f 5398/7/6 5399/7/6 5402/7/6
f 5402/7/6 5401/7/6 5403/7/6
f 5403/7/6 5401/7/6 5404/7/6
f 5390/7/6 5402/7/6 5406/7/6
f 5402/3/6 5403/3/6 5407/3/6
f 5406/7/6 5402/7/6 5407/7/6
f 5403/5/6 5404/5/6 5408/5/6
f 5407/3/6 5403/3/6 5408/3/6
f 5404/7/6 5401/7/6 5409/7/6
f 5408/5/6 5404/5/6 5409/5/6
f 5407/7/6 5408/7/6 5411/7/6
f 5405/7/6 5406/7/6 5411/7/6
f 5408/7/6 5409/7/6 5411/7/6
f 5406/7/6 5407/7/6 5411/7/6
f 5409/7/6 5401/7/6 5412/7/6
f 5410/7/6 5411/7/6 5412/7/6
f 5411/7/6 5409/7/6 5412/7/6
f 5412/7/6 5401/7/6 5413/7/6
f 5410/7/6 5412/7/6 5415/7/6
f 5412/1/6 5413/1/6 5416/1/6
f 5415/7/6 5412/7/6 5416/7/6
f 5413/7/6 5401/7/6 5417/7/6
f 5416/1/6 5413/1/6 5417/1/6
f 5415/7/6 5416/7/6 5419/7/6
f 5414/7/6 5415/7/6 5419/7/6
f 5416/7/6 5417/7/6 5419/7/6
f 5417/7/6 5401/7/6 5420/7/6
f 5419/7/6 5417/7/6 5420/7/6
f 5420/7/6 5401/7/6 5421/7/6
f 5418/7/6 5419/7/6 5422/7/6
f 5419/7/6 5420/7/6 5422/7/6
f 5420/1/6 5421/1/6 5422/1/6
f 5421/7/6 5401/7/6 5423/7/6
f 5422/1/6 5421/1/6 5423/1/6
f 5401/7/6 5389/7/6 5424/7/6
f 5423/7/6 5401/7/6 5424/7/6
f 5424/7/6 5389/7/6 5425/7/6
f 5422/7/6 5423/7/6 5426/7/6
f 5418/7/6 5422/7/6 5426/7/6
f 5423/7/6 5424/7/6 5426/7/6
f 5426/7/6 5424/7/6 5427/7/6
f 5424/4/6 5425/4/6 5428/4/6
f 5427/7/6 5424/7/6 5428/7/6
f 5425/7/6 5389/7/6 5429/7/6
f 5428/4/6 5425/4/6 5429/4/6
f 5426/6/6 5427/6/6 5430/6/6
f 5418/7/6 5426/7/6 5430/7/6
f 5427/7/6 5428/7/6 5431/7/6
f 5430/6/6 5427/6/6 5431/6/6
f 5428/7/6 5429/7/6 5431/7/6
f 5418/7/6 5430/7/6 5433/7/6
f 5430/7/6 5431/7/6 5433/7/6
f 5431/7/6 5429/7/6 5434/7/6
f 5433/7/6 5431/7/6 5434/7/6
f 5434/7/6 5429/7/6 5435/7/6
f 5432/7/6 5433/7/6 5436/7/6
f 5433/7/6 5434/7/6 5436/7/6
f 5434/5/6 5435/5/6 5436/5/6
f 5435/7/6 5429/7/6 5437/7/6
f 5436/5/6 5435/5/6 5437/5/6
f 5432/7/6 5436/7/6 5439/7/6
f 5436/7/6 5437/7/6 5439/7/6
f 5439/7/6 5437/7/6 5440/7/6
f 5438/7/6 5439/7/6 5440/7/6
f 5440/7/6 5437/7/6 5441/7/6
f 5438/7/6 5440/7/6 5443/7/6
f 5440/5/6 5441/5/6 5444/5/6
f 5443/7/6 5440/7/6 5444/7/6
f 5441/7/6 5437/7/6 5445/7/6
f 5444/5/6 5441/5/6 5445/5/6
f 5443/7/6 5444/7/6 5446/7/6
f 5442/7/6 5443/7/6 5446/7/6
f 5444/7/6 5445/7/6 5446/7/6
f 5446/7/6 5445/7/6 5447/7/6
f 5442/7/6 5446/7/6 5449/7/6
f 5446/1/6 5447/1/6 5450/1/6
f 5449/7/6 5446/7/6 5450/7/6
f 5447/7/6 5445/7/6 5451/7/6
f 5450/1/6 5447/1/6 5451/1/6
f 5449/7/6 5450/7/6 5453/7/6
f 5448/7/6 5449/7/6 5453/7/6
f 5450/7/6 5451/7/6 5453/7/6
f 5452/7/6 5453/7/6 5455/7/6
f 5454/7/6 5455/7/6 5457/7/6
f 5451/7/6 5445/7/6 5458/7/6
f 5456/7/6 5457/7/6 5458/7/6
f 5457/7/6 5455/7/6 5458/7/6
f 5453/7/6 5451/7/6 5458/7/6
f 5455/7/6 5453/7/6 5458/7/6
f 5458/7/6 5445/7/6 5459/7/6
f 5456/7/6 5458/7/6 5460/7/6
f 5458/1/6 5459/1/6 5460/1/6
f 5459/7/6 5445/7/6 5461/7/6
f 5460/1/6 5459/1/6 5461/1/6
f 5456/7/6 5460/7/6 5463/7/6
f 5460/7/6 5461/7/6 5463/7/6
f 5463/7/6 5461/7/6 5464/7/6
f 5464/7/6 5461/7/6 5465/7/6
f 5462/7/6 5463/7/6 5466/7/6
f 5463/7/6 5464/7/6 5466/7/6
f 5464/2/6 5465/2/6 5466/2/6
f 5465/7/6 5461/7/6 5467/7/6
f 5466/2/6 5465/2/6 5467/2/6
f 5445/7/6 5437/7/6 5468/7/6
f 5467/7/6 5461/7/6 5468/7/6
f 5461/7/6 5445/7/6 5468/7/6
f 5468/7/6 5437/7/6 5469/7/6
f 5466/7/6 5467/7/6 5471/7/6
f 5462/7/6 5466/7/6 5471/7/6
f 5467/7/6 5468/7/6 5471/7/6
f 5468/4/6 5469/4/6 5472/4/6
f 5471/7/6 5468/7/6 5472/7/6
f 5469/7/6 5437/7/6 5473/7/6
f 5472/4/6 5469/4/6 5473/4/6
f 5471/7/6 5472/7/6 5475/7/6
f 5470/7/6 5471/7/6 5475/7/6
f 5472/7/6 5473/7/6 5475/7/6
f 5474/7/6 5475/7/6 5477/7/6
f 5476/7/6 5477/7/6 5479/7/6
f 5475/7/6 5473/7/6 5480/7/6
f 5477/7/6 5475/7/6 5480/7/6
f 5479/7/6 5477/7/6 5480/7/6
f 5480/7/6 5473/7/6 5481/7/6
f 5437/7/6 5429/7/6 5482/7/6
f 5481/7/6 5473/7/6 5482/7/6
f 5473/7/6 5437/7/6 5482/7/6
f 5482/7/6 5429/7/6 5483/7/6
f 5479/7/6 5480/7/6 5485/7/6
f 5478/7/6 5479/7/6 5485/7/6
f 5480/2/6 5481/2/6 5486/2/6
f 5485/7/6 5480/7/6 5486/7/6
f 5481/7/6 5482/7/6 5487/7/6
f 5486/2/6 5481/2/6 5487/2/6
f 5487/7/6 5482/7/6 5488/7/6
f 5488/7/6 5482/7/6 5489/7/6
f 5482/2/6 5483/2/6 5490/2/6
f 5489/7/6 5482/7/6 5490/7/6
f 5483/7/6 5429/7/6 5491/7/6
f 5490/2/6 5483/2/6 5491/2/6
f 5484/7/6 5485/7/6 5493/7/6
f 5485/7/6 5486/7/6 5493/7/6
f 5486/7/6 5487/7/6 5493/7/6
f 5487/7/6 5488/7/6 5493/7/6
f 5488/2/6 5489/2/6 5494/2/6
f 5493/7/6 5488/7/6 5494/7/6
f 5489/7/6 5490/7/6 5495/7/6
f 5494/2/6 5489/2/6 5495/2/6
f 5490/7/6 5491/7/6 5495/7/6
f 5493/7/6 5494/7/6 5497/7/6
f 5492/7/6 5493/7/6 5497/7/6
f 5494/7/6 5495/7/6 5497/7/6
f 5496/7/6 5497/7/6 5499/7/6
f 5498/7/6 5499/7/6 5501/7/6
f 5497/7/6 5495/7/6 5502/7/6
f 5499/7/6 5497/7/6 5502/7/6
f 5501/7/6 5499/7/6 5502/7/6
f 5502/7/6 5495/7/6 5503/7/6
f 5495/7/6 5491/7/6 5504/7/6
f 5503/7/6 5495/7/6 5504/7/6
f 5504/7/6 5491/7/6 5505/7/6
f 5500/7/6 5501/7/6 5507/7/6
f 5501/7/6 5502/7/6 5507/7/6
f 5502/1/6 5503/1/6 5508/1/6
f 5507/7/6 5502/7/6 5508/7/6
f 5503/7/6 5504/7/6 5509/7/6
f 5508/1/6 5503/1/6 5509/1/6
f 5504/4/6 5505/4/6 5510/4/6
f 5509/7/6 5504/7/6 5510/7/6
f 5505/7/6 5491/7/6 5511/7/6
f 5510/4/6 5505/4/6 5511/4/6
f 5491/7/6 5429/7/6 5512/7/6
f 5511/7/6 5491/7/6 5512/7/6
f 5429/7/6 5389/7/6 5512/7/6
f 5512/7/6 5389/7/6 5513/7/6
f 5510/7/6 5511/7/6 5515/7/6
f 5506/7/6 5507/7/6 5515/7/6
f 5509/7/6 5510/7/6 5515/7/6
f 5511/7/6 5512/7/6 5515/7/6
f 5507/7/6 5508/7/6 5515/7/6
f 5508/7/6 5509/7/6 5515/7/6
f 5512/4/6 5513/4/6 5516/4/6
f 5515/7/6 5512/7/6 5516/7/6
f 5513/7/6 5389/7/6 5517/7/6
f 5516/4/6 5513/4/6 5517/4/6
f 5515/7/6 5516/7/6 5519/7/6
f 5514/7/6 5515/7/6 5519/7/6
f 5516/7/6 5517/7/6 5519/7/6
f 5518/7/6 5519/7/6 5521/7/6
f 5519/7/6 5517/7/6 5522/7/6
f 5521/7/6 5519/7/6 5522/7/6
f 5522/7/6 5517/7/6 5523/7/6
f 5523/7/6 5517/7/6 5524/7/6
f 5524/7/6 5517/7/6 5525/7/6
f 5525/7/6 5517/7/6 5526/7/6
f 5526/7/6 5517/7/6 5527/7/6
f 5520/7/6 5521/7/6 5528/7/6
f 5521/7/6 5522/7/6 5528/7/6
f 5522/2/6 5523/2/6 5528/2/6
f 5523/7/6 5524/7/6 5529/7/6
f 5528/2/6 5523/2/6 5529/2/6
f 5524/4/6 5525/4/6 5530/4/6
f 5529/7/6 5524/7/6 5530/7/6
f 5525/7/6 5526/7/6 5531/7/6
f 5530/4/6 5525/4/6 5531/4/6
f 5526/2/6 5527/2/6 5532/2/6
f 5531/7/6 5526/7/6 5532/7/6
f 5527/7/6 5517/7/6 5533/7/6
f 5532/2/6 5527/2/6 5533/2/6
f 5531/7/6 5532/7/6 5535/7/6
f 5530/7/6 5531/7/6 5535/7/6
f 5532/7/6 5533/7/6 5535/7/6
f 5528/7/6 5529/7/6 5535/7/6
f 5520/7/6 5528/7/6 5535/7/6
f 5529/7/6 5530/7/6 5535/7/6
f 5534/7/6 5535/7/6 5537/7/6
f 5536/7/6 5537/7/6 5539/7/6
f 5535/7/6 5533/7/6 5540/7/6
f 5537/7/6 5535/7/6 5540/7/6
f 5539/7/6 5537/7/6 5540/7/6
f 5540/7/6 5533/7/6 5541/7/6
f 5538/7/6 5539/7/6 5542/7/6
f 5539/7/6 5540/7/6 5542/7/6
f 5540/2/6 5541/2/6 5542/2/6
f 5541/7/6 5533/7/6 5543/7/6
f 5542/2/6 5541/2/6 5543/2/6
f 5533/7/6 5517/7/6 5544/7/6
f 5543/7/6 5533/7/6 5544/7/6
f 5542/7/6 5543/7/6 5544/7/6
f 5544/7/6 5517/7/6 5545/7/6
f 5538/7/6 5542/7/6 5547/7/6
f 5542/7/6 5544/7/6 5547/7/6
f 5547/7/6 5544/7/6 5548/7/6
f 5548/7/6 5544/7/6 5549/7/6
f 5544/1/6 5545/1/6 5550/1/6
f 5549/7/6 5544/7/6 5550/7/6
f 5545/7/6 5517/7/6 5551/7/6
f 5550/1/6 5545/1/6 5551/1/6
f 5548/1/6 5549/1/6 5552/1/6
f 5546/7/6 5547/7/6 5552/7/6
f 5547/7/6 5548/7/6 5552/7/6
f 5549/7/6 5550/7/6 5553/7/6
f 5552/1/6 5549/1/6 5553/1/6
f 5550/7/6 5551/7/6 5553/7/6
f 5551/7/6 5517/7/6 5554/7/6
f 5553/7/6 5551/7/6 5554/7/6
f 5554/7/6 5517/7/6 5555/7/6
f 5546/7/6 5552/7/6 5556/7/6
f 5552/7/6 5553/7/6 5556/7/6
f 5553/7/6 5554/7/6 5556/7/6
f 5556/7/6 5554/7/6 5557/7/6
f 5554/2/6 5555/2/6 5558/2/6
f 5557/7/6 5554/7/6 5558/7/6
f 5555/7/6 5517/7/6 5559/7/6
f 5558/2/6 5555/2/6 5559/2/6
f 5546/7/6 5556/7/6 5560/7/6
f 5560/7/6 5556/7/6 5561/7/6
f 5556/2/6 5557/2/6 5562/2/6
f 5561/7/6 5556/7/6 5562/7/6
f 5557/7/6 5558/7/6 5563/7/6
f 5562/2/6 5557/2/6 5563/2/6
f 5558/7/6 5559/7/6 5563/7/6
f 5560/3/6 5561/3/6 5564/3/6
f 5546/7/6 5560/7/6 5564/7/6
f 5561/7/6 5562/7/6 5565/7/6
f 5564/3/6 5561/3/6 5565/3/6
f 5562/7/6 5563/7/6 5565/7/6
f 5563/7/6 5559/7/6 5566/7/6
f 5565/7/6 5563/7/6 5566/7/6
f 5564/7/6 5565/7/6 5566/7/6
f 5566/7/6 5559/7/6 5567/7/6
f 5567/7/6 5559/7/6 5568/7/6
f 5568/7/6 5559/7/6 5569/7/6
f 5569/7/6 5559/7/6 5570/7/6
f 5570/7/6 5559/7/6 5571/7/6
f 5571/7/6 5559/7/6 5572/7/6
f 5572/7/6 5559/7/6 5573/7/6
f 5564/7/6 5566/7/6 5574/7/6
f 5566/4/6 5567/4/6 5574/4/6
f 5567/7/6 5568/7/6 5575/7/6
f 5574/4/6 5567/4/6 5575/4/6
f 5568/2/6 5569/2/6 5576/2/6
f 5575/7/6 5568/7/6 5576/7/6
f 5569/7/6 5570/7/6 5577/7/6
f 5576/2/6 5569/2/6 5577/2/6
f 5570/2/6 5571/2/6 5578/2/6
f 5577/7/6 5570/7/6 5578/7/6
f 5571/7/6 5572/7/6 5579/7/6
f 5578/2/6 5571/2/6 5579/2/6
f 5572/1/6 5573/1/6 5580/1/6
f 5579/7/6 5572/7/6 5580/7/6
f 5573/7/6 5559/7/6 5581/7/6
f 5580/1/6 5573/1/6 5581/1/6
f 5546/7/6 5564/7/6 5583/7/6
f 5579/7/6 5580/7/6 5583/7/6
f 5580/7/6 5581/7/6 5583/7/6
f 5577/7/6 5578/7/6 5583/7/6
f 5576/7/6 5577/7/6 5583/7/6
f 5575/7/6 5576/7/6 5583/7/6
f 5574/7/6 5575/7/6 5583/7/6
f 5564/7/6 5574/7/6 5583/7/6
f 5578/7/6 5579/7/6 5583/7/6
f 5583/7/6 5581/7/6 5584/7/6
f 5582/7/6 5583/7/6 5584/7/6
f 5584/7/6 5581/7/6 5585/7/6
f 5582/7/6 5584/7/6 5586/7/6
f 5584/6/6 5585/6/6 5587/6/6
f 5586/7/6 5584/7/6 5587/7/6
f 5585/7/6 5581/7/6 5588/7/6
f 5587/6/6 5585/6/6 5588/6/6
f 5586/7/6 5587/7/6 5589/7/6
f 5587/7/6 5588/7/6 5589/7/6
f 5589/7/6 5588/7/6 5590/7/6
f 5590/7/6 5588/7/6 5591/7/6
f 5589/7/6 5590/7/6 5592/7/6
f 5592/7/6 5590/7/6 5593/7/6
f 5590/4/6 5591/4/6 5594/4/6
f 5593/7/6 5590/7/6 5594/7/6
f 5591/7/6 5588/7/6 5595/7/6
f 5594/4/6 5591/4/6 5595/4/6
f 5581/7/6 5559/7/6 5596/7/6
f 5595/7/6 5588/7/6 5596/7/6
f 5588/7/6 5581/7/6 5596/7/6
f 5596/7/6 5559/7/6 5597/7/6
f 5589/7/6 5592/7/6 5598/7/6
f 5592/4/6 5593/4/6 5598/4/6
f 5594/7/6 5595/7/6 5599/7/6
f 5598/4/6 5593/4/6 5599/4/6
f 5593/7/6 5594/7/6 5599/7/6
f 5595/7/6 5596/7/6 5599/7/6
f 5596/2/6 5597/2/6 5600/2/6
f 5599/7/6 5596/7/6 5600/7/6
f 5597/7/6 5559/7/6 5601/7/6
f 5600/2/6 5597/2/6 5601/2/6
f 5559/7/6 5517/7/6 5602/7/6
f 5601/7/6 5559/7/6 5602/7/6
f 5600/7/6 5601/7/6 5602/7/6
f 5598/7/6 5599/7/6 5602/7/6
f 5599/7/6 5600/7/6 5602/7/6
f 5602/7/6 5517/7/6 5603/7/6
f 5589/7/6 5598/7/6 5605/7/6
f 5598/7/6 5602/7/6 5605/7/6
f 5602/6/6 5603/6/6 5606/6/6
f 5605/7/6 5602/7/6 5606/7/6
f 5603/7/6 5517/7/6 5607/7/6
f 5606/6/6 5603/6/6 5607/6/6
f 5605/7/6 5606/7/6 5608/7/6
f 5604/7/6 5605/7/6 5608/7/6
f 5606/7/6 5607/7/6 5608/7/6
f 5608/7/6 5607/7/6 5609/7/6
f 5604/7/6 5608/7/6 5610/7/6
f 5610/7/6 5608/7/6 5611/7/6
f 5608/4/6 5609/4/6 5612/4/6
f 5611/7/6 5608/7/6 5612/7/6
f 5609/7/6 5607/7/6 5613/7/6
f 5612/4/6 5609/4/6 5613/4/6
f 5610/1/6 5611/1/6 5614/1/6
f 5604/7/6 5610/7/6 5614/7/6
f 5611/7/6 5612/7/6 5615/7/6
f 5614/1/6 5611/1/6 5615/1/6
f 5612/7/6 5613/7/6 5615/7/6
f 5613/7/6 5607/7/6 5616/7/6
f 5615/7/6 5613/7/6 5616/7/6
f 5616/7/6 5607/7/6 5617/7/6
f 5604/7/6 5614/7/6 5619/7/6
f 5614/7/6 5615/7/6 5619/7/6
f 5615/7/6 5616/7/6 5619/7/6
f 5616/1/6 5617/1/6 5620/1/6
f 5619/7/6 5616/7/6 5620/7/6
f 5617/7/6 5607/7/6 5621/7/6
f 5620/1/6 5617/1/6 5621/1/6
f 5619/7/6 5620/7/6 5623/7/6
f 5618/7/6 5619/7/6 5623/7/6
f 5620/7/6 5621/7/6 5623/7/6
f 5623/7/6 5621/7/6 5624/7/6
f 5624/7/6 5621/7/6 5625/7/6
f 5625/7/6 5621/7/6 5626/7/6
f 5626/7/6 5621/7/6 5627/7/6
f 5622/7/6 5623/7/6 5628/7/6
f 5623/7/6 5624/7/6 5628/7/6
f 5628/7/6 5624/7/6 5629/7/6
f 5624/1/6 5625/1/6 5630/1/6
f 5629/7/6 5624/7/6 5630/7/6
f 5625/7/6 5626/7/6 5631/7/6
f 5630/1/6 5625/1/6 5631/1/6
f 5626/5/6 5627/5/6 5632/5/6
f 5631/7/6 5626/7/6 5632/7/6
f 5627/7/6 5621/7/6 5633/7/6
f 5632/5/6 5627/5/6 5633/5/6
f 5622/7/6 5628/7/6 5635/7/6
f 5628/1/6 5629/1/6 5636/1/6
f 5635/7/6 5628/7/6 5636/7/6
f 5631/7/6 5632/7/6 5637/7/6
f 5636/1/6 5629/1/6 5637/1/6
f 5630/7/6 5631/7/6 5637/7/6
f 5629/7/6 5630/7/6 5637/7/6
f 5632/7/6 5633/7/6 5637/7/6
f 5637/7/6 5633/7/6 5638/7/6
f 5638/7/6 5633/7/6 5639/7/6
f 5633/7/6 5621/7/6 5640/7/6
f 5639/7/6 5633/7/6 5640/7/6
f 5640/7/6 5621/7/6 5641/7/6
f 5635/7/6 5636/7/6 5642/7/6
f 5634/7/6 5635/7/6 5642/7/6
f 5638/6/6 5639/6/6 5642/6/6
f 5636/7/6 5637/7/6 5642/7/6
f 5637/7/6 5638/7/6 5642/7/6
f 5639/7/6 5640/7/6 5643/7/6
f 5642/6/6 5639/6/6 5643/6/6
f 5640/4/6 5641/4/6 5644/4/6
f 5643/7/6 5640/7/6 5644/7/6
f 5641/7/6 5621/7/6 5645/7/6
f 5644/4/6 5641/4/6 5645/4/6
f 5643/7/6 5644/7/6 5647/7/6
f 5642/7/6 5643/7/6 5647/7/6
f 5644/7/6 5645/7/6 5647/7/6
f 5634/7/6 5642/7/6 5647/7/6
f 5607/7/6 5517/7/6 5648/7/6
f 5621/7/6 5607/7/6 5648/7/6
f 5647/7/6 5645/7/6 5648/7/6
f 5645/7/6 5621/7/6 5648/7/6
f 5517/7/6 5389/7/6 5649/7/6
f 5648/7/6 5517/7/6 5649/7/6
f 5647/7/6 5648/7/6 5650/7/6
f 5646/7/6 5647/7/6 5650/7/6
f 5650/7/6 5648/7/6 5651/7/6
f 5651/7/6 5648/7/6 5652/7/6
f 5648/1/6 5649/1/6 5653/1/6
f 5652/7/6 5648/7/6 5653/7/6
f 5649/7/6 5389/7/6 5654/7/6
f 5653/1/6 5649/1/6 5654/1/6
f 5650/7/6 5651/7/6 5655/7/6
f 5651/1/6 5652/1/6 5656/1/6
f 5655/7/6 5651/7/6 5656/7/6
f 5652/7/6 5653/7/6 5657/7/6
f 5656/1/6 5652/1/6 5657/1/6
f 5653/7/6 5654/7/6 5657/7/6
f 5655/7/6 5656/7/6 5659/7/6
f 5656/7/6 5657/7/6 5659/7/6
f 5659/7/6 5657/7/6 5660/7/6
f 5660/7/6 5657/7/6 5661/7/6
f 5658/7/6 5659/7/6 5662/7/6
f 5659/7/6 5660/7/6 5662/7/6
f 5660/4/6 5661/4/6 5662/4/6
f 5661/7/6 5657/7/6 5663/7/6
f 5662/4/6 5661/4/6 5663/4/6
f 5658/7/6 5662/7/6 5665/7/6
f 5662/7/6 5663/7/6 5665/7/6
f 5665/7/6 5663/7/6 5666/7/6
f 5666/7/6 5663/7/6 5667/7/6
f 5664/7/6 5665/7/6 5669/7/6
f 5665/7/6 5666/7/6 5669/7/6
f 5666/3/6 5667/3/6 5670/3/6
f 5669/7/6 5666/7/6 5670/7/6
f 5667/7/6 5663/7/6 5671/7/6
f 5670/3/6 5667/3/6 5671/3/6
f 5669/7/6 5670/7/6 5673/7/6
f 5668/7/6 5669/7/6 5673/7/6
f 5670/7/6 5671/7/6 5673/7/6
f 5672/7/6 5673/7/6 5675/7/6
f 5674/7/6 5675/7/6 5677/7/6
f 5671/7/6 5663/7/6 5678/7/6
f 5673/7/6 5671/7/6 5678/7/6
f 5677/7/6 5675/7/6 5678/7/6
f 5675/7/6 5673/7/6 5678/7/6
f 5678/7/6 5663/7/6 5679/7/6
f 5676/7/6 5677/7/6 5681/7/6
f 5677/7/6 5678/7/6 5681/7/6
f 5681/7/6 5678/7/6 5682/7/6
f 5682/7/6 5678/7/6 5683/7/6
f 5678/4/6 5679/4/6 5684/4/6
f 5683/7/6 5678/7/6 5684/7/6
f 5679/7/6 5663/7/6 5685/7/6
f 5684/4/6 5679/4/6 5685/4/6
f 5682/1/6 5683/1/6 5686/1/6
f 5680/7/6 5681/7/6 5686/7/6
f 5681/7/6 5682/7/6 5686/7/6
f 5683/7/6 5684/7/6 5687/7/6
f 5686/1/6 5683/1/6 5687/1/6
f 5684/7/6 5685/7/6 5687/7/6
f 5680/7/6 5686/7/6 5689/7/6
f 5686/7/6 5687/7/6 5689/7/6
f 5688/7/6 5689/7/6 5691/7/6
f 5657/7/6 5654/7/6 5692/7/6
f 5663/7/6 5657/7/6 5692/7/6
f 5691/7/6 5689/7/6 5692/7/6
f 5687/7/6 5685/7/6 5692/7/6
f 5689/7/6 5687/7/6 5692/7/6
f 5685/7/6 5663/7/6 5692/7/6
f 5692/7/6 5654/7/6 5693/7/6
f 5690/7/6 5691/7/6 5695/7/6
f 5691/7/6 5692/7/6 5695/7/6
f 5692/1/6 5693/1/6 5696/1/6
f 5695/7/6 5692/7/6 5696/7/6
f 5693/7/6 5654/7/6 5697/7/6
f 5696/1/6 5693/1/6 5697/1/6
f 5695/7/6 5696/7/6 5699/7/6
f 5694/7/6 5695/7/6 5699/7/6
f 5696/7/6 5697/7/6 5699/7/6
f 5698/7/6 5699/7/6 5701/7/6
f 5699/7/6 5697/7/6 5702/7/6
f 5701/7/6 5699/7/6 5702/7/6
f 5702/7/6 5697/7/6 5703/7/6
f 5700/7/6 5701/7/6 5705/7/6
f 5701/7/6 5702/7/6 5705/7/6
f 5702/1/6 5703/1/6 5706/1/6
f 5705/7/6 5702/7/6 5706/7/6
f 5703/7/6 5697/7/6 5707/7/6
f 5706/1/6 5703/1/6 5707/1/6
f 5697/7/6 5654/7/6 5708/7/6
f 5707/7/6 5697/7/6 5708/7/6
f 5708/7/6 5654/7/6 5709/7/6
f 5706/7/6 5707/7/6 5710/7/6
f 5705/7/6 5706/7/6 5710/7/6
f 5704/7/6 5705/7/6 5710/7/6
f 5707/7/6 5708/7/6 5710/7/6
f 5710/7/6 5708/7/6 5711/7/6
f 5711/7/6 5708/7/6 5712/7/6
f 5712/7/6 5708/7/6 5713/7/6
f 5708/4/6 5709/4/6 5714/4/6
f 5713/7/6 5708/7/6 5714/7/6
f 5709/7/6 5654/7/6 5715/7/6
f 5714/4/6 5709/4/6 5715/4/6
f 5704/7/6 5710/7/6 5717/7/6
f 5710/3/6 5711/3/6 5718/3/6
f 5717/7/6 5710/7/6 5718/7/6
f 5711/7/6 5712/7/6 5719/7/6
f 5718/3/6 5711/3/6 5719/3/6
f 5712/1/6 5713/1/6 5720/1/6
f 5719/7/6 5712/7/6 5720/7/6
f 5713/7/6 5714/7/6 5721/7/6
f 5720/1/6 5713/1/6 5721/1/6
f 5714/7/6 5715/7/6 5721/7/6
f 5719/7/6 5720/7/6 5723/7/6
f 5718/7/6 5719/7/6 5723/7/6
f 5720/7/6 5721/7/6 5723/7/6
f 5716/7/6 5717/7/6 5723/7/6
f 5717/7/6 5718/7/6 5723/7/6
f 5721/7/6 5715/7/6 5724/7/6
f 5723/7/6 5721/7/6 5724/7/6
f 5724/7/6 5715/7/6 5725/7/6
f 5722/7/6 5723/7/6 5727/7/6
f 5723/7/6 5724/7/6 5727/7/6
f 5727/7/6 5724/7/6 5728/7/6
f 5728/7/6 5724/7/6 5729/7/6
f 5724/3/6 5725/3/6 5730/3/6
f 5729/7/6 5724/7/6 5730/7/6
f 5725/7/6 5715/7/6 5731/7/6
f 5730/3/6 5725/3/6 5731/3/6
f 5731/7/6 5715/7/6 5732/7/6
f 5732/7/6 5715/7/6 5733/7/6
f 5726/7/6 5727/7/6 5735/7/6
f 5727/7/6 5728/7/6 5735/7/6
f 5728/5/6 5729/5/6 5736/5/6
f 5735/7/6 5728/7/6 5736/7/6
f 5729/7/6 5730/7/6 5737/7/6
f 5736/5/6 5729/5/6 5737/5/6
f 5730/7/6 5731/7/6 5737/7/6
f 5731/7/6 5732/7/6 5737/7/6
f 5654/7/6 5389/7/6 5738/7/6
f 5715/7/6 5654/7/6 5738/7/6
f 5733/7/6 5715/7/6 5738/7/6
f 5389/7/6 5212/7/6 5739/7/6
f 5738/7/6 5389/7/6 5739/7/6
f 5735/7/6 5736/7/6 5741/7/6
f 5736/7/6 5737/7/6 5741/7/6
f 5734/7/6 5735/7/6 5741/7/6
f 5741/7/6 5737/7/6 5742/7/6
f 5742/7/6 5737/7/6 5743/7/6
f 5737/7/6 5732/7/6 5744/7/6
f 5743/7/6 5737/7/6 5744/7/6
f 5744/7/6 5732/7/6 5745/7/6
f 5732/1/6 5733/1/6 5746/1/6
f 5745/7/6 5732/7/6 5746/7/6
f 5733/7/6 5738/7/6 5747/7/6
f 5746/1/6 5733/1/6 5747/1/6
f 5740/7/6 5741/7/6 5749/7/6
f 5741/7/6 5742/7/6 5749/7/6
f 5742/1/6 5743/1/6 5750/1/6
f 5749/7/6 5742/7/6 5750/7/6
f 5743/7/6 5744/7/6 5751/7/6
f 5750/1/6 5743/1/6 5751/1/6
f 5751/7/6 5744/7/6 5752/7/6
f 5752/7/6 5744/7/6 5753/7/6
f 5745/7/6 5746/7/6 5754/7/6
f 5738/6/6 5739/6/6 5754/6/6
f 5747/7/6 5738/7/6 5754/7/6
f 5746/7/6 5747/7/6 5754/7/6
f 5739/7/6 5212/7/6 5755/7/6
f 5754/6/6 5739/6/6 5755/6/6
f 5748/7/6 5749/7/6 5757/7/6
f 5751/7/6 5752/7/6 5757/7/6
f 5750/7/6 5751/7/6 5757/7/6
f 5749/7/6 5750/7/6 5757/7/6
f 5752/1/6 5753/1/6 5758/1/6
f 5757/7/6 5752/7/6 5758/7/6
f 5753/7/6 5744/7/6 5759/7/6
f 5758/1/6 5753/1/6 5759/1/6
f 5744/5/6 5745/5/6 5760/5/6
f 5759/7/6 5744/7/6 5760/7/6
f 5745/7/6 5754/7/6 5761/7/6
f 5760/5/6 5745/5/6 5761/5/6
f 5754/7/6 5755/7/6 5761/7/6
f 5761/7/6 5755/7/6 5762/7/6
f 5762/7/6 5755/7/6 5763/7/6
f 5759/7/6 5760/7/6 5765/7/6
f 5757/7/6 5758/7/6 5765/7/6
f 5756/7/6 5757/7/6 5765/7/6
f 5761/7/6 5762/7/6 5765/7/6
f 5760/7/6 5761/7/6 5765/7/6
f 5758/7/6 5759/7/6 5765/7/6
f 5765/7/6 5762/7/6 5766/7/6
f 5766/7/6 5762/7/6 5767/7/6
f 5762/5/6 5763/5/6 5768/5/6
f 5767/7/6 5762/7/6 5768/7/6
f 5763/7/6 5755/7/6 5769/7/6
f 5768/5/6 5763/5/6 5769/5/6
f 5764/7/6 5765/7/6 5771/7/6
f 5765/7/6 5766/7/6 5771/7/6
f 5771/7/6 5766/7/6 5772/7/6
f 5772/7/6 5766/7/6 5773/7/6
f 5773/7/6 5766/7/6 5774/7/6
f 5774/7/6 5766/7/6 5775/7/6
f 5766/4/6 5767/4/6 5776/4/6
f 5775/7/6 5766/7/6 5776/7/6
f 5767/7/6 5768/7/6 5777/7/6
f 5776/4/6 5767/4/6 5777/4/6
f 5768/7/6 5769/7/6 5777/7/6
f 5770/7/6 5771/7/6 5779/7/6
f 5771/7/6 5772/7/6 5779/7/6
f 5779/7/6 5772/7/6 5780/7/6
f 5780/7/6 5772/7/6 5781/7/6
f 5772/4/6 5773/4/6 5782/4/6
f 5781/7/6 5772/7/6 5782/7/6
f 5773/7/6 5774/7/6 5783/7/6
f 5782/4/6 5773/4/6 5783/4/6
f 5774/5/6 5775/5/6 5784/5/6
f 5783/7/6 5774/7/6 5784/7/6
f 5775/7/6 5776/7/6 5785/7/6
f 5784/5/6 5775/5/6 5785/5/6
f 5776/7/6 5777/7/6 5785/7/6
f 5779/7/6 5780/7/6 5787/7/6
f 5778/7/6 5779/7/6 5787/7/6
f 5780/4/6 5781/4/6 5788/4/6
f 5787/7/6 5780/7/6 5788/7/6
f 5783/7/6 5784/7/6 5789/7/6
f 5788/4/6 5781/4/6 5789/4/6
f 5782/7/6 5783/7/6 5789/7/6
f 5781/7/6 5782/7/6 5789/7/6
f 5784/7/6 5785/7/6 5789/7/6
f 5787/7/6 5788/7/6 5791/7/6
f 5786/7/6 5787/7/6 5791/7/6
f 5788/7/6 5789/7/6 5791/7/6
f 5790/7/6 5791/7/6 5793/7/6
f 5792/7/6 5793/7/6 5795/7/6
f 5794/7/6 5795/7/6 5797/7/6
f 5789/7/6 5785/7/6 5798/7/6
f 5791/7/6 5789/7/6 5798/7/6
f 5797/7/6 5795/7/6 5798/7/6
f 5793/7/6 5791/7/6 5798/7/6
f 5795/7/6 5793/7/6 5798/7/6
f 5798/7/6 5785/7/6 5799/7/6
f 5796/7/6 5797/7/6 5801/7/6
f 5797/7/6 5798/7/6 5801/7/6
f 5798/3/6 5799/3/6 5802/3/6
f 5801/7/6 5798/7/6 5802/7/6
f 5799/7/6 5785/7/6 5803/7/6
f 5802/3/6 5799/3/6 5803/3/6
f 5801/7/6 5802/7/6 5805/7/6
f 5800/7/6 5801/7/6 5805/7/6
f 5802/7/6 5803/7/6 5805/7/6
f 5805/7/6 5803/7/6 5806/7/6
f 5806/7/6 5803/7/6 5807/7/6
f 5803/7/6 5785/7/6 5808/7/6
f 5807/7/6 5803/7/6 5808/7/6
f 5777/7/6 5769/7/6 5808/7/6
f 5785/7/6 5777/7/6 5808/7/6
f 5808/7/6 5769/7/6 5809/7/6
f 5805/7/6 5806/7/6 5811/7/6
f 5804/7/6 5805/7/6 5811/7/6
f 5806/1/6 5807/1/6 5812/1/6
f 5811/7/6 5806/7/6 5812/7/6
f 5807/7/6 5808/7/6 5813/7/6
f 5812/1/6 5807/1/6 5813/1/6
f 5813/7/6 5808/7/6 5814/7/6
f 5814/7/6 5808/7/6 5815/7/6
f 5808/6/6 5809/6/6 5816/6/6
f 5815/7/6 5808/7/6 5816/7/6
f 5809/7/6 5769/7/6 5817/7/6
f 5816/6/6 5809/6/6 5817/6/6
f 5810/7/6 5811/7/6 5819/7/6
f 5811/7/6 5812/7/6 5819/7/6
f 5812/7/6 5813/7/6 5819/7/6
f 5813/7/6 5814/7/6 5819/7/6
f 5814/4/6 5815/4/6 5820/4/6
f 5819/7/6 5814/7/6 5820/7/6
f 5815/7/6 5816/7/6 5821/7/6
f 5820/4/6 5815/4/6 5821/4/6
f 5816/7/6 5817/7/6 5821/7/6
f 5821/7/6 5817/7/6 5822/7/6
f 5822/7/6 5817/7/6 5823/7/6
f 5817/7/6 5769/7/6 5824/7/6
f 5823/7/6 5817/7/6 5824/7/6
f 5824/7/6 5769/7/6 5825/7/6
f 5819/7/6 5820/7/6 5827/7/6
f 5818/7/6 5819/7/6 5827/7/6
f 5820/7/6 5821/7/6 5827/7/6
f 5821/7/6 5822/7/6 5827/7/6
f 5822/6/6 5823/6/6 5828/6/6
f 5827/7/6 5822/7/6 5828/7/6
f 5823/7/6 5824/7/6 5829/7/6
f 5828/6/6 5823/6/6 5829/6/6
f 5824/4/6 5825/4/6 5830/4/6
f 5829/7/6 5824/7/6 5830/7/6
f 5825/7/6 5769/7/6 5831/7/6
f 5830/4/6 5825/4/6 5831/4/6
f 5831/7/6 5769/7/6 5832/7/6
f 5832/7/6 5769/7/6 5833/7/6
f 5826/7/6 5827/7/6 5835/7/6
f 5829/7/6 5830/7/6 5835/7/6
f 5828/7/6 5829/7/6 5835/7/6
f 5831/7/6 5832/7/6 5835/7/6
f 5830/7/6 5831/7/6 5835/7/6
f 5827/7/6 5828/7/6 5835/7/6
f 5835/7/6 5832/7/6 5836/7/6
f 5836/7/6 5832/7/6 5837/7/6
f 5832/1/6 5833/1/6 5838/1/6
f 5837/7/6 5832/7/6 5838/7/6
f 5833/7/6 5769/7/6 5839/7/6
f 5838/1/6 5833/1/6 5839/1/6
f 5834/7/6 5835/7/6 5841/7/6
f 5835/7/6 5836/7/6 5841/7/6
f 5836/4/6 5837/4/6 5842/4/6
f 5841/7/6 5836/7/6 5842/7/6
f 5837/7/6 5838/7/6 5843/7/6
f 5842/4/6 5837/4/6 5843/4/6
f 5838/7/6 5839/7/6 5843/7/6
f 5841/7/6 5842/7/6 5845/7/6
f 5840/7/6 5841/7/6 5845/7/6
f 5842/7/6 5843/7/6 5845/7/6
f 5845/7/6 5843/7/6 5846/7/6
f 5846/7/6 5843/7/6 5847/7/6
f 5844/7/6 5845/7/6 5849/7/6
f 5845/7/6 5846/7/6 5849/7/6
f 5849/7/6 5846/7/6 5850/7/6
f 5850/7/6 5846/7/6 5851/7/6
f 5846/5/6 5847/5/6 5852/5/6
f 5851/7/6 5846/7/6 5852/7/6
f 5847/7/6 5843/7/6 5853/7/6
f 5852/5/6 5847/5/6 5853/5/6
f 5853/7/6 5843/7/6 5854/7/6
f 5854/7/6 5843/7/6 5855/7/6
f 5848/7/6 5849/7/6 5857/7/6
f 5849/7/6 5850/7/6 5857/7/6
f 5850/1/6 5851/1/6 5858/1/6
f 5857/7/6 5850/7/6 5858/7/6
f 5851/7/6 5852/7/6 5859/7/6
f 5858/1/6 5851/1/6 5859/1/6
f 5852/7/6 5853/7/6 5859/7/6
f 5853/7/6 5854/7/6 5859/7/6
f 5859/7/6 5854/7/6 5860/7/6
f 5860/7/6 5854/7/6 5861/7/6
f 5861/7/6 5854/7/6 5862/7/6
f 5862/7/6 5854/7/6 5863/7/6
f 5854/5/6 5855/5/6 5864/5/6
f 5863/7/6 5854/7/6 5864/7/6
f 5855/7/6 5843/7/6 5865/7/6
f 5864/5/6 5855/5/6 5865/5/6
f 5857/7/6 5858/7/6 5867/7/6
f 5856/7/6 5857/7/6 5867/7/6
f 5858/7/6 5859/7/6 5867/7/6
f 5859/7/6 5860/7/6 5867/7/6
f 5860/4/6 5861/4/6 5868/4/6
f 5867/7/6 5860/7/6 5868/7/6
f 5861/7/6 5862/7/6 5869/7/6
f 5868/4/6 5861/4/6 5869/4/6
f 5862/3/6 5863/3/6 5870/3/6
f 5869/7/6 5862/7/6 5870/7/6
f 5864/7/6 5865/7/6 5871/7/6
f 5870/3/6 5863/3/6 5871/3/6
f 5863/7/6 5864/7/6 5871/7/6
f 5869/7/6 5870/7/6 5873/7/6
f 5868/7/6 5869/7/6 5873/7/6
f 5870/7/6 5871/7/6 5873/7/6
f 5866/7/6 5867/7/6 5873/7/6
f 5867/7/6 5868/7/6 5873/7/6
f 5873/7/6 5871/7/6 5874/7/6
f 5874/7/6 5871/7/6 5875/7/6
f 5872/7/6 5873/7/6 5877/7/6
f 5873/7/6 5874/7/6 5877/7/6
f 5874/5/6 5875/5/6 5878/5/6
f 5877/7/6 5874/7/6 5878/7/6
f 5875/7/6 5871/7/6 5879/7/6
f 5878/5/6 5875/5/6 5879/5/6
f 5877/7/6 5878/7/6 5881/7/6
f 5876/7/6 5877/7/6 5881/7/6
f 5878/7/6 5879/7/6 5881/7/6
f 5881/7/6 5879/7/6 5882/7/6
f 5882/7/6 5879/7/6 5883/7/6
f 5871/7/6 5865/7/6 5884/7/6
f 5883/7/6 5879/7/6 5884/7/6
f 5879/7/6 5871/7/6 5884/7/6
f 5884/7/6 5865/7/6 5885/7/6
f 5881/7/6 5882/7/6 5887/7/6
f 5880/7/6 5881/7/6 5887/7/6
f 5882/5/6 5883/5/6 5888/5/6
f 5887/7/6 5882/7/6 5888/7/6
f 5883/7/6 5884/7/6 5889/7/6
f 5888/5/6 5883/5/6 5889/5/6
f 5884/1/6 5885/1/6 5890/1/6
f 5889/7/6 5884/7/6 5890/7/6
f 5885/7/6 5865/7/6 5891/7/6
f 5890/1/6 5885/1/6 5891/1/6
f 5886/7/6 5887/7/6 5893/7/6
f 5889/7/6 5890/7/6 5893/7/6
f 5890/7/6 5891/7/6 5893/7/6
f 5888/7/6 5889/7/6 5893/7/6
f 5887/7/6 5888/7/6 5893/7/6
f 5892/7/6 5893/7/6 5895/7/6
f 5891/7/6 5865/7/6 5896/7/6
f 5893/7/6 5891/7/6 5896/7/6
f 5895/7/6 5893/7/6 5896/7/6
f 5896/7/6 5865/7/6 5897/7/6
f 5894/7/6 5895/7/6 5899/7/6
f 5895/7/6 5896/7/6 5899/7/6
f 5899/7/6 5896/7/6 5900/7/6
f 5900/7/6 5896/7/6 5901/7/6
f 5896/6/6 5897/6/6 5902/6/6
f 5901/7/6 5896/7/6 5902/7/6
f 5897/7/6 5865/7/6 5903/7/6
f 5902/6/6 5897/6/6 5903/6/6
f 5898/7/6 5899/7/6 5905/7/6
f 5899/7/6 5900/7/6 5905/7/6
f 5905/7/6 5900/7/6 5906/7/6
f 5906/7/6 5900/7/6 5907/7/6
f 5900/6/6 5901/6/6 5908/6/6
f 5907/7/6 5900/7/6 5908/7/6
f 5901/7/6 5902/7/6 5909/7/6
f 5908/6/6 5901/6/6 5909/6/6
f 5902/7/6 5903/7/6 5909/7/6
f 5905/7/6 5906/7/6 5913/7/6
f 5904/7/6 5905/7/6 5913/7/6
f 5913/7/6 5906/7/6 5914/7/6
f 5914/7/6 5906/7/6 5915/7/6
f 5906/3/6 5907/3/6 5916/3/6
f 5915/7/6 5906/7/6 5916/7/6
f 5907/7/6 5908/7/6 5917/7/6
f 5916/3/6 5907/3/6 5917/3/6
f 5908/7/6 5909/7/6 5917/7/6
f 5910/7/6 5911/7/6 5919/7/6
f 5919/7/6 5911/7/6 5920/7/6
f 5913/7/6 5914/7/6 5921/7/6
f 5912/7/6 5913/7/6 5921/7/6
f 5914/4/6 5915/4/6 5922/4/6
f 5921/7/6 5914/7/6 5922/7/6
f 5915/7/6 5916/7/6 5923/7/6
f 5922/4/6 5915/4/6 5923/4/6
f 5916/7/6 5917/7/6 5923/7/6
f 5923/7/6 5917/7/6 5924/7/6
f 5924/7/6 5917/7/6 5925/7/6
f 5921/7/6 5922/7/6 5927/7/6
f 5920/7/6 5921/7/6 5927/7/6
f 5919/7/6 5920/7/6 5927/7/6
f 5923/7/6 5924/7/6 5927/7/6
f 5922/7/6 5923/7/6 5927/7/6
f 5918/7/6 5919/7/6 5927/7/6
f 5924/1/6 5925/1/6 5928/1/6
f 5927/7/6 5924/7/6 5928/7/6
f 5925/7/6 5917/7/6 5929/7/6
f 5928/1/6 5925/1/6 5929/1/6
f 5927/7/6 5928/7/6 5931/7/6
f 5926/7/6 5927/7/6 5931/7/6
f 5928/7/6 5929/7/6 5931/7/6
f 5930/7/6 5931/7/6 5933/7/6
f 5931/7/6 5929/7/6 5934/7/6
f 5933/7/6 5931/7/6 5934/7/6
f 5934/7/6 5929/7/6 5935/7/6
f 5932/7/6 5933/7/6 5937/7/6
f 5933/7/6 5934/7/6 5937/7/6
f 5937/7/6 5934/7/6 5938/7/6
f 5938/7/6 5934/7/6 5939/7/6
f 5939/7/6 5934/7/6 5940/7/6
f 5940/7/6 5934/7/6 5941/7/6
f 5934/3/6 5935/3/6 5942/3/6
f 5941/7/6 5934/7/6 5942/7/6
f 5935/7/6 5929/7/6 5943/7/6
f 5942/3/6 5935/3/6 5943/3/6
f 5943/7/6 5929/7/6 5944/7/6
f 5944/7/6 5929/7/6 5945/7/6
f 5929/7/6 5917/7/6 5946/7/6
f 5945/7/6 5929/7/6 5946/7/6
f 5917/7/6 5909/7/6 5946/7/6
f 5946/7/6 5909/7/6 5947/7/6
f 5909/7/6 5903/7/6 5948/7/6
f 5947/7/6 5909/7/6 5948/7/6
f 5948/7/6 5903/7/6 5949/7/6
f 5843/7/6 5839/7/6 5950/7/6
f 5949/7/6 5903/7/6 5950/7/6
f 5839/7/6 5769/7/6 5950/7/6
f 5865/7/6 5843/7/6 5950/7/6
f 5903/7/6 5865/7/6 5950/7/6
f 5950/7/6 5769/7/6 5951/7/6
f 5936/7/6 5937/7/6 5953/7/6
f 5937/7/6 5938/7/6 5953/7/6
f 5938/4/6 5939/4/6 5954/4/6
f 5953/7/6 5938/7/6 5954/7/6
f 5939/7/6 5940/7/6 5955/7/6
f 5954/4/6 5939/4/6 5955/4/6
f 5944/1/6 5945/1/6 5956/1/6
f 5942/7/6 5943/7/6 5956/7/6
f 5943/7/6 5944/7/6 5956/7/6
f 5941/7/6 5942/7/6 5956/7/6
f 5945/7/6 5946/7/6 5957/7/6
f 5956/1/6 5945/1/6 5957/1/6
f 5957/7/6 5946/7/6 5958/7/6
f 5958/7/6 5946/7/6 5959/7/6
f 5959/7/6 5946/7/6 5960/7/6
f 5960/7/6 5946/7/6 5961/7/6
f 5946/5/6 5947/5/6 5962/5/6
f 5961/7/6 5946/7/6 5962/7/6
f 5947/7/6 5948/7/6 5963/7/6
f 5962/5/6 5947/5/6 5963/5/6
f 5963/7/6 5948/7/6 5964/7/6
f 5964/7/6 5948/7/6 5965/7/6
f 5948/4/6 5949/4/6 5966/4/6
f 5965/7/6 5948/7/6 5966/7/6
f 5949/7/6 5950/7/6 5967/7/6
f 5966/4/6 5949/4/6 5967/4/6
f 5950/1/6 5951/1/6 5968/1/6
f 5967/7/6 5950/7/6 5968/7/6
f 5951/7/6 5769/7/6 5969/7/6
f 5968/1/6 5951/1/6 5969/1/6
f 5954/7/6 5955/7/6 5971/7/6
f 5952/7/6 5953/7/6 5971/7/6
f 5953/7/6 5954/7/6 5971/7/6
f 5955/7/6 5940/7/6 5972/7/6
f 5940/2/6 5941/2/6 5972/2/6
f 5971/7/6 5955/7/6 5972/7/6
f 5941/7/6 5956/7/6 5973/7/6
f 5972/2/6 5941/2/6 5973/2/6
f 5956/7/6 5957/7/6 5973/7/6
f 5957/7/6 5958/7/6 5973/7/6
f 5973/7/6 5958/7/6 5974/7/6
f 5974/7/6 5958/7/6 5975/7/6
f 5958/4/6 5959/4/6 5976/4/6
f 5975/7/6 5958/7/6 5976/7/6
f 5959/7/6 5960/7/6 5977/7/6
f 5976/4/6 5959/4/6 5977/4/6
f 5960/5/6 5961/5/6 5978/5/6
f 5977/7/6 5960/7/6 5978/7/6
f 5961/7/6 5962/7/6 5979/7/6
f 5978/5/6 5961/5/6 5979/5/6
f 5963/7/6 5964/7/6 5979/7/6
f 5962/7/6 5963/7/6 5979/7/6
f 5964/1/6 5965/1/6 5980/1/6
f 5979/7/6 5964/7/6 5980/7/6
f 5965/7/6 5966/7/6 5981/7/6
f 5980/1/6 5965/1/6 5981/1/6
f 5967/7/6 5968/7/6 5981/7/6
f 5966/7/6 5967/7/6 5981/7/6
f 5968/7/6 5969/7/6 5981/7/6
f 5971/7/6 5972/7/6 5983/7/6
f 5970/7/6 5971/7/6 5983/7/6
f 5972/7/6 5973/7/6 5983/7/6
f 5973/7/6 5974/7/6 5983/7/6
f 5974/5/6 5975/5/6 5984/5/6
f 5983/7/6 5974/7/6 5984/7/6
f 5978/7/6 5979/7/6 5985/7/6
f 5984/5/6 5975/5/6 5985/5/6
f 5977/7/6 5978/7/6 5985/7/6
f 5980/7/6 5981/7/6 5985/7/6
f 5975/7/6 5976/7/6 5985/7/6
f 5976/7/6 5977/7/6 5985/7/6
f 5979/7/6 5980/7/6 5985/7/6
f 5981/7/6 5969/7/6 5986/7/6
f 5985/7/6 5981/7/6 5986/7/6
f 5986/7/6 5969/7/6 5987/7/6
f 5983/7/6 5984/7/6 5989/7/6
f 5984/7/6 5985/7/6 5989/7/6
f 5982/7/6 5983/7/6 5989/7/6
f 5985/7/6 5986/7/6 5989/7/6
f 5989/7/6 5986/7/6 5990/7/6
f 5990/7/6 5986/7/6 5991/7/6
f 5986/4/6 5987/4/6 5992/4/6
f 5991/7/6 5986/7/6 5992/7/6
f 5987/7/6 5969/7/6 5993/7/6
f 5992/4/6 5987/4/6 5993/4/6
f 5988/7/6 5989/7/6 5995/7/6
f 5989/7/6 5990/7/6 5995/7/6
f 5995/7/6 5990/7/6 5996/7/6
f 5996/7/6 5990/7/6 5997/7/6
f 5997/7/6 5990/7/6 5998/7/6
f 5998/7/6 5990/7/6 5999/7/6
f 5999/7/6 5990/7/6 6000/7/6
f 6000/7/6 5990/7/6 6001/7/6
f 5990/5/6 5991/5/6 6002/5/6
f 6001/7/6 5990/7/6 6002/7/6
f 5991/7/6 5992/7/6 6003/7/6
f 6002/5/6 5991/5/6 6003/5/6
f 5992/7/6 5993/7/6 6003/7/6
f 5994/7/6 5995/7/6 6005/7/6
f 5995/7/6 5996/7/6 6005/7/6
f 5996/4/6 5997/4/6 6006/4/6
f 6005/7/6 5996/7/6 6006/7/6
f 5997/7/6 5998/7/6 6007/7/6
f 6006/4/6 5997/4/6 6007/4/6
f 5998/3/6 5999/3/6 6008/3/6
f 6007/7/6 5998/7/6 6008/7/6
f 5999/7/6 6000/7/6 6009/7/6
f 6008/3/6 5999/3/6 6009/3/6
f 6000/1/6 6001/1/6 6010/1/6
f 6009/7/6 6000/7/6 6010/7/6
f 6001/7/6 6002/7/6 6011/7/6
f 6010/1/6 6001/1/6 6011/1/6
f 6002/7/6 6003/7/6 6011/7/6
f 6009/7/6 6010/7/6 6013/7/6
f 6008/7/6 6009/7/6 6013/7/6
f 6010/7/6 6011/7/6 6013/7/6
f 6006/7/6 6007/7/6 6013/7/6
f 6005/7/6 6006/7/6 6013/7/6
f 6004/7/6 6005/7/6 6013/7/6
f 6007/7/6 6008/7/6 6013/7/6
f 6013/7/6 6011/7/6 6014/7/6
f 6014/7/6 6011/7/6 6015/7/6
f 6015/7/6 6011/7/6 6016/7/6
f 6016/7/6 6011/7/6 6017/7/6
f 6012/7/6 6013/7/6 6021/7/6
f 6013/7/6 6014/7/6 6021/7/6
f 6021/7/6 6014/7/6 6022/7/6
f 6022/7/6 6014/7/6 6023/7/6
f 6014/1/6 6015/1/6 6024/1/6
f 6023/7/6 6014/7/6 6024/7/6
f 6015/7/6 6016/7/6 6025/7/6
f 6024/1/6 6015/1/6 6025/1/6
f 6016/1/6 6017/1/6 6026/1/6
f 6025/7/6 6016/7/6 6026/7/6
f 6017/7/6 6011/7/6 6027/7/6
f 6026/1/6 6017/1/6 6027/1/6
f 6011/7/6 6003/7/6 6028/7/6
f 6027/7/6 6011/7/6 6028/7/6
f 6028/7/6 6003/7/6 6029/7/6
f 6029/7/6 6003/7/6 6030/7/6
f 6030/7/6 6003/7/6 6031/7/6
f 6018/7/6 6019/7/6 6032/7/6
f 6020/7/6 6021/7/6 6033/7/6
f 6021/7/6 6022/7/6 6033/7/6
f 6022/3/6 6023/3/6 6034/3/6
f 6033/7/6 6022/7/6 6034/7/6
f 6026/7/6 6027/7/6 6035/7/6
f 6034/3/6 6023/3/6 6035/3/6
f 6025/7/6 6026/7/6 6035/7/6
f 6023/7/6 6024/7/6 6035/7/6
f 6024/7/6 6025/7/6 6035/7/6
f 6027/7/6 6028/7/6 6035/7/6
f 6035/7/6 6028/7/6 6036/7/6
f 6036/7/6 6028/7/6 6037/7/6
f 6028/1/6 6029/1/6 6038/1/6
f 6037/7/6 6028/7/6 6038/7/6
f 6029/7/6 6030/7/6 6039/7/6
f 6038/1/6 6029/1/6 6039/1/6
f 6030/4/6 6031/4/6 6040/4/6
f 6039/7/6 6030/7/6 6040/7/6
f 6031/7/6 6003/7/6 6041/7/6
f 6040/4/6 6031/4/6 6041/4/6
f 5993/7/6 5969/7/6 6042/7/6
f 6041/7/6 6003/7/6 6042/7/6
f 6003/7/6 5993/7/6 6042/7/6
f 6042/7/6 5969/7/6 6043/7/6
f 6033/7/6 6034/7/6 6044/7/6
f 6035/7/6 6036/7/6 6044/7/6
f 6032/7/6 6033/7/6 6044/7/6
f 6034/7/6 6035/7/6 6044/7/6
f 6044/7/6 6036/7/6 6045/7/6
f 6036/1/6 6037/1/6 6046/1/6
f 6045/7/6 6036/7/6 6046/7/6
f 6040/7/6 6041/7/6 6047/7/6
f 6046/1/6 6037/1/6 6047/1/6
f 6039/7/6 6040/7/6 6047/7/6
f 6041/7/6 6042/7/6 6047/7/6
f 6038/7/6 6039/7/6 6047/7/6
f 6037/7/6 6038/7/6 6047/7/6
f 6043/7/6 5969/7/6 6048/7/6
f 6048/7/6 5969/7/6 6049/7/6
f 6032/7/6 6044/7/6 6050/7/6
f 6044/5/6 6045/5/6 6050/5/6
f 6045/7/6 6046/7/6 6051/7/6
f 6050/5/6 6045/5/6 6051/5/6
f 6046/7/6 6047/7/6 6051/7/6
f 6051/7/6 6047/7/6 6052/7/6
f 6052/7/6 6047/7/6 6053/7/6
f 6047/7/6 6042/7/6 6054/7/6
f 6053/7/6 6047/7/6 6054/7/6
f 6054/7/6 6042/7/6 6055/7/6
f 6042/5/6 6043/5/6 6056/5/6
f 6055/7/6 6042/7/6 6056/7/6
f 6043/7/6 6048/7/6 6057/7/6
f 6056/5/6 6043/5/6 6057/5/6
f 5769/7/6 5755/7/6 6058/7/6
f 5969/7/6 5769/7/6 6058/7/6
f 6049/7/6 5969/7/6 6058/7/6
f 6058/7/6 5755/7/6 6059/7/6
f 6050/7/6 6051/7/6 6060/7/6
f 6051/7/6 6052/7/6 6060/7/6
f 6052/3/6 6053/3/6 6061/3/6
f 6060/7/6 6052/7/6 6061/7/6
f 6053/7/6 6054/7/6 6062/7/6
f 6061/3/6 6053/3/6 6062/3/6
f 6062/7/6 6054/7/6 6063/7/6
f 6063/7/6 6054/7/6 6064/7/6
f 6064/7/6 6054/7/6 6065/7/6
f 6065/7/6 6054/7/6 6066/7/6
f 6054/1/6 6055/1/6 6067/1/6
f 6066/7/6 6054/7/6 6067/7/6
f 6056/7/6 6057/7/6 6068/7/6
f 6067/1/6 6055/1/6 6068/1/6
f 6055/7/6 6056/7/6 6068/7/6
f 6057/7/6 6048/7/6 6069/7/6
f 6068/7/6 6057/7/6 6069/7/6
f 6048/6/6 6049/6/6 6069/6/6
f 6049/7/6 6058/7/6 6070/7/6
f 6069/6/6 6049/6/6 6070/6/6
f 6058/4/6 6059/4/6 6071/4/6
f 6070/7/6 6058/7/6 6071/7/6
f 6059/7/6 5755/7/6 6072/7/6
f 6071/4/6 6059/4/6 6072/4/6
f 6050/7/6 6060/7/6 6073/7/6
f 6060/3/6 6061/3/6 6073/3/6
f 6061/7/6 6062/7/6 6074/7/6
f 6073/3/6 6061/3/6 6074/3/6
f 6062/7/6 6063/7/6 6074/7/6
f 6063/6/6 6064/6/6 6075/6/6
f 6074/7/6 6063/7/6 6075/7/6
f 6064/7/6 6065/7/6 6076/7/6
f 6075/6/6 6064/6/6 6076/6/6
f 6065/6/6 6066/6/6 6077/6/6
f 6076/7/6 6065/7/6 6077/7/6
f 6075/7/6 6076/7/6 6078/7/6
f 6073/7/6 6074/7/6 6078/7/6
f 6074/7/6 6075/7/6 6078/7/6
f 6078/7/6 6076/7/6 6079/7/6
f 6079/7/6 6076/7/6 6080/7/6
f 6080/7/6 6076/7/6 6081/7/6
f 6081/7/6 6076/7/6 6082/7/6
f 6082/7/6 6076/7/6 6083/7/6
f 6076/6/6 6077/6/6 6084/6/6
f 6083/7/6 6076/7/6 6084/7/6
f 6067/7/6 6068/7/6 6085/7/6
f 6084/6/6 6077/6/6 6085/6/6
f 6066/7/6 6067/7/6 6085/7/6
f 6077/6/6 6066/6/6 6085/6/6
f 6071/7/6 6072/7/6 6085/7/6
f 6070/7/6 6071/7/6 6085/7/6
f 6069/7/6 6070/7/6 6085/7/6
f 6068/7/6 6069/7/6 6085/7/6
f 6078/4/6 6079/4/6 6086/4/6
f 6073/7/6 6078/7/6 6086/7/6
f 6079/7/6 6080/7/6 6087/7/6
f 6086/4/6 6079/4/6 6087/4/6
f 6087/7/6 6080/7/6 6088/7/6
f 6080/1/6 6081/1/6 6089/1/6
f 6088/7/6 6080/7/6 6089/7/6
f 6081/7/6 6082/7/6 6090/7/6
f 6089/1/6 6081/1/6 6090/1/6
f 6082/6/6 6083/6/6 6091/6/6
f 6090/7/6 6082/7/6 6091/7/6
f 6083/7/6 6084/7/6 6092/7/6
f 6091/6/6 6083/6/6 6092/6/6
f 6084/7/6 6085/7/6 6092/7/6
f 6032/7/6 6050/7/6 6093/7/6
f 6087/7/6 6088/7/6 6093/7/6
f 6073/7/6 6086/7/6 6093/7/6
f 6086/7/6 6087/7/6 6093/7/6
f 6050/7/6 6073/7/6 6093/7/6
f 6093/7/6 6088/7/6 6094/7/6
f 6094/7/6 6088/7/6 6095/7/6
f 6095/7/6 6088/7/6 6096/7/6
f 6088/3/6 6089/3/6 6097/3/6
f 6096/7/6 6088/7/6 6097/7/6
f 6090/7/6 6091/7/6 6098/7/6
f 6097/3/6 6089/3/6 6098/3/6
f 6091/7/6 6092/7/6 6098/7/6
f 6089/7/6 6090/7/6 6098/7/6
f 6093/5/6 6094/5/6 6099/5/6
f 6032/7/6 6093/7/6 6099/7/6
f 6094/7/6 6095/7/6 6100/7/6
f 6099/5/6 6094/5/6 6100/5/6
f 6095/3/6 6096/3/6 6101/3/6
f 6100/7/6 6095/7/6 6101/7/6
f 6096/7/6 6097/7/6 6102/7/6
f 6101/3/6 6096/3/6 6102/3/6
f 6097/7/6 6098/7/6 6102/7/6
f 6102/7/6 6098/7/6 6103/7/6
f 6103/7/6 6098/7/6 6104/7/6
f 6092/7/6 6085/7/6 6105/7/6
f 6104/7/6 6098/7/6 6105/7/6
f 6085/7/6 6072/7/6 6105/7/6
f 6098/7/6 6092/7/6 6105/7/6
f 6105/7/6 6072/7/6 6106/7/6
f 6106/7/6 6072/7/6 6107/7/6
f 6107/7/6 6072/7/6 6108/7/6
f 6100/7/6 6101/7/6 6109/7/6
f 6099/7/6 6100/7/6 6109/7/6
f 6103/4/6 6104/4/6 6109/4/6
f 6102/7/6 6103/7/6 6109/7/6
f 6101/7/6 6102/7/6 6109/7/6
f 6104/7/6 6105/7/6 6110/7/6
f 6109/4/6 6104/4/6 6110/4/6
f 6110/7/6 6105/7/6 6111/7/6
f 6111/7/6 6105/7/6 6112/7/6
f 6112/7/6 6105/7/6 6113/7/6
f 6113/7/6 6105/7/6 6114/7/6
f 6114/7/6 6105/7/6 6115/7/6
f 6105/1/6 6106/1/6 6116/1/6
f 6115/7/6 6105/7/6 6116/7/6
f 6106/7/6 6107/7/6 6117/7/6
f 6116/1/6 6106/1/6 6117/1/6
f 6117/7/6 6107/7/6 6118/7/6
f 6118/7/6 6107/7/6 6119/7/6
f 6107/4/6 6108/4/6 6120/4/6
f 6119/7/6 6107/7/6 6120/7/6
f 6108/7/6 6072/7/6 6121/7/6
f 6120/4/6 6108/4/6 6121/4/6
f 6109/7/6 6110/7/6 6122/7/6
f 6110/3/6 6111/3/6 6122/3/6
f 6111/7/6 6112/7/6 6123/7/6
f 6122/3/6 6111/3/6 6123/3/6
f 6123/7/6 6112/7/6 6124/7/6
f 6112/4/6 6113/4/6 6125/4/6
f 6124/7/6 6112/7/6 6125/7/6
f 6113/7/6 6114/7/6 6126/7/6
f 6125/4/6 6113/4/6 6126/4/6
f 6126/7/6 6114/7/6 6127/7/6
f 6127/7/6 6114/7/6 6128/7/6
f 6118/4/6 6119/4/6 6129/4/6
f 6115/7/6 6116/7/6 6129/7/6
f 6116/7/6 6117/7/6 6129/7/6
f 6117/7/6 6118/7/6 6129/7/6
f 6119/7/6 6120/7/6 6130/7/6
f 6129/4/6 6119/4/6 6130/4/6
f 6120/7/6 6121/7/6 6130/7/6
f 6121/7/6 6072/7/6 6131/7/6
f 6130/7/6 6121/7/6 6131/7/6
f 6131/7/6 6072/7/6 6132/7/6
f 6122/7/6 6123/7/6 6133/7/6
f 6123/7/6 6124/7/6 6133/7/6
f 6124/4/6 6125/4/6 6133/4/6
f 6126/7/6 6127/7/6 6134/7/6
f 6133/4/6 6125/4/6 6134/4/6
f 6125/7/6 6126/7/6 6134/7/6
f 6127/5/6 6128/5/6 6135/5/6
f 6134/7/6 6127/7/6 6135/7/6
f 6128/7/6 6114/7/6 6136/7/6
f 6135/5/6 6128/5/6 6136/5/6
f 6114/1/6 6115/1/6 6137/1/6
f 6136/7/6 6114/7/6 6137/7/6
f 6115/7/6 6129/7/6 6138/7/6
f 6137/1/6 6115/1/6 6138/1/6
f 6129/7/6 6130/7/6 6138/7/6
f 6130/7/6 6131/7/6 6138/7/6
f 6138/7/6 6131/7/6 6139/7/6
f 6139/7/6 6131/7/6 6140/7/6
f 6131/1/6 6132/1/6 6141/1/6
f 6140/7/6 6131/7/6 6141/7/6
f 6132/7/6 6072/7/6 6142/7/6
f 6141/1/6 6132/1/6 6142/1/6
f 6136/7/6 6137/7/6 6143/7/6
f 6134/7/6 6135/7/6 6143/7/6
f 6133/7/6 6134/7/6 6143/7/6
f 6138/7/6 6139/7/6 6143/7/6
f 6137/7/6 6138/7/6 6143/7/6
f 6139/5/6 6140/5/6 6143/5/6
f 6135/7/6 6136/7/6 6143/7/6
f 6141/7/6 6142/7/6 6144/7/6
f 6143/5/6 6140/5/6 6144/5/6
f 6140/7/6 6141/7/6 6144/7/6
f 6133/7/6 6143/7/6 6145/7/6
f 6109/7/6 6122/7/6 6145/7/6
f 6143/7/6 6144/7/6 6145/7/6
f 6099/7/6 6109/7/6 6145/7/6
f 6032/7/6 6099/7/6 6145/7/6
f 6122/7/6 6133/7/6 6145/7/6
f 6145/7/6 6144/7/6 6146/7/6
f 6146/7/6 6144/7/6 6147/7/6
f 6147/7/6 6144/7/6 6148/7/6
f 6144/7/6 6142/7/6 6149/7/6
f 6148/7/6 6144/7/6 6149/7/6
f 6149/7/6 6142/7/6 6150/7/6
f 6150/7/6 6142/7/6 6151/7/6
f 6151/7/6 6142/7/6 6152/7/6
f 6032/7/6 6145/7/6 6153/7/6
f 6145/4/6 6146/4/6 6153/4/6
f 6146/7/6 6147/7/6 6154/7/6
f 6153/4/6 6146/4/6 6154/4/6
f 6147/5/6 6148/5/6 6155/5/6
f 6154/7/6 6147/7/6 6155/7/6
f 6148/7/6 6149/7/6 6156/7/6
f 6155/5/6 6148/5/6 6156/5/6
f 6149/4/6 6150/4/6 6157/4/6
f 6156/7/6 6149/7/6 6157/7/6
f 6150/7/6 6151/7/6 6158/7/6
f 6157/4/6 6150/4/6 6158/4/6
f 6151/6/6 6152/6/6 6159/6/6
f 6158/7/6 6151/7/6 6159/7/6
f 6152/7/6 6142/7/6 6160/7/6
f 6159/6/6 6152/6/6 6160/6/6
f 6153/7/6 6154/7/6 6161/7/6
f 6158/7/6 6159/7/6 6161/7/6
f 6159/7/6 6160/7/6 6161/7/6
f 6156/7/6 6157/7/6 6161/7/6
f 6155/7/6 6156/7/6 6161/7/6
f 6154/7/6 6155/7/6 6161/7/6
f 6157/7/6 6158/7/6 6161/7/6
f 6161/7/6 6160/7/6 6162/7/6
f 6162/7/6 6160/7/6 6163/7/6
f 6163/7/6 6160/7/6 6164/7/6
f 6153/7/6 6161/7/6 6165/7/6
f 6161/1/6 6162/1/6 6165/1/6
f 6162/7/6 6163/7/6 6166/7/6
f 6165/1/6 6162/1/6 6166/1/6
f 6163/1/6 6164/1/6 6167/1/6
f 6166/7/6 6163/7/6 6167/7/6
f 6164/7/6 6160/7/6 6168/7/6
f 6167/1/6 6164/1/6 6168/1/6
f 6168/7/6 6160/7/6 6169/7/6
f 6160/7/6 6142/7/6 6170/7/6
f 6169/7/6 6160/7/6 6170/7/6
f 6170/7/6 6142/7/6 6171/7/6
f 6171/7/6 6142/7/6 6172/7/6
f 6168/7/6 6169/7/6 6173/7/6
f 6166/7/6 6167/7/6 6173/7/6
f 6165/7/6 6166/7/6 6173/7/6
f 6167/7/6 6168/7/6 6173/7/6
f 6173/7/6 6169/7/6 6174/7/6
f 6174/7/6 6169/7/6 6175/7/6
f 6175/7/6 6169/7/6 6176/7/6
f 6169/1/6 6170/1/6 6177/1/6
f 6176/7/6 6169/7/6 6177/7/6
f 6170/7/6 6171/7/6 6178/7/6
f 6177/1/6 6170/1/6 6178/1/6
f 6171/1/6 6172/1/6 6179/1/6
f 6178/7/6 6171/7/6 6179/7/6
f 6172/7/6 6142/7/6 6180/7/6
f 6179/1/6 6172/1/6 6180/1/6
f 6165/7/6 6173/7/6 6181/7/6
f 6181/7/6 6173/7/6 6182/7/6
f 6182/7/6 6173/7/6 6183/7/6
f 6183/7/6 6173/7/6 6184/7/6
f 6173/5/6 6174/5/6 6185/5/6
f 6184/7/6 6173/7/6 6185/7/6
f 6174/7/6 6175/7/6 6186/7/6
f 6185/5/6 6174/5/6 6186/5/6
f 6186/7/6 6175/7/6 6187/7/6
f 6175/6/6 6176/6/6 6188/6/6
f 6187/7/6 6175/7/6 6188/7/6
f 6153/7/6 6165/7/6 6189/7/6
f 6165/7/6 6181/7/6 6189/7/6
f 6189/7/6 6181/7/6 6190/7/6
f 6181/1/6 6182/1/6 6191/1/6
f 6190/7/6 6181/7/6 6191/7/6
f 6182/7/6 6183/7/6 6192/7/6
f 6191/1/6 6182/1/6 6192/1/6
f 6183/4/6 6184/4/6 6193/4/6
f 6192/7/6 6183/7/6 6193/7/6
f 6186/7/6 6187/7/6 6194/7/6
f 6193/4/6 6184/4/6 6194/4/6
f 6184/7/6 6185/7/6 6194/7/6
f 6185/7/6 6186/7/6 6194/7/6
f 6194/7/6 6187/7/6 6195/7/6
f 6195/7/6 6187/7/6 6196/7/6
f 6187/6/6 6188/6/6 6197/6/6
f 6196/7/6 6187/7/6 6197/7/6
f 6178/7/6 6179/7/6 6198/7/6
f 6197/6/6 6188/6/6 6198/6/6
f 6177/7/6 6178/7/6 6198/7/6
f 6176/7/6 6177/7/6 6198/7/6
f 6188/6/6 6176/6/6 6198/6/6
f 6179/7/6 6180/7/6 6198/7/6
f 6153/7/6 6189/7/6 6199/7/6
f 6189/3/6 6190/3/6 6199/3/6
f 6194/7/6 6195/7/6 6200/7/6
f 6199/3/6 6190/3/6 6200/3/6
f 6193/7/6 6194/7/6 6200/7/6
f 6190/7/6 6191/7/6 6200/7/6
f 6192/7/6 6193/7/6 6200/7/6
f 6191/7/6 6192/7/6 6200/7/6
f 6195/1/6 6196/1/6 6201/1/6
f 6200/7/6 6195/7/6 6201/7/6
f 6196/7/6 6197/7/6 6202/7/6
f 6201/1/6 6196/1/6 6202/1/6
f 6197/7/6 6198/7/6 6202/7/6
f 6200/7/6 6201/7/6 6203/7/6
f 6018/7/6 6032/7/6 6203/7/6
f 6201/7/6 6202/7/6 6203/7/6
f 6032/7/6 6153/7/6 6203/7/6
f 6153/7/6 6199/7/6 6203/7/6
f 6199/7/6 6200/7/6 6203/7/6
f 6072/7/6 5755/7/6 6204/7/6
f 6203/7/6 6202/7/6 6204/7/6
f 5755/7/6 5212/7/6 6204/7/6
f 6180/7/6 6142/7/6 6204/7/6
f 6142/7/6 6072/7/6 6204/7/6
f 6202/7/6 6198/7/6 6204/7/6
f 6198/7/6 6180/7/6 6204/7/6
f 6205/7/6 6206/7/6 6207/7/6
f 6207/7/6 6208/7/6 6209/7/6
f 6205/7/6 6207/7/6 6212/7/6
f 6209/7/6 6210/7/6 6212/7/6
f 6207/7/6 6209/7/6 6212/7/6
f 6212/7/6 6210/7/6 6213/7/6
f 6213/7/6 6210/7/6 6214/7/6
f 6211/7/6 6212/7/6 6215/7/6
f 6212/7/6 6213/7/6 6215/7/6
f 6213/1/6 6214/1/6 6215/1/6
f 6214/7/6 6210/7/6 6216/7/6
f 6215/1/6 6214/1/6 6216/1/6
f 6215/7/6 6216/7/6 6217/7/6
f 6216/7/6 6210/7/6 6217/7/6
f 6215/7/6 6217/7/6 6219/7/6
f 6217/7/6 6218/7/6 6219/7/6
f 6219/7/6 6218/7/6 6220/7/6
f 6211/7/6 6215/7/6 6222/7/6
f 6215/7/6 6219/7/6 6222/7/6
f 6222/7/6 6219/7/6 6223/7/6
f 6221/7/6 6222/7/6 6226/7/6
f 6223/7/6 6224/7/6 6226/7/6
f 6222/7/6 6223/7/6 6226/7/6
f 6225/7/6 6226/7/6 6227/7/6
f 6227/7/6 6226/7/6 6229/7/6
f 6226/7/6 6224/7/6 6230/7/6
f 6229/7/6 6226/7/6 6230/7/6
f 6230/7/6 6224/7/6 6231/7/6
f 6231/7/6 6224/7/6 6232/7/6
f 6228/7/6 6229/7/6 6234/7/6
f 6229/7/6 6230/7/6 6234/7/6
f 6230/2/6 6231/2/6 6235/2/6
f 6234/7/6 6230/7/6 6235/7/6
f 6231/7/6 6232/7/6 6236/7/6
f 6235/2/6 6231/2/6 6236/2/6
f 6232/7/6 6233/7/6 6236/7/6
f 6234/7/6 6235/7/6 6238/7/6
f 6235/7/6 6236/7/6 6238/7/6
f 6237/7/6 6238/7/6 6240/7/6
f 6239/7/6 6240/7/6 6242/7/6
f 6236/7/6 6233/7/6 6243/7/6
f 6238/7/6 6236/7/6 6243/7/6
f 6242/7/6 6240/7/6 6243/7/6
f 6240/7/6 6238/7/6 6243/7/6
f 6241/7/6 6242/7/6 6246/7/6
f 6243/7/6 6244/7/6 6246/7/6
f 6242/7/6 6243/7/6 6246/7/6
f 6246/7/6 6244/7/6 6247/7/6
f 6247/7/6 6244/7/6 6248/7/6
f 6245/7/6 6246/7/6 6249/7/6
f 6246/7/6 6247/7/6 6249/7/6
f 6247/1/6 6248/1/6 6249/1/6
f 6249/1/6 6248/1/6 6250/1/6
f 6245/7/6 6249/7/6 6251/7/6
f 6249/7/6 6250/7/6 6251/7/6
f 6251/7/6 6250/7/6 6252/7/6
f 6245/7/6 6251/7/6 6254/7/6
f 6251/5/6 6252/5/6 6255/5/6
f 6254/7/6 6251/7/6 6255/7/6
f 6252/7/6 6250/7/6 6256/7/6
f 6255/5/6 6252/5/6 6256/5/6
f 6254/7/6 6255/7/6 6258/7/6
f 6253/7/6 6254/7/6 6258/7/6
f 6255/7/6 6256/7/6 6258/7/6
f 6258/7/6 6256/7/6 6259/7/6
f 6257/7/6 6258/7/6 6259/7/6
f 6259/7/6 6256/7/6 6260/7/6
f 6257/7/6 6259/7/6 6262/7/6
f 6259/4/6 6260/4/6 6263/4/6
f 6262/7/6 6259/7/6 6263/7/6
f 6260/7/6 6256/7/6 6264/7/6
f 6263/4/6 6260/4/6 6264/4/6
f 6256/7/6 6250/7/6 6265/7/6
f 6264/7/6 6256/7/6 6265/7/6
f 6265/7/6 6250/7/6 6266/7/6
f 6263/7/6 6264/7/6 6268/7/6
f 6262/7/6 6263/7/6 6268/7/6
f 6264/7/6 6265/7/6 6268/7/6
f 6261/7/6 6262/7/6 6268/7/6
f 6267/7/6 6268/7/6 6270/7/6
f 6269/7/6 6270/7/6 6272/7/6
f 6268/7/6 6265/7/6 6273/7/6
f 6270/7/6 6268/7/6 6273/7/6
f 6272/7/6 6270/7/6 6273/7/6
f 6273/7/6 6265/7/6 6274/7/6
f 6271/7/6 6272/7/6 6275/7/6
f 6272/7/6 6273/7/6 6275/7/6
f 6275/7/6 6273/7/6 6276/7/6
f 6271/7/6 6275/7/6 6278/7/6
f 6277/7/6 6278/7/6 6280/7/6
f 6278/7/6 6275/7/6 6281/7/6
f 6280/7/6 6278/7/6 6281/7/6
f 6281/7/6 6275/7/6 6282/7/6
f 6279/7/6 6280/7/6 6284/7/6
f 6280/7/6 6281/7/6 6284/7/6
f 6284/7/6 6281/7/6 6285/7/6
f 6285/7/6 6281/7/6 6286/7/6
f 6286/7/6 6281/7/6 6287/7/6
f 6287/7/6 6281/7/6 6288/7/6
f 6288/7/6 6281/7/6 6289/7/6
f 6289/7/6 6281/7/6 6290/7/6
f 6290/7/6 6281/7/6 6291/7/6
f 6291/7/6 6281/7/6 6292/7/6
f 6283/7/6 6284/7/6 6294/7/6
f 6284/7/6 6285/7/6 6294/7/6
f 6294/7/6 6285/7/6 6295/7/6
f 6295/7/6 6285/7/6 6296/7/6
f 6285/1/6 6286/1/6 6297/1/6
f 6296/7/6 6285/7/6 6297/7/6
f 6286/7/6 6287/7/6 6298/7/6
f 6297/1/6 6286/1/6 6298/1/6
f 6287/1/6 6288/1/6 6299/1/6
f 6298/7/6 6287/7/6 6299/7/6
f 6288/7/6 6289/7/6 6300/7/6
f 6299/1/6 6288/1/6 6300/1/6
f 6289/6/6 6290/6/6 6301/6/6
f 6300/7/6 6289/7/6 6301/7/6
f 6290/7/6 6291/7/6 6302/7/6
f 6301/6/6 6290/6/6 6302/6/6
f 6302/7/6 6291/7/6 6303/7/6
f 6303/7/6 6291/7/6 6304/7/6
f 6295/4/6 6296/4/6 6305/4/6
f 6293/7/6 6294/7/6 6305/7/6
f 6294/7/6 6295/7/6 6305/7/6
f 6300/7/6 6301/7/6 6306/7/6
f 6305/4/6 6296/4/6 6306/4/6
f 6296/7/6 6297/7/6 6306/7/6
f 6301/7/6 6302/7/6 6306/7/6
f 6302/7/6 6303/7/6 6306/7/6
f 6297/7/6 6298/7/6 6306/7/6
f 6299/7/6 6300/7/6 6306/7/6
f 6298/7/6 6299/7/6 6306/7/6
f 6306/7/6 6303/7/6 6307/7/6
f 6307/7/6 6303/7/6 6308/7/6
f 6293/7/6 6305/7/6 6310/7/6
f 6305/7/6 6306/7/6 6310/7/6
f 6306/7/6 6307/7/6 6310/7/6
f 6310/7/6 6307/7/6 6311/7/6
f 6311/7/6 6307/7/6 6312/7/6
f 6309/7/6 6310/7/6 6314/7/6
f 6310/7/6 6311/7/6 6314/7/6
f 6314/7/6 6311/7/6 6315/7/6
f 6315/7/6 6311/7/6 6316/7/6
f 6316/7/6 6311/7/6 6317/7/6
f 6317/7/6 6311/7/6 6318/7/6
f 6318/7/6 6311/7/6 6319/7/6
f 6319/7/6 6311/7/6 6320/7/6
f 6313/7/6 6314/7/6 6322/7/6
f 6314/7/6 6315/7/6 6322/7/6
f 6315/3/6 6316/3/6 6323/3/6
f 6322/7/6 6315/7/6 6323/7/6
f 6316/7/6 6317/7/6 6324/7/6
f 6323/3/6 6316/3/6 6324/3/6
f 6317/2/6 6318/2/6 6325/2/6
f 6324/7/6 6317/7/6 6325/7/6
f 6318/7/6 6319/7/6 6326/7/6
f 6325/2/6 6318/2/6 6326/2/6
f 6326/7/6 6319/7/6 6327/7/6
f 6327/7/6 6319/7/6 6328/7/6
f 6324/7/6 6325/7/6 6329/7/6
f 6321/7/6 6322/7/6 6329/7/6
f 6326/7/6 6327/7/6 6329/7/6
f 6325/7/6 6326/7/6 6329/7/6
f 6322/7/6 6323/7/6 6329/7/6
f 6323/7/6 6324/7/6 6329/7/6
f 6329/7/6 6327/7/6 6330/7/6
f 6321/7/6 6329/7/6 6332/7/6
f 6331/7/6 6332/7/6 6334/7/6
f 6332/7/6 6329/7/6 6335/7/6
f 6334/7/6 6332/7/6 6335/7/6
f 6335/7/6 6329/7/6 6336/7/6
f 6333/7/6 6334/7/6 6338/7/6
f 6334/7/6 6335/7/6 6338/7/6
f 6338/7/6 6335/7/6 6339/7/6
f 6339/7/6 6335/7/6 6340/7/6
f 6337/7/6 6338/7/6 6342/7/6
f 6338/7/6 6339/7/6 6342/7/6
f 6342/7/6 6339/7/6 6343/7/6
f 6343/7/6 6339/7/6 6344/7/6
f 6341/7/6 6342/7/6 6345/7/6
f 6342/7/6 6343/7/6 6345/7/6
f 6345/7/6 6343/7/6 6346/7/6
f 6341/7/6 6345/7/6 6348/7/6
f 6348/7/6 6345/7/6 6349/7/6
f 6349/7/6 6345/7/6 6350/7/6
f 6347/7/6 6348/7/6 6352/7/6
f 6348/7/6 6349/7/6 6352/7/6
f 6352/7/6 6349/7/6 6353/7/6
f 6353/7/6 6349/7/6 6354/7/6
f 6351/7/6 6352/7/6 6356/7/6
f 6352/7/6 6353/7/6 6356/7/6
f 6356/7/6 6353/7/6 6357/7/6
f 6357/7/6 6353/7/6 6358/7/6
f 6355/7/6 6356/7/6 6359/7/6
f 6356/7/6 6357/7/6 6359/7/6
f 6359/7/6 6357/7/6 6360/7/6
f 6355/7/6 6359/7/6 6362/7/6
f 6362/7/6 6359/7/6 6363/7/6
f 6363/7/6 6359/7/6 6364/7/6
f 6361/7/6 6362/7/6 6365/7/6
f 6362/7/6 6363/7/6 6365/7/6
f 6365/7/6 6363/7/6 6366/7/6
f 6366/7/6 6363/7/6 6367/7/6
f 6367/7/6 6363/7/6 6368/7/6
f 6361/7/6 6365/7/6 6370/7/6
f 6365/4/6 6366/4/6 6371/4/6
f 6370/7/6 6365/7/6 6371/7/6
f 6366/7/6 6367/7/6 6372/7/6
f 6371/4/6 6366/4/6 6372/4/6
f 6372/7/6 6367/7/6 6373/7/6
f 6373/7/6 6367/7/6 6374/7/6
f 6369/7/6 6370/7/6 6375/7/6
f 6370/7/6 6371/7/6 6375/7/6
f 6372/7/6 6373/7/6 6375/7/6
f 6371/7/6 6372/7/6 6375/7/6
f 6375/7/6 6373/7/6 6376/7/6
f 6369/7/6 6375/7/6 6378/7/6
f 6378/7/6 6375/7/6 6379/7/6
f 6379/7/6 6375/7/6 6380/7/6
f 6377/7/6 6378/7/6 6381/7/6
f 6378/7/6 6379/7/6 6381/7/6
f 6381/7/6 6379/7/6 6382/7/6
f 6382/7/6 6379/7/6 6383/7/6
f 6383/7/6 6379/7/6 6384/7/6
f 6377/7/6 6381/7/6 6386/7/6
f 6386/7/6 6381/7/6 6387/7/6
f 6387/7/6 6381/7/6 6388/7/6
f 6381/2/6 6382/2/6 6389/2/6
f 6388/7/6 6381/7/6 6389/7/6
f 6382/7/6 6383/7/6 6390/7/6
f 6389/2/6 6382/2/6 6390/2/6
f 6390/7/6 6383/7/6 6391/7/6
f 6391/7/6 6383/7/6 6392/7/6
f 6387/1/6 6388/1/6 6393/1/6
f 6385/7/6 6386/7/6 6393/7/6
f 6386/7/6 6387/7/6 6393/7/6
f 6388/7/6 6389/7/6 6394/7/6
f 6393/1/6 6388/1/6 6394/1/6
f 6390/7/6 6391/7/6 6394/7/6
f 6389/7/6 6390/7/6 6394/7/6
f 6394/7/6 6391/7/6 6395/7/6
f 6395/7/6 6391/7/6 6396/7/6
f 6385/7/6 6393/7/6 6398/7/6
f 6393/7/6 6394/7/6 6398/7/6
f 6394/7/6 6395/7/6 6398/7/6
f 6398/7/6 6395/7/6 6399/7/6
f 6397/7/6 6398/7/6 6399/7/6
f 6399/7/6 6395/7/6 6400/7/6
f 6397/7/6 6399/7/6 6402/7/6
f 6402/7/6 6399/7/6 6403/7/6
f 6401/7/6 6402/7/6 6403/7/6
f 6403/7/6 6399/7/6 6404/7/6
f 6401/7/6 6403/7/6 6406/7/6
f 6406/7/6 6403/7/6 6407/7/6
f 6407/7/6 6403/7/6 6408/7/6
f 6405/7/6 6406/7/6 6410/7/6
f 6406/7/6 6407/7/6 6410/7/6
f 6410/7/6 6407/7/6 6411/7/6
f 6411/7/6 6407/7/6 6412/7/6
f 6412/7/6 6407/7/6 6413/7/6
f 6413/7/6 6407/7/6 6414/7/6
f 6409/7/6 6410/7/6 6415/7/6
f 6410/7/6 6411/7/6 6415/7/6
f 6411/2/6 6412/2/6 6415/2/6
f 6412/7/6 6413/7/6 6416/7/6
f 6415/2/6 6412/2/6 6416/2/6
f 6409/7/6 6415/7/6 6418/7/6
f 6415/7/6 6416/7/6 6418/7/6
f 6416/7/6 6413/7/6 6419/7/6
f 6417/7/6 6418/7/6 6419/7/6
f 6418/7/6 6416/7/6 6419/7/6
f 6419/7/6 6413/7/6 6420/7/6
f 6417/7/6 6419/7/6 6422/7/6
f 6422/7/6 6419/7/6 6423/7/6
f 6423/7/6 6419/7/6 6424/7/6
f 6421/7/6 6422/7/6 6426/7/6
f 6422/7/6 6423/7/6 6426/7/6
f 6426/7/6 6423/7/6 6427/7/6
f 6427/7/6 6423/7/6 6428/7/6
f 6425/7/6 6426/7/6 6429/7/6
f 6426/7/6 6427/7/6 6429/7/6
f 6429/7/6 6427/7/6 6430/7/6
f 6425/7/6 6429/7/6 6432/7/6
f 6429/1/6 6430/1/6 6433/1/6
f 6432/7/6 6429/7/6 6433/7/6
f 6430/7/6 6427/7/6 6434/7/6
f 6433/1/6 6430/1/6 6434/1/6
f 6434/7/6 6427/7/6 6435/7/6
f 6432/7/6 6433/7/6 6437/7/6
f 6431/7/6 6432/7/6 6437/7/6
f 6433/7/6 6434/7/6 6437/7/6
f 6434/4/6 6435/4/6 6438/4/6
f 6437/7/6 6434/7/6 6438/7/6
f 6435/7/6 6427/7/6 6439/7/6
f 6438/4/6 6435/4/6 6439/4/6
f 6439/7/6 6427/7/6 6440/7/6
f 6440/7/6 6427/7/6 6441/7/6
f 6437/7/6 6438/7/6 6443/7/6
f 6436/7/6 6437/7/6 6443/7/6
f 6439/7/6 6440/7/6 6443/7/6
f 6438/7/6 6439/7/6 6443/7/6
f 6443/7/6 6440/7/6 6444/7/6
f 6442/7/6 6443/7/6 6444/7/6
f 6444/7/6 6440/7/6 6445/7/6
f 6442/7/6 6444/7/6 6447/7/6
f 6446/7/6 6447/7/6 6449/7/6
f 6447/7/6 6444/7/6 6450/7/6
f 6449/7/6 6447/7/6 6450/7/6
f 6450/7/6 6444/7/6 6451/7/6
f 6448/7/6 6449/7/6 6453/7/6
f 6449/7/6 6450/7/6 6453/7/6
f 6452/7/6 6453/7/6 6455/7/6
f 6453/7/6 6450/7/6 6456/7/6
f 6455/7/6 6453/7/6 6456/7/6
f 6456/7/6 6450/7/6 6457/7/6
f 6457/7/6 6450/7/6 6458/7/6
f 6458/7/6 6450/7/6 6459/7/6
f 6454/7/6 6455/7/6 6461/7/6
f 6455/7/6 6456/7/6 6461/7/6
f 6456/1/6 6457/1/6 6462/1/6
f 6461/7/6 6456/7/6 6462/7/6
f 6457/7/6 6458/7/6 6463/7/6
f 6462/1/6 6457/1/6 6463/1/6
f 6458/2/6 6459/2/6 6464/2/6
f 6463/7/6 6458/7/6 6464/7/6
f 6459/7/6 6450/7/6 6465/7/6
f 6464/2/6 6459/2/6 6465/2/6
f 6465/7/6 6450/7/6 6466/7/6
f 6466/7/6 6450/7/6 6467/7/6
f 6463/7/6 6464/7/6 6469/7/6
f 6462/7/6 6463/7/6 6469/7/6
f 6465/7/6 6466/7/6 6469/7/6
f 6464/7/6 6465/7/6 6469/7/6
f 6460/7/6 6461/7/6 6469/7/6
f 6461/7/6 6462/7/6 6469/7/6
f 6469/7/6 6466/7/6 6470/7/6
f 6468/7/6 6469/7/6 6470/7/6
f 6470/7/6 6466/7/6 6471/7/6
f 6468/7/6 6470/7/6 6473/7/6
f 6472/7/6 6473/7/6 6475/7/6
f 6473/7/6 6470/7/6 6476/7/6
f 6475/7/6 6473/7/6 6476/7/6
f 6476/7/6 6470/7/6 6477/7/6
f 6474/7/6 6475/7/6 6479/7/6
f 6475/7/6 6476/7/6 6479/7/6
f 6478/7/6 6479/7/6 6481/7/6
f 6479/7/6 6476/7/6 6482/7/6
f 6481/7/6 6479/7/6 6482/7/6
f 6482/7/6 6476/7/6 6483/7/6
f 6480/7/6 6481/7/6 6484/7/6
f 6481/7/6 6482/7/6 6484/7/6
f 6484/7/6 6482/7/6 6485/7/6
f 6480/7/6 6484/7/6 6487/7/6
f 6484/5/6 6485/5/6 6488/5/6
f 6487/7/6 6484/7/6 6488/7/6
f 6485/7/6 6482/7/6 6489/7/6
f 6488/5/6 6485/5/6 6489/5/6
f 6489/7/6 6482/7/6 6490/7/6
f 6490/7/6 6482/7/6 6491/7/6
f 6487/7/6 6488/7/6 6493/7/6
f 6486/7/6 6487/7/6 6493/7/6
f 6488/7/6 6489/7/6 6493/7/6
f 6489/7/6 6490/7/6 6493/7/6
f 6490/1/6 6491/1/6 6494/1/6
f 6493/7/6 6490/7/6 6494/7/6
f 6491/7/6 6482/7/6 6495/7/6
f 6494/1/6 6491/1/6 6495/1/6
f 6493/7/6 6494/7/6 6497/7/6
f 6492/7/6 6493/7/6 6497/7/6
f 6494/7/6 6495/7/6 6497/7/6
f 6495/7/6 6482/7/6 6498/7/6
f 6497/7/6 6495/7/6 6498/7/6
f 6498/7/6 6482/7/6 6499/7/6
f 6496/7/6 6497/7/6 6501/7/6
f 6497/7/6 6498/7/6 6501/7/6
f 6500/7/6 6501/7/6 6503/7/6
f 6501/7/6 6498/7/6 6504/7/6
f 6503/7/6 6501/7/6 6504/7/6
f 6504/7/6 6498/7/6 6505/7/6
f 6502/7/6 6503/7/6 6507/7/6
f 6503/7/6 6504/7/6 6507/7/6
f 6506/7/6 6507/7/6 6509/7/6
f 6507/7/6 6504/7/6 6510/7/6
f 6509/7/6 6507/7/6 6510/7/6
f 6510/7/6 6504/7/6 6511/7/6
f 6508/7/6 6509/7/6 6513/7/6
f 6509/7/6 6510/7/6 6513/7/6
f 6512/7/6 6513/7/6 6515/7/6
f 6513/7/6 6510/7/6 6516/7/6
f 6515/7/6 6513/7/6 6516/7/6
f 6516/7/6 6510/7/6 6517/7/6
f 6517/7/6 6510/7/6 6518/7/6
f 6518/7/6 6510/7/6 6519/7/6
f 6514/7/6 6515/7/6 6521/7/6
f 6515/7/6 6516/7/6 6521/7/6
f 6516/5/6 6517/5/6 6522/5/6
f 6521/7/6 6516/7/6 6522/7/6
f 6517/7/6 6518/7/6 6523/7/6
f 6522/5/6 6517/5/6 6523/5/6
f 6523/7/6 6518/7/6 6524/7/6
f 6524/7/6 6518/7/6 6525/7/6
f 6521/7/6 6522/7/6 6527/7/6
f 6520/7/6 6521/7/6 6527/7/6
f 6523/7/6 6524/7/6 6527/7/6
f 6522/7/6 6523/7/6 6527/7/6
f 6526/7/6 6527/7/6 6529/7/6
f 6527/7/6 6524/7/6 6530/7/6
f 6529/7/6 6527/7/6 6530/7/6
f 6530/7/6 6524/7/6 6531/7/6
f 6531/7/6 6524/7/6 6532/7/6
f 6532/7/6 6524/7/6 6533/7/6
f 6528/7/6 6529/7/6 6535/7/6
f 6529/7/6 6530/7/6 6535/7/6
f 6530/4/6 6531/4/6 6536/4/6
f 6535/7/6 6530/7/6 6536/7/6
f 6531/7/6 6532/7/6 6537/7/6
f 6536/4/6 6531/4/6 6537/4/6
f 6535/7/6 6536/7/6 6539/7/6
f 6534/7/6 6535/7/6 6539/7/6
f 6536/7/6 6537/7/6 6539/7/6
f 6537/7/6 6532/7/6 6540/7/6
f 6539/7/6 6537/7/6 6540/7/6
f 6540/7/6 6532/7/6 6541/7/6
f 6538/7/6 6539/7/6 6542/7/6
f 6539/7/6 6540/7/6 6542/7/6
f 6542/7/6 6540/7/6 6543/7/6
f 6538/7/6 6542/7/6 6545/7/6
f 6542/4/6 6543/4/6 6546/4/6
f 6545/7/6 6542/7/6 6546/7/6
f 6543/7/6 6540/7/6 6547/7/6
f 6546/4/6 6543/4/6 6547/4/6
f 6545/7/6 6546/7/6 6549/7/6
f 6544/7/6 6545/7/6 6549/7/6
f 6546/7/6 6547/7/6 6549/7/6
f 6547/7/6 6540/7/6 6550/7/6
f 6549/7/6 6547/7/6 6550/7/6
f 6550/7/6 6540/7/6 6551/7/6
f 6548/7/6 6549/7/6 6553/7/6
f 6549/7/6 6550/7/6 6553/7/6
f 6552/7/6 6553/7/6 6555/7/6
f 6553/7/6 6550/7/6 6556/7/6
f 6555/7/6 6553/7/6 6556/7/6
f 6556/7/6 6550/7/6 6557/7/6
f 6554/7/6 6555/7/6 6559/7/6
f 6555/7/6 6556/7/6 6559/7/6
f 6558/7/6 6559/7/6 6561/7/6
f 6559/7/6 6556/7/6 6562/7/6
f 6561/7/6 6559/7/6 6562/7/6
f 6562/7/6 6556/7/6 6563/7/6
f 6560/7/6 6561/7/6 6565/7/6
f 6561/7/6 6562/7/6 6565/7/6
f 6565/7/6 6562/7/6 6566/7/6
f 6566/7/6 6562/7/6 6567/7/6
f 6567/7/6 6562/7/6 6568/7/6
f 6568/7/6 6562/7/6 6569/7/6
f 6564/7/6 6565/7/6 6571/7/6
f 6565/7/6 6566/7/6 6571/7/6
f 6566/2/6 6567/2/6 6572/2/6
f 6571/7/6 6566/7/6 6572/7/6
f 6567/7/6 6568/7/6 6573/7/6
f 6572/2/6 6567/2/6 6573/2/6
f 6571/7/6 6572/7/6 6575/7/6
f 6570/7/6 6571/7/6 6575/7/6
f 6572/7/6 6573/7/6 6575/7/6
f 6575/7/6 6573/7/6 6576/7/6
f 6576/7/6 6573/7/6 6577/7/6
f 6573/7/6 6568/7/6 6578/7/6
f 6577/7/6 6573/7/6 6578/7/6
f 6578/7/6 6568/7/6 6579/7/6
f 6579/7/6 6568/7/6 6580/7/6
f 6580/7/6 6568/7/6 6581/7/6
f 6574/7/6 6575/7/6 6583/7/6
f 6575/7/6 6576/7/6 6583/7/6
f 6576/2/6 6577/2/6 6584/2/6
f 6583/7/6 6576/7/6 6584/7/6
f 6577/7/6 6578/7/6 6585/7/6
f 6584/2/6 6577/2/6 6585/2/6
f 6578/2/6 6579/2/6 6586/2/6
f 6585/7/6 6578/7/6 6586/7/6
f 6579/7/6 6580/7/6 6587/7/6
f 6586/2/6 6579/2/6 6587/2/6
f 6587/7/6 6580/7/6 6588/7/6
f 6588/7/6 6580/7/6 6589/7/6
f 6582/7/6 6583/7/6 6591/7/6
f 6585/7/6 6586/7/6 6591/7/6
f 6587/7/6 6588/7/6 6591/7/6
f 6586/7/6 6587/7/6 6591/7/6
f 6583/7/6 6584/7/6 6591/7/6
f 6584/7/6 6585/7/6 6591/7/6
f 6591/7/6 6588/7/6 6592/7/6
f 6592/7/6 6588/7/6 6593/7/6
f 6590/7/6 6591/7/6 6595/7/6
f 6591/7/6 6592/7/6 6595/7/6
f 6595/7/6 6592/7/6 6596/7/6
f 6596/7/6 6592/7/6 6597/7/6
f 6597/7/6 6592/7/6 6598/7/6
f 6598/7/6 6592/7/6 6599/7/6
f 6594/7/6 6595/7/6 6601/7/6
f 6595/7/6 6596/7/6 6601/7/6
f 6596/4/6 6597/4/6 6602/4/6
f 6601/7/6 6596/7/6 6602/7/6
f 6597/7/6 6598/7/6 6603/7/6
f 6602/4/6 6597/4/6 6603/4/6
f 6603/7/6 6598/7/6 6604/7/6
f 6604/7/6 6598/7/6 6605/7/6
f 6601/7/6 6602/7/6 6607/7/6
f 6600/7/6 6601/7/6 6607/7/6
f 6603/7/6 6604/7/6 6607/7/6
f 6602/7/6 6603/7/6 6607/7/6
f 6607/7/6 6604/7/6 6608/7/6
f 6608/7/6 6604/7/6 6609/7/6
f 6609/7/6 6604/7/6 6610/7/6
f 6610/7/6 6604/7/6 6611/7/6
f 6606/7/6 6607/7/6 6613/7/6
f 6607/7/6 6608/7/6 6613/7/6
f 6608/2/6 6609/2/6 6614/2/6
f 6613/7/6 6608/7/6 6614/7/6
f 6609/7/6 6610/7/6 6615/7/6
f 6614/2/6 6609/2/6 6615/2/6
f 6615/7/6 6610/7/6 6616/7/6
f 6616/7/6 6610/7/6 6617/7/6
f 6617/7/6 6610/7/6 6618/7/6
f 6618/7/6 6610/7/6 6619/7/6
f 6613/7/6 6614/7/6 6621/7/6
f 6612/7/6 6613/7/6 6621/7/6
f 6614/7/6 6615/7/6 6621/7/6
f 6615/7/6 6616/7/6 6621/7/6
f 6616/2/6 6617/2/6 6622/2/6
f 6621/7/6 6616/7/6 6622/7/6
f 6617/7/6 6618/7/6 6623/7/6
f 6622/2/6 6617/2/6 6623/2/6
f 6623/7/6 6618/7/6 6624/7/6
f 6624/7/6 6618/7/6 6625/7/6
f 6621/7/6 6622/7/6 6627/7/6
f 6620/7/6 6621/7/6 6627/7/6
f 6623/7/6 6624/7/6 6627/7/6
f 6622/7/6 6623/7/6 6627/7/6
f 6627/7/6 6624/7/6 6628/7/6
f 6628/7/6 6624/7/6 6629/7/6
f 6626/7/6 6627/7/6 6631/7/6
f 6627/7/6 6628/7/6 6631/7/6
f 6631/7/6 6628/7/6 6632/7/6
f 6632/7/6 6628/7/6 6633/7/6
f 6630/7/6 6631/7/6 6635/7/6
f 6631/7/6 6632/7/6 6635/7/6
f 6635/7/6 6632/7/6 6636/7/6
f 6636/7/6 6632/7/6 6637/7/6
f 6634/7/6 6635/7/6 6639/7/6
f 6635/7/6 6636/7/6 6639/7/6
f 6636/6/6 6637/6/6 6640/6/6
f 6639/7/6 6636/7/6 6640/7/6
f 6637/7/6 6632/7/6 6641/7/6
f 6640/6/6 6637/6/6 6641/6/6
f 6641/7/6 6632/7/6 6642/7/6
f 6642/7/6 6632/7/6 6643/7/6
f 6643/7/6 6632/7/6 6644/7/6
f 6644/7/6 6632/7/6 6645/7/6
f 6639/7/6 6640/7/6 6647/7/6
f 6638/7/6 6639/7/6 6647/7/6
f 6640/7/6 6641/7/6 6647/7/6
f 6641/7/6 6642/7/6 6647/7/6
f 6642/2/6 6643/2/6 6648/2/6
f 6647/7/6 6642/7/6 6648/7/6
f 6643/7/6 6644/7/6 6649/7/6
f 6648/2/6 6643/2/6 6649/2/6
f 6647/7/6 6648/7/6 6651/7/6
f 6646/7/6 6647/7/6 6651/7/6
f 6648/7/6 6649/7/6 6651/7/6
f 6649/7/6 6644/7/6 6652/7/6
f 6651/7/6 6649/7/6 6652/7/6
f 6652/7/6 6644/7/6 6653/7/6
f 6650/7/6 6651/7/6 6655/7/6
f 6651/7/6 6652/7/6 6655/7/6
f 6654/7/6 6655/7/6 6657/7/6
f 6655/7/6 6652/7/6 6658/7/6
f 6657/7/6 6655/7/6 6658/7/6
f 6658/7/6 6652/7/6 6659/7/6
f 6656/7/6 6657/7/6 6661/7/6
f 6657/7/6 6658/7/6 6661/7/6
f 6660/7/6 6661/7/6 6663/7/6
f 6661/7/6 6658/7/6 6664/7/6
f 6663/7/6 6661/7/6 6664/7/6
f 6664/7/6 6658/7/6 6665/7/6
f 6662/7/6 6663/7/6 6667/7/6
f 6663/7/6 6664/7/6 6667/7/6
f 6667/7/6 6664/7/6 6668/7/6
f 6668/7/6 6664/7/6 6669/7/6
f 6664/2/6 6665/2/6 6670/2/6
f 6669/7/6 6664/7/6 6670/7/6
f 6665/7/6 6658/7/6 6671/7/6
f 6670/2/6 6665/2/6 6671/2/6
f 6671/7/6 6658/7/6 6672/7/6
f 6672/7/6 6658/7/6 6673/7/6
f 6666/7/6 6667/7/6 6675/7/6
f 6667/7/6 6668/7/6 6675/7/6
f 6668/3/6 6669/3/6 6676/3/6
f 6675/7/6 6668/7/6 6676/7/6
f 6669/7/6 6670/7/6 6677/7/6
f 6676/3/6 6669/3/6 6677/3/6
f 6671/7/6 6672/7/6 6677/7/6
f 6670/7/6 6671/7/6 6677/7/6
f 6675/7/6 6676/7/6 6679/7/6
f 6674/7/6 6675/7/6 6679/7/6
f 6676/7/6 6677/7/6 6679/7/6
f 6678/7/6 6679/7/6 6681/7/6
f 6680/7/6 6681/7/6 6683/7/6
f 6679/7/6 6677/7/6 6684/7/6
f 6681/7/6 6679/7/6 6684/7/6
f 6683/7/6 6681/7/6 6684/7/6
f 6684/7/6 6677/7/6 6685/7/6
f 6682/7/6 6683/7/6 6687/7/6
f 6683/7/6 6684/7/6 6687/7/6
f 6684/3/6 6685/3/6 6688/3/6
f 6687/7/6 6684/7/6 6688/7/6
f 6685/7/6 6677/7/6 6689/7/6
f 6688/3/6 6685/3/6 6689/3/6
f 6677/7/6 6672/7/6 6690/7/6
f 6689/7/6 6677/7/6 6690/7/6
f 6690/7/6 6672/7/6 6691/7/6
f 6688/7/6 6689/7/6 6693/7/6
f 6687/7/6 6688/7/6 6693/7/6
f 6686/7/6 6687/7/6 6693/7/6
f 6689/7/6 6690/7/6 6693/7/6
f 6690/4/6 6691/4/6 6694/4/6
f 6693/7/6 6690/7/6 6694/7/6
f 6691/7/6 6672/7/6 6695/7/6
f 6694/4/6 6691/4/6 6695/4/6
f 6695/7/6 6672/7/6 6696/7/6
f 6696/7/6 6672/7/6 6697/7/6
f 6693/7/6 6694/7/6 6699/7/6
f 6692/7/6 6693/7/6 6699/7/6
f 6694/7/6 6695/7/6 6699/7/6
f 6695/7/6 6696/7/6 6699/7/6
f 6696/2/6 6697/2/6 6700/2/6
f 6699/7/6 6696/7/6 6700/7/6
f 6697/7/6 6672/7/6 6701/7/6
f 6700/2/6 6697/2/6 6701/2/6
f 6699/7/6 6700/7/6 6703/7/6
f 6698/7/6 6699/7/6 6703/7/6
f 6700/7/6 6701/7/6 6703/7/6
f 6703/7/6 6701/7/6 6704/7/6
f 6704/7/6 6701/7/6 6705/7/6
f 6701/7/6 6672/7/6 6706/7/6
f 6705/7/6 6701/7/6 6706/7/6
f 6706/7/6 6672/7/6 6707/7/6
f 6707/7/6 6672/7/6 6708/7/6
f 6708/7/6 6672/7/6 6709/7/6
f 6702/7/6 6703/7/6 6711/7/6
f 6703/7/6 6704/7/6 6711/7/6
f 6711/7/6 6704/7/6 6712/7/6
f 6712/7/6 6704/7/6 6713/7/6
f 6713/7/6 6704/7/6 6714/7/6
f 6714/7/6 6704/7/6 6715/7/6
f 6715/7/6 6704/7/6 6716/7/6
f 6716/7/6 6704/7/6 6717/7/6
f 6704/4/6 6705/4/6 6718/4/6
f 6717/7/6 6704/7/6 6718/7/6
f 6705/7/6 6706/7/6 6719/7/6
f 6718/4/6 6705/4/6 6719/4/6
f 6706/5/6 6707/5/6 6720/5/6
f 6719/7/6 6706/7/6 6720/7/6
f 6707/7/6 6708/7/6 6721/7/6
f 6720/5/6 6707/5/6 6721/5/6
f 6710/7/6 6711/7/6 6723/7/6
f 6711/7/6 6712/7/6 6723/7/6
f 6712/5/6 6713/5/6 6724/5/6
f 6723/7/6 6712/7/6 6724/7/6
f 6713/7/6 6714/7/6 6725/7/6
f 6724/5/6 6713/5/6 6725/5/6
f 6714/3/6 6715/3/6 6726/3/6
f 6725/7/6 6714/7/6 6726/7/6
f 6715/7/6 6716/7/6 6727/7/6
f 6726/3/6 6715/3/6 6727/3/6
f 6716/3/6 6717/3/6 6728/3/6
f 6727/7/6 6716/7/6 6728/7/6
f 6719/7/6 6720/7/6 6729/7/6
f 6728/3/6 6717/3/6 6729/3/6
f 6717/7/6 6718/7/6 6729/7/6
f 6718/7/6 6719/7/6 6729/7/6
f 6720/7/6 6721/7/6 6729/7/6
f 6721/7/6 6708/7/6 6730/7/6
f 6729/7/6 6721/7/6 6730/7/6
f 6730/7/6 6708/7/6 6731/7/6
f 6726/7/6 6727/7/6 6733/7/6
f 6727/7/6 6728/7/6 6733/7/6
f 6725/7/6 6726/7/6 6733/7/6
f 6729/7/6 6730/7/6 6733/7/6
f 6723/7/6 6724/7/6 6733/7/6
f 6722/7/6 6723/7/6 6733/7/6
f 6724/7/6 6725/7/6 6733/7/6
f 6728/7/6 6729/7/6 6733/7/6
f 6730/3/6 6731/3/6 6734/3/6
f 6733/7/6 6730/7/6 6734/7/6
f 6734/3/6 6731/3/6 6735/3/6
f 6732/7/6 6733/7/6 6737/7/6
f 6733/7/6 6734/7/6 6737/7/6
f 6734/7/6 6735/7/6 6737/7/6
f 6737/7/6 6735/7/6 6738/7/6
f 6738/7/6 6735/7/6 6739/7/6
f 6739/7/6 6735/7/6 6740/7/6
f 6740/7/6 6735/7/6 6741/7/6
f 6736/7/6 6737/7/6 6743/7/6
f 6737/7/6 6738/7/6 6743/7/6
f 6738/3/6 6739/3/6 6744/3/6
f 6743/7/6 6738/7/6 6744/7/6
f 6739/7/6 6740/7/6 6745/7/6
f 6744/3/6 6739/3/6 6745/3/6
f 6740/4/6 6741/4/6 6746/4/6
f 6745/7/6 6740/7/6 6746/7/6
f 6741/7/6 6735/7/6 6747/7/6
f 6746/4/6 6741/4/6 6747/4/6
f 6745/7/6 6746/7/6 6749/7/6
f 6744/7/6 6745/7/6 6749/7/6
f 6746/7/6 6747/7/6 6749/7/6
f 6742/7/6 6743/7/6 6749/7/6
f 6743/7/6 6744/7/6 6749/7/6
f 6749/7/6 6747/7/6 6750/7/6
f 6750/7/6 6747/7/6 6751/7/6
f 6748/7/6 6749/7/6 6753/7/6
f 6749/7/6 6750/7/6 6753/7/6
f 6750/3/6 6751/3/6 6754/3/6
f 6753/7/6 6750/7/6 6754/7/6
f 6751/7/6 6747/7/6 6755/7/6
f 6754/3/6 6751/3/6 6755/3/6
f 6747/7/6 6735/7/6 6756/7/6
f 6755/7/6 6747/7/6 6756/7/6
f 6756/7/6 6735/7/6 6757/7/6
f 6754/7/6 6755/7/6 6759/7/6
f 6753/7/6 6754/7/6 6759/7/6
f 6755/7/6 6756/7/6 6759/7/6
f 6752/7/6 6753/7/6 6759/7/6
f 6758/7/6 6759/7/6 6761/7/6
f 6759/7/6 6756/7/6 6762/7/6
f 6761/7/6 6759/7/6 6762/7/6
f 6762/7/6 6756/7/6 6763/7/6
f 6760/7/6 6761/7/6 6765/7/6
f 6761/7/6 6762/7/6 6765/7/6
f 6765/7/6 6762/7/6 6766/7/6
f 6766/7/6 6762/7/6 6767/7/6
f 6762/2/6 6763/2/6 6768/2/6
f 6767/7/6 6762/7/6 6768/7/6
f 6763/7/6 6756/7/6 6769/7/6
f 6768/2/6 6763/2/6 6769/2/6
f 6764/7/6 6765/7/6 6771/7/6
f 6765/7/6 6766/7/6 6771/7/6
f 6766/3/6 6767/3/6 6772/3/6
f 6771/7/6 6766/7/6 6772/7/6
f 6767/7/6 6768/7/6 6773/7/6
f 6772/3/6 6767/3/6 6773/3/6
f 6768/7/6 6769/7/6 6773/7/6
f 6769/7/6 6756/7/6 6774/7/6
f 6773/7/6 6769/7/6 6774/7/6
f 6774/7/6 6756/7/6 6775/7/6
f 6771/7/6 6772/7/6 6777/7/6
f 6770/7/6 6771/7/6 6777/7/6
f 6773/7/6 6774/7/6 6777/7/6
f 6772/7/6 6773/7/6 6777/7/6
f 6777/7/6 6774/7/6 6778/7/6
f 6778/7/6 6774/7/6 6779/7/6
f 6776/7/6 6777/7/6 6781/7/6
f 6777/7/6 6778/7/6 6781/7/6
f 6778/3/6 6779/3/6 6782/3/6
f 6781/7/6 6778/7/6 6782/7/6
f 6779/7/6 6774/7/6 6783/7/6
f 6782/3/6 6779/3/6 6783/3/6
f 6781/7/6 6782/7/6 6785/7/6
f 6780/7/6 6781/7/6 6785/7/6
f 6782/7/6 6783/7/6 6785/7/6
f 6784/7/6 6785/7/6 6787/7/6
f 6783/7/6 6774/7/6 6788/7/6
f 6785/7/6 6783/7/6 6788/7/6
f 6787/7/6 6785/7/6 6788/7/6
f 6788/7/6 6774/7/6 6789/7/6
f 6789/7/6 6774/7/6 6790/7/6
f 6790/7/6 6774/7/6 6791/7/6
f 6791/7/6 6774/7/6 6792/7/6
f 6792/7/6 6774/7/6 6793/7/6
f 6786/7/6 6787/7/6 6795/7/6
f 6787/7/6 6788/7/6 6795/7/6
f 6795/7/6 6788/7/6 6796/7/6
f 6796/7/6 6788/7/6 6797/7/6
f 6788/4/6 6789/4/6 6798/4/6
f 6797/7/6 6788/7/6 6798/7/6
f 6789/7/6 6790/7/6 6799/7/6
f 6798/4/6 6789/4/6 6799/4/6
f 6790/2/6 6791/2/6 6800/2/6
f 6799/7/6 6790/7/6 6800/7/6
f 6791/7/6 6792/7/6 6801/7/6
f 6800/2/6 6791/2/6 6801/2/6
f 6801/7/6 6792/7/6 6802/7/6
f 6802/7/6 6792/7/6 6803/7/6
f 6794/7/6 6795/7/6 6805/7/6
f 6795/7/6 6796/7/6 6805/7/6
f 6796/4/6 6797/4/6 6806/4/6
f 6805/7/6 6796/7/6 6806/7/6
f 6799/7/6 6800/7/6 6807/7/6
f 6806/4/6 6797/4/6 6807/4/6
f 6797/7/6 6798/7/6 6807/7/6
f 6798/7/6 6799/7/6 6807/7/6
f 6801/7/6 6802/7/6 6807/7/6
f 6800/7/6 6801/7/6 6807/7/6
f 6802/2/6 6803/2/6 6808/2/6
f 6807/7/6 6802/7/6 6808/7/6
f 6803/7/6 6792/7/6 6809/7/6
f 6808/2/6 6803/2/6 6809/2/6
f 6809/7/6 6792/7/6 6810/7/6
f 6810/7/6 6792/7/6 6811/7/6
f 6805/7/6 6806/7/6 6813/7/6
f 6804/7/6 6805/7/6 6813/7/6
f 6809/7/6 6810/7/6 6813/7/6
f 6808/7/6 6809/7/6 6813/7/6
f 6807/7/6 6808/7/6 6813/7/6
f 6806/7/6 6807/7/6 6813/7/6
f 6813/7/6 6810/7/6 6814/7/6
f 6812/7/6 6813/7/6 6814/7/6
f 6814/7/6 6810/7/6 6815/7/6
f 6812/7/6 6814/7/6 6817/7/6
f 6817/7/6 6814/7/6 6818/7/6
f 6818/7/6 6814/7/6 6819/7/6
f 6819/7/6 6814/7/6 6820/7/6
f 6820/7/6 6814/7/6 6821/7/6
f 6816/7/6 6817/7/6 6823/7/6
f 6817/7/6 6818/7/6 6823/7/6
f 6818/3/6 6819/3/6 6824/3/6
f 6823/7/6 6818/7/6 6824/7/6
f 6819/7/6 6820/7/6 6825/7/6
f 6824/3/6 6819/3/6 6825/3/6
f 6820/4/6 6821/4/6 6826/4/6
f 6825/7/6 6820/7/6 6826/7/6
f 6826/4/6 6821/4/6 6827/4/6
f 6824/7/6 6825/7/6 6829/7/6
f 6822/7/6 6823/7/6 6829/7/6
f 6826/7/6 6827/7/6 6829/7/6
f 6825/7/6 6826/7/6 6829/7/6
f 6823/7/6 6824/7/6 6829/7/6
f 6829/7/6 6827/7/6 6830/7/6
f 6830/7/6 6827/7/6 6831/7/6
f 6831/7/6 6827/7/6 6832/7/6
f 6832/7/6 6827/7/6 6833/7/6
f 6833/7/6 6827/7/6 6834/7/6
f 6834/7/6 6827/7/6 6835/7/6
f 6835/7/6 6827/7/6 6836/7/6
f 6836/7/6 6827/7/6 6837/7/6
f 6828/7/6 6829/7/6 6839/7/6
f 6829/7/6 6830/7/6 6839/7/6
f 6830/1/6 6831/1/6 6840/1/6
f 6839/7/6 6830/7/6 6840/7/6
f 6831/7/6 6832/7/6 6841/7/6
f 6840/1/6 6831/1/6 6841/1/6
f 6832/4/6 6833/4/6 6842/4/6
f 6841/7/6 6832/7/6 6842/7/6
f 6833/7/6 6834/7/6 6843/7/6
f 6842/4/6 6833/4/6 6843/4/6
f 6843/7/6 6834/7/6 6844/7/6
f 6844/7/6 6834/7/6 6845/7/6
f 6834/2/6 6835/2/6 6846/2/6
f 6845/7/6 6834/7/6 6846/7/6
f 6835/7/6 6836/7/6 6847/7/6
f 6846/2/6 6835/2/6 6847/2/6
f 6838/7/6 6839/7/6 6848/7/6
f 6839/7/6 6840/7/6 6848/7/6
f 6840/7/6 6841/7/6 6848/7/6
f 6843/7/6 6844/7/6 6848/7/6
f 6842/7/6 6843/7/6 6848/7/6
f 6841/7/6 6842/7/6 6848/7/6
f 6844/6/6 6845/6/6 6848/6/6
f 6845/7/6 6846/7/6 6849/7/6
f 6848/6/6 6845/6/6 6849/6/6
f 6846/7/6 6847/7/6 6849/7/6
f 6847/7/6 6836/7/6 6850/7/6
f 6849/7/6 6847/7/6 6850/7/6
f 6850/7/6 6836/7/6 6851/7/6
f 6838/7/6 6848/7/6 6853/7/6
f 6848/7/6 6849/7/6 6853/7/6
f 6849/7/6 6850/7/6 6853/7/6
f 6853/7/6 6850/7/6 6854/7/6
f 6854/7/6 6850/7/6 6855/7/6
f 6855/7/6 6850/7/6 6856/7/6
f 6856/7/6 6850/7/6 6857/7/6
f 6852/7/6 6853/7/6 6859/7/6
f 6853/7/6 6854/7/6 6859/7/6
f 6859/7/6 6854/7/6 6860/7/6
f 6860/7/6 6854/7/6 6861/7/6
f 6854/2/6 6855/2/6 6862/2/6
f 6861/7/6 6854/7/6 6862/7/6
f 6855/7/6 6856/7/6 6863/7/6
f 6862/2/6 6855/2/6 6863/2/6
f 6860/6/6 6861/6/6 6864/6/6
f 6858/7/6 6859/7/6 6864/7/6
f 6859/7/6 6860/7/6 6864/7/6
f 6861/7/6 6862/7/6 6865/7/6
f 6864/6/6 6861/6/6 6865/6/6
f 6862/7/6 6863/7/6 6865/7/6
f 6863/7/6 6856/7/6 6866/7/6
f 6865/7/6 6863/7/6 6866/7/6
f 6866/7/6 6856/7/6 6867/7/6
f 6867/7/6 6856/7/6 6868/7/6
f 6868/7/6 6856/7/6 6869/7/6
f 6869/7/6 6856/7/6 6870/7/6
f 6870/7/6 6856/7/6 6871/7/6
f 6858/7/6 6864/7/6 6873/7/6
f 6864/7/6 6865/7/6 6873/7/6
f 6865/7/6 6866/7/6 6873/7/6
f 6866/2/6 6867/2/6 6874/2/6
f 6873/7/6 6866/7/6 6874/7/6
f 6867/7/6 6868/7/6 6875/7/6
f 6874/2/6 6867/2/6 6875/2/6
f 6868/2/6 6869/2/6 6876/2/6
f 6875/7/6 6868/7/6 6876/7/6
f 6869/7/6 6870/7/6 6877/7/6
f 6876/2/6 6869/2/6 6877/2/6
f 6875/7/6 6876/7/6 6879/7/6
f 6874/7/6 6875/7/6 6879/7/6
f 6876/7/6 6877/7/6 6879/7/6
f 6872/7/6 6873/7/6 6879/7/6
f 6873/7/6 6874/7/6 6879/7/6
f 6877/7/6 6870/7/6 6880/7/6
f 6879/7/6 6877/7/6 6880/7/6
f 6880/7/6 6870/7/6 6881/7/6
f 6878/7/6 6879/7/6 6883/7/6
f 6879/7/6 6880/7/6 6883/7/6
f 6883/7/6 6880/7/6 6884/7/6
f 6884/7/6 6880/7/6 6885/7/6
f 6882/7/6 6883/7/6 6887/7/6
f 6883/7/6 6884/7/6 6887/7/6
f 6887/7/6 6884/7/6 6888/7/6
f 6888/7/6 6884/7/6 6889/7/6
f 6889/7/6 6884/7/6 6890/7/6
f 6890/7/6 6884/7/6 6891/7/6
f 6891/7/6 6884/7/6 6892/7/6
f 6892/7/6 6884/7/6 6893/7/6
f 6886/7/6 6887/7/6 6895/7/6
f 6887/7/6 6888/7/6 6895/7/6
f 6895/7/6 6888/7/6 6896/7/6
f 6896/7/6 6888/7/6 6897/7/6
f 6897/7/6 6888/7/6 6898/7/6
f 6898/7/6 6888/7/6 6899/7/6
f 6888/3/6 6889/3/6 6900/3/6
f 6899/7/6 6888/7/6 6900/7/6
f 6889/7/6 6890/7/6 6901/7/6
f 6900/3/6 6889/3/6 6901/3/6
f 6890/3/6 6891/3/6 6902/3/6
f 6901/7/6 6890/7/6 6902/7/6
f 6891/7/6 6892/7/6 6903/7/6
f 6902/3/6 6891/3/6 6903/3/6
f 6894/7/6 6895/7/6 6904/7/6
f 6895/7/6 6896/7/6 6904/7/6
f 6896/3/6 6897/3/6 6904/3/6
f 6897/7/6 6898/7/6 6905/7/6
f 6904/3/6 6897/3/6 6905/3/6
f 6898/1/6 6899/1/6 6906/1/6
f 6905/7/6 6898/7/6 6906/7/6
f 6901/7/6 6902/7/6 6907/7/6
f 6906/1/6 6899/1/6 6907/1/6
f 6899/7/6 6900/7/6 6907/7/6
f 6900/7/6 6901/7/6 6907/7/6
f 6902/7/6 6903/7/6 6907/7/6
f 6903/7/6 6892/7/6 6908/7/6
f 6907/7/6 6903/7/6 6908/7/6
f 6908/7/6 6892/7/6 6909/7/6
f 6909/7/6 6892/7/6 6910/7/6
f 6910/7/6 6892/7/6 6911/7/6
f 6905/7/6 6906/7/6 6913/7/6
f 6904/7/6 6905/7/6 6913/7/6
f 6894/7/6 6904/7/6 6913/7/6
f 6906/7/6 6907/7/6 6913/7/6
f 6907/7/6 6908/7/6 6913/7/6
f 6908/4/6 6909/4/6 6914/4/6
f 6913/7/6 6908/7/6 6914/7/6
f 6909/7/6 6910/7/6 6915/7/6
f 6914/4/6 6909/4/6 6915/4/6
f 6915/7/6 6910/7/6 6916/7/6
f 6916/7/6 6910/7/6 6917/7/6
f 6913/7/6 6914/7/6 6919/7/6
f 6912/7/6 6913/7/6 6919/7/6
f 6915/7/6 6916/7/6 6919/7/6
f 6914/7/6 6915/7/6 6919/7/6
f 6919/7/6 6916/7/6 6920/7/6
f 6920/7/6 6916/7/6 6921/7/6
f 6921/7/6 6916/7/6 6922/7/6
f 6922/7/6 6916/7/6 6923/7/6
f 6923/7/6 6916/7/6 6924/7/6
f 6924/7/6 6916/7/6 6925/7/6
f 6925/7/6 6916/7/6 6926/7/6
f 6926/7/6 6916/7/6 6927/7/6
f 6918/7/6 6919/7/6 6929/7/6
f 6919/7/6 6920/7/6 6929/7/6
f 6920/6/6 6921/6/6 6930/6/6
f 6929/7/6 6920/7/6 6930/7/6
f 6921/7/6 6922/7/6 6931/7/6
f 6930/6/6 6921/6/6 6931/6/6
f 6922/5/6 6923/5/6 6932/5/6
f 6931/7/6 6922/7/6 6932/7/6
f 6923/7/6 6924/7/6 6933/7/6
f 6932/5/6 6923/5/6 6933/5/6
f 6924/2/6 6925/2/6 6934/2/6
f 6933/7/6 6924/7/6 6934/7/6
f 6925/7/6 6926/7/6 6935/7/6
f 6934/2/6 6925/2/6 6935/2/6
f 6933/7/6 6934/7/6 6937/7/6
f 6928/7/6 6929/7/6 6937/7/6
f 6934/7/6 6935/7/6 6937/7/6
f 6929/7/6 6930/7/6 6937/7/6
f 6932/7/6 6933/7/6 6937/7/6
f 6931/7/6 6932/7/6 6937/7/6
f 6930/7/6 6931/7/6 6937/7/6
f 6937/7/6 6935/7/6 6938/7/6
f 6938/7/6 6935/7/6 6939/7/6
f 6935/7/6 6926/7/6 6940/7/6
f 6939/7/6 6935/7/6 6940/7/6
f 6940/7/6 6926/7/6 6941/7/6
f 6941/7/6 6926/7/6 6942/7/6
f 6942/7/6 6926/7/6 6943/7/6
f 6936/7/6 6937/7/6 6946/7/6
f 6937/7/6 6938/7/6 6946/7/6
f 6938/2/6 6939/2/6 6947/2/6
f 6946/7/6 6938/7/6 6947/7/6
f 6939/7/6 6940/7/6 6948/7/6
f 6947/2/6 6939/2/6 6948/2/6
f 6940/2/6 6941/2/6 6949/2/6
f 6948/7/6 6940/7/6 6949/7/6
f 6941/7/6 6942/7/6 6950/7/6
f 6949/2/6 6941/2/6 6950/2/6
f 6950/7/6 6942/7/6 6951/7/6
f 6951/7/6 6942/7/6 6952/7/6
f 6944/7/6 6945/7/6 6954/7/6
f 6945/1/6 6946/1/6 6955/1/6
f 6954/7/6 6945/7/6 6955/7/6
f 6946/7/6 6947/7/6 6956/7/6
f 6955/1/6 6946/1/6 6956/1/6
f 6947/7/6 6948/7/6 6956/7/6
f 6948/7/6 6949/7/6 6956/7/6
f 6950/7/6 6951/7/6 6956/7/6
f 6949/7/6 6950/7/6 6956/7/6
f 6956/7/6 6951/7/6 6957/7/6
f 6957/7/6 6951/7/6 6958/7/6
f 6958/7/6 6951/7/6 6959/7/6
f 6959/7/6 6951/7/6 6960/7/6
f 6953/6/6 6954/6/6 6962/6/6
f 6954/7/6 6955/7/6 6963/7/6
f 6955/7/6 6956/7/6 6963/7/6
f 6962/6/6 6954/6/6 6963/6/6
f 6956/7/6 6957/7/6 6963/7/6
f 6957/4/6 6958/4/6 6964/4/6
f 6963/7/6 6957/7/6 6964/7/6
f 6958/7/6 6959/7/6 6965/7/6
f 6964/4/6 6958/4/6 6965/4/6
f 6961/7/6 6962/7/6 6967/7/6
f 6963/7/6 6964/7/6 6967/7/6
f 6964/7/6 6965/7/6 6967/7/6
f 6962/7/6 6963/7/6 6967/7/6
f 6967/7/6 6965/7/6 6968/7/6
f 6968/7/6 6965/7/6 6969/7/6
f 6965/7/6 6959/7/6 6970/7/6
f 6969/7/6 6965/7/6 6970/7/6
f 6970/7/6 6959/7/6 6971/7/6
f 6971/7/6 6959/7/6 6972/7/6
f 6972/7/6 6959/7/6 6973/7/6
f 6966/7/6 6967/7/6 6974/7/6
f 6967/7/6 6968/7/6 6974/7/6
f 6974/7/6 6968/7/6 6975/7/6
f 6969/7/6 6970/7/6 6976/7/6
f 6970/4/6 6971/4/6 6976/4/6
f 6971/7/6 6972/7/6 6977/7/6
f 6976/4/6 6971/4/6 6977/4/6
f 6977/7/6 6972/7/6 6978/7/6
f 6978/7/6 6972/7/6 6979/7/6
f 6966/7/6 6974/7/6 6981/7/6
f 6981/7/6 6974/7/6 6982/7/6
f 6982/7/6 6974/7/6 6983/7/6
f 6974/1/6 6975/1/6 6984/1/6
f 6983/7/6 6974/7/6 6984/7/6
f 6975/7/6 6968/7/6 6985/7/6
f 6984/1/6 6975/1/6 6985/1/6
f 6968/4/6 6969/4/6 6986/4/6
f 6985/7/6 6968/7/6 6986/7/6
f 6969/7/6 6976/7/6 6987/7/6
f 6986/4/6 6969/4/6 6987/4/6
f 6976/7/6 6977/7/6 6987/7/6
f 6977/7/6 6978/7/6 6987/7/6
f 6987/7/6 6978/7/6 6988/7/6
f 6988/7/6 6978/7/6 6989/7/6
f 6989/7/6 6978/7/6 6990/7/6
f 6990/7/6 6978/7/6 6991/7/6
f 6981/7/6 6982/7/6 6993/7/6
f 6980/7/6 6981/7/6 6993/7/6
f 6982/6/6 6983/6/6 6994/6/6
f 6993/7/6 6982/7/6 6994/7/6
f 6984/7/6 6985/7/6 6995/7/6
f 6994/6/6 6983/6/6 6995/6/6
f 6985/7/6 6986/7/6 6995/7/6
f 6983/7/6 6984/7/6 6995/7/6
f 6986/7/6 6987/7/6 6995/7/6
f 6987/7/6 6988/7/6 6995/7/6
f 6988/1/6 6989/1/6 6996/1/6
f 6995/7/6 6988/7/6 6996/7/6
f 6989/7/6 6990/7/6 6997/7/6
f 6996/1/6 6989/1/6 6997/1/6
f 6997/7/6 6990/7/6 6998/7/6
f 6998/7/6 6990/7/6 6999/7/6
f 6999/7/6 6990/7/6 7000/7/6
f 7000/7/6 6990/7/6 7001/7/6
f 6993/7/6 6994/7/6 7003/7/6
f 6994/7/6 6995/7/6 7003/7/6
f 6992/7/6 6993/7/6 7003/7/6
f 6995/7/6 6996/7/6 7003/7/6
f 6997/7/6 6998/7/6 7003/7/6
f 6996/7/6 6997/7/6 7003/7/6
f 7003/7/6 6998/7/6 7004/7/6
f 7004/7/6 6998/7/6 7005/7/6
f 6998/2/6 6999/2/6 7006/2/6
f 7005/7/6 6998/7/6 7006/7/6
f 6999/7/6 7000/7/6 7007/7/6
f 7006/2/6 6999/2/6 7007/2/6
f 7007/7/6 7000/7/6 7008/7/6
f 7008/7/6 7000/7/6 7009/7/6
f 7002/7/6 7003/7/6 7011/7/6
f 7003/7/6 7004/7/6 7011/7/6
f 7011/7/6 7004/7/6 7012/7/6
f 7004/5/6 7005/5/6 7013/5/6
f 7012/7/6 7004/7/6 7013/7/6
f 7005/7/6 7006/7/6 7014/7/6
f 7007/7/6 7008/7/6 7014/7/6
f 7006/7/6 7007/7/6 7014/7/6
f 7014/7/6 7008/7/6 7015/7/6
f 7011/7/6 7012/7/6 7017/7/6
f 7010/7/6 7011/7/6 7017/7/6
f 7017/7/6 7012/7/6 7018/7/6
f 7018/7/6 7012/7/6 7019/7/6
f 7012/5/6 7013/5/6 7020/5/6
f 7019/7/6 7012/7/6 7020/7/6
f 7013/5/6 7005/5/6 7021/5/6
f 7020/5/6 7013/5/6 7021/5/6
f 7005/7/6 7014/7/6 7021/7/6
f 7021/7/6 7014/7/6 7022/7/6
f 7022/7/6 7014/7/6 7023/7/6
f 7017/7/6 7018/7/6 7025/7/6
f 7016/7/6 7017/7/6 7025/7/6
f 7018/1/6 7019/1/6 7026/1/6
f 7025/7/6 7018/7/6 7026/7/6
f 7019/7/6 7020/7/6 7027/7/6
f 7026/1/6 7019/1/6 7027/1/6
f 7021/7/6 7022/7/6 7027/7/6
f 7020/7/6 7021/7/6 7027/7/6
f 7027/7/6 7022/7/6 7028/7/6
f 7028/7/6 7022/7/6 7029/7/6
f 7025/7/6 7026/7/6 7031/7/6
f 7024/7/6 7025/7/6 7031/7/6
f 7027/7/6 7028/7/6 7031/7/6
f 7026/7/6 7027/7/6 7031/7/6
f 7031/7/6 7028/7/6 7032/7/6
f 7032/7/6 7028/7/6 7033/7/6
f 7030/7/6 7031/7/6 7035/7/6
f 7031/7/6 7032/7/6 7035/7/6
f 7035/7/6 7032/7/6 7036/7/6
f 7036/7/6 7032/7/6 7037/7/6
f 7037/7/6 7032/7/6 7038/7/6
f 7038/7/6 7032/7/6 7039/7/6
f 7039/7/6 7032/7/6 7040/7/6
f 7040/7/6 7032/7/6 7041/7/6
f 7041/7/6 7032/7/6 7042/7/6
f 7034/7/6 7035/7/6 7044/7/6
f 7035/7/6 7036/7/6 7044/7/6
f 7044/7/6 7036/7/6 7045/7/6
f 7045/7/6 7036/7/6 7046/7/6
f 7046/7/6 7036/7/6 7047/7/6
f 7047/7/6 7036/7/6 7048/7/6
f 7036/1/6 7037/1/6 7049/1/6
f 7048/7/6 7036/7/6 7049/7/6
f 7037/7/6 7038/7/6 7050/7/6
f 7049/1/6 7037/1/6 7050/1/6
f 7038/2/6 7039/2/6 7051/2/6
f 7050/7/6 7038/7/6 7051/7/6
f 7039/7/6 7040/7/6 7052/7/6
f 7051/2/6 7039/2/6 7052/2/6
f 7040/4/6 7041/4/6 7053/4/6
f 7052/7/6 7040/7/6 7053/7/6
f 7053/4/6 7041/4/6 7054/4/6
f 7043/7/6 7044/7/6 7056/7/6
f 7044/7/6 7045/7/6 7056/7/6
f 7045/1/6 7046/1/6 7057/1/6
f 7056/7/6 7045/7/6 7057/7/6
f 7046/7/6 7047/7/6 7058/7/6
f 7057/1/6 7046/1/6 7058/1/6
f 7047/5/6 7048/5/6 7059/5/6
f 7058/7/6 7047/7/6 7059/7/6
f 7051/7/6 7052/7/6 7060/7/6
f 7059/5/6 7048/5/6 7060/5/6
f 7048/7/6 7049/7/6 7060/7/6
f 7049/7/6 7050/7/6 7060/7/6
f 7050/7/6 7051/7/6 7060/7/6
f 7052/7/6 7053/7/6 7060/7/6
f 7060/7/6 7053/7/6 7061/7/6
f 7061/7/6 7053/7/6 7062/7/6
f 7062/7/6 7053/7/6 7063/7/6
f 7063/7/6 7053/7/6 7064/7/6
f 7058/7/6 7059/7/6 7066/7/6
f 7057/7/6 7058/7/6 7066/7/6
f 7056/7/6 7057/7/6 7066/7/6
f 7055/7/6 7056/7/6 7066/7/6
f 7060/7/6 7061/7/6 7066/7/6
f 7059/7/6 7060/7/6 7066/7/6
f 7061/1/6 7062/1/6 7067/1/6
f 7066/7/6 7061/7/6 7067/7/6
f 7062/7/6 7063/7/6 7068/7/6
f 7067/1/6 7062/1/6 7068/1/6
f 7068/7/6 7063/7/6 7069/7/6
f 7069/7/6 7063/7/6 7070/7/6
f 7066/7/6 7067/7/6 7072/7/6
f 7065/7/6 7066/7/6 7072/7/6
f 7068/7/6 7069/7/6 7072/7/6
f 7067/7/6 7068/7/6 7072/7/6
f 7072/7/6 7069/7/6 7073/7/6
f 7073/7/6 7069/7/6 7074/7/6
f 7074/7/6 7069/7/6 7075/7/6
f 7075/7/6 7069/7/6 7076/7/6
f 7071/7/6 7072/7/6 7078/7/6
f 7072/7/6 7073/7/6 7078/7/6
f 7073/2/6 7074/2/6 7079/2/6
f 7078/7/6 7073/7/6 7079/7/6
f 7074/7/6 7075/7/6 7080/7/6
f 7079/2/6 7074/2/6 7080/2/6
f 7080/7/6 7075/7/6 7081/7/6
f 7081/7/6 7075/7/6 7082/7/6
f 7078/7/6 7079/7/6 7084/7/6
f 7077/7/6 7078/7/6 7084/7/6
f 7080/7/6 7081/7/6 7084/7/6
f 7079/7/6 7080/7/6 7084/7/6
f 7084/7/6 7081/7/6 7085/7/6
f 7085/7/6 7081/7/6 7086/7/6
f 7086/7/6 7081/7/6 7087/7/6
f 7087/7/6 7081/7/6 7088/7/6
f 7083/7/6 7084/7/6 7090/7/6
f 7084/7/6 7085/7/6 7090/7/6
f 7086/7/6 7087/7/6 7091/7/6
f 7091/7/6 7087/7/6 7092/7/6
f 7089/7/6 7090/7/6 7094/7/6
f 7086/7/6 7091/7/6 7095/7/6
f 7095/7/6 7091/7/6 7096/7/6
f 7096/7/6 7091/7/6 7097/7/6
f 7097/7/6 7091/7/6 7098/7/6
f 7093/7/6 7094/7/6 7100/7/6
f 7085/1/6 7086/1/6 7101/1/6
f 7090/7/6 7085/7/6 7101/7/6
f 7100/7/6 7094/7/6 7101/7/6
f 7094/7/6 7090/7/6 7101/7/6
f 7086/7/6 7095/7/6 7102/7/6
f 7101/1/6 7086/1/6 7102/1/6
f 7095/2/6 7096/2/6 7103/2/6
f 7102/7/6 7095/7/6 7103/7/6
f 7096/7/6 7097/7/6 7104/7/6
f 7103/2/6 7096/2/6 7104/2/6
f 7104/7/6 7097/7/6 7105/7/6
f 7105/7/6 7097/7/6 7106/7/6
f 7099/7/6 7100/7/6 7108/7/6
f 7102/7/6 7103/7/6 7108/7/6
f 7104/7/6 7105/7/6 7108/7/6
f 7103/7/6 7104/7/6 7108/7/6
f 7101/7/6 7102/7/6 7108/7/6
f 7100/7/6 7101/7/6 7108/7/6
f 7108/7/6 7105/7/6 7109/7/6
f 7109/7/6 7105/7/6 7110/7/6
f 7107/7/6 7108/7/6 7112/7/6
f 7108/7/6 7109/7/6 7112/7/6
f 7112/7/6 7109/7/6 7113/7/6
f 7113/7/6 7109/7/6 7114/7/6
f 7114/7/6 7109/7/6 7115/7/6
f 7115/7/6 7109/7/6 7116/7/6
f 7111/7/6 7112/7/6 7118/7/6
f 7112/7/6 7113/7/6 7118/7/6
f 7113/5/6 7114/5/6 7119/5/6
f 7118/7/6 7113/7/6 7119/7/6
f 7114/7/6 7115/7/6 7120/7/6
f 7119/5/6 7114/5/6 7120/5/6
f 7120/7/6 7115/7/6 7121/7/6
f 7121/7/6 7115/7/6 7122/7/6
f 7122/7/6 7115/7/6 7123/7/6
f 7123/7/6 7115/7/6 7124/7/6
f 7118/7/6 7119/7/6 7126/7/6
f 7117/7/6 7118/7/6 7126/7/6
f 7119/7/6 7120/7/6 7126/7/6
f 7120/7/6 7121/7/6 7126/7/6
f 7121/1/6 7122/1/6 7127/1/6
f 7126/7/6 7121/7/6 7127/7/6
f 7122/7/6 7123/7/6 7128/7/6
f 7127/1/6 7122/1/6 7128/1/6
f 7128/7/6 7123/7/6 7129/7/6
f 7129/7/6 7123/7/6 7130/7/6
f 7126/7/6 7127/7/6 7132/7/6
f 7125/7/6 7126/7/6 7132/7/6
f 7128/7/6 7129/7/6 7132/7/6
f 7127/7/6 7128/7/6 7132/7/6
f 7132/7/6 7129/7/6 7133/7/6
f 7133/7/6 7129/7/6 7134/7/6
f 7131/7/6 7132/7/6 7136/7/6
f 7132/7/6 7133/7/6 7136/7/6
f 7136/7/6 7133/7/6 7137/7/6
f 7137/7/6 7133/7/6 7138/7/6
f 7135/7/6 7136/7/6 7140/7/6
f 7136/7/6 7137/7/6 7140/7/6
f 7140/7/6 7137/7/6 7141/7/6
f 7141/7/6 7137/7/6 7142/7/6
f 7139/7/6 7140/7/6 7144/7/6
f 7140/7/6 7141/7/6 7144/7/6
f 7144/7/6 7141/7/6 7145/7/6
f 7145/7/6 7141/7/6 7146/7/6
f 7146/7/6 7141/7/6 7147/7/6
f 7147/7/6 7141/7/6 7148/7/6
f 7148/7/6 7141/7/6 7149/7/6
f 7149/7/6 7141/7/6 7150/7/6
f 7143/7/6 7144/7/6 7152/7/6
f 7144/7/6 7145/7/6 7152/7/6
f 7152/7/6 7145/7/6 7153/7/6
f 7153/7/6 7145/7/6 7154/7/6
f 7145/4/6 7146/4/6 7155/4/6
f 7154/7/6 7145/7/6 7155/7/6
f 7146/7/6 7147/7/6 7156/7/6
f 7155/4/6 7146/4/6 7156/4/6
f 7147/5/6 7148/5/6 7157/5/6
f 7156/7/6 7147/7/6 7157/7/6
f 7148/7/6 7149/7/6 7158/7/6
f 7157/5/6 7148/5/6 7158/5/6
f 7158/7/6 7149/7/6 7159/7/6
f 7159/7/6 7149/7/6 7160/7/6
f 7151/7/6 7152/7/6 7162/7/6
f 7152/7/6 7153/7/6 7162/7/6
f 7153/1/6 7154/1/6 7163/1/6
f 7162/7/6 7153/7/6 7163/7/6
f 7156/7/6 7157/7/6 7164/7/6
f 7163/1/6 7154/1/6 7164/1/6
f 7154/7/6 7155/7/6 7164/7/6
f 7155/7/6 7156/7/6 7164/7/6
f 7157/7/6 7158/7/6 7164/7/6
f 7158/7/6 7159/7/6 7164/7/6
f 7164/7/6 7159/7/6 7165/7/6
f 7165/7/6 7159/7/6 7166/7/6
f 7162/7/6 7163/7/6 7168/7/6
f 7161/7/6 7162/7/6 7168/7/6
f 7164/7/6 7165/7/6 7168/7/6
f 7163/7/6 7164/7/6 7168/7/6
f 7168/7/6 7165/7/6 7169/7/6
f 7169/7/6 7165/7/6 7170/7/6
f 7167/7/6 7168/7/6 7172/7/6
f 7168/7/6 7169/7/6 7172/7/6
f 7172/7/6 7169/7/6 7173/7/6
f 7173/7/6 7169/7/6 7174/7/6
f 7171/7/6 7172/7/6 7176/7/6
f 7172/7/6 7173/7/6 7176/7/6
f 7176/7/6 7173/7/6 7177/7/6
f 7177/7/6 7173/7/6 7178/7/6
f 7175/7/6 7176/7/6 7180/7/6
f 7176/7/6 7177/7/6 7180/7/6
f 7180/7/6 7177/7/6 7181/7/6
f 7181/7/6 7177/7/6 7182/7/6
f 7179/7/6 7180/7/6 7184/7/6
f 7180/7/6 7181/7/6 7184/7/6
f 7184/7/6 7181/7/6 7185/7/6
f 7185/7/6 7181/7/6 7186/7/6
f 7183/7/6 7184/7/6 7188/7/6
f 7184/7/6 7185/7/6 7188/7/6
f 7188/7/6 7185/7/6 7189/7/6
f 7189/7/6 7185/7/6 7190/7/6
f 7190/7/6 7185/7/6 7191/7/6
f 7191/7/6 7185/7/6 7192/7/6
f 7192/7/6 7185/7/6 7193/7/6
f 7193/7/6 7185/7/6 7194/7/6
f 7187/7/6 7188/7/6 7196/7/6
f 7188/7/6 7189/7/6 7196/7/6
f 7189/4/6 7190/4/6 7197/4/6
f 7196/7/6 7189/7/6 7197/7/6
f 7190/7/6 7191/7/6 7198/7/6
f 7197/4/6 7190/4/6 7198/4/6
f 7198/7/6 7191/7/6 7199/7/6
f 7199/7/6 7191/7/6 7200/7/6
f 7192/7/6 7193/7/6 7201/7/6
f 7201/7/6 7193/7/6 7202/7/6
f 7195/7/6 7196/7/6 7204/7/6
f 7196/7/6 7197/7/6 7204/7/6
f 7198/7/6 7199/7/6 7204/7/6
f 7197/7/6 7198/7/6 7204/7/6
f 7204/7/6 7199/7/6 7205/7/6
f 7205/7/6 7199/7/6 7206/7/6
f 7203/7/6 7204/7/6 7207/7/6
f 7204/7/6 7205/7/6 7207/7/6
f 7207/7/6 7205/7/6 7208/7/6
f 7203/7/6 7207/7/6 7209/7/6
f 7209/7/6 7207/7/6 7210/7/6
f 7203/7/6 7209/7/6 7211/7/6
f 7211/7/6 7209/7/6 7212/7/6
f 7203/7/6 7211/7/6 7213/7/6
f 7213/7/6 7211/7/6 7214/7/6
f 7203/7/6 7213/7/6 7215/7/6
f 7215/7/6 7213/7/6 7216/7/6
f 7203/7/6 7215/7/6 7217/7/6
f 7217/7/6 7215/7/6 7218/7/6
f 7203/7/6 7217/7/6 7219/7/6
f 7219/7/6 7217/7/6 7220/7/6
f 7203/7/6 7219/7/6 7221/7/6
f 7221/7/6 7219/7/6 7222/7/6
f 7203/7/6 7221/7/6 7223/7/6
f 7223/7/6 7221/7/6 7224/7/6
f 7203/7/6 7223/7/6 7225/7/6
f 7225/7/6 7223/7/6 7226/7/6
f 7203/7/6 7225/7/6 7227/7/6
f 7227/7/6 7225/7/6 7228/7/6
f 7228/7/6 7225/7/6 7229/7/6
f 7229/7/6 7225/7/6 7230/7/6
f 7228/7/6 7229/7/6 7231/7/6
f 7231/7/6 7229/7/6 7232/7/6
f 7233/7/6 7234/7/6 7235/7/6
f 7235/7/6 7234/7/6 7236/7/6
f 7236/7/6 7234/7/6 7237/7/6
f 7237/7/6 7234/7/6 7238/7/6
f 7238/7/6 7234/7/6 7239/7/6
f 7239/7/6 7234/7/6 7240/7/6
f 7236/7/6 7237/7/6 7241/7/6
f 7237/2/6 7238/2/6 7241/2/6
f 7238/7/6 7239/7/6 7242/7/6
f 7241/2/6 7238/2/6 7242/2/6
f 7239/2/6 7240/2/6 7243/2/6
f 7242/7/6 7239/7/6 7243/7/6
f 7240/7/6 7234/7/6 7244/7/6
f 7243/2/6 7240/2/6 7244/2/6
f 7242/7/6 7243/7/6 7245/7/6
f 7244/7/6 7234/7/6 7245/7/6
f 7243/7/6 7244/7/6 7245/7/6
f 7241/7/6 7242/7/6 7245/7/6
f 7245/7/6 7234/7/6 7246/7/6
f 7241/7/6 7245/7/6 7247/7/6
f 7247/7/6 7245/7/6 7248/7/6
f 7241/7/6 7247/7/6 7249/7/6
f 7247/6/6 7248/6/6 7249/6/6
f 7248/7/6 7245/7/6 7250/7/6
f 7249/6/6 7248/6/6 7250/6/6
f 7236/7/6 7241/7/6 7251/7/6
f 7241/7/6 7249/7/6 7251/7/6
f 7249/7/6 7250/7/6 7251/7/6
f 7251/7/6 7250/7/6 7252/7/6
f 7236/7/6 7251/7/6 7253/7/6
f 7251/4/6 7252/4/6 7253/4/6
f 7252/7/6 7250/7/6 7254/7/6
f 7253/4/6 7252/4/6 7254/4/6
f 7236/7/6 7253/7/6 7255/7/6
f 7253/7/6 7254/7/6 7255/7/6
f 7255/7/6 7254/7/6 7256/7/6
f 7250/7/6 7245/7/6 7257/7/6
f 7256/7/6 7254/7/6 7257/7/6
f 7254/7/6 7250/7/6 7257/7/6
f 7257/7/6 7245/7/6 7258/7/6
f 7258/7/6 7245/7/6 7259/7/6
f 7259/7/6 7245/7/6 7260/7/6
f 7260/7/6 7245/7/6 7261/7/6
f 7261/7/6 7245/7/6 7262/7/6
f 7256/7/6 7257/7/6 7263/7/6
f 7263/7/6 7257/7/6 7264/7/6
f 7264/7/6 7257/7/6 7265/7/6
f 7257/5/6 7258/5/6 7266/5/6
f 7265/7/6 7257/7/6 7266/7/6
f 7258/7/6 7259/7/6 7267/7/6
f 7266/5/6 7258/5/6 7267/5/6
f 7259/6/6 7260/6/6 7268/6/6
f 7267/7/6 7259/7/6 7268/7/6
f 7260/7/6 7261/7/6 7269/7/6
f 7268/6/6 7260/6/6 7269/6/6
f 7269/7/6 7261/7/6 7270/7/6
f 7270/7/6 7261/7/6 7271/7/6
f 7264/1/6 7265/1/6 7272/1/6
f 7263/7/6 7264/7/6 7272/7/6
f 7267/7/6 7268/7/6 7273/7/6
f 7272/1/6 7265/1/6 7273/1/6
f 7265/7/6 7266/7/6 7273/7/6
f 7269/7/6 7270/7/6 7273/7/6
f 7268/7/6 7269/7/6 7273/7/6
f 7266/7/6 7267/7/6 7273/7/6
f 7270/1/6 7271/1/6 7274/1/6
f 7273/7/6 7270/7/6 7274/7/6
f 7271/7/6 7261/7/6 7275/7/6
f 7274/1/6 7271/1/6 7275/1/6
f 7275/7/6 7261/7/6 7276/7/6
f 7263/7/6 7272/7/6 7277/7/6
f 7273/7/6 7274/7/6 7277/7/6
f 7274/7/6 7275/7/6 7277/7/6
f 7272/7/6 7273/7/6 7277/7/6
f 7277/7/6 7275/7/6 7278/7/6
f 7278/7/6 7275/7/6 7279/7/6
f 7279/7/6 7275/7/6 7280/7/6
f 7278/7/6 7279/7/6 7281/7/6
f 7279/4/6 7280/4/6 7281/4/6
f 7280/7/6 7275/7/6 7282/7/6
f 7281/4/6 7280/4/6 7282/4/6
f 7282/7/6 7275/7/6 7283/7/6
f 7283/7/6 7275/7/6 7284/7/6
f 7281/7/6 7282/7/6 7285/7/6
f 7282/7/6 7283/7/6 7285/7/6
f 7285/7/6 7283/7/6 7286/7/6
f 7286/7/6 7283/7/6 7287/7/6
f 7283/2/6 7284/2/6 7288/2/6
f 7287/7/6 7283/7/6 7288/7/6
f 7288/2/6 7284/2/6 7289/2/6
f 7278/7/6 7281/7/6 7290/7/6
f 7281/7/6 7285/7/6 7290/7/6
f 7290/7/6 7285/7/6 7291/7/6
f 7285/6/6 7286/6/6 7292/6/6
f 7291/7/6 7285/7/6 7292/7/6
f 7286/7/6 7287/7/6 7293/7/6
f 7292/6/6 7286/6/6 7293/6/6
f 7287/1/6 7288/1/6 7294/1/6
f 7293/7/6 7287/7/6 7294/7/6
f 7294/1/6 7288/1/6 7295/1/6
f 7278/7/6 7290/7/6 7296/7/6
f 7296/7/6 7290/7/6 7297/7/6
f 7290/5/6 7291/5/6 7298/5/6
f 7297/7/6 7290/7/6 7298/7/6
f 7291/7/6 7292/7/6 7299/7/6
f 7298/5/6 7291/5/6 7299/5/6
f 7292/7/6 7293/7/6 7299/7/6
f 7293/7/6 7294/7/6 7299/7/6
f 7294/7/6 7295/7/6 7299/7/6
f 7299/7/6 7295/7/6 7300/7/6
f 7300/7/6 7295/7/6 7301/7/6
f 7297/7/6 7298/7/6 7302/7/6
f 7299/7/6 7300/7/6 7302/7/6
f 7298/7/6 7299/7/6 7302/7/6
f 7302/7/6 7300/7/6 7303/7/6
f 7303/7/6 7300/7/6 7304/7/6
f 7304/7/6 7300/7/6 7305/7/6
f 7297/7/6 7302/7/6 7306/7/6
f 7302/6/6 7303/6/6 7306/6/6
f 7303/7/6 7304/7/6 7307/7/6
f 7306/6/6 7303/6/6 7307/6/6
f 7307/7/6 7304/7/6 7308/7/6
f 7308/7/6 7304/7/6 7309/7/6
f 7297/7/6 7306/7/6 7310/7/6
f 7306/7/6 7307/7/6 7310/7/6
f 7307/7/6 7308/7/6 7310/7/6
f 7310/7/6 7308/7/6 7311/7/6
f 7311/7/6 7308/7/6 7312/7/6
f 7312/7/6 7308/7/6 7313/7/6
f 7297/7/6 7310/7/6 7314/7/6
f 7310/4/6 7311/4/6 7314/4/6
f 7311/7/6 7312/7/6 7315/7/6
f 7314/4/6 7311/4/6 7315/4/6
f 7314/7/6 7315/7/6 7316/7/6
f 7315/7/6 7312/7/6 7316/7/6
f 7316/7/6 7312/7/6 7317/7/6
f 7314/7/6 7316/7/6 7318/7/6
f 7316/6/6 7317/6/6 7318/6/6
f 7317/7/6 7312/7/6 7319/7/6
f 7318/6/6 7317/6/6 7319/6/6
f 7318/7/6 7319/7/6 7320/7/6
f 7319/7/6 7312/7/6 7320/7/6
f 7320/7/6 7312/7/6 7321/7/6
f 7318/7/6 7320/7/6 7322/7/6
f 7322/7/6 7320/7/6 7323/7/6
f 7323/7/6 7320/7/6 7324/7/6
f 7324/7/6 7320/7/6 7325/7/6
f 7318/7/6 7322/7/6 7326/7/6
f 7322/1/6 7323/1/6 7326/1/6
f 7323/7/6 7324/7/6 7327/7/6
f 7326/1/6 7323/1/6 7327/1/6
f 7326/7/6 7327/7/6 7328/7/6
f 7327/7/6 7324/7/6 7328/7/6
f 7328/7/6 7324/7/6 7329/7/6
f 7326/7/6 7328/7/6 7330/7/6
f 7330/7/6 7328/7/6 7331/7/6
f 7326/7/6 7330/7/6 7332/7/6
f 7332/7/6 7330/7/6 7333/7/6
f 7318/7/6 7326/7/6 7334/7/6
f 7326/7/6 7332/7/6 7334/7/6
f 7334/7/6 7332/7/6 7335/7/6
f 7335/7/6 7332/7/6 7336/7/6
f 7336/7/6 7332/7/6 7337/7/6
f 7297/7/6 7314/7/6 7338/7/6
f 7314/7/6 7318/7/6 7338/7/6
f 7318/7/6 7334/7/6 7338/7/6
f 7338/7/6 7334/7/6 7339/7/6
f 7334/5/6 7335/5/6 7340/5/6
f 7339/7/6 7334/7/6 7340/7/6
f 7335/7/6 7336/7/6 7341/7/6
f 7340/5/6 7335/5/6 7341/5/6
f 7338/4/6 7339/4/6 7342/4/6
f 7297/7/6 7338/7/6 7342/7/6
f 7339/7/6 7340/7/6 7343/7/6
f 7342/4/6 7339/4/6 7343/4/6
f 7340/7/6 7341/7/6 7343/7/6
f 7341/7/6 7336/7/6 7344/7/6
f 7343/7/6 7341/7/6 7344/7/6
f 7344/7/6 7336/7/6 7345/7/6
f 7297/7/6 7342/7/6 7347/7/6
f 7342/7/6 7343/7/6 7347/7/6
f 7343/7/6 7344/7/6 7347/7/6
f 7347/7/6 7344/7/6 7348/7/6
f 7348/7/6 7344/7/6 7349/7/6
f 7346/7/6 7347/7/6 7350/7/6
f 7347/7/6 7348/7/6 7350/7/6
f 7350/7/6 7348/7/6 7351/7/6
f 7351/7/6 7348/7/6 7352/7/6
f 7352/7/6 7348/7/6 7353/7/6
f 7353/7/6 7348/7/6 7354/7/6
f 7354/7/6 7348/7/6 7355/7/6
f 7346/7/6 7350/7/6 7356/7/6
f 7350/2/6 7351/2/6 7356/2/6
f 7351/7/6 7352/7/6 7357/7/6
f 7356/2/6 7351/2/6 7357/2/6
f 7352/6/6 7353/6/6 7358/6/6
f 7357/7/6 7352/7/6 7358/7/6
f 7353/7/6 7354/7/6 7359/7/6
f 7358/6/6 7353/6/6 7359/6/6
f 7359/7/6 7354/7/6 7360/7/6
f 7360/7/6 7354/7/6 7361/7/6
f 7357/7/6 7358/7/6 7363/7/6
f 7346/7/6 7356/7/6 7363/7/6
f 7359/7/6 7360/7/6 7363/7/6
f 7358/7/6 7359/7/6 7363/7/6
f 7356/7/6 7357/7/6 7363/7/6
f 7363/7/6 7360/7/6 7364/7/6
f 7364/7/6 7360/7/6 7365/7/6
f 7362/7/6 7363/7/6 7366/7/6
f 7363/7/6 7364/7/6 7366/7/6
f 7366/7/6 7364/7/6 7367/7/6
f 7362/7/6 7366/7/6 7369/7/6
f 7369/7/6 7366/7/6 7370/7/6
f 7370/7/6 7366/7/6 7371/7/6
f 7368/7/6 7369/7/6 7372/7/6
f 7369/7/6 7370/7/6 7372/7/6
f 7372/7/6 7370/7/6 7373/7/6
f 7368/7/6 7372/7/6 7375/7/6
f 7372/4/6 7373/4/6 7376/4/6
f 7375/7/6 7372/7/6 7376/7/6
f 7373/7/6 7370/7/6 7377/7/6
f 7376/4/6 7373/4/6 7377/4/6
f 7377/7/6 7370/7/6 7378/7/6
f 7378/7/6 7370/7/6 7379/7/6
f 7375/7/6 7376/7/6 7380/7/6
f 7374/7/6 7375/7/6 7380/7/6
f 7377/7/6 7378/7/6 7380/7/6
f 7376/7/6 7377/7/6 7380/7/6
f 7380/7/6 7378/7/6 7381/7/6
f 7381/7/6 7378/7/6 7382/7/6
f 7382/7/6 7378/7/6 7383/7/6
f 7374/7/6 7380/7/6 7385/7/6
f 7380/6/6 7381/6/6 7386/6/6
f 7385/7/6 7380/7/6 7386/7/6
f 7381/7/6 7382/7/6 7387/7/6
f 7386/6/6 7381/6/6 7387/6/6
f 7387/7/6 7382/7/6 7388/7/6
f 7388/7/6 7382/7/6 7389/7/6
f 7384/7/6 7385/7/6 7391/7/6
f 7385/7/6 7386/7/6 7391/7/6
f 7387/7/6 7388/7/6 7391/7/6
f 7386/7/6 7387/7/6 7391/7/6
f 7391/7/6 7388/7/6 7392/7/6
f 7392/7/6 7388/7/6 7393/7/6
f 7390/7/6 7391/7/6 7395/7/6
f 7391/7/6 7392/7/6 7395/7/6
f 7395/7/6 7392/7/6 7396/7/6
f 7396/7/6 7392/7/6 7397/7/6
f 7394/7/6 7395/7/6 7398/7/6
f 7395/7/6 7396/7/6 7398/7/6
f 7398/7/6 7396/7/6 7399/7/6
f 7394/7/6 7398/7/6 7401/7/6
f 7401/7/6 7398/7/6 7402/7/6
f 7402/7/6 7398/7/6 7403/7/6
f 7403/7/6 7398/7/6 7404/7/6
f 7404/7/6 7398/7/6 7405/7/6
f 7400/7/6 7401/7/6 7406/7/6
f 7401/7/6 7402/7/6 7406/7/6
f 7402/3/6 7403/3/6 7406/3/6
f 7403/7/6 7404/7/6 7407/7/6
f 7406/3/6 7403/3/6 7407/3/6
f 7400/7/6 7406/7/6 7409/7/6
f 7406/7/6 7407/7/6 7409/7/6
f 7409/7/6 7407/7/6 7410/7/6
f 7410/7/6 7407/7/6 7411/7/6
f 7407/7/6 7404/7/6 7412/7/6
f 7411/7/6 7407/7/6 7412/7/6
f 7412/7/6 7404/7/6 7413/7/6
f 7408/7/6 7409/7/6 7414/7/6
f 7409/7/6 7410/7/6 7414/7/6
f 7414/7/6 7410/7/6 7415/7/6
f 7410/2/6 7411/2/6 7416/2/6
f 7415/7/6 7410/7/6 7416/7/6
f 7411/7/6 7412/7/6 7417/7/6
f 7416/2/6 7411/2/6 7417/2/6
f 7408/7/6 7414/7/6 7419/7/6
f 7414/3/6 7415/3/6 7420/3/6
f 7419/7/6 7414/7/6 7420/7/6
f 7415/7/6 7416/7/6 7421/7/6
f 7420/3/6 7415/3/6 7421/3/6
f 7416/7/6 7417/7/6 7421/7/6
f 7417/7/6 7412/7/6 7422/7/6
f 7421/7/6 7417/7/6 7422/7/6
f 7422/7/6 7412/7/6 7423/7/6
f 7418/7/6 7419/7/6 7425/7/6
f 7419/7/6 7420/7/6 7425/7/6
f 7421/7/6 7422/7/6 7425/7/6
f 7420/7/6 7421/7/6 7425/7/6
f 7425/7/6 7422/7/6 7426/7/6
f 7426/7/6 7422/7/6 7427/7/6
f 7424/7/6 7425/7/6 7429/7/6
f 7425/7/6 7426/7/6 7429/7/6
f 7429/7/6 7426/7/6 7430/7/6
f 7430/7/6 7426/7/6 7431/7/6
f 7428/7/6 7429/7/6 7433/7/6
f 7429/7/6 7430/7/6 7433/7/6
f 7430/3/6 7431/3/6 7434/3/6
f 7433/7/6 7430/7/6 7434/7/6
f 7431/7/6 7426/7/6 7435/7/6
f 7434/3/6 7431/3/6 7435/3/6
f 7435/7/6 7426/7/6 7436/7/6
f 7436/7/6 7426/7/6 7437/7/6
f 7433/7/6 7434/7/6 7439/7/6
f 7432/7/6 7433/7/6 7439/7/6
f 7435/7/6 7436/7/6 7439/7/6
f 7434/7/6 7435/7/6 7439/7/6
f 7439/7/6 7436/7/6 7440/7/6
f 7440/7/6 7436/7/6 7441/7/6
f 7438/7/6 7439/7/6 7443/7/6
f 7439/7/6 7440/7/6 7443/7/6
f 7443/7/6 7440/7/6 7444/7/6
f 7444/7/6 7440/7/6 7445/7/6
f 7442/7/6 7443/7/6 7447/7/6
f 7443/7/6 7444/7/6 7447/7/6
f 7447/7/6 7444/7/6 7448/7/6
f 7448/7/6 7444/7/6 7449/7/6
f 7446/7/6 7447/7/6 7451/7/6
f 7447/7/6 7448/7/6 7451/7/6
f 7448/3/6 7449/3/6 7452/3/6
f 7451/7/6 7448/7/6 7452/7/6
f 7449/7/6 7444/7/6 7453/7/6
f 7452/3/6 7449/3/6 7453/3/6
f 7453/7/6 7444/7/6 7454/7/6
f 7454/7/6 7444/7/6 7455/7/6
f 7451/7/6 7452/7/6 7457/7/6
f 7450/7/6 7451/7/6 7457/7/6
f 7453/7/6 7454/7/6 7457/7/6
f 7452/7/6 7453/7/6 7457/7/6
f 7456/7/6 7457/7/6 7459/7/6
f 7457/7/6 7454/7/6 7460/7/6
f 7459/7/6 7457/7/6 7460/7/6
f 7460/7/6 7454/7/6 7461/7/6
f 7461/7/6 7454/7/6 7462/7/6
f 7462/7/6 7454/7/6 7463/7/6
f 7458/7/6 7459/7/6 7465/7/6
f 7459/7/6 7460/7/6 7465/7/6
f 7465/7/6 7460/7/6 7466/7/6
f 7466/7/6 7460/7/6 7467/7/6
f 7467/7/6 7460/7/6 7468/7/6
f 7468/7/6 7460/7/6 7469/7/6
f 7460/5/6 7461/5/6 7470/5/6
f 7469/7/6 7460/7/6 7470/7/6
f 7461/7/6 7462/7/6 7471/7/6
f 7470/5/6 7461/5/6 7471/5/6
f 7464/7/6 7465/7/6 7473/7/6
f 7465/7/6 7466/7/6 7473/7/6
f 7466/5/6 7467/5/6 7474/5/6
f 7473/7/6 7466/7/6 7474/7/6
f 7467/7/6 7468/7/6 7475/7/6
f 7474/5/6 7467/5/6 7475/5/6
f 7468/3/6 7469/3/6 7476/3/6
f 7475/7/6 7468/7/6 7476/7/6
f 7469/7/6 7470/7/6 7477/7/6
f 7476/3/6 7469/3/6 7477/3/6
f 7470/7/6 7471/7/6 7477/7/6
f 7471/7/6 7462/7/6 7478/7/6
f 7477/7/6 7471/7/6 7478/7/6
f 7478/7/6 7462/7/6 7479/7/6
f 7475/7/6 7476/7/6 7481/7/6
f 7474/7/6 7475/7/6 7481/7/6
f 7477/7/6 7478/7/6 7481/7/6
f 7473/7/6 7474/7/6 7481/7/6
f 7472/7/6 7473/7/6 7481/7/6
f 7476/7/6 7477/7/6 7481/7/6
f 7480/7/6 7481/7/6 7483/7/6
f 7481/7/6 7478/7/6 7484/7/6
f 7483/7/6 7481/7/6 7484/7/6
f 7484/7/6 7478/7/6 7485/7/6
f 7482/7/6 7483/7/6 7487/7/6
f 7483/7/6 7484/7/6 7487/7/6
f 7484/3/6 7485/3/6 7488/3/6
f 7487/7/6 7484/7/6 7488/7/6
f 7485/7/6 7478/7/6 7489/7/6
f 7488/3/6 7485/3/6 7489/3/6
f 7489/7/6 7478/7/6 7490/7/6
f 7490/7/6 7478/7/6 7491/7/6
f 7487/7/6 7488/7/6 7493/7/6
f 7486/7/6 7487/7/6 7493/7/6
f 7489/7/6 7490/7/6 7493/7/6
f 7488/7/6 7489/7/6 7493/7/6
f 7492/7/6 7493/7/6 7495/7/6
f 7493/7/6 7490/7/6 7496/7/6
f 7495/7/6 7493/7/6 7496/7/6
f 7496/7/6 7490/7/6 7497/7/6
f 7497/7/6 7490/7/6 7498/7/6
f 7498/7/6 7490/7/6 7499/7/6
f 7494/7/6 7495/7/6 7501/7/6
f 7495/7/6 7496/7/6 7501/7/6
f 7496/3/6 7497/3/6 7502/3/6
f 7501/7/6 7496/7/6 7502/7/6
f 7497/7/6 7498/7/6 7503/7/6
f 7502/3/6 7497/3/6 7503/3/6
f 7501/7/6 7502/7/6 7505/7/6
f 7500/7/6 7501/7/6 7505/7/6
f 7502/7/6 7503/7/6 7505/7/6
f 7503/7/6 7498/7/6 7506/7/6
f 7505/7/6 7503/7/6 7506/7/6
f 7506/7/6 7498/7/6 7507/7/6
f 7504/7/6 7505/7/6 7509/7/6
f 7505/7/6 7506/7/6 7509/7/6
f 7509/7/6 7506/7/6 7510/7/6
f 7510/7/6 7506/7/6 7511/7/6
f 7508/7/6 7509/7/6 7513/7/6
f 7509/7/6 7510/7/6 7513/7/6
f 7512/7/6 7513/7/6 7515/7/6
f 7513/7/6 7510/7/6 7516/7/6
f 7515/7/6 7513/7/6 7516/7/6
f 7516/7/6 7510/7/6 7517/7/6
f 7517/7/6 7510/7/6 7518/7/6
f 7518/7/6 7510/7/6 7519/7/6
f 7514/7/6 7515/7/6 7521/7/6
f 7515/7/6 7516/7/6 7521/7/6
f 7516/5/6 7517/5/6 7522/5/6
f 7521/7/6 7516/7/6 7522/7/6
f 7517/7/6 7518/7/6 7523/7/6
f 7522/5/6 7517/5/6 7523/5/6
f 7521/7/6 7522/7/6 7525/7/6
f 7520/7/6 7521/7/6 7525/7/6
f 7522/7/6 7523/7/6 7525/7/6
f 7523/7/6 7518/7/6 7526/7/6
f 7525/7/6 7523/7/6 7526/7/6
f 7526/7/6 7518/7/6 7527/7/6
f 7524/7/6 7525/7/6 7529/7/6
f 7525/7/6 7526/7/6 7529/7/6
f 7529/7/6 7526/7/6 7530/7/6
f 7530/7/6 7526/7/6 7531/7/6
f 7528/7/6 7529/7/6 7533/7/6
f 7529/7/6 7530/7/6 7533/7/6
f 7533/7/6 7530/7/6 7534/7/6
f 7534/7/6 7530/7/6 7535/7/6
f 7535/7/6 7530/7/6 7536/7/6
f 7536/7/6 7530/7/6 7537/7/6
f 7532/7/6 7533/7/6 7539/7/6
f 7533/7/6 7534/7/6 7539/7/6
f 7534/4/6 7535/4/6 7540/4/6
f 7539/7/6 7534/7/6 7540/7/6
f 7535/7/6 7536/7/6 7541/7/6
f 7540/4/6 7535/4/6 7541/4/6
f 7541/7/6 7536/7/6 7542/7/6
f 7542/7/6 7536/7/6 7543/7/6
f 7539/7/6 7540/7/6 7545/7/6
f 7538/7/6 7539/7/6 7545/7/6
f 7541/7/6 7542/7/6 7545/7/6
f 7540/7/6 7541/7/6 7545/7/6
f 7545/7/6 7542/7/6 7546/7/6
f 7546/7/6 7542/7/6 7547/7/6
f 7544/7/6 7545/7/6 7549/7/6
f 7545/7/6 7546/7/6 7549/7/6
f 7549/7/6 7546/7/6 7550/7/6
f 7550/7/6 7546/7/6 7551/7/6
f 7551/7/6 7546/7/6 7552/7/6
f 7552/7/6 7546/7/6 7553/7/6
f 7548/7/6 7549/7/6 7555/7/6
f 7549/7/6 7550/7/6 7555/7/6
f 7550/4/6 7551/4/6 7556/4/6
f 7555/7/6 7550/7/6 7556/7/6
f 7551/7/6 7552/7/6 7557/7/6
f 7556/4/6 7551/4/6 7557/4/6
f 7555/7/6 7556/7/6 7559/7/6
f 7554/7/6 7555/7/6 7559/7/6
f 7556/7/6 7557/7/6 7559/7/6
f 7557/7/6 7552/7/6 7560/7/6
f 7559/7/6 7557/7/6 7560/7/6
f 7560/7/6 7552/7/6 7561/7/6
f 7561/7/6 7552/7/6 7562/7/6
f 7562/7/6 7552/7/6 7563/7/6
f 7558/7/6 7559/7/6 7565/7/6
f 7559/7/6 7560/7/6 7565/7/6
f 7560/4/6 7561/4/6 7566/4/6
f 7565/7/6 7560/7/6 7566/7/6
f 7561/7/6 7562/7/6 7567/7/6
f 7566/4/6 7561/4/6 7567/4/6
f 7567/7/6 7562/7/6 7568/7/6
f 7568/7/6 7562/7/6 7569/7/6
f 7565/7/6 7566/7/6 7571/7/6
f 7564/7/6 7565/7/6 7571/7/6
f 7567/7/6 7568/7/6 7571/7/6
f 7566/7/6 7567/7/6 7571/7/6
f 7571/7/6 7568/7/6 7572/7/6
f 7572/7/6 7568/7/6 7573/7/6
f 7573/7/6 7568/7/6 7574/7/6
f 7574/7/6 7568/7/6 7575/7/6
f 7570/7/6 7571/7/6 7577/7/6
f 7571/7/6 7572/7/6 7577/7/6
f 7572/2/6 7573/2/6 7578/2/6
f 7577/7/6 7572/7/6 7578/7/6
f 7573/7/6 7574/7/6 7579/7/6
f 7578/2/6 7573/2/6 7579/2/6
f 7579/7/6 7574/7/6 7580/7/6
f 7580/7/6 7574/7/6 7581/7/6
f 7577/7/6 7578/7/6 7583/7/6
f 7576/7/6 7577/7/6 7583/7/6
f 7579/7/6 7580/7/6 7583/7/6
f 7578/7/6 7579/7/6 7583/7/6
f 7582/7/6 7583/7/6 7585/7/6
f 7583/7/6 7580/7/6 7586/7/6
f 7585/7/6 7583/7/6 7586/7/6
f 7586/7/6 7580/7/6 7587/7/6
f 7584/7/6 7585/7/6 7589/7/6
f 7585/7/6 7586/7/6 7589/7/6
f 7589/7/6 7586/7/6 7590/7/6
f 7590/7/6 7586/7/6 7591/7/6
f 7588/7/6 7589/7/6 7593/7/6
f 7589/7/6 7590/7/6 7593/7/6
f 7593/7/6 7590/7/6 7594/7/6
f 7594/7/6 7590/7/6 7595/7/6
f 7592/7/6 7593/7/6 7597/7/6
f 7593/7/6 7594/7/6 7597/7/6
f 7597/7/6 7594/7/6 7598/7/6
f 7598/7/6 7594/7/6 7599/7/6
f 7596/7/6 7597/7/6 7601/7/6
f 7597/7/6 7598/7/6 7601/7/6
f 7601/7/6 7598/7/6 7602/7/6
f 7602/7/6 7598/7/6 7603/7/6
f 7603/7/6 7598/7/6 7604/7/6
f 7604/7/6 7598/7/6 7605/7/6
f 7600/7/6 7601/7/6 7607/7/6
f 7601/7/6 7602/7/6 7607/7/6
f 7607/7/6 7602/7/6 7608/7/6
f 7608/7/6 7602/7/6 7609/7/6
f 7602/2/6 7603/2/6 7610/2/6
f 7609/7/6 7602/7/6 7610/7/6
f 7603/7/6 7604/7/6 7611/7/6
f 7610/2/6 7603/2/6 7611/2/6
f 7611/7/6 7604/7/6 7612/7/6
f 7612/7/6 7604/7/6 7613/7/6
f 7606/7/6 7607/7/6 7615/7/6
f 7607/7/6 7608/7/6 7615/7/6
f 7608/4/6 7609/4/6 7616/4/6
f 7615/7/6 7608/7/6 7616/7/6
f 7609/7/6 7610/7/6 7617/7/6
f 7616/4/6 7609/4/6 7617/4/6
f 7611/7/6 7612/7/6 7617/7/6
f 7610/7/6 7611/7/6 7617/7/6
f 7617/7/6 7612/7/6 7618/7/6
f 7618/7/6 7612/7/6 7619/7/6
f 7615/7/6 7616/7/6 7621/7/6
f 7614/7/6 7615/7/6 7621/7/6
f 7617/7/6 7618/7/6 7621/7/6
f 7616/7/6 7617/7/6 7621/7/6
f 7621/7/6 7618/7/6 7622/7/6
f 7622/7/6 7618/7/6 7623/7/6
f 7620/7/6 7621/7/6 7625/7/6
f 7621/7/6 7622/7/6 7625/7/6
f 7625/7/6 7622/7/6 7626/7/6
f 7626/7/6 7622/7/6 7627/7/6
f 7624/7/6 7625/7/6 7629/7/6
f 7625/7/6 7626/7/6 7629/7/6
f 7629/7/6 7626/7/6 7630/7/6
f 7630/7/6 7626/7/6 7631/7/6
f 7628/7/6 7629/7/6 7633/7/6
f 7629/7/6 7630/7/6 7633/7/6
f 7633/7/6 7630/7/6 7634/7/6
f 7634/7/6 7630/7/6 7635/7/6
f 7632/7/6 7633/7/6 7637/7/6
f 7633/7/6 7634/7/6 7637/7/6
f 7637/7/6 7634/7/6 7638/7/6
f 7638/7/6 7634/7/6 7639/7/6
f 7636/7/6 7637/7/6 7641/7/6
f 7637/7/6 7638/7/6 7641/7/6
f 7641/7/6 7638/7/6 7642/7/6
f 7642/7/6 7638/7/6 7643/7/6
f 7640/7/6 7641/7/6 7645/7/6
f 7641/7/6 7642/7/6 7645/7/6
f 7645/7/6 7642/7/6 7646/7/6
f 7646/7/6 7642/7/6 7647/7/6
f 7644/7/6 7645/7/6 7649/7/6
f 7645/7/6 7646/7/6 7649/7/6
f 7648/7/6 7649/7/6 7651/7/6
f 7649/7/6 7646/7/6 7652/7/6
f 7651/7/6 7649/7/6 7652/7/6
f 7652/7/6 7646/7/6 7653/7/6
f 7650/7/6 7651/7/6 7655/7/6
f 7651/7/6 7652/7/6 7655/7/6
f 7655/7/6 7652/7/6 7656/7/6
f 7656/7/6 7652/7/6 7657/7/6
f 7657/7/6 7652/7/6 7658/7/6
f 7658/7/6 7652/7/6 7659/7/6
f 7659/7/6 7652/7/6 7660/7/6
f 7654/7/6 7655/7/6 7662/7/6
f 7655/7/6 7656/7/6 7662/7/6
f 7662/7/6 7656/7/6 7663/7/6
f 7656/2/6 7657/2/6 7664/2/6
f 7663/7/6 7656/7/6 7664/7/6
f 7657/3/6 7658/3/6 7665/3/6
f 7664/2/6 7657/2/6 7665/2/6
f 7658/7/6 7659/7/6 7666/7/6
f 7665/3/6 7658/3/6 7666/3/6
f 7666/7/6 7659/7/6 7667/7/6
f 7667/7/6 7659/7/6 7668/7/6
f 7668/7/6 7659/7/6 7669/7/6
f 7669/7/6 7659/7/6 7670/7/6
f 7670/7/6 7659/7/6 7671/7/6
f 7661/7/6 7662/7/6 7673/7/6
f 7662/3/6 7663/3/6 7674/3/6
f 7673/7/6 7662/7/6 7674/7/6
f 7664/7/6 7665/7/6 7675/7/6
f 7674/3/6 7663/3/6 7675/3/6
f 7663/7/6 7664/7/6 7675/7/6
f 7665/7/6 7666/7/6 7675/7/6
f 7666/3/6 7667/3/6 7676/3/6
f 7675/7/6 7666/7/6 7676/7/6
f 7667/7/6 7668/7/6 7677/7/6
f 7676/3/6 7667/3/6 7677/3/6
f 7668/3/6 7669/3/6 7678/3/6
f 7677/7/6 7668/7/6 7678/7/6
f 7669/7/6 7670/7/6 7679/7/6
f 7678/3/6 7669/3/6 7679/3/6
f 7679/7/6 7670/7/6 7680/7/6
f 7680/7/6 7670/7/6 7681/7/6
f 7673/7/6 7674/7/6 7683/7/6
f 7672/7/6 7673/7/6 7683/7/6
f 7679/7/6 7680/7/6 7683/7/6
f 7678/7/6 7679/7/6 7683/7/6
f 7676/7/6 7677/7/6 7683/7/6
f 7675/7/6 7676/7/6 7683/7/6
f 7674/7/6 7675/7/6 7683/7/6
f 7677/7/6 7678/7/6 7683/7/6
f 7683/7/6 7680/7/6 7684/7/6
f 7684/7/6 7680/7/6 7685/7/6
f 7682/7/6 7683/7/6 7687/7/6
f 7683/7/6 7684/7/6 7687/7/6
f 7687/7/6 7684/7/6 7688/7/6
f 7688/7/6 7684/7/6 7689/7/6
f 7686/7/6 7687/7/6 7691/7/6
f 7687/7/6 7688/7/6 7691/7/6
f 7691/7/6 7688/7/6 7692/7/6
f 7692/7/6 7688/7/6 7693/7/6
f 7690/7/6 7691/7/6 7695/7/6
f 7691/7/6 7692/7/6 7695/7/6
f 7695/7/6 7692/7/6 7696/7/6
f 7696/7/6 7692/7/6 7697/7/6
f 7694/7/6 7695/7/6 7699/7/6
f 7695/7/6 7696/7/6 7699/7/6
f 7699/7/6 7696/7/6 7700/7/6
f 7700/7/6 7696/7/6 7701/7/6
f 7701/7/6 7696/7/6 7702/7/6
f 7702/7/6 7696/7/6 7703/7/6
f 7703/7/6 7696/7/6 7704/7/6
f 7704/7/6 7696/7/6 7705/7/6
f 7698/7/6 7699/7/6 7707/7/6
f 7699/7/6 7700/7/6 7707/7/6
f 7700/5/6 7701/5/6 7708/5/6
f 7707/7/6 7700/7/6 7708/7/6
f 7701/7/6 7702/7/6 7709/7/6
f 7708/5/6 7701/5/6 7709/5/6
f 7702/2/6 7703/2/6 7710/2/6
f 7709/7/6 7702/7/6 7710/7/6
f 7703/7/6 7704/7/6 7711/7/6
f 7710/2/6 7703/2/6 7711/2/6
f 7711/7/6 7704/7/6 7712/7/6
f 7712/7/6 7704/7/6 7713/7/6
f 7713/7/6 7704/7/6 7714/7/6
f 7714/7/6 7704/7/6 7715/7/6
f 7709/7/6 7710/7/6 7717/7/6
f 7706/7/6 7707/7/6 7717/7/6
f 7707/7/6 7708/7/6 7717/7/6
f 7708/7/6 7709/7/6 7717/7/6
f 7711/7/6 7712/7/6 7717/7/6
f 7710/7/6 7711/7/6 7717/7/6
f 7717/7/6 7712/7/6 7718/7/6
f 7718/7/6 7712/7/6 7719/7/6
f 7712/4/6 7713/4/6 7720/4/6
f 7719/7/6 7712/7/6 7720/7/6
f 7713/7/6 7714/7/6 7721/7/6
f 7720/4/6 7713/4/6 7721/4/6
f 7721/7/6 7714/7/6 7722/7/6
f 7722/7/6 7714/7/6 7723/7/6
f 7716/7/6 7717/7/6 7725/7/6
f 7717/7/6 7718/7/6 7725/7/6
f 7718/5/6 7719/5/6 7726/5/6
f 7725/7/6 7718/7/6 7726/7/6
f 7719/7/6 7720/7/6 7727/7/6
f 7726/5/6 7719/5/6 7727/5/6
f 7721/7/6 7722/7/6 7727/7/6
f 7720/7/6 7721/7/6 7727/7/6
f 7727/7/6 7722/7/6 7728/7/6
f 7728/7/6 7722/7/6 7729/7/6
f 7725/7/6 7726/7/6 7731/7/6
f 7724/7/6 7725/7/6 7731/7/6
f 7727/7/6 7728/7/6 7731/7/6
f 7726/7/6 7727/7/6 7731/7/6
f 7731/7/6 7728/7/6 7732/7/6
f 7732/7/6 7728/7/6 7733/7/6
f 7733/7/6 7728/7/6 7734/7/6
f 7734/7/6 7728/7/6 7735/7/6
f 7730/7/6 7731/7/6 7737/7/6
f 7731/7/6 7732/7/6 7737/7/6
f 7732/2/6 7733/2/6 7738/2/6
f 7737/7/6 7732/7/6 7738/7/6
f 7733/7/6 7734/7/6 7739/7/6
f 7738/2/6 7733/2/6 7739/2/6
f 7739/7/6 7734/7/6 7740/7/6
f 7740/7/6 7734/7/6 7741/7/6
f 7737/7/6 7738/7/6 7743/7/6
f 7736/7/6 7737/7/6 7743/7/6
f 7739/7/6 7740/7/6 7743/7/6
f 7738/7/6 7739/7/6 7743/7/6
f 7743/7/6 7740/7/6 7744/7/6
f 7744/7/6 7740/7/6 7745/7/6
f 7745/7/6 7740/7/6 7746/7/6
f 7746/7/6 7740/7/6 7747/7/6
f 7742/7/6 7743/7/6 7749/7/6
f 7743/7/6 7744/7/6 7749/7/6
f 7744/2/6 7745/2/6 7750/2/6
f 7749/7/6 7744/7/6 7750/7/6
f 7745/7/6 7746/7/6 7751/7/6
f 7750/2/6 7745/2/6 7751/2/6
f 7751/7/6 7746/7/6 7752/7/6
f 7752/7/6 7746/7/6 7753/7/6
f 7749/7/6 7750/7/6 7755/7/6
f 7748/7/6 7749/7/6 7755/7/6
f 7751/7/6 7752/7/6 7755/7/6
f 7750/7/6 7751/7/6 7755/7/6
f 7755/7/6 7752/7/6 7756/7/6
f 7756/7/6 7752/7/6 7757/7/6
f 7757/7/6 7752/7/6 7758/7/6
f 7758/7/6 7752/7/6 7759/7/6
f 7754/7/6 7755/7/6 7761/7/6
f 7755/7/6 7756/7/6 7761/7/6
f 7756/6/6 7757/6/6 7762/6/6
f 7761/7/6 7756/7/6 7762/7/6
f 7757/7/6 7758/7/6 7763/7/6
f 7762/6/6 7757/6/6 7763/6/6
f 7763/7/6 7758/7/6 7764/7/6
f 7764/7/6 7758/7/6 7765/7/6
f 7765/7/6 7758/7/6 7766/7/6
f 7766/7/6 7758/7/6 7767/7/6
f 7761/7/6 7762/7/6 7769/7/6
f 7760/7/6 7761/7/6 7769/7/6
f 7762/7/6 7763/7/6 7769/7/6
f 7763/7/6 7764/7/6 7769/7/6
f 7769/7/6 7764/7/6 7770/7/6
f 7770/7/6 7764/7/6 7771/7/6
f 7764/5/6 7765/5/6 7772/5/6
f 7771/7/6 7764/7/6 7772/7/6
f 7765/7/6 7766/7/6 7773/7/6
f 7772/5/6 7765/5/6 7773/5/6
f 7773/7/6 7766/7/6 7774/7/6
f 7774/7/6 7766/7/6 7775/7/6
f 7768/7/6 7769/7/6 7777/7/6
f 7769/7/6 7770/7/6 7777/7/6
f 7770/6/6 7771/6/6 7778/6/6
f 7777/7/6 7770/7/6 7778/7/6
f 7771/7/6 7772/7/6 7779/7/6
f 7778/6/6 7771/6/6 7779/6/6
f 7773/7/6 7774/7/6 7779/7/6
f 7772/7/6 7773/7/6 7779/7/6
f 7779/7/6 7774/7/6 7780/7/6
f 7780/7/6 7774/7/6 7781/7/6
f 7777/7/6 7778/7/6 7783/7/6
f 7776/7/6 7777/7/6 7783/7/6
f 7779/7/6 7780/7/6 7783/7/6
f 7778/7/6 7779/7/6 7783/7/6
f 7783/7/6 7780/7/6 7784/7/6
f 7784/7/6 7780/7/6 7785/7/6
f 7782/7/6 7783/7/6 7787/7/6
f 7783/7/6 7784/7/6 7787/7/6
f 7787/7/6 7784/7/6 7788/7/6
f 7788/7/6 7784/7/6 7789/7/6
f 7789/7/6 7784/7/6 7790/7/6
f 7790/7/6 7784/7/6 7791/7/6
f 7786/7/6 7787/7/6 7793/7/6
f 7787/7/6 7788/7/6 7793/7/6
f 7788/6/6 7789/6/6 7794/6/6
f 7793/7/6 7788/7/6 7794/7/6
f 7789/7/6 7790/7/6 7795/7/6
f 7794/6/6 7789/6/6 7795/6/6
f 7795/7/6 7790/7/6 7796/7/6
f 7796/7/6 7790/7/6 7797/7/6
f 7793/7/6 7794/7/6 7799/7/6
f 7792/7/6 7793/7/6 7799/7/6
f 7795/7/6 7796/7/6 7799/7/6
f 7794/7/6 7795/7/6 7799/7/6
f 7799/7/6 7796/7/6 7800/7/6
f 7800/7/6 7796/7/6 7801/7/6
f 7798/7/6 7799/7/6 7803/7/6
f 7799/7/6 7800/7/6 7803/7/6
f 7803/7/6 7800/7/6 7804/7/6
f 7804/7/6 7800/7/6 7805/7/6
f 7802/7/6 7803/7/6 7806/7/6
f 7803/7/6 7804/7/6 7806/7/6
f 7806/7/6 7804/7/6 7807/7/6
f 7807/7/6 7804/7/6 7808/7/6
f 7808/7/6 7804/7/6 7809/7/6
f 7802/7/6 7806/7/6 7811/7/6
f 7806/6/6 7807/6/6 7812/6/6
f 7811/7/6 7806/7/6 7812/7/6
f 7807/7/6 7808/7/6 7813/7/6
f 7812/6/6 7807/6/6 7813/6/6
f 7813/7/6 7808/7/6 7814/7/6
f 7814/7/6 7808/7/6 7815/7/6
f 7810/7/6 7811/7/6 7817/7/6
f 7811/7/6 7812/7/6 7817/7/6
f 7813/7/6 7814/7/6 7817/7/6
f 7812/7/6 7813/7/6 7817/7/6
f 7817/7/6 7814/7/6 7818/7/6
f 7818/7/6 7814/7/6 7819/7/6
f 7819/7/6 7814/7/6 7820/7/6
f 7820/7/6 7814/7/6 7821/7/6
f 7816/7/6 7817/7/6 7823/7/6
f 7817/7/6 7818/7/6 7823/7/6
f 7818/4/6 7819/4/6 7824/4/6
f 7823/7/6 7818/7/6 7824/7/6
f 7819/7/6 7820/7/6 7825/7/6
f 7824/4/6 7819/4/6 7825/4/6
f 7825/7/6 7820/7/6 7826/7/6
f 7826/7/6 7820/7/6 7827/7/6
f 7823/7/6 7824/7/6 7829/7/6
f 7822/7/6 7823/7/6 7829/7/6
f 7825/7/6 7826/7/6 7829/7/6
f 7824/7/6 7825/7/6 7829/7/6
f 7829/7/6 7826/7/6 7830/7/6
f 7830/7/6 7826/7/6 7831/7/6
f 7831/7/6 7826/7/6 7832/7/6
f 7832/7/6 7826/7/6 7833/7/6
f 7828/7/6 7829/7/6 7835/7/6
f 7829/7/6 7830/7/6 7835/7/6
f 7830/2/6 7831/2/6 7836/2/6
f 7835/7/6 7830/7/6 7836/7/6
f 7831/7/6 7832/7/6 7837/7/6
f 7836/2/6 7831/2/6 7837/2/6
f 7837/7/6 7832/7/6 7838/7/6
f 7838/7/6 7832/7/6 7839/7/6
f 7839/7/6 7832/7/6 7840/7/6
f 7840/7/6 7832/7/6 7841/7/6
f 7835/7/6 7836/7/6 7843/7/6
f 7834/7/6 7835/7/6 7843/7/6
f 7836/7/6 7837/7/6 7843/7/6
f 7837/7/6 7838/7/6 7843/7/6
f 7843/7/6 7838/7/6 7844/7/6
f 7844/7/6 7838/7/6 7845/7/6
f 7839/7/6 7840/7/6 7846/7/6
f 7846/7/6 7840/7/6 7847/7/6
f 7845/7/6 7838/7/6 7848/7/6
f 7838/4/6 7839/4/6 7848/4/6
f 7839/7/6 7846/7/6 7849/7/6
f 7848/4/6 7839/4/6 7849/4/6
f 7849/7/6 7846/7/6 7850/7/6
f 7850/7/6 7846/7/6 7851/7/6
f 7842/7/6 7843/7/6 7853/7/6
f 7843/7/6 7844/7/6 7853/7/6
f 7844/5/6 7845/5/6 7854/5/6
f 7853/7/6 7844/7/6 7854/7/6
f 7845/7/6 7848/7/6 7855/7/6
f 7854/5/6 7845/5/6 7855/5/6
f 7849/7/6 7850/7/6 7855/7/6
f 7848/7/6 7849/7/6 7855/7/6
f 7855/7/6 7850/7/6 7856/7/6
f 7856/7/6 7850/7/6 7857/7/6
f 7857/7/6 7850/7/6 7858/7/6
f 7858/7/6 7850/7/6 7859/7/6
f 7853/7/6 7854/7/6 7861/7/6
f 7852/7/6 7853/7/6 7861/7/6
f 7854/7/6 7855/7/6 7861/7/6
f 7855/7/6 7856/7/6 7861/7/6
f 7856/3/6 7857/3/6 7862/3/6
f 7861/7/6 7856/7/6 7862/7/6
f 7857/7/6 7858/7/6 7863/7/6
f 7862/3/6 7857/3/6 7863/3/6
f 7863/7/6 7858/7/6 7864/7/6
f 7864/7/6 7858/7/6 7865/7/6
f 7861/7/6 7862/7/6 7867/7/6
f 7860/7/6 7861/7/6 7867/7/6
f 7863/7/6 7864/7/6 7867/7/6
f 7862/7/6 7863/7/6 7867/7/6
f 7867/7/6 7864/7/6 7868/7/6
f 7868/7/6 7864/7/6 7869/7/6
f 7869/7/6 7864/7/6 7870/7/6
f 7870/7/6 7864/7/6 7871/7/6
f 7866/7/6 7867/7/6 7872/7/6
f 7867/7/6 7868/7/6 7872/7/6
f 7868/2/6 7869/2/6 7872/2/6
f 7869/7/6 7870/7/6 7873/7/6
f 7872/2/6 7869/2/6 7873/2/6
f 7873/7/6 7870/7/6 7874/7/6
f 7874/7/6 7870/7/6 7875/7/6
f 7866/7/6 7872/7/6 7877/7/6
f 7872/7/6 7873/7/6 7877/7/6
f 7873/7/6 7874/7/6 7877/7/6
f 7877/7/6 7874/7/6 7878/7/6
f 7878/7/6 7874/7/6 7879/7/6
f 7879/7/6 7874/7/6 7880/7/6
f 7880/7/6 7874/7/6 7881/7/6
f 7876/7/6 7877/7/6 7883/7/6
f 7877/7/6 7878/7/6 7883/7/6
f 7878/6/6 7879/6/6 7884/6/6
f 7883/7/6 7878/7/6 7884/7/6
f 7879/7/6 7880/7/6 7885/7/6
f 7884/6/6 7879/6/6 7885/6/6
f 7885/7/6 7880/7/6 7886/7/6
f 7886/7/6 7880/7/6 7887/7/6
f 7883/7/6 7884/7/6 7889/7/6
f 7882/7/6 7883/7/6 7889/7/6
f 7885/7/6 7886/7/6 7889/7/6
f 7884/7/6 7885/7/6 7889/7/6
f 7889/7/6 7886/7/6 7890/7/6
f 7890/7/6 7886/7/6 7891/7/6
f 7888/7/6 7889/7/6 7892/7/6
f 7889/7/6 7890/7/6 7892/7/6
f 7892/7/6 7890/7/6 7893/7/6
f 7888/7/6 7892/7/6 7895/7/6
f 7895/7/6 7892/7/6 7896/7/6
f 7896/7/6 7892/7/6 7897/7/6
f 7894/7/6 7895/7/6 7899/7/6
f 7895/7/6 7896/7/6 7899/7/6
f 7899/7/6 7896/7/6 7900/7/6
f 7900/7/6 7896/7/6 7901/7/6
f 7898/7/6 7899/7/6 7903/7/6
f 7899/7/6 7900/7/6 7903/7/6
f 7903/7/6 7900/7/6 7904/7/6
f 7904/7/6 7900/7/6 7905/7/6
f 7902/7/6 7903/7/6 7907/7/6
f 7903/7/6 7904/7/6 7907/7/6
f 7907/7/6 7904/7/6 7908/7/6
f 7908/7/6 7904/7/6 7909/7/6
f 7906/7/6 7907/7/6 7911/7/6
f 7907/7/6 7908/7/6 7911/7/6
f 7911/7/6 7908/7/6 7912/7/6
f 7912/7/6 7908/7/6 7913/7/6
f 7910/7/6 7911/7/6 7915/7/6
f 7911/7/6 7912/7/6 7915/7/6
f 7915/7/6 7912/7/6 7916/7/6
f 7916/7/6 7912/7/6 7917/7/6
f 7914/7/6 7915/7/6 7919/7/6
f 7915/7/6 7916/7/6 7919/7/6
f 7919/7/6 7916/7/6 7920/7/6
f 7920/7/6 7916/7/6 7921/7/6
f 7921/7/6 7916/7/6 7922/7/6
f 7922/7/6 7916/7/6 7923/7/6
f 7918/7/6 7919/7/6 7925/7/6
f 7919/7/6 7920/7/6 7925/7/6
f 7920/1/6 7921/1/6 7926/1/6
f 7925/7/6 7920/7/6 7926/7/6
f 7921/7/6 7922/7/6 7927/7/6
f 7926/1/6 7921/1/6 7927/1/6
f 7927/7/6 7922/7/6 7928/7/6
f 7928/7/6 7922/7/6 7929/7/6
f 7925/7/6 7926/7/6 7930/7/6
f 7924/7/6 7925/7/6 7930/7/6
f 7927/7/6 7928/7/6 7930/7/6
f 7926/7/6 7927/7/6 7930/7/6
f 7930/7/6 7928/7/6 7931/7/6
f 7924/7/6 7930/7/6 7933/7/6
f 7933/7/6 7930/7/6 7934/7/6
f 7934/7/6 7930/7/6 7935/7/6
f 7932/7/6 7933/7/6 7937/7/6
f 7933/7/6 7934/7/6 7937/7/6
f 7937/7/6 7934/7/6 7938/7/6
f 7938/7/6 7934/7/6 7939/7/6
f 7939/7/6 7934/7/6 7940/7/6
f 7940/7/6 7934/7/6 7941/7/6
f 7936/7/6 7937/7/6 7943/7/6
f 7937/7/6 7938/7/6 7943/7/6
f 7938/3/6 7939/3/6 7944/3/6
f 7943/7/6 7938/7/6 7944/7/6
f 7939/7/6 7940/7/6 7945/7/6
f 7944/3/6 7939/3/6 7945/3/6
f 7945/7/6 7940/7/6 7946/7/6
f 7946/7/6 7940/7/6 7947/7/6
f 7943/7/6 7944/7/6 7949/7/6
f 7942/7/6 7943/7/6 7949/7/6
f 7945/7/6 7946/7/6 7949/7/6
f 7944/7/6 7945/7/6 7949/7/6
f 7949/7/6 7946/7/6 7950/7/6
f 7950/7/6 7946/7/6 7951/7/6
f 7948/7/6 7949/7/6 7953/7/6
f 7949/7/6 7950/7/6 7953/7/6
f 7953/7/6 7950/7/6 7954/7/6
f 7954/7/6 7950/7/6 7955/7/6
f 7955/7/6 7950/7/6 7956/7/6
f 7956/7/6 7950/7/6 7957/7/6
f 7950/6/6 7951/6/6 7958/6/6
f 7957/7/6 7950/7/6 7958/7/6
f 7951/7/6 7946/7/6 7959/7/6
f 7958/6/6 7951/6/6 7959/6/6
f 7959/7/6 7946/7/6 7960/7/6
f 7960/7/6 7946/7/6 7961/7/6
f 7952/7/6 7953/7/6 7963/7/6
f 7953/7/6 7954/7/6 7963/7/6
f 7963/7/6 7954/7/6 7964/7/6
f 7964/7/6 7954/7/6 7965/7/6
f 7954/1/6 7955/1/6 7966/1/6
f 7965/7/6 7954/7/6 7966/7/6
f 7955/7/6 7956/7/6 7967/7/6
f 7966/1/6 7955/1/6 7967/1/6
f 7956/5/6 7957/5/6 7968/5/6
f 7967/7/6 7956/7/6 7968/7/6
f 7957/7/6 7958/7/6 7969/7/6
f 7968/5/6 7957/5/6 7969/5/6
f 7959/7/6 7960/7/6 7969/7/6
f 7958/7/6 7959/7/6 7969/7/6
f 7969/7/6 7960/7/6 7970/7/6
f 7970/7/6 7960/7/6 7971/7/6
f 7963/7/6 7964/7/6 7973/7/6
f 7962/7/6 7963/7/6 7973/7/6
f 7964/6/6 7965/6/6 7974/6/6
f 7973/7/6 7964/7/6 7974/7/6
f 7967/7/6 7968/7/6 7975/7/6
f 7974/6/6 7965/6/6 7975/6/6
f 7966/7/6 7967/7/6 7975/7/6
f 7965/7/6 7966/7/6 7975/7/6
f 7968/7/6 7969/7/6 7975/7/6
f 7969/7/6 7970/7/6 7975/7/6
f 7975/7/6 7970/7/6 7976/7/6
f 7976/7/6 7970/7/6 7977/7/6
f 7977/7/6 7970/7/6 7978/7/6
f 7978/7/6 7970/7/6 7979/7/6
f 7973/7/6 7974/7/6 7981/7/6
f 7972/7/6 7973/7/6 7981/7/6
f 7974/7/6 7975/7/6 7981/7/6
f 7975/7/6 7976/7/6 7981/7/6
f 7976/5/6 7977/5/6 7982/5/6
f 7981/7/6 7976/7/6 7982/7/6
f 7977/7/6 7978/7/6 7983/7/6
f 7982/5/6 7977/5/6 7983/5/6
f 7983/7/6 7978/7/6 7984/7/6
f 7984/7/6 7978/7/6 7985/7/6
f 7981/7/6 7982/7/6 7987/7/6
f 7980/7/6 7981/7/6 7987/7/6
f 7983/7/6 7984/7/6 7987/7/6
f 7982/7/6 7983/7/6 7987/7/6
f 7987/7/6 7984/7/6 7988/7/6
f 7986/7/6 7987/7/6 7988/7/6
f 7988/7/6 7984/7/6 7989/7/6
f 7989/7/6 7984/7/6 7990/7/6
f 7990/7/6 7984/7/6 7991/7/6
f 7986/7/6 7988/7/6 7992/7/6
f 7988/4/6 7989/4/6 7992/4/6
f 7989/7/6 7990/7/6 7993/7/6
f 7992/4/6 7989/4/6 7993/4/6
f 7993/7/6 7990/7/6 7994/7/6
f 7994/7/6 7990/7/6 7995/7/6
f 7995/7/6 7990/7/6 7996/7/6
f 7996/7/6 7990/7/6 7997/7/6
f 7986/7/6 7992/7/6 7998/7/6
f 7992/7/6 7993/7/6 7998/7/6
f 7993/7/6 7994/7/6 7998/7/6
f 7998/7/6 7994/7/6 7999/7/6
f 7999/7/6 7994/7/6 8000/7/6
f 8000/7/6 7994/7/6 8001/7/6
f 7994/2/6 7995/2/6 8002/2/6
f 8001/7/6 7994/7/6 8002/7/6
f 7995/7/6 7996/7/6 8003/7/6
f 8002/2/6 7995/2/6 8003/2/6
f 7986/7/6 7998/7/6 8004/7/6
f 8004/7/6 7998/7/6 8005/7/6
f 7998/6/6 7999/6/6 8006/6/6
f 8005/7/6 7998/7/6 8006/7/6
f 7999/7/6 8000/7/6 8007/7/6
f 8006/6/6 7999/6/6 8007/6/6
f 8000/3/6 8001/3/6 8008/3/6
f 8007/7/6 8000/7/6 8008/7/6
f 8001/7/6 8002/7/6 8009/7/6
f 8008/3/6 8001/3/6 8009/3/6
f 8002/7/6 8003/7/6 8009/7/6
f 8003/7/6 7996/7/6 8010/7/6
f 8009/7/6 8003/7/6 8010/7/6
f 8010/7/6 7996/7/6 8011/7/6
f 8004/2/6 8005/2/6 8012/2/6
f 7986/7/6 8004/7/6 8012/7/6
f 8007/7/6 8008/7/6 8013/7/6
f 8012/2/6 8005/2/6 8013/2/6
f 8006/7/6 8007/7/6 8013/7/6
f 8009/7/6 8010/7/6 8013/7/6
f 8005/7/6 8006/7/6 8013/7/6
f 8008/7/6 8009/7/6 8013/7/6
f 8013/7/6 8010/7/6 8014/7/6
f 8014/7/6 8010/7/6 8015/7/6
f 8012/7/6 8013/7/6 8016/7/6
f 8013/7/6 8014/7/6 8016/7/6
f 8016/7/6 8014/7/6 8017/7/6
f 8017/7/6 8014/7/6 8018/7/6
f 8018/7/6 8014/7/6 8019/7/6
f 8019/7/6 8014/7/6 8020/7/6
f 8020/7/6 8014/7/6 8021/7/6
f 8012/7/6 8016/7/6 8022/7/6
f 8016/6/6 8017/6/6 8022/6/6
f 8017/7/6 8018/7/6 8023/7/6
f 8022/6/6 8017/6/6 8023/6/6
f 8018/4/6 8019/4/6 8024/4/6
f 8023/7/6 8018/7/6 8024/7/6
f 8019/7/6 8020/7/6 8025/7/6
f 8024/4/6 8019/4/6 8025/4/6
f 8025/7/6 8020/7/6 8026/7/6
f 8026/7/6 8020/7/6 8027/7/6
f 8027/7/6 8020/7/6 8028/7/6
f 8028/7/6 8020/7/6 8029/7/6
f 8023/7/6 8024/7/6 8030/7/6
f 8022/7/6 8023/7/6 8030/7/6
f 8024/7/6 8025/7/6 8030/7/6
f 8026/6/6 8027/6/6 8030/6/6
f 8025/7/6 8026/7/6 8030/7/6
f 8027/7/6 8028/7/6 8031/7/6
f 8030/6/6 8027/6/6 8031/6/6
f 8031/7/6 8028/7/6 8032/7/6
f 8032/7/6 8028/7/6 8033/7/6
f 8030/7/6 8031/7/6 8034/7/6
f 8031/7/6 8032/7/6 8034/7/6
f 8034/7/6 8032/7/6 8035/7/6
f 8022/7/6 8030/7/6 8036/7/6
f 8030/7/6 8034/7/6 8036/7/6
f 8036/7/6 8034/7/6 8037/7/6
f 8034/2/6 8035/2/6 8038/2/6
f 8037/7/6 8034/7/6 8038/7/6
f 8035/7/6 8032/7/6 8039/7/6
f 8038/2/6 8035/2/6 8039/2/6
f 8039/7/6 8032/7/6 8040/7/6
f 8040/7/6 8032/7/6 8041/7/6
f 8012/7/6 8022/7/6 8042/7/6
f 8022/7/6 8036/7/6 8042/7/6
f 8042/7/6 8036/7/6 8043/7/6
f 8043/7/6 8036/7/6 8044/7/6
f 8044/7/6 8036/7/6 8045/7/6
f 8036/1/6 8037/1/6 8046/1/6
f 8045/7/6 8036/7/6 8046/7/6
f 8037/7/6 8038/7/6 8047/7/6
f 8046/1/6 8037/1/6 8047/1/6
f 8039/7/6 8040/7/6 8047/7/6
f 8038/7/6 8039/7/6 8047/7/6
f 8047/7/6 8040/7/6 8048/7/6
f 8048/7/6 8040/7/6 8049/7/6
f 8042/6/6 8043/6/6 8050/6/6
f 8012/7/6 8042/7/6 8050/7/6
f 8043/7/6 8044/7/6 8051/7/6
f 8050/6/6 8043/6/6 8051/6/6
f 8044/2/6 8045/2/6 8052/2/6
f 8051/7/6 8044/7/6 8052/7/6
f 8045/7/6 8046/7/6 8053/7/6
f 8052/2/6 8045/2/6 8053/2/6
f 8047/7/6 8048/7/6 8053/7/6
f 8046/7/6 8047/7/6 8053/7/6
f 8053/7/6 8048/7/6 8054/7/6
f 8054/7/6 8048/7/6 8055/7/6
f 8051/7/6 8052/7/6 8056/7/6
f 8050/7/6 8051/7/6 8056/7/6
f 8053/7/6 8054/7/6 8056/7/6
f 8052/7/6 8053/7/6 8056/7/6
f 8056/7/6 8054/7/6 8057/7/6
f 8057/7/6 8054/7/6 8058/7/6
f 8050/7/6 8056/7/6 8059/7/6
f 8056/1/6 8057/1/6 8060/1/6
f 8059/7/6 8056/7/6 8060/7/6
f 8060/1/6 8057/1/6 8061/1/6
f 8050/7/6 8059/7/6 8062/7/6
f 8062/7/6 8059/7/6 8063/7/6
f 8063/7/6 8059/7/6 8064/7/6
f 8064/7/6 8059/7/6 8065/7/6
f 8065/7/6 8059/7/6 8066/7/6
f 8050/7/6 8062/7/6 8067/7/6
f 8062/2/6 8063/2/6 8067/2/6
f 8063/7/6 8064/7/6 8068/7/6
f 8067/2/6 8063/2/6 8068/2/6
f 8064/6/6 8065/6/6 8069/6/6
f 8068/7/6 8064/7/6 8069/7/6
f 8069/6/6 8065/6/6 8070/6/6
f 8067/7/6 8068/7/6 8071/7/6
f 8068/7/6 8069/7/6 8071/7/6
f 8071/7/6 8069/7/6 8072/7/6
f 8067/7/6 8071/7/6 8073/7/6
f 8073/7/6 8071/7/6 8074/7/6
f 8074/7/6 8071/7/6 8075/7/6
f 8075/7/6 8071/7/6 8076/7/6
f 8067/7/6 8073/7/6 8077/7/6
f 8077/7/6 8073/7/6 8078/7/6
f 8073/1/6 8074/1/6 8079/1/6
f 8078/7/6 8073/7/6 8079/7/6
f 8074/7/6 8075/7/6 8080/7/6
f 8079/1/6 8074/1/6 8080/1/6
f 8080/7/6 8075/7/6 8081/7/6
f 8081/7/6 8075/7/6 8082/7/6
f 8082/7/6 8075/7/6 8083/7/6
f 8083/7/6 8075/7/6 8084/7/6
f 8077/3/6 8078/3/6 8085/3/6
f 8067/7/6 8077/7/6 8085/7/6
f 8078/7/6 8079/7/6 8086/7/6
f 8085/3/6 8078/3/6 8086/3/6
f 8079/7/6 8080/7/6 8086/7/6
f 8080/7/6 8081/7/6 8086/7/6
f 8081/2/6 8082/2/6 8087/2/6
f 8086/7/6 8081/7/6 8087/7/6
f 8082/7/6 8083/7/6 8088/7/6
f 8087/2/6 8082/2/6 8088/2/6
f 8088/7/6 8083/7/6 8089/7/6
f 8089/7/6 8083/7/6 8090/7/6
f 8050/7/6 8067/7/6 8091/7/6
f 8067/7/6 8085/7/6 8091/7/6
f 8091/7/6 8085/7/6 8092/7/6
f 8088/7/6 8089/7/6 8093/7/6
f 8086/7/6 8087/7/6 8093/7/6
f 8087/7/6 8088/7/6 8093/7/6
f 8093/7/6 8089/7/6 8094/7/6
f 8094/7/6 8089/7/6 8095/7/6
f 8095/7/6 8089/7/6 8096/7/6
f 7986/7/6 8012/7/6 8097/7/6
f 8012/7/6 8050/7/6 8097/7/6
f 8050/7/6 8091/7/6 8097/7/6
f 8097/7/6 8091/7/6 8098/7/6
f 8091/4/6 8092/4/6 8099/4/6
f 8098/7/6 8091/7/6 8099/7/6
f 8092/7/6 8085/7/6 8100/7/6
f 8099/4/6 8092/4/6 8100/4/6
f 8085/1/6 8086/1/6 8101/1/6
f 8100/7/6 8085/7/6 8101/7/6
f 8086/7/6 8093/7/6 8102/7/6
f 8101/1/6 8086/1/6 8102/1/6
f 8093/5/6 8094/5/6 8103/5/6
f 8102/7/6 8093/7/6 8103/7/6
f 8094/7/6 8095/7/6 8104/7/6
f 8103/5/6 8094/5/6 8104/5/6
f 8104/7/6 8095/7/6 8105/7/6
f 8105/7/6 8095/7/6 8106/7/6
f 8106/7/6 8095/7/6 8107/7/6
f 8107/7/6 8095/7/6 8108/7/6
f 8097/5/6 8098/5/6 8109/5/6
f 7986/7/6 8097/7/6 8109/7/6
f 8102/7/6 8103/7/6 8110/7/6
f 8109/5/6 8098/5/6 8110/5/6
f 8098/7/6 8099/7/6 8110/7/6
f 8099/7/6 8100/7/6 8110/7/6
f 8104/7/6 8105/7/6 8110/7/6
f 8103/7/6 8104/7/6 8110/7/6
f 8101/7/6 8102/7/6 8110/7/6
f 8100/7/6 8101/7/6 8110/7/6
f 8105/1/6 8106/1/6 8111/1/6
f 8110/7/6 8105/7/6 8111/7/6
f 8106/7/6 8107/7/6 8112/7/6
f 8111/1/6 8106/1/6 8112/1/6
f 8112/7/6 8107/7/6 8113/7/6
f 8113/7/6 8107/7/6 8114/7/6
f 8109/7/6 8110/7/6 8115/7/6
f 8110/7/6 8111/7/6 8115/7/6
f 8112/7/6 8113/7/6 8115/7/6
f 8111/7/6 8112/7/6 8115/7/6
f 8115/7/6 8113/7/6 8116/7/6
f 8116/7/6 8113/7/6 8117/7/6
f 8117/7/6 8113/7/6 8118/7/6
f 8109/7/6 8115/7/6 8119/7/6
f 8115/5/6 8116/5/6 8119/5/6
f 8116/7/6 8117/7/6 8120/7/6
f 8119/5/6 8116/5/6 8120/5/6
f 8120/7/6 8117/7/6 8121/7/6
f 8121/7/6 8117/7/6 8122/7/6
f 8119/7/6 8120/7/6 8123/7/6
f 8120/7/6 8121/7/6 8123/7/6
f 8123/7/6 8121/7/6 8124/7/6
f 8119/7/6 8123/7/6 8125/7/6
f 8125/7/6 8123/7/6 8126/7/6
f 8119/7/6 8125/7/6 8127/7/6
f 8127/7/6 8125/7/6 8128/7/6
f 8119/7/6 8127/7/6 8129/7/6
f 8129/7/6 8127/7/6 8130/7/6
f 8119/7/6 8129/7/6 8131/7/6
f 8131/7/6 8129/7/6 8132/7/6
f 8119/7/6 8131/7/6 8133/7/6
f 8133/7/6 8131/7/6 8134/7/6
f 8109/7/6 8119/7/6 8135/7/6
f 8119/7/6 8133/7/6 8135/7/6
f 8135/7/6 8133/7/6 8136/7/6
f 8136/7/6 8133/7/6 8137/7/6
f 8137/7/6 8133/7/6 8138/7/6
f 8136/7/6 8137/7/6 8139/7/6
f 8139/7/6 8137/7/6 8140/7/6
f 8109/7/6 8135/7/6 8141/7/6
f 8135/2/6 8136/2/6 8141/2/6
f 8136/7/6 8139/7/6 8142/7/6
f 8141/2/6 8136/2/6 8142/2/6
f 8142/7/6 8139/7/6 8143/7/6
f 8143/7/6 8139/7/6 8144/7/6
f 8109/7/6 8141/7/6 8145/7/6
f 8141/7/6 8142/7/6 8145/7/6
f 8142/7/6 8143/7/6 8145/7/6
f 8145/7/6 8143/7/6 8146/7/6
f 8146/7/6 8143/7/6 8147/7/6
f 8147/7/6 8143/7/6 8148/7/6
f 8109/7/6 8145/7/6 8149/7/6
f 8145/1/6 8146/1/6 8149/1/6
f 8146/7/6 8147/7/6 8150/7/6
f 8149/1/6 8146/1/6 8150/1/6
f 8150/7/6 8147/7/6 8151/7/6
f 8151/7/6 8147/7/6 8152/7/6
f 8149/7/6 8150/7/6 8153/7/6
f 8150/7/6 8151/7/6 8153/7/6
f 8153/7/6 8151/7/6 8154/7/6
f 8149/7/6 8153/7/6 8155/7/6
f 8155/7/6 8153/7/6 8156/7/6
f 8149/7/6 8155/7/6 8157/7/6
f 8157/7/6 8155/7/6 8158/7/6
f 8149/7/6 8157/7/6 8159/7/6
f 8159/7/6 8157/7/6 8160/7/6
f 7986/7/6 8109/7/6 8161/7/6
f 8109/7/6 8149/7/6 8161/7/6
f 8149/7/6 8159/7/6 8161/7/6
f 8161/7/6 8159/7/6 8162/7/6
f 8162/7/6 8159/7/6 8163/7/6
f 8163/7/6 8159/7/6 8164/7/6
f 7986/7/6 8161/7/6 8165/7/6
f 8161/3/6 8162/3/6 8165/3/6
f 8162/7/6 8163/7/6 8166/7/6
f 8165/3/6 8162/3/6 8166/3/6
f 8166/7/6 8163/7/6 8167/7/6
f 8167/7/6 8163/7/6 8168/7/6
f 8165/7/6 8166/7/6 8169/7/6
f 8166/7/6 8167/7/6 8169/7/6
f 8169/7/6 8167/7/6 8170/7/6
f 8165/7/6 8169/7/6 8171/7/6
f 8171/7/6 8169/7/6 8172/7/6
f 8165/7/6 8171/7/6 8173/7/6
f 8173/7/6 8171/7/6 8174/7/6
f 8165/7/6 8173/7/6 8175/7/6
f 8175/7/6 8173/7/6 8176/7/6
f 8165/7/6 8175/7/6 8177/7/6
f 8177/7/6 8175/7/6 8178/7/6
f 8165/7/6 8177/7/6 8179/7/6
f 8179/7/6 8177/7/6 8180/7/6
f 7986/7/6 8165/7/6 8181/7/6
f 8165/7/6 8179/7/6 8181/7/6
f 8181/7/6 8179/7/6 8182/7/6
f 7986/7/6 8181/7/6 8183/7/6
f 8183/7/6 8181/7/6 8184/7/6
f 7986/7/6 8183/7/6 8185/7/6
f 8185/7/6 8183/7/6 8186/7/6
f 7986/7/6 8185/7/6 8187/7/6
f 8187/7/6 8185/7/6 8188/7/6
f 8189/7/6 8190/7/6 8191/7/6
f 8191/7/6 8190/7/6 8192/7/6
f 8189/7/6 8191/7/6 8193/7/6
f 8193/7/6 8191/7/6 8194/7/6
f 8194/7/6 8191/7/6 8195/7/6
f 8195/7/6 8191/7/6 8196/7/6
f 8196/7/6 8191/7/6 8197/7/6
f 8197/7/6 8191/7/6 8198/7/6
f 8191/2/6 8192/2/6 8199/2/6
f 8198/7/6 8191/7/6 8199/7/6
f 8192/7/6 8190/7/6 8200/7/6
f 8199/2/6 8192/2/6 8200/2/6
f 8200/7/6 8190/7/6 8201/7/6
f 8189/7/6 8193/7/6 8203/7/6
f 8203/7/6 8193/7/6 8204/7/6
f 8193/1/6 8194/1/6 8205/1/6
f 8204/7/6 8193/7/6 8205/7/6
f 8194/7/6 8195/7/6 8206/7/6
f 8205/1/6 8194/1/6 8206/1/6
f 8195/5/6 8196/5/6 8207/5/6
f 8206/7/6 8195/7/6 8207/7/6
f 8196/7/6 8197/7/6 8208/7/6
f 8207/5/6 8196/5/6 8208/5/6
f 8208/7/6 8197/7/6 8209/7/6
f 8209/7/6 8197/7/6 8210/7/6
f 8197/4/6 8198/4/6 8211/4/6
f 8210/7/6 8197/7/6 8211/7/6
f 8198/7/6 8199/7/6 8212/7/6
f 8211/4/6 8198/4/6 8212/4/6
f 8201/7/6 8202/7/6 8212/7/6
f 8199/7/6 8200/7/6 8212/7/6
f 8200/7/6 8201/7/6 8212/7/6
f 8203/2/6 8204/2/6 8213/2/6
f 8189/7/6 8203/7/6 8213/7/6
f 8208/7/6 8209/7/6 8214/7/6
f 8213/2/6 8204/2/6 8214/2/6
f 8204/7/6 8205/7/6 8214/7/6
f 8205/7/6 8206/7/6 8214/7/6
f 8207/7/6 8208/7/6 8214/7/6
f 8206/7/6 8207/7/6 8214/7/6
f 8209/1/6 8210/1/6 8215/1/6
f 8214/7/6 8209/7/6 8215/7/6
f 8210/7/6 8211/7/6 8216/7/6
f 8215/1/6 8210/1/6 8216/1/6
f 8211/7/6 8212/7/6 8216/7/6
f 8214/7/6 8215/7/6 8217/7/6
f 8216/7/6 8212/7/6 8217/7/6
f 8215/7/6 8216/7/6 8217/7/6
f 8212/7/6 8202/7/6 8217/7/6
f 8213/7/6 8214/7/6 8217/7/6
f 8217/7/6 8202/7/6 8218/7/6
f 8189/7/6 8213/7/6 8219/7/6
f 8213/7/6 8217/7/6 8219/7/6
f 8219/7/6 8217/7/6 8220/7/6
f 8217/5/6 8218/5/6 8221/5/6
f 8220/7/6 8217/7/6 8221/7/6
f 8218/7/6 8202/7/6 8222/7/6
f 8221/5/6 8218/5/6 8222/5/6
f 8222/7/6 8202/7/6 8223/7/6
f 8223/7/6 8202/7/6 8224/7/6
f 8189/7/6 8219/7/6 8225/7/6
f 8225/7/6 8219/7/6 8226/7/6
f 8219/1/6 8220/1/6 8227/1/6
f 8226/7/6 8219/7/6 8227/7/6
f 8220/7/6 8221/7/6 8228/7/6
f 8227/1/6 8220/1/6 8228/1/6
f 8221/7/6 8222/7/6 8228/7/6
f 8222/7/6 8223/7/6 8228/7/6
f 8223/1/6 8224/1/6 8229/1/6
f 8228/7/6 8223/7/6 8229/7/6
f 8224/7/6 8202/7/6 8230/7/6
f 8229/1/6 8224/1/6 8230/1/6
f 8230/7/6 8202/7/6 8231/7/6
f 8231/7/6 8202/7/6 8232/7/6
f 8225/4/6 8226/4/6 8233/4/6
f 8189/7/6 8225/7/6 8233/7/6
f 8226/7/6 8227/7/6 8234/7/6
f 8233/4/6 8226/4/6 8234/4/6
f 8228/7/6 8229/7/6 8234/7/6
f 8230/7/6 8231/7/6 8234/7/6
f 8229/7/6 8230/7/6 8234/7/6
f 8227/7/6 8228/7/6 8234/7/6
f 8234/7/6 8231/7/6 8235/7/6
f 8235/7/6 8231/7/6 8236/7/6
f 8236/7/6 8231/7/6 8237/7/6
f 8237/7/6 8231/7/6 8238/7/6
f 8231/5/6 8232/5/6 8239/5/6
f 8238/7/6 8231/7/6 8239/7/6
f 8232/7/6 8202/7/6 8240/7/6
f 8239/5/6 8232/5/6 8240/5/6
f 8233/7/6 8234/7/6 8241/7/6
f 8234/7/6 8235/7/6 8241/7/6
f 8235/2/6 8236/2/6 8241/2/6
f 8236/7/6 8237/7/6 8242/7/6
f 8241/2/6 8236/2/6 8242/2/6
f 8237/2/6 8238/2/6 8243/2/6
f 8242/7/6 8237/7/6 8243/7/6
f 8238/7/6 8239/7/6 8244/7/6
f 8243/2/6 8238/2/6 8244/2/6
f 8239/7/6 8240/7/6 8244/7/6
f 8244/7/6 8240/7/6 8245/7/6
f 8245/7/6 8240/7/6 8246/7/6
f 8246/7/6 8240/7/6 8247/7/6
f 8247/7/6 8240/7/6 8248/7/6
f 8242/7/6 8243/7/6 8249/7/6
f 8241/7/6 8242/7/6 8249/7/6
f 8233/7/6 8241/7/6 8249/7/6
f 8243/7/6 8244/7/6 8249/7/6
f 8244/7/6 8245/7/6 8249/7/6
f 8249/7/6 8245/7/6 8250/7/6
f 8250/7/6 8245/7/6 8251/7/6
f 8245/1/6 8246/1/6 8252/1/6
f 8251/7/6 8245/7/6 8252/7/6
f 8246/7/6 8247/7/6 8253/7/6
f 8252/1/6 8246/1/6 8253/1/6
f 8247/4/6 8248/4/6 8254/4/6
f 8253/7/6 8247/7/6 8254/7/6
f 8248/7/6 8240/7/6 8255/7/6
f 8254/4/6 8248/4/6 8255/4/6
f 8255/7/6 8240/7/6 8256/7/6
f 8256/7/6 8240/7/6 8257/7/6
f 8233/7/6 8249/7/6 8258/7/6
f 8258/7/6 8249/7/6 8259/7/6
f 8249/2/6 8250/2/6 8260/2/6
f 8259/7/6 8249/7/6 8260/7/6
f 8250/3/6 8251/3/6 8261/3/6
f 8260/2/6 8250/2/6 8261/2/6
f 8253/7/6 8254/7/6 8262/7/6
f 8252/7/6 8253/7/6 8262/7/6
f 8251/7/6 8252/7/6 8262/7/6
f 8254/7/6 8255/7/6 8262/7/6
f 8255/7/6 8256/7/6 8262/7/6
f 8262/7/6 8256/7/6 8263/7/6
f 8256/4/6 8257/4/6 8264/4/6
f 8263/7/6 8256/7/6 8264/7/6
f 8257/7/6 8240/7/6 8265/7/6
f 8264/4/6 8257/4/6 8265/4/6
f 8240/7/6 8202/7/6 8266/7/6
f 8265/7/6 8240/7/6 8266/7/6
f 8233/7/6 8258/7/6 8268/7/6
f 8258/4/6 8259/4/6 8268/4/6
f 8260/7/6 8261/7/6 8269/7/6
f 8268/4/6 8259/4/6 8269/4/6
f 8259/7/6 8260/7/6 8269/7/6
f 8251/7/6 8262/7/6 8270/7/6
f 8270/7/6 8262/7/6 8271/7/6
f 8262/1/6 8263/1/6 8272/1/6
f 8271/7/6 8262/7/6 8272/7/6
f 8264/7/6 8265/7/6 8273/7/6
f 8272/1/6 8263/1/6 8273/1/6
f 8263/7/6 8264/7/6 8273/7/6
f 8265/7/6 8266/7/6 8273/7/6
f 8266/1/6 8267/1/6 8274/1/6
f 8273/7/6 8266/7/6 8274/7/6
f 8274/1/6 8267/1/6 8275/1/6
f 8251/7/6 8270/7/6 8276/7/6
f 8276/7/6 8270/7/6 8277/7/6
f 8270/1/6 8271/1/6 8278/1/6
f 8277/7/6 8270/7/6 8278/7/6
f 8271/7/6 8272/7/6 8279/7/6
f 8278/1/6 8271/1/6 8279/1/6
f 8272/7/6 8273/7/6 8279/7/6
f 8273/7/6 8274/7/6 8279/7/6
f 8274/7/6 8275/7/6 8279/7/6
f 8279/7/6 8275/7/6 8280/7/6
f 8280/7/6 8275/7/6 8281/7/6
f 8281/7/6 8275/7/6 8282/7/6
f 8282/7/6 8275/7/6 8283/7/6
f 8261/3/6 8251/3/6 8284/3/6
f 8269/7/6 8261/7/6 8284/7/6
f 8268/7/6 8269/7/6 8284/7/6
f 8251/7/6 8276/7/6 8285/7/6
f 8284/3/6 8251/3/6 8285/3/6
f 8276/3/6 8277/3/6 8286/3/6
f 8285/7/6 8276/7/6 8286/7/6
f 8277/7/6 8278/7/6 8287/7/6
f 8286/3/6 8277/3/6 8287/3/6
f 8278/7/6 8279/7/6 8287/7/6
f 8279/7/6 8280/7/6 8287/7/6
f 8280/1/6 8281/1/6 8288/1/6
f 8287/7/6 8280/7/6 8288/7/6
f 8281/7/6 8282/7/6 8289/7/6
f 8288/1/6 8281/1/6 8289/1/6
f 8289/7/6 8282/7/6 8290/7/6
f 8290/7/6 8282/7/6 8291/7/6
f 8282/2/6 8283/2/6 8292/2/6
f 8291/7/6 8282/7/6 8292/7/6
f 8283/7/6 8275/7/6 8293/7/6
f 8292/2/6 8283/2/6 8293/2/6
f 8189/7/6 8233/7/6 8294/7/6
f 8233/7/6 8268/7/6 8294/7/6
f 8285/7/6 8286/7/6 8294/7/6
f 8289/7/6 8290/7/6 8294/7/6
f 8288/7/6 8289/7/6 8294/7/6
f 8286/7/6 8287/7/6 8294/7/6
f 8284/7/6 8285/7/6 8294/7/6
f 8287/7/6 8288/7/6 8294/7/6
f 8268/7/6 8284/7/6 8294/7/6
f 8294/7/6 8290/7/6 8295/7/6
f 8290/2/6 8291/2/6 8296/2/6
f 8295/7/6 8290/7/6 8296/7/6
f 8291/7/6 8292/7/6 8297/7/6
f 8296/2/6 8291/2/6 8297/2/6
f 8292/7/6 8293/7/6 8297/7/6
f 8293/7/6 8275/7/6 8298/7/6
f 8297/7/6 8293/7/6 8298/7/6
f 8189/7/6 8294/7/6 8300/7/6
f 8294/4/6 8295/4/6 8300/4/6
f 8296/7/6 8297/7/6 8301/7/6
f 8300/4/6 8295/4/6 8301/4/6
f 8295/7/6 8296/7/6 8301/7/6
f 8297/7/6 8298/7/6 8301/7/6
f 8298/7/6 8299/7/6 8301/7/6
f 8301/7/6 8299/7/6 8302/7/6
f 8302/7/6 8299/7/6 8303/7/6
f 8303/7/6 8299/7/6 8304/7/6
f 8304/7/6 8299/7/6 8305/7/6
f 8300/7/6 8301/7/6 8306/7/6
f 8301/7/6 8302/7/6 8306/7/6
f 8306/7/6 8302/7/6 8307/7/6
f 8307/7/6 8302/7/6 8308/7/6
f 8308/7/6 8302/7/6 8309/7/6
f 8309/7/6 8302/7/6 8310/7/6
f 8310/7/6 8302/7/6 8311/7/6
f 8303/7/6 8304/7/6 8312/7/6
f 8312/7/6 8304/7/6 8313/7/6
f 8304/5/6 8305/5/6 8314/5/6
f 8313/7/6 8304/7/6 8314/7/6
f 8305/7/6 8299/7/6 8315/7/6
f 8314/5/6 8305/5/6 8315/5/6
f 8300/7/6 8306/7/6 8316/7/6
f 8316/7/6 8306/7/6 8317/7/6
f 8307/7/6 8308/7/6 8318/7/6
f 8318/7/6 8308/7/6 8319/7/6
f 8313/7/6 8314/7/6 8320/7/6
f 8314/7/6 8315/7/6 8320/7/6
f 8320/7/6 8315/7/6 8321/7/6
f 8321/7/6 8315/7/6 8322/7/6
f 8322/7/6 8315/7/6 8323/7/6
f 8300/7/6 8316/7/6 8324/7/6
f 8324/7/6 8316/7/6 8325/7/6
f 8325/7/6 8316/7/6 8326/7/6
f 8326/7/6 8316/7/6 8327/7/6
f 8321/7/6 8322/7/6 8328/7/6
f 8328/7/6 8322/7/6 8329/7/6
f 8322/4/6 8323/4/6 8330/4/6
f 8329/7/6 8322/7/6 8330/7/6
f 8323/7/6 8315/7/6 8331/7/6
f 8330/4/6 8323/4/6 8331/4/6
f 8315/7/6 8299/7/6 8332/7/6
f 8331/7/6 8315/7/6 8332/7/6
f 8300/7/6 8324/7/6 8334/7/6
f 8324/5/6 8325/5/6 8334/5/6
f 8325/7/6 8326/7/6 8335/7/6
f 8334/5/6 8325/5/6 8335/5/6
f 8335/7/6 8326/7/6 8336/7/6
f 8336/7/6 8326/7/6 8337/7/6
f 8329/7/6 8330/7/6 8338/7/6
f 8330/7/6 8331/7/6 8338/7/6
f 8332/7/6 8333/7/6 8338/7/6
f 8331/7/6 8332/7/6 8338/7/6
f 8338/7/6 8333/7/6 8339/7/6
f 8339/7/6 8333/7/6 8340/7/6
f 8340/7/6 8333/7/6 8341/7/6
f 8335/7/6 8336/7/6 8342/7/6
f 8334/7/6 8335/7/6 8342/7/6
f 8342/7/6 8336/7/6 8343/7/6
f 8339/7/6 8340/7/6 8344/7/6
f 8344/7/6 8340/7/6 8345/7/6
f 8340/4/6 8341/4/6 8346/4/6
f 8345/7/6 8340/7/6 8346/7/6
f 8341/7/6 8333/7/6 8347/7/6
f 8346/4/6 8341/4/6 8347/4/6
f 8334/7/6 8342/7/6 8348/7/6
f 8348/7/6 8342/7/6 8349/7/6
f 8345/7/6 8346/7/6 8350/7/6
f 8346/7/6 8347/7/6 8350/7/6
f 8350/7/6 8347/7/6 8351/7/6
f 8334/7/6 8348/7/6 8352/7/6
f 8352/7/6 8348/7/6 8353/7/6
f 8351/7/6 8347/7/6 8354/7/6
f 8354/7/6 8347/7/6 8355/7/6
f 8355/7/6 8347/7/6 8356/7/6
f 8356/7/6 8347/7/6 8357/7/6
f 8334/7/6 8352/7/6 8358/7/6
f 8358/7/6 8352/7/6 8359/7/6
f 8355/7/6 8356/7/6 8360/7/6
f 8360/7/6 8356/7/6 8361/7/6
f 8356/5/6 8357/5/6 8362/5/6
f 8361/7/6 8356/7/6 8362/7/6
f 8357/7/6 8347/7/6 8363/7/6
f 8362/5/6 8357/5/6 8363/5/6
f 8334/7/6 8358/7/6 8364/7/6
f 8364/7/6 8358/7/6 8365/7/6
f 8361/7/6 8362/7/6 8366/7/6
f 8362/7/6 8363/7/6 8366/7/6
f 8366/7/6 8363/7/6 8367/7/6
f 8334/7/6 8364/7/6 8368/7/6
f 8368/7/6 8364/7/6 8369/7/6
f 8367/7/6 8363/7/6 8370/7/6
f 8370/7/6 8363/7/6 8371/7/6
f 8363/7/6 8347/7/6 8372/7/6
f 8371/7/6 8363/7/6 8372/7/6
f 8372/7/6 8347/7/6 8373/7/6
f 8334/7/6 8368/7/6 8374/7/6
f 8374/7/6 8368/7/6 8375/7/6
f 8371/7/6 8372/7/6 8376/7/6
f 8376/7/6 8372/7/6 8377/7/6
f 8377/7/6 8372/7/6 8378/7/6
f 8372/2/6 8373/2/6 8379/2/6
f 8378/7/6 8372/7/6 8379/7/6
f 8373/7/6 8347/7/6 8380/7/6
f 8379/2/6 8373/2/6 8380/2/6
f 8334/7/6 8374/7/6 8381/7/6
f 8381/7/6 8374/7/6 8382/7/6
f 8378/7/6 8379/7/6 8383/7/6
f 8379/7/6 8380/7/6 8383/7/6
f 8383/7/6 8380/7/6 8384/7/6
f 8384/7/6 8380/7/6 8385/7/6
f 8385/7/6 8380/7/6 8386/7/6
f 8334/7/6 8381/7/6 8387/7/6
f 8387/7/6 8381/7/6 8388/7/6
f 8384/7/6 8385/7/6 8389/7/6
f 8389/7/6 8385/7/6 8390/7/6
f 8385/6/6 8386/6/6 8391/6/6
f 8390/7/6 8385/7/6 8391/7/6
f 8386/7/6 8380/7/6 8392/7/6
f 8391/6/6 8386/6/6 8392/6/6
f 8347/7/6 8333/7/6 8393/7/6
f 8392/7/6 8380/7/6 8393/7/6
f 8380/7/6 8347/7/6 8393/7/6
f 8393/7/6 8333/7/6 8394/7/6
f 8334/7/6 8387/7/6 8395/7/6
f 8395/7/6 8387/7/6 8396/7/6
f 8390/7/6 8391/7/6 8397/7/6
f 8391/7/6 8392/7/6 8397/7/6
f 8392/7/6 8393/7/6 8397/7/6
f 8397/7/6 8393/7/6 8398/7/6
f 8393/5/6 8394/5/6 8399/5/6
f 8398/7/6 8393/7/6 8399/7/6
f 8394/7/6 8333/7/6 8400/7/6
f 8399/5/6 8394/5/6 8400/5/6
f 8334/7/6 8395/7/6 8401/7/6
f 8300/7/6 8334/7/6 8401/7/6
f 8401/7/6 8395/7/6 8402/7/6
f 8402/7/6 8395/7/6 8403/7/6
f 8403/7/6 8395/7/6 8404/7/6
f 8300/7/6 8401/7/6 8405/7/6
f 8401/4/6 8402/4/6 8405/4/6
f 8402/7/6 8403/7/6 8406/7/6
f 8405/4/6 8402/4/6 8406/4/6
f 8406/7/6 8403/7/6 8407/7/6
f 8407/7/6 8403/7/6 8408/7/6
f 8399/7/6 8400/7/6 8409/7/6
f 8398/7/6 8399/7/6 8409/7/6
f 8409/7/6 8400/7/6 8410/7/6
f 8400/7/6 8333/7/6 8411/7/6
f 8410/7/6 8400/7/6 8411/7/6
f 8411/7/6 8333/7/6 8412/7/6
f 8406/7/6 8407/7/6 8413/7/6
f 8405/7/6 8406/7/6 8413/7/6
f 8413/7/6 8407/7/6 8414/7/6
f 8411/2/6 8412/2/6 8415/2/6
f 8410/7/6 8411/7/6 8415/7/6
f 8412/7/6 8333/7/6 8416/7/6
f 8415/2/6 8412/2/6 8416/2/6
f 8410/7/6 8415/7/6 8417/7/6
f 8415/7/6 8416/7/6 8417/7/6
f 8417/7/6 8416/7/6 8418/7/6
f 8405/7/6 8413/7/6 8419/7/6
f 8419/7/6 8413/7/6 8420/7/6
f 8405/7/6 8419/7/6 8421/7/6
f 8421/7/6 8419/7/6 8422/7/6
f 8405/7/6 8421/7/6 8423/7/6
f 8423/7/6 8421/7/6 8424/7/6
f 8418/7/6 8416/7/6 8425/7/6
f 8425/7/6 8416/7/6 8426/7/6
f 8416/7/6 8333/7/6 8427/7/6
f 8426/7/6 8416/7/6 8427/7/6
f 8427/7/6 8333/7/6 8428/7/6
f 8405/7/6 8423/7/6 8429/7/6
f 8429/7/6 8423/7/6 8430/7/6
f 8426/7/6 8427/7/6 8431/7/6
f 8431/7/6 8427/7/6 8432/7/6
f 8426/7/6 8431/7/6 8433/7/6
f 8431/5/6 8432/5/6 8433/5/6
f 8432/7/6 8427/7/6 8434/7/6
f 8433/5/6 8432/5/6 8434/5/6
f 8300/7/6 8405/7/6 8435/7/6
f 8405/7/6 8429/7/6 8435/7/6
f 8435/7/6 8429/7/6 8436/7/6
f 8426/7/6 8433/7/6 8437/7/6
f 8433/7/6 8434/7/6 8437/7/6
f 8437/7/6 8434/7/6 8438/7/6
f 8434/7/6 8427/7/6 8439/7/6
f 8438/7/6 8434/7/6 8439/7/6
f 8439/7/6 8427/7/6 8440/7/6
f 8438/7/6 8439/7/6 8441/7/6
f 8441/7/6 8439/7/6 8442/7/6
f 8300/7/6 8435/7/6 8443/7/6
f 8443/7/6 8435/7/6 8444/7/6
f 8438/7/6 8441/7/6 8445/7/6
f 8441/6/6 8442/6/6 8445/6/6
f 8442/7/6 8439/7/6 8446/7/6
f 8445/6/6 8442/6/6 8446/6/6
f 8446/7/6 8439/7/6 8447/7/6
f 8447/7/6 8439/7/6 8448/7/6
f 8448/7/6 8439/7/6 8449/7/6
f 8449/7/6 8439/7/6 8450/7/6
f 8445/7/6 8446/7/6 8451/7/6
f 8446/7/6 8447/7/6 8451/7/6
f 8447/2/6 8448/2/6 8451/2/6
f 8448/7/6 8449/7/6 8452/7/6
f 8451/2/6 8448/2/6 8452/2/6
f 8451/7/6 8452/7/6 8453/7/6
f 8452/7/6 8449/7/6 8453/7/6
f 8453/7/6 8449/7/6 8454/7/6
f 8300/7/6 8443/7/6 8455/7/6
f 8455/7/6 8443/7/6 8456/7/6
f 8451/7/6 8453/7/6 8457/7/6
f 8457/7/6 8453/7/6 8458/7/6
f 8451/7/6 8457/7/6 8459/7/6
f 8459/7/6 8457/7/6 8460/7/6
f 8460/7/6 8457/7/6 8461/7/6
f 8461/7/6 8457/7/6 8462/7/6
f 8438/7/6 8445/7/6 8464/7/6
f 8445/7/6 8451/7/6 8464/7/6
f 8451/7/6 8459/7/6 8464/7/6
f 8459/5/6 8460/5/6 8465/5/6
f 8464/7/6 8459/7/6 8465/7/6
f 8460/7/6 8461/7/6 8466/7/6
f 8465/5/6 8460/5/6 8466/5/6
f 8464/7/6 8465/7/6 8467/7/6
f 8466/7/6 8461/7/6 8467/7/6
f 8465/7/6 8466/7/6 8467/7/6
f 8463/7/6 8464/7/6 8467/7/6
f 8467/7/6 8461/7/6 8468/7/6
f 8300/7/6 8455/7/6 8469/7/6
f 8469/7/6 8455/7/6 8470/7/6
f 8300/7/6 8469/7/6 8471/7/6
f 8469/4/6 8470/4/6 8471/4/6
f 8471/4/6 8470/4/6 8472/4/6
f 8463/7/6 8467/7/6 8473/7/6
f 8473/7/6 8467/7/6 8474/7/6
f 8463/7/6 8473/7/6 8475/7/6
f 8475/7/6 8473/7/6 8476/7/6
f 8471/7/6 8472/7/6 8477/7/6
f 8300/7/6 8471/7/6 8477/7/6
f 8477/7/6 8472/7/6 8478/7/6
f 8475/4/6 8476/4/6 8479/4/6
f 8463/7/6 8475/7/6 8479/7/6
f 8476/7/6 8473/7/6 8480/7/6
f 8479/4/6 8476/4/6 8480/4/6
f 8480/7/6 8473/7/6 8481/7/6
f 8481/7/6 8473/7/6 8482/7/6
f 8477/2/6 8478/2/6 8483/2/6
f 8300/7/6 8477/7/6 8483/7/6
f 8478/7/6 8472/7/6 8484/7/6
f 8483/2/6 8478/2/6 8484/2/6
f 8463/7/6 8479/7/6 8486/7/6
f 8480/7/6 8481/7/6 8486/7/6
f 8479/7/6 8480/7/6 8486/7/6
f 8486/7/6 8481/7/6 8487/7/6
f 8487/7/6 8481/7/6 8488/7/6
f 8485/7/6 8486/7/6 8490/7/6
f 8486/7/6 8487/7/6 8490/7/6
f 8487/6/6 8488/6/6 8491/6/6
f 8490/7/6 8487/7/6 8491/7/6
f 8488/7/6 8481/7/6 8492/7/6
f 8491/6/6 8488/6/6 8492/6/6
f 8492/7/6 8481/7/6 8493/7/6
f 8493/7/6 8481/7/6 8494/7/6
f 8490/7/6 8491/7/6 8496/7/6
f 8489/7/6 8490/7/6 8496/7/6
f 8492/7/6 8493/7/6 8496/7/6
f 8491/7/6 8492/7/6 8496/7/6
f 8495/7/6 8496/7/6 8498/7/6
f 8496/7/6 8493/7/6 8499/7/6
f 8498/7/6 8496/7/6 8499/7/6
f 8499/7/6 8493/7/6 8500/7/6
f 8497/7/6 8498/7/6 8502/7/6
f 8498/7/6 8499/7/6 8502/7/6
f 8502/7/6 8499/7/6 8503/7/6
f 8503/7/6 8499/7/6 8504/7/6
f 8501/7/6 8502/7/6 8506/7/6
f 8502/7/6 8503/7/6 8506/7/6
f 8506/7/6 8503/7/6 8507/7/6
f 8507/7/6 8503/7/6 8508/7/6
f 8484/7/6 8472/7/6 8509/7/6
f 8483/7/6 8484/7/6 8509/7/6
f 8509/7/6 8472/7/6 8510/7/6
f 8506/7/6 8507/7/6 8512/7/6
f 8505/7/6 8506/7/6 8512/7/6
f 8511/7/6 8512/7/6 8514/7/6
f 8512/7/6 8507/7/6 8515/7/6
f 8514/7/6 8512/7/6 8515/7/6
f 8515/7/6 8507/7/6 8516/7/6
f 8513/7/6 8514/7/6 8518/7/6
f 8514/7/6 8515/7/6 8518/7/6
f 8517/7/6 8518/7/6 8520/7/6
f 8518/7/6 8515/7/6 8521/7/6
f 8520/7/6 8518/7/6 8521/7/6
f 8521/7/6 8515/7/6 8522/7/6
f 8519/7/6 8520/7/6 8524/7/6
f 8520/7/6 8521/7/6 8524/7/6
f 8524/7/6 8521/7/6 8525/7/6
f 8525/7/6 8521/7/6 8526/7/6
f 8523/7/6 8524/7/6 8528/7/6
f 8524/7/6 8525/7/6 8528/7/6
f 8528/7/6 8525/7/6 8529/7/6
f 8529/7/6 8525/7/6 8530/7/6
f 8527/7/6 8528/7/6 8532/7/6
f 8528/7/6 8529/7/6 8532/7/6
f 8532/7/6 8529/7/6 8533/7/6
f 8533/7/6 8529/7/6 8534/7/6
f 8531/7/6 8532/7/6 8536/7/6
f 8532/7/6 8533/7/6 8536/7/6
f 8536/7/6 8533/7/6 8537/7/6
f 8537/7/6 8533/7/6 8538/7/6
f 8535/7/6 8536/7/6 8540/7/6
f 8536/7/6 8537/7/6 8540/7/6
f 8540/7/6 8537/7/6 8541/7/6
f 8541/7/6 8537/7/6 8542/7/6
f 8483/7/6 8509/7/6 8543/7/6
f 8543/7/6 8509/7/6 8544/7/6
f 8539/7/6 8540/7/6 8546/7/6
f 8540/7/6 8541/7/6 8546/7/6
f 8546/7/6 8541/7/6 8547/7/6
f 8547/7/6 8541/7/6 8548/7/6
f 8548/7/6 8541/7/6 8549/7/6
f 8549/7/6 8541/7/6 8550/7/6
f 8545/7/6 8546/7/6 8552/7/6
f 8546/7/6 8547/7/6 8552/7/6
f 8547/5/6 8548/5/6 8553/5/6
f 8552/7/6 8547/7/6 8553/7/6
f 8548/7/6 8549/7/6 8554/7/6
f 8553/5/6 8548/5/6 8554/5/6
f 8554/7/6 8549/7/6 8555/7/6
f 8552/7/6 8553/7/6 8557/7/6
f 8551/7/6 8552/7/6 8557/7/6
f 8553/7/6 8554/7/6 8557/7/6
f 8557/7/6 8554/7/6 8558/7/6
f 8558/7/6 8554/7/6 8559/7/6
f 8559/7/6 8554/7/6 8560/7/6
f 8560/7/6 8554/7/6 8561/7/6
f 8556/7/6 8557/7/6 8563/7/6
f 8557/7/6 8558/7/6 8563/7/6
f 8558/4/6 8559/4/6 8564/4/6
f 8563/7/6 8558/7/6 8564/7/6
f 8559/7/6 8560/7/6 8565/7/6
f 8564/4/6 8559/4/6 8565/4/6
f 8565/7/6 8560/7/6 8566/7/6
f 8566/7/6 8560/7/6 8567/7/6
f 8567/7/6 8560/7/6 8568/7/6
f 8568/7/6 8560/7/6 8569/7/6
f 8563/7/6 8564/7/6 8571/7/6
f 8562/7/6 8563/7/6 8571/7/6
f 8564/7/6 8565/7/6 8571/7/6
f 8565/7/6 8566/7/6 8571/7/6
f 8566/3/6 8567/3/6 8572/3/6
f 8571/7/6 8566/7/6 8572/7/6
f 8567/7/6 8568/7/6 8573/7/6
f 8572/3/6 8567/3/6 8573/3/6
f 8573/7/6 8568/7/6 8574/7/6
f 8574/7/6 8568/7/6 8575/7/6
f 8571/7/6 8572/7/6 8577/7/6
f 8570/7/6 8571/7/6 8577/7/6
f 8573/7/6 8574/7/6 8577/7/6
f 8572/7/6 8573/7/6 8577/7/6
f 8577/7/6 8574/7/6 8578/7/6
f 8578/7/6 8574/7/6 8579/7/6
f 8300/7/6 8483/7/6 8580/7/6
f 8483/7/6 8543/7/6 8580/7/6
f 8580/7/6 8543/7/6 8581/7/6
f 8577/7/6 8578/7/6 8583/7/6
f 8576/7/6 8577/7/6 8583/7/6
f 8583/7/6 8578/7/6 8584/7/6
f 8584/7/6 8578/7/6 8585/7/6
f 8580/2/6 8581/2/6 8586/2/6
f 8300/7/6 8580/7/6 8586/7/6
f 8581/7/6 8543/7/6 8587/7/6
f 8586/2/6 8581/2/6 8587/2/6
f 8583/7/6 8584/7/6 8589/7/6
f 8582/7/6 8583/7/6 8589/7/6
f 8589/7/6 8584/7/6 8590/7/6
f 8590/7/6 8584/7/6 8591/7/6
f 8588/7/6 8589/7/6 8593/7/6
f 8589/7/6 8590/7/6 8593/7/6
f 8593/7/6 8590/7/6 8594/7/6
f 8594/7/6 8590/7/6 8595/7/6
f 8592/7/6 8593/7/6 8597/7/6
f 8593/7/6 8594/7/6 8597/7/6
f 8597/7/6 8594/7/6 8598/7/6
f 8598/7/6 8594/7/6 8599/7/6
f 8587/7/6 8543/7/6 8600/7/6
f 8586/7/6 8587/7/6 8600/7/6
f 8600/7/6 8543/7/6 8601/7/6
f 8597/7/6 8598/7/6 8603/7/6
f 8596/7/6 8597/7/6 8603/7/6
f 8603/7/6 8598/7/6 8604/7/6
f 8604/7/6 8598/7/6 8605/7/6
f 8602/7/6 8603/7/6 8607/7/6
f 8603/7/6 8604/7/6 8607/7/6
f 8607/7/6 8604/7/6 8608/7/6
f 8608/7/6 8604/7/6 8609/7/6
f 8609/7/6 8604/7/6 8610/7/6
f 8610/7/6 8604/7/6 8611/7/6
f 8606/7/6 8607/7/6 8613/7/6
f 8607/7/6 8608/7/6 8613/7/6
f 8608/4/6 8609/4/6 8614/4/6
f 8613/7/6 8608/7/6 8614/7/6
f 8609/7/6 8610/7/6 8615/7/6
f 8614/4/6 8609/4/6 8615/4/6
f 8615/7/6 8610/7/6 8616/7/6
f 8616/7/6 8610/7/6 8617/7/6
f 8613/7/6 8614/7/6 8619/7/6
f 8612/7/6 8613/7/6 8619/7/6
f 8615/7/6 8616/7/6 8619/7/6
f 8614/7/6 8615/7/6 8619/7/6
f 8619/7/6 8616/7/6 8620/7/6
f 8620/7/6 8616/7/6 8621/7/6
f 8621/7/6 8616/7/6 8622/7/6
f 8622/7/6 8616/7/6 8623/7/6
f 8618/7/6 8619/7/6 8624/7/6
f 8619/7/6 8620/7/6 8624/7/6
f 8620/3/6 8621/3/6 8625/3/6
f 8624/7/6 8620/7/6 8625/7/6
f 8621/7/6 8622/7/6 8626/7/6
f 8625/3/6 8621/3/6 8626/3/6
f 8626/7/6 8622/7/6 8627/7/6
f 8627/7/6 8622/7/6 8628/7/6
f 8624/7/6 8625/7/6 8630/7/6
f 8625/7/6 8626/7/6 8630/7/6
f 8626/7/6 8627/7/6 8630/7/6
f 8630/7/6 8627/7/6 8631/7/6
f 8631/7/6 8627/7/6 8632/7/6
f 8586/7/6 8600/7/6 8633/7/6
f 8633/7/6 8600/7/6 8634/7/6
f 8629/7/6 8630/7/6 8636/7/6
f 8630/7/6 8631/7/6 8636/7/6
f 8636/7/6 8631/7/6 8637/7/6
f 8637/7/6 8631/7/6 8638/7/6
f 8635/7/6 8636/7/6 8640/7/6
f 8636/7/6 8637/7/6 8640/7/6
f 8640/7/6 8637/7/6 8641/7/6
f 8641/7/6 8637/7/6 8642/7/6
f 8639/7/6 8640/7/6 8645/7/6
f 8640/7/6 8641/7/6 8645/7/6
f 8645/7/6 8641/7/6 8646/7/6
f 8646/7/6 8641/7/6 8647/7/6
f 8647/7/6 8641/7/6 8648/7/6
f 8648/7/6 8641/7/6 8649/7/6
f 8649/7/6 8641/7/6 8650/7/6
f 8586/7/6 8633/7/6 8651/7/6
f 8643/7/6 8644/7/6 8654/7/6
f 8644/5/6 8645/5/6 8655/5/6
f 8654/7/6 8644/7/6 8655/7/6
f 8645/7/6 8646/7/6 8656/7/6
f 8655/5/6 8645/5/6 8656/5/6
f 8646/4/6 8647/4/6 8657/4/6
f 8656/7/6 8646/7/6 8657/7/6
f 8647/5/6 8648/5/6 8658/5/6
f 8657/4/6 8647/4/6 8658/4/6
f 8648/7/6 8649/7/6 8659/7/6
f 8658/5/6 8648/5/6 8659/5/6
f 8659/7/6 8649/7/6 8660/7/6
f 8660/7/6 8649/7/6 8661/7/6
f 8653/7/6 8654/7/6 8663/7/6
f 8654/7/6 8655/7/6 8663/7/6
f 8659/7/6 8660/7/6 8663/7/6
f 8658/7/6 8659/7/6 8663/7/6
f 8655/7/6 8656/7/6 8663/7/6
f 8656/7/6 8657/7/6 8663/7/6
f 8657/7/6 8658/7/6 8663/7/6
f 8663/7/6 8660/7/6 8664/7/6
f 8664/7/6 8660/7/6 8665/7/6
f 8662/7/6 8663/7/6 8667/7/6
f 8663/7/6 8664/7/6 8667/7/6
f 8667/7/6 8664/7/6 8668/7/6
f 8668/7/6 8664/7/6 8669/7/6
f 8666/7/6 8667/7/6 8671/7/6
f 8667/7/6 8668/7/6 8671/7/6
f 8671/7/6 8668/7/6 8672/7/6
f 8672/7/6 8668/7/6 8673/7/6
f 8670/7/6 8671/7/6 8675/7/6
f 8671/7/6 8672/7/6 8675/7/6
f 8675/7/6 8672/7/6 8676/7/6
f 8676/7/6 8672/7/6 8677/7/6
f 8651/7/6 8652/7/6 8678/7/6
f 8674/7/6 8675/7/6 8681/7/6
f 8675/7/6 8676/7/6 8681/7/6
f 8681/7/6 8676/7/6 8682/7/6
f 8682/7/6 8676/7/6 8683/7/6
f 8680/7/6 8681/7/6 8685/7/6
f 8681/7/6 8682/7/6 8685/7/6
f 8685/7/6 8682/7/6 8686/7/6
f 8686/7/6 8682/7/6 8687/7/6
f 8684/7/6 8685/7/6 8689/7/6
f 8685/7/6 8686/7/6 8689/7/6
f 8689/7/6 8686/7/6 8690/7/6
f 8690/7/6 8686/7/6 8691/7/6
f 8678/7/6 8679/7/6 8692/7/6
f 8688/7/6 8689/7/6 8695/7/6
f 8689/7/6 8690/7/6 8695/7/6
f 8695/7/6 8690/7/6 8696/7/6
f 8696/7/6 8690/7/6 8697/7/6
f 8694/7/6 8695/7/6 8699/7/6
f 8695/7/6 8696/7/6 8699/7/6
f 8699/7/6 8696/7/6 8700/7/6
f 8700/7/6 8696/7/6 8701/7/6
f 8698/7/6 8699/7/6 8703/7/6
f 8699/7/6 8700/7/6 8703/7/6
f 8703/7/6 8700/7/6 8704/7/6
f 8704/7/6 8700/7/6 8705/7/6
f 8702/7/6 8703/7/6 8707/7/6
f 8703/7/6 8704/7/6 8707/7/6
f 8707/7/6 8704/7/6 8708/7/6
f 8708/7/6 8704/7/6 8709/7/6
f 8706/7/6 8707/7/6 8711/7/6
f 8707/7/6 8708/7/6 8711/7/6
f 8711/7/6 8708/7/6 8712/7/6
f 8712/7/6 8708/7/6 8713/7/6
f 8710/7/6 8711/7/6 8715/7/6
f 8711/7/6 8712/7/6 8715/7/6
f 8715/7/6 8712/7/6 8716/7/6
f 8716/7/6 8712/7/6 8717/7/6
f 8717/7/6 8712/7/6 8718/7/6
f 8718/7/6 8712/7/6 8719/7/6
f 8714/7/6 8715/7/6 8721/7/6
f 8715/7/6 8716/7/6 8721/7/6
f 8716/3/6 8717/3/6 8722/3/6
f 8721/7/6 8716/7/6 8722/7/6
f 8717/7/6 8718/7/6 8723/7/6
f 8722/3/6 8717/3/6 8723/3/6
f 8723/7/6 8718/7/6 8724/7/6
f 8724/7/6 8718/7/6 8725/7/6
f 8721/7/6 8722/7/6 8727/7/6
f 8720/7/6 8721/7/6 8727/7/6
f 8723/7/6 8724/7/6 8727/7/6
f 8722/7/6 8723/7/6 8727/7/6
f 8727/7/6 8724/7/6 8728/7/6
f 8728/7/6 8724/7/6 8729/7/6
f 8692/7/6 8693/7/6 8730/7/6
f 8726/7/6 8727/7/6 8733/7/6
f 8727/7/6 8728/7/6 8733/7/6
f 8733/7/6 8728/7/6 8734/7/6
f 8734/7/6 8728/7/6 8735/7/6
f 8732/7/6 8733/7/6 8737/7/6
f 8733/7/6 8734/7/6 8737/7/6
f 8737/7/6 8734/7/6 8738/7/6
f 8738/7/6 8734/7/6 8739/7/6
f 8730/7/6 8731/7/6 8740/7/6
f 8736/7/6 8737/7/6 8743/7/6
f 8737/7/6 8738/7/6 8743/7/6
f 8743/7/6 8738/7/6 8744/7/6
f 8744/7/6 8738/7/6 8745/7/6
f 8740/7/6 8741/7/6 8746/7/6
f 8742/7/6 8743/7/6 8749/7/6
f 8743/7/6 8744/7/6 8749/7/6
f 8749/7/6 8744/7/6 8750/7/6
f 8750/7/6 8744/7/6 8751/7/6
f 8746/7/6 8747/7/6 8752/7/6
f 8748/7/6 8749/7/6 8755/7/6
f 8749/7/6 8750/7/6 8755/7/6
f 8755/7/6 8750/7/6 8756/7/6
f 8756/7/6 8750/7/6 8757/7/6
f 8189/7/6 8300/7/6 8758/7/6
f 8300/7/6 8586/7/6 8758/7/6
f 8586/7/6 8651/7/6 8758/7/6
f 8651/7/6 8678/7/6 8758/7/6
f 8678/7/6 8692/7/6 8758/7/6
f 8746/7/6 8752/7/6 8758/7/6
f 8752/7/6 8753/7/6 8758/7/6
f 8692/7/6 8730/7/6 8758/7/6
f 8740/7/6 8746/7/6 8758/7/6
f 8730/7/6 8740/7/6 8758/7/6
f 8758/7/6 8753/7/6 8759/7/6
f 8759/7/6 8753/7/6 8760/7/6
f 8755/7/6 8756/7/6 8763/7/6
f 8754/7/6 8755/7/6 8763/7/6
f 8763/7/6 8756/7/6 8764/7/6
f 8764/7/6 8756/7/6 8765/7/6
f 8189/7/6 8758/7/6 8766/7/6
f 8758/1/6 8759/1/6 8766/1/6
f 8760/7/6 8761/7/6 8767/7/6
f 8766/1/6 8759/1/6 8767/1/6
f 8759/7/6 8760/7/6 8767/7/6
f 8767/7/6 8761/7/6 8768/7/6
f 8762/7/6 8763/7/6 8771/7/6
f 8763/7/6 8764/7/6 8771/7/6
f 8771/7/6 8764/7/6 8772/7/6
f 8772/7/6 8764/7/6 8773/7/6
f 8768/7/6 8769/7/6 8774/7/6
f 8767/7/6 8768/7/6 8774/7/6
f 8766/7/6 8767/7/6 8774/7/6
f 8771/7/6 8772/7/6 8777/7/6
f 8770/7/6 8771/7/6 8777/7/6
f 8777/7/6 8772/7/6 8778/7/6
f 8778/7/6 8772/7/6 8779/7/6
f 8779/7/6 8772/7/6 8780/7/6
f 8780/7/6 8772/7/6 8781/7/6
f 8774/7/6 8775/7/6 8782/7/6
f 8766/7/6 8774/7/6 8782/7/6
f 8782/7/6 8775/7/6 8783/7/6
f 8783/7/6 8775/7/6 8784/7/6
f 8776/7/6 8777/7/6 8787/7/6
f 8777/7/6 8778/7/6 8787/7/6
f 8778/6/6 8779/6/6 8788/6/6
f 8787/7/6 8778/7/6 8788/7/6
f 8779/7/6 8780/7/6 8789/7/6
f 8788/6/6 8779/6/6 8789/6/6
f 8789/7/6 8780/7/6 8790/7/6
f 8790/7/6 8780/7/6 8791/7/6
f 8766/7/6 8782/7/6 8792/7/6
f 8782/6/6 8783/6/6 8792/6/6
f 8784/7/6 8785/7/6 8793/7/6
f 8792/6/6 8783/6/6 8793/6/6
f 8783/7/6 8784/7/6 8793/7/6
f 8793/7/6 8785/7/6 8794/7/6
f 8787/7/6 8788/7/6 8797/7/6
f 8788/7/6 8789/7/6 8797/7/6
f 8786/7/6 8787/7/6 8797/7/6
f 8789/7/6 8790/7/6 8797/7/6
f 8797/7/6 8790/7/6 8798/7/6
f 8798/7/6 8790/7/6 8799/7/6
f 8799/7/6 8790/7/6 8800/7/6
f 8800/7/6 8790/7/6 8801/7/6
f 8801/7/6 8790/7/6 8802/7/6
f 8802/7/6 8790/7/6 8803/7/6
f 8794/7/6 8795/7/6 8804/7/6
f 8793/7/6 8794/7/6 8804/7/6
f 8792/7/6 8793/7/6 8804/7/6
f 8796/7/6 8797/7/6 8805/7/6
f 8797/7/6 8798/7/6 8805/7/6
f 8798/4/6 8799/4/6 8806/4/6
f 8805/7/6 8798/7/6 8806/7/6
f 8799/7/6 8800/7/6 8807/7/6
f 8806/4/6 8799/4/6 8807/4/6
f 8800/2/6 8801/2/6 8808/2/6
f 8807/7/6 8800/7/6 8808/7/6
f 8801/7/6 8802/7/6 8809/7/6
f 8808/2/6 8801/2/6 8809/2/6
f 8809/7/6 8802/7/6 8810/7/6
f 8810/7/6 8802/7/6 8811/7/6
f 8807/7/6 8808/7/6 8812/7/6
f 8806/7/6 8807/7/6 8812/7/6
f 8809/7/6 8810/7/6 8812/7/6
f 8808/7/6 8809/7/6 8812/7/6
f 8805/7/6 8806/7/6 8812/7/6
f 8804/7/6 8805/7/6 8812/7/6
f 8812/7/6 8810/7/6 8813/7/6
f 8766/7/6 8792/7/6 8814/7/6
f 8792/7/6 8804/7/6 8814/7/6
f 8804/7/6 8812/7/6 8814/7/6
f 8814/7/6 8812/7/6 8815/7/6
f 8815/7/6 8812/7/6 8816/7/6
f 8816/7/6 8812/7/6 8817/7/6
f 8817/7/6 8812/7/6 8818/7/6
f 8818/7/6 8812/7/6 8819/7/6
f 8819/7/6 8812/7/6 8820/7/6
f 8820/7/6 8812/7/6 8821/7/6
f 8821/7/6 8812/7/6 8822/7/6
f 8822/7/6 8812/7/6 8823/7/6
f 8766/7/6 8814/7/6 8824/7/6
f 8814/1/6 8815/1/6 8824/1/6
f 8815/7/6 8816/7/6 8825/7/6
f 8824/1/6 8815/1/6 8825/1/6
f 8825/7/6 8816/7/6 8826/7/6
f 8826/7/6 8816/7/6 8827/7/6
f 8816/1/6 8817/1/6 8828/1/6
f 8827/7/6 8816/7/6 8828/7/6
f 8817/7/6 8818/7/6 8829/7/6
f 8828/1/6 8817/1/6 8829/1/6
f 8818/6/6 8819/6/6 8830/6/6
f 8829/7/6 8818/7/6 8830/7/6
f 8819/7/6 8820/7/6 8831/7/6
f 8830/6/6 8819/6/6 8831/6/6
f 8820/1/6 8821/1/6 8832/1/6
f 8831/7/6 8820/7/6 8832/7/6
f 8821/7/6 8822/7/6 8833/7/6
f 8832/1/6 8821/1/6 8833/1/6
f 8833/7/6 8822/7/6 8834/7/6
f 8834/7/6 8822/7/6 8835/7/6
f 8826/2/6 8827/2/6 8836/2/6
f 8824/7/6 8825/7/6 8836/7/6
f 8825/7/6 8826/7/6 8836/7/6
f 8831/7/6 8832/7/6 8837/7/6
f 8836/2/6 8827/2/6 8837/2/6
f 8827/7/6 8828/7/6 8837/7/6
f 8832/7/6 8833/7/6 8837/7/6
f 8833/7/6 8834/7/6 8837/7/6
f 8830/7/6 8831/7/6 8837/7/6
f 8829/7/6 8830/7/6 8837/7/6
f 8828/7/6 8829/7/6 8837/7/6
f 8837/7/6 8834/7/6 8838/7/6
f 8838/7/6 8834/7/6 8839/7/6
f 8839/7/6 8834/7/6 8840/7/6
f 8840/7/6 8834/7/6 8841/7/6
f 8839/7/6 8840/7/6 8842/7/6
f 8842/7/6 8840/7/6 8843/7/6
f 8836/7/6 8837/7/6 8844/7/6
f 8837/7/6 8838/7/6 8844/7/6
f 8838/3/6 8839/3/6 8844/3/6
f 8839/7/6 8842/7/6 8845/7/6
f 8844/3/6 8839/3/6 8845/3/6
f 8845/7/6 8842/7/6 8846/7/6
f 8846/7/6 8842/7/6 8847/7/6
f 8844/7/6 8845/7/6 8848/7/6
f 8845/7/6 8846/7/6 8848/7/6
f 8848/7/6 8846/7/6 8849/7/6
f 8836/7/6 8844/7/6 8850/7/6
f 8844/7/6 8848/7/6 8850/7/6
f 8850/7/6 8848/7/6 8851/7/6
f 8851/7/6 8848/7/6 8852/7/6
f 8852/7/6 8848/7/6 8853/7/6
f 8836/7/6 8850/7/6 8854/7/6
f 8854/7/6 8850/7/6 8855/7/6
f 8850/1/6 8851/1/6 8856/1/6
f 8855/7/6 8850/7/6 8856/7/6
f 8851/7/6 8852/7/6 8857/7/6
f 8856/1/6 8851/1/6 8857/1/6
f 8857/7/6 8852/7/6 8858/7/6
f 8858/7/6 8852/7/6 8859/7/6
f 8854/5/6 8855/5/6 8860/5/6
f 8836/7/6 8854/7/6 8860/7/6
f 8855/7/6 8856/7/6 8861/7/6
f 8860/5/6 8855/5/6 8861/5/6
f 8857/7/6 8858/7/6 8861/7/6
f 8856/7/6 8857/7/6 8861/7/6
f 8861/7/6 8858/7/6 8862/7/6
f 8862/7/6 8858/7/6 8863/7/6
f 8860/7/6 8861/7/6 8864/7/6
f 8861/7/6 8862/7/6 8864/7/6
f 8864/7/6 8862/7/6 8865/7/6
f 8865/7/6 8862/7/6 8866/7/6
f 8866/7/6 8862/7/6 8867/7/6
f 8860/7/6 8864/7/6 8868/7/6
f 8864/1/6 8865/1/6 8868/1/6
f 8865/7/6 8866/7/6 8869/7/6
f 8868/1/6 8865/1/6 8869/1/6
f 8869/7/6 8866/7/6 8870/7/6
f 8870/7/6 8866/7/6 8871/7/6
f 8868/7/6 8869/7/6 8872/7/6
f 8869/7/6 8870/7/6 8872/7/6
f 8872/7/6 8870/7/6 8873/7/6
f 8873/7/6 8870/7/6 8874/7/6
f 8874/7/6 8870/7/6 8875/7/6
f 8189/7/6 8766/7/6 8876/7/6
f 8824/7/6 8836/7/6 8876/7/6
f 8766/7/6 8824/7/6 8876/7/6
f 8836/7/6 8860/7/6 8876/7/6
f 8868/7/6 8872/7/6 8876/7/6
f 8860/7/6 8868/7/6 8876/7/6
f 8876/7/6 8872/7/6 8877/7/6
f 8872/2/6 8873/2/6 8878/2/6
f 8877/7/6 8872/7/6 8878/7/6
f 8873/7/6 8874/7/6 8879/7/6
f 8878/2/6 8873/2/6 8879/2/6
f 8879/7/6 8874/7/6 8880/7/6
f 8880/7/6 8874/7/6 8881/7/6
f 8876/6/6 8877/6/6 8882/6/6
f 8189/7/6 8876/7/6 8882/7/6
f 8877/7/6 8878/7/6 8883/7/6
f 8882/6/6 8877/6/6 8883/6/6
f 8879/7/6 8880/7/6 8883/7/6
f 8878/7/6 8879/7/6 8883/7/6
f 8883/7/6 8880/7/6 8884/7/6
f 8884/7/6 8880/7/6 8885/7/6
f 8882/7/6 8883/7/6 8886/7/6
f 8883/7/6 8884/7/6 8886/7/6
f 8886/7/6 8884/7/6 8887/7/6
f 8882/7/6 8886/7/6 8888/7/6
f 8888/7/6 8886/7/6 8889/7/6
f 8882/7/6 8888/7/6 8890/7/6
f 8890/7/6 8888/7/6 8891/7/6
f 8882/7/6 8890/7/6 8892/7/6
f 8892/7/6 8890/7/6 8893/7/6
f 8882/7/6 8892/7/6 8894/7/6
f 8894/7/6 8892/7/6 8895/7/6
f 8895/7/6 8892/7/6 8896/7/6
f 8896/7/6 8892/7/6 8897/7/6
f 8892/4/6 8893/4/6 8898/4/6
f 8897/7/6 8892/7/6 8898/7/6
f 8893/7/6 8890/7/6 8899/7/6
f 8898/4/6 8893/4/6 8899/4/6
f 8899/7/6 8890/7/6 8900/7/6
f 8900/7/6 8890/7/6 8901/7/6
f 8882/7/6 8894/7/6 8902/7/6
f 8894/4/6 8895/4/6 8902/4/6
f 8895/7/6 8896/7/6 8903/7/6
f 8902/4/6 8895/4/6 8903/4/6
f 8896/4/6 8897/4/6 8904/4/6
f 8903/7/6 8896/7/6 8904/7/6
f 8897/7/6 8898/7/6 8905/7/6
f 8904/4/6 8897/4/6 8905/4/6
f 8899/7/6 8900/7/6 8905/7/6
f 8898/7/6 8899/7/6 8905/7/6
f 8905/7/6 8900/7/6 8906/7/6
f 8906/7/6 8900/7/6 8907/7/6
f 8907/7/6 8900/7/6 8908/7/6
f 8908/7/6 8900/7/6 8909/7/6
f 8903/7/6 8904/7/6 8910/7/6
f 8902/7/6 8903/7/6 8910/7/6
f 8904/7/6 8905/7/6 8910/7/6
f 8906/6/6 8907/6/6 8910/6/6
f 8905/7/6 8906/7/6 8910/7/6
f 8907/7/6 8908/7/6 8911/7/6
f 8910/6/6 8907/6/6 8911/6/6
f 8911/7/6 8908/7/6 8912/7/6
f 8912/7/6 8908/7/6 8913/7/6
f 8910/7/6 8911/7/6 8914/7/6
f 8911/7/6 8912/7/6 8914/7/6
f 8914/7/6 8912/7/6 8915/7/6
f 8902/7/6 8910/7/6 8916/7/6
f 8910/7/6 8914/7/6 8916/7/6
f 8916/7/6 8914/7/6 8917/7/6
f 8917/7/6 8914/7/6 8918/7/6
f 8918/7/6 8914/7/6 8919/7/6
f 8902/7/6 8916/7/6 8920/7/6
f 8916/2/6 8917/2/6 8920/2/6
f 8917/7/6 8918/7/6 8921/7/6
f 8920/2/6 8917/2/6 8921/2/6
f 8921/7/6 8918/7/6 8922/7/6
f 8922/7/6 8918/7/6 8923/7/6
f 8920/7/6 8921/7/6 8924/7/6
f 8921/7/6 8922/7/6 8924/7/6
f 8924/7/6 8922/7/6 8925/7/6
f 8902/7/6 8920/7/6 8926/7/6
f 8920/7/6 8924/7/6 8926/7/6
f 8926/7/6 8924/7/6 8927/7/6
f 8927/7/6 8924/7/6 8928/7/6
f 8928/7/6 8924/7/6 8929/7/6
f 8925/7/6 8922/7/6 8930/7/6
f 8930/7/6 8922/7/6 8931/7/6
f 8902/7/6 8926/7/6 8932/7/6
f 8926/2/6 8927/2/6 8932/2/6
f 8927/7/6 8928/7/6 8933/7/6
f 8932/2/6 8927/2/6 8933/2/6
f 8933/7/6 8928/7/6 8934/7/6
f 8928/1/6 8929/1/6 8935/1/6
f 8934/7/6 8928/7/6 8935/7/6
f 8929/7/6 8924/7/6 8936/7/6
f 8935/1/6 8929/1/6 8936/1/6
f 8924/1/6 8925/1/6 8937/1/6
f 8936/7/6 8924/7/6 8937/7/6
f 8925/7/6 8930/7/6 8938/7/6
f 8937/1/6 8925/1/6 8938/1/6
f 8938/7/6 8930/7/6 8939/7/6
f 8939/7/6 8930/7/6 8940/7/6
f 8934/2/6 8935/2/6 8941/2/6
f 8933/7/6 8934/7/6 8941/7/6
f 8932/7/6 8933/7/6 8941/7/6
f 8935/7/6 8936/7/6 8942/7/6
f 8941/2/6 8935/2/6 8942/2/6
f 8936/7/6 8937/7/6 8942/7/6
f 8937/7/6 8938/7/6 8942/7/6
f 8938/7/6 8939/7/6 8942/7/6
f 8942/7/6 8939/7/6 8943/7/6
f 8943/7/6 8939/7/6 8944/7/6
f 8941/7/6 8942/7/6 8945/7/6
f 8942/7/6 8943/7/6 8945/7/6
f 8945/7/6 8943/7/6 8946/7/6
f 8932/7/6 8941/7/6 8947/7/6
f 8941/7/6 8945/7/6 8947/7/6
f 8947/7/6 8945/7/6 8948/7/6
f 8948/7/6 8945/7/6 8949/7/6
f 8949/7/6 8945/7/6 8950/7/6
f 8950/7/6 8945/7/6 8951/7/6
f 8951/7/6 8945/7/6 8952/7/6
f 8932/7/6 8947/7/6 8953/7/6
f 8947/2/6 8948/2/6 8953/2/6
f 8948/7/6 8949/7/6 8954/7/6
f 8953/2/6 8948/2/6 8954/2/6
f 8949/6/6 8950/6/6 8955/6/6
f 8954/7/6 8949/7/6 8955/7/6
f 8950/7/6 8951/7/6 8956/7/6
f 8955/6/6 8950/6/6 8956/6/6
f 8956/7/6 8951/7/6 8957/7/6
f 8957/7/6 8951/7/6 8958/7/6
f 8954/7/6 8955/7/6 8959/7/6
f 8953/7/6 8954/7/6 8959/7/6
f 8956/7/6 8957/7/6 8959/7/6
f 8955/7/6 8956/7/6 8959/7/6
f 8959/7/6 8957/7/6 8960/7/6
f 8953/7/6 8959/7/6 8961/7/6
f 8961/7/6 8959/7/6 8962/7/6
f 8962/7/6 8959/7/6 8963/7/6
f 8963/7/6 8959/7/6 8964/7/6
f 8953/7/6 8961/7/6 8965/7/6
f 8961/1/6 8962/1/6 8965/1/6
f 8962/7/6 8963/7/6 8966/7/6
f 8965/1/6 8962/1/6 8966/1/6
f 8966/7/6 8963/7/6 8967/7/6
f 8967/7/6 8963/7/6 8968/7/6
f 8968/7/6 8963/7/6 8969/7/6
f 8969/7/6 8963/7/6 8970/7/6
f 8953/7/6 8965/7/6 8971/7/6
f 8965/7/6 8966/7/6 8971/7/6
f 8966/7/6 8967/7/6 8971/7/6
f 8971/7/6 8967/7/6 8972/7/6
f 8967/2/6 8968/2/6 8973/2/6
f 8972/7/6 8967/7/6 8973/7/6
f 8968/7/6 8969/7/6 8974/7/6
f 8973/2/6 8968/2/6 8974/2/6
f 8974/7/6 8969/7/6 8975/7/6
f 8975/7/6 8969/7/6 8976/7/6
f 8971/4/6 8972/4/6 8977/4/6
f 8953/7/6 8971/7/6 8977/7/6
f 8972/7/6 8973/7/6 8978/7/6
f 8977/4/6 8972/4/6 8978/4/6
f 8974/7/6 8975/7/6 8978/7/6
f 8973/7/6 8974/7/6 8978/7/6
f 8978/7/6 8975/7/6 8979/7/6
f 8979/7/6 8975/7/6 8980/7/6
f 8977/7/6 8978/7/6 8981/7/6
f 8978/7/6 8979/7/6 8981/7/6
f 8981/7/6 8979/7/6 8982/7/6
f 8977/7/6 8981/7/6 8983/7/6
f 8983/7/6 8981/7/6 8984/7/6
f 8977/7/6 8983/7/6 8985/7/6
f 8985/7/6 8983/7/6 8986/7/6
f 8977/7/6 8985/7/6 8987/7/6
f 8987/7/6 8985/7/6 8988/7/6
f 8977/7/6 8987/7/6 8989/7/6
f 8989/7/6 8987/7/6 8990/7/6
f 8977/7/6 8989/7/6 8991/7/6
f 8991/7/6 8989/7/6 8992/7/6
f 8992/7/6 8989/7/6 8993/7/6
f 8993/7/6 8989/7/6 8994/7/6
f 8977/7/6 8991/7/6 8995/7/6
f 8991/1/6 8992/1/6 8995/1/6
f 8992/7/6 8993/7/6 8996/7/6
f 8995/1/6 8992/1/6 8996/1/6
f 8996/7/6 8993/7/6 8997/7/6
f 8997/7/6 8993/7/6 8998/7/6
f 8977/7/6 8995/7/6 8999/7/6
f 8995/7/6 8996/7/6 8999/7/6
f 8996/7/6 8997/7/6 8999/7/6
f 8999/7/6 8997/7/6 9000/7/6
f 8902/7/6 8932/7/6 9001/7/6
f 8932/7/6 8953/7/6 9001/7/6
f 8977/7/6 8999/7/6 9001/7/6
f 8953/7/6 8977/7/6 9001/7/6
f 9001/7/6 8999/7/6 9002/7/6
f 8882/7/6 8902/7/6 9003/7/6
f 8902/7/6 9001/7/6 9003/7/6
f 9003/7/6 9001/7/6 9004/7/6
f 8189/7/6 8882/7/6 9005/7/6
f 8882/7/6 9003/7/6 9005/7/6
f 9005/7/6 9003/7/6 9006/7/6
f 8189/7/6 9005/7/6 9007/7/6
f 9007/7/6 9005/7/6 9008/7/6
f 9009/7/6 9010/7/6 9016/7/6
f 9016/7/6 9010/7/6 9017/7/6
f 9011/7/6 9012/7/6 9020/7/6
f 9020/7/6 9012/7/6 9021/7/6
f 9013/7/6 9014/7/6 9022/7/6
f 9014/4/6 9015/4/6 9023/4/6
f 9022/7/6 9014/7/6 9023/7/6
f 9017/7/6 9018/7/6 9024/7/6
f 9023/4/6 9015/4/6 9024/4/6
f 9015/7/6 9016/7/6 9024/7/6
f 9016/7/6 9017/7/6 9024/7/6
f 9024/7/6 9018/7/6 9025/7/6
f 9021/7/6 9022/7/6 9028/7/6
f 9025/7/6 9026/7/6 9028/7/6
f 9024/7/6 9025/7/6 9028/7/6
f 9023/7/6 9024/7/6 9028/7/6
f 9022/7/6 9023/7/6 9028/7/6
f 9019/7/6 9020/7/6 9028/7/6
f 9020/7/6 9021/7/6 9028/7/6
f 9028/7/6 9026/7/6 9029/7/6
f 9029/7/6 9026/7/6 9030/7/6
f 9030/7/6 9026/7/6 9031/7/6
f 9031/7/6 9026/7/6 9032/7/6
f 9032/7/6 9026/7/6 9033/7/6
f 9033/7/6 9026/7/6 9034/7/6
f 9034/7/6 9026/7/6 9035/7/6
f 9027/7/6 9028/7/6 9038/7/6
f 9028/7/6 9029/7/6 9038/7/6
f 9029/5/6 9030/5/6 9039/5/6
f 9038/7/6 9029/7/6 9039/7/6
f 9030/7/6 9031/7/6 9040/7/6
f 9039/5/6 9030/5/6 9040/5/6
f 9040/7/6 9031/7/6 9041/7/6
f 9041/7/6 9031/7/6 9042/7/6
f 9031/5/6 9032/5/6 9043/5/6
f 9042/7/6 9031/7/6 9043/7/6
f 9032/7/6 9033/7/6 9044/7/6
f 9043/5/6 9032/5/6 9044/5/6
f 9033/4/6 9034/4/6 9045/4/6
f 9044/7/6 9033/7/6 9045/7/6
f 9035/7/6 9036/7/6 9046/7/6
f 9045/4/6 9034/4/6 9046/4/6
f 9034/7/6 9035/7/6 9046/7/6
f 9046/7/6 9036/7/6 9047/7/6
f 9040/7/6 9041/7/6 9050/7/6
f 9037/7/6 9038/7/6 9050/7/6
f 9038/7/6 9039/7/6 9050/7/6
f 9039/7/6 9040/7/6 9050/7/6
f 9050/7/6 9041/7/6 9051/7/6
f 9051/7/6 9041/7/6 9052/7/6
f 9041/3/6 9042/3/6 9053/3/6
f 9044/7/6 9045/7/6 9054/7/6
f 9053/3/6 9042/3/6 9054/3/6
f 9047/7/6 9048/7/6 9054/7/6
f 9046/7/6 9047/7/6 9054/7/6
f 9045/7/6 9046/7/6 9054/7/6
f 9042/7/6 9043/7/6 9054/7/6
f 9043/7/6 9044/7/6 9054/7/6
f 9054/7/6 9048/7/6 9055/7/6
f 9050/7/6 9051/7/6 9058/7/6
f 9049/7/6 9050/7/6 9058/7/6
f 9051/2/6 9052/2/6 9059/2/6
f 9058/7/6 9051/7/6 9059/7/6
f 9052/7/6 9041/7/6 9060/7/6
f 9059/2/6 9052/2/6 9060/2/6
f 9041/3/6 9053/3/6 9061/3/6
f 9060/7/6 9041/7/6 9061/7/6
f 9055/7/6 9056/7/6 9062/7/6
f 9061/3/6 9053/3/6 9062/3/6
f 9054/7/6 9055/7/6 9062/7/6
f 9053/7/6 9054/7/6 9062/7/6
f 9062/7/6 9056/7/6 9063/7/6
f 9059/7/6 9060/7/6 9066/7/6
f 9063/7/6 9064/7/6 9066/7/6
f 9062/7/6 9063/7/6 9066/7/6
f 9061/7/6 9062/7/6 9066/7/6
f 9057/7/6 9058/7/6 9066/7/6
f 9060/7/6 9061/7/6 9066/7/6
f 9058/7/6 9059/7/6 9066/7/6
f 9066/7/6 9064/7/6 9067/7/6
f 9067/7/6 9064/7/6 9068/7/6
f 9068/7/6 9064/7/6 9069/7/6
f 9065/7/6 9066/7/6 9072/7/6
f 9066/7/6 9067/7/6 9072/7/6
f 9072/7/6 9067/7/6 9073/7/6
f 9073/7/6 9067/7/6 9074/7/6
f 9067/5/6 9068/5/6 9075/5/6
f 9074/7/6 9067/7/6 9075/7/6
f 9069/7/6 9070/7/6 9076/7/6
f 9075/5/6 9068/5/6 9076/5/6
f 9068/7/6 9069/7/6 9076/7/6
f 9076/7/6 9070/7/6 9077/7/6
f 9072/7/6 9073/7/6 9080/7/6
f 9071/7/6 9072/7/6 9080/7/6
f 9073/1/6 9074/1/6 9081/1/6
f 9080/7/6 9073/7/6 9081/7/6
f 9074/7/6 9075/7/6 9082/7/6
f 9081/1/6 9074/1/6 9082/1/6
f 9077/7/6 9078/7/6 9082/7/6
f 9076/7/6 9077/7/6 9082/7/6
f 9075/7/6 9076/7/6 9082/7/6
f 9082/7/6 9078/7/6 9083/7/6
f 9080/7/6 9081/7/6 9086/7/6
f 9083/7/6 9084/7/6 9086/7/6
f 9082/7/6 9083/7/6 9086/7/6
f 9081/7/6 9082/7/6 9086/7/6
f 9079/7/6 9080/7/6 9086/7/6
f 9086/7/6 9084/7/6 9087/7/6
f 9087/7/6 9084/7/6 9088/7/6
f 9088/7/6 9084/7/6 9089/7/6
f 9089/7/6 9084/7/6 9090/7/6
f 9090/7/6 9084/7/6 9091/7/6
f 9091/7/6 9084/7/6 9092/7/6
f 9092/7/6 9084/7/6 9093/7/6
f 9085/7/6 9086/7/6 9096/7/6
f 9086/7/6 9087/7/6 9096/7/6
f 9087/1/6 9088/1/6 9097/1/6
f 9096/7/6 9087/7/6 9097/7/6
f 9088/7/6 9089/7/6 9098/7/6
f 9097/1/6 9088/1/6 9098/1/6
f 9089/1/6 9090/1/6 9099/1/6
f 9098/7/6 9089/7/6 9099/7/6
f 9090/7/6 9091/7/6 9100/7/6
f 9099/1/6 9090/1/6 9100/1/6
f 9091/3/6 9092/3/6 9101/3/6
f 9100/7/6 9091/7/6 9101/7/6
f 9093/7/6 9094/7/6 9102/7/6
f 9101/3/6 9092/3/6 9102/3/6
f 9092/7/6 9093/7/6 9102/7/6
f 9102/7/6 9094/7/6 9103/7/6
f 9100/7/6 9101/7/6 9107/7/6
f 9095/7/6 9096/7/6 9107/7/6
f 9096/7/6 9097/7/6 9107/7/6
f 9102/7/6 9103/7/6 9107/7/6
f 9101/7/6 9102/7/6 9107/7/6
f 9099/7/6 9100/7/6 9107/7/6
f 9098/7/6 9099/7/6 9107/7/6
f 9097/7/6 9098/7/6 9107/7/6
f 9107/7/6 9103/7/6 9108/7/6
f 9108/7/6 9103/7/6 9109/7/6
f 9109/7/6 9103/7/6 9110/7/6
f 9110/7/6 9103/7/6 9111/7/6
f 9103/1/6 9104/1/6 9112/1/6
f 9111/7/6 9103/7/6 9112/7/6
f 9104/7/6 9105/7/6 9113/7/6
f 9112/1/6 9104/1/6 9113/1/6
f 9113/7/6 9105/7/6 9114/7/6
f 9106/7/6 9107/7/6 9117/7/6
f 9107/7/6 9108/7/6 9117/7/6
f 9110/5/6 9111/5/6 9118/5/6
f 9109/7/6 9110/7/6 9118/7/6
f 9111/7/6 9112/7/6 9119/7/6
f 9118/5/6 9111/5/6 9119/5/6
f 9114/7/6 9115/7/6 9119/7/6
f 9113/7/6 9114/7/6 9119/7/6
f 9112/7/6 9113/7/6 9119/7/6
f 9119/7/6 9115/7/6 9120/7/6
f 9116/7/6 9117/7/6 9123/7/6
f 9117/7/6 9108/7/6 9124/7/6
f 9108/2/6 9109/2/6 9124/2/6
f 9123/7/6 9117/7/6 9124/7/6
f 9109/7/6 9118/7/6 9125/7/6
f 9124/2/6 9109/2/6 9125/2/6
f 9120/7/6 9121/7/6 9125/7/6
f 9119/7/6 9120/7/6 9125/7/6
f 9118/7/6 9119/7/6 9125/7/6
f 9125/7/6 9121/7/6 9126/7/6
f 9126/7/6 9121/7/6 9127/7/6
f 9127/7/6 9121/7/6 9128/7/6
f 9123/7/6 9124/7/6 9131/7/6
f 9122/7/6 9123/7/6 9131/7/6
f 9124/7/6 9125/7/6 9131/7/6
f 9125/7/6 9126/7/6 9131/7/6
f 9131/7/6 9126/7/6 9132/7/6
f 9132/7/6 9126/7/6 9133/7/6
f 9133/7/6 9126/7/6 9134/7/6
f 9134/7/6 9126/7/6 9135/7/6
f 9126/2/6 9127/2/6 9136/2/6
f 9135/7/6 9126/7/6 9136/7/6
f 9128/7/6 9129/7/6 9137/7/6
f 9136/2/6 9127/2/6 9137/2/6
f 9127/7/6 9128/7/6 9137/7/6
f 9130/7/6 9131/7/6 9139/7/6
f 9131/7/6 9132/7/6 9139/7/6
f 9139/7/6 9132/7/6 9140/7/6
f 9140/7/6 9132/7/6 9141/7/6
f 9141/7/6 9132/7/6 9142/7/6
f 9142/7/6 9132/7/6 9143/7/6
f 9132/4/6 9133/4/6 9144/4/6
f 9143/7/6 9132/7/6 9144/7/6
f 9133/7/6 9134/7/6 9145/7/6
f 9144/4/6 9133/4/6 9145/4/6
f 9134/2/6 9135/2/6 9146/2/6
f 9145/7/6 9134/7/6 9146/7/6
f 9135/7/6 9136/7/6 9147/7/6
f 9146/2/6 9135/2/6 9147/2/6
f 9136/7/6 9137/7/6 9147/7/6
f 9137/7/6 9129/7/6 9148/7/6
f 9147/7/6 9137/7/6 9148/7/6
f 9138/7/6 9139/7/6 9151/7/6
f 9139/7/6 9140/7/6 9151/7/6
f 9140/2/6 9141/2/6 9152/2/6
f 9151/7/6 9140/7/6 9152/7/6
f 9141/7/6 9142/7/6 9153/7/6
f 9152/2/6 9141/2/6 9153/2/6
f 9142/1/6 9143/1/6 9154/1/6
f 9153/7/6 9142/7/6 9154/7/6
f 9145/7/6 9146/7/6 9155/7/6
f 9154/1/6 9143/1/6 9155/1/6
f 9143/7/6 9144/7/6 9155/7/6
f 9144/7/6 9145/7/6 9155/7/6
f 9146/7/6 9147/7/6 9155/7/6
f 9147/7/6 9148/7/6 9155/7/6
f 9148/7/6 9149/7/6 9155/7/6
f 9153/7/6 9154/7/6 9156/7/6
f 9155/7/6 9149/7/6 9156/7/6
f 9154/7/6 9155/7/6 9156/7/6
f 9152/7/6 9153/7/6 9156/7/6
f 9151/7/6 9152/7/6 9156/7/6
f 9150/7/6 9151/7/6 9156/7/6
f 9156/7/6 9149/7/6 9157/7/6
f 9157/7/6 9149/7/6 9158/7/6
f 9158/7/6 9149/7/6 9159/7/6
f 9159/7/6 9149/7/6 9160/7/6
f 9150/7/6 9156/7/6 9163/7/6
f 9163/7/6 9156/7/6 9164/7/6
f 9164/7/6 9156/7/6 9165/7/6
f 9165/7/6 9156/7/6 9166/7/6
f 9166/7/6 9156/7/6 9167/7/6
f 9156/1/6 9157/1/6 9168/1/6
f 9167/7/6 9156/7/6 9168/7/6
f 9157/7/6 9158/7/6 9169/7/6
f 9168/1/6 9157/1/6 9169/1/6
f 9158/5/6 9159/5/6 9170/5/6
f 9169/7/6 9158/7/6 9170/7/6
f 9160/7/6 9161/7/6 9171/7/6
f 9170/5/6 9159/5/6 9171/5/6
f 9159/7/6 9160/7/6 9171/7/6
f 9162/7/6 9163/7/6 9173/7/6
f 9163/7/6 9164/7/6 9173/7/6
f 9164/4/6 9165/4/6 9174/4/6
f 9173/7/6 9164/7/6 9174/7/6
f 9165/7/6 9166/7/6 9175/7/6
f 9174/4/6 9165/4/6 9175/4/6
f 9166/4/6 9167/4/6 9176/4/6
f 9175/7/6 9166/7/6 9176/7/6
f 9169/7/6 9170/7/6 9177/7/6
f 9176/4/6 9167/4/6 9177/4/6
f 9167/7/6 9168/7/6 9177/7/6
f 9168/7/6 9169/7/6 9177/7/6
f 9170/7/6 9171/7/6 9177/7/6
f 9177/7/6 9171/7/6 9178/7/6
f 9178/7/6 9171/7/6 9179/7/6
f 9175/7/6 9176/7/6 9180/7/6
f 9174/7/6 9175/7/6 9180/7/6
f 9178/4/6 9179/4/6 9180/4/6
f 9177/7/6 9178/7/6 9180/7/6
f 9176/7/6 9177/7/6 9180/7/6
f 9172/7/6 9173/7/6 9180/7/6
f 9173/7/6 9174/7/6 9180/7/6
f 9179/7/6 9171/7/6 9181/7/6
f 9180/4/6 9179/4/6 9181/4/6
f 9172/7/6 9180/7/6 9183/7/6
f 9180/7/6 9181/7/6 9183/7/6
f 9181/7/6 9171/7/6 9184/7/6
f 9183/7/6 9181/7/6 9184/7/6
f 9184/7/6 9171/7/6 9185/7/6
f 9171/7/6 9161/7/6 9186/7/6
f 9185/7/6 9171/7/6 9186/7/6
f 9182/7/6 9183/7/6 9188/7/6
f 9183/7/6 9184/7/6 9188/7/6
f 9188/7/6 9184/7/6 9189/7/6
f 9184/3/6 9185/3/6 9190/3/6
f 9189/7/6 9184/7/6 9190/7/6
f 9186/7/6 9187/7/6 9191/7/6
f 9190/3/6 9185/3/6 9191/3/6
f 9185/7/6 9186/7/6 9191/7/6
f 9191/7/6 9187/7/6 9192/7/6
f 9192/7/6 9187/7/6 9193/7/6
f 9193/7/6 9187/7/6 9194/7/6
f 9194/7/6 9187/7/6 9195/7/6
f 9182/7/6 9188/7/6 9197/7/6
f 9188/5/6 9189/5/6 9198/5/6
f 9197/7/6 9188/7/6 9198/7/6
f 9189/7/6 9190/7/6 9199/7/6
f 9198/5/6 9189/5/6 9199/5/6
f 9190/7/6 9191/7/6 9199/7/6
f 9191/7/6 9192/7/6 9199/7/6
f 9199/7/6 9192/7/6 9200/7/6
f 9200/7/6 9192/7/6 9201/7/6
f 9192/1/6 9193/1/6 9202/1/6
f 9201/7/6 9192/7/6 9202/7/6
f 9193/7/6 9194/7/6 9203/7/6
f 9202/1/6 9193/1/6 9203/1/6
f 9194/1/6 9195/1/6 9204/1/6
f 9203/7/6 9194/7/6 9204/7/6
f 9195/7/6 9187/7/6 9205/7/6
f 9204/1/6 9195/1/6 9205/1/6
f 9205/7/6 9187/7/6 9206/7/6
f 9206/7/6 9187/7/6 9207/7/6
f 9197/7/6 9198/7/6 9208/7/6
f 9196/7/6 9197/7/6 9208/7/6
f 9198/7/6 9199/7/6 9208/7/6
f 9199/7/6 9200/7/6 9208/7/6
f 9208/7/6 9200/7/6 9209/7/6
f 9200/2/6 9201/2/6 9210/2/6
f 9209/7/6 9200/7/6 9210/7/6
f 9203/7/6 9204/7/6 9211/7/6
f 9210/2/6 9201/2/6 9211/2/6
f 9202/7/6 9203/7/6 9211/7/6
f 9201/7/6 9202/7/6 9211/7/6
f 9204/7/6 9205/7/6 9211/7/6
f 9205/7/6 9206/7/6 9211/7/6
f 9206/4/6 9207/4/6 9212/4/6
f 9211/7/6 9206/7/6 9212/7/6
f 9207/7/6 9187/7/6 9213/7/6
f 9212/4/6 9207/4/6 9213/4/6
f 9196/7/6 9208/7/6 9215/7/6
f 9215/7/6 9208/7/6 9216/7/6
f 9216/7/6 9208/7/6 9217/7/6
f 9208/4/6 9209/4/6 9218/4/6
f 9217/7/6 9208/7/6 9218/7/6
f 9211/7/6 9212/7/6 9219/7/6
f 9218/4/6 9209/4/6 9219/4/6
f 9210/7/6 9211/7/6 9219/7/6
f 9209/7/6 9210/7/6 9219/7/6
f 9212/7/6 9213/7/6 9219/7/6
f 9219/7/6 9213/7/6 9220/7/6
f 9220/7/6 9213/7/6 9221/7/6
f 9221/7/6 9213/7/6 9222/7/6
f 9222/7/6 9213/7/6 9223/7/6
f 9213/7/6 9187/7/6 9224/7/6
f 9223/7/6 9213/7/6 9224/7/6
f 9215/7/6 9216/7/6 9226/7/6
f 9214/7/6 9215/7/6 9226/7/6
f 9216/3/6 9217/3/6 9226/3/6
f 9217/7/6 9218/7/6 9227/7/6
f 9226/3/6 9217/3/6 9227/3/6
f 9218/7/6 9219/7/6 9227/7/6
f 9219/7/6 9220/7/6 9227/7/6
f 9220/4/6 9221/4/6 9228/4/6
f 9227/7/6 9220/7/6 9228/7/6
f 9221/7/6 9222/7/6 9229/7/6
f 9228/4/6 9221/4/6 9229/4/6
f 9222/4/6 9223/4/6 9230/4/6
f 9229/7/6 9222/7/6 9230/7/6
f 9224/7/6 9225/7/6 9231/7/6
f 9230/4/6 9223/4/6 9231/4/6
f 9223/7/6 9224/7/6 9231/7/6
f 9214/7/6 9226/7/6 9233/7/6
f 9229/7/6 9230/7/6 9233/7/6
f 9230/7/6 9231/7/6 9233/7/6
f 9226/7/6 9227/7/6 9233/7/6
f 9227/7/6 9228/7/6 9233/7/6
f 9228/7/6 9229/7/6 9233/7/6
f 9233/7/6 9231/7/6 9234/7/6
f 9232/7/6 9233/7/6 9234/7/6
f 9234/7/6 9231/7/6 9235/7/6
f 9235/7/6 9231/7/6 9236/7/6
f 9236/7/6 9231/7/6 9237/7/6
f 9232/7/6 9234/7/6 9238/7/6
f 9238/7/6 9234/7/6 9239/7/6
f 9234/2/6 9235/2/6 9240/2/6
f 9239/7/6 9234/7/6 9240/7/6
f 9235/7/6 9236/7/6 9241/7/6
f 9240/2/6 9235/2/6 9241/2/6
f 9236/1/6 9237/1/6 9242/1/6
f 9241/7/6 9236/7/6 9242/7/6
f 9237/7/6 9231/7/6 9243/7/6
f 9242/1/6 9237/1/6 9243/1/6
f 9243/7/6 9231/7/6 9244/7/6
f 9244/7/6 9231/7/6 9245/7/6
f 9245/7/6 9231/7/6 9246/7/6
f 9246/7/6 9231/7/6 9247/7/6
f 9232/7/6 9238/7/6 9249/7/6
f 9238/2/6 9239/2/6 9250/2/6
f 9249/7/6 9238/7/6 9250/7/6
f 9241/7/6 9242/7/6 9251/7/6
f 9250/2/6 9239/2/6 9251/2/6
f 9239/7/6 9240/7/6 9251/7/6
f 9240/7/6 9241/7/6 9251/7/6
f 9242/7/6 9243/7/6 9251/7/6
f 9243/7/6 9244/7/6 9251/7/6
f 9251/7/6 9244/7/6 9252/7/6
f 9252/7/6 9244/7/6 9253/7/6
f 9253/7/6 9244/7/6 9254/7/6
f 9254/7/6 9244/7/6 9255/7/6
f 9246/2/6 9247/2/6 9256/2/6
f 9245/7/6 9246/7/6 9256/7/6
f 9247/7/6 9231/7/6 9257/7/6
f 9256/2/6 9247/2/6 9257/2/6
f 9249/7/6 9250/7/6 9258/7/6
f 9248/7/6 9249/7/6 9258/7/6
f 9250/7/6 9251/7/6 9258/7/6
f 9251/7/6 9252/7/6 9258/7/6
f 9252/5/6 9253/5/6 9258/5/6
f 9253/7/6 9254/7/6 9259/7/6
f 9258/5/6 9253/5/6 9259/5/6
f 9254/4/6 9255/4/6 9260/4/6
f 9259/7/6 9254/7/6 9260/7/6
f 9255/7/6 9244/7/6 9261/7/6
f 9260/4/6 9255/4/6 9261/4/6
f 9244/2/6 9245/2/6 9262/2/6
f 9261/7/6 9244/7/6 9262/7/6
f 9256/7/6 9257/7/6 9263/7/6
f 9262/2/6 9245/2/6 9263/2/6
f 9245/7/6 9256/7/6 9263/7/6
f 9261/7/6 9262/7/6 9264/7/6
f 9259/7/6 9260/7/6 9264/7/6
f 9262/7/6 9263/7/6 9264/7/6
f 9260/7/6 9261/7/6 9264/7/6
f 9258/7/6 9259/7/6 9264/7/6
f 9248/7/6 9258/7/6 9264/7/6
f 9264/7/6 9263/7/6 9265/7/6
f 9265/7/6 9263/7/6 9266/7/6
f 9266/7/6 9263/7/6 9267/7/6
f 9248/7/6 9264/7/6 9268/7/6
f 9264/2/6 9265/2/6 9268/2/6
f 9265/7/6 9266/7/6 9269/7/6
f 9268/2/6 9265/2/6 9269/2/6
f 9269/7/6 9266/7/6 9270/7/6
f 9270/7/6 9266/7/6 9271/7/6
f 9231/7/6 9225/7/6 9272/7/6
f 9257/7/6 9231/7/6 9272/7/6
f 9263/7/6 9257/7/6 9272/7/6
f 9267/7/6 9263/7/6 9272/7/6
f 9272/7/6 9225/7/6 9273/7/6
f 9270/2/6 9271/2/6 9274/2/6
f 9269/7/6 9270/7/6 9274/7/6
f 9268/7/6 9269/7/6 9274/7/6
f 9271/7/6 9266/7/6 9275/7/6
f 9274/2/6 9271/2/6 9275/2/6
f 9266/1/6 9267/1/6 9276/1/6
f 9275/7/6 9266/7/6 9276/7/6
f 9267/7/6 9272/7/6 9277/7/6
f 9276/1/6 9267/1/6 9277/1/6
f 9275/7/6 9276/7/6 9278/7/6
f 9277/7/6 9272/7/6 9278/7/6
f 9276/7/6 9277/7/6 9278/7/6
f 9274/7/6 9275/7/6 9278/7/6
f 9278/7/6 9272/7/6 9279/7/6
f 9274/7/6 9278/7/6 9280/7/6
f 9278/6/6 9279/6/6 9280/6/6
f 9279/7/6 9272/7/6 9281/7/6
f 9280/6/6 9279/6/6 9281/6/6
f 9280/7/6 9281/7/6 9282/7/6
f 9281/7/6 9272/7/6 9282/7/6
f 9282/7/6 9272/7/6 9283/7/6
f 9274/7/6 9280/7/6 9284/7/6
f 9280/7/6 9282/7/6 9284/7/6
f 9284/7/6 9282/7/6 9285/7/6
f 9282/2/6 9283/2/6 9286/2/6
f 9285/7/6 9282/7/6 9286/7/6
f 9283/7/6 9272/7/6 9287/7/6
f 9286/2/6 9283/2/6 9287/2/6
f 9284/3/6 9285/3/6 9288/3/6
f 9274/7/6 9284/7/6 9288/7/6
f 9285/7/6 9286/7/6 9289/7/6
f 9288/3/6 9285/3/6 9289/3/6
f 9286/7/6 9287/7/6 9289/7/6
f 9287/7/6 9272/7/6 9290/7/6
f 9289/7/6 9287/7/6 9290/7/6
f 9290/7/6 9272/7/6 9291/7/6
f 9288/7/6 9289/7/6 9292/7/6
f 9289/7/6 9290/7/6 9292/7/6
f 9292/7/6 9290/7/6 9293/7/6
f 9293/7/6 9290/7/6 9294/7/6
f 9294/7/6 9290/7/6 9295/7/6
f 9293/7/6 9294/7/6 9296/7/6
f 9296/7/6 9294/7/6 9297/7/6
f 9297/7/6 9294/7/6 9298/7/6
f 9298/7/6 9294/7/6 9299/7/6
f 9299/7/6 9294/7/6 9300/7/6
f 9300/7/6 9294/7/6 9301/7/6
f 9301/7/6 9294/7/6 9302/7/6
f 9268/7/6 9274/7/6 9303/7/6
f 9274/7/6 9288/7/6 9303/7/6
f 9288/7/6 9292/7/6 9303/7/6
f 9303/7/6 9292/7/6 9304/7/6
f 9304/7/6 9292/7/6 9305/7/6
f 9305/7/6 9292/7/6 9306/7/6
f 9292/5/6 9293/5/6 9307/5/6
f 9306/7/6 9292/7/6 9307/7/6
f 9293/7/6 9296/7/6 9308/7/6
f 9307/5/6 9293/5/6 9308/5/6
f 9296/2/6 9297/2/6 9309/2/6
f 9308/7/6 9296/7/6 9309/7/6
f 9297/7/6 9298/7/6 9310/7/6
f 9309/2/6 9297/2/6 9310/2/6
f 9298/4/6 9299/4/6 9311/4/6
f 9310/7/6 9298/7/6 9311/7/6
f 9299/3/6 9300/3/6 9312/3/6
f 9311/4/6 9299/4/6 9312/4/6
f 9300/7/6 9301/7/6 9313/7/6
f 9312/3/6 9300/3/6 9313/3/6
f 9313/7/6 9301/7/6 9314/7/6
f 9314/7/6 9301/7/6 9315/7/6
f 9268/7/6 9303/7/6 9316/7/6
f 9303/5/6 9304/5/6 9316/5/6
f 9304/7/6 9305/7/6 9317/7/6
f 9316/5/6 9304/5/6 9317/5/6
f 9305/4/6 9306/4/6 9318/4/6
f 9317/7/6 9305/7/6 9318/7/6
f 9311/7/6 9312/7/6 9319/7/6
f 9318/4/6 9306/4/6 9319/4/6
f 9310/7/6 9311/7/6 9319/7/6
f 9312/7/6 9313/7/6 9319/7/6
f 9306/7/6 9307/7/6 9319/7/6
f 9313/7/6 9314/7/6 9319/7/6
f 9307/7/6 9308/7/6 9319/7/6
f 9309/7/6 9310/7/6 9319/7/6
f 9308/7/6 9309/7/6 9319/7/6
f 9319/7/6 9314/7/6 9320/7/6
f 9320/7/6 9314/7/6 9321/7/6
f 9317/7/6 9318/7/6 9322/7/6
f 9316/7/6 9317/7/6 9322/7/6
f 9319/7/6 9320/7/6 9322/7/6
f 9318/7/6 9319/7/6 9322/7/6
f 9322/7/6 9320/7/6 9323/7/6
f 9248/7/6 9268/7/6 9325/7/6
f 9268/7/6 9316/7/6 9325/7/6
f 9316/7/6 9322/7/6 9325/7/6
f 9325/7/6 9322/7/6 9326/7/6
f 9326/7/6 9322/7/6 9327/7/6
f 9327/7/6 9322/7/6 9328/7/6
f 9328/7/6 9322/7/6 9329/7/6
f 9324/7/6 9325/7/6 9330/7/6
f 9325/7/6 9326/7/6 9330/7/6
f 9326/2/6 9327/2/6 9330/2/6
f 9327/7/6 9328/7/6 9331/7/6
f 9330/2/6 9327/2/6 9331/2/6
f 9331/7/6 9328/7/6 9332/7/6
f 9332/7/6 9328/7/6 9333/7/6
f 9333/7/6 9328/7/6 9334/7/6
f 9334/7/6 9328/7/6 9335/7/6
f 9335/7/6 9328/7/6 9336/7/6
f 9336/7/6 9328/7/6 9337/7/6
f 9330/7/6 9331/7/6 9338/7/6
f 9331/7/6 9332/7/6 9338/7/6
f 9332/2/6 9333/2/6 9338/2/6
f 9333/7/6 9334/7/6 9339/7/6
f 9338/2/6 9333/2/6 9339/2/6
f 9339/7/6 9334/7/6 9340/7/6
f 9340/7/6 9334/7/6 9341/7/6
f 9341/7/6 9334/7/6 9342/7/6
f 9342/7/6 9334/7/6 9343/7/6
f 9343/7/6 9334/7/6 9344/7/6
f 9344/7/6 9334/7/6 9345/7/6
f 9334/2/6 9335/2/6 9346/2/6
f 9345/7/6 9334/7/6 9346/7/6
f 9335/7/6 9336/7/6 9347/7/6
f 9346/2/6 9335/2/6 9347/2/6
f 9347/7/6 9336/7/6 9348/7/6
f 9348/7/6 9336/7/6 9349/7/6
f 9338/7/6 9339/7/6 9350/7/6
f 9339/7/6 9340/7/6 9350/7/6
f 9340/5/6 9341/5/6 9350/5/6
f 9341/7/6 9342/7/6 9351/7/6
f 9350/5/6 9341/5/6 9351/5/6
f 9342/4/6 9343/4/6 9352/4/6
f 9351/7/6 9342/7/6 9352/7/6
f 9343/7/6 9344/7/6 9353/7/6
f 9352/4/6 9343/4/6 9353/4/6
f 9344/4/6 9345/4/6 9354/4/6
f 9353/7/6 9344/7/6 9354/7/6
f 9345/7/6 9346/7/6 9355/7/6
f 9354/4/6 9345/4/6 9355/4/6
f 9347/7/6 9348/7/6 9355/7/6
f 9346/7/6 9347/7/6 9355/7/6
f 9355/7/6 9348/7/6 9356/7/6
f 9356/7/6 9348/7/6 9357/7/6
f 9353/7/6 9354/7/6 9358/7/6
f 9352/7/6 9353/7/6 9358/7/6
f 9355/7/6 9356/7/6 9358/7/6
f 9354/7/6 9355/7/6 9358/7/6
f 9351/7/6 9352/7/6 9358/7/6
f 9350/7/6 9351/7/6 9358/7/6
f 9358/7/6 9356/7/6 9359/7/6
f 9350/7/6 9358/7/6 9360/7/6
f 9360/7/6 9358/7/6 9361/7/6
f 9350/7/6 9360/7/6 9362/7/6
f 9362/7/6 9360/7/6 9363/7/6
f 9350/7/6 9362/7/6 9364/7/6
f 9364/7/6 9362/7/6 9365/7/6
f 9350/7/6 9364/7/6 9366/7/6
f 9366/7/6 9364/7/6 9367/7/6
f 9324/7/6 9330/7/6 9369/7/6
f 9338/7/6 9350/7/6 9369/7/6
f 9350/7/6 9366/7/6 9369/7/6
f 9330/7/6 9338/7/6 9369/7/6
f 9369/7/6 9366/7/6 9370/7/6
f 9370/7/6 9366/7/6 9371/7/6
f 9371/7/6 9366/7/6 9372/7/6
f 9372/7/6 9366/7/6 9373/7/6
f 9368/7/6 9369/7/6 9374/7/6
f 9369/7/6 9370/7/6 9374/7/6
f 9370/1/6 9371/1/6 9374/1/6
f 9371/7/6 9372/7/6 9375/7/6
f 9374/1/6 9371/1/6 9375/1/6
f 9375/7/6 9372/7/6 9376/7/6
f 9376/7/6 9372/7/6 9377/7/6
f 9374/7/6 9375/7/6 9378/7/6
f 9375/7/6 9376/7/6 9378/7/6
f 9378/7/6 9376/7/6 9379/7/6
f 9379/7/6 9376/7/6 9380/7/6
f 9380/7/6 9376/7/6 9381/7/6
f 9381/7/6 9376/7/6 9382/7/6
f 9382/7/6 9376/7/6 9383/7/6
f 9374/7/6 9378/7/6 9384/7/6
f 9378/2/6 9379/2/6 9384/2/6
f 9379/7/6 9380/7/6 9385/7/6
f 9384/2/6 9379/2/6 9385/2/6
f 9380/4/6 9381/4/6 9386/4/6
f 9385/7/6 9380/7/6 9386/7/6
f 9381/7/6 9382/7/6 9387/7/6
f 9386/4/6 9381/4/6 9387/4/6
f 9387/7/6 9382/7/6 9388/7/6
f 9388/7/6 9382/7/6 9389/7/6
f 9385/7/6 9386/7/6 9390/7/6
f 9374/7/6 9384/7/6 9390/7/6
f 9387/7/6 9388/7/6 9390/7/6
f 9386/7/6 9387/7/6 9390/7/6
f 9384/7/6 9385/7/6 9390/7/6
f 9390/7/6 9388/7/6 9391/7/6
f 9391/7/6 9388/7/6 9392/7/6
f 9392/7/6 9388/7/6 9393/7/6
f 9374/7/6 9390/7/6 9394/7/6
f 9390/1/6 9391/1/6 9394/1/6
f 9391/7/6 9392/7/6 9395/7/6
f 9394/1/6 9391/1/6 9395/1/6
f 9395/7/6 9392/7/6 9396/7/6
f 9396/7/6 9392/7/6 9397/7/6
f 9368/7/6 9374/7/6 9398/7/6
f 9374/7/6 9394/7/6 9398/7/6
f 9395/7/6 9396/7/6 9398/7/6
f 9394/7/6 9395/7/6 9398/7/6
f 9398/7/6 9396/7/6 9399/7/6
f 9399/7/6 9396/7/6 9400/7/6
f 9400/7/6 9396/7/6 9401/7/6
f 9401/7/6 9396/7/6 9402/7/6
f 9402/7/6 9396/7/6 9403/7/6
f 9368/7/6 9398/7/6 9404/7/6
f 9398/2/6 9399/2/6 9404/2/6
f 9399/7/6 9400/7/6 9405/7/6
f 9404/2/6 9399/2/6 9405/2/6
f 9400/4/6 9401/4/6 9406/4/6
f 9405/7/6 9400/7/6 9406/7/6
f 9401/7/6 9402/7/6 9407/7/6
f 9406/4/6 9401/4/6 9407/4/6
f 9407/7/6 9402/7/6 9408/7/6
f 9408/7/6 9402/7/6 9409/7/6
f 9409/7/6 9402/7/6 9410/7/6
f 9410/7/6 9402/7/6 9411/7/6
f 9405/7/6 9406/7/6 9412/7/6
f 9404/7/6 9405/7/6 9412/7/6
f 9406/7/6 9407/7/6 9412/7/6
f 9408/3/6 9409/3/6 9412/3/6
f 9407/7/6 9408/7/6 9412/7/6
f 9409/7/6 9410/7/6 9413/7/6
f 9412/3/6 9409/3/6 9413/3/6
f 9413/7/6 9410/7/6 9414/7/6
f 9414/7/6 9410/7/6 9415/7/6
f 9404/7/6 9412/7/6 9416/7/6
f 9412/7/6 9413/7/6 9416/7/6
f 9413/7/6 9414/7/6 9416/7/6
f 9416/7/6 9414/7/6 9417/7/6
f 9417/7/6 9414/7/6 9418/7/6
f 9418/7/6 9414/7/6 9419/7/6
f 9368/7/6 9404/7/6 9421/7/6
f 9404/7/6 9416/7/6 9421/7/6
f 9416/2/6 9417/2/6 9422/2/6
f 9421/7/6 9416/7/6 9422/7/6
f 9417/7/6 9418/7/6 9423/7/6
f 9422/2/6 9417/2/6 9423/2/6
f 9423/7/6 9418/7/6 9424/7/6
f 9424/7/6 9418/7/6 9425/7/6
f 9421/7/6 9422/7/6 9426/7/6
f 9420/7/6 9421/7/6 9426/7/6
f 9423/7/6 9424/7/6 9426/7/6
f 9422/7/6 9423/7/6 9426/7/6
f 9426/7/6 9424/7/6 9427/7/6
f 9427/7/6 9424/7/6 9428/7/6
f 9428/7/6 9424/7/6 9429/7/6
f 9420/7/6 9426/7/6 9430/7/6
f 9430/7/6 9426/7/6 9431/7/6
f 9426/4/6 9427/4/6 9432/4/6
f 9431/7/6 9426/7/6 9432/7/6
f 9427/7/6 9428/7/6 9433/7/6
f 9432/4/6 9427/4/6 9433/4/6
f 9433/7/6 9428/7/6 9434/7/6
f 9434/7/6 9428/7/6 9435/7/6
f 9430/2/6 9431/2/6 9436/2/6
f 9420/7/6 9430/7/6 9436/7/6
f 9431/7/6 9432/7/6 9437/7/6
f 9436/2/6 9431/2/6 9437/2/6
f 9433/7/6 9434/7/6 9437/7/6
f 9432/7/6 9433/7/6 9437/7/6
f 9437/7/6 9434/7/6 9438/7/6
f 9438/7/6 9434/7/6 9439/7/6
f 9439/7/6 9434/7/6 9440/7/6
f 9440/7/6 9434/7/6 9441/7/6
f 9441/7/6 9434/7/6 9442/7/6
f 9420/7/6 9436/7/6 9443/7/6
f 9436/7/6 9437/7/6 9443/7/6
f 9437/7/6 9438/7/6 9443/7/6
f 9443/7/6 9438/7/6 9444/7/6
f 9444/7/6 9438/7/6 9445/7/6
f 9445/7/6 9438/7/6 9446/7/6
f 9438/5/6 9439/5/6 9447/5/6
f 9446/7/6 9438/7/6 9447/7/6
f 9439/7/6 9440/7/6 9448/7/6
f 9447/5/6 9439/5/6 9448/5/6
f 9440/3/6 9441/3/6 9449/3/6
f 9448/7/6 9440/7/6 9449/7/6
f 9449/3/6 9441/3/6 9450/3/6
f 9420/7/6 9443/7/6 9451/7/6
f 9443/2/6 9444/2/6 9451/2/6
f 9444/7/6 9445/7/6 9452/7/6
f 9451/2/6 9444/2/6 9452/2/6
f 9445/5/6 9446/5/6 9453/5/6
f 9452/7/6 9445/7/6 9453/7/6
f 9447/7/6 9448/7/6 9454/7/6
f 9453/5/6 9446/5/6 9454/5/6
f 9446/7/6 9447/7/6 9454/7/6
f 9448/7/6 9449/7/6 9454/7/6
f 9449/7/6 9450/7/6 9454/7/6
f 9454/7/6 9450/7/6 9455/7/6
f 9455/7/6 9450/7/6 9456/7/6
f 9452/7/6 9453/7/6 9458/7/6
f 9420/7/6 9451/7/6 9458/7/6
f 9454/7/6 9455/7/6 9458/7/6
f 9453/7/6 9454/7/6 9458/7/6
f 9451/7/6 9452/7/6 9458/7/6
f 9458/7/6 9455/7/6 9459/7/6
f 9459/7/6 9455/7/6 9460/7/6
f 9460/7/6 9455/7/6 9461/7/6
f 9461/7/6 9455/7/6 9462/7/6
f 9457/7/6 9458/7/6 9463/7/6
f 9458/7/6 9459/7/6 9463/7/6
f 9459/2/6 9460/2/6 9463/2/6
f 9460/7/6 9461/7/6 9464/7/6
f 9463/2/6 9460/2/6 9464/2/6
f 9464/7/6 9461/7/6 9465/7/6
f 9465/7/6 9461/7/6 9466/7/6
f 9463/7/6 9464/7/6 9467/7/6
f 9464/7/6 9465/7/6 9467/7/6
f 9467/7/6 9465/7/6 9468/7/6
f 9457/7/6 9463/7/6 9469/7/6
f 9463/7/6 9467/7/6 9469/7/6
f 9469/7/6 9467/7/6 9470/7/6
f 9470/7/6 9467/7/6 9471/7/6
f 9471/7/6 9467/7/6 9472/7/6
f 9470/7/6 9471/7/6 9473/7/6
f 9473/7/6 9471/7/6 9474/7/6
f 9470/7/6 9473/7/6 9475/7/6
f 9475/7/6 9473/7/6 9476/7/6
f 9470/7/6 9475/7/6 9477/7/6
f 9477/7/6 9475/7/6 9478/7/6
f 9478/7/6 9475/7/6 9479/7/6
f 9479/7/6 9475/7/6 9480/7/6
f 9480/7/6 9475/7/6 9481/7/6
f 9481/7/6 9475/7/6 9482/7/6
f 9482/7/6 9475/7/6 9483/7/6
f 9483/7/6 9475/7/6 9484/7/6
f 9470/7/6 9477/7/6 9485/7/6
f 9485/7/6 9477/7/6 9486/7/6
f 9477/1/6 9478/1/6 9487/1/6
f 9486/7/6 9477/7/6 9487/7/6
f 9478/7/6 9479/7/6 9488/7/6
f 9487/1/6 9478/1/6 9488/1/6
f 9479/2/6 9480/2/6 9489/2/6
f 9488/7/6 9479/7/6 9489/7/6
f 9480/7/6 9481/7/6 9490/7/6
f 9489/2/6 9480/2/6 9490/2/6
f 9481/2/6 9482/2/6 9491/2/6
f 9490/7/6 9481/7/6 9491/7/6
f 9482/7/6 9483/7/6 9492/7/6
f 9491/2/6 9482/2/6 9492/2/6
f 9492/7/6 9483/7/6 9493/7/6
f 9493/7/6 9483/7/6 9494/7/6
f 9470/7/6 9485/7/6 9495/7/6
f 9495/7/6 9485/7/6 9496/7/6
f 9485/5/6 9486/5/6 9497/5/6
f 9496/7/6 9485/7/6 9497/7/6
f 9486/7/6 9487/7/6 9498/7/6
f 9497/5/6 9486/5/6 9498/5/6
f 9487/7/6 9488/7/6 9498/7/6
f 9488/7/6 9489/7/6 9498/7/6
f 9492/7/6 9493/7/6 9498/7/6
f 9491/7/6 9492/7/6 9498/7/6
f 9489/7/6 9490/7/6 9498/7/6
f 9490/7/6 9491/7/6 9498/7/6
f 9498/7/6 9493/7/6 9499/7/6
f 9499/7/6 9493/7/6 9500/7/6
f 9496/7/6 9497/7/6 9501/7/6
f 9498/7/6 9499/7/6 9501/7/6
f 9497/7/6 9498/7/6 9501/7/6
f 9501/7/6 9499/7/6 9502/7/6
f 9496/7/6 9501/7/6 9503/7/6
f 9503/7/6 9501/7/6 9504/7/6
f 9496/7/6 9503/7/6 9505/7/6
f 9505/7/6 9503/7/6 9506/7/6
f 9506/7/6 9503/7/6 9507/7/6
f 9507/7/6 9503/7/6 9508/7/6
f 9508/7/6 9503/7/6 9509/7/6
f 9509/7/6 9503/7/6 9510/7/6
f 9506/7/6 9507/7/6 9511/7/6
f 9507/5/6 9508/5/6 9511/5/6
f 9508/7/6 9509/7/6 9512/7/6
f 9511/5/6 9508/5/6 9512/5/6
f 9512/7/6 9509/7/6 9513/7/6
f 9506/7/6 9511/7/6 9514/7/6
f 9511/7/6 9512/7/6 9514/7/6
f 9514/7/6 9512/7/6 9515/7/6
f 9515/7/6 9512/7/6 9516/7/6
f 9516/7/6 9512/7/6 9517/7/6
f 9506/7/6 9514/7/6 9518/7/6
f 9518/7/6 9514/7/6 9519/7/6
f 9514/5/6 9515/5/6 9520/5/6
f 9519/7/6 9514/7/6 9520/7/6
f 9515/7/6 9516/7/6 9521/7/6
f 9520/5/6 9515/5/6 9521/5/6
f 9521/7/6 9516/7/6 9522/7/6
f 9522/7/6 9516/7/6 9523/7/6
f 9518/4/6 9519/4/6 9524/4/6
f 9506/7/6 9518/7/6 9524/7/6
f 9519/7/6 9520/7/6 9525/7/6
f 9524/4/6 9519/4/6 9525/4/6
f 9521/7/6 9522/7/6 9525/7/6
f 9520/7/6 9521/7/6 9525/7/6
f 9525/7/6 9522/7/6 9526/7/6
f 9526/7/6 9522/7/6 9527/7/6
f 9527/7/6 9522/7/6 9528/7/6
f 9528/7/6 9522/7/6 9529/7/6
f 9524/7/6 9525/7/6 9530/7/6
f 9525/7/6 9526/7/6 9530/7/6
f 9526/1/6 9527/1/6 9530/1/6
f 9527/7/6 9528/7/6 9531/7/6
f 9530/1/6 9527/1/6 9531/1/6
f 9531/7/6 9528/7/6 9532/7/6
f 9532/7/6 9528/7/6 9533/7/6
f 9533/7/6 9528/7/6 9534/7/6
f 9534/7/6 9528/7/6 9535/7/6
f 9530/7/6 9531/7/6 9536/7/6
f 9531/7/6 9532/7/6 9536/7/6
f 9532/3/6 9533/3/6 9536/3/6
f 9533/7/6 9534/7/6 9537/7/6
f 9536/3/6 9533/3/6 9537/3/6
f 9537/7/6 9534/7/6 9538/7/6
f 9538/7/6 9534/7/6 9539/7/6
f 9539/7/6 9534/7/6 9540/7/6
f 9540/7/6 9534/7/6 9541/7/6
f 9536/7/6 9537/7/6 9542/7/6
f 9537/7/6 9538/7/6 9542/7/6
f 9538/1/6 9539/1/6 9542/1/6
f 9539/7/6 9540/7/6 9543/7/6
f 9542/1/6 9539/1/6 9543/1/6
f 9543/7/6 9540/7/6 9544/7/6
f 9544/7/6 9540/7/6 9545/7/6
f 9545/7/6 9540/7/6 9546/7/6
f 9546/7/6 9540/7/6 9547/7/6
f 9506/7/6 9524/7/6 9548/7/6
f 9524/7/6 9530/7/6 9548/7/6
f 9530/7/6 9536/7/6 9548/7/6
f 9536/7/6 9542/7/6 9548/7/6
f 9543/7/6 9544/7/6 9548/7/6
f 9542/7/6 9543/7/6 9548/7/6
f 9548/7/6 9544/7/6 9549/7/6
f 9544/1/6 9545/1/6 9550/1/6
f 9549/7/6 9544/7/6 9550/7/6
f 9545/7/6 9546/7/6 9551/7/6
f 9550/1/6 9545/1/6 9551/1/6
f 9551/7/6 9546/7/6 9552/7/6
f 9552/7/6 9546/7/6 9553/7/6
f 9549/7/6 9550/7/6 9554/7/6
f 9551/7/6 9552/7/6 9554/7/6
f 9550/7/6 9551/7/6 9554/7/6
f 9554/7/6 9552/7/6 9555/7/6
f 9555/7/6 9552/7/6 9556/7/6
f 9556/7/6 9552/7/6 9557/7/6
f 9549/7/6 9554/7/6 9558/7/6
f 9558/7/6 9554/7/6 9559/7/6
f 9559/7/6 9554/7/6 9560/7/6
f 9560/7/6 9554/7/6 9561/7/6
f 9554/2/6 9555/2/6 9562/2/6
f 9561/7/6 9554/7/6 9562/7/6
f 9555/7/6 9556/7/6 9563/7/6
f 9562/2/6 9555/2/6 9563/2/6
f 9563/7/6 9556/7/6 9564/7/6
f 9564/7/6 9556/7/6 9565/7/6
f 9559/7/6 9560/7/6 9566/7/6
f 9566/7/6 9560/7/6 9567/7/6
f 9560/2/6 9561/2/6 9568/2/6
f 9567/7/6 9560/7/6 9568/7/6
f 9561/7/6 9562/7/6 9569/7/6
f 9568/2/6 9561/2/6 9569/2/6
f 9563/7/6 9564/7/6 9569/7/6
f 9562/7/6 9563/7/6 9569/7/6
f 9569/7/6 9564/7/6 9570/7/6
f 9570/7/6 9564/7/6 9571/7/6
f 9567/7/6 9568/7/6 9572/7/6
f 9569/7/6 9570/7/6 9572/7/6
f 9568/7/6 9569/7/6 9572/7/6
f 9572/7/6 9570/7/6 9573/7/6
f 9573/7/6 9570/7/6 9574/7/6
f 9574/7/6 9570/7/6 9575/7/6
f 9575/7/6 9570/7/6 9576/7/6
f 9576/7/6 9570/7/6 9577/7/6
f 9573/7/6 9574/7/6 9578/7/6
f 9578/7/6 9574/7/6 9579/7/6
f 9574/1/6 9575/1/6 9580/1/6
f 9579/7/6 9574/7/6 9580/7/6
f 9575/7/6 9576/7/6 9581/7/6
f 9580/1/6 9575/1/6 9581/1/6
f 9581/7/6 9576/7/6 9582/7/6
f 9582/7/6 9576/7/6 9583/7/6
f 9583/7/6 9576/7/6 9584/7/6
f 9584/7/6 9576/7/6 9585/7/6
f 9579/7/6 9580/7/6 9586/7/6
f 9580/7/6 9581/7/6 9586/7/6
f 9581/7/6 9582/7/6 9586/7/6
f 9586/7/6 9582/7/6 9587/7/6
f 9582/1/6 9583/1/6 9588/1/6
f 9587/7/6 9582/7/6 9588/7/6
f 9583/7/6 9584/7/6 9589/7/6
f 9588/1/6 9583/1/6 9589/1/6
f 9589/7/6 9584/7/6 9590/7/6
f 9590/7/6 9584/7/6 9591/7/6
f 9587/7/6 9588/7/6 9592/7/6
f 9589/7/6 9590/7/6 9592/7/6
f 9588/7/6 9589/7/6 9592/7/6
f 9592/7/6 9590/7/6 9593/7/6
f 9593/7/6 9590/7/6 9594/7/6
f 9594/7/6 9590/7/6 9595/7/6
f 9593/7/6 9594/7/6 9596/7/6
f 9596/7/6 9594/7/6 9597/7/6
f 9597/7/6 9594/7/6 9598/7/6
f 9598/7/6 9594/7/6 9599/7/6
f 9599/7/6 9594/7/6 9600/7/6
f 9600/7/6 9594/7/6 9601/7/6
f 9597/7/6 9598/7/6 9602/7/6
f 9602/7/6 9598/7/6 9603/7/6
f 9598/6/6 9599/6/6 9604/6/6
f 9603/7/6 9598/7/6 9604/7/6
f 9599/7/6 9600/7/6 9605/7/6
f 9604/6/6 9599/6/6 9605/6/6
f 9605/7/6 9600/7/6 9606/7/6
f 9606/7/6 9600/7/6 9607/7/6
f 9603/7/6 9604/7/6 9608/7/6
f 9605/7/6 9606/7/6 9608/7/6
f 9604/7/6 9605/7/6 9608/7/6
f 9608/7/6 9606/7/6 9609/7/6
