# MagicaVoxel @ Ephtracy

# group
o 

# material
mtllib 2.mtl
usemtl palette

# normals
vn -1 0 0
vn 1 0 0
vn 0 0 1
vn 0 0 -1
vn 0 -1 0
vn 0 1 0

# texcoords
vt 0.662109 0.5
vt 0.669922 0.5
vt 0.677734 0.5
vt 0.724609 0.5
vt 0.732422 0.5
vt 0.740234 0.5
vt 0.818359 0.5

# verts
v -12.8 0 12.8
v -12.8 0 -12.8
v -12.8 0.3 12.8
v -12.8 0.3 12.6
v -12.8 0.4 12.6
v -12.8 0.4 2.9
v -12.8 0.4 -5.4
v -12.8 0.4 -5.5
v -12.8 0.4 -10.3
v -12.8 0.4 -10.4
v -12.8 0.5 2.9
v -12.8 0.5 -5.4
v -12.8 0.5 -5.5
v -12.8 0.5 -10.3
v -12.8 0.5 -10.4
v -12.8 0.5 -12.8
v -9.2 0.3 12.8
v -9.2 0.3 12.7
v -9.2 0.4 12.8
v -9.2 0.4 12.7
v -7.9 0.2 12.8
v -7.9 0.2 12.7
v -7.9 0.3 12.8
v -7.9 0.3 12.7
v -2.3 0.1 -12.6
v -2.3 0.1 -12.8
v -2.3 0.2 -12.6
v -2.3 0.2 -12.8
v -2.2 0.1 -11.5
v -2.2 0.1 -12.6
v -2.2 0.2 -11.5
v -2.2 0.2 -12.6
v -2.1 0.1 -10.6
v -2.1 0.1 -11.5
v -2.1 0.2 -10.6
v -2.1 0.2 -11.5
v -2 0.1 -9
v -2 0.1 -9.5
v -2 0.1 -9.6
v -2 0.1 -10.6
v -2 0.2 -9
v -2 0.2 -9.5
v -2 0.2 -9.6
v -2 0.2 -10.6
v -1.9 0.1 -8.5
v -1.9 0.1 -8.6
v -1.9 0.1 -9
v -1.9 0.2 -8.5
v -1.9 0.2 -9
v -1.8 0.1 -7.9
v -1.8 0.1 -8.5
v -1.8 0.2 -7.9
v -1.8 0.2 -8.5
v -1.7 0.1 -7.4
v -1.7 0.1 -7.9
v -1.7 0.2 -7.4
v -1.7 0.2 -7.9
v -1.6 0.1 -7.1
v -1.6 0.1 -7.4
v -1.6 0.2 -7.1
v -1.6 0.2 -7.4
v -1.6 0.2 -12.4
v -1.6 0.2 -12.8
v -1.6 0.3 -12.4
v -1.6 0.3 -12.8
v -1.5 0.1 -6.1
v -1.5 0.1 -7.1
v -1.5 0.2 -6.1
v -1.5 0.2 -7.1
v -1.5 0.2 -12.1
v -1.5 0.2 -12.4
v -1.5 0.3 -12.1
v -1.5 0.3 -12.4
v -1.4 0.1 -0.7
v -1.4 0.1 -1.1
v -1.4 0.1 -1.2
v -1.4 0.1 -2.4
v -1.4 0.1 -5.3
v -1.4 0.1 -6.1
v -1.4 0.2 -0.7
v -1.4 0.2 -1.1
v -1.4 0.2 -1.2
v -1.4 0.2 -2.4
v -1.4 0.2 -5.3
v -1.4 0.2 -6.1
v -1.4 0.2 -11.6
v -1.4 0.2 -12.1
v -1.4 0.3 -11.6
v -1.4 0.3 -12.1
v -1.3 0.1 0.1
v -1.3 0.1 -0.7
v -1.3 0.1 -2.4
v -1.3 0.1 -3.1
v -1.3 0.1 -4.5
v -1.3 0.1 -5.3
v -1.3 0.2 0.1
v -1.3 0.2 -0.7
v -1.3 0.2 -2.4
v -1.3 0.2 -3.1
v -1.3 0.2 -4.5
v -1.3 0.2 -5.3
v -1.3 0.2 -11.2
v -1.3 0.2 -11.6
v -1.3 0.3 -11.2
v -1.3 0.3 -11.6
v -1.2 0.1 0.700001
v -1.2 0.1 0.1
v -1.2 0.1 -3.1
v -1.2 0.1 -4.5
v -1.2 0.2 0.700001
v -1.2 0.2 0.1
v -1.2 0.2 -3.1
v -1.2 0.2 -4.5
v -1.2 0.2 -11
v -1.2 0.2 -11.2
v -1.2 0.3 -11
v -1.2 0.3 -11.2
v -1.1 0.1 1.1
v -1.1 0.1 0.700001
v -1.1 0.2 1.1
v -1.1 0.2 0.700001
v -1.1 0.2 -10.6
v -1.1 0.2 -11
v -1.1 0.3 -10.6
v -1.1 0.3 -11
v -1 0.1 1.4
v -1 0.1 1.1
v -1 0.2 1.4
v -1 0.2 1.1
v -1 0.2 -9
v -1 0.2 -10.6
v -1 0.3 -9
v -1 0.3 -10.6
v -0.900001 0.1 1.6
v -0.900001 0.1 1.4
v -0.900001 0.2 1.6
v -0.900001 0.2 1.4
v -0.900001 0.2 -8.4
v -0.900001 0.2 -9
v -0.900001 0.3 -8.4
v -0.900001 0.3 -9
v -0.8 0.1 1.8
v -0.8 0.1 1.6
v -0.8 0.2 1.8
v -0.8 0.2 1.6
v -0.8 0.2 -7.9
v -0.8 0.2 -8.4
v -0.8 0.3 -7.9
v -0.8 0.3 -8.4
v -0.700001 0.1 1.9
v -0.700001 0.1 1.8
v -0.700001 0.2 1.9
v -0.700001 0.2 1.8
v -0.700001 0.2 -7.4
v -0.700001 0.2 -7.9
v -0.700001 0.3 -7.4
v -0.700001 0.3 -7.9
v -0.6 0.1 2
v -0.6 0.1 1.9
v -0.6 0.2 2
v -0.6 0.2 1.9
v -0.6 0.2 -7.2
v -0.6 0.2 -7.4
v -0.6 0.3 -7.2
v -0.6 0.3 -7.4
v -0.5 0.1 2.2
v -0.5 0.1 2
v -0.5 0.2 2.2
v -0.5 0.2 2
v -0.5 0.2 -6.8
v -0.5 0.2 -7.2
v -0.5 0.3 -6.8
v -0.5 0.3 -7.2
v -0.400001 0.1 2.3
v -0.400001 0.1 2.2
v -0.400001 0.2 2.3
v -0.400001 0.2 2.2
v -0.400001 0.2 -6.3
v -0.400001 0.2 -6.8
v -0.400001 0.3 -6.3
v -0.400001 0.3 -6.8
v -0.3 0.1 2.4
v -0.3 0.1 2.3
v -0.3 0.2 2.4
v -0.3 0.2 2.3
v -0.3 0.2 -5.9
v -0.3 0.2 -6.3
v -0.3 0.3 -5.9
v -0.3 0.3 -6.3
v -0.200001 0.1 2.6
v -0.200001 0.1 2.4
v -0.200001 0.2 2.6
v -0.200001 0.2 2.4
v -0.200001 0.2 -5.6
v -0.200001 0.2 -5.9
v -0.200001 0.3 -5.6
v -0.200001 0.3 -5.9
v -0.200001 0.3 -11.7
v -0.200001 0.3 -12.1
v -0.200001 0.4 -11.7
v -0.200001 0.4 -12.1
v -0.1 0.1 2.8
v -0.1 0.1 2.6
v -0.1 0.2 2.8
v -0.1 0.2 2.6
v -0.1 0.2 -5.3
v -0.1 0.2 -5.4
v -0.1 0.2 -5.6
v -0.1 0.3 -5.3
v -0.1 0.3 -5.4
v -0.1 0.3 -5.6
v -0.1 0.3 -10.8
v -0.1 0.3 -11.7
v -0.1 0.3 -12.1
v -0.1 0.3 -12.8
v -0.1 0.4 -10.8
v -0.1 0.4 -11.7
v -0.1 0.4 -12.1
v -0.1 0.4 -12.8
v 0 0.1 3
v 0 0.1 2.9
v 0 0.1 2.8
v 0 0.2 3
v 0 0.2 2.8
v 0 0.2 -4.5
v 0 0.2 -5.3
v 0 0.3 -4.5
v 0 0.3 -5.3
v 0 0.3 -10
v 0 0.3 -10.8
v 0 0.4 -10
v 0 0.4 -10.8
v 0.0999994 0.1 3.1
v 0.0999994 0.1 3
v 0.0999994 0.2 3.1
v 0.0999994 0.2 3
v 0.0999994 0.2 -3.9
v 0.0999994 0.2 -4.5
v 0.0999994 0.3 -3.9
v 0.0999994 0.3 -4.5
v 0.0999994 0.3 -9.4
v 0.0999994 0.3 -10
v 0.0999994 0.4 -9.4
v 0.0999994 0.4 -10
v 0.2 0.1 3.2
v 0.2 0.1 3.1
v 0.2 0.2 3.2
v 0.2 0.2 3.1
v 0.2 0.2 -2.3
v 0.2 0.2 -3.9
v 0.2 0.3 -2.3
v 0.2 0.3 -3.9
v 0.2 0.3 -9.1
v 0.2 0.3 -9.4
v 0.2 0.4 -9.1
v 0.2 0.4 -9.4
v 0.299999 0.1 3.3
v 0.299999 0.1 3.2
v 0.299999 0.2 3.3
v 0.299999 0.2 3.2
v 0.299999 0.2 -2
v 0.299999 0.2 -2.3
v 0.299999 0.3 -2
v 0.299999 0.3 -2.3
v 0.299999 0.3 -8.8
v 0.299999 0.3 -9.1
v 0.299999 0.4 -8.8
v 0.299999 0.4 -9.1
v 0.4 0.1 3.4
v 0.4 0.1 3.3
v 0.4 0.2 3.4
v 0.4 0.2 3.3
v 0.4 0.2 -1.4
v 0.4 0.2 -2
v 0.4 0.3 -1.4
v 0.4 0.3 -2
v 0.4 0.3 -8.3
v 0.4 0.3 -8.8
v 0.4 0.4 -8.3
v 0.4 0.4 -8.8
v 0.5 0.1 3.6
v 0.5 0.1 3.4
v 0.5 0.2 3.6
v 0.5 0.2 3.4
v 0.5 0.2 -1
v 0.5 0.2 -1.4
v 0.5 0.3 -1
v 0.5 0.3 -1.4
v 0.5 0.3 -7.8
v 0.5 0.3 -8.3
v 0.5 0.4 -7.8
v 0.5 0.4 -8.3
v 0.599999 0.1 3.8
v 0.599999 0.1 3.6
v 0.599999 0.2 3.8
v 0.599999 0.2 3.6
v 0.599999 0.2 -0.799999
v 0.599999 0.2 -1
v 0.599999 0.3 -0.799999
v 0.599999 0.3 -1
v 0.599999 0.3 -7.4
v 0.599999 0.3 -7.8
v 0.599999 0.4 -7.4
v 0.599999 0.4 -7.8
v 0.7 0.1 3.9
v 0.7 0.1 3.8
v 0.7 0.2 3.9
v 0.7 0.2 3.8
v 0.7 0.2 -0.599999
v 0.7 0.2 -0.799999
v 0.7 0.3 -0.599999
v 0.7 0.3 -0.799999
v 0.7 0.3 -7.2
v 0.7 0.3 -7.4
v 0.7 0.4 -7.2
v 0.7 0.4 -7.4
v 0.799999 0.1 4
v 0.799999 0.1 3.9
v 0.799999 0.2 4
v 0.799999 0.2 3.9
v 0.799999 0.2 0
v 0.799999 0.2 -0.599999
v 0.799999 0.3 0
v 0.799999 0.3 -0.599999
v 0.799999 0.3 -6.7
v 0.799999 0.3 -7.2
v 0.799999 0.4 -6.7
v 0.799999 0.4 -7.2
v 0.9 0.1 4.2
v 0.9 0.1 4
v 0.9 0.2 4.2
v 0.9 0.2 4
v 0.9 0.2 0.3
v 0.9 0.2 0.200001
v 0.9 0.2 0.1
v 0.9 0.2 0
v 0.9 0.3 0.3
v 0.9 0.3 0.200001
v 0.9 0.3 0.1
v 0.9 0.3 0
v 0.9 0.3 -5.2
v 0.9 0.3 -6.7
v 0.9 0.4 -5.2
v 0.9 0.4 -6.7
v 1 0.1 4.3
v 1 0.1 4.2
v 1 0.2 4.3
v 1 0.2 4.2
v 1 0.2 1.1
v 1 0.2 0.3
v 1 0.3 1.1
v 1 0.3 0.3
v 1 0.3 -4.4
v 1 0.3 -5.2
v 1 0.4 -4.4
v 1 0.4 -5.2
v 1.1 0.1 4.5
v 1.1 0.1 4.3
v 1.1 0.2 4.5
v 1.1 0.2 4.3
v 1.1 0.2 1.4
v 1.1 0.2 1.1
v 1.1 0.3 1.4
v 1.1 0.3 1.1
v 1.1 0.3 -4
v 1.1 0.3 -4.4
v 1.1 0.4 -4
v 1.1 0.4 -4.4
v 1.2 0.1 4.6
v 1.2 0.1 4.5
v 1.2 0.2 4.6
v 1.2 0.2 4.5
v 1.2 0.2 1.7
v 1.2 0.2 1.4
v 1.2 0.3 1.7
v 1.2 0.3 1.4
v 1.2 0.3 -3.1
v 1.2 0.3 -4
v 1.2 0.4 -3.1
v 1.2 0.4 -4
v 1.3 0.1 4.7
v 1.3 0.1 4.6
v 1.3 0.2 4.7
v 1.3 0.2 4.6
v 1.3 0.2 2
v 1.3 0.2 1.7
v 1.3 0.3 2
v 1.3 0.3 1.7
v 1.3 0.3 -2.8
v 1.3 0.3 -3.1
v 1.3 0.4 -2.8
v 1.3 0.4 -3.1
v 1.4 0.1 4.8
v 1.4 0.1 4.7
v 1.4 0.2 4.8
v 1.4 0.2 4.7
v 1.4 0.2 2.1
v 1.4 0.2 2
v 1.4 0.3 2.1
v 1.4 0.3 2
v 1.4 0.3 -2.4
v 1.4 0.3 -2.8
v 1.4 0.4 -2.4
v 1.4 0.4 -2.8
v 1.5 0.1 4.9
v 1.5 0.1 4.8
v 1.5 0.2 4.9
v 1.5 0.2 4.8
v 1.5 0.2 2.4
v 1.5 0.2 2.1
v 1.5 0.3 2.4
v 1.5 0.3 2.1
v 1.5 0.3 -2
v 1.5 0.3 -2.4
v 1.5 0.4 -2
v 1.5 0.4 -2.4
v 1.6 0.1 5.1
v 1.6 0.1 4.9
v 1.6 0.2 5.1
v 1.6 0.2 4.9
v 1.6 0.2 2.5
v 1.6 0.2 2.4
v 1.6 0.3 2.5
v 1.6 0.3 2.4
v 1.6 0.3 -1.6
v 1.6 0.3 -2
v 1.6 0.4 -1.6
v 1.6 0.4 -2
v 1.7 0.1 5.3
v 1.7 0.1 5.1
v 1.7 0.2 5.3
v 1.7 0.2 5.1
v 1.7 0.2 2.7
v 1.7 0.2 2.5
v 1.7 0.3 2.7
v 1.7 0.3 2.5
v 1.7 0.3 -1.2
v 1.7 0.3 -1.6
v 1.7 0.4 -1.2
v 1.7 0.4 -1.6
v 1.8 0.1 6.2
v 1.8 0.1 5.3
v 1.8 0.2 6.2
v 1.8 0.2 5.3
v 1.8 0.2 2.8
v 1.8 0.2 2.7
v 1.8 0.3 2.8
v 1.8 0.3 2.7
v 1.8 0.3 -0.9
v 1.8 0.3 -1.2
v 1.8 0.4 -0.9
v 1.8 0.4 -1.2
v 1.8 0.4 -12.3
v 1.8 0.4 -12.8
v 1.8 0.5 -12.3
v 1.8 0.5 -12.8
v 1.9 0.1 6.4
v 1.9 0.1 6.2
v 1.9 0.2 6.4
v 1.9 0.2 6.2
v 1.9 0.2 2.9
v 1.9 0.2 2.8
v 1.9 0.3 2.9
v 1.9 0.3 2.8
v 1.9 0.3 -0.7
v 1.9 0.3 -0.9
v 1.9 0.4 -0.7
v 1.9 0.4 -0.9
v 1.9 0.4 -11.4
v 1.9 0.4 -12.3
v 1.9 0.5 -11.4
v 1.9 0.5 -12.3
v 2 0.1 6.6
v 2 0.1 6.4
v 2 0.2 6.6
v 2 0.2 6.4
v 2 0.2 3.1
v 2 0.2 2.9
v 2 0.3 3.1
v 2 0.3 2.9
v 2 0.3 -0.2
v 2 0.3 -0.7
v 2 0.4 -0.2
v 2 0.4 -0.7
v 2 0.4 -10.9
v 2 0.4 -11.4
v 2 0.5 -10.9
v 2 0.5 -11.4
v 2.1 0.1 6.8
v 2.1 0.1 6.6
v 2.1 0.2 6.8
v 2.1 0.2 6.6
v 2.1 0.2 3.3
v 2.1 0.2 3.2
v 2.1 0.2 3.1
v 2.1 0.3 3.3
v 2.1 0.3 3.1
v 2.1 0.3 0.3
v 2.1 0.3 -0.2
v 2.1 0.4 0.3
v 2.1 0.4 -0.2
v 2.1 0.4 -10.5
v 2.1 0.4 -10.9
v 2.1 0.5 -10.5
v 2.1 0.5 -10.9
v 2.2 0.1 7
v 2.2 0.1 6.8
v 2.2 0.2 7
v 2.2 0.2 6.8
v 2.2 0.2 3.5
v 2.2 0.2 3.3
v 2.2 0.3 3.5
v 2.2 0.3 3.3
v 2.2 0.3 0.5
v 2.2 0.3 0.3
v 2.2 0.4 0.5
v 2.2 0.4 0.3
v 2.2 0.4 -9.9
v 2.2 0.4 -10.5
v 2.2 0.5 -9.9
v 2.2 0.5 -10.5
v 2.3 0.1 7.2
v 2.3 0.1 7
v 2.3 0.2 7.2
v 2.3 0.2 7
v 2.3 0.2 3.7
v 2.3 0.2 3.5
v 2.3 0.3 3.7
v 2.3 0.3 3.5
v 2.3 0.3 0.700001
v 2.3 0.3 0.5
v 2.3 0.4 0.700001
v 2.3 0.4 0.5
v 2.3 0.4 -9.2
v 2.3 0.4 -9.9
v 2.3 0.5 -9.2
v 2.3 0.5 -9.9
v 2.4 0.1 7.4
v 2.4 0.1 7.2
v 2.4 0.2 7.4
v 2.4 0.2 7.2
v 2.4 0.2 3.9
v 2.4 0.2 3.7
v 2.4 0.3 3.9
v 2.4 0.3 3.7
v 2.4 0.3 1
v 2.4 0.3 0.700001
v 2.4 0.4 1
v 2.4 0.4 0.700001
v 2.4 0.4 -8.8
v 2.4 0.4 -9.2
v 2.4 0.5 -8.8
v 2.4 0.5 -9.2
v 2.5 0.1 7.6
v 2.5 0.1 7.4
v 2.5 0.2 7.6
v 2.5 0.2 7.4
v 2.5 0.2 4.1
v 2.5 0.2 3.9
v 2.5 0.3 4.1
v 2.5 0.3 3.9
v 2.5 0.3 1.3
v 2.5 0.3 1
v 2.5 0.4 1.3
v 2.5 0.4 1
v 2.5 0.4 -8.6
v 2.5 0.4 -8.8
v 2.5 0.5 -8.6
v 2.5 0.5 -8.8
v 2.6 0.1 7.7
v 2.6 0.1 7.6
v 2.6 0.2 7.7
v 2.6 0.2 7.6
v 2.6 0.2 4.3
v 2.6 0.2 4.1
v 2.6 0.3 4.3
v 2.6 0.3 4.1
v 2.6 0.3 1.5
v 2.6 0.3 1.3
v 2.6 0.4 1.5
v 2.6 0.4 1.3
v 2.6 0.4 -8.3
v 2.6 0.4 -8.6
v 2.6 0.5 -8.3
v 2.6 0.5 -8.6
v 2.7 0.1 7.9
v 2.7 0.1 7.7
v 2.7 0.2 7.9
v 2.7 0.2 7.7
v 2.7 0.2 4.6
v 2.7 0.2 4.3
v 2.7 0.3 4.6
v 2.7 0.3 4.3
v 2.7 0.3 1.7
v 2.7 0.3 1.5
v 2.7 0.4 1.7
v 2.7 0.4 1.5
v 2.7 0.4 -8
v 2.7 0.4 -8.3
v 2.7 0.5 -8
v 2.7 0.5 -8.3
v 2.8 0.1 8
v 2.8 0.1 7.9
v 2.8 0.2 8
v 2.8 0.2 7.9
v 2.8 0.2 4.8
v 2.8 0.2 4.6
v 2.8 0.3 4.8
v 2.8 0.3 4.6
v 2.8 0.3 1.9
v 2.8 0.3 1.7
v 2.8 0.4 1.9
v 2.8 0.4 1.7
v 2.8 0.4 -7.4
v 2.8 0.4 -8
v 2.8 0.5 -7.4
v 2.8 0.5 -8
v 2.9 0.1 8.1
v 2.9 0.1 8
v 2.9 0.2 8.1
v 2.9 0.2 8
v 2.9 0.2 5.2
v 2.9 0.2 4.8
v 2.9 0.3 5.2
v 2.9 0.3 4.8
v 2.9 0.3 2.1
v 2.9 0.3 1.9
v 2.9 0.4 2.1
v 2.9 0.4 1.9
v 2.9 0.4 -6.2
v 2.9 0.4 -7.4
v 2.9 0.5 -6.2
v 2.9 0.5 -7.4
v 3 0.1 8.3
v 3 0.1 8.1
v 3 0.2 8.3
v 3 0.2 8.1
v 3 0.2 5.4
v 3 0.2 5.2
v 3 0.3 5.4
v 3 0.3 5.2
v 3 0.3 2.3
v 3 0.3 2.1
v 3 0.4 2.3
v 3 0.4 2.1
v 3 0.4 -5.7
v 3 0.4 -6.2
v 3 0.5 -5.7
v 3 0.5 -6.2
v 3.1 0.1 8.4
v 3.1 0.1 8.3
v 3.1 0.2 8.4
v 3.1 0.2 8.3
v 3.1 0.2 5.6
v 3.1 0.2 5.4
v 3.1 0.3 5.6
v 3.1 0.3 5.4
v 3.1 0.3 2.4
v 3.1 0.3 2.3
v 3.1 0.4 2.4
v 3.1 0.4 2.3
v 3.1 0.4 -5.1
v 3.1 0.4 -5.7
v 3.1 0.5 -5.1
v 3.1 0.5 -5.7
v 3.2 0.1 8.5
v 3.2 0.1 8.4
v 3.2 0.2 8.5
v 3.2 0.2 8.4
v 3.2 0.2 5.7
v 3.2 0.2 5.6
v 3.2 0.3 5.7
v 3.2 0.3 5.6
v 3.2 0.3 2.6
v 3.2 0.3 2.4
v 3.2 0.4 2.6
v 3.2 0.4 2.4
v 3.2 0.4 -4.7
v 3.2 0.4 -5.1
v 3.2 0.5 -4.7
v 3.2 0.5 -5.1
v 3.2 0.5 -9
v 3.2 0.5 -10.8
v 3.2 0.6 -9
v 3.2 0.6 -10.8
v 3.3 0.1 8.6
v 3.3 0.1 8.5
v 3.3 0.2 8.6
v 3.3 0.2 8.5
v 3.3 0.2 5.8
v 3.3 0.2 5.7
v 3.3 0.3 5.8
v 3.3 0.3 5.7
v 3.3 0.3 2.7
v 3.3 0.3 2.6
v 3.3 0.4 2.7
v 3.3 0.4 2.6
v 3.3 0.4 -4.3
v 3.3 0.4 -4.7
v 3.3 0.5 -4.3
v 3.3 0.5 -4.7
v 3.3 0.5 -8.6
v 3.3 0.5 -9
v 3.3 0.5 -10.8
v 3.3 0.5 -11.4
v 3.3 0.6 -8.6
v 3.3 0.6 -9
v 3.3 0.6 -10.8
v 3.3 0.6 -11.4
v 3.4 0.1 8.7
v 3.4 0.1 8.6
v 3.4 0.2 8.7
v 3.4 0.2 8.6
v 3.4 0.2 6
v 3.4 0.2 5.8
v 3.4 0.3 6
v 3.4 0.3 5.8
v 3.4 0.3 2.8
v 3.4 0.3 2.7
v 3.4 0.4 2.8
v 3.4 0.4 2.7
v 3.4 0.4 -4
v 3.4 0.4 -4.3
v 3.4 0.5 -4
v 3.4 0.5 -4.3
v 3.4 0.5 -8.4
v 3.4 0.5 -8.6
v 3.4 0.5 -11.4
v 3.4 0.5 -11.7
v 3.4 0.6 -8.4
v 3.4 0.6 -8.6
v 3.4 0.6 -11.4
v 3.4 0.6 -11.7
v 3.5 0.2 6.2
v 3.5 0.2 6
v 3.5 0.3 6.2
v 3.5 0.3 6
v 3.5 0.3 2.9
v 3.5 0.3 2.8
v 3.5 0.4 2.9
v 3.5 0.4 2.8
v 3.5 0.4 -3.6
v 3.5 0.4 -4
v 3.5 0.5 -3.6
v 3.5 0.5 -4
v 3.5 0.5 -8.1
v 3.5 0.5 -8.4
v 3.5 0.5 -11.7
v 3.5 0.5 -12
v 3.5 0.6 -8.1
v 3.5 0.6 -8.4
v 3.5 0.6 -11.7
v 3.5 0.6 -12
v 3.6 0.1 8.8
v 3.6 0.1 8.7
v 3.6 0.2 8.8
v 3.6 0.2 8.7
v 3.6 0.2 6.4
v 3.6 0.2 6.2
v 3.6 0.3 6.4
v 3.6 0.3 6.2
v 3.6 0.3 3
v 3.6 0.3 2.9
v 3.6 0.4 3
v 3.6 0.4 2.9
v 3.6 0.4 -3.4
v 3.6 0.4 -3.5
v 3.6 0.4 -3.6
v 3.6 0.5 -3.4
v 3.6 0.5 -3.6
v 3.6 0.5 -7.7
v 3.6 0.5 -8.1
v 3.6 0.5 -12
v 3.6 0.5 -12.4
v 3.6 0.6 -7.7
v 3.6 0.6 -8.1
v 3.6 0.6 -12
v 3.6 0.6 -12.4
v 3.7 0.1 8.9
v 3.7 0.1 8.8
v 3.7 0.2 8.9
v 3.7 0.2 8.8
v 3.7 0.2 6.5
v 3.7 0.2 6.4
v 3.7 0.3 6.5
v 3.7 0.3 6.4
v 3.7 0.3 3.2
v 3.7 0.3 3
v 3.7 0.4 3.2
v 3.7 0.4 3
v 3.7 0.4 -3.1
v 3.7 0.4 -3.4
v 3.7 0.5 -3.1
v 3.7 0.5 -3.4
v 3.7 0.5 -7.4
v 3.7 0.5 -7.7
v 3.7 0.5 -12.4
v 3.7 0.5 -12.5
v 3.7 0.5 -12.8
v 3.7 0.6 -7.4
v 3.7 0.6 -7.7
v 3.7 0.6 -12.4
v 3.7 0.6 -12.8
v 3.8 0.1 9
v 3.8 0.1 8.9
v 3.8 0.2 9
v 3.8 0.2 8.9
v 3.8 0.2 6.6
v 3.8 0.2 6.5
v 3.8 0.3 6.6
v 3.8 0.3 6.5
v 3.8 0.3 3.3
v 3.8 0.3 3.2
v 3.8 0.4 3.3
v 3.8 0.4 3.2
v 3.8 0.4 -2.8
v 3.8 0.4 -3.1
v 3.8 0.5 -2.8
v 3.8 0.5 -3.1
v 3.8 0.5 -7.2
v 3.8 0.5 -7.4
v 3.8 0.6 -7.2
v 3.8 0.6 -7.4
v 3.9 0.2 6.7
v 3.9 0.2 6.6
v 3.9 0.3 6.7
v 3.9 0.3 6.6
v 3.9 0.3 3.4
v 3.9 0.3 3.3
v 3.9 0.4 3.4
v 3.9 0.4 3.3
v 3.9 0.4 -2.5
v 3.9 0.4 -2.8
v 3.9 0.5 -2.5
v 3.9 0.5 -2.8
v 3.9 0.5 -7
v 3.9 0.5 -7.2
v 3.9 0.6 -7
v 3.9 0.6 -7.2
v 4 0.1 9.1
v 4 0.1 9
v 4 0.2 9.1
v 4 0.2 9
v 4 0.2 6.9
v 4 0.2 6.7
v 4 0.3 6.9
v 4 0.3 6.7
v 4 0.3 3.6
v 4 0.3 3.4
v 4 0.4 3.6
v 4 0.4 3.4
v 4 0.4 -2.2
v 4 0.4 -2.5
v 4 0.5 -2.2
v 4 0.5 -2.5
v 4 0.5 -6.8
v 4 0.5 -7
v 4 0.6 -6.8
v 4 0.6 -7
v 4.1 0.2 7
v 4.1 0.2 6.9
v 4.1 0.3 7
v 4.1 0.3 6.9
v 4.1 0.3 3.7
v 4.1 0.3 3.6
v 4.1 0.4 3.7
v 4.1 0.4 3.6
v 4.1 0.4 -2
v 4.1 0.4 -2.2
v 4.1 0.5 -2
v 4.1 0.5 -2.2
v 4.1 0.5 -6.7
v 4.1 0.5 -6.8
v 4.1 0.6 -6.7
v 4.1 0.6 -6.8
v 4.2 0.2 7.1
v 4.2 0.2 7
v 4.2 0.3 7.1
v 4.2 0.3 7
v 4.2 0.3 3.8
v 4.2 0.3 3.7
v 4.2 0.4 3.8
v 4.2 0.4 3.7
v 4.2 0.4 -1.7
v 4.2 0.4 -2
v 4.2 0.5 -1.7
v 4.2 0.5 -2
v 4.2 0.5 -6.5
v 4.2 0.5 -6.7
v 4.2 0.6 -6.5
v 4.2 0.6 -6.7
v 4.3 0.1 9.2
v 4.3 0.1 9.1
v 4.3 0.2 9.2
v 4.3 0.2 9.1
v 4.3 0.2 7.2
v 4.3 0.2 7.1
v 4.3 0.3 7.2
v 4.3 0.3 7.1
v 4.3 0.4 -1.5
v 4.3 0.4 -1.7
v 4.3 0.5 -1.5
v 4.3 0.5 -1.7
v 4.3 0.5 -6.4
v 4.3 0.5 -6.5
v 4.3 0.6 -6.4
v 4.3 0.6 -6.5
v 4.4 0.2 7.3
v 4.4 0.2 7.2
v 4.4 0.3 7.3
v 4.4 0.3 7.2
v 4.4 0.3 3.9
v 4.4 0.3 3.8
v 4.4 0.4 3.9
v 4.4 0.4 3.8
v 4.4 0.4 -1.3
v 4.4 0.4 -1.5
v 4.4 0.5 -1.3
v 4.4 0.5 -1.5
v 4.4 0.5 -6.2
v 4.4 0.5 -6.4
v 4.4 0.6 -6.2
v 4.4 0.6 -6.4
v 4.5 0.1 9.3
v 4.5 0.1 9.2
v 4.5 0.2 9.3
v 4.5 0.2 9.2
v 4.5 0.3 4
v 4.5 0.3 3.9
v 4.5 0.4 4
v 4.5 0.4 3.9
v 4.5 0.4 -1.1
v 4.5 0.4 -1.3
v 4.5 0.5 -1.1
v 4.5 0.5 -1.3
v 4.5 0.5 -6.1
v 4.5 0.5 -6.2
v 4.5 0.6 -6.1
v 4.5 0.6 -6.2
v 4.6 0.2 7.4
v 4.6 0.2 7.3
v 4.6 0.3 7.4
v 4.6 0.3 7.3
v 4.6 0.3 4.1
v 4.6 0.3 4
v 4.6 0.4 4.1
v 4.6 0.4 4
v 4.6 0.4 -0.799999
v 4.6 0.4 -1.1
v 4.6 0.5 -0.799999
v 4.6 0.5 -1.1
v 4.6 0.5 -5.8
v 4.6 0.5 -6.1
v 4.6 0.6 -5.8
v 4.6 0.6 -6.1
v 4.7 0.2 7.5
v 4.7 0.2 7.4
v 4.7 0.3 7.5
v 4.7 0.3 7.4
v 4.7 0.4 -0.5
v 4.7 0.4 -0.799999
v 4.7 0.5 -0.5
v 4.7 0.5 -0.799999
v 4.7 0.5 -5.5
v 4.7 0.5 -5.8
v 4.7 0.6 -5.5
v 4.7 0.6 -5.8
v 4.8 0.1 9.4
v 4.8 0.1 9.3
v 4.8 0.2 9.4
v 4.8 0.2 9.3
v 4.8 0.2 7.6
v 4.8 0.2 7.5
v 4.8 0.3 7.6
v 4.8 0.3 7.5
v 4.8 0.3 4.2
v 4.8 0.3 4.1
v 4.8 0.4 4.2
v 4.8 0.4 4.1
v 4.8 0.4 -0.2
v 4.8 0.4 -0.5
v 4.8 0.5 -0.2
v 4.8 0.5 -0.5
v 4.8 0.5 -5.2
v 4.8 0.5 -5.5
v 4.8 0.6 -5.2
v 4.8 0.6 -5.5
v 4.9 0.3 4.3
v 4.9 0.3 4.2
v 4.9 0.4 4.3
v 4.9 0.4 4.2
v 4.9 0.4 0
v 4.9 0.4 -0.0999994
v 4.9 0.4 -0.2
v 4.9 0.5 0
v 4.9 0.5 -0.2
v 4.9 0.5 -4.9
v 4.9 0.5 -5.2
v 4.9 0.6 -4.9
v 4.9 0.6 -5.2
v 5 0.2 7.7
v 5 0.2 7.6
v 5 0.3 7.7
v 5 0.3 7.6
v 5 0.3 4.4
v 5 0.3 4.3
v 5 0.4 4.4
v 5 0.4 4.3
v 5 0.4 0.3
v 5 0.4 0
v 5 0.5 0.3
v 5 0.5 0
v 5 0.5 -4.7
v 5 0.5 -4.9
v 5 0.6 -4.7
v 5 0.6 -4.9
v 5.1 0.1 9.5
v 5.1 0.1 9.4
v 5.1 0.2 9.5
v 5.1 0.2 9.4
v 5.1 0.3 4.5
v 5.1 0.3 4.4
v 5.1 0.4 4.5
v 5.1 0.4 4.4
v 5.1 0.4 0.5
v 5.1 0.4 0.3
v 5.1 0.5 0.5
v 5.1 0.5 0.3
v 5.1 0.5 -4.5
v 5.1 0.5 -4.7
v 5.1 0.6 -4.5
v 5.1 0.6 -4.7
v 5.2 0.2 7.8
v 5.2 0.2 7.7
v 5.2 0.3 7.8
v 5.2 0.3 7.7
v 5.2 0.4 0.8
v 5.2 0.4 0.5
v 5.2 0.5 0.8
v 5.2 0.5 0.5
v 5.2 0.5 -4.1
v 5.2 0.5 -4.5
v 5.2 0.6 -4.1
v 5.2 0.6 -4.5
v 5.3 0.1 9.6
v 5.3 0.1 9.5
v 5.3 0.2 9.6
v 5.3 0.2 9.5
v 5.3 0.3 4.6
v 5.3 0.3 4.5
v 5.3 0.4 4.6
v 5.3 0.4 4.5
v 5.3 0.4 1
v 5.3 0.4 0.8
v 5.3 0.5 1
v 5.3 0.5 0.8
v 5.3 0.5 -3.9
v 5.3 0.5 -4.1
v 5.3 0.6 -3.9
v 5.3 0.6 -4.1
v 5.4 0.2 7.9
v 5.4 0.2 7.8
v 5.4 0.3 7.9
v 5.4 0.3 7.8
v 5.4 0.3 4.7
v 5.4 0.3 4.6
v 5.4 0.4 4.7
v 5.4 0.4 4.6
v 5.4 0.4 1.2
v 5.4 0.4 1
v 5.4 0.5 1.2
v 5.4 0.5 1
v 5.4 0.5 -3.5
v 5.4 0.5 -3.9
v 5.4 0.6 -3.5
v 5.4 0.6 -3.9
v 5.5 0.1 9.7
v 5.5 0.1 9.6
v 5.5 0.2 9.7
v 5.5 0.2 9.6
v 5.5 0.2 8
v 5.5 0.2 7.9
v 5.5 0.3 8
v 5.5 0.3 7.9
v 5.5 0.3 4.8
v 5.5 0.3 4.7
v 5.5 0.4 4.8
v 5.5 0.4 4.7
v 5.5 0.4 1.5
v 5.5 0.4 1.2
v 5.5 0.5 1.5
v 5.5 0.5 1.2
v 5.5 0.5 -3
v 5.5 0.5 -3.5
v 5.5 0.6 -3
v 5.5 0.6 -3.5
v 5.6 0.3 4.9
v 5.6 0.3 4.8
v 5.6 0.4 4.9
v 5.6 0.4 4.8
v 5.6 0.5 -2.6
v 5.6 0.5 -3
v 5.6 0.6 -2.6
v 5.6 0.6 -3
v 5.7 0.2 8.1
v 5.7 0.2 8
v 5.7 0.3 8.1
v 5.7 0.3 8
v 5.7 0.3 5
v 5.7 0.3 4.9
v 5.7 0.4 5
v 5.7 0.4 4.9
v 5.7 0.4 1.6
v 5.7 0.4 1.5
v 5.7 0.5 1.6
v 5.7 0.5 1.5
v 5.7 0.5 -2.3
v 5.7 0.5 -2.6
v 5.7 0.6 -2.3
v 5.7 0.6 -2.6
v 5.8 0.3 5.1
v 5.8 0.3 5
v 5.8 0.4 5.1
v 5.8 0.4 5
v 5.8 0.4 1.7
v 5.8 0.4 1.6
v 5.8 0.5 1.7
v 5.8 0.5 1.6
v 5.8 0.5 -2.1
v 5.8 0.5 -2.3
v 5.8 0.6 -2.1
v 5.8 0.6 -2.3
v 5.9 0.2 8.2
v 5.9 0.2 8.1
v 5.9 0.3 8.2
v 5.9 0.3 8.1
v 5.9 0.3 5.2
v 5.9 0.3 5.1
v 5.9 0.4 5.2
v 5.9 0.4 5.1
v 5.9 0.4 1.8
v 5.9 0.4 1.7
v 5.9 0.5 1.8
v 5.9 0.5 1.7
v 5.9 0.5 -1.9
v 5.9 0.5 -2.1
v 5.9 0.6 -1.9
v 5.9 0.6 -2.1
v 6 0.1 9.8
v 6 0.1 9.7
v 6 0.2 9.8
v 6 0.2 9.7
v 6 0.3 5.3
v 6 0.3 5.2
v 6 0.4 5.3
v 6 0.4 5.2
v 6 0.5 -1.7
v 6 0.5 -1.9
v 6 0.6 -1.7
v 6 0.6 -1.9
v 6.1 0.2 8.3
v 6.1 0.2 8.2
v 6.1 0.3 8.3
v 6.1 0.3 8.2
v 6.1 0.4 1.9
v 6.1 0.4 1.8
v 6.1 0.5 1.9
v 6.1 0.5 1.8
v 6.1 0.5 -1.5
v 6.1 0.5 -1.7
v 6.1 0.6 -1.5
v 6.1 0.6 -1.7
v 6.2 0.1 9.9
v 6.2 0.1 9.8
v 6.2 0.2 9.9
v 6.2 0.2 9.8
v 6.2 0.3 5.4
v 6.2 0.3 5.3
v 6.2 0.4 5.4
v 6.2 0.4 5.3
v 6.2 0.4 2
v 6.2 0.4 1.9
v 6.2 0.5 2
v 6.2 0.5 1.9
v 6.2 0.5 -1.2
v 6.2 0.5 -1.5
v 6.2 0.6 -1.2
v 6.2 0.6 -1.5
v 6.3 0.2 8.4
v 6.3 0.2 8.3
v 6.3 0.3 8.4
v 6.3 0.3 8.3
v 6.3 0.3 5.5
v 6.3 0.3 5.4
v 6.3 0.4 5.5
v 6.3 0.4 5.4
v 6.3 0.5 -1
v 6.3 0.5 -1.2
v 6.3 0.6 -1
v 6.3 0.6 -1.2
v 6.4 0.3 5.6
v 6.4 0.3 5.5
v 6.4 0.4 5.6
v 6.4 0.4 5.5
v 6.4 0.4 2.1
v 6.4 0.4 2
v 6.4 0.5 2.1
v 6.4 0.5 2
v 6.4 0.5 -0.799999
v 6.4 0.5 -1
v 6.4 0.6 -0.799999
v 6.4 0.6 -1
v 6.5 0.1 10
v 6.5 0.1 9.9
v 6.5 0.2 10
v 6.5 0.2 9.9
v 6.5 0.2 8.5
v 6.5 0.2 8.4
v 6.5 0.3 8.5
v 6.5 0.3 8.4
v 6.5 0.3 5.7
v 6.5 0.3 5.6
v 6.5 0.4 5.7
v 6.5 0.4 5.6
v 6.5 0.5 -0.599999
v 6.5 0.5 -0.799999
v 6.5 0.6 -0.599999
v 6.5 0.6 -0.799999
v 6.6 0.3 5.9
v 6.6 0.3 5.7
v 6.6 0.4 5.9
v 6.6 0.4 5.7
v 6.6 0.4 2.2
v 6.6 0.4 2.1
v 6.6 0.5 2.2
v 6.6 0.5 2.1
v 6.6 0.5 -0.4
v 6.6 0.5 -0.599999
v 6.6 0.6 -0.4
v 6.6 0.6 -0.599999
v 6.7 0.1 10.1
v 6.7 0.1 10
v 6.7 0.2 10.1
v 6.7 0.2 10
v 6.7 0.2 8.6
v 6.7 0.2 8.5
v 6.7 0.3 8.6
v 6.7 0.3 8.5
v 6.7 0.3 6
v 6.7 0.3 5.9
v 6.7 0.4 6
v 6.7 0.4 5.9
v 6.7 0.4 2.3
v 6.7 0.4 2.2
v 6.7 0.5 2.3
v 6.7 0.5 2.2
v 6.7 0.5 -0.299999
v 6.7 0.5 -0.4
v 6.7 0.6 -0.299999
v 6.7 0.6 -0.4
v 6.8 0.3 6.1
v 6.8 0.3 6
v 6.8 0.4 6.1
v 6.8 0.4 6
v 6.8 0.5 -0.2
v 6.8 0.5 -0.299999
v 6.8 0.6 -0.2
v 6.8 0.6 -0.299999
v 6.9 0.2 8.7
v 6.9 0.2 8.6
v 6.9 0.3 8.7
v 6.9 0.3 8.6
v 6.9 0.3 6.3
v 6.9 0.3 6.1
v 6.9 0.4 6.3
v 6.9 0.4 6.1
v 6.9 0.4 2.5
v 6.9 0.4 2.3
v 6.9 0.5 2.5
v 6.9 0.5 2.3
v 6.9 0.5 0
v 6.9 0.5 -0.2
v 6.9 0.6 0
v 6.9 0.6 -0.2
v 7 0.1 10.2
v 7 0.1 10.1
v 7 0.2 10.2
v 7 0.2 10.1
v 7 0.3 6.4
v 7 0.3 6.3
v 7 0.4 6.4
v 7 0.4 6.3
v 7 0.5 0.1
v 7 0.5 0
v 7 0.6 0.1
v 7 0.6 0
v 7.1 0.2 8.8
v 7.1 0.2 8.7
v 7.1 0.3 8.8
v 7.1 0.3 8.7
v 7.1 0.3 6.5
v 7.1 0.3 6.4
v 7.1 0.4 6.5
v 7.1 0.4 6.4
v 7.1 0.5 0.200001
v 7.1 0.5 0.1
v 7.1 0.6 0.200001
v 7.1 0.6 0.1
v 7.2 0.3 6.6
v 7.2 0.3 6.5
v 7.2 0.4 6.6
v 7.2 0.4 6.5
v 7.2 0.4 2.7
v 7.2 0.4 2.5
v 7.2 0.5 2.7
v 7.2 0.5 2.5
v 7.2 0.5 0.3
v 7.2 0.5 0.200001
v 7.2 0.6 0.3
v 7.2 0.6 0.200001
v 7.3 0.1 10.3
v 7.3 0.1 10.2
v 7.3 0.2 10.3
v 7.3 0.2 10.2
v 7.3 0.2 8.9
v 7.3 0.2 8.8
v 7.3 0.3 8.9
v 7.3 0.3 8.8
v 7.3 0.4 2.9
v 7.3 0.4 2.7
v 7.3 0.5 2.9
v 7.3 0.5 2.7
v 7.3 0.5 0.400001
v 7.3 0.5 0.3
v 7.3 0.6 0.400001
v 7.3 0.6 0.3
v 7.4 0.2 9
v 7.4 0.2 8.9
v 7.4 0.3 9
v 7.4 0.3 8.9
v 7.4 0.3 6.7
v 7.4 0.3 6.6
v 7.4 0.4 6.7
v 7.4 0.4 6.6
v 7.4 0.4 3.2
v 7.4 0.4 2.9
v 7.4 0.5 3.2
v 7.4 0.5 2.9
v 7.4 0.5 0.5
v 7.4 0.5 0.400001
v 7.4 0.6 0.5
v 7.4 0.6 0.400001
v 7.5 0.3 6.8
v 7.5 0.3 6.7
v 7.5 0.4 6.8
v 7.5 0.4 6.7
v 7.5 0.4 3.6
v 7.5 0.4 3.2
v 7.5 0.5 3.6
v 7.5 0.5 3.2
v 7.5 0.5 0.6
v 7.5 0.5 0.5
v 7.5 0.6 0.6
v 7.5 0.6 0.5
v 7.6 0.2 9.1
v 7.6 0.2 9
v 7.6 0.3 9.1
v 7.6 0.3 9
v 7.6 0.3 6.9
v 7.6 0.3 6.8
v 7.6 0.4 6.9
v 7.6 0.4 6.8
v 7.6 0.4 3.8
v 7.6 0.4 3.6
v 7.6 0.5 3.8
v 7.6 0.5 3.6
v 7.6 0.5 0.700001
v 7.6 0.5 0.6
v 7.6 0.6 0.700001
v 7.6 0.6 0.6
v 7.7 0.4 4.1
v 7.7 0.4 3.8
v 7.7 0.5 4.1
v 7.7 0.5 3.8
v 7.7 0.5 0.8
v 7.7 0.5 0.700001
v 7.7 0.6 0.8
v 7.7 0.6 0.700001
v 7.8 0.1 10.4
v 7.8 0.1 10.3
v 7.8 0.2 10.4
v 7.8 0.2 10.3
v 7.8 0.3 7
v 7.8 0.3 6.9
v 7.8 0.4 7
v 7.8 0.4 6.9
v 7.8 0.4 4.3
v 7.8 0.4 4.1
v 7.8 0.5 4.3
v 7.8 0.5 4.1
v 7.9 0.4 4.5
v 7.9 0.4 4.3
v 7.9 0.5 4.5
v 7.9 0.5 4.3
v 7.9 0.5 0.900001
v 7.9 0.5 0.8
v 7.9 0.6 0.900001
v 7.9 0.6 0.8
v 8 0.4 4.7
v 8 0.4 4.5
v 8 0.5 4.7
v 8 0.5 4.5
v 8 0.5 1
v 8 0.5 0.900001
v 8 0.6 1
v 8 0.6 0.900001
v 8.1 0.3 7.1
v 8.1 0.3 7
v 8.1 0.4 7.1
v 8.1 0.4 7
v 8.1 0.4 4.8
v 8.1 0.4 4.7
v 8.1 0.5 4.8
v 8.1 0.5 4.7
v 8.1 0.5 1.1
v 8.1 0.5 1
v 8.1 0.6 1.1
v 8.1 0.6 1
v 8.2 0.4 5
v 8.2 0.4 4.9
v 8.2 0.4 4.8
v 8.2 0.5 5
v 8.2 0.5 4.9
v 8.2 0.5 4.8
v 8.2 0.5 1.2
v 8.2 0.5 1.1
v 8.2 0.6 1.2
v 8.2 0.6 1.1
v 8.3 0.4 5.2
v 8.3 0.4 5
v 8.3 0.5 5.2
v 8.3 0.5 5
v 8.3 0.5 1.3
v 8.3 0.5 1.2
v 8.3 0.6 1.3
v 8.3 0.6 1.2
v 8.4 0.3 7.2
v 8.4 0.3 7.1
v 8.4 0.4 7.2
v 8.4 0.4 7.1
v 8.4 0.4 5.4
v 8.4 0.4 5.2
v 8.4 0.5 5.4
v 8.4 0.5 5.2
v 8.5 0.4 5.6
v 8.5 0.4 5.4
v 8.5 0.5 5.6
v 8.5 0.5 5.4
v 8.5 0.5 1.4
v 8.5 0.5 1.3
v 8.5 0.6 1.4
v 8.5 0.6 1.3
v 8.6 0.4 5.7
v 8.6 0.4 5.6
v 8.6 0.5 5.7
v 8.6 0.5 5.6
v 8.6 0.5 1.5
v 8.6 0.5 1.4
v 8.6 0.6 1.5
v 8.6 0.6 1.4
v 8.7 0.3 7.3
v 8.7 0.3 7.2
v 8.7 0.4 7.3
v 8.7 0.4 7.2
v 8.7 0.4 5.8
v 8.7 0.4 5.7
v 8.7 0.5 5.8
v 8.7 0.5 5.7
v 8.7 0.5 1.6
v 8.7 0.5 1.5
v 8.7 0.6 1.6
v 8.7 0.6 1.5
v 8.8 0.4 6
v 8.8 0.4 5.8
v 8.8 0.5 6
v 8.8 0.5 5.8
v 8.8 0.5 1.7
v 8.8 0.5 1.6
v 8.8 0.6 1.7
v 8.8 0.6 1.6
v 8.9 0.4 6.2
v 8.9 0.4 6
v 8.9 0.5 6.2
v 8.9 0.5 6
v 8.9 0.5 1.8
v 8.9 0.5 1.7
v 8.9 0.6 1.8
v 8.9 0.6 1.7
v 9 0.3 7.4
v 9 0.3 7.3
v 9 0.4 7.4
v 9 0.4 7.3
v 9 0.4 6.3
v 9 0.4 6.2
v 9 0.5 6.3
v 9 0.5 6.2
v 9.1 0.1 10.5
v 9.1 0.1 10.4
v 9.1 0.2 10.5
v 9.1 0.2 10.4
v 9.1 0.4 6.4
v 9.1 0.4 6.3
v 9.1 0.5 6.4
v 9.1 0.5 6.3
v 9.1 0.5 2
v 9.1 0.5 1.8
v 9.1 0.6 2
v 9.1 0.6 1.8
v 9.2 0.3 7.5
v 9.2 0.3 7.4
v 9.2 0.4 7.5
v 9.2 0.4 7.4
v 9.2 0.5 2.2
v 9.2 0.5 2
v 9.2 0.6 2.2
v 9.2 0.6 2
v 9.3 0.4 6.5
v 9.3 0.4 6.4
v 9.3 0.5 6.5
v 9.3 0.5 6.4
v 9.3 0.5 2.4
v 9.3 0.5 2.2
v 9.3 0.6 2.4
v 9.3 0.6 2.2
v 9.4 0.3 7.6
v 9.4 0.3 7.5
v 9.4 0.4 7.6
v 9.4 0.4 7.5
v 9.4 0.5 2.6
v 9.4 0.5 2.4
v 9.4 0.6 2.6
v 9.4 0.6 2.4
v 9.5 0.4 6.6
v 9.5 0.4 6.5
v 9.5 0.5 6.6
v 9.5 0.5 6.5
v 9.5 0.5 2.7
v 9.5 0.5 2.6
v 9.5 0.6 2.7
v 9.5 0.6 2.6
v 9.6 0.1 10.6
v 9.6 0.1 10.5
v 9.6 0.2 10.6
v 9.6 0.2 10.5
v 9.6 0.4 6.7
v 9.6 0.4 6.6
v 9.6 0.5 6.7
v 9.6 0.5 6.6
v 9.6 0.5 2.9
v 9.6 0.5 2.7
v 9.6 0.6 2.9
v 9.6 0.6 2.7
v 9.7 0.5 3.1
v 9.7 0.5 2.9
v 9.7 0.6 3.1
v 9.7 0.6 2.9
v 9.8 0.1 10.7
v 9.8 0.1 10.6
v 9.8 0.2 10.7
v 9.8 0.2 10.6
v 9.8 0.3 7.7
v 9.8 0.3 7.6
v 9.8 0.4 7.7
v 9.8 0.4 7.6
v 9.8 0.4 6.8
v 9.8 0.4 6.7
v 9.8 0.5 6.8
v 9.8 0.5 6.7
v 9.8 0.5 3.3
v 9.8 0.5 3.1
v 9.8 0.6 3.3
v 9.8 0.6 3.1
v 9.9 0.3 7.8
v 9.9 0.3 7.7
v 9.9 0.4 7.8
v 9.9 0.4 7.7
v 9.9 0.4 6.9
v 9.9 0.4 6.8
v 9.9 0.5 6.9
v 9.9 0.5 6.8
v 9.9 0.5 3.5
v 9.9 0.5 3.3
v 9.9 0.6 3.5
v 9.9 0.6 3.3
v 10 0.1 10.8
v 10 0.1 10.7
v 10 0.2 10.8
v 10 0.2 10.7
v 10 0.2 9.2
v 10 0.2 9.1
v 10 0.3 9.2
v 10 0.3 9.1
v 10 0.5 3.6
v 10 0.5 3.5
v 10 0.6 3.6
v 10 0.6 3.5
v 10.1 0.2 9.3
v 10.1 0.2 9.2
v 10.1 0.3 9.3
v 10.1 0.3 9.2
v 10.1 0.4 7
v 10.1 0.4 6.9
v 10.1 0.5 7
v 10.1 0.5 6.9
v 10.1 0.5 3.9
v 10.1 0.5 3.6
v 10.1 0.6 3.9
v 10.1 0.6 3.6
v 10.2 0.1 10.9
v 10.2 0.1 10.8
v 10.2 0.2 10.9
v 10.2 0.2 10.8
v 10.2 0.4 7.1
v 10.2 0.4 7
v 10.2 0.5 7.1
v 10.2 0.5 7
v 10.3 0.2 9.4
v 10.3 0.2 9.3
v 10.3 0.3 9.4
v 10.3 0.3 9.3
v 10.3 0.3 7.9
v 10.3 0.3 7.8
v 10.3 0.4 7.9
v 10.3 0.4 7.8
v 10.3 0.5 4
v 10.3 0.5 3.9
v 10.3 0.6 4
v 10.3 0.6 3.9
v 10.4 0.4 7.2
v 10.4 0.4 7.1
v 10.4 0.5 7.2
v 10.4 0.5 7.1
v 10.5 0.1 11
v 10.5 0.1 10.9
v 10.5 0.2 11
v 10.5 0.2 10.9
v 10.5 0.3 8
v 10.5 0.3 7.9
v 10.5 0.4 8
v 10.5 0.4 7.9
v 10.6 0.2 9.5
v 10.6 0.2 9.4
v 10.6 0.3 9.5
v 10.6 0.3 9.4
v 10.6 0.3 8.1
v 10.6 0.3 8
v 10.6 0.4 8.1
v 10.6 0.4 8
v 10.6 0.5 4.1
v 10.6 0.5 4
v 10.6 0.6 4.1
v 10.6 0.6 4
v 10.7 0.4 7.3
v 10.7 0.4 7.2
v 10.7 0.5 7.3
v 10.7 0.5 7.2
v 10.7 0.5 4.2
v 10.7 0.5 4.1
v 10.7 0.6 4.2
v 10.7 0.6 4.1
v 10.8 0.1 11.1
v 10.8 0.1 11
v 10.8 0.2 11.1
v 10.8 0.2 11
v 10.8 0.2 9.6
v 10.8 0.2 9.5
v 10.8 0.3 9.6
v 10.8 0.3 9.5
v 10.8 0.3 8.2
v 10.8 0.3 8.1
v 10.8 0.4 8.2
v 10.8 0.4 8.1
v 11 0.2 9.7
v 11 0.2 9.6
v 11 0.3 9.7
v 11 0.3 9.6
v 11 0.3 8.3
v 11 0.3 8.2
v 11 0.4 8.3
v 11 0.4 8.2
v 11 0.5 4.4
v 11 0.5 4.2
v 11 0.6 4.4
v 11 0.6 4.2
v 11.1 0.1 11.2
v 11.1 0.1 11.1
v 11.1 0.2 11.2
v 11.1 0.2 11.1
v 11.2 0.2 9.8
v 11.2 0.2 9.7
v 11.2 0.3 9.8
v 11.2 0.3 9.7
v 11.2 0.3 8.4
v 11.2 0.3 8.3
v 11.2 0.4 8.4
v 11.2 0.4 8.3
v 11.2 0.5 4.5
v 11.2 0.5 4.4
v 11.2 0.6 4.5
v 11.2 0.6 4.4
v 11.4 0.1 11.3
v 11.4 0.1 11.2
v 11.4 0.2 11.3
v 11.4 0.2 11.2
v 11.4 0.3 8.5
v 11.4 0.3 8.4
v 11.4 0.4 8.5
v 11.4 0.4 8.4
v 11.4 0.5 4.6
v 11.4 0.5 4.5
v 11.4 0.6 4.6
v 11.4 0.6 4.5
v 11.5 0.1 11.4
v 11.5 0.1 11.3
v 11.5 0.2 11.4
v 11.5 0.2 11.3
v 11.5 0.5 4.7
v 11.5 0.5 4.6
v 11.5 0.6 4.7
v 11.5 0.6 4.6
v 11.6 0.3 8.6
v 11.6 0.3 8.5
v 11.6 0.4 8.6
v 11.6 0.4 8.5
v 11.7 0.3 8.7
v 11.7 0.3 8.6
v 11.7 0.4 8.7
v 11.7 0.4 8.6
v 11.7 0.5 4.8
v 11.7 0.5 4.7
v 11.7 0.6 4.8
v 11.7 0.6 4.7
v 11.9 0.1 11.6
v 11.9 0.1 11.4
v 11.9 0.2 11.6
v 11.9 0.2 11.4
v 11.9 0.5 4.9
v 11.9 0.5 4.8
v 11.9 0.6 4.9
v 11.9 0.6 4.8
v 12 0.3 8.8
v 12 0.3 8.7
v 12 0.4 8.8
v 12 0.4 8.7
v 12 0.4 7.4
v 12 0.4 7.3
v 12 0.5 7.4
v 12 0.5 7.3
v 12 0.5 5
v 12 0.5 4.9
v 12 0.6 5
v 12 0.6 4.9
v 12.1 0.3 8.9
v 12.1 0.3 8.8
v 12.1 0.4 8.9
v 12.1 0.4 8.8
v 12.1 0.5 5.1
v 12.1 0.5 5
v 12.1 0.6 5.1
v 12.1 0.6 5
v 12.2 0.1 11.7
v 12.2 0.1 11.6
v 12.2 0.2 11.7
v 12.2 0.2 11.6
v 12.2 0.3 9
v 12.2 0.3 8.9
v 12.2 0.4 9
v 12.2 0.4 8.9
v 12.3 0.1 11.8
v 12.3 0.1 11.7
v 12.3 0.2 11.8
v 12.3 0.2 11.7
v 12.3 0.4 7.5
v 12.3 0.4 7.4
v 12.3 0.5 7.5
v 12.3 0.5 7.4
v 12.3 0.5 5.2
v 12.3 0.5 5.1
v 12.3 0.6 5.2
v 12.3 0.6 5.1
v 12.4 0.2 9.9
v 12.4 0.2 9.8
v 12.4 0.3 9.9
v 12.4 0.3 9.8
v 12.4 0.3 9.1
v 12.4 0.3 9
v 12.4 0.4 9.1
v 12.4 0.4 9
v 12.5 0.4 7.6
v 12.5 0.4 7.5
v 12.5 0.5 7.6
v 12.5 0.5 7.5
v 12.6 0.1 11.9
v 12.6 0.1 11.8
v 12.6 0.2 11.9
v 12.6 0.2 11.8
v 12.6 0.4 7.7
v 12.6 0.4 7.6
v 12.6 0.5 7.7
v 12.6 0.5 7.6
v 12.7 0.3 9.2
v 12.7 0.3 9.1
v 12.7 0.4 9.2
v 12.7 0.4 9.1
v 12.7 0.5 5.3
v 12.7 0.5 5.2
v 12.7 0.6 5.3
v 12.7 0.6 5.2
v -12.7 0.3 12.6
v -12.7 0.3 12.5
v -12.7 0.4 12.6
v -12.7 0.4 12.5
v -12.7 0.4 2.9
v -12.7 0.4 2.8
v -12.7 0.5 2.9
v -12.7 0.5 2.8
v -12.6 0.3 12.5
v -12.6 0.3 12.4
v -12.6 0.4 12.5
v -12.6 0.4 12.4
v -12.6 0.4 2.8
v -12.6 0.4 2.7
v -12.6 0.5 2.8
v -12.6 0.5 2.7
v -12.5 0.3 12.4
v -12.5 0.3 12.2
v -12.5 0.4 12.4
v -12.5 0.4 12.2
v -12.5 0.4 2.7
v -12.5 0.4 2.5
v -12.5 0.5 2.7
v -12.5 0.5 2.5
v -12.4 0.3 12.2
v -12.4 0.3 11.7
v -12.4 0.4 12.2
v -12.4 0.4 11.7
v -12.3 0.3 11.7
v -12.3 0.3 11.6
v -12.3 0.4 11.7
v -12.3 0.4 11.6
v -12.3 0.4 2.5
v -12.3 0.4 2.4
v -12.3 0.5 2.5
v -12.3 0.5 2.4
v -12.2 0.3 11.6
v -12.2 0.3 11.5
v -12.2 0.4 11.6
v -12.2 0.4 11.5
v -12.1 0.3 11.5
v -12.1 0.3 11.4
v -12.1 0.4 11.5
v -12.1 0.4 11.4
v -12.1 0.4 2.4
v -12.1 0.4 2.3
v -12.1 0.5 2.4
v -12.1 0.5 2.3
v -12 0.3 11.4
v -12 0.3 11.3
v -12 0.4 11.4
v -12 0.4 11.3
v -12 0.4 2.3
v -12 0.4 2.2
v -12 0.5 2.3
v -12 0.5 2.2
v -11.9 0.4 2.2
v -11.9 0.4 2
v -11.9 0.5 2.2
v -11.9 0.5 2
v -11.8 0.4 2
v -11.8 0.4 1.9
v -11.8 0.5 2
v -11.8 0.5 1.9
v -11.7 0.3 11.3
v -11.7 0.3 11.2
v -11.7 0.4 11.3
v -11.7 0.4 11.2
v -11.7 0.4 1.9
v -11.7 0.4 1.7
v -11.7 0.5 1.9
v -11.7 0.5 1.7
v -11.6 0.3 11.2
v -11.6 0.3 11.1
v -11.6 0.4 11.2
v -11.6 0.4 11.1
v -11.6 0.4 1.7
v -11.6 0.4 1.2
v -11.6 0.4 1.1
v -11.6 0.4 0.5
v -11.6 0.5 1.7
v -11.6 0.5 1.2
v -11.6 0.5 1.1
v -11.6 0.5 0.5
v -11.5 0.3 11.1
v -11.5 0.3 11
v -11.5 0.4 11.1
v -11.5 0.4 11
v -11.5 0.4 0.5
v -11.5 0.4 0.200001
v -11.5 0.5 0.5
v -11.5 0.5 0.200001
v -11.4 0.3 11
v -11.4 0.3 10.8
v -11.4 0.4 11
v -11.4 0.4 10.8
v -11.4 0.4 0.200001
v -11.4 0.4 -0.0999994
v -11.4 0.5 0.200001
v -11.4 0.5 -0.0999994
v -11.3 0.3 10.8
v -11.3 0.3 10.7
v -11.3 0.4 10.8
v -11.3 0.4 10.7
v -11.3 0.4 -0.0999994
v -11.3 0.4 -0.299999
v -11.3 0.5 -0.0999994
v -11.3 0.5 -0.299999
v -11.2 0.3 10.7
v -11.2 0.3 10.5
v -11.2 0.4 10.7
v -11.2 0.4 10.5
v -11.2 0.4 -0.299999
v -11.2 0.4 -0.5
v -11.2 0.5 -0.299999
v -11.2 0.5 -0.5
v -11.1 0.3 10.5
v -11.1 0.3 10.3
v -11.1 0.4 10.5
v -11.1 0.4 10.3
v -11.1 0.4 -0.5
v -11.1 0.4 -0.599999
v -11.1 0.5 -0.5
v -11.1 0.5 -0.599999
v -11 0.3 10.3
v -11 0.3 10.2
v -11 0.4 10.3
v -11 0.4 10.2
v -11 0.4 -0.599999
v -11 0.4 -0.799999
v -11 0.5 -0.599999
v -11 0.5 -0.799999
v -10.9 0.3 10.2
v -10.9 0.3 10
v -10.9 0.4 10.2
v -10.9 0.4 10
v -10.9 0.4 -0.799999
v -10.9 0.4 -1.1
v -10.9 0.5 -0.799999
v -10.9 0.5 -1.1
v -10.8 0.4 -1.1
v -10.8 0.4 -1.2
v -10.8 0.4 -1.3
v -10.8 0.5 -1.1
v -10.8 0.5 -1.2
v -10.8 0.5 -1.3
v -10.7 0.3 10
v -10.7 0.3 9.8
v -10.7 0.4 10
v -10.7 0.4 9.8
v -10.7 0.4 -1.3
v -10.7 0.4 -1.5
v -10.7 0.5 -1.3
v -10.7 0.5 -1.5
v -10.6 0.3 9.8
v -10.6 0.3 9.6
v -10.6 0.4 9.8
v -10.6 0.4 9.6
v -10.6 0.4 -1.5
v -10.6 0.4 -1.7
v -10.6 0.5 -1.5
v -10.6 0.5 -1.7
v -10.5 0.3 9.6
v -10.5 0.3 9.4
v -10.5 0.4 9.6
v -10.5 0.4 9.4
v -10.5 0.4 -1.7
v -10.5 0.4 -1.9
v -10.5 0.5 -1.7
v -10.5 0.5 -1.9
v -10.4 0.3 9.4
v -10.4 0.3 9.2
v -10.4 0.4 9.4
v -10.4 0.4 9.2
v -10.4 0.4 -1.9
v -10.4 0.4 -2.1
v -10.4 0.5 -1.9
v -10.4 0.5 -2.1
v -10.3 0.3 9.2
v -10.3 0.3 8.9
v -10.3 0.4 9.2
v -10.3 0.4 8.9
v -10.3 0.4 -2.1
v -10.3 0.4 -2.3
v -10.3 0.5 -2.1
v -10.3 0.5 -2.3
v -10.2 0.3 8.9
v -10.2 0.3 8.7
v -10.2 0.4 8.9
v -10.2 0.4 8.7
v -10.2 0.4 -2.3
v -10.2 0.4 -2.5
v -10.2 0.5 -2.3
v -10.2 0.5 -2.5
v -10.1 0.3 8.7
v -10.1 0.3 8.3
v -10.1 0.4 8.7
v -10.1 0.4 8.3
v -10.1 0.4 -2.5
v -10.1 0.4 -2.8
v -10.1 0.4 -7
v -10.1 0.4 -7.1
v -10.1 0.4 -7.7
v -10.1 0.4 -8.8
v -10.1 0.4 -10.7
v -10.1 0.5 -2.5
v -10.1 0.5 -2.8
v -10.1 0.5 -7
v -10.1 0.5 -7.7
v -10.1 0.5 -8.8
v -10.1 0.5 -10.7
v -10 0.3 8.3
v -10 0.3 7.7
v -10 0.3 6.8
v -10 0.3 3.4
v -10 0.4 8.3
v -10 0.4 7.7
v -10 0.4 6.8
v -10 0.4 3.4
v -10 0.4 -2.8
v -10 0.4 -3.1
v -10 0.4 -4.2
v -10 0.4 -4.3
v -10 0.4 -4.4
v -10 0.4 -4.6
v -10 0.4 -4.7
v -10 0.4 -7
v -10 0.4 -7.7
v -10 0.4 -8.8
v -10 0.4 -10.7
v -10 0.4 -11.2
v -10 0.4 -11.3
v -10 0.5 -2.8
v -10 0.5 -3.1
v -10 0.5 -4.2
v -10 0.5 -4.3
v -10 0.5 -4.4
v -10 0.5 -4.6
v -10 0.5 -4.7
v -10 0.5 -7
v -10 0.5 -7.7
v -10 0.5 -8.8
v -10 0.5 -10.7
v -10 0.5 -11.3
v -9.9 0.3 7.7
v -9.9 0.3 6.8
v -9.9 0.3 3.4
v -9.9 0.3 3
v -9.9 0.4 7.7
v -9.9 0.4 6.8
v -9.9 0.4 3.4
v -9.9 0.4 3
v -9.9 0.4 -3.1
v -9.9 0.4 -3.2
v -9.9 0.4 -3.4
v -9.9 0.4 -3.9
v -9.9 0.4 -4.2
v -9.9 0.4 -11.3
v -9.9 0.4 -12.2
v -9.9 0.5 -3.1
v -9.9 0.5 -3.2
v -9.9 0.5 -3.4
v -9.9 0.5 -3.9
v -9.9 0.5 -4.2
v -9.9 0.5 -11.3
v -9.9 0.5 -12.2
v -9.8 0.3 3
v -9.8 0.3 2.6
v -9.8 0.4 3
v -9.8 0.4 2.6
v -9.8 0.4 -3.4
v -9.8 0.4 -3.6
v -9.8 0.4 -3.7
v -9.8 0.4 -3.9
v -9.8 0.4 -12.2
v -9.8 0.4 -12.5
v -9.8 0.5 -3.4
v -9.8 0.5 -3.6
v -9.8 0.5 -3.7
v -9.8 0.5 -3.9
v -9.8 0.5 -12.2
v -9.8 0.5 -12.5
v -9.7 0.3 2.6
v -9.7 0.3 2.4
v -9.7 0.4 2.6
v -9.7 0.4 2.4
v -9.7 0.4 -12.5
v -9.7 0.4 -12.8
v -9.7 0.5 -12.5
v -9.7 0.5 -12.8
v -9.6 0.3 2.4
v -9.6 0.3 2.1
v -9.6 0.4 2.4
v -9.6 0.4 2.1
v -9.5 0.3 2.1
v -9.5 0.3 1.8
v -9.5 0.4 2.1
v -9.5 0.4 1.8
v -9.4 0.3 1.8
v -9.4 0.3 1.5
v -9.4 0.4 1.8
v -9.4 0.4 1.5
v -9.3 0.2 12.5
v -9.3 0.2 12.1
v -9.3 0.3 12.5
v -9.3 0.3 12.1
v -9.3 0.3 1.5
v -9.3 0.3 1.3
v -9.3 0.3 1.2
v -9.3 0.3 1.1
v -9.3 0.3 -6.1
v -9.3 0.3 -8
v -9.3 0.4 1.5
v -9.3 0.4 1.3
v -9.3 0.4 1.2
v -9.3 0.4 1.1
v -9.3 0.4 -6.1
v -9.3 0.4 -8
v -9.2 0.2 12.8
v -9.2 0.2 12.5
v -9.2 0.2 12.1
v -9.2 0.2 11.9
v -9.2 0.3 12.8
v -9.2 0.3 12.7
v -9.2 0.3 12.5
v -9.2 0.3 12.1
v -9.2 0.3 11.9
v -9.2 0.3 1.1
v -9.2 0.3 0.700001
v -9.2 0.3 -4.3
v -9.2 0.3 -6.1
v -9.2 0.3 -8
v -9.2 0.3 -8.6
v -9.2 0.4 1.1
v -9.2 0.4 0.700001
v -9.2 0.4 -4.3
v -9.2 0.4 -6.1
v -9.2 0.4 -8
v -9.2 0.4 -8.6
v -9.1 0.2 11.9
v -9.1 0.2 11.7
v -9.1 0.3 12.8
v -9.1 0.3 12.7
v -9.1 0.3 11.9
v -9.1 0.3 11.7
v -9.1 0.3 0.700001
v -9.1 0.3 0.3
v -9.1 0.3 -2.7
v -9.1 0.3 -4.3
v -9.1 0.3 -8.6
v -9.1 0.3 -9.1
v -9.1 0.4 12.8
v -9.1 0.4 12.7
v -9.1 0.4 0.700001
v -9.1 0.4 0.3
v -9.1 0.4 -2.7
v -9.1 0.4 -4.3
v -9.1 0.4 -8.6
v -9.1 0.4 -9.1
v -9 0.2 11.7
v -9 0.2 11.5
v -9 0.3 11.7
v -9 0.3 11.5
v -9 0.3 0.3
v -9 0.3 0.1
v -9 0.3 -1.7
v -9 0.3 -2.7
v -9 0.3 -9.1
v -9 0.3 -9.5
v -9 0.4 0.3
v -9 0.4 0.1
v -9 0.4 -1.7
v -9 0.4 -2.7
v -9 0.4 -9.1
v -9 0.4 -9.5
v -8.9 0.2 11.5
v -8.9 0.2 11.4
v -8.9 0.3 11.5
v -8.9 0.3 11.4
v -8.9 0.3 0.1
v -8.9 0.3 -1.2
v -8.9 0.3 -1.3
v -8.9 0.3 -1.7
v -8.9 0.3 -9.5
v -8.9 0.3 -10
v -8.9 0.4 0.1
v -8.9 0.4 -1.2
v -8.9 0.4 -1.3
v -8.9 0.4 -1.7
v -8.9 0.4 -9.5
v -8.9 0.4 -10
v -8.8 0.2 11.4
v -8.8 0.2 11.2
v -8.8 0.3 11.4
v -8.8 0.3 11.2
v -8.8 0.3 -10
v -8.8 0.3 -10.3
v -8.8 0.4 -10
v -8.8 0.4 -10.3
v -8.7 0.2 11.2
v -8.7 0.2 11
v -8.7 0.3 11.2
v -8.7 0.3 11
v -8.7 0.3 -10.3
v -8.7 0.3 -10.5
v -8.7 0.4 -10.3
v -8.7 0.4 -10.5
v -8.6 0.2 11
v -8.6 0.2 10.6
v -8.6 0.2 8.2
v -8.6 0.2 7.6
v -8.6 0.3 11
v -8.6 0.3 10.6
v -8.6 0.3 8.2
v -8.6 0.3 7.6
v -8.6 0.3 -10.5
v -8.6 0.3 -10.9
v -8.6 0.4 -10.5
v -8.6 0.4 -10.9
v -8.5 0.2 10.6
v -8.5 0.2 9.1
v -8.5 0.2 9
v -8.5 0.2 8.2
v -8.5 0.2 7.6
v -8.5 0.2 7.2
v -8.5 0.3 10.6
v -8.5 0.3 9.1
v -8.5 0.3 9
v -8.5 0.3 8.2
v -8.5 0.3 7.6
v -8.5 0.3 7.2
v -8.5 0.3 -10.9
v -8.5 0.3 -11.3
v -8.5 0.4 -10.9
v -8.5 0.4 -11.3
v -8.4 0.2 7.2
v -8.4 0.2 6.8
v -8.4 0.3 7.2
v -8.4 0.3 6.8
v -8.4 0.3 -11.3
v -8.4 0.3 -11.5
v -8.4 0.4 -11.3
v -8.4 0.4 -11.5
v -8.3 0.2 6.8
v -8.3 0.2 6.6
v -8.3 0.3 6.8
v -8.3 0.3 6.6
v -8.3 0.3 -11.5
v -8.3 0.3 -12
v -8.3 0.4 -11.5
v -8.3 0.4 -12
v -8.2 0.2 6.6
v -8.2 0.2 6.3
v -8.2 0.2 0.5
v -8.2 0.2 -2.4
v -8.2 0.3 6.6
v -8.2 0.3 6.3
v -8.2 0.3 0.5
v -8.2 0.3 -2.4
v -8.2 0.3 -12
v -8.2 0.3 -12.8
v -8.2 0.4 -12
v -8.2 0.4 -12.8
v -8.1 0.2 6.3
v -8.1 0.2 6
v -8.1 0.2 1.2
v -8.1 0.2 0.5
v -8.1 0.2 -2.4
v -8.1 0.2 -3
v -8.1 0.3 6.3
v -8.1 0.3 6
v -8.1 0.3 1.2
v -8.1 0.3 0.5
v -8.1 0.3 -2.4
v -8.1 0.3 -3
v -8 0.2 6
v -8 0.2 5.3
v -8 0.2 2.9
v -8 0.2 1.2
v -8 0.2 -3
v -8 0.2 -3.4
v -8 0.3 6
v -8 0.3 5.3
v -8 0.3 2.9
v -8 0.3 1.2
v -8 0.3 -3
v -8 0.3 -3.4
v -7.9 0.2 5.3
v -7.9 0.2 2.9
v -7.9 0.2 -3.4
v -7.9 0.2 -3.8
v -7.9 0.3 5.3
v -7.9 0.3 2.9
v -7.9 0.3 -3.4
v -7.9 0.3 -3.8
v -7.8 0.1 12.8
v -7.8 0.1 11
v -7.8 0.2 12.7
v -7.8 0.2 11
v -7.8 0.2 -3.8
v -7.8 0.2 -4.1
v -7.8 0.3 12.8
v -7.8 0.3 12.7
v -7.8 0.3 -3.8
v -7.8 0.3 -4.1
v -7.7 0.1 11
v -7.7 0.1 10.6
v -7.7 0.2 11
v -7.7 0.2 10.6
v -7.7 0.2 -4.1
v -7.7 0.2 -4.4
v -7.7 0.3 -4.1
v -7.7 0.3 -4.4
v -7.6 0.1 10.6
v -7.6 0.1 10.2
v -7.6 0.2 10.6
v -7.6 0.2 10.2
v -7.6 0.2 -4.4
v -7.6 0.2 -4.7
v -7.6 0.3 -4.4
v -7.6 0.3 -4.7
v -7.5 0.1 10.2
v -7.5 0.1 10.1
v -7.5 0.2 10.2
v -7.5 0.2 10.1
v -7.5 0.2 -4.7
v -7.5 0.2 -5.1
v -7.5 0.3 -4.7
v -7.5 0.3 -5.1
v -7.4 0.1 10.1
v -7.4 0.1 10
v -7.4 0.2 10.1
v -7.4 0.2 10
v -7.4 0.2 -5.1
v -7.4 0.2 -5.5
v -7.4 0.3 -5.1
v -7.4 0.3 -5.5
v -7.3 0.1 10
v -7.3 0.1 9.8
v -7.3 0.2 10
v -7.3 0.2 9.8
v -7.3 0.2 -5.5
v -7.3 0.2 -5.8
v -7.3 0.3 -5.5
v -7.3 0.3 -5.8
v -7.2 0.1 9.8
v -7.2 0.1 9.7
v -7.2 0.2 9.8
v -7.2 0.2 9.7
v -7.2 0.2 -5.8
v -7.2 0.2 -6.1
v -7.2 0.2 -9.3
v -7.2 0.2 -9.5
v -7.2 0.2 -9.6
v -7.2 0.2 -11.1
v -7.2 0.3 -5.8
v -7.2 0.3 -6.1
v -7.2 0.3 -9.3
v -7.2 0.3 -9.5
v -7.2 0.3 -9.6
v -7.2 0.3 -11.1
v -7.1 0.1 9.7
v -7.1 0.1 9.6
v -7.1 0.2 9.7
v -7.1 0.2 9.6
v -7.1 0.2 -6.1
v -7.1 0.2 -7.3
v -7.1 0.2 -7.4
v -7.1 0.2 -9.3
v -7.1 0.2 -11.1
v -7.1 0.2 -11.5
v -7.1 0.2 -11.6
v -7.1 0.2 -12.1
v -7.1 0.3 -6.1
v -7.1 0.3 -7.3
v -7.1 0.3 -7.4
v -7.1 0.3 -9.3
v -7.1 0.3 -11.1
v -7.1 0.3 -11.5
v -7.1 0.3 -11.6
v -7.1 0.3 -12.1
v -7 0.1 9.6
v -7 0.1 9.5
v -7 0.2 9.6
v -7 0.2 9.5
v -7 0.2 -12.1
v -7 0.2 -12.8
v -7 0.3 -12.1
v -7 0.3 -12.8
v -6.9 0.1 9.5
v -6.9 0.1 9.4
v -6.9 0.2 9.5
v -6.9 0.2 9.4
v -6.8 0.1 9.4
v -6.8 0.1 9.3
v -6.8 0.2 9.4
v -6.8 0.2 9.3
v -6.7 0.1 9.3
v -6.7 0.1 9.2
v -6.7 0.2 9.3
v -6.7 0.2 9.2
v -6.6 0.1 9.2
v -6.6 0.1 9.1
v -6.6 0.2 9.2
v -6.6 0.2 9.1
v -6.5 0.1 9.1
v -6.5 0.1 9
v -6.5 0.1 -2.8
v -6.5 0.1 -5.8
v -6.5 0.2 9.1
v -6.5 0.2 9
v -6.5 0.2 -2.8
v -6.5 0.2 -5.8
v -6.4 0.1 9
v -6.4 0.1 8.9
v -6.4 0.1 -2.6
v -6.4 0.1 -2.8
v -6.4 0.1 -5.8
v -6.4 0.1 -6.4
v -6.4 0.2 9
v -6.4 0.2 8.9
v -6.4 0.2 -2.6
v -6.4 0.2 -2.8
v -6.4 0.2 -5.8
v -6.4 0.2 -6.4
v -6.3 0.1 8.9
v -6.3 0.1 8.7
v -6.3 0.1 -2.3
v -6.3 0.1 -2.6
v -6.3 0.1 -6.4
v -6.3 0.1 -6.7
v -6.3 0.1 -6.8
v -6.3 0.1 -6.9
v -6.3 0.2 8.9
v -6.3 0.2 8.7
v -6.3 0.2 -2.3
v -6.3 0.2 -2.6
v -6.3 0.2 -6.4
v -6.3 0.2 -6.7
v -6.3 0.2 -6.8
v -6.3 0.2 -6.9
v -6.2 0.1 8.7
v -6.2 0.1 8.6
v -6.2 0.1 -2
v -6.2 0.1 -2.3
v -6.2 0.1 -6.9
v -6.2 0.1 -7.2
v -6.2 0.2 8.7
v -6.2 0.2 8.6
v -6.2 0.2 -2
v -6.2 0.2 -2.3
v -6.2 0.2 -6.9
v -6.2 0.2 -7.2
v -6.1 0.1 8.6
v -6.1 0.1 8.5
v -6.1 0.1 -1.8
v -6.1 0.1 -2
v -6.1 0.1 -7.2
v -6.1 0.1 -7.5
v -6.1 0.2 8.6
v -6.1 0.2 8.5
v -6.1 0.2 -1.8
v -6.1 0.2 -2
v -6.1 0.2 -7.2
v -6.1 0.2 -7.5
v -6 0.1 8.5
v -6 0.1 8.4
v -6 0.1 -1.5
v -6 0.1 -1.8
v -6 0.1 -7.5
v -6 0.1 -7.8
v -6 0.2 8.5
v -6 0.2 8.4
v -6 0.2 -1.5
v -6 0.2 -1.8
v -6 0.2 -7.5
v -6 0.2 -7.8
v -5.9 0.1 8.4
v -5.9 0.1 8.3
v -5.9 0.1 -1.2
v -5.9 0.1 -1.3
v -5.9 0.1 -1.5
v -5.9 0.1 -7.8
v -5.9 0.1 -8.3
v -5.9 0.2 8.4
v -5.9 0.2 8.3
v -5.9 0.2 -1.2
v -5.9 0.2 -1.3
v -5.9 0.2 -1.5
v -5.9 0.2 -7.8
v -5.9 0.2 -8.3
v -5.8 0.1 8.3
v -5.8 0.1 8.2
v -5.8 0.1 -0.799999
v -5.8 0.1 -1.1
v -5.8 0.1 -1.2
v -5.8 0.1 -8.3
v -5.8 0.1 -8.7
v -5.8 0.2 8.3
v -5.8 0.2 8.2
v -5.8 0.2 -0.799999
v -5.8 0.2 -1.2
v -5.8 0.2 -8.3
v -5.8 0.2 -8.7
v -5.7 0.1 8.2
v -5.7 0.1 8.1
v -5.7 0.1 -0.5
v -5.7 0.1 -0.799999
v -5.7 0.1 -8.7
v -5.7 0.1 -8.9
v -5.7 0.2 8.2
v -5.7 0.2 8.1
v -5.7 0.2 -0.5
v -5.7 0.2 -0.799999
v -5.7 0.2 -8.7
v -5.7 0.2 -8.9
v -5.6 0.1 8.1
v -5.6 0.1 7.9
v -5.6 0.1 -0.0999994
v -5.6 0.1 -0.5
v -5.6 0.1 -8.9
v -5.6 0.1 -9.2
v -5.6 0.2 8.1
v -5.6 0.2 7.9
v -5.6 0.2 -0.0999994
v -5.6 0.2 -0.5
v -5.6 0.2 -8.9
v -5.6 0.2 -9.2
v -5.5 0.1 7.9
v -5.5 0.1 7.8
v -5.5 0.1 0.3
v -5.5 0.1 -0.0999994
v -5.5 0.1 -9.2
v -5.5 0.1 -9.6
v -5.5 0.2 7.9
v -5.5 0.2 7.8
v -5.5 0.2 0.3
v -5.5 0.2 -0.0999994
v -5.5 0.2 -9.2
v -5.5 0.2 -9.6
v -5.4 0.1 7.8
v -5.4 0.1 7.6
v -5.4 0.1 0.6
v -5.4 0.1 0.3
v -5.4 0.1 -9.6
v -5.4 0.1 -10.2
v -5.4 0.2 7.8
v -5.4 0.2 7.6
v -5.4 0.2 0.6
v -5.4 0.2 0.3
v -5.4 0.2 -9.6
v -5.4 0.2 -10.2
v -5.3 0.1 7.6
v -5.3 0.1 7.5
v -5.3 0.1 0.900001
v -5.3 0.1 0.6
v -5.3 0.1 -10.2
v -5.3 0.1 -11.1
v -5.3 0.1 -12.7
v -5.3 0.1 -12.8
v -5.3 0.2 7.6
v -5.3 0.2 7.5
v -5.3 0.2 0.900001
v -5.3 0.2 0.6
v -5.3 0.2 -10.2
v -5.3 0.2 -11.1
v -5.3 0.2 -12.7
v -5.3 0.2 -12.8
v -5.2 0.1 7.5
v -5.2 0.1 7.3
v -5.2 0.1 1.3
v -5.2 0.1 0.900001
v -5.2 0.1 -11.1
v -5.2 0.1 -11.2
v -5.2 0.1 -11.3
v -5.2 0.1 -12.7
v -5.2 0.2 7.5
v -5.2 0.2 7.3
v -5.2 0.2 1.3
v -5.2 0.2 0.900001
v -5.2 0.2 -11.1
v -5.2 0.2 -11.2
v -5.2 0.2 -11.3
v -5.2 0.2 -12.7
v -5.1 0.1 7.3
v -5.1 0.1 7.2
v -5.1 0.1 1.6
v -5.1 0.1 1.3
v -5.1 0.2 7.3
v -5.1 0.2 7.2
v -5.1 0.2 1.6
v -5.1 0.2 1.3
v -5 0.1 7.2
v -5 0.1 7
v -5 0.1 1.9
v -5 0.1 1.6
v -5 0.2 7.2
v -5 0.2 7
v -5 0.2 1.9
v -5 0.2 1.6
v -4.9 0.1 7
v -4.9 0.1 6.8
v -4.9 0.1 2.2
v -4.9 0.1 1.9
v -4.9 0.2 7
v -4.9 0.2 6.8
v -4.9 0.2 2.2
v -4.9 0.2 1.9
v -4.8 0.1 6.8
v -4.8 0.1 6.6
v -4.8 0.1 2.6
v -4.8 0.1 2.2
v -4.8 0.2 6.8
v -4.8 0.2 6.6
v -4.8 0.2 2.6
v -4.8 0.2 2.2
v -4.7 0.1 6.6
v -4.7 0.1 6.4
v -4.7 0.1 3.2
v -4.7 0.1 2.6
v -4.7 0.2 6.6
v -4.7 0.2 6.4
v -4.7 0.2 3.2
v -4.7 0.2 2.6
v -4.6 0.1 6.4
v -4.6 0.1 6.3
v -4.6 0.1 3.8
v -4.6 0.1 3.2
v -4.6 0.2 6.4
v -4.6 0.2 6.3
v -4.6 0.2 3.8
v -4.6 0.2 3.2
v -4.5 0.1 6.3
v -4.5 0.1 6.1
v -4.5 0.1 4.5
v -4.5 0.1 3.8
v -4.5 0.2 6.3
v -4.5 0.2 6.1
v -4.5 0.2 4.5
v -4.5 0.2 3.8
v -4.4 0.1 6.1
v -4.4 0.1 4.5
v -4.4 0.2 6.1
v -4.4 0.2 4.5
v 12.8 0 12.8
v 12.8 0 -12.8
v 12.8 0.1 12.8
v 12.8 0.1 11.9
v 12.8 0.2 11.9
v 12.8 0.2 9.9
v 12.8 0.3 9.9
v 12.8 0.3 9.2
v 12.8 0.4 9.2
v 12.8 0.4 7.7
v 12.8 0.5 7.7
v 12.8 0.5 5.3
v 12.8 0.6 5.3
v 12.8 0.6 -12.8
v -12.8 0 12.8
v -12.8 0.3 12.8
v -9.2 0.2 12.8
v -9.2 0.3 12.8
v -9.2 0.4 12.8
v -9.1 0.3 12.8
v -9.1 0.4 12.8
v -7.9 0.2 12.8
v -7.9 0.3 12.8
v -7.8 0.1 12.8
v -7.8 0.3 12.8
v 12.8 0 12.8
v 12.8 0.1 12.8
v -12.8 0.3 12.6
v -12.8 0.4 12.6
v -12.7 0.3 12.6
v -12.7 0.4 12.6
v -12.7 0.3 12.5
v -12.7 0.4 12.5
v -12.6 0.3 12.5
v -12.6 0.4 12.5
v -12.6 0.3 12.4
v -12.6 0.4 12.4
v -12.5 0.3 12.4
v -12.5 0.4 12.4
v -12.5 0.3 12.2
v -12.5 0.4 12.2
v -12.4 0.3 12.2
v -12.4 0.4 12.2
v -9.3 0.2 12.1
v -9.3 0.3 12.1
v -9.2 0.2 12.1
v -9.2 0.3 12.1
v -9.2 0.2 11.9
v -9.2 0.3 11.9
v -9.1 0.2 11.9
v -9.1 0.3 11.9
v 12.6 0.1 11.9
v 12.6 0.2 11.9
v 12.8 0.1 11.9
v 12.8 0.2 11.9
v 12.3 0.1 11.8
v 12.3 0.2 11.8
v 12.6 0.1 11.8
v 12.6 0.2 11.8
v -12.4 0.3 11.7
v -12.4 0.4 11.7
v -12.3 0.3 11.7
v -12.3 0.4 11.7
v -9.1 0.2 11.7
v -9.1 0.3 11.7
v -9 0.2 11.7
v -9 0.3 11.7
v 12.2 0.1 11.7
v 12.2 0.2 11.7
v 12.3 0.1 11.7
v 12.3 0.2 11.7
v -12.3 0.3 11.6
v -12.3 0.4 11.6
v -12.2 0.3 11.6
v -12.2 0.4 11.6
v 11.9 0.1 11.6
v 11.9 0.2 11.6
v 12.2 0.1 11.6
v 12.2 0.2 11.6
v -12.2 0.3 11.5
v -12.2 0.4 11.5
v -12.1 0.3 11.5
v -12.1 0.4 11.5
v -9 0.2 11.5
v -9 0.3 11.5
v -8.9 0.2 11.5
v -8.9 0.3 11.5
v -12.1 0.3 11.4
v -12.1 0.4 11.4
v -12 0.3 11.4
v -12 0.4 11.4
v -8.9 0.2 11.4
v -8.9 0.3 11.4
v -8.8 0.2 11.4
v -8.8 0.3 11.4
v 11.5 0.1 11.4
v 11.5 0.2 11.4
v 11.9 0.1 11.4
v 11.9 0.2 11.4
v -12 0.3 11.3
v -12 0.4 11.3
v -11.7 0.3 11.3
v -11.7 0.4 11.3
v 11.4 0.1 11.3
v 11.4 0.2 11.3
v 11.5 0.1 11.3
v 11.5 0.2 11.3
v -11.7 0.3 11.2
v -11.7 0.4 11.2
v -11.6 0.3 11.2
v -11.6 0.4 11.2
v -8.8 0.2 11.2
v -8.8 0.3 11.2
v -8.7 0.2 11.2
v -8.7 0.3 11.2
v 11.1 0.1 11.2
v 11.1 0.2 11.2
v 11.4 0.1 11.2
v 11.4 0.2 11.2
v -11.6 0.3 11.1
v -11.6 0.4 11.1
v -11.5 0.3 11.1
v -11.5 0.4 11.1
v 10.8 0.1 11.1
v 10.8 0.2 11.1
v 11.1 0.1 11.1
v 11.1 0.2 11.1
v -11.5 0.3 11
v -11.5 0.4 11
v -11.4 0.3 11
v -11.4 0.4 11
v -8.7 0.2 11
v -8.7 0.3 11
v -8.6 0.2 11
v -8.6 0.3 11
v -7.8 0.1 11
v -7.8 0.2 11
v -7.7 0.1 11
v -7.7 0.2 11
v 10.5 0.1 11
v 10.5 0.2 11
v 10.8 0.1 11
v 10.8 0.2 11
v 10.2 0.1 10.9
v 10.2 0.2 10.9
v 10.5 0.1 10.9
v 10.5 0.2 10.9
v -11.4 0.3 10.8
v -11.4 0.4 10.8
v -11.3 0.3 10.8
v -11.3 0.4 10.8
v 10 0.1 10.8
v 10 0.2 10.8
v 10.2 0.1 10.8
v 10.2 0.2 10.8
v -11.3 0.3 10.7
v -11.3 0.4 10.7
v -11.2 0.3 10.7
v -11.2 0.4 10.7
v 9.8 0.1 10.7
v 9.8 0.2 10.7
v 10 0.1 10.7
v 10 0.2 10.7
v -8.6 0.2 10.6
v -8.6 0.3 10.6
v -8.5 0.2 10.6
v -8.5 0.3 10.6
v -7.7 0.1 10.6
v -7.7 0.2 10.6
v -7.6 0.1 10.6
v -7.6 0.2 10.6
v 9.6 0.1 10.6
v 9.6 0.2 10.6
v 9.8 0.1 10.6
v 9.8 0.2 10.6
v -11.2 0.3 10.5
v -11.2 0.4 10.5
v -11.1 0.3 10.5
v -11.1 0.4 10.5
v 9.1 0.1 10.5
v 9.1 0.2 10.5
v 9.6 0.1 10.5
v 9.6 0.2 10.5
v 7.8 0.1 10.4
v 7.8 0.2 10.4
v 9.1 0.1 10.4
v 9.1 0.2 10.4
v -11.1 0.3 10.3
v -11.1 0.4 10.3
v -11 0.3 10.3
v -11 0.4 10.3
v 7.3 0.1 10.3
v 7.3 0.2 10.3
v 7.8 0.1 10.3
v 7.8 0.2 10.3
v -11 0.3 10.2
v -11 0.4 10.2
v -10.9 0.3 10.2
v -10.9 0.4 10.2
v -7.6 0.1 10.2
v -7.6 0.2 10.2
v -7.5 0.1 10.2
v -7.5 0.2 10.2
v 7 0.1 10.2
v 7 0.2 10.2
v 7.3 0.1 10.2
v 7.3 0.2 10.2
v -7.5 0.1 10.1
v -7.5 0.2 10.1
v -7.4 0.1 10.1
v -7.4 0.2 10.1
v 6.7 0.1 10.1
v 6.7 0.2 10.1
v 7 0.1 10.1
v 7 0.2 10.1
v -10.9 0.3 10
v -10.9 0.4 10
v -10.7 0.3 10
v -10.7 0.4 10
v -7.4 0.1 10
v -7.4 0.2 10
v -7.3 0.1 10
v -7.3 0.2 10
v 6.5 0.1 10
v 6.5 0.2 10
v 6.7 0.1 10
v 6.7 0.2 10
v 6.2 0.1 9.9
v 6.2 0.2 9.9
v 6.5 0.1 9.9
v 6.5 0.2 9.9
v 12.4 0.2 9.9
v 12.4 0.3 9.9
v 12.8 0.2 9.9
v 12.8 0.3 9.9
v -10.7 0.3 9.8
v -10.7 0.4 9.8
v -10.6 0.3 9.8
v -10.6 0.4 9.8
v -7.3 0.1 9.8
v -7.3 0.2 9.8
v -7.2 0.1 9.8
v -7.2 0.2 9.8
v 6 0.1 9.8
v 6 0.2 9.8
v 6.2 0.1 9.8
v 6.2 0.2 9.8
v 11.2 0.2 9.8
v 11.2 0.3 9.8
v 11.3 0.2 9.8
v 11.3 0.3 9.8
v 12.4 0.2 9.8
v 12.4 0.3 9.8
v -7.2 0.1 9.7
v -7.2 0.2 9.7
v -7.1 0.1 9.7
v -7.1 0.2 9.7
v 5.5 0.1 9.7
v 5.5 0.2 9.7
v 6 0.1 9.7
v 6 0.2 9.7
v 11 0.2 9.7
v 11 0.3 9.7
v 11.2 0.2 9.7
v 11.2 0.3 9.7
v -10.6 0.3 9.6
v -10.6 0.4 9.6
v -10.5 0.3 9.6
v -10.5 0.4 9.6
v -7.1 0.1 9.6
v -7.1 0.2 9.6
v -7 0.1 9.6
v -7 0.2 9.6
v 5.3 0.1 9.6
v 5.3 0.2 9.6
v 5.5 0.1 9.6
v 5.5 0.2 9.6
v 10.8 0.2 9.6
v 10.8 0.3 9.6
v 11 0.2 9.6
v 11 0.3 9.6
v -7 0.1 9.5
v -7 0.2 9.5
v -6.9 0.1 9.5
v -6.9 0.2 9.5
v 5.1 0.1 9.5
v 5.1 0.2 9.5
v 5.3 0.1 9.5
v 5.3 0.2 9.5
v 10.6 0.2 9.5
v 10.6 0.3 9.5
v 10.8 0.2 9.5
v 10.8 0.3 9.5
v -10.5 0.3 9.4
v -10.5 0.4 9.4
v -10.4 0.3 9.4
v -10.4 0.4 9.4
v -6.9 0.1 9.4
v -6.9 0.2 9.4
v -6.8 0.1 9.4
v -6.8 0.2 9.4
v 4.8 0.1 9.4
v 4.8 0.2 9.4
v 5.1 0.1 9.4
v 5.1 0.2 9.4
v 10.3 0.2 9.4
v 10.3 0.3 9.4
v 10.6 0.2 9.4
v 10.6 0.3 9.4
v -6.8 0.1 9.3
v -6.8 0.2 9.3
v -6.7 0.1 9.3
v -6.7 0.2 9.3
v 4.5 0.1 9.3
v 4.5 0.2 9.3
v 4.8 0.1 9.3
v 4.8 0.2 9.3
v 10.1 0.2 9.3
v 10.1 0.3 9.3
v 10.3 0.2 9.3
v 10.3 0.3 9.3
v -10.4 0.3 9.2
v -10.4 0.4 9.2
v -10.3 0.3 9.2
v -10.3 0.4 9.2
v -6.7 0.1 9.2
v -6.7 0.2 9.2
v -6.6 0.1 9.2
v -6.6 0.2 9.2
v 4.3 0.1 9.2
v 4.3 0.2 9.2
v 4.5 0.1 9.2
v 4.5 0.2 9.2
v 10 0.2 9.2
v 10 0.3 9.2
v 10.1 0.2 9.2
v 10.1 0.3 9.2
v 12.7 0.3 9.2
v 12.7 0.4 9.2
v 12.8 0.3 9.2
v 12.8 0.4 9.2
v -6.6 0.1 9.1
v -6.6 0.2 9.1
v -6.5 0.1 9.1
v -6.5 0.2 9.1
v 4 0.1 9.1
v 4 0.2 9.1
v 4.3 0.1 9.1
v 4.3 0.2 9.1
v 7.6 0.2 9.1
v 7.6 0.3 9.1
v 9.9 0.2 9.1
v 10 0.2 9.1
v 10 0.3 9.1
v 12.4 0.3 9.1
v 12.4 0.4 9.1
v 12.7 0.3 9.1
v 12.7 0.4 9.1
v -6.5 0.1 9
v -6.5 0.2 9
v -6.4 0.1 9
v -6.4 0.2 9
v 3.8 0.1 9
v 3.8 0.2 9
v 4 0.1 9
v 4 0.2 9
v 7.4 0.2 9
v 7.4 0.3 9
v 7.6 0.2 9
v 7.6 0.3 9
v 12.2 0.3 9
v 12.2 0.4 9
v 12.4 0.3 9
v 12.4 0.4 9
v -10.3 0.3 8.9
v -10.3 0.4 8.9
v -10.2 0.3 8.9
v -10.2 0.4 8.9
v -6.4 0.1 8.9
v -6.4 0.2 8.9
v -6.3 0.1 8.9
v -6.3 0.2 8.9
v 3.7 0.1 8.9
v 3.7 0.2 8.9
v 3.8 0.1 8.9
v 3.8 0.2 8.9
v 7.3 0.2 8.9
v 7.3 0.3 8.9
v 7.4 0.2 8.9
v 7.4 0.3 8.9
v 12.1 0.3 8.9
v 12.1 0.4 8.9
v 12.2 0.3 8.9
v 12.2 0.4 8.9
v 3.6 0.1 8.8
v 3.6 0.2 8.8
v 3.7 0.1 8.8
v 3.7 0.2 8.8
v 7.1 0.2 8.8
v 7.1 0.3 8.8
v 7.3 0.2 8.8
v 7.3 0.3 8.8
v 12 0.3 8.8
v 12 0.4 8.8
v 12.1 0.3 8.8
v 12.1 0.4 8.8
v -10.2 0.3 8.7
v -10.2 0.4 8.7
v -10.1 0.3 8.7
v -10.1 0.4 8.7
v -6.3 0.1 8.7
v -6.3 0.2 8.7
v -6.2 0.1 8.7
v -6.2 0.2 8.7
v 3.4 0.1 8.7
v 3.4 0.2 8.7
v 3.6 0.1 8.7
v 3.6 0.2 8.7
v 6.9 0.2 8.7
v 6.9 0.3 8.7
v 7.1 0.2 8.7
v 7.1 0.3 8.7
v 11.7 0.3 8.7
v 11.7 0.4 8.7
v 12 0.3 8.7
v 12 0.4 8.7
v -6.2 0.1 8.6
v -6.2 0.2 8.6
v -6.1 0.1 8.6
v -6.1 0.2 8.6
v 3.3 0.1 8.6
v 3.3 0.2 8.6
v 3.4 0.1 8.6
v 3.4 0.2 8.6
v 6.7 0.2 8.6
v 6.7 0.3 8.6
v 6.9 0.2 8.6
v 6.9 0.3 8.6
v 11.6 0.3 8.6
v 11.6 0.4 8.6
v 11.7 0.3 8.6
v 11.7 0.4 8.6
v -6.1 0.1 8.5
v -6.1 0.2 8.5
v -6 0.1 8.5
v -6 0.2 8.5
v 3.2 0.1 8.5
v 3.2 0.2 8.5
v 3.3 0.1 8.5
v 3.3 0.2 8.5
v 6.5 0.2 8.5
v 6.5 0.3 8.5
v 6.7 0.2 8.5
v 6.7 0.3 8.5
v 11.4 0.3 8.5
v 11.4 0.4 8.5
v 11.6 0.3 8.5
v 11.6 0.4 8.5
v -6 0.1 8.4
v -6 0.2 8.4
v -5.9 0.1 8.4
v -5.9 0.2 8.4
v 3.1 0.1 8.4
v 3.1 0.2 8.4
v 3.2 0.1 8.4
v 3.2 0.2 8.4
v 6.3 0.2 8.4
v 6.3 0.3 8.4
v 6.5 0.2 8.4
v 6.5 0.3 8.4
v 11.2 0.3 8.4
v 11.2 0.4 8.4
v 11.4 0.3 8.4
v 11.4 0.4 8.4
v -10.1 0.3 8.3
v -10.1 0.4 8.3
v -10 0.3 8.3
v -10 0.4 8.3
v -5.9 0.1 8.3
v -5.9 0.2 8.3
v -5.8 0.1 8.3
v -5.8 0.2 8.3
v 3 0.1 8.3
v 3 0.2 8.3
v 3.1 0.1 8.3
v 3.1 0.2 8.3
v 6.1 0.2 8.3
v 6.1 0.3 8.3
v 6.3 0.2 8.3
v 6.3 0.3 8.3
v 11 0.3 8.3
v 11 0.4 8.3
v 11.2 0.3 8.3
v 11.2 0.4 8.3
v -5.8 0.1 8.2
v -5.8 0.2 8.2
v -5.7 0.1 8.2
v -5.7 0.2 8.2
v 5.9 0.2 8.2
v 5.9 0.3 8.2
v 6.1 0.2 8.2
v 6.1 0.3 8.2
v 10.8 0.3 8.2
v 10.8 0.4 8.2
v 11 0.3 8.2
v 11 0.4 8.2
v -5.7 0.1 8.1
v -5.7 0.2 8.1
v -5.6 0.1 8.1
v -5.6 0.2 8.1
v 2.9 0.1 8.1
v 2.9 0.2 8.1
v 3 0.1 8.1
v 3 0.2 8.1
v 5.7 0.2 8.1
v 5.7 0.3 8.1
v 5.9 0.2 8.1
v 5.9 0.3 8.1
v 10.6 0.3 8.1
v 10.6 0.4 8.1
v 10.8 0.3 8.1
v 10.8 0.4 8.1
v 2.8 0.1 8
v 2.8 0.2 8
v 2.9 0.1 8
v 2.9 0.2 8
v 5.5 0.2 8
v 5.5 0.3 8
v 5.7 0.2 8
v 5.7 0.3 8
v 10.5 0.3 8
v 10.5 0.4 8
v 10.6 0.3 8
v 10.6 0.4 8
v -5.6 0.1 7.9
v -5.6 0.2 7.9
v -5.5 0.1 7.9
v -5.5 0.2 7.9
v 2.7 0.1 7.9
v 2.7 0.2 7.9
v 2.8 0.1 7.9
v 2.8 0.2 7.9
v 5.4 0.2 7.9
v 5.4 0.3 7.9
v 5.5 0.2 7.9
v 5.5 0.3 7.9
v 10.3 0.3 7.9
v 10.3 0.4 7.9
v 10.5 0.3 7.9
v 10.5 0.4 7.9
v -5.5 0.1 7.8
v -5.5 0.2 7.8
v -5.4 0.1 7.8
v -5.4 0.2 7.8
v 5.2 0.2 7.8
v 5.2 0.3 7.8
v 5.4 0.2 7.8
v 5.4 0.3 7.8
v 9.9 0.3 7.8
v 9.9 0.4 7.8
v 10.3 0.3 7.8
v 10.3 0.4 7.8
v -10 0.3 7.7
v -10 0.4 7.7
v -9.9 0.3 7.7
v -9.9 0.4 7.7
v 2.6 0.1 7.7
v 2.6 0.2 7.7
v 2.7 0.1 7.7
v 2.7 0.2 7.7
v 5 0.2 7.7
v 5 0.3 7.7
v 5.2 0.2 7.7
v 5.2 0.3 7.7
v 9.8 0.3 7.7
v 9.8 0.4 7.7
v 9.9 0.3 7.7
v 9.9 0.4 7.7
v 12.6 0.4 7.7
v 12.6 0.5 7.7
v 12.8 0.4 7.7
v 12.8 0.5 7.7
v -8.6 0.2 7.6
v -8.6 0.3 7.6
v -8.5 0.2 7.6
v -8.5 0.3 7.6
v -5.4 0.1 7.6
v -5.4 0.2 7.6
v -5.3 0.1 7.6
v -5.3 0.2 7.6
v 2.5 0.1 7.6
v 2.5 0.2 7.6
v 2.6 0.1 7.6
v 2.6 0.2 7.6
v 4.8 0.2 7.6
v 4.8 0.3 7.6
v 5 0.2 7.6
v 5 0.3 7.6
v 9.4 0.3 7.6
v 9.4 0.4 7.6
v 9.8 0.3 7.6
v 9.8 0.4 7.6
v 12.5 0.4 7.6
v 12.5 0.5 7.6
v 12.6 0.4 7.6
v 12.6 0.5 7.6
v -5.3 0.1 7.5
v -5.3 0.2 7.5
v -5.2 0.1 7.5
v -5.2 0.2 7.5
v 4.7 0.2 7.5
v 4.7 0.3 7.5
v 4.8 0.2 7.5
v 4.8 0.3 7.5
v 9.2 0.3 7.5
v 9.2 0.4 7.5
v 9.4 0.3 7.5
v 9.4 0.4 7.5
v 12.3 0.4 7.5
v 12.3 0.5 7.5
v 12.5 0.4 7.5
v 12.5 0.5 7.5
v 2.4 0.1 7.4
v 2.4 0.2 7.4
v 2.5 0.1 7.4
v 2.5 0.2 7.4
v 4.6 0.2 7.4
v 4.6 0.3 7.4
v 4.7 0.2 7.4
v 4.7 0.3 7.4
v 9 0.3 7.4
v 9 0.4 7.4
v 9.2 0.3 7.4
v 9.2 0.4 7.4
v 12 0.4 7.4
v 12 0.5 7.4
v 12.3 0.4 7.4
v 12.3 0.5 7.4
v -5.2 0.1 7.3
v -5.2 0.2 7.3
v -5.1 0.1 7.3
v -5.1 0.2 7.3
v 4.4 0.2 7.3
v 4.4 0.3 7.3
v 4.6 0.2 7.3
v 4.6 0.3 7.3
v 8.7 0.3 7.3
v 8.7 0.4 7.3
v 9 0.3 7.3
v 9 0.4 7.3
v 10.7 0.4 7.3
v 10.7 0.5 7.3
v 12 0.4 7.3
v 12 0.5 7.3
v -8.5 0.2 7.2
v -8.5 0.3 7.2
v -8.4 0.2 7.2
v -8.4 0.3 7.2
v -5.1 0.1 7.2
v -5.1 0.2 7.2
v -5 0.1 7.2
v -5 0.2 7.2
v 2.3 0.1 7.2
v 2.3 0.2 7.2
v 2.4 0.1 7.2
v 2.4 0.2 7.2
v 4.3 0.2 7.2
v 4.3 0.3 7.2
v 4.4 0.2 7.2
v 4.4 0.3 7.2
v 8.4 0.3 7.2
v 8.4 0.4 7.2
v 8.7 0.3 7.2
v 8.7 0.4 7.2
v 10.4 0.4 7.2
v 10.4 0.5 7.2
v 10.7 0.4 7.2
v 10.7 0.5 7.2
v 4.2 0.2 7.1
v 4.2 0.3 7.1
v 4.3 0.2 7.1
v 4.3 0.3 7.1
v 8.1 0.3 7.1
v 8.1 0.4 7.1
v 8.4 0.3 7.1
v 8.4 0.4 7.1
v 10.2 0.4 7.1
v 10.2 0.5 7.1
v 10.4 0.4 7.1
v 10.4 0.5 7.1
v -5 0.1 7
v -5 0.2 7
v -4.9 0.1 7
v -4.9 0.2 7
v 2.2 0.1 7
v 2.2 0.2 7
v 2.3 0.1 7
v 2.3 0.2 7
v 4.1 0.2 7
v 4.1 0.3 7
v 4.2 0.2 7
v 4.2 0.3 7
v 7.8 0.3 7
v 7.8 0.4 7
v 8.1 0.3 7
v 8.1 0.4 7
v 10.1 0.4 7
v 10.1 0.5 7
v 10.2 0.4 7
v 10.2 0.5 7
v 4 0.2 6.9
v 4 0.3 6.9
v 4.1 0.2 6.9
v 4.1 0.3 6.9
v 7.6 0.3 6.9
v 7.6 0.4 6.9
v 7.8 0.3 6.9
v 7.8 0.4 6.9
v 9.9 0.4 6.9
v 9.9 0.5 6.9
v 10.1 0.4 6.9
v 10.1 0.5 6.9
v -8.4 0.2 6.8
v -8.4 0.3 6.8
v -8.3 0.2 6.8
v -8.3 0.3 6.8
v -4.9 0.1 6.8
v -4.9 0.2 6.8
v -4.8 0.1 6.8
v -4.8 0.2 6.8
v 2.1 0.1 6.8
v 2.1 0.2 6.8
v 2.2 0.1 6.8
v 2.2 0.2 6.8
v 7.5 0.3 6.8
v 7.5 0.4 6.8
v 7.6 0.3 6.8
v 7.6 0.4 6.8
v 9.8 0.4 6.8
v 9.8 0.5 6.8
v 9.9 0.4 6.8
v 9.9 0.5 6.8
v 3.9 0.2 6.7
v 3.9 0.3 6.7
v 4 0.2 6.7
v 4 0.3 6.7
v 7.4 0.3 6.7
v 7.4 0.4 6.7
v 7.5 0.3 6.7
v 7.5 0.4 6.7
v 9.6 0.4 6.7
v 9.6 0.5 6.7
v 9.8 0.4 6.7
v 9.8 0.5 6.7
v -8.3 0.2 6.6
v -8.3 0.3 6.6
v -8.2 0.2 6.6
v -8.2 0.3 6.6
v -4.8 0.1 6.6
v -4.8 0.2 6.6
v -4.7 0.1 6.6
v -4.7 0.2 6.6
v 2 0.1 6.6
v 2 0.2 6.6
v 2.1 0.1 6.6
v 2.1 0.2 6.6
v 3.8 0.2 6.6
v 3.8 0.3 6.6
v 3.9 0.2 6.6
v 3.9 0.3 6.6
v 7.2 0.3 6.6
v 7.2 0.4 6.6
v 7.4 0.3 6.6
v 7.4 0.4 6.6
v 9.5 0.4 6.6
v 9.5 0.5 6.6
v 9.6 0.4 6.6
v 9.6 0.5 6.6
v 3.7 0.2 6.5
v 3.7 0.3 6.5
v 3.8 0.2 6.5
v 3.8 0.3 6.5
v 7.1 0.3 6.5
v 7.1 0.4 6.5
v 7.2 0.3 6.5
v 7.2 0.4 6.5
v 9.3 0.4 6.5
v 9.3 0.5 6.5
v 9.5 0.4 6.5
v 9.5 0.5 6.5
v -4.7 0.1 6.4
v -4.7 0.2 6.4
v -4.6 0.1 6.4
v -4.6 0.2 6.4
v 1.9 0.1 6.4
v 1.9 0.2 6.4
v 2 0.1 6.4
v 2 0.2 6.4
v 3.6 0.2 6.4
v 3.6 0.3 6.4
v 3.7 0.2 6.4
v 3.7 0.3 6.4
v 7 0.3 6.4
v 7 0.4 6.4
v 7.1 0.3 6.4
v 7.1 0.4 6.4
v 9.1 0.4 6.4
v 9.1 0.5 6.4
v 9.3 0.4 6.4
v 9.3 0.5 6.4
v -8.2 0.2 6.3
v -8.2 0.3 6.3
v -8.1 0.2 6.3
v -8.1 0.3 6.3
v -4.6 0.1 6.3
v -4.6 0.2 6.3
v -4.5 0.1 6.3
v -4.5 0.2 6.3
v 6.9 0.3 6.3
v 6.9 0.4 6.3
v 7 0.3 6.3
v 7 0.4 6.3
v 9 0.4 6.3
v 9 0.5 6.3
v 9.1 0.4 6.3
v 9.1 0.5 6.3
v 1.8 0.1 6.2
v 1.8 0.2 6.2
v 1.9 0.1 6.2
v 1.9 0.2 6.2
v 3.5 0.2 6.2
v 3.5 0.3 6.2
v 3.6 0.2 6.2
v 3.6 0.3 6.2
v 8.9 0.4 6.2
v 8.9 0.5 6.2
v 9 0.4 6.2
v 9 0.5 6.2
v -4.5 0.1 6.1
v -4.5 0.2 6.1
v -4.4 0.1 6.1
v -4.4 0.2 6.1
v 6.8 0.3 6.1
v 6.8 0.4 6.1
v 6.9 0.3 6.1
v 6.9 0.4 6.1
v -8.1 0.2 6
v -8.1 0.3 6
v -8 0.2 6
v -8 0.3 6
v 3.4 0.2 6
v 3.4 0.3 6
v 3.5 0.2 6
v 3.5 0.3 6
v 6.7 0.3 6
v 6.7 0.4 6
v 6.8 0.3 6
v 6.8 0.4 6
v 8.8 0.4 6
v 8.8 0.5 6
v 8.9 0.4 6
v 8.9 0.5 6
v 6.6 0.3 5.9
v 6.6 0.4 5.9
v 6.7 0.3 5.9
v 6.7 0.4 5.9
v 3.3 0.2 5.8
v 3.3 0.3 5.8
v 3.4 0.2 5.8
v 3.4 0.3 5.8
v 8.7 0.4 5.8
v 8.7 0.5 5.8
v 8.8 0.4 5.8
v 8.8 0.5 5.8
v 3.2 0.2 5.7
v 3.2 0.3 5.7
v 3.3 0.2 5.7
v 3.3 0.3 5.7
v 6.5 0.3 5.7
v 6.5 0.4 5.7
v 6.6 0.3 5.7
v 6.6 0.4 5.7
v 8.6 0.4 5.7
v 8.6 0.5 5.7
v 8.7 0.4 5.7
v 8.7 0.5 5.7
v 3.1 0.2 5.6
v 3.1 0.3 5.6
v 3.2 0.2 5.6
v 3.2 0.3 5.6
v 6.4 0.3 5.6
v 6.4 0.4 5.6
v 6.5 0.3 5.6
v 6.5 0.4 5.6
v 8.5 0.4 5.6
v 8.5 0.5 5.6
v 8.6 0.4 5.6
v 8.6 0.5 5.6
v 6.3 0.3 5.5
v 6.3 0.4 5.5
v 6.4 0.3 5.5
v 6.4 0.4 5.5
v 3 0.2 5.4
v 3 0.3 5.4
v 3.1 0.2 5.4
v 3.1 0.3 5.4
v 6.2 0.3 5.4
v 6.2 0.4 5.4
v 6.3 0.3 5.4
v 6.3 0.4 5.4
v 8.4 0.4 5.4
v 8.4 0.5 5.4
v 8.5 0.4 5.4
v 8.5 0.5 5.4
v -8 0.2 5.3
v -8 0.3 5.3
v -7.9 0.2 5.3
v -7.9 0.3 5.3
v 1.7 0.1 5.3
v 1.7 0.2 5.3
v 1.8 0.1 5.3
v 1.8 0.2 5.3
v 6 0.3 5.3
v 6 0.4 5.3
v 6.2 0.3 5.3
v 6.2 0.4 5.3
v 12.7 0.5 5.3
v 12.7 0.6 5.3
v 12.8 0.5 5.3
v 12.8 0.6 5.3
v 2.9 0.2 5.2
v 2.9 0.3 5.2
v 3 0.2 5.2
v 3 0.3 5.2
v 5.9 0.3 5.2
v 5.9 0.4 5.2
v 6 0.3 5.2
v 6 0.4 5.2
v 8.3 0.4 5.2
v 8.3 0.5 5.2
v 8.4 0.4 5.2
v 8.4 0.5 5.2
v 12.3 0.5 5.2
v 12.3 0.6 5.2
v 12.7 0.5 5.2
v 12.7 0.6 5.2
v 1.6 0.1 5.1
v 1.6 0.2 5.1
v 1.7 0.1 5.1
v 1.7 0.2 5.1
v 5.8 0.3 5.1
v 5.8 0.4 5.1
v 5.9 0.3 5.1
v 5.9 0.4 5.1
v 12.1 0.5 5.1
v 12.1 0.6 5.1
v 12.3 0.5 5.1
v 12.3 0.6 5.1
v 5.7 0.3 5
v 5.7 0.4 5
v 5.8 0.3 5
v 5.8 0.4 5
v 8.2 0.4 5
v 8.2 0.5 5
v 8.3 0.4 5
v 8.3 0.5 5
v 12 0.5 5
v 12 0.6 5
v 12.1 0.5 5
v 12.1 0.6 5
v 1.5 0.1 4.9
v 1.5 0.2 4.9
v 1.6 0.1 4.9
v 1.6 0.2 4.9
v 5.6 0.3 4.9
v 5.6 0.4 4.9
v 5.7 0.3 4.9
v 5.7 0.4 4.9
v 11.9 0.5 4.9
v 11.9 0.6 4.9
v 12 0.5 4.9
v 12 0.6 4.9
v 1.4 0.1 4.8
v 1.4 0.2 4.8
v 1.5 0.1 4.8
v 1.5 0.2 4.8
v 2.8 0.2 4.8
v 2.8 0.3 4.8
v 2.9 0.2 4.8
v 2.9 0.3 4.8
v 5.5 0.3 4.8
v 5.5 0.4 4.8
v 5.6 0.3 4.8
v 5.6 0.4 4.8
v 8.1 0.4 4.8
v 8.1 0.5 4.8
v 8.2 0.4 4.8
v 8.2 0.5 4.8
v 11.7 0.5 4.8
v 11.7 0.6 4.8
v 11.9 0.5 4.8
v 11.9 0.6 4.8
v 1.3 0.1 4.7
v 1.3 0.2 4.7
v 1.4 0.1 4.7
v 1.4 0.2 4.7
v 5.4 0.3 4.7
v 5.4 0.4 4.7
v 5.5 0.3 4.7
v 5.5 0.4 4.7
v 8 0.4 4.7
v 8 0.5 4.7
v 8.1 0.4 4.7
v 8.1 0.5 4.7
v 11.5 0.5 4.7
v 11.5 0.6 4.7
v 11.7 0.5 4.7
v 11.7 0.6 4.7
v 1.2 0.1 4.6
v 1.2 0.2 4.6
v 1.3 0.1 4.6
v 1.3 0.2 4.6
v 2.7 0.2 4.6
v 2.7 0.3 4.6
v 2.8 0.2 4.6
v 2.8 0.3 4.6
v 5.3 0.3 4.6
v 5.3 0.4 4.6
v 5.4 0.3 4.6
v 5.4 0.4 4.6
v 11.4 0.5 4.6
v 11.4 0.6 4.6
v 11.5 0.5 4.6
v 11.5 0.6 4.6
v 1.1 0.1 4.5
v 1.1 0.2 4.5
v 1.2 0.1 4.5
v 1.2 0.2 4.5
v 5.1 0.3 4.5
v 5.1 0.4 4.5
v 5.3 0.3 4.5
v 5.3 0.4 4.5
v 7.9 0.4 4.5
v 7.9 0.5 4.5
v 8 0.4 4.5
v 8 0.5 4.5
v 11.2 0.5 4.5
v 11.2 0.6 4.5
v 11.4 0.5 4.5
v 11.4 0.6 4.5
v 5 0.3 4.4
v 5 0.4 4.4
v 5.1 0.3 4.4
v 5.1 0.4 4.4
v 11 0.5 4.4
v 11 0.6 4.4
v 11.2 0.5 4.4
v 11.2 0.6 4.4
v 1 0.1 4.3
v 1 0.2 4.3
v 1.1 0.1 4.3
v 1.1 0.2 4.3
v 2.6 0.2 4.3
v 2.6 0.3 4.3
v 2.7 0.2 4.3
v 2.7 0.3 4.3
v 4.9 0.3 4.3
v 4.9 0.4 4.3
v 5 0.3 4.3
v 5 0.4 4.3
v 7.8 0.4 4.3
v 7.8 0.5 4.3
v 7.9 0.4 4.3
v 7.9 0.5 4.3
v 0.9 0.1 4.2
v 0.9 0.2 4.2
v 1 0.1 4.2
v 1 0.2 4.2
v 4.8 0.3 4.2
v 4.8 0.4 4.2
v 4.9 0.3 4.2
v 4.9 0.4 4.2
v 10.7 0.5 4.2
v 10.7 0.6 4.2
v 11 0.5 4.2
v 11 0.6 4.2
v 2.5 0.2 4.1
v 2.5 0.3 4.1
v 2.6 0.2 4.1
v 2.6 0.3 4.1
v 4.6 0.3 4.1
v 4.6 0.4 4.1
v 4.8 0.3 4.1
v 4.8 0.4 4.1
v 7.7 0.4 4.1
v 7.7 0.5 4.1
v 7.8 0.4 4.1
v 7.8 0.5 4.1
v 10.6 0.5 4.1
v 10.6 0.6 4.1
v 10.7 0.5 4.1
v 10.7 0.6 4.1
v 0.799999 0.1 4
v 0.799999 0.2 4
v 0.9 0.1 4
v 0.9 0.2 4
v 4.5 0.3 4
v 4.5 0.4 4
v 4.6 0.3 4
v 4.6 0.4 4
v 10.3 0.5 4
v 10.3 0.6 4
v 10.6 0.5 4
v 10.6 0.6 4
v 0.7 0.1 3.9
v 0.7 0.2 3.9
v 0.799999 0.1 3.9
v 0.799999 0.2 3.9
v 2.4 0.2 3.9
v 2.4 0.3 3.9
v 2.5 0.2 3.9
v 2.5 0.3 3.9
v 4.4 0.3 3.9
v 4.4 0.4 3.9
v 4.5 0.3 3.9
v 4.5 0.4 3.9
v 10.1 0.5 3.9
v 10.1 0.6 3.9
v 10.3 0.5 3.9
v 10.3 0.6 3.9
v 0.599999 0.1 3.8
v 0.599999 0.2 3.8
v 0.7 0.1 3.8
v 0.7 0.2 3.8
v 4.2 0.3 3.8
v 4.2 0.4 3.8
v 4.4 0.3 3.8
v 4.4 0.4 3.8
v 7.6 0.4 3.8
v 7.6 0.5 3.8
v 7.7 0.4 3.8
v 7.7 0.5 3.8
v 2.3 0.2 3.7
v 2.3 0.3 3.7
v 2.4 0.2 3.7
v 2.4 0.3 3.7
v 4.1 0.3 3.7
v 4.1 0.4 3.7
v 4.2 0.3 3.7
v 4.2 0.4 3.7
v 0.5 0.1 3.6
v 0.5 0.2 3.6
v 0.599999 0.1 3.6
v 0.599999 0.2 3.6
v 4 0.3 3.6
v 4 0.4 3.6
v 4.1 0.3 3.6
v 4.1 0.4 3.6
v 7.5 0.4 3.6
v 7.5 0.5 3.6
v 7.6 0.4 3.6
v 7.6 0.5 3.6
v 10 0.5 3.6
v 10 0.6 3.6
v 10.1 0.5 3.6
v 10.1 0.6 3.6
v 2.2 0.2 3.5
v 2.2 0.3 3.5
v 2.3 0.2 3.5
v 2.3 0.3 3.5
v 9.9 0.5 3.5
v 9.9 0.6 3.5
v 10 0.5 3.5
v 10 0.6 3.5
v -10 0.3 3.4
v -10 0.4 3.4
v -9.9 0.3 3.4
v -9.9 0.4 3.4
v 0.4 0.1 3.4
v 0.4 0.2 3.4
v 0.5 0.1 3.4
v 0.5 0.2 3.4
v 3.9 0.3 3.4
v 3.9 0.4 3.4
v 4 0.3 3.4
v 4 0.4 3.4
v 0.299999 0.1 3.3
v 0.299999 0.2 3.3
v 0.4 0.1 3.3
v 0.4 0.2 3.3
v 2.1 0.2 3.3
v 2.1 0.3 3.3
v 2.2 0.2 3.3
v 2.2 0.3 3.3
v 3.8 0.3 3.3
v 3.8 0.4 3.3
v 3.9 0.3 3.3
v 3.9 0.4 3.3
v 9.8 0.5 3.3
v 9.8 0.6 3.3
v 9.9 0.5 3.3
v 9.9 0.6 3.3
v 0.2 0.1 3.2
v 0.2 0.2 3.2
v 0.299999 0.1 3.2
v 0.299999 0.2 3.2
v 3.7 0.3 3.2
v 3.7 0.4 3.2
v 3.8 0.3 3.2
v 3.8 0.4 3.2
v 7.4 0.4 3.2
v 7.4 0.5 3.2
v 7.5 0.4 3.2
v 7.5 0.5 3.2
v 0.0999994 0.1 3.1
v 0.0999994 0.2 3.1
v 0.2 0.1 3.1
v 0.2 0.2 3.1
v 2 0.2 3.1
v 2 0.3 3.1
v 2.1 0.2 3.1
v 2.1 0.3 3.1
v 9.7 0.5 3.1
v 9.7 0.6 3.1
v 9.8 0.5 3.1
v 9.8 0.6 3.1
v -9.9 0.3 3
v -9.9 0.4 3
v -9.8 0.3 3
v -9.8 0.4 3
v 0 0.1 3
v 0 0.2 3
v 0.0999994 0.1 3
v 0.0999994 0.2 3
v 3.6 0.3 3
v 3.6 0.4 3
v 3.7 0.3 3
v 3.7 0.4 3
v -12.8 0.4 2.9
v -12.8 0.5 2.9
v -12.7 0.4 2.9
v -12.7 0.5 2.9
v 1.9 0.2 2.9
v 1.9 0.3 2.9
v 2 0.2 2.9
v 2 0.3 2.9
v 3.5 0.3 2.9
v 3.5 0.4 2.9
v 3.6 0.3 2.9
v 3.6 0.4 2.9
v 7.3 0.4 2.9
v 7.3 0.5 2.9
v 7.4 0.4 2.9
v 7.4 0.5 2.9
v 9.6 0.5 2.9
v 9.6 0.6 2.9
v 9.7 0.5 2.9
v 9.7 0.6 2.9
v -12.7 0.4 2.8
v -12.7 0.5 2.8
v -12.6 0.4 2.8
v -12.6 0.5 2.8
v -0.1 0.1 2.8
v -0.1 0.2 2.8
v 0 0.1 2.8
v 0 0.2 2.8
v 1.8 0.2 2.8
v 1.8 0.3 2.8
v 1.9 0.2 2.8
v 1.9 0.3 2.8
v 3.4 0.3 2.8
v 3.4 0.4 2.8
v 3.5 0.3 2.8
v 3.5 0.4 2.8
v -12.6 0.4 2.7
v -12.6 0.5 2.7
v -12.5 0.4 2.7
v -12.5 0.5 2.7
v 1.7 0.2 2.7
v 1.7 0.3 2.7
v 1.8 0.2 2.7
v 1.8 0.3 2.7
v 3.3 0.3 2.7
v 3.3 0.4 2.7
v 3.4 0.3 2.7
v 3.4 0.4 2.7
v 7.2 0.4 2.7
v 7.2 0.5 2.7
v 7.3 0.4 2.7
v 7.3 0.5 2.7
v 9.5 0.5 2.7
v 9.5 0.6 2.7
v 9.6 0.5 2.7
v 9.6 0.6 2.7
v -9.8 0.3 2.6
v -9.8 0.4 2.6
v -9.7 0.3 2.6
v -9.7 0.4 2.6
v -0.200001 0.1 2.6
v -0.200001 0.2 2.6
v -0.1 0.1 2.6
v -0.1 0.2 2.6
v 3.2 0.3 2.6
v 3.2 0.4 2.6
v 3.3 0.3 2.6
v 3.3 0.4 2.6
v 9.4 0.5 2.6
v 9.4 0.6 2.6
v 9.5 0.5 2.6
v 9.5 0.6 2.6
v -12.5 0.4 2.5
v -12.5 0.5 2.5
v -12.3 0.4 2.5
v -12.3 0.5 2.5
v 1.6 0.2 2.5
v 1.6 0.3 2.5
v 1.7 0.2 2.5
v 1.7 0.3 2.5
v 6.9 0.4 2.5
v 6.9 0.5 2.5
v 7.2 0.4 2.5
v 7.2 0.5 2.5
v -12.3 0.4 2.4
v -12.3 0.5 2.4
v -12.1 0.4 2.4
v -12.1 0.5 2.4
v -9.7 0.3 2.4
v -9.7 0.4 2.4
v -9.6 0.3 2.4
v -9.6 0.4 2.4
v -0.3 0.1 2.4
v -0.3 0.2 2.4
v -0.200001 0.1 2.4
v -0.200001 0.2 2.4
v 1.5 0.2 2.4
v 1.5 0.3 2.4
v 1.6 0.2 2.4
v 1.6 0.3 2.4
v 3.1 0.3 2.4
v 3.1 0.4 2.4
v 3.2 0.3 2.4
v 3.2 0.4 2.4
v 9.3 0.5 2.4
v 9.3 0.6 2.4
v 9.4 0.5 2.4
v 9.4 0.6 2.4
v -12.1 0.4 2.3
v -12.1 0.5 2.3
v -12 0.4 2.3
v -12 0.5 2.3
v -0.400001 0.1 2.3
v -0.400001 0.2 2.3
v -0.3 0.1 2.3
v -0.3 0.2 2.3
v 3 0.3 2.3
v 3 0.4 2.3
v 3.1 0.3 2.3
v 3.1 0.4 2.3
v 6.7 0.4 2.3
v 6.7 0.5 2.3
v 6.9 0.4 2.3
v 6.9 0.5 2.3
v -12 0.4 2.2
v -12 0.5 2.2
v -11.9 0.4 2.2
v -11.9 0.5 2.2
v -0.5 0.1 2.2
v -0.5 0.2 2.2
v -0.400001 0.1 2.2
v -0.400001 0.2 2.2
v 6.6 0.4 2.2
v 6.6 0.5 2.2
v 6.7 0.4 2.2
v 6.7 0.5 2.2
v 9.2 0.5 2.2
v 9.2 0.6 2.2
v 9.3 0.5 2.2
v 9.3 0.6 2.2
v -9.6 0.3 2.1
v -9.6 0.4 2.1
v -9.5 0.3 2.1
v -9.5 0.4 2.1
v 1.4 0.2 2.1
v 1.4 0.3 2.1
v 1.5 0.2 2.1
v 1.5 0.3 2.1
v 2.9 0.3 2.1
v 2.9 0.4 2.1
v 3 0.3 2.1
v 3 0.4 2.1
v 6.4 0.4 2.1
v 6.4 0.5 2.1
v 6.6 0.4 2.1
v 6.6 0.5 2.1
v -11.9 0.4 2
v -11.9 0.5 2
v -11.8 0.4 2
v -11.8 0.5 2
v -0.6 0.1 2
v -0.6 0.2 2
v -0.5 0.1 2
v -0.5 0.2 2
v 1.3 0.2 2
v 1.3 0.3 2
v 1.4 0.2 2
v 1.4 0.3 2
v 6.2 0.4 2
v 6.2 0.5 2
v 6.4 0.4 2
v 6.4 0.5 2
v 9.1 0.5 2
v 9.1 0.6 2
v 9.2 0.5 2
v 9.2 0.6 2
v -11.8 0.4 1.9
v -11.8 0.5 1.9
v -11.7 0.4 1.9
v -11.7 0.5 1.9
v -0.700001 0.1 1.9
v -0.700001 0.2 1.9
v -0.6 0.1 1.9
v -0.6 0.2 1.9
v 2.8 0.3 1.9
v 2.8 0.4 1.9
v 2.9 0.3 1.9
v 2.9 0.4 1.9
v 6.1 0.4 1.9
v 6.1 0.5 1.9
v 6.2 0.4 1.9
v 6.2 0.5 1.9
v -9.5 0.3 1.8
v -9.5 0.4 1.8
v -9.4 0.3 1.8
v -9.4 0.4 1.8
v -0.8 0.1 1.8
v -0.8 0.2 1.8
v -0.700001 0.1 1.8
v -0.700001 0.2 1.8
v 5.9 0.4 1.8
v 5.9 0.5 1.8
v 6.1 0.4 1.8
v 6.1 0.5 1.8
v 8.9 0.5 1.8
v 8.9 0.6 1.8
v 9.1 0.5 1.8
v 9.1 0.6 1.8
v -11.7 0.4 1.7
v -11.7 0.5 1.7
v -11.6 0.4 1.7
v -11.6 0.5 1.7
v 1.2 0.2 1.7
v 1.2 0.3 1.7
v 1.3 0.2 1.7
v 1.3 0.3 1.7
v 2.7 0.3 1.7
v 2.7 0.4 1.7
v 2.8 0.3 1.7
v 2.8 0.4 1.7
v 5.8 0.4 1.7
v 5.8 0.5 1.7
v 5.9 0.4 1.7
v 5.9 0.5 1.7
v 8.8 0.5 1.7
v 8.8 0.6 1.7
v 8.9 0.5 1.7
v 8.9 0.6 1.7
v -0.900001 0.1 1.6
v -0.900001 0.2 1.6
v -0.8 0.1 1.6
v -0.8 0.2 1.6
v 5.7 0.4 1.6
v 5.7 0.5 1.6
v 5.8 0.4 1.6
v 5.8 0.5 1.6
v 8.7 0.5 1.6
v 8.7 0.6 1.6
v 8.8 0.5 1.6
v 8.8 0.6 1.6
v -9.4 0.3 1.5
v -9.4 0.4 1.5
v -9.3 0.3 1.5
v -9.3 0.4 1.5
v 2.6 0.3 1.5
v 2.6 0.4 1.5
v 2.7 0.3 1.5
v 2.7 0.4 1.5
v 5.5 0.4 1.5
v 5.5 0.5 1.5
v 5.7 0.4 1.5
v 5.7 0.5 1.5
v 8.6 0.5 1.5
v 8.6 0.6 1.5
v 8.7 0.5 1.5
v 8.7 0.6 1.5
v -1 0.1 1.4
v -1 0.2 1.4
v -0.900001 0.1 1.4
v -0.900001 0.2 1.4
v 1.1 0.2 1.4
v 1.1 0.3 1.4
v 1.2 0.2 1.4
v 1.2 0.3 1.4
v 8.5 0.5 1.4
v 8.5 0.6 1.4
v 8.6 0.5 1.4
v 8.6 0.6 1.4
v 2.5 0.3 1.3
v 2.5 0.4 1.3
v 2.6 0.3 1.3
v 2.6 0.4 1.3
v 8.3 0.5 1.3
v 8.3 0.6 1.3
v 8.5 0.5 1.3
v 8.5 0.6 1.3
v 5.4 0.4 1.2
v 5.4 0.5 1.2
v 5.5 0.4 1.2
v 5.5 0.5 1.2
v 8.2 0.5 1.2
v 8.2 0.6 1.2
v 8.3 0.5 1.2
v 8.3 0.6 1.2
v -9.3 0.3 1.1
v -9.3 0.4 1.1
v -9.2 0.3 1.1
v -9.2 0.4 1.1
v -1.1 0.1 1.1
v -1.1 0.2 1.1
v -1 0.1 1.1
v -1 0.2 1.1
v 1 0.2 1.1
v 1 0.3 1.1
v 1.1 0.2 1.1
v 1.1 0.3 1.1
v 8.1 0.5 1.1
v 8.1 0.6 1.1
v 8.2 0.5 1.1
v 8.2 0.6 1.1
v 2.4 0.3 1
v 2.4 0.4 1
v 2.5 0.3 1
v 2.5 0.4 1
v 5.3 0.4 1
v 5.3 0.5 1
v 5.4 0.4 1
v 5.4 0.5 1
v 8 0.5 1
v 8 0.6 1
v 8.1 0.5 1
v 8.1 0.6 1
v 7.9 0.5 0.900001
v 7.9 0.6 0.900001
v 8 0.5 0.900001
v 8 0.6 0.900001
v 5.2 0.4 0.8
v 5.2 0.5 0.8
v 5.3 0.4 0.8
v 5.3 0.5 0.8
v 7.7 0.5 0.8
v 7.7 0.6 0.8
v 7.9 0.5 0.8
v 7.9 0.6 0.8
v -9.2 0.3 0.700001
v -9.2 0.4 0.700001
v -9.1 0.3 0.700001
v -9.1 0.4 0.700001
v -1.2 0.1 0.700001
v -1.2 0.2 0.700001
v -1.1 0.1 0.700001
v -1.1 0.2 0.700001
v 2.3 0.3 0.700001
v 2.3 0.4 0.700001
v 2.4 0.3 0.700001
v 2.4 0.4 0.700001
v 7.6 0.5 0.700001
v 7.6 0.6 0.700001
v 7.7 0.5 0.700001
v 7.7 0.6 0.700001
v 7.5 0.5 0.6
v 7.5 0.6 0.6
v 7.6 0.5 0.6
v 7.6 0.6 0.6
v -11.6 0.4 0.5
v -11.6 0.5 0.5
v -11.5 0.4 0.5
v -11.5 0.5 0.5
v 2.2 0.3 0.5
v 2.2 0.4 0.5
v 2.3 0.3 0.5
v 2.3 0.4 0.5
v 5.1 0.4 0.5
v 5.1 0.5 0.5
v 5.2 0.4 0.5
v 5.2 0.5 0.5
v 7.4 0.5 0.5
v 7.4 0.6 0.5
v 7.5 0.5 0.5
v 7.5 0.6 0.5
v 7.3 0.5 0.400001
v 7.3 0.6 0.400001
v 7.4 0.5 0.400001
v 7.4 0.6 0.400001
v -9.1 0.3 0.3
v -9.1 0.4 0.3
v -9 0.3 0.3
v -9 0.4 0.3
v 0.9 0.2 0.3
v 0.9 0.3 0.3
v 1 0.2 0.3
v 1 0.3 0.3
v 2.1 0.3 0.3
v 2.1 0.4 0.3
v 2.2 0.3 0.3
v 2.2 0.4 0.3
v 5 0.4 0.3
v 5 0.5 0.3
v 5.1 0.4 0.3
v 5.1 0.5 0.3
v 7.2 0.5 0.3
v 7.2 0.6 0.3
v 7.3 0.5 0.3
v 7.3 0.6 0.3
v -11.5 0.4 0.200001
v -11.5 0.5 0.200001
v -11.4 0.4 0.200001
v -11.4 0.5 0.200001
v 7.1 0.5 0.200001
v 7.1 0.6 0.200001
v 7.2 0.5 0.200001
v 7.2 0.6 0.200001
v -9 0.3 0.1
v -9 0.4 0.1
v -8.9 0.3 0.1
v -8.9 0.4 0.1
v -1.3 0.1 0.1
v -1.3 0.2 0.1
v -1.2 0.1 0.1
v -1.2 0.2 0.1
v 7 0.5 0.1
v 7 0.6 0.1
v 7.1 0.5 0.1
v 7.1 0.6 0.1
v 0.799999 0.2 0
v 0.799999 0.3 0
v 0.9 0.2 0
v 0.9 0.3 0
v 4.9 0.4 0
v 4.9 0.5 0
v 5 0.4 0
v 5 0.5 0
v 6.9 0.5 0
v 6.9 0.6 0
v 7 0.5 0
v 7 0.6 0
v -11.4 0.4 -0.0999994
v -11.4 0.5 -0.0999994
v -11.3 0.4 -0.0999994
v -11.3 0.5 -0.0999994
v 2 0.3 -0.2
v 2 0.4 -0.2
v 2.1 0.3 -0.2
v 2.1 0.4 -0.2
v 4.8 0.4 -0.2
v 4.8 0.5 -0.2
v 4.9 0.4 -0.2
v 4.9 0.5 -0.2
v 6.8 0.5 -0.2
v 6.8 0.6 -0.2
v 6.9 0.5 -0.2
v 6.9 0.6 -0.2
v -11.3 0.4 -0.299999
v -11.3 0.5 -0.299999
v -11.2 0.4 -0.299999
v -11.2 0.5 -0.299999
v 6.7 0.5 -0.299999
v 6.7 0.6 -0.299999
v 6.8 0.5 -0.299999
v 6.8 0.6 -0.299999
v 6.6 0.5 -0.4
v 6.6 0.6 -0.4
v 6.7 0.5 -0.4
v 6.7 0.6 -0.4
v -11.2 0.4 -0.5
v -11.2 0.5 -0.5
v -11.1 0.4 -0.5
v -11.1 0.5 -0.5
v 4.7 0.4 -0.5
v 4.7 0.5 -0.5
v 4.8 0.4 -0.5
v 4.8 0.5 -0.5
v -11.1 0.4 -0.599999
v -11.1 0.5 -0.599999
v -11 0.4 -0.599999
v -11 0.5 -0.599999
v 0.7 0.2 -0.599999
v 0.7 0.3 -0.599999
v 0.799999 0.2 -0.599999
v 0.799999 0.3 -0.599999
v 6.5 0.5 -0.599999
v 6.5 0.6 -0.599999
v 6.6 0.5 -0.599999
v 6.6 0.6 -0.599999
v -1.4 0.1 -0.7
v -1.4 0.2 -0.7
v -1.3 0.1 -0.7
v -1.3 0.2 -0.7
v 1.9 0.3 -0.7
v 1.9 0.4 -0.7
v 2 0.3 -0.7
v 2 0.4 -0.7
v -11 0.4 -0.799999
v -11 0.5 -0.799999
v -10.9 0.4 -0.799999
v -10.9 0.5 -0.799999
v 0.599999 0.2 -0.799999
v 0.599999 0.3 -0.799999
v 0.7 0.2 -0.799999
v 0.7 0.3 -0.799999
v 4.6 0.4 -0.799999
v 4.6 0.5 -0.799999
v 4.7 0.4 -0.799999
v 4.7 0.5 -0.799999
v 6.4 0.5 -0.799999
v 6.4 0.6 -0.799999
v 6.5 0.5 -0.799999
v 6.5 0.6 -0.799999
v 1.8 0.3 -0.9
v 1.8 0.4 -0.9
v 1.9 0.3 -0.9
v 1.9 0.4 -0.9
v 0.5 0.2 -1
v 0.5 0.3 -1
v 0.599999 0.2 -1
v 0.599999 0.3 -1
v 6.3 0.5 -1
v 6.3 0.6 -1
v 6.4 0.5 -1
v 6.4 0.6 -1
v -10.9 0.4 -1.1
v -10.9 0.5 -1.1
v -10.8 0.4 -1.1
v -10.8 0.5 -1.1
v 4.5 0.4 -1.1
v 4.5 0.5 -1.1
v 4.6 0.4 -1.1
v 4.6 0.5 -1.1
v 1.7 0.3 -1.2
v 1.7 0.4 -1.2
v 1.8 0.3 -1.2
v 1.8 0.4 -1.2
v 6.2 0.5 -1.2
v 6.2 0.6 -1.2
v 6.3 0.5 -1.2
v 6.3 0.6 -1.2
v -10.8 0.4 -1.3
v -10.8 0.5 -1.3
v -10.7 0.4 -1.3
v -10.7 0.5 -1.3
v 4.4 0.4 -1.3
v 4.4 0.5 -1.3
v 4.5 0.4 -1.3
v 4.5 0.5 -1.3
v 0.4 0.2 -1.4
v 0.4 0.3 -1.4
v 0.5 0.2 -1.4
v 0.5 0.3 -1.4
v -10.7 0.4 -1.5
v -10.7 0.5 -1.5
v -10.6 0.4 -1.5
v -10.6 0.5 -1.5
v 4.3 0.4 -1.5
v 4.3 0.5 -1.5
v 4.4 0.4 -1.5
v 4.4 0.5 -1.5
v 6.1 0.5 -1.5
v 6.1 0.6 -1.5
v 6.2 0.5 -1.5
v 6.2 0.6 -1.5
v 1.6 0.3 -1.6
v 1.6 0.4 -1.6
v 1.7 0.3 -1.6
v 1.7 0.4 -1.6
v -10.6 0.4 -1.7
v -10.6 0.5 -1.7
v -10.5 0.4 -1.7
v -10.5 0.5 -1.7
v 4.2 0.4 -1.7
v 4.2 0.5 -1.7
v 4.3 0.4 -1.7
v 4.3 0.5 -1.7
v 6 0.5 -1.7
v 6 0.6 -1.7
v 6.1 0.5 -1.7
v 6.1 0.6 -1.7
v -10.5 0.4 -1.9
v -10.5 0.5 -1.9
v -10.4 0.4 -1.9
v -10.4 0.5 -1.9
v 5.9 0.5 -1.9
v 5.9 0.6 -1.9
v 6 0.5 -1.9
v 6 0.6 -1.9
v 0.299999 0.2 -2
v 0.299999 0.3 -2
v 0.4 0.2 -2
v 0.4 0.3 -2
v 1.5 0.3 -2
v 1.5 0.4 -2
v 1.6 0.3 -2
v 1.6 0.4 -2
v 4.1 0.4 -2
v 4.1 0.5 -2
v 4.2 0.4 -2
v 4.2 0.5 -2
v -10.4 0.4 -2.1
v -10.4 0.5 -2.1
v -10.3 0.4 -2.1
v -10.3 0.5 -2.1
v 5.8 0.5 -2.1
v 5.8 0.6 -2.1
v 5.9 0.5 -2.1
v 5.9 0.6 -2.1
v 4 0.4 -2.2
v 4 0.5 -2.2
v 4.1 0.4 -2.2
v 4.1 0.5 -2.2
v -10.3 0.4 -2.3
v -10.3 0.5 -2.3
v -10.2 0.4 -2.3
v -10.2 0.5 -2.3
v 0.2 0.2 -2.3
v 0.2 0.3 -2.3
v 0.299999 0.2 -2.3
v 0.299999 0.3 -2.3
v 5.7 0.5 -2.3
v 5.7 0.6 -2.3
v 5.8 0.5 -2.3
v 5.8 0.6 -2.3
v -8.2 0.2 -2.4
v -8.2 0.3 -2.4
v -8.1 0.2 -2.4
v -8.1 0.3 -2.4
v 1.4 0.3 -2.4
v 1.4 0.4 -2.4
v 1.5 0.3 -2.4
v 1.5 0.4 -2.4
v -10.2 0.4 -2.5
v -10.2 0.5 -2.5
v -10.1 0.4 -2.5
v -10.1 0.5 -2.5
v 3.9 0.4 -2.5
v 3.9 0.5 -2.5
v 4 0.4 -2.5
v 4 0.5 -2.5
v 5.6 0.5 -2.6
v 5.6 0.6 -2.6
v 5.7 0.5 -2.6
v 5.7 0.6 -2.6
v -10.1 0.4 -2.8
v -10.1 0.5 -2.8
v -10 0.4 -2.8
v -10 0.5 -2.8
v 1.3 0.3 -2.8
v 1.3 0.4 -2.8
v 1.4 0.3 -2.8
v 1.4 0.4 -2.8
v 3.8 0.4 -2.8
v 3.8 0.5 -2.8
v 3.9 0.4 -2.8
v 3.9 0.5 -2.8
v -8.1 0.2 -3
v -8.1 0.3 -3
v -8 0.2 -3
v -8 0.3 -3
v 5.5 0.5 -3
v 5.5 0.6 -3
v 5.6 0.5 -3
v 5.6 0.6 -3
v -10 0.4 -3.1
v -10 0.5 -3.1
v -9.9 0.4 -3.1
v -9.9 0.5 -3.1
v 1.2 0.3 -3.1
v 1.2 0.4 -3.1
v 1.3 0.3 -3.1
v 1.3 0.4 -3.1
v 3.7 0.4 -3.1
v 3.7 0.5 -3.1
v 3.8 0.4 -3.1
v 3.8 0.5 -3.1
v -9.9 0.4 -3.4
v -9.9 0.5 -3.4
v -9.8 0.4 -3.4
v -9.8 0.5 -3.4
v -8 0.2 -3.4
v -8 0.3 -3.4
v -7.9 0.2 -3.4
v -7.9 0.3 -3.4
v 3.6 0.4 -3.4
v 3.6 0.5 -3.4
v 3.7 0.4 -3.4
v 3.7 0.5 -3.4
v 5.4 0.5 -3.5
v 5.4 0.6 -3.5
v 5.5 0.5 -3.5
v 5.5 0.6 -3.5
v 3.5 0.4 -3.6
v 3.5 0.5 -3.6
v 3.6 0.4 -3.6
v 3.6 0.5 -3.6
v -7.9 0.2 -3.8
v -7.9 0.3 -3.8
v -7.8 0.2 -3.8
v -7.8 0.3 -3.8
v 0.0999994 0.2 -3.9
v 0.0999994 0.3 -3.9
v 0.2 0.2 -3.9
v 0.2 0.3 -3.9
v 5.3 0.5 -3.9
v 5.3 0.6 -3.9
v 5.4 0.5 -3.9
v 5.4 0.6 -3.9
v 1.1 0.3 -4
v 1.1 0.4 -4
v 1.2 0.3 -4
v 1.2 0.4 -4
v 3.4 0.4 -4
v 3.4 0.5 -4
v 3.5 0.4 -4
v 3.5 0.5 -4
v -7.8 0.2 -4.1
v -7.8 0.3 -4.1
v -7.7 0.2 -4.1
v -7.7 0.3 -4.1
v 5.2 0.5 -4.1
v 5.2 0.6 -4.1
v 5.3 0.5 -4.1
v 5.3 0.6 -4.1
v 3.3 0.4 -4.3
v 3.3 0.5 -4.3
v 3.4 0.4 -4.3
v 3.4 0.5 -4.3
v -7.7 0.2 -4.4
v -7.7 0.3 -4.4
v -7.6 0.2 -4.4
v -7.6 0.3 -4.4
v 1 0.3 -4.4
v 1 0.4 -4.4
v 1.1 0.3 -4.4
v 1.1 0.4 -4.4
v -1.3 0.1 -4.5
v -1.3 0.2 -4.5
v -1.2 0.1 -4.5
v -1.2 0.2 -4.5
v 0 0.2 -4.5
v 0 0.3 -4.5
v 0.0999994 0.2 -4.5
v 0.0999994 0.3 -4.5
v 5.1 0.5 -4.5
v 5.1 0.6 -4.5
v 5.2 0.5 -4.5
v 5.2 0.6 -4.5
v -7.6 0.2 -4.7
v -7.6 0.3 -4.7
v -7.5 0.2 -4.7
v -7.5 0.3 -4.7
v 3.2 0.4 -4.7
v 3.2 0.5 -4.7
v 3.3 0.4 -4.7
v 3.3 0.5 -4.7
v 5 0.5 -4.7
v 5 0.6 -4.7
v 5.1 0.5 -4.7
v 5.1 0.6 -4.7
v 4.9 0.5 -4.9
v 4.9 0.6 -4.9
v 5 0.5 -4.9
v 5 0.6 -4.9
v -7.5 0.2 -5.1
v -7.5 0.3 -5.1
v -7.4 0.2 -5.1
v -7.4 0.3 -5.1
v 3.1 0.4 -5.1
v 3.1 0.5 -5.1
v 3.2 0.4 -5.1
v 3.2 0.5 -5.1
v 0.9 0.3 -5.2
v 0.9 0.4 -5.2
v 1 0.3 -5.2
v 1 0.4 -5.2
v 4.8 0.5 -5.2
v 4.8 0.6 -5.2
v 4.9 0.5 -5.2
v 4.9 0.6 -5.2
v -1.4 0.1 -5.3
v -1.4 0.2 -5.3
v -1.3 0.1 -5.3
v -1.3 0.2 -5.3
v -0.1 0.2 -5.3
v -0.1 0.3 -5.3
v 0 0.2 -5.3
v 0 0.3 -5.3
v -7.4 0.2 -5.5
v -7.4 0.3 -5.5
v -7.3 0.2 -5.5
v -7.3 0.3 -5.5
v 4.7 0.5 -5.5
v 4.7 0.6 -5.5
v 4.8 0.5 -5.5
v 4.8 0.6 -5.5
v -0.200001 0.2 -5.6
v -0.200001 0.3 -5.6
v -0.1 0.2 -5.6
v -0.1 0.3 -5.6
v 3 0.4 -5.7
v 3 0.5 -5.7
v 3.1 0.4 -5.7
v 3.1 0.5 -5.7
v -7.3 0.2 -5.8
v -7.3 0.3 -5.8
v -7.2 0.2 -5.8
v -7.2 0.3 -5.8
v -6.5 0.1 -5.8
v -6.5 0.2 -5.8
v -6.4 0.1 -5.8
v -6.4 0.2 -5.8
v 4.6 0.5 -5.8
v 4.6 0.6 -5.8
v 4.7 0.5 -5.8
v 4.7 0.6 -5.8
v -0.3 0.2 -5.9
v -0.3 0.3 -5.9
v -0.200001 0.2 -5.9
v -0.200001 0.3 -5.9
v -7.2 0.2 -6.1
v -7.2 0.3 -6.1
v -7.1 0.2 -6.1
v -7.1 0.3 -6.1
v -1.5 0.1 -6.1
v -1.5 0.2 -6.1
v -1.4 0.1 -6.1
v -1.4 0.2 -6.1
v 4.5 0.5 -6.1
v 4.5 0.6 -6.1
v 4.6 0.5 -6.1
v 4.6 0.6 -6.1
v 2.9 0.4 -6.2
v 2.9 0.5 -6.2
v 3 0.4 -6.2
v 3 0.5 -6.2
v 4.4 0.5 -6.2
v 4.4 0.6 -6.2
v 4.5 0.5 -6.2
v 4.5 0.6 -6.2
v -0.400001 0.2 -6.3
v -0.400001 0.3 -6.3
v -0.3 0.2 -6.3
v -0.3 0.3 -6.3
v -6.4 0.1 -6.4
v -6.4 0.2 -6.4
v -6.3 0.1 -6.4
v -6.3 0.2 -6.4
v 4.3 0.5 -6.4
v 4.3 0.6 -6.4
v 4.4 0.5 -6.4
v 4.4 0.6 -6.4
v 4.2 0.5 -6.5
v 4.2 0.6 -6.5
v 4.3 0.5 -6.5
v 4.3 0.6 -6.5
v 0.799999 0.3 -6.7
v 0.799999 0.4 -6.7
v 0.9 0.3 -6.7
v 0.9 0.4 -6.7
v 4.1 0.5 -6.7
v 4.1 0.6 -6.7
v 4.2 0.5 -6.7
v 4.2 0.6 -6.7
v -0.5 0.2 -6.8
v -0.5 0.3 -6.8
v -0.400001 0.2 -6.8
v -0.400001 0.3 -6.8
v 4 0.5 -6.8
v 4 0.6 -6.8
v 4.1 0.5 -6.8
v 4.1 0.6 -6.8
v -6.3 0.1 -6.9
v -6.3 0.2 -6.9
v -6.2 0.1 -6.9
v -6.2 0.2 -6.9
v 3.9 0.5 -7
v 3.9 0.6 -7
v 4 0.5 -7
v 4 0.6 -7
v -1.6 0.1 -7.1
v -1.6 0.2 -7.1
v -1.5 0.1 -7.1
v -1.5 0.2 -7.1
v -6.2 0.1 -7.2
v -6.2 0.2 -7.2
v -6.1 0.1 -7.2
v -6.1 0.2 -7.2
v -0.6 0.2 -7.2
v -0.6 0.3 -7.2
v -0.5 0.2 -7.2
v -0.5 0.3 -7.2
v 0.7 0.3 -7.2
v 0.7 0.4 -7.2
v 0.799999 0.3 -7.2
v 0.799999 0.4 -7.2
v 3.8 0.5 -7.2
v 3.8 0.6 -7.2
v 3.9 0.5 -7.2
v 3.9 0.6 -7.2
v -1.7 0.1 -7.4
v -1.7 0.2 -7.4
v -1.6 0.1 -7.4
v -1.6 0.2 -7.4
v -0.700001 0.2 -7.4
v -0.700001 0.3 -7.4
v -0.6 0.2 -7.4
v -0.6 0.3 -7.4
v 0.599999 0.3 -7.4
v 0.599999 0.4 -7.4
v 0.7 0.3 -7.4
v 0.7 0.4 -7.4
v 2.8 0.4 -7.4
v 2.8 0.5 -7.4
v 2.9 0.4 -7.4
v 2.9 0.5 -7.4
v 3.7 0.5 -7.4
v 3.7 0.6 -7.4
v 3.8 0.5 -7.4
v 3.8 0.6 -7.4
v -6.1 0.1 -7.5
v -6.1 0.2 -7.5
v -6 0.1 -7.5
v -6 0.2 -7.5
v -10.1 0.4 -7.7
v -10.1 0.5 -7.7
v -10 0.4 -7.7
v -10 0.5 -7.7
v 3.6 0.5 -7.7
v 3.6 0.6 -7.7
v 3.7 0.5 -7.7
v 3.7 0.6 -7.7
v -6 0.1 -7.8
v -6 0.2 -7.8
v -5.9 0.1 -7.8
v -5.9 0.2 -7.8
v 0.5 0.3 -7.8
v 0.5 0.4 -7.8
v 0.599999 0.3 -7.8
v 0.599999 0.4 -7.8
v -1.8 0.1 -7.9
v -1.8 0.2 -7.9
v -1.7 0.1 -7.9
v -1.7 0.2 -7.9
v -0.8 0.2 -7.9
v -0.8 0.3 -7.9
v -0.700001 0.2 -7.9
v -0.700001 0.3 -7.9
v -9.3 0.3 -8
v -9.3 0.4 -8
v -9.2 0.3 -8
v -9.2 0.4 -8
v 2.7 0.4 -8
v 2.7 0.5 -8
v 2.8 0.4 -8
v 2.8 0.5 -8
v 3.5 0.5 -8.1
v 3.5 0.6 -8.1
v 3.6 0.5 -8.1
v 3.6 0.6 -8.1
v -5.9 0.1 -8.3
v -5.9 0.2 -8.3
v -5.8 0.1 -8.3
v -5.8 0.2 -8.3
v 0.4 0.3 -8.3
v 0.4 0.4 -8.3
v 0.5 0.3 -8.3
v 0.5 0.4 -8.3
v 2.6 0.4 -8.3
v 2.6 0.5 -8.3
v 2.7 0.4 -8.3
v 2.7 0.5 -8.3
v -0.900001 0.2 -8.4
v -0.900001 0.3 -8.4
v -0.8 0.2 -8.4
v -0.8 0.3 -8.4
v 3.4 0.5 -8.4
v 3.4 0.6 -8.4
v 3.5 0.5 -8.4
v 3.5 0.6 -8.4
v -1.9 0.1 -8.5
v -1.9 0.2 -8.5
v -1.8 0.1 -8.5
v -1.8 0.2 -8.5
v -9.2 0.3 -8.6
v -9.2 0.4 -8.6
v -9.1 0.3 -8.6
v -9.1 0.4 -8.6
v 2.5 0.4 -8.6
v 2.5 0.5 -8.6
v 2.6 0.4 -8.6
v 2.6 0.5 -8.6
v 3.3 0.5 -8.6
v 3.3 0.6 -8.6
v 3.4 0.5 -8.6
v 3.4 0.6 -8.6
v -5.8 0.1 -8.7
v -5.8 0.2 -8.7
v -5.7 0.1 -8.7
v -5.7 0.2 -8.7
v 0.299999 0.3 -8.8
v 0.299999 0.4 -8.8
v 0.4 0.3 -8.8
v 0.4 0.4 -8.8
v 2.4 0.4 -8.8
v 2.4 0.5 -8.8
v 2.5 0.4 -8.8
v 2.5 0.5 -8.8
v -5.7 0.1 -8.9
v -5.7 0.2 -8.9
v -5.6 0.1 -8.9
v -5.6 0.2 -8.9
v -2 0.1 -9
v -2 0.2 -9
v -1.9 0.1 -9
v -1.9 0.2 -9
v -1 0.2 -9
v -1 0.3 -9
v -0.900001 0.2 -9
v -0.900001 0.3 -9
v 3.2 0.5 -9
v 3.2 0.6 -9
v 3.3 0.5 -9
v 3.3 0.6 -9
v -9.1 0.3 -9.1
v -9.1 0.4 -9.1
v -9 0.3 -9.1
v -9 0.4 -9.1
v 0.2 0.3 -9.1
v 0.2 0.4 -9.1
v 0.299999 0.3 -9.1
v 0.299999 0.4 -9.1
v -5.6 0.1 -9.2
v -5.6 0.2 -9.2
v -5.5 0.1 -9.2
v -5.5 0.2 -9.2
v 2.3 0.4 -9.2
v 2.3 0.5 -9.2
v 2.4 0.4 -9.2
v 2.4 0.5 -9.2
v 0.0999994 0.3 -9.4
v 0.0999994 0.4 -9.4
v 0.2 0.3 -9.4
v 0.2 0.4 -9.4
v -9 0.3 -9.5
v -9 0.4 -9.5
v -8.9 0.3 -9.5
v -8.9 0.4 -9.5
v -5.5 0.1 -9.6
v -5.5 0.2 -9.6
v -5.4 0.1 -9.6
v -5.4 0.2 -9.6
v 2.2 0.4 -9.9
v 2.2 0.5 -9.9
v 2.3 0.4 -9.9
v 2.3 0.5 -9.9
v -8.9 0.3 -10
v -8.9 0.4 -10
v -8.8 0.3 -10
v -8.8 0.4 -10
v 0 0.3 -10
v 0 0.4 -10
v 0.0999994 0.3 -10
v 0.0999994 0.4 -10
v -5.4 0.1 -10.2
v -5.4 0.2 -10.2
v -5.3 0.1 -10.2
v -5.3 0.2 -10.2
v -8.8 0.3 -10.3
v -8.8 0.4 -10.3
v -8.7 0.3 -10.3
v -8.7 0.4 -10.3
v -8.7 0.3 -10.5
v -8.7 0.4 -10.5
v -8.6 0.3 -10.5
v -8.6 0.4 -10.5
v 2.1 0.4 -10.5
v 2.1 0.5 -10.5
v 2.2 0.4 -10.5
v 2.2 0.5 -10.5
v -2.1 0.1 -10.6
v -2.1 0.2 -10.6
v -2 0.1 -10.6
v -2 0.2 -10.6
v -1.1 0.2 -10.6
v -1.1 0.3 -10.6
v -1 0.2 -10.6
v -1 0.3 -10.6
v -10.1 0.4 -10.7
v -10.1 0.5 -10.7
v -10 0.4 -10.7
v -10 0.5 -10.7
v -0.1 0.3 -10.8
v -0.1 0.4 -10.8
v 0 0.3 -10.8
v 0 0.4 -10.8
v -8.6 0.3 -10.9
v -8.6 0.4 -10.9
v -8.5 0.3 -10.9
v -8.5 0.4 -10.9
v 2 0.4 -10.9
v 2 0.5 -10.9
v 2.1 0.4 -10.9
v 2.1 0.5 -10.9
v -1.2 0.2 -11
v -1.2 0.3 -11
v -1.1 0.2 -11
v -1.1 0.3 -11
v -7.2 0.2 -11.1
v -7.2 0.3 -11.1
v -7.1 0.2 -11.1
v -7.1 0.3 -11.1
v -5.3 0.1 -11.1
v -5.3 0.2 -11.1
v -5.2 0.1 -11.1
v -5.2 0.2 -11.1
v -1.3 0.2 -11.2
v -1.3 0.3 -11.2
v -1.2 0.2 -11.2
v -1.2 0.3 -11.2
v -10 0.4 -11.3
v -10 0.5 -11.3
v -9.9 0.4 -11.3
v -9.9 0.5 -11.3
v -8.5 0.3 -11.3
v -8.5 0.4 -11.3
v -8.4 0.3 -11.3
v -8.4 0.4 -11.3
v 1.9 0.4 -11.4
v 1.9 0.5 -11.4
v 2 0.4 -11.4
v 2 0.5 -11.4
v -8.4 0.3 -11.5
v -8.4 0.4 -11.5
v -8.3 0.3 -11.5
v -8.3 0.4 -11.5
v -2.2 0.1 -11.5
v -2.2 0.2 -11.5
v -2.1 0.1 -11.5
v -2.1 0.2 -11.5
v -1.4 0.2 -11.6
v -1.4 0.3 -11.6
v -1.3 0.2 -11.6
v -1.3 0.3 -11.6
v -0.200001 0.3 -11.7
v -0.200001 0.4 -11.7
v -0.1 0.3 -11.7
v -0.1 0.4 -11.7
v -8.3 0.3 -12
v -8.3 0.4 -12
v -8.2 0.3 -12
v -8.2 0.4 -12
v -7.1 0.2 -12.1
v -7.1 0.3 -12.1
v -7 0.2 -12.1
v -7 0.3 -12.1
v -1.5 0.2 -12.1
v -1.5 0.3 -12.1
v -1.4 0.2 -12.1
v -1.4 0.3 -12.1
v -9.9 0.4 -12.2
v -9.9 0.5 -12.2
v -9.8 0.4 -12.2
v -9.8 0.5 -12.2
v 1.8 0.4 -12.3
v 1.8 0.5 -12.3
v 1.9 0.4 -12.3
v 1.9 0.5 -12.3
v -1.6 0.2 -12.4
v -1.6 0.3 -12.4
v -1.5 0.2 -12.4
v -1.5 0.3 -12.4
v -9.8 0.4 -12.5
v -9.8 0.5 -12.5
v -9.7 0.4 -12.5
v -9.7 0.5 -12.5
v -2.3 0.1 -12.6
v -2.3 0.2 -12.6
v -2.2 0.1 -12.6
v -2.2 0.2 -12.6
v -9.2 0.3 12.7
v -9.2 0.4 12.7
v -9.1 0.3 12.7
v -9.1 0.4 12.7
v -7.9 0.2 12.7
v -7.9 0.3 12.7
v -7.8 0.2 12.7
v -7.8 0.3 12.7
v -9.3 0.2 12.5
v -9.3 0.3 12.5
v -9.2 0.2 12.5
v -9.2 0.3 12.5
v -8.6 0.2 8.2
v -8.6 0.3 8.2
v -8.5 0.2 8.2
v -8.5 0.3 8.2
v -10 0.3 6.8
v -10 0.4 6.8
v -9.9 0.3 6.8
v -9.9 0.4 6.8
v -4.5 0.1 4.5
v -4.5 0.2 4.5
v -4.4 0.1 4.5
v -4.4 0.2 4.5
v -4.6 0.1 3.8
v -4.6 0.2 3.8
v -4.5 0.1 3.8
v -4.5 0.2 3.8
v -4.7 0.1 3.2
v -4.7 0.2 3.2
v -4.6 0.1 3.2
v -4.6 0.2 3.2
v -8 0.2 2.9
v -8 0.3 2.9
v -7.9 0.2 2.9
v -7.9 0.3 2.9
v -4.8 0.1 2.6
v -4.8 0.2 2.6
v -4.7 0.1 2.6
v -4.7 0.2 2.6
v -4.9 0.1 2.2
v -4.9 0.2 2.2
v -4.8 0.1 2.2
v -4.8 0.2 2.2
v -5 0.1 1.9
v -5 0.2 1.9
v -4.9 0.1 1.9
v -4.9 0.2 1.9
v -5.1 0.1 1.6
v -5.1 0.2 1.6
v -5 0.1 1.6
v -5 0.2 1.6
v -5.2 0.1 1.3
v -5.2 0.2 1.3
v -5.1 0.1 1.3
v -5.1 0.2 1.3
v -8.1 0.2 1.2
v -8.1 0.3 1.2
v -8 0.2 1.2
v -8 0.3 1.2
v -5.3 0.1 0.900001
v -5.3 0.2 0.900001
v -5.2 0.1 0.900001
v -5.2 0.2 0.900001
v -5.4 0.1 0.6
v -5.4 0.2 0.6
v -5.3 0.1 0.6
v -5.3 0.2 0.6
v -8.2 0.2 0.5
v -8.2 0.3 0.5
v -8.1 0.2 0.5
v -8.1 0.3 0.5
v -5.5 0.1 0.3
v -5.5 0.2 0.3
v -5.4 0.1 0.3
v -5.4 0.2 0.3
v -5.6 0.1 -0.0999994
v -5.6 0.2 -0.0999994
v -5.5 0.1 -0.0999994
v -5.5 0.2 -0.0999994
v -5.7 0.1 -0.5
v -5.7 0.2 -0.5
v -5.6 0.1 -0.5
v -5.6 0.2 -0.5
v -5.8 0.1 -0.799999
v -5.8 0.2 -0.799999
v -5.7 0.1 -0.799999
v -5.7 0.2 -0.799999
v -5.9 0.1 -1.2
v -5.9 0.2 -1.2
v -5.8 0.1 -1.2
v -5.8 0.2 -1.2
v -6 0.1 -1.5
v -6 0.2 -1.5
v -5.9 0.1 -1.5
v -5.9 0.2 -1.5
v -9 0.3 -1.7
v -9 0.4 -1.7
v -8.9 0.3 -1.7
v -8.9 0.4 -1.7
v -6.1 0.1 -1.8
v -6.1 0.2 -1.8
v -6 0.1 -1.8
v -6 0.2 -1.8
v -6.2 0.1 -2
v -6.2 0.2 -2
v -6.1 0.1 -2
v -6.1 0.2 -2
v -6.3 0.1 -2.3
v -6.3 0.2 -2.3
v -6.2 0.1 -2.3
v -6.2 0.2 -2.3
v -1.4 0.1 -2.4
v -1.4 0.2 -2.4
v -1.3 0.1 -2.4
v -1.3 0.2 -2.4
v -6.4 0.1 -2.6
v -6.4 0.2 -2.6
v -6.3 0.1 -2.6
v -6.3 0.2 -2.6
v -9.1 0.3 -2.7
v -9.1 0.4 -2.7
v -9 0.3 -2.7
v -9 0.4 -2.7
v -6.5 0.1 -2.8
v -6.5 0.2 -2.8
v -6.4 0.1 -2.8
v -6.4 0.2 -2.8
v -1.3 0.1 -3.1
v -1.3 0.2 -3.1
v -1.2 0.1 -3.1
v -1.2 0.2 -3.1
v -9.9 0.4 -3.9
v -9.9 0.5 -3.9
v -9.8 0.4 -3.9
v -9.8 0.5 -3.9
v -10 0.4 -4.2
v -10 0.5 -4.2
v -9.9 0.4 -4.2
v -9.9 0.5 -4.2
v -9.2 0.3 -4.3
v -9.2 0.4 -4.3
v -9.1 0.3 -4.3
v -9.1 0.4 -4.3
v -9.3 0.3 -6.1
v -9.3 0.4 -6.1
v -9.2 0.3 -6.1
v -9.2 0.4 -6.1
v -10.1 0.4 -7
v -10.1 0.5 -7
v -10 0.4 -7
v -10 0.5 -7
v -10.1 0.4 -8.8
v -10.1 0.5 -8.8
v -10 0.4 -8.8
v -10 0.5 -8.8
v -7.2 0.2 -9.3
v -7.2 0.3 -9.3
v -7.1 0.2 -9.3
v -7.1 0.3 -9.3
v 3.2 0.5 -10.8
v 3.2 0.6 -10.8
v 3.3 0.5 -10.8
v 3.3 0.6 -10.8
v 3.3 0.5 -11.4
v 3.3 0.6 -11.4
v 3.4 0.5 -11.4
v 3.4 0.6 -11.4
v 3.4 0.5 -11.7
v 3.4 0.6 -11.7
v 3.5 0.5 -11.7
v 3.5 0.6 -11.7
v 3.5 0.5 -12
v 3.5 0.6 -12
v 3.6 0.5 -12
v 3.6 0.6 -12
v -0.200001 0.3 -12.1
v -0.200001 0.4 -12.1
v -0.1 0.3 -12.1
v -0.1 0.4 -12.1
v 3.6 0.5 -12.4
v 3.6 0.6 -12.4
v 3.7 0.5 -12.4
v 3.7 0.6 -12.4
v -5.3 0.1 -12.7
v -5.3 0.2 -12.7
v -5.2 0.1 -12.7
v -5.2 0.2 -12.7
v -12.8 0 -12.8
v -12.8 0.5 -12.8
v -9.7 0.4 -12.8
v -9.7 0.5 -12.8
v -8.2 0.3 -12.8
v -8.2 0.4 -12.8
v -7 0.2 -12.8
v -7 0.3 -12.8
v -5.3 0.1 -12.8
v -5.3 0.2 -12.8
v -2.3 0.1 -12.8
v -2.3 0.2 -12.8
v -1.6 0.2 -12.8
v -1.6 0.3 -12.8
v -0.1 0.3 -12.8
v -0.1 0.4 -12.8
v 1.8 0.4 -12.8
v 1.8 0.5 -12.8
v 3.7 0.5 -12.8
v 3.7 0.6 -12.8
v 12.8 0 -12.8
v 12.8 0.6 -12.8
v -12.8 0 12.8
v 12.8 0 12.8
v 2.5 0 12.6
v 2.6 0 12.6
v -2.5 0 12.5
v -2.4 0 12.5
v 2.5 0 12.5
v 2.6 0 12.5
v -5.4 0 12.4
v -5.3 0 12.4
v -2.5 0 12.4
v -2.4 0 12.4
v -7.1 0 12.3
v -7 0 12.3
v -5.4 0 12.3
v -5.3 0 12.3
v 5.8 0 12.3
v 5.9 0 12.3
v 9.1 0 12.3
v 9.2 0 12.3
v -7.1 0 12.2
v -7 0 12.2
v 2.2 0 12.2
v 2.3 0 12.2
v 5.8 0 12.2
v 5.9 0 12.2
v 9.1 0 12.2
v 9.2 0 12.2
v 10.9 0 12.2
v 11 0 12.2
v 2.2 0 12.1
v 2.3 0 12.1
v 10.9 0 12.1
v 11 0 12.1
v -0.6 0 12
v -0.5 0 12
v -4.2 0 11.9
v -4.1 0 11.9
v -0.6 0 11.9
v -0.5 0 11.9
v 1.6 0 11.9
v 1.7 0 11.9
v -7.1 0 11.8
v -7 0 11.8
v -4.2 0 11.8
v -4.1 0 11.8
v 1.6 0 11.8
v 1.7 0 11.8
v -7.1 0 11.7
v -7 0 11.7
v -4.2 0 11.7
v -4.1 0 11.7
v 2.4 0 11.7
v 2.5 0 11.7
v 4.1 0 11.7
v 4.2 0 11.7
v 2.4 0 11.6
v 2.5 0 11.6
v 4.1 0 11.6
v 4.2 0 11.6
v 7.3 0 11.4
v 7.4 0 11.4
v 7.3 0 11.3
v 7.4 0 11.3
v 10.1 0 11.2
v 10.2 0 11.2
v 10.4 0 11.2
v 10.5 0 11.2
v 3.1 0 11.1
v 3.2 0 11.1
v 10.1 0 11.1
v 10.2 0 11.1
v 10.4 0 11.1
v 10.5 0 11.1
v 0.599999 0 11
v 0.7 0 11
v 3.1 0 11
v 3.2 0 11
v -6.9 0 10.9
v -6.8 0 10.9
v -1.9 0 10.9
v -1.8 0 10.9
v -0.5 0 10.9
v -0.400001 0 10.9
v 0.599999 0 10.9
v 0.7 0 10.9
v -6.9 0 10.8
v -6.8 0 10.8
v -1.9 0 10.8
v -1.8 0 10.8
v -0.5 0 10.8
v -0.400001 0 10.8
v 4.7 0 10.8
v 4.8 0 10.8
v 7 0 10.8
v 7.1 0 10.8
v 7.2 0 10.8
v 7.3 0 10.8
v 4.7 0 10.7
v 4.8 0 10.7
v 7 0 10.7
v 7.1 0 10.7
v 7.2 0 10.7
v 7.3 0 10.7
v 8.5 0 10.7
v 8.6 0 10.7
v -6.4 0 10.6
v -6.3 0 10.6
v -1 0 10.6
v -0.900001 0 10.6
v 0.5 0 10.6
v 0.599999 0 10.6
v 8.5 0 10.6
v 8.6 0 10.6
v -6.4 0 10.5
v -6.3 0 10.5
v -2.6 0 10.5
v -2.5 0 10.5
v -1 0 10.5
v -0.900001 0 10.5
v 0.5 0 10.5
v 0.599999 0 10.5
v -2.6 0 10.4
v -2.5 0 10.4
v -2.2 0 10.4
v -2.1 0 10.4
v -5.8 0 10.3
v -5.7 0 10.3
v -2.2 0 10.3
v -2.1 0 10.3
v 2.2 0 10.3
v 2.3 0 10.3
v 2.6 0 10.3
v 2.7 0 10.3
v -5.8 0 10.2
v -5.7 0 10.2
v 2.2 0 10.2
v 2.3 0 10.2
v 2.6 0 10.2
v 2.7 0 10.2
v 5.7 0 10.2
v 5.8 0 10.2
v -2.1 0 10.1
v -2 0 10.1
v 5.7 0 10.1
v 5.8 0 10.1
v -2.1 0 10
v -2 0 10
v -4 0 9.9
v -3.9 0 9.9
v -1 0 9.9
v -0.900001 0 9.9
v -5.7 0 9.8
v -5.6 0 9.8
v -4 0 9.8
v -3.9 0 9.8
v -1 0 9.8
v -0.900001 0 9.8
v -5.7 0 9.7
v -5.6 0 9.7
v 2.1 0 9.5
v 2.2 0 9.5
v 2.1 0 9.4
v 2.2 0 9.4
v -3.1 0 9.3
v -3 0 9.3
v -3.1 0 9.2
v -3 0 9.2
v 2 0 9.2
v 2.1 0 9.2
v 2 0 9.1
v 2.1 0 9.1
v -4.8 0 9
v -4.7 0 9
v -1.3 0 9
v -1.2 0 9
v -4.8 0 8.9
v -4.7 0 8.9
v -1.3 0 8.9
v -1.2 0 8.9
v -3.4 0 8.6
v -3.3 0 8.6
v -3.4 0 8.5
v -3.3 0 8.5
v -2.3 0 8.4
v -2.2 0 8.4
v 1 0 8.4
v 1.1 0 8.4
v -2.3 0 8.3
v -2.2 0 8.3
v -2 0 8.3
v -1.9 0 8.3
v -2 0 8.2
v -1.9 0 8.2
v 1 0 8.2
v 1.1 0 8.2
v 0 0 7.8
v 0.0999994 0 7.8
v 2.5 0 7.8
v 2.6 0 7.8
v -2.4 0 7.7
v -2.3 0 7.7
v 2.5 0 7.7
v 2.6 0 7.7
v -4.5 0 7.6
v -4.3 0 7.6
v -2.4 0 7.6
v -2.3 0 7.6
v 0 0 7.6
v 0.0999994 0 7.6
v -4.5 0 7.5
v -4.3 0 7.5
v -4.2 0 7.5
v -4.3 0 7.4
v -4.2 0 7.4
v -2.1 0 7.4
v -2 0 7.4
v -2.1 0 7.3
v -2 0 7.3
v -3.8 0 6.9
v -3.7 0 6.9
v -3.8 0 6.8
v -3.7 0 6.8
v -0.200001 0 6.8
v -0.1 0 6.8
v -3.5 0 6.7
v -3.4 0 6.7
v -0.200001 0 6.7
v -0.1 0 6.7
v -3.5 0 6.6
v -3.4 0 6.6
v -0.200001 0 6.6
v -0.1 0 6.6
v -0.200001 0 6.5
v -0.1 0 6.5
v -2.8 0 6.4
v -2.7 0 6.4
v -4.2 0 6.3
v -4.1 0 6.3
v -2.8 0 6.3
v -2.7 0 6.3
v -4.2 0 6.2
v -4.1 0 6.2
v -2.4 0 5.7
v -2.3 0 5.7
v -2.4 0 5.6
v -2.3 0 5.6
v -2.2 0 5.5
v -2.1 0 5.5
v -2.2 0 5.4
v -2.1 0 5.4
v -1.5 0 5.4
v -1.4 0 5.4
v 1.2 0 5.4
v 1.3 0 5.4
v -1.5 0 5.3
v -1.4 0 5.3
v 1.2 0 5.3
v 1.3 0 5.3
v 1.2 0 5.2
v 1.3 0 5.2
v -4.1 0 5.1
v -3.9 0 5.1
v -4.1 0 5
v -3.9 0 5
v -0.900001 0 5
v -0.8 0 5
v 1.2 0 5
v 1.3 0 5
v -0.900001 0 4.9
v -0.8 0 4.9
v -2.2 0 4.7
v -2.1 0 4.7
v -0.400001 0 4.7
v -0.3 0 4.7
v -2.2 0 4.6
v -2.1 0 4.6
v -0.400001 0 4.6
v -0.3 0 4.6
v -4.2 0 3.6
v -4.1 0 3.6
v -4.2 0 3.5
v -4.1 0 3.5
v -0.1 0 2.9
v 0 0 2.9
v -0.1 0 2.8
v 0 0 2.8
v -1.5 0 2.6
v -1.4 0 2.6
v -1.5 0 2.5
v -1.4 0 2.5
v -3 0 2.4
v -2.9 0 2.4
v -3 0 2.3
v -2.9 0 2.3
v -4.8 0 1.8
v -4.7 0 1.8
v -4.8 0 1.7
v -4.7 0 1.7
v -4.8 0 1.4
v -4.7 0 1.4
v -4.8 0 1.3
v -4.7 0 1.3
v -4.1 0 1
v -4 0 1
v -4.1 0 0.900001
v -4 0 0.900001
v -3.4 0 0.700001
v -3.3 0 0.700001
v -3.2 0 0.700001
v -4.8 0 0.6
v -4.7 0 0.6
v -3.4 0 0.6
v -3.3 0 0.6
v -3.2 0 0.6
v -4.8 0 0.5
v -4.7 0 0.5
v -3.4 0 0.5
v -3.3 0 0.5
v -4.9 0 -0.2
v -4.7 0 -0.2
v -4.9 0 -0.299999
v -4.7 0 -0.299999
v -2.2 0 -0.299999
v -2.1 0 -0.299999
v -2.2 0 -0.4
v -2.1 0 -0.4
v -4.6 0 -0.7
v -4.5 0 -0.7
v -1.9 0 -0.7
v -1.8 0 -0.7
v -4.6 0 -0.799999
v -4.5 0 -0.799999
v -1.9 0 -0.799999
v -1.8 0 -0.799999
v -5.8 0 -1.1
v -5.7 0 -1.1
v -5.9 0 -1.2
v -5.8 0 -1.2
v -5.7 0 -1.2
v -5.9 0 -1.3
v -5.8 0 -1.3
v -2.8 0 -1.4
v -2.7 0 -1.4
v -2.8 0 -1.5
v -2.7 0 -1.5
v -4.2 0 -1.8
v -4.1 0 -1.8
v -4.2 0 -1.9
v -4.1 0 -1.9
v -3 0 -2.1
v -2.9 0 -2.1
v -3 0 -2.2
v -2.9 0 -2.2
v -1.8 0 -2.3
v -1.7 0 -2.3
v -1.8 0 -2.4
v -1.7 0 -2.4
v -4.4 0 -2.8
v -4.3 0 -2.8
v -1.8 0 -2.8
v -1.7 0 -2.8
v -4.4 0 -2.9
v -4.3 0 -2.9
v -1.8 0 -2.9
v -1.7 0 -2.9
v -1.9 0 -3.1
v -1.8 0 -3.1
v -1.9 0 -3.2
v -1.8 0 -3.2
v -5.6 0 -3.8
v -5.5 0 -3.8
v -5.6 0 -3.9
v -5.5 0 -3.9
v -4.3 0 -3.9
v -4.2 0 -3.9
v -4.3 0 -4
v -4.2 0 -4
v -2.7 0 -4.2
v -2.6 0 -4.2
v -2.7 0 -4.3
v -2.6 0 -4.3
v -5.7 0 -4.5
v -5.6 0 -4.5
v -4.8 0 -4.5
v -4.7 0 -4.5
v -5.7 0 -4.6
v -5.6 0 -4.6
v -4.8 0 -4.6
v -4.7 0 -4.6
v -5.7 0 -4.7
v -5.6 0 -4.7
v -5.7 0 -4.8
v -5.6 0 -4.8
v -3.3 0 -4.9
v -3.2 0 -4.9
v -3.3 0 -5
v -3.2 0 -5
v -3 0 -5.1
v -2.8 0 -5.1
v -3 0 -5.2
v -2.8 0 -5.2
v -3.8 0 -5.3
v -3.7 0 -5.3
v -3.8 0 -5.4
v -3.7 0 -5.4
v -5.8 0 -5.5
v -5.7 0 -5.5
v -5.8 0 -5.6
v -5.7 0 -5.6
v -3.4 0 -5.6
v -3.3 0 -5.6
v -3.4 0 -5.7
v -3.3 0 -5.7
v -2.5 0 -5.7
v -2.4 0 -5.7
v -3.3 0 -5.8
v -3.2 0 -5.8
v -2.5 0 -5.8
v -2.4 0 -5.8
v -3.3 0 -5.9
v -3.2 0 -5.9
v -5.3 0 -6.6
v -5.2 0 -6.6
v -4.9 0 -6.6
v -4.8 0 -6.6
v -5.3 0 -6.7
v -5.2 0 -6.7
v -4.9 0 -6.7
v -4.8 0 -6.7
v -3.1 0 -6.9
v -3 0 -6.9
v -3.1 0 -7
v -3 0 -7
v -3.7 0 -7.8
v -3.6 0 -7.8
v -4.8 0 -7.9
v -4.7 0 -7.9
v -3.7 0 -7.9
v -3.6 0 -7.9
v -2.7 0 -7.9
v -2.5 0 -7.9
v -4.8 0 -8
v -4.7 0 -8
v -2.7 0 -8
v -2.5 0 -8
v -4 0 -8.4
v -3.9 0 -8.4
v -2.6 0 -8.4
v -2.5 0 -8.4
v -4 0 -8.5
v -3.9 0 -8.5
v -2.6 0 -8.5
v -2.5 0 -8.5
v -2 0 -8.5
v -1.9 0 -8.5
v -2 0 -8.6
v -1.9 0 -8.6
v -2.2 0 -8.7
v -2.1 0 -8.7
v -3.1 0 -8.8
v -3 0 -8.8
v -2.2 0 -8.8
v -2.1 0 -8.8
v -3.1 0 -8.9
v -3 0 -8.9
v -3.7 0 -9
v -3.6 0 -9
v -3.7 0 -9.1
v -3.6 0 -9.1
v -4.2 0 -9.3
v -4.1 0 -9.3
v -3.7 0 -9.3
v -3.5 0 -9.3
v -4.2 0 -9.4
v -4.1 0 -9.4
v -3.7 0 -9.4
v -3.5 0 -9.4
v -4.6 0 -9.5
v -4.5 0 -9.5
v -4.6 0 -9.6
v -4.5 0 -9.6
v -3.3 0 -9.9
v -3.2 0 -9.9
v -3.3 0 -10
v -3.2 0 -10
v -2.5 0 -10.1
v -2.4 0 -10.1
v -4.9 0 -10.2
v -4.8 0 -10.2
v -2.5 0 -10.2
v -2.4 0 -10.2
v -4.9 0 -10.3
v -4.8 0 -10.3
v -3.8 0 -10.9
v -3.7 0 -10.9
v -3.8 0 -11
v -3.7 0 -11
v -3.9 0 -12.1
v -3.8 0 -12.1
v -3.9 0 -12.2
v -3.8 0 -12.2
v -12.8 0 -12.8
v 12.8 0 -12.8
v -9.2 0.3 12.8
v -9.1 0.3 12.8
v -9.2 0.3 12.7
v -9.1 0.3 12.7
v -7.8 0.1 12.8
v 12.8 0.1 12.8
v 2.5 0.1 12.6
v 2.6 0.1 12.6
v -2.5 0.1 12.5
v -2.4 0.1 12.5
v 2.5 0.1 12.5
v 2.6 0.1 12.5
v -5.4 0.1 12.4
v -5.3 0.1 12.4
v -2.5 0.1 12.4
v -2.4 0.1 12.4
v -7.1 0.1 12.3
v -7 0.1 12.3
v -5.4 0.1 12.3
v -5.3 0.1 12.3
v 5.8 0.1 12.3
v 5.9 0.1 12.3
v 9.1 0.1 12.3
v 9.2 0.1 12.3
v -7.1 0.1 12.2
v -7 0.1 12.2
v 2.2 0.1 12.2
v 2.3 0.1 12.2
v 5.8 0.1 12.2
v 5.9 0.1 12.2
v 9.1 0.1 12.2
v 9.2 0.1 12.2
v 10.9 0.1 12.2
v 11 0.1 12.2
v 2.2 0.1 12.1
v 2.3 0.1 12.1
v 10.9 0.1 12.1
v 11 0.1 12.1
v -0.6 0.1 12
v -0.5 0.1 12
v -4.2 0.1 11.9
v -4.1 0.1 11.9
v -0.6 0.1 11.9
v -0.5 0.1 11.9
v 1.6 0.1 11.9
v 1.7 0.1 11.9
v 12.6 0.1 11.9
v 12.8 0.1 11.9
v -7.1 0.1 11.8
v -7 0.1 11.8
v -4.2 0.1 11.8
v -4.1 0.1 11.8
v 1.6 0.1 11.8
v 1.7 0.1 11.8
v 12.3 0.1 11.8
v 12.6 0.1 11.8
v -7.1 0.1 11.7
v -7 0.1 11.7
v -4.2 0.1 11.7
v -4.1 0.1 11.7
v 2.4 0.1 11.7
v 2.5 0.1 11.7
v 4.1 0.1 11.7
v 4.2 0.1 11.7
v 12.2 0.1 11.7
v 12.3 0.1 11.7
v 2.4 0.1 11.6
v 2.5 0.1 11.6
v 4.1 0.1 11.6
v 4.2 0.1 11.6
v 11.9 0.1 11.6
v 12.2 0.1 11.6
v 7.3 0.1 11.4
v 7.4 0.1 11.4
v 11.5 0.1 11.4
v 11.9 0.1 11.4
v 7.3 0.1 11.3
v 7.4 0.1 11.3
v 11.4 0.1 11.3
v 11.5 0.1 11.3
v 10.1 0.1 11.2
v 10.2 0.1 11.2
v 10.4 0.1 11.2
v 10.5 0.1 11.2
v 11.1 0.1 11.2
v 11.4 0.1 11.2
v 3.1 0.1 11.1
v 3.2 0.1 11.1
v 10.1 0.1 11.1
v 10.2 0.1 11.1
v 10.4 0.1 11.1
v 10.5 0.1 11.1
v 10.8 0.1 11.1
v 11.1 0.1 11.1
v -7.8 0.1 11
v -7.7 0.1 11
v 0.599999 0.1 11
v 0.7 0.1 11
v 3.1 0.1 11
v 3.2 0.1 11
v 10.5 0.1 11
v 10.8 0.1 11
v -6.9 0.1 10.9
v -6.8 0.1 10.9
v -1.9 0.1 10.9
v -1.8 0.1 10.9
v -0.5 0.1 10.9
v -0.400001 0.1 10.9
v 0.599999 0.1 10.9
v 0.7 0.1 10.9
v 10.2 0.1 10.9
v 10.5 0.1 10.9
v -6.9 0.1 10.8
v -6.8 0.1 10.8
v -1.9 0.1 10.8
v -1.8 0.1 10.8
v -0.5 0.1 10.8
v -0.400001 0.1 10.8
v 4.7 0.1 10.8
v 4.8 0.1 10.8
v 7 0.1 10.8
v 7.1 0.1 10.8
v 7.2 0.1 10.8
v 7.3 0.1 10.8
v 10 0.1 10.8
v 10.2 0.1 10.8
v 4.7 0.1 10.7
v 4.8 0.1 10.7
v 7 0.1 10.7
v 7.1 0.1 10.7
v 7.2 0.1 10.7
v 7.3 0.1 10.7
v 8.5 0.1 10.7
v 8.6 0.1 10.7
v 9.8 0.1 10.7
v 10 0.1 10.7
v -7.7 0.1 10.6
v -7.6 0.1 10.6
v -6.4 0.1 10.6
v -6.3 0.1 10.6
v -1 0.1 10.6
v -0.900001 0.1 10.6
v 0.5 0.1 10.6
v 0.599999 0.1 10.6
v 8.5 0.1 10.6
v 8.6 0.1 10.6
v 9.6 0.1 10.6
v 9.8 0.1 10.6
v -6.4 0.1 10.5
v -6.3 0.1 10.5
v -2.6 0.1 10.5
v -2.5 0.1 10.5
v -1 0.1 10.5
v -0.900001 0.1 10.5
v 0.5 0.1 10.5
v 0.599999 0.1 10.5
v 9.1 0.1 10.5
v 9.6 0.1 10.5
v -2.6 0.1 10.4
v -2.5 0.1 10.4
v -2.2 0.1 10.4
v -2.1 0.1 10.4
v 7.8 0.1 10.4
v 9.1 0.1 10.4
v -5.8 0.1 10.3
v -5.7 0.1 10.3
v -2.2 0.1 10.3
v -2.1 0.1 10.3
v 2.2 0.1 10.3
v 2.3 0.1 10.3
v 2.6 0.1 10.3
v 2.7 0.1 10.3
v 7.3 0.1 10.3
v 7.8 0.1 10.3
v -7.6 0.1 10.2
v -7.5 0.1 10.2
v -5.8 0.1 10.2
v -5.7 0.1 10.2
v 2.2 0.1 10.2
v 2.3 0.1 10.2
v 2.6 0.1 10.2
v 2.7 0.1 10.2
v 5.7 0.1 10.2
v 5.8 0.1 10.2
v 7 0.1 10.2
v 7.3 0.1 10.2
v -7.5 0.1 10.1
v -7.4 0.1 10.1
v -2.1 0.1 10.1
v -2 0.1 10.1
v 5.7 0.1 10.1
v 5.8 0.1 10.1
v 6.7 0.1 10.1
v 7 0.1 10.1
v -7.4 0.1 10
v -7.3 0.1 10
v -2.1 0.1 10
v -2 0.1 10
v 6.5 0.1 10
v 6.7 0.1 10
v -4 0.1 9.9
v -3.9 0.1 9.9
v -1 0.1 9.9
v -0.900001 0.1 9.9
v 6.2 0.1 9.9
v 6.5 0.1 9.9
v -7.3 0.1 9.8
v -7.2 0.1 9.8
v -5.7 0.1 9.8
v -5.6 0.1 9.8
v -4 0.1 9.8
v -3.9 0.1 9.8
v -1 0.1 9.8
v -0.900001 0.1 9.8
v 6 0.1 9.8
v 6.2 0.1 9.8
v -7.2 0.1 9.7
v -7.1 0.1 9.7
v -5.7 0.1 9.7
v -5.6 0.1 9.7
v 5.5 0.1 9.7
v 6 0.1 9.7
v -7.1 0.1 9.6
v -7 0.1 9.6
v 5.3 0.1 9.6
v 5.5 0.1 9.6
v -7 0.1 9.5
v -6.9 0.1 9.5
v 2.1 0.1 9.5
v 2.2 0.1 9.5
v 5.1 0.1 9.5
v 5.3 0.1 9.5
v -6.9 0.1 9.4
v -6.8 0.1 9.4
v 2.1 0.1 9.4
v 2.2 0.1 9.4
v 4.8 0.1 9.4
v 5.1 0.1 9.4
v -6.8 0.1 9.3
v -6.7 0.1 9.3
v -3.1 0.1 9.3
v -3 0.1 9.3
v 4.5 0.1 9.3
v 4.8 0.1 9.3
v -6.7 0.1 9.2
v -6.6 0.1 9.2
v -3.1 0.1 9.2
v -3 0.1 9.2
v 2 0.1 9.2
v 2.1 0.1 9.2
v 4.3 0.1 9.2
v 4.5 0.1 9.2
v -6.6 0.1 9.1
v -6.5 0.1 9.1
v 2 0.1 9.1
v 2.1 0.1 9.1
v 4 0.1 9.1
v 4.3 0.1 9.1
v -6.5 0.1 9
v -6.4 0.1 9
v -4.8 0.1 9
v -4.7 0.1 9
v -1.3 0.1 9
v -1.2 0.1 9
v 3.8 0.1 9
v 4 0.1 9
v -6.4 0.1 8.9
v -6.3 0.1 8.9
v -4.8 0.1 8.9
v -4.7 0.1 8.9
v -1.3 0.1 8.9
v -1.2 0.1 8.9
v 3.7 0.1 8.9
v 3.8 0.1 8.9
v 3.6 0.1 8.8
v 3.7 0.1 8.8
v -6.3 0.1 8.7
v -6.2 0.1 8.7
v 3.4 0.1 8.7
v 3.6 0.1 8.7
v -6.2 0.1 8.6
v -6.1 0.1 8.6
v -3.4 0.1 8.6
v -3.3 0.1 8.6
v 3.3 0.1 8.6
v 3.4 0.1 8.6
v -6.1 0.1 8.5
v -6 0.1 8.5
v -3.4 0.1 8.5
v -3.3 0.1 8.5
v 3.2 0.1 8.5
v 3.3 0.1 8.5
v -6 0.1 8.4
v -5.9 0.1 8.4
v -2.3 0.1 8.4
v -2.2 0.1 8.4
v 1 0.1 8.4
v 1.1 0.1 8.4
v 3.1 0.1 8.4
v 3.2 0.1 8.4
v -5.9 0.1 8.3
v -5.8 0.1 8.3
v -2.3 0.1 8.3
v -2.2 0.1 8.3
v -2 0.1 8.3
v -1.9 0.1 8.3
v 3 0.1 8.3
v 3.1 0.1 8.3
v -5.8 0.1 8.2
v -5.7 0.1 8.2
v -2 0.1 8.2
v -1.9 0.1 8.2
v 1 0.1 8.2
v 1.1 0.1 8.2
v -5.7 0.1 8.1
v -5.6 0.1 8.1
v 2.9 0.1 8.1
v 3 0.1 8.1
v 2.8 0.1 8
v 2.9 0.1 8
v -5.6 0.1 7.9
v -5.5 0.1 7.9
v 2.7 0.1 7.9
v 2.8 0.1 7.9
v -5.5 0.1 7.8
v -5.4 0.1 7.8
v 0 0.1 7.8
v 0.0999994 0.1 7.8
v 2.5 0.1 7.8
v 2.6 0.1 7.8
v -2.4 0.1 7.7
v -2.3 0.1 7.7
v 2.5 0.1 7.7
v 2.6 0.1 7.7
v 2.7 0.1 7.7
v -5.4 0.1 7.6
v -5.3 0.1 7.6
v -4.5 0.1 7.6
v -4.3 0.1 7.6
v -2.4 0.1 7.6
v -2.3 0.1 7.6
v 0 0.1 7.6
v 0.0999994 0.1 7.6
v 2.5 0.1 7.6
v 2.6 0.1 7.6
v -5.3 0.1 7.5
v -5.2 0.1 7.5
v -4.5 0.1 7.5
v -4.3 0.1 7.5
v -4.2 0.1 7.5
v -4.3 0.1 7.4
v -4.2 0.1 7.4
v -2.1 0.1 7.4
v -2 0.1 7.4
v 2.4 0.1 7.4
v 2.5 0.1 7.4
v -5.2 0.1 7.3
v -5.1 0.1 7.3
v -2.1 0.1 7.3
v -2 0.1 7.3
v -5.1 0.1 7.2
v -5 0.1 7.2
v 2.3 0.1 7.2
v 2.4 0.1 7.2
v -5 0.1 7
v -4.9 0.1 7
v 2.2 0.1 7
v 2.3 0.1 7
v -3.8 0.1 6.9
v -3.7 0.1 6.9
v -4.9 0.1 6.8
v -4.8 0.1 6.8
v -3.8 0.1 6.8
v -3.7 0.1 6.8
v -0.200001 0.1 6.8
v -0.1 0.1 6.8
v 2.1 0.1 6.8
v 2.2 0.1 6.8
v -3.5 0.1 6.7
v -3.4 0.1 6.7
v -0.200001 0.1 6.7
v -0.1 0.1 6.7
v -4.8 0.1 6.6
v -4.7 0.1 6.6
v -3.5 0.1 6.6
v -3.4 0.1 6.6
v -0.200001 0.1 6.6
v -0.1 0.1 6.6
v 2 0.1 6.6
v 2.1 0.1 6.6
v -0.200001 0.1 6.5
v -0.1 0.1 6.5
v -4.7 0.1 6.4
v -4.6 0.1 6.4
v -2.8 0.1 6.4
v -2.7 0.1 6.4
v 1.9 0.1 6.4
v 2 0.1 6.4
v -4.6 0.1 6.3
v -4.5 0.1 6.3
v -4.2 0.1 6.3
v -4.1 0.1 6.3
v -2.8 0.1 6.3
v -2.7 0.1 6.3
v -4.2 0.1 6.2
v -4.1 0.1 6.2
v 1.8 0.1 6.2
v 1.9 0.1 6.2
v -4.5 0.1 6.1
v -4.4 0.1 6.1
v -2.4 0.1 5.7
v -2.3 0.1 5.7
v -2.4 0.1 5.6
v -2.3 0.1 5.6
v -2.2 0.1 5.5
v -2.1 0.1 5.5
v -2.2 0.1 5.4
v -2.1 0.1 5.4
v -1.5 0.1 5.4
v -1.4 0.1 5.4
v 1.2 0.1 5.4
v 1.3 0.1 5.4
v -1.5 0.1 5.3
v -1.4 0.1 5.3
v 1.2 0.1 5.3
v 1.3 0.1 5.3
v 1.7 0.1 5.3
v 1.8 0.1 5.3
v 1.2 0.1 5.2
v 1.3 0.1 5.2
v -4.1 0.1 5.1
v -3.9 0.1 5.1
v 1.6 0.1 5.1
v 1.7 0.1 5.1
v -4.1 0.1 5
v -3.9 0.1 5
v -0.900001 0.1 5
v -0.8 0.1 5
v 1.2 0.1 5
v 1.3 0.1 5
v -0.900001 0.1 4.9
v -0.8 0.1 4.9
v 1.5 0.1 4.9
v 1.6 0.1 4.9
v 1.4 0.1 4.8
v 1.5 0.1 4.8
v -2.2 0.1 4.7
v -2.1 0.1 4.7
v -0.400001 0.1 4.7
v -0.3 0.1 4.7
v 1.3 0.1 4.7
v 1.4 0.1 4.7
v -2.2 0.1 4.6
v -2.1 0.1 4.6
v -0.400001 0.1 4.6
v -0.3 0.1 4.6
v 1.2 0.1 4.6
v 1.3 0.1 4.6
v -4.5 0.1 4.5
v -4.4 0.1 4.5
v 1.1 0.1 4.5
v 1.2 0.1 4.5
v 1 0.1 4.3
v 1.1 0.1 4.3
v 0.9 0.1 4.2
v 1 0.1 4.2
v 0.799999 0.1 4
v 0.9 0.1 4
v 0.7 0.1 3.9
v 0.799999 0.1 3.9
v -4.6 0.1 3.8
v -4.5 0.1 3.8
v 0.599999 0.1 3.8
v 0.7 0.1 3.8
v -4.2 0.1 3.6
v -4.1 0.1 3.6
v 0.5 0.1 3.6
v 0.599999 0.1 3.6
v -4.2 0.1 3.5
v -4.1 0.1 3.5
v 0.4 0.1 3.4
v 0.5 0.1 3.4
v 0.299999 0.1 3.3
v 0.4 0.1 3.3
v -4.7 0.1 3.2
v -4.6 0.1 3.2
v 0.2 0.1 3.2
v 0.299999 0.1 3.2
v 0.0999994 0.1 3.1
v 0.2 0.1 3.1
v 0 0.1 3
v 0.0999994 0.1 3
v -0.1 0.1 2.9
v 0 0.1 2.9
v -0.1 0.1 2.8
v 0 0.1 2.8
v -4.8 0.1 2.6
v -4.7 0.1 2.6
v -1.5 0.1 2.6
v -1.4 0.1 2.6
v -0.200001 0.1 2.6
v -0.1 0.1 2.6
v -1.5 0.1 2.5
v -1.4 0.1 2.5
v -3 0.1 2.4
v -2.9 0.1 2.4
v -0.3 0.1 2.4
v -0.200001 0.1 2.4
v -3 0.1 2.3
v -2.9 0.1 2.3
v -0.400001 0.1 2.3
v -0.3 0.1 2.3
v -4.9 0.1 2.2
v -4.8 0.1 2.2
v -0.5 0.1 2.2
v -0.400001 0.1 2.2
v -0.6 0.1 2
v -0.5 0.1 2
v -5 0.1 1.9
v -4.9 0.1 1.9
v -0.700001 0.1 1.9
v -0.6 0.1 1.9
v -4.8 0.1 1.8
v -4.7 0.1 1.8
v -0.8 0.1 1.8
v -0.700001 0.1 1.8
v -4.8 0.1 1.7
v -4.7 0.1 1.7
v -5.1 0.1 1.6
v -5 0.1 1.6
v -0.900001 0.1 1.6
v -0.8 0.1 1.6
v -4.8 0.1 1.4
v -4.7 0.1 1.4
v -1 0.1 1.4
v -0.900001 0.1 1.4
v -5.2 0.1 1.3
v -5.1 0.1 1.3
v -4.8 0.1 1.3
v -4.7 0.1 1.3
v -1.1 0.1 1.1
v -1 0.1 1.1
v -4.1 0.1 1
v -4 0.1 1
v -5.3 0.1 0.900001
v -5.2 0.1 0.900001
v -4.1 0.1 0.900001
v -4 0.1 0.900001
v -3.4 0.1 0.700001
v -3.3 0.1 0.700001
v -3.2 0.1 0.700001
v -1.2 0.1 0.700001
v -1.1 0.1 0.700001
v -5.4 0.1 0.6
v -5.3 0.1 0.6
v -4.8 0.1 0.6
v -4.7 0.1 0.6
v -3.4 0.1 0.6
v -3.3 0.1 0.6
v -3.2 0.1 0.6
v -4.8 0.1 0.5
v -4.7 0.1 0.5
v -3.4 0.1 0.5
v -3.3 0.1 0.5
v -5.5 0.1 0.3
v -5.4 0.1 0.3
v -1.3 0.1 0.1
v -1.2 0.1 0.1
v -5.6 0.1 -0.0999994
v -5.5 0.1 -0.0999994
v -4.9 0.1 -0.2
v -4.7 0.1 -0.2
v -4.9 0.1 -0.299999
v -4.7 0.1 -0.299999
v -2.2 0.1 -0.299999
v -2.1 0.1 -0.299999
v -2.2 0.1 -0.4
v -2.1 0.1 -0.4
v -5.7 0.1 -0.5
v -5.6 0.1 -0.5
v -4.6 0.1 -0.7
v -4.5 0.1 -0.7
v -1.9 0.1 -0.7
v -1.8 0.1 -0.7
v -1.4 0.1 -0.7
v -1.3 0.1 -0.7
v -5.8 0.1 -0.799999
v -5.7 0.1 -0.799999
v -4.6 0.1 -0.799999
v -4.5 0.1 -0.799999
v -1.9 0.1 -0.799999
v -1.8 0.1 -0.799999
v -5.8 0.1 -1.1
v -5.7 0.1 -1.1
v -1.4 0.1 -1.1
v -5.9 0.1 -1.2
v -5.8 0.1 -1.2
v -5.7 0.1 -1.2
v -1.4 0.1 -1.2
v -5.9 0.1 -1.3
v -5.8 0.1 -1.3
v -2.8 0.1 -1.4
v -2.7 0.1 -1.4
v -6 0.1 -1.5
v -5.9 0.1 -1.5
v -2.8 0.1 -1.5
v -2.7 0.1 -1.5
v -6.1 0.1 -1.8
v -6 0.1 -1.8
v -4.2 0.1 -1.8
v -4.1 0.1 -1.8
v -4.2 0.1 -1.9
v -4.1 0.1 -1.9
v -6.2 0.1 -2
v -6.1 0.1 -2
v -3 0.1 -2.1
v -2.9 0.1 -2.1
v -3 0.1 -2.2
v -2.9 0.1 -2.2
v -6.3 0.1 -2.3
v -6.2 0.1 -2.3
v -1.8 0.1 -2.3
v -1.7 0.1 -2.3
v -1.8 0.1 -2.4
v -1.7 0.1 -2.4
v -1.4 0.1 -2.4
v -1.3 0.1 -2.4
v -6.4 0.1 -2.6
v -6.3 0.1 -2.6
v -6.5 0.1 -2.8
v -6.4 0.1 -2.8
v -4.4 0.1 -2.8
v -4.3 0.1 -2.8
v -1.8 0.1 -2.8
v -1.7 0.1 -2.8
v -4.4 0.1 -2.9
v -4.3 0.1 -2.9
v -1.8 0.1 -2.9
v -1.7 0.1 -2.9
v -1.9 0.1 -3.1
v -1.8 0.1 -3.1
v -1.3 0.1 -3.1
v -1.2 0.1 -3.1
v -1.9 0.1 -3.2
v -1.8 0.1 -3.2
v -5.6 0.1 -3.8
v -5.5 0.1 -3.8
v -5.6 0.1 -3.9
v -5.5 0.1 -3.9
v -4.3 0.1 -3.9
v -4.2 0.1 -3.9
v -4.3 0.1 -4
v -4.2 0.1 -4
v -2.7 0.1 -4.2
v -2.6 0.1 -4.2
v -2.7 0.1 -4.3
v -2.6 0.1 -4.3
v -5.7 0.1 -4.5
v -5.6 0.1 -4.5
v -4.8 0.1 -4.5
v -4.7 0.1 -4.5
v -1.3 0.1 -4.5
v -1.2 0.1 -4.5
v -5.7 0.1 -4.6
v -5.6 0.1 -4.6
v -4.8 0.1 -4.6
v -4.7 0.1 -4.6
v -5.7 0.1 -4.7
v -5.6 0.1 -4.7
v -5.7 0.1 -4.8
v -5.6 0.1 -4.8
v -3.3 0.1 -4.9
v -3.2 0.1 -4.9
v -3.3 0.1 -5
v -3.2 0.1 -5
v -3 0.1 -5.1
v -2.8 0.1 -5.1
v -3 0.1 -5.2
v -2.8 0.1 -5.2
v -3.8 0.1 -5.3
v -3.7 0.1 -5.3
v -1.4 0.1 -5.3
v -1.3 0.1 -5.3
v -3.8 0.1 -5.4
v -3.7 0.1 -5.4
v -5.8 0.1 -5.5
v -5.7 0.1 -5.5
v -5.8 0.1 -5.6
v -5.7 0.1 -5.6
v -3.4 0.1 -5.6
v -3.3 0.1 -5.6
v -3.4 0.1 -5.7
v -3.3 0.1 -5.7
v -2.5 0.1 -5.7
v -2.4 0.1 -5.7
v -6.5 0.1 -5.8
v -6.4 0.1 -5.8
v -3.3 0.1 -5.8
v -3.2 0.1 -5.8
v -2.5 0.1 -5.8
v -2.4 0.1 -5.8
v -3.3 0.1 -5.9
v -3.2 0.1 -5.9
v -1.5 0.1 -6.1
v -1.4 0.1 -6.1
v -6.4 0.1 -6.4
v -6.3 0.1 -6.4
v -5.3 0.1 -6.6
v -5.2 0.1 -6.6
v -4.9 0.1 -6.6
v -4.8 0.1 -6.6
v -6.3 0.1 -6.7
v -5.3 0.1 -6.7
v -5.2 0.1 -6.7
v -4.9 0.1 -6.7
v -4.8 0.1 -6.7
v -6.3 0.1 -6.8
v -6.3 0.1 -6.9
v -6.2 0.1 -6.9
v -3.1 0.1 -6.9
v -3 0.1 -6.9
v -3.1 0.1 -7
v -3 0.1 -7
v -1.6 0.1 -7.1
v -1.5 0.1 -7.1
v -6.2 0.1 -7.2
v -6.1 0.1 -7.2
v -1.7 0.1 -7.4
v -1.6 0.1 -7.4
v -6.1 0.1 -7.5
v -6 0.1 -7.5
v -6 0.1 -7.8
v -5.9 0.1 -7.8
v -3.7 0.1 -7.8
v -3.6 0.1 -7.8
v -4.8 0.1 -7.9
v -4.7 0.1 -7.9
v -3.7 0.1 -7.9
v -3.6 0.1 -7.9
v -2.7 0.1 -7.9
v -2.5 0.1 -7.9
v -1.8 0.1 -7.9
v -1.7 0.1 -7.9
v -4.8 0.1 -8
v -4.7 0.1 -8
v -2.7 0.1 -8
v -2.5 0.1 -8
v -5.9 0.1 -8.3
v -5.8 0.1 -8.3
v -4 0.1 -8.4
v -3.9 0.1 -8.4
v -2.6 0.1 -8.4
v -2.5 0.1 -8.4
v -4 0.1 -8.5
v -3.9 0.1 -8.5
v -2.6 0.1 -8.5
v -2.5 0.1 -8.5
v -2 0.1 -8.5
v -1.9 0.1 -8.5
v -1.8 0.1 -8.5
v -2 0.1 -8.6
v -1.9 0.1 -8.6
v -5.8 0.1 -8.7
v -5.7 0.1 -8.7
v -2.2 0.1 -8.7
v -2.1 0.1 -8.7
v -3.1 0.1 -8.8
v -3 0.1 -8.8
v -2.2 0.1 -8.8
v -2.1 0.1 -8.8
v -5.7 0.1 -8.9
v -5.6 0.1 -8.9
v -3.1 0.1 -8.9
v -3 0.1 -8.9
v -3.7 0.1 -9
v -3.6 0.1 -9
v -2 0.1 -9
v -1.9 0.1 -9
v -3.7 0.1 -9.1
v -3.6 0.1 -9.1
v -5.6 0.1 -9.2
v -5.5 0.1 -9.2
v -4.2 0.1 -9.3
v -4.1 0.1 -9.3
v -3.7 0.1 -9.3
v -3.5 0.1 -9.3
v -4.2 0.1 -9.4
v -4.1 0.1 -9.4
v -3.7 0.1 -9.4
v -3.5 0.1 -9.4
v -4.6 0.1 -9.5
v -4.5 0.1 -9.5
v -2 0.1 -9.5
v -5.5 0.1 -9.6
v -5.4 0.1 -9.6
v -4.6 0.1 -9.6
v -4.5 0.1 -9.6
v -2 0.1 -9.6
v -3.3 0.1 -9.9
v -3.2 0.1 -9.9
v -3.3 0.1 -10
v -3.2 0.1 -10
v -2.5 0.1 -10.1
v -2.4 0.1 -10.1
v -5.4 0.1 -10.2
v -5.3 0.1 -10.2
v -4.9 0.1 -10.2
v -4.8 0.1 -10.2
v -2.5 0.1 -10.2
v -2.4 0.1 -10.2
v -4.9 0.1 -10.3
v -4.8 0.1 -10.3
v -2.1 0.1 -10.6
v -2 0.1 -10.6
v -3.8 0.1 -10.9
v -3.7 0.1 -10.9
v -3.8 0.1 -11
v -3.7 0.1 -11
v -5.3 0.1 -11.1
v -5.2 0.1 -11.1
v -5.2 0.1 -11.2
v -5.2 0.1 -11.3
v -2.2 0.1 -11.5
v -2.1 0.1 -11.5
v -3.9 0.1 -12.1
v -3.8 0.1 -12.1
v -3.9 0.1 -12.2
v -3.8 0.1 -12.2
v -2.3 0.1 -12.6
v -2.2 0.1 -12.6
v -5.3 0.1 -12.7
v -5.2 0.1 -12.7
v -5.3 0.1 -12.8
v -2.3 0.1 -12.8
v -9.2 0.2 12.8
v -7.9 0.2 12.8
v -7.9 0.2 12.7
v -7.8 0.2 12.7
v -9.3 0.2 12.5
v -9.2 0.2 12.5
v -9.3 0.2 12.1
v -9.2 0.2 12.1
v -9.2 0.2 11.9
v -9.1 0.2 11.9
v 12.6 0.2 11.9
v 12.8 0.2 11.9
v 12.3 0.2 11.8
v 12.6 0.2 11.8
v -9.1 0.2 11.7
v -9 0.2 11.7
v 12.2 0.2 11.7
v 12.3 0.2 11.7
v 11.9 0.2 11.6
v 12.2 0.2 11.6
v -9 0.2 11.5
v -8.9 0.2 11.5
v -8.9 0.2 11.4
v -8.8 0.2 11.4
v 11.5 0.2 11.4
v 11.9 0.2 11.4
v 11.4 0.2 11.3
v 11.5 0.2 11.3
v -8.8 0.2 11.2
v -8.7 0.2 11.2
v 11.1 0.2 11.2
v 11.4 0.2 11.2
v 10.8 0.2 11.1
v 11.1 0.2 11.1
v -8.7 0.2 11
v -8.6 0.2 11
v -7.8 0.2 11
v -7.7 0.2 11
v 10.5 0.2 11
v 10.8 0.2 11
v 10.2 0.2 10.9
v 10.5 0.2 10.9
v 10 0.2 10.8
v 10.2 0.2 10.8
v 9.8 0.2 10.7
v 10 0.2 10.7
v -8.6 0.2 10.6
v -8.5 0.2 10.6
v -7.7 0.2 10.6
v -7.6 0.2 10.6
v 9.6 0.2 10.6
v 9.8 0.2 10.6
v 9.1 0.2 10.5
v 9.6 0.2 10.5
v 7.8 0.2 10.4
v 9.1 0.2 10.4
v 7.3 0.2 10.3
v 7.8 0.2 10.3
v -7.6 0.2 10.2
v -7.5 0.2 10.2
v 7 0.2 10.2
v 7.3 0.2 10.2
v -7.5 0.2 10.1
v -7.4 0.2 10.1
v 6.7 0.2 10.1
v 7 0.2 10.1
v -7.4 0.2 10
v -7.3 0.2 10
v 6.5 0.2 10
v 6.7 0.2 10
v 6.2 0.2 9.9
v 6.5 0.2 9.9
v 11.2 0.2 9.9
v 11.3 0.2 9.9
v 12.4 0.2 9.9
v 12.8 0.2 9.9
v -7.3 0.2 9.8
v -7.2 0.2 9.8
v 6 0.2 9.8
v 6.2 0.2 9.8
v 11.2 0.2 9.8
v 11.3 0.2 9.8
v 12.4 0.2 9.8
v -7.2 0.2 9.7
v -7.1 0.2 9.7
v 5.5 0.2 9.7
v 6 0.2 9.7
v 11 0.2 9.7
v 11.2 0.2 9.7
v -7.1 0.2 9.6
v -7 0.2 9.6
v 5.3 0.2 9.6
v 5.5 0.2 9.6
v 5.9 0.2 9.6
v 6 0.2 9.6
v 10.8 0.2 9.6
v 11 0.2 9.6
v -7 0.2 9.5
v -6.9 0.2 9.5
v 5.1 0.2 9.5
v 5.3 0.2 9.5
v 5.9 0.2 9.5
v 6 0.2 9.5
v 10.6 0.2 9.5
v 10.8 0.2 9.5
v -6.9 0.2 9.4
v -6.8 0.2 9.4
v 4.8 0.2 9.4
v 5.1 0.2 9.4
v 10.3 0.2 9.4
v 10.6 0.2 9.4
v -6.8 0.2 9.3
v -6.7 0.2 9.3
v 4.5 0.2 9.3
v 4.8 0.2 9.3
v 10.1 0.2 9.3
v 10.3 0.2 9.3
v -6.7 0.2 9.2
v -6.6 0.2 9.2
v 4.3 0.2 9.2
v 4.5 0.2 9.2
v 9.9 0.2 9.2
v 10 0.2 9.2
v 10.1 0.2 9.2
v -8.5 0.2 9.1
v -6.6 0.2 9.1
v -6.5 0.2 9.1
v 4 0.2 9.1
v 4.3 0.2 9.1
v 7.6 0.2 9.1
v 9.9 0.2 9.1
v 10 0.2 9.1
v -8.5 0.2 9
v -6.5 0.2 9
v -6.4 0.2 9
v 3.8 0.2 9
v 4 0.2 9
v 7.4 0.2 9
v 7.6 0.2 9
v -6.4 0.2 8.9
v -6.3 0.2 8.9
v 3.7 0.2 8.9
v 3.8 0.2 8.9
v 7.3 0.2 8.9
v 7.4 0.2 8.9
v 3.6 0.2 8.8
v 3.7 0.2 8.8
v 7.1 0.2 8.8
v 7.3 0.2 8.8
v -6.3 0.2 8.7
v -6.2 0.2 8.7
v 3.4 0.2 8.7
v 3.6 0.2 8.7
v 6.9 0.2 8.7
v 7.1 0.2 8.7
v -6.2 0.2 8.6
v -6.1 0.2 8.6
v 3.3 0.2 8.6
v 3.4 0.2 8.6
v 6.7 0.2 8.6
v 6.9 0.2 8.6
v -6.1 0.2 8.5
v -6 0.2 8.5
v 3.2 0.2 8.5
v 3.3 0.2 8.5
v 6.5 0.2 8.5
v 6.7 0.2 8.5
v -6 0.2 8.4
v -5.9 0.2 8.4
v 3.1 0.2 8.4
v 3.2 0.2 8.4
v 4.7 0.2 8.4
v 4.8 0.2 8.4
v 6.3 0.2 8.4
v 6.5 0.2 8.4
v -5.9 0.2 8.3
v -5.8 0.2 8.3
v 3 0.2 8.3
v 3.1 0.2 8.3
v 6.1 0.2 8.3
v 6.3 0.2 8.3
v -8.6 0.2 8.2
v -8.5 0.2 8.2
v -6.9 0.2 8.2
v -6.8 0.2 8.2
v -5.9 0.2 8.2
v -5.8 0.2 8.2
v -5.7 0.2 8.2
v 5.9 0.2 8.2
v 6.1 0.2 8.2
v -6.9 0.2 8.1
v -6.8 0.2 8.1
v -5.7 0.2 8.1
v -5.6 0.2 8.1
v 2.9 0.2 8.1
v 3 0.2 8.1
v 4.7 0.2 8.1
v 4.8 0.2 8.1
v 5.7 0.2 8.1
v 5.9 0.2 8.1
v 2.8 0.2 8
v 2.9 0.2 8
v 5.5 0.2 8
v 5.7 0.2 8
v -5.6 0.2 7.9
v -5.5 0.2 7.9
v 2.7 0.2 7.9
v 2.8 0.2 7.9
v 5.4 0.2 7.9
v 5.5 0.2 7.9
v -5.5 0.2 7.8
v -5.4 0.2 7.8
v 5.2 0.2 7.8
v 5.4 0.2 7.8
v 2.6 0.2 7.7
v 2.7 0.2 7.7
v 5 0.2 7.7
v 5.2 0.2 7.7
v -8.6 0.2 7.6
v -8.5 0.2 7.6
v -5.4 0.2 7.6
v -5.3 0.2 7.6
v 2.5 0.2 7.6
v 2.6 0.2 7.6
v 4.8 0.2 7.6
v 5 0.2 7.6
v -5.3 0.2 7.5
v -5.2 0.2 7.5
v 4.7 0.2 7.5
v 4.8 0.2 7.5
v 2.4 0.2 7.4
v 2.5 0.2 7.4
v 4.6 0.2 7.4
v 4.7 0.2 7.4
v -5.2 0.2 7.3
v -5.1 0.2 7.3
v 4.4 0.2 7.3
v 4.6 0.2 7.3
v -8.5 0.2 7.2
v -8.4 0.2 7.2
v -5.1 0.2 7.2
v -5 0.2 7.2
v 2.3 0.2 7.2
v 2.4 0.2 7.2
v 4.3 0.2 7.2
v 4.4 0.2 7.2
v 4.2 0.2 7.1
v 4.3 0.2 7.1
v -5 0.2 7
v -4.9 0.2 7
v 2.2 0.2 7
v 2.3 0.2 7
v 4.1 0.2 7
v 4.2 0.2 7
v -7.8 0.2 6.9
v -7.7 0.2 6.9
v 2.3 0.2 6.9
v 2.4 0.2 6.9
v 4 0.2 6.9
v 4.1 0.2 6.9
v -8.4 0.2 6.8
v -8.3 0.2 6.8
v -7.8 0.2 6.8
v -7.7 0.2 6.8
v -4.9 0.2 6.8
v -4.8 0.2 6.8
v 2.1 0.2 6.8
v 2.2 0.2 6.8
v 2.3 0.2 6.8
v 2.4 0.2 6.8
v 3.9 0.2 6.7
v 4 0.2 6.7
v -8.3 0.2 6.6
v -8.2 0.2 6.6
v -6.3 0.2 6.6
v -6.2 0.2 6.6
v -6.1 0.2 6.6
v -6 0.2 6.6
v -4.8 0.2 6.6
v -4.7 0.2 6.6
v 2 0.2 6.6
v 2.1 0.2 6.6
v 3.8 0.2 6.6
v 3.9 0.2 6.6
v -6.3 0.2 6.5
v -6.2 0.2 6.5
v -6.1 0.2 6.5
v -6 0.2 6.5
v 3.7 0.2 6.5
v 3.8 0.2 6.5
v -4.7 0.2 6.4
v -4.6 0.2 6.4
v 1.9 0.2 6.4
v 2 0.2 6.4
v 3.6 0.2 6.4
v 3.7 0.2 6.4
v -8.2 0.2 6.3
v -8.1 0.2 6.3
v -4.6 0.2 6.3
v -4.5 0.2 6.3
v 1.8 0.2 6.2
v 1.9 0.2 6.2
v 3.5 0.2 6.2
v 3.6 0.2 6.2
v -4.5 0.2 6.1
v -4.4 0.2 6.1
v -8.1 0.2 6
v -8 0.2 6
v 3.4 0.2 6
v 3.5 0.2 6
v -7.3 0.2 5.8
v -7.2 0.2 5.8
v 3.3 0.2 5.8
v 3.4 0.2 5.8
v -7.3 0.2 5.7
v -7.2 0.2 5.7
v 3.2 0.2 5.7
v 3.3 0.2 5.7
v 3.1 0.2 5.6
v 3.2 0.2 5.6
v 3 0.2 5.4
v 3.1 0.2 5.4
v -8 0.2 5.3
v -7.9 0.2 5.3
v 1.7 0.2 5.3
v 1.8 0.2 5.3
v 2.9 0.2 5.2
v 3 0.2 5.2
v 1.6 0.2 5.1
v 1.7 0.2 5.1
v -7.6 0.2 4.9
v -7.5 0.2 4.9
v 1.5 0.2 4.9
v 1.6 0.2 4.9
v -7.6 0.2 4.8
v -7.5 0.2 4.8
v 1.4 0.2 4.8
v 1.5 0.2 4.8
v 2.8 0.2 4.8
v 2.9 0.2 4.8
v 1.3 0.2 4.7
v 1.4 0.2 4.7
v 1.2 0.2 4.6
v 1.3 0.2 4.6
v 2.7 0.2 4.6
v 2.8 0.2 4.6
v -4.5 0.2 4.5
v -4.4 0.2 4.5
v 1.1 0.2 4.5
v 1.2 0.2 4.5
v -7.7 0.2 4.4
v -7.5 0.2 4.4
v -7.7 0.2 4.3
v -7.5 0.2 4.3
v 1 0.2 4.3
v 1.1 0.2 4.3
v 2.6 0.2 4.3
v 2.7 0.2 4.3
v -6.8 0.2 4.2
v -6.7 0.2 4.2
v 0.9 0.2 4.2
v 1 0.2 4.2
v -6.8 0.2 4.1
v -6.7 0.2 4.1
v 2.5 0.2 4.1
v 2.6 0.2 4.1
v 0.799999 0.2 4
v 0.9 0.2 4
v -5.6 0.2 3.9
v -5.5 0.2 3.9
v 0.7 0.2 3.9
v 0.799999 0.2 3.9
v 2.4 0.2 3.9
v 2.5 0.2 3.9
v -5.6 0.2 3.8
v -5.5 0.2 3.8
v -4.6 0.2 3.8
v -4.5 0.2 3.8
v 0.599999 0.2 3.8
v 0.7 0.2 3.8
v 2.3 0.2 3.7
v 2.4 0.2 3.7
v 0.5 0.2 3.6
v 0.599999 0.2 3.6
v -7 0.2 3.5
v -6.9 0.2 3.5
v 2.2 0.2 3.5
v 2.3 0.2 3.5
v -7 0.2 3.4
v -6.9 0.2 3.4
v 0.4 0.2 3.4
v 0.5 0.2 3.4
v 0.299999 0.2 3.3
v 0.4 0.2 3.3
v 2 0.2 3.3
v 2.1 0.2 3.3
v 2.2 0.2 3.3
v -4.7 0.2 3.2
v -4.6 0.2 3.2
v 0.2 0.2 3.2
v 0.299999 0.2 3.2
v 2 0.2 3.2
v 2.1 0.2 3.2
v 0.0999994 0.2 3.1
v 0.2 0.2 3.1
v 2 0.2 3.1
v 2.1 0.2 3.1
v 0 0.2 3
v 0.0999994 0.2 3
v -8 0.2 2.9
v -7.9 0.2 2.9
v 0.799999 0.2 2.9
v 0.9 0.2 2.9
v 1.9 0.2 2.9
v 2 0.2 2.9
v -0.1 0.2 2.8
v 0 0.2 2.8
v 0.799999 0.2 2.8
v 0.9 0.2 2.8
v 1.8 0.2 2.8
v 1.9 0.2 2.8
v 1.7 0.2 2.7
v 1.8 0.2 2.7
v -4.8 0.2 2.6
v -4.7 0.2 2.6
v -0.200001 0.2 2.6
v -0.1 0.2 2.6
v -6.3 0.2 2.5
v -6.2 0.2 2.5
v 1.6 0.2 2.5
v 1.7 0.2 2.5
v -6.3 0.2 2.4
v -6.2 0.2 2.4
v -0.3 0.2 2.4
v -0.200001 0.2 2.4
v 1.5 0.2 2.4
v 1.6 0.2 2.4
v -0.400001 0.2 2.3
v -0.3 0.2 2.3
v -4.9 0.2 2.2
v -4.8 0.2 2.2
v -0.5 0.2 2.2
v -0.400001 0.2 2.2
v -5.4 0.2 2.1
v -5.3 0.2 2.1
v 0.4 0.2 2.1
v 0.5 0.2 2.1
v 1.4 0.2 2.1
v 1.5 0.2 2.1
v -5.4 0.2 2
v -5.3 0.2 2
v -0.6 0.2 2
v -0.5 0.2 2
v 1.3 0.2 2
v 1.4 0.2 2
v -5 0.2 1.9
v -4.9 0.2 1.9
v -0.700001 0.2 1.9
v -0.6 0.2 1.9
v 0.4 0.2 1.9
v 0.5 0.2 1.9
v -0.8 0.2 1.8
v -0.700001 0.2 1.8
v 0.599999 0.2 1.7
v 0.7 0.2 1.7
v 1.2 0.2 1.7
v 1.3 0.2 1.7
v -5.1 0.2 1.6
v -5 0.2 1.6
v -0.900001 0.2 1.6
v -0.8 0.2 1.6
v 0.599999 0.2 1.6
v 0.7 0.2 1.6
v -1 0.2 1.4
v -0.900001 0.2 1.4
v 1.1 0.2 1.4
v 1.2 0.2 1.4
v -5.2 0.2 1.3
v -5.1 0.2 1.3
v -8.1 0.2 1.2
v -8 0.2 1.2
v -1.1 0.2 1.1
v -1 0.2 1.1
v 1 0.2 1.1
v 1.1 0.2 1.1
v -5.3 0.2 0.900001
v -5.2 0.2 0.900001
v -6.3 0.2 0.8
v -6.2 0.2 0.8
v -1.2 0.2 0.700001
v -1.1 0.2 0.700001
v -6.3 0.2 0.6
v -6.2 0.2 0.6
v -5.4 0.2 0.6
v -5.3 0.2 0.6
v -8.2 0.2 0.5
v -8.1 0.2 0.5
v -6.9 0.2 0.3
v -6.8 0.2 0.3
v -5.5 0.2 0.3
v -5.4 0.2 0.3
v 0.9 0.2 0.3
v 1 0.2 0.3
v -6.9 0.2 0.200001
v -6.8 0.2 0.200001
v 0.9 0.2 0.200001
v -1.3 0.2 0.1
v -1.2 0.2 0.1
v 0.9 0.2 0.1
v -0.8 0.2 0
v -0.700001 0.2 0
v 0.799999 0.2 0
v 0.9 0.2 0
v -5.6 0.2 -0.0999994
v -5.5 0.2 -0.0999994
v -0.8 0.2 -0.0999994
v -0.700001 0.2 -0.0999994
v -5.7 0.2 -0.5
v -5.6 0.2 -0.5
v -0.1 0.2 -0.5
v 0 0.2 -0.5
v -0.1 0.2 -0.599999
v 0 0.2 -0.599999
v 0.7 0.2 -0.599999
v 0.799999 0.2 -0.599999
v -1.4 0.2 -0.7
v -1.3 0.2 -0.7
v -0.5 0.2 -0.7
v -0.400001 0.2 -0.7
v -7.9 0.2 -0.799999
v -7.8 0.2 -0.799999
v -5.8 0.2 -0.799999
v -5.7 0.2 -0.799999
v -0.5 0.2 -0.799999
v -0.400001 0.2 -0.799999
v 0.599999 0.2 -0.799999
v 0.7 0.2 -0.799999
v -7.9 0.2 -0.9
v -7.8 0.2 -0.9
v -7.1 0.2 -1
v -6.9 0.2 -1
v 0.5 0.2 -1
v 0.599999 0.2 -1
v -7.1 0.2 -1.1
v -6.9 0.2 -1.1
v -6 0.2 -1.1
v -5.9 0.2 -1.1
v -1.4 0.2 -1.1
v -1.3 0.2 -1.1
v -0.3 0.2 -1.1
v -0.200001 0.2 -1.1
v -5.9 0.2 -1.2
v -5.8 0.2 -1.2
v -1.4 0.2 -1.2
v -1.3 0.2 -1.2
v -0.3 0.2 -1.2
v -0.200001 0.2 -1.2
v -6 0.2 -1.3
v -5.9 0.2 -1.3
v -1.3 0.2 -1.4
v -1.2 0.2 -1.4
v 0.4 0.2 -1.4
v 0.5 0.2 -1.4
v -6 0.2 -1.5
v -5.9 0.2 -1.5
v -1.3 0.2 -1.5
v -1.2 0.2 -1.5
v -0.400001 0.2 -1.5
v -0.3 0.2 -1.5
v -0.400001 0.2 -1.6
v -0.3 0.2 -1.6
v -6.1 0.2 -1.8
v -6 0.2 -1.8
v -6.2 0.2 -2
v -6.1 0.2 -2
v 0.299999 0.2 -2
v 0.4 0.2 -2
v -6.3 0.2 -2.3
v -6.2 0.2 -2.3
v 0.2 0.2 -2.3
v 0.299999 0.2 -2.3
v -8.2 0.2 -2.4
v -8.1 0.2 -2.4
v -1.4 0.2 -2.4
v -1.3 0.2 -2.4
v -6.4 0.2 -2.6
v -6.3 0.2 -2.6
v -1.2 0.2 -2.7
v -1.1 0.2 -2.7
v -6.5 0.2 -2.8
v -6.4 0.2 -2.8
v -1.2 0.2 -2.8
v -1.1 0.2 -2.8
v -6.7 0.2 -2.9
v -6.6 0.2 -2.9
v -8.1 0.2 -3
v -8 0.2 -3
v -6.7 0.2 -3
v -6.6 0.2 -3
v -1.3 0.2 -3.1
v -1.2 0.2 -3.1
v -0.6 0.2 -3.2
v -0.5 0.2 -3.2
v -0.6 0.2 -3.3
v -0.5 0.2 -3.3
v -8 0.2 -3.4
v -7.9 0.2 -3.4
v -6.8 0.2 -3.4
v -6.7 0.2 -3.4
v -0.200001 0.2 -3.4
v -0.1 0.2 -3.4
v -6.8 0.2 -3.5
v -6.7 0.2 -3.5
v -0.200001 0.2 -3.5
v -0.1 0.2 -3.5
v -0.5 0.2 -3.6
v -0.400001 0.2 -3.6
v -0.5 0.2 -3.7
v -0.400001 0.2 -3.7
v -7.9 0.2 -3.8
v -7.8 0.2 -3.8
v 0.0999994 0.2 -3.9
v 0.2 0.2 -3.9
v -7.8 0.2 -4.1
v -7.7 0.2 -4.1
v -6.8 0.2 -4.3
v -6.7 0.2 -4.3
v -7.7 0.2 -4.4
v -7.6 0.2 -4.4
v -6.8 0.2 -4.4
v -6.7 0.2 -4.4
v -1.3 0.2 -4.5
v -1.2 0.2 -4.5
v 0 0.2 -4.5
v 0.0999994 0.2 -4.5
v -7.6 0.2 -4.7
v -7.5 0.2 -4.7
v -7.5 0.2 -5.1
v -7.4 0.2 -5.1
v -1.4 0.2 -5.3
v -1.3 0.2 -5.3
v -0.1 0.2 -5.3
v 0 0.2 -5.3
v -0.1 0.2 -5.4
v -7.4 0.2 -5.5
v -7.3 0.2 -5.5
v -0.5 0.2 -5.6
v -0.400001 0.2 -5.6
v -0.200001 0.2 -5.6
v -0.1 0.2 -5.6
v -0.5 0.2 -5.7
v -0.400001 0.2 -5.7
v -7.3 0.2 -5.8
v -7.2 0.2 -5.8
v -6.5 0.2 -5.8
v -6.4 0.2 -5.8
v -0.3 0.2 -5.9
v -0.200001 0.2 -5.9
v -7.2 0.2 -6.1
v -7.1 0.2 -6.1
v -1.5 0.2 -6.1
v -1.4 0.2 -6.1
v -7 0.2 -6.2
v -6.9 0.2 -6.2
v -7 0.2 -6.3
v -6.9 0.2 -6.3
v -0.400001 0.2 -6.3
v -0.3 0.2 -6.3
v -6.4 0.2 -6.4
v -6.3 0.2 -6.4
v -6.4 0.2 -6.7
v -6.3 0.2 -6.7
v -6.4 0.2 -6.8
v -6.3 0.2 -6.8
v -0.5 0.2 -6.8
v -0.400001 0.2 -6.8
v -6.3 0.2 -6.9
v -6.2 0.2 -6.9
v -1.6 0.2 -7.1
v -1.5 0.2 -7.1
v -6.2 0.2 -7.2
v -6.1 0.2 -7.2
v -0.6 0.2 -7.2
v -0.5 0.2 -7.2
v -7.1 0.2 -7.3
v -7.1 0.2 -7.4
v -1.7 0.2 -7.4
v -1.6 0.2 -7.4
v -0.700001 0.2 -7.4
v -0.6 0.2 -7.4
v -6.1 0.2 -7.5
v -6 0.2 -7.5
v -6.2 0.2 -7.6
v -6.1 0.2 -7.6
v -6.2 0.2 -7.7
v -6.1 0.2 -7.7
v -6 0.2 -7.8
v -5.9 0.2 -7.8
v -1.8 0.2 -7.9
v -1.7 0.2 -7.9
v -0.8 0.2 -7.9
v -0.700001 0.2 -7.9
v -6.7 0.2 -8.3
v -6.6 0.2 -8.3
v -5.9 0.2 -8.3
v -5.8 0.2 -8.3
v -6.7 0.2 -8.4
v -6.6 0.2 -8.4
v -0.900001 0.2 -8.4
v -0.8 0.2 -8.4
v -1.9 0.2 -8.5
v -1.8 0.2 -8.5
v -5.8 0.2 -8.7
v -5.7 0.2 -8.7
v -5.7 0.2 -8.9
v -5.6 0.2 -8.9
v -2 0.2 -9
v -1.9 0.2 -9
v -1 0.2 -9
v -0.900001 0.2 -9
v -6.9 0.2 -9.1
v -6.8 0.2 -9.1
v -6.9 0.2 -9.2
v -6.8 0.2 -9.2
v -5.6 0.2 -9.2
v -5.5 0.2 -9.2
v -7.2 0.2 -9.3
v -7.1 0.2 -9.3
v -6.2 0.2 -9.3
v -6.1 0.2 -9.3
v -6.2 0.2 -9.4
v -6.1 0.2 -9.4
v -7.2 0.2 -9.5
v -2 0.2 -9.5
v -1.9 0.2 -9.5
v -7.2 0.2 -9.6
v -5.5 0.2 -9.6
v -5.4 0.2 -9.6
v -2 0.2 -9.6
v -1.9 0.2 -9.6
v -7.1 0.2 -9.9
v -6.9 0.2 -9.9
v -7.1 0.2 -10
v -6.9 0.2 -10
v -6.2 0.2 -10
v -6.1 0.2 -10
v -6.2 0.2 -10.1
v -6.1 0.2 -10.1
v -5.4 0.2 -10.2
v -5.3 0.2 -10.2
v -1.9 0.2 -10.3
v -1.8 0.2 -10.3
v -1.9 0.2 -10.4
v -1.8 0.2 -10.4
v -2.1 0.2 -10.6
v -2 0.2 -10.6
v -1.1 0.2 -10.6
v -1 0.2 -10.6
v -5.5 0.2 -11
v -5.4 0.2 -11
v -1.2 0.2 -11
v -1.1 0.2 -11
v -7.2 0.2 -11.1
v -7.1 0.2 -11.1
v -5.5 0.2 -11.1
v -5.4 0.2 -11.1
v -5.3 0.2 -11.1
v -5.2 0.2 -11.1
v -5.3 0.2 -11.2
v -5.2 0.2 -11.2
v -1.3 0.2 -11.2
v -1.2 0.2 -11.2
v -5.3 0.2 -11.3
v -5.2 0.2 -11.3
v -7.1 0.2 -11.5
v -2.2 0.2 -11.5
v -2.1 0.2 -11.5
v -7.1 0.2 -11.6
v -1.4 0.2 -11.6
v -1.3 0.2 -11.6
v -2.1 0.2 -11.8
v -2 0.2 -11.8
v -2.1 0.2 -11.9
v -2 0.2 -11.9
v -7.1 0.2 -12.1
v -7 0.2 -12.1
v -1.5 0.2 -12.1
v -1.4 0.2 -12.1
v -1.6 0.2 -12.4
v -1.5 0.2 -12.4
v -2.3 0.2 -12.6
v -2.2 0.2 -12.6
v -5.3 0.2 -12.7
v -5.2 0.2 -12.7
v -7 0.2 -12.8
v -5.3 0.2 -12.8
v -2.3 0.2 -12.8
v -1.6 0.2 -12.8
v -12.8 0.3 12.8
v -9.2 0.3 12.8
v -7.9 0.3 12.8
v -7.8 0.3 12.8
v -9.2 0.3 12.7
v -7.9 0.3 12.7
v -7.8 0.3 12.7
v -12.8 0.3 12.6
v -12.7 0.3 12.6
v -10.6 0.3 12.6
v -10.4 0.3 12.6
v -12.7 0.3 12.5
v -12.6 0.3 12.5
v -10.6 0.3 12.5
v -10.4 0.3 12.5
v -9.3 0.3 12.5
v -9.2 0.3 12.5
v -12.6 0.3 12.4
v -12.5 0.3 12.4
v -12.5 0.3 12.2
v -12.4 0.3 12.2
v -9.4 0.3 12.1
v -9.3 0.3 12.1
v -9.2 0.3 12.1
v -10 0.3 12
v -9.9 0.3 12
v -9.4 0.3 12
v -9.3 0.3 12
v -10 0.3 11.9
v -9.9 0.3 11.9
v -9.2 0.3 11.9
v -9.1 0.3 11.9
v -12.4 0.3 11.7
v -12.3 0.3 11.7
v -9.1 0.3 11.7
v -9 0.3 11.7
v -12.3 0.3 11.6
v -12.2 0.3 11.6
v -12.2 0.3 11.5
v -12.1 0.3 11.5
v -11.6 0.3 11.5
v -11.5 0.3 11.5
v -9 0.3 11.5
v -8.9 0.3 11.5
v -12.1 0.3 11.4
v -12 0.3 11.4
v -11.6 0.3 11.4
v -11.5 0.3 11.4
v -8.9 0.3 11.4
v -8.8 0.3 11.4
v -12 0.3 11.3
v -11.7 0.3 11.3
v -10.4 0.3 11.3
v -10.3 0.3 11.3
v -11.7 0.3 11.2
v -11.6 0.3 11.2
v -10.4 0.3 11.2
v -10.3 0.3 11.2
v -8.8 0.3 11.2
v -8.7 0.3 11.2
v -11.6 0.3 11.1
v -11.5 0.3 11.1
v -11.5 0.3 11
v -11.4 0.3 11
v -8.7 0.3 11
v -8.6 0.3 11
v -11.4 0.3 10.8
v -11.3 0.3 10.8
v -11.3 0.3 10.7
v -11.2 0.3 10.7
v -8.6 0.3 10.6
v -8.5 0.3 10.6
v -11.2 0.3 10.5
v -11.1 0.3 10.5
v -11.1 0.3 10.3
v -11 0.3 10.3
v -11 0.3 10.2
v -10.9 0.3 10.2
v -10.9 0.3 10
v -10.7 0.3 10
v 12.4 0.3 9.9
v 12.8 0.3 9.9
v -10.7 0.3 9.8
v -10.6 0.3 9.8
v 11.2 0.3 9.8
v 11.3 0.3 9.8
v 12.4 0.3 9.8
v 11 0.3 9.7
v 11.2 0.3 9.7
v 11.3 0.3 9.7
v -10.6 0.3 9.6
v -10.5 0.3 9.6
v 10.8 0.3 9.6
v 11 0.3 9.6
v 10.6 0.3 9.5
v 10.8 0.3 9.5
v -10.5 0.3 9.4
v -10.4 0.3 9.4
v 10.3 0.3 9.4
v 10.6 0.3 9.4
v 10.8 0.3 9.4
v 10.9 0.3 9.4
v -9.5 0.3 9.3
v -9.4 0.3 9.3
v 10.1 0.3 9.3
v 10.3 0.3 9.3
v 10.8 0.3 9.3
v 10.9 0.3 9.3
v -10.4 0.3 9.2
v -10.3 0.3 9.2
v -9.5 0.3 9.2
v -9.4 0.3 9.2
v 10 0.3 9.2
v 10.1 0.3 9.2
v 12.7 0.3 9.2
v 12.8 0.3 9.2
v -8.6 0.3 9.1
v -8.5 0.3 9.1
v 7.6 0.3 9.1
v 10 0.3 9.1
v 12.4 0.3 9.1
v 12.7 0.3 9.1
v -8.6 0.3 9
v -8.5 0.3 9
v 7.4 0.3 9
v 7.6 0.3 9
v 12.2 0.3 9
v 12.4 0.3 9
v -10.3 0.3 8.9
v -10.2 0.3 8.9
v 7.3 0.3 8.9
v 7.4 0.3 8.9
v 8.2 0.3 8.9
v 8.3 0.3 8.9
v 12.1 0.3 8.9
v 12.2 0.3 8.9
v 7.1 0.3 8.8
v 7.3 0.3 8.8
v 8.2 0.3 8.8
v 8.3 0.3 8.8
v 12 0.3 8.8
v 12.1 0.3 8.8
v -10.2 0.3 8.7
v -10.1 0.3 8.7
v 6.9 0.3 8.7
v 7.1 0.3 8.7
v 11.7 0.3 8.7
v 12 0.3 8.7
v 6.7 0.3 8.6
v 6.9 0.3 8.6
v 11.6 0.3 8.6
v 11.7 0.3 8.6
v 6.5 0.3 8.5
v 6.7 0.3 8.5
v 11.4 0.3 8.5
v 11.6 0.3 8.5
v 6.3 0.3 8.4
v 6.5 0.3 8.4
v 11.2 0.3 8.4
v 11.4 0.3 8.4
v -10.1 0.3 8.3
v -10 0.3 8.3
v 6.1 0.3 8.3
v 6.3 0.3 8.3
v 9.5 0.3 8.3
v 9.6 0.3 8.3
v 11 0.3 8.3
v 11.2 0.3 8.3
v -8.6 0.3 8.2
v -8.5 0.3 8.2
v 5.9 0.3 8.2
v 6.1 0.3 8.2
v 7.3 0.3 8.2
v 7.4 0.3 8.2
v 9.5 0.3 8.2
v 9.6 0.3 8.2
v 10.8 0.3 8.2
v 11 0.3 8.2
v 5.7 0.3 8.1
v 5.9 0.3 8.1
v 7.3 0.3 8.1
v 7.4 0.3 8.1
v 10.6 0.3 8.1
v 10.8 0.3 8.1
v -9.6 0.3 8
v -9.5 0.3 8
v 5.5 0.3 8
v 5.7 0.3 8
v 10.5 0.3 8
v 10.6 0.3 8
v -9.6 0.3 7.9
v -9.5 0.3 7.9
v 5.4 0.3 7.9
v 5.5 0.3 7.9
v 10.3 0.3 7.9
v 10.5 0.3 7.9
v 5.2 0.3 7.8
v 5.4 0.3 7.8
v 9.9 0.3 7.8
v 10.3 0.3 7.8
v -10 0.3 7.7
v -9.9 0.3 7.7
v 5 0.3 7.7
v 5.2 0.3 7.7
v 5.3 0.3 7.7
v 5.4 0.3 7.7
v 9.8 0.3 7.7
v 9.9 0.3 7.7
v -8.6 0.3 7.6
v -8.5 0.3 7.6
v 4.8 0.3 7.6
v 5 0.3 7.6
v 5.3 0.3 7.6
v 5.4 0.3 7.6
v 9.4 0.3 7.6
v 9.8 0.3 7.6
v 4.7 0.3 7.5
v 4.8 0.3 7.5
v 9.2 0.3 7.5
v 9.4 0.3 7.5
v 4.6 0.3 7.4
v 4.7 0.3 7.4
v 9 0.3 7.4
v 9.2 0.3 7.4
v 4.4 0.3 7.3
v 4.6 0.3 7.3
v 8.7 0.3 7.3
v 9 0.3 7.3
v -8.5 0.3 7.2
v -8.4 0.3 7.2
v 4.3 0.3 7.2
v 4.4 0.3 7.2
v 8.4 0.3 7.2
v 8.7 0.3 7.2
v 4.2 0.3 7.1
v 4.3 0.3 7.1
v 8.1 0.3 7.1
v 8.4 0.3 7.1
v 4.1 0.3 7
v 4.2 0.3 7
v 7.8 0.3 7
v 8.1 0.3 7
v 4 0.3 6.9
v 4.1 0.3 6.9
v 7.6 0.3 6.9
v 7.8 0.3 6.9
v -10 0.3 6.8
v -9.9 0.3 6.8
v -8.4 0.3 6.8
v -8.3 0.3 6.8
v 7.5 0.3 6.8
v 7.6 0.3 6.8
v 3.9 0.3 6.7
v 4 0.3 6.7
v 7.4 0.3 6.7
v 7.5 0.3 6.7
v -8.3 0.3 6.6
v -8.2 0.3 6.6
v 3.8 0.3 6.6
v 3.9 0.3 6.6
v 7.2 0.3 6.6
v 7.4 0.3 6.6
v 3.7 0.3 6.5
v 3.8 0.3 6.5
v 7.1 0.3 6.5
v 7.2 0.3 6.5
v 3.6 0.3 6.4
v 3.7 0.3 6.4
v 7 0.3 6.4
v 7.1 0.3 6.4
v -8.2 0.3 6.3
v -8.1 0.3 6.3
v 6.9 0.3 6.3
v 7 0.3 6.3
v 3.5 0.3 6.2
v 3.6 0.3 6.2
v 6.8 0.3 6.1
v 6.9 0.3 6.1
v -8.1 0.3 6
v -8 0.3 6
v 3.4 0.3 6
v 3.5 0.3 6
v 6.7 0.3 6
v 6.8 0.3 6
v 6.6 0.3 5.9
v 6.7 0.3 5.9
v -9.3 0.3 5.8
v -9.2 0.3 5.8
v 3.3 0.3 5.8
v 3.4 0.3 5.8
v 3.5 0.3 5.8
v 3.6 0.3 5.8
v 5.4 0.3 5.8
v 5.5 0.3 5.8
v -9.3 0.3 5.7
v -9.2 0.3 5.7
v 3.2 0.3 5.7
v 3.3 0.3 5.7
v 3.5 0.3 5.7
v 3.6 0.3 5.7
v 5.4 0.3 5.7
v 5.5 0.3 5.7
v 6.5 0.3 5.7
v 6.6 0.3 5.7
v 3.1 0.3 5.6
v 3.2 0.3 5.6
v 6.4 0.3 5.6
v 6.5 0.3 5.6
v 6.3 0.3 5.5
v 6.4 0.3 5.5
v 3 0.3 5.4
v 3.1 0.3 5.4
v 6.2 0.3 5.4
v 6.3 0.3 5.4
v -8 0.3 5.3
v -7.9 0.3 5.3
v 4 0.3 5.3
v 4.1 0.3 5.3
v 6 0.3 5.3
v 6.2 0.3 5.3
v 2.9 0.3 5.2
v 3 0.3 5.2
v 4 0.3 5.2
v 4.1 0.3 5.2
v 5.9 0.3 5.2
v 6 0.3 5.2
v 5.8 0.3 5.1
v 5.9 0.3 5.1
v 5.7 0.3 5
v 5.8 0.3 5
v 5.6 0.3 4.9
v 5.7 0.3 4.9
v 2.8 0.3 4.8
v 2.9 0.3 4.8
v 5.5 0.3 4.8
v 5.6 0.3 4.8
v 3.7 0.3 4.7
v 3.8 0.3 4.7
v 5.4 0.3 4.7
v 5.5 0.3 4.7
v 2.7 0.3 4.6
v 2.8 0.3 4.6
v 3.7 0.3 4.6
v 3.8 0.3 4.6
v 5.3 0.3 4.6
v 5.4 0.3 4.6
v 5.1 0.3 4.5
v 5.3 0.3 4.5
v -8.9 0.3 4.4
v -8.8 0.3 4.4
v 5 0.3 4.4
v 5.1 0.3 4.4
v -8.9 0.3 4.3
v -8.8 0.3 4.3
v 2.6 0.3 4.3
v 2.7 0.3 4.3
v 4.9 0.3 4.3
v 5 0.3 4.3
v 4.8 0.3 4.2
v 4.9 0.3 4.2
v 2.5 0.3 4.1
v 2.6 0.3 4.1
v 4.6 0.3 4.1
v 4.8 0.3 4.1
v 4.5 0.3 4
v 4.6 0.3 4
v 2.4 0.3 3.9
v 2.5 0.3 3.9
v 4.4 0.3 3.9
v 4.5 0.3 3.9
v 4.2 0.3 3.8
v 4.4 0.3 3.8
v 2.3 0.3 3.7
v 2.4 0.3 3.7
v 4.1 0.3 3.7
v 4.2 0.3 3.7
v 4 0.3 3.6
v 4.1 0.3 3.6
v -9.1 0.3 3.5
v -9 0.3 3.5
v -8.8 0.3 3.5
v -8.7 0.3 3.5
v 2.2 0.3 3.5
v 2.3 0.3 3.5
v -10 0.3 3.4
v -9.9 0.3 3.4
v -9.1 0.3 3.4
v -9 0.3 3.4
v -8.8 0.3 3.4
v -8.7 0.3 3.4
v 3.9 0.3 3.4
v 4 0.3 3.4
v 2.1 0.3 3.3
v 2.2 0.3 3.3
v 3.8 0.3 3.3
v 3.9 0.3 3.3
v 3.7 0.3 3.2
v 3.8 0.3 3.2
v 2 0.3 3.1
v 2.1 0.3 3.1
v -9.9 0.3 3
v -9.8 0.3 3
v 3.6 0.3 3
v 3.7 0.3 3
v -8 0.3 2.9
v -7.9 0.3 2.9
v 1.9 0.3 2.9
v 2 0.3 2.9
v 3.5 0.3 2.9
v 3.6 0.3 2.9
v 1.8 0.3 2.8
v 1.9 0.3 2.8
v 3.4 0.3 2.8
v 3.5 0.3 2.8
v -9 0.3 2.7
v -8.9 0.3 2.7
v 1.7 0.3 2.7
v 1.8 0.3 2.7
v 2.5 0.3 2.7
v 2.6 0.3 2.7
v 3.3 0.3 2.7
v 3.4 0.3 2.7
v -9.8 0.3 2.6
v -9.7 0.3 2.6
v -9 0.3 2.6
v -8.9 0.3 2.6
v 2.5 0.3 2.6
v 2.6 0.3 2.6
v 3.2 0.3 2.6
v 3.3 0.3 2.6
v 1.6 0.3 2.5
v 1.7 0.3 2.5
v -9.7 0.3 2.4
v -9.6 0.3 2.4
v -9.1 0.3 2.4
v -9 0.3 2.4
v 1.5 0.3 2.4
v 1.6 0.3 2.4
v 3.1 0.3 2.4
v 3.2 0.3 2.4
v -9.1 0.3 2.3
v -9 0.3 2.3
v 3 0.3 2.3
v 3.1 0.3 2.3
v -9.6 0.3 2.1
v -9.5 0.3 2.1
v 1.4 0.3 2.1
v 1.5 0.3 2.1
v 2.9 0.3 2.1
v 3 0.3 2.1
v 1.3 0.3 2
v 1.4 0.3 2
v 2.8 0.3 1.9
v 2.9 0.3 1.9
v -9.5 0.3 1.8
v -9.4 0.3 1.8
v 1.2 0.3 1.7
v 1.3 0.3 1.7
v 2.7 0.3 1.7
v 2.8 0.3 1.7
v -9.4 0.3 1.5
v -9.3 0.3 1.5
v 2.6 0.3 1.5
v 2.7 0.3 1.5
v -8.4 0.3 1.4
v -8.3 0.3 1.4
v 1.1 0.3 1.4
v 1.2 0.3 1.4
v -9.3 0.3 1.3
v -8.4 0.3 1.3
v -8.3 0.3 1.3
v 2.2 0.3 1.3
v 2.3 0.3 1.3
v 2.5 0.3 1.3
v 2.6 0.3 1.3
v -9.3 0.3 1.2
v -8.1 0.3 1.2
v -8 0.3 1.2
v 2.2 0.3 1.2
v 2.3 0.3 1.2
v -9.3 0.3 1.1
v -9.2 0.3 1.1
v -9.1 0.3 1.1
v -9 0.3 1.1
v 1 0.3 1.1
v 1.1 0.3 1.1
v -9.1 0.3 1
v -9 0.3 1
v 2.4 0.3 1
v 2.5 0.3 1
v -9.2 0.3 0.700001
v -9.1 0.3 0.700001
v 2.3 0.3 0.700001
v 2.4 0.3 0.700001
v -8.2 0.3 0.5
v -8.1 0.3 0.5
v 2.2 0.3 0.5
v 2.3 0.3 0.5
v -9.1 0.3 0.3
v -9 0.3 0.3
v 0.9 0.3 0.3
v 1 0.3 0.3
v 2.1 0.3 0.3
v 2.2 0.3 0.3
v 0.9 0.3 0.200001
v 1 0.3 0.200001
v 1.3 0.3 0.200001
v 1.4 0.3 0.200001
v -9 0.3 0.1
v -8.9 0.3 0.1
v 0.9 0.3 0.1
v 1 0.3 0.1
v 1.3 0.3 0.1
v 1.4 0.3 0.1
v 0.799999 0.3 0
v 0.9 0.3 0
v 2 0.3 -0.2
v 2.1 0.3 -0.2
v 0.7 0.3 -0.599999
v 0.799999 0.3 -0.599999
v 1.9 0.3 -0.7
v 2 0.3 -0.7
v 0.599999 0.3 -0.799999
v 0.7 0.3 -0.799999
v 1.8 0.3 -0.9
v 1.9 0.3 -0.9
v 0.5 0.3 -1
v 0.599999 0.3 -1
v 1.1 0.3 -1
v 1.2 0.3 -1
v -8.7 0.3 -1.1
v -8.6 0.3 -1.1
v 1.1 0.3 -1.1
v 1.2 0.3 -1.1
v -8.9 0.3 -1.2
v -8.7 0.3 -1.2
v -8.6 0.3 -1.2
v 1.7 0.3 -1.2
v 1.8 0.3 -1.2
v -8.9 0.3 -1.3
v 0.4 0.3 -1.4
v 0.5 0.3 -1.4
v 1.6 0.3 -1.6
v 1.7 0.3 -1.6
v -9 0.3 -1.7
v -8.9 0.3 -1.7
v 0.299999 0.3 -2
v 0.4 0.3 -2
v 1.5 0.3 -2
v 1.6 0.3 -2
v 0.2 0.3 -2.3
v 0.299999 0.3 -2.3
v -8.2 0.3 -2.4
v -8.1 0.3 -2.4
v 1.4 0.3 -2.4
v 1.5 0.3 -2.4
v -9.1 0.3 -2.7
v -9 0.3 -2.7
v 1.3 0.3 -2.8
v 1.4 0.3 -2.8
v 0.299999 0.3 -2.9
v 0.4 0.3 -2.9
v -8.1 0.3 -3
v -8 0.3 -3
v 0.299999 0.3 -3
v 0.4 0.3 -3
v 1.2 0.3 -3.1
v 1.3 0.3 -3.1
v -8 0.3 -3.4
v -7.9 0.3 -3.4
v -8.3 0.3 -3.5
v -8.2 0.3 -3.5
v -8.3 0.3 -3.6
v -8.2 0.3 -3.6
v -7.9 0.3 -3.8
v -7.8 0.3 -3.8
v 0.0999994 0.3 -3.9
v 0.2 0.3 -3.9
v -8 0.3 -4
v -7.9 0.3 -4
v 1.1 0.3 -4
v 1.2 0.3 -4
v -8 0.3 -4.1
v -7.9 0.3 -4.1
v -7.8 0.3 -4.1
v -7.7 0.3 -4.1
v -9.2 0.3 -4.3
v -9.1 0.3 -4.3
v -8.9 0.3 -4.4
v -8.8 0.3 -4.4
v -7.7 0.3 -4.4
v -7.6 0.3 -4.4
v 1 0.3 -4.4
v 1.1 0.3 -4.4
v -8.9 0.3 -4.5
v -8.8 0.3 -4.5
v 0 0.3 -4.5
v 0.0999994 0.3 -4.5
v -7.6 0.3 -4.7
v -7.5 0.3 -4.7
v -8.4 0.3 -4.8
v -8.3 0.3 -4.8
v -8.4 0.3 -4.9
v -8.3 0.3 -4.9
v 0.599999 0.3 -4.9
v 0.7 0.3 -4.9
v 0.599999 0.3 -5
v 0.7 0.3 -5
v -8.1 0.3 -5.1
v -7.9 0.3 -5.1
v -7.5 0.3 -5.1
v -7.4 0.3 -5.1
v -8.1 0.3 -5.2
v -7.9 0.3 -5.2
v 0.9 0.3 -5.2
v 1 0.3 -5.2
v -0.1 0.3 -5.3
v 0 0.3 -5.3
v -0.1 0.3 -5.4
v 0 0.3 -5.4
v -7.4 0.3 -5.5
v -7.3 0.3 -5.5
v -0.200001 0.3 -5.6
v -0.1 0.3 -5.6
v -7.8 0.3 -5.7
v -7.6 0.3 -5.7
v -7.8 0.3 -5.8
v -7.6 0.3 -5.8
v -7.3 0.3 -5.8
v -7.2 0.3 -5.8
v -9.1 0.3 -5.9
v -9 0.3 -5.9
v -0.3 0.3 -5.9
v -0.200001 0.3 -5.9
v -9.1 0.3 -6
v -9 0.3 -6
v -9.3 0.3 -6.1
v -9.2 0.3 -6.1
v -7.2 0.3 -6.1
v -7.1 0.3 -6.1
v -0.400001 0.3 -6.3
v -0.3 0.3 -6.3
v -8.3 0.3 -6.4
v -8.2 0.3 -6.4
v -8.3 0.3 -6.5
v -8.2 0.3 -6.5
v 0.7 0.3 -6.5
v 0.799999 0.3 -6.5
v 0.7 0.3 -6.6
v 0.799999 0.3 -6.6
v 0.799999 0.3 -6.7
v 0.9 0.3 -6.7
v -0.5 0.3 -6.8
v -0.400001 0.3 -6.8
v 0.599999 0.3 -6.9
v 0.7 0.3 -6.9
v 0.599999 0.3 -7
v 0.7 0.3 -7
v -0.6 0.3 -7.2
v -0.5 0.3 -7.2
v 0.7 0.3 -7.2
v 0.799999 0.3 -7.2
v -7.2 0.3 -7.3
v -7.1 0.3 -7.3
v -0.200001 0.3 -7.3
v -0.1 0.3 -7.3
v -8.3 0.3 -7.4
v -8.2 0.3 -7.4
v -8.1 0.3 -7.4
v -7.2 0.3 -7.4
v -7.1 0.3 -7.4
v -0.700001 0.3 -7.4
v -0.6 0.3 -7.4
v -0.200001 0.3 -7.4
v -0.1 0.3 -7.4
v 0.599999 0.3 -7.4
v 0.7 0.3 -7.4
v -8.3 0.3 -7.5
v -8.2 0.3 -7.5
v -8.1 0.3 -7.5
v 0.5 0.3 -7.8
v 0.599999 0.3 -7.8
v -0.8 0.3 -7.9
v -0.700001 0.3 -7.9
v -9.3 0.3 -8
v -9.2 0.3 -8
v -0.6 0.3 -8.2
v -0.5 0.3 -8.2
v -7.8 0.3 -8.3
v -7.7 0.3 -8.3
v -0.6 0.3 -8.3
v -0.5 0.3 -8.3
v 0.4 0.3 -8.3
v 0.5 0.3 -8.3
v -7.8 0.3 -8.4
v -7.7 0.3 -8.4
v -0.900001 0.3 -8.4
v -0.8 0.3 -8.4
v -9.2 0.3 -8.6
v -9.1 0.3 -8.6
v 0.299999 0.3 -8.8
v 0.4 0.3 -8.8
v -1 0.3 -9
v -0.900001 0.3 -9
v -9.1 0.3 -9.1
v -9 0.3 -9.1
v 0.2 0.3 -9.1
v 0.299999 0.3 -9.1
v -0.1 0.3 -9.2
v 0 0.3 -9.2
v -7.2 0.3 -9.3
v -7.1 0.3 -9.3
v -0.1 0.3 -9.3
v 0 0.3 -9.3
v 0.0999994 0.3 -9.4
v 0.2 0.3 -9.4
v -9 0.3 -9.5
v -8.9 0.3 -9.5
v -7.3 0.3 -9.5
v -7.2 0.3 -9.5
v -7.9 0.3 -9.6
v -7.8 0.3 -9.6
v -7.3 0.3 -9.6
v -7.2 0.3 -9.6
v -7.9 0.3 -9.7
v -7.8 0.3 -9.7
v -8.9 0.3 -10
v -8.8 0.3 -10
v 0 0.3 -10
v 0.0999994 0.3 -10
v -8.2 0.3 -10.1
v -8.1 0.3 -10.1
v -8.2 0.3 -10.2
v -8.1 0.3 -10.2
v -8.8 0.3 -10.3
v -8.7 0.3 -10.3
v -8.7 0.3 -10.5
v -8.6 0.3 -10.5
v -1.1 0.3 -10.6
v -1 0.3 -10.6
v -0.1 0.3 -10.8
v 0 0.3 -10.8
v -8.6 0.3 -10.9
v -8.5 0.3 -10.9
v -1.2 0.3 -11
v -1.1 0.3 -11
v -7.2 0.3 -11.1
v -7.1 0.3 -11.1
v -1.3 0.3 -11.2
v -1.2 0.3 -11.2
v -8.5 0.3 -11.3
v -8.4 0.3 -11.3
v -8.4 0.3 -11.5
v -8.3 0.3 -11.5
v -7.2 0.3 -11.5
v -7.1 0.3 -11.5
v -7.2 0.3 -11.6
v -7.1 0.3 -11.6
v -1.4 0.3 -11.6
v -1.3 0.3 -11.6
v -0.200001 0.3 -11.7
v -0.1 0.3 -11.7
v -8.3 0.3 -12
v -8.2 0.3 -12
v -7.1 0.3 -12.1
v -7 0.3 -12.1
v -1.5 0.3 -12.1
v -1.4 0.3 -12.1
v -0.200001 0.3 -12.1
v -0.1 0.3 -12.1
v -1.6 0.3 -12.4
v -1.5 0.3 -12.4
v -8.2 0.3 -12.8
v -7 0.3 -12.8
v -1.6 0.3 -12.8
v -0.1 0.3 -12.8
v -9.2 0.4 12.8
v -9.1 0.4 12.8
v -9.2 0.4 12.7
v -9.1 0.4 12.7
v -12.8 0.4 12.6
v -12.7 0.4 12.6
v -12.7 0.4 12.5
v -12.6 0.4 12.5
v -12.6 0.4 12.4
v -12.5 0.4 12.4
v -12.5 0.4 12.2
v -12.4 0.4 12.2
v -12.4 0.4 11.7
v -12.3 0.4 11.7
v -12.3 0.4 11.6
v -12.2 0.4 11.6
v -12.2 0.4 11.5
v -12.1 0.4 11.5
v -12.1 0.4 11.4
v -12 0.4 11.4
v -12 0.4 11.3
v -11.7 0.4 11.3
v -11.7 0.4 11.2
v -11.6 0.4 11.2
v -11.6 0.4 11.1
v -11.5 0.4 11.1
v -11.5 0.4 11
v -11.4 0.4 11
v -11.4 0.4 10.8
v -11.3 0.4 10.8
v -11.3 0.4 10.7
v -11.2 0.4 10.7
v -11.2 0.4 10.5
v -11.1 0.4 10.5
v -11.1 0.4 10.3
v -11 0.4 10.3
v -11 0.4 10.2
v -10.9 0.4 10.2
v -10.9 0.4 10
v -10.7 0.4 10
v -10.7 0.4 9.8
v -10.6 0.4 9.8
v -11.7 0.4 9.7
v -11.6 0.4 9.7
v -11.7 0.4 9.6
v -11.6 0.4 9.6
v -10.6 0.4 9.6
v -10.5 0.4 9.6
v -10.5 0.4 9.4
v -10.4 0.4 9.4
v -10.4 0.4 9.2
v -10.3 0.4 9.2
v 12.7 0.4 9.2
v 12.8 0.4 9.2
v -10.5 0.4 9.1
v -10.4 0.4 9.1
v 12.4 0.4 9.1
v 12.7 0.4 9.1
v -10.8 0.4 9
v -10.7 0.4 9
v -10.5 0.4 9
v -10.4 0.4 9
v 12.2 0.4 9
v 12.4 0.4 9
v -10.8 0.4 8.9
v -10.7 0.4 8.9
v -10.3 0.4 8.9
v -10.2 0.4 8.9
v 12.1 0.4 8.9
v 12.2 0.4 8.9
v 12 0.4 8.8
v 12.1 0.4 8.8
v -10.2 0.4 8.7
v -10.1 0.4 8.7
v 11.7 0.4 8.7
v 12 0.4 8.7
v 11.6 0.4 8.6
v 11.7 0.4 8.6
v 11.4 0.4 8.5
v 11.6 0.4 8.5
v 11.2 0.4 8.4
v 11.4 0.4 8.4
v -10.1 0.4 8.3
v -10 0.4 8.3
v 11 0.4 8.3
v 11.2 0.4 8.3
v 10.8 0.4 8.2
v 11 0.4 8.2
v -11.3 0.4 8.1
v -11.2 0.4 8.1
v 10.6 0.4 8.1
v 10.8 0.4 8.1
v -11.4 0.4 8
v -11.3 0.4 8
v -11.2 0.4 8
v 10.5 0.4 8
v 10.6 0.4 8
v -11.4 0.4 7.9
v -11.3 0.4 7.9
v 10.3 0.4 7.9
v 10.5 0.4 7.9
v 9.9 0.4 7.8
v 10.3 0.4 7.8
v -12.2 0.4 7.7
v -12.1 0.4 7.7
v -10 0.4 7.7
v -9.9 0.4 7.7
v 9.8 0.4 7.7
v 9.9 0.4 7.7
v 12.6 0.4 7.7
v 12.8 0.4 7.7
v -12.2 0.4 7.6
v -12.1 0.4 7.6
v 9.4 0.4 7.6
v 9.8 0.4 7.6
v 12.5 0.4 7.6
v 12.6 0.4 7.6
v 9.2 0.4 7.5
v 9.4 0.4 7.5
v 12.3 0.4 7.5
v 12.5 0.4 7.5
v 9 0.4 7.4
v 9.2 0.4 7.4
v 12 0.4 7.4
v 12.3 0.4 7.4
v 8.7 0.4 7.3
v 9 0.4 7.3
v 10.7 0.4 7.3
v 12 0.4 7.3
v 8.4 0.4 7.2
v 8.7 0.4 7.2
v 10.4 0.4 7.2
v 10.7 0.4 7.2
v 8.1 0.4 7.1
v 8.4 0.4 7.1
v 10.2 0.4 7.1
v 10.4 0.4 7.1
v -11.7 0.4 7
v -11.6 0.4 7
v -10.4 0.4 7
v -10.3 0.4 7
v 7.8 0.4 7
v 8.1 0.4 7
v 8.5 0.4 7
v 8.6 0.4 7
v 10.1 0.4 7
v 10.2 0.4 7
v -11.7 0.4 6.9
v -11.6 0.4 6.9
v -10.4 0.4 6.9
v -10.3 0.4 6.9
v 7.6 0.4 6.9
v 7.8 0.4 6.9
v 9.9 0.4 6.9
v 10.1 0.4 6.9
v -11.5 0.4 6.8
v -11.4 0.4 6.8
v -10 0.4 6.8
v -9.9 0.4 6.8
v 7.5 0.4 6.8
v 7.6 0.4 6.8
v 8.5 0.4 6.8
v 8.6 0.4 6.8
v 9.8 0.4 6.8
v 9.9 0.4 6.8
v -11.5 0.4 6.7
v -11.4 0.4 6.7
v 7.4 0.4 6.7
v 7.5 0.4 6.7
v 9.6 0.4 6.7
v 9.8 0.4 6.7
v 7.2 0.4 6.6
v 7.4 0.4 6.6
v 9.5 0.4 6.6
v 9.6 0.4 6.6
v 7.1 0.4 6.5
v 7.2 0.4 6.5
v 9.3 0.4 6.5
v 9.5 0.4 6.5
v 7 0.4 6.4
v 7.1 0.4 6.4
v 9.1 0.4 6.4
v 9.3 0.4 6.4
v 6.9 0.4 6.3
v 7 0.4 6.3
v 9 0.4 6.3
v 9.1 0.4 6.3
v 8.9 0.4 6.2
v 9 0.4 6.2
v 6.8 0.4 6.1
v 6.9 0.4 6.1
v 6.7 0.4 6
v 6.8 0.4 6
v 8.8 0.4 6
v 8.9 0.4 6
v 6.6 0.4 5.9
v 6.7 0.4 5.9
v 8.7 0.4 5.8
v 8.8 0.4 5.8
v -10.4 0.4 5.7
v -10.3 0.4 5.7
v 6.5 0.4 5.7
v 6.6 0.4 5.7
v 8.6 0.4 5.7
v 8.7 0.4 5.7
v -10.3 0.4 5.6
v -10.2 0.4 5.6
v 6.4 0.4 5.6
v 6.5 0.4 5.6
v 8.5 0.4 5.6
v 8.6 0.4 5.6
v -10.4 0.4 5.5
v -10.3 0.4 5.5
v -10.2 0.4 5.5
v 6.3 0.4 5.5
v 6.4 0.4 5.5
v -10.4 0.4 5.4
v -10.3 0.4 5.4
v 6.2 0.4 5.4
v 6.3 0.4 5.4
v 8.4 0.4 5.4
v 8.5 0.4 5.4
v -11.4 0.4 5.3
v -11.3 0.4 5.3
v 6 0.4 5.3
v 6.2 0.4 5.3
v -12 0.4 5.2
v -11.9 0.4 5.2
v -11.4 0.4 5.2
v -11.3 0.4 5.2
v 5.9 0.4 5.2
v 6 0.4 5.2
v 8.3 0.4 5.2
v 8.4 0.4 5.2
v -12 0.4 5.1
v -11.9 0.4 5.1
v 5.8 0.4 5.1
v 5.9 0.4 5.1
v -10.4 0.4 5
v -10.3 0.4 5
v 5.7 0.4 5
v 5.8 0.4 5
v 7.3 0.4 5
v 7.4 0.4 5
v 8.2 0.4 5
v 8.3 0.4 5
v -12.7 0.4 4.9
v -12.6 0.4 4.9
v -10.4 0.4 4.9
v -10.3 0.4 4.9
v 5.6 0.4 4.9
v 5.7 0.4 4.9
v 7.3 0.4 4.9
v 7.4 0.4 4.9
v 8.2 0.4 4.9
v -12.7 0.4 4.8
v -12.6 0.4 4.8
v 5.5 0.4 4.8
v 5.6 0.4 4.8
v 8.1 0.4 4.8
v 8.2 0.4 4.8
v 5.4 0.4 4.7
v 5.5 0.4 4.7
v 8 0.4 4.7
v 8.1 0.4 4.7
v -12.5 0.4 4.6
v -12.4 0.4 4.6
v 5.3 0.4 4.6
v 5.4 0.4 4.6
v -12.5 0.4 4.5
v -12.4 0.4 4.5
v -11.5 0.4 4.5
v -11.4 0.4 4.5
v 5.1 0.4 4.5
v 5.3 0.4 4.5
v 6.2 0.4 4.5
v 6.3 0.4 4.5
v 7.9 0.4 4.5
v 8 0.4 4.5
v -11.5 0.4 4.4
v -11.4 0.4 4.4
v 5 0.4 4.4
v 5.1 0.4 4.4
v 6.2 0.4 4.4
v 6.3 0.4 4.4
v 4.9 0.4 4.3
v 5 0.4 4.3
v 7.8 0.4 4.3
v 7.9 0.4 4.3
v 4.8 0.4 4.2
v 4.9 0.4 4.2
v 5.5 0.4 4.2
v 5.7 0.4 4.2
v 4.6 0.4 4.1
v 4.8 0.4 4.1
v 5.5 0.4 4.1
v 5.7 0.4 4.1
v 7.7 0.4 4.1
v 7.8 0.4 4.1
v 4.5 0.4 4
v 4.6 0.4 4
v 4.4 0.4 3.9
v 4.5 0.4 3.9
v 4.2 0.4 3.8
v 4.4 0.4 3.8
v 7.6 0.4 3.8
v 7.7 0.4 3.8
v 4.1 0.4 3.7
v 4.2 0.4 3.7
v 4 0.4 3.6
v 4.1 0.4 3.6
v 7.5 0.4 3.6
v 7.6 0.4 3.6
v -10 0.4 3.4
v -9.9 0.4 3.4
v 3.9 0.4 3.4
v 4 0.4 3.4
v -10.2 0.4 3.3
v -10.1 0.4 3.3
v 3.8 0.4 3.3
v 3.9 0.4 3.3
v -12.5 0.4 3.2
v -12.4 0.4 3.2
v -10.2 0.4 3.2
v -10.1 0.4 3.2
v 3.7 0.4 3.2
v 3.8 0.4 3.2
v 7.4 0.4 3.2
v 7.5 0.4 3.2
v -12.6 0.4 3.1
v -12.5 0.4 3.1
v -12.6 0.4 3
v -12.4 0.4 3
v -9.9 0.4 3
v -9.8 0.4 3
v 3.6 0.4 3
v 3.7 0.4 3
v -12.8 0.4 2.9
v -12.7 0.4 2.9
v 3.5 0.4 2.9
v 3.6 0.4 2.9
v 7.3 0.4 2.9
v 7.4 0.4 2.9
v -12.7 0.4 2.8
v -12.6 0.4 2.8
v 3.4 0.4 2.8
v 3.5 0.4 2.8
v -12.6 0.4 2.7
v -12.5 0.4 2.7
v -10.3 0.4 2.7
v -10.2 0.4 2.7
v 3.3 0.4 2.7
v 3.4 0.4 2.7
v 7.2 0.4 2.7
v 7.3 0.4 2.7
v -10.3 0.4 2.6
v -10.2 0.4 2.6
v -9.8 0.4 2.6
v -9.7 0.4 2.6
v 3.2 0.4 2.6
v 3.3 0.4 2.6
v -12.5 0.4 2.5
v -12.3 0.4 2.5
v 6.9 0.4 2.5
v 7.2 0.4 2.5
v -12.3 0.4 2.4
v -12.1 0.4 2.4
v -12 0.4 2.4
v -11.9 0.4 2.4
v -9.7 0.4 2.4
v -9.6 0.4 2.4
v 3.1 0.4 2.4
v 3.2 0.4 2.4
v -12.1 0.4 2.3
v -12 0.4 2.3
v -11.9 0.4 2.3
v 3 0.4 2.3
v 3.1 0.4 2.3
v 6.7 0.4 2.3
v 6.9 0.4 2.3
v -12 0.4 2.2
v -11.9 0.4 2.2
v 3.8 0.4 2.2
v 4 0.4 2.2
v 6.6 0.4 2.2
v 6.7 0.4 2.2
v -9.6 0.4 2.1
v -9.5 0.4 2.1
v 2.9 0.4 2.1
v 3 0.4 2.1
v 3.8 0.4 2.1
v 4 0.4 2.1
v 6.4 0.4 2.1
v 6.6 0.4 2.1
v -11.9 0.4 2
v -11.8 0.4 2
v 6.2 0.4 2
v 6.4 0.4 2
v -11.8 0.4 1.9
v -11.7 0.4 1.9
v 2.8 0.4 1.9
v 2.9 0.4 1.9
v 6.1 0.4 1.9
v 6.2 0.4 1.9
v -10.2 0.4 1.8
v -10.1 0.4 1.8
v -9.5 0.4 1.8
v -9.4 0.4 1.8
v 5.9 0.4 1.8
v 6.1 0.4 1.8
v -11.7 0.4 1.7
v -11.6 0.4 1.7
v -11.5 0.4 1.7
v -11.4 0.4 1.7
v -10.2 0.4 1.7
v -10.1 0.4 1.7
v 2.7 0.4 1.7
v 2.8 0.4 1.7
v 5.8 0.4 1.7
v 5.9 0.4 1.7
v -11.5 0.4 1.6
v -11.4 0.4 1.6
v 5.7 0.4 1.6
v 5.8 0.4 1.6
v -11.4 0.4 1.5
v -11.3 0.4 1.5
v -9.4 0.4 1.5
v -9.3 0.4 1.5
v 2.6 0.4 1.5
v 2.7 0.4 1.5
v 5.5 0.4 1.5
v 5.7 0.4 1.5
v -11.4 0.4 1.4
v -11.3 0.4 1.4
v 4.5 0.4 1.4
v 4.7 0.4 1.4
v -9.4 0.4 1.3
v -9.3 0.4 1.3
v 2.5 0.4 1.3
v 2.6 0.4 1.3
v 4.5 0.4 1.3
v 4.7 0.4 1.3
v -11.6 0.4 1.2
v -9.4 0.4 1.2
v -9.3 0.4 1.2
v 5.4 0.4 1.2
v 5.5 0.4 1.2
v -11.6 0.4 1.1
v -9.3 0.4 1.1
v -9.2 0.4 1.1
v 2.4 0.4 1
v 2.5 0.4 1
v 5.3 0.4 1
v 5.4 0.4 1
v 5.2 0.4 0.8
v 5.3 0.4 0.8
v -9.2 0.4 0.700001
v -9.1 0.4 0.700001
v 2.3 0.4 0.700001
v 2.4 0.4 0.700001
v -11.6 0.4 0.5
v -11.5 0.4 0.5
v 2.2 0.4 0.5
v 2.3 0.4 0.5
v 4.7 0.4 0.5
v 4.8 0.4 0.5
v 5.1 0.4 0.5
v 5.2 0.4 0.5
v 4.7 0.4 0.400001
v 4.8 0.4 0.400001
v -11.2 0.4 0.3
v -11.1 0.4 0.3
v -9.1 0.4 0.3
v -9 0.4 0.3
v 2.1 0.4 0.3
v 2.2 0.4 0.3
v 5 0.4 0.3
v 5.1 0.4 0.3
v -11.5 0.4 0.200001
v -11.4 0.4 0.200001
v -11.2 0.4 0.200001
v -11.1 0.4 0.200001
v -10.1 0.4 0.1
v -10 0.4 0.1
v -9 0.4 0.1
v -8.9 0.4 0.1
v -10.1 0.4 0
v -10 0.4 0
v 4.8 0.4 0
v 4.9 0.4 0
v 5 0.4 0
v -11.4 0.4 -0.0999994
v -11.3 0.4 -0.0999994
v 2.8 0.4 -0.0999994
v 2.9 0.4 -0.0999994
v 4.8 0.4 -0.0999994
v 4.9 0.4 -0.0999994
v -10.9 0.4 -0.2
v -10.8 0.4 -0.2
v 2 0.4 -0.2
v 2.1 0.4 -0.2
v 4.8 0.4 -0.2
v 4.9 0.4 -0.2
v -11.3 0.4 -0.299999
v -11.2 0.4 -0.299999
v -10.9 0.4 -0.299999
v -10.8 0.4 -0.299999
v 2.8 0.4 -0.299999
v 2.9 0.4 -0.299999
v -11.2 0.4 -0.5
v -11.1 0.4 -0.5
v 2.7 0.4 -0.5
v 2.9 0.4 -0.5
v 4.7 0.4 -0.5
v 4.8 0.4 -0.5
v -11.1 0.4 -0.599999
v -11 0.4 -0.599999
v -10.1 0.4 -0.599999
v -10 0.4 -0.599999
v 2.7 0.4 -0.599999
v 2.8 0.4 -0.599999
v 2.9 0.4 -0.599999
v 3.5 0.4 -0.599999
v -10.1 0.4 -0.7
v -10 0.4 -0.7
v 1.9 0.4 -0.7
v 2 0.4 -0.7
v 2.8 0.4 -0.7
v 3.5 0.4 -0.7
v -11 0.4 -0.799999
v -10.9 0.4 -0.799999
v 3.4 0.4 -0.799999
v 3.5 0.4 -0.799999
v 4.6 0.4 -0.799999
v 4.7 0.4 -0.799999
v 1.8 0.4 -0.9
v 1.9 0.4 -0.9
v 3.4 0.4 -0.9
v 3.5 0.4 -0.9
v -10.9 0.4 -1.1
v -10.8 0.4 -1.1
v 4.5 0.4 -1.1
v 4.6 0.4 -1.1
v -10.8 0.4 -1.2
v -10.1 0.4 -1.2
v -9.9 0.4 -1.2
v -9 0.4 -1.2
v -8.9 0.4 -1.2
v 1.7 0.4 -1.2
v 1.8 0.4 -1.2
v -10.8 0.4 -1.3
v -10.7 0.4 -1.3
v -10.1 0.4 -1.3
v -9.9 0.4 -1.3
v -9 0.4 -1.3
v -8.9 0.4 -1.3
v 4.4 0.4 -1.3
v 4.5 0.4 -1.3
v -10.7 0.4 -1.5
v -10.6 0.4 -1.5
v -9.5 0.4 -1.5
v -9.4 0.4 -1.5
v 4.3 0.4 -1.5
v 4.4 0.4 -1.5
v -9.5 0.4 -1.6
v -9.4 0.4 -1.6
v 1.6 0.4 -1.6
v 1.7 0.4 -1.6
v -10.6 0.4 -1.7
v -10.5 0.4 -1.7
v -9 0.4 -1.7
v -8.9 0.4 -1.7
v 4.2 0.4 -1.7
v 4.3 0.4 -1.7
v -10.5 0.4 -1.9
v -10.4 0.4 -1.9
v 1.5 0.4 -2
v 1.6 0.4 -2
v 4.1 0.4 -2
v 4.2 0.4 -2
v -10.4 0.4 -2.1
v -10.3 0.4 -2.1
v 2.4 0.4 -2.1
v 2.5 0.4 -2.1
v 2.4 0.4 -2.2
v 2.5 0.4 -2.2
v 4 0.4 -2.2
v 4.1 0.4 -2.2
v -10.3 0.4 -2.3
v -10.2 0.4 -2.3
v 1.4 0.4 -2.4
v 1.5 0.4 -2.4
v -10.2 0.4 -2.5
v -10.1 0.4 -2.5
v 3.9 0.4 -2.5
v 4 0.4 -2.5
v -9.1 0.4 -2.7
v -9 0.4 -2.7
v -10.1 0.4 -2.8
v -10 0.4 -2.8
v 1.3 0.4 -2.8
v 1.4 0.4 -2.8
v 3.8 0.4 -2.8
v 3.9 0.4 -2.8
v -10 0.4 -3.1
v -9.9 0.4 -3.1
v 1.2 0.4 -3.1
v 1.3 0.4 -3.1
v 3.7 0.4 -3.1
v 3.8 0.4 -3.1
v -9.9 0.4 -3.2
v -9.9 0.4 -3.4
v -9.8 0.4 -3.4
v 1.5 0.4 -3.4
v 1.6 0.4 -3.4
v 3.5 0.4 -3.4
v 3.6 0.4 -3.4
v 3.7 0.4 -3.4
v 1.5 0.4 -3.5
v 1.6 0.4 -3.5
v 3.5 0.4 -3.5
v 3.6 0.4 -3.5
v -9.8 0.4 -3.6
v 3.5 0.4 -3.6
v 3.6 0.4 -3.6
v -9.8 0.4 -3.7
v -9.9 0.4 -3.9
v -9.8 0.4 -3.9
v 1.1 0.4 -4
v 1.2 0.4 -4
v 1.9 0.4 -4
v 2 0.4 -4
v 3.4 0.4 -4
v 3.5 0.4 -4
v 1.9 0.4 -4.1
v 2 0.4 -4.1
v -10 0.4 -4.2
v -9.9 0.4 -4.2
v -10 0.4 -4.3
v -9.2 0.4 -4.3
v -9.1 0.4 -4.3
v 3.3 0.4 -4.3
v 3.4 0.4 -4.3
v -10 0.4 -4.4
v 1 0.4 -4.4
v 1.1 0.4 -4.4
v -10 0.4 -4.6
v -10 0.4 -4.7
v 3.2 0.4 -4.7
v 3.3 0.4 -4.7
v 2.4 0.4 -5.1
v 2.5 0.4 -5.1
v 3.1 0.4 -5.1
v 3.2 0.4 -5.1
v 0.9 0.4 -5.2
v 1 0.4 -5.2
v 2.4 0.4 -5.2
v 2.5 0.4 -5.2
v -9.5 0.4 -5.4
v -9.4 0.4 -5.4
v -9.5 0.4 -5.5
v -9.4 0.4 -5.5
v 3 0.4 -5.7
v 3.1 0.4 -5.7
v -9.3 0.4 -6.1
v -9.2 0.4 -6.1
v 2.9 0.4 -6.2
v 3 0.4 -6.2
v 0.799999 0.4 -6.7
v 0.9 0.4 -6.7
v 1.8 0.4 -6.8
v 1.9 0.4 -6.8
v 1.8 0.4 -6.9
v 1.9 0.4 -6.9
v -10.1 0.4 -7
v -10 0.4 -7
v -10.1 0.4 -7.1
v -10 0.4 -7.1
v 0.7 0.4 -7.2
v 0.799999 0.4 -7.2
v 0.599999 0.4 -7.4
v 0.7 0.4 -7.4
v 2.8 0.4 -7.4
v 2.9 0.4 -7.4
v 1.6 0.4 -7.6
v 1.7 0.4 -7.6
v -10.1 0.4 -7.7
v -10 0.4 -7.7
v 1.6 0.4 -7.7
v 1.7 0.4 -7.7
v 0.5 0.4 -7.8
v 0.599999 0.4 -7.8
v -9.3 0.4 -8
v -9.2 0.4 -8
v 2.7 0.4 -8
v 2.8 0.4 -8
v 0.4 0.4 -8.3
v 0.5 0.4 -8.3
v 2.6 0.4 -8.3
v 2.7 0.4 -8.3
v 2.4 0.4 -8.5
v 2.5 0.4 -8.5
v -9.2 0.4 -8.6
v -9.1 0.4 -8.6
v 2.4 0.4 -8.6
v 2.5 0.4 -8.6
v 2.6 0.4 -8.6
v -10.1 0.4 -8.8
v -10 0.4 -8.8
v 0.299999 0.4 -8.8
v 0.4 0.4 -8.8
v 2.4 0.4 -8.8
v 2.5 0.4 -8.8
v -9.9 0.4 -8.9
v -9.8 0.4 -8.9
v -9.9 0.4 -9
v -9.8 0.4 -9
v -9.1 0.4 -9.1
v -9 0.4 -9.1
v 0.2 0.4 -9.1
v 0.299999 0.4 -9.1
v 2.3 0.4 -9.2
v 2.4 0.4 -9.2
v 0.0999994 0.4 -9.4
v 0.2 0.4 -9.4
v -9 0.4 -9.5
v -8.9 0.4 -9.5
v 2.2 0.4 -9.9
v 2.3 0.4 -9.9
v -8.9 0.4 -10
v -8.8 0.4 -10
v 0 0.4 -10
v 0.0999994 0.4 -10
v -8.8 0.4 -10.3
v -8.7 0.4 -10.3
v -8.7 0.4 -10.5
v -8.6 0.4 -10.5
v 2.1 0.4 -10.5
v 2.2 0.4 -10.5
v 1.8 0.4 -10.6
v 1.9 0.4 -10.6
v -10.1 0.4 -10.7
v -10 0.4 -10.7
v 1.8 0.4 -10.7
v 1.9 0.4 -10.7
v -0.1 0.4 -10.8
v 0 0.4 -10.8
v 0.5 0.4 -10.8
v 0.599999 0.4 -10.8
v -8.6 0.4 -10.9
v -8.5 0.4 -10.9
v 0.5 0.4 -10.9
v 0.599999 0.4 -10.9
v 2 0.4 -10.9
v 2.1 0.4 -10.9
v -10 0.4 -11.2
v -9.9 0.4 -11.2
v -9 0.4 -11.2
v -8.9 0.4 -11.2
v -10 0.4 -11.3
v -9.9 0.4 -11.3
v -9 0.4 -11.3
v -8.9 0.4 -11.3
v -8.5 0.4 -11.3
v -8.4 0.4 -11.3
v 1.9 0.4 -11.4
v 2 0.4 -11.4
v -8.4 0.4 -11.5
v -8.3 0.4 -11.5
v -0.200001 0.4 -11.7
v -0.1 0.4 -11.7
v -8.3 0.4 -12
v -8.2 0.4 -12
v -0.200001 0.4 -12.1
v -0.1 0.4 -12.1
v -9.9 0.4 -12.2
v -9.8 0.4 -12.2
v 1.8 0.4 -12.3
v 1.9 0.4 -12.3
v -9.8 0.4 -12.5
v -9.7 0.4 -12.5
v -9.7 0.4 -12.8
v -8.2 0.4 -12.8
v -0.1 0.4 -12.8
v 1.8 0.4 -12.8
v 12.6 0.5 7.7
v 12.8 0.5 7.7
v 12.5 0.5 7.6
v 12.6 0.5 7.6
v 12.3 0.5 7.5
v 12.5 0.5 7.5
v 12 0.5 7.4
v 12.3 0.5 7.4
v 10.7 0.5 7.3
v 12 0.5 7.3
v 10.4 0.5 7.2
v 10.7 0.5 7.2
v 10.2 0.5 7.1
v 10.4 0.5 7.1
v 10.1 0.5 7
v 10.2 0.5 7
v 12.2 0.5 7
v 12.3 0.5 7
v 9.9 0.5 6.9
v 10.1 0.5 6.9
v 12.2 0.5 6.9
v 12.3 0.5 6.9
v 9.8 0.5 6.8
v 9.9 0.5 6.8
v 9.6 0.5 6.7
v 9.8 0.5 6.7
v 9.5 0.5 6.6
v 9.6 0.5 6.6
v 9.3 0.5 6.5
v 9.5 0.5 6.5
v 9.1 0.5 6.4
v 9.3 0.5 6.4
v 9 0.5 6.3
v 9.1 0.5 6.3
v 8.9 0.5 6.2
v 9 0.5 6.2
v 8.8 0.5 6
v 8.9 0.5 6
v 8.7 0.5 5.8
v 8.8 0.5 5.8
v 8.6 0.5 5.7
v 8.7 0.5 5.7
v 8.5 0.5 5.6
v 8.6 0.5 5.6
v 11 0.5 5.5
v 11.1 0.5 5.5
v 8.4 0.5 5.4
v 8.5 0.5 5.4
v 11 0.5 5.4
v 11.1 0.5 5.4
v 12.7 0.5 5.3
v 12.8 0.5 5.3
v 8.3 0.5 5.2
v 8.4 0.5 5.2
v 12.3 0.5 5.2
v 12.7 0.5 5.2
v 12.1 0.5 5.1
v 12.3 0.5 5.1
v 8.2 0.5 5
v 8.3 0.5 5
v 12 0.5 5
v 12.1 0.5 5
v 8.2 0.5 4.9
v 8.3 0.5 4.9
v 11.9 0.5 4.9
v 12 0.5 4.9
v 8.1 0.5 4.8
v 8.2 0.5 4.8
v 8.3 0.5 4.8
v 10.3 0.5 4.8
v 10.4 0.5 4.8
v 11.7 0.5 4.8
v 11.9 0.5 4.8
v 8 0.5 4.7
v 8.1 0.5 4.7
v 10.3 0.5 4.7
v 10.4 0.5 4.7
v 11.5 0.5 4.7
v 11.7 0.5 4.7
v 8.1 0.5 4.6
v 8.2 0.5 4.6
v 11.4 0.5 4.6
v 11.5 0.5 4.6
v 7.9 0.5 4.5
v 8 0.5 4.5
v 11.2 0.5 4.5
v 11.4 0.5 4.5
v 11 0.5 4.4
v 11.2 0.5 4.4
v 7.8 0.5 4.3
v 7.9 0.5 4.3
v 10.7 0.5 4.2
v 11 0.5 4.2
v 7.7 0.5 4.1
v 7.8 0.5 4.1
v 10.6 0.5 4.1
v 10.7 0.5 4.1
v 10.3 0.5 4
v 10.6 0.5 4
v 10.1 0.5 3.9
v 10.3 0.5 3.9
v 7.6 0.5 3.8
v 7.7 0.5 3.8
v 7.5 0.5 3.6
v 7.6 0.5 3.6
v 8.6 0.5 3.6
v 8.7 0.5 3.6
v 10 0.5 3.6
v 10.1 0.5 3.6
v 8.6 0.5 3.5
v 8.7 0.5 3.5
v 9.9 0.5 3.5
v 10 0.5 3.5
v 9.8 0.5 3.3
v 9.9 0.5 3.3
v 7.4 0.5 3.2
v 7.5 0.5 3.2
v 9.7 0.5 3.1
v 9.8 0.5 3.1
v -12.8 0.5 2.9
v -12.7 0.5 2.9
v 7.3 0.5 2.9
v 7.4 0.5 2.9
v 9.6 0.5 2.9
v 9.7 0.5 2.9
v -12.7 0.5 2.8
v -12.6 0.5 2.8
v -12.6 0.5 2.7
v -12.5 0.5 2.7
v 7.2 0.5 2.7
v 7.3 0.5 2.7
v 8.1 0.5 2.7
v 8.2 0.5 2.7
v 9.5 0.5 2.7
v 9.6 0.5 2.7
v 8.1 0.5 2.6
v 8.2 0.5 2.6
v 9.4 0.5 2.6
v 9.5 0.5 2.6
v -12.5 0.5 2.5
v -12.3 0.5 2.5
v 6.9 0.5 2.5
v 7.2 0.5 2.5
v 8.6 0.5 2.5
v 8.7 0.5 2.5
v -12.3 0.5 2.4
v -12.1 0.5 2.4
v 7.2 0.5 2.4
v 7.3 0.5 2.4
v 8.6 0.5 2.4
v 8.7 0.5 2.4
v 9.3 0.5 2.4
v 9.4 0.5 2.4
v -12.1 0.5 2.3
v -12 0.5 2.3
v 6.7 0.5 2.3
v 6.9 0.5 2.3
v 7.2 0.5 2.3
v 7.3 0.5 2.3
v -12 0.5 2.2
v -11.9 0.5 2.2
v 6.6 0.5 2.2
v 6.7 0.5 2.2
v 9.2 0.5 2.2
v 9.3 0.5 2.2
v 6.4 0.5 2.1
v 6.6 0.5 2.1
v 8.7 0.5 2.1
v 8.8 0.5 2.1
v -12 0.5 2
v -11.9 0.5 2
v -11.8 0.5 2
v 6.2 0.5 2
v 6.4 0.5 2
v 8.7 0.5 2
v 8.8 0.5 2
v 9.1 0.5 2
v 9.2 0.5 2
v -12 0.5 1.9
v -11.8 0.5 1.9
v -11.7 0.5 1.9
v 6.1 0.5 1.9
v 6.2 0.5 1.9
v -12.3 0.5 1.8
v -12.2 0.5 1.8
v 5.9 0.5 1.8
v 6.1 0.5 1.8
v 8.9 0.5 1.8
v 9.1 0.5 1.8
v -12.3 0.5 1.7
v -12.2 0.5 1.7
v -11.7 0.5 1.7
v -11.6 0.5 1.7
v 5.8 0.5 1.7
v 5.9 0.5 1.7
v 8.8 0.5 1.7
v 8.9 0.5 1.7
v 5.7 0.5 1.6
v 5.8 0.5 1.6
v 8.7 0.5 1.6
v 8.8 0.5 1.6
v 5.5 0.5 1.5
v 5.7 0.5 1.5
v 8.6 0.5 1.5
v 8.7 0.5 1.5
v 8.5 0.5 1.4
v 8.6 0.5 1.4
v 8.3 0.5 1.3
v 8.5 0.5 1.3
v -11.7 0.5 1.2
v -11.6 0.5 1.2
v 5.4 0.5 1.2
v 5.5 0.5 1.2
v 7 0.5 1.2
v 7.1 0.5 1.2
v 8.2 0.5 1.2
v 8.3 0.5 1.2
v -11.7 0.5 1.1
v -11.6 0.5 1.1
v 7 0.5 1.1
v 7.1 0.5 1.1
v 8.1 0.5 1.1
v 8.2 0.5 1.1
v 5.3 0.5 1
v 5.4 0.5 1
v 8 0.5 1
v 8.1 0.5 1
v 7.9 0.5 0.900001
v 8 0.5 0.900001
v 5.2 0.5 0.8
v 5.3 0.5 0.8
v 7.7 0.5 0.8
v 7.9 0.5 0.8
v 7.6 0.5 0.700001
v 7.7 0.5 0.700001
v 7.5 0.5 0.6
v 7.6 0.5 0.6
v -11.6 0.5 0.5
v -11.5 0.5 0.5
v 5.1 0.5 0.5
v 5.2 0.5 0.5
v 7.4 0.5 0.5
v 7.5 0.5 0.5
v 7.3 0.5 0.400001
v 7.4 0.5 0.400001
v 5 0.5 0.3
v 5.1 0.5 0.3
v 7.2 0.5 0.3
v 7.3 0.5 0.3
v -11.5 0.5 0.200001
v -11.4 0.5 0.200001
v 7.1 0.5 0.200001
v 7.2 0.5 0.200001
v 6 0.5 0.1
v 6.1 0.5 0.1
v 7 0.5 0.1
v 7.1 0.5 0.1
v 4.9 0.5 0
v 5 0.5 0
v 6 0.5 0
v 6.1 0.5 0
v 6.9 0.5 0
v 7 0.5 0
v -11.4 0.5 -0.0999994
v -11.3 0.5 -0.0999994
v -12.7 0.5 -0.2
v -12.6 0.5 -0.2
v 4.8 0.5 -0.2
v 4.9 0.5 -0.2
v 6.8 0.5 -0.2
v 6.9 0.5 -0.2
v -12.7 0.5 -0.299999
v -12.6 0.5 -0.299999
v -11.3 0.5 -0.299999
v -11.2 0.5 -0.299999
v 6.7 0.5 -0.299999
v 6.8 0.5 -0.299999
v -12.7 0.5 -0.4
v -12.6 0.5 -0.4
v 6.6 0.5 -0.4
v 6.7 0.5 -0.4
v -12.7 0.5 -0.5
v -12.6 0.5 -0.5
v -11.2 0.5 -0.5
v -11.1 0.5 -0.5
v 4.7 0.5 -0.5
v 4.8 0.5 -0.5
v -11.1 0.5 -0.599999
v -11 0.5 -0.599999
v 6.5 0.5 -0.599999
v 6.6 0.5 -0.599999
v -11 0.5 -0.799999
v -10.9 0.5 -0.799999
v 4.6 0.5 -0.799999
v 4.7 0.5 -0.799999
v 6.4 0.5 -0.799999
v 6.5 0.5 -0.799999
v 4.7 0.5 -1
v 4.8 0.5 -1
v 6.3 0.5 -1
v 6.4 0.5 -1
v -10.9 0.5 -1.1
v -10.8 0.5 -1.1
v 4.5 0.5 -1.1
v 4.6 0.5 -1.1
v 4.7 0.5 -1.1
v 4.8 0.5 -1.1
v -10.9 0.5 -1.2
v -10.8 0.5 -1.2
v 6.2 0.5 -1.2
v 6.3 0.5 -1.2
v -10.9 0.5 -1.3
v -10.8 0.5 -1.3
v -10.7 0.5 -1.3
v 4.4 0.5 -1.3
v 4.5 0.5 -1.3
v -11 0.5 -1.5
v -10.9 0.5 -1.5
v -10.7 0.5 -1.5
v -10.6 0.5 -1.5
v 4.3 0.5 -1.5
v 4.4 0.5 -1.5
v 5.6 0.5 -1.5
v 5.7 0.5 -1.5
v 6.1 0.5 -1.5
v 6.2 0.5 -1.5
v -11 0.5 -1.6
v -10.9 0.5 -1.6
v 5.6 0.5 -1.6
v 5.7 0.5 -1.6
v -10.6 0.5 -1.7
v -10.5 0.5 -1.7
v 4.2 0.5 -1.7
v 4.3 0.5 -1.7
v 6 0.5 -1.7
v 6.1 0.5 -1.7
v -10.5 0.5 -1.9
v -10.4 0.5 -1.9
v 5.9 0.5 -1.9
v 6 0.5 -1.9
v -12.2 0.5 -2
v -12.1 0.5 -2
v 4.1 0.5 -2
v 4.2 0.5 -2
v -10.4 0.5 -2.1
v -10.3 0.5 -2.1
v 5.8 0.5 -2.1
v 5.9 0.5 -2.1
v -12.2 0.5 -2.2
v -12.1 0.5 -2.2
v 4 0.5 -2.2
v 4.1 0.5 -2.2
v -10.3 0.5 -2.3
v -10.2 0.5 -2.3
v 5.7 0.5 -2.3
v 5.8 0.5 -2.3
v 5.4 0.5 -2.4
v 5.5 0.5 -2.4
v -10.2 0.5 -2.5
v -10.1 0.5 -2.5
v 3.9 0.5 -2.5
v 4 0.5 -2.5
v 5.4 0.5 -2.5
v 5.5 0.5 -2.5
v 4.3 0.5 -2.6
v 4.4 0.5 -2.6
v 5.6 0.5 -2.6
v 5.7 0.5 -2.6
v 4.2 0.5 -2.7
v 4.3 0.5 -2.7
v 4.4 0.5 -2.7
v -10.1 0.5 -2.8
v -10 0.5 -2.8
v 3.8 0.5 -2.8
v 3.9 0.5 -2.8
v 4.2 0.5 -2.8
v 4.3 0.5 -2.8
v 5.5 0.5 -3
v 5.6 0.5 -3
v -10 0.5 -3.1
v -9.9 0.5 -3.1
v 3.7 0.5 -3.1
v 3.8 0.5 -3.1
v -10 0.5 -3.2
v -9.9 0.5 -3.2
v 4.6 0.5 -3.2
v 4.7 0.5 -3.2
v 4.6 0.5 -3.3
v 4.7 0.5 -3.3
v -12.1 0.5 -3.4
v -12 0.5 -3.4
v -9.9 0.5 -3.4
v -9.8 0.5 -3.4
v 3.6 0.5 -3.4
v 3.7 0.5 -3.4
v -12.1 0.5 -3.5
v -12 0.5 -3.5
v 5.4 0.5 -3.5
v 5.5 0.5 -3.5
v -9.9 0.5 -3.6
v -9.8 0.5 -3.6
v 3.5 0.5 -3.6
v 3.6 0.5 -3.6
v -9.9 0.5 -3.7
v -9.8 0.5 -3.7
v -9.9 0.5 -3.9
v -9.8 0.5 -3.9
v 5.3 0.5 -3.9
v 5.4 0.5 -3.9
v 3.4 0.5 -4
v 3.5 0.5 -4
v 5.2 0.5 -4.1
v 5.3 0.5 -4.1
v -10.5 0.5 -4.2
v -10.4 0.5 -4.2
v -10 0.5 -4.2
v -9.9 0.5 -4.2
v 4 0.5 -4.2
v 4.1 0.5 -4.2
v -10.5 0.5 -4.3
v -10.4 0.5 -4.3
v -10.1 0.5 -4.3
v -10 0.5 -4.3
v 3.3 0.5 -4.3
v 3.4 0.5 -4.3
v 4 0.5 -4.3
v 4.1 0.5 -4.3
v -10.1 0.5 -4.4
v -10 0.5 -4.4
v 5.1 0.5 -4.5
v 5.2 0.5 -4.5
v -10.1 0.5 -4.6
v -10 0.5 -4.6
v -10.1 0.5 -4.7
v -10 0.5 -4.7
v 3.2 0.5 -4.7
v 3.3 0.5 -4.7
v 5 0.5 -4.7
v 5.1 0.5 -4.7
v -10.8 0.5 -4.8
v -10.7 0.5 -4.8
v -11.2 0.5 -4.9
v -11.1 0.5 -4.9
v -10.8 0.5 -4.9
v -10.7 0.5 -4.9
v 4.9 0.5 -4.9
v 5 0.5 -4.9
v -11.2 0.5 -5
v -11.1 0.5 -5
v 3.1 0.5 -5.1
v 3.2 0.5 -5.1
v 4.7 0.5 -5.1
v 4.8 0.5 -5.1
v 4.1 0.5 -5.2
v 4.2 0.5 -5.2
v 4.7 0.5 -5.2
v 4.8 0.5 -5.2
v 4.9 0.5 -5.2
v 4.1 0.5 -5.3
v 4.2 0.5 -5.3
v -12.8 0.5 -5.4
v -12.7 0.5 -5.4
v -12.5 0.5 -5.4
v -12.4 0.5 -5.4
v -12.8 0.5 -5.5
v -12.7 0.5 -5.5
v -12.5 0.5 -5.5
v -12.4 0.5 -5.5
v -11.9 0.5 -5.5
v -11.8 0.5 -5.5
v 4.7 0.5 -5.5
v 4.8 0.5 -5.5
v -11.9 0.5 -5.6
v -11.8 0.5 -5.6
v 3 0.5 -5.7
v 3.1 0.5 -5.7
v 4.6 0.5 -5.8
v 4.7 0.5 -5.8
v -11.7 0.5 -6
v -11.6 0.5 -6
v -11.7 0.5 -6.1
v -11.6 0.5 -6.1
v 4.5 0.5 -6.1
v 4.6 0.5 -6.1
v -10.9 0.5 -6.2
v -10.8 0.5 -6.2
v 2.9 0.5 -6.2
v 3 0.5 -6.2
v 3.6 0.5 -6.2
v 3.7 0.5 -6.2
v 4.4 0.5 -6.2
v 4.5 0.5 -6.2
v -10.9 0.5 -6.3
v -10.8 0.5 -6.3
v 3.6 0.5 -6.3
v 3.7 0.5 -6.3
v 4.3 0.5 -6.4
v 4.4 0.5 -6.4
v 4.2 0.5 -6.5
v 4.3 0.5 -6.5
v -12 0.5 -6.6
v -11.8 0.5 -6.6
v -12 0.5 -6.7
v -11.8 0.5 -6.7
v -11.2 0.5 -6.7
v -11.1 0.5 -6.7
v 4.1 0.5 -6.7
v 4.2 0.5 -6.7
v -11.2 0.5 -6.8
v -11.1 0.5 -6.8
v 4 0.5 -6.8
v 4.1 0.5 -6.8
v -10.6 0.5 -7
v -10.5 0.5 -7
v -10.1 0.5 -7
v -10 0.5 -7
v 3.9 0.5 -7
v 4 0.5 -7
v -10.6 0.5 -7.1
v -10.5 0.5 -7.1
v 3.7 0.5 -7.1
v 3.8 0.5 -7.1
v -11.8 0.5 -7.2
v -11.7 0.5 -7.2
v 3.7 0.5 -7.2
v 3.8 0.5 -7.2
v 3.9 0.5 -7.2
v -11.8 0.5 -7.3
v -11.7 0.5 -7.3
v 2.8 0.5 -7.4
v 2.9 0.5 -7.4
v 3.7 0.5 -7.4
v 3.8 0.5 -7.4
v -12.4 0.5 -7.6
v -12.3 0.5 -7.6
v -11.2 0.5 -7.6
v -11.1 0.5 -7.6
v 3 0.5 -7.6
v 3.1 0.5 -7.6
v -12.4 0.5 -7.7
v -12.3 0.5 -7.7
v -11.2 0.5 -7.7
v -11.1 0.5 -7.7
v -10.1 0.5 -7.7
v -10 0.5 -7.7
v 3 0.5 -7.7
v 3.1 0.5 -7.7
v 3.6 0.5 -7.7
v 3.7 0.5 -7.7
v 2.7 0.5 -8
v 2.8 0.5 -8
v 3.5 0.5 -8.1
v 3.6 0.5 -8.1
v -12.5 0.5 -8.3
v -12.4 0.5 -8.3
v 2.6 0.5 -8.3
v 2.7 0.5 -8.3
v -12.5 0.5 -8.4
v -12.4 0.5 -8.4
v 3.4 0.5 -8.4
v 3.5 0.5 -8.4
v -11.4 0.5 -8.5
v -11.3 0.5 -8.5
v -11.4 0.5 -8.6
v -11.3 0.5 -8.6
v 2.5 0.5 -8.6
v 2.6 0.5 -8.6
v 3.3 0.5 -8.6
v 3.4 0.5 -8.6
v -10.1 0.5 -8.8
v -10 0.5 -8.8
v 2.4 0.5 -8.8
v 2.5 0.5 -8.8
v -12.1 0.5 -9
v -12 0.5 -9
v 3.2 0.5 -9
v 3.3 0.5 -9
v -12.1 0.5 -9.1
v -12 0.5 -9.1
v 2.7 0.5 -9.1
v 2.8 0.5 -9.1
v 2.9 0.5 -9.1
v 2.3 0.5 -9.2
v 2.4 0.5 -9.2
v 2.6 0.5 -9.2
v 2.7 0.5 -9.2
v 2.8 0.5 -9.2
v 2.9 0.5 -9.2
v 2.6 0.5 -9.3
v 2.7 0.5 -9.3
v 2.8 0.5 -9.3
v -10.3 0.5 -9.9
v -10.2 0.5 -9.9
v 2.2 0.5 -9.9
v 2.3 0.5 -9.9
v -10.3 0.5 -10
v -10.2 0.5 -10
v -11.5 0.5 -10.2
v -11.4 0.5 -10.2
v -10.9 0.5 -10.2
v -10.8 0.5 -10.2
v -12.8 0.5 -10.3
v -12.7 0.5 -10.3
v -12 0.5 -10.3
v -11.9 0.5 -10.3
v -11.5 0.5 -10.3
v -11.4 0.5 -10.3
v -10.9 0.5 -10.3
v -10.8 0.5 -10.3
v -12.8 0.5 -10.4
v -12.7 0.5 -10.4
v -12 0.5 -10.4
v -11.9 0.5 -10.4
v -11.4 0.5 -10.4
v -11.3 0.5 -10.4
v -11.4 0.5 -10.5
v -11.3 0.5 -10.5
v 2.1 0.5 -10.5
v 2.2 0.5 -10.5
v -10.1 0.5 -10.7
v -10 0.5 -10.7
v 3.2 0.5 -10.8
v 3.3 0.5 -10.8
v 2 0.5 -10.9
v 2.1 0.5 -10.9
v 2.7 0.5 -11.2
v 2.8 0.5 -11.2
v -10 0.5 -11.3
v -9.9 0.5 -11.3
v 2.7 0.5 -11.3
v 2.8 0.5 -11.3
v -11.5 0.5 -11.4
v -11.4 0.5 -11.4
v 1.9 0.5 -11.4
v 2 0.5 -11.4
v 3.3 0.5 -11.4
v 3.4 0.5 -11.4
v -11.5 0.5 -11.5
v -11.4 0.5 -11.5
v -11.5 0.5 -11.6
v -11.4 0.5 -11.6
v -10.5 0.5 -11.6
v -10.4 0.5 -11.6
v -10.5 0.5 -11.7
v -10.4 0.5 -11.7
v 3.4 0.5 -11.7
v 3.5 0.5 -11.7
v -12.7 0.5 -11.8
v -12.6 0.5 -11.8
v -12.7 0.5 -11.9
v -12.6 0.5 -11.9
v 3.5 0.5 -12
v 3.6 0.5 -12
v -11.6 0.5 -12.2
v -11.5 0.5 -12.2
v -9.9 0.5 -12.2
v -9.8 0.5 -12.2
v -12.4 0.5 -12.3
v -12.3 0.5 -12.3
v -11.6 0.5 -12.3
v -11.5 0.5 -12.3
v 1.8 0.5 -12.3
v 1.9 0.5 -12.3
v 3.6 0.5 -12.4
v 3.7 0.5 -12.4
v -12.4 0.5 -12.5
v -12.3 0.5 -12.5
v -9.8 0.5 -12.5
v -9.7 0.5 -12.5
v 3.6 0.5 -12.5
v 3.7 0.5 -12.5
v -12.8 0.5 -12.8
v -9.7 0.5 -12.8
v 1.8 0.5 -12.8
v 3.7 0.5 -12.8
v 12.7 0.6 5.3
v 12.8 0.6 5.3
v 12.3 0.6 5.2
v 12.7 0.6 5.2
v 12.1 0.6 5.1
v 12.3 0.6 5.1
v 12 0.6 5
v 12.1 0.6 5
v 11.9 0.6 4.9
v 12 0.6 4.9
v 11.7 0.6 4.8
v 11.9 0.6 4.8
v 11.5 0.6 4.7
v 11.7 0.6 4.7
v 11.4 0.6 4.6
v 11.5 0.6 4.6
v 11.2 0.6 4.5
v 11.4 0.6 4.5
v 11 0.6 4.4
v 11.2 0.6 4.4
v 10.7 0.6 4.2
v 11 0.6 4.2
v 10.6 0.6 4.1
v 10.7 0.6 4.1
v 10.3 0.6 4
v 10.6 0.6 4
v 10.1 0.6 3.9
v 10.3 0.6 3.9
v 11.9 0.6 3.7
v 12 0.6 3.7
v 10 0.6 3.6
v 10.1 0.6 3.6
v 11.9 0.6 3.6
v 12 0.6 3.6
v 9.9 0.6 3.5
v 10 0.6 3.5
v 10.2 0.6 3.5
v 10.3 0.6 3.5
v 10.2 0.6 3.4
v 10.3 0.6 3.4
v 10.9 0.6 3.4
v 11 0.6 3.4
v 9.8 0.6 3.3
v 9.9 0.6 3.3
v 10.9 0.6 3.3
v 11 0.6 3.3
v 9.7 0.6 3.1
v 9.8 0.6 3.1
v 9.6 0.6 2.9
v 9.7 0.6 2.9
v 9.5 0.6 2.7
v 9.6 0.6 2.7
v 9.4 0.6 2.6
v 9.5 0.6 2.6
v 9.3 0.6 2.4
v 9.4 0.6 2.4
v 11.7 0.6 2.3
v 11.8 0.6 2.3
v 9.2 0.6 2.2
v 9.3 0.6 2.2
v 11.7 0.6 2.2
v 11.8 0.6 2.2
v 12.1 0.6 2.2
v 12.2 0.6 2.2
v 11 0.6 2.1
v 11.1 0.6 2.1
v 12.1 0.6 2.1
v 12.2 0.6 2.1
v 9.1 0.6 2
v 9.2 0.6 2
v 11 0.6 2
v 11.1 0.6 2
v 8.9 0.6 1.8
v 9.1 0.6 1.8
v 8.8 0.6 1.7
v 8.9 0.6 1.7
v 8.7 0.6 1.6
v 8.8 0.6 1.6
v 10.9 0.6 1.6
v 11 0.6 1.6
v 8.6 0.6 1.5
v 8.7 0.6 1.5
v 10.9 0.6 1.5
v 11 0.6 1.5
v 8.5 0.6 1.4
v 8.6 0.6 1.4
v 8.3 0.6 1.3
v 8.5 0.6 1.3
v 8.2 0.6 1.2
v 8.3 0.6 1.2
v 8.1 0.6 1.1
v 8.2 0.6 1.1
v 9.7 0.6 1.1
v 9.8 0.6 1.1
v 8 0.6 1
v 8.1 0.6 1
v 9.7 0.6 1
v 9.8 0.6 1
v 7.9 0.6 0.900001
v 8 0.6 0.900001
v 7.7 0.6 0.8
v 7.9 0.6 0.8
v 7.6 0.6 0.700001
v 7.7 0.6 0.700001
v 7.5 0.6 0.6
v 7.6 0.6 0.6
v 10.9 0.6 0.6
v 11 0.6 0.6
v 7.4 0.6 0.5
v 7.5 0.6 0.5
v 10.9 0.6 0.5
v 11 0.6 0.5
v 7.3 0.6 0.400001
v 7.4 0.6 0.400001
v 7.2 0.6 0.3
v 7.3 0.6 0.3
v 8 0.6 0.3
v 8.1 0.6 0.3
v 7.1 0.6 0.200001
v 7.2 0.6 0.200001
v 7.3 0.6 0.200001
v 8 0.6 0.200001
v 8.1 0.6 0.200001
v 7 0.6 0.1
v 7.1 0.6 0.1
v 11.3 0.6 0.1
v 11.4 0.6 0.1
v 11.8 0.6 0.1
v 11.9 0.6 0.1
v 6.9 0.6 0
v 7 0.6 0
v 11.3 0.6 0
v 11.4 0.6 0
v 11.8 0.6 0
v 11.9 0.6 0
v 6.8 0.6 -0.2
v 6.9 0.6 -0.2
v 6.7 0.6 -0.299999
v 6.8 0.6 -0.299999
v 6.6 0.6 -0.4
v 6.7 0.6 -0.4
v 12.6 0.6 -0.4
v 12.7 0.6 -0.4
v 10.5 0.6 -0.5
v 10.6 0.6 -0.5
v 12.6 0.6 -0.5
v 12.7 0.6 -0.5
v 6.5 0.6 -0.599999
v 6.6 0.6 -0.599999
v 10.5 0.6 -0.7
v 10.6 0.6 -0.7
v 6.4 0.6 -0.799999
v 6.5 0.6 -0.799999
v 7.8 0.6 -0.9
v 7.9 0.6 -0.9
v 6.3 0.6 -1
v 6.4 0.6 -1
v 7.8 0.6 -1
v 7.9 0.6 -1
v 11.6 0.6 -1
v 11.7 0.6 -1
v 11.6 0.6 -1.1
v 11.7 0.6 -1.1
v 6.2 0.6 -1.2
v 6.3 0.6 -1.2
v 8.3 0.6 -1.2
v 8.4 0.6 -1.2
v 7 0.6 -1.3
v 7.1 0.6 -1.3
v 8.3 0.6 -1.3
v 8.4 0.6 -1.3
v 9.2 0.6 -1.3
v 9.3 0.6 -1.3
v 7 0.6 -1.4
v 7.1 0.6 -1.4
v 9.2 0.6 -1.4
v 9.3 0.6 -1.4
v 6.1 0.6 -1.5
v 6.2 0.6 -1.5
v 10.5 0.6 -1.5
v 10.6 0.6 -1.5
v 10.5 0.6 -1.6
v 10.6 0.6 -1.6
v 6 0.6 -1.7
v 6.1 0.6 -1.7
v 9.1 0.6 -1.8
v 9.2 0.6 -1.8
v 5.9 0.6 -1.9
v 6 0.6 -1.9
v 9.1 0.6 -1.9
v 9.2 0.6 -1.9
v 11.5 0.6 -2
v 11.6 0.6 -2
v 5.8 0.6 -2.1
v 5.9 0.6 -2.1
v 11.5 0.6 -2.1
v 11.6 0.6 -2.1
v 7.5 0.6 -2.2
v 7.6 0.6 -2.2
v 5.7 0.6 -2.3
v 5.8 0.6 -2.3
v 7 0.6 -2.3
v 7.1 0.6 -2.3
v 7.5 0.6 -2.3
v 7.6 0.6 -2.3
v 7 0.6 -2.4
v 7.1 0.6 -2.4
v 11.1 0.6 -2.5
v 11.2 0.6 -2.5
v 5.6 0.6 -2.6
v 5.7 0.6 -2.6
v 11.1 0.6 -2.6
v 11.2 0.6 -2.6
v 8.3 0.6 -2.7
v 8.4 0.6 -2.7
v 9 0.6 -2.7
v 9.1 0.6 -2.7
v 11.5 0.6 -2.7
v 11.6 0.6 -2.7
v 8.3 0.6 -2.8
v 8.4 0.6 -2.8
v 9 0.6 -2.8
v 9.1 0.6 -2.8
v 9.5 0.6 -2.8
v 9.6 0.6 -2.8
v 11.5 0.6 -2.8
v 11.6 0.6 -2.8
v 9.5 0.6 -2.9
v 9.6 0.6 -2.9
v 10.7 0.6 -2.9
v 10.8 0.6 -2.9
v 5.5 0.6 -3
v 5.6 0.6 -3
v 10.6 0.6 -3
v 10.7 0.6 -3
v 10.8 0.6 -3
v 10.9 0.6 -3
v 10.6 0.6 -3.1
v 10.7 0.6 -3.1
v 10.8 0.6 -3.1
v 10.9 0.6 -3.1
v 6.9 0.6 -3.3
v 7 0.6 -3.3
v 9.4 0.6 -3.3
v 9.5 0.6 -3.3
v 6.9 0.6 -3.4
v 7 0.6 -3.4
v 9.4 0.6 -3.4
v 9.5 0.6 -3.4
v 5.4 0.6 -3.5
v 5.5 0.6 -3.5
v 12 0.6 -3.6
v 12.1 0.6 -3.6
v 12 0.6 -3.7
v 12.1 0.6 -3.7
v 11.9 0.6 -3.8
v 12 0.6 -3.8
v 5.3 0.6 -3.9
v 5.4 0.6 -3.9
v 11.9 0.6 -3.9
v 12 0.6 -3.9
v 9.9 0.6 -4
v 10 0.6 -4
v 5.2 0.6 -4.1
v 5.3 0.6 -4.1
v 9.9 0.6 -4.1
v 10 0.6 -4.1
v 11.4 0.6 -4.1
v 11.5 0.6 -4.1
v 11.4 0.6 -4.2
v 11.5 0.6 -4.2
v 5.1 0.6 -4.5
v 5.2 0.6 -4.5
v 5 0.6 -4.7
v 5.1 0.6 -4.7
v 8.9 0.6 -4.7
v 9 0.6 -4.7
v 7.8 0.6 -4.8
v 7.9 0.6 -4.8
v 8.9 0.6 -4.8
v 9 0.6 -4.8
v 11.7 0.6 -4.8
v 11.8 0.6 -4.8
v 4.9 0.6 -4.9
v 5 0.6 -4.9
v 7.8 0.6 -4.9
v 7.9 0.6 -4.9
v 11.7 0.6 -4.9
v 11.8 0.6 -4.9
v 4.8 0.6 -5.2
v 4.9 0.6 -5.2
v 6.4 0.6 -5.2
v 6.5 0.6 -5.2
v 11.7 0.6 -5.2
v 11.8 0.6 -5.2
v 6.4 0.6 -5.3
v 6.5 0.6 -5.3
v 8.7 0.6 -5.3
v 8.8 0.6 -5.3
v 11.7 0.6 -5.3
v 11.8 0.6 -5.3
v 8.7 0.6 -5.4
v 8.8 0.6 -5.4
v 4.7 0.6 -5.5
v 4.8 0.6 -5.5
v 8.2 0.6 -5.5
v 8.3 0.6 -5.5
v 9.4 0.6 -5.5
v 9.5 0.6 -5.5
v 8.2 0.6 -5.6
v 8.3 0.6 -5.6
v 9.4 0.6 -5.6
v 9.5 0.6 -5.6
v 6.2 0.6 -5.7
v 6.3 0.6 -5.7
v 4.6 0.6 -5.8
v 4.7 0.6 -5.8
v 6.2 0.6 -5.8
v 6.3 0.6 -5.8
v 6 0.6 -5.9
v 6.1 0.6 -5.9
v 7.1 0.6 -5.9
v 7.2 0.6 -5.9
v 6 0.6 -6
v 6.1 0.6 -6
v 7.1 0.6 -6
v 7.2 0.6 -6
v 4.5 0.6 -6.1
v 4.6 0.6 -6.1
v 4.4 0.6 -6.2
v 4.5 0.6 -6.2
v 4.9 0.6 -6.3
v 5 0.6 -6.3
v 4.3 0.6 -6.4
v 4.4 0.6 -6.4
v 4.9 0.6 -6.4
v 5 0.6 -6.4
v 6.9 0.6 -6.4
v 7 0.6 -6.4
v 4.2 0.6 -6.5
v 4.3 0.6 -6.5
v 5.3 0.6 -6.5
v 5.4 0.6 -6.5
v 6.9 0.6 -6.5
v 7 0.6 -6.5
v 10.3 0.6 -6.5
v 10.4 0.6 -6.5
v 5.3 0.6 -6.6
v 5.4 0.6 -6.6
v 10.3 0.6 -6.6
v 10.4 0.6 -6.6
v 4.1 0.6 -6.7
v 4.2 0.6 -6.7
v 4 0.6 -6.8
v 4.1 0.6 -6.8
v 3.9 0.6 -7
v 4 0.6 -7
v 3.8 0.6 -7.2
v 3.9 0.6 -7.2
v 3.7 0.6 -7.4
v 3.8 0.6 -7.4
v 4.7 0.6 -7.4
v 4.8 0.6 -7.4
v 4.7 0.6 -7.5
v 4.8 0.6 -7.5
v 6.5 0.6 -7.5
v 6.6 0.6 -7.5
v 10.7 0.6 -7.5
v 10.8 0.6 -7.5
v 4.2 0.6 -7.6
v 4.3 0.6 -7.6
v 6.5 0.6 -7.6
v 6.6 0.6 -7.6
v 10.7 0.6 -7.6
v 10.8 0.6 -7.6
v 3.6 0.6 -7.7
v 3.7 0.6 -7.7
v 4.2 0.6 -7.7
v 4.3 0.6 -7.7
v 4.9 0.6 -7.7
v 5 0.6 -7.7
v 12 0.6 -7.7
v 12.1 0.6 -7.7
v 4.9 0.6 -7.8
v 5 0.6 -7.8
v 12 0.6 -7.8
v 12.1 0.6 -7.8
v 4.8 0.6 -8
v 4.9 0.6 -8
v 5.9 0.6 -8
v 6 0.6 -8
v 8.2 0.6 -8
v 8.3 0.6 -8
v 3.5 0.6 -8.1
v 3.6 0.6 -8.1
v 4.8 0.6 -8.1
v 4.9 0.6 -8.1
v 5 0.6 -8.1
v 5.1 0.6 -8.1
v 5.9 0.6 -8.1
v 6 0.6 -8.1
v 8.2 0.6 -8.1
v 8.3 0.6 -8.1
v 5 0.6 -8.2
v 5.1 0.6 -8.2
v 10.6 0.6 -8.3
v 10.7 0.6 -8.3
v 3.4 0.6 -8.4
v 3.5 0.6 -8.4
v 7.1 0.6 -8.4
v 7.2 0.6 -8.4
v 10.6 0.6 -8.4
v 10.7 0.6 -8.4
v 7.1 0.6 -8.5
v 7.2 0.6 -8.5
v 9.9 0.6 -8.5
v 10 0.6 -8.5
v 3.3 0.6 -8.6
v 3.4 0.6 -8.6
v 6.4 0.6 -8.7
v 6.5 0.6 -8.7
v 8.1 0.6 -8.7
v 8.2 0.6 -8.7
v 9.9 0.6 -8.7
v 10 0.6 -8.7
v 6.4 0.6 -8.8
v 6.5 0.6 -8.8
v 8.1 0.6 -8.8
v 8.2 0.6 -8.8
v 11.9 0.6 -8.8
v 12 0.6 -8.8
v 11.9 0.6 -8.9
v 12 0.6 -8.9
v 3.2 0.6 -9
v 3.3 0.6 -9
v 8.6 0.6 -9.1
v 8.7 0.6 -9.1
v 4.2 0.6 -9.2
v 4.3 0.6 -9.2
v 7.3 0.6 -9.2
v 7.4 0.6 -9.2
v 8.6 0.6 -9.2
v 8.7 0.6 -9.2
v 4.2 0.6 -9.3
v 4.3 0.6 -9.3
v 7.3 0.6 -9.3
v 7.4 0.6 -9.3
v 10.4 0.6 -9.3
v 10.5 0.6 -9.3
v 10.8 0.6 -9.3
v 10.9 0.6 -9.3
v 5 0.6 -9.4
v 5.1 0.6 -9.4
v 10.4 0.6 -9.4
v 10.5 0.6 -9.4
v 10.8 0.6 -9.4
v 10.9 0.6 -9.4
v 5 0.6 -9.5
v 5.1 0.6 -9.5
v 3.5 0.6 -9.6
v 3.6 0.6 -9.6
v 3.5 0.6 -9.7
v 3.6 0.6 -9.7
v 5.1 0.6 -9.8
v 5.2 0.6 -9.8
v 5.1 0.6 -9.9
v 5.2 0.6 -9.9
v 10 0.6 -9.9
v 10.1 0.6 -9.9
v 5.5 0.6 -10.1
v 5.6 0.6 -10.1
v 10 0.6 -10.1
v 10.1 0.6 -10.1
v 5.5 0.6 -10.2
v 5.6 0.6 -10.2
v 10.7 0.6 -10.6
v 10.8 0.6 -10.6
v 6.8 0.6 -10.7
v 6.9 0.6 -10.7
v 10.7 0.6 -10.7
v 10.8 0.6 -10.7
v 3.2 0.6 -10.8
v 3.3 0.6 -10.8
v 5.3 0.6 -10.8
v 5.4 0.6 -10.8
v 6.8 0.6 -10.8
v 6.9 0.6 -10.8
v 5.3 0.6 -10.9
v 5.4 0.6 -10.9
v 6.5 0.6 -10.9
v 6.6 0.6 -10.9
v 8.3 0.6 -10.9
v 8.4 0.6 -10.9
v 9.3 0.6 -10.9
v 9.4 0.6 -10.9
v 10.1 0.6 -10.9
v 10.2 0.6 -10.9
v 6.5 0.6 -11
v 6.6 0.6 -11
v 8.3 0.6 -11
v 8.4 0.6 -11
v 9.3 0.6 -11
v 9.4 0.6 -11
v 10.1 0.6 -11
v 10.2 0.6 -11
v 11.5 0.6 -11.1
v 11.6 0.6 -11.1
v 11.5 0.6 -11.2
v 11.6 0.6 -11.2
v 3.3 0.6 -11.4
v 3.4 0.6 -11.4
v 12.3 0.6 -11.4
v 12.4 0.6 -11.4
v 12.3 0.6 -11.5
v 12.4 0.6 -11.5
v 4.5 0.6 -11.6
v 4.6 0.6 -11.6
v 5.9 0.6 -11.6
v 6 0.6 -11.6
v 3.4 0.6 -11.7
v 3.5 0.6 -11.7
v 4.5 0.6 -11.7
v 4.6 0.6 -11.7
v 5.9 0.6 -11.7
v 6 0.6 -11.7
v 7.3 0.6 -11.7
v 7.4 0.6 -11.7
v 7.3 0.6 -11.8
v 7.4 0.6 -11.8
v 8.2 0.6 -11.9
v 8.3 0.6 -11.9
v 3.5 0.6 -12
v 3.6 0.6 -12
v 8.2 0.6 -12
v 8.3 0.6 -12
v 6.2 0.6 -12.1
v 6.3 0.6 -12.1
v 6.2 0.6 -12.2
v 6.3 0.6 -12.2
v 10.5 0.6 -12.2
v 10.6 0.6 -12.2
v 10.5 0.6 -12.3
v 10.6 0.6 -12.3
v 3.6 0.6 -12.4
v 3.7 0.6 -12.4
v 3.7 0.6 -12.8
v 12.8 0.6 -12.8

# faces
f 3/7/1 2/7/1 1/7/1
f 4/7/1 2/7/1 3/7/1
f 5/7/1 2/7/1 4/7/1
f 6/7/1 2/7/1 5/7/1
f 7/7/1 2/7/1 6/7/1
f 8/7/1 2/7/1 7/7/1
f 9/7/1 2/7/1 8/7/1
f 10/7/1 2/7/1 9/7/1
f 11/7/1 7/7/1 6/7/1
f 12/6/1 8/6/1 7/6/1
f 12/7/1 7/7/1 11/7/1
f 13/7/1 9/7/1 8/7/1
f 13/6/1 8/6/1 12/6/1
f 14/1/1 10/1/1 9/1/1
f 14/7/1 9/7/1 13/7/1
f 15/7/1 2/7/1 10/7/1
f 15/1/1 10/1/1 14/1/1
f 16/7/1 2/7/1 15/7/1
f 19/7/1 18/7/1 17/7/1
f 20/7/1 18/7/1 19/7/1
f 23/7/1 22/7/1 21/7/1
f 24/7/1 22/7/1 23/7/1
f 27/7/1 26/7/1 25/7/1
f 28/7/1 26/7/1 27/7/1
f 31/7/1 30/7/1 29/7/1
f 32/7/1 30/7/1 31/7/1
f 35/7/1 34/7/1 33/7/1
f 36/7/1 34/7/1 35/7/1
f 41/7/1 38/7/1 37/7/1
f 42/6/1 39/6/1 38/6/1
f 42/7/1 38/7/1 41/7/1
f 43/7/1 40/7/1 39/7/1
f 43/6/1 39/6/1 42/6/1
f 44/7/1 40/7/1 43/7/1
f 48/7/1 46/7/1 45/7/1
f 48/7/1 47/7/1 46/7/1
f 49/7/1 47/7/1 48/7/1
f 52/7/1 51/7/1 50/7/1
f 53/7/1 51/7/1 52/7/1
f 56/7/1 55/7/1 54/7/1
f 57/7/1 55/7/1 56/7/1
f 60/7/1 59/7/1 58/7/1
f 61/7/1 59/7/1 60/7/1
f 64/7/1 63/7/1 62/7/1
f 65/7/1 63/7/1 64/7/1
f 68/7/1 67/7/1 66/7/1
f 69/7/1 67/7/1 68/7/1
f 72/7/1 71/7/1 70/7/1
f 73/7/1 71/7/1 72/7/1
f 80/7/1 75/7/1 74/7/1
f 81/4/1 76/4/1 75/4/1
f 81/7/1 75/7/1 80/7/1
f 82/7/1 77/7/1 76/7/1
f 82/4/1 76/4/1 81/4/1
f 83/7/1 77/7/1 82/7/1
f 84/7/1 79/7/1 78/7/1
f 85/7/1 79/7/1 84/7/1
f 88/7/1 87/7/1 86/7/1
f 89/7/1 87/7/1 88/7/1
f 96/7/1 91/7/1 90/7/1
f 97/7/1 91/7/1 96/7/1
f 98/7/1 93/7/1 92/7/1
f 99/7/1 93/7/1 98/7/1
f 100/7/1 95/7/1 94/7/1
f 101/7/1 95/7/1 100/7/1
f 104/7/1 103/7/1 102/7/1
f 105/7/1 103/7/1 104/7/1
f 110/7/1 107/7/1 106/7/1
f 111/7/1 107/7/1 110/7/1
f 112/7/1 109/7/1 108/7/1
f 113/7/1 109/7/1 112/7/1
f 116/7/1 115/7/1 114/7/1
f 117/7/1 115/7/1 116/7/1
f 120/7/1 119/7/1 118/7/1
f 121/7/1 119/7/1 120/7/1
f 124/7/1 123/7/1 122/7/1
f 125/7/1 123/7/1 124/7/1
f 128/7/1 127/7/1 126/7/1
f 129/7/1 127/7/1 128/7/1
f 132/7/1 131/7/1 130/7/1
f 133/7/1 131/7/1 132/7/1
f 136/7/1 135/7/1 134/7/1
f 137/7/1 135/7/1 136/7/1
f 140/7/1 139/7/1 138/7/1
f 141/7/1 139/7/1 140/7/1
f 144/7/1 143/7/1 142/7/1
f 145/7/1 143/7/1 144/7/1
f 148/7/1 147/7/1 146/7/1
f 149/7/1 147/7/1 148/7/1
f 152/7/1 151/7/1 150/7/1
f 153/7/1 151/7/1 152/7/1
f 156/7/1 155/7/1 154/7/1
f 157/7/1 155/7/1 156/7/1
f 160/7/1 159/7/1 158/7/1
f 161/7/1 159/7/1 160/7/1
f 164/7/1 163/7/1 162/7/1
f 165/7/1 163/7/1 164/7/1
f 168/7/1 167/7/1 166/7/1
f 169/7/1 167/7/1 168/7/1
f 172/7/1 171/7/1 170/7/1
f 173/7/1 171/7/1 172/7/1
f 176/7/1 175/7/1 174/7/1
f 177/7/1 175/7/1 176/7/1
f 180/7/1 179/7/1 178/7/1
f 181/7/1 179/7/1 180/7/1
f 184/7/1 183/7/1 182/7/1
f 185/7/1 183/7/1 184/7/1
f 188/7/1 187/7/1 186/7/1
f 189/7/1 187/7/1 188/7/1
f 192/7/1 191/7/1 190/7/1
f 193/7/1 191/7/1 192/7/1
f 196/7/1 195/7/1 194/7/1
f 197/7/1 195/7/1 196/7/1
f 200/7/1 199/7/1 198/7/1
f 201/7/1 199/7/1 200/7/1
f 204/7/1 203/7/1 202/7/1
f 205/7/1 203/7/1 204/7/1
f 209/2/1 207/2/1 206/2/1
f 210/7/1 208/7/1 207/7/1
f 210/2/1 207/2/1 209/2/1
f 211/7/1 208/7/1 210/7/1
f 216/7/1 213/7/1 212/7/1
f 217/7/1 213/7/1 216/7/1
f 218/7/1 215/7/1 214/7/1
f 219/7/1 215/7/1 218/7/1
f 223/7/1 221/7/1 220/7/1
f 223/7/1 222/7/1 221/7/1
f 224/7/1 222/7/1 223/7/1
f 227/7/1 226/7/1 225/7/1
f 228/7/1 226/7/1 227/7/1
f 231/7/1 230/7/1 229/7/1
f 232/7/1 230/7/1 231/7/1
f 235/7/1 234/7/1 233/7/1
f 236/7/1 234/7/1 235/7/1
f 239/7/1 238/7/1 237/7/1
f 240/7/1 238/7/1 239/7/1
f 243/7/1 242/7/1 241/7/1
f 244/7/1 242/7/1 243/7/1
f 247/7/1 246/7/1 245/7/1
f 248/7/1 246/7/1 247/7/1
f 251/7/1 250/7/1 249/7/1
f 252/7/1 250/7/1 251/7/1
f 255/7/1 254/7/1 253/7/1
f 256/7/1 254/7/1 255/7/1
f 259/7/1 258/7/1 257/7/1
f 260/7/1 258/7/1 259/7/1
f 263/7/1 262/7/1 261/7/1
f 264/7/1 262/7/1 263/7/1
f 267/7/1 266/7/1 265/7/1
f 268/7/1 266/7/1 267/7/1
f 271/7/1 270/7/1 269/7/1
f 272/7/1 270/7/1 271/7/1
f 275/7/1 274/7/1 273/7/1
f 276/7/1 274/7/1 275/7/1
f 279/7/1 278/7/1 277/7/1
f 280/7/1 278/7/1 279/7/1
f 283/7/1 282/7/1 281/7/1
f 284/7/1 282/7/1 283/7/1
f 287/7/1 286/7/1 285/7/1
f 288/7/1 286/7/1 287/7/1
f 291/7/1 290/7/1 289/7/1
f 292/7/1 290/7/1 291/7/1
f 295/7/1 294/7/1 293/7/1
f 296/7/1 294/7/1 295/7/1
f 299/7/1 298/7/1 297/7/1
f 300/7/1 298/7/1 299/7/1
f 303/7/1 302/7/1 301/7/1
f 304/7/1 302/7/1 303/7/1
f 307/7/1 306/7/1 305/7/1
f 308/7/1 306/7/1 307/7/1
f 311/7/1 310/7/1 309/7/1
f 312/7/1 310/7/1 311/7/1
f 315/7/1 314/7/1 313/7/1
f 316/7/1 314/7/1 315/7/1
f 319/7/1 318/7/1 317/7/1
f 320/7/1 318/7/1 319/7/1
f 323/7/1 322/7/1 321/7/1
f 324/7/1 322/7/1 323/7/1
f 327/7/1 326/7/1 325/7/1
f 328/7/1 326/7/1 327/7/1
f 331/7/1 330/7/1 329/7/1
f 332/7/1 330/7/1 331/7/1
f 337/7/1 334/7/1 333/7/1
f 338/6/1 335/6/1 334/6/1
f 338/7/1 334/7/1 337/7/1
f 339/7/1 336/7/1 335/7/1
f 339/6/1 335/6/1 338/6/1
f 340/7/1 336/7/1 339/7/1
f 343/7/1 342/7/1 341/7/1
f 344/7/1 342/7/1 343/7/1
f 347/7/1 346/7/1 345/7/1
f 348/7/1 346/7/1 347/7/1
f 351/7/1 350/7/1 349/7/1
f 352/7/1 350/7/1 351/7/1
f 355/7/1 354/7/1 353/7/1
f 356/7/1 354/7/1 355/7/1
f 359/7/1 358/7/1 357/7/1
f 360/7/1 358/7/1 359/7/1
f 363/7/1 362/7/1 361/7/1
f 364/7/1 362/7/1 363/7/1
f 367/7/1 366/7/1 365/7/1
f 368/7/1 366/7/1 367/7/1
f 371/7/1 370/7/1 369/7/1
f 372/7/1 370/7/1 371/7/1
f 375/7/1 374/7/1 373/7/1
f 376/7/1 374/7/1 375/7/1
f 379/7/1 378/7/1 377/7/1
f 380/7/1 378/7/1 379/7/1
f 383/7/1 382/7/1 381/7/1
f 384/7/1 382/7/1 383/7/1
f 387/7/1 386/7/1 385/7/1
f 388/7/1 386/7/1 387/7/1
f 391/7/1 390/7/1 389/7/1
f 392/7/1 390/7/1 391/7/1
f 395/7/1 394/7/1 393/7/1
f 396/7/1 394/7/1 395/7/1
f 399/7/1 398/7/1 397/7/1
f 400/7/1 398/7/1 399/7/1
f 403/7/1 402/7/1 401/7/1
f 404/7/1 402/7/1 403/7/1
f 407/7/1 406/7/1 405/7/1
f 408/7/1 406/7/1 407/7/1
f 411/7/1 410/7/1 409/7/1
f 412/7/1 410/7/1 411/7/1
f 415/7/1 414/7/1 413/7/1
f 416/7/1 414/7/1 415/7/1
f 419/7/1 418/7/1 417/7/1
f 420/7/1 418/7/1 419/7/1
f 423/7/1 422/7/1 421/7/1
f 424/7/1 422/7/1 423/7/1
f 427/7/1 426/7/1 425/7/1
f 428/7/1 426/7/1 427/7/1
f 431/7/1 430/7/1 429/7/1
f 432/7/1 430/7/1 431/7/1
f 435/7/1 434/7/1 433/7/1
f 436/7/1 434/7/1 435/7/1
f 439/7/1 438/7/1 437/7/1
f 440/7/1 438/7/1 439/7/1
f 443/7/1 442/7/1 441/7/1
f 444/7/1 442/7/1 443/7/1
f 447/7/1 446/7/1 445/7/1
f 448/7/1 446/7/1 447/7/1
f 451/7/1 450/7/1 449/7/1
f 452/7/1 450/7/1 451/7/1
f 455/7/1 454/7/1 453/7/1
f 456/7/1 454/7/1 455/7/1
f 459/7/1 458/7/1 457/7/1
f 460/7/1 458/7/1 459/7/1
f 463/7/1 462/7/1 461/7/1
f 464/7/1 462/7/1 463/7/1
f 467/7/1 466/7/1 465/7/1
f 468/7/1 466/7/1 467/7/1
f 471/7/1 470/7/1 469/7/1
f 472/7/1 470/7/1 471/7/1
f 475/7/1 474/7/1 473/7/1
f 476/7/1 474/7/1 475/7/1
f 479/7/1 478/7/1 477/7/1
f 480/7/1 478/7/1 479/7/1
f 483/7/1 482/7/1 481/7/1
f 484/7/1 482/7/1 483/7/1
f 487/7/1 486/7/1 485/7/1
f 488/7/1 486/7/1 487/7/1
f 491/7/1 490/7/1 489/7/1
f 492/7/1 490/7/1 491/7/1
f 496/7/1 495/7/1 494/7/1
f 496/7/1 494/7/1 493/7/1
f 497/7/1 495/7/1 496/7/1
f 500/7/1 499/7/1 498/7/1
f 501/7/1 499/7/1 500/7/1
f 504/7/1 503/7/1 502/7/1
f 505/7/1 503/7/1 504/7/1
f 508/7/1 507/7/1 506/7/1
f 509/7/1 507/7/1 508/7/1
f 512/7/1 511/7/1 510/7/1
f 513/7/1 511/7/1 512/7/1
f 516/7/1 515/7/1 514/7/1
f 517/7/1 515/7/1 516/7/1
f 520/7/1 519/7/1 518/7/1
f 521/7/1 519/7/1 520/7/1
f 524/7/1 523/7/1 522/7/1
f 525/7/1 523/7/1 524/7/1
f 528/7/1 527/7/1 526/7/1
f 529/7/1 527/7/1 528/7/1
f 532/7/1 531/7/1 530/7/1
f 533/7/1 531/7/1 532/7/1
f 536/7/1 535/7/1 534/7/1
f 537/7/1 535/7/1 536/7/1
f 540/7/1 539/7/1 538/7/1
f 541/7/1 539/7/1 540/7/1
f 544/7/1 543/7/1 542/7/1
f 545/7/1 543/7/1 544/7/1
f 548/7/1 547/7/1 546/7/1
f 549/7/1 547/7/1 548/7/1
f 552/7/1 551/7/1 550/7/1
f 553/7/1 551/7/1 552/7/1
f 556/7/1 555/7/1 554/7/1
f 557/7/1 555/7/1 556/7/1
f 560/7/1 559/7/1 558/7/1
f 561/7/1 559/7/1 560/7/1
f 564/7/1 563/7/1 562/7/1
f 565/7/1 563/7/1 564/7/1
f 568/7/1 567/7/1 566/7/1
f 569/7/1 567/7/1 568/7/1
f 572/7/1 571/7/1 570/7/1
f 573/7/1 571/7/1 572/7/1
f 576/7/1 575/7/1 574/7/1
f 577/7/1 575/7/1 576/7/1
f 580/7/1 579/7/1 578/7/1
f 581/7/1 579/7/1 580/7/1
f 584/7/1 583/7/1 582/7/1
f 585/7/1 583/7/1 584/7/1
f 588/7/1 587/7/1 586/7/1
f 589/7/1 587/7/1 588/7/1
f 592/7/1 591/7/1 590/7/1
f 593/7/1 591/7/1 592/7/1
f 596/7/1 595/7/1 594/7/1
f 597/7/1 595/7/1 596/7/1
f 600/7/1 599/7/1 598/7/1
f 601/7/1 599/7/1 600/7/1
f 604/7/1 603/7/1 602/7/1
f 605/7/1 603/7/1 604/7/1
f 608/7/1 607/7/1 606/7/1
f 609/7/1 607/7/1 608/7/1
f 612/7/1 611/7/1 610/7/1
f 613/7/1 611/7/1 612/7/1
f 616/7/1 615/7/1 614/7/1
f 617/7/1 615/7/1 616/7/1
f 620/7/1 619/7/1 618/7/1
f 621/7/1 619/7/1 620/7/1
f 624/7/1 623/7/1 622/7/1
f 625/7/1 623/7/1 624/7/1
f 628/7/1 627/7/1 626/7/1
f 629/7/1 627/7/1 628/7/1
f 632/7/1 631/7/1 630/7/1
f 633/7/1 631/7/1 632/7/1
f 636/7/1 635/7/1 634/7/1
f 637/7/1 635/7/1 636/7/1
f 640/7/1 639/7/1 638/7/1
f 641/7/1 639/7/1 640/7/1
f 644/7/1 643/7/1 642/7/1
f 645/7/1 643/7/1 644/7/1
f 648/7/1 647/7/1 646/7/1
f 649/7/1 647/7/1 648/7/1
f 652/7/1 651/7/1 650/7/1
f 653/7/1 651/7/1 652/7/1
f 656/7/1 655/7/1 654/7/1
f 657/7/1 655/7/1 656/7/1
f 660/7/1 659/7/1 658/7/1
f 661/7/1 659/7/1 660/7/1
f 664/7/1 663/7/1 662/7/1
f 665/7/1 663/7/1 664/7/1
f 668/7/1 667/7/1 666/7/1
f 669/7/1 667/7/1 668/7/1
f 672/7/1 671/7/1 670/7/1
f 673/7/1 671/7/1 672/7/1
f 676/7/1 675/7/1 674/7/1
f 677/7/1 675/7/1 676/7/1
f 680/7/1 679/7/1 678/7/1
f 681/7/1 679/7/1 680/7/1
f 684/7/1 683/7/1 682/7/1
f 685/7/1 683/7/1 684/7/1
f 688/7/1 687/7/1 686/7/1
f 689/7/1 687/7/1 688/7/1
f 692/7/1 691/7/1 690/7/1
f 693/7/1 691/7/1 692/7/1
f 696/7/1 695/7/1 694/7/1
f 697/7/1 695/7/1 696/7/1
f 700/7/1 699/7/1 698/7/1
f 701/7/1 699/7/1 700/7/1
f 706/7/1 703/7/1 702/7/1
f 707/7/1 703/7/1 706/7/1
f 708/7/1 705/7/1 704/7/1
f 709/7/1 705/7/1 708/7/1
f 712/7/1 711/7/1 710/7/1
f 713/7/1 711/7/1 712/7/1
f 716/7/1 715/7/1 714/7/1
f 717/7/1 715/7/1 716/7/1
f 720/7/1 719/7/1 718/7/1
f 721/7/1 719/7/1 720/7/1
f 724/7/1 723/7/1 722/7/1
f 725/7/1 723/7/1 724/7/1
f 730/7/1 727/7/1 726/7/1
f 731/7/1 727/7/1 730/7/1
f 732/7/1 729/7/1 728/7/1
f 733/7/1 729/7/1 732/7/1
f 736/7/1 735/7/1 734/7/1
f 737/7/1 735/7/1 736/7/1
f 740/7/1 739/7/1 738/7/1
f 741/7/1 739/7/1 740/7/1
f 744/7/1 743/7/1 742/7/1
f 745/7/1 743/7/1 744/7/1
f 750/7/1 747/7/1 746/7/1
f 751/7/1 747/7/1 750/7/1
f 752/7/1 749/7/1 748/7/1
f 753/7/1 749/7/1 752/7/1
f 756/7/1 755/7/1 754/7/1
f 757/7/1 755/7/1 756/7/1
f 760/7/1 759/7/1 758/7/1
f 761/7/1 759/7/1 760/7/1
f 764/7/1 763/7/1 762/7/1
f 765/7/1 763/7/1 764/7/1
f 769/7/1 768/7/1 767/7/1
f 769/7/1 767/7/1 766/7/1
f 770/7/1 768/7/1 769/7/1
f 775/7/1 772/7/1 771/7/1
f 776/7/1 772/7/1 775/7/1
f 777/7/1 774/7/1 773/7/1
f 778/7/1 774/7/1 777/7/1
f 781/7/1 780/7/1 779/7/1
f 782/7/1 780/7/1 781/7/1
f 785/7/1 784/7/1 783/7/1
f 786/7/1 784/7/1 785/7/1
f 789/7/1 788/7/1 787/7/1
f 790/7/1 788/7/1 789/7/1
f 793/7/1 792/7/1 791/7/1
f 794/7/1 792/7/1 793/7/1
f 800/7/1 796/7/1 795/7/1
f 801/7/1 796/7/1 800/7/1
f 802/7/1 799/7/1 798/7/1
f 802/7/1 798/7/1 797/7/1
f 803/7/1 799/7/1 802/7/1
f 806/7/1 805/7/1 804/7/1
f 807/7/1 805/7/1 806/7/1
f 810/7/1 809/7/1 808/7/1
f 811/7/1 809/7/1 810/7/1
f 814/7/1 813/7/1 812/7/1
f 815/7/1 813/7/1 814/7/1
f 818/7/1 817/7/1 816/7/1
f 819/7/1 817/7/1 818/7/1
f 822/7/1 821/7/1 820/7/1
f 823/7/1 821/7/1 822/7/1
f 826/7/1 825/7/1 824/7/1
f 827/7/1 825/7/1 826/7/1
f 830/7/1 829/7/1 828/7/1
f 831/7/1 829/7/1 830/7/1
f 834/7/1 833/7/1 832/7/1
f 835/7/1 833/7/1 834/7/1
f 838/7/1 837/7/1 836/7/1
f 839/7/1 837/7/1 838/7/1
f 842/7/1 841/7/1 840/7/1
f 843/7/1 841/7/1 842/7/1
f 846/7/1 845/7/1 844/7/1
f 847/7/1 845/7/1 846/7/1
f 850/7/1 849/7/1 848/7/1
f 851/7/1 849/7/1 850/7/1
f 854/7/1 853/7/1 852/7/1
f 855/7/1 853/7/1 854/7/1
f 858/7/1 857/7/1 856/7/1
f 859/7/1 857/7/1 858/7/1
f 862/7/1 861/7/1 860/7/1
f 863/7/1 861/7/1 862/7/1
f 866/7/1 865/7/1 864/7/1
f 867/7/1 865/7/1 866/7/1
f 870/7/1 869/7/1 868/7/1
f 871/7/1 869/7/1 870/7/1
f 874/7/1 873/7/1 872/7/1
f 875/7/1 873/7/1 874/7/1
f 878/7/1 877/7/1 876/7/1
f 879/7/1 877/7/1 878/7/1
f 882/7/1 881/7/1 880/7/1
f 883/7/1 881/7/1 882/7/1
f 886/7/1 885/7/1 884/7/1
f 887/7/1 885/7/1 886/7/1
f 890/7/1 889/7/1 888/7/1
f 891/7/1 889/7/1 890/7/1
f 894/7/1 893/7/1 892/7/1
f 895/7/1 893/7/1 894/7/1
f 898/7/1 897/7/1 896/7/1
f 899/7/1 897/7/1 898/7/1
f 902/7/1 901/7/1 900/7/1
f 903/7/1 901/7/1 902/7/1
f 906/7/1 905/7/1 904/7/1
f 907/7/1 905/7/1 906/7/1
f 910/7/1 909/7/1 908/7/1
f 911/7/1 909/7/1 910/7/1
f 914/7/1 913/7/1 912/7/1
f 915/7/1 913/7/1 914/7/1
f 918/7/1 917/7/1 916/7/1
f 919/7/1 917/7/1 918/7/1
f 922/7/1 921/7/1 920/7/1
f 923/7/1 921/7/1 922/7/1
f 926/7/1 925/7/1 924/7/1
f 927/7/1 925/7/1 926/7/1
f 930/7/1 929/7/1 928/7/1
f 931/7/1 929/7/1 930/7/1
f 934/7/1 933/7/1 932/7/1
f 935/7/1 933/7/1 934/7/1
f 938/7/1 937/7/1 936/7/1
f 939/7/1 937/7/1 938/7/1
f 942/7/1 941/7/1 940/7/1
f 943/7/1 941/7/1 942/7/1
f 946/7/1 945/7/1 944/7/1
f 947/7/1 945/7/1 946/7/1
f 950/7/1 949/7/1 948/7/1
f 951/7/1 949/7/1 950/7/1
f 954/7/1 953/7/1 952/7/1
f 955/7/1 953/7/1 954/7/1
f 958/7/1 957/7/1 956/7/1
f 959/7/1 957/7/1 958/7/1
f 962/7/1 961/7/1 960/7/1
f 963/7/1 961/7/1 962/7/1
f 966/7/1 965/7/1 964/7/1
f 967/7/1 965/7/1 966/7/1
f 970/7/1 969/7/1 968/7/1
f 971/7/1 969/7/1 970/7/1
f 974/7/1 973/7/1 972/7/1
f 975/7/1 973/7/1 974/7/1
f 978/7/1 977/7/1 976/7/1
f 979/7/1 977/7/1 978/7/1
f 982/7/1 981/7/1 980/7/1
f 983/7/1 981/7/1 982/7/1
f 986/7/1 985/7/1 984/7/1
f 987/7/1 985/7/1 986/7/1
f 990/7/1 989/7/1 988/7/1
f 991/7/1 989/7/1 990/7/1
f 995/7/1 994/7/1 993/7/1
f 995/7/1 993/7/1 992/7/1
f 996/7/1 994/7/1 995/7/1
f 999/7/1 998/7/1 997/7/1
f 1000/7/1 998/7/1 999/7/1
f 1003/7/1 1002/7/1 1001/7/1
f 1004/7/1 1002/7/1 1003/7/1
f 1007/7/1 1006/7/1 1005/7/1
f 1008/7/1 1006/7/1 1007/7/1
f 1011/7/1 1010/7/1 1009/7/1
f 1012/7/1 1010/7/1 1011/7/1
f 1015/7/1 1014/7/1 1013/7/1
f 1016/7/1 1014/7/1 1015/7/1
f 1019/7/1 1018/7/1 1017/7/1
f 1020/7/1 1018/7/1 1019/7/1
f 1023/7/1 1022/7/1 1021/7/1
f 1024/7/1 1022/7/1 1023/7/1
f 1027/7/1 1026/7/1 1025/7/1
f 1028/7/1 1026/7/1 1027/7/1
f 1031/7/1 1030/7/1 1029/7/1
f 1032/7/1 1030/7/1 1031/7/1
f 1035/7/1 1034/7/1 1033/7/1
f 1036/7/1 1034/7/1 1035/7/1
f 1039/7/1 1038/7/1 1037/7/1
f 1040/7/1 1038/7/1 1039/7/1
f 1043/7/1 1042/7/1 1041/7/1
f 1044/7/1 1042/7/1 1043/7/1
f 1047/7/1 1046/7/1 1045/7/1
f 1048/7/1 1046/7/1 1047/7/1
f 1051/7/1 1050/7/1 1049/7/1
f 1052/7/1 1050/7/1 1051/7/1
f 1055/7/1 1054/7/1 1053/7/1
f 1056/7/1 1054/7/1 1055/7/1
f 1059/7/1 1058/7/1 1057/7/1
f 1060/7/1 1058/7/1 1059/7/1
f 1063/7/1 1062/7/1 1061/7/1
f 1064/7/1 1062/7/1 1063/7/1
f 1067/7/1 1066/7/1 1065/7/1
f 1068/7/1 1066/7/1 1067/7/1
f 1071/7/1 1070/7/1 1069/7/1
f 1072/7/1 1070/7/1 1071/7/1
f 1075/7/1 1074/7/1 1073/7/1
f 1076/7/1 1074/7/1 1075/7/1
f 1079/7/1 1078/7/1 1077/7/1
f 1080/7/1 1078/7/1 1079/7/1
f 1083/7/1 1082/7/1 1081/7/1
f 1084/7/1 1082/7/1 1083/7/1
f 1087/7/1 1086/7/1 1085/7/1
f 1088/7/1 1086/7/1 1087/7/1
f 1091/7/1 1090/7/1 1089/7/1
f 1092/7/1 1090/7/1 1091/7/1
f 1095/7/1 1094/7/1 1093/7/1
f 1096/7/1 1094/7/1 1095/7/1
f 1099/7/1 1098/7/1 1097/7/1
f 1100/7/1 1098/7/1 1099/7/1
f 1103/7/1 1102/7/1 1101/7/1
f 1104/7/1 1102/7/1 1103/7/1
f 1107/7/1 1106/7/1 1105/7/1
f 1108/7/1 1106/7/1 1107/7/1
f 1111/7/1 1110/7/1 1109/7/1
f 1112/7/1 1110/7/1 1111/7/1
f 1115/7/1 1114/7/1 1113/7/1
f 1116/7/1 1114/7/1 1115/7/1
f 1119/7/1 1118/7/1 1117/7/1
f 1120/7/1 1118/7/1 1119/7/1
f 1123/7/1 1122/7/1 1121/7/1
f 1124/7/1 1122/7/1 1123/7/1
f 1127/7/1 1126/7/1 1125/7/1
f 1128/7/1 1126/7/1 1127/7/1
f 1131/7/1 1130/7/1 1129/7/1
f 1132/7/1 1130/7/1 1131/7/1
f 1135/7/1 1134/7/1 1133/7/1
f 1136/7/1 1134/7/1 1135/7/1
f 1139/7/1 1138/7/1 1137/7/1
f 1140/7/1 1138/7/1 1139/7/1
f 1143/7/1 1142/7/1 1141/7/1
f 1144/7/1 1142/7/1 1143/7/1
f 1147/7/1 1146/7/1 1145/7/1
f 1148/7/1 1146/7/1 1147/7/1
f 1151/7/1 1150/7/1 1149/7/1
f 1152/7/1 1150/7/1 1151/7/1
f 1155/7/1 1154/7/1 1153/7/1
f 1156/7/1 1154/7/1 1155/7/1
f 1159/7/1 1158/7/1 1157/7/1
f 1160/7/1 1158/7/1 1159/7/1
f 1163/7/1 1162/7/1 1161/7/1
f 1164/7/1 1162/7/1 1163/7/1
f 1167/7/1 1166/7/1 1165/7/1
f 1168/7/1 1166/7/1 1167/7/1
f 1171/7/1 1170/7/1 1169/7/1
f 1172/7/1 1170/7/1 1171/7/1
f 1175/7/1 1174/7/1 1173/7/1
f 1176/7/1 1174/7/1 1175/7/1
f 1179/7/1 1178/7/1 1177/7/1
f 1180/7/1 1178/7/1 1179/7/1
f 1183/7/1 1182/7/1 1181/7/1
f 1184/7/1 1182/7/1 1183/7/1
f 1187/7/1 1186/7/1 1185/7/1
f 1188/7/1 1186/7/1 1187/7/1
f 1191/7/1 1190/7/1 1189/7/1
f 1192/7/1 1190/7/1 1191/7/1
f 1195/7/1 1194/7/1 1193/7/1
f 1196/7/1 1194/7/1 1195/7/1
f 1199/7/1 1198/7/1 1197/7/1
f 1200/7/1 1198/7/1 1199/7/1
f 1203/7/1 1202/7/1 1201/7/1
f 1204/7/1 1202/7/1 1203/7/1
f 1207/7/1 1206/7/1 1205/7/1
f 1208/7/1 1206/7/1 1207/7/1
f 1211/7/1 1210/7/1 1209/7/1
f 1212/7/1 1210/7/1 1211/7/1
f 1215/7/1 1214/7/1 1213/7/1
f 1216/7/1 1214/7/1 1215/7/1
f 1219/7/1 1218/7/1 1217/7/1
f 1220/7/1 1218/7/1 1219/7/1
f 1223/7/1 1222/7/1 1221/7/1
f 1224/7/1 1222/7/1 1223/7/1
f 1227/7/1 1226/7/1 1225/7/1
f 1228/7/1 1226/7/1 1227/7/1
f 1231/7/1 1230/7/1 1229/7/1
f 1232/7/1 1230/7/1 1231/7/1
f 1235/7/1 1234/7/1 1233/7/1
f 1236/7/1 1234/7/1 1235/7/1
f 1239/7/1 1238/7/1 1237/7/1
f 1240/7/1 1238/7/1 1239/7/1
f 1243/7/1 1242/7/1 1241/7/1
f 1244/7/1 1242/7/1 1243/7/1
f 1247/7/1 1246/7/1 1245/7/1
f 1248/7/1 1246/7/1 1247/7/1
f 1251/7/1 1250/7/1 1249/7/1
f 1252/7/1 1250/7/1 1251/7/1
f 1255/7/1 1254/7/1 1253/7/1
f 1256/7/1 1254/7/1 1255/7/1
f 1259/7/1 1258/7/1 1257/7/1
f 1260/7/1 1258/7/1 1259/7/1
f 1263/7/1 1262/7/1 1261/7/1
f 1264/7/1 1262/7/1 1263/7/1
f 1267/7/1 1266/7/1 1265/7/1
f 1268/7/1 1266/7/1 1267/7/1
f 1271/7/1 1270/7/1 1269/7/1
f 1272/7/1 1270/7/1 1271/7/1
f 1275/7/1 1274/7/1 1273/7/1
f 1276/7/1 1274/7/1 1275/7/1
f 1279/7/1 1278/7/1 1277/7/1
f 1280/7/1 1278/7/1 1279/7/1
f 1283/7/1 1282/7/1 1281/7/1
f 1284/7/1 1282/7/1 1283/7/1
f 1287/7/1 1286/7/1 1285/7/1
f 1288/7/1 1286/7/1 1287/7/1
f 1291/7/1 1290/7/1 1289/7/1
f 1292/7/1 1290/7/1 1291/7/1
f 1295/7/1 1294/7/1 1293/7/1
f 1296/7/1 1294/7/1 1295/7/1
f 1299/7/1 1298/7/1 1297/7/1
f 1300/7/1 1298/7/1 1299/7/1
f 1303/7/1 1302/7/1 1301/7/1
f 1304/7/1 1302/7/1 1303/7/1
f 1307/7/1 1306/7/1 1305/7/1
f 1308/7/1 1306/7/1 1307/7/1
f 1311/7/1 1310/7/1 1309/7/1
f 1312/7/1 1310/7/1 1311/7/1
f 1315/7/1 1314/7/1 1313/7/1
f 1316/7/1 1314/7/1 1315/7/1
f 1319/5/1 1318/5/1 1317/5/1
f 1320/5/1 1318/5/1 1319/5/1
f 1323/7/1 1322/7/1 1321/7/1
f 1324/7/1 1322/7/1 1323/7/1
f 1327/7/1 1326/7/1 1325/7/1
f 1328/7/1 1326/7/1 1327/7/1
f 1331/7/1 1330/7/1 1329/7/1
f 1332/7/1 1330/7/1 1331/7/1
f 1335/7/1 1334/7/1 1333/7/1
f 1336/7/1 1334/7/1 1335/7/1
f 1339/7/1 1338/7/1 1337/7/1
f 1340/7/1 1338/7/1 1339/7/1
f 1343/7/1 1342/7/1 1341/7/1
f 1344/7/1 1342/7/1 1343/7/1
f 1347/7/1 1346/7/1 1345/7/1
f 1348/7/1 1346/7/1 1347/7/1
f 1351/7/1 1350/7/1 1349/7/1
f 1352/7/1 1350/7/1 1351/7/1
f 1355/7/1 1354/7/1 1353/7/1
f 1356/7/1 1354/7/1 1355/7/1
f 1359/7/1 1358/7/1 1357/7/1
f 1360/7/1 1358/7/1 1359/7/1
f 1363/7/1 1362/7/1 1361/7/1
f 1364/7/1 1362/7/1 1363/7/1
f 1367/7/1 1366/7/1 1365/7/1
f 1368/7/1 1366/7/1 1367/7/1
f 1371/7/1 1370/7/1 1369/7/1
f 1372/7/1 1370/7/1 1371/7/1
f 1375/7/1 1374/7/1 1373/7/1
f 1376/7/1 1374/7/1 1375/7/1
f 1379/7/1 1378/7/1 1377/7/1
f 1380/7/1 1378/7/1 1379/7/1
f 1383/7/1 1382/7/1 1381/7/1
f 1384/7/1 1382/7/1 1383/7/1
f 1387/7/1 1386/7/1 1385/7/1
f 1388/7/1 1386/7/1 1387/7/1
f 1391/7/1 1390/7/1 1389/7/1
f 1392/7/1 1390/7/1 1391/7/1
f 1395/7/1 1394/7/1 1393/7/1
f 1396/7/1 1394/7/1 1395/7/1
f 1399/7/1 1398/7/1 1397/7/1
f 1400/7/1 1398/7/1 1399/7/1
f 1403/7/1 1402/7/1 1401/7/1
f 1404/7/1 1402/7/1 1403/7/1
f 1407/7/1 1406/7/1 1405/7/1
f 1408/7/1 1406/7/1 1407/7/1
f 1411/7/1 1410/7/1 1409/7/1
f 1412/7/1 1410/7/1 1411/7/1
f 1415/7/1 1414/7/1 1413/7/1
f 1416/7/1 1414/7/1 1415/7/1
f 1419/7/1 1418/7/1 1417/7/1
f 1420/7/1 1418/7/1 1419/7/1
f 1423/4/1 1422/4/1 1421/4/1
f 1424/4/1 1422/4/1 1423/4/1
f 1427/7/1 1426/7/1 1425/7/1
f 1428/7/1 1426/7/1 1427/7/1
f 1432/7/1 1430/7/1 1429/7/1
f 1433/4/1 1431/4/1 1430/4/1
f 1433/7/1 1430/7/1 1432/7/1
f 1434/4/1 1431/4/1 1433/4/1
f 1437/7/1 1436/7/1 1435/7/1
f 1438/7/1 1436/7/1 1437/7/1
f 1441/7/1 1440/7/1 1439/7/1
f 1442/7/1 1440/7/1 1441/7/1
f 1445/7/1 1444/7/1 1443/7/1
f 1446/7/1 1444/7/1 1445/7/1
f 1449/7/1 1448/7/1 1447/7/1
f 1450/7/1 1448/7/1 1449/7/1
f 1453/7/1 1452/7/1 1451/7/1
f 1454/7/1 1452/7/1 1453/7/1
f 1457/7/1 1456/7/1 1455/7/1
f 1458/7/1 1456/7/1 1457/7/1
f 1461/7/1 1460/7/1 1459/7/1
f 1462/7/1 1460/7/1 1461/7/1
f 1465/7/1 1464/7/1 1463/7/1
f 1466/7/1 1464/7/1 1465/7/1
f 1469/7/1 1468/7/1 1467/7/1
f 1470/7/1 1468/7/1 1469/7/1
f 1473/7/1 1472/7/1 1471/7/1
f 1474/7/1 1472/7/1 1473/7/1
f 1477/7/1 1476/7/1 1475/7/1
f 1478/7/1 1476/7/1 1477/7/1
f 1481/7/1 1480/7/1 1479/7/1
f 1482/7/1 1480/7/1 1481/7/1
f 1485/7/1 1484/7/1 1483/7/1
f 1486/7/1 1484/7/1 1485/7/1
f 1489/7/1 1488/7/1 1487/7/1
f 1490/7/1 1488/7/1 1489/7/1
f 1493/7/1 1492/7/1 1491/7/1
f 1494/7/1 1492/7/1 1493/7/1
f 1497/7/1 1496/7/1 1495/7/1
f 1498/7/1 1496/7/1 1497/7/1
f 1501/7/1 1500/7/1 1499/7/1
f 1502/7/1 1500/7/1 1501/7/1
f 1505/7/1 1504/7/1 1503/7/1
f 1506/7/1 1504/7/1 1505/7/1
f 1509/7/1 1508/7/1 1507/7/1
f 1510/7/1 1508/7/1 1509/7/1
f 1513/7/1 1512/7/1 1511/7/1
f 1514/7/1 1512/7/1 1513/7/1
f 1517/7/1 1516/7/1 1515/7/1
f 1518/7/1 1516/7/1 1517/7/1
f 1521/7/1 1520/7/1 1519/7/1
f 1522/7/1 1520/7/1 1521/7/1
f 1525/7/1 1524/7/1 1523/7/1
f 1526/7/1 1524/7/1 1525/7/1
f 1529/7/1 1528/7/1 1527/7/1
f 1530/7/1 1528/7/1 1529/7/1
f 1533/7/1 1532/7/1 1531/7/1
f 1534/7/1 1532/7/1 1533/7/1
f 1537/7/1 1536/7/1 1535/7/1
f 1538/7/1 1536/7/1 1537/7/1
f 1541/7/1 1540/7/1 1539/7/1
f 1542/7/1 1540/7/1 1541/7/1
f 1545/7/1 1544/7/1 1543/7/1
f 1546/7/1 1544/7/1 1545/7/1
f 1549/7/1 1548/7/1 1547/7/1
f 1550/7/1 1548/7/1 1549/7/1
f 1553/7/1 1552/7/1 1551/7/1
f 1554/7/1 1552/7/1 1553/7/1
f 1557/7/1 1556/7/1 1555/7/1
f 1558/7/1 1556/7/1 1557/7/1
f 1561/7/1 1560/7/1 1559/7/1
f 1562/7/1 1560/7/1 1561/7/1
f 1565/7/1 1564/7/1 1563/7/1
f 1566/7/1 1564/7/1 1565/7/1
f 1569/7/1 1568/7/1 1567/7/1
f 1570/7/1 1568/7/1 1569/7/1
f 1573/7/1 1572/7/1 1571/7/1
f 1574/7/1 1572/7/1 1573/7/1
f 1577/7/1 1576/7/1 1575/7/1
f 1578/7/1 1576/7/1 1577/7/1
f 1581/7/1 1580/7/1 1579/7/1
f 1582/7/1 1580/7/1 1581/7/1
f 1585/7/1 1584/7/1 1583/7/1
f 1586/7/1 1584/7/1 1585/7/1
f 1589/7/1 1588/7/1 1587/7/1
f 1590/7/1 1588/7/1 1589/7/1
f 1593/7/1 1592/7/1 1591/7/1
f 1594/7/1 1592/7/1 1593/7/1
f 1597/7/1 1596/7/1 1595/7/1
f 1598/7/1 1596/7/1 1597/7/1
f 1601/7/1 1600/7/1 1599/7/1
f 1602/7/1 1600/7/1 1601/7/1
f 1605/7/1 1604/7/1 1603/7/1
f 1606/7/1 1604/7/1 1605/7/1
f 1609/7/1 1608/7/1 1607/7/1
f 1610/7/1 1608/7/1 1609/7/1
f 1613/7/1 1612/7/1 1611/7/1
f 1614/7/1 1612/7/1 1613/7/1
f 1617/7/1 1616/7/1 1615/7/1
f 1618/7/1 1616/7/1 1617/7/1
f 1621/7/1 1620/7/1 1619/7/1
f 1622/7/1 1620/7/1 1621/7/1
f 1625/7/1 1624/7/1 1623/7/1
f 1626/7/1 1624/7/1 1625/7/1
f 1629/7/1 1628/7/1 1627/7/1
f 1630/7/1 1628/7/1 1629/7/1
f 1633/7/1 1632/7/1 1631/7/1
f 1634/7/1 1632/7/1 1633/7/1
f 1637/7/1 1636/7/1 1635/7/1
f 1638/7/1 1636/7/1 1637/7/1
f 1641/7/1 1640/7/1 1639/7/1
f 1642/7/1 1640/7/1 1641/7/1
f 1645/7/1 1644/7/1 1643/7/1
f 1646/7/1 1644/7/1 1645/7/1
f 1649/7/1 1648/7/1 1647/7/1
f 1650/7/1 1648/7/1 1649/7/1
f 1653/7/1 1652/7/1 1651/7/1
f 1654/7/1 1652/7/1 1653/7/1
f 1657/7/1 1656/7/1 1655/7/1
f 1658/7/1 1656/7/1 1657/7/1
f 1661/7/1 1660/7/1 1659/7/1
f 1662/7/1 1660/7/1 1661/7/1
f 1665/7/1 1664/7/1 1663/7/1
f 1666/7/1 1664/7/1 1665/7/1
f 1669/7/1 1668/7/1 1667/7/1
f 1670/7/1 1668/7/1 1669/7/1
f 1673/7/1 1672/7/1 1671/7/1
f 1674/7/1 1672/7/1 1673/7/1
f 1677/7/1 1676/7/1 1675/7/1
f 1678/7/1 1676/7/1 1677/7/1
f 1681/7/1 1680/7/1 1679/7/1
f 1682/7/1 1680/7/1 1681/7/1
f 1685/7/1 1684/7/1 1683/7/1
f 1686/7/1 1684/7/1 1685/7/1
f 1689/7/1 1688/7/1 1687/7/1
f 1690/7/1 1688/7/1 1689/7/1
f 1693/7/1 1692/7/1 1691/7/1
f 1694/7/1 1692/7/1 1693/7/1
f 1697/7/1 1696/7/1 1695/7/1
f 1698/7/1 1696/7/1 1697/7/1
f 1701/4/1 1700/4/1 1699/4/1
f 1702/4/1 1700/4/1 1701/4/1
f 1705/7/1 1704/7/1 1703/7/1
f 1706/7/1 1704/7/1 1705/7/1
f 1709/7/1 1708/7/1 1707/7/1
f 1710/7/1 1708/7/1 1709/7/1
f 1713/7/1 1712/7/1 1711/7/1
f 1714/7/1 1712/7/1 1713/7/1
f 1717/7/1 1716/7/1 1715/7/1
f 1718/7/1 1716/7/1 1717/7/1
f 1721/7/1 1720/7/1 1719/7/1
f 1722/7/1 1720/7/1 1721/7/1
f 1725/7/1 1724/7/1 1723/7/1
f 1726/7/1 1724/7/1 1725/7/1
f 1729/7/1 1728/7/1 1727/7/1
f 1730/7/1 1728/7/1 1729/7/1
f 1733/7/1 1732/7/1 1731/7/1
f 1734/7/1 1732/7/1 1733/7/1
f 1737/7/1 1736/7/1 1735/7/1
f 1738/7/1 1736/7/1 1737/7/1
f 1741/7/1 1740/7/1 1739/7/1
f 1742/7/1 1740/7/1 1741/7/1
f 1745/7/1 1744/7/1 1743/7/1
f 1746/7/1 1744/7/1 1745/7/1
f 1749/7/1 1748/7/1 1747/7/1
f 1750/7/1 1748/7/1 1749/7/1
f 1753/7/1 1752/7/1 1751/7/1
f 1754/7/1 1752/7/1 1753/7/1
f 1757/7/1 1756/7/1 1755/7/1
f 1758/7/1 1756/7/1 1757/7/1
f 1761/7/1 1760/7/1 1759/7/1
f 1762/7/1 1760/7/1 1761/7/1
f 1765/7/1 1764/7/1 1763/7/1
f 1766/7/1 1764/7/1 1765/7/1
f 1769/7/1 1768/7/1 1767/7/1
f 1770/7/1 1768/7/1 1769/7/1
f 1773/7/1 1772/7/1 1771/7/1
f 1774/7/1 1772/7/1 1773/7/1
f 1777/7/1 1776/7/1 1775/7/1
f 1778/7/1 1776/7/1 1777/7/1
f 1781/7/1 1780/7/1 1779/7/1
f 1782/7/1 1780/7/1 1781/7/1
f 1785/7/1 1784/7/1 1783/7/1
f 1786/7/1 1784/7/1 1785/7/1
f 1789/7/1 1788/7/1 1787/7/1
f 1790/7/1 1788/7/1 1789/7/1
f 1793/7/1 1792/7/1 1791/7/1
f 1794/7/1 1792/7/1 1793/7/1
f 1797/7/1 1796/7/1 1795/7/1
f 1798/7/1 1796/7/1 1797/7/1
f 1801/7/1 1800/7/1 1799/7/1
f 1802/7/1 1800/7/1 1801/7/1
f 1805/7/1 1804/7/1 1803/7/1
f 1806/7/1 1804/7/1 1805/7/1
f 1809/7/1 1808/7/1 1807/7/1
f 1810/7/1 1808/7/1 1809/7/1
f 1813/7/1 1812/7/1 1811/7/1
f 1814/7/1 1812/7/1 1813/7/1
f 1817/7/1 1816/7/1 1815/7/1
f 1818/7/1 1816/7/1 1817/7/1
f 1819/7/2 1820/7/2 1821/7/2
f 1821/7/2 1820/7/2 1822/7/2
f 1823/7/2 1824/7/2 1825/7/2
f 1825/7/2 1824/7/2 1826/7/2
f 1827/7/2 1828/7/2 1829/7/2
f 1829/7/2 1828/7/2 1830/7/2
f 1831/7/2 1832/7/2 1833/7/2
f 1833/7/2 1832/7/2 1834/7/2
f 1835/7/2 1836/7/2 1837/7/2
f 1837/7/2 1836/7/2 1838/7/2
f 1839/7/2 1840/7/2 1841/7/2
f 1841/7/2 1840/7/2 1842/7/2
f 1843/7/2 1844/7/2 1845/7/2
f 1845/7/2 1844/7/2 1846/7/2
f 1847/7/2 1848/7/2 1849/7/2
f 1849/7/2 1848/7/2 1850/7/2
f 1851/7/2 1852/7/2 1853/7/2
f 1853/7/2 1852/7/2 1854/7/2
f 1855/7/2 1856/7/2 1857/7/2
f 1857/7/2 1856/7/2 1858/7/2
f 1859/7/2 1860/7/2 1861/7/2
f 1861/7/2 1860/7/2 1862/7/2
f 1863/7/2 1864/7/2 1865/7/2
f 1865/7/2 1864/7/2 1866/7/2
f 1867/7/2 1868/7/2 1869/7/2
f 1869/7/2 1868/7/2 1870/7/2
f 1871/7/2 1872/7/2 1873/7/2
f 1873/7/2 1872/7/2 1874/7/2
f 1875/7/2 1876/7/2 1877/7/2
f 1877/7/2 1876/7/2 1878/7/2
f 1879/3/2 1880/3/2 1881/3/2
f 1881/3/2 1880/3/2 1882/3/2
f 1883/7/2 1884/7/2 1885/7/2
f 1885/7/2 1884/7/2 1886/7/2
f 1887/7/2 1888/7/2 1889/7/2
f 1889/7/2 1888/7/2 1890/7/2
f 1891/7/2 1892/7/2 1893/7/2
f 1893/7/2 1892/7/2 1894/7/2
f 1895/7/2 1896/7/2 1899/7/2
f 1896/6/2 1897/6/2 1900/6/2
f 1899/7/2 1896/7/2 1900/7/2
f 1897/7/2 1898/7/2 1901/7/2
f 1900/6/2 1897/6/2 1901/6/2
f 1901/7/2 1898/7/2 1902/7/2
f 1903/7/2 1904/7/2 1905/7/2
f 1905/7/2 1904/7/2 1906/7/2
f 1907/7/2 1908/7/2 1909/7/2
f 1909/7/2 1908/7/2 1910/7/2
f 1911/7/2 1912/7/2 1913/7/2
f 1913/7/2 1912/7/2 1914/7/2
f 1915/7/2 1916/7/2 1917/7/2
f 1917/7/2 1916/7/2 1918/7/2
f 1919/7/2 1920/7/2 1921/7/2
f 1921/7/2 1920/7/2 1922/7/2
f 1923/7/2 1924/7/2 1925/7/2
f 1925/7/2 1924/7/2 1926/7/2
f 1927/7/2 1928/7/2 1929/7/2
f 1929/7/2 1928/7/2 1930/7/2
f 1931/7/2 1932/7/2 1933/7/2
f 1933/7/2 1932/7/2 1934/7/2
f 1935/7/2 1936/7/2 1937/7/2
f 1937/7/2 1936/7/2 1938/7/2
f 1939/7/2 1940/7/2 1941/7/2
f 1941/7/2 1940/7/2 1942/7/2
f 1943/7/2 1944/7/2 1945/7/2
f 1945/7/2 1944/7/2 1946/7/2
f 1947/7/2 1948/7/2 1949/7/2
f 1949/7/2 1948/7/2 1950/7/2
f 1951/7/2 1952/7/2 1953/7/2
f 1953/7/2 1952/7/2 1954/7/2
f 1955/7/2 1956/7/2 1957/7/2
f 1957/7/2 1956/7/2 1958/7/2
f 1959/7/2 1960/7/2 1962/7/2
f 1960/4/2 1961/4/2 1963/4/2
f 1962/7/2 1960/7/2 1963/7/2
f 1963/4/2 1961/4/2 1964/4/2
f 1965/7/2 1966/7/2 1967/7/2
f 1967/7/2 1966/7/2 1968/7/2
f 1969/7/2 1970/7/2 1971/7/2
f 1971/7/2 1970/7/2 1972/7/2
f 1973/7/2 1974/7/2 1975/7/2
f 1975/7/2 1974/7/2 1976/7/2
f 1977/7/2 1978/7/2 1979/7/2
f 1979/7/2 1978/7/2 1980/7/2
f 1981/7/2 1982/7/2 1983/7/2
f 1983/7/2 1982/7/2 1984/7/2
f 1985/7/2 1986/7/2 1987/7/2
f 1987/7/2 1986/7/2 1988/7/2
f 1989/7/2 1990/7/2 1991/7/2
f 1991/7/2 1990/7/2 1992/7/2
f 1993/7/2 1994/7/2 1995/7/2
f 1995/7/2 1994/7/2 1996/7/2
f 1997/7/2 1998/7/2 1999/7/2
f 1999/7/2 1998/7/2 2000/7/2
f 2001/7/2 2002/7/2 2003/7/2
f 2003/7/2 2002/7/2 2004/7/2
f 2005/7/2 2006/7/2 2007/7/2
f 2007/7/2 2006/7/2 2008/7/2
f 2009/7/2 2010/7/2 2011/7/2
f 2011/7/2 2010/7/2 2012/7/2
f 2013/7/2 2014/7/2 2015/7/2
f 2015/7/2 2014/7/2 2016/7/2
f 2017/7/2 2018/7/2 2024/7/2
f 2024/7/2 2018/7/2 2025/7/2
f 2020/7/2 2021/7/2 2026/7/2
f 2019/7/2 2020/7/2 2026/7/2
f 2026/7/2 2021/7/2 2027/7/2
f 2022/7/2 2023/7/2 2028/7/2
f 2028/7/2 2023/7/2 2029/7/2
f 2030/7/2 2031/7/2 2034/7/2
f 2034/7/2 2031/7/2 2035/7/2
f 2032/7/2 2033/7/2 2036/7/2
f 2036/7/2 2033/7/2 2037/7/2
f 2038/7/2 2039/7/2 2051/7/2
f 2051/7/2 2039/7/2 2052/7/2
f 2040/7/2 2041/7/2 2053/7/2
f 2041/6/2 2042/6/2 2054/6/2
f 2053/7/2 2041/7/2 2054/7/2
f 2042/7/2 2043/7/2 2055/7/2
f 2054/6/2 2042/6/2 2055/6/2
f 2043/4/2 2044/4/2 2056/4/2
f 2055/7/2 2043/7/2 2056/7/2
f 2044/7/2 2045/7/2 2057/7/2
f 2056/4/2 2044/4/2 2057/4/2
f 2057/7/2 2045/7/2 2058/7/2
f 2046/7/2 2047/7/2 2059/7/2
f 2059/7/2 2047/7/2 2060/7/2
f 2049/7/2 2050/7/2 2061/7/2
f 2048/7/2 2049/7/2 2061/7/2
f 2061/7/2 2050/7/2 2062/7/2
f 2063/7/2 2064/7/2 2067/7/2
f 2067/7/2 2064/7/2 2068/7/2
f 2065/7/2 2066/7/2 2069/7/2
f 2069/7/2 2066/7/2 2070/7/2
f 2071/5/2 2072/5/2 2078/5/2
f 2072/7/2 2073/7/2 2079/7/2
f 2078/5/2 2072/5/2 2079/5/2
f 2079/7/2 2073/7/2 2080/7/2
f 2074/7/2 2075/7/2 2081/7/2
f 2081/7/2 2075/7/2 2082/7/2
f 2076/7/2 2077/7/2 2083/7/2
f 2083/7/2 2077/7/2 2084/7/2
f 2085/7/2 2086/7/2 2087/7/2
f 2087/7/2 2086/7/2 2088/7/2
f 2089/7/2 2090/7/2 2095/7/2
f 2090/1/2 2091/1/2 2096/1/2
f 2095/7/2 2090/7/2 2096/7/2
f 2091/7/2 2092/7/2 2097/7/2
f 2096/1/2 2091/1/2 2097/1/2
f 2097/7/2 2092/7/2 2098/7/2
f 2093/7/2 2094/7/2 2099/7/2
f 2099/7/2 2094/7/2 2100/7/2
f 2101/7/2 2102/7/2 2103/7/2
f 2103/7/2 2102/7/2 2104/7/2
f 2105/7/2 2106/7/2 2107/7/2
f 2107/7/2 2106/7/2 2108/7/2
f 2109/7/2 2110/7/2 2111/7/2
f 2111/7/2 2110/7/2 2112/7/2
f 2113/7/2 2114/7/2 2115/7/2
f 2115/7/2 2114/7/2 2116/7/2
f 2117/7/2 2118/7/2 2119/7/2
f 2119/7/2 2118/7/2 2120/7/2
f 2121/7/2 2122/7/2 2123/7/2
f 2123/7/2 2122/7/2 2124/7/2
f 2125/7/2 2126/7/2 2131/7/2
f 2126/1/2 2127/1/2 2132/1/2
f 2131/7/2 2126/7/2 2132/7/2
f 2127/7/2 2128/7/2 2133/7/2
f 2132/1/2 2127/1/2 2133/1/2
f 2133/7/2 2128/7/2 2134/7/2
f 2129/7/2 2130/7/2 2135/7/2
f 2135/7/2 2130/7/2 2136/7/2
f 2137/7/2 2138/7/2 2141/7/2
f 2141/7/2 2138/7/2 2142/7/2
f 2142/7/2 2138/7/2 2143/7/2
f 2139/7/2 2140/7/2 2144/7/2
f 2144/7/2 2140/7/2 2145/7/2
f 2146/7/2 2147/7/2 2152/7/2
f 2152/7/2 2147/7/2 2153/7/2
f 2148/7/2 2149/7/2 2154/7/2
f 2154/7/2 2149/7/2 2155/7/2
f 2150/7/2 2151/7/2 2156/7/2
f 2156/7/2 2151/7/2 2157/7/2
f 2158/7/2 2159/7/2 2162/7/2
f 2162/7/2 2159/7/2 2163/7/2
f 2160/7/2 2161/7/2 2170/7/2
f 2170/7/2 2161/7/2 2171/7/2
f 2164/7/2 2165/7/2 2172/7/2
f 2172/7/2 2165/7/2 2173/7/2
f 2166/7/2 2167/7/2 2174/7/2
f 2174/7/2 2167/7/2 2175/7/2
f 2168/7/2 2169/7/2 2176/7/2
f 2176/7/2 2169/7/2 2177/7/2
f 2178/7/2 2179/7/2 2180/7/2
f 2180/7/2 2179/7/2 2181/7/2
f 2182/7/2 2183/7/2 2188/7/2
f 2188/7/2 2183/7/2 2189/7/2
f 2184/7/2 2185/7/2 2190/7/2
f 2190/7/2 2185/7/2 2191/7/2
f 2186/7/2 2187/7/2 2192/7/2
f 2192/7/2 2187/7/2 2193/7/2
f 2194/7/2 2195/7/2 2196/7/2
f 2196/7/2 2195/7/2 2197/7/2
f 2198/7/2 2199/7/2 2204/7/2
f 2199/5/2 2200/5/2 2205/5/2
f 2204/7/2 2199/7/2 2205/7/2
f 2200/7/2 2201/7/2 2206/7/2
f 2205/5/2 2200/5/2 2206/5/2
f 2206/7/2 2201/7/2 2207/7/2
f 2202/7/2 2203/7/2 2208/7/2
f 2208/7/2 2203/7/2 2209/7/2
f 2210/7/2 2211/7/2 2212/7/2
f 2212/7/2 2211/7/2 2213/7/2
f 2214/7/2 2215/7/2 2216/7/2
f 2216/7/2 2215/7/2 2217/7/2
f 2218/7/2 2219/7/2 2220/7/2
f 2220/7/2 2219/7/2 2221/7/2
f 2222/7/2 2223/7/2 2224/7/2
f 2224/7/2 2223/7/2 2225/7/2
f 2226/7/2 2227/7/2 2230/7/2
f 2230/7/2 2227/7/2 2231/7/2
f 2228/7/2 2229/7/2 2232/7/2
f 2232/7/2 2229/7/2 2233/7/2
f 2234/7/2 2235/7/2 2236/7/2
f 2236/7/2 2235/7/2 2237/7/2
f 2238/7/2 2239/7/2 2244/7/2
f 2239/2/2 2240/2/2 2245/2/2
f 2244/7/2 2239/7/2 2245/7/2
f 2240/7/2 2241/7/2 2246/7/2
f 2245/2/2 2240/2/2 2246/2/2
f 2246/7/2 2241/7/2 2247/7/2
f 2242/7/2 2243/7/2 2248/7/2
f 2248/7/2 2243/7/2 2249/7/2
f 2250/7/2 2251/7/2 2252/7/2
f 2252/7/2 2251/7/2 2253/7/2
f 2254/7/2 2255/7/2 2256/7/2
f 2256/7/2 2255/7/2 2257/7/2
f 2258/7/2 2259/7/2 2260/7/2
f 2260/7/2 2259/7/2 2261/7/2
f 2262/7/2 2263/7/2 2264/7/2
f 2264/7/2 2263/7/2 2265/7/2
f 2266/7/2 2267/7/2 2268/7/2
f 2268/7/2 2267/7/2 2269/7/2
f 2270/7/2 2271/7/2 2274/7/2
f 2274/7/2 2271/7/2 2275/7/2
f 2272/7/2 2273/7/2 2276/7/2
f 2276/7/2 2273/7/2 2277/7/2
f 2278/7/2 2279/7/2 2280/7/2
f 2280/7/2 2279/7/2 2281/7/2
f 2282/7/2 2283/7/2 2288/7/2
f 2288/7/2 2283/7/2 2289/7/2
f 2284/7/2 2285/7/2 2290/7/2
f 2290/7/2 2285/7/2 2291/7/2
f 2286/7/2 2287/7/2 2292/7/2
f 2292/7/2 2287/7/2 2293/7/2
f 2294/7/2 2295/7/2 2300/7/2
f 2300/7/2 2295/7/2 2301/7/2
f 2296/7/2 2297/7/2 2302/7/2
f 2302/7/2 2297/7/2 2303/7/2
f 2298/7/2 2299/7/2 2304/7/2
f 2304/7/2 2299/7/2 2305/7/2
f 2306/7/2 2307/7/2 2310/7/2
f 2310/7/2 2307/7/2 2311/7/2
f 2308/7/2 2309/7/2 2312/7/2
f 2312/7/2 2309/7/2 2313/7/2
f 2314/7/2 2315/7/2 2316/7/2
f 2316/7/2 2315/7/2 2317/7/2
f 2314/7/2 2316/7/2 2320/7/2
f 2320/7/2 2316/7/2 2321/7/2
f 2318/7/2 2319/7/2 2322/7/2
f 2322/7/2 2319/7/2 2323/7/2
f 2324/7/2 2325/7/2 2326/7/2
f 2326/7/2 2325/7/2 2327/7/2
f 2328/7/2 2329/7/2 2330/7/2
f 2330/7/2 2329/7/2 2331/7/2
f 2332/7/2 2333/7/2 2334/7/2
f 2334/7/2 2333/7/2 2335/7/2
f 2336/7/2 2337/7/2 2338/7/2
f 2338/7/2 2337/7/2 2339/7/2
f 2340/7/2 2341/7/2 2342/7/2
f 2342/7/2 2341/7/2 2343/7/2
f 2344/7/2 2345/7/2 2346/7/2
f 2346/7/2 2345/7/2 2347/7/2
f 2348/7/2 2349/7/2 2350/7/2
f 2350/7/2 2349/7/2 2351/7/2
f 2352/7/2 2353/7/2 2354/7/2
f 2354/7/2 2353/7/2 2355/7/2
f 2356/7/2 2357/7/2 2358/7/2
f 2358/7/2 2357/7/2 2359/7/2
f 2360/7/2 2361/7/2 2362/7/2
f 2362/7/2 2361/7/2 2363/7/2
f 2364/7/2 2365/7/2 2366/7/2
f 2366/7/2 2365/7/2 2367/7/2
f 2368/7/2 2369/7/2 2374/7/2
f 2374/7/2 2369/7/2 2375/7/2
f 2370/7/2 2371/7/2 2376/7/2
f 2371/4/2 2372/4/2 2377/4/2
f 2376/7/2 2371/7/2 2377/7/2
f 2372/7/2 2373/7/2 2378/7/2
f 2377/4/2 2372/4/2 2378/4/2
f 2378/7/2 2373/7/2 2379/7/2
f 2380/7/2 2381/7/2 2382/7/2
f 2382/7/2 2381/7/2 2383/7/2
f 2384/7/2 2385/7/2 2392/7/2
f 2385/4/2 2386/4/2 2393/4/2
f 2392/7/2 2385/7/2 2393/7/2
f 2386/7/2 2387/7/2 2394/7/2
f 2393/4/2 2386/4/2 2394/4/2
f 2394/7/2 2387/7/2 2395/7/2
f 2388/7/2 2389/7/2 2396/7/2
f 2389/2/2 2390/2/2 2397/2/2
f 2396/7/2 2389/7/2 2397/7/2
f 2390/7/2 2391/7/2 2398/7/2
f 2397/2/2 2390/2/2 2398/2/2
f 2398/7/2 2391/7/2 2399/7/2
f 2400/7/2 2401/7/2 2402/7/2
f 2402/7/2 2401/7/2 2403/7/2
f 2404/7/2 2405/7/2 2406/7/2
f 2406/7/2 2405/7/2 2407/7/2
f 2408/7/2 2409/7/2 2410/7/2
f 2410/7/2 2409/7/2 2411/7/2
f 2412/7/2 2413/7/2 2414/7/2
f 2414/7/2 2413/7/2 2415/7/2
f 2416/7/2 2417/7/2 2418/7/2
f 2418/7/2 2417/7/2 2419/7/2
f 2420/7/2 2421/7/2 2422/7/2
f 2422/7/2 2421/7/2 2423/7/2
f 2424/7/2 2425/7/2 2428/7/2
f 2428/7/2 2425/7/2 2429/7/2
f 2426/7/2 2427/7/2 2430/7/2
f 2430/7/2 2427/7/2 2431/7/2
f 2432/7/2 2433/7/2 2438/7/2
f 2438/7/2 2433/7/2 2439/7/2
f 2434/7/2 2435/7/2 2440/7/2
f 2440/7/2 2435/7/2 2441/7/2
f 2436/7/2 2437/7/2 2442/7/2
f 2442/7/2 2437/7/2 2443/7/2
f 2444/7/2 2445/7/2 2452/7/2
f 2452/7/2 2445/7/2 2453/7/2
f 2446/7/2 2447/7/2 2454/7/2
f 2454/7/2 2447/7/2 2455/7/2
f 2448/7/2 2449/7/2 2456/7/2
f 2449/3/2 2450/3/2 2457/3/2
f 2456/7/2 2449/7/2 2457/7/2
f 2450/7/2 2451/7/2 2458/7/2
f 2457/3/2 2450/3/2 2458/3/2
f 2458/7/2 2451/7/2 2459/7/2
f 2460/7/2 2461/7/2 2466/7/2
f 2466/7/2 2461/7/2 2467/7/2
f 2462/7/2 2463/7/2 2468/7/2
f 2468/7/2 2463/7/2 2469/7/2
f 2464/7/2 2465/7/2 2470/7/2
f 2470/7/2 2465/7/2 2471/7/2
f 2472/7/2 2473/7/2 2478/7/2
f 2478/7/2 2473/7/2 2479/7/2
f 2474/7/2 2475/7/2 2480/7/2
f 2480/7/2 2475/7/2 2481/7/2
f 2476/7/2 2477/7/2 2482/7/2
f 2482/7/2 2477/7/2 2483/7/2
f 2484/7/2 2485/7/2 2490/7/2
f 2490/7/2 2485/7/2 2491/7/2
f 2486/7/2 2487/7/2 2492/7/2
f 2492/7/2 2487/7/2 2493/7/2
f 2488/7/2 2489/7/2 2494/7/2
f 2494/7/2 2489/7/2 2495/7/2
f 2496/7/2 2497/7/2 2503/7/2
f 2503/7/2 2497/7/2 2504/7/2
f 2498/3/2 2499/3/2 2505/3/2
f 2499/7/2 2500/7/2 2506/7/2
f 2505/3/2 2499/3/2 2506/3/2
f 2506/7/2 2500/7/2 2507/7/2
f 2501/7/2 2502/7/2 2508/7/2
f 2508/7/2 2502/7/2 2509/7/2
f 2510/2/2 2511/2/2 2517/2/2
f 2517/2/2 2511/2/2 2518/2/2
f 2512/7/2 2513/7/2 2519/7/2
f 2513/7/2 2514/7/2 2519/7/2
f 2519/7/2 2514/7/2 2520/7/2
f 2515/7/2 2516/7/2 2521/7/2
f 2521/7/2 2516/7/2 2522/7/2
f 2523/7/2 2524/7/2 2529/7/2
f 2529/7/2 2524/7/2 2530/7/2
f 2525/7/2 2526/7/2 2531/7/2
f 2531/7/2 2526/7/2 2532/7/2
f 2527/7/2 2528/7/2 2533/7/2
f 2533/7/2 2528/7/2 2534/7/2
f 2535/7/2 2536/7/2 2541/7/2
f 2541/7/2 2536/7/2 2542/7/2
f 2537/7/2 2538/7/2 2543/7/2
f 2543/7/2 2538/7/2 2544/7/2
f 2539/7/2 2540/7/2 2545/7/2
f 2545/7/2 2540/7/2 2546/7/2
f 2547/7/2 2548/7/2 2553/7/2
f 2553/7/2 2548/7/2 2554/7/2
f 2549/7/2 2550/7/2 2555/7/2
f 2555/7/2 2550/7/2 2556/7/2
f 2551/7/2 2552/7/2 2557/7/2
f 2557/7/2 2552/7/2 2558/7/2
f 2559/7/2 2560/7/2 2565/7/2
f 2565/7/2 2560/7/2 2566/7/2
f 2561/7/2 2562/7/2 2567/7/2
f 2567/7/2 2562/7/2 2568/7/2
f 2563/7/2 2564/7/2 2569/7/2
f 2569/7/2 2564/7/2 2570/7/2
f 2571/7/2 2572/7/2 2579/7/2
f 2579/7/2 2572/7/2 2580/7/2
f 2573/7/2 2574/7/2 2581/7/2
f 2581/7/2 2574/7/2 2582/7/2
f 2575/7/2 2576/7/2 2583/7/2
f 2583/7/2 2576/7/2 2584/7/2
f 2577/7/2 2578/7/2 2585/7/2
f 2585/7/2 2578/7/2 2586/7/2
f 2587/7/2 2588/7/2 2595/7/2
f 2595/7/2 2588/7/2 2596/7/2
f 2589/7/2 2590/7/2 2597/7/2
f 2597/7/2 2590/7/2 2598/7/2
f 2591/7/2 2592/7/2 2599/7/2
f 2592/4/2 2593/4/2 2600/4/2
f 2599/7/2 2592/7/2 2600/7/2
f 2593/7/2 2594/7/2 2601/7/2
f 2600/4/2 2593/4/2 2601/4/2
f 2601/7/2 2594/7/2 2602/7/2
f 2603/7/2 2604/7/2 2607/7/2
f 2607/7/2 2604/7/2 2608/7/2
f 2605/7/2 2606/7/2 2609/7/2
f 2609/7/2 2606/7/2 2610/7/2
f 2611/7/2 2612/7/2 2615/7/2
f 2615/7/2 2612/7/2 2616/7/2
f 2613/7/2 2614/7/2 2617/7/2
f 2617/7/2 2614/7/2 2618/7/2
f 2619/7/2 2620/7/2 2623/7/2
f 2623/7/2 2620/7/2 2624/7/2
f 2621/7/2 2622/7/2 2625/7/2
f 2625/7/2 2622/7/2 2626/7/2
f 2627/7/2 2628/7/2 2631/7/2
f 2631/7/2 2628/7/2 2632/7/2
f 2629/7/2 2630/7/2 2633/7/2
f 2633/7/2 2630/7/2 2634/7/2
f 2635/7/2 2636/7/2 2639/7/2
f 2639/7/2 2636/7/2 2640/7/2
f 2637/7/2 2638/7/2 2641/7/2
f 2641/7/2 2638/7/2 2642/7/2
f 2643/7/2 2644/7/2 2647/7/2
f 2647/7/2 2644/7/2 2648/7/2
f 2645/7/2 2646/7/2 2649/7/2
f 2649/7/2 2646/7/2 2650/7/2
f 2651/7/2 2652/7/2 2655/7/2
f 2655/7/2 2652/7/2 2656/7/2
f 2653/7/2 2654/7/2 2657/7/2
f 2657/7/2 2654/7/2 2658/7/2
f 2659/7/2 2660/7/2 2661/7/2
f 2661/7/2 2660/7/2 2662/7/2
f 2663/7/2 2664/7/2 2665/7/2
f 2665/7/2 2664/7/2 2666/7/2
f 2666/7/2 2664/7/2 2667/7/2
f 2667/7/2 2664/7/2 2668/7/2
f 2668/7/2 2664/7/2 2669/7/2
f 2669/7/2 2664/7/2 2670/7/2
f 2670/7/2 2664/7/2 2671/7/2
f 2671/7/2 2664/7/2 2672/7/2
f 2672/7/2 2664/7/2 2673/7/2
f 2673/7/2 2664/7/2 2674/7/2
f 2674/7/2 2664/7/2 2675/7/2
f 2675/7/2 2664/7/2 2676/7/2
f 2679/7/3 2678/7/3 2677/7/3
f 2680/7/3 2678/7/3 2679/7/3
f 2682/7/3 2681/7/3 2680/7/3
f 2683/7/3 2681/7/3 2682/7/3
f 2684/7/3 2679/7/3 2677/7/3
f 2686/7/3 2684/7/3 2677/7/3
f 2686/7/3 2685/7/3 2684/7/3
f 2687/7/3 2685/7/3 2686/7/3
f 2688/7/3 2686/7/3 2677/7/3
f 2689/7/3 2686/7/3 2688/7/3
f 2692/7/3 2691/7/3 2690/7/3
f 2693/7/3 2691/7/3 2692/7/3
f 2696/7/3 2695/7/3 2694/7/3
f 2697/7/3 2695/7/3 2696/7/3
f 2700/7/3 2699/7/3 2698/7/3
f 2701/7/3 2699/7/3 2700/7/3
f 2704/7/3 2703/7/3 2702/7/3
f 2705/7/3 2703/7/3 2704/7/3
f 2708/7/3 2707/7/3 2706/7/3
f 2709/7/3 2707/7/3 2708/7/3
f 2712/7/3 2711/7/3 2710/7/3
f 2713/7/3 2711/7/3 2712/7/3
f 2716/7/3 2715/7/3 2714/7/3
f 2717/7/3 2715/7/3 2716/7/3
f 2720/7/3 2719/7/3 2718/7/3
f 2721/7/3 2719/7/3 2720/7/3
f 2724/7/3 2723/7/3 2722/7/3
f 2725/7/3 2723/7/3 2724/7/3
f 2728/7/3 2727/7/3 2726/7/3
f 2729/7/3 2727/7/3 2728/7/3
f 2732/7/3 2731/7/3 2730/7/3
f 2733/7/3 2731/7/3 2732/7/3
f 2736/7/3 2735/7/3 2734/7/3
f 2737/7/3 2735/7/3 2736/7/3
f 2740/7/3 2739/7/3 2738/7/3
f 2741/7/3 2739/7/3 2740/7/3
f 2744/7/3 2743/7/3 2742/7/3
f 2745/7/3 2743/7/3 2744/7/3
f 2748/7/3 2747/7/3 2746/7/3
f 2749/7/3 2747/7/3 2748/7/3
f 2752/7/3 2751/7/3 2750/7/3
f 2753/7/3 2751/7/3 2752/7/3
f 2756/7/3 2755/7/3 2754/7/3
f 2757/7/3 2755/7/3 2756/7/3
f 2760/7/3 2759/7/3 2758/7/3
f 2761/7/3 2759/7/3 2760/7/3
f 2764/7/3 2763/7/3 2762/7/3
f 2765/7/3 2763/7/3 2764/7/3
f 2768/7/3 2767/7/3 2766/7/3
f 2769/7/3 2767/7/3 2768/7/3
f 2772/7/3 2771/7/3 2770/7/3
f 2773/7/3 2771/7/3 2772/7/3
f 2776/7/3 2775/7/3 2774/7/3
f 2777/7/3 2775/7/3 2776/7/3
f 2780/7/3 2779/7/3 2778/7/3
f 2781/7/3 2779/7/3 2780/7/3
f 2784/7/3 2783/7/3 2782/7/3
f 2785/7/3 2783/7/3 2784/7/3
f 2788/7/3 2787/7/3 2786/7/3
f 2789/7/3 2787/7/3 2788/7/3
f 2792/7/3 2791/7/3 2790/7/3
f 2793/7/3 2791/7/3 2792/7/3
f 2796/7/3 2795/7/3 2794/7/3
f 2797/7/3 2795/7/3 2796/7/3
f 2800/7/3 2799/7/3 2798/7/3
f 2801/7/3 2799/7/3 2800/7/3
f 2804/7/3 2803/7/3 2802/7/3
f 2805/7/3 2803/7/3 2804/7/3
f 2808/7/3 2807/7/3 2806/7/3
f 2809/7/3 2807/7/3 2808/7/3
f 2812/7/3 2811/7/3 2810/7/3
f 2813/7/3 2811/7/3 2812/7/3
f 2816/7/3 2815/7/3 2814/7/3
f 2817/7/3 2815/7/3 2816/7/3
f 2820/7/3 2819/7/3 2818/7/3
f 2821/7/3 2819/7/3 2820/7/3
f 2824/7/3 2823/7/3 2822/7/3
f 2825/7/3 2823/7/3 2824/7/3
f 2828/7/3 2827/7/3 2826/7/3
f 2829/7/3 2827/7/3 2828/7/3
f 2832/7/3 2831/7/3 2830/7/3
f 2833/7/3 2831/7/3 2832/7/3
f 2836/7/3 2835/7/3 2834/7/3
f 2837/7/3 2835/7/3 2836/7/3
f 2840/7/3 2839/7/3 2838/7/3
f 2841/7/3 2839/7/3 2840/7/3
f 2844/7/3 2843/7/3 2842/7/3
f 2845/7/3 2843/7/3 2844/7/3
f 2848/7/3 2847/7/3 2846/7/3
f 2849/7/3 2847/7/3 2848/7/3
f 2852/7/3 2851/7/3 2850/7/3
f 2853/7/3 2851/7/3 2852/7/3
f 2856/7/3 2855/7/3 2854/7/3
f 2857/7/3 2855/7/3 2856/7/3
f 2860/7/3 2859/7/3 2858/7/3
f 2861/7/3 2859/7/3 2860/7/3
f 2864/7/3 2863/7/3 2862/7/3
f 2865/7/3 2863/7/3 2864/7/3
f 2868/7/3 2867/7/3 2866/7/3
f 2869/7/3 2867/7/3 2868/7/3
f 2872/7/3 2871/7/3 2870/7/3
f 2873/7/3 2871/7/3 2872/7/3
f 2876/7/3 2875/7/3 2874/7/3
f 2877/7/3 2875/7/3 2876/7/3
f 2880/7/3 2879/7/3 2878/7/3
f 2881/7/3 2879/7/3 2880/7/3
f 2884/7/3 2883/7/3 2882/7/3
f 2885/7/3 2883/7/3 2884/7/3
f 2888/7/3 2887/7/3 2886/7/3
f 2889/7/3 2887/7/3 2888/7/3
f 2892/7/3 2891/7/3 2890/7/3
f 2893/7/3 2891/7/3 2892/7/3
f 2896/7/3 2895/7/3 2894/7/3
f 2897/7/3 2895/7/3 2896/7/3
f 2900/7/3 2899/7/3 2898/7/3
f 2901/7/3 2899/7/3 2900/7/3
f 2904/7/3 2903/7/3 2902/7/3
f 2905/7/3 2903/7/3 2904/7/3
f 2908/7/3 2907/7/3 2906/7/3
f 2909/7/3 2907/7/3 2908/7/3
f 2912/4/3 2911/4/3 2910/4/3
f 2913/4/3 2911/4/3 2912/4/3
f 2914/7/3 2913/7/3 2912/7/3
f 2915/7/3 2913/7/3 2914/7/3
f 2918/7/3 2917/7/3 2916/7/3
f 2919/7/3 2917/7/3 2918/7/3
f 2922/7/3 2921/7/3 2920/7/3
f 2923/7/3 2921/7/3 2922/7/3
f 2926/7/3 2925/7/3 2924/7/3
f 2927/7/3 2925/7/3 2926/7/3
f 2930/7/3 2929/7/3 2928/7/3
f 2931/7/3 2929/7/3 2930/7/3
f 2934/7/3 2933/7/3 2932/7/3
f 2935/7/3 2933/7/3 2934/7/3
f 2938/7/3 2937/7/3 2936/7/3
f 2939/7/3 2937/7/3 2938/7/3
f 2942/7/3 2941/7/3 2940/7/3
f 2943/7/3 2941/7/3 2942/7/3
f 2946/7/3 2945/7/3 2944/7/3
f 2947/7/3 2945/7/3 2946/7/3
f 2950/7/3 2949/7/3 2948/7/3
f 2951/7/3 2949/7/3 2950/7/3
f 2954/7/3 2953/7/3 2952/7/3
f 2955/7/3 2953/7/3 2954/7/3
f 2958/7/3 2957/7/3 2956/7/3
f 2959/7/3 2957/7/3 2958/7/3
f 2962/7/3 2961/7/3 2960/7/3
f 2963/7/3 2961/7/3 2962/7/3
f 2966/7/3 2965/7/3 2964/7/3
f 2967/7/3 2965/7/3 2966/7/3
f 2970/7/3 2969/7/3 2968/7/3
f 2971/7/3 2969/7/3 2970/7/3
f 2974/7/3 2973/7/3 2972/7/3
f 2975/7/3 2973/7/3 2974/7/3
f 2978/7/3 2977/7/3 2976/7/3
f 2979/7/3 2977/7/3 2978/7/3
f 2982/7/3 2981/7/3 2980/7/3
f 2983/7/3 2981/7/3 2982/7/3
f 2986/7/3 2985/7/3 2984/7/3
f 2987/7/3 2985/7/3 2986/7/3
f 2990/7/3 2989/7/3 2988/7/3
f 2991/7/3 2989/7/3 2990/7/3
f 2994/7/3 2993/7/3 2992/7/3
f 2995/7/3 2993/7/3 2994/7/3
f 2998/7/3 2997/7/3 2996/7/3
f 2999/7/3 2997/7/3 2998/7/3
f 3002/7/3 3001/7/3 3000/7/3
f 3003/7/3 3001/7/3 3002/7/3
f 3006/7/3 3005/7/3 3004/7/3
f 3007/7/3 3005/7/3 3006/7/3
f 3010/7/3 3009/7/3 3008/7/3
f 3011/7/3 3009/7/3 3010/7/3
f 3014/7/3 3013/7/3 3012/7/3
f 3015/7/3 3013/7/3 3014/7/3
f 3016/7/3 3013/7/3 3015/7/3
f 3019/7/3 3018/7/3 3017/7/3
f 3020/7/3 3018/7/3 3019/7/3
f 3023/7/3 3022/7/3 3021/7/3
f 3024/7/3 3022/7/3 3023/7/3
f 3027/7/3 3026/7/3 3025/7/3
f 3028/7/3 3026/7/3 3027/7/3
f 3031/7/3 3030/7/3 3029/7/3
f 3032/7/3 3030/7/3 3031/7/3
f 3035/7/3 3034/7/3 3033/7/3
f 3036/7/3 3034/7/3 3035/7/3
f 3039/7/3 3038/7/3 3037/7/3
f 3040/7/3 3038/7/3 3039/7/3
f 3043/7/3 3042/7/3 3041/7/3
f 3044/7/3 3042/7/3 3043/7/3
f 3047/7/3 3046/7/3 3045/7/3
f 3048/7/3 3046/7/3 3047/7/3
f 3051/7/3 3050/7/3 3049/7/3
f 3052/7/3 3050/7/3 3051/7/3
f 3055/7/3 3054/7/3 3053/7/3
f 3056/7/3 3054/7/3 3055/7/3
f 3059/7/3 3058/7/3 3057/7/3
f 3060/7/3 3058/7/3 3059/7/3
f 3063/7/3 3062/7/3 3061/7/3
f 3064/7/3 3062/7/3 3063/7/3
f 3067/7/3 3066/7/3 3065/7/3
f 3068/7/3 3066/7/3 3067/7/3
f 3071/7/3 3070/7/3 3069/7/3
f 3072/7/3 3070/7/3 3071/7/3
f 3075/7/3 3074/7/3 3073/7/3
f 3076/7/3 3074/7/3 3075/7/3
f 3079/7/3 3078/7/3 3077/7/3
f 3080/7/3 3078/7/3 3079/7/3
f 3083/7/3 3082/7/3 3081/7/3
f 3084/7/3 3082/7/3 3083/7/3
f 3087/7/3 3086/7/3 3085/7/3
f 3088/7/3 3086/7/3 3087/7/3
f 3091/7/3 3090/7/3 3089/7/3
f 3092/7/3 3090/7/3 3091/7/3
f 3095/7/3 3094/7/3 3093/7/3
f 3096/7/3 3094/7/3 3095/7/3
f 3099/7/3 3098/7/3 3097/7/3
f 3100/7/3 3098/7/3 3099/7/3
f 3103/7/3 3102/7/3 3101/7/3
f 3104/7/3 3102/7/3 3103/7/3
f 3107/7/3 3106/7/3 3105/7/3
f 3108/7/3 3106/7/3 3107/7/3
f 3111/7/3 3110/7/3 3109/7/3
f 3112/7/3 3110/7/3 3111/7/3
f 3115/7/3 3114/7/3 3113/7/3
f 3116/7/3 3114/7/3 3115/7/3
f 3119/7/3 3118/7/3 3117/7/3
f 3120/7/3 3118/7/3 3119/7/3
f 3123/7/3 3122/7/3 3121/7/3
f 3124/7/3 3122/7/3 3123/7/3
f 3127/7/3 3126/7/3 3125/7/3
f 3128/7/3 3126/7/3 3127/7/3
f 3131/7/3 3130/7/3 3129/7/3
f 3132/7/3 3130/7/3 3131/7/3
f 3135/7/3 3134/7/3 3133/7/3
f 3136/7/3 3134/7/3 3135/7/3
f 3139/7/3 3138/7/3 3137/7/3
f 3140/7/3 3138/7/3 3139/7/3
f 3143/2/3 3142/2/3 3141/2/3
f 3144/2/3 3142/2/3 3143/2/3
f 3147/7/3 3146/7/3 3145/7/3
f 3148/7/3 3146/7/3 3147/7/3
f 3151/7/3 3150/7/3 3149/7/3
f 3152/7/3 3150/7/3 3151/7/3
f 3155/7/3 3154/7/3 3153/7/3
f 3156/7/3 3154/7/3 3155/7/3
f 3159/7/3 3158/7/3 3157/7/3
f 3160/7/3 3158/7/3 3159/7/3
f 3163/7/3 3162/7/3 3161/7/3
f 3164/7/3 3162/7/3 3163/7/3
f 3167/7/3 3166/7/3 3165/7/3
f 3168/7/3 3166/7/3 3167/7/3
f 3171/7/3 3170/7/3 3169/7/3
f 3172/7/3 3170/7/3 3171/7/3
f 3175/7/3 3174/7/3 3173/7/3
f 3176/7/3 3174/7/3 3175/7/3
f 3179/7/3 3178/7/3 3177/7/3
f 3180/7/3 3178/7/3 3179/7/3
f 3183/7/3 3182/7/3 3181/7/3
f 3184/7/3 3182/7/3 3183/7/3
f 3187/7/3 3186/7/3 3185/7/3
f 3188/7/3 3186/7/3 3187/7/3
f 3191/7/3 3190/7/3 3189/7/3
f 3192/7/3 3190/7/3 3191/7/3
f 3195/7/3 3194/7/3 3193/7/3
f 3196/7/3 3194/7/3 3195/7/3
f 3199/7/3 3198/7/3 3197/7/3
f 3200/7/3 3198/7/3 3199/7/3
f 3203/7/3 3202/7/3 3201/7/3
f 3204/7/3 3202/7/3 3203/7/3
f 3207/7/3 3206/7/3 3205/7/3
f 3208/7/3 3206/7/3 3207/7/3
f 3211/7/3 3210/7/3 3209/7/3
f 3212/7/3 3210/7/3 3211/7/3
f 3215/7/3 3214/7/3 3213/7/3
f 3216/7/3 3214/7/3 3215/7/3
f 3219/7/3 3218/7/3 3217/7/3
f 3220/7/3 3218/7/3 3219/7/3
f 3223/7/3 3222/7/3 3221/7/3
f 3224/7/3 3222/7/3 3223/7/3
f 3227/7/3 3226/7/3 3225/7/3
f 3228/7/3 3226/7/3 3227/7/3
f 3231/7/3 3230/7/3 3229/7/3
f 3232/7/3 3230/7/3 3231/7/3
f 3235/7/3 3234/7/3 3233/7/3
f 3236/7/3 3234/7/3 3235/7/3
f 3239/7/3 3238/7/3 3237/7/3
f 3240/7/3 3238/7/3 3239/7/3
f 3243/7/3 3242/7/3 3241/7/3
f 3244/7/3 3242/7/3 3243/7/3
f 3247/7/3 3246/7/3 3245/7/3
f 3248/7/3 3246/7/3 3247/7/3
f 3251/7/3 3250/7/3 3249/7/3
f 3252/7/3 3250/7/3 3251/7/3
f 3255/7/3 3254/7/3 3253/7/3
f 3256/7/3 3254/7/3 3255/7/3
f 3259/7/3 3258/7/3 3257/7/3
f 3260/7/3 3258/7/3 3259/7/3
f 3263/7/3 3262/7/3 3261/7/3
f 3264/7/3 3262/7/3 3263/7/3
f 3267/7/3 3266/7/3 3265/7/3
f 3268/7/3 3266/7/3 3267/7/3
f 3271/7/3 3270/7/3 3269/7/3
f 3272/7/3 3270/7/3 3271/7/3
f 3275/7/3 3274/7/3 3273/7/3
f 3276/7/3 3274/7/3 3275/7/3
f 3279/7/3 3278/7/3 3277/7/3
f 3280/7/3 3278/7/3 3279/7/3
f 3283/7/3 3282/7/3 3281/7/3
f 3284/7/3 3282/7/3 3283/7/3
f 3287/7/3 3286/7/3 3285/7/3
f 3288/7/3 3286/7/3 3287/7/3
f 3291/7/3 3290/7/3 3289/7/3
f 3292/7/3 3290/7/3 3291/7/3
f 3295/7/3 3294/7/3 3293/7/3
f 3296/7/3 3294/7/3 3295/7/3
f 3299/7/3 3298/7/3 3297/7/3
f 3300/7/3 3298/7/3 3299/7/3
f 3303/7/3 3302/7/3 3301/7/3
f 3304/7/3 3302/7/3 3303/7/3
f 3307/7/3 3306/7/3 3305/7/3
f 3308/7/3 3306/7/3 3307/7/3
f 3311/7/3 3310/7/3 3309/7/3
f 3312/7/3 3310/7/3 3311/7/3
f 3315/7/3 3314/7/3 3313/7/3
f 3316/7/3 3314/7/3 3315/7/3
f 3319/7/3 3318/7/3 3317/7/3
f 3320/7/3 3318/7/3 3319/7/3
f 3323/7/3 3322/7/3 3321/7/3
f 3324/7/3 3322/7/3 3323/7/3
f 3327/7/3 3326/7/3 3325/7/3
f 3328/7/3 3326/7/3 3327/7/3
f 3331/7/3 3330/7/3 3329/7/3
f 3332/7/3 3330/7/3 3331/7/3
f 3335/7/3 3334/7/3 3333/7/3
f 3336/7/3 3334/7/3 3335/7/3
f 3339/7/3 3338/7/3 3337/7/3
f 3340/7/3 3338/7/3 3339/7/3
f 3343/7/3 3342/7/3 3341/7/3
f 3344/7/3 3342/7/3 3343/7/3
f 3347/7/3 3346/7/3 3345/7/3
f 3348/7/3 3346/7/3 3347/7/3
f 3351/7/3 3350/7/3 3349/7/3
f 3352/7/3 3350/7/3 3351/7/3
f 3355/7/3 3354/7/3 3353/7/3
f 3356/7/3 3354/7/3 3355/7/3
f 3359/7/3 3358/7/3 3357/7/3
f 3360/7/3 3358/7/3 3359/7/3
f 3363/7/3 3362/7/3 3361/7/3
f 3364/7/3 3362/7/3 3363/7/3
f 3367/7/3 3366/7/3 3365/7/3
f 3368/7/3 3366/7/3 3367/7/3
f 3371/7/3 3370/7/3 3369/7/3
f 3372/7/3 3370/7/3 3371/7/3
f 3375/7/3 3374/7/3 3373/7/3
f 3376/7/3 3374/7/3 3375/7/3
f 3379/7/3 3378/7/3 3377/7/3
f 3380/7/3 3378/7/3 3379/7/3
f 3383/7/3 3382/7/3 3381/7/3
f 3384/7/3 3382/7/3 3383/7/3
f 3387/7/3 3386/7/3 3385/7/3
f 3388/7/3 3386/7/3 3387/7/3
f 3391/7/3 3390/7/3 3389/7/3
f 3392/7/3 3390/7/3 3391/7/3
f 3395/7/3 3394/7/3 3393/7/3
f 3396/7/3 3394/7/3 3395/7/3
f 3399/7/3 3398/7/3 3397/7/3
f 3400/7/3 3398/7/3 3399/7/3
f 3403/7/3 3402/7/3 3401/7/3
f 3404/7/3 3402/7/3 3403/7/3
f 3407/7/3 3406/7/3 3405/7/3
f 3408/7/3 3406/7/3 3407/7/3
f 3411/7/3 3410/7/3 3409/7/3
f 3412/7/3 3410/7/3 3411/7/3
f 3415/7/3 3414/7/3 3413/7/3
f 3416/7/3 3414/7/3 3415/7/3
f 3419/7/3 3418/7/3 3417/7/3
f 3420/7/3 3418/7/3 3419/7/3
f 3423/7/3 3422/7/3 3421/7/3
f 3424/7/3 3422/7/3 3423/7/3
f 3427/7/3 3426/7/3 3425/7/3
f 3428/7/3 3426/7/3 3427/7/3
f 3431/7/3 3430/7/3 3429/7/3
f 3432/7/3 3430/7/3 3431/7/3
f 3435/7/3 3434/7/3 3433/7/3
f 3436/7/3 3434/7/3 3435/7/3
f 3439/7/3 3438/7/3 3437/7/3
f 3440/7/3 3438/7/3 3439/7/3
f 3443/7/3 3442/7/3 3441/7/3
f 3444/7/3 3442/7/3 3443/7/3
f 3447/7/3 3446/7/3 3445/7/3
f 3448/7/3 3446/7/3 3447/7/3
f 3451/7/3 3450/7/3 3449/7/3
f 3452/7/3 3450/7/3 3451/7/3
f 3455/7/3 3454/7/3 3453/7/3
f 3456/7/3 3454/7/3 3455/7/3
f 3459/7/3 3458/7/3 3457/7/3
f 3460/7/3 3458/7/3 3459/7/3
f 3463/7/3 3462/7/3 3461/7/3
f 3464/7/3 3462/7/3 3463/7/3
f 3467/7/3 3466/7/3 3465/7/3
f 3468/7/3 3466/7/3 3467/7/3
f 3471/7/3 3470/7/3 3469/7/3
f 3472/7/3 3470/7/3 3471/7/3
f 3475/7/3 3474/7/3 3473/7/3
f 3476/7/3 3474/7/3 3475/7/3
f 3479/7/3 3478/7/3 3477/7/3
f 3480/7/3 3478/7/3 3479/7/3
f 3483/7/3 3482/7/3 3481/7/3
f 3484/7/3 3482/7/3 3483/7/3
f 3487/7/3 3486/7/3 3485/7/3
f 3488/7/3 3486/7/3 3487/7/3
f 3491/7/3 3490/7/3 3489/7/3
f 3492/7/3 3490/7/3 3491/7/3
f 3495/7/3 3494/7/3 3493/7/3
f 3496/7/3 3494/7/3 3495/7/3
f 3499/7/3 3498/7/3 3497/7/3
f 3500/7/3 3498/7/3 3499/7/3
f 3503/7/3 3502/7/3 3501/7/3
f 3504/7/3 3502/7/3 3503/7/3
f 3507/7/3 3506/7/3 3505/7/3
f 3508/7/3 3506/7/3 3507/7/3
f 3511/7/3 3510/7/3 3509/7/3
f 3512/7/3 3510/7/3 3511/7/3
f 3515/7/3 3514/7/3 3513/7/3
f 3516/7/3 3514/7/3 3515/7/3
f 3519/7/3 3518/7/3 3517/7/3
f 3520/7/3 3518/7/3 3519/7/3
f 3523/7/3 3522/7/3 3521/7/3
f 3524/7/3 3522/7/3 3523/7/3
f 3527/7/3 3526/7/3 3525/7/3
f 3528/7/3 3526/7/3 3527/7/3
f 3531/7/3 3530/7/3 3529/7/3
f 3532/7/3 3530/7/3 3531/7/3
f 3535/7/3 3534/7/3 3533/7/3
f 3536/7/3 3534/7/3 3535/7/3
f 3539/7/3 3538/7/3 3537/7/3
f 3540/7/3 3538/7/3 3539/7/3
f 3543/7/3 3542/7/3 3541/7/3
f 3544/7/3 3542/7/3 3543/7/3
f 3547/7/3 3546/7/3 3545/7/3
f 3548/7/3 3546/7/3 3547/7/3
f 3551/7/3 3550/7/3 3549/7/3
f 3552/7/3 3550/7/3 3551/7/3
f 3555/7/3 3554/7/3 3553/7/3
f 3556/7/3 3554/7/3 3555/7/3
f 3559/7/3 3558/7/3 3557/7/3
f 3560/7/3 3558/7/3 3559/7/3
f 3563/7/3 3562/7/3 3561/7/3
f 3564/7/3 3562/7/3 3563/7/3
f 3567/7/3 3566/7/3 3565/7/3
f 3568/7/3 3566/7/3 3567/7/3
f 3571/7/3 3570/7/3 3569/7/3
f 3572/7/3 3570/7/3 3571/7/3
f 3575/7/3 3574/7/3 3573/7/3
f 3576/7/3 3574/7/3 3575/7/3
f 3579/7/3 3578/7/3 3577/7/3
f 3580/7/3 3578/7/3 3579/7/3
f 3583/7/3 3582/7/3 3581/7/3
f 3584/7/3 3582/7/3 3583/7/3
f 3587/7/3 3586/7/3 3585/7/3
f 3588/7/3 3586/7/3 3587/7/3
f 3591/7/3 3590/7/3 3589/7/3
f 3592/7/3 3590/7/3 3591/7/3
f 3595/7/3 3594/7/3 3593/7/3
f 3596/7/3 3594/7/3 3595/7/3
f 3599/7/3 3598/7/3 3597/7/3
f 3600/7/3 3598/7/3 3599/7/3
f 3603/7/3 3602/7/3 3601/7/3
f 3604/7/3 3602/7/3 3603/7/3
f 3607/7/3 3606/7/3 3605/7/3
f 3608/7/3 3606/7/3 3607/7/3
f 3611/7/3 3610/7/3 3609/7/3
f 3612/7/3 3610/7/3 3611/7/3
f 3615/7/3 3614/7/3 3613/7/3
f 3616/7/3 3614/7/3 3615/7/3
f 3619/7/3 3618/7/3 3617/7/3
f 3620/7/3 3618/7/3 3619/7/3
f 3623/7/3 3622/7/3 3621/7/3
f 3624/7/3 3622/7/3 3623/7/3
f 3627/7/3 3626/7/3 3625/7/3
f 3628/7/3 3626/7/3 3627/7/3
f 3631/7/3 3630/7/3 3629/7/3
f 3632/7/3 3630/7/3 3631/7/3
f 3635/7/3 3634/7/3 3633/7/3
f 3636/7/3 3634/7/3 3635/7/3
f 3639/7/3 3638/7/3 3637/7/3
f 3640/7/3 3638/7/3 3639/7/3
f 3643/7/3 3642/7/3 3641/7/3
f 3644/7/3 3642/7/3 3643/7/3
f 3647/7/3 3646/7/3 3645/7/3
f 3648/7/3 3646/7/3 3647/7/3
f 3651/7/3 3650/7/3 3649/7/3
f 3652/7/3 3650/7/3 3651/7/3
f 3655/7/3 3654/7/3 3653/7/3
f 3656/7/3 3654/7/3 3655/7/3
f 3659/4/3 3658/4/3 3657/4/3
f 3660/4/3 3658/4/3 3659/4/3
f 3663/7/3 3662/7/3 3661/7/3
f 3664/7/3 3662/7/3 3663/7/3
f 3667/7/3 3666/7/3 3665/7/3
f 3668/7/3 3666/7/3 3667/7/3
f 3671/7/3 3670/7/3 3669/7/3
f 3672/7/3 3670/7/3 3671/7/3
f 3675/7/3 3674/7/3 3673/7/3
f 3676/7/3 3674/7/3 3675/7/3
f 3679/7/3 3678/7/3 3677/7/3
f 3680/7/3 3678/7/3 3679/7/3
f 3683/7/3 3682/7/3 3681/7/3
f 3684/7/3 3682/7/3 3683/7/3
f 3687/7/3 3686/7/3 3685/7/3
f 3688/7/3 3686/7/3 3687/7/3
f 3691/7/3 3690/7/3 3689/7/3
f 3692/7/3 3690/7/3 3691/7/3
f 3695/7/3 3694/7/3 3693/7/3
f 3696/7/3 3694/7/3 3695/7/3
f 3699/7/3 3698/7/3 3697/7/3
f 3700/7/3 3698/7/3 3699/7/3
f 3703/7/3 3702/7/3 3701/7/3
f 3704/7/3 3702/7/3 3703/7/3
f 3707/7/3 3706/7/3 3705/7/3
f 3708/7/3 3706/7/3 3707/7/3
f 3711/7/3 3710/7/3 3709/7/3
f 3712/7/3 3710/7/3 3711/7/3
f 3715/7/3 3714/7/3 3713/7/3
f 3716/7/3 3714/7/3 3715/7/3
f 3719/7/3 3718/7/3 3717/7/3
f 3720/7/3 3718/7/3 3719/7/3
f 3723/7/3 3722/7/3 3721/7/3
f 3724/7/3 3722/7/3 3723/7/3
f 3727/7/3 3726/7/3 3725/7/3
f 3728/7/3 3726/7/3 3727/7/3
f 3731/7/3 3730/7/3 3729/7/3
f 3732/7/3 3730/7/3 3731/7/3
f 3735/7/3 3734/7/3 3733/7/3
f 3736/7/3 3734/7/3 3735/7/3
f 3739/7/3 3738/7/3 3737/7/3
f 3740/7/3 3738/7/3 3739/7/3
f 3743/7/3 3742/7/3 3741/7/3
f 3744/7/3 3742/7/3 3743/7/3
f 3747/7/3 3746/7/3 3745/7/3
f 3748/7/3 3746/7/3 3747/7/3
f 3751/7/3 3750/7/3 3749/7/3
f 3752/7/3 3750/7/3 3751/7/3
f 3755/7/3 3754/7/3 3753/7/3
f 3756/7/3 3754/7/3 3755/7/3
f 3759/7/3 3758/7/3 3757/7/3
f 3760/7/3 3758/7/3 3759/7/3
f 3763/7/3 3762/7/3 3761/7/3
f 3764/7/3 3762/7/3 3763/7/3
f 3767/7/3 3766/7/3 3765/7/3
f 3768/7/3 3766/7/3 3767/7/3
f 3771/7/3 3770/7/3 3769/7/3
f 3772/7/3 3770/7/3 3771/7/3
f 3775/7/3 3774/7/3 3773/7/3
f 3776/7/3 3774/7/3 3775/7/3
f 3779/7/3 3778/7/3 3777/7/3
f 3780/7/3 3778/7/3 3779/7/3
f 3783/7/3 3782/7/3 3781/7/3
f 3784/7/3 3782/7/3 3783/7/3
f 3787/7/3 3786/7/3 3785/7/3
f 3788/7/3 3786/7/3 3787/7/3
f 3791/7/3 3790/7/3 3789/7/3
f 3792/7/3 3790/7/3 3791/7/3
f 3795/7/3 3794/7/3 3793/7/3
f 3796/7/3 3794/7/3 3795/7/3
f 3799/7/3 3798/7/3 3797/7/3
f 3800/7/3 3798/7/3 3799/7/3
f 3803/7/3 3802/7/3 3801/7/3
f 3804/7/3 3802/7/3 3803/7/3
f 3807/7/3 3806/7/3 3805/7/3
f 3808/7/3 3806/7/3 3807/7/3
f 3811/7/3 3810/7/3 3809/7/3
f 3812/7/3 3810/7/3 3811/7/3
f 3815/7/3 3814/7/3 3813/7/3
f 3816/7/3 3814/7/3 3815/7/3
f 3819/7/3 3818/7/3 3817/7/3
f 3820/7/3 3818/7/3 3819/7/3
f 3823/7/3 3822/7/3 3821/7/3
f 3824/7/3 3822/7/3 3823/7/3
f 3827/7/3 3826/7/3 3825/7/3
f 3828/7/3 3826/7/3 3827/7/3
f 3831/7/3 3830/7/3 3829/7/3
f 3832/7/3 3830/7/3 3831/7/3
f 3835/7/3 3834/7/3 3833/7/3
f 3836/7/3 3834/7/3 3835/7/3
f 3839/7/3 3838/7/3 3837/7/3
f 3840/7/3 3838/7/3 3839/7/3
f 3843/7/3 3842/7/3 3841/7/3
f 3844/7/3 3842/7/3 3843/7/3
f 3847/7/3 3846/7/3 3845/7/3
f 3848/7/3 3846/7/3 3847/7/3
f 3851/7/3 3850/7/3 3849/7/3
f 3852/7/3 3850/7/3 3851/7/3
f 3855/7/3 3854/7/3 3853/7/3
f 3856/7/3 3854/7/3 3855/7/3
f 3859/7/3 3858/7/3 3857/7/3
f 3860/7/3 3858/7/3 3859/7/3
f 3863/7/3 3862/7/3 3861/7/3
f 3864/7/3 3862/7/3 3863/7/3
f 3867/7/3 3866/7/3 3865/7/3
f 3868/7/3 3866/7/3 3867/7/3
f 3871/7/3 3870/7/3 3869/7/3
f 3872/7/3 3870/7/3 3871/7/3
f 3875/7/3 3874/7/3 3873/7/3
f 3876/7/3 3874/7/3 3875/7/3
f 3879/7/3 3878/7/3 3877/7/3
f 3880/7/3 3878/7/3 3879/7/3
f 3883/7/3 3882/7/3 3881/7/3
f 3884/7/3 3882/7/3 3883/7/3
f 3887/7/3 3886/7/3 3885/7/3
f 3888/7/3 3886/7/3 3887/7/3
f 3891/7/3 3890/7/3 3889/7/3
f 3892/7/3 3890/7/3 3891/7/3
f 3895/7/3 3894/7/3 3893/7/3
f 3896/7/3 3894/7/3 3895/7/3
f 3899/7/3 3898/7/3 3897/7/3
f 3900/7/3 3898/7/3 3899/7/3
f 3903/7/3 3902/7/3 3901/7/3
f 3904/7/3 3902/7/3 3903/7/3
f 3907/7/3 3906/7/3 3905/7/3
f 3908/7/3 3906/7/3 3907/7/3
f 3911/7/3 3910/7/3 3909/7/3
f 3912/7/3 3910/7/3 3911/7/3
f 3915/7/3 3914/7/3 3913/7/3
f 3916/7/3 3914/7/3 3915/7/3
f 3919/7/3 3918/7/3 3917/7/3
f 3920/7/3 3918/7/3 3919/7/3
f 3923/7/3 3922/7/3 3921/7/3
f 3924/7/3 3922/7/3 3923/7/3
f 3927/7/3 3926/7/3 3925/7/3
f 3928/7/3 3926/7/3 3927/7/3
f 3931/7/3 3930/7/3 3929/7/3
f 3932/7/3 3930/7/3 3931/7/3
f 3935/7/3 3934/7/3 3933/7/3
f 3936/7/3 3934/7/3 3935/7/3
f 3939/7/3 3938/7/3 3937/7/3
f 3940/7/3 3938/7/3 3939/7/3
f 3943/7/3 3942/7/3 3941/7/3
f 3944/7/3 3942/7/3 3943/7/3
f 3947/7/3 3946/7/3 3945/7/3
f 3948/7/3 3946/7/3 3947/7/3
f 3951/7/3 3950/7/3 3949/7/3
f 3952/7/3 3950/7/3 3951/7/3
f 3955/7/3 3954/7/3 3953/7/3
f 3956/7/3 3954/7/3 3955/7/3
f 3959/7/3 3958/7/3 3957/7/3
f 3960/7/3 3958/7/3 3959/7/3
f 3963/7/3 3962/7/3 3961/7/3
f 3964/7/3 3962/7/3 3963/7/3
f 3967/7/3 3966/7/3 3965/7/3
f 3968/7/3 3966/7/3 3967/7/3
f 3971/7/3 3970/7/3 3969/7/3
f 3972/7/3 3970/7/3 3971/7/3
f 3975/7/3 3974/7/3 3973/7/3
f 3976/7/3 3974/7/3 3975/7/3
f 3979/7/3 3978/7/3 3977/7/3
f 3980/7/3 3978/7/3 3979/7/3
f 3983/7/3 3982/7/3 3981/7/3
f 3984/7/3 3982/7/3 3983/7/3
f 3987/7/3 3986/7/3 3985/7/3
f 3988/7/3 3986/7/3 3987/7/3
f 3991/7/3 3990/7/3 3989/7/3
f 3992/7/3 3990/7/3 3991/7/3
f 3995/7/3 3994/7/3 3993/7/3
f 3996/7/3 3994/7/3 3995/7/3
f 3999/7/3 3998/7/3 3997/7/3
f 4000/7/3 3998/7/3 3999/7/3
f 4003/7/3 4002/7/3 4001/7/3
f 4004/7/3 4002/7/3 4003/7/3
f 4007/7/3 4006/7/3 4005/7/3
f 4008/7/3 4006/7/3 4007/7/3
f 4011/7/3 4010/7/3 4009/7/3
f 4012/7/3 4010/7/3 4011/7/3
f 4015/7/3 4014/7/3 4013/7/3
f 4016/7/3 4014/7/3 4015/7/3
f 4019/7/3 4018/7/3 4017/7/3
f 4020/7/3 4018/7/3 4019/7/3
f 4023/7/3 4022/7/3 4021/7/3
f 4024/7/3 4022/7/3 4023/7/3
f 4027/7/3 4026/7/3 4025/7/3
f 4028/7/3 4026/7/3 4027/7/3
f 4031/7/3 4030/7/3 4029/7/3
f 4032/7/3 4030/7/3 4031/7/3
f 4035/7/3 4034/7/3 4033/7/3
f 4036/7/3 4034/7/3 4035/7/3
f 4039/7/3 4038/7/3 4037/7/3
f 4040/7/3 4038/7/3 4039/7/3
f 4043/7/3 4042/7/3 4041/7/3
f 4044/7/3 4042/7/3 4043/7/3
f 4047/7/3 4046/7/3 4045/7/3
f 4048/7/3 4046/7/3 4047/7/3
f 4051/7/3 4050/7/3 4049/7/3
f 4052/7/3 4050/7/3 4051/7/3
f 4055/7/3 4054/7/3 4053/7/3
f 4056/7/3 4054/7/3 4055/7/3
f 4059/3/3 4058/3/3 4057/3/3
f 4060/3/3 4058/3/3 4059/3/3
f 4063/7/3 4062/7/3 4061/7/3
f 4064/7/3 4062/7/3 4063/7/3
f 4067/7/3 4066/7/3 4065/7/3
f 4068/7/3 4066/7/3 4067/7/3
f 4071/7/3 4070/7/3 4069/7/3
f 4072/7/3 4070/7/3 4071/7/3
f 4075/7/3 4074/7/3 4073/7/3
f 4076/7/3 4074/7/3 4075/7/3
f 4079/7/3 4078/7/3 4077/7/3
f 4080/7/3 4078/7/3 4079/7/3
f 4083/7/3 4082/7/3 4081/7/3
f 4084/7/3 4082/7/3 4083/7/3
f 4087/7/3 4086/7/3 4085/7/3
f 4088/7/3 4086/7/3 4087/7/3
f 4091/7/3 4090/7/3 4089/7/3
f 4092/7/3 4090/7/3 4091/7/3
f 4095/7/3 4094/7/3 4093/7/3
f 4096/7/3 4094/7/3 4095/7/3
f 4099/7/3 4098/7/3 4097/7/3
f 4100/7/3 4098/7/3 4099/7/3
f 4103/7/3 4102/7/3 4101/7/3
f 4104/7/3 4102/7/3 4103/7/3
f 4107/7/3 4106/7/3 4105/7/3
f 4108/7/3 4106/7/3 4107/7/3
f 4111/7/3 4110/7/3 4109/7/3
f 4112/7/3 4110/7/3 4111/7/3
f 4115/7/3 4114/7/3 4113/7/3
f 4116/7/3 4114/7/3 4115/7/3
f 4119/7/3 4118/7/3 4117/7/3
f 4120/7/3 4118/7/3 4119/7/3
f 4123/7/3 4122/7/3 4121/7/3
f 4124/7/3 4122/7/3 4123/7/3
f 4127/7/3 4126/7/3 4125/7/3
f 4128/7/3 4126/7/3 4127/7/3
f 4131/7/3 4130/7/3 4129/7/3
f 4132/7/3 4130/7/3 4131/7/3
f 4135/7/3 4134/7/3 4133/7/3
f 4136/7/3 4134/7/3 4135/7/3
f 4139/7/3 4138/7/3 4137/7/3
f 4140/7/3 4138/7/3 4139/7/3
f 4143/7/3 4142/7/3 4141/7/3
f 4144/7/3 4142/7/3 4143/7/3
f 4147/7/3 4146/7/3 4145/7/3
f 4148/7/3 4146/7/3 4147/7/3
f 4151/7/3 4150/7/3 4149/7/3
f 4152/7/3 4150/7/3 4151/7/3
f 4155/7/3 4154/7/3 4153/7/3
f 4156/7/3 4154/7/3 4155/7/3
f 4159/7/3 4158/7/3 4157/7/3
f 4160/7/3 4158/7/3 4159/7/3
f 4163/7/3 4162/7/3 4161/7/3
f 4164/7/3 4162/7/3 4163/7/3
f 4167/7/3 4166/7/3 4165/7/3
f 4168/7/3 4166/7/3 4167/7/3
f 4171/7/3 4170/7/3 4169/7/3
f 4172/7/3 4170/7/3 4171/7/3
f 4175/7/3 4174/7/3 4173/7/3
f 4176/7/3 4174/7/3 4175/7/3
f 4179/7/3 4178/7/3 4177/7/3
f 4180/7/3 4178/7/3 4179/7/3
f 4183/7/3 4182/7/3 4181/7/3
f 4184/7/3 4182/7/3 4183/7/3
f 4187/7/3 4186/7/3 4185/7/3
f 4188/7/3 4186/7/3 4187/7/3
f 4191/7/3 4190/7/3 4189/7/3
f 4192/7/3 4190/7/3 4191/7/3
f 4195/7/3 4194/7/3 4193/7/3
f 4196/7/3 4194/7/3 4195/7/3
f 4199/7/3 4198/7/3 4197/7/3
f 4200/7/3 4198/7/3 4199/7/3
f 4203/7/3 4202/7/3 4201/7/3
f 4204/7/3 4202/7/3 4203/7/3
f 4207/7/3 4206/7/3 4205/7/3
f 4208/7/3 4206/7/3 4207/7/3
f 4211/7/3 4210/7/3 4209/7/3
f 4212/7/3 4210/7/3 4211/7/3
f 4215/7/3 4214/7/3 4213/7/3
f 4216/7/3 4214/7/3 4215/7/3
f 4219/7/3 4218/7/3 4217/7/3
f 4220/7/3 4218/7/3 4219/7/3
f 4223/7/3 4222/7/3 4221/7/3
f 4224/7/3 4222/7/3 4223/7/3
f 4227/7/3 4226/7/3 4225/7/3
f 4228/7/3 4226/7/3 4227/7/3
f 4231/7/3 4230/7/3 4229/7/3
f 4232/7/3 4230/7/3 4231/7/3
f 4235/7/3 4234/7/3 4233/7/3
f 4236/7/3 4234/7/3 4235/7/3
f 4239/7/3 4238/7/3 4237/7/3
f 4240/7/3 4238/7/3 4239/7/3
f 4243/7/3 4242/7/3 4241/7/3
f 4244/7/3 4242/7/3 4243/7/3
f 4247/7/3 4246/7/3 4245/7/3
f 4248/7/3 4246/7/3 4247/7/3
f 4251/7/3 4250/7/3 4249/7/3
f 4252/7/3 4250/7/3 4251/7/3
f 4255/7/3 4254/7/3 4253/7/3
f 4256/7/3 4254/7/3 4255/7/3
f 4259/7/3 4258/7/3 4257/7/3
f 4260/7/3 4258/7/3 4259/7/3
f 4263/7/3 4262/7/3 4261/7/3
f 4264/7/3 4262/7/3 4263/7/3
f 4267/7/3 4266/7/3 4265/7/3
f 4268/7/3 4266/7/3 4267/7/3
f 4271/7/3 4270/7/3 4269/7/3
f 4272/7/3 4270/7/3 4271/7/3
f 4275/7/3 4274/7/3 4273/7/3
f 4276/7/3 4274/7/3 4275/7/3
f 4279/7/3 4278/7/3 4277/7/3
f 4280/7/3 4278/7/3 4279/7/3
f 4283/5/3 4282/5/3 4281/5/3
f 4284/5/3 4282/5/3 4283/5/3
f 4287/7/3 4286/7/3 4285/7/3
f 4288/7/3 4286/7/3 4287/7/3
f 4291/7/3 4290/7/3 4289/7/3
f 4292/7/3 4290/7/3 4291/7/3
f 4295/7/3 4294/7/3 4293/7/3
f 4296/7/3 4294/7/3 4295/7/3
f 4299/7/3 4298/7/3 4297/7/3
f 4300/7/3 4298/7/3 4299/7/3
f 4303/7/3 4302/7/3 4301/7/3
f 4304/7/3 4302/7/3 4303/7/3
f 4307/7/3 4306/7/3 4305/7/3
f 4308/7/3 4306/7/3 4307/7/3
f 4311/7/3 4310/7/3 4309/7/3
f 4312/7/3 4310/7/3 4311/7/3
f 4315/7/3 4314/7/3 4313/7/3
f 4316/7/3 4314/7/3 4315/7/3
f 4319/7/3 4318/7/3 4317/7/3
f 4320/7/3 4318/7/3 4319/7/3
f 4323/7/3 4322/7/3 4321/7/3
f 4324/7/3 4322/7/3 4323/7/3
f 4327/7/3 4326/7/3 4325/7/3
f 4328/7/3 4326/7/3 4327/7/3
f 4331/7/3 4330/7/3 4329/7/3
f 4332/7/3 4330/7/3 4331/7/3
f 4335/7/3 4334/7/3 4333/7/3
f 4336/7/3 4334/7/3 4335/7/3
f 4339/7/3 4338/7/3 4337/7/3
f 4340/7/3 4338/7/3 4339/7/3
f 4343/7/3 4342/7/3 4341/7/3
f 4344/7/3 4342/7/3 4343/7/3
f 4347/7/3 4346/7/3 4345/7/3
f 4348/7/3 4346/7/3 4347/7/3
f 4351/7/3 4350/7/3 4349/7/3
f 4352/7/3 4350/7/3 4351/7/3
f 4355/7/3 4354/7/3 4353/7/3
f 4356/7/3 4354/7/3 4355/7/3
f 4359/7/3 4358/7/3 4357/7/3
f 4360/7/3 4358/7/3 4359/7/3
f 4363/7/3 4362/7/3 4361/7/3
f 4364/7/3 4362/7/3 4363/7/3
f 4367/7/3 4366/7/3 4365/7/3
f 4368/7/3 4366/7/3 4367/7/3
f 4371/7/3 4370/7/3 4369/7/3
f 4372/7/3 4370/7/3 4371/7/3
f 4375/7/3 4374/7/3 4373/7/3
f 4376/7/3 4374/7/3 4375/7/3
f 4379/7/3 4378/7/3 4377/7/3
f 4380/7/3 4378/7/3 4379/7/3
f 4383/7/3 4382/7/3 4381/7/3
f 4384/7/3 4382/7/3 4383/7/3
f 4387/7/3 4386/7/3 4385/7/3
f 4388/7/3 4386/7/3 4387/7/3
f 4391/7/3 4390/7/3 4389/7/3
f 4392/7/3 4390/7/3 4391/7/3
f 4395/7/3 4394/7/3 4393/7/3
f 4396/7/3 4394/7/3 4395/7/3
f 4399/7/3 4398/7/3 4397/7/3
f 4400/7/3 4398/7/3 4399/7/3
f 4403/7/3 4402/7/3 4401/7/3
f 4404/7/3 4402/7/3 4403/7/3
f 4407/7/3 4406/7/3 4405/7/3
f 4408/7/3 4406/7/3 4407/7/3
f 4411/7/3 4410/7/3 4409/7/3
f 4412/7/3 4410/7/3 4411/7/3
f 4415/7/3 4414/7/3 4413/7/3
f 4416/7/3 4414/7/3 4415/7/3
f 4419/7/3 4418/7/3 4417/7/3
f 4420/7/3 4418/7/3 4419/7/3
f 4423/7/3 4422/7/3 4421/7/3
f 4424/7/3 4422/7/3 4423/7/3
f 4427/7/3 4426/7/3 4425/7/3
f 4428/7/3 4426/7/3 4427/7/3
f 4431/7/3 4430/7/3 4429/7/3
f 4432/7/3 4430/7/3 4431/7/3
f 4435/7/3 4434/7/3 4433/7/3
f 4436/7/3 4434/7/3 4435/7/3
f 4439/7/3 4438/7/3 4437/7/3
f 4440/7/3 4438/7/3 4439/7/3
f 4443/7/3 4442/7/3 4441/7/3
f 4444/7/3 4442/7/3 4443/7/3
f 4447/7/3 4446/7/3 4445/7/3
f 4448/7/3 4446/7/3 4447/7/3
f 4451/7/3 4450/7/3 4449/7/3
f 4452/7/3 4450/7/3 4451/7/3
f 4455/7/3 4454/7/3 4453/7/3
f 4456/7/3 4454/7/3 4455/7/3
f 4459/7/3 4458/7/3 4457/7/3
f 4460/7/3 4458/7/3 4459/7/3
f 4463/7/3 4462/7/3 4461/7/3
f 4464/7/3 4462/7/3 4463/7/3
f 4467/7/3 4466/7/3 4465/7/3
f 4468/7/3 4466/7/3 4467/7/3
f 4471/7/3 4470/7/3 4469/7/3
f 4472/7/3 4470/7/3 4471/7/3
f 4475/7/3 4474/7/3 4473/7/3
f 4476/7/3 4474/7/3 4475/7/3
f 4479/7/3 4478/7/3 4477/7/3
f 4480/7/3 4478/7/3 4479/7/3
f 4483/7/3 4482/7/3 4481/7/3
f 4484/7/3 4482/7/3 4483/7/3
f 4487/7/3 4486/7/3 4485/7/3
f 4488/7/3 4486/7/3 4487/7/3
f 4491/7/3 4490/7/3 4489/7/3
f 4492/7/3 4490/7/3 4491/7/3
f 4495/7/3 4494/7/3 4493/7/3
f 4496/7/3 4494/7/3 4495/7/3
f 4499/7/3 4498/7/3 4497/7/3
f 4500/7/3 4498/7/3 4499/7/3
f 4503/7/3 4502/7/3 4501/7/3
f 4504/7/3 4502/7/3 4503/7/3
f 4507/7/3 4506/7/3 4505/7/3
f 4508/7/3 4506/7/3 4507/7/3
f 4511/7/3 4510/7/3 4509/7/3
f 4512/7/3 4510/7/3 4511/7/3
f 4515/7/3 4514/7/3 4513/7/3
f 4516/7/3 4514/7/3 4515/7/3
f 4519/7/3 4518/7/3 4517/7/3
f 4520/7/3 4518/7/3 4519/7/3
f 4523/7/3 4522/7/3 4521/7/3
f 4524/7/3 4522/7/3 4523/7/3
f 4527/7/3 4526/7/3 4525/7/3
f 4528/7/3 4526/7/3 4527/7/3
f 4531/7/3 4530/7/3 4529/7/3
f 4532/7/3 4530/7/3 4531/7/3
f 4535/7/3 4534/7/3 4533/7/3
f 4536/7/3 4534/7/3 4535/7/3
f 4539/7/3 4538/7/3 4537/7/3
f 4540/7/3 4538/7/3 4539/7/3
f 4543/5/3 4542/5/3 4541/5/3
f 4544/5/3 4542/5/3 4543/5/3
f 4547/7/3 4546/7/3 4545/7/3
f 4548/7/3 4546/7/3 4547/7/3
f 4551/7/3 4550/7/3 4549/7/3
f 4552/7/3 4550/7/3 4551/7/3
f 4555/7/3 4554/7/3 4553/7/3
f 4556/7/3 4554/7/3 4555/7/3
f 4559/7/3 4558/7/3 4557/7/3
f 4560/7/3 4558/7/3 4559/7/3
f 4563/7/3 4562/7/3 4561/7/3
f 4564/7/3 4562/7/3 4563/7/3
f 4567/7/3 4566/7/3 4565/7/3
f 4568/7/3 4566/7/3 4567/7/3
f 4571/7/3 4570/7/3 4569/7/3
f 4572/7/3 4570/7/3 4571/7/3
f 4575/7/3 4574/7/3 4573/7/3
f 4576/7/3 4574/7/3 4575/7/3
f 4579/7/3 4578/7/3 4577/7/3
f 4580/7/3 4578/7/3 4579/7/3
f 4583/7/3 4582/7/3 4581/7/3
f 4584/7/3 4582/7/3 4583/7/3
f 4587/7/3 4586/7/3 4585/7/3
f 4588/7/3 4586/7/3 4587/7/3
f 4591/7/3 4590/7/3 4589/7/3
f 4592/7/3 4590/7/3 4591/7/3
f 4595/7/3 4594/7/3 4593/7/3
f 4596/7/3 4594/7/3 4595/7/3
f 4599/7/3 4598/7/3 4597/7/3
f 4600/7/3 4598/7/3 4599/7/3
f 4603/7/3 4602/7/3 4601/7/3
f 4604/7/3 4602/7/3 4603/7/3
f 4607/7/3 4606/7/3 4605/7/3
f 4608/7/3 4606/7/3 4607/7/3
f 4611/7/3 4610/7/3 4609/7/3
f 4612/7/3 4610/7/3 4611/7/3
f 4615/7/3 4614/7/3 4613/7/3
f 4616/7/3 4614/7/3 4615/7/3
f 4619/7/3 4618/7/3 4617/7/3
f 4620/7/3 4618/7/3 4619/7/3
f 4623/7/3 4622/7/3 4621/7/3
f 4624/7/3 4622/7/3 4623/7/3
f 4627/7/3 4626/7/3 4625/7/3
f 4628/7/3 4626/7/3 4627/7/3
f 4631/7/3 4630/7/3 4629/7/3
f 4632/7/3 4630/7/3 4631/7/3
f 4635/7/3 4634/7/3 4633/7/3
f 4636/7/3 4634/7/3 4635/7/3
f 4639/7/3 4638/7/3 4637/7/3
f 4640/7/3 4638/7/3 4639/7/3
f 4643/7/3 4642/7/3 4641/7/3
f 4644/7/3 4642/7/3 4643/7/3
f 4647/7/3 4646/7/3 4645/7/3
f 4648/7/3 4646/7/3 4647/7/3
f 4651/7/3 4650/7/3 4649/7/3
f 4652/7/3 4650/7/3 4651/7/3
f 4655/7/3 4654/7/3 4653/7/3
f 4656/7/3 4654/7/3 4655/7/3
f 4659/7/3 4658/7/3 4657/7/3
f 4660/7/3 4658/7/3 4659/7/3
f 4663/2/3 4662/2/3 4661/2/3
f 4664/2/3 4662/2/3 4663/2/3
f 4667/7/3 4666/7/3 4665/7/3
f 4668/7/3 4666/7/3 4667/7/3
f 4671/7/3 4670/7/3 4669/7/3
f 4672/7/3 4670/7/3 4671/7/3
f 4675/7/3 4674/7/3 4673/7/3
f 4676/7/3 4674/7/3 4675/7/3
f 4679/7/3 4678/7/3 4677/7/3
f 4680/7/3 4678/7/3 4679/7/3
f 4683/7/3 4682/7/3 4681/7/3
f 4684/7/3 4682/7/3 4683/7/3
f 4687/7/3 4686/7/3 4685/7/3
f 4688/7/3 4686/7/3 4687/7/3
f 4691/7/3 4690/7/3 4689/7/3
f 4692/7/3 4690/7/3 4691/7/3
f 4695/7/3 4694/7/3 4693/7/3
f 4696/7/3 4694/7/3 4695/7/3
f 4699/7/3 4698/7/3 4697/7/3
f 4700/7/3 4698/7/3 4699/7/3
f 4703/7/3 4702/7/3 4701/7/3
f 4704/7/3 4702/7/3 4703/7/3
f 4707/7/3 4706/7/3 4705/7/3
f 4708/7/3 4706/7/3 4707/7/3
f 4711/7/3 4710/7/3 4709/7/3
f 4712/7/3 4710/7/3 4711/7/3
f 4715/7/3 4714/7/3 4713/7/3
f 4716/7/3 4714/7/3 4715/7/3
f 4719/7/3 4718/7/3 4717/7/3
f 4720/7/3 4718/7/3 4719/7/3
f 4723/7/3 4722/7/3 4721/7/3
f 4724/7/3 4722/7/3 4723/7/3
f 4727/7/3 4726/7/3 4725/7/3
f 4728/7/3 4726/7/3 4727/7/3
f 4731/7/3 4730/7/3 4729/7/3
f 4732/7/3 4730/7/3 4731/7/3
f 4735/7/3 4734/7/3 4733/7/3
f 4736/7/3 4734/7/3 4735/7/3
f 4739/7/3 4738/7/3 4737/7/3
f 4740/7/3 4738/7/3 4739/7/3
f 4743/7/3 4742/7/3 4741/7/3
f 4744/7/3 4742/7/3 4743/7/3
f 4747/7/3 4746/7/3 4745/7/3
f 4748/7/3 4746/7/3 4747/7/3
f 4751/7/3 4750/7/3 4749/7/3
f 4752/7/3 4750/7/3 4751/7/3
f 4755/7/3 4754/7/3 4753/7/3
f 4756/7/3 4754/7/3 4755/7/3
f 4759/7/3 4758/7/3 4757/7/3
f 4760/7/3 4758/7/3 4759/7/3
f 4763/7/3 4762/7/3 4761/7/3
f 4764/7/3 4762/7/3 4763/7/3
f 4767/7/3 4766/7/3 4765/7/3
f 4768/7/3 4766/7/3 4767/7/3
f 4771/7/3 4770/7/3 4769/7/3
f 4772/7/3 4770/7/3 4771/7/3
f 4775/7/3 4774/7/3 4773/7/3
f 4776/7/3 4774/7/3 4775/7/3
f 4779/7/3 4778/7/3 4777/7/3
f 4780/7/3 4778/7/3 4779/7/3
f 4783/7/3 4782/7/3 4781/7/3
f 4784/7/3 4782/7/3 4783/7/3
f 4787/7/3 4786/7/3 4785/7/3
f 4788/7/3 4786/7/3 4787/7/3
f 4791/7/3 4790/7/3 4789/7/3
f 4792/7/3 4790/7/3 4791/7/3
f 4795/7/3 4794/7/3 4793/7/3
f 4796/7/3 4794/7/3 4795/7/3
f 4799/7/3 4798/7/3 4797/7/3
f 4800/7/3 4798/7/3 4799/7/3
f 4803/7/3 4802/7/3 4801/7/3
f 4804/7/3 4802/7/3 4803/7/3
f 4807/7/3 4806/7/3 4805/7/3
f 4808/7/3 4806/7/3 4807/7/3
f 4811/7/3 4810/7/3 4809/7/3
f 4812/7/3 4810/7/3 4811/7/3
f 4815/7/3 4814/7/3 4813/7/3
f 4816/7/3 4814/7/3 4815/7/3
f 4819/7/3 4818/7/3 4817/7/3
f 4820/7/3 4818/7/3 4819/7/3
f 4823/7/3 4822/7/3 4821/7/3
f 4824/7/3 4822/7/3 4823/7/3
f 4827/7/3 4826/7/3 4825/7/3
f 4828/7/3 4826/7/3 4827/7/3
f 4831/7/3 4830/7/3 4829/7/3
f 4832/7/3 4830/7/3 4831/7/3
f 4835/7/3 4834/7/3 4833/7/3
f 4836/7/3 4834/7/3 4835/7/3
f 4839/7/3 4838/7/3 4837/7/3
f 4840/7/3 4838/7/3 4839/7/3
f 4843/7/3 4842/7/3 4841/7/3
f 4844/7/3 4842/7/3 4843/7/3
f 4847/7/3 4846/7/3 4845/7/3
f 4848/7/3 4846/7/3 4847/7/3
f 4851/7/3 4850/7/3 4849/7/3
f 4852/7/3 4850/7/3 4851/7/3
f 4855/7/3 4854/7/3 4853/7/3
f 4856/7/3 4854/7/3 4855/7/3
f 4859/7/3 4858/7/3 4857/7/3
f 4860/7/3 4858/7/3 4859/7/3
f 4863/7/3 4862/7/3 4861/7/3
f 4864/7/3 4862/7/3 4863/7/3
f 4867/7/3 4866/7/3 4865/7/3
f 4868/7/3 4866/7/3 4867/7/3
f 4871/7/3 4870/7/3 4869/7/3
f 4872/7/3 4870/7/3 4871/7/3
f 4875/7/3 4874/7/3 4873/7/3
f 4876/7/3 4874/7/3 4875/7/3
f 4879/7/3 4878/7/3 4877/7/3
f 4880/7/3 4878/7/3 4879/7/3
f 4883/7/3 4882/7/3 4881/7/3
f 4884/7/3 4882/7/3 4883/7/3
f 4887/7/3 4886/7/3 4885/7/3
f 4888/7/3 4886/7/3 4887/7/3
f 4891/7/3 4890/7/3 4889/7/3
f 4892/7/3 4890/7/3 4891/7/3
f 4895/7/3 4894/7/3 4893/7/3
f 4896/7/3 4894/7/3 4895/7/3
f 4899/7/3 4898/7/3 4897/7/3
f 4900/7/3 4898/7/3 4899/7/3
f 4903/7/3 4902/7/3 4901/7/3
f 4904/7/3 4902/7/3 4903/7/3
f 4907/7/3 4906/7/3 4905/7/3
f 4908/7/3 4906/7/3 4907/7/3
f 4911/7/3 4910/7/3 4909/7/3
f 4912/7/3 4910/7/3 4911/7/3
f 4915/7/3 4914/7/3 4913/7/3
f 4916/7/3 4914/7/3 4915/7/3
f 4919/7/3 4918/7/3 4917/7/3
f 4920/7/3 4918/7/3 4919/7/3
f 4923/7/3 4922/7/3 4921/7/3
f 4924/7/3 4922/7/3 4923/7/3
f 4927/7/3 4926/7/3 4925/7/3
f 4928/7/3 4926/7/3 4927/7/3
f 4931/7/3 4930/7/3 4929/7/3
f 4932/7/3 4930/7/3 4931/7/3
f 4935/7/3 4934/7/3 4933/7/3
f 4936/7/3 4934/7/3 4935/7/3
f 4939/7/3 4938/7/3 4937/7/3
f 4940/7/3 4938/7/3 4939/7/3
f 4943/7/3 4942/7/3 4941/7/3
f 4944/7/3 4942/7/3 4943/7/3
f 4947/7/3 4946/7/3 4945/7/3
f 4948/7/3 4946/7/3 4947/7/3
f 4951/7/3 4950/7/3 4949/7/3
f 4952/7/3 4950/7/3 4951/7/3
f 4955/7/3 4954/7/3 4953/7/3
f 4956/7/3 4954/7/3 4955/7/3
f 4959/7/3 4958/7/3 4957/7/3
f 4960/7/3 4958/7/3 4959/7/3
f 4963/7/3 4962/7/3 4961/7/3
f 4964/7/3 4962/7/3 4963/7/3
f 4967/7/3 4966/7/3 4965/7/3
f 4968/7/3 4966/7/3 4967/7/3
f 4971/7/3 4970/7/3 4969/7/3
f 4972/7/3 4970/7/3 4971/7/3
f 4975/7/3 4974/7/3 4973/7/3
f 4976/7/3 4974/7/3 4975/7/3
f 4979/7/3 4978/7/3 4977/7/3
f 4980/7/3 4978/7/3 4979/7/3
f 4983/7/3 4982/7/3 4981/7/3
f 4984/7/3 4982/7/3 4983/7/3
f 4987/7/3 4986/7/3 4985/7/3
f 4988/7/3 4986/7/3 4987/7/3
f 4991/7/3 4990/7/3 4989/7/3
f 4992/7/3 4990/7/3 4991/7/3
f 4995/7/3 4994/7/3 4993/7/3
f 4996/7/3 4994/7/3 4995/7/3
f 4999/7/3 4998/7/3 4997/7/3
f 5000/7/3 4998/7/3 4999/7/3
f 5003/7/3 5002/7/3 5001/7/3
f 5004/7/3 5002/7/3 5003/7/3
f 5007/7/3 5006/7/3 5005/7/3
f 5008/7/3 5006/7/3 5007/7/3
f 5011/7/3 5010/7/3 5009/7/3
f 5012/7/3 5010/7/3 5011/7/3
f 5015/7/3 5014/7/3 5013/7/3
f 5016/7/3 5014/7/3 5015/7/3
f 5019/7/3 5018/7/3 5017/7/3
f 5020/7/3 5018/7/3 5019/7/3
f 5023/7/3 5022/7/3 5021/7/3
f 5024/7/3 5022/7/3 5023/7/3
f 5027/7/3 5026/7/3 5025/7/3
f 5028/7/3 5026/7/3 5027/7/3
f 5031/7/3 5030/7/3 5029/7/3
f 5032/7/3 5030/7/3 5031/7/3
f 5035/7/3 5034/7/3 5033/7/3
f 5036/7/3 5034/7/3 5035/7/3
f 5039/7/3 5038/7/3 5037/7/3
f 5040/7/3 5038/7/3 5039/7/3
f 5043/7/3 5042/7/3 5041/7/3
f 5044/7/3 5042/7/3 5043/7/3
f 5047/7/3 5046/7/3 5045/7/3
f 5048/7/3 5046/7/3 5047/7/3
f 5051/7/3 5050/7/3 5049/7/3
f 5052/7/3 5050/7/3 5051/7/3
f 5055/7/3 5054/7/3 5053/7/3
f 5056/7/3 5054/7/3 5055/7/3
f 5057/7/4 5058/7/4 5059/7/4
f 5059/7/4 5058/7/4 5060/7/4
f 5061/7/4 5062/7/4 5063/7/4
f 5063/7/4 5062/7/4 5064/7/4
f 5065/7/4 5066/7/4 5067/7/4
f 5067/7/4 5066/7/4 5068/7/4
f 5069/7/4 5070/7/4 5071/7/4
f 5071/7/4 5070/7/4 5072/7/4
f 5073/7/4 5074/7/4 5075/7/4
f 5075/7/4 5074/7/4 5076/7/4
f 5077/7/4 5078/7/4 5079/7/4
f 5079/7/4 5078/7/4 5080/7/4
f 5081/7/4 5082/7/4 5083/7/4
f 5083/7/4 5082/7/4 5084/7/4
f 5085/7/4 5086/7/4 5087/7/4
f 5087/7/4 5086/7/4 5088/7/4
f 5089/7/4 5090/7/4 5091/7/4
f 5091/7/4 5090/7/4 5092/7/4
f 5093/7/4 5094/7/4 5095/7/4
f 5095/7/4 5094/7/4 5096/7/4
f 5097/7/4 5098/7/4 5099/7/4
f 5099/7/4 5098/7/4 5100/7/4
f 5101/7/4 5102/7/4 5103/7/4
f 5103/7/4 5102/7/4 5104/7/4
f 5105/7/4 5106/7/4 5107/7/4
f 5107/7/4 5106/7/4 5108/7/4
f 5109/7/4 5110/7/4 5111/7/4
f 5111/7/4 5110/7/4 5112/7/4
f 5113/7/4 5114/7/4 5115/7/4
f 5115/7/4 5114/7/4 5116/7/4
f 5117/7/4 5118/7/4 5119/7/4
f 5119/7/4 5118/7/4 5120/7/4
f 5121/7/4 5122/7/4 5123/7/4
f 5123/7/4 5122/7/4 5124/7/4
f 5125/7/4 5126/7/4 5127/7/4
f 5127/7/4 5126/7/4 5128/7/4
f 5129/7/4 5130/7/4 5131/7/4
f 5131/7/4 5130/7/4 5132/7/4
f 5133/7/4 5134/7/4 5135/7/4
f 5135/7/4 5134/7/4 5136/7/4
f 5137/7/4 5138/7/4 5139/7/4
f 5139/7/4 5138/7/4 5140/7/4
f 5141/7/4 5142/7/4 5143/7/4
f 5143/7/4 5142/7/4 5144/7/4
f 5145/7/4 5146/7/4 5147/7/4
f 5147/7/4 5146/7/4 5148/7/4
f 5149/7/4 5150/7/4 5151/7/4
f 5151/7/4 5150/7/4 5152/7/4
f 5153/7/4 5154/7/4 5155/7/4
f 5155/7/4 5154/7/4 5156/7/4
f 5157/7/4 5158/7/4 5159/7/4
f 5159/7/4 5158/7/4 5160/7/4
f 5161/7/4 5162/7/4 5163/7/4
f 5163/7/4 5162/7/4 5164/7/4
f 5165/7/4 5166/7/4 5167/7/4
f 5167/7/4 5166/7/4 5168/7/4
f 5169/7/4 5170/7/4 5171/7/4
f 5171/7/4 5170/7/4 5172/7/4
f 5173/7/4 5174/7/4 5175/7/4
f 5175/7/4 5174/7/4 5176/7/4
f 5177/7/4 5178/7/4 5179/7/4
f 5179/7/4 5178/7/4 5180/7/4
f 5181/7/4 5182/7/4 5183/7/4
f 5183/7/4 5182/7/4 5184/7/4
f 5185/7/4 5186/7/4 5187/7/4
f 5187/7/4 5186/7/4 5188/7/4
f 5189/7/4 5190/7/4 5191/7/4
f 5191/7/4 5190/7/4 5192/7/4
f 5193/7/4 5194/7/4 5195/7/4
f 5195/7/4 5194/7/4 5196/7/4
f 5197/7/4 5198/7/4 5199/7/4
f 5199/7/4 5198/7/4 5200/7/4
f 5201/7/4 5202/7/4 5203/7/4
f 5203/7/4 5202/7/4 5204/7/4
f 5205/7/4 5206/7/4 5207/7/4
f 5207/7/4 5206/7/4 5208/7/4
f 5209/7/4 5210/7/4 5211/7/4
f 5211/7/4 5210/7/4 5212/7/4
f 5213/7/4 5214/7/4 5215/7/4
f 5215/7/4 5214/7/4 5216/7/4
f 5217/7/4 5218/7/4 5219/7/4
f 5219/7/4 5218/7/4 5220/7/4
f 5221/7/4 5222/7/4 5223/7/4
f 5223/7/4 5222/7/4 5224/7/4
f 5225/7/4 5226/7/4 5227/7/4
f 5227/7/4 5226/7/4 5228/7/4
f 5229/7/4 5230/7/4 5231/7/4
f 5231/7/4 5230/7/4 5232/7/4
f 5233/7/4 5234/7/4 5235/7/4
f 5235/7/4 5234/7/4 5236/7/4
f 5237/7/4 5238/7/4 5239/7/4
f 5239/7/4 5238/7/4 5240/7/4
f 5241/7/4 5242/7/4 5243/7/4
f 5243/7/4 5242/7/4 5244/7/4
f 5245/7/4 5246/7/4 5247/7/4
f 5247/7/4 5246/7/4 5248/7/4
f 5245/7/4 5247/7/4 5249/7/4
f 5249/7/4 5247/7/4 5250/7/4
f 5245/7/4 5249/7/4 5251/7/4
f 5251/7/4 5249/7/4 5252/7/4
f 5245/7/4 5251/7/4 5253/7/4
f 5253/7/4 5251/7/4 5254/7/4
f 5245/7/4 5253/7/4 5255/7/4
f 5255/7/4 5256/7/4 5257/7/4
f 5257/7/4 5258/7/4 5259/7/4
f 5259/7/4 5260/7/4 5261/7/4
f 5261/7/4 5262/7/4 5263/7/4
f 5261/7/4 5263/7/4 5265/7/4
f 5263/7/4 5264/7/4 5265/7/4
f 5245/7/4 5255/7/4 5265/7/4
f 5255/7/4 5257/7/4 5265/7/4
f 5257/7/4 5259/7/4 5265/7/4
f 5259/7/4 5261/7/4 5265/7/4
f 5265/7/4 5264/7/4 5266/7/4
f 5269/7/5 5268/7/5 5267/7/5
f 5270/7/5 5268/7/5 5269/7/5
f 5271/7/5 5269/7/5 5267/7/5
f 5272/7/5 5269/7/5 5271/7/5
f 5273/6/5 5270/6/5 5269/6/5
f 5273/7/5 5269/7/5 5272/7/5
f 5274/7/5 5268/7/5 5270/7/5
f 5274/6/5 5270/6/5 5273/6/5
f 5275/7/5 5271/7/5 5267/7/5
f 5276/7/5 5271/7/5 5275/7/5
f 5277/6/5 5272/6/5 5271/6/5
f 5277/7/5 5271/7/5 5276/7/5
f 5278/7/5 5273/7/5 5272/7/5
f 5278/6/5 5272/6/5 5277/6/5
f 5278/7/5 5274/7/5 5273/7/5
f 5279/7/5 5275/7/5 5267/7/5
f 5280/7/5 5275/7/5 5279/7/5
f 5281/2/5 5276/2/5 5275/2/5
f 5281/7/5 5275/7/5 5280/7/5
f 5282/7/5 5277/7/5 5276/7/5
f 5282/2/5 5276/2/5 5281/2/5
f 5282/7/5 5278/7/5 5277/7/5
f 5283/7/5 5268/7/5 5274/7/5
f 5283/7/5 5278/7/5 5282/7/5
f 5283/7/5 5274/7/5 5278/7/5
f 5284/7/5 5268/7/5 5283/7/5
f 5285/7/5 5268/7/5 5284/7/5
f 5286/7/5 5268/7/5 5285/7/5
f 5287/2/5 5280/2/5 5279/2/5
f 5287/7/5 5279/7/5 5267/7/5
f 5288/7/5 5281/7/5 5280/7/5
f 5288/2/5 5280/2/5 5287/2/5
f 5288/7/5 5282/7/5 5281/7/5
f 5288/7/5 5283/7/5 5282/7/5
f 5289/7/5 5283/7/5 5288/7/5
f 5290/7/5 5283/7/5 5289/7/5
f 5291/3/5 5284/3/5 5283/3/5
f 5291/7/5 5283/7/5 5290/7/5
f 5292/7/5 5285/7/5 5284/7/5
f 5292/3/5 5284/3/5 5291/3/5
f 5293/4/5 5286/4/5 5285/4/5
f 5293/7/5 5285/7/5 5292/7/5
f 5294/7/5 5268/7/5 5286/7/5
f 5294/4/5 5286/4/5 5293/4/5
f 5295/7/5 5268/7/5 5294/7/5
f 5296/7/5 5268/7/5 5295/7/5
f 5297/2/5 5290/2/5 5289/2/5
f 5297/7/5 5288/7/5 5287/7/5
f 5297/7/5 5289/7/5 5288/7/5
f 5298/7/5 5293/7/5 5292/7/5
f 5298/2/5 5290/2/5 5297/2/5
f 5298/7/5 5291/7/5 5290/7/5
f 5298/7/5 5294/7/5 5293/7/5
f 5298/7/5 5295/7/5 5294/7/5
f 5298/7/5 5292/7/5 5291/7/5
f 5299/5/5 5296/5/5 5295/5/5
f 5299/7/5 5295/7/5 5298/7/5
f 5300/7/5 5268/7/5 5296/7/5
f 5300/5/5 5296/5/5 5299/5/5
f 5301/7/5 5297/7/5 5287/7/5
f 5301/7/5 5298/7/5 5297/7/5
f 5301/7/5 5300/7/5 5299/7/5
f 5301/7/5 5299/7/5 5298/7/5
f 5302/7/5 5300/7/5 5301/7/5
f 5303/7/5 5301/7/5 5287/7/5
f 5304/7/5 5301/7/5 5303/7/5
f 5305/2/5 5302/2/5 5301/2/5
f 5305/7/5 5301/7/5 5304/7/5
f 5306/7/5 5300/7/5 5302/7/5
f 5306/2/5 5302/2/5 5305/2/5
f 5307/7/5 5300/7/5 5306/7/5
f 5308/7/5 5300/7/5 5307/7/5
f 5309/7/5 5287/7/5 5267/7/5
f 5309/7/5 5303/7/5 5287/7/5
f 5310/7/5 5303/7/5 5309/7/5
f 5311/4/5 5304/4/5 5303/4/5
f 5311/7/5 5303/7/5 5310/7/5
f 5312/7/5 5305/7/5 5304/7/5
f 5312/4/5 5304/4/5 5311/4/5
f 5312/7/5 5306/7/5 5305/7/5
f 5312/7/5 5307/7/5 5306/7/5
f 5313/6/5 5308/6/5 5307/6/5
f 5313/7/5 5307/7/5 5312/7/5
f 5314/7/5 5300/7/5 5308/7/5
f 5314/6/5 5308/6/5 5313/6/5
f 5315/4/5 5310/4/5 5309/4/5
f 5315/7/5 5309/7/5 5267/7/5
f 5316/7/5 5311/7/5 5310/7/5
f 5316/4/5 5310/4/5 5315/4/5
f 5317/3/5 5312/3/5 5311/3/5
f 5317/7/5 5311/7/5 5316/7/5
f 5318/7/5 5313/7/5 5312/7/5
f 5318/3/5 5312/3/5 5317/3/5
f 5318/7/5 5314/7/5 5313/7/5
f 5319/7/5 5300/7/5 5314/7/5
f 5319/7/5 5314/7/5 5318/7/5
f 5320/7/5 5300/7/5 5319/7/5
f 5321/7/5 5300/7/5 5320/7/5
f 5322/7/5 5300/7/5 5321/7/5
f 5323/7/5 5317/7/5 5316/7/5
f 5323/7/5 5318/7/5 5317/7/5
f 5323/7/5 5316/7/5 5315/7/5
f 5323/7/5 5319/7/5 5318/7/5
f 5323/3/5 5320/3/5 5319/3/5
f 5324/7/5 5321/7/5 5320/7/5
f 5324/3/5 5320/3/5 5323/3/5
f 5325/5/5 5322/5/5 5321/5/5
f 5325/7/5 5321/7/5 5324/7/5
f 5326/7/5 5300/7/5 5322/7/5
f 5326/5/5 5322/5/5 5325/5/5
f 5327/7/5 5325/7/5 5324/7/5
f 5327/7/5 5300/7/5 5326/7/5
f 5327/7/5 5326/7/5 5325/7/5
f 5327/7/5 5324/7/5 5323/7/5
f 5328/7/5 5300/7/5 5327/7/5
f 5329/7/5 5327/7/5 5323/7/5
f 5329/5/5 5328/5/5 5327/5/5
f 5330/7/5 5300/7/5 5328/7/5
f 5330/5/5 5328/5/5 5329/5/5
f 5331/7/5 5330/7/5 5329/7/5
f 5331/7/5 5300/7/5 5330/7/5
f 5332/7/5 5300/7/5 5331/7/5
f 5333/7/5 5300/7/5 5332/7/5
f 5334/7/5 5300/7/5 5333/7/5
f 5335/7/5 5329/7/5 5323/7/5
f 5335/7/5 5331/7/5 5329/7/5
f 5336/7/5 5331/7/5 5335/7/5
f 5337/4/5 5332/4/5 5331/4/5
f 5337/7/5 5331/7/5 5336/7/5
f 5338/7/5 5333/7/5 5332/7/5
f 5338/4/5 5332/4/5 5337/4/5
f 5339/5/5 5334/5/5 5333/5/5
f 5339/7/5 5333/7/5 5338/7/5
f 5340/7/5 5300/7/5 5334/7/5
f 5340/5/5 5334/5/5 5339/5/5
f 5341/7/5 5323/7/5 5315/7/5
f 5341/7/5 5335/7/5 5323/7/5
f 5342/7/5 5335/7/5 5341/7/5
f 5343/3/5 5336/3/5 5335/3/5
f 5343/7/5 5335/7/5 5342/7/5
f 5344/7/5 5339/7/5 5338/7/5
f 5344/3/5 5336/3/5 5343/3/5
f 5344/7/5 5338/7/5 5337/7/5
f 5344/7/5 5337/7/5 5336/7/5
f 5344/7/5 5340/7/5 5339/7/5
f 5345/7/5 5341/7/5 5315/7/5
f 5346/7/5 5341/7/5 5345/7/5
f 5347/7/5 5341/7/5 5346/7/5
f 5348/7/5 5341/7/5 5347/7/5
f 5349/7/5 5341/7/5 5348/7/5
f 5350/7/5 5341/7/5 5349/7/5
f 5351/4/5 5342/4/5 5341/4/5
f 5351/7/5 5341/7/5 5350/7/5
f 5352/7/5 5343/7/5 5342/7/5
f 5352/4/5 5342/4/5 5351/4/5
f 5352/7/5 5344/7/5 5343/7/5
f 5353/7/5 5345/7/5 5315/7/5
f 5353/5/5 5346/5/5 5345/5/5
f 5354/7/5 5347/7/5 5346/7/5
f 5354/5/5 5346/5/5 5353/5/5
f 5355/2/5 5348/2/5 5347/2/5
f 5355/7/5 5347/7/5 5354/7/5
f 5356/7/5 5349/7/5 5348/7/5
f 5356/2/5 5348/2/5 5355/2/5
f 5357/6/5 5350/6/5 5349/6/5
f 5357/7/5 5349/7/5 5356/7/5
f 5358/7/5 5351/7/5 5350/7/5
f 5358/6/5 5350/6/5 5357/6/5
f 5358/7/5 5352/7/5 5351/7/5
f 5359/7/5 5340/7/5 5344/7/5
f 5359/7/5 5352/7/5 5358/7/5
f 5359/7/5 5344/7/5 5352/7/5
f 5360/7/5 5340/7/5 5359/7/5
f 5361/7/5 5340/7/5 5360/7/5
f 5362/7/5 5340/7/5 5361/7/5
f 5363/7/5 5340/7/5 5362/7/5
f 5364/7/5 5340/7/5 5363/7/5
f 5365/7/5 5357/7/5 5356/7/5
f 5365/7/5 5358/7/5 5357/7/5
f 5365/7/5 5356/7/5 5355/7/5
f 5365/7/5 5355/7/5 5354/7/5
f 5365/7/5 5354/7/5 5353/7/5
f 5365/7/5 5359/7/5 5358/7/5
f 5365/4/5 5360/4/5 5359/4/5
f 5366/7/5 5361/7/5 5360/7/5
f 5366/4/5 5360/4/5 5365/4/5
f 5367/4/5 5362/4/5 5361/4/5
f 5367/7/5 5361/7/5 5366/7/5
f 5368/7/5 5363/7/5 5362/7/5
f 5368/4/5 5362/4/5 5367/4/5
f 5369/4/5 5364/4/5 5363/4/5
f 5369/7/5 5363/7/5 5368/7/5
f 5370/7/5 5340/7/5 5364/7/5
f 5370/4/5 5364/4/5 5369/4/5
f 5371/7/5 5340/7/5 5370/7/5
f 5372/7/5 5340/7/5 5371/7/5
f 5373/7/5 5369/7/5 5368/7/5
f 5373/7/5 5368/7/5 5367/7/5
f 5373/7/5 5367/7/5 5366/7/5
f 5373/7/5 5371/7/5 5370/7/5
f 5373/7/5 5370/7/5 5369/7/5
f 5373/7/5 5365/7/5 5353/7/5
f 5373/7/5 5366/7/5 5365/7/5
f 5374/7/5 5371/7/5 5373/7/5
f 5375/7/5 5371/7/5 5374/7/5
f 5376/7/5 5371/7/5 5375/7/5
f 5377/7/5 5371/7/5 5376/7/5
f 5378/7/5 5371/7/5 5377/7/5
f 5379/3/5 5372/3/5 5371/3/5
f 5379/7/5 5371/7/5 5378/7/5
f 5380/7/5 5340/7/5 5372/7/5
f 5380/3/5 5372/3/5 5379/3/5
f 5381/7/5 5373/7/5 5353/7/5
f 5381/3/5 5374/3/5 5373/3/5
f 5382/7/5 5375/7/5 5374/7/5
f 5382/3/5 5374/3/5 5381/3/5
f 5383/7/5 5375/7/5 5382/7/5
f 5384/7/5 5375/7/5 5383/7/5
f 5385/3/5 5376/3/5 5375/3/5
f 5385/7/5 5375/7/5 5384/7/5
f 5386/7/5 5377/7/5 5376/7/5
f 5386/3/5 5376/3/5 5385/3/5
f 5387/5/5 5378/5/5 5377/5/5
f 5387/7/5 5377/7/5 5386/7/5
f 5388/7/5 5379/7/5 5378/7/5
f 5388/5/5 5378/5/5 5387/5/5
f 5388/7/5 5380/7/5 5379/7/5
f 5389/7/5 5383/7/5 5382/7/5
f 5389/3/5 5384/3/5 5383/3/5
f 5389/7/5 5382/7/5 5381/7/5
f 5390/7/5 5387/7/5 5386/7/5
f 5390/3/5 5384/3/5 5389/3/5
f 5390/7/5 5386/7/5 5385/7/5
f 5390/7/5 5385/7/5 5384/7/5
f 5390/7/5 5388/7/5 5387/7/5
f 5391/7/5 5388/7/5 5390/7/5
f 5392/7/5 5388/7/5 5391/7/5
f 5393/7/5 5389/7/5 5381/7/5
f 5393/7/5 5390/7/5 5389/7/5
f 5393/7/5 5391/7/5 5390/7/5
f 5394/7/5 5391/7/5 5393/7/5
f 5395/2/5 5392/2/5 5391/2/5
f 5395/7/5 5391/7/5 5394/7/5
f 5396/7/5 5388/7/5 5392/7/5
f 5396/2/5 5392/2/5 5395/2/5
f 5397/7/5 5380/7/5 5388/7/5
f 5397/7/5 5388/7/5 5396/7/5
f 5398/7/5 5380/7/5 5397/7/5
f 5399/7/5 5380/7/5 5398/7/5
f 5400/7/5 5380/7/5 5399/7/5
f 5401/4/5 5394/4/5 5393/4/5
f 5401/7/5 5393/7/5 5381/7/5
f 5402/7/5 5395/7/5 5394/7/5
f 5402/4/5 5394/4/5 5401/4/5
f 5402/7/5 5396/7/5 5395/7/5
f 5402/7/5 5397/7/5 5396/7/5
f 5403/5/5 5398/5/5 5397/5/5
f 5403/7/5 5397/7/5 5402/7/5
f 5404/7/5 5399/7/5 5398/7/5
f 5404/5/5 5398/5/5 5403/5/5
f 5405/6/5 5400/6/5 5399/6/5
f 5405/7/5 5399/7/5 5404/7/5
f 5406/7/5 5380/7/5 5400/7/5
f 5406/6/5 5400/6/5 5405/6/5
f 5407/7/5 5380/7/5 5406/7/5
f 5408/7/5 5380/7/5 5407/7/5
f 5409/7/5 5403/7/5 5402/7/5
f 5409/7/5 5405/7/5 5404/7/5
f 5409/7/5 5404/7/5 5403/7/5
f 5409/7/5 5407/7/5 5406/7/5
f 5409/7/5 5406/7/5 5405/7/5
f 5409/7/5 5402/7/5 5401/7/5
f 5410/7/5 5407/7/5 5409/7/5
f 5411/2/5 5408/2/5 5407/2/5
f 5411/7/5 5407/7/5 5410/7/5
f 5412/7/5 5380/7/5 5408/7/5
f 5412/2/5 5408/2/5 5411/2/5
f 5413/4/5 5410/4/5 5409/4/5
f 5413/7/5 5409/7/5 5401/7/5
f 5414/7/5 5411/7/5 5410/7/5
f 5414/4/5 5410/4/5 5413/4/5
f 5414/7/5 5412/7/5 5411/7/5
f 5415/7/5 5413/7/5 5401/7/5
f 5415/7/5 5414/7/5 5413/7/5
f 5416/7/5 5414/7/5 5415/7/5
f 5417/7/5 5412/7/5 5414/7/5
f 5417/7/5 5414/7/5 5416/7/5
f 5418/7/5 5412/7/5 5417/7/5
f 5419/7/5 5415/7/5 5401/7/5
f 5420/7/5 5415/7/5 5419/7/5
f 5421/2/5 5416/2/5 5415/2/5
f 5421/7/5 5415/7/5 5420/7/5
f 5422/7/5 5417/7/5 5416/7/5
f 5422/2/5 5416/2/5 5421/2/5
f 5423/2/5 5418/2/5 5417/2/5
f 5423/7/5 5417/7/5 5422/7/5
f 5424/7/5 5412/7/5 5418/7/5
f 5424/2/5 5418/2/5 5423/2/5
f 5425/4/5 5420/4/5 5419/4/5
f 5425/7/5 5419/7/5 5401/7/5
f 5426/7/5 5423/7/5 5422/7/5
f 5426/4/5 5420/4/5 5425/4/5
f 5426/7/5 5421/7/5 5420/7/5
f 5426/7/5 5424/7/5 5423/7/5
f 5426/7/5 5422/7/5 5421/7/5
f 5427/7/5 5412/7/5 5424/7/5
f 5427/7/5 5424/7/5 5426/7/5
f 5427/7/5 5426/7/5 5425/7/5
f 5428/7/5 5412/7/5 5427/7/5
f 5429/7/5 5427/7/5 5425/7/5
f 5429/2/5 5428/2/5 5427/2/5
f 5430/7/5 5412/7/5 5428/7/5
f 5430/2/5 5428/2/5 5429/2/5
f 5431/7/5 5429/7/5 5425/7/5
f 5431/7/5 5430/7/5 5429/7/5
f 5432/7/5 5430/7/5 5431/7/5
f 5433/7/5 5431/7/5 5425/7/5
f 5433/3/5 5432/3/5 5431/3/5
f 5434/7/5 5430/7/5 5432/7/5
f 5434/3/5 5432/3/5 5433/3/5
f 5435/7/5 5430/7/5 5434/7/5
f 5436/7/5 5430/7/5 5435/7/5
f 5437/7/5 5434/7/5 5433/7/5
f 5437/7/5 5435/7/5 5434/7/5
f 5437/3/5 5436/3/5 5435/3/5
f 5438/7/5 5430/7/5 5436/7/5
f 5438/3/5 5436/3/5 5437/3/5
f 5439/7/5 5433/7/5 5425/7/5
f 5439/7/5 5437/7/5 5433/7/5
f 5439/7/5 5438/7/5 5437/7/5
f 5440/7/5 5438/7/5 5439/7/5
f 5441/7/5 5438/7/5 5440/7/5
f 5442/7/5 5438/7/5 5441/7/5
f 5443/7/5 5439/7/5 5425/7/5
f 5443/2/5 5440/2/5 5439/2/5
f 5444/7/5 5441/7/5 5440/7/5
f 5444/2/5 5440/2/5 5443/2/5
f 5445/5/5 5442/5/5 5441/5/5
f 5445/7/5 5441/7/5 5444/7/5
f 5446/7/5 5438/7/5 5442/7/5
f 5446/5/5 5442/5/5 5445/5/5
f 5447/7/5 5445/7/5 5444/7/5
f 5447/7/5 5444/7/5 5443/7/5
f 5447/7/5 5446/7/5 5445/7/5
f 5448/7/5 5446/7/5 5447/7/5
f 5449/7/5 5447/7/5 5443/7/5
f 5449/2/5 5448/2/5 5447/2/5
f 5450/7/5 5446/7/5 5448/7/5
f 5450/2/5 5448/2/5 5449/2/5
f 5451/7/5 5450/7/5 5449/7/5
f 5451/7/5 5446/7/5 5450/7/5
f 5452/7/5 5446/7/5 5451/7/5
f 5453/7/5 5438/7/5 5446/7/5
f 5453/7/5 5446/7/5 5452/7/5
f 5454/7/5 5438/7/5 5453/7/5
f 5455/6/5 5452/6/5 5451/6/5
f 5455/7/5 5451/7/5 5449/7/5
f 5456/7/5 5453/7/5 5452/7/5
f 5456/6/5 5452/6/5 5455/6/5
f 5457/7/5 5453/7/5 5456/7/5
f 5458/7/5 5453/7/5 5457/7/5
f 5459/7/5 5456/7/5 5455/7/5
f 5459/7/5 5457/7/5 5456/7/5
f 5459/3/5 5458/3/5 5457/3/5
f 5460/7/5 5453/7/5 5458/7/5
f 5460/3/5 5458/3/5 5459/3/5
f 5461/4/5 5454/4/5 5453/4/5
f 5461/7/5 5453/7/5 5460/7/5
f 5462/7/5 5438/7/5 5454/7/5
f 5462/4/5 5454/4/5 5461/4/5
f 5463/7/5 5461/7/5 5460/7/5
f 5463/7/5 5460/7/5 5459/7/5
f 5463/7/5 5462/7/5 5461/7/5
f 5464/7/5 5462/7/5 5463/7/5
f 5465/7/5 5412/7/5 5430/7/5
f 5465/7/5 5462/7/5 5464/7/5
f 5465/7/5 5430/7/5 5438/7/5
f 5465/7/5 5438/7/5 5462/7/5
f 5466/7/5 5412/7/5 5465/7/5
f 5467/7/5 5463/7/5 5459/7/5
f 5467/7/5 5455/7/5 5449/7/5
f 5467/7/5 5459/7/5 5455/7/5
f 5468/7/5 5463/7/5 5467/7/5
f 5469/2/5 5466/2/5 5465/2/5
f 5469/7/5 5465/7/5 5464/7/5
f 5470/7/5 5412/7/5 5466/7/5
f 5470/2/5 5466/2/5 5469/2/5
f 5471/7/5 5449/7/5 5443/7/5
f 5471/7/5 5467/7/5 5449/7/5
f 5472/7/5 5467/7/5 5471/7/5
f 5473/2/5 5468/2/5 5467/2/5
f 5473/7/5 5467/7/5 5472/7/5
f 5474/7/5 5463/7/5 5468/7/5
f 5474/2/5 5468/2/5 5473/2/5
f 5475/3/5 5464/3/5 5463/3/5
f 5475/7/5 5463/7/5 5474/7/5
f 5476/7/5 5469/7/5 5464/7/5
f 5476/3/5 5464/3/5 5475/3/5
f 5476/7/5 5470/7/5 5469/7/5
f 5477/2/5 5472/2/5 5471/2/5
f 5477/7/5 5471/7/5 5443/7/5
f 5478/7/5 5474/7/5 5473/7/5
f 5478/2/5 5472/2/5 5477/2/5
f 5478/7/5 5475/7/5 5474/7/5
f 5478/7/5 5476/7/5 5475/7/5
f 5478/7/5 5473/7/5 5472/7/5
f 5479/7/5 5476/7/5 5478/7/5
f 5480/7/5 5478/7/5 5477/7/5
f 5480/6/5 5479/6/5 5478/6/5
f 5481/7/5 5476/7/5 5479/7/5
f 5481/6/5 5479/6/5 5480/6/5
f 5482/7/5 5476/7/5 5481/7/5
f 5483/7/5 5476/7/5 5482/7/5
f 5484/7/5 5481/7/5 5480/7/5
f 5484/7/5 5482/7/5 5481/7/5
f 5484/3/5 5483/3/5 5482/3/5
f 5485/7/5 5476/7/5 5483/7/5
f 5485/3/5 5483/3/5 5484/3/5
f 5486/7/5 5484/7/5 5480/7/5
f 5486/7/5 5485/7/5 5484/7/5
f 5487/7/5 5485/7/5 5486/7/5
f 5488/7/5 5486/7/5 5480/7/5
f 5488/6/5 5487/6/5 5486/6/5
f 5489/7/5 5485/7/5 5487/7/5
f 5489/6/5 5487/6/5 5488/6/5
f 5490/7/5 5476/7/5 5485/7/5
f 5490/7/5 5485/7/5 5489/7/5
f 5491/7/5 5476/7/5 5490/7/5
f 5492/7/5 5489/7/5 5488/7/5
f 5492/7/5 5490/7/5 5489/7/5
f 5493/7/5 5490/7/5 5492/7/5
f 5494/3/5 5491/3/5 5490/3/5
f 5494/7/5 5490/7/5 5493/7/5
f 5495/7/5 5476/7/5 5491/7/5
f 5495/3/5 5491/3/5 5494/3/5
f 5496/3/5 5493/3/5 5492/3/5
f 5496/7/5 5492/7/5 5488/7/5
f 5497/7/5 5494/7/5 5493/7/5
f 5497/3/5 5493/3/5 5496/3/5
f 5497/7/5 5495/7/5 5494/7/5
f 5498/7/5 5495/7/5 5497/7/5
f 5499/7/5 5476/7/5 5495/7/5
f 5499/7/5 5495/7/5 5498/7/5
f 5500/7/5 5498/7/5 5497/7/5
f 5500/7/5 5497/7/5 5496/7/5
f 5500/2/5 5499/2/5 5498/2/5
f 5501/7/5 5476/7/5 5499/7/5
f 5501/2/5 5499/2/5 5500/2/5
f 5502/7/5 5500/7/5 5496/7/5
f 5502/7/5 5501/7/5 5500/7/5
f 5503/7/5 5501/7/5 5502/7/5
f 5504/7/5 5496/7/5 5488/7/5
f 5504/7/5 5488/7/5 5480/7/5
f 5504/7/5 5502/7/5 5496/7/5
f 5505/7/5 5502/7/5 5504/7/5
f 5506/3/5 5503/3/5 5502/3/5
f 5506/7/5 5502/7/5 5505/7/5
f 5507/7/5 5501/7/5 5503/7/5
f 5507/3/5 5503/3/5 5506/3/5
f 5508/3/5 5505/3/5 5504/3/5
f 5508/7/5 5504/7/5 5480/7/5
f 5509/7/5 5506/7/5 5505/7/5
f 5509/3/5 5505/3/5 5508/3/5
f 5509/7/5 5507/7/5 5506/7/5
f 5510/7/5 5501/7/5 5507/7/5
f 5510/7/5 5507/7/5 5509/7/5
f 5510/7/5 5509/7/5 5508/7/5
f 5511/7/5 5501/7/5 5510/7/5
f 5512/7/5 5510/7/5 5508/7/5
f 5512/5/5 5511/5/5 5510/5/5
f 5513/7/5 5501/7/5 5511/7/5
f 5513/5/5 5511/5/5 5512/5/5
f 5514/7/5 5513/7/5 5512/7/5
f 5514/7/5 5501/7/5 5513/7/5
f 5515/7/5 5501/7/5 5514/7/5
f 5516/7/5 5514/7/5 5512/7/5
f 5516/4/5 5515/4/5 5514/4/5
f 5517/7/5 5501/7/5 5515/7/5
f 5517/4/5 5515/4/5 5516/4/5
f 5518/7/5 5501/7/5 5517/7/5
f 5519/7/5 5501/7/5 5518/7/5
f 5520/7/5 5470/7/5 5476/7/5
f 5520/7/5 5501/7/5 5519/7/5
f 5520/7/5 5476/7/5 5501/7/5
f 5521/7/5 5470/7/5 5520/7/5
f 5522/6/5 5519/6/5 5518/6/5
f 5522/7/5 5518/7/5 5517/7/5
f 5522/7/5 5517/7/5 5516/7/5
f 5523/7/5 5520/7/5 5519/7/5
f 5523/6/5 5519/6/5 5522/6/5
f 5524/2/5 5521/2/5 5520/2/5
f 5524/7/5 5520/7/5 5523/7/5
f 5525/7/5 5470/7/5 5521/7/5
f 5525/2/5 5521/2/5 5524/2/5
f 5526/7/5 5524/7/5 5523/7/5
f 5526/7/5 5523/7/5 5522/7/5
f 5526/7/5 5525/7/5 5524/7/5
f 5527/7/5 5470/7/5 5525/7/5
f 5527/7/5 5525/7/5 5526/7/5
f 5528/7/5 5526/7/5 5522/7/5
f 5528/7/5 5522/7/5 5516/7/5
f 5528/7/5 5512/7/5 5508/7/5
f 5528/7/5 5516/7/5 5512/7/5
f 5529/7/5 5526/7/5 5528/7/5
f 5530/7/5 5528/7/5 5508/7/5
f 5530/5/5 5529/5/5 5528/5/5
f 5531/7/5 5526/7/5 5529/7/5
f 5531/5/5 5529/5/5 5530/5/5
f 5532/7/5 5526/7/5 5531/7/5
f 5533/7/5 5526/7/5 5532/7/5
f 5534/4/5 5527/4/5 5526/4/5
f 5534/7/5 5526/7/5 5533/7/5
f 5535/7/5 5470/7/5 5527/7/5
f 5535/4/5 5527/4/5 5534/4/5
f 5536/4/5 5533/4/5 5532/4/5
f 5536/7/5 5531/7/5 5530/7/5
f 5536/7/5 5532/7/5 5531/7/5
f 5537/7/5 5534/7/5 5533/7/5
f 5537/4/5 5533/4/5 5536/4/5
f 5537/7/5 5535/7/5 5534/7/5
f 5538/7/5 5536/7/5 5530/7/5
f 5538/7/5 5537/7/5 5536/7/5
f 5539/7/5 5537/7/5 5538/7/5
f 5540/7/5 5535/7/5 5537/7/5
f 5540/7/5 5537/7/5 5539/7/5
f 5541/7/5 5535/7/5 5540/7/5
f 5542/2/5 5539/2/5 5538/2/5
f 5542/7/5 5538/7/5 5530/7/5
f 5543/7/5 5540/7/5 5539/7/5
f 5543/2/5 5539/2/5 5542/2/5
f 5544/6/5 5541/6/5 5540/6/5
f 5544/7/5 5540/7/5 5543/7/5
f 5545/7/5 5535/7/5 5541/7/5
f 5545/6/5 5541/6/5 5544/6/5
f 5546/7/5 5544/7/5 5543/7/5
f 5546/7/5 5508/7/5 5480/7/5
f 5546/7/5 5545/7/5 5544/7/5
f 5546/7/5 5542/7/5 5530/7/5
f 5546/7/5 5543/7/5 5542/7/5
f 5546/7/5 5530/7/5 5508/7/5
f 5547/7/5 5545/7/5 5546/7/5
f 5548/7/5 5546/7/5 5480/7/5
f 5548/5/5 5547/5/5 5546/5/5
f 5549/7/5 5545/7/5 5547/7/5
f 5549/5/5 5547/5/5 5548/5/5
f 5550/7/5 5535/7/5 5545/7/5
f 5550/7/5 5545/7/5 5549/7/5
f 5550/7/5 5549/7/5 5548/7/5
f 5551/7/5 5535/7/5 5550/7/5
f 5552/7/5 5550/7/5 5548/7/5
f 5552/1/5 5551/1/5 5550/1/5
f 5553/7/5 5535/7/5 5551/7/5
f 5553/1/5 5551/1/5 5552/1/5
f 5554/7/5 5552/7/5 5548/7/5
f 5554/7/5 5553/7/5 5552/7/5
f 5555/7/5 5553/7/5 5554/7/5
f 5556/7/5 5554/7/5 5548/7/5
f 5556/4/5 5555/4/5 5554/4/5
f 5557/7/5 5553/7/5 5555/7/5
f 5557/4/5 5555/4/5 5556/4/5
f 5558/7/5 5556/7/5 5548/7/5
f 5558/7/5 5557/7/5 5556/7/5
f 5559/7/5 5557/7/5 5558/7/5
f 5560/7/5 5558/7/5 5548/7/5
f 5560/1/5 5559/1/5 5558/1/5
f 5561/7/5 5557/7/5 5559/7/5
f 5561/1/5 5559/1/5 5560/1/5
f 5562/7/5 5477/7/5 5443/7/5
f 5562/7/5 5548/7/5 5480/7/5
f 5562/7/5 5561/7/5 5560/7/5
f 5562/7/5 5560/7/5 5548/7/5
f 5562/7/5 5443/7/5 5425/7/5
f 5562/7/5 5480/7/5 5477/7/5
f 5563/7/5 5561/7/5 5562/7/5
f 5564/7/5 5562/7/5 5425/7/5
f 5564/3/5 5563/3/5 5562/3/5
f 5565/7/5 5561/7/5 5563/7/5
f 5565/3/5 5563/3/5 5564/3/5
f 5566/7/5 5564/7/5 5425/7/5
f 5566/7/5 5565/7/5 5564/7/5
f 5567/7/5 5561/7/5 5565/7/5
f 5567/7/5 5565/7/5 5566/7/5
f 5568/7/5 5566/7/5 5425/7/5
f 5568/4/5 5567/4/5 5566/4/5
f 5569/7/5 5561/7/5 5567/7/5
f 5569/4/5 5567/4/5 5568/4/5
f 5570/7/5 5569/7/5 5568/7/5
f 5570/7/5 5561/7/5 5569/7/5
f 5571/7/5 5561/7/5 5570/7/5
f 5572/7/5 5570/7/5 5568/7/5
f 5572/5/5 5571/5/5 5570/5/5
f 5573/7/5 5561/7/5 5571/7/5
f 5573/5/5 5571/5/5 5572/5/5
f 5574/7/5 5573/7/5 5572/7/5
f 5574/7/5 5561/7/5 5573/7/5
f 5575/7/5 5561/7/5 5574/7/5
f 5576/7/5 5561/7/5 5575/7/5
f 5577/7/5 5568/7/5 5425/7/5
f 5577/7/5 5572/7/5 5568/7/5
f 5577/7/5 5574/7/5 5572/7/5
f 5578/7/5 5574/7/5 5577/7/5
f 5579/3/5 5575/3/5 5574/3/5
f 5579/7/5 5574/7/5 5578/7/5
f 5580/4/5 5576/4/5 5575/4/5
f 5580/3/5 5575/3/5 5579/3/5
f 5581/7/5 5561/7/5 5576/7/5
f 5581/4/5 5576/4/5 5580/4/5
f 5582/3/5 5578/3/5 5577/3/5
f 5582/7/5 5577/7/5 5425/7/5
f 5583/7/5 5579/7/5 5578/7/5
f 5583/3/5 5578/3/5 5582/3/5
f 5584/4/5 5580/4/5 5579/4/5
f 5584/7/5 5579/7/5 5583/7/5
f 5585/7/5 5581/7/5 5580/7/5
f 5585/4/5 5580/4/5 5584/4/5
f 5586/7/5 5583/7/5 5582/7/5
f 5586/7/5 5582/7/5 5425/7/5
f 5586/7/5 5585/7/5 5584/7/5
f 5586/7/5 5584/7/5 5583/7/5
f 5587/7/5 5585/7/5 5586/7/5
f 5588/7/5 5586/7/5 5425/7/5
f 5588/3/5 5587/3/5 5586/3/5
f 5589/7/5 5585/7/5 5587/7/5
f 5589/3/5 5587/3/5 5588/3/5
f 5590/7/5 5557/7/5 5561/7/5
f 5590/7/5 5585/7/5 5589/7/5
f 5590/7/5 5581/7/5 5585/7/5
f 5590/7/5 5561/7/5 5581/7/5
f 5591/7/5 5557/7/5 5590/7/5
f 5592/7/5 5589/7/5 5588/7/5
f 5592/7/5 5590/7/5 5589/7/5
f 5592/3/5 5591/3/5 5590/3/5
f 5593/7/5 5557/7/5 5591/7/5
f 5593/3/5 5591/3/5 5592/3/5
f 5594/7/5 5592/7/5 5588/7/5
f 5594/7/5 5593/7/5 5592/7/5
f 5595/7/5 5593/7/5 5594/7/5
f 5596/7/5 5557/7/5 5593/7/5
f 5596/7/5 5593/7/5 5595/7/5
f 5597/7/5 5557/7/5 5596/7/5
f 5598/4/5 5595/4/5 5594/4/5
f 5598/7/5 5594/7/5 5588/7/5
f 5599/7/5 5596/7/5 5595/7/5
f 5599/4/5 5595/4/5 5598/4/5
f 5600/3/5 5597/3/5 5596/3/5
f 5600/7/5 5596/7/5 5599/7/5
f 5601/7/5 5557/7/5 5597/7/5
f 5601/3/5 5597/3/5 5600/3/5
f 5602/7/5 5401/7/5 5381/7/5
f 5602/7/5 5425/7/5 5401/7/5
f 5602/7/5 5601/7/5 5600/7/5
f 5602/7/5 5598/7/5 5588/7/5
f 5602/7/5 5599/7/5 5598/7/5
f 5602/7/5 5588/7/5 5425/7/5
f 5602/7/5 5600/7/5 5599/7/5
f 5603/7/5 5601/7/5 5602/7/5
f 5604/7/5 5602/7/5 5381/7/5
f 5605/3/5 5603/3/5 5602/3/5
f 5605/7/5 5602/7/5 5604/7/5
f 5606/7/5 5601/7/5 5603/7/5
f 5606/3/5 5603/3/5 5605/3/5
f 5607/3/5 5605/3/5 5604/3/5
f 5607/7/5 5604/7/5 5381/7/5
f 5608/7/5 5606/7/5 5605/7/5
f 5608/3/5 5605/3/5 5607/3/5
f 5609/7/5 5601/7/5 5606/7/5
f 5609/7/5 5606/7/5 5608/7/5
f 5609/7/5 5608/7/5 5607/7/5
f 5610/7/5 5601/7/5 5609/7/5
f 5611/7/5 5609/7/5 5607/7/5
f 5611/3/5 5610/3/5 5609/3/5
f 5612/7/5 5601/7/5 5610/7/5
f 5612/3/5 5610/3/5 5611/3/5
f 5613/7/5 5611/7/5 5607/7/5
f 5613/7/5 5612/7/5 5611/7/5
f 5614/7/5 5612/7/5 5613/7/5
f 5615/7/5 5613/7/5 5607/7/5
f 5615/5/5 5614/5/5 5613/5/5
f 5616/7/5 5612/7/5 5614/7/5
f 5616/5/5 5614/5/5 5615/5/5
f 5617/7/5 5616/7/5 5615/7/5
f 5617/7/5 5612/7/5 5616/7/5
f 5618/7/5 5612/7/5 5617/7/5
f 5619/7/5 5617/7/5 5615/7/5
f 5619/4/5 5618/4/5 5617/4/5
f 5620/7/5 5612/7/5 5618/7/5
f 5620/4/5 5618/4/5 5619/4/5
f 5621/7/5 5557/7/5 5601/7/5
f 5621/7/5 5612/7/5 5620/7/5
f 5621/7/5 5620/7/5 5619/7/5
f 5621/7/5 5601/7/5 5612/7/5
f 5622/7/5 5557/7/5 5621/7/5
f 5623/7/5 5621/7/5 5619/7/5
f 5623/4/5 5622/4/5 5621/4/5
f 5624/7/5 5557/7/5 5622/7/5
f 5624/4/5 5622/4/5 5623/4/5
f 5625/7/5 5619/7/5 5615/7/5
f 5625/7/5 5615/7/5 5607/7/5
f 5625/7/5 5624/7/5 5623/7/5
f 5625/7/5 5623/7/5 5619/7/5
f 5626/7/5 5624/7/5 5625/7/5
f 5627/7/5 5624/7/5 5626/7/5
f 5628/7/5 5557/7/5 5624/7/5
f 5628/7/5 5624/7/5 5627/7/5
f 5629/7/5 5625/7/5 5607/7/5
f 5629/4/5 5626/4/5 5625/4/5
f 5630/7/5 5627/7/5 5626/7/5
f 5630/4/5 5626/4/5 5629/4/5
f 5631/5/5 5628/5/5 5627/5/5
f 5631/7/5 5627/7/5 5630/7/5
f 5632/7/5 5557/7/5 5628/7/5
f 5632/5/5 5628/5/5 5631/5/5
f 5633/7/5 5631/7/5 5630/7/5
f 5633/7/5 5630/7/5 5629/7/5
f 5633/7/5 5632/7/5 5631/7/5
f 5634/7/5 5632/7/5 5633/7/5
f 5635/7/5 5633/7/5 5629/7/5
f 5635/4/5 5634/4/5 5633/4/5
f 5636/7/5 5632/7/5 5634/7/5
f 5636/4/5 5634/4/5 5635/4/5
f 5637/7/5 5629/7/5 5607/7/5
f 5637/7/5 5635/7/5 5629/7/5
f 5637/7/5 5636/7/5 5635/7/5
f 5638/7/5 5636/7/5 5637/7/5
f 5639/7/5 5637/7/5 5607/7/5
f 5639/3/5 5638/3/5 5637/3/5
f 5640/7/5 5636/7/5 5638/7/5
f 5640/3/5 5638/3/5 5639/3/5
f 5641/7/5 5636/7/5 5640/7/5
f 5642/7/5 5636/7/5 5641/7/5
f 5643/7/5 5640/7/5 5639/7/5
f 5643/7/5 5641/7/5 5640/7/5
f 5643/1/5 5642/1/5 5641/1/5
f 5644/7/5 5636/7/5 5642/7/5
f 5644/1/5 5642/1/5 5643/1/5
f 5645/7/5 5644/7/5 5643/7/5
f 5645/7/5 5636/7/5 5644/7/5
f 5646/7/5 5636/7/5 5645/7/5
f 5647/7/5 5645/7/5 5643/7/5
f 5647/4/5 5646/4/5 5645/4/5
f 5648/7/5 5636/7/5 5646/7/5
f 5648/4/5 5646/4/5 5647/4/5
f 5649/7/5 5639/7/5 5607/7/5
f 5649/7/5 5643/7/5 5639/7/5
f 5649/7/5 5648/7/5 5647/7/5
f 5649/7/5 5647/7/5 5643/7/5
f 5650/7/5 5648/7/5 5649/7/5
f 5651/7/5 5648/7/5 5650/7/5
f 5652/7/5 5648/7/5 5651/7/5
f 5653/7/5 5649/7/5 5607/7/5
f 5653/3/5 5650/3/5 5649/3/5
f 5654/7/5 5651/7/5 5650/7/5
f 5654/3/5 5650/3/5 5653/3/5
f 5655/4/5 5652/4/5 5651/4/5
f 5655/7/5 5651/7/5 5654/7/5
f 5656/7/5 5648/7/5 5652/7/5
f 5656/4/5 5652/4/5 5655/4/5
f 5657/7/5 5655/7/5 5654/7/5
f 5657/7/5 5654/7/5 5653/7/5
f 5657/7/5 5656/7/5 5655/7/5
f 5657/7/5 5653/7/5 5607/7/5
f 5658/7/5 5656/7/5 5657/7/5
f 5659/7/5 5657/7/5 5607/7/5
f 5659/4/5 5658/4/5 5657/4/5
f 5660/7/5 5656/7/5 5658/7/5
f 5660/4/5 5658/4/5 5659/4/5
f 5661/7/5 5648/7/5 5656/7/5
f 5661/7/5 5656/7/5 5660/7/5
f 5661/7/5 5660/7/5 5659/7/5
f 5662/7/5 5648/7/5 5661/7/5
f 5663/7/5 5661/7/5 5659/7/5
f 5663/1/5 5662/1/5 5661/1/5
f 5664/7/5 5648/7/5 5662/7/5
f 5664/1/5 5662/1/5 5663/1/5
f 5665/7/5 5664/7/5 5663/7/5
f 5665/7/5 5648/7/5 5664/7/5
f 5666/7/5 5648/7/5 5665/7/5
f 5667/7/5 5665/7/5 5663/7/5
f 5667/6/5 5666/6/5 5665/6/5
f 5668/7/5 5648/7/5 5666/7/5
f 5668/6/5 5666/6/5 5667/6/5
f 5669/7/5 5663/7/5 5659/7/5
f 5669/7/5 5667/7/5 5663/7/5
f 5669/7/5 5668/7/5 5667/7/5
f 5670/7/5 5668/7/5 5669/7/5
f 5671/7/5 5669/7/5 5659/7/5
f 5671/4/5 5670/4/5 5669/4/5
f 5672/7/5 5668/7/5 5670/7/5
f 5672/4/5 5670/4/5 5671/4/5
f 5673/7/5 5659/7/5 5607/7/5
f 5673/7/5 5671/7/5 5659/7/5
f 5673/7/5 5672/7/5 5671/7/5
f 5674/7/5 5672/7/5 5673/7/5
f 5675/7/5 5673/7/5 5607/7/5
f 5675/3/5 5674/3/5 5673/3/5
f 5676/7/5 5672/7/5 5674/7/5
f 5676/3/5 5674/3/5 5675/3/5
f 5677/7/5 5668/7/5 5672/7/5
f 5677/7/5 5672/7/5 5676/7/5
f 5678/7/5 5668/7/5 5677/7/5
f 5679/7/5 5676/7/5 5675/7/5
f 5679/7/5 5677/7/5 5676/7/5
f 5679/3/5 5678/3/5 5677/3/5
f 5680/7/5 5668/7/5 5678/7/5
f 5680/3/5 5678/3/5 5679/3/5
f 5681/7/5 5636/7/5 5648/7/5
f 5681/7/5 5668/7/5 5680/7/5
f 5681/7/5 5648/7/5 5668/7/5
f 5682/7/5 5636/7/5 5681/7/5
f 5683/7/5 5680/7/5 5679/7/5
f 5683/7/5 5681/7/5 5680/7/5
f 5684/7/5 5681/7/5 5683/7/5
f 5685/4/5 5682/4/5 5681/4/5
f 5685/7/5 5681/7/5 5684/7/5
f 5686/7/5 5636/7/5 5682/7/5
f 5686/4/5 5682/4/5 5685/4/5
f 5687/3/5 5684/3/5 5683/3/5
f 5687/7/5 5683/7/5 5679/7/5
f 5688/7/5 5685/7/5 5684/7/5
f 5688/3/5 5684/3/5 5687/3/5
f 5688/7/5 5686/7/5 5685/7/5
f 5689/7/5 5687/7/5 5679/7/5
f 5689/7/5 5679/7/5 5675/7/5
f 5689/7/5 5688/7/5 5687/7/5
f 5690/7/5 5688/7/5 5689/7/5
f 5691/7/5 5688/7/5 5690/7/5
f 5692/7/5 5688/7/5 5691/7/5
f 5693/7/5 5689/7/5 5675/7/5
f 5693/5/5 5690/5/5 5689/5/5
f 5694/7/5 5691/7/5 5690/7/5
f 5694/5/5 5690/5/5 5693/5/5
f 5695/4/5 5692/4/5 5691/4/5
f 5695/7/5 5691/7/5 5694/7/5
f 5696/7/5 5688/7/5 5692/7/5
f 5696/4/5 5692/4/5 5695/4/5
f 5697/7/5 5686/7/5 5688/7/5
f 5697/7/5 5688/7/5 5696/7/5
f 5697/7/5 5696/7/5 5695/7/5
f 5697/7/5 5695/7/5 5694/7/5
f 5697/7/5 5694/7/5 5693/7/5
f 5698/7/5 5686/7/5 5697/7/5
f 5699/7/5 5697/7/5 5693/7/5
f 5699/3/5 5698/3/5 5697/3/5
f 5700/7/5 5686/7/5 5698/7/5
f 5700/3/5 5698/3/5 5699/3/5
f 5701/7/5 5699/7/5 5693/7/5
f 5701/7/5 5700/7/5 5699/7/5
f 5702/7/5 5700/7/5 5701/7/5
f 5703/7/5 5701/7/5 5693/7/5
f 5704/7/5 5701/7/5 5703/7/5
f 5705/3/5 5702/3/5 5701/3/5
f 5705/7/5 5701/7/5 5704/7/5
f 5706/7/5 5700/7/5 5702/7/5
f 5706/3/5 5702/3/5 5705/3/5
f 5707/7/5 5686/7/5 5700/7/5
f 5707/7/5 5700/7/5 5706/7/5
f 5708/7/5 5686/7/5 5707/7/5
f 5709/3/5 5704/3/5 5703/3/5
f 5709/7/5 5703/7/5 5693/7/5
f 5710/7/5 5706/7/5 5705/7/5
f 5710/3/5 5704/3/5 5709/3/5
f 5710/7/5 5705/7/5 5704/7/5
f 5710/7/5 5707/7/5 5706/7/5
f 5711/6/5 5708/6/5 5707/6/5
f 5711/7/5 5707/7/5 5710/7/5
f 5712/7/5 5686/7/5 5708/7/5
f 5712/6/5 5708/6/5 5711/6/5
f 5713/7/5 5710/7/5 5709/7/5
f 5713/7/5 5711/7/5 5710/7/5
f 5713/7/5 5712/7/5 5711/7/5
f 5714/7/5 5712/7/5 5713/7/5
f 5715/7/5 5712/7/5 5714/7/5
f 5716/7/5 5686/7/5 5712/7/5
f 5716/7/5 5712/7/5 5715/7/5
f 5717/7/5 5713/7/5 5709/7/5
f 5717/3/5 5714/3/5 5713/3/5
f 5718/7/5 5715/7/5 5714/7/5
f 5718/3/5 5714/3/5 5717/3/5
f 5719/4/5 5716/4/5 5715/4/5
f 5719/7/5 5715/7/5 5718/7/5
f 5720/7/5 5686/7/5 5716/7/5
f 5720/4/5 5716/4/5 5719/4/5
f 5721/7/5 5636/7/5 5686/7/5
f 5721/7/5 5686/7/5 5720/7/5
f 5722/7/5 5636/7/5 5721/7/5
f 5723/7/5 5720/7/5 5719/7/5
f 5723/7/5 5719/7/5 5718/7/5
f 5723/5/5 5722/5/5 5721/5/5
f 5723/7/5 5721/7/5 5720/7/5
f 5723/7/5 5718/7/5 5717/7/5
f 5724/7/5 5636/7/5 5722/7/5
f 5724/5/5 5722/5/5 5723/5/5
f 5725/7/5 5723/7/5 5717/7/5
f 5725/7/5 5724/7/5 5723/7/5
f 5726/7/5 5724/7/5 5725/7/5
f 5727/7/5 5725/7/5 5717/7/5
f 5728/7/5 5725/7/5 5727/7/5
f 5729/3/5 5726/3/5 5725/3/5
f 5729/7/5 5725/7/5 5728/7/5
f 5730/7/5 5724/7/5 5726/7/5
f 5730/3/5 5726/3/5 5729/3/5
f 5731/4/5 5728/4/5 5727/4/5
f 5731/7/5 5727/7/5 5717/7/5
f 5732/7/5 5729/7/5 5728/7/5
f 5732/4/5 5728/4/5 5731/4/5
f 5732/7/5 5730/7/5 5729/7/5
f 5733/7/5 5731/7/5 5717/7/5
f 5733/7/5 5732/7/5 5731/7/5
f 5734/7/5 5732/7/5 5733/7/5
f 5735/7/5 5733/7/5 5717/7/5
f 5735/4/5 5734/4/5 5733/4/5
f 5736/7/5 5732/7/5 5734/7/5
f 5736/4/5 5734/4/5 5735/4/5
f 5737/7/5 5717/7/5 5709/7/5
f 5737/7/5 5735/7/5 5717/7/5
f 5737/7/5 5736/7/5 5735/7/5
f 5738/7/5 5736/7/5 5737/7/5
f 5739/7/5 5736/7/5 5738/7/5
f 5740/7/5 5732/7/5 5736/7/5
f 5740/7/5 5736/7/5 5739/7/5
f 5741/7/5 5737/7/5 5709/7/5
f 5741/2/5 5738/2/5 5737/2/5
f 5742/7/5 5739/7/5 5738/7/5
f 5742/2/5 5738/2/5 5741/2/5
f 5743/5/5 5740/5/5 5739/5/5
f 5743/7/5 5739/7/5 5742/7/5
f 5744/7/5 5732/7/5 5740/7/5
f 5744/5/5 5740/5/5 5743/5/5
f 5745/7/5 5741/7/5 5709/7/5
f 5745/7/5 5743/7/5 5742/7/5
f 5745/7/5 5744/7/5 5743/7/5
f 5745/7/5 5742/7/5 5741/7/5
f 5746/7/5 5744/7/5 5745/7/5
f 5747/7/5 5745/7/5 5709/7/5
f 5747/4/5 5746/4/5 5745/4/5
f 5748/7/5 5744/7/5 5746/7/5
f 5748/4/5 5746/4/5 5747/4/5
f 5749/7/5 5732/7/5 5744/7/5
f 5749/7/5 5744/7/5 5748/7/5
f 5749/7/5 5748/7/5 5747/7/5
f 5750/7/5 5732/7/5 5749/7/5
f 5751/7/5 5749/7/5 5747/7/5
f 5751/4/5 5750/4/5 5749/4/5
f 5752/7/5 5732/7/5 5750/7/5
f 5752/4/5 5750/4/5 5751/4/5
f 5753/7/5 5730/7/5 5732/7/5
f 5753/7/5 5732/7/5 5752/7/5
f 5753/7/5 5752/7/5 5751/7/5
f 5754/7/5 5730/7/5 5753/7/5
f 5755/7/5 5709/7/5 5693/7/5
f 5755/7/5 5747/7/5 5709/7/5
f 5755/7/5 5751/7/5 5747/7/5
f 5755/7/5 5753/7/5 5751/7/5
f 5756/7/5 5753/7/5 5755/7/5
f 5757/4/5 5754/4/5 5753/4/5
f 5757/7/5 5753/7/5 5756/7/5
f 5758/7/5 5730/7/5 5754/7/5
f 5758/4/5 5754/4/5 5757/4/5
f 5759/5/5 5756/5/5 5755/5/5
f 5759/7/5 5755/7/5 5693/7/5
f 5760/7/5 5757/7/5 5756/7/5
f 5760/5/5 5756/5/5 5759/5/5
f 5760/7/5 5758/7/5 5757/7/5
f 5761/7/5 5760/7/5 5759/7/5
f 5761/7/5 5758/7/5 5760/7/5
f 5762/7/5 5758/7/5 5761/7/5
f 5763/7/5 5761/7/5 5759/7/5
f 5763/4/5 5762/4/5 5761/4/5
f 5764/7/5 5758/7/5 5762/7/5
f 5764/4/5 5762/4/5 5763/4/5
f 5765/7/5 5763/7/5 5759/7/5
f 5765/7/5 5764/7/5 5763/7/5
f 5766/7/5 5764/7/5 5765/7/5
f 5767/7/5 5765/7/5 5759/7/5
f 5767/4/5 5766/4/5 5765/4/5
f 5768/7/5 5764/7/5 5766/7/5
f 5768/4/5 5766/4/5 5767/4/5
f 5769/7/5 5315/7/5 5267/7/5
f 5769/7/5 5381/7/5 5353/7/5
f 5769/7/5 5768/7/5 5767/7/5
f 5769/7/5 5767/7/5 5759/7/5
f 5769/7/5 5353/7/5 5315/7/5
f 5769/7/5 5607/7/5 5381/7/5
f 5769/7/5 5693/7/5 5675/7/5
f 5769/7/5 5759/7/5 5693/7/5
f 5769/7/5 5675/7/5 5607/7/5
f 5770/7/5 5300/7/5 5340/7/5
f 5770/7/5 5768/7/5 5769/7/5
f 5770/7/5 5268/7/5 5300/7/5
f 5770/7/5 5636/7/5 5724/7/5
f 5770/7/5 5557/7/5 5632/7/5
f 5770/7/5 5730/7/5 5758/7/5
f 5770/7/5 5412/7/5 5470/7/5
f 5770/7/5 5553/7/5 5557/7/5
f 5770/7/5 5535/7/5 5553/7/5
f 5770/7/5 5380/7/5 5412/7/5
f 5770/7/5 5470/7/5 5535/7/5
f 5770/7/5 5340/7/5 5380/7/5
f 5770/7/5 5724/7/5 5730/7/5
f 5770/7/5 5758/7/5 5764/7/5
f 5770/7/5 5632/7/5 5636/7/5
f 5770/7/5 5764/7/5 5768/7/5
f 5773/7/5 5772/7/5 5771/7/5
f 5774/7/5 5772/7/5 5773/7/5
f 5775/7/6 5776/7/6 5777/7/6
f 5777/7/6 5776/7/6 5778/7/6
f 5775/7/6 5777/7/6 5779/7/6
f 5779/7/6 5777/7/6 5780/7/6
f 5777/6/6 5778/6/6 5781/6/6
f 5780/7/6 5777/7/6 5781/7/6
f 5778/7/6 5776/7/6 5782/7/6
f 5781/6/6 5778/6/6 5782/6/6
f 5775/7/6 5779/7/6 5783/7/6
f 5783/7/6 5779/7/6 5784/7/6
f 5779/6/6 5780/6/6 5785/6/6
f 5784/7/6 5779/7/6 5785/7/6
f 5780/7/6 5781/7/6 5786/7/6
f 5785/6/6 5780/6/6 5786/6/6
f 5781/7/6 5782/7/6 5786/7/6
f 5775/7/6 5783/7/6 5787/7/6
f 5787/7/6 5783/7/6 5788/7/6
f 5783/2/6 5784/2/6 5789/2/6
f 5788/7/6 5783/7/6 5789/7/6
f 5784/7/6 5785/7/6 5790/7/6
f 5789/2/6 5784/2/6 5790/2/6
f 5785/7/6 5786/7/6 5790/7/6
f 5782/7/6 5776/7/6 5791/7/6
f 5790/7/6 5786/7/6 5791/7/6
f 5786/7/6 5782/7/6 5791/7/6
f 5791/7/6 5776/7/6 5792/7/6
f 5792/7/6 5776/7/6 5793/7/6
f 5793/7/6 5776/7/6 5794/7/6
f 5787/2/6 5788/2/6 5795/2/6
f 5775/7/6 5787/7/6 5795/7/6
f 5788/7/6 5789/7/6 5796/7/6
f 5795/2/6 5788/2/6 5796/2/6
f 5789/7/6 5790/7/6 5796/7/6
f 5790/7/6 5791/7/6 5796/7/6
f 5796/7/6 5791/7/6 5797/7/6
f 5797/7/6 5791/7/6 5798/7/6
f 5791/3/6 5792/3/6 5799/3/6
f 5798/7/6 5791/7/6 5799/7/6
f 5792/7/6 5793/7/6 5800/7/6
f 5799/3/6 5792/3/6 5800/3/6
f 5793/4/6 5794/4/6 5801/4/6
f 5800/7/6 5793/7/6 5801/7/6
f 5794/7/6 5776/7/6 5802/7/6
f 5801/4/6 5794/4/6 5802/4/6
f 5802/7/6 5776/7/6 5803/7/6
f 5803/7/6 5776/7/6 5804/7/6
f 5797/2/6 5798/2/6 5805/2/6
f 5795/7/6 5796/7/6 5805/7/6
f 5796/7/6 5797/7/6 5805/7/6
f 5800/7/6 5801/7/6 5806/7/6
f 5805/2/6 5798/2/6 5806/2/6
f 5798/7/6 5799/7/6 5806/7/6
f 5801/7/6 5802/7/6 5806/7/6
f 5802/7/6 5803/7/6 5806/7/6
f 5799/7/6 5800/7/6 5806/7/6
f 5803/5/6 5804/5/6 5807/5/6
f 5806/7/6 5803/7/6 5807/7/6
f 5804/7/6 5776/7/6 5808/7/6
f 5807/5/6 5804/5/6 5808/5/6
f 5795/7/6 5805/7/6 5809/7/6
f 5805/7/6 5806/7/6 5809/7/6
f 5807/7/6 5808/7/6 5809/7/6
f 5806/7/6 5807/7/6 5809/7/6
f 5809/7/6 5808/7/6 5810/7/6
f 5795/7/6 5809/7/6 5811/7/6
f 5811/7/6 5809/7/6 5812/7/6
f 5809/2/6 5810/2/6 5813/2/6
f 5812/7/6 5809/7/6 5813/7/6
f 5810/7/6 5808/7/6 5814/7/6
f 5813/2/6 5810/2/6 5814/2/6
f 5814/7/6 5808/7/6 5815/7/6
f 5815/7/6 5808/7/6 5816/7/6
f 5808/7/6 5776/7/6 5817/7/6
f 5816/7/6 5808/7/6 5817/7/6
f 5817/7/6 5776/7/6 5818/7/6
f 5775/7/6 5795/7/6 5819/7/6
f 5795/7/6 5811/7/6 5819/7/6
f 5819/7/6 5811/7/6 5820/7/6
f 5811/4/6 5812/4/6 5821/4/6
f 5820/7/6 5811/7/6 5821/7/6
f 5812/7/6 5813/7/6 5822/7/6
f 5821/4/6 5812/4/6 5822/4/6
f 5813/7/6 5814/7/6 5822/7/6
f 5814/7/6 5815/7/6 5822/7/6
f 5815/6/6 5816/6/6 5823/6/6
f 5822/7/6 5815/7/6 5823/7/6
f 5816/7/6 5817/7/6 5824/7/6
f 5823/6/6 5816/6/6 5824/6/6
f 5824/7/6 5817/7/6 5825/7/6
f 5825/7/6 5817/7/6 5826/7/6
f 5819/4/6 5820/4/6 5827/4/6
f 5775/7/6 5819/7/6 5827/7/6
f 5820/7/6 5821/7/6 5828/7/6
f 5827/4/6 5820/4/6 5828/4/6
f 5821/3/6 5822/3/6 5829/3/6
f 5828/7/6 5821/7/6 5829/7/6
f 5822/7/6 5823/7/6 5830/7/6
f 5829/3/6 5822/3/6 5830/3/6
f 5824/7/6 5825/7/6 5830/7/6
f 5823/7/6 5824/7/6 5830/7/6
f 5830/7/6 5825/7/6 5831/7/6
f 5831/7/6 5825/7/6 5832/7/6
f 5832/7/6 5825/7/6 5833/7/6
f 5833/7/6 5825/7/6 5834/7/6
f 5834/7/6 5825/7/6 5835/7/6
f 5835/7/6 5825/7/6 5836/7/6
f 5827/7/6 5828/7/6 5837/7/6
f 5828/7/6 5829/7/6 5837/7/6
f 5829/7/6 5830/7/6 5837/7/6
f 5830/7/6 5831/7/6 5837/7/6
f 5831/3/6 5832/3/6 5837/3/6
f 5832/7/6 5833/7/6 5838/7/6
f 5837/3/6 5832/3/6 5838/3/6
f 5833/5/6 5834/5/6 5839/5/6
f 5838/7/6 5833/7/6 5839/7/6
f 5834/7/6 5835/7/6 5840/7/6
f 5839/5/6 5834/5/6 5840/5/6
f 5840/7/6 5835/7/6 5841/7/6
f 5841/7/6 5835/7/6 5842/7/6
f 5838/7/6 5839/7/6 5843/7/6
f 5837/7/6 5838/7/6 5843/7/6
f 5840/7/6 5841/7/6 5843/7/6
f 5839/7/6 5840/7/6 5843/7/6
f 5843/7/6 5841/7/6 5844/7/6
f 5844/7/6 5841/7/6 5845/7/6
f 5845/7/6 5841/7/6 5846/7/6
f 5837/7/6 5843/7/6 5847/7/6
f 5843/5/6 5844/5/6 5847/5/6
f 5844/7/6 5845/7/6 5848/7/6
f 5847/5/6 5844/5/6 5848/5/6
f 5848/7/6 5845/7/6 5849/7/6
f 5849/7/6 5845/7/6 5850/7/6
f 5847/7/6 5848/7/6 5851/7/6
f 5848/7/6 5849/7/6 5851/7/6
f 5851/7/6 5849/7/6 5852/7/6
f 5852/7/6 5849/7/6 5853/7/6
f 5853/7/6 5849/7/6 5854/7/6
f 5854/7/6 5849/7/6 5855/7/6
f 5855/7/6 5849/7/6 5856/7/6
f 5837/7/6 5847/7/6 5857/7/6
f 5847/7/6 5851/7/6 5857/7/6
f 5857/7/6 5851/7/6 5858/7/6
f 5851/4/6 5852/4/6 5859/4/6
f 5858/7/6 5851/7/6 5859/7/6
f 5852/7/6 5853/7/6 5860/7/6
f 5859/4/6 5852/4/6 5860/4/6
f 5853/5/6 5854/5/6 5861/5/6
f 5860/7/6 5853/7/6 5861/7/6
f 5854/7/6 5855/7/6 5862/7/6
f 5861/5/6 5854/5/6 5862/5/6
f 5862/7/6 5855/7/6 5863/7/6
f 5863/7/6 5855/7/6 5864/7/6
f 5775/7/6 5827/7/6 5865/7/6
f 5827/7/6 5837/7/6 5865/7/6
f 5837/7/6 5857/7/6 5865/7/6
f 5865/7/6 5857/7/6 5866/7/6
f 5866/7/6 5857/7/6 5867/7/6
f 5867/7/6 5857/7/6 5868/7/6
f 5857/3/6 5858/3/6 5869/3/6
f 5868/7/6 5857/7/6 5869/7/6
f 5862/7/6 5863/7/6 5870/7/6
f 5869/3/6 5858/3/6 5870/3/6
f 5860/7/6 5861/7/6 5870/7/6
f 5858/7/6 5859/7/6 5870/7/6
f 5859/7/6 5860/7/6 5870/7/6
f 5861/7/6 5862/7/6 5870/7/6
f 5870/7/6 5863/7/6 5871/7/6
f 5871/7/6 5863/7/6 5872/7/6
f 5866/7/6 5867/7/6 5873/7/6
f 5873/7/6 5867/7/6 5874/7/6
f 5874/7/6 5867/7/6 5875/7/6
f 5875/7/6 5867/7/6 5876/7/6
f 5876/7/6 5867/7/6 5877/7/6
f 5877/7/6 5867/7/6 5878/7/6
f 5867/4/6 5868/4/6 5879/4/6
f 5878/7/6 5867/7/6 5879/7/6
f 5868/7/6 5869/7/6 5880/7/6
f 5879/4/6 5868/4/6 5880/4/6
f 5870/7/6 5871/7/6 5880/7/6
f 5869/7/6 5870/7/6 5880/7/6
f 5880/7/6 5871/7/6 5881/7/6
f 5881/7/6 5871/7/6 5882/7/6
f 5866/7/6 5873/7/6 5883/7/6
f 5873/5/6 5874/5/6 5883/5/6
f 5874/7/6 5875/7/6 5884/7/6
f 5883/5/6 5874/5/6 5884/5/6
f 5875/2/6 5876/2/6 5885/2/6
f 5884/7/6 5875/7/6 5885/7/6
f 5876/7/6 5877/7/6 5886/7/6
f 5885/2/6 5876/2/6 5886/2/6
f 5877/6/6 5878/6/6 5887/6/6
f 5886/7/6 5877/7/6 5887/7/6
f 5878/7/6 5879/7/6 5888/7/6
f 5887/6/6 5878/6/6 5888/6/6
f 5880/7/6 5881/7/6 5888/7/6
f 5879/7/6 5880/7/6 5888/7/6
f 5888/7/6 5881/7/6 5889/7/6
f 5889/7/6 5881/7/6 5890/7/6
f 5890/7/6 5881/7/6 5891/7/6
f 5891/7/6 5881/7/6 5892/7/6
f 5892/7/6 5881/7/6 5893/7/6
f 5893/7/6 5881/7/6 5894/7/6
f 5894/7/6 5881/7/6 5895/7/6
f 5895/7/6 5881/7/6 5896/7/6
f 5886/7/6 5887/7/6 5897/7/6
f 5885/7/6 5886/7/6 5897/7/6
f 5884/7/6 5885/7/6 5897/7/6
f 5883/7/6 5884/7/6 5897/7/6
f 5887/7/6 5888/7/6 5897/7/6
f 5888/7/6 5889/7/6 5897/7/6
f 5889/4/6 5890/4/6 5897/4/6
f 5890/7/6 5891/7/6 5898/7/6
f 5897/4/6 5890/4/6 5898/4/6
f 5891/4/6 5892/4/6 5899/4/6
f 5898/7/6 5891/7/6 5899/7/6
f 5892/7/6 5893/7/6 5900/7/6
f 5899/4/6 5892/4/6 5900/4/6
f 5893/4/6 5894/4/6 5901/4/6
f 5900/7/6 5893/7/6 5901/7/6
f 5894/7/6 5895/7/6 5902/7/6
f 5901/4/6 5894/4/6 5902/4/6
f 5902/7/6 5895/7/6 5903/7/6
f 5903/7/6 5895/7/6 5904/7/6
f 5904/7/6 5895/7/6 5905/7/6
f 5905/7/6 5895/7/6 5906/7/6
f 5900/7/6 5901/7/6 5907/7/6
f 5899/7/6 5900/7/6 5907/7/6
f 5898/7/6 5899/7/6 5907/7/6
f 5866/7/6 5883/7/6 5907/7/6
f 5902/7/6 5903/7/6 5907/7/6
f 5901/7/6 5902/7/6 5907/7/6
f 5883/7/6 5897/7/6 5907/7/6
f 5897/7/6 5898/7/6 5907/7/6
f 5907/7/6 5903/7/6 5908/7/6
f 5908/7/6 5903/7/6 5909/7/6
f 5909/7/6 5903/7/6 5910/7/6
f 5910/7/6 5903/7/6 5911/7/6
f 5911/7/6 5903/7/6 5912/7/6
f 5912/7/6 5903/7/6 5913/7/6
f 5913/7/6 5903/7/6 5914/7/6
f 5903/3/6 5904/3/6 5915/3/6
f 5914/7/6 5903/7/6 5915/7/6
f 5904/7/6 5905/7/6 5916/7/6
f 5915/3/6 5904/3/6 5916/3/6
f 5916/7/6 5905/7/6 5917/7/6
f 5917/7/6 5905/7/6 5918/7/6
f 5908/7/6 5909/7/6 5919/7/6
f 5909/3/6 5910/3/6 5919/3/6
f 5910/7/6 5911/7/6 5920/7/6
f 5919/3/6 5910/3/6 5920/3/6
f 5920/7/6 5911/7/6 5921/7/6
f 5921/7/6 5911/7/6 5922/7/6
f 5911/3/6 5912/3/6 5923/3/6
f 5922/7/6 5911/7/6 5923/7/6
f 5912/7/6 5913/7/6 5924/7/6
f 5923/3/6 5912/3/6 5924/3/6
f 5913/5/6 5914/5/6 5925/5/6
f 5924/7/6 5913/7/6 5925/7/6
f 5914/7/6 5915/7/6 5926/7/6
f 5925/5/6 5914/5/6 5926/5/6
f 5916/7/6 5917/7/6 5926/7/6
f 5915/7/6 5916/7/6 5926/7/6
f 5926/7/6 5917/7/6 5927/7/6
f 5927/7/6 5917/7/6 5928/7/6
f 5920/7/6 5921/7/6 5929/7/6
f 5919/7/6 5920/7/6 5929/7/6
f 5921/3/6 5922/3/6 5929/3/6
f 5924/7/6 5925/7/6 5930/7/6
f 5929/3/6 5922/3/6 5930/3/6
f 5923/7/6 5924/7/6 5930/7/6
f 5922/7/6 5923/7/6 5930/7/6
f 5925/7/6 5926/7/6 5930/7/6
f 5926/7/6 5927/7/6 5930/7/6
f 5930/7/6 5927/7/6 5931/7/6
f 5931/7/6 5927/7/6 5932/7/6
f 5932/7/6 5927/7/6 5933/7/6
f 5933/7/6 5927/7/6 5934/7/6
f 5919/7/6 5929/7/6 5935/7/6
f 5929/7/6 5930/7/6 5935/7/6
f 5930/7/6 5931/7/6 5935/7/6
f 5935/7/6 5931/7/6 5936/7/6
f 5931/2/6 5932/2/6 5937/2/6
f 5936/7/6 5931/7/6 5937/7/6
f 5932/7/6 5933/7/6 5938/7/6
f 5937/2/6 5932/2/6 5938/2/6
f 5938/7/6 5933/7/6 5939/7/6
f 5939/7/6 5933/7/6 5940/7/6
f 5940/7/6 5933/7/6 5941/7/6
f 5941/7/6 5933/7/6 5942/7/6
f 5942/7/6 5933/7/6 5943/7/6
f 5943/7/6 5933/7/6 5944/7/6
f 5908/7/6 5919/7/6 5945/7/6
f 5919/7/6 5935/7/6 5945/7/6
f 5945/7/6 5935/7/6 5946/7/6
f 5935/4/6 5936/4/6 5947/4/6
f 5946/7/6 5935/7/6 5947/7/6
f 5936/7/6 5937/7/6 5948/7/6
f 5947/4/6 5936/4/6 5948/4/6
f 5937/7/6 5938/7/6 5948/7/6
f 5938/7/6 5939/7/6 5948/7/6
f 5939/5/6 5940/5/6 5949/5/6
f 5948/7/6 5939/7/6 5949/7/6
f 5940/7/6 5941/7/6 5950/7/6
f 5949/5/6 5940/5/6 5950/5/6
f 5941/6/6 5942/6/6 5951/6/6
f 5950/7/6 5941/7/6 5951/7/6
f 5942/7/6 5943/7/6 5952/7/6
f 5951/6/6 5942/6/6 5952/6/6
f 5952/7/6 5943/7/6 5953/7/6
f 5953/7/6 5943/7/6 5954/7/6
f 5954/7/6 5943/7/6 5955/7/6
f 5955/7/6 5943/7/6 5956/7/6
f 5946/7/6 5947/7/6 5957/7/6
f 5950/7/6 5951/7/6 5957/7/6
f 5949/7/6 5950/7/6 5957/7/6
f 5952/7/6 5953/7/6 5957/7/6
f 5951/7/6 5952/7/6 5957/7/6
f 5948/7/6 5949/7/6 5957/7/6
f 5947/7/6 5948/7/6 5957/7/6
f 5957/7/6 5953/7/6 5958/7/6
f 5958/7/6 5953/7/6 5959/7/6
f 5959/7/6 5953/7/6 5960/7/6
f 5953/2/6 5954/2/6 5961/2/6
f 5960/7/6 5953/7/6 5961/7/6
f 5954/7/6 5955/7/6 5962/7/6
f 5961/2/6 5954/2/6 5962/2/6
f 5962/7/6 5955/7/6 5963/7/6
f 5963/7/6 5955/7/6 5964/7/6
f 5958/7/6 5959/7/6 5965/7/6
f 5965/7/6 5959/7/6 5966/7/6
f 5959/4/6 5960/4/6 5967/4/6
f 5966/7/6 5959/7/6 5967/7/6
f 5960/7/6 5961/7/6 5968/7/6
f 5967/4/6 5960/4/6 5968/4/6
f 5962/7/6 5963/7/6 5968/7/6
f 5961/7/6 5962/7/6 5968/7/6
f 5968/7/6 5963/7/6 5969/7/6
f 5969/7/6 5963/7/6 5970/7/6
f 5966/7/6 5967/7/6 5971/7/6
f 5968/7/6 5969/7/6 5971/7/6
f 5967/7/6 5968/7/6 5971/7/6
f 5971/7/6 5969/7/6 5972/7/6
f 5972/7/6 5969/7/6 5973/7/6
f 5973/7/6 5969/7/6 5974/7/6
f 5974/7/6 5969/7/6 5975/7/6
f 5975/7/6 5969/7/6 5976/7/6
f 5966/7/6 5971/7/6 5977/7/6
f 5977/7/6 5971/7/6 5978/7/6
f 5978/7/6 5971/7/6 5979/7/6
f 5979/7/6 5971/7/6 5980/7/6
f 5971/2/6 5972/2/6 5981/2/6
f 5980/7/6 5971/7/6 5981/7/6
f 5972/7/6 5973/7/6 5982/7/6
f 5981/2/6 5972/2/6 5982/2/6
f 5973/2/6 5974/2/6 5983/2/6
f 5982/7/6 5973/7/6 5983/7/6
f 5974/7/6 5975/7/6 5984/7/6
f 5983/2/6 5974/2/6 5984/2/6
f 5984/7/6 5975/7/6 5985/7/6
f 5985/7/6 5975/7/6 5986/7/6
f 5978/7/6 5979/7/6 5987/7/6
f 5987/7/6 5979/7/6 5988/7/6
f 5979/4/6 5980/4/6 5989/4/6
f 5988/7/6 5979/7/6 5989/7/6
f 5980/7/6 5981/7/6 5990/7/6
f 5989/4/6 5980/4/6 5990/4/6
f 5981/7/6 5982/7/6 5990/7/6
f 5982/7/6 5983/7/6 5990/7/6
f 5983/7/6 5984/7/6 5990/7/6
f 5984/7/6 5985/7/6 5990/7/6
f 5990/7/6 5985/7/6 5991/7/6
f 5991/7/6 5985/7/6 5992/7/6
f 5988/7/6 5989/7/6 5993/7/6
f 5990/7/6 5991/7/6 5993/7/6
f 5989/7/6 5990/7/6 5993/7/6
f 5993/7/6 5991/7/6 5994/7/6
f 5994/7/6 5991/7/6 5995/7/6
f 5995/7/6 5991/7/6 5996/7/6
f 5994/7/6 5995/7/6 5997/7/6
f 5997/7/6 5995/7/6 5998/7/6
f 5998/7/6 5995/7/6 5999/7/6
f 5999/7/6 5995/7/6 6000/7/6
f 6000/7/6 5995/7/6 6001/7/6
f 6001/7/6 5995/7/6 6002/7/6
f 5998/7/6 5999/7/6 6003/7/6
f 6003/7/6 5999/7/6 6004/7/6
f 5999/2/6 6000/2/6 6005/2/6
f 6004/7/6 5999/7/6 6005/7/6
f 6000/7/6 6001/7/6 6006/7/6
f 6005/2/6 6000/2/6 6006/2/6
f 6006/7/6 6001/7/6 6007/7/6
f 6007/7/6 6001/7/6 6008/7/6
f 6004/7/6 6005/7/6 6009/7/6
f 6006/7/6 6007/7/6 6009/7/6
f 6005/7/6 6006/7/6 6009/7/6
f 6009/7/6 6007/7/6 6010/7/6
f 6010/7/6 6007/7/6 6011/7/6
f 6011/7/6 6007/7/6 6012/7/6
f 6012/7/6 6007/7/6 6013/7/6
f 6013/7/6 6007/7/6 6014/7/6
f 6010/7/6 6011/7/6 6015/7/6
f 6015/7/6 6011/7/6 6016/7/6
f 6011/3/6 6012/3/6 6017/3/6
f 6016/7/6 6011/7/6 6017/7/6
f 6012/7/6 6013/7/6 6018/7/6
f 6017/3/6 6012/3/6 6018/3/6
f 6018/7/6 6013/7/6 6019/7/6
f 6019/7/6 6013/7/6 6020/7/6
f 6020/7/6 6013/7/6 6021/7/6
f 6021/7/6 6013/7/6 6022/7/6
f 6016/7/6 6017/7/6 6023/7/6
f 6017/7/6 6018/7/6 6023/7/6
f 6018/7/6 6019/7/6 6023/7/6
f 6023/7/6 6019/7/6 6024/7/6
f 6019/3/6 6020/3/6 6025/3/6
f 6024/7/6 6019/7/6 6025/7/6
f 6020/7/6 6021/7/6 6026/7/6
f 6025/3/6 6020/3/6 6026/3/6
f 6026/7/6 6021/7/6 6027/7/6
f 6027/7/6 6021/7/6 6028/7/6
f 6024/7/6 6025/7/6 6029/7/6
f 6026/7/6 6027/7/6 6029/7/6
f 6025/7/6 6026/7/6 6029/7/6
f 6029/7/6 6027/7/6 6030/7/6
f 6030/7/6 6027/7/6 6031/7/6
f 6031/7/6 6027/7/6 6032/7/6
f 6032/7/6 6027/7/6 6033/7/6
f 6033/7/6 6027/7/6 6034/7/6
f 6034/7/6 6027/7/6 6035/7/6
f 6035/7/6 6027/7/6 6036/7/6
f 6030/7/6 6031/7/6 6037/7/6
f 6037/7/6 6031/7/6 6038/7/6
f 6031/2/6 6032/2/6 6039/2/6
f 6038/7/6 6031/7/6 6039/7/6
f 6032/7/6 6033/7/6 6040/7/6
f 6039/2/6 6032/2/6 6040/2/6
f 6033/5/6 6034/5/6 6041/5/6
f 6040/7/6 6033/7/6 6041/7/6
f 6034/7/6 6035/7/6 6042/7/6
f 6041/5/6 6034/5/6 6042/5/6
f 6042/7/6 6035/7/6 6043/7/6
f 6043/7/6 6035/7/6 6044/7/6
f 6040/7/6 6041/7/6 6045/7/6
f 6042/7/6 6043/7/6 6045/7/6
f 6041/7/6 6042/7/6 6045/7/6
f 6038/7/6 6039/7/6 6045/7/6
f 6039/7/6 6040/7/6 6045/7/6
f 6045/7/6 6043/7/6 6046/7/6
f 6038/7/6 6045/7/6 6047/7/6
f 6047/7/6 6045/7/6 6048/7/6
f 6048/7/6 6045/7/6 6049/7/6
f 6049/7/6 6045/7/6 6050/7/6
f 6048/7/6 6049/7/6 6051/7/6
f 6051/7/6 6049/7/6 6052/7/6
f 6052/7/6 6049/7/6 6053/7/6
f 6053/7/6 6049/7/6 6054/7/6
f 6054/7/6 6049/7/6 6055/7/6
f 6055/7/6 6049/7/6 6056/7/6
f 6052/7/6 6053/7/6 6057/7/6
f 6057/7/6 6053/7/6 6058/7/6
f 6053/2/6 6054/2/6 6059/2/6
f 6058/7/6 6053/7/6 6059/7/6
f 6054/7/6 6055/7/6 6060/7/6
f 6059/2/6 6054/2/6 6060/2/6
f 6060/7/6 6055/7/6 6061/7/6
f 6061/7/6 6055/7/6 6062/7/6
f 6058/7/6 6059/7/6 6063/7/6
f 6060/7/6 6061/7/6 6063/7/6
f 6059/7/6 6060/7/6 6063/7/6
f 6063/7/6 6061/7/6 6064/7/6
f 6064/7/6 6061/7/6 6065/7/6
f 6065/7/6 6061/7/6 6066/7/6
f 6066/7/6 6061/7/6 6067/7/6
f 6067/7/6 6061/7/6 6068/7/6
f 6068/7/6 6061/7/6 6069/7/6
f 6069/7/6 6061/7/6 6070/7/6
f 6064/7/6 6065/7/6 6071/7/6
f 6071/7/6 6065/7/6 6072/7/6
f 6065/6/6 6066/6/6 6073/6/6
f 6072/7/6 6065/7/6 6073/7/6
f 6066/7/6 6067/7/6 6074/7/6
f 6073/6/6 6066/6/6 6074/6/6
f 6074/7/6 6067/7/6 6075/7/6
f 6075/7/6 6067/7/6 6076/7/6
f 6068/7/6 6069/7/6 6077/7/6
f 6077/7/6 6069/7/6 6078/7/6
f 6072/7/6 6073/7/6 6079/7/6
f 6073/7/6 6074/7/6 6079/7/6
f 6074/7/6 6075/7/6 6079/7/6
f 6079/7/6 6075/7/6 6080/7/6
f 6075/3/6 6076/3/6 6081/3/6
f 6080/7/6 6075/7/6 6081/7/6
f 6076/7/6 6067/7/6 6082/7/6
f 6081/3/6 6076/3/6 6082/3/6
f 6067/4/6 6068/4/6 6083/4/6
f 6082/7/6 6067/7/6 6083/7/6
f 6068/7/6 6077/7/6 6084/7/6
f 6083/4/6 6068/4/6 6084/4/6
f 6080/7/6 6081/7/6 6085/7/6
f 6082/7/6 6083/7/6 6085/7/6
f 6083/7/6 6084/7/6 6085/7/6
f 6081/7/6 6082/7/6 6085/7/6
f 6085/7/6 6084/7/6 6086/7/6
f 6084/7/6 6077/7/6 6087/7/6
f 6086/7/6 6084/7/6 6087/7/6
f 6087/7/6 6077/7/6 6088/7/6
f 6086/7/6 6087/7/6 6089/7/6
f 6089/7/6 6087/7/6 6090/7/6
f 6086/7/6 6089/7/6 6091/7/6
f 6091/7/6 6089/7/6 6092/7/6
f 6092/7/6 6089/7/6 6093/7/6
f 6093/7/6 6089/7/6 6094/7/6
f 6092/7/6 6093/7/6 6095/7/6
f 6095/7/6 6093/7/6 6096/7/6
f 6096/7/6 6093/7/6 6097/7/6
f 6097/7/6 6093/7/6 6098/7/6
f 6098/7/6 6093/7/6 6099/7/6
f 6099/7/6 6093/7/6 6100/7/6
f 6096/7/6 6097/7/6 6101/7/6
f 6101/7/6 6097/7/6 6102/7/6
f 6099/2/6 6100/2/6 6103/2/6
f 6098/7/6 6099/7/6 6103/7/6
f 6100/7/6 6093/7/6 6104/7/6
f 6103/2/6 6100/2/6 6104/2/6
f 6104/7/6 6093/7/6 6105/7/6
f 6096/7/6 6101/7/6 6106/7/6
f 6106/7/6 6101/7/6 6107/7/6
f 6107/7/6 6101/7/6 6108/7/6
f 6108/7/6 6101/7/6 6109/7/6
f 6101/2/6 6102/2/6 6110/2/6
f 6109/7/6 6101/7/6 6110/7/6
f 6102/7/6 6097/7/6 6111/7/6
f 6110/2/6 6102/2/6 6111/2/6
f 6097/3/6 6098/3/6 6112/3/6
f 6111/7/6 6097/7/6 6112/7/6
f 6098/7/6 6103/7/6 6113/7/6
f 6112/3/6 6098/3/6 6113/3/6
f 6103/7/6 6104/7/6 6113/7/6
f 6113/7/6 6104/7/6 6114/7/6
f 6114/7/6 6104/7/6 6115/7/6
f 6107/7/6 6108/7/6 6116/7/6
f 6116/7/6 6108/7/6 6117/7/6
f 6108/2/6 6109/2/6 6118/2/6
f 6117/7/6 6108/7/6 6118/7/6
f 6111/7/6 6112/7/6 6119/7/6
f 6118/2/6 6109/2/6 6119/2/6
f 6109/7/6 6110/7/6 6119/7/6
f 6110/7/6 6111/7/6 6119/7/6
f 6112/7/6 6113/7/6 6119/7/6
f 6113/7/6 6114/7/6 6119/7/6
f 6119/7/6 6114/7/6 6120/7/6
f 6117/7/6 6118/7/6 6121/7/6
f 6119/6/6 6120/6/6 6121/6/6
f 6118/7/6 6119/7/6 6121/7/6
f 6120/7/6 6114/7/6 6122/7/6
f 6121/6/6 6120/6/6 6122/6/6
f 6122/7/6 6114/7/6 6123/7/6
f 6123/7/6 6114/7/6 6124/7/6
f 6124/7/6 6114/7/6 6125/7/6
f 6125/7/6 6114/7/6 6126/7/6
f 6117/7/6 6121/7/6 6127/7/6
f 6121/7/6 6122/7/6 6127/7/6
f 6122/7/6 6123/7/6 6127/7/6
f 6127/7/6 6123/7/6 6128/7/6
f 6123/3/6 6124/3/6 6129/3/6
f 6128/7/6 6123/7/6 6129/7/6
f 6124/7/6 6125/7/6 6130/7/6
f 6129/3/6 6124/3/6 6130/3/6
f 6128/7/6 6129/7/6 6131/7/6
f 6129/7/6 6130/7/6 6131/7/6
f 6131/7/6 6130/7/6 6132/7/6
f 6130/7/6 6125/7/6 6133/7/6
f 6132/7/6 6130/7/6 6133/7/6
f 6133/7/6 6125/7/6 6134/7/6
f 6132/7/6 6133/7/6 6135/7/6
f 6135/7/6 6133/7/6 6136/7/6
f 6136/7/6 6133/7/6 6137/7/6
f 6137/7/6 6133/7/6 6138/7/6
f 6136/7/6 6137/7/6 6139/7/6
f 6139/7/6 6137/7/6 6140/7/6
f 6136/7/6 6139/7/6 6141/7/6
f 6141/7/6 6139/7/6 6142/7/6
f 6139/6/6 6140/6/6 6143/6/6
f 6142/7/6 6139/7/6 6143/7/6
f 6140/7/6 6137/7/6 6144/7/6
f 6143/6/6 6140/6/6 6144/6/6
f 6144/7/6 6137/7/6 6145/7/6
f 6145/7/6 6137/7/6 6146/7/6
f 6146/7/6 6137/7/6 6147/7/6
f 6147/7/6 6137/7/6 6148/7/6
f 6142/7/6 6143/7/6 6149/7/6
f 6143/7/6 6144/7/6 6149/7/6
f 6144/7/6 6145/7/6 6149/7/6
f 6149/7/6 6145/7/6 6150/7/6
f 6145/3/6 6146/3/6 6151/3/6
f 6150/7/6 6145/7/6 6151/7/6
f 6146/7/6 6147/7/6 6152/7/6
f 6151/3/6 6146/3/6 6152/3/6
f 6142/7/6 6149/7/6 6153/7/6
f 6153/7/6 6149/7/6 6154/7/6
f 6149/3/6 6150/3/6 6155/3/6
f 6154/7/6 6149/7/6 6155/7/6
f 6150/7/6 6151/7/6 6156/7/6
f 6155/3/6 6150/3/6 6156/3/6
f 6151/7/6 6152/7/6 6156/7/6
f 6156/7/6 6152/7/6 6157/7/6
f 6152/7/6 6147/7/6 6158/7/6
f 6157/7/6 6152/7/6 6158/7/6
f 6158/7/6 6147/7/6 6159/7/6
f 6159/7/6 6147/7/6 6160/7/6
f 6154/7/6 6155/7/6 6161/7/6
f 6156/7/6 6157/7/6 6161/7/6
f 6157/2/6 6158/2/6 6161/2/6
f 6155/7/6 6156/7/6 6161/7/6
f 6158/7/6 6159/7/6 6162/7/6
f 6161/2/6 6158/2/6 6162/2/6
f 6154/7/6 6161/7/6 6163/7/6
f 6161/7/6 6162/7/6 6163/7/6
f 6163/7/6 6162/7/6 6164/7/6
f 6164/7/6 6162/7/6 6165/7/6
f 6165/7/6 6162/7/6 6166/7/6
f 6162/7/6 6159/7/6 6167/7/6
f 6166/7/6 6162/7/6 6167/7/6
f 6167/7/6 6159/7/6 6168/7/6
f 6164/7/6 6165/7/6 6169/7/6
f 6169/7/6 6165/7/6 6170/7/6
f 6170/7/6 6165/7/6 6171/7/6
f 6171/7/6 6165/7/6 6172/7/6
f 6165/3/6 6166/3/6 6173/3/6
f 6172/7/6 6165/7/6 6173/7/6
f 6166/7/6 6167/7/6 6174/7/6
f 6173/3/6 6166/3/6 6174/3/6
f 6171/3/6 6172/3/6 6175/3/6
f 6170/7/6 6171/7/6 6175/7/6
f 6172/7/6 6173/7/6 6176/7/6
f 6175/3/6 6172/3/6 6176/3/6
f 6173/7/6 6174/7/6 6176/7/6
f 6174/7/6 6167/7/6 6177/7/6
f 6176/7/6 6174/7/6 6177/7/6
f 6177/7/6 6167/7/6 6178/7/6
f 6175/7/6 6176/7/6 6179/7/6
f 6170/7/6 6175/7/6 6179/7/6
f 6176/7/6 6177/7/6 6179/7/6
f 6179/7/6 6177/7/6 6180/7/6
f 6180/7/6 6177/7/6 6181/7/6
f 6181/7/6 6177/7/6 6182/7/6
f 6180/7/6 6181/7/6 6183/7/6
f 6181/5/6 6182/5/6 6183/5/6
f 6182/7/6 6177/7/6 6184/7/6
f 6183/5/6 6182/5/6 6184/5/6
f 6183/7/6 6184/7/6 6185/7/6
f 6184/7/6 6177/7/6 6185/7/6
f 6185/7/6 6177/7/6 6186/7/6
f 6183/7/6 6185/7/6 6187/7/6
f 6185/4/6 6186/4/6 6187/4/6
f 6186/7/6 6177/7/6 6188/7/6
f 6187/4/6 6186/4/6 6188/4/6
f 6188/7/6 6177/7/6 6189/7/6
f 6189/7/6 6177/7/6 6190/7/6
f 6190/7/6 6177/7/6 6191/7/6
f 6191/7/6 6177/7/6 6192/7/6
f 6187/7/6 6188/7/6 6193/7/6
f 6188/7/6 6189/7/6 6193/7/6
f 6189/6/6 6190/6/6 6193/6/6
f 6190/7/6 6191/7/6 6194/7/6
f 6193/6/6 6190/6/6 6194/6/6
f 6191/2/6 6192/2/6 6195/2/6
f 6194/7/6 6191/7/6 6195/7/6
f 6192/7/6 6177/7/6 6196/7/6
f 6195/2/6 6192/2/6 6196/2/6
f 6196/7/6 6177/7/6 6197/7/6
f 6197/7/6 6177/7/6 6198/7/6
f 6194/7/6 6195/7/6 6199/7/6
f 6193/7/6 6194/7/6 6199/7/6
f 6196/7/6 6197/7/6 6199/7/6
f 6195/7/6 6196/7/6 6199/7/6
f 6199/7/6 6197/7/6 6200/7/6
f 6180/7/6 6183/7/6 6201/7/6
f 6183/7/6 6187/7/6 6201/7/6
f 6187/7/6 6193/7/6 6201/7/6
f 6193/7/6 6199/7/6 6201/7/6
f 6201/7/6 6199/7/6 6202/7/6
f 6200/7/6 6197/7/6 6203/7/6
f 6203/7/6 6197/7/6 6204/7/6
f 6180/7/6 6201/7/6 6205/7/6
f 6201/5/6 6202/5/6 6205/5/6
f 6202/7/6 6199/7/6 6206/7/6
f 6205/5/6 6202/5/6 6206/5/6
f 6206/7/6 6199/7/6 6207/7/6
f 6207/7/6 6199/7/6 6208/7/6
f 6199/4/6 6200/4/6 6209/4/6
f 6208/7/6 6199/7/6 6209/7/6
f 6200/7/6 6203/7/6 6210/7/6
f 6209/4/6 6200/4/6 6210/4/6
f 6207/4/6 6208/4/6 6211/4/6
f 6205/7/6 6206/7/6 6211/7/6
f 6206/7/6 6207/7/6 6211/7/6
f 6208/7/6 6209/7/6 6212/7/6
f 6211/4/6 6208/4/6 6212/4/6
f 6209/7/6 6210/7/6 6212/7/6
f 6210/7/6 6203/7/6 6213/7/6
f 6212/7/6 6210/7/6 6213/7/6
f 6213/7/6 6203/7/6 6214/7/6
f 6211/7/6 6212/7/6 6215/7/6
f 6212/7/6 6213/7/6 6215/7/6
f 6215/7/6 6213/7/6 6216/7/6
f 6205/7/6 6211/7/6 6217/7/6
f 6211/7/6 6215/7/6 6217/7/6
f 6217/7/6 6215/7/6 6218/7/6
f 6218/7/6 6215/7/6 6219/7/6
f 6219/7/6 6215/7/6 6220/7/6
f 6220/7/6 6215/7/6 6221/7/6
f 6221/7/6 6215/7/6 6222/7/6
f 6205/7/6 6217/7/6 6223/7/6
f 6217/2/6 6218/2/6 6223/2/6
f 6218/7/6 6219/7/6 6224/7/6
f 6223/2/6 6218/2/6 6224/2/6
f 6219/6/6 6220/6/6 6225/6/6
f 6224/7/6 6219/7/6 6225/7/6
f 6220/7/6 6221/7/6 6226/7/6
f 6225/6/6 6220/6/6 6226/6/6
f 6226/7/6 6221/7/6 6227/7/6
f 6227/7/6 6221/7/6 6228/7/6
f 6180/7/6 6205/7/6 6230/7/6
f 6224/7/6 6225/7/6 6230/7/6
f 6226/7/6 6227/7/6 6230/7/6
f 6225/7/6 6226/7/6 6230/7/6
f 6223/7/6 6224/7/6 6230/7/6
f 6205/7/6 6223/7/6 6230/7/6
f 6230/7/6 6227/7/6 6231/7/6
f 6231/7/6 6227/7/6 6232/7/6
f 6229/7/6 6230/7/6 6233/7/6
f 6230/7/6 6231/7/6 6233/7/6
f 6233/7/6 6231/7/6 6234/7/6
f 6229/7/6 6233/7/6 6235/7/6
f 6235/7/6 6233/7/6 6236/7/6
f 6229/7/6 6235/7/6 6237/7/6
f 6237/7/6 6235/7/6 6238/7/6
f 6229/7/6 6237/7/6 6239/7/6
f 6239/7/6 6237/7/6 6240/7/6
f 6229/7/6 6239/7/6 6242/7/6
f 6242/7/6 6239/7/6 6243/7/6
f 6243/7/6 6239/7/6 6244/7/6
f 6241/7/6 6242/7/6 6245/7/6
f 6242/7/6 6243/7/6 6245/7/6
f 6245/7/6 6243/7/6 6246/7/6
f 6246/7/6 6243/7/6 6247/7/6
f 6247/7/6 6243/7/6 6248/7/6
f 6241/7/6 6245/7/6 6249/7/6
f 6245/5/6 6246/5/6 6249/5/6
f 6246/7/6 6247/7/6 6250/7/6
f 6249/5/6 6246/5/6 6250/5/6
f 6249/7/6 6250/7/6 6251/7/6
f 6250/7/6 6247/7/6 6251/7/6
f 6251/7/6 6247/7/6 6252/7/6
f 6249/7/6 6251/7/6 6253/7/6
f 6253/7/6 6251/7/6 6254/7/6
f 6241/7/6 6249/7/6 6256/7/6
f 6249/7/6 6253/7/6 6256/7/6
f 6256/7/6 6253/7/6 6257/7/6
f 6257/7/6 6253/7/6 6258/7/6
f 6255/7/6 6256/7/6 6259/7/6
f 6256/7/6 6257/7/6 6259/7/6
f 6259/7/6 6257/7/6 6260/7/6
f 6255/7/6 6259/7/6 6261/7/6
f 6261/7/6 6259/7/6 6262/7/6
f 6255/7/6 6261/7/6 6263/7/6
f 6263/7/6 6261/7/6 6264/7/6
f 6255/7/6 6263/7/6 6265/7/6
f 6263/1/6 6264/1/6 6265/1/6
f 6265/1/6 6264/1/6 6266/1/6
f 6255/7/6 6265/7/6 6268/7/6
f 6268/7/6 6265/7/6 6269/7/6
f 6269/7/6 6265/7/6 6270/7/6
f 6270/7/6 6265/7/6 6271/7/6
f 6271/7/6 6265/7/6 6272/7/6
f 6267/7/6 6268/7/6 6273/7/6
f 6268/7/6 6269/7/6 6273/7/6
f 6269/4/6 6270/4/6 6273/4/6
f 6270/7/6 6271/7/6 6274/7/6
f 6273/4/6 6270/4/6 6274/4/6
f 6267/7/6 6273/7/6 6275/7/6
f 6273/7/6 6274/7/6 6275/7/6
f 6275/7/6 6274/7/6 6276/7/6
f 6274/7/6 6271/7/6 6277/7/6
f 6276/7/6 6274/7/6 6277/7/6
f 6277/7/6 6271/7/6 6278/7/6
f 6275/1/6 6276/1/6 6279/1/6
f 6267/7/6 6275/7/6 6279/7/6
f 6276/7/6 6277/7/6 6280/7/6
f 6279/1/6 6276/1/6 6280/1/6
f 6280/7/6 6277/7/6 6281/7/6
f 6281/7/6 6277/7/6 6282/7/6
f 6267/7/6 6279/7/6 6284/7/6
f 6279/7/6 6280/7/6 6284/7/6
f 6280/7/6 6281/7/6 6284/7/6
f 6284/7/6 6281/7/6 6285/7/6
f 6285/7/6 6281/7/6 6286/7/6
f 6283/7/6 6284/7/6 6287/7/6
f 6284/7/6 6285/7/6 6287/7/6
f 6287/7/6 6285/7/6 6288/7/6
f 6283/7/6 6287/7/6 6290/7/6
f 6290/7/6 6287/7/6 6291/7/6
f 6291/7/6 6287/7/6 6292/7/6
f 6289/7/6 6290/7/6 6293/7/6
f 6290/7/6 6291/7/6 6293/7/6
f 6293/7/6 6291/7/6 6294/7/6
f 6294/7/6 6291/7/6 6295/7/6
f 6295/7/6 6291/7/6 6296/7/6
f 6289/7/6 6293/7/6 6297/7/6
f 6293/3/6 6294/3/6 6297/3/6
f 6294/7/6 6295/7/6 6298/7/6
f 6297/3/6 6294/3/6 6298/3/6
f 6289/7/6 6297/7/6 6300/7/6
f 6297/7/6 6298/7/6 6300/7/6
f 6298/7/6 6295/7/6 6301/7/6
f 6300/7/6 6298/7/6 6301/7/6
f 6301/7/6 6295/7/6 6302/7/6
f 6299/7/6 6300/7/6 6303/7/6
f 6300/7/6 6301/7/6 6303/7/6
f 6303/7/6 6301/7/6 6304/7/6
f 6304/7/6 6301/7/6 6305/7/6
f 6305/7/6 6301/7/6 6306/7/6
f 6299/7/6 6303/7/6 6308/7/6
f 6303/4/6 6304/4/6 6309/4/6
f 6308/7/6 6303/7/6 6309/7/6
f 6304/7/6 6305/7/6 6310/7/6
f 6309/4/6 6304/4/6 6310/4/6
f 6307/7/6 6308/7/6 6311/7/6
f 6310/7/6 6305/7/6 6311/7/6
f 6309/7/6 6310/7/6 6311/7/6
f 6308/7/6 6309/7/6 6311/7/6
f 6311/7/6 6305/7/6 6312/7/6
f 6307/7/6 6311/7/6 6313/7/6
f 6313/7/6 6311/7/6 6314/7/6
f 6307/7/6 6313/7/6 6316/7/6
f 6313/5/6 6314/5/6 6317/5/6
f 6316/7/6 6313/7/6 6317/7/6
f 6314/7/6 6311/7/6 6318/7/6
f 6317/5/6 6314/5/6 6318/5/6
f 6316/7/6 6317/7/6 6319/7/6
f 6318/7/6 6311/7/6 6319/7/6
f 6317/7/6 6318/7/6 6319/7/6
f 6315/7/6 6316/7/6 6319/7/6
f 6319/7/6 6311/7/6 6320/7/6
f 6320/7/6 6311/7/6 6321/7/6
f 6321/7/6 6311/7/6 6322/7/6
f 6322/7/6 6311/7/6 6323/7/6
f 6315/7/6 6319/7/6 6325/7/6
f 6325/7/6 6319/7/6 6326/7/6
f 6326/7/6 6319/7/6 6327/7/6
f 6319/3/6 6320/3/6 6328/3/6
f 6327/7/6 6319/7/6 6328/7/6
f 6320/4/6 6321/4/6 6329/4/6
f 6328/3/6 6320/3/6 6329/3/6
f 6321/7/6 6322/7/6 6330/7/6
f 6329/4/6 6321/4/6 6330/4/6
f 6326/3/6 6327/3/6 6331/3/6
f 6324/7/6 6325/7/6 6331/7/6
f 6325/7/6 6326/7/6 6331/7/6
f 6327/7/6 6328/7/6 6332/7/6
f 6331/3/6 6327/3/6 6332/3/6
f 6328/4/6 6329/4/6 6333/4/6
f 6332/7/6 6328/7/6 6333/7/6
f 6329/7/6 6330/7/6 6334/7/6
f 6333/4/6 6329/4/6 6334/4/6
f 6324/7/6 6331/7/6 6336/7/6
f 6331/7/6 6332/7/6 6336/7/6
f 6333/7/6 6334/7/6 6336/7/6
f 6332/7/6 6333/7/6 6336/7/6
f 6330/7/6 6322/7/6 6337/7/6
f 6335/7/6 6336/7/6 6337/7/6
f 6336/7/6 6334/7/6 6337/7/6
f 6334/7/6 6330/7/6 6337/7/6
f 6337/7/6 6322/7/6 6338/7/6
f 6335/7/6 6337/7/6 6340/7/6
f 6340/7/6 6337/7/6 6341/7/6
f 6339/7/6 6340/7/6 6341/7/6
f 6341/7/6 6337/7/6 6342/7/6
f 6339/7/6 6341/7/6 6343/7/6
f 6341/3/6 6342/3/6 6343/3/6
f 6342/7/6 6337/7/6 6344/7/6
f 6343/3/6 6342/3/6 6344/3/6
f 6344/7/6 6337/7/6 6345/7/6
f 6345/7/6 6337/7/6 6346/7/6
f 6343/7/6 6344/7/6 6347/7/6
f 6344/7/6 6345/7/6 6347/7/6
f 6345/3/6 6346/3/6 6347/3/6
f 6346/7/6 6337/7/6 6348/7/6
f 6347/3/6 6346/3/6 6348/3/6
f 6339/7/6 6343/7/6 6350/7/6
f 6343/7/6 6347/7/6 6350/7/6
f 6347/7/6 6348/7/6 6350/7/6
f 6350/7/6 6348/7/6 6351/7/6
f 6349/7/6 6350/7/6 6351/7/6
f 6351/7/6 6348/7/6 6352/7/6
f 6348/7/6 6337/7/6 6353/7/6
f 6352/7/6 6348/7/6 6353/7/6
f 6353/7/6 6337/7/6 6354/7/6
f 6354/7/6 6337/7/6 6355/7/6
f 6355/7/6 6337/7/6 6356/7/6
f 6349/7/6 6351/7/6 6358/7/6
f 6351/4/6 6352/4/6 6359/4/6
f 6358/7/6 6351/7/6 6359/7/6
f 6352/7/6 6353/7/6 6360/7/6
f 6359/4/6 6352/4/6 6360/4/6
f 6353/3/6 6354/3/6 6361/3/6
f 6360/7/6 6353/7/6 6361/7/6
f 6354/7/6 6355/7/6 6362/7/6
f 6361/3/6 6354/3/6 6362/3/6
f 6357/7/6 6358/7/6 6363/7/6
f 6358/7/6 6359/7/6 6363/7/6
f 6361/7/6 6362/7/6 6363/7/6
f 6359/7/6 6360/7/6 6363/7/6
f 6360/7/6 6361/7/6 6363/7/6
f 6363/7/6 6362/7/6 6364/7/6
f 6362/7/6 6355/7/6 6365/7/6
f 6364/7/6 6362/7/6 6365/7/6
f 6363/3/6 6364/3/6 6367/3/6
f 6364/7/6 6365/7/6 6368/7/6
f 6367/3/6 6364/3/6 6368/3/6
f 6368/7/6 6365/7/6 6369/7/6
f 6366/3/6 6367/3/6 6370/3/6
f 6367/7/6 6368/7/6 6371/7/6
f 6370/3/6 6367/3/6 6371/3/6
f 6368/7/6 6369/7/6 6371/7/6
f 6370/7/6 6371/7/6 6372/7/6
f 6371/7/6 6369/7/6 6372/7/6
f 6372/7/6 6369/7/6 6373/7/6
f 6370/7/6 6372/7/6 6375/7/6
f 6372/3/6 6373/3/6 6376/3/6
f 6375/7/6 6372/7/6 6376/7/6
f 6373/7/6 6369/7/6 6377/7/6
f 6376/3/6 6373/3/6 6377/3/6
f 6375/7/6 6376/7/6 6379/7/6
f 6374/7/6 6375/7/6 6379/7/6
f 6376/7/6 6377/7/6 6379/7/6
f 6379/7/6 6377/7/6 6380/7/6
f 6380/7/6 6377/7/6 6381/7/6
f 6378/7/6 6379/7/6 6382/7/6
f 6379/7/6 6380/7/6 6382/7/6
f 6380/5/6 6381/5/6 6382/5/6
f 6381/7/6 6377/7/6 6383/7/6
f 6382/5/6 6381/5/6 6383/5/6
f 6378/7/6 6382/7/6 6385/7/6
f 6382/7/6 6383/7/6 6385/7/6
f 6383/7/6 6377/7/6 6386/7/6
f 6384/7/6 6385/7/6 6386/7/6
f 6385/7/6 6383/7/6 6386/7/6
f 6386/7/6 6377/7/6 6387/7/6
f 6384/7/6 6386/7/6 6388/7/6
f 6386/4/6 6387/4/6 6388/4/6
f 6387/7/6 6377/7/6 6389/7/6
f 6388/4/6 6387/4/6 6389/4/6
f 6384/7/6 6388/7/6 6391/7/6
f 6388/7/6 6389/7/6 6391/7/6
f 6377/7/6 6369/7/6 6392/7/6
f 6389/7/6 6377/7/6 6392/7/6
f 6391/7/6 6389/7/6 6392/7/6
f 6392/7/6 6369/7/6 6393/7/6
f 6390/7/6 6391/7/6 6394/7/6
f 6391/7/6 6392/7/6 6394/7/6
f 6392/4/6 6393/4/6 6394/4/6
f 6393/7/6 6369/7/6 6395/7/6
f 6394/4/6 6393/4/6 6395/4/6
f 6395/7/6 6369/7/6 6396/7/6
f 6395/7/6 6396/7/6 6399/7/6
f 6396/7/6 6397/7/6 6399/7/6
f 6394/7/6 6395/7/6 6399/7/6
f 6390/7/6 6394/7/6 6399/7/6
f 6398/7/6 6399/7/6 6401/7/6
f 6399/7/6 6397/7/6 6402/7/6
f 6401/7/6 6399/7/6 6402/7/6
f 6402/7/6 6397/7/6 6403/7/6
f 6403/7/6 6397/7/6 6404/7/6
f 6404/7/6 6397/7/6 6405/7/6
f 6400/7/6 6401/7/6 6406/7/6
f 6401/7/6 6402/7/6 6406/7/6
f 6402/4/6 6403/4/6 6406/4/6
f 6403/7/6 6404/7/6 6407/7/6
f 6406/4/6 6403/4/6 6407/4/6
f 6404/5/6 6405/5/6 6408/5/6
f 6407/7/6 6404/7/6 6408/7/6
f 6405/7/6 6397/7/6 6409/7/6
f 6408/5/6 6405/5/6 6409/5/6
f 6407/7/6 6408/7/6 6410/7/6
f 6406/7/6 6407/7/6 6410/7/6
f 6408/7/6 6409/7/6 6410/7/6
f 6410/7/6 6409/7/6 6411/7/6
f 6409/7/6 6397/7/6 6412/7/6
f 6411/7/6 6409/7/6 6412/7/6
f 6410/4/6 6411/4/6 6414/4/6
f 6406/7/6 6410/7/6 6414/7/6
f 6411/7/6 6412/7/6 6415/7/6
f 6414/4/6 6411/4/6 6415/4/6
f 6412/7/6 6413/7/6 6415/7/6
f 6406/7/6 6414/7/6 6416/7/6
f 6400/7/6 6406/7/6 6416/7/6
f 6414/7/6 6415/7/6 6416/7/6
f 6416/7/6 6415/7/6 6417/7/6
f 6400/7/6 6416/7/6 6418/7/6
f 6416/3/6 6417/3/6 6418/3/6
f 6417/7/6 6415/7/6 6419/7/6
f 6418/3/6 6417/3/6 6419/3/6
f 6419/7/6 6415/7/6 6420/7/6
f 6420/7/6 6415/7/6 6421/7/6
f 6418/7/6 6419/7/6 6422/7/6
f 6419/7/6 6420/7/6 6422/7/6
f 6420/1/6 6421/1/6 6422/1/6
f 6421/7/6 6415/7/6 6423/7/6
f 6422/1/6 6421/1/6 6423/1/6
f 6422/7/6 6423/7/6 6424/7/6
f 6423/7/6 6415/7/6 6424/7/6
f 6424/7/6 6415/7/6 6425/7/6
f 6422/7/6 6424/7/6 6426/7/6
f 6424/4/6 6425/4/6 6426/4/6
f 6425/7/6 6415/7/6 6427/7/6
f 6426/4/6 6425/4/6 6427/4/6
f 6400/7/6 6418/7/6 6428/7/6
f 6418/7/6 6422/7/6 6428/7/6
f 6426/7/6 6427/7/6 6428/7/6
f 6422/7/6 6426/7/6 6428/7/6
f 6428/7/6 6427/7/6 6429/7/6
f 6429/7/6 6427/7/6 6430/7/6
f 6430/7/6 6427/7/6 6431/7/6
f 6415/7/6 6413/7/6 6432/7/6
f 6431/7/6 6427/7/6 6432/7/6
f 6427/7/6 6415/7/6 6432/7/6
f 6432/7/6 6413/7/6 6433/7/6
f 6400/7/6 6428/7/6 6434/7/6
f 6428/3/6 6429/3/6 6434/3/6
f 6429/7/6 6430/7/6 6435/7/6
f 6434/3/6 6429/3/6 6435/3/6
f 6430/4/6 6431/4/6 6436/4/6
f 6435/7/6 6430/7/6 6436/7/6
f 6431/7/6 6432/7/6 6437/7/6
f 6436/4/6 6431/4/6 6437/4/6
f 6434/7/6 6435/7/6 6438/7/6
f 6400/7/6 6434/7/6 6438/7/6
f 6436/7/6 6437/7/6 6438/7/6
f 6435/7/6 6436/7/6 6438/7/6
f 6438/7/6 6437/7/6 6439/7/6
f 6400/7/6 6438/7/6 6440/7/6
f 6438/4/6 6439/4/6 6440/4/6
f 6439/7/6 6437/7/6 6441/7/6
f 6440/4/6 6439/4/6 6441/4/6
f 6437/7/6 6432/7/6 6442/7/6
f 6441/7/6 6437/7/6 6442/7/6
f 6440/7/6 6441/7/6 6442/7/6
f 6442/7/6 6432/7/6 6443/7/6
f 6440/7/6 6442/7/6 6444/7/6
f 6442/1/6 6443/1/6 6444/1/6
f 6443/7/6 6432/7/6 6445/7/6
f 6444/1/6 6443/1/6 6445/1/6
f 6444/7/6 6445/7/6 6446/7/6
f 6445/7/6 6432/7/6 6446/7/6
f 6446/7/6 6432/7/6 6447/7/6
f 6444/7/6 6446/7/6 6448/7/6
f 6446/6/6 6447/6/6 6448/6/6
f 6447/7/6 6432/7/6 6449/7/6
f 6448/6/6 6447/6/6 6449/6/6
f 6440/7/6 6444/7/6 6450/7/6
f 6444/7/6 6448/7/6 6450/7/6
f 6448/7/6 6449/7/6 6450/7/6
f 6450/7/6 6449/7/6 6451/7/6
f 6449/7/6 6432/7/6 6452/7/6
f 6451/7/6 6449/7/6 6452/7/6
f 6452/7/6 6432/7/6 6453/7/6
f 6450/4/6 6451/4/6 6454/4/6
f 6440/7/6 6450/7/6 6454/7/6
f 6451/7/6 6452/7/6 6455/7/6
f 6454/4/6 6451/4/6 6455/4/6
f 6400/7/6 6440/7/6 6456/7/6
f 6440/7/6 6454/7/6 6456/7/6
f 6454/7/6 6455/7/6 6456/7/6
f 6456/7/6 6455/7/6 6457/7/6
f 6400/7/6 6456/7/6 6458/7/6
f 6456/3/6 6457/3/6 6458/3/6
f 6457/7/6 6455/7/6 6459/7/6
f 6458/3/6 6457/3/6 6459/3/6
f 6455/7/6 6452/7/6 6460/7/6
f 6459/7/6 6455/7/6 6460/7/6
f 6460/7/6 6452/7/6 6461/7/6
f 6458/7/6 6459/7/6 6462/7/6
f 6459/7/6 6460/7/6 6462/7/6
f 6460/3/6 6461/3/6 6462/3/6
f 6461/7/6 6452/7/6 6463/7/6
f 6462/3/6 6461/3/6 6463/3/6
f 6463/7/6 6452/7/6 6464/7/6
f 6464/7/6 6452/7/6 6465/7/6
f 6458/7/6 6462/7/6 6466/7/6
f 6400/7/6 6458/7/6 6466/7/6
f 6462/7/6 6463/7/6 6466/7/6
f 6463/7/6 6464/7/6 6466/7/6
f 6466/7/6 6464/7/6 6467/7/6
f 6467/7/6 6464/7/6 6468/7/6
f 6468/7/6 6464/7/6 6469/7/6
f 6464/4/6 6465/4/6 6470/4/6
f 6469/7/6 6464/7/6 6470/7/6
f 6465/7/6 6452/7/6 6471/7/6
f 6470/4/6 6465/4/6 6471/4/6
f 6468/3/6 6469/3/6 6472/3/6
f 6467/7/6 6468/7/6 6472/7/6
f 6469/7/6 6470/7/6 6473/7/6
f 6472/3/6 6469/3/6 6473/3/6
f 6470/7/6 6471/7/6 6473/7/6
f 6471/7/6 6452/7/6 6474/7/6
f 6473/7/6 6471/7/6 6474/7/6
f 6472/7/6 6473/7/6 6474/7/6
f 6474/7/6 6452/7/6 6475/7/6
f 6467/7/6 6472/7/6 6476/7/6
f 6472/7/6 6474/7/6 6476/7/6
f 6476/7/6 6474/7/6 6477/7/6
f 6477/7/6 6474/7/6 6478/7/6
f 6478/7/6 6474/7/6 6479/7/6
f 6479/7/6 6474/7/6 6480/7/6
f 6480/7/6 6474/7/6 6481/7/6
f 6477/7/6 6478/7/6 6482/7/6
f 6478/5/6 6479/5/6 6483/5/6
f 6482/7/6 6478/7/6 6483/7/6
f 6479/7/6 6480/7/6 6484/7/6
f 6483/5/6 6479/5/6 6484/5/6
f 6480/4/6 6481/4/6 6485/4/6
f 6484/7/6 6480/7/6 6485/7/6
f 6481/7/6 6474/7/6 6486/7/6
f 6485/4/6 6481/4/6 6486/4/6
f 6484/7/6 6485/7/6 6487/7/6
f 6482/7/6 6483/7/6 6487/7/6
f 6485/7/6 6486/7/6 6487/7/6
f 6483/7/6 6484/7/6 6487/7/6
f 6487/7/6 6486/7/6 6488/7/6
f 6488/7/6 6486/7/6 6489/7/6
f 6486/7/6 6474/7/6 6490/7/6
f 6489/7/6 6486/7/6 6490/7/6
f 6490/7/6 6474/7/6 6491/7/6
f 6489/7/6 6490/7/6 6492/7/6
f 6490/3/6 6491/3/6 6492/3/6
f 6491/7/6 6474/7/6 6493/7/6
f 6492/3/6 6491/3/6 6493/3/6
f 6492/7/6 6493/7/6 6494/7/6
f 6493/7/6 6474/7/6 6494/7/6
f 6494/7/6 6474/7/6 6495/7/6
f 6489/7/6 6492/7/6 6496/7/6
f 6492/7/6 6494/7/6 6496/7/6
f 6496/7/6 6494/7/6 6497/7/6
f 6497/7/6 6494/7/6 6498/7/6
f 6498/7/6 6494/7/6 6499/7/6
f 6497/7/6 6498/7/6 6500/7/6
f 6500/7/6 6498/7/6 6501/7/6
f 6501/7/6 6498/7/6 6502/7/6
f 6502/7/6 6498/7/6 6503/7/6
f 6503/7/6 6498/7/6 6504/7/6
f 6504/7/6 6498/7/6 6505/7/6
f 6503/7/6 6504/7/6 6506/7/6
f 6506/7/6 6504/7/6 6507/7/6
f 6504/3/6 6505/3/6 6508/3/6
f 6507/7/6 6504/7/6 6508/7/6
f 6505/7/6 6498/7/6 6509/7/6
f 6508/3/6 6505/3/6 6509/3/6
f 6509/7/6 6498/7/6 6510/7/6
f 6510/7/6 6498/7/6 6511/7/6
f 6511/7/6 6498/7/6 6512/7/6
f 6512/7/6 6498/7/6 6513/7/6
f 6506/3/6 6507/3/6 6514/3/6
f 6503/7/6 6506/7/6 6514/7/6
f 6507/7/6 6508/7/6 6515/7/6
f 6514/3/6 6507/3/6 6515/3/6
f 6508/7/6 6509/7/6 6515/7/6
f 6509/7/6 6510/7/6 6515/7/6
f 6510/6/6 6511/6/6 6516/6/6
f 6515/7/6 6510/7/6 6516/7/6
f 6511/7/6 6512/7/6 6517/7/6
f 6516/6/6 6511/6/6 6517/6/6
f 6503/7/6 6514/7/6 6518/7/6
f 6515/7/6 6516/7/6 6518/7/6
f 6516/7/6 6517/7/6 6518/7/6
f 6514/7/6 6515/7/6 6518/7/6
f 6518/7/6 6517/7/6 6519/7/6
f 6519/7/6 6517/7/6 6520/7/6
f 6520/7/6 6517/7/6 6521/7/6
f 6521/7/6 6517/7/6 6522/7/6
f 6517/7/6 6512/7/6 6523/7/6
f 6522/7/6 6517/7/6 6523/7/6
f 6519/7/6 6520/7/6 6524/7/6
f 6520/3/6 6521/3/6 6524/3/6
f 6521/7/6 6522/7/6 6525/7/6
f 6524/3/6 6521/3/6 6525/3/6
f 6522/4/6 6523/4/6 6526/4/6
f 6525/7/6 6522/7/6 6526/7/6
f 6523/7/6 6512/7/6 6527/7/6
f 6526/4/6 6523/4/6 6527/4/6
f 6527/7/6 6512/7/6 6528/7/6
f 6528/7/6 6512/7/6 6529/7/6
f 6529/7/6 6512/7/6 6530/7/6
f 6525/7/6 6526/7/6 6531/7/6
f 6524/7/6 6525/7/6 6531/7/6
f 6528/5/6 6529/5/6 6531/5/6
f 6527/7/6 6528/7/6 6531/7/6
f 6526/7/6 6527/7/6 6531/7/6
f 6531/5/6 6529/5/6 6532/5/6
f 6519/7/6 6524/7/6 6533/7/6
f 6524/7/6 6531/7/6 6533/7/6
f 6531/7/6 6532/7/6 6533/7/6
f 6533/7/6 6532/7/6 6534/7/6
f 6534/7/6 6532/7/6 6535/7/6
f 6535/7/6 6532/7/6 6536/7/6
f 6534/7/6 6535/7/6 6537/7/6
f 6537/7/6 6535/7/6 6538/7/6
f 6535/3/6 6536/3/6 6539/3/6
f 6538/7/6 6535/7/6 6539/7/6
f 6536/7/6 6532/7/6 6540/7/6
f 6539/3/6 6536/3/6 6540/3/6
f 6534/7/6 6537/7/6 6541/7/6
f 6541/7/6 6537/7/6 6542/7/6
f 6537/4/6 6538/4/6 6543/4/6
f 6542/7/6 6537/7/6 6543/7/6
f 6538/7/6 6539/7/6 6544/7/6
f 6543/4/6 6538/4/6 6544/4/6
f 6539/7/6 6540/7/6 6544/7/6
f 6542/7/6 6543/7/6 6545/7/6
f 6543/7/6 6544/7/6 6545/7/6
f 6545/7/6 6544/7/6 6546/7/6
f 6544/7/6 6540/7/6 6547/7/6
f 6546/7/6 6544/7/6 6547/7/6
f 6540/7/6 6532/7/6 6547/7/6
f 6547/7/6 6532/7/6 6548/7/6
f 6545/4/6 6546/4/6 6549/4/6
f 6542/7/6 6545/7/6 6549/7/6
f 6546/7/6 6547/7/6 6550/7/6
f 6549/4/6 6546/4/6 6550/4/6
f 6542/7/6 6549/7/6 6551/7/6
f 6549/7/6 6550/7/6 6551/7/6
f 6551/7/6 6550/7/6 6552/7/6
f 6552/7/6 6550/7/6 6553/7/6
f 6553/7/6 6550/7/6 6554/7/6
f 6554/7/6 6550/7/6 6555/7/6
f 6550/7/6 6547/7/6 6556/7/6
f 6555/7/6 6550/7/6 6556/7/6
f 6552/7/6 6553/7/6 6557/7/6
f 6553/2/6 6554/2/6 6557/2/6
f 6554/7/6 6555/7/6 6558/7/6
f 6557/2/6 6554/2/6 6558/2/6
f 6555/5/6 6556/5/6 6559/5/6
f 6558/7/6 6555/7/6 6559/7/6
f 6556/7/6 6547/7/6 6560/7/6
f 6559/5/6 6556/5/6 6560/5/6
f 6552/7/6 6557/7/6 6561/7/6
f 6558/7/6 6559/7/6 6561/7/6
f 6559/7/6 6560/7/6 6561/7/6
f 6557/7/6 6558/7/6 6561/7/6
f 6561/7/6 6560/7/6 6562/7/6
f 6560/7/6 6547/7/6 6563/7/6
f 6562/7/6 6560/7/6 6563/7/6
f 6552/7/6 6561/7/6 6564/7/6
f 6564/7/6 6561/7/6 6565/7/6
f 6561/4/6 6562/4/6 6566/4/6
f 6565/7/6 6561/7/6 6566/7/6
f 6562/7/6 6563/7/6 6567/7/6
f 6566/4/6 6562/4/6 6567/4/6
f 6567/7/6 6563/7/6 6568/7/6
f 6565/7/6 6566/7/6 6569/7/6
f 6567/7/6 6568/7/6 6569/7/6
f 6566/7/6 6567/7/6 6569/7/6
f 6569/7/6 6568/7/6 6570/7/6
f 6565/7/6 6569/7/6 6571/7/6
f 6569/4/6 6570/4/6 6571/4/6
f 6570/7/6 6568/7/6 6572/7/6
f 6571/4/6 6570/4/6 6572/4/6
f 6571/7/6 6572/7/6 6573/7/6
f 6572/7/6 6568/7/6 6573/7/6
f 6573/7/6 6568/7/6 6574/7/6
f 6565/7/6 6571/7/6 6575/7/6
f 6571/7/6 6573/7/6 6575/7/6
f 6575/7/6 6573/7/6 6576/7/6
f 6576/7/6 6573/7/6 6577/7/6
f 6577/7/6 6573/7/6 6578/7/6
f 6573/4/6 6574/4/6 6579/4/6
f 6578/7/6 6573/7/6 6579/7/6
f 6574/7/6 6568/7/6 6580/7/6
f 6579/4/6 6574/4/6 6580/4/6
f 6577/5/6 6578/5/6 6581/5/6
f 6576/7/6 6577/7/6 6581/7/6
f 6578/7/6 6579/7/6 6582/7/6
f 6581/5/6 6578/5/6 6582/5/6
f 6579/7/6 6580/7/6 6582/7/6
f 6580/7/6 6568/7/6 6583/7/6
f 6582/7/6 6580/7/6 6583/7/6
f 6581/7/6 6582/7/6 6583/7/6
f 6583/7/6 6568/7/6 6584/7/6
f 6581/7/6 6583/7/6 6585/7/6
f 6585/7/6 6583/7/6 6586/7/6
f 6581/7/6 6585/7/6 6587/7/6
f 6585/4/6 6586/4/6 6587/4/6
f 6586/7/6 6583/7/6 6588/7/6
f 6587/4/6 6586/4/6 6588/4/6
f 6576/7/6 6581/7/6 6589/7/6
f 6581/7/6 6587/7/6 6589/7/6
f 6587/7/6 6588/7/6 6589/7/6
f 6589/7/6 6588/7/6 6590/7/6
f 6590/7/6 6588/7/6 6591/7/6
f 6591/7/6 6588/7/6 6592/7/6
f 6588/7/6 6583/7/6 6593/7/6
f 6592/7/6 6588/7/6 6593/7/6
f 6593/7/6 6583/7/6 6594/7/6
f 6592/7/6 6593/7/6 6595/7/6
f 6595/7/6 6593/7/6 6596/7/6
f 6592/7/6 6595/7/6 6597/7/6
f 6595/4/6 6596/4/6 6597/4/6
f 6596/7/6 6593/7/6 6598/7/6
f 6597/4/6 6596/4/6 6598/4/6
f 6597/7/6 6598/7/6 6599/7/6
f 6598/7/6 6593/7/6 6599/7/6
f 6599/7/6 6593/7/6 6600/7/6
f 6592/7/6 6597/7/6 6602/7/6
f 6597/7/6 6599/7/6 6602/7/6
f 6601/7/6 6602/7/6 6603/7/6
f 6602/7/6 6599/7/6 6604/7/6
f 6603/7/6 6602/7/6 6604/7/6
f 6605/7/6 6606/7/6 6607/7/6
f 6605/7/6 6607/7/6 6610/7/6
f 6607/7/6 6608/7/6 6610/7/6
f 6609/7/6 6610/7/6 6611/7/6
f 6610/7/6 6608/7/6 6612/7/6
f 6611/7/6 6610/7/6 6612/7/6
f 6612/7/6 6608/7/6 6613/7/6
f 6613/7/6 6608/7/6 6614/7/6
f 6615/7/6 6616/7/6 6618/7/6
f 6614/7/6 6608/7/6 6619/7/6
f 6619/7/6 6608/7/6 6620/7/6
f 6617/7/6 6618/7/6 6622/7/6
f 6621/7/6 6622/7/6 6624/7/6
f 6620/7/6 6608/7/6 6625/7/6
f 6625/7/6 6608/7/6 6626/7/6
f 6626/7/6 6608/7/6 6627/7/6
f 6627/7/6 6608/7/6 6628/7/6
f 6623/7/6 6624/7/6 6630/7/6
f 6629/7/6 6630/7/6 6632/7/6
f 6628/7/6 6608/7/6 6633/7/6
f 6633/7/6 6608/7/6 6634/7/6
f 6631/7/6 6632/7/6 6636/7/6
f 6635/7/6 6636/7/6 6638/7/6
f 6634/7/6 6608/7/6 6639/7/6
f 6639/7/6 6608/7/6 6640/7/6
f 6640/7/6 6608/7/6 6641/7/6
f 6637/7/6 6638/7/6 6644/7/6
f 6643/7/6 6644/7/6 6646/7/6
f 6645/7/6 6646/7/6 6648/7/6
f 6647/7/6 6648/7/6 6650/7/6
f 6641/7/6 6642/7/6 6651/7/6
f 6640/7/6 6641/7/6 6651/7/6
f 6651/7/6 6642/7/6 6652/7/6
f 6652/7/6 6642/7/6 6653/7/6
f 6649/7/6 6650/7/6 6656/7/6
f 6655/7/6 6656/7/6 6658/7/6
f 6657/7/6 6658/7/6 6660/7/6
f 6659/7/6 6660/7/6 6662/7/6
f 6653/7/6 6654/7/6 6663/7/6
f 6652/7/6 6653/7/6 6663/7/6
f 6661/7/6 6662/7/6 6666/7/6
f 6663/7/6 6664/7/6 6667/7/6
f 6665/7/6 6666/7/6 6670/7/6
f 6667/7/6 6668/7/6 6671/7/6
f 6669/7/6 6670/7/6 6674/7/6
f 6673/7/6 6674/7/6 6676/7/6
f 6638/7/6 6636/7/6 6677/7/6
f 6644/7/6 6638/7/6 6677/7/6
f 6676/7/6 6674/7/6 6677/7/6
f 6650/7/6 6648/7/6 6677/7/6
f 6674/7/6 6670/7/6 6677/7/6
f 6646/7/6 6644/7/6 6677/7/6
f 6648/7/6 6646/7/6 6677/7/6
f 6670/7/6 6666/7/6 6677/7/6
f 6656/7/6 6650/7/6 6677/7/6
f 6662/7/6 6660/7/6 6677/7/6
f 6666/7/6 6662/7/6 6677/7/6
f 6658/7/6 6656/7/6 6677/7/6
f 6660/7/6 6658/7/6 6677/7/6
f 6677/7/6 6636/7/6 6678/7/6
f 6622/7/6 6618/7/6 6679/7/6
f 6678/7/6 6636/7/6 6679/7/6
f 6624/7/6 6622/7/6 6679/7/6
f 6630/7/6 6624/7/6 6679/7/6
f 6632/7/6 6630/7/6 6679/7/6
f 6636/7/6 6632/7/6 6679/7/6
f 6618/7/6 6616/7/6 6680/7/6
f 6679/7/6 6618/7/6 6680/7/6
f 6671/7/6 6672/7/6 6681/7/6
f 6676/7/6 6677/7/6 6684/7/6
f 6675/7/6 6676/7/6 6684/7/6
f 6677/4/6 6678/4/6 6685/4/6
f 6684/7/6 6677/7/6 6685/7/6
f 6678/7/6 6679/7/6 6686/7/6
f 6685/4/6 6678/4/6 6686/4/6
f 6686/7/6 6679/7/6 6687/7/6
f 6681/7/6 6682/7/6 6688/7/6
f 6684/7/6 6685/7/6 6691/7/6
f 6683/7/6 6684/7/6 6691/7/6
f 6691/7/6 6685/7/6 6692/7/6
f 6692/7/6 6685/7/6 6693/7/6
f 6688/7/6 6689/7/6 6694/7/6
f 6690/7/6 6691/7/6 6697/7/6
f 6691/7/6 6692/7/6 6697/7/6
f 6697/7/6 6692/7/6 6698/7/6
f 6698/7/6 6692/7/6 6699/7/6
f 6699/7/6 6692/7/6 6700/7/6
f 6700/7/6 6692/7/6 6701/7/6
f 6694/7/6 6695/7/6 6702/7/6
f 6696/7/6 6697/7/6 6705/7/6
f 6697/7/6 6698/7/6 6705/7/6
f 6698/2/6 6699/2/6 6706/2/6
f 6705/7/6 6698/7/6 6706/7/6
f 6699/7/6 6700/7/6 6707/7/6
f 6706/2/6 6699/2/6 6707/2/6
f 6707/7/6 6700/7/6 6708/7/6
f 6708/7/6 6700/7/6 6709/7/6
f 6702/7/6 6703/7/6 6710/7/6
f 6704/7/6 6705/7/6 6713/7/6
f 6705/7/6 6706/7/6 6713/7/6
f 6706/7/6 6707/7/6 6713/7/6
f 6707/7/6 6708/7/6 6713/7/6
f 6713/7/6 6708/7/6 6714/7/6
f 6714/7/6 6708/7/6 6715/7/6
f 6710/7/6 6711/7/6 6716/7/6
f 6712/7/6 6713/7/6 6719/7/6
f 6713/7/6 6714/7/6 6719/7/6
f 6719/7/6 6714/7/6 6720/7/6
f 6720/7/6 6714/7/6 6721/7/6
f 6716/7/6 6717/7/6 6722/7/6
f 6718/7/6 6719/7/6 6725/7/6
f 6719/7/6 6720/7/6 6725/7/6
f 6725/7/6 6720/7/6 6726/7/6
f 6726/7/6 6720/7/6 6727/7/6
f 6727/7/6 6720/7/6 6728/7/6
f 6681/7/6 6688/7/6 6729/7/6
f 6652/7/6 6663/7/6 6729/7/6
f 6671/7/6 6681/7/6 6729/7/6
f 6667/7/6 6671/7/6 6729/7/6
f 6663/7/6 6667/7/6 6729/7/6
f 6688/7/6 6694/7/6 6729/7/6
f 6716/7/6 6722/7/6 6729/7/6
f 6722/7/6 6723/7/6 6729/7/6
f 6694/7/6 6702/7/6 6729/7/6
f 6710/7/6 6716/7/6 6729/7/6
f 6702/7/6 6710/7/6 6729/7/6
f 6729/7/6 6723/7/6 6730/7/6
f 6725/7/6 6726/7/6 6733/7/6
f 6724/7/6 6725/7/6 6733/7/6
f 6733/7/6 6726/7/6 6734/7/6
f 6726/5/6 6727/5/6 6735/5/6
f 6734/7/6 6726/7/6 6735/7/6
f 6735/5/6 6727/5/6 6736/5/6
f 6730/7/6 6731/7/6 6737/7/6
f 6729/7/6 6730/7/6 6737/7/6
f 6737/7/6 6731/7/6 6738/7/6
f 6733/7/6 6734/7/6 6741/7/6
f 6732/7/6 6733/7/6 6741/7/6
f 6741/7/6 6734/7/6 6742/7/6
f 6742/7/6 6734/7/6 6743/7/6
f 6738/7/6 6739/7/6 6744/7/6
f 6737/7/6 6738/7/6 6744/7/6
f 6741/7/6 6742/7/6 6747/7/6
f 6740/7/6 6741/7/6 6747/7/6
f 6747/7/6 6742/7/6 6748/7/6
f 6748/7/6 6742/7/6 6749/7/6
f 6746/7/6 6747/7/6 6751/7/6
f 6747/7/6 6748/7/6 6751/7/6
f 6751/7/6 6748/7/6 6752/7/6
f 6752/7/6 6748/7/6 6753/7/6
f 6744/7/6 6745/7/6 6754/7/6
f 6750/7/6 6751/7/6 6757/7/6
f 6751/7/6 6752/7/6 6757/7/6
f 6757/7/6 6752/7/6 6758/7/6
f 6758/7/6 6752/7/6 6759/7/6
f 6754/7/6 6755/7/6 6760/7/6
f 6756/7/6 6757/7/6 6763/7/6
f 6757/7/6 6758/7/6 6763/7/6
f 6763/7/6 6758/7/6 6764/7/6
f 6764/7/6 6758/7/6 6765/7/6
f 6760/7/6 6761/7/6 6766/7/6
f 6762/7/6 6763/7/6 6769/7/6
f 6763/7/6 6764/7/6 6769/7/6
f 6769/7/6 6764/7/6 6770/7/6
f 6770/7/6 6764/7/6 6771/7/6
f 6766/7/6 6767/7/6 6772/7/6
f 6768/7/6 6769/7/6 6775/7/6
f 6769/7/6 6770/7/6 6775/7/6
f 6775/7/6 6770/7/6 6776/7/6
f 6776/7/6 6770/7/6 6777/7/6
f 6777/7/6 6770/7/6 6778/7/6
f 6778/7/6 6770/7/6 6779/7/6
f 6772/7/6 6773/7/6 6780/7/6
f 6774/7/6 6775/7/6 6783/7/6
f 6775/7/6 6776/7/6 6783/7/6
f 6777/7/6 6778/7/6 6784/7/6
f 6784/7/6 6778/7/6 6785/7/6
f 6737/7/6 6744/7/6 6787/7/6
f 6744/7/6 6754/7/6 6787/7/6
f 6754/7/6 6760/7/6 6787/7/6
f 6760/7/6 6766/7/6 6787/7/6
f 6766/7/6 6772/7/6 6787/7/6
f 6772/7/6 6780/7/6 6787/7/6
f 6787/7/6 6780/7/6 6788/7/6
f 6788/7/6 6780/7/6 6789/7/6
f 6780/2/6 6781/2/6 6790/2/6
f 6789/7/6 6780/7/6 6790/7/6
f 6790/2/6 6781/2/6 6791/2/6
f 6777/7/6 6784/7/6 6793/7/6
f 6793/7/6 6784/7/6 6794/7/6
f 6788/2/6 6789/2/6 6795/2/6
f 6786/7/6 6787/7/6 6795/7/6
f 6787/7/6 6788/7/6 6795/7/6
f 6791/7/6 6792/7/6 6796/7/6
f 6795/2/6 6789/2/6 6796/2/6
f 6790/7/6 6791/7/6 6796/7/6
f 6789/7/6 6790/7/6 6796/7/6
f 6796/7/6 6792/7/6 6797/7/6
f 6782/7/6 6783/7/6 6800/7/6
f 6783/7/6 6776/7/6 6801/7/6
f 6776/4/6 6777/4/6 6801/4/6
f 6800/7/6 6783/7/6 6801/7/6
f 6777/7/6 6793/7/6 6802/7/6
f 6801/4/6 6777/4/6 6802/4/6
f 6802/7/6 6793/7/6 6803/7/6
f 6803/7/6 6793/7/6 6804/7/6
f 6799/7/6 6800/7/6 6806/7/6
f 6800/7/6 6801/7/6 6806/7/6
f 6802/7/6 6803/7/6 6806/7/6
f 6801/7/6 6802/7/6 6806/7/6
f 6806/7/6 6803/7/6 6807/7/6
f 6807/7/6 6803/7/6 6808/7/6
f 6797/7/6 6798/7/6 6809/7/6
f 6796/7/6 6797/7/6 6809/7/6
f 6795/7/6 6796/7/6 6809/7/6
f 6806/7/6 6807/7/6 6812/7/6
f 6805/7/6 6806/7/6 6812/7/6
f 6812/7/6 6807/7/6 6813/7/6
f 6813/7/6 6807/7/6 6814/7/6
f 6809/7/6 6810/7/6 6815/7/6
f 6811/7/6 6812/7/6 6817/7/6
f 6812/7/6 6813/7/6 6817/7/6
f 6817/7/6 6813/7/6 6818/7/6
f 6811/7/6 6817/7/6 6820/7/6
f 6820/7/6 6817/7/6 6821/7/6
f 6821/7/6 6817/7/6 6822/7/6
f 6786/7/6 6795/7/6 6823/7/6
f 6795/7/6 6809/7/6 6823/7/6
f 6815/7/6 6816/7/6 6823/7/6
f 6809/7/6 6815/7/6 6823/7/6
f 6823/7/6 6816/7/6 6824/7/6
f 6824/7/6 6816/7/6 6825/7/6
f 6820/7/6 6821/7/6 6828/7/6
f 6819/7/6 6820/7/6 6828/7/6
f 6828/7/6 6821/7/6 6829/7/6
f 6829/7/6 6821/7/6 6830/7/6
f 6825/7/6 6826/7/6 6831/7/6
f 6824/7/6 6825/7/6 6831/7/6
f 6828/7/6 6829/7/6 6833/7/6
f 6827/7/6 6828/7/6 6833/7/6
f 6833/7/6 6829/7/6 6834/7/6
f 6827/7/6 6833/7/6 6836/7/6
f 6836/7/6 6833/7/6 6837/7/6
f 6837/7/6 6833/7/6 6838/7/6
f 6831/7/6 6832/7/6 6839/7/6
f 6835/7/6 6836/7/6 6841/7/6
f 6836/7/6 6837/7/6 6841/7/6
f 6841/7/6 6837/7/6 6842/7/6
f 6824/7/6 6831/7/6 6843/7/6
f 6839/7/6 6840/7/6 6843/7/6
f 6831/7/6 6839/7/6 6843/7/6
f 6843/7/6 6840/7/6 6844/7/6
f 6844/7/6 6840/7/6 6845/7/6
f 6835/7/6 6841/7/6 6848/7/6
f 6848/7/6 6841/7/6 6849/7/6
f 6849/7/6 6841/7/6 6850/7/6
f 6847/7/6 6848/7/6 6851/7/6
f 6848/7/6 6849/7/6 6851/7/6
f 6851/7/6 6849/7/6 6852/7/6
f 6845/7/6 6846/7/6 6853/7/6
f 6844/7/6 6845/7/6 6853/7/6
f 6847/7/6 6851/7/6 6856/7/6
f 6856/7/6 6851/7/6 6857/7/6
f 6857/7/6 6851/7/6 6858/7/6
f 6853/7/6 6854/7/6 6859/7/6
f 6844/7/6 6853/7/6 6859/7/6
f 6859/7/6 6854/7/6 6860/7/6
f 6856/7/6 6857/7/6 6861/7/6
f 6855/7/6 6856/7/6 6861/7/6
f 6861/7/6 6857/7/6 6862/7/6
f 6862/7/6 6857/7/6 6863/7/6
f 6863/7/6 6857/7/6 6864/7/6
f 6844/7/6 6859/7/6 6865/7/6
f 6865/7/6 6859/7/6 6866/7/6
f 6859/2/6 6860/2/6 6867/2/6
f 6866/7/6 6859/7/6 6867/7/6
f 6860/7/6 6854/7/6 6868/7/6
f 6867/2/6 6860/2/6 6868/2/6
f 6868/7/6 6854/7/6 6869/7/6
f 6855/7/6 6861/7/6 6872/7/6
f 6861/2/6 6862/2/6 6873/2/6
f 6872/7/6 6861/7/6 6873/7/6
f 6862/7/6 6863/7/6 6874/7/6
f 6873/2/6 6862/2/6 6874/2/6
f 6874/7/6 6863/7/6 6875/7/6
f 6873/7/6 6874/7/6 6875/7/6
f 6871/7/6 6872/7/6 6875/7/6
f 6872/7/6 6873/7/6 6875/7/6
f 6875/7/6 6863/7/6 6876/7/6
f 6866/7/6 6867/7/6 6877/7/6
f 6869/7/6 6870/7/6 6877/7/6
f 6868/7/6 6869/7/6 6877/7/6
f 6867/7/6 6868/7/6 6877/7/6
f 6877/7/6 6870/7/6 6878/7/6
f 6878/7/6 6870/7/6 6879/7/6
f 6879/7/6 6870/7/6 6880/7/6
f 6880/7/6 6870/7/6 6881/7/6
f 6881/7/6 6870/7/6 6882/7/6
f 6882/7/6 6870/7/6 6883/7/6
f 6871/7/6 6875/7/6 6886/7/6
f 6886/7/6 6875/7/6 6887/7/6
f 6887/7/6 6875/7/6 6888/7/6
f 6878/7/6 6879/7/6 6889/7/6
f 6879/2/6 6880/2/6 6889/2/6
f 6880/7/6 6881/7/6 6890/7/6
f 6889/2/6 6880/2/6 6890/2/6
f 6881/4/6 6882/4/6 6891/4/6
f 6890/7/6 6881/7/6 6891/7/6
f 6883/7/6 6884/7/6 6892/7/6
f 6891/4/6 6882/4/6 6892/4/6
f 6882/7/6 6883/7/6 6892/7/6
f 6886/7/6 6887/7/6 6893/7/6
f 6885/7/6 6886/7/6 6893/7/6
f 6893/7/6 6887/7/6 6894/7/6
f 6890/7/6 6891/7/6 6895/7/6
f 6892/7/6 6884/7/6 6895/7/6
f 6891/7/6 6892/7/6 6895/7/6
f 6889/7/6 6890/7/6 6895/7/6
f 6885/7/6 6893/7/6 6898/7/6
f 6898/7/6 6893/7/6 6899/7/6
f 6899/7/6 6893/7/6 6900/7/6
f 6895/7/6 6896/7/6 6901/7/6
f 6878/7/6 6889/7/6 6901/7/6
f 6889/7/6 6895/7/6 6901/7/6
f 6901/7/6 6896/7/6 6902/7/6
f 6902/7/6 6896/7/6 6903/7/6
f 6898/7/6 6899/7/6 6906/7/6
f 6897/7/6 6898/7/6 6906/7/6
f 6906/7/6 6899/7/6 6907/7/6
f 6907/7/6 6899/7/6 6908/7/6
f 6902/7/6 6903/7/6 6909/7/6
f 6903/7/6 6904/7/6 6909/7/6
f 6902/7/6 6909/7/6 6911/7/6
f 6909/7/6 6910/7/6 6911/7/6
f 6911/7/6 6910/7/6 6912/7/6
f 6906/7/6 6907/7/6 6913/7/6
f 6905/7/6 6906/7/6 6913/7/6
f 6913/7/6 6907/7/6 6914/7/6
f 6912/7/6 6910/7/6 6915/7/6
f 6915/7/6 6910/7/6 6916/7/6
f 6905/7/6 6913/7/6 6917/7/6
f 6917/7/6 6913/7/6 6918/7/6
f 6912/7/6 6915/7/6 6919/7/6
f 6915/5/6 6916/5/6 6919/5/6
f 6916/7/6 6910/7/6 6920/7/6
f 6919/5/6 6916/5/6 6920/5/6
f 6905/7/6 6917/7/6 6921/7/6
f 6921/7/6 6917/7/6 6922/7/6
f 6905/7/6 6921/7/6 6923/7/6
f 6923/7/6 6921/7/6 6924/7/6
f 6905/7/6 6923/7/6 6925/7/6
f 6925/7/6 6923/7/6 6926/7/6
f 6912/7/6 6919/7/6 6927/7/6
f 6919/7/6 6920/7/6 6927/7/6
f 6927/7/6 6920/7/6 6928/7/6
f 6905/7/6 6925/7/6 6930/7/6
f 6929/7/6 6930/7/6 6931/7/6
f 6930/7/6 6925/7/6 6931/7/6
f 6931/7/6 6925/7/6 6932/7/6
f 6929/7/6 6931/7/6 6934/7/6
f 6928/7/6 6920/7/6 6935/7/6
f 6935/7/6 6920/7/6 6936/7/6
f 6933/7/6 6934/7/6 6938/7/6
f 6928/7/6 6935/7/6 6939/7/6
f 6935/2/6 6936/2/6 6939/2/6
f 6936/7/6 6920/7/6 6940/7/6
f 6939/2/6 6936/2/6 6940/2/6
f 6937/7/6 6938/7/6 6942/7/6
f 6934/7/6 6931/7/6 6943/7/6
f 6938/7/6 6934/7/6 6943/7/6
f 6942/7/6 6938/7/6 6943/7/6
f 6943/7/6 6931/7/6 6944/7/6
f 6941/7/6 6942/7/6 6946/7/6
f 6942/7/6 6943/7/6 6946/7/6
f 6945/7/6 6946/7/6 6948/7/6
f 6946/7/6 6943/7/6 6949/7/6
f 6948/7/6 6946/7/6 6949/7/6
f 6949/7/6 6943/7/6 6950/7/6
f 6920/7/6 6910/7/6 6951/7/6
f 6940/7/6 6920/7/6 6951/7/6
f 6939/7/6 6940/7/6 6951/7/6
f 6951/7/6 6910/7/6 6952/7/6
f 6948/7/6 6949/7/6 6954/7/6
f 6947/7/6 6948/7/6 6954/7/6
f 6928/7/6 6939/7/6 6955/7/6
f 6939/7/6 6951/7/6 6955/7/6
f 6955/7/6 6951/7/6 6956/7/6
f 6928/7/6 6955/7/6 6957/7/6
f 6955/3/6 6956/3/6 6957/3/6
f 6956/7/6 6951/7/6 6958/7/6
f 6957/3/6 6956/3/6 6958/3/6
f 6953/7/6 6954/7/6 6960/7/6
f 6954/7/6 6949/7/6 6961/7/6
f 6960/7/6 6954/7/6 6961/7/6
f 6961/7/6 6949/7/6 6962/7/6
f 6958/7/6 6951/7/6 6963/7/6
f 6957/7/6 6958/7/6 6963/7/6
f 6963/7/6 6951/7/6 6964/7/6
f 6959/7/6 6960/7/6 6966/7/6
f 6960/7/6 6961/7/6 6966/7/6
f 6963/3/6 6964/3/6 6967/3/6
f 6957/7/6 6963/7/6 6967/7/6
f 6964/7/6 6951/7/6 6968/7/6
f 6967/3/6 6964/3/6 6968/3/6
f 6965/7/6 6966/7/6 6969/7/6
f 6966/7/6 6961/7/6 6969/7/6
f 6969/7/6 6961/7/6 6970/7/6
f 6965/7/6 6969/7/6 6972/7/6
f 6968/7/6 6951/7/6 6973/7/6
f 6967/7/6 6968/7/6 6973/7/6
f 6973/7/6 6951/7/6 6974/7/6
f 6971/7/6 6972/7/6 6976/7/6
f 6972/7/6 6969/7/6 6977/7/6
f 6976/7/6 6972/7/6 6977/7/6
f 6977/7/6 6969/7/6 6978/7/6
f 6967/7/6 6973/7/6 6979/7/6
f 6973/6/6 6974/6/6 6979/6/6
f 6974/7/6 6951/7/6 6980/7/6
f 6979/6/6 6974/6/6 6980/6/6
f 6980/7/6 6951/7/6 6981/7/6
f 6981/7/6 6951/7/6 6982/7/6
f 6975/7/6 6976/7/6 6984/7/6
f 6976/7/6 6977/7/6 6984/7/6
f 6983/7/6 6984/7/6 6985/7/6
f 6984/7/6 6977/7/6 6985/7/6
f 6985/7/6 6977/7/6 6986/7/6
f 6983/7/6 6985/7/6 6988/7/6
f 6957/7/6 6967/7/6 6989/7/6
f 6967/7/6 6979/7/6 6989/7/6
f 6980/7/6 6981/7/6 6989/7/6
f 6979/7/6 6980/7/6 6989/7/6
f 6989/7/6 6981/7/6 6990/7/6
f 6987/7/6 6988/7/6 6991/7/6
f 6988/7/6 6985/7/6 6991/7/6
f 6991/7/6 6985/7/6 6992/7/6
f 6989/1/6 6990/1/6 6993/1/6
f 6957/7/6 6989/7/6 6993/7/6
f 6990/7/6 6981/7/6 6994/7/6
f 6993/1/6 6990/1/6 6994/1/6
f 6987/7/6 6991/7/6 6996/7/6
f 6995/7/6 6996/7/6 6998/7/6
f 6996/7/6 6991/7/6 6999/7/6
f 6998/7/6 6996/7/6 6999/7/6
f 6999/7/6 6991/7/6 7000/7/6
f 7000/7/6 6991/7/6 7001/7/6
f 6994/7/6 6981/7/6 7002/7/6
f 6993/7/6 6994/7/6 7002/7/6
f 7002/7/6 6981/7/6 7003/7/6
f 6997/7/6 6998/7/6 7005/7/6
f 6998/7/6 6999/7/6 7005/7/6
f 6999/1/6 7000/1/6 7006/1/6
f 7005/7/6 6999/7/6 7006/7/6
f 7006/1/6 7000/1/6 7007/1/6
f 7004/7/6 7005/7/6 7009/7/6
f 7006/7/6 7007/7/6 7009/7/6
f 7005/7/6 7006/7/6 7009/7/6
f 7009/7/6 7007/7/6 7010/7/6
f 7010/7/6 7007/7/6 7011/7/6
f 7008/7/6 7009/7/6 7013/7/6
f 7009/7/6 7010/7/6 7013/7/6
f 6957/7/6 6993/7/6 7015/7/6
f 6928/7/6 6957/7/6 7015/7/6
f 6993/7/6 7002/7/6 7015/7/6
f 7012/7/6 7013/7/6 7016/7/6
f 7013/7/6 7010/7/6 7016/7/6
f 7016/7/6 7010/7/6 7017/7/6
f 7017/7/6 7010/7/6 7018/7/6
f 7018/7/6 7010/7/6 7019/7/6
f 7012/7/6 7016/7/6 7021/7/6
f 7016/2/6 7017/2/6 7022/2/6
f 7021/7/6 7016/7/6 7022/7/6
f 7017/7/6 7018/7/6 7023/7/6
f 7022/2/6 7017/2/6 7023/2/6
f 7023/7/6 7018/7/6 7024/7/6
f 7024/7/6 7018/7/6 7025/7/6
f 7020/7/6 7021/7/6 7026/7/6
f 7021/7/6 7022/7/6 7026/7/6
f 7023/7/6 7024/7/6 7026/7/6
f 7022/7/6 7023/7/6 7026/7/6
f 7026/7/6 7024/7/6 7027/7/6
f 7014/7/6 7015/7/6 7028/7/6
f 7015/7/6 7002/7/6 7028/7/6
f 7028/7/6 7002/7/6 7029/7/6
f 7020/7/6 7026/7/6 7031/7/6
f 7014/7/6 7028/7/6 7032/7/6
f 7032/7/6 7028/7/6 7033/7/6
f 7030/7/6 7031/7/6 7034/7/6
f 7031/7/6 7026/7/6 7034/7/6
f 7034/7/6 7026/7/6 7035/7/6
f 7032/5/6 7033/5/6 7036/5/6
f 7014/7/6 7032/7/6 7036/7/6
f 7033/7/6 7028/7/6 7037/7/6
f 7036/5/6 7033/5/6 7037/5/6
f 7030/7/6 7034/7/6 7039/7/6
f 7039/7/6 7034/7/6 7040/7/6
f 7040/7/6 7034/7/6 7041/7/6
f 7038/7/6 7039/7/6 7043/7/6
f 7039/7/6 7040/7/6 7043/7/6
f 7037/7/6 7028/7/6 7044/7/6
f 7036/7/6 7037/7/6 7044/7/6
f 7044/7/6 7028/7/6 7045/7/6
f 7042/7/6 7043/7/6 7047/7/6
f 7036/7/6 7044/7/6 7048/7/6
f 7048/7/6 7044/7/6 7049/7/6
f 7046/7/6 7047/7/6 7050/7/6
f 7043/7/6 7040/7/6 7050/7/6
f 7047/7/6 7043/7/6 7050/7/6
f 7050/7/6 7040/7/6 7051/7/6
f 7051/7/6 7040/7/6 7052/7/6
f 7052/7/6 7040/7/6 7053/7/6
f 7048/2/6 7049/2/6 7054/2/6
f 7036/7/6 7048/7/6 7054/7/6
f 7049/7/6 7044/7/6 7055/7/6
f 7054/2/6 7049/2/6 7055/2/6
f 7046/7/6 7050/7/6 7057/7/6
f 7051/7/6 7052/7/6 7058/7/6
f 7058/7/6 7052/7/6 7059/7/6
f 7055/7/6 7044/7/6 7060/7/6
f 7054/7/6 7055/7/6 7060/7/6
f 7060/7/6 7044/7/6 7061/7/6
f 7056/7/6 7057/7/6 7063/7/6
f 7050/6/6 7051/6/6 7064/6/6
f 7057/7/6 7050/7/6 7064/7/6
f 7063/7/6 7057/7/6 7064/7/6
f 7051/7/6 7058/7/6 7065/7/6
f 7064/6/6 7051/6/6 7065/6/6
f 7062/7/6 7063/7/6 7067/7/6
f 7064/7/6 7065/7/6 7067/7/6
f 7063/7/6 7064/7/6 7067/7/6
f 7065/7/6 7058/7/6 7068/7/6
f 7066/7/6 7067/7/6 7068/7/6
f 7067/7/6 7065/7/6 7068/7/6
f 7068/7/6 7058/7/6 7069/7/6
f 7069/7/6 7058/7/6 7070/7/6
f 7070/7/6 7058/7/6 7071/7/6
f 7054/7/6 7060/7/6 7072/7/6
f 7072/7/6 7060/7/6 7073/7/6
f 7066/7/6 7068/7/6 7075/7/6
f 7068/1/6 7069/1/6 7076/1/6
f 7075/7/6 7068/7/6 7076/7/6
f 7069/7/6 7070/7/6 7077/7/6
f 7076/1/6 7069/1/6 7077/1/6
f 7074/7/6 7075/7/6 7079/7/6
f 7076/7/6 7077/7/6 7079/7/6
f 7075/7/6 7076/7/6 7079/7/6
f 7077/7/6 7070/7/6 7080/7/6
f 7079/7/6 7077/7/6 7080/7/6
f 7080/7/6 7070/7/6 7081/7/6
f 7054/7/6 7072/7/6 7082/7/6
f 7082/7/6 7072/7/6 7083/7/6
f 7014/7/6 7036/7/6 7085/7/6
f 7036/7/6 7054/7/6 7085/7/6
f 7054/7/6 7082/7/6 7085/7/6
f 7079/7/6 7080/7/6 7087/7/6
f 7078/7/6 7079/7/6 7087/7/6
f 7087/7/6 7080/7/6 7088/7/6
f 7088/7/6 7080/7/6 7089/7/6
f 7084/7/6 7085/7/6 7090/7/6
f 7085/7/6 7082/7/6 7090/7/6
f 7090/7/6 7082/7/6 7091/7/6
f 7084/7/6 7090/7/6 7092/7/6
f 7092/7/6 7090/7/6 7093/7/6
f 7087/7/6 7088/7/6 7095/7/6
f 7086/7/6 7087/7/6 7095/7/6
f 7092/4/6 7093/4/6 7096/4/6
f 7084/7/6 7092/7/6 7096/7/6
f 7093/7/6 7090/7/6 7097/7/6
f 7096/4/6 7093/4/6 7097/4/6
f 7097/7/6 7090/7/6 7098/7/6
f 7098/7/6 7090/7/6 7099/7/6
f 7084/7/6 7096/7/6 7101/7/6
f 7096/7/6 7097/7/6 7101/7/6
f 7097/7/6 7098/7/6 7101/7/6
f 7101/7/6 7098/7/6 7102/7/6
f 7100/7/6 7101/7/6 7102/7/6
f 7102/7/6 7098/7/6 7103/7/6
f 7103/7/6 7098/7/6 7104/7/6
f 7104/7/6 7098/7/6 7105/7/6
f 7094/7/6 7095/7/6 7106/7/6
f 7095/7/6 7088/7/6 7106/7/6
f 7106/7/6 7088/7/6 7107/7/6
f 7102/3/6 7103/3/6 7108/3/6
f 7100/7/6 7102/7/6 7108/7/6
f 7103/7/6 7104/7/6 7109/7/6
f 7108/3/6 7103/3/6 7109/3/6
f 7094/7/6 7106/7/6 7110/7/6
f 7094/7/6 7110/7/6 7112/7/6
f 7112/7/6 7110/7/6 7113/7/6
f 7111/7/6 7112/7/6 7114/7/6
f 7112/7/6 7113/7/6 7114/7/6
f 7114/7/6 7113/7/6 7115/7/6
f 7115/7/6 7113/7/6 7116/7/6
f 7116/7/6 7113/7/6 7117/7/6
f 7109/7/6 7104/7/6 7118/7/6
f 7108/7/6 7109/7/6 7118/7/6
f 7118/7/6 7104/7/6 7119/7/6
f 7111/7/6 7114/7/6 7120/7/6
f 7114/1/6 7115/1/6 7120/1/6
f 7115/7/6 7116/7/6 7121/7/6
f 7120/1/6 7115/1/6 7121/1/6
f 7108/7/6 7118/7/6 7122/7/6
f 7122/7/6 7118/7/6 7123/7/6
f 7121/7/6 7116/7/6 7124/7/6
f 7120/7/6 7121/7/6 7124/7/6
f 7124/7/6 7116/7/6 7125/7/6
f 7120/7/6 7124/7/6 7126/7/6
f 7124/6/6 7125/6/6 7126/6/6
f 7125/7/6 7116/7/6 7127/7/6
f 7126/6/6 7125/6/6 7127/6/6
f 7127/7/6 7116/7/6 7128/7/6
f 7128/7/6 7116/7/6 7129/7/6
f 7111/7/6 7120/7/6 7131/7/6
f 7120/7/6 7126/7/6 7131/7/6
f 7127/7/6 7128/7/6 7131/7/6
f 7126/7/6 7127/7/6 7131/7/6
f 7131/7/6 7128/7/6 7132/7/6
f 7132/7/6 7128/7/6 7133/7/6
f 7100/7/6 7108/7/6 7134/7/6
f 7108/7/6 7122/7/6 7134/7/6
f 7134/7/6 7122/7/6 7135/7/6
f 7135/7/6 7122/7/6 7136/7/6
f 7136/7/6 7122/7/6 7137/7/6
f 7132/2/6 7133/2/6 7138/2/6
f 7130/7/6 7131/7/6 7138/7/6
f 7131/7/6 7132/7/6 7138/7/6
f 7133/7/6 7128/7/6 7139/7/6
f 7138/2/6 7133/2/6 7139/2/6
f 7139/7/6 7128/7/6 7140/7/6
f 7140/7/6 7128/7/6 7141/7/6
f 7134/2/6 7135/2/6 7142/2/6
f 7100/7/6 7134/7/6 7142/7/6
f 7135/7/6 7136/7/6 7143/7/6
f 7142/2/6 7135/2/6 7143/2/6
f 7142/7/6 7143/7/6 7144/7/6
f 7143/7/6 7136/7/6 7144/7/6
f 7144/7/6 7136/7/6 7145/7/6
f 7139/7/6 7140/7/6 7146/7/6
f 7138/7/6 7139/7/6 7146/7/6
f 7146/7/6 7140/7/6 7147/7/6
f 7144/5/6 7145/5/6 7148/5/6
f 7142/7/6 7144/7/6 7148/7/6
f 7145/7/6 7136/7/6 7149/7/6
f 7148/5/6 7145/5/6 7149/5/6
f 7149/7/6 7136/7/6 7150/7/6
f 7150/7/6 7136/7/6 7151/7/6
f 7130/7/6 7138/7/6 7152/7/6
f 7138/7/6 7146/7/6 7152/7/6
f 7152/7/6 7146/7/6 7153/7/6
f 7153/7/6 7146/7/6 7154/7/6
f 7154/7/6 7146/7/6 7155/7/6
f 7151/7/6 7136/7/6 7156/7/6
f 7150/3/6 7151/3/6 7156/3/6
f 7156/7/6 7136/7/6 7157/7/6
f 7152/4/6 7153/4/6 7158/4/6
f 7153/7/6 7154/7/6 7159/7/6
f 7158/4/6 7153/4/6 7159/4/6
f 7154/1/6 7155/1/6 7160/1/6
f 7159/7/6 7154/7/6 7160/7/6
f 7155/7/6 7146/7/6 7161/7/6
f 7160/1/6 7155/1/6 7161/1/6
f 7148/7/6 7149/7/6 7162/7/6
f 7149/7/6 7150/7/6 7162/7/6
f 7150/3/6 7156/3/6 7162/3/6
f 7162/3/6 7156/3/6 7163/3/6
f 7159/7/6 7160/7/6 7164/7/6
f 7158/7/6 7159/7/6 7164/7/6
f 7160/7/6 7161/7/6 7164/7/6
f 7164/7/6 7161/7/6 7165/7/6
f 7161/7/6 7146/7/6 7166/7/6
f 7165/7/6 7161/7/6 7166/7/6
f 7166/7/6 7146/7/6 7167/7/6
f 7162/7/6 7163/7/6 7168/7/6
f 7148/7/6 7162/7/6 7168/7/6
f 7168/7/6 7163/7/6 7169/7/6
f 7164/1/6 7165/1/6 7170/1/6
f 7158/7/6 7164/7/6 7170/7/6
f 7165/7/6 7166/7/6 7171/7/6
f 7170/1/6 7165/1/6 7171/1/6
f 7171/7/6 7166/7/6 7172/7/6
f 7172/7/6 7166/7/6 7173/7/6
f 7170/7/6 7171/7/6 7174/7/6
f 7172/6/6 7173/6/6 7174/6/6
f 7171/7/6 7172/7/6 7174/7/6
f 7173/7/6 7166/7/6 7175/7/6
f 7174/6/6 7173/6/6 7175/6/6
f 7148/7/6 7168/7/6 7176/7/6
f 7176/7/6 7168/7/6 7177/7/6
f 7148/7/6 7176/7/6 7178/7/6
f 7178/7/6 7176/7/6 7179/7/6
f 7175/7/6 7166/7/6 7180/7/6
f 7174/7/6 7175/7/6 7180/7/6
f 7180/7/6 7166/7/6 7181/7/6
f 7148/7/6 7178/7/6 7182/7/6
f 7182/7/6 7178/7/6 7183/7/6
f 7174/7/6 7180/7/6 7184/7/6
f 7184/7/6 7180/7/6 7185/7/6
f 7100/7/6 7142/7/6 7186/7/6
f 7142/7/6 7148/7/6 7186/7/6
f 7148/7/6 7182/7/6 7186/7/6
f 7186/7/6 7182/7/6 7187/7/6
f 7174/7/6 7184/7/6 7188/7/6
f 7158/7/6 7170/7/6 7188/7/6
f 7170/7/6 7174/7/6 7188/7/6
f 7188/7/6 7184/7/6 7189/7/6
f 7187/7/6 7182/7/6 7190/7/6
f 7190/7/6 7182/7/6 7191/7/6
f 7189/7/6 7184/7/6 7192/7/6
f 7192/7/6 7184/7/6 7193/7/6
f 7187/7/6 7190/7/6 7194/7/6
f 7194/7/6 7190/7/6 7195/7/6
f 7189/7/6 7192/7/6 7196/7/6
f 7192/3/6 7193/3/6 7196/3/6
f 7193/7/6 7184/7/6 7197/7/6
f 7196/3/6 7193/3/6 7197/3/6
f 7187/7/6 7194/7/6 7198/7/6
f 7198/7/6 7194/7/6 7199/7/6
f 7187/7/6 7198/7/6 7200/7/6
f 7200/7/6 7198/7/6 7201/7/6
f 7198/4/6 7199/4/6 7202/4/6
f 7201/7/6 7198/7/6 7202/7/6
f 7199/7/6 7194/7/6 7203/7/6
f 7202/4/6 7199/4/6 7203/4/6
f 7189/7/6 7196/7/6 7204/7/6
f 7196/7/6 7197/7/6 7204/7/6
f 7204/7/6 7197/7/6 7205/7/6
f 7197/7/6 7184/7/6 7206/7/6
f 7205/7/6 7197/7/6 7206/7/6
f 7206/7/6 7184/7/6 7207/7/6
f 7205/7/6 7206/7/6 7208/7/6
f 7206/1/6 7207/1/6 7208/1/6
f 7207/7/6 7184/7/6 7209/7/6
f 7208/1/6 7207/1/6 7209/1/6
f 7202/7/6 7203/7/6 7210/7/6
f 7201/7/6 7202/7/6 7210/7/6
f 7210/7/6 7203/7/6 7211/7/6
f 7211/7/6 7203/7/6 7212/7/6
f 7212/7/6 7203/7/6 7213/7/6
f 7209/7/6 7184/7/6 7214/7/6
f 7208/7/6 7209/7/6 7214/7/6
f 7214/7/6 7184/7/6 7215/7/6
f 7212/3/6 7213/3/6 7216/3/6
f 7211/7/6 7212/7/6 7216/7/6
f 7213/7/6 7203/7/6 7217/7/6
f 7216/3/6 7213/3/6 7217/3/6
f 7214/2/6 7215/2/6 7218/2/6
f 7208/7/6 7214/7/6 7218/7/6
f 7215/7/6 7184/7/6 7219/7/6
f 7218/2/6 7215/2/6 7219/2/6
f 7208/7/6 7218/7/6 7220/7/6
f 7218/7/6 7219/7/6 7220/7/6
f 7220/7/6 7219/7/6 7221/7/6
f 7208/7/6 7220/7/6 7222/7/6
f 7220/2/6 7221/2/6 7222/2/6
f 7221/7/6 7219/7/6 7223/7/6
f 7222/2/6 7221/2/6 7223/2/6
f 7211/7/6 7216/7/6 7224/7/6
f 7216/7/6 7217/7/6 7224/7/6
f 7224/7/6 7217/7/6 7225/7/6
f 7223/7/6 7219/7/6 7226/7/6
f 7219/7/6 7184/7/6 7226/7/6
f 7222/7/6 7223/7/6 7226/7/6
f 7226/7/6 7184/7/6 7227/7/6
f 7225/7/6 7217/7/6 7228/7/6
f 7228/7/6 7217/7/6 7229/7/6
f 7229/7/6 7217/7/6 7230/7/6
f 7217/7/6 7203/7/6 7231/7/6
f 7230/7/6 7217/7/6 7231/7/6
f 7229/7/6 7230/7/6 7232/7/6
f 7232/7/6 7230/7/6 7233/7/6
f 7230/3/6 7231/3/6 7234/3/6
f 7233/7/6 7230/7/6 7234/7/6
f 7231/7/6 7203/7/6 7235/7/6
f 7234/3/6 7231/3/6 7235/3/6
f 7205/7/6 7208/7/6 7237/7/6
f 7208/7/6 7222/7/6 7237/7/6
f 7222/7/6 7226/7/6 7237/7/6
f 7237/7/6 7226/7/6 7238/7/6
f 7238/7/6 7226/7/6 7239/7/6
f 7234/7/6 7235/7/6 7240/7/6
f 7233/7/6 7234/7/6 7240/7/6
f 7240/7/6 7235/7/6 7241/7/6
f 7241/7/6 7235/7/6 7242/7/6
f 7242/7/6 7235/7/6 7243/7/6
f 7237/7/6 7238/7/6 7245/7/6
f 7236/7/6 7237/7/6 7245/7/6
f 7245/7/6 7238/7/6 7246/7/6
f 7246/7/6 7238/7/6 7247/7/6
f 7244/7/6 7245/7/6 7248/7/6
f 7245/7/6 7246/7/6 7248/7/6
f 7243/7/6 7235/7/6 7249/7/6
f 7249/7/6 7235/7/6 7250/7/6
f 7244/7/6 7248/7/6 7251/7/6
f 7251/7/6 7248/7/6 7252/7/6
f 7252/7/6 7248/7/6 7253/7/6
f 7253/7/6 7248/7/6 7254/7/6
f 7244/7/6 7251/7/6 7255/7/6
f 7251/2/6 7252/2/6 7255/2/6
f 7252/7/6 7253/7/6 7256/7/6
f 7255/2/6 7252/2/6 7256/2/6
f 7250/7/6 7235/7/6 7257/7/6
f 7257/7/6 7235/7/6 7258/7/6
f 7203/7/6 7194/7/6 7259/7/6
f 7258/7/6 7235/7/6 7259/7/6
f 7235/7/6 7203/7/6 7259/7/6
f 7256/7/6 7253/7/6 7261/7/6
f 7255/7/6 7256/7/6 7261/7/6
f 7261/7/6 7253/7/6 7262/7/6
f 7259/7/6 7260/7/6 7263/7/6
f 7258/7/6 7259/7/6 7263/7/6
f 7263/7/6 7260/7/6 7264/7/6
f 7255/7/6 7261/7/6 7266/7/6
f 7244/7/6 7255/7/6 7266/7/6
f 7264/7/6 7260/7/6 7267/7/6
f 7267/7/6 7260/7/6 7268/7/6
f 7264/7/6 7267/7/6 7269/7/6
f 7267/3/6 7268/3/6 7269/3/6
f 7268/7/6 7260/7/6 7270/7/6
f 7269/3/6 7268/3/6 7270/3/6
f 7265/7/6 7266/7/6 7271/7/6
f 7266/7/6 7261/7/6 7271/7/6
f 7271/7/6 7261/7/6 7272/7/6
f 7270/7/6 7260/7/6 7273/7/6
f 7269/7/6 7270/7/6 7273/7/6
f 7269/7/6 7273/7/6 7275/7/6
f 7273/7/6 7274/7/6 7275/7/6
f 7275/7/6 7274/7/6 7276/7/6
f 7269/7/6 7275/7/6 7277/7/6
f 7275/3/6 7276/3/6 7277/3/6
f 7277/3/6 7276/3/6 7278/3/6
f 7265/7/6 7271/7/6 7279/7/6
f 7279/7/6 7271/7/6 7280/7/6
f 7277/7/6 7278/7/6 7281/7/6
f 7265/7/6 7279/7/6 7284/7/6
f 7281/7/6 7282/7/6 7285/7/6
f 7283/7/6 7284/7/6 7287/7/6
f 7284/7/6 7279/7/6 7287/7/6
f 7287/7/6 7279/7/6 7288/7/6
f 7264/7/6 7269/7/6 7289/7/6
f 7269/7/6 7277/7/6 7289/7/6
f 7285/7/6 7286/7/6 7289/7/6
f 7281/7/6 7285/7/6 7289/7/6
f 7277/7/6 7281/7/6 7289/7/6
f 7289/7/6 7286/7/6 7290/7/6
f 7283/7/6 7287/7/6 7292/7/6
f 7292/7/6 7287/7/6 7293/7/6
f 7293/7/6 7287/7/6 7294/7/6
f 7290/7/6 7286/7/6 7295/7/6
f 7290/7/6 7295/7/6 7297/7/6
f 7295/7/6 7296/7/6 7297/7/6
f 7297/7/6 7296/7/6 7298/7/6
f 7290/7/6 7297/7/6 7299/7/6
f 7297/4/6 7298/4/6 7299/4/6
f 7298/7/6 7296/7/6 7300/7/6
f 7299/4/6 7298/4/6 7300/4/6
f 7299/7/6 7300/7/6 7301/7/6
f 7300/7/6 7296/7/6 7301/7/6
f 7291/7/6 7292/7/6 7304/7/6
f 7292/7/6 7293/7/6 7304/7/6
f 7304/7/6 7293/7/6 7305/7/6
f 7305/7/6 7293/7/6 7306/7/6
f 7301/7/6 7302/7/6 7307/7/6
f 7299/7/6 7301/7/6 7307/7/6
f 7290/7/6 7299/7/6 7307/7/6
f 7307/7/6 7302/7/6 7308/7/6
f 7308/7/6 7302/7/6 7309/7/6
f 7290/7/6 7307/7/6 7311/7/6
f 7307/2/6 7308/2/6 7311/2/6
f 7309/7/6 7310/7/6 7312/7/6
f 7311/2/6 7308/2/6 7312/2/6
f 7308/7/6 7309/7/6 7312/7/6
f 7304/7/6 7305/7/6 7313/7/6
f 7303/7/6 7304/7/6 7313/7/6
f 7313/7/6 7305/7/6 7314/7/6
f 7303/7/6 7313/7/6 7316/7/6
f 7312/7/6 7310/7/6 7317/7/6
f 7311/7/6 7312/7/6 7317/7/6
f 7317/7/6 7318/7/6 7319/7/6
f 7315/7/6 7316/7/6 7322/7/6
f 7316/7/6 7313/7/6 7323/7/6
f 7322/7/6 7316/7/6 7323/7/6
f 7323/7/6 7313/7/6 7324/7/6
f 7319/7/6 7320/7/6 7325/7/6
f 7290/7/6 7311/7/6 7325/7/6
f 7311/7/6 7317/7/6 7325/7/6
f 7317/7/6 7319/7/6 7325/7/6
f 7325/7/6 7320/7/6 7326/7/6
f 7290/7/6 7325/7/6 7327/7/6
f 7325/4/6 7326/4/6 7327/4/6
f 7326/7/6 7320/7/6 7328/7/6
f 7327/4/6 7326/4/6 7328/4/6
f 7328/7/6 7320/7/6 7329/7/6
f 7290/7/6 7327/7/6 7332/7/6
f 7329/7/6 7330/7/6 7332/7/6
f 7328/7/6 7329/7/6 7332/7/6
f 7327/7/6 7328/7/6 7332/7/6
f 7332/7/6 7330/7/6 7333/7/6
f 7333/7/6 7330/7/6 7334/7/6
f 7331/7/6 7332/7/6 7335/7/6
f 7332/7/6 7333/7/6 7335/7/6
f 7333/2/6 7334/2/6 7335/2/6
f 7334/7/6 7330/7/6 7336/7/6
f 7335/2/6 7334/2/6 7336/2/6
f 7331/7/6 7335/7/6 7337/7/6
f 7335/7/6 7336/7/6 7337/7/6
f 7321/7/6 7322/7/6 7338/7/6
f 7322/7/6 7323/7/6 7338/7/6
f 7338/7/6 7323/7/6 7339/7/6
f 7337/7/6 7336/7/6 7340/7/6
f 7336/7/6 7330/7/6 7341/7/6
f 7340/7/6 7336/7/6 7341/7/6
f 7338/6/6 7339/6/6 7343/6/6
f 7339/7/6 7323/7/6 7344/7/6
f 7343/6/6 7339/6/6 7344/6/6
f 7341/7/6 7342/7/6 7345/7/6
f 7340/7/6 7341/7/6 7345/7/6
f 7345/7/6 7342/7/6 7346/7/6
f 7340/7/6 7345/7/6 7347/7/6
f 7345/2/6 7346/2/6 7347/2/6
f 7346/7/6 7342/7/6 7348/7/6
f 7347/2/6 7346/2/6 7348/2/6
f 7348/7/6 7342/7/6 7349/7/6
f 7349/7/6 7342/7/6 7350/7/6
f 7347/7/6 7348/7/6 7351/7/6
f 7348/7/6 7349/7/6 7351/7/6
f 7349/2/6 7350/2/6 7351/2/6
f 7350/7/6 7342/7/6 7352/7/6
f 7351/2/6 7350/2/6 7352/2/6
f 7351/7/6 7352/7/6 7353/7/6
f 7352/7/6 7342/7/6 7353/7/6
f 7344/7/6 7323/7/6 7355/7/6
f 7343/7/6 7344/7/6 7355/7/6
f 7355/7/6 7323/7/6 7356/7/6
f 7343/7/6 7355/7/6 7357/7/6
f 7355/4/6 7356/4/6 7357/4/6
f 7356/7/6 7323/7/6 7358/7/6
f 7357/4/6 7356/4/6 7358/4/6
f 7343/7/6 7357/7/6 7360/7/6
f 7357/7/6 7358/7/6 7360/7/6
f 7358/7/6 7323/7/6 7361/7/6
f 7360/7/6 7358/7/6 7361/7/6
f 7361/7/6 7323/7/6 7362/7/6
f 7353/7/6 7354/7/6 7363/7/6
f 7351/7/6 7353/7/6 7363/7/6
f 7363/7/6 7354/7/6 7364/7/6
f 7360/7/6 7361/7/6 7365/7/6
f 7359/7/6 7360/7/6 7365/7/6
f 7365/7/6 7361/7/6 7366/7/6
f 7340/7/6 7347/7/6 7367/7/6
f 7347/7/6 7351/7/6 7367/7/6
f 7351/7/6 7363/7/6 7367/7/6
f 7367/7/6 7363/7/6 7368/7/6
f 7363/4/6 7364/4/6 7369/4/6
f 7368/7/6 7363/7/6 7369/7/6
f 7364/7/6 7354/7/6 7370/7/6
f 7369/4/6 7364/4/6 7370/4/6
f 7370/7/6 7354/7/6 7371/7/6
f 7368/7/6 7369/7/6 7373/7/6
f 7371/7/6 7372/7/6 7373/7/6
f 7370/7/6 7371/7/6 7373/7/6
f 7369/7/6 7370/7/6 7373/7/6
f 7373/7/6 7372/7/6 7374/7/6
f 7359/7/6 7365/7/6 7375/7/6
f 7375/7/6 7365/7/6 7376/7/6
f 7373/4/6 7374/4/6 7377/4/6
f 7368/7/6 7373/7/6 7377/7/6
f 7377/4/6 7374/4/6 7378/4/6
f 7368/7/6 7377/7/6 7379/7/6
f 7377/7/6 7378/7/6 7379/7/6
f 7359/7/6 7375/7/6 7381/7/6
f 7379/7/6 7378/7/6 7382/7/6
f 7380/7/6 7381/7/6 7383/7/6
f 7381/7/6 7375/7/6 7383/7/6
f 7383/7/6 7375/7/6 7384/7/6
f 7380/7/6 7383/7/6 7385/7/6
f 7385/7/6 7383/7/6 7386/7/6
f 7380/7/6 7385/7/6 7387/7/6
f 7385/4/6 7386/4/6 7387/4/6
f 7386/7/6 7383/7/6 7388/7/6
f 7387/4/6 7386/4/6 7388/4/6
f 7382/7/6 7378/7/6 7389/7/6
f 7389/7/6 7378/7/6 7390/7/6
f 7388/7/6 7383/7/6 7391/7/6
f 7387/7/6 7388/7/6 7391/7/6
f 7391/7/6 7383/7/6 7392/7/6
f 7387/7/6 7391/7/6 7393/7/6
f 7393/7/6 7391/7/6 7394/7/6
f 7380/7/6 7387/7/6 7396/7/6
f 7387/7/6 7393/7/6 7396/7/6
f 7390/7/6 7378/7/6 7397/7/6
f 7397/7/6 7378/7/6 7398/7/6
f 7390/7/6 7397/7/6 7399/7/6
f 7399/7/6 7397/7/6 7400/7/6
f 7395/7/6 7396/7/6 7401/7/6
f 7396/7/6 7393/7/6 7402/7/6
f 7401/7/6 7396/7/6 7402/7/6
f 7403/7/6 7404/7/6 7407/7/6
f 7405/7/6 7406/7/6 7408/7/6
f 7408/7/6 7406/7/6 7409/7/6
f 7403/7/6 7407/7/6 7410/7/6
f 7410/7/6 7407/7/6 7411/7/6
f 7411/7/6 7407/7/6 7412/7/6
f 7412/7/6 7407/7/6 7413/7/6
f 7411/7/6 7412/7/6 7414/7/6
f 7414/7/6 7412/7/6 7415/7/6
f 7412/2/6 7413/2/6 7416/2/6
f 7415/7/6 7412/7/6 7416/7/6
f 7413/7/6 7407/7/6 7417/7/6
f 7416/2/6 7413/2/6 7417/2/6
f 7417/7/6 7407/7/6 7418/7/6
f 7418/7/6 7407/7/6 7419/7/6
f 7415/7/6 7416/7/6 7420/7/6
f 7417/7/6 7418/7/6 7420/7/6
f 7416/7/6 7417/7/6 7420/7/6
f 7420/7/6 7418/7/6 7421/7/6
f 7421/7/6 7418/7/6 7422/7/6
f 7422/7/6 7418/7/6 7423/7/6
f 7423/7/6 7418/7/6 7424/7/6
f 7424/7/6 7418/7/6 7425/7/6
f 7423/7/6 7424/7/6 7427/7/6
f 7427/7/6 7424/7/6 7428/7/6
f 7424/2/6 7425/2/6 7429/2/6
f 7428/7/6 7424/7/6 7429/7/6
f 7425/7/6 7426/7/6 7430/7/6
f 7429/2/6 7425/2/6 7430/2/6
f 7427/4/6 7428/4/6 7431/4/6
f 7423/7/6 7427/7/6 7431/7/6
f 7428/7/6 7429/7/6 7432/7/6
f 7431/4/6 7428/4/6 7432/4/6
f 7429/7/6 7430/7/6 7432/7/6
f 7430/7/6 7426/7/6 7433/7/6
f 7432/7/6 7430/7/6 7433/7/6
f 7432/7/6 7433/7/6 7435/7/6
f 7433/7/6 7434/7/6 7435/7/6
f 7431/7/6 7432/7/6 7435/7/6
f 7423/7/6 7431/7/6 7435/7/6
f 7435/7/6 7434/7/6 7436/7/6
f 7436/7/6 7434/7/6 7437/7/6
f 7437/7/6 7438/7/6 7439/7/6
f 7436/7/6 7437/7/6 7439/7/6
f 7439/7/6 7438/7/6 7440/7/6
f 7440/7/6 7438/7/6 7441/7/6
f 7441/7/6 7438/7/6 7442/7/6
f 7442/7/6 7438/7/6 7443/7/6
f 7443/7/6 7438/7/6 7444/7/6
f 7444/7/6 7438/7/6 7445/7/6
f 7442/7/6 7443/7/6 7447/7/6
f 7447/7/6 7443/7/6 7448/7/6
f 7443/2/6 7444/2/6 7449/2/6
f 7448/7/6 7443/7/6 7449/7/6
f 7445/7/6 7446/7/6 7450/7/6
f 7449/2/6 7444/2/6 7450/2/6
f 7444/7/6 7445/7/6 7450/7/6
f 7450/7/6 7446/7/6 7451/7/6
f 7448/7/6 7449/7/6 7453/7/6
f 7451/7/6 7452/7/6 7453/7/6
f 7450/7/6 7451/7/6 7453/7/6
f 7449/7/6 7450/7/6 7453/7/6
f 7453/7/6 7452/7/6 7454/7/6
f 7454/7/6 7452/7/6 7455/7/6
f 7455/7/6 7452/7/6 7456/7/6
f 7454/7/6 7455/7/6 7457/7/6
f 7457/7/6 7455/7/6 7458/7/6
f 7455/4/6 7456/4/6 7459/4/6
f 7458/7/6 7455/7/6 7459/7/6
f 7456/7/6 7452/7/6 7460/7/6
f 7459/4/6 7456/4/6 7460/4/6
f 7460/7/6 7452/7/6 7461/7/6
f 7458/7/6 7459/7/6 7463/7/6
f 7461/7/6 7462/7/6 7463/7/6
f 7460/7/6 7461/7/6 7463/7/6
f 7459/7/6 7460/7/6 7463/7/6
f 7463/7/6 7462/7/6 7464/7/6
f 7464/7/6 7462/7/6 7465/7/6
f 7465/7/6 7462/7/6 7466/7/6
f 7466/7/6 7462/7/6 7467/7/6
f 7467/7/6 7468/7/6 7469/7/6
f 7466/7/6 7467/7/6 7469/7/6
f 7469/7/6 7468/7/6 7470/7/6
f 7470/7/6 7468/7/6 7471/7/6
f 7471/7/6 7468/7/6 7472/7/6
f 7472/7/6 7468/7/6 7473/7/6
f 7472/7/6 7473/7/6 7475/7/6
f 7473/7/6 7474/7/6 7475/7/6
f 7475/7/6 7474/7/6 7476/7/6
f 7476/7/6 7474/7/6 7477/7/6
f 7477/7/6 7474/7/6 7478/7/6
f 7478/7/6 7474/7/6 7479/7/6
f 7479/7/6 7474/7/6 7480/7/6
f 7480/7/6 7474/7/6 7481/7/6
f 7481/7/6 7474/7/6 7482/7/6
f 7482/7/6 7474/7/6 7485/7/6
f 7485/7/6 7474/7/6 7486/7/6
f 7483/7/6 7484/7/6 7489/7/6
f 7487/4/6 7488/4/6 7491/4/6
f 7488/7/6 7489/7/6 7492/7/6
f 7491/4/6 7488/4/6 7492/4/6
f 7486/7/6 7474/7/6 7493/7/6
f 7493/7/6 7474/7/6 7494/7/6
f 7490/7/6 7491/7/6 7496/7/6
f 7491/7/6 7492/7/6 7496/7/6
f 7495/7/6 7496/7/6 7498/7/6
f 7494/7/6 7474/7/6 7499/7/6
f 7499/7/6 7474/7/6 7500/7/6
f 7497/7/6 7498/7/6 7502/7/6
f 7498/7/6 7496/7/6 7503/7/6
f 7502/7/6 7498/7/6 7503/7/6
f 7503/7/6 7496/7/6 7504/7/6
f 7500/7/6 7474/7/6 7505/7/6
f 7505/7/6 7474/7/6 7506/7/6
f 7501/7/6 7502/7/6 7508/7/6
f 7502/7/6 7503/7/6 7508/7/6
f 7503/5/6 7504/5/6 7509/5/6
f 7508/7/6 7503/7/6 7509/7/6
f 7504/7/6 7496/7/6 7510/7/6
f 7509/5/6 7504/5/6 7510/5/6
f 7500/7/6 7505/7/6 7511/7/6
f 7511/7/6 7505/7/6 7512/7/6
f 7505/6/6 7506/6/6 7513/6/6
f 7512/7/6 7505/7/6 7513/7/6
f 7506/7/6 7474/7/6 7514/7/6
f 7513/6/6 7506/6/6 7514/6/6
f 7508/7/6 7509/7/6 7516/7/6
f 7507/7/6 7508/7/6 7516/7/6
f 7509/7/6 7510/7/6 7516/7/6
f 7489/7/6 7484/7/6 7517/7/6
f 7492/7/6 7489/7/6 7517/7/6
f 7516/7/6 7510/7/6 7517/7/6
f 7496/7/6 7492/7/6 7517/7/6
f 7510/7/6 7496/7/6 7517/7/6
f 7517/7/6 7484/7/6 7518/7/6
f 7514/7/6 7474/7/6 7519/7/6
f 7512/7/6 7513/7/6 7519/7/6
f 7513/7/6 7514/7/6 7519/7/6
f 7519/7/6 7474/7/6 7520/7/6
f 7515/7/6 7516/7/6 7522/7/6
f 7516/7/6 7517/7/6 7522/7/6
f 7522/7/6 7517/7/6 7523/7/6
f 7523/7/6 7517/7/6 7524/7/6
f 7519/2/6 7520/2/6 7525/2/6
f 7512/7/6 7519/7/6 7525/7/6
f 7525/2/6 7520/2/6 7526/2/6
f 7522/7/6 7523/7/6 7528/7/6
f 7521/7/6 7522/7/6 7528/7/6
f 7528/7/6 7523/7/6 7529/7/6
f 7529/7/6 7523/7/6 7530/7/6
f 7525/7/6 7526/7/6 7531/7/6
f 7512/7/6 7525/7/6 7531/7/6
f 7531/7/6 7526/7/6 7532/7/6
f 7528/7/6 7529/7/6 7534/7/6
f 7527/7/6 7528/7/6 7534/7/6
f 7534/7/6 7529/7/6 7535/7/6
f 7535/7/6 7529/7/6 7536/7/6
f 7536/7/6 7529/7/6 7537/7/6
f 7537/7/6 7529/7/6 7538/7/6
f 7533/7/6 7534/7/6 7540/7/6
f 7534/7/6 7535/7/6 7540/7/6
f 7535/2/6 7536/2/6 7541/2/6
f 7540/7/6 7535/7/6 7541/7/6
f 7536/7/6 7537/7/6 7542/7/6
f 7541/2/6 7536/2/6 7542/2/6
f 7542/7/6 7537/7/6 7543/7/6
f 7543/7/6 7537/7/6 7544/7/6
f 7532/7/6 7526/7/6 7545/7/6
f 7545/7/6 7526/7/6 7546/7/6
f 7540/7/6 7541/7/6 7548/7/6
f 7539/7/6 7540/7/6 7548/7/6
f 7541/7/6 7542/7/6 7548/7/6
f 7542/7/6 7543/7/6 7548/7/6
f 7548/7/6 7543/7/6 7549/7/6
f 7549/7/6 7543/7/6 7550/7/6
f 7547/7/6 7548/7/6 7552/7/6
f 7548/7/6 7549/7/6 7552/7/6
f 7552/7/6 7549/7/6 7553/7/6
f 7553/7/6 7549/7/6 7554/7/6
f 7551/7/6 7552/7/6 7556/7/6
f 7552/7/6 7553/7/6 7556/7/6
f 7556/7/6 7553/7/6 7557/7/6
f 7557/7/6 7553/7/6 7558/7/6
f 7555/7/6 7556/7/6 7560/7/6
f 7556/7/6 7557/7/6 7560/7/6
f 7560/7/6 7557/7/6 7561/7/6
f 7561/7/6 7557/7/6 7562/7/6
f 7546/7/6 7526/7/6 7563/7/6
f 7563/7/6 7526/7/6 7564/7/6
f 7559/7/6 7560/7/6 7566/7/6
f 7560/7/6 7561/7/6 7566/7/6
f 7566/7/6 7561/7/6 7567/7/6
f 7567/7/6 7561/7/6 7568/7/6
f 7568/7/6 7561/7/6 7569/7/6
f 7569/7/6 7561/7/6 7570/7/6
f 7564/7/6 7526/7/6 7571/7/6
f 7571/7/6 7526/7/6 7572/7/6
f 7565/7/6 7566/7/6 7574/7/6
f 7566/7/6 7567/7/6 7574/7/6
f 7574/7/6 7567/7/6 7575/7/6
f 7575/7/6 7567/7/6 7576/7/6
f 7567/4/6 7568/4/6 7577/4/6
f 7576/7/6 7567/7/6 7577/7/6
f 7568/7/6 7569/7/6 7578/7/6
f 7577/4/6 7568/4/6 7578/4/6
f 7578/7/6 7569/7/6 7579/7/6
f 7579/7/6 7569/7/6 7580/7/6
f 7573/7/6 7574/7/6 7582/7/6
f 7574/7/6 7575/7/6 7582/7/6
f 7575/2/6 7576/2/6 7583/2/6
f 7582/7/6 7575/7/6 7583/7/6
f 7576/7/6 7577/7/6 7584/7/6
f 7583/2/6 7576/2/6 7584/2/6
f 7578/7/6 7579/7/6 7584/7/6
f 7577/7/6 7578/7/6 7584/7/6
f 7584/7/6 7579/7/6 7585/7/6
f 7585/7/6 7579/7/6 7586/7/6
f 7564/7/6 7571/7/6 7587/7/6
f 7587/7/6 7571/7/6 7588/7/6
f 7582/7/6 7583/7/6 7590/7/6
f 7581/7/6 7582/7/6 7590/7/6
f 7583/7/6 7584/7/6 7590/7/6
f 7584/7/6 7585/7/6 7590/7/6
f 7590/7/6 7585/7/6 7591/7/6
f 7591/7/6 7585/7/6 7592/7/6
f 7587/2/6 7588/2/6 7593/2/6
f 7564/7/6 7587/7/6 7593/7/6
f 7588/7/6 7571/7/6 7594/7/6
f 7593/2/6 7588/2/6 7594/2/6
f 7590/7/6 7591/7/6 7596/7/6
f 7589/7/6 7590/7/6 7596/7/6
f 7596/7/6 7591/7/6 7597/7/6
f 7597/7/6 7591/7/6 7598/7/6
f 7595/7/6 7596/7/6 7600/7/6
f 7596/7/6 7597/7/6 7600/7/6
f 7600/7/6 7597/7/6 7601/7/6
f 7601/7/6 7597/7/6 7602/7/6
f 7564/7/6 7593/7/6 7603/7/6
f 7593/7/6 7594/7/6 7603/7/6
f 7603/7/6 7594/7/6 7604/7/6
f 7600/7/6 7601/7/6 7606/7/6
f 7599/7/6 7600/7/6 7606/7/6
f 7606/7/6 7601/7/6 7607/7/6
f 7607/7/6 7601/7/6 7608/7/6
f 7608/7/6 7601/7/6 7609/7/6
f 7609/7/6 7601/7/6 7610/7/6
f 7594/7/6 7571/7/6 7611/7/6
f 7604/7/6 7594/7/6 7611/7/6
f 7605/7/6 7606/7/6 7614/7/6
f 7606/7/6 7607/7/6 7614/7/6
f 7607/2/6 7608/2/6 7615/2/6
f 7614/7/6 7607/7/6 7615/7/6
f 7608/7/6 7609/7/6 7616/7/6
f 7615/2/6 7608/2/6 7616/2/6
f 7616/7/6 7609/7/6 7617/7/6
f 7617/7/6 7609/7/6 7618/7/6
f 7614/7/6 7615/7/6 7620/7/6
f 7613/7/6 7614/7/6 7620/7/6
f 7616/7/6 7617/7/6 7620/7/6
f 7615/7/6 7616/7/6 7620/7/6
f 7620/7/6 7617/7/6 7621/7/6
f 7621/7/6 7617/7/6 7622/7/6
f 7619/7/6 7620/7/6 7624/7/6
f 7620/7/6 7621/7/6 7624/7/6
f 7624/7/6 7621/7/6 7625/7/6
f 7625/7/6 7621/7/6 7626/7/6
f 7623/7/6 7624/7/6 7628/7/6
f 7624/7/6 7625/7/6 7628/7/6
f 7628/7/6 7625/7/6 7629/7/6
f 7629/7/6 7625/7/6 7630/7/6
f 7611/7/6 7612/7/6 7631/7/6
f 7627/7/6 7628/7/6 7634/7/6
f 7628/7/6 7629/7/6 7634/7/6
f 7634/7/6 7629/7/6 7635/7/6
f 7635/7/6 7629/7/6 7636/7/6
f 7633/7/6 7634/7/6 7638/7/6
f 7634/7/6 7635/7/6 7638/7/6
f 7638/7/6 7635/7/6 7639/7/6
f 7639/7/6 7635/7/6 7640/7/6
f 7637/7/6 7638/7/6 7642/7/6
f 7638/7/6 7639/7/6 7642/7/6
f 7642/7/6 7639/7/6 7643/7/6
f 7643/7/6 7639/7/6 7644/7/6
f 7641/7/6 7642/7/6 7646/7/6
f 7642/7/6 7643/7/6 7646/7/6
f 7646/7/6 7643/7/6 7647/7/6
f 7647/7/6 7643/7/6 7648/7/6
f 7604/7/6 7611/7/6 7650/7/6
f 7631/7/6 7632/7/6 7650/7/6
f 7611/7/6 7631/7/6 7650/7/6
f 7650/7/6 7632/7/6 7651/7/6
f 7646/7/6 7647/7/6 7653/7/6
f 7645/7/6 7646/7/6 7653/7/6
f 7653/7/6 7647/7/6 7654/7/6
f 7645/7/6 7653/7/6 7656/7/6
f 7656/7/6 7653/7/6 7657/7/6
f 7657/7/6 7653/7/6 7658/7/6
f 7651/7/6 7652/7/6 7659/7/6
f 7650/7/6 7651/7/6 7659/7/6
f 7649/7/6 7650/7/6 7659/7/6
f 7656/7/6 7657/7/6 7662/7/6
f 7655/7/6 7656/7/6 7662/7/6
f 7662/7/6 7657/7/6 7663/7/6
f 7663/7/6 7657/7/6 7664/7/6
f 7661/7/6 7662/7/6 7666/7/6
f 7662/7/6 7663/7/6 7666/7/6
f 7666/7/6 7663/7/6 7667/7/6
f 7667/7/6 7663/7/6 7668/7/6
f 7665/7/6 7666/7/6 7670/7/6
f 7666/7/6 7667/7/6 7670/7/6
f 7670/7/6 7667/7/6 7671/7/6
f 7671/7/6 7667/7/6 7672/7/6
f 7659/7/6 7660/7/6 7673/7/6
f 7669/7/6 7670/7/6 7675/7/6
f 7670/7/6 7671/7/6 7675/7/6
f 7675/7/6 7671/7/6 7676/7/6
f 7669/7/6 7675/7/6 7678/7/6
f 7678/7/6 7675/7/6 7679/7/6
f 7677/7/6 7678/7/6 7679/7/6
f 7679/7/6 7675/7/6 7680/7/6
f 7673/7/6 7674/7/6 7681/7/6
f 7677/7/6 7679/7/6 7684/7/6
f 7684/7/6 7679/7/6 7685/7/6
f 7685/7/6 7679/7/6 7686/7/6
f 7683/7/6 7684/7/6 7687/7/6
f 7684/7/6 7685/7/6 7687/7/6
f 7687/7/6 7685/7/6 7688/7/6
f 7649/7/6 7659/7/6 7689/7/6
f 7659/7/6 7673/7/6 7689/7/6
f 7681/7/6 7682/7/6 7689/7/6
f 7673/7/6 7681/7/6 7689/7/6
f 7689/7/6 7682/7/6 7690/7/6
f 7683/7/6 7687/7/6 7692/7/6
f 7692/7/6 7687/7/6 7693/7/6
f 7693/7/6 7687/7/6 7694/7/6
f 7694/7/6 7687/7/6 7695/7/6
f 7695/7/6 7687/7/6 7696/7/6
f 7649/7/6 7689/7/6 7697/7/6
f 7689/2/6 7690/2/6 7697/2/6
f 7690/7/6 7682/7/6 7698/7/6
f 7697/2/6 7690/2/6 7698/2/6
f 7691/7/6 7692/7/6 7700/7/6
f 7692/7/6 7693/7/6 7700/7/6
f 7693/2/6 7694/2/6 7701/2/6
f 7700/7/6 7693/7/6 7701/7/6
f 7694/7/6 7695/7/6 7702/7/6
f 7701/2/6 7694/2/6 7702/2/6
f 7695/5/6 7696/5/6 7703/5/6
f 7702/7/6 7695/7/6 7703/7/6
f 7696/7/6 7687/7/6 7704/7/6
f 7703/5/6 7696/5/6 7704/5/6
f 7704/7/6 7687/7/6 7705/7/6
f 7705/7/6 7687/7/6 7706/7/6
f 7702/7/6 7703/7/6 7708/7/6
f 7701/7/6 7702/7/6 7708/7/6
f 7704/7/6 7705/7/6 7708/7/6
f 7703/7/6 7704/7/6 7708/7/6
f 7699/7/6 7700/7/6 7708/7/6
f 7700/7/6 7701/7/6 7708/7/6
f 7708/7/6 7705/7/6 7709/7/6
f 7709/7/6 7705/7/6 7710/7/6
f 7707/7/6 7708/7/6 7711/7/6
f 7708/7/6 7709/7/6 7711/7/6
f 7711/7/6 7709/7/6 7712/7/6
f 7707/7/6 7711/7/6 7714/7/6
f 7714/7/6 7711/7/6 7715/7/6
f 7715/7/6 7711/7/6 7716/7/6
f 7698/7/6 7682/7/6 7717/7/6
f 7697/7/6 7698/7/6 7717/7/6
f 7714/7/6 7715/7/6 7719/7/6
f 7713/7/6 7714/7/6 7719/7/6
f 7719/7/6 7715/7/6 7720/7/6
f 7720/7/6 7715/7/6 7721/7/6
f 7721/7/6 7715/7/6 7722/7/6
f 7713/7/6 7719/7/6 7724/7/6
f 7719/2/6 7720/2/6 7725/2/6
f 7724/7/6 7719/7/6 7725/7/6
f 7720/7/6 7721/7/6 7726/7/6
f 7725/2/6 7720/2/6 7726/2/6
f 7726/7/6 7721/7/6 7727/7/6
f 7727/7/6 7721/7/6 7728/7/6
f 7723/7/6 7724/7/6 7729/7/6
f 7724/7/6 7725/7/6 7729/7/6
f 7726/7/6 7727/7/6 7729/7/6
f 7725/7/6 7726/7/6 7729/7/6
f 7729/7/6 7727/7/6 7730/7/6
f 7723/7/6 7729/7/6 7731/7/6
f 7731/7/6 7729/7/6 7732/7/6
f 7723/7/6 7731/7/6 7733/7/6
f 7733/7/6 7731/7/6 7734/7/6
f 7723/7/6 7733/7/6 7736/7/6
f 7736/7/6 7733/7/6 7737/7/6
f 7737/7/6 7733/7/6 7738/7/6
f 7735/7/6 7736/7/6 7739/7/6
f 7736/7/6 7737/7/6 7739/7/6
f 7739/7/6 7737/7/6 7740/7/6
f 7740/7/6 7737/7/6 7741/7/6
f 7741/7/6 7737/7/6 7742/7/6
f 7735/7/6 7739/7/6 7744/7/6
f 7739/1/6 7740/1/6 7745/1/6
f 7744/7/6 7739/7/6 7745/7/6
f 7740/7/6 7741/7/6 7746/7/6
f 7745/1/6 7740/1/6 7746/1/6
f 7746/7/6 7741/7/6 7747/7/6
f 7747/7/6 7741/7/6 7748/7/6
f 7743/7/6 7744/7/6 7749/7/6
f 7744/7/6 7745/7/6 7749/7/6
f 7746/7/6 7747/7/6 7749/7/6
f 7745/7/6 7746/7/6 7749/7/6
f 7749/7/6 7747/7/6 7750/7/6
f 7717/7/6 7718/7/6 7751/7/6
f 7697/7/6 7717/7/6 7751/7/6
f 7751/7/6 7718/7/6 7752/7/6
f 7743/7/6 7749/7/6 7753/7/6
f 7753/7/6 7749/7/6 7754/7/6
f 7697/7/6 7751/7/6 7755/7/6
f 7751/3/6 7752/3/6 7755/3/6
f 7752/7/6 7718/7/6 7756/7/6
f 7755/3/6 7752/3/6 7756/3/6
f 7743/7/6 7753/7/6 7758/7/6
f 7758/7/6 7753/7/6 7759/7/6
f 7759/7/6 7753/7/6 7760/7/6
f 7757/7/6 7758/7/6 7761/7/6
f 7758/7/6 7759/7/6 7761/7/6
f 7761/7/6 7759/7/6 7762/7/6
f 7757/7/6 7761/7/6 7764/7/6
f 7764/7/6 7761/7/6 7765/7/6
f 7765/7/6 7761/7/6 7766/7/6
f 7763/7/6 7764/7/6 7767/7/6
f 7764/7/6 7765/7/6 7767/7/6
f 7767/7/6 7765/7/6 7768/7/6
f 7763/7/6 7767/7/6 7770/7/6
f 7770/7/6 7767/7/6 7771/7/6
f 7771/7/6 7767/7/6 7772/7/6
f 7769/7/6 7770/7/6 7773/7/6
f 7770/7/6 7771/7/6 7773/7/6
f 7773/7/6 7771/7/6 7774/7/6
f 7769/7/6 7773/7/6 7776/7/6
f 7776/7/6 7773/7/6 7777/7/6
f 7777/7/6 7773/7/6 7778/7/6
f 7775/7/6 7776/7/6 7779/7/6
f 7776/7/6 7777/7/6 7779/7/6
f 7779/7/6 7777/7/6 7780/7/6
f 7697/7/6 7755/7/6 7781/7/6
f 7755/7/6 7756/7/6 7781/7/6
f 7781/7/6 7756/7/6 7782/7/6
f 7756/7/6 7718/7/6 7783/7/6
f 7782/7/6 7756/7/6 7783/7/6
f 7783/7/6 7718/7/6 7784/7/6
f 7775/7/6 7779/7/6 7786/7/6
f 7649/7/6 7697/7/6 7787/7/6
f 7697/7/6 7781/7/6 7787/7/6
f 7787/7/6 7781/7/6 7788/7/6
f 7781/6/6 7782/6/6 7789/6/6
f 7788/7/6 7781/7/6 7789/7/6
f 7782/7/6 7783/7/6 7790/7/6
f 7789/6/6 7782/6/6 7790/6/6
f 7783/1/6 7784/1/6 7791/1/6
f 7790/7/6 7783/7/6 7791/7/6
f 7784/7/6 7718/7/6 7792/7/6
f 7791/1/6 7784/1/6 7792/1/6
f 7785/7/6 7786/7/6 7793/7/6
f 7786/7/6 7779/7/6 7793/7/6
f 7793/7/6 7779/7/6 7794/7/6
f 7785/7/6 7793/7/6 7796/7/6
f 7796/7/6 7793/7/6 7797/7/6
f 7797/7/6 7793/7/6 7798/7/6
f 7795/7/6 7796/7/6 7799/7/6
f 7796/7/6 7797/7/6 7799/7/6
f 7799/7/6 7797/7/6 7800/7/6
f 7795/7/6 7799/7/6 7802/7/6
f 7790/7/6 7791/7/6 7803/7/6
f 7791/7/6 7792/7/6 7803/7/6
f 7788/7/6 7789/7/6 7803/7/6
f 7789/7/6 7790/7/6 7803/7/6
f 7803/7/6 7792/7/6 7804/7/6
f 7801/7/6 7802/7/6 7805/7/6
f 7802/7/6 7799/7/6 7805/7/6
f 7805/7/6 7799/7/6 7806/7/6
f 7792/7/6 7718/7/6 7807/7/6
f 7804/7/6 7792/7/6 7807/7/6
f 7807/7/6 7718/7/6 7808/7/6
f 7801/7/6 7805/7/6 7810/7/6
f 7810/7/6 7805/7/6 7811/7/6
f 7811/7/6 7805/7/6 7812/7/6
f 7809/7/6 7810/7/6 7814/7/6
f 7810/7/6 7811/7/6 7814/7/6
f 7814/7/6 7811/7/6 7815/7/6
f 7815/7/6 7811/7/6 7816/7/6
f 7804/7/6 7807/7/6 7817/7/6
f 7817/7/6 7807/7/6 7818/7/6
f 7813/7/6 7814/7/6 7820/7/6
f 7814/7/6 7815/7/6 7820/7/6
f 7820/7/6 7815/7/6 7821/7/6
f 7821/7/6 7815/7/6 7822/7/6
f 7822/7/6 7815/7/6 7823/7/6
f 7823/7/6 7815/7/6 7824/7/6
f 7804/7/6 7817/7/6 7825/7/6
f 7825/7/6 7817/7/6 7826/7/6
f 7817/2/6 7818/2/6 7827/2/6
f 7826/7/6 7817/7/6 7827/7/6
f 7818/7/6 7807/7/6 7828/7/6
f 7827/2/6 7818/2/6 7828/2/6
f 7819/7/6 7820/7/6 7829/7/6
f 7820/7/6 7821/7/6 7829/7/6
f 7821/2/6 7822/2/6 7829/2/6
f 7822/7/6 7823/7/6 7830/7/6
f 7829/2/6 7822/2/6 7830/2/6
f 7830/7/6 7823/7/6 7831/7/6
f 7831/7/6 7823/7/6 7832/7/6
f 7819/7/6 7829/7/6 7834/7/6
f 7830/7/6 7831/7/6 7834/7/6
f 7829/7/6 7830/7/6 7834/7/6
f 7826/7/6 7827/7/6 7835/7/6
f 7827/7/6 7828/7/6 7835/7/6
f 7835/7/6 7828/7/6 7836/7/6
f 7836/7/6 7828/7/6 7837/7/6
f 7837/7/6 7828/7/6 7838/7/6
f 7833/7/6 7834/7/6 7840/7/6
f 7834/7/6 7831/7/6 7841/7/6
f 7840/7/6 7834/7/6 7841/7/6
f 7841/7/6 7831/7/6 7842/7/6
f 7836/7/6 7837/7/6 7843/7/6
f 7837/3/6 7838/3/6 7843/3/6
f 7838/7/6 7828/7/6 7844/7/6
f 7843/3/6 7838/3/6 7844/3/6
f 7839/7/6 7840/7/6 7845/7/6
f 7840/7/6 7841/7/6 7845/7/6
f 7845/7/6 7841/7/6 7846/7/6
f 7836/7/6 7843/7/6 7847/7/6
f 7843/7/6 7844/7/6 7847/7/6
f 7847/7/6 7844/7/6 7848/7/6
f 7839/7/6 7845/7/6 7850/7/6
f 7850/7/6 7845/7/6 7851/7/6
f 7851/7/6 7845/7/6 7852/7/6
f 7849/7/6 7850/7/6 7854/7/6
f 7850/7/6 7851/7/6 7854/7/6
f 7854/7/6 7851/7/6 7855/7/6
f 7853/7/6 7854/7/6 7855/7/6
f 7855/7/6 7851/7/6 7856/7/6
f 7848/7/6 7844/7/6 7857/7/6
f 7857/7/6 7844/7/6 7858/7/6
f 7853/7/6 7855/7/6 7860/7/6
f 7860/7/6 7855/7/6 7861/7/6
f 7861/7/6 7855/7/6 7862/7/6
f 7858/7/6 7844/7/6 7863/7/6
f 7863/7/6 7844/7/6 7864/7/6
f 7859/7/6 7860/7/6 7865/7/6
f 7860/7/6 7861/7/6 7865/7/6
f 7865/7/6 7861/7/6 7866/7/6
f 7828/7/6 7807/7/6 7867/7/6
f 7844/7/6 7828/7/6 7867/7/6
f 7864/7/6 7844/7/6 7867/7/6
f 7867/7/6 7807/7/6 7868/7/6
f 7859/7/6 7865/7/6 7870/7/6
f 7864/7/6 7867/7/6 7871/7/6
f 7867/3/6 7868/3/6 7872/3/6
f 7871/7/6 7867/7/6 7872/7/6
f 7868/7/6 7807/7/6 7873/7/6
f 7872/3/6 7868/3/6 7873/3/6
f 7869/7/6 7870/7/6 7874/7/6
f 7870/7/6 7865/7/6 7874/7/6
f 7874/7/6 7865/7/6 7875/7/6
f 7875/7/6 7865/7/6 7876/7/6
f 7876/7/6 7865/7/6 7877/7/6
f 7871/7/6 7872/7/6 7878/7/6
f 7872/7/6 7873/7/6 7878/7/6
f 7873/7/6 7807/7/6 7879/7/6
f 7878/7/6 7873/7/6 7879/7/6
f 7879/7/6 7807/7/6 7880/7/6
f 7869/7/6 7874/7/6 7881/7/6
f 7874/5/6 7875/5/6 7881/5/6
f 7875/7/6 7876/7/6 7882/7/6
f 7881/5/6 7875/5/6 7882/5/6
f 7878/7/6 7879/7/6 7883/7/6
f 7883/7/6 7879/7/6 7884/7/6
f 7884/7/6 7879/7/6 7885/7/6
f 7885/7/6 7879/7/6 7886/7/6
f 7869/7/6 7881/7/6 7888/7/6
f 7881/7/6 7882/7/6 7888/7/6
f 7885/3/6 7886/3/6 7889/3/6
f 7884/7/6 7885/7/6 7889/7/6
f 7886/7/6 7879/7/6 7890/7/6
f 7889/3/6 7886/3/6 7890/3/6
f 7882/7/6 7876/7/6 7891/7/6
f 7887/7/6 7888/7/6 7891/7/6
f 7888/7/6 7882/7/6 7891/7/6
f 7891/7/6 7876/7/6 7892/7/6
f 7884/7/6 7889/7/6 7893/7/6
f 7889/7/6 7890/7/6 7893/7/6
f 7893/7/6 7890/7/6 7894/7/6
f 7887/7/6 7891/7/6 7895/7/6
f 7895/7/6 7891/7/6 7896/7/6
f 7890/7/6 7879/7/6 7897/7/6
f 7894/7/6 7890/7/6 7897/7/6
f 7897/7/6 7879/7/6 7898/7/6
f 7887/7/6 7895/7/6 7899/7/6
f 7899/7/6 7895/7/6 7900/7/6
f 7894/7/6 7897/7/6 7901/7/6
f 7901/7/6 7897/7/6 7902/7/6
f 7887/7/6 7899/7/6 7904/7/6
f 7904/7/6 7899/7/6 7905/7/6
f 7905/7/6 7899/7/6 7906/7/6
f 7903/7/6 7904/7/6 7907/7/6
f 7904/7/6 7905/7/6 7907/7/6
f 7907/7/6 7905/7/6 7908/7/6
f 7908/7/6 7905/7/6 7909/7/6
f 7909/7/6 7905/7/6 7910/7/6
f 7902/7/6 7897/7/6 7911/7/6
f 7911/7/6 7897/7/6 7912/7/6
f 7907/6/6 7908/6/6 7913/6/6
f 7908/7/6 7909/7/6 7914/7/6
f 7913/6/6 7908/6/6 7914/6/6
f 7909/4/6 7910/4/6 7915/4/6
f 7914/7/6 7909/7/6 7915/7/6
f 7910/7/6 7905/7/6 7916/7/6
f 7915/4/6 7910/4/6 7916/4/6
f 7914/7/6 7915/7/6 7918/7/6
f 7915/7/6 7916/7/6 7918/7/6
f 7913/7/6 7914/7/6 7918/7/6
f 7916/7/6 7905/7/6 7919/7/6
f 7917/7/6 7918/7/6 7919/7/6
f 7918/7/6 7916/7/6 7919/7/6
f 7919/7/6 7905/7/6 7920/7/6
f 7917/7/6 7919/7/6 7922/7/6
f 7922/7/6 7919/7/6 7923/7/6
f 7921/7/6 7922/7/6 7923/7/6
f 7923/7/6 7919/7/6 7924/7/6
f 7921/7/6 7923/7/6 7926/7/6
f 7926/7/6 7923/7/6 7927/7/6
f 7925/7/6 7926/7/6 7927/7/6
f 7927/7/6 7923/7/6 7928/7/6
f 7925/7/6 7927/7/6 7930/7/6
f 7930/7/6 7927/7/6 7931/7/6
f 7931/7/6 7927/7/6 7932/7/6
f 7912/7/6 7897/7/6 7933/7/6
f 7933/7/6 7897/7/6 7934/7/6
f 7929/7/6 7930/7/6 7935/7/6
f 7930/7/6 7931/7/6 7935/7/6
f 7931/1/6 7932/1/6 7935/1/6
f 7932/7/6 7927/7/6 7936/7/6
f 7935/1/6 7932/1/6 7936/1/6
f 7912/7/6 7933/7/6 7937/7/6
f 7933/4/6 7934/4/6 7938/4/6
f 7937/7/6 7933/7/6 7938/7/6
f 7934/7/6 7897/7/6 7939/7/6
f 7938/4/6 7934/4/6 7939/4/6
f 7936/7/6 7927/7/6 7940/7/6
f 7935/7/6 7936/7/6 7940/7/6
f 7940/7/6 7927/7/6 7941/7/6
f 7937/7/6 7938/7/6 7942/7/6
f 7938/7/6 7939/7/6 7942/7/6
f 7929/7/6 7935/7/6 7944/7/6
f 7935/7/6 7940/7/6 7944/7/6
f 7944/7/6 7940/7/6 7945/7/6
f 7943/7/6 7944/7/6 7945/7/6
f 7945/7/6 7940/7/6 7946/7/6
f 7942/7/6 7939/7/6 7948/7/6
f 7943/7/6 7945/7/6 7950/7/6
f 7950/7/6 7945/7/6 7951/7/6
f 7951/7/6 7945/7/6 7952/7/6
f 7949/7/6 7950/7/6 7954/7/6
f 7950/7/6 7951/7/6 7954/7/6
f 7939/7/6 7897/7/6 7955/7/6
f 7947/7/6 7948/7/6 7955/7/6
f 7948/7/6 7939/7/6 7955/7/6
f 7953/7/6 7954/7/6 7957/7/6
f 7954/7/6 7951/7/6 7957/7/6
f 7957/7/6 7951/7/6 7958/7/6
f 7955/7/6 7956/7/6 7960/7/6
f 7947/7/6 7955/7/6 7960/7/6
f 7953/7/6 7957/7/6 7961/7/6
f 7961/7/6 7957/7/6 7962/7/6
f 7953/7/6 7961/7/6 7963/7/6
f 7963/7/6 7961/7/6 7964/7/6
f 7959/7/6 7960/7/6 7965/7/6
f 7960/7/6 7956/7/6 7965/7/6
f 7963/2/6 7964/2/6 7967/2/6
f 7953/7/6 7963/7/6 7967/7/6
f 7964/7/6 7961/7/6 7968/7/6
f 7967/2/6 7964/2/6 7968/2/6
f 7967/7/6 7968/7/6 7969/7/6
f 7968/7/6 7961/7/6 7969/7/6
f 7969/7/6 7961/7/6 7970/7/6
f 7965/7/6 7966/7/6 7971/7/6
f 7959/7/6 7965/7/6 7973/7/6
f 7971/7/6 7972/7/6 7973/7/6
f 7965/7/6 7971/7/6 7973/7/6
f 7973/7/6 7972/7/6 7974/7/6
f 7959/7/6 7973/7/6 7975/7/6
f 7973/2/6 7974/2/6 7975/2/6
f 7974/7/6 7972/7/6 7976/7/6
f 7975/2/6 7974/2/6 7976/2/6
f 7975/7/6 7976/7/6 7977/7/6
f 7976/7/6 7972/7/6 7977/7/6
f 7953/7/6 7967/7/6 7980/7/6
f 7967/7/6 7969/7/6 7980/7/6
f 7977/7/6 7978/7/6 7981/7/6
f 7975/7/6 7977/7/6 7981/7/6
f 7981/7/6 7978/7/6 7982/7/6
f 7979/7/6 7980/7/6 7983/7/6
f 7980/7/6 7969/7/6 7983/7/6
f 7983/7/6 7969/7/6 7984/7/6
f 7981/4/6 7982/4/6 7985/4/6
f 7975/7/6 7981/7/6 7985/7/6
f 7982/7/6 7978/7/6 7986/7/6
f 7985/4/6 7982/4/6 7986/4/6
f 7986/7/6 7978/7/6 7987/7/6
f 7975/7/6 7985/7/6 7990/7/6
f 7987/7/6 7988/7/6 7990/7/6
f 7986/7/6 7987/7/6 7990/7/6
f 7985/7/6 7986/7/6 7990/7/6
f 7959/7/6 7975/7/6 7990/7/6
f 7990/7/6 7988/7/6 7991/7/6
f 7989/7/6 7990/7/6 7991/7/6
f 7991/7/6 7988/7/6 7992/7/6
f 7992/7/6 7988/7/6 7993/7/6
f 7979/7/6 7983/7/6 7995/7/6
f 7995/7/6 7983/7/6 7996/7/6
f 7989/7/6 7991/7/6 7997/7/6
f 7991/6/6 7992/6/6 7997/6/6
f 7993/7/6 7994/7/6 7998/7/6
f 7997/6/6 7992/6/6 7998/6/6
f 7992/7/6 7993/7/6 7998/7/6
f 7979/7/6 7995/7/6 8000/7/6
f 7998/7/6 7994/7/6 8001/7/6
f 7997/7/6 7998/7/6 8001/7/6
f 7997/7/6 8001/7/6 8003/7/6
f 8001/7/6 8002/7/6 8003/7/6
f 8003/7/6 8002/7/6 8004/7/6
f 7997/7/6 8003/7/6 8005/7/6
f 8003/2/6 8004/2/6 8005/2/6
f 8004/7/6 8002/7/6 8006/7/6
f 8005/2/6 8004/2/6 8006/2/6
f 7999/7/6 8000/7/6 8007/7/6
f 8000/7/6 7995/7/6 8007/7/6
f 8007/7/6 7995/7/6 8008/7/6
f 7999/7/6 8007/7/6 8009/7/6
f 8007/4/6 8008/4/6 8009/4/6
f 8008/7/6 7995/7/6 8010/7/6
f 8009/4/6 8008/4/6 8010/4/6
f 8006/7/6 8002/7/6 8011/7/6
f 8005/7/6 8006/7/6 8011/7/6
f 8011/7/6 8002/7/6 8012/7/6
f 8012/7/6 8002/7/6 8013/7/6
f 8005/7/6 8011/7/6 8015/7/6
f 8011/4/6 8012/4/6 8015/4/6
f 8013/7/6 8014/7/6 8016/7/6
f 8015/4/6 8012/4/6 8016/4/6
f 8012/7/6 8013/7/6 8016/7/6
f 8010/7/6 7995/7/6 8017/7/6
f 8009/7/6 8010/7/6 8017/7/6
f 8017/7/6 7995/7/6 8018/7/6
f 7999/7/6 8009/7/6 8020/7/6
f 8009/7/6 8017/7/6 8020/7/6
f 8019/2/6 8020/2/6 8021/2/6
f 8020/7/6 8017/7/6 8022/7/6
f 8021/2/6 8020/2/6 8022/2/6
f 8016/7/6 8014/7/6 8023/7/6
f 8015/7/6 8016/7/6 8023/7/6
f 8021/7/6 8022/7/6 8026/7/6
f 8023/7/6 8024/7/6 8027/7/6
f 8015/7/6 8023/7/6 8027/7/6
f 8027/7/6 8024/7/6 8028/7/6
f 8015/7/6 8027/7/6 8029/7/6
f 8027/6/6 8028/6/6 8029/6/6
f 8028/7/6 8024/7/6 8030/7/6
f 8029/6/6 8028/6/6 8030/6/6
f 8030/7/6 8024/7/6 8031/7/6
f 7989/7/6 7997/7/6 8033/7/6
f 8031/7/6 8032/7/6 8033/7/6
f 8030/7/6 8031/7/6 8033/7/6
f 8029/7/6 8030/7/6 8033/7/6
f 8015/7/6 8029/7/6 8033/7/6
f 7997/7/6 8005/7/6 8033/7/6
f 8005/7/6 8015/7/6 8033/7/6
f 8033/7/6 8032/7/6 8034/7/6
f 8025/7/6 8026/7/6 8036/7/6
f 7989/7/6 8033/7/6 8037/7/6
f 8033/2/6 8034/2/6 8037/2/6
f 8034/7/6 8032/7/6 8038/7/6
f 8037/2/6 8034/2/6 8038/2/6
f 7989/7/6 8037/7/6 8040/7/6
f 8037/7/6 8038/7/6 8040/7/6
f 8038/7/6 8032/7/6 8041/7/6
f 8040/7/6 8038/7/6 8041/7/6
f 8035/7/6 8036/7/6 8044/7/6
f 8039/7/6 8040/7/6 8045/7/6
f 8041/7/6 8042/7/6 8045/7/6
f 8040/7/6 8041/7/6 8045/7/6
f 8045/7/6 8042/7/6 8046/7/6
f 8039/7/6 8045/7/6 8047/7/6
f 8045/4/6 8046/4/6 8047/4/6
f 8046/7/6 8042/7/6 8048/7/6
f 8047/4/6 8046/4/6 8048/4/6
f 8022/7/6 8017/7/6 8049/7/6
f 8043/7/6 8044/7/6 8049/7/6
f 8026/7/6 8022/7/6 8049/7/6
f 8044/7/6 8036/7/6 8049/7/6
f 8036/7/6 8026/7/6 8049/7/6
f 8049/7/6 8017/7/6 8050/7/6
f 8043/7/6 8049/7/6 8051/7/6
f 8049/4/6 8050/4/6 8051/4/6
f 8050/7/6 8017/7/6 8052/7/6
f 8051/4/6 8050/4/6 8052/4/6
f 8051/7/6 8052/7/6 8053/7/6
f 8052/7/6 8017/7/6 8053/7/6
f 8053/7/6 8017/7/6 8054/7/6
f 8043/7/6 8051/7/6 8056/7/6
f 8051/7/6 8053/7/6 8056/7/6
f 8056/7/6 8053/7/6 8057/7/6
f 8055/7/6 8056/7/6 8057/7/6
f 8057/7/6 8053/7/6 8058/7/6
f 8055/7/6 8057/7/6 8059/7/6
f 8057/6/6 8058/6/6 8059/6/6
f 8058/7/6 8053/7/6 8060/7/6
f 8059/6/6 8058/6/6 8060/6/6
f 8055/7/6 8059/7/6 8062/7/6
f 8059/7/6 8060/7/6 8062/7/6
f 8060/7/6 8053/7/6 8063/7/6
f 8062/7/6 8060/7/6 8063/7/6
f 8063/7/6 8053/7/6 8064/7/6
f 8048/7/6 8042/7/6 8065/7/6
f 8047/7/6 8048/7/6 8065/7/6
f 8065/7/6 8042/7/6 8066/7/6
f 8062/7/6 8063/7/6 8067/7/6
f 8061/7/6 8062/7/6 8067/7/6
f 8067/7/6 8063/7/6 8068/7/6
f 8039/7/6 8047/7/6 8069/7/6
f 8047/7/6 8065/7/6 8069/7/6
f 8069/7/6 8065/7/6 8070/7/6
f 8070/7/6 8065/7/6 8071/7/6
f 8065/4/6 8066/4/6 8072/4/6
f 8071/7/6 8065/7/6 8072/7/6
f 8072/4/6 8066/4/6 8073/4/6
f 8061/7/6 8067/7/6 8075/7/6
f 8067/3/6 8068/3/6 8076/3/6
f 8075/7/6 8067/7/6 8076/7/6
f 8068/7/6 8063/7/6 8077/7/6
f 8076/3/6 8068/3/6 8077/3/6
f 8077/7/6 8063/7/6 8078/7/6
f 8078/7/6 8063/7/6 8079/7/6
f 8039/7/6 8069/7/6 8080/7/6
f 8069/5/6 8070/5/6 8080/5/6
f 8070/4/6 8071/4/6 8081/4/6
f 8080/5/6 8070/5/6 8081/5/6
f 8072/7/6 8073/7/6 8082/7/6
f 8081/4/6 8071/4/6 8082/4/6
f 8071/7/6 8072/7/6 8082/7/6
f 8075/7/6 8076/7/6 8083/7/6
f 8074/7/6 8075/7/6 8083/7/6
f 8077/7/6 8078/7/6 8083/7/6
f 8076/7/6 8077/7/6 8083/7/6
f 8083/7/6 8078/7/6 8084/7/6
f 8074/7/6 8083/7/6 8086/7/6
f 8039/7/6 8080/7/6 8087/7/6
f 8081/7/6 8082/7/6 8087/7/6
f 8080/7/6 8081/7/6 8087/7/6
f 8087/7/6 8082/7/6 8088/7/6
f 8085/7/6 8086/7/6 8089/7/6
f 8086/7/6 8083/7/6 8089/7/6
f 8089/7/6 8083/7/6 8090/7/6
f 8088/7/6 8082/7/6 8091/7/6
f 8082/7/6 8073/7/6 8091/7/6
f 8091/7/6 8073/7/6 8092/7/6
f 8089/5/6 8090/5/6 8093/5/6
f 8085/7/6 8089/7/6 8093/7/6
f 8090/7/6 8083/7/6 8094/7/6
f 8093/5/6 8090/5/6 8094/5/6
f 8094/7/6 8083/7/6 8095/7/6
f 8095/7/6 8083/7/6 8096/7/6
f 8091/2/6 8092/2/6 8097/2/6
f 8088/7/6 8091/7/6 8097/7/6
f 8092/7/6 8073/7/6 8098/7/6
f 8097/2/6 8092/2/6 8098/2/6
f 8085/7/6 8093/7/6 8100/7/6
f 8094/7/6 8095/7/6 8100/7/6
f 8093/7/6 8094/7/6 8100/7/6
f 8088/7/6 8097/7/6 8101/7/6
f 8097/7/6 8098/7/6 8101/7/6
f 8101/7/6 8098/7/6 8102/7/6
f 8099/7/6 8100/7/6 8103/7/6
f 8100/7/6 8095/7/6 8103/7/6
f 8103/7/6 8095/7/6 8104/7/6
f 8099/7/6 8103/7/6 8106/7/6
f 8102/7/6 8098/7/6 8107/7/6
f 8107/7/6 8098/7/6 8108/7/6
f 8105/7/6 8106/7/6 8109/7/6
f 8106/7/6 8103/7/6 8109/7/6
f 8109/7/6 8103/7/6 8110/7/6
f 8105/7/6 8109/7/6 8111/7/6
f 8111/7/6 8109/7/6 8112/7/6
f 8098/7/6 8073/7/6 8113/7/6
f 8108/7/6 8098/7/6 8113/7/6
f 8113/7/6 8073/7/6 8114/7/6
f 8111/5/6 8112/5/6 8115/5/6
f 8105/7/6 8111/7/6 8115/7/6
f 8112/7/6 8109/7/6 8116/7/6
f 8115/5/6 8112/5/6 8116/5/6
f 8116/7/6 8109/7/6 8117/7/6
f 8115/7/6 8116/7/6 8117/7/6
f 8117/7/6 8109/7/6 8118/7/6
f 8108/7/6 8113/7/6 8119/7/6
f 8119/7/6 8113/7/6 8120/7/6
f 8120/7/6 8113/7/6 8121/7/6
f 8121/7/6 8113/7/6 8122/7/6
f 8120/7/6 8121/7/6 8123/7/6
f 8123/7/6 8121/7/6 8124/7/6
f 8121/4/6 8122/4/6 8125/4/6
f 8124/7/6 8121/7/6 8125/7/6
f 8125/4/6 8122/4/6 8126/4/6
f 8123/4/6 8124/4/6 8127/4/6
f 8120/7/6 8123/7/6 8127/7/6
f 8125/7/6 8126/7/6 8128/7/6
f 8127/4/6 8124/4/6 8128/4/6
f 8124/7/6 8125/7/6 8128/7/6
f 8120/7/6 8127/7/6 8129/7/6
f 8127/7/6 8128/7/6 8129/7/6
f 8129/7/6 8128/7/6 8130/7/6
f 8115/7/6 8117/7/6 8131/7/6
f 8131/7/6 8117/7/6 8132/7/6
f 8130/7/6 8128/7/6 8133/7/6
f 8133/7/6 8128/7/6 8134/7/6
f 8130/7/6 8133/7/6 8135/7/6
f 8133/2/6 8134/2/6 8135/2/6
f 8134/7/6 8128/7/6 8136/7/6
f 8135/2/6 8134/2/6 8136/2/6
f 8130/7/6 8135/7/6 8137/7/6
f 8135/7/6 8136/7/6 8137/7/6
f 8137/7/6 8136/7/6 8138/7/6
f 8138/7/6 8136/7/6 8139/7/6
f 8139/7/6 8136/7/6 8140/7/6
f 8105/7/6 8115/7/6 8142/7/6
f 8115/7/6 8131/7/6 8142/7/6
f 8142/7/6 8131/7/6 8143/7/6
f 8141/7/6 8142/7/6 8143/7/6
f 8143/7/6 8131/7/6 8144/7/6
f 8140/7/6 8136/7/6 8145/7/6
f 8145/7/6 8136/7/6 8146/7/6
f 8141/7/6 8143/7/6 8148/7/6
f 8128/7/6 8126/7/6 8149/7/6
f 8136/7/6 8128/7/6 8149/7/6
f 8146/7/6 8136/7/6 8149/7/6
f 8147/7/6 8148/7/6 8152/7/6
f 8149/7/6 8150/7/6 8153/7/6
f 8146/7/6 8149/7/6 8153/7/6
f 8153/7/6 8150/7/6 8154/7/6
f 8154/7/6 8150/7/6 8155/7/6
f 8155/7/6 8150/7/6 8156/7/6
f 8156/7/6 8150/7/6 8157/7/6
f 8157/7/6 8150/7/6 8158/7/6
f 8156/7/6 8157/7/6 8159/7/6
f 8157/2/6 8158/2/6 8159/2/6
f 8159/2/6 8158/2/6 8160/2/6
f 8151/7/6 8152/7/6 8162/7/6
f 8148/7/6 8143/7/6 8163/7/6
f 8161/7/6 8162/7/6 8163/7/6
f 8162/7/6 8152/7/6 8163/7/6
f 8152/7/6 8148/7/6 8163/7/6
f 8163/7/6 8143/7/6 8164/7/6
f 8156/7/6 8159/7/6 8165/7/6
f 8159/7/6 8160/7/6 8165/7/6
f 8165/7/6 8160/7/6 8166/7/6
f 8166/7/6 8160/7/6 8167/7/6
f 8161/7/6 8163/7/6 8170/7/6
f 8170/7/6 8163/7/6 8171/7/6
f 8169/7/6 8170/7/6 8174/7/6
f 8171/7/6 8172/7/6 8174/7/6
f 8170/7/6 8171/7/6 8174/7/6
f 8167/7/6 8168/7/6 8175/7/6
f 8166/7/6 8167/7/6 8175/7/6
f 8175/7/6 8168/7/6 8176/7/6
f 8173/7/6 8174/7/6 8177/7/6
f 8174/7/6 8172/7/6 8178/7/6
f 8177/7/6 8174/7/6 8178/7/6
f 8179/7/6 8180/7/6 8181/7/6
f 8181/7/6 8180/7/6 8182/7/6
f 8183/7/6 8184/7/6 8185/7/6
f 8185/7/6 8186/7/6 8187/7/6
f 8187/7/6 8188/7/6 8189/7/6
f 8189/7/6 8190/7/6 8191/7/6
f 8191/7/6 8192/7/6 8193/7/6
f 8193/7/6 8194/7/6 8195/7/6
f 8195/7/6 8196/7/6 8197/7/6
f 8197/7/6 8198/7/6 8199/7/6
f 8199/7/6 8200/7/6 8201/7/6
f 8201/7/6 8202/7/6 8203/7/6
f 8203/7/6 8204/7/6 8205/7/6
f 8205/7/6 8206/7/6 8207/7/6
f 8207/7/6 8208/7/6 8209/7/6
f 8209/7/6 8210/7/6 8211/7/6
f 8211/7/6 8212/7/6 8213/7/6
f 8213/7/6 8214/7/6 8215/7/6
f 8215/7/6 8216/7/6 8217/7/6
f 8217/7/6 8218/7/6 8219/7/6
f 8199/7/6 8201/7/6 8221/7/6
f 8219/7/6 8220/7/6 8221/7/6
f 8217/7/6 8219/7/6 8221/7/6
f 8215/7/6 8217/7/6 8221/7/6
f 8213/7/6 8215/7/6 8221/7/6
f 8211/7/6 8213/7/6 8221/7/6
f 8209/7/6 8211/7/6 8221/7/6
f 8207/7/6 8209/7/6 8221/7/6
f 8205/7/6 8207/7/6 8221/7/6
f 8203/7/6 8205/7/6 8221/7/6
f 8201/7/6 8203/7/6 8221/7/6
f 8221/7/6 8220/7/6 8222/7/6
f 8199/7/6 8221/7/6 8223/7/6
f 8221/2/6 8222/2/6 8223/2/6
f 8222/7/6 8220/7/6 8224/7/6
f 8223/2/6 8222/2/6 8224/2/6
f 8224/7/6 8220/7/6 8225/7/6
f 8223/7/6 8224/7/6 8227/7/6
f 8225/7/6 8226/7/6 8227/7/6
f 8224/7/6 8225/7/6 8227/7/6
f 8227/7/6 8228/7/6 8229/7/6
f 8229/7/6 8230/7/6 8233/7/6
f 8223/7/6 8227/7/6 8233/7/6
f 8227/7/6 8229/7/6 8233/7/6
f 8233/7/6 8230/7/6 8234/7/6
f 8231/7/6 8232/7/6 8236/7/6
f 8223/7/6 8233/7/6 8237/7/6
f 8237/7/6 8233/7/6 8238/7/6
f 8233/4/6 8234/4/6 8239/4/6
f 8238/7/6 8233/7/6 8239/7/6
f 8234/7/6 8230/7/6 8240/7/6
f 8239/4/6 8234/4/6 8240/4/6
f 8235/7/6 8236/7/6 8242/7/6
f 8237/5/6 8238/5/6 8243/5/6
f 8223/7/6 8237/7/6 8243/7/6
f 8238/7/6 8239/7/6 8244/7/6
f 8243/5/6 8238/5/6 8244/5/6
f 8239/7/6 8240/7/6 8244/7/6
f 8240/7/6 8230/7/6 8245/7/6
f 8244/7/6 8240/7/6 8245/7/6
f 8241/7/6 8242/7/6 8248/7/6
f 8247/7/6 8248/7/6 8250/7/6
f 8243/7/6 8244/7/6 8251/7/6
f 8245/7/6 8246/7/6 8251/7/6
f 8244/7/6 8245/7/6 8251/7/6
f 8249/7/6 8250/7/6 8254/7/6
f 8253/7/6 8254/7/6 8256/7/6
f 8255/7/6 8256/7/6 8258/7/6
f 8257/7/6 8258/7/6 8260/7/6
f 8251/7/6 8252/7/6 8261/7/6
f 8259/7/6 8260/7/6 8264/7/6
f 8263/7/6 8264/7/6 8266/7/6
f 8223/7/6 8243/7/6 8267/7/6
f 8261/7/6 8262/7/6 8267/7/6
f 8243/7/6 8251/7/6 8267/7/6
f 8251/7/6 8261/7/6 8267/7/6
f 8267/7/6 8262/7/6 8268/7/6
f 8265/7/6 8266/7/6 8270/7/6
f 8223/7/6 8267/7/6 8271/7/6
f 8267/6/6 8268/6/6 8272/6/6
f 8271/7/6 8267/7/6 8272/7/6
f 8268/7/6 8262/7/6 8273/7/6
f 8272/6/6 8268/6/6 8273/6/6
f 8269/7/6 8270/7/6 8275/7/6
f 8271/4/6 8272/4/6 8276/4/6
f 8223/7/6 8271/7/6 8276/7/6
f 8272/7/6 8273/7/6 8277/7/6
f 8276/4/6 8272/4/6 8277/4/6
f 8274/7/6 8275/7/6 8279/7/6
f 8278/7/6 8279/7/6 8281/7/6
f 8193/7/6 8195/7/6 8282/7/6
f 8195/7/6 8197/7/6 8282/7/6
f 8197/7/6 8199/7/6 8282/7/6
f 8199/7/6 8223/7/6 8282/7/6
f 8223/7/6 8276/7/6 8282/7/6
f 8276/7/6 8277/7/6 8282/7/6
f 8282/7/6 8277/7/6 8283/7/6
f 8277/7/6 8273/7/6 8284/7/6
f 8283/7/6 8277/7/6 8284/7/6
f 8273/7/6 8262/7/6 8284/7/6
f 8280/7/6 8281/7/6 8287/7/6
f 8281/7/6 8279/7/6 8288/7/6
f 8279/7/6 8275/7/6 8288/7/6
f 8287/7/6 8281/7/6 8288/7/6
f 8266/7/6 8264/7/6 8288/7/6
f 8250/7/6 8248/7/6 8288/7/6
f 8242/7/6 8236/7/6 8288/7/6
f 8248/7/6 8242/7/6 8288/7/6
f 8270/7/6 8266/7/6 8288/7/6
f 8254/7/6 8250/7/6 8288/7/6
f 8275/7/6 8270/7/6 8288/7/6
f 8256/7/6 8254/7/6 8288/7/6
f 8258/7/6 8256/7/6 8288/7/6
f 8264/7/6 8260/7/6 8288/7/6
f 8260/7/6 8258/7/6 8288/7/6
f 8236/7/6 8232/7/6 8289/7/6
f 8288/7/6 8236/7/6 8289/7/6
f 8282/2/6 8283/2/6 8290/2/6
f 8193/7/6 8282/7/6 8290/7/6
f 8284/7/6 8285/7/6 8291/7/6
f 8290/2/6 8283/2/6 8291/2/6
f 8283/7/6 8284/7/6 8291/7/6
f 8286/7/6 8287/7/6 8293/7/6
f 8287/7/6 8288/7/6 8293/7/6
f 8293/7/6 8288/7/6 8294/7/6
f 8294/7/6 8288/7/6 8295/7/6
f 8292/7/6 8293/7/6 8297/7/6
f 8293/7/6 8294/7/6 8297/7/6
f 8297/7/6 8294/7/6 8298/7/6
f 8298/7/6 8294/7/6 8299/7/6
f 8296/7/6 8297/7/6 8301/7/6
f 8297/7/6 8298/7/6 8301/7/6
f 8301/7/6 8298/7/6 8302/7/6
f 8302/7/6 8298/7/6 8303/7/6
f 8300/7/6 8301/7/6 8305/7/6
f 8301/7/6 8302/7/6 8305/7/6
f 8305/7/6 8302/7/6 8306/7/6
f 8306/7/6 8302/7/6 8307/7/6
f 8304/7/6 8305/7/6 8309/7/6
f 8305/7/6 8306/7/6 8309/7/6
f 8309/7/6 8306/7/6 8310/7/6
f 8310/7/6 8306/7/6 8311/7/6
f 8308/7/6 8309/7/6 8313/7/6
f 8309/7/6 8310/7/6 8313/7/6
f 8313/7/6 8310/7/6 8314/7/6
f 8314/7/6 8310/7/6 8315/7/6
f 8291/7/6 8285/7/6 8316/7/6
f 8290/7/6 8291/7/6 8316/7/6
f 8316/7/6 8285/7/6 8317/7/6
f 8317/7/6 8285/7/6 8318/7/6
f 8318/7/6 8285/7/6 8319/7/6
f 8313/7/6 8314/7/6 8321/7/6
f 8312/7/6 8313/7/6 8321/7/6
f 8321/7/6 8314/7/6 8322/7/6
f 8322/7/6 8314/7/6 8323/7/6
f 8323/7/6 8314/7/6 8324/7/6
f 8324/7/6 8314/7/6 8325/7/6
f 8290/7/6 8316/7/6 8326/7/6
f 8316/2/6 8317/2/6 8326/2/6
f 8317/7/6 8318/7/6 8327/7/6
f 8326/2/6 8317/2/6 8327/2/6
f 8318/2/6 8319/2/6 8328/2/6
f 8327/7/6 8318/7/6 8328/7/6
f 8319/7/6 8285/7/6 8329/7/6
f 8328/2/6 8319/2/6 8329/2/6
f 8320/7/6 8321/7/6 8331/7/6
f 8321/7/6 8322/7/6 8331/7/6
f 8323/7/6 8324/7/6 8332/7/6
f 8332/7/6 8324/7/6 8333/7/6
f 8327/7/6 8328/7/6 8334/7/6
f 8326/7/6 8327/7/6 8334/7/6
f 8328/7/6 8329/7/6 8334/7/6
f 8334/7/6 8329/7/6 8335/7/6
f 8329/7/6 8285/7/6 8336/7/6
f 8335/7/6 8329/7/6 8336/7/6
f 8336/7/6 8285/7/6 8337/7/6
f 8330/7/6 8331/7/6 8339/7/6
f 8331/7/6 8322/7/6 8340/7/6
f 8322/3/6 8323/3/6 8340/3/6
f 8339/7/6 8331/7/6 8340/7/6
f 8323/7/6 8332/7/6 8341/7/6
f 8340/3/6 8323/3/6 8341/3/6
f 8341/7/6 8332/7/6 8342/7/6
f 8342/7/6 8332/7/6 8343/7/6
f 8334/3/6 8335/3/6 8344/3/6
f 8326/7/6 8334/7/6 8344/7/6
f 8335/7/6 8336/7/6 8345/7/6
f 8344/3/6 8335/3/6 8345/3/6
f 8339/7/6 8340/7/6 8347/7/6
f 8341/7/6 8342/7/6 8347/7/6
f 8338/7/6 8339/7/6 8347/7/6
f 8340/7/6 8341/7/6 8347/7/6
f 8347/7/6 8342/7/6 8348/7/6
f 8348/7/6 8342/7/6 8349/7/6
f 8346/7/6 8347/7/6 8351/7/6
f 8347/7/6 8348/7/6 8351/7/6
f 8351/7/6 8348/7/6 8352/7/6
f 8352/7/6 8348/7/6 8353/7/6
f 8350/7/6 8351/7/6 8355/7/6
f 8351/7/6 8352/7/6 8355/7/6
f 8355/7/6 8352/7/6 8356/7/6
f 8356/7/6 8352/7/6 8357/7/6
f 8354/7/6 8355/7/6 8359/7/6
f 8355/7/6 8356/7/6 8359/7/6
f 8359/7/6 8356/7/6 8360/7/6
f 8360/7/6 8356/7/6 8361/7/6
f 8358/7/6 8359/7/6 8363/7/6
f 8359/7/6 8360/7/6 8363/7/6
f 8363/7/6 8360/7/6 8364/7/6
f 8364/7/6 8360/7/6 8365/7/6
f 8362/7/6 8363/7/6 8366/7/6
f 8363/7/6 8364/7/6 8366/7/6
f 8366/7/6 8364/7/6 8367/7/6
f 8362/7/6 8366/7/6 8369/7/6
f 8368/7/6 8369/7/6 8371/7/6
f 8369/7/6 8366/7/6 8372/7/6
f 8371/7/6 8369/7/6 8372/7/6
f 8372/7/6 8366/7/6 8373/7/6
f 8370/7/6 8371/7/6 8375/7/6
f 8371/7/6 8372/7/6 8375/7/6
f 8375/7/6 8372/7/6 8376/7/6
f 8374/7/6 8375/7/6 8376/7/6
f 8376/7/6 8372/7/6 8377/7/6
f 8345/7/6 8336/7/6 8378/7/6
f 8344/7/6 8345/7/6 8378/7/6
f 8378/7/6 8336/7/6 8379/7/6
f 8374/7/6 8376/7/6 8381/7/6
f 8381/7/6 8376/7/6 8382/7/6
f 8382/7/6 8376/7/6 8383/7/6
f 8379/7/6 8336/7/6 8384/7/6
f 8378/3/6 8379/3/6 8384/3/6
f 8384/7/6 8336/7/6 8385/7/6
f 8381/7/6 8382/7/6 8387/7/6
f 8380/7/6 8381/7/6 8387/7/6
f 8387/7/6 8382/7/6 8388/7/6
f 8388/7/6 8382/7/6 8389/7/6
f 8344/7/6 8378/7/6 8390/7/6
f 8378/3/6 8384/3/6 8390/3/6
f 8384/4/6 8385/4/6 8391/4/6
f 8390/3/6 8384/3/6 8391/3/6
f 8385/7/6 8336/7/6 8392/7/6
f 8391/4/6 8385/4/6 8392/4/6
f 8387/7/6 8388/7/6 8394/7/6
f 8386/7/6 8387/7/6 8394/7/6
f 8390/4/6 8391/4/6 8395/4/6
f 8344/7/6 8390/7/6 8395/7/6
f 8391/7/6 8392/7/6 8396/7/6
f 8395/4/6 8391/4/6 8396/4/6
f 8393/7/6 8394/7/6 8398/7/6
f 8394/7/6 8388/7/6 8399/7/6
f 8398/7/6 8394/7/6 8399/7/6
f 8399/7/6 8388/7/6 8400/7/6
f 8344/7/6 8395/7/6 8401/7/6
f 8395/7/6 8396/7/6 8401/7/6
f 8401/7/6 8396/7/6 8402/7/6
f 8397/7/6 8398/7/6 8404/7/6
f 8398/7/6 8399/7/6 8404/7/6
f 8290/7/6 8326/7/6 8405/7/6
f 8326/7/6 8344/7/6 8405/7/6
f 8344/7/6 8401/7/6 8405/7/6
f 8405/7/6 8401/7/6 8406/7/6
f 8401/3/6 8402/3/6 8407/3/6
f 8406/7/6 8401/7/6 8407/7/6
f 8402/7/6 8396/7/6 8408/7/6
f 8407/3/6 8402/3/6 8408/3/6
f 8403/7/6 8404/7/6 8410/7/6
f 8404/7/6 8399/7/6 8411/7/6
f 8410/7/6 8404/7/6 8411/7/6
f 8411/7/6 8399/7/6 8412/7/6
f 8405/2/6 8406/2/6 8413/2/6
f 8290/7/6 8405/7/6 8413/7/6
f 8406/7/6 8407/7/6 8414/7/6
f 8413/2/6 8406/2/6 8414/2/6
f 8407/7/6 8408/7/6 8414/7/6
f 8409/7/6 8410/7/6 8416/7/6
f 8410/7/6 8411/7/6 8416/7/6
f 8408/7/6 8396/7/6 8417/7/6
f 8414/7/6 8408/7/6 8417/7/6
f 8413/7/6 8414/7/6 8417/7/6
f 8396/7/6 8392/7/6 8418/7/6
f 8417/7/6 8396/7/6 8418/7/6
f 8415/7/6 8416/7/6 8420/7/6
f 8416/7/6 8411/7/6 8421/7/6
f 8420/7/6 8416/7/6 8421/7/6
f 8421/7/6 8411/7/6 8422/7/6
f 8422/7/6 8411/7/6 8423/7/6
f 8423/7/6 8411/7/6 8424/7/6
f 8183/7/6 8185/7/6 8425/7/6
f 8185/7/6 8187/7/6 8425/7/6
f 8187/7/6 8189/7/6 8425/7/6
f 8189/7/6 8191/7/6 8425/7/6
f 8191/7/6 8193/7/6 8425/7/6
f 8193/7/6 8290/7/6 8425/7/6
f 8413/7/6 8417/7/6 8425/7/6
f 8290/7/6 8413/7/6 8425/7/6
f 8425/7/6 8417/7/6 8426/7/6
f 8417/5/6 8418/5/6 8427/5/6
f 8426/7/6 8417/7/6 8427/7/6
f 8418/7/6 8392/7/6 8428/7/6
f 8427/5/6 8418/5/6 8428/5/6
f 8420/7/6 8421/7/6 8430/7/6
f 8419/7/6 8420/7/6 8430/7/6
f 8421/3/6 8422/3/6 8431/3/6
f 8430/7/6 8421/7/6 8431/7/6
f 8422/7/6 8423/7/6 8432/7/6
f 8431/3/6 8422/3/6 8432/3/6
f 8432/7/6 8423/7/6 8433/7/6
f 8425/6/6 8426/6/6 8434/6/6
f 8183/7/6 8425/7/6 8434/7/6
f 8426/7/6 8427/7/6 8435/7/6
f 8434/6/6 8426/6/6 8435/6/6
f 8427/7/6 8428/7/6 8435/7/6
f 8430/7/6 8431/7/6 8437/7/6
f 8429/7/6 8430/7/6 8437/7/6
f 8431/7/6 8432/7/6 8437/7/6
f 8432/7/6 8433/7/6 8437/7/6
f 8437/7/6 8433/7/6 8438/7/6
f 8438/7/6 8433/7/6 8439/7/6
f 8436/7/6 8437/7/6 8441/7/6
f 8437/7/6 8438/7/6 8441/7/6
f 8441/7/6 8438/7/6 8442/7/6
f 8442/7/6 8438/7/6 8443/7/6
f 8435/7/6 8428/7/6 8444/7/6
f 8434/7/6 8435/7/6 8444/7/6
f 8444/7/6 8428/7/6 8445/7/6
f 8441/7/6 8442/7/6 8447/7/6
f 8440/7/6 8441/7/6 8447/7/6
f 8444/5/6 8445/5/6 8448/5/6
f 8434/7/6 8444/7/6 8448/7/6
f 8445/7/6 8428/7/6 8449/7/6
f 8448/5/6 8445/5/6 8449/5/6
f 8449/7/6 8428/7/6 8450/7/6
f 8450/7/6 8428/7/6 8451/7/6
f 8446/7/6 8447/7/6 8453/7/6
f 8447/7/6 8442/7/6 8454/7/6
f 8453/7/6 8447/7/6 8454/7/6
f 8454/7/6 8442/7/6 8455/7/6
f 8455/7/6 8442/7/6 8456/7/6
f 8456/7/6 8442/7/6 8457/7/6
f 8448/7/6 8449/7/6 8458/7/6
f 8449/7/6 8450/7/6 8458/7/6
f 8450/2/6 8451/2/6 8458/2/6
f 8451/7/6 8428/7/6 8459/7/6
f 8458/2/6 8451/2/6 8459/2/6
f 8452/7/6 8453/7/6 8461/7/6
f 8453/7/6 8454/7/6 8461/7/6
f 8454/1/6 8455/1/6 8462/1/6
f 8461/7/6 8454/7/6 8462/7/6
f 8455/7/6 8456/7/6 8463/7/6
f 8462/1/6 8455/1/6 8463/1/6
f 8461/7/6 8462/7/6 8465/7/6
f 8460/7/6 8461/7/6 8465/7/6
f 8462/7/6 8463/7/6 8465/7/6
f 8463/7/6 8456/7/6 8466/7/6
f 8465/7/6 8463/7/6 8466/7/6
f 8466/7/6 8456/7/6 8467/7/6
f 8464/7/6 8465/7/6 8469/7/6
f 8465/7/6 8466/7/6 8469/7/6
f 8469/7/6 8466/7/6 8470/7/6
f 8470/7/6 8466/7/6 8471/7/6
f 8468/7/6 8469/7/6 8473/7/6
f 8469/7/6 8470/7/6 8473/7/6
f 8470/5/6 8471/5/6 8474/5/6
f 8473/7/6 8470/7/6 8474/7/6
f 8471/7/6 8466/7/6 8475/7/6
f 8474/5/6 8471/5/6 8475/5/6
f 8475/7/6 8466/7/6 8476/7/6
f 8476/7/6 8466/7/6 8477/7/6
f 8473/7/6 8474/7/6 8479/7/6
f 8472/7/6 8473/7/6 8479/7/6
f 8475/7/6 8476/7/6 8479/7/6
f 8474/7/6 8475/7/6 8479/7/6
f 8478/7/6 8479/7/6 8481/7/6
f 8480/7/6 8481/7/6 8483/7/6
f 8479/7/6 8476/7/6 8484/7/6
f 8481/7/6 8479/7/6 8484/7/6
f 8483/7/6 8481/7/6 8484/7/6
f 8484/7/6 8476/7/6 8485/7/6
f 8482/7/6 8483/7/6 8487/7/6
f 8483/7/6 8484/7/6 8487/7/6
f 8486/7/6 8487/7/6 8489/7/6
f 8487/7/6 8484/7/6 8490/7/6
f 8489/7/6 8487/7/6 8490/7/6
f 8490/7/6 8484/7/6 8491/7/6
f 8428/7/6 8392/7/6 8492/7/6
f 8392/7/6 8336/7/6 8492/7/6
f 8459/7/6 8428/7/6 8492/7/6
f 8458/7/6 8459/7/6 8492/7/6
f 8489/7/6 8490/7/6 8495/7/6
f 8488/7/6 8489/7/6 8495/7/6
f 8492/7/6 8493/7/6 8496/7/6
f 8458/7/6 8492/7/6 8496/7/6
f 8496/7/6 8493/7/6 8497/7/6
f 8494/7/6 8495/7/6 8499/7/6
f 8434/7/6 8448/7/6 8500/7/6
f 8448/7/6 8458/7/6 8500/7/6
f 8458/7/6 8496/7/6 8500/7/6
f 8500/7/6 8496/7/6 8501/7/6
f 8496/1/6 8497/1/6 8502/1/6
f 8501/7/6 8496/7/6 8502/7/6
f 8497/7/6 8493/7/6 8503/7/6
f 8502/1/6 8497/1/6 8503/1/6
f 8498/7/6 8499/7/6 8505/7/6
f 8499/7/6 8495/7/6 8506/7/6
f 8495/7/6 8490/7/6 8506/7/6
f 8505/7/6 8499/7/6 8506/7/6
f 8506/7/6 8490/7/6 8507/7/6
f 8434/7/6 8500/7/6 8508/7/6
f 8500/3/6 8501/3/6 8509/3/6
f 8508/7/6 8500/7/6 8509/7/6
f 8434/7/6 8508/7/6 8510/7/6
f 8508/3/6 8509/3/6 8510/3/6
f 8501/7/6 8502/7/6 8511/7/6
f 8510/3/6 8509/3/6 8511/3/6
f 8509/3/6 8501/3/6 8511/3/6
f 8502/7/6 8503/7/6 8511/7/6
f 8503/7/6 8493/7/6 8512/7/6
f 8511/7/6 8503/7/6 8512/7/6
f 8504/7/6 8505/7/6 8515/7/6
f 8505/7/6 8506/7/6 8515/7/6
f 8510/7/6 8511/7/6 8516/7/6
f 8183/7/6 8434/7/6 8516/7/6
f 8434/7/6 8510/7/6 8516/7/6
f 8512/7/6 8513/7/6 8516/7/6
f 8511/7/6 8512/7/6 8516/7/6
f 8516/7/6 8513/7/6 8517/7/6
f 8514/7/6 8515/7/6 8519/7/6
f 8515/7/6 8506/7/6 8520/7/6
f 8519/7/6 8515/7/6 8520/7/6
f 8520/7/6 8506/7/6 8521/7/6
f 8517/7/6 8513/7/6 8522/7/6
f 8522/7/6 8513/7/6 8523/7/6
f 8518/7/6 8519/7/6 8525/7/6
f 8519/7/6 8520/7/6 8525/7/6
f 8523/7/6 8513/7/6 8526/7/6
f 8526/7/6 8513/7/6 8527/7/6
f 8527/7/6 8513/7/6 8528/7/6
f 8528/7/6 8513/7/6 8529/7/6
f 8524/7/6 8525/7/6 8531/7/6
f 8525/7/6 8520/7/6 8532/7/6
f 8531/7/6 8525/7/6 8532/7/6
f 8532/7/6 8520/7/6 8533/7/6
f 8527/7/6 8528/7/6 8534/7/6
f 8528/2/6 8529/2/6 8534/2/6
f 8529/7/6 8513/7/6 8535/7/6
f 8534/2/6 8529/2/6 8535/2/6
f 8535/7/6 8513/7/6 8536/7/6
f 8530/7/6 8531/7/6 8539/7/6
f 8531/7/6 8532/7/6 8539/7/6
f 8527/7/6 8534/7/6 8540/7/6
f 8536/7/6 8537/7/6 8540/7/6
f 8535/7/6 8536/7/6 8540/7/6
f 8534/7/6 8535/7/6 8540/7/6
f 8540/7/6 8537/7/6 8541/7/6
f 8538/7/6 8539/7/6 8542/7/6
f 8539/7/6 8532/7/6 8542/7/6
f 8542/7/6 8532/7/6 8543/7/6
f 8541/7/6 8537/7/6 8544/7/6
f 8544/7/6 8537/7/6 8545/7/6
f 8545/7/6 8537/7/6 8546/7/6
f 8546/7/6 8537/7/6 8547/7/6
f 8547/7/6 8537/7/6 8548/7/6
f 8538/7/6 8542/7/6 8551/7/6
f 8545/7/6 8546/7/6 8552/7/6
f 8546/1/6 8547/1/6 8553/1/6
f 8552/7/6 8546/7/6 8553/7/6
f 8548/7/6 8549/7/6 8554/7/6
f 8553/1/6 8547/1/6 8554/1/6
f 8547/7/6 8548/7/6 8554/7/6
f 8550/7/6 8551/7/6 8556/7/6
f 8551/7/6 8542/7/6 8557/7/6
f 8556/7/6 8551/7/6 8557/7/6
f 8557/7/6 8542/7/6 8558/7/6
f 8553/7/6 8554/7/6 8559/7/6
f 8554/7/6 8549/7/6 8560/7/6
f 8559/7/6 8554/7/6 8560/7/6
f 8555/7/6 8556/7/6 8561/7/6
f 8556/7/6 8557/7/6 8561/7/6
f 8561/7/6 8557/7/6 8562/7/6
f 8562/7/6 8557/7/6 8563/7/6
f 8563/7/6 8557/7/6 8564/7/6
f 8560/7/6 8549/7/6 8565/7/6
f 8555/7/6 8561/7/6 8568/7/6
f 8561/4/6 8562/4/6 8569/4/6
f 8568/7/6 8561/7/6 8569/7/6
f 8562/7/6 8563/7/6 8570/7/6
f 8569/4/6 8562/4/6 8570/4/6
f 8570/7/6 8563/7/6 8571/7/6
f 8571/7/6 8563/7/6 8572/7/6
f 8565/7/6 8566/7/6 8573/7/6
f 8560/7/6 8565/7/6 8573/7/6
f 8573/7/6 8566/7/6 8574/7/6
f 8568/7/6 8569/7/6 8575/7/6
f 8567/7/6 8568/7/6 8575/7/6
f 8570/7/6 8571/7/6 8575/7/6
f 8569/7/6 8570/7/6 8575/7/6
f 8575/7/6 8571/7/6 8576/7/6
f 8574/7/6 8566/7/6 8577/7/6
f 8577/7/6 8566/7/6 8578/7/6
f 8567/7/6 8575/7/6 8580/7/6
f 8580/7/6 8575/7/6 8581/7/6
f 8581/7/6 8575/7/6 8582/7/6
f 8578/7/6 8566/7/6 8583/7/6
f 8583/7/6 8566/7/6 8584/7/6
f 8584/7/6 8566/7/6 8585/7/6
f 8580/7/6 8581/7/6 8587/7/6
f 8579/7/6 8580/7/6 8587/7/6
f 8587/7/6 8581/7/6 8588/7/6
f 8578/7/6 8583/7/6 8589/7/6
f 8589/7/6 8583/7/6 8590/7/6
f 8590/7/6 8583/7/6 8591/7/6
f 8591/7/6 8583/7/6 8592/7/6
f 8583/2/6 8584/2/6 8593/2/6
f 8592/7/6 8583/7/6 8593/7/6
f 8585/7/6 8586/7/6 8594/7/6
f 8593/2/6 8584/2/6 8594/2/6
f 8584/7/6 8585/7/6 8594/7/6
f 8579/7/6 8587/7/6 8596/7/6
f 8596/7/6 8587/7/6 8597/7/6
f 8597/7/6 8587/7/6 8598/7/6
f 8590/7/6 8591/7/6 8599/7/6
f 8591/2/6 8592/2/6 8599/2/6
f 8592/7/6 8593/7/6 8600/7/6
f 8599/2/6 8592/2/6 8600/2/6
f 8593/7/6 8594/7/6 8600/7/6
f 8596/7/6 8597/7/6 8601/7/6
f 8595/7/6 8596/7/6 8601/7/6
f 8601/7/6 8597/7/6 8602/7/6
f 8600/7/6 8594/7/6 8603/7/6
f 8599/7/6 8600/7/6 8603/7/6
f 8603/7/6 8594/7/6 8604/7/6
f 8594/7/6 8586/7/6 8605/7/6
f 8604/7/6 8594/7/6 8605/7/6
f 8595/7/6 8601/7/6 8608/7/6
f 8608/7/6 8601/7/6 8609/7/6
f 8609/7/6 8601/7/6 8610/7/6
f 8603/1/6 8604/1/6 8611/1/6
f 8599/7/6 8603/7/6 8611/7/6
f 8605/7/6 8606/7/6 8612/7/6
f 8611/1/6 8604/1/6 8612/1/6
f 8604/7/6 8605/7/6 8612/7/6
f 8608/7/6 8609/7/6 8613/7/6
f 8607/7/6 8608/7/6 8613/7/6
f 8613/7/6 8609/7/6 8614/7/6
f 8612/7/6 8606/7/6 8615/7/6
f 8611/7/6 8612/7/6 8615/7/6
f 8615/7/6 8606/7/6 8616/7/6
f 8607/7/6 8613/7/6 8618/7/6
f 8613/1/6 8614/1/6 8619/1/6
f 8618/7/6 8613/7/6 8619/7/6
f 8614/7/6 8609/7/6 8620/7/6
f 8619/1/6 8614/1/6 8620/1/6
f 8590/7/6 8599/7/6 8621/7/6
f 8599/7/6 8611/7/6 8621/7/6
f 8611/7/6 8615/7/6 8621/7/6
f 8615/1/6 8616/1/6 8622/1/6
f 8621/7/6 8615/7/6 8622/7/6
f 8622/1/6 8616/1/6 8623/1/6
f 8620/7/6 8609/7/6 8624/7/6
f 8619/7/6 8620/7/6 8624/7/6
f 8618/7/6 8619/7/6 8624/7/6
f 8617/7/6 8618/7/6 8624/7/6
f 8624/7/6 8609/7/6 8625/7/6
f 8622/7/6 8623/7/6 8626/7/6
f 8621/7/6 8622/7/6 8626/7/6
f 8626/7/6 8623/7/6 8627/7/6
f 8617/7/6 8624/7/6 8630/7/6
f 8630/7/6 8624/7/6 8631/7/6
f 8631/7/6 8624/7/6 8632/7/6
f 8629/7/6 8630/7/6 8633/7/6
f 8630/7/6 8631/7/6 8633/7/6
f 8633/7/6 8631/7/6 8634/7/6
f 8627/7/6 8628/7/6 8635/7/6
f 8626/7/6 8627/7/6 8635/7/6
f 8629/7/6 8633/7/6 8638/7/6
f 8635/7/6 8636/7/6 8639/7/6
f 8626/7/6 8635/7/6 8639/7/6
f 8639/7/6 8636/7/6 8640/7/6
f 8637/7/6 8638/7/6 8642/7/6
f 8638/7/6 8633/7/6 8643/7/6
f 8642/7/6 8638/7/6 8643/7/6
f 8643/7/6 8633/7/6 8644/7/6
f 8644/7/6 8633/7/6 8645/7/6
f 8645/7/6 8633/7/6 8646/7/6
f 8641/7/6 8642/7/6 8647/7/6
f 8642/7/6 8643/7/6 8647/7/6
f 8643/3/6 8644/3/6 8647/3/6
f 8644/7/6 8645/7/6 8648/7/6
f 8647/3/6 8644/3/6 8648/3/6
f 8640/7/6 8636/7/6 8649/7/6
f 8649/7/6 8636/7/6 8650/7/6
f 8650/7/6 8636/7/6 8651/7/6
f 8641/7/6 8647/7/6 8654/7/6
f 8647/7/6 8648/7/6 8654/7/6
f 8648/7/6 8645/7/6 8655/7/6
f 8654/7/6 8648/7/6 8655/7/6
f 8655/7/6 8645/7/6 8656/7/6
f 8640/7/6 8649/7/6 8657/7/6
f 8657/7/6 8649/7/6 8658/7/6
f 8649/2/6 8650/2/6 8659/2/6
f 8658/7/6 8649/7/6 8659/7/6
f 8651/7/6 8652/7/6 8660/7/6
f 8659/2/6 8650/2/6 8660/2/6
f 8650/7/6 8651/7/6 8660/7/6
f 8658/7/6 8659/7/6 8661/7/6
f 8660/7/6 8652/7/6 8661/7/6
f 8659/7/6 8660/7/6 8661/7/6
f 8661/7/6 8652/7/6 8662/7/6
f 8662/7/6 8652/7/6 8663/7/6
f 8658/7/6 8661/7/6 8665/7/6
f 8661/5/6 8662/5/6 8665/5/6
f 8663/7/6 8664/7/6 8666/7/6
f 8665/5/6 8662/5/6 8666/5/6
f 8662/7/6 8663/7/6 8666/7/6
f 8653/7/6 8654/7/6 8667/7/6
f 8654/7/6 8655/7/6 8667/7/6
f 8667/7/6 8655/7/6 8668/7/6
f 8668/7/6 8655/7/6 8669/7/6
f 8665/7/6 8666/7/6 8670/7/6
f 8658/7/6 8665/7/6 8670/7/6
f 8670/7/6 8666/7/6 8671/7/6
f 8653/7/6 8667/7/6 8672/7/6
f 8672/7/6 8667/7/6 8673/7/6
f 8667/2/6 8668/2/6 8674/2/6
f 8673/7/6 8667/7/6 8674/7/6
f 8674/2/6 8668/2/6 8675/2/6
f 8671/7/6 8666/7/6 8676/7/6
f 8676/7/6 8666/7/6 8677/7/6
f 8653/7/6 8672/7/6 8679/7/6
f 8674/7/6 8675/7/6 8680/7/6
f 8673/7/6 8674/7/6 8680/7/6
f 8680/7/6 8675/7/6 8681/7/6
f 8671/7/6 8676/7/6 8682/7/6
f 8682/7/6 8676/7/6 8683/7/6
f 8676/3/6 8677/3/6 8684/3/6
f 8683/7/6 8676/7/6 8684/7/6
f 8677/7/6 8666/7/6 8685/7/6
f 8684/3/6 8677/3/6 8685/3/6
f 8672/4/6 8673/4/6 8686/4/6
f 8678/7/6 8679/7/6 8686/7/6
f 8679/7/6 8672/7/6 8686/7/6
f 8673/7/6 8680/7/6 8687/7/6
f 8686/4/6 8673/4/6 8687/4/6
f 8684/7/6 8685/7/6 8688/7/6
f 8683/7/6 8684/7/6 8688/7/6
f 8688/7/6 8685/7/6 8689/7/6
f 8686/7/6 8687/7/6 8690/7/6
f 8678/7/6 8686/7/6 8690/7/6
f 8687/7/6 8680/7/6 8691/7/6
f 8690/7/6 8687/7/6 8691/7/6
f 8691/7/6 8680/7/6 8692/7/6
f 8692/7/6 8680/7/6 8693/7/6
f 8689/7/6 8685/7/6 8694/7/6
f 8694/7/6 8685/7/6 8695/7/6
f 8685/7/6 8666/7/6 8696/7/6
f 8695/7/6 8685/7/6 8696/7/6
f 8666/7/6 8664/7/6 8697/7/6
f 8696/7/6 8666/7/6 8697/7/6
f 8678/7/6 8690/7/6 8698/7/6
f 8690/3/6 8691/3/6 8698/3/6
f 8698/3/6 8691/3/6 8699/3/6
f 8691/7/6 8692/7/6 8700/7/6
f 8699/3/6 8691/3/6 8700/3/6
f 8700/7/6 8692/7/6 8701/7/6
f 8695/7/6 8696/7/6 8702/7/6
f 8696/3/6 8697/3/6 8702/3/6
f 8697/7/6 8664/7/6 8703/7/6
f 8702/3/6 8697/3/6 8703/3/6
f 8698/7/6 8699/7/6 8705/7/6
f 8678/7/6 8698/7/6 8705/7/6
f 8700/3/6 8701/3/6 8706/3/6
f 8699/3/6 8700/3/6 8706/3/6
f 8705/7/6 8699/7/6 8706/7/6
f 8701/7/6 8692/7/6 8707/7/6
f 8706/3/6 8701/3/6 8707/3/6
f 8695/7/6 8702/7/6 8708/7/6
f 8702/7/6 8703/7/6 8708/7/6
f 8708/7/6 8703/7/6 8709/7/6
f 8705/7/6 8706/7/6 8710/7/6
f 8704/7/6 8705/7/6 8710/7/6
f 8706/7/6 8707/7/6 8710/7/6
f 8707/7/6 8692/7/6 8711/7/6
f 8710/7/6 8707/7/6 8711/7/6
f 8711/7/6 8692/7/6 8712/7/6
f 8712/7/6 8692/7/6 8713/7/6
f 8704/7/6 8710/7/6 8715/7/6
f 8710/5/6 8711/5/6 8716/5/6
f 8715/7/6 8710/7/6 8716/7/6
f 8711/7/6 8712/7/6 8717/7/6
f 8716/5/6 8711/5/6 8717/5/6
f 8709/7/6 8703/7/6 8718/7/6
f 8718/7/6 8703/7/6 8719/7/6
f 8717/7/6 8712/7/6 8720/7/6
f 8715/7/6 8716/7/6 8720/7/6
f 8714/7/6 8715/7/6 8720/7/6
f 8716/7/6 8717/7/6 8720/7/6
f 8720/7/6 8712/7/6 8721/7/6
f 8719/7/6 8703/7/6 8722/7/6
f 8722/7/6 8703/7/6 8723/7/6
f 8703/7/6 8664/7/6 8724/7/6
f 8723/7/6 8703/7/6 8724/7/6
f 8724/7/6 8664/7/6 8725/7/6
f 8725/7/6 8664/7/6 8726/7/6
f 8714/7/6 8720/7/6 8728/7/6
f 8722/7/6 8723/7/6 8729/7/6
f 8729/7/6 8723/7/6 8730/7/6
f 8723/3/6 8724/3/6 8731/3/6
f 8730/7/6 8723/7/6 8731/7/6
f 8724/7/6 8725/7/6 8732/7/6
f 8731/3/6 8724/3/6 8732/3/6
f 8725/5/6 8726/5/6 8733/5/6
f 8732/7/6 8725/7/6 8733/7/6
f 8733/5/6 8726/5/6 8734/5/6
f 8727/7/6 8728/7/6 8735/7/6
f 8728/7/6 8720/7/6 8735/7/6
f 8735/7/6 8720/7/6 8736/7/6
f 8731/7/6 8732/7/6 8737/7/6
f 8733/7/6 8734/7/6 8737/7/6
f 8730/7/6 8731/7/6 8737/7/6
f 8732/7/6 8733/7/6 8737/7/6
f 8737/7/6 8734/7/6 8738/7/6
f 8738/7/6 8734/7/6 8739/7/6
f 8739/7/6 8734/7/6 8740/7/6
f 8727/7/6 8735/7/6 8741/7/6
f 8741/7/6 8735/7/6 8742/7/6
f 8738/7/6 8739/7/6 8743/7/6
f 8739/3/6 8740/3/6 8743/3/6
f 8740/7/6 8734/7/6 8744/7/6
f 8743/3/6 8740/3/6 8744/3/6
f 8727/7/6 8741/7/6 8746/7/6
f 8738/7/6 8743/7/6 8747/7/6
f 8743/7/6 8744/7/6 8747/7/6
f 8747/7/6 8744/7/6 8748/7/6
f 8744/7/6 8734/7/6 8749/7/6
f 8748/7/6 8744/7/6 8749/7/6
f 8749/7/6 8734/7/6 8750/7/6
f 8745/7/6 8746/7/6 8751/7/6
f 8746/7/6 8741/7/6 8751/7/6
f 8751/7/6 8741/7/6 8752/7/6
f 8748/7/6 8749/7/6 8753/7/6
f 8753/7/6 8749/7/6 8754/7/6
f 8745/7/6 8751/7/6 8756/7/6
f 8756/7/6 8751/7/6 8757/7/6
f 8757/7/6 8751/7/6 8758/7/6
f 8754/7/6 8749/7/6 8759/7/6
f 8759/7/6 8749/7/6 8760/7/6
f 8755/7/6 8756/7/6 8761/7/6
f 8756/7/6 8757/7/6 8761/7/6
f 8761/7/6 8757/7/6 8762/7/6
f 8755/7/6 8761/7/6 8763/7/6
f 8761/2/6 8762/2/6 8763/2/6
f 8762/7/6 8757/7/6 8764/7/6
f 8763/2/6 8762/2/6 8764/2/6
f 8764/7/6 8757/7/6 8765/7/6
f 8765/7/6 8757/7/6 8766/7/6
f 8760/7/6 8749/7/6 8767/7/6
f 8767/7/6 8749/7/6 8768/7/6
f 8755/7/6 8763/7/6 8770/7/6
f 8763/7/6 8764/7/6 8770/7/6
f 8764/7/6 8765/7/6 8770/7/6
f 8768/7/6 8749/7/6 8771/7/6
f 8771/7/6 8749/7/6 8772/7/6
f 8769/7/6 8770/7/6 8773/7/6
f 8770/7/6 8765/7/6 8773/7/6
f 8773/7/6 8765/7/6 8774/7/6
f 8772/7/6 8749/7/6 8775/7/6
f 8775/7/6 8749/7/6 8776/7/6
f 8772/7/6 8775/7/6 8777/7/6
f 8777/7/6 8775/7/6 8778/7/6
f 8769/7/6 8773/7/6 8780/7/6
f 8780/7/6 8773/7/6 8781/7/6
f 8781/7/6 8773/7/6 8782/7/6
f 8778/7/6 8775/7/6 8783/7/6
f 8783/7/6 8775/7/6 8784/7/6
f 8780/7/6 8781/7/6 8786/7/6
f 8779/7/6 8780/7/6 8786/7/6
f 8786/7/6 8781/7/6 8787/7/6
f 8787/7/6 8781/7/6 8788/7/6
f 8784/7/6 8775/7/6 8789/7/6
f 8789/7/6 8775/7/6 8790/7/6
f 8790/7/6 8775/7/6 8791/7/6
f 8786/7/6 8787/7/6 8792/7/6
f 8785/7/6 8786/7/6 8792/7/6
f 8792/7/6 8787/7/6 8793/7/6
f 8793/7/6 8787/7/6 8794/7/6
f 8794/7/6 8787/7/6 8795/7/6
f 8795/7/6 8787/7/6 8796/7/6
f 8785/7/6 8792/7/6 8797/7/6
f 8792/4/6 8793/4/6 8797/4/6
f 8793/7/6 8794/7/6 8798/7/6
f 8797/4/6 8793/4/6 8798/4/6
f 8794/1/6 8795/1/6 8799/1/6
f 8798/7/6 8794/7/6 8799/7/6
f 8799/1/6 8795/1/6 8800/1/6
f 8791/7/6 8775/7/6 8801/7/6
f 8797/7/6 8798/7/6 8802/7/6
f 8798/7/6 8799/7/6 8802/7/6
f 8799/7/6 8800/7/6 8802/7/6
f 8802/7/6 8800/7/6 8803/7/6
f 8801/7/6 8775/7/6 8804/7/6
f 8804/7/6 8775/7/6 8806/7/6
f 8785/7/6 8797/7/6 8808/7/6
f 8797/7/6 8802/7/6 8808/7/6
f 8808/7/6 8802/7/6 8809/7/6
f 8809/7/6 8802/7/6 8810/7/6
f 8810/7/6 8802/7/6 8811/7/6
f 8811/7/6 8802/7/6 8812/7/6
f 8807/7/6 8808/7/6 8813/7/6
f 8808/7/6 8809/7/6 8813/7/6
f 8809/4/6 8810/4/6 8813/4/6
f 8810/7/6 8811/7/6 8814/7/6
f 8813/4/6 8810/4/6 8814/4/6
f 8805/7/6 8806/7/6 8816/7/6
f 8815/7/6 8816/7/6 8817/7/6
f 8806/7/6 8775/7/6 8818/7/6
f 8817/7/6 8816/7/6 8818/7/6
f 8816/7/6 8806/7/6 8818/7/6
f 8818/7/6 8775/7/6 8819/7/6
f 8814/7/6 8811/7/6 8820/7/6
f 8813/7/6 8814/7/6 8820/7/6
f 8820/7/6 8811/7/6 8821/7/6
f 8817/7/6 8818/7/6 8822/7/6
f 8807/7/6 8813/7/6 8824/7/6
f 8813/7/6 8820/7/6 8824/7/6
f 8822/7/6 8818/7/6 8825/7/6
f 8825/7/6 8818/7/6 8826/7/6
f 8823/7/6 8824/7/6 8827/7/6
f 8824/7/6 8820/7/6 8827/7/6
f 8827/7/6 8820/7/6 8828/7/6
f 8823/7/6 8827/7/6 8829/7/6
f 8829/7/6 8827/7/6 8830/7/6
f 8830/7/6 8827/7/6 8831/7/6
f 8831/7/6 8827/7/6 8832/7/6
f 8823/7/6 8829/7/6 8834/7/6
f 8829/5/6 8830/5/6 8835/5/6
f 8834/7/6 8829/7/6 8835/7/6
f 8830/7/6 8831/7/6 8836/7/6
f 8835/5/6 8830/5/6 8836/5/6
f 8826/7/6 8818/7/6 8837/7/6
f 8837/7/6 8818/7/6 8838/7/6
f 8826/7/6 8837/7/6 8839/7/6
f 8837/2/6 8838/2/6 8839/2/6
f 8838/7/6 8818/7/6 8840/7/6
f 8839/2/6 8838/2/6 8840/2/6
f 8836/7/6 8831/7/6 8841/7/6
f 8833/7/6 8834/7/6 8841/7/6
f 8834/7/6 8835/7/6 8841/7/6
f 8835/7/6 8836/7/6 8841/7/6
f 8841/7/6 8831/7/6 8842/7/6
f 8840/7/6 8818/7/6 8843/7/6
f 8839/7/6 8840/7/6 8843/7/6
f 8843/7/6 8818/7/6 8844/7/6
f 8833/7/6 8841/7/6 8845/7/6
f 8845/7/6 8841/7/6 8846/7/6
f 8833/7/6 8845/7/6 8848/7/6
f 8848/7/6 8845/7/6 8849/7/6
f 8847/7/6 8848/7/6 8849/7/6
f 8849/7/6 8845/7/6 8850/7/6
f 8847/7/6 8849/7/6 8851/7/6
f 8849/4/6 8850/4/6 8851/4/6
f 8850/7/6 8845/7/6 8852/7/6
f 8851/4/6 8850/4/6 8852/4/6
f 8839/7/6 8843/7/6 8854/7/6
f 8826/7/6 8839/7/6 8854/7/6
f 8853/2/6 8854/2/6 8855/2/6
f 8854/7/6 8843/7/6 8856/7/6
f 8855/2/6 8854/2/6 8856/2/6
f 8851/7/6 8852/7/6 8858/7/6
f 8847/7/6 8851/7/6 8858/7/6
f 8857/7/6 8858/7/6 8860/7/6
f 8852/7/6 8845/7/6 8861/7/6
f 8858/7/6 8852/7/6 8861/7/6
f 8860/7/6 8858/7/6 8861/7/6
f 8861/7/6 8845/7/6 8862/7/6
f 8859/7/6 8860/7/6 8863/7/6
f 8860/7/6 8861/7/6 8863/7/6
f 8863/7/6 8861/7/6 8864/7/6
f 8855/7/6 8856/7/6 8865/7/6
f 8856/7/6 8843/7/6 8866/7/6
f 8865/7/6 8856/7/6 8866/7/6
f 8859/7/6 8863/7/6 8867/7/6
f 8863/6/6 8864/6/6 8867/6/6
f 8864/7/6 8861/7/6 8868/7/6
f 8867/6/6 8864/6/6 8868/6/6
f 8859/7/6 8867/7/6 8870/7/6
f 8867/7/6 8868/7/6 8870/7/6
f 8866/7/6 8843/7/6 8871/7/6
f 8868/7/6 8861/7/6 8873/7/6
f 8869/7/6 8870/7/6 8873/7/6
f 8870/7/6 8868/7/6 8873/7/6
f 8873/7/6 8861/7/6 8874/7/6
f 8869/7/6 8873/7/6 8876/7/6
f 8876/7/6 8873/7/6 8877/7/6
f 8877/7/6 8873/7/6 8878/7/6
f 8875/7/6 8876/7/6 8879/7/6
f 8876/7/6 8877/7/6 8879/7/6
f 8879/7/6 8877/7/6 8880/7/6
f 8871/7/6 8872/7/6 8881/7/6
f 8875/7/6 8879/7/6 8883/7/6
f 8879/5/6 8880/5/6 8883/5/6
f 8880/7/6 8877/7/6 8884/7/6
f 8883/5/6 8880/5/6 8884/5/6
f 8884/7/6 8877/7/6 8885/7/6
f 8866/7/6 8871/7/6 8887/7/6
f 8881/7/6 8882/7/6 8887/7/6
f 8871/7/6 8881/7/6 8887/7/6
f 8875/7/6 8883/7/6 8889/7/6
f 8883/7/6 8884/7/6 8889/7/6
f 8889/7/6 8884/7/6 8890/7/6
f 8890/7/6 8884/7/6 8891/7/6
f 8886/7/6 8887/7/6 8892/7/6
f 8887/7/6 8882/7/6 8892/7/6
f 8892/7/6 8882/7/6 8893/7/6
f 8886/7/6 8892/7/6 8894/7/6
f 8892/4/6 8893/4/6 8894/4/6
f 8893/7/6 8882/7/6 8895/7/6
f 8894/4/6 8893/4/6 8895/4/6
f 8894/7/6 8895/7/6 8896/7/6
f 8895/7/6 8882/7/6 8896/7/6
f 8889/7/6 8890/7/6 8899/7/6
f 8888/7/6 8889/7/6 8899/7/6
f 8899/7/6 8890/7/6 8900/7/6
f 8898/7/6 8899/7/6 8900/7/6
f 8900/7/6 8890/7/6 8901/7/6
f 8898/7/6 8900/7/6 8903/7/6
f 8896/7/6 8897/7/6 8904/7/6
f 8902/7/6 8903/7/6 8906/7/6
f 8903/7/6 8900/7/6 8906/7/6
f 8906/7/6 8900/7/6 8907/7/6
f 8904/7/6 8905/7/6 8908/7/6
f 8902/7/6 8906/7/6 8911/7/6
f 8908/7/6 8909/7/6 8912/7/6
f 8912/7/6 8913/7/6 8914/7/6
f 8910/7/6 8911/7/6 8916/7/6
f 8911/7/6 8906/7/6 8916/7/6
f 8916/7/6 8906/7/6 8917/7/6
f 8910/7/6 8916/7/6 8918/7/6
f 8918/7/6 8916/7/6 8919/7/6
f 8894/7/6 8896/7/6 8920/7/6
f 8886/7/6 8894/7/6 8920/7/6
f 8896/7/6 8904/7/6 8920/7/6
f 8914/7/6 8915/7/6 8920/7/6
f 8904/7/6 8908/7/6 8920/7/6
f 8908/7/6 8912/7/6 8920/7/6
f 8912/7/6 8914/7/6 8920/7/6
f 8920/7/6 8915/7/6 8921/7/6
f 8918/3/6 8919/3/6 8922/3/6
f 8910/7/6 8918/7/6 8922/7/6
f 8919/7/6 8916/7/6 8923/7/6
f 8922/3/6 8919/3/6 8923/3/6
f 8910/7/6 8922/7/6 8925/7/6
f 8922/7/6 8923/7/6 8925/7/6
f 8925/7/6 8923/7/6 8926/7/6
f 8926/7/6 8923/7/6 8927/7/6
f 8921/7/6 8915/7/6 8928/7/6
f 8924/7/6 8925/7/6 8930/7/6
f 8925/7/6 8926/7/6 8930/7/6
f 8926/5/6 8927/5/6 8930/5/6
f 8927/7/6 8923/7/6 8931/7/6
f 8930/5/6 8927/5/6 8931/5/6
f 8923/7/6 8916/7/6 8932/7/6
f 8931/7/6 8923/7/6 8932/7/6
f 8932/7/6 8916/7/6 8933/7/6
f 8928/7/6 8929/7/6 8934/7/6
f 8921/7/6 8928/7/6 8934/7/6
f 8934/7/6 8929/7/6 8935/7/6
f 8935/7/6 8929/7/6 8936/7/6
f 8936/7/6 8929/7/6 8937/7/6
f 8934/5/6 8935/5/6 8938/5/6
f 8935/7/6 8936/7/6 8939/7/6
f 8938/5/6 8935/5/6 8939/5/6
f 8936/1/6 8937/1/6 8940/1/6
f 8939/7/6 8936/7/6 8940/7/6
f 8937/7/6 8929/7/6 8941/7/6
f 8940/1/6 8937/1/6 8941/1/6
f 8941/7/6 8929/7/6 8942/7/6
f 8930/7/6 8931/7/6 8944/7/6
f 8931/7/6 8932/7/6 8944/7/6
f 8944/7/6 8932/7/6 8945/7/6
f 8942/7/6 8943/7/6 8946/7/6
f 8941/7/6 8942/7/6 8946/7/6
f 8939/7/6 8940/7/6 8946/7/6
f 8940/7/6 8941/7/6 8946/7/6
f 8924/7/6 8930/7/6 8949/7/6
f 8930/7/6 8944/7/6 8949/7/6
f 8946/7/6 8947/7/6 8950/7/6
f 8948/7/6 8949/7/6 8952/7/6
f 8949/7/6 8944/7/6 8953/7/6
f 8952/7/6 8949/7/6 8953/7/6
f 8950/7/6 8951/7/6 8954/7/6
f 8939/7/6 8946/7/6 8954/7/6
f 8946/7/6 8950/7/6 8954/7/6
f 8954/7/6 8951/7/6 8955/7/6
f 8953/7/6 8944/7/6 8956/7/6
f 8956/7/6 8944/7/6 8957/7/6
f 8955/7/6 8951/7/6 8958/7/6
f 8958/7/6 8951/7/6 8959/7/6
f 8959/7/6 8951/7/6 8960/7/6
f 8960/7/6 8951/7/6 8961/7/6
f 8953/7/6 8956/7/6 8962/7/6
f 8962/7/6 8956/7/6 8963/7/6
f 8964/7/6 8965/7/6 8967/7/6
f 8966/7/6 8967/7/6 8969/7/6
f 8968/7/6 8969/7/6 8971/7/6
f 8970/7/6 8971/7/6 8973/7/6
f 8972/7/6 8973/7/6 8975/7/6
f 8974/7/6 8975/7/6 8977/7/6
f 8976/7/6 8977/7/6 8979/7/6
f 8973/7/6 8971/7/6 8980/7/6
f 8975/7/6 8973/7/6 8980/7/6
f 8979/7/6 8977/7/6 8980/7/6
f 8977/7/6 8975/7/6 8980/7/6
f 8971/7/6 8969/7/6 8981/7/6
f 8980/7/6 8971/7/6 8981/7/6
f 8979/7/6 8980/7/6 8983/7/6
f 8978/7/6 8979/7/6 8983/7/6
f 8980/5/6 8981/5/6 8984/5/6
f 8983/7/6 8980/7/6 8984/7/6
f 8981/7/6 8969/7/6 8985/7/6
f 8984/5/6 8981/5/6 8985/5/6
f 8983/7/6 8984/7/6 8987/7/6
f 8982/7/6 8983/7/6 8987/7/6
f 8984/7/6 8985/7/6 8987/7/6
f 8986/7/6 8987/7/6 8989/7/6
f 8988/7/6 8989/7/6 8991/7/6
f 8990/7/6 8991/7/6 8993/7/6
f 8992/7/6 8993/7/6 8995/7/6
f 8994/7/6 8995/7/6 8997/7/6
f 8996/7/6 8997/7/6 8999/7/6
f 8998/7/6 8999/7/6 9001/7/6
f 9000/7/6 9001/7/6 9003/7/6
f 9002/7/6 9003/7/6 9005/7/6
f 9004/7/6 9005/7/6 9007/7/6
f 8987/7/6 8985/7/6 9008/7/6
f 9006/7/6 9007/7/6 9008/7/6
f 9007/7/6 9005/7/6 9008/7/6
f 8989/7/6 8987/7/6 9008/7/6
f 9005/7/6 9003/7/6 9008/7/6
f 8991/7/6 8989/7/6 9008/7/6
f 9003/7/6 9001/7/6 9008/7/6
f 8993/7/6 8991/7/6 9008/7/6
f 9001/7/6 8999/7/6 9008/7/6
f 8995/7/6 8993/7/6 9008/7/6
f 8999/7/6 8997/7/6 9008/7/6
f 8997/7/6 8995/7/6 9008/7/6
f 9008/7/6 8985/7/6 9009/7/6
f 9006/7/6 9008/7/6 9011/7/6
f 9008/5/6 9009/5/6 9012/5/6
f 9011/7/6 9008/7/6 9012/7/6
f 9009/7/6 8985/7/6 9013/7/6
f 9012/5/6 9009/5/6 9013/5/6
f 8967/7/6 8965/7/6 9014/7/6
f 9013/7/6 8985/7/6 9014/7/6
f 9012/7/6 9013/7/6 9014/7/6
f 8969/7/6 8967/7/6 9014/7/6
f 9010/7/6 9011/7/6 9014/7/6
f 9011/7/6 9012/7/6 9014/7/6
f 8985/7/6 8969/7/6 9014/7/6
f 9014/7/6 8965/7/6 9015/7/6
f 9010/7/6 9014/7/6 9017/7/6
f 9017/7/6 9014/7/6 9018/7/6
f 9018/7/6 9014/7/6 9019/7/6
f 9016/7/6 9017/7/6 9020/7/6
f 9017/7/6 9018/7/6 9020/7/6
f 9020/7/6 9018/7/6 9021/7/6
f 9016/7/6 9020/7/6 9023/7/6
f 9023/7/6 9020/7/6 9024/7/6
f 9024/7/6 9020/7/6 9025/7/6
f 9022/7/6 9023/7/6 9026/7/6
f 9023/7/6 9024/7/6 9026/7/6
f 9026/7/6 9024/7/6 9027/7/6
f 9027/7/6 9024/7/6 9028/7/6
f 9028/7/6 9024/7/6 9029/7/6
f 9026/4/6 9027/4/6 9031/4/6
f 9027/7/6 9028/7/6 9032/7/6
f 9031/4/6 9027/4/6 9032/4/6
f 9032/7/6 9028/7/6 9033/7/6
f 9033/7/6 9028/7/6 9034/7/6
f 9034/7/6 9028/7/6 9035/7/6
f 9035/7/6 9028/7/6 9036/7/6
f 9030/4/6 9031/4/6 9038/4/6
f 9031/7/6 9032/7/6 9039/7/6
f 9032/7/6 9033/7/6 9039/7/6
f 9033/3/6 9034/3/6 9039/3/6
f 9034/7/6 9035/7/6 9040/7/6
f 9039/3/6 9034/3/6 9040/3/6
f 9040/7/6 9035/7/6 9041/7/6
f 9041/7/6 9035/7/6 9042/7/6
f 9037/7/6 9038/7/6 9043/7/6
f 9038/4/6 9031/4/6 9043/4/6
f 9040/7/6 9041/7/6 9044/7/6
f 9043/4/6 9031/4/6 9044/4/6
f 9031/7/6 9039/7/6 9044/7/6
f 9039/7/6 9040/7/6 9044/7/6
f 9044/7/6 9041/7/6 9045/7/6
f 9045/7/6 9041/7/6 9046/7/6
f 9037/7/6 9043/7/6 9048/7/6
f 9043/7/6 9044/7/6 9048/7/6
f 9044/7/6 9045/7/6 9048/7/6
f 9048/7/6 9045/7/6 9049/7/6
f 9049/7/6 9045/7/6 9050/7/6
f 9047/7/6 9048/7/6 9051/7/6
f 9048/7/6 9049/7/6 9051/7/6
f 9051/7/6 9049/7/6 9052/7/6
f 9047/7/6 9051/7/6 9054/7/6
f 9054/7/6 9051/7/6 9055/7/6
f 9053/7/6 9054/7/6 9055/7/6
f 9055/7/6 9051/7/6 9056/7/6
f 9053/7/6 9055/7/6 9058/7/6
f 9058/7/6 9055/7/6 9059/7/6
f 9059/7/6 9055/7/6 9060/7/6
f 9057/7/6 9058/7/6 9061/7/6
f 9058/7/6 9059/7/6 9061/7/6
f 9061/7/6 9059/7/6 9062/7/6
f 9057/7/6 9061/7/6 9063/7/6
f 9063/7/6 9061/7/6 9064/7/6
f 9057/7/6 9063/7/6 9066/7/6
f 9065/7/6 9066/7/6 9068/7/6
f 9066/7/6 9063/7/6 9069/7/6
f 9068/7/6 9066/7/6 9069/7/6
f 9069/7/6 9063/7/6 9070/7/6
f 9070/7/6 9063/7/6 9071/7/6
f 9071/7/6 9063/7/6 9072/7/6
f 9067/7/6 9068/7/6 9073/7/6
f 9068/7/6 9069/7/6 9073/7/6
f 9069/3/6 9070/3/6 9073/3/6
f 9070/7/6 9071/7/6 9074/7/6
f 9073/3/6 9070/3/6 9074/3/6
f 9074/7/6 9071/7/6 9075/7/6
f 9075/7/6 9071/7/6 9076/7/6
f 9073/7/6 9074/7/6 9077/7/6
f 9074/7/6 9075/7/6 9077/7/6
f 9077/7/6 9075/7/6 9078/7/6
f 9067/7/6 9073/7/6 9080/7/6
f 9073/7/6 9077/7/6 9080/7/6
f 9080/7/6 9077/7/6 9081/7/6
f 9079/7/6 9080/7/6 9081/7/6
f 9081/7/6 9077/7/6 9082/7/6
f 9079/7/6 9081/7/6 9086/7/6
f 9086/7/6 9081/7/6 9087/7/6
f 9087/7/6 9081/7/6 9088/7/6
f 9083/7/6 9084/7/6 9089/7/6
f 9089/7/6 9090/7/6 9091/7/6
f 9085/7/6 9086/7/6 9094/7/6
f 9086/7/6 9087/7/6 9094/7/6
f 9094/7/6 9087/7/6 9095/7/6
f 9095/7/6 9087/7/6 9096/7/6
f 9096/7/6 9087/7/6 9097/7/6
f 9097/7/6 9087/7/6 9098/7/6
f 9093/7/6 9094/7/6 9099/7/6
f 9094/7/6 9095/7/6 9099/7/6
f 9095/4/6 9096/4/6 9099/4/6
f 9096/7/6 9097/7/6 9100/7/6
f 9099/4/6 9096/4/6 9100/4/6
f 9100/7/6 9097/7/6 9101/7/6
f 9101/7/6 9097/7/6 9102/7/6
f 9091/7/6 9092/7/6 9103/7/6
f 9093/7/6 9099/7/6 9106/7/6
f 9099/7/6 9100/7/6 9106/7/6
f 9100/7/6 9101/7/6 9106/7/6
f 9106/7/6 9101/7/6 9107/7/6
f 9107/7/6 9101/7/6 9108/7/6
f 9103/7/6 9104/7/6 9109/7/6
f 9105/7/6 9106/7/6 9111/7/6
f 9106/7/6 9107/7/6 9111/7/6
f 9111/7/6 9107/7/6 9112/7/6
f 9107/5/6 9108/5/6 9113/5/6
f 9112/7/6 9107/7/6 9113/7/6
f 9108/7/6 9101/7/6 9114/7/6
f 9113/5/6 9108/5/6 9114/5/6
f 9114/7/6 9101/7/6 9115/7/6
f 9115/7/6 9101/7/6 9116/7/6
f 9109/7/6 9110/7/6 9117/7/6
f 9105/7/6 9111/7/6 9120/7/6
f 9111/5/6 9112/5/6 9121/5/6
f 9120/7/6 9111/7/6 9121/7/6
f 9112/7/6 9113/7/6 9122/7/6
f 9121/5/6 9112/5/6 9122/5/6
f 9113/7/6 9114/7/6 9122/7/6
f 9114/7/6 9115/7/6 9122/7/6
f 9117/7/6 9118/7/6 9123/7/6
f 9120/7/6 9121/7/6 9126/7/6
f 9119/7/6 9120/7/6 9126/7/6
f 9121/7/6 9122/7/6 9126/7/6
f 9122/7/6 9115/7/6 9127/7/6
f 9126/7/6 9122/7/6 9127/7/6
f 9127/7/6 9115/7/6 9128/7/6
f 9125/7/6 9126/7/6 9130/7/6
f 9126/7/6 9127/7/6 9130/7/6
f 9130/7/6 9127/7/6 9131/7/6
f 9131/7/6 9127/7/6 9132/7/6
f 9123/7/6 9124/7/6 9133/7/6
f 9117/7/6 9123/7/6 9133/7/6
f 9133/7/6 9124/7/6 9134/7/6
f 9129/7/6 9130/7/6 9137/7/6
f 9130/7/6 9131/7/6 9137/7/6
f 9131/3/6 9132/3/6 9138/3/6
f 9137/7/6 9131/7/6 9138/7/6
f 9132/7/6 9127/7/6 9139/7/6
f 9138/3/6 9132/3/6 9139/3/6
f 9139/7/6 9127/7/6 9140/7/6
f 9140/7/6 9127/7/6 9141/7/6
f 9134/3/6 9135/3/6 9142/3/6
f 9133/3/6 9134/3/6 9142/3/6
f 9117/7/6 9133/7/6 9142/7/6
f 9142/3/6 9135/3/6 9143/3/6
f 9137/7/6 9138/7/6 9146/7/6
f 9136/7/6 9137/7/6 9146/7/6
f 9139/7/6 9140/7/6 9146/7/6
f 9138/7/6 9139/7/6 9146/7/6
f 9143/7/6 9144/7/6 9147/7/6
f 9103/7/6 9109/7/6 9147/7/6
f 9142/7/6 9143/7/6 9147/7/6
f 9109/7/6 9117/7/6 9147/7/6
f 9117/7/6 9142/7/6 9147/7/6
f 9147/7/6 9144/7/6 9148/7/6
f 9145/7/6 9146/7/6 9150/7/6
f 9146/7/6 9140/7/6 9151/7/6
f 9150/7/6 9146/7/6 9151/7/6
f 9151/7/6 9140/7/6 9152/7/6
f 9103/7/6 9147/7/6 9153/7/6
f 9147/1/6 9148/1/6 9153/1/6
f 9148/7/6 9144/7/6 9154/7/6
f 9153/1/6 9148/1/6 9154/1/6
f 9154/7/6 9144/7/6 9155/7/6
f 9149/7/6 9150/7/6 9158/7/6
f 9150/7/6 9151/7/6 9158/7/6
f 9158/7/6 9151/7/6 9159/7/6
f 9159/7/6 9151/7/6 9160/7/6
f 9157/7/6 9158/7/6 9162/7/6
f 9158/7/6 9159/7/6 9162/7/6
f 9162/7/6 9159/7/6 9163/7/6
f 9163/7/6 9159/7/6 9164/7/6
f 9161/7/6 9162/7/6 9166/7/6
f 9162/7/6 9163/7/6 9166/7/6
f 9166/7/6 9163/7/6 9167/7/6
f 9167/7/6 9163/7/6 9168/7/6
f 9165/7/6 9166/7/6 9169/7/6
f 9166/7/6 9167/7/6 9169/7/6
f 9169/7/6 9167/7/6 9170/7/6
f 9165/7/6 9169/7/6 9171/7/6
f 9171/7/6 9169/7/6 9172/7/6
f 9155/7/6 9156/7/6 9173/7/6
f 9154/7/6 9155/7/6 9173/7/6
f 9153/7/6 9154/7/6 9173/7/6
f 9173/7/6 9156/7/6 9174/7/6
f 9165/7/6 9171/7/6 9176/7/6
f 9176/7/6 9171/7/6 9177/7/6
f 9177/7/6 9171/7/6 9178/7/6
f 9178/7/6 9171/7/6 9179/7/6
f 9179/7/6 9171/7/6 9180/7/6
f 9173/6/6 9174/6/6 9181/6/6
f 9153/7/6 9173/7/6 9181/7/6
f 9181/6/6 9174/6/6 9182/6/6
f 9175/7/6 9176/7/6 9183/7/6
f 9176/7/6 9177/7/6 9183/7/6
f 9177/3/6 9178/3/6 9183/3/6
f 9178/7/6 9179/7/6 9184/7/6
f 9183/3/6 9178/3/6 9184/3/6
f 9184/7/6 9179/7/6 9185/7/6
f 9185/7/6 9179/7/6 9186/7/6
f 9175/7/6 9183/7/6 9188/7/6
f 9183/7/6 9184/7/6 9188/7/6
f 9184/7/6 9185/7/6 9188/7/6
f 9188/7/6 9185/7/6 9189/7/6
f 9189/7/6 9185/7/6 9190/7/6
f 9187/7/6 9188/7/6 9191/7/6
f 9188/7/6 9189/7/6 9191/7/6
f 9191/7/6 9189/7/6 9192/7/6
f 9187/7/6 9191/7/6 9194/7/6
f 9194/7/6 9191/7/6 9195/7/6
f 9195/7/6 9191/7/6 9196/7/6
f 9193/7/6 9194/7/6 9197/7/6
f 9194/7/6 9195/7/6 9197/7/6
f 9197/7/6 9195/7/6 9198/7/6
f 9193/7/6 9197/7/6 9199/7/6
f 9199/7/6 9197/7/6 9200/7/6
f 9181/7/6 9182/7/6 9201/7/6
f 9193/7/6 9199/7/6 9204/7/6
f 9204/7/6 9199/7/6 9205/7/6
f 9205/7/6 9199/7/6 9206/7/6
f 9203/7/6 9204/7/6 9207/7/6
f 9204/7/6 9205/7/6 9207/7/6
f 9207/7/6 9205/7/6 9208/7/6
f 9203/7/6 9207/7/6 9210/7/6
f 9210/7/6 9207/7/6 9211/7/6
f 9211/7/6 9207/7/6 9212/7/6
f 9201/7/6 9202/7/6 9213/7/6
f 9209/7/6 9210/7/6 9215/7/6
f 9210/7/6 9211/7/6 9215/7/6
f 9215/7/6 9211/7/6 9216/7/6
f 9209/7/6 9215/7/6 9217/7/6
f 9217/7/6 9215/7/6 9218/7/6
f 9218/7/6 9215/7/6 9219/7/6
f 9219/7/6 9215/7/6 9220/7/6
f 9209/7/6 9217/7/6 9222/7/6
f 9217/1/6 9218/1/6 9223/1/6
f 9222/7/6 9217/7/6 9223/7/6
f 9218/7/6 9219/7/6 9224/7/6
f 9223/1/6 9218/1/6 9224/1/6
f 9224/7/6 9219/7/6 9225/7/6
f 9225/7/6 9219/7/6 9226/7/6
f 9213/7/6 9214/7/6 9227/7/6
f 9089/7/6 9091/7/6 9229/7/6
f 9227/7/6 9228/7/6 9229/7/6
f 9213/7/6 9227/7/6 9229/7/6
f 9083/7/6 9089/7/6 9229/7/6
f 9103/7/6 9153/7/6 9229/7/6
f 9091/7/6 9103/7/6 9229/7/6
f 9153/7/6 9181/7/6 9229/7/6
f 9181/7/6 9201/7/6 9229/7/6
f 9201/7/6 9213/7/6 9229/7/6
f 9229/7/6 9228/7/6 9230/7/6
f 9224/7/6 9225/7/6 9232/7/6
f 9223/7/6 9224/7/6 9232/7/6
f 9222/7/6 9223/7/6 9232/7/6
f 9221/7/6 9222/7/6 9232/7/6
f 9232/7/6 9225/7/6 9233/7/6
f 9233/7/6 9225/7/6 9234/7/6
f 9229/5/6 9230/5/6 9235/5/6
f 9083/7/6 9229/7/6 9235/7/6
f 9230/7/6 9228/7/6 9236/7/6
f 9235/5/6 9230/5/6 9236/5/6
f 9236/7/6 9228/7/6 9237/7/6
f 9232/7/6 9233/7/6 9239/7/6
f 9231/7/6 9232/7/6 9239/7/6
f 9239/7/6 9233/7/6 9240/7/6
f 9083/7/6 9235/7/6 9241/7/6
f 9237/7/6 9238/7/6 9241/7/6
f 9236/7/6 9237/7/6 9241/7/6
f 9235/7/6 9236/7/6 9241/7/6
f 9241/7/6 9238/7/6 9242/7/6
f 9231/7/6 9239/7/6 9243/7/6
f 9243/7/6 9239/7/6 9244/7/6
f 9083/7/6 9241/7/6 9245/7/6
f 9241/1/6 9242/1/6 9245/1/6
f 9242/7/6 9238/7/6 9246/7/6
f 9245/1/6 9242/1/6 9246/1/6
f 9246/7/6 9238/7/6 9247/7/6
f 9231/7/6 9243/7/6 9250/7/6
f 9247/7/6 9248/7/6 9251/7/6
f 9245/7/6 9246/7/6 9251/7/6
f 9246/7/6 9247/7/6 9251/7/6
f 9249/7/6 9250/7/6 9253/7/6
f 9250/7/6 9243/7/6 9253/7/6
f 9253/7/6 9243/7/6 9254/7/6
f 9251/7/6 9252/7/6 9255/7/6
f 9249/7/6 9253/7/6 9258/7/6
f 9258/7/6 9253/7/6 9259/7/6
f 9259/7/6 9253/7/6 9260/7/6
f 9257/7/6 9258/7/6 9261/7/6
f 9258/7/6 9259/7/6 9261/7/6
f 9261/7/6 9259/7/6 9262/7/6
f 9262/7/6 9259/7/6 9263/7/6
f 9263/7/6 9259/7/6 9264/7/6
f 9255/7/6 9256/7/6 9265/7/6
f 9257/7/6 9261/7/6 9268/7/6
f 9261/3/6 9262/3/6 9269/3/6
f 9268/7/6 9261/7/6 9269/7/6
f 9262/7/6 9263/7/6 9270/7/6
f 9269/3/6 9262/3/6 9270/3/6
f 9265/7/6 9266/7/6 9271/7/6
f 9255/7/6 9265/7/6 9271/7/6
f 9271/7/6 9266/7/6 9272/7/6
f 9270/7/6 9263/7/6 9273/7/6
f 9267/7/6 9268/7/6 9273/7/6
f 9268/7/6 9269/7/6 9273/7/6
f 9269/7/6 9270/7/6 9273/7/6
f 9273/7/6 9263/7/6 9274/7/6
f 9271/4/6 9272/4/6 9275/4/6
f 9255/7/6 9271/7/6 9275/7/6
f 9275/4/6 9272/4/6 9276/4/6
f 9267/7/6 9273/7/6 9279/7/6
f 9251/7/6 9255/7/6 9280/7/6
f 9276/7/6 9277/7/6 9280/7/6
f 9255/7/6 9275/7/6 9280/7/6
f 9275/7/6 9276/7/6 9280/7/6
f 9280/7/6 9277/7/6 9281/7/6
f 9281/7/6 9277/7/6 9282/7/6
f 9278/7/6 9279/7/6 9285/7/6
f 9279/7/6 9273/7/6 9286/7/6
f 9285/7/6 9279/7/6 9286/7/6
f 9286/7/6 9273/7/6 9287/7/6
f 9287/7/6 9273/7/6 9288/7/6
f 9288/7/6 9273/7/6 9289/7/6
f 9251/7/6 9280/7/6 9290/7/6
f 9280/2/6 9281/2/6 9290/2/6
f 9282/7/6 9283/7/6 9291/7/6
f 9290/2/6 9281/2/6 9291/2/6
f 9281/7/6 9282/7/6 9291/7/6
f 9284/7/6 9285/7/6 9292/7/6
f 9286/3/6 9287/3/6 9292/3/6
f 9285/7/6 9286/7/6 9292/7/6
f 9287/7/6 9288/7/6 9293/7/6
f 9292/3/6 9287/3/6 9293/3/6
f 9291/7/6 9283/7/6 9294/7/6
f 9290/7/6 9291/7/6 9294/7/6
f 9284/7/6 9292/7/6 9297/7/6
f 9292/7/6 9293/7/6 9297/7/6
f 9293/7/6 9288/7/6 9298/7/6
f 9297/7/6 9293/7/6 9298/7/6
f 9298/7/6 9288/7/6 9299/7/6
f 9294/7/6 9295/7/6 9300/7/6
f 9296/7/6 9297/7/6 9302/7/6
f 9297/7/6 9298/7/6 9302/7/6
f 9302/7/6 9298/7/6 9303/7/6
f 9245/7/6 9251/7/6 9304/7/6
f 9251/7/6 9290/7/6 9304/7/6
f 9300/7/6 9301/7/6 9304/7/6
f 9294/7/6 9300/7/6 9304/7/6
f 9290/7/6 9294/7/6 9304/7/6
f 9304/7/6 9301/7/6 9305/7/6
f 9296/7/6 9302/7/6 9307/7/6
f 9305/7/6 9301/7/6 9308/7/6
f 9306/7/6 9307/7/6 9310/7/6
f 9307/7/6 9302/7/6 9310/7/6
f 9310/7/6 9302/7/6 9311/7/6
f 9245/7/6 9304/7/6 9312/7/6
f 9304/2/6 9305/2/6 9312/2/6
f 9308/7/6 9309/7/6 9313/7/6
f 9312/2/6 9305/2/6 9313/2/6
f 9305/7/6 9308/7/6 9313/7/6
f 9306/7/6 9310/7/6 9315/7/6
f 9313/7/6 9309/7/6 9316/7/6
f 9312/7/6 9313/7/6 9316/7/6
f 9314/7/6 9315/7/6 9318/7/6
f 9315/7/6 9310/7/6 9318/7/6
f 9318/7/6 9310/7/6 9319/7/6
f 9314/7/6 9318/7/6 9320/7/6
f 9320/7/6 9318/7/6 9321/7/6
f 9316/7/6 9317/7/6 9322/7/6
f 9314/7/6 9320/7/6 9325/7/6
f 9320/3/6 9321/3/6 9326/3/6
f 9325/7/6 9320/7/6 9326/7/6
f 9321/7/6 9318/7/6 9327/7/6
f 9326/3/6 9321/3/6 9327/3/6
f 9325/7/6 9326/7/6 9328/7/6
f 9324/7/6 9325/7/6 9328/7/6
f 9326/7/6 9327/7/6 9328/7/6
f 9328/7/6 9327/7/6 9329/7/6
f 9327/7/6 9318/7/6 9330/7/6
f 9329/7/6 9327/7/6 9330/7/6
f 9330/7/6 9318/7/6 9331/7/6
f 9324/7/6 9328/7/6 9332/7/6
f 9328/3/6 9329/3/6 9333/3/6
f 9332/7/6 9328/7/6 9333/7/6
f 9329/7/6 9330/7/6 9334/7/6
f 9333/3/6 9329/3/6 9334/3/6
f 9322/7/6 9323/7/6 9335/7/6
f 9324/7/6 9332/7/6 9338/7/6
f 9332/3/6 9333/3/6 9339/3/6
f 9338/7/6 9332/7/6 9339/7/6
f 9333/7/6 9334/7/6 9340/7/6
f 9339/3/6 9333/3/6 9340/3/6
f 9334/7/6 9330/7/6 9341/7/6
f 9340/7/6 9334/7/6 9341/7/6
f 9339/7/6 9340/7/6 9341/7/6
f 9337/7/6 9338/7/6 9341/7/6
f 9338/7/6 9339/7/6 9341/7/6
f 9341/7/6 9330/7/6 9342/7/6
f 9335/7/6 9336/7/6 9343/7/6
f 9337/7/6 9341/7/6 9346/7/6
f 9343/5/6 9344/5/6 9347/5/6
f 9335/7/6 9343/7/6 9347/7/6
f 9347/5/6 9344/5/6 9348/5/6
f 9345/7/6 9346/7/6 9349/7/6
f 9346/7/6 9341/7/6 9349/7/6
f 9349/7/6 9341/7/6 9350/7/6
f 9345/7/6 9349/7/6 9351/7/6
f 9349/4/6 9350/4/6 9351/4/6
f 9350/7/6 9341/7/6 9352/7/6
f 9351/4/6 9350/4/6 9352/4/6
f 9312/7/6 9316/7/6 9353/7/6
f 9316/7/6 9322/7/6 9353/7/6
f 9322/7/6 9335/7/6 9353/7/6
f 9347/7/6 9348/7/6 9353/7/6
f 9335/7/6 9347/7/6 9353/7/6
f 9353/7/6 9348/7/6 9354/7/6
f 9354/7/6 9348/7/6 9355/7/6
f 9351/7/6 9352/7/6 9358/7/6
f 9345/7/6 9351/7/6 9358/7/6
f 9312/7/6 9353/7/6 9359/7/6
f 9353/4/6 9354/4/6 9359/4/6
f 9355/7/6 9356/7/6 9360/7/6
f 9359/4/6 9354/4/6 9360/4/6
f 9354/7/6 9355/7/6 9360/7/6
f 9352/7/6 9341/7/6 9361/7/6
f 9357/7/6 9358/7/6 9361/7/6
f 9358/7/6 9352/7/6 9361/7/6
f 9361/7/6 9341/7/6 9362/7/6
f 9360/7/6 9356/7/6 9363/7/6
f 9359/7/6 9360/7/6 9363/7/6
f 9363/7/6 9356/7/6 9364/7/6
f 9357/7/6 9361/7/6 9366/7/6
f 9363/1/6 9364/1/6 9367/1/6
f 9359/7/6 9363/7/6 9367/7/6
f 9367/1/6 9364/1/6 9368/1/6
f 9359/7/6 9367/7/6 9369/7/6
f 9367/7/6 9368/7/6 9369/7/6
f 9369/7/6 9368/7/6 9370/7/6
f 9365/7/6 9366/7/6 9371/7/6
f 9366/7/6 9361/7/6 9371/7/6
f 9371/7/6 9361/7/6 9372/7/6
f 9365/7/6 9371/7/6 9374/7/6
f 9374/7/6 9371/7/6 9375/7/6
f 9373/7/6 9374/7/6 9375/7/6
f 9375/7/6 9371/7/6 9376/7/6
f 9359/7/6 9369/7/6 9377/7/6
f 9377/7/6 9369/7/6 9378/7/6
f 9378/7/6 9369/7/6 9379/7/6
f 9379/7/6 9369/7/6 9380/7/6
f 9373/7/6 9375/7/6 9381/7/6
f 9381/7/6 9375/7/6 9382/7/6
f 9359/7/6 9377/7/6 9383/7/6
f 9377/2/6 9378/2/6 9383/2/6
f 9378/7/6 9379/7/6 9384/7/6
f 9383/2/6 9378/2/6 9384/2/6
f 9384/7/6 9379/7/6 9385/7/6
f 9385/7/6 9379/7/6 9386/7/6
f 9373/7/6 9381/7/6 9388/7/6
f 9381/6/6 9382/6/6 9389/6/6
f 9388/7/6 9381/7/6 9389/7/6
f 9382/7/6 9375/7/6 9390/7/6
f 9389/6/6 9382/6/6 9390/6/6
f 9385/6/6 9386/6/6 9391/6/6
f 9383/7/6 9384/7/6 9391/7/6
f 9384/7/6 9385/7/6 9391/7/6
f 9391/6/6 9386/6/6 9392/6/6
f 9388/7/6 9389/7/6 9393/7/6
f 9387/7/6 9388/7/6 9393/7/6
f 9390/7/6 9375/7/6 9393/7/6
f 9389/7/6 9390/7/6 9393/7/6
f 9393/7/6 9375/7/6 9394/7/6
f 9391/7/6 9392/7/6 9395/7/6
f 9383/7/6 9391/7/6 9395/7/6
f 9395/7/6 9392/7/6 9396/7/6
f 9383/7/6 9395/7/6 9397/7/6
f 9395/4/6 9396/4/6 9397/4/6
f 9397/4/6 9396/4/6 9398/4/6
f 9387/7/6 9393/7/6 9400/7/6
f 9400/7/6 9393/7/6 9401/7/6
f 9401/7/6 9393/7/6 9402/7/6
f 9383/7/6 9397/7/6 9403/7/6
f 9359/7/6 9383/7/6 9403/7/6
f 9397/7/6 9398/7/6 9403/7/6
f 9403/7/6 9398/7/6 9404/7/6
f 9359/7/6 9403/7/6 9405/7/6
f 9405/7/6 9403/7/6 9406/7/6
f 9403/1/6 9404/1/6 9407/1/6
f 9406/7/6 9403/7/6 9407/7/6
f 9404/7/6 9398/7/6 9408/7/6
f 9407/1/6 9404/1/6 9408/1/6
f 9400/7/6 9401/7/6 9409/7/6
f 9399/7/6 9400/7/6 9409/7/6
f 9409/7/6 9401/7/6 9410/7/6
f 9405/6/6 9406/6/6 9411/6/6
f 9359/7/6 9405/7/6 9411/7/6
f 9407/7/6 9408/7/6 9412/7/6
f 9411/6/6 9406/6/6 9412/6/6
f 9406/7/6 9407/7/6 9412/7/6
f 9399/7/6 9409/7/6 9414/7/6
f 9414/7/6 9409/7/6 9415/7/6
f 9415/7/6 9409/7/6 9416/7/6
f 9413/7/6 9414/7/6 9417/7/6
f 9414/7/6 9415/7/6 9417/7/6
f 9417/7/6 9415/7/6 9418/7/6
f 9415/1/6 9416/1/6 9419/1/6
f 9418/7/6 9415/7/6 9419/7/6
f 9416/7/6 9409/7/6 9420/7/6
f 9419/1/6 9416/1/6 9420/1/6
f 9420/7/6 9409/7/6 9421/7/6
f 9417/6/6 9418/6/6 9422/6/6
f 9413/7/6 9417/7/6 9422/7/6
f 9418/7/6 9419/7/6 9423/7/6
f 9422/6/6 9418/6/6 9423/6/6
f 9419/7/6 9420/7/6 9423/7/6
f 9083/7/6 9245/7/6 9424/7/6
f 9245/7/6 9312/7/6 9424/7/6
f 9312/7/6 9359/7/6 9424/7/6
f 9359/7/6 9411/7/6 9424/7/6
f 9411/7/6 9412/7/6 9424/7/6
f 9424/7/6 9412/7/6 9425/7/6
f 9425/7/6 9412/7/6 9426/7/6
f 9426/7/6 9412/7/6 9427/7/6
f 9424/6/6 9425/6/6 9428/6/6
f 9425/7/6 9426/7/6 9429/7/6
f 9428/6/6 9425/6/6 9429/6/6
f 9426/2/6 9427/2/6 9430/2/6
f 9429/7/6 9426/7/6 9430/7/6
f 9427/7/6 9412/7/6 9431/7/6
f 9430/2/6 9427/2/6 9431/2/6
f 9431/7/6 9412/7/6 9432/7/6
f 9432/7/6 9412/7/6 9433/7/6
f 9423/7/6 9420/7/6 9434/7/6
f 9422/7/6 9423/7/6 9434/7/6
f 9434/7/6 9420/7/6 9435/7/6
f 9432/2/6 9433/2/6 9436/2/6
f 9429/7/6 9430/7/6 9436/7/6
f 9428/7/6 9429/7/6 9436/7/6
f 9431/7/6 9432/7/6 9436/7/6
f 9430/7/6 9431/7/6 9436/7/6
f 9433/7/6 9412/7/6 9437/7/6
f 9436/2/6 9433/2/6 9437/2/6
f 9413/7/6 9422/7/6 9439/7/6
f 9422/7/6 9434/7/6 9439/7/6
f 9439/7/6 9434/7/6 9440/7/6
f 9438/7/6 9439/7/6 9440/7/6
f 9440/7/6 9434/7/6 9441/7/6
f 9437/7/6 9412/7/6 9442/7/6
f 9436/7/6 9437/7/6 9442/7/6
f 9442/7/6 9412/7/6 9443/7/6
f 9436/7/6 9442/7/6 9444/7/6
f 9442/1/6 9443/1/6 9444/1/6
f 9443/7/6 9412/7/6 9445/7/6
f 9444/1/6 9443/1/6 9445/1/6
f 9438/7/6 9440/7/6 9446/7/6
f 9446/7/6 9440/7/6 9447/7/6
f 9412/7/6 9408/7/6 9448/7/6
f 9445/7/6 9412/7/6 9448/7/6
f 9444/7/6 9445/7/6 9448/7/6
f 9448/7/6 9408/7/6 9449/7/6
f 9438/7/6 9446/7/6 9451/7/6
f 9451/7/6 9446/7/6 9452/7/6
f 9452/7/6 9446/7/6 9453/7/6
f 9453/7/6 9446/7/6 9454/7/6
f 9454/7/6 9446/7/6 9455/7/6
f 9444/7/6 9448/7/6 9456/7/6
f 9448/2/6 9449/2/6 9456/2/6
f 9449/7/6 9408/7/6 9457/7/6
f 9456/2/6 9449/2/6 9457/2/6
f 9450/7/6 9451/7/6 9458/7/6
f 9451/7/6 9452/7/6 9458/7/6
f 9452/1/6 9453/1/6 9458/1/6
f 9453/7/6 9454/7/6 9459/7/6
f 9458/1/6 9453/1/6 9459/1/6
f 9458/7/6 9459/7/6 9460/7/6
f 9459/7/6 9454/7/6 9460/7/6
f 9460/7/6 9454/7/6 9461/7/6
f 9458/7/6 9460/7/6 9462/7/6
f 9462/7/6 9460/7/6 9463/7/6
f 9428/7/6 9436/7/6 9464/7/6
f 9444/7/6 9456/7/6 9464/7/6
f 9436/7/6 9444/7/6 9464/7/6
f 9456/7/6 9457/7/6 9464/7/6
f 9464/7/6 9457/7/6 9465/7/6
f 9428/7/6 9464/7/6 9466/7/6
f 9464/2/6 9465/2/6 9466/2/6
f 9465/7/6 9457/7/6 9467/7/6
f 9466/2/6 9465/2/6 9467/2/6
f 9467/7/6 9457/7/6 9468/7/6
f 9468/7/6 9457/7/6 9469/7/6
f 9458/7/6 9462/7/6 9470/7/6
f 9470/7/6 9462/7/6 9471/7/6
f 9466/7/6 9467/7/6 9472/7/6
f 9467/7/6 9468/7/6 9472/7/6
f 9468/2/6 9469/2/6 9472/2/6
f 9469/7/6 9457/7/6 9473/7/6
f 9472/2/6 9469/2/6 9473/2/6
f 9458/7/6 9470/7/6 9474/7/6
f 9474/7/6 9470/7/6 9475/7/6
f 9408/7/6 9398/7/6 9476/7/6
f 9457/7/6 9408/7/6 9476/7/6
f 9473/7/6 9457/7/6 9476/7/6
f 9472/7/6 9473/7/6 9476/7/6
f 9476/7/6 9398/7/6 9477/7/6
f 9477/7/6 9398/7/6 9478/7/6
f 9478/7/6 9398/7/6 9479/7/6
f 9458/7/6 9474/7/6 9480/7/6
f 9480/7/6 9474/7/6 9481/7/6
f 9472/7/6 9476/7/6 9482/7/6
f 9476/1/6 9477/1/6 9482/1/6
f 9477/7/6 9478/7/6 9483/7/6
f 9482/1/6 9477/1/6 9483/1/6
f 9458/7/6 9480/7/6 9484/7/6
f 9484/7/6 9480/7/6 9485/7/6
f 9466/7/6 9472/7/6 9486/7/6
f 9472/7/6 9482/7/6 9486/7/6
f 9482/7/6 9483/7/6 9486/7/6
f 9486/7/6 9483/7/6 9487/7/6
f 9484/3/6 9485/3/6 9488/3/6
f 9458/7/6 9484/7/6 9488/7/6
f 9485/7/6 9480/7/6 9489/7/6
f 9488/3/6 9485/3/6 9489/3/6
f 9489/7/6 9480/7/6 9490/7/6
f 9486/4/6 9487/4/6 9491/4/6
f 9466/7/6 9486/7/6 9491/7/6
f 9487/7/6 9483/7/6 9492/7/6
f 9491/4/6 9487/4/6 9492/4/6
f 9458/7/6 9488/7/6 9494/7/6
f 9450/7/6 9458/7/6 9494/7/6
f 9488/7/6 9489/7/6 9494/7/6
f 9494/7/6 9489/7/6 9495/7/6
f 9495/7/6 9489/7/6 9496/7/6
f 9491/7/6 9492/7/6 9497/7/6
f 9428/7/6 9466/7/6 9497/7/6
f 9466/7/6 9491/7/6 9497/7/6
f 9497/7/6 9492/7/6 9498/7/6
f 9492/7/6 9483/7/6 9499/7/6
f 9498/7/6 9492/7/6 9499/7/6
f 9499/7/6 9483/7/6 9500/7/6
f 9494/7/6 9495/7/6 9501/7/6
f 9493/7/6 9494/7/6 9501/7/6
f 9501/7/6 9495/7/6 9502/7/6
f 9497/2/6 9498/2/6 9503/2/6
f 9428/7/6 9497/7/6 9503/7/6
f 9498/7/6 9499/7/6 9504/7/6
f 9503/2/6 9498/2/6 9504/2/6
f 9499/2/6 9500/2/6 9505/2/6
f 9504/7/6 9499/7/6 9505/7/6
f 9500/7/6 9483/7/6 9506/7/6
f 9505/2/6 9500/2/6 9506/2/6
f 9483/7/6 9478/7/6 9507/7/6
f 9506/7/6 9483/7/6 9507/7/6
f 9501/6/6 9502/6/6 9509/6/6
f 9493/7/6 9501/7/6 9509/7/6
f 9502/7/6 9495/7/6 9510/7/6
f 9509/6/6 9502/6/6 9510/6/6
f 9510/7/6 9495/7/6 9511/7/6
f 9511/7/6 9495/7/6 9512/7/6
f 9493/7/6 9509/7/6 9514/7/6
f 9509/7/6 9510/7/6 9514/7/6
f 9510/7/6 9511/7/6 9514/7/6
f 9514/7/6 9511/7/6 9515/7/6
f 9513/7/6 9514/7/6 9515/7/6
f 9515/7/6 9511/7/6 9516/7/6
f 9504/7/6 9505/7/6 9517/7/6
f 9505/7/6 9506/7/6 9517/7/6
f 9503/7/6 9504/7/6 9517/7/6
f 9507/7/6 9508/7/6 9517/7/6
f 9506/7/6 9507/7/6 9517/7/6
f 9428/7/6 9503/7/6 9517/7/6
f 9517/7/6 9508/7/6 9518/7/6
f 9513/7/6 9515/7/6 9520/7/6
f 9428/7/6 9517/7/6 9521/7/6
f 9517/4/6 9518/4/6 9521/4/6
f 9518/7/6 9508/7/6 9522/7/6
f 9521/4/6 9518/4/6 9522/4/6
f 9519/7/6 9520/7/6 9523/7/6
f 9520/7/6 9515/7/6 9523/7/6
f 9523/7/6 9515/7/6 9524/7/6
f 9522/7/6 9508/7/6 9525/7/6
f 9521/7/6 9522/7/6 9525/7/6
f 9525/7/6 9508/7/6 9526/7/6
f 9521/7/6 9525/7/6 9527/7/6
f 9525/5/6 9526/5/6 9527/5/6
f 9526/7/6 9508/7/6 9528/7/6
f 9527/5/6 9526/5/6 9528/5/6
f 9519/7/6 9523/7/6 9530/7/6
f 9530/7/6 9523/7/6 9531/7/6
f 9531/7/6 9523/7/6 9532/7/6
f 9528/7/6 9508/7/6 9533/7/6
f 9527/7/6 9528/7/6 9533/7/6
f 9533/7/6 9508/7/6 9534/7/6
f 9530/7/6 9531/7/6 9536/7/6
f 9529/7/6 9530/7/6 9536/7/6
f 9521/7/6 9527/7/6 9537/7/6
f 9527/7/6 9533/7/6 9537/7/6
f 9537/7/6 9533/7/6 9538/7/6
f 9535/7/6 9536/7/6 9539/7/6
f 9536/7/6 9531/7/6 9539/7/6
f 9539/7/6 9531/7/6 9540/7/6
f 9537/2/6 9538/2/6 9541/2/6
f 9521/7/6 9537/7/6 9541/7/6
f 9538/7/6 9533/7/6 9542/7/6
f 9541/2/6 9538/2/6 9542/2/6
f 9535/7/6 9539/7/6 9543/7/6
f 9543/7/6 9539/7/6 9544/7/6
f 9544/7/6 9539/7/6 9545/7/6
f 9535/7/6 9543/7/6 9547/7/6
f 9547/7/6 9543/7/6 9548/7/6
f 9543/4/6 9544/4/6 9549/4/6
f 9548/7/6 9543/7/6 9549/7/6
f 9544/3/6 9545/3/6 9550/3/6
f 9549/4/6 9544/4/6 9550/4/6
f 9545/7/6 9539/7/6 9551/7/6
f 9550/3/6 9545/3/6 9551/3/6
f 9547/7/6 9548/7/6 9552/7/6
f 9548/3/6 9549/3/6 9552/3/6
f 9546/7/6 9547/7/6 9552/7/6
f 9549/4/6 9550/4/6 9553/4/6
f 9552/3/6 9549/3/6 9553/3/6
f 9550/7/6 9551/7/6 9554/7/6
f 9553/4/6 9550/4/6 9554/4/6
f 9542/7/6 9533/7/6 9555/7/6
f 9541/7/6 9542/7/6 9555/7/6
f 9555/7/6 9533/7/6 9556/7/6
f 9553/7/6 9554/7/6 9558/7/6
f 9546/7/6 9552/7/6 9558/7/6
f 9552/7/6 9553/7/6 9558/7/6
f 9555/1/6 9556/1/6 9559/1/6
f 9541/7/6 9555/7/6 9559/7/6
f 9556/7/6 9533/7/6 9560/7/6
f 9559/1/6 9556/1/6 9560/1/6
f 9541/7/6 9559/7/6 9561/7/6
f 9559/7/6 9560/7/6 9561/7/6
f 9561/7/6 9560/7/6 9562/7/6
f 9562/7/6 9560/7/6 9563/7/6
f 9563/7/6 9560/7/6 9564/7/6
f 9428/7/6 9521/7/6 9565/7/6
f 9521/7/6 9541/7/6 9565/7/6
f 9541/7/6 9561/7/6 9565/7/6
f 9565/7/6 9561/7/6 9566/7/6
f 9566/7/6 9561/7/6 9567/7/6
f 9567/7/6 9561/7/6 9568/7/6
f 9561/2/6 9562/2/6 9569/2/6
f 9568/7/6 9561/7/6 9569/7/6
f 9562/7/6 9563/7/6 9570/7/6
f 9569/2/6 9562/2/6 9570/2/6
f 9563/2/6 9564/2/6 9571/2/6
f 9570/7/6 9563/7/6 9571/7/6
f 9564/7/6 9560/7/6 9572/7/6
f 9571/2/6 9564/2/6 9572/2/6
f 9565/1/6 9566/1/6 9573/1/6
f 9566/7/6 9567/7/6 9574/7/6
f 9573/1/6 9566/1/6 9574/1/6
f 9567/2/6 9568/2/6 9575/2/6
f 9574/7/6 9567/7/6 9575/7/6
f 9570/7/6 9571/7/6 9576/7/6
f 9575/2/6 9568/2/6 9576/2/6
f 9569/7/6 9570/7/6 9576/7/6
f 9571/7/6 9572/7/6 9576/7/6
f 9568/7/6 9569/7/6 9576/7/6
f 9576/7/6 9572/7/6 9577/7/6
f 9577/7/6 9572/7/6 9578/7/6
f 9574/7/6 9575/7/6 9579/7/6
f 9573/7/6 9574/7/6 9579/7/6
f 9577/4/6 9578/4/6 9579/4/6
f 9576/7/6 9577/7/6 9579/7/6
f 9575/7/6 9576/7/6 9579/7/6
f 9578/7/6 9572/7/6 9580/7/6
f 9579/4/6 9578/4/6 9580/4/6
f 9557/7/6 9558/7/6 9582/7/6
f 9560/7/6 9533/7/6 9583/7/6
f 9580/7/6 9572/7/6 9583/7/6
f 9572/7/6 9560/7/6 9583/7/6
f 9579/7/6 9580/7/6 9583/7/6
f 9554/7/6 9551/7/6 9585/7/6
f 9581/7/6 9582/7/6 9585/7/6
f 9582/7/6 9558/7/6 9585/7/6
f 9551/7/6 9539/7/6 9585/7/6
f 9558/7/6 9554/7/6 9585/7/6
f 9581/7/6 9585/7/6 9588/7/6
f 9585/7/6 9586/7/6 9588/7/6
f 9588/7/6 9586/7/6 9589/7/6
f 9587/7/6 9588/7/6 9589/7/6
f 9589/7/6 9586/7/6 9590/7/6
f 9583/7/6 9584/7/6 9591/7/6
f 9587/7/6 9589/7/6 9593/7/6
f 9589/6/6 9590/6/6 9593/6/6
f 9590/7/6 9586/7/6 9594/7/6
f 9593/6/6 9590/6/6 9594/6/6
f 9573/7/6 9579/7/6 9595/7/6
f 9579/7/6 9583/7/6 9595/7/6
f 9591/7/6 9592/7/6 9595/7/6
f 9583/7/6 9591/7/6 9595/7/6
f 9595/7/6 9592/7/6 9596/7/6
f 9587/7/6 9593/7/6 9598/7/6
f 9593/7/6 9594/7/6 9598/7/6
f 9594/7/6 9586/7/6 9599/7/6
f 9598/7/6 9594/7/6 9599/7/6
f 9595/5/6 9596/5/6 9601/5/6
f 9573/7/6 9595/7/6 9601/7/6
f 9596/7/6 9592/7/6 9602/7/6
f 9601/5/6 9596/5/6 9602/5/6
f 9573/7/6 9601/7/6 9603/7/6
f 9601/2/6 9602/2/6 9603/2/6
f 9602/7/6 9592/7/6 9604/7/6
f 9603/2/6 9602/2/6 9604/2/6
f 9604/7/6 9592/7/6 9605/7/6
f 9605/7/6 9592/7/6 9606/7/6
f 9603/7/6 9604/7/6 9607/7/6
f 9604/7/6 9605/7/6 9607/7/6
f 9605/1/6 9606/1/6 9607/1/6
f 9606/7/6 9592/7/6 9608/7/6
f 9607/1/6 9606/1/6 9608/1/6
f 9597/7/6 9598/7/6 9609/7/6
f 9598/7/6 9599/7/6 9609/7/6
f 9599/7/6 9600/7/6 9609/7/6
f 9607/7/6 9608/7/6 9611/7/6
f 9573/7/6 9603/7/6 9611/7/6
f 9603/7/6 9607/7/6 9611/7/6
f 9611/7/6 9608/7/6 9612/7/6
f 9573/7/6 9611/7/6 9613/7/6
f 9611/2/6 9612/2/6 9613/2/6
f 9612/7/6 9608/7/6 9614/7/6
f 9613/2/6 9612/2/6 9614/2/6
f 9609/7/6 9610/7/6 9615/7/6
f 9614/7/6 9608/7/6 9617/7/6
f 9613/7/6 9614/7/6 9617/7/6
f 9617/7/6 9608/7/6 9618/7/6
f 9608/7/6 9592/7/6 9619/7/6
f 9618/7/6 9608/7/6 9619/7/6
f 9613/7/6 9617/7/6 9621/7/6
f 9621/7/6 9617/7/6 9622/7/6
f 9617/4/6 9618/4/6 9623/4/6
f 9622/7/6 9617/7/6 9623/7/6
f 9619/7/6 9620/7/6 9624/7/6
f 9623/4/6 9618/4/6 9624/4/6
f 9618/7/6 9619/7/6 9624/7/6
f 9609/7/6 9615/7/6 9626/7/6
f 9597/7/6 9609/7/6 9626/7/6
f 9615/7/6 9616/7/6 9626/7/6
f 9626/7/6 9616/7/6 9627/7/6
f 9625/7/6 9626/7/6 9627/7/6
f 9621/2/6 9622/2/6 9629/2/6
f 9613/7/6 9621/7/6 9629/7/6
f 9623/7/6 9624/7/6 9630/7/6
f 9629/2/6 9622/2/6 9630/2/6
f 9622/7/6 9623/7/6 9630/7/6
f 9624/7/6 9620/7/6 9631/7/6
f 9630/7/6 9624/7/6 9631/7/6
f 9625/7/6 9627/7/6 9633/7/6
f 9627/5/6 9628/5/6 9633/5/6
f 9633/5/6 9628/5/6 9634/5/6
f 9631/7/6 9632/7/6 9635/7/6
f 9630/7/6 9631/7/6 9635/7/6
f 9629/7/6 9630/7/6 9635/7/6
f 9613/7/6 9629/7/6 9635/7/6
f 9573/7/6 9613/7/6 9635/7/6
f 9635/7/6 9632/7/6 9636/7/6
f 9633/7/6 9634/7/6 9637/7/6
f 9625/7/6 9633/7/6 9637/7/6
f 9637/7/6 9634/7/6 9638/7/6
f 9639/7/6 9640/7/6 9642/7/6
f 9641/7/6 9642/7/6 9644/7/6
f 9643/7/6 9644/7/6 9646/7/6
f 9645/7/6 9646/7/6 9648/7/6
f 9647/7/6 9648/7/6 9650/7/6
f 9649/7/6 9650/7/6 9652/7/6
f 9651/7/6 9652/7/6 9654/7/6
f 9653/7/6 9654/7/6 9656/7/6
f 9655/7/6 9656/7/6 9658/7/6
f 9657/7/6 9658/7/6 9660/7/6
f 9659/7/6 9660/7/6 9662/7/6
f 9661/7/6 9662/7/6 9664/7/6
f 9663/7/6 9664/7/6 9666/7/6
f 9650/7/6 9648/7/6 9667/7/6
f 9665/7/6 9666/7/6 9667/7/6
f 9666/7/6 9664/7/6 9667/7/6
f 9652/7/6 9650/7/6 9667/7/6
f 9664/7/6 9662/7/6 9667/7/6
f 9654/7/6 9652/7/6 9667/7/6
f 9662/7/6 9660/7/6 9667/7/6
f 9656/7/6 9654/7/6 9667/7/6
f 9660/7/6 9658/7/6 9667/7/6
f 9658/7/6 9656/7/6 9667/7/6
f 9648/7/6 9646/7/6 9668/7/6
f 9667/7/6 9648/7/6 9668/7/6
f 9665/7/6 9667/7/6 9670/7/6
f 9667/3/6 9668/3/6 9671/3/6
f 9670/7/6 9667/7/6 9671/7/6
f 9668/7/6 9646/7/6 9672/7/6
f 9671/3/6 9668/3/6 9672/3/6
f 9670/7/6 9671/7/6 9674/7/6
f 9669/7/6 9670/7/6 9674/7/6
f 9671/7/6 9672/7/6 9674/7/6
f 9674/7/6 9672/7/6 9675/7/6
f 9675/7/6 9672/7/6 9676/7/6
f 9673/7/6 9674/7/6 9677/7/6
f 9674/7/6 9675/7/6 9677/7/6
f 9675/4/6 9676/4/6 9677/4/6
f 9676/7/6 9672/7/6 9678/7/6
f 9677/4/6 9676/4/6 9678/4/6
f 9678/7/6 9672/7/6 9679/7/6
f 9679/7/6 9672/7/6 9680/7/6
f 9673/7/6 9677/7/6 9682/7/6
f 9677/7/6 9678/7/6 9682/7/6
f 9678/7/6 9679/7/6 9682/7/6
f 9679/3/6 9680/3/6 9683/3/6
f 9682/7/6 9679/7/6 9683/7/6
f 9680/7/6 9672/7/6 9684/7/6
f 9683/3/6 9680/3/6 9684/3/6
f 9682/7/6 9683/7/6 9686/7/6
f 9681/7/6 9682/7/6 9686/7/6
f 9683/7/6 9684/7/6 9686/7/6
f 9685/7/6 9686/7/6 9688/7/6
f 9687/7/6 9688/7/6 9690/7/6
f 9689/7/6 9690/7/6 9692/7/6
f 9691/7/6 9692/7/6 9694/7/6
f 9684/7/6 9672/7/6 9695/7/6
f 9693/7/6 9694/7/6 9695/7/6
f 9694/7/6 9692/7/6 9695/7/6
f 9686/7/6 9684/7/6 9695/7/6
f 9692/7/6 9690/7/6 9695/7/6
f 9688/7/6 9686/7/6 9695/7/6
f 9690/7/6 9688/7/6 9695/7/6
f 9695/7/6 9672/7/6 9696/7/6
f 9693/7/6 9695/7/6 9698/7/6
f 9695/1/6 9696/1/6 9699/1/6
f 9698/7/6 9695/7/6 9699/7/6
f 9696/7/6 9672/7/6 9700/7/6
f 9699/1/6 9696/1/6 9700/1/6
f 9646/7/6 9644/7/6 9701/7/6
f 9700/7/6 9672/7/6 9701/7/6
f 9672/7/6 9646/7/6 9701/7/6
f 9701/7/6 9644/7/6 9702/7/6
f 9699/7/6 9700/7/6 9703/7/6
f 9698/7/6 9699/7/6 9703/7/6
f 9697/7/6 9698/7/6 9703/7/6
f 9700/7/6 9701/7/6 9703/7/6
f 9703/7/6 9701/7/6 9704/7/6
f 9701/3/6 9702/3/6 9705/3/6
f 9704/7/6 9701/7/6 9705/7/6
f 9702/7/6 9644/7/6 9706/7/6
f 9705/3/6 9702/3/6 9706/3/6
f 9697/7/6 9703/7/6 9708/7/6
f 9703/3/6 9704/3/6 9709/3/6
f 9708/7/6 9703/7/6 9709/7/6
f 9704/7/6 9705/7/6 9710/7/6
f 9709/3/6 9704/3/6 9710/3/6
f 9705/7/6 9706/7/6 9710/7/6
f 9708/7/6 9709/7/6 9712/7/6
f 9707/7/6 9708/7/6 9712/7/6
f 9709/7/6 9710/7/6 9712/7/6
f 9711/7/6 9712/7/6 9714/7/6
f 9713/7/6 9714/7/6 9716/7/6
f 9712/7/6 9710/7/6 9717/7/6
f 9714/7/6 9712/7/6 9717/7/6
f 9716/7/6 9714/7/6 9717/7/6
f 9717/7/6 9710/7/6 9718/7/6
f 9715/7/6 9716/7/6 9720/7/6
f 9716/7/6 9717/7/6 9720/7/6
f 9717/3/6 9718/3/6 9721/3/6
f 9720/7/6 9717/7/6 9721/7/6
f 9718/7/6 9710/7/6 9722/7/6
f 9721/3/6 9718/3/6 9722/3/6
f 9720/7/6 9721/7/6 9724/7/6
f 9719/7/6 9720/7/6 9724/7/6
f 9721/7/6 9722/7/6 9724/7/6
f 9723/7/6 9724/7/6 9726/7/6
f 9725/7/6 9726/7/6 9728/7/6
f 9727/7/6 9728/7/6 9730/7/6
f 9724/7/6 9722/7/6 9731/7/6
f 9726/7/6 9724/7/6 9731/7/6
f 9730/7/6 9728/7/6 9731/7/6
f 9728/7/6 9726/7/6 9731/7/6
f 9731/7/6 9722/7/6 9732/7/6
f 9729/7/6 9730/7/6 9734/7/6
f 9730/7/6 9731/7/6 9734/7/6
f 9731/1/6 9732/1/6 9735/1/6
f 9734/7/6 9731/7/6 9735/7/6
f 9732/7/6 9722/7/6 9736/7/6
f 9735/1/6 9732/1/6 9736/1/6
f 9734/7/6 9735/7/6 9738/7/6
f 9733/7/6 9734/7/6 9738/7/6
f 9735/7/6 9736/7/6 9738/7/6
f 9737/7/6 9738/7/6 9740/7/6
f 9739/7/6 9740/7/6 9742/7/6
f 9741/7/6 9742/7/6 9744/7/6
f 9736/7/6 9722/7/6 9745/7/6
f 9738/7/6 9736/7/6 9745/7/6
f 9744/7/6 9742/7/6 9745/7/6
f 9740/7/6 9738/7/6 9745/7/6
f 9742/7/6 9740/7/6 9745/7/6
f 9722/7/6 9710/7/6 9746/7/6
f 9745/7/6 9722/7/6 9746/7/6
f 9744/7/6 9745/7/6 9748/7/6
f 9743/7/6 9744/7/6 9748/7/6
f 9745/4/6 9746/4/6 9749/4/6
f 9748/7/6 9745/7/6 9749/7/6
f 9746/7/6 9710/7/6 9750/7/6
f 9749/4/6 9746/4/6 9750/4/6
f 9748/7/6 9749/7/6 9752/7/6
f 9747/7/6 9748/7/6 9752/7/6
f 9749/7/6 9750/7/6 9752/7/6
f 9751/7/6 9752/7/6 9754/7/6
f 9752/7/6 9750/7/6 9755/7/6
f 9754/7/6 9752/7/6 9755/7/6
f 9755/7/6 9750/7/6 9756/7/6
f 9753/5/6 9754/5/6 9758/5/6
f 9754/7/6 9755/7/6 9759/7/6
f 9758/5/6 9754/5/6 9759/5/6
f 9755/1/6 9756/1/6 9760/1/6
f 9759/7/6 9755/7/6 9760/7/6
f 9756/7/6 9750/7/6 9761/7/6
f 9760/1/6 9756/1/6 9761/1/6
f 9759/7/6 9760/7/6 9763/7/6
f 9757/7/6 9758/7/6 9763/7/6
f 9760/7/6 9761/7/6 9763/7/6
f 9758/7/6 9759/7/6 9763/7/6
f 9710/7/6 9706/7/6 9764/7/6
f 9750/7/6 9710/7/6 9764/7/6
f 9763/7/6 9761/7/6 9764/7/6
f 9761/7/6 9750/7/6 9764/7/6
f 9764/7/6 9706/7/6 9765/7/6
f 9765/7/6 9706/7/6 9766/7/6
f 9766/7/6 9706/7/6 9767/7/6
f 9762/7/6 9763/7/6 9769/7/6
f 9763/7/6 9764/7/6 9769/7/6
f 9764/3/6 9765/3/6 9770/3/6
f 9769/7/6 9764/7/6 9770/7/6
f 9765/7/6 9766/7/6 9771/7/6
f 9770/3/6 9765/3/6 9771/3/6
f 9766/3/6 9767/3/6 9772/3/6
f 9771/7/6 9766/7/6 9772/7/6
f 9767/7/6 9706/7/6 9773/7/6
f 9772/3/6 9767/3/6 9773/3/6
f 9771/7/6 9772/7/6 9775/7/6
f 9770/7/6 9771/7/6 9775/7/6
f 9772/7/6 9773/7/6 9775/7/6
f 9768/7/6 9769/7/6 9775/7/6
f 9769/7/6 9770/7/6 9775/7/6
f 9774/7/6 9775/7/6 9777/7/6
f 9776/7/6 9777/7/6 9779/7/6
f 9644/7/6 9642/7/6 9780/7/6
f 9773/7/6 9706/7/6 9780/7/6
f 9779/7/6 9777/7/6 9780/7/6
f 9706/7/6 9644/7/6 9780/7/6
f 9777/7/6 9775/7/6 9780/7/6
f 9775/7/6 9773/7/6 9780/7/6
f 9642/7/6 9640/7/6 9781/7/6
f 9780/7/6 9642/7/6 9781/7/6
f 9779/7/6 9780/7/6 9782/7/6
f 9778/7/6 9779/7/6 9782/7/6
f 9782/7/6 9780/7/6 9783/7/6
f 9780/3/6 9781/3/6 9784/3/6
f 9783/7/6 9780/7/6 9784/7/6
f 9781/7/6 9640/7/6 9785/7/6
f 9784/3/6 9781/3/6 9785/3/6
f 9778/7/6 9782/7/6 9787/7/6
f 9782/4/6 9783/4/6 9788/4/6
f 9786/7/6 9787/7/6 9788/7/6
f 9787/7/6 9782/7/6 9788/7/6
f 9783/7/6 9784/7/6 9789/7/6
f 9788/4/6 9783/4/6 9789/4/6
f 9784/7/6 9785/7/6 9789/7/6
f 9786/7/6 9788/7/6 9791/7/6
f 9788/7/6 9789/7/6 9791/7/6
f 9791/7/6 9789/7/6 9792/7/6
f 9790/7/6 9791/7/6 9792/7/6
f 9792/7/6 9789/7/6 9793/7/6
f 9790/7/6 9792/7/6 9795/7/6
f 9792/1/6 9793/1/6 9796/1/6
f 9795/7/6 9792/7/6 9796/7/6
f 9793/7/6 9789/7/6 9797/7/6
f 9796/1/6 9793/1/6 9797/1/6
f 9789/7/6 9785/7/6 9798/7/6
f 9797/7/6 9789/7/6 9798/7/6
f 9798/7/6 9785/7/6 9799/7/6
f 9796/7/6 9797/7/6 9800/7/6
f 9795/7/6 9796/7/6 9800/7/6
f 9798/3/6 9799/3/6 9800/3/6
f 9797/7/6 9798/7/6 9800/7/6
f 9794/7/6 9795/7/6 9800/7/6
f 9799/7/6 9785/7/6 9801/7/6
f 9800/3/6 9799/3/6 9801/3/6
f 9794/7/6 9800/7/6 9803/7/6
f 9800/7/6 9801/7/6 9803/7/6
f 9803/7/6 9801/7/6 9804/7/6
f 9804/7/6 9801/7/6 9805/7/6
f 9802/7/6 9803/7/6 9806/7/6
f 9803/7/6 9804/7/6 9806/7/6
f 9806/7/6 9804/7/6 9807/7/6
f 9804/3/6 9805/3/6 9808/3/6
f 9807/7/6 9804/7/6 9808/7/6
f 9805/7/6 9801/7/6 9809/7/6
f 9808/3/6 9805/3/6 9809/3/6
f 9809/7/6 9801/7/6 9810/7/6
f 9810/7/6 9801/7/6 9811/7/6
f 9806/3/6 9807/3/6 9812/3/6
f 9802/7/6 9806/7/6 9812/7/6
f 9807/7/6 9808/7/6 9813/7/6
f 9812/3/6 9807/3/6 9813/3/6
f 9808/7/6 9809/7/6 9813/7/6
f 9809/7/6 9810/7/6 9813/7/6
f 9810/3/6 9811/3/6 9814/3/6
f 9813/7/6 9810/7/6 9814/7/6
f 9811/7/6 9801/7/6 9815/7/6
f 9814/3/6 9811/3/6 9815/3/6
f 9802/7/6 9812/7/6 9817/7/6
f 9813/7/6 9814/7/6 9817/7/6
f 9814/7/6 9815/7/6 9817/7/6
f 9812/7/6 9813/7/6 9817/7/6
f 9815/7/6 9801/7/6 9818/7/6
f 9817/7/6 9815/7/6 9818/7/6
f 9818/7/6 9801/7/6 9819/7/6
f 9816/7/6 9817/7/6 9820/7/6
f 9817/7/6 9818/7/6 9820/7/6
f 9818/1/6 9819/1/6 9820/1/6
f 9819/7/6 9801/7/6 9821/7/6
f 9820/1/6 9819/1/6 9821/1/6
f 9816/7/6 9820/7/6 9823/7/6
f 9820/7/6 9821/7/6 9823/7/6
f 9823/7/6 9821/7/6 9824/7/6
f 9822/7/6 9823/7/6 9824/7/6
f 9824/7/6 9821/7/6 9825/7/6
f 9822/7/6 9824/7/6 9827/7/6
f 9824/1/6 9825/1/6 9828/1/6
f 9827/7/6 9824/7/6 9828/7/6
f 9825/7/6 9821/7/6 9829/7/6
f 9828/1/6 9825/1/6 9829/1/6
f 9821/7/6 9801/7/6 9830/7/6
f 9829/7/6 9821/7/6 9830/7/6
f 9828/7/6 9829/7/6 9830/7/6
f 9827/7/6 9828/7/6 9830/7/6
f 9826/7/6 9827/7/6 9830/7/6
f 9830/7/6 9801/7/6 9831/7/6
f 9826/7/6 9830/7/6 9833/7/6
f 9830/3/6 9831/3/6 9834/3/6
f 9833/7/6 9830/7/6 9834/7/6
f 9831/7/6 9801/7/6 9835/7/6
f 9834/3/6 9831/3/6 9835/3/6
f 9833/7/6 9834/7/6 9836/7/6
f 9832/7/6 9833/7/6 9836/7/6
f 9834/7/6 9835/7/6 9836/7/6
f 9836/7/6 9835/7/6 9837/7/6
f 9832/7/6 9836/7/6 9839/7/6
f 9839/7/6 9836/7/6 9840/7/6
f 9840/7/6 9836/7/6 9841/7/6
f 9836/6/6 9837/6/6 9842/6/6
f 9841/7/6 9836/7/6 9842/7/6
f 9837/7/6 9835/7/6 9843/7/6
f 9842/6/6 9837/6/6 9843/6/6
f 9840/3/6 9841/3/6 9844/3/6
f 9838/7/6 9839/7/6 9844/7/6
f 9839/7/6 9840/7/6 9844/7/6
f 9841/7/6 9842/7/6 9845/7/6
f 9844/3/6 9841/3/6 9845/3/6
f 9842/7/6 9843/7/6 9845/7/6
f 9843/7/6 9835/7/6 9846/7/6
f 9845/7/6 9843/7/6 9846/7/6
f 9844/7/6 9845/7/6 9846/7/6
f 9846/7/6 9835/7/6 9847/7/6
f 9838/7/6 9844/7/6 9849/7/6
f 9844/7/6 9846/7/6 9849/7/6
f 9846/3/6 9847/3/6 9850/3/6
f 9849/7/6 9846/7/6 9850/7/6
f 9847/7/6 9835/7/6 9851/7/6
f 9850/3/6 9847/3/6 9851/3/6
f 9849/7/6 9850/7/6 9852/7/6
f 9848/7/6 9849/7/6 9852/7/6
f 9850/7/6 9851/7/6 9852/7/6
f 9852/7/6 9851/7/6 9853/7/6
f 9853/7/6 9851/7/6 9854/7/6
f 9854/7/6 9851/7/6 9855/7/6
f 9851/7/6 9835/7/6 9856/7/6
f 9855/7/6 9851/7/6 9856/7/6
f 9835/7/6 9801/7/6 9857/7/6
f 9856/7/6 9835/7/6 9857/7/6
f 9848/7/6 9852/7/6 9858/7/6
f 9852/1/6 9853/1/6 9858/1/6
f 9853/7/6 9854/7/6 9859/7/6
f 9858/1/6 9853/1/6 9859/1/6
f 9854/4/6 9855/4/6 9860/4/6
f 9859/7/6 9854/7/6 9860/7/6
f 9855/7/6 9856/7/6 9861/7/6
f 9860/4/6 9855/4/6 9861/4/6
f 9861/7/6 9856/7/6 9862/7/6
f 9862/7/6 9856/7/6 9863/7/6
f 9856/1/6 9857/1/6 9864/1/6
f 9863/7/6 9856/7/6 9864/7/6
f 9857/7/6 9801/7/6 9865/7/6
f 9864/1/6 9857/1/6 9865/1/6
f 9859/7/6 9860/7/6 9866/7/6
f 9858/7/6 9859/7/6 9866/7/6
f 9862/2/6 9863/2/6 9866/2/6
f 9861/7/6 9862/7/6 9866/7/6
f 9860/7/6 9861/7/6 9866/7/6
f 9864/7/6 9865/7/6 9867/7/6
f 9866/2/6 9863/2/6 9867/2/6
f 9863/7/6 9864/7/6 9867/7/6
f 9867/7/6 9865/7/6 9868/7/6
f 9868/7/6 9865/7/6 9869/7/6
f 9858/7/6 9866/7/6 9871/7/6
f 9848/7/6 9858/7/6 9871/7/6
f 9866/7/6 9867/7/6 9871/7/6
f 9867/7/6 9868/7/6 9871/7/6
f 9871/7/6 9868/7/6 9872/7/6
f 9868/6/6 9869/6/6 9873/6/6
f 9872/7/6 9868/7/6 9873/7/6
f 9869/7/6 9865/7/6 9874/7/6
f 9873/6/6 9869/6/6 9874/6/6
f 9874/7/6 9865/7/6 9875/7/6
f 9872/6/6 9873/6/6 9876/6/6
f 9871/7/6 9872/7/6 9876/7/6
f 9870/7/6 9871/7/6 9876/7/6
f 9873/7/6 9874/7/6 9877/7/6
f 9876/6/6 9873/6/6 9877/6/6
f 9874/6/6 9875/6/6 9878/6/6
f 9877/7/6 9874/7/6 9878/7/6
f 9875/7/6 9865/7/6 9879/7/6
f 9878/6/6 9875/6/6 9879/6/6
f 9877/7/6 9878/7/6 9880/7/6
f 9876/7/6 9877/7/6 9880/7/6
f 9878/7/6 9879/7/6 9880/7/6
f 9870/7/6 9876/7/6 9880/7/6
f 9880/7/6 9879/7/6 9881/7/6
f 9881/7/6 9879/7/6 9882/7/6
f 9882/7/6 9879/7/6 9883/7/6
f 9870/7/6 9880/7/6 9884/7/6
f 9880/4/6 9881/4/6 9884/4/6
f 9881/7/6 9882/7/6 9885/7/6
f 9884/4/6 9881/4/6 9885/4/6
f 9882/3/6 9883/3/6 9886/3/6
f 9885/7/6 9882/7/6 9886/7/6
f 9883/7/6 9879/7/6 9887/7/6
f 9886/3/6 9883/3/6 9887/3/6
f 9885/7/6 9886/7/6 9889/7/6
f 9884/7/6 9885/7/6 9889/7/6
f 9886/7/6 9887/7/6 9889/7/6
f 9870/7/6 9884/7/6 9889/7/6
f 9801/7/6 9785/7/6 9890/7/6
f 9888/7/6 9889/7/6 9890/7/6
f 9889/7/6 9887/7/6 9890/7/6
f 9865/7/6 9801/7/6 9890/7/6
f 9887/7/6 9879/7/6 9890/7/6
f 9879/7/6 9865/7/6 9890/7/6
f 9890/7/6 9785/7/6 9891/7/6
f 9888/7/6 9890/7/6 9892/7/6
f 9890/2/6 9891/2/6 9892/2/6
f 9891/7/6 9785/7/6 9893/7/6
f 9892/2/6 9891/2/6 9893/2/6
f 9888/7/6 9892/7/6 9894/7/6
f 9892/7/6 9893/7/6 9894/7/6
f 9894/7/6 9893/7/6 9895/7/6
f 9888/7/6 9894/7/6 9897/7/6
f 9894/6/6 9895/6/6 9898/6/6
f 9897/7/6 9894/7/6 9898/7/6
f 9895/7/6 9893/7/6 9899/7/6
f 9898/6/6 9895/6/6 9899/6/6
f 9897/7/6 9898/7/6 9900/7/6
f 9896/7/6 9897/7/6 9900/7/6
f 9898/7/6 9899/7/6 9900/7/6
f 9900/7/6 9899/7/6 9901/7/6
f 9896/7/6 9900/7/6 9903/7/6
f 9900/5/6 9901/5/6 9904/5/6
f 9903/7/6 9900/7/6 9904/7/6
f 9901/7/6 9899/7/6 9905/7/6
f 9904/5/6 9901/5/6 9905/5/6
f 9905/7/6 9899/7/6 9906/7/6
f 9906/7/6 9899/7/6 9907/7/6
f 9903/7/6 9904/7/6 9908/7/6
f 9902/7/6 9903/7/6 9908/7/6
f 9906/2/6 9907/2/6 9908/2/6
f 9905/7/6 9906/7/6 9908/7/6
f 9904/7/6 9905/7/6 9908/7/6
f 9907/7/6 9899/7/6 9909/7/6
f 9908/2/6 9907/2/6 9909/2/6
f 9902/7/6 9908/7/6 9911/7/6
f 9908/7/6 9909/7/6 9911/7/6
f 9910/7/6 9911/7/6 9913/7/6
f 9911/7/6 9909/7/6 9914/7/6
f 9913/7/6 9911/7/6 9914/7/6
f 9914/7/6 9909/7/6 9915/7/6
f 9912/7/6 9913/7/6 9916/7/6
f 9913/7/6 9914/7/6 9916/7/6
f 9916/7/6 9914/7/6 9917/7/6
f 9914/6/6 9915/6/6 9918/6/6
f 9917/7/6 9914/7/6 9918/7/6
f 9915/7/6 9909/7/6 9919/7/6
f 9918/6/6 9915/6/6 9919/6/6
f 9909/7/6 9899/7/6 9920/7/6
f 9919/7/6 9909/7/6 9920/7/6
f 9920/7/6 9899/7/6 9921/7/6
f 9912/7/6 9916/7/6 9923/7/6
f 9916/2/6 9917/2/6 9924/2/6
f 9923/7/6 9916/7/6 9924/7/6
f 9918/7/6 9919/7/6 9925/7/6
f 9924/2/6 9917/2/6 9925/2/6
f 9917/7/6 9918/7/6 9925/7/6
f 9919/7/6 9920/7/6 9925/7/6
f 9920/1/6 9921/1/6 9926/1/6
f 9925/7/6 9920/7/6 9926/7/6
f 9921/7/6 9899/7/6 9927/7/6
f 9926/1/6 9921/1/6 9927/1/6
f 9923/7/6 9924/7/6 9929/7/6
f 9922/7/6 9923/7/6 9929/7/6
f 9926/7/6 9927/7/6 9929/7/6
f 9924/7/6 9925/7/6 9929/7/6
f 9925/7/6 9926/7/6 9929/7/6
f 9929/7/6 9927/7/6 9930/7/6
f 9930/7/6 9927/7/6 9931/7/6
f 9931/7/6 9927/7/6 9932/7/6
f 9927/7/6 9899/7/6 9933/7/6
f 9932/7/6 9927/7/6 9933/7/6
f 9928/7/6 9929/7/6 9934/7/6
f 9929/7/6 9930/7/6 9934/7/6
f 9930/5/6 9931/5/6 9934/5/6
f 9931/7/6 9932/7/6 9935/7/6
f 9934/5/6 9931/5/6 9935/5/6
f 9935/7/6 9932/7/6 9936/7/6
f 9936/7/6 9932/7/6 9937/7/6
f 9932/6/6 9933/6/6 9938/6/6
f 9937/7/6 9932/7/6 9938/7/6
f 9933/7/6 9899/7/6 9939/7/6
f 9938/6/6 9933/6/6 9939/6/6
f 9936/2/6 9937/2/6 9940/2/6
f 9934/7/6 9935/7/6 9940/7/6
f 9935/7/6 9936/7/6 9940/7/6
f 9937/7/6 9938/7/6 9941/7/6
f 9940/2/6 9937/2/6 9941/2/6
f 9938/7/6 9939/7/6 9941/7/6
f 9928/7/6 9934/7/6 9943/7/6
f 9934/7/6 9940/7/6 9943/7/6
f 9940/7/6 9941/7/6 9943/7/6
f 9943/7/6 9941/7/6 9944/7/6
f 9944/7/6 9941/7/6 9945/7/6
f 9941/7/6 9939/7/6 9946/7/6
f 9945/7/6 9941/7/6 9946/7/6
f 9946/7/6 9939/7/6 9947/7/6
f 9944/6/6 9945/6/6 9948/6/6
f 9942/7/6 9943/7/6 9948/7/6
f 9943/7/6 9944/7/6 9948/7/6
f 9945/7/6 9946/7/6 9949/7/6
f 9948/6/6 9945/6/6 9949/6/6
f 9946/1/6 9947/1/6 9950/1/6
f 9949/7/6 9946/7/6 9950/7/6
f 9947/7/6 9939/7/6 9951/7/6
f 9950/1/6 9947/1/6 9951/1/6
f 9949/7/6 9950/7/6 9952/7/6
f 9948/7/6 9949/7/6 9952/7/6
f 9950/7/6 9951/7/6 9952/7/6
f 9942/7/6 9948/7/6 9952/7/6
f 9952/7/6 9951/7/6 9953/7/6
f 9942/7/6 9952/7/6 9955/7/6
f 9952/5/6 9953/5/6 9956/5/6
f 9955/7/6 9952/7/6 9956/7/6
f 9953/7/6 9951/7/6 9957/7/6
f 9956/5/6 9953/5/6 9957/5/6
f 9955/7/6 9956/7/6 9958/7/6
f 9954/7/6 9955/7/6 9958/7/6
f 9956/7/6 9957/7/6 9958/7/6
f 9958/7/6 9957/7/6 9959/7/6
f 9957/7/6 9951/7/6 9960/7/6
f 9959/7/6 9957/7/6 9960/7/6
f 9960/7/6 9951/7/6 9961/7/6
f 9958/3/6 9959/3/6 9962/3/6
f 9954/7/6 9958/7/6 9962/7/6
f 9959/7/6 9960/7/6 9963/7/6
f 9962/3/6 9959/3/6 9963/3/6
f 9960/1/6 9961/1/6 9964/1/6
f 9963/7/6 9960/7/6 9964/7/6
f 9961/7/6 9951/7/6 9965/7/6
f 9964/1/6 9961/1/6 9965/1/6
f 9963/7/6 9964/7/6 9967/7/6
f 9962/7/6 9963/7/6 9967/7/6
f 9964/7/6 9965/7/6 9967/7/6
f 9954/7/6 9962/7/6 9967/7/6
f 9966/7/6 9967/7/6 9969/7/6
f 9967/7/6 9965/7/6 9970/7/6
f 9968/7/6 9969/7/6 9970/7/6
f 9969/7/6 9967/7/6 9970/7/6
f 9970/7/6 9965/7/6 9971/7/6
f 9968/7/6 9970/7/6 9973/7/6
f 9970/2/6 9971/2/6 9974/2/6
f 9973/7/6 9970/7/6 9974/7/6
f 9971/7/6 9965/7/6 9975/7/6
f 9974/2/6 9971/2/6 9975/2/6
f 9975/7/6 9965/7/6 9976/7/6
f 9976/7/6 9965/7/6 9977/7/6
f 9973/7/6 9974/7/6 9979/7/6
f 9972/7/6 9973/7/6 9979/7/6
f 9974/7/6 9975/7/6 9979/7/6
f 9975/7/6 9976/7/6 9979/7/6
f 9979/7/6 9976/7/6 9980/7/6
f 9980/7/6 9976/7/6 9981/7/6
f 9976/4/6 9977/4/6 9982/4/6
f 9981/7/6 9976/7/6 9982/7/6
f 9977/7/6 9965/7/6 9983/7/6
f 9982/4/6 9977/4/6 9983/4/6
f 9951/7/6 9939/7/6 9984/7/6
f 9983/7/6 9965/7/6 9984/7/6
f 9965/7/6 9951/7/6 9984/7/6
f 9984/7/6 9939/7/6 9985/7/6
f 9979/7/6 9980/7/6 9986/7/6
f 9980/1/6 9981/1/6 9986/1/6
f 9978/7/6 9979/7/6 9986/7/6
f 9982/7/6 9983/7/6 9987/7/6
f 9986/1/6 9981/1/6 9987/1/6
f 9981/7/6 9982/7/6 9987/7/6
f 9983/7/6 9984/7/6 9987/7/6
f 9984/5/6 9985/5/6 9988/5/6
f 9987/7/6 9984/7/6 9988/7/6
f 9985/7/6 9939/7/6 9989/7/6
f 9988/5/6 9985/5/6 9989/5/6
f 9978/7/6 9986/7/6 9991/7/6
f 9987/7/6 9988/7/6 9991/7/6
f 9988/7/6 9989/7/6 9991/7/6
f 9986/7/6 9987/7/6 9991/7/6
f 9990/7/6 9991/7/6 9993/7/6
f 9992/7/6 9993/7/6 9995/7/6
f 9994/7/6 9995/7/6 9997/7/6
f 9996/7/6 9997/7/6 9999/7/6
f 9991/7/6 9989/7/6 10000/7/6
f 9993/7/6 9991/7/6 10000/7/6
f 9999/7/6 9997/7/6 10000/7/6
f 9995/7/6 9993/7/6 10000/7/6
f 9997/7/6 9995/7/6 10000/7/6
f 10000/7/6 9989/7/6 10001/7/6
f 9998/7/6 9999/7/6 10002/7/6
f 9999/7/6 10000/7/6 10002/7/6
f 10000/6/6 10001/6/6 10002/6/6
f 10001/7/6 9989/7/6 10003/7/6
f 10002/6/6 10001/6/6 10003/6/6
f 10003/7/6 9989/7/6 10004/7/6
f 10004/7/6 9989/7/6 10005/7/6
f 9989/7/6 9939/7/6 10006/7/6
f 10005/7/6 9989/7/6 10006/7/6
f 10006/7/6 9939/7/6 10007/7/6
f 9998/7/6 10002/7/6 10008/7/6
f 10002/7/6 10003/7/6 10008/7/6
f 10003/7/6 10004/7/6 10008/7/6
f 10008/7/6 10004/7/6 10009/7/6
f 10004/3/6 10005/3/6 10010/3/6
f 10009/7/6 10004/7/6 10010/7/6
f 10005/7/6 10006/7/6 10011/7/6
f 10010/3/6 10005/3/6 10011/3/6
f 10006/4/6 10007/4/6 10012/4/6
f 10011/7/6 10006/7/6 10012/7/6
f 10007/7/6 9939/7/6 10013/7/6
f 10012/4/6 10007/4/6 10013/4/6
f 9998/7/6 10008/7/6 10015/7/6
f 10008/1/6 10009/1/6 10016/1/6
f 10015/7/6 10008/7/6 10016/7/6
f 10011/7/6 10012/7/6 10017/7/6
f 10016/1/6 10009/1/6 10017/1/6
f 10010/7/6 10011/7/6 10017/7/6
f 10009/7/6 10010/7/6 10017/7/6
f 10012/7/6 10013/7/6 10017/7/6
f 10017/7/6 10013/7/6 10018/7/6
f 10018/7/6 10013/7/6 10019/7/6
f 9899/7/6 9893/7/6 10020/7/6
f 10019/7/6 10013/7/6 10020/7/6
f 9939/7/6 9899/7/6 10020/7/6
f 10013/7/6 9939/7/6 10020/7/6
f 9893/7/6 9785/7/6 10021/7/6
f 10020/7/6 9893/7/6 10021/7/6
f 10018/3/6 10019/3/6 10022/3/6
f 10014/7/6 10015/7/6 10022/7/6
f 10017/7/6 10018/7/6 10022/7/6
f 10016/7/6 10017/7/6 10022/7/6
f 10015/7/6 10016/7/6 10022/7/6
f 10019/7/6 10020/7/6 10023/7/6
f 10022/3/6 10019/3/6 10023/3/6
f 10020/1/6 10021/1/6 10024/1/6
f 10023/7/6 10020/7/6 10024/7/6
f 10021/7/6 9785/7/6 10025/7/6
f 10024/1/6 10021/1/6 10025/1/6
f 10014/7/6 10022/7/6 10026/7/6
f 10023/7/6 10024/7/6 10026/7/6
f 10024/7/6 10025/7/6 10026/7/6
f 10022/7/6 10023/7/6 10026/7/6
f 10026/7/6 10025/7/6 10027/7/6
f 10027/7/6 10025/7/6 10028/7/6
f 10028/7/6 10025/7/6 10029/7/6
f 10029/7/6 10025/7/6 10030/7/6
f 10030/7/6 10025/7/6 10031/7/6
f 10014/7/6 10026/7/6 10033/7/6
f 10026/6/6 10027/6/6 10034/6/6
f 10033/7/6 10026/7/6 10034/7/6
f 10027/7/6 10028/7/6 10035/7/6
f 10034/6/6 10027/6/6 10035/6/6
f 10035/7/6 10028/7/6 10036/7/6
f 10036/7/6 10028/7/6 10037/7/6
f 10028/5/6 10029/5/6 10038/5/6
f 10037/7/6 10028/7/6 10038/7/6
f 10029/7/6 10030/7/6 10039/7/6
f 10038/5/6 10029/5/6 10039/5/6
f 10030/5/6 10031/5/6 10040/5/6
f 10039/7/6 10030/7/6 10040/7/6
f 10031/7/6 10025/7/6 10041/7/6
f 10040/5/6 10031/5/6 10041/5/6
f 10032/7/6 10033/7/6 10042/7/6
f 10033/7/6 10034/7/6 10042/7/6
f 10036/2/6 10037/2/6 10042/2/6
f 10035/7/6 10036/7/6 10042/7/6
f 10034/7/6 10035/7/6 10042/7/6
f 10039/7/6 10040/7/6 10043/7/6
f 10042/2/6 10037/2/6 10043/2/6
f 10040/7/6 10041/7/6 10043/7/6
f 10038/7/6 10039/7/6 10043/7/6
f 10037/7/6 10038/7/6 10043/7/6
f 10041/7/6 10025/7/6 10044/7/6
f 10043/7/6 10041/7/6 10044/7/6
f 10042/7/6 10043/7/6 10044/7/6
f 10044/7/6 10025/7/6 10045/7/6
f 10032/7/6 10042/7/6 10047/7/6
f 10042/7/6 10044/7/6 10047/7/6
f 10047/7/6 10044/7/6 10048/7/6
f 10048/7/6 10044/7/6 10049/7/6
f 10044/5/6 10045/5/6 10050/5/6
f 10049/7/6 10044/7/6 10050/7/6
f 10045/7/6 10025/7/6 10051/7/6
f 10050/5/6 10045/5/6 10051/5/6
f 10048/4/6 10049/4/6 10052/4/6
f 10046/7/6 10047/7/6 10052/7/6
f 10047/7/6 10048/7/6 10052/7/6
f 10049/7/6 10050/7/6 10053/7/6
f 10052/4/6 10049/4/6 10053/4/6
f 10050/7/6 10051/7/6 10053/7/6
f 10053/7/6 10051/7/6 10054/7/6
f 10054/7/6 10051/7/6 10055/7/6
f 10046/7/6 10052/7/6 10057/7/6
f 10052/7/6 10053/7/6 10057/7/6
f 10053/7/6 10054/7/6 10057/7/6
f 10057/7/6 10054/7/6 10058/7/6
f 10056/7/6 10057/7/6 10058/7/6
f 10058/7/6 10054/7/6 10059/7/6
f 10059/7/6 10054/7/6 10060/7/6
f 10060/7/6 10054/7/6 10061/7/6
f 10054/4/6 10055/4/6 10062/4/6
f 10061/7/6 10054/7/6 10062/7/6
f 10055/7/6 10051/7/6 10063/7/6
f 10062/4/6 10055/4/6 10063/4/6
f 10056/7/6 10058/7/6 10064/7/6
f 10058/5/6 10059/5/6 10064/5/6
f 10059/7/6 10060/7/6 10065/7/6
f 10064/5/6 10059/5/6 10065/5/6
f 10060/6/6 10061/6/6 10066/6/6
f 10065/7/6 10060/7/6 10066/7/6
f 10061/7/6 10062/7/6 10067/7/6
f 10066/6/6 10061/6/6 10067/6/6
f 10062/7/6 10063/7/6 10067/7/6
f 10051/7/6 10025/7/6 10068/7/6
f 10067/7/6 10063/7/6 10068/7/6
f 10063/7/6 10051/7/6 10068/7/6
f 10068/7/6 10025/7/6 10069/7/6
f 10065/7/6 10066/7/6 10070/7/6
f 10066/7/6 10067/7/6 10070/7/6
f 10068/2/6 10069/2/6 10070/2/6
f 10067/7/6 10068/7/6 10070/7/6
f 10064/7/6 10065/7/6 10070/7/6
f 10069/7/6 10025/7/6 10071/7/6
f 10070/2/6 10069/2/6 10071/2/6
f 10064/7/6 10070/7/6 10073/7/6
f 10056/7/6 10064/7/6 10073/7/6
f 10070/7/6 10071/7/6 10073/7/6
f 10073/7/6 10071/7/6 10074/7/6
f 10072/7/6 10073/7/6 10074/7/6
f 10074/7/6 10071/7/6 10075/7/6
f 10072/7/6 10074/7/6 10076/7/6
f 10076/7/6 10074/7/6 10077/7/6
f 10077/7/6 10074/7/6 10078/7/6
f 10078/7/6 10074/7/6 10079/7/6
f 10074/1/6 10075/1/6 10080/1/6
f 10079/7/6 10074/7/6 10080/7/6
f 10075/7/6 10071/7/6 10081/7/6
f 10080/1/6 10075/1/6 10081/1/6
f 10072/7/6 10076/7/6 10082/7/6
f 10076/3/6 10077/3/6 10082/3/6
f 10077/7/6 10078/7/6 10083/7/6
f 10082/3/6 10077/3/6 10083/3/6
f 10078/2/6 10079/2/6 10084/2/6
f 10083/7/6 10078/7/6 10084/7/6
f 10079/7/6 10080/7/6 10085/7/6
f 10084/2/6 10079/2/6 10085/2/6
f 10080/7/6 10081/7/6 10085/7/6
f 10081/7/6 10071/7/6 10086/7/6
f 10085/7/6 10081/7/6 10086/7/6
f 10086/7/6 10071/7/6 10087/7/6
f 10087/7/6 10071/7/6 10088/7/6
f 10088/7/6 10071/7/6 10089/7/6
f 10083/7/6 10084/7/6 10090/7/6
f 10082/7/6 10083/7/6 10090/7/6
f 10084/7/6 10085/7/6 10090/7/6
f 10085/7/6 10086/7/6 10090/7/6
f 10090/7/6 10086/7/6 10091/7/6
f 10086/6/6 10087/6/6 10092/6/6
f 10091/7/6 10086/7/6 10092/7/6
f 10087/7/6 10088/7/6 10093/7/6
f 10092/6/6 10087/6/6 10093/6/6
f 10088/2/6 10089/2/6 10094/2/6
f 10093/7/6 10088/7/6 10094/7/6
f 10089/7/6 10071/7/6 10095/7/6
f 10094/2/6 10089/2/6 10095/2/6
f 10090/4/6 10091/4/6 10096/4/6
f 10082/7/6 10090/7/6 10096/7/6
f 10093/7/6 10094/7/6 10097/7/6
f 10096/4/6 10091/4/6 10097/4/6
f 10092/7/6 10093/7/6 10097/7/6
f 10094/7/6 10095/7/6 10097/7/6
f 10091/7/6 10092/7/6 10097/7/6
f 10082/7/6 10096/7/6 10098/7/6
f 10072/7/6 10082/7/6 10098/7/6
f 10096/7/6 10097/7/6 10098/7/6
f 10098/7/6 10097/7/6 10099/7/6
f 10072/7/6 10098/7/6 10100/7/6
f 10098/3/6 10099/3/6 10100/3/6
f 10099/7/6 10097/7/6 10101/7/6
f 10100/3/6 10099/3/6 10101/3/6
f 10097/7/6 10095/7/6 10102/7/6
f 10101/7/6 10097/7/6 10102/7/6
f 10100/7/6 10101/7/6 10102/7/6
f 10102/7/6 10095/7/6 10103/7/6
f 10100/7/6 10102/7/6 10104/7/6
f 10102/6/6 10103/6/6 10104/6/6
f 10103/7/6 10095/7/6 10105/7/6
f 10104/6/6 10103/6/6 10105/6/6
f 10105/7/6 10095/7/6 10106/7/6
f 10106/7/6 10095/7/6 10107/7/6
f 10104/7/6 10105/7/6 10108/7/6
f 10105/7/6 10106/7/6 10108/7/6
f 10108/7/6 10106/7/6 10109/7/6
f 10106/1/6 10107/1/6 10110/1/6
f 10109/7/6 10106/7/6 10110/7/6
f 10107/7/6 10095/7/6 10111/7/6
f 10110/1/6 10107/1/6 10111/1/6
f 10108/5/6 10109/5/6 10112/5/6
f 10104/7/6 10108/7/6 10112/7/6
f 10109/7/6 10110/7/6 10113/7/6
f 10112/5/6 10109/5/6 10113/5/6
f 10110/7/6 10111/7/6 10113/7/6
f 10111/7/6 10095/7/6 10114/7/6
f 10113/7/6 10111/7/6 10114/7/6
f 10112/7/6 10113/7/6 10114/7/6
f 10114/7/6 10095/7/6 10115/7/6
f 10112/7/6 10114/7/6 10116/7/6
f 10116/7/6 10114/7/6 10117/7/6
f 10114/6/6 10115/6/6 10118/6/6
f 10117/7/6 10114/7/6 10118/7/6
f 10115/7/6 10095/7/6 10119/7/6
f 10118/6/6 10115/6/6 10119/6/6
f 10072/7/6 10100/7/6 10120/7/6
f 10100/7/6 10104/7/6 10120/7/6
f 10104/7/6 10112/7/6 10120/7/6
f 10112/7/6 10116/7/6 10120/7/6
f 10120/7/6 10116/7/6 10121/7/6
f 10121/7/6 10116/7/6 10122/7/6
f 10122/7/6 10116/7/6 10123/7/6
f 10116/6/6 10117/6/6 10124/6/6
f 10123/7/6 10116/7/6 10124/7/6
f 10118/7/6 10119/7/6 10125/7/6
f 10124/6/6 10117/6/6 10125/6/6
f 10117/7/6 10118/7/6 10125/7/6
f 10122/5/6 10123/5/6 10126/5/6
f 10121/7/6 10122/7/6 10126/7/6
f 10123/7/6 10124/7/6 10127/7/6
f 10126/5/6 10123/5/6 10127/5/6
f 10124/7/6 10125/7/6 10127/7/6
f 10127/7/6 10125/7/6 10128/7/6
f 10128/7/6 10125/7/6 10129/7/6
f 10125/7/6 10119/7/6 10130/7/6
f 10129/7/6 10125/7/6 10130/7/6
f 10130/7/6 10119/7/6 10131/7/6
f 10131/7/6 10119/7/6 10132/7/6
f 10132/7/6 10119/7/6 10133/7/6
f 10133/7/6 10119/7/6 10134/7/6
f 10134/7/6 10119/7/6 10135/7/6
f 10128/2/6 10129/2/6 10136/2/6
f 10126/7/6 10127/7/6 10136/7/6
f 10127/7/6 10128/7/6 10136/7/6
f 10129/7/6 10130/7/6 10137/7/6
f 10136/2/6 10129/2/6 10137/2/6
f 10130/2/6 10131/2/6 10138/2/6
f 10137/7/6 10130/7/6 10138/7/6
f 10131/7/6 10132/7/6 10139/7/6
f 10138/2/6 10131/2/6 10139/2/6
f 10132/4/6 10133/4/6 10140/4/6
f 10139/7/6 10132/7/6 10140/7/6
f 10133/7/6 10134/7/6 10141/7/6
f 10140/4/6 10133/4/6 10141/4/6
f 10134/5/6 10135/5/6 10142/5/6
f 10141/7/6 10134/7/6 10142/7/6
f 10135/7/6 10119/7/6 10143/7/6
f 10142/5/6 10135/5/6 10143/5/6
f 10119/7/6 10095/7/6 10144/7/6
f 10143/7/6 10119/7/6 10144/7/6
f 10142/7/6 10143/7/6 10144/7/6
f 10138/7/6 10139/7/6 10144/7/6
f 10137/7/6 10138/7/6 10144/7/6
f 10136/7/6 10137/7/6 10144/7/6
f 10095/7/6 10071/7/6 10144/7/6
f 10139/7/6 10140/7/6 10144/7/6
f 10140/7/6 10141/7/6 10144/7/6
f 10141/7/6 10142/7/6 10144/7/6
f 10144/7/6 10071/7/6 10145/7/6
f 10136/7/6 10144/7/6 10146/7/6
f 10144/2/6 10145/2/6 10146/2/6
f 10145/7/6 10071/7/6 10147/7/6
f 10146/2/6 10145/2/6 10147/2/6
f 10126/7/6 10136/7/6 10148/7/6
f 10121/7/6 10126/7/6 10148/7/6
f 10146/7/6 10147/7/6 10148/7/6
f 10136/7/6 10146/7/6 10148/7/6
f 10148/7/6 10147/7/6 10149/7/6
f 10025/7/6 9785/7/6 10150/7/6
f 10149/7/6 10147/7/6 10150/7/6
f 10071/7/6 10025/7/6 10150/7/6
f 10147/7/6 10071/7/6 10150/7/6
f 10150/7/6 9785/7/6 10151/7/6
f 10149/7/6 10150/7/6 10152/7/6
f 10150/5/6 10151/5/6 10152/5/6
f 10151/7/6 9785/7/6 10153/7/6
f 10152/5/6 10151/5/6 10153/5/6
f 10149/7/6 10152/7/6 10154/7/6
f 10152/7/6 10153/7/6 10154/7/6
f 10154/7/6 10153/7/6 10155/7/6
f 10155/7/6 10153/7/6 10156/7/6
f 10156/7/6 10153/7/6 10157/7/6
f 10149/7/6 10154/7/6 10158/7/6
f 10158/7/6 10154/7/6 10159/7/6
f 10154/4/6 10155/4/6 10160/4/6
f 10159/7/6 10154/7/6 10160/7/6
f 10155/7/6 10156/7/6 10161/7/6
f 10160/4/6 10155/4/6 10161/4/6
f 10156/3/6 10157/3/6 10162/3/6
f 10161/7/6 10156/7/6 10162/7/6
f 10157/7/6 10153/7/6 10163/7/6
f 10162/3/6 10157/3/6 10163/3/6
f 10163/7/6 10153/7/6 10164/7/6
f 10164/7/6 10153/7/6 10165/7/6
f 10161/7/6 10162/7/6 10166/7/6
f 10164/6/6 10165/6/6 10166/6/6
f 10163/7/6 10164/7/6 10166/7/6
f 10162/7/6 10163/7/6 10166/7/6
f 10159/7/6 10160/7/6 10166/7/6
f 10160/7/6 10161/7/6 10166/7/6
f 10165/7/6 10153/7/6 10167/7/6
f 10166/6/6 10165/6/6 10167/6/6
f 10166/7/6 10167/7/6 10168/7/6
f 10167/7/6 10153/7/6 10168/7/6
f 10168/7/6 10153/7/6 10169/7/6
f 10159/7/6 10166/7/6 10170/7/6
f 10166/7/6 10168/7/6 10170/7/6
f 10170/7/6 10168/7/6 10171/7/6
f 10168/2/6 10169/2/6 10172/2/6
f 10171/7/6 10168/7/6 10172/7/6
f 10169/7/6 10153/7/6 10173/7/6
f 10172/2/6 10169/2/6 10173/2/6
f 10171/7/6 10172/7/6 10174/7/6
f 10172/7/6 10173/7/6 10174/7/6
f 10174/7/6 10173/7/6 10175/7/6
f 10171/7/6 10174/7/6 10176/7/6
f 10174/5/6 10175/5/6 10176/5/6
f 10175/7/6 10173/7/6 10177/7/6
f 10176/5/6 10175/5/6 10177/5/6
f 10173/7/6 10153/7/6 10178/7/6
f 10177/7/6 10173/7/6 10178/7/6
f 10178/7/6 10153/7/6 10179/7/6
f 10176/7/6 10177/7/6 10180/7/6
f 10177/7/6 10178/7/6 10180/7/6
f 10178/5/6 10179/5/6 10180/5/6
f 10179/7/6 10153/7/6 10181/7/6
f 10180/5/6 10179/5/6 10181/5/6
f 10176/7/6 10180/7/6 10182/7/6
f 10171/7/6 10176/7/6 10182/7/6
f 10180/7/6 10181/7/6 10182/7/6
f 10182/7/6 10181/7/6 10183/7/6
f 10183/7/6 10181/7/6 10184/7/6
f 9785/7/6 9640/7/6 10185/7/6
f 10184/7/6 10181/7/6 10185/7/6
f 10153/7/6 9785/7/6 10185/7/6
f 10181/7/6 10153/7/6 10185/7/6
