# MagicaVoxel @ Ephtracy

# group
o 

# material
mtllib 3.mtl
usemtl palette

# normals
vn -1 0 0
vn 1 0 0
vn 0 0 1
vn 0 0 -1
vn 0 -1 0
vn 0 1 0

# texcoords
vt 0.00195312 0.5
vt 0.00976562 0.5
vt 0.0175781 0.5
vt 0.0253906 0.5
vt 0.662109 0.5
vt 0.669922 0.5
vt 0.677734 0.5
vt 0.724609 0.5
vt 0.732422 0.5
vt 0.740234 0.5
vt 0.818359 0.5

# verts
v -12.8 0 12.8
v -12.8 0 0.3
v -12.8 0 -12.8
v -12.8 0.1 12.8
v -12.8 0.1 8.1
v -12.8 0.2 8.1
v -12.8 0.2 7.1
v -12.8 0.3 7.1
v -12.8 0.3 5.7
v -12.8 0.4 5.7
v -12.8 0.4 4.3
v -12.8 0.5 4.3
v -12.8 0.5 2.7
v -12.8 0.6 2.7
v -12.8 0.6 1.5
v -12.8 0.7 1.5
v -12.8 0.7 0.3
v -12.8 0.8 0.3
v -12.8 0.8 -0.599999
v -12.8 0.9 -0.599999
v -12.8 0.9 -2
v -12.8 1 -2
v -12.8 1 -2.8
v -12.8 1.1 -2.8
v -12.8 1.1 -4.9
v -12.8 1.2 -4.9
v -12.8 1.2 -6.8
v -12.8 1.3 -6.8
v -12.8 1.3 -12.8
v -12.1 0.5 2.8
v -12.1 0.5 2.7
v -12.1 0.6 2.8
v -12.1 0.6 2.7
v -11.8 0.5 2.8
v -11.8 0.5 2.7
v -11.8 0.6 2.8
v -11.8 0.6 2.7
v -2.7 0.7 -3.2
v -2.7 0.7 -3.3
v -2.7 0.8 -3.2
v -2.7 0.8 -3.3
v -2.1 0.7 -3.1
v -2.1 0.7 -3.2
v -2.1 0.8 -3.1
v -2.1 0.8 -3.2
v -1.6 0.8 -4.1
v -1.6 0.8 -4.2
v -1.6 0.9 -4.1
v -1.6 0.9 -4.2
v -1.1 0.2 3.5
v -1.1 0.2 3.4
v -1.1 0.3 3.5
v -1.1 0.3 3.4
v -0.900001 0.8 -4
v -0.900001 0.8 -4.1
v -0.900001 0.9 -4
v -0.900001 0.9 -4.1
v -0.5 0.8 -3.9
v -0.5 0.8 -4
v -0.5 0.9 -3.9
v -0.5 0.9 -4
v -0.3 0.2 3.6
v -0.3 0.2 3.5
v -0.3 0.3 3.6
v -0.3 0.3 3.5
v 0.2 0.5 -0.4
v 0.2 0.5 -0.5
v 0.2 0.6 -0.4
v 0.2 0.6 -0.5
v 0.299999 0.2 3.6
v 0.299999 0.2 3.5
v 0.299999 0.3 3.6
v 0.299999 0.3 3.5
v 0.4 0.1 5.1
v 0.4 0.1 5
v 0.4 0.2 5.1
v 0.4 0.2 5
v 0.5 0.2 3.7
v 0.5 0.2 3.6
v 0.5 0.3 3.7
v 0.5 0.3 3.6
v 0.5 0.4 0.400001
v 0.5 0.4 0.3
v 0.5 0.5 0.400001
v 0.5 0.5 0.3
v 0.5 0.7 -3.1
v 0.5 0.7 -3.2
v 0.5 0.8 -3.1
v 0.5 0.8 -3.2
v 0.599999 0.5 -0.299999
v 0.599999 0.5 -0.4
v 0.599999 0.6 -0.299999
v 0.599999 0.6 -0.4
v 0.799999 0.2 3.8
v 0.799999 0.2 3.7
v 0.799999 0.3 3.8
v 0.799999 0.3 3.7
v 0.9 0.5 -0.2
v 0.9 0.5 -0.299999
v 0.9 0.6 -0.2
v 0.9 0.6 -0.299999
v 1.1 0.1 5.2
v 1.1 0.1 5.1
v 1.1 0.2 5.2
v 1.1 0.2 5.1
v 1.1 0.3 2.2
v 1.1 0.3 2.1
v 1.1 0.4 2.2
v 1.1 0.4 2.1
v 1.1 0.4 0.5
v 1.1 0.4 0.400001
v 1.1 0.5 0.5
v 1.1 0.5 0.400001
v 1.2 0.2 3.9
v 1.2 0.2 3.8
v 1.2 0.3 3.9
v 1.2 0.3 3.8
v 1.4 0.5 -0.0999994
v 1.4 0.5 -0.2
v 1.4 0.6 -0.0999994
v 1.4 0.6 -0.2
v 1.5 0.3 2.3
v 1.5 0.3 2.2
v 1.5 0.4 2.3
v 1.5 0.4 2.2
v 1.6 0.2 4
v 1.6 0.2 3.9
v 1.6 0.3 4
v 1.6 0.3 3.9
v 1.6 0.4 0.6
v 1.6 0.4 0.5
v 1.6 0.5 0.6
v 1.6 0.5 0.5
v 1.6 0.5 0
v 1.6 0.5 -0.0999994
v 1.6 0.6 0
v 1.6 0.6 -0.0999994
v 1.7 0.1 5.3
v 1.7 0.1 5.2
v 1.7 0.2 5.3
v 1.7 0.2 5.2
v 1.8 0.3 2.4
v 1.8 0.3 2.3
v 1.8 0.4 2.4
v 1.8 0.4 2.3
v 1.9 0.2 4.1
v 1.9 0.2 4
v 1.9 0.3 4.1
v 1.9 0.3 4
v 1.9 1.2 -9.5
v 1.9 1.2 -9.6
v 1.9 1.3 -9.5
v 1.9 1.3 -9.6
v 2.1 0.3 2.5
v 2.1 0.3 2.4
v 2.1 0.4 2.5
v 2.1 0.4 2.4
v 2.1 0.5 0.1
v 2.1 0.5 0
v 2.1 0.6 0.1
v 2.1 0.6 0
v 2.2 0.2 4.2
v 2.2 0.2 4.1
v 2.2 0.3 4.2
v 2.2 0.3 4.1
v 2.4 0.1 5.4
v 2.4 0.1 5.3
v 2.4 0.2 5.4
v 2.4 0.2 5.3
v 2.4 0.3 2.6
v 2.4 0.3 2.5
v 2.4 0.4 2.6
v 2.4 0.4 2.5
v 2.6 0.2 4.3
v 2.6 0.2 4.2
v 2.6 0.3 4.3
v 2.6 0.3 4.2
v 2.6 0.4 0.700001
v 2.6 0.4 0.6
v 2.6 0.5 0.700001
v 2.6 0.5 0.6
v 2.6 0.8 -3.8
v 2.6 0.8 -3.9
v 2.6 0.9 -3.8
v 2.6 0.9 -3.9
v 2.6 1.2 -9.4
v 2.6 1.2 -9.5
v 2.6 1.3 -9.4
v 2.6 1.3 -9.5
v 2.7 0.3 2.7
v 2.7 0.3 2.6
v 2.7 0.4 2.7
v 2.7 0.4 2.6
v 2.7 0.5 0.200001
v 2.7 0.5 0.1
v 2.7 0.6 0.200001
v 2.7 0.6 0.1
v 2.8 1.2 -9.3
v 2.8 1.2 -9.4
v 2.8 1.3 -9.3
v 2.8 1.3 -9.4
v 2.9 0.3 2.8
v 2.9 0.3 2.7
v 2.9 0.4 2.8
v 2.9 0.4 2.7
v 2.9 0.4 0.8
v 2.9 0.4 0.700001
v 2.9 0.5 0.8
v 2.9 0.5 0.700001
v 3 0.1 5.5
v 3 0.1 5.4
v 3 0.2 5.5
v 3 0.2 5.4
v 3 0.2 4.4
v 3 0.2 4.3
v 3 0.3 4.4
v 3 0.3 4.3
v 3 1.2 -9.2
v 3 1.2 -9.3
v 3 1.3 -9.2
v 3 1.3 -9.3
v 3.2 0.1 5.6
v 3.2 0.1 5.5
v 3.2 0.2 5.6
v 3.2 0.2 5.5
v 3.2 0.3 2.9
v 3.2 0.3 2.8
v 3.2 0.4 2.9
v 3.2 0.4 2.8
v 3.2 0.4 0.900001
v 3.2 0.4 0.8
v 3.2 0.5 0.900001
v 3.2 0.5 0.8
v 3.3 0.6 -1.8
v 3.3 0.6 -1.9
v 3.3 0.7 -1.8
v 3.3 0.7 -1.9
v 3.3 1.2 -9.1
v 3.3 1.2 -9.2
v 3.3 1.3 -9.1
v 3.3 1.3 -9.2
v 3.4 0.2 4.5
v 3.4 0.2 4.4
v 3.4 0.3 4.5
v 3.4 0.3 4.4
v 3.4 0.5 0.3
v 3.4 0.5 0.200001
v 3.4 0.6 0.3
v 3.4 0.6 0.200001
v 3.5 0.1 5.7
v 3.5 0.1 5.6
v 3.5 0.2 5.7
v 3.5 0.2 5.6
v 3.5 0.3 3
v 3.5 0.3 2.9
v 3.5 0.4 3
v 3.5 0.4 2.9
v 3.6 0.4 1
v 3.6 0.4 0.900001
v 3.6 0.5 1
v 3.6 0.5 0.900001
v 3.7 0.3 3.1
v 3.7 0.3 3
v 3.7 0.4 3.1
v 3.7 0.4 3
v 3.8 0.2 4.6
v 3.8 0.2 4.5
v 3.8 0.3 4.6
v 3.8 0.3 4.5
v 3.9 0.1 5.8
v 3.9 0.1 5.7
v 3.9 0.2 5.8
v 3.9 0.2 5.7
v 3.9 0.3 3.2
v 3.9 0.3 3.1
v 3.9 0.4 3.2
v 3.9 0.4 3.1
v 3.9 0.6 -1.7
v 3.9 0.6 -1.8
v 3.9 0.7 -1.7
v 3.9 0.7 -1.8
v 3.9 0.7 -3.1
v 3.9 0.7 -3.2
v 3.9 0.8 -3.1
v 3.9 0.8 -3.2
v 3.9 1.2 -9
v 3.9 1.2 -9.1
v 3.9 1.3 -9
v 3.9 1.3 -9.1
v 4 0.4 1.1
v 4 0.4 1
v 4 0.5 1.1
v 4 0.5 1
v 4.1 0.5 0.400001
v 4.1 0.5 0.3
v 4.1 0.6 0.400001
v 4.1 0.6 0.3
v 4.1 0.7 -3
v 4.1 0.7 -3.1
v 4.1 0.8 -3
v 4.1 0.8 -3.1
v 4.2 0.1 5.9
v 4.2 0.1 5.8
v 4.2 0.2 5.9
v 4.2 0.2 5.8
v 4.2 0.2 4.7
v 4.2 0.2 4.6
v 4.2 0.3 4.7
v 4.2 0.3 4.6
v 4.2 0.3 3.3
v 4.2 0.3 3.2
v 4.2 0.4 3.3
v 4.2 0.4 3.2
v 4.4 0.1 6
v 4.4 0.1 5.9
v 4.4 0.2 6
v 4.4 0.2 5.9
v 4.4 0.3 3.4
v 4.4 0.3 3.3
v 4.4 0.4 3.4
v 4.4 0.4 3.3
v 4.4 0.4 1.2
v 4.4 0.4 1.1
v 4.4 0.5 1.2
v 4.4 0.5 1.1
v 4.4 0.7 -2.9
v 4.4 0.7 -3
v 4.4 0.8 -2.9
v 4.4 0.8 -3
v 4.5 1.1 -7.8
v 4.5 1.1 -7.9
v 4.5 1.2 -7.8
v 4.5 1.2 -7.9
v 4.6 0.2 4.8
v 4.6 0.2 4.7
v 4.6 0.3 4.8
v 4.6 0.3 4.7
v 4.7 0.1 6.1
v 4.7 0.1 6
v 4.7 0.2 6.1
v 4.7 0.2 6
v 4.7 0.3 3.5
v 4.7 0.3 3.4
v 4.7 0.4 3.5
v 4.7 0.4 3.4
v 4.7 0.6 -1.6
v 4.7 0.6 -1.7
v 4.7 0.7 -1.6
v 4.7 0.7 -1.7
v 4.8 0.7 -2.8
v 4.8 0.7 -2.9
v 4.8 0.8 -2.8
v 4.8 0.8 -2.9
v 4.9 0.4 1.3
v 4.9 0.4 1.2
v 4.9 0.5 1.3
v 4.9 0.5 1.2
v 5 0.1 6.2
v 5 0.1 6.1
v 5 0.2 6.2
v 5 0.2 6.1
v 5 0.2 4.9
v 5 0.2 4.8
v 5 0.3 4.9
v 5 0.3 4.8
v 5 0.3 3.6
v 5 0.3 3.5
v 5 0.4 3.6
v 5 0.4 3.5
v 5 0.5 0.5
v 5 0.5 0.400001
v 5 0.6 0.5
v 5 0.6 0.400001
v 5 1.1 -7.7
v 5 1.1 -7.8
v 5 1.2 -7.7
v 5 1.2 -7.8
v 5 1.2 -8.9
v 5 1.2 -9
v 5 1.3 -8.9
v 5 1.3 -9
v 5.2 0.1 6.3
v 5.2 0.1 6.2
v 5.2 0.2 6.3
v 5.2 0.2 6.2
v 5.2 0.3 3.7
v 5.2 0.3 3.6
v 5.2 0.4 3.7
v 5.2 0.4 3.6
v 5.2 0.6 -1.5
v 5.2 0.6 -1.6
v 5.2 0.7 -1.5
v 5.2 0.7 -1.6
v 5.3 0.2 5
v 5.3 0.2 4.9
v 5.3 0.3 5
v 5.3 0.3 4.9
v 5.3 0.7 -2.7
v 5.3 0.7 -2.8
v 5.3 0.8 -2.7
v 5.3 0.8 -2.8
v 5.4 0.4 1.4
v 5.4 0.4 1.3
v 5.4 0.5 1.4
v 5.4 0.5 1.3
v 5.5 0.1 6.4
v 5.5 0.1 6.3
v 5.5 0.2 6.4
v 5.5 0.2 6.3
v 5.5 0.2 5.1
v 5.5 0.2 5
v 5.5 0.3 5.1
v 5.5 0.3 5
v 5.5 0.3 3.8
v 5.5 0.3 3.7
v 5.5 0.4 3.8
v 5.5 0.4 3.7
v 5.6 0.7 -2.6
v 5.6 0.7 -2.7
v 5.6 0.8 -2.6
v 5.6 0.8 -2.7
v 5.7 0.1 6.5
v 5.7 0.1 6.4
v 5.7 0.2 6.5
v 5.7 0.2 6.4
v 5.8 0.2 5.2
v 5.8 0.2 5.1
v 5.8 0.3 5.2
v 5.8 0.3 5.1
v 5.8 0.3 3.9
v 5.8 0.3 3.8
v 5.8 0.4 3.9
v 5.8 0.4 3.8
v 5.8 0.8 -3.7
v 5.8 0.8 -3.8
v 5.8 0.9 -3.7
v 5.8 0.9 -3.8
v 5.9 0.1 6.6
v 5.9 0.1 6.5
v 5.9 0.2 6.6
v 5.9 0.2 6.5
v 5.9 0.4 1.5
v 5.9 0.4 1.4
v 5.9 0.5 1.5
v 5.9 0.5 1.4
v 5.9 0.9 -5.1
v 5.9 0.9 -5.2
v 5.9 1 -5.1
v 5.9 1 -5.2
v 6 0.2 5.3
v 6 0.2 5.2
v 6 0.3 5.3
v 6 0.3 5.2
v 6 0.6 -1.4
v 6 0.6 -1.5
v 6 0.7 -1.4
v 6 0.7 -1.5
v 6 0.7 -2.5
v 6 0.7 -2.6
v 6 0.8 -2.5
v 6 0.8 -2.6
v 6.1 0.1 6.7
v 6.1 0.1 6.6
v 6.1 0.2 6.7
v 6.1 0.2 6.6
v 6.2 0.3 4
v 6.2 0.3 3.9
v 6.2 0.4 4
v 6.2 0.4 3.9
v 6.2 0.4 1.6
v 6.2 0.4 1.5
v 6.2 0.5 1.6
v 6.2 0.5 1.5
v 6.2 0.5 0.6
v 6.2 0.5 0.5
v 6.2 0.6 0.6
v 6.2 0.6 0.5
v 6.3 0.1 6.8
v 6.3 0.1 6.7
v 6.3 0.2 6.8
v 6.3 0.2 6.7
v 6.3 0.7 -2.4
v 6.3 0.7 -2.5
v 6.3 0.8 -2.4
v 6.3 0.8 -2.5
v 6.3 0.9 -5
v 6.3 0.9 -5.1
v 6.3 1 -5
v 6.3 1 -5.1
v 6.3 1 -7
v 6.3 1 -7.1
v 6.3 1.1 -7
v 6.3 1.1 -7.1
v 6.4 0.3 4.1
v 6.4 0.3 4
v 6.4 0.4 4.1
v 6.4 0.4 4
v 6.5 0.2 5.4
v 6.5 0.2 5.3
v 6.5 0.3 5.4
v 6.5 0.3 5.3
v 6.5 0.4 1.7
v 6.5 0.4 1.6
v 6.5 0.5 1.7
v 6.5 0.5 1.6
v 6.6 0.1 6.9
v 6.6 0.1 6.8
v 6.6 0.2 6.9
v 6.6 0.2 6.8
v 6.6 0.3 4.2
v 6.6 0.3 4.1
v 6.6 0.4 4.2
v 6.6 0.4 4.1
v 6.7 0.2 5.5
v 6.7 0.2 5.4
v 6.7 0.3 5.5
v 6.7 0.3 5.4
v 6.7 0.6 -1.3
v 6.7 0.6 -1.4
v 6.7 0.7 -1.3
v 6.7 0.7 -1.4
v 6.7 0.7 -2.3
v 6.7 0.7 -2.4
v 6.7 0.8 -2.3
v 6.7 0.8 -2.4
v 6.7 0.9 -4.9
v 6.7 0.9 -5
v 6.7 1 -4.9
v 6.7 1 -5
v 6.7 1 -6.9
v 6.7 1 -7
v 6.7 1.1 -6.9
v 6.7 1.1 -7
v 6.9 0.2 5.6
v 6.9 0.2 5.5
v 6.9 0.3 5.6
v 6.9 0.3 5.5
v 7 0.5 0.700001
v 7 0.5 0.6
v 7 0.6 0.700001
v 7 0.6 0.6
v 7.1 0.1 7
v 7.1 0.1 6.9
v 7.1 0.2 7
v 7.1 0.2 6.9
v 7.1 0.7 -2.2
v 7.1 0.7 -2.3
v 7.1 0.8 -2.2
v 7.1 0.8 -2.3
v 7.1 0.8 -3.6
v 7.1 0.8 -3.7
v 7.1 0.9 -3.6
v 7.1 0.9 -3.7
v 7.1 0.9 -4.8
v 7.1 0.9 -4.9
v 7.1 1 -4.8
v 7.1 1 -4.9
v 7.1 1 -6.8
v 7.1 1 -6.9
v 7.1 1.1 -6.8
v 7.1 1.1 -6.9
v 7.2 0.2 5.7
v 7.2 0.2 5.6
v 7.2 0.3 5.7
v 7.2 0.3 5.6
v 7.2 0.3 4.3
v 7.2 0.3 4.2
v 7.2 0.4 4.3
v 7.2 0.4 4.2
v 7.4 0.4 1.8
v 7.4 0.4 1.7
v 7.4 0.5 1.8
v 7.4 0.5 1.7
v 7.4 0.6 -1.2
v 7.4 0.6 -1.3
v 7.4 0.7 -1.2
v 7.4 0.7 -1.3
v 7.4 0.7 -2.1
v 7.4 0.7 -2.2
v 7.4 0.8 -2.1
v 7.4 0.8 -2.2
v 7.5 0.2 5.8
v 7.5 0.2 5.7
v 7.5 0.3 5.8
v 7.5 0.3 5.7
v 7.6 0.9 -4.7
v 7.6 0.9 -4.8
v 7.6 1 -4.7
v 7.6 1 -4.8
v 7.6 1 -6.7
v 7.6 1 -6.8
v 7.6 1.1 -6.7
v 7.6 1.1 -6.8
v 7.8 0.2 5.8
v 7.8 0.2 5.7
v 7.8 0.3 5.8
v 7.8 0.3 5.7
v 7.8 0.7 -2
v 7.8 0.7 -2.1
v 7.8 0.8 -2
v 7.8 0.8 -2.1
v 7.8 1 -6.6
v 7.8 1 -6.7
v 7.8 1.1 -6.6
v 7.8 1.1 -6.7
v 7.9 0.3 4.4
v 7.9 0.3 4.3
v 7.9 0.4 4.4
v 7.9 0.4 4.3
v 7.9 0.5 0.700001
v 7.9 0.5 0.6
v 7.9 0.6 0.700001
v 7.9 0.6 0.6
v 8 0.6 -1.1
v 8 0.6 -1.2
v 8 0.7 -1.1
v 8 0.7 -1.2
v 8 1 -6.5
v 8 1 -6.6
v 8 1.1 -6.5
v 8 1.1 -6.6
v 8.1 0.1 7.1
v 8.1 0.1 7
v 8.1 0.2 7.1
v 8.1 0.2 7
v 8.2 1 -6.4
v 8.2 1 -6.5
v 8.2 1.1 -6.4
v 8.2 1.1 -6.5
v 8.3 0.4 1.9
v 8.3 0.4 1.8
v 8.3 0.5 1.9
v 8.3 0.5 1.8
v 8.4 0.5 0.8
v 8.4 0.5 0.700001
v 8.4 0.6 0.8
v 8.4 0.6 0.700001
v 8.4 0.6 -1
v 8.4 0.6 -1.1
v 8.4 0.7 -1
v 8.4 0.7 -1.1
v 8.4 0.7 -1.9
v 8.4 0.7 -2
v 8.4 0.8 -1.9
v 8.4 0.8 -2
v 8.5 1 -6.3
v 8.5 1 -6.4
v 8.5 1.1 -6.3
v 8.5 1.1 -6.4
v 8.6 0.6 -0.9
v 8.6 0.6 -1
v 8.6 0.7 -0.9
v 8.6 0.7 -1
v 8.7 0.3 4.5
v 8.7 0.3 4.4
v 8.7 0.4 4.5
v 8.7 0.4 4.4
v 8.7 0.5 0.900001
v 8.7 0.5 0.8
v 8.7 0.6 0.900001
v 8.7 0.6 0.8
v 8.8 0.4 2
v 8.8 0.4 1.9
v 8.8 0.5 2
v 8.8 0.5 1.9
v 8.8 0.7 -1.8
v 8.8 0.7 -1.9
v 8.8 0.8 -1.8
v 8.8 0.8 -1.9
v 8.8 1 -6.2
v 8.8 1 -6.3
v 8.8 1.1 -6.2
v 8.8 1.1 -6.3
v 8.8 1.1 -8
v 8.8 1.1 -8.1
v 8.8 1.2 -8
v 8.8 1.2 -8.1
v 9 0.6 -0.799999
v 9 0.6 -0.9
v 9 0.7 -0.799999
v 9 0.7 -0.9
v 9.1 0.2 5.9
v 9.1 0.2 5.8
v 9.1 0.3 5.9
v 9.1 0.3 5.8
v 9.1 0.5 1
v 9.1 0.5 0.900001
v 9.1 0.6 1
v 9.1 0.6 0.900001
v 9.1 1 -6.1
v 9.1 1 -6.2
v 9.1 1.1 -6.1
v 9.1 1.1 -6.2
v 9.2 0.4 2.1
v 9.2 0.4 2
v 9.2 0.5 2.1
v 9.2 0.5 2
v 9.3 0.5 1.1
v 9.3 0.5 1
v 9.3 0.6 1.1
v 9.3 0.6 1
v 9.3 0.6 -0.7
v 9.3 0.6 -0.799999
v 9.3 0.7 -0.7
v 9.3 0.7 -0.799999
v 9.4 0.2 6
v 9.4 0.2 5.9
v 9.4 0.3 6
v 9.4 0.3 5.9
v 9.4 0.6 -0.599999
v 9.4 0.6 -0.7
v 9.4 0.7 -0.599999
v 9.4 0.7 -0.7
v 9.4 1.1 -7.9
v 9.4 1.1 -8
v 9.4 1.2 -7.9
v 9.4 1.2 -8
v 9.5 0.5 1.2
v 9.5 0.5 1.1
v 9.5 0.6 1.2
v 9.5 0.6 1.1
v 9.5 0.7 -1.7
v 9.5 0.7 -1.8
v 9.5 0.8 -1.7
v 9.5 0.8 -1.8
v 9.5 1 -6
v 9.5 1 -6.1
v 9.5 1.1 -6
v 9.5 1.1 -6.1
v 9.5 1.1 -7.8
v 9.5 1.1 -7.9
v 9.5 1.2 -7.8
v 9.5 1.2 -7.9
v 9.7 0.4 2.2
v 9.7 0.4 2.1
v 9.7 0.5 2.2
v 9.7 0.5 2.1
v 9.7 1.1 -7.7
v 9.7 1.1 -7.8
v 9.7 1.2 -7.7
v 9.7 1.2 -7.8
v 9.8 0.5 1.3
v 9.8 0.5 1.2
v 9.8 0.6 1.3
v 9.8 0.6 1.2
v 9.8 0.7 -1.6
v 9.8 0.7 -1.7
v 9.8 0.8 -1.6
v 9.8 0.8 -1.7
v 9.9 0.2 6.1
v 9.9 0.2 6
v 9.9 0.3 6.1
v 9.9 0.3 6
v 9.9 0.5 1.4
v 9.9 0.5 1.3
v 9.9 0.6 1.4
v 9.9 0.6 1.3
v 9.9 0.6 -0.5
v 9.9 0.6 -0.599999
v 9.9 0.7 -0.5
v 9.9 0.7 -0.599999
v 9.9 1.1 -7.6
v 9.9 1.1 -7.7
v 9.9 1.2 -7.6
v 9.9 1.2 -7.7
v 10 1 -5.9
v 10 1 -6
v 10 1.1 -5.9
v 10 1.1 -6
v 10 1.1 -7.5
v 10 1.1 -7.6
v 10 1.2 -7.5
v 10 1.2 -7.6
v 10.1 0.5 1.5
v 10.1 0.5 1.4
v 10.1 0.6 1.5
v 10.1 0.6 1.4
v 10.1 0.6 -0.4
v 10.1 0.6 -0.5
v 10.1 0.7 -0.4
v 10.1 0.7 -0.5
v 10.1 0.7 -1.5
v 10.1 0.7 -1.6
v 10.1 0.8 -1.5
v 10.1 0.8 -1.6
v 10.2 0.4 2.3
v 10.2 0.4 2.2
v 10.2 0.5 2.3
v 10.2 0.5 2.2
v 10.2 1.1 -7.4
v 10.2 1.1 -7.5
v 10.2 1.2 -7.4
v 10.2 1.2 -7.5
v 10.3 0.5 1.6
v 10.3 0.5 1.5
v 10.3 0.6 1.6
v 10.3 0.6 1.5
v 10.3 0.6 -0.299999
v 10.3 0.6 -0.4
v 10.3 0.7 -0.299999
v 10.3 0.7 -0.4
v 10.3 1.1 -7.3
v 10.3 1.1 -7.4
v 10.3 1.2 -7.3
v 10.3 1.2 -7.4
v 10.4 0.4 2.4
v 10.4 0.4 2.3
v 10.4 0.5 2.4
v 10.4 0.5 2.3
v 10.4 0.7 -1.4
v 10.4 0.7 -1.5
v 10.4 0.8 -1.4
v 10.4 0.8 -1.5
v 10.4 1 -5.8
v 10.4 1 -5.9
v 10.4 1.1 -5.8
v 10.4 1.1 -5.9
v 10.5 0.6 -0.2
v 10.5 0.6 -0.299999
v 10.5 0.7 -0.2
v 10.5 0.7 -0.299999
v 10.5 0.7 -1.3
v 10.5 0.7 -1.4
v 10.5 0.8 -1.3
v 10.5 0.8 -1.4
v 10.5 1.1 -7.2
v 10.5 1.1 -7.3
v 10.5 1.2 -7.2
v 10.5 1.2 -7.3
v 10.6 0.2 6.1
v 10.6 0.2 6
v 10.6 0.3 6.1
v 10.6 0.3 6
v 10.7 0.4 2.5
v 10.7 0.4 2.3
v 10.7 0.5 2.5
v 10.7 0.5 2.3
v 10.7 0.5 1.7
v 10.7 0.5 1.6
v 10.7 0.6 1.7
v 10.7 0.6 1.6
v 10.7 0.6 -0.0999994
v 10.7 0.6 -0.2
v 10.7 0.7 -0.0999994
v 10.7 0.7 -0.2
v 10.7 0.7 -1.2
v 10.7 0.7 -1.3
v 10.7 0.8 -1.2
v 10.7 0.8 -1.3
v 10.7 1 -5.7
v 10.7 1 -5.8
v 10.7 1.1 -5.7
v 10.7 1.1 -5.8
v 10.7 1.1 -7.1
v 10.7 1.1 -7.2
v 10.7 1.2 -7.1
v 10.7 1.2 -7.2
v 10.9 0.1 7.1
v 10.9 0.1 7
v 10.9 0.2 7.1
v 10.9 0.2 7
v 10.9 0.5 1.8
v 10.9 0.5 1.7
v 10.9 0.6 1.8
v 10.9 0.6 1.7
v 10.9 0.7 -1.1
v 10.9 0.7 -1.2
v 10.9 0.8 -1.1
v 10.9 0.8 -1.2
v 10.9 1.1 -7
v 10.9 1.1 -7.1
v 10.9 1.2 -7
v 10.9 1.2 -7.1
v 11 0.2 6.1
v 11 0.2 6
v 11 0.3 6.1
v 11 0.3 6
v 11 0.6 0
v 11 0.6 -0.0999994
v 11 0.7 0
v 11 0.7 -0.0999994
v 11 1.1 -6.9
v 11 1.1 -7
v 11 1.2 -6.9
v 11 1.2 -7
v 11.1 0.4 2.6
v 11.1 0.4 2.5
v 11.1 0.5 2.6
v 11.1 0.5 2.5
v 11.1 0.7 -1
v 11.1 0.7 -1.1
v 11.1 0.8 -1
v 11.1 0.8 -1.1
v 11.2 0.4 2.7
v 11.2 0.4 2.6
v 11.2 0.5 2.7
v 11.2 0.5 2.6
v 11.2 0.6 0.1
v 11.2 0.6 0
v 11.2 0.7 0.1
v 11.2 0.7 0
v 11.2 1.1 -6.8
v 11.2 1.1 -6.9
v 11.2 1.2 -6.8
v 11.2 1.2 -6.9
v 11.3 0.1 7.2
v 11.3 0.1 7.1
v 11.3 0.2 7.2
v 11.3 0.2 7.1
v 11.3 0.8 -3.8
v 11.3 0.8 -3.9
v 11.3 0.9 -3.8
v 11.3 0.9 -3.9
v 11.3 1 -5.6
v 11.3 1 -5.7
v 11.3 1.1 -5.6
v 11.3 1.1 -5.7
v 11.4 0.1 7.3
v 11.4 0.1 7.2
v 11.4 0.2 7.3
v 11.4 0.2 7.2
v 11.4 0.4 2.8
v 11.4 0.4 2.7
v 11.4 0.5 2.8
v 11.4 0.5 2.7
v 11.4 0.5 1.9
v 11.4 0.5 1.8
v 11.4 0.6 1.9
v 11.4 0.6 1.8
v 11.4 0.6 0.3
v 11.4 0.6 0.1
v 11.4 0.7 0.3
v 11.4 0.7 0.1
v 11.4 0.8 -3.7
v 11.4 0.8 -3.8
v 11.4 0.9 -3.7
v 11.4 0.9 -3.8
v 11.4 1.1 -6.7
v 11.4 1.1 -6.8
v 11.4 1.2 -6.7
v 11.4 1.2 -6.8
v 11.4 1.2 -9.6
v 11.4 1.2 -9.7
v 11.4 1.3 -9.6
v 11.4 1.3 -9.7
v 11.5 0.5 2
v 11.5 0.5 1.9
v 11.5 0.6 2
v 11.5 0.6 1.9
v 11.5 0.7 -0.9
v 11.5 0.7 -1
v 11.5 0.8 -0.9
v 11.5 0.8 -1
v 11.5 0.8 -3.6
v 11.5 0.8 -3.7
v 11.5 0.9 -3.6
v 11.5 0.9 -3.7
v 11.5 1 -5.5
v 11.5 1 -5.6
v 11.5 1.1 -5.5
v 11.5 1.1 -5.6
v 11.5 1.1 -6.6
v 11.5 1.1 -6.7
v 11.5 1.2 -6.6
v 11.5 1.2 -6.7
v 11.6 0.1 7.4
v 11.6 0.1 7.3
v 11.6 0.2 7.4
v 11.6 0.2 7.3
v 11.6 0.3 4.5
v 11.6 0.3 4.4
v 11.6 0.4 4.5
v 11.6 0.4 4.4
v 11.6 0.4 2.9
v 11.6 0.4 2.8
v 11.6 0.5 2.9
v 11.6 0.5 2.8
v 11.6 0.6 0.400001
v 11.6 0.6 0.3
v 11.6 0.7 0.400001
v 11.6 0.7 0.3
v 11.6 0.8 -3.5
v 11.6 0.8 -3.6
v 11.6 0.9 -3.5
v 11.6 0.9 -3.6
v 11.6 0.9 -4.6
v 11.6 0.9 -4.7
v 11.6 1 -4.6
v 11.6 1 -4.7
v 11.7 0.7 -0.799999
v 11.7 0.7 -0.9
v 11.7 0.8 -0.799999
v 11.7 0.8 -0.9
v 11.7 0.9 -4.5
v 11.7 0.9 -4.6
v 11.7 1 -4.5
v 11.7 1 -4.6
v 11.7 1.2 -9.5
v 11.7 1.2 -9.6
v 11.7 1.3 -9.5
v 11.7 1.3 -9.6
v 11.8 0.1 7.5
v 11.8 0.1 7.4
v 11.8 0.2 7.5
v 11.8 0.2 7.4
v 11.8 0.4 3
v 11.8 0.4 2.9
v 11.8 0.5 3
v 11.8 0.5 2.9
v 11.8 0.5 2.1
v 11.8 0.5 2
v 11.8 0.6 2.1
v 11.8 0.6 2
v 11.8 0.8 -3.4
v 11.8 0.8 -3.5
v 11.8 0.9 -3.4
v 11.8 0.9 -3.5
v 11.8 1.1 -6.5
v 11.8 1.1 -6.6
v 11.8 1.2 -6.5
v 11.8 1.2 -6.6
v 11.9 0.2 6.2
v 11.9 0.2 6.1
v 11.9 0.3 6.2
v 11.9 0.3 6.1
v 11.9 0.5 2.2
v 11.9 0.5 2.1
v 11.9 0.6 2.2
v 11.9 0.6 2.1
v 11.9 0.6 0.5
v 11.9 0.6 0.400001
v 11.9 0.7 0.5
v 11.9 0.7 0.400001
v 12 0.1 7.7
v 12 0.1 7.5
v 12 0.2 7.7
v 12 0.2 7.5
v 12 0.3 4.6
v 12 0.3 4.5
v 12 0.4 4.6
v 12 0.4 4.5
v 12 0.4 3.1
v 12 0.4 3
v 12 0.5 3.1
v 12 0.5 3
v 12 0.8 -3.3
v 12 0.8 -3.4
v 12 0.9 -3.3
v 12 0.9 -3.4
v 12 0.9 -4.4
v 12 0.9 -4.5
v 12 1 -4.4
v 12 1 -4.5
v 12 1 -5.4
v 12 1 -5.5
v 12 1.1 -5.4
v 12 1.1 -5.5
v 12 1.1 -6.4
v 12 1.1 -6.5
v 12 1.2 -6.4
v 12 1.2 -6.5
v 12.1 0.1 7.8
v 12.1 0.1 7.7
v 12.1 0.2 7.8
v 12.1 0.2 7.7
v 12.1 0.6 0.6
v 12.1 0.6 0.5
v 12.1 0.7 0.6
v 12.1 0.7 0.5
v 12.1 0.8 -3.2
v 12.1 0.8 -3.3
v 12.1 0.9 -3.2
v 12.1 0.9 -3.3
v 12.1 0.9 -4.3
v 12.1 0.9 -4.4
v 12.1 1 -4.3
v 12.1 1 -4.4
v 12.2 0.2 6.3
v 12.2 0.2 6.2
v 12.2 0.3 6.3
v 12.2 0.3 6.2
v 12.2 0.4 3.2
v 12.2 0.4 3.1
v 12.2 0.5 3.2
v 12.2 0.5 3.1
v 12.2 0.5 2.3
v 12.2 0.5 2.2
v 12.2 0.6 2.3
v 12.2 0.6 2.2
v 12.2 1.2 -9.4
v 12.2 1.2 -9.5
v 12.2 1.3 -9.4
v 12.2 1.3 -9.5
v 12.3 0.4 3.3
v 12.3 0.4 3.2
v 12.3 0.5 3.3
v 12.3 0.5 3.2
v 12.3 0.8 -3
v 12.3 0.8 -3.2
v 12.3 0.9 -3
v 12.3 0.9 -3.2
v 12.3 0.9 -4.2
v 12.3 0.9 -4.3
v 12.3 1 -4.2
v 12.3 1 -4.3
v 12.4 0.1 7.9
v 12.4 0.1 7.8
v 12.4 0.2 7.9
v 12.4 0.2 7.8
v 12.4 0.2 6.5
v 12.4 0.2 6.3
v 12.4 0.3 6.5
v 12.4 0.3 6.3
v 12.4 0.4 3.4
v 12.4 0.4 3.3
v 12.4 0.5 3.4
v 12.4 0.5 3.3
v 12.4 0.5 2.4
v 12.4 0.5 2.3
v 12.4 0.6 2.4
v 12.4 0.6 2.3
v 12.4 0.6 0.700001
v 12.4 0.6 0.6
v 12.4 0.7 0.700001
v 12.4 0.7 0.6
v 12.4 0.8 -2.9
v 12.4 0.8 -3
v 12.4 0.9 -2.9
v 12.4 0.9 -3
v 12.4 1.1 -6.3
v 12.4 1.1 -6.4
v 12.4 1.2 -6.3
v 12.4 1.2 -6.4
v 12.5 0.1 8
v 12.5 0.1 7.9
v 12.5 0.2 8
v 12.5 0.2 7.9
v 12.5 0.3 4.7
v 12.5 0.3 4.6
v 12.5 0.4 4.7
v 12.5 0.4 4.6
v 12.5 0.9 -4.1
v 12.5 0.9 -4.2
v 12.5 1 -4.1
v 12.5 1 -4.2
v 12.5 1 -5.3
v 12.5 1 -5.4
v 12.5 1.1 -5.3
v 12.5 1.1 -5.4
v 12.6 0.7 -0.799999
v 12.6 0.7 -0.9
v 12.6 0.8 -0.799999
v 12.6 0.8 -0.9
v 12.6 0.8 -2.8
v 12.6 0.8 -2.9
v 12.6 0.9 -2.8
v 12.6 0.9 -2.9
v 12.7 0.1 8.1
v 12.7 0.1 8
v 12.7 0.2 8.1
v 12.7 0.2 8
v 12.7 0.2 6.6
v 12.7 0.2 6.5
v 12.7 0.3 6.6
v 12.7 0.3 6.5
v 12.7 0.4 3.5
v 12.7 0.4 3.4
v 12.7 0.5 3.5
v 12.7 0.5 3.4
v 12.7 0.5 2.5
v 12.7 0.5 2.4
v 12.7 0.6 2.5
v 12.7 0.6 2.4
v 12.7 1 -5.2
v 12.7 1 -5.3
v 12.7 1.1 -5.2
v 12.7 1.1 -5.3
v -12.7 0.4 4.3
v -12.7 0.4 4.2
v -12.7 0.5 4.3
v -12.7 0.5 4.2
v -12.6 0.2 7.1
v -12.6 0.2 7
v -12.6 0.3 7.1
v -12.6 0.3 7
v -12.5 0.4 4.2
v -12.5 0.4 4.1
v -12.5 0.5 4.2
v -12.5 0.5 4.1
v -12.4 0.1 8.1
v -12.4 0.1 8
v -12.4 0.2 8.1
v -12.4 0.2 8
v -12.4 0.2 7
v -12.4 0.2 6.9
v -12.4 0.3 7
v -12.4 0.3 6.9
v -12.4 1 -2.8
v -12.4 1 -2.9
v -12.4 1.1 -2.8
v -12.4 1.1 -2.9
v -12.3 0.1 8
v -12.3 0.1 7.9
v -12.3 0.2 8
v -12.3 0.2 7.9
v -12.3 0.6 1.5
v -12.3 0.6 1.4
v -12.3 0.7 1.5
v -12.3 0.7 1.4
v -12.2 1 -2.9
v -12.2 1 -3
v -12.2 1.1 -2.9
v -12.2 1.1 -3
v -12.2 1.2 -6.8
v -12.2 1.2 -6.9
v -12.2 1.3 -6.8
v -12.2 1.3 -6.9
v -12.1 0.3 5.7
v -12.1 0.3 5.6
v -12.1 0.4 5.7
v -12.1 0.4 5.6
v -12.1 0.7 0.3
v -12.1 0.7 0.200001
v -12.1 0.8 0.3
v -12.1 0.8 0.200001
v -12.1 0.9 -2
v -12.1 0.9 -2.1
v -12.1 1 -2
v -12.1 1 -2.1
v -12 0.1 7.9
v -12 0.1 7.8
v -12 0.2 7.9
v -12 0.2 7.8
v -12 0.2 6.9
v -12 0.2 6.8
v -12 0.3 6.9
v -12 0.3 6.8
v -12 0.4 4.1
v -12 0.4 4
v -12 0.5 4.1
v -12 0.5 4
v -12 0.5 2.8
v -12 0.5 2.7
v -12 0.6 2.8
v -12 0.6 2.7
v -12 1.2 -6.9
v -12 1.2 -7
v -12 1.3 -6.9
v -12 1.3 -7
v -11.9 0.6 1.4
v -11.9 0.6 1.3
v -11.9 0.7 1.4
v -11.9 0.7 1.3
v -11.9 0.8 -0.599999
v -11.9 0.8 -0.7
v -11.9 0.9 -0.599999
v -11.9 0.9 -0.7
v -11.8 0.1 7.8
v -11.8 0.1 7.7
v -11.8 0.2 7.8
v -11.8 0.2 7.7
v -11.8 0.4 4
v -11.8 0.4 3.9
v -11.8 0.5 4
v -11.8 0.5 3.9
v -11.8 1 -3
v -11.8 1 -3.1
v -11.8 1.1 -3
v -11.8 1.1 -3.1
v -11.7 0.2 6.8
v -11.7 0.2 6.7
v -11.7 0.3 6.8
v -11.7 0.3 6.7
v -11.7 0.3 5.6
v -11.7 0.3 5.5
v -11.7 0.4 5.6
v -11.7 0.4 5.5
v -11.7 1.1 -4.9
v -11.7 1.1 -5
v -11.7 1.2 -4.9
v -11.7 1.2 -5
v -11.6 0.9 -2.1
v -11.6 0.9 -2.2
v -11.6 1 -2.1
v -11.6 1 -2.2
v -11.6 1.2 -7
v -11.6 1.2 -7.1
v -11.6 1.3 -7
v -11.6 1.3 -7.1
v -11.5 0.1 7.7
v -11.5 0.1 7.6
v -11.5 0.2 7.7
v -11.5 0.2 7.6
v -11.5 0.4 3.9
v -11.5 0.4 3.8
v -11.5 0.5 3.9
v -11.5 0.5 3.8
v -11.5 1 -3.1
v -11.5 1 -3.2
v -11.5 1.1 -3.1
v -11.5 1.1 -3.2
v -11.4 0.2 6.7
v -11.4 0.2 6.6
v -11.4 0.3 6.7
v -11.4 0.3 6.6
v -11.4 0.3 5.5
v -11.4 0.3 5.4
v -11.4 0.4 5.5
v -11.4 0.4 5.4
v -11.3 0.4 3.8
v -11.3 0.4 3.7
v -11.3 0.5 3.8
v -11.3 0.5 3.7
v -11.3 0.6 1.3
v -11.3 0.6 1.2
v -11.3 0.7 1.3
v -11.3 0.7 1.2
v -11.2 0.1 7.6
v -11.2 0.1 7.5
v -11.2 0.2 7.6
v -11.2 0.2 7.5
v -11.2 0.2 6.6
v -11.2 0.2 6.5
v -11.2 0.3 6.6
v -11.2 0.3 6.5
v -11.2 1.1 -5
v -11.2 1.1 -5.1
v -11.2 1.2 -5
v -11.2 1.2 -5.1
v -11.2 1.2 -7.1
v -11.2 1.2 -7.2
v -11.2 1.3 -7.1
v -11.2 1.3 -7.2
v -11.1 0.3 5.4
v -11.1 0.3 5.3
v -11.1 0.4 5.4
v -11.1 0.4 5.3
v -11.1 0.8 -0.7
v -11.1 0.8 -0.799999
v -11.1 0.9 -0.7
v -11.1 0.9 -0.799999
v -11.1 1 -3.2
v -11.1 1 -3.3
v -11.1 1.1 -3.2
v -11.1 1.1 -3.3
v -11 0.1 7.5
v -11 0.1 7.4
v -11 0.2 7.5
v -11 0.2 7.4
v -11 0.2 6.5
v -11 0.2 6.4
v -11 0.3 6.5
v -11 0.3 6.4
v -11 0.4 3.7
v -11 0.4 3.6
v -11 0.5 3.7
v -11 0.5 3.6
v -11 0.9 -2.2
v -11 0.9 -2.3
v -11 1 -2.2
v -11 1 -2.3
v -10.9 0.6 1.2
v -10.9 0.6 1.1
v -10.9 0.7 1.2
v -10.9 0.7 1.1
v -10.9 0.8 -0.799999
v -10.9 0.8 -0.9
v -10.9 0.9 -0.799999
v -10.9 0.9 -0.9
v -10.8 0.1 7.4
v -10.8 0.1 7.3
v -10.8 0.2 7.4
v -10.8 0.2 7.3
v -10.8 0.2 6.4
v -10.8 0.2 6.3
v -10.8 0.3 6.4
v -10.8 0.3 6.3
v -10.8 0.3 5.3
v -10.8 0.3 5.2
v -10.8 0.4 5.3
v -10.8 0.4 5.2
v -10.8 0.4 3.6
v -10.8 0.4 3.5
v -10.8 0.5 3.6
v -10.8 0.5 3.5
v -10.8 0.5 2.8
v -10.8 0.5 2.7
v -10.8 0.6 2.8
v -10.8 0.6 2.7
v -10.8 0.7 0.200001
v -10.8 0.7 0.1
v -10.8 0.8 0.200001
v -10.8 0.8 0.1
v -10.8 1.1 -5.1
v -10.8 1.1 -5.2
v -10.8 1.2 -5.1
v -10.8 1.2 -5.2
v -10.8 1.2 -7.2
v -10.8 1.2 -7.3
v -10.8 1.3 -7.2
v -10.8 1.3 -7.3
v -10.7 1 -3.3
v -10.7 1 -3.4
v -10.7 1.1 -3.3
v -10.7 1.1 -3.4
v -10.6 0.2 6.3
v -10.6 0.2 6.2
v -10.6 0.3 6.3
v -10.6 0.3 6.2
v -10.6 0.4 3.5
v -10.6 0.4 3.4
v -10.6 0.5 3.5
v -10.6 0.5 3.4
v -10.6 0.6 1.1
v -10.6 0.6 1
v -10.6 0.7 1.1
v -10.6 0.7 1
v -10.6 0.8 -0.9
v -10.6 0.8 -1
v -10.6 0.9 -0.9
v -10.6 0.9 -1
v -10.5 0.3 5.2
v -10.5 0.3 5.1
v -10.5 0.4 5.2
v -10.5 0.4 5.1
v -10.5 0.9 -2.3
v -10.5 0.9 -2.4
v -10.5 1 -2.3
v -10.5 1 -2.4
v -10.4 0.1 7.3
v -10.4 0.1 7.2
v -10.4 0.2 7.3
v -10.4 0.2 7.2
v -10.4 0.2 6.2
v -10.4 0.2 6.1
v -10.4 0.3 6.2
v -10.4 0.3 6.1
v -10.4 0.4 3.4
v -10.4 0.4 3.3
v -10.4 0.5 3.4
v -10.4 0.5 3.3
v -10.4 0.5 2.7
v -10.4 0.5 2.6
v -10.4 0.6 2.7
v -10.4 0.6 2.6
v -10.4 0.7 0.1
v -10.4 0.7 0
v -10.4 0.8 0.1
v -10.4 0.8 0
v -10.4 1 -3.4
v -10.4 1 -3.5
v -10.4 1.1 -3.4
v -10.4 1.1 -3.5
v -10.3 0.9 -2.4
v -10.3 0.9 -2.5
v -10.3 1 -2.4
v -10.3 1 -2.5
v -10.2 0.1 7.2
v -10.2 0.1 7.1
v -10.2 0.2 7.2
v -10.2 0.2 7.1
v -10.2 0.2 6.1
v -10.2 0.2 6
v -10.2 0.3 6.1
v -10.2 0.3 6
v -10.2 0.3 5.1
v -10.2 0.3 5
v -10.2 0.4 5.1
v -10.2 0.4 5
v -10.2 0.4 3.3
v -10.2 0.4 3.2
v -10.2 0.5 3.3
v -10.2 0.5 3.2
v -10.2 0.7 0
v -10.2 0.7 -0.0999994
v -10.2 0.8 0
v -10.2 0.8 -0.0999994
v -10.2 0.8 -1
v -10.2 0.8 -1.1
v -10.2 0.9 -1
v -10.2 0.9 -1.1
v -10.2 1.2 -7.3
v -10.2 1.2 -7.4
v -10.2 1.3 -7.3
v -10.2 1.3 -7.4
v -10.1 0.5 2.6
v -10.1 0.5 2.5
v -10.1 0.6 2.6
v -10.1 0.6 2.5
v -10.1 1.1 -5.2
v -10.1 1.1 -5.3
v -10.1 1.2 -5.2
v -10.1 1.2 -5.3
v -10 0.1 7.1
v -10 0.1 7
v -10 0.2 7.1
v -10 0.2 7
v -10 0.2 6
v -10 0.2 5.9
v -10 0.3 6
v -10 0.3 5.9
v -10 0.4 3.2
v -10 0.4 3.1
v -10 0.5 3.2
v -10 0.5 3.1
v -10 0.6 1
v -10 0.6 0.900001
v -10 0.7 1
v -10 0.7 0.900001
v -10 0.8 -1.1
v -10 0.8 -1.2
v -10 0.9 -1.1
v -10 0.9 -1.2
v -10 0.9 -2.5
v -10 0.9 -2.6
v -10 1 -2.5
v -10 1 -2.6
v -10 1 -3.5
v -10 1 -3.6
v -10 1.1 -3.5
v -10 1.1 -3.6
v -9.9 0.3 5
v -9.9 0.3 4.9
v -9.9 0.4 5
v -9.9 0.4 4.9
v -9.9 1.1 -5.3
v -9.9 1.1 -5.4
v -9.9 1.2 -5.3
v -9.9 1.2 -5.4
v -9.8 0.1 7
v -9.8 0.1 6.9
v -9.8 0.2 7
v -9.8 0.2 6.9
v -9.8 0.2 5.9
v -9.8 0.2 5.8
v -9.8 0.3 5.9
v -9.8 0.3 5.8
v -9.8 0.4 3.1
v -9.8 0.4 3
v -9.8 0.5 3.1
v -9.8 0.5 3
v -9.8 0.8 -1.2
v -9.8 0.8 -1.3
v -9.8 0.9 -1.2
v -9.8 0.9 -1.3
v -9.7 0.3 4.9
v -9.7 0.3 4.8
v -9.7 0.4 4.9
v -9.7 0.4 4.8
v -9.7 0.5 2.5
v -9.7 0.5 2.4
v -9.7 0.6 2.5
v -9.7 0.6 2.4
v -9.7 0.6 0.900001
v -9.7 0.6 0.8
v -9.7 0.7 0.900001
v -9.7 0.7 0.8
v -9.7 0.7 -0.0999994
v -9.7 0.7 -0.2
v -9.7 0.8 -0.0999994
v -9.7 0.8 -0.2
v -9.7 0.9 -2.6
v -9.7 0.9 -2.7
v -9.7 1 -2.6
v -9.7 1 -2.7
v -9.6 0.1 6.9
v -9.6 0.1 6.8
v -9.6 0.2 6.9
v -9.6 0.2 6.8
v -9.6 0.2 5.8
v -9.6 0.2 5.7
v -9.6 0.3 5.8
v -9.6 0.3 5.7
v -9.6 1 -3.6
v -9.6 1 -3.7
v -9.6 1.1 -3.6
v -9.6 1.1 -3.7
v -9.5 0.3 4.8
v -9.5 0.3 4.7
v -9.5 0.4 4.8
v -9.5 0.4 4.7
v -9.5 0.4 3
v -9.5 0.4 2.9
v -9.5 0.5 3
v -9.5 0.5 2.9
v -9.5 0.8 -1.3
v -9.5 0.8 -1.4
v -9.5 0.9 -1.3
v -9.5 0.9 -1.4
v -9.4 0.1 6.8
v -9.4 0.1 6.7
v -9.4 0.2 6.8
v -9.4 0.2 6.7
v -9.4 0.2 5.7
v -9.4 0.2 5.6
v -9.4 0.3 5.7
v -9.4 0.3 5.6
v -9.4 0.5 2.4
v -9.4 0.5 2.3
v -9.4 0.6 2.4
v -9.4 0.6 2.3
v -9.4 0.9 -2.7
v -9.4 0.9 -2.8
v -9.4 1 -2.7
v -9.4 1 -2.8
v -9.4 1 -3.7
v -9.4 1 -3.8
v -9.4 1.1 -3.7
v -9.4 1.1 -3.8
v -9.3 0.2 5.6
v -9.3 0.2 5.5
v -9.3 0.3 5.6
v -9.3 0.3 5.5
v -9.3 0.4 2.9
v -9.3 0.4 2.8
v -9.3 0.5 2.9
v -9.3 0.5 2.8
v -9.3 0.7 -0.2
v -9.3 0.7 -0.299999
v -9.3 0.8 -0.2
v -9.3 0.8 -0.299999
v -9.3 1.1 -5.4
v -9.3 1.1 -5.5
v -9.3 1.2 -5.4
v -9.3 1.2 -5.5
v -9.2 0.1 6.7
v -9.2 0.1 6.6
v -9.2 0.2 6.7
v -9.2 0.2 6.6
v -9.2 0.3 4.7
v -9.2 0.3 4.6
v -9.2 0.4 4.7
v -9.2 0.4 4.6
v -9.2 0.5 2.3
v -9.2 0.5 2.2
v -9.2 0.6 2.3
v -9.2 0.6 2.2
v -9.2 0.8 -1.4
v -9.2 0.8 -1.5
v -9.2 0.9 -1.4
v -9.2 0.9 -1.5
v -9.2 0.9 -2.8
v -9.2 0.9 -2.9
v -9.2 1 -2.8
v -9.2 1 -2.9
v -9.2 1.2 -7.4
v -9.2 1.2 -7.5
v -9.2 1.3 -7.4
v -9.2 1.3 -7.5
v -9.1 0.4 2.8
v -9.1 0.4 2.7
v -9.1 0.5 2.8
v -9.1 0.5 2.7
v -9.1 0.6 0.8
v -9.1 0.6 0.700001
v -9.1 0.7 0.8
v -9.1 0.7 0.700001
v -9.1 0.7 -0.299999
v -9.1 0.7 -0.4
v -9.1 0.8 -0.299999
v -9.1 0.8 -0.4
v -9.1 1 -3.8
v -9.1 1 -3.9
v -9.1 1.1 -3.8
v -9.1 1.1 -3.9
v -9 0.1 6.6
v -9 0.1 6.5
v -9 0.2 6.6
v -9 0.2 6.5
v -9 0.5 2.2
v -9 0.5 2.1
v -9 0.6 2.2
v -9 0.6 2.1
v -9 0.8 -1.5
v -9 0.8 -1.6
v -9 0.9 -1.5
v -9 0.9 -1.6
v -9 0.9 -2.9
v -9 0.9 -3
v -9 1 -2.9
v -9 1 -3
v -8.9 0.2 5.5
v -8.9 0.2 5.4
v -8.9 0.3 5.5
v -8.9 0.3 5.4
v -8.9 0.3 4.6
v -8.9 0.3 4.5
v -8.9 0.4 4.6
v -8.9 0.4 4.5
v -8.8 0.4 2.7
v -8.8 0.4 2.6
v -8.8 0.5 2.7
v -8.8 0.5 2.6
v -8.8 0.5 2.1
v -8.8 0.5 2
v -8.8 0.6 2.1
v -8.8 0.6 2
v -8.8 0.8 -1.6
v -8.8 0.8 -1.7
v -8.8 0.9 -1.6
v -8.8 0.9 -1.7
v -8.8 0.9 -3
v -8.8 0.9 -3.1
v -8.8 1 -3
v -8.8 1 -3.1
v -8.7 0.1 6.5
v -8.7 0.1 6.4
v -8.7 0.2 6.5
v -8.7 0.2 6.4
v -8.7 0.7 -0.4
v -8.7 0.7 -0.599999
v -8.7 0.8 -0.4
v -8.7 0.8 -0.599999
v -8.7 1 -3.9
v -8.7 1 -4
v -8.7 1.1 -3.9
v -8.7 1.1 -4
v -8.7 1.1 -5.5
v -8.7 1.1 -5.6
v -8.7 1.2 -5.5
v -8.7 1.2 -5.6
v -8.6 0.2 5.4
v -8.6 0.2 5.3
v -8.6 0.3 5.4
v -8.6 0.3 5.3
v -8.6 0.3 4.5
v -8.6 0.3 4.4
v -8.6 0.4 4.5
v -8.6 0.4 4.4
v -8.6 0.4 2.6
v -8.6 0.4 2.5
v -8.6 0.5 2.6
v -8.6 0.5 2.5
v -8.6 0.5 2
v -8.6 0.5 1.9
v -8.6 0.6 2
v -8.6 0.6 1.9
v -8.6 0.7 -0.599999
v -8.6 0.7 -0.7
v -8.6 0.8 -0.599999
v -8.6 0.8 -0.7
v -8.6 0.8 -1.7
v -8.6 0.8 -1.8
v -8.6 0.9 -1.7
v -8.6 0.9 -1.8
v -8.6 0.9 -3.1
v -8.6 0.9 -3.2
v -8.6 1 -3.1
v -8.6 1 -3.2
v -8.5 0.1 6.4
v -8.5 0.1 6.3
v -8.5 0.2 6.4
v -8.5 0.2 6.3
v -8.5 0.6 0.700001
v -8.5 0.6 0.6
v -8.5 0.7 0.700001
v -8.5 0.7 0.6
v -8.4 0.2 5.3
v -8.4 0.2 5.2
v -8.4 0.3 5.3
v -8.4 0.3 5.2
v -8.4 0.4 2.5
v -8.4 0.4 2.4
v -8.4 0.5 2.5
v -8.4 0.5 2.4
v -8.4 0.5 1.9
v -8.4 0.5 1.8
v -8.4 0.6 1.9
v -8.4 0.6 1.8
v -8.4 0.7 -0.7
v -8.4 0.7 -0.799999
v -8.4 0.8 -0.7
v -8.4 0.8 -0.799999
v -8.4 0.8 -1.8
v -8.4 0.8 -1.9
v -8.4 0.9 -1.8
v -8.4 0.9 -1.9
v -8.4 1 -4
v -8.4 1 -4.1
v -8.4 1.1 -4
v -8.4 1.1 -4.1
v -8.4 1.2 -7.5
v -8.4 1.2 -7.6
v -8.4 1.3 -7.5
v -8.4 1.3 -7.6
v -8.3 0.1 6.3
v -8.3 0.1 6.2
v -8.3 0.2 6.3
v -8.3 0.2 6.2
v -8.3 0.3 4.4
v -8.3 0.3 4.3
v -8.3 0.4 4.4
v -8.3 0.4 4.3
v -8.3 0.5 1.8
v -8.3 0.5 1.7
v -8.3 0.6 1.8
v -8.3 0.6 1.7
v -8.3 0.7 -0.799999
v -8.3 0.7 -0.9
v -8.3 0.8 -0.799999
v -8.3 0.8 -0.9
v -8.3 0.8 -1.9
v -8.3 0.8 -2
v -8.3 0.9 -1.9
v -8.3 0.9 -2
v -8.3 0.9 -3.2
v -8.3 0.9 -3.3
v -8.3 1 -3.2
v -8.3 1 -3.3
v -8.2 0.2 5.2
v -8.2 0.2 5.1
v -8.2 0.3 5.2
v -8.2 0.3 5.1
v -8.2 0.6 0.6
v -8.2 0.6 0.5
v -8.2 0.7 0.6
v -8.2 0.7 0.5
v -8.2 1 -4.1
v -8.2 1 -4.2
v -8.2 1.1 -4.1
v -8.2 1.1 -4.2
v -8.1 0.1 6.2
v -8.1 0.1 6.1
v -8.1 0.2 6.2
v -8.1 0.2 6.1
v -8.1 0.2 5.1
v -8.1 0.2 5
v -8.1 0.3 5.1
v -8.1 0.3 5
v -8.1 0.4 2.4
v -8.1 0.4 2.3
v -8.1 0.5 2.4
v -8.1 0.5 2.3
v -8.1 0.5 1.7
v -8.1 0.5 1.6
v -8.1 0.6 1.7
v -8.1 0.6 1.6
v -8.1 0.7 -0.9
v -8.1 0.7 -1
v -8.1 0.8 -0.9
v -8.1 0.8 -1
v -8.1 0.8 -2
v -8.1 0.8 -2.1
v -8.1 0.9 -2
v -8.1 0.9 -2.1
v -8 0.3 4.3
v -8 0.3 4.2
v -8 0.4 4.3
v -8 0.4 4.2
v -8 0.5 1.6
v -8 0.5 1.5
v -8 0.6 1.6
v -8 0.6 1.5
v -8 0.8 -2.1
v -8 0.8 -2.2
v -8 0.9 -2.1
v -8 0.9 -2.2
v -8 1.2 -7.6
v -8 1.2 -7.7
v -8 1.3 -7.6
v -8 1.3 -7.7
v -7.9 0.2 5
v -7.9 0.2 4.9
v -7.9 0.3 5
v -7.9 0.3 4.9
v -7.9 0.4 2.3
v -7.9 0.4 2.2
v -7.9 0.5 2.3
v -7.9 0.5 2.2
v -7.9 0.7 -1
v -7.9 0.7 -1.1
v -7.9 0.8 -1
v -7.9 0.8 -1.1
v -7.9 0.8 -2.2
v -7.9 0.8 -2.3
v -7.9 0.9 -2.2
v -7.9 0.9 -2.3
v -7.9 0.9 -3.3
v -7.9 0.9 -3.4
v -7.9 1 -3.3
v -7.9 1 -3.4
v -7.9 1 -4.2
v -7.9 1 -4.3
v -7.9 1.1 -4.2
v -7.9 1.1 -4.3
v -7.9 1.1 -5.6
v -7.9 1.1 -5.7
v -7.9 1.2 -5.6
v -7.9 1.2 -5.7
v -7.8 0.1 6.1
v -7.8 0.1 6
v -7.8 0.2 6.1
v -7.8 0.2 6
v -7.8 0.5 1.5
v -7.8 0.5 1.4
v -7.8 0.6 1.5
v -7.8 0.6 1.4
v -7.8 0.6 0.5
v -7.8 0.6 0.400001
v -7.8 0.7 0.5
v -7.8 0.7 0.400001
v -7.8 0.8 -2.3
v -7.8 0.8 -2.4
v -7.8 0.9 -2.3
v -7.8 0.9 -2.4
v -7.7 0.2 4.9
v -7.7 0.2 4.8
v -7.7 0.3 4.9
v -7.7 0.3 4.8
v -7.7 0.3 4.2
v -7.7 0.3 4.1
v -7.7 0.4 4.2
v -7.7 0.4 4.1
v -7.7 0.4 2.2
v -7.7 0.4 2.1
v -7.7 0.5 2.2
v -7.7 0.5 2.1
v -7.7 0.7 -1.1
v -7.7 0.7 -1.2
v -7.7 0.8 -1.1
v -7.7 0.8 -1.2
v -7.7 0.8 -2.4
v -7.7 0.8 -2.5
v -7.7 0.9 -2.4
v -7.7 0.9 -2.5
v -7.6 0.1 6
v -7.6 0.1 5.9
v -7.6 0.2 6
v -7.6 0.2 5.9
v -7.6 0.5 1.4
v -7.6 0.5 1.3
v -7.6 0.6 1.4
v -7.6 0.6 1.3
v -7.6 0.7 -1.2
v -7.6 0.7 -1.3
v -7.6 0.8 -1.2
v -7.6 0.8 -1.3
v -7.6 0.8 -2.5
v -7.6 0.8 -2.6
v -7.6 0.9 -2.5
v -7.6 0.9 -2.6
v -7.6 0.9 -3.4
v -7.6 0.9 -3.5
v -7.6 1 -3.4
v -7.6 1 -3.5
v -7.6 1.2 -7.7
v -7.6 1.2 -7.8
v -7.6 1.3 -7.7
v -7.6 1.3 -7.8
v -7.5 0.6 0.400001
v -7.5 0.6 0.3
v -7.5 0.7 0.400001
v -7.5 0.7 0.3
v -7.5 1 -4.3
v -7.5 1 -4.4
v -7.5 1.1 -4.3
v -7.5 1.1 -4.4
v -7.4 0.2 4.8
v -7.4 0.2 4.7
v -7.4 0.3 4.8
v -7.4 0.3 4.7
v -7.4 0.3 4.1
v -7.4 0.3 4
v -7.4 0.4 4.1
v -7.4 0.4 4
v -7.4 0.4 2.1
v -7.4 0.4 2
v -7.4 0.5 2.1
v -7.4 0.5 2
v -7.4 0.5 1.3
v -7.4 0.5 1.2
v -7.4 0.6 1.3
v -7.4 0.6 1.2
v -7.4 0.7 -1.3
v -7.4 0.7 -1.4
v -7.4 0.8 -1.3
v -7.4 0.8 -1.4
v -7.4 0.8 -2.6
v -7.4 0.8 -2.7
v -7.4 0.9 -2.6
v -7.4 0.9 -2.7
v -7.4 1.1 -5.7
v -7.4 1.1 -5.8
v -7.4 1.2 -5.7
v -7.4 1.2 -5.8
v -7.3 0.7 -1.4
v -7.3 0.7 -1.5
v -7.3 0.8 -1.4
v -7.3 0.8 -1.5
v -7.3 0.9 -3.5
v -7.3 0.9 -3.6
v -7.3 1 -3.5
v -7.3 1 -3.6
v -7.2 0.1 5.9
v -7.2 0.1 5.8
v -7.2 0.2 5.9
v -7.2 0.2 5.8
v -7.2 0.3 4
v -7.2 0.3 3.9
v -7.2 0.4 4
v -7.2 0.4 3.9
v -7.2 0.4 2
v -7.2 0.4 1.9
v -7.2 0.5 2
v -7.2 0.5 1.9
v -7.2 0.5 1.2
v -7.2 0.5 1.1
v -7.2 0.6 1.2
v -7.2 0.6 1.1
v -7.2 0.6 0.3
v -7.2 0.6 0.200001
v -7.2 0.7 0.3
v -7.2 0.7 0.200001
v -7.2 0.8 -2.7
v -7.2 0.8 -2.8
v -7.2 0.9 -2.7
v -7.2 0.9 -2.8
v -7.2 1 -4.4
v -7.2 1 -4.5
v -7.2 1.1 -4.4
v -7.2 1.1 -4.5
v -7.2 1.2 -7.8
v -7.2 1.2 -7.9
v -7.2 1.3 -7.8
v -7.2 1.3 -7.9
v -7.1 0.7 -1.5
v -7.1 0.7 -1.6
v -7.1 0.8 -1.5
v -7.1 0.8 -1.6
v -7.1 0.8 -2.8
v -7.1 0.8 -2.9
v -7.1 0.9 -2.8
v -7.1 0.9 -2.9
v -7.1 0.9 -3.6
v -7.1 0.9 -3.7
v -7.1 1 -3.6
v -7.1 1 -3.7
v -7 0.1 5.8
v -7 0.1 5.7
v -7 0.2 5.8
v -7 0.2 5.7
v -7 0.2 4.7
v -7 0.2 4.6
v -7 0.3 4.7
v -7 0.3 4.6
v -7 0.4 1.9
v -7 0.4 1.8
v -7 0.5 1.9
v -7 0.5 1.8
v -7 0.5 1.1
v -7 0.5 1
v -7 0.6 1.1
v -7 0.6 1
v -7 0.6 0.200001
v -7 0.6 0.1
v -7 0.7 0.200001
v -7 0.7 0.1
v -7 0.7 -1.6
v -7 0.7 -1.7
v -7 0.8 -1.6
v -7 0.8 -1.7
v -7 0.9 -3.7
v -7 0.9 -3.8
v -7 1 -3.7
v -7 1 -3.8
v -7 1 -4.5
v -7 1 -4.6
v -7 1.1 -4.5
v -7 1.1 -4.6
v -7 1.1 -5.8
v -7 1.1 -5.9
v -7 1.2 -5.8
v -7 1.2 -5.9
v -6.9 0.3 3.9
v -6.9 0.3 3.8
v -6.9 0.4 3.9
v -6.9 0.4 3.8
v -6.9 0.8 -2.9
v -6.9 0.8 -3
v -6.9 0.9 -2.9
v -6.9 0.9 -3
v -6.8 0.4 1.8
v -6.8 0.4 1.7
v -6.8 0.5 1.8
v -6.8 0.5 1.7
v -6.8 0.6 0.1
v -6.8 0.6 0
v -6.8 0.7 0.1
v -6.8 0.7 0
v -6.8 0.7 -1.7
v -6.8 0.7 -1.8
v -6.8 0.8 -1.7
v -6.8 0.8 -1.8
v -6.8 0.9 -3.8
v -6.8 0.9 -3.9
v -6.8 1 -3.8
v -6.8 1 -3.9
v -6.8 1.2 -7.9
v -6.8 1.2 -8
v -6.8 1.3 -7.9
v -6.8 1.3 -8
v -6.7 0.2 4.6
v -6.7 0.2 4.5
v -6.7 0.3 4.6
v -6.7 0.3 4.5
v -6.7 0.5 1
v -6.7 0.5 0.900001
v -6.7 0.6 1
v -6.7 0.6 0.900001
v -6.7 0.6 0
v -6.7 0.6 -0.0999994
v -6.7 0.7 0
v -6.7 0.7 -0.0999994
v -6.7 0.8 -3
v -6.7 0.8 -3.1
v -6.7 0.9 -3
v -6.7 0.9 -3.1
v -6.6 0.1 5.7
v -6.6 0.1 5.6
v -6.6 0.2 5.7
v -6.6 0.2 5.6
v -6.6 0.3 3.8
v -6.6 0.3 3.7
v -6.6 0.4 3.8
v -6.6 0.4 3.7
v -6.6 0.4 1.7
v -6.6 0.4 1.6
v -6.6 0.5 1.7
v -6.6 0.5 1.6
v -6.6 0.9 -3.9
v -6.6 0.9 -4
v -6.6 1 -3.9
v -6.6 1 -4
v -6.6 1 -4.6
v -6.6 1 -4.7
v -6.6 1.1 -4.6
v -6.6 1.1 -4.7
v -6.5 0.2 4.5
v -6.5 0.2 4.4
v -6.5 0.3 4.5
v -6.5 0.3 4.4
v -6.5 0.5 0.900001
v -6.5 0.5 0.8
v -6.5 0.6 0.900001
v -6.5 0.6 0.8
v -6.5 0.6 -0.0999994
v -6.5 0.6 -0.2
v -6.5 0.7 -0.0999994
v -6.5 0.7 -0.2
v -6.5 0.7 -1.8
v -6.5 0.7 -1.9
v -6.5 0.8 -1.8
v -6.5 0.8 -1.9
v -6.4 0.3 3.7
v -6.4 0.3 3.6
v -6.4 0.4 3.7
v -6.4 0.4 3.6
v -6.4 0.4 1.6
v -6.4 0.4 1.5
v -6.4 0.5 1.6
v -6.4 0.5 1.5
v -6.4 0.8 -3.1
v -6.4 0.8 -3.2
v -6.4 0.9 -3.1
v -6.4 0.9 -3.2
v -6.4 1.2 -8
v -6.4 1.2 -8.1
v -6.4 1.3 -8
v -6.4 1.3 -8.1
v -6.3 0.6 -0.2
v -6.3 0.6 -0.299999
v -6.3 0.7 -0.2
v -6.3 0.7 -0.299999
v -6.3 0.7 -1.9
v -6.3 0.7 -2
v -6.3 0.8 -1.9
v -6.3 0.8 -2
v -6.3 0.9 -4
v -6.3 0.9 -4.1
v -6.3 1 -4
v -6.3 1 -4.1
v -6.3 1 -4.7
v -6.3 1 -4.8
v -6.3 1.1 -4.7
v -6.3 1.1 -4.8
v -6.2 0.1 5.6
v -6.2 0.1 5.5
v -6.2 0.2 5.6
v -6.2 0.2 5.5
v -6.2 0.2 4.4
v -6.2 0.2 4.3
v -6.2 0.3 4.4
v -6.2 0.3 4.3
v -6.2 0.3 3.6
v -6.2 0.3 3.5
v -6.2 0.4 3.6
v -6.2 0.4 3.5
v -6.2 0.5 0.8
v -6.2 0.5 0.700001
v -6.2 0.6 0.8
v -6.2 0.6 0.700001
v -6.2 0.8 -3.2
v -6.2 0.8 -3.3
v -6.2 0.9 -3.2
v -6.2 0.9 -3.3
v -6.1 0.6 -0.299999
v -6.1 0.6 -0.4
v -6.1 0.7 -0.299999
v -6.1 0.7 -0.4
v -6.1 0.7 -2
v -6.1 0.7 -2.1
v -6.1 0.8 -2
v -6.1 0.8 -2.1
v -6.1 1 -4.8
v -6.1 1 -4.9
v -6.1 1.1 -4.8
v -6.1 1.1 -4.9
v -6 0.1 5.5
v -6 0.1 5.4
v -6 0.2 5.5
v -6 0.2 5.4
v -6 0.4 1.5
v -6 0.4 1.4
v -6 0.5 1.5
v -6 0.5 1.4
v -6 0.8 -3.3
v -6 0.8 -3.4
v -6 0.9 -3.3
v -6 0.9 -3.4
v -6 0.9 -4.1
v -6 0.9 -4.2
v -6 1 -4.1
v -6 1 -4.2
v -6 1.2 -8.1
v -6 1.2 -8.2
v -6 1.3 -8.1
v -6 1.3 -8.2
v -5.9 0.2 4.3
v -5.9 0.2 4.2
v -5.9 0.3 4.3
v -5.9 0.3 4.2
v -5.9 0.3 3.5
v -5.9 0.3 3.4
v -5.9 0.4 3.5
v -5.9 0.4 3.4
v -5.9 0.5 0.700001
v -5.9 0.5 0.6
v -5.9 0.6 0.700001
v -5.9 0.6 0.6
v -5.9 0.6 -0.4
v -5.9 0.6 -0.5
v -5.9 0.7 -0.4
v -5.9 0.7 -0.5
v -5.9 0.7 -2.1
v -5.9 0.7 -2.2
v -5.9 0.8 -2.1
v -5.9 0.8 -2.2
v -5.9 1 -4.9
v -5.9 1 -5
v -5.9 1.1 -4.9
v -5.9 1.1 -5
v -5.8 0.8 -3.4
v -5.8 0.8 -3.5
v -5.8 0.9 -3.4
v -5.8 0.9 -3.5
v -5.7 0.3 3.4
v -5.7 0.3 3.3
v -5.7 0.4 3.4
v -5.7 0.4 3.3
v -5.7 0.6 -0.5
v -5.7 0.6 -0.599999
v -5.7 0.7 -0.5
v -5.7 0.7 -0.599999
v -5.7 0.7 -2.2
v -5.7 0.7 -2.3
v -5.7 0.8 -2.2
v -5.7 0.8 -2.3
v -5.7 0.9 -4.2
v -5.7 0.9 -4.3
v -5.7 1 -4.2
v -5.7 1 -4.3
v -5.7 1.1 -5.9
v -5.7 1.1 -6
v -5.7 1.2 -5.9
v -5.7 1.2 -6
v -5.7 1.2 -8.2
v -5.7 1.2 -8.3
v -5.7 1.3 -8.2
v -5.7 1.3 -8.3
v -5.6 0.2 4.2
v -5.6 0.2 4.1
v -5.6 0.3 4.2
v -5.6 0.3 4.1
v -5.6 0.8 -3.5
v -5.6 0.8 -3.6
v -5.6 0.9 -3.5
v -5.6 0.9 -3.6
v -5.5 0.3 3.3
v -5.5 0.3 3.2
v -5.5 0.4 3.3
v -5.5 0.4 3.2
v -5.5 0.4 1.4
v -5.5 0.4 1.3
v -5.5 0.5 1.4
v -5.5 0.5 1.3
v -5.5 0.5 0.6
v -5.5 0.5 0.5
v -5.5 0.6 0.6
v -5.5 0.6 0.5
v -5.5 0.6 -0.599999
v -5.5 0.6 -0.7
v -5.5 0.7 -0.599999
v -5.5 0.7 -0.7
v -5.5 0.7 -2.3
v -5.5 0.7 -2.4
v -5.5 0.8 -2.3
v -5.5 0.8 -2.4
v -5.5 1 -5
v -5.5 1 -5.1
v -5.5 1.1 -5
v -5.5 1.1 -5.1
v -5.5 1.2 -8.3
v -5.5 1.2 -8.4
v -5.5 1.3 -8.3
v -5.5 1.3 -8.4
v -5.4 0.1 5.4
v -5.4 0.1 5.3
v -5.4 0.2 5.4
v -5.4 0.2 5.3
v -5.4 0.8 -3.6
v -5.4 0.8 -3.7
v -5.4 0.9 -3.6
v -5.4 0.9 -3.7
v -5.4 1.2 -8.4
v -5.4 1.2 -8.5
v -5.4 1.3 -8.4
v -5.4 1.3 -8.5
v -5.3 0.3 3.2
v -5.3 0.3 3.1
v -5.3 0.4 3.2
v -5.3 0.4 3.1
v -5.3 0.7 -2.4
v -5.3 0.7 -2.5
v -5.3 0.8 -2.4
v -5.3 0.8 -2.5
v -5.3 0.9 -4.3
v -5.3 0.9 -4.4
v -5.3 1 -4.3
v -5.3 1 -4.4
v -5.3 1.1 -6
v -5.3 1.1 -6.1
v -5.3 1.2 -6
v -5.3 1.2 -6.1
v -5.2 0.2 4.1
v -5.2 0.2 4
v -5.2 0.3 4.1
v -5.2 0.3 4
v -5.2 0.5 0.5
v -5.2 0.5 0.400001
v -5.2 0.6 0.5
v -5.2 0.6 0.400001
v -5.2 0.6 -0.7
v -5.2 0.6 -0.799999
v -5.2 0.7 -0.7
v -5.2 0.7 -0.799999
v -5.1 0.3 3.1
v -5.1 0.3 3
v -5.1 0.4 3.1
v -5.1 0.4 3
v -5.1 0.4 1.3
v -5.1 0.4 1.2
v -5.1 0.5 1.3
v -5.1 0.5 1.2
v -5.1 0.7 -2.5
v -5.1 0.7 -2.6
v -5.1 0.8 -2.5
v -5.1 0.8 -2.6
v -5.1 0.8 -3.7
v -5.1 0.8 -3.8
v -5.1 0.9 -3.7
v -5.1 0.9 -3.8
v -5.1 1.2 -8.5
v -5.1 1.2 -8.6
v -5.1 1.3 -8.5
v -5.1 1.3 -8.6
v -5 0.2 4
v -5 0.2 3.9
v -5 0.3 4
v -5 0.3 3.9
v -5 0.5 0.400001
v -5 0.5 0.3
v -5 0.6 0.400001
v -5 0.6 0.3
v -4.9 0.6 -0.799999
v -4.9 0.6 -0.9
v -4.9 0.7 -0.799999
v -4.9 0.7 -0.9
v -4.9 0.7 -2.6
v -4.9 0.7 -2.7
v -4.9 0.8 -2.6
v -4.9 0.8 -2.7
v -4.8 0.3 3
v -4.8 0.3 2.9
v -4.8 0.4 3
v -4.8 0.4 2.9
v -4.8 0.4 1.2
v -4.8 0.4 1.1
v -4.8 0.5 1.2
v -4.8 0.5 1.1
v -4.8 0.8 -3.8
v -4.8 0.8 -3.9
v -4.8 0.9 -3.8
v -4.8 0.9 -3.9
v -4.8 1 -5.1
v -4.8 1 -5.2
v -4.8 1.1 -5.1
v -4.8 1.1 -5.2
v -4.7 0.1 5.3
v -4.7 0.1 5.2
v -4.7 0.2 5.3
v -4.7 0.2 5.2
v -4.7 0.2 3.9
v -4.7 0.2 3.8
v -4.7 0.3 3.9
v -4.7 0.3 3.8
v -4.7 0.5 0.3
v -4.7 0.5 0.200001
v -4.7 0.6 0.3
v -4.7 0.6 0.200001
v -4.7 0.6 -0.9
v -4.7 0.6 -1
v -4.7 0.7 -0.9
v -4.7 0.7 -1
v -4.6 0.7 -2.7
v -4.6 0.7 -2.8
v -4.6 0.8 -2.7
v -4.6 0.8 -2.8
v -4.6 1.2 -8.6
v -4.6 1.2 -8.7
v -4.6 1.3 -8.6
v -4.6 1.3 -8.7
v -4.5 0.4 1.1
v -4.5 0.4 1
v -4.5 0.5 1.1
v -4.5 0.5 1
v -4.5 0.9 -4.4
v -4.5 0.9 -4.5
v -4.5 1 -4.4
v -4.5 1 -4.5
v -4.4 0.5 0.200001
v -4.4 0.5 0.1
v -4.4 0.6 0.200001
v -4.4 0.6 0.1
v -4.4 0.6 -1
v -4.4 0.6 -1.1
v -4.4 0.7 -1
v -4.4 0.7 -1.1
v -4.4 0.7 -2.8
v -4.4 0.7 -2.9
v -4.4 0.8 -2.8
v -4.4 0.8 -2.9
v -4.4 1.1 -6.1
v -4.4 1.1 -6.2
v -4.4 1.2 -6.1
v -4.4 1.2 -6.2
v -4.3 0.3 2.9
v -4.3 0.3 2.8
v -4.3 0.4 2.9
v -4.3 0.4 2.8
v -4.3 0.8 -3.9
v -4.3 0.8 -4
v -4.3 0.9 -3.9
v -4.3 0.9 -4
v -4.2 0.2 3.8
v -4.2 0.2 3.7
v -4.2 0.3 3.8
v -4.2 0.3 3.7
v -4.2 0.4 1
v -4.2 0.4 0.900001
v -4.2 0.5 1
v -4.2 0.5 0.900001
v -4.2 0.7 -2.9
v -4.2 0.7 -3
v -4.2 0.8 -2.9
v -4.2 0.8 -3
v -4.1 0.6 -1.1
v -4.1 0.6 -1.2
v -4.1 0.7 -1.1
v -4.1 0.7 -1.2
v -4 0.5 0.1
v -4 0.5 0
v -4 0.6 0.1
v -4 0.6 0
v -4 0.7 -3
v -4 0.7 -3.1
v -4 0.8 -3
v -4 0.8 -3.1
v -4 1.1 -6.2
v -4 1.1 -6.3
v -4 1.2 -6.2
v -4 1.2 -6.3
v -3.9 0.3 2.8
v -3.9 0.3 2.7
v -3.9 0.4 2.8
v -3.9 0.4 2.7
v -3.9 0.6 -1.2
v -3.9 0.6 -1.3
v -3.9 0.7 -1.2
v -3.9 0.7 -1.3
v -3.9 1.2 -8.7
v -3.9 1.2 -8.8
v -3.9 1.3 -8.7
v -3.9 1.3 -8.8
v -3.8 0.4 0.900001
v -3.8 0.4 0.8
v -3.8 0.5 0.900001
v -3.8 0.5 0.8
v -3.8 0.9 -4.5
v -3.8 0.9 -4.6
v -3.8 1 -4.5
v -3.8 1 -4.6
v -3.7 0.1 5.2
v -3.7 0.1 5.1
v -3.7 0.2 5.2
v -3.7 0.2 5.1
v -3.7 0.3 2.7
v -3.7 0.3 2.6
v -3.7 0.4 2.7
v -3.7 0.4 2.6
v -3.7 0.5 0
v -3.7 0.5 -0.0999994
v -3.7 0.6 0
v -3.7 0.6 -0.0999994
v -3.7 0.7 -3.1
v -3.7 0.7 -3.2
v -3.7 0.8 -3.1
v -3.7 0.8 -3.2
v -3.7 1.1 -6.3
v -3.7 1.1 -6.4
v -3.7 1.2 -6.3
v -3.7 1.2 -6.4
v -3.6 0.2 3.7
v -3.6 0.2 3.6
v -3.6 0.3 3.7
v -3.6 0.3 3.6
v -3.6 0.6 -1.3
v -3.6 0.6 -1.4
v -3.6 0.7 -1.3
v -3.6 0.7 -1.4
v -3.6 0.8 -4
v -3.6 0.8 -4.1
v -3.6 0.9 -4
v -3.6 0.9 -4.1
v -3.4 0.7 -3.2
v -3.4 0.7 -3.3
v -3.4 0.8 -3.2
v -3.4 0.8 -3.3
v -3.3 0.2 3.6
v -3.3 0.2 3.5
v -3.3 0.3 3.6
v -3.3 0.3 3.5
v -3.3 0.4 0.8
v -3.3 0.4 0.700001
v -3.3 0.5 0.8
v -3.3 0.5 0.700001
v -3.3 1.1 -6.4
v -3.3 1.1 -6.5
v -3.3 1.2 -6.4
v -3.3 1.2 -6.5
v -3.3 1.2 -8.8
v -3.3 1.2 -8.9
v -3.3 1.3 -8.8
v -3.3 1.3 -8.9
v -3.2 0.6 -1.4
v -3.2 0.6 -1.5
v -3.2 0.7 -1.4
v -3.2 0.7 -1.5
v -3.2 0.9 -4.6
v -3.2 0.9 -4.7
v -3.2 1 -4.6
v -3.2 1 -4.7
v -3.2 1 -5.2
v -3.2 1 -5.3
v -3.2 1.1 -5.2
v -3.2 1.1 -5.3
v -3.1 0.3 2.6
v -3.1 0.3 2.5
v -3.1 0.4 2.6
v -3.1 0.4 2.5
v -3 0.2 3.5
v -3 0.2 3.4
v -3 0.3 3.5
v -3 0.3 3.4
v -3 0.5 -0.0999994
v -3 0.5 -0.2
v -3 0.6 -0.0999994
v -3 0.6 -0.2
v -3 0.8 -4.1
v -3 0.8 -4.2
v -3 0.9 -4.1
v -3 0.9 -4.2
v -2.9 1.1 -6.5
v -2.9 1.1 -6.6
v -2.9 1.2 -6.5
v -2.9 1.2 -6.6
v -2.8 0.6 -1.5
v -2.8 0.6 -1.6
v -2.8 0.7 -1.5
v -2.8 0.7 -1.6
v -2.8 1.2 -8.9
v -2.8 1.2 -9
v -2.8 1.3 -8.9
v -2.8 1.3 -9
v -2.7 0.4 0.700001
v -2.7 0.4 0.6
v -2.7 0.5 0.700001
v -2.7 0.5 0.6
v -2.6 1.1 -6.6
v -2.6 1.1 -6.7
v -2.6 1.2 -6.6
v -2.6 1.2 -6.7
v -2.5 0.5 -0.2
v -2.5 0.5 -0.299999
v -2.5 0.6 -0.2
v -2.5 0.6 -0.299999
v -2.4 0.1 5.1
v -2.4 0.1 5
v -2.4 0.2 5.1
v -2.4 0.2 5
v -2.4 0.3 2.5
v -2.4 0.3 2.4
v -2.4 0.4 2.5
v -2.4 0.4 2.4
v -2.4 1.1 -6.7
v -2.4 1.1 -6.8
v -2.4 1.2 -6.7
v -2.4 1.2 -6.8
v -2.3 1.2 -9
v -2.3 1.2 -9.1
v -2.3 1.3 -9
v -2.3 1.3 -9.1
v -2.2 0.9 -4.7
v -2.2 0.9 -4.8
v -2.2 1 -4.7
v -2.2 1 -4.8
v -2.2 1.1 -6.8
v -2.2 1.1 -6.9
v -2.2 1.2 -6.8
v -2.2 1.2 -6.9
v -2 0.3 2.4
v -2 0.3 2.3
v -2 0.4 2.4
v -2 0.4 2.3
v -1.9 1.1 -6.9
v -1.9 1.1 -7
v -1.9 1.2 -6.9
v -1.9 1.2 -7
v -1.8 0.5 -0.299999
v -1.8 0.5 -0.4
v -1.8 0.6 -0.299999
v -1.8 0.6 -0.4
v -1.7 0.4 0.6
v -1.7 0.4 0.5
v -1.7 0.5 0.6
v -1.7 0.5 0.5
v -1.7 1.1 -7
v -1.7 1.1 -7.1
v -1.7 1.2 -7
v -1.7 1.2 -7.1
v -1.6 1.2 -9.1
v -1.6 1.2 -9.2
v -1.6 1.3 -9.1
v -1.6 1.3 -9.2
v -1.5 1 -5.3
v -1.5 1 -5.4
v -1.5 1.1 -5.3
v -1.5 1.1 -5.4
v -1.5 1.1 -7.1
v -1.5 1.1 -7.2
v -1.5 1.2 -7.1
v -1.5 1.2 -7.2
v -1.4 0.6 -1.6
v -1.4 0.6 -1.7
v -1.4 0.7 -1.6
v -1.4 0.7 -1.7
v -1.4 0.7 -3.1
v -1.4 0.7 -3.2
v -1.4 0.8 -3.1
v -1.4 0.8 -3.2
v -1.2 0.4 0.5
v -1.2 0.4 0.400001
v -1.2 0.5 0.5
v -1.2 0.5 0.400001
v -1 0.3 2.3
v -1 0.3 2.2
v -1 0.4 2.3
v -1 0.4 2.2
v -1 0.5 -0.4
v -1 0.5 -0.5
v -1 0.6 -0.4
v -1 0.6 -0.5
v -0.700001 1.1 -7.2
v -0.700001 1.1 -7.3
v -0.700001 1.2 -7.2
v -0.700001 1.2 -7.3
v -0.700001 1.2 -9.2
v -0.700001 1.2 -9.3
v -0.700001 1.3 -9.2
v -0.700001 1.3 -9.3
v -0.5 1 -5.4
v -0.5 1 -5.5
v -0.5 1.1 -5.4
v -0.5 1.1 -5.5
v -0.3 1.1 -7.3
v -0.3 1.1 -7.4
v -0.3 1.2 -7.3
v -0.3 1.2 -7.4
v -0.200001 0.6 -1.7
v -0.200001 0.6 -1.8
v -0.200001 0.7 -1.7
v -0.200001 0.7 -1.8
v 0 0.4 0.400001
v 0 0.4 0.3
v 0 0.5 0.400001
v 0 0.5 0.3
v 0 1.2 -9.3
v 0 1.2 -9.4
v 0 1.3 -9.3
v 0 1.3 -9.4
v 0.0999994 0.2 3.6
v 0.0999994 0.2 3.5
v 0.0999994 0.3 3.6
v 0.0999994 0.3 3.5
v 0.0999994 0.3 2.2
v 0.0999994 0.3 2.1
v 0.0999994 0.4 2.2
v 0.0999994 0.4 2.1
v 0.0999994 1 -5.5
v 0.0999994 1 -5.6
v 0.0999994 1.1 -5.5
v 0.0999994 1.1 -5.6
v 0.0999994 1.1 -7.4
v 0.0999994 1.1 -7.5
v 0.0999994 1.2 -7.4
v 0.0999994 1.2 -7.5
v 0.299999 0.9 -4.8
v 0.299999 0.9 -4.9
v 0.299999 1 -4.8
v 0.299999 1 -4.9
v 0.299999 1.1 -7.5
v 0.299999 1.1 -7.6
v 0.299999 1.2 -7.5
v 0.299999 1.2 -7.6
v 0.4 1 -5.6
v 0.4 1 -5.7
v 0.4 1.1 -5.6
v 0.4 1.1 -5.7
v 0.599999 1.2 -9.4
v 0.599999 1.2 -9.5
v 0.599999 1.3 -9.4
v 0.599999 1.3 -9.5
v 0.799999 1 -5.7
v 0.799999 1 -5.8
v 0.799999 1.1 -5.7
v 0.799999 1.1 -5.8
v 0.799999 1.1 -7.6
v 0.799999 1.1 -7.7
v 0.799999 1.2 -7.6
v 0.799999 1.2 -7.7
v 1.1 1.2 -9.5
v 1.1 1.2 -9.6
v 1.1 1.3 -9.5
v 1.1 1.3 -9.6
v 1.2 1.1 -7.7
v 1.2 1.1 -7.8
v 1.2 1.2 -7.7
v 1.2 1.2 -7.8
v 1.3 1 -5.8
v 1.3 1 -5.9
v 1.3 1.1 -5.8
v 1.3 1.1 -5.9
v 1.8 1 -5.9
v 1.8 1 -6
v 1.8 1.1 -5.9
v 1.8 1.1 -6
v 2.1 0.9 -4.9
v 2.1 0.9 -5
v 2.1 1 -4.9
v 2.1 1 -5
v 2.4 1 -6
v 2.4 1 -6.1
v 2.4 1.1 -6
v 2.4 1.1 -6.1
v 2.4 1.1 -7.8
v 2.4 1.1 -7.9
v 2.4 1.2 -7.8
v 2.4 1.2 -7.9
v 2.5 0.6 -1.8
v 2.5 0.6 -1.9
v 2.5 0.7 -1.8
v 2.5 0.7 -1.9
v 2.6 1 -6.1
v 2.6 1 -6.2
v 2.6 1.1 -6.1
v 2.6 1.1 -6.2
v 2.7 1 -6.2
v 2.7 1 -6.3
v 2.7 1.1 -6.2
v 2.7 1.1 -6.3
v 2.9 0.7 -3.1
v 2.9 0.7 -3.2
v 2.9 0.8 -3.1
v 2.9 0.8 -3.2
v 2.9 1 -6.3
v 2.9 1 -6.4
v 2.9 1.1 -6.3
v 2.9 1.1 -6.4
v 3 0.9 -5
v 3 0.9 -5.1
v 3 1 -5
v 3 1 -5.1
v 3.2 1 -6.4
v 3.2 1 -6.5
v 3.2 1.1 -6.4
v 3.2 1.1 -6.5
v 3.6 1 -6.5
v 3.6 1 -6.6
v 3.6 1.1 -6.5
v 3.6 1.1 -6.6
v 3.9 1 -6.6
v 3.9 1 -6.7
v 3.9 1.1 -6.6
v 3.9 1.1 -6.7
v 4 0.9 -5.1
v 4 0.9 -5.2
v 4 1 -5.1
v 4 1 -5.2
v 4.1 1 -6.7
v 4.1 1 -6.8
v 4.1 1.1 -6.7
v 4.1 1.1 -6.8
v 4.3 1 -6.8
v 4.3 1 -6.9
v 4.3 1.1 -6.8
v 4.3 1.1 -6.9
v 4.5 1 -6.9
v 4.5 1 -7
v 4.5 1.1 -6.9
v 4.5 1.1 -7
v 4.8 1 -7
v 4.8 1 -7.1
v 4.8 1.1 -7
v 4.8 1.1 -7.1
v 5.5 1.2 -8.9
v 5.5 1.2 -9
v 5.5 1.3 -8.9
v 5.5 1.3 -9
v 5.8 1.2 -9
v 5.8 1.2 -9.1
v 5.8 1.3 -9
v 5.8 1.3 -9.1
v 6.3 1.1 -7.7
v 6.3 1.1 -7.8
v 6.3 1.2 -7.7
v 6.3 1.2 -7.8
v 6.5 1.1 -7.8
v 6.5 1.1 -7.9
v 6.5 1.2 -7.8
v 6.5 1.2 -7.9
v 6.6 1.2 -9.1
v 6.6 1.2 -9.2
v 6.6 1.3 -9.1
v 6.6 1.3 -9.2
v 6.9 1.1 -7.9
v 6.9 1.1 -8
v 6.9 1.2 -7.9
v 6.9 1.2 -8
v 7.3 0.5 0.700001
v 7.3 0.5 0.6
v 7.3 0.6 0.700001
v 7.3 0.6 0.6
v 7.5 1.1 -8
v 7.5 1.1 -8.1
v 7.5 1.2 -8
v 7.5 1.2 -8.1
v 7.6 0.2 5.8
v 7.6 0.2 5.7
v 7.6 0.3 5.8
v 7.6 0.3 5.7
v 7.9 1.2 -9.2
v 7.9 1.2 -9.3
v 7.9 1.3 -9.2
v 7.9 1.3 -9.3
v 9.1 0.8 -3.6
v 9.1 0.8 -3.7
v 9.1 0.9 -3.6
v 9.1 0.9 -3.7
v 9.3 1.2 -9.3
v 9.3 1.2 -9.4
v 9.3 1.3 -9.3
v 9.3 1.3 -9.4
v 9.7 1.2 -9.4
v 9.7 1.2 -9.5
v 9.7 1.3 -9.4
v 9.7 1.3 -9.5
v 9.8 0.8 -3.7
v 9.8 0.8 -3.8
v 9.8 0.9 -3.7
v 9.8 0.9 -3.8
v 9.9 1.2 -9.5
v 9.9 1.2 -9.6
v 9.9 1.3 -9.5
v 9.9 1.3 -9.6
v 10.1 1.2 -9.6
v 10.1 1.2 -9.7
v 10.1 1.3 -9.6
v 10.1 1.3 -9.7
v 10.2 0.1 7.1
v 10.2 0.1 7
v 10.2 0.2 7.1
v 10.2 0.2 7
v 10.3 0.2 6.1
v 10.3 0.2 6
v 10.3 0.3 6.1
v 10.3 0.3 6
v 10.3 0.8 -3.8
v 10.3 0.8 -3.9
v 10.3 0.9 -3.8
v 10.3 0.9 -3.9
v 10.5 0.3 4.5
v 10.5 0.3 4.4
v 10.5 0.4 4.5
v 10.5 0.4 4.4
v 10.6 0.4 2.4
v 10.6 0.4 2.3
v 10.6 0.5 2.4
v 10.6 0.5 2.3
v 10.9 0.2 6.1
v 10.9 0.2 6
v 10.9 0.3 6.1
v 10.9 0.3 6
v 12.1 0.7 -0.799999
v 12.1 0.7 -0.9
v 12.1 0.8 -0.799999
v 12.1 0.8 -0.9
v 12.8 0 12.8
v 12.8 0 -0.799999
v 12.8 0 -12.8
v 12.8 0.1 12.8
v 12.8 0.1 8.1
v 12.8 0.2 8.1
v 12.8 0.2 6.6
v 12.8 0.3 6.6
v 12.8 0.3 4.7
v 12.8 0.3 4.6
v 12.8 0.3 4.5
v 12.8 0.4 4.7
v 12.8 0.4 4.6
v 12.8 0.4 4.5
v 12.8 0.4 3.5
v 12.8 0.5 3.5
v 12.8 0.5 2.5
v 12.8 0.6 2.5
v 12.8 0.6 0.700001
v 12.8 0.7 0.700001
v 12.8 0.7 -0.799999
v 12.8 0.8 -0.799999
v 12.8 0.8 -2.8
v 12.8 0.9 -2.8
v 12.8 0.9 -4.1
v 12.8 1 -4.1
v 12.8 1 -5.2
v 12.8 1.1 -5.2
v 12.8 1.1 -6.3
v 12.8 1.2 -6.3
v 12.8 1.2 -9.4
v 12.8 1.3 -9.4
v 12.8 1.3 -12.8
v -12.8 0 12.8
v -12.8 0.1 12.8
v 12.8 0 12.8
v 12.8 0.1 12.8
v -12.8 0.1 8.1
v -12.8 0.2 8.1
v -12.4 0.1 8.1
v -12.4 0.2 8.1
v 12.7 0.1 8.1
v 12.7 0.2 8.1
v 12.8 0.1 8.1
v 12.8 0.2 8.1
v -12.4 0.1 8
v -12.4 0.2 8
v -12.3 0.1 8
v -12.3 0.2 8
v 12.5 0.1 8
v 12.5 0.2 8
v 12.7 0.1 8
v 12.7 0.2 8
v -12.3 0.1 7.9
v -12.3 0.2 7.9
v -12 0.1 7.9
v -12 0.2 7.9
v 12.4 0.1 7.9
v 12.4 0.2 7.9
v 12.5 0.1 7.9
v 12.5 0.2 7.9
v -12 0.1 7.8
v -12 0.2 7.8
v -11.8 0.1 7.8
v -11.8 0.2 7.8
v 12.1 0.1 7.8
v 12.1 0.2 7.8
v 12.4 0.1 7.8
v 12.4 0.2 7.8
v -11.8 0.1 7.7
v -11.8 0.2 7.7
v -11.5 0.1 7.7
v -11.5 0.2 7.7
v 12 0.1 7.7
v 12 0.2 7.7
v 12.1 0.1 7.7
v 12.1 0.2 7.7
v -11.5 0.1 7.6
v -11.5 0.2 7.6
v -11.2 0.1 7.6
v -11.2 0.2 7.6
v -11.2 0.1 7.5
v -11.2 0.2 7.5
v -11 0.1 7.5
v -11 0.2 7.5
v 11.8 0.1 7.5
v 11.8 0.2 7.5
v 12 0.1 7.5
v 12 0.2 7.5
v -11 0.1 7.4
v -11 0.2 7.4
v -10.8 0.1 7.4
v -10.8 0.2 7.4
v 11.6 0.1 7.4
v 11.6 0.2 7.4
v 11.8 0.1 7.4
v 11.8 0.2 7.4
v -10.8 0.1 7.3
v -10.8 0.2 7.3
v -10.4 0.1 7.3
v -10.4 0.2 7.3
v 11.4 0.1 7.3
v 11.4 0.2 7.3
v 11.6 0.1 7.3
v 11.6 0.2 7.3
v -10.4 0.1 7.2
v -10.4 0.2 7.2
v -10.2 0.1 7.2
v -10.2 0.2 7.2
v 11.3 0.1 7.2
v 11.3 0.2 7.2
v 11.4 0.1 7.2
v 11.4 0.2 7.2
v -12.8 0.2 7.1
v -12.8 0.3 7.1
v -12.6 0.2 7.1
v -12.6 0.3 7.1
v -10.2 0.1 7.1
v -10.2 0.2 7.1
v -10 0.1 7.1
v -10 0.2 7.1
v 8.1 0.1 7.1
v 8.1 0.2 7.1
v 8.7 0.1 7.1
v 8.8 0.1 7.1
v 10.2 0.1 7.1
v 10.2 0.2 7.1
v 10.9 0.1 7.1
v 10.9 0.2 7.1
v 11.3 0.1 7.1
v 11.3 0.2 7.1
v -12.6 0.2 7
v -12.6 0.3 7
v -12.4 0.2 7
v -12.4 0.3 7
v -10 0.1 7
v -10 0.2 7
v -9.8 0.1 7
v -9.8 0.2 7
v 7.1 0.1 7
v 7.1 0.2 7
v 8.1 0.1 7
v 8.1 0.2 7
v 10.2 0.1 7
v 10.2 0.2 7
v 10.9 0.1 7
v 10.9 0.2 7
v -12.4 0.2 6.9
v -12.4 0.3 6.9
v -12 0.2 6.9
v -12 0.3 6.9
v -9.8 0.1 6.9
v -9.8 0.2 6.9
v -9.6 0.1 6.9
v -9.6 0.2 6.9
v 6.6 0.1 6.9
v 6.6 0.2 6.9
v 6.7 0.1 6.9
v 6.8 0.1 6.9
v 7.1 0.1 6.9
v 7.1 0.2 6.9
v -12 0.2 6.8
v -12 0.3 6.8
v -11.7 0.2 6.8
v -11.7 0.3 6.8
v -9.6 0.1 6.8
v -9.6 0.2 6.8
v -9.4 0.1 6.8
v -9.4 0.2 6.8
v 6.3 0.1 6.8
v 6.3 0.2 6.8
v 6.6 0.1 6.8
v 6.6 0.2 6.8
v -11.7 0.2 6.7
v -11.7 0.3 6.7
v -11.4 0.2 6.7
v -11.4 0.3 6.7
v -9.4 0.1 6.7
v -9.4 0.2 6.7
v -9.2 0.1 6.7
v -9.2 0.2 6.7
v 6.1 0.1 6.7
v 6.1 0.2 6.7
v 6.3 0.1 6.7
v 6.3 0.2 6.7
v -11.4 0.2 6.6
v -11.4 0.3 6.6
v -11.2 0.2 6.6
v -11.2 0.3 6.6
v -9.2 0.1 6.6
v -9.2 0.2 6.6
v -9 0.1 6.6
v -9 0.2 6.6
v 5.9 0.1 6.6
v 5.9 0.2 6.6
v 6.1 0.1 6.6
v 6.1 0.2 6.6
v 12.7 0.2 6.6
v 12.7 0.3 6.6
v 12.8 0.2 6.6
v 12.8 0.3 6.6
v -11.2 0.2 6.5
v -11.2 0.3 6.5
v -11 0.2 6.5
v -11 0.3 6.5
v -9 0.1 6.5
v -9 0.2 6.5
v -8.7 0.1 6.5
v -8.7 0.2 6.5
v 5.7 0.1 6.5
v 5.7 0.2 6.5
v 5.9 0.1 6.5
v 5.9 0.2 6.5
v 12.4 0.2 6.5
v 12.4 0.3 6.5
v 12.7 0.2 6.5
v 12.7 0.3 6.5
v -11 0.2 6.4
v -11 0.3 6.4
v -10.8 0.2 6.4
v -10.8 0.3 6.4
v -8.7 0.1 6.4
v -8.7 0.2 6.4
v -8.5 0.1 6.4
v -8.5 0.2 6.4
v 5.5 0.1 6.4
v 5.5 0.2 6.4
v 5.7 0.1 6.4
v 5.7 0.2 6.4
v -10.8 0.2 6.3
v -10.8 0.3 6.3
v -10.6 0.2 6.3
v -10.6 0.3 6.3
v -8.5 0.1 6.3
v -8.5 0.2 6.3
v -8.3 0.1 6.3
v -8.3 0.2 6.3
v 5.2 0.1 6.3
v 5.2 0.2 6.3
v 5.5 0.1 6.3
v 5.5 0.2 6.3
v 12.2 0.2 6.3
v 12.2 0.3 6.3
v 12.4 0.2 6.3
v 12.4 0.3 6.3
v -10.6 0.2 6.2
v -10.6 0.3 6.2
v -10.4 0.2 6.2
v -10.4 0.3 6.2
v -8.3 0.1 6.2
v -8.3 0.2 6.2
v -8.1 0.1 6.2
v -8.1 0.2 6.2
v 5 0.1 6.2
v 5 0.2 6.2
v 5.2 0.1 6.2
v 5.2 0.2 6.2
v 11.9 0.2 6.2
v 11.9 0.3 6.2
v 12.2 0.2 6.2
v 12.2 0.3 6.2
v -10.4 0.2 6.1
v -10.4 0.3 6.1
v -10.2 0.2 6.1
v -10.2 0.3 6.1
v -8.1 0.1 6.1
v -8.1 0.2 6.1
v -7.8 0.1 6.1
v -7.8 0.2 6.1
v 4.7 0.1 6.1
v 4.7 0.2 6.1
v 5 0.1 6.1
v 5 0.2 6.1
v 9.9 0.2 6.1
v 9.9 0.3 6.1
v 10.3 0.2 6.1
v 10.3 0.3 6.1
v 10.6 0.2 6.1
v 10.6 0.3 6.1
v 10.9 0.2 6.1
v 10.9 0.3 6.1
v 11 0.2 6.1
v 11 0.3 6.1
v 11.9 0.2 6.1
v 11.9 0.3 6.1
v -10.2 0.2 6
v -10.2 0.3 6
v -10 0.2 6
v -10 0.3 6
v -7.8 0.1 6
v -7.8 0.2 6
v -7.6 0.1 6
v -7.6 0.2 6
v 4.4 0.1 6
v 4.4 0.2 6
v 4.7 0.1 6
v 4.7 0.2 6
v 9.4 0.2 6
v 9.4 0.3 6
v 9.9 0.2 6
v 9.9 0.3 6
v 10.3 0.2 6
v 10.3 0.3 6
v 10.6 0.2 6
v 10.6 0.3 6
v 10.9 0.2 6
v 10.9 0.3 6
v 11 0.2 6
v 11 0.3 6
v -10 0.2 5.9
v -10 0.3 5.9
v -9.8 0.2 5.9
v -9.8 0.3 5.9
v -7.6 0.1 5.9
v -7.6 0.2 5.9
v -7.2 0.1 5.9
v -7.2 0.2 5.9
v 4.2 0.1 5.9
v 4.2 0.2 5.9
v 4.4 0.1 5.9
v 4.4 0.2 5.9
v 9.1 0.2 5.9
v 9.1 0.3 5.9
v 9.4 0.2 5.9
v 9.4 0.3 5.9
v -9.8 0.2 5.8
v -9.8 0.3 5.8
v -9.6 0.2 5.8
v -9.6 0.3 5.8
v -7.2 0.1 5.8
v -7.2 0.2 5.8
v -7 0.1 5.8
v -7 0.2 5.8
v 3.9 0.1 5.8
v 3.9 0.2 5.8
v 4.2 0.1 5.8
v 4.2 0.2 5.8
v 7.5 0.2 5.8
v 7.5 0.3 5.8
v 7.6 0.2 5.8
v 7.6 0.3 5.8
v 7.8 0.2 5.8
v 7.8 0.3 5.8
v 9.1 0.2 5.8
v 9.1 0.3 5.8
v -12.8 0.3 5.7
v -12.8 0.4 5.7
v -12.1 0.3 5.7
v -12.1 0.4 5.7
v -9.6 0.2 5.7
v -9.6 0.3 5.7
v -9.4 0.2 5.7
v -9.4 0.3 5.7
v -7 0.1 5.7
v -7 0.2 5.7
v -6.6 0.1 5.7
v -6.6 0.2 5.7
v 3.5 0.1 5.7
v 3.5 0.2 5.7
v 3.9 0.1 5.7
v 3.9 0.2 5.7
v 7.2 0.2 5.7
v 7.2 0.3 5.7
v 7.5 0.2 5.7
v 7.5 0.3 5.7
v 7.6 0.2 5.7
v 7.6 0.3 5.7
v 7.8 0.2 5.7
v 7.8 0.3 5.7
v -12.1 0.3 5.6
v -12.1 0.4 5.6
v -11.9 0.3 5.6
v -11.9 0.4 5.6
v -11.8 0.3 5.6
v -11.8 0.4 5.6
v -11.7 0.3 5.6
v -11.7 0.4 5.6
v -9.4 0.2 5.6
v -9.4 0.3 5.6
v -9.3 0.2 5.6
v -9.3 0.3 5.6
v -6.6 0.1 5.6
v -6.6 0.2 5.6
v -6.2 0.1 5.6
v -6.2 0.2 5.6
v 3.2 0.1 5.6
v 3.2 0.2 5.6
v 3.5 0.1 5.6
v 3.5 0.2 5.6
v 6.9 0.2 5.6
v 6.9 0.3 5.6
v 7.2 0.2 5.6
v 7.2 0.3 5.6
v -11.7 0.3 5.5
v -11.7 0.4 5.5
v -11.4 0.3 5.5
v -11.4 0.4 5.5
v -9.3 0.2 5.5
v -9.3 0.3 5.5
v -8.9 0.2 5.5
v -8.9 0.3 5.5
v -6.2 0.1 5.5
v -6.2 0.2 5.5
v -6 0.1 5.5
v -6 0.2 5.5
v 3 0.1 5.5
v 3 0.2 5.5
v 3.2 0.1 5.5
v 3.2 0.2 5.5
v 6.7 0.2 5.5
v 6.7 0.3 5.5
v 6.9 0.2 5.5
v 6.9 0.3 5.5
v -11.4 0.3 5.4
v -11.4 0.4 5.4
v -11.1 0.3 5.4
v -11.1 0.4 5.4
v -8.9 0.2 5.4
v -8.9 0.3 5.4
v -8.6 0.2 5.4
v -8.6 0.3 5.4
v -6 0.1 5.4
v -6 0.2 5.4
v -5.4 0.1 5.4
v -5.4 0.2 5.4
v 2.4 0.1 5.4
v 2.4 0.2 5.4
v 3 0.1 5.4
v 3 0.2 5.4
v 6.5 0.2 5.4
v 6.5 0.3 5.4
v 6.7 0.2 5.4
v 6.7 0.3 5.4
v -11.1 0.3 5.3
v -11.1 0.4 5.3
v -10.8 0.3 5.3
v -10.8 0.4 5.3
v -8.6 0.2 5.3
v -8.6 0.3 5.3
v -8.4 0.2 5.3
v -8.4 0.3 5.3
v -5.4 0.1 5.3
v -5.4 0.2 5.3
v -4.7 0.1 5.3
v -4.7 0.2 5.3
v 1.7 0.1 5.3
v 1.7 0.2 5.3
v 2.4 0.1 5.3
v 2.4 0.2 5.3
v 6 0.2 5.3
v 6 0.3 5.3
v 6.5 0.2 5.3
v 6.5 0.3 5.3
v -10.8 0.3 5.2
v -10.8 0.4 5.2
v -10.7 0.3 5.2
v -10.6 0.3 5.2
v -10.6 0.4 5.2
v -10.5 0.3 5.2
v -10.5 0.4 5.2
v -8.4 0.2 5.2
v -8.4 0.3 5.2
v -8.2 0.2 5.2
v -8.2 0.3 5.2
v -4.7 0.1 5.2
v -4.7 0.2 5.2
v -3.7 0.1 5.2
v -3.7 0.2 5.2
v 1.1 0.1 5.2
v 1.1 0.2 5.2
v 1.7 0.1 5.2
v 1.7 0.2 5.2
v 5.8 0.2 5.2
v 5.8 0.3 5.2
v 6 0.2 5.2
v 6 0.3 5.2
v -10.5 0.3 5.1
v -10.5 0.4 5.1
v -10.2 0.3 5.1
v -10.2 0.4 5.1
v -8.2 0.2 5.1
v -8.2 0.3 5.1
v -8.1 0.2 5.1
v -8.1 0.3 5.1
v -3.7 0.1 5.1
v -3.7 0.2 5.1
v -2.9 0.1 5.1
v -2.8 0.1 5.1
v -2.4 0.1 5.1
v -2.4 0.2 5.1
v 0.4 0.1 5.1
v 0.4 0.2 5.1
v 1.1 0.1 5.1
v 1.1 0.2 5.1
v 5.5 0.2 5.1
v 5.5 0.3 5.1
v 5.8 0.2 5.1
v 5.8 0.3 5.1
v -10.2 0.3 5
v -10.2 0.4 5
v -9.9 0.3 5
v -9.9 0.4 5
v -8.1 0.2 5
v -8.1 0.3 5
v -7.9 0.2 5
v -7.9 0.3 5
v -2.4 0.1 5
v -2.4 0.2 5
v 0.4 0.1 5
v 0.4 0.2 5
v 5.3 0.2 5
v 5.3 0.3 5
v 5.5 0.2 5
v 5.5 0.3 5
v -9.9 0.3 4.9
v -9.9 0.4 4.9
v -9.7 0.3 4.9
v -9.7 0.4 4.9
v -7.9 0.2 4.9
v -7.9 0.3 4.9
v -7.7 0.2 4.9
v -7.7 0.3 4.9
v 5 0.2 4.9
v 5 0.3 4.9
v 5.3 0.2 4.9
v 5.3 0.3 4.9
v -9.7 0.3 4.8
v -9.7 0.4 4.8
v -9.5 0.3 4.8
v -9.5 0.4 4.8
v -7.7 0.2 4.8
v -7.7 0.3 4.8
v -7.4 0.2 4.8
v -7.4 0.3 4.8
v 4.6 0.2 4.8
v 4.6 0.3 4.8
v 4.8 0.2 4.8
v 4.9 0.2 4.8
v 5 0.2 4.8
v 5 0.3 4.8
v -9.5 0.3 4.7
v -9.5 0.4 4.7
v -9.2 0.3 4.7
v -9.2 0.4 4.7
v -7.4 0.2 4.7
v -7.4 0.3 4.7
v -7 0.2 4.7
v -7 0.3 4.7
v 4.2 0.2 4.7
v 4.2 0.3 4.7
v 4.6 0.2 4.7
v 4.6 0.3 4.7
v 12.5 0.3 4.7
v 12.5 0.4 4.7
v 12.8 0.3 4.7
v 12.8 0.4 4.7
v -9.2 0.3 4.6
v -9.2 0.4 4.6
v -8.9 0.3 4.6
v -8.9 0.4 4.6
v -7 0.2 4.6
v -7 0.3 4.6
v -6.7 0.2 4.6
v -6.7 0.3 4.6
v 3.8 0.2 4.6
v 3.8 0.3 4.6
v 4.2 0.2 4.6
v 4.2 0.3 4.6
v 12 0.3 4.6
v 12 0.4 4.6
v 12.5 0.3 4.6
v 12.5 0.4 4.6
v -8.9 0.3 4.5
v -8.9 0.4 4.5
v -8.6 0.3 4.5
v -8.6 0.4 4.5
v -6.7 0.2 4.5
v -6.7 0.3 4.5
v -6.5 0.2 4.5
v -6.5 0.3 4.5
v 3.4 0.2 4.5
v 3.4 0.3 4.5
v 3.8 0.2 4.5
v 3.8 0.3 4.5
v 8.7 0.3 4.5
v 8.7 0.4 4.5
v 10.4 0.3 4.5
v 10.4 0.4 4.5
v 10.5 0.3 4.5
v 10.5 0.4 4.5
v 11.6 0.3 4.5
v 11.6 0.4 4.5
v 12 0.3 4.5
v 12 0.4 4.5
v -8.6 0.3 4.4
v -8.6 0.4 4.4
v -8.3 0.3 4.4
v -8.3 0.4 4.4
v -6.5 0.2 4.4
v -6.5 0.3 4.4
v -6.2 0.2 4.4
v -6.2 0.3 4.4
v 3 0.2 4.4
v 3 0.3 4.4
v 3.4 0.2 4.4
v 3.4 0.3 4.4
v 7.9 0.3 4.4
v 7.9 0.4 4.4
v 8.7 0.3 4.4
v 8.7 0.4 4.4
v 10.5 0.3 4.4
v 10.5 0.4 4.4
v 10.8 0.3 4.4
v 10.8 0.4 4.4
v 10.9 0.3 4.4
v 10.9 0.4 4.4
v 11.6 0.3 4.4
v 11.6 0.4 4.4
v -12.8 0.4 4.3
v -12.8 0.5 4.3
v -12.7 0.4 4.3
v -12.7 0.5 4.3
v -8.3 0.3 4.3
v -8.3 0.4 4.3
v -8 0.3 4.3
v -8 0.4 4.3
v -6.2 0.2 4.3
v -6.2 0.3 4.3
v -5.9 0.2 4.3
v -5.9 0.3 4.3
v 2.6 0.2 4.3
v 2.6 0.3 4.3
v 3 0.2 4.3
v 3 0.3 4.3
v 7.2 0.3 4.3
v 7.2 0.4 4.3
v 7.9 0.3 4.3
v 7.9 0.4 4.3
v -12.7 0.4 4.2
v -12.7 0.5 4.2
v -12.5 0.4 4.2
v -12.5 0.5 4.2
v -8 0.3 4.2
v -8 0.4 4.2
v -7.7 0.3 4.2
v -7.7 0.4 4.2
v -5.9 0.2 4.2
v -5.9 0.3 4.2
v -5.6 0.2 4.2
v -5.6 0.3 4.2
v 2.2 0.2 4.2
v 2.2 0.3 4.2
v 2.6 0.2 4.2
v 2.6 0.3 4.2
v 6.6 0.3 4.2
v 6.6 0.4 4.2
v 7.2 0.3 4.2
v 7.2 0.4 4.2
v -12.5 0.4 4.1
v -12.5 0.5 4.1
v -12 0.4 4.1
v -12 0.5 4.1
v -7.7 0.3 4.1
v -7.7 0.4 4.1
v -7.4 0.3 4.1
v -7.4 0.4 4.1
v -5.6 0.2 4.1
v -5.6 0.3 4.1
v -5.2 0.2 4.1
v -5.2 0.3 4.1
v 1.9 0.2 4.1
v 1.9 0.3 4.1
v 2.2 0.2 4.1
v 2.2 0.3 4.1
v 6.4 0.3 4.1
v 6.4 0.4 4.1
v 6.6 0.3 4.1
v 6.6 0.4 4.1
v -12 0.4 4
v -12 0.5 4
v -11.8 0.4 4
v -11.8 0.5 4
v -7.4 0.3 4
v -7.4 0.4 4
v -7.2 0.3 4
v -7.2 0.4 4
v -5.2 0.2 4
v -5.2 0.3 4
v -5 0.2 4
v -5 0.3 4
v 1.6 0.2 4
v 1.6 0.3 4
v 1.9 0.2 4
v 1.9 0.3 4
v 6.2 0.3 4
v 6.2 0.4 4
v 6.4 0.3 4
v 6.4 0.4 4
v -11.8 0.4 3.9
v -11.8 0.5 3.9
v -11.5 0.4 3.9
v -11.5 0.5 3.9
v -7.2 0.3 3.9
v -7.2 0.4 3.9
v -6.9 0.3 3.9
v -6.9 0.4 3.9
v -5 0.2 3.9
v -5 0.3 3.9
v -4.7 0.2 3.9
v -4.7 0.3 3.9
v 1.2 0.2 3.9
v 1.2 0.3 3.9
v 1.6 0.2 3.9
v 1.6 0.3 3.9
v 5.8 0.3 3.9
v 5.8 0.4 3.9
v 6.2 0.3 3.9
v 6.2 0.4 3.9
v -11.5 0.4 3.8
v -11.5 0.5 3.8
v -11.3 0.4 3.8
v -11.3 0.5 3.8
v -6.9 0.3 3.8
v -6.9 0.4 3.8
v -6.6 0.3 3.8
v -6.6 0.4 3.8
v -4.7 0.2 3.8
v -4.7 0.3 3.8
v -4.2 0.2 3.8
v -4.2 0.3 3.8
v 0.799999 0.2 3.8
v 0.799999 0.3 3.8
v 1.2 0.2 3.8
v 1.2 0.3 3.8
v 5.5 0.3 3.8
v 5.5 0.4 3.8
v 5.8 0.3 3.8
v 5.8 0.4 3.8
v -11.3 0.4 3.7
v -11.3 0.5 3.7
v -11 0.4 3.7
v -11 0.5 3.7
v -6.6 0.3 3.7
v -6.6 0.4 3.7
v -6.4 0.3 3.7
v -6.4 0.4 3.7
v -4.2 0.2 3.7
v -4.2 0.3 3.7
v -3.6 0.2 3.7
v -3.6 0.3 3.7
v 0.5 0.2 3.7
v 0.5 0.3 3.7
v 0.799999 0.2 3.7
v 0.799999 0.3 3.7
v 5.2 0.3 3.7
v 5.2 0.4 3.7
v 5.5 0.3 3.7
v 5.5 0.4 3.7
v -11 0.4 3.6
v -11 0.5 3.6
v -10.8 0.4 3.6
v -10.8 0.5 3.6
v -6.4 0.3 3.6
v -6.4 0.4 3.6
v -6.2 0.3 3.6
v -6.2 0.4 3.6
v -3.6 0.2 3.6
v -3.6 0.3 3.6
v -3.3 0.2 3.6
v -3.3 0.3 3.6
v -0.3 0.2 3.6
v -0.3 0.3 3.6
v 0.0999994 0.2 3.6
v 0.0999994 0.3 3.6
v 0.299999 0.2 3.6
v 0.299999 0.3 3.6
v 0.5 0.2 3.6
v 0.5 0.3 3.6
v 5 0.3 3.6
v 5 0.4 3.6
v 5.2 0.3 3.6
v 5.2 0.4 3.6
v -10.8 0.4 3.5
v -10.8 0.5 3.5
v -10.6 0.4 3.5
v -10.6 0.5 3.5
v -6.2 0.3 3.5
v -6.2 0.4 3.5
v -5.9 0.3 3.5
v -5.9 0.4 3.5
v -3.3 0.2 3.5
v -3.3 0.3 3.5
v -3 0.2 3.5
v -3 0.3 3.5
v -1.1 0.2 3.5
v -1.1 0.3 3.5
v -0.3 0.2 3.5
v -0.3 0.3 3.5
v 0.0999994 0.2 3.5
v 0.0999994 0.3 3.5
v 0.299999 0.2 3.5
v 0.299999 0.3 3.5
v 4.7 0.3 3.5
v 4.7 0.4 3.5
v 5 0.3 3.5
v 5 0.4 3.5
v 12.7 0.4 3.5
v 12.7 0.5 3.5
v 12.8 0.4 3.5
v 12.8 0.5 3.5
v -10.6 0.4 3.4
v -10.6 0.5 3.4
v -10.4 0.4 3.4
v -10.4 0.5 3.4
v -5.9 0.3 3.4
v -5.9 0.4 3.4
v -5.7 0.3 3.4
v -5.7 0.4 3.4
v -3 0.2 3.4
v -3 0.3 3.4
v -1.1 0.2 3.4
v -1.1 0.3 3.4
v 4.4 0.3 3.4
v 4.4 0.4 3.4
v 4.7 0.3 3.4
v 4.7 0.4 3.4
v 12.4 0.4 3.4
v 12.4 0.5 3.4
v 12.5 0.4 3.4
v 12.7 0.4 3.4
v 12.7 0.5 3.4
v -10.4 0.4 3.3
v -10.4 0.5 3.3
v -10.2 0.4 3.3
v -10.2 0.5 3.3
v -5.7 0.3 3.3
v -5.7 0.4 3.3
v -5.5 0.3 3.3
v -5.5 0.4 3.3
v 4.2 0.3 3.3
v 4.2 0.4 3.3
v 4.4 0.3 3.3
v 4.4 0.4 3.3
v 12.3 0.4 3.3
v 12.3 0.5 3.3
v 12.4 0.4 3.3
v 12.4 0.5 3.3
v -10.2 0.4 3.2
v -10.2 0.5 3.2
v -10 0.4 3.2
v -10 0.5 3.2
v -5.5 0.3 3.2
v -5.5 0.4 3.2
v -5.3 0.3 3.2
v -5.3 0.4 3.2
v 3.9 0.3 3.2
v 3.9 0.4 3.2
v 4 0.3 3.2
v 4.1 0.3 3.2
v 4.2 0.3 3.2
v 4.2 0.4 3.2
v 12.2 0.4 3.2
v 12.2 0.5 3.2
v 12.3 0.4 3.2
v 12.3 0.5 3.2
v -10 0.4 3.1
v -10 0.5 3.1
v -9.9 0.4 3.1
v -9.9 0.5 3.1
v -9.8 0.4 3.1
v -9.8 0.5 3.1
v -5.3 0.3 3.1
v -5.3 0.4 3.1
v -5.1 0.3 3.1
v -5.1 0.4 3.1
v 3.7 0.3 3.1
v 3.7 0.4 3.1
v 3.9 0.3 3.1
v 3.9 0.4 3.1
v 12 0.4 3.1
v 12 0.5 3.1
v 12.2 0.4 3.1
v 12.2 0.5 3.1
v -9.8 0.4 3
v -9.8 0.5 3
v -9.5 0.4 3
v -9.5 0.5 3
v -5.1 0.3 3
v -5.1 0.4 3
v -4.8 0.3 3
v -4.8 0.4 3
v 3.5 0.3 3
v 3.5 0.4 3
v 3.7 0.3 3
v 3.7 0.4 3
v 11.8 0.4 3
v 11.8 0.5 3
v 12 0.4 3
v 12 0.5 3
v -9.5 0.4 2.9
v -9.5 0.5 2.9
v -9.3 0.4 2.9
v -9.3 0.5 2.9
v -4.8 0.3 2.9
v -4.8 0.4 2.9
v -4.3 0.3 2.9
v -4.3 0.4 2.9
v 3.2 0.3 2.9
v 3.2 0.4 2.9
v 3.5 0.3 2.9
v 3.5 0.4 2.9
v 11.6 0.4 2.9
v 11.6 0.5 2.9
v 11.8 0.4 2.9
v 11.8 0.5 2.9
v -12.1 0.5 2.8
v -12.1 0.6 2.8
v -12 0.5 2.8
v -12 0.6 2.8
v -11.8 0.5 2.8
v -11.8 0.6 2.8
v -11.3 0.5 2.8
v -11.2 0.5 2.8
v -10.8 0.5 2.8
v -10.8 0.6 2.8
v -9.3 0.4 2.8
v -9.3 0.5 2.8
v -9.1 0.4 2.8
v -9.1 0.5 2.8
v -4.3 0.3 2.8
v -4.3 0.4 2.8
v -3.9 0.3 2.8
v -3.9 0.4 2.8
v 2.9 0.3 2.8
v 2.9 0.4 2.8
v 3.2 0.3 2.8
v 3.2 0.4 2.8
v 11.4 0.4 2.8
v 11.4 0.5 2.8
v 11.6 0.4 2.8
v 11.6 0.5 2.8
v -12.8 0.5 2.7
v -12.8 0.6 2.7
v -12.1 0.5 2.7
v -12.1 0.6 2.7
v -12 0.5 2.7
v -12 0.6 2.7
v -11.8 0.5 2.7
v -11.8 0.6 2.7
v -10.8 0.5 2.7
v -10.8 0.6 2.7
v -10.4 0.5 2.7
v -10.4 0.6 2.7
v -9.1 0.4 2.7
v -9.1 0.5 2.7
v -8.8 0.4 2.7
v -8.8 0.5 2.7
v -3.9 0.3 2.7
v -3.9 0.4 2.7
v -3.7 0.3 2.7
v -3.7 0.4 2.7
v 2.7 0.3 2.7
v 2.7 0.4 2.7
v 2.9 0.3 2.7
v 2.9 0.4 2.7
v 11.2 0.4 2.7
v 11.2 0.5 2.7
v 11.4 0.4 2.7
v 11.4 0.5 2.7
v -10.4 0.5 2.6
v -10.4 0.6 2.6
v -10.1 0.5 2.6
v -10.1 0.6 2.6
v -8.8 0.4 2.6
v -8.8 0.5 2.6
v -8.6 0.4 2.6
v -8.6 0.5 2.6
v -3.7 0.3 2.6
v -3.7 0.4 2.6
v -3.1 0.3 2.6
v -3.1 0.4 2.6
v 2.4 0.3 2.6
v 2.4 0.4 2.6
v 2.7 0.3 2.6
v 2.7 0.4 2.6
v 11.1 0.4 2.6
v 11.1 0.5 2.6
v 11.2 0.4 2.6
v 11.2 0.5 2.6
v -10.1 0.5 2.5
v -10.1 0.6 2.5
v -9.7 0.5 2.5
v -9.7 0.6 2.5
v -8.6 0.4 2.5
v -8.6 0.5 2.5
v -8.4 0.4 2.5
v -8.4 0.5 2.5
v -3.1 0.3 2.5
v -3.1 0.4 2.5
v -2.9 0.3 2.5
v -2.8 0.3 2.5
v -2.4 0.3 2.5
v -2.4 0.4 2.5
v 2.1 0.3 2.5
v 2.1 0.4 2.5
v 2.4 0.3 2.5
v 2.4 0.4 2.5
v 10.7 0.4 2.5
v 10.7 0.5 2.5
v 11.1 0.4 2.5
v 11.1 0.5 2.5
v 12.7 0.5 2.5
v 12.7 0.6 2.5
v 12.8 0.5 2.5
v 12.8 0.6 2.5
v -9.7 0.5 2.4
v -9.7 0.6 2.4
v -9.4 0.5 2.4
v -9.4 0.6 2.4
v -8.4 0.4 2.4
v -8.4 0.5 2.4
v -8.2 0.4 2.4
v -8.1 0.4 2.4
v -8.1 0.5 2.4
v -2.4 0.3 2.4
v -2.4 0.4 2.4
v -2 0.3 2.4
v -2 0.4 2.4
v 1.8 0.3 2.4
v 1.8 0.4 2.4
v 2.1 0.3 2.4
v 2.1 0.4 2.4
v 10.4 0.4 2.4
v 10.4 0.5 2.4
v 10.6 0.4 2.4
v 10.6 0.5 2.4
v 12.4 0.5 2.4
v 12.4 0.6 2.4
v 12.7 0.5 2.4
v 12.7 0.6 2.4
v -9.4 0.5 2.3
v -9.4 0.6 2.3
v -9.2 0.5 2.3
v -9.2 0.6 2.3
v -8.1 0.4 2.3
v -8.1 0.5 2.3
v -7.9 0.4 2.3
v -7.9 0.5 2.3
v -2 0.3 2.3
v -2 0.4 2.3
v -1.4 0.3 2.3
v -1.4 0.4 2.3
v -1.2 0.3 2.3
v -1.2 0.4 2.3
v -1 0.3 2.3
v -1 0.4 2.3
v 1.5 0.3 2.3
v 1.5 0.4 2.3
v 1.8 0.3 2.3
v 1.8 0.4 2.3
v 10.2 0.4 2.3
v 10.2 0.5 2.3
v 10.4 0.4 2.3
v 10.4 0.5 2.3
v 10.6 0.4 2.3
v 10.6 0.5 2.3
v 10.7 0.4 2.3
v 10.7 0.5 2.3
v 12.2 0.5 2.3
v 12.2 0.6 2.3
v 12.4 0.5 2.3
v 12.4 0.6 2.3
v -9.2 0.5 2.2
v -9.2 0.6 2.2
v -9 0.5 2.2
v -9 0.6 2.2
v -7.9 0.4 2.2
v -7.9 0.5 2.2
v -7.7 0.4 2.2
v -7.7 0.5 2.2
v -1 0.3 2.2
v -1 0.4 2.2
v 0.0999994 0.3 2.2
v 0.0999994 0.4 2.2
v 1.1 0.3 2.2
v 1.1 0.4 2.2
v 1.5 0.3 2.2
v 1.5 0.4 2.2
v 9.7 0.4 2.2
v 9.7 0.5 2.2
v 10.2 0.4 2.2
v 10.2 0.5 2.2
v 11.9 0.5 2.2
v 11.9 0.6 2.2
v 12.2 0.5 2.2
v 12.2 0.6 2.2
v -9 0.5 2.1
v -9 0.6 2.1
v -8.8 0.5 2.1
v -8.8 0.6 2.1
v -7.7 0.4 2.1
v -7.7 0.5 2.1
v -7.4 0.4 2.1
v -7.4 0.5 2.1
v 0.0999994 0.3 2.1
v 0.0999994 0.4 2.1
v 1.1 0.3 2.1
v 1.1 0.4 2.1
v 9.2 0.4 2.1
v 9.2 0.5 2.1
v 9.7 0.4 2.1
v 9.7 0.5 2.1
v 11.8 0.5 2.1
v 11.8 0.6 2.1
v 11.9 0.5 2.1
v 11.9 0.6 2.1
v -8.8 0.5 2
v -8.8 0.6 2
v -8.6 0.5 2
v -8.6 0.6 2
v -7.4 0.4 2
v -7.4 0.5 2
v -7.2 0.4 2
v -7.2 0.5 2
v 8.8 0.4 2
v 8.8 0.5 2
v 9.2 0.4 2
v 9.2 0.5 2
v 11.5 0.5 2
v 11.5 0.6 2
v 11.8 0.5 2
v 11.8 0.6 2
v -8.6 0.5 1.9
v -8.6 0.6 1.9
v -8.4 0.5 1.9
v -8.4 0.6 1.9
v -7.2 0.4 1.9
v -7.2 0.5 1.9
v -7 0.4 1.9
v -7 0.5 1.9
v 8.3 0.4 1.9
v 8.3 0.5 1.9
v 8.8 0.4 1.9
v 8.8 0.5 1.9
v 11.4 0.5 1.9
v 11.4 0.6 1.9
v 11.5 0.5 1.9
v 11.5 0.6 1.9
v -8.4 0.5 1.8
v -8.4 0.6 1.8
v -8.3 0.5 1.8
v -8.3 0.6 1.8
v -7 0.4 1.8
v -7 0.5 1.8
v -6.8 0.4 1.8
v -6.8 0.5 1.8
v 7.4 0.4 1.8
v 7.4 0.5 1.8
v 8.3 0.4 1.8
v 8.3 0.5 1.8
v 10.9 0.5 1.8
v 10.9 0.6 1.8
v 11.3 0.5 1.8
v 11.3 0.6 1.8
v 11.4 0.5 1.8
v 11.4 0.6 1.8
v -8.3 0.5 1.7
v -8.3 0.6 1.7
v -8.1 0.5 1.7
v -8.1 0.6 1.7
v -6.8 0.4 1.7
v -6.8 0.5 1.7
v -6.6 0.4 1.7
v -6.6 0.5 1.7
v 6.5 0.4 1.7
v 6.5 0.5 1.7
v 7.4 0.4 1.7
v 7.4 0.5 1.7
v 10.7 0.5 1.7
v 10.7 0.6 1.7
v 10.9 0.5 1.7
v 10.9 0.6 1.7
v -8.1 0.5 1.6
v -8.1 0.6 1.6
v -8 0.5 1.6
v -8 0.6 1.6
v -6.6 0.4 1.6
v -6.6 0.5 1.6
v -6.4 0.4 1.6
v -6.4 0.5 1.6
v 6.2 0.4 1.6
v 6.2 0.5 1.6
v 6.5 0.4 1.6
v 6.5 0.5 1.6
v 10.3 0.5 1.6
v 10.3 0.6 1.6
v 10.7 0.5 1.6
v 10.7 0.6 1.6
v -12.8 0.6 1.5
v -12.8 0.7 1.5
v -12.3 0.6 1.5
v -12.3 0.7 1.5
v -8 0.5 1.5
v -8 0.6 1.5
v -7.9 0.5 1.5
v -7.8 0.5 1.5
v -7.8 0.6 1.5
v -6.4 0.4 1.5
v -6.4 0.5 1.5
v -6 0.4 1.5
v -6 0.5 1.5
v 5.9 0.4 1.5
v 5.9 0.5 1.5
v 6.2 0.4 1.5
v 6.2 0.5 1.5
v 10.1 0.5 1.5
v 10.1 0.6 1.5
v 10.3 0.5 1.5
v 10.3 0.6 1.5
v -12.3 0.6 1.4
v -12.3 0.7 1.4
v -11.9 0.6 1.4
v -11.9 0.7 1.4
v -7.8 0.5 1.4
v -7.8 0.6 1.4
v -7.6 0.5 1.4
v -7.6 0.6 1.4
v -6 0.4 1.4
v -6 0.5 1.4
v -5.5 0.4 1.4
v -5.5 0.5 1.4
v 5.4 0.4 1.4
v 5.4 0.5 1.4
v 5.9 0.4 1.4
v 5.9 0.5 1.4
v 9.9 0.5 1.4
v 9.9 0.6 1.4
v 10.1 0.5 1.4
v 10.1 0.6 1.4
v -11.9 0.6 1.3
v -11.9 0.7 1.3
v -11.3 0.6 1.3
v -11.3 0.7 1.3
v -7.6 0.5 1.3
v -7.6 0.6 1.3
v -7.4 0.5 1.3
v -7.4 0.6 1.3
v -5.5 0.4 1.3
v -5.5 0.5 1.3
v -5.1 0.4 1.3
v -5.1 0.5 1.3
v 4.9 0.4 1.3
v 4.9 0.5 1.3
v 5.4 0.4 1.3
v 5.4 0.5 1.3
v 9.8 0.5 1.3
v 9.8 0.6 1.3
v 9.9 0.5 1.3
v 9.9 0.6 1.3
v -11.3 0.6 1.2
v -11.3 0.7 1.2
v -10.9 0.6 1.2
v -10.9 0.7 1.2
v -7.4 0.5 1.2
v -7.4 0.6 1.2
v -7.2 0.5 1.2
v -7.2 0.6 1.2
v -5.1 0.4 1.2
v -5.1 0.5 1.2
v -4.8 0.4 1.2
v -4.8 0.5 1.2
v 4.4 0.4 1.2
v 4.4 0.5 1.2
v 4.9 0.4 1.2
v 4.9 0.5 1.2
v 9.5 0.5 1.2
v 9.5 0.6 1.2
v 9.8 0.5 1.2
v 9.8 0.6 1.2
v -10.9 0.6 1.1
v -10.9 0.7 1.1
v -10.6 0.6 1.1
v -10.6 0.7 1.1
v -7.2 0.5 1.1
v -7.2 0.6 1.1
v -7 0.5 1.1
v -7 0.6 1.1
v -4.8 0.4 1.1
v -4.8 0.5 1.1
v -4.5 0.4 1.1
v -4.5 0.5 1.1
v 4 0.4 1.1
v 4 0.5 1.1
v 4.4 0.4 1.1
v 4.4 0.5 1.1
v 9.3 0.5 1.1
v 9.3 0.6 1.1
v 9.5 0.5 1.1
v 9.5 0.6 1.1
v -10.6 0.6 1
v -10.6 0.7 1
v -10 0.6 1
v -10 0.7 1
v -7 0.5 1
v -7 0.6 1
v -6.7 0.5 1
v -6.7 0.6 1
v -4.5 0.4 1
v -4.5 0.5 1
v -4.2 0.4 1
v -4.2 0.5 1
v 3.6 0.4 1
v 3.6 0.5 1
v 4 0.4 1
v 4 0.5 1
v 9.1 0.5 1
v 9.1 0.6 1
v 9.3 0.5 1
v 9.3 0.6 1
v -10 0.6 0.900001
v -10 0.7 0.900001
v -9.7 0.6 0.900001
v -9.7 0.7 0.900001
v -6.7 0.5 0.900001
v -6.7 0.6 0.900001
v -6.5 0.5 0.900001
v -6.5 0.6 0.900001
v -4.2 0.4 0.900001
v -4.2 0.5 0.900001
v -3.8 0.4 0.900001
v -3.8 0.5 0.900001
v 3.2 0.4 0.900001
v 3.2 0.5 0.900001
v 3.6 0.4 0.900001
v 3.6 0.5 0.900001
v 8.7 0.5 0.900001
v 8.7 0.6 0.900001
v 9.1 0.5 0.900001
v 9.1 0.6 0.900001
v -9.7 0.6 0.8
v -9.7 0.7 0.8
v -9.1 0.6 0.8
v -9.1 0.7 0.8
v -6.5 0.5 0.8
v -6.5 0.6 0.8
v -6.2 0.5 0.8
v -6.2 0.6 0.8
v -3.8 0.4 0.8
v -3.8 0.5 0.8
v -3.4 0.4 0.8
v -3.4 0.5 0.8
v -3.3 0.4 0.8
v -3.3 0.5 0.8
v 2.9 0.4 0.8
v 2.9 0.5 0.8
v 3.2 0.4 0.8
v 3.2 0.5 0.8
v 8.4 0.5 0.8
v 8.4 0.6 0.8
v 8.7 0.5 0.8
v 8.7 0.6 0.8
v -9.1 0.6 0.700001
v -9.1 0.7 0.700001
v -8.5 0.6 0.700001
v -8.5 0.7 0.700001
v -6.2 0.5 0.700001
v -6.2 0.6 0.700001
v -5.9 0.5 0.700001
v -5.9 0.6 0.700001
v -3.3 0.4 0.700001
v -3.3 0.5 0.700001
v -2.7 0.4 0.700001
v -2.7 0.5 0.700001
v 2.6 0.4 0.700001
v 2.6 0.5 0.700001
v 2.9 0.4 0.700001
v 2.9 0.5 0.700001
v 7 0.5 0.700001
v 7 0.6 0.700001
v 7.3 0.5 0.700001
v 7.3 0.6 0.700001
v 7.9 0.5 0.700001
v 7.9 0.6 0.700001
v 8 0.5 0.700001
v 8 0.6 0.700001
v 8.2 0.5 0.700001
v 8.2 0.6 0.700001
v 8.4 0.5 0.700001
v 8.4 0.6 0.700001
v 12.4 0.6 0.700001
v 12.4 0.7 0.700001
v 12.8 0.6 0.700001
v 12.8 0.7 0.700001
v -8.5 0.6 0.6
v -8.5 0.7 0.6
v -8.2 0.6 0.6
v -8.2 0.7 0.6
v -5.9 0.5 0.6
v -5.9 0.6 0.6
v -5.8 0.5 0.6
v -5.7 0.5 0.6
v -5.5 0.5 0.6
v -5.5 0.6 0.6
v -2.7 0.4 0.6
v -2.7 0.5 0.6
v -1.7 0.4 0.6
v -1.7 0.5 0.6
v 1.6 0.4 0.6
v 1.6 0.5 0.6
v 2.6 0.4 0.6
v 2.6 0.5 0.6
v 6.2 0.5 0.6
v 6.2 0.6 0.6
v 7 0.5 0.6
v 7 0.6 0.6
v 7.3 0.5 0.6
v 7.3 0.6 0.6
v 7.9 0.5 0.6
v 7.9 0.6 0.6
v 12.1 0.6 0.6
v 12.1 0.7 0.6
v 12.4 0.6 0.6
v 12.4 0.7 0.6
v -8.2 0.6 0.5
v -8.2 0.7 0.5
v -7.8 0.6 0.5
v -7.8 0.7 0.5
v -5.5 0.5 0.5
v -5.5 0.6 0.5
v -5.2 0.5 0.5
v -5.2 0.6 0.5
v -1.7 0.4 0.5
v -1.7 0.5 0.5
v -1.2 0.4 0.5
v -1.2 0.5 0.5
v 1.1 0.4 0.5
v 1.1 0.5 0.5
v 1.6 0.4 0.5
v 1.6 0.5 0.5
v 5 0.5 0.5
v 5 0.6 0.5
v 6.2 0.5 0.5
v 6.2 0.6 0.5
v 11.9 0.6 0.5
v 11.9 0.7 0.5
v 12.1 0.6 0.5
v 12.1 0.7 0.5
v -7.8 0.6 0.400001
v -7.8 0.7 0.400001
v -7.6 0.6 0.400001
v -7.5 0.6 0.400001
v -7.5 0.7 0.400001
v -5.2 0.5 0.400001
v -5.2 0.6 0.400001
v -5 0.5 0.400001
v -5 0.6 0.400001
v -1.2 0.4 0.400001
v -1.2 0.5 0.400001
v 0 0.4 0.400001
v 0 0.5 0.400001
v 0.5 0.4 0.400001
v 0.5 0.5 0.400001
v 1.1 0.4 0.400001
v 1.1 0.5 0.400001
v 4.1 0.5 0.400001
v 4.1 0.6 0.400001
v 5 0.5 0.400001
v 5 0.6 0.400001
v 11.6 0.6 0.400001
v 11.6 0.7 0.400001
v 11.9 0.6 0.400001
v 11.9 0.7 0.400001
v -12.8 0.7 0.3
v -12.8 0.8 0.3
v -12.1 0.7 0.3
v -12.1 0.8 0.3
v -7.5 0.6 0.3
v -7.5 0.7 0.3
v -7.2 0.6 0.3
v -7.2 0.7 0.3
v -5 0.5 0.3
v -5 0.6 0.3
v -4.7 0.5 0.3
v -4.7 0.6 0.3
v 0 0.4 0.3
v 0 0.5 0.3
v 0.5 0.4 0.3
v 0.5 0.5 0.3
v 3.4 0.5 0.3
v 3.4 0.6 0.3
v 4.1 0.5 0.3
v 4.1 0.6 0.3
v 11.4 0.6 0.3
v 11.4 0.7 0.3
v 11.5 0.6 0.3
v 11.5 0.7 0.3
v 11.6 0.6 0.3
v 11.6 0.7 0.3
v -12.1 0.7 0.200001
v -12.1 0.8 0.200001
v -10.8 0.7 0.200001
v -10.8 0.8 0.200001
v -7.2 0.6 0.200001
v -7.2 0.7 0.200001
v -7.1 0.6 0.200001
v -7.1 0.7 0.200001
v -7 0.6 0.200001
v -7 0.7 0.200001
v -4.7 0.5 0.200001
v -4.7 0.6 0.200001
v -4.4 0.5 0.200001
v -4.4 0.6 0.200001
v 2.7 0.5 0.200001
v 2.7 0.6 0.200001
v 3.4 0.5 0.200001
v 3.4 0.6 0.200001
v -10.8 0.7 0.1
v -10.8 0.8 0.1
v -10.4 0.7 0.1
v -10.4 0.8 0.1
v -7 0.6 0.1
v -7 0.7 0.1
v -6.8 0.6 0.1
v -6.8 0.7 0.1
v -4.4 0.5 0.1
v -4.4 0.6 0.1
v -4 0.5 0.1
v -4 0.6 0.1
v 2.1 0.5 0.1
v 2.1 0.6 0.1
v 2.7 0.5 0.1
v 2.7 0.6 0.1
v 11.2 0.6 0.1
v 11.2 0.7 0.1
v 11.4 0.6 0.1
v 11.4 0.7 0.1
v -10.4 0.7 0
v -10.4 0.8 0
v -10.2 0.7 0
v -10.2 0.8 0
v -6.8 0.6 0
v -6.8 0.7 0
v -6.7 0.6 0
v -6.7 0.7 0
v -4 0.5 0
v -4 0.6 0
v -3.7 0.5 0
v -3.7 0.6 0
v 1.6 0.5 0
v 1.6 0.6 0
v 2.1 0.5 0
v 2.1 0.6 0
v 11 0.6 0
v 11 0.7 0
v 11.2 0.6 0
v 11.2 0.7 0
v -10.2 0.7 -0.0999994
v -10.2 0.8 -0.0999994
v -9.7 0.7 -0.0999994
v -9.7 0.8 -0.0999994
v -6.7 0.6 -0.0999994
v -6.7 0.7 -0.0999994
v -6.5 0.6 -0.0999994
v -6.5 0.7 -0.0999994
v -3.7 0.5 -0.0999994
v -3.7 0.6 -0.0999994
v -3 0.5 -0.0999994
v -3 0.6 -0.0999994
v 1.4 0.5 -0.0999994
v 1.4 0.6 -0.0999994
v 1.6 0.5 -0.0999994
v 1.6 0.6 -0.0999994
v 10.7 0.6 -0.0999994
v 10.7 0.7 -0.0999994
v 10.9 0.6 -0.0999994
v 11 0.6 -0.0999994
v 11 0.7 -0.0999994
v -9.7 0.7 -0.2
v -9.7 0.8 -0.2
v -9.3 0.7 -0.2
v -9.3 0.8 -0.2
v -6.5 0.6 -0.2
v -6.5 0.7 -0.2
v -6.3 0.6 -0.2
v -6.3 0.7 -0.2
v -3 0.5 -0.2
v -3 0.6 -0.2
v -2.5 0.5 -0.2
v -2.5 0.6 -0.2
v 0.9 0.5 -0.2
v 0.9 0.6 -0.2
v 1.4 0.5 -0.2
v 1.4 0.6 -0.2
v 10.5 0.6 -0.2
v 10.5 0.7 -0.2
v 10.7 0.6 -0.2
v 10.7 0.7 -0.2
v -9.3 0.7 -0.299999
v -9.3 0.8 -0.299999
v -9.1 0.7 -0.299999
v -9.1 0.8 -0.299999
v -6.3 0.6 -0.299999
v -6.3 0.7 -0.299999
v -6.1 0.6 -0.299999
v -6.1 0.7 -0.299999
v -2.5 0.5 -0.299999
v -2.5 0.6 -0.299999
v -1.8 0.5 -0.299999
v -1.8 0.6 -0.299999
v 0.599999 0.5 -0.299999
v 0.599999 0.6 -0.299999
v 0.9 0.5 -0.299999
v 0.9 0.6 -0.299999
v 10.3 0.6 -0.299999
v 10.3 0.7 -0.299999
v 10.5 0.6 -0.299999
v 10.5 0.7 -0.299999
v -9.1 0.7 -0.4
v -9.1 0.8 -0.4
v -8.7 0.7 -0.4
v -8.7 0.8 -0.4
v -6.1 0.6 -0.4
v -6.1 0.7 -0.4
v -5.9 0.6 -0.4
v -5.9 0.7 -0.4
v -1.8 0.5 -0.4
v -1.8 0.6 -0.4
v -1 0.5 -0.4
v -1 0.6 -0.4
v 0.2 0.5 -0.4
v 0.2 0.6 -0.4
v 0.599999 0.5 -0.4
v 0.599999 0.6 -0.4
v 10.1 0.6 -0.4
v 10.1 0.7 -0.4
v 10.3 0.6 -0.4
v 10.3 0.7 -0.4
v -5.9 0.6 -0.5
v -5.9 0.7 -0.5
v -5.7 0.6 -0.5
v -5.7 0.7 -0.5
v -1 0.5 -0.5
v -1 0.6 -0.5
v -0.700001 0.5 -0.5
v -0.700001 0.6 -0.5
v -0.6 0.5 -0.5
v -0.6 0.6 -0.5
v 0.2 0.5 -0.5
v 0.2 0.6 -0.5
v 9.9 0.6 -0.5
v 9.9 0.7 -0.5
v 10.1 0.6 -0.5
v 10.1 0.7 -0.5
v -12.8 0.8 -0.599999
v -12.8 0.9 -0.599999
v -12.4 0.8 -0.599999
v -12.3 0.8 -0.599999
v -11.9 0.8 -0.599999
v -11.9 0.9 -0.599999
v -8.7 0.7 -0.599999
v -8.7 0.8 -0.599999
v -8.6 0.7 -0.599999
v -8.6 0.8 -0.599999
v -5.7 0.6 -0.599999
v -5.7 0.7 -0.599999
v -5.5 0.6 -0.599999
v -5.5 0.7 -0.599999
v 9.4 0.6 -0.599999
v 9.4 0.7 -0.599999
v 9.9 0.6 -0.599999
v 9.9 0.7 -0.599999
v -11.9 0.8 -0.7
v -11.9 0.9 -0.7
v -11.1 0.8 -0.7
v -11.1 0.9 -0.7
v -8.6 0.7 -0.7
v -8.6 0.8 -0.7
v -8.4 0.7 -0.7
v -8.4 0.8 -0.7
v -5.5 0.6 -0.7
v -5.5 0.7 -0.7
v -5.2 0.6 -0.7
v -5.2 0.7 -0.7
v 9.3 0.6 -0.7
v 9.3 0.7 -0.7
v 9.4 0.6 -0.7
v 9.4 0.7 -0.7
v -11.1 0.8 -0.799999
v -11.1 0.9 -0.799999
v -10.9 0.8 -0.799999
v -10.9 0.9 -0.799999
v -8.4 0.7 -0.799999
v -8.4 0.8 -0.799999
v -8.3 0.7 -0.799999
v -8.3 0.8 -0.799999
v -5.2 0.6 -0.799999
v -5.2 0.7 -0.799999
v -4.9 0.6 -0.799999
v -4.9 0.7 -0.799999
v 9 0.6 -0.799999
v 9 0.7 -0.799999
v 9.3 0.6 -0.799999
v 9.3 0.7 -0.799999
v 11.7 0.7 -0.799999
v 11.7 0.8 -0.799999
v 12.1 0.7 -0.799999
v 12.1 0.8 -0.799999
v 12.6 0.7 -0.799999
v 12.6 0.8 -0.799999
v 12.8 0.7 -0.799999
v 12.8 0.8 -0.799999
v -10.9 0.8 -0.9
v -10.9 0.9 -0.9
v -10.6 0.8 -0.9
v -10.6 0.9 -0.9
v -8.3 0.7 -0.9
v -8.3 0.8 -0.9
v -8.1 0.7 -0.9
v -8.1 0.8 -0.9
v -4.9 0.6 -0.9
v -4.9 0.7 -0.9
v -4.7 0.6 -0.9
v -4.7 0.7 -0.9
v 8.6 0.6 -0.9
v 8.6 0.7 -0.9
v 9 0.6 -0.9
v 9 0.7 -0.9
v 11.5 0.7 -0.9
v 11.5 0.8 -0.9
v 11.7 0.7 -0.9
v 11.7 0.8 -0.9
v 12.1 0.7 -0.9
v 12.1 0.8 -0.9
v 12.6 0.7 -0.9
v 12.6 0.8 -0.9
v -10.6 0.8 -1
v -10.6 0.9 -1
v -10.3 0.8 -1
v -10.3 0.9 -1
v -10.2 0.8 -1
v -10.2 0.9 -1
v -8.1 0.7 -1
v -8.1 0.8 -1
v -7.9 0.7 -1
v -7.9 0.8 -1
v -4.7 0.6 -1
v -4.7 0.7 -1
v -4.4 0.6 -1
v -4.4 0.7 -1
v 8.4 0.6 -1
v 8.4 0.7 -1
v 8.6 0.6 -1
v 8.6 0.7 -1
v 11.1 0.7 -1
v 11.1 0.8 -1
v 11.5 0.7 -1
v 11.5 0.8 -1
v -10.2 0.8 -1.1
v -10.2 0.9 -1.1
v -10 0.8 -1.1
v -10 0.9 -1.1
v -7.9 0.7 -1.1
v -7.9 0.8 -1.1
v -7.7 0.7 -1.1
v -7.7 0.8 -1.1
v -4.4 0.6 -1.1
v -4.4 0.7 -1.1
v -4.1 0.6 -1.1
v -4.1 0.7 -1.1
v 8 0.6 -1.1
v 8 0.7 -1.1
v 8.4 0.6 -1.1
v 8.4 0.7 -1.1
v 10.9 0.7 -1.1
v 10.9 0.8 -1.1
v 11.1 0.7 -1.1
v 11.1 0.8 -1.1
v -10 0.8 -1.2
v -10 0.9 -1.2
v -9.8 0.8 -1.2
v -9.8 0.9 -1.2
v -7.7 0.7 -1.2
v -7.7 0.8 -1.2
v -7.6 0.7 -1.2
v -7.6 0.8 -1.2
v -4.1 0.6 -1.2
v -4.1 0.7 -1.2
v -3.9 0.6 -1.2
v -3.9 0.7 -1.2
v 7.4 0.6 -1.2
v 7.4 0.7 -1.2
v 8 0.6 -1.2
v 8 0.7 -1.2
v 10.7 0.7 -1.2
v 10.7 0.8 -1.2
v 10.9 0.7 -1.2
v 10.9 0.8 -1.2
v -9.8 0.8 -1.3
v -9.8 0.9 -1.3
v -9.5 0.8 -1.3
v -9.5 0.9 -1.3
v -7.6 0.7 -1.3
v -7.6 0.8 -1.3
v -7.4 0.7 -1.3
v -7.4 0.8 -1.3
v -3.9 0.6 -1.3
v -3.9 0.7 -1.3
v -3.6 0.6 -1.3
v -3.6 0.7 -1.3
v 6.7 0.6 -1.3
v 6.7 0.7 -1.3
v 7.4 0.6 -1.3
v 7.4 0.7 -1.3
v 10.5 0.7 -1.3
v 10.5 0.8 -1.3
v 10.7 0.7 -1.3
v 10.7 0.8 -1.3
v -9.5 0.8 -1.4
v -9.5 0.9 -1.4
v -9.2 0.8 -1.4
v -9.2 0.9 -1.4
v -7.4 0.7 -1.4
v -7.4 0.8 -1.4
v -7.3 0.7 -1.4
v -7.3 0.8 -1.4
v -3.6 0.6 -1.4
v -3.6 0.7 -1.4
v -3.2 0.6 -1.4
v -3.2 0.7 -1.4
v 6 0.6 -1.4
v 6 0.7 -1.4
v 6.7 0.6 -1.4
v 6.7 0.7 -1.4
v 10.4 0.7 -1.4
v 10.4 0.8 -1.4
v 10.5 0.7 -1.4
v 10.5 0.8 -1.4
v -9.2 0.8 -1.5
v -9.2 0.9 -1.5
v -9 0.8 -1.5
v -9 0.9 -1.5
v -7.3 0.7 -1.5
v -7.3 0.8 -1.5
v -7.1 0.7 -1.5
v -7.1 0.8 -1.5
v -3.2 0.6 -1.5
v -3.2 0.7 -1.5
v -2.8 0.6 -1.5
v -2.8 0.7 -1.5
v 5.2 0.6 -1.5
v 5.2 0.7 -1.5
v 6 0.6 -1.5
v 6 0.7 -1.5
v 10.1 0.7 -1.5
v 10.1 0.8 -1.5
v 10.4 0.7 -1.5
v 10.4 0.8 -1.5
v -9 0.8 -1.6
v -9 0.9 -1.6
v -8.8 0.8 -1.6
v -8.8 0.9 -1.6
v -7.1 0.7 -1.6
v -7.1 0.8 -1.6
v -7 0.7 -1.6
v -7 0.8 -1.6
v -2.8 0.6 -1.6
v -2.8 0.7 -1.6
v -1.4 0.6 -1.6
v -1.4 0.7 -1.6
v 4.7 0.6 -1.6
v 4.7 0.7 -1.6
v 5.2 0.6 -1.6
v 5.2 0.7 -1.6
v 9.8 0.7 -1.6
v 9.8 0.8 -1.6
v 10.1 0.7 -1.6
v 10.1 0.8 -1.6
v -8.8 0.8 -1.7
v -8.8 0.9 -1.7
v -8.6 0.8 -1.7
v -8.6 0.9 -1.7
v -7 0.7 -1.7
v -7 0.8 -1.7
v -6.8 0.7 -1.7
v -6.8 0.8 -1.7
v -1.4 0.6 -1.7
v -1.4 0.7 -1.7
v -0.200001 0.6 -1.7
v -0.200001 0.7 -1.7
v 3.9 0.6 -1.7
v 3.9 0.7 -1.7
v 4.1 0.6 -1.7
v 4.2 0.6 -1.7
v 4.4 0.6 -1.7
v 4.5 0.6 -1.7
v 4.7 0.6 -1.7
v 4.7 0.7 -1.7
v 9.5 0.7 -1.7
v 9.5 0.8 -1.7
v 9.8 0.7 -1.7
v 9.8 0.8 -1.7
v -8.6 0.8 -1.8
v -8.6 0.9 -1.8
v -8.4 0.8 -1.8
v -8.4 0.9 -1.8
v -6.8 0.7 -1.8
v -6.8 0.8 -1.8
v -6.5 0.7 -1.8
v -6.5 0.8 -1.8
v -0.200001 0.6 -1.8
v -0.200001 0.7 -1.8
v 2.5 0.6 -1.8
v 2.5 0.7 -1.8
v 3.3 0.6 -1.8
v 3.3 0.7 -1.8
v 3.9 0.6 -1.8
v 3.9 0.7 -1.8
v 8.8 0.7 -1.8
v 8.8 0.8 -1.8
v 9.5 0.7 -1.8
v 9.5 0.8 -1.8
v -8.4 0.8 -1.9
v -8.4 0.9 -1.9
v -8.3 0.8 -1.9
v -8.3 0.9 -1.9
v -6.5 0.7 -1.9
v -6.5 0.8 -1.9
v -6.3 0.7 -1.9
v -6.3 0.8 -1.9
v 2.5 0.6 -1.9
v 2.5 0.7 -1.9
v 3.3 0.6 -1.9
v 3.3 0.7 -1.9
v 8.4 0.7 -1.9
v 8.4 0.8 -1.9
v 8.8 0.7 -1.9
v 8.8 0.8 -1.9
v -12.8 0.9 -2
v -12.8 1 -2
v -12.1 0.9 -2
v -12.1 1 -2
v -8.3 0.8 -2
v -8.3 0.9 -2
v -8.1 0.8 -2
v -8.1 0.9 -2
v -6.3 0.7 -2
v -6.3 0.8 -2
v -6.2 0.7 -2
v -6.2 0.8 -2
v -6.1 0.7 -2
v -6.1 0.8 -2
v 7.8 0.7 -2
v 7.8 0.8 -2
v 8.4 0.7 -2
v 8.4 0.8 -2
v -12.1 0.9 -2.1
v -12.1 1 -2.1
v -11.8 0.9 -2.1
v -11.8 1 -2.1
v -11.7 0.9 -2.1
v -11.7 1 -2.1
v -11.6 0.9 -2.1
v -11.6 1 -2.1
v -8.1 0.8 -2.1
v -8.1 0.9 -2.1
v -8 0.8 -2.1
v -8 0.9 -2.1
v -6.1 0.7 -2.1
v -6.1 0.8 -2.1
v -5.9 0.7 -2.1
v -5.9 0.8 -2.1
v 7.4 0.7 -2.1
v 7.4 0.8 -2.1
v 7.8 0.7 -2.1
v 7.8 0.8 -2.1
v -11.6 0.9 -2.2
v -11.6 1 -2.2
v -11 0.9 -2.2
v -11 1 -2.2
v -8 0.8 -2.2
v -8 0.9 -2.2
v -7.9 0.8 -2.2
v -7.9 0.9 -2.2
v -5.9 0.7 -2.2
v -5.9 0.8 -2.2
v -5.7 0.7 -2.2
v -5.7 0.8 -2.2
v 7.1 0.7 -2.2
v 7.1 0.8 -2.2
v 7.4 0.7 -2.2
v 7.4 0.8 -2.2
v -11 0.9 -2.3
v -11 1 -2.3
v -10.5 0.9 -2.3
v -10.5 1 -2.3
v -7.9 0.8 -2.3
v -7.9 0.9 -2.3
v -7.8 0.8 -2.3
v -7.8 0.9 -2.3
v -5.7 0.7 -2.3
v -5.7 0.8 -2.3
v -5.5 0.7 -2.3
v -5.5 0.8 -2.3
v 6.7 0.7 -2.3
v 6.7 0.8 -2.3
v 7.1 0.7 -2.3
v 7.1 0.8 -2.3
v -10.5 0.9 -2.4
v -10.5 1 -2.4
v -10.3 0.9 -2.4
v -10.3 1 -2.4
v -7.8 0.8 -2.4
v -7.8 0.9 -2.4
v -7.7 0.8 -2.4
v -7.7 0.9 -2.4
v -5.5 0.7 -2.4
v -5.5 0.8 -2.4
v -5.3 0.7 -2.4
v -5.3 0.8 -2.4
v 6.3 0.7 -2.4
v 6.3 0.8 -2.4
v 6.7 0.7 -2.4
v 6.7 0.8 -2.4
v -10.3 0.9 -2.5
v -10.3 1 -2.5
v -10 0.9 -2.5
v -10 1 -2.5
v -7.7 0.8 -2.5
v -7.7 0.9 -2.5
v -7.6 0.8 -2.5
v -7.6 0.9 -2.5
v -5.3 0.7 -2.5
v -5.3 0.8 -2.5
v -5.1 0.7 -2.5
v -5.1 0.8 -2.5
v 6 0.7 -2.5
v 6 0.8 -2.5
v 6.3 0.7 -2.5
v 6.3 0.8 -2.5
v -10 0.9 -2.6
v -10 1 -2.6
v -9.7 0.9 -2.6
v -9.7 1 -2.6
v -7.6 0.8 -2.6
v -7.6 0.9 -2.6
v -7.4 0.8 -2.6
v -7.4 0.9 -2.6
v -5.1 0.7 -2.6
v -5.1 0.8 -2.6
v -4.9 0.7 -2.6
v -4.9 0.8 -2.6
v 5.6 0.7 -2.6
v 5.6 0.8 -2.6
v 6 0.7 -2.6
v 6 0.8 -2.6
v -9.7 0.9 -2.7
v -9.7 1 -2.7
v -9.4 0.9 -2.7
v -9.4 1 -2.7
v -7.4 0.8 -2.7
v -7.4 0.9 -2.7
v -7.2 0.8 -2.7
v -7.2 0.9 -2.7
v -4.9 0.7 -2.7
v -4.9 0.8 -2.7
v -4.6 0.7 -2.7
v -4.6 0.8 -2.7
v 5.3 0.7 -2.7
v 5.3 0.8 -2.7
v 5.6 0.7 -2.7
v 5.6 0.8 -2.7
v -12.8 1 -2.8
v -12.8 1.1 -2.8
v -12.4 1 -2.8
v -12.4 1.1 -2.8
v -9.4 0.9 -2.8
v -9.4 1 -2.8
v -9.2 0.9 -2.8
v -9.2 1 -2.8
v -7.2 0.8 -2.8
v -7.2 0.9 -2.8
v -7.1 0.8 -2.8
v -7.1 0.9 -2.8
v -4.6 0.7 -2.8
v -4.6 0.8 -2.8
v -4.4 0.7 -2.8
v -4.4 0.8 -2.8
v 4.8 0.7 -2.8
v 4.8 0.8 -2.8
v 5.3 0.7 -2.8
v 5.3 0.8 -2.8
v 12.6 0.8 -2.8
v 12.6 0.9 -2.8
v 12.8 0.8 -2.8
v 12.8 0.9 -2.8
v -12.4 1 -2.9
v -12.4 1.1 -2.9
v -12.2 1 -2.9
v -12.2 1.1 -2.9
v -9.2 0.9 -2.9
v -9.2 1 -2.9
v -9 0.9 -2.9
v -9 1 -2.9
v -7.1 0.8 -2.9
v -7.1 0.9 -2.9
v -6.9 0.8 -2.9
v -6.9 0.9 -2.9
v -4.4 0.7 -2.9
v -4.4 0.8 -2.9
v -4.2 0.7 -2.9
v -4.2 0.8 -2.9
v 4.4 0.7 -2.9
v 4.4 0.8 -2.9
v 4.8 0.7 -2.9
v 4.8 0.8 -2.9
v 12.4 0.8 -2.9
v 12.4 0.9 -2.9
v 12.6 0.8 -2.9
v 12.6 0.9 -2.9
v -12.2 1 -3
v -12.2 1.1 -3
v -11.8 1 -3
v -11.8 1.1 -3
v -9 0.9 -3
v -9 1 -3
v -8.8 0.9 -3
v -8.8 1 -3
v -6.9 0.8 -3
v -6.9 0.9 -3
v -6.7 0.8 -3
v -6.7 0.9 -3
v -4.2 0.7 -3
v -4.2 0.8 -3
v -4 0.7 -3
v -4 0.8 -3
v 4.1 0.7 -3
v 4.1 0.8 -3
v 4.4 0.7 -3
v 4.4 0.8 -3
v 12.3 0.8 -3
v 12.3 0.9 -3
v 12.4 0.8 -3
v 12.4 0.9 -3
v -11.8 1 -3.1
v -11.8 1.1 -3.1
v -11.5 1 -3.1
v -11.5 1.1 -3.1
v -8.8 0.9 -3.1
v -8.8 1 -3.1
v -8.6 0.9 -3.1
v -8.6 1 -3.1
v -6.7 0.8 -3.1
v -6.7 0.9 -3.1
v -6.4 0.8 -3.1
v -6.4 0.9 -3.1
v -4 0.7 -3.1
v -4 0.8 -3.1
v -3.7 0.7 -3.1
v -3.7 0.8 -3.1
v -2.1 0.7 -3.1
v -2.1 0.8 -3.1
v -1.4 0.7 -3.1
v -1.4 0.8 -3.1
v 0.5 0.7 -3.1
v 0.5 0.8 -3.1
v 2.9 0.7 -3.1
v 2.9 0.8 -3.1
v 3.9 0.7 -3.1
v 3.9 0.8 -3.1
v 4.1 0.7 -3.1
v 4.1 0.8 -3.1
v -11.5 1 -3.2
v -11.5 1.1 -3.2
v -11.1 1 -3.2
v -11.1 1.1 -3.2
v -8.6 0.9 -3.2
v -8.6 1 -3.2
v -8.4 0.9 -3.2
v -8.3 0.9 -3.2
v -8.3 1 -3.2
v -6.4 0.8 -3.2
v -6.4 0.9 -3.2
v -6.2 0.8 -3.2
v -6.2 0.9 -3.2
v -3.7 0.7 -3.2
v -3.7 0.8 -3.2
v -3.4 0.7 -3.2
v -3.4 0.8 -3.2
v -2.7 0.7 -3.2
v -2.7 0.8 -3.2
v -2.1 0.7 -3.2
v -2.1 0.8 -3.2
v -1.4 0.7 -3.2
v -1.4 0.8 -3.2
v 0.5 0.7 -3.2
v 0.5 0.8 -3.2
v 2.9 0.7 -3.2
v 2.9 0.8 -3.2
v 3.9 0.7 -3.2
v 3.9 0.8 -3.2
v 12.1 0.8 -3.2
v 12.1 0.9 -3.2
v 12.3 0.8 -3.2
v 12.3 0.9 -3.2
v -11.1 1 -3.3
v -11.1 1.1 -3.3
v -10.7 1 -3.3
v -10.7 1.1 -3.3
v -8.3 0.9 -3.3
v -8.3 1 -3.3
v -7.9 0.9 -3.3
v -7.9 1 -3.3
v -6.2 0.8 -3.3
v -6.2 0.9 -3.3
v -6 0.8 -3.3
v -6 0.9 -3.3
v -3.4 0.7 -3.3
v -3.4 0.8 -3.3
v -2.7 0.7 -3.3
v -2.7 0.8 -3.3
v 12 0.8 -3.3
v 12 0.9 -3.3
v 12.1 0.8 -3.3
v 12.1 0.9 -3.3
v -10.7 1 -3.4
v -10.7 1.1 -3.4
v -10.4 1 -3.4
v -10.4 1.1 -3.4
v -7.9 0.9 -3.4
v -7.9 1 -3.4
v -7.6 0.9 -3.4
v -7.6 1 -3.4
v -6 0.8 -3.4
v -6 0.9 -3.4
v -5.8 0.8 -3.4
v -5.8 0.9 -3.4
v 11.8 0.8 -3.4
v 11.8 0.9 -3.4
v 12 0.8 -3.4
v 12 0.9 -3.4
v -10.4 1 -3.5
v -10.4 1.1 -3.5
v -10 1 -3.5
v -10 1.1 -3.5
v -7.6 0.9 -3.5
v -7.6 1 -3.5
v -7.3 0.9 -3.5
v -7.3 1 -3.5
v -5.8 0.8 -3.5
v -5.8 0.9 -3.5
v -5.6 0.8 -3.5
v -5.6 0.9 -3.5
v 11.6 0.8 -3.5
v 11.6 0.9 -3.5
v 11.8 0.8 -3.5
v 11.8 0.9 -3.5
v -10 1 -3.6
v -10 1.1 -3.6
v -9.9 1 -3.6
v -9.9 1.1 -3.6
v -9.6 1 -3.6
v -9.6 1.1 -3.6
v -7.3 0.9 -3.6
v -7.3 1 -3.6
v -7.1 0.9 -3.6
v -7.1 1 -3.6
v -5.6 0.8 -3.6
v -5.6 0.9 -3.6
v -5.4 0.8 -3.6
v -5.4 0.9 -3.6
v 7.1 0.8 -3.6
v 7.1 0.9 -3.6
v 9.1 0.8 -3.6
v 9.1 0.9 -3.6
v 11.5 0.8 -3.6
v 11.5 0.9 -3.6
v 11.6 0.8 -3.6
v 11.6 0.9 -3.6
v -9.6 1 -3.7
v -9.6 1.1 -3.7
v -9.4 1 -3.7
v -9.4 1.1 -3.7
v -7.1 0.9 -3.7
v -7.1 1 -3.7
v -7 0.9 -3.7
v -7 1 -3.7
v -5.4 0.8 -3.7
v -5.4 0.9 -3.7
v -5.3 0.8 -3.7
v -5.3 0.9 -3.7
v -5.2 0.8 -3.7
v -5.2 0.9 -3.7
v -5.1 0.8 -3.7
v -5.1 0.9 -3.7
v 5.8 0.8 -3.7
v 5.8 0.9 -3.7
v 7.1 0.8 -3.7
v 7.1 0.9 -3.7
v 9.1 0.8 -3.7
v 9.1 0.9 -3.7
v 9.8 0.8 -3.7
v 9.8 0.9 -3.7
v 11.4 0.8 -3.7
v 11.4 0.9 -3.7
v 11.5 0.8 -3.7
v 11.5 0.9 -3.7
v -9.4 1 -3.8
v -9.4 1.1 -3.8
v -9.1 1 -3.8
v -9.1 1.1 -3.8
v -7 0.9 -3.8
v -7 1 -3.8
v -6.8 0.9 -3.8
v -6.8 1 -3.8
v -5.1 0.8 -3.8
v -5.1 0.9 -3.8
v -4.8 0.8 -3.8
v -4.8 0.9 -3.8
v 2.6 0.8 -3.8
v 2.6 0.9 -3.8
v 5.8 0.8 -3.8
v 5.8 0.9 -3.8
v 9.8 0.8 -3.8
v 9.8 0.9 -3.8
v 10.3 0.8 -3.8
v 10.3 0.9 -3.8
v 11.3 0.8 -3.8
v 11.3 0.9 -3.8
v 11.4 0.8 -3.8
v 11.4 0.9 -3.8
v -9.1 1 -3.9
v -9.1 1.1 -3.9
v -8.7 1 -3.9
v -8.7 1.1 -3.9
v -6.8 0.9 -3.9
v -6.8 1 -3.9
v -6.6 0.9 -3.9
v -6.6 1 -3.9
v -4.8 0.8 -3.9
v -4.8 0.9 -3.9
v -4.3 0.8 -3.9
v -4.3 0.9 -3.9
v -0.5 0.8 -3.9
v -0.5 0.9 -3.9
v 2.6 0.8 -3.9
v 2.6 0.9 -3.9
v 10.3 0.8 -3.9
v 10.3 0.9 -3.9
v 11.3 0.8 -3.9
v 11.3 0.9 -3.9
v -8.7 1 -4
v -8.7 1.1 -4
v -8.4 1 -4
v -8.4 1.1 -4
v -6.6 0.9 -4
v -6.6 1 -4
v -6.3 0.9 -4
v -6.3 1 -4
v -4.3 0.8 -4
v -4.3 0.9 -4
v -3.6 0.8 -4
v -3.6 0.9 -4
v -0.900001 0.8 -4
v -0.900001 0.9 -4
v -0.5 0.8 -4
v -0.5 0.9 -4
v -8.4 1 -4.1
v -8.4 1.1 -4.1
v -8.2 1 -4.1
v -8.2 1.1 -4.1
v -6.3 0.9 -4.1
v -6.3 1 -4.1
v -6 0.9 -4.1
v -6 1 -4.1
v -3.6 0.8 -4.1
v -3.6 0.9 -4.1
v -3 0.8 -4.1
v -3 0.9 -4.1
v -1.6 0.8 -4.1
v -1.6 0.9 -4.1
v -0.900001 0.8 -4.1
v -0.900001 0.9 -4.1
v 12.5 0.9 -4.1
v 12.5 1 -4.1
v 12.8 0.9 -4.1
v 12.8 1 -4.1
v -8.2 1 -4.2
v -8.2 1.1 -4.2
v -7.9 1 -4.2
v -7.9 1.1 -4.2
v -6 0.9 -4.2
v -6 1 -4.2
v -5.7 0.9 -4.2
v -5.7 1 -4.2
v -3 0.8 -4.2
v -3 0.9 -4.2
v -2.7 0.8 -4.2
v -2.6 0.8 -4.2
v -1.6 0.8 -4.2
v -1.6 0.9 -4.2
v 12.3 0.9 -4.2
v 12.3 1 -4.2
v 12.5 0.9 -4.2
v 12.5 1 -4.2
v -7.9 1 -4.3
v -7.9 1.1 -4.3
v -7.5 1 -4.3
v -7.5 1.1 -4.3
v -5.7 0.9 -4.3
v -5.7 1 -4.3
v -5.3 0.9 -4.3
v -5.3 1 -4.3
v 12.1 0.9 -4.3
v 12.1 1 -4.3
v 12.3 0.9 -4.3
v 12.3 1 -4.3
v -7.5 1 -4.4
v -7.5 1.1 -4.4
v -7.2 1 -4.4
v -7.2 1.1 -4.4
v -5.3 0.9 -4.4
v -5.3 1 -4.4
v -4.5 0.9 -4.4
v -4.5 1 -4.4
v 12 0.9 -4.4
v 12 1 -4.4
v 12.1 0.9 -4.4
v 12.1 1 -4.4
v -7.2 1 -4.5
v -7.2 1.1 -4.5
v -7 1 -4.5
v -7 1.1 -4.5
v -4.5 0.9 -4.5
v -4.5 1 -4.5
v -3.8 0.9 -4.5
v -3.8 1 -4.5
v 11.7 0.9 -4.5
v 11.7 1 -4.5
v 12 0.9 -4.5
v 12 1 -4.5
v -7 1 -4.6
v -7 1.1 -4.6
v -6.6 1 -4.6
v -6.6 1.1 -4.6
v -3.8 0.9 -4.6
v -3.8 1 -4.6
v -3.2 0.9 -4.6
v -3.2 1 -4.6
v 11.6 0.9 -4.6
v 11.6 1 -4.6
v 11.7 0.9 -4.6
v 11.7 1 -4.6
v -6.6 1 -4.7
v -6.6 1.1 -4.7
v -6.3 1 -4.7
v -6.3 1.1 -4.7
v -3.2 0.9 -4.7
v -3.2 1 -4.7
v -2.2 0.9 -4.7
v -2.2 1 -4.7
v 7.6 0.9 -4.7
v 7.6 1 -4.7
v 8.7 0.9 -4.7
v 8.7 1 -4.7
v 8.8 0.9 -4.7
v 8.8 1 -4.7
v 11.6 0.9 -4.7
v 11.6 1 -4.7
v -6.3 1 -4.8
v -6.3 1.1 -4.8
v -6.1 1 -4.8
v -6.1 1.1 -4.8
v -2.2 0.9 -4.8
v -2.2 1 -4.8
v 0.299999 0.9 -4.8
v 0.299999 1 -4.8
v 7.1 0.9 -4.8
v 7.1 1 -4.8
v 7.6 0.9 -4.8
v 7.6 1 -4.8
v -12.8 1.1 -4.9
v -12.8 1.2 -4.9
v -11.7 1.1 -4.9
v -11.7 1.2 -4.9
v -6.1 1 -4.9
v -6.1 1.1 -4.9
v -5.9 1 -4.9
v -5.9 1.1 -4.9
v 0.299999 0.9 -4.9
v 0.299999 1 -4.9
v 2.1 0.9 -4.9
v 2.1 1 -4.9
v 6.7 0.9 -4.9
v 6.7 1 -4.9
v 7.1 0.9 -4.9
v 7.1 1 -4.9
v -11.7 1.1 -5
v -11.7 1.2 -5
v -11.2 1.1 -5
v -11.2 1.2 -5
v -5.9 1 -5
v -5.9 1.1 -5
v -5.5 1 -5
v -5.5 1.1 -5
v 2.1 0.9 -5
v 2.1 1 -5
v 3 0.9 -5
v 3 1 -5
v 6.3 0.9 -5
v 6.3 1 -5
v 6.7 0.9 -5
v 6.7 1 -5
v -11.2 1.1 -5.1
v -11.2 1.2 -5.1
v -10.8 1.1 -5.1
v -10.8 1.2 -5.1
v -5.5 1 -5.1
v -5.5 1.1 -5.1
v -4.8 1 -5.1
v -4.8 1.1 -5.1
v 3 0.9 -5.1
v 3 1 -5.1
v 3.3 0.9 -5.1
v 3.3 1 -5.1
v 3.4 0.9 -5.1
v 3.4 1 -5.1
v 4 0.9 -5.1
v 4 1 -5.1
v 5.9 0.9 -5.1
v 5.9 1 -5.1
v 6.3 0.9 -5.1
v 6.3 1 -5.1
v -10.8 1.1 -5.2
v -10.8 1.2 -5.2
v -10.1 1.1 -5.2
v -10.1 1.2 -5.2
v -4.8 1 -5.2
v -4.8 1.1 -5.2
v -3.2 1 -5.2
v -3.2 1.1 -5.2
v 4 0.9 -5.2
v 4 1 -5.2
v 5.9 0.9 -5.2
v 5.9 1 -5.2
v 12.7 1 -5.2
v 12.7 1.1 -5.2
v 12.8 1 -5.2
v 12.8 1.1 -5.2
v -10.1 1.1 -5.3
v -10.1 1.2 -5.3
v -9.9 1.1 -5.3
v -9.9 1.2 -5.3
v -3.2 1 -5.3
v -3.2 1.1 -5.3
v -1.9 1 -5.3
v -1.9 1.1 -5.3
v -1.8 1 -5.3
v -1.8 1.1 -5.3
v -1.5 1 -5.3
v -1.5 1.1 -5.3
v 12.5 1 -5.3
v 12.5 1.1 -5.3
v 12.7 1 -5.3
v 12.7 1.1 -5.3
v -9.9 1.1 -5.4
v -9.9 1.2 -5.4
v -9.3 1.1 -5.4
v -9.3 1.2 -5.4
v -1.5 1 -5.4
v -1.5 1.1 -5.4
v -0.5 1 -5.4
v -0.5 1.1 -5.4
v 12 1 -5.4
v 12 1.1 -5.4
v 12.5 1 -5.4
v 12.5 1.1 -5.4
v -9.3 1.1 -5.5
v -9.3 1.2 -5.5
v -8.7 1.1 -5.5
v -8.7 1.2 -5.5
v -0.5 1 -5.5
v -0.5 1.1 -5.5
v 0.0999994 1 -5.5
v 0.0999994 1.1 -5.5
v 11.5 1 -5.5
v 11.5 1.1 -5.5
v 12 1 -5.5
v 12 1.1 -5.5
v -8.7 1.1 -5.6
v -8.7 1.2 -5.6
v -7.9 1.1 -5.6
v -7.9 1.2 -5.6
v 0.0999994 1 -5.6
v 0.0999994 1.1 -5.6
v 0.4 1 -5.6
v 0.4 1.1 -5.6
v 11.3 1 -5.6
v 11.3 1.1 -5.6
v 11.5 1 -5.6
v 11.5 1.1 -5.6
v -7.9 1.1 -5.7
v -7.9 1.2 -5.7
v -7.4 1.1 -5.7
v -7.4 1.2 -5.7
v 0.4 1 -5.7
v 0.4 1.1 -5.7
v 0.799999 1 -5.7
v 0.799999 1.1 -5.7
v 10.7 1 -5.7
v 10.7 1.1 -5.7
v 11.3 1 -5.7
v 11.3 1.1 -5.7
v -7.4 1.1 -5.8
v -7.4 1.2 -5.8
v -7 1.1 -5.8
v -7 1.2 -5.8
v 0.799999 1 -5.8
v 0.799999 1.1 -5.8
v 1.3 1 -5.8
v 1.3 1.1 -5.8
v 10.4 1 -5.8
v 10.4 1.1 -5.8
v 10.7 1 -5.8
v 10.7 1.1 -5.8
v -7 1.1 -5.9
v -7 1.2 -5.9
v -5.7 1.1 -5.9
v -5.7 1.2 -5.9
v 1.3 1 -5.9
v 1.3 1.1 -5.9
v 1.8 1 -5.9
v 1.8 1.1 -5.9
v 10 1 -5.9
v 10 1.1 -5.9
v 10.4 1 -5.9
v 10.4 1.1 -5.9
v -5.7 1.1 -6
v -5.7 1.2 -6
v -5.3 1.1 -6
v -5.3 1.2 -6
v 1.8 1 -6
v 1.8 1.1 -6
v 2.4 1 -6
v 2.4 1.1 -6
v 9.5 1 -6
v 9.5 1.1 -6
v 10 1 -6
v 10 1.1 -6
v -5.3 1.1 -6.1
v -5.3 1.2 -6.1
v -4.4 1.1 -6.1
v -4.4 1.2 -6.1
v 2.4 1 -6.1
v 2.4 1.1 -6.1
v 2.6 1 -6.1
v 2.6 1.1 -6.1
v 9.1 1 -6.1
v 9.1 1.1 -6.1
v 9.5 1 -6.1
v 9.5 1.1 -6.1
v -4.4 1.1 -6.2
v -4.4 1.2 -6.2
v -4 1.1 -6.2
v -4 1.2 -6.2
v 2.6 1 -6.2
v 2.6 1.1 -6.2
v 2.7 1 -6.2
v 2.7 1.1 -6.2
v 8.8 1 -6.2
v 8.8 1.1 -6.2
v 9.1 1 -6.2
v 9.1 1.1 -6.2
v -4 1.1 -6.3
v -4 1.2 -6.3
v -3.7 1.1 -6.3
v -3.7 1.2 -6.3
v 2.7 1 -6.3
v 2.7 1.1 -6.3
v 2.9 1 -6.3
v 2.9 1.1 -6.3
v 8.5 1 -6.3
v 8.5 1.1 -6.3
v 8.8 1 -6.3
v 8.8 1.1 -6.3
v 12.4 1.1 -6.3
v 12.4 1.2 -6.3
v 12.8 1.1 -6.3
v 12.8 1.2 -6.3
v -3.7 1.1 -6.4
v -3.7 1.2 -6.4
v -3.3 1.1 -6.4
v -3.3 1.2 -6.4
v 2.9 1 -6.4
v 2.9 1.1 -6.4
v 3.2 1 -6.4
v 3.2 1.1 -6.4
v 8.2 1 -6.4
v 8.2 1.1 -6.4
v 8.5 1 -6.4
v 8.5 1.1 -6.4
v 12 1.1 -6.4
v 12 1.2 -6.4
v 12.4 1.1 -6.4
v 12.4 1.2 -6.4
v -3.3 1.1 -6.5
v -3.3 1.2 -6.5
v -2.9 1.1 -6.5
v -2.9 1.2 -6.5
v 3.2 1 -6.5
v 3.2 1.1 -6.5
v 3.6 1 -6.5
v 3.6 1.1 -6.5
v 8 1 -6.5
v 8 1.1 -6.5
v 8.2 1 -6.5
v 8.2 1.1 -6.5
v 11.8 1.1 -6.5
v 11.8 1.2 -6.5
v 12 1.1 -6.5
v 12 1.2 -6.5
v -2.9 1.1 -6.6
v -2.9 1.2 -6.6
v -2.6 1.1 -6.6
v -2.6 1.2 -6.6
v 3.6 1 -6.6
v 3.6 1.1 -6.6
v 3.9 1 -6.6
v 3.9 1.1 -6.6
v 7.8 1 -6.6
v 7.8 1.1 -6.6
v 8 1 -6.6
v 8 1.1 -6.6
v 11.5 1.1 -6.6
v 11.5 1.2 -6.6
v 11.8 1.1 -6.6
v 11.8 1.2 -6.6
v -2.6 1.1 -6.7
v -2.6 1.2 -6.7
v -2.4 1.1 -6.7
v -2.4 1.2 -6.7
v 3.9 1 -6.7
v 3.9 1.1 -6.7
v 4.1 1 -6.7
v 4.1 1.1 -6.7
v 7.6 1 -6.7
v 7.6 1.1 -6.7
v 7.8 1 -6.7
v 7.8 1.1 -6.7
v 11.4 1.1 -6.7
v 11.4 1.2 -6.7
v 11.5 1.1 -6.7
v 11.5 1.2 -6.7
v -12.8 1.2 -6.8
v -12.8 1.3 -6.8
v -12.2 1.2 -6.8
v -12.2 1.3 -6.8
v -2.4 1.1 -6.8
v -2.4 1.2 -6.8
v -2.2 1.1 -6.8
v -2.2 1.2 -6.8
v 4.1 1 -6.8
v 4.1 1.1 -6.8
v 4.3 1 -6.8
v 4.3 1.1 -6.8
v 7.1 1 -6.8
v 7.1 1.1 -6.8
v 7.6 1 -6.8
v 7.6 1.1 -6.8
v 11.2 1.1 -6.8
v 11.2 1.2 -6.8
v 11.4 1.1 -6.8
v 11.4 1.2 -6.8
v -12.2 1.2 -6.9
v -12.2 1.3 -6.9
v -12 1.2 -6.9
v -12 1.3 -6.9
v -2.2 1.1 -6.9
v -2.2 1.2 -6.9
v -1.9 1.1 -6.9
v -1.9 1.2 -6.9
v 4.3 1 -6.9
v 4.3 1.1 -6.9
v 4.5 1 -6.9
v 4.5 1.1 -6.9
v 6.7 1 -6.9
v 6.7 1.1 -6.9
v 7.1 1 -6.9
v 7.1 1.1 -6.9
v 11 1.1 -6.9
v 11 1.2 -6.9
v 11.2 1.1 -6.9
v 11.2 1.2 -6.9
v -12 1.2 -7
v -12 1.3 -7
v -11.8 1.2 -7
v -11.8 1.3 -7
v -11.6 1.2 -7
v -11.6 1.3 -7
v -1.9 1.1 -7
v -1.9 1.2 -7
v -1.7 1.1 -7
v -1.7 1.2 -7
v 4.5 1 -7
v 4.5 1.1 -7
v 4.8 1 -7
v 4.8 1.1 -7
v 6.3 1 -7
v 6.3 1.1 -7
v 6.7 1 -7
v 6.7 1.1 -7
v 10.9 1.1 -7
v 10.9 1.2 -7
v 11 1.1 -7
v 11 1.2 -7
v -11.6 1.2 -7.1
v -11.6 1.3 -7.1
v -11.5 1.2 -7.1
v -11.2 1.2 -7.1
v -11.2 1.3 -7.1
v -1.7 1.1 -7.1
v -1.7 1.2 -7.1
v -1.5 1.1 -7.1
v -1.5 1.2 -7.1
v 4.8 1 -7.1
v 4.8 1.1 -7.1
v 6.3 1 -7.1
v 6.3 1.1 -7.1
v 10.7 1.1 -7.1
v 10.7 1.2 -7.1
v 10.9 1.1 -7.1
v 10.9 1.2 -7.1
v -11.2 1.2 -7.2
v -11.2 1.3 -7.2
v -10.8 1.2 -7.2
v -10.8 1.3 -7.2
v -1.5 1.1 -7.2
v -1.5 1.2 -7.2
v -0.700001 1.1 -7.2
v -0.700001 1.2 -7.2
v 10.5 1.1 -7.2
v 10.5 1.2 -7.2
v 10.7 1.1 -7.2
v 10.7 1.2 -7.2
v -10.8 1.2 -7.3
v -10.8 1.3 -7.3
v -10.2 1.2 -7.3
v -10.2 1.3 -7.3
v -0.700001 1.1 -7.3
v -0.700001 1.2 -7.3
v -0.3 1.1 -7.3
v -0.3 1.2 -7.3
v 10.3 1.1 -7.3
v 10.3 1.2 -7.3
v 10.5 1.1 -7.3
v 10.5 1.2 -7.3
v -10.2 1.2 -7.4
v -10.2 1.3 -7.4
v -9.2 1.2 -7.4
v -9.2 1.3 -7.4
v -0.3 1.1 -7.4
v -0.3 1.2 -7.4
v 0.0999994 1.1 -7.4
v 0.0999994 1.2 -7.4
v 10.2 1.1 -7.4
v 10.2 1.2 -7.4
v 10.3 1.1 -7.4
v 10.3 1.2 -7.4
v -9.2 1.2 -7.5
v -9.2 1.3 -7.5
v -8.4 1.2 -7.5
v -8.4 1.3 -7.5
v 0.0999994 1.1 -7.5
v 0.0999994 1.2 -7.5
v 0.299999 1.1 -7.5
v 0.299999 1.2 -7.5
v 10 1.1 -7.5
v 10 1.2 -7.5
v 10.2 1.1 -7.5
v 10.2 1.2 -7.5
v -8.4 1.2 -7.6
v -8.4 1.3 -7.6
v -8 1.2 -7.6
v -8 1.3 -7.6
v 0.299999 1.1 -7.6
v 0.299999 1.2 -7.6
v 0.799999 1.1 -7.6
v 0.799999 1.2 -7.6
v 9.9 1.1 -7.6
v 9.9 1.2 -7.6
v 10 1.1 -7.6
v 10 1.2 -7.6
v -8 1.2 -7.7
v -8 1.3 -7.7
v -7.6 1.2 -7.7
v -7.6 1.3 -7.7
v 0.799999 1.1 -7.7
v 0.799999 1.2 -7.7
v 1.2 1.1 -7.7
v 1.2 1.2 -7.7
v 5 1.1 -7.7
v 5 1.2 -7.7
v 6.3 1.1 -7.7
v 6.3 1.2 -7.7
v 9.7 1.1 -7.7
v 9.7 1.2 -7.7
v 9.9 1.1 -7.7
v 9.9 1.2 -7.7
v -7.6 1.2 -7.8
v -7.6 1.3 -7.8
v -7.2 1.2 -7.8
v -7.2 1.3 -7.8
v 1.2 1.1 -7.8
v 1.2 1.2 -7.8
v 2.4 1.1 -7.8
v 2.4 1.2 -7.8
v 4.5 1.1 -7.8
v 4.5 1.2 -7.8
v 5 1.1 -7.8
v 5 1.2 -7.8
v 6.3 1.1 -7.8
v 6.3 1.2 -7.8
v 6.5 1.1 -7.8
v 6.5 1.2 -7.8
v 9.5 1.1 -7.8
v 9.5 1.2 -7.8
v 9.7 1.1 -7.8
v 9.7 1.2 -7.8
v -7.2 1.2 -7.9
v -7.2 1.3 -7.9
v -6.8 1.2 -7.9
v -6.8 1.3 -7.9
v 2.4 1.1 -7.9
v 2.4 1.2 -7.9
v 4.5 1.1 -7.9
v 4.5 1.2 -7.9
v 6.5 1.1 -7.9
v 6.5 1.2 -7.9
v 6.9 1.1 -7.9
v 6.9 1.2 -7.9
v 9.4 1.1 -7.9
v 9.4 1.2 -7.9
v 9.5 1.1 -7.9
v 9.5 1.2 -7.9
v -6.8 1.2 -8
v -6.8 1.3 -8
v -6.4 1.2 -8
v -6.4 1.3 -8
v 6.9 1.1 -8
v 6.9 1.2 -8
v 7.5 1.1 -8
v 7.5 1.2 -8
v 8.8 1.1 -8
v 8.8 1.2 -8
v 9.4 1.1 -8
v 9.4 1.2 -8
v -6.4 1.2 -8.1
v -6.4 1.3 -8.1
v -6 1.2 -8.1
v -6 1.3 -8.1
v 7.5 1.1 -8.1
v 7.5 1.2 -8.1
v 8.8 1.1 -8.1
v 8.8 1.2 -8.1
v -6 1.2 -8.2
v -6 1.3 -8.2
v -5.7 1.2 -8.2
v -5.7 1.3 -8.2
v -5.7 1.2 -8.3
v -5.7 1.3 -8.3
v -5.5 1.2 -8.3
v -5.5 1.3 -8.3
v -5.5 1.2 -8.4
v -5.5 1.3 -8.4
v -5.4 1.2 -8.4
v -5.4 1.3 -8.4
v -5.4 1.2 -8.5
v -5.4 1.3 -8.5
v -5.1 1.2 -8.5
v -5.1 1.3 -8.5
v -5.1 1.2 -8.6
v -5.1 1.3 -8.6
v -4.6 1.2 -8.6
v -4.6 1.3 -8.6
v -4.6 1.2 -8.7
v -4.6 1.3 -8.7
v -3.9 1.2 -8.7
v -3.9 1.3 -8.7
v -3.9 1.2 -8.8
v -3.9 1.3 -8.8
v -3.3 1.2 -8.8
v -3.3 1.3 -8.8
v -3.3 1.2 -8.9
v -3.3 1.3 -8.9
v -2.8 1.2 -8.9
v -2.8 1.3 -8.9
v 5 1.2 -8.9
v 5 1.3 -8.9
v 5.5 1.2 -8.9
v 5.5 1.3 -8.9
v -2.8 1.2 -9
v -2.8 1.3 -9
v -2.3 1.2 -9
v -2.3 1.3 -9
v 3.9 1.2 -9
v 3.9 1.3 -9
v 5 1.2 -9
v 5 1.3 -9
v 5.5 1.2 -9
v 5.5 1.3 -9
v 5.8 1.2 -9
v 5.8 1.3 -9
v -2.3 1.2 -9.1
v -2.3 1.3 -9.1
v -1.6 1.2 -9.1
v -1.6 1.3 -9.1
v 3.3 1.2 -9.1
v 3.3 1.3 -9.1
v 3.9 1.2 -9.1
v 3.9 1.3 -9.1
v 5.8 1.2 -9.1
v 5.8 1.3 -9.1
v 6.6 1.2 -9.1
v 6.6 1.3 -9.1
v -1.6 1.2 -9.2
v -1.6 1.3 -9.2
v -1.2 1.2 -9.2
v -1.2 1.3 -9.2
v -1.1 1.2 -9.2
v -1.1 1.3 -9.2
v -0.700001 1.2 -9.2
v -0.700001 1.3 -9.2
v 3 1.2 -9.2
v 3 1.3 -9.2
v 3.3 1.2 -9.2
v 3.3 1.3 -9.2
v 6.6 1.2 -9.2
v 6.6 1.3 -9.2
v 7.9 1.2 -9.2
v 7.9 1.3 -9.2
v -0.700001 1.2 -9.3
v -0.700001 1.3 -9.3
v 0 1.2 -9.3
v 0 1.3 -9.3
v 2.8 1.2 -9.3
v 2.8 1.3 -9.3
v 3 1.2 -9.3
v 3 1.3 -9.3
v 7.9 1.2 -9.3
v 7.9 1.3 -9.3
v 9.3 1.2 -9.3
v 9.3 1.3 -9.3
v 0 1.2 -9.4
v 0 1.3 -9.4
v 0.599999 1.2 -9.4
v 0.599999 1.3 -9.4
v 2.6 1.2 -9.4
v 2.6 1.3 -9.4
v 2.8 1.2 -9.4
v 2.8 1.3 -9.4
v 9.3 1.2 -9.4
v 9.3 1.3 -9.4
v 9.7 1.2 -9.4
v 9.7 1.3 -9.4
v 12.2 1.2 -9.4
v 12.2 1.3 -9.4
v 12.8 1.2 -9.4
v 12.8 1.3 -9.4
v 0.599999 1.2 -9.5
v 0.599999 1.3 -9.5
v 1.1 1.2 -9.5
v 1.1 1.3 -9.5
v 1.9 1.2 -9.5
v 1.9 1.3 -9.5
v 2.6 1.2 -9.5
v 2.6 1.3 -9.5
v 9.7 1.2 -9.5
v 9.7 1.3 -9.5
v 9.9 1.2 -9.5
v 9.9 1.3 -9.5
v 11.7 1.2 -9.5
v 11.7 1.3 -9.5
v 12.2 1.2 -9.5
v 12.2 1.3 -9.5
v 1.1 1.2 -9.6
v 1.1 1.3 -9.6
v 1.9 1.2 -9.6
v 1.9 1.3 -9.6
v 9.9 1.2 -9.6
v 9.9 1.3 -9.6
v 10.1 1.2 -9.6
v 10.1 1.3 -9.6
v 11.4 1.2 -9.6
v 11.4 1.3 -9.6
v 11.7 1.2 -9.6
v 11.7 1.3 -9.6
v 10.1 1.2 -9.7
v 10.1 1.3 -9.7
v 11.4 1.2 -9.7
v 11.4 1.3 -9.7
v -12.8 0 -12.8
v -12.8 1.3 -12.8
v 12.8 0 -12.8
v 12.8 1.3 -12.8
v -12.8 0 12.8
v 12.8 0 12.8
v -12.3 0 12.2
v -12.2 0 12.2
v -12.3 0 12.1
v -12.2 0 12.1
v 5.4 0 12
v 5.6 0 12
v -7.5 0 11.9
v -7.4 0 11.9
v -3 0 11.9
v -2.8 0 11.9
v 5.4 0 11.9
v 5.6 0 11.9
v -7.5 0 11.8
v -7.4 0 11.8
v -3.6 0 11.8
v -3.5 0 11.8
v -3 0 11.8
v -2.8 0 11.8
v -3.6 0 11.7
v -3.5 0 11.7
v 6.5 0 11.7
v 6.6 0 11.7
v 6.5 0 11.6
v 6.6 0 11.6
v 9.8 0 11.5
v 9.9 0 11.5
v -4.9 0 11.4
v -4.8 0 11.4
v 0.2 0 11.4
v 0.299999 0 11.4
v 9.8 0 11.4
v 9.9 0 11.4
v -7.5 0 11.3
v -7.4 0 11.3
v -4.9 0 11.3
v -4.8 0 11.3
v 0.2 0 11.3
v 0.299999 0 11.3
v -7.5 0 11.2
v -7.4 0 11.2
v -3.5 0 11.2
v -3.4 0 11.2
v -3.4 0 11.1
v -3.1 0 11.1
v 0 0 11.1
v 0.0999994 0 11.1
v -5.6 0 11
v -5.5 0 11
v -3.5 0 11
v -3.1 0 11
v -1.4 0 11
v -1.3 0 11
v -0.1 0 11
v 0 0 11
v 0.0999994 0 11
v -12 0 10.9
v -11.9 0 10.9
v -8.3 0 10.9
v -8.2 0 10.9
v -5.6 0 10.9
v -5.5 0 10.9
v -1.4 0 10.9
v -1.3 0 10.9
v -0.5 0 10.9
v -0.400001 0 10.9
v -12 0 10.8
v -11.9 0 10.8
v -8.3 0 10.8
v -8.2 0 10.8
v -7.5 0 10.8
v -7.4 0 10.8
v -7 0 10.8
v -6.9 0 10.8
v -0.5 0 10.8
v -0.400001 0 10.8
v -0.1 0 10.8
v 0 0 10.8
v 9.4 0 10.8
v 9.5 0 10.8
v -7.6 0 10.7
v -7.5 0 10.7
v -7 0 10.7
v -6.9 0 10.7
v 9.4 0 10.7
v 9.5 0 10.7
v -12.3 0 10.6
v -12.2 0 10.6
v -7.6 0 10.6
v -7.4 0 10.6
v -6.5 0 10.6
v -6.4 0 10.6
v -12.3 0 10.5
v -12.2 0 10.5
v -6.5 0 10.5
v -6.4 0 10.5
v -0.8 0 10.5
v -0.700001 0 10.5
v 10 0 10.5
v 10.1 0 10.5
v 10.3 0 10.5
v 10.4 0 10.5
v -0.8 0 10.4
v -0.700001 0 10.4
v 10 0 10.4
v 10.1 0 10.4
v 10.3 0 10.4
v 10.4 0 10.4
v 4.2 0 10.1
v 4.3 0 10.1
v 5.3 0 10.1
v 5.4 0 10.1
v 9.8 0 10.1
v 9.9 0 10.1
v -11.3 0 10
v -11.2 0 10
v 4.2 0 10
v 4.3 0 10
v 7.1 0 10
v 7.2 0 10
v 9.5 0 10
v 9.6 0 10
v 9.7 0 10
v 9.8 0 10
v 9.9 0 10
v -11.3 0 9.9
v -11.2 0 9.9
v -4.7 0 9.9
v -4.6 0 9.9
v 5.3 0 9.9
v 5.4 0 9.9
v 7.1 0 9.9
v 7.2 0 9.9
v 9.5 0 9.9
v 9.6 0 9.9
v 9.7 0 9.9
v 9.8 0 9.9
v -11.7 0 9.8
v -11.6 0 9.8
v -4.7 0 9.8
v -4.6 0 9.8
v -11.7 0 9.7
v -11.6 0 9.7
v 4.5 0 9.4
v 4.6 0 9.4
v -4.2 0 9.3
v -4.1 0 9.3
v 4.5 0 9.3
v 4.6 0 9.3
v -4.2 0 9.2
v -4.1 0 9.2
v 1.6 0 9.1
v 1.7 0 9.1
v -9.8 0 9
v -9.7 0 9
v 1.6 0 9
v 1.7 0 9
v -9.8 0 8.9
v -9.7 0 8.9
v -8.9 0 8.9
v -8.8 0 8.9
v -6 0 8.9
v -5.8 0 8.9
v -9 0 8.8
v -8.9 0 8.8
v -6.7 0 8.8
v -6.6 0 8.8
v -6.1 0 8.8
v -6 0 8.8
v -5.9 0 8.8
v -5.8 0 8.8
v 0.5 0 8.8
v 0.599999 0 8.8
v 3.8 0 8.8
v 3.9 0 8.8
v -9 0 8.7
v -8.8 0 8.7
v -6.7 0 8.7
v -6.6 0 8.7
v -6 0 8.7
v -5.9 0 8.7
v -5 0 8.7
v -4.9 0 8.7
v 0.5 0 8.7
v 0.599999 0 8.7
v 3.8 0 8.7
v 3.9 0 8.7
v 8 0 8.7
v 8.1 0 8.7
v 11.1 0 8.7
v 11.2 0 8.7
v -6.5 0 8.6
v -6.4 0 8.6
v -6.1 0 8.6
v -6 0 8.6
v -5 0 8.6
v -4.9 0 8.6
v 8 0 8.6
v 8.1 0 8.6
v 11.1 0 8.6
v 11.2 0 8.6
v -11 0 8.5
v -10.9 0 8.5
v -6.5 0 8.5
v -6.4 0 8.5
v -2.7 0 8.5
v -2.6 0 8.5
v -2 0 8.5
v -1.9 0 8.5
v -11 0 8.4
v -10.9 0 8.4
v -2 0 8.4
v -1.9 0 8.4
v 8 0 8.4
v 8.1 0 8.4
v 8.8 0 8.4
v 8.9 0 8.4
v 10.4 0 8.4
v 10.5 0 8.4
v -8.8 0 8.3
v -8.7 0 8.3
v -2.7 0 8.3
v -2.6 0 8.3
v 5.2 0 8.3
v 5.3 0 8.3
v 6.6 0 8.3
v 6.7 0 8.3
v 8 0 8.3
v 8.1 0 8.3
v 8.8 0 8.3
v 8.9 0 8.3
v 10.4 0 8.3
v 10.5 0 8.3
v -8.8 0 8.2
v -8.7 0 8.2
v 5.2 0 8.2
v 5.3 0 8.2
v 6.6 0 8.2
v 6.7 0 8.2
v 2.5 0 8.1
v 2.6 0 8.1
v 9.1 0 8.1
v 9.2 0 8.1
v 2.5 0 8
v 2.6 0 8
v 9.1 0 8
v 9.2 0 8
v -8.9 0 7.9
v -8.8 0 7.9
v 2.4 0 7.9
v 2.5 0 7.9
v 6.2 0 7.9
v 6.3 0 7.9
v -10.1 0 7.8
v -10 0 7.8
v -8.9 0 7.8
v -8.8 0 7.8
v 6.2 0 7.8
v 6.3 0 7.8
v -10.1 0 7.7
v -10 0 7.7
v -8 0 7.7
v -7.9 0 7.7
v 2.4 0 7.7
v 2.5 0 7.7
v -8 0 7.6
v -7.9 0 7.6
v -2.8 0 7.6
v -2.7 0 7.6
v -2.8 0 7.5
v -2.7 0 7.5
v 7.2 0 7.5
v 7.3 0 7.5
v 2.5 0 7.4
v 2.6 0 7.4
v 6.3 0 7.4
v 6.4 0 7.4
v 7.2 0 7.4
v 7.3 0 7.4
v 0.4 0 7.3
v 0.599999 0 7.3
v 2.5 0 7.3
v 2.6 0 7.3
v 6.3 0 7.3
v 6.4 0 7.3
v 0.4 0 7.2
v 0.599999 0 7.2
v 8.7 0 7.2
v 8.8 0 7.2
v 8.7 0 7.1
v 8.8 0 7.1
v -1.1 0 7
v -1 0 7
v 2.3 0 7
v 2.5 0 7
v 6.7 0 7
v 6.8 0 7
v -1.1 0 6.9
v -1 0 6.9
v 2.2 0 6.9
v 2.3 0 6.9
v 6.7 0 6.9
v 6.8 0 6.9
v -4.8 0 6.8
v -4.7 0 6.8
v 2.2 0 6.8
v 2.5 0 6.8
v 4.7 0 6.8
v 4.8 0 6.8
v -4.8 0 6.7
v -4.7 0 6.7
v 2.4 0 6.7
v 2.5 0 6.7
v 4.7 0 6.7
v 4.8 0 6.7
v -5.5 0 6.6
v -5.4 0 6.6
v 2.4 0 6.6
v 2.5 0 6.6
v -5.5 0 6.5
v -5.4 0 6.5
v -4.2 0 6.5
v -4.1 0 6.5
v -4.2 0 6.4
v -4.1 0 6.4
v -2.4 0 6.4
v -2.3 0 6.4
v -2.4 0 6.3
v -2.3 0 6.3
v -1.3 0 6.1
v -1.2 0 6.1
v 0.2 0 6.1
v 0.299999 0 6.1
v -1.3 0 6
v -1.2 0 6
v 0.2 0 6
v 0.299999 0 6
v 3.5 0 6
v 3.6 0 6
v -1.7 0 5.9
v -1.6 0 5.9
v 3.5 0 5.9
v 3.6 0 5.9
v -5.9 0 5.8
v -5.8 0 5.8
v -5.8 0 5.7
v -5.7 0 5.7
v -1.7 0 5.7
v -1.6 0 5.7
v -0.700001 0 5.7
v -0.6 0 5.7
v -5.9 0 5.6
v -5.7 0 5.6
v -2.4 0 5.5
v -2.3 0 5.5
v -0.700001 0 5.5
v -0.6 0 5.5
v -2.4 0 5.4
v -2.3 0 5.4
v -2.9 0 5.2
v -2.8 0 5.2
v -2.9 0 5.1
v -2.8 0 5.1
v -12.8 0 0.3
v -12.5 0 0.3
v -12.5 0 0.200001
v -11.8 0 0.200001
v -11.8 0 0.1
v -11.7 0 0.1
v -11.7 0 0
v -11.5 0 0
v -11.5 0 -0.0999994
v -11.3 0 -0.0999994
v -11.3 0 -0.2
v -11.1 0 -0.2
v -11.1 0 -0.299999
v -11 0 -0.299999
v -11 0 -0.4
v -10.8 0 -0.4
v -10.8 0 -0.5
v -10.6 0 -0.5
v -10.6 0 -0.599999
v -10.3 0 -0.599999
v -10.3 0 -0.7
v -10.2 0 -0.7
v 12.2 0 -0.7
v 12.4 0 -0.7
v -10.2 0 -0.799999
v -10 0 -0.799999
v 11.1 0 -0.799999
v 12.2 0 -0.799999
v 12.4 0 -0.799999
v 12.8 0 -0.799999
v -10 0 -0.9
v -9.7 0 -0.9
v 10.8 0 -0.9
v 11.1 0 -0.9
v -9.7 0 -1
v -9.4 0 -1
v 9.4 0 -1
v 9.5 0 -1
v 9.7 0 -1
v 9.9 0 -1
v 10 0 -1
v 10.8 0 -1
v -9.4 0 -1.1
v -9.3 0 -1.1
v 7.2 0 -1.1
v 9.4 0 -1.1
v 9.5 0 -1.1
v 9.7 0 -1.1
v 9.9 0 -1.1
v 10 0 -1.1
v -9.3 0 -1.2
v -8.8 0 -1.2
v 6.2 0 -1.2
v 7.2 0 -1.2
v -8.8 0 -1.3
v -8 0 -1.3
v 5.4 0 -1.3
v 6.2 0 -1.3
v -8 0 -1.4
v -7.7 0 -1.4
v 4.7 0 -1.4
v 5.4 0 -1.4
v -7.7 0 -1.5
v -7.3 0 -1.5
v 3.9 0 -1.5
v 4.7 0 -1.5
v -7.3 0 -1.6
v -7 0 -1.6
v 2.9 0 -1.6
v 3.9 0 -1.6
v -7 0 -1.7
v -6.7 0 -1.7
v -1.1 0 -1.7
v 0 0 -1.7
v 2 0 -1.7
v 2.9 0 -1.7
v -6.7 0 -1.8
v -6.4 0 -1.8
v -2.2 0 -1.8
v -1.1 0 -1.8
v 0 0 -1.8
v 2 0 -1.8
v -6.4 0 -1.9
v -6.1 0 -1.9
v -3.3 0 -1.9
v -2.2 0 -1.9
v -6.1 0 -2
v -5.3 0 -2
v -4.1 0 -2
v -3.3 0 -2
v -5.3 0 -2.1
v -4.1 0 -2.1
v -12.8 0 -12.8
v 12.8 0 -12.8
v -12.8 0.1 12.8
v 12.8 0.1 12.8
v -12.3 0.1 12.2
v -12.2 0.1 12.2
v -12.3 0.1 12.1
v -12.2 0.1 12.1
v 5.4 0.1 12
v 5.6 0.1 12
v -7.5 0.1 11.9
v -7.4 0.1 11.9
v -3 0.1 11.9
v -2.8 0.1 11.9
v 5.4 0.1 11.9
v 5.6 0.1 11.9
v -7.5 0.1 11.8
v -7.4 0.1 11.8
v -3.6 0.1 11.8
v -3.5 0.1 11.8
v -3 0.1 11.8
v -2.8 0.1 11.8
v -3.6 0.1 11.7
v -3.5 0.1 11.7
v 6.5 0.1 11.7
v 6.6 0.1 11.7
v 6.5 0.1 11.6
v 6.6 0.1 11.6
v 9.8 0.1 11.5
v 9.9 0.1 11.5
v -4.9 0.1 11.4
v -4.8 0.1 11.4
v 0.2 0.1 11.4
v 0.299999 0.1 11.4
v 9.8 0.1 11.4
v 9.9 0.1 11.4
v -7.5 0.1 11.3
v -7.4 0.1 11.3
v -4.9 0.1 11.3
v -4.8 0.1 11.3
v 0.2 0.1 11.3
v 0.299999 0.1 11.3
v -7.5 0.1 11.2
v -7.4 0.1 11.2
v -3.5 0.1 11.2
v -3.4 0.1 11.2
v -3.4 0.1 11.1
v -3.1 0.1 11.1
v 0 0.1 11.1
v 0.0999994 0.1 11.1
v -5.6 0.1 11
v -5.5 0.1 11
v -3.5 0.1 11
v -3.1 0.1 11
v -1.4 0.1 11
v -1.3 0.1 11
v -0.1 0.1 11
v 0 0.1 11
v 0.0999994 0.1 11
v -12 0.1 10.9
v -11.9 0.1 10.9
v -8.3 0.1 10.9
v -8.2 0.1 10.9
v -5.6 0.1 10.9
v -5.5 0.1 10.9
v -1.4 0.1 10.9
v -1.3 0.1 10.9
v -0.5 0.1 10.9
v -0.400001 0.1 10.9
v -12 0.1 10.8
v -11.9 0.1 10.8
v -8.3 0.1 10.8
v -8.2 0.1 10.8
v -7.5 0.1 10.8
v -7.4 0.1 10.8
v -7 0.1 10.8
v -6.9 0.1 10.8
v -0.5 0.1 10.8
v -0.400001 0.1 10.8
v -0.1 0.1 10.8
v 0 0.1 10.8
v 9.4 0.1 10.8
v 9.5 0.1 10.8
v -7.6 0.1 10.7
v -7.5 0.1 10.7
v -7 0.1 10.7
v -6.9 0.1 10.7
v 9.4 0.1 10.7
v 9.5 0.1 10.7
v -12.3 0.1 10.6
v -12.2 0.1 10.6
v -7.6 0.1 10.6
v -7.4 0.1 10.6
v -6.5 0.1 10.6
v -6.4 0.1 10.6
v -12.3 0.1 10.5
v -12.2 0.1 10.5
v -6.5 0.1 10.5
v -6.4 0.1 10.5
v -0.8 0.1 10.5
v -0.700001 0.1 10.5
v 10 0.1 10.5
v 10.1 0.1 10.5
v 10.3 0.1 10.5
v 10.4 0.1 10.5
v -0.8 0.1 10.4
v -0.700001 0.1 10.4
v 10 0.1 10.4
v 10.1 0.1 10.4
v 10.3 0.1 10.4
v 10.4 0.1 10.4
v 4.2 0.1 10.1
v 4.3 0.1 10.1
v 5.3 0.1 10.1
v 5.4 0.1 10.1
v 9.8 0.1 10.1
v 9.9 0.1 10.1
v -11.3 0.1 10
v -11.2 0.1 10
v 4.2 0.1 10
v 4.3 0.1 10
v 7.1 0.1 10
v 7.2 0.1 10
v 9.5 0.1 10
v 9.6 0.1 10
v 9.7 0.1 10
v 9.8 0.1 10
v 9.9 0.1 10
v -11.3 0.1 9.9
v -11.2 0.1 9.9
v -4.7 0.1 9.9
v -4.6 0.1 9.9
v 5.3 0.1 9.9
v 5.4 0.1 9.9
v 7.1 0.1 9.9
v 7.2 0.1 9.9
v 9.5 0.1 9.9
v 9.6 0.1 9.9
v 9.7 0.1 9.9
v 9.8 0.1 9.9
v -11.7 0.1 9.8
v -11.6 0.1 9.8
v -4.7 0.1 9.8
v -4.6 0.1 9.8
v -11.7 0.1 9.7
v -11.6 0.1 9.7
v 4.5 0.1 9.4
v 4.6 0.1 9.4
v -4.2 0.1 9.3
v -4.1 0.1 9.3
v 4.5 0.1 9.3
v 4.6 0.1 9.3
v -4.2 0.1 9.2
v -4.1 0.1 9.2
v 1.6 0.1 9.1
v 1.7 0.1 9.1
v -9.8 0.1 9
v -9.7 0.1 9
v 1.6 0.1 9
v 1.7 0.1 9
v -9.8 0.1 8.9
v -9.7 0.1 8.9
v -8.9 0.1 8.9
v -8.8 0.1 8.9
v -6 0.1 8.9
v -5.8 0.1 8.9
v -9 0.1 8.8
v -8.9 0.1 8.8
v -6.7 0.1 8.8
v -6.6 0.1 8.8
v -6.1 0.1 8.8
v -6 0.1 8.8
v -5.9 0.1 8.8
v -5.8 0.1 8.8
v 0.5 0.1 8.8
v 0.599999 0.1 8.8
v 3.8 0.1 8.8
v 3.9 0.1 8.8
v -9 0.1 8.7
v -8.8 0.1 8.7
v -6.7 0.1 8.7
v -6.6 0.1 8.7
v -6 0.1 8.7
v -5.9 0.1 8.7
v -5 0.1 8.7
v -4.9 0.1 8.7
v 0.5 0.1 8.7
v 0.599999 0.1 8.7
v 3.8 0.1 8.7
v 3.9 0.1 8.7
v 8 0.1 8.7
v 8.1 0.1 8.7
v 11.1 0.1 8.7
v 11.2 0.1 8.7
v -6.5 0.1 8.6
v -6.4 0.1 8.6
v -6.1 0.1 8.6
v -6 0.1 8.6
v -5 0.1 8.6
v -4.9 0.1 8.6
v 8 0.1 8.6
v 8.1 0.1 8.6
v 11.1 0.1 8.6
v 11.2 0.1 8.6
v -11 0.1 8.5
v -10.9 0.1 8.5
v -6.5 0.1 8.5
v -6.4 0.1 8.5
v -2.7 0.1 8.5
v -2.6 0.1 8.5
v -2 0.1 8.5
v -1.9 0.1 8.5
v -11 0.1 8.4
v -10.9 0.1 8.4
v -2 0.1 8.4
v -1.9 0.1 8.4
v 8 0.1 8.4
v 8.1 0.1 8.4
v 8.8 0.1 8.4
v 8.9 0.1 8.4
v 10.4 0.1 8.4
v 10.5 0.1 8.4
v -8.8 0.1 8.3
v -8.7 0.1 8.3
v -2.7 0.1 8.3
v -2.6 0.1 8.3
v 5.2 0.1 8.3
v 5.3 0.1 8.3
v 6.6 0.1 8.3
v 6.7 0.1 8.3
v 8 0.1 8.3
v 8.1 0.1 8.3
v 8.8 0.1 8.3
v 8.9 0.1 8.3
v 10.4 0.1 8.3
v 10.5 0.1 8.3
v -8.8 0.1 8.2
v -8.7 0.1 8.2
v 5.2 0.1 8.2
v 5.3 0.1 8.2
v 6.6 0.1 8.2
v 6.7 0.1 8.2
v -12.8 0.1 8.1
v -12.4 0.1 8.1
v 2.5 0.1 8.1
v 2.6 0.1 8.1
v 9.1 0.1 8.1
v 9.2 0.1 8.1
v 12.7 0.1 8.1
v 12.8 0.1 8.1
v -12.4 0.1 8
v -12.3 0.1 8
v 2.5 0.1 8
v 2.6 0.1 8
v 9.1 0.1 8
v 9.2 0.1 8
v 12.5 0.1 8
v 12.7 0.1 8
v -12.3 0.1 7.9
v -12 0.1 7.9
v -8.9 0.1 7.9
v -8.8 0.1 7.9
v 2.4 0.1 7.9
v 2.5 0.1 7.9
v 6.2 0.1 7.9
v 6.3 0.1 7.9
v 12.4 0.1 7.9
v 12.5 0.1 7.9
v -12 0.1 7.8
v -11.8 0.1 7.8
v -10.1 0.1 7.8
v -10 0.1 7.8
v -8.9 0.1 7.8
v -8.8 0.1 7.8
v 6.2 0.1 7.8
v 6.3 0.1 7.8
v 12.1 0.1 7.8
v 12.4 0.1 7.8
v -11.8 0.1 7.7
v -11.5 0.1 7.7
v -10.1 0.1 7.7
v -10 0.1 7.7
v -8 0.1 7.7
v -7.9 0.1 7.7
v 2.4 0.1 7.7
v 2.5 0.1 7.7
v 12 0.1 7.7
v 12.1 0.1 7.7
v -11.5 0.1 7.6
v -11.2 0.1 7.6
v -8 0.1 7.6
v -7.9 0.1 7.6
v -2.8 0.1 7.6
v -2.7 0.1 7.6
v -11.2 0.1 7.5
v -11 0.1 7.5
v -2.8 0.1 7.5
v -2.7 0.1 7.5
v 7.2 0.1 7.5
v 7.3 0.1 7.5
v 11.8 0.1 7.5
v 12 0.1 7.5
v -11 0.1 7.4
v -10.8 0.1 7.4
v 2.5 0.1 7.4
v 2.6 0.1 7.4
v 6.3 0.1 7.4
v 6.4 0.1 7.4
v 7.2 0.1 7.4
v 7.3 0.1 7.4
v 11.6 0.1 7.4
v 11.8 0.1 7.4
v -10.8 0.1 7.3
v -10.4 0.1 7.3
v 0.4 0.1 7.3
v 0.599999 0.1 7.3
v 2.5 0.1 7.3
v 2.6 0.1 7.3
v 6.3 0.1 7.3
v 6.4 0.1 7.3
v 11.4 0.1 7.3
v 11.6 0.1 7.3
v -10.4 0.1 7.2
v -10.2 0.1 7.2
v 0.4 0.1 7.2
v 0.599999 0.1 7.2
v 8.7 0.1 7.2
v 8.8 0.1 7.2
v 11.3 0.1 7.2
v 11.4 0.1 7.2
v -10.2 0.1 7.1
v -10 0.1 7.1
v 8.1 0.1 7.1
v 8.7 0.1 7.1
v 8.8 0.1 7.1
v 10.2 0.1 7.1
v 10.9 0.1 7.1
v 11.3 0.1 7.1
v -10 0.1 7
v -9.8 0.1 7
v -1.1 0.1 7
v -1 0.1 7
v 2.3 0.1 7
v 2.5 0.1 7
v 6.7 0.1 7
v 6.8 0.1 7
v 7.1 0.1 7
v 8.1 0.1 7
v 10.2 0.1 7
v 10.9 0.1 7
v -9.8 0.1 6.9
v -9.6 0.1 6.9
v -1.1 0.1 6.9
v -1 0.1 6.9
v 2.2 0.1 6.9
v 2.3 0.1 6.9
v 6.6 0.1 6.9
v 6.7 0.1 6.9
v 6.8 0.1 6.9
v 7.1 0.1 6.9
v -9.6 0.1 6.8
v -9.4 0.1 6.8
v -4.8 0.1 6.8
v -4.7 0.1 6.8
v 2.2 0.1 6.8
v 2.5 0.1 6.8
v 4.7 0.1 6.8
v 4.8 0.1 6.8
v 6.3 0.1 6.8
v 6.6 0.1 6.8
v -9.4 0.1 6.7
v -9.2 0.1 6.7
v -4.8 0.1 6.7
v -4.7 0.1 6.7
v 2.4 0.1 6.7
v 2.5 0.1 6.7
v 4.7 0.1 6.7
v 4.8 0.1 6.7
v 6.1 0.1 6.7
v 6.3 0.1 6.7
v -9.2 0.1 6.6
v -9 0.1 6.6
v -5.5 0.1 6.6
v -5.4 0.1 6.6
v 2.4 0.1 6.6
v 2.5 0.1 6.6
v 5.9 0.1 6.6
v 6.1 0.1 6.6
v -9 0.1 6.5
v -8.7 0.1 6.5
v -5.5 0.1 6.5
v -5.4 0.1 6.5
v -4.2 0.1 6.5
v -4.1 0.1 6.5
v 5.7 0.1 6.5
v 5.9 0.1 6.5
v -8.7 0.1 6.4
v -8.5 0.1 6.4
v -4.2 0.1 6.4
v -4.1 0.1 6.4
v -2.4 0.1 6.4
v -2.3 0.1 6.4
v 5.5 0.1 6.4
v 5.7 0.1 6.4
v -8.5 0.1 6.3
v -8.3 0.1 6.3
v -2.4 0.1 6.3
v -2.3 0.1 6.3
v 5.2 0.1 6.3
v 5.5 0.1 6.3
v -8.3 0.1 6.2
v -8.1 0.1 6.2
v 5 0.1 6.2
v 5.2 0.1 6.2
v -8.1 0.1 6.1
v -7.8 0.1 6.1
v -1.3 0.1 6.1
v -1.2 0.1 6.1
v 0.2 0.1 6.1
v 0.299999 0.1 6.1
v 4.7 0.1 6.1
v 5 0.1 6.1
v -7.8 0.1 6
v -7.6 0.1 6
v -1.3 0.1 6
v -1.2 0.1 6
v 0.2 0.1 6
v 0.299999 0.1 6
v 3.5 0.1 6
v 3.6 0.1 6
v 4.4 0.1 6
v 4.7 0.1 6
v -7.6 0.1 5.9
v -7.2 0.1 5.9
v -1.7 0.1 5.9
v -1.6 0.1 5.9
v 3.5 0.1 5.9
v 3.6 0.1 5.9
v 4.2 0.1 5.9
v 4.4 0.1 5.9
v -7.2 0.1 5.8
v -7 0.1 5.8
v -5.9 0.1 5.8
v -5.8 0.1 5.8
v 3.9 0.1 5.8
v 4.2 0.1 5.8
v -7 0.1 5.7
v -6.6 0.1 5.7
v -5.8 0.1 5.7
v -5.7 0.1 5.7
v -1.7 0.1 5.7
v -1.6 0.1 5.7
v -0.700001 0.1 5.7
v -0.6 0.1 5.7
v 3.5 0.1 5.7
v 3.9 0.1 5.7
v -6.6 0.1 5.6
v -6.2 0.1 5.6
v -5.9 0.1 5.6
v -5.7 0.1 5.6
v 3.2 0.1 5.6
v 3.5 0.1 5.6
v -6.2 0.1 5.5
v -6 0.1 5.5
v -2.4 0.1 5.5
v -2.3 0.1 5.5
v -0.700001 0.1 5.5
v -0.6 0.1 5.5
v 3 0.1 5.5
v 3.2 0.1 5.5
v -6 0.1 5.4
v -5.4 0.1 5.4
v -2.4 0.1 5.4
v -2.3 0.1 5.4
v 2.4 0.1 5.4
v 3 0.1 5.4
v -5.4 0.1 5.3
v -4.7 0.1 5.3
v 1.7 0.1 5.3
v 2.4 0.1 5.3
v -4.7 0.1 5.2
v -3.7 0.1 5.2
v -2.9 0.1 5.2
v -2.8 0.1 5.2
v 1.1 0.1 5.2
v 1.7 0.1 5.2
v -3.7 0.1 5.1
v -2.9 0.1 5.1
v -2.8 0.1 5.1
v -2.4 0.1 5.1
v 0.4 0.1 5.1
v 1.1 0.1 5.1
v -2.4 0.1 5
v 0.4 0.1 5
v -12.8 0.2 8.1
v -12.4 0.2 8.1
v 12.7 0.2 8.1
v 12.8 0.2 8.1
v -12.4 0.2 8
v -12.3 0.2 8
v 12.5 0.2 8
v 12.7 0.2 8
v -12.3 0.2 7.9
v -12 0.2 7.9
v 12.4 0.2 7.9
v 12.5 0.2 7.9
v -12 0.2 7.8
v -11.8 0.2 7.8
v 12.1 0.2 7.8
v 12.4 0.2 7.8
v -11.8 0.2 7.7
v -11.5 0.2 7.7
v 12 0.2 7.7
v 12.1 0.2 7.7
v -11.5 0.2 7.6
v -11.2 0.2 7.6
v -11.2 0.2 7.5
v -11 0.2 7.5
v 11.8 0.2 7.5
v 12 0.2 7.5
v -11 0.2 7.4
v -10.8 0.2 7.4
v 11.6 0.2 7.4
v 11.8 0.2 7.4
v -10.8 0.2 7.3
v -10.4 0.2 7.3
v 11.4 0.2 7.3
v 11.6 0.2 7.3
v -10.4 0.2 7.2
v -10.2 0.2 7.2
v 11.3 0.2 7.2
v 11.4 0.2 7.2
v -12.8 0.2 7.1
v -12.6 0.2 7.1
v -10.2 0.2 7.1
v -10 0.2 7.1
v 8.1 0.2 7.1
v 10.2 0.2 7.1
v 10.9 0.2 7.1
v 11.3 0.2 7.1
v -12.6 0.2 7
v -12.4 0.2 7
v -10 0.2 7
v -9.8 0.2 7
v 7.1 0.2 7
v 8.1 0.2 7
v 10.2 0.2 7
v 10.9 0.2 7
v -12.4 0.2 6.9
v -12 0.2 6.9
v -9.8 0.2 6.9
v -9.6 0.2 6.9
v 6.6 0.2 6.9
v 7.1 0.2 6.9
v 7.4 0.2 6.9
v 7.5 0.2 6.9
v -12 0.2 6.8
v -11.7 0.2 6.8
v -9.6 0.2 6.8
v -9.4 0.2 6.8
v 6.3 0.2 6.8
v 6.6 0.2 6.8
v 7.4 0.2 6.8
v 7.5 0.2 6.8
v 7.9 0.2 6.8
v 8 0.2 6.8
v -11.7 0.2 6.7
v -11.4 0.2 6.7
v -9.4 0.2 6.7
v -9.2 0.2 6.7
v 6.1 0.2 6.7
v 6.3 0.2 6.7
v 7.9 0.2 6.7
v 8 0.2 6.7
v -11.4 0.2 6.6
v -11.2 0.2 6.6
v -10.3 0.2 6.6
v -10.1 0.2 6.6
v -9.2 0.2 6.6
v -9 0.2 6.6
v 5.9 0.2 6.6
v 6.1 0.2 6.6
v 12.7 0.2 6.6
v 12.8 0.2 6.6
v -11.2 0.2 6.5
v -11 0.2 6.5
v -10.3 0.2 6.5
v -10.1 0.2 6.5
v -9 0.2 6.5
v -8.7 0.2 6.5
v 5.7 0.2 6.5
v 5.9 0.2 6.5
v 12.4 0.2 6.5
v 12.7 0.2 6.5
v -11 0.2 6.4
v -10.8 0.2 6.4
v -8.7 0.2 6.4
v -8.5 0.2 6.4
v 5.5 0.2 6.4
v 5.7 0.2 6.4
v -10.8 0.2 6.3
v -10.6 0.2 6.3
v -8.5 0.2 6.3
v -8.3 0.2 6.3
v 5.2 0.2 6.3
v 5.5 0.2 6.3
v 8.6 0.2 6.3
v 8.7 0.2 6.3
v 12.2 0.2 6.3
v 12.4 0.2 6.3
v -10.6 0.2 6.2
v -10.4 0.2 6.2
v -8.3 0.2 6.2
v -8.1 0.2 6.2
v 5 0.2 6.2
v 5.2 0.2 6.2
v 8.6 0.2 6.2
v 8.7 0.2 6.2
v 11.9 0.2 6.2
v 12.2 0.2 6.2
v -10.4 0.2 6.1
v -10.2 0.2 6.1
v -8.1 0.2 6.1
v -7.8 0.2 6.1
v 4.7 0.2 6.1
v 5 0.2 6.1
v 9.9 0.2 6.1
v 10.3 0.2 6.1
v 10.6 0.2 6.1
v 10.9 0.2 6.1
v 11 0.2 6.1
v 11.9 0.2 6.1
v -10.2 0.2 6
v -10 0.2 6
v -7.8 0.2 6
v -7.6 0.2 6
v 4.4 0.2 6
v 4.7 0.2 6
v 9.4 0.2 6
v 9.9 0.2 6
v 10.3 0.2 6
v 10.6 0.2 6
v 10.9 0.2 6
v 11 0.2 6
v -10 0.2 5.9
v -9.8 0.2 5.9
v -7.6 0.2 5.9
v -7.2 0.2 5.9
v 4.2 0.2 5.9
v 4.4 0.2 5.9
v 9.1 0.2 5.9
v 9.4 0.2 5.9
v -9.8 0.2 5.8
v -9.6 0.2 5.8
v -7.2 0.2 5.8
v -7 0.2 5.8
v 3.9 0.2 5.8
v 4.2 0.2 5.8
v 7.5 0.2 5.8
v 7.6 0.2 5.8
v 7.8 0.2 5.8
v 9.1 0.2 5.8
v -9.6 0.2 5.7
v -9.4 0.2 5.7
v -7 0.2 5.7
v -6.6 0.2 5.7
v 3.5 0.2 5.7
v 3.9 0.2 5.7
v 7.2 0.2 5.7
v 7.5 0.2 5.7
v 7.6 0.2 5.7
v 7.8 0.2 5.7
v -9.4 0.2 5.6
v -9.3 0.2 5.6
v -6.6 0.2 5.6
v -6.2 0.2 5.6
v 3.2 0.2 5.6
v 3.5 0.2 5.6
v 6.1 0.2 5.6
v 6.2 0.2 5.6
v 6.9 0.2 5.6
v 7.2 0.2 5.6
v -9.3 0.2 5.5
v -8.9 0.2 5.5
v -6.2 0.2 5.5
v -6 0.2 5.5
v 3 0.2 5.5
v 3.2 0.2 5.5
v 6.1 0.2 5.5
v 6.2 0.2 5.5
v 6.7 0.2 5.5
v 6.9 0.2 5.5
v -8.9 0.2 5.4
v -8.6 0.2 5.4
v -6 0.2 5.4
v -5.4 0.2 5.4
v 2.4 0.2 5.4
v 3 0.2 5.4
v 6.5 0.2 5.4
v 6.7 0.2 5.4
v -8.6 0.2 5.3
v -8.4 0.2 5.3
v -5.4 0.2 5.3
v -4.7 0.2 5.3
v 1.7 0.2 5.3
v 2.4 0.2 5.3
v 6 0.2 5.3
v 6.5 0.2 5.3
v -8.4 0.2 5.2
v -8.2 0.2 5.2
v -4.7 0.2 5.2
v -3.7 0.2 5.2
v 1.1 0.2 5.2
v 1.7 0.2 5.2
v 1.8 0.2 5.2
v 5.8 0.2 5.2
v 6 0.2 5.2
v -8.2 0.2 5.1
v -8.1 0.2 5.1
v -7 0.2 5.1
v -6.9 0.2 5.1
v -3.7 0.2 5.1
v -2.4 0.2 5.1
v 0.4 0.2 5.1
v 1.1 0.2 5.1
v 1.7 0.2 5.1
v 1.8 0.2 5.1
v 2.3 0.2 5.1
v 2.4 0.2 5.1
v 5.5 0.2 5.1
v 5.8 0.2 5.1
v -8.1 0.2 5
v -7.9 0.2 5
v -7 0.2 5
v -6.9 0.2 5
v -2.4 0.2 5
v 0.4 0.2 5
v 2.3 0.2 5
v 2.4 0.2 5
v 5.3 0.2 5
v 5.5 0.2 5
v -7.9 0.2 4.9
v -7.7 0.2 4.9
v -2.2 0.2 4.9
v -2.1 0.2 4.9
v 4.8 0.2 4.9
v 4.9 0.2 4.9
v 5 0.2 4.9
v 5.3 0.2 4.9
v -7.7 0.2 4.8
v -7.4 0.2 4.8
v -2.1 0.2 4.8
v -2 0.2 4.8
v 4.6 0.2 4.8
v 4.8 0.2 4.8
v 4.9 0.2 4.8
v 5 0.2 4.8
v -7.4 0.2 4.7
v -7 0.2 4.7
v -2.9 0.2 4.7
v -2.8 0.2 4.7
v -2.2 0.2 4.7
v -2.1 0.2 4.7
v -2 0.2 4.7
v 4.2 0.2 4.7
v 4.6 0.2 4.7
v -7 0.2 4.6
v -6.7 0.2 4.6
v -2.9 0.2 4.6
v -2.8 0.2 4.6
v 3.8 0.2 4.6
v 4.2 0.2 4.6
v -6.7 0.2 4.5
v -6.5 0.2 4.5
v 3.4 0.2 4.5
v 3.8 0.2 4.5
v -6.5 0.2 4.4
v -6.2 0.2 4.4
v 3 0.2 4.4
v 3.4 0.2 4.4
v -6.2 0.2 4.3
v -5.9 0.2 4.3
v -0.1 0.2 4.3
v 0 0.2 4.3
v 2.6 0.2 4.3
v 3 0.2 4.3
v -5.9 0.2 4.2
v -5.6 0.2 4.2
v -0.200001 0.2 4.2
v -0.1 0.2 4.2
v 0 0.2 4.2
v 2.2 0.2 4.2
v 2.6 0.2 4.2
v -5.6 0.2 4.1
v -5.2 0.2 4.1
v -2.1 0.2 4.1
v -2 0.2 4.1
v -0.200001 0.2 4.1
v -0.1 0.2 4.1
v 1.9 0.2 4.1
v 2.2 0.2 4.1
v -5.2 0.2 4
v -5 0.2 4
v -2.2 0.2 4
v -2.1 0.2 4
v -2 0.2 4
v -1.2 0.2 4
v -1.1 0.2 4
v 1.6 0.2 4
v 1.9 0.2 4
v -5 0.2 3.9
v -4.7 0.2 3.9
v -2.1 0.2 3.9
v -2 0.2 3.9
v -1.2 0.2 3.9
v -1.1 0.2 3.9
v 1.2 0.2 3.9
v 1.6 0.2 3.9
v -4.7 0.2 3.8
v -4.2 0.2 3.8
v -2.2 0.2 3.8
v -2.1 0.2 3.8
v 0.799999 0.2 3.8
v 1.2 0.2 3.8
v -4.2 0.2 3.7
v -3.6 0.2 3.7
v 0.5 0.2 3.7
v 0.799999 0.2 3.7
v -3.6 0.2 3.6
v -3.3 0.2 3.6
v -0.3 0.2 3.6
v 0.0999994 0.2 3.6
v 0.299999 0.2 3.6
v 0.5 0.2 3.6
v -3.3 0.2 3.5
v -3 0.2 3.5
v -1.1 0.2 3.5
v -0.3 0.2 3.5
v 0.0999994 0.2 3.5
v 0.299999 0.2 3.5
v -3 0.2 3.4
v -1.1 0.2 3.4
v -12.8 0.3 7.1
v -12.6 0.3 7.1
v -12.6 0.3 7
v -12.4 0.3 7
v -12.4 0.3 6.9
v -12 0.3 6.9
v -12 0.3 6.8
v -11.7 0.3 6.8
v -11.7 0.3 6.7
v -11.4 0.3 6.7
v -11.4 0.3 6.6
v -11.2 0.3 6.6
v 12.7 0.3 6.6
v 12.8 0.3 6.6
v -11.2 0.3 6.5
v -11 0.3 6.5
v 12.4 0.3 6.5
v 12.7 0.3 6.5
v -11 0.3 6.4
v -10.8 0.3 6.4
v -11.3 0.3 6.3
v -11.2 0.3 6.3
v -10.8 0.3 6.3
v -10.6 0.3 6.3
v 12.2 0.3 6.3
v 12.4 0.3 6.3
v -11.3 0.3 6.2
v -11.2 0.3 6.2
v -10.6 0.3 6.2
v -10.4 0.3 6.2
v 11.9 0.3 6.2
v 12.2 0.3 6.2
v -10.4 0.3 6.1
v -10.2 0.3 6.1
v 9.9 0.3 6.1
v 10.3 0.3 6.1
v 10.6 0.3 6.1
v 10.9 0.3 6.1
v 11 0.3 6.1
v 11.9 0.3 6.1
v -10.2 0.3 6
v -10 0.3 6
v 9.4 0.3 6
v 9.9 0.3 6
v 10.3 0.3 6
v 10.6 0.3 6
v 10.9 0.3 6
v 11 0.3 6
v -10 0.3 5.9
v -9.8 0.3 5.9
v 9.1 0.3 5.9
v 9.4 0.3 5.9
v -9.8 0.3 5.8
v -9.6 0.3 5.8
v 7.5 0.3 5.8
v 7.6 0.3 5.8
v 7.8 0.3 5.8
v 9.1 0.3 5.8
v -12.8 0.3 5.7
v -12.1 0.3 5.7
v -9.6 0.3 5.7
v -9.4 0.3 5.7
v 7.2 0.3 5.7
v 7.5 0.3 5.7
v 7.6 0.3 5.7
v 7.8 0.3 5.7
v -12.1 0.3 5.6
v -11.9 0.3 5.6
v -11.8 0.3 5.6
v -11.7 0.3 5.6
v -9.4 0.3 5.6
v -9.3 0.3 5.6
v 6.9 0.3 5.6
v 7.2 0.3 5.6
v 10.2 0.3 5.6
v 10.3 0.3 5.6
v -11.7 0.3 5.5
v -11.4 0.3 5.5
v -9.3 0.3 5.5
v -8.9 0.3 5.5
v 6.7 0.3 5.5
v 6.9 0.3 5.5
v 10.2 0.3 5.5
v 10.3 0.3 5.5
v -11.4 0.3 5.4
v -11.1 0.3 5.4
v -8.9 0.3 5.4
v -8.6 0.3 5.4
v 6.5 0.3 5.4
v 6.7 0.3 5.4
v -11.1 0.3 5.3
v -10.8 0.3 5.3
v -10.7 0.3 5.3
v -8.6 0.3 5.3
v -8.4 0.3 5.3
v 6 0.3 5.3
v 6.5 0.3 5.3
v -10.8 0.3 5.2
v -10.7 0.3 5.2
v -10.6 0.3 5.2
v -10.5 0.3 5.2
v -8.4 0.3 5.2
v -8.2 0.3 5.2
v 5.8 0.3 5.2
v 6 0.3 5.2
v -10.5 0.3 5.1
v -10.2 0.3 5.1
v -8.2 0.3 5.1
v -8.1 0.3 5.1
v 5.5 0.3 5.1
v 5.8 0.3 5.1
v -10.2 0.3 5
v -9.9 0.3 5
v -8.1 0.3 5
v -7.9 0.3 5
v 5.3 0.3 5
v 5.5 0.3 5
v 9.4 0.3 5
v 9.5 0.3 5
v -9.9 0.3 4.9
v -9.7 0.3 4.9
v -7.9 0.3 4.9
v -7.7 0.3 4.9
v 5 0.3 4.9
v 5.3 0.3 4.9
v 6.6 0.3 4.9
v 6.7 0.3 4.9
v 9.4 0.3 4.9
v 9.5 0.3 4.9
v -9.7 0.3 4.8
v -9.5 0.3 4.8
v -7.7 0.3 4.8
v -7.4 0.3 4.8
v 4.6 0.3 4.8
v 5 0.3 4.8
v 6.6 0.3 4.8
v 6.7 0.3 4.8
v 9.9 0.3 4.8
v 10 0.3 4.8
v -9.5 0.3 4.7
v -9.2 0.3 4.7
v -7.4 0.3 4.7
v -7 0.3 4.7
v 4.2 0.3 4.7
v 4.6 0.3 4.7
v 7.9 0.3 4.7
v 8 0.3 4.7
v 9.9 0.3 4.7
v 10 0.3 4.7
v 12.5 0.3 4.7
v 12.8 0.3 4.7
v -9.2 0.3 4.6
v -8.9 0.3 4.6
v -7 0.3 4.6
v -6.7 0.3 4.6
v 3.8 0.3 4.6
v 4.2 0.3 4.6
v 7.9 0.3 4.6
v 8 0.3 4.6
v 12 0.3 4.6
v 12.5 0.3 4.6
v -8.9 0.3 4.5
v -8.6 0.3 4.5
v -6.7 0.3 4.5
v -6.5 0.3 4.5
v 3.4 0.3 4.5
v 3.8 0.3 4.5
v 8.7 0.3 4.5
v 10.4 0.3 4.5
v 10.5 0.3 4.5
v 11.6 0.3 4.5
v 12 0.3 4.5
v -8.6 0.3 4.4
v -8.3 0.3 4.4
v -6.5 0.3 4.4
v -6.2 0.3 4.4
v 3 0.3 4.4
v 3.4 0.3 4.4
v 6.3 0.3 4.4
v 6.4 0.3 4.4
v 7.9 0.3 4.4
v 8.7 0.3 4.4
v 10.5 0.3 4.4
v 10.8 0.3 4.4
v 10.9 0.3 4.4
v 11.6 0.3 4.4
v -8.3 0.3 4.3
v -8 0.3 4.3
v -6.2 0.3 4.3
v -5.9 0.3 4.3
v 2.6 0.3 4.3
v 3 0.3 4.3
v 5.6 0.3 4.3
v 5.7 0.3 4.3
v 6.3 0.3 4.3
v 6.4 0.3 4.3
v 6.5 0.3 4.3
v 7.2 0.3 4.3
v 7.9 0.3 4.3
v -8 0.3 4.2
v -7.7 0.3 4.2
v -5.9 0.3 4.2
v -5.6 0.3 4.2
v 2.2 0.3 4.2
v 2.6 0.3 4.2
v 2.7 0.3 4.2
v 5.6 0.3 4.2
v 5.7 0.3 4.2
v 6.4 0.3 4.2
v 6.5 0.3 4.2
v 6.6 0.3 4.2
v 7.2 0.3 4.2
v -7.7 0.3 4.1
v -7.4 0.3 4.1
v -5.6 0.3 4.1
v -5.2 0.3 4.1
v 1.9 0.3 4.1
v 2.2 0.3 4.1
v 2.6 0.3 4.1
v 2.7 0.3 4.1
v 6.4 0.3 4.1
v 6.6 0.3 4.1
v -7.4 0.3 4
v -7.2 0.3 4
v -5.2 0.3 4
v -5 0.3 4
v 1.6 0.3 4
v 1.9 0.3 4
v 6.2 0.3 4
v 6.4 0.3 4
v -7.2 0.3 3.9
v -6.9 0.3 3.9
v -5 0.3 3.9
v -4.7 0.3 3.9
v 1.2 0.3 3.9
v 1.6 0.3 3.9
v 2.7 0.3 3.9
v 2.8 0.3 3.9
v 5.1 0.3 3.9
v 5.2 0.3 3.9
v 5.8 0.3 3.9
v 6.2 0.3 3.9
v -6.9 0.3 3.8
v -6.6 0.3 3.8
v -4.7 0.3 3.8
v -4.2 0.3 3.8
v 0.799999 0.3 3.8
v 1.2 0.3 3.8
v 2.7 0.3 3.8
v 2.8 0.3 3.8
v 5.1 0.3 3.8
v 5.2 0.3 3.8
v 5.5 0.3 3.8
v 5.8 0.3 3.8
v -6.6 0.3 3.7
v -6.4 0.3 3.7
v -4.2 0.3 3.7
v -3.6 0.3 3.7
v 0.5 0.3 3.7
v 0.799999 0.3 3.7
v 5.2 0.3 3.7
v 5.5 0.3 3.7
v -6.4 0.3 3.6
v -6.2 0.3 3.6
v -3.6 0.3 3.6
v -3.3 0.3 3.6
v -0.3 0.3 3.6
v 0.0999994 0.3 3.6
v 0.299999 0.3 3.6
v 0.5 0.3 3.6
v 5 0.3 3.6
v 5.2 0.3 3.6
v -6.2 0.3 3.5
v -5.9 0.3 3.5
v -3.3 0.3 3.5
v -3 0.3 3.5
v -1.1 0.3 3.5
v -0.3 0.3 3.5
v 0.0999994 0.3 3.5
v 0.299999 0.3 3.5
v 4.2 0.3 3.5
v 4.3 0.3 3.5
v 4.7 0.3 3.5
v 5 0.3 3.5
v -5.9 0.3 3.4
v -5.7 0.3 3.4
v -4.5 0.3 3.4
v -4.4 0.3 3.4
v -3 0.3 3.4
v -1.1 0.3 3.4
v 4.2 0.3 3.4
v 4.3 0.3 3.4
v 4.4 0.3 3.4
v 4.7 0.3 3.4
v -5.7 0.3 3.3
v -5.5 0.3 3.3
v -4.5 0.3 3.3
v -4.4 0.3 3.3
v 1.3 0.3 3.3
v 1.4 0.3 3.3
v 4 0.3 3.3
v 4.1 0.3 3.3
v 4.2 0.3 3.3
v 4.4 0.3 3.3
v -5.5 0.3 3.2
v -5.3 0.3 3.2
v 1.3 0.3 3.2
v 1.4 0.3 3.2
v 3.4 0.3 3.2
v 3.5 0.3 3.2
v 3.9 0.3 3.2
v 4 0.3 3.2
v 4.1 0.3 3.2
v 4.2 0.3 3.2
v -5.3 0.3 3.1
v -5.1 0.3 3.1
v -1.9 0.3 3.1
v -1.8 0.3 3.1
v 0.4 0.3 3.1
v 0.5 0.3 3.1
v 3.4 0.3 3.1
v 3.5 0.3 3.1
v 3.7 0.3 3.1
v 3.9 0.3 3.1
v -5.1 0.3 3
v -4.8 0.3 3
v -1.9 0.3 3
v -1.8 0.3 3
v 0.4 0.3 3
v 0.5 0.3 3
v 3.5 0.3 3
v 3.7 0.3 3
v -4.8 0.3 2.9
v -4.3 0.3 2.9
v 3.2 0.3 2.9
v 3.5 0.3 2.9
v -4.3 0.3 2.8
v -3.9 0.3 2.8
v -1.8 0.3 2.8
v -1.7 0.3 2.8
v 2.9 0.3 2.8
v 3.2 0.3 2.8
v -3.9 0.3 2.7
v -3.7 0.3 2.7
v -1.8 0.3 2.7
v -1.7 0.3 2.7
v 2.7 0.3 2.7
v 2.9 0.3 2.7
v -3.7 0.3 2.6
v -3.1 0.3 2.6
v -2.9 0.3 2.6
v -2.8 0.3 2.6
v 2.4 0.3 2.6
v 2.7 0.3 2.6
v -3.1 0.3 2.5
v -2.9 0.3 2.5
v -2.8 0.3 2.5
v -2.4 0.3 2.5
v 2.1 0.3 2.5
v 2.4 0.3 2.5
v -2.4 0.3 2.4
v -2 0.3 2.4
v -0.400001 0.3 2.4
v -0.3 0.3 2.4
v 1.8 0.3 2.4
v 2.1 0.3 2.4
v -2 0.3 2.3
v -1.4 0.3 2.3
v -1.2 0.3 2.3
v -1 0.3 2.3
v -0.400001 0.3 2.3
v -0.3 0.3 2.3
v 1.5 0.3 2.3
v 1.8 0.3 2.3
v -1 0.3 2.2
v 0.0999994 0.3 2.2
v 1.1 0.3 2.2
v 1.5 0.3 2.2
v 0.0999994 0.3 2.1
v 1.1 0.3 2.1
v -12.8 0.4 5.7
v -12.1 0.4 5.7
v -12.1 0.4 5.6
v -11.9 0.4 5.6
v -11.8 0.4 5.6
v -11.7 0.4 5.6
v -11.9 0.4 5.5
v -11.8 0.4 5.5
v -11.7 0.4 5.5
v -11.4 0.4 5.5
v -12.4 0.4 5.4
v -12.3 0.4 5.4
v -11.4 0.4 5.4
v -11.1 0.4 5.4
v -12.4 0.4 5.3
v -12.3 0.4 5.3
v -11.1 0.4 5.3
v -10.8 0.4 5.3
v -11.7 0.4 5.2
v -11.6 0.4 5.2
v -10.8 0.4 5.2
v -10.6 0.4 5.2
v -10.5 0.4 5.2
v -11.7 0.4 5.1
v -11.6 0.4 5.1
v -11.5 0.4 5.1
v -11.4 0.4 5.1
v -10.6 0.4 5.1
v -10.5 0.4 5.1
v -10.2 0.4 5.1
v -11.7 0.4 5
v -11.6 0.4 5
v -11.5 0.4 5
v -11.4 0.4 5
v -10.2 0.4 5
v -9.9 0.4 5
v -11.7 0.4 4.9
v -11.6 0.4 4.9
v -9.9 0.4 4.9
v -9.7 0.4 4.9
v -9.7 0.4 4.8
v -9.5 0.4 4.8
v -9.5 0.4 4.7
v -9.2 0.4 4.7
v 12.5 0.4 4.7
v 12.8 0.4 4.7
v -9.2 0.4 4.6
v -8.9 0.4 4.6
v 12 0.4 4.6
v 12.5 0.4 4.6
v 12.7 0.4 4.6
v 12.8 0.4 4.6
v -8.9 0.4 4.5
v -8.6 0.4 4.5
v 8.7 0.4 4.5
v 10.4 0.4 4.5
v 10.5 0.4 4.5
v 11.6 0.4 4.5
v 12 0.4 4.5
v 12.7 0.4 4.5
v 12.8 0.4 4.5
v -11.2 0.4 4.4
v -11.1 0.4 4.4
v -8.6 0.4 4.4
v -8.3 0.4 4.4
v 7.9 0.4 4.4
v 8.7 0.4 4.4
v 10.4 0.4 4.4
v 10.5 0.4 4.4
v 10.8 0.4 4.4
v 10.9 0.4 4.4
v 11.6 0.4 4.4
v -12.8 0.4 4.3
v -12.7 0.4 4.3
v -11.2 0.4 4.3
v -11.1 0.4 4.3
v -10.3 0.4 4.3
v -10.2 0.4 4.3
v -8.3 0.4 4.3
v -8 0.4 4.3
v 7.2 0.4 4.3
v 7.9 0.4 4.3
v 10.8 0.4 4.3
v 10.9 0.4 4.3
v -12.7 0.4 4.2
v -12.5 0.4 4.2
v -10.3 0.4 4.2
v -10.2 0.4 4.2
v -8 0.4 4.2
v -7.7 0.4 4.2
v 6.6 0.4 4.2
v 7.2 0.4 4.2
v 10.3 0.4 4.2
v 10.4 0.4 4.2
v -12.5 0.4 4.1
v -12 0.4 4.1
v -10.4 0.4 4.1
v -10.3 0.4 4.1
v -9.4 0.4 4.1
v -9.3 0.4 4.1
v -7.7 0.4 4.1
v -7.4 0.4 4.1
v 6.4 0.4 4.1
v 6.6 0.4 4.1
v 10.3 0.4 4.1
v 10.4 0.4 4.1
v -12 0.4 4
v -11.8 0.4 4
v -10.4 0.4 4
v -10.3 0.4 4
v -9.4 0.4 4
v -9.3 0.4 4
v -7.4 0.4 4
v -7.2 0.4 4
v 6.2 0.4 4
v 6.4 0.4 4
v -11.8 0.4 3.9
v -11.5 0.4 3.9
v -7.2 0.4 3.9
v -6.9 0.4 3.9
v 5.8 0.4 3.9
v 6.2 0.4 3.9
v 6.5 0.4 3.9
v 6.6 0.4 3.9
v -11.5 0.4 3.8
v -11.3 0.4 3.8
v -6.9 0.4 3.8
v -6.6 0.4 3.8
v 5.5 0.4 3.8
v 5.8 0.4 3.8
v 6.5 0.4 3.8
v 6.6 0.4 3.8
v -11.3 0.4 3.7
v -11 0.4 3.7
v -6.6 0.4 3.7
v -6.4 0.4 3.7
v 5.2 0.4 3.7
v 5.5 0.4 3.7
v 7.5 0.4 3.7
v 7.6 0.4 3.7
v -11 0.4 3.6
v -10.8 0.4 3.6
v -6.4 0.4 3.6
v -6.2 0.4 3.6
v 5 0.4 3.6
v 5.2 0.4 3.6
v 7.3 0.4 3.6
v 7.4 0.4 3.6
v 7.5 0.4 3.6
v -10.8 0.4 3.5
v -10.6 0.4 3.5
v -8.1 0.4 3.5
v -8 0.4 3.5
v -6.2 0.4 3.5
v -5.9 0.4 3.5
v 4.7 0.4 3.5
v 5 0.4 3.5
v 7.3 0.4 3.5
v 7.4 0.4 3.5
v 7.5 0.4 3.5
v 7.6 0.4 3.5
v 10.4 0.4 3.5
v 10.5 0.4 3.5
v 12.4 0.4 3.5
v 12.5 0.4 3.5
v 12.7 0.4 3.5
v 12.8 0.4 3.5
v -10.6 0.4 3.4
v -10.4 0.4 3.4
v -8.1 0.4 3.4
v -8 0.4 3.4
v -5.9 0.4 3.4
v -5.7 0.4 3.4
v 4.4 0.4 3.4
v 4.7 0.4 3.4
v 7.4 0.4 3.4
v 7.5 0.4 3.4
v 10.4 0.4 3.4
v 10.5 0.4 3.4
v 12.4 0.4 3.4
v 12.5 0.4 3.4
v 12.7 0.4 3.4
v -10.4 0.4 3.3
v -10.2 0.4 3.3
v -5.7 0.4 3.3
v -5.5 0.4 3.3
v 4.2 0.4 3.3
v 4.4 0.4 3.3
v 12.3 0.4 3.3
v 12.4 0.4 3.3
v -10.2 0.4 3.2
v -10 0.4 3.2
v -5.5 0.4 3.2
v -5.3 0.4 3.2
v 3.9 0.4 3.2
v 4.2 0.4 3.2
v 12.2 0.4 3.2
v 12.3 0.4 3.2
v -10 0.4 3.1
v -9.9 0.4 3.1
v -9.8 0.4 3.1
v -5.3 0.4 3.1
v -5.1 0.4 3.1
v 3.7 0.4 3.1
v 3.9 0.4 3.1
v 12 0.4 3.1
v 12.2 0.4 3.1
v -9.8 0.4 3
v -9.5 0.4 3
v -8.8 0.4 3
v -8.7 0.4 3
v -5.1 0.4 3
v -4.8 0.4 3
v 3.5 0.4 3
v 3.7 0.4 3
v 5.7 0.4 3
v 5.8 0.4 3
v 6.7 0.4 3
v 6.8 0.4 3
v 8.8 0.4 3
v 9 0.4 3
v 11.8 0.4 3
v 12 0.4 3
v -9.5 0.4 2.9
v -9.3 0.4 2.9
v -8.8 0.4 2.9
v -8.7 0.4 2.9
v -7.5 0.4 2.9
v -7.4 0.4 2.9
v -5.6 0.4 2.9
v -5.5 0.4 2.9
v -4.8 0.4 2.9
v -4.3 0.4 2.9
v 3.2 0.4 2.9
v 3.5 0.4 2.9
v 5.7 0.4 2.9
v 5.8 0.4 2.9
v 6.7 0.4 2.9
v 6.8 0.4 2.9
v 8.8 0.4 2.9
v 9 0.4 2.9
v 11.6 0.4 2.9
v 11.8 0.4 2.9
v -9.3 0.4 2.8
v -9.1 0.4 2.8
v -8.8 0.4 2.8
v -8.7 0.4 2.8
v -7.5 0.4 2.8
v -7.4 0.4 2.8
v -6.9 0.4 2.8
v -6.8 0.4 2.8
v -5.6 0.4 2.8
v -5.5 0.4 2.8
v -4.3 0.4 2.8
v -3.9 0.4 2.8
v 2.9 0.4 2.8
v 3.2 0.4 2.8
v 11.4 0.4 2.8
v 11.6 0.4 2.8
v -9.1 0.4 2.7
v -8.8 0.4 2.7
v -8.7 0.4 2.7
v -6.9 0.4 2.7
v -6.8 0.4 2.7
v -3.9 0.4 2.7
v -3.7 0.4 2.7
v 2.7 0.4 2.7
v 2.9 0.4 2.7
v 6.1 0.4 2.7
v 6.2 0.4 2.7
v 11.2 0.4 2.7
v 11.4 0.4 2.7
v -8.8 0.4 2.6
v -8.6 0.4 2.6
v -3.7 0.4 2.6
v -3.1 0.4 2.6
v 2.4 0.4 2.6
v 2.7 0.4 2.6
v 4.5 0.4 2.6
v 4.6 0.4 2.6
v 6.1 0.4 2.6
v 6.2 0.4 2.6
v 6.3 0.4 2.6
v 6.4 0.4 2.6
v 8.3 0.4 2.6
v 8.4 0.4 2.6
v 11.1 0.4 2.6
v 11.2 0.4 2.6
v -8.6 0.4 2.5
v -8.4 0.4 2.5
v -8.2 0.4 2.5
v -8.1 0.4 2.5
v -3.1 0.4 2.5
v -2.4 0.4 2.5
v 2.1 0.4 2.5
v 2.4 0.4 2.5
v 4.5 0.4 2.5
v 4.6 0.4 2.5
v 5.7 0.4 2.5
v 5.8 0.4 2.5
v 6.3 0.4 2.5
v 6.4 0.4 2.5
v 8.3 0.4 2.5
v 8.4 0.4 2.5
v 10.7 0.4 2.5
v 11.1 0.4 2.5
v -8.4 0.4 2.4
v -8.2 0.4 2.4
v -8.1 0.4 2.4
v -2.4 0.4 2.4
v -2 0.4 2.4
v 1.8 0.4 2.4
v 2.1 0.4 2.4
v 5.7 0.4 2.4
v 5.8 0.4 2.4
v 10.4 0.4 2.4
v 10.6 0.4 2.4
v -8.1 0.4 2.3
v -7.9 0.4 2.3
v -3 0.4 2.3
v -2.9 0.4 2.3
v -2 0.4 2.3
v -1.4 0.4 2.3
v -1.2 0.4 2.3
v -1 0.4 2.3
v 1.5 0.4 2.3
v 1.8 0.4 2.3
v 3.3 0.4 2.3
v 3.4 0.4 2.3
v 8.5 0.4 2.3
v 8.6 0.4 2.3
v 10.2 0.4 2.3
v 10.4 0.4 2.3
v 10.6 0.4 2.3
v 10.7 0.4 2.3
v -7.9 0.4 2.2
v -7.7 0.4 2.2
v -3 0.4 2.2
v -2.9 0.4 2.2
v -1.4 0.4 2.2
v -1.2 0.4 2.2
v -1 0.4 2.2
v 0.0999994 0.4 2.2
v 1.1 0.4 2.2
v 1.5 0.4 2.2
v 3.3 0.4 2.2
v 3.4 0.4 2.2
v 5.2 0.4 2.2
v 5.3 0.4 2.2
v 8.5 0.4 2.2
v 8.6 0.4 2.2
v 9.7 0.4 2.2
v 10.2 0.4 2.2
v -7.7 0.4 2.1
v -7.4 0.4 2.1
v -0.3 0.4 2.1
v -0.200001 0.4 2.1
v 0.0999994 0.4 2.1
v 1.1 0.4 2.1
v 5.2 0.4 2.1
v 5.3 0.4 2.1
v 9.2 0.4 2.1
v 9.7 0.4 2.1
v -7.4 0.4 2
v -7.2 0.4 2
v -0.3 0.4 2
v -0.200001 0.4 2
v 1.1 0.4 2
v 1.2 0.4 2
v 3.9 0.4 2
v 4 0.4 2
v 8.8 0.4 2
v 9.2 0.4 2
v -7.2 0.4 1.9
v -7 0.4 1.9
v 2.7 0.4 1.9
v 2.8 0.4 1.9
v 3.9 0.4 1.9
v 4 0.4 1.9
v 8.3 0.4 1.9
v 8.8 0.4 1.9
v -7 0.4 1.8
v -6.8 0.4 1.8
v 1.1 0.4 1.8
v 1.2 0.4 1.8
v 2.7 0.4 1.8
v 2.8 0.4 1.8
v 7.4 0.4 1.8
v 8.3 0.4 1.8
v -6.8 0.4 1.7
v -6.6 0.4 1.7
v 0.0999994 0.4 1.7
v 0.2 0.4 1.7
v 3.8 0.4 1.7
v 3.9 0.4 1.7
v 6.5 0.4 1.7
v 7.4 0.4 1.7
v -6.6 0.4 1.6
v -6.4 0.4 1.6
v 0.0999994 0.4 1.6
v 0.2 0.4 1.6
v 3.8 0.4 1.6
v 3.9 0.4 1.6
v 6.2 0.4 1.6
v 6.5 0.4 1.6
v -6.4 0.4 1.5
v -6 0.4 1.5
v -4.6 0.4 1.5
v -4.5 0.4 1.5
v 3.7 0.4 1.5
v 3.8 0.4 1.5
v 5.9 0.4 1.5
v 6.2 0.4 1.5
v -6 0.4 1.4
v -5.5 0.4 1.4
v -4.6 0.4 1.4
v -4.5 0.4 1.4
v 3.7 0.4 1.4
v 3.8 0.4 1.4
v 5.4 0.4 1.4
v 5.9 0.4 1.4
v -5.5 0.4 1.3
v -5.1 0.4 1.3
v 1.1 0.4 1.3
v 1.2 0.4 1.3
v 4.9 0.4 1.3
v 5.4 0.4 1.3
v -5.1 0.4 1.2
v -4.8 0.4 1.2
v 1.1 0.4 1.2
v 1.2 0.4 1.2
v 1.9 0.4 1.2
v 2 0.4 1.2
v 4.4 0.4 1.2
v 4.9 0.4 1.2
v -4.8 0.4 1.1
v -4.5 0.4 1.1
v 1.9 0.4 1.1
v 2 0.4 1.1
v 4 0.4 1.1
v 4.4 0.4 1.1
v -4.5 0.4 1
v -4.2 0.4 1
v 3.6 0.4 1
v 4 0.4 1
v -4.2 0.4 0.900001
v -3.8 0.4 0.900001
v -2.3 0.4 0.900001
v -2.2 0.4 0.900001
v 3.2 0.4 0.900001
v 3.6 0.4 0.900001
v -3.8 0.4 0.8
v -3.4 0.4 0.8
v -3.3 0.4 0.8
v -2.3 0.4 0.8
v -2.2 0.4 0.8
v -0.200001 0.4 0.8
v -0.1 0.4 0.8
v 2.9 0.4 0.8
v 3.2 0.4 0.8
v -3.3 0.4 0.700001
v -2.7 0.4 0.700001
v -0.200001 0.4 0.700001
v -0.1 0.4 0.700001
v 0 0.4 0.700001
v 0.0999994 0.4 0.700001
v 2.6 0.4 0.700001
v 2.9 0.4 0.700001
v -2.7 0.4 0.6
v -1.7 0.4 0.6
v 0 0.4 0.6
v 0.0999994 0.4 0.6
v 1.6 0.4 0.6
v 2.6 0.4 0.6
v -1.7 0.4 0.5
v -1.2 0.4 0.5
v 1.1 0.4 0.5
v 1.6 0.4 0.5
v -1.2 0.4 0.400001
v 0 0.4 0.400001
v 0.5 0.4 0.400001
v 1.1 0.4 0.400001
v 0 0.4 0.3
v 0.5 0.4 0.3
v -12.8 0.5 4.3
v -12.7 0.5 4.3
v -12.7 0.5 4.2
v -12.5 0.5 4.2
v -12.5 0.5 4.1
v -12 0.5 4.1
v -12 0.5 4
v -11.8 0.5 4
v -11.8 0.5 3.9
v -11.5 0.5 3.9
v -11.5 0.5 3.8
v -11.3 0.5 3.8
v -11.9 0.5 3.7
v -11.8 0.5 3.7
v -11.3 0.5 3.7
v -11 0.5 3.7
v -11.9 0.5 3.6
v -11.8 0.5 3.6
v -11 0.5 3.6
v -10.8 0.5 3.6
v -12.3 0.5 3.5
v -12.2 0.5 3.5
v -10.8 0.5 3.5
v -10.6 0.5 3.5
v 12.7 0.5 3.5
v 12.8 0.5 3.5
v -12.3 0.5 3.4
v -12.2 0.5 3.4
v -10.6 0.5 3.4
v -10.4 0.5 3.4
v 12.4 0.5 3.4
v 12.7 0.5 3.4
v -10.4 0.5 3.3
v -10.2 0.5 3.3
v 12.3 0.5 3.3
v 12.4 0.5 3.3
v -10.2 0.5 3.2
v -10 0.5 3.2
v 12.2 0.5 3.2
v 12.3 0.5 3.2
v -10 0.5 3.1
v -9.9 0.5 3.1
v -9.8 0.5 3.1
v 12 0.5 3.1
v 12.2 0.5 3.1
v -9.9 0.5 3
v -9.8 0.5 3
v -9.5 0.5 3
v 11.8 0.5 3
v 12 0.5 3
v -11.3 0.5 2.9
v -11.2 0.5 2.9
v -9.5 0.5 2.9
v -9.3 0.5 2.9
v 11.6 0.5 2.9
v 11.8 0.5 2.9
v -12.1 0.5 2.8
v -12 0.5 2.8
v -11.8 0.5 2.8
v -11.3 0.5 2.8
v -11.2 0.5 2.8
v -10.8 0.5 2.8
v -9.3 0.5 2.8
v -9.1 0.5 2.8
v 11.4 0.5 2.8
v 11.6 0.5 2.8
v -12.8 0.5 2.7
v -12.1 0.5 2.7
v -12 0.5 2.7
v -11.8 0.5 2.7
v -10.8 0.5 2.7
v -10.4 0.5 2.7
v -9.3 0.5 2.7
v -9.2 0.5 2.7
v -9.1 0.5 2.7
v -8.8 0.5 2.7
v 11.2 0.5 2.7
v 11.4 0.5 2.7
v -10.4 0.5 2.6
v -10.1 0.5 2.6
v -9.3 0.5 2.6
v -9.2 0.5 2.6
v -8.8 0.5 2.6
v -8.6 0.5 2.6
v 11.1 0.5 2.6
v 11.2 0.5 2.6
v -10.1 0.5 2.5
v -9.7 0.5 2.5
v -8.6 0.5 2.5
v -8.4 0.5 2.5
v 10.7 0.5 2.5
v 11.1 0.5 2.5
v 12.7 0.5 2.5
v 12.8 0.5 2.5
v -9.7 0.5 2.4
v -9.4 0.5 2.4
v -8.4 0.5 2.4
v -8.1 0.5 2.4
v 10.4 0.5 2.4
v 10.6 0.5 2.4
v 12.4 0.5 2.4
v 12.7 0.5 2.4
v -9.4 0.5 2.3
v -9.2 0.5 2.3
v -8.1 0.5 2.3
v -7.9 0.5 2.3
v 10.2 0.5 2.3
v 10.4 0.5 2.3
v 10.6 0.5 2.3
v 10.7 0.5 2.3
v 12.2 0.5 2.3
v 12.4 0.5 2.3
v -9.2 0.5 2.2
v -9 0.5 2.2
v -7.9 0.5 2.2
v -7.7 0.5 2.2
v 9.7 0.5 2.2
v 10.2 0.5 2.2
v 11.4 0.5 2.2
v 11.5 0.5 2.2
v 11.9 0.5 2.2
v 12.2 0.5 2.2
v -9 0.5 2.1
v -8.8 0.5 2.1
v -8.5 0.5 2.1
v -8.4 0.5 2.1
v -7.7 0.5 2.1
v -7.4 0.5 2.1
v 9.2 0.5 2.1
v 9.7 0.5 2.1
v 11.8 0.5 2.1
v 11.9 0.5 2.1
v -8.8 0.5 2
v -8.6 0.5 2
v -8.5 0.5 2
v -8.4 0.5 2
v -7.4 0.5 2
v -7.2 0.5 2
v 8.8 0.5 2
v 9.2 0.5 2
v 11.4 0.5 2
v 11.5 0.5 2
v 11.8 0.5 2
v -8.6 0.5 1.9
v -8.4 0.5 1.9
v -7.2 0.5 1.9
v -7 0.5 1.9
v 8.3 0.5 1.9
v 8.8 0.5 1.9
v 9.3 0.5 1.9
v 9.4 0.5 1.9
v 11.4 0.5 1.9
v 11.5 0.5 1.9
v -8.4 0.5 1.8
v -8.3 0.5 1.8
v -7 0.5 1.8
v -6.8 0.5 1.8
v 7.4 0.5 1.8
v 8.3 0.5 1.8
v 9.3 0.5 1.8
v 9.4 0.5 1.8
v 10.9 0.5 1.8
v 11.3 0.5 1.8
v 11.4 0.5 1.8
v -8.3 0.5 1.7
v -8.1 0.5 1.7
v -6.8 0.5 1.7
v -6.6 0.5 1.7
v 6.5 0.5 1.7
v 7.4 0.5 1.7
v 9.9 0.5 1.7
v 10 0.5 1.7
v 10.7 0.5 1.7
v 10.9 0.5 1.7
v -8.1 0.5 1.6
v -8 0.5 1.6
v -7.9 0.5 1.6
v -6.6 0.5 1.6
v -6.4 0.5 1.6
v 6.2 0.5 1.6
v 6.5 0.5 1.6
v 9.9 0.5 1.6
v 10 0.5 1.6
v 10.3 0.5 1.6
v 10.7 0.5 1.6
v -8 0.5 1.5
v -7.9 0.5 1.5
v -7.8 0.5 1.5
v -6.4 0.5 1.5
v -6 0.5 1.5
v 5.9 0.5 1.5
v 6.2 0.5 1.5
v 10.1 0.5 1.5
v 10.3 0.5 1.5
v -7.8 0.5 1.4
v -7.6 0.5 1.4
v -6 0.5 1.4
v -5.5 0.5 1.4
v 5.4 0.5 1.4
v 5.9 0.5 1.4
v 9.9 0.5 1.4
v 10.1 0.5 1.4
v -7.6 0.5 1.3
v -7.4 0.5 1.3
v -5.5 0.5 1.3
v -5.1 0.5 1.3
v 4.9 0.5 1.3
v 5.4 0.5 1.3
v 9.8 0.5 1.3
v 9.9 0.5 1.3
v -7.4 0.5 1.2
v -7.2 0.5 1.2
v -5.1 0.5 1.2
v -4.8 0.5 1.2
v 4.4 0.5 1.2
v 4.9 0.5 1.2
v 9.5 0.5 1.2
v 9.8 0.5 1.2
v -7.2 0.5 1.1
v -7 0.5 1.1
v -5.8 0.5 1.1
v -5.7 0.5 1.1
v -4.8 0.5 1.1
v -4.5 0.5 1.1
v 4 0.5 1.1
v 4.4 0.5 1.1
v 9.3 0.5 1.1
v 9.5 0.5 1.1
v -7 0.5 1
v -6.7 0.5 1
v -5.8 0.5 1
v -5.7 0.5 1
v -4.5 0.5 1
v -4.2 0.5 1
v 3.6 0.5 1
v 4 0.5 1
v 9.1 0.5 1
v 9.3 0.5 1
v -6.7 0.5 0.900001
v -6.5 0.5 0.900001
v -4.2 0.5 0.900001
v -3.8 0.5 0.900001
v 3.2 0.5 0.900001
v 3.6 0.5 0.900001
v 5.2 0.5 0.900001
v 5.3 0.5 0.900001
v 8.7 0.5 0.900001
v 9.1 0.5 0.900001
v -6.5 0.5 0.8
v -6.2 0.5 0.8
v -3.8 0.5 0.8
v -3.4 0.5 0.8
v -3.3 0.5 0.8
v 2.9 0.5 0.8
v 3.2 0.5 0.8
v 5.2 0.5 0.8
v 5.3 0.5 0.8
v 6.4 0.5 0.8
v 6.5 0.5 0.8
v 7.6 0.5 0.8
v 7.7 0.5 0.8
v 8.4 0.5 0.8
v 8.7 0.5 0.8
v -6.2 0.5 0.700001
v -5.9 0.5 0.700001
v -5.8 0.5 0.700001
v -5.7 0.5 0.700001
v -3.4 0.5 0.700001
v -3.3 0.5 0.700001
v -2.7 0.5 0.700001
v 2.6 0.5 0.700001
v 2.9 0.5 0.700001
v 4.5 0.5 0.700001
v 4.6 0.5 0.700001
v 6.4 0.5 0.700001
v 6.5 0.5 0.700001
v 7 0.5 0.700001
v 7.3 0.5 0.700001
v 7.6 0.5 0.700001
v 7.7 0.5 0.700001
v 7.9 0.5 0.700001
v 8 0.5 0.700001
v 8.2 0.5 0.700001
v 8.4 0.5 0.700001
v -5.9 0.5 0.6
v -5.8 0.5 0.6
v -5.7 0.5 0.6
v -5.5 0.5 0.6
v -2.7 0.5 0.6
v -1.7 0.5 0.6
v 1.6 0.5 0.6
v 2.6 0.5 0.6
v 4.5 0.5 0.6
v 4.6 0.5 0.6
v 6.2 0.5 0.6
v 7 0.5 0.6
v 7.3 0.5 0.6
v 7.9 0.5 0.6
v -5.5 0.5 0.5
v -5.2 0.5 0.5
v -1.7 0.5 0.5
v -1.2 0.5 0.5
v 1.1 0.5 0.5
v 1.6 0.5 0.5
v 5 0.5 0.5
v 6.2 0.5 0.5
v -5.2 0.5 0.400001
v -5 0.5 0.400001
v -1.2 0.5 0.400001
v 0 0.5 0.400001
v 0.5 0.5 0.400001
v 1.1 0.5 0.400001
v 4.1 0.5 0.400001
v 5 0.5 0.400001
v -5 0.5 0.3
v -4.7 0.5 0.3
v 0 0.5 0.3
v 0.5 0.5 0.3
v 1.2 0.5 0.3
v 1.3 0.5 0.3
v 3.4 0.5 0.3
v 4.1 0.5 0.3
v -4.7 0.5 0.200001
v -4.4 0.5 0.200001
v 1.2 0.5 0.200001
v 1.3 0.5 0.200001
v 2.7 0.5 0.200001
v 3.4 0.5 0.200001
v -4.4 0.5 0.1
v -4 0.5 0.1
v 2.1 0.5 0.1
v 2.7 0.5 0.1
v -4 0.5 0
v -3.7 0.5 0
v -2.1 0.5 0
v -2 0.5 0
v 1.6 0.5 0
v 2.1 0.5 0
v -3.7 0.5 -0.0999994
v -3 0.5 -0.0999994
v -1.3 0.5 -0.0999994
v -1.2 0.5 -0.0999994
v 1.4 0.5 -0.0999994
v 1.6 0.5 -0.0999994
v -3 0.5 -0.2
v -2.5 0.5 -0.2
v -2.1 0.5 -0.2
v -2 0.5 -0.2
v -1.3 0.5 -0.2
v -1.2 0.5 -0.2
v 0.9 0.5 -0.2
v 1.4 0.5 -0.2
v -2.5 0.5 -0.299999
v -1.8 0.5 -0.299999
v 0.599999 0.5 -0.299999
v 0.9 0.5 -0.299999
v -1.8 0.5 -0.4
v -1 0.5 -0.4
v 0.2 0.5 -0.4
v 0.599999 0.5 -0.4
v -1 0.5 -0.5
v -0.700001 0.5 -0.5
v -0.6 0.5 -0.5
v 0.2 0.5 -0.5
v -12.1 0.6 2.8
v -12 0.6 2.8
v -11.8 0.6 2.8
v -10.8 0.6 2.8
v -12.8 0.6 2.7
v -12.1 0.6 2.7
v -12 0.6 2.7
v -11.8 0.6 2.7
v -11.6 0.6 2.7
v -11.5 0.6 2.7
v -10.8 0.6 2.7
v -10.4 0.6 2.7
v -11.6 0.6 2.6
v -11.5 0.6 2.6
v -10.4 0.6 2.6
v -10.1 0.6 2.6
v -10.1 0.6 2.5
v -9.7 0.6 2.5
v 12.7 0.6 2.5
v 12.8 0.6 2.5
v -9.7 0.6 2.4
v -9.4 0.6 2.4
v 12.4 0.6 2.4
v 12.7 0.6 2.4
v -9.4 0.6 2.3
v -9.2 0.6 2.3
v 12.2 0.6 2.3
v 12.4 0.6 2.3
v -10.6 0.6 2.2
v -10.5 0.6 2.2
v -9.2 0.6 2.2
v -9 0.6 2.2
v 11.9 0.6 2.2
v 12.2 0.6 2.2
v -11.7 0.6 2.1
v -11.6 0.6 2.1
v -10.6 0.6 2.1
v -10.5 0.6 2.1
v -9 0.6 2.1
v -8.8 0.6 2.1
v 11.8 0.6 2.1
v 11.9 0.6 2.1
v -11.7 0.6 2
v -11.6 0.6 2
v -8.8 0.6 2
v -8.6 0.6 2
v 11.5 0.6 2
v 11.8 0.6 2
v 12.2 0.6 2
v 12.3 0.6 2
v -8.6 0.6 1.9
v -8.4 0.6 1.9
v 11.4 0.6 1.9
v 11.5 0.6 1.9
v 12.2 0.6 1.9
v 12.3 0.6 1.9
v -10.3 0.6 1.8
v -10.2 0.6 1.8
v -9.3 0.6 1.8
v -9.2 0.6 1.8
v -8.4 0.6 1.8
v -8.3 0.6 1.8
v 10.9 0.6 1.8
v 11.3 0.6 1.8
v 11.4 0.6 1.8
v -10.3 0.6 1.7
v -10.2 0.6 1.7
v -9.3 0.6 1.7
v -9.2 0.6 1.7
v -8.3 0.6 1.7
v -8.1 0.6 1.7
v 10.7 0.6 1.7
v 10.9 0.6 1.7
v 11.3 0.6 1.7
v 11.4 0.6 1.7
v -8.1 0.6 1.6
v -8 0.6 1.6
v 10.3 0.6 1.6
v 10.7 0.6 1.6
v -12.8 0.6 1.5
v -12.3 0.6 1.5
v -10.5 0.6 1.5
v -10.4 0.6 1.5
v -9.1 0.6 1.5
v -9 0.6 1.5
v -8 0.6 1.5
v -7.8 0.6 1.5
v 10.1 0.6 1.5
v 10.3 0.6 1.5
v -12.3 0.6 1.4
v -11.9 0.6 1.4
v -10.5 0.6 1.4
v -10.4 0.6 1.4
v -10.3 0.6 1.4
v -9.1 0.6 1.4
v -9 0.6 1.4
v -7.8 0.6 1.4
v -7.6 0.6 1.4
v 9.9 0.6 1.4
v 10.1 0.6 1.4
v -11.9 0.6 1.3
v -11.3 0.6 1.3
v -10.4 0.6 1.3
v -10.3 0.6 1.3
v -7.6 0.6 1.3
v -7.4 0.6 1.3
v 9.8 0.6 1.3
v 9.9 0.6 1.3
v 12.1 0.6 1.3
v 12.2 0.6 1.3
v -11.3 0.6 1.2
v -10.9 0.6 1.2
v -7.4 0.6 1.2
v -7.2 0.6 1.2
v 9.5 0.6 1.2
v 9.8 0.6 1.2
v 12.1 0.6 1.2
v 12.2 0.6 1.2
v -10.9 0.6 1.1
v -10.6 0.6 1.1
v -7.2 0.6 1.1
v -7 0.6 1.1
v 9.3 0.6 1.1
v 9.5 0.6 1.1
v -10.6 0.6 1
v -10 0.6 1
v -7 0.6 1
v -6.7 0.6 1
v 9.1 0.6 1
v 9.3 0.6 1
v -10 0.6 0.900001
v -9.7 0.6 0.900001
v -6.7 0.6 0.900001
v -6.5 0.6 0.900001
v 8.7 0.6 0.900001
v 9.1 0.6 0.900001
v -9.7 0.6 0.8
v -9.1 0.6 0.8
v -6.5 0.6 0.8
v -6.2 0.6 0.8
v 8.4 0.6 0.8
v 8.7 0.6 0.8
v 11.6 0.6 0.8
v 11.7 0.6 0.8
v -9.1 0.6 0.700001
v -8.5 0.6 0.700001
v -7.3 0.6 0.700001
v -7.2 0.6 0.700001
v -6.2 0.6 0.700001
v -5.9 0.6 0.700001
v 7 0.6 0.700001
v 7.3 0.6 0.700001
v 7.9 0.6 0.700001
v 8 0.6 0.700001
v 8.2 0.6 0.700001
v 8.4 0.6 0.700001
v 8.5 0.6 0.700001
v 10.2 0.6 0.700001
v 10.3 0.6 0.700001
v 11.6 0.6 0.700001
v 11.7 0.6 0.700001
v 12.4 0.6 0.700001
v 12.8 0.6 0.700001
v -8.5 0.6 0.6
v -8.2 0.6 0.6
v -7.3 0.6 0.6
v -7.2 0.6 0.6
v -5.9 0.6 0.6
v -5.5 0.6 0.6
v 6.2 0.6 0.6
v 7 0.6 0.6
v 7.3 0.6 0.6
v 7.9 0.6 0.6
v 8 0.6 0.6
v 8.2 0.6 0.6
v 8.4 0.6 0.6
v 8.5 0.6 0.6
v 9.4 0.6 0.6
v 9.5 0.6 0.6
v 10.2 0.6 0.6
v 10.3 0.6 0.6
v 12.1 0.6 0.6
v 12.4 0.6 0.6
v -8.2 0.6 0.5
v -7.8 0.6 0.5
v -7.6 0.6 0.5
v -7.5 0.6 0.5
v -5.5 0.6 0.5
v -5.2 0.6 0.5
v 5 0.6 0.5
v 6.2 0.6 0.5
v 9.4 0.6 0.5
v 9.5 0.6 0.5
v 11.9 0.6 0.5
v 12.1 0.6 0.5
v -7.8 0.6 0.400001
v -7.6 0.6 0.400001
v -7.5 0.6 0.400001
v -5.2 0.6 0.400001
v -5 0.6 0.400001
v 4.1 0.6 0.400001
v 5 0.6 0.400001
v 11.6 0.6 0.400001
v 11.9 0.6 0.400001
v -7.5 0.6 0.3
v -7.2 0.6 0.3
v -5 0.6 0.3
v -4.7 0.6 0.3
v 3.4 0.6 0.3
v 4.1 0.6 0.3
v 5.8 0.6 0.3
v 5.9 0.6 0.3
v 11.4 0.6 0.3
v 11.5 0.6 0.3
v 11.6 0.6 0.3
v -7.2 0.6 0.200001
v -7.1 0.6 0.200001
v -7 0.6 0.200001
v -4.7 0.6 0.200001
v -4.4 0.6 0.200001
v 2.7 0.6 0.200001
v 3.4 0.6 0.200001
v 5.8 0.6 0.200001
v 5.9 0.6 0.200001
v -7 0.6 0.1
v -6.8 0.6 0.1
v -4.4 0.6 0.1
v -4 0.6 0.1
v 2.1 0.6 0.1
v 2.7 0.6 0.1
v 11.2 0.6 0.1
v 11.4 0.6 0.1
v -6.8 0.6 0
v -6.7 0.6 0
v -4 0.6 0
v -3.7 0.6 0
v 1.6 0.6 0
v 2.1 0.6 0
v 5.9 0.6 0
v 6 0.6 0
v 10.9 0.6 0
v 11 0.6 0
v 11.2 0.6 0
v -6.7 0.6 -0.0999994
v -6.5 0.6 -0.0999994
v -3.7 0.6 -0.0999994
v -3 0.6 -0.0999994
v 1.4 0.6 -0.0999994
v 1.6 0.6 -0.0999994
v 3.2 0.6 -0.0999994
v 3.3 0.6 -0.0999994
v 5.9 0.6 -0.0999994
v 6 0.6 -0.0999994
v 8.7 0.6 -0.0999994
v 8.9 0.6 -0.0999994
v 10.7 0.6 -0.0999994
v 10.9 0.6 -0.0999994
v 11 0.6 -0.0999994
v -6.5 0.6 -0.2
v -6.3 0.6 -0.2
v -3 0.6 -0.2
v -2.5 0.6 -0.2
v 0.9 0.6 -0.2
v 1.4 0.6 -0.2
v 3.2 0.6 -0.2
v 3.3 0.6 -0.2
v 4.4 0.6 -0.2
v 4.5 0.6 -0.2
v 8.7 0.6 -0.2
v 8.9 0.6 -0.2
v 10.5 0.6 -0.2
v 10.7 0.6 -0.2
v -6.3 0.6 -0.299999
v -6.1 0.6 -0.299999
v -4.6 0.6 -0.299999
v -4.5 0.6 -0.299999
v -2.5 0.6 -0.299999
v -1.8 0.6 -0.299999
v 0.599999 0.6 -0.299999
v 0.9 0.6 -0.299999
v 4.4 0.6 -0.299999
v 4.5 0.6 -0.299999
v 10.3 0.6 -0.299999
v 10.5 0.6 -0.299999
v -6.1 0.6 -0.4
v -5.9 0.6 -0.4
v -4.6 0.6 -0.4
v -4.5 0.6 -0.4
v -3.2 0.6 -0.4
v -3.1 0.6 -0.4
v -1.8 0.6 -0.4
v -1 0.6 -0.4
v 0.2 0.6 -0.4
v 0.599999 0.6 -0.4
v 1.3 0.6 -0.4
v 1.4 0.6 -0.4
v 6.9 0.6 -0.4
v 7 0.6 -0.4
v 10.1 0.6 -0.4
v 10.3 0.6 -0.4
v -5.9 0.6 -0.5
v -5.7 0.6 -0.5
v -3.2 0.6 -0.5
v -3.1 0.6 -0.5
v -1 0.6 -0.5
v -0.700001 0.6 -0.5
v -0.6 0.6 -0.5
v 0.2 0.6 -0.5
v 1.3 0.6 -0.5
v 1.4 0.6 -0.5
v 4.5 0.6 -0.5
v 4.7 0.6 -0.5
v 6.9 0.6 -0.5
v 7 0.6 -0.5
v 9.9 0.6 -0.5
v 10.1 0.6 -0.5
v -5.7 0.6 -0.599999
v -5.5 0.6 -0.599999
v -0.700001 0.6 -0.599999
v -0.6 0.6 -0.599999
v 0.2 0.6 -0.599999
v 0.299999 0.6 -0.599999
v 2.3 0.6 -0.599999
v 2.4 0.6 -0.599999
v 2.5 0.6 -0.599999
v 4.1 0.6 -0.599999
v 4.2 0.6 -0.599999
v 4.4 0.6 -0.599999
v 4.5 0.6 -0.599999
v 4.6 0.6 -0.599999
v 9.4 0.6 -0.599999
v 9.9 0.6 -0.599999
v -5.5 0.6 -0.7
v -5.2 0.6 -0.7
v 0.2 0.6 -0.7
v 0.299999 0.6 -0.7
v 2.3 0.6 -0.7
v 2.4 0.6 -0.7
v 2.5 0.6 -0.7
v 4.1 0.6 -0.7
v 4.2 0.6 -0.7
v 4.3 0.6 -0.7
v 4.4 0.6 -0.7
v 4.5 0.6 -0.7
v 4.6 0.6 -0.7
v 4.7 0.6 -0.7
v 4.9 0.6 -0.7
v 5 0.6 -0.7
v 9.3 0.6 -0.7
v 9.4 0.6 -0.7
v -5.2 0.6 -0.799999
v -4.9 0.6 -0.799999
v 4.1 0.6 -0.799999
v 4.2 0.6 -0.799999
v 4.3 0.6 -0.799999
v 4.9 0.6 -0.799999
v 5 0.6 -0.799999
v 9 0.6 -0.799999
v 9.3 0.6 -0.799999
v -4.9 0.6 -0.9
v -4.7 0.6 -0.9
v 4.1 0.6 -0.9
v 4.2 0.6 -0.9
v 8.6 0.6 -0.9
v 9 0.6 -0.9
v -4.7 0.6 -1
v -4.4 0.6 -1
v 2.1 0.6 -1
v 2.2 0.6 -1
v 4.1 0.6 -1
v 4.2 0.6 -1
v 8.4 0.6 -1
v 8.6 0.6 -1
v -4.4 0.6 -1.1
v -4.1 0.6 -1.1
v 2.1 0.6 -1.1
v 2.2 0.6 -1.1
v 4.1 0.6 -1.1
v 4.2 0.6 -1.1
v 8 0.6 -1.1
v 8.4 0.6 -1.1
v -4.1 0.6 -1.2
v -3.9 0.6 -1.2
v 4.7 0.6 -1.2
v 4.8 0.6 -1.2
v 7.4 0.6 -1.2
v 8 0.6 -1.2
v -3.9 0.6 -1.3
v -3.6 0.6 -1.3
v 4.7 0.6 -1.3
v 4.8 0.6 -1.3
v 6.7 0.6 -1.3
v 7.4 0.6 -1.3
v -3.6 0.6 -1.4
v -3.2 0.6 -1.4
v 2 0.6 -1.4
v 2.1 0.6 -1.4
v 3.2 0.6 -1.4
v 3.3 0.6 -1.4
v 6 0.6 -1.4
v 6.7 0.6 -1.4
v -3.2 0.6 -1.5
v -2.8 0.6 -1.5
v 3.2 0.6 -1.5
v 3.3 0.6 -1.5
v 5.2 0.6 -1.5
v 6 0.6 -1.5
v -2.8 0.6 -1.6
v -1.4 0.6 -1.6
v 2 0.6 -1.6
v 2.1 0.6 -1.6
v 4.1 0.6 -1.6
v 4.2 0.6 -1.6
v 4.4 0.6 -1.6
v 4.5 0.6 -1.6
v 4.7 0.6 -1.6
v 5.2 0.6 -1.6
v -1.4 0.6 -1.7
v -0.200001 0.6 -1.7
v 3.9 0.6 -1.7
v 4.1 0.6 -1.7
v 4.2 0.6 -1.7
v 4.4 0.6 -1.7
v 4.5 0.6 -1.7
v 4.7 0.6 -1.7
v -0.200001 0.6 -1.8
v 2.5 0.6 -1.8
v 3.3 0.6 -1.8
v 3.9 0.6 -1.8
v 2.5 0.6 -1.9
v 3.3 0.6 -1.9
v -12.8 0.7 1.5
v -12.3 0.7 1.5
v -12.3 0.7 1.4
v -11.9 0.7 1.4
v -11.9 0.7 1.3
v -11.3 0.7 1.3
v -12.4 0.7 1.2
v -12.3 0.7 1.2
v -11.3 0.7 1.2
v -10.9 0.7 1.2
v -12.4 0.7 1.1
v -12.3 0.7 1.1
v -10.9 0.7 1.1
v -10.6 0.7 1.1
v -11.2 0.7 1
v -11.1 0.7 1
v -10.6 0.7 1
v -10 0.7 1
v -11.2 0.7 0.900001
v -11.1 0.7 0.900001
v -10 0.7 0.900001
v -9.7 0.7 0.900001
v -9.7 0.7 0.8
v -9.1 0.7 0.8
v -9.1 0.7 0.700001
v -8.5 0.7 0.700001
v 12.4 0.7 0.700001
v 12.8 0.7 0.700001
v -8.5 0.7 0.6
v -8.2 0.7 0.6
v 12.1 0.7 0.6
v 12.4 0.7 0.6
v -8.2 0.7 0.5
v -7.8 0.7 0.5
v 11.9 0.7 0.5
v 12.1 0.7 0.5
v -7.8 0.7 0.400001
v -7.5 0.7 0.400001
v 11.6 0.7 0.400001
v 11.9 0.7 0.400001
v -12.8 0.7 0.3
v -12.1 0.7 0.3
v -9.1 0.7 0.3
v -9 0.7 0.3
v -7.5 0.7 0.3
v -7.2 0.7 0.3
v 11.4 0.7 0.3
v 11.5 0.7 0.3
v 11.6 0.7 0.3
v -12.1 0.7 0.200001
v -10.8 0.7 0.200001
v -9.1 0.7 0.200001
v -9 0.7 0.200001
v -7.2 0.7 0.200001
v -7.1 0.7 0.200001
v -7 0.7 0.200001
v 11.5 0.7 0.200001
v 11.6 0.7 0.200001
v -10.8 0.7 0.1
v -10.4 0.7 0.1
v -7.1 0.7 0.1
v -7 0.7 0.1
v -6.8 0.7 0.1
v 11.2 0.7 0.1
v 11.4 0.7 0.1
v -10.4 0.7 0
v -10.2 0.7 0
v -6.8 0.7 0
v -6.7 0.7 0
v 11 0.7 0
v 11.2 0.7 0
v 12.4 0.7 0
v 12.5 0.7 0
v -10.2 0.7 -0.0999994
v -9.7 0.7 -0.0999994
v -6.7 0.7 -0.0999994
v -6.5 0.7 -0.0999994
v 10.7 0.7 -0.0999994
v 11 0.7 -0.0999994
v 12.4 0.7 -0.0999994
v 12.5 0.7 -0.0999994
v -9.7 0.7 -0.2
v -9.3 0.7 -0.2
v -6.5 0.7 -0.2
v -6.3 0.7 -0.2
v 10.5 0.7 -0.2
v 10.7 0.7 -0.2
v -9.3 0.7 -0.299999
v -9.1 0.7 -0.299999
v -6.6 0.7 -0.299999
v -6.5 0.7 -0.299999
v -6.3 0.7 -0.299999
v -6.1 0.7 -0.299999
v 10.3 0.7 -0.299999
v 10.5 0.7 -0.299999
v -9.1 0.7 -0.4
v -8.7 0.7 -0.4
v -7 0.7 -0.4
v -6.9 0.7 -0.4
v -6.1 0.7 -0.4
v -5.9 0.7 -0.4
v 10.1 0.7 -0.4
v 10.3 0.7 -0.4
v 11.9 0.7 -0.4
v 12 0.7 -0.4
v -7 0.7 -0.5
v -6.9 0.7 -0.5
v -6.6 0.7 -0.5
v -6.5 0.7 -0.5
v -5.9 0.7 -0.5
v -5.7 0.7 -0.5
v 9.9 0.7 -0.5
v 10.1 0.7 -0.5
v 11.9 0.7 -0.5
v 12 0.7 -0.5
v -8.7 0.7 -0.599999
v -8.6 0.7 -0.599999
v -7.8 0.7 -0.599999
v -7.7 0.7 -0.599999
v -6 0.7 -0.599999
v -5.9 0.7 -0.599999
v -5.7 0.7 -0.599999
v -5.5 0.7 -0.599999
v 9.4 0.7 -0.599999
v 9.9 0.7 -0.599999
v 10.3 0.7 -0.599999
v 10.4 0.7 -0.599999
v -8.6 0.7 -0.7
v -8.4 0.7 -0.7
v -7.8 0.7 -0.7
v -7.7 0.7 -0.7
v -6 0.7 -0.7
v -5.9 0.7 -0.7
v -5.5 0.7 -0.7
v -5.2 0.7 -0.7
v 9.3 0.7 -0.7
v 9.4 0.7 -0.7
v 10.3 0.7 -0.7
v 10.4 0.7 -0.7
v -8.4 0.7 -0.799999
v -8.3 0.7 -0.799999
v -5.2 0.7 -0.799999
v -4.9 0.7 -0.799999
v 9 0.7 -0.799999
v 9.3 0.7 -0.799999
v 11.7 0.7 -0.799999
v 12.1 0.7 -0.799999
v 12.6 0.7 -0.799999
v 12.8 0.7 -0.799999
v -8.3 0.7 -0.9
v -8.1 0.7 -0.9
v -4.9 0.7 -0.9
v -4.7 0.7 -0.9
v 8.6 0.7 -0.9
v 9 0.7 -0.9
v 11.5 0.7 -0.9
v 11.7 0.7 -0.9
v 12.1 0.7 -0.9
v 12.6 0.7 -0.9
v -8.1 0.7 -1
v -7.9 0.7 -1
v -4.7 0.7 -1
v -4.4 0.7 -1
v 8.4 0.7 -1
v 8.6 0.7 -1
v 11.1 0.7 -1
v 11.5 0.7 -1
v -7.9 0.7 -1.1
v -7.7 0.7 -1.1
v -7.6 0.7 -1.1
v -4.4 0.7 -1.1
v -4.1 0.7 -1.1
v 8 0.7 -1.1
v 8.4 0.7 -1.1
v 10.9 0.7 -1.1
v 11.1 0.7 -1.1
v -7.7 0.7 -1.2
v -7.6 0.7 -1.2
v -5.5 0.7 -1.2
v -5.4 0.7 -1.2
v -4.1 0.7 -1.2
v -3.9 0.7 -1.2
v 7.4 0.7 -1.2
v 8 0.7 -1.2
v 8.1 0.7 -1.2
v 8.2 0.7 -1.2
v 10.7 0.7 -1.2
v 10.9 0.7 -1.2
v -7.6 0.7 -1.3
v -7.4 0.7 -1.3
v -5.5 0.7 -1.3
v -5.4 0.7 -1.3
v -3.9 0.7 -1.3
v -3.6 0.7 -1.3
v 6.7 0.7 -1.3
v 7.4 0.7 -1.3
v 8.1 0.7 -1.3
v 8.2 0.7 -1.3
v 10.5 0.7 -1.3
v 10.7 0.7 -1.3
v -7.4 0.7 -1.4
v -7.3 0.7 -1.4
v -3.6 0.7 -1.4
v -3.2 0.7 -1.4
v 6 0.7 -1.4
v 6.7 0.7 -1.4
v 7.2 0.7 -1.4
v 7.3 0.7 -1.4
v 10.4 0.7 -1.4
v 10.5 0.7 -1.4
v -7.3 0.7 -1.5
v -7.1 0.7 -1.5
v -3.2 0.7 -1.5
v -2.8 0.7 -1.5
v 5.2 0.7 -1.5
v 6 0.7 -1.5
v 7.2 0.7 -1.5
v 7.3 0.7 -1.5
v 10.1 0.7 -1.5
v 10.4 0.7 -1.5
v -7.1 0.7 -1.6
v -7 0.7 -1.6
v -2.8 0.7 -1.6
v -1.4 0.7 -1.6
v 4.7 0.7 -1.6
v 5.2 0.7 -1.6
v 9.8 0.7 -1.6
v 10.1 0.7 -1.6
v -7 0.7 -1.7
v -6.8 0.7 -1.7
v -1.4 0.7 -1.7
v -0.200001 0.7 -1.7
v 3.9 0.7 -1.7
v 4.7 0.7 -1.7
v 9.5 0.7 -1.7
v 9.8 0.7 -1.7
v -6.8 0.7 -1.8
v -6.5 0.7 -1.8
v -5.9 0.7 -1.8
v -5.8 0.7 -1.8
v -4.1 0.7 -1.8
v -4 0.7 -1.8
v -2.8 0.7 -1.8
v -2.7 0.7 -1.8
v -0.200001 0.7 -1.8
v 2.5 0.7 -1.8
v 3.3 0.7 -1.8
v 3.9 0.7 -1.8
v 8.8 0.7 -1.8
v 9.5 0.7 -1.8
v -6.5 0.7 -1.9
v -6.3 0.7 -1.9
v -5.9 0.7 -1.9
v -5.8 0.7 -1.9
v -4.1 0.7 -1.9
v -4 0.7 -1.9
v -2.8 0.7 -1.9
v -2.7 0.7 -1.9
v 2.5 0.7 -1.9
v 3.3 0.7 -1.9
v 3.7 0.7 -1.9
v 3.8 0.7 -1.9
v 6.8 0.7 -1.9
v 6.9 0.7 -1.9
v 8.4 0.7 -1.9
v 8.8 0.7 -1.9
v -6.3 0.7 -2
v -6.2 0.7 -2
v -6.1 0.7 -2
v 3.7 0.7 -2
v 3.8 0.7 -2
v 6.8 0.7 -2
v 6.9 0.7 -2
v 7.8 0.7 -2
v 8.4 0.7 -2
v -6.1 0.7 -2.1
v -5.9 0.7 -2.1
v 4.9 0.7 -2.1
v 5.1 0.7 -2.1
v 7.4 0.7 -2.1
v 7.8 0.7 -2.1
v -5.9 0.7 -2.2
v -5.7 0.7 -2.2
v -2.8 0.7 -2.2
v -2.6 0.7 -2.2
v 0.4 0.7 -2.2
v 0.599999 0.7 -2.2
v 4.9 0.7 -2.2
v 5.1 0.7 -2.2
v 7.1 0.7 -2.2
v 7.4 0.7 -2.2
v -5.7 0.7 -2.3
v -5.5 0.7 -2.3
v -3.6 0.7 -2.3
v -3.5 0.7 -2.3
v -2.8 0.7 -2.3
v -2.6 0.7 -2.3
v -1.3 0.7 -2.3
v -1.1 0.7 -2.3
v 0.4 0.7 -2.3
v 0.599999 0.7 -2.3
v 2.3 0.7 -2.3
v 2.4 0.7 -2.3
v 6.7 0.7 -2.3
v 7.1 0.7 -2.3
v -5.5 0.7 -2.4
v -5.3 0.7 -2.4
v -4.7 0.7 -2.4
v -4.6 0.7 -2.4
v -3.6 0.7 -2.4
v -3.5 0.7 -2.4
v -1.3 0.7 -2.4
v -1.1 0.7 -2.4
v 2.3 0.7 -2.4
v 2.4 0.7 -2.4
v 6.3 0.7 -2.4
v 6.7 0.7 -2.4
v -5.3 0.7 -2.5
v -5.1 0.7 -2.5
v -4.7 0.7 -2.5
v -4.6 0.7 -2.5
v 6 0.7 -2.5
v 6.3 0.7 -2.5
v -5.1 0.7 -2.6
v -4.9 0.7 -2.6
v 5.6 0.7 -2.6
v 6 0.7 -2.6
v -4.9 0.7 -2.7
v -4.6 0.7 -2.7
v 5.3 0.7 -2.7
v 5.6 0.7 -2.7
v -4.6 0.7 -2.8
v -4.4 0.7 -2.8
v -0.5 0.7 -2.8
v -0.400001 0.7 -2.8
v 4.8 0.7 -2.8
v 5.3 0.7 -2.8
v -4.4 0.7 -2.9
v -4.2 0.7 -2.9
v -1.1 0.7 -2.9
v -1 0.7 -2.9
v -0.5 0.7 -2.9
v -0.400001 0.7 -2.9
v 1.6 0.7 -2.9
v 1.7 0.7 -2.9
v 4.4 0.7 -2.9
v 4.8 0.7 -2.9
v -4.2 0.7 -3
v -4 0.7 -3
v -1.1 0.7 -3
v -1 0.7 -3
v 1.6 0.7 -3
v 1.7 0.7 -3
v 4.1 0.7 -3
v 4.4 0.7 -3
v -4 0.7 -3.1
v -3.7 0.7 -3.1
v -2.1 0.7 -3.1
v -1.4 0.7 -3.1
v 0.5 0.7 -3.1
v 2.9 0.7 -3.1
v 3.9 0.7 -3.1
v 4.1 0.7 -3.1
v -3.7 0.7 -3.2
v -3.4 0.7 -3.2
v -2.7 0.7 -3.2
v -2.1 0.7 -3.2
v -1.4 0.7 -3.2
v 0.5 0.7 -3.2
v 2.9 0.7 -3.2
v 3.9 0.7 -3.2
v -3.4 0.7 -3.3
v -2.7 0.7 -3.3
v -12.8 0.8 0.3
v -12.1 0.8 0.3
v -12.1 0.8 0.200001
v -10.8 0.8 0.200001
v -10.8 0.8 0.1
v -10.4 0.8 0.1
v -10.4 0.8 0
v -10.2 0.8 0
v -10.2 0.8 -0.0999994
v -9.7 0.8 -0.0999994
v -9.7 0.8 -0.2
v -9.3 0.8 -0.2
v -9.3 0.8 -0.299999
v -9.1 0.8 -0.299999
v -9.1 0.8 -0.4
v -8.7 0.8 -0.4
v -12.4 0.8 -0.5
v -12.3 0.8 -0.5
v -12.8 0.8 -0.599999
v -12.4 0.8 -0.599999
v -12.3 0.8 -0.599999
v -11.9 0.8 -0.599999
v -8.7 0.8 -0.599999
v -8.6 0.8 -0.599999
v -11.9 0.8 -0.7
v -11.1 0.8 -0.7
v -8.6 0.8 -0.7
v -8.4 0.8 -0.7
v -11.1 0.8 -0.799999
v -10.9 0.8 -0.799999
v -8.9 0.8 -0.799999
v -8.8 0.8 -0.799999
v -8.4 0.8 -0.799999
v -8.3 0.8 -0.799999
v 11.7 0.8 -0.799999
v 12.1 0.8 -0.799999
v 12.6 0.8 -0.799999
v 12.8 0.8 -0.799999
v -10.9 0.8 -0.9
v -10.6 0.8 -0.9
v -8.9 0.8 -0.9
v -8.8 0.8 -0.9
v -8.3 0.8 -0.9
v -8.1 0.8 -0.9
v 11.5 0.8 -0.9
v 11.7 0.8 -0.9
v 12.1 0.8 -0.9
v 12.6 0.8 -0.9
v -10.6 0.8 -1
v -10.3 0.8 -1
v -10.2 0.8 -1
v -8.1 0.8 -1
v -7.9 0.8 -1
v 11.1 0.8 -1
v 11.5 0.8 -1
v -10.2 0.8 -1.1
v -10 0.8 -1.1
v -8.8 0.8 -1.1
v -8.7 0.8 -1.1
v -7.9 0.8 -1.1
v -7.7 0.8 -1.1
v 10.9 0.8 -1.1
v 11.1 0.8 -1.1
v -10 0.8 -1.2
v -9.8 0.8 -1.2
v -8.8 0.8 -1.2
v -8.7 0.8 -1.2
v -7.7 0.8 -1.2
v -7.6 0.8 -1.2
v 10.7 0.8 -1.2
v 10.9 0.8 -1.2
v -9.8 0.8 -1.3
v -9.5 0.8 -1.3
v -7.7 0.8 -1.3
v -7.6 0.8 -1.3
v -7.4 0.8 -1.3
v 10.5 0.8 -1.3
v 10.7 0.8 -1.3
v -9.5 0.8 -1.4
v -9.2 0.8 -1.4
v -7.4 0.8 -1.4
v -7.3 0.8 -1.4
v 10.4 0.8 -1.4
v 10.5 0.8 -1.4
v -9.2 0.8 -1.5
v -9 0.8 -1.5
v -7.3 0.8 -1.5
v -7.1 0.8 -1.5
v 10.1 0.8 -1.5
v 10.4 0.8 -1.5
v -9 0.8 -1.6
v -8.8 0.8 -1.6
v -7.1 0.8 -1.6
v -7 0.8 -1.6
v 9.8 0.8 -1.6
v 10.1 0.8 -1.6
v -8.8 0.8 -1.7
v -8.6 0.8 -1.7
v -7 0.8 -1.7
v -6.8 0.8 -1.7
v 9.5 0.8 -1.7
v 9.8 0.8 -1.7
v -8.6 0.8 -1.8
v -8.4 0.8 -1.8
v -6.8 0.8 -1.8
v -6.5 0.8 -1.8
v 8.8 0.8 -1.8
v 9.5 0.8 -1.8
v -8.4 0.8 -1.9
v -8.3 0.8 -1.9
v -6.5 0.8 -1.9
v -6.3 0.8 -1.9
v 8.4 0.8 -1.9
v 8.8 0.8 -1.9
v -8.3 0.8 -2
v -8.1 0.8 -2
v -6.3 0.8 -2
v -6.2 0.8 -2
v -6.1 0.8 -2
v 7.8 0.8 -2
v 8.4 0.8 -2
v -8.1 0.8 -2.1
v -8 0.8 -2.1
v -6.3 0.8 -2.1
v -6.2 0.8 -2.1
v -6.1 0.8 -2.1
v -5.9 0.8 -2.1
v 7.4 0.8 -2.1
v 7.8 0.8 -2.1
v 10.4 0.8 -2.1
v 10.5 0.8 -2.1
v -8 0.8 -2.2
v -7.9 0.8 -2.2
v -7.4 0.8 -2.2
v -7.3 0.8 -2.2
v -5.9 0.8 -2.2
v -5.7 0.8 -2.2
v 7.1 0.8 -2.2
v 7.4 0.8 -2.2
v 9.9 0.8 -2.2
v 10 0.8 -2.2
v 10.4 0.8 -2.2
v 10.5 0.8 -2.2
v -7.9 0.8 -2.3
v -7.8 0.8 -2.3
v -7.4 0.8 -2.3
v -7.3 0.8 -2.3
v -5.7 0.8 -2.3
v -5.5 0.8 -2.3
v 6.7 0.8 -2.3
v 7.1 0.8 -2.3
v 9.9 0.8 -2.3
v 10 0.8 -2.3
v -7.8 0.8 -2.4
v -7.7 0.8 -2.4
v -5.5 0.8 -2.4
v -5.3 0.8 -2.4
v 6.3 0.8 -2.4
v 6.7 0.8 -2.4
v -7.7 0.8 -2.5
v -7.6 0.8 -2.5
v -5.3 0.8 -2.5
v -5.1 0.8 -2.5
v 6 0.8 -2.5
v 6.3 0.8 -2.5
v -7.6 0.8 -2.6
v -7.4 0.8 -2.6
v -5.1 0.8 -2.6
v -4.9 0.8 -2.6
v 5.6 0.8 -2.6
v 6 0.8 -2.6
v 10.4 0.8 -2.6
v 10.5 0.8 -2.6
v 10.6 0.8 -2.6
v 10.7 0.8 -2.6
v -7.4 0.8 -2.7
v -7.2 0.8 -2.7
v -4.9 0.8 -2.7
v -4.6 0.8 -2.7
v 5.3 0.8 -2.7
v 5.6 0.8 -2.7
v 8 0.8 -2.7
v 8.1 0.8 -2.7
v 10.4 0.8 -2.7
v 10.5 0.8 -2.7
v 10.6 0.8 -2.7
v 10.7 0.8 -2.7
v 10.9 0.8 -2.7
v 11 0.8 -2.7
v -7.2 0.8 -2.8
v -7.1 0.8 -2.8
v -4.6 0.8 -2.8
v -4.4 0.8 -2.8
v 4.8 0.8 -2.8
v 5.3 0.8 -2.8
v 8 0.8 -2.8
v 8.1 0.8 -2.8
v 10.9 0.8 -2.8
v 11 0.8 -2.8
v 12.6 0.8 -2.8
v 12.8 0.8 -2.8
v -7.1 0.8 -2.9
v -6.9 0.8 -2.9
v -4.4 0.8 -2.9
v -4.2 0.8 -2.9
v 4.4 0.8 -2.9
v 4.8 0.8 -2.9
v 12.4 0.8 -2.9
v 12.6 0.8 -2.9
v -6.9 0.8 -3
v -6.7 0.8 -3
v -4.2 0.8 -3
v -4 0.8 -3
v 4.1 0.8 -3
v 4.4 0.8 -3
v 12.3 0.8 -3
v 12.4 0.8 -3
v -6.7 0.8 -3.1
v -6.4 0.8 -3.1
v -4 0.8 -3.1
v -3.7 0.8 -3.1
v -2.1 0.8 -3.1
v -1.4 0.8 -3.1
v 0.5 0.8 -3.1
v 2.9 0.8 -3.1
v 3.9 0.8 -3.1
v 4.1 0.8 -3.1
v 5.3 0.8 -3.1
v 5.4 0.8 -3.1
v -6.4 0.8 -3.2
v -6.2 0.8 -3.2
v -3.7 0.8 -3.2
v -3.4 0.8 -3.2
v -2.7 0.8 -3.2
v -2.1 0.8 -3.2
v -1.4 0.8 -3.2
v 0.5 0.8 -3.2
v 2.9 0.8 -3.2
v 3.9 0.8 -3.2
v 5.3 0.8 -3.2
v 5.4 0.8 -3.2
v 12.1 0.8 -3.2
v 12.3 0.8 -3.2
v -6.2 0.8 -3.3
v -6 0.8 -3.3
v -3.4 0.8 -3.3
v -2.7 0.8 -3.3
v 12 0.8 -3.3
v 12.1 0.8 -3.3
v -6 0.8 -3.4
v -5.8 0.8 -3.4
v -3.4 0.8 -3.4
v -3.3 0.8 -3.4
v 11.8 0.8 -3.4
v 12 0.8 -3.4
v -5.8 0.8 -3.5
v -5.6 0.8 -3.5
v -3.4 0.8 -3.5
v -3.3 0.8 -3.5
v 5.8 0.8 -3.5
v 5.9 0.8 -3.5
v 11.6 0.8 -3.5
v 11.8 0.8 -3.5
v -5.6 0.8 -3.6
v -5.4 0.8 -3.6
v 0 0.8 -3.6
v 0.0999994 0.8 -3.6
v 5.8 0.8 -3.6
v 5.9 0.8 -3.6
v 7.1 0.8 -3.6
v 9.1 0.8 -3.6
v 11.5 0.8 -3.6
v 11.6 0.8 -3.6
v -5.4 0.8 -3.7
v -5.3 0.8 -3.7
v -5.2 0.8 -3.7
v -5.1 0.8 -3.7
v 0 0.8 -3.7
v 0.0999994 0.8 -3.7
v 5.8 0.8 -3.7
v 7.1 0.8 -3.7
v 9.1 0.8 -3.7
v 9.8 0.8 -3.7
v 11.4 0.8 -3.7
v 11.5 0.8 -3.7
v -5.1 0.8 -3.8
v -4.8 0.8 -3.8
v 2.6 0.8 -3.8
v 5.8 0.8 -3.8
v 9.8 0.8 -3.8
v 10.3 0.8 -3.8
v 11.3 0.8 -3.8
v 11.4 0.8 -3.8
v -4.8 0.8 -3.9
v -4.3 0.8 -3.9
v -2.6 0.8 -3.9
v -2.5 0.8 -3.9
v -0.5 0.8 -3.9
v 2.6 0.8 -3.9
v 10.3 0.8 -3.9
v 11.3 0.8 -3.9
v -4.3 0.8 -4
v -3.6 0.8 -4
v -2.6 0.8 -4
v -2.5 0.8 -4
v -0.900001 0.8 -4
v -0.5 0.8 -4
v -3.6 0.8 -4.1
v -3 0.8 -4.1
v -2.7 0.8 -4.1
v -2.6 0.8 -4.1
v -1.6 0.8 -4.1
v -0.900001 0.8 -4.1
v -3 0.8 -4.2
v -2.7 0.8 -4.2
v -2.6 0.8 -4.2
v -1.6 0.8 -4.2
v -12.8 0.9 -0.599999
v -11.9 0.9 -0.599999
v -11.9 0.9 -0.7
v -11.1 0.9 -0.7
v -12 0.9 -0.799999
v -11.9 0.9 -0.799999
v -11.1 0.9 -0.799999
v -10.9 0.9 -0.799999
v -12 0.9 -0.9
v -11.9 0.9 -0.9
v -10.9 0.9 -0.9
v -10.6 0.9 -0.9
v -10.6 0.9 -1
v -10.3 0.9 -1
v -10.2 0.9 -1
v -10.3 0.9 -1.1
v -10.2 0.9 -1.1
v -10 0.9 -1.1
v -10.3 0.9 -1.2
v -10.2 0.9 -1.2
v -10 0.9 -1.2
v -9.8 0.9 -1.2
v -10.5 0.9 -1.3
v -10.4 0.9 -1.3
v -9.8 0.9 -1.3
v -9.5 0.9 -1.3
v -10.5 0.9 -1.4
v -10.4 0.9 -1.4
v -9.5 0.9 -1.4
v -9.2 0.9 -1.4
v -9.2 0.9 -1.5
v -9 0.9 -1.5
v -9 0.9 -1.6
v -8.8 0.9 -1.6
v -8.8 0.9 -1.7
v -8.6 0.9 -1.7
v -8.6 0.9 -1.8
v -8.4 0.9 -1.8
v -8.4 0.9 -1.9
v -8.3 0.9 -1.9
v -12.8 0.9 -2
v -12.1 0.9 -2
v -8.3 0.9 -2
v -8.1 0.9 -2
v -12.1 0.9 -2.1
v -11.8 0.9 -2.1
v -11.7 0.9 -2.1
v -11.6 0.9 -2.1
v -8.1 0.9 -2.1
v -8 0.9 -2.1
v -11.6 0.9 -2.2
v -11 0.9 -2.2
v -8 0.9 -2.2
v -7.9 0.9 -2.2
v -11 0.9 -2.3
v -10.5 0.9 -2.3
v -7.9 0.9 -2.3
v -7.8 0.9 -2.3
v -10.5 0.9 -2.4
v -10.3 0.9 -2.4
v -7.8 0.9 -2.4
v -7.7 0.9 -2.4
v -10.3 0.9 -2.5
v -10 0.9 -2.5
v -7.7 0.9 -2.5
v -7.6 0.9 -2.5
v -10 0.9 -2.6
v -9.7 0.9 -2.6
v -7.6 0.9 -2.6
v -7.4 0.9 -2.6
v -9.7 0.9 -2.7
v -9.4 0.9 -2.7
v -7.4 0.9 -2.7
v -7.2 0.9 -2.7
v -9.4 0.9 -2.8
v -9.2 0.9 -2.8
v -7.2 0.9 -2.8
v -7.1 0.9 -2.8
v 12.6 0.9 -2.8
v 12.8 0.9 -2.8
v -9.2 0.9 -2.9
v -9 0.9 -2.9
v -7.1 0.9 -2.9
v -6.9 0.9 -2.9
v 12.4 0.9 -2.9
v 12.6 0.9 -2.9
v -9 0.9 -3
v -8.8 0.9 -3
v -6.9 0.9 -3
v -6.7 0.9 -3
v 12.3 0.9 -3
v 12.4 0.9 -3
v -8.8 0.9 -3.1
v -8.6 0.9 -3.1
v -8.4 0.9 -3.1
v -8.3 0.9 -3.1
v -6.7 0.9 -3.1
v -6.4 0.9 -3.1
v -8.6 0.9 -3.2
v -8.4 0.9 -3.2
v -8.3 0.9 -3.2
v -6.4 0.9 -3.2
v -6.2 0.9 -3.2
v 12.1 0.9 -3.2
v 12.3 0.9 -3.2
v -8.3 0.9 -3.3
v -7.9 0.9 -3.3
v -6.2 0.9 -3.3
v -6 0.9 -3.3
v 12 0.9 -3.3
v 12.1 0.9 -3.3
v -7.9 0.9 -3.4
v -7.6 0.9 -3.4
v -6 0.9 -3.4
v -5.8 0.9 -3.4
v 11.8 0.9 -3.4
v 12 0.9 -3.4
v -7.6 0.9 -3.5
v -7.3 0.9 -3.5
v -5.8 0.9 -3.5
v -5.6 0.9 -3.5
v 11.6 0.9 -3.5
v 11.8 0.9 -3.5
v -7.3 0.9 -3.6
v -7.1 0.9 -3.6
v -5.6 0.9 -3.6
v -5.4 0.9 -3.6
v 7.1 0.9 -3.6
v 9.1 0.9 -3.6
v 11.5 0.9 -3.6
v 11.6 0.9 -3.6
v -7.1 0.9 -3.7
v -7 0.9 -3.7
v -5.4 0.9 -3.7
v -5.3 0.9 -3.7
v -5.2 0.9 -3.7
v -5.1 0.9 -3.7
v 5.8 0.9 -3.7
v 7.1 0.9 -3.7
v 9.1 0.9 -3.7
v 9.8 0.9 -3.7
v 11.4 0.9 -3.7
v 11.5 0.9 -3.7
v -7 0.9 -3.8
v -6.8 0.9 -3.8
v -5.4 0.9 -3.8
v -5.3 0.9 -3.8
v -5.2 0.9 -3.8
v -5.1 0.9 -3.8
v -4.8 0.9 -3.8
v 2.6 0.9 -3.8
v 5.8 0.9 -3.8
v 9.8 0.9 -3.8
v 10.3 0.9 -3.8
v 11.3 0.9 -3.8
v 11.4 0.9 -3.8
v -6.8 0.9 -3.9
v -6.6 0.9 -3.9
v -4.8 0.9 -3.9
v -4.3 0.9 -3.9
v -0.5 0.9 -3.9
v 2.6 0.9 -3.9
v 10.3 0.9 -3.9
v 11.3 0.9 -3.9
v -6.6 0.9 -4
v -6.3 0.9 -4
v -4.3 0.9 -4
v -3.6 0.9 -4
v -0.900001 0.9 -4
v -0.5 0.9 -4
v -6.3 0.9 -4.1
v -6 0.9 -4.1
v -3.6 0.9 -4.1
v -3 0.9 -4.1
v -1.6 0.9 -4.1
v -0.900001 0.9 -4.1
v 12.5 0.9 -4.1
v 12.8 0.9 -4.1
v -6 0.9 -4.2
v -5.7 0.9 -4.2
v -3 0.9 -4.2
v -1.6 0.9 -4.2
v 8.7 0.9 -4.2
v 8.8 0.9 -4.2
v 12.3 0.9 -4.2
v 12.5 0.9 -4.2
v -5.7 0.9 -4.3
v -5.3 0.9 -4.3
v -0.400001 0.9 -4.3
v -0.3 0.9 -4.3
v 8.7 0.9 -4.3
v 8.8 0.9 -4.3
v 12.1 0.9 -4.3
v 12.3 0.9 -4.3
v -5.3 0.9 -4.4
v -4.5 0.9 -4.4
v -0.400001 0.9 -4.4
v -0.3 0.9 -4.4
v 0.799999 0.9 -4.4
v 0.9 0.9 -4.4
v 12 0.9 -4.4
v 12.1 0.9 -4.4
v -4.5 0.9 -4.5
v -3.8 0.9 -4.5
v -0.1 0.9 -4.5
v 0 0.9 -4.5
v 0.799999 0.9 -4.5
v 0.9 0.9 -4.5
v 11.1 0.9 -4.5
v 11.2 0.9 -4.5
v 11.7 0.9 -4.5
v 12 0.9 -4.5
v -3.8 0.9 -4.6
v -3.2 0.9 -4.6
v -0.1 0.9 -4.6
v 0 0.9 -4.6
v 5.5 0.9 -4.6
v 5.6 0.9 -4.6
v 11.1 0.9 -4.6
v 11.2 0.9 -4.6
v 11.6 0.9 -4.6
v 11.7 0.9 -4.6
v -3.2 0.9 -4.7
v -2.2 0.9 -4.7
v 5.5 0.9 -4.7
v 5.6 0.9 -4.7
v 7.6 0.9 -4.7
v 8.7 0.9 -4.7
v 8.8 0.9 -4.7
v 11.6 0.9 -4.7
v -2.2 0.9 -4.8
v 0.299999 0.9 -4.8
v 7.1 0.9 -4.8
v 7.6 0.9 -4.8
v 0.299999 0.9 -4.9
v 2.1 0.9 -4.9
v 3 0.9 -4.9
v 3.1 0.9 -4.9
v 6.7 0.9 -4.9
v 7.1 0.9 -4.9
v 2.1 0.9 -5
v 3 0.9 -5
v 3.1 0.9 -5
v 5.7 0.9 -5
v 5.8 0.9 -5
v 6.3 0.9 -5
v 6.7 0.9 -5
v 3 0.9 -5.1
v 3.3 0.9 -5.1
v 3.4 0.9 -5.1
v 4 0.9 -5.1
v 5.7 0.9 -5.1
v 5.8 0.9 -5.1
v 5.9 0.9 -5.1
v 6.3 0.9 -5.1
v 4 0.9 -5.2
v 5.9 0.9 -5.2
v -12.8 1 -2
v -12.1 1 -2
v -12.1 1 -2.1
v -11.8 1 -2.1
v -11.7 1 -2.1
v -11.6 1 -2.1
v -11.8 1 -2.2
v -11.7 1 -2.2
v -11.6 1 -2.2
v -11 1 -2.2
v -11 1 -2.3
v -10.5 1 -2.3
v -10.5 1 -2.4
v -10.3 1 -2.4
v -10.3 1 -2.5
v -10 1 -2.5
v -10 1 -2.6
v -9.7 1 -2.6
v -9.7 1 -2.7
v -9.4 1 -2.7
v -12.8 1 -2.8
v -12.4 1 -2.8
v -9.4 1 -2.8
v -9.2 1 -2.8
v -12.4 1 -2.9
v -12.2 1 -2.9
v -9.2 1 -2.9
v -9 1 -2.9
v -12.2 1 -3
v -11.8 1 -3
v -9 1 -3
v -8.8 1 -3
v -11.8 1 -3.1
v -11.5 1 -3.1
v -9.9 1 -3.1
v -9.8 1 -3.1
v -8.8 1 -3.1
v -8.6 1 -3.1
v -11.5 1 -3.2
v -11.1 1 -3.2
v -9.9 1 -3.2
v -9.8 1 -3.2
v -8.6 1 -3.2
v -8.3 1 -3.2
v -11.1 1 -3.3
v -10.7 1 -3.3
v -8.3 1 -3.3
v -7.9 1 -3.3
v -10.7 1 -3.4
v -10.4 1 -3.4
v -7.9 1 -3.4
v -7.6 1 -3.4
v -10.4 1 -3.5
v -10 1 -3.5
v -7.6 1 -3.5
v -7.3 1 -3.5
v -10 1 -3.6
v -9.9 1 -3.6
v -9.6 1 -3.6
v -7.3 1 -3.6
v -7.1 1 -3.6
v -9.6 1 -3.7
v -9.4 1 -3.7
v -7.1 1 -3.7
v -7 1 -3.7
v -9.4 1 -3.8
v -9.1 1 -3.8
v -7 1 -3.8
v -6.8 1 -3.8
v -9.1 1 -3.9
v -8.7 1 -3.9
v -6.8 1 -3.9
v -6.6 1 -3.9
v -8.7 1 -4
v -8.4 1 -4
v -8.2 1 -4
v -8.1 1 -4
v -6.6 1 -4
v -6.3 1 -4
v -8.4 1 -4.1
v -8.2 1 -4.1
v -8.1 1 -4.1
v -6.3 1 -4.1
v -6 1 -4.1
v 12.5 1 -4.1
v 12.8 1 -4.1
v -8.2 1 -4.2
v -7.9 1 -4.2
v -6 1 -4.2
v -5.7 1 -4.2
v 12.3 1 -4.2
v 12.5 1 -4.2
v -7.9 1 -4.3
v -7.5 1 -4.3
v -5.7 1 -4.3
v -5.3 1 -4.3
v 12.1 1 -4.3
v 12.3 1 -4.3
v 12.4 1 -4.3
v -7.5 1 -4.4
v -7.2 1 -4.4
v -5.3 1 -4.4
v -4.5 1 -4.4
v 12 1 -4.4
v 12.1 1 -4.4
v 12.3 1 -4.4
v 12.4 1 -4.4
v -7.2 1 -4.5
v -7 1 -4.5
v -4.5 1 -4.5
v -3.8 1 -4.5
v 11.7 1 -4.5
v 12 1 -4.5
v -7 1 -4.6
v -6.6 1 -4.6
v -3.8 1 -4.6
v -3.2 1 -4.6
v 11.6 1 -4.6
v 11.7 1 -4.6
v -6.6 1 -4.7
v -6.3 1 -4.7
v -3.2 1 -4.7
v -2.2 1 -4.7
v 7.6 1 -4.7
v 8.7 1 -4.7
v 8.8 1 -4.7
v 11.6 1 -4.7
v -6.3 1 -4.8
v -6.1 1 -4.8
v -2.2 1 -4.8
v 0.299999 1 -4.8
v 7.1 1 -4.8
v 7.6 1 -4.8
v 8.7 1 -4.8
v 8.8 1 -4.8
v -6.1 1 -4.9
v -5.9 1 -4.9
v 0.299999 1 -4.9
v 2.1 1 -4.9
v 6.7 1 -4.9
v 7.1 1 -4.9
v -5.9 1 -5
v -5.5 1 -5
v 2.1 1 -5
v 3 1 -5
v 6.3 1 -5
v 6.7 1 -5
v -5.5 1 -5.1
v -4.8 1 -5.1
v 3 1 -5.1
v 3.3 1 -5.1
v 3.4 1 -5.1
v 4 1 -5.1
v 5.9 1 -5.1
v 6.3 1 -5.1
v -4.8 1 -5.2
v -3.2 1 -5.2
v 1.9 1 -5.2
v 2 1 -5.2
v 3.3 1 -5.2
v 3.4 1 -5.2
v 4 1 -5.2
v 5.9 1 -5.2
v 12.7 1 -5.2
v 12.8 1 -5.2
v -3.2 1 -5.3
v -1.9 1 -5.3
v -1.8 1 -5.3
v -1.5 1 -5.3
v 1.9 1 -5.3
v 2 1 -5.3
v 6.1 1 -5.3
v 6.2 1 -5.3
v 12.5 1 -5.3
v 12.7 1 -5.3
v -1.5 1 -5.4
v -0.5 1 -5.4
v 6.1 1 -5.4
v 6.2 1 -5.4
v 12 1 -5.4
v 12.5 1 -5.4
v -0.5 1 -5.5
v 0.0999994 1 -5.5
v 11.5 1 -5.5
v 12 1 -5.5
v 0.0999994 1 -5.6
v 0.4 1 -5.6
v 9.4 1 -5.6
v 9.5 1 -5.6
v 11.3 1 -5.6
v 11.5 1 -5.6
v 0.4 1 -5.7
v 0.799999 1 -5.7
v 9.4 1 -5.7
v 9.5 1 -5.7
v 10.7 1 -5.7
v 11.3 1 -5.7
v 0.799999 1 -5.8
v 1.3 1 -5.8
v 10.4 1 -5.8
v 10.7 1 -5.8
v 1.3 1 -5.9
v 1.8 1 -5.9
v 10 1 -5.9
v 10.4 1 -5.9
v 1.8 1 -6
v 2.4 1 -6
v 4.7 1 -6
v 4.8 1 -6
v 8.2 1 -6
v 8.3 1 -6
v 9.5 1 -6
v 10 1 -6
v 2.4 1 -6.1
v 2.6 1 -6.1
v 4.7 1 -6.1
v 4.8 1 -6.1
v 8.2 1 -6.1
v 8.3 1 -6.1
v 9.1 1 -6.1
v 9.5 1 -6.1
v 2.6 1 -6.2
v 2.7 1 -6.2
v 8.8 1 -6.2
v 9.1 1 -6.2
v 2.7 1 -6.3
v 2.9 1 -6.3
v 8.5 1 -6.3
v 8.8 1 -6.3
v 2.9 1 -6.4
v 3.2 1 -6.4
v 8.2 1 -6.4
v 8.5 1 -6.4
v 3.2 1 -6.5
v 3.6 1 -6.5
v 5.6 1 -6.5
v 5.7 1 -6.5
v 8 1 -6.5
v 8.2 1 -6.5
v 3.6 1 -6.6
v 3.9 1 -6.6
v 5.6 1 -6.6
v 5.7 1 -6.6
v 7.8 1 -6.6
v 8 1 -6.6
v 3.9 1 -6.7
v 4.1 1 -6.7
v 7.6 1 -6.7
v 7.8 1 -6.7
v 4.1 1 -6.8
v 4.3 1 -6.8
v 7.1 1 -6.8
v 7.6 1 -6.8
v 4.3 1 -6.9
v 4.5 1 -6.9
v 6.7 1 -6.9
v 7.1 1 -6.9
v 4.5 1 -7
v 4.8 1 -7
v 6.3 1 -7
v 6.7 1 -7
v 4.8 1 -7.1
v 6.3 1 -7.1
v -12.8 1.1 -2.8
v -12.4 1.1 -2.8
v -12.4 1.1 -2.9
v -12.2 1.1 -2.9
v -12.2 1.1 -3
v -11.8 1.1 -3
v -11.8 1.1 -3.1
v -11.5 1.1 -3.1
v -11.5 1.1 -3.2
v -11.1 1.1 -3.2
v -11.1 1.1 -3.3
v -10.7 1.1 -3.3
v -10.7 1.1 -3.4
v -10.4 1.1 -3.4
v -10.4 1.1 -3.5
v -10 1.1 -3.5
v -10 1.1 -3.6
v -9.9 1.1 -3.6
v -9.6 1.1 -3.6
v -11.7 1.1 -3.7
v -11.6 1.1 -3.7
v -10 1.1 -3.7
v -9.9 1.1 -3.7
v -9.6 1.1 -3.7
v -9.4 1.1 -3.7
v -12.7 1.1 -3.8
v -12.6 1.1 -3.8
v -9.4 1.1 -3.8
v -9.1 1.1 -3.8
v -12.7 1.1 -3.9
v -12.6 1.1 -3.9
v -11.7 1.1 -3.9
v -11.6 1.1 -3.9
v -9.1 1.1 -3.9
v -8.7 1.1 -3.9
v -8.7 1.1 -4
v -8.4 1.1 -4
v -8.4 1.1 -4.1
v -8.2 1.1 -4.1
v -8.2 1.1 -4.2
v -7.9 1.1 -4.2
v -7.9 1.1 -4.3
v -7.5 1.1 -4.3
v -7.5 1.1 -4.4
v -7.2 1.1 -4.4
v -7.2 1.1 -4.5
v -7 1.1 -4.5
v -7 1.1 -4.6
v -6.6 1.1 -4.6
v -10.3 1.1 -4.7
v -10.2 1.1 -4.7
v -7.6 1.1 -4.7
v -7.5 1.1 -4.7
v -7 1.1 -4.7
v -6.9 1.1 -4.7
v -6.6 1.1 -4.7
v -6.3 1.1 -4.7
v -7.6 1.1 -4.8
v -7.5 1.1 -4.8
v -7 1.1 -4.8
v -6.9 1.1 -4.8
v -6.3 1.1 -4.8
v -6.1 1.1 -4.8
v -12.8 1.1 -4.9
v -11.7 1.1 -4.9
v -10.3 1.1 -4.9
v -10.2 1.1 -4.9
v -9.3 1.1 -4.9
v -9.2 1.1 -4.9
v -6.8 1.1 -4.9
v -6.7 1.1 -4.9
v -6.1 1.1 -4.9
v -5.9 1.1 -4.9
v -11.7 1.1 -5
v -11.2 1.1 -5
v -9.3 1.1 -5
v -9.2 1.1 -5
v -6.8 1.1 -5
v -6.7 1.1 -5
v -5.9 1.1 -5
v -5.5 1.1 -5
v -11.2 1.1 -5.1
v -10.8 1.1 -5.1
v -5.5 1.1 -5.1
v -4.8 1.1 -5.1
v -10.8 1.1 -5.2
v -10.1 1.1 -5.2
v -4.8 1.1 -5.2
v -3.2 1.1 -5.2
v 12.7 1.1 -5.2
v 12.8 1.1 -5.2
v -10.1 1.1 -5.3
v -9.9 1.1 -5.3
v -3.2 1.1 -5.3
v -1.9 1.1 -5.3
v -1.8 1.1 -5.3
v -1.5 1.1 -5.3
v 12.5 1.1 -5.3
v 12.7 1.1 -5.3
v -9.9 1.1 -5.4
v -9.3 1.1 -5.4
v -1.9 1.1 -5.4
v -1.8 1.1 -5.4
v -1.5 1.1 -5.4
v -0.5 1.1 -5.4
v 12 1.1 -5.4
v 12.5 1.1 -5.4
v -9.3 1.1 -5.5
v -8.7 1.1 -5.5
v -2.9 1.1 -5.5
v -2.8 1.1 -5.5
v -1.4 1.1 -5.5
v -1.3 1.1 -5.5
v -0.700001 1.1 -5.5
v -0.6 1.1 -5.5
v -0.5 1.1 -5.5
v 0.0999994 1.1 -5.5
v 11.5 1.1 -5.5
v 12 1.1 -5.5
v -8.7 1.1 -5.6
v -7.9 1.1 -5.6
v -2.9 1.1 -5.6
v -2.8 1.1 -5.6
v -1.4 1.1 -5.6
v -1.3 1.1 -5.6
v -0.700001 1.1 -5.6
v -0.6 1.1 -5.6
v 0.0999994 1.1 -5.6
v 0.4 1.1 -5.6
v 11.3 1.1 -5.6
v 11.5 1.1 -5.6
v -7.9 1.1 -5.7
v -7.4 1.1 -5.7
v -5.7 1.1 -5.7
v -5.6 1.1 -5.7
v 0.4 1.1 -5.7
v 0.799999 1.1 -5.7
v 10.7 1.1 -5.7
v 11.3 1.1 -5.7
v -7.4 1.1 -5.8
v -7 1.1 -5.8
v -5.7 1.1 -5.8
v -5.6 1.1 -5.8
v 0.799999 1.1 -5.8
v 1.3 1.1 -5.8
v 10.4 1.1 -5.8
v 10.7 1.1 -5.8
v -7 1.1 -5.9
v -5.7 1.1 -5.9
v 1.3 1.1 -5.9
v 1.8 1.1 -5.9
v 10 1.1 -5.9
v 10.4 1.1 -5.9
v -5.7 1.1 -6
v -5.3 1.1 -6
v 1.8 1.1 -6
v 2.4 1.1 -6
v 9.5 1.1 -6
v 10 1.1 -6
v -5.3 1.1 -6.1
v -4.4 1.1 -6.1
v 2.4 1.1 -6.1
v 2.6 1.1 -6.1
v 9.1 1.1 -6.1
v 9.5 1.1 -6.1
v -4.4 1.1 -6.2
v -4 1.1 -6.2
v 2.6 1.1 -6.2
v 2.7 1.1 -6.2
v 8.8 1.1 -6.2
v 9.1 1.1 -6.2
v 11.7 1.1 -6.2
v 11.8 1.1 -6.2
v -4 1.1 -6.3
v -3.7 1.1 -6.3
v 1 1.1 -6.3
v 1.1 1.1 -6.3
v 2.7 1.1 -6.3
v 2.9 1.1 -6.3
v 8.5 1.1 -6.3
v 8.8 1.1 -6.3
v 11.7 1.1 -6.3
v 11.8 1.1 -6.3
v 12.4 1.1 -6.3
v 12.8 1.1 -6.3
v -3.7 1.1 -6.4
v -3.3 1.1 -6.4
v 1 1.1 -6.4
v 1.1 1.1 -6.4
v 2.9 1.1 -6.4
v 3.2 1.1 -6.4
v 8.2 1.1 -6.4
v 8.5 1.1 -6.4
v 12 1.1 -6.4
v 12.4 1.1 -6.4
v -3.3 1.1 -6.5
v -2.9 1.1 -6.5
v 3.2 1.1 -6.5
v 3.6 1.1 -6.5
v 8 1.1 -6.5
v 8.2 1.1 -6.5
v 11.8 1.1 -6.5
v 12 1.1 -6.5
v -2.9 1.1 -6.6
v -2.6 1.1 -6.6
v 3.6 1.1 -6.6
v 3.9 1.1 -6.6
v 7.8 1.1 -6.6
v 8 1.1 -6.6
v 11.5 1.1 -6.6
v 11.8 1.1 -6.6
v -2.6 1.1 -6.7
v -2.4 1.1 -6.7
v 3.9 1.1 -6.7
v 4.1 1.1 -6.7
v 7.6 1.1 -6.7
v 7.8 1.1 -6.7
v 11.4 1.1 -6.7
v 11.5 1.1 -6.7
v -2.4 1.1 -6.8
v -2.2 1.1 -6.8
v 4.1 1.1 -6.8
v 4.3 1.1 -6.8
v 7.1 1.1 -6.8
v 7.6 1.1 -6.8
v 11.2 1.1 -6.8
v 11.4 1.1 -6.8
v -2.2 1.1 -6.9
v -1.9 1.1 -6.9
v 0.9 1.1 -6.9
v 1 1.1 -6.9
v 4.3 1.1 -6.9
v 4.5 1.1 -6.9
v 6.7 1.1 -6.9
v 7.1 1.1 -6.9
v 11 1.1 -6.9
v 11.2 1.1 -6.9
v -1.9 1.1 -7
v -1.7 1.1 -7
v -0.3 1.1 -7
v -0.200001 1.1 -7
v 0.9 1.1 -7
v 1 1.1 -7
v 4.5 1.1 -7
v 4.8 1.1 -7
v 6.3 1.1 -7
v 6.7 1.1 -7
v 10.9 1.1 -7
v 11 1.1 -7
v -1.7 1.1 -7.1
v -1.5 1.1 -7.1
v -0.3 1.1 -7.1
v -0.200001 1.1 -7.1
v 4.8 1.1 -7.1
v 6.3 1.1 -7.1
v 10.7 1.1 -7.1
v 10.9 1.1 -7.1
v -1.5 1.1 -7.2
v -0.700001 1.1 -7.2
v 10.5 1.1 -7.2
v 10.7 1.1 -7.2
v -0.700001 1.1 -7.3
v -0.3 1.1 -7.3
v 10.3 1.1 -7.3
v 10.5 1.1 -7.3
v -0.3 1.1 -7.4
v 0.0999994 1.1 -7.4
v 7.3 1.1 -7.4
v 7.4 1.1 -7.4
v 7.7 1.1 -7.4
v 7.8 1.1 -7.4
v 10.2 1.1 -7.4
v 10.3 1.1 -7.4
v 0.0999994 1.1 -7.5
v 0.299999 1.1 -7.5
v 7.7 1.1 -7.5
v 7.8 1.1 -7.5
v 10 1.1 -7.5
v 10.2 1.1 -7.5
v 0.299999 1.1 -7.6
v 0.799999 1.1 -7.6
v 7.3 1.1 -7.6
v 7.4 1.1 -7.6
v 9.9 1.1 -7.6
v 10 1.1 -7.6
v 0.799999 1.1 -7.7
v 1.2 1.1 -7.7
v 2.5 1.1 -7.7
v 2.6 1.1 -7.7
v 5 1.1 -7.7
v 6.3 1.1 -7.7
v 9.7 1.1 -7.7
v 9.9 1.1 -7.7
v 1.2 1.1 -7.8
v 2.4 1.1 -7.8
v 2.5 1.1 -7.8
v 2.6 1.1 -7.8
v 4.5 1.1 -7.8
v 5 1.1 -7.8
v 6.3 1.1 -7.8
v 6.5 1.1 -7.8
v 9.5 1.1 -7.8
v 9.7 1.1 -7.8
v 2.4 1.1 -7.9
v 4.5 1.1 -7.9
v 6.5 1.1 -7.9
v 6.9 1.1 -7.9
v 9.4 1.1 -7.9
v 9.5 1.1 -7.9
v 6.9 1.1 -8
v 7.5 1.1 -8
v 8.8 1.1 -8
v 9.4 1.1 -8
v 7.5 1.1 -8.1
v 8.8 1.1 -8.1
v -12.8 1.2 -4.9
v -11.7 1.2 -4.9
v -11.7 1.2 -5
v -11.2 1.2 -5
v -11.2 1.2 -5.1
v -10.8 1.2 -5.1
v -10.8 1.2 -5.2
v -10.1 1.2 -5.2
v -11.3 1.2 -5.3
v -11.2 1.2 -5.3
v -10.1 1.2 -5.3
v -9.9 1.2 -5.3
v -11.3 1.2 -5.4
v -11.2 1.2 -5.4
v -9.9 1.2 -5.4
v -9.3 1.2 -5.4
v -9.3 1.2 -5.5
v -8.7 1.2 -5.5
v -8.7 1.2 -5.6
v -7.9 1.2 -5.6
v -7.9 1.2 -5.7
v -7.4 1.2 -5.7
v -7.4 1.2 -5.8
v -7 1.2 -5.8
v -7 1.2 -5.9
v -5.7 1.2 -5.9
v -5.7 1.2 -6
v -5.3 1.2 -6
v -5.3 1.2 -6.1
v -4.4 1.2 -6.1
v -4.4 1.2 -6.2
v -4 1.2 -6.2
v -12.7 1.2 -6.3
v -12.6 1.2 -6.3
v -4 1.2 -6.3
v -3.7 1.2 -6.3
v 12.4 1.2 -6.3
v 12.8 1.2 -6.3
v -3.7 1.2 -6.4
v -3.3 1.2 -6.4
v 12 1.2 -6.4
v 12.4 1.2 -6.4
v -12.7 1.2 -6.5
v -12.6 1.2 -6.5
v -3.3 1.2 -6.5
v -2.9 1.2 -6.5
v 11.8 1.2 -6.5
v 12 1.2 -6.5
v -2.9 1.2 -6.6
v -2.6 1.2 -6.6
v 11.5 1.2 -6.6
v 11.8 1.2 -6.6
v -11.5 1.2 -6.7
v -11.4 1.2 -6.7
v -2.6 1.2 -6.7
v -2.4 1.2 -6.7
v 11.4 1.2 -6.7
v 11.5 1.2 -6.7
v -12.8 1.2 -6.8
v -12.2 1.2 -6.8
v -11.5 1.2 -6.8
v -11.4 1.2 -6.8
v -2.4 1.2 -6.8
v -2.2 1.2 -6.8
v 11.2 1.2 -6.8
v 11.4 1.2 -6.8
v -12.2 1.2 -6.9
v -12 1.2 -6.9
v -4.5 1.2 -6.9
v -4.4 1.2 -6.9
v -2.2 1.2 -6.9
v -1.9 1.2 -6.9
v 11 1.2 -6.9
v 11.2 1.2 -6.9
v -12 1.2 -7
v -11.8 1.2 -7
v -11.6 1.2 -7
v -11.5 1.2 -7
v -4.5 1.2 -7
v -4.4 1.2 -7
v -1.9 1.2 -7
v -1.7 1.2 -7
v 10.9 1.2 -7
v 11 1.2 -7
v -11.6 1.2 -7.1
v -11.5 1.2 -7.1
v -11.2 1.2 -7.1
v -8.6 1.2 -7.1
v -8.5 1.2 -7.1
v -1.7 1.2 -7.1
v -1.5 1.2 -7.1
v 10.7 1.2 -7.1
v 10.9 1.2 -7.1
v -11.2 1.2 -7.2
v -10.8 1.2 -7.2
v -8.6 1.2 -7.2
v -8.5 1.2 -7.2
v -1.5 1.2 -7.2
v -0.700001 1.2 -7.2
v 10.5 1.2 -7.2
v 10.7 1.2 -7.2
v -10.8 1.2 -7.3
v -10.2 1.2 -7.3
v -0.700001 1.2 -7.3
v -0.3 1.2 -7.3
v 10.3 1.2 -7.3
v 10.5 1.2 -7.3
v -10.2 1.2 -7.4
v -9.2 1.2 -7.4
v -0.3 1.2 -7.4
v 0.0999994 1.2 -7.4
v 10.2 1.2 -7.4
v 10.3 1.2 -7.4
v -9.2 1.2 -7.5
v -8.4 1.2 -7.5
v -0.400001 1.2 -7.5
v -0.3 1.2 -7.5
v 0.0999994 1.2 -7.5
v 0.299999 1.2 -7.5
v 10 1.2 -7.5
v 10.2 1.2 -7.5
v -8.4 1.2 -7.6
v -8 1.2 -7.6
v -0.400001 1.2 -7.6
v -0.3 1.2 -7.6
v 0.299999 1.2 -7.6
v 0.799999 1.2 -7.6
v 9.9 1.2 -7.6
v 10 1.2 -7.6
v 12 1.2 -7.6
v 12.1 1.2 -7.6
v -8 1.2 -7.7
v -7.6 1.2 -7.7
v -4.2 1.2 -7.7
v -4.1 1.2 -7.7
v -0.200001 1.2 -7.7
v -0.1 1.2 -7.7
v 0.799999 1.2 -7.7
v 1.2 1.2 -7.7
v 5 1.2 -7.7
v 6.3 1.2 -7.7
v 9.7 1.2 -7.7
v 9.9 1.2 -7.7
v 12 1.2 -7.7
v 12.1 1.2 -7.7
v -7.6 1.2 -7.8
v -7.2 1.2 -7.8
v -6.6 1.2 -7.8
v -6.5 1.2 -7.8
v -4.2 1.2 -7.8
v -4.1 1.2 -7.8
v -0.200001 1.2 -7.8
v -0.1 1.2 -7.8
v 1.2 1.2 -7.8
v 2.4 1.2 -7.8
v 4.5 1.2 -7.8
v 5 1.2 -7.8
v 6.3 1.2 -7.8
v 6.5 1.2 -7.8
v 9.5 1.2 -7.8
v 9.7 1.2 -7.8
v -7.2 1.2 -7.9
v -6.8 1.2 -7.9
v -6.6 1.2 -7.9
v -6.5 1.2 -7.9
v -4.3 1.2 -7.9
v -4.2 1.2 -7.9
v 2.4 1.2 -7.9
v 4.5 1.2 -7.9
v 6.5 1.2 -7.9
v 6.9 1.2 -7.9
v 9.4 1.2 -7.9
v 9.5 1.2 -7.9
v 10.2 1.2 -7.9
v 10.3 1.2 -7.9
v 11.8 1.2 -7.9
v 11.9 1.2 -7.9
v -6.8 1.2 -8
v -6.4 1.2 -8
v -4.3 1.2 -8
v -4.2 1.2 -8
v -0.1 1.2 -8
v 0 1.2 -8
v 6.9 1.2 -8
v 7.5 1.2 -8
v 8.8 1.2 -8
v 9.4 1.2 -8
v 10.2 1.2 -8
v 10.3 1.2 -8
v 11.8 1.2 -8
v 11.9 1.2 -8
v -6.4 1.2 -8.1
v -6 1.2 -8.1
v -0.1 1.2 -8.1
v 0 1.2 -8.1
v 1.7 1.2 -8.1
v 1.8 1.2 -8.1
v 3.9 1.2 -8.1
v 4 1.2 -8.1
v 7.5 1.2 -8.1
v 8.8 1.2 -8.1
v -6 1.2 -8.2
v -5.7 1.2 -8.2
v 1.7 1.2 -8.2
v 1.8 1.2 -8.2
v 3.9 1.2 -8.2
v 4 1.2 -8.2
v 6.6 1.2 -8.2
v 6.7 1.2 -8.2
v -5.7 1.2 -8.3
v -5.5 1.2 -8.3
v -2.3 1.2 -8.3
v -2.2 1.2 -8.3
v 6.6 1.2 -8.3
v 6.7 1.2 -8.3
v -5.5 1.2 -8.4
v -5.4 1.2 -8.4
v -2.3 1.2 -8.4
v -2.2 1.2 -8.4
v 9.9 1.2 -8.4
v 10 1.2 -8.4
v -5.4 1.2 -8.5
v -5.1 1.2 -8.5
v 6.5 1.2 -8.5
v 6.6 1.2 -8.5
v 9.9 1.2 -8.5
v 10 1.2 -8.5
v -5.1 1.2 -8.6
v -4.6 1.2 -8.6
v 0.9 1.2 -8.6
v 1 1.2 -8.6
v 6.5 1.2 -8.6
v 6.6 1.2 -8.6
v -4.6 1.2 -8.7
v -3.9 1.2 -8.7
v 0.299999 1.2 -8.7
v 0.4 1.2 -8.7
v 0.9 1.2 -8.7
v 1 1.2 -8.7
v 10.8 1.2 -8.7
v 10.9 1.2 -8.7
v -3.9 1.2 -8.8
v -3.3 1.2 -8.8
v 0.299999 1.2 -8.8
v 0.4 1.2 -8.8
v 10.8 1.2 -8.8
v 10.9 1.2 -8.8
v 11.6 1.2 -8.8
v 11.7 1.2 -8.8
v -3.3 1.2 -8.9
v -2.8 1.2 -8.9
v 5 1.2 -8.9
v 5.5 1.2 -8.9
v 11.6 1.2 -8.9
v 11.7 1.2 -8.9
v -2.8 1.2 -9
v -2.3 1.2 -9
v 3.9 1.2 -9
v 5 1.2 -9
v 5.5 1.2 -9
v 5.8 1.2 -9
v -2.3 1.2 -9.1
v -1.6 1.2 -9.1
v 3.3 1.2 -9.1
v 3.9 1.2 -9.1
v 5.8 1.2 -9.1
v 6.6 1.2 -9.1
v 9.1 1.2 -9.1
v 9.2 1.2 -9.1
v -1.6 1.2 -9.2
v -1.2 1.2 -9.2
v -1.1 1.2 -9.2
v -0.700001 1.2 -9.2
v 3 1.2 -9.2
v 3.3 1.2 -9.2
v 6.6 1.2 -9.2
v 7.9 1.2 -9.2
v 9.1 1.2 -9.2
v 9.2 1.2 -9.2
v -0.700001 1.2 -9.3
v 0 1.2 -9.3
v 2.8 1.2 -9.3
v 3 1.2 -9.3
v 7.9 1.2 -9.3
v 9.3 1.2 -9.3
v 0 1.2 -9.4
v 0.599999 1.2 -9.4
v 2.6 1.2 -9.4
v 2.8 1.2 -9.4
v 9.3 1.2 -9.4
v 9.7 1.2 -9.4
v 10.9 1.2 -9.4
v 11 1.2 -9.4
v 12.2 1.2 -9.4
v 12.8 1.2 -9.4
v 0.599999 1.2 -9.5
v 1.1 1.2 -9.5
v 1.9 1.2 -9.5
v 2.6 1.2 -9.5
v 9.7 1.2 -9.5
v 9.9 1.2 -9.5
v 10.9 1.2 -9.5
v 11 1.2 -9.5
v 11.7 1.2 -9.5
v 12.2 1.2 -9.5
v 1.1 1.2 -9.6
v 1.9 1.2 -9.6
v 9.9 1.2 -9.6
v 10.1 1.2 -9.6
v 10.9 1.2 -9.6
v 11 1.2 -9.6
v 11.4 1.2 -9.6
v 11.7 1.2 -9.6
v 10.1 1.2 -9.7
v 11.4 1.2 -9.7
v -12.8 1.3 -6.8
v -12.2 1.3 -6.8
v -12.2 1.3 -6.9
v -12 1.3 -6.9
v -12 1.3 -7
v -11.8 1.3 -7
v -11.6 1.3 -7
v -11.8 1.3 -7.1
v -11.6 1.3 -7.1
v -11.2 1.3 -7.1
v -11.2 1.3 -7.2
v -10.8 1.3 -7.2
v -10.8 1.3 -7.3
v -10.2 1.3 -7.3
v -10.2 1.3 -7.4
v -9.2 1.3 -7.4
v -9.2 1.3 -7.5
v -8.4 1.3 -7.5
v -8.4 1.3 -7.6
v -8 1.3 -7.6
v -8.3 1.3 -7.7
v -8.2 1.3 -7.7
v -8 1.3 -7.7
v -7.6 1.3 -7.7
v -8.3 1.3 -7.8
v -8.2 1.3 -7.8
v -7.6 1.3 -7.8
v -7.2 1.3 -7.8
v -7.2 1.3 -7.9
v -6.8 1.3 -7.9
v -6.8 1.3 -8
v -6.4 1.3 -8
v -6.4 1.3 -8.1
v -6 1.3 -8.1
v -8.1 1.3 -8.2
v -8 1.3 -8.2
v -6 1.3 -8.2
v -5.7 1.3 -8.2
v -11.5 1.3 -8.3
v -11.4 1.3 -8.3
v -8.1 1.3 -8.3
v -8 1.3 -8.3
v -5.7 1.3 -8.3
v -5.5 1.3 -8.3
v -11.5 1.3 -8.4
v -11.4 1.3 -8.4
v -11.1 1.3 -8.4
v -11 1.3 -8.4
v -7.7 1.3 -8.4
v -7.6 1.3 -8.4
v -5.5 1.3 -8.4
v -5.4 1.3 -8.4
v -11.1 1.3 -8.5
v -11 1.3 -8.5
v -7.7 1.3 -8.5
v -7.6 1.3 -8.5
v -5.4 1.3 -8.5
v -5.1 1.3 -8.5
v -7.8 1.3 -8.6
v -7.6 1.3 -8.6
v -5.1 1.3 -8.6
v -4.6 1.3 -8.6
v -7.8 1.3 -8.7
v -7.6 1.3 -8.7
v -4.6 1.3 -8.7
v -3.9 1.3 -8.7
v -5.3 1.3 -8.8
v -5.2 1.3 -8.8
v -3.9 1.3 -8.8
v -3.3 1.3 -8.8
v -5.3 1.3 -8.9
v -5.2 1.3 -8.9
v -3.3 1.3 -8.9
v -2.8 1.3 -8.9
v 5 1.3 -8.9
v 5.5 1.3 -8.9
v -2.8 1.3 -9
v -2.3 1.3 -9
v 3.9 1.3 -9
v 5 1.3 -9
v 5.5 1.3 -9
v 5.8 1.3 -9
v -7 1.3 -9.1
v -6.9 1.3 -9.1
v -4.7 1.3 -9.1
v -4.6 1.3 -9.1
v -2.3 1.3 -9.1
v -1.6 1.3 -9.1
v 3.3 1.3 -9.1
v 3.9 1.3 -9.1
v 5.8 1.3 -9.1
v 6.6 1.3 -9.1
v -8.4 1.3 -9.2
v -8.3 1.3 -9.2
v -7 1.3 -9.2
v -6.9 1.3 -9.2
v -4.7 1.3 -9.2
v -4.6 1.3 -9.2
v -1.6 1.3 -9.2
v -1.2 1.3 -9.2
v -1.1 1.3 -9.2
v -0.700001 1.3 -9.2
v 3 1.3 -9.2
v 3.3 1.3 -9.2
v 6.6 1.3 -9.2
v 7.9 1.3 -9.2
v -8.4 1.3 -9.3
v -8.3 1.3 -9.3
v -1.2 1.3 -9.3
v -1.1 1.3 -9.3
v -0.700001 1.3 -9.3
v 0 1.3 -9.3
v 2.8 1.3 -9.3
v 3 1.3 -9.3
v 7.9 1.3 -9.3
v 9.3 1.3 -9.3
v 0 1.3 -9.4
v 0.599999 1.3 -9.4
v 2.6 1.3 -9.4
v 2.8 1.3 -9.4
v 6.4 1.3 -9.4
v 6.5 1.3 -9.4
v 9.3 1.3 -9.4
v 9.7 1.3 -9.4
v 12.2 1.3 -9.4
v 12.8 1.3 -9.4
v -3.2 1.3 -9.5
v -3.1 1.3 -9.5
v 0.599999 1.3 -9.5
v 1.1 1.3 -9.5
v 1.9 1.3 -9.5
v 2.6 1.3 -9.5
v 6.4 1.3 -9.5
v 6.5 1.3 -9.5
v 9.7 1.3 -9.5
v 9.9 1.3 -9.5
v 11.7 1.3 -9.5
v 12.2 1.3 -9.5
v -3.2 1.3 -9.6
v -3.1 1.3 -9.6
v 1.1 1.3 -9.6
v 1.9 1.3 -9.6
v 9.9 1.3 -9.6
v 10.1 1.3 -9.6
v 11.4 1.3 -9.6
v 11.7 1.3 -9.6
v -6.9 1.3 -9.7
v -6.8 1.3 -9.7
v 10.1 1.3 -9.7
v 11.4 1.3 -9.7
v -6.9 1.3 -9.8
v -6.8 1.3 -9.8
v 0.5 1.3 -9.8
v 0.599999 1.3 -9.8
v 0.5 1.3 -9.9
v 0.599999 1.3 -9.9
v -12 1.3 -10
v -11.9 1.3 -10
v -9.4 1.3 -10
v -9.3 1.3 -10
v -5.5 1.3 -10
v -5.4 1.3 -10
v 0.0999994 1.3 -10
v 0.2 1.3 -10
v 5.2 1.3 -10
v 5.3 1.3 -10
v -12 1.3 -10.1
v -11.9 1.3 -10.1
v -9.4 1.3 -10.1
v -9.3 1.3 -10.1
v -5.5 1.3 -10.1
v -5.4 1.3 -10.1
v -1.3 1.3 -10.1
v -1.2 1.3 -10.1
v 0.0999994 1.3 -10.1
v 0.2 1.3 -10.1
v 5.2 1.3 -10.1
v 5.3 1.3 -10.1
v -2.4 1.3 -10.2
v -2.2 1.3 -10.2
v -1.3 1.3 -10.2
v -1.2 1.3 -10.2
v 5.9 1.3 -10.2
v 6 1.3 -10.2
v -2.4 1.3 -10.3
v -2.2 1.3 -10.3
v 2.5 1.3 -10.3
v 2.6 1.3 -10.3
v 5.9 1.3 -10.3
v 6 1.3 -10.3
v 10.1 1.3 -10.3
v 10.2 1.3 -10.3
v 11.2 1.3 -10.3
v 11.3 1.3 -10.3
v 2.5 1.3 -10.4
v 2.6 1.3 -10.4
v 10.1 1.3 -10.4
v 10.2 1.3 -10.4
v 11.2 1.3 -10.4
v 11.3 1.3 -10.4
v -6.4 1.3 -10.5
v -6.3 1.3 -10.5
v -10.6 1.3 -10.6
v -10.5 1.3 -10.6
v -6.4 1.3 -10.6
v -6.3 1.3 -10.6
v 0.5 1.3 -10.6
v 0.599999 1.3 -10.6
v 7.7 1.3 -10.6
v 7.8 1.3 -10.6
v -10.6 1.3 -10.7
v -10.5 1.3 -10.7
v 0.5 1.3 -10.7
v 0.599999 1.3 -10.7
v 7.7 1.3 -10.7
v 7.8 1.3 -10.7
v -10.9 1.3 -10.8
v -10.8 1.3 -10.8
v -4.7 1.3 -10.8
v -4.6 1.3 -10.8
v -4.1 1.3 -10.8
v -4 1.3 -10.8
v -11.2 1.3 -10.9
v -11.1 1.3 -10.9
v -10.9 1.3 -10.9
v -10.8 1.3 -10.9
v -4.7 1.3 -10.9
v -4.6 1.3 -10.9
v -4.1 1.3 -10.9
v -4 1.3 -10.9
v 9.7 1.3 -10.9
v 9.8 1.3 -10.9
v -12.3 1.3 -11
v -12.2 1.3 -11
v -11.2 1.3 -11
v -11.1 1.3 -11
v 9.7 1.3 -11
v 9.8 1.3 -11
v -12.3 1.3 -11.1
v -12.2 1.3 -11.1
v 11.4 1.3 -11.1
v 11.5 1.3 -11.1
v 5.1 1.3 -11.2
v 5.2 1.3 -11.2
v 11.4 1.3 -11.2
v 11.5 1.3 -11.2
v 3.8 1.3 -11.3
v 3.9 1.3 -11.3
v 5.1 1.3 -11.3
v 5.2 1.3 -11.3
v 3.8 1.3 -11.4
v 3.9 1.3 -11.4
v -4.8 1.3 -11.5
v -4.7 1.3 -11.5
v 0.799999 1.3 -11.5
v 0.9 1.3 -11.5
v 8.5 1.3 -11.5
v 8.6 1.3 -11.5
v -4.8 1.3 -11.6
v -4.7 1.3 -11.6
v -1.4 1.3 -11.6
v -1.3 1.3 -11.6
v 0.799999 1.3 -11.6
v 0.9 1.3 -11.6
v 4.5 1.3 -11.6
v 4.6 1.3 -11.6
v 8.5 1.3 -11.6
v 8.6 1.3 -11.6
v -8.3 1.3 -11.7
v -8.2 1.3 -11.7
v -1.4 1.3 -11.7
v -1.3 1.3 -11.7
v 0.299999 1.3 -11.7
v 0.4 1.3 -11.7
v 3.9 1.3 -11.7
v 4 1.3 -11.7
v 4.5 1.3 -11.7
v 4.6 1.3 -11.7
v -8.7 1.3 -11.8
v -8.6 1.3 -11.8
v -8.3 1.3 -11.8
v -8.2 1.3 -11.8
v -2.5 1.3 -11.8
v -2.4 1.3 -11.8
v 0.299999 1.3 -11.8
v 0.4 1.3 -11.8
v 3.9 1.3 -11.8
v 4 1.3 -11.8
v -8.7 1.3 -11.9
v -8.6 1.3 -11.9
v -2.5 1.3 -11.9
v -2.4 1.3 -11.9
v 4.5 1.3 -11.9
v 4.6 1.3 -11.9
v 11.3 1.3 -11.9
v 11.4 1.3 -11.9
v -6.2 1.3 -12
v -6.1 1.3 -12
v 4.5 1.3 -12
v 4.6 1.3 -12
v 11.3 1.3 -12
v 11.4 1.3 -12
v -6.2 1.3 -12.1
v -6.1 1.3 -12.1
v 5.2 1.3 -12.1
v 5.3 1.3 -12.1
v -12.3 1.3 -12.2
v -12.2 1.3 -12.2
v 5.2 1.3 -12.2
v 5.3 1.3 -12.2
v -12.3 1.3 -12.3
v -12.2 1.3 -12.3
v -10.3 1.3 -12.3
v -10.2 1.3 -12.3
v -10.3 1.3 -12.4
v -10.2 1.3 -12.4
v -4.6 1.3 -12.4
v -4.5 1.3 -12.4
v -4.6 1.3 -12.5
v -4.5 1.3 -12.5
v 3.4 1.3 -12.5
v 3.5 1.3 -12.5
v 3.4 1.3 -12.6
v 3.5 1.3 -12.6
v -12.8 1.3 -12.8
v 12.8 1.3 -12.8

# faces
f 4/1/1 2/1/1 1/1/1
f 5/1/1 2/1/1 4/1/1
f 6/1/1 2/1/1 5/1/1
f 7/1/1 2/1/1 6/1/1
f 8/1/1 2/1/1 7/1/1
f 9/1/1 2/1/1 8/1/1
f 10/1/1 2/1/1 9/1/1
f 11/1/1 2/1/1 10/1/1
f 12/1/1 2/1/1 11/1/1
f 13/1/1 2/1/1 12/1/1
f 14/1/1 2/1/1 13/1/1
f 15/1/1 2/1/1 14/1/1
f 16/1/1 2/1/1 15/1/1
f 17/11/1 3/11/1 2/11/1
f 17/1/1 2/1/1 16/1/1
f 18/11/1 3/11/1 17/11/1
f 19/11/1 3/11/1 18/11/1
f 20/11/1 3/11/1 19/11/1
f 21/11/1 3/11/1 20/11/1
f 22/11/1 3/11/1 21/11/1
f 23/11/1 3/11/1 22/11/1
f 24/11/1 3/11/1 23/11/1
f 25/11/1 3/11/1 24/11/1
f 26/11/1 3/11/1 25/11/1
f 27/11/1 3/11/1 26/11/1
f 28/11/1 3/11/1 27/11/1
f 29/11/1 3/11/1 28/11/1
f 32/1/1 31/1/1 30/1/1
f 33/1/1 31/1/1 32/1/1
f 36/1/1 35/1/1 34/1/1
f 37/1/1 35/1/1 36/1/1
f 40/11/1 39/11/1 38/11/1
f 41/11/1 39/11/1 40/11/1
f 44/11/1 43/11/1 42/11/1
f 45/11/1 43/11/1 44/11/1
f 48/11/1 47/11/1 46/11/1
f 49/11/1 47/11/1 48/11/1
f 52/1/1 51/1/1 50/1/1
f 53/1/1 51/1/1 52/1/1
f 56/11/1 55/11/1 54/11/1
f 57/11/1 55/11/1 56/11/1
f 60/11/1 59/11/1 58/11/1
f 61/11/1 59/11/1 60/11/1
f 64/1/1 63/1/1 62/1/1
f 65/1/1 63/1/1 64/1/1
f 68/1/1 67/1/1 66/1/1
f 69/1/1 67/1/1 68/1/1
f 72/1/1 71/1/1 70/1/1
f 73/1/1 71/1/1 72/1/1
f 76/1/1 75/1/1 74/1/1
f 77/1/1 75/1/1 76/1/1
f 80/1/1 79/1/1 78/1/1
f 81/1/1 79/1/1 80/1/1
f 84/1/1 83/1/1 82/1/1
f 85/1/1 83/1/1 84/1/1
f 88/11/1 87/11/1 86/11/1
f 89/11/1 87/11/1 88/11/1
f 92/1/1 91/1/1 90/1/1
f 93/1/1 91/1/1 92/1/1
f 96/1/1 95/1/1 94/1/1
f 97/1/1 95/1/1 96/1/1
f 100/1/1 99/1/1 98/1/1
f 101/1/1 99/1/1 100/1/1
f 104/1/1 103/1/1 102/1/1
f 105/1/1 103/1/1 104/1/1
f 108/1/1 107/1/1 106/1/1
f 109/1/1 107/1/1 108/1/1
f 112/1/1 111/1/1 110/1/1
f 113/1/1 111/1/1 112/1/1
f 116/1/1 115/1/1 114/1/1
f 117/1/1 115/1/1 116/1/1
f 120/1/1 119/1/1 118/1/1
f 121/1/1 119/1/1 120/1/1
f 124/1/1 123/1/1 122/1/1
f 125/1/1 123/1/1 124/1/1
f 128/1/1 127/1/1 126/1/1
f 129/1/1 127/1/1 128/1/1
f 132/1/1 131/1/1 130/1/1
f 133/1/1 131/1/1 132/1/1
f 136/1/1 135/1/1 134/1/1
f 137/1/1 135/1/1 136/1/1
f 140/1/1 139/1/1 138/1/1
f 141/1/1 139/1/1 140/1/1
f 144/1/1 143/1/1 142/1/1
f 145/1/1 143/1/1 144/1/1
f 148/1/1 147/1/1 146/1/1
f 149/1/1 147/1/1 148/1/1
f 152/11/1 151/11/1 150/11/1
f 153/11/1 151/11/1 152/11/1
f 156/1/1 155/1/1 154/1/1
f 157/1/1 155/1/1 156/1/1
f 160/1/1 159/1/1 158/1/1
f 161/1/1 159/1/1 160/1/1
f 164/1/1 163/1/1 162/1/1
f 165/1/1 163/1/1 164/1/1
f 168/1/1 167/1/1 166/1/1
f 169/1/1 167/1/1 168/1/1
f 172/1/1 171/1/1 170/1/1
f 173/1/1 171/1/1 172/1/1
f 176/1/1 175/1/1 174/1/1
f 177/1/1 175/1/1 176/1/1
f 180/1/1 179/1/1 178/1/1
f 181/1/1 179/1/1 180/1/1
f 184/11/1 183/11/1 182/11/1
f 185/11/1 183/11/1 184/11/1
f 188/11/1 187/11/1 186/11/1
f 189/11/1 187/11/1 188/11/1
f 192/1/1 191/1/1 190/1/1
f 193/1/1 191/1/1 192/1/1
f 196/1/1 195/1/1 194/1/1
f 197/1/1 195/1/1 196/1/1
f 200/11/1 199/11/1 198/11/1
f 201/11/1 199/11/1 200/11/1
f 204/1/1 203/1/1 202/1/1
f 205/1/1 203/1/1 204/1/1
f 208/1/1 207/1/1 206/1/1
f 209/1/1 207/1/1 208/1/1
f 212/1/1 211/1/1 210/1/1
f 213/1/1 211/1/1 212/1/1
f 216/1/1 215/1/1 214/1/1
f 217/1/1 215/1/1 216/1/1
f 220/11/1 219/11/1 218/11/1
f 221/11/1 219/11/1 220/11/1
f 224/1/1 223/1/1 222/1/1
f 225/1/1 223/1/1 224/1/1
f 228/1/1 227/1/1 226/1/1
f 229/1/1 227/1/1 228/1/1
f 232/1/1 231/1/1 230/1/1
f 233/1/1 231/1/1 232/1/1
f 236/1/1 235/1/1 234/1/1
f 237/1/1 235/1/1 236/1/1
f 240/11/1 239/11/1 238/11/1
f 241/11/1 239/11/1 240/11/1
f 244/1/1 243/1/1 242/1/1
f 245/1/1 243/1/1 244/1/1
f 248/1/1 247/1/1 246/1/1
f 249/1/1 247/1/1 248/1/1
f 252/1/1 251/1/1 250/1/1
f 253/1/1 251/1/1 252/1/1
f 256/1/1 255/1/1 254/1/1
f 257/1/1 255/1/1 256/1/1
f 260/1/1 259/1/1 258/1/1
f 261/1/1 259/1/1 260/1/1
f 264/1/1 263/1/1 262/1/1
f 265/1/1 263/1/1 264/1/1
f 268/1/1 267/1/1 266/1/1
f 269/1/1 267/1/1 268/1/1
f 272/1/1 271/1/1 270/1/1
f 273/1/1 271/1/1 272/1/1
f 276/1/1 275/1/1 274/1/1
f 277/1/1 275/1/1 276/1/1
f 280/1/1 279/1/1 278/1/1
f 281/1/1 279/1/1 280/1/1
f 284/11/1 283/11/1 282/11/1
f 285/11/1 283/11/1 284/11/1
f 288/11/1 287/11/1 286/11/1
f 289/11/1 287/11/1 288/11/1
f 292/1/1 291/1/1 290/1/1
f 293/1/1 291/1/1 292/1/1
f 296/1/1 295/1/1 294/1/1
f 297/1/1 295/1/1 296/1/1
f 300/11/1 299/11/1 298/11/1
f 301/11/1 299/11/1 300/11/1
f 304/1/1 303/1/1 302/1/1
f 305/1/1 303/1/1 304/1/1
f 308/1/1 307/1/1 306/1/1
f 309/1/1 307/1/1 308/1/1
f 312/1/1 311/1/1 310/1/1
f 313/1/1 311/1/1 312/1/1
f 316/1/1 315/1/1 314/1/1
f 317/1/1 315/1/1 316/1/1
f 320/1/1 319/1/1 318/1/1
f 321/1/1 319/1/1 320/1/1
f 324/1/1 323/1/1 322/1/1
f 325/1/1 323/1/1 324/1/1
f 328/11/1 327/11/1 326/11/1
f 329/11/1 327/11/1 328/11/1
f 332/11/1 331/11/1 330/11/1
f 333/11/1 331/11/1 332/11/1
f 336/1/1 335/1/1 334/1/1
f 337/1/1 335/1/1 336/1/1
f 340/1/1 339/1/1 338/1/1
f 341/1/1 339/1/1 340/1/1
f 344/1/1 343/1/1 342/1/1
f 345/1/1 343/1/1 344/1/1
f 348/1/1 347/1/1 346/1/1
f 349/1/1 347/1/1 348/1/1
f 352/11/1 351/11/1 350/11/1
f 353/11/1 351/11/1 352/11/1
f 356/1/1 355/1/1 354/1/1
f 357/1/1 355/1/1 356/1/1
f 360/1/1 359/1/1 358/1/1
f 361/1/1 359/1/1 360/1/1
f 364/1/1 363/1/1 362/1/1
f 365/1/1 363/1/1 364/1/1
f 368/1/1 367/1/1 366/1/1
f 369/1/1 367/1/1 368/1/1
f 372/1/1 371/1/1 370/1/1
f 373/1/1 371/1/1 372/1/1
f 376/11/1 375/11/1 374/11/1
f 377/11/1 375/11/1 376/11/1
f 380/11/1 379/11/1 378/11/1
f 381/11/1 379/11/1 380/11/1
f 384/1/1 383/1/1 382/1/1
f 385/1/1 383/1/1 384/1/1
f 388/1/1 387/1/1 386/1/1
f 389/1/1 387/1/1 388/1/1
f 392/1/1 391/1/1 390/1/1
f 393/1/1 391/1/1 392/1/1
f 396/1/1 395/1/1 394/1/1
f 397/1/1 395/1/1 396/1/1
f 400/11/1 399/11/1 398/11/1
f 401/11/1 399/11/1 400/11/1
f 404/1/1 403/1/1 402/1/1
f 405/1/1 403/1/1 404/1/1
f 408/1/1 407/1/1 406/1/1
f 409/1/1 407/1/1 408/1/1
f 412/1/1 411/1/1 410/1/1
f 413/1/1 411/1/1 412/1/1
f 416/1/1 415/1/1 414/1/1
f 417/1/1 415/1/1 416/1/1
f 420/11/1 419/11/1 418/11/1
f 421/11/1 419/11/1 420/11/1
f 424/1/1 423/1/1 422/1/1
f 425/1/1 423/1/1 424/1/1
f 428/1/1 427/1/1 426/1/1
f 429/1/1 427/1/1 428/1/1
f 432/1/1 431/1/1 430/1/1
f 433/1/1 431/1/1 432/1/1
f 436/11/1 435/11/1 434/11/1
f 437/11/1 435/11/1 436/11/1
f 440/1/1 439/1/1 438/1/1
f 441/1/1 439/1/1 440/1/1
f 444/1/1 443/1/1 442/1/1
f 445/1/1 443/1/1 444/1/1
f 448/11/1 447/11/1 446/11/1
f 449/11/1 447/11/1 448/11/1
f 452/1/1 451/1/1 450/1/1
f 453/1/1 451/1/1 452/1/1
f 456/1/1 455/1/1 454/1/1
f 457/1/1 455/1/1 456/1/1
f 460/11/1 459/11/1 458/11/1
f 461/11/1 459/11/1 460/11/1
f 464/1/1 463/1/1 462/1/1
f 465/1/1 463/1/1 464/1/1
f 468/1/1 467/1/1 466/1/1
f 469/1/1 467/1/1 468/1/1
f 472/1/1 471/1/1 470/1/1
f 473/1/1 471/1/1 472/1/1
f 476/1/1 475/1/1 474/1/1
f 477/1/1 475/1/1 476/1/1
f 480/1/1 479/1/1 478/1/1
f 481/1/1 479/1/1 480/1/1
f 484/11/1 483/11/1 482/11/1
f 485/11/1 483/11/1 484/11/1
f 488/11/1 487/11/1 486/11/1
f 489/11/1 487/11/1 488/11/1
f 492/11/1 491/11/1 490/11/1
f 493/11/1 491/11/1 492/11/1
f 496/1/1 495/1/1 494/1/1
f 497/1/1 495/1/1 496/1/1
f 500/1/1 499/1/1 498/1/1
f 501/1/1 499/1/1 500/1/1
f 504/1/1 503/1/1 502/1/1
f 505/1/1 503/1/1 504/1/1
f 508/1/1 507/1/1 506/1/1
f 509/1/1 507/1/1 508/1/1
f 512/1/1 511/1/1 510/1/1
f 513/1/1 511/1/1 512/1/1
f 516/1/1 515/1/1 514/1/1
f 517/1/1 515/1/1 516/1/1
f 520/1/1 519/1/1 518/1/1
f 521/1/1 519/1/1 520/1/1
f 524/11/1 523/11/1 522/11/1
f 525/11/1 523/11/1 524/11/1
f 528/11/1 527/11/1 526/11/1
f 529/11/1 527/11/1 528/11/1
f 532/11/1 531/11/1 530/11/1
f 533/11/1 531/11/1 532/11/1
f 536/1/1 535/1/1 534/1/1
f 537/1/1 535/1/1 536/1/1
f 540/1/1 539/1/1 538/1/1
f 541/1/1 539/1/1 540/1/1
f 544/1/1 543/1/1 542/1/1
f 545/1/1 543/1/1 544/1/1
f 548/11/1 547/11/1 546/11/1
f 549/11/1 547/11/1 548/11/1
f 552/11/1 551/11/1 550/11/1
f 553/11/1 551/11/1 552/11/1
f 556/11/1 555/11/1 554/11/1
f 557/11/1 555/11/1 556/11/1
f 560/11/1 559/11/1 558/11/1
f 561/11/1 559/11/1 560/11/1
f 564/1/1 563/1/1 562/1/1
f 565/1/1 563/1/1 564/1/1
f 568/1/1 567/1/1 566/1/1
f 569/1/1 567/1/1 568/1/1
f 572/1/1 571/1/1 570/1/1
f 573/1/1 571/1/1 572/1/1
f 576/1/1 575/1/1 574/1/1
f 577/1/1 575/1/1 576/1/1
f 580/11/1 579/11/1 578/11/1
f 581/11/1 579/11/1 580/11/1
f 584/1/1 583/1/1 582/1/1
f 585/1/1 583/1/1 584/1/1
f 588/11/1 587/11/1 586/11/1
f 589/11/1 587/11/1 588/11/1
f 592/11/1 591/11/1 590/11/1
f 593/11/1 591/11/1 592/11/1
f 596/1/1 595/1/1 594/1/1
f 597/1/1 595/1/1 596/1/1
f 600/11/1 599/11/1 598/11/1
f 601/11/1 599/11/1 600/11/1
f 604/11/1 603/11/1 602/11/1
f 605/11/1 603/11/1 604/11/1
f 608/1/1 607/1/1 606/1/1
f 609/1/1 607/1/1 608/1/1
f 612/1/1 611/1/1 610/1/1
f 613/1/1 611/1/1 612/1/1
f 616/1/1 615/1/1 614/1/1
f 617/1/1 615/1/1 616/1/1
f 620/11/1 619/11/1 618/11/1
f 621/11/1 619/11/1 620/11/1
f 624/1/1 623/1/1 622/1/1
f 625/1/1 623/1/1 624/1/1
f 628/11/1 627/11/1 626/11/1
f 629/11/1 627/11/1 628/11/1
f 632/1/1 631/1/1 630/1/1
f 633/1/1 631/1/1 632/1/1
f 636/1/1 635/1/1 634/1/1
f 637/1/1 635/1/1 636/1/1
f 640/1/1 639/1/1 638/1/1
f 641/1/1 639/1/1 640/1/1
f 644/11/1 643/11/1 642/11/1
f 645/11/1 643/11/1 644/11/1
f 648/11/1 647/11/1 646/11/1
f 649/11/1 647/11/1 648/11/1
f 652/1/1 651/1/1 650/1/1
f 653/1/1 651/1/1 652/1/1
f 656/1/1 655/1/1 654/1/1
f 657/1/1 655/1/1 656/1/1
f 660/1/1 659/1/1 658/1/1
f 661/1/1 659/1/1 660/1/1
f 664/1/1 663/1/1 662/1/1
f 665/1/1 663/1/1 664/1/1
f 668/11/1 667/11/1 666/11/1
f 669/11/1 667/11/1 668/11/1
f 672/11/1 671/11/1 670/11/1
f 673/11/1 671/11/1 672/11/1
f 676/11/1 675/11/1 674/11/1
f 677/11/1 675/11/1 676/11/1
f 680/1/1 679/1/1 678/1/1
f 681/1/1 679/1/1 680/1/1
f 684/1/1 683/1/1 682/1/1
f 685/1/1 683/1/1 684/1/1
f 688/1/1 687/1/1 686/1/1
f 689/1/1 687/1/1 688/1/1
f 692/11/1 691/11/1 690/11/1
f 693/11/1 691/11/1 692/11/1
f 696/1/1 695/1/1 694/1/1
f 697/1/1 695/1/1 696/1/1
f 700/1/1 699/1/1 698/1/1
f 701/1/1 699/1/1 700/1/1
f 704/1/1 703/1/1 702/1/1
f 705/1/1 703/1/1 704/1/1
f 708/1/1 707/1/1 706/1/1
f 709/1/1 707/1/1 708/1/1
f 712/1/1 711/1/1 710/1/1
f 713/1/1 711/1/1 712/1/1
f 716/11/1 715/11/1 714/11/1
f 717/11/1 715/11/1 716/11/1
f 720/1/1 719/1/1 718/1/1
f 721/1/1 719/1/1 720/1/1
f 724/11/1 723/11/1 722/11/1
f 725/11/1 723/11/1 724/11/1
f 728/11/1 727/11/1 726/11/1
f 729/11/1 727/11/1 728/11/1
f 732/11/1 731/11/1 730/11/1
f 733/11/1 731/11/1 732/11/1
f 736/1/1 735/1/1 734/1/1
f 737/1/1 735/1/1 736/1/1
f 740/11/1 739/11/1 738/11/1
f 741/11/1 739/11/1 740/11/1
f 744/1/1 743/1/1 742/1/1
f 745/1/1 743/1/1 744/1/1
f 748/11/1 747/11/1 746/11/1
f 749/11/1 747/11/1 748/11/1
f 752/1/1 751/1/1 750/1/1
f 753/1/1 751/1/1 752/1/1
f 756/1/1 755/1/1 754/1/1
f 757/1/1 755/1/1 756/1/1
f 760/1/1 759/1/1 758/1/1
f 761/1/1 759/1/1 760/1/1
f 764/11/1 763/11/1 762/11/1
f 765/11/1 763/11/1 764/11/1
f 768/11/1 767/11/1 766/11/1
f 769/11/1 767/11/1 768/11/1
f 772/11/1 771/11/1 770/11/1
f 773/11/1 771/11/1 772/11/1
f 776/1/1 775/1/1 774/1/1
f 777/1/1 775/1/1 776/1/1
f 780/1/1 779/1/1 778/1/1
f 781/1/1 779/1/1 780/1/1
f 784/11/1 783/11/1 782/11/1
f 785/11/1 783/11/1 784/11/1
f 788/1/1 787/1/1 786/1/1
f 789/1/1 787/1/1 788/1/1
f 792/11/1 791/11/1 790/11/1
f 793/11/1 791/11/1 792/11/1
f 796/1/1 795/1/1 794/1/1
f 797/1/1 795/1/1 796/1/1
f 800/1/1 799/1/1 798/1/1
f 801/1/1 799/1/1 800/1/1
f 804/11/1 803/11/1 802/11/1
f 805/11/1 803/11/1 804/11/1
f 808/1/1 807/1/1 806/1/1
f 809/1/1 807/1/1 808/1/1
f 812/11/1 811/11/1 810/11/1
f 813/11/1 811/11/1 812/11/1
f 816/11/1 815/11/1 814/11/1
f 817/11/1 815/11/1 816/11/1
f 820/1/1 819/1/1 818/1/1
f 821/1/1 819/1/1 820/1/1
f 824/11/1 823/11/1 822/11/1
f 825/11/1 823/11/1 824/11/1
f 828/11/1 827/11/1 826/11/1
f 829/11/1 827/11/1 828/11/1
f 832/1/1 831/1/1 830/1/1
f 833/1/1 831/1/1 832/1/1
f 836/1/1 835/1/1 834/1/1
f 837/1/1 835/1/1 836/1/1
f 840/1/1 839/1/1 838/1/1
f 841/1/1 839/1/1 840/1/1
f 844/1/1 843/1/1 842/1/1
f 845/1/1 843/1/1 844/1/1
f 848/11/1 847/11/1 846/11/1
f 849/11/1 847/11/1 848/11/1
f 852/11/1 851/11/1 850/11/1
f 853/11/1 851/11/1 852/11/1
f 856/11/1 855/11/1 854/11/1
f 857/11/1 855/11/1 856/11/1
f 860/1/1 859/1/1 858/1/1
f 861/1/1 859/1/1 860/1/1
f 864/1/1 863/1/1 862/1/1
f 865/1/1 863/1/1 864/1/1
f 868/11/1 867/11/1 866/11/1
f 869/11/1 867/11/1 868/11/1
f 872/11/1 871/11/1 870/11/1
f 873/11/1 871/11/1 872/11/1
f 876/1/1 875/1/1 874/1/1
f 877/1/1 875/1/1 876/1/1
f 880/1/1 879/1/1 878/1/1
f 881/1/1 879/1/1 880/1/1
f 884/11/1 883/11/1 882/11/1
f 885/11/1 883/11/1 884/11/1
f 888/1/1 887/1/1 886/1/1
f 889/1/1 887/1/1 888/1/1
f 892/11/1 891/11/1 890/11/1
f 893/11/1 891/11/1 892/11/1
f 896/1/1 895/1/1 894/1/1
f 897/1/1 895/1/1 896/1/1
f 900/1/1 899/1/1 898/1/1
f 901/1/1 899/1/1 900/1/1
f 904/11/1 903/11/1 902/11/1
f 905/11/1 903/11/1 904/11/1
f 908/1/1 907/1/1 906/1/1
f 909/1/1 907/1/1 908/1/1
f 912/11/1 911/11/1 910/11/1
f 913/11/1 911/11/1 912/11/1
f 916/11/1 915/11/1 914/11/1
f 917/11/1 915/11/1 916/11/1
f 920/1/1 919/1/1 918/1/1
f 921/1/1 919/1/1 920/1/1
f 924/1/1 923/1/1 922/1/1
f 925/1/1 923/1/1 924/1/1
f 928/1/1 927/1/1 926/1/1
f 929/1/1 927/1/1 928/1/1
f 932/1/1 931/1/1 930/1/1
f 933/1/1 931/1/1 932/1/1
f 936/11/1 935/11/1 934/11/1
f 937/11/1 935/11/1 936/11/1
f 940/11/1 939/11/1 938/11/1
f 941/11/1 939/11/1 940/11/1
f 944/11/1 943/11/1 942/11/1
f 945/11/1 943/11/1 944/11/1
f 948/1/1 947/1/1 946/1/1
f 949/1/1 947/1/1 948/1/1
f 952/11/1 951/11/1 950/11/1
f 953/11/1 951/11/1 952/11/1
f 956/11/1 955/11/1 954/11/1
f 957/11/1 955/11/1 956/11/1
f 960/11/1 959/11/1 958/11/1
f 961/11/1 959/11/1 960/11/1
f 964/11/1 963/11/1 962/11/1
f 965/11/1 963/11/1 964/11/1
f 968/1/1 967/1/1 966/1/1
f 969/1/1 967/1/1 968/1/1
f 972/1/1 971/1/1 970/1/1
f 973/1/1 971/1/1 972/1/1
f 976/1/1 975/1/1 974/1/1
f 977/1/1 975/1/1 976/1/1
f 980/1/1 979/1/1 978/1/1
f 981/1/1 979/1/1 980/1/1
f 984/11/1 983/11/1 982/11/1
f 985/11/1 983/11/1 984/11/1
f 988/11/1 987/11/1 986/11/1
f 989/11/1 987/11/1 988/11/1
f 992/11/1 991/11/1 990/11/1
f 993/11/1 991/11/1 992/11/1
f 996/11/1 995/11/1 994/11/1
f 997/11/1 995/11/1 996/11/1
f 1000/11/1 999/11/1 998/11/1
f 1001/11/1 999/11/1 1000/11/1
f 1004/1/1 1003/1/1 1002/1/1
f 1005/1/1 1003/1/1 1004/1/1
f 1008/1/1 1007/1/1 1006/1/1
f 1009/1/1 1007/1/1 1008/1/1
f 1012/1/1 1011/1/1 1010/1/1
f 1013/1/1 1011/1/1 1012/1/1
f 1016/11/1 1015/11/1 1014/11/1
f 1017/11/1 1015/11/1 1016/11/1
f 1020/11/1 1019/11/1 1018/11/1
f 1021/11/1 1019/11/1 1020/11/1
f 1024/1/1 1023/1/1 1022/1/1
f 1025/1/1 1023/1/1 1024/1/1
f 1028/1/1 1027/1/1 1026/1/1
f 1029/1/1 1027/1/1 1028/1/1
f 1032/1/1 1031/1/1 1030/1/1
f 1033/1/1 1031/1/1 1032/1/1
f 1036/1/1 1035/1/1 1034/1/1
f 1037/1/1 1035/1/1 1036/1/1
f 1040/1/1 1039/1/1 1038/1/1
f 1041/1/1 1039/1/1 1040/1/1
f 1044/1/1 1043/1/1 1042/1/1
f 1045/1/1 1043/1/1 1044/1/1
f 1048/11/1 1047/11/1 1046/11/1
f 1049/11/1 1047/11/1 1048/11/1
f 1052/11/1 1051/11/1 1050/11/1
f 1053/11/1 1051/11/1 1052/11/1
f 1056/11/1 1055/11/1 1054/11/1
f 1057/11/1 1055/11/1 1056/11/1
f 1060/11/1 1059/11/1 1058/11/1
f 1061/11/1 1059/11/1 1060/11/1
f 1064/1/1 1063/1/1 1062/1/1
f 1065/1/1 1063/1/1 1064/1/1
f 1068/1/1 1067/1/1 1066/1/1
f 1069/1/1 1067/1/1 1068/1/1
f 1072/11/1 1071/11/1 1070/11/1
f 1073/11/1 1071/11/1 1072/11/1
f 1076/11/1 1075/11/1 1074/11/1
f 1077/11/1 1075/11/1 1076/11/1
f 1080/1/1 1079/1/1 1078/1/1
f 1081/1/1 1079/1/1 1080/1/1
f 1084/1/1 1083/1/1 1082/1/1
f 1085/1/1 1083/1/1 1084/1/1
f 1088/1/1 1087/1/1 1086/1/1
f 1089/1/1 1087/1/1 1088/1/1
f 1092/11/1 1091/11/1 1090/11/1
f 1093/11/1 1091/11/1 1092/11/1
f 1096/1/1 1095/1/1 1094/1/1
f 1097/1/1 1095/1/1 1096/1/1
f 1100/11/1 1099/11/1 1098/11/1
f 1101/11/1 1099/11/1 1100/11/1
f 1104/11/1 1103/11/1 1102/11/1
f 1105/11/1 1103/11/1 1104/11/1
f 1108/1/1 1107/1/1 1106/1/1
f 1109/1/1 1107/1/1 1108/1/1
f 1112/1/1 1111/1/1 1110/1/1
f 1113/1/1 1111/1/1 1112/1/1
f 1116/1/1 1115/1/1 1114/1/1
f 1117/1/1 1115/1/1 1116/1/1
f 1120/1/1 1119/1/1 1118/1/1
f 1121/1/1 1119/1/1 1120/1/1
f 1124/1/1 1123/1/1 1122/1/1
f 1125/1/1 1123/1/1 1124/1/1
f 1128/11/1 1127/11/1 1126/11/1
f 1129/11/1 1127/11/1 1128/11/1
f 1132/11/1 1131/11/1 1130/11/1
f 1133/11/1 1131/11/1 1132/11/1
f 1136/1/1 1135/1/1 1134/1/1
f 1137/1/1 1135/1/1 1136/1/1
f 1140/1/1 1139/1/1 1138/1/1
f 1141/1/1 1139/1/1 1140/1/1
f 1144/11/1 1143/11/1 1142/11/1
f 1145/11/1 1143/11/1 1144/11/1
f 1148/11/1 1147/11/1 1146/11/1
f 1149/11/1 1147/11/1 1148/11/1
f 1152/11/1 1151/11/1 1150/11/1
f 1153/11/1 1151/11/1 1152/11/1
f 1156/11/1 1155/11/1 1154/11/1
f 1157/11/1 1155/11/1 1156/11/1
f 1160/1/1 1159/1/1 1158/1/1
f 1161/1/1 1159/1/1 1160/1/1
f 1164/1/1 1163/1/1 1162/1/1
f 1165/1/1 1163/1/1 1164/1/1
f 1168/1/1 1167/1/1 1166/1/1
f 1169/1/1 1167/1/1 1168/1/1
f 1172/1/1 1171/1/1 1170/1/1
f 1173/1/1 1171/1/1 1172/1/1
f 1176/11/1 1175/11/1 1174/11/1
f 1177/11/1 1175/11/1 1176/11/1
f 1178/1/2 1179/1/2 1180/1/2
f 1180/1/2 1179/1/2 1181/1/2
f 1182/1/2 1183/1/2 1184/1/2
f 1184/1/2 1183/1/2 1185/1/2
f 1186/1/2 1187/1/2 1188/1/2
f 1188/1/2 1187/1/2 1189/1/2
f 1190/1/2 1191/1/2 1192/1/2
f 1192/1/2 1191/1/2 1193/1/2
f 1194/1/2 1195/1/2 1196/1/2
f 1196/1/2 1195/1/2 1197/1/2
f 1198/11/2 1199/11/2 1200/11/2
f 1200/11/2 1199/11/2 1201/11/2
f 1202/1/2 1203/1/2 1204/1/2
f 1204/1/2 1203/1/2 1205/1/2
f 1206/1/2 1207/1/2 1208/1/2
f 1208/1/2 1207/1/2 1209/1/2
f 1210/11/2 1211/11/2 1212/11/2
f 1212/11/2 1211/11/2 1213/11/2
f 1214/11/2 1215/11/2 1216/11/2
f 1216/11/2 1215/11/2 1217/11/2
f 1218/1/2 1219/1/2 1220/1/2
f 1220/1/2 1219/1/2 1221/1/2
f 1222/11/2 1223/11/2 1224/11/2
f 1224/11/2 1223/11/2 1225/11/2
f 1226/11/2 1227/11/2 1228/11/2
f 1228/11/2 1227/11/2 1229/11/2
f 1230/1/2 1231/1/2 1232/1/2
f 1232/1/2 1231/1/2 1233/1/2
f 1234/1/2 1235/1/2 1236/1/2
f 1236/1/2 1235/1/2 1237/1/2
f 1238/1/2 1239/1/2 1240/1/2
f 1240/1/2 1239/1/2 1241/1/2
f 1242/1/2 1243/1/2 1244/1/2
f 1244/1/2 1243/1/2 1245/1/2
f 1246/11/2 1247/11/2 1248/11/2
f 1248/11/2 1247/11/2 1249/11/2
f 1250/1/2 1251/1/2 1252/1/2
f 1252/1/2 1251/1/2 1253/1/2
f 1254/11/2 1255/11/2 1256/11/2
f 1256/11/2 1255/11/2 1257/11/2
f 1258/1/2 1259/1/2 1260/1/2
f 1260/1/2 1259/1/2 1261/1/2
f 1262/1/2 1263/1/2 1264/1/2
f 1264/1/2 1263/1/2 1265/1/2
f 1266/11/2 1267/11/2 1268/11/2
f 1268/11/2 1267/11/2 1269/11/2
f 1270/1/2 1271/1/2 1272/1/2
f 1272/1/2 1271/1/2 1273/1/2
f 1274/1/2 1275/1/2 1276/1/2
f 1276/1/2 1275/1/2 1277/1/2
f 1278/11/2 1279/11/2 1280/11/2
f 1280/11/2 1279/11/2 1281/11/2
f 1282/11/2 1283/11/2 1284/11/2
f 1284/11/2 1283/11/2 1285/11/2
f 1286/10/2 1287/10/2 1288/10/2
f 1288/10/2 1287/10/2 1289/10/2
f 1290/1/2 1291/1/2 1292/1/2
f 1292/1/2 1291/1/2 1293/1/2
f 1294/1/2 1295/1/2 1296/1/2
f 1296/1/2 1295/1/2 1297/1/2
f 1298/11/2 1299/11/2 1300/11/2
f 1300/11/2 1299/11/2 1301/11/2
f 1302/1/2 1303/1/2 1304/1/2
f 1304/1/2 1303/1/2 1305/1/2
f 1306/1/2 1307/1/2 1308/1/2
f 1308/1/2 1307/1/2 1309/1/2
f 1310/1/2 1311/1/2 1312/1/2
f 1312/1/2 1311/1/2 1313/1/2
f 1314/1/2 1315/1/2 1316/1/2
f 1316/1/2 1315/1/2 1317/1/2
f 1318/1/2 1319/1/2 1320/1/2
f 1320/1/2 1319/1/2 1321/1/2
f 1322/1/2 1323/1/2 1324/1/2
f 1324/1/2 1323/1/2 1325/1/2
f 1326/11/2 1327/11/2 1328/11/2
f 1328/11/2 1327/11/2 1329/11/2
f 1330/11/2 1331/11/2 1332/11/2
f 1332/11/2 1331/11/2 1333/11/2
f 1334/1/2 1335/1/2 1336/1/2
f 1336/1/2 1335/1/2 1337/1/2
f 1338/11/2 1339/11/2 1340/11/2
f 1340/11/2 1339/11/2 1341/11/2
f 1342/11/2 1343/11/2 1344/11/2
f 1344/11/2 1343/11/2 1345/11/2
f 1346/1/2 1347/1/2 1348/1/2
f 1348/1/2 1347/1/2 1349/1/2
f 1350/1/2 1351/1/2 1352/1/2
f 1352/1/2 1351/1/2 1353/1/2
f 1354/1/2 1355/1/2 1356/1/2
f 1356/1/2 1355/1/2 1357/1/2
f 1358/11/2 1359/11/2 1360/11/2
f 1360/11/2 1359/11/2 1361/11/2
f 1362/1/2 1363/1/2 1364/1/2
f 1364/1/2 1363/1/2 1365/1/2
f 1366/11/2 1367/11/2 1368/11/2
f 1368/11/2 1367/11/2 1369/11/2
f 1370/1/2 1371/1/2 1372/1/2
f 1372/1/2 1371/1/2 1373/1/2
f 1374/1/2 1375/1/2 1376/1/2
f 1376/1/2 1375/1/2 1377/1/2
f 1378/1/2 1379/1/2 1380/1/2
f 1380/1/2 1379/1/2 1381/1/2
f 1382/1/2 1383/1/2 1384/1/2
f 1384/1/2 1383/1/2 1385/1/2
f 1386/1/2 1387/1/2 1388/1/2
f 1388/1/2 1387/1/2 1389/1/2
f 1390/11/2 1391/11/2 1392/11/2
f 1392/11/2 1391/11/2 1393/11/2
f 1394/11/2 1395/11/2 1396/11/2
f 1396/11/2 1395/11/2 1397/11/2
f 1398/11/2 1399/11/2 1400/11/2
f 1400/11/2 1399/11/2 1401/11/2
f 1402/11/2 1403/11/2 1404/11/2
f 1404/11/2 1403/11/2 1405/11/2
f 1406/1/2 1407/1/2 1408/1/2
f 1408/1/2 1407/1/2 1409/1/2
f 1410/1/2 1411/1/2 1412/1/2
f 1412/1/2 1411/1/2 1413/1/2
f 1414/1/2 1415/1/2 1416/1/2
f 1416/1/2 1415/1/2 1417/1/2
f 1418/11/2 1419/11/2 1420/11/2
f 1420/11/2 1419/11/2 1421/11/2
f 1422/3/2 1423/3/2 1424/3/2
f 1424/3/2 1423/3/2 1425/3/2
f 1426/11/2 1427/11/2 1428/11/2
f 1428/11/2 1427/11/2 1429/11/2
f 1430/1/2 1431/1/2 1432/1/2
f 1432/1/2 1431/1/2 1433/1/2
f 1434/1/2 1435/1/2 1436/1/2
f 1436/1/2 1435/1/2 1437/1/2
f 1438/1/2 1439/1/2 1440/1/2
f 1440/1/2 1439/1/2 1441/1/2
f 1442/1/2 1443/1/2 1444/1/2
f 1444/1/2 1443/1/2 1445/1/2
f 1446/11/2 1447/11/2 1448/11/2
f 1448/11/2 1447/11/2 1449/11/2
f 1450/11/2 1451/11/2 1452/11/2
f 1452/11/2 1451/11/2 1453/11/2
f 1454/11/2 1455/11/2 1456/11/2
f 1456/11/2 1455/11/2 1457/11/2
f 1458/1/2 1459/1/2 1460/1/2
f 1460/1/2 1459/1/2 1461/1/2
f 1462/1/2 1463/1/2 1464/1/2
f 1464/1/2 1463/1/2 1465/1/2
f 1466/1/2 1467/1/2 1468/1/2
f 1468/1/2 1467/1/2 1469/1/2
f 1470/1/2 1471/1/2 1472/1/2
f 1472/1/2 1471/1/2 1473/1/2
f 1474/11/2 1475/11/2 1476/11/2
f 1476/11/2 1475/11/2 1477/11/2
f 1478/8/2 1479/8/2 1480/8/2
f 1480/8/2 1479/8/2 1481/8/2
f 1482/11/2 1483/11/2 1484/11/2
f 1484/11/2 1483/11/2 1485/11/2
f 1486/1/2 1487/1/2 1488/1/2
f 1488/1/2 1487/1/2 1489/1/2
f 1490/11/2 1491/11/2 1492/11/2
f 1492/11/2 1491/11/2 1493/11/2
f 1494/1/2 1495/1/2 1496/1/2
f 1496/1/2 1495/1/2 1497/1/2
f 1498/1/2 1499/1/2 1500/1/2
f 1500/1/2 1499/1/2 1501/1/2
f 1502/1/2 1503/1/2 1504/1/2
f 1504/1/2 1503/1/2 1505/1/2
f 1506/1/2 1507/1/2 1508/1/2
f 1508/1/2 1507/1/2 1509/1/2
f 1510/11/2 1511/11/2 1512/11/2
f 1512/11/2 1511/11/2 1513/11/2
f 1514/11/2 1515/11/2 1516/11/2
f 1516/11/2 1515/11/2 1517/11/2
f 1518/11/2 1519/11/2 1520/11/2
f 1520/11/2 1519/11/2 1521/11/2
f 1522/1/2 1523/1/2 1524/1/2
f 1524/1/2 1523/1/2 1525/1/2
f 1526/11/2 1527/11/2 1528/11/2
f 1528/11/2 1527/11/2 1529/11/2
f 1530/1/2 1531/1/2 1532/1/2
f 1532/1/2 1531/1/2 1533/1/2
f 1534/1/2 1535/1/2 1536/1/2
f 1536/1/2 1535/1/2 1537/1/2
f 1538/3/2 1539/3/2 1540/3/2
f 1540/3/2 1539/3/2 1541/3/2
f 1542/11/2 1543/11/2 1544/11/2
f 1544/11/2 1543/11/2 1545/11/2
f 1546/1/2 1547/1/2 1548/1/2
f 1548/1/2 1547/1/2 1549/1/2
f 1550/1/2 1551/1/2 1552/1/2
f 1552/1/2 1551/1/2 1553/1/2
f 1554/1/2 1555/1/2 1556/1/2
f 1556/1/2 1555/1/2 1557/1/2
f 1558/11/2 1559/11/2 1560/11/2
f 1560/11/2 1559/11/2 1561/11/2
f 1562/11/2 1563/11/2 1564/11/2
f 1564/11/2 1563/11/2 1565/11/2
f 1566/1/2 1567/1/2 1568/1/2
f 1568/1/2 1567/1/2 1569/1/2
f 1570/1/2 1571/1/2 1572/1/2
f 1572/1/2 1571/1/2 1573/1/2
f 1574/11/2 1575/11/2 1576/11/2
f 1576/11/2 1575/11/2 1577/11/2
f 1578/1/2 1579/1/2 1580/1/2
f 1580/1/2 1579/1/2 1581/1/2
f 1582/1/2 1583/1/2 1584/1/2
f 1584/1/2 1583/1/2 1585/1/2
f 1586/11/2 1587/11/2 1588/11/2
f 1588/11/2 1587/11/2 1589/11/2
f 1590/1/2 1591/1/2 1592/1/2
f 1592/1/2 1591/1/2 1593/1/2
f 1594/1/2 1595/1/2 1596/1/2
f 1596/1/2 1595/1/2 1597/1/2
f 1598/1/2 1599/1/2 1600/1/2
f 1600/1/2 1599/1/2 1601/1/2
f 1602/11/2 1603/11/2 1604/11/2
f 1604/11/2 1603/11/2 1605/11/2
f 1606/11/2 1607/11/2 1608/11/2
f 1608/11/2 1607/11/2 1609/11/2
f 1610/1/2 1611/1/2 1612/1/2
f 1612/1/2 1611/1/2 1613/1/2
f 1614/1/2 1615/1/2 1616/1/2
f 1616/1/2 1615/1/2 1617/1/2
f 1618/11/2 1619/11/2 1620/11/2
f 1620/11/2 1619/11/2 1621/11/2
f 1622/11/2 1623/11/2 1624/11/2
f 1624/11/2 1623/11/2 1625/11/2
f 1626/1/2 1627/1/2 1628/1/2
f 1628/1/2 1627/1/2 1629/1/2
f 1630/1/2 1631/1/2 1632/1/2
f 1632/1/2 1631/1/2 1633/1/2
f 1634/1/2 1635/1/2 1636/1/2
f 1636/1/2 1635/1/2 1637/1/2
f 1638/11/2 1639/11/2 1640/11/2
f 1640/11/2 1639/11/2 1641/11/2
f 1642/11/2 1643/11/2 1644/11/2
f 1644/11/2 1643/11/2 1645/11/2
f 1646/11/2 1647/11/2 1648/11/2
f 1648/11/2 1647/11/2 1649/11/2
f 1650/1/2 1651/1/2 1652/1/2
f 1652/1/2 1651/1/2 1653/1/2
f 1654/1/2 1655/1/2 1656/1/2
f 1656/1/2 1655/1/2 1657/1/2
f 1658/11/2 1659/11/2 1660/11/2
f 1660/11/2 1659/11/2 1661/11/2
f 1662/11/2 1663/11/2 1664/11/2
f 1664/11/2 1663/11/2 1665/11/2
f 1666/1/2 1667/1/2 1668/1/2
f 1668/1/2 1667/1/2 1669/1/2
f 1670/1/2 1671/1/2 1672/1/2
f 1672/1/2 1671/1/2 1673/1/2
f 1674/11/2 1675/11/2 1676/11/2
f 1676/11/2 1675/11/2 1677/11/2
f 1678/11/2 1679/11/2 1680/11/2
f 1680/11/2 1679/11/2 1681/11/2
f 1682/1/2 1683/1/2 1684/1/2
f 1684/1/2 1683/1/2 1685/1/2
f 1686/1/2 1687/1/2 1688/1/2
f 1688/1/2 1687/1/2 1689/1/2
f 1690/1/2 1691/1/2 1692/1/2
f 1692/1/2 1691/1/2 1693/1/2
f 1694/1/2 1695/1/2 1696/1/2
f 1696/1/2 1695/1/2 1697/1/2
f 1698/11/2 1699/11/2 1700/11/2
f 1700/11/2 1699/11/2 1701/11/2
f 1702/11/2 1703/11/2 1704/11/2
f 1704/11/2 1703/11/2 1705/11/2
f 1706/1/2 1707/1/2 1708/1/2
f 1708/1/2 1707/1/2 1709/1/2
f 1710/11/2 1711/11/2 1712/11/2
f 1712/11/2 1711/11/2 1713/11/2
f 1714/11/2 1715/11/2 1716/11/2
f 1716/11/2 1715/11/2 1717/11/2
f 1718/11/2 1719/11/2 1720/11/2
f 1720/11/2 1719/11/2 1721/11/2
f 1722/1/2 1723/1/2 1724/1/2
f 1724/1/2 1723/1/2 1725/1/2
f 1726/1/2 1727/1/2 1728/1/2
f 1728/1/2 1727/1/2 1729/1/2
f 1730/1/2 1731/1/2 1732/1/2
f 1732/1/2 1731/1/2 1733/1/2
f 1734/1/2 1735/1/2 1736/1/2
f 1736/1/2 1735/1/2 1737/1/2
f 1738/11/2 1739/11/2 1740/11/2
f 1740/11/2 1739/11/2 1741/11/2
f 1742/11/2 1743/11/2 1744/11/2
f 1744/11/2 1743/11/2 1745/11/2
f 1746/11/2 1747/11/2 1748/11/2
f 1748/11/2 1747/11/2 1749/11/2
f 1750/1/2 1751/1/2 1752/1/2
f 1752/1/2 1751/1/2 1753/1/2
f 1754/1/2 1755/1/2 1756/1/2
f 1756/1/2 1755/1/2 1757/1/2
f 1758/1/2 1759/1/2 1760/1/2
f 1760/1/2 1759/1/2 1761/1/2
f 1762/1/2 1763/1/2 1764/1/2
f 1764/1/2 1763/1/2 1765/1/2
f 1766/1/2 1767/1/2 1768/1/2
f 1768/1/2 1767/1/2 1769/1/2
f 1770/11/2 1771/11/2 1772/11/2
f 1772/11/2 1771/11/2 1773/11/2
f 1774/11/2 1775/11/2 1776/11/2
f 1776/11/2 1775/11/2 1777/11/2
f 1778/11/2 1779/11/2 1780/11/2
f 1780/11/2 1779/11/2 1781/11/2
f 1782/11/2 1783/11/2 1784/11/2
f 1784/11/2 1783/11/2 1785/11/2
f 1786/1/2 1787/1/2 1788/1/2
f 1788/1/2 1787/1/2 1789/1/2
f 1790/1/2 1791/1/2 1792/1/2
f 1792/1/2 1791/1/2 1793/1/2
f 1794/1/2 1795/1/2 1796/1/2
f 1796/1/2 1795/1/2 1797/1/2
f 1798/11/2 1799/11/2 1800/11/2
f 1800/11/2 1799/11/2 1801/11/2
f 1802/11/2 1803/11/2 1804/11/2
f 1804/11/2 1803/11/2 1805/11/2
f 1806/11/2 1807/11/2 1808/11/2
f 1808/11/2 1807/11/2 1809/11/2
f 1810/1/2 1811/1/2 1812/1/2
f 1812/1/2 1811/1/2 1813/1/2
f 1814/1/2 1815/1/2 1816/1/2
f 1816/1/2 1815/1/2 1817/1/2
f 1818/11/2 1819/11/2 1820/11/2
f 1820/11/2 1819/11/2 1821/11/2
f 1822/1/2 1823/1/2 1824/1/2
f 1824/1/2 1823/1/2 1825/1/2
f 1826/1/2 1827/1/2 1828/1/2
f 1828/1/2 1827/1/2 1829/1/2
f 1830/1/2 1831/1/2 1832/1/2
f 1832/1/2 1831/1/2 1833/1/2
f 1834/1/2 1835/1/2 1836/1/2
f 1836/1/2 1835/1/2 1837/1/2
f 1838/11/2 1839/11/2 1840/11/2
f 1840/11/2 1839/11/2 1841/11/2
f 1842/11/2 1843/11/2 1844/11/2
f 1844/11/2 1843/11/2 1845/11/2
f 1846/1/2 1847/1/2 1848/1/2
f 1848/1/2 1847/1/2 1849/1/2
f 1850/1/2 1851/1/2 1852/1/2
f 1852/1/2 1851/1/2 1853/1/2
f 1854/11/2 1855/11/2 1856/11/2
f 1856/11/2 1855/11/2 1857/11/2
f 1858/11/2 1859/11/2 1860/11/2
f 1860/11/2 1859/11/2 1861/11/2
f 1862/1/2 1863/1/2 1864/1/2
f 1864/1/2 1863/1/2 1865/1/2
f 1866/1/2 1867/1/2 1868/1/2
f 1868/1/2 1867/1/2 1869/1/2
f 1870/11/2 1871/11/2 1872/11/2
f 1872/11/2 1871/11/2 1873/11/2
f 1874/11/2 1875/11/2 1876/11/2
f 1876/11/2 1875/11/2 1877/11/2
f 1878/11/2 1879/11/2 1880/11/2
f 1880/11/2 1879/11/2 1881/11/2
f 1882/11/2 1883/11/2 1884/11/2
f 1884/11/2 1883/11/2 1885/11/2
f 1886/11/2 1887/11/2 1888/11/2
f 1888/11/2 1887/11/2 1889/11/2
f 1890/1/2 1891/1/2 1892/1/2
f 1892/1/2 1891/1/2 1893/1/2
f 1894/1/2 1895/1/2 1896/1/2
f 1896/1/2 1895/1/2 1897/1/2
f 1898/1/2 1899/1/2 1900/1/2
f 1900/1/2 1899/1/2 1901/1/2
f 1902/11/2 1903/11/2 1904/11/2
f 1904/11/2 1903/11/2 1905/11/2
f 1906/1/2 1907/1/2 1908/1/2
f 1908/1/2 1907/1/2 1909/1/2
f 1910/1/2 1911/1/2 1912/1/2
f 1912/1/2 1911/1/2 1913/1/2
f 1914/1/2 1915/1/2 1916/1/2
f 1916/1/2 1915/1/2 1917/1/2
f 1918/11/2 1919/11/2 1920/11/2
f 1920/11/2 1919/11/2 1921/11/2
f 1922/11/2 1923/11/2 1924/11/2
f 1924/11/2 1923/11/2 1925/11/2
f 1926/1/2 1927/1/2 1928/1/2
f 1928/1/2 1927/1/2 1929/1/2
f 1930/1/2 1931/1/2 1932/1/2
f 1932/1/2 1931/1/2 1933/1/2
f 1934/3/2 1935/3/2 1936/3/2
f 1936/3/2 1935/3/2 1937/3/2
f 1938/11/2 1939/11/2 1940/11/2
f 1940/11/2 1939/11/2 1941/11/2
f 1942/11/2 1943/11/2 1944/11/2
f 1944/11/2 1943/11/2 1945/11/2
f 1946/11/2 1947/11/2 1948/11/2
f 1948/11/2 1947/11/2 1949/11/2
f 1950/1/2 1951/1/2 1952/1/2
f 1952/1/2 1951/1/2 1953/1/2
f 1954/11/2 1955/11/2 1956/11/2
f 1956/11/2 1955/11/2 1957/11/2
f 1958/1/2 1959/1/2 1960/1/2
f 1960/1/2 1959/1/2 1961/1/2
f 1962/1/2 1963/1/2 1964/1/2
f 1964/1/2 1963/1/2 1965/1/2
f 1966/1/2 1967/1/2 1968/1/2
f 1968/1/2 1967/1/2 1969/1/2
f 1970/1/2 1971/1/2 1972/1/2
f 1972/1/2 1971/1/2 1973/1/2
f 1974/11/2 1975/11/2 1976/11/2
f 1976/11/2 1975/11/2 1977/11/2
f 1978/11/2 1979/11/2 1980/11/2
f 1980/11/2 1979/11/2 1981/11/2
f 1982/11/2 1983/11/2 1984/11/2
f 1984/11/2 1983/11/2 1985/11/2
f 1986/11/2 1987/11/2 1988/11/2
f 1988/11/2 1987/11/2 1989/11/2
f 1990/11/2 1991/11/2 1992/11/2
f 1992/11/2 1991/11/2 1993/11/2
f 1994/1/2 1995/1/2 1996/1/2
f 1996/1/2 1995/1/2 1997/1/2
f 1998/1/2 1999/1/2 2000/1/2
f 2000/1/2 1999/1/2 2001/1/2
f 2002/1/2 2003/1/2 2004/1/2
f 2004/1/2 2003/1/2 2005/1/2
f 2006/1/2 2007/1/2 2008/1/2
f 2008/1/2 2007/1/2 2009/1/2
f 2010/1/2 2011/1/2 2012/1/2
f 2012/1/2 2011/1/2 2013/1/2
f 2014/11/2 2015/11/2 2016/11/2
f 2016/11/2 2015/11/2 2017/11/2
f 2018/11/2 2019/11/2 2020/11/2
f 2020/11/2 2019/11/2 2021/11/2
f 2022/11/2 2023/11/2 2024/11/2
f 2024/11/2 2023/11/2 2025/11/2
f 2026/11/2 2027/11/2 2028/11/2
f 2028/11/2 2027/11/2 2029/11/2
f 2030/11/2 2031/11/2 2032/11/2
f 2032/11/2 2031/11/2 2033/11/2
f 2034/11/2 2035/11/2 2036/11/2
f 2036/11/2 2035/11/2 2037/11/2
f 2038/1/2 2039/1/2 2040/1/2
f 2040/1/2 2039/1/2 2041/1/2
f 2042/1/2 2043/1/2 2044/1/2
f 2044/1/2 2043/1/2 2045/1/2
f 2046/1/2 2047/1/2 2048/1/2
f 2048/1/2 2047/1/2 2049/1/2
f 2050/1/2 2051/1/2 2052/1/2
f 2052/1/2 2051/1/2 2053/1/2
f 2054/2/2 2055/2/2 2056/2/2
f 2056/2/2 2055/2/2 2057/2/2
f 2058/11/2 2059/11/2 2060/11/2
f 2060/11/2 2059/11/2 2061/11/2
f 2062/11/2 2063/11/2 2064/11/2
f 2064/11/2 2063/11/2 2065/11/2
f 2066/11/2 2067/11/2 2068/11/2
f 2068/11/2 2067/11/2 2069/11/2
f 2070/11/2 2071/11/2 2072/11/2
f 2072/11/2 2071/11/2 2073/11/2
f 2074/1/2 2075/1/2 2076/1/2
f 2076/1/2 2075/1/2 2077/1/2
f 2078/11/2 2079/11/2 2080/11/2
f 2080/11/2 2079/11/2 2081/11/2
f 2082/1/2 2083/1/2 2084/1/2
f 2084/1/2 2083/1/2 2085/1/2
f 2086/1/2 2087/1/2 2088/1/2
f 2088/1/2 2087/1/2 2089/1/2
f 2090/11/2 2091/11/2 2092/11/2
f 2092/11/2 2091/11/2 2093/11/2
f 2094/11/2 2095/11/2 2096/11/2
f 2096/11/2 2095/11/2 2097/11/2
f 2098/11/2 2099/11/2 2100/11/2
f 2100/11/2 2099/11/2 2101/11/2
f 2102/1/2 2103/1/2 2104/1/2
f 2104/1/2 2103/1/2 2105/1/2
f 2106/1/2 2107/1/2 2108/1/2
f 2108/1/2 2107/1/2 2109/1/2
f 2110/1/2 2111/1/2 2112/1/2
f 2112/1/2 2111/1/2 2113/1/2
f 2114/11/2 2115/11/2 2116/11/2
f 2116/11/2 2115/11/2 2117/11/2
f 2118/1/2 2119/1/2 2120/1/2
f 2120/1/2 2119/1/2 2121/1/2
f 2122/1/2 2123/1/2 2124/1/2
f 2124/1/2 2123/1/2 2125/1/2
f 2126/1/2 2127/1/2 2128/1/2
f 2128/1/2 2127/1/2 2129/1/2
f 2130/11/2 2131/11/2 2132/11/2
f 2132/11/2 2131/11/2 2133/11/2
f 2134/11/2 2135/11/2 2136/11/2
f 2136/11/2 2135/11/2 2137/11/2
f 2138/1/2 2139/1/2 2140/1/2
f 2140/1/2 2139/1/2 2141/1/2
f 2142/1/2 2143/1/2 2144/1/2
f 2144/1/2 2143/1/2 2145/1/2
f 2146/1/2 2147/1/2 2148/1/2
f 2148/1/2 2147/1/2 2149/1/2
f 2150/11/2 2151/11/2 2152/11/2
f 2152/11/2 2151/11/2 2153/11/2
f 2154/1/2 2155/1/2 2156/1/2
f 2156/1/2 2155/1/2 2157/1/2
f 2158/1/2 2159/1/2 2160/1/2
f 2160/1/2 2159/1/2 2161/1/2
f 2162/11/2 2163/11/2 2164/11/2
f 2164/11/2 2163/11/2 2165/11/2
f 2166/11/2 2167/11/2 2168/11/2
f 2168/11/2 2167/11/2 2169/11/2
f 2170/1/2 2171/1/2 2172/1/2
f 2172/1/2 2171/1/2 2173/1/2
f 2174/11/2 2175/11/2 2176/11/2
f 2176/11/2 2175/11/2 2177/11/2
f 2178/11/2 2179/11/2 2180/11/2
f 2180/11/2 2179/11/2 2181/11/2
f 2182/11/2 2183/11/2 2184/11/2
f 2184/11/2 2183/11/2 2185/11/2
f 2186/1/2 2187/1/2 2188/1/2
f 2188/1/2 2187/1/2 2189/1/2
f 2190/1/2 2191/1/2 2192/1/2
f 2192/1/2 2191/1/2 2193/1/2
f 2194/1/2 2195/1/2 2196/1/2
f 2196/1/2 2195/1/2 2197/1/2
f 2198/1/2 2199/1/2 2200/1/2
f 2200/1/2 2199/1/2 2201/1/2
f 2202/11/2 2203/11/2 2204/11/2
f 2204/11/2 2203/11/2 2205/11/2
f 2206/1/2 2207/1/2 2208/1/2
f 2208/1/2 2207/1/2 2209/1/2
f 2210/11/2 2211/11/2 2212/11/2
f 2212/11/2 2211/11/2 2213/11/2
f 2214/11/2 2215/11/2 2216/11/2
f 2216/11/2 2215/11/2 2217/11/2
f 2218/1/2 2219/1/2 2220/1/2
f 2220/1/2 2219/1/2 2221/1/2
f 2222/1/2 2223/1/2 2224/1/2
f 2224/1/2 2223/1/2 2225/1/2
f 2226/11/2 2227/11/2 2228/11/2
f 2228/11/2 2227/11/2 2229/11/2
f 2230/11/2 2231/11/2 2232/11/2
f 2232/11/2 2231/11/2 2233/11/2
f 2234/11/2 2235/11/2 2236/11/2
f 2236/11/2 2235/11/2 2237/11/2
f 2238/1/2 2239/1/2 2240/1/2
f 2240/1/2 2239/1/2 2241/1/2
f 2242/1/2 2243/1/2 2244/1/2
f 2244/1/2 2243/1/2 2245/1/2
f 2246/1/2 2247/1/2 2248/1/2
f 2248/1/2 2247/1/2 2249/1/2
f 2250/1/2 2251/1/2 2252/1/2
f 2252/1/2 2251/1/2 2253/1/2
f 2254/11/2 2255/11/2 2256/11/2
f 2256/11/2 2255/11/2 2257/11/2
f 2258/11/2 2259/11/2 2260/11/2
f 2260/11/2 2259/11/2 2261/11/2
f 2262/11/2 2263/11/2 2264/11/2
f 2264/11/2 2263/11/2 2265/11/2
f 2266/1/2 2267/1/2 2268/1/2
f 2268/1/2 2267/1/2 2269/1/2
f 2270/1/2 2271/1/2 2272/1/2
f 2272/1/2 2271/1/2 2273/1/2
f 2274/11/2 2275/11/2 2276/11/2
f 2276/11/2 2275/11/2 2277/11/2
f 2278/11/2 2279/11/2 2280/11/2
f 2280/11/2 2279/11/2 2281/11/2
f 2282/11/2 2283/11/2 2284/11/2
f 2284/11/2 2283/11/2 2285/11/2
f 2286/11/2 2287/11/2 2288/11/2
f 2288/11/2 2287/11/2 2289/11/2
f 2290/1/2 2291/1/2 2292/1/2
f 2292/1/2 2291/1/2 2293/1/2
f 2294/11/2 2295/11/2 2296/11/2
f 2296/11/2 2295/11/2 2297/11/2
f 2298/1/2 2299/1/2 2300/1/2
f 2300/1/2 2299/1/2 2301/1/2
f 2302/1/2 2303/1/2 2304/1/2
f 2304/1/2 2303/1/2 2305/1/2
f 2306/1/2 2307/1/2 2308/1/2
f 2308/1/2 2307/1/2 2309/1/2
f 2310/1/2 2311/1/2 2312/1/2
f 2312/1/2 2311/1/2 2313/1/2
f 2314/11/2 2315/11/2 2316/11/2
f 2316/11/2 2315/11/2 2317/11/2
f 2318/11/2 2319/11/2 2320/11/2
f 2320/11/2 2319/11/2 2321/11/2
f 2322/11/2 2323/11/2 2324/11/2
f 2324/11/2 2323/11/2 2325/11/2
f 2326/1/2 2327/1/2 2328/1/2
f 2328/1/2 2327/1/2 2329/1/2
f 2330/11/2 2331/11/2 2332/11/2
f 2332/11/2 2331/11/2 2333/11/2
f 2334/11/2 2335/11/2 2336/11/2
f 2336/11/2 2335/11/2 2337/11/2
f 2338/1/2 2339/1/2 2340/1/2
f 2340/1/2 2339/1/2 2341/1/2
f 2342/11/2 2343/11/2 2344/11/2
f 2344/11/2 2343/11/2 2345/11/2
f 2346/11/2 2347/11/2 2348/11/2
f 2348/11/2 2347/11/2 2349/11/2
f 2350/11/2 2351/11/2 2352/11/2
f 2352/11/2 2351/11/2 2353/11/2
f 2354/1/2 2355/1/2 2356/1/2
f 2356/1/2 2355/1/2 2357/1/2
f 2358/1/2 2359/1/2 2360/1/2
f 2360/1/2 2359/1/2 2361/1/2
f 2362/1/2 2363/1/2 2364/1/2
f 2364/1/2 2363/1/2 2365/1/2
f 2366/1/2 2367/1/2 2368/1/2
f 2368/1/2 2367/1/2 2369/1/2
f 2370/1/2 2371/1/2 2372/1/2
f 2372/1/2 2371/1/2 2373/1/2
f 2374/11/2 2375/11/2 2376/11/2
f 2376/11/2 2375/11/2 2377/11/2
f 2378/7/2 2379/7/2 2380/7/2
f 2380/7/2 2379/7/2 2381/7/2
f 2382/11/2 2383/11/2 2384/11/2
f 2384/11/2 2383/11/2 2385/11/2
f 2386/1/2 2387/1/2 2388/1/2
f 2388/1/2 2387/1/2 2389/1/2
f 2390/1/2 2391/1/2 2392/1/2
f 2392/1/2 2391/1/2 2393/1/2
f 2394/1/2 2395/1/2 2396/1/2
f 2396/1/2 2395/1/2 2397/1/2
f 2398/11/2 2399/11/2 2400/11/2
f 2400/11/2 2399/11/2 2401/11/2
f 2402/1/2 2403/1/2 2404/1/2
f 2404/1/2 2403/1/2 2405/1/2
f 2406/1/2 2407/1/2 2408/1/2
f 2408/1/2 2407/1/2 2409/1/2
f 2410/11/2 2411/11/2 2412/11/2
f 2412/11/2 2411/11/2 2413/11/2
f 2414/11/2 2415/11/2 2416/11/2
f 2416/11/2 2415/11/2 2417/11/2
f 2418/1/2 2419/1/2 2420/1/2
f 2420/1/2 2419/1/2 2421/1/2
f 2422/1/2 2423/1/2 2424/1/2
f 2424/1/2 2423/1/2 2425/1/2
f 2426/1/2 2427/1/2 2428/1/2
f 2428/1/2 2427/1/2 2429/1/2
f 2430/1/2 2431/1/2 2432/1/2
f 2432/1/2 2431/1/2 2433/1/2
f 2434/11/2 2435/11/2 2436/11/2
f 2436/11/2 2435/11/2 2437/11/2
f 2438/11/2 2439/11/2 2440/11/2
f 2440/11/2 2439/11/2 2441/11/2
f 2442/1/2 2443/1/2 2444/1/2
f 2444/1/2 2443/1/2 2445/1/2
f 2446/11/2 2447/11/2 2448/11/2
f 2448/11/2 2447/11/2 2449/11/2
f 2450/1/2 2451/1/2 2452/1/2
f 2452/1/2 2451/1/2 2453/1/2
f 2454/1/2 2455/1/2 2456/1/2
f 2456/1/2 2455/1/2 2457/1/2
f 2458/11/2 2459/11/2 2460/11/2
f 2460/11/2 2459/11/2 2461/11/2
f 2462/11/2 2463/11/2 2464/11/2
f 2464/11/2 2463/11/2 2465/11/2
f 2466/1/2 2467/1/2 2468/1/2
f 2468/1/2 2467/1/2 2469/1/2
f 2470/11/2 2471/11/2 2472/11/2
f 2472/11/2 2471/11/2 2473/11/2
f 2474/1/2 2475/1/2 2476/1/2
f 2476/1/2 2475/1/2 2477/1/2
f 2478/1/2 2479/1/2 2480/1/2
f 2480/1/2 2479/1/2 2481/1/2
f 2482/11/2 2483/11/2 2484/11/2
f 2484/11/2 2483/11/2 2485/11/2
f 2486/1/2 2487/1/2 2488/1/2
f 2488/1/2 2487/1/2 2489/1/2
f 2490/1/2 2491/1/2 2492/1/2
f 2492/1/2 2491/1/2 2493/1/2
f 2494/11/2 2495/11/2 2496/11/2
f 2496/11/2 2495/11/2 2497/11/2
f 2498/11/2 2499/11/2 2500/11/2
f 2500/11/2 2499/11/2 2501/11/2
f 2502/1/2 2503/1/2 2504/1/2
f 2504/1/2 2503/1/2 2505/1/2
f 2506/1/2 2507/1/2 2508/1/2
f 2508/1/2 2507/1/2 2509/1/2
f 2510/11/2 2511/11/2 2512/11/2
f 2512/11/2 2511/11/2 2513/11/2
f 2514/1/2 2515/1/2 2516/1/2
f 2516/1/2 2515/1/2 2517/1/2
f 2518/11/2 2519/11/2 2520/11/2
f 2520/11/2 2519/11/2 2521/11/2
f 2522/1/2 2523/1/2 2524/1/2
f 2524/1/2 2523/1/2 2525/1/2
f 2526/1/2 2527/1/2 2528/1/2
f 2528/1/2 2527/1/2 2529/1/2
f 2530/1/2 2531/1/2 2532/1/2
f 2532/1/2 2531/1/2 2533/1/2
f 2534/11/2 2535/11/2 2536/11/2
f 2536/11/2 2535/11/2 2537/11/2
f 2538/11/2 2539/11/2 2540/11/2
f 2540/11/2 2539/11/2 2541/11/2
f 2542/1/2 2543/1/2 2544/1/2
f 2544/1/2 2543/1/2 2545/1/2
f 2546/1/2 2547/1/2 2548/1/2
f 2548/1/2 2547/1/2 2549/1/2
f 2550/11/2 2551/11/2 2552/11/2
f 2552/11/2 2551/11/2 2553/11/2
f 2554/11/2 2555/11/2 2556/11/2
f 2556/11/2 2555/11/2 2557/11/2
f 2558/1/2 2559/1/2 2560/1/2
f 2560/1/2 2559/1/2 2561/1/2
f 2562/3/2 2563/3/2 2564/3/2
f 2564/3/2 2563/3/2 2565/3/2
f 2566/11/2 2567/11/2 2568/11/2
f 2568/11/2 2567/11/2 2569/11/2
f 2570/11/2 2571/11/2 2572/11/2
f 2572/11/2 2571/11/2 2573/11/2
f 2574/1/2 2575/1/2 2576/1/2
f 2576/1/2 2575/1/2 2577/1/2
f 2578/11/2 2579/11/2 2580/11/2
f 2580/11/2 2579/11/2 2581/11/2
f 2582/11/2 2583/11/2 2584/11/2
f 2584/11/2 2583/11/2 2585/11/2
f 2586/1/2 2587/1/2 2588/1/2
f 2588/1/2 2587/1/2 2589/1/2
f 2590/1/2 2591/1/2 2592/1/2
f 2592/1/2 2591/1/2 2593/1/2
f 2594/1/2 2595/1/2 2596/1/2
f 2596/1/2 2595/1/2 2597/1/2
f 2598/11/2 2599/11/2 2600/11/2
f 2600/11/2 2599/11/2 2601/11/2
f 2602/11/2 2603/11/2 2604/11/2
f 2604/11/2 2603/11/2 2605/11/2
f 2606/1/2 2607/1/2 2608/1/2
f 2608/1/2 2607/1/2 2609/1/2
f 2610/11/2 2611/11/2 2612/11/2
f 2612/11/2 2611/11/2 2613/11/2
f 2614/1/2 2615/1/2 2616/1/2
f 2616/1/2 2615/1/2 2617/1/2
f 2618/11/2 2619/11/2 2620/11/2
f 2620/11/2 2619/11/2 2621/11/2
f 2622/1/2 2623/1/2 2624/1/2
f 2624/1/2 2623/1/2 2625/1/2
f 2626/1/2 2627/1/2 2628/1/2
f 2628/1/2 2627/1/2 2629/1/2
f 2630/1/2 2631/1/2 2632/1/2
f 2632/1/2 2631/1/2 2633/1/2
f 2634/11/2 2635/11/2 2636/11/2
f 2636/11/2 2635/11/2 2637/11/2
f 2638/11/2 2639/11/2 2640/11/2
f 2640/11/2 2639/11/2 2641/11/2
f 2642/11/2 2643/11/2 2644/11/2
f 2644/11/2 2643/11/2 2645/11/2
f 2646/11/2 2647/11/2 2648/11/2
f 2648/11/2 2647/11/2 2649/11/2
f 2650/1/2 2651/1/2 2652/1/2
f 2652/1/2 2651/1/2 2653/1/2
f 2654/11/2 2655/11/2 2656/11/2
f 2656/11/2 2655/11/2 2657/11/2
f 2658/1/2 2659/1/2 2660/1/2
f 2660/1/2 2659/1/2 2661/1/2
f 2662/1/2 2663/1/2 2664/1/2
f 2664/1/2 2663/1/2 2665/1/2
f 2666/11/2 2667/11/2 2668/11/2
f 2668/11/2 2667/11/2 2669/11/2
f 2670/11/2 2671/11/2 2672/11/2
f 2672/11/2 2671/11/2 2673/11/2
f 2674/11/2 2675/11/2 2676/11/2
f 2676/11/2 2675/11/2 2677/11/2
f 2678/11/2 2679/11/2 2680/11/2
f 2680/11/2 2679/11/2 2681/11/2
f 2682/1/2 2683/1/2 2684/1/2
f 2684/1/2 2683/1/2 2685/1/2
f 2686/11/2 2687/11/2 2688/11/2
f 2688/11/2 2687/11/2 2689/11/2
f 2690/1/2 2691/1/2 2692/1/2
f 2692/1/2 2691/1/2 2693/1/2
f 2694/1/2 2695/1/2 2696/1/2
f 2696/1/2 2695/1/2 2697/1/2
f 2698/1/2 2699/1/2 2700/1/2
f 2700/1/2 2699/1/2 2701/1/2
f 2702/11/2 2703/11/2 2704/11/2
f 2704/11/2 2703/11/2 2705/11/2
f 2706/11/2 2707/11/2 2708/11/2
f 2708/11/2 2707/11/2 2709/11/2
f 2710/11/2 2711/11/2 2712/11/2
f 2712/11/2 2711/11/2 2713/11/2
f 2714/11/2 2715/11/2 2716/11/2
f 2716/11/2 2715/11/2 2717/11/2
f 2718/1/2 2719/1/2 2720/1/2
f 2720/1/2 2719/1/2 2721/1/2
f 2722/1/2 2723/1/2 2724/1/2
f 2724/1/2 2723/1/2 2725/1/2
f 2726/11/2 2727/11/2 2728/11/2
f 2728/11/2 2727/11/2 2729/11/2
f 2730/1/2 2731/1/2 2732/1/2
f 2732/1/2 2731/1/2 2733/1/2
f 2734/1/2 2735/1/2 2736/1/2
f 2736/1/2 2735/1/2 2737/1/2
f 2738/11/2 2739/11/2 2740/11/2
f 2740/11/2 2739/11/2 2741/11/2
f 2742/11/2 2743/11/2 2744/11/2
f 2744/11/2 2743/11/2 2745/11/2
f 2746/11/2 2747/11/2 2748/11/2
f 2748/11/2 2747/11/2 2749/11/2
f 2750/11/2 2751/11/2 2752/11/2
f 2752/11/2 2751/11/2 2753/11/2
f 2754/11/2 2755/11/2 2756/11/2
f 2756/11/2 2755/11/2 2757/11/2
f 2758/11/2 2759/11/2 2760/11/2
f 2760/11/2 2759/11/2 2761/11/2
f 2762/11/2 2763/11/2 2764/11/2
f 2764/11/2 2763/11/2 2765/11/2
f 2766/11/2 2767/11/2 2768/11/2
f 2768/11/2 2767/11/2 2769/11/2
f 2770/11/2 2771/11/2 2772/11/2
f 2772/11/2 2771/11/2 2773/11/2
f 2774/11/2 2775/11/2 2776/11/2
f 2776/11/2 2775/11/2 2777/11/2
f 2778/11/2 2779/11/2 2780/11/2
f 2780/11/2 2779/11/2 2781/11/2
f 2782/11/2 2783/11/2 2784/11/2
f 2784/11/2 2783/11/2 2785/11/2
f 2786/11/2 2787/11/2 2788/11/2
f 2788/11/2 2787/11/2 2789/11/2
f 2790/11/2 2791/11/2 2792/11/2
f 2792/11/2 2791/11/2 2793/11/2
f 2794/11/2 2795/11/2 2796/11/2
f 2796/11/2 2795/11/2 2797/11/2
f 2798/1/2 2799/1/2 2800/1/2
f 2800/1/2 2799/1/2 2801/1/2
f 2802/11/2 2803/11/2 2804/11/2
f 2804/11/2 2803/11/2 2805/11/2
f 2806/11/2 2807/11/2 2808/11/2
f 2808/11/2 2807/11/2 2809/11/2
f 2810/11/2 2811/11/2 2812/11/2
f 2812/11/2 2811/11/2 2813/11/2
f 2814/11/2 2815/11/2 2816/11/2
f 2816/11/2 2815/11/2 2817/11/2
f 2818/11/2 2819/11/2 2820/11/2
f 2820/11/2 2819/11/2 2821/11/2
f 2822/11/2 2823/11/2 2824/11/2
f 2824/11/2 2823/11/2 2825/11/2
f 2826/11/2 2827/11/2 2828/11/2
f 2828/11/2 2827/11/2 2829/11/2
f 2830/11/2 2831/11/2 2832/11/2
f 2832/11/2 2831/11/2 2833/11/2
f 2834/11/2 2835/11/2 2836/11/2
f 2836/11/2 2835/11/2 2837/11/2
f 2838/11/2 2839/11/2 2840/11/2
f 2840/11/2 2839/11/2 2841/11/2
f 2842/11/2 2843/11/2 2844/11/2
f 2844/11/2 2843/11/2 2845/11/2
f 2846/11/2 2847/11/2 2848/11/2
f 2848/11/2 2847/11/2 2849/11/2
f 2850/11/2 2851/11/2 2852/11/2
f 2852/11/2 2851/11/2 2853/11/2
f 2854/11/2 2855/11/2 2856/11/2
f 2856/11/2 2855/11/2 2857/11/2
f 2858/11/2 2859/11/2 2860/11/2
f 2860/11/2 2859/11/2 2861/11/2
f 2862/11/2 2863/11/2 2864/11/2
f 2864/11/2 2863/11/2 2865/11/2
f 2866/11/2 2867/11/2 2868/11/2
f 2868/11/2 2867/11/2 2869/11/2
f 2870/11/2 2871/11/2 2872/11/2
f 2872/11/2 2871/11/2 2873/11/2
f 2874/11/2 2875/11/2 2876/11/2
f 2876/11/2 2875/11/2 2877/11/2
f 2878/1/2 2879/1/2 2880/1/2
f 2880/1/2 2879/1/2 2881/1/2
f 2882/11/2 2883/11/2 2884/11/2
f 2884/11/2 2883/11/2 2885/11/2
f 2886/1/2 2887/1/2 2888/1/2
f 2888/1/2 2887/1/2 2889/1/2
f 2890/11/2 2891/11/2 2892/11/2
f 2892/11/2 2891/11/2 2893/11/2
f 2894/11/2 2895/11/2 2896/11/2
f 2896/11/2 2895/11/2 2897/11/2
f 2898/11/2 2899/11/2 2900/11/2
f 2900/11/2 2899/11/2 2901/11/2
f 2902/11/2 2903/11/2 2904/11/2
f 2904/11/2 2903/11/2 2905/11/2
f 2906/11/2 2907/11/2 2908/11/2
f 2908/11/2 2907/11/2 2909/11/2
f 2910/11/2 2911/11/2 2912/11/2
f 2912/11/2 2911/11/2 2913/11/2
f 2914/11/2 2915/11/2 2916/11/2
f 2916/11/2 2915/11/2 2917/11/2
f 2918/1/2 2919/1/2 2920/1/2
f 2920/1/2 2919/1/2 2921/1/2
f 2922/1/2 2923/1/2 2924/1/2
f 2924/1/2 2923/1/2 2925/1/2
f 2926/11/2 2927/11/2 2928/11/2
f 2928/11/2 2927/11/2 2929/11/2
f 2930/4/2 2931/4/2 2932/4/2
f 2932/4/2 2931/4/2 2933/4/2
f 2934/1/2 2935/1/2 2936/1/2
f 2936/1/2 2935/1/2 2937/1/2
f 2938/1/2 2939/1/2 2940/1/2
f 2940/1/2 2939/1/2 2941/1/2
f 2942/11/2 2943/11/2 2944/11/2
f 2944/11/2 2943/11/2 2945/11/2
f 2946/1/2 2947/1/2 2949/1/2
f 2949/1/2 2947/1/2 2950/1/2
f 2950/1/2 2947/1/2 2951/1/2
f 2951/1/2 2947/1/2 2952/1/2
f 2952/1/2 2947/1/2 2953/1/2
f 2953/1/2 2947/1/2 2954/1/2
f 2954/1/2 2947/1/2 2955/1/2
f 2955/1/2 2947/1/2 2956/1/2
f 2954/1/2 2955/1/2 2957/1/2
f 2955/2/2 2956/2/2 2958/2/2
f 2957/1/2 2955/1/2 2958/1/2
f 2956/1/2 2947/1/2 2959/1/2
f 2958/2/2 2956/2/2 2959/2/2
f 2959/1/2 2947/1/2 2960/1/2
f 2960/1/2 2947/1/2 2961/1/2
f 2961/1/2 2947/1/2 2962/1/2
f 2962/1/2 2947/1/2 2963/1/2
f 2963/1/2 2947/1/2 2964/1/2
f 2964/1/2 2947/1/2 2965/1/2
f 2947/11/2 2948/11/2 2966/11/2
f 2965/1/2 2947/1/2 2966/1/2
f 2966/11/2 2948/11/2 2967/11/2
f 2967/11/2 2948/11/2 2968/11/2
f 2968/11/2 2948/11/2 2969/11/2
f 2969/11/2 2948/11/2 2970/11/2
f 2970/11/2 2948/11/2 2971/11/2
f 2971/11/2 2948/11/2 2972/11/2
f 2972/11/2 2948/11/2 2973/11/2
f 2973/11/2 2948/11/2 2974/11/2
f 2974/11/2 2948/11/2 2975/11/2
f 2975/11/2 2948/11/2 2976/11/2
f 2976/11/2 2948/11/2 2977/11/2
f 2977/11/2 2948/11/2 2978/11/2
f 2981/1/3 2980/1/3 2979/1/3
f 2982/1/3 2980/1/3 2981/1/3
f 2985/1/3 2984/1/3 2983/1/3
f 2986/1/3 2984/1/3 2985/1/3
f 2989/1/3 2988/1/3 2987/1/3
f 2990/1/3 2988/1/3 2989/1/3
f 2993/1/3 2992/1/3 2991/1/3
f 2994/1/3 2992/1/3 2993/1/3
f 2997/1/3 2996/1/3 2995/1/3
f 2998/1/3 2996/1/3 2997/1/3
f 3001/1/3 3000/1/3 2999/1/3
f 3002/1/3 3000/1/3 3001/1/3
f 3005/1/3 3004/1/3 3003/1/3
f 3006/1/3 3004/1/3 3005/1/3
f 3009/1/3 3008/1/3 3007/1/3
f 3010/1/3 3008/1/3 3009/1/3
f 3013/1/3 3012/1/3 3011/1/3
f 3014/1/3 3012/1/3 3013/1/3
f 3017/1/3 3016/1/3 3015/1/3
f 3018/1/3 3016/1/3 3017/1/3
f 3021/1/3 3020/1/3 3019/1/3
f 3022/1/3 3020/1/3 3021/1/3
f 3025/1/3 3024/1/3 3023/1/3
f 3026/1/3 3024/1/3 3025/1/3
f 3029/1/3 3028/1/3 3027/1/3
f 3030/1/3 3028/1/3 3029/1/3
f 3033/1/3 3032/1/3 3031/1/3
f 3034/1/3 3032/1/3 3033/1/3
f 3037/1/3 3036/1/3 3035/1/3
f 3038/1/3 3036/1/3 3037/1/3
f 3041/1/3 3040/1/3 3039/1/3
f 3042/1/3 3040/1/3 3041/1/3
f 3045/1/3 3044/1/3 3043/1/3
f 3046/1/3 3044/1/3 3045/1/3
f 3049/1/3 3048/1/3 3047/1/3
f 3050/1/3 3048/1/3 3049/1/3
f 3053/1/3 3052/1/3 3051/1/3
f 3054/1/3 3052/1/3 3053/1/3
f 3057/1/3 3056/1/3 3055/1/3
f 3058/1/3 3056/1/3 3057/1/3
f 3061/1/3 3060/1/3 3059/1/3
f 3062/1/3 3060/1/3 3061/1/3
f 3065/1/3 3064/1/3 3063/1/3
f 3066/1/3 3064/1/3 3065/1/3
f 3069/1/3 3068/1/3 3067/1/3
f 3070/1/3 3068/1/3 3069/1/3
f 3071/1/3 3068/1/3 3070/1/3
f 3072/1/3 3068/1/3 3071/1/3
f 3075/1/3 3074/1/3 3073/1/3
f 3076/1/3 3074/1/3 3075/1/3
f 3079/1/3 3078/1/3 3077/1/3
f 3080/1/3 3078/1/3 3079/1/3
f 3083/1/3 3082/1/3 3081/1/3
f 3084/1/3 3082/1/3 3083/1/3
f 3087/1/3 3086/1/3 3085/1/3
f 3088/1/3 3086/1/3 3087/1/3
f 3091/1/3 3090/1/3 3089/1/3
f 3092/1/3 3090/1/3 3091/1/3
f 3095/1/3 3094/1/3 3093/1/3
f 3096/1/3 3094/1/3 3095/1/3
f 3099/1/3 3098/1/3 3097/1/3
f 3100/1/3 3098/1/3 3099/1/3
f 3103/1/3 3102/1/3 3101/1/3
f 3104/1/3 3102/1/3 3103/1/3
f 3105/1/3 3102/1/3 3104/1/3
f 3106/1/3 3102/1/3 3105/1/3
f 3109/1/3 3108/1/3 3107/1/3
f 3110/1/3 3108/1/3 3109/1/3
f 3113/1/3 3112/1/3 3111/1/3
f 3114/1/3 3112/1/3 3113/1/3
f 3117/1/3 3116/1/3 3115/1/3
f 3118/1/3 3116/1/3 3117/1/3
f 3121/1/3 3120/1/3 3119/1/3
f 3122/1/3 3120/1/3 3121/1/3
f 3125/1/3 3124/1/3 3123/1/3
f 3126/1/3 3124/1/3 3125/1/3
f 3129/1/3 3128/1/3 3127/1/3
f 3130/1/3 3128/1/3 3129/1/3
f 3133/1/3 3132/1/3 3131/1/3
f 3134/1/3 3132/1/3 3133/1/3
f 3137/1/3 3136/1/3 3135/1/3
f 3138/1/3 3136/1/3 3137/1/3
f 3141/1/3 3140/1/3 3139/1/3
f 3142/1/3 3140/1/3 3141/1/3
f 3145/1/3 3144/1/3 3143/1/3
f 3146/1/3 3144/1/3 3145/1/3
f 3149/1/3 3148/1/3 3147/1/3
f 3150/1/3 3148/1/3 3149/1/3
f 3153/1/3 3152/1/3 3151/1/3
f 3154/1/3 3152/1/3 3153/1/3
f 3157/1/3 3156/1/3 3155/1/3
f 3158/1/3 3156/1/3 3157/1/3
f 3161/1/3 3160/1/3 3159/1/3
f 3162/1/3 3160/1/3 3161/1/3
f 3165/1/3 3164/1/3 3163/1/3
f 3166/1/3 3164/1/3 3165/1/3
f 3169/1/3 3168/1/3 3167/1/3
f 3170/1/3 3168/1/3 3169/1/3
f 3173/1/3 3172/1/3 3171/1/3
f 3174/1/3 3172/1/3 3173/1/3
f 3177/1/3 3176/1/3 3175/1/3
f 3178/1/3 3176/1/3 3177/1/3
f 3181/1/3 3180/1/3 3179/1/3
f 3182/1/3 3180/1/3 3181/1/3
f 3185/1/3 3184/1/3 3183/1/3
f 3186/1/3 3184/1/3 3185/1/3
f 3189/1/3 3188/1/3 3187/1/3
f 3190/1/3 3188/1/3 3189/1/3
f 3193/1/3 3192/1/3 3191/1/3
f 3194/1/3 3192/1/3 3193/1/3
f 3197/1/3 3196/1/3 3195/1/3
f 3198/1/3 3196/1/3 3197/1/3
f 3201/1/3 3200/1/3 3199/1/3
f 3202/1/3 3200/1/3 3201/1/3
f 3205/1/3 3204/1/3 3203/1/3
f 3206/1/3 3204/1/3 3205/1/3
f 3209/1/3 3208/1/3 3207/1/3
f 3210/1/3 3208/1/3 3209/1/3
f 3213/1/3 3212/1/3 3211/1/3
f 3214/1/3 3212/1/3 3213/1/3
f 3217/1/3 3216/1/3 3215/1/3
f 3218/1/3 3216/1/3 3217/1/3
f 3221/1/3 3220/1/3 3219/1/3
f 3222/1/3 3220/1/3 3221/1/3
f 3225/1/3 3224/1/3 3223/1/3
f 3226/1/3 3224/1/3 3225/1/3
f 3229/1/3 3228/1/3 3227/1/3
f 3230/1/3 3228/1/3 3229/1/3
f 3233/1/3 3232/1/3 3231/1/3
f 3234/1/3 3232/1/3 3233/1/3
f 3237/1/3 3236/1/3 3235/1/3
f 3238/1/3 3236/1/3 3237/1/3
f 3241/1/3 3240/1/3 3239/1/3
f 3242/1/3 3240/1/3 3241/1/3
f 3245/1/3 3244/1/3 3243/1/3
f 3246/1/3 3244/1/3 3245/1/3
f 3249/1/3 3248/1/3 3247/1/3
f 3250/1/3 3248/1/3 3249/1/3
f 3253/1/3 3252/1/3 3251/1/3
f 3254/1/3 3252/1/3 3253/1/3
f 3257/1/3 3256/1/3 3255/1/3
f 3258/1/3 3256/1/3 3257/1/3
f 3261/1/3 3260/1/3 3259/1/3
f 3262/1/3 3260/1/3 3261/1/3
f 3265/1/3 3264/1/3 3263/1/3
f 3266/1/3 3264/1/3 3265/1/3
f 3269/1/3 3268/1/3 3267/1/3
f 3270/1/3 3268/1/3 3269/1/3
f 3273/1/3 3272/1/3 3271/1/3
f 3274/1/3 3272/1/3 3273/1/3
f 3277/1/3 3276/1/3 3275/1/3
f 3278/1/3 3276/1/3 3277/1/3
f 3281/1/3 3280/1/3 3279/1/3
f 3282/1/3 3280/1/3 3281/1/3
f 3285/1/3 3284/1/3 3283/1/3
f 3286/1/3 3284/1/3 3285/1/3
f 3289/1/3 3288/1/3 3287/1/3
f 3290/1/3 3288/1/3 3289/1/3
f 3293/1/3 3292/1/3 3291/1/3
f 3294/1/3 3292/1/3 3293/1/3
f 3297/1/3 3296/1/3 3295/1/3
f 3298/1/3 3296/1/3 3297/1/3
f 3301/1/3 3300/1/3 3299/1/3
f 3302/1/3 3300/1/3 3301/1/3
f 3305/1/3 3304/1/3 3303/1/3
f 3306/1/3 3304/1/3 3305/1/3
f 3309/1/3 3308/1/3 3307/1/3
f 3310/1/3 3308/1/3 3309/1/3
f 3313/1/3 3312/1/3 3311/1/3
f 3314/1/3 3312/1/3 3313/1/3
f 3317/1/3 3316/1/3 3315/1/3
f 3318/1/3 3316/1/3 3317/1/3
f 3319/3/3 3318/3/3 3317/3/3
f 3320/3/3 3318/3/3 3319/3/3
f 3321/1/3 3320/1/3 3319/1/3
f 3322/1/3 3320/1/3 3321/1/3
f 3325/1/3 3324/1/3 3323/1/3
f 3326/1/3 3324/1/3 3325/1/3
f 3329/1/3 3328/1/3 3327/1/3
f 3330/1/3 3328/1/3 3329/1/3
f 3333/1/3 3332/1/3 3331/1/3
f 3334/1/3 3332/1/3 3333/1/3
f 3337/1/3 3336/1/3 3335/1/3
f 3338/1/3 3336/1/3 3337/1/3
f 3341/1/3 3340/1/3 3339/1/3
f 3342/1/3 3340/1/3 3341/1/3
f 3345/1/3 3344/1/3 3343/1/3
f 3346/1/3 3344/1/3 3345/1/3
f 3349/1/3 3348/1/3 3347/1/3
f 3350/1/3 3348/1/3 3349/1/3
f 3353/1/3 3352/1/3 3351/1/3
f 3354/1/3 3352/1/3 3353/1/3
f 3357/1/3 3356/1/3 3355/1/3
f 3358/1/3 3356/1/3 3357/1/3
f 3361/1/3 3360/1/3 3359/1/3
f 3362/1/3 3360/1/3 3361/1/3
f 3365/1/3 3364/1/3 3363/1/3
f 3366/1/3 3364/1/3 3365/1/3
f 3369/1/3 3368/1/3 3367/1/3
f 3370/1/3 3368/1/3 3369/1/3
f 3373/1/3 3372/1/3 3371/1/3
f 3374/1/3 3372/1/3 3373/1/3
f 3377/1/3 3376/1/3 3375/1/3
f 3378/1/3 3376/1/3 3377/1/3
f 3381/1/3 3380/1/3 3379/1/3
f 3382/1/3 3380/1/3 3381/1/3
f 3385/1/3 3384/1/3 3383/1/3
f 3386/1/3 3384/1/3 3385/1/3
f 3389/1/3 3388/1/3 3387/1/3
f 3390/1/3 3388/1/3 3389/1/3
f 3393/1/3 3392/1/3 3391/1/3
f 3394/1/3 3392/1/3 3393/1/3
f 3397/1/3 3396/1/3 3395/1/3
f 3398/1/3 3396/1/3 3397/1/3
f 3401/1/3 3400/1/3 3399/1/3
f 3402/1/3 3400/1/3 3401/1/3
f 3403/1/3 3400/1/3 3402/1/3
f 3404/3/3 3403/3/3 3402/3/3
f 3405/3/3 3403/3/3 3404/3/3
f 3408/1/3 3407/1/3 3406/1/3
f 3409/1/3 3407/1/3 3408/1/3
f 3412/1/3 3411/1/3 3410/1/3
f 3413/1/3 3411/1/3 3412/1/3
f 3416/1/3 3415/1/3 3414/1/3
f 3417/1/3 3415/1/3 3416/1/3
f 3420/1/3 3419/1/3 3418/1/3
f 3421/1/3 3419/1/3 3420/1/3
f 3424/1/3 3423/1/3 3422/1/3
f 3425/1/3 3423/1/3 3424/1/3
f 3428/1/3 3427/1/3 3426/1/3
f 3429/1/3 3427/1/3 3428/1/3
f 3432/1/3 3431/1/3 3430/1/3
f 3433/1/3 3431/1/3 3432/1/3
f 3434/1/3 3431/1/3 3433/1/3
f 3435/1/3 3431/1/3 3434/1/3
f 3438/1/3 3437/1/3 3436/1/3
f 3439/1/3 3437/1/3 3438/1/3
f 3442/1/3 3441/1/3 3440/1/3
f 3443/1/3 3441/1/3 3442/1/3
f 3446/1/3 3445/1/3 3444/1/3
f 3447/1/3 3445/1/3 3446/1/3
f 3450/1/3 3449/1/3 3448/1/3
f 3451/1/3 3449/1/3 3450/1/3
f 3454/1/3 3453/1/3 3452/1/3
f 3455/1/3 3453/1/3 3454/1/3
f 3458/1/3 3457/1/3 3456/1/3
f 3459/1/3 3457/1/3 3458/1/3
f 3462/1/3 3461/1/3 3460/1/3
f 3463/1/3 3461/1/3 3462/1/3
f 3466/1/3 3465/1/3 3464/1/3
f 3467/1/3 3465/1/3 3466/1/3
f 3470/1/3 3469/1/3 3468/1/3
f 3471/1/3 3469/1/3 3470/1/3
f 3474/1/3 3473/1/3 3472/1/3
f 3475/1/3 3473/1/3 3474/1/3
f 3478/1/3 3477/1/3 3476/1/3
f 3479/1/3 3477/1/3 3478/1/3
f 3482/1/3 3481/1/3 3480/1/3
f 3483/1/3 3481/1/3 3482/1/3
f 3484/1/3 3481/1/3 3483/1/3
f 3485/1/3 3481/1/3 3484/1/3
f 3488/1/3 3487/1/3 3486/1/3
f 3489/1/3 3487/1/3 3488/1/3
f 3492/1/3 3491/1/3 3490/1/3
f 3493/1/3 3491/1/3 3492/1/3
f 3496/1/3 3495/1/3 3494/1/3
f 3497/1/3 3495/1/3 3496/1/3
f 3500/1/3 3499/1/3 3498/1/3
f 3501/1/3 3499/1/3 3500/1/3
f 3504/1/3 3503/1/3 3502/1/3
f 3505/1/3 3503/1/3 3504/1/3
f 3508/1/3 3507/1/3 3506/1/3
f 3509/1/3 3507/1/3 3508/1/3
f 3512/1/3 3511/1/3 3510/1/3
f 3513/1/3 3511/1/3 3512/1/3
f 3516/1/3 3515/1/3 3514/1/3
f 3517/1/3 3515/1/3 3516/1/3
f 3520/1/3 3519/1/3 3518/1/3
f 3521/1/3 3519/1/3 3520/1/3
f 3524/1/3 3523/1/3 3522/1/3
f 3525/1/3 3523/1/3 3524/1/3
f 3528/1/3 3527/1/3 3526/1/3
f 3529/1/3 3527/1/3 3528/1/3
f 3532/1/3 3531/1/3 3530/1/3
f 3533/1/3 3531/1/3 3532/1/3
f 3534/4/3 3533/4/3 3532/4/3
f 3535/4/3 3533/4/3 3534/4/3
f 3538/1/3 3537/1/3 3536/1/3
f 3539/1/3 3537/1/3 3538/1/3
f 3542/1/3 3541/1/3 3540/1/3
f 3543/1/3 3541/1/3 3542/1/3
f 3546/1/3 3545/1/3 3544/1/3
f 3547/1/3 3545/1/3 3546/1/3
f 3550/1/3 3549/1/3 3548/1/3
f 3551/1/3 3549/1/3 3550/1/3
f 3554/1/3 3553/1/3 3552/1/3
f 3555/1/3 3553/1/3 3554/1/3
f 3558/1/3 3557/1/3 3556/1/3
f 3559/1/3 3557/1/3 3558/1/3
f 3560/2/3 3559/2/3 3558/2/3
f 3561/2/3 3559/2/3 3560/2/3
f 3562/1/3 3561/1/3 3560/1/3
f 3563/1/3 3561/1/3 3562/1/3
f 3566/1/3 3565/1/3 3564/1/3
f 3567/1/3 3565/1/3 3566/1/3
f 3570/1/3 3569/1/3 3568/1/3
f 3571/1/3 3569/1/3 3570/1/3
f 3574/1/3 3573/1/3 3572/1/3
f 3575/1/3 3573/1/3 3574/1/3
f 3578/1/3 3577/1/3 3576/1/3
f 3579/1/3 3577/1/3 3578/1/3
f 3582/1/3 3581/1/3 3580/1/3
f 3583/1/3 3581/1/3 3582/1/3
f 3586/1/3 3585/1/3 3584/1/3
f 3587/1/3 3585/1/3 3586/1/3
f 3590/1/3 3589/1/3 3588/1/3
f 3591/1/3 3589/1/3 3590/1/3
f 3594/1/3 3593/1/3 3592/1/3
f 3595/1/3 3593/1/3 3594/1/3
f 3598/1/3 3597/1/3 3596/1/3
f 3599/1/3 3597/1/3 3598/1/3
f 3602/1/3 3601/1/3 3600/1/3
f 3603/1/3 3601/1/3 3602/1/3
f 3606/1/3 3605/1/3 3604/1/3
f 3607/1/3 3605/1/3 3606/1/3
f 3610/1/3 3609/1/3 3608/1/3
f 3611/1/3 3609/1/3 3610/1/3
f 3614/1/3 3613/1/3 3612/1/3
f 3615/1/3 3613/1/3 3614/1/3
f 3618/1/3 3617/1/3 3616/1/3
f 3619/1/3 3617/1/3 3618/1/3
f 3622/1/3 3621/1/3 3620/1/3
f 3623/1/3 3621/1/3 3622/1/3
f 3626/1/3 3625/1/3 3624/1/3
f 3627/1/3 3625/1/3 3626/1/3
f 3630/1/3 3629/1/3 3628/1/3
f 3631/1/3 3629/1/3 3630/1/3
f 3634/1/3 3633/1/3 3632/1/3
f 3635/1/3 3633/1/3 3634/1/3
f 3638/1/3 3637/1/3 3636/1/3
f 3639/1/3 3637/1/3 3638/1/3
f 3642/1/3 3641/1/3 3640/1/3
f 3643/1/3 3641/1/3 3642/1/3
f 3646/1/3 3645/1/3 3644/1/3
f 3647/1/3 3645/1/3 3646/1/3
f 3650/1/3 3649/1/3 3648/1/3
f 3651/1/3 3649/1/3 3650/1/3
f 3654/1/3 3653/1/3 3652/1/3
f 3655/1/3 3653/1/3 3654/1/3
f 3658/1/3 3657/1/3 3656/1/3
f 3659/1/3 3657/1/3 3658/1/3
f 3662/1/3 3661/1/3 3660/1/3
f 3663/1/3 3661/1/3 3662/1/3
f 3666/1/3 3665/1/3 3664/1/3
f 3667/1/3 3665/1/3 3666/1/3
f 3670/1/3 3669/1/3 3668/1/3
f 3671/1/3 3669/1/3 3670/1/3
f 3674/1/3 3673/1/3 3672/1/3
f 3675/1/3 3673/1/3 3674/1/3
f 3678/1/3 3677/1/3 3676/1/3
f 3679/1/3 3677/1/3 3678/1/3
f 3682/1/3 3681/1/3 3680/1/3
f 3683/1/3 3681/1/3 3682/1/3
f 3686/1/3 3685/1/3 3684/1/3
f 3687/1/3 3685/1/3 3686/1/3
f 3690/1/3 3689/1/3 3688/1/3
f 3691/1/3 3689/1/3 3690/1/3
f 3694/1/3 3693/1/3 3692/1/3
f 3695/1/3 3693/1/3 3694/1/3
f 3698/1/3 3697/1/3 3696/1/3
f 3699/1/3 3697/1/3 3698/1/3
f 3702/1/3 3701/1/3 3700/1/3
f 3703/1/3 3701/1/3 3702/1/3
f 3706/1/3 3705/1/3 3704/1/3
f 3707/1/3 3705/1/3 3706/1/3
f 3710/1/3 3709/1/3 3708/1/3
f 3711/1/3 3709/1/3 3710/1/3
f 3714/1/3 3713/1/3 3712/1/3
f 3715/1/3 3713/1/3 3714/1/3
f 3718/1/3 3717/1/3 3716/1/3
f 3719/1/3 3717/1/3 3718/1/3
f 3722/1/3 3721/1/3 3720/1/3
f 3723/1/3 3721/1/3 3722/1/3
f 3726/1/3 3725/1/3 3724/1/3
f 3727/1/3 3725/1/3 3726/1/3
f 3730/1/3 3729/1/3 3728/1/3
f 3731/1/3 3729/1/3 3730/1/3
f 3734/1/3 3733/1/3 3732/1/3
f 3735/1/3 3733/1/3 3734/1/3
f 3738/1/3 3737/1/3 3736/1/3
f 3739/1/3 3737/1/3 3738/1/3
f 3742/1/3 3741/1/3 3740/1/3
f 3743/1/3 3741/1/3 3742/1/3
f 3746/1/3 3745/1/3 3744/1/3
f 3747/1/3 3745/1/3 3746/1/3
f 3750/1/3 3749/1/3 3748/1/3
f 3751/1/3 3749/1/3 3750/1/3
f 3754/1/3 3753/1/3 3752/1/3
f 3755/1/3 3753/1/3 3754/1/3
f 3758/1/3 3757/1/3 3756/1/3
f 3759/1/3 3757/1/3 3758/1/3
f 3762/1/3 3761/1/3 3760/1/3
f 3763/1/3 3761/1/3 3762/1/3
f 3766/1/3 3765/1/3 3764/1/3
f 3767/1/3 3765/1/3 3766/1/3
f 3770/1/3 3769/1/3 3768/1/3
f 3771/1/3 3769/1/3 3770/1/3
f 3774/1/3 3773/1/3 3772/1/3
f 3775/1/3 3773/1/3 3774/1/3
f 3776/1/3 3773/1/3 3775/1/3
f 3779/1/3 3778/1/3 3777/1/3
f 3780/1/3 3778/1/3 3779/1/3
f 3783/1/3 3782/1/3 3781/1/3
f 3784/1/3 3782/1/3 3783/1/3
f 3787/1/3 3786/1/3 3785/1/3
f 3788/1/3 3786/1/3 3787/1/3
f 3791/1/3 3790/1/3 3789/1/3
f 3792/1/3 3790/1/3 3791/1/3
f 3795/1/3 3794/1/3 3793/1/3
f 3796/1/3 3794/1/3 3795/1/3
f 3799/1/3 3798/1/3 3797/1/3
f 3800/1/3 3798/1/3 3799/1/3
f 3803/1/3 3802/1/3 3801/1/3
f 3804/1/3 3802/1/3 3803/1/3
f 3805/1/3 3802/1/3 3804/1/3
f 3806/1/3 3802/1/3 3805/1/3
f 3809/1/3 3808/1/3 3807/1/3
f 3810/1/3 3808/1/3 3809/1/3
f 3813/1/3 3812/1/3 3811/1/3
f 3814/1/3 3812/1/3 3813/1/3
f 3815/3/3 3814/3/3 3813/3/3
f 3816/3/3 3814/3/3 3815/3/3
f 3819/1/3 3818/1/3 3817/1/3
f 3820/1/3 3818/1/3 3819/1/3
f 3823/1/3 3822/1/3 3821/1/3
f 3824/1/3 3822/1/3 3823/1/3
f 3827/1/3 3826/1/3 3825/1/3
f 3828/1/3 3826/1/3 3827/1/3
f 3831/1/3 3830/1/3 3829/1/3
f 3832/1/3 3830/1/3 3831/1/3
f 3835/1/3 3834/1/3 3833/1/3
f 3836/1/3 3834/1/3 3835/1/3
f 3839/1/3 3838/1/3 3837/1/3
f 3840/1/3 3838/1/3 3839/1/3
f 3843/1/3 3842/1/3 3841/1/3
f 3844/1/3 3842/1/3 3843/1/3
f 3847/1/3 3846/1/3 3845/1/3
f 3848/1/3 3846/1/3 3847/1/3
f 3851/1/3 3850/1/3 3849/1/3
f 3852/1/3 3850/1/3 3851/1/3
f 3855/1/3 3854/1/3 3853/1/3
f 3856/1/3 3854/1/3 3855/1/3
f 3859/1/3 3858/1/3 3857/1/3
f 3860/1/3 3858/1/3 3859/1/3
f 3863/1/3 3862/1/3 3861/1/3
f 3864/1/3 3862/1/3 3863/1/3
f 3867/1/3 3866/1/3 3865/1/3
f 3868/1/3 3866/1/3 3867/1/3
f 3869/1/3 3866/1/3 3868/1/3
f 3870/1/3 3866/1/3 3869/1/3
f 3873/1/3 3872/1/3 3871/1/3
f 3874/1/3 3872/1/3 3873/1/3
f 3877/1/3 3876/1/3 3875/1/3
f 3878/1/3 3876/1/3 3877/1/3
f 3881/1/3 3880/1/3 3879/1/3
f 3882/1/3 3880/1/3 3881/1/3
f 3885/1/3 3884/1/3 3883/1/3
f 3886/1/3 3884/1/3 3885/1/3
f 3889/1/3 3888/1/3 3887/1/3
f 3890/1/3 3888/1/3 3889/1/3
f 3893/1/3 3892/1/3 3891/1/3
f 3894/1/3 3892/1/3 3893/1/3
f 3897/1/3 3896/1/3 3895/1/3
f 3898/1/3 3896/1/3 3897/1/3
f 3901/1/3 3900/1/3 3899/1/3
f 3902/1/3 3900/1/3 3901/1/3
f 3905/1/3 3904/1/3 3903/1/3
f 3906/1/3 3904/1/3 3905/1/3
f 3909/1/3 3908/1/3 3907/1/3
f 3910/1/3 3908/1/3 3909/1/3
f 3913/1/3 3912/1/3 3911/1/3
f 3914/1/3 3912/1/3 3913/1/3
f 3917/1/3 3916/1/3 3915/1/3
f 3918/1/3 3916/1/3 3917/1/3
f 3921/1/3 3920/1/3 3919/1/3
f 3922/1/3 3920/1/3 3921/1/3
f 3925/1/3 3924/1/3 3923/1/3
f 3926/1/3 3924/1/3 3925/1/3
f 3929/1/3 3928/1/3 3927/1/3
f 3930/1/3 3928/1/3 3929/1/3
f 3933/1/3 3932/1/3 3931/1/3
f 3934/1/3 3932/1/3 3933/1/3
f 3937/1/3 3936/1/3 3935/1/3
f 3938/1/3 3936/1/3 3937/1/3
f 3941/1/3 3940/1/3 3939/1/3
f 3942/1/3 3940/1/3 3941/1/3
f 3945/1/3 3944/1/3 3943/1/3
f 3946/1/3 3944/1/3 3945/1/3
f 3947/1/3 3944/1/3 3946/1/3
f 3948/1/3 3944/1/3 3947/1/3
f 3951/1/3 3950/1/3 3949/1/3
f 3952/1/3 3950/1/3 3951/1/3
f 3955/1/3 3954/1/3 3953/1/3
f 3956/1/3 3954/1/3 3955/1/3
f 3959/1/3 3958/1/3 3957/1/3
f 3960/1/3 3958/1/3 3959/1/3
f 3963/1/3 3962/1/3 3961/1/3
f 3964/1/3 3962/1/3 3963/1/3
f 3967/1/3 3966/1/3 3965/1/3
f 3968/1/3 3966/1/3 3967/1/3
f 3969/1/3 3966/1/3 3968/1/3
f 3972/1/3 3971/1/3 3970/1/3
f 3973/1/3 3971/1/3 3972/1/3
f 3976/1/3 3975/1/3 3974/1/3
f 3977/1/3 3975/1/3 3976/1/3
f 3980/1/3 3979/1/3 3978/1/3
f 3981/1/3 3979/1/3 3980/1/3
f 3984/1/3 3983/1/3 3982/1/3
f 3985/1/3 3983/1/3 3984/1/3
f 3988/1/3 3987/1/3 3986/1/3
f 3989/1/3 3987/1/3 3988/1/3
f 3992/1/3 3991/1/3 3990/1/3
f 3993/1/3 3991/1/3 3992/1/3
f 3996/1/3 3995/1/3 3994/1/3
f 3997/1/3 3995/1/3 3996/1/3
f 3998/2/3 3997/2/3 3996/2/3
f 3999/2/3 3997/2/3 3998/2/3
f 4000/1/3 3999/1/3 3998/1/3
f 4001/1/3 3999/1/3 4000/1/3
f 4004/1/3 4003/1/3 4002/1/3
f 4005/1/3 4003/1/3 4004/1/3
f 4008/1/3 4007/1/3 4006/1/3
f 4009/1/3 4007/1/3 4008/1/3
f 4012/1/3 4011/1/3 4010/1/3
f 4013/1/3 4011/1/3 4012/1/3
f 4016/1/3 4015/1/3 4014/1/3
f 4017/1/3 4015/1/3 4016/1/3
f 4020/1/3 4019/1/3 4018/1/3
f 4021/1/3 4019/1/3 4020/1/3
f 4024/1/3 4023/1/3 4022/1/3
f 4025/1/3 4023/1/3 4024/1/3
f 4028/1/3 4027/1/3 4026/1/3
f 4029/1/3 4027/1/3 4028/1/3
f 4032/1/3 4031/1/3 4030/1/3
f 4033/1/3 4031/1/3 4032/1/3
f 4036/1/3 4035/1/3 4034/1/3
f 4037/1/3 4035/1/3 4036/1/3
f 4040/1/3 4039/1/3 4038/1/3
f 4041/1/3 4039/1/3 4040/1/3
f 4044/1/3 4043/1/3 4042/1/3
f 4045/1/3 4043/1/3 4044/1/3
f 4048/1/3 4047/1/3 4046/1/3
f 4049/1/3 4047/1/3 4048/1/3
f 4052/1/3 4051/1/3 4050/1/3
f 4053/1/3 4051/1/3 4052/1/3
f 4056/1/3 4055/1/3 4054/1/3
f 4057/1/3 4055/1/3 4056/1/3
f 4060/1/3 4059/1/3 4058/1/3
f 4061/1/3 4059/1/3 4060/1/3
f 4064/1/3 4063/1/3 4062/1/3
f 4065/1/3 4063/1/3 4064/1/3
f 4068/1/3 4067/1/3 4066/1/3
f 4069/1/3 4067/1/3 4068/1/3
f 4072/1/3 4071/1/3 4070/1/3
f 4073/1/3 4071/1/3 4072/1/3
f 4076/1/3 4075/1/3 4074/1/3
f 4077/1/3 4075/1/3 4076/1/3
f 4080/1/3 4079/1/3 4078/1/3
f 4081/1/3 4079/1/3 4080/1/3
f 4084/1/3 4083/1/3 4082/1/3
f 4085/1/3 4083/1/3 4084/1/3
f 4088/1/3 4087/1/3 4086/1/3
f 4089/1/3 4087/1/3 4088/1/3
f 4092/1/3 4091/1/3 4090/1/3
f 4093/1/3 4091/1/3 4092/1/3
f 4096/1/3 4095/1/3 4094/1/3
f 4097/1/3 4095/1/3 4096/1/3
f 4100/1/3 4099/1/3 4098/1/3
f 4101/1/3 4099/1/3 4100/1/3
f 4104/1/3 4103/1/3 4102/1/3
f 4105/1/3 4103/1/3 4104/1/3
f 4108/1/3 4107/1/3 4106/1/3
f 4109/1/3 4107/1/3 4108/1/3
f 4110/4/3 4109/4/3 4108/4/3
f 4111/4/3 4109/4/3 4110/4/3
f 4114/1/3 4113/1/3 4112/1/3
f 4115/1/3 4113/1/3 4114/1/3
f 4118/1/3 4117/1/3 4116/1/3
f 4119/1/3 4117/1/3 4118/1/3
f 4122/1/3 4121/1/3 4120/1/3
f 4123/1/3 4121/1/3 4122/1/3
f 4126/1/3 4125/1/3 4124/1/3
f 4127/1/3 4125/1/3 4126/1/3
f 4130/1/3 4129/1/3 4128/1/3
f 4131/1/3 4129/1/3 4130/1/3
f 4134/1/3 4133/1/3 4132/1/3
f 4135/1/3 4133/1/3 4134/1/3
f 4138/1/3 4137/1/3 4136/1/3
f 4139/1/3 4137/1/3 4138/1/3
f 4142/1/3 4141/1/3 4140/1/3
f 4143/1/3 4141/1/3 4142/1/3
f 4146/1/3 4145/1/3 4144/1/3
f 4147/1/3 4145/1/3 4146/1/3
f 4150/1/3 4149/1/3 4148/1/3
f 4151/1/3 4149/1/3 4150/1/3
f 4152/1/3 4149/1/3 4151/1/3
f 4155/1/3 4154/1/3 4153/1/3
f 4156/1/3 4154/1/3 4155/1/3
f 4159/1/3 4158/1/3 4157/1/3
f 4160/1/3 4158/1/3 4159/1/3
f 4163/1/3 4162/1/3 4161/1/3
f 4164/1/3 4162/1/3 4163/1/3
f 4167/1/3 4166/1/3 4165/1/3
f 4168/1/3 4166/1/3 4167/1/3
f 4171/1/3 4170/1/3 4169/1/3
f 4172/1/3 4170/1/3 4171/1/3
f 4175/1/3 4174/1/3 4173/1/3
f 4176/1/3 4174/1/3 4175/1/3
f 4179/1/3 4178/1/3 4177/1/3
f 4180/1/3 4178/1/3 4179/1/3
f 4183/1/3 4182/1/3 4181/1/3
f 4184/1/3 4182/1/3 4183/1/3
f 4187/1/3 4186/1/3 4185/1/3
f 4188/1/3 4186/1/3 4187/1/3
f 4191/1/3 4190/1/3 4189/1/3
f 4192/1/3 4190/1/3 4191/1/3
f 4195/1/3 4194/1/3 4193/1/3
f 4196/1/3 4194/1/3 4195/1/3
f 4199/1/3 4198/1/3 4197/1/3
f 4200/1/3 4198/1/3 4199/1/3
f 4203/1/3 4202/1/3 4201/1/3
f 4204/1/3 4202/1/3 4203/1/3
f 4207/1/3 4206/1/3 4205/1/3
f 4208/1/3 4206/1/3 4207/1/3
f 4211/1/3 4210/1/3 4209/1/3
f 4212/1/3 4210/1/3 4211/1/3
f 4215/1/3 4214/1/3 4213/1/3
f 4216/1/3 4214/1/3 4215/1/3
f 4219/1/3 4218/1/3 4217/1/3
f 4220/1/3 4218/1/3 4219/1/3
f 4223/1/3 4222/1/3 4221/1/3
f 4224/1/3 4222/1/3 4223/1/3
f 4227/1/3 4226/1/3 4225/1/3
f 4228/1/3 4226/1/3 4227/1/3
f 4231/1/3 4230/1/3 4229/1/3
f 4232/1/3 4230/1/3 4231/1/3
f 4235/1/3 4234/1/3 4233/1/3
f 4236/1/3 4234/1/3 4235/1/3
f 4239/1/3 4238/1/3 4237/1/3
f 4240/1/3 4238/1/3 4239/1/3
f 4243/1/3 4242/1/3 4241/1/3
f 4244/1/3 4242/1/3 4243/1/3
f 4247/1/3 4246/1/3 4245/1/3
f 4248/1/3 4246/1/3 4247/1/3
f 4251/1/3 4250/1/3 4249/1/3
f 4252/1/3 4250/1/3 4251/1/3
f 4255/1/3 4254/1/3 4253/1/3
f 4256/1/3 4254/1/3 4255/1/3
f 4259/1/3 4258/1/3 4257/1/3
f 4260/1/3 4258/1/3 4259/1/3
f 4263/1/3 4262/1/3 4261/1/3
f 4264/1/3 4262/1/3 4263/1/3
f 4267/1/3 4266/1/3 4265/1/3
f 4268/1/3 4266/1/3 4267/1/3
f 4271/1/3 4270/1/3 4269/1/3
f 4272/1/3 4270/1/3 4271/1/3
f 4275/1/3 4274/1/3 4273/1/3
f 4276/1/3 4274/1/3 4275/1/3
f 4279/1/3 4278/1/3 4277/1/3
f 4280/1/3 4278/1/3 4279/1/3
f 4283/1/3 4282/1/3 4281/1/3
f 4284/1/3 4282/1/3 4283/1/3
f 4287/1/3 4286/1/3 4285/1/3
f 4288/1/3 4286/1/3 4287/1/3
f 4291/1/3 4290/1/3 4289/1/3
f 4292/1/3 4290/1/3 4291/1/3
f 4295/1/3 4294/1/3 4293/1/3
f 4296/1/3 4294/1/3 4295/1/3
f 4297/3/3 4296/3/3 4295/3/3
f 4298/3/3 4296/3/3 4297/3/3
f 4301/1/3 4300/1/3 4299/1/3
f 4302/1/3 4300/1/3 4301/1/3
f 4305/1/3 4304/1/3 4303/1/3
f 4306/1/3 4304/1/3 4305/1/3
f 4309/1/3 4308/1/3 4307/1/3
f 4310/1/3 4308/1/3 4309/1/3
f 4313/1/3 4312/1/3 4311/1/3
f 4314/1/3 4312/1/3 4313/1/3
f 4317/1/3 4316/1/3 4315/1/3
f 4318/1/3 4316/1/3 4317/1/3
f 4321/1/3 4320/1/3 4319/1/3
f 4322/1/3 4320/1/3 4321/1/3
f 4325/1/3 4324/1/3 4323/1/3
f 4326/1/3 4324/1/3 4325/1/3
f 4329/1/3 4328/1/3 4327/1/3
f 4330/1/3 4328/1/3 4329/1/3
f 4331/4/3 4330/4/3 4329/4/3
f 4332/4/3 4330/4/3 4331/4/3
f 4333/1/3 4332/1/3 4331/1/3
f 4334/1/3 4332/1/3 4333/1/3
f 4337/1/3 4336/1/3 4335/1/3
f 4338/1/3 4336/1/3 4337/1/3
f 4341/1/3 4340/1/3 4339/1/3
f 4342/1/3 4340/1/3 4341/1/3
f 4345/1/3 4344/1/3 4343/1/3
f 4346/1/3 4344/1/3 4345/1/3
f 4347/1/3 4344/1/3 4346/1/3
f 4348/1/3 4344/1/3 4347/1/3
f 4351/1/3 4350/1/3 4349/1/3
f 4352/1/3 4350/1/3 4351/1/3
f 4355/1/3 4354/1/3 4353/1/3
f 4356/1/3 4354/1/3 4355/1/3
f 4359/1/3 4358/1/3 4357/1/3
f 4360/1/3 4358/1/3 4359/1/3
f 4363/1/3 4362/1/3 4361/1/3
f 4364/1/3 4362/1/3 4363/1/3
f 4367/1/3 4366/1/3 4365/1/3
f 4368/1/3 4366/1/3 4367/1/3
f 4371/1/3 4370/1/3 4369/1/3
f 4372/1/3 4370/1/3 4371/1/3
f 4375/1/3 4374/1/3 4373/1/3
f 4376/1/3 4374/1/3 4375/1/3
f 4379/1/3 4378/1/3 4377/1/3
f 4380/1/3 4378/1/3 4379/1/3
f 4383/1/3 4382/1/3 4381/1/3
f 4384/1/3 4382/1/3 4383/1/3
f 4387/1/3 4386/1/3 4385/1/3
f 4388/1/3 4386/1/3 4387/1/3
f 4391/1/3 4390/1/3 4389/1/3
f 4392/1/3 4390/1/3 4391/1/3
f 4395/1/3 4394/1/3 4393/1/3
f 4396/1/3 4394/1/3 4395/1/3
f 4397/1/3 4394/1/3 4396/1/3
f 4400/1/3 4399/1/3 4398/1/3
f 4401/1/3 4399/1/3 4400/1/3
f 4404/1/3 4403/1/3 4402/1/3
f 4405/1/3 4403/1/3 4404/1/3
f 4408/1/3 4407/1/3 4406/1/3
f 4409/1/3 4407/1/3 4408/1/3
f 4412/1/3 4411/1/3 4410/1/3
f 4413/1/3 4411/1/3 4412/1/3
f 4416/1/3 4415/1/3 4414/1/3
f 4417/1/3 4415/1/3 4416/1/3
f 4420/11/3 4419/11/3 4418/11/3
f 4421/11/3 4419/11/3 4420/11/3
f 4424/1/3 4423/1/3 4422/1/3
f 4425/1/3 4423/1/3 4424/1/3
f 4428/1/3 4427/1/3 4426/1/3
f 4429/1/3 4427/1/3 4428/1/3
f 4432/1/3 4431/1/3 4430/1/3
f 4433/1/3 4431/1/3 4432/1/3
f 4436/1/3 4435/1/3 4434/1/3
f 4437/1/3 4435/1/3 4436/1/3
f 4440/1/3 4439/1/3 4438/1/3
f 4441/1/3 4439/1/3 4440/1/3
f 4442/3/3 4441/3/3 4440/3/3
f 4443/3/3 4441/3/3 4442/3/3
f 4446/11/3 4445/11/3 4444/11/3
f 4447/11/3 4445/11/3 4446/11/3
f 4450/1/3 4449/1/3 4448/1/3
f 4451/1/3 4449/1/3 4450/1/3
f 4452/2/3 4451/2/3 4450/2/3
f 4453/2/3 4451/2/3 4452/2/3
f 4456/1/3 4455/1/3 4454/1/3
f 4457/1/3 4455/1/3 4456/1/3
f 4460/1/3 4459/1/3 4458/1/3
f 4461/1/3 4459/1/3 4460/1/3
f 4464/11/3 4463/11/3 4462/11/3
f 4465/11/3 4463/11/3 4464/11/3
f 4468/1/3 4467/1/3 4466/1/3
f 4469/1/3 4467/1/3 4468/1/3
f 4472/1/3 4471/1/3 4470/1/3
f 4473/1/3 4471/1/3 4472/1/3
f 4476/1/3 4475/1/3 4474/1/3
f 4477/1/3 4475/1/3 4476/1/3
f 4480/1/3 4479/1/3 4478/1/3
f 4481/1/3 4479/1/3 4480/1/3
f 4484/11/3 4483/11/3 4482/11/3
f 4485/11/3 4483/11/3 4484/11/3
f 4488/1/3 4487/1/3 4486/1/3
f 4489/1/3 4487/1/3 4488/1/3
f 4492/1/3 4491/1/3 4490/1/3
f 4493/1/3 4491/1/3 4492/1/3
f 4496/1/3 4495/1/3 4494/1/3
f 4497/1/3 4495/1/3 4496/1/3
f 4500/1/3 4499/1/3 4498/1/3
f 4501/1/3 4499/1/3 4500/1/3
f 4504/11/3 4503/11/3 4502/11/3
f 4505/11/3 4503/11/3 4504/11/3
f 4508/1/3 4507/1/3 4506/1/3
f 4509/1/3 4507/1/3 4508/1/3
f 4512/1/3 4511/1/3 4510/1/3
f 4513/1/3 4511/1/3 4512/1/3
f 4516/1/3 4515/1/3 4514/1/3
f 4517/1/3 4515/1/3 4516/1/3
f 4520/1/3 4519/1/3 4518/1/3
f 4521/1/3 4519/1/3 4520/1/3
f 4522/1/3 4519/1/3 4521/1/3
f 4525/11/3 4524/11/3 4523/11/3
f 4526/11/3 4524/11/3 4525/11/3
f 4529/1/3 4528/1/3 4527/1/3
f 4530/1/3 4528/1/3 4529/1/3
f 4533/1/3 4532/1/3 4531/1/3
f 4534/1/3 4532/1/3 4533/1/3
f 4537/1/3 4536/1/3 4535/1/3
f 4538/1/3 4536/1/3 4537/1/3
f 4541/1/3 4540/1/3 4539/1/3
f 4542/1/3 4540/1/3 4541/1/3
f 4545/11/3 4544/11/3 4543/11/3
f 4546/11/3 4544/11/3 4545/11/3
f 4549/1/3 4548/1/3 4547/1/3
f 4550/1/3 4548/1/3 4549/1/3
f 4553/1/3 4552/1/3 4551/1/3
f 4554/1/3 4552/1/3 4553/1/3
f 4557/1/3 4556/1/3 4555/1/3
f 4558/1/3 4556/1/3 4557/1/3
f 4561/1/3 4560/1/3 4559/1/3
f 4562/1/3 4560/1/3 4561/1/3
f 4565/11/3 4564/11/3 4563/11/3
f 4566/11/3 4564/11/3 4565/11/3
f 4569/1/3 4568/1/3 4567/1/3
f 4570/1/3 4568/1/3 4569/1/3
f 4573/1/3 4572/1/3 4571/1/3
f 4574/1/3 4572/1/3 4573/1/3
f 4577/1/3 4576/1/3 4575/1/3
f 4578/1/3 4576/1/3 4577/1/3
f 4581/1/3 4580/1/3 4579/1/3
f 4582/1/3 4580/1/3 4581/1/3
f 4585/1/3 4584/1/3 4583/1/3
f 4586/1/3 4584/1/3 4585/1/3
f 4589/1/3 4588/1/3 4587/1/3
f 4590/1/3 4588/1/3 4589/1/3
f 4591/2/3 4590/2/3 4589/2/3
f 4592/2/3 4590/2/3 4591/2/3
f 4593/1/3 4592/1/3 4591/1/3
f 4594/1/3 4592/1/3 4593/1/3
f 4597/1/3 4596/1/3 4595/1/3
f 4598/1/3 4596/1/3 4597/1/3
f 4601/11/3 4600/11/3 4599/11/3
f 4602/11/3 4600/11/3 4601/11/3
f 4603/11/3 4600/11/3 4602/11/3
f 4604/11/3 4600/11/3 4603/11/3
f 4607/11/3 4606/11/3 4605/11/3
f 4608/11/3 4606/11/3 4607/11/3
f 4611/1/3 4610/1/3 4609/1/3
f 4612/1/3 4610/1/3 4611/1/3
f 4615/1/3 4614/1/3 4613/1/3
f 4616/1/3 4614/1/3 4615/1/3
f 4619/11/3 4618/11/3 4617/11/3
f 4620/11/3 4618/11/3 4619/11/3
f 4623/11/3 4622/11/3 4621/11/3
f 4624/11/3 4622/11/3 4623/11/3
f 4627/1/3 4626/1/3 4625/1/3
f 4628/1/3 4626/1/3 4627/1/3
f 4631/1/3 4630/1/3 4629/1/3
f 4632/1/3 4630/1/3 4631/1/3
f 4635/11/3 4634/11/3 4633/11/3
f 4636/11/3 4634/11/3 4635/11/3
f 4639/11/3 4638/11/3 4637/11/3
f 4640/11/3 4638/11/3 4639/11/3
f 4643/1/3 4642/1/3 4641/1/3
f 4644/1/3 4642/1/3 4643/1/3
f 4647/1/3 4646/1/3 4645/1/3
f 4648/1/3 4646/1/3 4647/1/3
f 4651/11/3 4650/11/3 4649/11/3
f 4652/11/3 4650/11/3 4651/11/3
f 4655/11/3 4654/11/3 4653/11/3
f 4656/11/3 4654/11/3 4655/11/3
f 4659/11/3 4658/11/3 4657/11/3
f 4660/11/3 4658/11/3 4659/11/3
f 4663/11/3 4662/11/3 4661/11/3
f 4664/11/3 4662/11/3 4663/11/3
f 4667/1/3 4666/1/3 4665/1/3
f 4668/1/3 4666/1/3 4667/1/3
f 4671/1/3 4670/1/3 4669/1/3
f 4672/1/3 4670/1/3 4671/1/3
f 4675/11/3 4674/11/3 4673/11/3
f 4676/11/3 4674/11/3 4675/11/3
f 4679/11/3 4678/11/3 4677/11/3
f 4680/11/3 4678/11/3 4679/11/3
f 4683/11/3 4682/11/3 4681/11/3
f 4684/11/3 4682/11/3 4683/11/3
f 4685/8/3 4684/8/3 4683/8/3
f 4686/8/3 4684/8/3 4685/8/3
f 4689/11/3 4688/11/3 4687/11/3
f 4690/11/3 4688/11/3 4689/11/3
f 4693/1/3 4692/1/3 4691/1/3
f 4694/1/3 4692/1/3 4693/1/3
f 4697/1/3 4696/1/3 4695/1/3
f 4698/1/3 4696/1/3 4697/1/3
f 4701/11/3 4700/11/3 4699/11/3
f 4702/11/3 4700/11/3 4701/11/3
f 4705/11/3 4704/11/3 4703/11/3
f 4706/11/3 4704/11/3 4705/11/3
f 4709/11/3 4708/11/3 4707/11/3
f 4710/11/3 4708/11/3 4709/11/3
f 4713/1/3 4712/1/3 4711/1/3
f 4714/1/3 4712/1/3 4713/1/3
f 4717/1/3 4716/1/3 4715/1/3
f 4718/1/3 4716/1/3 4717/1/3
f 4721/11/3 4720/11/3 4719/11/3
f 4722/11/3 4720/11/3 4721/11/3
f 4725/11/3 4724/11/3 4723/11/3
f 4726/11/3 4724/11/3 4725/11/3
f 4729/3/3 4728/3/3 4727/3/3
f 4730/3/3 4728/3/3 4729/3/3
f 4733/1/3 4732/1/3 4731/1/3
f 4734/1/3 4732/1/3 4733/1/3
f 4737/1/3 4736/1/3 4735/1/3
f 4738/1/3 4736/1/3 4737/1/3
f 4741/11/3 4740/11/3 4739/11/3
f 4742/11/3 4740/11/3 4741/11/3
f 4745/11/3 4744/11/3 4743/11/3
f 4746/11/3 4744/11/3 4745/11/3
f 4749/11/3 4748/11/3 4747/11/3
f 4750/11/3 4748/11/3 4749/11/3
f 4753/1/3 4752/1/3 4751/1/3
f 4754/1/3 4752/1/3 4753/1/3
f 4757/1/3 4756/1/3 4755/1/3
f 4758/1/3 4756/1/3 4757/1/3
f 4761/11/3 4760/11/3 4759/11/3
f 4762/11/3 4760/11/3 4761/11/3
f 4765/11/3 4764/11/3 4763/11/3
f 4766/11/3 4764/11/3 4765/11/3
f 4769/11/3 4768/11/3 4767/11/3
f 4770/11/3 4768/11/3 4769/11/3
f 4773/1/3 4772/1/3 4771/1/3
f 4774/1/3 4772/1/3 4773/1/3
f 4777/1/3 4776/1/3 4775/1/3
f 4778/1/3 4776/1/3 4777/1/3
f 4781/11/3 4780/11/3 4779/11/3
f 4782/11/3 4780/11/3 4781/11/3
f 4785/11/3 4784/11/3 4783/11/3
f 4786/11/3 4784/11/3 4785/11/3
f 4789/11/3 4788/11/3 4787/11/3
f 4790/11/3 4788/11/3 4789/11/3
f 4793/1/3 4792/1/3 4791/1/3
f 4794/1/3 4792/1/3 4793/1/3
f 4797/1/3 4796/1/3 4795/1/3
f 4798/1/3 4796/1/3 4797/1/3
f 4801/11/3 4800/11/3 4799/11/3
f 4802/11/3 4800/11/3 4801/11/3
f 4805/11/3 4804/11/3 4803/11/3
f 4806/11/3 4804/11/3 4805/11/3
f 4809/11/3 4808/11/3 4807/11/3
f 4810/11/3 4808/11/3 4809/11/3
f 4813/1/3 4812/1/3 4811/1/3
f 4814/1/3 4812/1/3 4813/1/3
f 4817/1/3 4816/1/3 4815/1/3
f 4818/1/3 4816/1/3 4817/1/3
f 4821/11/3 4820/11/3 4819/11/3
f 4822/11/3 4820/11/3 4821/11/3
f 4825/11/3 4824/11/3 4823/11/3
f 4826/11/3 4824/11/3 4825/11/3
f 4829/11/3 4828/11/3 4827/11/3
f 4830/11/3 4828/11/3 4829/11/3
f 4833/1/3 4832/1/3 4831/1/3
f 4834/1/3 4832/1/3 4833/1/3
f 4837/1/3 4836/1/3 4835/1/3
f 4838/1/3 4836/1/3 4837/1/3
f 4839/1/3 4836/1/3 4838/1/3
f 4840/1/3 4836/1/3 4839/1/3
f 4841/1/3 4836/1/3 4840/1/3
f 4842/1/3 4836/1/3 4841/1/3
f 4845/11/3 4844/11/3 4843/11/3
f 4846/11/3 4844/11/3 4845/11/3
f 4849/11/3 4848/11/3 4847/11/3
f 4850/11/3 4848/11/3 4849/11/3
f 4853/11/3 4852/11/3 4851/11/3
f 4854/11/3 4852/11/3 4853/11/3
f 4857/1/3 4856/1/3 4855/1/3
f 4858/1/3 4856/1/3 4857/1/3
f 4861/1/3 4860/1/3 4859/1/3
f 4862/1/3 4860/1/3 4861/1/3
f 4865/11/3 4864/11/3 4863/11/3
f 4866/11/3 4864/11/3 4865/11/3
f 4869/11/3 4868/11/3 4867/11/3
f 4870/11/3 4868/11/3 4869/11/3
f 4873/11/3 4872/11/3 4871/11/3
f 4874/11/3 4872/11/3 4873/11/3
f 4877/1/3 4876/1/3 4875/1/3
f 4878/1/3 4876/1/3 4877/1/3
f 4881/11/3 4880/11/3 4879/11/3
f 4882/11/3 4880/11/3 4881/11/3
f 4885/11/3 4884/11/3 4883/11/3
f 4886/11/3 4884/11/3 4885/11/3
f 4889/11/3 4888/11/3 4887/11/3
f 4890/11/3 4888/11/3 4889/11/3
f 4893/8/3 4892/8/3 4891/8/3
f 4894/8/3 4892/8/3 4893/8/3
f 4895/11/3 4894/11/3 4893/11/3
f 4896/11/3 4894/11/3 4895/11/3
f 4899/11/3 4898/11/3 4897/11/3
f 4900/11/3 4898/11/3 4899/11/3
f 4903/11/3 4902/11/3 4901/11/3
f 4904/11/3 4902/11/3 4903/11/3
f 4905/8/3 4904/8/3 4903/8/3
f 4906/8/3 4904/8/3 4905/8/3
f 4907/11/3 4906/11/3 4905/11/3
f 4908/11/3 4906/11/3 4907/11/3
f 4911/11/3 4910/11/3 4909/11/3
f 4912/11/3 4910/11/3 4911/11/3
f 4915/11/3 4914/11/3 4913/11/3
f 4916/11/3 4914/11/3 4915/11/3
f 4919/11/3 4918/11/3 4917/11/3
f 4920/11/3 4918/11/3 4919/11/3
f 4923/11/3 4922/11/3 4921/11/3
f 4924/11/3 4922/11/3 4923/11/3
f 4927/11/3 4926/11/3 4925/11/3
f 4928/11/3 4926/11/3 4927/11/3
f 4931/11/3 4930/11/3 4929/11/3
f 4932/11/3 4930/11/3 4931/11/3
f 4935/11/3 4934/11/3 4933/11/3
f 4936/11/3 4934/11/3 4935/11/3
f 4939/11/3 4938/11/3 4937/11/3
f 4940/11/3 4938/11/3 4939/11/3
f 4943/11/3 4942/11/3 4941/11/3
f 4944/11/3 4942/11/3 4943/11/3
f 4947/11/3 4946/11/3 4945/11/3
f 4948/11/3 4946/11/3 4947/11/3
f 4951/11/3 4950/11/3 4949/11/3
f 4952/11/3 4950/11/3 4951/11/3
f 4955/11/3 4954/11/3 4953/11/3
f 4956/11/3 4954/11/3 4955/11/3
f 4959/11/3 4958/11/3 4957/11/3
f 4960/11/3 4958/11/3 4959/11/3
f 4963/11/3 4962/11/3 4961/11/3
f 4964/11/3 4962/11/3 4963/11/3
f 4967/11/3 4966/11/3 4965/11/3
f 4968/11/3 4966/11/3 4967/11/3
f 4971/11/3 4970/11/3 4969/11/3
f 4972/11/3 4970/11/3 4971/11/3
f 4975/11/3 4974/11/3 4973/11/3
f 4976/11/3 4974/11/3 4975/11/3
f 4979/11/3 4978/11/3 4977/11/3
f 4980/11/3 4978/11/3 4979/11/3
f 4983/11/3 4982/11/3 4981/11/3
f 4984/11/3 4982/11/3 4983/11/3
f 4987/11/3 4986/11/3 4985/11/3
f 4988/11/3 4986/11/3 4987/11/3
f 4991/11/3 4990/11/3 4989/11/3
f 4992/11/3 4990/11/3 4991/11/3
f 4995/11/3 4994/11/3 4993/11/3
f 4996/11/3 4994/11/3 4995/11/3
f 4999/11/3 4998/11/3 4997/11/3
f 5000/11/3 4998/11/3 4999/11/3
f 5003/11/3 5002/11/3 5001/11/3
f 5004/11/3 5002/11/3 5003/11/3
f 5007/11/3 5006/11/3 5005/11/3
f 5008/11/3 5006/11/3 5007/11/3
f 5011/11/3 5010/11/3 5009/11/3
f 5012/11/3 5010/11/3 5011/11/3
f 5015/11/3 5014/11/3 5013/11/3
f 5016/11/3 5014/11/3 5015/11/3
f 5019/11/3 5018/11/3 5017/11/3
f 5020/11/3 5018/11/3 5019/11/3
f 5023/11/3 5022/11/3 5021/11/3
f 5024/11/3 5022/11/3 5023/11/3
f 5027/11/3 5026/11/3 5025/11/3
f 5028/11/3 5026/11/3 5027/11/3
f 5031/11/3 5030/11/3 5029/11/3
f 5032/11/3 5030/11/3 5031/11/3
f 5035/11/3 5034/11/3 5033/11/3
f 5036/11/3 5034/11/3 5035/11/3
f 5039/11/3 5038/11/3 5037/11/3
f 5040/11/3 5038/11/3 5039/11/3
f 5043/11/3 5042/11/3 5041/11/3
f 5044/11/3 5042/11/3 5043/11/3
f 5047/11/3 5046/11/3 5045/11/3
f 5048/11/3 5046/11/3 5047/11/3
f 5051/11/3 5050/11/3 5049/11/3
f 5052/11/3 5050/11/3 5051/11/3
f 5055/11/3 5054/11/3 5053/11/3
f 5056/11/3 5054/11/3 5055/11/3
f 5059/11/3 5058/11/3 5057/11/3
f 5060/11/3 5058/11/3 5059/11/3
f 5063/11/3 5062/11/3 5061/11/3
f 5064/11/3 5062/11/3 5063/11/3
f 5067/11/3 5066/11/3 5065/11/3
f 5068/11/3 5066/11/3 5067/11/3
f 5071/11/3 5070/11/3 5069/11/3
f 5072/11/3 5070/11/3 5071/11/3
f 5075/11/3 5074/11/3 5073/11/3
f 5076/11/3 5074/11/3 5075/11/3
f 5079/11/3 5078/11/3 5077/11/3
f 5080/11/3 5078/11/3 5079/11/3
f 5083/11/3 5082/11/3 5081/11/3
f 5084/11/3 5082/11/3 5083/11/3
f 5087/11/3 5086/11/3 5085/11/3
f 5088/11/3 5086/11/3 5087/11/3
f 5091/11/3 5090/11/3 5089/11/3
f 5092/11/3 5090/11/3 5091/11/3
f 5095/11/3 5094/11/3 5093/11/3
f 5096/11/3 5094/11/3 5095/11/3
f 5099/11/3 5098/11/3 5097/11/3
f 5100/11/3 5098/11/3 5099/11/3
f 5103/11/3 5102/11/3 5101/11/3
f 5104/11/3 5102/11/3 5103/11/3
f 5107/11/3 5106/11/3 5105/11/3
f 5108/11/3 5106/11/3 5107/11/3
f 5111/11/3 5110/11/3 5109/11/3
f 5112/11/3 5110/11/3 5111/11/3
f 5115/11/3 5114/11/3 5113/11/3
f 5116/11/3 5114/11/3 5115/11/3
f 5119/11/3 5118/11/3 5117/11/3
f 5120/11/3 5118/11/3 5119/11/3
f 5123/11/3 5122/11/3 5121/11/3
f 5124/11/3 5122/11/3 5123/11/3
f 5125/11/3 5122/11/3 5124/11/3
f 5128/11/3 5127/11/3 5126/11/3
f 5129/11/3 5127/11/3 5128/11/3
f 5132/11/3 5131/11/3 5130/11/3
f 5133/11/3 5131/11/3 5132/11/3
f 5136/11/3 5135/11/3 5134/11/3
f 5137/11/3 5135/11/3 5136/11/3
f 5140/11/3 5139/11/3 5138/11/3
f 5141/11/3 5139/11/3 5140/11/3
f 5144/11/3 5143/11/3 5142/11/3
f 5145/11/3 5143/11/3 5144/11/3
f 5148/11/3 5147/11/3 5146/11/3
f 5149/11/3 5147/11/3 5148/11/3
f 5152/11/3 5151/11/3 5150/11/3
f 5153/11/3 5151/11/3 5152/11/3
f 5156/11/3 5155/11/3 5154/11/3
f 5157/11/3 5155/11/3 5156/11/3
f 5160/11/3 5159/11/3 5158/11/3
f 5161/11/3 5159/11/3 5160/11/3
f 5164/11/3 5163/11/3 5162/11/3
f 5165/11/3 5163/11/3 5164/11/3
f 5168/11/3 5167/11/3 5166/11/3
f 5169/11/3 5167/11/3 5168/11/3
f 5172/11/3 5171/11/3 5170/11/3
f 5173/11/3 5171/11/3 5172/11/3
f 5176/11/3 5175/11/3 5174/11/3
f 5177/11/3 5175/11/3 5176/11/3
f 5180/11/3 5179/11/3 5178/11/3
f 5181/11/3 5179/11/3 5180/11/3
f 5184/11/3 5183/11/3 5182/11/3
f 5185/11/3 5183/11/3 5184/11/3
f 5188/11/3 5187/11/3 5186/11/3
f 5189/11/3 5187/11/3 5188/11/3
f 5192/11/3 5191/11/3 5190/11/3
f 5193/11/3 5191/11/3 5192/11/3
f 5196/11/3 5195/11/3 5194/11/3
f 5197/11/3 5195/11/3 5196/11/3
f 5200/11/3 5199/11/3 5198/11/3
f 5201/11/3 5199/11/3 5200/11/3
f 5204/10/3 5203/10/3 5202/10/3
f 5205/10/3 5203/10/3 5204/10/3
f 5206/11/3 5205/11/3 5204/11/3
f 5207/11/3 5205/11/3 5206/11/3
f 5210/11/3 5209/11/3 5208/11/3
f 5211/11/3 5209/11/3 5210/11/3
f 5214/11/3 5213/11/3 5212/11/3
f 5215/11/3 5213/11/3 5214/11/3
f 5218/11/3 5217/11/3 5216/11/3
f 5219/11/3 5217/11/3 5218/11/3
f 5222/11/3 5221/11/3 5220/11/3
f 5223/11/3 5221/11/3 5222/11/3
f 5226/11/3 5225/11/3 5224/11/3
f 5227/11/3 5225/11/3 5226/11/3
f 5230/11/3 5229/11/3 5228/11/3
f 5231/11/3 5229/11/3 5230/11/3
f 5234/5/3 5233/5/3 5232/5/3
f 5235/5/3 5233/5/3 5234/5/3
f 5236/11/3 5235/11/3 5234/11/3
f 5237/11/3 5235/11/3 5236/11/3
f 5238/7/3 5237/7/3 5236/7/3
f 5239/7/3 5237/7/3 5238/7/3
f 5242/11/3 5241/11/3 5240/11/3
f 5243/11/3 5241/11/3 5242/11/3
f 5246/11/3 5245/11/3 5244/11/3
f 5247/11/3 5245/11/3 5246/11/3
f 5250/11/3 5249/11/3 5248/11/3
f 5251/11/3 5249/11/3 5250/11/3
f 5254/11/3 5253/11/3 5252/11/3
f 5255/11/3 5253/11/3 5254/11/3
f 5258/11/3 5257/11/3 5256/11/3
f 5259/11/3 5257/11/3 5258/11/3
f 5262/11/3 5261/11/3 5260/11/3
f 5263/11/3 5261/11/3 5262/11/3
f 5266/11/3 5265/11/3 5264/11/3
f 5267/11/3 5265/11/3 5266/11/3
f 5270/11/3 5269/11/3 5268/11/3
f 5271/11/3 5269/11/3 5270/11/3
f 5274/11/3 5273/11/3 5272/11/3
f 5275/11/3 5273/11/3 5274/11/3
f 5278/11/3 5277/11/3 5276/11/3
f 5279/11/3 5277/11/3 5278/11/3
f 5282/11/3 5281/11/3 5280/11/3
f 5283/11/3 5281/11/3 5282/11/3
f 5286/11/3 5285/11/3 5284/11/3
f 5287/11/3 5285/11/3 5286/11/3
f 5290/11/3 5289/11/3 5288/11/3
f 5291/11/3 5289/11/3 5290/11/3
f 5294/11/3 5293/11/3 5292/11/3
f 5295/11/3 5293/11/3 5294/11/3
f 5298/11/3 5297/11/3 5296/11/3
f 5299/11/3 5297/11/3 5298/11/3
f 5302/11/3 5301/11/3 5300/11/3
f 5303/11/3 5301/11/3 5302/11/3
f 5306/11/3 5305/11/3 5304/11/3
f 5307/11/3 5305/11/3 5306/11/3
f 5310/11/3 5309/11/3 5308/11/3
f 5311/11/3 5309/11/3 5310/11/3
f 5314/11/3 5313/11/3 5312/11/3
f 5315/11/3 5313/11/3 5314/11/3
f 5318/11/3 5317/11/3 5316/11/3
f 5319/11/3 5317/11/3 5318/11/3
f 5322/11/3 5321/11/3 5320/11/3
f 5323/11/3 5321/11/3 5322/11/3
f 5326/11/3 5325/11/3 5324/11/3
f 5327/11/3 5325/11/3 5326/11/3
f 5330/11/3 5329/11/3 5328/11/3
f 5331/11/3 5329/11/3 5330/11/3
f 5334/11/3 5333/11/3 5332/11/3
f 5335/11/3 5333/11/3 5334/11/3
f 5338/11/3 5337/11/3 5336/11/3
f 5339/11/3 5337/11/3 5338/11/3
f 5342/11/3 5341/11/3 5340/11/3
f 5343/11/3 5341/11/3 5342/11/3
f 5344/11/3 5341/11/3 5343/11/3
f 5345/11/3 5341/11/3 5344/11/3
f 5348/11/3 5347/11/3 5346/11/3
f 5349/11/3 5347/11/3 5348/11/3
f 5352/11/3 5351/11/3 5350/11/3
f 5353/11/3 5351/11/3 5352/11/3
f 5356/11/3 5355/11/3 5354/11/3
f 5357/11/3 5355/11/3 5356/11/3
f 5360/11/3 5359/11/3 5358/11/3
f 5361/11/3 5359/11/3 5360/11/3
f 5364/11/3 5363/11/3 5362/11/3
f 5365/11/3 5363/11/3 5364/11/3
f 5368/11/3 5367/11/3 5366/11/3
f 5369/11/3 5367/11/3 5368/11/3
f 5372/11/3 5371/11/3 5370/11/3
f 5373/11/3 5371/11/3 5372/11/3
f 5376/11/3 5375/11/3 5374/11/3
f 5377/11/3 5375/11/3 5376/11/3
f 5380/11/3 5379/11/3 5378/11/3
f 5381/11/3 5379/11/3 5380/11/3
f 5384/11/3 5383/11/3 5382/11/3
f 5385/11/3 5383/11/3 5384/11/3
f 5388/11/3 5387/11/3 5386/11/3
f 5389/11/3 5387/11/3 5388/11/3
f 5392/11/3 5391/11/3 5390/11/3
f 5393/11/3 5391/11/3 5392/11/3
f 5396/11/3 5395/11/3 5394/11/3
f 5397/11/3 5395/11/3 5396/11/3
f 5400/11/3 5399/11/3 5398/11/3
f 5401/11/3 5399/11/3 5400/11/3
f 5404/11/3 5403/11/3 5402/11/3
f 5405/11/3 5403/11/3 5404/11/3
f 5408/11/3 5407/11/3 5406/11/3
f 5409/11/3 5407/11/3 5408/11/3
f 5410/5/3 5409/5/3 5408/5/3
f 5411/5/3 5409/5/3 5410/5/3
f 5412/11/3 5411/11/3 5410/11/3
f 5413/11/3 5411/11/3 5412/11/3
f 5416/11/3 5415/11/3 5414/11/3
f 5417/11/3 5415/11/3 5416/11/3
f 5420/11/3 5419/11/3 5418/11/3
f 5421/11/3 5419/11/3 5420/11/3
f 5424/11/3 5423/11/3 5422/11/3
f 5425/11/3 5423/11/3 5424/11/3
f 5428/11/3 5427/11/3 5426/11/3
f 5429/11/3 5427/11/3 5428/11/3
f 5432/11/3 5431/11/3 5430/11/3
f 5433/11/3 5431/11/3 5432/11/3
f 5436/11/3 5435/11/3 5434/11/3
f 5437/11/3 5435/11/3 5436/11/3
f 5440/11/3 5439/11/3 5438/11/3
f 5441/11/3 5439/11/3 5440/11/3
f 5444/11/3 5443/11/3 5442/11/3
f 5445/11/3 5443/11/3 5444/11/3
f 5448/11/3 5447/11/3 5446/11/3
f 5449/11/3 5447/11/3 5448/11/3
f 5452/11/3 5451/11/3 5450/11/3
f 5453/11/3 5451/11/3 5452/11/3
f 5456/11/3 5455/11/3 5454/11/3
f 5457/11/3 5455/11/3 5456/11/3
f 5460/11/3 5459/11/3 5458/11/3
f 5461/11/3 5459/11/3 5460/11/3
f 5464/11/3 5463/11/3 5462/11/3
f 5465/11/3 5463/11/3 5464/11/3
f 5468/11/3 5467/11/3 5466/11/3
f 5469/11/3 5467/11/3 5468/11/3
f 5470/5/3 5469/5/3 5468/5/3
f 5471/5/3 5469/5/3 5470/5/3
f 5472/11/3 5471/11/3 5470/11/3
f 5473/11/3 5471/11/3 5472/11/3
f 5476/11/3 5475/11/3 5474/11/3
f 5477/11/3 5475/11/3 5476/11/3
f 5480/11/3 5479/11/3 5478/11/3
f 5481/11/3 5479/11/3 5480/11/3
f 5484/11/3 5483/11/3 5482/11/3
f 5485/11/3 5483/11/3 5484/11/3
f 5488/11/3 5487/11/3 5486/11/3
f 5489/11/3 5487/11/3 5488/11/3
f 5492/11/3 5491/11/3 5490/11/3
f 5493/11/3 5491/11/3 5492/11/3
f 5496/11/3 5495/11/3 5494/11/3
f 5497/11/3 5495/11/3 5496/11/3
f 5500/11/3 5499/11/3 5498/11/3
f 5501/11/3 5499/11/3 5500/11/3
f 5502/10/3 5501/10/3 5500/10/3
f 5503/10/3 5501/10/3 5502/10/3
f 5504/11/3 5503/11/3 5502/11/3
f 5505/11/3 5503/11/3 5504/11/3
f 5508/11/3 5507/11/3 5506/11/3
f 5509/11/3 5507/11/3 5508/11/3
f 5512/11/3 5511/11/3 5510/11/3
f 5513/11/3 5511/11/3 5512/11/3
f 5516/11/3 5515/11/3 5514/11/3
f 5517/11/3 5515/11/3 5516/11/3
f 5520/11/3 5519/11/3 5518/11/3
f 5521/11/3 5519/11/3 5520/11/3
f 5524/11/3 5523/11/3 5522/11/3
f 5525/11/3 5523/11/3 5524/11/3
f 5528/11/3 5527/11/3 5526/11/3
f 5529/11/3 5527/11/3 5528/11/3
f 5532/11/3 5531/11/3 5530/11/3
f 5533/11/3 5531/11/3 5532/11/3
f 5536/11/3 5535/11/3 5534/11/3
f 5537/11/3 5535/11/3 5536/11/3
f 5540/11/3 5539/11/3 5538/11/3
f 5541/11/3 5539/11/3 5540/11/3
f 5544/11/3 5543/11/3 5542/11/3
f 5545/11/3 5543/11/3 5544/11/3
f 5548/11/3 5547/11/3 5546/11/3
f 5549/11/3 5547/11/3 5548/11/3
f 5552/11/3 5551/11/3 5550/11/3
f 5553/11/3 5551/11/3 5552/11/3
f 5556/11/3 5555/11/3 5554/11/3
f 5557/11/3 5555/11/3 5556/11/3
f 5560/11/3 5559/11/3 5558/11/3
f 5561/11/3 5559/11/3 5560/11/3
f 5564/11/3 5563/11/3 5562/11/3
f 5565/11/3 5563/11/3 5564/11/3
f 5568/11/3 5567/11/3 5566/11/3
f 5569/11/3 5567/11/3 5568/11/3
f 5572/11/3 5571/11/3 5570/11/3
f 5573/11/3 5571/11/3 5572/11/3
f 5576/11/3 5575/11/3 5574/11/3
f 5577/11/3 5575/11/3 5576/11/3
f 5580/11/3 5579/11/3 5578/11/3
f 5581/11/3 5579/11/3 5580/11/3
f 5584/11/3 5583/11/3 5582/11/3
f 5585/11/3 5583/11/3 5584/11/3
f 5588/11/3 5587/11/3 5586/11/3
f 5589/11/3 5587/11/3 5588/11/3
f 5592/11/3 5591/11/3 5590/11/3
f 5593/11/3 5591/11/3 5592/11/3
f 5596/11/3 5595/11/3 5594/11/3
f 5597/11/3 5595/11/3 5596/11/3
f 5600/11/3 5599/11/3 5598/11/3
f 5601/11/3 5599/11/3 5600/11/3
f 5604/11/3 5603/11/3 5602/11/3
f 5605/11/3 5603/11/3 5604/11/3
f 5608/11/3 5607/11/3 5606/11/3
f 5609/11/3 5607/11/3 5608/11/3
f 5612/11/3 5611/11/3 5610/11/3
f 5613/11/3 5611/11/3 5612/11/3
f 5616/11/3 5615/11/3 5614/11/3
f 5617/11/3 5615/11/3 5616/11/3
f 5620/11/3 5619/11/3 5618/11/3
f 5621/11/3 5619/11/3 5620/11/3
f 5624/11/3 5623/11/3 5622/11/3
f 5625/11/3 5623/11/3 5624/11/3
f 5628/11/3 5627/11/3 5626/11/3
f 5629/11/3 5627/11/3 5628/11/3
f 5632/11/3 5631/11/3 5630/11/3
f 5633/11/3 5631/11/3 5632/11/3
f 5636/11/3 5635/11/3 5634/11/3
f 5637/11/3 5635/11/3 5636/11/3
f 5640/11/3 5639/11/3 5638/11/3
f 5641/11/3 5639/11/3 5640/11/3
f 5644/11/3 5643/11/3 5642/11/3
f 5645/11/3 5643/11/3 5644/11/3
f 5648/11/3 5647/11/3 5646/11/3
f 5649/11/3 5647/11/3 5648/11/3
f 5652/11/3 5651/11/3 5650/11/3
f 5653/11/3 5651/11/3 5652/11/3
f 5656/11/3 5655/11/3 5654/11/3
f 5657/11/3 5655/11/3 5656/11/3
f 5660/11/3 5659/11/3 5658/11/3
f 5661/11/3 5659/11/3 5660/11/3
f 5664/11/3 5663/11/3 5662/11/3
f 5665/11/3 5663/11/3 5664/11/3
f 5668/11/3 5667/11/3 5666/11/3
f 5669/11/3 5667/11/3 5668/11/3
f 5672/11/3 5671/11/3 5670/11/3
f 5673/11/3 5671/11/3 5672/11/3
f 5676/11/3 5675/11/3 5674/11/3
f 5677/11/3 5675/11/3 5676/11/3
f 5680/11/3 5679/11/3 5678/11/3
f 5681/11/3 5679/11/3 5680/11/3
f 5684/11/3 5683/11/3 5682/11/3
f 5685/11/3 5683/11/3 5684/11/3
f 5688/11/3 5687/11/3 5686/11/3
f 5689/11/3 5687/11/3 5688/11/3
f 5692/11/3 5691/11/3 5690/11/3
f 5693/11/3 5691/11/3 5692/11/3
f 5696/11/3 5695/11/3 5694/11/3
f 5697/11/3 5695/11/3 5696/11/3
f 5700/11/3 5699/11/3 5698/11/3
f 5701/11/3 5699/11/3 5700/11/3
f 5704/11/3 5703/11/3 5702/11/3
f 5705/11/3 5703/11/3 5704/11/3
f 5708/11/3 5707/11/3 5706/11/3
f 5709/11/3 5707/11/3 5708/11/3
f 5712/11/3 5711/11/3 5710/11/3
f 5713/11/3 5711/11/3 5712/11/3
f 5716/11/3 5715/11/3 5714/11/3
f 5717/11/3 5715/11/3 5716/11/3
f 5720/11/3 5719/11/3 5718/11/3
f 5721/11/3 5719/11/3 5720/11/3
f 5724/11/3 5723/11/3 5722/11/3
f 5725/11/3 5723/11/3 5724/11/3
f 5728/11/3 5727/11/3 5726/11/3
f 5729/11/3 5727/11/3 5728/11/3
f 5732/11/3 5731/11/3 5730/11/3
f 5733/11/3 5731/11/3 5732/11/3
f 5736/11/3 5735/11/3 5734/11/3
f 5737/11/3 5735/11/3 5736/11/3
f 5740/11/3 5739/11/3 5738/11/3
f 5741/11/3 5739/11/3 5740/11/3
f 5742/10/3 5741/10/3 5740/10/3
f 5743/10/3 5741/10/3 5742/10/3
f 5746/11/3 5745/11/3 5744/11/3
f 5747/11/3 5745/11/3 5746/11/3
f 5750/11/3 5749/11/3 5748/11/3
f 5751/11/3 5749/11/3 5750/11/3
f 5754/11/3 5753/11/3 5752/11/3
f 5755/11/3 5753/11/3 5754/11/3
f 5758/11/3 5757/11/3 5756/11/3
f 5759/11/3 5757/11/3 5758/11/3
f 5762/11/3 5761/11/3 5760/11/3
f 5763/11/3 5761/11/3 5762/11/3
f 5764/11/3 5761/11/3 5763/11/3
f 5767/11/3 5766/11/3 5765/11/3
f 5768/11/3 5766/11/3 5767/11/3
f 5771/11/3 5770/11/3 5769/11/3
f 5772/11/3 5770/11/3 5771/11/3
f 5775/11/3 5774/11/3 5773/11/3
f 5776/11/3 5774/11/3 5775/11/3
f 5779/11/3 5778/11/3 5777/11/3
f 5780/11/3 5778/11/3 5779/11/3
f 5783/11/3 5782/11/3 5781/11/3
f 5784/11/3 5782/11/3 5783/11/3
f 5787/11/3 5786/11/3 5785/11/3
f 5788/11/3 5786/11/3 5787/11/3
f 5791/11/3 5790/11/3 5789/11/3
f 5792/11/3 5790/11/3 5791/11/3
f 5795/11/3 5794/11/3 5793/11/3
f 5796/11/3 5794/11/3 5795/11/3
f 5799/11/3 5798/11/3 5797/11/3
f 5800/11/3 5798/11/3 5799/11/3
f 5803/11/3 5802/11/3 5801/11/3
f 5804/11/3 5802/11/3 5803/11/3
f 5807/11/3 5806/11/3 5805/11/3
f 5808/11/3 5806/11/3 5807/11/3
f 5811/11/3 5810/11/3 5809/11/3
f 5812/11/3 5810/11/3 5811/11/3
f 5815/11/3 5814/11/3 5813/11/3
f 5816/11/3 5814/11/3 5815/11/3
f 5819/11/3 5818/11/3 5817/11/3
f 5820/11/3 5818/11/3 5819/11/3
f 5823/11/3 5822/11/3 5821/11/3
f 5824/11/3 5822/11/3 5823/11/3
f 5827/11/3 5826/11/3 5825/11/3
f 5828/11/3 5826/11/3 5827/11/3
f 5831/11/3 5830/11/3 5829/11/3
f 5832/11/3 5830/11/3 5831/11/3
f 5835/11/3 5834/11/3 5833/11/3
f 5836/11/3 5834/11/3 5835/11/3
f 5839/11/3 5838/11/3 5837/11/3
f 5840/11/3 5838/11/3 5839/11/3
f 5843/11/3 5842/11/3 5841/11/3
f 5844/11/3 5842/11/3 5843/11/3
f 5847/11/3 5846/11/3 5845/11/3
f 5848/11/3 5846/11/3 5847/11/3
f 5851/11/3 5850/11/3 5849/11/3
f 5852/11/3 5850/11/3 5851/11/3
f 5855/11/3 5854/11/3 5853/11/3
f 5856/11/3 5854/11/3 5855/11/3
f 5859/11/3 5858/11/3 5857/11/3
f 5860/11/3 5858/11/3 5859/11/3
f 5863/11/3 5862/11/3 5861/11/3
f 5864/11/3 5862/11/3 5863/11/3
f 5867/11/3 5866/11/3 5865/11/3
f 5868/11/3 5866/11/3 5867/11/3
f 5871/11/3 5870/11/3 5869/11/3
f 5872/11/3 5870/11/3 5871/11/3
f 5875/11/3 5874/11/3 5873/11/3
f 5876/11/3 5874/11/3 5875/11/3
f 5879/11/3 5878/11/3 5877/11/3
f 5880/11/3 5878/11/3 5879/11/3
f 5883/11/3 5882/11/3 5881/11/3
f 5884/11/3 5882/11/3 5883/11/3
f 5887/11/3 5886/11/3 5885/11/3
f 5888/11/3 5886/11/3 5887/11/3
f 5891/11/3 5890/11/3 5889/11/3
f 5892/11/3 5890/11/3 5891/11/3
f 5895/11/3 5894/11/3 5893/11/3
f 5896/11/3 5894/11/3 5895/11/3
f 5899/11/3 5898/11/3 5897/11/3
f 5900/11/3 5898/11/3 5899/11/3
f 5903/11/3 5902/11/3 5901/11/3
f 5904/11/3 5902/11/3 5903/11/3
f 5907/11/3 5906/11/3 5905/11/3
f 5908/11/3 5906/11/3 5907/11/3
f 5911/11/3 5910/11/3 5909/11/3
f 5912/11/3 5910/11/3 5911/11/3
f 5915/11/3 5914/11/3 5913/11/3
f 5916/11/3 5914/11/3 5915/11/3
f 5919/11/3 5918/11/3 5917/11/3
f 5920/11/3 5918/11/3 5919/11/3
f 5923/11/3 5922/11/3 5921/11/3
f 5924/11/3 5922/11/3 5923/11/3
f 5927/11/3 5926/11/3 5925/11/3
f 5928/11/3 5926/11/3 5927/11/3
f 5931/11/3 5930/11/3 5929/11/3
f 5932/11/3 5930/11/3 5931/11/3
f 5935/11/3 5934/11/3 5933/11/3
f 5936/11/3 5934/11/3 5935/11/3
f 5939/11/3 5938/11/3 5937/11/3
f 5940/11/3 5938/11/3 5939/11/3
f 5943/11/3 5942/11/3 5941/11/3
f 5944/11/3 5942/11/3 5943/11/3
f 5947/11/3 5946/11/3 5945/11/3
f 5948/11/3 5946/11/3 5947/11/3
f 5951/11/3 5950/11/3 5949/11/3
f 5952/11/3 5950/11/3 5951/11/3
f 5955/11/3 5954/11/3 5953/11/3
f 5956/11/3 5954/11/3 5955/11/3
f 5959/11/3 5958/11/3 5957/11/3
f 5960/11/3 5958/11/3 5959/11/3
f 5963/11/3 5962/11/3 5961/11/3
f 5964/11/3 5962/11/3 5963/11/3
f 5967/11/3 5966/11/3 5965/11/3
f 5968/11/3 5966/11/3 5967/11/3
f 5971/11/3 5970/11/3 5969/11/3
f 5972/11/3 5970/11/3 5971/11/3
f 5973/10/3 5972/10/3 5971/10/3
f 5974/10/3 5972/10/3 5973/10/3
f 5975/11/3 5974/11/3 5973/11/3
f 5976/11/3 5974/11/3 5975/11/3
f 5979/11/3 5978/11/3 5977/11/3
f 5980/11/3 5978/11/3 5979/11/3
f 5983/11/3 5982/11/3 5981/11/3
f 5984/11/3 5982/11/3 5983/11/3
f 5987/11/3 5986/11/3 5985/11/3
f 5988/11/3 5986/11/3 5987/11/3
f 5991/11/3 5990/11/3 5989/11/3
f 5992/11/3 5990/11/3 5991/11/3
f 5995/11/3 5994/11/3 5993/11/3
f 5996/11/3 5994/11/3 5995/11/3
f 5999/11/3 5998/11/3 5997/11/3
f 6000/11/3 5998/11/3 5999/11/3
f 6003/11/3 6002/11/3 6001/11/3
f 6004/11/3 6002/11/3 6003/11/3
f 6007/11/3 6006/11/3 6005/11/3
f 6008/11/3 6006/11/3 6007/11/3
f 6011/11/3 6010/11/3 6009/11/3
f 6012/11/3 6010/11/3 6011/11/3
f 6015/11/3 6014/11/3 6013/11/3
f 6016/11/3 6014/11/3 6015/11/3
f 6019/11/3 6018/11/3 6017/11/3
f 6020/11/3 6018/11/3 6019/11/3
f 6023/11/3 6022/11/3 6021/11/3
f 6024/11/3 6022/11/3 6023/11/3
f 6027/11/3 6026/11/3 6025/11/3
f 6028/11/3 6026/11/3 6027/11/3
f 6031/11/3 6030/11/3 6029/11/3
f 6032/11/3 6030/11/3 6031/11/3
f 6035/11/3 6034/11/3 6033/11/3
f 6036/11/3 6034/11/3 6035/11/3
f 6039/11/3 6038/11/3 6037/11/3
f 6040/11/3 6038/11/3 6039/11/3
f 6043/11/3 6042/11/3 6041/11/3
f 6044/11/3 6042/11/3 6043/11/3
f 6045/11/4 6046/11/4 6047/11/4
f 6047/11/4 6046/11/4 6048/11/4
f 6051/1/5 6050/1/5 6049/1/5
f 6052/1/5 6050/1/5 6051/1/5
f 6053/1/5 6051/1/5 6049/1/5
f 6053/3/5 6052/3/5 6051/3/5
f 6054/1/5 6050/1/5 6052/1/5
f 6054/3/5 6052/3/5 6053/3/5
f 6055/1/5 6054/1/5 6053/1/5
f 6055/1/5 6050/1/5 6054/1/5
f 6056/1/5 6050/1/5 6055/1/5
f 6057/1/5 6055/1/5 6053/1/5
f 6058/1/5 6055/1/5 6057/1/5
f 6059/1/5 6055/1/5 6058/1/5
f 6060/1/5 6055/1/5 6059/1/5
f 6061/4/5 6056/4/5 6055/4/5
f 6061/1/5 6055/1/5 6060/1/5
f 6062/1/5 6050/1/5 6056/1/5
f 6062/4/5 6056/4/5 6061/4/5
f 6063/1/5 6057/1/5 6053/1/5
f 6063/3/5 6058/3/5 6057/3/5
f 6064/1/5 6059/1/5 6058/1/5
f 6064/3/5 6058/3/5 6063/3/5
f 6065/1/5 6059/1/5 6064/1/5
f 6066/1/5 6059/1/5 6065/1/5
f 6067/4/5 6060/4/5 6059/4/5
f 6067/1/5 6059/1/5 6066/1/5
f 6068/1/5 6061/1/5 6060/1/5
f 6068/4/5 6060/4/5 6067/4/5
f 6068/1/5 6062/1/5 6061/1/5
f 6069/2/5 6066/2/5 6065/2/5
f 6069/1/5 6065/1/5 6064/1/5
f 6069/1/5 6064/1/5 6063/1/5
f 6070/1/5 6067/1/5 6066/1/5
f 6070/2/5 6066/2/5 6069/2/5
f 6070/1/5 6068/1/5 6067/1/5
f 6071/1/5 6062/1/5 6068/1/5
f 6071/1/5 6068/1/5 6070/1/5
f 6071/1/5 6050/1/5 6062/1/5
f 6072/1/5 6050/1/5 6071/1/5
f 6073/1/5 6070/1/5 6069/1/5
f 6073/1/5 6071/1/5 6070/1/5
f 6073/3/5 6072/3/5 6071/3/5
f 6074/1/5 6050/1/5 6072/1/5
f 6074/3/5 6072/3/5 6073/3/5
f 6075/1/5 6074/1/5 6073/1/5
f 6075/1/5 6050/1/5 6074/1/5
f 6076/1/5 6050/1/5 6075/1/5
f 6077/1/5 6069/1/5 6063/1/5
f 6077/1/5 6073/1/5 6069/1/5
f 6077/1/5 6075/1/5 6073/1/5
f 6078/1/5 6075/1/5 6077/1/5
f 6079/1/5 6075/1/5 6078/1/5
f 6080/1/5 6075/1/5 6079/1/5
f 6081/3/5 6076/3/5 6075/3/5
f 6081/1/5 6075/1/5 6080/1/5
f 6082/1/5 6050/1/5 6076/1/5
f 6082/3/5 6076/3/5 6081/3/5
f 6083/1/5 6063/1/5 6053/1/5
f 6083/1/5 6077/1/5 6063/1/5
f 6084/1/5 6077/1/5 6083/1/5
f 6085/3/5 6078/3/5 6077/3/5
f 6085/1/5 6077/1/5 6084/1/5
f 6086/1/5 6079/1/5 6078/1/5
f 6086/3/5 6078/3/5 6085/3/5
f 6087/3/5 6080/3/5 6079/3/5
f 6087/1/5 6079/1/5 6086/1/5
f 6088/1/5 6081/1/5 6080/1/5
f 6088/3/5 6080/3/5 6087/3/5
f 6088/1/5 6082/1/5 6081/1/5
f 6089/1/5 6083/1/5 6053/1/5
f 6089/3/5 6084/3/5 6083/3/5
f 6090/1/5 6087/1/5 6086/1/5
f 6090/3/5 6084/3/5 6089/3/5
f 6090/1/5 6086/1/5 6085/1/5
f 6090/1/5 6085/1/5 6084/1/5
f 6090/1/5 6088/1/5 6087/1/5
f 6091/1/5 6088/1/5 6090/1/5
f 6092/1/5 6088/1/5 6091/1/5
f 6093/4/5 6092/4/5 6091/4/5
f 6093/1/5 6088/1/5 6092/1/5
f 6094/1/5 6088/1/5 6093/1/5
f 6095/1/5 6088/1/5 6094/1/5
f 6096/1/5 6088/1/5 6095/1/5
f 6097/1/5 6090/1/5 6089/1/5
f 6097/1/5 6091/1/5 6090/1/5
f 6098/1/5 6091/1/5 6097/1/5
f 6099/4/5 6093/4/5 6091/4/5
f 6099/1/5 6091/1/5 6098/1/5
f 6099/4/5 6094/4/5 6093/4/5
f 6100/1/5 6095/1/5 6094/1/5
f 6100/4/5 6094/4/5 6099/4/5
f 6101/1/5 6095/1/5 6100/1/5
f 6102/1/5 6095/1/5 6101/1/5
f 6103/1/5 6095/1/5 6102/1/5
f 6104/2/5 6096/2/5 6095/2/5
f 6104/1/5 6095/1/5 6103/1/5
f 6105/1/5 6088/1/5 6096/1/5
f 6105/2/5 6096/2/5 6104/2/5
f 6106/1/5 6089/1/5 6053/1/5
f 6106/1/5 6097/1/5 6089/1/5
f 6107/1/5 6097/1/5 6106/1/5
f 6108/1/5 6097/1/5 6107/1/5
f 6109/1/5 6097/1/5 6108/1/5
f 6110/3/5 6098/3/5 6097/3/5
f 6110/1/5 6097/1/5 6109/1/5
f 6111/1/5 6099/1/5 6098/1/5
f 6111/3/5 6098/3/5 6110/3/5
f 6111/1/5 6100/1/5 6099/1/5
f 6111/1/5 6101/1/5 6100/1/5
f 6112/4/5 6102/4/5 6101/4/5
f 6112/1/5 6101/1/5 6111/1/5
f 6113/1/5 6103/1/5 6102/1/5
f 6113/4/5 6102/4/5 6112/4/5
f 6114/1/5 6103/1/5 6113/1/5
f 6115/1/5 6103/1/5 6114/1/5
f 6116/2/5 6107/2/5 6106/2/5
f 6116/1/5 6106/1/5 6053/1/5
f 6117/1/5 6108/1/5 6107/1/5
f 6117/2/5 6107/2/5 6116/2/5
f 6118/3/5 6109/3/5 6108/3/5
f 6118/1/5 6108/1/5 6117/1/5
f 6119/1/5 6112/1/5 6111/1/5
f 6119/3/5 6109/3/5 6118/3/5
f 6119/1/5 6110/1/5 6109/1/5
f 6119/1/5 6114/1/5 6113/1/5
f 6119/1/5 6113/1/5 6112/1/5
f 6119/1/5 6111/1/5 6110/1/5
f 6120/1/5 6114/1/5 6119/1/5
f 6121/1/5 6114/1/5 6120/1/5
f 6122/1/5 6114/1/5 6121/1/5
f 6123/1/5 6114/1/5 6122/1/5
f 6124/3/5 6115/3/5 6114/3/5
f 6124/1/5 6114/1/5 6123/1/5
f 6125/1/5 6103/1/5 6115/1/5
f 6125/3/5 6115/3/5 6124/3/5
f 6126/4/5 6104/4/5 6103/4/5
f 6126/1/5 6103/1/5 6125/1/5
f 6127/1/5 6105/1/5 6104/1/5
f 6127/4/5 6104/4/5 6126/4/5
f 6128/1/5 6088/1/5 6105/1/5
f 6128/1/5 6105/1/5 6127/1/5
f 6128/1/5 6082/1/5 6088/1/5
f 6129/1/5 6082/1/5 6128/1/5
f 6130/1/5 6118/1/5 6117/1/5
f 6130/1/5 6117/1/5 6116/1/5
f 6130/1/5 6119/1/5 6118/1/5
f 6130/1/5 6120/1/5 6119/1/5
f 6131/3/5 6121/3/5 6120/3/5
f 6131/1/5 6120/1/5 6130/1/5
f 6132/1/5 6122/1/5 6121/1/5
f 6132/2/5 6123/2/5 6122/2/5
f 6133/1/5 6127/1/5 6126/1/5
f 6133/2/5 6123/2/5 6132/2/5
f 6133/1/5 6125/1/5 6124/1/5
f 6133/1/5 6126/1/5 6125/1/5
f 6133/1/5 6128/1/5 6127/1/5
f 6133/1/5 6124/1/5 6123/1/5
f 6134/2/5 6129/2/5 6128/2/5
f 6134/1/5 6128/1/5 6133/1/5
f 6135/1/5 6082/1/5 6129/1/5
f 6135/2/5 6129/2/5 6134/2/5
f 6136/1/5 6053/1/5 6049/1/5
f 6136/1/5 6130/1/5 6116/1/5
f 6136/1/5 6116/1/5 6053/1/5
f 6137/1/5 6130/1/5 6136/1/5
f 6138/3/5 6131/3/5 6130/3/5
f 6138/1/5 6130/1/5 6137/1/5
f 6139/1/5 6132/1/5 6121/1/5
f 6139/3/5 6131/3/5 6138/3/5
f 6139/3/5 6121/3/5 6131/3/5
f 6139/1/5 6135/1/5 6134/1/5
f 6139/1/5 6134/1/5 6133/1/5
f 6139/1/5 6133/1/5 6132/1/5
f 6140/1/5 6135/1/5 6139/1/5
f 6141/1/5 6135/1/5 6140/1/5
f 6142/1/5 6136/1/5 6049/1/5
f 6142/3/5 6137/3/5 6136/3/5
f 6143/1/5 6138/1/5 6137/1/5
f 6143/3/5 6137/3/5 6142/3/5
f 6143/1/5 6139/1/5 6138/1/5
f 6143/1/5 6140/1/5 6139/1/5
f 6144/4/5 6141/4/5 6140/4/5
f 6144/1/5 6140/1/5 6143/1/5
f 6145/1/5 6135/1/5 6141/1/5
f 6145/4/5 6141/4/5 6144/4/5
f 6146/1/5 6135/1/5 6145/1/5
f 6147/1/5 6135/1/5 6146/1/5
f 6148/1/5 6082/1/5 6135/1/5
f 6148/1/5 6135/1/5 6147/1/5
f 6148/1/5 6050/1/5 6082/1/5
f 6149/1/5 6050/1/5 6148/1/5
f 6150/1/5 6050/1/5 6149/1/5
f 6151/1/5 6050/1/5 6150/1/5
f 6152/4/5 6147/4/5 6146/4/5
f 6152/1/5 6144/1/5 6143/1/5
f 6152/1/5 6146/1/5 6145/1/5
f 6152/1/5 6143/1/5 6142/1/5
f 6152/1/5 6145/1/5 6144/1/5
f 6153/1/5 6148/1/5 6147/1/5
f 6153/4/5 6147/4/5 6152/4/5
f 6154/3/5 6149/3/5 6148/3/5
f 6154/1/5 6148/1/5 6153/1/5
f 6155/1/5 6150/1/5 6149/1/5
f 6155/3/5 6149/3/5 6154/3/5
f 6156/2/5 6151/2/5 6150/2/5
f 6156/1/5 6150/1/5 6155/1/5
f 6157/1/5 6050/1/5 6151/1/5
f 6157/2/5 6151/2/5 6156/2/5
f 6158/1/5 6156/1/5 6155/1/5
f 6158/1/5 6155/1/5 6154/1/5
f 6158/1/5 6157/1/5 6156/1/5
f 6158/1/5 6154/1/5 6153/1/5
f 6158/1/5 6153/1/5 6152/1/5
f 6159/1/5 6157/1/5 6158/1/5
f 6160/1/5 6157/1/5 6159/1/5
f 6161/1/5 6157/1/5 6160/1/5
f 6162/1/5 6157/1/5 6161/1/5
f 6163/1/5 6157/1/5 6162/1/5
f 6164/1/5 6152/1/5 6142/1/5
f 6164/1/5 6158/1/5 6152/1/5
f 6165/1/5 6158/1/5 6164/1/5
f 6166/3/5 6159/3/5 6158/3/5
f 6166/1/5 6158/1/5 6165/1/5
f 6167/1/5 6160/1/5 6159/1/5
f 6167/3/5 6159/3/5 6166/3/5
f 6168/1/5 6162/1/5 6161/1/5
f 6169/1/5 6162/1/5 6168/1/5
f 6170/1/5 6162/1/5 6169/1/5
f 6171/1/5 6162/1/5 6170/1/5
f 6172/1/5 6162/1/5 6171/1/5
f 6173/3/5 6163/3/5 6162/3/5
f 6173/1/5 6162/1/5 6172/1/5
f 6174/1/5 6157/1/5 6163/1/5
f 6174/3/5 6163/3/5 6173/3/5
f 6175/3/5 6165/3/5 6164/3/5
f 6175/1/5 6164/1/5 6142/1/5
f 6176/1/5 6166/1/5 6165/1/5
f 6176/3/5 6165/3/5 6175/3/5
f 6176/1/5 6167/1/5 6166/1/5
f 6177/1/5 6167/1/5 6176/1/5
f 6178/1/5 6167/1/5 6177/1/5
f 6179/2/5 6161/2/5 6160/2/5
f 6179/1/5 6167/1/5 6178/1/5
f 6179/1/5 6160/1/5 6167/1/5
f 6180/1/5 6168/1/5 6161/1/5
f 6180/2/5 6161/2/5 6179/2/5
f 6181/3/5 6169/3/5 6168/3/5
f 6181/1/5 6168/1/5 6180/1/5
f 6182/1/5 6170/1/5 6169/1/5
f 6182/3/5 6169/3/5 6181/3/5
f 6183/4/5 6171/4/5 6170/4/5
f 6183/1/5 6170/1/5 6182/1/5
f 6184/1/5 6172/1/5 6171/1/5
f 6184/4/5 6171/4/5 6183/4/5
f 6185/3/5 6173/3/5 6172/3/5
f 6185/1/5 6172/1/5 6184/1/5
f 6186/1/5 6174/1/5 6173/1/5
f 6186/3/5 6173/3/5 6185/3/5
f 6187/1/5 6175/1/5 6142/1/5
f 6187/1/5 6177/1/5 6176/1/5
f 6187/1/5 6176/1/5 6175/1/5
f 6188/1/5 6177/1/5 6187/1/5
f 6189/4/5 6178/4/5 6177/4/5
f 6189/1/5 6177/1/5 6188/1/5
f 6190/1/5 6184/1/5 6183/1/5
f 6190/4/5 6178/4/5 6189/4/5
f 6190/1/5 6183/1/5 6182/1/5
f 6190/1/5 6186/1/5 6185/1/5
f 6190/1/5 6181/1/5 6180/1/5
f 6190/1/5 6180/1/5 6179/1/5
f 6190/1/5 6179/1/5 6178/1/5
f 6190/1/5 6182/1/5 6181/1/5
f 6190/1/5 6185/1/5 6184/1/5
f 6191/1/5 6187/1/5 6142/1/5
f 6191/3/5 6188/3/5 6187/3/5
f 6192/1/5 6189/1/5 6188/1/5
f 6192/3/5 6188/3/5 6191/3/5
f 6192/1/5 6190/1/5 6189/1/5
f 6193/1/5 6186/1/5 6190/1/5
f 6193/1/5 6190/1/5 6192/1/5
f 6193/1/5 6192/1/5 6191/1/5
f 6194/1/5 6186/1/5 6193/1/5
f 6195/1/5 6193/1/5 6191/1/5
f 6196/1/5 6193/1/5 6195/1/5
f 6197/4/5 6194/4/5 6193/4/5
f 6197/1/5 6193/1/5 6196/1/5
f 6198/1/5 6186/1/5 6194/1/5
f 6198/4/5 6194/4/5 6197/4/5
f 6199/3/5 6196/3/5 6195/3/5
f 6199/1/5 6195/1/5 6191/1/5
f 6200/1/5 6197/1/5 6196/1/5
f 6200/3/5 6196/3/5 6199/3/5
f 6200/1/5 6198/1/5 6197/1/5
f 6201/1/5 6200/1/5 6199/1/5
f 6201/1/5 6198/1/5 6200/1/5
f 6202/1/5 6198/1/5 6201/1/5
f 6203/1/5 6199/1/5 6191/1/5
f 6203/1/5 6201/1/5 6199/1/5
f 6204/1/5 6201/1/5 6203/1/5
f 6205/2/5 6202/2/5 6201/2/5
f 6205/1/5 6201/1/5 6204/1/5
f 6206/1/5 6198/1/5 6202/1/5
f 6206/2/5 6202/2/5 6205/2/5
f 6207/2/5 6204/2/5 6203/2/5
f 6207/1/5 6203/1/5 6191/1/5
f 6208/1/5 6205/1/5 6204/1/5
f 6208/2/5 6204/2/5 6207/2/5
f 6208/1/5 6206/1/5 6205/1/5
f 6209/1/5 6206/1/5 6208/1/5
f 6210/1/5 6206/1/5 6209/1/5
f 6211/1/5 6206/1/5 6210/1/5
f 6212/1/5 6206/1/5 6211/1/5
f 6213/1/5 6208/1/5 6207/1/5
f 6213/1/5 6209/1/5 6208/1/5
f 6214/3/5 6210/3/5 6209/3/5
f 6214/1/5 6209/1/5 6213/1/5
f 6215/1/5 6211/1/5 6210/1/5
f 6216/1/5 6211/1/5 6215/1/5
f 6217/1/5 6211/1/5 6216/1/5
f 6218/4/5 6212/4/5 6211/4/5
f 6218/1/5 6211/1/5 6217/1/5
f 6219/4/5 6212/4/5 6218/4/5
f 6220/1/5 6206/1/5 6212/1/5
f 6220/4/5 6212/4/5 6219/4/5
f 6221/1/5 6206/1/5 6220/1/5
f 6222/1/5 6206/1/5 6221/1/5
f 6223/1/5 6198/1/5 6206/1/5
f 6223/1/5 6206/1/5 6222/1/5
f 6224/1/5 6198/1/5 6223/1/5
f 6225/1/5 6213/1/5 6207/1/5
f 6225/3/5 6214/3/5 6213/3/5
f 6226/3/5 6210/3/5 6214/3/5
f 6226/3/5 6214/3/5 6225/3/5
f 6226/1/5 6215/1/5 6210/1/5
f 6227/3/5 6216/3/5 6215/3/5
f 6227/1/5 6215/1/5 6226/1/5
f 6228/1/5 6217/1/5 6216/1/5
f 6228/3/5 6216/3/5 6227/3/5
f 6229/4/5 6219/4/5 6218/4/5
f 6229/4/5 6218/4/5 6217/4/5
f 6230/1/5 6220/1/5 6219/1/5
f 6230/4/5 6219/4/5 6229/4/5
f 6230/1/5 6221/1/5 6220/1/5
f 6231/1/5 6221/1/5 6230/1/5
f 6232/1/5 6221/1/5 6231/1/5
f 6233/3/5 6222/3/5 6221/3/5
f 6233/1/5 6221/1/5 6232/1/5
f 6234/1/5 6223/1/5 6222/1/5
f 6234/3/5 6222/3/5 6233/3/5
f 6235/2/5 6224/2/5 6223/2/5
f 6235/1/5 6223/1/5 6234/1/5
f 6236/1/5 6198/1/5 6224/1/5
f 6236/2/5 6224/2/5 6235/2/5
f 6237/1/5 6186/1/5 6198/1/5
f 6237/1/5 6198/1/5 6236/1/5
f 6238/1/5 6186/1/5 6237/1/5
f 6239/1/5 6050/1/5 6157/1/5
f 6239/1/5 6186/1/5 6238/1/5
f 6239/1/5 6174/1/5 6186/1/5
f 6239/1/5 6157/1/5 6174/1/5
f 6240/1/5 6050/1/5 6239/1/5
f 6241/1/5 6217/1/5 6228/1/5
f 6241/1/5 6227/1/5 6226/1/5
f 6241/1/5 6226/1/5 6225/1/5
f 6241/1/5 6228/1/5 6227/1/5
f 6242/1/5 6217/1/5 6241/1/5
f 6243/4/5 6229/4/5 6217/4/5
f 6243/1/5 6217/1/5 6242/1/5
f 6244/1/5 6231/1/5 6230/1/5
f 6244/4/5 6229/4/5 6243/4/5
f 6244/1/5 6230/1/5 6229/1/5
f 6245/3/5 6232/3/5 6231/3/5
f 6245/1/5 6231/1/5 6244/1/5
f 6246/1/5 6237/1/5 6236/1/5
f 6246/3/5 6232/3/5 6245/3/5
f 6246/1/5 6236/1/5 6235/1/5
f 6246/1/5 6235/1/5 6234/1/5
f 6246/1/5 6234/1/5 6233/1/5
f 6246/1/5 6233/1/5 6232/1/5
f 6247/3/5 6238/3/5 6237/3/5
f 6247/1/5 6237/1/5 6246/1/5
f 6248/1/5 6239/1/5 6238/1/5
f 6248/3/5 6238/3/5 6247/3/5
f 6249/3/5 6240/3/5 6239/3/5
f 6249/1/5 6239/1/5 6248/1/5
f 6250/1/5 6050/1/5 6240/1/5
f 6250/3/5 6240/3/5 6249/3/5
f 6251/1/5 6207/1/5 6191/1/5
f 6251/1/5 6241/1/5 6225/1/5
f 6251/1/5 6225/1/5 6207/1/5
f 6252/1/5 6241/1/5 6251/1/5
f 6253/4/5 6242/4/5 6241/4/5
f 6253/1/5 6241/1/5 6252/1/5
f 6254/1/5 6246/1/5 6245/1/5
f 6254/4/5 6242/4/5 6253/4/5
f 6254/1/5 6245/1/5 6244/1/5
f 6254/1/5 6243/1/5 6242/1/5
f 6254/1/5 6247/1/5 6246/1/5
f 6254/1/5 6250/1/5 6249/1/5
f 6254/1/5 6248/1/5 6247/1/5
f 6254/1/5 6249/1/5 6248/1/5
f 6254/1/5 6244/1/5 6243/1/5
f 6255/1/5 6250/1/5 6254/1/5
f 6256/1/5 6250/1/5 6255/1/5
f 6257/1/5 6250/1/5 6256/1/5
f 6258/1/5 6250/1/5 6257/1/5
f 6259/1/5 6251/1/5 6191/1/5
f 6259/3/5 6252/3/5 6251/3/5
f 6260/1/5 6253/1/5 6252/1/5
f 6260/3/5 6252/3/5 6259/3/5
f 6260/1/5 6254/1/5 6253/1/5
f 6260/1/5 6255/1/5 6254/1/5
f 6261/2/5 6258/2/5 6257/2/5
f 6261/1/5 6257/1/5 6256/1/5
f 6262/1/5 6250/1/5 6258/1/5
f 6262/2/5 6258/2/5 6261/2/5
f 6263/1/5 6250/1/5 6262/1/5
f 6264/1/5 6250/1/5 6263/1/5
f 6265/1/5 6250/1/5 6264/1/5
f 6266/1/5 6250/1/5 6265/1/5
f 6267/1/5 6250/1/5 6266/1/5
f 6268/1/5 6250/1/5 6267/1/5
f 6269/1/5 6255/1/5 6260/1/5
f 6269/1/5 6260/1/5 6259/1/5
f 6270/1/5 6255/1/5 6269/1/5
f 6271/2/5 6256/2/5 6255/2/5
f 6271/1/5 6255/1/5 6270/1/5
f 6272/1/5 6261/1/5 6256/1/5
f 6272/2/5 6256/2/5 6271/2/5
f 6272/1/5 6262/1/5 6261/1/5
f 6272/1/5 6263/1/5 6262/1/5
f 6273/1/5 6263/1/5 6272/1/5
f 6274/1/5 6263/1/5 6273/1/5
f 6275/1/5 6263/1/5 6274/1/5
f 6276/1/5 6263/1/5 6275/1/5
f 6277/4/5 6264/4/5 6263/4/5
f 6277/1/5 6263/1/5 6276/1/5
f 6278/1/5 6265/1/5 6264/1/5
f 6278/4/5 6264/4/5 6277/4/5
f 6279/3/5 6266/3/5 6265/3/5
f 6279/1/5 6265/1/5 6278/1/5
f 6280/1/5 6267/1/5 6266/1/5
f 6280/3/5 6266/3/5 6279/3/5
f 6281/2/5 6268/2/5 6267/2/5
f 6281/1/5 6267/1/5 6280/1/5
f 6282/1/5 6250/1/5 6268/1/5
f 6282/2/5 6268/2/5 6281/2/5
f 6283/2/5 6270/2/5 6269/2/5
f 6283/1/5 6269/1/5 6259/1/5
f 6284/1/5 6271/1/5 6270/1/5
f 6284/2/5 6270/2/5 6283/2/5
f 6284/1/5 6272/1/5 6271/1/5
f 6284/1/5 6273/1/5 6272/1/5
f 6285/3/5 6274/3/5 6273/3/5
f 6285/1/5 6273/1/5 6284/1/5
f 6286/1/5 6275/1/5 6274/1/5
f 6286/3/5 6274/3/5 6285/3/5
f 6287/4/5 6276/4/5 6275/4/5
f 6287/1/5 6275/1/5 6286/1/5
f 6288/1/5 6281/1/5 6280/1/5
f 6288/4/5 6276/4/5 6287/4/5
f 6288/1/5 6280/1/5 6279/1/5
f 6288/1/5 6282/1/5 6281/1/5
f 6288/1/5 6279/1/5 6278/1/5
f 6288/1/5 6278/1/5 6277/1/5
f 6288/1/5 6277/1/5 6276/1/5
f 6289/1/5 6287/1/5 6286/1/5
f 6289/1/5 6284/1/5 6283/1/5
f 6289/1/5 6288/1/5 6287/1/5
f 6289/1/5 6286/1/5 6285/1/5
f 6289/1/5 6285/1/5 6284/1/5
f 6290/1/5 6288/1/5 6289/1/5
f 6291/1/5 6282/1/5 6288/1/5
f 6291/1/5 6288/1/5 6290/1/5
f 6292/1/5 6282/1/5 6291/1/5
f 6293/3/5 6290/3/5 6289/3/5
f 6293/1/5 6289/1/5 6283/1/5
f 6294/1/5 6291/1/5 6290/1/5
f 6294/3/5 6290/3/5 6293/3/5
f 6295/3/5 6292/3/5 6291/3/5
f 6295/1/5 6291/1/5 6294/1/5
f 6296/1/5 6282/1/5 6292/1/5
f 6296/3/5 6292/3/5 6295/3/5
f 6297/1/5 6283/1/5 6259/1/5
f 6297/1/5 6295/1/5 6294/1/5
f 6297/1/5 6296/1/5 6295/1/5
f 6297/1/5 6293/1/5 6283/1/5
f 6297/1/5 6294/1/5 6293/1/5
f 6298/1/5 6296/1/5 6297/1/5
f 6299/1/5 6296/1/5 6298/1/5
f 6300/1/5 6296/1/5 6299/1/5
f 6301/1/5 6296/1/5 6300/1/5
f 6302/1/5 6296/1/5 6301/1/5
f 6303/1/5 6297/1/5 6259/1/5
f 6304/1/5 6297/1/5 6303/1/5
f 6305/3/5 6298/3/5 6297/3/5
f 6305/1/5 6297/1/5 6304/1/5
f 6306/1/5 6299/1/5 6298/1/5
f 6306/3/5 6298/3/5 6305/3/5
f 6307/1/5 6301/1/5 6300/1/5
f 6307/3/5 6302/3/5 6301/3/5
f 6308/1/5 6296/1/5 6302/1/5
f 6308/3/5 6302/3/5 6307/3/5
f 6309/2/5 6304/2/5 6303/2/5
f 6309/1/5 6303/1/5 6259/1/5
f 6310/1/5 6305/1/5 6304/1/5
f 6310/2/5 6304/2/5 6309/2/5
f 6310/1/5 6306/1/5 6305/1/5
f 6311/1/5 6299/1/5 6306/1/5
f 6311/1/5 6306/1/5 6310/1/5
f 6312/1/5 6299/1/5 6311/1/5
f 6313/3/5 6300/3/5 6299/3/5
f 6313/1/5 6299/1/5 6312/1/5
f 6314/1/5 6307/1/5 6300/1/5
f 6314/3/5 6300/3/5 6313/3/5
f 6314/1/5 6308/1/5 6307/1/5
f 6315/3/5 6312/3/5 6311/3/5
f 6315/1/5 6310/1/5 6309/1/5
f 6315/1/5 6311/1/5 6310/1/5
f 6316/1/5 6313/1/5 6312/1/5
f 6316/3/5 6312/3/5 6315/3/5
f 6316/1/5 6314/1/5 6313/1/5
f 6317/1/5 6314/1/5 6316/1/5
f 6318/1/5 6314/1/5 6317/1/5
f 6319/1/5 6316/1/5 6315/1/5
f 6319/1/5 6317/1/5 6316/1/5
f 6319/4/5 6318/4/5 6317/4/5
f 6320/1/5 6314/1/5 6318/1/5
f 6320/4/5 6318/4/5 6319/4/5
f 6321/1/5 6296/1/5 6308/1/5
f 6321/1/5 6314/1/5 6320/1/5
f 6321/1/5 6308/1/5 6314/1/5
f 6322/1/5 6296/1/5 6321/1/5
f 6323/1/5 6320/1/5 6319/1/5
f 6323/1/5 6321/1/5 6320/1/5
f 6324/1/5 6321/1/5 6323/1/5
f 6325/1/5 6321/1/5 6324/1/5
f 6326/1/5 6321/1/5 6325/1/5
f 6327/4/5 6322/4/5 6321/4/5
f 6327/1/5 6321/1/5 6326/1/5
f 6328/1/5 6296/1/5 6322/1/5
f 6328/4/5 6322/4/5 6327/4/5
f 6329/1/5 6323/1/5 6319/1/5
f 6330/1/5 6323/1/5 6329/1/5
f 6331/4/5 6324/4/5 6323/4/5
f 6331/1/5 6323/1/5 6330/1/5
f 6332/1/5 6325/1/5 6324/1/5
f 6332/4/5 6324/4/5 6331/4/5
f 6333/4/5 6326/4/5 6325/4/5
f 6333/1/5 6325/1/5 6332/1/5
f 6334/1/5 6327/1/5 6326/1/5
f 6334/4/5 6326/4/5 6333/4/5
f 6334/1/5 6328/1/5 6327/1/5
f 6335/3/5 6330/3/5 6329/3/5
f 6335/1/5 6329/1/5 6319/1/5
f 6336/1/5 6333/1/5 6332/1/5
f 6336/3/5 6330/3/5 6335/3/5
f 6336/1/5 6332/1/5 6331/1/5
f 6336/1/5 6334/1/5 6333/1/5
f 6336/1/5 6331/1/5 6330/1/5
f 6337/1/5 6328/1/5 6334/1/5
f 6337/1/5 6334/1/5 6336/1/5
f 6337/1/5 6296/1/5 6328/1/5
f 6338/1/5 6296/1/5 6337/1/5
f 6339/1/5 6336/1/5 6335/1/5
f 6339/1/5 6337/1/5 6336/1/5
f 6339/3/5 6338/3/5 6337/3/5
f 6340/1/5 6296/1/5 6338/1/5
f 6340/3/5 6338/3/5 6339/3/5
f 6341/1/5 6335/1/5 6319/1/5
f 6341/1/5 6339/1/5 6335/1/5
f 6341/1/5 6340/1/5 6339/1/5
f 6342/1/5 6340/1/5 6341/1/5
f 6343/1/5 6340/1/5 6342/1/5
f 6344/1/5 6340/1/5 6343/1/5
f 6345/1/5 6340/1/5 6344/1/5
f 6346/1/5 6340/1/5 6345/1/5
f 6347/1/5 6341/1/5 6319/1/5
f 6347/2/5 6342/2/5 6341/2/5
f 6348/1/5 6343/1/5 6342/1/5
f 6348/2/5 6342/2/5 6347/2/5
f 6349/1/5 6343/1/5 6348/1/5
f 6350/3/5 6344/3/5 6343/3/5
f 6350/1/5 6343/1/5 6349/1/5
f 6351/2/5 6346/2/5 6345/2/5
f 6351/1/5 6345/1/5 6344/1/5
f 6352/1/5 6340/1/5 6346/1/5
f 6352/2/5 6346/2/5 6351/2/5
f 6353/1/5 6319/1/5 6315/1/5
f 6353/1/5 6347/1/5 6319/1/5
f 6353/1/5 6349/1/5 6348/1/5
f 6353/1/5 6348/1/5 6347/1/5
f 6354/1/5 6349/1/5 6353/1/5
f 6355/3/5 6350/3/5 6349/3/5
f 6355/1/5 6349/1/5 6354/1/5
f 6356/1/5 6351/1/5 6344/1/5
f 6356/3/5 6350/3/5 6355/3/5
f 6356/3/5 6344/3/5 6350/3/5
f 6356/1/5 6352/1/5 6351/1/5
f 6357/1/5 6352/1/5 6356/1/5
f 6358/1/5 6352/1/5 6357/1/5
f 6359/1/5 6353/1/5 6315/1/5
f 6359/2/5 6354/2/5 6353/2/5
f 6360/1/5 6355/1/5 6354/1/5
f 6360/2/5 6354/2/5 6359/2/5
f 6360/1/5 6356/1/5 6355/1/5
f 6360/1/5 6357/1/5 6356/1/5
f 6361/1/5 6357/1/5 6360/1/5
f 6362/1/5 6357/1/5 6361/1/5
f 6363/3/5 6358/3/5 6357/3/5
f 6363/1/5 6357/1/5 6362/1/5
f 6364/1/5 6352/1/5 6358/1/5
f 6364/3/5 6358/3/5 6363/3/5
f 6365/1/5 6359/1/5 6315/1/5
f 6365/1/5 6360/1/5 6359/1/5
f 6365/1/5 6361/1/5 6360/1/5
f 6366/1/5 6361/1/5 6365/1/5
f 6367/3/5 6362/3/5 6361/3/5
f 6367/1/5 6361/1/5 6366/1/5
f 6368/1/5 6363/1/5 6362/1/5
f 6368/3/5 6362/3/5 6367/3/5
f 6368/1/5 6364/1/5 6363/1/5
f 6369/3/5 6366/3/5 6365/3/5
f 6369/1/5 6365/1/5 6315/1/5
f 6370/1/5 6367/1/5 6366/1/5
f 6370/3/5 6366/3/5 6369/3/5
f 6370/1/5 6368/1/5 6367/1/5
f 6371/1/5 6368/1/5 6370/1/5
f 6372/1/5 6368/1/5 6371/1/5
f 6373/1/5 6370/1/5 6369/1/5
f 6373/1/5 6371/1/5 6370/1/5
f 6373/3/5 6372/3/5 6371/3/5
f 6374/1/5 6368/1/5 6372/1/5
f 6374/3/5 6372/3/5 6373/3/5
f 6375/1/5 6368/1/5 6374/1/5
f 6376/1/5 6368/1/5 6375/1/5
f 6377/1/5 6374/1/5 6373/1/5
f 6377/1/5 6375/1/5 6374/1/5
f 6377/4/5 6376/4/5 6375/4/5
f 6378/1/5 6368/1/5 6376/1/5
f 6378/4/5 6376/4/5 6377/4/5
f 6379/1/5 6378/1/5 6377/1/5
f 6379/1/5 6368/1/5 6378/1/5
f 6380/1/5 6368/1/5 6379/1/5
f 6381/1/5 6368/1/5 6380/1/5
f 6382/1/5 6368/1/5 6381/1/5
f 6383/1/5 6379/1/5 6377/1/5
f 6383/3/5 6380/3/5 6379/3/5
f 6384/1/5 6381/1/5 6380/1/5
f 6384/3/5 6380/3/5 6383/3/5
f 6385/4/5 6382/4/5 6381/4/5
f 6385/1/5 6381/1/5 6384/1/5
f 6386/1/5 6368/1/5 6382/1/5
f 6386/4/5 6382/4/5 6385/4/5
f 6387/1/5 6364/1/5 6368/1/5
f 6387/1/5 6368/1/5 6386/1/5
f 6388/1/5 6364/1/5 6387/1/5
f 6389/1/5 6386/1/5 6385/1/5
f 6389/1/5 6385/1/5 6384/1/5
f 6389/1/5 6384/1/5 6383/1/5
f 6389/1/5 6387/1/5 6386/1/5
f 6389/1/5 6383/1/5 6377/1/5
f 6390/1/5 6387/1/5 6389/1/5
f 6391/2/5 6388/2/5 6387/2/5
f 6391/1/5 6387/1/5 6390/1/5
f 6392/1/5 6364/1/5 6388/1/5
f 6392/2/5 6388/2/5 6391/2/5
f 6393/1/5 6369/1/5 6315/1/5
f 6393/1/5 6373/1/5 6369/1/5
f 6393/1/5 6377/1/5 6373/1/5
f 6393/1/5 6389/1/5 6377/1/5
f 6394/1/5 6389/1/5 6393/1/5
f 6395/3/5 6394/3/5 6393/3/5
f 6395/1/5 6389/1/5 6394/1/5
f 6396/1/5 6389/1/5 6395/1/5
f 6397/2/5 6390/2/5 6389/2/5
f 6397/1/5 6389/1/5 6396/1/5
f 6398/1/5 6391/1/5 6390/1/5
f 6398/2/5 6390/2/5 6397/2/5
f 6398/1/5 6392/1/5 6391/1/5
f 6399/1/5 6392/1/5 6398/1/5
f 6400/1/5 6392/1/5 6399/1/5
f 6401/3/5 6395/3/5 6393/3/5
f 6401/3/5 6396/3/5 6395/3/5
f 6401/1/5 6393/1/5 6315/1/5
f 6402/1/5 6397/1/5 6396/1/5
f 6402/3/5 6396/3/5 6401/3/5
f 6402/1/5 6399/1/5 6398/1/5
f 6402/1/5 6398/1/5 6397/1/5
f 6403/1/5 6402/1/5 6401/1/5
f 6403/1/5 6399/1/5 6402/1/5
f 6404/1/5 6399/1/5 6403/1/5
f 6405/2/5 6400/2/5 6399/2/5
f 6405/1/5 6399/1/5 6404/1/5
f 6406/1/5 6392/1/5 6400/1/5
f 6406/2/5 6400/2/5 6405/2/5
f 6407/3/5 6404/3/5 6403/3/5
f 6407/1/5 6403/1/5 6401/1/5
f 6408/1/5 6405/1/5 6404/1/5
f 6408/3/5 6404/3/5 6407/3/5
f 6408/1/5 6406/1/5 6405/1/5
f 6409/1/5 6407/1/5 6401/1/5
f 6409/1/5 6408/1/5 6407/1/5
f 6410/1/5 6408/1/5 6409/1/5
f 6411/1/5 6409/1/5 6401/1/5
f 6411/2/5 6410/2/5 6409/2/5
f 6412/1/5 6408/1/5 6410/1/5
f 6412/2/5 6410/2/5 6411/2/5
f 6413/1/5 6259/1/5 6191/1/5
f 6413/1/5 6142/1/5 6049/1/5
f 6413/1/5 6412/1/5 6411/1/5
f 6413/1/5 6411/1/5 6401/1/5
f 6413/1/5 6191/1/5 6142/1/5
f 6413/1/5 6315/1/5 6309/1/5
f 6413/1/5 6401/1/5 6315/1/5
f 6413/1/5 6309/1/5 6259/1/5
f 6414/1/5 6412/1/5 6413/1/5
f 6415/11/5 6414/11/5 6413/11/5
f 6415/1/5 6412/1/5 6414/1/5
f 6416/1/5 6412/1/5 6415/1/5
f 6417/11/5 6416/11/5 6415/11/5
f 6417/1/5 6412/1/5 6416/1/5
f 6418/1/5 6412/1/5 6417/1/5
f 6419/11/5 6418/11/5 6417/11/5
f 6419/1/5 6412/1/5 6418/1/5
f 6420/1/5 6412/1/5 6419/1/5
f 6421/11/5 6420/11/5 6419/11/5
f 6421/1/5 6412/1/5 6420/1/5
f 6422/1/5 6412/1/5 6421/1/5
f 6423/11/5 6422/11/5 6421/11/5
f 6423/1/5 6412/1/5 6422/1/5
f 6424/1/5 6412/1/5 6423/1/5
f 6425/11/5 6424/11/5 6423/11/5
f 6425/1/5 6412/1/5 6424/1/5
f 6426/1/5 6412/1/5 6425/1/5
f 6427/11/5 6426/11/5 6425/11/5
f 6427/1/5 6412/1/5 6426/1/5
f 6428/1/5 6412/1/5 6427/1/5
f 6429/11/5 6428/11/5 6427/11/5
f 6429/1/5 6412/1/5 6428/1/5
f 6430/1/5 6412/1/5 6429/1/5
f 6431/11/5 6430/11/5 6429/11/5
f 6431/1/5 6412/1/5 6430/1/5
f 6432/1/5 6412/1/5 6431/1/5
f 6433/11/5 6432/11/5 6431/11/5
f 6433/1/5 6412/1/5 6432/1/5
f 6434/1/5 6412/1/5 6433/1/5
f 6435/1/5 6408/1/5 6412/1/5
f 6435/1/5 6412/1/5 6434/1/5
f 6435/1/5 6392/1/5 6406/1/5
f 6435/1/5 6406/1/5 6408/1/5
f 6435/1/5 6282/1/5 6296/1/5
f 6435/1/5 6250/1/5 6282/1/5
f 6435/1/5 6050/1/5 6250/1/5
f 6435/1/5 6364/1/5 6392/1/5
f 6435/1/5 6296/1/5 6340/1/5
f 6435/1/5 6352/1/5 6364/1/5
f 6435/1/5 6340/1/5 6352/1/5
f 6436/1/5 6050/1/5 6435/1/5
f 6437/11/5 6434/11/5 6433/11/5
f 6437/1/5 6435/1/5 6434/1/5
f 6438/1/5 6435/1/5 6437/1/5
f 6439/1/5 6435/1/5 6438/1/5
f 6440/11/5 6436/11/5 6435/11/5
f 6440/1/5 6435/1/5 6439/1/5
f 6441/1/5 6050/1/5 6436/1/5
f 6441/11/5 6436/11/5 6440/11/5
f 6442/1/5 6050/1/5 6441/1/5
f 6443/1/5 6439/1/5 6438/1/5
f 6443/11/5 6438/11/5 6437/11/5
f 6444/1/5 6439/1/5 6443/1/5
f 6445/1/5 6439/1/5 6444/1/5
f 6446/11/5 6440/11/5 6439/11/5
f 6446/1/5 6439/1/5 6445/1/5
f 6446/11/5 6442/11/5 6441/11/5
f 6446/11/5 6441/11/5 6440/11/5
f 6447/1/5 6445/1/5 6444/1/5
f 6447/11/5 6444/11/5 6443/11/5
f 6448/1/5 6445/1/5 6447/1/5
f 6449/1/5 6445/1/5 6448/1/5
f 6450/1/5 6445/1/5 6449/1/5
f 6451/1/5 6445/1/5 6450/1/5
f 6452/1/5 6445/1/5 6451/1/5
f 6453/1/5 6445/1/5 6452/1/5
f 6454/11/5 6446/11/5 6445/11/5
f 6454/1/5 6445/1/5 6453/1/5
f 6455/11/5 6448/11/5 6447/11/5
f 6455/1/5 6449/1/5 6448/1/5
f 6456/1/5 6449/1/5 6455/1/5
f 6457/1/5 6449/1/5 6456/1/5
f 6458/11/5 6450/11/5 6449/11/5
f 6458/1/5 6449/1/5 6457/1/5
f 6459/1/5 6451/1/5 6450/1/5
f 6459/11/5 6450/11/5 6458/11/5
f 6460/11/5 6452/11/5 6451/11/5
f 6460/1/5 6451/1/5 6459/1/5
f 6461/1/5 6453/1/5 6452/1/5
f 6461/11/5 6452/11/5 6460/11/5
f 6462/11/5 6454/11/5 6453/11/5
f 6462/1/5 6453/1/5 6461/1/5
f 6463/1/5 6457/1/5 6456/1/5
f 6463/11/5 6456/11/5 6455/11/5
f 6464/1/5 6457/1/5 6463/1/5
f 6465/1/5 6457/1/5 6464/1/5
f 6466/11/5 6460/11/5 6459/11/5
f 6466/1/5 6457/1/5 6465/1/5
f 6466/11/5 6461/11/5 6460/11/5
f 6466/11/5 6458/11/5 6457/11/5
f 6466/11/5 6459/11/5 6458/11/5
f 6466/11/5 6462/11/5 6461/11/5
f 6467/1/5 6465/1/5 6464/1/5
f 6467/11/5 6464/11/5 6463/11/5
f 6468/1/5 6465/1/5 6467/1/5
f 6469/1/5 6465/1/5 6468/1/5
f 6470/11/5 6466/11/5 6465/11/5
f 6470/1/5 6465/1/5 6469/1/5
f 6471/1/5 6469/1/5 6468/1/5
f 6471/11/5 6468/11/5 6467/11/5
f 6472/1/5 6469/1/5 6471/1/5
f 6473/1/5 6469/1/5 6472/1/5
f 6474/11/5 6470/11/5 6469/11/5
f 6474/1/5 6469/1/5 6473/1/5
f 6475/1/5 6473/1/5 6472/1/5
f 6475/11/5 6472/11/5 6471/11/5
f 6476/1/5 6473/1/5 6475/1/5
f 6477/1/5 6473/1/5 6476/1/5
f 6478/11/5 6474/11/5 6473/11/5
f 6478/1/5 6473/1/5 6477/1/5
f 6479/1/5 6477/1/5 6476/1/5
f 6479/11/5 6476/11/5 6475/11/5
f 6480/1/5 6477/1/5 6479/1/5
f 6481/1/5 6477/1/5 6480/1/5
f 6482/11/5 6478/11/5 6477/11/5
f 6482/1/5 6477/1/5 6481/1/5
f 6483/1/5 6481/1/5 6480/1/5
f 6483/11/5 6480/11/5 6479/11/5
f 6484/1/5 6481/1/5 6483/1/5
f 6485/1/5 6481/1/5 6484/1/5
f 6486/1/5 6481/1/5 6485/1/5
f 6487/1/5 6481/1/5 6486/1/5
f 6488/11/5 6482/11/5 6481/11/5
f 6488/1/5 6481/1/5 6487/1/5
f 6489/11/5 6484/11/5 6483/11/5
f 6489/1/5 6485/1/5 6484/1/5
f 6490/1/5 6485/1/5 6489/1/5
f 6491/1/5 6485/1/5 6490/1/5
f 6492/11/5 6486/11/5 6485/11/5
f 6492/1/5 6485/1/5 6491/1/5
f 6493/1/5 6487/1/5 6486/1/5
f 6493/11/5 6486/11/5 6492/11/5
f 6494/11/5 6488/11/5 6487/11/5
f 6494/1/5 6487/1/5 6493/1/5
f 6495/1/5 6491/1/5 6490/1/5
f 6495/11/5 6490/11/5 6489/11/5
f 6496/1/5 6491/1/5 6495/1/5
f 6497/1/5 6491/1/5 6496/1/5
f 6498/11/5 6492/11/5 6491/11/5
f 6498/1/5 6491/1/5 6497/1/5
f 6498/11/5 6493/11/5 6492/11/5
f 6498/11/5 6494/11/5 6493/11/5
f 6499/1/5 6497/1/5 6496/1/5
f 6499/11/5 6496/11/5 6495/11/5
f 6500/1/5 6497/1/5 6499/1/5
f 6501/1/5 6497/1/5 6500/1/5
f 6502/11/5 6498/11/5 6497/11/5
f 6502/1/5 6497/1/5 6501/1/5
f 6503/1/5 6501/1/5 6500/1/5
f 6503/11/5 6500/11/5 6499/11/5
f 6504/11/5 6502/11/5 6501/11/5
f 6504/1/5 6501/1/5 6503/1/5
f 6505/11/5 6433/11/5 6431/11/5
f 6505/11/5 6431/11/5 6429/11/5
f 6505/11/5 6504/11/5 6503/11/5
f 6505/11/5 6503/11/5 6499/11/5
f 6505/11/5 6499/11/5 6495/11/5
f 6505/11/5 6495/11/5 6489/11/5
f 6505/11/5 6489/11/5 6483/11/5
f 6505/11/5 6429/11/5 6427/11/5
f 6505/11/5 6427/11/5 6425/11/5
f 6505/11/5 6425/11/5 6423/11/5
f 6505/11/5 6483/11/5 6479/11/5
f 6505/11/5 6423/11/5 6421/11/5
f 6505/11/5 6479/11/5 6475/11/5
f 6505/11/5 6421/11/5 6419/11/5
f 6505/11/5 6475/11/5 6471/11/5
f 6505/11/5 6419/11/5 6417/11/5
f 6505/11/5 6471/11/5 6467/11/5
f 6505/11/5 6417/11/5 6415/11/5
f 6505/11/5 6467/11/5 6463/11/5
f 6505/11/5 6455/11/5 6447/11/5
f 6505/11/5 6463/11/5 6455/11/5
f 6505/11/5 6415/11/5 6413/11/5
f 6505/11/5 6437/11/5 6433/11/5
f 6505/11/5 6443/11/5 6437/11/5
f 6505/11/5 6447/11/5 6443/11/5
f 6506/11/5 6442/11/5 6446/11/5
f 6506/11/5 6504/11/5 6505/11/5
f 6506/11/5 6502/11/5 6504/11/5
f 6506/11/5 6462/11/5 6466/11/5
f 6506/11/5 6446/11/5 6454/11/5
f 6506/11/5 6488/11/5 6494/11/5
f 6506/11/5 6466/11/5 6470/11/5
f 6506/11/5 6498/11/5 6502/11/5
f 6506/11/5 6454/11/5 6462/11/5
f 6506/11/5 6470/11/5 6474/11/5
f 6506/11/5 6474/11/5 6478/11/5
f 6506/11/5 6478/11/5 6482/11/5
f 6506/11/5 6494/11/5 6498/11/5
f 6506/11/5 6482/11/5 6488/11/5
f 6507/1/6 6508/1/6 6509/1/6
f 6509/1/6 6508/1/6 6510/1/6
f 6507/1/6 6509/1/6 6511/1/6
f 6509/3/6 6510/3/6 6511/3/6
f 6510/1/6 6508/1/6 6512/1/6
f 6511/3/6 6510/3/6 6512/3/6
f 6511/1/6 6512/1/6 6513/1/6
f 6512/1/6 6508/1/6 6513/1/6
f 6513/1/6 6508/1/6 6514/1/6
f 6511/1/6 6513/1/6 6515/1/6
f 6515/1/6 6513/1/6 6516/1/6
f 6516/1/6 6513/1/6 6517/1/6
f 6517/1/6 6513/1/6 6518/1/6
f 6513/4/6 6514/4/6 6519/4/6
f 6518/1/6 6513/1/6 6519/1/6
f 6514/1/6 6508/1/6 6520/1/6
f 6519/4/6 6514/4/6 6520/4/6
f 6511/1/6 6515/1/6 6521/1/6
f 6515/3/6 6516/3/6 6521/3/6
f 6516/1/6 6517/1/6 6522/1/6
f 6521/3/6 6516/3/6 6522/3/6
f 6522/1/6 6517/1/6 6523/1/6
f 6523/1/6 6517/1/6 6524/1/6
f 6517/4/6 6518/4/6 6525/4/6
f 6524/1/6 6517/1/6 6525/1/6
f 6518/1/6 6519/1/6 6526/1/6
f 6525/4/6 6518/4/6 6526/4/6
f 6519/1/6 6520/1/6 6526/1/6
f 6523/2/6 6524/2/6 6527/2/6
f 6522/1/6 6523/1/6 6527/1/6
f 6521/1/6 6522/1/6 6527/1/6
f 6524/1/6 6525/1/6 6528/1/6
f 6527/2/6 6524/2/6 6528/2/6
f 6525/1/6 6526/1/6 6528/1/6
f 6526/1/6 6520/1/6 6529/1/6
f 6528/1/6 6526/1/6 6529/1/6
f 6520/1/6 6508/1/6 6529/1/6
f 6529/1/6 6508/1/6 6530/1/6
f 6527/1/6 6528/1/6 6531/1/6
f 6528/1/6 6529/1/6 6531/1/6
f 6529/3/6 6530/3/6 6531/3/6
f 6530/1/6 6508/1/6 6532/1/6
f 6531/3/6 6530/3/6 6532/3/6
f 6531/1/6 6532/1/6 6533/1/6
f 6532/1/6 6508/1/6 6533/1/6
f 6533/1/6 6508/1/6 6534/1/6
f 6521/1/6 6527/1/6 6535/1/6
f 6527/1/6 6531/1/6 6535/1/6
f 6531/1/6 6533/1/6 6535/1/6
f 6535/1/6 6533/1/6 6536/1/6
f 6536/1/6 6533/1/6 6537/1/6
f 6537/1/6 6533/1/6 6538/1/6
f 6533/3/6 6534/3/6 6539/3/6
f 6538/1/6 6533/1/6 6539/1/6
f 6534/1/6 6508/1/6 6540/1/6
f 6539/3/6 6534/3/6 6540/3/6
f 6511/1/6 6521/1/6 6541/1/6
f 6521/1/6 6535/1/6 6541/1/6
f 6541/1/6 6535/1/6 6542/1/6
f 6535/3/6 6536/3/6 6543/3/6
f 6542/1/6 6535/1/6 6543/1/6
f 6536/1/6 6537/1/6 6544/1/6
f 6543/3/6 6536/3/6 6544/3/6
f 6537/3/6 6538/3/6 6545/3/6
f 6544/1/6 6537/1/6 6545/1/6
f 6538/1/6 6539/1/6 6546/1/6
f 6545/3/6 6538/3/6 6546/3/6
f 6539/1/6 6540/1/6 6546/1/6
f 6511/1/6 6541/1/6 6547/1/6
f 6541/3/6 6542/3/6 6547/3/6
f 6544/1/6 6545/1/6 6548/1/6
f 6547/3/6 6542/3/6 6548/3/6
f 6543/1/6 6544/1/6 6548/1/6
f 6542/1/6 6543/1/6 6548/1/6
f 6545/1/6 6546/1/6 6548/1/6
f 6548/1/6 6546/1/6 6549/1/6
f 6549/1/6 6546/1/6 6550/1/6
f 6549/4/6 6550/4/6 6551/4/6
f 6550/1/6 6546/1/6 6551/1/6
f 6551/1/6 6546/1/6 6552/1/6
f 6552/1/6 6546/1/6 6553/1/6
f 6553/1/6 6546/1/6 6554/1/6
f 6547/1/6 6548/1/6 6555/1/6
f 6548/1/6 6549/1/6 6555/1/6
f 6555/1/6 6549/1/6 6556/1/6
f 6549/4/6 6551/4/6 6557/4/6
f 6556/1/6 6549/1/6 6557/1/6
f 6551/4/6 6552/4/6 6557/4/6
f 6552/1/6 6553/1/6 6558/1/6
f 6557/4/6 6552/4/6 6558/4/6
f 6558/1/6 6553/1/6 6559/1/6
f 6559/1/6 6553/1/6 6560/1/6
f 6560/1/6 6553/1/6 6561/1/6
f 6553/2/6 6554/2/6 6562/2/6
f 6561/1/6 6553/1/6 6562/1/6
f 6554/1/6 6546/1/6 6563/1/6
f 6562/2/6 6554/2/6 6563/2/6
f 6511/1/6 6547/1/6 6564/1/6
f 6547/1/6 6555/1/6 6564/1/6
f 6564/1/6 6555/1/6 6565/1/6
f 6565/1/6 6555/1/6 6566/1/6
f 6566/1/6 6555/1/6 6567/1/6
f 6555/3/6 6556/3/6 6568/3/6
f 6567/1/6 6555/1/6 6568/1/6
f 6556/1/6 6557/1/6 6569/1/6
f 6568/3/6 6556/3/6 6569/3/6
f 6557/1/6 6558/1/6 6569/1/6
f 6558/1/6 6559/1/6 6569/1/6
f 6559/4/6 6560/4/6 6570/4/6
f 6569/1/6 6559/1/6 6570/1/6
f 6560/1/6 6561/1/6 6571/1/6
f 6570/4/6 6560/4/6 6571/4/6
f 6571/1/6 6561/1/6 6572/1/6
f 6572/1/6 6561/1/6 6573/1/6
f 6564/2/6 6565/2/6 6574/2/6
f 6511/1/6 6564/1/6 6574/1/6
f 6565/1/6 6566/1/6 6575/1/6
f 6574/2/6 6565/2/6 6575/2/6
f 6566/3/6 6567/3/6 6576/3/6
f 6575/1/6 6566/1/6 6576/1/6
f 6569/1/6 6570/1/6 6577/1/6
f 6576/3/6 6567/3/6 6577/3/6
f 6567/1/6 6568/1/6 6577/1/6
f 6571/1/6 6572/1/6 6577/1/6
f 6570/1/6 6571/1/6 6577/1/6
f 6568/1/6 6569/1/6 6577/1/6
f 6577/1/6 6572/1/6 6578/1/6
f 6578/1/6 6572/1/6 6579/1/6
f 6579/1/6 6572/1/6 6580/1/6
f 6580/1/6 6572/1/6 6581/1/6
f 6572/3/6 6573/3/6 6582/3/6
f 6581/1/6 6572/1/6 6582/1/6
f 6573/1/6 6561/1/6 6583/1/6
f 6582/3/6 6573/3/6 6583/3/6
f 6561/4/6 6562/4/6 6584/4/6
f 6583/1/6 6561/1/6 6584/1/6
f 6562/1/6 6563/1/6 6585/1/6
f 6584/4/6 6562/4/6 6585/4/6
f 6563/1/6 6546/1/6 6586/1/6
f 6585/1/6 6563/1/6 6586/1/6
f 6546/1/6 6540/1/6 6586/1/6
f 6586/1/6 6540/1/6 6587/1/6
f 6575/1/6 6576/1/6 6588/1/6
f 6574/1/6 6575/1/6 6588/1/6
f 6576/1/6 6577/1/6 6588/1/6
f 6577/1/6 6578/1/6 6588/1/6
f 6578/3/6 6579/3/6 6589/3/6
f 6588/1/6 6578/1/6 6589/1/6
f 6579/1/6 6580/1/6 6590/1/6
f 6580/2/6 6581/2/6 6590/2/6
f 6584/1/6 6585/1/6 6591/1/6
f 6590/2/6 6581/2/6 6591/2/6
f 6582/1/6 6583/1/6 6591/1/6
f 6583/1/6 6584/1/6 6591/1/6
f 6585/1/6 6586/1/6 6591/1/6
f 6581/1/6 6582/1/6 6591/1/6
f 6586/2/6 6587/2/6 6592/2/6
f 6591/1/6 6586/1/6 6592/1/6
f 6587/1/6 6540/1/6 6593/1/6
f 6592/2/6 6587/2/6 6593/2/6
f 6507/1/6 6511/1/6 6594/1/6
f 6574/1/6 6588/1/6 6594/1/6
f 6511/1/6 6574/1/6 6594/1/6
f 6594/1/6 6588/1/6 6595/1/6
f 6588/3/6 6589/3/6 6596/3/6
f 6595/1/6 6588/1/6 6596/1/6
f 6579/1/6 6590/1/6 6597/1/6
f 6596/3/6 6589/3/6 6597/3/6
f 6589/3/6 6579/3/6 6597/3/6
f 6592/1/6 6593/1/6 6597/1/6
f 6591/1/6 6592/1/6 6597/1/6
f 6590/1/6 6591/1/6 6597/1/6
f 6597/1/6 6593/1/6 6598/1/6
f 6598/1/6 6593/1/6 6599/1/6
f 6507/1/6 6594/1/6 6600/1/6
f 6594/3/6 6595/3/6 6600/3/6
f 6595/1/6 6596/1/6 6601/1/6
f 6600/3/6 6595/3/6 6601/3/6
f 6596/1/6 6597/1/6 6601/1/6
f 6597/1/6 6598/1/6 6601/1/6
f 6598/4/6 6599/4/6 6602/4/6
f 6601/1/6 6598/1/6 6602/1/6
f 6599/1/6 6593/1/6 6603/1/6
f 6602/4/6 6599/4/6 6603/4/6
f 6603/1/6 6593/1/6 6604/1/6
f 6604/1/6 6593/1/6 6605/1/6
f 6593/1/6 6540/1/6 6606/1/6
f 6605/1/6 6593/1/6 6606/1/6
f 6540/1/6 6508/1/6 6606/1/6
f 6606/1/6 6508/1/6 6607/1/6
f 6607/1/6 6508/1/6 6608/1/6
f 6608/1/6 6508/1/6 6609/1/6
f 6604/4/6 6605/4/6 6610/4/6
f 6601/1/6 6602/1/6 6610/1/6
f 6603/1/6 6604/1/6 6610/1/6
f 6600/1/6 6601/1/6 6610/1/6
f 6602/1/6 6603/1/6 6610/1/6
f 6605/1/6 6606/1/6 6611/1/6
f 6610/4/6 6605/4/6 6611/4/6
f 6606/3/6 6607/3/6 6612/3/6
f 6611/1/6 6606/1/6 6612/1/6
f 6607/1/6 6608/1/6 6613/1/6
f 6612/3/6 6607/3/6 6613/3/6
f 6608/2/6 6609/2/6 6614/2/6
f 6613/1/6 6608/1/6 6614/1/6
f 6609/1/6 6508/1/6 6615/1/6
f 6614/2/6 6609/2/6 6615/2/6
f 6613/1/6 6614/1/6 6616/1/6
f 6612/1/6 6613/1/6 6616/1/6
f 6614/1/6 6615/1/6 6616/1/6
f 6611/1/6 6612/1/6 6616/1/6
f 6610/1/6 6611/1/6 6616/1/6
f 6616/1/6 6615/1/6 6617/1/6
f 6617/1/6 6615/1/6 6618/1/6
f 6618/1/6 6615/1/6 6619/1/6
f 6619/1/6 6615/1/6 6620/1/6
f 6620/1/6 6615/1/6 6621/1/6
f 6600/1/6 6610/1/6 6622/1/6
f 6610/1/6 6616/1/6 6622/1/6
f 6622/1/6 6616/1/6 6623/1/6
f 6616/3/6 6617/3/6 6624/3/6
f 6623/1/6 6616/1/6 6624/1/6
f 6617/1/6 6618/1/6 6625/1/6
f 6624/3/6 6617/3/6 6625/3/6
f 6619/1/6 6620/1/6 6626/1/6
f 6626/1/6 6620/1/6 6627/1/6
f 6627/1/6 6620/1/6 6628/1/6
f 6628/1/6 6620/1/6 6629/1/6
f 6629/1/6 6620/1/6 6630/1/6
f 6620/3/6 6621/3/6 6631/3/6
f 6630/1/6 6620/1/6 6631/1/6
f 6621/1/6 6615/1/6 6632/1/6
f 6631/3/6 6621/3/6 6632/3/6
f 6622/3/6 6623/3/6 6633/3/6
f 6600/1/6 6622/1/6 6633/1/6
f 6623/1/6 6624/1/6 6634/1/6
f 6633/3/6 6623/3/6 6634/3/6
f 6624/1/6 6625/1/6 6634/1/6
f 6634/1/6 6625/1/6 6635/1/6
f 6635/1/6 6625/1/6 6636/1/6
f 6618/2/6 6619/2/6 6637/2/6
f 6636/1/6 6625/1/6 6637/1/6
f 6625/1/6 6618/1/6 6637/1/6
f 6619/1/6 6626/1/6 6638/1/6
f 6637/2/6 6619/2/6 6638/2/6
f 6626/3/6 6627/3/6 6639/3/6
f 6638/1/6 6626/1/6 6639/1/6
f 6627/1/6 6628/1/6 6640/1/6
f 6639/3/6 6627/3/6 6640/3/6
f 6628/4/6 6629/4/6 6641/4/6
f 6640/1/6 6628/1/6 6641/1/6
f 6629/1/6 6630/1/6 6642/1/6
f 6641/4/6 6629/4/6 6642/4/6
f 6630/3/6 6631/3/6 6643/3/6
f 6642/1/6 6630/1/6 6643/1/6
f 6631/1/6 6632/1/6 6644/1/6
f 6643/3/6 6631/3/6 6644/3/6
f 6600/1/6 6633/1/6 6645/1/6
f 6634/1/6 6635/1/6 6645/1/6
f 6633/1/6 6634/1/6 6645/1/6
f 6645/1/6 6635/1/6 6646/1/6
f 6635/4/6 6636/4/6 6647/4/6
f 6646/1/6 6635/1/6 6647/1/6
f 6641/1/6 6642/1/6 6648/1/6
f 6647/4/6 6636/4/6 6648/4/6
f 6640/1/6 6641/1/6 6648/1/6
f 6643/1/6 6644/1/6 6648/1/6
f 6638/1/6 6639/1/6 6648/1/6
f 6637/1/6 6638/1/6 6648/1/6
f 6636/1/6 6637/1/6 6648/1/6
f 6639/1/6 6640/1/6 6648/1/6
f 6642/1/6 6643/1/6 6648/1/6
f 6600/1/6 6645/1/6 6649/1/6
f 6645/3/6 6646/3/6 6649/3/6
f 6646/1/6 6647/1/6 6650/1/6
f 6649/3/6 6646/3/6 6650/3/6
f 6647/1/6 6648/1/6 6650/1/6
f 6648/1/6 6644/1/6 6651/1/6
f 6650/1/6 6648/1/6 6651/1/6
f 6649/1/6 6650/1/6 6651/1/6
f 6651/1/6 6644/1/6 6652/1/6
f 6649/1/6 6651/1/6 6653/1/6
f 6653/1/6 6651/1/6 6654/1/6
f 6651/4/6 6652/4/6 6655/4/6
f 6654/1/6 6651/1/6 6655/1/6
f 6652/1/6 6644/1/6 6656/1/6
f 6655/4/6 6652/4/6 6656/4/6
f 6653/3/6 6654/3/6 6657/3/6
f 6649/1/6 6653/1/6 6657/1/6
f 6654/1/6 6655/1/6 6658/1/6
f 6657/3/6 6654/3/6 6658/3/6
f 6655/1/6 6656/1/6 6658/1/6
f 6657/1/6 6658/1/6 6659/1/6
f 6658/1/6 6656/1/6 6659/1/6
f 6659/1/6 6656/1/6 6660/1/6
f 6649/1/6 6657/1/6 6661/1/6
f 6657/1/6 6659/1/6 6661/1/6
f 6661/1/6 6659/1/6 6662/1/6
f 6659/2/6 6660/2/6 6663/2/6
f 6662/1/6 6659/1/6 6663/1/6
f 6660/1/6 6656/1/6 6664/1/6
f 6663/2/6 6660/2/6 6664/2/6
f 6661/2/6 6662/2/6 6665/2/6
f 6649/1/6 6661/1/6 6665/1/6
f 6662/1/6 6663/1/6 6666/1/6
f 6665/2/6 6662/2/6 6666/2/6
f 6663/1/6 6664/1/6 6666/1/6
f 6666/1/6 6664/1/6 6667/1/6
f 6667/1/6 6664/1/6 6668/1/6
f 6668/1/6 6664/1/6 6669/1/6
f 6669/1/6 6664/1/6 6670/1/6
f 6665/1/6 6666/1/6 6671/1/6
f 6666/1/6 6667/1/6 6671/1/6
f 6667/3/6 6668/3/6 6672/3/6
f 6671/1/6 6667/1/6 6672/1/6
f 6668/1/6 6669/1/6 6673/1/6
f 6673/1/6 6669/1/6 6674/1/6
f 6674/1/6 6669/1/6 6675/1/6
f 6669/4/6 6670/4/6 6676/4/6
f 6675/1/6 6669/1/6 6676/1/6
f 6676/4/6 6670/4/6 6677/4/6
f 6670/1/6 6664/1/6 6678/1/6
f 6677/4/6 6670/4/6 6678/4/6
f 6678/1/6 6664/1/6 6679/1/6
f 6679/1/6 6664/1/6 6680/1/6
f 6664/1/6 6656/1/6 6681/1/6
f 6680/1/6 6664/1/6 6681/1/6
f 6681/1/6 6656/1/6 6682/1/6
f 6665/1/6 6671/1/6 6683/1/6
f 6671/3/6 6672/3/6 6683/3/6
f 6672/3/6 6668/3/6 6684/3/6
f 6683/3/6 6672/3/6 6684/3/6
f 6668/1/6 6673/1/6 6684/1/6
f 6673/3/6 6674/3/6 6685/3/6
f 6684/1/6 6673/1/6 6685/1/6
f 6674/1/6 6675/1/6 6686/1/6
f 6685/3/6 6674/3/6 6686/3/6
f 6676/4/6 6677/4/6 6687/4/6
f 6675/4/6 6676/4/6 6687/4/6
f 6677/1/6 6678/1/6 6688/1/6
f 6687/4/6 6677/4/6 6688/4/6
f 6678/1/6 6679/1/6 6688/1/6
f 6688/1/6 6679/1/6 6689/1/6
f 6689/1/6 6679/1/6 6690/1/6
f 6679/3/6 6680/3/6 6691/3/6
f 6690/1/6 6679/1/6 6691/1/6
f 6680/1/6 6681/1/6 6692/1/6
f 6691/3/6 6680/3/6 6692/3/6
f 6681/2/6 6682/2/6 6693/2/6
f 6692/1/6 6681/1/6 6693/1/6
f 6682/1/6 6656/1/6 6694/1/6
f 6693/2/6 6682/2/6 6694/2/6
f 6656/1/6 6644/1/6 6695/1/6
f 6694/1/6 6656/1/6 6695/1/6
f 6695/1/6 6644/1/6 6696/1/6
f 6615/1/6 6508/1/6 6697/1/6
f 6696/1/6 6644/1/6 6697/1/6
f 6644/1/6 6632/1/6 6697/1/6
f 6632/1/6 6615/1/6 6697/1/6
f 6697/1/6 6508/1/6 6698/1/6
f 6686/1/6 6675/1/6 6699/1/6
f 6684/1/6 6685/1/6 6699/1/6
f 6683/1/6 6684/1/6 6699/1/6
f 6685/1/6 6686/1/6 6699/1/6
f 6699/1/6 6675/1/6 6700/1/6
f 6675/4/6 6687/4/6 6701/4/6
f 6700/1/6 6675/1/6 6701/1/6
f 6688/1/6 6689/1/6 6702/1/6
f 6701/4/6 6687/4/6 6702/4/6
f 6687/1/6 6688/1/6 6702/1/6
f 6689/3/6 6690/3/6 6703/3/6
f 6702/1/6 6689/1/6 6703/1/6
f 6694/1/6 6695/1/6 6704/1/6
f 6703/3/6 6690/3/6 6704/3/6
f 6693/1/6 6694/1/6 6704/1/6
f 6692/1/6 6693/1/6 6704/1/6
f 6691/1/6 6692/1/6 6704/1/6
f 6690/1/6 6691/1/6 6704/1/6
f 6695/3/6 6696/3/6 6705/3/6
f 6704/1/6 6695/1/6 6705/1/6
f 6696/1/6 6697/1/6 6706/1/6
f 6705/3/6 6696/3/6 6706/3/6
f 6697/3/6 6698/3/6 6707/3/6
f 6706/1/6 6697/1/6 6707/1/6
f 6698/1/6 6508/1/6 6708/1/6
f 6707/3/6 6698/3/6 6708/3/6
f 6649/1/6 6665/1/6 6709/1/6
f 6683/1/6 6699/1/6 6709/1/6
f 6665/1/6 6683/1/6 6709/1/6
f 6709/1/6 6699/1/6 6710/1/6
f 6699/4/6 6700/4/6 6711/4/6
f 6710/1/6 6699/1/6 6711/1/6
f 6703/1/6 6704/1/6 6712/1/6
f 6711/4/6 6700/4/6 6712/4/6
f 6702/1/6 6703/1/6 6712/1/6
f 6700/1/6 6701/1/6 6712/1/6
f 6704/1/6 6705/1/6 6712/1/6
f 6707/1/6 6708/1/6 6712/1/6
f 6705/1/6 6706/1/6 6712/1/6
f 6706/1/6 6707/1/6 6712/1/6
f 6701/1/6 6702/1/6 6712/1/6
f 6712/1/6 6708/1/6 6713/1/6
f 6713/1/6 6708/1/6 6714/1/6
f 6714/1/6 6708/1/6 6715/1/6
f 6715/1/6 6708/1/6 6716/1/6
f 6649/1/6 6709/1/6 6717/1/6
f 6709/3/6 6710/3/6 6717/3/6
f 6710/1/6 6711/1/6 6718/1/6
f 6717/3/6 6710/3/6 6718/3/6
f 6711/1/6 6712/1/6 6718/1/6
f 6712/1/6 6713/1/6 6718/1/6
f 6715/2/6 6716/2/6 6719/2/6
f 6714/1/6 6715/1/6 6719/1/6
f 6716/1/6 6708/1/6 6720/1/6
f 6719/2/6 6716/2/6 6720/2/6
f 6720/1/6 6708/1/6 6721/1/6
f 6721/1/6 6708/1/6 6722/1/6
f 6722/1/6 6708/1/6 6723/1/6
f 6723/1/6 6708/1/6 6724/1/6
f 6724/1/6 6708/1/6 6725/1/6
f 6725/1/6 6708/1/6 6726/1/6
f 6718/1/6 6713/1/6 6727/1/6
f 6717/1/6 6718/1/6 6727/1/6
f 6727/1/6 6713/1/6 6728/1/6
f 6713/2/6 6714/2/6 6729/2/6
f 6728/1/6 6713/1/6 6729/1/6
f 6714/1/6 6719/1/6 6730/1/6
f 6729/2/6 6714/2/6 6730/2/6
f 6719/1/6 6720/1/6 6730/1/6
f 6720/1/6 6721/1/6 6730/1/6
f 6730/1/6 6721/1/6 6731/1/6
f 6731/1/6 6721/1/6 6732/1/6
f 6732/1/6 6721/1/6 6733/1/6
f 6733/1/6 6721/1/6 6734/1/6
f 6721/4/6 6722/4/6 6735/4/6
f 6734/1/6 6721/1/6 6735/1/6
f 6722/1/6 6723/1/6 6736/1/6
f 6735/4/6 6722/4/6 6736/4/6
f 6723/3/6 6724/3/6 6737/3/6
f 6736/1/6 6723/1/6 6737/1/6
f 6724/1/6 6725/1/6 6738/1/6
f 6737/3/6 6724/3/6 6738/3/6
f 6725/2/6 6726/2/6 6739/2/6
f 6738/1/6 6725/1/6 6739/1/6
f 6726/1/6 6708/1/6 6740/1/6
f 6739/2/6 6726/2/6 6740/2/6
f 6727/2/6 6728/2/6 6741/2/6
f 6717/1/6 6727/1/6 6741/1/6
f 6728/1/6 6729/1/6 6742/1/6
f 6741/2/6 6728/2/6 6742/2/6
f 6729/1/6 6730/1/6 6742/1/6
f 6730/1/6 6731/1/6 6742/1/6
f 6731/3/6 6732/3/6 6743/3/6
f 6742/1/6 6731/1/6 6743/1/6
f 6732/1/6 6733/1/6 6744/1/6
f 6743/3/6 6732/3/6 6744/3/6
f 6733/4/6 6734/4/6 6745/4/6
f 6744/1/6 6733/1/6 6745/1/6
f 6738/1/6 6739/1/6 6746/1/6
f 6745/4/6 6734/4/6 6746/4/6
f 6737/1/6 6738/1/6 6746/1/6
f 6739/1/6 6740/1/6 6746/1/6
f 6736/1/6 6737/1/6 6746/1/6
f 6735/1/6 6736/1/6 6746/1/6
f 6734/1/6 6735/1/6 6746/1/6
f 6649/1/6 6717/1/6 6747/1/6
f 6507/1/6 6600/1/6 6747/1/6
f 6745/1/6 6746/1/6 6747/1/6
f 6743/1/6 6744/1/6 6747/1/6
f 6742/1/6 6743/1/6 6747/1/6
f 6600/1/6 6649/1/6 6747/1/6
f 6741/1/6 6742/1/6 6747/1/6
f 6717/1/6 6741/1/6 6747/1/6
f 6744/1/6 6745/1/6 6747/1/6
f 6747/1/6 6746/1/6 6748/1/6
f 6748/1/6 6746/1/6 6749/1/6
f 6749/1/6 6746/1/6 6750/1/6
f 6746/1/6 6740/1/6 6751/1/6
f 6750/1/6 6746/1/6 6751/1/6
f 6751/1/6 6740/1/6 6752/1/6
f 6740/1/6 6708/1/6 6753/1/6
f 6752/1/6 6740/1/6 6753/1/6
f 6708/1/6 6508/1/6 6753/1/6
f 6753/1/6 6508/1/6 6754/1/6
f 6748/1/6 6749/1/6 6755/1/6
f 6755/1/6 6749/1/6 6756/1/6
f 6749/3/6 6750/3/6 6757/3/6
f 6756/1/6 6749/1/6 6757/1/6
f 6750/1/6 6751/1/6 6758/1/6
f 6757/3/6 6750/3/6 6758/3/6
f 6751/3/6 6752/3/6 6759/3/6
f 6758/1/6 6751/1/6 6759/1/6
f 6752/1/6 6753/1/6 6760/1/6
f 6759/3/6 6752/3/6 6760/3/6
f 6760/1/6 6753/1/6 6761/1/6
f 6761/1/6 6753/1/6 6762/1/6
f 6757/1/6 6758/1/6 6763/1/6
f 6760/1/6 6761/1/6 6763/1/6
f 6759/1/6 6760/1/6 6763/1/6
f 6756/1/6 6757/1/6 6763/1/6
f 6758/1/6 6759/1/6 6763/1/6
f 6763/1/6 6761/1/6 6764/1/6
f 6764/1/6 6761/1/6 6765/1/6
f 6765/1/6 6761/1/6 6766/1/6
f 6766/1/6 6761/1/6 6767/1/6
f 6767/1/6 6761/1/6 6768/1/6
f 6768/1/6 6761/1/6 6769/1/6
f 6769/1/6 6761/1/6 6770/1/6
f 6770/1/6 6761/1/6 6771/1/6
f 6771/1/6 6761/1/6 6772/1/6
f 6764/1/6 6765/1/6 6773/1/6
f 6773/1/6 6765/1/6 6774/1/6
f 6774/1/6 6765/1/6 6775/1/6
f 6775/1/6 6765/1/6 6776/1/6
f 6765/3/6 6766/3/6 6777/3/6
f 6776/1/6 6765/1/6 6777/1/6
f 6766/1/6 6767/1/6 6778/1/6
f 6777/3/6 6766/3/6 6778/3/6
f 6768/1/6 6769/1/6 6779/1/6
f 6769/3/6 6770/3/6 6779/3/6
f 6770/1/6 6771/1/6 6780/1/6
f 6779/3/6 6770/3/6 6780/3/6
f 6780/1/6 6771/1/6 6781/1/6
f 6781/1/6 6771/1/6 6782/1/6
f 6774/1/6 6775/1/6 6783/1/6
f 6783/1/6 6775/1/6 6784/1/6
f 6775/2/6 6776/2/6 6785/2/6
f 6784/1/6 6775/1/6 6785/1/6
f 6776/1/6 6777/1/6 6786/1/6
f 6785/2/6 6776/2/6 6786/2/6
f 6777/1/6 6778/1/6 6786/1/6
f 6778/1/6 6767/1/6 6787/1/6
f 6786/1/6 6778/1/6 6787/1/6
f 6787/1/6 6767/1/6 6788/1/6
f 6767/3/6 6768/3/6 6789/3/6
f 6788/1/6 6767/1/6 6789/1/6
f 6768/1/6 6779/1/6 6790/1/6
f 6789/3/6 6768/3/6 6790/3/6
f 6780/1/6 6781/1/6 6790/1/6
f 6779/1/6 6780/1/6 6790/1/6
f 6790/1/6 6781/1/6 6791/1/6
f 6791/1/6 6781/1/6 6792/1/6
f 6784/1/6 6785/1/6 6793/1/6
f 6785/1/6 6786/1/6 6793/1/6
f 6786/1/6 6787/1/6 6793/1/6
f 6793/1/6 6787/1/6 6794/1/6
f 6787/3/6 6788/3/6 6795/3/6
f 6794/1/6 6787/1/6 6795/1/6
f 6788/1/6 6789/1/6 6796/1/6
f 6795/3/6 6788/3/6 6796/3/6
f 6790/1/6 6791/1/6 6796/1/6
f 6789/1/6 6790/1/6 6796/1/6
f 6796/1/6 6791/1/6 6797/1/6
f 6797/1/6 6791/1/6 6798/1/6
f 6794/1/6 6795/1/6 6799/1/6
f 6795/1/6 6796/1/6 6799/1/6
f 6796/1/6 6797/1/6 6799/1/6
f 6799/1/6 6797/1/6 6800/1/6
f 6797/4/6 6798/4/6 6801/4/6
f 6800/1/6 6797/1/6 6801/1/6
f 6798/1/6 6791/1/6 6802/1/6
f 6801/4/6 6798/4/6 6802/4/6
f 6802/1/6 6791/1/6 6803/1/6
f 6803/1/6 6791/1/6 6804/1/6
f 6804/1/6 6791/1/6 6805/1/6
f 6805/1/6 6791/1/6 6806/1/6
f 6800/1/6 6801/1/6 6807/1/6
f 6801/1/6 6802/1/6 6807/1/6
f 6802/1/6 6803/1/6 6807/1/6
f 6807/1/6 6803/1/6 6808/1/6
f 6808/1/6 6803/1/6 6809/1/6
f 6809/1/6 6803/1/6 6810/1/6
f 6810/1/6 6803/1/6 6811/1/6
f 6811/1/6 6803/1/6 6812/1/6
f 6803/4/6 6804/4/6 6813/4/6
f 6812/1/6 6803/1/6 6813/1/6
f 6804/1/6 6805/1/6 6814/1/6
f 6813/4/6 6804/4/6 6814/4/6
f 6814/1/6 6805/1/6 6815/1/6
f 6815/1/6 6805/1/6 6816/1/6
f 6808/1/6 6809/1/6 6817/1/6
f 6817/1/6 6809/1/6 6818/1/6
f 6818/1/6 6809/1/6 6819/1/6
f 6819/1/6 6809/1/6 6820/1/6
f 6809/4/6 6810/4/6 6821/4/6
f 6820/1/6 6809/1/6 6821/1/6
f 6810/1/6 6811/1/6 6822/1/6
f 6821/4/6 6810/4/6 6822/4/6
f 6811/4/6 6812/4/6 6823/4/6
f 6822/1/6 6811/1/6 6823/1/6
f 6812/1/6 6813/1/6 6824/1/6
f 6823/4/6 6812/4/6 6824/4/6
f 6814/1/6 6815/1/6 6824/1/6
f 6813/1/6 6814/1/6 6824/1/6
f 6824/1/6 6815/1/6 6825/1/6
f 6825/1/6 6815/1/6 6826/1/6
f 6818/1/6 6819/1/6 6827/1/6
f 6827/1/6 6819/1/6 6828/1/6
f 6819/3/6 6820/3/6 6829/3/6
f 6828/1/6 6819/1/6 6829/1/6
f 6822/1/6 6823/1/6 6830/1/6
f 6829/3/6 6820/3/6 6830/3/6
f 6821/1/6 6822/1/6 6830/1/6
f 6820/1/6 6821/1/6 6830/1/6
f 6823/1/6 6824/1/6 6830/1/6
f 6824/1/6 6825/1/6 6830/1/6
f 6830/1/6 6825/1/6 6831/1/6
f 6831/1/6 6825/1/6 6832/1/6
f 6832/1/6 6825/1/6 6833/1/6
f 6833/1/6 6825/1/6 6834/1/6
f 6828/1/6 6829/1/6 6835/1/6
f 6829/1/6 6830/1/6 6835/1/6
f 6830/1/6 6831/1/6 6835/1/6
f 6835/1/6 6831/1/6 6836/1/6
f 6836/1/6 6831/1/6 6837/1/6
f 6831/3/6 6832/3/6 6838/3/6
f 6837/1/6 6831/1/6 6838/1/6
f 6832/1/6 6833/1/6 6839/1/6
f 6838/3/6 6832/3/6 6839/3/6
f 6839/1/6 6833/1/6 6840/1/6
f 6840/1/6 6833/1/6 6841/1/6
f 6841/1/6 6833/1/6 6842/1/6
f 6836/1/6 6837/1/6 6843/1/6
f 6843/1/6 6837/1/6 6844/1/6
f 6844/1/6 6837/1/6 6845/1/6
f 6845/1/6 6837/1/6 6846/1/6
f 6846/1/6 6837/1/6 6847/1/6
f 6847/1/6 6837/1/6 6848/1/6
f 6848/1/6 6837/1/6 6849/1/6
f 6849/1/6 6837/1/6 6850/1/6
f 6850/1/6 6837/1/6 6851/1/6
f 6851/1/6 6837/1/6 6852/1/6
f 6840/1/6 6841/1/6 6853/1/6
f 6853/1/6 6841/1/6 6854/1/6
f 6844/1/6 6845/1/6 6855/1/6
f 6855/1/6 6845/1/6 6856/1/6
f 6845/2/6 6846/2/6 6857/2/6
f 6856/1/6 6845/1/6 6857/1/6
f 6846/1/6 6847/1/6 6858/1/6
f 6857/2/6 6846/2/6 6858/2/6
f 6858/1/6 6847/1/6 6859/1/6
f 6847/3/6 6848/3/6 6860/3/6
f 6859/1/6 6847/1/6 6860/1/6
f 6848/1/6 6849/1/6 6861/1/6
f 6849/2/6 6850/2/6 6862/2/6
f 6861/1/6 6849/1/6 6862/1/6
f 6850/1/6 6851/1/6 6863/1/6
f 6862/2/6 6850/2/6 6863/2/6
f 6863/1/6 6851/1/6 6864/1/6
f 6856/1/6 6857/1/6 6865/1/6
f 6857/1/6 6858/1/6 6865/1/6
f 6858/1/6 6859/1/6 6865/1/6
f 6865/1/6 6859/1/6 6866/1/6
f 6866/1/6 6859/1/6 6867/1/6
f 6867/1/6 6859/1/6 6868/1/6
f 6859/3/6 6860/3/6 6869/3/6
f 6868/1/6 6859/1/6 6869/1/6
f 6848/1/6 6861/1/6 6870/1/6
f 6869/3/6 6860/3/6 6870/3/6
f 6860/3/6 6848/3/6 6870/3/6
f 6870/1/6 6861/1/6 6871/1/6
f 6871/1/6 6861/1/6 6872/1/6
f 6872/1/6 6861/1/6 6873/1/6
f 6873/1/6 6861/1/6 6874/1/6
f 6866/1/6 6867/1/6 6875/1/6
f 6875/1/6 6867/1/6 6876/1/6
f 6867/2/6 6868/2/6 6877/2/6
f 6876/1/6 6867/1/6 6877/1/6
f 6868/1/6 6869/1/6 6878/1/6
f 6877/2/6 6868/2/6 6878/2/6
f 6869/1/6 6870/1/6 6878/1/6
f 6870/1/6 6871/1/6 6878/1/6
f 6878/1/6 6871/1/6 6879/1/6
f 6879/1/6 6871/1/6 6880/1/6
f 6871/3/6 6872/3/6 6881/3/6
f 6880/1/6 6871/1/6 6881/1/6
f 6872/1/6 6873/1/6 6882/1/6
f 6881/3/6 6872/3/6 6882/3/6
f 6882/1/6 6873/1/6 6883/1/6
f 6883/1/6 6873/1/6 6884/1/6
f 6876/1/6 6877/1/6 6885/1/6
f 6877/1/6 6878/1/6 6885/1/6
f 6878/1/6 6879/1/6 6885/1/6
f 6885/1/6 6879/1/6 6886/1/6
f 6886/1/6 6879/1/6 6887/1/6
f 6887/1/6 6879/1/6 6888/1/6
f 6879/3/6 6880/3/6 6889/3/6
f 6888/1/6 6879/1/6 6889/1/6
f 6882/1/6 6883/1/6 6890/1/6
f 6889/3/6 6880/3/6 6890/3/6
f 6880/1/6 6881/1/6 6890/1/6
f 6881/1/6 6882/1/6 6890/1/6
f 6890/1/6 6883/1/6 6891/1/6
f 6891/1/6 6883/1/6 6892/1/6
f 6886/1/6 6887/1/6 6893/1/6
f 6893/1/6 6887/1/6 6894/1/6
f 6887/3/6 6888/3/6 6895/3/6
f 6894/1/6 6887/1/6 6895/1/6
f 6888/1/6 6889/1/6 6896/1/6
f 6895/3/6 6888/3/6 6896/3/6
f 6890/1/6 6891/1/6 6896/1/6
f 6889/1/6 6890/1/6 6896/1/6
f 6896/1/6 6891/1/6 6897/1/6
f 6897/1/6 6891/1/6 6898/1/6
f 6898/1/6 6891/1/6 6899/1/6
f 6899/1/6 6891/1/6 6900/1/6
f 6894/1/6 6895/1/6 6901/1/6
f 6895/1/6 6896/1/6 6901/1/6
f 6896/1/6 6897/1/6 6901/1/6
f 6901/1/6 6897/1/6 6902/1/6
f 6897/3/6 6898/3/6 6903/3/6
f 6902/1/6 6897/1/6 6903/1/6
f 6898/1/6 6899/1/6 6904/1/6
f 6903/3/6 6898/3/6 6904/3/6
f 6904/1/6 6899/1/6 6905/1/6
f 6905/1/6 6899/1/6 6906/1/6
f 6906/1/6 6899/1/6 6907/1/6
f 6907/1/6 6899/1/6 6908/1/6
f 6902/1/6 6903/1/6 6909/1/6
f 6903/1/6 6904/1/6 6909/1/6
f 6904/1/6 6905/1/6 6909/1/6
f 6909/1/6 6905/1/6 6910/1/6
f 6905/4/6 6906/4/6 6911/4/6
f 6910/1/6 6905/1/6 6911/1/6
f 6906/1/6 6907/1/6 6912/1/6
f 6911/4/6 6906/4/6 6912/4/6
f 6912/1/6 6907/1/6 6913/1/6
f 6913/1/6 6907/1/6 6914/1/6
f 6910/1/6 6911/1/6 6915/1/6
f 6912/1/6 6913/1/6 6915/1/6
f 6911/1/6 6912/1/6 6915/1/6
f 6915/1/6 6913/1/6 6916/1/6
f 6916/1/6 6913/1/6 6917/1/6
f 6917/1/6 6913/1/6 6918/1/6
f 6916/1/6 6917/1/6 6919/1/6
f 6919/1/6 6917/1/6 6920/1/6
f 6920/1/6 6917/1/6 6921/1/6
f 6921/1/6 6917/1/6 6922/1/6
f 6922/1/6 6917/1/6 6923/1/6
f 6923/1/6 6917/1/6 6924/1/6
f 6924/1/6 6917/1/6 6925/1/6
f 6925/1/6 6917/1/6 6926/1/6
f 6920/1/6 6921/1/6 6927/1/6
f 6927/1/6 6921/1/6 6928/1/6
f 6921/3/6 6922/3/6 6929/3/6
f 6928/1/6 6921/1/6 6929/1/6
f 6922/1/6 6923/1/6 6930/1/6
f 6929/3/6 6922/3/6 6930/3/6
f 6923/4/6 6924/4/6 6931/4/6
f 6930/1/6 6923/1/6 6931/1/6
f 6924/1/6 6925/1/6 6932/1/6
f 6931/4/6 6924/4/6 6932/4/6
f 6932/1/6 6925/1/6 6933/1/6
f 6933/1/6 6925/1/6 6934/1/6
f 6934/1/6 6925/1/6 6935/1/6
f 6935/1/6 6925/1/6 6936/1/6
f 6930/1/6 6931/1/6 6937/1/6
f 6928/1/6 6929/1/6 6937/1/6
f 6929/1/6 6930/1/6 6937/1/6
f 6932/1/6 6933/1/6 6937/1/6
f 6931/1/6 6932/1/6 6937/1/6
f 6937/1/6 6933/1/6 6938/1/6
f 6938/1/6 6933/1/6 6939/1/6
f 6939/1/6 6933/1/6 6940/1/6
f 6933/2/6 6934/2/6 6941/2/6
f 6940/1/6 6933/1/6 6941/1/6
f 6934/1/6 6935/1/6 6942/1/6
f 6941/2/6 6934/2/6 6942/2/6
f 6942/1/6 6935/1/6 6943/1/6
f 6943/1/6 6935/1/6 6944/1/6
f 6938/1/6 6939/1/6 6945/1/6
f 6945/1/6 6939/1/6 6946/1/6
f 6946/1/6 6939/1/6 6947/1/6
f 6947/1/6 6939/1/6 6948/1/6
f 6940/1/6 6941/1/6 6949/1/6
f 6942/1/6 6943/1/6 6949/1/6
f 6941/1/6 6942/1/6 6949/1/6
f 6949/1/6 6943/1/6 6950/1/6
f 6946/1/6 6947/1/6 6951/1/6
f 6951/1/6 6947/1/6 6952/1/6
f 6948/1/6 6939/1/6 6953/1/6
f 6947/3/6 6948/3/6 6953/3/6
f 6953/1/6 6939/1/6 6954/1/6
f 6939/2/6 6940/2/6 6955/2/6
f 6954/1/6 6939/1/6 6955/1/6
f 6940/1/6 6949/1/6 6956/1/6
f 6955/2/6 6940/2/6 6956/2/6
f 6956/1/6 6949/1/6 6957/1/6
f 6957/1/6 6949/1/6 6958/1/6
f 6958/1/6 6949/1/6 6959/1/6
f 6959/1/6 6949/1/6 6960/1/6
f 6952/1/6 6947/1/6 6961/1/6
f 6961/1/6 6947/1/6 6962/1/6
f 6953/3/6 6954/3/6 6963/3/6
f 6962/1/6 6947/1/6 6963/1/6
f 6947/3/6 6953/3/6 6963/3/6
f 6954/1/6 6955/1/6 6964/1/6
f 6963/3/6 6954/3/6 6964/3/6
f 6955/1/6 6956/1/6 6964/1/6
f 6956/1/6 6957/1/6 6964/1/6
f 6958/1/6 6959/1/6 6965/1/6
f 6965/1/6 6959/1/6 6966/1/6
f 6962/1/6 6963/1/6 6967/1/6
f 6963/1/6 6964/1/6 6967/1/6
f 6967/1/6 6964/1/6 6968/1/6
f 6964/1/6 6957/1/6 6969/1/6
f 6968/1/6 6964/1/6 6969/1/6
f 6969/1/6 6957/1/6 6970/1/6
f 6957/2/6 6958/2/6 6971/2/6
f 6970/1/6 6957/1/6 6971/1/6
f 6958/1/6 6965/1/6 6972/1/6
f 6971/2/6 6958/2/6 6972/2/6
f 6972/1/6 6965/1/6 6973/1/6
f 6973/1/6 6965/1/6 6974/1/6
f 6968/1/6 6969/1/6 6975/1/6
f 6975/1/6 6969/1/6 6976/1/6
f 6969/3/6 6970/3/6 6977/3/6
f 6976/1/6 6969/1/6 6977/1/6
f 6970/1/6 6971/1/6 6978/1/6
f 6977/3/6 6970/3/6 6978/3/6
f 6972/1/6 6973/1/6 6978/1/6
f 6971/1/6 6972/1/6 6978/1/6
f 6978/1/6 6973/1/6 6979/1/6
f 6979/1/6 6973/1/6 6980/1/6
f 6976/1/6 6977/1/6 6981/1/6
f 6978/1/6 6979/1/6 6981/1/6
f 6977/1/6 6978/1/6 6981/1/6
f 6981/1/6 6979/1/6 6982/1/6
f 6982/1/6 6979/1/6 6983/1/6
f 6983/1/6 6979/1/6 6984/1/6
f 6982/1/6 6983/1/6 6985/1/6
f 6985/1/6 6983/1/6 6986/1/6
f 6986/1/6 6983/1/6 6987/1/6
f 6987/1/6 6983/1/6 6988/1/6
f 6988/1/6 6983/1/6 6989/1/6
f 6989/1/6 6983/1/6 6990/1/6
f 6986/1/6 6987/1/6 6991/1/6
f 6987/2/6 6988/2/6 6992/2/6
f 6991/1/6 6987/1/6 6992/1/6
f 6988/1/6 6989/1/6 6993/1/6
f 6992/2/6 6988/2/6 6993/2/6
f 6993/1/6 6989/1/6 6994/1/6
f 6994/1/6 6989/1/6 6995/1/6
f 6995/1/6 6989/1/6 6996/1/6
f 6994/1/6 6995/1/6 6997/1/6
f 6997/1/6 6995/1/6 6998/1/6
f 6999/1/6 7000/1/6 7003/1/6
f 7001/1/6 7002/1/6 7006/1/6
f 7003/1/6 7004/1/6 7007/1/6
f 7005/1/6 7006/1/6 7010/1/6
f 7007/1/6 7008/1/6 7011/1/6
f 7009/1/6 7010/1/6 7014/1/6
f 7011/1/6 7012/1/6 7015/1/6
f 7013/1/6 7014/1/6 7018/1/6
f 7015/1/6 7016/1/6 7019/1/6
f 7019/1/6 7020/1/6 7021/1/6
f 7017/1/6 7018/1/6 7024/1/6
f 7021/1/6 7022/1/6 7025/1/6
f 7023/1/6 7024/1/6 7028/1/6
f 7025/1/6 7026/1/6 7029/1/6
f 7027/1/6 7028/1/6 7032/1/6
f 7029/1/6 7030/1/6 7033/1/6
f 7031/1/6 7032/1/6 7036/1/6
f 7033/1/6 7034/1/6 7037/1/6
f 6999/1/6 7003/1/6 7037/1/6
f 7003/1/6 7007/1/6 7037/1/6
f 7007/1/6 7011/1/6 7037/1/6
f 7029/1/6 7033/1/6 7037/1/6
f 7011/1/6 7015/1/6 7037/1/6
f 7015/1/6 7019/1/6 7037/1/6
f 7025/1/6 7029/1/6 7037/1/6
f 7019/1/6 7021/1/6 7037/1/6
f 7021/1/6 7025/1/6 7037/1/6
f 7037/1/6 7034/1/6 7038/1/6
f 7038/1/6 7034/1/6 7039/1/6
f 7035/1/6 7036/1/6 7044/1/6
f 7038/1/6 7039/1/6 7045/1/6
f 7039/1/6 7040/1/6 7045/1/6
f 7045/1/6 7040/1/6 7046/1/6
f 7046/1/6 7040/1/6 7047/1/6
f 7041/1/6 7042/1/6 7050/1/6
f 7050/1/6 7042/1/6 7051/1/6
f 7043/1/6 7044/1/6 7052/1/6
f 7047/1/6 7048/1/6 7053/1/6
f 7046/1/6 7047/1/6 7053/1/6
f 7053/1/6 7048/1/6 7054/1/6
f 7054/1/6 7048/1/6 7055/1/6
f 7051/1/6 7052/1/6 7058/1/6
f 7050/1/6 7051/1/6 7058/1/6
f 7049/1/6 7050/1/6 7058/1/6
f 7058/1/6 7052/1/6 7059/1/6
f 7059/1/6 7052/1/6 7060/1/6
f 7055/1/6 7056/1/6 7061/1/6
f 7054/1/6 7055/1/6 7061/1/6
f 7061/1/6 7056/1/6 7062/1/6
f 7062/1/6 7056/1/6 7063/1/6
f 7058/1/6 7059/1/6 7066/1/6
f 7057/1/6 7058/1/6 7066/1/6
f 7059/3/6 7060/3/6 7067/3/6
f 7066/1/6 7059/1/6 7067/1/6
f 7060/1/6 7052/1/6 7068/1/6
f 7067/3/6 7060/3/6 7068/3/6
f 7068/1/6 7052/1/6 7069/1/6
f 7069/1/6 7052/1/6 7070/1/6
f 7063/1/6 7064/1/6 7071/1/6
f 7062/1/6 7063/1/6 7071/1/6
f 7071/1/6 7064/1/6 7072/1/6
f 7072/1/6 7064/1/6 7073/1/6
f 7066/1/6 7067/1/6 7076/1/6
f 7065/1/6 7066/1/6 7076/1/6
f 7068/1/6 7069/1/6 7076/1/6
f 7067/1/6 7068/1/6 7076/1/6
f 7069/4/6 7070/4/6 7077/4/6
f 7076/1/6 7069/1/6 7077/1/6
f 7070/1/6 7052/1/6 7078/1/6
f 7077/4/6 7070/4/6 7078/4/6
f 7073/1/6 7074/1/6 7079/1/6
f 7072/1/6 7073/1/6 7079/1/6
f 7079/1/6 7074/1/6 7080/1/6
f 7080/1/6 7074/1/6 7081/1/6
f 7081/1/6 7074/1/6 7082/1/6
f 7082/1/6 7074/1/6 7083/1/6
f 7077/1/6 7078/1/6 7086/1/6
f 7076/1/6 7077/1/6 7086/1/6
f 7075/1/6 7076/1/6 7086/1/6
f 7078/1/6 7052/1/6 7087/1/6
f 7036/1/6 7032/1/6 7087/1/6
f 7086/1/6 7078/1/6 7087/1/6
f 7006/1/6 7002/1/6 7087/1/6
f 7010/1/6 7006/1/6 7087/1/6
f 7032/1/6 7028/1/6 7087/1/6
f 7014/1/6 7010/1/6 7087/1/6
f 7018/1/6 7014/1/6 7087/1/6
f 7028/1/6 7024/1/6 7087/1/6
f 7024/1/6 7018/1/6 7087/1/6
f 7044/1/6 7036/1/6 7087/1/6
f 7052/1/6 7044/1/6 7087/1/6
f 7087/1/6 7002/1/6 7088/1/6
f 7080/1/6 7081/1/6 7089/1/6
f 7089/1/6 7081/1/6 7090/1/6
f 7081/2/6 7082/2/6 7091/2/6
f 7090/1/6 7081/1/6 7091/1/6
f 7083/1/6 7084/1/6 7092/1/6
f 7091/2/6 7082/2/6 7092/2/6
f 7082/1/6 7083/1/6 7092/1/6
f 7092/1/6 7084/1/6 7093/1/6
f 7085/1/6 7086/1/6 7096/1/6
f 7086/1/6 7087/1/6 7096/1/6
f 7096/1/6 7087/1/6 7097/1/6
f 7097/1/6 7087/1/6 7098/1/6
f 7093/1/6 7094/1/6 7099/1/6
f 7092/1/6 7093/1/6 7099/1/6
f 7090/1/6 7091/1/6 7099/1/6
f 7091/1/6 7092/1/6 7099/1/6
f 7099/1/6 7094/1/6 7100/1/6
f 7100/1/6 7094/1/6 7101/1/6
f 7096/1/6 7097/1/6 7104/1/6
f 7095/1/6 7096/1/6 7104/1/6
f 7101/1/6 7102/1/6 7105/1/6
f 7100/1/6 7101/1/6 7105/1/6
f 7105/1/6 7102/1/6 7106/1/6
f 7106/1/6 7102/1/6 7107/1/6
f 7103/1/6 7104/1/6 7110/1/6
f 7104/1/6 7097/1/6 7111/1/6
f 7110/1/6 7104/1/6 7111/1/6
f 7111/1/6 7097/1/6 7112/1/6
f 7112/1/6 7097/1/6 7113/1/6
f 7113/1/6 7097/1/6 7114/1/6
f 7107/1/6 7108/1/6 7115/1/6
f 7106/1/6 7107/1/6 7115/1/6
f 7115/1/6 7108/1/6 7116/1/6
f 7116/1/6 7108/1/6 7117/1/6
f 7109/1/6 7110/1/6 7120/1/6
f 7110/1/6 7111/1/6 7120/1/6
f 7111/3/6 7112/3/6 7121/3/6
f 7120/1/6 7111/1/6 7121/1/6
f 7112/1/6 7113/1/6 7122/1/6
f 7121/3/6 7112/3/6 7122/3/6
f 7122/1/6 7113/1/6 7123/1/6
f 7123/1/6 7113/1/6 7124/1/6
f 7117/1/6 7118/1/6 7125/1/6
f 7116/1/6 7117/1/6 7125/1/6
f 7125/1/6 7118/1/6 7126/1/6
f 7126/1/6 7118/1/6 7127/1/6
f 7120/1/6 7121/1/6 7130/1/6
f 7119/1/6 7120/1/6 7130/1/6
f 7122/1/6 7123/1/6 7130/1/6
f 7121/1/6 7122/1/6 7130/1/6
f 7130/1/6 7123/1/6 7131/1/6
f 7131/1/6 7123/1/6 7132/1/6
f 7132/1/6 7123/1/6 7133/1/6
f 7133/1/6 7123/1/6 7134/1/6
f 7134/1/6 7123/1/6 7135/1/6
f 7135/1/6 7123/1/6 7136/1/6
f 7127/1/6 7128/1/6 7137/1/6
f 7126/1/6 7127/1/6 7137/1/6
f 7137/1/6 7128/1/6 7138/1/6
f 7138/1/6 7128/1/6 7139/1/6
f 7129/1/6 7130/1/6 7142/1/6
f 7130/1/6 7131/1/6 7142/1/6
f 7142/1/6 7131/1/6 7143/1/6
f 7143/1/6 7131/1/6 7144/1/6
f 7132/1/6 7133/1/6 7145/1/6
f 7145/1/6 7133/1/6 7146/1/6
f 7134/1/6 7135/1/6 7147/1/6
f 7147/1/6 7135/1/6 7148/1/6
f 7139/1/6 7140/1/6 7149/1/6
f 7138/1/6 7139/1/6 7149/1/6
f 7149/1/6 7140/1/6 7150/1/6
f 7150/1/6 7140/1/6 7151/1/6
f 7142/1/6 7143/1/6 7154/1/6
f 7141/1/6 7142/1/6 7154/1/6
f 7154/1/6 7143/1/6 7155/1/6
f 7155/1/6 7143/1/6 7156/1/6
f 7151/1/6 7152/1/6 7157/1/6
f 7150/1/6 7151/1/6 7157/1/6
f 7157/1/6 7152/1/6 7158/1/6
f 7158/1/6 7152/1/6 7159/1/6
f 7154/1/6 7155/1/6 7162/1/6
f 7153/1/6 7154/1/6 7162/1/6
f 7162/1/6 7155/1/6 7163/1/6
f 7163/1/6 7155/1/6 7164/1/6
f 7164/1/6 7155/1/6 7165/1/6
f 7165/1/6 7155/1/6 7166/1/6
f 7159/1/6 7160/1/6 7167/1/6
f 7158/1/6 7159/1/6 7167/1/6
f 7167/1/6 7160/1/6 7168/1/6
f 7168/1/6 7160/1/6 7169/1/6
f 7162/1/6 7163/1/6 7172/1/6
f 7161/1/6 7162/1/6 7172/1/6
f 7172/1/6 7163/1/6 7173/1/6
f 7173/1/6 7163/1/6 7174/1/6
f 7164/1/6 7165/1/6 7175/1/6
f 7175/1/6 7165/1/6 7176/1/6
f 7169/1/6 7170/1/6 7177/1/6
f 7168/1/6 7169/1/6 7177/1/6
f 7177/1/6 7170/1/6 7178/1/6
f 7178/1/6 7170/1/6 7179/1/6
f 7172/1/6 7173/1/6 7182/1/6
f 7171/1/6 7172/1/6 7182/1/6
f 7182/1/6 7173/1/6 7183/1/6
f 7183/1/6 7173/1/6 7184/1/6
f 7184/1/6 7173/1/6 7185/1/6
f 7185/1/6 7173/1/6 7186/1/6
f 7179/1/6 7180/1/6 7187/1/6
f 7178/1/6 7179/1/6 7187/1/6
f 7187/1/6 7180/1/6 7188/1/6
f 7188/1/6 7180/1/6 7189/1/6
f 7181/1/6 7182/1/6 7192/1/6
f 7182/1/6 7183/1/6 7192/1/6
f 7183/2/6 7184/2/6 7193/2/6
f 7192/1/6 7183/1/6 7193/1/6
f 7184/1/6 7185/1/6 7194/1/6
f 7193/2/6 7184/2/6 7194/2/6
f 7194/1/6 7185/1/6 7195/1/6
f 7195/1/6 7185/1/6 7196/1/6
f 7189/1/6 7190/1/6 7197/1/6
f 7188/1/6 7189/1/6 7197/1/6
f 7197/1/6 7190/1/6 7198/1/6
f 7198/1/6 7190/1/6 7199/1/6
f 7192/1/6 7193/1/6 7202/1/6
f 7191/1/6 7192/1/6 7202/1/6
f 7194/1/6 7195/1/6 7202/1/6
f 7193/1/6 7194/1/6 7202/1/6
f 7202/1/6 7195/1/6 7203/1/6
f 7203/1/6 7195/1/6 7204/1/6
f 7199/1/6 7200/1/6 7205/1/6
f 7198/1/6 7199/1/6 7205/1/6
f 7205/1/6 7200/1/6 7206/1/6
f 7206/1/6 7200/1/6 7207/1/6
f 7202/1/6 7203/1/6 7210/1/6
f 7201/1/6 7202/1/6 7210/1/6
f 7210/1/6 7203/1/6 7211/1/6
f 7211/1/6 7203/1/6 7212/1/6
f 7207/1/6 7208/1/6 7213/1/6
f 7206/1/6 7207/1/6 7213/1/6
f 7213/1/6 7208/1/6 7214/1/6
f 7214/1/6 7208/1/6 7215/1/6
f 7210/1/6 7211/1/6 7218/1/6
f 7209/1/6 7210/1/6 7218/1/6
f 7218/1/6 7211/1/6 7219/1/6
f 7219/1/6 7211/1/6 7220/1/6
f 7220/1/6 7211/1/6 7221/1/6
f 7215/1/6 7216/1/6 7222/1/6
f 7214/1/6 7215/1/6 7222/1/6
f 7222/1/6 7216/1/6 7223/1/6
f 7223/1/6 7216/1/6 7224/1/6
f 7224/1/6 7216/1/6 7225/1/6
f 7225/1/6 7216/1/6 7226/1/6
f 7217/1/6 7218/1/6 7229/1/6
f 7218/3/6 7219/3/6 7230/3/6
f 7229/1/6 7218/1/6 7230/1/6
f 7219/1/6 7220/1/6 7231/1/6
f 7230/3/6 7219/3/6 7231/3/6
f 7231/1/6 7220/1/6 7232/1/6
f 7232/1/6 7220/1/6 7233/1/6
f 7233/1/6 7220/1/6 7234/1/6
f 7234/1/6 7220/1/6 7235/1/6
f 7223/1/6 7224/1/6 7236/1/6
f 7236/1/6 7224/1/6 7237/1/6
f 7224/4/6 7225/4/6 7238/4/6
f 7237/1/6 7224/1/6 7238/1/6
f 7226/1/6 7227/1/6 7239/1/6
f 7238/4/6 7225/4/6 7239/4/6
f 7225/1/6 7226/1/6 7239/1/6
f 7239/1/6 7227/1/6 7240/1/6
f 7229/1/6 7230/1/6 7241/1/6
f 7228/1/6 7229/1/6 7241/1/6
f 7230/1/6 7231/1/6 7241/1/6
f 7231/1/6 7232/1/6 7241/1/6
f 7232/3/6 7233/3/6 7242/3/6
f 7241/1/6 7232/1/6 7242/1/6
f 7233/1/6 7234/1/6 7243/1/6
f 7242/3/6 7233/3/6 7243/3/6
f 7243/1/6 7234/1/6 7244/1/6
f 7244/1/6 7234/1/6 7245/1/6
f 7239/1/6 7240/1/6 7246/1/6
f 7238/1/6 7239/1/6 7246/1/6
f 7243/1/6 7244/1/6 7246/1/6
f 7242/1/6 7243/1/6 7246/1/6
f 7237/1/6 7238/1/6 7246/1/6
f 7240/1/6 7241/1/6 7246/1/6
f 7241/1/6 7242/1/6 7246/1/6
f 7246/1/6 7244/1/6 7247/1/6
f 7247/1/6 7244/1/6 7248/1/6
f 7248/1/6 7244/1/6 7249/1/6
f 7249/1/6 7244/1/6 7250/1/6
f 7250/1/6 7244/1/6 7251/1/6
f 7251/1/6 7244/1/6 7252/1/6
f 7252/1/6 7244/1/6 7253/1/6
f 7247/1/6 7248/1/6 7254/1/6
f 7254/1/6 7248/1/6 7255/1/6
f 7248/3/6 7249/3/6 7256/3/6
f 7249/1/6 7250/1/6 7256/1/6
f 7256/1/6 7250/1/6 7257/1/6
f 7257/1/6 7250/1/6 7258/1/6
f 7250/2/6 7251/2/6 7259/2/6
f 7258/1/6 7250/1/6 7259/1/6
f 7251/1/6 7252/1/6 7260/1/6
f 7259/2/6 7251/2/6 7260/2/6
f 7260/1/6 7252/1/6 7261/1/6
f 7255/1/6 7248/1/6 7262/1/6
f 7262/1/6 7248/1/6 7263/1/6
f 7263/1/6 7248/1/6 7264/1/6
f 7264/1/6 7248/1/6 7265/1/6
f 7248/3/6 7256/3/6 7266/3/6
f 7265/1/6 7248/1/6 7266/1/6
f 7256/2/6 7257/2/6 7267/2/6
f 7266/3/6 7256/3/6 7267/3/6
f 7257/1/6 7258/1/6 7268/1/6
f 7267/2/6 7257/2/6 7268/2/6
f 7268/1/6 7258/1/6 7269/1/6
f 7269/1/6 7258/1/6 7270/1/6
f 7263/1/6 7264/1/6 7271/1/6
f 7271/1/6 7264/1/6 7272/1/6
f 7264/4/6 7265/4/6 7273/4/6
f 7272/1/6 7264/1/6 7273/1/6
f 7265/1/6 7266/1/6 7274/1/6
f 7273/4/6 7265/4/6 7274/4/6
f 7266/1/6 7267/1/6 7274/1/6
f 7268/1/6 7269/1/6 7274/1/6
f 7267/1/6 7268/1/6 7274/1/6
f 7274/1/6 7269/1/6 7275/1/6
f 7275/1/6 7269/1/6 7276/1/6
f 7272/1/6 7273/1/6 7277/1/6
f 7274/1/6 7275/1/6 7277/1/6
f 7273/1/6 7274/1/6 7277/1/6
f 7277/1/6 7275/1/6 7278/1/6
f 7278/1/6 7275/1/6 7279/1/6
f 7279/1/6 7275/1/6 7280/1/6
f 7278/1/6 7279/1/6 7281/1/6
f 7281/1/6 7279/1/6 7282/1/6
f 7282/1/6 7279/1/6 7283/1/6
f 7283/1/6 7279/1/6 7284/1/6
f 7282/1/6 7283/1/6 7285/1/6
f 7285/1/6 7283/1/6 7286/1/6
f 7286/1/6 7283/1/6 7287/1/6
f 7287/1/6 7283/1/6 7288/1/6
f 7288/1/6 7283/1/6 7289/1/6
f 7289/1/6 7283/1/6 7290/1/6
f 7286/1/6 7287/1/6 7291/1/6
f 7291/1/6 7287/1/6 7292/1/6
f 7292/1/6 7287/1/6 7293/1/6
f 7287/3/6 7288/3/6 7294/3/6
f 7293/1/6 7287/1/6 7294/1/6
f 7288/1/6 7289/1/6 7295/1/6
f 7294/3/6 7288/3/6 7295/3/6
f 7295/1/6 7289/1/6 7296/1/6
f 7296/1/6 7289/1/6 7297/1/6
f 7292/1/6 7293/1/6 7298/1/6
f 7298/1/6 7293/1/6 7299/1/6
f 7299/1/6 7293/1/6 7300/1/6
f 7300/1/6 7293/1/6 7301/1/6
f 7293/2/6 7294/2/6 7302/2/6
f 7301/1/6 7293/1/6 7302/1/6
f 7295/1/6 7296/1/6 7303/1/6
f 7302/2/6 7294/2/6 7303/2/6
f 7294/1/6 7295/1/6 7303/1/6
f 7303/1/6 7296/1/6 7304/1/6
f 7304/1/6 7296/1/6 7305/1/6
f 7299/1/6 7300/1/6 7306/1/6
f 7306/1/6 7300/1/6 7307/1/6
f 7307/1/6 7300/1/6 7308/1/6
f 7300/2/6 7301/2/6 7309/2/6
f 7308/1/6 7300/1/6 7309/1/6
f 7301/1/6 7302/1/6 7310/1/6
f 7309/2/6 7301/2/6 7310/2/6
f 7303/1/6 7304/1/6 7310/1/6
f 7302/1/6 7303/1/6 7310/1/6
f 7310/1/6 7304/1/6 7311/1/6
f 7311/1/6 7304/1/6 7312/1/6
f 7312/1/6 7304/1/6 7313/1/6
f 7313/1/6 7304/1/6 7314/1/6
f 7307/1/6 7308/1/6 7315/1/6
f 7315/1/6 7308/1/6 7316/1/6
f 7308/3/6 7309/3/6 7317/3/6
f 7309/3/6 7310/3/6 7317/3/6
f 7310/1/6 7311/1/6 7318/1/6
f 7317/3/6 7310/3/6 7318/3/6
f 7311/4/6 7312/4/6 7319/4/6
f 7318/1/6 7311/1/6 7319/1/6
f 7312/1/6 7313/1/6 7320/1/6
f 7319/4/6 7312/4/6 7320/4/6
f 7320/1/6 7313/1/6 7321/1/6
f 7321/1/6 7313/1/6 7322/1/6
f 7316/1/6 7308/1/6 7323/1/6
f 7323/1/6 7308/1/6 7324/1/6
f 7308/3/6 7317/3/6 7325/3/6
f 7324/1/6 7308/1/6 7325/1/6
f 7318/1/6 7319/1/6 7326/1/6
f 7325/3/6 7317/3/6 7326/3/6
f 7320/1/6 7321/1/6 7326/1/6
f 7317/1/6 7318/1/6 7326/1/6
f 7319/1/6 7320/1/6 7326/1/6
f 7326/1/6 7321/1/6 7327/1/6
f 7327/1/6 7321/1/6 7328/1/6
f 7324/1/6 7325/1/6 7329/1/6
f 7326/1/6 7327/1/6 7329/1/6
f 7325/1/6 7326/1/6 7329/1/6
f 7329/1/6 7327/1/6 7330/1/6
f 7330/1/6 7327/1/6 7331/1/6
f 7331/1/6 7327/1/6 7332/1/6
f 7330/1/6 7331/1/6 7333/1/6
f 7333/1/6 7331/1/6 7334/1/6
f 7334/1/6 7331/1/6 7335/1/6
f 7335/1/6 7331/1/6 7336/1/6
f 7336/1/6 7331/1/6 7337/1/6
f 7337/1/6 7331/1/6 7338/1/6
f 7334/1/6 7335/1/6 7339/1/6
f 7339/1/6 7335/1/6 7340/1/6
f 7340/1/6 7335/1/6 7341/1/6
f 7341/1/6 7335/1/6 7342/1/6
f 7336/1/6 7337/1/6 7343/1/6
f 7343/1/6 7337/1/6 7344/1/6
f 7340/1/6 7341/1/6 7345/1/6
f 7345/1/6 7341/1/6 7346/1/6
f 7347/1/6 7348/1/6 7349/1/6
f 7349/1/6 7350/1/6 7351/1/6
f 7351/1/6 7352/1/6 7353/1/6
f 7353/1/6 7354/1/6 7355/1/6
f 7355/1/6 7356/1/6 7357/1/6
f 7357/1/6 7358/1/6 7361/1/6
f 7359/1/6 7360/1/6 7364/1/6
f 7361/1/6 7362/1/6 7365/1/6
f 7357/1/6 7361/1/6 7367/1/6
f 7365/1/6 7366/1/6 7367/1/6
f 7361/1/6 7365/1/6 7367/1/6
f 7367/1/6 7366/1/6 7368/1/6
f 7368/1/6 7366/1/6 7369/1/6
f 7363/1/6 7364/1/6 7372/1/6
f 7357/1/6 7367/1/6 7373/1/6
f 7367/2/6 7368/2/6 7373/2/6
f 7369/1/6 7370/1/6 7374/1/6
f 7373/2/6 7368/2/6 7374/2/6
f 7368/1/6 7369/1/6 7374/1/6
f 7374/1/6 7370/1/6 7375/1/6
f 7371/1/6 7372/1/6 7378/1/6
f 7375/1/6 7376/1/6 7379/1/6
f 7373/1/6 7374/1/6 7379/1/6
f 7374/1/6 7375/1/6 7379/1/6
f 7377/1/6 7378/1/6 7386/1/6
f 7379/1/6 7380/1/6 7387/1/6
f 7381/1/6 7382/1/6 7390/1/6
f 7390/1/6 7382/1/6 7391/1/6
f 7383/1/6 7384/1/6 7392/1/6
f 7392/1/6 7384/1/6 7393/1/6
f 7385/1/6 7386/1/6 7394/1/6
f 7387/1/6 7388/1/6 7395/1/6
f 7390/1/6 7391/1/6 7398/1/6
f 7392/1/6 7393/1/6 7398/1/6
f 7393/1/6 7394/1/6 7398/1/6
f 7389/1/6 7390/1/6 7398/1/6
f 7391/1/6 7392/1/6 7398/1/6
f 7395/1/6 7396/1/6 7399/1/6
f 7397/1/6 7398/1/6 7404/1/6
f 7347/1/6 7349/1/6 7405/1/6
f 7349/1/6 7351/1/6 7405/1/6
f 7351/1/6 7353/1/6 7405/1/6
f 7353/1/6 7355/1/6 7405/1/6
f 7399/1/6 7400/1/6 7405/1/6
f 7395/1/6 7399/1/6 7405/1/6
f 7355/1/6 7357/1/6 7405/1/6
f 7357/1/6 7373/1/6 7405/1/6
f 7373/1/6 7379/1/6 7405/1/6
f 7387/1/6 7395/1/6 7405/1/6
f 7379/1/6 7387/1/6 7405/1/6
f 7405/1/6 7400/1/6 7406/1/6
f 7406/1/6 7400/1/6 7407/1/6
f 7401/1/6 7402/1/6 7410/1/6
f 7410/1/6 7402/1/6 7411/1/6
f 7403/1/6 7404/1/6 7412/1/6
f 7407/1/6 7408/1/6 7413/1/6
f 7406/1/6 7407/1/6 7413/1/6
f 7413/1/6 7408/1/6 7414/1/6
f 7414/1/6 7408/1/6 7415/1/6
f 7415/1/6 7408/1/6 7416/1/6
f 7416/1/6 7408/1/6 7417/1/6
f 7410/1/6 7411/1/6 7420/1/6
f 7411/1/6 7412/1/6 7420/1/6
f 7409/1/6 7410/1/6 7420/1/6
f 7404/1/6 7398/1/6 7421/1/6
f 7398/1/6 7394/1/6 7421/1/6
f 7420/1/6 7412/1/6 7421/1/6
f 7412/1/6 7404/1/6 7421/1/6
f 7421/1/6 7394/1/6 7422/1/6
f 7417/1/6 7418/1/6 7423/1/6
f 7416/1/6 7417/1/6 7423/1/6
f 7423/1/6 7418/1/6 7424/1/6
f 7424/1/6 7418/1/6 7425/1/6
f 7419/1/6 7420/1/6 7428/1/6
f 7420/1/6 7421/1/6 7428/1/6
f 7421/3/6 7422/3/6 7429/3/6
f 7428/1/6 7421/1/6 7429/1/6
f 7422/1/6 7394/1/6 7430/1/6
f 7429/3/6 7422/3/6 7430/3/6
f 7425/1/6 7426/1/6 7431/1/6
f 7424/1/6 7425/1/6 7431/1/6
f 7431/1/6 7426/1/6 7432/1/6
f 7432/1/6 7426/1/6 7433/1/6
f 7428/1/6 7429/1/6 7436/1/6
f 7427/1/6 7428/1/6 7436/1/6
f 7429/1/6 7430/1/6 7436/1/6
f 7433/1/6 7434/1/6 7437/1/6
f 7432/1/6 7433/1/6 7437/1/6
f 7437/1/6 7434/1/6 7438/1/6
f 7438/1/6 7434/1/6 7439/1/6
f 7439/1/6 7434/1/6 7440/1/6
f 7435/1/6 7436/1/6 7443/1/6
f 7438/3/6 7439/3/6 7444/3/6
f 7440/1/6 7441/1/6 7445/1/6
f 7444/3/6 7439/3/6 7445/3/6
f 7439/1/6 7440/1/6 7445/1/6
f 7445/1/6 7441/1/6 7446/1/6
f 7446/1/6 7441/1/6 7447/1/6
f 7447/1/6 7441/1/6 7448/1/6
f 7442/1/6 7443/1/6 7451/1/6
f 7448/1/6 7449/1/6 7452/1/6
f 7447/1/6 7448/1/6 7452/1/6
f 7452/1/6 7449/1/6 7453/1/6
f 7453/1/6 7449/1/6 7454/1/6
f 7450/1/6 7451/1/6 7457/1/6
f 7454/1/6 7455/1/6 7458/1/6
f 7453/1/6 7454/1/6 7458/1/6
f 7458/1/6 7455/1/6 7459/1/6
f 7459/1/6 7455/1/6 7460/1/6
f 7456/1/6 7457/1/6 7463/1/6
f 7436/1/6 7430/1/6 7464/1/6
f 7443/1/6 7436/1/6 7464/1/6
f 7463/1/6 7457/1/6 7464/1/6
f 7451/1/6 7443/1/6 7464/1/6
f 7457/1/6 7451/1/6 7464/1/6
f 7464/1/6 7430/1/6 7465/1/6
f 7460/1/6 7461/1/6 7466/1/6
f 7459/1/6 7460/1/6 7466/1/6
f 7466/1/6 7461/1/6 7467/1/6
f 7467/1/6 7461/1/6 7468/1/6
f 7462/1/6 7463/1/6 7471/1/6
f 7463/1/6 7464/1/6 7471/1/6
f 7471/1/6 7464/1/6 7472/1/6
f 7472/1/6 7464/1/6 7473/1/6
f 7464/3/6 7465/3/6 7474/3/6
f 7473/1/6 7464/1/6 7474/1/6
f 7465/1/6 7430/1/6 7475/1/6
f 7474/3/6 7465/3/6 7475/3/6
f 7468/1/6 7469/1/6 7476/1/6
f 7467/1/6 7468/1/6 7476/1/6
f 7476/1/6 7469/1/6 7477/1/6
f 7477/1/6 7469/1/6 7478/1/6
f 7471/1/6 7472/1/6 7481/1/6
f 7470/1/6 7471/1/6 7481/1/6
f 7472/4/6 7473/4/6 7482/4/6
f 7481/1/6 7472/1/6 7482/1/6
f 7473/1/6 7474/1/6 7483/1/6
f 7482/4/6 7473/4/6 7483/4/6
f 7474/1/6 7475/1/6 7483/1/6
f 7475/1/6 7430/1/6 7484/1/6
f 7483/1/6 7475/1/6 7484/1/6
f 7484/1/6 7430/1/6 7485/1/6
f 7478/1/6 7479/1/6 7486/1/6
f 7477/1/6 7478/1/6 7486/1/6
f 7486/1/6 7479/1/6 7487/1/6
f 7487/1/6 7479/1/6 7488/1/6
f 7482/1/6 7483/1/6 7491/1/6
f 7481/1/6 7482/1/6 7491/1/6
f 7480/1/6 7481/1/6 7491/1/6
f 7483/1/6 7484/1/6 7491/1/6
f 7491/1/6 7484/1/6 7492/1/6
f 7492/1/6 7484/1/6 7493/1/6
f 7484/2/6 7485/2/6 7494/2/6
f 7493/1/6 7484/1/6 7494/1/6
f 7485/1/6 7430/1/6 7495/1/6
f 7494/2/6 7485/2/6 7495/2/6
f 7430/1/6 7394/1/6 7496/1/6
f 7495/1/6 7430/1/6 7496/1/6
f 7372/1/6 7364/1/6 7496/1/6
f 7378/1/6 7372/1/6 7496/1/6
f 7394/1/6 7386/1/6 7496/1/6
f 7386/1/6 7378/1/6 7496/1/6
f 7364/1/6 7360/1/6 7497/1/6
f 7496/1/6 7364/1/6 7497/1/6
f 7488/1/6 7489/1/6 7498/1/6
f 7487/1/6 7488/1/6 7498/1/6
f 7498/1/6 7489/1/6 7499/1/6
f 7499/1/6 7489/1/6 7500/1/6
f 7491/1/6 7492/1/6 7503/1/6
f 7490/1/6 7491/1/6 7503/1/6
f 7492/3/6 7493/3/6 7504/3/6
f 7503/1/6 7492/1/6 7504/1/6
f 7494/1/6 7495/1/6 7505/1/6
f 7504/3/6 7493/3/6 7505/3/6
f 7495/1/6 7496/1/6 7505/1/6
f 7493/1/6 7494/1/6 7505/1/6
f 7505/1/6 7496/1/6 7506/1/6
f 7506/1/6 7496/1/6 7507/1/6
f 7500/1/6 7501/1/6 7508/1/6
f 7499/1/6 7500/1/6 7508/1/6
f 7508/1/6 7501/1/6 7509/1/6
f 7509/1/6 7501/1/6 7510/1/6
f 7503/1/6 7504/1/6 7513/1/6
f 7505/1/6 7506/1/6 7513/1/6
f 7502/1/6 7503/1/6 7513/1/6
f 7504/1/6 7505/1/6 7513/1/6
f 7513/1/6 7506/1/6 7514/1/6
f 7514/1/6 7506/1/6 7515/1/6
f 7515/1/6 7506/1/6 7516/1/6
f 7516/1/6 7506/1/6 7517/1/6
f 7517/1/6 7506/1/6 7518/1/6
f 7510/1/6 7511/1/6 7519/1/6
f 7509/1/6 7510/1/6 7519/1/6
f 7519/1/6 7511/1/6 7520/1/6
f 7520/1/6 7511/1/6 7521/1/6
f 7513/1/6 7514/1/6 7524/1/6
f 7512/1/6 7513/1/6 7524/1/6
f 7524/1/6 7514/1/6 7525/1/6
f 7525/1/6 7514/1/6 7526/1/6
f 7526/1/6 7514/1/6 7527/1/6
f 7527/1/6 7514/1/6 7528/1/6
f 7516/1/6 7517/1/6 7529/1/6
f 7529/1/6 7517/1/6 7530/1/6
f 7530/1/6 7517/1/6 7531/1/6
f 7531/1/6 7517/1/6 7532/1/6
f 7521/1/6 7522/1/6 7533/1/6
f 7520/1/6 7521/1/6 7533/1/6
f 7533/1/6 7522/1/6 7534/1/6
f 7534/1/6 7522/1/6 7535/1/6
f 7523/1/6 7524/1/6 7538/1/6
f 7524/1/6 7525/1/6 7538/1/6
f 7538/1/6 7525/1/6 7539/1/6
f 7539/1/6 7525/1/6 7540/1/6
f 7525/4/6 7526/4/6 7541/4/6
f 7540/1/6 7525/1/6 7541/1/6
f 7526/1/6 7527/1/6 7542/1/6
f 7541/4/6 7526/4/6 7542/4/6
f 7542/1/6 7527/1/6 7543/1/6
f 7543/1/6 7527/1/6 7544/1/6
f 7544/1/6 7527/1/6 7545/1/6
f 7535/1/6 7536/1/6 7546/1/6
f 7534/1/6 7535/1/6 7546/1/6
f 7546/1/6 7536/1/6 7547/1/6
f 7547/1/6 7536/1/6 7548/1/6
f 7537/1/6 7538/1/6 7551/1/6
f 7538/1/6 7539/1/6 7551/1/6
f 7551/1/6 7539/1/6 7552/1/6
f 7539/3/6 7540/3/6 7553/3/6
f 7552/1/6 7539/1/6 7553/1/6
f 7540/1/6 7541/1/6 7554/1/6
f 7553/3/6 7540/3/6 7554/3/6
f 7541/1/6 7542/1/6 7554/1/6
f 7542/4/6 7543/4/6 7555/4/6
f 7554/1/6 7542/1/6 7555/1/6
f 7543/1/6 7544/1/6 7556/1/6
f 7555/4/6 7543/4/6 7556/4/6
f 7556/1/6 7544/1/6 7557/1/6
f 7557/1/6 7544/1/6 7558/1/6
f 7548/1/6 7549/1/6 7559/1/6
f 7547/1/6 7548/1/6 7559/1/6
f 7559/1/6 7549/1/6 7560/1/6
f 7560/1/6 7549/1/6 7561/1/6
f 7550/1/6 7551/1/6 7564/1/6
f 7551/3/6 7552/3/6 7565/3/6
f 7564/1/6 7551/1/6 7565/1/6
f 7552/1/6 7553/1/6 7566/1/6
f 7565/3/6 7552/3/6 7566/3/6
f 7554/1/6 7555/1/6 7566/1/6
f 7553/1/6 7554/1/6 7566/1/6
f 7556/1/6 7557/1/6 7566/1/6
f 7555/1/6 7556/1/6 7566/1/6
f 7566/1/6 7557/1/6 7567/1/6
f 7567/1/6 7557/1/6 7568/1/6
f 7560/1/6 7561/1/6 7569/1/6
f 7561/1/6 7562/1/6 7569/1/6
f 7569/1/6 7562/1/6 7570/1/6
f 7570/1/6 7562/1/6 7571/1/6
f 7564/1/6 7565/1/6 7574/1/6
f 7563/1/6 7564/1/6 7574/1/6
f 7566/1/6 7567/1/6 7574/1/6
f 7565/1/6 7566/1/6 7574/1/6
f 7574/1/6 7567/1/6 7575/1/6
f 7575/1/6 7567/1/6 7576/1/6
f 7571/1/6 7572/1/6 7577/1/6
f 7570/1/6 7571/1/6 7577/1/6
f 7577/1/6 7572/1/6 7578/1/6
f 7578/1/6 7572/1/6 7579/1/6
f 7574/1/6 7575/1/6 7582/1/6
f 7573/1/6 7574/1/6 7582/1/6
f 7582/1/6 7575/1/6 7583/1/6
f 7583/1/6 7575/1/6 7584/1/6
f 7584/1/6 7575/1/6 7585/1/6
f 7585/1/6 7575/1/6 7586/1/6
f 7586/1/6 7575/1/6 7587/1/6
f 7587/1/6 7575/1/6 7588/1/6
f 7579/1/6 7580/1/6 7589/1/6
f 7578/1/6 7579/1/6 7589/1/6
f 7589/1/6 7580/1/6 7590/1/6
f 7590/1/6 7580/1/6 7591/1/6
f 7581/1/6 7582/1/6 7594/1/6
f 7582/1/6 7583/1/6 7594/1/6
f 7583/2/6 7584/2/6 7595/2/6
f 7594/1/6 7583/1/6 7595/1/6
f 7584/1/6 7585/1/6 7596/1/6
f 7595/2/6 7584/2/6 7596/2/6
f 7585/4/6 7586/4/6 7597/4/6
f 7596/1/6 7585/1/6 7597/1/6
f 7586/1/6 7587/1/6 7598/1/6
f 7597/4/6 7586/4/6 7598/4/6
f 7598/1/6 7587/1/6 7599/1/6
f 7599/1/6 7587/1/6 7600/1/6
f 7591/1/6 7592/1/6 7601/1/6
f 7590/1/6 7591/1/6 7601/1/6
f 7601/1/6 7592/1/6 7602/1/6
f 7602/1/6 7592/1/6 7603/1/6
f 7596/1/6 7597/1/6 7606/1/6
f 7595/1/6 7596/1/6 7606/1/6
f 7598/1/6 7599/1/6 7606/1/6
f 7593/1/6 7594/1/6 7606/1/6
f 7594/1/6 7595/1/6 7606/1/6
f 7597/1/6 7598/1/6 7606/1/6
f 7606/1/6 7599/1/6 7607/1/6
f 7607/1/6 7599/1/6 7608/1/6
f 7603/1/6 7604/1/6 7609/1/6
f 7602/1/6 7603/1/6 7609/1/6
f 7609/1/6 7604/1/6 7610/1/6
f 7610/1/6 7604/1/6 7611/1/6
f 7606/1/6 7607/1/6 7616/1/6
f 7605/1/6 7606/1/6 7616/1/6
f 7616/1/6 7607/1/6 7617/1/6
f 7617/1/6 7607/1/6 7618/1/6
f 7611/1/6 7612/1/6 7619/1/6
f 7610/1/6 7611/1/6 7619/1/6
f 7619/1/6 7612/1/6 7620/1/6
f 7620/1/6 7612/1/6 7621/1/6
f 7613/1/6 7614/1/6 7624/1/6
f 7624/1/6 7614/1/6 7625/1/6
f 7616/1/6 7617/1/6 7626/1/6
f 7615/1/6 7616/1/6 7626/1/6
f 7626/1/6 7617/1/6 7627/1/6
f 7627/1/6 7617/1/6 7628/1/6
f 7628/1/6 7617/1/6 7629/1/6
f 7629/1/6 7617/1/6 7630/1/6
f 7621/1/6 7622/1/6 7631/1/6
f 7620/1/6 7621/1/6 7631/1/6
f 7631/1/6 7622/1/6 7632/1/6
f 7632/1/6 7622/1/6 7633/1/6
f 7633/1/6 7622/1/6 7634/1/6
f 7634/1/6 7622/1/6 7635/1/6
f 7624/1/6 7625/1/6 7636/1/6
f 7623/1/6 7624/1/6 7636/1/6
f 7625/1/6 7626/1/6 7636/1/6
f 7626/1/6 7627/1/6 7636/1/6
f 7627/3/6 7628/3/6 7637/3/6
f 7636/1/6 7627/1/6 7637/1/6
f 7628/1/6 7629/1/6 7638/1/6
f 7637/3/6 7628/3/6 7638/3/6
f 7638/1/6 7629/1/6 7639/1/6
f 7639/1/6 7629/1/6 7640/1/6
f 7632/1/6 7633/1/6 7641/1/6
f 7641/1/6 7633/1/6 7642/1/6
f 7633/3/6 7634/3/6 7643/3/6
f 7642/1/6 7633/1/6 7643/1/6
f 7634/1/6 7635/1/6 7644/1/6
f 7643/3/6 7634/3/6 7644/3/6
f 7636/1/6 7637/1/6 7644/1/6
f 7635/1/6 7636/1/6 7644/1/6
f 7637/1/6 7638/1/6 7644/1/6
f 7638/1/6 7639/1/6 7644/1/6
f 7644/1/6 7639/1/6 7645/1/6
f 7645/1/6 7639/1/6 7646/1/6
f 7646/1/6 7639/1/6 7647/1/6
f 7647/1/6 7639/1/6 7648/1/6
f 7648/1/6 7639/1/6 7649/1/6
f 7649/1/6 7639/1/6 7650/1/6
f 7642/1/6 7643/1/6 7651/1/6
f 7643/1/6 7644/1/6 7651/1/6
f 7644/1/6 7645/1/6 7651/1/6
f 7651/1/6 7645/1/6 7652/1/6
f 7645/3/6 7646/3/6 7653/3/6
f 7652/1/6 7645/1/6 7653/1/6
f 7646/1/6 7647/1/6 7654/1/6
f 7653/3/6 7646/3/6 7654/3/6
f 7654/1/6 7647/1/6 7655/1/6
f 7655/1/6 7647/1/6 7656/1/6
f 7656/1/6 7647/1/6 7657/1/6
f 7647/4/6 7648/4/6 7658/4/6
f 7657/1/6 7647/1/6 7658/1/6
f 7648/1/6 7649/1/6 7659/1/6
f 7658/4/6 7648/4/6 7659/4/6
f 7659/1/6 7649/1/6 7660/1/6
f 7652/1/6 7653/1/6 7661/1/6
f 7654/1/6 7655/1/6 7661/1/6
f 7653/1/6 7654/1/6 7661/1/6
f 7661/1/6 7655/1/6 7662/1/6
f 7662/1/6 7655/1/6 7663/1/6
f 7663/1/6 7655/1/6 7664/1/6
f 7664/1/6 7655/1/6 7665/1/6
f 7665/1/6 7655/1/6 7666/1/6
f 7655/3/6 7656/3/6 7667/3/6
f 7666/1/6 7655/1/6 7667/1/6
f 7656/1/6 7657/1/6 7668/1/6
f 7667/3/6 7656/3/6 7668/3/6
f 7668/1/6 7657/1/6 7669/1/6
f 7669/1/6 7657/1/6 7670/1/6
f 7662/1/6 7663/1/6 7671/1/6
f 7671/1/6 7663/1/6 7672/1/6
f 7663/2/6 7664/2/6 7673/2/6
f 7672/1/6 7663/1/6 7673/1/6
f 7664/1/6 7665/1/6 7674/1/6
f 7673/2/6 7664/2/6 7674/2/6
f 7665/3/6 7666/3/6 7675/3/6
f 7674/1/6 7665/1/6 7675/1/6
f 7666/1/6 7667/1/6 7676/1/6
f 7675/3/6 7666/3/6 7676/3/6
f 7668/1/6 7669/1/6 7676/1/6
f 7667/1/6 7668/1/6 7676/1/6
f 7676/1/6 7669/1/6 7677/1/6
f 7677/1/6 7669/1/6 7678/1/6
f 7674/1/6 7675/1/6 7679/1/6
f 7673/1/6 7674/1/6 7679/1/6
f 7676/1/6 7677/1/6 7679/1/6
f 7675/1/6 7676/1/6 7679/1/6
f 7672/1/6 7673/1/6 7679/1/6
f 7679/1/6 7677/1/6 7680/1/6
f 7680/1/6 7677/1/6 7681/1/6
f 7681/1/6 7677/1/6 7682/1/6
f 7680/1/6 7681/1/6 7683/1/6
f 7683/1/6 7681/1/6 7684/1/6
f 7684/1/6 7681/1/6 7685/1/6
f 7685/1/6 7681/1/6 7686/1/6
f 7686/1/6 7681/1/6 7687/1/6
f 7687/1/6 7681/1/6 7688/1/6
f 7684/1/6 7685/1/6 7689/1/6
f 7689/1/6 7685/1/6 7690/1/6
f 7685/4/6 7686/4/6 7691/4/6
f 7690/1/6 7685/1/6 7691/1/6
f 7686/1/6 7687/1/6 7692/1/6
f 7691/4/6 7686/4/6 7692/4/6
f 7692/1/6 7687/1/6 7693/1/6
f 7693/1/6 7687/1/6 7694/1/6
f 7690/1/6 7691/1/6 7695/1/6
f 7692/1/6 7693/1/6 7695/1/6
f 7691/1/6 7692/1/6 7695/1/6
f 7695/1/6 7693/1/6 7696/1/6
f 7696/1/6 7693/1/6 7697/1/6
f 7697/1/6 7693/1/6 7698/1/6
f 7698/1/6 7693/1/6 7699/1/6
f 7699/1/6 7693/1/6 7700/1/6
f 7696/1/6 7697/1/6 7701/1/6
f 7697/3/6 7698/3/6 7702/3/6
f 7701/1/6 7697/1/6 7702/1/6
f 7698/1/6 7699/1/6 7703/1/6
f 7702/3/6 7698/3/6 7703/3/6
f 7703/1/6 7699/1/6 7704/1/6
f 7704/1/6 7699/1/6 7705/1/6
f 7705/1/6 7699/1/6 7706/1/6
f 7704/1/6 7705/1/6 7707/1/6
f 7707/1/6 7705/1/6 7708/1/6
f 7708/1/6 7705/1/6 7709/1/6
f 7709/1/6 7705/1/6 7710/1/6
f 7710/1/6 7705/1/6 7711/1/6
f 7711/1/6 7705/1/6 7712/1/6
f 7708/1/6 7709/1/6 7713/1/6
f 7713/1/6 7709/1/6 7714/1/6
f 7714/1/6 7709/1/6 7715/1/6
f 7715/1/6 7709/1/6 7716/1/6
f 7709/2/6 7710/2/6 7717/2/6
f 7716/1/6 7709/1/6 7717/1/6
f 7710/1/6 7711/1/6 7718/1/6
f 7717/2/6 7710/2/6 7718/2/6
f 7718/1/6 7711/1/6 7719/1/6
f 7719/1/6 7711/1/6 7720/1/6
f 7716/1/6 7717/1/6 7721/1/6
f 7718/1/6 7719/1/6 7721/1/6
f 7717/1/6 7718/1/6 7721/1/6
f 7721/1/6 7719/1/6 7722/1/6
f 7722/1/6 7719/1/6 7723/1/6
f 7723/1/6 7719/1/6 7724/1/6
f 7722/1/6 7723/1/6 7725/1/6
f 7725/1/6 7723/1/6 7726/1/6
f 7727/1/6 7728/1/6 7729/1/6
f 7729/1/6 7730/1/6 7733/1/6
f 7730/3/6 7731/3/6 7733/3/6
f 7731/1/6 7732/1/6 7734/1/6
f 7733/3/6 7731/3/6 7734/3/6
f 7734/1/6 7732/1/6 7735/1/6
f 7727/1/6 7729/1/6 7737/1/6
f 7735/1/6 7736/1/6 7737/1/6
f 7734/1/6 7735/1/6 7737/1/6
f 7733/1/6 7734/1/6 7737/1/6
f 7729/1/6 7733/1/6 7737/1/6
f 7737/1/6 7736/1/6 7738/1/6
f 7738/1/6 7736/1/6 7739/1/6
f 7727/1/6 7737/1/6 7741/1/6
f 7737/3/6 7738/3/6 7741/3/6
f 7739/1/6 7740/1/6 7742/1/6
f 7741/3/6 7738/3/6 7742/3/6
f 7738/1/6 7739/1/6 7742/1/6
f 7742/1/6 7740/1/6 7743/1/6
f 7741/1/6 7742/1/6 7745/1/6
f 7743/1/6 7744/1/6 7745/1/6
f 7742/1/6 7743/1/6 7745/1/6
f 7745/1/6 7744/1/6 7746/1/6
f 7746/1/6 7744/1/6 7747/1/6
f 7741/1/6 7745/1/6 7750/1/6
f 7745/2/6 7746/2/6 7750/2/6
f 7747/1/6 7748/1/6 7751/1/6
f 7750/2/6 7746/2/6 7751/2/6
f 7746/1/6 7747/1/6 7751/1/6
f 7751/1/6 7748/1/6 7752/1/6
f 7752/1/6 7748/1/6 7753/1/6
f 7748/3/6 7749/3/6 7754/3/6
f 7753/1/6 7748/1/6 7754/1/6
f 7754/3/6 7749/3/6 7755/3/6
f 7741/1/6 7750/1/6 7757/1/6
f 7750/1/6 7751/1/6 7757/1/6
f 7751/1/6 7752/1/6 7757/1/6
f 7757/1/6 7752/1/6 7758/1/6
f 7752/2/6 7753/2/6 7759/2/6
f 7758/1/6 7752/1/6 7759/1/6
f 7755/1/6 7756/1/6 7760/1/6
f 7759/2/6 7753/2/6 7760/2/6
f 7754/1/6 7755/1/6 7760/1/6
f 7753/1/6 7754/1/6 7760/1/6
f 7760/1/6 7756/1/6 7761/1/6
f 7757/2/6 7758/2/6 7763/2/6
f 7741/1/6 7757/1/6 7763/1/6
f 7761/1/6 7762/1/6 7764/1/6
f 7763/2/6 7758/2/6 7764/2/6
f 7758/1/6 7759/1/6 7764/1/6
f 7759/1/6 7760/1/6 7764/1/6
f 7760/1/6 7761/1/6 7764/1/6
f 7764/1/6 7762/1/6 7765/1/6
f 7763/1/6 7764/1/6 7767/1/6
f 7765/1/6 7766/1/6 7767/1/6
f 7764/1/6 7765/1/6 7767/1/6
f 7767/1/6 7768/1/6 7769/1/6
f 7769/1/6 7770/1/6 7773/1/6
f 7771/1/6 7772/1/6 7776/1/6
f 7776/1/6 7772/1/6 7777/1/6
f 7777/1/6 7772/1/6 7778/1/6
f 7773/1/6 7774/1/6 7779/1/6
f 7775/1/6 7776/1/6 7785/1/6
f 7776/1/6 7777/1/6 7785/1/6
f 7777/2/6 7778/2/6 7786/2/6
f 7785/1/6 7777/1/6 7786/1/6
f 7786/2/6 7778/2/6 7787/2/6
f 7763/1/6 7767/1/6 7788/1/6
f 7767/1/6 7769/1/6 7788/1/6
f 7769/1/6 7773/1/6 7788/1/6
f 7773/1/6 7779/1/6 7788/1/6
f 7779/1/6 7780/1/6 7788/1/6
f 7788/1/6 7780/1/6 7789/1/6
f 7789/1/6 7780/1/6 7790/1/6
f 7781/1/6 7782/1/6 7793/1/6
f 7782/4/6 7783/4/6 7794/4/6
f 7793/1/6 7782/1/6 7794/1/6
f 7794/4/6 7783/4/6 7795/4/6
f 7786/1/6 7787/1/6 7798/1/6
f 7785/1/6 7786/1/6 7798/1/6
f 7784/1/6 7785/1/6 7798/1/6
f 7727/1/6 7741/1/6 7799/1/6
f 7741/1/6 7763/1/6 7799/1/6
f 7763/1/6 7788/1/6 7799/1/6
f 7799/1/6 7788/1/6 7800/1/6
f 7788/2/6 7789/2/6 7801/2/6
f 7800/1/6 7788/1/6 7801/1/6
f 7790/1/6 7791/1/6 7802/1/6
f 7801/2/6 7789/2/6 7802/2/6
f 7789/1/6 7790/1/6 7802/1/6
f 7802/1/6 7791/1/6 7803/1/6
f 7803/1/6 7791/1/6 7804/1/6
f 7804/1/6 7791/1/6 7805/1/6
f 7795/1/6 7796/1/6 7808/1/6
f 7792/1/6 7793/1/6 7808/1/6
f 7794/1/6 7795/1/6 7808/1/6
f 7793/1/6 7794/1/6 7808/1/6
f 7796/2/6 7797/2/6 7809/2/6
f 7808/1/6 7796/1/6 7809/1/6
f 7797/1/6 7798/1/6 7810/1/6
f 7809/2/6 7797/2/6 7810/2/6
f 7800/1/6 7801/1/6 7811/1/6
f 7802/1/6 7803/1/6 7811/1/6
f 7801/1/6 7802/1/6 7811/1/6
f 7811/1/6 7803/1/6 7812/1/6
f 7803/3/6 7804/3/6 7813/3/6
f 7812/1/6 7803/1/6 7813/1/6
f 7805/1/6 7806/1/6 7814/1/6
f 7813/3/6 7804/3/6 7814/3/6
f 7804/1/6 7805/1/6 7814/1/6
f 7814/1/6 7806/1/6 7815/1/6
f 7808/1/6 7809/1/6 7818/1/6
f 7807/1/6 7808/1/6 7818/1/6
f 7809/1/6 7810/1/6 7818/1/6
f 7818/1/6 7810/1/6 7819/1/6
f 7819/1/6 7810/1/6 7820/1/6
f 7815/1/6 7816/1/6 7821/1/6
f 7814/1/6 7815/1/6 7821/1/6
f 7812/1/6 7813/1/6 7821/1/6
f 7813/1/6 7814/1/6 7821/1/6
f 7821/1/6 7816/1/6 7822/1/6
f 7822/1/6 7816/1/6 7823/1/6
f 7823/1/6 7816/1/6 7824/1/6
f 7824/1/6 7816/1/6 7825/1/6
f 7825/1/6 7816/1/6 7826/1/6
f 7826/1/6 7816/1/6 7827/1/6
f 7818/1/6 7819/1/6 7830/1/6
f 7817/1/6 7818/1/6 7830/1/6
f 7819/2/6 7820/2/6 7831/2/6
f 7830/1/6 7819/1/6 7831/1/6
f 7820/1/6 7810/1/6 7832/1/6
f 7831/2/6 7820/2/6 7832/2/6
f 7822/1/6 7823/1/6 7833/1/6
f 7833/1/6 7823/1/6 7834/1/6
f 7823/2/6 7824/2/6 7835/2/6
f 7834/1/6 7823/1/6 7835/1/6
f 7824/1/6 7825/1/6 7836/1/6
f 7835/2/6 7824/2/6 7836/2/6
f 7825/2/6 7826/2/6 7837/2/6
f 7836/1/6 7825/1/6 7837/1/6
f 7827/1/6 7828/1/6 7838/1/6
f 7837/2/6 7826/2/6 7838/2/6
f 7826/1/6 7827/1/6 7838/1/6
f 7838/1/6 7828/1/6 7839/1/6
f 7830/1/6 7831/1/6 7842/1/6
f 7829/1/6 7830/1/6 7842/1/6
f 7831/1/6 7832/1/6 7842/1/6
f 7839/1/6 7840/1/6 7843/1/6
f 7838/1/6 7839/1/6 7843/1/6
f 7836/1/6 7837/1/6 7843/1/6
f 7837/1/6 7838/1/6 7843/1/6
f 7835/1/6 7836/1/6 7843/1/6
f 7834/1/6 7835/1/6 7843/1/6
f 7843/1/6 7840/1/6 7844/1/6
f 7844/1/6 7840/1/6 7845/1/6
f 7841/1/6 7842/1/6 7848/1/6
f 7842/1/6 7832/1/6 7849/1/6
f 7848/1/6 7842/1/6 7849/1/6
f 7849/1/6 7832/1/6 7850/1/6
f 7845/1/6 7846/1/6 7851/1/6
f 7844/1/6 7845/1/6 7851/1/6
f 7851/1/6 7846/1/6 7852/1/6
f 7852/1/6 7846/1/6 7853/1/6
f 7847/1/6 7848/1/6 7856/1/6
f 7848/1/6 7849/1/6 7856/1/6
f 7849/4/6 7850/4/6 7857/4/6
f 7856/1/6 7849/1/6 7857/1/6
f 7850/1/6 7832/1/6 7858/1/6
f 7857/4/6 7850/4/6 7858/4/6
f 7853/1/6 7854/1/6 7859/1/6
f 7852/1/6 7853/1/6 7859/1/6
f 7859/1/6 7854/1/6 7860/1/6
f 7860/1/6 7854/1/6 7861/1/6
f 7856/1/6 7857/1/6 7864/1/6
f 7855/1/6 7856/1/6 7864/1/6
f 7857/1/6 7858/1/6 7864/1/6
f 7858/1/6 7832/1/6 7865/1/6
f 7864/1/6 7858/1/6 7865/1/6
f 7865/1/6 7832/1/6 7866/1/6
f 7861/1/6 7862/1/6 7867/1/6
f 7860/1/6 7861/1/6 7867/1/6
f 7867/1/6 7862/1/6 7868/1/6
f 7868/1/6 7862/1/6 7869/1/6
f 7863/1/6 7864/1/6 7872/1/6
f 7864/1/6 7865/1/6 7872/1/6
f 7872/1/6 7865/1/6 7873/1/6
f 7873/1/6 7865/1/6 7874/1/6
f 7865/3/6 7866/3/6 7875/3/6
f 7874/1/6 7865/1/6 7875/1/6
f 7869/1/6 7870/1/6 7876/1/6
f 7868/1/6 7869/1/6 7876/1/6
f 7876/1/6 7870/1/6 7877/1/6
f 7877/1/6 7870/1/6 7878/1/6
f 7878/1/6 7870/1/6 7879/1/6
f 7879/1/6 7870/1/6 7880/1/6
f 7872/1/6 7873/1/6 7883/1/6
f 7871/1/6 7872/1/6 7883/1/6
f 7873/2/6 7874/2/6 7884/2/6
f 7883/1/6 7873/1/6 7884/1/6
f 7874/3/6 7875/3/6 7885/3/6
f 7884/2/6 7874/2/6 7885/2/6
f 7875/3/6 7866/3/6 7886/3/6
f 7885/3/6 7875/3/6 7886/3/6
f 7866/1/6 7832/1/6 7887/1/6
f 7886/3/6 7866/3/6 7887/3/6
f 7832/1/6 7810/1/6 7888/1/6
f 7887/1/6 7832/1/6 7888/1/6
f 7888/1/6 7810/1/6 7889/1/6
f 7798/1/6 7787/1/6 7890/1/6
f 7889/1/6 7810/1/6 7890/1/6
f 7810/1/6 7798/1/6 7890/1/6
f 7890/1/6 7787/1/6 7891/1/6
f 7891/1/6 7787/1/6 7892/1/6
f 7892/1/6 7787/1/6 7893/1/6
f 7877/1/6 7878/1/6 7894/1/6
f 7894/1/6 7878/1/6 7895/1/6
f 7878/3/6 7879/3/6 7896/3/6
f 7895/1/6 7878/1/6 7896/1/6
f 7880/1/6 7881/1/6 7897/1/6
f 7896/3/6 7879/3/6 7897/3/6
f 7879/1/6 7880/1/6 7897/1/6
f 7897/1/6 7881/1/6 7898/1/6
f 7884/1/6 7885/1/6 7901/1/6
f 7882/1/6 7883/1/6 7901/1/6
f 7883/1/6 7884/1/6 7901/1/6
f 7885/3/6 7886/3/6 7902/3/6
f 7901/1/6 7885/1/6 7902/1/6
f 7887/1/6 7888/1/6 7903/1/6
f 7902/3/6 7886/3/6 7903/3/6
f 7886/1/6 7887/1/6 7903/1/6
f 7888/2/6 7889/2/6 7904/2/6
f 7903/1/6 7888/1/6 7904/1/6
f 7889/1/6 7890/1/6 7905/1/6
f 7904/2/6 7889/2/6 7905/2/6
f 7890/4/6 7891/4/6 7906/4/6
f 7905/1/6 7890/1/6 7906/1/6
f 7891/1/6 7892/1/6 7907/1/6
f 7906/4/6 7891/4/6 7907/4/6
f 7907/1/6 7892/1/6 7908/1/6
f 7898/1/6 7899/1/6 7909/1/6
f 7897/1/6 7898/1/6 7909/1/6
f 7896/1/6 7897/1/6 7909/1/6
f 7895/1/6 7896/1/6 7909/1/6
f 7909/1/6 7899/1/6 7910/1/6
f 7910/1/6 7899/1/6 7911/1/6
f 7900/1/6 7901/1/6 7914/1/6
f 7902/1/6 7903/1/6 7914/1/6
f 7901/1/6 7902/1/6 7914/1/6
f 7904/1/6 7905/1/6 7914/1/6
f 7903/1/6 7904/1/6 7914/1/6
f 7905/1/6 7906/1/6 7914/1/6
f 7914/1/6 7906/1/6 7915/1/6
f 7915/1/6 7906/1/6 7916/1/6
f 7911/1/6 7912/1/6 7917/1/6
f 7910/1/6 7911/1/6 7917/1/6
f 7917/1/6 7912/1/6 7918/1/6
f 7918/1/6 7912/1/6 7919/1/6
f 7914/1/6 7915/1/6 7922/1/6
f 7913/1/6 7914/1/6 7922/1/6
f 7922/1/6 7915/1/6 7923/1/6
f 7923/1/6 7915/1/6 7924/1/6
f 7919/1/6 7920/1/6 7925/1/6
f 7918/1/6 7919/1/6 7925/1/6
f 7925/1/6 7920/1/6 7926/1/6
f 7926/1/6 7920/1/6 7927/1/6
f 7927/1/6 7920/1/6 7928/1/6
f 7922/1/6 7923/1/6 7931/1/6
f 7921/1/6 7922/1/6 7931/1/6
f 7931/1/6 7923/1/6 7932/1/6
f 7932/1/6 7923/1/6 7933/1/6
f 7928/1/6 7929/1/6 7934/1/6
f 7927/1/6 7928/1/6 7934/1/6
f 7934/1/6 7929/1/6 7935/1/6
f 7935/1/6 7929/1/6 7936/1/6
f 7936/1/6 7929/1/6 7937/1/6
f 7937/1/6 7929/1/6 7938/1/6
f 7931/1/6 7932/1/6 7941/1/6
f 7930/1/6 7931/1/6 7941/1/6
f 7941/1/6 7932/1/6 7942/1/6
f 7942/1/6 7932/1/6 7943/1/6
f 7943/1/6 7932/1/6 7944/1/6
f 7944/1/6 7932/1/6 7945/1/6
f 7945/1/6 7932/1/6 7946/1/6
f 7946/1/6 7932/1/6 7947/1/6
f 7947/1/6 7932/1/6 7948/1/6
f 7948/1/6 7932/1/6 7949/1/6
f 7935/1/6 7936/1/6 7950/1/6
f 7950/1/6 7936/1/6 7951/1/6
f 7936/2/6 7937/2/6 7952/2/6
f 7951/1/6 7936/1/6 7952/1/6
f 7938/1/6 7939/1/6 7953/1/6
f 7952/2/6 7937/2/6 7953/2/6
f 7937/1/6 7938/1/6 7953/1/6
f 7953/1/6 7939/1/6 7954/1/6
f 7954/1/6 7939/1/6 7955/1/6
f 7955/1/6 7939/1/6 7956/1/6
f 7956/1/6 7939/1/6 7957/1/6
f 7957/1/6 7939/1/6 7958/1/6
f 7940/1/6 7941/1/6 7961/1/6
f 7941/1/6 7942/1/6 7961/1/6
f 7942/3/6 7943/3/6 7962/3/6
f 7961/1/6 7942/1/6 7962/1/6
f 7943/1/6 7944/1/6 7963/1/6
f 7962/3/6 7943/3/6 7963/3/6
f 7944/2/6 7945/2/6 7964/2/6
f 7963/1/6 7944/1/6 7964/1/6
f 7945/1/6 7946/1/6 7965/1/6
f 7964/2/6 7945/2/6 7965/2/6
f 7946/2/6 7947/2/6 7966/2/6
f 7965/1/6 7946/1/6 7966/1/6
f 7947/1/6 7948/1/6 7967/1/6
f 7966/2/6 7947/2/6 7967/2/6
f 7967/1/6 7948/1/6 7968/1/6
f 7968/1/6 7948/1/6 7969/1/6
f 7951/1/6 7952/1/6 7970/1/6
f 7952/1/6 7953/1/6 7970/1/6
f 7953/1/6 7954/1/6 7970/1/6
f 7970/1/6 7954/1/6 7971/1/6
f 7971/1/6 7954/1/6 7972/1/6
f 7972/1/6 7954/1/6 7973/1/6
f 7954/3/6 7955/3/6 7974/3/6
f 7973/1/6 7954/1/6 7974/1/6
f 7955/1/6 7956/1/6 7975/1/6
f 7974/3/6 7955/3/6 7975/3/6
f 7975/1/6 7956/1/6 7976/1/6
f 7976/1/6 7956/1/6 7977/1/6
f 7956/3/6 7957/3/6 7978/3/6
f 7977/1/6 7956/1/6 7978/1/6
f 7958/1/6 7959/1/6 7979/1/6
f 7978/3/6 7957/3/6 7979/3/6
f 7957/1/6 7958/1/6 7979/1/6
f 7979/1/6 7959/1/6 7980/1/6
f 7965/1/6 7966/1/6 7983/1/6
f 7967/1/6 7968/1/6 7983/1/6
f 7960/1/6 7961/1/6 7983/1/6
f 7961/1/6 7962/1/6 7983/1/6
f 7962/1/6 7963/1/6 7983/1/6
f 7963/1/6 7964/1/6 7983/1/6
f 7964/1/6 7965/1/6 7983/1/6
f 7966/1/6 7967/1/6 7983/1/6
f 7983/1/6 7968/1/6 7984/1/6
f 7984/1/6 7968/1/6 7985/1/6
f 7971/1/6 7972/1/6 7986/1/6
f 7972/3/6 7973/3/6 7987/3/6
f 7986/1/6 7972/1/6 7987/1/6
f 7975/1/6 7976/1/6 7988/1/6
f 7987/3/6 7973/3/6 7988/3/6
f 7974/1/6 7975/1/6 7988/1/6
f 7973/1/6 7974/1/6 7988/1/6
f 7976/3/6 7977/3/6 7989/3/6
f 7988/1/6 7976/1/6 7989/1/6
f 7980/1/6 7981/1/6 7990/1/6
f 7989/3/6 7977/3/6 7990/3/6
f 7979/1/6 7980/1/6 7990/1/6
f 7977/1/6 7978/1/6 7990/1/6
f 7978/1/6 7979/1/6 7990/1/6
f 7990/1/6 7981/1/6 7991/1/6
f 7982/1/6 7983/1/6 7994/1/6
f 7983/1/6 7984/1/6 7994/1/6
f 7994/1/6 7984/1/6 7995/1/6
f 7995/1/6 7984/1/6 7996/1/6
f 7996/1/6 7984/1/6 7997/1/6
f 7997/1/6 7984/1/6 7998/1/6
f 7988/1/6 7989/1/6 7999/1/6
f 7991/1/6 7992/1/6 7999/1/6
f 7990/1/6 7991/1/6 7999/1/6
f 7987/1/6 7988/1/6 7999/1/6
f 7989/1/6 7990/1/6 7999/1/6
f 7999/1/6 7992/1/6 8000/1/6
f 8000/1/6 7992/1/6 8001/1/6
f 7994/1/6 7995/1/6 8004/1/6
f 7993/1/6 7994/1/6 8004/1/6
f 8004/1/6 7995/1/6 8005/1/6
f 8005/1/6 7995/1/6 8006/1/6
f 7995/3/6 7996/3/6 8007/3/6
f 8006/1/6 7995/1/6 8007/1/6
f 7996/1/6 7997/1/6 8008/1/6
f 8007/3/6 7996/3/6 8008/3/6
f 8008/1/6 7997/1/6 8009/1/6
f 8009/1/6 7997/1/6 8010/1/6
f 8010/1/6 7997/1/6 8011/1/6
f 8011/1/6 7997/1/6 8012/1/6
f 8012/1/6 7997/1/6 8013/1/6
f 8013/1/6 7997/1/6 8014/1/6
f 8001/1/6 8002/1/6 8015/1/6
f 8000/1/6 8001/1/6 8015/1/6
f 8015/1/6 8002/1/6 8016/1/6
f 8016/1/6 8002/1/6 8017/1/6
f 8017/1/6 8002/1/6 8018/1/6
f 8018/1/6 8002/1/6 8019/1/6
f 8003/1/6 8004/1/6 8022/1/6
f 8004/1/6 8005/1/6 8022/1/6
f 8005/4/6 8006/4/6 8023/4/6
f 8022/1/6 8005/1/6 8023/1/6
f 8006/1/6 8007/1/6 8024/1/6
f 8023/4/6 8006/4/6 8024/4/6
f 8007/1/6 8008/1/6 8024/1/6
f 8008/1/6 8009/1/6 8024/1/6
f 8024/1/6 8009/1/6 8025/1/6
f 8025/1/6 8009/1/6 8026/1/6
f 8009/3/6 8010/3/6 8027/3/6
f 8026/1/6 8009/1/6 8027/1/6
f 8010/1/6 8011/1/6 8028/1/6
f 8027/3/6 8010/3/6 8028/3/6
f 8011/2/6 8012/2/6 8029/2/6
f 8028/1/6 8011/1/6 8029/1/6
f 8012/1/6 8013/1/6 8030/1/6
f 8029/2/6 8012/2/6 8030/2/6
f 8030/1/6 8013/1/6 8031/1/6
f 8031/1/6 8013/1/6 8032/1/6
f 8016/1/6 8017/1/6 8033/1/6
f 8017/2/6 8018/2/6 8034/2/6
f 8033/1/6 8017/1/6 8034/1/6
f 8019/1/6 8020/1/6 8035/1/6
f 8034/2/6 8018/2/6 8035/2/6
f 8018/1/6 8019/1/6 8035/1/6
f 8035/1/6 8020/1/6 8036/1/6
f 8022/1/6 8023/1/6 8039/1/6
f 8021/1/6 8022/1/6 8039/1/6
f 8023/1/6 8024/1/6 8039/1/6
f 8024/1/6 8025/1/6 8039/1/6
f 8025/3/6 8026/3/6 8040/3/6
f 8039/1/6 8025/1/6 8040/1/6
f 8028/1/6 8029/1/6 8041/1/6
f 8040/3/6 8026/3/6 8041/3/6
f 8027/1/6 8028/1/6 8041/1/6
f 8029/1/6 8030/1/6 8041/1/6
f 8026/1/6 8027/1/6 8041/1/6
f 8030/1/6 8031/1/6 8041/1/6
f 8041/1/6 8031/1/6 8042/1/6
f 8042/1/6 8031/1/6 8043/1/6
f 8036/1/6 8037/1/6 8044/1/6
f 8035/1/6 8036/1/6 8044/1/6
f 8044/1/6 8037/1/6 8045/1/6
f 8045/1/6 8037/1/6 8046/1/6
f 8046/1/6 8037/1/6 8047/1/6
f 8047/1/6 8037/1/6 8048/1/6
f 8041/1/6 8042/1/6 8053/1/6
f 8039/1/6 8040/1/6 8053/1/6
f 8040/1/6 8041/1/6 8053/1/6
f 8038/1/6 8039/1/6 8053/1/6
f 8053/1/6 8042/1/6 8054/1/6
f 8054/1/6 8042/1/6 8055/1/6
f 8055/1/6 8042/1/6 8056/1/6
f 8056/1/6 8042/1/6 8057/1/6
f 8057/1/6 8042/1/6 8058/1/6
f 8058/1/6 8042/1/6 8059/1/6
f 8043/1/6 8031/1/6 8060/1/6
f 8060/1/6 8031/1/6 8061/1/6
f 8045/1/6 8046/1/6 8062/1/6
f 8062/1/6 8046/1/6 8063/1/6
f 8046/3/6 8047/3/6 8064/3/6
f 8063/1/6 8046/1/6 8064/1/6
f 8048/1/6 8049/1/6 8065/1/6
f 8064/3/6 8047/3/6 8065/3/6
f 8047/1/6 8048/1/6 8065/1/6
f 8049/2/6 8050/2/6 8066/2/6
f 8065/1/6 8049/1/6 8066/1/6
f 8050/1/6 8051/1/6 8067/1/6
f 8066/2/6 8050/2/6 8067/2/6
f 8067/1/6 8051/1/6 8068/1/6
f 8052/1/6 8053/1/6 8071/1/6
f 8053/1/6 8054/1/6 8071/1/6
f 8054/2/6 8055/2/6 8072/2/6
f 8071/1/6 8054/1/6 8072/1/6
f 8055/1/6 8056/1/6 8073/1/6
f 8072/2/6 8055/2/6 8073/2/6
f 8073/1/6 8056/1/6 8074/1/6
f 8074/1/6 8056/1/6 8075/1/6
f 8056/3/6 8057/3/6 8076/3/6
f 8075/1/6 8056/1/6 8076/1/6
f 8057/1/6 8058/1/6 8077/1/6
f 8076/3/6 8057/3/6 8077/3/6
f 8077/1/6 8058/1/6 8078/1/6
f 8078/1/6 8058/1/6 8079/1/6
f 8065/1/6 8066/1/6 8080/1/6
f 8064/1/6 8065/1/6 8080/1/6
f 8063/1/6 8064/1/6 8080/1/6
f 8068/1/6 8069/1/6 8080/1/6
f 8067/1/6 8068/1/6 8080/1/6
f 8066/1/6 8067/1/6 8080/1/6
f 8080/1/6 8069/1/6 8081/1/6
f 8081/1/6 8069/1/6 8082/1/6
f 8082/1/6 8069/1/6 8083/1/6
f 8083/1/6 8069/1/6 8084/1/6
f 8073/1/6 8074/1/6 8085/1/6
f 8072/1/6 8073/1/6 8085/1/6
f 8070/1/6 8071/1/6 8085/1/6
f 8071/1/6 8072/1/6 8085/1/6
f 8074/3/6 8075/3/6 8086/3/6
f 8085/1/6 8074/1/6 8086/1/6
f 8077/1/6 8078/1/6 8087/1/6
f 8086/3/6 8075/3/6 8087/3/6
f 8076/1/6 8077/1/6 8087/1/6
f 8075/1/6 8076/1/6 8087/1/6
f 8087/1/6 8078/1/6 8088/1/6
f 8088/1/6 8078/1/6 8089/1/6
f 8081/1/6 8082/1/6 8090/1/6
f 8090/1/6 8082/1/6 8091/1/6
f 8082/4/6 8083/4/6 8092/4/6
f 8091/1/6 8082/1/6 8092/1/6
f 8085/1/6 8086/1/6 8093/1/6
f 8092/4/6 8083/4/6 8093/4/6
f 8083/1/6 8084/1/6 8093/1/6
f 8087/1/6 8088/1/6 8093/1/6
f 8086/1/6 8087/1/6 8093/1/6
f 8084/1/6 8085/1/6 8093/1/6
f 8093/1/6 8088/1/6 8094/1/6
f 8094/1/6 8088/1/6 8095/1/6
f 8095/1/6 8088/1/6 8096/1/6
f 8096/1/6 8088/1/6 8097/1/6
f 8097/1/6 8088/1/6 8098/1/6
f 8098/1/6 8088/1/6 8099/1/6
f 8091/1/6 8092/1/6 8100/1/6
f 8092/1/6 8093/1/6 8100/1/6
f 8093/1/6 8094/1/6 8100/1/6
f 8100/1/6 8094/1/6 8101/1/6
f 8095/1/6 8096/1/6 8102/1/6
f 8102/1/6 8096/1/6 8103/1/6
f 8096/3/6 8097/3/6 8104/3/6
f 8103/1/6 8096/1/6 8104/1/6
f 8097/1/6 8098/1/6 8105/1/6
f 8104/3/6 8097/3/6 8105/3/6
f 8105/1/6 8098/1/6 8106/1/6
f 8106/1/6 8098/1/6 8107/1/6
f 8101/1/6 8094/1/6 8108/1/6
f 8108/1/6 8094/1/6 8109/1/6
f 8094/2/6 8095/2/6 8110/2/6
f 8109/1/6 8094/1/6 8110/1/6
f 8095/1/6 8102/1/6 8111/1/6
f 8110/2/6 8095/2/6 8111/2/6
f 8102/3/6 8103/3/6 8112/3/6
f 8111/1/6 8102/1/6 8112/1/6
f 8103/1/6 8104/1/6 8113/1/6
f 8112/3/6 8103/3/6 8113/3/6
f 8105/1/6 8106/1/6 8113/1/6
f 8104/1/6 8105/1/6 8113/1/6
f 8113/1/6 8106/1/6 8114/1/6
f 8114/1/6 8106/1/6 8115/1/6
f 8111/1/6 8112/1/6 8116/1/6
f 8110/1/6 8111/1/6 8116/1/6
f 8113/1/6 8114/1/6 8116/1/6
f 8112/1/6 8113/1/6 8116/1/6
f 8109/1/6 8110/1/6 8116/1/6
f 8116/1/6 8114/1/6 8117/1/6
f 8117/1/6 8114/1/6 8118/1/6
f 8118/1/6 8114/1/6 8119/1/6
f 8119/1/6 8114/1/6 8120/1/6
f 8120/1/6 8114/1/6 8121/1/6
f 8121/1/6 8114/1/6 8122/1/6
f 8122/1/6 8114/1/6 8123/1/6
f 8117/1/6 8118/1/6 8124/1/6
f 8124/1/6 8118/1/6 8125/1/6
f 8118/2/6 8119/2/6 8126/2/6
f 8125/1/6 8118/1/6 8126/1/6
f 8119/1/6 8120/1/6 8127/1/6
f 8126/2/6 8119/2/6 8127/2/6
f 8120/3/6 8121/3/6 8128/3/6
f 8127/1/6 8120/1/6 8128/1/6
f 8121/1/6 8122/1/6 8129/1/6
f 8128/3/6 8121/3/6 8129/3/6
f 8129/1/6 8122/1/6 8130/1/6
f 8130/1/6 8122/1/6 8131/1/6
f 8127/1/6 8128/1/6 8132/1/6
f 8129/1/6 8130/1/6 8132/1/6
f 8128/1/6 8129/1/6 8132/1/6
f 8125/1/6 8126/1/6 8132/1/6
f 8126/1/6 8127/1/6 8132/1/6
f 8132/1/6 8130/1/6 8133/1/6
f 8133/1/6 8130/1/6 8134/1/6
f 8134/1/6 8130/1/6 8135/1/6
f 8135/1/6 8130/1/6 8136/1/6
f 8136/1/6 8130/1/6 8137/1/6
f 8137/1/6 8130/1/6 8138/1/6
f 8138/1/6 8130/1/6 8139/1/6
f 8133/1/6 8134/1/6 8140/1/6
f 8140/1/6 8134/1/6 8141/1/6
f 8134/2/6 8135/2/6 8142/2/6
f 8141/1/6 8134/1/6 8142/1/6
f 8135/1/6 8136/1/6 8143/1/6
f 8142/2/6 8135/2/6 8143/2/6
f 8136/4/6 8137/4/6 8144/4/6
f 8143/1/6 8136/1/6 8144/1/6
f 8137/1/6 8138/1/6 8145/1/6
f 8144/4/6 8137/4/6 8145/4/6
f 8145/1/6 8138/1/6 8146/1/6
f 8146/1/6 8138/1/6 8147/1/6
f 8143/1/6 8144/1/6 8148/1/6
f 8145/1/6 8146/1/6 8148/1/6
f 8144/1/6 8145/1/6 8148/1/6
f 8141/1/6 8142/1/6 8148/1/6
f 8142/1/6 8143/1/6 8148/1/6
f 8148/1/6 8146/1/6 8149/1/6
f 8149/1/6 8146/1/6 8150/1/6
f 8150/1/6 8146/1/6 8151/1/6
f 8151/1/6 8146/1/6 8152/1/6
f 8152/1/6 8146/1/6 8153/1/6
f 8149/1/6 8150/1/6 8154/1/6
f 8154/1/6 8150/1/6 8155/1/6
f 8150/3/6 8151/3/6 8156/3/6
f 8155/1/6 8150/1/6 8156/1/6
f 8151/1/6 8152/1/6 8157/1/6
f 8156/3/6 8151/3/6 8157/3/6
f 8157/1/6 8152/1/6 8158/1/6
f 8158/1/6 8152/1/6 8159/1/6
f 8159/1/6 8152/1/6 8160/1/6
f 8160/1/6 8152/1/6 8161/1/6
f 8155/1/6 8156/1/6 8162/1/6
f 8156/1/6 8157/1/6 8162/1/6
f 8157/1/6 8158/1/6 8162/1/6
f 8162/1/6 8158/1/6 8163/1/6
f 8158/2/6 8159/2/6 8164/2/6
f 8163/1/6 8158/1/6 8164/1/6
f 8159/1/6 8160/1/6 8165/1/6
f 8164/2/6 8159/2/6 8165/2/6
f 8165/1/6 8160/1/6 8166/1/6
f 8166/1/6 8160/1/6 8167/1/6
f 8163/1/6 8164/1/6 8168/1/6
f 8165/1/6 8166/1/6 8168/1/6
f 8164/1/6 8165/1/6 8168/1/6
f 8168/1/6 8166/1/6 8169/1/6
f 8169/1/6 8166/1/6 8170/1/6
f 8170/1/6 8166/1/6 8171/1/6
f 8169/1/6 8170/1/6 8172/1/6
f 8172/1/6 8170/1/6 8173/1/6
f 8173/1/6 8170/1/6 8174/1/6
f 8174/1/6 8170/1/6 8175/1/6
f 8175/1/6 8170/1/6 8176/1/6
f 8176/1/6 8170/1/6 8177/1/6
f 8173/1/6 8174/1/6 8178/1/6
f 8178/1/6 8174/1/6 8179/1/6
f 8179/1/6 8174/1/6 8180/1/6
f 8174/3/6 8175/3/6 8181/3/6
f 8180/1/6 8174/1/6 8181/1/6
f 8175/1/6 8176/1/6 8182/1/6
f 8181/3/6 8175/3/6 8182/3/6
f 8182/1/6 8176/1/6 8183/1/6
f 8183/1/6 8176/1/6 8184/1/6
f 8184/1/6 8176/1/6 8185/1/6
f 8185/1/6 8176/1/6 8186/1/6
f 8180/1/6 8181/1/6 8187/1/6
f 8181/1/6 8182/1/6 8187/1/6
f 8182/1/6 8183/1/6 8187/1/6
f 8187/1/6 8183/1/6 8188/1/6
f 8183/3/6 8184/3/6 8189/3/6
f 8188/1/6 8183/1/6 8189/1/6
f 8184/1/6 8185/1/6 8190/1/6
f 8189/3/6 8184/3/6 8190/3/6
f 8190/1/6 8185/1/6 8191/1/6
f 8191/1/6 8185/1/6 8192/1/6
f 8192/1/6 8185/1/6 8193/1/6
f 8193/1/6 8185/1/6 8194/1/6
f 8188/1/6 8189/1/6 8195/1/6
f 8189/1/6 8190/1/6 8195/1/6
f 8190/1/6 8191/1/6 8195/1/6
f 8195/1/6 8191/1/6 8196/1/6
f 8191/2/6 8192/2/6 8197/2/6
f 8196/1/6 8191/1/6 8197/1/6
f 8192/1/6 8193/1/6 8198/1/6
f 8197/2/6 8192/2/6 8198/2/6
f 8198/1/6 8193/1/6 8199/1/6
f 8199/1/6 8193/1/6 8200/1/6
f 8196/1/6 8197/1/6 8201/1/6
f 8198/1/6 8199/1/6 8201/1/6
f 8197/1/6 8198/1/6 8201/1/6
f 8201/1/6 8199/1/6 8202/1/6
f 8202/1/6 8199/1/6 8203/1/6
f 8203/1/6 8199/1/6 8204/1/6
f 8202/1/6 8203/1/6 8205/1/6
f 8205/1/6 8203/1/6 8206/1/6
f 8206/1/6 8203/1/6 8207/1/6
f 8207/1/6 8203/1/6 8208/1/6
f 8206/1/6 8207/1/6 8209/1/6
f 8209/1/6 8207/1/6 8210/1/6
f 8211/1/6 8212/1/6 8213/1/6
f 8213/1/6 8214/1/6 8215/1/6
f 8215/1/6 8216/1/6 8217/1/6
f 8217/1/6 8218/1/6 8219/1/6
f 8219/1/6 8220/1/6 8221/1/6
f 8217/1/6 8219/1/6 8223/1/6
f 8221/1/6 8222/1/6 8223/1/6
f 8219/1/6 8221/1/6 8223/1/6
f 8223/1/6 8222/1/6 8224/1/6
f 8224/1/6 8222/1/6 8225/1/6
f 8217/1/6 8223/1/6 8227/1/6
f 8223/3/6 8224/3/6 8227/3/6
f 8225/1/6 8226/1/6 8228/1/6
f 8227/3/6 8224/3/6 8228/3/6
f 8224/1/6 8225/1/6 8228/1/6
f 8228/1/6 8226/1/6 8229/1/6
f 8215/1/6 8217/1/6 8231/1/6
f 8229/1/6 8230/1/6 8231/1/6
f 8228/1/6 8229/1/6 8231/1/6
f 8227/1/6 8228/1/6 8231/1/6
f 8217/1/6 8227/1/6 8231/1/6
f 8231/1/6 8230/1/6 8232/1/6
f 8232/1/6 8230/1/6 8233/1/6
f 8215/1/6 8231/1/6 8237/1/6
f 8231/3/6 8232/3/6 8237/3/6
f 8233/1/6 8234/1/6 8238/1/6
f 8237/3/6 8232/3/6 8238/3/6
f 8232/1/6 8233/1/6 8238/1/6
f 8238/1/6 8234/1/6 8239/1/6
f 8235/1/6 8236/1/6 8242/1/6
f 8239/1/6 8240/1/6 8243/1/6
f 8237/1/6 8238/1/6 8243/1/6
f 8238/1/6 8239/1/6 8243/1/6
f 8241/1/6 8242/1/6 8246/1/6
f 8243/1/6 8244/1/6 8247/1/6
f 8245/1/6 8246/1/6 8250/1/6
f 8247/1/6 8248/1/6 8251/1/6
f 8249/1/6 8250/1/6 8255/1/6
f 8252/3/6 8253/3/6 8256/3/6
f 8251/1/6 8252/1/6 8256/1/6
f 8256/3/6 8253/3/6 8257/3/6
f 8254/1/6 8255/1/6 8260/1/6
f 8257/1/6 8258/1/6 8261/1/6
f 8237/1/6 8243/1/6 8261/1/6
f 8243/1/6 8247/1/6 8261/1/6
f 8247/1/6 8251/1/6 8261/1/6
f 8256/1/6 8257/1/6 8261/1/6
f 8251/1/6 8256/1/6 8261/1/6
f 8261/1/6 8258/1/6 8262/1/6
f 8262/1/6 8258/1/6 8263/1/6
f 8259/1/6 8260/1/6 8266/1/6
f 8237/1/6 8261/1/6 8267/1/6
f 8267/1/6 8261/1/6 8268/1/6
f 8268/1/6 8261/1/6 8269/1/6
f 8261/3/6 8262/3/6 8270/3/6
f 8269/1/6 8261/1/6 8270/1/6
f 8263/1/6 8264/1/6 8271/1/6
f 8270/3/6 8262/3/6 8271/3/6
f 8262/1/6 8263/1/6 8271/1/6
f 8271/1/6 8264/1/6 8272/1/6
f 8272/1/6 8264/1/6 8273/1/6
f 8265/1/6 8266/1/6 8276/1/6
f 8211/1/6 8213/1/6 8277/1/6
f 8213/1/6 8215/1/6 8277/1/6
f 8215/1/6 8237/1/6 8277/1/6
f 8237/1/6 8267/1/6 8277/1/6
f 8277/1/6 8267/1/6 8278/1/6
f 8268/1/6 8269/1/6 8279/1/6
f 8279/1/6 8269/1/6 8280/1/6
f 8272/1/6 8273/1/6 8281/1/6
f 8273/1/6 8274/1/6 8281/1/6
f 8281/1/6 8274/1/6 8282/1/6
f 8282/1/6 8274/1/6 8283/1/6
f 8283/1/6 8274/1/6 8284/1/6
f 8284/1/6 8274/1/6 8285/1/6
f 8275/1/6 8276/1/6 8288/1/6
f 8282/1/6 8283/1/6 8289/1/6
f 8289/1/6 8283/1/6 8290/1/6
f 8283/2/6 8284/2/6 8291/2/6
f 8290/1/6 8283/1/6 8291/1/6
f 8285/1/6 8286/1/6 8292/1/6
f 8291/2/6 8284/2/6 8292/2/6
f 8284/1/6 8285/1/6 8292/1/6
f 8292/1/6 8286/1/6 8293/1/6
f 8287/1/6 8288/1/6 8296/1/6
f 8290/1/6 8291/1/6 8297/1/6
f 8293/1/6 8294/1/6 8297/1/6
f 8291/1/6 8292/1/6 8297/1/6
f 8292/1/6 8293/1/6 8297/1/6
f 8297/1/6 8294/1/6 8298/1/6
f 8298/1/6 8294/1/6 8299/1/6
f 8295/1/6 8296/1/6 8302/1/6
f 8276/1/6 8266/1/6 8303/1/6
f 8296/1/6 8288/1/6 8303/1/6
f 8302/1/6 8296/1/6 8303/1/6
f 8242/1/6 8236/1/6 8303/1/6
f 8260/1/6 8255/1/6 8303/1/6
f 8246/1/6 8242/1/6 8303/1/6
f 8250/1/6 8246/1/6 8303/1/6
f 8255/1/6 8250/1/6 8303/1/6
f 8288/1/6 8276/1/6 8303/1/6
f 8266/1/6 8260/1/6 8303/1/6
f 8303/1/6 8236/1/6 8304/1/6
f 8299/1/6 8300/1/6 8305/1/6
f 8298/1/6 8299/1/6 8305/1/6
f 8305/1/6 8300/1/6 8306/1/6
f 8306/1/6 8300/1/6 8307/1/6
f 8301/1/6 8302/1/6 8311/1/6
f 8302/1/6 8303/1/6 8311/1/6
f 8311/1/6 8303/1/6 8312/1/6
f 8307/1/6 8308/1/6 8313/1/6
f 8306/1/6 8307/1/6 8313/1/6
f 8313/1/6 8308/1/6 8314/1/6
f 8314/1/6 8308/1/6 8315/1/6
f 8309/1/6 8310/1/6 8318/1/6
f 8318/1/6 8310/1/6 8319/1/6
f 8301/1/6 8311/1/6 8320/1/6
f 8320/1/6 8311/1/6 8321/1/6
f 8321/1/6 8311/1/6 8322/1/6
f 8315/1/6 8316/1/6 8323/1/6
f 8314/1/6 8315/1/6 8323/1/6
f 8323/1/6 8316/1/6 8324/1/6
f 8324/1/6 8316/1/6 8325/1/6
f 8318/1/6 8319/1/6 8328/1/6
f 8320/1/6 8321/1/6 8328/1/6
f 8319/1/6 8320/1/6 8328/1/6
f 8317/1/6 8318/1/6 8328/1/6
f 8328/1/6 8321/1/6 8329/1/6
f 8329/1/6 8321/1/6 8330/1/6
f 8330/1/6 8321/1/6 8331/1/6
f 8331/1/6 8321/1/6 8332/1/6
f 8325/1/6 8326/1/6 8333/1/6
f 8324/1/6 8325/1/6 8333/1/6
f 8333/1/6 8326/1/6 8334/1/6
f 8334/1/6 8326/1/6 8335/1/6
f 8335/1/6 8326/1/6 8336/1/6
f 8336/1/6 8326/1/6 8337/1/6
f 8327/1/6 8328/1/6 8340/1/6
f 8328/1/6 8329/1/6 8340/1/6
f 8330/1/6 8331/1/6 8341/1/6
f 8341/1/6 8331/1/6 8342/1/6
f 8334/1/6 8335/1/6 8343/1/6
f 8343/1/6 8335/1/6 8344/1/6
f 8335/3/6 8336/3/6 8345/3/6
f 8344/1/6 8335/1/6 8345/1/6
f 8337/1/6 8338/1/6 8346/1/6
f 8345/3/6 8336/3/6 8346/3/6
f 8336/1/6 8337/1/6 8346/1/6
f 8346/1/6 8338/1/6 8347/1/6
f 8339/1/6 8340/1/6 8350/1/6
f 8329/4/6 8330/4/6 8351/4/6
f 8340/1/6 8329/1/6 8351/1/6
f 8350/1/6 8340/1/6 8351/1/6
f 8330/1/6 8341/1/6 8352/1/6
f 8351/4/6 8330/4/6 8352/4/6
f 8352/1/6 8341/1/6 8353/1/6
f 8347/1/6 8348/1/6 8354/1/6
f 8344/1/6 8345/1/6 8354/1/6
f 8346/1/6 8347/1/6 8354/1/6
f 8345/1/6 8346/1/6 8354/1/6
f 8354/1/6 8348/1/6 8355/1/6
f 8355/1/6 8348/1/6 8356/1/6
f 8349/1/6 8350/1/6 8359/1/6
f 8351/1/6 8352/1/6 8359/1/6
f 8350/1/6 8351/1/6 8359/1/6
f 8359/1/6 8352/1/6 8360/1/6
f 8360/1/6 8352/1/6 8361/1/6
f 8361/1/6 8352/1/6 8362/1/6
f 8362/1/6 8352/1/6 8363/1/6
f 8356/1/6 8357/1/6 8364/1/6
f 8355/1/6 8356/1/6 8364/1/6
f 8364/1/6 8357/1/6 8365/1/6
f 8365/1/6 8357/1/6 8366/1/6
f 8358/1/6 8359/1/6 8369/1/6
f 8359/1/6 8360/1/6 8369/1/6
f 8360/3/6 8361/3/6 8370/3/6
f 8369/1/6 8360/1/6 8370/1/6
f 8361/1/6 8362/1/6 8371/1/6
f 8370/3/6 8361/3/6 8371/3/6
f 8371/1/6 8362/1/6 8372/1/6
f 8372/1/6 8362/1/6 8373/1/6
f 8373/1/6 8362/1/6 8374/1/6
f 8366/1/6 8367/1/6 8375/1/6
f 8365/1/6 8366/1/6 8375/1/6
f 8375/1/6 8367/1/6 8376/1/6
f 8376/1/6 8367/1/6 8377/1/6
f 8369/1/6 8370/1/6 8380/1/6
f 8368/1/6 8369/1/6 8380/1/6
f 8371/1/6 8372/1/6 8380/1/6
f 8370/1/6 8371/1/6 8380/1/6
f 8380/1/6 8372/1/6 8381/1/6
f 8381/1/6 8372/1/6 8382/1/6
f 8382/1/6 8372/1/6 8383/1/6
f 8383/1/6 8372/1/6 8384/1/6
f 8377/1/6 8378/1/6 8385/1/6
f 8376/1/6 8377/1/6 8385/1/6
f 8385/1/6 8378/1/6 8386/1/6
f 8386/1/6 8378/1/6 8387/1/6
f 8387/1/6 8378/1/6 8388/1/6
f 8379/1/6 8380/1/6 8391/1/6
f 8380/1/6 8381/1/6 8391/1/6
f 8381/3/6 8382/3/6 8392/3/6
f 8391/1/6 8381/1/6 8392/1/6
f 8382/1/6 8383/1/6 8393/1/6
f 8392/3/6 8382/3/6 8393/3/6
f 8393/1/6 8383/1/6 8394/1/6
f 8394/1/6 8383/1/6 8395/1/6
f 8386/4/6 8387/4/6 8396/4/6
f 8388/1/6 8389/1/6 8397/1/6
f 8396/4/6 8387/4/6 8397/4/6
f 8387/1/6 8388/1/6 8397/1/6
f 8397/1/6 8389/1/6 8398/1/6
f 8398/1/6 8389/1/6 8399/1/6
f 8391/1/6 8392/1/6 8402/1/6
f 8390/1/6 8391/1/6 8402/1/6
f 8392/1/6 8393/1/6 8402/1/6
f 8393/1/6 8394/1/6 8402/1/6
f 8402/1/6 8394/1/6 8403/1/6
f 8403/1/6 8394/1/6 8404/1/6
f 8399/1/6 8400/1/6 8405/1/6
f 8398/1/6 8399/1/6 8405/1/6
f 8405/1/6 8400/1/6 8406/1/6
f 8406/1/6 8400/1/6 8407/1/6
f 8402/1/6 8403/1/6 8410/1/6
f 8401/1/6 8402/1/6 8410/1/6
f 8410/1/6 8403/1/6 8411/1/6
f 8411/1/6 8403/1/6 8412/1/6
f 8407/1/6 8408/1/6 8413/1/6
f 8406/1/6 8407/1/6 8413/1/6
f 8413/1/6 8408/1/6 8414/1/6
f 8414/1/6 8408/1/6 8415/1/6
f 8410/1/6 8411/1/6 8418/1/6
f 8409/1/6 8410/1/6 8418/1/6
f 8418/1/6 8411/1/6 8419/1/6
f 8419/1/6 8411/1/6 8420/1/6
f 8415/1/6 8416/1/6 8421/1/6
f 8414/1/6 8415/1/6 8421/1/6
f 8421/1/6 8416/1/6 8422/1/6
f 8422/1/6 8416/1/6 8423/1/6
f 8418/1/6 8419/1/6 8426/1/6
f 8417/1/6 8418/1/6 8426/1/6
f 8426/1/6 8419/1/6 8427/1/6
f 8427/1/6 8419/1/6 8428/1/6
f 8423/1/6 8424/1/6 8429/1/6
f 8422/1/6 8423/1/6 8429/1/6
f 8429/1/6 8424/1/6 8430/1/6
f 8430/1/6 8424/1/6 8431/1/6
f 8431/1/6 8424/1/6 8432/1/6
f 8432/1/6 8424/1/6 8433/1/6
f 8426/1/6 8427/1/6 8436/1/6
f 8425/1/6 8426/1/6 8436/1/6
f 8436/1/6 8427/1/6 8437/1/6
f 8437/1/6 8427/1/6 8438/1/6
f 8430/1/6 8431/1/6 8439/1/6
f 8439/1/6 8431/1/6 8440/1/6
f 8431/4/6 8432/4/6 8441/4/6
f 8440/1/6 8431/1/6 8441/1/6
f 8433/1/6 8434/1/6 8442/1/6
f 8441/4/6 8432/4/6 8442/4/6
f 8432/1/6 8433/1/6 8442/1/6
f 8442/1/6 8434/1/6 8443/1/6
f 8436/1/6 8437/1/6 8446/1/6
f 8435/1/6 8436/1/6 8446/1/6
f 8446/1/6 8437/1/6 8447/1/6
f 8447/1/6 8437/1/6 8448/1/6
f 8440/1/6 8441/1/6 8449/1/6
f 8443/1/6 8444/1/6 8449/1/6
f 8442/1/6 8443/1/6 8449/1/6
f 8441/1/6 8442/1/6 8449/1/6
f 8449/1/6 8444/1/6 8450/1/6
f 8450/1/6 8444/1/6 8451/1/6
f 8446/1/6 8447/1/6 8454/1/6
f 8445/1/6 8446/1/6 8454/1/6
f 8454/1/6 8447/1/6 8455/1/6
f 8455/1/6 8447/1/6 8456/1/6
f 8456/1/6 8447/1/6 8457/1/6
f 8457/1/6 8447/1/6 8458/1/6
f 8451/1/6 8452/1/6 8459/1/6
f 8450/1/6 8451/1/6 8459/1/6
f 8459/1/6 8452/1/6 8460/1/6
f 8460/1/6 8452/1/6 8461/1/6
f 8453/1/6 8454/1/6 8465/1/6
f 8454/1/6 8455/1/6 8465/1/6
f 8455/3/6 8456/3/6 8466/3/6
f 8465/1/6 8455/1/6 8466/1/6
f 8456/1/6 8457/1/6 8467/1/6
f 8466/3/6 8456/3/6 8467/3/6
f 8467/1/6 8457/1/6 8468/1/6
f 8468/1/6 8457/1/6 8469/1/6
f 8469/1/6 8457/1/6 8470/1/6
f 8470/1/6 8457/1/6 8471/1/6
f 8471/1/6 8457/1/6 8472/1/6
f 8472/1/6 8457/1/6 8473/1/6
f 8461/1/6 8462/1/6 8474/1/6
f 8460/1/6 8461/1/6 8474/1/6
f 8474/1/6 8462/1/6 8475/1/6
f 8475/1/6 8462/1/6 8476/1/6
f 8476/1/6 8462/1/6 8477/1/6
f 8462/3/6 8463/3/6 8478/3/6
f 8477/1/6 8462/1/6 8478/1/6
f 8478/3/6 8463/3/6 8479/3/6
f 8465/1/6 8466/1/6 8482/1/6
f 8464/1/6 8465/1/6 8482/1/6
f 8466/1/6 8467/1/6 8482/1/6
f 8467/1/6 8468/1/6 8482/1/6
f 8482/1/6 8468/1/6 8483/1/6
f 8483/1/6 8468/1/6 8484/1/6
f 8468/3/6 8469/3/6 8485/3/6
f 8484/1/6 8468/1/6 8485/1/6
f 8469/1/6 8470/1/6 8486/1/6
f 8485/3/6 8469/3/6 8486/3/6
f 8486/1/6 8470/1/6 8487/1/6
f 8487/1/6 8470/1/6 8488/1/6
f 8470/2/6 8471/2/6 8489/2/6
f 8488/1/6 8470/1/6 8489/1/6
f 8471/1/6 8472/1/6 8490/1/6
f 8489/2/6 8471/2/6 8490/2/6
f 8490/1/6 8472/1/6 8491/1/6
f 8491/1/6 8472/1/6 8492/1/6
f 8492/1/6 8472/1/6 8493/1/6
f 8493/1/6 8472/1/6 8494/1/6
f 8475/1/6 8476/1/6 8495/1/6
f 8476/3/6 8477/3/6 8496/3/6
f 8495/1/6 8476/1/6 8496/1/6
f 8479/1/6 8480/1/6 8497/1/6
f 8496/3/6 8477/3/6 8497/3/6
f 8478/1/6 8479/1/6 8497/1/6
f 8477/1/6 8478/1/6 8497/1/6
f 8497/1/6 8480/1/6 8498/1/6
f 8498/1/6 8480/1/6 8499/1/6
f 8481/1/6 8482/1/6 8502/1/6
f 8482/1/6 8483/1/6 8502/1/6
f 8483/4/6 8484/4/6 8503/4/6
f 8502/1/6 8483/1/6 8503/1/6
f 8486/1/6 8487/1/6 8504/1/6
f 8503/4/6 8484/4/6 8504/4/6
f 8485/1/6 8486/1/6 8504/1/6
f 8484/1/6 8485/1/6 8504/1/6
f 8504/1/6 8487/1/6 8505/1/6
f 8505/1/6 8487/1/6 8506/1/6
f 8488/1/6 8489/1/6 8507/1/6
f 8490/1/6 8491/1/6 8507/1/6
f 8489/1/6 8490/1/6 8507/1/6
f 8507/1/6 8491/1/6 8508/1/6
f 8498/1/6 8499/1/6 8509/1/6
f 8499/1/6 8500/1/6 8509/1/6
f 8509/1/6 8500/1/6 8510/1/6
f 8510/1/6 8500/1/6 8511/1/6
f 8502/1/6 8503/1/6 8514/1/6
f 8504/1/6 8505/1/6 8514/1/6
f 8501/1/6 8502/1/6 8514/1/6
f 8503/1/6 8504/1/6 8514/1/6
f 8514/1/6 8505/1/6 8515/1/6
f 8515/1/6 8505/1/6 8516/1/6
f 8511/1/6 8512/1/6 8517/1/6
f 8510/1/6 8511/1/6 8517/1/6
f 8517/1/6 8512/1/6 8518/1/6
f 8518/1/6 8512/1/6 8519/1/6
f 8514/1/6 8515/1/6 8522/1/6
f 8513/1/6 8514/1/6 8522/1/6
f 8522/1/6 8515/1/6 8523/1/6
f 8523/1/6 8515/1/6 8524/1/6
f 8519/1/6 8520/1/6 8525/1/6
f 8518/1/6 8519/1/6 8525/1/6
f 8525/1/6 8520/1/6 8526/1/6
f 8526/1/6 8520/1/6 8527/1/6
f 8522/1/6 8523/1/6 8528/1/6
f 8521/1/6 8522/1/6 8528/1/6
f 8528/1/6 8523/1/6 8529/1/6
f 8529/1/6 8523/1/6 8530/1/6
f 8530/1/6 8523/1/6 8531/1/6
f 8531/1/6 8523/1/6 8532/1/6
f 8526/1/6 8527/1/6 8533/1/6
f 8527/1/6 8528/1/6 8533/1/6
f 8528/1/6 8529/1/6 8533/1/6
f 8533/1/6 8529/1/6 8534/1/6
f 8529/3/6 8530/3/6 8535/3/6
f 8534/1/6 8529/1/6 8535/1/6
f 8530/1/6 8531/1/6 8536/1/6
f 8535/3/6 8530/3/6 8536/3/6
f 8536/1/6 8531/1/6 8537/1/6
f 8537/1/6 8531/1/6 8538/1/6
f 8534/1/6 8535/1/6 8539/1/6
f 8536/1/6 8537/1/6 8539/1/6
f 8535/1/6 8536/1/6 8539/1/6
f 8539/1/6 8537/1/6 8540/1/6
f 8540/1/6 8537/1/6 8541/1/6
f 8541/1/6 8537/1/6 8542/1/6
f 8540/1/6 8541/1/6 8543/1/6
f 8543/1/6 8541/1/6 8544/1/6
f 8544/1/6 8541/1/6 8545/1/6
f 8545/1/6 8541/1/6 8546/1/6
f 8546/1/6 8541/1/6 8547/1/6
f 8547/1/6 8541/1/6 8548/1/6
f 8544/1/6 8545/1/6 8549/1/6
f 8549/1/6 8545/1/6 8550/1/6
f 8546/1/6 8547/1/6 8551/1/6
f 8551/1/6 8547/1/6 8552/1/6
f 8552/1/6 8547/1/6 8553/1/6
f 8553/1/6 8547/1/6 8554/1/6
f 8550/1/6 8545/1/6 8555/1/6
f 8555/1/6 8545/1/6 8556/1/6
f 8545/3/6 8546/3/6 8557/3/6
f 8556/1/6 8545/1/6 8557/1/6
f 8546/1/6 8551/1/6 8558/1/6
f 8557/3/6 8546/3/6 8558/3/6
f 8551/2/6 8552/2/6 8559/2/6
f 8558/1/6 8551/1/6 8559/1/6
f 8552/1/6 8553/1/6 8560/1/6
f 8559/2/6 8552/2/6 8560/2/6
f 8560/1/6 8553/1/6 8561/1/6
f 8561/1/6 8553/1/6 8562/1/6
f 8558/1/6 8559/1/6 8563/1/6
f 8560/1/6 8561/1/6 8563/1/6
f 8559/1/6 8560/1/6 8563/1/6
f 8556/1/6 8557/1/6 8563/1/6
f 8557/1/6 8558/1/6 8563/1/6
f 8563/1/6 8561/1/6 8564/1/6
f 8564/1/6 8561/1/6 8565/1/6
f 8565/1/6 8561/1/6 8566/1/6
f 8564/1/6 8565/1/6 8567/1/6
f 8567/1/6 8565/1/6 8568/1/6
f 8568/1/6 8565/1/6 8569/1/6
f 8569/1/6 8565/1/6 8570/1/6
f 8568/1/6 8569/1/6 8571/1/6
f 8571/1/6 8569/1/6 8572/1/6
f 8572/1/6 8569/1/6 8573/1/6
f 8573/1/6 8569/1/6 8574/1/6
f 8575/1/6 8576/1/6 8580/1/6
f 8580/1/6 8576/1/6 8581/1/6
f 8577/1/6 8578/1/6 8582/1/6
f 8582/1/6 8578/1/6 8583/1/6
f 8583/1/6 8578/1/6 8584/1/6
f 8584/1/6 8578/1/6 8585/1/6
f 8580/1/6 8581/1/6 8587/1/6
f 8579/1/6 8580/1/6 8587/1/6
f 8581/1/6 8582/1/6 8587/1/6
f 8583/2/6 8584/2/6 8587/2/6
f 8582/1/6 8583/1/6 8587/1/6
f 8585/1/6 8586/1/6 8588/1/6
f 8587/2/6 8584/2/6 8588/2/6
f 8584/1/6 8585/1/6 8588/1/6
f 8588/1/6 8586/1/6 8589/1/6
f 8587/1/6 8588/1/6 8591/1/6
f 8589/1/6 8590/1/6 8591/1/6
f 8588/1/6 8589/1/6 8591/1/6
f 8591/1/6 8592/1/6 8595/1/6
f 8593/1/6 8594/1/6 8598/1/6
f 8595/1/6 8596/1/6 8599/1/6
f 8597/1/6 8598/1/6 8602/1/6
f 8587/1/6 8591/1/6 8603/1/6
f 8599/1/6 8600/1/6 8603/1/6
f 8591/1/6 8595/1/6 8603/1/6
f 8595/1/6 8599/1/6 8603/1/6
f 8603/1/6 8600/1/6 8604/1/6
f 8604/1/6 8600/1/6 8605/1/6
f 8601/1/6 8602/1/6 8608/1/6
f 8579/1/6 8587/1/6 8609/1/6
f 8587/1/6 8603/1/6 8609/1/6
f 8609/1/6 8603/1/6 8610/1/6
f 8603/3/6 8604/3/6 8611/3/6
f 8610/1/6 8603/1/6 8611/1/6
f 8605/1/6 8606/1/6 8612/1/6
f 8611/3/6 8604/3/6 8612/3/6
f 8604/1/6 8605/1/6 8612/1/6
f 8612/1/6 8606/1/6 8613/1/6
f 8607/1/6 8608/1/6 8616/1/6
f 8609/3/6 8610/3/6 8617/3/6
f 8579/1/6 8609/1/6 8617/1/6
f 8613/1/6 8614/1/6 8618/1/6
f 8617/3/6 8610/3/6 8618/3/6
f 8610/1/6 8611/1/6 8618/1/6
f 8611/1/6 8612/1/6 8618/1/6
f 8612/1/6 8613/1/6 8618/1/6
f 8618/1/6 8614/1/6 8619/1/6
f 8615/1/6 8616/1/6 8622/1/6
f 8608/1/6 8602/1/6 8623/1/6
f 8616/1/6 8608/1/6 8623/1/6
f 8622/1/6 8616/1/6 8623/1/6
f 8623/1/6 8602/1/6 8624/1/6
f 8619/1/6 8620/1/6 8625/1/6
f 8617/1/6 8618/1/6 8625/1/6
f 8618/1/6 8619/1/6 8625/1/6
f 8621/1/6 8622/1/6 8628/1/6
f 8622/1/6 8623/1/6 8628/1/6
f 8623/4/6 8624/4/6 8629/4/6
f 8628/1/6 8623/1/6 8629/1/6
f 8624/1/6 8602/1/6 8630/1/6
f 8629/4/6 8624/4/6 8630/4/6
f 8625/1/6 8626/1/6 8631/1/6
f 8617/1/6 8625/1/6 8631/1/6
f 8631/1/6 8626/1/6 8632/1/6
f 8632/1/6 8626/1/6 8633/1/6
f 8633/1/6 8626/1/6 8634/1/6
f 8634/1/6 8626/1/6 8635/1/6
f 8628/1/6 8629/1/6 8639/1/6
f 8627/1/6 8628/1/6 8639/1/6
f 8629/1/6 8630/1/6 8639/1/6
f 8617/1/6 8631/1/6 8640/1/6
f 8631/3/6 8632/3/6 8640/3/6
f 8632/1/6 8633/1/6 8641/1/6
f 8640/3/6 8632/3/6 8641/3/6
f 8633/4/6 8634/4/6 8642/4/6
f 8641/1/6 8633/1/6 8642/1/6
f 8635/1/6 8636/1/6 8643/1/6
f 8642/4/6 8634/4/6 8643/4/6
f 8634/1/6 8635/1/6 8643/1/6
f 8643/1/6 8636/1/6 8644/1/6
f 8637/1/6 8638/1/6 8647/1/6
f 8638/4/6 8639/4/6 8648/4/6
f 8647/1/6 8638/1/6 8648/1/6
f 8639/1/6 8630/1/6 8649/1/6
f 8648/4/6 8639/4/6 8649/4/6
f 8644/1/6 8645/1/6 8650/1/6
f 8641/1/6 8642/1/6 8650/1/6
f 8640/1/6 8641/1/6 8650/1/6
f 8642/1/6 8643/1/6 8650/1/6
f 8643/1/6 8644/1/6 8650/1/6
f 8648/1/6 8649/1/6 8653/1/6
f 8646/1/6 8647/1/6 8653/1/6
f 8647/1/6 8648/1/6 8653/1/6
f 8579/1/6 8617/1/6 8654/1/6
f 8650/1/6 8651/1/6 8654/1/6
f 8640/1/6 8650/1/6 8654/1/6
f 8617/1/6 8640/1/6 8654/1/6
f 8654/1/6 8651/1/6 8655/1/6
f 8655/1/6 8651/1/6 8656/1/6
f 8656/1/6 8651/1/6 8657/1/6
f 8657/1/6 8651/1/6 8658/1/6
f 8658/1/6 8651/1/6 8659/1/6
f 8659/1/6 8651/1/6 8660/1/6
f 8652/1/6 8653/1/6 8663/1/6
f 8655/1/6 8656/1/6 8664/1/6
f 8664/1/6 8656/1/6 8665/1/6
f 8656/3/6 8657/3/6 8666/3/6
f 8665/1/6 8656/1/6 8666/1/6
f 8657/1/6 8658/1/6 8667/1/6
f 8666/3/6 8657/3/6 8667/3/6
f 8667/1/6 8658/1/6 8668/1/6
f 8658/4/6 8659/4/6 8669/4/6
f 8668/1/6 8658/1/6 8669/1/6
f 8660/1/6 8661/1/6 8670/1/6
f 8669/4/6 8659/4/6 8670/4/6
f 8659/1/6 8660/1/6 8670/1/6
f 8670/1/6 8661/1/6 8671/1/6
f 8662/1/6 8663/1/6 8674/1/6
f 8665/1/6 8666/1/6 8675/1/6
f 8666/1/6 8667/1/6 8675/1/6
f 8675/1/6 8667/1/6 8676/1/6
f 8667/4/6 8668/4/6 8677/4/6
f 8676/1/6 8667/1/6 8677/1/6
f 8668/1/6 8669/1/6 8678/1/6
f 8677/4/6 8668/4/6 8678/4/6
f 8671/1/6 8672/1/6 8678/1/6
f 8669/1/6 8670/1/6 8678/1/6
f 8670/1/6 8671/1/6 8678/1/6
f 8678/1/6 8672/1/6 8679/1/6
f 8673/1/6 8674/1/6 8682/1/6
f 8649/1/6 8630/1/6 8683/1/6
f 8653/1/6 8649/1/6 8683/1/6
f 8682/1/6 8674/1/6 8683/1/6
f 8663/1/6 8653/1/6 8683/1/6
f 8674/1/6 8663/1/6 8683/1/6
f 8683/1/6 8630/1/6 8684/1/6
f 8676/1/6 8677/1/6 8685/1/6
f 8678/1/6 8679/1/6 8685/1/6
f 8679/1/6 8680/1/6 8685/1/6
f 8677/1/6 8678/1/6 8685/1/6
f 8685/1/6 8680/1/6 8686/1/6
f 8686/1/6 8680/1/6 8687/1/6
f 8681/1/6 8682/1/6 8690/1/6
f 8682/1/6 8683/1/6 8690/1/6
f 8683/4/6 8684/4/6 8691/4/6
f 8690/1/6 8683/1/6 8691/1/6
f 8684/1/6 8630/1/6 8692/1/6
f 8691/4/6 8684/4/6 8692/4/6
f 8687/1/6 8688/1/6 8693/1/6
f 8686/1/6 8687/1/6 8693/1/6
f 8693/1/6 8688/1/6 8694/1/6
f 8694/1/6 8688/1/6 8695/1/6
f 8690/1/6 8691/1/6 8698/1/6
f 8689/1/6 8690/1/6 8698/1/6
f 8691/1/6 8692/1/6 8698/1/6
f 8695/1/6 8696/1/6 8699/1/6
f 8694/1/6 8695/1/6 8699/1/6
f 8699/1/6 8696/1/6 8700/1/6
f 8700/1/6 8696/1/6 8701/1/6
f 8697/1/6 8698/1/6 8704/1/6
f 8701/1/6 8702/1/6 8705/1/6
f 8700/1/6 8701/1/6 8705/1/6
f 8705/1/6 8702/1/6 8706/1/6
f 8706/1/6 8702/1/6 8707/1/6
f 8703/1/6 8704/1/6 8710/1/6
f 8707/1/6 8708/1/6 8711/1/6
f 8706/1/6 8707/1/6 8711/1/6
f 8711/1/6 8708/1/6 8712/1/6
f 8712/1/6 8708/1/6 8713/1/6
f 8709/1/6 8710/1/6 8716/1/6
f 8698/1/6 8692/1/6 8717/1/6
f 8704/1/6 8698/1/6 8717/1/6
f 8716/1/6 8710/1/6 8717/1/6
f 8710/1/6 8704/1/6 8717/1/6
f 8717/1/6 8692/1/6 8718/1/6
f 8713/1/6 8714/1/6 8719/1/6
f 8712/1/6 8713/1/6 8719/1/6
f 8719/1/6 8714/1/6 8720/1/6
f 8720/1/6 8714/1/6 8721/1/6
f 8721/1/6 8714/1/6 8722/1/6
f 8722/1/6 8714/1/6 8723/1/6
f 8715/1/6 8716/1/6 8730/1/6
f 8716/1/6 8717/1/6 8730/1/6
f 8730/1/6 8717/1/6 8731/1/6
f 8731/1/6 8717/1/6 8732/1/6
f 8732/1/6 8717/1/6 8733/1/6
f 8717/4/6 8718/4/6 8734/4/6
f 8733/1/6 8717/1/6 8734/1/6
f 8718/1/6 8692/1/6 8735/1/6
f 8734/4/6 8718/4/6 8735/4/6
f 8602/1/6 8598/1/6 8736/1/6
f 8735/1/6 8692/1/6 8736/1/6
f 8630/1/6 8602/1/6 8736/1/6
f 8692/1/6 8630/1/6 8736/1/6
f 8598/1/6 8594/1/6 8737/1/6
f 8736/1/6 8598/1/6 8737/1/6
f 8720/1/6 8721/1/6 8738/1/6
f 8738/1/6 8721/1/6 8739/1/6
f 8721/4/6 8722/4/6 8740/4/6
f 8739/1/6 8721/1/6 8740/1/6
f 8722/1/6 8723/1/6 8741/1/6
f 8740/4/6 8722/4/6 8741/4/6
f 8723/1/6 8724/1/6 8741/1/6
f 8741/1/6 8724/1/6 8742/1/6
f 8725/1/6 8726/1/6 8745/1/6
f 8745/1/6 8726/1/6 8746/1/6
f 8727/1/6 8728/1/6 8747/1/6
f 8728/4/6 8729/4/6 8748/4/6
f 8747/1/6 8728/1/6 8748/1/6
f 8729/1/6 8730/1/6 8749/1/6
f 8748/4/6 8729/4/6 8749/4/6
f 8730/3/6 8731/3/6 8750/3/6
f 8749/1/6 8730/1/6 8750/1/6
f 8731/1/6 8732/1/6 8751/1/6
f 8750/3/6 8731/3/6 8751/3/6
f 8751/1/6 8732/1/6 8752/1/6
f 8752/1/6 8732/1/6 8753/1/6
f 8732/4/6 8733/4/6 8754/4/6
f 8753/1/6 8732/1/6 8754/1/6
f 8733/1/6 8734/1/6 8755/1/6
f 8754/4/6 8733/4/6 8755/4/6
f 8734/1/6 8735/1/6 8755/1/6
f 8735/1/6 8736/1/6 8755/1/6
f 8755/1/6 8736/1/6 8756/1/6
f 8756/1/6 8736/1/6 8757/1/6
f 8739/1/6 8740/1/6 8758/1/6
f 8742/1/6 8743/1/6 8758/1/6
f 8740/1/6 8741/1/6 8758/1/6
f 8741/1/6 8742/1/6 8758/1/6
f 8758/1/6 8743/1/6 8759/1/6
f 8759/1/6 8743/1/6 8760/1/6
f 8760/1/6 8743/1/6 8761/1/6
f 8761/1/6 8743/1/6 8762/1/6
f 8751/1/6 8752/1/6 8765/1/6
f 8750/1/6 8751/1/6 8765/1/6
f 8749/1/6 8750/1/6 8765/1/6
f 8748/1/6 8749/1/6 8765/1/6
f 8746/1/6 8747/1/6 8765/1/6
f 8745/1/6 8746/1/6 8765/1/6
f 8747/1/6 8748/1/6 8765/1/6
f 8744/1/6 8745/1/6 8765/1/6
f 8752/2/6 8753/2/6 8766/2/6
f 8765/1/6 8752/1/6 8766/1/6
f 8753/1/6 8754/1/6 8767/1/6
f 8766/2/6 8753/2/6 8767/2/6
f 8755/1/6 8756/1/6 8767/1/6
f 8754/1/6 8755/1/6 8767/1/6
f 8767/1/6 8756/1/6 8768/1/6
f 8768/1/6 8756/1/6 8769/1/6
f 8759/1/6 8760/1/6 8770/1/6
f 8760/3/6 8761/3/6 8771/3/6
f 8770/1/6 8760/1/6 8771/1/6
f 8762/1/6 8763/1/6 8772/1/6
f 8771/3/6 8761/3/6 8772/3/6
f 8761/1/6 8762/1/6 8772/1/6
f 8772/1/6 8763/1/6 8773/1/6
f 8765/1/6 8766/1/6 8776/1/6
f 8766/1/6 8767/1/6 8776/1/6
f 8767/1/6 8768/1/6 8776/1/6
f 8764/1/6 8765/1/6 8776/1/6
f 8776/1/6 8768/1/6 8777/1/6
f 8777/1/6 8768/1/6 8778/1/6
f 8773/1/6 8774/1/6 8779/1/6
f 8772/1/6 8773/1/6 8779/1/6
f 8779/1/6 8774/1/6 8780/1/6
f 8780/1/6 8774/1/6 8781/1/6
f 8776/1/6 8777/1/6 8784/1/6
f 8775/1/6 8776/1/6 8784/1/6
f 8784/1/6 8777/1/6 8785/1/6
f 8785/1/6 8777/1/6 8786/1/6
f 8786/1/6 8777/1/6 8787/1/6
f 8787/1/6 8777/1/6 8788/1/6
f 8788/1/6 8777/1/6 8789/1/6
f 8781/1/6 8782/1/6 8790/1/6
f 8780/1/6 8781/1/6 8790/1/6
f 8790/1/6 8782/1/6 8791/1/6
f 8791/1/6 8782/1/6 8792/1/6
f 8792/1/6 8782/1/6 8793/1/6
f 8783/1/6 8784/1/6 8796/1/6
f 8784/1/6 8785/1/6 8796/1/6
f 8785/3/6 8786/3/6 8797/3/6
f 8796/1/6 8785/1/6 8797/1/6
f 8786/1/6 8787/1/6 8798/1/6
f 8797/3/6 8786/3/6 8798/3/6
f 8793/1/6 8794/1/6 8799/1/6
f 8792/1/6 8793/1/6 8799/1/6
f 8799/1/6 8794/1/6 8800/1/6
f 8800/1/6 8794/1/6 8801/1/6
f 8796/1/6 8797/1/6 8804/1/6
f 8795/1/6 8796/1/6 8804/1/6
f 8797/1/6 8798/1/6 8804/1/6
f 8798/1/6 8787/1/6 8805/1/6
f 8804/1/6 8798/1/6 8805/1/6
f 8805/1/6 8787/1/6 8806/1/6
f 8801/1/6 8802/1/6 8807/1/6
f 8800/1/6 8801/1/6 8807/1/6
f 8807/1/6 8802/1/6 8808/1/6
f 8808/1/6 8802/1/6 8809/1/6
f 8804/1/6 8805/1/6 8812/1/6
f 8803/1/6 8804/1/6 8812/1/6
f 8812/1/6 8805/1/6 8813/1/6
f 8813/1/6 8805/1/6 8814/1/6
f 8814/1/6 8805/1/6 8815/1/6
f 8815/1/6 8805/1/6 8816/1/6
f 8816/1/6 8805/1/6 8817/1/6
f 8809/1/6 8810/1/6 8818/1/6
f 8808/1/6 8809/1/6 8818/1/6
f 8818/1/6 8810/1/6 8819/1/6
f 8819/1/6 8810/1/6 8820/1/6
f 8811/1/6 8812/1/6 8823/1/6
f 8812/1/6 8813/1/6 8823/1/6
f 8823/1/6 8813/1/6 8824/1/6
f 8824/1/6 8813/1/6 8825/1/6
f 8813/2/6 8814/2/6 8826/2/6
f 8825/1/6 8813/1/6 8826/1/6
f 8814/1/6 8815/1/6 8827/1/6
f 8826/2/6 8814/2/6 8827/2/6
f 8827/1/6 8815/1/6 8828/1/6
f 8828/1/6 8815/1/6 8829/1/6
f 8829/1/6 8815/1/6 8830/1/6
f 8815/3/6 8816/3/6 8831/3/6
f 8830/1/6 8815/1/6 8831/1/6
f 8831/3/6 8816/3/6 8832/3/6
f 8820/1/6 8821/1/6 8833/1/6
f 8819/1/6 8820/1/6 8833/1/6
f 8833/1/6 8821/1/6 8834/1/6
f 8834/1/6 8821/1/6 8835/1/6
f 8822/1/6 8823/1/6 8838/1/6
f 8823/1/6 8824/1/6 8838/1/6
f 8824/4/6 8825/4/6 8839/4/6
f 8838/1/6 8824/1/6 8839/1/6
f 8825/1/6 8826/1/6 8840/1/6
f 8839/4/6 8825/4/6 8840/4/6
f 8827/1/6 8828/1/6 8840/1/6
f 8826/1/6 8827/1/6 8840/1/6
f 8840/1/6 8828/1/6 8841/1/6
f 8841/1/6 8828/1/6 8842/1/6
f 8828/3/6 8829/3/6 8843/3/6
f 8842/1/6 8828/1/6 8843/1/6
f 8829/1/6 8830/1/6 8844/1/6
f 8843/3/6 8829/3/6 8844/3/6
f 8844/1/6 8830/1/6 8845/1/6
f 8845/1/6 8830/1/6 8846/1/6
f 8835/1/6 8836/1/6 8847/1/6
f 8834/1/6 8835/1/6 8847/1/6
f 8847/1/6 8836/1/6 8848/1/6
f 8848/1/6 8836/1/6 8849/1/6
f 8849/1/6 8836/1/6 8850/1/6
f 8850/1/6 8836/1/6 8851/1/6
f 8838/1/6 8839/1/6 8854/1/6
f 8837/1/6 8838/1/6 8854/1/6
f 8839/1/6 8840/1/6 8854/1/6
f 8840/1/6 8841/1/6 8854/1/6
f 8841/4/6 8842/4/6 8855/4/6
f 8854/1/6 8841/1/6 8855/1/6
f 8842/1/6 8843/1/6 8856/1/6
f 8855/4/6 8842/4/6 8856/4/6
f 8844/1/6 8845/1/6 8856/1/6
f 8843/1/6 8844/1/6 8856/1/6
f 8856/1/6 8845/1/6 8857/1/6
f 8857/1/6 8845/1/6 8858/1/6
f 8848/1/6 8849/1/6 8859/1/6
f 8859/1/6 8849/1/6 8860/1/6
f 8849/2/6 8850/2/6 8861/2/6
f 8860/1/6 8849/1/6 8861/1/6
f 8851/1/6 8852/1/6 8862/1/6
f 8861/2/6 8850/2/6 8862/2/6
f 8850/1/6 8851/1/6 8862/1/6
f 8862/1/6 8852/1/6 8863/1/6
f 8863/1/6 8852/1/6 8864/1/6
f 8864/1/6 8852/1/6 8865/1/6
f 8854/1/6 8855/1/6 8868/1/6
f 8853/1/6 8854/1/6 8868/1/6
f 8856/1/6 8857/1/6 8868/1/6
f 8855/1/6 8856/1/6 8868/1/6
f 8868/1/6 8857/1/6 8869/1/6
f 8869/1/6 8857/1/6 8870/1/6
f 8870/1/6 8857/1/6 8871/1/6
f 8871/1/6 8857/1/6 8872/1/6
f 8872/1/6 8857/1/6 8873/1/6
f 8873/1/6 8857/1/6 8874/1/6
f 8860/1/6 8861/1/6 8875/1/6
f 8862/1/6 8863/1/6 8875/1/6
f 8861/1/6 8862/1/6 8875/1/6
f 8875/1/6 8863/1/6 8876/1/6
f 8863/2/6 8864/2/6 8877/2/6
f 8876/1/6 8863/1/6 8877/1/6
f 8865/1/6 8866/1/6 8878/1/6
f 8877/2/6 8864/2/6 8878/2/6
f 8864/1/6 8865/1/6 8878/1/6
f 8878/1/6 8866/1/6 8879/1/6
f 8867/1/6 8868/1/6 8882/1/6
f 8868/1/6 8869/1/6 8882/1/6
f 8869/3/6 8870/3/6 8883/3/6
f 8882/1/6 8869/1/6 8883/1/6
f 8870/1/6 8871/1/6 8884/1/6
f 8883/3/6 8870/3/6 8884/3/6
f 8884/1/6 8871/1/6 8885/1/6
f 8885/1/6 8871/1/6 8886/1/6
f 8871/3/6 8872/3/6 8887/3/6
f 8886/1/6 8871/1/6 8887/1/6
f 8872/1/6 8873/1/6 8888/1/6
f 8887/3/6 8872/3/6 8888/3/6
f 8888/1/6 8873/1/6 8889/1/6
f 8889/1/6 8873/1/6 8890/1/6
f 8876/1/6 8877/1/6 8891/1/6
f 8879/1/6 8880/1/6 8891/1/6
f 8877/1/6 8878/1/6 8891/1/6
f 8878/1/6 8879/1/6 8891/1/6
f 8891/1/6 8880/1/6 8892/1/6
f 8880/2/6 8881/2/6 8893/2/6
f 8892/1/6 8880/1/6 8893/1/6
f 8882/1/6 8883/1/6 8894/1/6
f 8893/2/6 8881/2/6 8894/2/6
f 8881/1/6 8882/1/6 8894/1/6
f 8884/1/6 8885/1/6 8894/1/6
f 8883/1/6 8884/1/6 8894/1/6
f 8894/1/6 8885/1/6 8895/1/6
f 8895/1/6 8885/1/6 8896/1/6
f 8896/1/6 8885/1/6 8897/1/6
f 8897/1/6 8885/1/6 8898/1/6
f 8898/1/6 8885/1/6 8899/1/6
f 8899/1/6 8885/1/6 8900/1/6
f 8900/1/6 8885/1/6 8901/1/6
f 8901/1/6 8885/1/6 8902/1/6
f 8885/4/6 8886/4/6 8903/4/6
f 8902/1/6 8885/1/6 8903/1/6
f 8903/4/6 8886/4/6 8904/4/6
f 8886/1/6 8887/1/6 8905/1/6
f 8888/1/6 8889/1/6 8905/1/6
f 8887/1/6 8888/1/6 8905/1/6
f 8905/1/6 8889/1/6 8906/1/6
f 8892/1/6 8893/1/6 8907/1/6
f 8893/1/6 8894/1/6 8907/1/6
f 8894/1/6 8895/1/6 8907/1/6
f 8907/1/6 8895/1/6 8908/1/6
f 8895/4/6 8896/4/6 8909/4/6
f 8908/1/6 8895/1/6 8909/1/6
f 8896/1/6 8897/1/6 8910/1/6
f 8909/4/6 8896/4/6 8910/4/6
f 8897/2/6 8898/2/6 8911/2/6
f 8910/1/6 8897/1/6 8911/1/6
f 8898/3/6 8899/3/6 8912/3/6
f 8911/2/6 8898/2/6 8912/2/6
f 8899/1/6 8900/1/6 8913/1/6
f 8912/3/6 8899/3/6 8913/3/6
f 8900/4/6 8901/4/6 8914/4/6
f 8913/1/6 8900/1/6 8914/1/6
f 8901/1/6 8902/1/6 8915/1/6
f 8914/4/6 8901/4/6 8915/4/6
f 8915/1/6 8902/1/6 8916/1/6
f 8902/4/6 8903/4/6 8917/4/6
f 8916/1/6 8902/1/6 8917/1/6
f 8903/1/6 8904/1/6 8918/1/6
f 8917/4/6 8903/4/6 8918/4/6
f 8904/4/6 8886/4/6 8919/4/6
f 8918/1/6 8904/1/6 8919/1/6
f 8886/1/6 8905/1/6 8920/1/6
f 8919/4/6 8886/4/6 8920/4/6
f 8920/1/6 8905/1/6 8921/1/6
f 8921/1/6 8905/1/6 8922/1/6
f 8922/1/6 8905/1/6 8923/1/6
f 8923/1/6 8905/1/6 8924/1/6
f 8913/1/6 8914/1/6 8925/1/6
f 8912/1/6 8913/1/6 8925/1/6
f 8911/1/6 8912/1/6 8925/1/6
f 8908/1/6 8909/1/6 8925/1/6
f 8909/1/6 8910/1/6 8925/1/6
f 8914/1/6 8915/1/6 8925/1/6
f 8910/1/6 8911/1/6 8925/1/6
f 8925/1/6 8915/1/6 8926/1/6
f 8926/1/6 8915/1/6 8927/1/6
f 8915/4/6 8916/4/6 8928/4/6
f 8927/1/6 8915/1/6 8928/1/6
f 8917/1/6 8918/1/6 8929/1/6
f 8928/4/6 8916/4/6 8929/4/6
f 8916/1/6 8917/1/6 8929/1/6
f 8918/1/6 8919/1/6 8929/1/6
f 8920/1/6 8921/1/6 8929/1/6
f 8919/1/6 8920/1/6 8929/1/6
f 8921/4/6 8922/4/6 8930/4/6
f 8929/1/6 8921/1/6 8930/1/6
f 8922/1/6 8923/1/6 8931/1/6
f 8930/4/6 8922/4/6 8931/4/6
f 8931/1/6 8923/1/6 8932/1/6
f 8932/1/6 8923/1/6 8933/1/6
f 8926/1/6 8927/1/6 8934/1/6
f 8934/1/6 8927/1/6 8935/1/6
f 8927/4/6 8928/4/6 8936/4/6
f 8935/1/6 8927/1/6 8936/1/6
f 8931/1/6 8932/1/6 8937/1/6
f 8936/4/6 8928/4/6 8937/4/6
f 8929/1/6 8930/1/6 8937/1/6
f 8928/1/6 8929/1/6 8937/1/6
f 8930/1/6 8931/1/6 8937/1/6
f 8937/1/6 8932/1/6 8938/1/6
f 8938/1/6 8932/1/6 8939/1/6
f 8935/1/6 8936/1/6 8940/1/6
f 8937/1/6 8938/1/6 8940/1/6
f 8936/1/6 8937/1/6 8940/1/6
f 8940/1/6 8938/1/6 8941/1/6
f 8941/1/6 8938/1/6 8942/1/6
f 8942/1/6 8938/1/6 8943/1/6
f 8943/1/6 8938/1/6 8944/1/6
f 8944/1/6 8938/1/6 8945/1/6
f 8945/1/6 8938/1/6 8946/1/6
f 8946/1/6 8938/1/6 8947/1/6
f 8941/1/6 8942/1/6 8948/1/6
f 8948/1/6 8942/1/6 8949/1/6
f 8942/4/6 8943/4/6 8950/4/6
f 8949/1/6 8942/1/6 8950/1/6
f 8943/1/6 8944/1/6 8951/1/6
f 8950/4/6 8943/4/6 8951/4/6
f 8944/4/6 8945/4/6 8952/4/6
f 8951/1/6 8944/1/6 8952/1/6
f 8945/1/6 8946/1/6 8953/1/6
f 8952/4/6 8945/4/6 8953/4/6
f 8953/1/6 8946/1/6 8954/1/6
f 8954/1/6 8946/1/6 8955/1/6
f 8951/1/6 8952/1/6 8956/1/6
f 8953/1/6 8954/1/6 8956/1/6
f 8952/1/6 8953/1/6 8956/1/6
f 8949/1/6 8950/1/6 8956/1/6
f 8950/1/6 8951/1/6 8956/1/6
f 8956/1/6 8954/1/6 8957/1/6
f 8957/1/6 8954/1/6 8958/1/6
f 8958/1/6 8954/1/6 8959/1/6
f 8959/1/6 8954/1/6 8960/1/6
f 8960/1/6 8954/1/6 8961/1/6
f 8957/1/6 8958/1/6 8962/1/6
f 8962/1/6 8958/1/6 8963/1/6
f 8958/3/6 8959/3/6 8964/3/6
f 8963/1/6 8958/1/6 8964/1/6
f 8959/1/6 8960/1/6 8965/1/6
f 8964/3/6 8959/3/6 8965/3/6
f 8965/1/6 8960/1/6 8966/1/6
f 8966/1/6 8960/1/6 8967/1/6
f 8963/1/6 8964/1/6 8968/1/6
f 8965/1/6 8966/1/6 8968/1/6
f 8964/1/6 8965/1/6 8968/1/6
f 8968/1/6 8966/1/6 8969/1/6
f 8969/1/6 8966/1/6 8970/1/6
f 8970/1/6 8966/1/6 8971/1/6
f 8971/1/6 8966/1/6 8972/1/6
f 8972/1/6 8966/1/6 8973/1/6
f 8973/1/6 8966/1/6 8974/1/6
f 8974/1/6 8966/1/6 8975/1/6
f 8969/1/6 8970/1/6 8976/1/6
f 8976/1/6 8970/1/6 8977/1/6
f 8971/1/6 8972/1/6 8978/1/6
f 8972/3/6 8973/3/6 8978/3/6
f 8973/1/6 8974/1/6 8979/1/6
f 8978/3/6 8973/3/6 8979/3/6
f 8979/1/6 8974/1/6 8980/1/6
f 8980/1/6 8974/1/6 8981/1/6
f 8977/1/6 8970/1/6 8982/1/6
f 8982/1/6 8970/1/6 8983/1/6
f 8970/4/6 8971/4/6 8984/4/6
f 8983/1/6 8970/1/6 8984/1/6
f 8971/1/6 8978/1/6 8985/1/6
f 8984/4/6 8971/4/6 8985/4/6
f 8979/1/6 8980/1/6 8985/1/6
f 8978/1/6 8979/1/6 8985/1/6
f 8985/1/6 8980/1/6 8986/1/6
f 8986/1/6 8980/1/6 8987/1/6
f 8987/1/6 8980/1/6 8988/1/6
f 8988/1/6 8980/1/6 8989/1/6
f 8989/1/6 8980/1/6 8990/1/6
f 8990/1/6 8980/1/6 8991/1/6
f 8983/1/6 8984/1/6 8992/1/6
f 8984/1/6 8985/1/6 8992/1/6
f 8985/1/6 8986/1/6 8992/1/6
f 8992/1/6 8986/1/6 8993/1/6
f 8993/1/6 8986/1/6 8994/1/6
f 8986/3/6 8987/3/6 8995/3/6
f 8994/1/6 8986/1/6 8995/1/6
f 8987/1/6 8988/1/6 8996/1/6
f 8995/3/6 8987/3/6 8996/3/6
f 8988/2/6 8989/2/6 8997/2/6
f 8996/1/6 8988/1/6 8997/1/6
f 8989/1/6 8990/1/6 8998/1/6
f 8997/2/6 8989/2/6 8998/2/6
f 8998/1/6 8990/1/6 8999/1/6
f 8993/1/6 8994/1/6 9000/1/6
f 9000/1/6 8994/1/6 9001/1/6
f 9001/1/6 8994/1/6 9002/1/6
f 9002/1/6 8994/1/6 9003/1/6
f 9001/1/6 9002/1/6 9004/1/6
f 9004/1/6 9002/1/6 9005/1/6
f 9006/1/6 9007/1/6 9008/1/6
f 9008/1/6 9009/1/6 9010/1/6
f 9006/1/6 9008/1/6 9012/1/6
f 9010/1/6 9011/1/6 9012/1/6
f 9008/1/6 9010/1/6 9012/1/6
f 9012/1/6 9011/1/6 9013/1/6
f 9013/1/6 9011/1/6 9014/1/6
f 9006/1/6 9012/1/6 9016/1/6
f 9012/2/6 9013/2/6 9016/2/6
f 9014/1/6 9015/1/6 9017/1/6
f 9016/2/6 9013/2/6 9017/2/6
f 9013/1/6 9014/1/6 9017/1/6
f 9017/1/6 9015/1/6 9018/1/6
f 9016/1/6 9017/1/6 9020/1/6
f 9018/1/6 9019/1/6 9020/1/6
f 9017/1/6 9018/1/6 9020/1/6
f 9020/1/6 9019/1/6 9021/1/6
f 9021/1/6 9019/1/6 9022/1/6
f 9016/1/6 9020/1/6 9024/1/6
f 9020/2/6 9021/2/6 9024/2/6
f 9022/1/6 9023/1/6 9025/1/6
f 9024/2/6 9021/2/6 9025/2/6
f 9021/1/6 9022/1/6 9025/1/6
f 9025/1/6 9023/1/6 9026/1/6
f 9024/1/6 9025/1/6 9028/1/6
f 9026/1/6 9027/1/6 9028/1/6
f 9025/1/6 9026/1/6 9028/1/6
f 9028/1/6 9029/1/6 9030/1/6
f 9030/1/6 9031/1/6 9034/1/6
f 9032/1/6 9033/1/6 9037/1/6
f 9034/1/6 9035/1/6 9038/1/6
f 9036/1/6 9037/1/6 9041/1/6
f 9038/1/6 9039/1/6 9042/1/6
f 9040/1/6 9041/1/6 9045/1/6
f 9006/1/6 9016/1/6 9046/1/6
f 9016/1/6 9024/1/6 9046/1/6
f 9024/1/6 9028/1/6 9046/1/6
f 9028/1/6 9030/1/6 9046/1/6
f 9038/1/6 9042/1/6 9046/1/6
f 9042/1/6 9043/1/6 9046/1/6
f 9030/1/6 9034/1/6 9046/1/6
f 9034/1/6 9038/1/6 9046/1/6
f 9046/1/6 9043/1/6 9047/1/6
f 9047/1/6 9043/1/6 9048/1/6
f 9048/1/6 9043/1/6 9049/1/6
f 9049/1/6 9043/1/6 9050/1/6
f 9044/1/6 9045/1/6 9054/1/6
f 9047/1/6 9048/1/6 9055/1/6
f 9055/1/6 9048/1/6 9056/1/6
f 9048/3/6 9049/3/6 9057/3/6
f 9056/1/6 9048/1/6 9057/1/6
f 9049/1/6 9050/1/6 9058/1/6
f 9057/3/6 9049/3/6 9058/3/6
f 9050/1/6 9051/1/6 9058/1/6
f 9058/1/6 9051/1/6 9059/1/6
f 9052/1/6 9053/1/6 9062/1/6
f 9053/3/6 9054/3/6 9062/3/6
f 9054/1/6 9045/1/6 9063/1/6
f 9062/3/6 9054/3/6 9063/3/6
f 9059/1/6 9060/1/6 9064/1/6
f 9056/1/6 9057/1/6 9064/1/6
f 9058/1/6 9059/1/6 9064/1/6
f 9057/1/6 9058/1/6 9064/1/6
f 9064/1/6 9060/1/6 9065/1/6
f 9060/2/6 9061/2/6 9066/2/6
f 9065/1/6 9060/1/6 9066/1/6
f 9066/2/6 9061/2/6 9067/2/6
f 9052/1/6 9062/1/6 9070/1/6
f 9062/1/6 9063/1/6 9070/1/6
f 9067/1/6 9068/1/6 9071/1/6
f 9066/1/6 9067/1/6 9071/1/6
f 9065/1/6 9066/1/6 9071/1/6
f 9071/1/6 9068/1/6 9072/1/6
f 9072/1/6 9068/1/6 9073/1/6
f 9069/1/6 9070/1/6 9076/1/6
f 9045/1/6 9041/1/6 9077/1/6
f 9041/1/6 9037/1/6 9077/1/6
f 9076/1/6 9070/1/6 9077/1/6
f 9037/1/6 9033/1/6 9077/1/6
f 9063/1/6 9045/1/6 9077/1/6
f 9070/1/6 9063/1/6 9077/1/6
f 9077/1/6 9033/1/6 9078/1/6
f 9073/1/6 9074/1/6 9079/1/6
f 9072/1/6 9073/1/6 9079/1/6
f 9079/1/6 9074/1/6 9080/1/6
f 9080/1/6 9074/1/6 9081/1/6
f 9075/1/6 9076/1/6 9084/1/6
f 9076/1/6 9077/1/6 9084/1/6
f 9077/4/6 9078/4/6 9085/4/6
f 9084/1/6 9077/1/6 9085/1/6
f 9078/1/6 9033/1/6 9086/1/6
f 9085/4/6 9078/4/6 9086/4/6
f 9081/1/6 9082/1/6 9087/1/6
f 9080/1/6 9081/1/6 9087/1/6
f 9087/1/6 9082/1/6 9088/1/6
f 9088/1/6 9082/1/6 9089/1/6
f 9084/1/6 9085/1/6 9092/1/6
f 9083/1/6 9084/1/6 9092/1/6
f 9085/1/6 9086/1/6 9092/1/6
f 9089/1/6 9090/1/6 9093/1/6
f 9088/1/6 9089/1/6 9093/1/6
f 9093/1/6 9090/1/6 9094/1/6
f 9094/1/6 9090/1/6 9095/1/6
f 9095/1/6 9090/1/6 9096/1/6
f 9096/1/6 9090/1/6 9097/1/6
f 9091/1/6 9092/1/6 9100/1/6
f 9094/1/6 9095/1/6 9101/1/6
f 9101/1/6 9095/1/6 9102/1/6
f 9102/1/6 9095/1/6 9103/1/6
f 9103/1/6 9095/1/6 9104/1/6
f 9097/1/6 9098/1/6 9105/1/6
f 9096/1/6 9097/1/6 9105/1/6
f 9099/1/6 9100/1/6 9108/1/6
f 9092/1/6 9086/1/6 9109/1/6
f 9100/1/6 9092/1/6 9109/1/6
f 9108/1/6 9100/1/6 9109/1/6
f 9109/1/6 9086/1/6 9110/1/6
f 9103/4/6 9104/4/6 9111/4/6
f 9102/1/6 9103/1/6 9111/1/6
f 9104/1/6 9095/1/6 9112/1/6
f 9111/4/6 9104/4/6 9112/4/6
f 9095/3/6 9096/3/6 9113/3/6
f 9112/1/6 9095/1/6 9113/1/6
f 9105/1/6 9106/1/6 9114/1/6
f 9113/3/6 9096/3/6 9114/3/6
f 9096/1/6 9105/1/6 9114/1/6
f 9114/1/6 9106/1/6 9115/1/6
f 9107/1/6 9108/1/6 9118/1/6
f 9108/1/6 9109/1/6 9118/1/6
f 9109/3/6 9110/3/6 9119/3/6
f 9118/1/6 9109/1/6 9119/1/6
f 9110/1/6 9086/1/6 9120/1/6
f 9119/3/6 9110/3/6 9120/3/6
f 9102/1/6 9111/1/6 9121/1/6
f 9115/1/6 9116/1/6 9121/1/6
f 9112/1/6 9113/1/6 9121/1/6
f 9111/1/6 9112/1/6 9121/1/6
f 9113/1/6 9114/1/6 9121/1/6
f 9114/1/6 9115/1/6 9121/1/6
f 9121/1/6 9116/1/6 9122/1/6
f 9122/1/6 9116/1/6 9123/1/6
f 9123/1/6 9116/1/6 9124/1/6
f 9124/1/6 9116/1/6 9125/1/6
f 9125/1/6 9116/1/6 9126/1/6
f 9126/1/6 9116/1/6 9127/1/6
f 9119/1/6 9120/1/6 9130/1/6
f 9117/1/6 9118/1/6 9130/1/6
f 9118/1/6 9119/1/6 9130/1/6
f 9130/1/6 9120/1/6 9131/1/6
f 9131/1/6 9120/1/6 9132/1/6
f 9122/1/6 9123/1/6 9133/1/6
f 9133/1/6 9123/1/6 9134/1/6
f 9123/3/6 9124/3/6 9135/3/6
f 9134/1/6 9123/1/6 9135/1/6
f 9124/1/6 9125/1/6 9136/1/6
f 9135/3/6 9124/3/6 9136/3/6
f 9125/2/6 9126/2/6 9137/2/6
f 9136/1/6 9125/1/6 9137/1/6
f 9127/1/6 9128/1/6 9138/1/6
f 9137/2/6 9126/2/6 9138/2/6
f 9126/1/6 9127/1/6 9138/1/6
f 9138/1/6 9128/1/6 9139/1/6
f 9129/1/6 9130/1/6 9142/1/6
f 9130/1/6 9131/1/6 9142/1/6
f 9131/3/6 9132/3/6 9143/3/6
f 9142/1/6 9131/1/6 9143/1/6
f 9132/1/6 9120/1/6 9144/1/6
f 9143/3/6 9132/3/6 9144/3/6
f 9136/1/6 9137/1/6 9145/1/6
f 9135/1/6 9136/1/6 9145/1/6
f 9134/1/6 9135/1/6 9145/1/6
f 9137/1/6 9138/1/6 9145/1/6
f 9138/1/6 9139/1/6 9145/1/6
f 9139/1/6 9140/1/6 9145/1/6
f 9145/1/6 9140/1/6 9146/1/6
f 9146/1/6 9140/1/6 9147/1/6
f 9143/1/6 9144/1/6 9150/1/6
f 9142/1/6 9143/1/6 9150/1/6
f 9141/1/6 9142/1/6 9150/1/6
f 9144/1/6 9120/1/6 9151/1/6
f 9150/1/6 9144/1/6 9151/1/6
f 9120/1/6 9086/1/6 9152/1/6
f 9151/1/6 9120/1/6 9152/1/6
f 9086/1/6 9033/1/6 9153/1/6
f 9152/1/6 9086/1/6 9153/1/6
f 9153/1/6 9033/1/6 9154/1/6
f 9147/1/6 9148/1/6 9155/1/6
f 9146/1/6 9147/1/6 9155/1/6
f 9155/1/6 9148/1/6 9156/1/6
f 9156/1/6 9148/1/6 9157/1/6
f 9150/1/6 9151/1/6 9160/1/6
f 9149/1/6 9150/1/6 9160/1/6
f 9160/1/6 9151/1/6 9161/1/6
f 9161/1/6 9151/1/6 9162/1/6
f 9152/1/6 9153/1/6 9163/1/6
f 9163/1/6 9153/1/6 9164/1/6
f 9157/1/6 9158/1/6 9165/1/6
f 9156/1/6 9157/1/6 9165/1/6
f 9165/1/6 9158/1/6 9166/1/6
f 9166/1/6 9158/1/6 9167/1/6
f 9160/1/6 9161/1/6 9170/1/6
f 9159/1/6 9160/1/6 9170/1/6
f 9170/1/6 9161/1/6 9171/1/6
f 9171/1/6 9161/1/6 9172/1/6
f 9167/1/6 9168/1/6 9173/1/6
f 9166/1/6 9167/1/6 9173/1/6
f 9173/1/6 9168/1/6 9174/1/6
f 9174/1/6 9168/1/6 9175/1/6
f 9175/1/6 9168/1/6 9176/1/6
f 9170/1/6 9171/1/6 9179/1/6
f 9169/1/6 9170/1/6 9179/1/6
f 9179/1/6 9171/1/6 9180/1/6
f 9180/1/6 9171/1/6 9181/1/6
f 9174/3/6 9175/3/6 9182/3/6
f 9176/1/6 9177/1/6 9183/1/6
f 9182/3/6 9175/3/6 9183/3/6
f 9175/1/6 9176/1/6 9183/1/6
f 9183/1/6 9177/1/6 9184/1/6
f 9184/1/6 9177/1/6 9185/1/6
f 9185/1/6 9177/1/6 9186/1/6
f 9178/1/6 9179/1/6 9189/1/6
f 9179/1/6 9180/1/6 9189/1/6
f 9189/1/6 9180/1/6 9190/1/6
f 9190/1/6 9180/1/6 9191/1/6
f 9191/1/6 9180/1/6 9192/1/6
f 9192/1/6 9180/1/6 9193/1/6
f 9183/1/6 9184/1/6 9194/1/6
f 9194/1/6 9184/1/6 9195/1/6
f 9184/3/6 9185/3/6 9196/3/6
f 9195/1/6 9184/1/6 9196/1/6
f 9186/1/6 9187/1/6 9197/1/6
f 9196/3/6 9185/3/6 9197/3/6
f 9185/1/6 9186/1/6 9197/1/6
f 9197/1/6 9187/1/6 9198/1/6
f 9188/1/6 9189/1/6 9201/1/6
f 9189/1/6 9190/1/6 9201/1/6
f 9190/2/6 9191/2/6 9202/2/6
f 9201/1/6 9190/1/6 9202/1/6
f 9191/1/6 9192/1/6 9203/1/6
f 9202/2/6 9191/2/6 9203/2/6
f 9203/1/6 9192/1/6 9204/1/6
f 9204/1/6 9192/1/6 9205/1/6
f 9195/1/6 9196/1/6 9206/1/6
f 9198/1/6 9199/1/6 9206/1/6
f 9197/1/6 9198/1/6 9206/1/6
f 9196/1/6 9197/1/6 9206/1/6
f 9206/1/6 9199/1/6 9207/1/6
f 9207/1/6 9199/1/6 9208/1/6
f 9201/1/6 9202/1/6 9211/1/6
f 9203/1/6 9204/1/6 9211/1/6
f 9202/1/6 9203/1/6 9211/1/6
f 9200/1/6 9201/1/6 9211/1/6
f 9211/1/6 9204/1/6 9212/1/6
f 9212/1/6 9204/1/6 9213/1/6
f 9213/1/6 9204/1/6 9214/1/6
f 9214/1/6 9204/1/6 9215/1/6
f 9208/1/6 9209/1/6 9216/1/6
f 9207/1/6 9208/1/6 9216/1/6
f 9216/1/6 9209/1/6 9217/1/6
f 9217/1/6 9209/1/6 9218/1/6
f 9210/1/6 9211/1/6 9221/1/6
f 9211/1/6 9212/1/6 9221/1/6
f 9212/3/6 9213/3/6 9222/3/6
f 9221/1/6 9212/1/6 9222/1/6
f 9213/1/6 9214/1/6 9223/1/6
f 9222/3/6 9213/3/6 9223/3/6
f 9223/1/6 9214/1/6 9224/1/6
f 9224/1/6 9214/1/6 9225/1/6
f 9218/1/6 9219/1/6 9226/1/6
f 9217/1/6 9218/1/6 9226/1/6
f 9226/1/6 9219/1/6 9227/1/6
f 9227/1/6 9219/1/6 9228/1/6
f 9221/1/6 9222/1/6 9231/1/6
f 9220/1/6 9221/1/6 9231/1/6
f 9223/1/6 9224/1/6 9231/1/6
f 9222/1/6 9223/1/6 9231/1/6
f 9231/1/6 9224/1/6 9232/1/6
f 9232/1/6 9224/1/6 9233/1/6
f 9228/1/6 9229/1/6 9234/1/6
f 9227/1/6 9228/1/6 9234/1/6
f 9234/1/6 9229/1/6 9235/1/6
f 9235/1/6 9229/1/6 9236/1/6
f 9231/1/6 9232/1/6 9239/1/6
f 9230/1/6 9231/1/6 9239/1/6
f 9239/1/6 9232/1/6 9240/1/6
f 9240/1/6 9232/1/6 9241/1/6
f 9236/1/6 9237/1/6 9242/1/6
f 9235/1/6 9236/1/6 9242/1/6
f 9242/1/6 9237/1/6 9243/1/6
f 9243/1/6 9237/1/6 9244/1/6
f 9244/1/6 9237/1/6 9245/1/6
f 9245/1/6 9237/1/6 9246/1/6
f 9246/1/6 9237/1/6 9247/1/6
f 9247/1/6 9237/1/6 9248/1/6
f 9248/1/6 9237/1/6 9249/1/6
f 9249/1/6 9237/1/6 9250/1/6
f 9239/1/6 9240/1/6 9253/1/6
f 9238/1/6 9239/1/6 9253/1/6
f 9253/1/6 9240/1/6 9254/1/6
f 9254/1/6 9240/1/6 9255/1/6
f 9243/1/6 9244/1/6 9256/1/6
f 9256/1/6 9244/1/6 9257/1/6
f 9244/3/6 9245/3/6 9258/3/6
f 9257/1/6 9244/1/6 9258/1/6
f 9245/1/6 9246/1/6 9259/1/6
f 9258/3/6 9245/3/6 9259/3/6
f 9246/3/6 9247/3/6 9260/3/6
f 9259/1/6 9246/1/6 9260/1/6
f 9247/1/6 9248/1/6 9261/1/6
f 9260/3/6 9247/3/6 9261/3/6
f 9248/3/6 9249/3/6 9262/3/6
f 9261/1/6 9248/1/6 9262/1/6
f 9250/1/6 9251/1/6 9263/1/6
f 9262/3/6 9249/3/6 9263/3/6
f 9249/1/6 9250/1/6 9263/1/6
f 9263/1/6 9251/1/6 9264/1/6
f 9253/1/6 9254/1/6 9265/1/6
f 9252/1/6 9253/1/6 9265/1/6
f 9265/1/6 9254/1/6 9266/1/6
f 9266/1/6 9254/1/6 9267/1/6
f 9267/1/6 9254/1/6 9268/1/6
f 9268/1/6 9254/1/6 9269/1/6
f 9269/1/6 9254/1/6 9270/1/6
f 9270/1/6 9254/1/6 9271/1/6
f 9261/1/6 9262/1/6 9272/1/6
f 9263/1/6 9264/1/6 9272/1/6
f 9257/1/6 9258/1/6 9272/1/6
f 9258/1/6 9259/1/6 9272/1/6
f 9259/1/6 9260/1/6 9272/1/6
f 9265/1/6 9266/1/6 9272/1/6
f 9264/1/6 9265/1/6 9272/1/6
f 9260/1/6 9261/1/6 9272/1/6
f 9262/1/6 9263/1/6 9272/1/6
f 9272/1/6 9266/1/6 9273/1/6
f 9273/1/6 9266/1/6 9274/1/6
f 9266/2/6 9267/2/6 9275/2/6
f 9274/1/6 9266/1/6 9275/1/6
f 9267/1/6 9268/1/6 9276/1/6
f 9275/2/6 9267/2/6 9276/2/6
f 9268/3/6 9269/3/6 9277/3/6
f 9276/1/6 9268/1/6 9277/1/6
f 9269/1/6 9270/1/6 9278/1/6
f 9277/3/6 9269/3/6 9278/3/6
f 9278/1/6 9270/1/6 9279/1/6
f 9279/1/6 9270/1/6 9280/1/6
f 9276/1/6 9277/1/6 9281/1/6
f 9275/1/6 9276/1/6 9281/1/6
f 9278/1/6 9279/1/6 9281/1/6
f 9277/1/6 9278/1/6 9281/1/6
f 9274/1/6 9275/1/6 9281/1/6
f 9281/1/6 9279/1/6 9282/1/6
f 9282/1/6 9279/1/6 9283/1/6
f 9283/1/6 9279/1/6 9284/1/6
f 9284/1/6 9279/1/6 9285/1/6
f 9285/1/6 9279/1/6 9286/1/6
f 9282/1/6 9283/1/6 9287/1/6
f 9287/1/6 9283/1/6 9288/1/6
f 9288/1/6 9283/1/6 9289/1/6
f 9289/1/6 9283/1/6 9290/1/6
f 9290/1/6 9283/1/6 9291/1/6
f 9291/1/6 9283/1/6 9292/1/6
f 9283/3/6 9284/3/6 9293/3/6
f 9292/1/6 9283/1/6 9293/1/6
f 9284/1/6 9285/1/6 9294/1/6
f 9293/3/6 9284/3/6 9294/3/6
f 9294/1/6 9285/1/6 9295/1/6
f 9295/1/6 9285/1/6 9296/1/6
f 9288/1/6 9289/1/6 9297/1/6
f 9297/1/6 9289/1/6 9298/1/6
f 9298/1/6 9289/1/6 9299/1/6
f 9299/1/6 9289/1/6 9300/1/6
f 9289/2/6 9290/2/6 9301/2/6
f 9300/1/6 9289/1/6 9301/1/6
f 9290/1/6 9291/1/6 9302/1/6
f 9301/2/6 9290/2/6 9302/2/6
f 9302/1/6 9291/1/6 9303/1/6
f 9303/1/6 9291/1/6 9304/1/6
f 9291/2/6 9292/2/6 9305/2/6
f 9304/1/6 9291/1/6 9305/1/6
f 9292/1/6 9293/1/6 9306/1/6
f 9305/2/6 9292/2/6 9306/2/6
f 9294/1/6 9295/1/6 9306/1/6
f 9293/1/6 9294/1/6 9306/1/6
f 9306/1/6 9295/1/6 9307/1/6
f 9307/1/6 9295/1/6 9308/1/6
f 9308/1/6 9295/1/6 9309/1/6
f 9309/1/6 9295/1/6 9310/1/6
f 9298/1/6 9299/1/6 9311/1/6
f 9311/1/6 9299/1/6 9312/1/6
f 9312/1/6 9299/1/6 9313/1/6
f 9313/1/6 9299/1/6 9314/1/6
f 9299/3/6 9300/3/6 9315/3/6
f 9314/1/6 9299/1/6 9315/1/6
f 9302/1/6 9303/1/6 9316/1/6
f 9315/3/6 9300/3/6 9316/3/6
f 9300/1/6 9301/1/6 9316/1/6
f 9301/1/6 9302/1/6 9316/1/6
f 9303/3/6 9304/3/6 9317/3/6
f 9316/1/6 9303/1/6 9317/1/6
f 9304/1/6 9305/1/6 9318/1/6
f 9317/3/6 9304/3/6 9318/3/6
f 9305/1/6 9306/1/6 9318/1/6
f 9306/1/6 9307/1/6 9318/1/6
f 9307/3/6 9308/3/6 9319/3/6
f 9318/1/6 9307/1/6 9319/1/6
f 9308/1/6 9309/1/6 9320/1/6
f 9319/3/6 9308/3/6 9320/3/6
f 9320/1/6 9309/1/6 9321/1/6
f 9321/1/6 9309/1/6 9322/1/6
f 9312/1/6 9313/1/6 9323/1/6
f 9323/1/6 9313/1/6 9324/1/6
f 9313/2/6 9314/2/6 9325/2/6
f 9324/1/6 9313/1/6 9325/1/6
f 9316/1/6 9317/1/6 9326/1/6
f 9325/2/6 9314/2/6 9326/2/6
f 9315/1/6 9316/1/6 9326/1/6
f 9314/1/6 9315/1/6 9326/1/6
f 9319/1/6 9320/1/6 9326/1/6
f 9317/1/6 9318/1/6 9326/1/6
f 9320/1/6 9321/1/6 9326/1/6
f 9318/1/6 9319/1/6 9326/1/6
f 9326/1/6 9321/1/6 9327/1/6
f 9327/1/6 9321/1/6 9328/1/6
f 9324/1/6 9325/1/6 9329/1/6
f 9326/1/6 9327/1/6 9329/1/6
f 9325/1/6 9326/1/6 9329/1/6
f 9329/1/6 9327/1/6 9330/1/6
f 9330/1/6 9327/1/6 9331/1/6
f 9331/1/6 9327/1/6 9332/1/6
f 9330/1/6 9331/1/6 9333/1/6
f 9333/1/6 9331/1/6 9334/1/6
f 9334/1/6 9331/1/6 9335/1/6
f 9335/1/6 9331/1/6 9336/1/6
f 9334/1/6 9335/1/6 9337/1/6
f 9337/1/6 9335/1/6 9338/1/6
f 9338/1/6 9335/1/6 9339/1/6
f 9339/1/6 9335/1/6 9340/1/6
f 9340/1/6 9335/1/6 9341/1/6
f 9341/1/6 9335/1/6 9342/1/6
f 9338/1/6 9339/1/6 9343/1/6
f 9343/1/6 9339/1/6 9344/1/6
f 9344/1/6 9339/1/6 9345/1/6
f 9345/1/6 9339/1/6 9346/1/6
f 9339/3/6 9340/3/6 9347/3/6
f 9346/1/6 9339/1/6 9347/1/6
f 9340/1/6 9341/1/6 9348/1/6
f 9347/3/6 9340/3/6 9348/3/6
f 9348/1/6 9341/1/6 9349/1/6
f 9349/1/6 9341/1/6 9350/1/6
f 9350/1/6 9341/1/6 9351/1/6
f 9351/1/6 9341/1/6 9352/1/6
f 9344/1/6 9345/1/6 9353/1/6
f 9353/1/6 9345/1/6 9354/1/6
f 9345/2/6 9346/2/6 9355/2/6
f 9354/1/6 9345/1/6 9355/1/6
f 9346/1/6 9347/1/6 9356/1/6
f 9355/2/6 9346/2/6 9356/2/6
f 9347/1/6 9348/1/6 9356/1/6
f 9348/1/6 9349/1/6 9356/1/6
f 9349/2/6 9350/2/6 9357/2/6
f 9356/1/6 9349/1/6 9357/1/6
f 9350/1/6 9351/1/6 9358/1/6
f 9357/2/6 9350/2/6 9358/2/6
f 9358/1/6 9351/1/6 9359/1/6
f 9359/1/6 9351/1/6 9360/1/6
f 9354/1/6 9355/1/6 9361/1/6
f 9358/1/6 9359/1/6 9361/1/6
f 9357/1/6 9358/1/6 9361/1/6
f 9355/1/6 9356/1/6 9361/1/6
f 9356/1/6 9357/1/6 9361/1/6
f 9361/1/6 9359/1/6 9362/1/6
f 9362/1/6 9359/1/6 9363/1/6
f 9363/1/6 9359/1/6 9364/1/6
f 9364/1/6 9359/1/6 9365/1/6
f 9365/1/6 9359/1/6 9366/1/6
f 9366/1/6 9359/1/6 9367/1/6
f 9367/1/6 9359/1/6 9368/1/6
f 9362/1/6 9363/1/6 9369/1/6
f 9369/1/6 9363/1/6 9370/1/6
f 9370/1/6 9363/1/6 9371/1/6
f 9371/1/6 9363/1/6 9372/1/6
f 9364/1/6 9365/1/6 9373/1/6
f 9373/1/6 9365/1/6 9374/1/6
f 9366/1/6 9367/1/6 9375/1/6
f 9375/1/6 9367/1/6 9376/1/6
f 9370/1/6 9371/1/6 9377/1/6
f 9377/1/6 9371/1/6 9378/1/6
f 9379/11/6 9380/11/6 9381/11/6
f 9381/11/6 9382/11/6 9383/11/6
f 9383/11/6 9384/11/6 9385/11/6
f 9385/11/6 9386/11/6 9387/11/6
f 9387/11/6 9388/11/6 9389/11/6
f 9389/11/6 9390/11/6 9391/11/6
f 9391/11/6 9392/11/6 9393/11/6
f 9379/11/6 9381/11/6 9395/11/6
f 9393/11/6 9394/11/6 9395/11/6
f 9391/11/6 9393/11/6 9395/11/6
f 9389/11/6 9391/11/6 9395/11/6
f 9387/11/6 9389/11/6 9395/11/6
f 9385/11/6 9387/11/6 9395/11/6
f 9383/11/6 9385/11/6 9395/11/6
f 9381/11/6 9383/11/6 9395/11/6
f 9395/11/6 9394/11/6 9396/11/6
f 9379/11/6 9395/11/6 9397/11/6
f 9395/8/6 9396/8/6 9398/8/6
f 9397/11/6 9395/11/6 9398/11/6
f 9396/11/6 9394/11/6 9399/11/6
f 9398/8/6 9396/8/6 9399/8/6
f 9399/11/6 9394/11/6 9400/11/6
f 9400/11/6 9394/11/6 9401/11/6
f 9401/11/6 9402/11/6 9403/11/6
f 9400/11/6 9401/11/6 9403/11/6
f 9403/11/6 9402/11/6 9404/11/6
f 9404/11/6 9402/11/6 9405/11/6
f 9405/11/6 9406/11/6 9407/11/6
f 9404/11/6 9405/11/6 9407/11/6
f 9407/11/6 9406/11/6 9408/11/6
f 9408/11/6 9406/11/6 9409/11/6
f 9409/11/6 9406/11/6 9410/11/6
f 9410/11/6 9406/11/6 9411/11/6
f 9408/11/6 9409/11/6 9417/11/6
f 9417/11/6 9409/11/6 9418/11/6
f 9409/8/6 9410/8/6 9419/8/6
f 9418/11/6 9409/11/6 9419/11/6
f 9410/11/6 9411/11/6 9420/11/6
f 9419/8/6 9410/8/6 9420/8/6
f 9411/11/6 9412/11/6 9420/11/6
f 9420/11/6 9412/11/6 9421/11/6
f 9413/11/6 9414/11/6 9424/11/6
f 9424/11/6 9414/11/6 9425/11/6
f 9415/11/6 9416/11/6 9426/11/6
f 9421/11/6 9422/11/6 9427/11/6
f 9418/11/6 9419/11/6 9427/11/6
f 9419/11/6 9420/11/6 9427/11/6
f 9420/11/6 9421/11/6 9427/11/6
f 9427/11/6 9422/11/6 9428/11/6
f 9428/11/6 9422/11/6 9429/11/6
f 9429/11/6 9422/11/6 9430/11/6
f 9424/11/6 9425/11/6 9433/11/6
f 9425/11/6 9426/11/6 9433/11/6
f 9423/11/6 9424/11/6 9433/11/6
f 9430/11/6 9431/11/6 9434/11/6
f 9429/11/6 9430/11/6 9434/11/6
f 9434/11/6 9431/11/6 9435/11/6
f 9435/11/6 9431/11/6 9436/11/6
f 9436/11/6 9431/11/6 9437/11/6
f 9437/11/6 9431/11/6 9438/11/6
f 9432/11/6 9433/11/6 9441/11/6
f 9435/11/6 9436/11/6 9442/11/6
f 9442/11/6 9436/11/6 9443/11/6
f 9436/10/6 9437/10/6 9444/10/6
f 9443/11/6 9436/11/6 9444/11/6
f 9438/11/6 9439/11/6 9445/11/6
f 9444/10/6 9437/10/6 9445/10/6
f 9437/11/6 9438/11/6 9445/11/6
f 9445/11/6 9439/11/6 9446/11/6
f 9440/11/6 9441/11/6 9449/11/6
f 9443/11/6 9444/11/6 9450/11/6
f 9444/11/6 9445/11/6 9450/11/6
f 9445/11/6 9446/11/6 9450/11/6
f 9450/11/6 9446/11/6 9451/11/6
f 9446/3/6 9447/3/6 9452/3/6
f 9451/11/6 9446/11/6 9452/11/6
f 9452/3/6 9447/3/6 9453/3/6
f 9448/11/6 9449/11/6 9456/11/6
f 9453/11/6 9454/11/6 9457/11/6
f 9451/11/6 9452/11/6 9457/11/6
f 9452/11/6 9453/11/6 9457/11/6
f 9457/11/6 9454/11/6 9458/11/6
f 9458/11/6 9454/11/6 9459/11/6
f 9455/11/6 9456/11/6 9462/11/6
f 9459/11/6 9460/11/6 9463/11/6
f 9458/11/6 9459/11/6 9463/11/6
f 9463/11/6 9460/11/6 9464/11/6
f 9464/11/6 9460/11/6 9465/11/6
f 9461/11/6 9462/11/6 9468/11/6
f 9465/11/6 9466/11/6 9469/11/6
f 9464/11/6 9465/11/6 9469/11/6
f 9469/11/6 9466/11/6 9470/11/6
f 9470/11/6 9466/11/6 9471/11/6
f 9467/11/6 9468/11/6 9474/11/6
f 9471/11/6 9472/11/6 9475/11/6
f 9470/11/6 9471/11/6 9475/11/6
f 9475/11/6 9472/11/6 9476/11/6
f 9476/11/6 9472/11/6 9477/11/6
f 9473/11/6 9474/11/6 9480/11/6
f 9477/11/6 9478/11/6 9481/11/6
f 9476/11/6 9477/11/6 9481/11/6
f 9481/11/6 9478/11/6 9482/11/6
f 9482/11/6 9478/11/6 9483/11/6
f 9479/11/6 9480/11/6 9486/11/6
f 9483/11/6 9484/11/6 9487/11/6
f 9482/11/6 9483/11/6 9487/11/6
f 9487/11/6 9484/11/6 9488/11/6
f 9488/11/6 9484/11/6 9489/11/6
f 9485/11/6 9486/11/6 9492/11/6
f 9489/11/6 9490/11/6 9493/11/6
f 9488/11/6 9489/11/6 9493/11/6
f 9493/11/6 9490/11/6 9494/11/6
f 9494/11/6 9490/11/6 9495/11/6
f 9491/11/6 9492/11/6 9499/11/6
f 9494/11/6 9495/11/6 9500/11/6
f 9500/11/6 9495/11/6 9501/11/6
f 9495/8/6 9496/8/6 9502/8/6
f 9501/11/6 9495/11/6 9502/11/6
f 9496/11/6 9497/11/6 9503/11/6
f 9502/8/6 9496/8/6 9503/8/6
f 9503/11/6 9497/11/6 9504/11/6
f 9498/11/6 9499/11/6 9507/11/6
f 9468/11/6 9462/11/6 9508/11/6
f 9474/11/6 9468/11/6 9508/11/6
f 9507/11/6 9499/11/6 9508/11/6
f 9480/11/6 9474/11/6 9508/11/6
f 9486/11/6 9480/11/6 9508/11/6
f 9492/11/6 9486/11/6 9508/11/6
f 9499/11/6 9492/11/6 9508/11/6
f 9462/11/6 9456/11/6 9509/11/6
f 9508/11/6 9462/11/6 9509/11/6
f 9501/11/6 9502/11/6 9510/11/6
f 9503/11/6 9504/11/6 9510/11/6
f 9502/11/6 9503/11/6 9510/11/6
f 9504/11/6 9505/11/6 9510/11/6
f 9510/11/6 9505/11/6 9511/11/6
f 9511/11/6 9505/11/6 9512/11/6
f 9512/11/6 9505/11/6 9513/11/6
f 9513/11/6 9505/11/6 9514/11/6
f 9507/11/6 9508/11/6 9517/11/6
f 9506/11/6 9507/11/6 9517/11/6
f 9517/11/6 9508/11/6 9518/11/6
f 9518/11/6 9508/11/6 9519/11/6
f 9508/7/6 9509/7/6 9520/7/6
f 9519/11/6 9508/11/6 9520/11/6
f 9509/11/6 9456/11/6 9521/11/6
f 9520/7/6 9509/7/6 9521/7/6
f 9511/11/6 9512/11/6 9522/11/6
f 9522/11/6 9512/11/6 9523/11/6
f 9512/5/6 9513/5/6 9524/5/6
f 9523/11/6 9512/11/6 9524/11/6
f 9514/11/6 9515/11/6 9525/11/6
f 9524/5/6 9513/5/6 9525/5/6
f 9513/11/6 9514/11/6 9525/11/6
f 9525/11/6 9515/11/6 9526/11/6
f 9516/11/6 9517/11/6 9529/11/6
f 9517/11/6 9518/11/6 9529/11/6
f 9518/9/6 9519/9/6 9530/9/6
f 9529/11/6 9518/11/6 9530/11/6
f 9519/11/6 9520/11/6 9531/11/6
f 9530/9/6 9519/9/6 9531/9/6
f 9520/11/6 9521/11/6 9531/11/6
f 9523/11/6 9524/11/6 9532/11/6
f 9526/11/6 9527/11/6 9532/11/6
f 9524/11/6 9525/11/6 9532/11/6
f 9525/11/6 9526/11/6 9532/11/6
f 9532/11/6 9527/11/6 9533/11/6
f 9533/11/6 9527/11/6 9534/11/6
f 9529/11/6 9530/11/6 9537/11/6
f 9528/11/6 9529/11/6 9537/11/6
f 9530/11/6 9531/11/6 9537/11/6
f 9534/11/6 9535/11/6 9538/11/6
f 9533/11/6 9534/11/6 9538/11/6
f 9538/11/6 9535/11/6 9539/11/6
f 9539/11/6 9535/11/6 9540/11/6
f 9536/11/6 9537/11/6 9543/11/6
f 9540/11/6 9541/11/6 9544/11/6
f 9539/11/6 9540/11/6 9544/11/6
f 9544/11/6 9541/11/6 9545/11/6
f 9545/11/6 9541/11/6 9546/11/6
f 9542/11/6 9543/11/6 9549/11/6
f 9531/11/6 9521/11/6 9550/11/6
f 9537/11/6 9531/11/6 9550/11/6
f 9549/11/6 9543/11/6 9550/11/6
f 9543/11/6 9537/11/6 9550/11/6
f 9521/11/6 9456/11/6 9551/11/6
f 9550/11/6 9521/11/6 9551/11/6
f 9551/11/6 9456/11/6 9552/11/6
f 9456/11/6 9449/11/6 9553/11/6
f 9552/11/6 9456/11/6 9553/11/6
f 9546/11/6 9547/11/6 9554/11/6
f 9545/11/6 9546/11/6 9554/11/6
f 9554/11/6 9547/11/6 9555/11/6
f 9555/11/6 9547/11/6 9556/11/6
f 9548/11/6 9549/11/6 9559/11/6
f 9549/11/6 9550/11/6 9559/11/6
f 9559/11/6 9550/11/6 9560/11/6
f 9560/11/6 9550/11/6 9561/11/6
f 9550/10/6 9551/10/6 9562/10/6
f 9561/11/6 9550/11/6 9562/11/6
f 9551/11/6 9552/11/6 9563/11/6
f 9562/10/6 9551/10/6 9563/10/6
f 9552/6/6 9553/6/6 9564/6/6
f 9563/11/6 9552/11/6 9564/11/6
f 9553/11/6 9449/11/6 9565/11/6
f 9564/6/6 9553/6/6 9565/6/6
f 9449/11/6 9441/11/6 9566/11/6
f 9565/11/6 9449/11/6 9566/11/6
f 9566/11/6 9441/11/6 9567/11/6
f 9556/11/6 9557/11/6 9568/11/6
f 9555/11/6 9556/11/6 9568/11/6
f 9568/11/6 9557/11/6 9569/11/6
f 9569/11/6 9557/11/6 9570/11/6
f 9558/11/6 9559/11/6 9573/11/6
f 9559/11/6 9560/11/6 9573/11/6
f 9560/8/6 9561/8/6 9574/8/6
f 9573/11/6 9560/11/6 9574/11/6
f 9563/11/6 9564/11/6 9575/11/6
f 9574/8/6 9561/8/6 9575/8/6
f 9561/11/6 9562/11/6 9575/11/6
f 9564/11/6 9565/11/6 9575/11/6
f 9562/11/6 9563/11/6 9575/11/6
f 9565/11/6 9566/11/6 9575/11/6
f 9566/8/6 9567/8/6 9576/8/6
f 9575/11/6 9566/11/6 9576/11/6
f 9567/11/6 9441/11/6 9577/11/6
f 9576/8/6 9567/8/6 9577/8/6
f 9433/11/6 9426/11/6 9578/11/6
f 9577/11/6 9441/11/6 9578/11/6
f 9426/11/6 9416/11/6 9578/11/6
f 9441/11/6 9433/11/6 9578/11/6
f 9578/11/6 9416/11/6 9579/11/6
f 9570/11/6 9571/11/6 9580/11/6
f 9569/11/6 9570/11/6 9580/11/6
f 9580/11/6 9571/11/6 9581/11/6
f 9581/11/6 9571/11/6 9582/11/6
f 9573/11/6 9574/11/6 9585/11/6
f 9576/11/6 9577/11/6 9585/11/6
f 9577/11/6 9578/11/6 9585/11/6
f 9575/11/6 9576/11/6 9585/11/6
f 9574/11/6 9575/11/6 9585/11/6
f 9572/11/6 9573/11/6 9585/11/6
f 9585/11/6 9578/11/6 9586/11/6
f 9586/11/6 9578/11/6 9587/11/6
f 9582/11/6 9583/11/6 9588/11/6
f 9581/11/6 9582/11/6 9588/11/6
f 9588/11/6 9583/11/6 9589/11/6
f 9589/11/6 9583/11/6 9590/11/6
f 9585/11/6 9586/11/6 9593/11/6
f 9584/11/6 9585/11/6 9593/11/6
f 9593/11/6 9586/11/6 9594/11/6
f 9594/11/6 9586/11/6 9595/11/6
f 9590/11/6 9591/11/6 9596/11/6
f 9589/11/6 9590/11/6 9596/11/6
f 9596/11/6 9591/11/6 9597/11/6
f 9597/11/6 9591/11/6 9598/11/6
f 9593/11/6 9594/11/6 9605/11/6
f 9592/11/6 9593/11/6 9605/11/6
f 9605/11/6 9594/11/6 9606/11/6
f 9606/11/6 9594/11/6 9607/11/6
f 9597/11/6 9598/11/6 9608/11/6
f 9598/11/6 9599/11/6 9608/11/6
f 9608/11/6 9599/11/6 9609/11/6
f 9609/11/6 9599/11/6 9610/11/6
f 9600/11/6 9601/11/6 9613/11/6
f 9613/11/6 9601/11/6 9614/11/6
f 9602/11/6 9603/11/6 9615/11/6
f 9615/11/6 9603/11/6 9616/11/6
f 9605/11/6 9606/11/6 9617/11/6
f 9604/11/6 9605/11/6 9617/11/6
f 9606/5/6 9607/5/6 9618/5/6
f 9617/11/6 9606/11/6 9618/11/6
f 9607/11/6 9594/11/6 9619/11/6
f 9618/5/6 9607/5/6 9619/5/6
f 9619/11/6 9594/11/6 9620/11/6
f 9620/11/6 9594/11/6 9621/11/6
f 9610/11/6 9611/11/6 9622/11/6
f 9609/11/6 9610/11/6 9622/11/6
f 9622/11/6 9611/11/6 9623/11/6
f 9623/11/6 9611/11/6 9624/11/6
f 9613/11/6 9614/11/6 9625/11/6
f 9617/11/6 9618/11/6 9625/11/6
f 9616/11/6 9617/11/6 9625/11/6
f 9615/11/6 9616/11/6 9625/11/6
f 9614/11/6 9615/11/6 9625/11/6
f 9619/11/6 9620/11/6 9625/11/6
f 9612/11/6 9613/11/6 9625/11/6
f 9618/11/6 9619/11/6 9625/11/6
f 9625/11/6 9620/11/6 9626/11/6
f 9626/11/6 9620/11/6 9627/11/6
f 9623/11/6 9624/11/6 9628/11/6
f 9625/11/6 9626/11/6 9628/11/6
f 9624/11/6 9625/11/6 9628/11/6
f 9628/11/6 9626/11/6 9629/11/6
f 9629/11/6 9626/11/6 9630/11/6
f 9630/11/6 9626/11/6 9631/11/6
f 9631/11/6 9626/11/6 9632/11/6
f 9632/11/6 9626/11/6 9633/11/6
f 9629/11/6 9630/11/6 9634/11/6
f 9634/11/6 9630/11/6 9635/11/6
f 9630/10/6 9631/10/6 9636/10/6
f 9635/11/6 9630/11/6 9636/11/6
f 9631/11/6 9632/11/6 9637/11/6
f 9636/10/6 9631/10/6 9637/10/6
f 9637/11/6 9632/11/6 9638/11/6
f 9638/11/6 9632/11/6 9639/11/6
f 9639/11/6 9632/11/6 9640/11/6
f 9640/11/6 9632/11/6 9641/11/6
f 9635/11/6 9636/11/6 9642/11/6
f 9636/11/6 9637/11/6 9642/11/6
f 9637/11/6 9638/11/6 9642/11/6
f 9642/11/6 9638/11/6 9643/11/6
f 9643/11/6 9638/11/6 9644/11/6
f 9644/11/6 9638/11/6 9645/11/6
f 9638/6/6 9639/6/6 9646/6/6
f 9645/11/6 9638/11/6 9646/11/6
f 9639/11/6 9640/11/6 9647/11/6
f 9646/6/6 9639/6/6 9647/6/6
f 9647/11/6 9640/11/6 9648/11/6
f 9648/11/6 9640/11/6 9649/11/6
f 9649/11/6 9640/11/6 9650/11/6
f 9650/11/6 9640/11/6 9651/11/6
f 9643/11/6 9644/11/6 9652/11/6
f 9652/11/6 9644/11/6 9653/11/6
f 9653/11/6 9644/11/6 9654/11/6
f 9654/11/6 9644/11/6 9655/11/6
f 9644/6/6 9645/6/6 9656/6/6
f 9655/11/6 9644/11/6 9656/11/6
f 9645/11/6 9646/11/6 9657/11/6
f 9656/6/6 9645/6/6 9657/6/6
f 9646/11/6 9647/11/6 9657/11/6
f 9647/11/6 9648/11/6 9657/11/6
f 9657/11/6 9648/11/6 9658/11/6
f 9658/11/6 9648/11/6 9659/11/6
f 9649/11/6 9650/11/6 9660/11/6
f 9660/11/6 9650/11/6 9661/11/6
f 9661/11/6 9650/11/6 9662/11/6
f 9662/11/6 9650/11/6 9663/11/6
f 9655/11/6 9656/11/6 9664/11/6
f 9657/11/6 9658/11/6 9664/11/6
f 9656/11/6 9657/11/6 9664/11/6
f 9664/11/6 9658/11/6 9665/11/6
f 9665/11/6 9658/11/6 9666/11/6
f 9666/11/6 9658/11/6 9667/11/6
f 9661/11/6 9662/11/6 9668/11/6
f 9668/11/6 9662/11/6 9669/11/6
f 9669/11/6 9662/11/6 9670/11/6
f 9670/11/6 9662/11/6 9671/11/6
f 9665/11/6 9666/11/6 9672/11/6
f 9672/11/6 9666/11/6 9673/11/6
f 9673/11/6 9666/11/6 9674/11/6
f 9674/11/6 9666/11/6 9675/11/6
f 9675/11/6 9666/11/6 9676/11/6
f 9676/11/6 9666/11/6 9677/11/6
f 9669/11/6 9670/11/6 9678/11/6
f 9678/11/6 9670/11/6 9679/11/6
f 9673/11/6 9674/11/6 9680/11/6
f 9680/11/6 9674/11/6 9681/11/6
f 9674/8/6 9675/8/6 9682/8/6
f 9681/11/6 9674/11/6 9682/11/6
f 9675/11/6 9676/11/6 9683/11/6
f 9682/8/6 9675/8/6 9683/8/6
f 9683/11/6 9676/11/6 9684/11/6
f 9684/11/6 9676/11/6 9685/11/6
f 9681/11/6 9682/11/6 9686/11/6
f 9683/11/6 9684/11/6 9686/11/6
f 9682/11/6 9683/11/6 9686/11/6
f 9686/11/6 9684/11/6 9687/11/6
f 9687/11/6 9684/11/6 9688/11/6
f 9688/11/6 9684/11/6 9689/11/6
f 9689/11/6 9684/11/6 9690/11/6
f 9690/11/6 9684/11/6 9691/11/6
f 9687/11/6 9688/11/6 9692/11/6
f 9688/5/6 9689/5/6 9693/5/6
f 9692/11/6 9688/11/6 9693/11/6
f 9689/11/6 9690/11/6 9694/11/6
f 9693/5/6 9689/5/6 9694/5/6
f 9694/11/6 9690/11/6 9695/11/6
f 9696/11/6 9697/11/6 9698/11/6
f 9696/11/6 9698/11/6 9700/11/6
f 9698/11/6 9699/11/6 9700/11/6
f 9700/11/6 9699/11/6 9701/11/6
f 9701/11/6 9699/11/6 9702/11/6
f 9696/11/6 9700/11/6 9704/11/6
f 9700/10/6 9701/10/6 9704/10/6
f 9702/11/6 9703/11/6 9705/11/6
f 9704/10/6 9701/10/6 9705/10/6
f 9701/11/6 9702/11/6 9705/11/6
f 9705/11/6 9703/11/6 9706/11/6
f 9704/11/6 9705/11/6 9708/11/6
f 9706/11/6 9707/11/6 9708/11/6
f 9705/11/6 9706/11/6 9708/11/6
f 9708/11/6 9709/11/6 9711/11/6
f 9709/8/6 9710/8/6 9711/8/6
f 9711/8/6 9710/8/6 9712/8/6
f 9708/11/6 9711/11/6 9714/11/6
f 9711/10/6 9712/10/6 9714/10/6
f 9712/11/6 9713/11/6 9715/11/6
f 9714/10/6 9712/10/6 9715/10/6
f 9715/11/6 9713/11/6 9716/11/6
f 9708/11/6 9714/11/6 9718/11/6
f 9716/11/6 9717/11/6 9718/11/6
f 9715/11/6 9716/11/6 9718/11/6
f 9714/11/6 9715/11/6 9718/11/6
f 9718/11/6 9717/11/6 9719/11/6
f 9719/11/6 9717/11/6 9720/11/6
f 9708/11/6 9718/11/6 9722/11/6
f 9718/10/6 9719/10/6 9722/10/6
f 9720/11/6 9721/11/6 9723/11/6
f 9722/10/6 9719/10/6 9723/10/6
f 9719/11/6 9720/11/6 9723/11/6
f 9723/11/6 9721/11/6 9724/11/6
f 9722/11/6 9723/11/6 9726/11/6
f 9724/11/6 9725/11/6 9726/11/6
f 9723/11/6 9724/11/6 9726/11/6
f 9726/11/6 9727/11/6 9728/11/6
f 9728/11/6 9729/11/6 9730/11/6
f 9730/11/6 9731/11/6 9732/11/6
f 9732/11/6 9733/11/6 9734/11/6
f 9696/11/6 9704/11/6 9736/11/6
f 9734/11/6 9735/11/6 9736/11/6
f 9732/11/6 9734/11/6 9736/11/6
f 9730/11/6 9732/11/6 9736/11/6
f 9728/11/6 9730/11/6 9736/11/6
f 9726/11/6 9728/11/6 9736/11/6
f 9722/11/6 9726/11/6 9736/11/6
f 9708/11/6 9722/11/6 9736/11/6
f 9704/11/6 9708/11/6 9736/11/6
f 9736/11/6 9735/11/6 9737/11/6
f 9737/11/6 9735/11/6 9738/11/6
f 9738/11/6 9739/11/6 9740/11/6
f 9737/11/6 9738/11/6 9740/11/6
f 9740/11/6 9739/11/6 9741/11/6
f 9741/11/6 9739/11/6 9742/11/6
f 9742/11/6 9739/11/6 9743/11/6
f 9743/11/6 9739/11/6 9744/11/6
f 9744/11/6 9745/11/6 9746/11/6
f 9743/11/6 9744/11/6 9746/11/6
f 9746/11/6 9745/11/6 9747/11/6
f 9747/11/6 9745/11/6 9748/11/6
f 9748/11/6 9749/11/6 9750/11/6
f 9747/11/6 9748/11/6 9750/11/6
f 9750/11/6 9749/11/6 9751/11/6
f 9751/11/6 9749/11/6 9752/11/6
f 9752/11/6 9753/11/6 9754/11/6
f 9751/11/6 9752/11/6 9754/11/6
f 9754/11/6 9753/11/6 9755/11/6
f 9755/11/6 9753/11/6 9756/11/6
f 9756/11/6 9757/11/6 9758/11/6
f 9755/11/6 9756/11/6 9758/11/6
f 9758/11/6 9757/11/6 9759/11/6
f 9759/11/6 9757/11/6 9760/11/6
f 9760/11/6 9761/11/6 9762/11/6
f 9759/11/6 9760/11/6 9762/11/6
f 9762/11/6 9761/11/6 9763/11/6
f 9763/11/6 9761/11/6 9764/11/6
f 9764/11/6 9765/11/6 9766/11/6
f 9763/11/6 9764/11/6 9766/11/6
f 9766/11/6 9765/11/6 9767/11/6
f 9767/11/6 9765/11/6 9768/11/6
f 9768/11/6 9769/11/6 9770/11/6
f 9767/11/6 9768/11/6 9770/11/6
f 9770/11/6 9769/11/6 9771/11/6
f 9771/11/6 9769/11/6 9772/11/6
f 9771/11/6 9772/11/6 9776/11/6
f 9772/11/6 9773/11/6 9776/11/6
f 9776/11/6 9773/11/6 9777/11/6
f 9777/11/6 9773/11/6 9778/11/6
f 9774/11/6 9775/11/6 9781/11/6
f 9778/11/6 9779/11/6 9782/11/6
f 9777/11/6 9778/11/6 9782/11/6
f 9782/11/6 9779/11/6 9783/11/6
f 9783/11/6 9779/11/6 9784/11/6
f 9780/11/6 9781/11/6 9787/11/6
f 9784/11/6 9785/11/6 9788/11/6
f 9783/11/6 9784/11/6 9788/11/6
f 9788/11/6 9785/11/6 9789/11/6
f 9789/11/6 9785/11/6 9790/11/6
f 9790/11/6 9785/11/6 9791/11/6
f 9791/11/6 9785/11/6 9792/11/6
f 9789/11/6 9790/11/6 9794/11/6
f 9790/7/6 9791/7/6 9795/7/6
f 9794/11/6 9790/11/6 9795/11/6
f 9792/11/6 9793/11/6 9796/11/6
f 9795/7/6 9791/7/6 9796/7/6
f 9791/11/6 9792/11/6 9796/11/6
f 9796/11/6 9793/11/6 9797/11/6
f 9786/11/6 9787/11/6 9800/11/6
f 9797/11/6 9798/11/6 9801/11/6
f 9796/11/6 9797/11/6 9801/11/6
f 9801/11/6 9798/11/6 9802/11/6
f 9802/11/6 9798/11/6 9803/11/6
f 9799/11/6 9800/11/6 9806/11/6
f 9803/11/6 9804/11/6 9807/11/6
f 9802/11/6 9803/11/6 9807/11/6
f 9807/11/6 9804/11/6 9808/11/6
f 9808/11/6 9804/11/6 9809/11/6
f 9805/11/6 9806/11/6 9812/11/6
f 9809/11/6 9810/11/6 9813/11/6
f 9808/11/6 9809/11/6 9813/11/6
f 9813/11/6 9810/11/6 9814/11/6
f 9814/11/6 9810/11/6 9815/11/6
f 9811/11/6 9812/11/6 9818/11/6
f 9815/11/6 9816/11/6 9819/11/6
f 9814/11/6 9815/11/6 9819/11/6
f 9819/11/6 9816/11/6 9820/11/6
f 9820/11/6 9816/11/6 9821/11/6
f 9817/11/6 9818/11/6 9826/11/6
f 9820/11/6 9821/11/6 9827/11/6
f 9821/11/6 9822/11/6 9827/11/6
f 9827/11/6 9822/11/6 9828/11/6
f 9828/11/6 9822/11/6 9829/11/6
f 9823/11/6 9824/11/6 9834/11/6
f 9834/11/6 9824/11/6 9835/11/6
f 9825/11/6 9826/11/6 9838/11/6
f 9828/11/6 9829/11/6 9839/11/6
f 9839/11/6 9829/11/6 9840/11/6
f 9829/5/6 9830/5/6 9841/5/6
f 9840/11/6 9829/11/6 9841/11/6
f 9830/11/6 9831/11/6 9842/11/6
f 9841/5/6 9830/5/6 9842/5/6
f 9831/7/6 9832/7/6 9843/7/6
f 9842/11/6 9831/11/6 9843/11/6
f 9843/7/6 9832/7/6 9844/7/6
f 9835/11/6 9836/11/6 9847/11/6
f 9833/11/6 9834/11/6 9847/11/6
f 9834/11/6 9835/11/6 9847/11/6
f 9847/11/6 9836/11/6 9848/11/6
f 9837/11/6 9838/11/6 9851/11/6
f 9841/11/6 9842/11/6 9852/11/6
f 9844/11/6 9845/11/6 9852/11/6
f 9840/11/6 9841/11/6 9852/11/6
f 9843/11/6 9844/11/6 9852/11/6
f 9842/11/6 9843/11/6 9852/11/6
f 9852/11/6 9845/11/6 9853/11/6
f 9853/11/6 9845/11/6 9854/11/6
f 9848/11/6 9849/11/6 9857/11/6
f 9847/11/6 9848/11/6 9857/11/6
f 9846/11/6 9847/11/6 9857/11/6
f 9857/11/6 9849/11/6 9858/11/6
f 9850/11/6 9851/11/6 9859/11/6
f 9854/11/6 9855/11/6 9860/11/6
f 9853/11/6 9854/11/6 9860/11/6
f 9860/11/6 9855/11/6 9861/11/6
f 9861/11/6 9855/11/6 9862/11/6
f 9857/11/6 9858/11/6 9865/11/6
f 9858/11/6 9859/11/6 9865/11/6
f 9856/11/6 9857/11/6 9865/11/6
f 9862/11/6 9863/11/6 9866/11/6
f 9861/11/6 9862/11/6 9866/11/6
f 9866/11/6 9863/11/6 9867/11/6
f 9867/11/6 9863/11/6 9868/11/6
f 9864/11/6 9865/11/6 9871/11/6
f 9787/11/6 9781/11/6 9872/11/6
f 9800/11/6 9787/11/6 9872/11/6
f 9871/11/6 9865/11/6 9872/11/6
f 9806/11/6 9800/11/6 9872/11/6
f 9812/11/6 9806/11/6 9872/11/6
f 9818/11/6 9812/11/6 9872/11/6
f 9851/11/6 9838/11/6 9872/11/6
f 9826/11/6 9818/11/6 9872/11/6
f 9865/11/6 9859/11/6 9872/11/6
f 9838/11/6 9826/11/6 9872/11/6
f 9859/11/6 9851/11/6 9872/11/6
f 9781/11/6 9775/11/6 9873/11/6
f 9872/11/6 9781/11/6 9873/11/6
f 9868/11/6 9869/11/6 9874/11/6
f 9867/11/6 9868/11/6 9874/11/6
f 9874/11/6 9869/11/6 9875/11/6
f 9875/11/6 9869/11/6 9876/11/6
f 9871/11/6 9872/11/6 9877/11/6
f 9870/11/6 9871/11/6 9877/11/6
f 9877/11/6 9872/11/6 9878/11/6
f 9878/11/6 9872/11/6 9879/11/6
f 9879/11/6 9872/11/6 9880/11/6
f 9880/11/6 9872/11/6 9881/11/6
f 9875/11/6 9876/11/6 9882/11/6
f 9876/11/6 9877/11/6 9882/11/6
f 9877/11/6 9878/11/6 9882/11/6
f 9882/11/6 9878/11/6 9883/11/6
f 9883/11/6 9878/11/6 9884/11/6
f 9884/11/6 9878/11/6 9885/11/6
f 9878/5/6 9879/5/6 9886/5/6
f 9885/11/6 9878/11/6 9886/11/6
f 9879/11/6 9880/11/6 9887/11/6
f 9886/5/6 9879/5/6 9887/5/6
f 9887/11/6 9880/11/6 9888/11/6
f 9888/11/6 9880/11/6 9889/11/6
f 9883/11/6 9884/11/6 9890/11/6
f 9890/11/6 9884/11/6 9891/11/6
f 9884/6/6 9885/6/6 9892/6/6
f 9891/11/6 9884/11/6 9892/11/6
f 9885/11/6 9886/11/6 9893/11/6
f 9892/6/6 9885/6/6 9893/6/6
f 9887/11/6 9888/11/6 9893/11/6
f 9886/11/6 9887/11/6 9893/11/6
f 9893/11/6 9888/11/6 9894/11/6
f 9894/11/6 9888/11/6 9895/11/6
f 9895/11/6 9888/11/6 9896/11/6
f 9896/11/6 9888/11/6 9897/11/6
f 9891/11/6 9892/11/6 9898/11/6
f 9892/11/6 9893/11/6 9898/11/6
f 9893/11/6 9894/11/6 9898/11/6
f 9898/11/6 9894/11/6 9899/11/6
f 9899/11/6 9894/11/6 9900/11/6
f 9900/11/6 9894/11/6 9901/11/6
f 9894/8/6 9895/8/6 9902/8/6
f 9901/11/6 9894/11/6 9902/11/6
f 9895/11/6 9896/11/6 9903/11/6
f 9902/8/6 9895/8/6 9903/8/6
f 9903/11/6 9896/11/6 9904/11/6
f 9904/11/6 9896/11/6 9905/11/6
f 9905/11/6 9896/11/6 9906/11/6
f 9906/11/6 9896/11/6 9907/11/6
f 9899/11/6 9900/11/6 9908/11/6
f 9908/11/6 9900/11/6 9909/11/6
f 9900/10/6 9901/10/6 9910/10/6
f 9909/11/6 9900/11/6 9910/11/6
f 9901/11/6 9902/11/6 9911/11/6
f 9910/10/6 9901/10/6 9911/10/6
f 9902/11/6 9903/11/6 9911/11/6
f 9903/11/6 9904/11/6 9911/11/6
f 9911/11/6 9904/11/6 9912/11/6
f 9912/11/6 9904/11/6 9913/11/6
f 9904/8/6 9905/8/6 9914/8/6
f 9913/11/6 9904/11/6 9914/11/6
f 9905/11/6 9906/11/6 9915/11/6
f 9914/8/6 9905/8/6 9915/8/6
f 9915/11/6 9906/11/6 9916/11/6
f 9916/11/6 9906/11/6 9917/11/6
f 9909/11/6 9910/11/6 9918/11/6
f 9910/11/6 9911/11/6 9918/11/6
f 9911/11/6 9912/11/6 9918/11/6
f 9918/11/6 9912/11/6 9919/11/6
f 9912/8/6 9913/8/6 9920/8/6
f 9919/11/6 9912/11/6 9920/11/6
f 9915/11/6 9916/11/6 9921/11/6
f 9920/8/6 9913/8/6 9921/8/6
f 9913/11/6 9914/11/6 9921/11/6
f 9914/11/6 9915/11/6 9921/11/6
f 9921/11/6 9916/11/6 9922/11/6
f 9922/11/6 9916/11/6 9923/11/6
f 9923/11/6 9916/11/6 9924/11/6
f 9924/11/6 9916/11/6 9925/11/6
f 9919/11/6 9920/11/6 9926/11/6
f 9921/11/6 9922/11/6 9926/11/6
f 9920/11/6 9921/11/6 9926/11/6
f 9926/11/6 9922/11/6 9927/11/6
f 9927/11/6 9922/11/6 9928/11/6
f 9928/11/6 9922/11/6 9929/11/6
f 9927/11/6 9928/11/6 9930/11/6
f 9930/11/6 9928/11/6 9931/11/6
f 9931/11/6 9928/11/6 9932/11/6
f 9932/11/6 9928/11/6 9933/11/6
f 9933/11/6 9928/11/6 9934/11/6
f 9934/11/6 9928/11/6 9935/11/6
f 9931/11/6 9932/11/6 9936/11/6
f 9932/8/6 9933/8/6 9937/8/6
f 9936/11/6 9932/11/6 9937/11/6
f 9933/11/6 9934/11/6 9938/11/6
f 9937/8/6 9933/8/6 9938/8/6
f 9938/11/6 9934/11/6 9939/11/6
f 9939/11/6 9934/11/6 9940/11/6
f 9940/11/6 9934/11/6 9941/11/6
f 9941/11/6 9934/11/6 9942/11/6
f 9937/11/6 9938/11/6 9943/11/6
f 9938/11/6 9939/11/6 9943/11/6
f 9943/11/6 9939/11/6 9944/11/6
f 9944/11/6 9939/11/6 9945/11/6
f 9945/11/6 9939/11/6 9946/11/6
f 9939/10/6 9940/10/6 9947/10/6
f 9946/11/6 9939/11/6 9947/11/6
f 9940/11/6 9941/11/6 9948/11/6
f 9947/10/6 9940/10/6 9948/10/6
f 9948/11/6 9941/11/6 9949/11/6
f 9949/11/6 9941/11/6 9950/11/6
f 9946/11/6 9947/11/6 9951/11/6
f 9948/11/6 9949/11/6 9951/11/6
f 9947/11/6 9948/11/6 9951/11/6
f 9951/11/6 9949/11/6 9952/11/6
f 9953/11/6 9954/11/6 9955/11/6
f 9955/11/6 9956/11/6 9959/11/6
f 9956/8/6 9957/8/6 9959/8/6
f 9957/11/6 9958/11/6 9960/11/6
f 9959/8/6 9957/8/6 9960/8/6
f 9960/11/6 9958/11/6 9961/11/6
f 9959/11/6 9960/11/6 9963/11/6
f 9961/11/6 9962/11/6 9963/11/6
f 9960/11/6 9961/11/6 9963/11/6
f 9963/11/6 9964/11/6 9965/11/6
f 9965/11/6 9966/11/6 9967/11/6
f 9967/11/6 9968/11/6 9969/11/6
f 9969/11/6 9970/11/6 9971/11/6
f 9953/11/6 9955/11/6 9973/11/6
f 9971/11/6 9972/11/6 9973/11/6
f 9969/11/6 9971/11/6 9973/11/6
f 9967/11/6 9969/11/6 9973/11/6
f 9965/11/6 9967/11/6 9973/11/6
f 9963/11/6 9965/11/6 9973/11/6
f 9959/11/6 9963/11/6 9973/11/6
f 9955/11/6 9959/11/6 9973/11/6
f 9973/11/6 9972/11/6 9974/11/6
f 9974/11/6 9972/11/6 9975/11/6
f 9975/11/6 9976/11/6 9977/11/6
f 9974/11/6 9975/11/6 9977/11/6
f 9977/11/6 9976/11/6 9978/11/6
f 9978/11/6 9976/11/6 9979/11/6
f 9979/11/6 9980/11/6 9981/11/6
f 9978/11/6 9979/11/6 9981/11/6
f 9981/11/6 9980/11/6 9982/11/6
f 9982/11/6 9980/11/6 9983/11/6
f 9983/11/6 9984/11/6 9985/11/6
f 9982/11/6 9983/11/6 9985/11/6
f 9985/11/6 9984/11/6 9986/11/6
f 9986/11/6 9984/11/6 9987/11/6
f 9987/11/6 9984/11/6 9988/11/6
f 9988/11/6 9984/11/6 9989/11/6
f 9986/11/6 9987/11/6 9991/11/6
f 9991/11/6 9987/11/6 9992/11/6
f 9987/5/6 9988/5/6 9993/5/6
f 9992/11/6 9987/11/6 9993/11/6
f 9989/11/6 9990/11/6 9994/11/6
f 9993/5/6 9988/5/6 9994/5/6
f 9988/11/6 9989/11/6 9994/11/6
f 9994/11/6 9990/11/6 9995/11/6
f 9992/11/6 9993/11/6 9997/11/6
f 9995/11/6 9996/11/6 9997/11/6
f 9994/11/6 9995/11/6 9997/11/6
f 9993/11/6 9994/11/6 9997/11/6
f 9997/11/6 9996/11/6 9998/11/6
f 9998/11/6 9996/11/6 9999/11/6
f 9999/11/6 10000/11/6 10001/11/6
f 9998/11/6 9999/11/6 10001/11/6
f 10001/11/6 10000/11/6 10002/11/6
f 10002/11/6 10000/11/6 10003/11/6
f 10003/11/6 10004/11/6 10005/11/6
f 10002/11/6 10003/11/6 10005/11/6
f 10005/11/6 10004/11/6 10006/11/6
f 10006/11/6 10004/11/6 10007/11/6
f 10007/11/6 10008/11/6 10009/11/6
f 10006/11/6 10007/11/6 10009/11/6
f 10009/11/6 10008/11/6 10010/11/6
f 10010/11/6 10008/11/6 10011/11/6
f 10011/11/6 10008/11/6 10012/11/6
f 10012/11/6 10013/11/6 10014/11/6
f 10011/11/6 10012/11/6 10014/11/6
f 10014/11/6 10013/11/6 10015/11/6
f 10015/11/6 10013/11/6 10016/11/6
f 10016/11/6 10017/11/6 10018/11/6
f 10015/11/6 10016/11/6 10018/11/6
f 10018/11/6 10017/11/6 10019/11/6
f 10019/11/6 10017/11/6 10020/11/6
f 10020/11/6 10021/11/6 10022/11/6
f 10019/11/6 10020/11/6 10022/11/6
f 10022/11/6 10021/11/6 10023/11/6
f 10023/11/6 10021/11/6 10024/11/6
f 10024/11/6 10025/11/6 10026/11/6
f 10023/11/6 10024/11/6 10026/11/6
f 10026/11/6 10025/11/6 10027/11/6
f 10027/11/6 10025/11/6 10028/11/6
f 10028/11/6 10025/11/6 10029/11/6
f 10029/11/6 10025/11/6 10030/11/6
f 10027/11/6 10028/11/6 10032/11/6
f 10028/8/6 10029/8/6 10033/8/6
f 10032/11/6 10028/11/6 10033/11/6
f 10030/11/6 10031/11/6 10034/11/6
f 10033/8/6 10029/8/6 10034/8/6
f 10029/11/6 10030/11/6 10034/11/6
f 10034/11/6 10031/11/6 10035/11/6
f 10033/11/6 10034/11/6 10039/11/6
f 10035/11/6 10036/11/6 10039/11/6
f 10034/11/6 10035/11/6 10039/11/6
f 10039/11/6 10036/11/6 10040/11/6
f 10040/11/6 10036/11/6 10041/11/6
f 10037/11/6 10038/11/6 10044/11/6
f 10041/11/6 10042/11/6 10045/11/6
f 10040/11/6 10041/11/6 10045/11/6
f 10045/11/6 10042/11/6 10046/11/6
f 10046/11/6 10042/11/6 10047/11/6
f 10043/11/6 10044/11/6 10050/11/6
f 10050/11/6 10044/11/6 10051/11/6
f 10047/11/6 10048/11/6 10052/11/6
f 10046/11/6 10047/11/6 10052/11/6
f 10052/11/6 10048/11/6 10053/11/6
f 10053/11/6 10048/11/6 10054/11/6
f 10049/11/6 10050/11/6 10057/11/6
f 10050/9/6 10051/9/6 10058/9/6
f 10057/11/6 10050/11/6 10058/11/6
f 10051/11/6 10044/11/6 10059/11/6
f 10058/9/6 10051/9/6 10059/9/6
f 10054/11/6 10055/11/6 10060/11/6
f 10053/11/6 10054/11/6 10060/11/6
f 10060/11/6 10055/11/6 10061/11/6
f 10061/11/6 10055/11/6 10062/11/6
f 10057/11/6 10058/11/6 10065/11/6
f 10056/11/6 10057/11/6 10065/11/6
f 10058/11/6 10059/11/6 10065/11/6
f 10062/11/6 10063/11/6 10066/11/6
f 10061/11/6 10062/11/6 10066/11/6
f 10066/11/6 10063/11/6 10067/11/6
f 10067/11/6 10063/11/6 10068/11/6
f 10064/11/6 10065/11/6 10071/11/6
f 10068/11/6 10069/11/6 10072/11/6
f 10067/11/6 10068/11/6 10072/11/6
f 10072/11/6 10069/11/6 10073/11/6
f 10073/11/6 10069/11/6 10074/11/6
f 10070/11/6 10071/11/6 10079/11/6
f 10073/11/6 10074/11/6 10080/11/6
f 10074/11/6 10075/11/6 10080/11/6
f 10080/11/6 10075/11/6 10081/11/6
f 10081/11/6 10075/11/6 10082/11/6
f 10076/11/6 10077/11/6 10085/11/6
f 10077/5/6 10078/5/6 10086/5/6
f 10085/11/6 10077/11/6 10086/11/6
f 10078/11/6 10079/11/6 10087/11/6
f 10086/5/6 10078/5/6 10087/5/6
f 10082/11/6 10083/11/6 10088/11/6
f 10081/11/6 10082/11/6 10088/11/6
f 10088/11/6 10083/11/6 10089/11/6
f 10089/11/6 10083/11/6 10090/11/6
f 10084/11/6 10085/11/6 10093/11/6
f 10085/11/6 10086/11/6 10093/11/6
f 10086/11/6 10087/11/6 10093/11/6
f 10090/11/6 10091/11/6 10094/11/6
f 10089/11/6 10090/11/6 10094/11/6
f 10094/11/6 10091/11/6 10095/11/6
f 10095/11/6 10091/11/6 10096/11/6
f 10092/11/6 10093/11/6 10099/11/6
f 10096/11/6 10097/11/6 10100/11/6
f 10095/11/6 10096/11/6 10100/11/6
f 10100/11/6 10097/11/6 10101/11/6
f 10101/11/6 10097/11/6 10102/11/6
f 10098/11/6 10099/11/6 10107/11/6
f 10101/11/6 10102/11/6 10108/11/6
f 10102/11/6 10103/11/6 10108/11/6
f 10108/11/6 10103/11/6 10109/11/6
f 10109/11/6 10103/11/6 10110/11/6
f 10110/11/6 10103/11/6 10111/11/6
f 10103/5/6 10104/5/6 10112/5/6
f 10111/11/6 10103/11/6 10112/11/6
f 10104/11/6 10105/11/6 10113/11/6
f 10112/5/6 10104/5/6 10113/5/6
f 10113/11/6 10105/11/6 10114/11/6
f 10106/11/6 10107/11/6 10115/11/6
f 10044/11/6 10038/11/6 10116/11/6
f 10065/11/6 10059/11/6 10116/11/6
f 10115/11/6 10107/11/6 10116/11/6
f 10059/11/6 10044/11/6 10116/11/6
f 10071/11/6 10065/11/6 10116/11/6
f 10093/11/6 10087/11/6 10116/11/6
f 10079/11/6 10071/11/6 10116/11/6
f 10087/11/6 10079/11/6 10116/11/6
f 10099/11/6 10093/11/6 10116/11/6
f 10107/11/6 10099/11/6 10116/11/6
f 10116/11/6 10038/11/6 10117/11/6
f 10109/11/6 10110/11/6 10118/11/6
f 10118/11/6 10110/11/6 10119/11/6
f 10119/11/6 10110/11/6 10120/11/6
f 10120/11/6 10110/11/6 10121/11/6
f 10110/5/6 10111/5/6 10122/5/6
f 10121/11/6 10110/11/6 10122/11/6
f 10111/11/6 10112/11/6 10123/11/6
f 10122/5/6 10111/5/6 10123/5/6
f 10114/11/6 10115/11/6 10123/11/6
f 10112/11/6 10113/11/6 10123/11/6
f 10115/11/6 10116/11/6 10123/11/6
f 10113/11/6 10114/11/6 10123/11/6
f 10123/11/6 10116/11/6 10124/11/6
f 10124/11/6 10116/11/6 10125/11/6
f 10125/11/6 10116/11/6 10126/11/6
f 10126/11/6 10116/11/6 10127/11/6
f 10121/11/6 10122/11/6 10128/11/6
f 10123/11/6 10124/11/6 10128/11/6
f 10122/11/6 10123/11/6 10128/11/6
f 10128/11/6 10124/11/6 10129/11/6
f 10124/9/6 10125/9/6 10130/9/6
f 10129/11/6 10124/11/6 10130/11/6
f 10125/11/6 10126/11/6 10131/11/6
f 10130/9/6 10125/9/6 10131/9/6
f 10131/11/6 10126/11/6 10132/11/6
f 10132/11/6 10126/11/6 10133/11/6
f 10129/11/6 10130/11/6 10134/11/6
f 10131/11/6 10132/11/6 10134/11/6
f 10130/11/6 10131/11/6 10134/11/6
f 10134/11/6 10132/11/6 10135/11/6
f 10135/11/6 10132/11/6 10136/11/6
f 10136/11/6 10132/11/6 10137/11/6
f 10135/11/6 10136/11/6 10138/11/6
f 10138/11/6 10136/11/6 10139/11/6
f 10139/11/6 10136/11/6 10140/11/6
f 10140/11/6 10136/11/6 10141/11/6
f 10141/11/6 10136/11/6 10142/11/6
f 10142/11/6 10136/11/6 10143/11/6
f 10139/11/6 10140/11/6 10144/11/6
f 10144/11/6 10140/11/6 10145/11/6
f 10140/8/6 10141/8/6 10146/8/6
f 10145/11/6 10140/11/6 10146/11/6
f 10141/11/6 10142/11/6 10147/11/6
f 10146/8/6 10141/8/6 10147/8/6
f 10147/11/6 10142/11/6 10148/11/6
f 10148/11/6 10142/11/6 10149/11/6
f 10145/11/6 10146/11/6 10150/11/6
f 10147/11/6 10148/11/6 10150/11/6
f 10146/11/6 10147/11/6 10150/11/6
f 10150/11/6 10148/11/6 10151/11/6
f 10151/11/6 10148/11/6 10152/11/6
f 10152/11/6 10148/11/6 10153/11/6
f 10151/11/6 10152/11/6 10154/11/6
f 10154/11/6 10152/11/6 10155/11/6
f 10155/11/6 10152/11/6 10156/11/6
f 10156/11/6 10152/11/6 10157/11/6
f 10155/11/6 10156/11/6 10158/11/6
f 10158/11/6 10156/11/6 10159/11/6
f 10159/11/6 10156/11/6 10160/11/6
f 10160/11/6 10156/11/6 10161/11/6
f 10161/11/6 10156/11/6 10162/11/6
f 10162/11/6 10156/11/6 10163/11/6
f 10163/11/6 10156/11/6 10164/11/6
f 10164/11/6 10156/11/6 10165/11/6
f 10159/11/6 10160/11/6 10166/11/6
f 10166/11/6 10160/11/6 10167/11/6
f 10160/7/6 10161/7/6 10168/7/6
f 10167/11/6 10160/11/6 10168/11/6
f 10161/11/6 10162/11/6 10169/11/6
f 10168/7/6 10161/7/6 10169/7/6
f 10162/10/6 10163/10/6 10170/10/6
f 10169/11/6 10162/11/6 10170/11/6
f 10163/11/6 10164/11/6 10171/11/6
f 10170/10/6 10163/10/6 10171/10/6
f 10171/11/6 10164/11/6 10172/11/6
f 10172/11/6 10164/11/6 10173/11/6
f 10169/11/6 10170/11/6 10174/11/6
f 10171/11/6 10172/11/6 10174/11/6
f 10170/11/6 10171/11/6 10174/11/6
f 10167/11/6 10168/11/6 10174/11/6
f 10168/11/6 10169/11/6 10174/11/6
f 10174/11/6 10172/11/6 10175/11/6
f 10175/11/6 10172/11/6 10176/11/6
f 10176/11/6 10172/11/6 10177/11/6
f 10175/11/6 10176/11/6 10178/11/6
f 10178/11/6 10176/11/6 10179/11/6
f 10179/11/6 10176/11/6 10180/11/6
f 10180/11/6 10176/11/6 10181/11/6
f 10179/11/6 10180/11/6 10182/11/6
f 10182/11/6 10180/11/6 10183/11/6
f 10183/11/6 10180/11/6 10184/11/6
f 10184/11/6 10180/11/6 10185/11/6
f 10183/11/6 10184/11/6 10186/11/6
f 10186/11/6 10184/11/6 10187/11/6
f 10187/11/6 10184/11/6 10188/11/6
f 10188/11/6 10184/11/6 10189/11/6
f 10189/11/6 10184/11/6 10190/11/6
f 10190/11/6 10184/11/6 10191/11/6
f 10187/11/6 10188/11/6 10192/11/6
f 10192/11/6 10188/11/6 10193/11/6
f 10188/8/6 10189/8/6 10194/8/6
f 10193/11/6 10188/11/6 10194/11/6
f 10189/11/6 10190/11/6 10195/11/6
f 10194/8/6 10189/8/6 10195/8/6
f 10195/11/6 10190/11/6 10196/11/6
f 10196/11/6 10190/11/6 10197/11/6
f 10193/11/6 10194/11/6 10198/11/6
f 10195/11/6 10196/11/6 10198/11/6
f 10194/11/6 10195/11/6 10198/11/6
f 10198/11/6 10196/11/6 10199/11/6
f 10199/11/6 10196/11/6 10200/11/6
f 10200/11/6 10196/11/6 10201/11/6
f 10199/11/6 10200/11/6 10202/11/6
f 10202/11/6 10200/11/6 10203/11/6
f 10203/11/6 10200/11/6 10204/11/6
f 10204/11/6 10200/11/6 10205/11/6
f 10203/11/6 10204/11/6 10206/11/6
f 10206/11/6 10204/11/6 10207/11/6
f 10207/11/6 10204/11/6 10208/11/6
f 10208/11/6 10204/11/6 10209/11/6
f 10207/11/6 10208/11/6 10210/11/6
f 10210/11/6 10208/11/6 10211/11/6
f 10211/11/6 10208/11/6 10212/11/6
f 10212/11/6 10208/11/6 10213/11/6
f 10211/11/6 10212/11/6 10214/11/6
f 10214/11/6 10212/11/6 10215/11/6
f 10216/11/6 10217/11/6 10218/11/6
f 10218/11/6 10219/11/6 10220/11/6
f 10220/11/6 10221/11/6 10222/11/6
f 10222/11/6 10223/11/6 10224/11/6
f 10224/11/6 10225/11/6 10226/11/6
f 10226/11/6 10227/11/6 10228/11/6
f 10228/11/6 10229/11/6 10230/11/6
f 10230/11/6 10231/11/6 10232/11/6
f 10222/11/6 10224/11/6 10235/11/6
f 10224/11/6 10226/11/6 10235/11/6
f 10226/11/6 10228/11/6 10235/11/6
f 10230/11/6 10232/11/6 10235/11/6
f 10228/11/6 10230/11/6 10235/11/6
f 10235/11/6 10232/11/6 10236/11/6
f 10232/10/6 10233/10/6 10237/10/6
f 10236/11/6 10232/11/6 10237/11/6
f 10233/11/6 10234/11/6 10238/11/6
f 10237/10/6 10233/10/6 10238/10/6
f 10238/11/6 10234/11/6 10239/11/6
f 10216/11/6 10218/11/6 10241/11/6
f 10218/11/6 10220/11/6 10241/11/6
f 10220/11/6 10222/11/6 10241/11/6
f 10222/11/6 10235/11/6 10241/11/6
f 10241/11/6 10235/11/6 10242/11/6
f 10239/11/6 10240/11/6 10243/11/6
f 10238/11/6 10239/11/6 10243/11/6
f 10237/11/6 10238/11/6 10243/11/6
f 10236/11/6 10237/11/6 10243/11/6
f 10241/5/6 10242/5/6 10245/5/6
f 10216/11/6 10241/11/6 10245/11/6
f 10242/11/6 10235/11/6 10246/11/6
f 10245/5/6 10242/5/6 10246/5/6
f 10235/5/6 10236/5/6 10247/5/6
f 10246/11/6 10235/11/6 10247/11/6
f 10243/11/6 10244/11/6 10248/11/6
f 10247/5/6 10236/5/6 10248/5/6
f 10236/11/6 10243/11/6 10248/11/6
f 10248/11/6 10244/11/6 10249/11/6
f 10246/11/6 10247/11/6 10251/11/6
f 10249/11/6 10250/11/6 10251/11/6
f 10248/11/6 10249/11/6 10251/11/6
f 10247/11/6 10248/11/6 10251/11/6
f 10245/11/6 10246/11/6 10251/11/6
f 10251/11/6 10252/11/6 10253/11/6
f 10253/11/6 10254/11/6 10255/11/6
f 10255/11/6 10256/11/6 10257/11/6
f 10257/11/6 10258/11/6 10259/11/6
f 10259/11/6 10260/11/6 10261/11/6
f 10261/11/6 10262/11/6 10263/11/6
f 10245/11/6 10251/11/6 10265/11/6
f 10263/11/6 10264/11/6 10265/11/6
f 10261/11/6 10263/11/6 10265/11/6
f 10259/11/6 10261/11/6 10265/11/6
f 10257/11/6 10259/11/6 10265/11/6
f 10255/11/6 10257/11/6 10265/11/6
f 10253/11/6 10255/11/6 10265/11/6
f 10251/11/6 10253/11/6 10265/11/6
f 10265/11/6 10264/11/6 10266/11/6
f 10266/11/6 10264/11/6 10267/11/6
f 10267/11/6 10264/11/6 10268/11/6
f 10268/11/6 10264/11/6 10269/11/6
f 10269/11/6 10264/11/6 10270/11/6
f 10270/11/6 10264/11/6 10271/11/6
f 10266/11/6 10267/11/6 10273/11/6
f 10267/8/6 10268/8/6 10273/8/6
f 10268/11/6 10269/11/6 10274/11/6
f 10273/8/6 10268/8/6 10274/8/6
f 10269/8/6 10270/8/6 10275/8/6
f 10274/11/6 10269/11/6 10275/11/6
f 10271/11/6 10272/11/6 10276/11/6
f 10275/8/6 10270/8/6 10276/8/6
f 10270/11/6 10271/11/6 10276/11/6
f 10276/11/6 10272/11/6 10277/11/6
f 10216/11/6 10245/11/6 10279/11/6
f 10245/11/6 10265/11/6 10279/11/6
f 10279/11/6 10265/11/6 10280/11/6
f 10265/8/6 10266/8/6 10281/8/6
f 10280/11/6 10265/11/6 10281/11/6
f 10277/11/6 10278/11/6 10282/11/6
f 10281/8/6 10266/8/6 10282/8/6
f 10276/11/6 10277/11/6 10282/11/6
f 10274/11/6 10275/11/6 10282/11/6
f 10275/11/6 10276/11/6 10282/11/6
f 10266/11/6 10273/11/6 10282/11/6
f 10273/11/6 10274/11/6 10282/11/6
f 10282/11/6 10278/11/6 10283/11/6
f 10283/11/6 10278/11/6 10284/11/6
f 10284/11/6 10278/11/6 10285/11/6
f 10285/11/6 10278/11/6 10286/11/6
f 10286/11/6 10278/11/6 10287/11/6
f 10280/11/6 10281/11/6 10289/11/6
f 10281/11/6 10282/11/6 10289/11/6
f 10282/11/6 10283/11/6 10289/11/6
f 10289/11/6 10283/11/6 10290/11/6
f 10283/7/6 10284/7/6 10291/7/6
f 10290/11/6 10283/11/6 10291/11/6
f 10284/11/6 10285/11/6 10292/11/6
f 10291/7/6 10284/7/6 10292/7/6
f 10285/8/6 10286/8/6 10293/8/6
f 10292/11/6 10285/11/6 10293/11/6
f 10287/11/6 10288/11/6 10294/11/6
f 10293/8/6 10286/8/6 10294/8/6
f 10286/11/6 10287/11/6 10294/11/6
f 10294/11/6 10288/11/6 10295/11/6
f 10292/11/6 10293/11/6 10297/11/6
f 10295/11/6 10296/11/6 10297/11/6
f 10294/11/6 10295/11/6 10297/11/6
f 10293/11/6 10294/11/6 10297/11/6
f 10290/11/6 10291/11/6 10297/11/6
f 10291/11/6 10292/11/6 10297/11/6
f 10297/11/6 10296/11/6 10298/11/6
f 10298/11/6 10296/11/6 10299/11/6
f 10299/11/6 10300/11/6 10301/11/6
f 10298/11/6 10299/11/6 10301/11/6
f 10301/11/6 10300/11/6 10302/11/6
f 10302/11/6 10300/11/6 10303/11/6
f 10302/11/6 10303/11/6 10307/11/6
f 10303/11/6 10304/11/6 10307/11/6
f 10307/11/6 10304/11/6 10308/11/6
f 10308/11/6 10304/11/6 10309/11/6
f 10305/11/6 10306/11/6 10314/11/6
f 10308/11/6 10309/11/6 10315/11/6
f 10309/11/6 10310/11/6 10315/11/6
f 10315/11/6 10310/11/6 10316/11/6
f 10310/10/6 10311/10/6 10317/10/6
f 10316/11/6 10310/11/6 10317/11/6
f 10311/11/6 10312/11/6 10318/11/6
f 10317/10/6 10311/10/6 10318/10/6
f 10318/11/6 10312/11/6 10319/11/6
f 10313/11/6 10314/11/6 10322/11/6
f 10316/11/6 10317/11/6 10323/11/6
f 10319/11/6 10320/11/6 10323/11/6
f 10317/11/6 10318/11/6 10323/11/6
f 10318/11/6 10319/11/6 10323/11/6
f 10323/11/6 10320/11/6 10324/11/6
f 10324/11/6 10320/11/6 10325/11/6
f 10325/11/6 10320/11/6 10326/11/6
f 10326/11/6 10320/11/6 10327/11/6
f 10327/11/6 10320/11/6 10328/11/6
f 10328/11/6 10320/11/6 10329/11/6
f 10329/11/6 10320/11/6 10330/11/6
f 10330/11/6 10320/11/6 10331/11/6
f 10321/11/6 10322/11/6 10334/11/6
f 10324/11/6 10325/11/6 10335/11/6
f 10335/11/6 10325/11/6 10336/11/6
f 10325/8/6 10326/8/6 10337/8/6
f 10336/11/6 10325/11/6 10337/11/6
f 10326/11/6 10327/11/6 10338/11/6
f 10337/8/6 10326/8/6 10338/8/6
f 10327/10/6 10328/10/6 10339/10/6
f 10338/11/6 10327/11/6 10339/11/6
f 10328/11/6 10329/11/6 10340/11/6
f 10339/10/6 10328/10/6 10340/10/6
f 10329/6/6 10330/6/6 10341/6/6
f 10340/11/6 10329/11/6 10341/11/6
f 10331/11/6 10332/11/6 10342/11/6
f 10341/6/6 10330/6/6 10342/6/6
f 10330/11/6 10331/11/6 10342/11/6
f 10342/11/6 10332/11/6 10343/11/6
f 10333/11/6 10334/11/6 10346/11/6
f 10340/11/6 10341/11/6 10347/11/6
f 10343/11/6 10344/11/6 10347/11/6
f 10336/11/6 10337/11/6 10347/11/6
f 10342/11/6 10343/11/6 10347/11/6
f 10341/11/6 10342/11/6 10347/11/6
f 10337/11/6 10338/11/6 10347/11/6
f 10338/11/6 10339/11/6 10347/11/6
f 10339/11/6 10340/11/6 10347/11/6
f 10347/11/6 10344/11/6 10348/11/6
f 10348/11/6 10344/11/6 10349/11/6
f 10349/11/6 10344/11/6 10350/11/6
f 10350/11/6 10344/11/6 10351/11/6
f 10345/11/6 10346/11/6 10354/11/6
f 10348/11/6 10349/11/6 10355/11/6
f 10355/11/6 10349/11/6 10356/11/6
f 10349/9/6 10350/9/6 10357/9/6
f 10356/11/6 10349/11/6 10357/11/6
f 10351/11/6 10352/11/6 10358/11/6
f 10357/9/6 10350/9/6 10358/9/6
f 10350/11/6 10351/11/6 10358/11/6
f 10358/11/6 10352/11/6 10359/11/6
f 10353/11/6 10354/11/6 10362/11/6
f 10356/11/6 10357/11/6 10363/11/6
f 10359/11/6 10360/11/6 10363/11/6
f 10357/11/6 10358/11/6 10363/11/6
f 10358/11/6 10359/11/6 10363/11/6
f 10363/11/6 10360/11/6 10364/11/6
f 10364/11/6 10360/11/6 10365/11/6
f 10361/11/6 10362/11/6 10368/11/6
f 10365/11/6 10366/11/6 10369/11/6
f 10364/11/6 10365/11/6 10369/11/6
f 10369/11/6 10366/11/6 10370/11/6
f 10370/11/6 10366/11/6 10371/11/6
f 10367/11/6 10368/11/6 10374/11/6
f 10371/11/6 10372/11/6 10375/11/6
f 10370/11/6 10371/11/6 10375/11/6
f 10375/11/6 10372/11/6 10376/11/6
f 10376/11/6 10372/11/6 10377/11/6
f 10373/11/6 10374/11/6 10380/11/6
f 10377/11/6 10378/11/6 10381/11/6
f 10376/11/6 10377/11/6 10381/11/6
f 10381/11/6 10378/11/6 10382/11/6
f 10382/11/6 10378/11/6 10383/11/6
f 10379/11/6 10380/11/6 10386/11/6
f 10346/11/6 10334/11/6 10387/11/6
f 10362/11/6 10354/11/6 10387/11/6
f 10386/11/6 10380/11/6 10387/11/6
f 10354/11/6 10346/11/6 10387/11/6
f 10368/11/6 10362/11/6 10387/11/6
f 10374/11/6 10368/11/6 10387/11/6
f 10380/11/6 10374/11/6 10387/11/6
f 10387/11/6 10334/11/6 10388/11/6
f 10383/11/6 10384/11/6 10389/11/6
f 10382/11/6 10383/11/6 10389/11/6
f 10389/11/6 10384/11/6 10390/11/6
f 10390/11/6 10384/11/6 10391/11/6
f 10391/11/6 10384/11/6 10392/11/6
f 10392/11/6 10384/11/6 10393/11/6
f 10385/11/6 10386/11/6 10396/11/6
f 10386/11/6 10387/11/6 10396/11/6
f 10387/7/6 10388/7/6 10397/7/6
f 10396/11/6 10387/11/6 10397/11/6
f 10388/11/6 10334/11/6 10398/11/6
f 10397/7/6 10388/7/6 10398/7/6
f 10334/11/6 10322/11/6 10399/11/6
f 10398/11/6 10334/11/6 10399/11/6
f 10322/11/6 10314/11/6 10400/11/6
f 10399/11/6 10322/11/6 10400/11/6
f 10314/11/6 10306/11/6 10400/11/6
f 10390/11/6 10391/11/6 10401/11/6
f 10401/11/6 10391/11/6 10402/11/6
f 10391/8/6 10392/8/6 10403/8/6
f 10402/11/6 10391/11/6 10403/11/6
f 10393/11/6 10394/11/6 10404/11/6
f 10403/8/6 10392/8/6 10404/8/6
f 10392/11/6 10393/11/6 10404/11/6
f 10404/11/6 10394/11/6 10405/11/6
f 10396/11/6 10397/11/6 10408/11/6
f 10398/11/6 10399/11/6 10408/11/6
f 10397/11/6 10398/11/6 10408/11/6
f 10395/11/6 10396/11/6 10408/11/6
f 10408/11/6 10399/11/6 10409/11/6
f 10409/11/6 10399/11/6 10410/11/6
f 10405/11/6 10406/11/6 10411/11/6
f 10404/11/6 10405/11/6 10411/11/6
f 10402/11/6 10403/11/6 10411/11/6
f 10403/11/6 10404/11/6 10411/11/6
f 10411/11/6 10406/11/6 10412/11/6
f 10412/11/6 10406/11/6 10413/11/6
f 10408/11/6 10409/11/6 10416/11/6
f 10407/11/6 10408/11/6 10416/11/6
f 10416/11/6 10409/11/6 10417/11/6
f 10417/11/6 10409/11/6 10418/11/6
f 10413/11/6 10414/11/6 10419/11/6
f 10412/11/6 10413/11/6 10419/11/6
f 10419/11/6 10414/11/6 10420/11/6
f 10420/11/6 10414/11/6 10421/11/6
f 10416/11/6 10417/11/6 10424/11/6
f 10415/11/6 10416/11/6 10424/11/6
f 10424/11/6 10417/11/6 10425/11/6
f 10425/11/6 10417/11/6 10426/11/6
f 10421/11/6 10422/11/6 10427/11/6
f 10420/11/6 10421/11/6 10427/11/6
f 10427/11/6 10422/11/6 10428/11/6
f 10428/11/6 10422/11/6 10429/11/6
f 10424/11/6 10425/11/6 10432/11/6
f 10423/11/6 10424/11/6 10432/11/6
f 10432/11/6 10425/11/6 10433/11/6
f 10433/11/6 10425/11/6 10434/11/6
f 10429/11/6 10430/11/6 10435/11/6
f 10428/11/6 10429/11/6 10435/11/6
f 10435/11/6 10430/11/6 10436/11/6
f 10436/11/6 10430/11/6 10437/11/6
f 10432/11/6 10433/11/6 10440/11/6
f 10431/11/6 10432/11/6 10440/11/6
f 10440/11/6 10433/11/6 10441/11/6
f 10441/11/6 10433/11/6 10442/11/6
f 10437/11/6 10438/11/6 10443/11/6
f 10436/11/6 10437/11/6 10443/11/6
f 10443/11/6 10438/11/6 10444/11/6
f 10444/11/6 10438/11/6 10445/11/6
f 10445/11/6 10438/11/6 10446/11/6
f 10446/11/6 10438/11/6 10447/11/6
f 10440/11/6 10441/11/6 10450/11/6
f 10439/11/6 10440/11/6 10450/11/6
f 10450/11/6 10441/11/6 10451/11/6
f 10451/11/6 10441/11/6 10452/11/6
f 10444/11/6 10445/11/6 10453/11/6
f 10453/11/6 10445/11/6 10454/11/6
f 10454/11/6 10445/11/6 10455/11/6
f 10455/11/6 10445/11/6 10456/11/6
f 10445/7/6 10446/7/6 10457/7/6
f 10456/11/6 10445/11/6 10457/11/6
f 10447/11/6 10448/11/6 10458/11/6
f 10457/7/6 10446/7/6 10458/7/6
f 10446/11/6 10447/11/6 10458/11/6
f 10458/11/6 10448/11/6 10459/11/6
f 10450/11/6 10451/11/6 10462/11/6
f 10449/11/6 10450/11/6 10462/11/6
f 10462/11/6 10451/11/6 10463/11/6
f 10463/11/6 10451/11/6 10464/11/6
f 10454/11/6 10455/11/6 10465/11/6
f 10465/11/6 10455/11/6 10466/11/6
f 10455/5/6 10456/5/6 10467/5/6
f 10466/11/6 10455/11/6 10467/11/6
f 10456/11/6 10457/11/6 10468/11/6
f 10467/5/6 10456/5/6 10468/5/6
f 10459/11/6 10460/11/6 10468/11/6
f 10458/11/6 10459/11/6 10468/11/6
f 10457/11/6 10458/11/6 10468/11/6
f 10468/11/6 10460/11/6 10469/11/6
f 10461/11/6 10462/11/6 10470/11/6
f 10462/11/6 10463/11/6 10470/11/6
f 10470/11/6 10463/11/6 10471/11/6
f 10471/11/6 10463/11/6 10472/11/6
f 10466/11/6 10467/11/6 10473/11/6
f 10470/11/6 10471/11/6 10473/11/6
f 10469/11/6 10470/11/6 10473/11/6
f 10468/11/6 10469/11/6 10473/11/6
f 10467/11/6 10468/11/6 10473/11/6
f 10473/11/6 10471/11/6 10474/11/6
f 10474/11/6 10471/11/6 10475/11/6
f 10475/11/6 10471/11/6 10476/11/6
f 10474/11/6 10475/11/6 10477/11/6
f 10477/11/6 10475/11/6 10478/11/6
f 10478/11/6 10475/11/6 10479/11/6
f 10479/11/6 10475/11/6 10480/11/6
f 10478/11/6 10479/11/6 10481/11/6
f 10481/11/6 10479/11/6 10482/11/6
f 10482/11/6 10479/11/6 10483/11/6
f 10483/11/6 10479/11/6 10484/11/6
f 10484/11/6 10479/11/6 10485/11/6
f 10485/11/6 10479/11/6 10486/11/6
f 10486/11/6 10479/11/6 10487/11/6
f 10487/11/6 10479/11/6 10488/11/6
f 10482/11/6 10483/11/6 10489/11/6
f 10489/11/6 10483/11/6 10490/11/6
f 10484/11/6 10485/11/6 10491/11/6
f 10485/9/6 10486/9/6 10491/9/6
f 10486/11/6 10487/11/6 10492/11/6
f 10491/9/6 10486/9/6 10492/9/6
f 10492/11/6 10487/11/6 10493/11/6
f 10493/11/6 10487/11/6 10494/11/6
f 10490/11/6 10483/11/6 10495/11/6
f 10495/11/6 10483/11/6 10496/11/6
f 10483/10/6 10484/10/6 10497/10/6
f 10496/11/6 10483/11/6 10497/11/6
f 10484/11/6 10491/11/6 10498/11/6
f 10497/10/6 10484/10/6 10498/10/6
f 10492/11/6 10493/11/6 10498/11/6
f 10491/11/6 10492/11/6 10498/11/6
f 10498/11/6 10493/11/6 10499/11/6
f 10499/11/6 10493/11/6 10500/11/6
f 10496/11/6 10497/11/6 10501/11/6
f 10498/11/6 10499/11/6 10501/11/6
f 10497/11/6 10498/11/6 10501/11/6
f 10501/11/6 10499/11/6 10502/11/6
f 10502/11/6 10499/11/6 10503/11/6
f 10503/11/6 10499/11/6 10504/11/6
f 10504/11/6 10499/11/6 10505/11/6
f 10505/11/6 10499/11/6 10506/11/6
f 10506/11/6 10499/11/6 10507/11/6
f 10507/11/6 10499/11/6 10508/11/6
f 10502/11/6 10503/11/6 10509/11/6
f 10509/11/6 10503/11/6 10510/11/6
f 10503/5/6 10504/5/6 10511/5/6
f 10510/11/6 10503/11/6 10511/11/6
f 10504/11/6 10505/11/6 10512/11/6
f 10511/5/6 10504/5/6 10512/5/6
f 10512/11/6 10505/11/6 10513/11/6
f 10513/11/6 10505/11/6 10514/11/6
f 10506/11/6 10507/11/6 10515/11/6
f 10515/11/6 10507/11/6 10516/11/6
f 10516/11/6 10507/11/6 10517/11/6
f 10517/11/6 10507/11/6 10518/11/6
f 10510/11/6 10511/11/6 10519/11/6
f 10511/11/6 10512/11/6 10519/11/6
f 10512/11/6 10513/11/6 10519/11/6
f 10519/11/6 10513/11/6 10520/11/6
f 10516/11/6 10517/11/6 10521/11/6
f 10521/11/6 10517/11/6 10522/11/6
f 10522/11/6 10517/11/6 10523/11/6
f 10523/11/6 10517/11/6 10524/11/6
f 10522/11/6 10523/11/6 10525/11/6
f 10525/11/6 10523/11/6 10526/11/6
f 10526/11/6 10523/11/6 10527/11/6
f 10527/11/6 10523/11/6 10528/11/6
f 10526/11/6 10527/11/6 10529/11/6
f 10529/11/6 10527/11/6 10530/11/6
f 10531/11/6 10532/11/6 10533/11/6
f 10533/11/6 10534/11/6 10535/11/6
f 10535/11/6 10536/11/6 10537/11/6
f 10533/11/6 10535/11/6 10539/11/6
f 10537/11/6 10538/11/6 10539/11/6
f 10535/11/6 10537/11/6 10539/11/6
f 10539/11/6 10538/11/6 10540/11/6
f 10540/11/6 10538/11/6 10541/11/6
f 10533/11/6 10539/11/6 10543/11/6
f 10539/5/6 10540/5/6 10543/5/6
f 10541/11/6 10542/11/6 10544/11/6
f 10543/5/6 10540/5/6 10544/5/6
f 10540/11/6 10541/11/6 10544/11/6
f 10544/11/6 10542/11/6 10545/11/6
f 10543/11/6 10544/11/6 10547/11/6
f 10545/11/6 10546/11/6 10547/11/6
f 10544/11/6 10545/11/6 10547/11/6
f 10547/11/6 10548/11/6 10549/11/6
f 10549/11/6 10550/11/6 10551/11/6
f 10551/11/6 10552/11/6 10553/11/6
f 10553/11/6 10554/11/6 10555/11/6
f 10555/11/6 10556/11/6 10557/11/6
f 10557/11/6 10558/11/6 10559/11/6
f 10559/11/6 10560/11/6 10561/11/6
f 10531/11/6 10533/11/6 10563/11/6
f 10561/11/6 10562/11/6 10563/11/6
f 10559/11/6 10561/11/6 10563/11/6
f 10557/11/6 10559/11/6 10563/11/6
f 10555/11/6 10557/11/6 10563/11/6
f 10553/11/6 10555/11/6 10563/11/6
f 10551/11/6 10553/11/6 10563/11/6
f 10549/11/6 10551/11/6 10563/11/6
f 10547/11/6 10549/11/6 10563/11/6
f 10543/11/6 10547/11/6 10563/11/6
f 10533/11/6 10543/11/6 10563/11/6
f 10563/11/6 10562/11/6 10564/11/6
f 10564/11/6 10562/11/6 10565/11/6
f 10564/11/6 10565/11/6 10569/11/6
f 10565/11/6 10566/11/6 10569/11/6
f 10567/11/6 10568/11/6 10572/11/6
f 10531/11/6 10563/11/6 10573/11/6
f 10563/10/6 10564/10/6 10573/10/6
f 10569/11/6 10570/11/6 10574/11/6
f 10573/10/6 10564/10/6 10574/10/6
f 10564/11/6 10569/11/6 10574/11/6
f 10574/11/6 10570/11/6 10575/11/6
f 10571/11/6 10572/11/6 10578/11/6
f 10575/11/6 10576/11/6 10579/11/6
f 10573/11/6 10574/11/6 10579/11/6
f 10574/11/6 10575/11/6 10579/11/6
f 10577/11/6 10578/11/6 10582/11/6
f 10579/11/6 10580/11/6 10583/11/6
f 10573/11/6 10579/11/6 10583/11/6
f 10583/11/6 10580/11/6 10584/11/6
f 10584/11/6 10580/11/6 10585/11/6
f 10581/11/6 10582/11/6 10588/11/6
f 10531/11/6 10573/11/6 10589/11/6
f 10573/11/6 10583/11/6 10589/11/6
f 10589/11/6 10583/11/6 10590/11/6
f 10583/8/6 10584/8/6 10591/8/6
f 10590/11/6 10583/11/6 10591/11/6
f 10585/11/6 10586/11/6 10592/11/6
f 10591/8/6 10584/8/6 10592/8/6
f 10584/11/6 10585/11/6 10592/11/6
f 10592/11/6 10586/11/6 10593/11/6
f 10587/11/6 10588/11/6 10596/11/6
f 10590/11/6 10591/11/6 10597/11/6
f 10593/11/6 10594/11/6 10597/11/6
f 10591/11/6 10592/11/6 10597/11/6
f 10592/11/6 10593/11/6 10597/11/6
f 10597/11/6 10594/11/6 10598/11/6
f 10598/11/6 10594/11/6 10599/11/6
f 10599/11/6 10594/11/6 10600/11/6
f 10600/11/6 10594/11/6 10601/11/6
f 10595/11/6 10596/11/6 10604/11/6
f 10598/11/6 10599/11/6 10605/11/6
f 10605/11/6 10599/11/6 10606/11/6
f 10606/11/6 10599/11/6 10607/11/6
f 10607/11/6 10599/11/6 10608/11/6
f 10599/5/6 10600/5/6 10609/5/6
f 10608/11/6 10599/11/6 10609/11/6
f 10601/11/6 10602/11/6 10610/11/6
f 10609/5/6 10600/5/6 10610/5/6
f 10600/11/6 10601/11/6 10610/11/6
f 10610/11/6 10602/11/6 10611/11/6
f 10603/11/6 10604/11/6 10614/11/6
f 10607/10/6 10608/10/6 10615/10/6
f 10608/11/6 10609/11/6 10616/11/6
f 10615/10/6 10608/10/6 10616/10/6
f 10611/11/6 10612/11/6 10616/11/6
f 10610/11/6 10611/11/6 10616/11/6
f 10609/11/6 10610/11/6 10616/11/6
f 10616/11/6 10612/11/6 10617/11/6
f 10617/11/6 10612/11/6 10618/11/6
f 10618/11/6 10612/11/6 10619/11/6
f 10619/11/6 10612/11/6 10620/11/6
f 10613/11/6 10614/11/6 10623/11/6
f 10617/11/6 10618/11/6 10624/11/6
f 10624/11/6 10618/11/6 10625/11/6
f 10618/7/6 10619/7/6 10626/7/6
f 10625/11/6 10618/11/6 10626/11/6
f 10620/11/6 10621/11/6 10627/11/6
f 10626/7/6 10619/7/6 10627/7/6
f 10619/11/6 10620/11/6 10627/11/6
f 10627/11/6 10621/11/6 10628/11/6
f 10622/11/6 10623/11/6 10631/11/6
f 10625/11/6 10626/11/6 10632/11/6
f 10628/11/6 10629/11/6 10632/11/6
f 10626/11/6 10627/11/6 10632/11/6
f 10627/11/6 10628/11/6 10632/11/6
f 10632/11/6 10629/11/6 10633/11/6
f 10633/11/6 10629/11/6 10634/11/6
f 10630/11/6 10631/11/6 10637/11/6
f 10634/11/6 10635/11/6 10638/11/6
f 10633/11/6 10634/11/6 10638/11/6
f 10638/11/6 10635/11/6 10639/11/6
f 10639/11/6 10635/11/6 10640/11/6
f 10636/11/6 10637/11/6 10643/11/6
f 10640/11/6 10641/11/6 10644/11/6
f 10639/11/6 10640/11/6 10644/11/6
f 10644/11/6 10641/11/6 10645/11/6
f 10645/11/6 10641/11/6 10646/11/6
f 10646/11/6 10641/11/6 10647/11/6
f 10647/11/6 10641/11/6 10648/11/6
f 10642/11/6 10643/11/6 10651/11/6
f 10645/11/6 10646/11/6 10652/11/6
f 10652/11/6 10646/11/6 10653/11/6
f 10646/8/6 10647/8/6 10654/8/6
f 10653/11/6 10646/11/6 10654/11/6
f 10648/11/6 10649/11/6 10655/11/6
f 10654/8/6 10647/8/6 10655/8/6
f 10647/11/6 10648/11/6 10655/11/6
f 10655/11/6 10649/11/6 10656/11/6
f 10650/11/6 10651/11/6 10659/11/6
f 10596/11/6 10588/11/6 10660/11/6
f 10578/11/6 10572/11/6 10660/11/6
f 10659/11/6 10651/11/6 10660/11/6
f 10582/11/6 10578/11/6 10660/11/6
f 10588/11/6 10582/11/6 10660/11/6
f 10604/11/6 10596/11/6 10660/11/6
f 10614/11/6 10604/11/6 10660/11/6
f 10631/11/6 10623/11/6 10660/11/6
f 10623/11/6 10614/11/6 10660/11/6
f 10651/11/6 10643/11/6 10660/11/6
f 10637/11/6 10631/11/6 10660/11/6
f 10643/11/6 10637/11/6 10660/11/6
f 10660/11/6 10572/11/6 10661/11/6
f 10655/11/6 10656/11/6 10662/11/6
f 10654/11/6 10655/11/6 10662/11/6
f 10653/11/6 10654/11/6 10662/11/6
f 10656/11/6 10657/11/6 10662/11/6
f 10662/11/6 10657/11/6 10663/11/6
f 10663/11/6 10657/11/6 10664/11/6
f 10664/11/6 10657/11/6 10665/11/6
f 10665/11/6 10657/11/6 10666/11/6
f 10666/11/6 10657/11/6 10667/11/6
f 10667/11/6 10657/11/6 10668/11/6
f 10658/11/6 10659/11/6 10673/11/6
f 10659/11/6 10660/11/6 10673/11/6
f 10660/6/6 10661/6/6 10674/6/6
f 10673/11/6 10660/11/6 10674/11/6
f 10661/11/6 10572/11/6 10675/11/6
f 10674/6/6 10661/6/6 10675/6/6
f 10663/11/6 10664/11/6 10676/11/6
f 10676/11/6 10664/11/6 10677/11/6
f 10677/11/6 10664/11/6 10678/11/6
f 10678/11/6 10664/11/6 10679/11/6
f 10664/10/6 10665/10/6 10680/10/6
f 10679/11/6 10664/11/6 10680/11/6
f 10665/11/6 10666/11/6 10681/11/6
f 10680/10/6 10665/10/6 10681/10/6
f 10666/6/6 10667/6/6 10682/6/6
f 10681/11/6 10666/11/6 10682/11/6
f 10668/11/6 10669/11/6 10683/11/6
f 10682/6/6 10667/6/6 10683/6/6
f 10667/11/6 10668/11/6 10683/11/6
f 10683/11/6 10669/11/6 10684/11/6
f 10670/11/6 10671/11/6 10687/11/6
f 10687/11/6 10671/11/6 10688/11/6
f 10673/11/6 10674/11/6 10691/11/6
f 10672/11/6 10673/11/6 10691/11/6
f 10674/11/6 10675/11/6 10691/11/6
f 10677/11/6 10678/11/6 10692/11/6
f 10692/11/6 10678/11/6 10693/11/6
f 10678/8/6 10679/8/6 10694/8/6
f 10693/11/6 10678/11/6 10694/11/6
f 10684/11/6 10685/11/6 10695/11/6
f 10694/8/6 10679/8/6 10695/8/6
f 10681/11/6 10682/11/6 10695/11/6
f 10679/11/6 10680/11/6 10695/11/6
f 10680/11/6 10681/11/6 10695/11/6
f 10682/11/6 10683/11/6 10695/11/6
f 10683/11/6 10684/11/6 10695/11/6
f 10695/11/6 10685/11/6 10696/11/6
f 10696/11/6 10685/11/6 10697/11/6
f 10697/11/6 10685/11/6 10698/11/6
f 10688/11/6 10689/11/6 10699/11/6
f 10687/11/6 10688/11/6 10699/11/6
f 10686/11/6 10687/11/6 10699/11/6
f 10699/11/6 10689/11/6 10700/11/6
f 10690/11/6 10691/11/6 10703/11/6
f 10691/11/6 10675/11/6 10704/11/6
f 10703/11/6 10691/11/6 10704/11/6
f 10704/11/6 10675/11/6 10705/11/6
f 10705/11/6 10675/11/6 10706/11/6
f 10706/11/6 10675/11/6 10707/11/6
f 10693/11/6 10694/11/6 10708/11/6
f 10695/11/6 10696/11/6 10708/11/6
f 10694/11/6 10695/11/6 10708/11/6
f 10708/11/6 10696/11/6 10709/11/6
f 10696/5/6 10697/5/6 10710/5/6
f 10709/11/6 10696/11/6 10710/11/6
f 10697/11/6 10698/11/6 10711/11/6
f 10710/5/6 10697/5/6 10711/5/6
f 10700/11/6 10701/11/6 10711/11/6
f 10698/11/6 10699/11/6 10711/11/6
f 10699/11/6 10700/11/6 10711/11/6
f 10711/11/6 10701/11/6 10712/11/6
f 10712/11/6 10701/11/6 10713/11/6
f 10713/11/6 10701/11/6 10714/11/6
f 10702/11/6 10703/11/6 10717/11/6
f 10703/11/6 10704/11/6 10717/11/6
f 10704/5/6 10705/5/6 10718/5/6
f 10717/11/6 10704/11/6 10718/11/6
f 10705/11/6 10706/11/6 10719/11/6
f 10718/5/6 10705/5/6 10719/5/6
f 10706/9/6 10707/9/6 10720/9/6
f 10719/11/6 10706/11/6 10720/11/6
f 10707/11/6 10675/11/6 10721/11/6
f 10720/9/6 10707/9/6 10721/9/6
f 10709/11/6 10710/11/6 10722/11/6
f 10710/11/6 10711/11/6 10722/11/6
f 10711/11/6 10712/11/6 10722/11/6
f 10722/11/6 10712/11/6 10723/11/6
f 10712/9/6 10713/9/6 10724/9/6
f 10723/11/6 10712/11/6 10724/11/6
f 10714/11/6 10715/11/6 10725/11/6
f 10724/9/6 10713/9/6 10725/9/6
f 10713/11/6 10714/11/6 10725/11/6
f 10725/11/6 10715/11/6 10726/11/6
f 10726/11/6 10715/11/6 10727/11/6
f 10727/11/6 10715/11/6 10728/11/6
f 10728/11/6 10715/11/6 10729/11/6
f 10729/11/6 10715/11/6 10730/11/6
f 10719/11/6 10720/11/6 10731/11/6
f 10720/11/6 10721/11/6 10731/11/6
f 10718/11/6 10719/11/6 10731/11/6
f 10717/11/6 10718/11/6 10731/11/6
f 10716/11/6 10717/11/6 10731/11/6
f 10723/11/6 10724/11/6 10732/11/6
f 10725/11/6 10726/11/6 10732/11/6
f 10724/11/6 10725/11/6 10732/11/6
f 10732/11/6 10726/11/6 10733/11/6
f 10726/7/6 10727/7/6 10734/7/6
f 10733/11/6 10726/11/6 10734/11/6
f 10727/11/6 10728/11/6 10735/11/6
f 10734/7/6 10727/7/6 10735/7/6
f 10728/9/6 10729/9/6 10736/9/6
f 10735/11/6 10728/11/6 10736/11/6
f 10729/11/6 10730/11/6 10737/11/6
f 10736/9/6 10729/9/6 10737/9/6
f 10730/11/6 10731/11/6 10737/11/6
f 10737/11/6 10731/11/6 10738/11/6
f 10738/11/6 10731/11/6 10739/11/6
f 10735/11/6 10736/11/6 10740/11/6
f 10734/11/6 10735/11/6 10740/11/6
f 10733/11/6 10734/11/6 10740/11/6
f 10737/11/6 10738/11/6 10740/11/6
f 10736/11/6 10737/11/6 10740/11/6
f 10740/11/6 10738/11/6 10741/11/6
f 10741/11/6 10738/11/6 10742/11/6
f 10742/11/6 10738/11/6 10743/11/6
f 10738/5/6 10739/5/6 10744/5/6
f 10743/11/6 10738/11/6 10744/11/6
f 10739/11/6 10731/11/6 10745/11/6
f 10744/5/6 10739/5/6 10745/5/6
f 10741/11/6 10742/11/6 10746/11/6
f 10746/11/6 10742/11/6 10747/11/6
f 10742/8/6 10743/8/6 10748/8/6
f 10747/11/6 10742/11/6 10748/11/6
f 10743/11/6 10744/11/6 10749/11/6
f 10748/8/6 10743/8/6 10749/8/6
f 10744/11/6 10745/11/6 10749/11/6
f 10731/11/6 10721/11/6 10750/11/6
f 10749/11/6 10745/11/6 10750/11/6
f 10745/11/6 10731/11/6 10750/11/6
f 10750/11/6 10721/11/6 10751/11/6
f 10747/11/6 10748/11/6 10752/11/6
f 10748/11/6 10749/11/6 10752/11/6
f 10749/11/6 10750/11/6 10752/11/6
f 10752/11/6 10750/11/6 10753/11/6
f 10753/11/6 10750/11/6 10754/11/6
f 10754/11/6 10750/11/6 10755/11/6
f 10750/6/6 10751/6/6 10756/6/6
f 10755/11/6 10750/11/6 10756/11/6
f 10751/11/6 10721/11/6 10757/11/6
f 10756/6/6 10751/6/6 10757/6/6
f 10753/11/6 10754/11/6 10758/11/6
f 10758/11/6 10754/11/6 10759/11/6
f 10759/11/6 10754/11/6 10760/11/6
f 10760/11/6 10754/11/6 10761/11/6
f 10754/8/6 10755/8/6 10762/8/6
f 10761/11/6 10754/11/6 10762/11/6
f 10755/11/6 10756/11/6 10763/11/6
f 10762/8/6 10755/8/6 10763/8/6
f 10756/11/6 10757/11/6 10763/11/6
f 10759/11/6 10760/11/6 10764/11/6
f 10764/11/6 10760/11/6 10765/11/6
f 10765/11/6 10760/11/6 10766/11/6
f 10766/11/6 10760/11/6 10767/11/6
f 10760/5/6 10761/5/6 10768/5/6
f 10767/11/6 10760/11/6 10768/11/6
f 10761/11/6 10762/11/6 10769/11/6
f 10768/5/6 10761/5/6 10769/5/6
f 10762/11/6 10763/11/6 10769/11/6
f 10757/11/6 10721/11/6 10770/11/6
f 10769/11/6 10763/11/6 10770/11/6
f 10763/11/6 10757/11/6 10770/11/6
f 10770/11/6 10721/11/6 10771/11/6
f 10765/11/6 10766/11/6 10772/11/6
f 10772/11/6 10766/11/6 10773/11/6
f 10766/8/6 10767/8/6 10774/8/6
f 10773/11/6 10766/11/6 10774/11/6
f 10767/11/6 10768/11/6 10775/11/6
f 10774/8/6 10767/8/6 10775/8/6
f 10768/11/6 10769/11/6 10775/11/6
f 10769/11/6 10770/11/6 10775/11/6
f 10770/7/6 10771/7/6 10776/7/6
f 10775/11/6 10770/11/6 10776/11/6
f 10771/11/6 10721/11/6 10777/11/6
f 10776/7/6 10771/7/6 10777/7/6
f 10777/11/6 10721/11/6 10778/11/6
f 10778/11/6 10721/11/6 10779/11/6
f 10773/11/6 10774/11/6 10780/11/6
f 10775/11/6 10776/11/6 10780/11/6
f 10777/11/6 10778/11/6 10780/11/6
f 10776/11/6 10777/11/6 10780/11/6
f 10774/11/6 10775/11/6 10780/11/6
f 10780/11/6 10778/11/6 10781/11/6
f 10781/11/6 10778/11/6 10782/11/6
f 10782/11/6 10778/11/6 10783/11/6
f 10778/8/6 10779/8/6 10784/8/6
f 10783/11/6 10778/11/6 10784/11/6
f 10779/11/6 10721/11/6 10785/11/6
f 10784/8/6 10779/8/6 10785/8/6
f 10781/11/6 10782/11/6 10786/11/6
f 10786/11/6 10782/11/6 10787/11/6
f 10787/11/6 10782/11/6 10788/11/6
f 10788/11/6 10782/11/6 10789/11/6
f 10783/11/6 10784/11/6 10790/11/6
f 10784/11/6 10785/11/6 10790/11/6
f 10790/11/6 10785/11/6 10791/11/6
f 10787/11/6 10788/11/6 10792/11/6
f 10792/11/6 10788/11/6 10793/11/6
f 10793/11/6 10788/11/6 10794/11/6
f 10794/11/6 10788/11/6 10795/11/6
f 10791/11/6 10785/11/6 10796/11/6
f 10796/11/6 10785/11/6 10797/11/6
f 10797/11/6 10785/11/6 10798/11/6
f 10798/11/6 10785/11/6 10799/11/6
f 10793/11/6 10794/11/6 10800/11/6
f 10800/11/6 10794/11/6 10801/11/6
f 10801/11/6 10794/11/6 10802/11/6
f 10802/11/6 10794/11/6 10803/11/6
f 10803/11/6 10794/11/6 10804/11/6
f 10804/11/6 10794/11/6 10805/11/6
f 10797/11/6 10798/11/6 10806/11/6
f 10806/11/6 10798/11/6 10807/11/6
f 10798/5/6 10799/5/6 10808/5/6
f 10807/11/6 10798/11/6 10808/11/6
f 10799/11/6 10785/11/6 10809/11/6
f 10808/5/6 10799/5/6 10809/5/6
f 10803/11/6 10804/11/6 10810/11/6
f 10810/11/6 10804/11/6 10811/11/6
f 10811/11/6 10804/11/6 10812/11/6
f 10812/11/6 10804/11/6 10813/11/6
f 10807/11/6 10808/11/6 10814/11/6
f 10808/11/6 10809/11/6 10814/11/6
f 10809/11/6 10785/11/6 10815/11/6
f 10814/11/6 10809/11/6 10815/11/6
f 10811/11/6 10812/11/6 10816/11/6
f 10816/11/6 10812/11/6 10817/11/6
f 10817/11/6 10812/11/6 10818/11/6
f 10818/11/6 10812/11/6 10819/11/6
f 10815/11/6 10785/11/6 10820/11/6
f 10820/11/6 10785/11/6 10821/11/6
f 10821/11/6 10785/11/6 10822/11/6
f 10822/11/6 10785/11/6 10823/11/6
f 10721/11/6 10675/11/6 10824/11/6
f 10823/11/6 10785/11/6 10824/11/6
f 10785/11/6 10721/11/6 10824/11/6
f 10675/11/6 10572/11/6 10824/11/6
f 10572/11/6 10568/11/6 10825/11/6
f 10824/11/6 10572/11/6 10825/11/6
f 10817/11/6 10818/11/6 10826/11/6
f 10826/11/6 10818/11/6 10827/11/6
f 10827/11/6 10818/11/6 10828/11/6
f 10828/11/6 10818/11/6 10829/11/6
f 10821/11/6 10822/11/6 10830/11/6
f 10830/11/6 10822/11/6 10831/11/6
f 10822/8/6 10823/8/6 10832/8/6
f 10831/11/6 10822/11/6 10832/11/6
f 10823/11/6 10824/11/6 10833/11/6
f 10832/8/6 10823/8/6 10833/8/6
f 10833/11/6 10824/11/6 10834/11/6
f 10834/11/6 10824/11/6 10835/11/6
f 10827/11/6 10828/11/6 10836/11/6
f 10836/11/6 10828/11/6 10837/11/6
f 10831/11/6 10832/11/6 10838/11/6
f 10838/11/6 10832/11/6 10839/11/6
f 10832/10/6 10833/10/6 10840/10/6
f 10839/11/6 10832/11/6 10840/11/6
f 10833/11/6 10834/11/6 10841/11/6
f 10840/10/6 10833/10/6 10841/10/6
f 10841/11/6 10834/11/6 10842/11/6
f 10842/11/6 10834/11/6 10843/11/6
f 10839/11/6 10840/11/6 10844/11/6
f 10841/11/6 10842/11/6 10844/11/6
f 10840/11/6 10841/11/6 10844/11/6
f 10844/11/6 10842/11/6 10845/11/6
f 10846/11/6 10847/11/6 10848/11/6
f 10848/11/6 10849/11/6 10850/11/6
f 10850/11/6 10851/11/6 10853/11/6
f 10851/10/6 10852/10/6 10853/10/6
f 10853/10/6 10852/10/6 10854/10/6
f 10853/11/6 10854/11/6 10856/11/6
f 10854/11/6 10855/11/6 10856/11/6
f 10856/11/6 10857/11/6 10858/11/6
f 10858/11/6 10859/11/6 10860/11/6
f 10860/11/6 10861/11/6 10862/11/6
f 10862/11/6 10863/11/6 10864/11/6
f 10864/11/6 10865/11/6 10866/11/6
f 10866/11/6 10865/11/6 10867/11/6
f 10867/11/6 10865/11/6 10868/11/6
f 10864/11/6 10866/11/6 10870/11/6
f 10866/8/6 10867/8/6 10870/8/6
f 10868/11/6 10869/11/6 10871/11/6
f 10870/8/6 10867/8/6 10871/8/6
f 10867/11/6 10868/11/6 10871/11/6
f 10871/11/6 10869/11/6 10872/11/6
f 10870/11/6 10871/11/6 10874/11/6
f 10872/11/6 10873/11/6 10874/11/6
f 10871/11/6 10872/11/6 10874/11/6
f 10874/11/6 10875/11/6 10876/11/6
f 10876/11/6 10877/11/6 10878/11/6
f 10870/11/6 10874/11/6 10880/11/6
f 10878/11/6 10879/11/6 10880/11/6
f 10876/11/6 10878/11/6 10880/11/6
f 10874/11/6 10876/11/6 10880/11/6
f 10880/11/6 10879/11/6 10881/11/6
f 10881/11/6 10879/11/6 10882/11/6
f 10853/11/6 10856/11/6 10884/11/6
f 10856/11/6 10858/11/6 10884/11/6
f 10858/11/6 10860/11/6 10884/11/6
f 10860/11/6 10862/11/6 10884/11/6
f 10870/11/6 10880/11/6 10884/11/6
f 10864/11/6 10870/11/6 10884/11/6
f 10862/11/6 10864/11/6 10884/11/6
f 10884/11/6 10880/11/6 10885/11/6
f 10880/9/6 10881/9/6 10886/9/6
f 10885/11/6 10880/11/6 10886/11/6
f 10882/11/6 10883/11/6 10887/11/6
f 10886/9/6 10881/9/6 10887/9/6
f 10881/11/6 10882/11/6 10887/11/6
f 10887/11/6 10883/11/6 10888/11/6
f 10853/11/6 10884/11/6 10890/11/6
f 10884/8/6 10885/8/6 10890/8/6
f 10885/11/6 10886/11/6 10891/11/6
f 10890/8/6 10885/8/6 10891/8/6
f 10888/11/6 10889/11/6 10891/11/6
f 10886/11/6 10887/11/6 10891/11/6
f 10887/11/6 10888/11/6 10891/11/6
f 10891/11/6 10889/11/6 10892/11/6
f 10892/11/6 10889/11/6 10893/11/6
f 10893/11/6 10889/11/6 10894/11/6
f 10894/11/6 10889/11/6 10895/11/6
f 10895/11/6 10889/11/6 10896/11/6
f 10890/11/6 10891/11/6 10898/11/6
f 10891/11/6 10892/11/6 10898/11/6
f 10892/7/6 10893/7/6 10898/7/6
f 10893/11/6 10894/11/6 10899/11/6
f 10898/7/6 10893/7/6 10899/7/6
f 10894/8/6 10895/8/6 10900/8/6
f 10899/11/6 10894/11/6 10900/11/6
f 10896/11/6 10897/11/6 10901/11/6
f 10900/8/6 10895/8/6 10901/8/6
f 10895/11/6 10896/11/6 10901/11/6
f 10901/11/6 10897/11/6 10902/11/6
f 10899/11/6 10900/11/6 10904/11/6
f 10902/11/6 10903/11/6 10904/11/6
f 10901/11/6 10902/11/6 10904/11/6
f 10900/11/6 10901/11/6 10904/11/6
f 10898/11/6 10899/11/6 10904/11/6
f 10904/11/6 10903/11/6 10905/11/6
f 10905/11/6 10903/11/6 10906/11/6
f 10898/11/6 10904/11/6 10908/11/6
f 10904/10/6 10905/10/6 10908/10/6
f 10906/11/6 10907/11/6 10909/11/6
f 10908/10/6 10905/10/6 10909/10/6
f 10905/11/6 10906/11/6 10909/11/6
f 10909/11/6 10907/11/6 10910/11/6
f 10908/11/6 10909/11/6 10912/11/6
f 10910/11/6 10911/11/6 10912/11/6
f 10909/11/6 10910/11/6 10912/11/6
f 10912/11/6 10911/11/6 10913/11/6
f 10913/11/6 10911/11/6 10914/11/6
f 10908/11/6 10912/11/6 10916/11/6
f 10912/8/6 10913/8/6 10916/8/6
f 10914/11/6 10915/11/6 10917/11/6
f 10916/8/6 10913/8/6 10917/8/6
f 10913/11/6 10914/11/6 10917/11/6
f 10917/11/6 10915/11/6 10918/11/6
f 10916/11/6 10917/11/6 10922/11/6
f 10917/11/6 10918/11/6 10922/11/6
f 10918/11/6 10919/11/6 10922/11/6
f 10920/11/6 10921/11/6 10925/11/6
f 10925/11/6 10921/11/6 10926/11/6
f 10908/11/6 10916/11/6 10928/11/6
f 10922/11/6 10923/11/6 10928/11/6
f 10916/11/6 10922/11/6 10928/11/6
f 10928/11/6 10923/11/6 10929/11/6
f 10929/11/6 10923/11/6 10930/11/6
f 10930/11/6 10923/11/6 10931/11/6
f 10931/11/6 10923/11/6 10932/11/6
f 10926/11/6 10927/11/6 10935/11/6
f 10925/11/6 10926/11/6 10935/11/6
f 10924/11/6 10925/11/6 10935/11/6
f 10935/11/6 10927/11/6 10936/11/6
f 10898/11/6 10908/11/6 10938/11/6
f 10908/11/6 10928/11/6 10938/11/6
f 10938/11/6 10928/11/6 10939/11/6
f 10928/6/6 10929/6/6 10940/6/6
f 10939/11/6 10928/11/6 10940/11/6
f 10929/11/6 10930/11/6 10941/11/6
f 10940/6/6 10929/6/6 10941/6/6
f 10930/10/6 10931/10/6 10942/10/6
f 10941/11/6 10930/11/6 10942/11/6
f 10932/11/6 10933/11/6 10943/11/6
f 10942/10/6 10931/10/6 10943/10/6
f 10931/11/6 10932/11/6 10943/11/6
f 10943/11/6 10933/11/6 10944/11/6
f 10936/11/6 10937/11/6 10949/11/6
f 10935/11/6 10936/11/6 10949/11/6
f 10934/11/6 10935/11/6 10949/11/6
f 10949/11/6 10937/11/6 10950/11/6
f 10898/11/6 10938/11/6 10952/11/6
f 10938/5/6 10939/5/6 10952/5/6
f 10941/11/6 10942/11/6 10953/11/6
f 10952/5/6 10939/5/6 10953/5/6
f 10940/11/6 10941/11/6 10953/11/6
f 10939/11/6 10940/11/6 10953/11/6
f 10944/11/6 10945/11/6 10953/11/6
f 10943/11/6 10944/11/6 10953/11/6
f 10942/11/6 10943/11/6 10953/11/6
f 10945/10/6 10946/10/6 10954/10/6
f 10953/11/6 10945/11/6 10954/11/6
f 10946/11/6 10947/11/6 10955/11/6
f 10954/10/6 10946/10/6 10955/10/6
f 10955/11/6 10947/11/6 10956/11/6
f 10950/11/6 10951/11/6 10959/11/6
f 10948/11/6 10949/11/6 10959/11/6
f 10949/11/6 10950/11/6 10959/11/6
f 10959/11/6 10951/11/6 10960/11/6
f 10953/11/6 10954/11/6 10962/11/6
f 10956/11/6 10957/11/6 10962/11/6
f 10955/11/6 10956/11/6 10962/11/6
f 10952/11/6 10953/11/6 10962/11/6
f 10954/11/6 10955/11/6 10962/11/6
f 10960/11/6 10961/11/6 10965/11/6
f 10959/11/6 10960/11/6 10965/11/6
f 10958/11/6 10959/11/6 10965/11/6
f 10965/11/6 10961/11/6 10966/11/6
f 10966/11/6 10961/11/6 10967/11/6
f 10967/11/6 10961/11/6 10968/11/6
f 10962/11/6 10963/11/6 10972/11/6
f 10952/11/6 10962/11/6 10972/11/6
f 10972/11/6 10963/11/6 10973/11/6
f 10973/11/6 10963/11/6 10974/11/6
f 10964/11/6 10965/11/6 10977/11/6
f 10965/11/6 10966/11/6 10977/11/6
f 10966/6/6 10967/6/6 10978/6/6
f 10977/11/6 10966/11/6 10978/11/6
f 10968/11/6 10969/11/6 10979/11/6
f 10978/6/6 10967/6/6 10979/6/6
f 10967/11/6 10968/11/6 10979/11/6
f 10979/11/6 10969/11/6 10980/11/6
f 10970/11/6 10971/11/6 10983/11/6
f 10952/11/6 10972/11/6 10984/11/6
f 10972/6/6 10973/6/6 10984/6/6
f 10974/11/6 10975/11/6 10985/11/6
f 10984/6/6 10973/6/6 10985/6/6
f 10973/11/6 10974/11/6 10985/11/6
f 10985/11/6 10975/11/6 10986/11/6
f 10980/11/6 10981/11/6 10987/11/6
f 10977/11/6 10978/11/6 10987/11/6
f 10976/11/6 10977/11/6 10987/11/6
f 10979/11/6 10980/11/6 10987/11/6
f 10978/11/6 10979/11/6 10987/11/6
f 10987/11/6 10981/11/6 10988/11/6
f 10982/11/6 10983/11/6 10991/11/6
f 10985/11/6 10986/11/6 10992/11/6
f 10984/11/6 10985/11/6 10992/11/6
f 10952/11/6 10984/11/6 10992/11/6
f 10988/11/6 10989/11/6 10992/11/6
f 10987/11/6 10988/11/6 10992/11/6
f 10986/11/6 10987/11/6 10992/11/6
f 10992/11/6 10989/11/6 10993/11/6
f 10993/11/6 10989/11/6 10994/11/6
f 10990/11/6 10991/11/6 10995/11/6
f 10952/11/6 10992/11/6 10996/11/6
f 10992/7/6 10993/7/6 10996/7/6
f 10993/11/6 10994/11/6 10997/11/6
f 10996/7/6 10993/7/6 10997/7/6
f 10994/11/6 10995/11/6 10997/11/6
f 10997/11/6 10995/11/6 10998/11/6
f 10998/11/6 10995/11/6 10999/11/6
f 10996/11/6 10997/11/6 11000/11/6
f 10997/11/6 10998/11/6 11000/11/6
f 10998/8/6 10999/8/6 11000/8/6
f 10999/11/6 10995/11/6 11001/11/6
f 11000/8/6 10999/8/6 11001/8/6
f 10848/11/6 10850/11/6 11002/11/6
f 10850/11/6 10853/11/6 11002/11/6
f 11000/11/6 11001/11/6 11002/11/6
f 10996/11/6 11000/11/6 11002/11/6
f 10853/11/6 10890/11/6 11002/11/6
f 10890/11/6 10898/11/6 11002/11/6
f 10952/11/6 10996/11/6 11002/11/6
f 10898/11/6 10952/11/6 11002/11/6
f 11002/11/6 11001/11/6 11003/11/6
f 11003/11/6 11001/11/6 11004/11/6
f 11004/11/6 11001/11/6 11005/11/6
f 11005/11/6 11001/11/6 11006/11/6
f 11006/11/6 11001/11/6 11007/11/6
f 11007/11/6 11001/11/6 11008/11/6
f 11008/11/6 11001/11/6 11009/11/6
f 11001/11/6 10995/11/6 11010/11/6
f 11009/11/6 11001/11/6 11010/11/6
f 11010/11/6 10995/11/6 11011/11/6
f 10848/11/6 11002/11/6 11012/11/6
f 11002/5/6 11003/5/6 11012/5/6
f 11003/11/6 11004/11/6 11013/11/6
f 11012/5/6 11003/5/6 11013/5/6
f 11004/8/6 11005/8/6 11014/8/6
f 11013/11/6 11004/11/6 11014/11/6
f 11005/11/6 11006/11/6 11015/11/6
f 11014/8/6 11005/8/6 11015/8/6
f 11006/9/6 11007/9/6 11016/9/6
f 11015/11/6 11006/11/6 11016/11/6
f 11007/11/6 11008/11/6 11017/11/6
f 11016/9/6 11007/9/6 11017/9/6
f 11017/11/6 11008/11/6 11018/11/6
f 11018/11/6 11008/11/6 11019/11/6
f 11008/10/6 11009/10/6 11020/10/6
f 11019/11/6 11008/11/6 11020/11/6
f 11009/11/6 11010/11/6 11021/11/6
f 11020/10/6 11009/10/6 11021/10/6
f 11010/9/6 11011/9/6 11022/9/6
f 11021/11/6 11010/11/6 11022/11/6
f 11011/11/6 10995/11/6 11023/11/6
f 11022/9/6 11011/9/6 11023/9/6
f 11012/11/6 11013/11/6 11024/11/6
f 11013/11/6 11014/11/6 11024/11/6
f 11014/11/6 11015/11/6 11024/11/6
f 11017/11/6 11018/11/6 11024/11/6
f 11016/11/6 11017/11/6 11024/11/6
f 11015/11/6 11016/11/6 11024/11/6
f 11024/11/6 11018/11/6 11025/11/6
f 11018/7/6 11019/7/6 11026/7/6
f 11025/11/6 11018/11/6 11026/11/6
f 11021/11/6 11022/11/6 11027/11/6
f 11026/7/6 11019/7/6 11027/7/6
f 11020/11/6 11021/11/6 11027/11/6
f 11022/11/6 11023/11/6 11027/11/6
f 11019/11/6 11020/11/6 11027/11/6
f 11023/11/6 10995/11/6 11028/11/6
f 11027/11/6 11023/11/6 11028/11/6
f 11028/11/6 10995/11/6 11029/11/6
f 11024/8/6 11025/8/6 11030/8/6
f 11012/11/6 11024/11/6 11030/11/6
f 11025/11/6 11026/11/6 11031/11/6
f 11030/8/6 11025/8/6 11031/8/6
f 11026/11/6 11027/11/6 11031/11/6
f 11027/11/6 11028/11/6 11031/11/6
f 11031/11/6 11028/11/6 11032/11/6
f 11032/11/6 11028/11/6 11033/11/6
f 11028/5/6 11029/5/6 11034/5/6
f 11033/11/6 11028/11/6 11034/11/6
f 11029/11/6 10995/11/6 11035/11/6
f 11034/5/6 11029/5/6 11035/5/6
f 11035/11/6 10995/11/6 11036/11/6
f 11036/11/6 10995/11/6 11037/11/6
f 11037/11/6 10995/11/6 11038/11/6
f 11038/11/6 10995/11/6 11039/11/6
f 11032/9/6 11033/9/6 11040/9/6
f 11030/11/6 11031/11/6 11040/11/6
f 11031/11/6 11032/11/6 11040/11/6
f 11033/11/6 11034/11/6 11041/11/6
f 11040/9/6 11033/9/6 11041/9/6
f 11034/11/6 11035/11/6 11041/11/6
f 11035/11/6 11036/11/6 11041/11/6
f 11036/5/6 11037/5/6 11042/5/6
f 11041/11/6 11036/11/6 11042/11/6
f 11037/11/6 11038/11/6 11043/11/6
f 11042/5/6 11037/5/6 11043/5/6
f 11038/7/6 11039/7/6 11044/7/6
f 11043/11/6 11038/11/6 11044/11/6
f 11039/11/6 10995/11/6 11045/11/6
f 11044/7/6 11039/7/6 11045/7/6
f 11030/11/6 11040/11/6 11046/11/6
f 11012/11/6 11030/11/6 11046/11/6
f 11044/11/6 11045/11/6 11046/11/6
f 11040/11/6 11041/11/6 11046/11/6
f 11041/11/6 11042/11/6 11046/11/6
f 11042/11/6 11043/11/6 11046/11/6
f 11043/11/6 11044/11/6 11046/11/6
f 11046/11/6 11045/11/6 11047/11/6
f 11012/11/6 11046/11/6 11048/11/6
f 11048/11/6 11046/11/6 11049/11/6
f 11046/6/6 11047/6/6 11050/6/6
f 11049/11/6 11046/11/6 11050/11/6
f 11047/11/6 11045/11/6 11051/11/6
f 11050/6/6 11047/6/6 11051/6/6
f 11051/11/6 11045/11/6 11052/11/6
f 11052/11/6 11045/11/6 11053/11/6
f 11053/11/6 11045/11/6 11054/11/6
f 11054/11/6 11045/11/6 11055/11/6
f 11048/5/6 11049/5/6 11056/5/6
f 11012/11/6 11048/11/6 11056/11/6
f 11049/11/6 11050/11/6 11057/11/6
f 11056/5/6 11049/5/6 11057/5/6
f 11050/11/6 11051/11/6 11057/11/6
f 11051/11/6 11052/11/6 11057/11/6
f 11052/7/6 11053/7/6 11058/7/6
f 11057/11/6 11052/11/6 11058/11/6
f 11053/11/6 11054/11/6 11059/11/6
f 11058/7/6 11053/7/6 11059/7/6
f 11054/9/6 11055/9/6 11060/9/6
f 11059/11/6 11054/11/6 11060/11/6
f 11055/11/6 11045/11/6 11061/11/6
f 11060/9/6 11055/9/6 11061/9/6
f 11012/11/6 11056/11/6 11062/11/6
f 11059/11/6 11060/11/6 11062/11/6
f 11060/11/6 11061/11/6 11062/11/6
f 11056/11/6 11057/11/6 11062/11/6
f 11057/11/6 11058/11/6 11062/11/6
f 11058/11/6 11059/11/6 11062/11/6
f 11062/11/6 11061/11/6 11063/11/6
f 11063/11/6 11061/11/6 11064/11/6
f 11064/11/6 11061/11/6 11065/11/6
f 11065/11/6 11061/11/6 11066/11/6
f 11066/11/6 11061/11/6 11067/11/6
f 11012/11/6 11062/11/6 11068/11/6
f 11068/11/6 11062/11/6 11069/11/6
f 11062/7/6 11063/7/6 11070/7/6
f 11069/11/6 11062/11/6 11070/11/6
f 11063/11/6 11064/11/6 11071/11/6
f 11070/7/6 11063/7/6 11071/7/6
f 11064/8/6 11065/8/6 11072/8/6
f 11071/11/6 11064/11/6 11072/11/6
f 11065/11/6 11066/11/6 11073/11/6
f 11072/8/6 11065/8/6 11073/8/6
f 11066/8/6 11067/8/6 11074/8/6
f 11073/11/6 11066/11/6 11074/11/6
f 11067/11/6 11061/11/6 11075/11/6
f 11074/8/6 11067/8/6 11075/8/6
f 11061/11/6 11045/11/6 11076/11/6
f 11075/11/6 11061/11/6 11076/11/6
f 11076/11/6 11045/11/6 11077/11/6
f 10846/11/6 10848/11/6 11078/11/6
f 10848/11/6 11012/11/6 11078/11/6
f 11012/11/6 11068/11/6 11078/11/6
f 11078/11/6 11068/11/6 11079/11/6
f 11068/8/6 11069/8/6 11080/8/6
f 11079/11/6 11068/11/6 11080/11/6
f 11074/11/6 11075/11/6 11081/11/6
f 11080/8/6 11069/8/6 11081/8/6
f 11073/11/6 11074/11/6 11081/11/6
f 11069/11/6 11070/11/6 11081/11/6
f 11075/11/6 11076/11/6 11081/11/6
f 11072/11/6 11073/11/6 11081/11/6
f 11071/11/6 11072/11/6 11081/11/6
f 11070/11/6 11071/11/6 11081/11/6
f 11076/10/6 11077/10/6 11082/10/6
f 11081/11/6 11076/11/6 11082/11/6
f 11077/11/6 11045/11/6 11083/11/6
f 11082/10/6 11077/10/6 11083/10/6
f 10846/11/6 11078/11/6 11084/11/6
f 11078/10/6 11079/10/6 11084/10/6
f 11081/11/6 11082/11/6 11085/11/6
f 11084/10/6 11079/10/6 11085/10/6
f 11080/11/6 11081/11/6 11085/11/6
f 11082/11/6 11083/11/6 11085/11/6
f 11079/11/6 11080/11/6 11085/11/6
f 11045/11/6 10995/11/6 11086/11/6
f 11085/11/6 11083/11/6 11086/11/6
f 10995/11/6 10991/11/6 11086/11/6
f 11083/11/6 11045/11/6 11086/11/6
f 11086/11/6 10991/11/6 11087/11/6
f 11084/11/6 11085/11/6 11088/11/6
f 11085/11/6 11086/11/6 11088/11/6
f 11088/11/6 11086/11/6 11089/11/6
f 11086/10/6 11087/10/6 11090/10/6
f 11089/11/6 11086/11/6 11090/11/6
f 11087/11/6 10991/11/6 11091/11/6
f 11090/10/6 11087/10/6 11091/10/6
f 11084/11/6 11088/11/6 11092/11/6
f 11092/11/6 11088/11/6 11093/11/6
f 11088/7/6 11089/7/6 11094/7/6
f 11093/11/6 11088/11/6 11094/11/6
f 11089/11/6 11090/11/6 11095/11/6
f 11094/7/6 11089/7/6 11095/7/6
f 11090/11/6 11091/11/6 11095/11/6
f 11092/10/6 11093/10/6 11096/10/6
f 11084/11/6 11092/11/6 11096/11/6
f 11093/11/6 11094/11/6 11097/11/6
f 11096/10/6 11093/10/6 11097/10/6
f 11094/11/6 11095/11/6 11097/11/6
f 11084/11/6 11096/11/6 11098/11/6
f 11096/11/6 11097/11/6 11098/11/6
f 11098/11/6 11097/11/6 11099/11/6
f 11099/11/6 11097/11/6 11100/11/6
f 11100/11/6 11097/11/6 11101/11/6
f 11097/11/6 11095/11/6 11102/11/6
f 11101/11/6 11097/11/6 11102/11/6
f 11095/11/6 11091/11/6 11102/11/6
f 11102/11/6 11091/11/6 11103/11/6
f 11084/11/6 11098/11/6 11104/11/6
f 11098/7/6 11099/7/6 11104/7/6
f 11099/11/6 11100/11/6 11105/11/6
f 11104/7/6 11099/7/6 11105/7/6
f 11105/11/6 11100/11/6 11106/11/6
f 11106/11/6 11100/11/6 11107/11/6
f 11100/7/6 11101/7/6 11108/7/6
f 11107/11/6 11100/11/6 11108/11/6
f 11101/11/6 11102/11/6 11109/11/6
f 11108/7/6 11101/7/6 11109/7/6
f 11109/11/6 11102/11/6 11110/11/6
f 11110/11/6 11102/11/6 11111/11/6
f 11102/5/6 11103/5/6 11112/5/6
f 11111/11/6 11102/11/6 11112/11/6
f 11103/11/6 11091/11/6 11113/11/6
f 11112/5/6 11103/5/6 11113/5/6
f 11084/11/6 11104/11/6 11114/11/6
f 11104/11/6 11105/11/6 11114/11/6
f 11105/11/6 11106/11/6 11114/11/6
f 11114/11/6 11106/11/6 11115/11/6
f 11106/10/6 11107/10/6 11116/10/6
f 11115/11/6 11106/11/6 11116/11/6
f 11107/11/6 11108/11/6 11117/11/6
f 11116/10/6 11107/10/6 11117/10/6
f 11109/11/6 11110/11/6 11117/11/6
f 11108/11/6 11109/11/6 11117/11/6
f 11117/11/6 11110/11/6 11118/11/6
f 11118/11/6 11110/11/6 11119/11/6
f 11119/11/6 11110/11/6 11120/11/6
f 11120/11/6 11110/11/6 11121/11/6
f 11110/10/6 11111/10/6 11122/10/6
f 11121/11/6 11110/11/6 11122/11/6
f 11111/11/6 11112/11/6 11123/11/6
f 11122/10/6 11111/10/6 11123/10/6
f 11112/11/6 11113/11/6 11123/11/6
f 11084/11/6 11114/11/6 11124/11/6
f 11124/11/6 11114/11/6 11125/11/6
f 11114/6/6 11115/6/6 11126/6/6
f 11125/11/6 11114/11/6 11126/11/6
f 11115/11/6 11116/11/6 11127/11/6
f 11126/6/6 11115/6/6 11127/6/6
f 11116/11/6 11117/11/6 11127/11/6
f 11117/11/6 11118/11/6 11127/11/6
f 11127/11/6 11118/11/6 11128/11/6
f 11128/11/6 11118/11/6 11129/11/6
f 11118/5/6 11119/5/6 11130/5/6
f 11129/11/6 11118/11/6 11130/11/6
f 11119/11/6 11120/11/6 11131/11/6
f 11130/5/6 11119/5/6 11131/5/6
f 11120/5/6 11121/5/6 11132/5/6
f 11131/11/6 11120/11/6 11132/11/6
f 11121/11/6 11122/11/6 11133/11/6
f 11132/5/6 11121/5/6 11133/5/6
f 11122/11/6 11123/11/6 11133/11/6
f 11124/8/6 11125/8/6 11134/8/6
f 11084/11/6 11124/11/6 11134/11/6
f 11125/11/6 11126/11/6 11135/11/6
f 11134/8/6 11125/8/6 11135/8/6
f 11127/11/6 11128/11/6 11135/11/6
f 11126/11/6 11127/11/6 11135/11/6
f 11128/8/6 11129/8/6 11136/8/6
f 11135/11/6 11128/11/6 11136/11/6
f 11131/11/6 11132/11/6 11137/11/6
f 11136/8/6 11129/8/6 11137/8/6
f 11130/11/6 11131/11/6 11137/11/6
f 11129/11/6 11130/11/6 11137/11/6
f 11132/11/6 11133/11/6 11137/11/6
f 11133/11/6 11123/11/6 11138/11/6
f 11137/11/6 11133/11/6 11138/11/6
f 11123/11/6 11113/11/6 11139/11/6
f 11138/11/6 11123/11/6 11139/11/6
f 11113/11/6 11091/11/6 11140/11/6
f 11139/11/6 11113/11/6 11140/11/6
f 11140/11/6 11091/11/6 11141/11/6
f 11136/11/6 11137/11/6 11142/11/6
f 11135/11/6 11136/11/6 11142/11/6
f 11134/11/6 11135/11/6 11142/11/6
f 11137/11/6 11138/11/6 11142/11/6
f 11142/11/6 11138/11/6 11143/11/6
f 11138/9/6 11139/9/6 11144/9/6
f 11143/11/6 11138/11/6 11144/11/6
f 11139/11/6 11140/11/6 11145/11/6
f 11144/9/6 11139/9/6 11145/9/6
f 11140/8/6 11141/8/6 11146/8/6
f 11145/11/6 11140/11/6 11146/11/6
f 11141/11/6 11091/11/6 11147/11/6
f 11146/8/6 11141/8/6 11147/8/6
f 11142/8/6 11143/8/6 11148/8/6
f 11134/11/6 11142/11/6 11148/11/6
f 11145/11/6 11146/11/6 11149/11/6
f 11148/8/6 11143/8/6 11149/8/6
f 11144/11/6 11145/11/6 11149/11/6
f 11146/11/6 11147/11/6 11149/11/6
f 11143/11/6 11144/11/6 11149/11/6
f 11149/11/6 11147/11/6 11150/11/6
f 11150/11/6 11147/11/6 11151/11/6
f 10846/11/6 11084/11/6 11152/11/6
f 11134/11/6 11148/11/6 11152/11/6
f 11084/11/6 11134/11/6 11152/11/6
f 11149/11/6 11150/11/6 11152/11/6
f 11148/11/6 11149/11/6 11152/11/6
f 11152/11/6 11150/11/6 11153/11/6
f 11150/8/6 11151/8/6 11154/8/6
f 11153/11/6 11150/11/6 11154/11/6
f 11151/11/6 11147/11/6 11155/11/6
f 11154/8/6 11151/8/6 11155/8/6
f 11152/8/6 11153/8/6 11156/8/6
f 10846/11/6 11152/11/6 11156/11/6
f 11153/11/6 11154/11/6 11157/11/6
f 11156/8/6 11153/8/6 11157/8/6
f 11154/11/6 11155/11/6 11157/11/6
f 11157/11/6 11155/11/6 11158/11/6
f 11158/11/6 11155/11/6 11159/11/6
f 11156/11/6 11157/11/6 11160/11/6
f 11157/11/6 11158/11/6 11160/11/6
f 11158/5/6 11159/5/6 11160/5/6
f 11159/11/6 11155/11/6 11161/11/6
f 11160/5/6 11159/5/6 11161/5/6
f 11161/11/6 11155/11/6 11162/11/6
f 11162/11/6 11155/11/6 11163/11/6
f 11160/11/6 11161/11/6 11164/11/6
f 11161/11/6 11162/11/6 11164/11/6
f 11162/8/6 11163/8/6 11164/8/6
f 11163/11/6 11155/11/6 11165/11/6
f 11164/8/6 11163/8/6 11165/8/6
f 11165/11/6 11155/11/6 11166/11/6
f 11166/11/6 11155/11/6 11167/11/6
f 11164/11/6 11165/11/6 11168/11/6
f 11165/11/6 11166/11/6 11168/11/6
f 11166/10/6 11167/10/6 11168/10/6
f 11167/11/6 11155/11/6 11169/11/6
f 11168/10/6 11167/10/6 11169/10/6
f 10846/11/6 11156/11/6 11170/11/6
f 11156/11/6 11160/11/6 11170/11/6
f 11168/11/6 11169/11/6 11170/11/6
f 11164/11/6 11168/11/6 11170/11/6
f 11160/11/6 11164/11/6 11170/11/6
f 11169/11/6 11155/11/6 11171/11/6
f 11170/11/6 11169/11/6 11171/11/6
f 11155/11/6 11147/11/6 11171/11/6
f 11091/11/6 10991/11/6 11171/11/6
f 11147/11/6 11091/11/6 11171/11/6
f 10983/11/6 10971/11/6 11171/11/6
f 10991/11/6 10983/11/6 11171/11/6
