# MagicaVoxel @ Ephtracy

# group
o 

# material
mtllib 5.mtl
usemtl palette

# normals
vn -1 0 0
vn 1 0 0
vn 0 0 1
vn 0 0 -1
vn 0 -1 0
vn 0 1 0

# texcoords
vt 0.0136719 0.5
vt 0.0566406 0.5
vt 0.0683594 0.5
vt 0.0800781 0.5
vt 0.662109 0.5
vt 0.669922 0.5
vt 0.677734 0.5
vt 0.724609 0.5
vt 0.732422 0.5
vt 0.740234 0.5
vt 0.818359 0.5

# verts
v -12.8 0 12.8
v -12.8 0 5.3
v -12.8 0 -12.8
v -12.8 0.1 -10.4
v -12.8 0.1 -12.8
v -12.8 0.2 5.3
v -12.8 0.2 5.2
v -12.8 0.2 -7.4
v -12.8 0.2 -10.4
v -12.8 0.3 -6.8
v -12.8 0.3 -7.4
v -12.8 0.4 -6.1
v -12.8 0.4 -6.8
v -12.8 0.5 -5
v -12.8 0.5 -6.1
v -12.8 0.6 5.2
v -12.8 0.6 5.1
v -12.8 0.6 -1.3
v -12.8 0.6 -1.4
v -12.8 0.6 -3.1
v -12.8 0.6 -5
v -12.8 0.7 -0.799999
v -12.8 0.7 -1.3
v -12.8 0.7 -1.4
v -12.8 0.7 -3.1
v -12.8 0.8 1.4
v -12.8 0.8 -0.799999
v -12.8 0.9 3.7
v -12.8 0.9 1.4
v -12.8 1 5.1
v -12.8 1 3.7
v -12.8 1.1 6.4
v -12.8 1.1 5.1
v -12.8 1.2 9.7
v -12.8 1.2 6.4
v -12.8 1.3 12.8
v -12.8 1.3 9.7
v -12.7 0.1 -10.4
v -12.7 0.1 -10.5
v -12.7 0.2 -10.4
v -12.7 0.2 -10.5
v -12.7 0.8 1.4
v -12.7 0.8 1.3
v -12.7 0.9 1.4
v -12.7 0.9 1.3
v -12.6 0.1 -10.5
v -12.6 0.1 -10.6
v -12.6 0.2 -7.4
v -12.6 0.2 -7.5
v -12.6 0.2 -10.5
v -12.6 0.2 -10.6
v -12.6 0.3 -6.8
v -12.6 0.3 -6.9
v -12.6 0.3 -7.4
v -12.6 0.3 -7.5
v -12.6 0.4 -6.8
v -12.6 0.4 -6.9
v -12.6 0.7 -0.799999
v -12.6 0.7 -0.9
v -12.6 0.8 -0.799999
v -12.6 0.8 -0.9
v -12.6 1.2 9.7
v -12.6 1.2 9.6
v -12.6 1.3 9.7
v -12.6 1.3 9.6
v -12.5 0.3 -6.9
v -12.5 0.3 -7
v -12.5 0.4 -6.9
v -12.5 0.4 -7
v -12.5 0.7 -0.9
v -12.5 0.7 -1
v -12.5 0.8 -0.9
v -12.5 0.8 -1
v -12.5 1 5.1
v -12.5 1 5
v -12.5 1.1 5.1
v -12.5 1.1 5
v -12.4 0.1 -10.6
v -12.4 0.1 -10.7
v -12.4 0.2 -10.6
v -12.4 0.2 -10.7
v -12.4 0.7 -1
v -12.4 0.7 -1.1
v -12.4 0.8 -1
v -12.4 0.8 -1.1
v -12.4 1.2 9.6
v -12.4 1.2 9.5
v -12.4 1.3 9.6
v -12.4 1.3 9.5
v -12.3 0.2 -7.5
v -12.3 0.2 -7.6
v -12.3 0.3 -7
v -12.3 0.3 -7.1
v -12.3 0.3 -7.5
v -12.3 0.3 -7.6
v -12.3 0.4 -7
v -12.3 0.4 -7.1
v -12.3 0.5 -5
v -12.3 0.5 -5.1
v -12.3 0.6 -5
v -12.3 0.6 -5.1
v -12.3 0.7 -1.1
v -12.3 0.7 -1.2
v -12.3 0.8 1.3
v -12.3 0.8 1.2
v -12.3 0.8 -1.1
v -12.3 0.8 -1.2
v -12.3 0.9 1.3
v -12.3 0.9 1.2
v -12.3 1.1 6.4
v -12.3 1.1 6.3
v -12.3 1.2 9.5
v -12.3 1.2 9.4
v -12.3 1.2 6.4
v -12.3 1.2 6.3
v -12.3 1.3 9.5
v -12.3 1.3 9.4
v -12.2 1 5
v -12.2 1 4.9
v -12.2 1.1 5
v -12.2 1.1 4.9
v -12.1 0.2 -7.6
v -12.1 0.2 -7.7
v -12.1 0.3 -7.6
v -12.1 0.3 -7.7
v -12.1 0.6 -3.1
v -12.1 0.6 -3.2
v -12.1 0.7 -1.2
v -12.1 0.7 -1.3
v -12.1 0.7 -3.1
v -12.1 0.7 -3.2
v -12.1 0.8 -1.2
v -12.1 0.8 -1.3
v -12.1 1.2 9.4
v -12.1 1.2 9.3
v -12.1 1.3 9.4
v -12.1 1.3 9.3
v -12 0.3 -7.1
v -12 0.3 -7.2
v -12 0.4 -6.1
v -12 0.4 -6.2
v -12 0.4 -7.1
v -12 0.4 -7.2
v -12 0.5 -6.1
v -12 0.5 -6.2
v -12 0.8 1.2
v -12 0.8 1.1
v -12 0.9 3.7
v -12 0.9 3.6
v -12 0.9 1.2
v -12 0.9 1.1
v -12 1 3.7
v -12 1 3.6
v -12 1.2 9.3
v -12 1.2 9.2
v -12 1.3 9.3
v -12 1.3 9.2
v -11.9 0.1 -10.7
v -11.9 0.1 -10.8
v -11.9 0.2 -7.7
v -11.9 0.2 -7.8
v -11.9 0.2 -10.7
v -11.9 0.2 -10.8
v -11.9 0.3 -7.7
v -11.9 0.3 -7.8
v -11.9 0.7 -1.3
v -11.9 0.7 -1.4
v -11.9 0.8 -1.3
v -11.9 0.8 -1.4
v -11.9 1 4.9
v -11.9 1 4.8
v -11.9 1.1 4.9
v -11.9 1.1 4.8
v -11.8 0.2 -7.8
v -11.8 0.2 -7.9
v -11.8 0.3 -7.8
v -11.8 0.3 -7.9
v -11.8 0.6 -3.2
v -11.8 0.6 -3.3
v -11.8 0.7 -1.4
v -11.8 0.7 -1.5
v -11.8 0.7 -3.2
v -11.8 0.7 -3.3
v -11.8 0.8 -1.4
v -11.8 0.8 -1.5
v -11.8 1.2 9.2
v -11.8 1.2 9.1
v -11.8 1.3 9.2
v -11.8 1.3 9.1
v -11.7 0.1 -10.8
v -11.7 0.1 -10.9
v -11.7 0.2 -7.9
v -11.7 0.2 -8
v -11.7 0.2 -10.8
v -11.7 0.2 -10.9
v -11.7 0.3 -7.2
v -11.7 0.3 -7.3
v -11.7 0.3 -7.9
v -11.7 0.3 -8
v -11.7 0.4 -7.2
v -11.7 0.4 -7.3
v -11.7 0.5 -5.1
v -11.7 0.5 -5.2
v -11.7 0.6 -5.1
v -11.7 0.6 -5.2
v -11.7 1.1 6.3
v -11.7 1.1 6.2
v -11.7 1.2 9.1
v -11.7 1.2 9
v -11.7 1.2 6.3
v -11.7 1.2 6.2
v -11.7 1.3 9.1
v -11.7 1.3 9
v -11.6 0.3 -7.3
v -11.6 0.3 -7.4
v -11.6 0.4 -6.2
v -11.6 0.4 -6.3
v -11.6 0.4 -7.3
v -11.6 0.4 -7.4
v -11.6 0.5 -6.2
v -11.6 0.5 -6.3
v -11.6 0.8 1.1
v -11.6 0.8 1
v -11.6 0.9 1.1
v -11.6 0.9 1
v -11.5 0.6 -3.3
v -11.5 0.6 -3.4
v -11.5 0.7 -1.5
v -11.5 0.7 -1.6
v -11.5 0.7 -3.3
v -11.5 0.7 -3.4
v -11.5 0.8 -1.5
v -11.5 0.8 -1.6
v -11.5 1.2 9
v -11.5 1.2 8.9
v -11.5 1.3 9
v -11.5 1.3 8.9
v -11.4 0.1 -10.9
v -11.4 0.1 -11
v -11.4 0.2 -8
v -11.4 0.2 -8.1
v -11.4 0.2 -10.9
v -11.4 0.2 -11
v -11.4 0.3 -7.4
v -11.4 0.3 -7.5
v -11.4 0.3 -8
v -11.4 0.3 -8.1
v -11.4 0.4 -7.4
v -11.4 0.4 -7.5
v -11.4 1.2 8.9
v -11.4 1.2 8.8
v -11.4 1.3 8.9
v -11.4 1.3 8.8
v -11.3 0.2 -8.1
v -11.3 0.2 -8.2
v -11.3 0.3 -8.1
v -11.3 0.3 -8.2
v -11.3 0.6 -3.4
v -11.3 0.6 -3.5
v -11.3 0.7 -1.6
v -11.3 0.7 -1.7
v -11.3 0.7 -3.4
v -11.3 0.7 -3.5
v -11.3 0.8 1
v -11.3 0.8 0.900001
v -11.3 0.8 -1.6
v -11.3 0.8 -1.7
v -11.3 0.9 1
v -11.3 0.9 0.900001
v -11.3 1 4.8
v -11.3 1 4.7
v -11.3 1.1 4.8
v -11.3 1.1 4.7
v -11.2 0.4 -6.3
v -11.2 0.4 -6.4
v -11.2 0.5 -6.3
v -11.2 0.5 -6.4
v -11.2 1.2 8.8
v -11.2 1.2 8.7
v -11.2 1.3 8.8
v -11.2 1.3 8.7
v -11.1 0.2 -8.2
v -11.1 0.2 -8.3
v -11.1 0.3 -8.2
v -11.1 0.3 -8.3
v -11.1 0.4 -6.4
v -11.1 0.4 -6.5
v -11.1 0.5 -5.2
v -11.1 0.5 -5.3
v -11.1 0.5 -6.4
v -11.1 0.5 -6.5
v -11.1 0.6 -3.5
v -11.1 0.6 -3.6
v -11.1 0.6 -5.2
v -11.1 0.6 -5.3
v -11.1 0.7 -1.7
v -11.1 0.7 -1.8
v -11.1 0.7 -3.5
v -11.1 0.7 -3.6
v -11.1 0.8 -1.7
v -11.1 0.8 -1.8
v -11.1 1.2 8.7
v -11.1 1.2 8.6
v -11.1 1.3 8.7
v -11.1 1.3 8.6
v -11 0.4 -6.5
v -11 0.4 -6.6
v -11 0.5 -6.5
v -11 0.5 -6.6
v -11 0.8 0.900001
v -11 0.8 0.8
v -11 0.9 3.6
v -11 0.9 3.5
v -11 0.9 0.900001
v -11 0.9 0.8
v -11 1 3.6
v -11 1 3.5
v -10.9 0.3 -7.5
v -10.9 0.3 -7.6
v -10.9 0.4 -6.6
v -10.9 0.4 -6.7
v -10.9 0.4 -7.5
v -10.9 0.4 -7.6
v -10.9 0.5 -6.6
v -10.9 0.5 -6.7
v -10.9 1.2 8.6
v -10.9 1.2 8.5
v -10.9 1.3 8.6
v -10.9 1.3 8.5
v -10.8 0.1 -11
v -10.8 0.1 -11.1
v -10.8 0.2 -8.3
v -10.8 0.2 -8.4
v -10.8 0.2 -11
v -10.8 0.2 -11.1
v -10.8 0.3 -8.3
v -10.8 0.3 -8.4
v -10.8 0.4 -6.7
v -10.8 0.4 -6.8
v -10.8 0.5 -6.7
v -10.8 0.5 -6.8
v -10.8 1.2 8.5
v -10.8 1.2 8.4
v -10.8 1.3 8.5
v -10.8 1.3 8.4
v -10.7 0.6 -3.6
v -10.7 0.6 -3.7
v -10.7 0.7 -3.6
v -10.7 0.7 -3.7
v -10.7 1.1 6.2
v -10.7 1.1 6.1
v -10.7 1.2 8.4
v -10.7 1.2 8.3
v -10.7 1.2 6.2
v -10.7 1.2 6.1
v -10.7 1.3 8.4
v -10.7 1.3 8.3
v -10.6 0.4 -6.8
v -10.6 0.4 -6.9
v -10.6 0.5 -6.8
v -10.6 0.5 -6.9
v -10.6 0.6 -3.7
v -10.6 0.6 -3.8
v -10.6 0.7 -1.8
v -10.6 0.7 -1.9
v -10.6 0.7 -3.7
v -10.6 0.7 -3.8
v -10.6 0.8 -1.8
v -10.6 0.8 -1.9
v -10.6 1 4.7
v -10.6 1 4.6
v -10.6 1.1 4.7
v -10.6 1.1 4.6
v -10.6 1.2 8.3
v -10.6 1.2 8.2
v -10.6 1.3 8.3
v -10.6 1.3 8.2
v -10.5 0.2 -8.4
v -10.5 0.2 -8.5
v -10.5 0.3 -8.4
v -10.5 0.3 -8.5
v -10.5 0.9 3.5
v -10.5 0.9 3.4
v -10.5 1 3.5
v -10.5 1 3.4
v -10.4 0.1 -11
v -10.4 0.1 -11.1
v -10.4 0.2 -8.5
v -10.4 0.2 -8.6
v -10.4 0.2 -11
v -10.4 0.2 -11.1
v -10.4 0.3 -8.5
v -10.4 0.3 -8.6
v -10.4 0.4 -6.9
v -10.4 0.4 -7
v -10.4 0.5 -6.9
v -10.4 0.5 -7
v -10.4 0.6 -3.8
v -10.4 0.6 -3.9
v -10.4 0.7 -3.8
v -10.4 0.7 -3.9
v -10.4 0.8 0.8
v -10.4 0.8 0.700001
v -10.4 0.9 0.8
v -10.4 0.9 0.700001
v -10.4 1.2 8.2
v -10.4 1.2 8.1
v -10.4 1.3 8.2
v -10.4 1.3 8.1
v -10.2 0.2 -8.6
v -10.2 0.2 -8.7
v -10.2 0.3 -8.6
v -10.2 0.3 -8.7
v -10.2 0.5 -5.3
v -10.2 0.5 -5.4
v -10.2 0.6 -5.3
v -10.2 0.6 -5.4
v -10.2 1 4.6
v -10.2 1 4.5
v -10.2 1.1 4.6
v -10.2 1.1 4.5
v -10.2 1.2 8.1
v -10.2 1.2 8
v -10.2 1.3 8.1
v -10.2 1.3 8
v -10.1 0.1 -11.1
v -10.1 0.1 -11.2
v -10.1 0.2 -11.1
v -10.1 0.2 -11.2
v -10.1 0.3 -7.6
v -10.1 0.3 -7.7
v -10.1 0.4 -7
v -10.1 0.4 -7.1
v -10.1 0.4 -7.6
v -10.1 0.4 -7.7
v -10.1 0.5 -5.4
v -10.1 0.5 -5.5
v -10.1 0.5 -7
v -10.1 0.5 -7.1
v -10.1 0.6 -3.9
v -10.1 0.6 -4
v -10.1 0.6 -5.4
v -10.1 0.6 -5.5
v -10.1 0.7 -3.9
v -10.1 0.7 -4
v -10.1 1.2 8
v -10.1 1.2 7.9
v -10.1 1.3 8
v -10.1 1.3 7.9
v -10 0.1 -11.2
v -10 0.1 -11.3
v -10 0.2 -11.2
v -10 0.2 -11.3
v -10 1.1 6.1
v -10 1.1 6
v -10 1.2 6.1
v -10 1.2 6
v -9.9 0.2 -8.7
v -9.9 0.2 -8.8
v -9.9 0.3 -7.7
v -9.9 0.3 -7.8
v -9.9 0.3 -8.7
v -9.9 0.3 -8.8
v -9.9 0.4 -7.7
v -9.9 0.4 -7.8
v -9.9 0.6 -4
v -9.9 0.6 -4.1
v -9.9 0.7 -4
v -9.9 0.7 -4.1
v -9.9 0.9 3.4
v -9.9 0.9 3.3
v -9.9 1 3.4
v -9.9 1 3.3
v -9.9 1.2 7.9
v -9.9 1.2 7.8
v -9.9 1.3 7.9
v -9.9 1.3 7.8
v -9.8 0.1 -11.3
v -9.8 0.1 -11.4
v -9.8 0.2 -11.3
v -9.8 0.2 -11.4
v -9.8 0.4 -7.1
v -9.8 0.4 -7.2
v -9.8 0.5 -5.5
v -9.8 0.5 -5.6
v -9.8 0.5 -7.1
v -9.8 0.5 -7.2
v -9.8 0.6 -5.5
v -9.8 0.6 -5.6
v -9.8 0.7 -1.9
v -9.8 0.7 -2
v -9.8 0.8 0.700001
v -9.8 0.8 0.6
v -9.8 0.8 -1.9
v -9.8 0.8 -2
v -9.8 0.9 0.700001
v -9.8 0.9 0.6
v -9.7 0.2 -8.8
v -9.7 0.2 -8.9
v -9.7 0.3 -8.8
v -9.7 0.3 -8.9
v -9.7 1 4.5
v -9.7 1 4.4
v -9.7 1.1 6
v -9.7 1.1 5.9
v -9.7 1.1 4.5
v -9.7 1.1 4.4
v -9.7 1.2 7.8
v -9.7 1.2 7.7
v -9.7 1.2 6
v -9.7 1.2 5.9
v -9.7 1.3 7.8
v -9.7 1.3 7.7
v -9.6 0.2 -8.9
v -9.6 0.2 -9
v -9.6 0.3 -8.9
v -9.6 0.3 -9
v -9.6 0.6 -4.1
v -9.6 0.6 -4.2
v -9.6 0.7 -4.1
v -9.6 0.7 -4.2
v -9.5 0.3 -7.8
v -9.5 0.3 -7.9
v -9.5 0.4 -7.2
v -9.5 0.4 -7.3
v -9.5 0.4 -7.8
v -9.5 0.4 -7.9
v -9.5 0.5 -7.2
v -9.5 0.5 -7.3
v -9.5 1.1 5.9
v -9.5 1.1 5.8
v -9.5 1.2 7.7
v -9.5 1.2 7.6
v -9.5 1.2 5.9
v -9.5 1.2 5.8
v -9.5 1.3 7.7
v -9.5 1.3 7.6
v -9.4 0.1 -11.4
v -9.4 0.1 -11.5
v -9.4 0.2 -11.4
v -9.4 0.2 -11.5
v -9.4 0.5 -5.6
v -9.4 0.5 -5.7
v -9.4 0.6 -5.6
v -9.4 0.6 -5.7
v -9.4 0.8 0.6
v -9.4 0.8 0.5
v -9.4 0.9 0.6
v -9.4 0.9 0.5
v -9.4 1 4.4
v -9.4 1 4.3
v -9.4 1.1 4.4
v -9.4 1.1 4.3
v -9.3 0.1 -11.5
v -9.3 0.1 -11.6
v -9.3 0.2 -9
v -9.3 0.2 -9.1
v -9.3 0.2 -11.5
v -9.3 0.2 -11.6
v -9.3 0.3 -7.9
v -9.3 0.3 -8
v -9.3 0.3 -9
v -9.3 0.3 -9.1
v -9.3 0.4 -7.3
v -9.3 0.4 -7.4
v -9.3 0.4 -7.9
v -9.3 0.4 -8
v -9.3 0.5 -7.3
v -9.3 0.5 -7.4
v -9.3 0.6 -4.2
v -9.3 0.6 -4.3
v -9.3 0.7 -4.2
v -9.3 0.7 -4.3
v -9.3 0.9 3.3
v -9.3 0.9 3.2
v -9.3 1 3.3
v -9.3 1 3.2
v -9.3 1.2 7.6
v -9.3 1.2 7.5
v -9.3 1.3 7.6
v -9.3 1.3 7.5
v -9.2 0.1 -11.6
v -9.2 0.1 -11.7
v -9.2 0.2 -11.6
v -9.2 0.2 -11.7
v -9.1 0.1 -11.7
v -9.1 0.1 -11.8
v -9.1 0.2 -9.1
v -9.1 0.2 -9.2
v -9.1 0.2 -11.7
v -9.1 0.2 -11.8
v -9.1 0.3 -8
v -9.1 0.3 -8.1
v -9.1 0.3 -9.1
v -9.1 0.3 -9.2
v -9.1 0.4 -7.4
v -9.1 0.4 -7.5
v -9.1 0.4 -8
v -9.1 0.4 -8.1
v -9.1 0.5 -5.7
v -9.1 0.5 -5.8
v -9.1 0.5 -7.4
v -9.1 0.5 -7.5
v -9.1 0.6 -4.3
v -9.1 0.6 -4.4
v -9.1 0.6 -5.7
v -9.1 0.6 -5.8
v -9.1 0.7 -4.3
v -9.1 0.7 -4.4
v -9.1 1 4.3
v -9.1 1 4.2
v -9.1 1.1 4.3
v -9.1 1.1 4.2
v -9.1 1.2 7.5
v -9.1 1.2 7.4
v -9.1 1.3 7.5
v -9.1 1.3 7.4
v -9 0.1 -11.8
v -9 0.1 -12
v -9 0.2 -9.2
v -9 0.2 -9.3
v -9 0.2 -11.8
v -9 0.2 -12
v -9 0.3 -9.2
v -9 0.3 -9.3
v -9 0.8 0.5
v -9 0.8 0.400001
v -9 0.9 3.2
v -9 0.9 3.1
v -9 0.9 0.5
v -9 0.9 0.400001
v -9 1 3.2
v -9 1 3.1
v -8.9 0.6 -4.4
v -8.9 0.6 -4.5
v -8.9 0.7 -2
v -8.9 0.7 -2.1
v -8.9 0.7 -4.4
v -8.9 0.7 -4.5
v -8.9 0.8 -2
v -8.9 0.8 -2.1
v -8.9 1 4.2
v -8.9 1 4.1
v -8.9 1.1 5.8
v -8.9 1.1 5.7
v -8.9 1.1 4.2
v -8.9 1.1 4.1
v -8.9 1.2 7.4
v -8.9 1.2 7.3
v -8.9 1.2 5.8
v -8.9 1.2 5.7
v -8.9 1.3 7.4
v -8.9 1.3 7.3
v -8.8 0.1 -12
v -8.8 0.1 -12.1
v -8.8 0.2 -9.3
v -8.8 0.2 -9.4
v -8.8 0.2 -12
v -8.8 0.2 -12.1
v -8.8 0.3 -8.1
v -8.8 0.3 -8.2
v -8.8 0.3 -9.3
v -8.8 0.3 -9.4
v -8.8 0.4 -7.5
v -8.8 0.4 -7.6
v -8.8 0.4 -8.1
v -8.8 0.4 -8.2
v -8.8 0.5 -5.8
v -8.8 0.5 -5.9
v -8.8 0.5 -7.5
v -8.8 0.5 -7.6
v -8.8 0.6 -5.8
v -8.8 0.6 -5.9
v -8.7 0.1 -12.1
v -8.7 0.1 -12.2
v -8.7 0.2 -12.1
v -8.7 0.2 -12.2
v -8.7 0.6 -4.5
v -8.7 0.6 -4.6
v -8.7 0.7 -4.5
v -8.7 0.7 -4.6
v -8.7 1 4.1
v -8.7 1 4
v -8.7 1.1 4.1
v -8.7 1.1 4
v -8.7 1.2 7.3
v -8.7 1.2 7.2
v -8.7 1.3 7.3
v -8.7 1.3 7.2
v -8.6 0.2 -9.4
v -8.6 0.2 -9.5
v -8.6 0.3 -8.2
v -8.6 0.3 -8.3
v -8.6 0.3 -9.4
v -8.6 0.3 -9.5
v -8.6 0.4 -7.6
v -8.6 0.4 -7.7
v -8.6 0.4 -8.2
v -8.6 0.4 -8.3
v -8.6 0.5 -7.6
v -8.6 0.5 -7.7
v -8.6 0.8 0.400001
v -8.6 0.8 0.3
v -8.6 0.9 3.1
v -8.6 0.9 3
v -8.6 0.9 0.400001
v -8.6 0.9 0.3
v -8.6 1 3.1
v -8.6 1 3
v -8.5 0.1 -12.2
v -8.5 0.1 -12.3
v -8.5 0.2 -9.5
v -8.5 0.2 -9.6
v -8.5 0.2 -12.2
v -8.5 0.2 -12.3
v -8.5 0.3 -8.3
v -8.5 0.3 -8.4
v -8.5 0.3 -9.5
v -8.5 0.3 -9.6
v -8.5 0.4 -8.3
v -8.5 0.4 -8.4
v -8.5 0.5 -5.9
v -8.5 0.5 -6
v -8.5 0.6 -4.6
v -8.5 0.6 -4.7
v -8.5 0.6 -5.9
v -8.5 0.6 -6
v -8.5 0.7 -4.6
v -8.5 0.7 -4.7
v -8.5 1.1 5.7
v -8.5 1.1 5.6
v -8.5 1.2 7.2
v -8.5 1.2 7.1
v -8.5 1.2 5.7
v -8.5 1.2 5.6
v -8.5 1.3 7.2
v -8.5 1.3 7.1
v -8.4 0.3 -8.4
v -8.4 0.3 -8.5
v -8.4 0.4 -8.4
v -8.4 0.4 -8.5
v -8.4 0.9 3
v -8.4 0.9 2.9
v -8.4 1 4
v -8.4 1 3.9
v -8.4 1 3
v -8.4 1 2.9
v -8.4 1.1 4
v -8.4 1.1 3.9
v -8.4 1.2 7.1
v -8.4 1.2 7
v -8.4 1.3 7.1
v -8.4 1.3 7
v -8.3 0.2 -9.6
v -8.3 0.2 -9.7
v -8.3 0.3 -8.5
v -8.3 0.3 -8.6
v -8.3 0.3 -9.6
v -8.3 0.3 -9.7
v -8.3 0.4 -7.7
v -8.3 0.4 -7.8
v -8.3 0.4 -8.5
v -8.3 0.4 -8.6
v -8.3 0.5 -7.7
v -8.3 0.5 -7.8
v -8.3 0.6 -4.7
v -8.3 0.6 -4.8
v -8.3 0.7 -4.7
v -8.3 0.7 -4.8
v -8.3 0.9 2.9
v -8.3 0.9 2.8
v -8.3 1 2.9
v -8.3 1 2.8
v -8.2 0.1 -12.3
v -8.2 0.1 -12.4
v -8.2 0.2 -9.7
v -8.2 0.2 -9.8
v -8.2 0.2 -12.3
v -8.2 0.2 -12.4
v -8.2 0.3 -8.6
v -8.2 0.3 -8.7
v -8.2 0.3 -9.7
v -8.2 0.3 -9.8
v -8.2 0.4 -8.6
v -8.2 0.4 -8.7
v -8.2 0.5 -6
v -8.2 0.5 -6.1
v -8.2 0.6 -6
v -8.2 0.6 -6.1
v -8.2 0.7 -2.1
v -8.2 0.7 -2.2
v -8.2 0.8 0.3
v -8.2 0.8 0.200001
v -8.2 0.8 -2.1
v -8.2 0.8 -2.2
v -8.2 0.9 0.3
v -8.2 0.9 0.200001
v -8.2 1 3.9
v -8.2 1 3.8
v -8.2 1.1 5.6
v -8.2 1.1 5.5
v -8.2 1.1 3.9
v -8.2 1.1 3.8
v -8.2 1.2 7
v -8.2 1.2 6.9
v -8.2 1.2 5.6
v -8.2 1.2 5.5
v -8.2 1.3 7
v -8.2 1.3 6.9
v -8.1 0.1 -12.4
v -8.1 0.1 -12.5
v -8.1 0.2 -9.8
v -8.1 0.2 -9.9
v -8.1 0.2 -12.4
v -8.1 0.2 -12.5
v -8.1 0.3 -8.7
v -8.1 0.3 -8.8
v -8.1 0.3 -9.8
v -8.1 0.3 -9.9
v -8.1 0.4 -8.7
v -8.1 0.4 -8.8
v -8.1 0.9 2.8
v -8.1 0.9 2.7
v -8.1 1 2.8
v -8.1 1 2.7
v -8.1 1.2 6.9
v -8.1 1.2 6.7
v -8.1 1.3 6.9
v -8.1 1.3 6.7
v -8 0.3 -8.8
v -8 0.3 -8.9
v -8 0.4 -8.8
v -8 0.4 -8.9
v -8 0.5 -6.1
v -8 0.5 -6.2
v -8 0.6 -4.8
v -8 0.6 -4.9
v -8 0.6 -6.1
v -8 0.6 -6.2
v -8 0.7 -4.8
v -8 0.7 -4.9
v -7.9 0.1 -12.5
v -7.9 0.1 -12.6
v -7.9 0.2 -9.9
v -7.9 0.2 -10
v -7.9 0.2 -12.5
v -7.9 0.2 -12.6
v -7.9 0.3 -8.9
v -7.9 0.3 -9
v -7.9 0.3 -9.9
v -7.9 0.3 -10
v -7.9 0.4 -8.9
v -7.9 0.4 -9
v -7.9 1 3.8
v -7.9 1 3.7
v -7.9 1.1 5.5
v -7.9 1.1 5.4
v -7.9 1.1 3.8
v -7.9 1.1 3.7
v -7.9 1.2 6.7
v -7.9 1.2 6.6
v -7.9 1.2 5.5
v -7.9 1.2 5.4
v -7.9 1.3 6.7
v -7.9 1.3 6.6
v -7.8 0.2 -10
v -7.8 0.2 -10.1
v -7.8 0.3 -9
v -7.8 0.3 -9.1
v -7.8 0.3 -10
v -7.8 0.3 -10.1
v -7.8 0.4 -7.8
v -7.8 0.4 -7.9
v -7.8 0.4 -9
v -7.8 0.4 -9.1
v -7.8 0.5 -7.8
v -7.8 0.5 -7.9
v -7.8 0.6 -4.9
v -7.8 0.6 -5
v -7.8 0.7 -4.9
v -7.8 0.7 -5
v -7.8 0.8 0.200001
v -7.8 0.8 0.1
v -7.8 0.9 0.200001
v -7.8 0.9 0.1
v -7.8 1.2 6.6
v -7.8 1.2 6.5
v -7.8 1.3 12
v -7.8 1.3 11.4
v -7.8 1.3 6.6
v -7.8 1.3 6.5
v -7.8 1.4 12
v -7.8 1.4 11.4
v -7.7 0.2 -10.1
v -7.7 0.2 -10.2
v -7.7 0.3 -9.1
v -7.7 0.3 -9.2
v -7.7 0.3 -10.1
v -7.7 0.3 -10.2
v -7.7 0.4 -9.1
v -7.7 0.4 -9.2
v -7.7 0.5 -6.2
v -7.7 0.5 -6.3
v -7.7 0.6 -6.2
v -7.7 0.6 -6.3
v -7.7 0.9 2.7
v -7.7 0.9 2.6
v -7.7 1 2.7
v -7.7 1 2.6
v -7.7 1.2 6.5
v -7.7 1.2 6.4
v -7.7 1.3 12.4
v -7.7 1.3 12
v -7.7 1.3 11.4
v -7.7 1.3 11.3
v -7.7 1.3 11.2
v -7.7 1.3 11.1
v -7.7 1.3 6.5
v -7.7 1.3 6.4
v -7.7 1.4 12.4
v -7.7 1.4 12
v -7.7 1.4 11.4
v -7.7 1.4 11.3
v -7.7 1.4 11.2
v -7.7 1.4 11.1
v -7.6 0.2 -10.2
v -7.6 0.2 -10.3
v -7.6 0.3 -10.2
v -7.6 0.3 -10.3
v -7.6 0.4 -7.9
v -7.6 0.4 -8
v -7.6 0.5 -7.9
v -7.6 0.5 -8
v -7.6 0.8 0.1
v -7.6 0.8 0
v -7.6 0.9 0.1
v -7.6 0.9 0
v -7.6 1.1 5.4
v -7.6 1.1 5.3
v -7.6 1.2 5.4
v -7.6 1.2 5.3
v -7.6 1.3 12.8
v -7.6 1.3 12.4
v -7.6 1.3 11.1
v -7.6 1.3 10.9
v -7.6 1.4 12.8
v -7.6 1.4 12.4
v -7.6 1.4 11.1
v -7.6 1.4 10.9
v -7.5 0.3 -9.2
v -7.5 0.3 -9.3
v -7.5 0.4 -8
v -7.5 0.4 -8.1
v -7.5 0.4 -9.2
v -7.5 0.4 -9.3
v -7.5 0.5 -6.3
v -7.5 0.5 -6.4
v -7.5 0.5 -8
v -7.5 0.5 -8.1
v -7.5 0.6 -5
v -7.5 0.6 -5.1
v -7.5 0.6 -6.3
v -7.5 0.6 -6.4
v -7.5 0.7 -2.2
v -7.5 0.7 -2.3
v -7.5 0.7 -5
v -7.5 0.7 -5.1
v -7.5 0.8 -2.2
v -7.5 0.8 -2.3
v -7.5 0.9 2.6
v -7.5 0.9 2.5
v -7.5 1 2.6
v -7.5 1 2.5
v -7.5 1.2 6.4
v -7.5 1.2 6.3
v -7.5 1.3 10.9
v -7.5 1.3 10.8
v -7.5 1.3 6.4
v -7.5 1.3 6.3
v -7.5 1.4 10.9
v -7.5 1.4 10.8
v -7.4 0.2 -10.3
v -7.4 0.2 -10.4
v -7.4 0.3 -10.3
v -7.4 0.3 -10.4
v -7.4 0.9 2.5
v -7.4 0.9 2.4
v -7.4 1 3.7
v -7.4 1 3.6
v -7.4 1 2.5
v -7.4 1 2.4
v -7.4 1.1 5.3
v -7.4 1.1 5.2
v -7.4 1.1 3.7
v -7.4 1.1 3.6
v -7.4 1.2 5.3
v -7.4 1.2 5.2
v -7.4 1.3 10.8
v -7.4 1.3 10.7
v -7.4 1.4 10.8
v -7.4 1.4 10.7
v -7.3 0.1 -12.5
v -7.3 0.1 -12.6
v -7.3 0.2 -10.4
v -7.3 0.2 -10.5
v -7.3 0.2 -12.5
v -7.3 0.2 -12.6
v -7.3 0.3 -9.3
v -7.3 0.3 -9.4
v -7.3 0.3 -10.4
v -7.3 0.3 -10.5
v -7.3 0.4 -9.3
v -7.3 0.4 -9.4
v -7.3 0.5 -6.4
v -7.3 0.5 -6.5
v -7.3 0.6 -5.1
v -7.3 0.6 -5.2
v -7.3 0.6 -6.4
v -7.3 0.6 -6.5
v -7.3 0.7 -5.1
v -7.3 0.7 -5.2
v -7.3 0.8 0
v -7.3 0.8 -0.0999994
v -7.3 0.9 0
v -7.3 0.9 -0.0999994
v -7.3 1.2 6.3
v -7.3 1.2 6.2
v -7.3 1.3 10.7
v -7.3 1.3 10.6
v -7.3 1.3 6.3
v -7.3 1.3 6.2
v -7.3 1.4 10.7
v -7.3 1.4 10.6
v -7.2 0.1 -12.6
v -7.2 0.1 -12.7
v -7.2 0.2 -10.5
v -7.2 0.2 -10.7
v -7.2 0.2 -12.6
v -7.2 0.2 -12.7
v -7.2 0.3 -10.5
v -7.2 0.3 -10.7
v -7.2 0.9 2.4
v -7.2 0.9 2.3
v -7.2 1 2.4
v -7.2 1 2.3
v -7.2 1.1 5.2
v -7.2 1.1 5.1
v -7.2 1.2 5.2
v -7.2 1.2 5.1
v -7.2 1.3 10.6
v -7.2 1.3 10.5
v -7.2 1.4 10.6
v -7.2 1.4 10.5
v -7.1 0.1 -12.7
v -7.1 0.1 -12.8
v -7.1 0.2 -10.7
v -7.1 0.2 -10.8
v -7.1 0.2 -12.7
v -7.1 0.2 -12.8
v -7.1 0.3 -9.4
v -7.1 0.3 -9.5
v -7.1 0.3 -10.7
v -7.1 0.3 -10.8
v -7.1 0.4 -9.4
v -7.1 0.4 -9.5
v -7.1 0.5 -6.5
v -7.1 0.5 -6.6
v -7.1 0.6 -5.2
v -7.1 0.6 -5.3
v -7.1 0.6 -6.5
v -7.1 0.6 -6.6
v -7.1 0.7 -5.2
v -7.1 0.7 -5.3
v -7.1 0.9 2.3
v -7.1 0.9 2.2
v -7.1 1 2.3
v -7.1 1 2.2
v -7.1 1.2 6.2
v -7.1 1.2 6.1
v -7.1 1.3 10.5
v -7.1 1.3 10.4
v -7.1 1.3 6.2
v -7.1 1.3 6.1
v -7.1 1.4 10.5
v -7.1 1.4 10.4
v -7 0.2 -10.8
v -7 0.2 -10.9
v -7 0.3 -9.5
v -7 0.3 -9.6
v -7 0.3 -10.8
v -7 0.3 -10.9
v -7 0.4 -8.1
v -7 0.4 -8.2
v -7 0.4 -9.5
v -7 0.4 -9.6
v -7 0.5 -6.6
v -7 0.5 -6.7
v -7 0.5 -8.1
v -7 0.5 -8.2
v -7 0.6 -6.6
v -7 0.6 -6.7
v -7 0.8 -0.0999994
v -7 0.8 -0.2
v -7 0.9 -0.0999994
v -7 0.9 -0.2
v -7 1.1 5.1
v -7 1.1 5
v -7 1.2 6.1
v -7 1.2 6
v -7 1.2 5.1
v -7 1.2 5
v -7 1.3 10.4
v -7 1.3 10.3
v -7 1.3 6.1
v -7 1.3 6
v -7 1.4 10.4
v -7 1.4 10.3
v -6.9 0.9 2.2
v -6.9 0.9 2.1
v -6.9 1 3.6
v -6.9 1 3.5
v -6.9 1 2.2
v -6.9 1 2.1
v -6.9 1.1 3.6
v -6.9 1.1 3.5
v -6.8 0.2 -10.9
v -6.8 0.2 -11
v -6.8 0.3 -9.6
v -6.8 0.3 -9.7
v -6.8 0.3 -10.9
v -6.8 0.3 -11
v -6.8 0.4 -9.6
v -6.8 0.4 -9.7
v -6.8 0.5 -6.7
v -6.8 0.5 -6.8
v -6.8 0.6 -5.3
v -6.8 0.6 -5.4
v -6.8 0.6 -6.7
v -6.8 0.6 -6.8
v -6.8 0.7 -2.3
v -6.8 0.7 -2.4
v -6.8 0.7 -5.3
v -6.8 0.7 -5.4
v -6.8 0.8 -0.2
v -6.8 0.8 -0.299999
v -6.8 0.8 -2.3
v -6.8 0.8 -2.4
v -6.8 0.9 -0.2
v -6.8 0.9 -0.299999
v -6.8 1.1 5
v -6.8 1.1 4.9
v -6.8 1.2 5
v -6.8 1.2 4.9
v -6.8 1.3 10.3
v -6.8 1.3 10.2
v -6.8 1.4 10.3
v -6.8 1.4 10.2
v -6.7 0.5 -6.8
v -6.7 0.5 -6.9
v -6.7 0.6 -6.8
v -6.7 0.6 -6.9
v -6.7 0.9 2.1
v -6.7 0.9 2
v -6.7 1 3.5
v -6.7 1 3.4
v -6.7 1 2.1
v -6.7 1 2
v -6.7 1.1 3.5
v -6.7 1.1 3.4
v -6.7 1.2 6
v -6.7 1.2 5.9
v -6.7 1.3 10.2
v -6.7 1.3 10.1
v -6.7 1.3 6
v -6.7 1.3 5.9
v -6.7 1.4 10.2
v -6.7 1.4 10.1
v -6.6 0.2 -11
v -6.6 0.2 -11.1
v -6.6 0.3 -11
v -6.6 0.3 -11.1
v -6.6 0.7 -2.4
v -6.6 0.7 -2.5
v -6.6 0.8 -0.299999
v -6.6 0.8 -0.4
v -6.6 0.8 -2.4
v -6.6 0.8 -2.5
v -6.6 0.9 -0.299999
v -6.6 0.9 -0.4
v -6.6 1.1 4.9
v -6.6 1.1 4.8
v -6.6 1.2 4.9
v -6.6 1.2 4.8
v -6.6 1.3 10.1
v -6.6 1.3 10
v -6.6 1.4 10.1
v -6.6 1.4 10
v -6.5 0.2 -11.1
v -6.5 0.2 -11.2
v -6.5 0.3 -9.7
v -6.5 0.3 -9.8
v -6.5 0.3 -11.1
v -6.5 0.3 -11.2
v -6.5 0.4 -8.2
v -6.5 0.4 -8.3
v -6.5 0.4 -9.7
v -6.5 0.4 -9.8
v -6.5 0.5 -6.9
v -6.5 0.5 -7
v -6.5 0.5 -8.2
v -6.5 0.5 -8.3
v -6.5 0.6 -5.4
v -6.5 0.6 -5.5
v -6.5 0.6 -6.9
v -6.5 0.6 -7
v -6.5 0.7 -5.4
v -6.5 0.7 -5.5
v -6.5 0.9 2
v -6.5 0.9 1.9
v -6.5 1 3.4
v -6.5 1 3.3
v -6.5 1 2
v -6.5 1 1.9
v -6.5 1.1 3.4
v -6.5 1.1 3.3
v -6.5 1.2 5.9
v -6.5 1.2 5.8
v -6.5 1.3 10
v -6.5 1.3 9.9
v -6.5 1.3 5.9
v -6.5 1.3 5.8
v -6.5 1.4 10
v -6.5 1.4 9.9
v -6.4 0.2 -11.2
v -6.4 0.2 -11.3
v -6.4 0.3 -11.2
v -6.4 0.3 -11.3
v -6.4 0.8 -0.4
v -6.4 0.8 -0.5
v -6.4 0.9 1.9
v -6.4 0.9 1.8
v -6.4 0.9 -0.4
v -6.4 0.9 -0.5
v -6.4 1 3.3
v -6.4 1 3.2
v -6.4 1 1.9
v -6.4 1 1.8
v -6.4 1.1 4.8
v -6.4 1.1 4.7
v -6.4 1.1 3.3
v -6.4 1.1 3.2
v -6.4 1.2 4.8
v -6.4 1.2 4.7
v -6.4 1.3 9.9
v -6.4 1.3 9.8
v -6.4 1.4 9.9
v -6.4 1.4 9.8
v -6.3 0.2 -11.3
v -6.3 0.2 -11.4
v -6.3 0.3 -9.8
v -6.3 0.3 -9.9
v -6.3 0.3 -11.3
v -6.3 0.3 -11.4
v -6.3 0.4 -9.8
v -6.3 0.4 -9.9
v -6.3 0.5 -7
v -6.3 0.5 -7.1
v -6.3 0.6 -5.5
v -6.3 0.6 -5.6
v -6.3 0.6 -7
v -6.3 0.6 -7.1
v -6.3 0.7 -2.5
v -6.3 0.7 -2.6
v -6.3 0.7 -5.5
v -6.3 0.7 -5.6
v -6.3 0.8 -2.5
v -6.3 0.8 -2.6
v -6.3 1.1 4.7
v -6.3 1.1 4.6
v -6.3 1.2 5.8
v -6.3 1.2 5.7
v -6.3 1.2 4.7
v -6.3 1.2 4.6
v -6.3 1.3 5.8
v -6.3 1.3 5.7
v -6.2 0.2 -11.4
v -6.2 0.2 -11.5
v -6.2 0.3 -11.4
v -6.2 0.3 -11.5
v -6.2 0.8 -0.5
v -6.2 0.8 -0.599999
v -6.2 0.9 1.8
v -6.2 0.9 1.7
v -6.2 0.9 -0.5
v -6.2 0.9 -0.599999
v -6.2 1 3.2
v -6.2 1 3.1
v -6.2 1 1.8
v -6.2 1 1.7
v -6.2 1.1 3.2
v -6.2 1.1 3.1
v -6.2 1.3 9.8
v -6.2 1.3 9.7
v -6.2 1.4 9.8
v -6.2 1.4 9.7
v -6.1 0.2 -11.5
v -6.1 0.2 -11.6
v -6.1 0.3 -9.9
v -6.1 0.3 -10
v -6.1 0.3 -11.5
v -6.1 0.3 -11.6
v -6.1 0.4 -9.9
v -6.1 0.4 -10
v -6.1 0.9 1.7
v -6.1 0.9 1.6
v -6.1 1 1.7
v -6.1 1 1.6
v -6.1 1.1 4.6
v -6.1 1.1 4.5
v -6.1 1.2 4.6
v -6.1 1.2 4.5
v -6.1 1.3 9.7
v -6.1 1.3 9.6
v -6.1 1.4 9.7
v -6.1 1.4 9.6
v -6 0.2 -11.6
v -6 0.2 -11.7
v -6 0.3 -11.6
v -6 0.3 -11.7
v -6 0.4 -8.3
v -6 0.4 -8.4
v -6 0.5 -7.1
v -6 0.5 -7.2
v -6 0.5 -8.3
v -6 0.5 -8.4
v -6 0.6 -5.6
v -6 0.6 -5.7
v -6 0.6 -7.1
v -6 0.6 -7.2
v -6 0.7 -5.6
v -6 0.7 -5.7
v -6 0.8 -0.599999
v -6 0.8 -0.7
v -6 0.9 1.6
v -6 0.9 1.5
v -6 0.9 -0.599999
v -6 0.9 -0.7
v -6 1 1.6
v -6 1 1.5
v -6 1.1 4.5
v -6 1.1 4.4
v -6 1.2 4.5
v -6 1.2 4.4
v -5.9 0.2 -11.7
v -5.9 0.2 -11.8
v -5.9 0.3 -10
v -5.9 0.3 -10.1
v -5.9 0.3 -11.7
v -5.9 0.3 -11.8
v -5.9 0.4 -10
v -5.9 0.4 -10.1
v -5.9 0.8 -0.7
v -5.9 0.8 -0.799999
v -5.9 0.9 -0.7
v -5.9 0.9 -0.799999
v -5.9 1 3.1
v -5.9 1 3
v -5.9 1.1 4.4
v -5.9 1.1 4.3
v -5.9 1.1 3.1
v -5.9 1.1 3
v -5.9 1.2 5.7
v -5.9 1.2 5.6
v -5.9 1.2 4.4
v -5.9 1.2 4.3
v -5.9 1.3 9.6
v -5.9 1.3 9.5
v -5.9 1.3 5.7
v -5.9 1.3 5.6
v -5.9 1.4 9.6
v -5.9 1.4 9.5
v -5.8 0.2 -11.8
v -5.8 0.2 -11.9
v -5.8 0.3 -11.8
v -5.8 0.3 -11.9
v -5.8 0.7 -2.6
v -5.8 0.7 -2.7
v -5.8 0.8 -2.6
v -5.8 0.8 -2.7
v -5.8 0.9 1.5
v -5.8 0.9 1.4
v -5.8 1 1.5
v -5.8 1 1.4
v -5.8 1.1 4.3
v -5.8 1.1 4.2
v -5.8 1.2 4.3
v -5.8 1.2 4.2
v -5.7 0.2 -11.9
v -5.7 0.2 -12
v -5.7 0.3 -10.1
v -5.7 0.3 -10.2
v -5.7 0.3 -11.9
v -5.7 0.3 -12
v -5.7 0.4 -10.1
v -5.7 0.4 -10.2
v -5.7 0.6 -5.7
v -5.7 0.6 -5.8
v -5.7 0.7 -5.7
v -5.7 0.7 -5.8
v -5.7 0.8 -0.799999
v -5.7 0.8 -0.9
v -5.7 0.9 1.4
v -5.7 0.9 1.3
v -5.7 0.9 -0.799999
v -5.7 0.9 -0.9
v -5.7 1 3
v -5.7 1 2.9
v -5.7 1 1.4
v -5.7 1 1.3
v -5.7 1.1 3
v -5.7 1.1 2.9
v -5.7 1.3 9.5
v -5.7 1.3 9.4
v -5.7 1.4 9.5
v -5.7 1.4 9.4
v -5.6 0.2 -12
v -5.6 0.2 -12.1
v -5.6 0.3 -12
v -5.6 0.3 -12.1
v -5.6 0.5 -7.2
v -5.6 0.5 -7.3
v -5.6 0.6 -7.2
v -5.6 0.6 -7.3
v -5.6 0.7 -2.7
v -5.6 0.7 -2.8
v -5.6 0.8 -0.9
v -5.6 0.8 -1
v -5.6 0.8 -2.7
v -5.6 0.8 -2.8
v -5.6 0.9 1.3
v -5.6 0.9 1.2
v -5.6 0.9 -0.9
v -5.6 0.9 -1
v -5.6 1 1.3
v -5.6 1 1.2
v -5.6 1.1 4.2
v -5.6 1.1 4.1
v -5.6 1.2 4.2
v -5.6 1.2 4.1
v -5.6 1.3 9.4
v -5.6 1.3 9.3
v -5.6 1.4 9.4
v -5.6 1.4 9.3
v -5.5 0.3 -10.2
v -5.5 0.3 -10.3
v -5.5 0.4 -10.2
v -5.5 0.4 -10.3
v -5.5 0.6 -5.8
v -5.5 0.6 -5.9
v -5.5 0.7 -5.8
v -5.5 0.7 -5.9
v -5.5 0.8 -1
v -5.5 0.8 -1.1
v -5.5 0.9 -1
v -5.5 0.9 -1.1
v -5.5 1.2 5.6
v -5.5 1.2 5.5
v -5.5 1.3 5.6
v -5.5 1.3 5.5
v -5.4 0.4 -8.4
v -5.4 0.4 -8.5
v -5.4 0.5 -7.3
v -5.4 0.5 -7.4
v -5.4 0.5 -8.4
v -5.4 0.5 -8.5
v -5.4 0.6 -7.3
v -5.4 0.6 -7.4
v -5.4 0.9 1.2
v -5.4 0.9 1.1
v -5.4 1 2.9
v -5.4 1 2.8
v -5.4 1 1.2
v -5.4 1 1.1
v -5.4 1.1 4.1
v -5.4 1.1 3.9
v -5.4 1.1 2.9
v -5.4 1.1 2.8
v -5.4 1.2 4.1
v -5.4 1.2 3.9
v -5.4 1.3 9.3
v -5.4 1.3 9.2
v -5.4 1.4 9.3
v -5.4 1.4 9.2
v -5.3 0.2 -12.1
v -5.3 0.2 -12.2
v -5.3 0.3 -10.3
v -5.3 0.3 -10.5
v -5.3 0.3 -12.1
v -5.3 0.3 -12.2
v -5.3 0.4 -10.3
v -5.3 0.4 -10.5
v -5.3 0.6 -5.9
v -5.3 0.6 -6
v -5.3 0.7 -2.8
v -5.3 0.7 -2.9
v -5.3 0.7 -5.9
v -5.3 0.7 -6
v -5.3 0.8 -1.1
v -5.3 0.8 -1.2
v -5.3 0.8 -2.8
v -5.3 0.8 -2.9
v -5.3 0.9 1.1
v -5.3 0.9 1
v -5.3 0.9 -1.1
v -5.3 0.9 -1.2
v -5.3 1 1.1
v -5.3 1 1
v -5.2 0.2 -12.2
v -5.2 0.2 -12.3
v -5.2 0.3 -12.2
v -5.2 0.3 -12.3
v -5.2 0.4 -8.5
v -5.2 0.4 -8.6
v -5.2 0.5 -7.4
v -5.2 0.5 -7.5
v -5.2 0.5 -8.5
v -5.2 0.5 -8.6
v -5.2 0.6 -7.4
v -5.2 0.6 -7.5
v -5.2 0.8 -1.2
v -5.2 0.8 -1.3
v -5.2 0.9 1
v -5.2 0.9 0.900001
v -5.2 0.9 -1.2
v -5.2 0.9 -1.3
v -5.2 1 1
v -5.2 1 0.900001
v -5.2 1.3 9.2
v -5.2 1.3 9.1
v -5.2 1.4 9.2
v -5.2 1.4 9.1
v -5.1 0.5 -7.5
v -5.1 0.5 -7.6
v -5.1 0.6 -7.5
v -5.1 0.6 -7.6
v -5.1 0.7 -2.9
v -5.1 0.7 -3
v -5.1 0.8 -2.9
v -5.1 0.8 -3
v -5.1 0.9 0.900001
v -5.1 0.9 0.8
v -5.1 1 2.8
v -5.1 1 2.7
v -5.1 1 0.900001
v -5.1 1 0.8
v -5.1 1.1 3.9
v -5.1 1.1 3.8
v -5.1 1.1 2.8
v -5.1 1.1 2.7
v -5.1 1.2 5.5
v -5.1 1.2 5.4
v -5.1 1.2 3.9
v -5.1 1.2 3.8
v -5.1 1.3 9.1
v -5.1 1.3 9
v -5.1 1.3 5.5
v -5.1 1.3 5.4
v -5.1 1.4 9.1
v -5.1 1.4 9
v -5 0.2 -12.3
v -5 0.2 -12.4
v -5 0.3 -10.5
v -5 0.3 -10.6
v -5 0.3 -12.3
v -5 0.3 -12.4
v -5 0.4 -10.5
v -5 0.4 -10.6
v -5 0.5 -7.6
v -5 0.5 -7.7
v -5 0.6 -7.6
v -5 0.6 -7.7
v -5 0.8 -1.3
v -5 0.8 -1.4
v -5 0.9 0.8
v -5 0.9 0.700001
v -5 0.9 -1.3
v -5 0.9 -1.4
v -5 1 0.8
v -5 1 0.700001
v -5 1.3 9
v -5 1.3 8.9
v -5 1.4 9
v -5 1.4 8.9
v -4.9 0.3 -10.6
v -4.9 0.3 -10.7
v -4.9 0.4 -10.6
v -4.9 0.4 -10.7
v -4.9 0.6 -6
v -4.9 0.6 -6.1
v -4.9 0.7 -3
v -4.9 0.7 -3.1
v -4.9 0.7 -6
v -4.9 0.7 -6.1
v -4.9 0.8 -1.4
v -4.9 0.8 -1.5
v -4.9 0.8 -3
v -4.9 0.8 -3.1
v -4.9 0.9 0.700001
v -4.9 0.9 0.6
v -4.9 0.9 -1.4
v -4.9 0.9 -1.5
v -4.9 1 2.7
v -4.9 1 2.6
v -4.9 1 0.700001
v -4.9 1 0.6
v -4.9 1.1 2.7
v -4.9 1.1 2.6
v -4.8 0.2 -12.4
v -4.8 0.2 -12.5
v -4.8 0.3 -12.4
v -4.8 0.3 -12.5
v -4.8 0.4 -8.6
v -4.8 0.4 -8.7
v -4.8 0.5 -7.7
v -4.8 0.5 -7.8
v -4.8 0.5 -8.6
v -4.8 0.5 -8.7
v -4.8 0.6 -6.1
v -4.8 0.6 -6.2
v -4.8 0.6 -7.7
v -4.8 0.6 -7.8
v -4.8 0.7 -6.1
v -4.8 0.7 -6.2
v -4.8 0.9 0.6
v -4.8 0.9 0.5
v -4.8 1 0.6
v -4.8 1 0.5
v -4.8 1.2 5.4
v -4.8 1.2 5.3
v -4.8 1.3 8.9
v -4.8 1.3 8.8
v -4.8 1.3 5.4
v -4.8 1.3 5.3
v -4.8 1.4 8.9
v -4.8 1.4 8.8
v -4.7 0.3 -10.7
v -4.7 0.3 -10.8
v -4.7 0.4 -10.7
v -4.7 0.4 -10.8
v -4.7 0.5 -7.8
v -4.7 0.5 -7.9
v -4.7 0.6 -7.8
v -4.7 0.6 -7.9
v -4.7 0.7 -3.1
v -4.7 0.7 -3.2
v -4.7 0.8 -1.5
v -4.7 0.8 -1.6
v -4.7 0.8 -3.1
v -4.7 0.8 -3.2
v -4.7 0.9 0.5
v -4.7 0.9 0.400001
v -4.7 0.9 -1.5
v -4.7 0.9 -1.6
v -4.7 1 0.5
v -4.7 1 0.400001
v -4.7 1.1 3.8
v -4.7 1.1 3.7
v -4.7 1.2 3.8
v -4.7 1.2 3.7
v -4.6 0.2 -12.5
v -4.6 0.2 -12.6
v -4.6 0.3 -12.5
v -4.6 0.3 -12.6
v -4.6 0.6 -6.2
v -4.6 0.6 -6.3
v -4.6 0.7 -6.2
v -4.6 0.7 -6.3
v -4.6 0.8 -1.6
v -4.6 0.8 -1.7
v -4.6 0.9 -1.6
v -4.6 0.9 -1.7
v -4.6 1 2.6
v -4.6 1 2.5
v -4.6 1.1 2.6
v -4.6 1.1 2.5
v -4.6 1.3 8.8
v -4.6 1.3 8.7
v -4.6 1.4 8.8
v -4.6 1.4 8.7
v -4.5 0.3 -10.8
v -4.5 0.3 -10.9
v -4.5 0.4 -8.7
v -4.5 0.4 -8.8
v -4.5 0.4 -10.8
v -4.5 0.4 -10.9
v -4.5 0.5 -7.9
v -4.5 0.5 -8
v -4.5 0.5 -8.7
v -4.5 0.5 -8.8
v -4.5 0.6 -6.3
v -4.5 0.6 -6.4
v -4.5 0.6 -7.9
v -4.5 0.6 -8
v -4.5 0.7 -3.2
v -4.5 0.7 -3.3
v -4.5 0.7 -6.3
v -4.5 0.7 -6.4
v -4.5 0.8 -1.7
v -4.5 0.8 -1.8
v -4.5 0.8 -3.2
v -4.5 0.8 -3.3
v -4.5 0.9 0.400001
v -4.5 0.9 0.3
v -4.5 0.9 -1.7
v -4.5 0.9 -1.8
v -4.5 1 0.400001
v -4.5 1 0.3
v -4.5 1.2 5.3
v -4.5 1.2 5.2
v -4.5 1.3 5.3
v -4.5 1.3 5.2
v -4.4 0.2 -12.6
v -4.4 0.2 -12.8
v -4.4 0.3 -12.6
v -4.4 0.3 -12.8
v -4.4 0.5 -8
v -4.4 0.5 -8.1
v -4.4 0.6 -6.4
v -4.4 0.6 -6.5
v -4.4 0.6 -8
v -4.4 0.6 -8.1
v -4.4 0.7 -6.4
v -4.4 0.7 -6.5
v -4.4 0.9 0.3
v -4.4 0.9 0.200001
v -4.4 1 0.3
v -4.4 1 0.200001
v -4.4 1.1 3.7
v -4.4 1.1 3.6
v -4.4 1.2 3.7
v -4.4 1.2 3.6
v -4.4 1.3 8.7
v -4.4 1.3 8.6
v -4.4 1.4 8.7
v -4.4 1.4 8.6
v -4.3 0.3 -10.9
v -4.3 0.3 -11
v -4.3 0.4 -8.8
v -4.3 0.4 -8.9
v -4.3 0.4 -10.9
v -4.3 0.4 -11
v -4.3 0.5 -8.1
v -4.3 0.5 -8.2
v -4.3 0.5 -8.8
v -4.3 0.5 -8.9
v -4.3 0.6 -6.5
v -4.3 0.6 -6.6
v -4.3 0.6 -8.1
v -4.3 0.6 -8.2
v -4.3 0.7 -3.3
v -4.3 0.7 -3.4
v -4.3 0.7 -6.5
v -4.3 0.7 -6.6
v -4.3 0.8 -1.8
v -4.3 0.8 -1.9
v -4.3 0.8 -3.3
v -4.3 0.8 -3.4
v -4.3 0.9 0.200001
v -4.3 0.9 0.1
v -4.3 0.9 -1.8
v -4.3 0.9 -1.9
v -4.3 1 2.5
v -4.3 1 2.4
v -4.3 1 0.200001
v -4.3 1 0.1
v -4.3 1.1 2.5
v -4.3 1.1 2.4
v -4.2 0.8 -1.9
v -4.2 0.8 -2
v -4.2 0.9 0.1
v -4.2 0.9 0
v -4.2 0.9 -1.9
v -4.2 0.9 -2
v -4.2 1 0.1
v -4.2 1 0
v -4.2 1.1 3.6
v -4.2 1.1 3.5
v -4.2 1.2 5.2
v -4.2 1.2 5.1
v -4.2 1.2 3.6
v -4.2 1.2 3.5
v -4.2 1.3 8.6
v -4.2 1.3 8.5
v -4.2 1.3 5.2
v -4.2 1.3 5.1
v -4.2 1.4 8.6
v -4.2 1.4 8.5
v -4.1 0.3 -11
v -4.1 0.3 -11.1
v -4.1 0.4 -8.9
v -4.1 0.4 -9
v -4.1 0.4 -11
v -4.1 0.4 -11.1
v -4.1 0.5 -8.2
v -4.1 0.5 -8.3
v -4.1 0.5 -8.9
v -4.1 0.5 -9
v -4.1 0.6 -8.2
v -4.1 0.6 -8.3
v -4.1 0.7 -3.4
v -4.1 0.7 -3.5
v -4.1 0.8 -2
v -4.1 0.8 -2.1
v -4.1 0.8 -3.4
v -4.1 0.8 -3.5
v -4.1 0.9 0
v -4.1 0.9 -0.0999994
v -4.1 0.9 -2
v -4.1 0.9 -2.1
v -4.1 1 2.4
v -4.1 1 2.3
v -4.1 1 0
v -4.1 1 -0.0999994
v -4.1 1.1 2.4
v -4.1 1.1 2.3
v -4 0.4 -9
v -4 0.4 -9.1
v -4 0.5 -9
v -4 0.5 -9.1
v -4 0.6 -6.6
v -4 0.6 -6.7
v -4 0.7 -6.6
v -4 0.7 -6.7
v -4 0.8 -2.1
v -4 0.8 -2.2
v -4 0.9 -0.0999994
v -4 0.9 -0.2
v -4 0.9 -2.1
v -4 0.9 -2.2
v -4 1 -0.0999994
v -4 1 -0.2
v -4 1.1 3.5
v -4 1.1 3.4
v -4 1.2 3.5
v -4 1.2 3.4
v -4 1.3 8.5
v -4 1.3 8.4
v -4 1.4 8.5
v -4 1.4 8.4
v -3.9 0.3 -11.1
v -3.9 0.3 -11.2
v -3.9 0.4 -9.1
v -3.9 0.4 -9.2
v -3.9 0.4 -11.1
v -3.9 0.4 -11.2
v -3.9 0.5 -8.3
v -3.9 0.5 -8.4
v -3.9 0.5 -9.1
v -3.9 0.5 -9.2
v -3.9 0.6 -8.3
v -3.9 0.6 -8.4
v -3.9 0.7 -3.5
v -3.9 0.7 -3.6
v -3.9 0.8 -3.5
v -3.9 0.8 -3.6
v -3.9 0.9 -0.2
v -3.9 0.9 -0.299999
v -3.9 1 2.3
v -3.9 1 2.2
v -3.9 1 -0.2
v -3.9 1 -0.299999
v -3.9 1.1 2.3
v -3.9 1.1 2.2
v -3.9 1.2 5.1
v -3.9 1.2 5
v -3.9 1.3 5.1
v -3.9 1.3 5
v -3.8 0.5 -8.4
v -3.8 0.5 -8.5
v -3.8 0.6 -6.7
v -3.8 0.6 -6.8
v -3.8 0.6 -8.4
v -3.8 0.6 -8.5
v -3.8 0.7 -3.6
v -3.8 0.7 -3.7
v -3.8 0.7 -6.7
v -3.8 0.7 -6.8
v -3.8 0.8 -2.2
v -3.8 0.8 -2.3
v -3.8 0.8 -3.6
v -3.8 0.8 -3.7
v -3.8 0.9 -0.299999
v -3.8 0.9 -0.4
v -3.8 0.9 -2.2
v -3.8 0.9 -2.3
v -3.8 1 2.2
v -3.8 1 2.1
v -3.8 1 -0.299999
v -3.8 1 -0.4
v -3.8 1.1 3.4
v -3.8 1.1 3.3
v -3.8 1.1 2.2
v -3.8 1.1 2.1
v -3.8 1.2 3.4
v -3.8 1.2 3.3
v -3.7 0.4 -9.2
v -3.7 0.4 -9.3
v -3.7 0.5 -8.5
v -3.7 0.5 -8.6
v -3.7 0.5 -9.2
v -3.7 0.5 -9.3
v -3.7 0.6 -8.5
v -3.7 0.6 -8.6
v -3.7 0.8 -2.3
v -3.7 0.8 -2.4
v -3.7 0.9 -0.4
v -3.7 0.9 -0.5
v -3.7 0.9 -2.3
v -3.7 0.9 -2.4
v -3.7 1 2.1
v -3.7 1 2
v -3.7 1 -0.4
v -3.7 1 -0.5
v -3.7 1.1 2.1
v -3.7 1.1 2
v -3.7 1.3 8.4
v -3.7 1.3 8.3
v -3.7 1.4 8.4
v -3.7 1.4 8.3
v -3.6 0.3 -11.2
v -3.6 0.3 -11.3
v -3.6 0.4 -11.2
v -3.6 0.4 -11.3
v -3.6 0.6 -6.8
v -3.6 0.6 -6.9
v -3.6 0.7 -3.7
v -3.6 0.7 -3.8
v -3.6 0.7 -6.8
v -3.6 0.7 -6.9
v -3.6 0.8 -2.4
v -3.6 0.8 -2.5
v -3.6 0.8 -3.7
v -3.6 0.8 -3.8
v -3.6 0.9 -0.5
v -3.6 0.9 -0.599999
v -3.6 0.9 -2.4
v -3.6 0.9 -2.5
v -3.6 1 -0.5
v -3.6 1 -0.599999
v -3.6 1.1 3.3
v -3.6 1.1 3.2
v -3.6 1.2 3.3
v -3.6 1.2 3.2
v -3.5 0.4 -9.3
v -3.5 0.4 -9.4
v -3.5 0.5 -8.6
v -3.5 0.5 -8.7
v -3.5 0.5 -9.3
v -3.5 0.5 -9.4
v -3.5 0.6 -8.6
v -3.5 0.6 -8.7
v -3.5 0.7 -3.8
v -3.5 0.7 -3.9
v -3.5 0.8 -2.5
v -3.5 0.8 -2.6
v -3.5 0.8 -3.8
v -3.5 0.8 -3.9
v -3.5 0.9 -0.599999
v -3.5 0.9 -0.7
v -3.5 0.9 -2.5
v -3.5 0.9 -2.6
v -3.5 1 2
v -3.5 1 1.9
v -3.5 1 -0.599999
v -3.5 1 -0.7
v -3.5 1.1 2
v -3.5 1.1 1.9
v -3.5 1.2 5
v -3.5 1.2 4.9
v -3.5 1.3 8.3
v -3.5 1.3 8.2
v -3.5 1.3 5
v -3.5 1.3 4.9
v -3.5 1.4 8.3
v -3.5 1.4 8.2
v -3.4 0.3 -11.3
v -3.4 0.3 -11.4
v -3.4 0.4 -11.3
v -3.4 0.4 -11.4
v -3.4 0.6 -6.9
v -3.4 0.6 -7
v -3.4 0.7 -6.9
v -3.4 0.7 -7
v -3.4 0.8 -2.6
v -3.4 0.8 -2.7
v -3.4 0.9 -0.7
v -3.4 0.9 -0.799999
v -3.4 0.9 -2.6
v -3.4 0.9 -2.7
v -3.4 1 -0.7
v -3.4 1 -0.799999
v -3.4 1.1 3.2
v -3.4 1.1 3.1
v -3.4 1.2 3.2
v -3.4 1.2 3.1
v -3.3 0.3 -11.4
v -3.3 0.3 -11.5
v -3.3 0.4 -9.4
v -3.3 0.4 -9.5
v -3.3 0.4 -11.4
v -3.3 0.4 -11.5
v -3.3 0.5 -8.7
v -3.3 0.5 -8.8
v -3.3 0.5 -9.4
v -3.3 0.5 -9.5
v -3.3 0.6 -7
v -3.3 0.6 -7.1
v -3.3 0.6 -8.7
v -3.3 0.6 -8.8
v -3.3 0.7 -3.9
v -3.3 0.7 -4
v -3.3 0.7 -7
v -3.3 0.7 -7.1
v -3.3 0.8 -3.9
v -3.3 0.8 -4
v -3.3 0.9 -0.799999
v -3.3 0.9 -0.9
v -3.3 1 1.9
v -3.3 1 1.8
v -3.3 1 -0.799999
v -3.3 1 -0.9
v -3.3 1.1 1.9
v -3.3 1.1 1.8
v -3.3 1.3 8.2
v -3.3 1.3 8.1
v -3.3 1.4 8.2
v -3.3 1.4 8.1
v -3.2 0.4 -9.5
v -3.2 0.4 -9.6
v -3.2 0.5 -8.8
v -3.2 0.5 -8.9
v -3.2 0.5 -9.5
v -3.2 0.5 -9.6
v -3.2 0.6 -7.1
v -3.2 0.6 -7.2
v -3.2 0.6 -8.8
v -3.2 0.6 -8.9
v -3.2 0.7 -4
v -3.2 0.7 -4.1
v -3.2 0.7 -7.1
v -3.2 0.7 -7.2
v -3.2 0.8 -2.7
v -3.2 0.8 -2.8
v -3.2 0.8 -4
v -3.2 0.8 -4.1
v -3.2 0.9 -2.7
v -3.2 0.9 -2.8
v -3.2 1.2 4.9
v -3.2 1.2 4.8
v -3.2 1.3 4.9
v -3.2 1.3 4.8
v -3.1 0.6 -7.2
v -3.1 0.6 -7.3
v -3.1 0.7 -4.1
v -3.1 0.7 -4.2
v -3.1 0.7 -7.2
v -3.1 0.7 -7.3
v -3.1 0.8 -2.8
v -3.1 0.8 -2.9
v -3.1 0.8 -4.1
v -3.1 0.8 -4.2
v -3.1 0.9 -0.9
v -3.1 0.9 -1
v -3.1 0.9 -2.8
v -3.1 0.9 -2.9
v -3.1 1 1.8
v -3.1 1 1.7
v -3.1 1 -0.9
v -3.1 1 -1
v -3.1 1.1 3.1
v -3.1 1.1 3
v -3.1 1.1 1.8
v -3.1 1.1 1.7
v -3.1 1.2 3.1
v -3.1 1.2 3
v -3.1 1.3 8.1
v -3.1 1.3 8
v -3.1 1.4 8.1
v -3.1 1.4 8
v -3 0.3 -11.5
v -3 0.3 -11.6
v -3 0.4 -9.6
v -3 0.4 -9.7
v -3 0.4 -11.5
v -3 0.4 -11.6
v -3 0.5 -8.9
v -3 0.5 -9
v -3 0.5 -9.6
v -3 0.5 -9.7
v -3 0.6 -7.3
v -3 0.6 -7.4
v -3 0.6 -8.9
v -3 0.6 -9
v -3 0.7 -7.3
v -3 0.7 -7.4
v -3 0.8 -2.9
v -3 0.8 -3
v -3 0.9 -1
v -3 0.9 -1.1
v -3 0.9 -2.9
v -3 0.9 -3
v -3 1 -1
v -3 1 -1.1
v -3 1.4 11.9
v -3 1.4 10.9
v -3 1.5 11.9
v -3 1.5 10.9
v -2.9 0.6 -7.4
v -2.9 0.6 -7.5
v -2.9 0.7 -4.2
v -2.9 0.7 -4.3
v -2.9 0.7 -7.4
v -2.9 0.7 -7.5
v -2.9 0.8 -3
v -2.9 0.8 -3.1
v -2.9 0.8 -4.2
v -2.9 0.8 -4.3
v -2.9 0.9 -3
v -2.9 0.9 -3.1
v -2.9 1 1.7
v -2.9 1 1.6
v -2.9 1.1 1.7
v -2.9 1.1 1.6
v -2.9 1.3 8
v -2.9 1.3 7.9
v -2.9 1.4 12.2
v -2.9 1.4 11.9
v -2.9 1.4 10.9
v -2.9 1.4 10.7
v -2.9 1.4 8
v -2.9 1.4 7.9
v -2.9 1.5 12.2
v -2.9 1.5 11.9
v -2.9 1.5 10.9
v -2.9 1.5 10.7
v -2.8 0.3 -11.6
v -2.8 0.3 -11.7
v -2.8 0.4 -9.7
v -2.8 0.4 -9.8
v -2.8 0.4 -11.6
v -2.8 0.4 -11.7
v -2.8 0.5 -9
v -2.8 0.5 -9.1
v -2.8 0.5 -9.7
v -2.8 0.5 -9.8
v -2.8 0.6 -9
v -2.8 0.6 -9.1
v -2.8 0.7 -4.3
v -2.8 0.7 -4.4
v -2.8 0.8 -4.3
v -2.8 0.8 -4.4
v -2.8 0.9 -1.1
v -2.8 0.9 -1.2
v -2.8 1 1.6
v -2.8 1 1.5
v -2.8 1 -1.1
v -2.8 1 -1.2
v -2.8 1.1 1.6
v -2.8 1.1 1.5
v -2.8 1.2 4.8
v -2.8 1.2 4.7
v -2.8 1.3 4.8
v -2.8 1.3 4.7
v -2.8 1.4 12.3
v -2.8 1.4 12.2
v -2.8 1.4 10.7
v -2.8 1.4 10.5
v -2.8 1.5 12.3
v -2.8 1.5 12.2
v -2.8 1.5 10.7
v -2.8 1.5 10.5
v -2.7 0.6 -7.5
v -2.7 0.6 -7.6
v -2.7 0.7 -4.4
v -2.7 0.7 -4.5
v -2.7 0.7 -7.5
v -2.7 0.7 -7.6
v -2.7 0.8 -3.1
v -2.7 0.8 -3.2
v -2.7 0.8 -4.4
v -2.7 0.8 -4.5
v -2.7 0.9 -3.1
v -2.7 0.9 -3.2
v -2.7 1 1.5
v -2.7 1 1.4
v -2.7 1.1 3
v -2.7 1.1 2.9
v -2.7 1.1 1.5
v -2.7 1.1 1.4
v -2.7 1.2 3
v -2.7 1.2 2.9
v -2.7 1.3 7.9
v -2.7 1.3 7.8
v -2.7 1.4 12.5
v -2.7 1.4 12.3
v -2.7 1.4 10.5
v -2.7 1.4 10.4
v -2.7 1.4 7.9
v -2.7 1.4 7.8
v -2.7 1.5 12.5
v -2.7 1.5 12.3
v -2.7 1.5 10.5
v -2.7 1.5 10.4
v -2.6 0.4 -9.8
v -2.6 0.4 -9.9
v -2.6 0.5 -9.1
v -2.6 0.5 -9.2
v -2.6 0.5 -9.8
v -2.6 0.5 -9.9
v -2.6 0.6 -9.1
v -2.6 0.6 -9.2
v -2.6 0.7 -4.5
v -2.6 0.7 -4.6
v -2.6 0.8 -4.5
v -2.6 0.8 -4.6
v -2.6 0.9 -1.2
v -2.6 0.9 -1.3
v -2.6 1 -1.2
v -2.6 1 -1.3
v -2.6 1.4 10.4
v -2.6 1.4 10.3
v -2.6 1.5 10.4
v -2.6 1.5 10.3
v -2.5 0.4 -9.9
v -2.5 0.4 -10
v -2.5 0.5 -9.9
v -2.5 0.5 -10
v -2.5 0.6 -7.6
v -2.5 0.6 -7.7
v -2.5 0.7 -4.6
v -2.5 0.7 -4.7
v -2.5 0.7 -7.6
v -2.5 0.7 -7.7
v -2.5 0.8 -3.2
v -2.5 0.8 -3.3
v -2.5 0.8 -4.6
v -2.5 0.8 -4.7
v -2.5 0.9 -3.2
v -2.5 0.9 -3.3
v -2.5 1 1.4
v -2.5 1 1.3
v -2.5 1.1 1.4
v -2.5 1.1 1.3
v -2.5 1.3 7.8
v -2.5 1.3 7.7
v -2.5 1.4 12.6
v -2.5 1.4 12.5
v -2.5 1.4 10.3
v -2.5 1.4 10.2
v -2.5 1.4 7.8
v -2.5 1.4 7.7
v -2.5 1.5 12.6
v -2.5 1.5 12.5
v -2.5 1.5 10.3
v -2.5 1.5 10.2
v -2.4 0.3 -11.7
v -2.4 0.3 -11.8
v -2.4 0.4 -10
v -2.4 0.4 -10.1
v -2.4 0.4 -11.7
v -2.4 0.4 -11.8
v -2.4 0.5 -9.2
v -2.4 0.5 -9.3
v -2.4 0.5 -10
v -2.4 0.5 -10.1
v -2.4 0.6 -9.2
v -2.4 0.6 -9.3
v -2.4 0.7 -4.7
v -2.4 0.7 -4.8
v -2.4 0.8 -4.7
v -2.4 0.8 -4.8
v -2.4 0.9 -1.3
v -2.4 0.9 -1.4
v -2.4 1 1.3
v -2.4 1 1.2
v -2.4 1 -1.3
v -2.4 1 -1.4
v -2.4 1.1 1.3
v -2.4 1.1 1.2
v -2.4 1.4 12.8
v -2.4 1.4 12.6
v -2.4 1.4 10.2
v -2.4 1.4 10.1
v -2.4 1.5 12.8
v -2.4 1.5 12.6
v -2.4 1.5 10.2
v -2.4 1.5 10.1
v -2.3 0.4 -10.1
v -2.3 0.4 -10.2
v -2.3 0.5 -10.1
v -2.3 0.5 -10.2
v -2.3 0.6 -7.7
v -2.3 0.6 -7.8
v -2.3 0.7 -4.8
v -2.3 0.7 -4.9
v -2.3 0.7 -7.7
v -2.3 0.7 -7.8
v -2.3 0.8 -3.3
v -2.3 0.8 -3.5
v -2.3 0.8 -4.8
v -2.3 0.8 -4.9
v -2.3 0.9 -1.4
v -2.3 0.9 -1.5
v -2.3 0.9 -3.3
v -2.3 0.9 -3.5
v -2.3 1 1.2
v -2.3 1 1.1
v -2.3 1 -1.4
v -2.3 1 -1.5
v -2.3 1.1 2.9
v -2.3 1.1 2.8
v -2.3 1.1 1.2
v -2.3 1.1 1.1
v -2.3 1.2 4.7
v -2.3 1.2 4.6
v -2.3 1.2 2.9
v -2.3 1.2 2.8
v -2.3 1.3 7.7
v -2.3 1.3 7.6
v -2.3 1.3 4.7
v -2.3 1.3 4.6
v -2.3 1.4 10.1
v -2.3 1.4 10
v -2.3 1.4 7.7
v -2.3 1.4 7.6
v -2.3 1.5 10.1
v -2.3 1.5 10
v -2.2 0.3 -11.8
v -2.2 0.3 -11.9
v -2.2 0.4 -10.2
v -2.2 0.4 -10.3
v -2.2 0.4 -11.8
v -2.2 0.4 -11.9
v -2.2 0.5 -9.3
v -2.2 0.5 -9.4
v -2.2 0.5 -10.2
v -2.2 0.5 -10.3
v -2.2 0.6 -9.3
v -2.2 0.6 -9.4
v -2.2 0.8 -3.5
v -2.2 0.8 -3.6
v -2.2 0.9 -1.5
v -2.2 0.9 -1.6
v -2.2 0.9 -3.5
v -2.2 0.9 -3.6
v -2.2 1 -1.5
v -2.2 1 -1.6
v -2.2 1.4 10
v -2.2 1.4 9.8
v -2.2 1.5 10
v -2.2 1.5 9.8
v -2.1 0.3 -11.9
v -2.1 0.3 -12
v -2.1 0.4 -11.9
v -2.1 0.4 -12
v -2.1 0.6 -7.8
v -2.1 0.6 -7.9
v -2.1 0.7 -4.9
v -2.1 0.7 -5
v -2.1 0.7 -7.8
v -2.1 0.7 -7.9
v -2.1 0.8 -4.9
v -2.1 0.8 -5
v -2.1 1 1.1
v -2.1 1 1
v -2.1 1.1 1.1
v -2.1 1.1 1
v -2.1 1.3 7.6
v -2.1 1.3 7.5
v -2.1 1.4 9.8
v -2.1 1.4 9.7
v -2.1 1.4 7.6
v -2.1 1.4 7.5
v -2.1 1.5 9.8
v -2.1 1.5 9.7
v -2 0.4 -10.3
v -2 0.4 -10.5
v -2 0.5 -9.4
v -2 0.5 -9.5
v -2 0.5 -10.3
v -2 0.5 -10.5
v -2 0.6 -9.4
v -2 0.6 -9.5
v -2 0.7 -5
v -2 0.7 -5.1
v -2 0.8 -3.6
v -2 0.8 -3.7
v -2 0.8 -5
v -2 0.8 -5.1
v -2 0.9 -1.6
v -2 0.9 -1.7
v -2 0.9 -3.6
v -2 0.9 -3.7
v -2 1 1
v -2 1 0.900001
v -2 1 -1.6
v -2 1 -1.7
v -2 1.1 2.8
v -2 1.1 2.7
v -2 1.1 1
v -2 1.1 0.900001
v -2 1.2 2.8
v -2 1.2 2.7
v -2 1.4 9.7
v -2 1.4 9.6
v -2 1.5 9.7
v -2 1.5 9.6
v -1.9 0.3 -12
v -1.9 0.3 -12.1
v -1.9 0.4 -10.5
v -1.9 0.4 -10.6
v -1.9 0.4 -12
v -1.9 0.4 -12.1
v -1.9 0.5 -10.5
v -1.9 0.5 -10.6
v -1.9 0.6 -7.9
v -1.9 0.6 -8
v -1.9 0.7 -7.9
v -1.9 0.7 -8
v -1.9 1.3 7.5
v -1.9 1.3 7.4
v -1.9 1.4 7.5
v -1.9 1.4 7.4
v -1.8 0.5 -9.5
v -1.8 0.5 -9.6
v -1.8 0.6 -9.5
v -1.8 0.6 -9.6
v -1.8 0.7 -5.1
v -1.8 0.7 -5.2
v -1.8 0.8 -3.7
v -1.8 0.8 -3.8
v -1.8 0.8 -5.1
v -1.8 0.8 -5.2
v -1.8 0.9 -3.7
v -1.8 0.9 -3.8
v -1.8 1 0.900001
v -1.8 1 0.8
v -1.8 1.1 2.7
v -1.8 1.1 2.6
v -1.8 1.1 0.900001
v -1.8 1.1 0.8
v -1.8 1.2 4.6
v -1.8 1.2 4.5
v -1.8 1.2 2.7
v -1.8 1.2 2.6
v -1.8 1.3 4.6
v -1.8 1.3 4.5
v -1.8 1.4 9.6
v -1.8 1.4 9.5
v -1.8 1.5 9.6
v -1.8 1.5 9.5
v -1.7 0.4 -10.6
v -1.7 0.4 -10.7
v -1.7 0.5 -9.6
v -1.7 0.5 -9.7
v -1.7 0.5 -10.6
v -1.7 0.5 -10.7
v -1.7 0.6 -8
v -1.7 0.6 -8.1
v -1.7 0.6 -9.6
v -1.7 0.6 -9.7
v -1.7 0.7 -5.2
v -1.7 0.7 -5.3
v -1.7 0.7 -8
v -1.7 0.7 -8.1
v -1.7 0.8 -5.2
v -1.7 0.8 -5.3
v -1.7 0.9 -1.7
v -1.7 0.9 -1.8
v -1.7 1 -1.7
v -1.7 1 -1.8
v -1.7 1.3 7.4
v -1.7 1.3 7.3
v -1.7 1.4 9.5
v -1.7 1.4 9.4
v -1.7 1.4 7.4
v -1.7 1.4 7.3
v -1.7 1.5 9.5
v -1.7 1.5 9.4
v -1.6 0.4 -10.7
v -1.6 0.4 -10.8
v -1.6 0.5 -10.7
v -1.6 0.5 -10.8
v -1.6 0.7 -5.3
v -1.6 0.7 -5.4
v -1.6 0.8 -5.3
v -1.6 0.8 -5.4
v -1.6 1 0.8
v -1.6 1 0.700001
v -1.6 1.1 2.6
v -1.6 1.1 2.5
v -1.6 1.1 0.8
v -1.6 1.1 0.700001
v -1.6 1.2 2.6
v -1.6 1.2 2.5
v -1.6 1.4 9.4
v -1.6 1.4 9.3
v -1.6 1.5 9.4
v -1.6 1.5 9.3
v -1.5 0.3 -12.1
v -1.5 0.3 -12.2
v -1.5 0.4 -10.8
v -1.5 0.4 -10.9
v -1.5 0.4 -12.1
v -1.5 0.4 -12.2
v -1.5 0.5 -9.7
v -1.5 0.5 -9.8
v -1.5 0.5 -10.8
v -1.5 0.5 -10.9
v -1.5 0.6 -8.1
v -1.5 0.6 -8.2
v -1.5 0.6 -9.7
v -1.5 0.6 -9.8
v -1.5 0.7 -5.4
v -1.5 0.7 -5.5
v -1.5 0.7 -8.1
v -1.5 0.7 -8.2
v -1.5 0.8 -3.8
v -1.5 0.8 -3.9
v -1.5 0.8 -5.4
v -1.5 0.8 -5.5
v -1.5 0.9 -3.8
v -1.5 0.9 -3.9
v -1.5 1.3 7.3
v -1.5 1.3 7.2
v -1.5 1.4 9.3
v -1.5 1.4 9.2
v -1.5 1.4 7.3
v -1.5 1.4 7.2
v -1.5 1.5 9.3
v -1.5 1.5 9.2
v -1.4 0.3 -12.2
v -1.4 0.3 -12.3
v -1.4 0.4 -12.2
v -1.4 0.4 -12.3
v -1.4 0.5 -9.8
v -1.4 0.5 -9.9
v -1.4 0.6 -9.8
v -1.4 0.6 -9.9
v -1.4 0.7 -5.5
v -1.4 0.7 -5.6
v -1.4 0.8 -5.5
v -1.4 0.8 -5.6
v -1.4 0.9 -1.8
v -1.4 0.9 -1.9
v -1.4 1 0.700001
v -1.4 1 0.6
v -1.4 1 -1.8
v -1.4 1 -1.9
v -1.4 1.1 0.700001
v -1.4 1.1 0.6
v -1.4 1.2 4.5
v -1.4 1.2 4.4
v -1.4 1.3 4.5
v -1.4 1.3 4.4
v -1.4 1.4 9.2
v -1.4 1.4 9.1
v -1.4 1.5 9.2
v -1.4 1.5 9.1
v -1.3 0.4 -10.9
v -1.3 0.4 -11
v -1.3 0.5 -10.9
v -1.3 0.5 -11
v -1.3 0.6 -8.2
v -1.3 0.6 -8.3
v -1.3 0.7 -5.6
v -1.3 0.7 -5.7
v -1.3 0.7 -8.2
v -1.3 0.7 -8.3
v -1.3 0.8 -3.9
v -1.3 0.8 -4
v -1.3 0.8 -5.6
v -1.3 0.8 -5.7
v -1.3 0.9 -3.9
v -1.3 0.9 -4
v -1.3 1 0.6
v -1.3 1 0.5
v -1.3 1.1 2.5
v -1.3 1.1 2.4
v -1.3 1.1 0.6
v -1.3 1.1 0.5
v -1.3 1.2 2.5
v -1.3 1.2 2.4
v -1.3 1.3 7.2
v -1.3 1.3 7.1
v -1.3 1.4 7.2
v -1.3 1.4 7.1
v -1.2 0.4 -11
v -1.2 0.4 -11.1
v -1.2 0.5 -9.9
v -1.2 0.5 -10
v -1.2 0.5 -11
v -1.2 0.5 -11.1
v -1.2 0.6 -9.9
v -1.2 0.6 -10
v -1.2 0.7 -5.7
v -1.2 0.7 -5.8
v -1.2 0.8 -4
v -1.2 0.8 -4.1
v -1.2 0.8 -5.7
v -1.2 0.8 -5.8
v -1.2 0.9 -1.9
v -1.2 0.9 -2
v -1.2 0.9 -4
v -1.2 0.9 -4.1
v -1.2 1 -1.9
v -1.2 1 -2
v -1.2 1.1 2.4
v -1.2 1.1 2.3
v -1.2 1.2 2.4
v -1.2 1.2 2.3
v -1.2 1.3 7.1
v -1.2 1.3 7
v -1.2 1.4 9.1
v -1.2 1.4 9
v -1.2 1.4 7.1
v -1.2 1.4 7
v -1.2 1.5 9.1
v -1.2 1.5 9
v -1.1 0.3 -12.3
v -1.1 0.3 -12.4
v -1.1 0.4 -11.1
v -1.1 0.4 -11.2
v -1.1 0.4 -12.3
v -1.1 0.4 -12.4
v -1.1 0.5 -11.1
v -1.1 0.5 -11.2
v -1.1 0.6 -8.3
v -1.1 0.6 -8.4
v -1.1 0.7 -5.8
v -1.1 0.7 -5.9
v -1.1 0.7 -8.3
v -1.1 0.7 -8.4
v -1.1 0.8 -5.8
v -1.1 0.8 -5.9
v -1.1 1 0.5
v -1.1 1 0.400001
v -1.1 1.1 0.5
v -1.1 1.1 0.400001
v -1.1 1.2 4.4
v -1.1 1.2 4.3
v -1.1 1.3 4.4
v -1.1 1.3 4.3
v -1 0.5 -10
v -1 0.5 -10.1
v -1 0.6 -10
v -1 0.6 -10.1
v -1 0.8 -4.1
v -1 0.8 -4.2
v -1 0.9 -4.1
v -1 0.9 -4.2
v -1 1 0.400001
v -1 1 0.3
v -1 1.1 2.3
v -1 1.1 2.2
v -1 1.1 0.400001
v -1 1.1 0.3
v -1 1.2 2.3
v -1 1.2 2.2
v -1 1.3 7
v -1 1.3 6.9
v -1 1.4 9
v -1 1.4 8.9
v -1 1.4 7
v -1 1.4 6.9
v -1 1.5 9
v -1 1.5 8.9
v -0.900001 0.3 -12.4
v -0.900001 0.3 -12.5
v -0.900001 0.4 -12.4
v -0.900001 0.4 -12.5
v -0.900001 0.6 -8.4
v -0.900001 0.6 -8.5
v -0.900001 0.7 -5.9
v -0.900001 0.7 -6
v -0.900001 0.7 -8.4
v -0.900001 0.7 -8.5
v -0.900001 0.8 -5.9
v -0.900001 0.8 -6
v -0.900001 0.9 -2
v -0.900001 0.9 -2.1
v -0.900001 1 -2
v -0.900001 1 -2.1
v -0.900001 1.2 4.3
v -0.900001 1.2 4.2
v -0.900001 1.3 4.3
v -0.900001 1.3 4.2
v -0.8 0.5 -10.1
v -0.8 0.5 -10.2
v -0.8 0.6 -8.5
v -0.8 0.6 -8.6
v -0.8 0.6 -10.1
v -0.8 0.6 -10.2
v -0.8 0.7 -6
v -0.8 0.7 -6.1
v -0.8 0.7 -8.5
v -0.8 0.7 -8.6
v -0.8 0.8 -6
v -0.8 0.8 -6.1
v -0.8 1 0.3
v -0.8 1 0.200001
v -0.8 1.1 2.2
v -0.8 1.1 2.1
v -0.8 1.1 0.3
v -0.8 1.1 0.200001
v -0.8 1.2 2.2
v -0.8 1.2 2.1
v -0.8 1.3 6.9
v -0.8 1.3 6.8
v -0.8 1.4 8.9
v -0.8 1.4 8.8
v -0.8 1.4 6.9
v -0.8 1.4 6.8
v -0.8 1.5 8.9
v -0.8 1.5 8.8
v -0.700001 0.3 -12.5
v -0.700001 0.3 -12.6
v -0.700001 0.4 -11.2
v -0.700001 0.4 -11.3
v -0.700001 0.4 -12.5
v -0.700001 0.4 -12.6
v -0.700001 0.5 -11.2
v -0.700001 0.5 -11.3
v -0.700001 0.7 -6.1
v -0.700001 0.7 -6.2
v -0.700001 0.8 -6.1
v -0.700001 0.8 -6.2
v -0.700001 0.9 -2.1
v -0.700001 0.9 -2.2
v -0.700001 1 0.200001
v -0.700001 1 0.1
v -0.700001 1 -2.1
v -0.700001 1 -2.2
v -0.700001 1.1 0.200001
v -0.700001 1.1 0.1
v -0.6 0.5 -10.2
v -0.6 0.5 -10.3
v -0.6 0.6 -8.6
v -0.6 0.6 -8.7
v -0.6 0.6 -10.2
v -0.6 0.6 -10.3
v -0.6 0.7 -8.6
v -0.6 0.7 -8.7
v -0.6 1.1 2.1
v -0.6 1.1 2
v -0.6 1.2 4.2
v -0.6 1.2 4.1
v -0.6 1.2 2.1
v -0.6 1.2 2
v -0.6 1.3 6.8
v -0.6 1.3 6.7
v -0.6 1.3 4.2
v -0.6 1.3 4.1
v -0.6 1.4 8.8
v -0.6 1.4 8.7
v -0.6 1.4 6.8
v -0.6 1.4 6.7
v -0.6 1.5 8.8
v -0.6 1.5 8.7
v -0.5 0.4 -11.3
v -0.5 0.4 -11.4
v -0.5 0.5 -11.3
v -0.5 0.5 -11.4
v -0.5 0.7 -6.2
v -0.5 0.7 -6.3
v -0.5 0.8 -6.2
v -0.5 0.8 -6.3
v -0.5 0.9 -2.2
v -0.5 0.9 -2.3
v -0.5 1 0.1
v -0.5 1 0
v -0.5 1 -2.2
v -0.5 1 -2.3
v -0.5 1.1 0.1
v -0.5 1.1 0
v -0.400001 0.3 -12.6
v -0.400001 0.3 -12.7
v -0.400001 0.4 -12.6
v -0.400001 0.4 -12.7
v -0.400001 0.6 -8.7
v -0.400001 0.6 -8.8
v -0.400001 0.7 -6.3
v -0.400001 0.7 -6.4
v -0.400001 0.7 -8.7
v -0.400001 0.7 -8.8
v -0.400001 0.8 -6.3
v -0.400001 0.8 -6.4
v -0.400001 1 0
v -0.400001 1 -0.0999994
v -0.400001 1.1 2
v -0.400001 1.1 1.9
v -0.400001 1.1 0
v -0.400001 1.1 -0.0999994
v -0.400001 1.2 4.1
v -0.400001 1.2 4
v -0.400001 1.2 2
v -0.400001 1.2 1.9
v -0.400001 1.3 6.7
v -0.400001 1.3 6.6
v -0.400001 1.3 4.1
v -0.400001 1.3 4
v -0.400001 1.4 8.7
v -0.400001 1.4 8.6
v -0.400001 1.4 6.7
v -0.400001 1.4 6.6
v -0.400001 1.5 8.7
v -0.400001 1.5 8.6
v -0.3 0.6 -8.8
v -0.3 0.6 -8.9
v -0.3 0.7 -8.8
v -0.3 0.7 -8.9
v -0.200001 0.4 -11.4
v -0.200001 0.4 -11.5
v -0.200001 0.5 -10.3
v -0.200001 0.5 -10.4
v -0.200001 0.5 -11.4
v -0.200001 0.5 -11.5
v -0.200001 0.6 -10.3
v -0.200001 0.6 -10.4
v -0.200001 0.7 -6.4
v -0.200001 0.7 -6.5
v -0.200001 0.8 -6.4
v -0.200001 0.8 -6.5
v -0.200001 0.9 -2.3
v -0.200001 0.9 -2.4
v -0.200001 1 -0.0999994
v -0.200001 1 -0.2
v -0.200001 1 -2.3
v -0.200001 1 -2.4
v -0.200001 1.1 -0.0999994
v -0.200001 1.1 -0.2
v -0.200001 1.4 8.6
v -0.200001 1.4 8.5
v -0.200001 1.5 8.6
v -0.200001 1.5 8.5
v -0.1 0.6 -8.9
v -0.1 0.6 -9
v -0.1 0.7 -6.5
v -0.1 0.7 -6.6
v -0.1 0.7 -8.9
v -0.1 0.7 -9
v -0.1 0.8 -6.5
v -0.1 0.8 -6.6
v -0.1 1 -0.2
v -0.1 1 -0.299999
v -0.1 1.1 1.9
v -0.1 1.1 1.8
v -0.1 1.1 -0.2
v -0.1 1.1 -0.299999
v -0.1 1.2 1.9
v -0.1 1.2 1.8
v -0.1 1.3 6.6
v -0.1 1.3 6.4
v -0.1 1.4 6.6
v -0.1 1.4 6.4
v 0 0.3 -12.7
v 0 0.3 -12.8
v 0 0.4 -12.7
v 0 0.4 -12.8
v 0 1.2 4
v 0 1.2 3.9
v 0 1.3 6.4
v 0 1.3 6.3
v 0 1.3 4
v 0 1.3 3.9
v 0 1.4 8.5
v 0 1.4 8.4
v 0 1.4 6.4
v 0 1.4 6.3
v 0 1.5 8.5
v 0 1.5 8.4
v 0.0999994 0.4 -11.5
v 0.0999994 0.4 -11.6
v 0.0999994 0.5 -10.4
v 0.0999994 0.5 -10.5
v 0.0999994 0.5 -11.5
v 0.0999994 0.5 -11.6
v 0.0999994 0.6 -9
v 0.0999994 0.6 -9.1
v 0.0999994 0.6 -10.4
v 0.0999994 0.6 -10.5
v 0.0999994 0.7 -6.6
v 0.0999994 0.7 -6.7
v 0.0999994 0.7 -9
v 0.0999994 0.7 -9.1
v 0.0999994 0.8 -4.2
v 0.0999994 0.8 -4.3
v 0.0999994 0.8 -6.6
v 0.0999994 0.8 -6.7
v 0.0999994 0.9 -2.4
v 0.0999994 0.9 -2.5
v 0.0999994 0.9 -4.2
v 0.0999994 0.9 -4.3
v 0.0999994 1 -0.299999
v 0.0999994 1 -0.4
v 0.0999994 1 -2.4
v 0.0999994 1 -2.5
v 0.0999994 1.1 -0.299999
v 0.0999994 1.1 -0.4
v 0.2 0.7 -6.7
v 0.2 0.7 -6.8
v 0.2 0.8 -6.7
v 0.2 0.8 -6.8
v 0.2 1 -0.4
v 0.2 1 -0.5
v 0.2 1.1 1.8
v 0.2 1.1 1.7
v 0.2 1.1 -0.4
v 0.2 1.1 -0.5
v 0.2 1.2 3.9
v 0.2 1.2 3.8
v 0.2 1.2 1.8
v 0.2 1.2 1.7
v 0.2 1.3 6.3
v 0.2 1.3 6.2
v 0.2 1.3 3.9
v 0.2 1.3 3.8
v 0.2 1.4 6.3
v 0.2 1.4 6.2
v 0.299999 0.4 -11.6
v 0.299999 0.4 -11.7
v 0.299999 0.5 -11.6
v 0.299999 0.5 -11.7
v 0.299999 0.6 -9.1
v 0.299999 0.6 -9.2
v 0.299999 0.7 -9.1
v 0.299999 0.7 -9.2
v 0.299999 1 -0.5
v 0.299999 1 -0.599999
v 0.299999 1.1 -0.5
v 0.299999 1.1 -0.599999
v 0.4 0.5 -10.5
v 0.4 0.5 -10.6
v 0.4 0.6 -10.5
v 0.4 0.6 -10.6
v 0.4 0.7 -6.8
v 0.4 0.7 -6.9
v 0.4 0.8 -6.8
v 0.4 0.8 -6.9
v 0.4 0.9 -2.5
v 0.4 0.9 -2.6
v 0.4 1 -2.5
v 0.4 1 -2.6
v 0.4 1.1 1.7
v 0.4 1.1 1.6
v 0.4 1.2 1.7
v 0.4 1.2 1.6
v 0.4 1.3 6.2
v 0.4 1.3 6.1
v 0.4 1.4 8.4
v 0.4 1.4 8.3
v 0.4 1.4 6.2
v 0.4 1.4 6.1
v 0.4 1.5 8.4
v 0.4 1.5 8.3
v 0.5 0.4 -11.7
v 0.5 0.4 -11.8
v 0.5 0.5 -11.7
v 0.5 0.5 -11.8
v 0.5 0.6 -9.2
v 0.5 0.6 -9.3
v 0.5 0.7 -6.9
v 0.5 0.7 -7
v 0.5 0.7 -9.2
v 0.5 0.7 -9.3
v 0.5 0.8 -6.9
v 0.5 0.8 -7
v 0.5 1 -0.599999
v 0.5 1 -0.7
v 0.5 1.1 -0.599999
v 0.5 1.1 -0.7
v 0.599999 0.4 -11.8
v 0.599999 0.4 -11.9
v 0.599999 0.5 -11.8
v 0.599999 0.5 -11.9
v 0.599999 1 -0.7
v 0.599999 1 -0.799999
v 0.599999 1.1 1.6
v 0.599999 1.1 1.5
v 0.599999 1.1 -0.7
v 0.599999 1.1 -0.799999
v 0.599999 1.2 1.6
v 0.599999 1.2 1.5
v 0.599999 1.3 6.1
v 0.599999 1.3 6
v 0.599999 1.4 6.1
v 0.599999 1.4 6
v 0.7 0.6 -9.3
v 0.7 0.6 -9.4
v 0.7 0.7 -7
v 0.7 0.7 -7.2
v 0.7 0.7 -9.3
v 0.7 0.7 -9.4
v 0.7 0.8 -7
v 0.7 0.8 -7.2
v 0.7 0.9 -2.6
v 0.7 0.9 -2.7
v 0.7 1 -0.799999
v 0.7 1 -0.9
v 0.7 1 -2.6
v 0.7 1 -2.7
v 0.7 1.1 -0.799999
v 0.7 1.1 -0.9
v 0.799999 0.4 -11.9
v 0.799999 0.4 -12
v 0.799999 0.5 -11.9
v 0.799999 0.5 -12
v 0.799999 0.8 -4.3
v 0.799999 0.8 -4.4
v 0.799999 0.9 -4.3
v 0.799999 0.9 -4.4
v 0.799999 1.2 3.8
v 0.799999 1.2 3.7
v 0.799999 1.3 6
v 0.799999 1.3 5.9
v 0.799999 1.3 3.8
v 0.799999 1.3 3.7
v 0.799999 1.4 8.3
v 0.799999 1.4 8.2
v 0.799999 1.4 6
v 0.799999 1.4 5.9
v 0.799999 1.5 8.3
v 0.799999 1.5 8.2
v 0.9 0.5 -10.6
v 0.9 0.5 -10.7
v 0.9 0.6 -10.6
v 0.9 0.6 -10.7
v 0.9 0.7 -7.2
v 0.9 0.7 -7.3
v 0.9 0.8 -7.2
v 0.9 0.8 -7.3
v 0.9 1 -0.9
v 0.9 1 -1.1
v 0.9 1.1 1.5
v 0.9 1.1 1.4
v 0.9 1.1 -0.9
v 0.9 1.1 -1.1
v 0.9 1.2 1.5
v 0.9 1.2 1.4
v 1 0.6 -9.4
v 1 0.6 -9.5
v 1 0.7 -7.3
v 1 0.7 -7.4
v 1 0.7 -9.4
v 1 0.7 -9.5
v 1 0.8 -7.3
v 1 0.8 -7.4
v 1 1 -1.1
v 1 1 -1.2
v 1 1.1 -1.1
v 1 1.1 -1.2
v 1 1.2 3.7
v 1 1.2 3.6
v 1 1.3 5.9
v 1 1.3 5.8
v 1 1.3 3.7
v 1 1.3 3.6
v 1 1.4 5.9
v 1 1.4 5.8
v 1.1 0.4 -12
v 1.1 0.4 -12.1
v 1.1 0.5 -12
v 1.1 0.5 -12.1
v 1.1 0.9 -2.7
v 1.1 0.9 -2.8
v 1.1 1 -1.2
v 1.1 1 -1.3
v 1.1 1 -2.7
v 1.1 1 -2.8
v 1.1 1.1 1.4
v 1.1 1.1 1.3
v 1.1 1.1 -1.2
v 1.1 1.1 -1.3
v 1.1 1.2 1.4
v 1.1 1.2 1.3
v 1.1 1.4 8.2
v 1.1 1.4 8.1
v 1.1 1.5 8.2
v 1.1 1.5 8.1
v 1.2 0.7 -7.4
v 1.2 0.7 -7.5
v 1.2 0.8 -7.4
v 1.2 0.8 -7.5
v 1.2 1 -1.3
v 1.2 1 -1.4
v 1.2 1.1 -1.3
v 1.2 1.1 -1.4
v 1.3 0.6 -9.5
v 1.3 0.6 -9.6
v 1.3 0.7 -7.5
v 1.3 0.7 -7.6
v 1.3 0.7 -9.5
v 1.3 0.7 -9.6
v 1.3 0.8 -4.4
v 1.3 0.8 -4.5
v 1.3 0.8 -7.5
v 1.3 0.8 -7.6
v 1.3 0.9 -4.4
v 1.3 0.9 -4.5
v 1.3 1 -1.4
v 1.3 1 -1.5
v 1.3 1.1 -1.4
v 1.3 1.1 -1.5
v 1.3 1.3 5.8
v 1.3 1.3 5.7
v 1.3 1.4 5.8
v 1.3 1.4 5.7
v 1.4 0.4 -12.1
v 1.4 0.4 -12.2
v 1.4 0.5 -12.1
v 1.4 0.5 -12.2
v 1.4 0.9 -2.8
v 1.4 0.9 -2.9
v 1.4 1 -1.5
v 1.4 1 -1.6
v 1.4 1 -2.8
v 1.4 1 -2.9
v 1.4 1.1 1.3
v 1.4 1.1 1.2
v 1.4 1.1 -1.5
v 1.4 1.1 -1.6
v 1.4 1.2 1.3
v 1.4 1.2 1.2
v 1.4 1.4 8.1
v 1.4 1.4 8
v 1.4 1.5 8.1
v 1.4 1.5 8
v 1.5 0.5 -10.7
v 1.5 0.5 -10.8
v 1.5 0.6 -10.7
v 1.5 0.6 -10.8
v 1.5 0.7 -7.6
v 1.5 0.7 -7.7
v 1.5 0.8 -7.6
v 1.5 0.8 -7.7
v 1.5 1 -1.6
v 1.5 1 -1.7
v 1.5 1.1 -1.6
v 1.5 1.1 -1.7
v 1.5 1.2 3.6
v 1.5 1.2 3.5
v 1.5 1.3 3.6
v 1.5 1.3 3.5
v 1.6 0.4 -12.2
v 1.6 0.4 -12.3
v 1.6 0.5 -12.2
v 1.6 0.5 -12.3
v 1.6 0.6 -9.6
v 1.6 0.6 -9.7
v 1.6 0.7 -9.6
v 1.6 0.7 -9.7
v 1.6 0.8 -4.5
v 1.6 0.8 -4.6
v 1.6 0.9 -4.5
v 1.6 0.9 -4.6
v 1.6 1.3 5.7
v 1.6 1.3 5.6
v 1.6 1.4 8
v 1.6 1.4 7.9
v 1.6 1.4 5.7
v 1.6 1.4 5.6
v 1.6 1.5 8
v 1.6 1.5 7.9
v 1.7 0.9 -2.9
v 1.7 0.9 -3
v 1.7 1 -1.7
v 1.7 1 -1.8
v 1.7 1 -2.9
v 1.7 1 -3
v 1.7 1.1 1.2
v 1.7 1.1 1.1
v 1.7 1.1 -1.7
v 1.7 1.1 -1.8
v 1.7 1.2 1.2
v 1.7 1.2 1.1
v 1.8 0.6 -9.7
v 1.8 0.6 -9.8
v 1.8 0.7 -7.7
v 1.8 0.7 -7.8
v 1.8 0.7 -9.7
v 1.8 0.7 -9.8
v 1.8 0.8 -7.7
v 1.8 0.8 -7.8
v 1.8 1 -1.8
v 1.8 1 -1.9
v 1.8 1.1 -1.8
v 1.8 1.1 -1.9
v 1.8 1.4 7.9
v 1.8 1.4 7.8
v 1.8 1.5 7.9
v 1.8 1.5 7.8
v 1.9 0.9 -3
v 1.9 0.9 -3.1
v 1.9 1 -3
v 1.9 1 -3.1
v 1.9 1.1 1.1
v 1.9 1.1 1
v 1.9 1.2 3.5
v 1.9 1.2 3.4
v 1.9 1.2 1.1
v 1.9 1.2 1
v 1.9 1.3 5.6
v 1.9 1.3 5.5
v 1.9 1.3 3.5
v 1.9 1.3 3.4
v 1.9 1.4 7.8
v 1.9 1.4 7.7
v 1.9 1.4 5.6
v 1.9 1.4 5.5
v 1.9 1.5 7.8
v 1.9 1.5 7.7
v 2 1 -1.9
v 2 1 -2
v 2 1.1 -1.9
v 2 1.1 -2
v 2.1 0.6 -9.8
v 2.1 0.6 -9.9
v 2.1 0.7 -9.8
v 2.1 0.7 -9.9
v 2.2 0.4 -12.3
v 2.2 0.4 -12.4
v 2.2 0.5 -10.8
v 2.2 0.5 -10.9
v 2.2 0.5 -12.3
v 2.2 0.5 -12.4
v 2.2 0.6 -10.8
v 2.2 0.6 -10.9
v 2.2 0.7 -7.8
v 2.2 0.7 -7.9
v 2.2 0.8 -4.6
v 2.2 0.8 -4.7
v 2.2 0.8 -7.8
v 2.2 0.8 -7.9
v 2.2 0.9 -3.1
v 2.2 0.9 -3.2
v 2.2 0.9 -4.6
v 2.2 0.9 -4.7
v 2.2 1 -2
v 2.2 1 -2.1
v 2.2 1 -3.1
v 2.2 1 -3.2
v 2.2 1.1 1
v 2.2 1.1 0.900001
v 2.2 1.1 -2
v 2.2 1.1 -2.1
v 2.2 1.2 3.4
v 2.2 1.2 3.3
v 2.2 1.2 1
v 2.2 1.2 0.900001
v 2.2 1.3 5.5
v 2.2 1.3 5.4
v 2.2 1.3 3.4
v 2.2 1.3 3.3
v 2.2 1.4 7.7
v 2.2 1.4 7.6
v 2.2 1.4 5.5
v 2.2 1.4 5.4
v 2.2 1.5 7.7
v 2.2 1.5 7.6
v 2.4 0.4 -12.4
v 2.4 0.4 -12.5
v 2.4 0.5 -12.4
v 2.4 0.5 -12.5
v 2.4 0.6 -9.9
v 2.4 0.6 -10
v 2.4 0.7 -9.9
v 2.4 0.7 -10
v 2.4 1.1 0.900001
v 2.4 1.1 0.8
v 2.4 1.2 3.3
v 2.4 1.2 3.2
v 2.4 1.2 0.900001
v 2.4 1.2 0.8
v 2.4 1.3 3.3
v 2.4 1.3 3.2
v 2.5 0.5 -10.9
v 2.5 0.5 -11
v 2.5 0.6 -10.9
v 2.5 0.6 -11
v 2.5 0.8 -4.7
v 2.5 0.8 -4.8
v 2.5 0.9 -3.2
v 2.5 0.9 -3.3
v 2.5 0.9 -4.7
v 2.5 0.9 -4.8
v 2.5 1 -2.1
v 2.5 1 -2.2
v 2.5 1 -3.2
v 2.5 1 -3.3
v 2.5 1.1 -2.1
v 2.5 1.1 -2.2
v 2.5 1.3 5.4
v 2.5 1.3 5.3
v 2.5 1.4 5.4
v 2.5 1.4 5.3
v 2.6 0.8 -4.8
v 2.6 0.8 -4.9
v 2.6 0.9 -4.8
v 2.6 0.9 -4.9
v 2.6 1.1 0.8
v 2.6 1.1 0.700001
v 2.6 1.2 3.2
v 2.6 1.2 3.1
v 2.6 1.2 0.8
v 2.6 1.2 0.700001
v 2.6 1.3 3.2
v 2.6 1.3 3.1
v 2.6 1.4 7.6
v 2.6 1.4 7.5
v 2.6 1.5 7.6
v 2.6 1.5 7.5
v 2.7 1.3 5.3
v 2.7 1.3 5.2
v 2.7 1.4 5.3
v 2.7 1.4 5.2
v 2.8 0.5 -11
v 2.8 0.5 -11.1
v 2.8 0.6 -10
v 2.8 0.6 -10.1
v 2.8 0.6 -11
v 2.8 0.6 -11.1
v 2.8 0.7 -7.9
v 2.8 0.7 -8
v 2.8 0.7 -10
v 2.8 0.7 -10.1
v 2.8 0.8 -4.9
v 2.8 0.8 -5
v 2.8 0.8 -7.9
v 2.8 0.8 -8
v 2.8 0.9 -3.3
v 2.8 0.9 -3.4
v 2.8 0.9 -4.9
v 2.8 0.9 -5
v 2.8 1 -2.2
v 2.8 1 -2.3
v 2.8 1 -3.3
v 2.8 1 -3.4
v 2.8 1.1 0.700001
v 2.8 1.1 0.6
v 2.8 1.1 -2.2
v 2.8 1.1 -2.3
v 2.8 1.2 3.1
v 2.8 1.2 3
v 2.8 1.2 0.700001
v 2.8 1.2 0.6
v 2.8 1.3 3.1
v 2.8 1.3 3
v 2.9 0.4 -12.5
v 2.9 0.4 -12.6
v 2.9 0.5 -12.5
v 2.9 0.5 -12.6
v 2.9 0.8 -5
v 2.9 0.8 -5.1
v 2.9 0.9 -5
v 2.9 0.9 -5.1
v 2.9 1.3 5.2
v 2.9 1.3 5.1
v 2.9 1.4 7.5
v 2.9 1.4 7.4
v 2.9 1.4 5.2
v 2.9 1.4 5.1
v 2.9 1.5 7.5
v 2.9 1.5 7.4
v 3 1.1 0.6
v 3 1.1 0.5
v 3 1.2 3
v 3 1.2 2.9
v 3 1.2 0.6
v 3 1.2 0.5
v 3 1.3 5.1
v 3 1.3 5
v 3 1.3 3
v 3 1.3 2.9
v 3 1.4 5.1
v 3 1.4 5
v 3.1 0.5 -11.1
v 3.1 0.5 -11.2
v 3.1 0.6 -11.1
v 3.1 0.6 -11.2
v 3.1 0.7 -8
v 3.1 0.7 -8.1
v 3.1 0.8 -5.1
v 3.1 0.8 -5.2
v 3.1 0.8 -8
v 3.1 0.8 -8.1
v 3.1 0.9 -5.1
v 3.1 0.9 -5.2
v 3.1 1 -2.3
v 3.1 1 -2.4
v 3.1 1.1 -2.3
v 3.1 1.1 -2.4
v 3.1 1.2 2.9
v 3.1 1.2 2.8
v 3.1 1.3 2.9
v 3.1 1.3 2.8
v 3.2 0.6 -10.1
v 3.2 0.6 -10.2
v 3.2 0.7 -10.1
v 3.2 0.7 -10.2
v 3.2 1.3 5
v 3.2 1.3 4.9
v 3.2 1.4 7.4
v 3.2 1.4 7.3
v 3.2 1.4 5
v 3.2 1.4 4.9
v 3.2 1.5 7.4
v 3.2 1.5 7.3
v 3.3 0.4 -12.6
v 3.3 0.4 -12.7
v 3.3 0.5 -11.2
v 3.3 0.5 -11.3
v 3.3 0.5 -12.6
v 3.3 0.5 -12.7
v 3.3 0.6 -11.2
v 3.3 0.6 -11.3
v 3.3 0.8 -5.2
v 3.3 0.8 -5.3
v 3.3 0.9 -5.2
v 3.3 0.9 -5.3
v 3.3 1.1 0.5
v 3.3 1.1 0.400001
v 3.3 1.2 2.8
v 3.3 1.2 2.7
v 3.3 1.2 0.5
v 3.3 1.2 0.400001
v 3.3 1.3 4.9
v 3.3 1.3 4.8
v 3.3 1.3 2.8
v 3.3 1.3 2.7
v 3.3 1.4 4.9
v 3.3 1.4 4.8
v 3.4 0.7 -8.1
v 3.4 0.7 -8.2
v 3.4 0.8 -8.1
v 3.4 0.8 -8.2
v 3.4 1.1 0.400001
v 3.4 1.1 0.3
v 3.4 1.2 2.7
v 3.4 1.2 2.6
v 3.4 1.2 0.400001
v 3.4 1.2 0.3
v 3.4 1.3 2.7
v 3.4 1.3 2.6
v 3.5 0.8 -5.3
v 3.5 0.8 -5.4
v 3.5 0.9 -3.4
v 3.5 0.9 -3.5
v 3.5 0.9 -5.3
v 3.5 0.9 -5.4
v 3.5 1 -2.4
v 3.5 1 -2.5
v 3.5 1 -3.4
v 3.5 1 -3.5
v 3.5 1.1 0.3
v 3.5 1.1 0.1
v 3.5 1.1 -2.4
v 3.5 1.1 -2.5
v 3.5 1.2 2.6
v 3.5 1.2 2.5
v 3.5 1.2 0.3
v 3.5 1.2 0.1
v 3.5 1.3 4.8
v 3.5 1.3 4.7
v 3.5 1.3 2.6
v 3.5 1.3 2.5
v 3.5 1.4 7.3
v 3.5 1.4 7.2
v 3.5 1.4 4.8
v 3.5 1.4 4.7
v 3.5 1.5 7.3
v 3.5 1.5 7.2
v 3.6 0.6 -10.2
v 3.6 0.6 -10.3
v 3.6 0.7 -10.2
v 3.6 0.7 -10.3
v 3.6 1.1 0.1
v 3.6 1.1 0
v 3.6 1.2 2.5
v 3.6 1.2 2.4
v 3.6 1.2 0.1
v 3.6 1.2 0
v 3.6 1.3 2.5
v 3.6 1.3 2.4
v 3.7 0.5 -11.3
v 3.7 0.5 -11.4
v 3.7 0.6 -11.3
v 3.7 0.6 -11.4
v 3.7 0.7 -8.2
v 3.7 0.7 -8.3
v 3.7 0.8 -5.4
v 3.7 0.8 -5.5
v 3.7 0.8 -8.2
v 3.7 0.8 -8.3
v 3.7 0.9 -3.5
v 3.7 0.9 -3.6
v 3.7 0.9 -5.4
v 3.7 0.9 -5.5
v 3.7 1 -2.5
v 3.7 1 -2.6
v 3.7 1 -3.5
v 3.7 1 -3.6
v 3.7 1.1 -2.5
v 3.7 1.1 -2.6
v 3.7 1.3 4.7
v 3.7 1.3 4.6
v 3.7 1.4 7.2
v 3.7 1.4 7.1
v 3.7 1.4 4.7
v 3.7 1.4 4.6
v 3.7 1.5 7.2
v 3.7 1.5 7.1
v 3.8 1.1 0
v 3.8 1.1 -0.0999994
v 3.8 1.2 2.4
v 3.8 1.2 2.3
v 3.8 1.2 0
v 3.8 1.2 -0.0999994
v 3.8 1.3 2.4
v 3.8 1.3 2.3
v 3.9 0.5 -11.4
v 3.9 0.5 -11.5
v 3.9 0.6 -11.4
v 3.9 0.6 -11.5
v 3.9 0.8 -5.5
v 3.9 0.8 -5.6
v 3.9 0.9 -3.6
v 3.9 0.9 -3.7
v 3.9 0.9 -5.5
v 3.9 0.9 -5.6
v 3.9 1 -2.6
v 3.9 1 -2.7
v 3.9 1 -3.6
v 3.9 1 -3.7
v 3.9 1.1 -2.6
v 3.9 1.1 -2.7
v 4 0.6 -10.3
v 4 0.6 -10.4
v 4 0.7 -8.3
v 4 0.7 -8.4
v 4 0.7 -10.3
v 4 0.7 -10.4
v 4 0.8 -8.3
v 4 0.8 -8.4
v 4 1.1 -0.0999994
v 4 1.1 -0.2
v 4 1.2 -0.0999994
v 4 1.2 -0.2
v 4 1.3 4.6
v 4 1.3 4.5
v 4 1.4 4.6
v 4 1.4 4.5
v 4.1 0.4 -12.7
v 4.1 0.4 -12.8
v 4.1 0.5 -11.5
v 4.1 0.5 -11.6
v 4.1 0.5 -12.7
v 4.1 0.5 -12.8
v 4.1 0.6 -11.5
v 4.1 0.6 -11.6
v 4.1 0.8 -5.6
v 4.1 0.8 -5.7
v 4.1 0.9 -3.7
v 4.1 0.9 -3.8
v 4.1 0.9 -5.6
v 4.1 0.9 -5.7
v 4.1 1 -2.7
v 4.1 1 -2.8
v 4.1 1 -3.7
v 4.1 1 -3.8
v 4.1 1.1 -0.2
v 4.1 1.1 -0.299999
v 4.1 1.1 -2.7
v 4.1 1.1 -2.8
v 4.1 1.2 2.3
v 4.1 1.2 2.2
v 4.1 1.2 -0.2
v 4.1 1.2 -0.299999
v 4.1 1.3 2.3
v 4.1 1.3 2.2
v 4.1 1.4 7.1
v 4.1 1.4 7
v 4.1 1.5 7.1
v 4.1 1.5 7
v 4.2 1.3 4.5
v 4.2 1.3 4.4
v 4.2 1.4 4.5
v 4.2 1.4 4.4
v 4.3 0.5 -11.6
v 4.3 0.5 -11.7
v 4.3 0.6 -11.6
v 4.3 0.6 -11.7
v 4.3 0.7 -8.4
v 4.3 0.7 -8.5
v 4.3 0.8 -5.7
v 4.3 0.8 -5.8
v 4.3 0.8 -8.4
v 4.3 0.8 -8.5
v 4.3 0.9 -5.7
v 4.3 0.9 -5.8
v 4.3 1.1 -0.299999
v 4.3 1.1 -0.4
v 4.3 1.2 -0.299999
v 4.3 1.2 -0.4
v 4.4 0.9 -3.8
v 4.4 0.9 -3.9
v 4.4 1 -3.8
v 4.4 1 -3.9
v 4.4 1.1 -0.4
v 4.4 1.1 -0.5
v 4.4 1.2 2.2
v 4.4 1.2 2.1
v 4.4 1.2 -0.4
v 4.4 1.2 -0.5
v 4.4 1.3 2.2
v 4.4 1.3 2.1
v 4.5 0.6 -10.4
v 4.5 0.6 -10.5
v 4.5 0.7 -10.4
v 4.5 0.7 -10.5
v 4.5 1.3 4.4
v 4.5 1.3 4.3
v 4.5 1.4 7
v 4.5 1.4 6.9
v 4.5 1.4 4.4
v 4.5 1.4 4.3
v 4.5 1.5 7
v 4.5 1.5 6.9
v 4.6 0.8 -5.8
v 4.6 0.8 -5.9
v 4.6 0.9 -3.9
v 4.6 0.9 -4
v 4.6 0.9 -5.8
v 4.6 0.9 -5.9
v 4.6 1 -2.8
v 4.6 1 -2.9
v 4.6 1 -3.9
v 4.6 1 -4
v 4.6 1.1 -0.5
v 4.6 1.1 -0.599999
v 4.6 1.1 -2.8
v 4.6 1.1 -2.9
v 4.6 1.2 -0.5
v 4.6 1.2 -0.599999
v 4.7 0.5 -11.7
v 4.7 0.5 -11.8
v 4.7 0.6 -11.7
v 4.7 0.6 -11.8
v 4.7 0.7 -8.5
v 4.7 0.7 -8.6
v 4.7 0.8 -8.5
v 4.7 0.8 -8.6
v 4.7 1.1 -0.599999
v 4.7 1.1 -0.7
v 4.7 1.2 -0.599999
v 4.7 1.2 -0.7
v 4.8 0.8 -5.9
v 4.8 0.8 -6
v 4.8 0.9 -5.9
v 4.8 0.9 -6
v 4.8 1 -2.9
v 4.8 1 -3
v 4.8 1.1 -2.9
v 4.8 1.1 -3
v 4.8 1.2 2.1
v 4.8 1.2 2
v 4.8 1.3 4.3
v 4.8 1.3 4.2
v 4.8 1.3 2.1
v 4.8 1.3 2
v 4.8 1.4 4.3
v 4.8 1.4 4.2
v 4.9 0.5 -11.8
v 4.9 0.5 -11.9
v 4.9 0.6 -11.8
v 4.9 0.6 -11.9
v 4.9 0.7 -8.6
v 4.9 0.7 -8.7
v 4.9 0.8 -6
v 4.9 0.8 -6.1
v 4.9 0.8 -8.6
v 4.9 0.8 -8.7
v 4.9 0.9 -4
v 4.9 0.9 -4.1
v 4.9 0.9 -6
v 4.9 0.9 -6.1
v 4.9 1 -4
v 4.9 1 -4.1
v 5 0.5 -11.9
v 5 0.5 -12
v 5 0.6 -10.5
v 5 0.6 -10.6
v 5 0.6 -11.9
v 5 0.6 -12
v 5 0.7 -10.5
v 5 0.7 -10.6
v 5 0.8 -6.1
v 5 0.8 -6.2
v 5 0.9 -6.1
v 5 0.9 -6.2
v 5.1 0.9 -4.1
v 5.1 0.9 -4.2
v 5.1 1 -3
v 5.1 1 -3.1
v 5.1 1 -4.1
v 5.1 1 -4.2
v 5.1 1.1 -3
v 5.1 1.1 -3.1
v 5.1 1.3 4.2
v 5.1 1.3 4.1
v 5.1 1.4 4.2
v 5.1 1.4 4.1
v 5.2 0.5 -12
v 5.2 0.5 -12.1
v 5.2 0.6 -12
v 5.2 0.6 -12.1
v 5.2 0.8 -6.2
v 5.2 0.8 -6.3
v 5.2 0.9 -6.2
v 5.2 0.9 -6.3
v 5.3 0.5 -12.1
v 5.3 0.5 -12.2
v 5.3 0.6 -12.1
v 5.3 0.6 -12.2
v 5.3 0.7 -8.7
v 5.3 0.7 -8.8
v 5.3 0.8 -6.3
v 5.3 0.8 -6.4
v 5.3 0.8 -8.7
v 5.3 0.8 -8.8
v 5.3 0.9 -4.2
v 5.3 0.9 -4.3
v 5.3 0.9 -6.3
v 5.3 0.9 -6.4
v 5.3 1 -3.1
v 5.3 1 -3.2
v 5.3 1 -4.2
v 5.3 1 -4.3
v 5.3 1.1 -3.1
v 5.3 1.1 -3.2
v 5.3 1.2 2
v 5.3 1.2 1.9
v 5.3 1.3 4.1
v 5.3 1.3 4
v 5.3 1.3 2
v 5.3 1.3 1.9
v 5.3 1.4 4.1
v 5.3 1.4 4
v 5.4 0.5 -12.2
v 5.4 0.5 -12.3
v 5.4 0.6 -10.6
v 5.4 0.6 -10.7
v 5.4 0.6 -12.2
v 5.4 0.6 -12.3
v 5.4 0.7 -10.6
v 5.4 0.7 -10.7
v 5.5 0.8 -6.4
v 5.5 0.8 -6.5
v 5.5 0.9 -4.3
v 5.5 0.9 -4.4
v 5.5 0.9 -6.4
v 5.5 0.9 -6.5
v 5.5 1 -4.3
v 5.5 1 -4.4
v 5.5 1.1 -0.7
v 5.5 1.1 -0.799999
v 5.5 1.2 -0.7
v 5.5 1.2 -0.799999
v 5.6 0.5 -12.3
v 5.6 0.5 -12.4
v 5.6 0.6 -12.3
v 5.6 0.6 -12.4
v 5.6 0.8 -6.5
v 5.6 0.8 -6.6
v 5.6 0.9 -4.4
v 5.6 0.9 -4.5
v 5.6 0.9 -6.5
v 5.6 0.9 -6.6
v 5.6 1 -3.2
v 5.6 1 -3.3
v 5.6 1 -4.4
v 5.6 1 -4.5
v 5.6 1.1 -3.2
v 5.6 1.1 -3.3
v 5.6 1.3 4
v 5.6 1.3 3.9
v 5.6 1.4 4
v 5.6 1.4 3.9
v 5.7 0.7 -8.8
v 5.7 0.7 -8.9
v 5.7 0.8 -6.6
v 5.7 0.8 -6.7
v 5.7 0.8 -8.8
v 5.7 0.8 -8.9
v 5.7 0.9 -4.5
v 5.7 0.9 -4.6
v 5.7 0.9 -6.6
v 5.7 0.9 -6.7
v 5.7 1 -4.5
v 5.7 1 -4.6
v 5.7 1.2 1.9
v 5.7 1.2 1.8
v 5.7 1.3 1.9
v 5.7 1.3 1.8
v 5.8 0.5 -12.4
v 5.8 0.5 -12.5
v 5.8 0.6 -10.7
v 5.8 0.6 -10.8
v 5.8 0.6 -12.4
v 5.8 0.6 -12.5
v 5.8 0.7 -10.7
v 5.8 0.7 -10.8
v 5.8 0.9 -4.6
v 5.8 0.9 -4.7
v 5.8 1 -3.3
v 5.8 1 -3.4
v 5.8 1 -4.6
v 5.8 1 -4.7
v 5.8 1.1 -3.3
v 5.8 1.1 -3.4
v 5.9 0.5 -12.5
v 5.9 0.5 -12.6
v 5.9 0.6 -12.5
v 5.9 0.6 -12.6
v 5.9 0.7 -8.9
v 5.9 0.7 -9
v 5.9 0.8 -6.7
v 5.9 0.8 -6.8
v 5.9 0.8 -8.9
v 5.9 0.8 -9
v 5.9 0.9 -4.7
v 5.9 0.9 -4.8
v 5.9 0.9 -6.7
v 5.9 0.9 -6.8
v 5.9 1 -4.7
v 5.9 1 -4.8
v 5.9 1.3 3.9
v 5.9 1.3 3.8
v 5.9 1.4 3.9
v 5.9 1.4 3.8
v 6 0.8 -6.8
v 6 0.8 -6.9
v 6 0.9 -4.8
v 6 0.9 -4.9
v 6 0.9 -6.8
v 6 0.9 -6.9
v 6 1 -4.8
v 6 1 -4.9
v 6.1 0.5 -12.6
v 6.1 0.5 -12.7
v 6.1 0.6 -10.8
v 6.1 0.6 -10.9
v 6.1 0.6 -12.6
v 6.1 0.6 -12.7
v 6.1 0.7 -10.8
v 6.1 0.7 -10.9
v 6.1 0.8 -6.9
v 6.1 0.8 -7
v 6.1 0.9 -4.9
v 6.1 0.9 -5.1
v 6.1 0.9 -6.9
v 6.1 0.9 -7
v 6.1 1 -3.4
v 6.1 1 -3.5
v 6.1 1 -4.9
v 6.1 1 -5.1
v 6.1 1.1 -3.4
v 6.1 1.1 -3.5
v 6.1 1.2 1.8
v 6.1 1.2 1.7
v 6.1 1.3 1.8
v 6.1 1.3 1.7
v 6.2 0.9 -5.1
v 6.2 0.9 -5.2
v 6.2 1 -5.1
v 6.2 1 -5.2
v 6.2 1.1 -0.799999
v 6.2 1.1 -0.9
v 6.2 1.2 -0.799999
v 6.2 1.2 -0.9
v 6.2 1.3 3.8
v 6.2 1.3 3.7
v 6.2 1.4 3.8
v 6.2 1.4 3.7
v 6.3 0.7 -9
v 6.3 0.7 -9.1
v 6.3 0.8 -7
v 6.3 0.8 -7.1
v 6.3 0.8 -9
v 6.3 0.8 -9.1
v 6.3 0.9 -5.2
v 6.3 0.9 -5.3
v 6.3 0.9 -7
v 6.3 0.9 -7.1
v 6.3 1 -5.2
v 6.3 1 -5.3
v 6.4 0.5 -12.7
v 6.4 0.5 -12.8
v 6.4 0.6 -10.9
v 6.4 0.6 -11
v 6.4 0.6 -12.7
v 6.4 0.6 -12.8
v 6.4 0.7 -10.9
v 6.4 0.7 -11
v 6.4 0.8 -7.1
v 6.4 0.8 -7.2
v 6.4 0.9 -5.3
v 6.4 0.9 -5.5
v 6.4 0.9 -7.1
v 6.4 0.9 -7.2
v 6.4 1 -5.3
v 6.4 1 -5.5
v 6.5 0.9 -5.5
v 6.5 0.9 -5.6
v 6.5 1 -3.5
v 6.5 1 -3.6
v 6.5 1 -5.5
v 6.5 1 -5.6
v 6.5 1.1 -3.5
v 6.5 1.1 -3.6
v 6.5 1.2 1.7
v 6.5 1.2 1.6
v 6.5 1.3 1.7
v 6.5 1.3 1.6
v 6.6 0.7 -9.1
v 6.6 0.7 -9.2
v 6.6 0.8 -7.2
v 6.6 0.8 -7.3
v 6.6 0.8 -9.1
v 6.6 0.8 -9.2
v 6.6 0.9 -5.6
v 6.6 0.9 -5.7
v 6.6 0.9 -7.2
v 6.6 0.9 -7.3
v 6.6 1 -5.6
v 6.6 1 -5.7
v 6.7 0.8 -7.3
v 6.7 0.8 -7.4
v 6.7 0.9 -5.7
v 6.7 0.9 -5.8
v 6.7 0.9 -7.3
v 6.7 0.9 -7.4
v 6.7 1 -5.7
v 6.7 1 -5.8
v 6.7 1.1 -0.9
v 6.7 1.1 -1
v 6.7 1.2 -0.9
v 6.7 1.2 -1
v 6.8 0.6 -11
v 6.8 0.6 -11.1
v 6.8 0.7 -11
v 6.8 0.7 -11.1
v 6.8 0.9 -5.8
v 6.8 0.9 -5.9
v 6.8 1 -3.6
v 6.8 1 -3.7
v 6.8 1 -5.8
v 6.8 1 -5.9
v 6.8 1.1 -3.6
v 6.8 1.1 -3.7
v 6.9 0.6 -11.1
v 6.9 0.6 -11.2
v 6.9 0.7 -9.2
v 6.9 0.7 -9.3
v 6.9 0.7 -11.1
v 6.9 0.7 -11.2
v 6.9 0.8 -7.4
v 6.9 0.8 -7.5
v 6.9 0.8 -9.2
v 6.9 0.8 -9.3
v 6.9 0.9 -5.9
v 6.9 0.9 -6
v 6.9 0.9 -7.4
v 6.9 0.9 -7.5
v 6.9 1 -5.9
v 6.9 1 -6
v 7 0.8 -7.5
v 7 0.8 -7.6
v 7 0.9 -6
v 7 0.9 -6.2
v 7 0.9 -7.5
v 7 0.9 -7.6
v 7 1 -3.7
v 7 1 -3.8
v 7 1 -6
v 7 1 -6.2
v 7 1.1 -3.7
v 7 1.1 -3.8
v 7.1 1.2 1.6
v 7.1 1.2 1.5
v 7.1 1.3 1.6
v 7.1 1.3 1.5
v 7.2 0.6 -11.2
v 7.2 0.6 -11.3
v 7.2 0.7 -9.3
v 7.2 0.7 -9.4
v 7.2 0.7 -11.2
v 7.2 0.7 -11.3
v 7.2 0.8 -7.6
v 7.2 0.8 -7.7
v 7.2 0.8 -9.3
v 7.2 0.8 -9.4
v 7.2 0.9 -7.6
v 7.2 0.9 -7.7
v 7.2 1.1 -1
v 7.2 1.1 -1.1
v 7.2 1.2 -1
v 7.2 1.2 -1.1
v 7.3 0.9 -6.2
v 7.3 0.9 -6.3
v 7.3 1 -3.8
v 7.3 1 -3.9
v 7.3 1 -6.2
v 7.3 1 -6.3
v 7.3 1.1 -3.8
v 7.3 1.1 -3.9
v 7.4 0.8 -7.7
v 7.4 0.8 -7.8
v 7.4 0.9 -7.7
v 7.4 0.9 -7.8
v 7.4 1.1 -1.1
v 7.4 1.1 -1.2
v 7.4 1.2 1.5
v 7.4 1.2 1.4
v 7.4 1.2 -1.1
v 7.4 1.2 -1.2
v 7.4 1.3 1.5
v 7.4 1.3 1.4
v 7.5 0.6 -11.3
v 7.5 0.6 -11.4
v 7.5 0.7 -9.4
v 7.5 0.7 -9.5
v 7.5 0.7 -11.3
v 7.5 0.7 -11.4
v 7.5 0.8 -7.8
v 7.5 0.8 -7.9
v 7.5 0.8 -9.4
v 7.5 0.8 -9.5
v 7.5 0.9 -6.3
v 7.5 0.9 -6.4
v 7.5 0.9 -7.8
v 7.5 0.9 -7.9
v 7.5 1 -6.3
v 7.5 1 -6.4
v 7.6 1 -3.9
v 7.6 1 -4
v 7.6 1.1 -1.2
v 7.6 1.1 -1.3
v 7.6 1.1 -3.9
v 7.6 1.1 -4
v 7.6 1.2 -1.2
v 7.6 1.2 -1.3
v 7.7 0.6 -11.4
v 7.7 0.6 -11.5
v 7.7 0.7 -11.4
v 7.7 0.7 -11.5
v 7.7 0.8 -7.9
v 7.7 0.8 -8
v 7.7 0.9 -7.9
v 7.7 0.9 -8
v 7.8 0.7 -9.5
v 7.8 0.7 -9.6
v 7.8 0.8 -9.5
v 7.8 0.8 -9.6
v 7.8 0.9 -6.4
v 7.8 0.9 -6.5
v 7.8 1 -6.4
v 7.8 1 -6.5
v 7.9 0.8 -8
v 7.9 0.8 -8.1
v 7.9 0.9 -8
v 7.9 0.9 -8.1
v 7.9 1 -4
v 7.9 1 -4.1
v 7.9 1.1 -4
v 7.9 1.1 -4.1
v 8 0.6 -11.5
v 8 0.6 -11.6
v 8 0.7 -9.6
v 8 0.7 -9.7
v 8 0.7 -11.5
v 8 0.7 -11.6
v 8 0.8 -8.1
v 8 0.8 -8.2
v 8 0.8 -9.6
v 8 0.8 -9.7
v 8 0.9 -6.5
v 8 0.9 -6.6
v 8 0.9 -8.1
v 8 0.9 -8.2
v 8 1 -6.5
v 8 1 -6.6
v 8 1.1 -1.3
v 8 1.1 -1.4
v 8 1.2 -1.3
v 8 1.2 -1.4
v 8.1 0.8 -8.2
v 8.1 0.8 -8.3
v 8.1 0.9 -8.2
v 8.1 0.9 -8.3
v 8.1 1.1 -1.4
v 8.1 1.1 -1.5
v 8.1 1.2 -1.4
v 8.1 1.2 -1.5
v 8.2 0.6 -11.6
v 8.2 0.6 -11.7
v 8.2 0.7 -9.7
v 8.2 0.7 -9.8
v 8.2 0.7 -11.6
v 8.2 0.7 -11.7
v 8.2 0.8 -8.3
v 8.2 0.8 -8.4
v 8.2 0.8 -9.7
v 8.2 0.8 -9.8
v 8.2 0.9 -6.6
v 8.2 0.9 -6.7
v 8.2 0.9 -8.3
v 8.2 0.9 -8.4
v 8.2 1 -6.6
v 8.2 1 -6.7
v 8.3 0.8 -8.4
v 8.3 0.8 -8.5
v 8.3 0.9 -8.4
v 8.3 0.9 -8.5
v 8.3 1 -4.1
v 8.3 1 -4.2
v 8.3 1.1 -1.5
v 8.3 1.1 -1.6
v 8.3 1.1 -4.1
v 8.3 1.1 -4.2
v 8.3 1.2 -1.5
v 8.3 1.2 -1.6
v 8.4 0.6 -11.7
v 8.4 0.6 -11.8
v 8.4 0.7 -9.8
v 8.4 0.7 -9.9
v 8.4 0.7 -11.7
v 8.4 0.7 -11.8
v 8.4 0.8 -8.5
v 8.4 0.8 -8.6
v 8.4 0.8 -9.8
v 8.4 0.8 -9.9
v 8.4 0.9 -8.5
v 8.4 0.9 -8.6
v 8.4 1.1 -1.6
v 8.4 1.1 -1.7
v 8.4 1.2 -1.6
v 8.4 1.2 -1.7
v 8.5 0.8 -8.6
v 8.5 0.8 -8.7
v 8.5 0.9 -6.7
v 8.5 0.9 -6.8
v 8.5 0.9 -8.6
v 8.5 0.9 -8.7
v 8.5 1 -6.7
v 8.5 1 -6.8
v 8.5 1.1 -1.7
v 8.5 1.1 -1.8
v 8.5 1.2 1.4
v 8.5 1.2 1.3
v 8.5 1.2 -1.7
v 8.5 1.2 -1.8
v 8.5 1.3 1.4
v 8.5 1.3 1.3
v 8.6 0.6 -11.8
v 8.6 0.6 -11.9
v 8.6 0.7 -9.9
v 8.6 0.7 -10
v 8.6 0.7 -11.8
v 8.6 0.7 -11.9
v 8.6 0.8 -8.7
v 8.6 0.8 -8.8
v 8.6 0.8 -9.9
v 8.6 0.8 -10
v 8.6 0.9 -8.7
v 8.6 0.9 -8.8
v 8.6 1 -4.2
v 8.6 1 -4.3
v 8.6 1.1 -1.8
v 8.6 1.1 -1.9
v 8.6 1.1 -4.2
v 8.6 1.1 -4.3
v 8.6 1.2 -1.8
v 8.6 1.2 -1.9
v 8.7 0.8 -8.8
v 8.7 0.8 -8.9
v 8.7 0.9 -8.8
v 8.7 0.9 -8.9
v 8.7 1 -4.3
v 8.7 1 -4.4
v 8.7 1.1 -1.9
v 8.7 1.1 -2
v 8.7 1.1 -4.3
v 8.7 1.1 -4.4
v 8.7 1.2 -1.9
v 8.7 1.2 -2
v 8.8 0.6 -11.9
v 8.8 0.6 -12
v 8.8 0.7 -10
v 8.8 0.7 -10.1
v 8.8 0.7 -11.9
v 8.8 0.7 -12
v 8.8 0.8 -8.9
v 8.8 0.8 -9
v 8.8 0.8 -10
v 8.8 0.8 -10.1
v 8.8 0.9 -6.8
v 8.8 0.9 -6.9
v 8.8 0.9 -8.9
v 8.8 0.9 -9
v 8.8 1 -4.4
v 8.8 1 -4.5
v 8.8 1 -6.8
v 8.8 1 -6.9
v 8.8 1.1 -2
v 8.8 1.1 -2.2
v 8.8 1.1 -4.4
v 8.8 1.1 -4.5
v 8.8 1.2 1.3
v 8.8 1.2 1.2
v 8.8 1.2 -2
v 8.8 1.2 -2.2
v 8.8 1.3 1.3
v 8.8 1.3 1.2
v 8.9 0.8 -9
v 8.9 0.8 -9.1
v 8.9 0.9 -9
v 8.9 0.9 -9.1
v 8.9 1 -4.5
v 8.9 1 -4.6
v 8.9 1.1 -2.2
v 8.9 1.1 -2.3
v 8.9 1.1 -4.5
v 8.9 1.1 -4.6
v 8.9 1.2 1.2
v 8.9 1.2 1.1
v 8.9 1.2 -2.2
v 8.9 1.2 -2.3
v 8.9 1.3 1.2
v 8.9 1.3 1.1
v 9 0.7 -10.1
v 9 0.7 -10.2
v 9 0.8 -10.1
v 9 0.8 -10.2
v 9 1 -4.6
v 9 1 -4.7
v 9 1.1 -4.6
v 9 1.1 -4.7
v 9 1.2 1.1
v 9 1.2 1
v 9 1.3 1.1
v 9 1.3 1
v 9.1 0.6 -12
v 9.1 0.6 -12.1
v 9.1 0.7 -12
v 9.1 0.7 -12.1
v 9.1 0.8 -9.1
v 9.1 0.8 -9.2
v 9.1 0.9 -9.1
v 9.1 0.9 -9.2
v 9.1 1 -4.7
v 9.1 1 -4.8
v 9.1 1.1 -2.3
v 9.1 1.1 -2.4
v 9.1 1.1 -4.7
v 9.1 1.1 -4.8
v 9.1 1.2 -2.3
v 9.1 1.2 -2.4
v 9.2 0.7 -10.2
v 9.2 0.7 -10.3
v 9.2 0.8 -9.2
v 9.2 0.8 -9.3
v 9.2 0.8 -10.2
v 9.2 0.8 -10.3
v 9.2 0.9 -9.2
v 9.2 0.9 -9.3
v 9.2 1.1 -2.4
v 9.2 1.1 -2.5
v 9.2 1.2 -2.4
v 9.2 1.2 -2.5
v 9.3 0.6 -12.1
v 9.3 0.6 -12.2
v 9.3 0.7 -12.1
v 9.3 0.7 -12.2
v 9.3 0.9 -6.9
v 9.3 0.9 -7
v 9.3 1 -4.8
v 9.3 1 -4.9
v 9.3 1 -6.9
v 9.3 1 -7
v 9.3 1.1 -2.5
v 9.3 1.1 -2.6
v 9.3 1.1 -4.8
v 9.3 1.1 -4.9
v 9.3 1.2 -2.5
v 9.3 1.2 -2.6
v 9.4 0.6 -12.2
v 9.4 0.6 -12.3
v 9.4 0.7 -10.3
v 9.4 0.7 -10.4
v 9.4 0.7 -12.2
v 9.4 0.7 -12.3
v 9.4 0.8 -10.3
v 9.4 0.8 -10.4
v 9.4 1 -4.9
v 9.4 1 -5
v 9.4 1.1 -2.6
v 9.4 1.1 -2.7
v 9.4 1.1 -4.9
v 9.4 1.1 -5
v 9.4 1.2 1
v 9.4 1.2 0.900001
v 9.4 1.2 -2.6
v 9.4 1.2 -2.7
v 9.4 1.3 1
v 9.4 1.3 0.900001
v 9.5 1.1 -2.7
v 9.5 1.1 -2.8
v 9.5 1.2 -2.7
v 9.5 1.2 -2.8
v 9.6 0.6 -12.3
v 9.6 0.6 -12.4
v 9.6 0.7 -10.4
v 9.6 0.7 -10.5
v 9.6 0.7 -12.3
v 9.6 0.7 -12.4
v 9.6 0.8 -10.4
v 9.6 0.8 -10.5
v 9.6 1 -5
v 9.6 1 -5.1
v 9.6 1.1 -5
v 9.6 1.1 -5.1
v 9.7 0.8 -9.3
v 9.7 0.8 -9.4
v 9.7 0.9 -9.3
v 9.7 0.9 -9.4
v 9.7 1 -5.1
v 9.7 1 -5.2
v 9.7 1.1 -2.8
v 9.7 1.1 -2.9
v 9.7 1.1 -5.1
v 9.7 1.1 -5.2
v 9.7 1.2 0.900001
v 9.7 1.2 0.8
v 9.7 1.2 -2.8
v 9.7 1.2 -2.9
v 9.7 1.3 0.900001
v 9.7 1.3 0.8
v 9.8 0.6 -12.4
v 9.8 0.6 -12.5
v 9.8 0.7 -10.5
v 9.8 0.7 -10.6
v 9.8 0.7 -12.4
v 9.8 0.7 -12.5
v 9.8 0.8 -10.5
v 9.8 0.8 -10.6
v 9.8 0.9 -7
v 9.8 0.9 -7.1
v 9.8 1 -5.2
v 9.8 1 -5.3
v 9.8 1 -7
v 9.8 1 -7.1
v 9.8 1.1 -5.2
v 9.8 1.1 -5.3
v 9.9 0.6 -12.5
v 9.9 0.6 -12.6
v 9.9 0.7 -10.6
v 9.9 0.7 -10.7
v 9.9 0.7 -12.5
v 9.9 0.7 -12.6
v 9.9 0.8 -10.6
v 9.9 0.8 -10.7
v 9.9 1 -5.3
v 9.9 1 -5.4
v 9.9 1.1 -5.3
v 9.9 1.1 -5.4
v 10 1.2 0.8
v 10 1.2 0.700001
v 10 1.3 0.8
v 10 1.3 0.700001
v 10.1 0.8 -9.4
v 10.1 0.8 -9.5
v 10.1 0.9 -7.1
v 10.1 0.9 -7.2
v 10.1 0.9 -9.4
v 10.1 0.9 -9.5
v 10.1 1 -7.1
v 10.1 1 -7.2
v 10.2 0.6 -12.6
v 10.2 0.6 -12.7
v 10.2 0.7 -10.7
v 10.2 0.7 -10.8
v 10.2 0.7 -12.6
v 10.2 0.7 -12.7
v 10.2 0.8 -10.7
v 10.2 0.8 -10.8
v 10.2 1 -5.4
v 10.2 1 -5.5
v 10.2 1.1 -5.4
v 10.2 1.1 -5.5
v 10.3 0.7 -10.8
v 10.3 0.7 -10.9
v 10.3 0.8 -10.8
v 10.3 0.8 -10.9
v 10.4 0.6 -12.7
v 10.4 0.6 -12.8
v 10.4 0.7 -10.9
v 10.4 0.7 -11
v 10.4 0.7 -12.7
v 10.4 0.7 -12.8
v 10.4 0.8 -9.5
v 10.4 0.8 -9.6
v 10.4 0.8 -10.9
v 10.4 0.8 -11
v 10.4 0.9 -9.5
v 10.4 0.9 -9.6
v 10.5 0.7 -11
v 10.5 0.7 -11.1
v 10.5 0.8 -11
v 10.5 0.8 -11.1
v 10.6 0.7 -11.1
v 10.6 0.7 -11.3
v 10.6 0.8 -9.6
v 10.6 0.8 -9.7
v 10.6 0.8 -11.1
v 10.6 0.8 -11.3
v 10.6 0.9 -9.6
v 10.6 0.9 -9.7
v 10.6 1.2 0.700001
v 10.6 1.2 0.6
v 10.6 1.3 0.700001
v 10.6 1.3 0.6
v 10.7 0.7 -11.3
v 10.7 0.7 -11.5
v 10.7 0.8 -9.7
v 10.7 0.8 -9.8
v 10.7 0.8 -11.3
v 10.7 0.8 -11.5
v 10.7 0.9 -9.7
v 10.7 0.9 -9.8
v 10.8 0.7 -11.5
v 10.8 0.7 -11.6
v 10.8 0.8 -11.5
v 10.8 0.8 -11.6
v 10.8 0.9 -7.2
v 10.8 0.9 -7.3
v 10.8 1 -7.2
v 10.8 1 -7.3
v 10.8 1.2 0.6
v 10.8 1.2 0.5
v 10.8 1.3 0.6
v 10.8 1.3 0.5
v 10.9 0.7 -11.6
v 10.9 0.7 -11.7
v 10.9 0.8 -11.6
v 10.9 0.8 -11.7
v 11.1 1.2 0.5
v 11.1 1.2 0.400001
v 11.1 1.3 0.5
v 11.1 1.3 0.400001
v 11.2 0.7 -11.7
v 11.2 0.7 -11.8
v 11.2 0.8 -11.7
v 11.2 0.8 -11.8
v 11.2 1 -5.5
v 11.2 1 -5.6
v 11.2 1.1 -5.5
v 11.2 1.1 -5.6
v 11.3 0.7 -11.8
v 11.3 0.7 -11.9
v 11.3 0.8 -11.8
v 11.3 0.8 -11.9
v 11.3 1.2 0.400001
v 11.3 1.2 0.200001
v 11.3 1.3 0.400001
v 11.3 1.3 0.200001
v 11.4 0.8 -9.8
v 11.4 0.8 -9.9
v 11.4 0.9 -9.8
v 11.4 0.9 -9.9
v 11.4 1.2 0.200001
v 11.4 1.2 0.1
v 11.4 1.3 0.200001
v 11.4 1.3 0.1
v 11.5 1.2 0.1
v 11.5 1.2 0
v 11.5 1.3 0.1
v 11.5 1.3 0
v 11.7 0.8 -9.9
v 11.7 0.8 -10
v 11.7 0.9 -9.9
v 11.7 0.9 -10
v 11.7 1.2 0
v 11.7 1.2 -0.0999994
v 11.7 1.3 0
v 11.7 1.3 -0.0999994
v 11.8 0.7 -11.9
v 11.8 0.7 -12
v 11.8 0.8 -10
v 11.8 0.8 -10.1
v 11.8 0.8 -11.9
v 11.8 0.8 -12
v 11.8 0.9 -10
v 11.8 0.9 -10.1
v 11.8 1 -5.6
v 11.8 1 -5.7
v 11.8 1.1 -5.6
v 11.8 1.1 -5.7
v 11.9 1.2 -0.0999994
v 11.9 1.2 -0.2
v 11.9 1.3 -0.0999994
v 11.9 1.3 -0.2
v 12 0.8 -10.1
v 12 0.8 -10.2
v 12 0.9 -10.1
v 12 0.9 -10.2
v 12.2 0.7 -12
v 12.2 0.7 -12.1
v 12.2 0.8 -12
v 12.2 0.8 -12.1
v 12.2 1.1 -2.7
v 12.2 1.1 -2.8
v 12.2 1.2 -2.7
v 12.2 1.2 -2.8
v 12.3 1.2 -0.2
v 12.3 1.2 -0.299999
v 12.3 1.3 -0.2
v 12.3 1.3 -0.299999
v 12.4 0.8 -10.2
v 12.4 0.8 -10.3
v 12.4 0.9 -10.2
v 12.4 0.9 -10.3
v 12.5 0.7 -12.1
v 12.5 0.7 -12.2
v 12.5 0.8 -12.1
v 12.5 0.8 -12.2
v -10.5 0.1 -11
v -10.5 0.1 -11.1
v -10.5 0.2 -11
v -10.5 0.2 -11.1
v -7.5 0.1 -12.5
v -7.5 0.1 -12.6
v -7.5 0.2 -12.5
v -7.5 0.2 -12.6
v 5.6 1.4 7
v 5.6 1.4 6.9
v 5.6 1.5 7
v 5.6 1.5 6.9
v 6 1.4 7.1
v 6 1.4 7
v 6 1.5 7.1
v 6 1.5 7
v 6.4 1.4 7.2
v 6.4 1.4 7.1
v 6.4 1.5 7.2
v 6.4 1.5 7.1
v 6.7 1.4 7.3
v 6.7 1.4 7.2
v 6.7 1.5 7.3
v 6.7 1.5 7.2
v 6.8 1.4 12.8
v 6.8 1.4 12.7
v 6.8 1.5 12.8
v 6.8 1.5 12.7
v 6.9 1.4 7.4
v 6.9 1.4 7.3
v 6.9 1.5 7.4
v 6.9 1.5 7.3
v 7 1.4 7.5
v 7 1.4 7.4
v 7 1.5 7.5
v 7 1.5 7.4
v 7.1 1.4 7.7
v 7.1 1.4 7.5
v 7.1 1.5 7.7
v 7.1 1.5 7.5
v 7.2 1.4 12.7
v 7.2 1.4 12.6
v 7.2 1.5 12.7
v 7.2 1.5 12.6
v 7.3 1.4 7.8
v 7.3 1.4 7.7
v 7.3 1.5 7.8
v 7.3 1.5 7.7
v 7.4 1.4 7.9
v 7.4 1.4 7.8
v 7.4 1.5 7.9
v 7.4 1.5 7.8
v 7.5 1.4 12.6
v 7.5 1.4 12.5
v 7.5 1.4 8
v 7.5 1.4 7.9
v 7.5 1.5 12.6
v 7.5 1.5 12.5
v 7.5 1.5 8
v 7.5 1.5 7.9
v 7.6 1.4 12.5
v 7.6 1.4 12.3
v 7.6 1.5 12.5
v 7.6 1.5 12.3
v 7.7 1.4 8.1
v 7.7 1.4 8
v 7.7 1.5 8.1
v 7.7 1.5 8
v 7.8 1.3 3.8
v 7.8 1.3 3.7
v 7.8 1.4 12.3
v 7.8 1.4 12.2
v 7.8 1.4 8.2
v 7.8 1.4 8.1
v 7.8 1.4 3.8
v 7.8 1.4 3.7
v 7.8 1.5 12.3
v 7.8 1.5 12.2
v 7.8 1.5 8.2
v 7.8 1.5 8.1
v 7.9 1.4 8.3
v 7.9 1.4 8.2
v 7.9 1.5 8.3
v 7.9 1.5 8.2
v 8.1 1.4 12.2
v 8.1 1.4 12.1
v 8.1 1.4 8.4
v 8.1 1.4 8.3
v 8.1 1.5 12.2
v 8.1 1.5 12.1
v 8.1 1.5 8.4
v 8.1 1.5 8.3
v 8.2 1.4 12.1
v 8.2 1.4 11.9
v 8.2 1.4 8.5
v 8.2 1.4 8.4
v 8.2 1.5 12.1
v 8.2 1.5 11.9
v 8.2 1.5 8.5
v 8.2 1.5 8.4
v 8.3 1.4 11.9
v 8.3 1.4 11.7
v 8.3 1.4 8.6
v 8.3 1.4 8.5
v 8.3 1.5 11.9
v 8.3 1.5 11.7
v 8.3 1.5 8.6
v 8.3 1.5 8.5
v 8.4 1.4 8.8
v 8.4 1.4 8.6
v 8.4 1.5 8.8
v 8.4 1.5 8.6
v 8.5 1.4 11.7
v 8.5 1.4 11.5
v 8.5 1.4 8.9
v 8.5 1.4 8.8
v 8.5 1.5 11.7
v 8.5 1.5 11.5
v 8.5 1.5 8.9
v 8.5 1.5 8.8
v 8.6 1.4 11.5
v 8.6 1.4 11.3
v 8.6 1.4 9.1
v 8.6 1.4 8.9
v 8.6 1.5 11.5
v 8.6 1.5 11.3
v 8.6 1.5 9.1
v 8.6 1.5 8.9
v 8.7 1.4 11.3
v 8.7 1.4 11.1
v 8.7 1.4 9.2
v 8.7 1.4 9.1
v 8.7 1.5 11.3
v 8.7 1.5 11.1
v 8.7 1.5 9.2
v 8.7 1.5 9.1
v 8.8 1.4 11.1
v 8.8 1.4 10.7
v 8.8 1.4 9.7
v 8.8 1.4 9.2
v 8.8 1.5 11.1
v 8.8 1.5 10.7
v 8.8 1.5 9.7
v 8.8 1.5 9.2
v 8.9 1.4 10.7
v 8.9 1.4 9.7
v 8.9 1.5 10.7
v 8.9 1.5 9.7
v 9.5 1.3 3.9
v 9.5 1.3 3.8
v 9.5 1.4 3.9
v 9.5 1.4 3.8
v 9.8 1.3 4
v 9.8 1.3 3.9
v 9.8 1.4 4
v 9.8 1.4 3.9
v 10 1.3 4.1
v 10 1.3 4
v 10 1.4 4.1
v 10 1.4 4
v 10.2 1.3 4.2
v 10.2 1.3 4.1
v 10.2 1.4 4.2
v 10.2 1.4 4.1
v 10.3 1.3 4.3
v 10.3 1.3 4.2
v 10.3 1.4 4.3
v 10.3 1.4 4.2
v 10.4 1.3 4.4
v 10.4 1.3 4.3
v 10.4 1.4 4.4
v 10.4 1.4 4.3
v 10.5 1.3 4.5
v 10.5 1.3 4.4
v 10.5 1.4 4.5
v 10.5 1.4 4.4
v 10.7 1.1 -2.8
v 10.7 1.1 -2.9
v 10.7 1.2 -2.8
v 10.7 1.2 -2.9
v 10.7 1.3 4.6
v 10.7 1.3 4.5
v 10.7 1.4 4.6
v 10.7 1.4 4.5
v 10.8 1.3 4.7
v 10.8 1.3 4.6
v 10.8 1.4 4.7
v 10.8 1.4 4.6
v 10.9 1.3 4.8
v 10.9 1.3 4.7
v 10.9 1.4 4.8
v 10.9 1.4 4.7
v 11 1.1 -2.7
v 11 1.1 -2.8
v 11 1.2 -2.7
v 11 1.2 -2.8
v 11 1.3 5
v 11 1.3 4.8
v 11 1.4 5
v 11 1.4 4.8
v 11.1 1.3 5.1
v 11.1 1.3 5
v 11.1 1.4 5.1
v 11.1 1.4 5
v 11.3 1.3 5.2
v 11.3 1.3 5.1
v 11.3 1.4 5.2
v 11.3 1.4 5.1
v 11.4 1.3 5.3
v 11.4 1.3 5.2
v 11.4 1.4 5.3
v 11.4 1.4 5.2
v 11.5 1.3 5.4
v 11.5 1.3 5.3
v 11.5 1.4 5.4
v 11.5 1.4 5.3
v 11.6 1.3 5.6
v 11.6 1.3 5.4
v 11.6 1.4 5.6
v 11.6 1.4 5.4
v 11.7 1.3 5.7
v 11.7 1.3 5.6
v 11.7 1.4 5.7
v 11.7 1.4 5.6
v 11.8 1.3 5.9
v 11.8 1.3 5.7
v 11.8 1.4 5.9
v 11.8 1.4 5.7
v 11.9 1.3 6.1
v 11.9 1.3 5.9
v 11.9 1.4 6.1
v 11.9 1.4 5.9
v 12 1.3 6.3
v 12 1.3 6.1
v 12 1.4 6.3
v 12 1.4 6.1
v 12.1 1.3 6.5
v 12.1 1.3 6.3
v 12.1 1.4 6.5
v 12.1 1.4 6.3
v 12.2 1.3 6.7
v 12.2 1.3 6.5
v 12.2 1.4 6.7
v 12.2 1.4 6.5
v 12.3 1.3 6.8
v 12.3 1.3 6.7
v 12.3 1.4 6.8
v 12.3 1.4 6.7
v 12.4 1.3 7.1
v 12.4 1.3 6.8
v 12.4 1.4 7.1
v 12.4 1.4 6.8
v 12.5 1.1 -2.7
v 12.5 1.1 -2.8
v 12.5 1.2 -2.7
v 12.5 1.2 -2.8
v 12.5 1.3 7.5
v 12.5 1.3 7.1
v 12.5 1.4 7.5
v 12.5 1.4 7.1
v 12.6 1.3 7.9
v 12.6 1.3 7.5
v 12.6 1.4 7.9
v 12.6 1.4 7.5
v 12.7 0.7 -12.1
v 12.7 0.7 -12.2
v 12.7 0.8 -12.1
v 12.7 0.8 -12.2
v 12.7 1.3 8.3
v 12.7 1.3 7.9
v 12.7 1.4 8.3
v 12.7 1.4 7.9
v 12.8 0 12.8
v 12.8 0 -4.6
v 12.8 0 -12.8
v 12.8 0.1 -4.6
v 12.8 0.1 -4.8
v 12.8 0.2 -4.8
v 12.8 0.2 -4.9
v 12.8 0.3 -4.9
v 12.8 0.3 -5
v 12.8 0.4 -5
v 12.8 0.4 -5.2
v 12.8 0.5 -5.2
v 12.8 0.5 -5.3
v 12.8 0.6 -5.3
v 12.8 0.6 -5.4
v 12.8 0.7 -5.4
v 12.8 0.7 -5.5
v 12.8 0.7 -12.1
v 12.8 0.7 -12.8
v 12.8 0.8 -5.5
v 12.8 0.8 -5.6
v 12.8 0.8 -10.3
v 12.8 0.8 -12.1
v 12.8 0.9 -5.6
v 12.8 0.9 -5.7
v 12.8 0.9 -7.3
v 12.8 0.9 -10.3
v 12.8 1 -5.7
v 12.8 1 -7.3
v 12.8 1.1 -2.7
v 12.8 1.1 -5.7
v 12.8 1.2 -0.299999
v 12.8 1.2 -2.7
v 12.8 1.3 8.3
v 12.8 1.3 -0.299999
v 12.8 1.4 12.8
v 12.8 1.4 8.3
v -12.8 0 12.8
v -12.8 1.3 12.8
v -7.6 1.3 12.8
v -7.6 1.4 12.8
v -2.4 1.4 12.8
v -2.4 1.5 12.8
v 6.8 1.4 12.8
v 6.8 1.5 12.8
v 12.8 0 12.8
v 12.8 1.4 12.8
v 6.8 1.4 12.7
v 6.8 1.5 12.7
v 7.2 1.4 12.7
v 7.2 1.5 12.7
v -2.5 1.4 12.6
v -2.5 1.5 12.6
v -2.4 1.4 12.6
v -2.4 1.5 12.6
v 7.2 1.4 12.6
v 7.2 1.5 12.6
v 7.5 1.4 12.6
v 7.5 1.5 12.6
v -2.7 1.4 12.5
v -2.7 1.5 12.5
v -2.5 1.4 12.5
v -2.5 1.5 12.5
v 7.5 1.4 12.5
v 7.5 1.5 12.5
v 7.6 1.4 12.5
v 7.6 1.5 12.5
v -7.7 1.3 12.4
v -7.7 1.4 12.4
v -7.6 1.3 12.4
v -7.6 1.4 12.4
v -2.8 1.4 12.3
v -2.8 1.5 12.3
v -2.7 1.4 12.3
v -2.7 1.5 12.3
v 7.6 1.4 12.3
v 7.6 1.5 12.3
v 7.8 1.4 12.3
v 7.8 1.5 12.3
v -2.9 1.4 12.2
v -2.9 1.5 12.2
v -2.8 1.4 12.2
v -2.8 1.5 12.2
v 7.8 1.4 12.2
v 7.8 1.5 12.2
v 8.1 1.4 12.2
v 8.1 1.5 12.2
v 8.1 1.4 12.1
v 8.1 1.5 12.1
v 8.2 1.4 12.1
v 8.2 1.5 12.1
v -7.8 1.3 12
v -7.8 1.4 12
v -7.7 1.3 12
v -7.7 1.4 12
v -3 1.4 11.9
v -3 1.5 11.9
v -2.9 1.4 11.9
v -2.9 1.5 11.9
v 8.2 1.4 11.9
v 8.2 1.5 11.9
v 8.3 1.4 11.9
v 8.3 1.5 11.9
v 8.3 1.4 11.7
v 8.3 1.5 11.7
v 8.5 1.4 11.7
v 8.5 1.5 11.7
v 8.5 1.4 11.5
v 8.5 1.5 11.5
v 8.6 1.4 11.5
v 8.6 1.5 11.5
v 8.6 1.4 11.3
v 8.6 1.5 11.3
v 8.7 1.4 11.3
v 8.7 1.5 11.3
v 8.7 1.4 11.1
v 8.7 1.5 11.1
v 8.8 1.4 11.1
v 8.8 1.5 11.1
v 8.8 1.4 10.7
v 8.8 1.5 10.7
v 8.9 1.4 10.7
v 8.9 1.5 10.7
v -7.8 1.3 11.4
v -7.8 1.4 11.4
v -7.7 1.3 11.4
v -7.7 1.4 11.4
v -7.7 1.3 11.1
v -7.7 1.4 11.1
v -7.6 1.3 11.1
v -7.6 1.4 11.1
v -7.6 1.3 10.9
v -7.6 1.4 10.9
v -7.5 1.3 10.9
v -7.5 1.4 10.9
v -3 1.4 10.9
v -3 1.5 10.9
v -2.9 1.4 10.9
v -2.9 1.5 10.9
v -7.5 1.3 10.8
v -7.5 1.4 10.8
v -7.4 1.3 10.8
v -7.4 1.4 10.8
v -7.4 1.3 10.7
v -7.4 1.4 10.7
v -7.3 1.3 10.7
v -7.3 1.4 10.7
v -2.9 1.4 10.7
v -2.9 1.5 10.7
v -2.8 1.4 10.7
v -2.8 1.5 10.7
v -7.3 1.3 10.6
v -7.3 1.4 10.6
v -7.2 1.3 10.6
v -7.2 1.4 10.6
v -7.2 1.3 10.5
v -7.2 1.4 10.5
v -7.1 1.3 10.5
v -7.1 1.4 10.5
v -2.8 1.4 10.5
v -2.8 1.5 10.5
v -2.7 1.4 10.5
v -2.7 1.5 10.5
v -7.1 1.3 10.4
v -7.1 1.4 10.4
v -7 1.3 10.4
v -7 1.4 10.4
v -2.7 1.4 10.4
v -2.7 1.5 10.4
v -2.6 1.4 10.4
v -2.6 1.5 10.4
v -7 1.3 10.3
v -7 1.4 10.3
v -6.8 1.3 10.3
v -6.8 1.4 10.3
v -2.6 1.4 10.3
v -2.6 1.5 10.3
v -2.5 1.4 10.3
v -2.5 1.5 10.3
v -6.8 1.3 10.2
v -6.8 1.4 10.2
v -6.7 1.3 10.2
v -6.7 1.4 10.2
v -2.5 1.4 10.2
v -2.5 1.5 10.2
v -2.4 1.4 10.2
v -2.4 1.5 10.2
v -6.7 1.3 10.1
v -6.7 1.4 10.1
v -6.6 1.3 10.1
v -6.6 1.4 10.1
v -2.4 1.4 10.1
v -2.4 1.5 10.1
v -2.3 1.4 10.1
v -2.3 1.5 10.1
v -6.6 1.3 10
v -6.6 1.4 10
v -6.5 1.3 10
v -6.5 1.4 10
v -2.3 1.4 10
v -2.3 1.5 10
v -2.2 1.4 10
v -2.2 1.5 10
v -6.5 1.3 9.9
v -6.5 1.4 9.9
v -6.4 1.3 9.9
v -6.4 1.4 9.9
v -6.4 1.3 9.8
v -6.4 1.4 9.8
v -6.2 1.3 9.8
v -6.2 1.4 9.8
v -2.2 1.4 9.8
v -2.2 1.5 9.8
v -2.1 1.4 9.8
v -2.1 1.5 9.8
v -12.8 1.2 9.7
v -12.8 1.3 9.7
v -12.6 1.2 9.7
v -12.6 1.3 9.7
v -6.2 1.3 9.7
v -6.2 1.4 9.7
v -6.1 1.3 9.7
v -6.1 1.4 9.7
v -2.1 1.4 9.7
v -2.1 1.5 9.7
v -2 1.4 9.7
v -2 1.5 9.7
v 8.8 1.4 9.7
v 8.8 1.5 9.7
v 8.9 1.4 9.7
v 8.9 1.5 9.7
v -12.6 1.2 9.6
v -12.6 1.3 9.6
v -12.4 1.2 9.6
v -12.4 1.3 9.6
v -6.1 1.3 9.6
v -6.1 1.4 9.6
v -5.9 1.3 9.6
v -5.9 1.4 9.6
v -2 1.4 9.6
v -2 1.5 9.6
v -1.8 1.4 9.6
v -1.8 1.5 9.6
v -12.4 1.2 9.5
v -12.4 1.3 9.5
v -12.3 1.2 9.5
v -12.3 1.3 9.5
v -5.9 1.3 9.5
v -5.9 1.4 9.5
v -5.7 1.3 9.5
v -5.7 1.4 9.5
v -1.8 1.4 9.5
v -1.8 1.5 9.5
v -1.7 1.4 9.5
v -1.7 1.5 9.5
v -12.3 1.2 9.4
v -12.3 1.3 9.4
v -12.1 1.2 9.4
v -12.1 1.3 9.4
v -5.7 1.3 9.4
v -5.7 1.4 9.4
v -5.6 1.3 9.4
v -5.6 1.4 9.4
v -1.7 1.4 9.4
v -1.7 1.5 9.4
v -1.6 1.4 9.4
v -1.6 1.5 9.4
v -12.1 1.2 9.3
v -12.1 1.3 9.3
v -12 1.2 9.3
v -12 1.3 9.3
v -5.6 1.3 9.3
v -5.6 1.4 9.3
v -5.4 1.3 9.3
v -5.4 1.4 9.3
v -1.6 1.4 9.3
v -1.6 1.5 9.3
v -1.5 1.4 9.3
v -1.5 1.5 9.3
v -12 1.2 9.2
v -12 1.3 9.2
v -11.8 1.2 9.2
v -11.8 1.3 9.2
v -5.4 1.3 9.2
v -5.4 1.4 9.2
v -5.2 1.3 9.2
v -5.2 1.4 9.2
v -1.5 1.4 9.2
v -1.5 1.5 9.2
v -1.4 1.4 9.2
v -1.4 1.5 9.2
v 8.7 1.4 9.2
v 8.7 1.5 9.2
v 8.8 1.4 9.2
v 8.8 1.5 9.2
v -11.8 1.2 9.1
v -11.8 1.3 9.1
v -11.7 1.2 9.1
v -11.7 1.3 9.1
v -5.2 1.3 9.1
v -5.2 1.4 9.1
v -5.1 1.3 9.1
v -5.1 1.4 9.1
v -1.4 1.4 9.1
v -1.4 1.5 9.1
v -1.2 1.4 9.1
v -1.2 1.5 9.1
v 8.6 1.4 9.1
v 8.6 1.5 9.1
v 8.7 1.4 9.1
v 8.7 1.5 9.1
v -11.7 1.2 9
v -11.7 1.3 9
v -11.5 1.2 9
v -11.5 1.3 9
v -5.1 1.3 9
v -5.1 1.4 9
v -5 1.3 9
v -5 1.4 9
v -1.2 1.4 9
v -1.2 1.5 9
v -1 1.4 9
v -1 1.5 9
v -11.5 1.2 8.9
v -11.5 1.3 8.9
v -11.4 1.2 8.9
v -11.4 1.3 8.9
v -5 1.3 8.9
v -5 1.4 8.9
v -4.8 1.3 8.9
v -4.8 1.4 8.9
v -1 1.4 8.9
v -1 1.5 8.9
v -0.8 1.4 8.9
v -0.8 1.5 8.9
v 8.5 1.4 8.9
v 8.5 1.5 8.9
v 8.6 1.4 8.9
v 8.6 1.5 8.9
v -11.4 1.2 8.8
v -11.4 1.3 8.8
v -11.2 1.2 8.8
v -11.2 1.3 8.8
v -4.8 1.3 8.8
v -4.8 1.4 8.8
v -4.6 1.3 8.8
v -4.6 1.4 8.8
v -0.8 1.4 8.8
v -0.8 1.5 8.8
v -0.6 1.4 8.8
v -0.6 1.5 8.8
v 8.4 1.4 8.8
v 8.4 1.5 8.8
v 8.5 1.4 8.8
v 8.5 1.5 8.8
v -11.2 1.2 8.7
v -11.2 1.3 8.7
v -11.1 1.2 8.7
v -11.1 1.3 8.7
v -4.6 1.3 8.7
v -4.6 1.4 8.7
v -4.4 1.3 8.7
v -4.4 1.4 8.7
v -0.6 1.4 8.7
v -0.6 1.5 8.7
v -0.400001 1.4 8.7
v -0.400001 1.5 8.7
v -11.1 1.2 8.6
v -11.1 1.3 8.6
v -10.9 1.2 8.6
v -10.9 1.3 8.6
v -4.4 1.3 8.6
v -4.4 1.4 8.6
v -4.2 1.3 8.6
v -4.2 1.4 8.6
v -0.400001 1.4 8.6
v -0.400001 1.5 8.6
v -0.200001 1.4 8.6
v -0.200001 1.5 8.6
v 8.3 1.4 8.6
v 8.3 1.5 8.6
v 8.4 1.4 8.6
v 8.4 1.5 8.6
v -10.9 1.2 8.5
v -10.9 1.3 8.5
v -10.8 1.2 8.5
v -10.8 1.3 8.5
v -4.2 1.3 8.5
v -4.2 1.4 8.5
v -4 1.3 8.5
v -4 1.4 8.5
v -0.200001 1.4 8.5
v -0.200001 1.5 8.5
v 0 1.4 8.5
v 0 1.5 8.5
v 8.2 1.4 8.5
v 8.2 1.5 8.5
v 8.3 1.4 8.5
v 8.3 1.5 8.5
v -10.8 1.2 8.4
v -10.8 1.3 8.4
v -10.7 1.2 8.4
v -10.7 1.3 8.4
v -4 1.3 8.4
v -4 1.4 8.4
v -3.9 1.3 8.4
v -3.9 1.4 8.4
v -3.7 1.3 8.4
v -3.7 1.4 8.4
v 0 1.4 8.4
v 0 1.5 8.4
v 0.4 1.4 8.4
v 0.4 1.5 8.4
v 8.1 1.4 8.4
v 8.1 1.5 8.4
v 8.2 1.4 8.4
v 8.2 1.5 8.4
v -10.7 1.2 8.3
v -10.7 1.3 8.3
v -10.6 1.2 8.3
v -10.6 1.3 8.3
v -3.7 1.3 8.3
v -3.7 1.4 8.3
v -3.5 1.3 8.3
v -3.5 1.4 8.3
v 0.4 1.4 8.3
v 0.4 1.5 8.3
v 0.799999 1.4 8.3
v 0.799999 1.5 8.3
v 7.9 1.4 8.3
v 7.9 1.5 8.3
v 8 1.4 8.3
v 8.1 1.4 8.3
v 8.1 1.5 8.3
v 12.7 1.3 8.3
v 12.7 1.4 8.3
v 12.8 1.3 8.3
v 12.8 1.4 8.3
v -10.6 1.2 8.2
v -10.6 1.3 8.2
v -10.4 1.2 8.2
v -10.4 1.3 8.2
v -3.5 1.3 8.2
v -3.5 1.4 8.2
v -3.3 1.3 8.2
v -3.3 1.4 8.2
v 0.799999 1.4 8.2
v 0.799999 1.5 8.2
v 1.1 1.4 8.2
v 1.1 1.5 8.2
v 7.8 1.4 8.2
v 7.8 1.5 8.2
v 7.9 1.4 8.2
v 7.9 1.5 8.2
v -10.4 1.2 8.1
v -10.4 1.3 8.1
v -10.2 1.2 8.1
v -10.2 1.3 8.1
v -3.3 1.3 8.1
v -3.3 1.4 8.1
v -3.1 1.3 8.1
v -3.1 1.4 8.1
v 1.1 1.4 8.1
v 1.1 1.5 8.1
v 1.4 1.4 8.1
v 1.4 1.5 8.1
v 7.7 1.4 8.1
v 7.7 1.5 8.1
v 7.8 1.4 8.1
v 7.8 1.5 8.1
v -10.2 1.2 8
v -10.2 1.3 8
v -10.1 1.2 8
v -10.1 1.3 8
v -3.1 1.3 8
v -3.1 1.4 8
v -2.9 1.3 8
v -2.9 1.4 8
v 1.4 1.4 8
v 1.4 1.5 8
v 1.6 1.4 8
v 1.6 1.5 8
v 7.5 1.4 8
v 7.5 1.5 8
v 7.7 1.4 8
v 7.7 1.5 8
v -10.1 1.2 7.9
v -10.1 1.3 7.9
v -9.9 1.2 7.9
v -9.9 1.3 7.9
v -2.9 1.3 7.9
v -2.9 1.4 7.9
v -2.7 1.3 7.9
v -2.7 1.4 7.9
v 1.6 1.4 7.9
v 1.6 1.5 7.9
v 1.8 1.4 7.9
v 1.8 1.5 7.9
v 7.4 1.4 7.9
v 7.4 1.5 7.9
v 7.5 1.4 7.9
v 7.5 1.5 7.9
v 12.6 1.3 7.9
v 12.6 1.4 7.9
v 12.7 1.3 7.9
v 12.7 1.4 7.9
v -9.9 1.2 7.8
v -9.9 1.3 7.8
v -9.7 1.2 7.8
v -9.7 1.3 7.8
v -2.7 1.3 7.8
v -2.7 1.4 7.8
v -2.5 1.3 7.8
v -2.5 1.4 7.8
v 1.8 1.4 7.8
v 1.8 1.5 7.8
v 1.9 1.4 7.8
v 1.9 1.5 7.8
v 7.3 1.4 7.8
v 7.3 1.5 7.8
v 7.4 1.4 7.8
v 7.4 1.5 7.8
v -9.7 1.2 7.7
v -9.7 1.3 7.7
v -9.5 1.2 7.7
v -9.5 1.3 7.7
v -2.5 1.3 7.7
v -2.5 1.4 7.7
v -2.3 1.3 7.7
v -2.3 1.4 7.7
v 1.9 1.4 7.7
v 1.9 1.5 7.7
v 2.2 1.4 7.7
v 2.2 1.5 7.7
v 7.1 1.4 7.7
v 7.1 1.5 7.7
v 7.3 1.4 7.7
v 7.3 1.5 7.7
v -9.5 1.2 7.6
v -9.5 1.3 7.6
v -9.3 1.2 7.6
v -9.3 1.3 7.6
v -2.3 1.3 7.6
v -2.3 1.4 7.6
v -2.1 1.3 7.6
v -2.1 1.4 7.6
v 2.2 1.4 7.6
v 2.2 1.5 7.6
v 2.6 1.4 7.6
v 2.6 1.5 7.6
v -9.3 1.2 7.5
v -9.3 1.3 7.5
v -9.2 1.2 7.5
v -9.2 1.3 7.5
v -9.1 1.2 7.5
v -9.1 1.3 7.5
v -2.1 1.3 7.5
v -2.1 1.4 7.5
v -1.9 1.3 7.5
v -1.9 1.4 7.5
v 2.6 1.4 7.5
v 2.6 1.5 7.5
v 2.9 1.4 7.5
v 2.9 1.5 7.5
v 7 1.4 7.5
v 7 1.5 7.5
v 7.1 1.4 7.5
v 7.1 1.5 7.5
v 12.5 1.3 7.5
v 12.5 1.4 7.5
v 12.6 1.3 7.5
v 12.6 1.4 7.5
v -9.1 1.2 7.4
v -9.1 1.3 7.4
v -9 1.2 7.4
v -9 1.3 7.4
v -8.9 1.2 7.4
v -8.9 1.3 7.4
v -1.9 1.3 7.4
v -1.9 1.4 7.4
v -1.7 1.3 7.4
v -1.7 1.4 7.4
v 2.9 1.4 7.4
v 2.9 1.5 7.4
v 3.2 1.4 7.4
v 3.2 1.5 7.4
v 6.9 1.4 7.4
v 6.9 1.5 7.4
v 7 1.4 7.4
v 7 1.5 7.4
v -8.9 1.2 7.3
v -8.9 1.3 7.3
v -8.7 1.2 7.3
v -8.7 1.3 7.3
v -1.7 1.3 7.3
v -1.7 1.4 7.3
v -1.5 1.3 7.3
v -1.5 1.4 7.3
v 3.2 1.4 7.3
v 3.2 1.5 7.3
v 3.5 1.4 7.3
v 3.5 1.5 7.3
v 6.7 1.4 7.3
v 6.7 1.5 7.3
v 6.9 1.4 7.3
v 6.9 1.5 7.3
v -8.7 1.2 7.2
v -8.7 1.3 7.2
v -8.5 1.2 7.2
v -8.5 1.3 7.2
v -1.5 1.3 7.2
v -1.5 1.4 7.2
v -1.3 1.3 7.2
v -1.3 1.4 7.2
v 3.5 1.4 7.2
v 3.5 1.5 7.2
v 3.7 1.4 7.2
v 3.7 1.5 7.2
v 6.4 1.4 7.2
v 6.4 1.5 7.2
v 6.7 1.4 7.2
v 6.7 1.5 7.2
v -8.5 1.2 7.1
v -8.5 1.3 7.1
v -8.4 1.2 7.1
v -8.4 1.3 7.1
v -1.3 1.3 7.1
v -1.3 1.4 7.1
v -1.2 1.3 7.1
v -1.2 1.4 7.1
v 3.7 1.4 7.1
v 3.7 1.5 7.1
v 4.1 1.4 7.1
v 4.1 1.5 7.1
v 6 1.4 7.1
v 6 1.5 7.1
v 6.4 1.4 7.1
v 6.4 1.5 7.1
v 12.4 1.3 7.1
v 12.4 1.4 7.1
v 12.5 1.3 7.1
v 12.5 1.4 7.1
v -8.4 1.2 7
v -8.4 1.3 7
v -8.2 1.2 7
v -8.2 1.3 7
v -1.2 1.3 7
v -1.2 1.4 7
v -1 1.3 7
v -1 1.4 7
v 4.1 1.4 7
v 4.1 1.5 7
v 4.2 1.4 7
v 4.3 1.4 7
v 4.5 1.4 7
v 4.5 1.5 7
v 5.6 1.4 7
v 5.6 1.5 7
v 6 1.4 7
v 6 1.5 7
v -8.2 1.2 6.9
v -8.2 1.3 6.9
v -8.1 1.2 6.9
v -8.1 1.3 6.9
v -1 1.3 6.9
v -1 1.4 6.9
v -0.8 1.3 6.9
v -0.8 1.4 6.9
v 4.5 1.4 6.9
v 4.5 1.5 6.9
v 5.6 1.4 6.9
v 5.6 1.5 6.9
v -0.8 1.3 6.8
v -0.8 1.4 6.8
v -0.6 1.3 6.8
v -0.6 1.4 6.8
v 12.3 1.3 6.8
v 12.3 1.4 6.8
v 12.4 1.3 6.8
v 12.4 1.4 6.8
v -8.1 1.2 6.7
v -8.1 1.3 6.7
v -7.9 1.2 6.7
v -7.9 1.3 6.7
v -0.6 1.3 6.7
v -0.6 1.4 6.7
v -0.400001 1.3 6.7
v -0.400001 1.4 6.7
v 12.2 1.3 6.7
v 12.2 1.4 6.7
v 12.3 1.3 6.7
v 12.3 1.4 6.7
v -7.9 1.2 6.6
v -7.9 1.3 6.6
v -7.8 1.2 6.6
v -7.8 1.3 6.6
v -0.400001 1.3 6.6
v -0.400001 1.4 6.6
v -0.1 1.3 6.6
v -0.1 1.4 6.6
v -7.8 1.2 6.5
v -7.8 1.3 6.5
v -7.7 1.2 6.5
v -7.7 1.3 6.5
v 12.1 1.3 6.5
v 12.1 1.4 6.5
v 12.2 1.3 6.5
v 12.2 1.4 6.5
v -12.8 1.1 6.4
v -12.8 1.2 6.4
v -12.3 1.1 6.4
v -12.3 1.2 6.4
v -7.7 1.2 6.4
v -7.7 1.3 6.4
v -7.5 1.2 6.4
v -7.5 1.3 6.4
v -0.1 1.3 6.4
v -0.1 1.4 6.4
v 0 1.3 6.4
v 0 1.4 6.4
v -12.3 1.1 6.3
v -12.3 1.2 6.3
v -11.7 1.1 6.3
v -11.7 1.2 6.3
v -7.5 1.2 6.3
v -7.5 1.3 6.3
v -7.3 1.2 6.3
v -7.3 1.3 6.3
v 0 1.3 6.3
v 0 1.4 6.3
v 0.2 1.3 6.3
v 0.2 1.4 6.3
v 12 1.3 6.3
v 12 1.4 6.3
v 12.1 1.3 6.3
v 12.1 1.4 6.3
v -11.7 1.1 6.2
v -11.7 1.2 6.2
v -10.7 1.1 6.2
v -10.7 1.2 6.2
v -7.3 1.2 6.2
v -7.3 1.3 6.2
v -7.1 1.2 6.2
v -7.1 1.3 6.2
v 0.2 1.3 6.2
v 0.2 1.4 6.2
v 0.4 1.3 6.2
v 0.4 1.4 6.2
v -10.7 1.1 6.1
v -10.7 1.2 6.1
v -10 1.1 6.1
v -10 1.2 6.1
v -7.1 1.2 6.1
v -7.1 1.3 6.1
v -7 1.2 6.1
v -7 1.3 6.1
v 0.4 1.3 6.1
v 0.4 1.4 6.1
v 0.599999 1.3 6.1
v 0.599999 1.4 6.1
v 11.9 1.3 6.1
v 11.9 1.4 6.1
v 12 1.3 6.1
v 12 1.4 6.1
v -10 1.1 6
v -10 1.2 6
v -9.7 1.1 6
v -9.7 1.2 6
v -7 1.2 6
v -7 1.3 6
v -6.7 1.2 6
v -6.7 1.3 6
v 0.599999 1.3 6
v 0.599999 1.4 6
v 0.799999 1.3 6
v 0.799999 1.4 6
v -9.7 1.1 5.9
v -9.7 1.2 5.9
v -9.5 1.1 5.9
v -9.5 1.2 5.9
v -6.7 1.2 5.9
v -6.7 1.3 5.9
v -6.5 1.2 5.9
v -6.5 1.3 5.9
v 0.799999 1.3 5.9
v 0.799999 1.4 5.9
v 1 1.3 5.9
v 1 1.4 5.9
v 11.8 1.3 5.9
v 11.8 1.4 5.9
v 11.9 1.3 5.9
v 11.9 1.4 5.9
v -9.5 1.1 5.8
v -9.5 1.2 5.8
v -8.9 1.1 5.8
v -8.9 1.2 5.8
v -6.5 1.2 5.8
v -6.5 1.3 5.8
v -6.3 1.2 5.8
v -6.3 1.3 5.8
v 1 1.3 5.8
v 1 1.4 5.8
v 1.3 1.3 5.8
v 1.3 1.4 5.8
v -8.9 1.1 5.7
v -8.9 1.2 5.7
v -8.5 1.1 5.7
v -8.5 1.2 5.7
v -6.3 1.2 5.7
v -6.3 1.3 5.7
v -5.9 1.2 5.7
v -5.9 1.3 5.7
v 1.3 1.3 5.7
v 1.3 1.4 5.7
v 1.6 1.3 5.7
v 1.6 1.4 5.7
v 11.7 1.3 5.7
v 11.7 1.4 5.7
v 11.8 1.3 5.7
v 11.8 1.4 5.7
v -8.5 1.1 5.6
v -8.5 1.2 5.6
v -8.2 1.1 5.6
v -8.2 1.2 5.6
v -5.9 1.2 5.6
v -5.9 1.3 5.6
v -5.5 1.2 5.6
v -5.5 1.3 5.6
v 1.6 1.3 5.6
v 1.6 1.4 5.6
v 1.9 1.3 5.6
v 1.9 1.4 5.6
v 11.6 1.3 5.6
v 11.6 1.4 5.6
v 11.7 1.3 5.6
v 11.7 1.4 5.6
v -8.2 1.1 5.5
v -8.2 1.2 5.5
v -7.9 1.1 5.5
v -7.9 1.2 5.5
v -5.5 1.2 5.5
v -5.5 1.3 5.5
v -5.1 1.2 5.5
v -5.1 1.3 5.5
v 1.9 1.3 5.5
v 1.9 1.4 5.5
v 2.2 1.3 5.5
v 2.2 1.4 5.5
v -7.9 1.1 5.4
v -7.9 1.2 5.4
v -7.6 1.1 5.4
v -7.6 1.2 5.4
v -5.1 1.2 5.4
v -5.1 1.3 5.4
v -4.8 1.2 5.4
v -4.8 1.3 5.4
v 2.2 1.3 5.4
v 2.2 1.4 5.4
v 2.5 1.3 5.4
v 2.5 1.4 5.4
v 11.5 1.3 5.4
v 11.5 1.4 5.4
v 11.6 1.3 5.4
v 11.6 1.4 5.4
v -7.6 1.1 5.3
v -7.6 1.2 5.3
v -7.4 1.1 5.3
v -7.4 1.2 5.3
v -4.8 1.2 5.3
v -4.8 1.3 5.3
v -4.5 1.2 5.3
v -4.5 1.3 5.3
v 2.5 1.3 5.3
v 2.5 1.4 5.3
v 2.7 1.3 5.3
v 2.7 1.4 5.3
v 11.4 1.3 5.3
v 11.4 1.4 5.3
v 11.5 1.3 5.3
v 11.5 1.4 5.3
v -7.4 1.1 5.2
v -7.4 1.2 5.2
v -7.2 1.1 5.2
v -7.2 1.2 5.2
v -4.5 1.2 5.2
v -4.5 1.3 5.2
v -4.2 1.2 5.2
v -4.2 1.3 5.2
v 2.7 1.3 5.2
v 2.7 1.4 5.2
v 2.9 1.3 5.2
v 2.9 1.4 5.2
v 11.3 1.3 5.2
v 11.3 1.4 5.2
v 11.4 1.3 5.2
v 11.4 1.4 5.2
v -12.8 1 5.1
v -12.8 1.1 5.1
v -12.5 1 5.1
v -12.5 1.1 5.1
v -7.2 1.1 5.1
v -7.2 1.2 5.1
v -7 1.1 5.1
v -7 1.2 5.1
v -4.2 1.2 5.1
v -4.2 1.3 5.1
v -3.9 1.2 5.1
v -3.9 1.3 5.1
v 2.9 1.3 5.1
v 2.9 1.4 5.1
v 3 1.3 5.1
v 3 1.4 5.1
v 11.1 1.3 5.1
v 11.1 1.4 5.1
v 11.3 1.3 5.1
v 11.3 1.4 5.1
v -12.5 1 5
v -12.5 1.1 5
v -12.2 1 5
v -12.2 1.1 5
v -7 1.1 5
v -7 1.2 5
v -6.8 1.1 5
v -6.8 1.2 5
v -3.9 1.2 5
v -3.9 1.3 5
v -3.5 1.2 5
v -3.5 1.3 5
v 3 1.3 5
v 3 1.4 5
v 3.2 1.3 5
v 3.2 1.4 5
v 11 1.3 5
v 11 1.4 5
v 11.1 1.3 5
v 11.1 1.4 5
v -12.2 1 4.9
v -12.2 1.1 4.9
v -11.9 1 4.9
v -11.9 1.1 4.9
v -6.8 1.1 4.9
v -6.8 1.2 4.9
v -6.6 1.1 4.9
v -6.6 1.2 4.9
v -3.5 1.2 4.9
v -3.5 1.3 4.9
v -3.2 1.2 4.9
v -3.2 1.3 4.9
v 3.2 1.3 4.9
v 3.2 1.4 4.9
v 3.3 1.3 4.9
v 3.3 1.4 4.9
v -11.9 1 4.8
v -11.9 1.1 4.8
v -11.3 1 4.8
v -11.3 1.1 4.8
v -6.6 1.1 4.8
v -6.6 1.2 4.8
v -6.4 1.1 4.8
v -6.4 1.2 4.8
v -3.2 1.2 4.8
v -3.2 1.3 4.8
v -2.8 1.2 4.8
v -2.8 1.3 4.8
v 3.3 1.3 4.8
v 3.3 1.4 4.8
v 3.5 1.3 4.8
v 3.5 1.4 4.8
v 10.9 1.3 4.8
v 10.9 1.4 4.8
v 11 1.3 4.8
v 11 1.4 4.8
v -11.3 1 4.7
v -11.3 1.1 4.7
v -10.6 1 4.7
v -10.6 1.1 4.7
v -6.4 1.1 4.7
v -6.4 1.2 4.7
v -6.3 1.1 4.7
v -6.3 1.2 4.7
v -2.8 1.2 4.7
v -2.8 1.3 4.7
v -2.3 1.2 4.7
v -2.3 1.3 4.7
v 3.5 1.3 4.7
v 3.5 1.4 4.7
v 3.7 1.3 4.7
v 3.7 1.4 4.7
v 10.8 1.3 4.7
v 10.8 1.4 4.7
v 10.9 1.3 4.7
v 10.9 1.4 4.7
v -10.6 1 4.6
v -10.6 1.1 4.6
v -10.2 1 4.6
v -10.2 1.1 4.6
v -6.3 1.1 4.6
v -6.3 1.2 4.6
v -6.1 1.1 4.6
v -6.1 1.2 4.6
v -2.3 1.2 4.6
v -2.3 1.3 4.6
v -1.8 1.2 4.6
v -1.8 1.3 4.6
v 3.7 1.3 4.6
v 3.7 1.4 4.6
v 4 1.3 4.6
v 4 1.4 4.6
v 10.7 1.3 4.6
v 10.7 1.4 4.6
v 10.8 1.3 4.6
v 10.8 1.4 4.6
v -10.2 1 4.5
v -10.2 1.1 4.5
v -9.7 1 4.5
v -9.7 1.1 4.5
v -6.1 1.1 4.5
v -6.1 1.2 4.5
v -6 1.1 4.5
v -6 1.2 4.5
v -1.8 1.2 4.5
v -1.8 1.3 4.5
v -1.4 1.2 4.5
v -1.4 1.3 4.5
v 4 1.3 4.5
v 4 1.4 4.5
v 4.2 1.3 4.5
v 4.2 1.4 4.5
v 10.5 1.3 4.5
v 10.5 1.4 4.5
v 10.7 1.3 4.5
v 10.7 1.4 4.5
v -9.7 1 4.4
v -9.7 1.1 4.4
v -9.4 1 4.4
v -9.4 1.1 4.4
v -6 1.1 4.4
v -6 1.2 4.4
v -5.9 1.1 4.4
v -5.9 1.2 4.4
v -1.4 1.2 4.4
v -1.4 1.3 4.4
v -1.1 1.2 4.4
v -1.1 1.3 4.4
v 4.2 1.3 4.4
v 4.2 1.4 4.4
v 4.5 1.3 4.4
v 4.5 1.4 4.4
v 10.4 1.3 4.4
v 10.4 1.4 4.4
v 10.5 1.3 4.4
v 10.5 1.4 4.4
v -9.4 1 4.3
v -9.4 1.1 4.3
v -9.1 1 4.3
v -9.1 1.1 4.3
v -5.9 1.1 4.3
v -5.9 1.2 4.3
v -5.8 1.1 4.3
v -5.8 1.2 4.3
v -1.1 1.2 4.3
v -1.1 1.3 4.3
v -0.900001 1.2 4.3
v -0.900001 1.3 4.3
v 4.5 1.3 4.3
v 4.5 1.4 4.3
v 4.8 1.3 4.3
v 4.8 1.4 4.3
v 10.3 1.3 4.3
v 10.3 1.4 4.3
v 10.4 1.3 4.3
v 10.4 1.4 4.3
v -9.1 1 4.2
v -9.1 1.1 4.2
v -8.9 1 4.2
v -8.9 1.1 4.2
v -5.8 1.1 4.2
v -5.8 1.2 4.2
v -5.6 1.1 4.2
v -5.6 1.2 4.2
v -0.900001 1.2 4.2
v -0.900001 1.3 4.2
v -0.6 1.2 4.2
v -0.6 1.3 4.2
v 4.8 1.3 4.2
v 4.8 1.4 4.2
v 5.1 1.3 4.2
v 5.1 1.4 4.2
v 10.2 1.3 4.2
v 10.2 1.4 4.2
v 10.3 1.3 4.2
v 10.3 1.4 4.2
v -8.9 1 4.1
v -8.9 1.1 4.1
v -8.7 1 4.1
v -8.7 1.1 4.1
v -5.6 1.1 4.1
v -5.6 1.2 4.1
v -5.4 1.1 4.1
v -5.4 1.2 4.1
v -0.6 1.2 4.1
v -0.6 1.3 4.1
v -0.400001 1.2 4.1
v -0.400001 1.3 4.1
v 5.1 1.3 4.1
v 5.1 1.4 4.1
v 5.3 1.3 4.1
v 5.3 1.4 4.1
v 10 1.3 4.1
v 10 1.4 4.1
v 10.2 1.3 4.1
v 10.2 1.4 4.1
v -8.7 1 4
v -8.7 1.1 4
v -8.4 1 4
v -8.4 1.1 4
v -0.400001 1.2 4
v -0.400001 1.3 4
v 0 1.2 4
v 0 1.3 4
v 5.3 1.3 4
v 5.3 1.4 4
v 5.6 1.3 4
v 5.6 1.4 4
v 9.8 1.3 4
v 9.8 1.4 4
v 10 1.3 4
v 10 1.4 4
v -8.4 1 3.9
v -8.4 1.1 3.9
v -8.2 1 3.9
v -8.2 1.1 3.9
v -5.4 1.1 3.9
v -5.4 1.2 3.9
v -5.1 1.1 3.9
v -5.1 1.2 3.9
v 0 1.2 3.9
v 0 1.3 3.9
v 0.2 1.2 3.9
v 0.2 1.3 3.9
v 5.6 1.3 3.9
v 5.6 1.4 3.9
v 5.9 1.3 3.9
v 5.9 1.4 3.9
v 9.5 1.3 3.9
v 9.5 1.4 3.9
v 9.6 1.3 3.9
v 9.7 1.3 3.9
v 9.8 1.3 3.9
v 9.8 1.4 3.9
v -8.2 1 3.8
v -8.2 1.1 3.8
v -7.9 1 3.8
v -7.9 1.1 3.8
v -5.1 1.1 3.8
v -5.1 1.2 3.8
v -4.7 1.1 3.8
v -4.7 1.2 3.8
v 0.2 1.2 3.8
v 0.2 1.3 3.8
v 0.799999 1.2 3.8
v 0.799999 1.3 3.8
v 5.9 1.3 3.8
v 5.9 1.4 3.8
v 6.2 1.3 3.8
v 6.2 1.4 3.8
v 7.8 1.3 3.8
v 7.8 1.4 3.8
v 8.3 1.3 3.8
v 8.4 1.3 3.8
v 9.5 1.3 3.8
v 9.5 1.4 3.8
v -12.8 0.9 3.7
v -12.8 1 3.7
v -12 0.9 3.7
v -12 1 3.7
v -7.9 1 3.7
v -7.9 1.1 3.7
v -7.4 1 3.7
v -7.4 1.1 3.7
v -4.7 1.1 3.7
v -4.7 1.2 3.7
v -4.4 1.1 3.7
v -4.4 1.2 3.7
v 0.799999 1.2 3.7
v 0.799999 1.3 3.7
v 1 1.2 3.7
v 1 1.3 3.7
v 6.2 1.3 3.7
v 6.2 1.4 3.7
v 7.8 1.3 3.7
v 7.8 1.4 3.7
v -12 0.9 3.6
v -12 1 3.6
v -11 0.9 3.6
v -11 1 3.6
v -7.4 1 3.6
v -7.4 1.1 3.6
v -6.9 1 3.6
v -6.9 1.1 3.6
v -4.4 1.1 3.6
v -4.4 1.2 3.6
v -4.2 1.1 3.6
v -4.2 1.2 3.6
v 1 1.2 3.6
v 1 1.3 3.6
v 1.5 1.2 3.6
v 1.5 1.3 3.6
v -11 0.9 3.5
v -11 1 3.5
v -10.5 0.9 3.5
v -10.5 1 3.5
v -6.9 1 3.5
v -6.9 1.1 3.5
v -6.7 1 3.5
v -6.7 1.1 3.5
v -4.2 1.1 3.5
v -4.2 1.2 3.5
v -4 1.1 3.5
v -4 1.2 3.5
v 1.5 1.2 3.5
v 1.5 1.3 3.5
v 1.7 1.2 3.5
v 1.8 1.2 3.5
v 1.9 1.2 3.5
v 1.9 1.3 3.5
v -10.5 0.9 3.4
v -10.5 1 3.4
v -9.9 0.9 3.4
v -9.9 1 3.4
v -6.7 1 3.4
v -6.7 1.1 3.4
v -6.5 1 3.4
v -6.5 1.1 3.4
v -4 1.1 3.4
v -4 1.2 3.4
v -3.8 1.1 3.4
v -3.8 1.2 3.4
v 1.9 1.2 3.4
v 1.9 1.3 3.4
v 2.2 1.2 3.4
v 2.2 1.3 3.4
v -9.9 0.9 3.3
v -9.9 1 3.3
v -9.3 0.9 3.3
v -9.3 1 3.3
v -6.5 1 3.3
v -6.5 1.1 3.3
v -6.4 1 3.3
v -6.4 1.1 3.3
v -3.8 1.1 3.3
v -3.8 1.2 3.3
v -3.6 1.1 3.3
v -3.6 1.2 3.3
v 2.2 1.2 3.3
v 2.2 1.3 3.3
v 2.4 1.2 3.3
v 2.4 1.3 3.3
v -9.3 0.9 3.2
v -9.3 1 3.2
v -9 0.9 3.2
v -9 1 3.2
v -6.4 1 3.2
v -6.4 1.1 3.2
v -6.2 1 3.2
v -6.2 1.1 3.2
v -3.6 1.1 3.2
v -3.6 1.2 3.2
v -3.4 1.1 3.2
v -3.4 1.2 3.2
v 2.4 1.2 3.2
v 2.4 1.3 3.2
v 2.6 1.2 3.2
v 2.6 1.3 3.2
v -9 0.9 3.1
v -9 1 3.1
v -8.6 0.9 3.1
v -8.6 1 3.1
v -6.2 1 3.1
v -6.2 1.1 3.1
v -5.9 1 3.1
v -5.9 1.1 3.1
v -3.4 1.1 3.1
v -3.4 1.2 3.1
v -3.1 1.1 3.1
v -3.1 1.2 3.1
v 2.6 1.2 3.1
v 2.6 1.3 3.1
v 2.8 1.2 3.1
v 2.8 1.3 3.1
v -8.6 0.9 3
v -8.6 1 3
v -8.4 0.9 3
v -8.4 1 3
v -5.9 1 3
v -5.9 1.1 3
v -5.7 1 3
v -5.7 1.1 3
v -3.1 1.1 3
v -3.1 1.2 3
v -2.7 1.1 3
v -2.7 1.2 3
v 2.8 1.2 3
v 2.8 1.3 3
v 3 1.2 3
v 3 1.3 3
v -8.4 0.9 2.9
v -8.4 1 2.9
v -8.3 0.9 2.9
v -8.3 1 2.9
v -5.7 1 2.9
v -5.7 1.1 2.9
v -5.4 1 2.9
v -5.4 1.1 2.9
v -2.7 1.1 2.9
v -2.7 1.2 2.9
v -2.3 1.1 2.9
v -2.3 1.2 2.9
v 3 1.2 2.9
v 3 1.3 2.9
v 3.1 1.2 2.9
v 3.1 1.3 2.9
v -8.3 0.9 2.8
v -8.3 1 2.8
v -8.1 0.9 2.8
v -8.1 1 2.8
v -5.4 1 2.8
v -5.4 1.1 2.8
v -5.1 1 2.8
v -5.1 1.1 2.8
v -2.3 1.1 2.8
v -2.3 1.2 2.8
v -2 1.1 2.8
v -2 1.2 2.8
v 3.1 1.2 2.8
v 3.1 1.3 2.8
v 3.3 1.2 2.8
v 3.3 1.3 2.8
v -8.1 0.9 2.7
v -8.1 1 2.7
v -7.7 0.9 2.7
v -7.7 1 2.7
v -5.1 1 2.7
v -5.1 1.1 2.7
v -4.9 1 2.7
v -4.9 1.1 2.7
v -2 1.1 2.7
v -2 1.2 2.7
v -1.8 1.1 2.7
v -1.8 1.2 2.7
v 3.3 1.2 2.7
v 3.3 1.3 2.7
v 3.4 1.2 2.7
v 3.4 1.3 2.7
v -7.7 0.9 2.6
v -7.7 1 2.6
v -7.5 0.9 2.6
v -7.5 1 2.6
v -4.9 1 2.6
v -4.9 1.1 2.6
v -4.6 1 2.6
v -4.6 1.1 2.6
v -1.8 1.1 2.6
v -1.8 1.2 2.6
v -1.6 1.1 2.6
v -1.6 1.2 2.6
v 3.4 1.2 2.6
v 3.4 1.3 2.6
v 3.5 1.2 2.6
v 3.5 1.3 2.6
v -7.5 0.9 2.5
v -7.5 1 2.5
v -7.4 0.9 2.5
v -7.4 1 2.5
v -4.6 1 2.5
v -4.6 1.1 2.5
v -4.3 1 2.5
v -4.3 1.1 2.5
v -1.6 1.1 2.5
v -1.6 1.2 2.5
v -1.3 1.1 2.5
v -1.3 1.2 2.5
v 3.5 1.2 2.5
v 3.5 1.3 2.5
v 3.6 1.2 2.5
v 3.6 1.3 2.5
v -7.4 0.9 2.4
v -7.4 1 2.4
v -7.2 0.9 2.4
v -7.2 1 2.4
v -4.3 1 2.4
v -4.3 1.1 2.4
v -4.1 1 2.4
v -4.1 1.1 2.4
v -1.3 1.1 2.4
v -1.3 1.2 2.4
v -1.2 1.1 2.4
v -1.2 1.2 2.4
v 3.6 1.2 2.4
v 3.6 1.3 2.4
v 3.8 1.2 2.4
v 3.8 1.3 2.4
v -7.2 0.9 2.3
v -7.2 1 2.3
v -7.1 0.9 2.3
v -7.1 1 2.3
v -4.1 1 2.3
v -4.1 1.1 2.3
v -3.9 1 2.3
v -3.9 1.1 2.3
v -1.2 1.1 2.3
v -1.2 1.2 2.3
v -1 1.1 2.3
v -1 1.2 2.3
v 3.8 1.2 2.3
v 3.8 1.3 2.3
v 4.1 1.2 2.3
v 4.1 1.3 2.3
v -7.1 0.9 2.2
v -7.1 1 2.2
v -6.9 0.9 2.2
v -6.9 1 2.2
v -3.9 1 2.2
v -3.9 1.1 2.2
v -3.8 1 2.2
v -3.8 1.1 2.2
v -1 1.1 2.2
v -1 1.2 2.2
v -0.8 1.1 2.2
v -0.8 1.2 2.2
v 4.1 1.2 2.2
v 4.1 1.3 2.2
v 4.4 1.2 2.2
v 4.4 1.3 2.2
v -6.9 0.9 2.1
v -6.9 1 2.1
v -6.7 0.9 2.1
v -6.7 1 2.1
v -3.8 1 2.1
v -3.8 1.1 2.1
v -3.7 1 2.1
v -3.7 1.1 2.1
v -0.8 1.1 2.1
v -0.8 1.2 2.1
v -0.6 1.1 2.1
v -0.6 1.2 2.1
v 4.4 1.2 2.1
v 4.4 1.3 2.1
v 4.8 1.2 2.1
v 4.8 1.3 2.1
v -6.7 0.9 2
v -6.7 1 2
v -6.5 0.9 2
v -6.5 1 2
v -3.7 1 2
v -3.7 1.1 2
v -3.5 1 2
v -3.5 1.1 2
v -0.6 1.1 2
v -0.6 1.2 2
v -0.400001 1.1 2
v -0.400001 1.2 2
v 4.8 1.2 2
v 4.8 1.3 2
v 5.3 1.2 2
v 5.3 1.3 2
v -6.5 0.9 1.9
v -6.5 1 1.9
v -6.4 0.9 1.9
v -6.4 1 1.9
v -3.5 1 1.9
v -3.5 1.1 1.9
v -3.3 1 1.9
v -3.3 1.1 1.9
v -0.400001 1.1 1.9
v -0.400001 1.2 1.9
v -0.1 1.1 1.9
v -0.1 1.2 1.9
v 5.3 1.2 1.9
v 5.3 1.3 1.9
v 5.7 1.2 1.9
v 5.7 1.3 1.9
v -6.4 0.9 1.8
v -6.4 1 1.8
v -6.2 0.9 1.8
v -6.2 1 1.8
v -3.3 1 1.8
v -3.3 1.1 1.8
v -3.1 1 1.8
v -3.1 1.1 1.8
v -0.1 1.1 1.8
v -0.1 1.2 1.8
v 0.2 1.1 1.8
v 0.2 1.2 1.8
v 5.7 1.2 1.8
v 5.7 1.3 1.8
v 6.1 1.2 1.8
v 6.1 1.3 1.8
v -6.2 0.9 1.7
v -6.2 1 1.7
v -6.1 0.9 1.7
v -6.1 1 1.7
v -3.1 1 1.7
v -3.1 1.1 1.7
v -2.9 1 1.7
v -2.9 1.1 1.7
v 0.2 1.1 1.7
v 0.2 1.2 1.7
v 0.4 1.1 1.7
v 0.4 1.2 1.7
v 6.1 1.2 1.7
v 6.1 1.3 1.7
v 6.5 1.2 1.7
v 6.5 1.3 1.7
v -6.1 0.9 1.6
v -6.1 1 1.6
v -6 0.9 1.6
v -6 1 1.6
v -2.9 1 1.6
v -2.9 1.1 1.6
v -2.8 1 1.6
v -2.8 1.1 1.6
v 0.4 1.1 1.6
v 0.4 1.2 1.6
v 0.599999 1.1 1.6
v 0.599999 1.2 1.6
v 6.5 1.2 1.6
v 6.5 1.3 1.6
v 7.1 1.2 1.6
v 7.1 1.3 1.6
v -6 0.9 1.5
v -6 1 1.5
v -5.8 0.9 1.5
v -5.8 1 1.5
v -2.8 1 1.5
v -2.8 1.1 1.5
v -2.7 1 1.5
v -2.7 1.1 1.5
v 0.599999 1.1 1.5
v 0.599999 1.2 1.5
v 0.9 1.1 1.5
v 0.9 1.2 1.5
v 7.1 1.2 1.5
v 7.1 1.3 1.5
v 7.4 1.2 1.5
v 7.4 1.3 1.5
v -12.8 0.8 1.4
v -12.8 0.9 1.4
v -12.7 0.8 1.4
v -12.7 0.9 1.4
v -5.8 0.9 1.4
v -5.8 1 1.4
v -5.7 0.9 1.4
v -5.7 1 1.4
v -2.7 1 1.4
v -2.7 1.1 1.4
v -2.5 1 1.4
v -2.5 1.1 1.4
v 0.9 1.1 1.4
v 0.9 1.2 1.4
v 1.1 1.1 1.4
v 1.1 1.2 1.4
v 7.4 1.2 1.4
v 7.4 1.3 1.4
v 7.7 1.2 1.4
v 7.8 1.2 1.4
v 8.5 1.2 1.4
v 8.5 1.3 1.4
v -12.7 0.8 1.3
v -12.7 0.9 1.3
v -12.3 0.8 1.3
v -12.3 0.9 1.3
v -5.7 0.9 1.3
v -5.7 1 1.3
v -5.6 0.9 1.3
v -5.6 1 1.3
v -2.5 1 1.3
v -2.5 1.1 1.3
v -2.4 1 1.3
v -2.4 1.1 1.3
v 1.1 1.1 1.3
v 1.1 1.2 1.3
v 1.4 1.1 1.3
v 1.4 1.2 1.3
v 8.5 1.2 1.3
v 8.5 1.3 1.3
v 8.8 1.2 1.3
v 8.8 1.3 1.3
v -12.3 0.8 1.2
v -12.3 0.9 1.2
v -12 0.8 1.2
v -12 0.9 1.2
v -5.6 0.9 1.2
v -5.6 1 1.2
v -5.4 0.9 1.2
v -5.4 1 1.2
v -2.4 1 1.2
v -2.4 1.1 1.2
v -2.3 1 1.2
v -2.3 1.1 1.2
v 1.4 1.1 1.2
v 1.4 1.2 1.2
v 1.7 1.1 1.2
v 1.7 1.2 1.2
v 8.8 1.2 1.2
v 8.8 1.3 1.2
v 8.9 1.2 1.2
v 8.9 1.3 1.2
v -12 0.8 1.1
v -12 0.9 1.1
v -11.6 0.8 1.1
v -11.6 0.9 1.1
v -5.4 0.9 1.1
v -5.4 1 1.1
v -5.3 0.9 1.1
v -5.3 1 1.1
v -2.3 1 1.1
v -2.3 1.1 1.1
v -2.1 1 1.1
v -2.1 1.1 1.1
v 1.7 1.1 1.1
v 1.7 1.2 1.1
v 1.9 1.1 1.1
v 1.9 1.2 1.1
v 8.9 1.2 1.1
v 8.9 1.3 1.1
v 9 1.2 1.1
v 9 1.3 1.1
v -11.6 0.8 1
v -11.6 0.9 1
v -11.3 0.8 1
v -11.3 0.9 1
v -5.3 0.9 1
v -5.3 1 1
v -5.2 0.9 1
v -5.2 1 1
v -2.1 1 1
v -2.1 1.1 1
v -2 1 1
v -2 1.1 1
v 1.9 1.1 1
v 1.9 1.2 1
v 2.2 1.1 1
v 2.2 1.2 1
v 9 1.2 1
v 9 1.3 1
v 9.4 1.2 1
v 9.4 1.3 1
v -11.3 0.8 0.900001
v -11.3 0.9 0.900001
v -11 0.8 0.900001
v -11 0.9 0.900001
v -5.2 0.9 0.900001
v -5.2 1 0.900001
v -5.1 0.9 0.900001
v -5.1 1 0.900001
v -2 1 0.900001
v -2 1.1 0.900001
v -1.8 1 0.900001
v -1.8 1.1 0.900001
v 2.2 1.1 0.900001
v 2.2 1.2 0.900001
v 2.4 1.1 0.900001
v 2.4 1.2 0.900001
v 9.4 1.2 0.900001
v 9.4 1.3 0.900001
v 9.5 1.2 0.900001
v 9.7 1.2 0.900001
v 9.7 1.3 0.900001
v -11 0.8 0.8
v -11 0.9 0.8
v -10.4 0.8 0.8
v -10.4 0.9 0.8
v -5.1 0.9 0.8
v -5.1 1 0.8
v -5 0.9 0.8
v -5 1 0.8
v -1.8 1 0.8
v -1.8 1.1 0.8
v -1.6 1 0.8
v -1.6 1.1 0.8
v 2.4 1.1 0.8
v 2.4 1.2 0.8
v 2.6 1.1 0.8
v 2.6 1.2 0.8
v 9.7 1.2 0.8
v 9.7 1.3 0.8
v 10 1.2 0.8
v 10 1.3 0.8
v -10.4 0.8 0.700001
v -10.4 0.9 0.700001
v -9.8 0.8 0.700001
v -9.8 0.9 0.700001
v -5 0.9 0.700001
v -5 1 0.700001
v -4.9 0.9 0.700001
v -4.9 1 0.700001
v -1.6 1 0.700001
v -1.6 1.1 0.700001
v -1.4 1 0.700001
v -1.4 1.1 0.700001
v 2.6 1.1 0.700001
v 2.6 1.2 0.700001
v 2.8 1.1 0.700001
v 2.8 1.2 0.700001
v 10 1.2 0.700001
v 10 1.3 0.700001
v 10.6 1.2 0.700001
v 10.6 1.3 0.700001
v -9.8 0.8 0.6
v -9.8 0.9 0.6
v -9.4 0.8 0.6
v -9.4 0.9 0.6
v -4.9 0.9 0.6
v -4.9 1 0.6
v -4.8 0.9 0.6
v -4.8 1 0.6
v -1.4 1 0.6
v -1.4 1.1 0.6
v -1.3 1 0.6
v -1.3 1.1 0.6
v 2.8 1.1 0.6
v 2.8 1.2 0.6
v 3 1.1 0.6
v 3 1.2 0.6
v 10.6 1.2 0.6
v 10.6 1.3 0.6
v 10.8 1.2 0.6
v 10.8 1.3 0.6
v -9.4 0.8 0.5
v -9.4 0.9 0.5
v -9 0.8 0.5
v -9 0.9 0.5
v -4.8 0.9 0.5
v -4.8 1 0.5
v -4.7 0.9 0.5
v -4.7 1 0.5
v -1.3 1 0.5
v -1.3 1.1 0.5
v -1.1 1 0.5
v -1.1 1.1 0.5
v 3 1.1 0.5
v 3 1.2 0.5
v 3.3 1.1 0.5
v 3.3 1.2 0.5
v 10.8 1.2 0.5
v 10.8 1.3 0.5
v 11.1 1.2 0.5
v 11.1 1.3 0.5
v -9 0.8 0.400001
v -9 0.9 0.400001
v -8.6 0.8 0.400001
v -8.6 0.9 0.400001
v -4.7 0.9 0.400001
v -4.7 1 0.400001
v -4.5 0.9 0.400001
v -4.5 1 0.400001
v -1.1 1 0.400001
v -1.1 1.1 0.400001
v -1 1 0.400001
v -1 1.1 0.400001
v 3.3 1.1 0.400001
v 3.3 1.2 0.400001
v 3.4 1.1 0.400001
v 3.4 1.2 0.400001
v 11.1 1.2 0.400001
v 11.1 1.3 0.400001
v 11.3 1.2 0.400001
v 11.3 1.3 0.400001
v -8.6 0.8 0.3
v -8.6 0.9 0.3
v -8.2 0.8 0.3
v -8.2 0.9 0.3
v -4.5 0.9 0.3
v -4.5 1 0.3
v -4.4 0.9 0.3
v -4.4 1 0.3
v -1 1 0.3
v -1 1.1 0.3
v -0.8 1 0.3
v -0.8 1.1 0.3
v 3.4 1.1 0.3
v 3.4 1.2 0.3
v 3.5 1.1 0.3
v 3.5 1.2 0.3
v -8.2 0.8 0.200001
v -8.2 0.9 0.200001
v -7.8 0.8 0.200001
v -7.8 0.9 0.200001
v -4.4 0.9 0.200001
v -4.4 1 0.200001
v -4.3 0.9 0.200001
v -4.3 1 0.200001
v -0.8 1 0.200001
v -0.8 1.1 0.200001
v -0.700001 1 0.200001
v -0.700001 1.1 0.200001
v 11.3 1.2 0.200001
v 11.3 1.3 0.200001
v 11.4 1.2 0.200001
v 11.4 1.3 0.200001
v -7.8 0.8 0.1
v -7.8 0.9 0.1
v -7.6 0.8 0.1
v -7.6 0.9 0.1
v -4.3 0.9 0.1
v -4.3 1 0.1
v -4.2 0.9 0.1
v -4.2 1 0.1
v -0.700001 1 0.1
v -0.700001 1.1 0.1
v -0.5 1 0.1
v -0.5 1.1 0.1
v 3.5 1.1 0.1
v 3.5 1.2 0.1
v 3.6 1.1 0.1
v 3.6 1.2 0.1
v 11.4 1.2 0.1
v 11.4 1.3 0.1
v 11.5 1.2 0.1
v 11.5 1.3 0.1
v -7.6 0.8 0
v -7.6 0.9 0
v -7.3 0.8 0
v -7.3 0.9 0
v -4.2 0.9 0
v -4.2 1 0
v -4.1 0.9 0
v -4.1 1 0
v -0.5 1 0
v -0.5 1.1 0
v -0.400001 1 0
v -0.400001 1.1 0
v 3.6 1.1 0
v 3.6 1.2 0
v 3.8 1.1 0
v 3.8 1.2 0
v 11.5 1.2 0
v 11.5 1.3 0
v 11.7 1.2 0
v 11.7 1.3 0
v -7.3 0.8 -0.0999994
v -7.3 0.9 -0.0999994
v -7 0.8 -0.0999994
v -7 0.9 -0.0999994
v -4.1 0.9 -0.0999994
v -4.1 1 -0.0999994
v -4 0.9 -0.0999994
v -4 1 -0.0999994
v -0.400001 1 -0.0999994
v -0.400001 1.1 -0.0999994
v -0.200001 1 -0.0999994
v -0.200001 1.1 -0.0999994
v 3.8 1.1 -0.0999994
v 3.8 1.2 -0.0999994
v 4 1.1 -0.0999994
v 4 1.2 -0.0999994
v 11.7 1.2 -0.0999994
v 11.7 1.3 -0.0999994
v 11.9 1.2 -0.0999994
v 11.9 1.3 -0.0999994
v -7 0.8 -0.2
v -7 0.9 -0.2
v -6.8 0.8 -0.2
v -6.8 0.9 -0.2
v -4 0.9 -0.2
v -4 1 -0.2
v -3.9 0.9 -0.2
v -3.9 1 -0.2
v -0.200001 1 -0.2
v -0.200001 1.1 -0.2
v -0.1 1 -0.2
v -0.1 1.1 -0.2
v 4 1.1 -0.2
v 4 1.2 -0.2
v 4.1 1.1 -0.2
v 4.1 1.2 -0.2
v 11.9 1.2 -0.2
v 11.9 1.3 -0.2
v 12.3 1.2 -0.2
v 12.3 1.3 -0.2
v -6.8 0.8 -0.299999
v -6.8 0.9 -0.299999
v -6.6 0.8 -0.299999
v -6.6 0.9 -0.299999
v -3.9 0.9 -0.299999
v -3.9 1 -0.299999
v -3.8 0.9 -0.299999
v -3.8 1 -0.299999
v -0.1 1 -0.299999
v -0.1 1.1 -0.299999
v 0.0999994 1 -0.299999
v 0.0999994 1.1 -0.299999
v 4.1 1.1 -0.299999
v 4.1 1.2 -0.299999
v 4.3 1.1 -0.299999
v 4.3 1.2 -0.299999
v 12.3 1.2 -0.299999
v 12.3 1.3 -0.299999
v 12.8 1.2 -0.299999
v 12.8 1.3 -0.299999
v -6.6 0.8 -0.4
v -6.6 0.9 -0.4
v -6.4 0.8 -0.4
v -6.4 0.9 -0.4
v -3.8 0.9 -0.4
v -3.8 1 -0.4
v -3.7 0.9 -0.4
v -3.7 1 -0.4
v 0.0999994 1 -0.4
v 0.0999994 1.1 -0.4
v 0.2 1 -0.4
v 0.2 1.1 -0.4
v 4.3 1.1 -0.4
v 4.3 1.2 -0.4
v 4.4 1.1 -0.4
v 4.4 1.2 -0.4
v -6.4 0.8 -0.5
v -6.4 0.9 -0.5
v -6.2 0.8 -0.5
v -6.2 0.9 -0.5
v -3.7 0.9 -0.5
v -3.7 1 -0.5
v -3.6 0.9 -0.5
v -3.6 1 -0.5
v 0.2 1 -0.5
v 0.2 1.1 -0.5
v 0.299999 1 -0.5
v 0.299999 1.1 -0.5
v 4.4 1.1 -0.5
v 4.4 1.2 -0.5
v 4.6 1.1 -0.5
v 4.6 1.2 -0.5
v -6.2 0.8 -0.599999
v -6.2 0.9 -0.599999
v -6 0.8 -0.599999
v -6 0.9 -0.599999
v -3.6 0.9 -0.599999
v -3.6 1 -0.599999
v -3.5 0.9 -0.599999
v -3.5 1 -0.599999
v 0.299999 1 -0.599999
v 0.299999 1.1 -0.599999
v 0.5 1 -0.599999
v 0.5 1.1 -0.599999
v 4.6 1.1 -0.599999
v 4.6 1.2 -0.599999
v 4.7 1.1 -0.599999
v 4.7 1.2 -0.599999
v -6 0.8 -0.7
v -6 0.9 -0.7
v -5.9 0.8 -0.7
v -5.9 0.9 -0.7
v -3.5 0.9 -0.7
v -3.5 1 -0.7
v -3.4 0.9 -0.7
v -3.4 1 -0.7
v 0.5 1 -0.7
v 0.5 1.1 -0.7
v 0.599999 1 -0.7
v 0.599999 1.1 -0.7
v 4.7 1.1 -0.7
v 4.7 1.2 -0.7
v 5.5 1.1 -0.7
v 5.5 1.2 -0.7
v -12.8 0.7 -0.799999
v -12.8 0.8 -0.799999
v -12.6 0.7 -0.799999
v -12.6 0.8 -0.799999
v -5.9 0.8 -0.799999
v -5.9 0.9 -0.799999
v -5.7 0.8 -0.799999
v -5.7 0.9 -0.799999
v -3.4 0.9 -0.799999
v -3.4 1 -0.799999
v -3.3 0.9 -0.799999
v -3.3 1 -0.799999
v 0.599999 1 -0.799999
v 0.599999 1.1 -0.799999
v 0.7 1 -0.799999
v 0.7 1.1 -0.799999
v 5.5 1.1 -0.799999
v 5.5 1.2 -0.799999
v 6.2 1.1 -0.799999
v 6.2 1.2 -0.799999
v -12.6 0.7 -0.9
v -12.6 0.8 -0.9
v -12.5 0.7 -0.9
v -12.5 0.8 -0.9
v -5.7 0.8 -0.9
v -5.7 0.9 -0.9
v -5.6 0.8 -0.9
v -5.6 0.9 -0.9
v -3.3 0.9 -0.9
v -3.3 1 -0.9
v -3.1 0.9 -0.9
v -3.1 1 -0.9
v 0.7 1 -0.9
v 0.7 1.1 -0.9
v 0.9 1 -0.9
v 0.9 1.1 -0.9
v 6.2 1.1 -0.9
v 6.2 1.2 -0.9
v 6.7 1.1 -0.9
v 6.7 1.2 -0.9
v -12.5 0.7 -1
v -12.5 0.8 -1
v -12.4 0.7 -1
v -12.4 0.8 -1
v -5.6 0.8 -1
v -5.6 0.9 -1
v -5.5 0.8 -1
v -5.5 0.9 -1
v -3.1 0.9 -1
v -3.1 1 -1
v -3 0.9 -1
v -3 1 -1
v 6.7 1.1 -1
v 6.7 1.2 -1
v 7.2 1.1 -1
v 7.2 1.2 -1
v -12.4 0.7 -1.1
v -12.4 0.8 -1.1
v -12.3 0.7 -1.1
v -12.3 0.8 -1.1
v -5.5 0.8 -1.1
v -5.5 0.9 -1.1
v -5.3 0.8 -1.1
v -5.3 0.9 -1.1
v -3 0.9 -1.1
v -3 1 -1.1
v -2.8 0.9 -1.1
v -2.8 1 -1.1
v 0.9 1 -1.1
v 0.9 1.1 -1.1
v 1 1 -1.1
v 1 1.1 -1.1
v 7.2 1.1 -1.1
v 7.2 1.2 -1.1
v 7.4 1.1 -1.1
v 7.4 1.2 -1.1
v -12.3 0.7 -1.2
v -12.3 0.8 -1.2
v -12.1 0.7 -1.2
v -12.1 0.8 -1.2
v -5.3 0.8 -1.2
v -5.3 0.9 -1.2
v -5.2 0.8 -1.2
v -5.2 0.9 -1.2
v -2.8 0.9 -1.2
v -2.8 1 -1.2
v -2.6 0.9 -1.2
v -2.6 1 -1.2
v 1 1 -1.2
v 1 1.1 -1.2
v 1.1 1 -1.2
v 1.1 1.1 -1.2
v 7.4 1.1 -1.2
v 7.4 1.2 -1.2
v 7.6 1.1 -1.2
v 7.6 1.2 -1.2
v -12.1 0.7 -1.3
v -12.1 0.8 -1.3
v -11.9 0.7 -1.3
v -11.9 0.8 -1.3
v -5.2 0.8 -1.3
v -5.2 0.9 -1.3
v -5 0.8 -1.3
v -5 0.9 -1.3
v -2.6 0.9 -1.3
v -2.6 1 -1.3
v -2.5 0.9 -1.3
v -2.5 1 -1.3
v -2.4 0.9 -1.3
v -2.4 1 -1.3
v 1.1 1 -1.3
v 1.1 1.1 -1.3
v 1.2 1 -1.3
v 1.2 1.1 -1.3
v 7.6 1.1 -1.3
v 7.6 1.2 -1.3
v 8 1.1 -1.3
v 8 1.2 -1.3
v -11.9 0.7 -1.4
v -11.9 0.8 -1.4
v -11.8 0.7 -1.4
v -11.8 0.8 -1.4
v -5 0.8 -1.4
v -5 0.9 -1.4
v -4.9 0.8 -1.4
v -4.9 0.9 -1.4
v -2.4 0.9 -1.4
v -2.4 1 -1.4
v -2.3 0.9 -1.4
v -2.3 1 -1.4
v 1.2 1 -1.4
v 1.2 1.1 -1.4
v 1.3 1 -1.4
v 1.3 1.1 -1.4
v 8 1.1 -1.4
v 8 1.2 -1.4
v 8.1 1.1 -1.4
v 8.1 1.2 -1.4
v -11.8 0.7 -1.5
v -11.8 0.8 -1.5
v -11.5 0.7 -1.5
v -11.5 0.8 -1.5
v -4.9 0.8 -1.5
v -4.9 0.9 -1.5
v -4.7 0.8 -1.5
v -4.7 0.9 -1.5
v -2.3 0.9 -1.5
v -2.3 1 -1.5
v -2.2 0.9 -1.5
v -2.2 1 -1.5
v 1.3 1 -1.5
v 1.3 1.1 -1.5
v 1.4 1 -1.5
v 1.4 1.1 -1.5
v 8.1 1.1 -1.5
v 8.1 1.2 -1.5
v 8.3 1.1 -1.5
v 8.3 1.2 -1.5
v -11.5 0.7 -1.6
v -11.5 0.8 -1.6
v -11.3 0.7 -1.6
v -11.3 0.8 -1.6
v -4.7 0.8 -1.6
v -4.7 0.9 -1.6
v -4.6 0.8 -1.6
v -4.6 0.9 -1.6
v -2.2 0.9 -1.6
v -2.2 1 -1.6
v -2 0.9 -1.6
v -2 1 -1.6
v 1.4 1 -1.6
v 1.4 1.1 -1.6
v 1.5 1 -1.6
v 1.5 1.1 -1.6
v 8.3 1.1 -1.6
v 8.3 1.2 -1.6
v 8.4 1.1 -1.6
v 8.4 1.2 -1.6
v -11.3 0.7 -1.7
v -11.3 0.8 -1.7
v -11.1 0.7 -1.7
v -11.1 0.8 -1.7
v -4.6 0.8 -1.7
v -4.6 0.9 -1.7
v -4.5 0.8 -1.7
v -4.5 0.9 -1.7
v -2 0.9 -1.7
v -2 1 -1.7
v -1.7 0.9 -1.7
v -1.7 1 -1.7
v 1.5 1 -1.7
v 1.5 1.1 -1.7
v 1.7 1 -1.7
v 1.7 1.1 -1.7
v 8.4 1.1 -1.7
v 8.4 1.2 -1.7
v 8.5 1.1 -1.7
v 8.5 1.2 -1.7
v -11.1 0.7 -1.8
v -11.1 0.8 -1.8
v -10.6 0.7 -1.8
v -10.6 0.8 -1.8
v -4.5 0.8 -1.8
v -4.5 0.9 -1.8
v -4.3 0.8 -1.8
v -4.3 0.9 -1.8
v -1.7 0.9 -1.8
v -1.7 1 -1.8
v -1.4 0.9 -1.8
v -1.4 1 -1.8
v 1.7 1 -1.8
v 1.7 1.1 -1.8
v 1.8 1 -1.8
v 1.8 1.1 -1.8
v 8.5 1.1 -1.8
v 8.5 1.2 -1.8
v 8.6 1.1 -1.8
v 8.6 1.2 -1.8
v -10.6 0.7 -1.9
v -10.6 0.8 -1.9
v -10.2 0.7 -1.9
v -10.2 0.8 -1.9
v -10.1 0.7 -1.9
v -10.1 0.8 -1.9
v -9.8 0.7 -1.9
v -9.8 0.8 -1.9
v -4.3 0.8 -1.9
v -4.3 0.9 -1.9
v -4.2 0.8 -1.9
v -4.2 0.9 -1.9
v -1.4 0.9 -1.9
v -1.4 1 -1.9
v -1.2 0.9 -1.9
v -1.2 1 -1.9
v 1.8 1 -1.9
v 1.8 1.1 -1.9
v 2 1 -1.9
v 2 1.1 -1.9
v 8.6 1.1 -1.9
v 8.6 1.2 -1.9
v 8.7 1.1 -1.9
v 8.7 1.2 -1.9
v -9.8 0.7 -2
v -9.8 0.8 -2
v -8.9 0.7 -2
v -8.9 0.8 -2
v -4.2 0.8 -2
v -4.2 0.9 -2
v -4.1 0.8 -2
v -4.1 0.9 -2
v -1.2 0.9 -2
v -1.2 1 -2
v -1 0.9 -2
v -0.900001 0.9 -2
v -0.900001 1 -2
v 2 1 -2
v 2 1.1 -2
v 2.2 1 -2
v 2.2 1.1 -2
v 8.7 1.1 -2
v 8.7 1.2 -2
v 8.8 1.1 -2
v 8.8 1.2 -2
v -8.9 0.7 -2.1
v -8.9 0.8 -2.1
v -8.2 0.7 -2.1
v -8.2 0.8 -2.1
v -4.1 0.8 -2.1
v -4.1 0.9 -2.1
v -4 0.8 -2.1
v -4 0.9 -2.1
v -0.900001 0.9 -2.1
v -0.900001 1 -2.1
v -0.700001 0.9 -2.1
v -0.700001 1 -2.1
v 2.2 1 -2.1
v 2.2 1.1 -2.1
v 2.5 1 -2.1
v 2.5 1.1 -2.1
v -8.2 0.7 -2.2
v -8.2 0.8 -2.2
v -7.5 0.7 -2.2
v -7.5 0.8 -2.2
v -4 0.8 -2.2
v -4 0.9 -2.2
v -3.8 0.8 -2.2
v -3.8 0.9 -2.2
v -0.700001 0.9 -2.2
v -0.700001 1 -2.2
v -0.5 0.9 -2.2
v -0.5 1 -2.2
v 2.5 1 -2.2
v 2.5 1.1 -2.2
v 2.8 1 -2.2
v 2.8 1.1 -2.2
v 8.8 1.1 -2.2
v 8.8 1.2 -2.2
v 8.9 1.1 -2.2
v 8.9 1.2 -2.2
v -7.5 0.7 -2.3
v -7.5 0.8 -2.3
v -6.8 0.7 -2.3
v -6.8 0.8 -2.3
v -3.8 0.8 -2.3
v -3.8 0.9 -2.3
v -3.7 0.8 -2.3
v -3.7 0.9 -2.3
v -0.5 0.9 -2.3
v -0.5 1 -2.3
v -0.200001 0.9 -2.3
v -0.200001 1 -2.3
v 2.8 1 -2.3
v 2.8 1.1 -2.3
v 3.1 1 -2.3
v 3.1 1.1 -2.3
v 8.9 1.1 -2.3
v 8.9 1.2 -2.3
v 9.1 1.1 -2.3
v 9.1 1.2 -2.3
v -6.8 0.7 -2.4
v -6.8 0.8 -2.4
v -6.6 0.7 -2.4
v -6.6 0.8 -2.4
v -3.7 0.8 -2.4
v -3.7 0.9 -2.4
v -3.6 0.8 -2.4
v -3.6 0.9 -2.4
v -0.200001 0.9 -2.4
v -0.200001 1 -2.4
v 0.0999994 0.9 -2.4
v 0.0999994 1 -2.4
v 3.1 1 -2.4
v 3.1 1.1 -2.4
v 3.5 1 -2.4
v 3.5 1.1 -2.4
v 9.1 1.1 -2.4
v 9.1 1.2 -2.4
v 9.2 1.1 -2.4
v 9.2 1.2 -2.4
v -6.6 0.7 -2.5
v -6.6 0.8 -2.5
v -6.3 0.7 -2.5
v -6.3 0.8 -2.5
v -3.6 0.8 -2.5
v -3.6 0.9 -2.5
v -3.5 0.8 -2.5
v -3.5 0.9 -2.5
v 0.0999994 0.9 -2.5
v 0.0999994 1 -2.5
v 0.4 0.9 -2.5
v 0.4 1 -2.5
v 3.5 1 -2.5
v 3.5 1.1 -2.5
v 3.7 1 -2.5
v 3.7 1.1 -2.5
v 9.2 1.1 -2.5
v 9.2 1.2 -2.5
v 9.3 1.1 -2.5
v 9.3 1.2 -2.5
v -6.3 0.7 -2.6
v -6.3 0.8 -2.6
v -5.8 0.7 -2.6
v -5.8 0.8 -2.6
v -3.5 0.8 -2.6
v -3.5 0.9 -2.6
v -3.4 0.8 -2.6
v -3.4 0.9 -2.6
v 0.4 0.9 -2.6
v 0.4 1 -2.6
v 0.7 0.9 -2.6
v 0.7 1 -2.6
v 3.7 1 -2.6
v 3.7 1.1 -2.6
v 3.9 1 -2.6
v 3.9 1.1 -2.6
v 9.3 1.1 -2.6
v 9.3 1.2 -2.6
v 9.4 1.1 -2.6
v 9.4 1.2 -2.6
v -5.8 0.7 -2.7
v -5.8 0.8 -2.7
v -5.6 0.7 -2.7
v -5.6 0.8 -2.7
v -3.4 0.8 -2.7
v -3.4 0.9 -2.7
v -3.2 0.8 -2.7
v -3.2 0.9 -2.7
v 0.7 0.9 -2.7
v 0.7 1 -2.7
v 1.1 0.9 -2.7
v 1.1 1 -2.7
v 3.9 1 -2.7
v 3.9 1.1 -2.7
v 4.1 1 -2.7
v 4.1 1.1 -2.7
v 9.4 1.1 -2.7
v 9.4 1.2 -2.7
v 9.5 1.1 -2.7
v 9.5 1.2 -2.7
v 11 1.1 -2.7
v 11 1.2 -2.7
v 12.2 1.1 -2.7
v 12.2 1.2 -2.7
v 12.5 1.1 -2.7
v 12.5 1.2 -2.7
v 12.8 1.1 -2.7
v 12.8 1.2 -2.7
v -5.6 0.7 -2.8
v -5.6 0.8 -2.8
v -5.3 0.7 -2.8
v -5.3 0.8 -2.8
v -3.2 0.8 -2.8
v -3.2 0.9 -2.8
v -3.1 0.8 -2.8
v -3.1 0.9 -2.8
v 1.1 0.9 -2.8
v 1.1 1 -2.8
v 1.4 0.9 -2.8
v 1.4 1 -2.8
v 4.1 1 -2.8
v 4.1 1.1 -2.8
v 4.6 1 -2.8
v 4.6 1.1 -2.8
v 9.5 1.1 -2.8
v 9.5 1.2 -2.8
v 9.7 1.1 -2.8
v 9.7 1.2 -2.8
v 10.7 1.1 -2.8
v 10.7 1.2 -2.8
v 11 1.1 -2.8
v 11 1.2 -2.8
v 12.2 1.1 -2.8
v 12.2 1.2 -2.8
v 12.5 1.1 -2.8
v 12.5 1.2 -2.8
v -5.3 0.7 -2.9
v -5.3 0.8 -2.9
v -5.1 0.7 -2.9
v -5.1 0.8 -2.9
v -3.1 0.8 -2.9
v -3.1 0.9 -2.9
v -3 0.8 -2.9
v -3 0.9 -2.9
v 1.4 0.9 -2.9
v 1.4 1 -2.9
v 1.7 0.9 -2.9
v 1.7 1 -2.9
v 4.6 1 -2.9
v 4.6 1.1 -2.9
v 4.8 1 -2.9
v 4.8 1.1 -2.9
v 9.7 1.1 -2.9
v 9.7 1.2 -2.9
v 10.7 1.1 -2.9
v 10.7 1.2 -2.9
v -5.1 0.7 -3
v -5.1 0.8 -3
v -4.9 0.7 -3
v -4.9 0.8 -3
v -3 0.8 -3
v -3 0.9 -3
v -2.9 0.8 -3
v -2.9 0.9 -3
v 1.7 0.9 -3
v 1.7 1 -3
v 1.9 0.9 -3
v 1.9 1 -3
v 4.8 1 -3
v 4.8 1.1 -3
v 5.1 1 -3
v 5.1 1.1 -3
v -12.8 0.6 -3.1
v -12.8 0.7 -3.1
v -12.1 0.6 -3.1
v -12.1 0.7 -3.1
v -4.9 0.7 -3.1
v -4.9 0.8 -3.1
v -4.7 0.7 -3.1
v -4.7 0.8 -3.1
v -2.9 0.8 -3.1
v -2.9 0.9 -3.1
v -2.7 0.8 -3.1
v -2.7 0.9 -3.1
v 1.9 0.9 -3.1
v 1.9 1 -3.1
v 2.2 0.9 -3.1
v 2.2 1 -3.1
v 5.1 1 -3.1
v 5.1 1.1 -3.1
v 5.3 1 -3.1
v 5.3 1.1 -3.1
v -12.1 0.6 -3.2
v -12.1 0.7 -3.2
v -11.8 0.6 -3.2
v -11.8 0.7 -3.2
v -4.7 0.7 -3.2
v -4.7 0.8 -3.2
v -4.5 0.7 -3.2
v -4.5 0.8 -3.2
v -2.7 0.8 -3.2
v -2.7 0.9 -3.2
v -2.5 0.8 -3.2
v -2.5 0.9 -3.2
v 2.2 0.9 -3.2
v 2.2 1 -3.2
v 2.5 0.9 -3.2
v 2.5 1 -3.2
v 5.3 1 -3.2
v 5.3 1.1 -3.2
v 5.6 1 -3.2
v 5.6 1.1 -3.2
v -11.8 0.6 -3.3
v -11.8 0.7 -3.3
v -11.7 0.6 -3.3
v -11.7 0.7 -3.3
v -11.6 0.6 -3.3
v -11.5 0.6 -3.3
v -11.5 0.7 -3.3
v -4.5 0.7 -3.3
v -4.5 0.8 -3.3
v -4.3 0.7 -3.3
v -4.3 0.8 -3.3
v -2.5 0.8 -3.3
v -2.5 0.9 -3.3
v -2.3 0.8 -3.3
v -2.3 0.9 -3.3
v 2.5 0.9 -3.3
v 2.5 1 -3.3
v 2.8 0.9 -3.3
v 2.8 1 -3.3
v 5.6 1 -3.3
v 5.6 1.1 -3.3
v 5.8 1 -3.3
v 5.8 1.1 -3.3
v -11.5 0.6 -3.4
v -11.5 0.7 -3.4
v -11.3 0.6 -3.4
v -11.3 0.7 -3.4
v -4.3 0.7 -3.4
v -4.3 0.8 -3.4
v -4.1 0.7 -3.4
v -4.1 0.8 -3.4
v 2.8 0.9 -3.4
v 2.8 1 -3.4
v 3.5 0.9 -3.4
v 3.5 1 -3.4
v 5.8 1 -3.4
v 5.8 1.1 -3.4
v 6.1 1 -3.4
v 6.1 1.1 -3.4
v -11.3 0.6 -3.5
v -11.3 0.7 -3.5
v -11.1 0.6 -3.5
v -11.1 0.7 -3.5
v -4.1 0.7 -3.5
v -4.1 0.8 -3.5
v -3.9 0.7 -3.5
v -3.9 0.8 -3.5
v -2.3 0.8 -3.5
v -2.3 0.9 -3.5
v -2.2 0.8 -3.5
v -2.2 0.9 -3.5
v 3.5 0.9 -3.5
v 3.5 1 -3.5
v 3.7 0.9 -3.5
v 3.7 1 -3.5
v 6.1 1 -3.5
v 6.1 1.1 -3.5
v 6.5 1 -3.5
v 6.5 1.1 -3.5
v -11.1 0.6 -3.6
v -11.1 0.7 -3.6
v -10.7 0.6 -3.6
v -10.7 0.7 -3.6
v -3.9 0.7 -3.6
v -3.9 0.8 -3.6
v -3.8 0.7 -3.6
v -3.8 0.8 -3.6
v -2.2 0.8 -3.6
v -2.2 0.9 -3.6
v -2 0.8 -3.6
v -2 0.9 -3.6
v 3.7 0.9 -3.6
v 3.7 1 -3.6
v 3.9 0.9 -3.6
v 3.9 1 -3.6
v 6.5 1 -3.6
v 6.5 1.1 -3.6
v 6.8 1 -3.6
v 6.8 1.1 -3.6
v -10.7 0.6 -3.7
v -10.7 0.7 -3.7
v -10.6 0.6 -3.7
v -10.6 0.7 -3.7
v -3.8 0.7 -3.7
v -3.8 0.8 -3.7
v -3.6 0.7 -3.7
v -3.6 0.8 -3.7
v -2 0.8 -3.7
v -2 0.9 -3.7
v -1.8 0.8 -3.7
v -1.8 0.9 -3.7
v 3.9 0.9 -3.7
v 3.9 1 -3.7
v 4.1 0.9 -3.7
v 4.1 1 -3.7
v 6.8 1 -3.7
v 6.8 1.1 -3.7
v 7 1 -3.7
v 7 1.1 -3.7
v -10.6 0.6 -3.8
v -10.6 0.7 -3.8
v -10.4 0.6 -3.8
v -10.4 0.7 -3.8
v -3.6 0.7 -3.8
v -3.6 0.8 -3.8
v -3.5 0.7 -3.8
v -3.5 0.8 -3.8
v -1.8 0.8 -3.8
v -1.8 0.9 -3.8
v -1.5 0.8 -3.8
v -1.5 0.9 -3.8
v 4.1 0.9 -3.8
v 4.1 1 -3.8
v 4.4 0.9 -3.8
v 4.4 1 -3.8
v 7 1 -3.8
v 7 1.1 -3.8
v 7.3 1 -3.8
v 7.3 1.1 -3.8
v -10.4 0.6 -3.9
v -10.4 0.7 -3.9
v -10.1 0.6 -3.9
v -10.1 0.7 -3.9
v -3.5 0.7 -3.9
v -3.5 0.8 -3.9
v -3.3 0.7 -3.9
v -3.3 0.8 -3.9
v -1.5 0.8 -3.9
v -1.5 0.9 -3.9
v -1.3 0.8 -3.9
v -1.3 0.9 -3.9
v 4.4 0.9 -3.9
v 4.4 1 -3.9
v 4.6 0.9 -3.9
v 4.6 1 -3.9
v 7.3 1 -3.9
v 7.3 1.1 -3.9
v 7.6 1 -3.9
v 7.6 1.1 -3.9
v -10.1 0.6 -4
v -10.1 0.7 -4
v -9.9 0.6 -4
v -9.9 0.7 -4
v -3.3 0.7 -4
v -3.3 0.8 -4
v -3.2 0.7 -4
v -3.2 0.8 -4
v -1.3 0.8 -4
v -1.3 0.9 -4
v -1.2 0.8 -4
v -1.2 0.9 -4
v 4.6 0.9 -4
v 4.6 1 -4
v 4.9 0.9 -4
v 4.9 1 -4
v 7.6 1 -4
v 7.6 1.1 -4
v 7.9 1 -4
v 7.9 1.1 -4
v -9.9 0.6 -4.1
v -9.9 0.7 -4.1
v -9.6 0.6 -4.1
v -9.6 0.7 -4.1
v -3.2 0.7 -4.1
v -3.2 0.8 -4.1
v -3.1 0.7 -4.1
v -3.1 0.8 -4.1
v -1.2 0.8 -4.1
v -1.2 0.9 -4.1
v -1 0.8 -4.1
v -1 0.9 -4.1
v 4.9 0.9 -4.1
v 4.9 1 -4.1
v 5.1 0.9 -4.1
v 5.1 1 -4.1
v 7.9 1 -4.1
v 7.9 1.1 -4.1
v 8.3 1 -4.1
v 8.3 1.1 -4.1
v -9.6 0.6 -4.2
v -9.6 0.7 -4.2
v -9.3 0.6 -4.2
v -9.3 0.7 -4.2
v -3.1 0.7 -4.2
v -3.1 0.8 -4.2
v -2.9 0.7 -4.2
v -2.9 0.8 -4.2
v -1 0.8 -4.2
v -1 0.9 -4.2
v 0.0999994 0.8 -4.2
v 0.0999994 0.9 -4.2
v 5.1 0.9 -4.2
v 5.1 1 -4.2
v 5.3 0.9 -4.2
v 5.3 1 -4.2
v 8.3 1 -4.2
v 8.3 1.1 -4.2
v 8.6 1 -4.2
v 8.6 1.1 -4.2
v -9.3 0.6 -4.3
v -9.3 0.7 -4.3
v -9.1 0.6 -4.3
v -9.1 0.7 -4.3
v -2.9 0.7 -4.3
v -2.9 0.8 -4.3
v -2.8 0.7 -4.3
v -2.8 0.8 -4.3
v 0.0999994 0.8 -4.3
v 0.0999994 0.9 -4.3
v 0.799999 0.8 -4.3
v 0.799999 0.9 -4.3
v 5.3 0.9 -4.3
v 5.3 1 -4.3
v 5.5 0.9 -4.3
v 5.5 1 -4.3
v 8.6 1 -4.3
v 8.6 1.1 -4.3
v 8.7 1 -4.3
v 8.7 1.1 -4.3
v -9.1 0.6 -4.4
v -9.1 0.7 -4.4
v -8.9 0.6 -4.4
v -8.9 0.7 -4.4
v -2.8 0.7 -4.4
v -2.8 0.8 -4.4
v -2.7 0.7 -4.4
v -2.7 0.8 -4.4
v 0.799999 0.8 -4.4
v 0.799999 0.9 -4.4
v 1.3 0.8 -4.4
v 1.3 0.9 -4.4
v 5.5 0.9 -4.4
v 5.5 1 -4.4
v 5.6 0.9 -4.4
v 5.6 1 -4.4
v 8.7 1 -4.4
v 8.7 1.1 -4.4
v 8.8 1 -4.4
v 8.8 1.1 -4.4
v -8.9 0.6 -4.5
v -8.9 0.7 -4.5
v -8.7 0.6 -4.5
v -8.7 0.7 -4.5
v -2.7 0.7 -4.5
v -2.7 0.8 -4.5
v -2.6 0.7 -4.5
v -2.6 0.8 -4.5
v 1.3 0.8 -4.5
v 1.3 0.9 -4.5
v 1.6 0.8 -4.5
v 1.6 0.9 -4.5
v 5.6 0.9 -4.5
v 5.6 1 -4.5
v 5.7 0.9 -4.5
v 5.7 1 -4.5
v 8.8 1 -4.5
v 8.8 1.1 -4.5
v 8.9 1 -4.5
v 8.9 1.1 -4.5
v -8.7 0.6 -4.6
v -8.7 0.7 -4.6
v -8.5 0.6 -4.6
v -8.5 0.7 -4.6
v -2.6 0.7 -4.6
v -2.6 0.8 -4.6
v -2.5 0.7 -4.6
v -2.5 0.8 -4.6
v 1.6 0.8 -4.6
v 1.6 0.9 -4.6
v 2.2 0.8 -4.6
v 2.2 0.9 -4.6
v 5.7 0.9 -4.6
v 5.7 1 -4.6
v 5.8 0.9 -4.6
v 5.8 1 -4.6
v 8.9 1 -4.6
v 8.9 1.1 -4.6
v 9 1 -4.6
v 9 1.1 -4.6
v -8.5 0.6 -4.7
v -8.5 0.7 -4.7
v -8.3 0.6 -4.7
v -8.3 0.7 -4.7
v -2.5 0.7 -4.7
v -2.5 0.8 -4.7
v -2.4 0.7 -4.7
v -2.4 0.8 -4.7
v 2.2 0.8 -4.7
v 2.2 0.9 -4.7
v 2.5 0.8 -4.7
v 2.5 0.9 -4.7
v 5.8 0.9 -4.7
v 5.8 1 -4.7
v 5.9 0.9 -4.7
v 5.9 1 -4.7
v 9 1 -4.7
v 9 1.1 -4.7
v 9.1 1 -4.7
v 9.1 1.1 -4.7
v -8.3 0.6 -4.8
v -8.3 0.7 -4.8
v -8 0.6 -4.8
v -8 0.7 -4.8
v -2.4 0.7 -4.8
v -2.4 0.8 -4.8
v -2.3 0.7 -4.8
v -2.3 0.8 -4.8
v 2.5 0.8 -4.8
v 2.5 0.9 -4.8
v 2.6 0.8 -4.8
v 2.6 0.9 -4.8
v 5.9 0.9 -4.8
v 5.9 1 -4.8
v 6 0.9 -4.8
v 6 1 -4.8
v 9.1 1 -4.8
v 9.1 1.1 -4.8
v 9.3 1 -4.8
v 9.3 1.1 -4.8
v -8 0.6 -4.9
v -8 0.7 -4.9
v -7.8 0.6 -4.9
v -7.8 0.7 -4.9
v -2.3 0.7 -4.9
v -2.3 0.8 -4.9
v -2.2 0.7 -4.9
v -2.2 0.8 -4.9
v -2.1 0.7 -4.9
v -2.1 0.8 -4.9
v 2.6 0.8 -4.9
v 2.6 0.9 -4.9
v 2.8 0.8 -4.9
v 2.8 0.9 -4.9
v 6 0.9 -4.9
v 6 1 -4.9
v 6.1 0.9 -4.9
v 6.1 1 -4.9
v 9.3 1 -4.9
v 9.3 1.1 -4.9
v 9.4 1 -4.9
v 9.4 1.1 -4.9
v -12.8 0.5 -5
v -12.8 0.6 -5
v -12.3 0.5 -5
v -12.3 0.6 -5
v -7.8 0.6 -5
v -7.8 0.7 -5
v -7.5 0.6 -5
v -7.5 0.7 -5
v -2.1 0.7 -5
v -2.1 0.8 -5
v -2 0.7 -5
v -2 0.8 -5
v 2.8 0.8 -5
v 2.8 0.9 -5
v 2.9 0.8 -5
v 2.9 0.9 -5
v 9.4 1 -5
v 9.4 1.1 -5
v 9.5 1 -5
v 9.6 1 -5
v 9.6 1.1 -5
v -12.3 0.5 -5.1
v -12.3 0.6 -5.1
v -11.7 0.5 -5.1
v -11.7 0.6 -5.1
v -7.5 0.6 -5.1
v -7.5 0.7 -5.1
v -7.3 0.6 -5.1
v -7.3 0.7 -5.1
v -2 0.7 -5.1
v -2 0.8 -5.1
v -1.8 0.7 -5.1
v -1.8 0.8 -5.1
v 2.9 0.8 -5.1
v 2.9 0.9 -5.1
v 3.1 0.8 -5.1
v 3.1 0.9 -5.1
v 6.1 0.9 -5.1
v 6.1 1 -5.1
v 6.2 0.9 -5.1
v 6.2 1 -5.1
v 9.6 1 -5.1
v 9.6 1.1 -5.1
v 9.7 1 -5.1
v 9.7 1.1 -5.1
v -11.7 0.5 -5.2
v -11.7 0.6 -5.2
v -11.1 0.5 -5.2
v -11.1 0.6 -5.2
v -7.3 0.6 -5.2
v -7.3 0.7 -5.2
v -7.1 0.6 -5.2
v -7.1 0.7 -5.2
v -1.8 0.7 -5.2
v -1.8 0.8 -5.2
v -1.7 0.7 -5.2
v -1.7 0.8 -5.2
v 3.1 0.8 -5.2
v 3.1 0.9 -5.2
v 3.3 0.8 -5.2
v 3.3 0.9 -5.2
v 6.2 0.9 -5.2
v 6.2 1 -5.2
v 6.3 0.9 -5.2
v 6.3 1 -5.2
v 9.7 1 -5.2
v 9.7 1.1 -5.2
v 9.8 1 -5.2
v 9.8 1.1 -5.2
v -11.1 0.5 -5.3
v -11.1 0.6 -5.3
v -10.2 0.5 -5.3
v -10.2 0.6 -5.3
v -7.1 0.6 -5.3
v -7.1 0.7 -5.3
v -6.8 0.6 -5.3
v -6.8 0.7 -5.3
v -1.7 0.7 -5.3
v -1.7 0.8 -5.3
v -1.6 0.7 -5.3
v -1.6 0.8 -5.3
v 3.3 0.8 -5.3
v 3.3 0.9 -5.3
v 3.5 0.8 -5.3
v 3.5 0.9 -5.3
v 6.3 0.9 -5.3
v 6.3 1 -5.3
v 6.4 0.9 -5.3
v 6.4 1 -5.3
v 9.8 1 -5.3
v 9.8 1.1 -5.3
v 9.9 1 -5.3
v 9.9 1.1 -5.3
v -10.2 0.5 -5.4
v -10.2 0.6 -5.4
v -10.1 0.5 -5.4
v -10.1 0.6 -5.4
v -6.8 0.6 -5.4
v -6.8 0.7 -5.4
v -6.5 0.6 -5.4
v -6.5 0.7 -5.4
v -1.6 0.7 -5.4
v -1.6 0.8 -5.4
v -1.5 0.7 -5.4
v -1.5 0.8 -5.4
v 3.5 0.8 -5.4
v 3.5 0.9 -5.4
v 3.7 0.8 -5.4
v 3.7 0.9 -5.4
v 9.9 1 -5.4
v 9.9 1.1 -5.4
v 10.2 1 -5.4
v 10.2 1.1 -5.4
v -10.1 0.5 -5.5
v -10.1 0.6 -5.5
v -9.8 0.5 -5.5
v -9.8 0.6 -5.5
v -6.5 0.6 -5.5
v -6.5 0.7 -5.5
v -6.3 0.6 -5.5
v -6.3 0.7 -5.5
v -1.5 0.7 -5.5
v -1.5 0.8 -5.5
v -1.4 0.7 -5.5
v -1.4 0.8 -5.5
v 3.7 0.8 -5.5
v 3.7 0.9 -5.5
v 3.9 0.8 -5.5
v 3.9 0.9 -5.5
v 6.4 0.9 -5.5
v 6.4 1 -5.5
v 6.5 0.9 -5.5
v 6.5 1 -5.5
v 10.2 1 -5.5
v 10.2 1.1 -5.5
v 11.2 1 -5.5
v 11.2 1.1 -5.5
v -9.8 0.5 -5.6
v -9.8 0.6 -5.6
v -9.4 0.5 -5.6
v -9.4 0.6 -5.6
v -6.3 0.6 -5.6
v -6.3 0.7 -5.6
v -6 0.6 -5.6
v -6 0.7 -5.6
v -1.4 0.7 -5.6
v -1.4 0.8 -5.6
v -1.3 0.7 -5.6
v -1.3 0.8 -5.6
v 3.9 0.8 -5.6
v 3.9 0.9 -5.6
v 4.1 0.8 -5.6
v 4.1 0.9 -5.6
v 6.5 0.9 -5.6
v 6.5 1 -5.6
v 6.6 0.9 -5.6
v 6.6 1 -5.6
v 11.2 1 -5.6
v 11.2 1.1 -5.6
v 11.6 1 -5.6
v 11.6 1.1 -5.6
v 11.7 1 -5.6
v 11.7 1.1 -5.6
v 11.8 1 -5.6
v 11.8 1.1 -5.6
v -9.4 0.5 -5.7
v -9.4 0.6 -5.7
v -9.1 0.5 -5.7
v -9.1 0.6 -5.7
v -6 0.6 -5.7
v -6 0.7 -5.7
v -5.7 0.6 -5.7
v -5.7 0.7 -5.7
v -1.3 0.7 -5.7
v -1.3 0.8 -5.7
v -1.2 0.7 -5.7
v -1.2 0.8 -5.7
v 4.1 0.8 -5.7
v 4.1 0.9 -5.7
v 4.3 0.8 -5.7
v 4.3 0.9 -5.7
v 6.6 0.9 -5.7
v 6.6 1 -5.7
v 6.7 0.9 -5.7
v 6.7 1 -5.7
v 11.8 1 -5.7
v 11.8 1.1 -5.7
v 12.8 1 -5.7
v 12.8 1.1 -5.7
v -9.1 0.5 -5.8
v -9.1 0.6 -5.8
v -8.8 0.5 -5.8
v -8.8 0.6 -5.8
v -5.7 0.6 -5.8
v -5.7 0.7 -5.8
v -5.5 0.6 -5.8
v -5.5 0.7 -5.8
v -1.2 0.7 -5.8
v -1.2 0.8 -5.8
v -1.1 0.7 -5.8
v -1.1 0.8 -5.8
v 4.3 0.8 -5.8
v 4.3 0.9 -5.8
v 4.6 0.8 -5.8
v 4.6 0.9 -5.8
v 6.7 0.9 -5.8
v 6.7 1 -5.8
v 6.8 0.9 -5.8
v 6.8 1 -5.8
v -8.8 0.5 -5.9
v -8.8 0.6 -5.9
v -8.5 0.5 -5.9
v -8.5 0.6 -5.9
v -5.5 0.6 -5.9
v -5.5 0.7 -5.9
v -5.3 0.6 -5.9
v -5.3 0.7 -5.9
v -1.1 0.7 -5.9
v -1.1 0.8 -5.9
v -0.900001 0.7 -5.9
v -0.900001 0.8 -5.9
v 4.6 0.8 -5.9
v 4.6 0.9 -5.9
v 4.8 0.8 -5.9
v 4.8 0.9 -5.9
v 6.8 0.9 -5.9
v 6.8 1 -5.9
v 6.9 0.9 -5.9
v 6.9 1 -5.9
v -8.5 0.5 -6
v -8.5 0.6 -6
v -8.2 0.5 -6
v -8.2 0.6 -6
v -5.3 0.6 -6
v -5.3 0.7 -6
v -4.9 0.6 -6
v -4.9 0.7 -6
v -0.900001 0.7 -6
v -0.900001 0.8 -6
v -0.8 0.7 -6
v -0.8 0.8 -6
v 4.8 0.8 -6
v 4.8 0.9 -6
v 4.9 0.8 -6
v 4.9 0.9 -6
v 6.9 0.9 -6
v 6.9 1 -6
v 7 0.9 -6
v 7 1 -6
v -12.8 0.4 -6.1
v -12.8 0.5 -6.1
v -12 0.4 -6.1
v -12 0.5 -6.1
v -8.2 0.5 -6.1
v -8.2 0.6 -6.1
v -8 0.5 -6.1
v -8 0.6 -6.1
v -4.9 0.6 -6.1
v -4.9 0.7 -6.1
v -4.8 0.6 -6.1
v -4.8 0.7 -6.1
v -0.8 0.7 -6.1
v -0.8 0.8 -6.1
v -0.700001 0.7 -6.1
v -0.700001 0.8 -6.1
v 4.9 0.8 -6.1
v 4.9 0.9 -6.1
v 5 0.8 -6.1
v 5 0.9 -6.1
v -12 0.4 -6.2
v -12 0.5 -6.2
v -11.6 0.4 -6.2
v -11.6 0.5 -6.2
v -8 0.5 -6.2
v -8 0.6 -6.2
v -7.7 0.5 -6.2
v -7.7 0.6 -6.2
v -4.8 0.6 -6.2
v -4.8 0.7 -6.2
v -4.6 0.6 -6.2
v -4.6 0.7 -6.2
v -0.700001 0.7 -6.2
v -0.700001 0.8 -6.2
v -0.5 0.7 -6.2
v -0.5 0.8 -6.2
v 5 0.8 -6.2
v 5 0.9 -6.2
v 5.2 0.8 -6.2
v 5.2 0.9 -6.2
v 7 0.9 -6.2
v 7 1 -6.2
v 7.3 0.9 -6.2
v 7.3 1 -6.2
v -11.6 0.4 -6.3
v -11.6 0.5 -6.3
v -11.2 0.4 -6.3
v -11.2 0.5 -6.3
v -7.7 0.5 -6.3
v -7.7 0.6 -6.3
v -7.5 0.5 -6.3
v -7.5 0.6 -6.3
v -4.6 0.6 -6.3
v -4.6 0.7 -6.3
v -4.5 0.6 -6.3
v -4.5 0.7 -6.3
v -0.5 0.7 -6.3
v -0.5 0.8 -6.3
v -0.400001 0.7 -6.3
v -0.400001 0.8 -6.3
v 5.2 0.8 -6.3
v 5.2 0.9 -6.3
v 5.3 0.8 -6.3
v 5.3 0.9 -6.3
v 7.3 0.9 -6.3
v 7.3 1 -6.3
v 7.5 0.9 -6.3
v 7.5 1 -6.3
v -11.2 0.4 -6.4
v -11.2 0.5 -6.4
v -11.1 0.4 -6.4
v -11.1 0.5 -6.4
v -7.5 0.5 -6.4
v -7.5 0.6 -6.4
v -7.3 0.5 -6.4
v -7.3 0.6 -6.4
v -4.5 0.6 -6.4
v -4.5 0.7 -6.4
v -4.4 0.6 -6.4
v -4.4 0.7 -6.4
v -0.400001 0.7 -6.4
v -0.400001 0.8 -6.4
v -0.200001 0.7 -6.4
v -0.200001 0.8 -6.4
v 5.3 0.8 -6.4
v 5.3 0.9 -6.4
v 5.5 0.8 -6.4
v 5.5 0.9 -6.4
v 7.5 0.9 -6.4
v 7.5 1 -6.4
v 7.8 0.9 -6.4
v 7.8 1 -6.4
v -11.1 0.4 -6.5
v -11.1 0.5 -6.5
v -11 0.4 -6.5
v -11 0.5 -6.5
v -7.3 0.5 -6.5
v -7.3 0.6 -6.5
v -7.1 0.5 -6.5
v -7.1 0.6 -6.5
v -4.4 0.6 -6.5
v -4.4 0.7 -6.5
v -4.3 0.6 -6.5
v -4.3 0.7 -6.5
v -0.200001 0.7 -6.5
v -0.200001 0.8 -6.5
v -0.1 0.7 -6.5
v -0.1 0.8 -6.5
v 5.5 0.8 -6.5
v 5.5 0.9 -6.5
v 5.6 0.8 -6.5
v 5.6 0.9 -6.5
v 7.8 0.9 -6.5
v 7.8 1 -6.5
v 8 0.9 -6.5
v 8 1 -6.5
v -11 0.4 -6.6
v -11 0.5 -6.6
v -10.9 0.4 -6.6
v -10.9 0.5 -6.6
v -7.1 0.5 -6.6
v -7.1 0.6 -6.6
v -7 0.5 -6.6
v -7 0.6 -6.6
v -4.3 0.6 -6.6
v -4.3 0.7 -6.6
v -4.1 0.6 -6.6
v -4 0.6 -6.6
v -4 0.7 -6.6
v -0.1 0.7 -6.6
v -0.1 0.8 -6.6
v 0.0999994 0.7 -6.6
v 0.0999994 0.8 -6.6
v 5.6 0.8 -6.6
v 5.6 0.9 -6.6
v 5.7 0.8 -6.6
v 5.7 0.9 -6.6
v 8 0.9 -6.6
v 8 1 -6.6
v 8.2 0.9 -6.6
v 8.2 1 -6.6
v -10.9 0.4 -6.7
v -10.9 0.5 -6.7
v -10.8 0.4 -6.7
v -10.8 0.5 -6.7
v -7 0.5 -6.7
v -7 0.6 -6.7
v -6.8 0.5 -6.7
v -6.8 0.6 -6.7
v -4 0.6 -6.7
v -4 0.7 -6.7
v -3.8 0.6 -6.7
v -3.8 0.7 -6.7
v 0.0999994 0.7 -6.7
v 0.0999994 0.8 -6.7
v 0.2 0.7 -6.7
v 0.2 0.8 -6.7
v 5.7 0.8 -6.7
v 5.7 0.9 -6.7
v 5.9 0.8 -6.7
v 5.9 0.9 -6.7
v 8.2 0.9 -6.7
v 8.2 1 -6.7
v 8.5 0.9 -6.7
v 8.5 1 -6.7
v -12.8 0.3 -6.8
v -12.8 0.4 -6.8
v -12.6 0.3 -6.8
v -12.6 0.4 -6.8
v -10.8 0.4 -6.8
v -10.8 0.5 -6.8
v -10.6 0.4 -6.8
v -10.6 0.5 -6.8
v -6.8 0.5 -6.8
v -6.8 0.6 -6.8
v -6.7 0.5 -6.8
v -6.7 0.6 -6.8
v -3.8 0.6 -6.8
v -3.8 0.7 -6.8
v -3.6 0.6 -6.8
v -3.6 0.7 -6.8
v 0.2 0.7 -6.8
v 0.2 0.8 -6.8
v 0.4 0.7 -6.8
v 0.4 0.8 -6.8
v 5.9 0.8 -6.8
v 5.9 0.9 -6.8
v 6 0.8 -6.8
v 6 0.9 -6.8
v 8.5 0.9 -6.8
v 8.5 1 -6.8
v 8.8 0.9 -6.8
v 8.8 1 -6.8
v -12.6 0.3 -6.9
v -12.6 0.4 -6.9
v -12.5 0.3 -6.9
v -12.5 0.4 -6.9
v -10.6 0.4 -6.9
v -10.6 0.5 -6.9
v -10.4 0.4 -6.9
v -10.4 0.5 -6.9
v -6.7 0.5 -6.9
v -6.7 0.6 -6.9
v -6.5 0.5 -6.9
v -6.5 0.6 -6.9
v -3.6 0.6 -6.9
v -3.6 0.7 -6.9
v -3.4 0.6 -6.9
v -3.4 0.7 -6.9
v 0.4 0.7 -6.9
v 0.4 0.8 -6.9
v 0.5 0.7 -6.9
v 0.5 0.8 -6.9
v 6 0.8 -6.9
v 6 0.9 -6.9
v 6.1 0.8 -6.9
v 6.1 0.9 -6.9
v 8.8 0.9 -6.9
v 8.8 1 -6.9
v 9.3 0.9 -6.9
v 9.3 1 -6.9
v -12.5 0.3 -7
v -12.5 0.4 -7
v -12.3 0.3 -7
v -12.3 0.4 -7
v -10.4 0.4 -7
v -10.4 0.5 -7
v -10.1 0.4 -7
v -10.1 0.5 -7
v -6.5 0.5 -7
v -6.5 0.6 -7
v -6.3 0.5 -7
v -6.3 0.6 -7
v -3.4 0.6 -7
v -3.4 0.7 -7
v -3.3 0.6 -7
v -3.3 0.7 -7
v 0.5 0.7 -7
v 0.5 0.8 -7
v 0.7 0.7 -7
v 0.7 0.8 -7
v 6.1 0.8 -7
v 6.1 0.9 -7
v 6.3 0.8 -7
v 6.3 0.9 -7
v 9.3 0.9 -7
v 9.3 1 -7
v 9.8 0.9 -7
v 9.8 1 -7
v -12.3 0.3 -7.1
v -12.3 0.4 -7.1
v -12 0.3 -7.1
v -12 0.4 -7.1
v -10.1 0.4 -7.1
v -10.1 0.5 -7.1
v -9.8 0.4 -7.1
v -9.8 0.5 -7.1
v -6.3 0.5 -7.1
v -6.3 0.6 -7.1
v -6 0.5 -7.1
v -6 0.6 -7.1
v -3.3 0.6 -7.1
v -3.3 0.7 -7.1
v -3.2 0.6 -7.1
v -3.2 0.7 -7.1
v 6.3 0.8 -7.1
v 6.3 0.9 -7.1
v 6.4 0.8 -7.1
v 6.4 0.9 -7.1
v 9.8 0.9 -7.1
v 9.8 1 -7.1
v 10.1 0.9 -7.1
v 10.1 1 -7.1
v -12 0.3 -7.2
v -12 0.4 -7.2
v -11.7 0.3 -7.2
v -11.7 0.4 -7.2
v -9.8 0.4 -7.2
v -9.8 0.5 -7.2
v -9.5 0.4 -7.2
v -9.5 0.5 -7.2
v -6 0.5 -7.2
v -6 0.6 -7.2
v -5.9 0.5 -7.2
v -5.9 0.6 -7.2
v -5.6 0.5 -7.2
v -5.6 0.6 -7.2
v -3.2 0.6 -7.2
v -3.2 0.7 -7.2
v -3.1 0.6 -7.2
v -3.1 0.7 -7.2
v 0.7 0.7 -7.2
v 0.7 0.8 -7.2
v 0.9 0.7 -7.2
v 0.9 0.8 -7.2
v 6.4 0.8 -7.2
v 6.4 0.9 -7.2
v 6.6 0.8 -7.2
v 6.6 0.9 -7.2
v 10.1 0.9 -7.2
v 10.1 1 -7.2
v 10.8 0.9 -7.2
v 10.8 1 -7.2
v -11.7 0.3 -7.3
v -11.7 0.4 -7.3
v -11.6 0.3 -7.3
v -11.6 0.4 -7.3
v -9.5 0.4 -7.3
v -9.5 0.5 -7.3
v -9.3 0.4 -7.3
v -9.3 0.5 -7.3
v -5.6 0.5 -7.3
v -5.6 0.6 -7.3
v -5.4 0.5 -7.3
v -5.4 0.6 -7.3
v -3.1 0.6 -7.3
v -3.1 0.7 -7.3
v -3 0.6 -7.3
v -3 0.7 -7.3
v 0.9 0.7 -7.3
v 0.9 0.8 -7.3
v 1 0.7 -7.3
v 1 0.8 -7.3
v 6.6 0.8 -7.3
v 6.6 0.9 -7.3
v 6.7 0.8 -7.3
v 6.7 0.9 -7.3
v 10.8 0.9 -7.3
v 10.8 1 -7.3
v 12.8 0.9 -7.3
v 12.8 1 -7.3
v -12.8 0.2 -7.4
v -12.8 0.3 -7.4
v -12.6 0.2 -7.4
v -12.6 0.3 -7.4
v -11.6 0.3 -7.4
v -11.6 0.4 -7.4
v -11.5 0.3 -7.4
v -11.4 0.3 -7.4
v -11.4 0.4 -7.4
v -9.3 0.4 -7.4
v -9.3 0.5 -7.4
v -9.1 0.4 -7.4
v -9.1 0.5 -7.4
v -5.4 0.5 -7.4
v -5.4 0.6 -7.4
v -5.2 0.5 -7.4
v -5.2 0.6 -7.4
v -3 0.6 -7.4
v -3 0.7 -7.4
v -2.9 0.6 -7.4
v -2.9 0.7 -7.4
v 1 0.7 -7.4
v 1 0.8 -7.4
v 1.2 0.7 -7.4
v 1.2 0.8 -7.4
v 6.7 0.8 -7.4
v 6.7 0.9 -7.4
v 6.9 0.8 -7.4
v 6.9 0.9 -7.4
v -12.6 0.2 -7.5
v -12.6 0.3 -7.5
v -12.3 0.2 -7.5
v -12.3 0.3 -7.5
v -11.4 0.3 -7.5
v -11.4 0.4 -7.5
v -10.9 0.3 -7.5
v -10.9 0.4 -7.5
v -9.1 0.4 -7.5
v -9.1 0.5 -7.5
v -8.8 0.4 -7.5
v -8.8 0.5 -7.5
v -5.2 0.5 -7.5
v -5.2 0.6 -7.5
v -5.1 0.5 -7.5
v -5.1 0.6 -7.5
v -2.9 0.6 -7.5
v -2.9 0.7 -7.5
v -2.7 0.6 -7.5
v -2.7 0.7 -7.5
v 1.2 0.7 -7.5
v 1.2 0.8 -7.5
v 1.3 0.7 -7.5
v 1.3 0.8 -7.5
v 6.9 0.8 -7.5
v 6.9 0.9 -7.5
v 7 0.8 -7.5
v 7 0.9 -7.5
v -12.3 0.2 -7.6
v -12.3 0.3 -7.6
v -12.2 0.2 -7.6
v -12.2 0.3 -7.6
v -12.1 0.2 -7.6
v -12.1 0.3 -7.6
v -10.9 0.3 -7.6
v -10.9 0.4 -7.6
v -10.1 0.3 -7.6
v -10.1 0.4 -7.6
v -8.8 0.4 -7.6
v -8.8 0.5 -7.6
v -8.6 0.4 -7.6
v -8.6 0.5 -7.6
v -5.1 0.5 -7.6
v -5.1 0.6 -7.6
v -5 0.5 -7.6
v -5 0.6 -7.6
v -2.7 0.6 -7.6
v -2.7 0.7 -7.6
v -2.5 0.6 -7.6
v -2.5 0.7 -7.6
v 1.3 0.7 -7.6
v 1.3 0.8 -7.6
v 1.5 0.7 -7.6
v 1.5 0.8 -7.6
v 7 0.8 -7.6
v 7 0.9 -7.6
v 7.2 0.8 -7.6
v 7.2 0.9 -7.6
v -12.1 0.2 -7.7
v -12.1 0.3 -7.7
v -11.9 0.2 -7.7
v -11.9 0.3 -7.7
v -10.1 0.3 -7.7
v -10.1 0.4 -7.7
v -9.9 0.3 -7.7
v -9.9 0.4 -7.7
v -8.6 0.4 -7.7
v -8.6 0.5 -7.7
v -8.3 0.4 -7.7
v -8.3 0.5 -7.7
v -5 0.5 -7.7
v -5 0.6 -7.7
v -4.8 0.5 -7.7
v -4.8 0.6 -7.7
v -2.5 0.6 -7.7
v -2.5 0.7 -7.7
v -2.3 0.6 -7.7
v -2.3 0.7 -7.7
v 1.5 0.7 -7.7
v 1.5 0.8 -7.7
v 1.7 0.7 -7.7
v 1.7 0.8 -7.7
v 1.8 0.7 -7.7
v 1.8 0.8 -7.7
v 7.2 0.8 -7.7
v 7.2 0.9 -7.7
v 7.4 0.8 -7.7
v 7.4 0.9 -7.7
v -11.9 0.2 -7.8
v -11.9 0.3 -7.8
v -11.8 0.2 -7.8
v -11.8 0.3 -7.8
v -9.9 0.3 -7.8
v -9.9 0.4 -7.8
v -9.5 0.3 -7.8
v -9.5 0.4 -7.8
v -8.3 0.4 -7.8
v -8.3 0.5 -7.8
v -7.8 0.4 -7.8
v -7.8 0.5 -7.8
v -4.8 0.5 -7.8
v -4.8 0.6 -7.8
v -4.7 0.5 -7.8
v -4.7 0.6 -7.8
v -2.3 0.6 -7.8
v -2.3 0.7 -7.8
v -2.2 0.6 -7.8
v -2.1 0.6 -7.8
v -2.1 0.7 -7.8
v 1.8 0.7 -7.8
v 1.8 0.8 -7.8
v 2 0.7 -7.8
v 2 0.8 -7.8
v 2.1 0.7 -7.8
v 2.1 0.8 -7.8
v 2.2 0.7 -7.8
v 2.2 0.8 -7.8
v 7.4 0.8 -7.8
v 7.4 0.9 -7.8
v 7.5 0.8 -7.8
v 7.5 0.9 -7.8
v -11.8 0.2 -7.9
v -11.8 0.3 -7.9
v -11.7 0.2 -7.9
v -11.7 0.3 -7.9
v -9.5 0.3 -7.9
v -9.5 0.4 -7.9
v -9.3 0.3 -7.9
v -9.3 0.4 -7.9
v -7.8 0.4 -7.9
v -7.8 0.5 -7.9
v -7.6 0.4 -7.9
v -7.6 0.5 -7.9
v -4.7 0.5 -7.9
v -4.7 0.6 -7.9
v -4.5 0.5 -7.9
v -4.5 0.6 -7.9
v -2.1 0.6 -7.9
v -2.1 0.7 -7.9
v -1.9 0.6 -7.9
v -1.9 0.7 -7.9
v 2.2 0.7 -7.9
v 2.2 0.8 -7.9
v 2.8 0.7 -7.9
v 2.8 0.8 -7.9
v 7.5 0.8 -7.9
v 7.5 0.9 -7.9
v 7.7 0.8 -7.9
v 7.7 0.9 -7.9
v -11.7 0.2 -8
v -11.7 0.3 -8
v -11.4 0.2 -8
v -11.4 0.3 -8
v -9.3 0.3 -8
v -9.3 0.4 -8
v -9.1 0.3 -8
v -9.1 0.4 -8
v -7.6 0.4 -8
v -7.6 0.5 -8
v -7.5 0.4 -8
v -7.5 0.5 -8
v -4.5 0.5 -8
v -4.5 0.6 -8
v -4.4 0.5 -8
v -4.4 0.6 -8
v -1.9 0.6 -8
v -1.9 0.7 -8
v -1.7 0.6 -8
v -1.7 0.7 -8
v 2.8 0.7 -8
v 2.8 0.8 -8
v 3.1 0.7 -8
v 3.1 0.8 -8
v 7.7 0.8 -8
v 7.7 0.9 -8
v 7.9 0.8 -8
v 7.9 0.9 -8
v -11.4 0.2 -8.1
v -11.4 0.3 -8.1
v -11.3 0.2 -8.1
v -11.3 0.3 -8.1
v -9.1 0.3 -8.1
v -9.1 0.4 -8.1
v -8.8 0.3 -8.1
v -8.8 0.4 -8.1
v -7.5 0.4 -8.1
v -7.5 0.5 -8.1
v -7 0.4 -8.1
v -7 0.5 -8.1
v -4.4 0.5 -8.1
v -4.4 0.6 -8.1
v -4.3 0.5 -8.1
v -4.3 0.6 -8.1
v -1.7 0.6 -8.1
v -1.7 0.7 -8.1
v -1.5 0.6 -8.1
v -1.5 0.7 -8.1
v 3.1 0.7 -8.1
v 3.1 0.8 -8.1
v 3.4 0.7 -8.1
v 3.4 0.8 -8.1
v 7.9 0.8 -8.1
v 7.9 0.9 -8.1
v 8 0.8 -8.1
v 8 0.9 -8.1
v -11.3 0.2 -8.2
v -11.3 0.3 -8.2
v -11.1 0.2 -8.2
v -11.1 0.3 -8.2
v -8.8 0.3 -8.2
v -8.8 0.4 -8.2
v -8.6 0.3 -8.2
v -8.6 0.4 -8.2
v -7 0.4 -8.2
v -7 0.5 -8.2
v -6.5 0.4 -8.2
v -6.5 0.5 -8.2
v -4.3 0.5 -8.2
v -4.3 0.6 -8.2
v -4.2 0.5 -8.2
v -4.2 0.6 -8.2
v -4.1 0.5 -8.2
v -4.1 0.6 -8.2
v -1.5 0.6 -8.2
v -1.5 0.7 -8.2
v -1.3 0.6 -8.2
v -1.3 0.7 -8.2
v 3.4 0.7 -8.2
v 3.4 0.8 -8.2
v 3.7 0.7 -8.2
v 3.7 0.8 -8.2
v 8 0.8 -8.2
v 8 0.9 -8.2
v 8.1 0.8 -8.2
v 8.1 0.9 -8.2
v -11.1 0.2 -8.3
v -11.1 0.3 -8.3
v -10.8 0.2 -8.3
v -10.8 0.3 -8.3
v -8.6 0.3 -8.3
v -8.6 0.4 -8.3
v -8.5 0.3 -8.3
v -8.5 0.4 -8.3
v -6.5 0.4 -8.3
v -6.5 0.5 -8.3
v -6 0.4 -8.3
v -6 0.5 -8.3
v -4.1 0.5 -8.3
v -4.1 0.6 -8.3
v -3.9 0.5 -8.3
v -3.9 0.6 -8.3
v -1.3 0.6 -8.3
v -1.3 0.7 -8.3
v -1.1 0.6 -8.3
v -1.1 0.7 -8.3
v 3.7 0.7 -8.3
v 3.7 0.8 -8.3
v 4 0.7 -8.3
v 4 0.8 -8.3
v 8.1 0.8 -8.3
v 8.1 0.9 -8.3
v 8.2 0.8 -8.3
v 8.2 0.9 -8.3
v -10.8 0.2 -8.4
v -10.8 0.3 -8.4
v -10.5 0.2 -8.4
v -10.5 0.3 -8.4
v -8.5 0.3 -8.4
v -8.5 0.4 -8.4
v -8.4 0.3 -8.4
v -8.4 0.4 -8.4
v -6 0.4 -8.4
v -6 0.5 -8.4
v -5.4 0.4 -8.4
v -5.4 0.5 -8.4
v -3.9 0.5 -8.4
v -3.9 0.6 -8.4
v -3.8 0.5 -8.4
v -3.8 0.6 -8.4
v -1.1 0.6 -8.4
v -1.1 0.7 -8.4
v -0.900001 0.6 -8.4
v -0.900001 0.7 -8.4
v 4 0.7 -8.4
v 4 0.8 -8.4
v 4.3 0.7 -8.4
v 4.3 0.8 -8.4
v 8.2 0.8 -8.4
v 8.2 0.9 -8.4
v 8.3 0.8 -8.4
v 8.3 0.9 -8.4
v -10.5 0.2 -8.5
v -10.5 0.3 -8.5
v -10.4 0.2 -8.5
v -10.4 0.3 -8.5
v -8.4 0.3 -8.5
v -8.4 0.4 -8.5
v -8.3 0.3 -8.5
v -8.3 0.4 -8.5
v -5.4 0.4 -8.5
v -5.4 0.5 -8.5
v -5.2 0.4 -8.5
v -5.2 0.5 -8.5
v -3.8 0.5 -8.5
v -3.8 0.6 -8.5
v -3.7 0.5 -8.5
v -3.7 0.6 -8.5
v -0.900001 0.6 -8.5
v -0.900001 0.7 -8.5
v -0.8 0.6 -8.5
v -0.8 0.7 -8.5
v 4.3 0.7 -8.5
v 4.3 0.8 -8.5
v 4.7 0.7 -8.5
v 4.7 0.8 -8.5
v 8.3 0.8 -8.5
v 8.3 0.9 -8.5
v 8.4 0.8 -8.5
v 8.4 0.9 -8.5
v -10.4 0.2 -8.6
v -10.4 0.3 -8.6
v -10.2 0.2 -8.6
v -10.2 0.3 -8.6
v -8.3 0.3 -8.6
v -8.3 0.4 -8.6
v -8.2 0.3 -8.6
v -8.2 0.4 -8.6
v -5.2 0.4 -8.6
v -5.2 0.5 -8.6
v -4.8 0.4 -8.6
v -4.8 0.5 -8.6
v -3.7 0.5 -8.6
v -3.7 0.6 -8.6
v -3.5 0.5 -8.6
v -3.5 0.6 -8.6
v -0.8 0.6 -8.6
v -0.8 0.7 -8.6
v -0.6 0.6 -8.6
v -0.6 0.7 -8.6
v 4.7 0.7 -8.6
v 4.7 0.8 -8.6
v 4.9 0.7 -8.6
v 4.9 0.8 -8.6
v 8.4 0.8 -8.6
v 8.4 0.9 -8.6
v 8.5 0.8 -8.6
v 8.5 0.9 -8.6
v -10.2 0.2 -8.7
v -10.2 0.3 -8.7
v -9.9 0.2 -8.7
v -9.9 0.3 -8.7
v -8.2 0.3 -8.7
v -8.2 0.4 -8.7
v -8.1 0.3 -8.7
v -8.1 0.4 -8.7
v -4.8 0.4 -8.7
v -4.8 0.5 -8.7
v -4.5 0.4 -8.7
v -4.5 0.5 -8.7
v -3.5 0.5 -8.7
v -3.5 0.6 -8.7
v -3.3 0.5 -8.7
v -3.3 0.6 -8.7
v -0.6 0.6 -8.7
v -0.6 0.7 -8.7
v -0.400001 0.6 -8.7
v -0.400001 0.7 -8.7
v 4.9 0.7 -8.7
v 4.9 0.8 -8.7
v 5.3 0.7 -8.7
v 5.3 0.8 -8.7
v 8.5 0.8 -8.7
v 8.5 0.9 -8.7
v 8.6 0.8 -8.7
v 8.6 0.9 -8.7
v -9.9 0.2 -8.8
v -9.9 0.3 -8.8
v -9.7 0.2 -8.8
v -9.7 0.3 -8.8
v -8.1 0.3 -8.8
v -8.1 0.4 -8.8
v -8 0.3 -8.8
v -8 0.4 -8.8
v -4.5 0.4 -8.8
v -4.5 0.5 -8.8
v -4.3 0.4 -8.8
v -4.3 0.5 -8.8
v -3.3 0.5 -8.8
v -3.3 0.6 -8.8
v -3.2 0.5 -8.8
v -3.2 0.6 -8.8
v -0.400001 0.6 -8.8
v -0.400001 0.7 -8.8
v -0.3 0.6 -8.8
v -0.3 0.7 -8.8
v 5.3 0.7 -8.8
v 5.3 0.8 -8.8
v 5.7 0.7 -8.8
v 5.7 0.8 -8.8
v 8.6 0.8 -8.8
v 8.6 0.9 -8.8
v 8.7 0.8 -8.8
v 8.7 0.9 -8.8
v -9.7 0.2 -8.9
v -9.7 0.3 -8.9
v -9.6 0.2 -8.9
v -9.6 0.3 -8.9
v -8 0.3 -8.9
v -8 0.4 -8.9
v -7.9 0.3 -8.9
v -7.9 0.4 -8.9
v -4.3 0.4 -8.9
v -4.3 0.5 -8.9
v -4.1 0.4 -8.9
v -4.1 0.5 -8.9
v -3.2 0.5 -8.9
v -3.2 0.6 -8.9
v -3 0.5 -8.9
v -3 0.6 -8.9
v -0.3 0.6 -8.9
v -0.3 0.7 -8.9
v -0.1 0.6 -8.9
v -0.1 0.7 -8.9
v 5.7 0.7 -8.9
v 5.7 0.8 -8.9
v 5.9 0.7 -8.9
v 5.9 0.8 -8.9
v 8.7 0.8 -8.9
v 8.7 0.9 -8.9
v 8.8 0.8 -8.9
v 8.8 0.9 -8.9
v -9.6 0.2 -9
v -9.6 0.3 -9
v -9.3 0.2 -9
v -9.3 0.3 -9
v -7.9 0.3 -9
v -7.9 0.4 -9
v -7.8 0.3 -9
v -7.8 0.4 -9
v -4.1 0.4 -9
v -4.1 0.5 -9
v -4 0.4 -9
v -4 0.5 -9
v -3 0.5 -9
v -3 0.6 -9
v -2.8 0.5 -9
v -2.8 0.6 -9
v -0.1 0.6 -9
v -0.1 0.7 -9
v 0.0999994 0.6 -9
v 0.0999994 0.7 -9
v 5.9 0.7 -9
v 5.9 0.8 -9
v 6.3 0.7 -9
v 6.3 0.8 -9
v 8.8 0.8 -9
v 8.8 0.9 -9
v 8.9 0.8 -9
v 8.9 0.9 -9
v -9.3 0.2 -9.1
v -9.3 0.3 -9.1
v -9.1 0.2 -9.1
v -9.1 0.3 -9.1
v -7.8 0.3 -9.1
v -7.8 0.4 -9.1
v -7.7 0.3 -9.1
v -7.7 0.4 -9.1
v -4 0.4 -9.1
v -4 0.5 -9.1
v -3.9 0.4 -9.1
v -3.9 0.5 -9.1
v -2.8 0.5 -9.1
v -2.8 0.6 -9.1
v -2.7 0.5 -9.1
v -2.7 0.6 -9.1
v -2.6 0.5 -9.1
v -2.6 0.6 -9.1
v 0.0999994 0.6 -9.1
v 0.0999994 0.7 -9.1
v 0.299999 0.6 -9.1
v 0.299999 0.7 -9.1
v 6.3 0.7 -9.1
v 6.3 0.8 -9.1
v 6.6 0.7 -9.1
v 6.6 0.8 -9.1
v 8.9 0.8 -9.1
v 8.9 0.9 -9.1
v 9.1 0.8 -9.1
v 9.1 0.9 -9.1
v -9.1 0.2 -9.2
v -9.1 0.3 -9.2
v -9 0.2 -9.2
v -9 0.3 -9.2
v -7.7 0.3 -9.2
v -7.7 0.4 -9.2
v -7.5 0.3 -9.2
v -7.5 0.4 -9.2
v -3.9 0.4 -9.2
v -3.9 0.5 -9.2
v -3.7 0.4 -9.2
v -3.7 0.5 -9.2
v -2.6 0.5 -9.2
v -2.6 0.6 -9.2
v -2.4 0.5 -9.2
v -2.4 0.6 -9.2
v 0.299999 0.6 -9.2
v 0.299999 0.7 -9.2
v 0.5 0.6 -9.2
v 0.5 0.7 -9.2
v 6.6 0.7 -9.2
v 6.6 0.8 -9.2
v 6.9 0.7 -9.2
v 6.9 0.8 -9.2
v 9.1 0.8 -9.2
v 9.1 0.9 -9.2
v 9.2 0.8 -9.2
v 9.2 0.9 -9.2
v -9 0.2 -9.3
v -9 0.3 -9.3
v -8.8 0.2 -9.3
v -8.8 0.3 -9.3
v -7.5 0.3 -9.3
v -7.5 0.4 -9.3
v -7.3 0.3 -9.3
v -7.3 0.4 -9.3
v -3.7 0.4 -9.3
v -3.7 0.5 -9.3
v -3.5 0.4 -9.3
v -3.5 0.5 -9.3
v -2.4 0.5 -9.3
v -2.4 0.6 -9.3
v -2.2 0.5 -9.3
v -2.2 0.6 -9.3
v 0.5 0.6 -9.3
v 0.5 0.7 -9.3
v 0.7 0.6 -9.3
v 0.7 0.7 -9.3
v 6.9 0.7 -9.3
v 6.9 0.8 -9.3
v 7.2 0.7 -9.3
v 7.2 0.8 -9.3
v 9.2 0.8 -9.3
v 9.2 0.9 -9.3
v 9.7 0.8 -9.3
v 9.7 0.9 -9.3
v -8.8 0.2 -9.4
v -8.8 0.3 -9.4
v -8.6 0.2 -9.4
v -8.6 0.3 -9.4
v -7.3 0.3 -9.4
v -7.3 0.4 -9.4
v -7.1 0.3 -9.4
v -7.1 0.4 -9.4
v -3.5 0.4 -9.4
v -3.5 0.5 -9.4
v -3.3 0.4 -9.4
v -3.3 0.5 -9.4
v -2.2 0.5 -9.4
v -2.2 0.6 -9.4
v -2 0.5 -9.4
v -2 0.6 -9.4
v 0.7 0.6 -9.4
v 0.7 0.7 -9.4
v 1 0.6 -9.4
v 1 0.7 -9.4
v 7.2 0.7 -9.4
v 7.2 0.8 -9.4
v 7.5 0.7 -9.4
v 7.5 0.8 -9.4
v 9.7 0.8 -9.4
v 9.7 0.9 -9.4
v 10.1 0.8 -9.4
v 10.1 0.9 -9.4
v -8.6 0.2 -9.5
v -8.6 0.3 -9.5
v -8.5 0.2 -9.5
v -8.5 0.3 -9.5
v -7.1 0.3 -9.5
v -7.1 0.4 -9.5
v -7 0.3 -9.5
v -7 0.4 -9.5
v -3.3 0.4 -9.5
v -3.3 0.5 -9.5
v -3.2 0.4 -9.5
v -3.2 0.5 -9.5
v -2 0.5 -9.5
v -2 0.6 -9.5
v -1.8 0.5 -9.5
v -1.8 0.6 -9.5
v 1 0.6 -9.5
v 1 0.7 -9.5
v 1.3 0.6 -9.5
v 1.3 0.7 -9.5
v 7.5 0.7 -9.5
v 7.5 0.8 -9.5
v 7.8 0.7 -9.5
v 7.8 0.8 -9.5
v 10.1 0.8 -9.5
v 10.1 0.9 -9.5
v 10.4 0.8 -9.5
v 10.4 0.9 -9.5
v -8.5 0.2 -9.6
v -8.5 0.3 -9.6
v -8.3 0.2 -9.6
v -8.3 0.3 -9.6
v -7 0.3 -9.6
v -7 0.4 -9.6
v -6.8 0.3 -9.6
v -6.8 0.4 -9.6
v -3.2 0.4 -9.6
v -3.2 0.5 -9.6
v -3 0.4 -9.6
v -3 0.5 -9.6
v -1.8 0.5 -9.6
v -1.8 0.6 -9.6
v -1.7 0.5 -9.6
v -1.7 0.6 -9.6
v 1.3 0.6 -9.6
v 1.3 0.7 -9.6
v 1.6 0.6 -9.6
v 1.6 0.7 -9.6
v 7.8 0.7 -9.6
v 7.8 0.8 -9.6
v 8 0.7 -9.6
v 8 0.8 -9.6
v 10.4 0.8 -9.6
v 10.4 0.9 -9.6
v 10.6 0.8 -9.6
v 10.6 0.9 -9.6
v -8.3 0.2 -9.7
v -8.3 0.3 -9.7
v -8.2 0.2 -9.7
v -8.2 0.3 -9.7
v -6.8 0.3 -9.7
v -6.8 0.4 -9.7
v -6.5 0.3 -9.7
v -6.5 0.4 -9.7
v -3 0.4 -9.7
v -3 0.5 -9.7
v -2.8 0.4 -9.7
v -2.8 0.5 -9.7
v -1.7 0.5 -9.7
v -1.7 0.6 -9.7
v -1.5 0.5 -9.7
v -1.5 0.6 -9.7
v 1.6 0.6 -9.7
v 1.6 0.7 -9.7
v 1.8 0.6 -9.7
v 1.8 0.7 -9.7
v 8 0.7 -9.7
v 8 0.8 -9.7
v 8.2 0.7 -9.7
v 8.2 0.8 -9.7
v 10.6 0.8 -9.7
v 10.6 0.9 -9.7
v 10.7 0.8 -9.7
v 10.7 0.9 -9.7
v -8.2 0.2 -9.8
v -8.2 0.3 -9.8
v -8.1 0.2 -9.8
v -8.1 0.3 -9.8
v -6.5 0.3 -9.8
v -6.5 0.4 -9.8
v -6.3 0.3 -9.8
v -6.3 0.4 -9.8
v -2.8 0.4 -9.8
v -2.8 0.5 -9.8
v -2.6 0.4 -9.8
v -2.6 0.5 -9.8
v -1.5 0.5 -9.8
v -1.5 0.6 -9.8
v -1.4 0.5 -9.8
v -1.4 0.6 -9.8
v 1.8 0.6 -9.8
v 1.8 0.7 -9.8
v 2.1 0.6 -9.8
v 2.1 0.7 -9.8
v 8.2 0.7 -9.8
v 8.2 0.8 -9.8
v 8.4 0.7 -9.8
v 8.4 0.8 -9.8
v 10.7 0.8 -9.8
v 10.7 0.9 -9.8
v 11.4 0.8 -9.8
v 11.4 0.9 -9.8
v -8.1 0.2 -9.9
v -8.1 0.3 -9.9
v -7.9 0.2 -9.9
v -7.9 0.3 -9.9
v -6.3 0.3 -9.9
v -6.3 0.4 -9.9
v -6.1 0.3 -9.9
v -6.1 0.4 -9.9
v -2.6 0.4 -9.9
v -2.6 0.5 -9.9
v -2.5 0.4 -9.9
v -2.5 0.5 -9.9
v -1.4 0.5 -9.9
v -1.4 0.6 -9.9
v -1.3 0.5 -9.9
v -1.2 0.5 -9.9
v -1.2 0.6 -9.9
v 2.1 0.6 -9.9
v 2.1 0.7 -9.9
v 2.4 0.6 -9.9
v 2.4 0.7 -9.9
v 8.4 0.7 -9.9
v 8.4 0.8 -9.9
v 8.6 0.7 -9.9
v 8.6 0.8 -9.9
v 11.4 0.8 -9.9
v 11.4 0.9 -9.9
v 11.7 0.8 -9.9
v 11.7 0.9 -9.9
v -7.9 0.2 -10
v -7.9 0.3 -10
v -7.8 0.2 -10
v -7.8 0.3 -10
v -6.1 0.3 -10
v -6.1 0.4 -10
v -5.9 0.3 -10
v -5.9 0.4 -10
v -2.5 0.4 -10
v -2.5 0.5 -10
v -2.4 0.4 -10
v -2.4 0.5 -10
v -1.2 0.5 -10
v -1.2 0.6 -10
v -1 0.5 -10
v -1 0.6 -10
v 2.4 0.6 -10
v 2.4 0.7 -10
v 2.8 0.6 -10
v 2.8 0.7 -10
v 8.6 0.7 -10
v 8.6 0.8 -10
v 8.8 0.7 -10
v 8.8 0.8 -10
v 11.7 0.8 -10
v 11.7 0.9 -10
v 11.8 0.8 -10
v 11.8 0.9 -10
v -7.8 0.2 -10.1
v -7.8 0.3 -10.1
v -7.7 0.2 -10.1
v -7.7 0.3 -10.1
v -5.9 0.3 -10.1
v -5.9 0.4 -10.1
v -5.7 0.3 -10.1
v -5.7 0.4 -10.1
v -2.4 0.4 -10.1
v -2.4 0.5 -10.1
v -2.3 0.4 -10.1
v -2.3 0.5 -10.1
v -1 0.5 -10.1
v -1 0.6 -10.1
v -0.8 0.5 -10.1
v -0.8 0.6 -10.1
v 2.8 0.6 -10.1
v 2.8 0.7 -10.1
v 3.2 0.6 -10.1
v 3.2 0.7 -10.1
v 8.8 0.7 -10.1
v 8.8 0.8 -10.1
v 9 0.7 -10.1
v 9 0.8 -10.1
v 11.8 0.8 -10.1
v 11.8 0.9 -10.1
v 12 0.8 -10.1
v 12 0.9 -10.1
v -7.7 0.2 -10.2
v -7.7 0.3 -10.2
v -7.6 0.2 -10.2
v -7.6 0.3 -10.2
v -5.7 0.3 -10.2
v -5.7 0.4 -10.2
v -5.5 0.3 -10.2
v -5.5 0.4 -10.2
v -2.3 0.4 -10.2
v -2.3 0.5 -10.2
v -2.2 0.4 -10.2
v -2.2 0.5 -10.2
v -0.8 0.5 -10.2
v -0.8 0.6 -10.2
v -0.6 0.5 -10.2
v -0.6 0.6 -10.2
v 3.2 0.6 -10.2
v 3.2 0.7 -10.2
v 3.6 0.6 -10.2
v 3.6 0.7 -10.2
v 9 0.7 -10.2
v 9 0.8 -10.2
v 9.2 0.7 -10.2
v 9.2 0.8 -10.2
v 12 0.8 -10.2
v 12 0.9 -10.2
v 12.4 0.8 -10.2
v 12.4 0.9 -10.2
v -7.6 0.2 -10.3
v -7.6 0.3 -10.3
v -7.4 0.2 -10.3
v -7.4 0.3 -10.3
v -5.5 0.3 -10.3
v -5.5 0.4 -10.3
v -5.3 0.3 -10.3
v -5.3 0.4 -10.3
v -2.2 0.4 -10.3
v -2.2 0.5 -10.3
v -2 0.4 -10.3
v -2 0.5 -10.3
v -0.6 0.5 -10.3
v -0.6 0.6 -10.3
v -0.200001 0.5 -10.3
v -0.200001 0.6 -10.3
v 3.6 0.6 -10.3
v 3.6 0.7 -10.3
v 4 0.6 -10.3
v 4 0.7 -10.3
v 9.2 0.7 -10.3
v 9.2 0.8 -10.3
v 9.4 0.7 -10.3
v 9.4 0.8 -10.3
v 12.4 0.8 -10.3
v 12.4 0.9 -10.3
v 12.8 0.8 -10.3
v 12.8 0.9 -10.3
v -12.8 0.1 -10.4
v -12.8 0.2 -10.4
v -12.7 0.1 -10.4
v -12.7 0.2 -10.4
v -7.4 0.2 -10.4
v -7.4 0.3 -10.4
v -7.3 0.2 -10.4
v -7.3 0.3 -10.4
v -0.200001 0.5 -10.4
v -0.200001 0.6 -10.4
v 0.0999994 0.5 -10.4
v 0.0999994 0.6 -10.4
v 4 0.6 -10.4
v 4 0.7 -10.4
v 4.5 0.6 -10.4
v 4.5 0.7 -10.4
v 9.4 0.7 -10.4
v 9.4 0.8 -10.4
v 9.6 0.7 -10.4
v 9.6 0.8 -10.4
v -12.7 0.1 -10.5
v -12.7 0.2 -10.5
v -12.6 0.1 -10.5
v -12.6 0.2 -10.5
v -7.3 0.2 -10.5
v -7.3 0.3 -10.5
v -7.2 0.2 -10.5
v -7.2 0.3 -10.5
v -5.3 0.3 -10.5
v -5.3 0.4 -10.5
v -5 0.3 -10.5
v -5 0.4 -10.5
v -2 0.4 -10.5
v -2 0.5 -10.5
v -1.9 0.4 -10.5
v -1.9 0.5 -10.5
v 0.0999994 0.5 -10.5
v 0.0999994 0.6 -10.5
v 0.4 0.5 -10.5
v 0.4 0.6 -10.5
v 4.5 0.6 -10.5
v 4.5 0.7 -10.5
v 5 0.6 -10.5
v 5 0.7 -10.5
v 9.6 0.7 -10.5
v 9.6 0.8 -10.5
v 9.8 0.7 -10.5
v 9.8 0.8 -10.5
v -12.6 0.1 -10.6
v -12.6 0.2 -10.6
v -12.4 0.1 -10.6
v -12.4 0.2 -10.6
v -5 0.3 -10.6
v -5 0.4 -10.6
v -4.9 0.3 -10.6
v -4.9 0.4 -10.6
v -1.9 0.4 -10.6
v -1.9 0.5 -10.6
v -1.7 0.4 -10.6
v -1.7 0.5 -10.6
v 0.4 0.5 -10.6
v 0.4 0.6 -10.6
v 0.9 0.5 -10.6
v 0.9 0.6 -10.6
v 5 0.6 -10.6
v 5 0.7 -10.6
v 5.4 0.6 -10.6
v 5.4 0.7 -10.6
v 9.8 0.7 -10.6
v 9.8 0.8 -10.6
v 9.9 0.7 -10.6
v 9.9 0.8 -10.6
v -12.4 0.1 -10.7
v -12.4 0.2 -10.7
v -11.9 0.1 -10.7
v -11.9 0.2 -10.7
v -7.2 0.2 -10.7
v -7.2 0.3 -10.7
v -7.1 0.2 -10.7
v -7.1 0.3 -10.7
v -4.9 0.3 -10.7
v -4.9 0.4 -10.7
v -4.7 0.3 -10.7
v -4.7 0.4 -10.7
v -1.7 0.4 -10.7
v -1.7 0.5 -10.7
v -1.6 0.4 -10.7
v -1.6 0.5 -10.7
v 0.9 0.5 -10.7
v 0.9 0.6 -10.7
v 1.5 0.5 -10.7
v 1.5 0.6 -10.7
v 5.4 0.6 -10.7
v 5.4 0.7 -10.7
v 5.8 0.6 -10.7
v 5.8 0.7 -10.7
v 9.9 0.7 -10.7
v 9.9 0.8 -10.7
v 10.2 0.7 -10.7
v 10.2 0.8 -10.7
v -11.9 0.1 -10.8
v -11.9 0.2 -10.8
v -11.7 0.1 -10.8
v -11.7 0.2 -10.8
v -7.1 0.2 -10.8
v -7.1 0.3 -10.8
v -7 0.2 -10.8
v -7 0.3 -10.8
v -4.7 0.3 -10.8
v -4.7 0.4 -10.8
v -4.5 0.3 -10.8
v -4.5 0.4 -10.8
v -1.6 0.4 -10.8
v -1.6 0.5 -10.8
v -1.5 0.4 -10.8
v -1.5 0.5 -10.8
v 1.5 0.5 -10.8
v 1.5 0.6 -10.8
v 2.2 0.5 -10.8
v 2.2 0.6 -10.8
v 5.8 0.6 -10.8
v 5.8 0.7 -10.8
v 6.1 0.6 -10.8
v 6.1 0.7 -10.8
v 10.2 0.7 -10.8
v 10.2 0.8 -10.8
v 10.3 0.7 -10.8
v 10.3 0.8 -10.8
v -11.7 0.1 -10.9
v -11.7 0.2 -10.9
v -11.4 0.1 -10.9
v -11.4 0.2 -10.9
v -7 0.2 -10.9
v -7 0.3 -10.9
v -6.8 0.2 -10.9
v -6.8 0.3 -10.9
v -4.5 0.3 -10.9
v -4.5 0.4 -10.9
v -4.3 0.3 -10.9
v -4.3 0.4 -10.9
v -1.5 0.4 -10.9
v -1.5 0.5 -10.9
v -1.3 0.4 -10.9
v -1.3 0.5 -10.9
v 2.2 0.5 -10.9
v 2.2 0.6 -10.9
v 2.5 0.5 -10.9
v 2.5 0.6 -10.9
v 6.1 0.6 -10.9
v 6.1 0.7 -10.9
v 6.4 0.6 -10.9
v 6.4 0.7 -10.9
v 10.3 0.7 -10.9
v 10.3 0.8 -10.9
v 10.4 0.7 -10.9
v 10.4 0.8 -10.9
v -11.4 0.1 -11
v -11.4 0.2 -11
v -10.8 0.1 -11
v -10.8 0.2 -11
v -10.5 0.1 -11
v -10.5 0.2 -11
v -10.4 0.1 -11
v -10.4 0.2 -11
v -6.8 0.2 -11
v -6.8 0.3 -11
v -6.6 0.2 -11
v -6.6 0.3 -11
v -4.3 0.3 -11
v -4.3 0.4 -11
v -4.1 0.3 -11
v -4.1 0.4 -11
v -1.3 0.4 -11
v -1.3 0.5 -11
v -1.2 0.4 -11
v -1.2 0.5 -11
v 2.5 0.5 -11
v 2.5 0.6 -11
v 2.8 0.5 -11
v 2.8 0.6 -11
v 6.4 0.6 -11
v 6.4 0.7 -11
v 6.8 0.6 -11
v 6.8 0.7 -11
v 10.4 0.7 -11
v 10.4 0.8 -11
v 10.5 0.7 -11
v 10.5 0.8 -11
v -10.8 0.1 -11.1
v -10.8 0.2 -11.1
v -10.5 0.1 -11.1
v -10.5 0.2 -11.1
v -10.4 0.1 -11.1
v -10.4 0.2 -11.1
v -10.2 0.1 -11.1
v -10.1 0.1 -11.1
v -10.1 0.2 -11.1
v -6.6 0.2 -11.1
v -6.6 0.3 -11.1
v -6.5 0.2 -11.1
v -6.5 0.3 -11.1
v -4.1 0.3 -11.1
v -4.1 0.4 -11.1
v -3.9 0.3 -11.1
v -3.9 0.4 -11.1
v -1.2 0.4 -11.1
v -1.2 0.5 -11.1
v -1.1 0.4 -11.1
v -1.1 0.5 -11.1
v 2.8 0.5 -11.1
v 2.8 0.6 -11.1
v 3.1 0.5 -11.1
v 3.1 0.6 -11.1
v 6.8 0.6 -11.1
v 6.8 0.7 -11.1
v 6.9 0.6 -11.1
v 6.9 0.7 -11.1
v 10.5 0.7 -11.1
v 10.5 0.8 -11.1
v 10.6 0.7 -11.1
v 10.6 0.8 -11.1
v -10.1 0.1 -11.2
v -10.1 0.2 -11.2
v -10 0.1 -11.2
v -10 0.2 -11.2
v -6.5 0.2 -11.2
v -6.5 0.3 -11.2
v -6.4 0.2 -11.2
v -6.4 0.3 -11.2
v -3.9 0.3 -11.2
v -3.9 0.4 -11.2
v -3.6 0.3 -11.2
v -3.6 0.4 -11.2
v -1.1 0.4 -11.2
v -1.1 0.5 -11.2
v -0.700001 0.4 -11.2
v -0.700001 0.5 -11.2
v 3.1 0.5 -11.2
v 3.1 0.6 -11.2
v 3.3 0.5 -11.2
v 3.3 0.6 -11.2
v 6.9 0.6 -11.2
v 6.9 0.7 -11.2
v 7.2 0.6 -11.2
v 7.2 0.7 -11.2
v -10 0.1 -11.3
v -10 0.2 -11.3
v -9.8 0.1 -11.3
v -9.8 0.2 -11.3
v -6.4 0.2 -11.3
v -6.4 0.3 -11.3
v -6.3 0.2 -11.3
v -6.3 0.3 -11.3
v -3.6 0.3 -11.3
v -3.6 0.4 -11.3
v -3.4 0.3 -11.3
v -3.4 0.4 -11.3
v -0.700001 0.4 -11.3
v -0.700001 0.5 -11.3
v -0.5 0.4 -11.3
v -0.5 0.5 -11.3
v 3.3 0.5 -11.3
v 3.3 0.6 -11.3
v 3.7 0.5 -11.3
v 3.7 0.6 -11.3
v 7.2 0.6 -11.3
v 7.2 0.7 -11.3
v 7.5 0.6 -11.3
v 7.5 0.7 -11.3
v 10.6 0.7 -11.3
v 10.6 0.8 -11.3
v 10.7 0.7 -11.3
v 10.7 0.8 -11.3
v -9.8 0.1 -11.4
v -9.8 0.2 -11.4
v -9.4 0.1 -11.4
v -9.4 0.2 -11.4
v -6.3 0.2 -11.4
v -6.3 0.3 -11.4
v -6.2 0.2 -11.4
v -6.2 0.3 -11.4
v -3.4 0.3 -11.4
v -3.4 0.4 -11.4
v -3.3 0.3 -11.4
v -3.3 0.4 -11.4
v -0.5 0.4 -11.4
v -0.5 0.5 -11.4
v -0.200001 0.4 -11.4
v -0.200001 0.5 -11.4
v 3.7 0.5 -11.4
v 3.7 0.6 -11.4
v 3.9 0.5 -11.4
v 3.9 0.6 -11.4
v 7.5 0.6 -11.4
v 7.5 0.7 -11.4
v 7.7 0.6 -11.4
v 7.7 0.7 -11.4
v -9.4 0.1 -11.5
v -9.4 0.2 -11.5
v -9.3 0.1 -11.5
v -9.3 0.2 -11.5
v -6.2 0.2 -11.5
v -6.2 0.3 -11.5
v -6.1 0.2 -11.5
v -6.1 0.3 -11.5
v -3.3 0.3 -11.5
v -3.3 0.4 -11.5
v -3 0.3 -11.5
v -3 0.4 -11.5
v -0.200001 0.4 -11.5
v -0.200001 0.5 -11.5
v 0.0999994 0.4 -11.5
v 0.0999994 0.5 -11.5
v 3.9 0.5 -11.5
v 3.9 0.6 -11.5
v 4.1 0.5 -11.5
v 4.1 0.6 -11.5
v 7.7 0.6 -11.5
v 7.7 0.7 -11.5
v 8 0.6 -11.5
v 8 0.7 -11.5
v 10.7 0.7 -11.5
v 10.7 0.8 -11.5
v 10.8 0.7 -11.5
v 10.8 0.8 -11.5
v -9.3 0.1 -11.6
v -9.3 0.2 -11.6
v -9.2 0.1 -11.6
v -9.2 0.2 -11.6
v -6.1 0.2 -11.6
v -6.1 0.3 -11.6
v -6 0.2 -11.6
v -6 0.3 -11.6
v -3 0.3 -11.6
v -3 0.4 -11.6
v -2.8 0.3 -11.6
v -2.8 0.4 -11.6
v 0.0999994 0.4 -11.6
v 0.0999994 0.5 -11.6
v 0.299999 0.4 -11.6
v 0.299999 0.5 -11.6
v 4.1 0.5 -11.6
v 4.1 0.6 -11.6
v 4.3 0.5 -11.6
v 4.3 0.6 -11.6
v 8 0.6 -11.6
v 8 0.7 -11.6
v 8.2 0.6 -11.6
v 8.2 0.7 -11.6
v 10.8 0.7 -11.6
v 10.8 0.8 -11.6
v 10.9 0.7 -11.6
v 10.9 0.8 -11.6
v -9.2 0.1 -11.7
v -9.2 0.2 -11.7
v -9.1 0.1 -11.7
v -9.1 0.2 -11.7
v -6 0.2 -11.7
v -6 0.3 -11.7
v -5.9 0.2 -11.7
v -5.9 0.3 -11.7
v -2.8 0.3 -11.7
v -2.8 0.4 -11.7
v -2.4 0.3 -11.7
v -2.4 0.4 -11.7
v 0.299999 0.4 -11.7
v 0.299999 0.5 -11.7
v 0.5 0.4 -11.7
v 0.5 0.5 -11.7
v 4.3 0.5 -11.7
v 4.3 0.6 -11.7
v 4.7 0.5 -11.7
v 4.7 0.6 -11.7
v 8.2 0.6 -11.7
v 8.2 0.7 -11.7
v 8.4 0.6 -11.7
v 8.4 0.7 -11.7
v 10.9 0.7 -11.7
v 10.9 0.8 -11.7
v 11.2 0.7 -11.7
v 11.2 0.8 -11.7
v -9.1 0.1 -11.8
v -9.1 0.2 -11.8
v -9 0.1 -11.8
v -9 0.2 -11.8
v -5.9 0.2 -11.8
v -5.9 0.3 -11.8
v -5.8 0.2 -11.8
v -5.8 0.3 -11.8
v -2.4 0.3 -11.8
v -2.4 0.4 -11.8
v -2.2 0.3 -11.8
v -2.2 0.4 -11.8
v 0.5 0.4 -11.8
v 0.5 0.5 -11.8
v 0.599999 0.4 -11.8
v 0.599999 0.5 -11.8
v 4.7 0.5 -11.8
v 4.7 0.6 -11.8
v 4.9 0.5 -11.8
v 4.9 0.6 -11.8
v 8.4 0.6 -11.8
v 8.4 0.7 -11.8
v 8.6 0.6 -11.8
v 8.6 0.7 -11.8
v 11.2 0.7 -11.8
v 11.2 0.8 -11.8
v 11.3 0.7 -11.8
v 11.3 0.8 -11.8
v -5.8 0.2 -11.9
v -5.8 0.3 -11.9
v -5.7 0.2 -11.9
v -5.7 0.3 -11.9
v -2.2 0.3 -11.9
v -2.2 0.4 -11.9
v -2.1 0.3 -11.9
v -2.1 0.4 -11.9
v 0.599999 0.4 -11.9
v 0.599999 0.5 -11.9
v 0.799999 0.4 -11.9
v 0.799999 0.5 -11.9
v 4.9 0.5 -11.9
v 4.9 0.6 -11.9
v 5 0.5 -11.9
v 5 0.6 -11.9
v 8.6 0.6 -11.9
v 8.6 0.7 -11.9
v 8.8 0.6 -11.9
v 8.8 0.7 -11.9
v 11.3 0.7 -11.9
v 11.3 0.8 -11.9
v 11.8 0.7 -11.9
v 11.8 0.8 -11.9
v -9 0.1 -12
v -9 0.2 -12
v -8.8 0.1 -12
v -8.8 0.2 -12
v -5.7 0.2 -12
v -5.7 0.3 -12
v -5.6 0.2 -12
v -5.6 0.3 -12
v -2.1 0.3 -12
v -2.1 0.4 -12
v -1.9 0.3 -12
v -1.9 0.4 -12
v 0.799999 0.4 -12
v 0.799999 0.5 -12
v 1.1 0.4 -12
v 1.1 0.5 -12
v 5 0.5 -12
v 5 0.6 -12
v 5.2 0.5 -12
v 5.2 0.6 -12
v 8.8 0.6 -12
v 8.8 0.7 -12
v 9.1 0.6 -12
v 9.1 0.7 -12
v 11.8 0.7 -12
v 11.8 0.8 -12
v 12.2 0.7 -12
v 12.2 0.8 -12
v -8.8 0.1 -12.1
v -8.8 0.2 -12.1
v -8.7 0.1 -12.1
v -8.7 0.2 -12.1
v -5.6 0.2 -12.1
v -5.6 0.3 -12.1
v -5.3 0.2 -12.1
v -5.3 0.3 -12.1
v -1.9 0.3 -12.1
v -1.9 0.4 -12.1
v -1.5 0.3 -12.1
v -1.5 0.4 -12.1
v 1.1 0.4 -12.1
v 1.1 0.5 -12.1
v 1.4 0.4 -12.1
v 1.4 0.5 -12.1
v 5.2 0.5 -12.1
v 5.2 0.6 -12.1
v 5.3 0.5 -12.1
v 5.3 0.6 -12.1
v 9.1 0.6 -12.1
v 9.1 0.7 -12.1
v 9.3 0.6 -12.1
v 9.3 0.7 -12.1
v 12.2 0.7 -12.1
v 12.2 0.8 -12.1
v 12.5 0.7 -12.1
v 12.5 0.8 -12.1
v 12.7 0.7 -12.1
v 12.7 0.8 -12.1
v 12.8 0.7 -12.1
v 12.8 0.8 -12.1
v -8.7 0.1 -12.2
v -8.7 0.2 -12.2
v -8.5 0.1 -12.2
v -8.5 0.2 -12.2
v -5.3 0.2 -12.2
v -5.3 0.3 -12.2
v -5.2 0.2 -12.2
v -5.2 0.3 -12.2
v -1.5 0.3 -12.2
v -1.5 0.4 -12.2
v -1.4 0.3 -12.2
v -1.4 0.4 -12.2
v 1.4 0.4 -12.2
v 1.4 0.5 -12.2
v 1.6 0.4 -12.2
v 1.6 0.5 -12.2
v 5.3 0.5 -12.2
v 5.3 0.6 -12.2
v 5.4 0.5 -12.2
v 5.4 0.6 -12.2
v 9.3 0.6 -12.2
v 9.3 0.7 -12.2
v 9.4 0.6 -12.2
v 9.4 0.7 -12.2
v 12.5 0.7 -12.2
v 12.5 0.8 -12.2
v 12.7 0.7 -12.2
v 12.7 0.8 -12.2
v -8.5 0.1 -12.3
v -8.5 0.2 -12.3
v -8.2 0.1 -12.3
v -8.2 0.2 -12.3
v -5.2 0.2 -12.3
v -5.2 0.3 -12.3
v -5 0.2 -12.3
v -5 0.3 -12.3
v -1.4 0.3 -12.3
v -1.4 0.4 -12.3
v -1.1 0.3 -12.3
v -1.1 0.4 -12.3
v 1.6 0.4 -12.3
v 1.6 0.5 -12.3
v 2.2 0.4 -12.3
v 2.2 0.5 -12.3
v 5.4 0.5 -12.3
v 5.4 0.6 -12.3
v 5.6 0.5 -12.3
v 5.6 0.6 -12.3
v 9.4 0.6 -12.3
v 9.4 0.7 -12.3
v 9.6 0.6 -12.3
v 9.6 0.7 -12.3
v -8.2 0.1 -12.4
v -8.2 0.2 -12.4
v -8.1 0.1 -12.4
v -8.1 0.2 -12.4
v -5 0.2 -12.4
v -5 0.3 -12.4
v -4.8 0.2 -12.4
v -4.8 0.3 -12.4
v -1.1 0.3 -12.4
v -1.1 0.4 -12.4
v -0.900001 0.3 -12.4
v -0.900001 0.4 -12.4
v 2.2 0.4 -12.4
v 2.2 0.5 -12.4
v 2.4 0.4 -12.4
v 2.4 0.5 -12.4
v 5.6 0.5 -12.4
v 5.6 0.6 -12.4
v 5.8 0.5 -12.4
v 5.8 0.6 -12.4
v 9.6 0.6 -12.4
v 9.6 0.7 -12.4
v 9.8 0.6 -12.4
v 9.8 0.7 -12.4
v -8.1 0.1 -12.5
v -8.1 0.2 -12.5
v -7.9 0.1 -12.5
v -7.9 0.2 -12.5
v -7.5 0.1 -12.5
v -7.5 0.2 -12.5
v -7.3 0.1 -12.5
v -7.3 0.2 -12.5
v -4.8 0.2 -12.5
v -4.8 0.3 -12.5
v -4.6 0.2 -12.5
v -4.6 0.3 -12.5
v -0.900001 0.3 -12.5
v -0.900001 0.4 -12.5
v -0.700001 0.3 -12.5
v -0.700001 0.4 -12.5
v 2.4 0.4 -12.5
v 2.4 0.5 -12.5
v 2.9 0.4 -12.5
v 2.9 0.5 -12.5
v 5.8 0.5 -12.5
v 5.8 0.6 -12.5
v 5.9 0.5 -12.5
v 5.9 0.6 -12.5
v 9.8 0.6 -12.5
v 9.8 0.7 -12.5
v 9.9 0.6 -12.5
v 9.9 0.7 -12.5
v -7.9 0.1 -12.6
v -7.9 0.2 -12.6
v -7.5 0.1 -12.6
v -7.5 0.2 -12.6
v -7.3 0.1 -12.6
v -7.3 0.2 -12.6
v -7.2 0.1 -12.6
v -7.2 0.2 -12.6
v -4.6 0.2 -12.6
v -4.6 0.3 -12.6
v -4.4 0.2 -12.6
v -4.4 0.3 -12.6
v -0.700001 0.3 -12.6
v -0.700001 0.4 -12.6
v -0.400001 0.3 -12.6
v -0.400001 0.4 -12.6
v 2.9 0.4 -12.6
v 2.9 0.5 -12.6
v 3.3 0.4 -12.6
v 3.3 0.5 -12.6
v 5.9 0.5 -12.6
v 5.9 0.6 -12.6
v 6.1 0.5 -12.6
v 6.1 0.6 -12.6
v 9.9 0.6 -12.6
v 9.9 0.7 -12.6
v 10.2 0.6 -12.6
v 10.2 0.7 -12.6
v -7.2 0.1 -12.7
v -7.2 0.2 -12.7
v -7.1 0.1 -12.7
v -7.1 0.2 -12.7
v -0.400001 0.3 -12.7
v -0.400001 0.4 -12.7
v 0 0.3 -12.7
v 0 0.4 -12.7
v 3.3 0.4 -12.7
v 3.3 0.5 -12.7
v 4.1 0.4 -12.7
v 4.1 0.5 -12.7
v 6.1 0.5 -12.7
v 6.1 0.6 -12.7
v 6.4 0.5 -12.7
v 6.4 0.6 -12.7
v 10.2 0.6 -12.7
v 10.2 0.7 -12.7
v 10.4 0.6 -12.7
v 10.4 0.7 -12.7
v -12.8 0 -12.8
v -12.8 0.1 -12.8
v -7.1 0.1 -12.8
v -7.1 0.2 -12.8
v -4.4 0.2 -12.8
v -4.4 0.3 -12.8
v 0 0.3 -12.8
v 0 0.4 -12.8
v 4.1 0.4 -12.8
v 4.1 0.5 -12.8
v 6.4 0.5 -12.8
v 6.4 0.6 -12.8
v 10.4 0.6 -12.8
v 10.4 0.7 -12.8
v 12.8 0 -12.8
v 12.8 0.7 -12.8
v -12.8 0 12.8
v 12.8 0 12.8
v -12.8 0 5.3
v -12.7 0 5.3
v -12.7 0 5.2
v -12.2 0 5.2
v -12.2 0 5.1
v -11.7 0 5.1
v -11.7 0 5
v -11.2 0 5
v -11.2 0 4.9
v -10.7 0 4.9
v -10.7 0 4.8
v -10.3 0 4.8
v -10.3 0 4.7
v -9.8 0 4.7
v -9.8 0 4.6
v -9.2 0 4.6
v -9.2 0 4.5
v -8.8 0 4.5
v -8.8 0 4.4
v -8.5 0 4.4
v -8.5 0 4.3
v -8.1 0 4.3
v -8.1 0 4.2
v -7.4 0 4.2
v -7.4 0 4.1
v -6.8 0 4.1
v -6.8 0 4
v -6.3 0 4
v -6.3 0 3.9
v -5.9 0 3.9
v -5.9 0 3.8
v -5.4 0 3.8
v -5.4 0 3.7
v -5 0 3.7
v -5 0 3.6
v -4.5 0 3.6
v -4.5 0 3.5
v -4 0 3.5
v -4 0 3.4
v -3.5 0 3.4
v -3.5 0 3.3
v -3.1 0 3.3
v -3.1 0 3.2
v -2.3 0 3.2
v -2.3 0 3.1
v -1.8 0 3.1
v -1.8 0 3
v -1.4 0 3
v -1.4 0 2.9
v -0.900001 0 2.9
v -0.900001 0 2.8
v -0.400001 0 2.8
v -0.400001 0 2.7
v 0.0999994 0 2.7
v 0.0999994 0 2.6
v 0.7 0 2.6
v 0.7 0 2.5
v 1.1 0 2.5
v 1.1 0 2.4
v 1.2 0 2.4
v 1.4 0 2.4
v 1.5 0 2.4
v 1.2 0 2.3
v 1.4 0 2.3
v 1.5 0 2.3
v 1.4 0 2.2
v 1.5 0 2.2
v 1.5 0 2.1
v 1.6 0 2.1
v 1.6 0 2
v 1.9 0 2
v 1.9 0 1.9
v 2.1 0 1.9
v 2.1 0 1.8
v 2.3 0 1.8
v 2.3 0 1.7
v 2.5 0 1.7
v 2.5 0 1.6
v 2.6 0 1.6
v 2.6 0 1.5
v 2.8 0 1.5
v 2.8 0 1.4
v 3 0 1.4
v 3 0 1.3
v 3.1 0 1.3
v 3.1 0 1.2
v 3.2 0 1.2
v 3.2 0 1.1
v 3.4 0 1.1
v 3.4 0 1
v 3.6 0 1
v 3.6 0 0.900001
v 3.7 0 0.900001
v 3.7 0 0.700001
v 3.8 0 0.700001
v 3.8 0 0.6
v 3.9 0 0.6
v 3.9 0 0.5
v 4 0 0.5
v 4 0 0.400001
v 4.2 0 0.400001
v 4.2 0 0.3
v 4.4 0 0.3
v 4.4 0 0.200001
v 4.6 0 0.200001
v 4.6 0 0.1
v 4.9 0 0.1
v 4.9 0 0
v 5 0 0
v 5 0 -0.0999994
v 5.1 0 -0.0999994
v 5.1 0 -0.299999
v 5.3 0 -0.299999
v 5.3 0 -0.4
v 5.5 0 -0.4
v 5.5 0 -0.5
v 5.6 0 -0.5
v 5.6 0 -0.599999
v 5.7 0 -0.599999
v 5.7 0 -0.7
v 5.8 0 -0.7
v 5.8 0 -0.799999
v 5.9 0 -0.799999
v 5.9 0 -0.9
v 6.1 0 -0.9
v 6.1 0 -1
v 6.2 0 -1
v 6.2 0 -1.1
v 6.4 0 -1.1
v 6.4 0 -1.2
v 6.6 0 -1.2
v 6.6 0 -1.3
v 6.7 0 -1.3
v 6.7 0 -1.4
v 6.8 0 -1.4
v 6.8 0 -1.5
v 7 0 -1.5
v 7 0 -1.6
v 7.2 0 -1.6
v 7.2 0 -1.7
v 7.3 0 -1.7
v 7.3 0 -1.8
v 7.4 0 -1.8
v 7.4 0 -1.9
v 7.6 0 -1.9
v 7.6 0 -2
v 7.9 0 -2
v 7.9 0 -2.1
v 8.2 0 -2.1
v 8.2 0 -2.2
v 8.4 0 -2.2
v 8.4 0 -2.3
v 8.6 0 -2.3
v 8.6 0 -2.4
v 8.7 0 -2.4
v 8.7 0 -2.5
v 8.9 0 -2.5
v 8.9 0 -2.6
v 9 0 -2.6
v 9 0 -2.7
v 9.2 0 -2.7
v 9.2 0 -2.8
v 9.4 0 -2.8
v 9.4 0 -2.9
v 9.5 0 -2.9
v 9.5 0 -3
v 9.6 0 -3
v 9.6 0 -3.1
v 9.7 0 -3.1
v 9.7 0 -3.2
v 9.8 0 -3.2
v 9.8 0 -3.3
v 10 0 -3.3
v 10 0 -3.4
v 10.1 0 -3.4
v 10.1 0 -3.6
v 10.2 0 -3.6
v 10.2 0 -3.7
v 10.4 0 -3.7
v 10.4 0 -3.8
v 10.5 0 -3.8
v 10.5 0 -3.9
v 10.9 0 -3.9
v 10.9 0 -4
v 11.1 0 -4
v 11.1 0 -4.1
v 11.6 0 -4.1
v 11.6 0 -4.2
v 11.9 0 -4.2
v 11.9 0 -4.3
v 12.3 0 -4.3
v 12.3 0 -4.4
v 12.5 0 -4.4
v 12.5 0 -4.5
v 12.6 0 -4.5
v 12.6 0 -4.6
v 12.8 0 -4.6
v -12.4 0 -11.1
v -12.3 0 -11.1
v -10.2 0 -11.1
v -10.1 0 -11.1
v -12.4 0 -11.2
v -12.3 0 -11.2
v -10.2 0 -11.2
v -10.1 0 -11.2
v -10.6 0 -11.6
v -10.5 0 -11.6
v -10.6 0 -11.7
v -10.5 0 -11.7
v -10.5 0 -11.8
v -10.4 0 -11.8
v -10.5 0 -11.9
v -10.4 0 -11.9
v -12.3 0 -12.2
v -12.2 0 -12.2
v -12.1 0 -12.2
v -12 0 -12.2
v -12.3 0 -12.3
v -12.2 0 -12.3
v -12.1 0 -12.3
v -12 0 -12.3
v -8.9 0 -12.5
v -8.8 0 -12.5
v -8.9 0 -12.6
v -8.8 0 -12.6
v -12.8 0 -12.8
v 12.8 0 -12.8
v -12.8 0.1 -10.4
v -12.7 0.1 -10.4
v -12.7 0.1 -10.5
v -12.6 0.1 -10.5
v -12.6 0.1 -10.6
v -12.4 0.1 -10.6
v -12.4 0.1 -10.7
v -11.9 0.1 -10.7
v -11.9 0.1 -10.8
v -11.7 0.1 -10.8
v -11.7 0.1 -10.9
v -11.4 0.1 -10.9
v -11.4 0.1 -11
v -10.8 0.1 -11
v -10.5 0.1 -11
v -10.4 0.1 -11
v -12.4 0.1 -11.1
v -12.3 0.1 -11.1
v -10.8 0.1 -11.1
v -10.5 0.1 -11.1
v -10.4 0.1 -11.1
v -10.2 0.1 -11.1
v -10.1 0.1 -11.1
v -12.4 0.1 -11.2
v -12.3 0.1 -11.2
v -10.2 0.1 -11.2
v -10.1 0.1 -11.2
v -10 0.1 -11.2
v -10 0.1 -11.3
v -9.8 0.1 -11.3
v -9.8 0.1 -11.4
v -9.4 0.1 -11.4
v -9.4 0.1 -11.5
v -9.3 0.1 -11.5
v -10.6 0.1 -11.6
v -10.5 0.1 -11.6
v -9.3 0.1 -11.6
v -9.2 0.1 -11.6
v -10.6 0.1 -11.7
v -10.5 0.1 -11.7
v -9.2 0.1 -11.7
v -9.1 0.1 -11.7
v -10.5 0.1 -11.8
v -10.4 0.1 -11.8
v -9.1 0.1 -11.8
v -9 0.1 -11.8
v -10.5 0.1 -11.9
v -10.4 0.1 -11.9
v -9 0.1 -12
v -8.8 0.1 -12
v -8.8 0.1 -12.1
v -8.7 0.1 -12.1
v -12.3 0.1 -12.2
v -12.2 0.1 -12.2
v -12.1 0.1 -12.2
v -12 0.1 -12.2
v -8.7 0.1 -12.2
v -8.5 0.1 -12.2
v -12.3 0.1 -12.3
v -12.2 0.1 -12.3
v -12.1 0.1 -12.3
v -12 0.1 -12.3
v -8.5 0.1 -12.3
v -8.2 0.1 -12.3
v -8.2 0.1 -12.4
v -8.1 0.1 -12.4
v -8.9 0.1 -12.5
v -8.8 0.1 -12.5
v -8.1 0.1 -12.5
v -7.9 0.1 -12.5
v -7.5 0.1 -12.5
v -7.3 0.1 -12.5
v -8.9 0.1 -12.6
v -8.8 0.1 -12.6
v -7.9 0.1 -12.6
v -7.5 0.1 -12.6
v -7.3 0.1 -12.6
v -7.2 0.1 -12.6
v -7.2 0.1 -12.7
v -7.1 0.1 -12.7
v -12.8 0.1 -12.8
v -7.1 0.1 -12.8
v -12.8 0.2 -7.4
v -12.6 0.2 -7.4
v -12.6 0.2 -7.5
v -12.3 0.2 -7.5
v -12.3 0.2 -7.6
v -12.2 0.2 -7.6
v -12.1 0.2 -7.6
v -12.1 0.2 -7.7
v -11.9 0.2 -7.7
v -11.9 0.2 -7.8
v -11.8 0.2 -7.8
v -11.8 0.2 -7.9
v -11.7 0.2 -7.9
v -11.7 0.2 -8
v -11.4 0.2 -8
v -11.4 0.2 -8.1
v -11.3 0.2 -8.1
v -11.3 0.2 -8.2
v -11.1 0.2 -8.2
v -11.6 0.2 -8.3
v -11.5 0.2 -8.3
v -11.1 0.2 -8.3
v -10.8 0.2 -8.3
v -11.6 0.2 -8.4
v -11.5 0.2 -8.4
v -10.8 0.2 -8.4
v -10.5 0.2 -8.4
v -10.5 0.2 -8.5
v -10.4 0.2 -8.5
v -10.4 0.2 -8.6
v -10.2 0.2 -8.6
v -10.2 0.2 -8.7
v -9.9 0.2 -8.7
v -9.9 0.2 -8.8
v -9.7 0.2 -8.8
v -9.7 0.2 -8.9
v -9.6 0.2 -8.9
v -9.6 0.2 -9
v -9.3 0.2 -9
v -9.3 0.2 -9.1
v -9.1 0.2 -9.1
v -9.1 0.2 -9.2
v -9 0.2 -9.2
v -9 0.2 -9.3
v -8.8 0.2 -9.3
v -8.8 0.2 -9.4
v -8.6 0.2 -9.4
v -8.6 0.2 -9.5
v -8.5 0.2 -9.5
v -8.5 0.2 -9.6
v -8.3 0.2 -9.6
v -10.4 0.2 -9.7
v -10.3 0.2 -9.7
v -8.3 0.2 -9.7
v -8.2 0.2 -9.7
v -10.4 0.2 -9.8
v -10.3 0.2 -9.8
v -8.2 0.2 -9.8
v -8.1 0.2 -9.8
v -8.1 0.2 -9.9
v -7.9 0.2 -9.9
v -10.1 0.2 -10
v -10 0.2 -10
v -7.9 0.2 -10
v -7.8 0.2 -10
v -10.1 0.2 -10.1
v -10 0.2 -10.1
v -7.8 0.2 -10.1
v -7.7 0.2 -10.1
v -11.6 0.2 -10.2
v -11.5 0.2 -10.2
v -7.7 0.2 -10.2
v -7.6 0.2 -10.2
v -11.7 0.2 -10.3
v -11.6 0.2 -10.3
v -11.5 0.2 -10.3
v -10.4 0.2 -10.3
v -10.3 0.2 -10.3
v -7.6 0.2 -10.3
v -7.4 0.2 -10.3
v -12.8 0.2 -10.4
v -12.7 0.2 -10.4
v -11.7 0.2 -10.4
v -11.6 0.2 -10.4
v -10.4 0.2 -10.4
v -10.3 0.2 -10.4
v -7.4 0.2 -10.4
v -7.3 0.2 -10.4
v -12.7 0.2 -10.5
v -12.6 0.2 -10.5
v -7.3 0.2 -10.5
v -7.2 0.2 -10.5
v -12.6 0.2 -10.6
v -12.4 0.2 -10.6
v -8.7 0.2 -10.6
v -8.6 0.2 -10.6
v -12.4 0.2 -10.7
v -11.9 0.2 -10.7
v -8.7 0.2 -10.7
v -8.6 0.2 -10.7
v -7.2 0.2 -10.7
v -7.1 0.2 -10.7
v -11.9 0.2 -10.8
v -11.7 0.2 -10.8
v -7.1 0.2 -10.8
v -7 0.2 -10.8
v -11.7 0.2 -10.9
v -11.4 0.2 -10.9
v -7 0.2 -10.9
v -6.8 0.2 -10.9
v -11.4 0.2 -11
v -10.8 0.2 -11
v -10.5 0.2 -11
v -10.4 0.2 -11
v -6.8 0.2 -11
v -6.6 0.2 -11
v -10.8 0.2 -11.1
v -10.5 0.2 -11.1
v -10.4 0.2 -11.1
v -10.1 0.2 -11.1
v -6.6 0.2 -11.1
v -6.5 0.2 -11.1
v -10.1 0.2 -11.2
v -10 0.2 -11.2
v -6.5 0.2 -11.2
v -6.4 0.2 -11.2
v -10 0.2 -11.3
v -9.8 0.2 -11.3
v -6.4 0.2 -11.3
v -6.3 0.2 -11.3
v -9.8 0.2 -11.4
v -9.4 0.2 -11.4
v -9.3 0.2 -11.4
v -6.3 0.2 -11.4
v -6.2 0.2 -11.4
v -9.4 0.2 -11.5
v -9.3 0.2 -11.5
v -6.2 0.2 -11.5
v -6.1 0.2 -11.5
v -9.3 0.2 -11.6
v -9.2 0.2 -11.6
v -6.1 0.2 -11.6
v -6 0.2 -11.6
v -9.2 0.2 -11.7
v -9.1 0.2 -11.7
v -6 0.2 -11.7
v -5.9 0.2 -11.7
v -9.1 0.2 -11.8
v -9 0.2 -11.8
v -5.9 0.2 -11.8
v -5.8 0.2 -11.8
v -5.8 0.2 -11.9
v -5.7 0.2 -11.9
v -9 0.2 -12
v -8.8 0.2 -12
v -6.4 0.2 -12
v -6.3 0.2 -12
v -5.7 0.2 -12
v -5.6 0.2 -12
v -8.8 0.2 -12.1
v -8.7 0.2 -12.1
v -6.4 0.2 -12.1
v -6.3 0.2 -12.1
v -5.6 0.2 -12.1
v -5.3 0.2 -12.1
v -8.7 0.2 -12.2
v -8.5 0.2 -12.2
v -7.6 0.2 -12.2
v -7.5 0.2 -12.2
v -5.3 0.2 -12.2
v -5.2 0.2 -12.2
v -8.5 0.2 -12.3
v -8.2 0.2 -12.3
v -7.6 0.2 -12.3
v -7.5 0.2 -12.3
v -5.2 0.2 -12.3
v -5 0.2 -12.3
v -8.2 0.2 -12.4
v -8.1 0.2 -12.4
v -5 0.2 -12.4
v -4.8 0.2 -12.4
v -8.1 0.2 -12.5
v -7.9 0.2 -12.5
v -7.5 0.2 -12.5
v -7.3 0.2 -12.5
v -4.8 0.2 -12.5
v -4.6 0.2 -12.5
v -7.9 0.2 -12.6
v -7.5 0.2 -12.6
v -7.3 0.2 -12.6
v -7.2 0.2 -12.6
v -4.6 0.2 -12.6
v -4.4 0.2 -12.6
v -7.2 0.2 -12.7
v -7.1 0.2 -12.7
v -7.1 0.2 -12.8
v -4.4 0.2 -12.8
v -12.8 0.3 -6.8
v -12.6 0.3 -6.8
v -12.6 0.3 -6.9
v -12.5 0.3 -6.9
v -12.5 0.3 -7
v -12.3 0.3 -7
v -12.3 0.3 -7.1
v -12 0.3 -7.1
v -12 0.3 -7.2
v -11.7 0.3 -7.2
v -11.7 0.3 -7.3
v -11.6 0.3 -7.3
v -12.8 0.3 -7.4
v -12.6 0.3 -7.4
v -11.6 0.3 -7.4
v -11.5 0.3 -7.4
v -11.4 0.3 -7.4
v -12.6 0.3 -7.5
v -12.3 0.3 -7.5
v -12.2 0.3 -7.5
v -11.5 0.3 -7.5
v -11.4 0.3 -7.5
v -10.9 0.3 -7.5
v -12.3 0.3 -7.6
v -12.2 0.3 -7.6
v -12.1 0.3 -7.6
v -10.9 0.3 -7.6
v -10.1 0.3 -7.6
v -12.1 0.3 -7.7
v -11.9 0.3 -7.7
v -10.1 0.3 -7.7
v -9.9 0.3 -7.7
v -11.9 0.3 -7.8
v -11.8 0.3 -7.8
v -9.9 0.3 -7.8
v -9.5 0.3 -7.8
v -11.8 0.3 -7.9
v -11.7 0.3 -7.9
v -9.5 0.3 -7.9
v -9.3 0.3 -7.9
v -11.7 0.3 -8
v -11.4 0.3 -8
v -9.3 0.3 -8
v -9.1 0.3 -8
v -11.4 0.3 -8.1
v -11.3 0.3 -8.1
v -9.1 0.3 -8.1
v -8.8 0.3 -8.1
v -11.3 0.3 -8.2
v -11.1 0.3 -8.2
v -8.8 0.3 -8.2
v -8.6 0.3 -8.2
v -11.1 0.3 -8.3
v -10.8 0.3 -8.3
v -8.6 0.3 -8.3
v -8.5 0.3 -8.3
v -10.8 0.3 -8.4
v -10.5 0.3 -8.4
v -8.5 0.3 -8.4
v -8.4 0.3 -8.4
v -10.5 0.3 -8.5
v -10.4 0.3 -8.5
v -8.4 0.3 -8.5
v -8.3 0.3 -8.5
v -10.4 0.3 -8.6
v -10.2 0.3 -8.6
v -8.3 0.3 -8.6
v -8.2 0.3 -8.6
v -10.2 0.3 -8.7
v -9.9 0.3 -8.7
v -8.2 0.3 -8.7
v -8.1 0.3 -8.7
v -9.9 0.3 -8.8
v -9.7 0.3 -8.8
v -8.1 0.3 -8.8
v -8 0.3 -8.8
v -9.7 0.3 -8.9
v -9.6 0.3 -8.9
v -8 0.3 -8.9
v -7.9 0.3 -8.9
v -9.6 0.3 -9
v -9.3 0.3 -9
v -7.9 0.3 -9
v -7.8 0.3 -9
v -9.3 0.3 -9.1
v -9.1 0.3 -9.1
v -8.5 0.3 -9.1
v -8.4 0.3 -9.1
v -7.8 0.3 -9.1
v -7.7 0.3 -9.1
v -9.1 0.3 -9.2
v -9 0.3 -9.2
v -8.5 0.3 -9.2
v -8.4 0.3 -9.2
v -7.7 0.3 -9.2
v -7.5 0.3 -9.2
v -9 0.3 -9.3
v -8.8 0.3 -9.3
v -7.5 0.3 -9.3
v -7.3 0.3 -9.3
v -8.8 0.3 -9.4
v -8.6 0.3 -9.4
v -7.3 0.3 -9.4
v -7.1 0.3 -9.4
v -8.6 0.3 -9.5
v -8.5 0.3 -9.5
v -7.1 0.3 -9.5
v -7 0.3 -9.5
v -8.5 0.3 -9.6
v -8.3 0.3 -9.6
v -7 0.3 -9.6
v -6.8 0.3 -9.6
v -8.3 0.3 -9.7
v -8.2 0.3 -9.7
v -6.9 0.3 -9.7
v -6.8 0.3 -9.7
v -6.5 0.3 -9.7
v -8.2 0.3 -9.8
v -8.1 0.3 -9.8
v -6.9 0.3 -9.8
v -6.8 0.3 -9.8
v -6.5 0.3 -9.8
v -6.3 0.3 -9.8
v -8.1 0.3 -9.9
v -7.9 0.3 -9.9
v -6.3 0.3 -9.9
v -6.1 0.3 -9.9
v -7.9 0.3 -10
v -7.8 0.3 -10
v -6.1 0.3 -10
v -5.9 0.3 -10
v -7.8 0.3 -10.1
v -7.7 0.3 -10.1
v -5.9 0.3 -10.1
v -5.7 0.3 -10.1
v -7.7 0.3 -10.2
v -7.6 0.3 -10.2
v -5.7 0.3 -10.2
v -5.5 0.3 -10.2
v -7.6 0.3 -10.3
v -7.4 0.3 -10.3
v -5.5 0.3 -10.3
v -5.3 0.3 -10.3
v -7.4 0.3 -10.4
v -7.3 0.3 -10.4
v -7.3 0.3 -10.5
v -7.2 0.3 -10.5
v -5.3 0.3 -10.5
v -5 0.3 -10.5
v -5 0.3 -10.6
v -4.9 0.3 -10.6
v -7.2 0.3 -10.7
v -7.1 0.3 -10.7
v -6.9 0.3 -10.7
v -6.8 0.3 -10.7
v -4.9 0.3 -10.7
v -4.7 0.3 -10.7
v -7.1 0.3 -10.8
v -7 0.3 -10.8
v -6.9 0.3 -10.8
v -6.8 0.3 -10.8
v -4.7 0.3 -10.8
v -4.5 0.3 -10.8
v -7 0.3 -10.9
v -6.8 0.3 -10.9
v -4.5 0.3 -10.9
v -4.3 0.3 -10.9
v -6.8 0.3 -11
v -6.6 0.3 -11
v -4.3 0.3 -11
v -4.1 0.3 -11
v -6.6 0.3 -11.1
v -6.5 0.3 -11.1
v -4.1 0.3 -11.1
v -3.9 0.3 -11.1
v -6.5 0.3 -11.2
v -6.4 0.3 -11.2
v -3.9 0.3 -11.2
v -3.6 0.3 -11.2
v -6.4 0.3 -11.3
v -6.3 0.3 -11.3
v -3.6 0.3 -11.3
v -3.4 0.3 -11.3
v -6.3 0.3 -11.4
v -6.2 0.3 -11.4
v -3.4 0.3 -11.4
v -3.3 0.3 -11.4
v -6.2 0.3 -11.5
v -6.1 0.3 -11.5
v -3.3 0.3 -11.5
v -3 0.3 -11.5
v -6.1 0.3 -11.6
v -6 0.3 -11.6
v -3 0.3 -11.6
v -2.8 0.3 -11.6
v -6 0.3 -11.7
v -5.9 0.3 -11.7
v -2.8 0.3 -11.7
v -2.4 0.3 -11.7
v -5.9 0.3 -11.8
v -5.8 0.3 -11.8
v -4.3 0.3 -11.8
v -4.2 0.3 -11.8
v -2.4 0.3 -11.8
v -2.2 0.3 -11.8
v -5.8 0.3 -11.9
v -5.7 0.3 -11.9
v -4.6 0.3 -11.9
v -4.5 0.3 -11.9
v -4.3 0.3 -11.9
v -4.2 0.3 -11.9
v -2.2 0.3 -11.9
v -2.1 0.3 -11.9
v -5.7 0.3 -12
v -5.6 0.3 -12
v -4.6 0.3 -12
v -4.5 0.3 -12
v -2.1 0.3 -12
v -1.9 0.3 -12
v -5.6 0.3 -12.1
v -5.3 0.3 -12.1
v -1.9 0.3 -12.1
v -1.5 0.3 -12.1
v -5.3 0.3 -12.2
v -5.2 0.3 -12.2
v -3.2 0.3 -12.2
v -3.1 0.3 -12.2
v -1.5 0.3 -12.2
v -1.4 0.3 -12.2
v -5.2 0.3 -12.3
v -5 0.3 -12.3
v -3.2 0.3 -12.3
v -3.1 0.3 -12.3
v -1.4 0.3 -12.3
v -1.1 0.3 -12.3
v -5 0.3 -12.4
v -4.8 0.3 -12.4
v -1.1 0.3 -12.4
v -0.900001 0.3 -12.4
v -4.8 0.3 -12.5
v -4.6 0.3 -12.5
v -0.900001 0.3 -12.5
v -0.700001 0.3 -12.5
v -4.6 0.3 -12.6
v -4.4 0.3 -12.6
v -0.700001 0.3 -12.6
v -0.400001 0.3 -12.6
v -0.400001 0.3 -12.7
v 0 0.3 -12.7
v -4.4 0.3 -12.8
v 0 0.3 -12.8
v -12.8 0.4 -6.1
v -12 0.4 -6.1
v -12 0.4 -6.2
v -11.6 0.4 -6.2
v -11.6 0.4 -6.3
v -11.2 0.4 -6.3
v -11.2 0.4 -6.4
v -11.1 0.4 -6.4
v -11.1 0.4 -6.5
v -11 0.4 -6.5
v -11 0.4 -6.6
v -10.9 0.4 -6.6
v -10.9 0.4 -6.7
v -10.8 0.4 -6.7
v -12.8 0.4 -6.8
v -12.6 0.4 -6.8
v -10.8 0.4 -6.8
v -10.6 0.4 -6.8
v -12.6 0.4 -6.9
v -12.5 0.4 -6.9
v -10.6 0.4 -6.9
v -10.4 0.4 -6.9
v -12.5 0.4 -7
v -12.3 0.4 -7
v -10.4 0.4 -7
v -10.1 0.4 -7
v -12.3 0.4 -7.1
v -12 0.4 -7.1
v -11.7 0.4 -7.1
v -11.6 0.4 -7.1
v -10.1 0.4 -7.1
v -9.8 0.4 -7.1
v -12 0.4 -7.2
v -11.7 0.4 -7.2
v -9.8 0.4 -7.2
v -9.5 0.4 -7.2
v -11.7 0.4 -7.3
v -11.6 0.4 -7.3
v -9.5 0.4 -7.3
v -9.3 0.4 -7.3
v -11.6 0.4 -7.4
v -11.4 0.4 -7.4
v -9.3 0.4 -7.4
v -9.1 0.4 -7.4
v -11.4 0.4 -7.5
v -10.9 0.4 -7.5
v -9.1 0.4 -7.5
v -8.8 0.4 -7.5
v -10.9 0.4 -7.6
v -10.1 0.4 -7.6
v -8.8 0.4 -7.6
v -8.6 0.4 -7.6
v -10.1 0.4 -7.7
v -9.9 0.4 -7.7
v -8.6 0.4 -7.7
v -8.3 0.4 -7.7
v -9.9 0.4 -7.8
v -9.5 0.4 -7.8
v -8.3 0.4 -7.8
v -7.8 0.4 -7.8
v -9.5 0.4 -7.9
v -9.3 0.4 -7.9
v -7.8 0.4 -7.9
v -7.6 0.4 -7.9
v -9.3 0.4 -8
v -9.1 0.4 -8
v -7.6 0.4 -8
v -7.5 0.4 -8
v -9.1 0.4 -8.1
v -8.8 0.4 -8.1
v -7.5 0.4 -8.1
v -7 0.4 -8.1
v -8.8 0.4 -8.2
v -8.6 0.4 -8.2
v -7 0.4 -8.2
v -6.5 0.4 -8.2
v -8.6 0.4 -8.3
v -8.5 0.4 -8.3
v -6.5 0.4 -8.3
v -6 0.4 -8.3
v -8.5 0.4 -8.4
v -8.4 0.4 -8.4
v -6 0.4 -8.4
v -5.4 0.4 -8.4
v -8.4 0.4 -8.5
v -8.3 0.4 -8.5
v -5.4 0.4 -8.5
v -5.2 0.4 -8.5
v -8.3 0.4 -8.6
v -8.2 0.4 -8.6
v -5.2 0.4 -8.6
v -4.8 0.4 -8.6
v -8.2 0.4 -8.7
v -8.1 0.4 -8.7
v -4.8 0.4 -8.7
v -4.5 0.4 -8.7
v -8.1 0.4 -8.8
v -8 0.4 -8.8
v -4.5 0.4 -8.8
v -4.3 0.4 -8.8
v -8 0.4 -8.9
v -7.9 0.4 -8.9
v -4.3 0.4 -8.9
v -4.1 0.4 -8.9
v -7.9 0.4 -9
v -7.8 0.4 -9
v -4.1 0.4 -9
v -4 0.4 -9
v -7.8 0.4 -9.1
v -7.7 0.4 -9.1
v -4 0.4 -9.1
v -3.9 0.4 -9.1
v -7.7 0.4 -9.2
v -7.5 0.4 -9.2
v -3.9 0.4 -9.2
v -3.7 0.4 -9.2
v -7.5 0.4 -9.3
v -7.3 0.4 -9.3
v -3.7 0.4 -9.3
v -3.5 0.4 -9.3
v -7.3 0.4 -9.4
v -7.1 0.4 -9.4
v -5.9 0.4 -9.4
v -5.8 0.4 -9.4
v -3.5 0.4 -9.4
v -3.3 0.4 -9.4
v -7.1 0.4 -9.5
v -7 0.4 -9.5
v -5.9 0.4 -9.5
v -5.8 0.4 -9.5
v -3.8 0.4 -9.5
v -3.7 0.4 -9.5
v -3.6 0.4 -9.5
v -3.5 0.4 -9.5
v -3.3 0.4 -9.5
v -3.2 0.4 -9.5
v -7 0.4 -9.6
v -6.8 0.4 -9.6
v -3.8 0.4 -9.6
v -3.7 0.4 -9.6
v -3.6 0.4 -9.6
v -3.5 0.4 -9.6
v -3.2 0.4 -9.6
v -3 0.4 -9.6
v -6.8 0.4 -9.7
v -6.5 0.4 -9.7
v -3 0.4 -9.7
v -2.8 0.4 -9.7
v -6.5 0.4 -9.8
v -6.3 0.4 -9.8
v -2.8 0.4 -9.8
v -2.6 0.4 -9.8
v -6.3 0.4 -9.9
v -6.1 0.4 -9.9
v -5.6 0.4 -9.9
v -5.5 0.4 -9.9
v -2.6 0.4 -9.9
v -2.5 0.4 -9.9
v -6.1 0.4 -10
v -5.9 0.4 -10
v -5.6 0.4 -10
v -5.5 0.4 -10
v -5.2 0.4 -10
v -5.1 0.4 -10
v -2.5 0.4 -10
v -2.4 0.4 -10
v -5.9 0.4 -10.1
v -5.7 0.4 -10.1
v -5.2 0.4 -10.1
v -5.1 0.4 -10.1
v -5 0.4 -10.1
v -2.4 0.4 -10.1
v -2.3 0.4 -10.1
v -5.7 0.4 -10.2
v -5.5 0.4 -10.2
v -5.1 0.4 -10.2
v -5 0.4 -10.2
v -2.3 0.4 -10.2
v -2.2 0.4 -10.2
v -5.5 0.4 -10.3
v -5.3 0.4 -10.3
v -2.2 0.4 -10.3
v -2 0.4 -10.3
v -5.3 0.4 -10.5
v -5 0.4 -10.5
v -2 0.4 -10.5
v -1.9 0.4 -10.5
v -5 0.4 -10.6
v -4.9 0.4 -10.6
v -1.9 0.4 -10.6
v -1.7 0.4 -10.6
v -4.9 0.4 -10.7
v -4.7 0.4 -10.7
v -3.9 0.4 -10.7
v -3.8 0.4 -10.7
v -1.7 0.4 -10.7
v -1.6 0.4 -10.7
v -4.7 0.4 -10.8
v -4.5 0.4 -10.8
v -3.9 0.4 -10.8
v -3.8 0.4 -10.8
v -1.6 0.4 -10.8
v -1.5 0.4 -10.8
v -4.5 0.4 -10.9
v -4.3 0.4 -10.9
v -1.5 0.4 -10.9
v -1.3 0.4 -10.9
v -4.3 0.4 -11
v -4.1 0.4 -11
v -1.3 0.4 -11
v -1.2 0.4 -11
v -4.1 0.4 -11.1
v -3.9 0.4 -11.1
v -1.2 0.4 -11.1
v -1.1 0.4 -11.1
v -3.9 0.4 -11.2
v -3.6 0.4 -11.2
v -1.1 0.4 -11.2
v -0.700001 0.4 -11.2
v -3.6 0.4 -11.3
v -3.4 0.4 -11.3
v -0.700001 0.4 -11.3
v -0.5 0.4 -11.3
v -3.4 0.4 -11.4
v -3.3 0.4 -11.4
v -0.5 0.4 -11.4
v -0.200001 0.4 -11.4
v -3.3 0.4 -11.5
v -3 0.4 -11.5
v -0.200001 0.4 -11.5
v 0.0999994 0.4 -11.5
v -3 0.4 -11.6
v -2.8 0.4 -11.6
v -1.4 0.4 -11.6
v -1.3 0.4 -11.6
v 0.0999994 0.4 -11.6
v 0.299999 0.4 -11.6
v -2.8 0.4 -11.7
v -2.4 0.4 -11.7
v -1.4 0.4 -11.7
v -1.3 0.4 -11.7
v 0.299999 0.4 -11.7
v 0.5 0.4 -11.7
v -2.4 0.4 -11.8
v -2.2 0.4 -11.8
v 0.5 0.4 -11.8
v 0.599999 0.4 -11.8
v -2.2 0.4 -11.9
v -2.1 0.4 -11.9
v 0.599999 0.4 -11.9
v 0.799999 0.4 -11.9
v -2.1 0.4 -12
v -1.9 0.4 -12
v 0.799999 0.4 -12
v 1.1 0.4 -12
v -1.9 0.4 -12.1
v -1.5 0.4 -12.1
v 1.1 0.4 -12.1
v 1.4 0.4 -12.1
v -1.5 0.4 -12.2
v -1.4 0.4 -12.2
v 1.4 0.4 -12.2
v 1.6 0.4 -12.2
v -1.4 0.4 -12.3
v -1.1 0.4 -12.3
v 1.6 0.4 -12.3
v 2.2 0.4 -12.3
v -1.1 0.4 -12.4
v -0.900001 0.4 -12.4
v 2.2 0.4 -12.4
v 2.4 0.4 -12.4
v -0.900001 0.4 -12.5
v -0.700001 0.4 -12.5
v 2.4 0.4 -12.5
v 2.9 0.4 -12.5
v -0.700001 0.4 -12.6
v -0.400001 0.4 -12.6
v 2.9 0.4 -12.6
v 3.3 0.4 -12.6
v -0.400001 0.4 -12.7
v 0 0.4 -12.7
v 3.3 0.4 -12.7
v 4.1 0.4 -12.7
v 0 0.4 -12.8
v 4.1 0.4 -12.8
v -12.8 0.5 -5
v -12.3 0.5 -5
v -12.3 0.5 -5.1
v -11.7 0.5 -5.1
v -11.7 0.5 -5.2
v -11.1 0.5 -5.2
v -11.1 0.5 -5.3
v -10.2 0.5 -5.3
v -10.2 0.5 -5.4
v -10.1 0.5 -5.4
v -10.1 0.5 -5.5
v -9.8 0.5 -5.5
v -9.8 0.5 -5.6
v -9.4 0.5 -5.6
v -11.5 0.5 -5.7
v -11.4 0.5 -5.7
v -9.4 0.5 -5.7
v -9.1 0.5 -5.7
v -11.5 0.5 -5.8
v -11.4 0.5 -5.8
v -9.1 0.5 -5.8
v -8.8 0.5 -5.8
v -8.8 0.5 -5.9
v -8.5 0.5 -5.9
v -8.5 0.5 -6
v -8.2 0.5 -6
v -12.8 0.5 -6.1
v -12 0.5 -6.1
v -8.2 0.5 -6.1
v -8 0.5 -6.1
v -12 0.5 -6.2
v -11.6 0.5 -6.2
v -8 0.5 -6.2
v -7.7 0.5 -6.2
v -11.6 0.5 -6.3
v -11.2 0.5 -6.3
v -10.7 0.5 -6.3
v -10.6 0.5 -6.3
v -7.7 0.5 -6.3
v -7.5 0.5 -6.3
v -11.2 0.5 -6.4
v -11.1 0.5 -6.4
v -10.7 0.5 -6.4
v -10.6 0.5 -6.4
v -7.5 0.5 -6.4
v -7.3 0.5 -6.4
v -11.1 0.5 -6.5
v -11 0.5 -6.5
v -7.8 0.5 -6.5
v -7.7 0.5 -6.5
v -7.3 0.5 -6.5
v -7.1 0.5 -6.5
v -11 0.5 -6.6
v -10.9 0.5 -6.6
v -7.8 0.5 -6.6
v -7.7 0.5 -6.6
v -7.1 0.5 -6.6
v -7 0.5 -6.6
v -10.9 0.5 -6.7
v -10.8 0.5 -6.7
v -8.9 0.5 -6.7
v -8.8 0.5 -6.7
v -7 0.5 -6.7
v -6.8 0.5 -6.7
v -10.8 0.5 -6.8
v -10.6 0.5 -6.8
v -8.9 0.5 -6.8
v -8.8 0.5 -6.8
v -6.8 0.5 -6.8
v -6.7 0.5 -6.8
v -10.6 0.5 -6.9
v -10.4 0.5 -6.9
v -6.7 0.5 -6.9
v -6.5 0.5 -6.9
v -10.4 0.5 -7
v -10.1 0.5 -7
v -6.5 0.5 -7
v -6.3 0.5 -7
v -10.1 0.5 -7.1
v -9.8 0.5 -7.1
v -6.3 0.5 -7.1
v -6 0.5 -7.1
v -9.8 0.5 -7.2
v -9.5 0.5 -7.2
v -6.1 0.5 -7.2
v -6 0.5 -7.2
v -5.9 0.5 -7.2
v -5.6 0.5 -7.2
v -9.5 0.5 -7.3
v -9.3 0.5 -7.3
v -6.1 0.5 -7.3
v -6 0.5 -7.3
v -5.9 0.5 -7.3
v -5.6 0.5 -7.3
v -5.4 0.5 -7.3
v -9.3 0.5 -7.4
v -9.1 0.5 -7.4
v -6 0.5 -7.4
v -5.9 0.5 -7.4
v -5.4 0.5 -7.4
v -5.2 0.5 -7.4
v -9.1 0.5 -7.5
v -8.8 0.5 -7.5
v -7.5 0.5 -7.5
v -7.4 0.5 -7.5
v -5.2 0.5 -7.5
v -5.1 0.5 -7.5
v -8.8 0.5 -7.6
v -8.6 0.5 -7.6
v -7.5 0.5 -7.6
v -7.4 0.5 -7.6
v -5.1 0.5 -7.6
v -5 0.5 -7.6
v -8.6 0.5 -7.7
v -8.3 0.5 -7.7
v -5 0.5 -7.7
v -4.8 0.5 -7.7
v -8.3 0.5 -7.8
v -7.8 0.5 -7.8
v -4.8 0.5 -7.8
v -4.7 0.5 -7.8
v -7.8 0.5 -7.9
v -7.6 0.5 -7.9
v -4.7 0.5 -7.9
v -4.5 0.5 -7.9
v -7.6 0.5 -8
v -7.5 0.5 -8
v -4.5 0.5 -8
v -4.4 0.5 -8
v -7.5 0.5 -8.1
v -7 0.5 -8.1
v -4.4 0.5 -8.1
v -4.3 0.5 -8.1
v -7 0.5 -8.2
v -6.5 0.5 -8.2
v -4.3 0.5 -8.2
v -4.2 0.5 -8.2
v -4.1 0.5 -8.2
v -6.5 0.5 -8.3
v -6 0.5 -8.3
v -4.1 0.5 -8.3
v -3.9 0.5 -8.3
v -6 0.5 -8.4
v -5.4 0.5 -8.4
v -3.9 0.5 -8.4
v -3.8 0.5 -8.4
v -5.4 0.5 -8.5
v -5.2 0.5 -8.5
v -3.8 0.5 -8.5
v -3.7 0.5 -8.5
v -5.2 0.5 -8.6
v -4.8 0.5 -8.6
v -3.7 0.5 -8.6
v -3.5 0.5 -8.6
v -4.8 0.5 -8.7
v -4.5 0.5 -8.7
v -3.5 0.5 -8.7
v -3.3 0.5 -8.7
v -4.5 0.5 -8.8
v -4.3 0.5 -8.8
v -3.3 0.5 -8.8
v -3.2 0.5 -8.8
v -4.3 0.5 -8.9
v -4.1 0.5 -8.9
v -3.2 0.5 -8.9
v -3 0.5 -8.9
v -4.1 0.5 -9
v -4 0.5 -9
v -3 0.5 -9
v -2.8 0.5 -9
v -4 0.5 -9.1
v -3.9 0.5 -9.1
v -2.8 0.5 -9.1
v -2.7 0.5 -9.1
v -2.6 0.5 -9.1
v -3.9 0.5 -9.2
v -3.7 0.5 -9.2
v -3.5 0.5 -9.2
v -3.4 0.5 -9.2
v -2.6 0.5 -9.2
v -2.4 0.5 -9.2
v -3.7 0.5 -9.3
v -3.5 0.5 -9.3
v -3.4 0.5 -9.3
v -2.4 0.5 -9.3
v -2.2 0.5 -9.3
v -3.5 0.5 -9.4
v -3.3 0.5 -9.4
v -2.2 0.5 -9.4
v -2 0.5 -9.4
v -3.3 0.5 -9.5
v -3.2 0.5 -9.5
v -2 0.5 -9.5
v -1.8 0.5 -9.5
v -3.2 0.5 -9.6
v -3 0.5 -9.6
v -1.8 0.5 -9.6
v -1.7 0.5 -9.6
v -3 0.5 -9.7
v -2.8 0.5 -9.7
v -1.7 0.5 -9.7
v -1.5 0.5 -9.7
v -2.8 0.5 -9.8
v -2.6 0.5 -9.8
v -1.5 0.5 -9.8
v -1.4 0.5 -9.8
v -2.6 0.5 -9.9
v -2.5 0.5 -9.9
v -1.4 0.5 -9.9
v -1.3 0.5 -9.9
v -1.2 0.5 -9.9
v -2.5 0.5 -10
v -2.4 0.5 -10
v -1.3 0.5 -10
v -1.2 0.5 -10
v -1 0.5 -10
v -2.4 0.5 -10.1
v -2.3 0.5 -10.1
v -1 0.5 -10.1
v -0.8 0.5 -10.1
v -2.3 0.5 -10.2
v -2.2 0.5 -10.2
v -0.8 0.5 -10.2
v -0.6 0.5 -10.2
v -2.2 0.5 -10.3
v -2 0.5 -10.3
v -0.6 0.5 -10.3
v -0.200001 0.5 -10.3
v -0.200001 0.5 -10.4
v 0.0999994 0.5 -10.4
v -2 0.5 -10.5
v -1.9 0.5 -10.5
v 0.0999994 0.5 -10.5
v 0.4 0.5 -10.5
v -1.9 0.5 -10.6
v -1.7 0.5 -10.6
v 0.4 0.5 -10.6
v 0.9 0.5 -10.6
v -1.7 0.5 -10.7
v -1.6 0.5 -10.7
v 0.799999 0.5 -10.7
v 0.9 0.5 -10.7
v 1.5 0.5 -10.7
v -1.6 0.5 -10.8
v -1.5 0.5 -10.8
v 0.799999 0.5 -10.8
v 0.9 0.5 -10.8
v 1.5 0.5 -10.8
v 2.2 0.5 -10.8
v -1.5 0.5 -10.9
v -1.3 0.5 -10.9
v 0.7 0.5 -10.9
v 0.799999 0.5 -10.9
v 2.2 0.5 -10.9
v 2.5 0.5 -10.9
v -1.3 0.5 -11
v -1.2 0.5 -11
v 0.7 0.5 -11
v 0.799999 0.5 -11
v 2.5 0.5 -11
v 2.8 0.5 -11
v -1.2 0.5 -11.1
v -1.1 0.5 -11.1
v 2.8 0.5 -11.1
v 3.1 0.5 -11.1
v -1.1 0.5 -11.2
v -0.700001 0.5 -11.2
v 3.1 0.5 -11.2
v 3.3 0.5 -11.2
v -0.700001 0.5 -11.3
v -0.5 0.5 -11.3
v 3.3 0.5 -11.3
v 3.7 0.5 -11.3
v -0.5 0.5 -11.4
v -0.200001 0.5 -11.4
v 3.7 0.5 -11.4
v 3.9 0.5 -11.4
v -0.200001 0.5 -11.5
v 0.0999994 0.5 -11.5
v 0.299999 0.5 -11.5
v 0.4 0.5 -11.5
v 3.9 0.5 -11.5
v 4.1 0.5 -11.5
v 0.0999994 0.5 -11.6
v 0.299999 0.5 -11.6
v 0.4 0.5 -11.6
v 3 0.5 -11.6
v 3.1 0.5 -11.6
v 4.1 0.5 -11.6
v 4.3 0.5 -11.6
v 0.299999 0.5 -11.7
v 0.5 0.5 -11.7
v 3 0.5 -11.7
v 3.1 0.5 -11.7
v 4.3 0.5 -11.7
v 4.7 0.5 -11.7
v 0.5 0.5 -11.8
v 0.599999 0.5 -11.8
v 4.7 0.5 -11.8
v 4.9 0.5 -11.8
v 0.599999 0.5 -11.9
v 0.799999 0.5 -11.9
v 2.6 0.5 -11.9
v 2.7 0.5 -11.9
v 4.9 0.5 -11.9
v 5 0.5 -11.9
v 0.799999 0.5 -12
v 1.1 0.5 -12
v 2.6 0.5 -12
v 2.7 0.5 -12
v 5 0.5 -12
v 5.2 0.5 -12
v 1.1 0.5 -12.1
v 1.4 0.5 -12.1
v 5.2 0.5 -12.1
v 5.3 0.5 -12.1
v 1.4 0.5 -12.2
v 1.6 0.5 -12.2
v 5.3 0.5 -12.2
v 5.4 0.5 -12.2
v 1.6 0.5 -12.3
v 2.2 0.5 -12.3
v 5.4 0.5 -12.3
v 5.6 0.5 -12.3
v 2.2 0.5 -12.4
v 2.4 0.5 -12.4
v 5.6 0.5 -12.4
v 5.8 0.5 -12.4
v 2.4 0.5 -12.5
v 2.9 0.5 -12.5
v 5.8 0.5 -12.5
v 5.9 0.5 -12.5
v 2.9 0.5 -12.6
v 3.3 0.5 -12.6
v 5.9 0.5 -12.6
v 6.1 0.5 -12.6
v 3.3 0.5 -12.7
v 4.1 0.5 -12.7
v 6.1 0.5 -12.7
v 6.4 0.5 -12.7
v 4.1 0.5 -12.8
v 6.4 0.5 -12.8
v -12.8 0.6 -3.1
v -12.1 0.6 -3.1
v -12.1 0.6 -3.2
v -11.8 0.6 -3.2
v -11.8 0.6 -3.3
v -11.7 0.6 -3.3
v -11.6 0.6 -3.3
v -11.5 0.6 -3.3
v -11.6 0.6 -3.4
v -11.5 0.6 -3.4
v -11.3 0.6 -3.4
v -11.3 0.6 -3.5
v -11.1 0.6 -3.5
v -11.1 0.6 -3.6
v -10.7 0.6 -3.6
v -10.7 0.6 -3.7
v -10.6 0.6 -3.7
v -10.6 0.6 -3.8
v -10.4 0.6 -3.8
v -12.1 0.6 -3.9
v -12 0.6 -3.9
v -10.4 0.6 -3.9
v -10.1 0.6 -3.9
v -12.1 0.6 -4
v -12 0.6 -4
v -10.1 0.6 -4
v -9.9 0.6 -4
v -9.9 0.6 -4.1
v -9.6 0.6 -4.1
v -9.6 0.6 -4.2
v -9.3 0.6 -4.2
v -11.2 0.6 -4.3
v -11.1 0.6 -4.3
v -9.3 0.6 -4.3
v -9.1 0.6 -4.3
v -11.6 0.6 -4.4
v -11.5 0.6 -4.4
v -11.2 0.6 -4.4
v -11.1 0.6 -4.4
v -11 0.6 -4.4
v -10.9 0.6 -4.4
v -9.1 0.6 -4.4
v -8.9 0.6 -4.4
v -11.6 0.6 -4.5
v -11.5 0.6 -4.5
v -11 0.6 -4.5
v -10.9 0.6 -4.5
v -8.9 0.6 -4.5
v -8.7 0.6 -4.5
v -8.7 0.6 -4.6
v -8.5 0.6 -4.6
v -8.5 0.6 -4.7
v -8.3 0.6 -4.7
v -8.3 0.6 -4.8
v -8 0.6 -4.8
v -8 0.6 -4.9
v -7.8 0.6 -4.9
v -12.8 0.6 -5
v -12.3 0.6 -5
v -7.8 0.6 -5
v -7.5 0.6 -5
v -12.3 0.6 -5.1
v -11.7 0.6 -5.1
v -7.5 0.6 -5.1
v -7.3 0.6 -5.1
v -11.7 0.6 -5.2
v -11.1 0.6 -5.2
v -7.3 0.6 -5.2
v -7.1 0.6 -5.2
v -11.1 0.6 -5.3
v -10.2 0.6 -5.3
v -8.4 0.6 -5.3
v -8.1 0.6 -5.3
v -7.1 0.6 -5.3
v -6.8 0.6 -5.3
v -10.2 0.6 -5.4
v -10.1 0.6 -5.4
v -8.4 0.6 -5.4
v -8.1 0.6 -5.4
v -6.8 0.6 -5.4
v -6.5 0.6 -5.4
v -10.1 0.6 -5.5
v -9.8 0.6 -5.5
v -6.5 0.6 -5.5
v -6.3 0.6 -5.5
v -9.8 0.6 -5.6
v -9.4 0.6 -5.6
v -6.3 0.6 -5.6
v -6 0.6 -5.6
v -9.4 0.6 -5.7
v -9.1 0.6 -5.7
v -6 0.6 -5.7
v -5.7 0.6 -5.7
v -9.1 0.6 -5.8
v -8.8 0.6 -5.8
v -5.7 0.6 -5.8
v -5.5 0.6 -5.8
v -8.8 0.6 -5.9
v -8.5 0.6 -5.9
v -5.5 0.6 -5.9
v -5.3 0.6 -5.9
v -8.5 0.6 -6
v -8.2 0.6 -6
v -5.3 0.6 -6
v -4.9 0.6 -6
v -8.2 0.6 -6.1
v -8 0.6 -6.1
v -4.9 0.6 -6.1
v -4.8 0.6 -6.1
v -8 0.6 -6.2
v -7.7 0.6 -6.2
v -4.8 0.6 -6.2
v -4.6 0.6 -6.2
v -7.7 0.6 -6.3
v -7.5 0.6 -6.3
v -4.6 0.6 -6.3
v -4.5 0.6 -6.3
v -7.5 0.6 -6.4
v -7.3 0.6 -6.4
v -4.5 0.6 -6.4
v -4.4 0.6 -6.4
v -7.3 0.6 -6.5
v -7.1 0.6 -6.5
v -4.4 0.6 -6.5
v -4.3 0.6 -6.5
v -7.1 0.6 -6.6
v -7 0.6 -6.6
v -4.3 0.6 -6.6
v -4.1 0.6 -6.6
v -4 0.6 -6.6
v -7 0.6 -6.7
v -6.8 0.6 -6.7
v -4.1 0.6 -6.7
v -4 0.6 -6.7
v -3.8 0.6 -6.7
v -6.8 0.6 -6.8
v -6.7 0.6 -6.8
v -5.5 0.6 -6.8
v -5.4 0.6 -6.8
v -4.9 0.6 -6.8
v -4.8 0.6 -6.8
v -3.8 0.6 -6.8
v -3.6 0.6 -6.8
v -6.7 0.6 -6.9
v -6.5 0.6 -6.9
v -6 0.6 -6.9
v -5.9 0.6 -6.9
v -5.5 0.6 -6.9
v -5.4 0.6 -6.9
v -4.9 0.6 -6.9
v -4.8 0.6 -6.9
v -3.6 0.6 -6.9
v -3.4 0.6 -6.9
v -6.5 0.6 -7
v -6.3 0.6 -7
v -3.4 0.6 -7
v -3.3 0.6 -7
v -6.3 0.6 -7.1
v -6 0.6 -7.1
v -3.3 0.6 -7.1
v -3.2 0.6 -7.1
v -6 0.6 -7.2
v -5.9 0.6 -7.2
v -5.6 0.6 -7.2
v -3.2 0.6 -7.2
v -3.1 0.6 -7.2
v -5.6 0.6 -7.3
v -5.4 0.6 -7.3
v -3.1 0.6 -7.3
v -3 0.6 -7.3
v -5.4 0.6 -7.4
v -5.2 0.6 -7.4
v -4.4 0.6 -7.4
v -4.3 0.6 -7.4
v -3 0.6 -7.4
v -2.9 0.6 -7.4
v -5.2 0.6 -7.5
v -5.1 0.6 -7.5
v -4.4 0.6 -7.5
v -4.3 0.6 -7.5
v -2.9 0.6 -7.5
v -2.7 0.6 -7.5
v -5.1 0.6 -7.6
v -5 0.6 -7.6
v -2.7 0.6 -7.6
v -2.5 0.6 -7.6
v -5 0.6 -7.7
v -4.8 0.6 -7.7
v -2.5 0.6 -7.7
v -2.3 0.6 -7.7
v -4.8 0.6 -7.8
v -4.7 0.6 -7.8
v -2.3 0.6 -7.8
v -2.2 0.6 -7.8
v -2.1 0.6 -7.8
v -4.7 0.6 -7.9
v -4.5 0.6 -7.9
v -2.3 0.6 -7.9
v -2.2 0.6 -7.9
v -2.1 0.6 -7.9
v -1.9 0.6 -7.9
v -4.5 0.6 -8
v -4.4 0.6 -8
v -1.9 0.6 -8
v -1.7 0.6 -8
v -4.4 0.6 -8.1
v -4.3 0.6 -8.1
v -4.2 0.6 -8.1
v -1.7 0.6 -8.1
v -1.5 0.6 -8.1
v -4.3 0.6 -8.2
v -4.2 0.6 -8.2
v -4.1 0.6 -8.2
v -1.5 0.6 -8.2
v -1.3 0.6 -8.2
v -4.1 0.6 -8.3
v -3.9 0.6 -8.3
v -1.3 0.6 -8.3
v -1.1 0.6 -8.3
v -3.9 0.6 -8.4
v -3.8 0.6 -8.4
v -2.4 0.6 -8.4
v -2.3 0.6 -8.4
v -1.1 0.6 -8.4
v -0.900001 0.6 -8.4
v -3.8 0.6 -8.5
v -3.7 0.6 -8.5
v -2.4 0.6 -8.5
v -2.3 0.6 -8.5
v -0.900001 0.6 -8.5
v -0.8 0.6 -8.5
v -3.7 0.6 -8.6
v -3.5 0.6 -8.6
v -0.8 0.6 -8.6
v -0.6 0.6 -8.6
v -3.5 0.6 -8.7
v -3.3 0.6 -8.7
v -0.6 0.6 -8.7
v -0.400001 0.6 -8.7
v -3.3 0.6 -8.8
v -3.2 0.6 -8.8
v -0.400001 0.6 -8.8
v -0.3 0.6 -8.8
v -3.2 0.6 -8.9
v -3 0.6 -8.9
v -0.3 0.6 -8.9
v -0.1 0.6 -8.9
v -3 0.6 -9
v -2.8 0.6 -9
v -2.7 0.6 -9
v -0.1 0.6 -9
v 0.0999994 0.6 -9
v -2.8 0.6 -9.1
v -2.7 0.6 -9.1
v -2.6 0.6 -9.1
v 0.0999994 0.6 -9.1
v 0.299999 0.6 -9.1
v -2.6 0.6 -9.2
v -2.4 0.6 -9.2
v 0.299999 0.6 -9.2
v 0.5 0.6 -9.2
v -2.4 0.6 -9.3
v -2.2 0.6 -9.3
v 0.5 0.6 -9.3
v 0.7 0.6 -9.3
v -2.2 0.6 -9.4
v -2 0.6 -9.4
v 0.7 0.6 -9.4
v 1 0.6 -9.4
v -2 0.6 -9.5
v -1.8 0.6 -9.5
v 0.799999 0.6 -9.5
v 0.9 0.6 -9.5
v 1 0.6 -9.5
v 1.3 0.6 -9.5
v -1.8 0.6 -9.6
v -1.7 0.6 -9.6
v 0.799999 0.6 -9.6
v 0.9 0.6 -9.6
v 1.3 0.6 -9.6
v 1.6 0.6 -9.6
v -1.7 0.6 -9.7
v -1.5 0.6 -9.7
v 1.6 0.6 -9.7
v 1.8 0.6 -9.7
v -1.5 0.6 -9.8
v -1.4 0.6 -9.8
v 1.8 0.6 -9.8
v 2.1 0.6 -9.8
v -1.4 0.6 -9.9
v -1.2 0.6 -9.9
v 2.1 0.6 -9.9
v 2.4 0.6 -9.9
v -1.2 0.6 -10
v -1 0.6 -10
v 2.4 0.6 -10
v 2.8 0.6 -10
v -1 0.6 -10.1
v -0.8 0.6 -10.1
v 2.8 0.6 -10.1
v 3.2 0.6 -10.1
v -0.8 0.6 -10.2
v -0.6 0.6 -10.2
v 3.2 0.6 -10.2
v 3.6 0.6 -10.2
v -0.6 0.6 -10.3
v -0.200001 0.6 -10.3
v 3.6 0.6 -10.3
v 4 0.6 -10.3
v -0.200001 0.6 -10.4
v 0.0999994 0.6 -10.4
v 4 0.6 -10.4
v 4.5 0.6 -10.4
v 0.0999994 0.6 -10.5
v 0.4 0.6 -10.5
v 4.5 0.6 -10.5
v 5 0.6 -10.5
v 0.4 0.6 -10.6
v 0.9 0.6 -10.6
v 4.5 0.6 -10.6
v 4.6 0.6 -10.6
v 5 0.6 -10.6
v 5.4 0.6 -10.6
v 0.9 0.6 -10.7
v 1.5 0.6 -10.7
v 4.5 0.6 -10.7
v 4.6 0.6 -10.7
v 5.4 0.6 -10.7
v 5.8 0.6 -10.7
v 1.5 0.6 -10.8
v 2.2 0.6 -10.8
v 5.8 0.6 -10.8
v 6.1 0.6 -10.8
v 2.2 0.6 -10.9
v 2.5 0.6 -10.9
v 6.1 0.6 -10.9
v 6.4 0.6 -10.9
v 2.5 0.6 -11
v 2.8 0.6 -11
v 6.4 0.6 -11
v 6.8 0.6 -11
v 2.8 0.6 -11.1
v 3.1 0.6 -11.1
v 6.8 0.6 -11.1
v 6.9 0.6 -11.1
v 3.1 0.6 -11.2
v 3.3 0.6 -11.2
v 4.6 0.6 -11.2
v 4.7 0.6 -11.2
v 6.9 0.6 -11.2
v 7.2 0.6 -11.2
v 3.3 0.6 -11.3
v 3.7 0.6 -11.3
v 4.6 0.6 -11.3
v 4.7 0.6 -11.3
v 7.2 0.6 -11.3
v 7.5 0.6 -11.3
v 3.7 0.6 -11.4
v 3.9 0.6 -11.4
v 7.5 0.6 -11.4
v 7.7 0.6 -11.4
v 3.9 0.6 -11.5
v 4.1 0.6 -11.5
v 7.7 0.6 -11.5
v 8 0.6 -11.5
v 4.1 0.6 -11.6
v 4.3 0.6 -11.6
v 8 0.6 -11.6
v 8.2 0.6 -11.6
v 4.3 0.6 -11.7
v 4.7 0.6 -11.7
v 8.2 0.6 -11.7
v 8.4 0.6 -11.7
v 4.7 0.6 -11.8
v 4.9 0.6 -11.8
v 8.4 0.6 -11.8
v 8.6 0.6 -11.8
v 4.9 0.6 -11.9
v 5 0.6 -11.9
v 8.6 0.6 -11.9
v 8.8 0.6 -11.9
v 5 0.6 -12
v 5.2 0.6 -12
v 8.8 0.6 -12
v 9.1 0.6 -12
v 5.2 0.6 -12.1
v 5.3 0.6 -12.1
v 5.9 0.6 -12.1
v 6 0.6 -12.1
v 9.1 0.6 -12.1
v 9.3 0.6 -12.1
v 5.3 0.6 -12.2
v 5.4 0.6 -12.2
v 5.9 0.6 -12.2
v 6 0.6 -12.2
v 9.3 0.6 -12.2
v 9.4 0.6 -12.2
v 5.4 0.6 -12.3
v 5.6 0.6 -12.3
v 9.4 0.6 -12.3
v 9.6 0.6 -12.3
v 5.6 0.6 -12.4
v 5.8 0.6 -12.4
v 9.6 0.6 -12.4
v 9.8 0.6 -12.4
v 5.8 0.6 -12.5
v 5.9 0.6 -12.5
v 9.8 0.6 -12.5
v 9.9 0.6 -12.5
v 5.9 0.6 -12.6
v 6.1 0.6 -12.6
v 9.9 0.6 -12.6
v 10.2 0.6 -12.6
v 6.1 0.6 -12.7
v 6.4 0.6 -12.7
v 10.2 0.6 -12.7
v 10.4 0.6 -12.7
v 6.4 0.6 -12.8
v 10.4 0.6 -12.8
v -12.8 0.7 -0.799999
v -12.6 0.7 -0.799999
v -12.6 0.7 -0.9
v -12.5 0.7 -0.9
v -12.5 0.7 -1
v -12.4 0.7 -1
v -12.4 0.7 -1.1
v -12.3 0.7 -1.1
v -12.3 0.7 -1.2
v -12.1 0.7 -1.2
v -12.8 0.7 -1.3
v -12.7 0.7 -1.3
v -12.1 0.7 -1.3
v -11.9 0.7 -1.3
v -12.8 0.7 -1.4
v -12.7 0.7 -1.4
v -11.9 0.7 -1.4
v -11.8 0.7 -1.4
v -11.8 0.7 -1.5
v -11.5 0.7 -1.5
v -11.5 0.7 -1.6
v -11.3 0.7 -1.6
v -11.3 0.7 -1.7
v -11.1 0.7 -1.7
v -11.1 0.7 -1.8
v -10.6 0.7 -1.8
v -10.6 0.7 -1.9
v -10.2 0.7 -1.9
v -10.1 0.7 -1.9
v -9.8 0.7 -1.9
v -9.8 0.7 -2
v -8.9 0.7 -2
v -8.9 0.7 -2.1
v -8.2 0.7 -2.1
v -8.2 0.7 -2.2
v -7.5 0.7 -2.2
v -7.5 0.7 -2.3
v -6.8 0.7 -2.3
v -6.8 0.7 -2.4
v -6.6 0.7 -2.4
v -6.6 0.7 -2.5
v -6.3 0.7 -2.5
v -6.3 0.7 -2.6
v -5.8 0.7 -2.6
v -12 0.7 -2.7
v -11.9 0.7 -2.7
v -5.8 0.7 -2.7
v -5.6 0.7 -2.7
v -12 0.7 -2.8
v -11.9 0.7 -2.8
v -5.6 0.7 -2.8
v -5.3 0.7 -2.8
v -5.3 0.7 -2.9
v -5.1 0.7 -2.9
v -10.8 0.7 -3
v -10.7 0.7 -3
v -7.4 0.7 -3
v -7.3 0.7 -3
v -5.1 0.7 -3
v -4.9 0.7 -3
v -12.8 0.7 -3.1
v -12.1 0.7 -3.1
v -10.8 0.7 -3.1
v -10.7 0.7 -3.1
v -7.4 0.7 -3.1
v -7.3 0.7 -3.1
v -4.9 0.7 -3.1
v -4.7 0.7 -3.1
v -12.1 0.7 -3.2
v -11.8 0.7 -3.2
v -11.7 0.7 -3.2
v -5.4 0.7 -3.2
v -5.3 0.7 -3.2
v -4.7 0.7 -3.2
v -4.5 0.7 -3.2
v -11.8 0.7 -3.3
v -11.7 0.7 -3.3
v -11.5 0.7 -3.3
v -8.8 0.7 -3.3
v -8.7 0.7 -3.3
v -5.4 0.7 -3.3
v -5.3 0.7 -3.3
v -4.5 0.7 -3.3
v -4.3 0.7 -3.3
v -11.5 0.7 -3.4
v -11.3 0.7 -3.4
v -8.8 0.7 -3.4
v -8.7 0.7 -3.4
v -4.3 0.7 -3.4
v -4.1 0.7 -3.4
v -11.3 0.7 -3.5
v -11.1 0.7 -3.5
v -4.1 0.7 -3.5
v -3.9 0.7 -3.5
v -11.1 0.7 -3.6
v -10.7 0.7 -3.6
v -3.9 0.7 -3.6
v -3.8 0.7 -3.6
v -10.7 0.7 -3.7
v -10.6 0.7 -3.7
v -3.8 0.7 -3.7
v -3.6 0.7 -3.7
v -10.6 0.7 -3.8
v -10.4 0.7 -3.8
v -3.6 0.7 -3.8
v -3.5 0.7 -3.8
v -10.4 0.7 -3.9
v -10.1 0.7 -3.9
v -6.6 0.7 -3.9
v -6.5 0.7 -3.9
v -3.5 0.7 -3.9
v -3.3 0.7 -3.9
v -10.1 0.7 -4
v -9.9 0.7 -4
v -3.3 0.7 -4
v -3.2 0.7 -4
v -9.9 0.7 -4.1
v -9.6 0.7 -4.1
v -6.6 0.7 -4.1
v -6.5 0.7 -4.1
v -3.9 0.7 -4.1
v -3.8 0.7 -4.1
v -3.2 0.7 -4.1
v -3.1 0.7 -4.1
v -9.6 0.7 -4.2
v -9.3 0.7 -4.2
v -3.9 0.7 -4.2
v -3.8 0.7 -4.2
v -3.1 0.7 -4.2
v -2.9 0.7 -4.2
v -9.3 0.7 -4.3
v -9.1 0.7 -4.3
v -8.4 0.7 -4.3
v -8.3 0.7 -4.3
v -2.9 0.7 -4.3
v -2.8 0.7 -4.3
v -9.1 0.7 -4.4
v -8.9 0.7 -4.4
v -8.4 0.7 -4.4
v -8.3 0.7 -4.4
v -2.8 0.7 -4.4
v -2.7 0.7 -4.4
v -8.9 0.7 -4.5
v -8.7 0.7 -4.5
v -2.7 0.7 -4.5
v -2.6 0.7 -4.5
v -8.7 0.7 -4.6
v -8.5 0.7 -4.6
v -2.6 0.7 -4.6
v -2.5 0.7 -4.6
v -8.5 0.7 -4.7
v -8.3 0.7 -4.7
v -2.5 0.7 -4.7
v -2.4 0.7 -4.7
v -8.3 0.7 -4.8
v -8 0.7 -4.8
v -7.1 0.7 -4.8
v -7 0.7 -4.8
v -5 0.7 -4.8
v -4.9 0.7 -4.8
v -2.4 0.7 -4.8
v -2.3 0.7 -4.8
v -8 0.7 -4.9
v -7.8 0.7 -4.9
v -7.1 0.7 -4.9
v -7 0.7 -4.9
v -5 0.7 -4.9
v -4.9 0.7 -4.9
v -4.7 0.7 -4.9
v -4.6 0.7 -4.9
v -2.3 0.7 -4.9
v -2.2 0.7 -4.9
v -2.1 0.7 -4.9
v -7.8 0.7 -5
v -7.5 0.7 -5
v -4.7 0.7 -5
v -4.6 0.7 -5
v -2.1 0.7 -5
v -2 0.7 -5
v -7.5 0.7 -5.1
v -7.3 0.7 -5.1
v -2 0.7 -5.1
v -1.8 0.7 -5.1
v -7.3 0.7 -5.2
v -7.1 0.7 -5.2
v -1.8 0.7 -5.2
v -1.7 0.7 -5.2
v -7.1 0.7 -5.3
v -6.8 0.7 -5.3
v -1.7 0.7 -5.3
v -1.6 0.7 -5.3
v -6.8 0.7 -5.4
v -6.5 0.7 -5.4
v -2.8 0.7 -5.4
v -2.7 0.7 -5.4
v -1.6 0.7 -5.4
v -1.5 0.7 -5.4
v -6.5 0.7 -5.5
v -6.3 0.7 -5.5
v -2.8 0.7 -5.5
v -2.7 0.7 -5.5
v -1.5 0.7 -5.5
v -1.4 0.7 -5.5
v -6.3 0.7 -5.6
v -6 0.7 -5.6
v -2.1 0.7 -5.6
v -2 0.7 -5.6
v -1.4 0.7 -5.6
v -1.3 0.7 -5.6
v -6 0.7 -5.7
v -5.7 0.7 -5.7
v -2.1 0.7 -5.7
v -2 0.7 -5.7
v -1.3 0.7 -5.7
v -1.2 0.7 -5.7
v -5.7 0.7 -5.8
v -5.5 0.7 -5.8
v -4.3 0.7 -5.8
v -4.2 0.7 -5.8
v -1.2 0.7 -5.8
v -1.1 0.7 -5.8
v -5.5 0.7 -5.9
v -5.3 0.7 -5.9
v -4.4 0.7 -5.9
v -4.3 0.7 -5.9
v -4.2 0.7 -5.9
v -1.1 0.7 -5.9
v -0.900001 0.7 -5.9
v -5.3 0.7 -6
v -4.9 0.7 -6
v -4.4 0.7 -6
v -4.3 0.7 -6
v -0.900001 0.7 -6
v -0.8 0.7 -6
v -4.9 0.7 -6.1
v -4.8 0.7 -6.1
v -0.8 0.7 -6.1
v -0.700001 0.7 -6.1
v -4.8 0.7 -6.2
v -4.6 0.7 -6.2
v -0.700001 0.7 -6.2
v -0.5 0.7 -6.2
v -4.6 0.7 -6.3
v -4.5 0.7 -6.3
v -0.5 0.7 -6.3
v -0.400001 0.7 -6.3
v -4.5 0.7 -6.4
v -4.4 0.7 -6.4
v -0.400001 0.7 -6.4
v -0.200001 0.7 -6.4
v -4.4 0.7 -6.5
v -4.3 0.7 -6.5
v -0.200001 0.7 -6.5
v -0.1 0.7 -6.5
v -4.3 0.7 -6.6
v -4 0.7 -6.6
v -1.7 0.7 -6.6
v -1.6 0.7 -6.6
v -0.1 0.7 -6.6
v 0.0999994 0.7 -6.6
v -4 0.7 -6.7
v -3.8 0.7 -6.7
v -1.7 0.7 -6.7
v -1.6 0.7 -6.7
v 0.0999994 0.7 -6.7
v 0.2 0.7 -6.7
v -3.8 0.7 -6.8
v -3.6 0.7 -6.8
v 0.2 0.7 -6.8
v 0.4 0.7 -6.8
v -3.6 0.7 -6.9
v -3.4 0.7 -6.9
v 0.4 0.7 -6.9
v 0.5 0.7 -6.9
v -3.4 0.7 -7
v -3.3 0.7 -7
v 0.5 0.7 -7
v 0.7 0.7 -7
v -3.3 0.7 -7.1
v -3.2 0.7 -7.1
v -3.2 0.7 -7.2
v -3.1 0.7 -7.2
v 0.7 0.7 -7.2
v 0.9 0.7 -7.2
v -3.1 0.7 -7.3
v -3 0.7 -7.3
v 0.9 0.7 -7.3
v 1 0.7 -7.3
v -3 0.7 -7.4
v -2.9 0.7 -7.4
v 1 0.7 -7.4
v 1.2 0.7 -7.4
v -2.9 0.7 -7.5
v -2.7 0.7 -7.5
v -1.5 0.7 -7.5
v -1.4 0.7 -7.5
v 0.5 0.7 -7.5
v 0.599999 0.7 -7.5
v 1.2 0.7 -7.5
v 1.3 0.7 -7.5
v -2.7 0.7 -7.6
v -2.5 0.7 -7.6
v -1.5 0.7 -7.6
v -1.4 0.7 -7.6
v 0.5 0.7 -7.6
v 0.599999 0.7 -7.6
v 1.3 0.7 -7.6
v 1.5 0.7 -7.6
v -2.5 0.7 -7.7
v -2.3 0.7 -7.7
v 1.5 0.7 -7.7
v 1.7 0.7 -7.7
v 1.8 0.7 -7.7
v -2.3 0.7 -7.8
v -2.1 0.7 -7.8
v 1.7 0.7 -7.8
v 1.8 0.7 -7.8
v 2 0.7 -7.8
v 2.1 0.7 -7.8
v 2.2 0.7 -7.8
v -2.1 0.7 -7.9
v -1.9 0.7 -7.9
v 0.2 0.7 -7.9
v 0.299999 0.7 -7.9
v 2.2 0.7 -7.9
v 2.8 0.7 -7.9
v -1.9 0.7 -8
v -1.7 0.7 -8
v 0.2 0.7 -8
v 0.299999 0.7 -8
v 2.8 0.7 -8
v 3.1 0.7 -8
v -1.7 0.7 -8.1
v -1.5 0.7 -8.1
v 3.1 0.7 -8.1
v 3.4 0.7 -8.1
v -1.5 0.7 -8.2
v -1.3 0.7 -8.2
v 0.5 0.7 -8.2
v 0.599999 0.7 -8.2
v 3.4 0.7 -8.2
v 3.7 0.7 -8.2
v -1.3 0.7 -8.3
v -1.1 0.7 -8.3
v 0.5 0.7 -8.3
v 0.599999 0.7 -8.3
v 3.7 0.7 -8.3
v 4 0.7 -8.3
v -1.1 0.7 -8.4
v -0.900001 0.7 -8.4
v 4 0.7 -8.4
v 4.3 0.7 -8.4
v -0.900001 0.7 -8.5
v -0.8 0.7 -8.5
v 4.3 0.7 -8.5
v 4.7 0.7 -8.5
v -0.8 0.7 -8.6
v -0.6 0.7 -8.6
v 4.7 0.7 -8.6
v 4.9 0.7 -8.6
v -0.6 0.7 -8.7
v -0.400001 0.7 -8.7
v 4.9 0.7 -8.7
v 5.3 0.7 -8.7
v -0.400001 0.7 -8.8
v -0.3 0.7 -8.8
v 5.3 0.7 -8.8
v 5.7 0.7 -8.8
v -0.3 0.7 -8.9
v -0.1 0.7 -8.9
v 1.2 0.7 -8.9
v 1.3 0.7 -8.9
v 1.6 0.7 -8.9
v 1.7 0.7 -8.9
v 3 0.7 -8.9
v 3.1 0.7 -8.9
v 5.7 0.7 -8.9
v 5.9 0.7 -8.9
v -0.1 0.7 -9
v 0.0999994 0.7 -9
v 1.2 0.7 -9
v 1.3 0.7 -9
v 1.6 0.7 -9
v 1.7 0.7 -9
v 3 0.7 -9
v 3.1 0.7 -9
v 5.9 0.7 -9
v 6.3 0.7 -9
v 0.0999994 0.7 -9.1
v 0.299999 0.7 -9.1
v 6.3 0.7 -9.1
v 6.6 0.7 -9.1
v 0.299999 0.7 -9.2
v 0.5 0.7 -9.2
v 1.4 0.7 -9.2
v 1.6 0.7 -9.2
v 6.6 0.7 -9.2
v 6.9 0.7 -9.2
v 0.5 0.7 -9.3
v 0.7 0.7 -9.3
v 1.4 0.7 -9.3
v 1.6 0.7 -9.3
v 6.9 0.7 -9.3
v 7.2 0.7 -9.3
v 0.7 0.7 -9.4
v 1 0.7 -9.4
v 7.2 0.7 -9.4
v 7.5 0.7 -9.4
v 1 0.7 -9.5
v 1.3 0.7 -9.5
v 5.1 0.7 -9.5
v 5.2 0.7 -9.5
v 7.5 0.7 -9.5
v 7.8 0.7 -9.5
v 1.3 0.7 -9.6
v 1.6 0.7 -9.6
v 5.1 0.7 -9.6
v 5.2 0.7 -9.6
v 7.8 0.7 -9.6
v 8 0.7 -9.6
v 1.6 0.7 -9.7
v 1.8 0.7 -9.7
v 6.5 0.7 -9.7
v 6.6 0.7 -9.7
v 8 0.7 -9.7
v 8.2 0.7 -9.7
v 1.8 0.7 -9.8
v 2.1 0.7 -9.8
v 6.5 0.7 -9.8
v 6.6 0.7 -9.8
v 8.2 0.7 -9.8
v 8.4 0.7 -9.8
v 2.1 0.7 -9.9
v 2.4 0.7 -9.9
v 8.4 0.7 -9.9
v 8.6 0.7 -9.9
v 2.4 0.7 -10
v 2.8 0.7 -10
v 8.6 0.7 -10
v 8.8 0.7 -10
v 2.8 0.7 -10.1
v 3.2 0.7 -10.1
v 8.8 0.7 -10.1
v 9 0.7 -10.1
v 3.2 0.7 -10.2
v 3.6 0.7 -10.2
v 9 0.7 -10.2
v 9.2 0.7 -10.2
v 3.6 0.7 -10.3
v 4 0.7 -10.3
v 9.2 0.7 -10.3
v 9.4 0.7 -10.3
v 4 0.7 -10.4
v 4.5 0.7 -10.4
v 9.4 0.7 -10.4
v 9.6 0.7 -10.4
v 4.5 0.7 -10.5
v 5 0.7 -10.5
v 7.7 0.7 -10.5
v 7.8 0.7 -10.5
v 9.6 0.7 -10.5
v 9.8 0.7 -10.5
v 5 0.7 -10.6
v 5.4 0.7 -10.6
v 7.7 0.7 -10.6
v 7.8 0.7 -10.6
v 9.8 0.7 -10.6
v 9.9 0.7 -10.6
v 5.4 0.7 -10.7
v 5.8 0.7 -10.7
v 9.9 0.7 -10.7
v 10.2 0.7 -10.7
v 5.8 0.7 -10.8
v 6.1 0.7 -10.8
v 10.2 0.7 -10.8
v 10.3 0.7 -10.8
v 6.1 0.7 -10.9
v 6.4 0.7 -10.9
v 10.3 0.7 -10.9
v 10.4 0.7 -10.9
v 6.4 0.7 -11
v 6.8 0.7 -11
v 10.4 0.7 -11
v 10.5 0.7 -11
v 6.8 0.7 -11.1
v 6.9 0.7 -11.1
v 10.5 0.7 -11.1
v 10.6 0.7 -11.1
v 6.9 0.7 -11.2
v 7.2 0.7 -11.2
v 7.2 0.7 -11.3
v 7.5 0.7 -11.3
v 10.6 0.7 -11.3
v 10.7 0.7 -11.3
v 7.5 0.7 -11.4
v 7.7 0.7 -11.4
v 7.7 0.7 -11.5
v 8 0.7 -11.5
v 10.7 0.7 -11.5
v 10.8 0.7 -11.5
v 8 0.7 -11.6
v 8.2 0.7 -11.6
v 10.8 0.7 -11.6
v 10.9 0.7 -11.6
v 8.2 0.7 -11.7
v 8.4 0.7 -11.7
v 10.9 0.7 -11.7
v 11.2 0.7 -11.7
v 8.4 0.7 -11.8
v 8.6 0.7 -11.8
v 11.2 0.7 -11.8
v 11.3 0.7 -11.8
v 8.6 0.7 -11.9
v 8.8 0.7 -11.9
v 11.3 0.7 -11.9
v 11.8 0.7 -11.9
v 8.8 0.7 -12
v 9.1 0.7 -12
v 11.8 0.7 -12
v 12.2 0.7 -12
v 9.1 0.7 -12.1
v 9.3 0.7 -12.1
v 12.2 0.7 -12.1
v 12.5 0.7 -12.1
v 12.7 0.7 -12.1
v 12.8 0.7 -12.1
v 9.3 0.7 -12.2
v 9.4 0.7 -12.2
v 10.3 0.7 -12.2
v 10.4 0.7 -12.2
v 12.5 0.7 -12.2
v 12.7 0.7 -12.2
v 9.4 0.7 -12.3
v 9.6 0.7 -12.3
v 10.3 0.7 -12.3
v 10.4 0.7 -12.3
v 9.6 0.7 -12.4
v 9.8 0.7 -12.4
v 9.8 0.7 -12.5
v 9.9 0.7 -12.5
v 9.9 0.7 -12.6
v 10.2 0.7 -12.6
v 10.2 0.7 -12.7
v 10.4 0.7 -12.7
v 10.4 0.7 -12.8
v 12.8 0.7 -12.8
v -12.8 0.8 1.4
v -12.7 0.8 1.4
v -12.7 0.8 1.3
v -12.3 0.8 1.3
v -12.3 0.8 1.2
v -12 0.8 1.2
v -12 0.8 1.1
v -11.6 0.8 1.1
v -11.6 0.8 1
v -11.3 0.8 1
v -11.3 0.8 0.900001
v -11 0.8 0.900001
v -11 0.8 0.8
v -10.4 0.8 0.8
v -10.4 0.8 0.700001
v -9.8 0.8 0.700001
v -9.8 0.8 0.6
v -9.4 0.8 0.6
v -11 0.8 0.5
v -10.9 0.8 0.5
v -9.4 0.8 0.5
v -9 0.8 0.5
v -11 0.8 0.400001
v -10.9 0.8 0.400001
v -9 0.8 0.400001
v -8.6 0.8 0.400001
v -8.6 0.8 0.3
v -8.2 0.8 0.3
v -8.2 0.8 0.200001
v -7.8 0.8 0.200001
v -7.8 0.8 0.1
v -7.6 0.8 0.1
v -7.6 0.8 0
v -7.3 0.8 0
v -7.3 0.8 -0.0999994
v -7 0.8 -0.0999994
v -7 0.8 -0.2
v -6.8 0.8 -0.2
v -8.1 0.8 -0.299999
v -8 0.8 -0.299999
v -6.8 0.8 -0.299999
v -6.6 0.8 -0.299999
v -12.4 0.8 -0.4
v -12.3 0.8 -0.4
v -10.6 0.8 -0.4
v -10.5 0.8 -0.4
v -8.1 0.8 -0.4
v -8 0.8 -0.4
v -6.6 0.8 -0.4
v -6.4 0.8 -0.4
v -12.4 0.8 -0.5
v -12.3 0.8 -0.5
v -10.6 0.8 -0.5
v -10.5 0.8 -0.5
v -8.9 0.8 -0.5
v -8.8 0.8 -0.5
v -6.4 0.8 -0.5
v -6.2 0.8 -0.5
v -10.6 0.8 -0.599999
v -10.5 0.8 -0.599999
v -8.9 0.8 -0.599999
v -8.8 0.8 -0.599999
v -6.2 0.8 -0.599999
v -6 0.8 -0.599999
v -6 0.8 -0.7
v -5.9 0.8 -0.7
v -12.8 0.8 -0.799999
v -12.6 0.8 -0.799999
v -7 0.8 -0.799999
v -6.9 0.8 -0.799999
v -5.9 0.8 -0.799999
v -5.7 0.8 -0.799999
v -12.6 0.8 -0.9
v -12.5 0.8 -0.9
v -7 0.8 -0.9
v -6.9 0.8 -0.9
v -5.7 0.8 -0.9
v -5.6 0.8 -0.9
v -12.5 0.8 -1
v -12.4 0.8 -1
v -5.6 0.8 -1
v -5.5 0.8 -1
v -12.4 0.8 -1.1
v -12.3 0.8 -1.1
v -5.5 0.8 -1.1
v -5.3 0.8 -1.1
v -12.3 0.8 -1.2
v -12.1 0.8 -1.2
v -10.3 0.8 -1.2
v -10.2 0.8 -1.2
v -5.3 0.8 -1.2
v -5.2 0.8 -1.2
v -12.1 0.8 -1.3
v -11.9 0.8 -1.3
v -10.3 0.8 -1.3
v -10.2 0.8 -1.3
v -5.2 0.8 -1.3
v -5 0.8 -1.3
v -11.9 0.8 -1.4
v -11.8 0.8 -1.4
v -5 0.8 -1.4
v -4.9 0.8 -1.4
v -11.8 0.8 -1.5
v -11.5 0.8 -1.5
v -4.9 0.8 -1.5
v -4.7 0.8 -1.5
v -11.5 0.8 -1.6
v -11.3 0.8 -1.6
v -4.7 0.8 -1.6
v -4.6 0.8 -1.6
v -11.3 0.8 -1.7
v -11.1 0.8 -1.7
v -4.6 0.8 -1.7
v -4.5 0.8 -1.7
v -11.1 0.8 -1.8
v -10.6 0.8 -1.8
v -10.2 0.8 -1.8
v -10.1 0.8 -1.8
v -4.5 0.8 -1.8
v -4.3 0.8 -1.8
v -10.6 0.8 -1.9
v -10.2 0.8 -1.9
v -10.1 0.8 -1.9
v -9.8 0.8 -1.9
v -4.3 0.8 -1.9
v -4.2 0.8 -1.9
v -9.8 0.8 -2
v -8.9 0.8 -2
v -4.6 0.8 -2
v -4.5 0.8 -2
v -4.2 0.8 -2
v -4.1 0.8 -2
v -8.9 0.8 -2.1
v -8.2 0.8 -2.1
v -7 0.8 -2.1
v -6.9 0.8 -2.1
v -4.6 0.8 -2.1
v -4.5 0.8 -2.1
v -4.1 0.8 -2.1
v -4 0.8 -2.1
v -8.2 0.8 -2.2
v -7.5 0.8 -2.2
v -7 0.8 -2.2
v -6.9 0.8 -2.2
v -4 0.8 -2.2
v -3.8 0.8 -2.2
v -7.5 0.8 -2.3
v -6.8 0.8 -2.3
v -3.8 0.8 -2.3
v -3.7 0.8 -2.3
v -6.8 0.8 -2.4
v -6.6 0.8 -2.4
v -3.7 0.8 -2.4
v -3.6 0.8 -2.4
v -6.6 0.8 -2.5
v -6.3 0.8 -2.5
v -3.6 0.8 -2.5
v -3.5 0.8 -2.5
v -6.3 0.8 -2.6
v -5.8 0.8 -2.6
v -3.5 0.8 -2.6
v -3.4 0.8 -2.6
v -5.8 0.8 -2.7
v -5.6 0.8 -2.7
v -3.7 0.8 -2.7
v -3.6 0.8 -2.7
v -3.4 0.8 -2.7
v -3.2 0.8 -2.7
v -5.6 0.8 -2.8
v -5.3 0.8 -2.8
v -3.7 0.8 -2.8
v -3.6 0.8 -2.8
v -3.2 0.8 -2.8
v -3.1 0.8 -2.8
v -5.3 0.8 -2.9
v -5.1 0.8 -2.9
v -3.1 0.8 -2.9
v -3 0.8 -2.9
v -5.1 0.8 -3
v -4.9 0.8 -3
v -3 0.8 -3
v -2.9 0.8 -3
v -4.9 0.8 -3.1
v -4.7 0.8 -3.1
v -2.9 0.8 -3.1
v -2.7 0.8 -3.1
v -4.7 0.8 -3.2
v -4.5 0.8 -3.2
v -2.7 0.8 -3.2
v -2.5 0.8 -3.2
v -4.5 0.8 -3.3
v -4.3 0.8 -3.3
v -2.5 0.8 -3.3
v -2.3 0.8 -3.3
v -4.3 0.8 -3.4
v -4.1 0.8 -3.4
v -4.1 0.8 -3.5
v -3.9 0.8 -3.5
v -2.3 0.8 -3.5
v -2.2 0.8 -3.5
v -3.9 0.8 -3.6
v -3.8 0.8 -3.6
v -2.2 0.8 -3.6
v -2 0.8 -3.6
v -3.8 0.8 -3.7
v -3.6 0.8 -3.7
v -2 0.8 -3.7
v -1.8 0.8 -3.7
v -3.6 0.8 -3.8
v -3.5 0.8 -3.8
v -1.8 0.8 -3.8
v -1.5 0.8 -3.8
v -3.5 0.8 -3.9
v -3.3 0.8 -3.9
v -1.5 0.8 -3.9
v -1.3 0.8 -3.9
v -3.3 0.8 -4
v -3.2 0.8 -4
v -1.3 0.8 -4
v -1.2 0.8 -4
v -3.2 0.8 -4.1
v -3.1 0.8 -4.1
v -1.2 0.8 -4.1
v -1 0.8 -4.1
v -3.1 0.8 -4.2
v -2.9 0.8 -4.2
v -1 0.8 -4.2
v 0.0999994 0.8 -4.2
v -2.9 0.8 -4.3
v -2.8 0.8 -4.3
v 0.0999994 0.8 -4.3
v 0.799999 0.8 -4.3
v -2.8 0.8 -4.4
v -2.7 0.8 -4.4
v 0.799999 0.8 -4.4
v 1.3 0.8 -4.4
v -2.7 0.8 -4.5
v -2.6 0.8 -4.5
v 1.3 0.8 -4.5
v 1.6 0.8 -4.5
v -2.6 0.8 -4.6
v -2.5 0.8 -4.6
v 1 0.8 -4.6
v 1.5 0.8 -4.6
v 1.6 0.8 -4.6
v 2.2 0.8 -4.6
v -2.5 0.8 -4.7
v -2.4 0.8 -4.7
v 1 0.8 -4.7
v 1.5 0.8 -4.7
v 2.2 0.8 -4.7
v 2.5 0.8 -4.7
v -2.4 0.8 -4.8
v -2.3 0.8 -4.8
v -2.2 0.8 -4.8
v -1 0.8 -4.8
v -0.900001 0.8 -4.8
v 2.5 0.8 -4.8
v 2.6 0.8 -4.8
v -2.3 0.8 -4.9
v -2.2 0.8 -4.9
v -2.1 0.8 -4.9
v -1 0.8 -4.9
v -0.900001 0.8 -4.9
v 2.6 0.8 -4.9
v 2.8 0.8 -4.9
v -2.1 0.8 -5
v -2 0.8 -5
v 2.8 0.8 -5
v 2.9 0.8 -5
v -2 0.8 -5.1
v -1.8 0.8 -5.1
v 2.9 0.8 -5.1
v 3.1 0.8 -5.1
v -1.8 0.8 -5.2
v -1.7 0.8 -5.2
v 3.1 0.8 -5.2
v 3.3 0.8 -5.2
v -1.7 0.8 -5.3
v -1.6 0.8 -5.3
v 3.3 0.8 -5.3
v 3.5 0.8 -5.3
v -1.6 0.8 -5.4
v -1.5 0.8 -5.4
v 0.9 0.8 -5.4
v 1 0.8 -5.4
v 3.5 0.8 -5.4
v 3.7 0.8 -5.4
v -1.5 0.8 -5.5
v -1.4 0.8 -5.5
v 0.9 0.8 -5.5
v 1 0.8 -5.5
v 3.7 0.8 -5.5
v 3.9 0.8 -5.5
v -1.4 0.8 -5.6
v -1.3 0.8 -5.6
v 3.9 0.8 -5.6
v 4.1 0.8 -5.6
v -1.3 0.8 -5.7
v -1.2 0.8 -5.7
v 4.1 0.8 -5.7
v 4.3 0.8 -5.7
v -1.2 0.8 -5.8
v -1.1 0.8 -5.8
v 4.3 0.8 -5.8
v 4.6 0.8 -5.8
v -1.1 0.8 -5.9
v -0.900001 0.8 -5.9
v 4.6 0.8 -5.9
v 4.8 0.8 -5.9
v -0.900001 0.8 -6
v -0.8 0.8 -6
v 1.5 0.8 -6
v 1.7 0.8 -6
v 4.8 0.8 -6
v 4.9 0.8 -6
v -0.8 0.8 -6.1
v -0.700001 0.8 -6.1
v 1.5 0.8 -6.1
v 1.7 0.8 -6.1
v 4.9 0.8 -6.1
v 5 0.8 -6.1
v -0.700001 0.8 -6.2
v -0.5 0.8 -6.2
v -0.200001 0.8 -6.2
v -0.1 0.8 -6.2
v 5 0.8 -6.2
v 5.2 0.8 -6.2
v -0.5 0.8 -6.3
v -0.400001 0.8 -6.3
v -0.200001 0.8 -6.3
v -0.1 0.8 -6.3
v 4.9 0.8 -6.3
v 5 0.8 -6.3
v 5.2 0.8 -6.3
v 5.3 0.8 -6.3
v -0.400001 0.8 -6.4
v -0.200001 0.8 -6.4
v 4.9 0.8 -6.4
v 5 0.8 -6.4
v 5.3 0.8 -6.4
v 5.5 0.8 -6.4
v -0.200001 0.8 -6.5
v -0.1 0.8 -6.5
v 5.5 0.8 -6.5
v 5.6 0.8 -6.5
v -0.1 0.8 -6.6
v 0.0999994 0.8 -6.6
v 5.6 0.8 -6.6
v 5.7 0.8 -6.6
v 0.0999994 0.8 -6.7
v 0.2 0.8 -6.7
v 5.7 0.8 -6.7
v 5.9 0.8 -6.7
v 0.2 0.8 -6.8
v 0.4 0.8 -6.8
v 3.2 0.8 -6.8
v 3.3 0.8 -6.8
v 5.9 0.8 -6.8
v 6 0.8 -6.8
v 0.4 0.8 -6.9
v 0.5 0.8 -6.9
v 3.2 0.8 -6.9
v 3.3 0.8 -6.9
v 3.9 0.8 -6.9
v 4 0.8 -6.9
v 6 0.8 -6.9
v 6.1 0.8 -6.9
v 0.5 0.8 -7
v 0.7 0.8 -7
v 3.9 0.8 -7
v 4 0.8 -7
v 6.1 0.8 -7
v 6.3 0.8 -7
v 6.3 0.8 -7.1
v 6.4 0.8 -7.1
v 0.7 0.8 -7.2
v 0.9 0.8 -7.2
v 6.4 0.8 -7.2
v 6.6 0.8 -7.2
v 0.9 0.8 -7.3
v 1 0.8 -7.3
v 6.6 0.8 -7.3
v 6.7 0.8 -7.3
v 1 0.8 -7.4
v 1.2 0.8 -7.4
v 3.7 0.8 -7.4
v 3.8 0.8 -7.4
v 6.7 0.8 -7.4
v 6.9 0.8 -7.4
v 1.2 0.8 -7.5
v 1.3 0.8 -7.5
v 3.7 0.8 -7.5
v 3.8 0.8 -7.5
v 6.9 0.8 -7.5
v 7 0.8 -7.5
v 1.3 0.8 -7.6
v 1.5 0.8 -7.6
v 1.7 0.8 -7.6
v 7 0.8 -7.6
v 7.2 0.8 -7.6
v 1.5 0.8 -7.7
v 1.7 0.8 -7.7
v 1.8 0.8 -7.7
v 2 0.8 -7.7
v 2.1 0.8 -7.7
v 7.2 0.8 -7.7
v 7.4 0.8 -7.7
v 1.8 0.8 -7.8
v 2 0.8 -7.8
v 2.1 0.8 -7.8
v 2.2 0.8 -7.8
v 7.4 0.8 -7.8
v 7.5 0.8 -7.8
v 2.2 0.8 -7.9
v 2.8 0.8 -7.9
v 7.5 0.8 -7.9
v 7.7 0.8 -7.9
v 2.8 0.8 -8
v 3.1 0.8 -8
v 7.7 0.8 -8
v 7.9 0.8 -8
v 3.1 0.8 -8.1
v 3.4 0.8 -8.1
v 7.9 0.8 -8.1
v 8 0.8 -8.1
v 3.4 0.8 -8.2
v 3.7 0.8 -8.2
v 8 0.8 -8.2
v 8.1 0.8 -8.2
v 3.7 0.8 -8.3
v 4 0.8 -8.3
v 7.4 0.8 -8.3
v 7.5 0.8 -8.3
v 8.1 0.8 -8.3
v 8.2 0.8 -8.3
v 4 0.8 -8.4
v 4.3 0.8 -8.4
v 8.2 0.8 -8.4
v 8.3 0.8 -8.4
v 4.3 0.8 -8.5
v 4.7 0.8 -8.5
v 7.4 0.8 -8.5
v 7.5 0.8 -8.5
v 8.3 0.8 -8.5
v 8.4 0.8 -8.5
v 4.7 0.8 -8.6
v 4.9 0.8 -8.6
v 8.4 0.8 -8.6
v 8.5 0.8 -8.6
v 4.9 0.8 -8.7
v 5.3 0.8 -8.7
v 8.5 0.8 -8.7
v 8.6 0.8 -8.7
v 5.3 0.8 -8.8
v 5.7 0.8 -8.8
v 8.6 0.8 -8.8
v 8.7 0.8 -8.8
v 5.7 0.8 -8.9
v 5.9 0.8 -8.9
v 8.7 0.8 -8.9
v 8.8 0.8 -8.9
v 5.9 0.8 -9
v 6.3 0.8 -9
v 8.8 0.8 -9
v 8.9 0.8 -9
v 6.3 0.8 -9.1
v 6.6 0.8 -9.1
v 7.3 0.8 -9.1
v 7.4 0.8 -9.1
v 8.9 0.8 -9.1
v 9.1 0.8 -9.1
v 6.6 0.8 -9.2
v 6.9 0.8 -9.2
v 7.3 0.8 -9.2
v 7.4 0.8 -9.2
v 9.1 0.8 -9.2
v 9.2 0.8 -9.2
v 6.9 0.8 -9.3
v 7.2 0.8 -9.3
v 9.2 0.8 -9.3
v 9.7 0.8 -9.3
v 7.2 0.8 -9.4
v 7.5 0.8 -9.4
v 9.7 0.8 -9.4
v 10.1 0.8 -9.4
v 7.5 0.8 -9.5
v 7.8 0.8 -9.5
v 10.1 0.8 -9.5
v 10.4 0.8 -9.5
v 7.8 0.8 -9.6
v 8 0.8 -9.6
v 9.3 0.8 -9.6
v 9.5 0.8 -9.6
v 10.4 0.8 -9.6
v 10.6 0.8 -9.6
v 8 0.8 -9.7
v 8.2 0.8 -9.7
v 9 0.8 -9.7
v 9.1 0.8 -9.7
v 9.3 0.8 -9.7
v 9.5 0.8 -9.7
v 10.6 0.8 -9.7
v 10.7 0.8 -9.7
v 8.2 0.8 -9.8
v 8.4 0.8 -9.8
v 9 0.8 -9.8
v 9.1 0.8 -9.8
v 10.7 0.8 -9.8
v 11.4 0.8 -9.8
v 8.4 0.8 -9.9
v 8.6 0.8 -9.9
v 11.4 0.8 -9.9
v 11.7 0.8 -9.9
v 8.6 0.8 -10
v 8.8 0.8 -10
v 9.7 0.8 -10
v 9.8 0.8 -10
v 11.7 0.8 -10
v 11.8 0.8 -10
v 8.8 0.8 -10.1
v 9 0.8 -10.1
v 9.7 0.8 -10.1
v 9.8 0.8 -10.1
v 11.8 0.8 -10.1
v 12 0.8 -10.1
v 9 0.8 -10.2
v 9.2 0.8 -10.2
v 12 0.8 -10.2
v 12.4 0.8 -10.2
v 9.2 0.8 -10.3
v 9.4 0.8 -10.3
v 12.4 0.8 -10.3
v 12.8 0.8 -10.3
v 9.4 0.8 -10.4
v 9.6 0.8 -10.4
v 9.6 0.8 -10.5
v 9.8 0.8 -10.5
v 9.8 0.8 -10.6
v 9.9 0.8 -10.6
v 9.9 0.8 -10.7
v 10.2 0.8 -10.7
v 10.2 0.8 -10.8
v 10.3 0.8 -10.8
v 10.3 0.8 -10.9
v 10.4 0.8 -10.9
v 10.4 0.8 -11
v 10.5 0.8 -11
v 11 0.8 -11
v 11.1 0.8 -11
v 10.5 0.8 -11.1
v 10.6 0.8 -11.1
v 11 0.8 -11.1
v 11.1 0.8 -11.1
v 10.6 0.8 -11.3
v 10.7 0.8 -11.3
v 10.7 0.8 -11.5
v 10.8 0.8 -11.5
v 10.8 0.8 -11.6
v 10.9 0.8 -11.6
v 10.9 0.8 -11.7
v 11.2 0.8 -11.7
v 11.8 0.8 -11.7
v 11.9 0.8 -11.7
v 11.2 0.8 -11.8
v 11.3 0.8 -11.8
v 11.8 0.8 -11.8
v 11.9 0.8 -11.8
v 11.3 0.8 -11.9
v 11.8 0.8 -11.9
v 11.8 0.8 -12
v 12.2 0.8 -12
v 12.2 0.8 -12.1
v 12.5 0.8 -12.1
v 12.7 0.8 -12.1
v 12.8 0.8 -12.1
v 12.5 0.8 -12.2
v 12.7 0.8 -12.2
v -12.8 0.9 3.7
v -12 0.9 3.7
v -12 0.9 3.6
v -11 0.9 3.6
v -11 0.9 3.5
v -10.5 0.9 3.5
v -10.5 0.9 3.4
v -9.9 0.9 3.4
v -9.9 0.9 3.3
v -9.3 0.9 3.3
v -9.3 0.9 3.2
v -9 0.9 3.2
v -11.6 0.9 3.1
v -11.5 0.9 3.1
v -9 0.9 3.1
v -8.6 0.9 3.1
v -11.6 0.9 3
v -11.5 0.9 3
v -8.6 0.9 3
v -8.4 0.9 3
v -8.4 0.9 2.9
v -8.3 0.9 2.9
v -9.9 0.9 2.8
v -9.8 0.9 2.8
v -8.3 0.9 2.8
v -8.1 0.9 2.8
v -9.9 0.9 2.7
v -9.8 0.9 2.7
v -8.1 0.9 2.7
v -7.7 0.9 2.7
v -11.7 0.9 2.6
v -11.6 0.9 2.6
v -7.7 0.9 2.6
v -7.5 0.9 2.6
v -11.7 0.9 2.5
v -11.6 0.9 2.5
v -7.5 0.9 2.5
v -7.4 0.9 2.5
v -11.1 0.9 2.4
v -11 0.9 2.4
v -9.8 0.9 2.4
v -9.7 0.9 2.4
v -7.4 0.9 2.4
v -7.2 0.9 2.4
v -11.1 0.9 2.3
v -11 0.9 2.3
v -9.8 0.9 2.3
v -9.7 0.9 2.3
v -7.2 0.9 2.3
v -7.1 0.9 2.3
v -7.1 0.9 2.2
v -6.9 0.9 2.2
v -6.9 0.9 2.1
v -6.7 0.9 2.1
v -6.7 0.9 2
v -6.5 0.9 2
v -6.5 0.9 1.9
v -6.4 0.9 1.9
v -6.4 0.9 1.8
v -6.2 0.9 1.8
v -6.2 0.9 1.7
v -6.1 0.9 1.7
v -6.1 0.9 1.6
v -6 0.9 1.6
v -6 0.9 1.5
v -5.8 0.9 1.5
v -12.8 0.9 1.4
v -12.7 0.9 1.4
v -5.8 0.9 1.4
v -5.7 0.9 1.4
v -12.7 0.9 1.3
v -12.3 0.9 1.3
v -5.7 0.9 1.3
v -5.6 0.9 1.3
v -12.3 0.9 1.2
v -12 0.9 1.2
v -10.9 0.9 1.2
v -10.8 0.9 1.2
v -5.6 0.9 1.2
v -5.4 0.9 1.2
v -12 0.9 1.1
v -11.6 0.9 1.1
v -10.9 0.9 1.1
v -10.8 0.9 1.1
v -8.1 0.9 1.1
v -8 0.9 1.1
v -5.4 0.9 1.1
v -5.3 0.9 1.1
v -11.6 0.9 1
v -11.3 0.9 1
v -8.1 0.9 1
v -8 0.9 1
v -5.3 0.9 1
v -5.2 0.9 1
v -11.3 0.9 0.900001
v -11 0.9 0.900001
v -5.2 0.9 0.900001
v -5.1 0.9 0.900001
v -11 0.9 0.8
v -10.4 0.9 0.8
v -5.1 0.9 0.8
v -5 0.9 0.8
v -10.4 0.9 0.700001
v -9.8 0.9 0.700001
v -5 0.9 0.700001
v -4.9 0.9 0.700001
v -9.8 0.9 0.6
v -9.4 0.9 0.6
v -4.9 0.9 0.6
v -4.8 0.9 0.6
v -9.4 0.9 0.5
v -9 0.9 0.5
v -4.8 0.9 0.5
v -4.7 0.9 0.5
v -9 0.9 0.400001
v -8.6 0.9 0.400001
v -4.7 0.9 0.400001
v -4.5 0.9 0.400001
v -8.6 0.9 0.3
v -8.2 0.9 0.3
v -4.5 0.9 0.3
v -4.4 0.9 0.3
v -8.2 0.9 0.200001
v -7.8 0.9 0.200001
v -4.4 0.9 0.200001
v -4.3 0.9 0.200001
v -7.8 0.9 0.1
v -7.6 0.9 0.1
v -4.3 0.9 0.1
v -4.2 0.9 0.1
v -7.6 0.9 0
v -7.3 0.9 0
v -4.2 0.9 0
v -4.1 0.9 0
v -7.3 0.9 -0.0999994
v -7 0.9 -0.0999994
v -4.1 0.9 -0.0999994
v -4 0.9 -0.0999994
v -7 0.9 -0.2
v -6.8 0.9 -0.2
v -5.3 0.9 -0.2
v -5.2 0.9 -0.2
v -4 0.9 -0.2
v -3.9 0.9 -0.2
v -6.8 0.9 -0.299999
v -6.6 0.9 -0.299999
v -5.3 0.9 -0.299999
v -5.2 0.9 -0.299999
v -3.9 0.9 -0.299999
v -3.8 0.9 -0.299999
v -6.6 0.9 -0.4
v -6.4 0.9 -0.4
v -3.8 0.9 -0.4
v -3.7 0.9 -0.4
v -6.4 0.9 -0.5
v -6.2 0.9 -0.5
v -3.7 0.9 -0.5
v -3.6 0.9 -0.5
v -6.2 0.9 -0.599999
v -6 0.9 -0.599999
v -3.6 0.9 -0.599999
v -3.5 0.9 -0.599999
v -6 0.9 -0.7
v -5.9 0.9 -0.7
v -3.5 0.9 -0.7
v -3.4 0.9 -0.7
v -5.9 0.9 -0.799999
v -5.7 0.9 -0.799999
v -3.4 0.9 -0.799999
v -3.3 0.9 -0.799999
v -5.7 0.9 -0.9
v -5.6 0.9 -0.9
v -3.3 0.9 -0.9
v -3.1 0.9 -0.9
v -5.6 0.9 -1
v -5.5 0.9 -1
v -3.1 0.9 -1
v -3 0.9 -1
v -5.5 0.9 -1.1
v -5.3 0.9 -1.1
v -3 0.9 -1.1
v -2.8 0.9 -1.1
v -5.3 0.9 -1.2
v -5.2 0.9 -1.2
v -2.8 0.9 -1.2
v -2.6 0.9 -1.2
v -5.2 0.9 -1.3
v -5 0.9 -1.3
v -2.6 0.9 -1.3
v -2.5 0.9 -1.3
v -2.4 0.9 -1.3
v -5 0.9 -1.4
v -4.9 0.9 -1.4
v -2.4 0.9 -1.4
v -2.3 0.9 -1.4
v -4.9 0.9 -1.5
v -4.7 0.9 -1.5
v -2.3 0.9 -1.5
v -2.2 0.9 -1.5
v -4.7 0.9 -1.6
v -4.6 0.9 -1.6
v -2.2 0.9 -1.6
v -2 0.9 -1.6
v -4.6 0.9 -1.7
v -4.5 0.9 -1.7
v -2 0.9 -1.7
v -1.7 0.9 -1.7
v -4.5 0.9 -1.8
v -4.3 0.9 -1.8
v -1.7 0.9 -1.8
v -1.4 0.9 -1.8
v -4.3 0.9 -1.9
v -4.2 0.9 -1.9
v -2.8 0.9 -1.9
v -2.7 0.9 -1.9
v -1.4 0.9 -1.9
v -1.2 0.9 -1.9
v -4.2 0.9 -2
v -4.1 0.9 -2
v -2.8 0.9 -2
v -2.7 0.9 -2
v -1.2 0.9 -2
v -1 0.9 -2
v -0.900001 0.9 -2
v -4.1 0.9 -2.1
v -4 0.9 -2.1
v -1 0.9 -2.1
v -0.900001 0.9 -2.1
v -0.700001 0.9 -2.1
v -4 0.9 -2.2
v -3.8 0.9 -2.2
v -0.700001 0.9 -2.2
v -0.5 0.9 -2.2
v -3.8 0.9 -2.3
v -3.7 0.9 -2.3
v -0.6 0.9 -2.3
v -0.5 0.9 -2.3
v -0.200001 0.9 -2.3
v -3.7 0.9 -2.4
v -3.6 0.9 -2.4
v -0.900001 0.9 -2.4
v -0.8 0.9 -2.4
v -0.6 0.9 -2.4
v -0.5 0.9 -2.4
v -0.200001 0.9 -2.4
v 0.0999994 0.9 -2.4
v -3.6 0.9 -2.5
v -3.5 0.9 -2.5
v -0.900001 0.9 -2.5
v -0.8 0.9 -2.5
v 0.0999994 0.9 -2.5
v 0.4 0.9 -2.5
v -3.5 0.9 -2.6
v -3.4 0.9 -2.6
v 0.0999994 0.9 -2.6
v 0.2 0.9 -2.6
v 0.4 0.9 -2.6
v 0.7 0.9 -2.6
v -3.4 0.9 -2.7
v -3.2 0.9 -2.7
v 0.0999994 0.9 -2.7
v 0.2 0.9 -2.7
v 0.7 0.9 -2.7
v 1.1 0.9 -2.7
v -3.2 0.9 -2.8
v -3.1 0.9 -2.8
v 1.1 0.9 -2.8
v 1.4 0.9 -2.8
v -3.1 0.9 -2.9
v -3 0.9 -2.9
v 1.4 0.9 -2.9
v 1.7 0.9 -2.9
v -3 0.9 -3
v -2.9 0.9 -3
v 1.7 0.9 -3
v 1.9 0.9 -3
v -2.9 0.9 -3.1
v -2.7 0.9 -3.1
v 1.9 0.9 -3.1
v 2.2 0.9 -3.1
v -2.7 0.9 -3.2
v -2.5 0.9 -3.2
v 2.2 0.9 -3.2
v 2.5 0.9 -3.2
v -2.5 0.9 -3.3
v -2.3 0.9 -3.3
v 2.5 0.9 -3.3
v 2.8 0.9 -3.3
v 2.8 0.9 -3.4
v 3.5 0.9 -3.4
v -2.3 0.9 -3.5
v -2.2 0.9 -3.5
v 1.8 0.9 -3.5
v 1.9 0.9 -3.5
v 3.5 0.9 -3.5
v 3.7 0.9 -3.5
v -2.2 0.9 -3.6
v -2 0.9 -3.6
v 1.8 0.9 -3.6
v 1.9 0.9 -3.6
v 3.7 0.9 -3.6
v 3.9 0.9 -3.6
v -2 0.9 -3.7
v -1.8 0.9 -3.7
v 3.9 0.9 -3.7
v 4.1 0.9 -3.7
v -1.8 0.9 -3.8
v -1.5 0.9 -3.8
v -1 0.9 -3.8
v -0.900001 0.9 -3.8
v 4.1 0.9 -3.8
v 4.4 0.9 -3.8
v -1.5 0.9 -3.9
v -1.3 0.9 -3.9
v -1 0.9 -3.9
v -0.900001 0.9 -3.9
v 4.4 0.9 -3.9
v 4.6 0.9 -3.9
v -1.3 0.9 -4
v -1.2 0.9 -4
v 4.6 0.9 -4
v 4.9 0.9 -4
v -1.2 0.9 -4.1
v -1 0.9 -4.1
v 4.9 0.9 -4.1
v 5.1 0.9 -4.1
v -1 0.9 -4.2
v 0.0999994 0.9 -4.2
v 5.1 0.9 -4.2
v 5.3 0.9 -4.2
v 0.0999994 0.9 -4.3
v 0.799999 0.9 -4.3
v 5.3 0.9 -4.3
v 5.5 0.9 -4.3
v 0.799999 0.9 -4.4
v 1.3 0.9 -4.4
v 4.9 0.9 -4.4
v 5 0.9 -4.4
v 5.5 0.9 -4.4
v 5.6 0.9 -4.4
v 1.3 0.9 -4.5
v 1.6 0.9 -4.5
v 4.9 0.9 -4.5
v 5 0.9 -4.5
v 5.6 0.9 -4.5
v 5.7 0.9 -4.5
v 1.6 0.9 -4.6
v 2.2 0.9 -4.6
v 5.7 0.9 -4.6
v 5.8 0.9 -4.6
v 2.2 0.9 -4.7
v 2.5 0.9 -4.7
v 5.8 0.9 -4.7
v 5.9 0.9 -4.7
v 2.5 0.9 -4.8
v 2.6 0.9 -4.8
v 5.9 0.9 -4.8
v 6 0.9 -4.8
v 2.6 0.9 -4.9
v 2.8 0.9 -4.9
v 6 0.9 -4.9
v 6.1 0.9 -4.9
v 2.8 0.9 -5
v 2.9 0.9 -5
v 2.9 0.9 -5.1
v 3.1 0.9 -5.1
v 6.1 0.9 -5.1
v 6.2 0.9 -5.1
v 3.1 0.9 -5.2
v 3.3 0.9 -5.2
v 6.2 0.9 -5.2
v 6.3 0.9 -5.2
v 3.3 0.9 -5.3
v 3.5 0.9 -5.3
v 6.3 0.9 -5.3
v 6.4 0.9 -5.3
v 3.5 0.9 -5.4
v 3.7 0.9 -5.4
v 3.7 0.9 -5.5
v 3.9 0.9 -5.5
v 6.4 0.9 -5.5
v 6.5 0.9 -5.5
v 3.9 0.9 -5.6
v 4.1 0.9 -5.6
v 6.5 0.9 -5.6
v 6.6 0.9 -5.6
v 4.1 0.9 -5.7
v 4.3 0.9 -5.7
v 6.6 0.9 -5.7
v 6.7 0.9 -5.7
v 4.3 0.9 -5.8
v 4.6 0.9 -5.8
v 6.7 0.9 -5.8
v 6.8 0.9 -5.8
v 4.6 0.9 -5.9
v 4.8 0.9 -5.9
v 6.8 0.9 -5.9
v 6.9 0.9 -5.9
v 4.8 0.9 -6
v 4.9 0.9 -6
v 6.9 0.9 -6
v 7 0.9 -6
v 4.9 0.9 -6.1
v 5 0.9 -6.1
v 5 0.9 -6.2
v 5.2 0.9 -6.2
v 7 0.9 -6.2
v 7.3 0.9 -6.2
v 5.2 0.9 -6.3
v 5.3 0.9 -6.3
v 7.3 0.9 -6.3
v 7.5 0.9 -6.3
v 5.3 0.9 -6.4
v 5.5 0.9 -6.4
v 7.5 0.9 -6.4
v 7.8 0.9 -6.4
v 5.5 0.9 -6.5
v 5.6 0.9 -6.5
v 7.8 0.9 -6.5
v 8 0.9 -6.5
v 5.6 0.9 -6.6
v 5.7 0.9 -6.6
v 8 0.9 -6.6
v 8.2 0.9 -6.6
v 5.7 0.9 -6.7
v 5.9 0.9 -6.7
v 8.2 0.9 -6.7
v 8.5 0.9 -6.7
v 5.9 0.9 -6.8
v 6 0.9 -6.8
v 8.5 0.9 -6.8
v 8.8 0.9 -6.8
v 6 0.9 -6.9
v 6.1 0.9 -6.9
v 8.8 0.9 -6.9
v 9.3 0.9 -6.9
v 6.1 0.9 -7
v 6.3 0.9 -7
v 9.3 0.9 -7
v 9.8 0.9 -7
v 6.3 0.9 -7.1
v 6.4 0.9 -7.1
v 9.8 0.9 -7.1
v 10.1 0.9 -7.1
v 6.4 0.9 -7.2
v 6.6 0.9 -7.2
v 10.1 0.9 -7.2
v 10.8 0.9 -7.2
v 6.6 0.9 -7.3
v 6.7 0.9 -7.3
v 10.8 0.9 -7.3
v 12.8 0.9 -7.3
v 6.7 0.9 -7.4
v 6.9 0.9 -7.4
v 6.9 0.9 -7.5
v 7 0.9 -7.5
v 7 0.9 -7.6
v 7.2 0.9 -7.6
v 7.2 0.9 -7.7
v 7.4 0.9 -7.7
v 10.1 0.9 -7.7
v 10.2 0.9 -7.7
v 7.4 0.9 -7.8
v 7.5 0.9 -7.8
v 10.1 0.9 -7.8
v 10.2 0.9 -7.8
v 11.6 0.9 -7.8
v 11.7 0.9 -7.8
v 7.5 0.9 -7.9
v 7.7 0.9 -7.9
v 11.6 0.9 -7.9
v 11.7 0.9 -7.9
v 7.7 0.9 -8
v 7.9 0.9 -8
v 7.9 0.9 -8.1
v 8 0.9 -8.1
v 8 0.9 -8.2
v 8.1 0.9 -8.2
v 8.1 0.9 -8.3
v 8.2 0.9 -8.3
v 8.2 0.9 -8.4
v 8.3 0.9 -8.4
v 8.3 0.9 -8.5
v 8.4 0.9 -8.5
v 8.4 0.9 -8.6
v 8.5 0.9 -8.6
v 8.5 0.9 -8.7
v 8.6 0.9 -8.7
v 10.9 0.9 -8.7
v 11 0.9 -8.7
v 8.6 0.9 -8.8
v 8.7 0.9 -8.8
v 10.9 0.9 -8.8
v 11 0.9 -8.8
v 8.7 0.9 -8.9
v 8.8 0.9 -8.9
v 8.8 0.9 -9
v 8.9 0.9 -9
v 8.9 0.9 -9.1
v 9.1 0.9 -9.1
v 9.1 0.9 -9.2
v 9.2 0.9 -9.2
v 9.2 0.9 -9.3
v 9.7 0.9 -9.3
v 9.7 0.9 -9.4
v 10.1 0.9 -9.4
v 10.1 0.9 -9.5
v 10.4 0.9 -9.5
v 10.4 0.9 -9.6
v 10.6 0.9 -9.6
v 11.4 0.9 -9.6
v 11.5 0.9 -9.6
v 10.6 0.9 -9.7
v 10.7 0.9 -9.7
v 11.4 0.9 -9.7
v 11.5 0.9 -9.7
v 10.7 0.9 -9.8
v 11.4 0.9 -9.8
v 11.4 0.9 -9.9
v 11.7 0.9 -9.9
v 11.7 0.9 -10
v 11.8 0.9 -10
v 11.8 0.9 -10.1
v 12 0.9 -10.1
v 12 0.9 -10.2
v 12.4 0.9 -10.2
v 12.4 0.9 -10.3
v 12.8 0.9 -10.3
v -12.8 1 5.1
v -12.5 1 5.1
v -12.5 1 5
v -12.2 1 5
v -12.2 1 4.9
v -11.9 1 4.9
v -11.9 1 4.8
v -11.3 1 4.8
v -11.3 1 4.7
v -10.6 1 4.7
v -10.6 1 4.6
v -10.2 1 4.6
v -10.2 1 4.5
v -9.7 1 4.5
v -9.7 1 4.4
v -9.4 1 4.4
v -9.4 1 4.3
v -9.1 1 4.3
v -9.1 1 4.2
v -8.9 1 4.2
v -12.3 1 4.1
v -12.2 1 4.1
v -11.4 1 4.1
v -11.3 1 4.1
v -8.9 1 4.1
v -8.7 1 4.1
v -12.3 1 4
v -12.2 1 4
v -11.4 1 4
v -11.3 1 4
v -9.8 1 4
v -9.7 1 4
v -8.7 1 4
v -8.4 1 4
v -12.3 1 3.9
v -12.2 1 3.9
v -11.7 1 3.9
v -11.6 1 3.9
v -9.8 1 3.9
v -9.7 1 3.9
v -8.4 1 3.9
v -8.2 1 3.9
v -12.3 1 3.8
v -12.2 1 3.8
v -11.7 1 3.8
v -11.6 1 3.8
v -8.2 1 3.8
v -7.9 1 3.8
v -12.8 1 3.7
v -12 1 3.7
v -10.2 1 3.7
v -10.1 1 3.7
v -7.9 1 3.7
v -7.4 1 3.7
v -12 1 3.6
v -11 1 3.6
v -10.2 1 3.6
v -10.1 1 3.6
v -7.4 1 3.6
v -6.9 1 3.6
v -11 1 3.5
v -10.5 1 3.5
v -6.9 1 3.5
v -6.7 1 3.5
v -10.5 1 3.4
v -9.9 1 3.4
v -6.7 1 3.4
v -6.5 1 3.4
v -9.9 1 3.3
v -9.3 1 3.3
v -6.5 1 3.3
v -6.4 1 3.3
v -9.3 1 3.2
v -9 1 3.2
v -6.4 1 3.2
v -6.2 1 3.2
v -9 1 3.1
v -8.6 1 3.1
v -6.2 1 3.1
v -5.9 1 3.1
v -8.6 1 3
v -8.4 1 3
v -5.9 1 3
v -5.7 1 3
v -8.4 1 2.9
v -8.3 1 2.9
v -5.7 1 2.9
v -5.4 1 2.9
v -8.3 1 2.8
v -8.1 1 2.8
v -5.4 1 2.8
v -5.1 1 2.8
v -8.1 1 2.7
v -7.7 1 2.7
v -5.1 1 2.7
v -4.9 1 2.7
v -7.7 1 2.6
v -7.5 1 2.6
v -4.9 1 2.6
v -4.6 1 2.6
v -7.5 1 2.5
v -7.4 1 2.5
v -4.6 1 2.5
v -4.3 1 2.5
v -7.4 1 2.4
v -7.2 1 2.4
v -4.3 1 2.4
v -4.1 1 2.4
v -7.2 1 2.3
v -7.1 1 2.3
v -4.1 1 2.3
v -3.9 1 2.3
v -7.1 1 2.2
v -6.9 1 2.2
v -3.9 1 2.2
v -3.8 1 2.2
v -6.9 1 2.1
v -6.7 1 2.1
v -3.8 1 2.1
v -3.7 1 2.1
v -6.7 1 2
v -6.5 1 2
v -3.7 1 2
v -3.5 1 2
v -6.5 1 1.9
v -6.4 1 1.9
v -3.5 1 1.9
v -3.3 1 1.9
v -6.4 1 1.8
v -6.2 1 1.8
v -3.3 1 1.8
v -3.1 1 1.8
v -6.2 1 1.7
v -6.1 1 1.7
v -3.1 1 1.7
v -2.9 1 1.7
v -6.1 1 1.6
v -6 1 1.6
v -2.9 1 1.6
v -2.8 1 1.6
v -6 1 1.5
v -5.8 1 1.5
v -2.8 1 1.5
v -2.7 1 1.5
v -5.8 1 1.4
v -5.7 1 1.4
v -2.7 1 1.4
v -2.5 1 1.4
v -5.7 1 1.3
v -5.6 1 1.3
v -4 1 1.3
v -3.9 1 1.3
v -2.5 1 1.3
v -2.4 1 1.3
v -5.6 1 1.2
v -5.4 1 1.2
v -4 1 1.2
v -3.9 1 1.2
v -2.4 1 1.2
v -2.3 1 1.2
v -5.4 1 1.1
v -5.3 1 1.1
v -2.3 1 1.1
v -2.1 1 1.1
v -5.3 1 1
v -5.2 1 1
v -3.6 1 1
v -3.5 1 1
v -2.1 1 1
v -2 1 1
v -5.2 1 0.900001
v -5.1 1 0.900001
v -3.6 1 0.900001
v -3.5 1 0.900001
v -3.4 1 0.900001
v -3.3 1 0.900001
v -2 1 0.900001
v -1.8 1 0.900001
v -5.1 1 0.8
v -5 1 0.8
v -3.4 1 0.8
v -3.3 1 0.8
v -1.8 1 0.8
v -1.6 1 0.8
v -5 1 0.700001
v -4.9 1 0.700001
v -3.5 1 0.700001
v -3.4 1 0.700001
v -1.6 1 0.700001
v -1.4 1 0.700001
v -4.9 1 0.6
v -4.8 1 0.6
v -3.5 1 0.6
v -3.4 1 0.6
v -1.4 1 0.6
v -1.3 1 0.6
v -4.8 1 0.5
v -4.7 1 0.5
v -1.3 1 0.5
v -1.1 1 0.5
v -4.7 1 0.400001
v -4.5 1 0.400001
v -1.1 1 0.400001
v -1 1 0.400001
v -4.5 1 0.3
v -4.4 1 0.3
v -1 1 0.3
v -0.8 1 0.3
v -4.4 1 0.200001
v -4.3 1 0.200001
v -0.8 1 0.200001
v -0.700001 1 0.200001
v -4.3 1 0.1
v -4.2 1 0.1
v -0.700001 1 0.1
v -0.5 1 0.1
v -4.2 1 0
v -4.1 1 0
v -0.5 1 0
v -0.400001 1 0
v -4.1 1 -0.0999994
v -4 1 -0.0999994
v -1.3 1 -0.0999994
v -1.2 1 -0.0999994
v -0.400001 1 -0.0999994
v -0.200001 1 -0.0999994
v -4 1 -0.2
v -3.9 1 -0.2
v -1.3 1 -0.2
v -1.2 1 -0.2
v -0.200001 1 -0.2
v -0.1 1 -0.2
v -3.9 1 -0.299999
v -3.8 1 -0.299999
v -0.1 1 -0.299999
v 0.0999994 1 -0.299999
v -3.8 1 -0.4
v -3.7 1 -0.4
v 0.0999994 1 -0.4
v 0.2 1 -0.4
v -3.7 1 -0.5
v -3.6 1 -0.5
v 0.2 1 -0.5
v 0.299999 1 -0.5
v -3.6 1 -0.599999
v -3.5 1 -0.599999
v 0.299999 1 -0.599999
v 0.5 1 -0.599999
v -3.5 1 -0.7
v -3.4 1 -0.7
v 0.5 1 -0.7
v 0.599999 1 -0.7
v -3.4 1 -0.799999
v -3.3 1 -0.799999
v 0.599999 1 -0.799999
v 0.7 1 -0.799999
v -3.3 1 -0.9
v -3.1 1 -0.9
v 0.7 1 -0.9
v 0.9 1 -0.9
v -3.1 1 -1
v -3 1 -1
v -3 1 -1.1
v -2.8 1 -1.1
v 0.9 1 -1.1
v 1 1 -1.1
v -2.8 1 -1.2
v -2.6 1 -1.2
v -2.5 1 -1.2
v -2.4 1 -1.2
v 1 1 -1.2
v 1.1 1 -1.2
v -2.6 1 -1.3
v -2.5 1 -1.3
v -2.4 1 -1.3
v -1.4 1 -1.3
v -1.3 1 -1.3
v 1.1 1 -1.3
v 1.2 1 -1.3
v -2.4 1 -1.4
v -2.3 1 -1.4
v -1.4 1 -1.4
v -1.3 1 -1.4
v 1.2 1 -1.4
v 1.3 1 -1.4
v -2.3 1 -1.5
v -2.2 1 -1.5
v 1.3 1 -1.5
v 1.4 1 -1.5
v -2.2 1 -1.6
v -2 1 -1.6
v 1.4 1 -1.6
v 1.5 1 -1.6
v -2 1 -1.7
v -1.7 1 -1.7
v 1.5 1 -1.7
v 1.7 1 -1.7
v -1.7 1 -1.8
v -1.4 1 -1.8
v 1.7 1 -1.8
v 1.8 1 -1.8
v -1.4 1 -1.9
v -1.2 1 -1.9
v 1.8 1 -1.9
v 2 1 -1.9
v -1.2 1 -2
v -0.900001 1 -2
v 2 1 -2
v 2.2 1 -2
v -0.900001 1 -2.1
v -0.700001 1 -2.1
v 2.2 1 -2.1
v 2.5 1 -2.1
v -0.700001 1 -2.2
v -0.5 1 -2.2
v 2.5 1 -2.2
v 2.8 1 -2.2
v -0.5 1 -2.3
v -0.200001 1 -2.3
v 2.8 1 -2.3
v 3.1 1 -2.3
v -0.200001 1 -2.4
v 0.0999994 1 -2.4
v 3.1 1 -2.4
v 3.5 1 -2.4
v 0.0999994 1 -2.5
v 0.4 1 -2.5
v 3.5 1 -2.5
v 3.7 1 -2.5
v 0.4 1 -2.6
v 0.7 1 -2.6
v 3.7 1 -2.6
v 3.9 1 -2.6
v 0.7 1 -2.7
v 1.1 1 -2.7
v 3.9 1 -2.7
v 4.1 1 -2.7
v 1.1 1 -2.8
v 1.4 1 -2.8
v 4.1 1 -2.8
v 4.6 1 -2.8
v 1.4 1 -2.9
v 1.7 1 -2.9
v 4.6 1 -2.9
v 4.8 1 -2.9
v 1.7 1 -3
v 1.9 1 -3
v 4.8 1 -3
v 5.1 1 -3
v 1.9 1 -3.1
v 2.2 1 -3.1
v 5.1 1 -3.1
v 5.3 1 -3.1
v 2.2 1 -3.2
v 2.5 1 -3.2
v 5.3 1 -3.2
v 5.6 1 -3.2
v 2.5 1 -3.3
v 2.8 1 -3.3
v 5.6 1 -3.3
v 5.8 1 -3.3
v 2.8 1 -3.4
v 3.5 1 -3.4
v 5.8 1 -3.4
v 6.1 1 -3.4
v 3.5 1 -3.5
v 3.7 1 -3.5
v 6.1 1 -3.5
v 6.5 1 -3.5
v 3.7 1 -3.6
v 3.9 1 -3.6
v 6.5 1 -3.6
v 6.8 1 -3.6
v 3.9 1 -3.7
v 4.1 1 -3.7
v 6.8 1 -3.7
v 7 1 -3.7
v 4.1 1 -3.8
v 4.4 1 -3.8
v 7 1 -3.8
v 7.3 1 -3.8
v 4.4 1 -3.9
v 4.6 1 -3.9
v 7.3 1 -3.9
v 7.6 1 -3.9
v 4.6 1 -4
v 4.9 1 -4
v 7.6 1 -4
v 7.9 1 -4
v 4.9 1 -4.1
v 5.1 1 -4.1
v 7.9 1 -4.1
v 8.3 1 -4.1
v 5.1 1 -4.2
v 5.3 1 -4.2
v 8.3 1 -4.2
v 8.6 1 -4.2
v 5.3 1 -4.3
v 5.5 1 -4.3
v 6.5 1 -4.3
v 6.6 1 -4.3
v 8.6 1 -4.3
v 8.7 1 -4.3
v 5.5 1 -4.4
v 5.6 1 -4.4
v 6.5 1 -4.4
v 6.6 1 -4.4
v 8.7 1 -4.4
v 8.8 1 -4.4
v 5.6 1 -4.5
v 5.7 1 -4.5
v 8.8 1 -4.5
v 8.9 1 -4.5
v 5.7 1 -4.6
v 5.8 1 -4.6
v 6.9 1 -4.6
v 7 1 -4.6
v 8.9 1 -4.6
v 9 1 -4.6
v 5.8 1 -4.7
v 5.9 1 -4.7
v 6.9 1 -4.7
v 7 1 -4.7
v 9 1 -4.7
v 9.1 1 -4.7
v 5.9 1 -4.8
v 6 1 -4.8
v 9.1 1 -4.8
v 9.3 1 -4.8
v 6 1 -4.9
v 6.1 1 -4.9
v 9.3 1 -4.9
v 9.4 1 -4.9
v 9.4 1 -5
v 9.5 1 -5
v 9.6 1 -5
v 6.1 1 -5.1
v 6.2 1 -5.1
v 8.6 1 -5.1
v 8.7 1 -5.1
v 9.4 1 -5.1
v 9.5 1 -5.1
v 9.6 1 -5.1
v 9.7 1 -5.1
v 6.2 1 -5.2
v 6.3 1 -5.2
v 8.6 1 -5.2
v 8.7 1 -5.2
v 9.7 1 -5.2
v 9.8 1 -5.2
v 6.3 1 -5.3
v 6.4 1 -5.3
v 7.5 1 -5.3
v 7.6 1 -5.3
v 9.8 1 -5.3
v 9.9 1 -5.3
v 7.5 1 -5.4
v 7.6 1 -5.4
v 9.9 1 -5.4
v 10.2 1 -5.4
v 6.4 1 -5.5
v 6.5 1 -5.5
v 10.2 1 -5.5
v 11.2 1 -5.5
v 6.5 1 -5.6
v 6.6 1 -5.6
v 6.8 1 -5.6
v 6.9 1 -5.6
v 11.2 1 -5.6
v 11.6 1 -5.6
v 11.7 1 -5.6
v 11.8 1 -5.6
v 6.6 1 -5.7
v 6.7 1 -5.7
v 6.8 1 -5.7
v 6.9 1 -5.7
v 11.8 1 -5.7
v 12.8 1 -5.7
v 6.7 1 -5.8
v 6.8 1 -5.8
v 6.8 1 -5.9
v 6.9 1 -5.9
v 7.1 1 -5.9
v 9.7 1 -5.9
v 9.8 1 -5.9
v 6.9 1 -6
v 7 1 -6
v 7.1 1 -6
v 9.7 1 -6
v 9.8 1 -6
v 7 1 -6.2
v 7.3 1 -6.2
v 7.3 1 -6.3
v 7.5 1 -6.3
v 8.7 1 -6.3
v 8.8 1 -6.3
v 7.5 1 -6.4
v 7.8 1 -6.4
v 8.7 1 -6.4
v 8.8 1 -6.4
v 7.8 1 -6.5
v 8 1 -6.5
v 8 1 -6.6
v 8.2 1 -6.6
v 8.2 1 -6.7
v 8.5 1 -6.7
v 8.5 1 -6.8
v 8.8 1 -6.8
v 8.8 1 -6.9
v 9.3 1 -6.9
v 9.3 1 -7
v 9.8 1 -7
v 9.8 1 -7.1
v 10.1 1 -7.1
v 10.1 1 -7.2
v 10.8 1 -7.2
v 10.8 1 -7.3
v 12.8 1 -7.3
v -12.8 1.1 6.4
v -12.3 1.1 6.4
v -12.3 1.1 6.3
v -11.7 1.1 6.3
v -11.7 1.1 6.2
v -10.7 1.1 6.2
v -10.7 1.1 6.1
v -10 1.1 6.1
v -10 1.1 6
v -9.7 1.1 6
v -12.7 1.1 5.9
v -12.6 1.1 5.9
v -9.8 1.1 5.9
v -9.7 1.1 5.9
v -9.5 1.1 5.9
v -12.7 1.1 5.8
v -12.6 1.1 5.8
v -9.8 1.1 5.8
v -9.7 1.1 5.8
v -9.5 1.1 5.8
v -8.9 1.1 5.8
v -11.6 1.1 5.7
v -11.5 1.1 5.7
v -8.9 1.1 5.7
v -8.5 1.1 5.7
v -11.6 1.1 5.6
v -11.5 1.1 5.6
v -8.5 1.1 5.6
v -8.2 1.1 5.6
v -10.2 1.1 5.5
v -10.1 1.1 5.5
v -8.2 1.1 5.5
v -7.9 1.1 5.5
v -10.2 1.1 5.4
v -10.1 1.1 5.4
v -7.9 1.1 5.4
v -7.6 1.1 5.4
v -7.6 1.1 5.3
v -7.4 1.1 5.3
v -7.4 1.1 5.2
v -7.2 1.1 5.2
v -12.8 1.1 5.1
v -12.5 1.1 5.1
v -7.2 1.1 5.1
v -7 1.1 5.1
v -12.5 1.1 5
v -12.2 1.1 5
v -7 1.1 5
v -6.8 1.1 5
v -12.2 1.1 4.9
v -11.9 1.1 4.9
v -6.8 1.1 4.9
v -6.6 1.1 4.9
v -11.9 1.1 4.8
v -11.3 1.1 4.8
v -6.6 1.1 4.8
v -6.4 1.1 4.8
v -11.3 1.1 4.7
v -10.6 1.1 4.7
v -6.4 1.1 4.7
v -6.3 1.1 4.7
v -10.6 1.1 4.6
v -10.2 1.1 4.6
v -8.6 1.1 4.6
v -8.5 1.1 4.6
v -6.3 1.1 4.6
v -6.1 1.1 4.6
v -10.2 1.1 4.5
v -9.7 1.1 4.5
v -8.6 1.1 4.5
v -8.5 1.1 4.5
v -7.3 1.1 4.5
v -7.2 1.1 4.5
v -6.1 1.1 4.5
v -6 1.1 4.5
v -9.7 1.1 4.4
v -9.4 1.1 4.4
v -7.3 1.1 4.4
v -7.2 1.1 4.4
v -6 1.1 4.4
v -5.9 1.1 4.4
v -9.4 1.1 4.3
v -9.1 1.1 4.3
v -5.9 1.1 4.3
v -5.8 1.1 4.3
v -9.1 1.1 4.2
v -8.9 1.1 4.2
v -5.8 1.1 4.2
v -5.6 1.1 4.2
v -8.9 1.1 4.1
v -8.7 1.1 4.1
v -5.6 1.1 4.1
v -5.4 1.1 4.1
v -8.7 1.1 4
v -8.4 1.1 4
v -8.4 1.1 3.9
v -8.2 1.1 3.9
v -5.4 1.1 3.9
v -5.1 1.1 3.9
v -8.2 1.1 3.8
v -7.9 1.1 3.8
v -7.1 1.1 3.8
v -7 1.1 3.8
v -5.1 1.1 3.8
v -4.7 1.1 3.8
v -7.9 1.1 3.7
v -7.4 1.1 3.7
v -7.1 1.1 3.7
v -7 1.1 3.7
v -4.7 1.1 3.7
v -4.4 1.1 3.7
v -7.4 1.1 3.6
v -6.9 1.1 3.6
v -4.4 1.1 3.6
v -4.2 1.1 3.6
v -6.9 1.1 3.5
v -6.7 1.1 3.5
v -4.2 1.1 3.5
v -4 1.1 3.5
v -6.7 1.1 3.4
v -6.5 1.1 3.4
v -4 1.1 3.4
v -3.8 1.1 3.4
v -6.5 1.1 3.3
v -6.4 1.1 3.3
v -3.8 1.1 3.3
v -3.6 1.1 3.3
v -6.4 1.1 3.2
v -6.2 1.1 3.2
v -3.6 1.1 3.2
v -3.4 1.1 3.2
v -6.2 1.1 3.1
v -5.9 1.1 3.1
v -4.6 1.1 3.1
v -4.5 1.1 3.1
v -3.4 1.1 3.1
v -3.1 1.1 3.1
v -5.9 1.1 3
v -5.7 1.1 3
v -4.6 1.1 3
v -4.5 1.1 3
v -3.1 1.1 3
v -2.7 1.1 3
v -5.7 1.1 2.9
v -5.4 1.1 2.9
v -2.7 1.1 2.9
v -2.3 1.1 2.9
v -5.4 1.1 2.8
v -5.1 1.1 2.8
v -2.3 1.1 2.8
v -2 1.1 2.8
v -5.1 1.1 2.7
v -4.9 1.1 2.7
v -2 1.1 2.7
v -1.8 1.1 2.7
v -4.9 1.1 2.6
v -4.6 1.1 2.6
v -1.8 1.1 2.6
v -1.6 1.1 2.6
v -4.6 1.1 2.5
v -4.3 1.1 2.5
v -1.6 1.1 2.5
v -1.3 1.1 2.5
v -4.3 1.1 2.4
v -4.1 1.1 2.4
v -1.3 1.1 2.4
v -1.2 1.1 2.4
v -4.1 1.1 2.3
v -3.9 1.1 2.3
v -1.7 1.1 2.3
v -1.6 1.1 2.3
v -1.2 1.1 2.3
v -1 1.1 2.3
v -3.9 1.1 2.2
v -3.8 1.1 2.2
v -1.7 1.1 2.2
v -1.6 1.1 2.2
v -1 1.1 2.2
v -0.8 1.1 2.2
v -3.8 1.1 2.1
v -3.7 1.1 2.1
v -0.8 1.1 2.1
v -0.6 1.1 2.1
v -3.7 1.1 2
v -3.5 1.1 2
v -0.6 1.1 2
v -0.400001 1.1 2
v -3.5 1.1 1.9
v -3.3 1.1 1.9
v -0.400001 1.1 1.9
v -0.1 1.1 1.9
v -3.3 1.1 1.8
v -3.1 1.1 1.8
v -0.1 1.1 1.8
v 0.2 1.1 1.8
v -3.1 1.1 1.7
v -2.9 1.1 1.7
v 0.2 1.1 1.7
v 0.4 1.1 1.7
v -2.9 1.1 1.6
v -2.8 1.1 1.6
v 0.4 1.1 1.6
v 0.599999 1.1 1.6
v -2.8 1.1 1.5
v -2.7 1.1 1.5
v -1.3 1.1 1.5
v -1.2 1.1 1.5
v 0.599999 1.1 1.5
v 0.9 1.1 1.5
v -2.7 1.1 1.4
v -2.5 1.1 1.4
v -1.3 1.1 1.4
v -1.2 1.1 1.4
v 0.9 1.1 1.4
v 1.1 1.1 1.4
v -2.5 1.1 1.3
v -2.4 1.1 1.3
v 1.1 1.1 1.3
v 1.4 1.1 1.3
v -2.4 1.1 1.2
v -2.3 1.1 1.2
v 1.4 1.1 1.2
v 1.7 1.1 1.2
v -2.3 1.1 1.1
v -2.1 1.1 1.1
v 1 1.1 1.1
v 1.1 1.1 1.1
v 1.7 1.1 1.1
v 1.9 1.1 1.1
v -2.1 1.1 1
v -2 1.1 1
v 1 1.1 1
v 1.1 1.1 1
v 1.9 1.1 1
v 2.2 1.1 1
v -2 1.1 0.900001
v -1.8 1.1 0.900001
v 2.2 1.1 0.900001
v 2.4 1.1 0.900001
v -1.8 1.1 0.8
v -1.6 1.1 0.8
v -0.1 1.1 0.8
v 0 1.1 0.8
v 2.4 1.1 0.8
v 2.6 1.1 0.8
v -1.6 1.1 0.700001
v -1.4 1.1 0.700001
v -0.1 1.1 0.700001
v 0 1.1 0.700001
v 2.6 1.1 0.700001
v 2.8 1.1 0.700001
v -1.4 1.1 0.6
v -1.3 1.1 0.6
v 2.8 1.1 0.6
v 3 1.1 0.6
v -1.3 1.1 0.5
v -1.1 1.1 0.5
v 3 1.1 0.5
v 3.3 1.1 0.5
v -1.1 1.1 0.400001
v -1 1.1 0.400001
v 3.3 1.1 0.400001
v 3.4 1.1 0.400001
v -1 1.1 0.3
v -0.8 1.1 0.3
v 3.4 1.1 0.3
v 3.5 1.1 0.3
v -0.8 1.1 0.200001
v -0.700001 1.1 0.200001
v 1.2 1.1 0.200001
v 1.3 1.1 0.200001
v -0.700001 1.1 0.1
v -0.5 1.1 0.1
v 1.2 1.1 0.1
v 1.3 1.1 0.1
v 3.5 1.1 0.1
v 3.6 1.1 0.1
v -0.5 1.1 0
v -0.400001 1.1 0
v 3.6 1.1 0
v 3.8 1.1 0
v -0.400001 1.1 -0.0999994
v -0.200001 1.1 -0.0999994
v 3.8 1.1 -0.0999994
v 4 1.1 -0.0999994
v -0.200001 1.1 -0.2
v -0.1 1.1 -0.2
v 4 1.1 -0.2
v 4.1 1.1 -0.2
v -0.1 1.1 -0.299999
v 0.0999994 1.1 -0.299999
v 4.1 1.1 -0.299999
v 4.3 1.1 -0.299999
v 0.0999994 1.1 -0.4
v 0.2 1.1 -0.4
v 4.3 1.1 -0.4
v 4.4 1.1 -0.4
v 0.2 1.1 -0.5
v 0.299999 1.1 -0.5
v 4.4 1.1 -0.5
v 4.6 1.1 -0.5
v 0.299999 1.1 -0.599999
v 0.5 1.1 -0.599999
v 4 1.1 -0.599999
v 4.1 1.1 -0.599999
v 4.6 1.1 -0.599999
v 4.7 1.1 -0.599999
v 0.5 1.1 -0.7
v 0.599999 1.1 -0.7
v 2.5 1.1 -0.7
v 2.6 1.1 -0.7
v 4.7 1.1 -0.7
v 5.5 1.1 -0.7
v 0.599999 1.1 -0.799999
v 0.7 1.1 -0.799999
v 2.5 1.1 -0.799999
v 2.6 1.1 -0.799999
v 4 1.1 -0.799999
v 4.1 1.1 -0.799999
v 5.5 1.1 -0.799999
v 6.2 1.1 -0.799999
v 0.7 1.1 -0.9
v 0.9 1.1 -0.9
v 6.2 1.1 -0.9
v 6.7 1.1 -0.9
v 6.5 1.1 -1
v 6.6 1.1 -1
v 6.7 1.1 -1
v 7.2 1.1 -1
v 0.9 1.1 -1.1
v 1 1.1 -1.1
v 6.5 1.1 -1.1
v 6.6 1.1 -1.1
v 7.2 1.1 -1.1
v 7.4 1.1 -1.1
v 1 1.1 -1.2
v 1.1 1.1 -1.2
v 5 1.1 -1.2
v 5.1 1.1 -1.2
v 7.4 1.1 -1.2
v 7.6 1.1 -1.2
v 1.1 1.1 -1.3
v 1.2 1.1 -1.3
v 5 1.1 -1.3
v 5.1 1.1 -1.3
v 7.6 1.1 -1.3
v 8 1.1 -1.3
v 1.2 1.1 -1.4
v 1.3 1.1 -1.4
v 8 1.1 -1.4
v 8.1 1.1 -1.4
v 1.3 1.1 -1.5
v 1.4 1.1 -1.5
v 2.5 1.1 -1.5
v 2.6 1.1 -1.5
v 8.1 1.1 -1.5
v 8.3 1.1 -1.5
v 1.4 1.1 -1.6
v 1.5 1.1 -1.6
v 8.3 1.1 -1.6
v 8.4 1.1 -1.6
v 1.5 1.1 -1.7
v 1.7 1.1 -1.7
v 2.5 1.1 -1.7
v 2.6 1.1 -1.7
v 8.4 1.1 -1.7
v 8.5 1.1 -1.7
v 1.7 1.1 -1.8
v 1.8 1.1 -1.8
v 8.5 1.1 -1.8
v 8.6 1.1 -1.8
v 1.8 1.1 -1.9
v 2 1.1 -1.9
v 3.9 1.1 -1.9
v 4 1.1 -1.9
v 8.6 1.1 -1.9
v 8.7 1.1 -1.9
v 2 1.1 -2
v 2.2 1.1 -2
v 3.9 1.1 -2
v 4 1.1 -2
v 8.7 1.1 -2
v 8.8 1.1 -2
v 2.2 1.1 -2.1
v 2.5 1.1 -2.1
v 5 1.1 -2.1
v 5.1 1.1 -2.1
v 7.1 1.1 -2.1
v 7.2 1.1 -2.1
v 2.5 1.1 -2.2
v 2.8 1.1 -2.2
v 5 1.1 -2.2
v 5.1 1.1 -2.2
v 7.1 1.1 -2.2
v 7.2 1.1 -2.2
v 8.8 1.1 -2.2
v 8.9 1.1 -2.2
v 2.8 1.1 -2.3
v 3.1 1.1 -2.3
v 7 1.1 -2.3
v 7.1 1.1 -2.3
v 8.9 1.1 -2.3
v 9.1 1.1 -2.3
v 3.1 1.1 -2.4
v 3.5 1.1 -2.4
v 7 1.1 -2.4
v 7.1 1.1 -2.4
v 9.1 1.1 -2.4
v 9.2 1.1 -2.4
v 3.5 1.1 -2.5
v 3.7 1.1 -2.5
v 9.2 1.1 -2.5
v 9.3 1.1 -2.5
v 3.7 1.1 -2.6
v 3.9 1.1 -2.6
v 9.3 1.1 -2.6
v 9.4 1.1 -2.6
v 3.9 1.1 -2.7
v 4.1 1.1 -2.7
v 9.4 1.1 -2.7
v 9.5 1.1 -2.7
v 11 1.1 -2.7
v 12.2 1.1 -2.7
v 12.5 1.1 -2.7
v 12.8 1.1 -2.7
v 4.1 1.1 -2.8
v 4.6 1.1 -2.8
v 6.7 1.1 -2.8
v 6.8 1.1 -2.8
v 9.5 1.1 -2.8
v 9.7 1.1 -2.8
v 10.7 1.1 -2.8
v 11 1.1 -2.8
v 12.2 1.1 -2.8
v 12.5 1.1 -2.8
v 4.6 1.1 -2.9
v 4.8 1.1 -2.9
v 6.7 1.1 -2.9
v 6.8 1.1 -2.9
v 8.5 1.1 -2.9
v 8.6 1.1 -2.9
v 9.7 1.1 -2.9
v 10.7 1.1 -2.9
v 4.8 1.1 -3
v 5.1 1.1 -3
v 8.5 1.1 -3
v 8.6 1.1 -3
v 10.5 1.1 -3
v 10.6 1.1 -3
v 5.1 1.1 -3.1
v 5.3 1.1 -3.1
v 10.5 1.1 -3.1
v 10.6 1.1 -3.1
v 5.3 1.1 -3.2
v 5.6 1.1 -3.2
v 9.8 1.1 -3.2
v 9.9 1.1 -3.2
v 5.6 1.1 -3.3
v 5.8 1.1 -3.3
v 9.8 1.1 -3.3
v 9.9 1.1 -3.3
v 5.8 1.1 -3.4
v 6.1 1.1 -3.4
v 6.1 1.1 -3.5
v 6.5 1.1 -3.5
v 12.5 1.1 -3.5
v 12.6 1.1 -3.5
v 6.5 1.1 -3.6
v 6.8 1.1 -3.6
v 12.5 1.1 -3.6
v 12.6 1.1 -3.6
v 6.8 1.1 -3.7
v 7 1.1 -3.7
v 12 1.1 -3.7
v 12.1 1.1 -3.7
v 7 1.1 -3.8
v 7.3 1.1 -3.8
v 12 1.1 -3.8
v 12.1 1.1 -3.8
v 7.3 1.1 -3.9
v 7.6 1.1 -3.9
v 9.6 1.1 -3.9
v 9.7 1.1 -3.9
v 11.5 1.1 -3.9
v 11.6 1.1 -3.9
v 7.6 1.1 -4
v 7.9 1.1 -4
v 9.6 1.1 -4
v 9.7 1.1 -4
v 11.5 1.1 -4
v 11.6 1.1 -4
v 7.9 1.1 -4.1
v 8.3 1.1 -4.1
v 8.3 1.1 -4.2
v 8.6 1.1 -4.2
v 8.6 1.1 -4.3
v 8.7 1.1 -4.3
v 8.7 1.1 -4.4
v 8.8 1.1 -4.4
v 8.8 1.1 -4.5
v 8.9 1.1 -4.5
v 8.9 1.1 -4.6
v 9 1.1 -4.6
v 11.7 1.1 -4.6
v 11.8 1.1 -4.6
v 9 1.1 -4.7
v 9.1 1.1 -4.7
v 11.7 1.1 -4.7
v 11.8 1.1 -4.7
v 9.1 1.1 -4.8
v 9.3 1.1 -4.8
v 10.2 1.1 -4.8
v 10.3 1.1 -4.8
v 9.3 1.1 -4.9
v 9.4 1.1 -4.9
v 10.2 1.1 -4.9
v 10.3 1.1 -4.9
v 9.4 1.1 -5
v 9.6 1.1 -5
v 11.9 1.1 -5
v 12 1.1 -5
v 9.6 1.1 -5.1
v 9.7 1.1 -5.1
v 11.9 1.1 -5.1
v 12 1.1 -5.1
v 9.7 1.1 -5.2
v 9.8 1.1 -5.2
v 9.8 1.1 -5.3
v 9.9 1.1 -5.3
v 9.9 1.1 -5.4
v 10.2 1.1 -5.4
v 10.2 1.1 -5.5
v 11.2 1.1 -5.5
v 11.6 1.1 -5.5
v 11.7 1.1 -5.5
v 11.2 1.1 -5.6
v 11.6 1.1 -5.6
v 11.7 1.1 -5.6
v 11.8 1.1 -5.6
v 11.8 1.1 -5.7
v 12.8 1.1 -5.7
v -12.8 1.2 9.7
v -12.6 1.2 9.7
v -12.6 1.2 9.6
v -12.4 1.2 9.6
v -12.4 1.2 9.5
v -12.3 1.2 9.5
v -12.3 1.2 9.4
v -12.1 1.2 9.4
v -12.1 1.2 9.3
v -12 1.2 9.3
v -12 1.2 9.2
v -11.8 1.2 9.2
v -11.8 1.2 9.1
v -11.7 1.2 9.1
v -11.7 1.2 9
v -11.5 1.2 9
v -11.5 1.2 8.9
v -11.4 1.2 8.9
v -11.4 1.2 8.8
v -11.2 1.2 8.8
v -11.6 1.2 8.7
v -11.5 1.2 8.7
v -11.2 1.2 8.7
v -11.1 1.2 8.7
v -11.6 1.2 8.6
v -11.5 1.2 8.6
v -11.1 1.2 8.6
v -10.9 1.2 8.6
v -10.9 1.2 8.5
v -10.8 1.2 8.5
v -10.8 1.2 8.4
v -10.7 1.2 8.4
v -10.7 1.2 8.3
v -10.6 1.2 8.3
v -10.6 1.2 8.2
v -10.4 1.2 8.2
v -10.4 1.2 8.1
v -10.2 1.2 8.1
v -10.2 1.2 8
v -10.1 1.2 8
v -12.4 1.2 7.9
v -12.3 1.2 7.9
v -10.1 1.2 7.9
v -9.9 1.2 7.9
v -12.4 1.2 7.8
v -12.3 1.2 7.8
v -11.3 1.2 7.8
v -11.2 1.2 7.8
v -9.9 1.2 7.8
v -9.7 1.2 7.8
v -11.3 1.2 7.7
v -11.2 1.2 7.7
v -9.7 1.2 7.7
v -9.5 1.2 7.7
v -9.5 1.2 7.6
v -9.3 1.2 7.6
v -9.3 1.2 7.5
v -9.2 1.2 7.5
v -9.1 1.2 7.5
v -9.1 1.2 7.4
v -9 1.2 7.4
v -8.9 1.2 7.4
v -8.9 1.2 7.3
v -8.7 1.2 7.3
v -11.5 1.2 7.2
v -11.4 1.2 7.2
v -8.7 1.2 7.2
v -8.5 1.2 7.2
v -11.9 1.2 7.1
v -11.8 1.2 7.1
v -11.5 1.2 7.1
v -11.4 1.2 7.1
v -8.5 1.2 7.1
v -8.4 1.2 7.1
v -11.9 1.2 7
v -11.8 1.2 7
v -11.5 1.2 7
v -11.4 1.2 7
v -8.4 1.2 7
v -8.2 1.2 7
v -12.4 1.2 6.9
v -12.3 1.2 6.9
v -11.5 1.2 6.9
v -11.4 1.2 6.9
v -8.2 1.2 6.9
v -8.1 1.2 6.9
v -12.4 1.2 6.8
v -12.3 1.2 6.8
v -8.1 1.2 6.7
v -7.9 1.2 6.7
v -9.9 1.2 6.6
v -9.8 1.2 6.6
v -7.9 1.2 6.6
v -7.8 1.2 6.6
v -9.9 1.2 6.5
v -9.8 1.2 6.5
v -7.8 1.2 6.5
v -7.7 1.2 6.5
v -12.8 1.2 6.4
v -12.3 1.2 6.4
v -11.6 1.2 6.4
v -11.5 1.2 6.4
v -7.7 1.2 6.4
v -7.5 1.2 6.4
v -12.3 1.2 6.3
v -11.7 1.2 6.3
v -11.6 1.2 6.3
v -11.5 1.2 6.3
v -8.4 1.2 6.3
v -8.3 1.2 6.3
v -7.5 1.2 6.3
v -7.3 1.2 6.3
v -11.7 1.2 6.2
v -10.7 1.2 6.2
v -8.4 1.2 6.2
v -8.3 1.2 6.2
v -7.3 1.2 6.2
v -7.1 1.2 6.2
v -10.7 1.2 6.1
v -10 1.2 6.1
v -7.1 1.2 6.1
v -7 1.2 6.1
v -10 1.2 6
v -9.7 1.2 6
v -9 1.2 6
v -8.9 1.2 6
v -7 1.2 6
v -6.7 1.2 6
v -9.7 1.2 5.9
v -9.5 1.2 5.9
v -9 1.2 5.9
v -8.9 1.2 5.9
v -6.7 1.2 5.9
v -6.5 1.2 5.9
v -9.5 1.2 5.8
v -8.9 1.2 5.8
v -6.5 1.2 5.8
v -6.3 1.2 5.8
v -8.9 1.2 5.7
v -8.5 1.2 5.7
v -6.3 1.2 5.7
v -5.9 1.2 5.7
v -8.5 1.2 5.6
v -8.2 1.2 5.6
v -5.9 1.2 5.6
v -5.5 1.2 5.6
v -8.2 1.2 5.5
v -7.9 1.2 5.5
v -5.5 1.2 5.5
v -5.1 1.2 5.5
v -7.9 1.2 5.4
v -7.6 1.2 5.4
v -5.1 1.2 5.4
v -4.8 1.2 5.4
v -7.6 1.2 5.3
v -7.4 1.2 5.3
v -4.8 1.2 5.3
v -4.5 1.2 5.3
v -7.4 1.2 5.2
v -7.2 1.2 5.2
v -4.5 1.2 5.2
v -4.2 1.2 5.2
v -7.2 1.2 5.1
v -7 1.2 5.1
v -6.6 1.2 5.1
v -6.5 1.2 5.1
v -4.2 1.2 5.1
v -3.9 1.2 5.1
v -7 1.2 5
v -6.8 1.2 5
v -6.6 1.2 5
v -6.5 1.2 5
v -6.4 1.2 5
v -3.9 1.2 5
v -3.5 1.2 5
v -6.8 1.2 4.9
v -6.6 1.2 4.9
v -6.5 1.2 4.9
v -6.4 1.2 4.9
v -3.5 1.2 4.9
v -3.2 1.2 4.9
v -6.6 1.2 4.8
v -6.4 1.2 4.8
v -3.2 1.2 4.8
v -2.8 1.2 4.8
v -6.4 1.2 4.7
v -6.3 1.2 4.7
v -2.8 1.2 4.7
v -2.3 1.2 4.7
v -6.3 1.2 4.6
v -6.1 1.2 4.6
v -2.3 1.2 4.6
v -1.8 1.2 4.6
v -6.1 1.2 4.5
v -6 1.2 4.5
v -1.8 1.2 4.5
v -1.4 1.2 4.5
v -6 1.2 4.4
v -5.9 1.2 4.4
v -1.4 1.2 4.4
v -1.1 1.2 4.4
v -5.9 1.2 4.3
v -5.8 1.2 4.3
v -4.4 1.2 4.3
v -4.3 1.2 4.3
v -1.1 1.2 4.3
v -0.900001 1.2 4.3
v -5.8 1.2 4.2
v -5.6 1.2 4.2
v -4.4 1.2 4.2
v -4.3 1.2 4.2
v -3.3 1.2 4.2
v -3.2 1.2 4.2
v -0.900001 1.2 4.2
v -0.6 1.2 4.2
v -5.6 1.2 4.1
v -5.4 1.2 4.1
v -4.8 1.2 4.1
v -4.7 1.2 4.1
v -3.3 1.2 4.1
v -3.2 1.2 4.1
v -0.6 1.2 4.1
v -0.400001 1.2 4.1
v -4.8 1.2 4
v -4.7 1.2 4
v -4.6 1.2 4
v -4.5 1.2 4
v -0.400001 1.2 4
v 0 1.2 4
v -5.4 1.2 3.9
v -5.1 1.2 3.9
v -4.6 1.2 3.9
v -4.5 1.2 3.9
v -1.7 1.2 3.9
v -1.6 1.2 3.9
v 0 1.2 3.9
v 0.2 1.2 3.9
v -5.1 1.2 3.8
v -4.7 1.2 3.8
v -1.7 1.2 3.8
v -1.6 1.2 3.8
v 0.2 1.2 3.8
v 0.799999 1.2 3.8
v -4.7 1.2 3.7
v -4.4 1.2 3.7
v 0.799999 1.2 3.7
v 1 1.2 3.7
v -4.4 1.2 3.6
v -4.2 1.2 3.6
v 1 1.2 3.6
v 1.5 1.2 3.6
v -4.2 1.2 3.5
v -4 1.2 3.5
v 1.5 1.2 3.5
v 1.7 1.2 3.5
v 1.8 1.2 3.5
v 1.9 1.2 3.5
v -4 1.2 3.4
v -3.8 1.2 3.4
v 1.7 1.2 3.4
v 1.8 1.2 3.4
v 1.9 1.2 3.4
v 2.2 1.2 3.4
v -3.8 1.2 3.3
v -3.6 1.2 3.3
v 2.2 1.2 3.3
v 2.4 1.2 3.3
v -3.6 1.2 3.2
v -3.4 1.2 3.2
v 2.4 1.2 3.2
v 2.6 1.2 3.2
v -3.4 1.2 3.1
v -3.1 1.2 3.1
v -2.2 1.2 3.1
v -2 1.2 3.1
v -1.3 1.2 3.1
v -1.2 1.2 3.1
v 2.6 1.2 3.1
v 2.8 1.2 3.1
v -3.1 1.2 3
v -2.7 1.2 3
v -2.2 1.2 3
v -2 1.2 3
v -1.3 1.2 3
v -1.2 1.2 3
v 0.599999 1.2 3
v 0.7 1.2 3
v 2.8 1.2 3
v 3 1.2 3
v -2.7 1.2 2.9
v -2.3 1.2 2.9
v 0.599999 1.2 2.9
v 0.7 1.2 2.9
v 3 1.2 2.9
v 3.1 1.2 2.9
v -2.3 1.2 2.8
v -2 1.2 2.8
v 0.2 1.2 2.8
v 0.299999 1.2 2.8
v 3.1 1.2 2.8
v 3.3 1.2 2.8
v -2 1.2 2.7
v -1.8 1.2 2.7
v 3.3 1.2 2.7
v 3.4 1.2 2.7
v -1.8 1.2 2.6
v -1.6 1.2 2.6
v 0.2 1.2 2.6
v 0.299999 1.2 2.6
v 3.4 1.2 2.6
v 3.5 1.2 2.6
v -1.6 1.2 2.5
v -1.3 1.2 2.5
v 3.5 1.2 2.5
v 3.6 1.2 2.5
v -1.3 1.2 2.4
v -1.2 1.2 2.4
v 3.6 1.2 2.4
v 3.8 1.2 2.4
v -1.2 1.2 2.3
v -1 1.2 2.3
v 1.6 1.2 2.3
v 1.7 1.2 2.3
v 3.8 1.2 2.3
v 4.1 1.2 2.3
v -1 1.2 2.2
v -0.8 1.2 2.2
v 1.6 1.2 2.2
v 1.7 1.2 2.2
v 2.7 1.2 2.2
v 2.8 1.2 2.2
v 4.1 1.2 2.2
v 4.4 1.2 2.2
v -0.8 1.2 2.1
v -0.6 1.2 2.1
v 2.7 1.2 2.1
v 2.8 1.2 2.1
v 4.4 1.2 2.1
v 4.8 1.2 2.1
v -0.6 1.2 2
v -0.400001 1.2 2
v 4.8 1.2 2
v 5.3 1.2 2
v -0.400001 1.2 1.9
v -0.1 1.2 1.9
v 5.3 1.2 1.9
v 5.7 1.2 1.9
v -0.1 1.2 1.8
v 0.2 1.2 1.8
v 5.7 1.2 1.8
v 6.1 1.2 1.8
v 0.2 1.2 1.7
v 0.4 1.2 1.7
v 2.9 1.2 1.7
v 3 1.2 1.7
v 6.1 1.2 1.7
v 6.5 1.2 1.7
v 0.4 1.2 1.6
v 0.599999 1.2 1.6
v 2.9 1.2 1.6
v 3 1.2 1.6
v 6.5 1.2 1.6
v 7.1 1.2 1.6
v 0.599999 1.2 1.5
v 0.9 1.2 1.5
v 7.1 1.2 1.5
v 7.4 1.2 1.5
v 0.9 1.2 1.4
v 1.1 1.2 1.4
v 7.4 1.2 1.4
v 7.7 1.2 1.4
v 7.8 1.2 1.4
v 8.5 1.2 1.4
v 1.1 1.2 1.3
v 1.4 1.2 1.3
v 1.9 1.2 1.3
v 2 1.2 1.3
v 5.1 1.2 1.3
v 5.2 1.2 1.3
v 7.7 1.2 1.3
v 7.8 1.2 1.3
v 8.5 1.2 1.3
v 8.8 1.2 1.3
v 1.4 1.2 1.2
v 1.7 1.2 1.2
v 1.9 1.2 1.2
v 2 1.2 1.2
v 5.1 1.2 1.2
v 5.2 1.2 1.2
v 8.8 1.2 1.2
v 8.9 1.2 1.2
v 1.7 1.2 1.1
v 1.9 1.2 1.1
v 8.9 1.2 1.1
v 9 1.2 1.1
v 1.9 1.2 1
v 2.2 1.2 1
v 9 1.2 1
v 9.4 1.2 1
v 2.2 1.2 0.900001
v 2.4 1.2 0.900001
v 3.3 1.2 0.900001
v 3.4 1.2 0.900001
v 9.4 1.2 0.900001
v 9.5 1.2 0.900001
v 9.7 1.2 0.900001
v 2.4 1.2 0.8
v 2.6 1.2 0.8
v 3.3 1.2 0.8
v 3.4 1.2 0.8
v 9.4 1.2 0.8
v 9.5 1.2 0.8
v 9.7 1.2 0.8
v 10 1.2 0.8
v 2.6 1.2 0.700001
v 2.8 1.2 0.700001
v 6.3 1.2 0.700001
v 6.4 1.2 0.700001
v 10 1.2 0.700001
v 10.6 1.2 0.700001
v 2.8 1.2 0.6
v 3 1.2 0.6
v 6.3 1.2 0.6
v 6.4 1.2 0.6
v 10.6 1.2 0.6
v 10.8 1.2 0.6
v 3 1.2 0.5
v 3.3 1.2 0.5
v 10.8 1.2 0.5
v 11.1 1.2 0.5
v 3.3 1.2 0.400001
v 3.4 1.2 0.400001
v 4.6 1.2 0.400001
v 4.7 1.2 0.400001
v 11.1 1.2 0.400001
v 11.3 1.2 0.400001
v 3.4 1.2 0.3
v 3.5 1.2 0.3
v 4.6 1.2 0.3
v 4.7 1.2 0.3
v 8.1 1.2 0.3
v 8.2 1.2 0.3
v 8.1 1.2 0.200001
v 8.2 1.2 0.200001
v 11.3 1.2 0.200001
v 11.4 1.2 0.200001
v 3.5 1.2 0.1
v 3.6 1.2 0.1
v 5.8 1.2 0.1
v 5.9 1.2 0.1
v 10.3 1.2 0.1
v 10.4 1.2 0.1
v 11.4 1.2 0.1
v 11.5 1.2 0.1
v 3.6 1.2 0
v 3.8 1.2 0
v 5.8 1.2 0
v 5.9 1.2 0
v 8.2 1.2 0
v 8.3 1.2 0
v 10.3 1.2 0
v 10.4 1.2 0
v 11.5 1.2 0
v 11.7 1.2 0
v 3.8 1.2 -0.0999994
v 4 1.2 -0.0999994
v 8.2 1.2 -0.0999994
v 8.3 1.2 -0.0999994
v 8.5 1.2 -0.0999994
v 8.6 1.2 -0.0999994
v 11.7 1.2 -0.0999994
v 11.9 1.2 -0.0999994
v 4 1.2 -0.2
v 4.1 1.2 -0.2
v 6.7 1.2 -0.2
v 6.8 1.2 -0.2
v 8.5 1.2 -0.2
v 8.6 1.2 -0.2
v 11.9 1.2 -0.2
v 12.3 1.2 -0.2
v 4.1 1.2 -0.299999
v 4.3 1.2 -0.299999
v 6.7 1.2 -0.299999
v 6.8 1.2 -0.299999
v 12.3 1.2 -0.299999
v 12.8 1.2 -0.299999
v 4.3 1.2 -0.4
v 4.4 1.2 -0.4
v 4.4 1.2 -0.5
v 4.6 1.2 -0.5
v 9.7 1.2 -0.5
v 9.8 1.2 -0.5
v 4.6 1.2 -0.599999
v 4.7 1.2 -0.599999
v 6.8 1.2 -0.599999
v 6.9 1.2 -0.599999
v 9.7 1.2 -0.599999
v 9.8 1.2 -0.599999
v 4.7 1.2 -0.7
v 5.5 1.2 -0.7
v 6.8 1.2 -0.7
v 6.9 1.2 -0.7
v 11.8 1.2 -0.7
v 11.9 1.2 -0.7
v 5.5 1.2 -0.799999
v 6.2 1.2 -0.799999
v 11.8 1.2 -0.799999
v 11.9 1.2 -0.799999
v 6.2 1.2 -0.9
v 6.7 1.2 -0.9
v 6.7 1.2 -1
v 7.2 1.2 -1
v 9.1 1.2 -1
v 9.2 1.2 -1
v 7.2 1.2 -1.1
v 7.4 1.2 -1.1
v 9.1 1.2 -1.1
v 9.2 1.2 -1.1
v 7.4 1.2 -1.2
v 7.6 1.2 -1.2
v 10 1.2 -1.2
v 10.1 1.2 -1.2
v 11.4 1.2 -1.2
v 11.5 1.2 -1.2
v 7.6 1.2 -1.3
v 8 1.2 -1.3
v 10 1.2 -1.3
v 10.1 1.2 -1.3
v 11.4 1.2 -1.3
v 11.5 1.2 -1.3
v 8 1.2 -1.4
v 8.1 1.2 -1.4
v 11.1 1.2 -1.4
v 11.2 1.2 -1.4
v 8.1 1.2 -1.5
v 8.3 1.2 -1.5
v 11.1 1.2 -1.5
v 11.2 1.2 -1.5
v 8.3 1.2 -1.6
v 8.4 1.2 -1.6
v 8.7 1.2 -1.6
v 8.8 1.2 -1.6
v 8.4 1.2 -1.7
v 8.5 1.2 -1.7
v 8.7 1.2 -1.7
v 8.8 1.2 -1.7
v 8.5 1.2 -1.8
v 8.6 1.2 -1.8
v 8.6 1.2 -1.9
v 8.7 1.2 -1.9
v 8.7 1.2 -2
v 8.8 1.2 -2
v 9.3 1.2 -2.1
v 9.4 1.2 -2.1
v 8.8 1.2 -2.2
v 8.9 1.2 -2.2
v 9.3 1.2 -2.2
v 9.4 1.2 -2.2
v 9.7 1.2 -2.2
v 9.8 1.2 -2.2
v 8.9 1.2 -2.3
v 9.1 1.2 -2.3
v 9.7 1.2 -2.3
v 9.8 1.2 -2.3
v 9.1 1.2 -2.4
v 9.2 1.2 -2.4
v 9.2 1.2 -2.5
v 9.3 1.2 -2.5
v 9.3 1.2 -2.6
v 9.4 1.2 -2.6
v 10.7 1.2 -2.6
v 10.8 1.2 -2.6
v 9.4 1.2 -2.7
v 9.5 1.2 -2.7
v 10.7 1.2 -2.7
v 10.8 1.2 -2.7
v 11 1.2 -2.7
v 12.2 1.2 -2.7
v 12.5 1.2 -2.7
v 12.8 1.2 -2.7
v 9.5 1.2 -2.8
v 9.7 1.2 -2.8
v 10.7 1.2 -2.8
v 11 1.2 -2.8
v 12.2 1.2 -2.8
v 12.5 1.2 -2.8
v 9.7 1.2 -2.9
v 10.7 1.2 -2.9
v -12.8 1.3 12.8
v -7.6 1.3 12.8
v -11.3 1.3 12.7
v -11.2 1.3 12.7
v -11.3 1.3 12.6
v -11.2 1.3 12.6
v -8.7 1.3 12.6
v -8.6 1.3 12.6
v -8.7 1.3 12.5
v -8.6 1.3 12.5
v -10.6 1.3 12.4
v -10.5 1.3 12.4
v -7.7 1.3 12.4
v -7.6 1.3 12.4
v -10.6 1.3 12.3
v -10.5 1.3 12.3
v -10.6 1.3 12.2
v -10.5 1.3 12.2
v -8.9 1.3 12
v -8.8 1.3 12
v -7.8 1.3 12
v -7.7 1.3 12
v -8.9 1.3 11.9
v -8.8 1.3 11.9
v -10.5 1.3 11.8
v -10.4 1.3 11.8
v -10.5 1.3 11.7
v -10.4 1.3 11.7
v -8.2 1.3 11.7
v -8.1 1.3 11.7
v -8.2 1.3 11.6
v -8.1 1.3 11.6
v -10.9 1.3 11.5
v -10.8 1.3 11.5
v -12.1 1.3 11.4
v -12 1.3 11.4
v -10.9 1.3 11.4
v -10.8 1.3 11.4
v -7.8 1.3 11.4
v -7.7 1.3 11.4
v -12.1 1.3 11.3
v -12 1.3 11.3
v -7.7 1.3 11.3
v -7.7 1.3 11.2
v -9.8 1.3 11.1
v -9.7 1.3 11.1
v -7.7 1.3 11.1
v -7.6 1.3 11.1
v -9.8 1.3 11
v -9.7 1.3 11
v -8.6 1.3 11
v -8.5 1.3 11
v -8.6 1.3 10.9
v -8.5 1.3 10.9
v -7.6 1.3 10.9
v -7.5 1.3 10.9
v -11.8 1.3 10.8
v -11.7 1.3 10.8
v -8.5 1.3 10.8
v -8.4 1.3 10.8
v -7.5 1.3 10.8
v -7.4 1.3 10.8
v -11.8 1.3 10.7
v -11.7 1.3 10.7
v -10.5 1.3 10.7
v -10.4 1.3 10.7
v -8.5 1.3 10.7
v -8.4 1.3 10.7
v -7.4 1.3 10.7
v -7.3 1.3 10.7
v -10.5 1.3 10.6
v -10.4 1.3 10.6
v -7.3 1.3 10.6
v -7.2 1.3 10.6
v -7.2 1.3 10.5
v -7.1 1.3 10.5
v -7.1 1.3 10.4
v -7 1.3 10.4
v -7 1.3 10.3
v -6.8 1.3 10.3
v -11 1.3 10.2
v -10.9 1.3 10.2
v -6.8 1.3 10.2
v -6.7 1.3 10.2
v -12.6 1.3 10.1
v -12.5 1.3 10.1
v -11 1.3 10.1
v -10.9 1.3 10.1
v -6.7 1.3 10.1
v -6.6 1.3 10.1
v -12.6 1.3 10
v -12.5 1.3 10
v -10.8 1.3 10
v -10.7 1.3 10
v -9.3 1.3 10
v -9.2 1.3 10
v -6.6 1.3 10
v -6.5 1.3 10
v -10.8 1.3 9.9
v -10.7 1.3 9.9
v -9.3 1.3 9.9
v -9.2 1.3 9.9
v -8.6 1.3 9.9
v -8.5 1.3 9.9
v -6.5 1.3 9.9
v -6.4 1.3 9.9
v -8.6 1.3 9.8
v -8.5 1.3 9.8
v -7.4 1.3 9.8
v -7.3 1.3 9.8
v -7.2 1.3 9.8
v -6.4 1.3 9.8
v -6.2 1.3 9.8
v -12.8 1.3 9.7
v -12.6 1.3 9.7
v -7.4 1.3 9.7
v -7.3 1.3 9.7
v -7.2 1.3 9.7
v -6.2 1.3 9.7
v -6.1 1.3 9.7
v -12.6 1.3 9.6
v -12.4 1.3 9.6
v -6.1 1.3 9.6
v -5.9 1.3 9.6
v -12.4 1.3 9.5
v -12.3 1.3 9.5
v -5.9 1.3 9.5
v -5.7 1.3 9.5
v -12.3 1.3 9.4
v -12.1 1.3 9.4
v -10.9 1.3 9.4
v -10.8 1.3 9.4
v -5.7 1.3 9.4
v -5.6 1.3 9.4
v -12.1 1.3 9.3
v -12 1.3 9.3
v -8.7 1.3 9.3
v -8.6 1.3 9.3
v -7.8 1.3 9.3
v -7.7 1.3 9.3
v -5.6 1.3 9.3
v -5.4 1.3 9.3
v -12 1.3 9.2
v -11.8 1.3 9.2
v -10.9 1.3 9.2
v -10.8 1.3 9.2
v -8.7 1.3 9.2
v -8.6 1.3 9.2
v -7.8 1.3 9.2
v -7.7 1.3 9.2
v -5.4 1.3 9.2
v -5.2 1.3 9.2
v -11.8 1.3 9.1
v -11.7 1.3 9.1
v -10.1 1.3 9.1
v -10 1.3 9.1
v -6.4 1.3 9.1
v -6.3 1.3 9.1
v -5.2 1.3 9.1
v -5.1 1.3 9.1
v -11.7 1.3 9
v -11.5 1.3 9
v -10.1 1.3 9
v -10 1.3 9
v -6.4 1.3 9
v -6.3 1.3 9
v -5.1 1.3 9
v -5 1.3 9
v -11.5 1.3 8.9
v -11.4 1.3 8.9
v -5 1.3 8.9
v -4.8 1.3 8.9
v -11.4 1.3 8.8
v -11.2 1.3 8.8
v -4.8 1.3 8.8
v -4.6 1.3 8.8
v -11.2 1.3 8.7
v -11.1 1.3 8.7
v -4.6 1.3 8.7
v -4.4 1.3 8.7
v -11.1 1.3 8.6
v -10.9 1.3 8.6
v -7.3 1.3 8.6
v -7.2 1.3 8.6
v -4.4 1.3 8.6
v -4.2 1.3 8.6
v -10.9 1.3 8.5
v -10.8 1.3 8.5
v -7.3 1.3 8.5
v -7.2 1.3 8.5
v -4.2 1.3 8.5
v -4 1.3 8.5
v -10.8 1.3 8.4
v -10.7 1.3 8.4
v -4 1.3 8.4
v -3.9 1.3 8.4
v -3.7 1.3 8.4
v -10.7 1.3 8.3
v -10.6 1.3 8.3
v -9.7 1.3 8.3
v -9.6 1.3 8.3
v -3.7 1.3 8.3
v -3.5 1.3 8.3
v 12.7 1.3 8.3
v 12.8 1.3 8.3
v -10.6 1.3 8.2
v -10.4 1.3 8.2
v -9.7 1.3 8.2
v -9.6 1.3 8.2
v -6.6 1.3 8.2
v -6.5 1.3 8.2
v -3.5 1.3 8.2
v -3.3 1.3 8.2
v -10.4 1.3 8.1
v -10.2 1.3 8.1
v -6.6 1.3 8.1
v -6.5 1.3 8.1
v -5.5 1.3 8.1
v -5.4 1.3 8.1
v -3.6 1.3 8.1
v -3.5 1.3 8.1
v -3.3 1.3 8.1
v -3.1 1.3 8.1
v -10.2 1.3 8
v -10.1 1.3 8
v -8.6 1.3 8
v -8.5 1.3 8
v -5.5 1.3 8
v -5.4 1.3 8
v -3.6 1.3 8
v -3.5 1.3 8
v -3.1 1.3 8
v -2.9 1.3 8
v -10.1 1.3 7.9
v -9.9 1.3 7.9
v -8.6 1.3 7.9
v -8.5 1.3 7.9
v -6.8 1.3 7.9
v -6.7 1.3 7.9
v -3.5 1.3 7.9
v -3.4 1.3 7.9
v -2.9 1.3 7.9
v -2.7 1.3 7.9
v 12.6 1.3 7.9
v 12.7 1.3 7.9
v -9.9 1.3 7.8
v -9.7 1.3 7.8
v -6.8 1.3 7.8
v -6.7 1.3 7.8
v -3.5 1.3 7.8
v -3.4 1.3 7.8
v -2.7 1.3 7.8
v -2.5 1.3 7.8
v -9.7 1.3 7.7
v -9.5 1.3 7.7
v -2.5 1.3 7.7
v -2.3 1.3 7.7
v -9.5 1.3 7.6
v -9.3 1.3 7.6
v -9.2 1.3 7.6
v -9.1 1.3 7.6
v -2.3 1.3 7.6
v -2.1 1.3 7.6
v -9.3 1.3 7.5
v -9.2 1.3 7.5
v -9.1 1.3 7.5
v -9 1.3 7.5
v -8.9 1.3 7.5
v -2.1 1.3 7.5
v -1.9 1.3 7.5
v 12.5 1.3 7.5
v 12.6 1.3 7.5
v -9.1 1.3 7.4
v -9 1.3 7.4
v -8.9 1.3 7.4
v -1.9 1.3 7.4
v -1.7 1.3 7.4
v -8.9 1.3 7.3
v -8.7 1.3 7.3
v -1.7 1.3 7.3
v -1.5 1.3 7.3
v -8.7 1.3 7.2
v -8.5 1.3 7.2
v -1.5 1.3 7.2
v -1.3 1.3 7.2
v -8.5 1.3 7.1
v -8.4 1.3 7.1
v -1.3 1.3 7.1
v -1.2 1.3 7.1
v 12.4 1.3 7.1
v 12.5 1.3 7.1
v -8.4 1.3 7
v -8.2 1.3 7
v -3.7 1.3 7
v -3.6 1.3 7
v -1.2 1.3 7
v -1 1.3 7
v -8.2 1.3 6.9
v -8.1 1.3 6.9
v -3.7 1.3 6.9
v -3.6 1.3 6.9
v -1 1.3 6.9
v -0.8 1.3 6.9
v -0.8 1.3 6.8
v -0.6 1.3 6.8
v 12.3 1.3 6.8
v 12.4 1.3 6.8
v -8.1 1.3 6.7
v -7.9 1.3 6.7
v -6.9 1.3 6.7
v -6.8 1.3 6.7
v -0.6 1.3 6.7
v -0.400001 1.3 6.7
v 12.2 1.3 6.7
v 12.3 1.3 6.7
v -7.9 1.3 6.6
v -7.8 1.3 6.6
v -6.9 1.3 6.6
v -6.8 1.3 6.6
v -0.400001 1.3 6.6
v -0.1 1.3 6.6
v -7.8 1.3 6.5
v -7.7 1.3 6.5
v -7.5 1.3 6.5
v -7.4 1.3 6.5
v -6.1 1.3 6.5
v -6 1.3 6.5
v 12.1 1.3 6.5
v 12.2 1.3 6.5
v -7.7 1.3 6.4
v -7.5 1.3 6.4
v -7.4 1.3 6.4
v -6.1 1.3 6.4
v -6 1.3 6.4
v -3.9 1.3 6.4
v -3.8 1.3 6.4
v -2.4 1.3 6.4
v -2.3 1.3 6.4
v -0.1 1.3 6.4
v 0 1.3 6.4
v -7.5 1.3 6.3
v -7.3 1.3 6.3
v -4 1.3 6.3
v -3.9 1.3 6.3
v -3.8 1.3 6.3
v -2.4 1.3 6.3
v -2.3 1.3 6.3
v 0 1.3 6.3
v 0.2 1.3 6.3
v 12 1.3 6.3
v 12.1 1.3 6.3
v -7.3 1.3 6.2
v -7.1 1.3 6.2
v -4 1.3 6.2
v -3.9 1.3 6.2
v 0.2 1.3 6.2
v 0.4 1.3 6.2
v -7.1 1.3 6.1
v -7 1.3 6.1
v 0.4 1.3 6.1
v 0.599999 1.3 6.1
v 11.9 1.3 6.1
v 12 1.3 6.1
v -7 1.3 6
v -6.7 1.3 6
v -2.1 1.3 6
v -2 1.3 6
v 0.599999 1.3 6
v 0.799999 1.3 6
v -6.7 1.3 5.9
v -6.5 1.3 5.9
v -4.8 1.3 5.9
v -4.7 1.3 5.9
v -4.4 1.3 5.9
v -4.3 1.3 5.9
v -2.1 1.3 5.9
v -2 1.3 5.9
v -1.6 1.3 5.9
v -1.5 1.3 5.9
v 0.799999 1.3 5.9
v 1 1.3 5.9
v 11.8 1.3 5.9
v 11.9 1.3 5.9
v -6.5 1.3 5.8
v -6.3 1.3 5.8
v -4.8 1.3 5.8
v -4.7 1.3 5.8
v -4.4 1.3 5.8
v -4.3 1.3 5.8
v -1.6 1.3 5.8
v -1.5 1.3 5.8
v 1 1.3 5.8
v 1.3 1.3 5.8
v -6.3 1.3 5.7
v -5.9 1.3 5.7
v 1.3 1.3 5.7
v 1.6 1.3 5.7
v 11.7 1.3 5.7
v 11.8 1.3 5.7
v -5.9 1.3 5.6
v -5.5 1.3 5.6
v -1.8 1.3 5.6
v -1.7 1.3 5.6
v 1.6 1.3 5.6
v 1.9 1.3 5.6
v 11.6 1.3 5.6
v 11.7 1.3 5.6
v -5.5 1.3 5.5
v -5.1 1.3 5.5
v -1.8 1.3 5.5
v -1.7 1.3 5.5
v -0.200001 1.3 5.5
v -0.1 1.3 5.5
v 1.9 1.3 5.5
v 2.2 1.3 5.5
v -5.1 1.3 5.4
v -4.8 1.3 5.4
v -0.200001 1.3 5.4
v -0.1 1.3 5.4
v 2.2 1.3 5.4
v 2.5 1.3 5.4
v 11.5 1.3 5.4
v 11.6 1.3 5.4
v -4.8 1.3 5.3
v -4.5 1.3 5.3
v 2.5 1.3 5.3
v 2.7 1.3 5.3
v 11.4 1.3 5.3
v 11.5 1.3 5.3
v -4.5 1.3 5.2
v -4.2 1.3 5.2
v 2.7 1.3 5.2
v 2.9 1.3 5.2
v 11.3 1.3 5.2
v 11.4 1.3 5.2
v -4.2 1.3 5.1
v -3.9 1.3 5.1
v 2.9 1.3 5.1
v 3 1.3 5.1
v 11.1 1.3 5.1
v 11.3 1.3 5.1
v 11.4 1.3 5.1
v 12 1.3 5.1
v 12.1 1.3 5.1
v -3.9 1.3 5
v -3.5 1.3 5
v 3 1.3 5
v 3.2 1.3 5
v 11 1.3 5
v 11.1 1.3 5
v 11.3 1.3 5
v 11.4 1.3 5
v 12 1.3 5
v 12.1 1.3 5
v -3.5 1.3 4.9
v -3.2 1.3 4.9
v -2.4 1.3 4.9
v -2.3 1.3 4.9
v -1.7 1.3 4.9
v -1.6 1.3 4.9
v -0.3 1.3 4.9
v -0.200001 1.3 4.9
v -0.1 1.3 4.9
v 3.2 1.3 4.9
v 3.3 1.3 4.9
v -3.2 1.3 4.8
v -2.8 1.3 4.8
v -2.4 1.3 4.8
v -2.3 1.3 4.8
v -1.7 1.3 4.8
v -1.6 1.3 4.8
v -0.3 1.3 4.8
v -0.200001 1.3 4.8
v -0.1 1.3 4.8
v 3.3 1.3 4.8
v 3.5 1.3 4.8
v 10.9 1.3 4.8
v 11 1.3 4.8
v -2.8 1.3 4.7
v -2.3 1.3 4.7
v 1.8 1.3 4.7
v 1.9 1.3 4.7
v 3.5 1.3 4.7
v 3.7 1.3 4.7
v 10.8 1.3 4.7
v 10.9 1.3 4.7
v -2.3 1.3 4.6
v -1.8 1.3 4.6
v 1.8 1.3 4.6
v 1.9 1.3 4.6
v 3.7 1.3 4.6
v 4 1.3 4.6
v 10.7 1.3 4.6
v 10.8 1.3 4.6
v -1.8 1.3 4.5
v -1.4 1.3 4.5
v 4 1.3 4.5
v 4.2 1.3 4.5
v 10.5 1.3 4.5
v 10.7 1.3 4.5
v -1.4 1.3 4.4
v -1.1 1.3 4.4
v 4.2 1.3 4.4
v 4.5 1.3 4.4
v 10.4 1.3 4.4
v 10.5 1.3 4.4
v 11.8 1.3 4.4
v 11.9 1.3 4.4
v -1.1 1.3 4.3
v -0.900001 1.3 4.3
v 1.6 1.3 4.3
v 1.7 1.3 4.3
v 3.3 1.3 4.3
v 3.4 1.3 4.3
v 4.4 1.3 4.3
v 4.5 1.3 4.3
v 4.8 1.3 4.3
v 10.3 1.3 4.3
v 10.4 1.3 4.3
v 11.8 1.3 4.3
v 11.9 1.3 4.3
v -0.900001 1.3 4.2
v -0.6 1.3 4.2
v 1.6 1.3 4.2
v 1.7 1.3 4.2
v 3.3 1.3 4.2
v 3.4 1.3 4.2
v 4.4 1.3 4.2
v 4.5 1.3 4.2
v 4.8 1.3 4.2
v 5.1 1.3 4.2
v 10.2 1.3 4.2
v 10.3 1.3 4.2
v -0.6 1.3 4.1
v -0.400001 1.3 4.1
v 5.1 1.3 4.1
v 5.3 1.3 4.1
v 10 1.3 4.1
v 10.2 1.3 4.1
v -0.400001 1.3 4
v 0 1.3 4
v 5.3 1.3 4
v 5.6 1.3 4
v 9.8 1.3 4
v 10 1.3 4
v 12.3 1.3 4
v 12.4 1.3 4
v 0 1.3 3.9
v 0.2 1.3 3.9
v 5.6 1.3 3.9
v 5.9 1.3 3.9
v 9.5 1.3 3.9
v 9.6 1.3 3.9
v 9.7 1.3 3.9
v 9.8 1.3 3.9
v 12.3 1.3 3.9
v 12.4 1.3 3.9
v 0.2 1.3 3.8
v 0.799999 1.3 3.8
v 5.9 1.3 3.8
v 6.2 1.3 3.8
v 7.8 1.3 3.8
v 8.3 1.3 3.8
v 8.4 1.3 3.8
v 9.5 1.3 3.8
v 9.6 1.3 3.8
v 9.7 1.3 3.8
v 0.799999 1.3 3.7
v 1 1.3 3.7
v 2.7 1.3 3.7
v 2.8 1.3 3.7
v 6.2 1.3 3.7
v 7.8 1.3 3.7
v 8.3 1.3 3.7
v 8.4 1.3 3.7
v 1 1.3 3.6
v 1.5 1.3 3.6
v 2.7 1.3 3.6
v 2.8 1.3 3.6
v 4.5 1.3 3.6
v 4.6 1.3 3.6
v 1.5 1.3 3.5
v 1.9 1.3 3.5
v 4.5 1.3 3.5
v 4.6 1.3 3.5
v 8.6 1.3 3.5
v 8.7 1.3 3.5
v 1.9 1.3 3.4
v 2.2 1.3 3.4
v 8.6 1.3 3.4
v 8.7 1.3 3.4
v 2.2 1.3 3.3
v 2.4 1.3 3.3
v 2.4 1.3 3.2
v 2.6 1.3 3.2
v 10.4 1.3 3.2
v 10.5 1.3 3.2
v 2.6 1.3 3.1
v 2.8 1.3 3.1
v 10.4 1.3 3.1
v 10.5 1.3 3.1
v 2.8 1.3 3
v 3 1.3 3
v 3 1.3 2.9
v 3.1 1.3 2.9
v 8.3 1.3 2.9
v 8.4 1.3 2.9
v 11.2 1.3 2.9
v 11.3 1.3 2.9
v 3.1 1.3 2.8
v 3.3 1.3 2.8
v 8.3 1.3 2.8
v 8.4 1.3 2.8
v 9 1.3 2.8
v 9.1 1.3 2.8
v 11.2 1.3 2.8
v 11.3 1.3 2.8
v 3.3 1.3 2.7
v 3.4 1.3 2.7
v 9 1.3 2.7
v 9.1 1.3 2.7
v 3.4 1.3 2.6
v 3.5 1.3 2.6
v 3.6 1.3 2.6
v 3.7 1.3 2.6
v 7.3 1.3 2.6
v 7.4 1.3 2.6
v 10.6 1.3 2.6
v 10.7 1.3 2.6
v 3.5 1.3 2.5
v 3.6 1.3 2.5
v 3.7 1.3 2.5
v 7.3 1.3 2.5
v 7.4 1.3 2.5
v 10.6 1.3 2.5
v 10.7 1.3 2.5
v 3.6 1.3 2.4
v 3.8 1.3 2.4
v 3.8 1.3 2.3
v 4.1 1.3 2.3
v 6.7 1.3 2.3
v 6.8 1.3 2.3
v 4.1 1.3 2.2
v 4.4 1.3 2.2
v 5.3 1.3 2.2
v 5.4 1.3 2.2
v 6.7 1.3 2.2
v 6.8 1.3 2.2
v 4.4 1.3 2.1
v 4.8 1.3 2.1
v 5.3 1.3 2.1
v 5.4 1.3 2.1
v 6.4 1.3 2.1
v 6.5 1.3 2.1
v 4.8 1.3 2
v 5.3 1.3 2
v 6.4 1.3 2
v 6.5 1.3 2
v 10.1 1.3 2
v 10.2 1.3 2
v 5.3 1.3 1.9
v 5.7 1.3 1.9
v 10.1 1.3 1.9
v 10.2 1.3 1.9
v 5.7 1.3 1.8
v 6.1 1.3 1.8
v 6.1 1.3 1.7
v 6.5 1.3 1.7
v 12 1.3 1.7
v 12.1 1.3 1.7
v 6.5 1.3 1.6
v 7.1 1.3 1.6
v 11.7 1.3 1.6
v 11.8 1.3 1.6
v 12 1.3 1.6
v 12.1 1.3 1.6
v 7.1 1.3 1.5
v 7.4 1.3 1.5
v 10.8 1.3 1.5
v 10.9 1.3 1.5
v 11.7 1.3 1.5
v 11.8 1.3 1.5
v 7.4 1.3 1.4
v 8.5 1.3 1.4
v 10.8 1.3 1.4
v 10.9 1.3 1.4
v 8.5 1.3 1.3
v 8.8 1.3 1.3
v 9.5 1.3 1.3
v 9.6 1.3 1.3
v 8.8 1.3 1.2
v 8.9 1.3 1.2
v 9.5 1.3 1.2
v 9.6 1.3 1.2
v 8.9 1.3 1.1
v 9 1.3 1.1
v 9 1.3 1
v 9.4 1.3 1
v 9.4 1.3 0.900001
v 9.7 1.3 0.900001
v 9.7 1.3 0.8
v 10 1.3 0.8
v 10 1.3 0.700001
v 10.6 1.3 0.700001
v 10.6 1.3 0.6
v 10.8 1.3 0.6
v 10.8 1.3 0.5
v 11.1 1.3 0.5
v 11.1 1.3 0.400001
v 11.3 1.3 0.400001
v 11.9 1.3 0.3
v 12 1.3 0.3
v 11.3 1.3 0.200001
v 11.4 1.3 0.200001
v 11.9 1.3 0.200001
v 12 1.3 0.200001
v 11.4 1.3 0.1
v 11.5 1.3 0.1
v 11.7 1.3 0.1
v 11.8 1.3 0.1
v 11.5 1.3 0
v 11.7 1.3 0
v 11.8 1.3 0
v 11.7 1.3 -0.0999994
v 11.9 1.3 -0.0999994
v 11.9 1.3 -0.2
v 12.3 1.3 -0.2
v 12.3 1.3 -0.299999
v 12.8 1.3 -0.299999
v -7.6 1.4 12.8
v -2.4 1.4 12.8
v 6.8 1.4 12.8
v 12.8 1.4 12.8
v 6.8 1.4 12.7
v 7.2 1.4 12.7
v -2.5 1.4 12.6
v -2.4 1.4 12.6
v 7.2 1.4 12.6
v 7.5 1.4 12.6
v -2.7 1.4 12.5
v -2.5 1.4 12.5
v 7.5 1.4 12.5
v 7.6 1.4 12.5
v 9.3 1.4 12.5
v 9.4 1.4 12.5
v -7.7 1.4 12.4
v -7.6 1.4 12.4
v -3.6 1.4 12.4
v -3.5 1.4 12.4
v 9.3 1.4 12.4
v 9.4 1.4 12.4
v -5.8 1.4 12.3
v -5.7 1.4 12.3
v -3.6 1.4 12.3
v -3.5 1.4 12.3
v -2.8 1.4 12.3
v -2.7 1.4 12.3
v 7.6 1.4 12.3
v 7.8 1.4 12.3
v -5.8 1.4 12.2
v -5.7 1.4 12.2
v -2.9 1.4 12.2
v -2.8 1.4 12.2
v 7.8 1.4 12.2
v 8.1 1.4 12.2
v 8.1 1.4 12.1
v 8.2 1.4 12.1
v 10.1 1.4 12.1
v 10.2 1.4 12.1
v 11.5 1.4 12.1
v 11.6 1.4 12.1
v -7.8 1.4 12
v -7.7 1.4 12
v 10.1 1.4 12
v 10.2 1.4 12
v 11.5 1.4 12
v 11.6 1.4 12
v -3 1.4 11.9
v -2.9 1.4 11.9
v 8.2 1.4 11.9
v 8.3 1.4 11.9
v 12 1.4 11.9
v 12.1 1.4 11.9
v -3.8 1.4 11.8
v -3.7 1.4 11.8
v 12 1.4 11.8
v 12.1 1.4 11.8
v -5.5 1.4 11.7
v -5.4 1.4 11.7
v -4.3 1.4 11.7
v -4.2 1.4 11.7
v -3.8 1.4 11.7
v -3.7 1.4 11.7
v 8.3 1.4 11.7
v 8.5 1.4 11.7
v 10.8 1.4 11.7
v 10.9 1.4 11.7
v -5.5 1.4 11.6
v -5.4 1.4 11.6
v -4.3 1.4 11.6
v -4.2 1.4 11.6
v -3.9 1.4 11.6
v -3.8 1.4 11.6
v 10.8 1.4 11.6
v 10.9 1.4 11.6
v -6.8 1.4 11.5
v -6.7 1.4 11.5
v -3.9 1.4 11.5
v -3.8 1.4 11.5
v 8.5 1.4 11.5
v 8.6 1.4 11.5
v 12.3 1.4 11.5
v 12.4 1.4 11.5
v -7.8 1.4 11.4
v -7.7 1.4 11.4
v -6.8 1.4 11.4
v -6.7 1.4 11.4
v 9.5 1.4 11.4
v 9.6 1.4 11.4
v 12.3 1.4 11.4
v 12.4 1.4 11.4
v -7.7 1.4 11.3
v -7.6 1.4 11.3
v 8.6 1.4 11.3
v 8.7 1.4 11.3
v 9.5 1.4 11.3
v 9.6 1.4 11.3
v -7.7 1.4 11.2
v -7.6 1.4 11.2
v -7.7 1.4 11.1
v -7.6 1.4 11.1
v -5.7 1.4 11.1
v -5.6 1.4 11.1
v 8.7 1.4 11.1
v 8.8 1.4 11.1
v -5.7 1.4 11
v -5.6 1.4 11
v -3.4 1.4 11
v -3.3 1.4 11
v -7.6 1.4 10.9
v -7.5 1.4 10.9
v -3.4 1.4 10.9
v -3.3 1.4 10.9
v -3 1.4 10.9
v -2.9 1.4 10.9
v -7.5 1.4 10.8
v -7.4 1.4 10.8
v -7.4 1.4 10.7
v -7.3 1.4 10.7
v -5.2 1.4 10.7
v -5.1 1.4 10.7
v -2.9 1.4 10.7
v -2.8 1.4 10.7
v 8.8 1.4 10.7
v 8.9 1.4 10.7
v 9.5 1.4 10.7
v 9.6 1.4 10.7
v -7.3 1.4 10.6
v -7.2 1.4 10.6
v -5.2 1.4 10.6
v -5.1 1.4 10.6
v 9.5 1.4 10.6
v 9.6 1.4 10.6
v -7.2 1.4 10.5
v -7.1 1.4 10.5
v -2.8 1.4 10.5
v -2.7 1.4 10.5
v 9.6 1.4 10.5
v 9.7 1.4 10.5
v 11.5 1.4 10.5
v 11.6 1.4 10.5
v -7.1 1.4 10.4
v -7 1.4 10.4
v -2.7 1.4 10.4
v -2.6 1.4 10.4
v 9.6 1.4 10.4
v 9.7 1.4 10.4
v 11.5 1.4 10.4
v 11.6 1.4 10.4
v -7 1.4 10.3
v -6.8 1.4 10.3
v -3.4 1.4 10.3
v -3.3 1.4 10.3
v -2.6 1.4 10.3
v -2.5 1.4 10.3
v -6.8 1.4 10.2
v -6.7 1.4 10.2
v -3.4 1.4 10.2
v -3.3 1.4 10.2
v -2.5 1.4 10.2
v -2.4 1.4 10.2
v -6.7 1.4 10.1
v -6.6 1.4 10.1
v -2.4 1.4 10.1
v -2.3 1.4 10.1
v 11.9 1.4 10.1
v 12 1.4 10.1
v -6.6 1.4 10
v -6.5 1.4 10
v -2.3 1.4 10
v -2.2 1.4 10
v 11.9 1.4 10
v 12 1.4 10
v -6.5 1.4 9.9
v -6.4 1.4 9.9
v -6.4 1.4 9.8
v -6.2 1.4 9.8
v -4.2 1.4 9.8
v -4.1 1.4 9.8
v -2.2 1.4 9.8
v -2.1 1.4 9.8
v -6.2 1.4 9.7
v -6.1 1.4 9.7
v -4.2 1.4 9.7
v -4.1 1.4 9.7
v -2.1 1.4 9.7
v -2 1.4 9.7
v 8.8 1.4 9.7
v 8.9 1.4 9.7
v -6.1 1.4 9.6
v -5.9 1.4 9.6
v -4.2 1.4 9.6
v -4.1 1.4 9.6
v -2 1.4 9.6
v -1.8 1.4 9.6
v -5.9 1.4 9.5
v -5.7 1.4 9.5
v -4.2 1.4 9.5
v -4.1 1.4 9.5
v -1.8 1.4 9.5
v -1.7 1.4 9.5
v -5.7 1.4 9.4
v -5.6 1.4 9.4
v -4.2 1.4 9.4
v -4.1 1.4 9.4
v -1.7 1.4 9.4
v -1.6 1.4 9.4
v -5.6 1.4 9.3
v -5.4 1.4 9.3
v -2.9 1.4 9.3
v -2.8 1.4 9.3
v -1.6 1.4 9.3
v -1.5 1.4 9.3
v -5.4 1.4 9.2
v -5.2 1.4 9.2
v -2.9 1.4 9.2
v -2.8 1.4 9.2
v -1.5 1.4 9.2
v -1.4 1.4 9.2
v 8.7 1.4 9.2
v 8.8 1.4 9.2
v -5.2 1.4 9.1
v -5.1 1.4 9.1
v -4.7 1.4 9.1
v -4.6 1.4 9.1
v -1.4 1.4 9.1
v -1.2 1.4 9.1
v 8.6 1.4 9.1
v 8.7 1.4 9.1
v -5.1 1.4 9
v -5 1.4 9
v -4.7 1.4 9
v -4.6 1.4 9
v -2.5 1.4 9
v -2.4 1.4 9
v -1.2 1.4 9
v -1 1.4 9
v 9.7 1.4 9
v 9.8 1.4 9
v -5 1.4 8.9
v -4.8 1.4 8.9
v -2.5 1.4 8.9
v -2.4 1.4 8.9
v -1 1.4 8.9
v -0.8 1.4 8.9
v 8.5 1.4 8.9
v 8.6 1.4 8.9
v -4.8 1.4 8.8
v -4.6 1.4 8.8
v -0.8 1.4 8.8
v -0.6 1.4 8.8
v 8.4 1.4 8.8
v 8.5 1.4 8.8
v 9.7 1.4 8.8
v 9.8 1.4 8.8
v -4.6 1.4 8.7
v -4.4 1.4 8.7
v -0.6 1.4 8.7
v -0.400001 1.4 8.7
v -4.4 1.4 8.6
v -4.2 1.4 8.6
v -0.400001 1.4 8.6
v -0.200001 1.4 8.6
v 8.3 1.4 8.6
v 8.4 1.4 8.6
v 9.1 1.4 8.6
v 9.2 1.4 8.6
v 11.7 1.4 8.6
v 11.8 1.4 8.6
v -4.2 1.4 8.5
v -4 1.4 8.5
v -3.9 1.4 8.5
v -0.200001 1.4 8.5
v 0 1.4 8.5
v 8.2 1.4 8.5
v 8.3 1.4 8.5
v 9.1 1.4 8.5
v 9.2 1.4 8.5
v 11.7 1.4 8.5
v 11.8 1.4 8.5
v -4 1.4 8.4
v -3.9 1.4 8.4
v -3.7 1.4 8.4
v 0 1.4 8.4
v 0.4 1.4 8.4
v 8.1 1.4 8.4
v 8.2 1.4 8.4
v -3.7 1.4 8.3
v -3.5 1.4 8.3
v 0.4 1.4 8.3
v 0.799999 1.4 8.3
v 7.9 1.4 8.3
v 8 1.4 8.3
v 8.1 1.4 8.3
v 12.7 1.4 8.3
v 12.8 1.4 8.3
v -3.5 1.4 8.2
v -3.3 1.4 8.2
v 0.799999 1.4 8.2
v 1.1 1.4 8.2
v 7.8 1.4 8.2
v 7.9 1.4 8.2
v 8 1.4 8.2
v -3.3 1.4 8.1
v -3.1 1.4 8.1
v 1.1 1.4 8.1
v 1.4 1.4 8.1
v 7.7 1.4 8.1
v 7.8 1.4 8.1
v 10.6 1.4 8.1
v 10.7 1.4 8.1
v 11.1 1.4 8.1
v 11.2 1.4 8.1
v -3.1 1.4 8
v -2.9 1.4 8
v 0.0999994 1.4 8
v 0.2 1.4 8
v 1.4 1.4 8
v 1.6 1.4 8
v 7.5 1.4 8
v 7.7 1.4 8
v 10.6 1.4 8
v 10.7 1.4 8
v 11.1 1.4 8
v 11.2 1.4 8
v -2.9 1.4 7.9
v -2.7 1.4 7.9
v 0.0999994 1.4 7.9
v 0.2 1.4 7.9
v 1.6 1.4 7.9
v 1.8 1.4 7.9
v 7.4 1.4 7.9
v 7.5 1.4 7.9
v 12.6 1.4 7.9
v 12.7 1.4 7.9
v -2.7 1.4 7.8
v -2.5 1.4 7.8
v 1.8 1.4 7.8
v 1.9 1.4 7.8
v 7.3 1.4 7.8
v 7.4 1.4 7.8
v 10.2 1.4 7.8
v 10.3 1.4 7.8
v -2.5 1.4 7.7
v -2.3 1.4 7.7
v -1.3 1.4 7.7
v -1.2 1.4 7.7
v 1.9 1.4 7.7
v 2.2 1.4 7.7
v 7.1 1.4 7.7
v 7.3 1.4 7.7
v 10.2 1.4 7.7
v 10.3 1.4 7.7
v 11.5 1.4 7.7
v 11.6 1.4 7.7
v -2.3 1.4 7.6
v -2.1 1.4 7.6
v -1.3 1.4 7.6
v -1.2 1.4 7.6
v 2.2 1.4 7.6
v 2.6 1.4 7.6
v 11.5 1.4 7.6
v 11.6 1.4 7.6
v -2.1 1.4 7.5
v -1.9 1.4 7.5
v 2.6 1.4 7.5
v 2.9 1.4 7.5
v 7 1.4 7.5
v 7.1 1.4 7.5
v 8.1 1.4 7.5
v 8.2 1.4 7.5
v 12.5 1.4 7.5
v 12.6 1.4 7.5
v -1.9 1.4 7.4
v -1.7 1.4 7.4
v 2.9 1.4 7.4
v 3.2 1.4 7.4
v 6.9 1.4 7.4
v 7 1.4 7.4
v 7.4 1.4 7.4
v 7.5 1.4 7.4
v 8.1 1.4 7.4
v 8.2 1.4 7.4
v -1.7 1.4 7.3
v -1.5 1.4 7.3
v 3.2 1.4 7.3
v 3.5 1.4 7.3
v 6.7 1.4 7.3
v 6.9 1.4 7.3
v 7.4 1.4 7.3
v 7.5 1.4 7.3
v -1.5 1.4 7.2
v -1.3 1.4 7.2
v 3.5 1.4 7.2
v 3.7 1.4 7.2
v 6.4 1.4 7.2
v 6.7 1.4 7.2
v 9.6 1.4 7.2
v 9.7 1.4 7.2
v -1.3 1.4 7.1
v -1.2 1.4 7.1
v -1 1.4 7.1
v -0.900001 1.4 7.1
v 1.7 1.4 7.1
v 1.8 1.4 7.1
v 3.7 1.4 7.1
v 4.1 1.4 7.1
v 6 1.4 7.1
v 6.4 1.4 7.1
v 6.8 1.4 7.1
v 6.9 1.4 7.1
v 9.6 1.4 7.1
v 9.7 1.4 7.1
v 12.4 1.4 7.1
v 12.5 1.4 7.1
v -1.2 1.4 7
v -1 1.4 7
v -0.900001 1.4 7
v 1.7 1.4 7
v 1.8 1.4 7
v 4.1 1.4 7
v 4.2 1.4 7
v 4.3 1.4 7
v 4.5 1.4 7
v 5.6 1.4 7
v 6 1.4 7
v 6.8 1.4 7
v 6.9 1.4 7
v 7.4 1.4 7
v 7.5 1.4 7
v -1 1.4 6.9
v -0.8 1.4 6.9
v 4.2 1.4 6.9
v 4.3 1.4 6.9
v 4.5 1.4 6.9
v 5.6 1.4 6.9
v 5.9 1.4 6.9
v 6 1.4 6.9
v 7.4 1.4 6.9
v 7.5 1.4 6.9
v -0.8 1.4 6.8
v -0.6 1.4 6.8
v 0.299999 1.4 6.8
v 0.4 1.4 6.8
v 1.4 1.4 6.8
v 1.5 1.4 6.8
v 5.9 1.4 6.8
v 6 1.4 6.8
v 7 1.4 6.8
v 7.1 1.4 6.8
v 9.1 1.4 6.8
v 9.2 1.4 6.8
v 11.9 1.4 6.8
v 12 1.4 6.8
v 12.3 1.4 6.8
v 12.4 1.4 6.8
v -0.6 1.4 6.7
v -0.400001 1.4 6.7
v 0.299999 1.4 6.7
v 0.4 1.4 6.7
v 1.4 1.4 6.7
v 1.5 1.4 6.7
v 7 1.4 6.7
v 7.1 1.4 6.7
v 7.7 1.4 6.7
v 7.8 1.4 6.7
v 9.1 1.4 6.7
v 9.2 1.4 6.7
v 11.9 1.4 6.7
v 12 1.4 6.7
v 12.2 1.4 6.7
v 12.3 1.4 6.7
v -0.400001 1.4 6.6
v -0.1 1.4 6.6
v 3.8 1.4 6.6
v 3.9 1.4 6.6
v 7.7 1.4 6.6
v 7.8 1.4 6.6
v 3.8 1.4 6.5
v 3.9 1.4 6.5
v 12.1 1.4 6.5
v 12.2 1.4 6.5
v -0.1 1.4 6.4
v 0 1.4 6.4
v 4.8 1.4 6.4
v 5 1.4 6.4
v 0 1.4 6.3
v 0.2 1.4 6.3
v 4.8 1.4 6.3
v 5 1.4 6.3
v 12 1.4 6.3
v 12.1 1.4 6.3
v 0.2 1.4 6.2
v 0.4 1.4 6.2
v 0.4 1.4 6.1
v 0.599999 1.4 6.1
v 2.6 1.4 6.1
v 2.7 1.4 6.1
v 11.9 1.4 6.1
v 12 1.4 6.1
v 0.599999 1.4 6
v 0.799999 1.4 6
v 2.6 1.4 6
v 2.7 1.4 6
v 9.6 1.4 6
v 9.7 1.4 6
v 0.799999 1.4 5.9
v 1 1.4 5.9
v 2.4 1.4 5.9
v 2.5 1.4 5.9
v 5.4 1.4 5.9
v 5.5 1.4 5.9
v 7.2 1.4 5.9
v 7.3 1.4 5.9
v 9.6 1.4 5.9
v 9.7 1.4 5.9
v 11.4 1.4 5.9
v 11.5 1.4 5.9
v 11.8 1.4 5.9
v 11.9 1.4 5.9
v 1 1.4 5.8
v 1.3 1.4 5.8
v 2.4 1.4 5.8
v 2.5 1.4 5.8
v 5.4 1.4 5.8
v 5.5 1.4 5.8
v 7.2 1.4 5.8
v 7.3 1.4 5.8
v 11.4 1.4 5.8
v 11.5 1.4 5.8
v 1.3 1.4 5.7
v 1.6 1.4 5.7
v 6.4 1.4 5.7
v 6.5 1.4 5.7
v 11.7 1.4 5.7
v 11.8 1.4 5.7
v 1.6 1.4 5.6
v 1.9 1.4 5.6
v 3.8 1.4 5.6
v 3.9 1.4 5.6
v 6.4 1.4 5.6
v 6.5 1.4 5.6
v 9.1 1.4 5.6
v 9.2 1.4 5.6
v 11.6 1.4 5.6
v 11.7 1.4 5.6
v 1.9 1.4 5.5
v 2.2 1.4 5.5
v 2.9 1.4 5.5
v 3 1.4 5.5
v 3.8 1.4 5.5
v 3.9 1.4 5.5
v 4.3 1.4 5.5
v 4.4 1.4 5.5
v 9.1 1.4 5.5
v 9.2 1.4 5.5
v 2.2 1.4 5.4
v 2.5 1.4 5.4
v 2.9 1.4 5.4
v 3 1.4 5.4
v 4.3 1.4 5.4
v 4.4 1.4 5.4
v 11.5 1.4 5.4
v 11.6 1.4 5.4
v 2.5 1.4 5.3
v 2.7 1.4 5.3
v 11.4 1.4 5.3
v 11.5 1.4 5.3
v 2.7 1.4 5.2
v 2.9 1.4 5.2
v 7.6 1.4 5.2
v 7.7 1.4 5.2
v 11.3 1.4 5.2
v 11.4 1.4 5.2
v 2.9 1.4 5.1
v 3 1.4 5.1
v 7.6 1.4 5.1
v 7.7 1.4 5.1
v 10.2 1.4 5.1
v 10.3 1.4 5.1
v 11.1 1.4 5.1
v 11.3 1.4 5.1
v 3 1.4 5
v 3.2 1.4 5
v 8.4 1.4 5
v 8.5 1.4 5
v 8.6 1.4 5
v 10.2 1.4 5
v 10.3 1.4 5
v 11 1.4 5
v 11.1 1.4 5
v 3.2 1.4 4.9
v 3.3 1.4 4.9
v 8.4 1.4 4.9
v 8.5 1.4 4.9
v 8.6 1.4 4.9
v 3.3 1.4 4.8
v 3.5 1.4 4.8
v 10.9 1.4 4.8
v 11 1.4 4.8
v 3.5 1.4 4.7
v 3.7 1.4 4.7
v 7.8 1.4 4.7
v 7.9 1.4 4.7
v 10.8 1.4 4.7
v 10.9 1.4 4.7
v 3.7 1.4 4.6
v 4 1.4 4.6
v 7.8 1.4 4.6
v 7.9 1.4 4.6
v 8.4 1.4 4.6
v 8.5 1.4 4.6
v 10.7 1.4 4.6
v 10.8 1.4 4.6
v 4 1.4 4.5
v 4.2 1.4 4.5
v 6.2 1.4 4.5
v 6.3 1.4 4.5
v 8.4 1.4 4.5
v 8.5 1.4 4.5
v 9.9 1.4 4.5
v 10 1.4 4.5
v 10.5 1.4 4.5
v 10.7 1.4 4.5
v 4.2 1.4 4.4
v 4.5 1.4 4.4
v 6.2 1.4 4.4
v 6.3 1.4 4.4
v 9.9 1.4 4.4
v 10 1.4 4.4
v 10.4 1.4 4.4
v 10.5 1.4 4.4
v 4.5 1.4 4.3
v 4.8 1.4 4.3
v 10.3 1.4 4.3
v 10.4 1.4 4.3
v 4.8 1.4 4.2
v 5.1 1.4 4.2
v 10.2 1.4 4.2
v 10.3 1.4 4.2
v 5.1 1.4 4.1
v 5.3 1.4 4.1
v 10 1.4 4.1
v 10.2 1.4 4.1
v 5.3 1.4 4
v 5.6 1.4 4
v 9.8 1.4 4
v 10 1.4 4
v 5.6 1.4 3.9
v 5.9 1.4 3.9
v 6.7 1.4 3.9
v 6.8 1.4 3.9
v 9.5 1.4 3.9
v 9.8 1.4 3.9
v 5.9 1.4 3.8
v 6.2 1.4 3.8
v 6.7 1.4 3.8
v 6.8 1.4 3.8
v 7.8 1.4 3.8
v 9.5 1.4 3.8
v 6.2 1.4 3.7
v 7.8 1.4 3.7
v -2.4 1.5 12.8
v 6.8 1.5 12.8
v 6.8 1.5 12.7
v 7.2 1.5 12.7
v -2.5 1.5 12.6
v -2.4 1.5 12.6
v 7.2 1.5 12.6
v 7.5 1.5 12.6
v -2.7 1.5 12.5
v -2.5 1.5 12.5
v 7.5 1.5 12.5
v 7.6 1.5 12.5
v -2.8 1.5 12.3
v -2.7 1.5 12.3
v 3.4 1.5 12.3
v 3.5 1.5 12.3
v 7.6 1.5 12.3
v 7.8 1.5 12.3
v -2.9 1.5 12.2
v -2.8 1.5 12.2
v -2.7 1.5 12.2
v 0.4 1.5 12.2
v 0.5 1.5 12.2
v 3.4 1.5 12.2
v 3.5 1.5 12.2
v 7.8 1.5 12.2
v 8.1 1.5 12.2
v 0.4 1.5 12.1
v 0.5 1.5 12.1
v 7.6 1.5 12.1
v 7.7 1.5 12.1
v 8.1 1.5 12.1
v 8.2 1.5 12.1
v 7.6 1.5 12
v 7.7 1.5 12
v -3 1.5 11.9
v -2.9 1.5 11.9
v 8.2 1.5 11.9
v 8.3 1.5 11.9
v -0.700001 1.5 11.8
v -0.6 1.5 11.8
v 2.6 1.5 11.8
v 2.7 1.5 11.8
v -0.700001 1.5 11.7
v -0.6 1.5 11.7
v 2.6 1.5 11.7
v 2.7 1.5 11.7
v 6.4 1.5 11.7
v 6.5 1.5 11.7
v 8.3 1.5 11.7
v 8.5 1.5 11.7
v -0.400001 1.5 11.6
v -0.3 1.5 11.6
v 6.4 1.5 11.6
v 6.5 1.5 11.6
v -0.400001 1.5 11.5
v -0.3 1.5 11.5
v 8.5 1.5 11.5
v 8.6 1.5 11.5
v 1.1 1.5 11.4
v 1.2 1.5 11.4
v 2.2 1.5 11.4
v 2.3 1.5 11.4
v 4 1.5 11.4
v 4.2 1.5 11.4
v 4.8 1.5 11.4
v 4.9 1.5 11.4
v -0.900001 1.5 11.3
v -0.8 1.5 11.3
v 1.1 1.5 11.3
v 1.2 1.5 11.3
v 2.2 1.5 11.3
v 2.3 1.5 11.3
v 4 1.5 11.3
v 4.2 1.5 11.3
v 4.8 1.5 11.3
v 4.9 1.5 11.3
v 8.6 1.5 11.3
v 8.7 1.5 11.3
v -0.900001 1.5 11.2
v -0.8 1.5 11.2
v -0.3 1.5 11.2
v -0.200001 1.5 11.2
v -0.3 1.5 11.1
v -0.200001 1.5 11.1
v 3.3 1.5 11.1
v 3.4 1.5 11.1
v 8.7 1.5 11.1
v 8.8 1.5 11.1
v 3.3 1.5 11
v 3.4 1.5 11
v -3 1.5 10.9
v -2.9 1.5 10.9
v -2.9 1.5 10.7
v -2.8 1.5 10.7
v 7.1 1.5 10.7
v 7.2 1.5 10.7
v 8.8 1.5 10.7
v 8.9 1.5 10.7
v -1.7 1.5 10.6
v -1.6 1.5 10.6
v 5.8 1.5 10.6
v 5.9 1.5 10.6
v 7.1 1.5 10.6
v 7.2 1.5 10.6
v -2.8 1.5 10.5
v -2.7 1.5 10.5
v -1.7 1.5 10.5
v -1.6 1.5 10.5
v 5.8 1.5 10.5
v 5.9 1.5 10.5
v -2.7 1.5 10.4
v -2.6 1.5 10.4
v 3.2 1.5 10.4
v 3.3 1.5 10.4
v -2.6 1.5 10.3
v -2.5 1.5 10.3
v -0.900001 1.5 10.3
v -0.8 1.5 10.3
v 3.2 1.5 10.3
v 3.3 1.5 10.3
v 8.4 1.5 10.3
v 8.5 1.5 10.3
v -2.5 1.5 10.2
v -2.4 1.5 10.2
v -0.900001 1.5 10.2
v -0.8 1.5 10.2
v 1 1.5 10.2
v 1.1 1.5 10.2
v 8.4 1.5 10.2
v 8.5 1.5 10.2
v -2.4 1.5 10.1
v -2.3 1.5 10.1
v 1 1.5 10.1
v 1.1 1.5 10.1
v 8.4 1.5 10.1
v 8.5 1.5 10.1
v -2.3 1.5 10
v -2.2 1.5 10
v 1.1 1.5 9.9
v 1.2 1.5 9.9
v -2.2 1.5 9.8
v -2.1 1.5 9.8
v 1.1 1.5 9.8
v 1.2 1.5 9.8
v 7.2 1.5 9.8
v 7.3 1.5 9.8
v -2.1 1.5 9.7
v -2 1.5 9.7
v 7.2 1.5 9.7
v 7.3 1.5 9.7
v 8.8 1.5 9.7
v 8.9 1.5 9.7
v -2 1.5 9.6
v -1.8 1.5 9.6
v 7.2 1.5 9.6
v 7.4 1.5 9.6
v -1.8 1.5 9.5
v -1.7 1.5 9.5
v 1.7 1.5 9.5
v 1.8 1.5 9.5
v 2.9 1.5 9.5
v 3 1.5 9.5
v 5.9 1.5 9.5
v 6 1.5 9.5
v 7.2 1.5 9.5
v 7.4 1.5 9.5
v -1.7 1.5 9.4
v -1.6 1.5 9.4
v 1.7 1.5 9.4
v 1.8 1.5 9.4
v 2.3 1.5 9.4
v 2.4 1.5 9.4
v 2.9 1.5 9.4
v 3 1.5 9.4
v 4 1.5 9.4
v 4.1 1.5 9.4
v 5.9 1.5 9.4
v 6 1.5 9.4
v -1.6 1.5 9.3
v -1.5 1.5 9.3
v -0.6 1.5 9.3
v -0.5 1.5 9.3
v 2.3 1.5 9.3
v 2.4 1.5 9.3
v 4 1.5 9.3
v 4.1 1.5 9.3
v 7.8 1.5 9.3
v 7.9 1.5 9.3
v -1.5 1.5 9.2
v -1.4 1.5 9.2
v -0.6 1.5 9.2
v -0.5 1.5 9.2
v 7.8 1.5 9.2
v 7.9 1.5 9.2
v 8.7 1.5 9.2
v 8.8 1.5 9.2
v -1.4 1.5 9.1
v -1.2 1.5 9.1
v 8.6 1.5 9.1
v 8.7 1.5 9.1
v -1.2 1.5 9
v -1 1.5 9
v -0.200001 1.5 9
v -0.1 1.5 9
v 5.9 1.5 9
v 6 1.5 9
v -1 1.5 8.9
v -0.8 1.5 8.9
v -0.200001 1.5 8.9
v -0.1 1.5 8.9
v 1 1.5 8.9
v 1.1 1.5 8.9
v 5.9 1.5 8.9
v 6 1.5 8.9
v 8.5 1.5 8.9
v 8.6 1.5 8.9
v -0.8 1.5 8.8
v -0.6 1.5 8.8
v 1 1.5 8.8
v 1.1 1.5 8.8
v 8.4 1.5 8.8
v 8.5 1.5 8.8
v -0.6 1.5 8.7
v -0.400001 1.5 8.7
v -0.400001 1.5 8.6
v -0.200001 1.5 8.6
v 1.7 1.5 8.6
v 1.9 1.5 8.6
v 8.3 1.5 8.6
v 8.4 1.5 8.6
v -0.200001 1.5 8.5
v 0 1.5 8.5
v 1.7 1.5 8.5
v 1.9 1.5 8.5
v 6.6 1.5 8.5
v 6.7 1.5 8.5
v 8.2 1.5 8.5
v 8.3 1.5 8.5
v 0 1.5 8.4
v 0.4 1.5 8.4
v 4.6 1.5 8.4
v 4.7 1.5 8.4
v 6.6 1.5 8.4
v 6.7 1.5 8.4
v 8.1 1.5 8.4
v 8.2 1.5 8.4
v 0.4 1.5 8.3
v 0.799999 1.5 8.3
v 4.5 1.5 8.3
v 4.6 1.5 8.3
v 4.7 1.5 8.3
v 7.9 1.5 8.3
v 8.1 1.5 8.3
v 0.799999 1.5 8.2
v 1.1 1.5 8.2
v 4.5 1.5 8.2
v 4.6 1.5 8.2
v 7.8 1.5 8.2
v 7.9 1.5 8.2
v 1.1 1.5 8.1
v 1.4 1.5 8.1
v 7.7 1.5 8.1
v 7.8 1.5 8.1
v 1.4 1.5 8
v 1.6 1.5 8
v 5.5 1.5 8
v 5.6 1.5 8
v 7.5 1.5 8
v 7.7 1.5 8
v 1.6 1.5 7.9
v 1.8 1.5 7.9
v 4.2 1.5 7.9
v 4.3 1.5 7.9
v 5.5 1.5 7.9
v 5.6 1.5 7.9
v 7.4 1.5 7.9
v 7.5 1.5 7.9
v 1.8 1.5 7.8
v 1.9 1.5 7.8
v 3.8 1.5 7.8
v 3.9 1.5 7.8
v 4.2 1.5 7.8
v 4.3 1.5 7.8
v 6.5 1.5 7.8
v 6.6 1.5 7.8
v 7.3 1.5 7.8
v 7.4 1.5 7.8
v 1.9 1.5 7.7
v 2.2 1.5 7.7
v 3.1 1.5 7.7
v 3.2 1.5 7.7
v 3.8 1.5 7.7
v 3.9 1.5 7.7
v 6.5 1.5 7.7
v 6.6 1.5 7.7
v 7.1 1.5 7.7
v 7.3 1.5 7.7
v 2.2 1.5 7.6
v 2.6 1.5 7.6
v 2.9 1.5 7.6
v 3 1.5 7.6
v 3.1 1.5 7.6
v 3.2 1.5 7.6
v 2.6 1.5 7.5
v 2.9 1.5 7.5
v 3 1.5 7.5
v 7 1.5 7.5
v 7.1 1.5 7.5
v 2.9 1.5 7.4
v 3.2 1.5 7.4
v 6.9 1.5 7.4
v 7 1.5 7.4
v 3.2 1.5 7.3
v 3.5 1.5 7.3
v 6.7 1.5 7.3
v 6.9 1.5 7.3
v 3.5 1.5 7.2
v 3.7 1.5 7.2
v 6.4 1.5 7.2
v 6.7 1.5 7.2
v 3.7 1.5 7.1
v 4.1 1.5 7.1
v 6 1.5 7.1
v 6.4 1.5 7.1
v 4.1 1.5 7
v 4.5 1.5 7
v 5.6 1.5 7
v 6 1.5 7
v 4.5 1.5 6.9
v 5.6 1.5 6.9

# faces
f 4/3/1 3/3/1 2/3/1
f 5/3/1 3/3/1 4/3/1
f 6/11/1 2/11/1 1/11/1
f 6/3/1 4/3/1 2/3/1
f 7/3/1 4/3/1 6/3/1
f 8/3/1 4/3/1 7/3/1
f 9/3/1 4/3/1 8/3/1
f 10/3/1 8/3/1 7/3/1
f 11/3/1 8/3/1 10/3/1
f 12/3/1 10/3/1 7/3/1
f 13/3/1 10/3/1 12/3/1
f 14/3/1 12/3/1 7/3/1
f 15/3/1 12/3/1 14/3/1
f 16/11/1 7/11/1 6/11/1
f 16/3/1 14/3/1 7/3/1
f 17/3/1 14/3/1 16/3/1
f 18/3/1 14/3/1 17/3/1
f 19/3/1 14/3/1 18/3/1
f 20/3/1 14/3/1 19/3/1
f 21/3/1 14/3/1 20/3/1
f 22/3/1 18/3/1 17/3/1
f 23/2/1 19/2/1 18/2/1
f 23/3/1 18/3/1 22/3/1
f 24/3/1 20/3/1 19/3/1
f 24/2/1 19/2/1 23/2/1
f 25/3/1 20/3/1 24/3/1
f 26/3/1 22/3/1 17/3/1
f 27/3/1 22/3/1 26/3/1
f 28/3/1 26/3/1 17/3/1
f 29/3/1 26/3/1 28/3/1
f 30/11/1 17/11/1 16/11/1
f 30/3/1 28/3/1 17/3/1
f 31/3/1 28/3/1 30/3/1
f 32/11/1 6/11/1 1/11/1
f 32/11/1 16/11/1 6/11/1
f 32/11/1 30/11/1 16/11/1
f 33/11/1 30/11/1 32/11/1
f 34/11/1 32/11/1 1/11/1
f 35/11/1 32/11/1 34/11/1
f 36/11/1 34/11/1 1/11/1
f 37/11/1 34/11/1 36/11/1
f 40/3/1 39/3/1 38/3/1
f 41/3/1 39/3/1 40/3/1
f 44/3/1 43/3/1 42/3/1
f 45/3/1 43/3/1 44/3/1
f 50/3/1 47/3/1 46/3/1
f 51/3/1 47/3/1 50/3/1
f 54/3/1 49/3/1 48/3/1
f 55/3/1 49/3/1 54/3/1
f 56/3/1 53/3/1 52/3/1
f 57/3/1 53/3/1 56/3/1
f 60/3/1 59/3/1 58/3/1
f 61/3/1 59/3/1 60/3/1
f 64/11/1 63/11/1 62/11/1
f 65/11/1 63/11/1 64/11/1
f 68/3/1 67/3/1 66/3/1
f 69/3/1 67/3/1 68/3/1
f 72/3/1 71/3/1 70/3/1
f 73/3/1 71/3/1 72/3/1
f 76/11/1 75/11/1 74/11/1
f 77/11/1 75/11/1 76/11/1
f 80/3/1 79/3/1 78/3/1
f 81/3/1 79/3/1 80/3/1
f 84/3/1 83/3/1 82/3/1
f 85/3/1 83/3/1 84/3/1
f 88/11/1 87/11/1 86/11/1
f 89/11/1 87/11/1 88/11/1
f 94/1/1 91/1/1 90/1/1
f 95/1/1 91/1/1 94/1/1
f 96/3/1 93/3/1 92/3/1
f 97/3/1 93/3/1 96/3/1
f 100/3/1 99/3/1 98/3/1
f 101/3/1 99/3/1 100/3/1
f 106/3/1 103/3/1 102/3/1
f 107/3/1 103/3/1 106/3/1
f 108/3/1 105/3/1 104/3/1
f 109/3/1 105/3/1 108/3/1
f 114/11/1 111/11/1 110/11/1
f 115/11/1 111/11/1 114/11/1
f 116/11/1 113/11/1 112/11/1
f 117/11/1 113/11/1 116/11/1
f 120/11/1 119/11/1 118/11/1
f 121/11/1 119/11/1 120/11/1
f 124/3/1 123/3/1 122/3/1
f 125/3/1 123/3/1 124/3/1
f 130/3/1 127/3/1 126/3/1
f 131/3/1 127/3/1 130/3/1
f 132/3/1 129/3/1 128/3/1
f 133/3/1 129/3/1 132/3/1
f 136/11/1 135/11/1 134/11/1
f 137/11/1 135/11/1 136/11/1
f 142/3/1 139/3/1 138/3/1
f 143/3/1 139/3/1 142/3/1
f 144/3/1 141/3/1 140/3/1
f 145/3/1 141/3/1 144/3/1
f 150/3/1 147/3/1 146/3/1
f 151/3/1 147/3/1 150/3/1
f 152/3/1 149/3/1 148/3/1
f 153/3/1 149/3/1 152/3/1
f 156/11/1 155/11/1 154/11/1
f 157/11/1 155/11/1 156/11/1
f 162/3/1 159/3/1 158/3/1
f 163/3/1 159/3/1 162/3/1
f 164/3/1 161/3/1 160/3/1
f 165/3/1 161/3/1 164/3/1
f 168/3/1 167/3/1 166/3/1
f 169/3/1 167/3/1 168/3/1
f 172/11/1 171/11/1 170/11/1
f 173/11/1 171/11/1 172/11/1
f 176/3/1 175/3/1 174/3/1
f 177/3/1 175/3/1 176/3/1
f 182/1/1 179/1/1 178/1/1
f 183/1/1 179/1/1 182/1/1
f 184/3/1 181/3/1 180/3/1
f 185/3/1 181/3/1 184/3/1
f 188/11/1 187/11/1 186/11/1
f 189/11/1 187/11/1 188/11/1
f 194/3/1 191/3/1 190/3/1
f 195/3/1 191/3/1 194/3/1
f 198/3/1 193/3/1 192/3/1
f 199/3/1 193/3/1 198/3/1
f 200/1/1 197/1/1 196/1/1
f 201/1/1 197/1/1 200/1/1
f 204/3/1 203/3/1 202/3/1
f 205/3/1 203/3/1 204/3/1
f 210/11/1 207/11/1 206/11/1
f 211/11/1 207/11/1 210/11/1
f 212/11/1 209/11/1 208/11/1
f 213/11/1 209/11/1 212/11/1
f 218/3/1 215/3/1 214/3/1
f 219/3/1 215/3/1 218/3/1
f 220/3/1 217/3/1 216/3/1
f 221/3/1 217/3/1 220/3/1
f 224/3/1 223/3/1 222/3/1
f 225/3/1 223/3/1 224/3/1
f 230/3/1 227/3/1 226/3/1
f 231/3/1 227/3/1 230/3/1
f 232/3/1 229/3/1 228/3/1
f 233/3/1 229/3/1 232/3/1
f 236/11/1 235/11/1 234/11/1
f 237/11/1 235/11/1 236/11/1
f 242/3/1 239/3/1 238/3/1
f 243/3/1 239/3/1 242/3/1
f 246/3/1 241/3/1 240/3/1
f 247/3/1 241/3/1 246/3/1
f 248/3/1 245/3/1 244/3/1
f 249/3/1 245/3/1 248/3/1
f 252/11/1 251/11/1 250/11/1
f 253/11/1 251/11/1 252/11/1
f 256/3/1 255/3/1 254/3/1
f 257/3/1 255/3/1 256/3/1
f 262/3/1 259/3/1 258/3/1
f 263/3/1 259/3/1 262/3/1
f 266/3/1 261/3/1 260/3/1
f 267/3/1 261/3/1 266/3/1
f 268/3/1 265/3/1 264/3/1
f 269/3/1 265/3/1 268/3/1
f 272/11/1 271/11/1 270/11/1
f 273/11/1 271/11/1 272/11/1
f 276/3/1 275/3/1 274/3/1
f 277/3/1 275/3/1 276/3/1
f 280/11/1 279/11/1 278/11/1
f 281/11/1 279/11/1 280/11/1
f 284/3/1 283/3/1 282/3/1
f 285/3/1 283/3/1 284/3/1
f 290/3/1 287/3/1 286/3/1
f 291/3/1 287/3/1 290/3/1
f 294/3/1 289/3/1 288/3/1
f 295/3/1 289/3/1 294/3/1
f 298/3/1 293/3/1 292/3/1
f 299/3/1 293/3/1 298/3/1
f 300/3/1 297/3/1 296/3/1
f 301/3/1 297/3/1 300/3/1
f 304/11/1 303/11/1 302/11/1
f 305/11/1 303/11/1 304/11/1
f 308/3/1 307/3/1 306/3/1
f 309/3/1 307/3/1 308/3/1
f 314/3/1 311/3/1 310/3/1
f 315/3/1 311/3/1 314/3/1
f 316/3/1 313/3/1 312/3/1
f 317/3/1 313/3/1 316/3/1
f 322/3/1 319/3/1 318/3/1
f 323/3/1 319/3/1 322/3/1
f 324/3/1 321/3/1 320/3/1
f 325/3/1 321/3/1 324/3/1
f 328/11/1 327/11/1 326/11/1
f 329/11/1 327/11/1 328/11/1
f 334/3/1 331/3/1 330/3/1
f 335/3/1 331/3/1 334/3/1
f 336/3/1 333/3/1 332/3/1
f 337/3/1 333/3/1 336/3/1
f 340/3/1 339/3/1 338/3/1
f 341/3/1 339/3/1 340/3/1
f 344/11/1 343/11/1 342/11/1
f 345/11/1 343/11/1 344/11/1
f 348/3/1 347/3/1 346/3/1
f 349/3/1 347/3/1 348/3/1
f 354/11/1 351/11/1 350/11/1
f 355/11/1 351/11/1 354/11/1
f 356/11/1 353/11/1 352/11/1
f 357/11/1 353/11/1 356/11/1
f 360/3/1 359/3/1 358/3/1
f 361/3/1 359/3/1 360/3/1
f 366/3/1 363/3/1 362/3/1
f 367/3/1 363/3/1 366/3/1
f 368/3/1 365/3/1 364/3/1
f 369/3/1 365/3/1 368/3/1
f 372/11/1 371/11/1 370/11/1
f 373/11/1 371/11/1 372/11/1
f 376/11/1 375/11/1 374/11/1
f 377/11/1 375/11/1 376/11/1
f 380/3/1 379/3/1 378/3/1
f 381/3/1 379/3/1 380/3/1
f 384/3/1 383/3/1 382/3/1
f 385/3/1 383/3/1 384/3/1
f 390/3/1 387/3/1 386/3/1
f 391/3/1 387/3/1 390/3/1
f 392/3/1 389/3/1 388/3/1
f 393/3/1 389/3/1 392/3/1
f 396/3/1 395/3/1 394/3/1
f 397/3/1 395/3/1 396/3/1
f 400/3/1 399/3/1 398/3/1
f 401/3/1 399/3/1 400/3/1
f 404/3/1 403/3/1 402/3/1
f 405/3/1 403/3/1 404/3/1
f 408/11/1 407/11/1 406/11/1
f 409/11/1 407/11/1 408/11/1
f 412/3/1 411/3/1 410/3/1
f 413/3/1 411/3/1 412/3/1
f 416/3/1 415/3/1 414/3/1
f 417/3/1 415/3/1 416/3/1
f 420/11/1 419/11/1 418/11/1
f 421/11/1 419/11/1 420/11/1
f 424/11/1 423/11/1 422/11/1
f 425/11/1 423/11/1 424/11/1
f 428/3/1 427/3/1 426/3/1
f 429/3/1 427/3/1 428/3/1
f 434/3/1 431/3/1 430/3/1
f 435/3/1 431/3/1 434/3/1
f 438/3/1 433/3/1 432/3/1
f 439/3/1 433/3/1 438/3/1
f 442/3/1 437/3/1 436/3/1
f 443/3/1 437/3/1 442/3/1
f 444/3/1 441/3/1 440/3/1
f 445/3/1 441/3/1 444/3/1
f 448/11/1 447/11/1 446/11/1
f 449/11/1 447/11/1 448/11/1
f 452/3/1 451/3/1 450/3/1
f 453/3/1 451/3/1 452/3/1
f 456/11/1 455/11/1 454/11/1
f 457/11/1 455/11/1 456/11/1
f 462/3/1 459/3/1 458/3/1
f 463/3/1 459/3/1 462/3/1
f 464/3/1 461/3/1 460/3/1
f 465/3/1 461/3/1 464/3/1
f 468/3/1 467/3/1 466/3/1
f 469/3/1 467/3/1 468/3/1
f 472/3/1 471/3/1 470/3/1
f 473/3/1 471/3/1 472/3/1
f 476/11/1 475/11/1 474/11/1
f 477/11/1 475/11/1 476/11/1
f 480/3/1 479/3/1 478/3/1
f 481/3/1 479/3/1 480/3/1
f 486/3/1 483/3/1 482/3/1
f 487/3/1 483/3/1 486/3/1
f 488/3/1 485/3/1 484/3/1
f 489/3/1 485/3/1 488/3/1
f 494/3/1 491/3/1 490/3/1
f 495/3/1 491/3/1 494/3/1
f 496/3/1 493/3/1 492/3/1
f 497/3/1 493/3/1 496/3/1
f 500/3/1 499/3/1 498/3/1
f 501/3/1 499/3/1 500/3/1
f 506/11/1 503/11/1 502/11/1
f 507/11/1 503/11/1 506/11/1
f 510/11/1 505/11/1 504/11/1
f 511/11/1 505/11/1 510/11/1
f 512/11/1 509/11/1 508/11/1
f 513/11/1 509/11/1 512/11/1
f 516/3/1 515/3/1 514/3/1
f 517/3/1 515/3/1 516/3/1
f 520/3/1 519/3/1 518/3/1
f 521/3/1 519/3/1 520/3/1
f 526/3/1 523/3/1 522/3/1
f 527/3/1 523/3/1 526/3/1
f 528/3/1 525/3/1 524/3/1
f 529/3/1 525/3/1 528/3/1
f 534/11/1 531/11/1 530/11/1
f 535/11/1 531/11/1 534/11/1
f 536/11/1 533/11/1 532/11/1
f 537/11/1 533/11/1 536/11/1
f 540/2/1 539/2/1 538/2/1
f 541/2/1 539/2/1 540/2/1
f 544/3/1 543/3/1 542/3/1
f 545/3/1 543/3/1 544/3/1
f 548/3/1 547/3/1 546/3/1
f 549/3/1 547/3/1 548/3/1
f 552/11/1 551/11/1 550/11/1
f 553/11/1 551/11/1 552/11/1
f 558/3/1 555/3/1 554/3/1
f 559/3/1 555/3/1 558/3/1
f 562/3/1 557/3/1 556/3/1
f 563/3/1 557/3/1 562/3/1
f 566/3/1 561/3/1 560/3/1
f 567/3/1 561/3/1 566/3/1
f 568/3/1 565/3/1 564/3/1
f 569/3/1 565/3/1 568/3/1
f 572/3/1 571/3/1 570/3/1
f 573/3/1 571/3/1 572/3/1
f 576/3/1 575/3/1 574/3/1
f 577/3/1 575/3/1 576/3/1
f 580/11/1 579/11/1 578/11/1
f 581/11/1 579/11/1 580/11/1
f 584/3/1 583/3/1 582/3/1
f 585/3/1 583/3/1 584/3/1
f 590/3/1 587/3/1 586/3/1
f 591/3/1 587/3/1 590/3/1
f 594/3/1 589/3/1 588/3/1
f 595/3/1 589/3/1 594/3/1
f 598/3/1 593/3/1 592/3/1
f 599/3/1 593/3/1 598/3/1
f 602/3/1 597/3/1 596/3/1
f 603/3/1 597/3/1 602/3/1
f 606/3/1 601/3/1 600/3/1
f 607/3/1 601/3/1 606/3/1
f 608/3/1 605/3/1 604/3/1
f 609/3/1 605/3/1 608/3/1
f 612/11/1 611/11/1 610/11/1
f 613/11/1 611/11/1 612/11/1
f 616/11/1 615/11/1 614/11/1
f 617/11/1 615/11/1 616/11/1
f 622/3/1 619/3/1 618/3/1
f 623/3/1 619/3/1 622/3/1
f 624/3/1 621/3/1 620/3/1
f 625/3/1 621/3/1 624/3/1
f 630/3/1 627/3/1 626/3/1
f 631/3/1 627/3/1 630/3/1
f 632/3/1 629/3/1 628/3/1
f 633/3/1 629/3/1 632/3/1
f 638/3/1 635/3/1 634/3/1
f 639/3/1 635/3/1 638/3/1
f 640/3/1 637/3/1 636/3/1
f 641/3/1 637/3/1 640/3/1
f 646/11/1 643/11/1 642/11/1
f 647/11/1 643/11/1 646/11/1
f 650/11/1 645/11/1 644/11/1
f 651/11/1 645/11/1 650/11/1
f 652/11/1 649/11/1 648/11/1
f 653/11/1 649/11/1 652/11/1
f 658/3/1 655/3/1 654/3/1
f 659/3/1 655/3/1 658/3/1
f 662/3/1 657/3/1 656/3/1
f 663/3/1 657/3/1 662/3/1
f 666/3/1 661/3/1 660/3/1
f 667/3/1 661/3/1 666/3/1
f 670/3/1 665/3/1 664/3/1
f 671/3/1 665/3/1 670/3/1
f 672/3/1 669/3/1 668/3/1
f 673/3/1 669/3/1 672/3/1
f 676/3/1 675/3/1 674/3/1
f 677/3/1 675/3/1 676/3/1
f 680/3/1 679/3/1 678/3/1
f 681/3/1 679/3/1 680/3/1
f 684/11/1 683/11/1 682/11/1
f 685/11/1 683/11/1 684/11/1
f 688/11/1 687/11/1 686/11/1
f 689/11/1 687/11/1 688/11/1
f 694/3/1 691/3/1 690/3/1
f 695/3/1 691/3/1 694/3/1
f 698/3/1 693/3/1 692/3/1
f 699/3/1 693/3/1 698/3/1
f 700/3/1 697/3/1 696/3/1
f 701/3/1 697/3/1 700/3/1
f 706/3/1 703/3/1 702/3/1
f 707/3/1 703/3/1 706/3/1
f 708/3/1 705/3/1 704/3/1
f 709/3/1 705/3/1 708/3/1
f 714/3/1 711/3/1 710/3/1
f 715/3/1 711/3/1 714/3/1
f 718/3/1 713/3/1 712/3/1
f 719/3/1 713/3/1 718/3/1
f 720/3/1 717/3/1 716/3/1
f 721/3/1 717/3/1 720/3/1
f 726/3/1 723/3/1 722/3/1
f 727/3/1 723/3/1 726/3/1
f 728/3/1 725/3/1 724/3/1
f 729/3/1 725/3/1 728/3/1
f 734/11/1 731/11/1 730/11/1
f 735/11/1 731/11/1 734/11/1
f 736/11/1 733/11/1 732/11/1
f 737/11/1 733/11/1 736/11/1
f 740/3/1 739/3/1 738/3/1
f 741/3/1 739/3/1 740/3/1
f 746/3/1 743/3/1 742/3/1
f 747/3/1 743/3/1 746/3/1
f 748/11/1 745/11/1 744/11/1
f 749/11/1 745/11/1 748/11/1
f 752/11/1 751/11/1 750/11/1
f 753/11/1 751/11/1 752/11/1
f 758/3/1 755/3/1 754/3/1
f 759/3/1 755/3/1 758/3/1
f 762/3/1 757/3/1 756/3/1
f 763/3/1 757/3/1 762/3/1
f 764/3/1 761/3/1 760/3/1
f 765/3/1 761/3/1 764/3/1
f 768/3/1 767/3/1 766/3/1
f 769/3/1 767/3/1 768/3/1
f 772/3/1 771/3/1 770/3/1
f 773/3/1 771/3/1 772/3/1
f 778/3/1 775/3/1 774/3/1
f 779/3/1 775/3/1 778/3/1
f 782/3/1 777/3/1 776/3/1
f 783/3/1 777/3/1 782/3/1
f 784/3/1 781/3/1 780/3/1
f 785/3/1 781/3/1 784/3/1
f 788/3/1 787/3/1 786/3/1
f 789/3/1 787/3/1 788/3/1
f 794/3/1 791/3/1 790/3/1
f 795/3/1 791/3/1 794/3/1
f 796/3/1 793/3/1 792/3/1
f 797/3/1 793/3/1 796/3/1
f 802/11/1 799/11/1 798/11/1
f 803/11/1 799/11/1 802/11/1
f 806/11/1 801/11/1 800/11/1
f 807/11/1 801/11/1 806/11/1
f 808/11/1 805/11/1 804/11/1
f 809/11/1 805/11/1 808/11/1
f 814/3/1 811/3/1 810/3/1
f 815/3/1 811/3/1 814/3/1
f 818/3/1 813/3/1 812/3/1
f 819/3/1 813/3/1 818/3/1
f 820/3/1 817/3/1 816/3/1
f 821/3/1 817/3/1 820/3/1
f 824/3/1 823/3/1 822/3/1
f 825/3/1 823/3/1 824/3/1
f 828/11/1 827/11/1 826/11/1
f 829/11/1 827/11/1 828/11/1
f 832/3/1 831/3/1 830/3/1
f 833/3/1 831/3/1 832/3/1
f 838/3/1 835/3/1 834/3/1
f 839/3/1 835/3/1 838/3/1
f 840/3/1 837/3/1 836/3/1
f 841/3/1 837/3/1 840/3/1
f 846/3/1 843/3/1 842/3/1
f 847/3/1 843/3/1 846/3/1
f 850/3/1 845/3/1 844/3/1
f 851/3/1 845/3/1 850/3/1
f 852/3/1 849/3/1 848/3/1
f 853/3/1 849/3/1 852/3/1
f 858/11/1 855/11/1 854/11/1
f 859/11/1 855/11/1 858/11/1
f 862/11/1 857/11/1 856/11/1
f 863/11/1 857/11/1 862/11/1
f 864/11/1 861/11/1 860/11/1
f 865/11/1 861/11/1 864/11/1
f 870/3/1 867/3/1 866/3/1
f 871/3/1 867/3/1 870/3/1
f 874/3/1 869/3/1 868/3/1
f 875/3/1 869/3/1 874/3/1
f 876/3/1 873/3/1 872/3/1
f 877/3/1 873/3/1 876/3/1
f 880/3/1 879/3/1 878/3/1
f 881/3/1 879/3/1 880/3/1
f 884/3/1 883/3/1 882/3/1
f 885/3/1 883/3/1 884/3/1
f 890/11/1 887/11/1 886/11/1
f 891/11/1 887/11/1 890/11/1
f 892/11/1 889/11/1 888/11/1
f 893/11/1 889/11/1 892/11/1
f 898/3/1 895/3/1 894/3/1
f 899/3/1 895/3/1 898/3/1
f 900/3/1 897/3/1 896/3/1
f 901/3/1 897/3/1 900/3/1
f 904/3/1 903/3/1 902/3/1
f 905/3/1 903/3/1 904/3/1
f 908/3/1 907/3/1 906/3/1
f 909/3/1 907/3/1 908/3/1
f 918/11/1 911/11/1 910/11/1
f 919/11/1 911/11/1 918/11/1
f 920/11/1 913/11/1 912/11/1
f 921/11/1 913/11/1 920/11/1
f 922/11/1 915/11/1 914/11/1
f 923/6/1 916/6/1 915/6/1
f 923/11/1 915/11/1 922/11/1
f 924/11/1 917/11/1 916/11/1
f 924/6/1 916/6/1 923/6/1
f 925/11/1 917/11/1 924/11/1
f 928/3/1 927/3/1 926/3/1
f 929/3/1 927/3/1 928/3/1
f 932/3/1 931/3/1 930/3/1
f 933/3/1 931/3/1 932/3/1
f 936/3/1 935/3/1 934/3/1
f 937/3/1 935/3/1 936/3/1
f 940/11/1 939/11/1 938/11/1
f 941/11/1 939/11/1 940/11/1
f 946/11/1 943/11/1 942/11/1
f 947/11/1 943/11/1 946/11/1
f 948/11/1 945/11/1 944/11/1
f 949/11/1 945/11/1 948/11/1
f 954/3/1 951/3/1 950/3/1
f 955/3/1 951/3/1 954/3/1
f 958/3/1 953/3/1 952/3/1
f 959/3/1 953/3/1 958/3/1
f 962/3/1 957/3/1 956/3/1
f 963/3/1 957/3/1 962/3/1
f 966/3/1 961/3/1 960/3/1
f 967/3/1 961/3/1 966/3/1
f 968/3/1 965/3/1 964/3/1
f 969/3/1 965/3/1 968/3/1
f 972/3/1 971/3/1 970/3/1
f 973/3/1 971/3/1 972/3/1
f 978/11/1 975/11/1 974/11/1
f 979/11/1 975/11/1 978/11/1
f 980/11/1 977/11/1 976/11/1
f 981/11/1 977/11/1 980/11/1
f 984/3/1 983/3/1 982/3/1
f 985/3/1 983/3/1 984/3/1
f 990/3/1 987/3/1 986/3/1
f 991/3/1 987/3/1 990/3/1
f 994/11/1 989/11/1 988/11/1
f 995/11/1 989/11/1 994/11/1
f 996/11/1 993/11/1 992/11/1
f 997/11/1 993/11/1 996/11/1
f 1000/11/1 999/11/1 998/11/1
f 1001/11/1 999/11/1 1000/11/1
f 1006/3/1 1003/3/1 1002/3/1
f 1007/3/1 1003/3/1 1006/3/1
f 1010/3/1 1005/3/1 1004/3/1
f 1011/3/1 1005/3/1 1010/3/1
f 1012/3/1 1009/3/1 1008/3/1
f 1013/3/1 1009/3/1 1012/3/1
f 1018/3/1 1015/3/1 1014/3/1
f 1019/3/1 1015/3/1 1018/3/1
f 1020/3/1 1017/3/1 1016/3/1
f 1021/3/1 1017/3/1 1020/3/1
f 1024/3/1 1023/3/1 1022/3/1
f 1025/3/1 1023/3/1 1024/3/1
f 1030/11/1 1027/11/1 1026/11/1
f 1031/11/1 1027/11/1 1030/11/1
f 1032/11/1 1029/11/1 1028/11/1
f 1033/11/1 1029/11/1 1032/11/1
f 1038/3/1 1035/3/1 1034/3/1
f 1039/3/1 1035/3/1 1038/3/1
f 1040/3/1 1037/3/1 1036/3/1
f 1041/3/1 1037/3/1 1040/3/1
f 1044/3/1 1043/3/1 1042/3/1
f 1045/3/1 1043/3/1 1044/3/1
f 1048/11/1 1047/11/1 1046/11/1
f 1049/11/1 1047/11/1 1048/11/1
f 1052/11/1 1051/11/1 1050/11/1
f 1053/11/1 1051/11/1 1052/11/1
f 1058/3/1 1055/3/1 1054/3/1
f 1059/3/1 1055/3/1 1058/3/1
f 1062/3/1 1057/3/1 1056/3/1
f 1063/3/1 1057/3/1 1062/3/1
f 1064/3/1 1061/3/1 1060/3/1
f 1065/3/1 1061/3/1 1064/3/1
f 1070/3/1 1067/3/1 1066/3/1
f 1071/3/1 1067/3/1 1070/3/1
f 1072/3/1 1069/3/1 1068/3/1
f 1073/3/1 1069/3/1 1072/3/1
f 1076/3/1 1075/3/1 1074/3/1
f 1077/3/1 1075/3/1 1076/3/1
f 1082/11/1 1079/11/1 1078/11/1
f 1083/11/1 1079/11/1 1082/11/1
f 1084/11/1 1081/11/1 1080/11/1
f 1085/11/1 1081/11/1 1084/11/1
f 1090/3/1 1087/3/1 1086/3/1
f 1091/3/1 1087/3/1 1090/3/1
f 1094/3/1 1089/3/1 1088/3/1
f 1095/3/1 1089/3/1 1094/3/1
f 1098/3/1 1093/3/1 1092/3/1
f 1099/3/1 1093/3/1 1098/3/1
f 1100/3/1 1097/3/1 1096/3/1
f 1101/3/1 1097/3/1 1100/3/1
f 1104/3/1 1103/3/1 1102/3/1
f 1105/3/1 1103/3/1 1104/3/1
f 1110/11/1 1107/11/1 1106/11/1
f 1111/11/1 1107/11/1 1110/11/1
f 1114/11/1 1109/11/1 1108/11/1
f 1115/11/1 1109/11/1 1114/11/1
f 1116/11/1 1113/11/1 1112/11/1
f 1117/11/1 1113/11/1 1116/11/1
f 1122/3/1 1119/3/1 1118/3/1
f 1123/3/1 1119/3/1 1122/3/1
f 1124/11/1 1121/11/1 1120/11/1
f 1125/11/1 1121/11/1 1124/11/1
f 1130/3/1 1127/3/1 1126/3/1
f 1131/3/1 1127/3/1 1130/3/1
f 1132/3/1 1129/3/1 1128/3/1
f 1133/3/1 1129/3/1 1132/3/1
f 1138/3/1 1135/3/1 1134/3/1
f 1139/3/1 1135/3/1 1138/3/1
f 1142/3/1 1137/3/1 1136/3/1
f 1143/3/1 1137/3/1 1142/3/1
f 1146/3/1 1141/3/1 1140/3/1
f 1147/3/1 1141/3/1 1146/3/1
f 1148/3/1 1145/3/1 1144/3/1
f 1149/3/1 1145/3/1 1148/3/1
f 1152/11/1 1151/11/1 1150/11/1
f 1153/11/1 1151/11/1 1152/11/1
f 1156/11/1 1155/11/1 1154/11/1
f 1157/11/1 1155/11/1 1156/11/1
f 1160/3/1 1159/3/1 1158/3/1
f 1161/3/1 1159/3/1 1160/3/1
f 1166/3/1 1163/3/1 1162/3/1
f 1167/3/1 1163/3/1 1166/3/1
f 1168/11/1 1165/11/1 1164/11/1
f 1169/11/1 1165/11/1 1168/11/1
f 1174/11/1 1171/11/1 1170/11/1
f 1175/11/1 1171/11/1 1174/11/1
f 1176/11/1 1173/11/1 1172/11/1
f 1177/11/1 1173/11/1 1176/11/1
f 1180/3/1 1179/3/1 1178/3/1
f 1181/3/1 1179/3/1 1180/3/1
f 1186/3/1 1183/3/1 1182/3/1
f 1187/3/1 1183/3/1 1186/3/1
f 1188/3/1 1185/3/1 1184/3/1
f 1189/3/1 1185/3/1 1188/3/1
f 1192/11/1 1191/11/1 1190/11/1
f 1193/11/1 1191/11/1 1192/11/1
f 1196/11/1 1195/11/1 1194/11/1
f 1197/11/1 1195/11/1 1196/11/1
f 1202/3/1 1199/3/1 1198/3/1
f 1203/3/1 1199/3/1 1202/3/1
f 1206/3/1 1201/3/1 1200/3/1
f 1207/3/1 1201/3/1 1206/3/1
f 1210/3/1 1205/3/1 1204/3/1
f 1211/3/1 1205/3/1 1210/3/1
f 1214/3/1 1209/3/1 1208/3/1
f 1215/3/1 1209/3/1 1214/3/1
f 1216/3/1 1213/3/1 1212/3/1
f 1217/3/1 1213/3/1 1216/3/1
f 1222/3/1 1219/3/1 1218/3/1
f 1223/3/1 1219/3/1 1222/3/1
f 1224/11/1 1221/11/1 1220/11/1
f 1225/11/1 1221/11/1 1224/11/1
f 1230/11/1 1227/11/1 1226/11/1
f 1231/11/1 1227/11/1 1230/11/1
f 1232/11/1 1229/11/1 1228/11/1
f 1233/11/1 1229/11/1 1232/11/1
f 1236/3/1 1235/3/1 1234/3/1
f 1237/3/1 1235/3/1 1236/3/1
f 1242/3/1 1239/3/1 1238/3/1
f 1243/3/1 1239/3/1 1242/3/1
f 1246/3/1 1241/3/1 1240/3/1
f 1247/3/1 1241/3/1 1246/3/1
f 1250/11/1 1245/11/1 1244/11/1
f 1251/11/1 1245/11/1 1250/11/1
f 1252/11/1 1249/11/1 1248/11/1
f 1253/11/1 1249/11/1 1252/11/1
f 1256/11/1 1255/11/1 1254/11/1
f 1257/11/1 1255/11/1 1256/11/1
f 1262/3/1 1259/3/1 1258/3/1
f 1263/3/1 1259/3/1 1262/3/1
f 1264/3/1 1261/3/1 1260/3/1
f 1265/3/1 1261/3/1 1264/3/1
f 1270/3/1 1267/3/1 1266/3/1
f 1271/3/1 1267/3/1 1270/3/1
f 1274/3/1 1269/3/1 1268/3/1
f 1275/3/1 1269/3/1 1274/3/1
f 1276/3/1 1273/3/1 1272/3/1
f 1277/3/1 1273/3/1 1276/3/1
f 1282/11/1 1279/11/1 1278/11/1
f 1283/11/1 1279/11/1 1282/11/1
f 1284/11/1 1281/11/1 1280/11/1
f 1285/11/1 1281/11/1 1284/11/1
f 1288/3/1 1287/3/1 1286/3/1
f 1289/3/1 1287/3/1 1288/3/1
f 1294/3/1 1291/3/1 1290/3/1
f 1295/3/1 1291/3/1 1294/3/1
f 1298/3/1 1293/3/1 1292/3/1
f 1299/3/1 1293/3/1 1298/3/1
f 1300/11/1 1297/11/1 1296/11/1
f 1301/11/1 1297/11/1 1300/11/1
f 1304/11/1 1303/11/1 1302/11/1
f 1305/11/1 1303/11/1 1304/11/1
f 1310/3/1 1307/3/1 1306/3/1
f 1311/3/1 1307/3/1 1310/3/1
f 1312/3/1 1309/3/1 1308/3/1
f 1313/3/1 1309/3/1 1312/3/1
f 1316/3/1 1315/3/1 1314/3/1
f 1317/3/1 1315/3/1 1316/3/1
f 1320/11/1 1319/11/1 1318/11/1
f 1321/11/1 1319/11/1 1320/11/1
f 1324/11/1 1323/11/1 1322/11/1
f 1325/11/1 1323/11/1 1324/11/1
f 1328/3/1 1327/3/1 1326/3/1
f 1329/3/1 1327/3/1 1328/3/1
f 1334/3/1 1331/3/1 1330/3/1
f 1335/3/1 1331/3/1 1334/3/1
f 1338/2/1 1333/2/1 1332/2/1
f 1339/2/1 1333/2/1 1338/2/1
f 1340/3/1 1337/3/1 1336/3/1
f 1341/3/1 1337/3/1 1340/3/1
f 1346/3/1 1343/3/1 1342/3/1
f 1347/3/1 1343/3/1 1346/3/1
f 1348/3/1 1345/3/1 1344/3/1
f 1349/3/1 1345/3/1 1348/3/1
f 1352/11/1 1351/11/1 1350/11/1
f 1353/11/1 1351/11/1 1352/11/1
f 1358/3/1 1355/3/1 1354/3/1
f 1359/3/1 1355/3/1 1358/3/1
f 1360/3/1 1357/3/1 1356/3/1
f 1361/3/1 1357/3/1 1360/3/1
f 1364/3/1 1363/3/1 1362/3/1
f 1365/3/1 1363/3/1 1364/3/1
f 1370/11/1 1367/11/1 1366/11/1
f 1371/11/1 1367/11/1 1370/11/1
f 1374/11/1 1369/11/1 1368/11/1
f 1375/11/1 1369/11/1 1374/11/1
f 1378/11/1 1373/11/1 1372/11/1
f 1379/11/1 1373/11/1 1378/11/1
f 1380/11/1 1377/11/1 1376/11/1
f 1381/11/1 1377/11/1 1380/11/1
f 1384/3/1 1383/3/1 1382/3/1
f 1385/3/1 1383/3/1 1384/3/1
f 1388/3/1 1387/3/1 1386/3/1
f 1389/3/1 1387/3/1 1388/3/1
f 1392/3/1 1391/3/1 1390/3/1
f 1393/3/1 1391/3/1 1392/3/1
f 1396/11/1 1395/11/1 1394/11/1
f 1397/11/1 1395/11/1 1396/11/1
f 1402/3/1 1399/3/1 1398/3/1
f 1403/3/1 1399/3/1 1402/3/1
f 1404/3/1 1401/3/1 1400/3/1
f 1405/3/1 1401/3/1 1404/3/1
f 1408/3/1 1407/3/1 1406/3/1
f 1409/3/1 1407/3/1 1408/3/1
f 1414/3/1 1411/3/1 1410/3/1
f 1415/3/1 1411/3/1 1414/3/1
f 1418/3/1 1413/3/1 1412/3/1
f 1419/3/1 1413/3/1 1418/3/1
f 1420/11/1 1417/11/1 1416/11/1
f 1421/11/1 1417/11/1 1420/11/1
f 1424/11/1 1423/11/1 1422/11/1
f 1425/11/1 1423/11/1 1424/11/1
f 1428/3/1 1427/3/1 1426/3/1
f 1429/3/1 1427/3/1 1428/3/1
f 1432/3/1 1431/3/1 1430/3/1
f 1433/3/1 1431/3/1 1432/3/1
f 1438/3/1 1435/3/1 1434/3/1
f 1439/3/1 1435/3/1 1438/3/1
f 1442/3/1 1437/3/1 1436/3/1
f 1443/3/1 1437/3/1 1442/3/1
f 1444/3/1 1441/3/1 1440/3/1
f 1445/3/1 1441/3/1 1444/3/1
f 1448/11/1 1447/11/1 1446/11/1
f 1449/11/1 1447/11/1 1448/11/1
f 1452/11/1 1451/11/1 1450/11/1
f 1453/11/1 1451/11/1 1452/11/1
f 1456/3/1 1455/3/1 1454/3/1
f 1457/3/1 1455/3/1 1456/3/1
f 1460/3/1 1459/3/1 1458/3/1
f 1461/3/1 1459/3/1 1460/3/1
f 1464/3/1 1463/3/1 1462/3/1
f 1465/3/1 1463/3/1 1464/3/1
f 1468/11/1 1467/11/1 1466/11/1
f 1469/11/1 1467/11/1 1468/11/1
f 1474/3/1 1471/3/1 1470/3/1
f 1475/3/1 1471/3/1 1474/3/1
f 1476/3/1 1473/3/1 1472/3/1
f 1477/3/1 1473/3/1 1476/3/1
f 1482/3/1 1479/3/1 1478/3/1
f 1483/3/1 1479/3/1 1482/3/1
f 1486/11/1 1481/11/1 1480/11/1
f 1487/11/1 1481/11/1 1486/11/1
f 1488/11/1 1485/11/1 1484/11/1
f 1489/11/1 1485/11/1 1488/11/1
f 1492/11/1 1491/11/1 1490/11/1
f 1493/11/1 1491/11/1 1492/11/1
f 1498/3/1 1495/3/1 1494/3/1
f 1499/3/1 1495/3/1 1498/3/1
f 1500/3/1 1497/3/1 1496/3/1
f 1501/3/1 1497/3/1 1500/3/1
f 1506/3/1 1503/3/1 1502/3/1
f 1507/3/1 1503/3/1 1506/3/1
f 1510/3/1 1505/3/1 1504/3/1
f 1511/3/1 1505/3/1 1510/3/1
f 1514/3/1 1509/3/1 1508/3/1
f 1515/3/1 1509/3/1 1514/3/1
f 1516/3/1 1513/3/1 1512/3/1
f 1517/3/1 1513/3/1 1516/3/1
f 1520/3/1 1519/3/1 1518/3/1
f 1521/3/1 1519/3/1 1520/3/1
f 1526/3/1 1523/3/1 1522/3/1
f 1527/3/1 1523/3/1 1526/3/1
f 1528/3/1 1525/3/1 1524/3/1
f 1529/3/1 1525/3/1 1528/3/1
f 1534/3/1 1531/3/1 1530/3/1
f 1535/3/1 1531/3/1 1534/3/1
f 1536/3/1 1533/3/1 1532/3/1
f 1537/3/1 1533/3/1 1536/3/1
f 1540/11/1 1539/11/1 1538/11/1
f 1541/11/1 1539/11/1 1540/11/1
f 1544/3/1 1543/3/1 1542/3/1
f 1545/3/1 1543/3/1 1544/3/1
f 1548/3/1 1547/3/1 1546/3/1
f 1549/3/1 1547/3/1 1548/3/1
f 1554/3/1 1551/3/1 1550/3/1
f 1555/3/1 1551/3/1 1554/3/1
f 1558/11/1 1553/11/1 1552/11/1
f 1559/11/1 1553/11/1 1558/11/1
f 1562/11/1 1557/11/1 1556/11/1
f 1563/11/1 1557/11/1 1562/11/1
f 1566/11/1 1561/11/1 1560/11/1
f 1567/11/1 1561/11/1 1566/11/1
f 1568/11/1 1565/11/1 1564/11/1
f 1569/11/1 1565/11/1 1568/11/1
f 1574/3/1 1571/3/1 1570/3/1
f 1575/3/1 1571/3/1 1574/3/1
f 1576/3/1 1573/3/1 1572/3/1
f 1577/3/1 1573/3/1 1576/3/1
f 1580/3/1 1579/3/1 1578/3/1
f 1581/3/1 1579/3/1 1580/3/1
f 1586/3/1 1583/3/1 1582/3/1
f 1587/3/1 1583/3/1 1586/3/1
f 1588/3/1 1585/3/1 1584/3/1
f 1589/3/1 1585/3/1 1588/3/1
f 1592/11/1 1591/11/1 1590/11/1
f 1593/11/1 1591/11/1 1592/11/1
f 1596/3/1 1595/3/1 1594/3/1
f 1597/3/1 1595/3/1 1596/3/1
f 1602/3/1 1599/3/1 1598/3/1
f 1603/3/1 1599/3/1 1602/3/1
f 1606/3/1 1601/3/1 1600/3/1
f 1607/3/1 1601/3/1 1606/3/1
f 1610/3/1 1605/3/1 1604/3/1
f 1611/3/1 1605/3/1 1610/3/1
f 1614/3/1 1609/3/1 1608/3/1
f 1615/3/1 1609/3/1 1614/3/1
f 1616/11/1 1613/11/1 1612/11/1
f 1617/11/1 1613/11/1 1616/11/1
f 1620/3/1 1619/3/1 1618/3/1
f 1621/3/1 1619/3/1 1620/3/1
f 1626/3/1 1623/3/1 1622/3/1
f 1627/3/1 1623/3/1 1626/3/1
f 1630/3/1 1625/3/1 1624/3/1
f 1631/3/1 1625/3/1 1630/3/1
f 1632/3/1 1629/3/1 1628/3/1
f 1633/3/1 1629/3/1 1632/3/1
f 1636/3/1 1635/3/1 1634/3/1
f 1637/3/1 1635/3/1 1636/3/1
f 1642/11/1 1639/11/1 1638/11/1
f 1643/11/1 1639/11/1 1642/11/1
f 1644/11/1 1641/11/1 1640/11/1
f 1645/11/1 1641/11/1 1644/11/1
f 1648/3/1 1647/3/1 1646/3/1
f 1649/3/1 1647/3/1 1648/3/1
f 1652/3/1 1651/3/1 1650/3/1
f 1653/3/1 1651/3/1 1652/3/1
f 1658/3/1 1655/3/1 1654/3/1
f 1659/3/1 1655/3/1 1658/3/1
f 1662/3/1 1657/3/1 1656/3/1
f 1663/3/1 1657/3/1 1662/3/1
f 1664/3/1 1661/3/1 1660/3/1
f 1665/3/1 1661/3/1 1664/3/1
f 1668/11/1 1667/11/1 1666/11/1
f 1669/11/1 1667/11/1 1668/11/1
f 1672/3/1 1671/3/1 1670/3/1
f 1673/3/1 1671/3/1 1672/3/1
f 1676/3/1 1675/3/1 1674/3/1
f 1677/3/1 1675/3/1 1676/3/1
f 1680/3/1 1679/3/1 1678/3/1
f 1681/3/1 1679/3/1 1680/3/1
f 1684/11/1 1683/11/1 1682/11/1
f 1685/11/1 1683/11/1 1684/11/1
f 1688/11/1 1687/11/1 1686/11/1
f 1689/11/1 1687/11/1 1688/11/1
f 1694/3/1 1691/3/1 1690/3/1
f 1695/3/1 1691/3/1 1694/3/1
f 1698/3/1 1693/3/1 1692/3/1
f 1699/3/1 1693/3/1 1698/3/1
f 1702/3/1 1697/3/1 1696/3/1
f 1703/3/1 1697/3/1 1702/3/1
f 1706/3/1 1701/3/1 1700/3/1
f 1707/3/1 1701/3/1 1706/3/1
f 1710/3/1 1705/3/1 1704/3/1
f 1711/3/1 1705/3/1 1710/3/1
f 1714/3/1 1709/3/1 1708/3/1
f 1715/3/1 1709/3/1 1714/3/1
f 1716/3/1 1713/3/1 1712/3/1
f 1717/3/1 1713/3/1 1716/3/1
f 1720/11/1 1719/11/1 1718/11/1
f 1721/11/1 1719/11/1 1720/11/1
f 1724/3/1 1723/3/1 1722/3/1
f 1725/3/1 1723/3/1 1724/3/1
f 1730/3/1 1727/3/1 1726/3/1
f 1731/3/1 1727/3/1 1730/3/1
f 1732/3/1 1729/3/1 1728/3/1
f 1733/3/1 1729/3/1 1732/3/1
f 1736/3/1 1735/3/1 1734/3/1
f 1737/3/1 1735/3/1 1736/3/1
f 1740/11/1 1739/11/1 1738/11/1
f 1741/11/1 1739/11/1 1740/11/1
f 1744/11/1 1743/11/1 1742/11/1
f 1745/11/1 1743/11/1 1744/11/1
f 1750/3/1 1747/3/1 1746/3/1
f 1751/3/1 1747/3/1 1750/3/1
f 1754/3/1 1749/3/1 1748/3/1
f 1755/3/1 1749/3/1 1754/3/1
f 1758/4/1 1753/4/1 1752/4/1
f 1759/4/1 1753/4/1 1758/4/1
f 1762/3/1 1757/3/1 1756/3/1
f 1763/3/1 1757/3/1 1762/3/1
f 1766/3/1 1761/3/1 1760/3/1
f 1767/3/1 1761/3/1 1766/3/1
f 1770/3/1 1765/3/1 1764/3/1
f 1771/3/1 1765/3/1 1770/3/1
f 1774/3/1 1769/3/1 1768/3/1
f 1775/3/1 1769/3/1 1774/3/1
f 1776/11/1 1773/11/1 1772/11/1
f 1777/11/1 1773/11/1 1776/11/1
f 1782/3/1 1779/3/1 1778/3/1
f 1783/3/1 1779/3/1 1782/3/1
f 1784/3/1 1781/3/1 1780/3/1
f 1785/3/1 1781/3/1 1784/3/1
f 1790/11/1 1787/11/1 1786/11/1
f 1791/11/1 1787/11/1 1790/11/1
f 1794/11/1 1789/11/1 1788/11/1
f 1795/11/1 1789/11/1 1794/11/1
f 1796/11/1 1793/11/1 1792/11/1
f 1797/11/1 1793/11/1 1796/11/1
f 1802/3/1 1799/3/1 1798/3/1
f 1803/3/1 1799/3/1 1802/3/1
f 1806/3/1 1801/3/1 1800/3/1
f 1807/3/1 1801/3/1 1806/3/1
f 1808/3/1 1805/3/1 1804/3/1
f 1809/3/1 1805/3/1 1808/3/1
f 1814/3/1 1811/3/1 1810/3/1
f 1815/3/1 1811/3/1 1814/3/1
f 1818/3/1 1813/3/1 1812/3/1
f 1819/3/1 1813/3/1 1818/3/1
f 1822/3/1 1817/3/1 1816/3/1
f 1823/3/1 1817/3/1 1822/3/1
f 1824/11/1 1821/11/1 1820/11/1
f 1825/11/1 1821/11/1 1824/11/1
f 1828/3/1 1827/3/1 1826/3/1
f 1829/3/1 1827/3/1 1828/3/1
f 1832/3/1 1831/3/1 1830/3/1
f 1833/3/1 1831/3/1 1832/3/1
f 1838/3/1 1835/3/1 1834/3/1
f 1839/3/1 1835/3/1 1838/3/1
f 1840/3/1 1837/3/1 1836/3/1
f 1841/3/1 1837/3/1 1840/3/1
f 1844/11/1 1843/11/1 1842/11/1
f 1845/11/1 1843/11/1 1844/11/1
f 1848/6/1 1847/6/1 1846/6/1
f 1849/6/1 1847/6/1 1848/6/1
f 1854/3/1 1851/3/1 1850/3/1
f 1855/3/1 1851/3/1 1854/3/1
f 1858/3/1 1853/3/1 1852/3/1
f 1859/3/1 1853/3/1 1858/3/1
f 1860/3/1 1857/3/1 1856/3/1
f 1861/3/1 1857/3/1 1860/3/1
f 1864/3/1 1863/3/1 1862/3/1
f 1865/3/1 1863/3/1 1864/3/1
f 1870/3/1 1867/3/1 1866/3/1
f 1871/3/1 1867/3/1 1870/3/1
f 1872/11/1 1869/11/1 1868/11/1
f 1873/11/1 1869/11/1 1872/11/1
f 1876/11/1 1875/11/1 1874/11/1
f 1877/11/1 1875/11/1 1876/11/1
f 1882/3/1 1879/3/1 1878/3/1
f 1883/3/1 1879/3/1 1882/3/1
f 1886/3/1 1881/3/1 1880/3/1
f 1887/3/1 1881/3/1 1886/3/1
f 1890/3/1 1885/3/1 1884/3/1
f 1891/3/1 1885/3/1 1890/3/1
f 1894/3/1 1889/3/1 1888/3/1
f 1895/3/1 1889/3/1 1894/3/1
f 1898/3/1 1893/3/1 1892/3/1
f 1899/3/1 1893/3/1 1898/3/1
f 1902/11/1 1897/11/1 1896/11/1
f 1903/11/1 1897/11/1 1902/11/1
f 1904/11/1 1901/11/1 1900/11/1
f 1905/11/1 1901/11/1 1904/11/1
f 1910/3/1 1907/3/1 1906/3/1
f 1911/3/1 1907/3/1 1910/3/1
f 1912/3/1 1909/3/1 1908/3/1
f 1913/3/1 1909/3/1 1912/3/1
f 1918/3/1 1915/3/1 1914/3/1
f 1919/3/1 1915/3/1 1918/3/1
f 1922/3/1 1917/3/1 1916/3/1
f 1923/3/1 1917/3/1 1922/3/1
f 1924/11/1 1921/11/1 1920/11/1
f 1925/11/1 1921/11/1 1924/11/1
f 1928/11/1 1927/11/1 1926/11/1
f 1929/11/1 1927/11/1 1928/11/1
f 1932/3/1 1931/3/1 1930/3/1
f 1933/3/1 1931/3/1 1932/3/1
f 1938/3/1 1935/3/1 1934/3/1
f 1939/3/1 1935/3/1 1938/3/1
f 1942/3/1 1937/3/1 1936/3/1
f 1943/3/1 1937/3/1 1942/3/1
f 1946/3/1 1941/3/1 1940/3/1
f 1947/3/1 1941/3/1 1946/3/1
f 1948/3/1 1945/3/1 1944/3/1
f 1949/3/1 1945/3/1 1948/3/1
f 1952/11/1 1951/11/1 1950/11/1
f 1953/11/1 1951/11/1 1952/11/1
f 1958/3/1 1955/3/1 1954/3/1
f 1959/3/1 1955/3/1 1958/3/1
f 1960/3/1 1957/3/1 1956/3/1
f 1961/3/1 1957/3/1 1960/3/1
f 1966/3/1 1963/3/1 1962/3/1
f 1967/3/1 1963/3/1 1966/3/1
f 1970/3/1 1965/3/1 1964/3/1
f 1971/3/1 1965/3/1 1970/3/1
f 1974/3/1 1969/3/1 1968/3/1
f 1975/3/1 1969/3/1 1974/3/1
f 1976/11/1 1973/11/1 1972/11/1
f 1977/11/1 1973/11/1 1976/11/1
f 1982/11/1 1979/11/1 1978/11/1
f 1983/11/1 1979/11/1 1982/11/1
f 1984/11/1 1981/11/1 1980/11/1
f 1985/11/1 1981/11/1 1984/11/1
f 1988/3/1 1987/3/1 1986/3/1
f 1989/3/1 1987/3/1 1988/3/1
f 1992/3/1 1991/3/1 1990/3/1
f 1993/3/1 1991/3/1 1992/3/1
f 1998/3/1 1995/3/1 1994/3/1
f 1999/3/1 1995/3/1 1998/3/1
f 2000/3/1 1997/3/1 1996/3/1
f 2001/3/1 1997/3/1 2000/3/1
f 2004/11/1 2003/11/1 2002/11/1
f 2005/11/1 2003/11/1 2004/11/1
f 2010/3/1 2007/3/1 2006/3/1
f 2011/3/1 2007/3/1 2010/3/1
f 2014/3/1 2009/3/1 2008/3/1
f 2015/3/1 2009/3/1 2014/3/1
f 2018/3/1 2013/3/1 2012/3/1
f 2019/3/1 2013/3/1 2018/3/1
f 2022/3/1 2017/3/1 2016/3/1
f 2023/3/1 2017/3/1 2022/3/1
f 2024/3/1 2021/3/1 2020/3/1
f 2025/3/1 2021/3/1 2024/3/1
f 2030/3/1 2027/3/1 2026/3/1
f 2031/3/1 2027/3/1 2030/3/1
f 2032/11/1 2029/11/1 2028/11/1
f 2033/11/1 2029/11/1 2032/11/1
f 2036/11/1 2035/11/1 2034/11/1
f 2037/11/1 2035/11/1 2036/11/1
f 2042/3/1 2039/3/1 2038/3/1
f 2043/3/1 2039/3/1 2042/3/1
f 2046/3/1 2041/3/1 2040/3/1
f 2047/3/1 2041/3/1 2046/3/1
f 2050/3/1 2045/3/1 2044/3/1
f 2051/3/1 2045/3/1 2050/3/1
f 2054/3/1 2049/3/1 2048/3/1
f 2055/3/1 2049/3/1 2054/3/1
f 2056/3/1 2053/3/1 2052/3/1
f 2057/3/1 2053/3/1 2056/3/1
f 2060/11/1 2059/11/1 2058/11/1
f 2061/11/1 2059/11/1 2060/11/1
f 2066/3/1 2063/3/1 2062/3/1
f 2067/3/1 2063/3/1 2066/3/1
f 2070/3/1 2065/3/1 2064/3/1
f 2071/3/1 2065/3/1 2070/3/1
f 2074/3/1 2069/3/1 2068/3/1
f 2075/3/1 2069/3/1 2074/3/1
f 2078/3/1 2073/3/1 2072/3/1
f 2079/3/1 2073/3/1 2078/3/1
f 2082/11/1 2077/11/1 2076/11/1
f 2083/11/1 2077/11/1 2082/11/1
f 2084/11/1 2081/11/1 2080/11/1
f 2085/11/1 2081/11/1 2084/11/1
f 2088/11/1 2087/11/1 2086/11/1
f 2089/11/1 2087/11/1 2088/11/1
f 2094/3/1 2091/3/1 2090/3/1
f 2095/3/1 2091/3/1 2094/3/1
f 2098/3/1 2093/3/1 2092/3/1
f 2099/3/1 2093/3/1 2098/3/1
f 2102/3/1 2097/3/1 2096/3/1
f 2103/3/1 2097/3/1 2102/3/1
f 2104/3/1 2101/3/1 2100/3/1
f 2105/3/1 2101/3/1 2104/3/1
f 2110/3/1 2107/3/1 2106/3/1
f 2111/3/1 2107/3/1 2110/3/1
f 2112/3/1 2109/3/1 2108/3/1
f 2113/3/1 2109/3/1 2112/3/1
f 2116/11/1 2115/11/1 2114/11/1
f 2117/11/1 2115/11/1 2116/11/1
f 2122/3/1 2119/3/1 2118/3/1
f 2123/3/1 2119/3/1 2122/3/1
f 2126/3/1 2121/3/1 2120/3/1
f 2127/3/1 2121/3/1 2126/3/1
f 2128/3/1 2125/3/1 2124/3/1
f 2129/3/1 2125/3/1 2128/3/1
f 2132/11/1 2131/11/1 2130/11/1
f 2133/11/1 2131/11/1 2132/11/1
f 2140/11/1 2135/11/1 2134/11/1
f 2141/11/1 2135/11/1 2140/11/1
f 2142/11/1 2137/11/1 2136/11/1
f 2143/11/1 2137/11/1 2142/11/1
f 2144/11/1 2139/11/1 2138/11/1
f 2145/11/1 2139/11/1 2144/11/1
f 2150/3/1 2147/3/1 2146/3/1
f 2151/3/1 2147/3/1 2150/3/1
f 2154/3/1 2149/3/1 2148/3/1
f 2155/3/1 2149/3/1 2154/3/1
f 2156/1/1 2153/1/1 2152/1/1
f 2157/1/1 2153/1/1 2156/1/1
f 2160/3/1 2159/3/1 2158/3/1
f 2161/3/1 2159/3/1 2160/3/1
f 2166/3/1 2163/3/1 2162/3/1
f 2167/3/1 2163/3/1 2166/3/1
f 2168/11/1 2165/11/1 2164/11/1
f 2169/11/1 2165/11/1 2168/11/1
f 2172/11/1 2171/11/1 2170/11/1
f 2173/11/1 2171/11/1 2172/11/1
f 2178/6/1 2175/6/1 2174/6/1
f 2179/6/1 2175/6/1 2178/6/1
f 2180/11/1 2177/11/1 2176/11/1
f 2181/11/1 2177/11/1 2180/11/1
f 2186/3/1 2183/3/1 2182/3/1
f 2187/3/1 2183/3/1 2186/3/1
f 2190/3/1 2185/3/1 2184/3/1
f 2191/3/1 2185/3/1 2190/3/1
f 2192/3/1 2189/3/1 2188/3/1
f 2193/3/1 2189/3/1 2192/3/1
f 2198/11/1 2195/11/1 2194/11/1
f 2199/11/1 2195/11/1 2198/11/1
f 2200/11/1 2197/11/1 2196/11/1
f 2201/11/1 2197/11/1 2200/11/1
f 2208/11/1 2203/11/1 2202/11/1
f 2209/11/1 2203/11/1 2208/11/1
f 2210/11/1 2205/11/1 2204/11/1
f 2211/11/1 2205/11/1 2210/11/1
f 2212/11/1 2207/11/1 2206/11/1
f 2213/11/1 2207/11/1 2212/11/1
f 2218/3/1 2215/3/1 2214/3/1
f 2219/3/1 2215/3/1 2218/3/1
f 2220/3/1 2217/3/1 2216/3/1
f 2221/3/1 2217/3/1 2220/3/1
f 2224/3/1 2223/3/1 2222/3/1
f 2225/3/1 2223/3/1 2224/3/1
f 2228/3/1 2227/3/1 2226/3/1
f 2229/3/1 2227/3/1 2228/3/1
f 2232/11/1 2231/11/1 2230/11/1
f 2233/11/1 2231/11/1 2232/11/1
f 2236/3/1 2235/3/1 2234/3/1
f 2237/3/1 2235/3/1 2236/3/1
f 2242/3/1 2239/3/1 2238/3/1
f 2243/3/1 2239/3/1 2242/3/1
f 2246/3/1 2241/3/1 2240/3/1
f 2247/3/1 2241/3/1 2246/3/1
f 2248/3/1 2245/3/1 2244/3/1
f 2249/3/1 2245/3/1 2248/3/1
f 2252/11/1 2251/11/1 2250/11/1
f 2253/11/1 2251/11/1 2252/11/1
f 2260/11/1 2255/11/1 2254/11/1
f 2261/11/1 2255/11/1 2260/11/1
f 2262/11/1 2257/11/1 2256/11/1
f 2263/11/1 2257/11/1 2262/11/1
f 2264/11/1 2259/11/1 2258/11/1
f 2265/11/1 2259/11/1 2264/11/1
f 2270/3/1 2267/3/1 2266/3/1
f 2271/3/1 2267/3/1 2270/3/1
f 2274/3/1 2269/3/1 2268/3/1
f 2275/3/1 2269/3/1 2274/3/1
f 2276/3/1 2273/3/1 2272/3/1
f 2277/3/1 2273/3/1 2276/3/1
f 2280/3/1 2279/3/1 2278/3/1
f 2281/3/1 2279/3/1 2280/3/1
f 2286/3/1 2283/3/1 2282/3/1
f 2287/3/1 2283/3/1 2286/3/1
f 2288/11/1 2285/11/1 2284/11/1
f 2289/11/1 2285/11/1 2288/11/1
f 2294/11/1 2291/11/1 2290/11/1
f 2295/11/1 2291/11/1 2294/11/1
f 2296/11/1 2293/11/1 2292/11/1
f 2297/11/1 2293/11/1 2296/11/1
f 2300/3/1 2299/3/1 2298/3/1
f 2301/3/1 2299/3/1 2300/3/1
f 2306/3/1 2303/3/1 2302/3/1
f 2307/3/1 2303/3/1 2306/3/1
f 2310/1/1 2305/1/1 2304/1/1
f 2311/1/1 2305/1/1 2310/1/1
f 2314/3/1 2309/3/1 2308/3/1
f 2315/3/1 2309/3/1 2314/3/1
f 2318/3/1 2313/3/1 2312/3/1
f 2319/3/1 2313/3/1 2318/3/1
f 2322/11/1 2317/11/1 2316/11/1
f 2323/11/1 2317/11/1 2322/11/1
f 2326/11/1 2321/11/1 2320/11/1
f 2327/11/1 2321/11/1 2326/11/1
f 2330/11/1 2325/11/1 2324/11/1
f 2331/11/1 2325/11/1 2330/11/1
f 2334/11/1 2329/11/1 2328/11/1
f 2335/11/1 2329/11/1 2334/11/1
f 2336/11/1 2333/11/1 2332/11/1
f 2337/11/1 2333/11/1 2336/11/1
f 2342/3/1 2339/3/1 2338/3/1
f 2343/3/1 2339/3/1 2342/3/1
f 2346/3/1 2341/3/1 2340/3/1
f 2347/3/1 2341/3/1 2346/3/1
f 2348/3/1 2345/3/1 2344/3/1
f 2349/3/1 2345/3/1 2348/3/1
f 2354/3/1 2351/3/1 2350/3/1
f 2355/3/1 2351/3/1 2354/3/1
f 2356/3/1 2353/3/1 2352/3/1
f 2357/3/1 2353/3/1 2356/3/1
f 2360/11/1 2359/11/1 2358/11/1
f 2361/11/1 2359/11/1 2360/11/1
f 2364/3/1 2363/3/1 2362/3/1
f 2365/3/1 2363/3/1 2364/3/1
f 2370/3/1 2367/3/1 2366/3/1
f 2371/3/1 2367/3/1 2370/3/1
f 2372/3/1 2369/3/1 2368/3/1
f 2373/3/1 2369/3/1 2372/3/1
f 2376/11/1 2375/11/1 2374/11/1
f 2377/11/1 2375/11/1 2376/11/1
f 2382/11/1 2379/11/1 2378/11/1
f 2383/11/1 2379/11/1 2382/11/1
f 2384/11/1 2381/11/1 2380/11/1
f 2385/11/1 2381/11/1 2384/11/1
f 2390/3/1 2387/3/1 2386/3/1
f 2391/3/1 2387/3/1 2390/3/1
f 2392/3/1 2389/3/1 2388/3/1
f 2393/3/1 2389/3/1 2392/3/1
f 2398/3/1 2395/3/1 2394/3/1
f 2399/3/1 2395/3/1 2398/3/1
f 2402/3/1 2397/3/1 2396/3/1
f 2403/3/1 2397/3/1 2402/3/1
f 2406/3/1 2401/3/1 2400/3/1
f 2407/3/1 2401/3/1 2406/3/1
f 2410/11/1 2405/11/1 2404/11/1
f 2411/11/1 2405/11/1 2410/11/1
f 2412/11/1 2409/11/1 2408/11/1
f 2413/11/1 2409/11/1 2412/11/1
f 2416/11/1 2415/11/1 2414/11/1
f 2417/11/1 2415/11/1 2416/11/1
f 2422/3/1 2419/3/1 2418/3/1
f 2423/3/1 2419/3/1 2422/3/1
f 2424/3/1 2421/3/1 2420/3/1
f 2425/3/1 2421/3/1 2424/3/1
f 2428/3/1 2427/3/1 2426/3/1
f 2429/3/1 2427/3/1 2428/3/1
f 2432/11/1 2431/11/1 2430/11/1
f 2433/11/1 2431/11/1 2432/11/1
f 2436/3/1 2435/3/1 2434/3/1
f 2437/3/1 2435/3/1 2436/3/1
f 2442/3/1 2439/3/1 2438/3/1
f 2443/3/1 2439/3/1 2442/3/1
f 2444/3/1 2441/3/1 2440/3/1
f 2445/3/1 2441/3/1 2444/3/1
f 2450/11/1 2447/11/1 2446/11/1
f 2451/11/1 2447/11/1 2450/11/1
f 2454/11/1 2449/11/1 2448/11/1
f 2455/11/1 2449/11/1 2454/11/1
f 2456/11/1 2453/11/1 2452/11/1
f 2457/11/1 2453/11/1 2456/11/1
f 2460/11/1 2459/11/1 2458/11/1
f 2461/11/1 2459/11/1 2460/11/1
f 2466/3/1 2463/3/1 2462/3/1
f 2467/3/1 2463/3/1 2466/3/1
f 2470/3/1 2465/3/1 2464/3/1
f 2471/3/1 2465/3/1 2470/3/1
f 2474/3/1 2469/3/1 2468/3/1
f 2475/3/1 2469/3/1 2474/3/1
f 2476/3/1 2473/3/1 2472/3/1
f 2477/3/1 2473/3/1 2476/3/1
f 2480/3/1 2479/3/1 2478/3/1
f 2481/3/1 2479/3/1 2480/3/1
f 2486/11/1 2483/11/1 2482/11/1
f 2487/11/1 2483/11/1 2486/11/1
f 2488/11/1 2485/11/1 2484/11/1
f 2489/11/1 2485/11/1 2488/11/1
f 2492/3/1 2491/3/1 2490/3/1
f 2493/3/1 2491/3/1 2492/3/1
f 2496/3/1 2495/3/1 2494/3/1
f 2497/3/1 2495/3/1 2496/3/1
f 2502/11/1 2499/11/1 2498/11/1
f 2503/11/1 2499/11/1 2502/11/1
f 2504/11/1 2501/11/1 2500/11/1
f 2505/11/1 2501/11/1 2504/11/1
f 2508/11/1 2507/11/1 2506/11/1
f 2509/11/1 2507/11/1 2508/11/1
f 2514/3/1 2511/3/1 2510/3/1
f 2515/3/1 2511/3/1 2514/3/1
f 2518/3/1 2513/3/1 2512/3/1
f 2519/3/1 2513/3/1 2518/3/1
f 2522/3/1 2517/3/1 2516/3/1
f 2523/3/1 2517/3/1 2522/3/1
f 2526/3/1 2521/3/1 2520/3/1
f 2527/3/1 2521/3/1 2526/3/1
f 2530/3/1 2525/3/1 2524/3/1
f 2531/3/1 2525/3/1 2530/3/1
f 2532/3/1 2529/3/1 2528/3/1
f 2533/3/1 2529/3/1 2532/3/1
f 2538/11/1 2535/11/1 2534/11/1
f 2539/11/1 2535/11/1 2538/11/1
f 2540/11/1 2537/11/1 2536/11/1
f 2541/11/1 2537/11/1 2540/11/1
f 2544/3/1 2543/3/1 2542/3/1
f 2545/3/1 2543/3/1 2544/3/1
f 2548/3/1 2547/3/1 2546/3/1
f 2549/3/1 2547/3/1 2548/3/1
f 2552/3/1 2551/3/1 2550/3/1
f 2553/3/1 2551/3/1 2552/3/1
f 2558/3/1 2555/3/1 2554/3/1
f 2559/3/1 2555/3/1 2558/3/1
f 2560/11/1 2557/11/1 2556/11/1
f 2561/11/1 2557/11/1 2560/11/1
f 2564/11/1 2563/11/1 2562/11/1
f 2565/11/1 2563/11/1 2564/11/1
f 2568/11/1 2567/11/1 2566/11/1
f 2569/11/1 2567/11/1 2568/11/1
f 2572/3/1 2571/3/1 2570/3/1
f 2573/3/1 2571/3/1 2572/3/1
f 2578/3/1 2575/3/1 2574/3/1
f 2579/3/1 2575/3/1 2578/3/1
f 2582/3/1 2577/3/1 2576/3/1
f 2583/3/1 2577/3/1 2582/3/1
f 2584/3/1 2581/3/1 2580/3/1
f 2585/3/1 2581/3/1 2584/3/1
f 2590/11/1 2587/11/1 2586/11/1
f 2591/11/1 2587/11/1 2590/11/1
f 2592/11/1 2589/11/1 2588/11/1
f 2593/11/1 2589/11/1 2592/11/1
f 2596/11/1 2595/11/1 2594/11/1
f 2597/11/1 2595/11/1 2596/11/1
f 2602/3/1 2599/3/1 2598/3/1
f 2603/3/1 2599/3/1 2602/3/1
f 2604/3/1 2601/3/1 2600/3/1
f 2605/3/1 2601/3/1 2604/3/1
f 2610/3/1 2607/3/1 2606/3/1
f 2611/3/1 2607/3/1 2610/3/1
f 2614/3/1 2609/3/1 2608/3/1
f 2615/3/1 2609/3/1 2614/3/1
f 2616/3/1 2613/3/1 2612/3/1
f 2617/3/1 2613/3/1 2616/3/1
f 2620/11/1 2619/11/1 2618/11/1
f 2621/11/1 2619/11/1 2620/11/1
f 2626/11/1 2623/11/1 2622/11/1
f 2627/11/1 2623/11/1 2626/11/1
f 2628/11/1 2625/11/1 2624/11/1
f 2629/11/1 2625/11/1 2628/11/1
f 2634/3/1 2631/3/1 2630/3/1
f 2635/3/1 2631/3/1 2634/3/1
f 2636/3/1 2633/3/1 2632/3/1
f 2637/3/1 2633/3/1 2636/3/1
f 2642/3/1 2639/3/1 2638/3/1
f 2643/3/1 2639/3/1 2642/3/1
f 2644/3/1 2641/3/1 2640/3/1
f 2645/3/1 2641/3/1 2644/3/1
f 2648/11/1 2647/11/1 2646/11/1
f 2649/11/1 2647/11/1 2648/11/1
f 2652/11/1 2651/11/1 2650/11/1
f 2653/11/1 2651/11/1 2652/11/1
f 2656/3/1 2655/3/1 2654/3/1
f 2657/3/1 2655/3/1 2656/3/1
f 2660/3/1 2659/3/1 2658/3/1
f 2661/3/1 2659/3/1 2660/3/1
f 2666/11/1 2663/11/1 2662/11/1
f 2667/11/1 2663/11/1 2666/11/1
f 2668/11/1 2665/11/1 2664/11/1
f 2669/11/1 2665/11/1 2668/11/1
f 2674/11/1 2671/11/1 2670/11/1
f 2675/11/1 2671/11/1 2674/11/1
f 2676/11/1 2673/11/1 2672/11/1
f 2677/11/1 2673/11/1 2676/11/1
f 2680/3/1 2679/3/1 2678/3/1
f 2681/3/1 2679/3/1 2680/3/1
f 2686/3/1 2683/3/1 2682/3/1
f 2687/3/1 2683/3/1 2686/3/1
f 2688/3/1 2685/3/1 2684/3/1
f 2689/3/1 2685/3/1 2688/3/1
f 2692/3/1 2691/3/1 2690/3/1
f 2693/3/1 2691/3/1 2692/3/1
f 2696/11/1 2695/11/1 2694/11/1
f 2697/11/1 2695/11/1 2696/11/1
f 2702/3/1 2699/3/1 2698/3/1
f 2703/3/1 2699/3/1 2702/3/1
f 2706/3/1 2701/3/1 2700/3/1
f 2707/3/1 2701/3/1 2706/3/1
f 2708/3/1 2705/3/1 2704/3/1
f 2709/3/1 2705/3/1 2708/3/1
f 2714/11/1 2711/11/1 2710/11/1
f 2715/11/1 2711/11/1 2714/11/1
f 2716/11/1 2713/11/1 2712/11/1
f 2717/11/1 2713/11/1 2716/11/1
f 2722/11/1 2719/11/1 2718/11/1
f 2723/11/1 2719/11/1 2722/11/1
f 2724/11/1 2721/11/1 2720/11/1
f 2725/11/1 2721/11/1 2724/11/1
f 2730/3/1 2727/3/1 2726/3/1
f 2731/3/1 2727/3/1 2730/3/1
f 2732/3/1 2729/3/1 2728/3/1
f 2733/3/1 2729/3/1 2732/3/1
f 2736/3/1 2735/3/1 2734/3/1
f 2737/3/1 2735/3/1 2736/3/1
f 2742/3/1 2739/3/1 2738/3/1
f 2743/3/1 2739/3/1 2742/3/1
f 2744/11/1 2741/11/1 2740/11/1
f 2745/11/1 2741/11/1 2744/11/1
f 2750/3/1 2747/3/1 2746/3/1
f 2751/3/1 2747/3/1 2750/3/1
f 2752/3/1 2749/3/1 2748/3/1
f 2753/3/1 2749/3/1 2752/3/1
f 2758/11/1 2755/11/1 2754/11/1
f 2759/11/1 2755/11/1 2758/11/1
f 2762/11/1 2757/11/1 2756/11/1
f 2763/11/1 2757/11/1 2762/11/1
f 2766/11/1 2761/11/1 2760/11/1
f 2767/11/1 2761/11/1 2766/11/1
f 2768/11/1 2765/11/1 2764/11/1
f 2769/11/1 2765/11/1 2768/11/1
f 2772/3/1 2771/3/1 2770/3/1
f 2773/3/1 2771/3/1 2772/3/1
f 2776/3/1 2775/3/1 2774/3/1
f 2777/3/1 2775/3/1 2776/3/1
f 2782/3/1 2779/3/1 2778/3/1
f 2783/3/1 2779/3/1 2782/3/1
f 2784/11/1 2781/11/1 2780/11/1
f 2785/11/1 2781/11/1 2784/11/1
f 2788/3/1 2787/3/1 2786/3/1
f 2789/3/1 2787/3/1 2788/3/1
f 2794/3/1 2791/3/1 2790/3/1
f 2795/3/1 2791/3/1 2794/3/1
f 2796/3/1 2793/3/1 2792/3/1
f 2797/3/1 2793/3/1 2796/3/1
f 2802/11/1 2799/11/1 2798/11/1
f 2803/11/1 2799/11/1 2802/11/1
f 2806/11/1 2801/11/1 2800/11/1
f 2807/11/1 2801/11/1 2806/11/1
f 2810/11/1 2805/11/1 2804/11/1
f 2811/11/1 2805/11/1 2810/11/1
f 2814/11/1 2809/11/1 2808/11/1
f 2815/11/1 2809/11/1 2814/11/1
f 2816/11/1 2813/11/1 2812/11/1
f 2817/11/1 2813/11/1 2816/11/1
f 2820/3/1 2819/3/1 2818/3/1
f 2821/3/1 2819/3/1 2820/3/1
f 2826/3/1 2823/3/1 2822/3/1
f 2827/3/1 2823/3/1 2826/3/1
f 2828/3/1 2825/3/1 2824/3/1
f 2829/3/1 2825/3/1 2828/3/1
f 2832/3/1 2831/3/1 2830/3/1
f 2833/3/1 2831/3/1 2832/3/1
f 2838/3/1 2835/3/1 2834/3/1
f 2839/3/1 2835/3/1 2838/3/1
f 2840/11/1 2837/11/1 2836/11/1
f 2841/11/1 2837/11/1 2840/11/1
f 2844/11/1 2843/11/1 2842/11/1
f 2845/11/1 2843/11/1 2844/11/1
f 2850/3/1 2847/3/1 2846/3/1
f 2851/3/1 2847/3/1 2850/3/1
f 2852/3/1 2849/3/1 2848/3/1
f 2853/3/1 2849/3/1 2852/3/1
f 2858/11/1 2855/11/1 2854/11/1
f 2859/11/1 2855/11/1 2858/11/1
f 2860/11/1 2857/11/1 2856/11/1
f 2861/11/1 2857/11/1 2860/11/1
f 2864/11/1 2863/11/1 2862/11/1
f 2865/11/1 2863/11/1 2864/11/1
f 2868/3/1 2867/3/1 2866/3/1
f 2869/3/1 2867/3/1 2868/3/1
f 2874/11/1 2871/11/1 2870/11/1
f 2875/11/1 2871/11/1 2874/11/1
f 2878/11/1 2873/11/1 2872/11/1
f 2879/11/1 2873/11/1 2878/11/1
f 2880/11/1 2877/11/1 2876/11/1
f 2881/11/1 2877/11/1 2880/11/1
f 2886/3/1 2883/3/1 2882/3/1
f 2887/3/1 2883/3/1 2886/3/1
f 2890/3/1 2885/3/1 2884/3/1
f 2891/3/1 2885/3/1 2890/3/1
f 2894/3/1 2889/3/1 2888/3/1
f 2895/3/1 2889/3/1 2894/3/1
f 2898/3/1 2893/3/1 2892/3/1
f 2899/3/1 2893/3/1 2898/3/1
f 2902/3/1 2897/3/1 2896/3/1
f 2903/3/1 2897/3/1 2902/3/1
f 2906/3/1 2901/3/1 2900/3/1
f 2907/3/1 2901/3/1 2906/3/1
f 2908/11/1 2905/11/1 2904/11/1
f 2909/11/1 2905/11/1 2908/11/1
f 2912/3/1 2911/3/1 2910/3/1
f 2913/3/1 2911/3/1 2912/3/1
f 2918/11/1 2915/11/1 2914/11/1
f 2919/11/1 2915/11/1 2918/11/1
f 2922/11/1 2917/11/1 2916/11/1
f 2923/11/1 2917/11/1 2922/11/1
f 2926/11/1 2921/11/1 2920/11/1
f 2927/11/1 2921/11/1 2926/11/1
f 2928/11/1 2925/11/1 2924/11/1
f 2929/11/1 2925/11/1 2928/11/1
f 2932/3/1 2931/3/1 2930/3/1
f 2933/3/1 2931/3/1 2932/3/1
f 2936/3/1 2935/3/1 2934/3/1
f 2937/3/1 2935/3/1 2936/3/1
f 2940/11/1 2939/11/1 2938/11/1
f 2941/11/1 2939/11/1 2940/11/1
f 2944/3/1 2943/3/1 2942/3/1
f 2945/3/1 2943/3/1 2944/3/1
f 2948/3/1 2947/3/1 2946/3/1
f 2949/3/1 2947/3/1 2948/3/1
f 2952/3/1 2951/3/1 2950/3/1
f 2953/3/1 2951/3/1 2952/3/1
f 2956/11/1 2955/11/1 2954/11/1
f 2957/11/1 2955/11/1 2956/11/1
f 2962/11/1 2959/11/1 2958/11/1
f 2963/11/1 2959/11/1 2962/11/1
f 2964/11/1 2961/11/1 2960/11/1
f 2965/11/1 2961/11/1 2964/11/1
f 2968/3/1 2967/3/1 2966/3/1
f 2969/3/1 2967/3/1 2968/3/1
f 2974/3/1 2971/3/1 2970/3/1
f 2975/3/1 2971/3/1 2974/3/1
f 2976/3/1 2973/3/1 2972/3/1
f 2977/3/1 2973/3/1 2976/3/1
f 2980/11/1 2979/11/1 2978/11/1
f 2981/11/1 2979/11/1 2980/11/1
f 2984/3/1 2983/3/1 2982/3/1
f 2985/3/1 2983/3/1 2984/3/1
f 2990/11/1 2987/11/1 2986/11/1
f 2991/11/1 2987/11/1 2990/11/1
f 2992/11/1 2989/11/1 2988/11/1
f 2993/11/1 2989/11/1 2992/11/1
f 2996/11/1 2995/11/1 2994/11/1
f 2997/11/1 2995/11/1 2996/11/1
f 3002/3/1 2999/3/1 2998/3/1
f 3003/3/1 2999/3/1 3002/3/1
f 3004/3/1 3001/3/1 3000/3/1
f 3005/3/1 3001/3/1 3004/3/1
f 3010/3/1 3007/3/1 3006/3/1
f 3011/3/1 3007/3/1 3010/3/1
f 3012/11/1 3009/11/1 3008/11/1
f 3013/11/1 3009/11/1 3012/11/1
f 3016/3/1 3015/3/1 3014/3/1
f 3017/3/1 3015/3/1 3016/3/1
f 3020/3/1 3019/3/1 3018/3/1
f 3021/3/1 3019/3/1 3020/3/1
f 3026/11/1 3023/11/1 3022/11/1
f 3027/11/1 3023/11/1 3026/11/1
f 3030/11/1 3025/11/1 3024/11/1
f 3031/11/1 3025/11/1 3030/11/1
f 3032/11/1 3029/11/1 3028/11/1
f 3033/11/1 3029/11/1 3032/11/1
f 3036/3/1 3035/3/1 3034/3/1
f 3037/3/1 3035/3/1 3036/3/1
f 3040/3/1 3039/3/1 3038/3/1
f 3041/3/1 3039/3/1 3040/3/1
f 3046/11/1 3043/11/1 3042/11/1
f 3047/11/1 3043/11/1 3046/11/1
f 3048/11/1 3045/11/1 3044/11/1
f 3049/11/1 3045/11/1 3048/11/1
f 3054/3/1 3051/3/1 3050/3/1
f 3055/3/1 3051/3/1 3054/3/1
f 3056/3/1 3053/3/1 3052/3/1
f 3057/3/1 3053/3/1 3056/3/1
f 3060/11/1 3059/11/1 3058/11/1
f 3061/11/1 3059/11/1 3060/11/1
f 3066/11/1 3063/11/1 3062/11/1
f 3067/11/1 3063/11/1 3066/11/1
f 3068/11/1 3065/11/1 3064/11/1
f 3069/11/1 3065/11/1 3068/11/1
f 3072/3/1 3071/3/1 3070/3/1
f 3073/3/1 3071/3/1 3072/3/1
f 3078/3/1 3075/3/1 3074/3/1
f 3079/3/1 3075/3/1 3078/3/1
f 3082/11/1 3077/11/1 3076/11/1
f 3083/11/1 3077/11/1 3082/11/1
f 3084/11/1 3081/11/1 3080/11/1
f 3085/11/1 3081/11/1 3084/11/1
f 3088/11/1 3087/11/1 3086/11/1
f 3089/11/1 3087/11/1 3088/11/1
f 3092/3/1 3091/3/1 3090/3/1
f 3093/3/1 3091/3/1 3092/3/1
f 3096/11/1 3095/11/1 3094/11/1
f 3097/11/1 3095/11/1 3096/11/1
f 3102/3/1 3099/3/1 3098/3/1
f 3103/3/1 3099/3/1 3102/3/1
f 3106/3/1 3101/3/1 3100/3/1
f 3107/3/1 3101/3/1 3106/3/1
f 3108/3/1 3105/3/1 3104/3/1
f 3109/3/1 3105/3/1 3108/3/1
f 3112/11/1 3111/11/1 3110/11/1
f 3113/11/1 3111/11/1 3112/11/1
f 3116/11/1 3115/11/1 3114/11/1
f 3117/11/1 3115/11/1 3116/11/1
f 3120/3/1 3119/3/1 3118/3/1
f 3121/3/1 3119/3/1 3120/3/1
f 3126/3/1 3123/3/1 3122/3/1
f 3127/3/1 3123/3/1 3126/3/1
f 3130/11/1 3125/11/1 3124/11/1
f 3131/11/1 3125/11/1 3130/11/1
f 3132/11/1 3129/11/1 3128/11/1
f 3133/11/1 3129/11/1 3132/11/1
f 3136/11/1 3135/11/1 3134/11/1
f 3137/11/1 3135/11/1 3136/11/1
f 3140/3/1 3139/3/1 3138/3/1
f 3141/3/1 3139/3/1 3140/3/1
f 3144/2/1 3143/2/1 3142/2/1
f 3145/2/1 3143/2/1 3144/2/1
f 3148/11/1 3147/11/1 3146/11/1
f 3149/11/1 3147/11/1 3148/11/1
f 3152/11/1 3151/11/1 3150/11/1
f 3153/11/1 3151/11/1 3152/11/1
f 3156/3/1 3155/3/1 3154/3/1
f 3157/3/1 3155/3/1 3156/3/1
f 3160/3/1 3159/3/1 3158/3/1
f 3161/3/1 3159/3/1 3160/3/1
f 3164/3/1 3163/3/1 3162/3/1
f 3165/3/1 3163/3/1 3164/3/1
f 3170/11/1 3167/11/1 3166/11/1
f 3171/11/1 3167/11/1 3170/11/1
f 3172/11/1 3169/11/1 3168/11/1
f 3173/11/1 3169/11/1 3172/11/1
f 3178/3/1 3175/3/1 3174/3/1
f 3179/3/1 3175/3/1 3178/3/1
f 3182/11/1 3177/11/1 3176/11/1
f 3183/11/1 3177/11/1 3182/11/1
f 3184/11/1 3181/11/1 3180/11/1
f 3185/11/1 3181/11/1 3184/11/1
f 3190/3/1 3187/3/1 3186/3/1
f 3191/3/1 3187/3/1 3190/3/1
f 3192/3/1 3189/3/1 3188/3/1
f 3193/3/1 3189/3/1 3192/3/1
f 3196/11/1 3195/11/1 3194/11/1
f 3197/11/1 3195/11/1 3196/11/1
f 3200/11/1 3199/11/1 3198/11/1
f 3201/11/1 3199/11/1 3200/11/1
f 3204/3/1 3203/3/1 3202/3/1
f 3205/3/1 3203/3/1 3204/3/1
f 3210/11/1 3207/11/1 3206/11/1
f 3211/11/1 3207/11/1 3210/11/1
f 3214/11/1 3209/11/1 3208/11/1
f 3215/11/1 3209/11/1 3214/11/1
f 3218/11/1 3213/11/1 3212/11/1
f 3219/11/1 3213/11/1 3218/11/1
f 3220/11/1 3217/11/1 3216/11/1
f 3221/11/1 3217/11/1 3220/11/1
f 3224/11/1 3223/11/1 3222/11/1
f 3225/11/1 3223/11/1 3224/11/1
f 3228/3/1 3227/3/1 3226/3/1
f 3229/3/1 3227/3/1 3228/3/1
f 3234/3/1 3231/3/1 3230/3/1
f 3235/3/1 3231/3/1 3234/3/1
f 3236/3/1 3233/3/1 3232/3/1
f 3237/3/1 3233/3/1 3236/3/1
f 3242/3/1 3239/3/1 3238/3/1
f 3243/3/1 3239/3/1 3242/3/1
f 3246/3/1 3241/3/1 3240/3/1
f 3247/3/1 3241/3/1 3246/3/1
f 3250/3/1 3245/3/1 3244/3/1
f 3251/3/1 3245/3/1 3250/3/1
f 3254/11/1 3249/11/1 3248/11/1
f 3255/11/1 3249/11/1 3254/11/1
f 3258/11/1 3253/11/1 3252/11/1
f 3259/11/1 3253/11/1 3258/11/1
f 3262/11/1 3257/11/1 3256/11/1
f 3263/11/1 3257/11/1 3262/11/1
f 3266/11/1 3261/11/1 3260/11/1
f 3267/11/1 3261/11/1 3266/11/1
f 3268/11/1 3265/11/1 3264/11/1
f 3269/11/1 3265/11/1 3268/11/1
f 3272/3/1 3271/3/1 3270/3/1
f 3273/3/1 3271/3/1 3272/3/1
f 3276/3/1 3275/3/1 3274/3/1
f 3277/3/1 3275/3/1 3276/3/1
f 3282/11/1 3279/11/1 3278/11/1
f 3283/11/1 3279/11/1 3282/11/1
f 3284/11/1 3281/11/1 3280/11/1
f 3285/11/1 3281/11/1 3284/11/1
f 3288/3/1 3287/3/1 3286/3/1
f 3289/3/1 3287/3/1 3288/3/1
f 3294/3/1 3291/3/1 3290/3/1
f 3295/3/1 3291/3/1 3294/3/1
f 3298/3/1 3293/3/1 3292/3/1
f 3299/3/1 3293/3/1 3298/3/1
f 3300/11/1 3297/11/1 3296/11/1
f 3301/11/1 3297/11/1 3300/11/1
f 3304/11/1 3303/11/1 3302/11/1
f 3305/11/1 3303/11/1 3304/11/1
f 3308/3/1 3307/3/1 3306/3/1
f 3309/3/1 3307/3/1 3308/3/1
f 3314/11/1 3311/11/1 3310/11/1
f 3315/11/1 3311/11/1 3314/11/1
f 3316/11/1 3313/11/1 3312/11/1
f 3317/11/1 3313/11/1 3316/11/1
f 3320/11/1 3319/11/1 3318/11/1
f 3321/11/1 3319/11/1 3320/11/1
f 3324/11/1 3323/11/1 3322/11/1
f 3325/11/1 3323/11/1 3324/11/1
f 3330/3/1 3327/3/1 3326/3/1
f 3331/3/1 3327/3/1 3330/3/1
f 3334/3/1 3329/3/1 3328/3/1
f 3335/3/1 3329/3/1 3334/3/1
f 3338/3/1 3333/3/1 3332/3/1
f 3339/3/1 3333/3/1 3338/3/1
f 3342/3/1 3337/3/1 3336/3/1
f 3343/3/1 3337/3/1 3342/3/1
f 3346/3/1 3341/3/1 3340/3/1
f 3347/3/1 3341/3/1 3346/3/1
f 3350/11/1 3345/11/1 3344/11/1
f 3351/11/1 3345/11/1 3350/11/1
f 3354/11/1 3349/11/1 3348/11/1
f 3355/11/1 3349/11/1 3354/11/1
f 3356/11/1 3353/11/1 3352/11/1
f 3357/11/1 3353/11/1 3356/11/1
f 3360/3/1 3359/3/1 3358/3/1
f 3361/3/1 3359/3/1 3360/3/1
f 3364/3/1 3363/3/1 3362/3/1
f 3365/3/1 3363/3/1 3364/3/1
f 3370/11/1 3367/11/1 3366/11/1
f 3371/11/1 3367/11/1 3370/11/1
f 3372/11/1 3369/11/1 3368/11/1
f 3373/11/1 3369/11/1 3372/11/1
f 3378/11/1 3375/11/1 3374/11/1
f 3379/11/1 3375/11/1 3378/11/1
f 3382/11/1 3377/11/1 3376/11/1
f 3383/11/1 3377/11/1 3382/11/1
f 3384/11/1 3381/11/1 3380/11/1
f 3385/11/1 3381/11/1 3384/11/1
f 3388/3/1 3387/3/1 3386/3/1
f 3389/3/1 3387/3/1 3388/3/1
f 3394/3/1 3391/3/1 3390/3/1
f 3395/3/1 3391/3/1 3394/3/1
f 3396/3/1 3393/3/1 3392/3/1
f 3397/3/1 3393/3/1 3396/3/1
f 3400/11/1 3399/11/1 3398/11/1
f 3401/11/1 3399/11/1 3400/11/1
f 3404/11/1 3403/11/1 3402/11/1
f 3405/11/1 3403/11/1 3404/11/1
f 3408/3/1 3407/3/1 3406/3/1
f 3409/3/1 3407/3/1 3408/3/1
f 3414/11/1 3411/11/1 3410/11/1
f 3415/11/1 3411/11/1 3414/11/1
f 3416/11/1 3413/11/1 3412/11/1
f 3417/11/1 3413/11/1 3416/11/1
f 3422/3/1 3419/3/1 3418/3/1
f 3423/3/1 3419/3/1 3422/3/1
f 3424/3/1 3421/3/1 3420/3/1
f 3425/3/1 3421/3/1 3424/3/1
f 3428/3/1 3427/3/1 3426/3/1
f 3429/3/1 3427/3/1 3428/3/1
f 3434/11/1 3431/11/1 3430/11/1
f 3435/11/1 3431/11/1 3434/11/1
f 3438/11/1 3433/11/1 3432/11/1
f 3439/11/1 3433/11/1 3438/11/1
f 3440/11/1 3437/11/1 3436/11/1
f 3441/11/1 3437/11/1 3440/11/1
f 3444/3/1 3443/3/1 3442/3/1
f 3445/3/1 3443/3/1 3444/3/1
f 3450/11/1 3447/11/1 3446/11/1
f 3451/11/1 3447/11/1 3450/11/1
f 3452/11/1 3449/11/1 3448/11/1
f 3453/11/1 3449/11/1 3452/11/1
f 3458/3/1 3455/3/1 3454/3/1
f 3459/3/1 3455/3/1 3458/3/1
f 3462/3/1 3457/3/1 3456/3/1
f 3463/3/1 3457/3/1 3462/3/1
f 3466/11/1 3461/11/1 3460/11/1
f 3467/11/1 3461/11/1 3466/11/1
f 3470/11/1 3465/11/1 3464/11/1
f 3471/11/1 3465/11/1 3470/11/1
f 3474/11/1 3469/11/1 3468/11/1
f 3475/11/1 3469/11/1 3474/11/1
f 3478/11/1 3473/11/1 3472/11/1
f 3479/11/1 3473/11/1 3478/11/1
f 3480/11/1 3477/11/1 3476/11/1
f 3481/11/1 3477/11/1 3480/11/1
f 3484/3/1 3483/3/1 3482/3/1
f 3485/3/1 3483/3/1 3484/3/1
f 3490/11/1 3487/11/1 3486/11/1
f 3491/11/1 3487/11/1 3490/11/1
f 3492/11/1 3489/11/1 3488/11/1
f 3493/11/1 3489/11/1 3492/11/1
f 3496/3/1 3495/3/1 3494/3/1
f 3497/3/1 3495/3/1 3496/3/1
f 3502/3/1 3499/3/1 3498/3/1
f 3503/3/1 3499/3/1 3502/3/1
f 3506/3/1 3501/3/1 3500/3/1
f 3507/3/1 3501/3/1 3506/3/1
f 3510/3/1 3505/3/1 3504/3/1
f 3511/3/1 3505/3/1 3510/3/1
f 3512/11/1 3509/11/1 3508/11/1
f 3513/11/1 3509/11/1 3512/11/1
f 3518/11/1 3515/11/1 3514/11/1
f 3519/11/1 3515/11/1 3518/11/1
f 3520/11/1 3517/11/1 3516/11/1
f 3521/11/1 3517/11/1 3520/11/1
f 3526/11/1 3523/11/1 3522/11/1
f 3527/11/1 3523/11/1 3526/11/1
f 3528/11/1 3525/11/1 3524/11/1
f 3529/11/1 3525/11/1 3528/11/1
f 3532/3/1 3531/3/1 3530/3/1
f 3533/3/1 3531/3/1 3532/3/1
f 3538/3/1 3535/3/1 3534/3/1
f 3539/3/1 3535/3/1 3538/3/1
f 3542/3/1 3537/3/1 3536/3/1
f 3543/3/1 3537/3/1 3542/3/1
f 3544/11/1 3541/11/1 3540/11/1
f 3545/11/1 3541/11/1 3544/11/1
f 3550/3/1 3547/3/1 3546/3/1
f 3551/3/1 3547/3/1 3550/3/1
f 3552/3/1 3549/3/1 3548/3/1
f 3553/3/1 3549/3/1 3552/3/1
f 3556/11/1 3555/11/1 3554/11/1
f 3557/11/1 3555/11/1 3556/11/1
f 3560/11/1 3559/11/1 3558/11/1
f 3561/11/1 3559/11/1 3560/11/1
f 3566/3/1 3563/3/1 3562/3/1
f 3567/3/1 3563/3/1 3566/3/1
f 3568/3/1 3565/3/1 3564/3/1
f 3569/3/1 3565/3/1 3568/3/1
f 3574/3/1 3571/3/1 3570/3/1
f 3575/3/1 3571/3/1 3574/3/1
f 3578/3/1 3573/3/1 3572/3/1
f 3579/3/1 3573/3/1 3578/3/1
f 3582/11/1 3577/11/1 3576/11/1
f 3583/11/1 3577/11/1 3582/11/1
f 3586/11/1 3581/11/1 3580/11/1
f 3587/11/1 3581/11/1 3586/11/1
f 3588/11/1 3585/11/1 3584/11/1
f 3589/11/1 3585/11/1 3588/11/1
f 3592/11/1 3591/11/1 3590/11/1
f 3593/11/1 3591/11/1 3592/11/1
f 3596/11/1 3595/11/1 3594/11/1
f 3597/11/1 3595/11/1 3596/11/1
f 3600/3/1 3599/3/1 3598/3/1
f 3601/3/1 3599/3/1 3600/3/1
f 3606/3/1 3603/3/1 3602/3/1
f 3607/3/1 3603/3/1 3606/3/1
f 3608/3/1 3605/3/1 3604/3/1
f 3609/3/1 3605/3/1 3608/3/1
f 3612/11/1 3611/11/1 3610/11/1
f 3613/11/1 3611/11/1 3612/11/1
f 3616/3/1 3615/3/1 3614/3/1
f 3617/3/1 3615/3/1 3616/3/1
f 3622/11/1 3619/11/1 3618/11/1
f 3623/11/1 3619/11/1 3622/11/1
f 3624/11/1 3621/11/1 3620/11/1
f 3625/11/1 3621/11/1 3624/11/1
f 3628/3/1 3627/3/1 3626/3/1
f 3629/3/1 3627/3/1 3628/3/1
f 3634/11/1 3631/11/1 3630/11/1
f 3635/11/1 3631/11/1 3634/11/1
f 3636/11/1 3633/11/1 3632/11/1
f 3637/11/1 3633/11/1 3636/11/1
f 3642/3/1 3639/3/1 3638/3/1
f 3643/3/1 3639/3/1 3642/3/1
f 3646/3/1 3641/3/1 3640/3/1
f 3647/3/1 3641/3/1 3646/3/1
f 3650/11/1 3645/11/1 3644/11/1
f 3651/11/1 3645/11/1 3650/11/1
f 3652/11/1 3649/11/1 3648/11/1
f 3653/11/1 3649/11/1 3652/11/1
f 3656/3/1 3655/3/1 3654/3/1
f 3657/3/1 3655/3/1 3656/3/1
f 3660/3/1 3659/3/1 3658/3/1
f 3661/3/1 3659/3/1 3660/3/1
f 3664/11/1 3663/11/1 3662/11/1
f 3665/11/1 3663/11/1 3664/11/1
f 3668/3/1 3667/3/1 3666/3/1
f 3669/3/1 3667/3/1 3668/3/1
f 3672/11/1 3671/11/1 3670/11/1
f 3673/11/1 3671/11/1 3672/11/1
f 3678/11/1 3675/11/1 3674/11/1
f 3679/11/1 3675/11/1 3678/11/1
f 3680/11/1 3677/11/1 3676/11/1
f 3681/11/1 3677/11/1 3680/11/1
f 3684/3/1 3683/3/1 3682/3/1
f 3685/3/1 3683/3/1 3684/3/1
f 3690/3/1 3687/3/1 3686/3/1
f 3691/3/1 3687/3/1 3690/3/1
f 3694/3/1 3689/3/1 3688/3/1
f 3695/3/1 3689/3/1 3694/3/1
f 3696/3/1 3693/3/1 3692/3/1
f 3697/3/1 3693/3/1 3696/3/1
f 3702/3/1 3699/3/1 3698/3/1
f 3703/3/1 3699/3/1 3702/3/1
f 3704/3/1 3701/3/1 3700/3/1
f 3705/3/1 3701/3/1 3704/3/1
f 3708/3/1 3707/3/1 3706/3/1
f 3709/3/1 3707/3/1 3708/3/1
f 3714/3/1 3711/3/1 3710/3/1
f 3715/3/1 3711/3/1 3714/3/1
f 3716/11/1 3713/11/1 3712/11/1
f 3717/11/1 3713/11/1 3716/11/1
f 3720/11/1 3719/11/1 3718/11/1
f 3721/11/1 3719/11/1 3720/11/1
f 3724/3/1 3723/3/1 3722/3/1
f 3725/3/1 3723/3/1 3724/3/1
f 3728/3/1 3727/3/1 3726/3/1
f 3729/3/1 3727/3/1 3728/3/1
f 3732/3/1 3731/3/1 3730/3/1
f 3733/3/1 3731/3/1 3732/3/1
f 3738/3/1 3735/3/1 3734/3/1
f 3739/3/1 3735/3/1 3738/3/1
f 3742/3/1 3737/3/1 3736/3/1
f 3743/3/1 3737/3/1 3742/3/1
f 3746/3/1 3741/3/1 3740/3/1
f 3747/3/1 3741/3/1 3746/3/1
f 3748/11/1 3745/11/1 3744/11/1
f 3749/11/1 3745/11/1 3748/11/1
f 3754/11/1 3751/11/1 3750/11/1
f 3755/11/1 3751/11/1 3754/11/1
f 3756/11/1 3753/11/1 3752/11/1
f 3757/11/1 3753/11/1 3756/11/1
f 3762/3/1 3759/3/1 3758/3/1
f 3763/3/1 3759/3/1 3762/3/1
f 3764/3/1 3761/3/1 3760/3/1
f 3765/3/1 3761/3/1 3764/3/1
f 3770/3/1 3767/3/1 3766/3/1
f 3771/3/1 3767/3/1 3770/3/1
f 3772/3/1 3769/3/1 3768/3/1
f 3773/3/1 3769/3/1 3772/3/1
f 3776/11/1 3775/11/1 3774/11/1
f 3777/11/1 3775/11/1 3776/11/1
f 3780/3/1 3779/3/1 3778/3/1
f 3781/3/1 3779/3/1 3780/3/1
f 3786/3/1 3783/3/1 3782/3/1
f 3787/3/1 3783/3/1 3786/3/1
f 3790/3/1 3785/3/1 3784/3/1
f 3791/3/1 3785/3/1 3790/3/1
f 3792/11/1 3789/11/1 3788/11/1
f 3793/11/1 3789/11/1 3792/11/1
f 3796/11/1 3795/11/1 3794/11/1
f 3797/11/1 3795/11/1 3796/11/1
f 3802/3/1 3799/3/1 3798/3/1
f 3803/3/1 3799/3/1 3802/3/1
f 3806/3/1 3801/3/1 3800/3/1
f 3807/3/1 3801/3/1 3806/3/1
f 3808/3/1 3805/3/1 3804/3/1
f 3809/3/1 3805/3/1 3808/3/1
f 3812/11/1 3811/11/1 3810/11/1
f 3813/11/1 3811/11/1 3812/11/1
f 3818/3/1 3815/3/1 3814/3/1
f 3819/3/1 3815/3/1 3818/3/1
f 3820/3/1 3817/3/1 3816/3/1
f 3821/3/1 3817/3/1 3820/3/1
f 3826/3/1 3823/3/1 3822/3/1
f 3827/3/1 3823/3/1 3826/3/1
f 3828/11/1 3825/11/1 3824/11/1
f 3829/11/1 3825/11/1 3828/11/1
f 3832/3/1 3831/3/1 3830/3/1
f 3833/3/1 3831/3/1 3832/3/1
f 3838/3/1 3835/3/1 3834/3/1
f 3839/3/1 3835/3/1 3838/3/1
f 3842/3/1 3837/3/1 3836/3/1
f 3843/3/1 3837/3/1 3842/3/1
f 3844/3/1 3841/3/1 3840/3/1
f 3845/3/1 3841/3/1 3844/3/1
f 3848/11/1 3847/11/1 3846/11/1
f 3849/11/1 3847/11/1 3848/11/1
f 3854/3/1 3851/3/1 3850/3/1
f 3855/3/1 3851/3/1 3854/3/1
f 3856/3/1 3853/3/1 3852/3/1
f 3857/3/1 3853/3/1 3856/3/1
f 3862/3/1 3859/3/1 3858/3/1
f 3863/3/1 3859/3/1 3862/3/1
f 3864/3/1 3861/3/1 3860/3/1
f 3865/3/1 3861/3/1 3864/3/1
f 3870/3/1 3867/3/1 3866/3/1
f 3871/3/1 3867/3/1 3870/3/1
f 3874/3/1 3869/3/1 3868/3/1
f 3875/3/1 3869/3/1 3874/3/1
f 3876/11/1 3873/11/1 3872/11/1
f 3877/11/1 3873/11/1 3876/11/1
f 3880/11/1 3879/11/1 3878/11/1
f 3881/11/1 3879/11/1 3880/11/1
f 3884/3/1 3883/3/1 3882/3/1
f 3885/3/1 3883/3/1 3884/3/1
f 3888/11/1 3887/11/1 3886/11/1
f 3889/11/1 3887/11/1 3888/11/1
f 3892/11/1 3891/11/1 3890/11/1
f 3893/11/1 3891/11/1 3892/11/1
f 3898/3/1 3895/3/1 3894/3/1
f 3899/3/1 3895/3/1 3898/3/1
f 3902/3/1 3897/3/1 3896/3/1
f 3903/3/1 3897/3/1 3902/3/1
f 3904/3/1 3901/3/1 3900/3/1
f 3905/3/1 3901/3/1 3904/3/1
f 3910/3/1 3907/3/1 3906/3/1
f 3911/3/1 3907/3/1 3910/3/1
f 3912/3/1 3909/3/1 3908/3/1
f 3913/3/1 3909/3/1 3912/3/1
f 3918/3/1 3915/3/1 3914/3/1
f 3919/3/1 3915/3/1 3918/3/1
f 3920/3/1 3917/3/1 3916/3/1
f 3921/3/1 3917/3/1 3920/3/1
f 3926/3/1 3923/3/1 3922/3/1
f 3927/3/1 3923/3/1 3926/3/1
f 3928/11/1 3925/11/1 3924/11/1
f 3929/11/1 3925/11/1 3928/11/1
f 3932/11/1 3931/11/1 3930/11/1
f 3933/11/1 3931/11/1 3932/11/1
f 3938/3/1 3935/3/1 3934/3/1
f 3939/3/1 3935/3/1 3938/3/1
f 3942/3/1 3937/3/1 3936/3/1
f 3943/3/1 3937/3/1 3942/3/1
f 3944/3/1 3941/3/1 3940/3/1
f 3945/3/1 3941/3/1 3944/3/1
f 3950/3/1 3947/3/1 3946/3/1
f 3951/3/1 3947/3/1 3950/3/1
f 3952/3/1 3949/3/1 3948/3/1
f 3953/3/1 3949/3/1 3952/3/1
f 3956/11/1 3955/11/1 3954/11/1
f 3957/11/1 3955/11/1 3956/11/1
f 3960/3/1 3959/3/1 3958/3/1
f 3961/3/1 3959/3/1 3960/3/1
f 3966/3/1 3963/3/1 3962/3/1
f 3967/3/1 3963/3/1 3966/3/1
f 3968/11/1 3965/11/1 3964/11/1
f 3969/11/1 3965/11/1 3968/11/1
f 3974/3/1 3971/3/1 3970/3/1
f 3975/3/1 3971/3/1 3974/3/1
f 3978/3/1 3973/3/1 3972/3/1
f 3979/3/1 3973/3/1 3978/3/1
f 3982/3/1 3977/3/1 3976/3/1
f 3983/3/1 3977/3/1 3982/3/1
f 3984/2/1 3981/2/1 3980/2/1
f 3985/2/1 3981/2/1 3984/2/1
f 3990/3/1 3987/3/1 3986/3/1
f 3991/3/1 3987/3/1 3990/3/1
f 3994/3/1 3989/3/1 3988/3/1
f 3995/3/1 3989/3/1 3994/3/1
f 3996/11/1 3993/11/1 3992/11/1
f 3997/11/1 3993/11/1 3996/11/1
f 4000/11/1 3999/11/1 3998/11/1
f 4001/11/1 3999/11/1 4000/11/1
f 4006/3/1 4003/3/1 4002/3/1
f 4007/3/1 4003/3/1 4006/3/1
f 4010/3/1 4005/3/1 4004/3/1
f 4011/3/1 4005/3/1 4010/3/1
f 4012/3/1 4009/3/1 4008/3/1
f 4013/3/1 4009/3/1 4012/3/1
f 4016/11/1 4015/11/1 4014/11/1
f 4017/11/1 4015/11/1 4016/11/1
f 4022/3/1 4019/3/1 4018/3/1
f 4023/3/1 4019/3/1 4022/3/1
f 4024/11/1 4021/11/1 4020/11/1
f 4025/11/1 4021/11/1 4024/11/1
f 4028/3/1 4027/3/1 4026/3/1
f 4029/3/1 4027/3/1 4028/3/1
f 4034/11/1 4031/11/1 4030/11/1
f 4035/11/1 4031/11/1 4034/11/1
f 4036/11/1 4033/11/1 4032/11/1
f 4037/11/1 4033/11/1 4036/11/1
f 4042/3/1 4039/3/1 4038/3/1
f 4043/3/1 4039/3/1 4042/3/1
f 4046/3/1 4041/3/1 4040/3/1
f 4047/3/1 4041/3/1 4046/3/1
f 4050/3/1 4045/3/1 4044/3/1
f 4051/3/1 4045/3/1 4050/3/1
f 4052/3/1 4049/3/1 4048/3/1
f 4053/3/1 4049/3/1 4052/3/1
f 4058/11/1 4055/11/1 4054/11/1
f 4059/11/1 4055/11/1 4058/11/1
f 4060/11/1 4057/11/1 4056/11/1
f 4061/11/1 4057/11/1 4060/11/1
f 4064/3/1 4063/3/1 4062/3/1
f 4065/3/1 4063/3/1 4064/3/1
f 4068/3/1 4067/3/1 4066/3/1
f 4069/3/1 4067/3/1 4068/3/1
f 4072/3/1 4071/3/1 4070/3/1
f 4073/3/1 4071/3/1 4072/3/1
f 4076/3/1 4075/3/1 4074/3/1
f 4077/3/1 4075/3/1 4076/3/1
f 4080/3/1 4079/3/1 4078/3/1
f 4081/3/1 4079/3/1 4080/3/1
f 4084/11/1 4083/11/1 4082/11/1
f 4085/11/1 4083/11/1 4084/11/1
f 4090/3/1 4087/3/1 4086/3/1
f 4091/3/1 4087/3/1 4090/3/1
f 4094/3/1 4089/3/1 4088/3/1
f 4095/3/1 4089/3/1 4094/3/1
f 4098/3/1 4093/3/1 4092/3/1
f 4099/3/1 4093/3/1 4098/3/1
f 4100/3/1 4097/3/1 4096/3/1
f 4101/3/1 4097/3/1 4100/3/1
f 4104/11/1 4103/11/1 4102/11/1
f 4105/11/1 4103/11/1 4104/11/1
f 4108/3/1 4107/3/1 4106/3/1
f 4109/3/1 4107/3/1 4108/3/1
f 4112/11/1 4111/11/1 4110/11/1
f 4113/11/1 4111/11/1 4112/11/1
f 4118/3/1 4115/3/1 4114/3/1
f 4119/3/1 4115/3/1 4118/3/1
f 4122/3/1 4117/3/1 4116/3/1
f 4123/3/1 4117/3/1 4122/3/1
f 4126/3/1 4121/3/1 4120/3/1
f 4127/3/1 4121/3/1 4126/3/1
f 4128/3/1 4125/3/1 4124/3/1
f 4129/3/1 4125/3/1 4128/3/1
f 4132/3/1 4131/3/1 4130/3/1
f 4133/3/1 4131/3/1 4132/3/1
f 4138/11/1 4135/11/1 4134/11/1
f 4139/11/1 4135/11/1 4138/11/1
f 4140/11/1 4137/11/1 4136/11/1
f 4141/11/1 4137/11/1 4140/11/1
f 4146/3/1 4143/3/1 4142/3/1
f 4147/3/1 4143/3/1 4146/3/1
f 4150/3/1 4145/3/1 4144/3/1
f 4151/3/1 4145/3/1 4150/3/1
f 4152/3/1 4149/3/1 4148/3/1
f 4153/3/1 4149/3/1 4152/3/1
f 4156/11/1 4155/11/1 4154/11/1
f 4157/11/1 4155/11/1 4156/11/1
f 4162/3/1 4159/3/1 4158/3/1
f 4163/3/1 4159/3/1 4162/3/1
f 4164/3/1 4161/3/1 4160/3/1
f 4165/3/1 4161/3/1 4164/3/1
f 4170/11/1 4167/11/1 4166/11/1
f 4171/11/1 4167/11/1 4170/11/1
f 4172/11/1 4169/11/1 4168/11/1
f 4173/11/1 4169/11/1 4172/11/1
f 4178/3/1 4175/3/1 4174/3/1
f 4179/3/1 4175/3/1 4178/3/1
f 4182/3/1 4177/3/1 4176/3/1
f 4183/3/1 4177/3/1 4182/3/1
f 4184/3/1 4181/3/1 4180/3/1
f 4185/3/1 4181/3/1 4184/3/1
f 4190/11/1 4187/11/1 4186/11/1
f 4191/11/1 4187/11/1 4190/11/1
f 4192/11/1 4189/11/1 4188/11/1
f 4193/11/1 4189/11/1 4192/11/1
f 4196/3/1 4195/3/1 4194/3/1
f 4197/3/1 4195/3/1 4196/3/1
f 4202/11/1 4199/11/1 4198/11/1
f 4203/11/1 4199/11/1 4202/11/1
f 4204/11/1 4201/11/1 4200/11/1
f 4205/11/1 4201/11/1 4204/11/1
f 4210/3/1 4207/3/1 4206/3/1
f 4211/3/1 4207/3/1 4210/3/1
f 4214/3/1 4209/3/1 4208/3/1
f 4215/3/1 4209/3/1 4214/3/1
f 4218/3/1 4213/3/1 4212/3/1
f 4219/3/1 4213/3/1 4218/3/1
f 4222/3/1 4217/3/1 4216/3/1
f 4223/3/1 4217/3/1 4222/3/1
f 4226/11/1 4221/11/1 4220/11/1
f 4227/11/1 4221/11/1 4226/11/1
f 4230/11/1 4225/11/1 4224/11/1
f 4231/11/1 4225/11/1 4230/11/1
f 4232/11/1 4229/11/1 4228/11/1
f 4233/11/1 4229/11/1 4232/11/1
f 4236/3/1 4235/3/1 4234/3/1
f 4237/3/1 4235/3/1 4236/3/1
f 4242/11/1 4239/11/1 4238/11/1
f 4243/11/1 4239/11/1 4242/11/1
f 4246/11/1 4241/11/1 4240/11/1
f 4247/11/1 4241/11/1 4246/11/1
f 4248/11/1 4245/11/1 4244/11/1
f 4249/11/1 4245/11/1 4248/11/1
f 4252/3/1 4251/3/1 4250/3/1
f 4253/3/1 4251/3/1 4252/3/1
f 4256/11/1 4255/11/1 4254/11/1
f 4257/11/1 4255/11/1 4256/11/1
f 4260/11/1 4259/11/1 4258/11/1
f 4261/11/1 4259/11/1 4260/11/1
f 4264/3/1 4263/3/1 4262/3/1
f 4265/3/1 4263/3/1 4264/3/1
f 4268/3/1 4267/3/1 4266/3/1
f 4269/3/1 4267/3/1 4268/3/1
f 4274/11/1 4271/11/1 4270/11/1
f 4275/11/1 4271/11/1 4274/11/1
f 4276/11/1 4273/11/1 4272/11/1
f 4277/11/1 4273/11/1 4276/11/1
f 4282/3/1 4279/3/1 4278/3/1
f 4283/3/1 4279/3/1 4282/3/1
f 4284/3/1 4281/3/1 4280/3/1
f 4285/3/1 4281/3/1 4284/3/1
f 4288/11/1 4287/11/1 4286/11/1
f 4289/11/1 4287/11/1 4288/11/1
f 4292/3/1 4291/3/1 4290/3/1
f 4293/3/1 4291/3/1 4292/3/1
f 4298/3/1 4295/3/1 4294/3/1
f 4299/3/1 4295/3/1 4298/3/1
f 4302/11/1 4297/11/1 4296/11/1
f 4303/11/1 4297/11/1 4302/11/1
f 4304/11/1 4301/11/1 4300/11/1
f 4305/11/1 4301/11/1 4304/11/1
f 4310/3/1 4307/3/1 4306/3/1
f 4311/3/1 4307/3/1 4310/3/1
f 4312/3/1 4309/3/1 4308/3/1
f 4313/3/1 4309/3/1 4312/3/1
f 4318/11/1 4315/11/1 4314/11/1
f 4319/11/1 4315/11/1 4318/11/1
f 4322/11/1 4317/11/1 4316/11/1
f 4323/11/1 4317/11/1 4322/11/1
f 4324/11/1 4321/11/1 4320/11/1
f 4325/11/1 4321/11/1 4324/11/1
f 4328/11/1 4327/11/1 4326/11/1
f 4329/11/1 4327/11/1 4328/11/1
f 4334/3/1 4331/3/1 4330/3/1
f 4335/3/1 4331/3/1 4334/3/1
f 4336/3/1 4333/3/1 4332/3/1
f 4337/3/1 4333/3/1 4336/3/1
f 4340/11/1 4339/11/1 4338/11/1
f 4341/11/1 4339/11/1 4340/11/1
f 4344/3/1 4343/3/1 4342/3/1
f 4345/3/1 4343/3/1 4344/3/1
f 4350/11/1 4347/11/1 4346/11/1
f 4351/11/1 4347/11/1 4350/11/1
f 4354/11/1 4349/11/1 4348/11/1
f 4355/11/1 4349/11/1 4354/11/1
f 4356/11/1 4353/11/1 4352/11/1
f 4357/11/1 4353/11/1 4356/11/1
f 4362/3/1 4359/3/1 4358/3/1
f 4363/3/1 4359/3/1 4362/3/1
f 4364/3/1 4361/3/1 4360/3/1
f 4365/3/1 4361/3/1 4364/3/1
f 4370/3/1 4367/3/1 4366/3/1
f 4371/3/1 4367/3/1 4370/3/1
f 4372/11/1 4369/11/1 4368/11/1
f 4373/11/1 4369/11/1 4372/11/1
f 4378/3/1 4375/3/1 4374/3/1
f 4379/3/1 4375/3/1 4378/3/1
f 4380/3/1 4377/3/1 4376/3/1
f 4381/3/1 4377/3/1 4380/3/1
f 4384/11/1 4383/11/1 4382/11/1
f 4385/11/1 4383/11/1 4384/11/1
f 4388/11/1 4387/11/1 4386/11/1
f 4389/11/1 4387/11/1 4388/11/1
f 4394/3/1 4391/3/1 4390/3/1
f 4395/3/1 4391/3/1 4394/3/1
f 4396/3/1 4393/3/1 4392/3/1
f 4397/3/1 4393/3/1 4396/3/1
f 4402/3/1 4399/3/1 4398/3/1
f 4403/3/1 4399/3/1 4402/3/1
f 4404/3/1 4401/3/1 4400/3/1
f 4405/3/1 4401/3/1 4404/3/1
f 4408/11/1 4407/11/1 4406/11/1
f 4409/11/1 4407/11/1 4408/11/1
f 4412/3/1 4411/3/1 4410/3/1
f 4413/3/1 4411/3/1 4412/3/1
f 4418/3/1 4415/3/1 4414/3/1
f 4419/3/1 4415/3/1 4418/3/1
f 4422/3/1 4417/3/1 4416/3/1
f 4423/3/1 4417/3/1 4422/3/1
f 4424/3/1 4421/3/1 4420/3/1
f 4425/3/1 4421/3/1 4424/3/1
f 4428/3/1 4427/3/1 4426/3/1
f 4429/3/1 4427/3/1 4428/3/1
f 4434/3/1 4431/3/1 4430/3/1
f 4435/3/1 4431/3/1 4434/3/1
f 4436/3/1 4433/3/1 4432/3/1
f 4437/3/1 4433/3/1 4436/3/1
f 4440/11/1 4439/11/1 4438/11/1
f 4441/11/1 4439/11/1 4440/11/1
f 4446/3/1 4443/3/1 4442/3/1
f 4447/3/1 4443/3/1 4446/3/1
f 4448/3/1 4445/3/1 4444/3/1
f 4449/3/1 4445/3/1 4448/3/1
f 4452/3/1 4451/3/1 4450/3/1
f 4453/3/1 4451/3/1 4452/3/1
f 4456/3/1 4455/3/1 4454/3/1
f 4457/3/1 4455/3/1 4456/3/1
f 4460/11/1 4459/11/1 4458/11/1
f 4461/11/1 4459/11/1 4460/11/1
f 4464/3/1 4463/3/1 4462/3/1
f 4465/3/1 4463/3/1 4464/3/1
f 4468/11/1 4467/11/1 4466/11/1
f 4469/11/1 4467/11/1 4468/11/1
f 4472/3/1 4471/3/1 4470/3/1
f 4473/3/1 4471/3/1 4472/3/1
f 4476/11/1 4475/11/1 4474/11/1
f 4477/11/1 4475/11/1 4476/11/1
f 4480/3/1 4479/3/1 4478/3/1
f 4481/3/1 4479/3/1 4480/3/1
f 4484/11/1 4483/11/1 4482/11/1
f 4485/11/1 4483/11/1 4484/11/1
f 4488/3/1 4487/3/1 4486/3/1
f 4489/3/1 4487/3/1 4488/3/1
f 4492/11/1 4491/11/1 4490/11/1
f 4493/11/1 4491/11/1 4492/11/1
f 4496/11/1 4495/11/1 4494/11/1
f 4497/11/1 4495/11/1 4496/11/1
f 4500/3/1 4499/3/1 4498/3/1
f 4501/3/1 4499/3/1 4500/3/1
f 4504/11/1 4503/11/1 4502/11/1
f 4505/11/1 4503/11/1 4504/11/1
f 4510/3/1 4507/3/1 4506/3/1
f 4511/3/1 4507/3/1 4510/3/1
f 4512/3/1 4509/3/1 4508/3/1
f 4513/3/1 4509/3/1 4512/3/1
f 4516/11/1 4515/11/1 4514/11/1
f 4517/11/1 4515/11/1 4516/11/1
f 4520/11/1 4519/11/1 4518/11/1
f 4521/11/1 4519/11/1 4520/11/1
f 4524/3/1 4523/3/1 4522/3/1
f 4525/3/1 4523/3/1 4524/3/1
f 4528/3/1 4527/3/1 4526/3/1
f 4529/3/1 4527/3/1 4528/3/1
f 4532/11/1 4531/11/1 4530/11/1
f 4533/11/1 4531/11/1 4532/11/1
f 4536/11/1 4535/11/1 4534/11/1
f 4537/11/1 4535/11/1 4536/11/1
f 4540/3/1 4539/3/1 4538/3/1
f 4541/3/1 4539/3/1 4540/3/1
f 4544/3/1 4543/3/1 4542/3/1
f 4545/3/1 4543/3/1 4544/3/1
f 4546/3/2 4547/3/2 4548/3/2
f 4548/3/2 4547/3/2 4549/3/2
f 4550/3/2 4551/3/2 4552/3/2
f 4552/3/2 4551/3/2 4553/3/2
f 4554/11/2 4555/11/2 4556/11/2
f 4556/11/2 4555/11/2 4557/11/2
f 4558/11/2 4559/11/2 4560/11/2
f 4560/11/2 4559/11/2 4561/11/2
f 4562/11/2 4563/11/2 4564/11/2
f 4564/11/2 4563/11/2 4565/11/2
f 4566/11/2 4567/11/2 4568/11/2
f 4568/11/2 4567/11/2 4569/11/2
f 4570/11/2 4571/11/2 4572/11/2
f 4572/11/2 4571/11/2 4573/11/2
f 4574/11/2 4575/11/2 4576/11/2
f 4576/11/2 4575/11/2 4577/11/2
f 4578/11/2 4579/11/2 4580/11/2
f 4580/11/2 4579/11/2 4581/11/2
f 4582/11/2 4583/11/2 4584/11/2
f 4584/11/2 4583/11/2 4585/11/2
f 4586/11/2 4587/11/2 4588/11/2
f 4588/11/2 4587/11/2 4589/11/2
f 4590/11/2 4591/11/2 4592/11/2
f 4592/11/2 4591/11/2 4593/11/2
f 4594/11/2 4595/11/2 4596/11/2
f 4596/11/2 4595/11/2 4597/11/2
f 4598/11/2 4599/11/2 4602/11/2
f 4602/11/2 4599/11/2 4603/11/2
f 4600/11/2 4601/11/2 4604/11/2
f 4604/11/2 4601/11/2 4605/11/2
f 4606/11/2 4607/11/2 4608/11/2
f 4608/11/2 4607/11/2 4609/11/2
f 4610/11/2 4611/11/2 4612/11/2
f 4612/11/2 4611/11/2 4613/11/2
f 4614/11/2 4615/11/2 4620/11/2
f 4620/11/2 4615/11/2 4621/11/2
f 4616/11/2 4617/11/2 4622/11/2
f 4622/11/2 4617/11/2 4623/11/2
f 4618/11/2 4619/11/2 4624/11/2
f 4624/11/2 4619/11/2 4625/11/2
f 4626/11/2 4627/11/2 4628/11/2
f 4628/11/2 4627/11/2 4629/11/2
f 4630/11/2 4631/11/2 4634/11/2
f 4634/11/2 4631/11/2 4635/11/2
f 4632/11/2 4633/11/2 4636/11/2
f 4636/11/2 4633/11/2 4637/11/2
f 4638/11/2 4639/11/2 4642/11/2
f 4642/11/2 4639/11/2 4643/11/2
f 4640/11/2 4641/11/2 4644/11/2
f 4644/11/2 4641/11/2 4645/11/2
f 4646/11/2 4647/11/2 4650/11/2
f 4650/11/2 4647/11/2 4651/11/2
f 4648/11/2 4649/11/2 4652/11/2
f 4652/11/2 4649/11/2 4653/11/2
f 4654/11/2 4655/11/2 4656/11/2
f 4656/11/2 4655/11/2 4657/11/2
f 4658/11/2 4659/11/2 4662/11/2
f 4662/11/2 4659/11/2 4663/11/2
f 4660/11/2 4661/11/2 4664/11/2
f 4664/11/2 4661/11/2 4665/11/2
f 4666/11/2 4667/11/2 4670/11/2
f 4670/11/2 4667/11/2 4671/11/2
f 4668/11/2 4669/11/2 4672/11/2
f 4672/11/2 4669/11/2 4673/11/2
f 4674/11/2 4675/11/2 4678/11/2
f 4678/11/2 4675/11/2 4679/11/2
f 4676/11/2 4677/11/2 4680/11/2
f 4680/11/2 4677/11/2 4681/11/2
f 4682/11/2 4683/11/2 4686/11/2
f 4686/11/2 4683/11/2 4687/11/2
f 4684/11/2 4685/11/2 4688/11/2
f 4688/11/2 4685/11/2 4689/11/2
f 4690/11/2 4691/11/2 4692/11/2
f 4692/11/2 4691/11/2 4693/11/2
f 4694/11/2 4695/11/2 4696/11/2
f 4696/11/2 4695/11/2 4697/11/2
f 4698/11/2 4699/11/2 4700/11/2
f 4700/11/2 4699/11/2 4701/11/2
f 4702/11/2 4703/11/2 4704/11/2
f 4704/11/2 4703/11/2 4705/11/2
f 4706/11/2 4707/11/2 4708/11/2
f 4708/11/2 4707/11/2 4709/11/2
f 4710/11/2 4711/11/2 4712/11/2
f 4712/11/2 4711/11/2 4713/11/2
f 4714/11/2 4715/11/2 4716/11/2
f 4716/11/2 4715/11/2 4717/11/2
f 4718/11/2 4719/11/2 4720/11/2
f 4720/11/2 4719/11/2 4721/11/2
f 4722/11/2 4723/11/2 4724/11/2
f 4724/11/2 4723/11/2 4725/11/2
f 4726/11/2 4727/11/2 4728/11/2
f 4728/11/2 4727/11/2 4729/11/2
f 4730/11/2 4731/11/2 4732/11/2
f 4732/11/2 4731/11/2 4733/11/2
f 4734/11/2 4735/11/2 4736/11/2
f 4736/11/2 4735/11/2 4737/11/2
f 4738/11/2 4739/11/2 4740/11/2
f 4740/11/2 4739/11/2 4741/11/2
f 4742/11/2 4743/11/2 4744/11/2
f 4744/11/2 4743/11/2 4745/11/2
f 4746/11/2 4747/11/2 4748/11/2
f 4748/11/2 4747/11/2 4749/11/2
f 4750/11/2 4751/11/2 4752/11/2
f 4752/11/2 4751/11/2 4753/11/2
f 4754/11/2 4755/11/2 4756/11/2
f 4756/11/2 4755/11/2 4757/11/2
f 4758/11/2 4759/11/2 4760/11/2
f 4760/11/2 4759/11/2 4761/11/2
f 4762/11/2 4763/11/2 4764/11/2
f 4764/11/2 4763/11/2 4765/11/2
f 4766/11/2 4767/11/2 4768/11/2
f 4768/11/2 4767/11/2 4769/11/2
f 4770/11/2 4771/11/2 4772/11/2
f 4772/11/2 4771/11/2 4773/11/2
f 4774/11/2 4775/11/2 4776/11/2
f 4776/11/2 4775/11/2 4777/11/2
f 4778/11/2 4779/11/2 4780/11/2
f 4780/11/2 4779/11/2 4781/11/2
f 4782/11/2 4783/11/2 4784/11/2
f 4784/11/2 4783/11/2 4785/11/2
f 4786/11/2 4787/11/2 4788/11/2
f 4788/11/2 4787/11/2 4789/11/2
f 4790/11/2 4791/11/2 4792/11/2
f 4792/11/2 4791/11/2 4793/11/2
f 4794/11/2 4795/11/2 4796/11/2
f 4796/11/2 4795/11/2 4797/11/2
f 4798/11/2 4799/11/2 4800/11/2
f 4800/11/2 4799/11/2 4801/11/2
f 4802/11/2 4803/11/2 4804/11/2
f 4804/11/2 4803/11/2 4805/11/2
f 4806/11/2 4807/11/2 4808/11/2
f 4808/11/2 4807/11/2 4809/11/2
f 4810/3/2 4811/3/2 4812/3/2
f 4812/3/2 4811/3/2 4813/3/2
f 4814/11/2 4815/11/2 4816/11/2
f 4816/11/2 4815/11/2 4817/11/2
f 4818/11/2 4819/11/2 4821/11/2
f 4819/3/2 4820/3/2 4821/3/2
f 4821/3/2 4820/3/2 4822/3/2
f 4821/11/2 4822/11/2 4823/11/2
f 4822/3/2 4820/3/2 4823/3/2
f 4823/3/2 4820/3/2 4824/3/2
f 4823/11/2 4824/11/2 4825/11/2
f 4824/3/2 4820/3/2 4825/3/2
f 4825/3/2 4820/3/2 4826/3/2
f 4825/11/2 4826/11/2 4827/11/2
f 4826/3/2 4820/3/2 4827/3/2
f 4827/3/2 4820/3/2 4828/3/2
f 4827/11/2 4828/11/2 4829/11/2
f 4828/3/2 4820/3/2 4829/3/2
f 4829/3/2 4820/3/2 4830/3/2
f 4829/11/2 4830/11/2 4831/11/2
f 4830/3/2 4820/3/2 4831/3/2
f 4831/3/2 4820/3/2 4832/3/2
f 4831/11/2 4832/11/2 4833/11/2
f 4832/3/2 4820/3/2 4833/3/2
f 4833/3/2 4820/3/2 4834/3/2
f 4834/3/2 4820/3/2 4835/3/2
f 4835/3/2 4820/3/2 4836/3/2
f 4833/11/2 4834/11/2 4837/11/2
f 4834/3/2 4835/3/2 4837/3/2
f 4837/3/2 4835/3/2 4838/3/2
f 4838/3/2 4835/3/2 4839/3/2
f 4839/3/2 4835/3/2 4840/3/2
f 4837/11/2 4838/11/2 4841/11/2
f 4838/3/2 4839/3/2 4841/3/2
f 4841/3/2 4839/3/2 4842/3/2
f 4842/3/2 4839/3/2 4843/3/2
f 4843/3/2 4839/3/2 4844/3/2
f 4841/11/2 4842/11/2 4845/11/2
f 4842/3/2 4843/3/2 4845/3/2
f 4845/3/2 4843/3/2 4846/3/2
f 4818/11/2 4821/11/2 4847/11/2
f 4821/11/2 4823/11/2 4847/11/2
f 4841/11/2 4845/11/2 4847/11/2
f 4823/11/2 4825/11/2 4847/11/2
f 4837/11/2 4841/11/2 4847/11/2
f 4825/11/2 4827/11/2 4847/11/2
f 4833/11/2 4837/11/2 4847/11/2
f 4827/11/2 4829/11/2 4847/11/2
f 4831/11/2 4833/11/2 4847/11/2
f 4829/11/2 4831/11/2 4847/11/2
f 4847/11/2 4845/11/2 4848/11/2
f 4818/11/2 4847/11/2 4849/11/2
f 4849/11/2 4847/11/2 4850/11/2
f 4818/11/2 4849/11/2 4851/11/2
f 4851/11/2 4849/11/2 4852/11/2
f 4818/11/2 4851/11/2 4853/11/2
f 4853/11/2 4851/11/2 4854/11/2
f 4857/11/3 4856/11/3 4855/11/3
f 4859/11/3 4858/11/3 4857/11/3
f 4861/11/3 4859/11/3 4857/11/3
f 4861/11/3 4860/11/3 4859/11/3
f 4862/11/3 4860/11/3 4861/11/3
f 4863/11/3 4857/11/3 4855/11/3
f 4863/11/3 4861/11/3 4857/11/3
f 4864/11/3 4861/11/3 4863/11/3
f 4867/11/3 4866/11/3 4865/11/3
f 4868/11/3 4866/11/3 4867/11/3
f 4871/11/3 4870/11/3 4869/11/3
f 4872/11/3 4870/11/3 4871/11/3
f 4875/11/3 4874/11/3 4873/11/3
f 4876/11/3 4874/11/3 4875/11/3
f 4879/11/3 4878/11/3 4877/11/3
f 4880/11/3 4878/11/3 4879/11/3
f 4883/11/3 4882/11/3 4881/11/3
f 4884/11/3 4882/11/3 4883/11/3
f 4887/11/3 4886/11/3 4885/11/3
f 4888/11/3 4886/11/3 4887/11/3
f 4891/6/3 4890/6/3 4889/6/3
f 4892/6/3 4890/6/3 4891/6/3
f 4895/11/3 4894/11/3 4893/11/3
f 4896/11/3 4894/11/3 4895/11/3
f 4899/11/3 4898/11/3 4897/11/3
f 4900/11/3 4898/11/3 4899/11/3
f 4903/11/3 4902/11/3 4901/11/3
f 4904/11/3 4902/11/3 4903/11/3
f 4907/11/3 4906/11/3 4905/11/3
f 4908/11/3 4906/11/3 4907/11/3
f 4911/11/3 4910/11/3 4909/11/3
f 4912/11/3 4910/11/3 4911/11/3
f 4915/11/3 4914/11/3 4913/11/3
f 4916/11/3 4914/11/3 4915/11/3
f 4919/11/3 4918/11/3 4917/11/3
f 4920/11/3 4918/11/3 4919/11/3
f 4923/11/3 4922/11/3 4921/11/3
f 4924/11/3 4922/11/3 4923/11/3
f 4927/11/3 4926/11/3 4925/11/3
f 4928/11/3 4926/11/3 4927/11/3
f 4931/11/3 4930/11/3 4929/11/3
f 4932/11/3 4930/11/3 4931/11/3
f 4935/11/3 4934/11/3 4933/11/3
f 4936/11/3 4934/11/3 4935/11/3
f 4939/11/3 4938/11/3 4937/11/3
f 4940/11/3 4938/11/3 4939/11/3
f 4941/11/4 4942/11/4 4943/11/4
f 4943/11/4 4942/11/4 4944/11/4
f 4945/11/4 4946/11/4 4947/11/4
f 4947/11/4 4946/11/4 4948/11/4
f 4949/11/4 4950/11/4 4951/11/4
f 4951/11/4 4950/11/4 4952/11/4
f 4953/11/4 4954/11/4 4955/11/4
f 4955/11/4 4954/11/4 4956/11/4
f 4957/11/4 4958/11/4 4959/11/4
f 4959/11/4 4958/11/4 4960/11/4
f 4961/11/4 4962/11/4 4963/11/4
f 4963/11/4 4962/11/4 4964/11/4
f 4965/11/4 4966/11/4 4967/11/4
f 4967/11/4 4966/11/4 4968/11/4
f 4969/11/4 4970/11/4 4971/11/4
f 4971/11/4 4970/11/4 4972/11/4
f 4973/11/4 4974/11/4 4975/11/4
f 4975/11/4 4974/11/4 4976/11/4
f 4977/11/4 4978/11/4 4979/11/4
f 4979/11/4 4978/11/4 4980/11/4
f 4981/11/4 4982/11/4 4983/11/4
f 4983/11/4 4982/11/4 4984/11/4
f 4985/11/4 4986/11/4 4987/11/4
f 4987/11/4 4986/11/4 4988/11/4
f 4989/11/4 4990/11/4 4991/11/4
f 4991/11/4 4990/11/4 4992/11/4
f 4993/11/4 4994/11/4 4995/11/4
f 4995/11/4 4994/11/4 4996/11/4
f 4997/11/4 4998/11/4 4999/11/4
f 4999/11/4 4998/11/4 5000/11/4
f 5001/11/4 5002/11/4 5003/11/4
f 5003/11/4 5002/11/4 5004/11/4
f 5005/11/4 5006/11/4 5007/11/4
f 5007/11/4 5006/11/4 5008/11/4
f 5009/11/4 5010/11/4 5011/11/4
f 5011/11/4 5010/11/4 5012/11/4
f 5013/11/4 5014/11/4 5015/11/4
f 5015/11/4 5014/11/4 5016/11/4
f 5017/11/4 5018/11/4 5019/11/4
f 5019/11/4 5018/11/4 5020/11/4
f 5021/11/4 5022/11/4 5023/11/4
f 5023/11/4 5022/11/4 5024/11/4
f 5025/11/4 5026/11/4 5027/11/4
f 5027/11/4 5026/11/4 5028/11/4
f 5029/11/4 5030/11/4 5031/11/4
f 5031/11/4 5030/11/4 5032/11/4
f 5033/11/4 5034/11/4 5035/11/4
f 5035/11/4 5034/11/4 5036/11/4
f 5037/11/4 5038/11/4 5039/11/4
f 5039/11/4 5038/11/4 5040/11/4
f 5041/11/4 5042/11/4 5043/11/4
f 5043/11/4 5042/11/4 5044/11/4
f 5045/11/4 5046/11/4 5047/11/4
f 5047/11/4 5046/11/4 5048/11/4
f 5049/11/4 5050/11/4 5051/11/4
f 5051/11/4 5050/11/4 5052/11/4
f 5053/11/4 5054/11/4 5055/11/4
f 5055/11/4 5054/11/4 5056/11/4
f 5057/11/4 5058/11/4 5059/11/4
f 5059/11/4 5058/11/4 5060/11/4
f 5061/11/4 5062/11/4 5063/11/4
f 5063/11/4 5062/11/4 5064/11/4
f 5065/11/4 5066/11/4 5067/11/4
f 5067/11/4 5066/11/4 5068/11/4
f 5069/11/4 5070/11/4 5071/11/4
f 5071/11/4 5070/11/4 5072/11/4
f 5073/11/4 5074/11/4 5075/11/4
f 5075/11/4 5074/11/4 5076/11/4
f 5077/11/4 5078/11/4 5079/11/4
f 5079/11/4 5078/11/4 5080/11/4
f 5081/11/4 5082/11/4 5083/11/4
f 5083/11/4 5082/11/4 5084/11/4
f 5085/11/4 5086/11/4 5087/11/4
f 5087/11/4 5086/11/4 5088/11/4
f 5089/11/4 5090/11/4 5091/11/4
f 5091/11/4 5090/11/4 5092/11/4
f 5093/11/4 5094/11/4 5095/11/4
f 5095/11/4 5094/11/4 5096/11/4
f 5097/11/4 5098/11/4 5099/11/4
f 5099/11/4 5098/11/4 5100/11/4
f 5101/11/4 5102/11/4 5103/11/4
f 5103/11/4 5102/11/4 5104/11/4
f 5105/11/4 5106/11/4 5107/11/4
f 5107/11/4 5106/11/4 5108/11/4
f 5109/11/4 5110/11/4 5111/11/4
f 5111/11/4 5110/11/4 5112/11/4
f 5113/11/4 5114/11/4 5115/11/4
f 5115/11/4 5114/11/4 5116/11/4
f 5117/11/4 5118/11/4 5119/11/4
f 5119/11/4 5118/11/4 5120/11/4
f 5121/11/4 5122/11/4 5123/11/4
f 5123/11/4 5122/11/4 5124/11/4
f 5125/11/4 5126/11/4 5127/11/4
f 5127/11/4 5126/11/4 5128/11/4
f 5129/11/4 5130/11/4 5131/11/4
f 5131/11/4 5130/11/4 5132/11/4
f 5133/11/4 5134/11/4 5135/11/4
f 5135/11/4 5134/11/4 5136/11/4
f 5137/11/4 5138/11/4 5139/11/4
f 5139/11/4 5138/11/4 5140/11/4
f 5141/11/4 5142/11/4 5143/11/4
f 5143/11/4 5142/11/4 5144/11/4
f 5145/11/4 5146/11/4 5147/11/4
f 5147/11/4 5146/11/4 5148/11/4
f 5149/11/4 5150/11/4 5151/11/4
f 5151/11/4 5150/11/4 5152/11/4
f 5153/11/4 5154/11/4 5155/11/4
f 5155/11/4 5154/11/4 5156/11/4
f 5157/11/4 5158/11/4 5159/11/4
f 5159/11/4 5158/11/4 5160/11/4
f 5161/11/4 5162/11/4 5163/11/4
f 5163/11/4 5162/11/4 5164/11/4
f 5165/11/4 5166/11/4 5167/11/4
f 5167/11/4 5166/11/4 5168/11/4
f 5169/11/4 5170/11/4 5171/11/4
f 5171/11/4 5170/11/4 5172/11/4
f 5173/11/4 5174/11/4 5175/11/4
f 5175/11/4 5174/11/4 5176/11/4
f 5177/11/4 5178/11/4 5179/11/4
f 5179/11/4 5178/11/4 5180/11/4
f 5181/11/4 5182/11/4 5183/11/4
f 5183/11/4 5182/11/4 5184/11/4
f 5185/11/4 5186/11/4 5187/11/4
f 5187/11/4 5186/11/4 5188/11/4
f 5189/11/4 5190/11/4 5191/11/4
f 5191/11/4 5190/11/4 5192/11/4
f 5193/11/4 5194/11/4 5195/11/4
f 5195/11/4 5194/11/4 5196/11/4
f 5197/11/4 5198/11/4 5199/11/4
f 5199/11/4 5198/11/4 5200/11/4
f 5201/11/4 5202/11/4 5203/11/4
f 5203/11/4 5202/11/4 5204/11/4
f 5205/11/4 5206/11/4 5207/11/4
f 5207/11/4 5206/11/4 5208/11/4
f 5209/11/4 5210/11/4 5211/11/4
f 5211/11/4 5210/11/4 5212/11/4
f 5213/11/4 5214/11/4 5215/11/4
f 5215/11/4 5214/11/4 5216/11/4
f 5217/11/4 5218/11/4 5219/11/4
f 5219/11/4 5218/11/4 5220/11/4
f 5221/6/4 5222/6/4 5223/6/4
f 5223/6/4 5222/6/4 5224/6/4
f 5223/11/4 5224/11/4 5225/11/4
f 5225/11/4 5224/11/4 5226/11/4
f 5227/11/4 5228/11/4 5229/11/4
f 5229/11/4 5228/11/4 5230/11/4
f 5231/11/4 5232/11/4 5233/11/4
f 5233/11/4 5232/11/4 5234/11/4
f 5235/11/4 5236/11/4 5237/11/4
f 5237/11/4 5236/11/4 5238/11/4
f 5239/11/4 5240/11/4 5241/11/4
f 5241/11/4 5240/11/4 5242/11/4
f 5243/11/4 5244/11/4 5245/11/4
f 5245/11/4 5244/11/4 5246/11/4
f 5247/11/4 5248/11/4 5249/11/4
f 5249/11/4 5248/11/4 5250/11/4
f 5250/11/4 5248/11/4 5251/11/4
f 5252/11/4 5253/11/4 5254/11/4
f 5254/11/4 5253/11/4 5255/11/4
f 5256/11/4 5257/11/4 5258/11/4
f 5258/11/4 5257/11/4 5259/11/4
f 5260/11/4 5261/11/4 5262/11/4
f 5262/11/4 5261/11/4 5263/11/4
f 5264/11/4 5265/11/4 5266/11/4
f 5266/11/4 5265/11/4 5267/11/4
f 5268/11/4 5269/11/4 5270/11/4
f 5270/11/4 5269/11/4 5271/11/4
f 5272/11/4 5273/11/4 5274/11/4
f 5274/11/4 5273/11/4 5275/11/4
f 5276/11/4 5277/11/4 5278/11/4
f 5278/11/4 5277/11/4 5279/11/4
f 5280/11/4 5281/11/4 5282/11/4
f 5282/11/4 5281/11/4 5283/11/4
f 5284/11/4 5285/11/4 5286/11/4
f 5286/11/4 5285/11/4 5287/11/4
f 5288/11/4 5289/11/4 5290/11/4
f 5290/11/4 5289/11/4 5291/11/4
f 5292/11/4 5293/11/4 5294/11/4
f 5294/11/4 5293/11/4 5295/11/4
f 5296/11/4 5297/11/4 5298/11/4
f 5298/11/4 5297/11/4 5299/11/4
f 5300/11/4 5301/11/4 5302/11/4
f 5302/11/4 5301/11/4 5303/11/4
f 5304/11/4 5305/11/4 5306/11/4
f 5306/11/4 5305/11/4 5307/11/4
f 5308/11/4 5309/11/4 5310/11/4
f 5310/11/4 5309/11/4 5311/11/4
f 5312/11/4 5313/11/4 5314/11/4
f 5314/11/4 5313/11/4 5315/11/4
f 5316/11/4 5317/11/4 5318/11/4
f 5318/11/4 5317/11/4 5319/11/4
f 5320/11/4 5321/11/4 5322/11/4
f 5322/11/4 5321/11/4 5323/11/4
f 5324/11/4 5325/11/4 5326/11/4
f 5326/11/4 5325/11/4 5327/11/4
f 5328/11/4 5329/11/4 5330/11/4
f 5330/11/4 5329/11/4 5331/11/4
f 5332/11/4 5333/11/4 5334/11/4
f 5334/11/4 5333/11/4 5335/11/4
f 5336/11/4 5337/11/4 5338/11/4
f 5338/11/4 5337/11/4 5339/11/4
f 5340/11/4 5341/11/4 5342/11/4
f 5342/11/4 5341/11/4 5343/11/4
f 5344/11/4 5345/11/4 5346/11/4
f 5346/11/4 5345/11/4 5347/11/4
f 5348/11/4 5349/11/4 5350/11/4
f 5350/11/4 5349/11/4 5351/11/4
f 5352/11/4 5353/11/4 5354/11/4
f 5354/11/4 5353/11/4 5355/11/4
f 5356/11/4 5357/11/4 5358/11/4
f 5358/11/4 5357/11/4 5359/11/4
f 5360/11/4 5361/11/4 5362/11/4
f 5362/11/4 5361/11/4 5363/11/4
f 5364/11/4 5365/11/4 5366/11/4
f 5366/11/4 5365/11/4 5367/11/4
f 5368/11/4 5369/11/4 5370/11/4
f 5370/11/4 5369/11/4 5371/11/4
f 5370/10/4 5371/10/4 5372/10/4
f 5372/10/4 5371/10/4 5373/10/4
f 5374/11/4 5375/11/4 5376/11/4
f 5376/11/4 5375/11/4 5377/11/4
f 5378/11/4 5379/11/4 5380/11/4
f 5380/11/4 5379/11/4 5381/11/4
f 5382/11/4 5383/11/4 5384/11/4
f 5384/11/4 5383/11/4 5385/11/4
f 5386/11/4 5387/11/4 5388/11/4
f 5388/11/4 5387/11/4 5389/11/4
f 5390/11/4 5391/11/4 5392/11/4
f 5392/11/4 5391/11/4 5393/11/4
f 5392/8/4 5393/8/4 5394/8/4
f 5394/8/4 5393/8/4 5395/8/4
f 5396/11/4 5397/11/4 5398/11/4
f 5398/11/4 5397/11/4 5399/11/4
f 5400/11/4 5401/11/4 5402/11/4
f 5402/11/4 5401/11/4 5403/11/4
f 5404/11/4 5405/11/4 5406/11/4
f 5406/11/4 5405/11/4 5407/11/4
f 5408/11/4 5409/11/4 5410/11/4
f 5410/11/4 5409/11/4 5411/11/4
f 5412/11/4 5413/11/4 5414/11/4
f 5414/11/4 5413/11/4 5415/11/4
f 5416/11/4 5417/11/4 5418/11/4
f 5418/11/4 5417/11/4 5419/11/4
f 5420/11/4 5421/11/4 5422/11/4
f 5422/11/4 5421/11/4 5423/11/4
f 5424/11/4 5425/11/4 5426/11/4
f 5426/11/4 5425/11/4 5427/11/4
f 5428/11/4 5429/11/4 5430/11/4
f 5430/11/4 5429/11/4 5431/11/4
f 5432/11/4 5433/11/4 5434/11/4
f 5434/11/4 5433/11/4 5435/11/4
f 5436/11/4 5437/11/4 5438/11/4
f 5438/11/4 5437/11/4 5439/11/4
f 5440/11/4 5441/11/4 5442/11/4
f 5442/11/4 5441/11/4 5443/11/4
f 5444/11/4 5445/11/4 5446/11/4
f 5446/11/4 5445/11/4 5447/11/4
f 5448/11/4 5449/11/4 5450/11/4
f 5450/11/4 5449/11/4 5451/11/4
f 5452/11/4 5453/11/4 5454/11/4
f 5454/11/4 5453/11/4 5455/11/4
f 5456/11/4 5457/11/4 5458/11/4
f 5458/11/4 5457/11/4 5459/11/4
f 5460/11/4 5461/11/4 5462/11/4
f 5462/11/4 5461/11/4 5463/11/4
f 5464/11/4 5465/11/4 5466/11/4
f 5466/11/4 5465/11/4 5467/11/4
f 5468/11/4 5469/11/4 5470/11/4
f 5470/11/4 5469/11/4 5471/11/4
f 5471/11/4 5469/11/4 5472/11/4
f 5472/11/4 5469/11/4 5473/11/4
f 5474/11/4 5475/11/4 5476/11/4
f 5476/11/4 5475/11/4 5477/11/4
f 5478/11/4 5479/11/4 5480/11/4
f 5480/11/4 5479/11/4 5481/11/4
f 5482/11/4 5483/11/4 5484/11/4
f 5484/11/4 5483/11/4 5485/11/4
f 5486/11/4 5487/11/4 5488/11/4
f 5488/11/4 5487/11/4 5489/11/4
f 5490/11/4 5491/11/4 5492/11/4
f 5492/11/4 5491/11/4 5493/11/4
f 5494/11/4 5495/11/4 5496/11/4
f 5496/11/4 5495/11/4 5497/11/4
f 5498/11/4 5499/11/4 5500/11/4
f 5500/11/4 5499/11/4 5501/11/4
f 5502/11/4 5503/11/4 5504/11/4
f 5504/11/4 5503/11/4 5505/11/4
f 5506/11/4 5507/11/4 5508/11/4
f 5508/11/4 5507/11/4 5509/11/4
f 5510/11/4 5511/11/4 5512/11/4
f 5512/11/4 5511/11/4 5513/11/4
f 5514/11/4 5515/11/4 5516/11/4
f 5516/11/4 5515/11/4 5517/11/4
f 5518/11/4 5519/11/4 5520/11/4
f 5520/11/4 5519/11/4 5521/11/4
f 5522/11/4 5523/11/4 5524/11/4
f 5524/11/4 5523/11/4 5525/11/4
f 5526/11/4 5527/11/4 5528/11/4
f 5528/11/4 5527/11/4 5529/11/4
f 5530/11/4 5531/11/4 5532/11/4
f 5532/11/4 5531/11/4 5533/11/4
f 5534/11/4 5535/11/4 5536/11/4
f 5536/11/4 5535/11/4 5537/11/4
f 5538/11/4 5539/11/4 5540/11/4
f 5540/11/4 5539/11/4 5541/11/4
f 5542/11/4 5543/11/4 5544/11/4
f 5544/11/4 5543/11/4 5545/11/4
f 5546/11/4 5547/11/4 5548/11/4
f 5548/11/4 5547/11/4 5549/11/4
f 5550/11/4 5551/11/4 5552/11/4
f 5552/11/4 5551/11/4 5553/11/4
f 5554/11/4 5555/11/4 5556/11/4
f 5556/11/4 5555/11/4 5557/11/4
f 5558/11/4 5559/11/4 5560/11/4
f 5560/11/4 5559/11/4 5561/11/4
f 5562/11/4 5563/11/4 5564/11/4
f 5564/11/4 5563/11/4 5565/11/4
f 5566/11/4 5567/11/4 5568/11/4
f 5568/11/4 5567/11/4 5569/11/4
f 5570/11/4 5571/11/4 5572/11/4
f 5572/11/4 5571/11/4 5573/11/4
f 5574/11/4 5575/11/4 5576/11/4
f 5576/11/4 5575/11/4 5577/11/4
f 5578/11/4 5579/11/4 5580/11/4
f 5580/11/4 5579/11/4 5581/11/4
f 5582/11/4 5583/11/4 5584/11/4
f 5584/11/4 5583/11/4 5585/11/4
f 5586/11/4 5587/11/4 5588/11/4
f 5588/11/4 5587/11/4 5589/11/4
f 5590/11/4 5591/11/4 5592/11/4
f 5592/11/4 5591/11/4 5593/11/4
f 5594/11/4 5595/11/4 5596/11/4
f 5596/11/4 5595/11/4 5597/11/4
f 5598/11/4 5599/11/4 5600/11/4
f 5600/11/4 5599/11/4 5601/11/4
f 5602/11/4 5603/11/4 5604/11/4
f 5604/11/4 5603/11/4 5605/11/4
f 5606/11/4 5607/11/4 5608/11/4
f 5608/11/4 5607/11/4 5609/11/4
f 5610/11/4 5611/11/4 5612/11/4
f 5612/11/4 5611/11/4 5613/11/4
f 5614/11/4 5615/11/4 5616/11/4
f 5616/11/4 5615/11/4 5617/11/4
f 5618/11/4 5619/11/4 5620/11/4
f 5620/11/4 5619/11/4 5621/11/4
f 5622/11/4 5623/11/4 5624/11/4
f 5624/11/4 5623/11/4 5625/11/4
f 5626/11/4 5627/11/4 5628/11/4
f 5628/11/4 5627/11/4 5629/11/4
f 5630/11/4 5631/11/4 5632/11/4
f 5632/11/4 5631/11/4 5633/11/4
f 5634/11/4 5635/11/4 5636/11/4
f 5636/11/4 5635/11/4 5637/11/4
f 5638/11/4 5639/11/4 5640/11/4
f 5640/11/4 5639/11/4 5641/11/4
f 5642/11/4 5643/11/4 5644/11/4
f 5644/11/4 5643/11/4 5645/11/4
f 5646/11/4 5647/11/4 5648/11/4
f 5648/11/4 5647/11/4 5649/11/4
f 5650/11/4 5651/11/4 5652/11/4
f 5652/11/4 5651/11/4 5653/11/4
f 5654/11/4 5655/11/4 5656/11/4
f 5656/11/4 5655/11/4 5657/11/4
f 5658/11/4 5659/11/4 5660/11/4
f 5660/11/4 5659/11/4 5661/11/4
f 5662/11/4 5663/11/4 5664/11/4
f 5664/11/4 5663/11/4 5665/11/4
f 5666/11/4 5667/11/4 5668/11/4
f 5668/11/4 5667/11/4 5669/11/4
f 5670/11/4 5671/11/4 5672/11/4
f 5672/11/4 5671/11/4 5673/11/4
f 5674/11/4 5675/11/4 5676/11/4
f 5676/11/4 5675/11/4 5677/11/4
f 5678/11/4 5679/11/4 5680/11/4
f 5680/11/4 5679/11/4 5681/11/4
f 5682/11/4 5683/11/4 5684/11/4
f 5684/11/4 5683/11/4 5685/11/4
f 5686/11/4 5687/11/4 5688/11/4
f 5688/11/4 5687/11/4 5689/11/4
f 5690/11/4 5691/11/4 5692/11/4
f 5692/11/4 5691/11/4 5693/11/4
f 5694/11/4 5695/11/4 5696/11/4
f 5696/11/4 5695/11/4 5697/11/4
f 5698/11/4 5699/11/4 5700/11/4
f 5700/11/4 5699/11/4 5701/11/4
f 5702/11/4 5703/11/4 5704/11/4
f 5704/11/4 5703/11/4 5705/11/4
f 5706/11/4 5707/11/4 5708/11/4
f 5708/11/4 5707/11/4 5709/11/4
f 5710/11/4 5711/11/4 5712/11/4
f 5712/11/4 5711/11/4 5713/11/4
f 5714/11/4 5715/11/4 5716/11/4
f 5716/11/4 5715/11/4 5717/11/4
f 5718/11/4 5719/11/4 5720/11/4
f 5720/11/4 5719/11/4 5721/11/4
f 5722/11/4 5723/11/4 5724/11/4
f 5724/11/4 5723/11/4 5725/11/4
f 5726/11/4 5727/11/4 5728/11/4
f 5728/11/4 5727/11/4 5729/11/4
f 5730/11/4 5731/11/4 5732/11/4
f 5732/11/4 5731/11/4 5733/11/4
f 5734/11/4 5735/11/4 5736/11/4
f 5736/11/4 5735/11/4 5737/11/4
f 5738/11/4 5739/11/4 5740/11/4
f 5740/11/4 5739/11/4 5741/11/4
f 5742/11/4 5743/11/4 5744/11/4
f 5744/11/4 5743/11/4 5745/11/4
f 5746/11/4 5747/11/4 5748/11/4
f 5748/11/4 5747/11/4 5749/11/4
f 5750/11/4 5751/11/4 5752/11/4
f 5752/11/4 5751/11/4 5753/11/4
f 5754/11/4 5755/11/4 5756/11/4
f 5756/11/4 5755/11/4 5757/11/4
f 5758/11/4 5759/11/4 5760/11/4
f 5760/11/4 5759/11/4 5761/11/4
f 5762/11/4 5763/11/4 5764/11/4
f 5764/11/4 5763/11/4 5765/11/4
f 5766/11/4 5767/11/4 5768/11/4
f 5768/11/4 5767/11/4 5769/11/4
f 5770/11/4 5771/11/4 5772/11/4
f 5772/11/4 5771/11/4 5773/11/4
f 5774/11/4 5775/11/4 5776/11/4
f 5776/11/4 5775/11/4 5777/11/4
f 5778/11/4 5779/11/4 5780/11/4
f 5780/11/4 5779/11/4 5781/11/4
f 5782/11/4 5783/11/4 5784/11/4
f 5784/11/4 5783/11/4 5785/11/4
f 5786/11/4 5787/11/4 5788/11/4
f 5788/11/4 5787/11/4 5789/11/4
f 5790/11/4 5791/11/4 5792/11/4
f 5792/11/4 5791/11/4 5793/11/4
f 5794/11/4 5795/11/4 5796/11/4
f 5796/11/4 5795/11/4 5797/11/4
f 5798/11/4 5799/11/4 5800/11/4
f 5800/11/4 5799/11/4 5801/11/4
f 5802/11/4 5803/11/4 5804/11/4
f 5804/11/4 5803/11/4 5805/11/4
f 5806/11/4 5807/11/4 5808/11/4
f 5808/11/4 5807/11/4 5809/11/4
f 5810/11/4 5811/11/4 5812/11/4
f 5812/11/4 5811/11/4 5813/11/4
f 5814/11/4 5815/11/4 5816/11/4
f 5816/11/4 5815/11/4 5817/11/4
f 5818/11/4 5819/11/4 5820/11/4
f 5820/11/4 5819/11/4 5821/11/4
f 5822/11/4 5823/11/4 5824/11/4
f 5824/11/4 5823/11/4 5825/11/4
f 5826/11/4 5827/11/4 5828/11/4
f 5828/11/4 5827/11/4 5829/11/4
f 5830/11/4 5831/11/4 5832/11/4
f 5832/11/4 5831/11/4 5833/11/4
f 5834/11/4 5835/11/4 5836/11/4
f 5836/11/4 5835/11/4 5837/11/4
f 5838/11/4 5839/11/4 5840/11/4
f 5840/11/4 5839/11/4 5841/11/4
f 5842/11/4 5843/11/4 5844/11/4
f 5844/11/4 5843/11/4 5845/11/4
f 5846/11/4 5847/11/4 5848/11/4
f 5848/11/4 5847/11/4 5849/11/4
f 5850/11/4 5851/11/4 5852/11/4
f 5852/11/4 5851/11/4 5853/11/4
f 5854/11/4 5855/11/4 5856/11/4
f 5856/11/4 5855/11/4 5857/11/4
f 5858/11/4 5859/11/4 5860/11/4
f 5860/11/4 5859/11/4 5861/11/4
f 5862/11/4 5863/11/4 5864/11/4
f 5864/11/4 5863/11/4 5865/11/4
f 5866/11/4 5867/11/4 5868/11/4
f 5868/11/4 5867/11/4 5869/11/4
f 5870/11/4 5871/11/4 5872/11/4
f 5872/11/4 5871/11/4 5873/11/4
f 5874/11/4 5875/11/4 5876/11/4
f 5876/11/4 5875/11/4 5877/11/4
f 5878/11/4 5879/11/4 5880/11/4
f 5880/11/4 5879/11/4 5881/11/4
f 5882/11/4 5883/11/4 5884/11/4
f 5884/11/4 5883/11/4 5885/11/4
f 5886/11/4 5887/11/4 5888/11/4
f 5888/11/4 5887/11/4 5889/11/4
f 5890/11/4 5891/11/4 5892/11/4
f 5892/11/4 5891/11/4 5893/11/4
f 5894/11/4 5895/11/4 5896/11/4
f 5896/11/4 5895/11/4 5897/11/4
f 5898/11/4 5899/11/4 5900/11/4
f 5900/11/4 5899/11/4 5901/11/4
f 5902/11/4 5903/11/4 5904/11/4
f 5904/11/4 5903/11/4 5905/11/4
f 5906/11/4 5907/11/4 5908/11/4
f 5908/11/4 5907/11/4 5909/11/4
f 5910/11/4 5911/11/4 5912/11/4
f 5912/11/4 5911/11/4 5913/11/4
f 5914/11/4 5915/11/4 5916/11/4
f 5916/11/4 5915/11/4 5917/11/4
f 5918/11/4 5919/11/4 5920/11/4
f 5920/11/4 5919/11/4 5921/11/4
f 5922/11/4 5923/11/4 5924/11/4
f 5924/11/4 5923/11/4 5925/11/4
f 5926/11/4 5927/11/4 5928/11/4
f 5928/11/4 5927/11/4 5929/11/4
f 5930/11/4 5931/11/4 5932/11/4
f 5932/11/4 5931/11/4 5933/11/4
f 5934/11/4 5935/11/4 5936/11/4
f 5936/11/4 5935/11/4 5937/11/4
f 5938/11/4 5939/11/4 5940/11/4
f 5940/11/4 5939/11/4 5941/11/4
f 5942/11/4 5943/11/4 5944/11/4
f 5944/11/4 5943/11/4 5945/11/4
f 5946/11/4 5947/11/4 5948/11/4
f 5948/11/4 5947/11/4 5949/11/4
f 5950/11/4 5951/11/4 5952/11/4
f 5952/11/4 5951/11/4 5953/11/4
f 5954/11/4 5955/11/4 5956/11/4
f 5956/11/4 5955/11/4 5957/11/4
f 5958/11/4 5959/11/4 5960/11/4
f 5960/11/4 5959/11/4 5961/11/4
f 5962/11/4 5963/11/4 5964/11/4
f 5964/11/4 5963/11/4 5965/11/4
f 5965/11/4 5963/11/4 5966/11/4
f 5966/11/4 5963/11/4 5967/11/4
f 5968/11/4 5969/11/4 5970/11/4
f 5970/11/4 5969/11/4 5971/11/4
f 5972/11/4 5973/11/4 5974/11/4
f 5974/11/4 5973/11/4 5975/11/4
f 5976/11/4 5977/11/4 5978/11/4
f 5978/11/4 5977/11/4 5979/11/4
f 5980/11/4 5981/11/4 5982/11/4
f 5982/11/4 5981/11/4 5983/11/4
f 5984/11/4 5985/11/4 5986/11/4
f 5986/11/4 5985/11/4 5987/11/4
f 5987/11/4 5985/11/4 5988/11/4
f 5988/11/4 5985/11/4 5989/11/4
f 5990/3/4 5991/3/4 5992/3/4
f 5992/3/4 5991/3/4 5993/3/4
f 5994/11/4 5995/11/4 5996/11/4
f 5996/11/4 5995/11/4 5997/11/4
f 5998/11/4 5999/11/4 6000/11/4
f 6000/11/4 5999/11/4 6001/11/4
f 6002/11/4 6003/11/4 6004/11/4
f 6004/11/4 6003/11/4 6005/11/4
f 6006/11/4 6007/11/4 6008/11/4
f 6008/11/4 6007/11/4 6009/11/4
f 6010/3/4 6011/3/4 6012/3/4
f 6012/3/4 6011/3/4 6013/3/4
f 6014/11/4 6015/11/4 6016/11/4
f 6016/11/4 6015/11/4 6017/11/4
f 6018/11/4 6019/11/4 6020/11/4
f 6020/11/4 6019/11/4 6021/11/4
f 6022/11/4 6023/11/4 6024/11/4
f 6024/11/4 6023/11/4 6025/11/4
f 6026/3/4 6027/3/4 6028/3/4
f 6028/3/4 6027/3/4 6029/3/4
f 6030/11/4 6031/11/4 6032/11/4
f 6032/11/4 6031/11/4 6033/11/4
f 6034/11/4 6035/11/4 6036/11/4
f 6036/11/4 6035/11/4 6037/11/4
f 6038/11/4 6039/11/4 6040/11/4
f 6040/11/4 6039/11/4 6041/11/4
f 6041/11/4 6039/11/4 6042/11/4
f 6042/11/4 6039/11/4 6043/11/4
f 6044/3/4 6045/3/4 6046/3/4
f 6046/3/4 6045/3/4 6047/3/4
f 6048/11/4 6049/11/4 6050/11/4
f 6050/11/4 6049/11/4 6051/11/4
f 6052/11/4 6053/11/4 6054/11/4
f 6054/11/4 6053/11/4 6055/11/4
f 6056/11/4 6057/11/4 6058/11/4
f 6058/11/4 6057/11/4 6059/11/4
f 6060/3/4 6061/3/4 6062/3/4
f 6062/3/4 6061/3/4 6063/3/4
f 6064/11/4 6065/11/4 6066/11/4
f 6066/11/4 6065/11/4 6067/11/4
f 6068/11/4 6069/11/4 6070/11/4
f 6070/11/4 6069/11/4 6071/11/4
f 6072/11/4 6073/11/4 6074/11/4
f 6074/11/4 6073/11/4 6075/11/4
f 6076/3/4 6077/3/4 6078/3/4
f 6078/3/4 6077/3/4 6079/3/4
f 6080/11/4 6081/11/4 6082/11/4
f 6082/11/4 6081/11/4 6083/11/4
f 6084/11/4 6085/11/4 6086/11/4
f 6086/11/4 6085/11/4 6087/11/4
f 6088/11/4 6089/11/4 6090/11/4
f 6090/11/4 6089/11/4 6091/11/4
f 6092/3/4 6093/3/4 6094/3/4
f 6094/3/4 6093/3/4 6095/3/4
f 6096/11/4 6097/11/4 6098/11/4
f 6098/11/4 6097/11/4 6099/11/4
f 6100/11/4 6101/11/4 6102/11/4
f 6102/11/4 6101/11/4 6103/11/4
f 6104/11/4 6105/11/4 6106/11/4
f 6106/11/4 6105/11/4 6107/11/4
f 6108/3/4 6109/3/4 6110/3/4
f 6110/3/4 6109/3/4 6111/3/4
f 6112/11/4 6113/11/4 6114/11/4
f 6114/11/4 6113/11/4 6115/11/4
f 6116/11/4 6117/11/4 6118/11/4
f 6118/11/4 6117/11/4 6119/11/4
f 6120/11/4 6121/11/4 6122/11/4
f 6122/11/4 6121/11/4 6123/11/4
f 6124/3/4 6125/3/4 6126/3/4
f 6126/3/4 6125/3/4 6127/3/4
f 6128/11/4 6129/11/4 6130/11/4
f 6130/11/4 6129/11/4 6131/11/4
f 6132/11/4 6133/11/4 6134/11/4
f 6134/11/4 6133/11/4 6135/11/4
f 6136/11/4 6137/11/4 6138/11/4
f 6138/11/4 6137/11/4 6139/11/4
f 6140/3/4 6141/3/4 6142/3/4
f 6142/3/4 6141/3/4 6143/3/4
f 6144/11/4 6145/11/4 6146/11/4
f 6146/11/4 6145/11/4 6147/11/4
f 6148/11/4 6149/11/4 6150/11/4
f 6150/11/4 6149/11/4 6151/11/4
f 6152/11/4 6153/11/4 6154/11/4
f 6154/11/4 6153/11/4 6155/11/4
f 6156/3/4 6157/3/4 6158/3/4
f 6158/3/4 6157/3/4 6159/3/4
f 6160/11/4 6161/11/4 6162/11/4
f 6162/11/4 6161/11/4 6163/11/4
f 6164/11/4 6165/11/4 6166/11/4
f 6166/11/4 6165/11/4 6167/11/4
f 6168/11/4 6169/11/4 6170/11/4
f 6170/11/4 6169/11/4 6171/11/4
f 6172/3/4 6173/3/4 6174/3/4
f 6174/3/4 6173/3/4 6175/3/4
f 6176/11/4 6177/11/4 6178/11/4
f 6178/11/4 6177/11/4 6179/11/4
f 6180/11/4 6181/11/4 6182/11/4
f 6182/11/4 6181/11/4 6183/11/4
f 6184/11/4 6185/11/4 6186/11/4
f 6186/11/4 6185/11/4 6187/11/4
f 6188/3/4 6189/3/4 6190/3/4
f 6190/3/4 6189/3/4 6191/3/4
f 6192/11/4 6193/11/4 6194/11/4
f 6194/11/4 6193/11/4 6195/11/4
f 6196/11/4 6197/11/4 6198/11/4
f 6198/11/4 6197/11/4 6199/11/4
f 6200/11/4 6201/11/4 6202/11/4
f 6202/11/4 6201/11/4 6203/11/4
f 6204/3/4 6205/3/4 6206/3/4
f 6206/3/4 6205/3/4 6207/3/4
f 6208/11/4 6209/11/4 6210/11/4
f 6210/11/4 6209/11/4 6211/11/4
f 6212/11/4 6213/11/4 6214/11/4
f 6214/11/4 6213/11/4 6215/11/4
f 6216/11/4 6217/11/4 6218/11/4
f 6218/11/4 6217/11/4 6219/11/4
f 6220/3/4 6221/3/4 6222/3/4
f 6222/3/4 6221/3/4 6223/3/4
f 6224/11/4 6225/11/4 6226/11/4
f 6226/11/4 6225/11/4 6227/11/4
f 6228/11/4 6229/11/4 6230/11/4
f 6230/11/4 6229/11/4 6231/11/4
f 6232/11/4 6233/11/4 6234/11/4
f 6234/11/4 6233/11/4 6235/11/4
f 6236/3/4 6237/3/4 6238/3/4
f 6238/3/4 6237/3/4 6239/3/4
f 6240/11/4 6241/11/4 6242/11/4
f 6242/11/4 6241/11/4 6243/11/4
f 6244/11/4 6245/11/4 6246/11/4
f 6246/11/4 6245/11/4 6247/11/4
f 6248/11/4 6249/11/4 6250/11/4
f 6250/11/4 6249/11/4 6251/11/4
f 6252/3/4 6253/3/4 6254/3/4
f 6254/3/4 6253/3/4 6255/3/4
f 6256/11/4 6257/11/4 6258/11/4
f 6258/11/4 6257/11/4 6259/11/4
f 6260/11/4 6261/11/4 6262/11/4
f 6262/11/4 6261/11/4 6263/11/4
f 6264/11/4 6265/11/4 6266/11/4
f 6266/11/4 6265/11/4 6267/11/4
f 6268/3/4 6269/3/4 6270/3/4
f 6270/3/4 6269/3/4 6271/3/4
f 6272/11/4 6273/11/4 6274/11/4
f 6274/11/4 6273/11/4 6275/11/4
f 6276/11/4 6277/11/4 6278/11/4
f 6278/11/4 6277/11/4 6279/11/4
f 6280/11/4 6281/11/4 6282/11/4
f 6282/11/4 6281/11/4 6283/11/4
f 6284/3/4 6285/3/4 6286/3/4
f 6286/3/4 6285/3/4 6287/3/4
f 6288/11/4 6289/11/4 6290/11/4
f 6290/11/4 6289/11/4 6291/11/4
f 6292/11/4 6293/11/4 6294/11/4
f 6294/11/4 6293/11/4 6295/11/4
f 6296/11/4 6297/11/4 6298/11/4
f 6298/11/4 6297/11/4 6299/11/4
f 6300/3/4 6301/3/4 6302/3/4
f 6302/3/4 6301/3/4 6303/3/4
f 6304/11/4 6305/11/4 6306/11/4
f 6306/11/4 6305/11/4 6307/11/4
f 6308/11/4 6309/11/4 6310/11/4
f 6310/11/4 6309/11/4 6311/11/4
f 6312/11/4 6313/11/4 6314/11/4
f 6314/11/4 6313/11/4 6315/11/4
f 6316/3/4 6317/3/4 6318/3/4
f 6318/3/4 6317/3/4 6319/3/4
f 6320/11/4 6321/11/4 6322/11/4
f 6322/11/4 6321/11/4 6323/11/4
f 6324/11/4 6325/11/4 6326/11/4
f 6326/11/4 6325/11/4 6327/11/4
f 6328/11/4 6329/11/4 6330/11/4
f 6330/11/4 6329/11/4 6331/11/4
f 6332/3/4 6333/3/4 6334/3/4
f 6334/3/4 6333/3/4 6335/3/4
f 6336/11/4 6337/11/4 6338/11/4
f 6338/11/4 6337/11/4 6339/11/4
f 6340/11/4 6341/11/4 6342/11/4
f 6342/11/4 6341/11/4 6343/11/4
f 6344/11/4 6345/11/4 6346/11/4
f 6346/11/4 6345/11/4 6347/11/4
f 6348/3/4 6349/3/4 6350/3/4
f 6350/3/4 6349/3/4 6351/3/4
f 6352/11/4 6353/11/4 6354/11/4
f 6354/11/4 6353/11/4 6355/11/4
f 6356/11/4 6357/11/4 6358/11/4
f 6358/11/4 6357/11/4 6359/11/4
f 6360/11/4 6361/11/4 6362/11/4
f 6362/11/4 6361/11/4 6363/11/4
f 6364/3/4 6365/3/4 6366/3/4
f 6366/3/4 6365/3/4 6367/3/4
f 6368/3/4 6369/3/4 6370/3/4
f 6370/3/4 6369/3/4 6371/3/4
f 6372/11/4 6373/11/4 6374/11/4
f 6374/11/4 6373/11/4 6375/11/4
f 6376/11/4 6377/11/4 6378/11/4
f 6378/11/4 6377/11/4 6379/11/4
f 6380/11/4 6381/11/4 6382/11/4
f 6382/11/4 6381/11/4 6383/11/4
f 6383/11/4 6381/11/4 6384/11/4
f 6384/11/4 6381/11/4 6385/11/4
f 6386/3/4 6387/3/4 6388/3/4
f 6388/3/4 6387/3/4 6389/3/4
f 6390/3/4 6391/3/4 6392/3/4
f 6392/3/4 6391/3/4 6393/3/4
f 6394/11/4 6395/11/4 6396/11/4
f 6396/11/4 6395/11/4 6397/11/4
f 6398/11/4 6399/11/4 6400/11/4
f 6400/11/4 6399/11/4 6401/11/4
f 6402/11/4 6403/11/4 6404/11/4
f 6404/11/4 6403/11/4 6405/11/4
f 6406/3/4 6407/3/4 6408/3/4
f 6408/3/4 6407/3/4 6409/3/4
f 6410/3/4 6411/3/4 6412/3/4
f 6412/3/4 6411/3/4 6413/3/4
f 6414/11/4 6415/11/4 6416/11/4
f 6416/11/4 6415/11/4 6417/11/4
f 6418/11/4 6419/11/4 6420/11/4
f 6420/11/4 6419/11/4 6421/11/4
f 6422/11/4 6423/11/4 6424/11/4
f 6424/11/4 6423/11/4 6425/11/4
f 6426/3/4 6427/3/4 6428/3/4
f 6428/3/4 6427/3/4 6429/3/4
f 6430/3/4 6431/3/4 6432/3/4
f 6432/3/4 6431/3/4 6433/3/4
f 6434/11/4 6435/11/4 6436/11/4
f 6436/11/4 6435/11/4 6437/11/4
f 6438/11/4 6439/11/4 6440/11/4
f 6440/11/4 6439/11/4 6441/11/4
f 6442/11/4 6443/11/4 6444/11/4
f 6444/11/4 6443/11/4 6445/11/4
f 6446/3/4 6447/3/4 6448/3/4
f 6448/3/4 6447/3/4 6449/3/4
f 6450/3/4 6451/3/4 6452/3/4
f 6452/3/4 6451/3/4 6453/3/4
f 6454/11/4 6455/11/4 6456/11/4
f 6456/11/4 6455/11/4 6457/11/4
f 6458/11/4 6459/11/4 6460/11/4
f 6460/11/4 6459/11/4 6461/11/4
f 6462/11/4 6463/11/4 6464/11/4
f 6464/11/4 6463/11/4 6465/11/4
f 6466/3/4 6467/3/4 6468/3/4
f 6468/3/4 6467/3/4 6469/3/4
f 6470/3/4 6471/3/4 6472/3/4
f 6472/3/4 6471/3/4 6473/3/4
f 6474/11/4 6475/11/4 6476/11/4
f 6476/11/4 6475/11/4 6477/11/4
f 6478/11/4 6479/11/4 6480/11/4
f 6480/11/4 6479/11/4 6481/11/4
f 6482/11/4 6483/11/4 6484/11/4
f 6484/11/4 6483/11/4 6485/11/4
f 6485/11/4 6483/11/4 6486/11/4
f 6487/3/4 6488/3/4 6489/3/4
f 6489/3/4 6488/3/4 6490/3/4
f 6491/3/4 6492/3/4 6493/3/4
f 6493/3/4 6492/3/4 6494/3/4
f 6495/11/4 6496/11/4 6497/11/4
f 6497/11/4 6496/11/4 6498/11/4
f 6499/11/4 6500/11/4 6501/11/4
f 6501/11/4 6500/11/4 6502/11/4
f 6503/11/4 6504/11/4 6505/11/4
f 6505/11/4 6504/11/4 6506/11/4
f 6507/3/4 6508/3/4 6509/3/4
f 6509/3/4 6508/3/4 6510/3/4
f 6511/3/4 6512/3/4 6513/3/4
f 6513/3/4 6512/3/4 6514/3/4
f 6515/11/4 6516/11/4 6517/11/4
f 6517/11/4 6516/11/4 6518/11/4
f 6519/11/4 6520/11/4 6521/11/4
f 6521/11/4 6520/11/4 6522/11/4
f 6523/11/4 6524/11/4 6525/11/4
f 6525/11/4 6524/11/4 6526/11/4
f 6527/3/4 6528/3/4 6529/3/4
f 6529/3/4 6528/3/4 6530/3/4
f 6531/3/4 6532/3/4 6533/3/4
f 6533/3/4 6532/3/4 6534/3/4
f 6535/11/4 6536/11/4 6537/11/4
f 6537/11/4 6536/11/4 6538/11/4
f 6539/11/4 6540/11/4 6541/11/4
f 6541/11/4 6540/11/4 6542/11/4
f 6543/11/4 6544/11/4 6545/11/4
f 6545/11/4 6544/11/4 6546/11/4
f 6547/3/4 6548/3/4 6549/3/4
f 6549/3/4 6548/3/4 6550/3/4
f 6551/3/4 6552/3/4 6553/3/4
f 6553/3/4 6552/3/4 6554/3/4
f 6555/11/4 6556/11/4 6557/11/4
f 6557/11/4 6556/11/4 6558/11/4
f 6559/11/4 6560/11/4 6561/11/4
f 6561/11/4 6560/11/4 6562/11/4
f 6563/11/4 6564/11/4 6565/11/4
f 6565/11/4 6564/11/4 6566/11/4
f 6567/3/4 6568/3/4 6569/3/4
f 6569/3/4 6568/3/4 6570/3/4
f 6571/3/4 6572/3/4 6573/3/4
f 6573/3/4 6572/3/4 6574/3/4
f 6575/11/4 6576/11/4 6577/11/4
f 6577/11/4 6576/11/4 6578/11/4
f 6579/11/4 6580/11/4 6581/11/4
f 6581/11/4 6580/11/4 6582/11/4
f 6583/11/4 6584/11/4 6585/11/4
f 6585/11/4 6584/11/4 6586/11/4
f 6587/3/4 6588/3/4 6589/3/4
f 6589/3/4 6588/3/4 6590/3/4
f 6591/3/4 6592/3/4 6593/3/4
f 6593/3/4 6592/3/4 6594/3/4
f 6595/11/4 6596/11/4 6597/11/4
f 6597/11/4 6596/11/4 6598/11/4
f 6599/11/4 6600/11/4 6601/11/4
f 6601/11/4 6600/11/4 6602/11/4
f 6603/3/4 6604/3/4 6605/3/4
f 6605/3/4 6604/3/4 6606/3/4
f 6607/3/4 6608/3/4 6609/3/4
f 6609/3/4 6608/3/4 6610/3/4
f 6611/11/4 6612/11/4 6613/11/4
f 6613/11/4 6612/11/4 6614/11/4
f 6615/11/4 6616/11/4 6617/11/4
f 6617/11/4 6616/11/4 6618/11/4
f 6619/3/4 6620/3/4 6621/3/4
f 6621/3/4 6620/3/4 6622/3/4
f 6623/3/4 6624/3/4 6625/3/4
f 6625/3/4 6624/3/4 6626/3/4
f 6627/11/4 6628/11/4 6629/11/4
f 6629/11/4 6628/11/4 6630/11/4
f 6631/11/4 6632/11/4 6633/11/4
f 6633/11/4 6632/11/4 6634/11/4
f 6635/11/4 6636/11/4 6637/11/4
f 6637/11/4 6636/11/4 6638/11/4
f 6639/3/4 6640/3/4 6641/3/4
f 6641/3/4 6640/3/4 6642/3/4
f 6643/3/4 6644/3/4 6645/3/4
f 6645/3/4 6644/3/4 6646/3/4
f 6647/11/4 6648/11/4 6649/11/4
f 6649/11/4 6648/11/4 6650/11/4
f 6651/11/4 6652/11/4 6653/11/4
f 6653/11/4 6652/11/4 6654/11/4
f 6655/11/4 6656/11/4 6657/11/4
f 6657/11/4 6656/11/4 6658/11/4
f 6659/3/4 6660/3/4 6661/3/4
f 6661/3/4 6660/3/4 6662/3/4
f 6663/3/4 6664/3/4 6665/3/4
f 6665/3/4 6664/3/4 6666/3/4
f 6667/11/4 6668/11/4 6669/11/4
f 6669/11/4 6668/11/4 6670/11/4
f 6671/11/4 6672/11/4 6673/11/4
f 6673/11/4 6672/11/4 6674/11/4
f 6675/11/4 6676/11/4 6677/11/4
f 6677/11/4 6676/11/4 6678/11/4
f 6679/3/4 6680/3/4 6681/3/4
f 6681/3/4 6680/3/4 6682/3/4
f 6683/3/4 6684/3/4 6685/3/4
f 6685/3/4 6684/3/4 6686/3/4
f 6687/11/4 6688/11/4 6689/11/4
f 6689/11/4 6688/11/4 6690/11/4
f 6691/11/4 6692/11/4 6693/11/4
f 6693/11/4 6692/11/4 6694/11/4
f 6695/11/4 6696/11/4 6697/11/4
f 6697/11/4 6696/11/4 6698/11/4
f 6699/3/4 6700/3/4 6701/3/4
f 6701/3/4 6700/3/4 6702/3/4
f 6703/3/4 6704/3/4 6705/3/4
f 6705/3/4 6704/3/4 6706/3/4
f 6707/11/4 6708/11/4 6709/11/4
f 6709/11/4 6708/11/4 6710/11/4
f 6711/11/4 6712/11/4 6713/11/4
f 6713/11/4 6712/11/4 6714/11/4
f 6715/11/4 6716/11/4 6717/11/4
f 6717/11/4 6716/11/4 6718/11/4
f 6719/3/4 6720/3/4 6721/3/4
f 6721/3/4 6720/3/4 6722/3/4
f 6723/3/4 6724/3/4 6725/3/4
f 6725/3/4 6724/3/4 6726/3/4
f 6727/11/4 6728/11/4 6729/11/4
f 6729/11/4 6728/11/4 6730/11/4
f 6731/11/4 6732/11/4 6733/11/4
f 6733/11/4 6732/11/4 6734/11/4
f 6735/3/4 6736/3/4 6737/3/4
f 6737/3/4 6736/3/4 6738/3/4
f 6739/3/4 6740/3/4 6741/3/4
f 6741/3/4 6740/3/4 6742/3/4
f 6743/11/4 6744/11/4 6745/11/4
f 6745/11/4 6744/11/4 6746/11/4
f 6747/11/4 6748/11/4 6749/11/4
f 6749/11/4 6748/11/4 6750/11/4
f 6751/3/4 6752/3/4 6753/3/4
f 6753/3/4 6752/3/4 6754/3/4
f 6755/3/4 6756/3/4 6757/3/4
f 6757/3/4 6756/3/4 6758/3/4
f 6759/11/4 6760/11/4 6761/11/4
f 6761/11/4 6760/11/4 6762/11/4
f 6763/11/4 6764/11/4 6765/11/4
f 6765/11/4 6764/11/4 6766/11/4
f 6767/3/4 6768/3/4 6769/3/4
f 6769/3/4 6768/3/4 6770/3/4
f 6771/3/4 6772/3/4 6773/3/4
f 6773/3/4 6772/3/4 6774/3/4
f 6775/11/4 6776/11/4 6777/11/4
f 6777/11/4 6776/11/4 6778/11/4
f 6779/11/4 6780/11/4 6781/11/4
f 6781/11/4 6780/11/4 6782/11/4
f 6783/3/4 6784/3/4 6785/3/4
f 6785/3/4 6784/3/4 6786/3/4
f 6787/3/4 6788/3/4 6789/3/4
f 6789/3/4 6788/3/4 6790/3/4
f 6791/3/4 6792/3/4 6793/3/4
f 6793/3/4 6792/3/4 6794/3/4
f 6795/11/4 6796/11/4 6797/11/4
f 6797/11/4 6796/11/4 6798/11/4
f 6799/11/4 6800/11/4 6801/11/4
f 6801/11/4 6800/11/4 6802/11/4
f 6803/3/4 6804/3/4 6805/3/4
f 6805/3/4 6804/3/4 6806/3/4
f 6807/3/4 6808/3/4 6809/3/4
f 6809/3/4 6808/3/4 6810/3/4
f 6811/3/4 6812/3/4 6813/3/4
f 6813/3/4 6812/3/4 6814/3/4
f 6815/11/4 6816/11/4 6817/11/4
f 6817/11/4 6816/11/4 6818/11/4
f 6819/11/4 6820/11/4 6821/11/4
f 6821/11/4 6820/11/4 6822/11/4
f 6823/3/4 6824/3/4 6825/3/4
f 6825/3/4 6824/3/4 6826/3/4
f 6827/3/4 6828/3/4 6829/3/4
f 6829/3/4 6828/3/4 6830/3/4
f 6831/3/4 6832/3/4 6833/3/4
f 6833/3/4 6832/3/4 6834/3/4
f 6835/11/4 6836/11/4 6837/11/4
f 6837/11/4 6836/11/4 6838/11/4
f 6839/3/4 6840/3/4 6841/3/4
f 6841/3/4 6840/3/4 6842/3/4
f 6843/3/4 6844/3/4 6845/3/4
f 6845/3/4 6844/3/4 6846/3/4
f 6847/3/4 6848/3/4 6849/3/4
f 6849/3/4 6848/3/4 6850/3/4
f 6851/11/4 6852/11/4 6853/11/4
f 6853/11/4 6852/11/4 6854/11/4
f 6855/11/4 6856/11/4 6857/11/4
f 6857/11/4 6856/11/4 6858/11/4
f 6859/3/4 6860/3/4 6861/3/4
f 6861/3/4 6860/3/4 6862/3/4
f 6863/3/4 6864/3/4 6865/3/4
f 6865/3/4 6864/3/4 6866/3/4
f 6867/3/4 6868/3/4 6869/3/4
f 6869/3/4 6868/3/4 6870/3/4
f 6871/11/4 6872/11/4 6873/11/4
f 6873/11/4 6872/11/4 6874/11/4
f 6875/11/4 6876/11/4 6877/11/4
f 6877/11/4 6876/11/4 6878/11/4
f 6879/3/4 6880/3/4 6881/3/4
f 6881/3/4 6880/3/4 6882/3/4
f 6883/3/4 6884/3/4 6885/3/4
f 6885/3/4 6884/3/4 6886/3/4
f 6887/3/4 6888/3/4 6889/3/4
f 6889/3/4 6888/3/4 6890/3/4
f 6889/2/4 6890/2/4 6891/2/4
f 6891/2/4 6890/2/4 6892/2/4
f 6893/11/4 6894/11/4 6895/11/4
f 6895/11/4 6894/11/4 6896/11/4
f 6897/11/4 6898/11/4 6899/11/4
f 6899/11/4 6898/11/4 6900/11/4
f 6901/3/4 6902/3/4 6903/3/4
f 6903/3/4 6902/3/4 6904/3/4
f 6905/3/4 6906/3/4 6907/3/4
f 6907/3/4 6906/3/4 6908/3/4
f 6909/3/4 6910/3/4 6911/3/4
f 6911/3/4 6910/3/4 6912/3/4
f 6913/11/4 6914/11/4 6915/11/4
f 6915/11/4 6914/11/4 6916/11/4
f 6917/11/4 6918/11/4 6919/11/4
f 6919/11/4 6918/11/4 6920/11/4
f 6921/3/4 6922/3/4 6923/3/4
f 6923/3/4 6922/3/4 6924/3/4
f 6925/3/4 6926/3/4 6927/3/4
f 6927/3/4 6926/3/4 6928/3/4
f 6929/3/4 6930/3/4 6931/3/4
f 6931/3/4 6930/3/4 6932/3/4
f 6933/11/4 6934/11/4 6935/11/4
f 6935/11/4 6934/11/4 6936/11/4
f 6937/11/4 6938/11/4 6939/11/4
f 6939/11/4 6938/11/4 6940/11/4
f 6941/3/4 6942/3/4 6943/3/4
f 6943/3/4 6942/3/4 6944/3/4
f 6945/3/4 6946/3/4 6947/3/4
f 6947/3/4 6946/3/4 6948/3/4
f 6949/3/4 6950/3/4 6951/3/4
f 6951/3/4 6950/3/4 6952/3/4
f 6953/11/4 6954/11/4 6955/11/4
f 6955/11/4 6954/11/4 6956/11/4
f 6957/11/4 6958/11/4 6959/11/4
f 6959/11/4 6958/11/4 6960/11/4
f 6961/3/4 6962/3/4 6963/3/4
f 6963/3/4 6962/3/4 6964/3/4
f 6965/3/4 6966/3/4 6967/3/4
f 6967/3/4 6966/3/4 6968/3/4
f 6969/3/4 6970/3/4 6971/3/4
f 6971/3/4 6970/3/4 6972/3/4
f 6973/11/4 6974/11/4 6975/11/4
f 6975/11/4 6974/11/4 6976/11/4
f 6977/11/4 6978/11/4 6979/11/4
f 6979/11/4 6978/11/4 6980/11/4
f 6981/3/4 6982/3/4 6983/3/4
f 6983/3/4 6982/3/4 6984/3/4
f 6985/3/4 6986/3/4 6987/3/4
f 6987/3/4 6986/3/4 6988/3/4
f 6989/3/4 6990/3/4 6991/3/4
f 6991/3/4 6990/3/4 6992/3/4
f 6993/11/4 6994/11/4 6995/11/4
f 6995/11/4 6994/11/4 6996/11/4
f 6997/11/4 6998/11/4 6999/11/4
f 6999/11/4 6998/11/4 7000/11/4
f 7001/3/4 7002/3/4 7003/3/4
f 7003/3/4 7002/3/4 7004/3/4
f 7003/2/4 7004/2/4 7005/2/4
f 7005/2/4 7004/2/4 7006/2/4
f 7005/3/4 7006/3/4 7007/3/4
f 7007/3/4 7006/3/4 7008/3/4
f 7009/3/4 7010/3/4 7011/3/4
f 7011/3/4 7010/3/4 7012/3/4
f 7013/3/4 7014/3/4 7015/3/4
f 7015/3/4 7014/3/4 7016/3/4
f 7017/11/4 7018/11/4 7019/11/4
f 7019/11/4 7018/11/4 7020/11/4
f 7021/11/4 7022/11/4 7023/11/4
f 7023/11/4 7022/11/4 7024/11/4
f 7025/3/4 7026/3/4 7027/3/4
f 7027/3/4 7026/3/4 7028/3/4
f 7029/3/4 7030/3/4 7031/3/4
f 7031/3/4 7030/3/4 7032/3/4
f 7033/3/4 7034/3/4 7035/3/4
f 7035/3/4 7034/3/4 7036/3/4
f 7036/3/4 7034/3/4 7037/3/4
f 7038/11/4 7039/11/4 7040/11/4
f 7040/11/4 7039/11/4 7041/11/4
f 7042/11/4 7043/11/4 7044/11/4
f 7044/11/4 7043/11/4 7045/11/4
f 7046/3/4 7047/3/4 7048/3/4
f 7048/3/4 7047/3/4 7049/3/4
f 7050/3/4 7051/3/4 7052/3/4
f 7052/3/4 7051/3/4 7053/3/4
f 7054/3/4 7055/3/4 7056/3/4
f 7056/3/4 7055/3/4 7057/3/4
f 7058/11/4 7059/11/4 7060/11/4
f 7060/11/4 7059/11/4 7061/11/4
f 7062/3/4 7063/3/4 7064/3/4
f 7064/3/4 7063/3/4 7065/3/4
f 7066/3/4 7067/3/4 7068/3/4
f 7068/3/4 7067/3/4 7069/3/4
f 7070/3/4 7071/3/4 7072/3/4
f 7072/3/4 7071/3/4 7073/3/4
f 7074/11/4 7075/11/4 7076/11/4
f 7076/11/4 7075/11/4 7077/11/4
f 7078/11/4 7079/11/4 7080/11/4
f 7080/11/4 7079/11/4 7081/11/4
f 7082/3/4 7083/3/4 7084/3/4
f 7084/3/4 7083/3/4 7085/3/4
f 7086/3/4 7087/3/4 7088/3/4
f 7088/3/4 7087/3/4 7089/3/4
f 7090/3/4 7091/3/4 7092/3/4
f 7092/3/4 7091/3/4 7093/3/4
f 7094/11/4 7095/11/4 7096/11/4
f 7096/11/4 7095/11/4 7097/11/4
f 7098/11/4 7099/11/4 7100/11/4
f 7100/11/4 7099/11/4 7101/11/4
f 7102/3/4 7103/3/4 7104/3/4
f 7104/3/4 7103/3/4 7105/3/4
f 7106/3/4 7107/3/4 7108/3/4
f 7108/3/4 7107/3/4 7109/3/4
f 7110/3/4 7111/3/4 7112/3/4
f 7112/3/4 7111/3/4 7113/3/4
f 7114/11/4 7115/11/4 7116/11/4
f 7116/11/4 7115/11/4 7117/11/4
f 7118/11/4 7119/11/4 7120/11/4
f 7120/11/4 7119/11/4 7121/11/4
f 7122/3/4 7123/3/4 7124/3/4
f 7124/3/4 7123/3/4 7125/3/4
f 7126/3/4 7127/3/4 7128/3/4
f 7128/3/4 7127/3/4 7129/3/4
f 7130/3/4 7131/3/4 7132/3/4
f 7132/3/4 7131/3/4 7133/3/4
f 7134/11/4 7135/11/4 7136/11/4
f 7136/11/4 7135/11/4 7137/11/4
f 7138/11/4 7139/11/4 7140/11/4
f 7140/11/4 7139/11/4 7141/11/4
f 7142/3/4 7143/3/4 7144/3/4
f 7144/3/4 7143/3/4 7145/3/4
f 7146/3/4 7147/3/4 7148/3/4
f 7148/3/4 7147/3/4 7149/3/4
f 7150/3/4 7151/3/4 7152/3/4
f 7152/3/4 7151/3/4 7153/3/4
f 7154/11/4 7155/11/4 7156/11/4
f 7156/11/4 7155/11/4 7157/11/4
f 7158/11/4 7159/11/4 7160/11/4
f 7160/11/4 7159/11/4 7161/11/4
f 7162/3/4 7163/3/4 7164/3/4
f 7164/3/4 7163/3/4 7165/3/4
f 7166/3/4 7167/3/4 7168/3/4
f 7168/3/4 7167/3/4 7169/3/4
f 7170/3/4 7171/3/4 7172/3/4
f 7172/3/4 7171/3/4 7173/3/4
f 7174/11/4 7175/11/4 7176/11/4
f 7176/11/4 7175/11/4 7177/11/4
f 7178/11/4 7179/11/4 7180/11/4
f 7180/11/4 7179/11/4 7181/11/4
f 7182/11/4 7183/11/4 7184/11/4
f 7184/11/4 7183/11/4 7185/11/4
f 7186/11/4 7187/11/4 7188/11/4
f 7188/11/4 7187/11/4 7189/11/4
f 7190/3/4 7191/3/4 7192/3/4
f 7192/3/4 7191/3/4 7193/3/4
f 7194/3/4 7195/3/4 7196/3/4
f 7196/3/4 7195/3/4 7197/3/4
f 7198/3/4 7199/3/4 7200/3/4
f 7200/3/4 7199/3/4 7201/3/4
f 7202/11/4 7203/11/4 7204/11/4
f 7204/11/4 7203/11/4 7205/11/4
f 7206/11/4 7207/11/4 7208/11/4
f 7208/11/4 7207/11/4 7209/11/4
f 7210/11/4 7211/11/4 7212/11/4
f 7212/11/4 7211/11/4 7213/11/4
f 7214/11/4 7215/11/4 7216/11/4
f 7216/11/4 7215/11/4 7217/11/4
f 7218/3/4 7219/3/4 7220/3/4
f 7220/3/4 7219/3/4 7221/3/4
f 7222/3/4 7223/3/4 7224/3/4
f 7224/3/4 7223/3/4 7225/3/4
f 7226/3/4 7227/3/4 7228/3/4
f 7228/3/4 7227/3/4 7229/3/4
f 7230/11/4 7231/11/4 7232/11/4
f 7232/11/4 7231/11/4 7233/11/4
f 7234/11/4 7235/11/4 7236/11/4
f 7236/11/4 7235/11/4 7237/11/4
f 7238/3/4 7239/3/4 7240/3/4
f 7240/3/4 7239/3/4 7241/3/4
f 7242/3/4 7243/3/4 7244/3/4
f 7244/3/4 7243/3/4 7245/3/4
f 7246/3/4 7247/3/4 7248/3/4
f 7248/3/4 7247/3/4 7249/3/4
f 7250/11/4 7251/11/4 7252/11/4
f 7252/11/4 7251/11/4 7253/11/4
f 7254/3/4 7255/3/4 7256/3/4
f 7256/3/4 7255/3/4 7257/3/4
f 7258/3/4 7259/3/4 7260/3/4
f 7260/3/4 7259/3/4 7261/3/4
f 7262/3/4 7263/3/4 7264/3/4
f 7264/3/4 7263/3/4 7265/3/4
f 7266/3/4 7267/3/4 7268/3/4
f 7268/3/4 7267/3/4 7269/3/4
f 7270/11/4 7271/11/4 7272/11/4
f 7272/11/4 7271/11/4 7273/11/4
f 7274/3/4 7275/3/4 7276/3/4
f 7276/3/4 7275/3/4 7277/3/4
f 7278/3/4 7279/3/4 7280/3/4
f 7280/3/4 7279/3/4 7281/3/4
f 7282/3/4 7283/3/4 7284/3/4
f 7284/3/4 7283/3/4 7285/3/4
f 7286/3/4 7287/3/4 7288/3/4
f 7288/3/4 7287/3/4 7289/3/4
f 7290/11/4 7291/11/4 7292/11/4
f 7292/11/4 7291/11/4 7293/11/4
f 7294/1/4 7295/1/4 7296/1/4
f 7296/1/4 7295/1/4 7297/1/4
f 7296/3/4 7297/3/4 7298/3/4
f 7298/3/4 7297/3/4 7299/3/4
f 7299/3/4 7297/3/4 7300/3/4
f 7301/3/4 7302/3/4 7303/3/4
f 7303/3/4 7302/3/4 7304/3/4
f 7305/3/4 7306/3/4 7307/3/4
f 7307/3/4 7306/3/4 7308/3/4
f 7309/3/4 7310/3/4 7311/3/4
f 7311/3/4 7310/3/4 7312/3/4
f 7313/11/4 7314/11/4 7315/11/4
f 7315/11/4 7314/11/4 7316/11/4
f 7317/3/4 7318/3/4 7319/3/4
f 7319/3/4 7318/3/4 7320/3/4
f 7321/3/4 7322/3/4 7323/3/4
f 7323/3/4 7322/3/4 7324/3/4
f 7325/3/4 7326/3/4 7327/3/4
f 7327/3/4 7326/3/4 7328/3/4
f 7329/11/4 7330/11/4 7331/11/4
f 7331/11/4 7330/11/4 7332/11/4
f 7333/3/4 7334/3/4 7335/3/4
f 7335/3/4 7334/3/4 7336/3/4
f 7337/3/4 7338/3/4 7339/3/4
f 7339/3/4 7338/3/4 7340/3/4
f 7341/3/4 7342/3/4 7343/3/4
f 7343/3/4 7342/3/4 7344/3/4
f 7345/3/4 7346/3/4 7347/3/4
f 7347/3/4 7346/3/4 7348/3/4
f 7349/11/4 7350/11/4 7351/11/4
f 7351/11/4 7350/11/4 7352/11/4
f 7353/3/4 7354/3/4 7355/3/4
f 7355/3/4 7354/3/4 7356/3/4
f 7357/3/4 7358/3/4 7359/3/4
f 7359/3/4 7358/3/4 7360/3/4
f 7361/3/4 7362/3/4 7363/3/4
f 7363/3/4 7362/3/4 7364/3/4
f 7365/3/4 7366/3/4 7367/3/4
f 7367/3/4 7366/3/4 7368/3/4
f 7369/11/4 7370/11/4 7371/11/4
f 7371/11/4 7370/11/4 7372/11/4
f 7373/3/4 7374/3/4 7375/3/4
f 7375/3/4 7374/3/4 7376/3/4
f 7377/3/4 7378/3/4 7379/3/4
f 7379/3/4 7378/3/4 7380/3/4
f 7381/3/4 7382/3/4 7383/3/4
f 7383/3/4 7382/3/4 7384/3/4
f 7385/3/4 7386/3/4 7387/3/4
f 7387/3/4 7386/3/4 7388/3/4
f 7389/11/4 7390/11/4 7391/11/4
f 7391/11/4 7390/11/4 7392/11/4
f 7393/3/4 7394/3/4 7395/3/4
f 7395/3/4 7394/3/4 7396/3/4
f 7397/3/4 7398/3/4 7399/3/4
f 7399/3/4 7398/3/4 7400/3/4
f 7401/3/4 7402/3/4 7403/3/4
f 7403/3/4 7402/3/4 7404/3/4
f 7405/3/4 7406/3/4 7407/3/4
f 7407/3/4 7406/3/4 7408/3/4
f 7409/11/4 7410/11/4 7411/11/4
f 7411/11/4 7410/11/4 7412/11/4
f 7413/3/4 7414/3/4 7415/3/4
f 7415/3/4 7414/3/4 7416/3/4
f 7417/3/4 7418/3/4 7419/3/4
f 7419/3/4 7418/3/4 7420/3/4
f 7421/3/4 7422/3/4 7423/3/4
f 7423/3/4 7422/3/4 7424/3/4
f 7425/3/4 7426/3/4 7427/3/4
f 7427/3/4 7426/3/4 7428/3/4
f 7429/11/4 7430/11/4 7431/11/4
f 7431/11/4 7430/11/4 7432/11/4
f 7433/3/4 7434/3/4 7435/3/4
f 7435/3/4 7434/3/4 7436/3/4
f 7437/3/4 7438/3/4 7439/3/4
f 7439/3/4 7438/3/4 7440/3/4
f 7441/3/4 7442/3/4 7443/3/4
f 7443/3/4 7442/3/4 7444/3/4
f 7445/3/4 7446/3/4 7447/3/4
f 7447/3/4 7446/3/4 7448/3/4
f 7449/11/4 7450/11/4 7451/11/4
f 7451/11/4 7450/11/4 7452/11/4
f 7453/3/4 7454/3/4 7455/3/4
f 7455/3/4 7454/3/4 7456/3/4
f 7457/3/4 7458/3/4 7459/3/4
f 7459/3/4 7458/3/4 7460/3/4
f 7461/3/4 7462/3/4 7463/3/4
f 7463/3/4 7462/3/4 7464/3/4
f 7465/3/4 7466/3/4 7467/3/4
f 7467/3/4 7466/3/4 7468/3/4
f 7469/11/4 7470/11/4 7471/11/4
f 7471/11/4 7470/11/4 7472/11/4
f 7473/3/4 7474/3/4 7475/3/4
f 7475/3/4 7474/3/4 7476/3/4
f 7477/3/4 7478/3/4 7479/3/4
f 7479/3/4 7478/3/4 7480/3/4
f 7481/3/4 7482/3/4 7483/3/4
f 7483/3/4 7482/3/4 7484/3/4
f 7485/3/4 7486/3/4 7487/3/4
f 7487/3/4 7486/3/4 7488/3/4
f 7489/11/4 7490/11/4 7491/11/4
f 7491/11/4 7490/11/4 7492/11/4
f 7493/3/4 7494/3/4 7495/3/4
f 7495/3/4 7494/3/4 7496/3/4
f 7497/3/4 7498/3/4 7499/3/4
f 7499/3/4 7498/3/4 7500/3/4
f 7501/3/4 7502/3/4 7503/3/4
f 7503/3/4 7502/3/4 7504/3/4
f 7505/3/4 7506/3/4 7507/3/4
f 7507/3/4 7506/3/4 7508/3/4
f 7509/11/4 7510/11/4 7511/11/4
f 7511/11/4 7510/11/4 7512/11/4
f 7513/3/4 7514/3/4 7515/3/4
f 7515/3/4 7514/3/4 7516/3/4
f 7517/3/4 7518/3/4 7519/3/4
f 7519/3/4 7518/3/4 7520/3/4
f 7521/3/4 7522/3/4 7523/3/4
f 7523/3/4 7522/3/4 7524/3/4
f 7525/3/4 7526/3/4 7527/3/4
f 7527/3/4 7526/3/4 7528/3/4
f 7529/11/4 7530/11/4 7531/11/4
f 7531/11/4 7530/11/4 7532/11/4
f 7533/3/4 7534/3/4 7535/3/4
f 7535/3/4 7534/3/4 7536/3/4
f 7537/3/4 7538/3/4 7539/3/4
f 7539/3/4 7538/3/4 7540/3/4
f 7541/3/4 7542/3/4 7543/3/4
f 7543/3/4 7542/3/4 7544/3/4
f 7545/3/4 7546/3/4 7547/3/4
f 7547/3/4 7546/3/4 7548/3/4
f 7549/11/4 7550/11/4 7551/11/4
f 7551/11/4 7550/11/4 7552/11/4
f 7553/3/4 7554/3/4 7555/3/4
f 7555/3/4 7554/3/4 7556/3/4
f 7557/3/4 7558/3/4 7559/3/4
f 7559/3/4 7558/3/4 7560/3/4
f 7561/3/4 7562/3/4 7563/3/4
f 7563/3/4 7562/3/4 7564/3/4
f 7565/3/4 7566/3/4 7567/3/4
f 7567/3/4 7566/3/4 7568/3/4
f 7569/11/4 7570/11/4 7571/11/4
f 7571/11/4 7570/11/4 7572/11/4
f 7573/3/4 7574/3/4 7575/3/4
f 7575/3/4 7574/3/4 7576/3/4
f 7577/3/4 7578/3/4 7579/3/4
f 7579/3/4 7578/3/4 7580/3/4
f 7581/3/4 7582/3/4 7583/3/4
f 7583/3/4 7582/3/4 7584/3/4
f 7585/3/4 7586/3/4 7587/3/4
f 7587/3/4 7586/3/4 7588/3/4
f 7589/11/4 7590/11/4 7591/11/4
f 7591/11/4 7590/11/4 7592/11/4
f 7593/3/4 7594/3/4 7595/3/4
f 7595/3/4 7594/3/4 7596/3/4
f 7597/3/4 7598/3/4 7599/3/4
f 7599/3/4 7598/3/4 7600/3/4
f 7601/3/4 7602/3/4 7603/3/4
f 7603/3/4 7602/3/4 7604/3/4
f 7605/3/4 7606/3/4 7607/3/4
f 7607/3/4 7606/3/4 7608/3/4
f 7609/11/4 7610/11/4 7611/11/4
f 7611/11/4 7610/11/4 7612/11/4
f 7613/3/4 7614/3/4 7615/3/4
f 7615/3/4 7614/3/4 7616/3/4
f 7617/1/4 7618/1/4 7619/1/4
f 7619/1/4 7618/1/4 7620/1/4
f 7619/3/4 7620/3/4 7621/3/4
f 7621/3/4 7620/3/4 7622/3/4
f 7623/3/4 7624/3/4 7625/3/4
f 7625/3/4 7624/3/4 7626/3/4
f 7627/3/4 7628/3/4 7629/3/4
f 7629/3/4 7628/3/4 7630/3/4
f 7631/11/4 7632/11/4 7633/11/4
f 7633/11/4 7632/11/4 7634/11/4
f 7635/3/4 7636/3/4 7637/3/4
f 7637/3/4 7636/3/4 7638/3/4
f 7639/3/4 7640/3/4 7641/3/4
f 7641/3/4 7640/3/4 7642/3/4
f 7643/3/4 7644/3/4 7645/3/4
f 7645/3/4 7644/3/4 7646/3/4
f 7647/3/4 7648/3/4 7649/3/4
f 7649/3/4 7648/3/4 7650/3/4
f 7651/11/4 7652/11/4 7653/11/4
f 7653/11/4 7652/11/4 7654/11/4
f 7654/11/4 7652/11/4 7655/11/4
f 7656/3/4 7657/3/4 7658/3/4
f 7658/3/4 7657/3/4 7659/3/4
f 7660/3/4 7661/3/4 7662/3/4
f 7662/3/4 7661/3/4 7663/3/4
f 7664/3/4 7665/3/4 7666/3/4
f 7666/3/4 7665/3/4 7667/3/4
f 7668/3/4 7669/3/4 7670/3/4
f 7670/3/4 7669/3/4 7671/3/4
f 7672/3/4 7673/3/4 7674/3/4
f 7674/3/4 7673/3/4 7675/3/4
f 7676/11/4 7677/11/4 7678/11/4
f 7678/11/4 7677/11/4 7679/11/4
f 7680/3/4 7681/3/4 7682/3/4
f 7682/3/4 7681/3/4 7683/3/4
f 7684/3/4 7685/3/4 7686/3/4
f 7686/3/4 7685/3/4 7687/3/4
f 7688/3/4 7689/3/4 7690/3/4
f 7690/3/4 7689/3/4 7691/3/4
f 7692/3/4 7693/3/4 7694/3/4
f 7694/3/4 7693/3/4 7695/3/4
f 7696/3/4 7697/3/4 7698/3/4
f 7698/3/4 7697/3/4 7699/3/4
f 7700/11/4 7701/11/4 7702/11/4
f 7702/11/4 7701/11/4 7703/11/4
f 7704/3/4 7705/3/4 7706/3/4
f 7706/3/4 7705/3/4 7707/3/4
f 7708/3/4 7709/3/4 7710/3/4
f 7710/3/4 7709/3/4 7711/3/4
f 7712/3/4 7713/3/4 7714/3/4
f 7714/3/4 7713/3/4 7715/3/4
f 7716/3/4 7717/3/4 7718/3/4
f 7718/3/4 7717/3/4 7719/3/4
f 7720/3/4 7721/3/4 7722/3/4
f 7722/3/4 7721/3/4 7723/3/4
f 7724/11/4 7725/11/4 7726/11/4
f 7726/11/4 7725/11/4 7727/11/4
f 7728/3/4 7729/3/4 7730/3/4
f 7730/3/4 7729/3/4 7731/3/4
f 7732/3/4 7733/3/4 7734/3/4
f 7734/3/4 7733/3/4 7735/3/4
f 7736/3/4 7737/3/4 7738/3/4
f 7738/3/4 7737/3/4 7739/3/4
f 7740/3/4 7741/3/4 7742/3/4
f 7742/3/4 7741/3/4 7743/3/4
f 7744/11/4 7745/11/4 7746/11/4
f 7746/11/4 7745/11/4 7747/11/4
f 7748/3/4 7749/3/4 7750/3/4
f 7750/3/4 7749/3/4 7751/3/4
f 7752/3/4 7753/3/4 7754/3/4
f 7754/3/4 7753/3/4 7755/3/4
f 7756/3/4 7757/3/4 7758/3/4
f 7758/3/4 7757/3/4 7759/3/4
f 7760/3/4 7761/3/4 7762/3/4
f 7762/3/4 7761/3/4 7763/3/4
f 7764/3/4 7765/3/4 7766/3/4
f 7766/3/4 7765/3/4 7767/3/4
f 7768/11/4 7769/11/4 7770/11/4
f 7770/11/4 7769/11/4 7771/11/4
f 7772/3/4 7773/3/4 7774/3/4
f 7774/3/4 7773/3/4 7775/3/4
f 7776/3/4 7777/3/4 7778/3/4
f 7778/3/4 7777/3/4 7779/3/4
f 7780/3/4 7781/3/4 7782/3/4
f 7782/3/4 7781/3/4 7783/3/4
f 7784/3/4 7785/3/4 7786/3/4
f 7786/3/4 7785/3/4 7787/3/4
f 7788/3/4 7789/3/4 7790/3/4
f 7790/3/4 7789/3/4 7791/3/4
f 7792/11/4 7793/11/4 7794/11/4
f 7794/11/4 7793/11/4 7795/11/4
f 7794/8/4 7795/8/4 7796/8/4
f 7796/8/4 7795/8/4 7797/8/4
f 7796/11/4 7797/11/4 7798/11/4
f 7798/11/4 7797/11/4 7799/11/4
f 7800/3/4 7801/3/4 7802/3/4
f 7802/3/4 7801/3/4 7803/3/4
f 7804/3/4 7805/3/4 7806/3/4
f 7806/3/4 7805/3/4 7807/3/4
f 7808/3/4 7809/3/4 7810/3/4
f 7810/3/4 7809/3/4 7811/3/4
f 7812/3/4 7813/3/4 7814/3/4
f 7814/3/4 7813/3/4 7815/3/4
f 7816/3/4 7817/3/4 7818/3/4
f 7818/3/4 7817/3/4 7819/3/4
f 7820/11/4 7821/11/4 7822/11/4
f 7822/11/4 7821/11/4 7823/11/4
f 7824/3/4 7825/3/4 7826/3/4
f 7826/3/4 7825/3/4 7827/3/4
f 7828/3/4 7829/3/4 7830/3/4
f 7830/3/4 7829/3/4 7831/3/4
f 7832/3/4 7833/3/4 7834/3/4
f 7834/3/4 7833/3/4 7835/3/4
f 7836/3/4 7837/3/4 7838/3/4
f 7838/3/4 7837/3/4 7839/3/4
f 7840/3/4 7841/3/4 7842/3/4
f 7842/3/4 7841/3/4 7843/3/4
f 7844/3/4 7845/3/4 7846/3/4
f 7846/3/4 7845/3/4 7847/3/4
f 7848/3/4 7849/3/4 7850/3/4
f 7850/3/4 7849/3/4 7851/3/4
f 7852/3/4 7853/3/4 7854/3/4
f 7854/3/4 7853/3/4 7855/3/4
f 7856/3/4 7857/3/4 7858/3/4
f 7858/3/4 7857/3/4 7859/3/4
f 7860/3/4 7861/3/4 7862/3/4
f 7862/3/4 7861/3/4 7863/3/4
f 7864/3/4 7865/3/4 7866/3/4
f 7866/3/4 7865/3/4 7867/3/4
f 7868/3/4 7869/3/4 7870/3/4
f 7870/3/4 7869/3/4 7871/3/4
f 7872/3/4 7873/3/4 7874/3/4
f 7874/3/4 7873/3/4 7875/3/4
f 7876/3/4 7877/3/4 7878/3/4
f 7878/3/4 7877/3/4 7879/3/4
f 7880/2/4 7881/2/4 7882/2/4
f 7882/2/4 7881/2/4 7883/2/4
f 7884/3/4 7885/3/4 7886/3/4
f 7886/3/4 7885/3/4 7887/3/4
f 7888/3/4 7889/3/4 7890/3/4
f 7890/3/4 7889/3/4 7891/3/4
f 7892/3/4 7893/3/4 7894/3/4
f 7894/3/4 7893/3/4 7895/3/4
f 7896/3/4 7897/3/4 7898/3/4
f 7898/3/4 7897/3/4 7899/3/4
f 7900/3/4 7901/3/4 7902/3/4
f 7902/3/4 7901/3/4 7903/3/4
f 7904/3/4 7905/3/4 7906/3/4
f 7906/3/4 7905/3/4 7907/3/4
f 7908/3/4 7909/3/4 7910/3/4
f 7910/3/4 7909/3/4 7911/3/4
f 7912/3/4 7913/3/4 7914/3/4
f 7914/3/4 7913/3/4 7915/3/4
f 7916/3/4 7917/3/4 7918/3/4
f 7918/3/4 7917/3/4 7919/3/4
f 7920/3/4 7921/3/4 7922/3/4
f 7922/3/4 7921/3/4 7923/3/4
f 7924/3/4 7925/3/4 7926/3/4
f 7926/3/4 7925/3/4 7927/3/4
f 7928/3/4 7929/3/4 7930/3/4
f 7930/3/4 7929/3/4 7931/3/4
f 7932/3/4 7933/3/4 7934/3/4
f 7934/3/4 7933/3/4 7935/3/4
f 7936/3/4 7937/3/4 7938/3/4
f 7938/3/4 7937/3/4 7939/3/4
f 7940/3/4 7941/3/4 7942/3/4
f 7942/3/4 7941/3/4 7943/3/4
f 7944/3/4 7945/3/4 7946/3/4
f 7946/3/4 7945/3/4 7947/3/4
f 7948/3/4 7949/3/4 7950/3/4
f 7950/3/4 7949/3/4 7951/3/4
f 7952/3/4 7953/3/4 7954/3/4
f 7954/3/4 7953/3/4 7955/3/4
f 7956/3/4 7957/3/4 7958/3/4
f 7958/3/4 7957/3/4 7959/3/4
f 7960/3/4 7961/3/4 7962/3/4
f 7962/3/4 7961/3/4 7963/3/4
f 7964/3/4 7965/3/4 7966/3/4
f 7966/3/4 7965/3/4 7967/3/4
f 7968/3/4 7969/3/4 7970/3/4
f 7970/3/4 7969/3/4 7971/3/4
f 7972/3/4 7973/3/4 7974/3/4
f 7974/3/4 7973/3/4 7975/3/4
f 7976/3/4 7977/3/4 7978/3/4
f 7978/3/4 7977/3/4 7979/3/4
f 7980/3/4 7981/3/4 7982/3/4
f 7982/3/4 7981/3/4 7983/3/4
f 7984/3/4 7985/3/4 7986/3/4
f 7986/3/4 7985/3/4 7987/3/4
f 7988/3/4 7989/3/4 7990/3/4
f 7990/3/4 7989/3/4 7991/3/4
f 7992/3/4 7993/3/4 7994/3/4
f 7994/3/4 7993/3/4 7995/3/4
f 7996/3/4 7997/3/4 7998/3/4
f 7998/3/4 7997/3/4 7999/3/4
f 8000/3/4 8001/3/4 8002/3/4
f 8002/3/4 8001/3/4 8003/3/4
f 8004/3/4 8005/3/4 8006/3/4
f 8006/3/4 8005/3/4 8007/3/4
f 8008/3/4 8009/3/4 8010/3/4
f 8010/3/4 8009/3/4 8011/3/4
f 8011/3/4 8009/3/4 8012/3/4
f 8013/3/4 8014/3/4 8015/3/4
f 8015/3/4 8014/3/4 8016/3/4
f 8017/3/4 8018/3/4 8019/3/4
f 8019/3/4 8018/3/4 8020/3/4
f 8021/3/4 8022/3/4 8023/3/4
f 8023/3/4 8022/3/4 8024/3/4
f 8025/3/4 8026/3/4 8027/3/4
f 8027/3/4 8026/3/4 8028/3/4
f 8029/3/4 8030/3/4 8031/3/4
f 8031/3/4 8030/3/4 8032/3/4
f 8033/3/4 8034/3/4 8035/3/4
f 8035/3/4 8034/3/4 8036/3/4
f 8037/3/4 8038/3/4 8039/3/4
f 8039/3/4 8038/3/4 8040/3/4
f 8041/3/4 8042/3/4 8043/3/4
f 8043/3/4 8042/3/4 8044/3/4
f 8045/3/4 8046/3/4 8047/3/4
f 8047/3/4 8046/3/4 8048/3/4
f 8049/3/4 8050/3/4 8051/3/4
f 8051/3/4 8050/3/4 8052/3/4
f 8053/3/4 8054/3/4 8055/3/4
f 8055/3/4 8054/3/4 8056/3/4
f 8057/3/4 8058/3/4 8059/3/4
f 8059/3/4 8058/3/4 8060/3/4
f 8061/3/4 8062/3/4 8063/3/4
f 8063/3/4 8062/3/4 8064/3/4
f 8065/3/4 8066/3/4 8067/3/4
f 8067/3/4 8066/3/4 8068/3/4
f 8069/3/4 8070/3/4 8071/3/4
f 8071/3/4 8070/3/4 8072/3/4
f 8073/3/4 8074/3/4 8075/3/4
f 8075/3/4 8074/3/4 8076/3/4
f 8077/3/4 8078/3/4 8079/3/4
f 8079/3/4 8078/3/4 8080/3/4
f 8081/3/4 8082/3/4 8083/3/4
f 8083/3/4 8082/3/4 8084/3/4
f 8085/3/4 8086/3/4 8087/3/4
f 8087/3/4 8086/3/4 8088/3/4
f 8089/3/4 8090/3/4 8091/3/4
f 8091/3/4 8090/3/4 8092/3/4
f 8093/3/4 8094/3/4 8095/3/4
f 8095/3/4 8094/3/4 8096/3/4
f 8097/3/4 8098/3/4 8099/3/4
f 8099/3/4 8098/3/4 8100/3/4
f 8101/3/4 8102/3/4 8103/3/4
f 8103/3/4 8102/3/4 8104/3/4
f 8105/3/4 8106/3/4 8107/3/4
f 8107/3/4 8106/3/4 8108/3/4
f 8109/3/4 8110/3/4 8111/3/4
f 8111/3/4 8110/3/4 8112/3/4
f 8113/3/4 8114/3/4 8115/3/4
f 8115/3/4 8114/3/4 8116/3/4
f 8117/3/4 8118/3/4 8119/3/4
f 8119/3/4 8118/3/4 8120/3/4
f 8121/3/4 8122/3/4 8123/3/4
f 8123/3/4 8122/3/4 8124/3/4
f 8125/3/4 8126/3/4 8127/3/4
f 8127/3/4 8126/3/4 8128/3/4
f 8129/3/4 8130/3/4 8131/3/4
f 8131/3/4 8130/3/4 8132/3/4
f 8133/3/4 8134/3/4 8135/3/4
f 8135/3/4 8134/3/4 8136/3/4
f 8137/3/4 8138/3/4 8139/3/4
f 8139/3/4 8138/3/4 8140/3/4
f 8141/3/4 8142/3/4 8143/3/4
f 8143/3/4 8142/3/4 8144/3/4
f 8145/3/4 8146/3/4 8147/3/4
f 8147/3/4 8146/3/4 8148/3/4
f 8149/3/4 8150/3/4 8151/3/4
f 8151/3/4 8150/3/4 8152/3/4
f 8153/3/4 8154/3/4 8155/3/4
f 8155/3/4 8154/3/4 8156/3/4
f 8157/3/4 8158/3/4 8159/3/4
f 8159/3/4 8158/3/4 8160/3/4
f 8161/3/4 8162/3/4 8163/3/4
f 8163/3/4 8162/3/4 8164/3/4
f 8165/2/4 8166/2/4 8167/2/4
f 8167/2/4 8166/2/4 8168/2/4
f 8167/3/4 8168/3/4 8169/3/4
f 8169/3/4 8168/3/4 8170/3/4
f 8171/3/4 8172/3/4 8173/3/4
f 8173/3/4 8172/3/4 8174/3/4
f 8175/3/4 8176/3/4 8177/3/4
f 8177/3/4 8176/3/4 8178/3/4
f 8179/3/4 8180/3/4 8181/3/4
f 8181/3/4 8180/3/4 8182/3/4
f 8183/3/4 8184/3/4 8185/3/4
f 8185/3/4 8184/3/4 8186/3/4
f 8187/1/4 8188/1/4 8189/1/4
f 8189/1/4 8188/1/4 8190/1/4
f 8191/3/4 8192/3/4 8193/3/4
f 8193/3/4 8192/3/4 8194/3/4
f 8195/3/4 8196/3/4 8197/3/4
f 8197/3/4 8196/3/4 8198/3/4
f 8199/3/4 8200/3/4 8201/3/4
f 8201/3/4 8200/3/4 8202/3/4
f 8203/3/4 8204/3/4 8205/3/4
f 8205/3/4 8204/3/4 8206/3/4
f 8207/3/4 8208/3/4 8209/3/4
f 8209/3/4 8208/3/4 8210/3/4
f 8211/3/4 8212/3/4 8213/3/4
f 8213/3/4 8212/3/4 8214/3/4
f 8215/3/4 8216/3/4 8217/3/4
f 8217/3/4 8216/3/4 8218/3/4
f 8219/3/4 8220/3/4 8221/3/4
f 8221/3/4 8220/3/4 8222/3/4
f 8222/3/4 8220/3/4 8223/3/4
f 8224/3/4 8225/3/4 8226/3/4
f 8226/3/4 8225/3/4 8227/3/4
f 8228/3/4 8229/3/4 8230/3/4
f 8230/3/4 8229/3/4 8231/3/4
f 8232/3/4 8233/3/4 8234/3/4
f 8234/3/4 8233/3/4 8235/3/4
f 8236/3/4 8237/3/4 8238/3/4
f 8238/3/4 8237/3/4 8239/3/4
f 8240/3/4 8241/3/4 8242/3/4
f 8242/3/4 8241/3/4 8243/3/4
f 8244/3/4 8245/3/4 8246/3/4
f 8246/3/4 8245/3/4 8247/3/4
f 8248/3/4 8249/3/4 8250/3/4
f 8250/3/4 8249/3/4 8251/3/4
f 8252/3/4 8253/3/4 8254/3/4
f 8254/3/4 8253/3/4 8255/3/4
f 8256/3/4 8257/3/4 8258/3/4
f 8258/3/4 8257/3/4 8259/3/4
f 8260/3/4 8261/3/4 8262/3/4
f 8262/3/4 8261/3/4 8263/3/4
f 8264/3/4 8265/3/4 8266/3/4
f 8266/3/4 8265/3/4 8267/3/4
f 8268/3/4 8269/3/4 8270/3/4
f 8270/3/4 8269/3/4 8271/3/4
f 8272/1/4 8273/1/4 8274/1/4
f 8274/1/4 8273/1/4 8275/1/4
f 8274/3/4 8275/3/4 8276/3/4
f 8276/3/4 8275/3/4 8277/3/4
f 8278/3/4 8279/3/4 8280/3/4
f 8280/3/4 8279/3/4 8281/3/4
f 8282/3/4 8283/3/4 8284/3/4
f 8284/3/4 8283/3/4 8285/3/4
f 8286/3/4 8287/3/4 8288/3/4
f 8288/3/4 8287/3/4 8289/3/4
f 8290/3/4 8291/3/4 8292/3/4
f 8292/3/4 8291/3/4 8293/3/4
f 8294/3/4 8295/3/4 8296/3/4
f 8296/3/4 8295/3/4 8297/3/4
f 8298/3/4 8299/3/4 8300/3/4
f 8300/3/4 8299/3/4 8301/3/4
f 8302/3/4 8303/3/4 8304/3/4
f 8304/3/4 8303/3/4 8305/3/4
f 8306/3/4 8307/3/4 8308/3/4
f 8308/3/4 8307/3/4 8309/3/4
f 8310/3/4 8311/3/4 8312/3/4
f 8312/3/4 8311/3/4 8313/3/4
f 8314/3/4 8315/3/4 8316/3/4
f 8316/3/4 8315/3/4 8317/3/4
f 8318/3/4 8319/3/4 8320/3/4
f 8320/3/4 8319/3/4 8321/3/4
f 8322/2/4 8323/2/4 8324/2/4
f 8324/2/4 8323/2/4 8325/2/4
f 8324/3/4 8325/3/4 8326/3/4
f 8326/3/4 8325/3/4 8327/3/4
f 8328/3/4 8329/3/4 8330/3/4
f 8330/3/4 8329/3/4 8331/3/4
f 8332/3/4 8333/3/4 8334/3/4
f 8334/3/4 8333/3/4 8335/3/4
f 8336/3/4 8337/3/4 8338/3/4
f 8338/3/4 8337/3/4 8339/3/4
f 8340/3/4 8341/3/4 8342/3/4
f 8342/3/4 8341/3/4 8343/3/4
f 8344/3/4 8345/3/4 8346/3/4
f 8346/3/4 8345/3/4 8347/3/4
f 8348/3/4 8349/3/4 8350/3/4
f 8350/3/4 8349/3/4 8351/3/4
f 8351/3/4 8349/3/4 8352/3/4
f 8353/3/4 8354/3/4 8355/3/4
f 8355/3/4 8354/3/4 8356/3/4
f 8355/2/4 8356/2/4 8357/2/4
f 8357/2/4 8356/2/4 8358/2/4
f 8357/3/4 8358/3/4 8359/3/4
f 8359/3/4 8358/3/4 8360/3/4
f 8361/3/4 8362/3/4 8363/3/4
f 8363/3/4 8362/3/4 8364/3/4
f 8365/3/4 8366/3/4 8367/3/4
f 8367/3/4 8366/3/4 8368/3/4
f 8369/3/4 8370/3/4 8371/3/4
f 8371/3/4 8370/3/4 8372/3/4
f 8373/3/4 8374/3/4 8375/3/4
f 8375/3/4 8374/3/4 8376/3/4
f 8377/3/4 8378/3/4 8379/3/4
f 8379/3/4 8378/3/4 8380/3/4
f 8381/3/4 8382/3/4 8383/3/4
f 8383/3/4 8382/3/4 8384/3/4
f 8385/3/4 8386/3/4 8387/3/4
f 8387/3/4 8386/3/4 8388/3/4
f 8389/3/4 8390/3/4 8391/3/4
f 8391/3/4 8390/3/4 8392/3/4
f 8393/3/4 8394/3/4 8395/3/4
f 8395/3/4 8394/3/4 8396/3/4
f 8397/3/4 8398/3/4 8399/3/4
f 8399/3/4 8398/3/4 8400/3/4
f 8401/3/4 8402/3/4 8403/3/4
f 8403/3/4 8402/3/4 8404/3/4
f 8405/3/4 8406/3/4 8407/3/4
f 8407/3/4 8406/3/4 8408/3/4
f 8409/3/4 8410/3/4 8411/3/4
f 8411/3/4 8410/3/4 8412/3/4
f 8413/3/4 8414/3/4 8415/3/4
f 8415/3/4 8414/3/4 8416/3/4
f 8417/3/4 8418/3/4 8419/3/4
f 8419/3/4 8418/3/4 8420/3/4
f 8421/3/4 8422/3/4 8423/3/4
f 8423/3/4 8422/3/4 8424/3/4
f 8425/3/4 8426/3/4 8427/3/4
f 8427/3/4 8426/3/4 8428/3/4
f 8429/3/4 8430/3/4 8431/3/4
f 8431/3/4 8430/3/4 8432/3/4
f 8433/3/4 8434/3/4 8435/3/4
f 8435/3/4 8434/3/4 8436/3/4
f 8437/3/4 8438/3/4 8439/3/4
f 8439/3/4 8438/3/4 8440/3/4
f 8441/3/4 8442/3/4 8443/3/4
f 8443/3/4 8442/3/4 8444/3/4
f 8445/3/4 8446/3/4 8447/3/4
f 8447/3/4 8446/3/4 8448/3/4
f 8449/3/4 8450/3/4 8451/3/4
f 8451/3/4 8450/3/4 8452/3/4
f 8453/3/4 8454/3/4 8455/3/4
f 8455/3/4 8454/3/4 8456/3/4
f 8457/3/4 8458/3/4 8459/3/4
f 8459/3/4 8458/3/4 8460/3/4
f 8461/4/4 8462/4/4 8463/4/4
f 8463/4/4 8462/4/4 8464/4/4
f 8463/3/4 8464/3/4 8465/3/4
f 8465/3/4 8464/3/4 8466/3/4
f 8467/3/4 8468/3/4 8469/3/4
f 8469/3/4 8468/3/4 8470/3/4
f 8471/3/4 8472/3/4 8473/3/4
f 8473/3/4 8472/3/4 8474/3/4
f 8475/3/4 8476/3/4 8477/3/4
f 8477/3/4 8476/3/4 8478/3/4
f 8479/3/4 8480/3/4 8481/3/4
f 8481/3/4 8480/3/4 8482/3/4
f 8483/3/4 8484/3/4 8485/3/4
f 8485/3/4 8484/3/4 8486/3/4
f 8487/3/4 8488/3/4 8489/3/4
f 8489/3/4 8488/3/4 8490/3/4
f 8491/3/4 8492/3/4 8493/3/4
f 8493/3/4 8492/3/4 8494/3/4
f 8495/3/4 8496/3/4 8497/3/4
f 8497/3/4 8496/3/4 8498/3/4
f 8499/3/4 8500/3/4 8501/3/4
f 8501/3/4 8500/3/4 8502/3/4
f 8503/3/4 8504/3/4 8505/3/4
f 8505/3/4 8504/3/4 8506/3/4
f 8507/3/4 8508/3/4 8509/3/4
f 8509/3/4 8508/3/4 8510/3/4
f 8511/3/4 8512/3/4 8513/3/4
f 8513/3/4 8512/3/4 8514/3/4
f 8515/3/4 8516/3/4 8517/3/4
f 8517/3/4 8516/3/4 8518/3/4
f 8519/3/4 8520/3/4 8521/3/4
f 8521/3/4 8520/3/4 8522/3/4
f 8523/3/4 8524/3/4 8525/3/4
f 8525/3/4 8524/3/4 8526/3/4
f 8527/3/4 8528/3/4 8529/3/4
f 8529/3/4 8528/3/4 8530/3/4
f 8531/3/4 8532/3/4 8533/3/4
f 8533/3/4 8532/3/4 8534/3/4
f 8535/3/4 8536/3/4 8537/3/4
f 8537/3/4 8536/3/4 8538/3/4
f 8539/3/4 8540/3/4 8541/3/4
f 8541/3/4 8540/3/4 8542/3/4
f 8543/3/4 8544/3/4 8545/3/4
f 8545/3/4 8544/3/4 8546/3/4
f 8547/3/4 8548/3/4 8549/3/4
f 8549/3/4 8548/3/4 8550/3/4
f 8551/3/4 8552/3/4 8553/3/4
f 8553/3/4 8552/3/4 8554/3/4
f 8555/3/4 8556/3/4 8557/3/4
f 8557/3/4 8556/3/4 8558/3/4
f 8559/3/4 8560/3/4 8561/3/4
f 8561/3/4 8560/3/4 8562/3/4
f 8563/3/4 8564/3/4 8565/3/4
f 8565/3/4 8564/3/4 8566/3/4
f 8567/3/4 8568/3/4 8569/3/4
f 8569/3/4 8568/3/4 8570/3/4
f 8571/3/4 8572/3/4 8573/3/4
f 8573/3/4 8572/3/4 8574/3/4
f 8575/3/4 8576/3/4 8577/3/4
f 8577/3/4 8576/3/4 8578/3/4
f 8579/3/4 8580/3/4 8581/3/4
f 8581/3/4 8580/3/4 8582/3/4
f 8583/3/4 8584/3/4 8585/3/4
f 8585/3/4 8584/3/4 8586/3/4
f 8587/3/4 8588/3/4 8589/3/4
f 8589/3/4 8588/3/4 8590/3/4
f 8591/3/4 8592/3/4 8593/3/4
f 8593/3/4 8592/3/4 8594/3/4
f 8595/3/4 8596/3/4 8597/3/4
f 8597/3/4 8596/3/4 8598/3/4
f 8599/3/4 8600/3/4 8601/3/4
f 8601/3/4 8600/3/4 8602/3/4
f 8603/3/4 8604/3/4 8605/3/4
f 8605/3/4 8604/3/4 8606/3/4
f 8607/3/4 8608/3/4 8609/3/4
f 8609/3/4 8608/3/4 8610/3/4
f 8611/3/4 8612/3/4 8613/3/4
f 8613/3/4 8612/3/4 8614/3/4
f 8615/3/4 8616/3/4 8617/3/4
f 8617/3/4 8616/3/4 8618/3/4
f 8619/3/4 8620/3/4 8621/3/4
f 8621/3/4 8620/3/4 8622/3/4
f 8623/3/4 8624/3/4 8625/3/4
f 8625/3/4 8624/3/4 8626/3/4
f 8627/3/4 8628/3/4 8629/3/4
f 8629/3/4 8628/3/4 8630/3/4
f 8631/3/4 8632/3/4 8633/3/4
f 8633/3/4 8632/3/4 8634/3/4
f 8635/3/4 8636/3/4 8637/3/4
f 8637/3/4 8636/3/4 8638/3/4
f 8639/3/4 8640/3/4 8641/3/4
f 8641/3/4 8640/3/4 8642/3/4
f 8643/3/4 8644/3/4 8645/3/4
f 8645/3/4 8644/3/4 8646/3/4
f 8647/3/4 8648/3/4 8649/3/4
f 8649/3/4 8648/3/4 8650/3/4
f 8651/3/4 8652/3/4 8653/3/4
f 8653/3/4 8652/3/4 8654/3/4
f 8655/3/4 8656/3/4 8657/3/4
f 8657/3/4 8656/3/4 8658/3/4
f 8659/3/4 8660/3/4 8661/3/4
f 8661/3/4 8660/3/4 8662/3/4
f 8663/3/4 8664/3/4 8665/3/4
f 8665/3/4 8664/3/4 8666/3/4
f 8667/3/4 8668/3/4 8669/3/4
f 8669/3/4 8668/3/4 8670/3/4
f 8671/3/4 8672/3/4 8673/3/4
f 8673/3/4 8672/3/4 8674/3/4
f 8675/3/4 8676/3/4 8677/3/4
f 8677/3/4 8676/3/4 8678/3/4
f 8679/3/4 8680/3/4 8681/3/4
f 8681/3/4 8680/3/4 8682/3/4
f 8683/3/4 8684/3/4 8685/3/4
f 8685/3/4 8684/3/4 8686/3/4
f 8687/3/4 8688/3/4 8689/3/4
f 8689/3/4 8688/3/4 8690/3/4
f 8691/3/4 8692/3/4 8693/3/4
f 8693/3/4 8692/3/4 8694/3/4
f 8695/3/4 8696/3/4 8697/3/4
f 8697/3/4 8696/3/4 8698/3/4
f 8699/3/4 8700/3/4 8701/3/4
f 8701/3/4 8700/3/4 8702/3/4
f 8703/3/4 8704/3/4 8705/3/4
f 8705/3/4 8704/3/4 8706/3/4
f 8707/3/4 8708/3/4 8709/3/4
f 8709/3/4 8708/3/4 8710/3/4
f 8711/3/4 8712/3/4 8713/3/4
f 8713/3/4 8712/3/4 8714/3/4
f 8715/1/4 8716/1/4 8717/1/4
f 8717/1/4 8716/1/4 8718/1/4
f 8717/3/4 8718/3/4 8719/3/4
f 8719/3/4 8718/3/4 8720/3/4
f 8721/3/4 8722/3/4 8723/3/4
f 8723/3/4 8722/3/4 8724/3/4
f 8725/3/4 8726/3/4 8727/3/4
f 8727/3/4 8726/3/4 8728/3/4
f 8729/3/4 8730/3/4 8731/3/4
f 8731/3/4 8730/3/4 8732/3/4
f 8733/3/4 8734/3/4 8735/3/4
f 8735/3/4 8734/3/4 8736/3/4
f 8737/3/4 8738/3/4 8739/3/4
f 8739/3/4 8738/3/4 8740/3/4
f 8741/3/4 8742/3/4 8743/3/4
f 8743/3/4 8742/3/4 8744/3/4
f 8745/3/4 8746/3/4 8747/3/4
f 8747/3/4 8746/3/4 8748/3/4
f 8749/3/4 8750/3/4 8751/3/4
f 8751/3/4 8750/3/4 8752/3/4
f 8753/3/4 8754/3/4 8755/3/4
f 8755/3/4 8754/3/4 8756/3/4
f 8757/3/4 8758/3/4 8759/3/4
f 8759/3/4 8758/3/4 8760/3/4
f 8761/3/4 8762/3/4 8763/3/4
f 8763/3/4 8762/3/4 8764/3/4
f 8765/3/4 8766/3/4 8767/3/4
f 8767/3/4 8766/3/4 8768/3/4
f 8769/3/4 8770/3/4 8771/3/4
f 8771/3/4 8770/3/4 8772/3/4
f 8773/3/4 8774/3/4 8775/3/4
f 8775/3/4 8774/3/4 8776/3/4
f 8777/3/4 8778/3/4 8779/3/4
f 8779/3/4 8778/3/4 8780/3/4
f 8781/3/4 8782/3/4 8783/3/4
f 8783/3/4 8782/3/4 8784/3/4
f 8785/3/4 8786/3/4 8787/3/4
f 8787/3/4 8786/3/4 8788/3/4
f 8789/3/4 8790/3/4 8791/3/4
f 8791/3/4 8790/3/4 8792/3/4
f 8793/3/4 8794/3/4 8795/3/4
f 8795/3/4 8794/3/4 8796/3/4
f 8797/3/4 8798/3/4 8799/3/4
f 8799/3/4 8798/3/4 8800/3/4
f 8801/3/4 8802/3/4 8803/3/4
f 8803/3/4 8802/3/4 8804/3/4
f 8805/3/4 8806/3/4 8807/3/4
f 8807/3/4 8806/3/4 8808/3/4
f 8809/3/4 8810/3/4 8811/3/4
f 8811/3/4 8810/3/4 8812/3/4
f 8813/3/4 8814/3/4 8815/3/4
f 8815/3/4 8814/3/4 8816/3/4
f 8817/3/4 8818/3/4 8819/3/4
f 8819/3/4 8818/3/4 8820/3/4
f 8821/3/4 8822/3/4 8823/3/4
f 8823/3/4 8822/3/4 8824/3/4
f 8825/3/4 8826/3/4 8827/3/4
f 8827/3/4 8826/3/4 8828/3/4
f 8829/3/4 8830/3/4 8831/3/4
f 8831/3/4 8830/3/4 8832/3/4
f 8833/3/4 8834/3/4 8835/3/4
f 8835/3/4 8834/3/4 8836/3/4
f 8837/3/4 8838/3/4 8839/3/4
f 8839/3/4 8838/3/4 8840/3/4
f 8841/3/4 8842/3/4 8843/3/4
f 8843/3/4 8842/3/4 8844/3/4
f 8845/3/4 8846/3/4 8847/3/4
f 8847/3/4 8846/3/4 8848/3/4
f 8849/3/4 8850/3/4 8851/3/4
f 8851/3/4 8850/3/4 8852/3/4
f 8853/3/4 8854/3/4 8855/3/4
f 8855/3/4 8854/3/4 8856/3/4
f 8857/3/4 8858/3/4 8859/3/4
f 8859/3/4 8858/3/4 8860/3/4
f 8861/3/4 8862/3/4 8863/3/4
f 8863/3/4 8862/3/4 8864/3/4
f 8865/3/4 8866/3/4 8867/3/4
f 8867/3/4 8866/3/4 8868/3/4
f 8869/3/4 8870/3/4 8871/3/4
f 8871/3/4 8870/3/4 8872/3/4
f 8873/3/4 8874/3/4 8875/3/4
f 8875/3/4 8874/3/4 8876/3/4
f 8877/3/4 8878/3/4 8879/3/4
f 8879/3/4 8878/3/4 8880/3/4
f 8881/3/4 8882/3/4 8883/3/4
f 8883/3/4 8882/3/4 8884/3/4
f 8885/3/4 8886/3/4 8887/3/4
f 8887/3/4 8886/3/4 8888/3/4
f 8889/3/4 8890/3/4 8891/3/4
f 8891/3/4 8890/3/4 8892/3/4
f 8893/3/4 8894/3/4 8895/3/4
f 8895/3/4 8894/3/4 8896/3/4
f 8897/3/4 8898/3/4 8899/3/4
f 8899/3/4 8898/3/4 8900/3/4
f 8901/3/4 8902/3/4 8903/3/4
f 8903/3/4 8902/3/4 8904/3/4
f 8905/3/4 8906/3/4 8907/3/4
f 8907/3/4 8906/3/4 8908/3/4
f 8909/3/4 8910/3/4 8911/3/4
f 8911/3/4 8910/3/4 8912/3/4
f 8913/3/4 8914/3/4 8915/3/4
f 8915/3/4 8914/3/4 8916/3/4
f 8917/3/4 8918/3/4 8919/3/4
f 8919/3/4 8918/3/4 8920/3/4
f 8921/3/4 8922/3/4 8923/3/4
f 8923/3/4 8922/3/4 8924/3/4
f 8925/3/4 8926/3/4 8927/3/4
f 8927/3/4 8926/3/4 8928/3/4
f 8929/3/4 8930/3/4 8931/3/4
f 8931/3/4 8930/3/4 8932/3/4
f 8933/3/4 8934/3/4 8935/3/4
f 8935/3/4 8934/3/4 8936/3/4
f 8937/3/4 8938/3/4 8939/3/4
f 8939/3/4 8938/3/4 8940/3/4
f 8941/3/4 8942/3/4 8943/3/4
f 8943/3/4 8942/3/4 8944/3/4
f 8944/3/4 8942/3/4 8945/3/4
f 8946/3/4 8947/3/4 8948/3/4
f 8948/3/4 8947/3/4 8949/3/4
f 8950/3/4 8951/3/4 8952/3/4
f 8952/3/4 8951/3/4 8953/3/4
f 8954/3/4 8955/3/4 8956/3/4
f 8956/3/4 8955/3/4 8957/3/4
f 8958/3/4 8959/3/4 8960/3/4
f 8960/3/4 8959/3/4 8961/3/4
f 8962/3/4 8963/3/4 8964/3/4
f 8964/3/4 8963/3/4 8965/3/4
f 8966/3/4 8967/3/4 8968/3/4
f 8968/3/4 8967/3/4 8969/3/4
f 8970/3/4 8971/3/4 8972/3/4
f 8972/3/4 8971/3/4 8973/3/4
f 8974/3/4 8975/3/4 8976/3/4
f 8976/3/4 8975/3/4 8977/3/4
f 8978/3/4 8979/3/4 8980/3/4
f 8980/3/4 8979/3/4 8981/3/4
f 8982/3/4 8983/3/4 8984/3/4
f 8984/3/4 8983/3/4 8985/3/4
f 8986/3/4 8987/3/4 8988/3/4
f 8988/3/4 8987/3/4 8989/3/4
f 8990/3/4 8991/3/4 8992/3/4
f 8992/3/4 8991/3/4 8993/3/4
f 8994/3/4 8995/3/4 8996/3/4
f 8996/3/4 8995/3/4 8997/3/4
f 8998/3/4 8999/3/4 9000/3/4
f 9000/3/4 8999/3/4 9001/3/4
f 9002/3/4 9003/3/4 9004/3/4
f 9004/3/4 9003/3/4 9005/3/4
f 9006/3/4 9007/3/4 9008/3/4
f 9008/3/4 9007/3/4 9009/3/4
f 9010/3/4 9011/3/4 9012/3/4
f 9012/3/4 9011/3/4 9013/3/4
f 9014/3/4 9015/3/4 9016/3/4
f 9016/3/4 9015/3/4 9017/3/4
f 9018/3/4 9019/3/4 9020/3/4
f 9020/3/4 9019/3/4 9021/3/4
f 9022/3/4 9023/3/4 9024/3/4
f 9024/3/4 9023/3/4 9025/3/4
f 9026/3/4 9027/3/4 9028/3/4
f 9028/3/4 9027/3/4 9029/3/4
f 9030/3/4 9031/3/4 9032/3/4
f 9032/3/4 9031/3/4 9033/3/4
f 9034/3/4 9035/3/4 9036/3/4
f 9036/3/4 9035/3/4 9037/3/4
f 9038/3/4 9039/3/4 9040/3/4
f 9040/3/4 9039/3/4 9041/3/4
f 9042/3/4 9043/3/4 9044/3/4
f 9044/3/4 9043/3/4 9045/3/4
f 9046/3/4 9047/3/4 9048/3/4
f 9048/3/4 9047/3/4 9049/3/4
f 9050/3/4 9051/3/4 9052/3/4
f 9052/3/4 9051/3/4 9053/3/4
f 9054/3/4 9055/3/4 9056/3/4
f 9056/3/4 9055/3/4 9057/3/4
f 9058/3/4 9059/3/4 9060/3/4
f 9060/3/4 9059/3/4 9061/3/4
f 9062/3/4 9063/3/4 9064/3/4
f 9064/3/4 9063/3/4 9065/3/4
f 9066/3/4 9067/3/4 9068/3/4
f 9068/3/4 9067/3/4 9069/3/4
f 9070/3/4 9071/3/4 9072/3/4
f 9072/3/4 9071/3/4 9073/3/4
f 9074/3/4 9075/3/4 9076/3/4
f 9076/3/4 9075/3/4 9077/3/4
f 9078/3/4 9079/3/4 9080/3/4
f 9080/3/4 9079/3/4 9081/3/4
f 9082/3/4 9083/3/4 9084/3/4
f 9084/3/4 9083/3/4 9085/3/4
f 9086/3/4 9087/3/4 9088/3/4
f 9088/3/4 9087/3/4 9089/3/4
f 9090/3/4 9091/3/4 9092/3/4
f 9092/3/4 9091/3/4 9093/3/4
f 9094/3/4 9095/3/4 9096/3/4
f 9096/3/4 9095/3/4 9097/3/4
f 9098/3/4 9099/3/4 9100/3/4
f 9100/3/4 9099/3/4 9101/3/4
f 9102/3/4 9103/3/4 9104/3/4
f 9104/3/4 9103/3/4 9105/3/4
f 9106/3/4 9107/3/4 9108/3/4
f 9108/3/4 9107/3/4 9109/3/4
f 9110/3/4 9111/3/4 9112/3/4
f 9112/3/4 9111/3/4 9113/3/4
f 9114/3/4 9115/3/4 9116/3/4
f 9116/3/4 9115/3/4 9117/3/4
f 9118/3/4 9119/3/4 9120/3/4
f 9120/3/4 9119/3/4 9121/3/4
f 9122/3/4 9123/3/4 9124/3/4
f 9124/3/4 9123/3/4 9125/3/4
f 9126/3/4 9127/3/4 9128/3/4
f 9128/3/4 9127/3/4 9129/3/4
f 9130/3/4 9131/3/4 9132/3/4
f 9132/3/4 9131/3/4 9133/3/4
f 9134/3/4 9135/3/4 9136/3/4
f 9136/3/4 9135/3/4 9137/3/4
f 9138/3/4 9139/3/4 9140/3/4
f 9140/3/4 9139/3/4 9141/3/4
f 9142/3/4 9143/3/4 9144/3/4
f 9144/3/4 9143/3/4 9145/3/4
f 9146/3/4 9147/3/4 9148/3/4
f 9148/3/4 9147/3/4 9149/3/4
f 9150/3/4 9151/3/4 9152/3/4
f 9152/3/4 9151/3/4 9153/3/4
f 9154/3/4 9155/3/4 9156/3/4
f 9156/3/4 9155/3/4 9157/3/4
f 9158/3/4 9159/3/4 9160/3/4
f 9160/3/4 9159/3/4 9161/3/4
f 9162/3/4 9163/3/4 9164/3/4
f 9164/3/4 9163/3/4 9165/3/4
f 9166/3/4 9167/3/4 9168/3/4
f 9168/3/4 9167/3/4 9169/3/4
f 9170/3/4 9171/3/4 9172/3/4
f 9172/3/4 9171/3/4 9173/3/4
f 9174/3/4 9175/3/4 9176/3/4
f 9176/3/4 9175/3/4 9177/3/4
f 9178/3/4 9179/3/4 9180/3/4
f 9180/3/4 9179/3/4 9181/3/4
f 9182/3/4 9183/3/4 9184/3/4
f 9184/3/4 9183/3/4 9185/3/4
f 9186/3/4 9187/3/4 9188/3/4
f 9188/3/4 9187/3/4 9189/3/4
f 9190/3/4 9191/3/4 9192/3/4
f 9192/3/4 9191/3/4 9193/3/4
f 9194/3/4 9195/3/4 9196/3/4
f 9196/3/4 9195/3/4 9197/3/4
f 9198/3/4 9199/3/4 9200/3/4
f 9200/3/4 9199/3/4 9201/3/4
f 9202/3/4 9203/3/4 9204/3/4
f 9204/3/4 9203/3/4 9205/3/4
f 9206/3/4 9207/3/4 9208/3/4
f 9208/3/4 9207/3/4 9209/3/4
f 9210/3/4 9211/3/4 9212/3/4
f 9212/3/4 9211/3/4 9213/3/4
f 9214/3/4 9215/3/4 9216/3/4
f 9216/3/4 9215/3/4 9217/3/4
f 9218/3/4 9219/3/4 9220/3/4
f 9220/3/4 9219/3/4 9221/3/4
f 9222/3/4 9223/3/4 9224/3/4
f 9224/3/4 9223/3/4 9225/3/4
f 9226/3/4 9227/3/4 9228/3/4
f 9228/3/4 9227/3/4 9229/3/4
f 9230/3/4 9231/3/4 9232/3/4
f 9232/3/4 9231/3/4 9233/3/4
f 9234/3/4 9235/3/4 9236/3/4
f 9236/3/4 9235/3/4 9237/3/4
f 9238/3/4 9239/3/4 9240/3/4
f 9240/3/4 9239/3/4 9241/3/4
f 9242/3/4 9243/3/4 9244/3/4
f 9244/3/4 9243/3/4 9245/3/4
f 9246/3/4 9247/3/4 9248/3/4
f 9248/3/4 9247/3/4 9249/3/4
f 9250/3/4 9251/3/4 9252/3/4
f 9252/3/4 9251/3/4 9253/3/4
f 9254/3/4 9255/3/4 9256/3/4
f 9256/3/4 9255/3/4 9257/3/4
f 9258/3/4 9259/3/4 9260/3/4
f 9260/3/4 9259/3/4 9261/3/4
f 9262/3/4 9263/3/4 9264/3/4
f 9264/3/4 9263/3/4 9265/3/4
f 9265/3/4 9263/3/4 9266/3/4
f 9267/3/4 9268/3/4 9269/3/4
f 9269/3/4 9268/3/4 9270/3/4
f 9271/3/4 9272/3/4 9273/3/4
f 9273/3/4 9272/3/4 9274/3/4
f 9275/3/4 9276/3/4 9277/3/4
f 9277/3/4 9276/3/4 9278/3/4
f 9279/3/4 9280/3/4 9281/3/4
f 9281/3/4 9280/3/4 9282/3/4
f 9283/3/4 9284/3/4 9285/3/4
f 9285/3/4 9284/3/4 9286/3/4
f 9287/3/4 9288/3/4 9289/3/4
f 9289/3/4 9288/3/4 9290/3/4
f 9291/3/4 9292/3/4 9293/3/4
f 9293/3/4 9292/3/4 9294/3/4
f 9295/3/4 9296/3/4 9297/3/4
f 9297/3/4 9296/3/4 9298/3/4
f 9299/3/4 9300/3/4 9301/3/4
f 9301/3/4 9300/3/4 9302/3/4
f 9303/3/4 9304/3/4 9305/3/4
f 9305/3/4 9304/3/4 9306/3/4
f 9307/3/4 9308/3/4 9309/3/4
f 9309/3/4 9308/3/4 9310/3/4
f 9311/3/4 9312/3/4 9313/3/4
f 9313/3/4 9312/3/4 9314/3/4
f 9315/3/4 9316/3/4 9317/3/4
f 9317/3/4 9316/3/4 9318/3/4
f 9319/3/4 9320/3/4 9321/3/4
f 9321/3/4 9320/3/4 9322/3/4
f 9323/3/4 9324/3/4 9325/3/4
f 9325/3/4 9324/3/4 9326/3/4
f 9327/3/4 9328/3/4 9329/3/4
f 9329/3/4 9328/3/4 9330/3/4
f 9331/3/4 9332/3/4 9333/3/4
f 9333/3/4 9332/3/4 9334/3/4
f 9335/3/4 9336/3/4 9337/3/4
f 9337/3/4 9336/3/4 9338/3/4
f 9339/3/4 9340/3/4 9341/3/4
f 9341/3/4 9340/3/4 9342/3/4
f 9343/3/4 9344/3/4 9345/3/4
f 9345/3/4 9344/3/4 9346/3/4
f 9347/3/4 9348/3/4 9349/3/4
f 9349/3/4 9348/3/4 9350/3/4
f 9351/3/4 9352/3/4 9353/3/4
f 9353/3/4 9352/3/4 9354/3/4
f 9355/3/4 9356/3/4 9357/3/4
f 9357/3/4 9356/3/4 9358/3/4
f 9359/3/4 9360/3/4 9361/3/4
f 9361/3/4 9360/3/4 9362/3/4
f 9363/3/4 9364/3/4 9365/3/4
f 9365/3/4 9364/3/4 9366/3/4
f 9367/2/4 9368/2/4 9369/2/4
f 9369/2/4 9368/2/4 9370/2/4
f 9371/3/4 9372/3/4 9373/3/4
f 9373/3/4 9372/3/4 9374/3/4
f 9375/3/4 9376/3/4 9377/3/4
f 9377/3/4 9376/3/4 9378/3/4
f 9379/3/4 9380/3/4 9381/3/4
f 9381/3/4 9380/3/4 9382/3/4
f 9383/3/4 9384/3/4 9385/3/4
f 9385/3/4 9384/3/4 9386/3/4
f 9387/3/4 9388/3/4 9389/3/4
f 9389/3/4 9388/3/4 9390/3/4
f 9391/3/4 9392/3/4 9393/3/4
f 9393/3/4 9392/3/4 9394/3/4
f 9395/3/4 9396/3/4 9397/3/4
f 9397/3/4 9396/3/4 9398/3/4
f 9399/3/4 9400/3/4 9401/3/4
f 9401/3/4 9400/3/4 9402/3/4
f 9403/3/4 9404/3/4 9405/3/4
f 9405/3/4 9404/3/4 9406/3/4
f 9407/3/4 9408/3/4 9409/3/4
f 9409/3/4 9408/3/4 9410/3/4
f 9411/3/4 9412/3/4 9413/3/4
f 9413/3/4 9412/3/4 9414/3/4
f 9415/3/4 9416/3/4 9417/3/4
f 9417/3/4 9416/3/4 9418/3/4
f 9419/3/4 9420/3/4 9421/3/4
f 9421/3/4 9420/3/4 9422/3/4
f 9423/3/4 9424/3/4 9425/3/4
f 9425/3/4 9424/3/4 9426/3/4
f 9427/3/4 9428/3/4 9429/3/4
f 9429/3/4 9428/3/4 9430/3/4
f 9431/3/4 9432/3/4 9433/3/4
f 9433/3/4 9432/3/4 9434/3/4
f 9435/3/4 9436/3/4 9437/3/4
f 9437/3/4 9436/3/4 9438/3/4
f 9439/3/4 9440/3/4 9441/3/4
f 9441/3/4 9440/3/4 9442/3/4
f 9443/3/4 9444/3/4 9445/3/4
f 9445/3/4 9444/3/4 9446/3/4
f 9447/3/4 9448/3/4 9449/3/4
f 9449/3/4 9448/3/4 9450/3/4
f 9451/3/4 9452/3/4 9453/3/4
f 9453/3/4 9452/3/4 9454/3/4
f 9455/3/4 9456/3/4 9457/3/4
f 9457/3/4 9456/3/4 9458/3/4
f 9459/3/4 9460/3/4 9461/3/4
f 9461/3/4 9460/3/4 9462/3/4
f 9463/3/4 9464/3/4 9465/3/4
f 9465/3/4 9464/3/4 9466/3/4
f 9467/3/4 9468/3/4 9469/3/4
f 9469/3/4 9468/3/4 9470/3/4
f 9471/3/4 9472/3/4 9473/3/4
f 9473/3/4 9472/3/4 9474/3/4
f 9475/3/4 9476/3/4 9477/3/4
f 9477/3/4 9476/3/4 9478/3/4
f 9479/3/4 9480/3/4 9481/3/4
f 9481/3/4 9480/3/4 9482/3/4
f 9483/3/4 9484/3/4 9485/3/4
f 9485/3/4 9484/3/4 9486/3/4
f 9487/3/4 9488/3/4 9489/3/4
f 9489/3/4 9488/3/4 9490/3/4
f 9491/3/4 9492/3/4 9493/3/4
f 9493/3/4 9492/3/4 9494/3/4
f 9495/3/4 9496/3/4 9497/3/4
f 9497/3/4 9496/3/4 9498/3/4
f 9499/3/4 9500/3/4 9501/3/4
f 9501/3/4 9500/3/4 9502/3/4
f 9503/3/4 9504/3/4 9505/3/4
f 9505/3/4 9504/3/4 9506/3/4
f 9507/3/4 9508/3/4 9509/3/4
f 9509/3/4 9508/3/4 9510/3/4
f 9511/3/4 9512/3/4 9513/3/4
f 9513/3/4 9512/3/4 9514/3/4
f 9515/3/4 9516/3/4 9517/3/4
f 9517/3/4 9516/3/4 9518/3/4
f 9519/3/4 9520/3/4 9521/3/4
f 9521/3/4 9520/3/4 9522/3/4
f 9523/3/4 9524/3/4 9525/3/4
f 9525/3/4 9524/3/4 9526/3/4
f 9527/3/4 9528/3/4 9529/3/4
f 9529/3/4 9528/3/4 9530/3/4
f 9531/3/4 9532/3/4 9533/3/4
f 9533/3/4 9532/3/4 9534/3/4
f 9535/3/4 9536/3/4 9537/3/4
f 9537/3/4 9536/3/4 9538/3/4
f 9539/3/4 9540/3/4 9541/3/4
f 9541/3/4 9540/3/4 9542/3/4
f 9543/3/4 9544/3/4 9545/3/4
f 9545/3/4 9544/3/4 9546/3/4
f 9547/3/4 9548/3/4 9549/3/4
f 9549/3/4 9548/3/4 9550/3/4
f 9551/3/4 9552/3/4 9553/3/4
f 9553/3/4 9552/3/4 9554/3/4
f 9555/3/4 9556/3/4 9557/3/4
f 9557/3/4 9556/3/4 9558/3/4
f 9559/3/4 9560/3/4 9561/3/4
f 9561/3/4 9560/3/4 9562/3/4
f 9563/3/4 9564/3/4 9565/3/4
f 9565/3/4 9564/3/4 9566/3/4
f 9567/3/4 9568/3/4 9569/3/4
f 9569/3/4 9568/3/4 9570/3/4
f 9571/3/4 9572/3/4 9573/3/4
f 9573/3/4 9572/3/4 9574/3/4
f 9575/3/4 9576/3/4 9577/3/4
f 9577/3/4 9576/3/4 9578/3/4
f 9579/3/4 9580/3/4 9581/3/4
f 9581/3/4 9580/3/4 9582/3/4
f 9583/3/4 9584/3/4 9585/3/4
f 9585/3/4 9584/3/4 9586/3/4
f 9587/3/4 9588/3/4 9589/3/4
f 9589/3/4 9588/3/4 9590/3/4
f 9591/3/4 9592/3/4 9593/3/4
f 9593/3/4 9592/3/4 9594/3/4
f 9595/3/4 9596/3/4 9597/3/4
f 9597/3/4 9596/3/4 9598/3/4
f 9599/3/4 9600/3/4 9601/3/4
f 9601/3/4 9600/3/4 9602/3/4
f 9603/3/4 9604/3/4 9605/3/4
f 9605/3/4 9604/3/4 9606/3/4
f 9607/3/4 9608/3/4 9609/3/4
f 9609/3/4 9608/3/4 9610/3/4
f 9611/3/4 9612/3/4 9613/3/4
f 9613/3/4 9612/3/4 9614/3/4
f 9615/3/4 9616/3/4 9617/3/4
f 9617/3/4 9616/3/4 9618/3/4
f 9619/3/4 9620/3/4 9621/3/4
f 9621/3/4 9620/3/4 9622/3/4
f 9623/3/4 9624/3/4 9625/3/4
f 9625/3/4 9624/3/4 9626/3/4
f 9627/3/4 9628/3/4 9629/3/4
f 9629/3/4 9628/3/4 9630/3/4
f 9631/3/4 9632/3/4 9633/3/4
f 9633/3/4 9632/3/4 9634/3/4
f 9635/3/4 9636/3/4 9637/3/4
f 9637/3/4 9636/3/4 9638/3/4
f 9639/3/4 9640/3/4 9641/3/4
f 9641/3/4 9640/3/4 9642/3/4
f 9643/3/4 9644/3/4 9645/3/4
f 9645/3/4 9644/3/4 9646/3/4
f 9647/3/4 9648/3/4 9649/3/4
f 9649/3/4 9648/3/4 9650/3/4
f 9651/3/4 9652/3/4 9653/3/4
f 9653/3/4 9652/3/4 9654/3/4
f 9655/3/4 9656/3/4 9657/3/4
f 9657/3/4 9656/3/4 9658/3/4
f 9659/3/4 9660/3/4 9661/3/4
f 9661/3/4 9660/3/4 9662/3/4
f 9663/3/4 9664/3/4 9665/3/4
f 9665/3/4 9664/3/4 9666/3/4
f 9667/3/4 9668/3/4 9669/3/4
f 9669/3/4 9668/3/4 9670/3/4
f 9671/3/4 9672/3/4 9673/3/4
f 9673/3/4 9672/3/4 9674/3/4
f 9675/3/4 9676/3/4 9677/3/4
f 9677/3/4 9676/3/4 9678/3/4
f 9679/3/4 9680/3/4 9681/3/4
f 9681/3/4 9680/3/4 9682/3/4
f 9683/3/4 9684/3/4 9685/3/4
f 9685/3/4 9684/3/4 9686/3/4
f 9687/3/4 9688/3/4 9689/3/4
f 9689/3/4 9688/3/4 9690/3/4
f 9691/3/4 9692/3/4 9693/3/4
f 9693/3/4 9692/3/4 9694/3/4
f 9695/3/4 9696/3/4 9697/3/4
f 9697/3/4 9696/3/4 9698/3/4
f 9699/3/4 9700/3/4 9701/3/4
f 9701/3/4 9700/3/4 9702/3/4
f 9703/3/4 9704/3/4 9705/3/4
f 9705/3/4 9704/3/4 9706/3/4
f 9707/3/4 9708/3/4 9709/3/4
f 9709/3/4 9708/3/4 9710/3/4
f 9711/3/4 9712/3/4 9713/3/4
f 9713/3/4 9712/3/4 9714/3/4
f 9715/3/4 9716/3/4 9717/3/4
f 9717/3/4 9718/3/4 9719/3/4
f 9719/3/4 9720/3/4 9721/3/4
f 9721/3/4 9722/3/4 9723/3/4
f 9723/3/4 9724/3/4 9725/3/4
f 9725/3/4 9726/3/4 9727/3/4
f 9715/3/4 9717/3/4 9729/3/4
f 9727/3/4 9728/3/4 9729/3/4
f 9725/3/4 9727/3/4 9729/3/4
f 9723/3/4 9725/3/4 9729/3/4
f 9721/3/4 9723/3/4 9729/3/4
f 9719/3/4 9721/3/4 9729/3/4
f 9717/3/4 9719/3/4 9729/3/4
f 9729/3/4 9728/3/4 9730/3/4
f 9733/11/5 9732/11/5 9731/11/5
f 9734/11/5 9732/11/5 9733/11/5
f 9735/3/5 9734/3/5 9733/3/5
f 9735/11/5 9732/11/5 9734/11/5
f 9736/11/5 9732/11/5 9735/11/5
f 9737/3/5 9736/3/5 9735/3/5
f 9737/11/5 9732/11/5 9736/11/5
f 9738/11/5 9732/11/5 9737/11/5
f 9739/3/5 9738/3/5 9737/3/5
f 9739/11/5 9732/11/5 9738/11/5
f 9740/11/5 9732/11/5 9739/11/5
f 9741/3/5 9740/3/5 9739/3/5
f 9741/11/5 9732/11/5 9740/11/5
f 9742/11/5 9732/11/5 9741/11/5
f 9743/3/5 9742/3/5 9741/3/5
f 9743/11/5 9732/11/5 9742/11/5
f 9744/11/5 9732/11/5 9743/11/5
f 9745/3/5 9744/3/5 9743/3/5
f 9745/11/5 9732/11/5 9744/11/5
f 9746/11/5 9732/11/5 9745/11/5
f 9747/3/5 9746/3/5 9745/3/5
f 9747/11/5 9732/11/5 9746/11/5
f 9748/11/5 9732/11/5 9747/11/5
f 9749/3/5 9748/3/5 9747/3/5
f 9749/11/5 9732/11/5 9748/11/5
f 9750/11/5 9732/11/5 9749/11/5
f 9751/3/5 9750/3/5 9749/3/5
f 9751/11/5 9732/11/5 9750/11/5
f 9752/11/5 9732/11/5 9751/11/5
f 9753/3/5 9752/3/5 9751/3/5
f 9753/11/5 9732/11/5 9752/11/5
f 9754/11/5 9732/11/5 9753/11/5
f 9755/3/5 9754/3/5 9753/3/5
f 9755/11/5 9732/11/5 9754/11/5
f 9756/11/5 9732/11/5 9755/11/5
f 9757/3/5 9756/3/5 9755/3/5
f 9757/11/5 9732/11/5 9756/11/5
f 9758/11/5 9732/11/5 9757/11/5
f 9759/3/5 9758/3/5 9757/3/5
f 9759/11/5 9732/11/5 9758/11/5
f 9760/11/5 9732/11/5 9759/11/5
f 9761/3/5 9760/3/5 9759/3/5
f 9761/11/5 9732/11/5 9760/11/5
f 9762/11/5 9732/11/5 9761/11/5
f 9763/3/5 9762/3/5 9761/3/5
f 9763/11/5 9732/11/5 9762/11/5
f 9764/11/5 9732/11/5 9763/11/5
f 9765/3/5 9764/3/5 9763/3/5
f 9765/11/5 9732/11/5 9764/11/5
f 9766/11/5 9732/11/5 9765/11/5
f 9767/3/5 9766/3/5 9765/3/5
f 9767/11/5 9732/11/5 9766/11/5
f 9768/11/5 9732/11/5 9767/11/5
f 9769/3/5 9768/3/5 9767/3/5
f 9769/11/5 9732/11/5 9768/11/5
f 9770/11/5 9732/11/5 9769/11/5
f 9771/3/5 9770/3/5 9769/3/5
f 9771/11/5 9732/11/5 9770/11/5
f 9772/11/5 9732/11/5 9771/11/5
f 9773/3/5 9772/3/5 9771/3/5
f 9773/11/5 9732/11/5 9772/11/5
f 9774/11/5 9732/11/5 9773/11/5
f 9775/3/5 9774/3/5 9773/3/5
f 9775/11/5 9732/11/5 9774/11/5
f 9776/11/5 9732/11/5 9775/11/5
f 9777/3/5 9776/3/5 9775/3/5
f 9777/11/5 9732/11/5 9776/11/5
f 9778/11/5 9732/11/5 9777/11/5
f 9779/3/5 9778/3/5 9777/3/5
f 9779/11/5 9732/11/5 9778/11/5
f 9780/11/5 9732/11/5 9779/11/5
f 9781/3/5 9780/3/5 9779/3/5
f 9781/11/5 9732/11/5 9780/11/5
f 9782/11/5 9732/11/5 9781/11/5
f 9783/3/5 9782/3/5 9781/3/5
f 9783/11/5 9732/11/5 9782/11/5
f 9784/11/5 9732/11/5 9783/11/5
f 9785/3/5 9784/3/5 9783/3/5
f 9785/11/5 9732/11/5 9784/11/5
f 9786/11/5 9732/11/5 9785/11/5
f 9787/3/5 9786/3/5 9785/3/5
f 9787/11/5 9732/11/5 9786/11/5
f 9788/11/5 9732/11/5 9787/11/5
f 9789/3/5 9788/3/5 9787/3/5
f 9789/11/5 9732/11/5 9788/11/5
f 9790/11/5 9732/11/5 9789/11/5
f 9791/3/5 9790/3/5 9789/3/5
f 9791/11/5 9732/11/5 9790/11/5
f 9792/11/5 9732/11/5 9791/11/5
f 9793/11/5 9732/11/5 9792/11/5
f 9794/11/5 9732/11/5 9793/11/5
f 9795/3/5 9792/3/5 9791/3/5
f 9795/11/5 9793/11/5 9792/11/5
f 9796/3/5 9794/3/5 9793/3/5
f 9796/11/5 9793/11/5 9795/11/5
f 9797/11/5 9732/11/5 9794/11/5
f 9797/3/5 9794/3/5 9796/3/5
f 9798/3/5 9796/3/5 9795/3/5
f 9798/11/5 9797/11/5 9796/11/5
f 9799/11/5 9732/11/5 9797/11/5
f 9799/11/5 9797/11/5 9798/11/5
f 9800/3/5 9799/3/5 9798/3/5
f 9800/11/5 9732/11/5 9799/11/5
f 9801/11/5 9732/11/5 9800/11/5
f 9802/3/5 9801/3/5 9800/3/5
f 9802/11/5 9732/11/5 9801/11/5
f 9803/11/5 9732/11/5 9802/11/5
f 9804/3/5 9803/3/5 9802/3/5
f 9804/11/5 9732/11/5 9803/11/5
f 9805/11/5 9732/11/5 9804/11/5
f 9806/3/5 9805/3/5 9804/3/5
f 9806/11/5 9732/11/5 9805/11/5
f 9807/11/5 9732/11/5 9806/11/5
f 9808/3/5 9807/3/5 9806/3/5
f 9808/11/5 9732/11/5 9807/11/5
f 9809/11/5 9732/11/5 9808/11/5
f 9810/3/5 9809/3/5 9808/3/5
f 9810/11/5 9732/11/5 9809/11/5
f 9811/11/5 9732/11/5 9810/11/5
f 9812/3/5 9811/3/5 9810/3/5
f 9812/11/5 9732/11/5 9811/11/5
f 9813/11/5 9732/11/5 9812/11/5
f 9814/3/5 9813/3/5 9812/3/5
f 9814/11/5 9732/11/5 9813/11/5
f 9815/11/5 9732/11/5 9814/11/5
f 9816/3/5 9815/3/5 9814/3/5
f 9816/11/5 9732/11/5 9815/11/5
f 9817/11/5 9732/11/5 9816/11/5
f 9818/3/5 9817/3/5 9816/3/5
f 9818/11/5 9732/11/5 9817/11/5
f 9819/11/5 9732/11/5 9818/11/5
f 9820/3/5 9819/3/5 9818/3/5
f 9820/11/5 9732/11/5 9819/11/5
f 9821/11/5 9732/11/5 9820/11/5
f 9822/3/5 9821/3/5 9820/3/5
f 9822/11/5 9732/11/5 9821/11/5
f 9823/11/5 9732/11/5 9822/11/5
f 9824/3/5 9823/3/5 9822/3/5
f 9824/11/5 9732/11/5 9823/11/5
f 9825/11/5 9732/11/5 9824/11/5
f 9826/3/5 9825/3/5 9824/3/5
f 9826/11/5 9732/11/5 9825/11/5
f 9827/11/5 9732/11/5 9826/11/5
f 9828/3/5 9827/3/5 9826/3/5
f 9828/11/5 9732/11/5 9827/11/5
f 9829/11/5 9732/11/5 9828/11/5
f 9830/3/5 9829/3/5 9828/3/5
f 9830/11/5 9732/11/5 9829/11/5
f 9831/11/5 9732/11/5 9830/11/5
f 9832/3/5 9831/3/5 9830/3/5
f 9832/11/5 9732/11/5 9831/11/5
f 9833/11/5 9732/11/5 9832/11/5
f 9834/3/5 9833/3/5 9832/3/5
f 9834/11/5 9732/11/5 9833/11/5
f 9835/11/5 9732/11/5 9834/11/5
f 9836/3/5 9835/3/5 9834/3/5
f 9836/11/5 9732/11/5 9835/11/5
f 9837/11/5 9732/11/5 9836/11/5
f 9838/3/5 9837/3/5 9836/3/5
f 9838/11/5 9732/11/5 9837/11/5
f 9839/11/5 9732/11/5 9838/11/5
f 9840/3/5 9839/3/5 9838/3/5
f 9840/11/5 9732/11/5 9839/11/5
f 9841/11/5 9732/11/5 9840/11/5
f 9842/3/5 9841/3/5 9840/3/5
f 9842/11/5 9732/11/5 9841/11/5
f 9843/11/5 9732/11/5 9842/11/5
f 9844/3/5 9843/3/5 9842/3/5
f 9844/11/5 9732/11/5 9843/11/5
f 9845/11/5 9732/11/5 9844/11/5
f 9846/3/5 9845/3/5 9844/3/5
f 9846/11/5 9732/11/5 9845/11/5
f 9847/11/5 9732/11/5 9846/11/5
f 9848/3/5 9847/3/5 9846/3/5
f 9848/11/5 9732/11/5 9847/11/5
f 9849/11/5 9732/11/5 9848/11/5
f 9850/3/5 9849/3/5 9848/3/5
f 9850/11/5 9732/11/5 9849/11/5
f 9851/11/5 9732/11/5 9850/11/5
f 9852/3/5 9851/3/5 9850/3/5
f 9852/11/5 9732/11/5 9851/11/5
f 9853/11/5 9732/11/5 9852/11/5
f 9854/3/5 9853/3/5 9852/3/5
f 9854/11/5 9732/11/5 9853/11/5
f 9855/11/5 9732/11/5 9854/11/5
f 9856/3/5 9855/3/5 9854/3/5
f 9856/11/5 9732/11/5 9855/11/5
f 9857/11/5 9732/11/5 9856/11/5
f 9858/3/5 9857/3/5 9856/3/5
f 9858/11/5 9732/11/5 9857/11/5
f 9859/11/5 9732/11/5 9858/11/5
f 9860/3/5 9859/3/5 9858/3/5
f 9860/11/5 9732/11/5 9859/11/5
f 9861/11/5 9732/11/5 9860/11/5
f 9862/3/5 9861/3/5 9860/3/5
f 9862/11/5 9732/11/5 9861/11/5
f 9863/11/5 9732/11/5 9862/11/5
f 9864/3/5 9863/3/5 9862/3/5
f 9864/11/5 9732/11/5 9863/11/5
f 9865/11/5 9732/11/5 9864/11/5
f 9866/3/5 9865/3/5 9864/3/5
f 9866/11/5 9732/11/5 9865/11/5
f 9867/11/5 9732/11/5 9866/11/5
f 9868/3/5 9867/3/5 9866/3/5
f 9868/11/5 9732/11/5 9867/11/5
f 9869/11/5 9732/11/5 9868/11/5
f 9870/3/5 9869/3/5 9868/3/5
f 9870/11/5 9732/11/5 9869/11/5
f 9871/11/5 9732/11/5 9870/11/5
f 9872/3/5 9871/3/5 9870/3/5
f 9872/11/5 9732/11/5 9871/11/5
f 9873/11/5 9732/11/5 9872/11/5
f 9874/3/5 9873/3/5 9872/3/5
f 9874/11/5 9732/11/5 9873/11/5
f 9875/11/5 9732/11/5 9874/11/5
f 9876/3/5 9875/3/5 9874/3/5
f 9876/11/5 9732/11/5 9875/11/5
f 9877/11/5 9732/11/5 9876/11/5
f 9878/3/5 9877/3/5 9876/3/5
f 9878/11/5 9732/11/5 9877/11/5
f 9879/11/5 9732/11/5 9878/11/5
f 9880/3/5 9879/3/5 9878/3/5
f 9880/11/5 9732/11/5 9879/11/5
f 9881/11/5 9732/11/5 9880/11/5
f 9882/3/5 9881/3/5 9880/3/5
f 9882/11/5 9732/11/5 9881/11/5
f 9883/11/5 9732/11/5 9882/11/5
f 9884/3/5 9883/3/5 9882/3/5
f 9884/11/5 9732/11/5 9883/11/5
f 9885/11/5 9732/11/5 9884/11/5
f 9886/3/5 9885/3/5 9884/3/5
f 9886/11/5 9732/11/5 9885/11/5
f 9887/11/5 9732/11/5 9886/11/5
f 9888/3/5 9887/3/5 9886/3/5
f 9888/11/5 9732/11/5 9887/11/5
f 9889/11/5 9732/11/5 9888/11/5
f 9890/3/5 9889/3/5 9888/3/5
f 9890/11/5 9732/11/5 9889/11/5
f 9891/11/5 9732/11/5 9890/11/5
f 9892/3/5 9891/3/5 9890/3/5
f 9892/11/5 9732/11/5 9891/11/5
f 9893/11/5 9732/11/5 9892/11/5
f 9894/3/5 9893/3/5 9892/3/5
f 9894/11/5 9732/11/5 9893/11/5
f 9895/11/5 9732/11/5 9894/11/5
f 9896/3/5 9895/3/5 9894/3/5
f 9896/11/5 9732/11/5 9895/11/5
f 9897/11/5 9732/11/5 9896/11/5
f 9898/3/5 9897/3/5 9896/3/5
f 9898/11/5 9732/11/5 9897/11/5
f 9899/11/5 9732/11/5 9898/11/5
f 9900/3/5 9899/3/5 9898/3/5
f 9900/11/5 9732/11/5 9899/11/5
f 9901/11/5 9732/11/5 9900/11/5
f 9902/3/5 9901/3/5 9900/3/5
f 9902/11/5 9732/11/5 9901/11/5
f 9903/11/5 9732/11/5 9902/11/5
f 9904/3/5 9903/3/5 9902/3/5
f 9904/11/5 9732/11/5 9903/11/5
f 9905/11/5 9732/11/5 9904/11/5
f 9906/3/5 9905/3/5 9904/3/5
f 9906/11/5 9732/11/5 9905/11/5
f 9907/11/5 9732/11/5 9906/11/5
f 9908/3/5 9907/3/5 9906/3/5
f 9908/11/5 9732/11/5 9907/11/5
f 9909/11/5 9732/11/5 9908/11/5
f 9910/3/5 9909/3/5 9908/3/5
f 9910/11/5 9732/11/5 9909/11/5
f 9911/11/5 9732/11/5 9910/11/5
f 9912/3/5 9911/3/5 9910/3/5
f 9912/11/5 9732/11/5 9911/11/5
f 9913/11/5 9732/11/5 9912/11/5
f 9914/3/5 9913/3/5 9912/3/5
f 9914/11/5 9732/11/5 9913/11/5
f 9915/11/5 9732/11/5 9914/11/5
f 9916/3/5 9915/3/5 9914/3/5
f 9916/11/5 9732/11/5 9915/11/5
f 9917/11/5 9732/11/5 9916/11/5
f 9918/3/5 9917/3/5 9916/3/5
f 9918/11/5 9732/11/5 9917/11/5
f 9919/11/5 9732/11/5 9918/11/5
f 9920/3/5 9919/3/5 9918/3/5
f 9920/11/5 9732/11/5 9919/11/5
f 9921/11/5 9732/11/5 9920/11/5
f 9922/3/5 9921/3/5 9920/3/5
f 9922/11/5 9732/11/5 9921/11/5
f 9923/11/5 9732/11/5 9922/11/5
f 9924/3/5 9923/3/5 9922/3/5
f 9924/11/5 9732/11/5 9923/11/5
f 9925/11/5 9732/11/5 9924/11/5
f 9926/3/5 9925/3/5 9924/3/5
f 9926/11/5 9732/11/5 9925/11/5
f 9927/11/5 9732/11/5 9926/11/5
f 9928/3/5 9927/3/5 9926/3/5
f 9928/11/5 9732/11/5 9927/11/5
f 9929/11/5 9732/11/5 9928/11/5
f 9930/3/5 9737/3/5 9735/3/5
f 9930/3/5 9739/3/5 9737/3/5
f 9930/3/5 9929/3/5 9928/3/5
f 9930/3/5 9928/3/5 9926/3/5
f 9930/3/5 9926/3/5 9924/3/5
f 9930/3/5 9924/3/5 9922/3/5
f 9930/3/5 9922/3/5 9920/3/5
f 9930/3/5 9920/3/5 9918/3/5
f 9930/3/5 9918/3/5 9916/3/5
f 9930/3/5 9916/3/5 9914/3/5
f 9930/3/5 9914/3/5 9912/3/5
f 9930/3/5 9912/3/5 9910/3/5
f 9930/3/5 9910/3/5 9908/3/5
f 9930/3/5 9908/3/5 9906/3/5
f 9930/3/5 9906/3/5 9904/3/5
f 9930/3/5 9904/3/5 9902/3/5
f 9930/3/5 9902/3/5 9900/3/5
f 9930/3/5 9900/3/5 9898/3/5
f 9930/3/5 9898/3/5 9896/3/5
f 9930/3/5 9896/3/5 9894/3/5
f 9930/3/5 9894/3/5 9892/3/5
f 9930/3/5 9892/3/5 9890/3/5
f 9930/3/5 9890/3/5 9888/3/5
f 9930/3/5 9888/3/5 9886/3/5
f 9930/3/5 9886/3/5 9884/3/5
f 9930/3/5 9884/3/5 9882/3/5
f 9930/3/5 9882/3/5 9880/3/5
f 9930/3/5 9880/3/5 9878/3/5
f 9930/3/5 9878/3/5 9876/3/5
f 9930/3/5 9876/3/5 9874/3/5
f 9930/3/5 9874/3/5 9872/3/5
f 9930/3/5 9872/3/5 9870/3/5
f 9930/3/5 9870/3/5 9868/3/5
f 9930/3/5 9868/3/5 9866/3/5
f 9930/3/5 9866/3/5 9864/3/5
f 9930/3/5 9864/3/5 9862/3/5
f 9930/3/5 9862/3/5 9860/3/5
f 9930/3/5 9860/3/5 9858/3/5
f 9930/3/5 9858/3/5 9856/3/5
f 9930/3/5 9856/3/5 9854/3/5
f 9930/3/5 9854/3/5 9852/3/5
f 9930/3/5 9852/3/5 9850/3/5
f 9930/3/5 9850/3/5 9848/3/5
f 9930/3/5 9848/3/5 9846/3/5
f 9930/3/5 9846/3/5 9844/3/5
f 9930/3/5 9844/3/5 9842/3/5
f 9930/3/5 9842/3/5 9840/3/5
f 9930/3/5 9840/3/5 9838/3/5
f 9930/3/5 9838/3/5 9836/3/5
f 9930/3/5 9836/3/5 9834/3/5
f 9930/3/5 9834/3/5 9832/3/5
f 9930/3/5 9832/3/5 9830/3/5
f 9930/3/5 9830/3/5 9828/3/5
f 9930/3/5 9828/3/5 9826/3/5
f 9930/3/5 9826/3/5 9824/3/5
f 9930/3/5 9824/3/5 9822/3/5
f 9930/3/5 9822/3/5 9820/3/5
f 9930/3/5 9820/3/5 9818/3/5
f 9930/3/5 9818/3/5 9816/3/5
f 9930/3/5 9816/3/5 9814/3/5
f 9930/3/5 9814/3/5 9812/3/5
f 9930/3/5 9812/3/5 9810/3/5
f 9930/3/5 9810/3/5 9808/3/5
f 9930/3/5 9808/3/5 9806/3/5
f 9930/3/5 9806/3/5 9804/3/5
f 9930/3/5 9804/3/5 9802/3/5
f 9930/3/5 9802/3/5 9800/3/5
f 9930/3/5 9800/3/5 9798/3/5
f 9930/3/5 9795/3/5 9791/3/5
f 9930/3/5 9798/3/5 9795/3/5
f 9930/3/5 9791/3/5 9789/3/5
f 9930/3/5 9789/3/5 9787/3/5
f 9930/3/5 9787/3/5 9785/3/5
f 9930/3/5 9785/3/5 9783/3/5
f 9930/3/5 9783/3/5 9781/3/5
f 9930/3/5 9781/3/5 9779/3/5
f 9930/3/5 9779/3/5 9777/3/5
f 9930/3/5 9777/3/5 9775/3/5
f 9930/3/5 9775/3/5 9773/3/5
f 9930/3/5 9773/3/5 9771/3/5
f 9930/3/5 9771/3/5 9769/3/5
f 9930/3/5 9769/3/5 9767/3/5
f 9930/3/5 9767/3/5 9765/3/5
f 9930/3/5 9765/3/5 9763/3/5
f 9930/3/5 9763/3/5 9761/3/5
f 9930/3/5 9761/3/5 9759/3/5
f 9930/3/5 9759/3/5 9757/3/5
f 9930/3/5 9757/3/5 9755/3/5
f 9930/3/5 9755/3/5 9753/3/5
f 9930/3/5 9753/3/5 9751/3/5
f 9930/3/5 9751/3/5 9749/3/5
f 9930/3/5 9749/3/5 9747/3/5
f 9930/3/5 9747/3/5 9745/3/5
f 9930/3/5 9745/3/5 9743/3/5
f 9930/3/5 9743/3/5 9741/3/5
f 9930/3/5 9741/3/5 9739/3/5
f 9931/3/5 9929/3/5 9930/3/5
f 9932/3/5 9929/3/5 9931/3/5
f 9933/3/5 9929/3/5 9932/3/5
f 9934/3/5 9930/3/5 9735/3/5
f 9934/2/5 9931/2/5 9930/2/5
f 9935/3/5 9932/3/5 9931/3/5
f 9935/2/5 9931/2/5 9934/2/5
f 9936/1/5 9933/1/5 9932/1/5
f 9936/3/5 9932/3/5 9935/3/5
f 9937/3/5 9929/3/5 9933/3/5
f 9937/1/5 9933/1/5 9936/1/5
f 9938/3/5 9936/3/5 9935/3/5
f 9938/3/5 9935/3/5 9934/3/5
f 9938/3/5 9937/3/5 9936/3/5
f 9939/3/5 9937/3/5 9938/3/5
f 9940/3/5 9938/3/5 9934/3/5
f 9940/2/5 9939/2/5 9938/2/5
f 9941/3/5 9937/3/5 9939/3/5
f 9941/2/5 9939/2/5 9940/2/5
f 9942/3/5 9941/3/5 9940/3/5
f 9942/3/5 9937/3/5 9941/3/5
f 9943/3/5 9937/3/5 9942/3/5
f 9944/3/5 9942/3/5 9940/3/5
f 9944/2/5 9943/2/5 9942/2/5
f 9945/3/5 9937/3/5 9943/3/5
f 9945/2/5 9943/2/5 9944/2/5
f 9946/3/5 9940/3/5 9934/3/5
f 9946/3/5 9944/3/5 9940/3/5
f 9946/3/5 9945/3/5 9944/3/5
f 9947/3/5 9945/3/5 9946/3/5
f 9948/3/5 9945/3/5 9947/3/5
f 9949/3/5 9945/3/5 9948/3/5
f 9950/3/5 9946/3/5 9934/3/5
f 9950/4/5 9947/4/5 9946/4/5
f 9951/3/5 9948/3/5 9947/3/5
f 9951/4/5 9947/4/5 9950/4/5
f 9952/2/5 9949/2/5 9948/2/5
f 9952/3/5 9948/3/5 9951/3/5
f 9953/3/5 9945/3/5 9949/3/5
f 9953/2/5 9949/2/5 9952/2/5
f 9954/3/5 9929/3/5 9937/3/5
f 9954/3/5 9945/3/5 9953/3/5
f 9954/3/5 9953/3/5 9952/3/5
f 9954/3/5 9937/3/5 9945/3/5
f 9954/3/5 9951/3/5 9950/3/5
f 9954/3/5 9952/3/5 9951/3/5
f 9955/3/5 9929/3/5 9954/3/5
f 9956/3/5 9954/3/5 9950/3/5
f 9956/4/5 9955/4/5 9954/4/5
f 9957/3/5 9929/3/5 9955/3/5
f 9957/4/5 9955/4/5 9956/4/5
f 9958/3/5 9735/3/5 9733/3/5
f 9958/3/5 9950/3/5 9934/3/5
f 9958/3/5 9957/3/5 9956/3/5
f 9958/3/5 9956/3/5 9950/3/5
f 9958/3/5 9934/3/5 9735/3/5
f 9959/3/5 9929/3/5 9957/3/5
f 9959/3/5 9957/3/5 9958/3/5
f 9960/3/6 9961/3/6 9962/3/6
f 9962/3/6 9963/3/6 9964/3/6
f 9964/3/6 9965/3/6 9966/3/6
f 9966/3/6 9967/3/6 9968/3/6
f 9968/3/6 9969/3/6 9970/3/6
f 9970/3/6 9971/3/6 9972/3/6
f 9964/3/6 9966/3/6 9976/3/6
f 9966/3/6 9968/3/6 9976/3/6
f 9972/3/6 9973/3/6 9976/3/6
f 9970/3/6 9972/3/6 9976/3/6
f 9968/3/6 9970/3/6 9976/3/6
f 9976/3/6 9973/3/6 9977/3/6
f 9977/3/6 9973/3/6 9978/3/6
f 9974/3/6 9975/3/6 9979/3/6
f 9979/3/6 9975/3/6 9980/3/6
f 9964/3/6 9976/3/6 9983/3/6
f 9976/2/6 9977/2/6 9983/2/6
f 9977/3/6 9978/3/6 9984/3/6
f 9983/2/6 9977/2/6 9984/2/6
f 9980/3/6 9981/3/6 9984/3/6
f 9979/3/6 9980/3/6 9984/3/6
f 9978/3/6 9979/3/6 9984/3/6
f 9981/1/6 9982/1/6 9985/1/6
f 9984/3/6 9981/3/6 9985/3/6
f 9985/1/6 9982/1/6 9986/1/6
f 9983/3/6 9984/3/6 9988/3/6
f 9986/3/6 9987/3/6 9988/3/6
f 9985/3/6 9986/3/6 9988/3/6
f 9984/3/6 9985/3/6 9988/3/6
f 9988/3/6 9989/3/6 9990/3/6
f 9990/3/6 9991/3/6 9992/3/6
f 9983/3/6 9988/3/6 9994/3/6
f 9992/3/6 9993/3/6 9994/3/6
f 9990/3/6 9992/3/6 9994/3/6
f 9988/3/6 9990/3/6 9994/3/6
f 9994/3/6 9993/3/6 9995/3/6
f 9995/3/6 9993/3/6 9996/3/6
f 9983/3/6 9994/3/6 9998/3/6
f 9994/2/6 9995/2/6 9998/2/6
f 9996/3/6 9997/3/6 9999/3/6
f 9998/2/6 9995/2/6 9999/2/6
f 9995/3/6 9996/3/6 9999/3/6
f 9999/3/6 9997/3/6 10000/3/6
f 9998/3/6 9999/3/6 10002/3/6
f 10000/3/6 10001/3/6 10002/3/6
f 9999/3/6 10000/3/6 10002/3/6
f 10002/3/6 10001/3/6 10003/3/6
f 10003/3/6 10001/3/6 10004/3/6
f 9998/3/6 10002/3/6 10006/3/6
f 10002/2/6 10003/2/6 10006/2/6
f 10004/3/6 10005/3/6 10007/3/6
f 10006/2/6 10003/2/6 10007/2/6
f 10003/3/6 10004/3/6 10007/3/6
f 10006/3/6 10007/3/6 10008/3/6
f 10007/3/6 10005/3/6 10008/3/6
f 10008/3/6 10009/3/6 10010/3/6
f 9983/3/6 9998/3/6 10012/3/6
f 10010/3/6 10011/3/6 10012/3/6
f 10008/3/6 10010/3/6 10012/3/6
f 10006/3/6 10008/3/6 10012/3/6
f 9998/3/6 10006/3/6 10012/3/6
f 10012/3/6 10011/3/6 10013/3/6
f 10013/3/6 10011/3/6 10014/3/6
f 10014/3/6 10011/3/6 10015/3/6
f 10015/3/6 10011/3/6 10016/3/6
f 9983/3/6 10012/3/6 10018/3/6
f 10012/4/6 10013/4/6 10018/4/6
f 10013/3/6 10014/3/6 10019/3/6
f 10018/4/6 10013/4/6 10019/4/6
f 10014/2/6 10015/2/6 10020/2/6
f 10019/3/6 10014/3/6 10020/3/6
f 10016/3/6 10017/3/6 10021/3/6
f 10020/2/6 10015/2/6 10021/2/6
f 10015/3/6 10016/3/6 10021/3/6
f 10021/3/6 10017/3/6 10022/3/6
f 10019/3/6 10020/3/6 10024/3/6
f 10022/3/6 10023/3/6 10024/3/6
f 10021/3/6 10022/3/6 10024/3/6
f 10020/3/6 10021/3/6 10024/3/6
f 10018/3/6 10019/3/6 10024/3/6
f 10018/3/6 10024/3/6 10026/3/6
f 10024/3/6 10025/3/6 10026/3/6
f 10026/3/6 10025/3/6 10027/3/6
f 10027/3/6 10025/3/6 10028/3/6
f 10018/3/6 10026/3/6 10032/3/6
f 10026/4/6 10027/4/6 10032/4/6
f 10028/3/6 10029/3/6 10033/3/6
f 10032/4/6 10027/4/6 10033/4/6
f 10027/3/6 10028/3/6 10033/3/6
f 10033/3/6 10029/3/6 10034/3/6
f 10030/3/6 10031/3/6 10035/3/6
f 10035/3/6 10031/3/6 10036/3/6
f 10033/3/6 10034/3/6 10038/3/6
f 10036/3/6 10037/3/6 10038/3/6
f 10035/3/6 10036/3/6 10038/3/6
f 10034/3/6 10035/3/6 10038/3/6
f 10032/3/6 10033/3/6 10038/3/6
f 9960/3/6 9962/3/6 10040/3/6
f 10038/3/6 10039/3/6 10040/3/6
f 10032/3/6 10038/3/6 10040/3/6
f 10018/3/6 10032/3/6 10040/3/6
f 9962/3/6 9964/3/6 10040/3/6
f 9983/3/6 10018/3/6 10040/3/6
f 9964/3/6 9983/3/6 10040/3/6
f 10040/3/6 10039/3/6 10041/3/6
f 10042/3/6 10043/3/6 10044/3/6
f 10044/3/6 10045/3/6 10046/3/6
f 10046/3/6 10047/3/6 10049/3/6
f 10047/3/6 10048/3/6 10049/3/6
f 10049/3/6 10050/3/6 10051/3/6
f 10051/3/6 10052/3/6 10053/3/6
f 10053/3/6 10054/3/6 10055/3/6
f 10055/3/6 10056/3/6 10057/3/6
f 10057/3/6 10058/3/6 10059/3/6
f 10055/3/6 10057/3/6 10061/3/6
f 10059/3/6 10060/3/6 10061/3/6
f 10057/3/6 10059/3/6 10061/3/6
f 10061/3/6 10060/3/6 10062/3/6
f 10062/3/6 10060/3/6 10063/3/6
f 10055/3/6 10061/3/6 10065/3/6
f 10061/4/6 10062/4/6 10065/4/6
f 10063/3/6 10064/3/6 10066/3/6
f 10065/4/6 10062/4/6 10066/4/6
f 10062/3/6 10063/3/6 10066/3/6
f 10066/3/6 10064/3/6 10067/3/6
f 10065/3/6 10066/3/6 10069/3/6
f 10067/3/6 10068/3/6 10069/3/6
f 10066/3/6 10067/3/6 10069/3/6
f 10069/3/6 10070/3/6 10071/3/6
f 10071/3/6 10072/3/6 10073/3/6
f 10073/3/6 10074/3/6 10075/3/6
f 10075/3/6 10076/3/6 10077/3/6
f 10077/3/6 10078/3/6 10079/3/6
f 10079/3/6 10080/3/6 10081/3/6
f 10081/3/6 10082/3/6 10083/3/6
f 10083/3/6 10084/3/6 10085/3/6
f 10085/3/6 10086/3/6 10087/3/6
f 10087/3/6 10088/3/6 10089/3/6
f 10089/3/6 10090/3/6 10091/3/6
f 10069/3/6 10071/3/6 10093/3/6
f 10091/3/6 10092/3/6 10093/3/6
f 10089/3/6 10091/3/6 10093/3/6
f 10087/3/6 10089/3/6 10093/3/6
f 10085/3/6 10087/3/6 10093/3/6
f 10083/3/6 10085/3/6 10093/3/6
f 10081/3/6 10083/3/6 10093/3/6
f 10079/3/6 10081/3/6 10093/3/6
f 10077/3/6 10079/3/6 10093/3/6
f 10075/3/6 10077/3/6 10093/3/6
f 10073/3/6 10075/3/6 10093/3/6
f 10071/3/6 10073/3/6 10093/3/6
f 10093/3/6 10092/3/6 10094/3/6
f 10094/3/6 10092/3/6 10095/3/6
f 10069/3/6 10093/3/6 10097/3/6
f 10093/4/6 10094/4/6 10097/4/6
f 10095/3/6 10096/3/6 10098/3/6
f 10097/4/6 10094/4/6 10098/4/6
f 10094/3/6 10095/3/6 10098/3/6
f 10098/3/6 10096/3/6 10099/3/6
f 10097/3/6 10098/3/6 10101/3/6
f 10099/3/6 10100/3/6 10101/3/6
f 10098/3/6 10099/3/6 10101/3/6
f 10097/3/6 10101/3/6 10103/3/6
f 10101/3/6 10102/3/6 10103/3/6
f 10103/3/6 10102/3/6 10104/3/6
f 10104/3/6 10102/3/6 10105/3/6
f 10097/3/6 10103/3/6 10107/3/6
f 10103/1/6 10104/1/6 10107/1/6
f 10105/3/6 10106/3/6 10108/3/6
f 10107/1/6 10104/1/6 10108/1/6
f 10104/3/6 10105/3/6 10108/3/6
f 10108/3/6 10106/3/6 10109/3/6
f 10055/3/6 10065/3/6 10111/3/6
f 10109/3/6 10110/3/6 10111/3/6
f 10108/3/6 10109/3/6 10111/3/6
f 10107/3/6 10108/3/6 10111/3/6
f 10097/3/6 10107/3/6 10111/3/6
f 10069/3/6 10097/3/6 10111/3/6
f 10065/3/6 10069/3/6 10111/3/6
f 10111/3/6 10110/3/6 10112/3/6
f 10112/3/6 10110/3/6 10113/3/6
f 10053/3/6 10055/3/6 10115/3/6
f 10055/3/6 10111/3/6 10115/3/6
f 10111/1/6 10112/1/6 10116/1/6
f 10115/3/6 10111/3/6 10116/3/6
f 10113/3/6 10114/3/6 10117/3/6
f 10116/1/6 10112/1/6 10117/1/6
f 10112/3/6 10113/3/6 10117/3/6
f 10117/3/6 10114/3/6 10118/3/6
f 10118/3/6 10114/3/6 10119/3/6
f 10119/3/6 10114/3/6 10120/3/6
f 10042/3/6 10044/3/6 10122/3/6
f 10044/3/6 10046/3/6 10122/3/6
f 10046/3/6 10049/3/6 10122/3/6
f 10049/3/6 10051/3/6 10122/3/6
f 10051/3/6 10053/3/6 10122/3/6
f 10053/3/6 10115/3/6 10122/3/6
f 10122/3/6 10115/3/6 10123/3/6
f 10115/4/6 10116/4/6 10124/4/6
f 10123/3/6 10115/3/6 10124/3/6
f 10117/3/6 10118/3/6 10125/3/6
f 10124/4/6 10116/4/6 10125/4/6
f 10116/3/6 10117/3/6 10125/3/6
f 10118/4/6 10119/4/6 10126/4/6
f 10125/3/6 10118/3/6 10126/3/6
f 10120/3/6 10121/3/6 10127/3/6
f 10126/4/6 10119/4/6 10127/4/6
f 10119/3/6 10120/3/6 10127/3/6
f 10127/3/6 10121/3/6 10128/3/6
f 10125/3/6 10126/3/6 10130/3/6
f 10128/3/6 10129/3/6 10130/3/6
f 10127/3/6 10128/3/6 10130/3/6
f 10126/3/6 10127/3/6 10130/3/6
f 10123/3/6 10124/3/6 10130/3/6
f 10124/3/6 10125/3/6 10130/3/6
f 10130/3/6 10129/3/6 10131/3/6
f 10131/3/6 10129/3/6 10132/3/6
f 10132/3/6 10133/3/6 10134/3/6
f 10131/3/6 10132/3/6 10134/3/6
f 10134/3/6 10133/3/6 10135/3/6
f 10135/3/6 10133/3/6 10136/3/6
f 10136/3/6 10133/3/6 10137/3/6
f 10135/3/6 10136/3/6 10138/3/6
f 10138/3/6 10136/3/6 10139/3/6
f 10136/4/6 10137/4/6 10140/4/6
f 10139/3/6 10136/3/6 10140/3/6
f 10137/3/6 10133/3/6 10141/3/6
f 10140/4/6 10137/4/6 10141/4/6
f 10141/3/6 10133/3/6 10142/3/6
f 10139/3/6 10140/3/6 10144/3/6
f 10142/3/6 10143/3/6 10144/3/6
f 10141/3/6 10142/3/6 10144/3/6
f 10140/3/6 10141/3/6 10144/3/6
f 10144/3/6 10143/3/6 10145/3/6
f 10145/3/6 10143/3/6 10146/3/6
f 10146/3/6 10147/3/6 10148/3/6
f 10145/3/6 10146/3/6 10148/3/6
f 10148/3/6 10147/3/6 10149/3/6
f 10149/3/6 10147/3/6 10150/3/6
f 10150/3/6 10151/3/6 10152/3/6
f 10149/3/6 10150/3/6 10152/3/6
f 10152/3/6 10151/3/6 10153/3/6
f 10153/3/6 10151/3/6 10154/3/6
f 10154/3/6 10151/3/6 10155/3/6
f 10155/3/6 10151/3/6 10156/3/6
f 10153/3/6 10154/3/6 10158/3/6
f 10158/3/6 10154/3/6 10159/3/6
f 10156/3/6 10157/3/6 10160/3/6
f 10155/3/6 10156/3/6 10160/3/6
f 10160/3/6 10157/3/6 10161/3/6
f 10161/3/6 10157/3/6 10162/3/6
f 10162/3/6 10163/3/6 10164/3/6
f 10161/3/6 10162/3/6 10164/3/6
f 10164/3/6 10163/3/6 10165/3/6
f 10165/3/6 10163/3/6 10166/3/6
f 10166/3/6 10167/3/6 10168/3/6
f 10165/3/6 10166/3/6 10168/3/6
f 10168/3/6 10167/3/6 10169/3/6
f 10169/3/6 10167/3/6 10170/3/6
f 10170/3/6 10171/3/6 10172/3/6
f 10169/3/6 10170/3/6 10172/3/6
f 10172/3/6 10171/3/6 10173/3/6
f 10173/3/6 10171/3/6 10174/3/6
f 10174/3/6 10171/3/6 10175/3/6
f 10173/2/6 10174/2/6 10177/2/6
f 10175/3/6 10176/3/6 10178/3/6
f 10177/2/6 10174/2/6 10178/2/6
f 10174/3/6 10175/3/6 10178/3/6
f 10178/3/6 10176/3/6 10179/3/6
f 10179/3/6 10180/3/6 10181/3/6
f 10178/3/6 10179/3/6 10181/3/6
f 10181/3/6 10180/3/6 10182/3/6
f 10182/3/6 10180/3/6 10183/3/6
f 10183/3/6 10184/3/6 10185/3/6
f 10182/3/6 10183/3/6 10185/3/6
f 10185/3/6 10184/3/6 10186/3/6
f 10186/3/6 10184/3/6 10187/3/6
f 10187/3/6 10188/3/6 10189/3/6
f 10186/3/6 10187/3/6 10189/3/6
f 10189/3/6 10188/3/6 10190/3/6
f 10190/3/6 10188/3/6 10191/3/6
f 10191/3/6 10192/3/6 10193/3/6
f 10190/3/6 10191/3/6 10193/3/6
f 10190/3/6 10193/3/6 10195/3/6
f 10193/3/6 10194/3/6 10195/3/6
f 10195/3/6 10194/3/6 10196/3/6
f 10196/3/6 10194/3/6 10197/3/6
f 10197/3/6 10194/3/6 10198/3/6
f 10198/3/6 10194/3/6 10199/3/6
f 10196/3/6 10197/3/6 10201/3/6
f 10201/3/6 10197/3/6 10202/3/6
f 10197/2/6 10198/2/6 10203/2/6
f 10202/3/6 10197/3/6 10203/3/6
f 10199/3/6 10200/3/6 10204/3/6
f 10203/2/6 10198/2/6 10204/2/6
f 10198/3/6 10199/3/6 10204/3/6
f 10204/3/6 10200/3/6 10205/3/6
f 10202/3/6 10203/3/6 10207/3/6
f 10205/3/6 10206/3/6 10207/3/6
f 10204/3/6 10205/3/6 10207/3/6
f 10203/3/6 10204/3/6 10207/3/6
f 10207/3/6 10206/3/6 10208/3/6
f 10208/3/6 10206/3/6 10209/3/6
f 10209/3/6 10206/3/6 10210/3/6
f 10210/3/6 10206/3/6 10211/3/6
f 10208/3/6 10209/3/6 10213/3/6
f 10213/3/6 10209/3/6 10214/3/6
f 10209/1/6 10210/1/6 10215/1/6
f 10214/3/6 10209/3/6 10215/3/6
f 10211/3/6 10212/3/6 10216/3/6
f 10215/1/6 10210/1/6 10216/1/6
f 10210/3/6 10211/3/6 10216/3/6
f 10216/3/6 10212/3/6 10217/3/6
f 10214/3/6 10215/3/6 10219/3/6
f 10217/3/6 10218/3/6 10219/3/6
f 10216/3/6 10217/3/6 10219/3/6
f 10215/3/6 10216/3/6 10219/3/6
f 10219/3/6 10218/3/6 10220/3/6
f 10220/3/6 10218/3/6 10221/3/6
f 10221/3/6 10222/3/6 10223/3/6
f 10220/3/6 10221/3/6 10223/3/6
f 10223/3/6 10222/3/6 10224/3/6
f 10224/3/6 10222/3/6 10225/3/6
f 10225/3/6 10222/3/6 10226/3/6
f 10226/3/6 10222/3/6 10227/3/6
f 10224/3/6 10225/3/6 10229/3/6
f 10229/3/6 10225/3/6 10230/3/6
f 10227/3/6 10228/3/6 10231/3/6
f 10226/3/6 10227/3/6 10231/3/6
f 10231/3/6 10228/3/6 10232/3/6
f 10232/3/6 10228/3/6 10233/3/6
f 10233/3/6 10234/3/6 10235/3/6
f 10232/3/6 10233/3/6 10235/3/6
f 10235/3/6 10234/3/6 10236/3/6
f 10236/3/6 10234/3/6 10237/3/6
f 10237/3/6 10234/3/6 10238/3/6
f 10239/3/6 10240/3/6 10241/3/6
f 10241/3/6 10242/3/6 10243/3/6
f 10243/3/6 10244/3/6 10245/3/6
f 10245/3/6 10246/3/6 10247/3/6
f 10247/3/6 10248/3/6 10249/3/6
f 10239/3/6 10241/3/6 10251/3/6
f 10249/3/6 10250/3/6 10251/3/6
f 10247/3/6 10249/3/6 10251/3/6
f 10245/3/6 10247/3/6 10251/3/6
f 10243/3/6 10245/3/6 10251/3/6
f 10241/3/6 10243/3/6 10251/3/6
f 10251/3/6 10250/3/6 10252/3/6
f 10252/3/6 10250/3/6 10253/3/6
f 10252/3/6 10253/3/6 10256/3/6
f 10253/3/6 10254/3/6 10256/3/6
f 10256/3/6 10254/3/6 10257/3/6
f 10257/3/6 10254/3/6 10258/3/6
f 10254/4/6 10255/4/6 10259/4/6
f 10258/3/6 10254/3/6 10259/3/6
f 10259/4/6 10255/4/6 10260/4/6
f 10257/1/6 10258/1/6 10262/1/6
f 10260/3/6 10261/3/6 10263/3/6
f 10262/1/6 10258/1/6 10263/1/6
f 10259/3/6 10260/3/6 10263/3/6
f 10258/3/6 10259/3/6 10263/3/6
f 10263/3/6 10261/3/6 10264/3/6
f 10264/3/6 10261/3/6 10265/3/6
f 10265/3/6 10266/3/6 10267/3/6
f 10264/3/6 10265/3/6 10267/3/6
f 10267/3/6 10266/3/6 10268/3/6
f 10268/3/6 10266/3/6 10269/3/6
f 10269/3/6 10270/3/6 10271/3/6
f 10268/3/6 10269/3/6 10271/3/6
f 10271/3/6 10270/3/6 10272/3/6
f 10272/3/6 10270/3/6 10273/3/6
f 10273/3/6 10274/3/6 10275/3/6
f 10272/3/6 10273/3/6 10275/3/6
f 10275/3/6 10274/3/6 10276/3/6
f 10276/3/6 10274/3/6 10277/3/6
f 10277/3/6 10278/3/6 10279/3/6
f 10276/3/6 10277/3/6 10279/3/6
f 10279/3/6 10278/3/6 10280/3/6
f 10280/3/6 10278/3/6 10281/3/6
f 10281/3/6 10282/3/6 10283/3/6
f 10280/3/6 10281/3/6 10283/3/6
f 10283/3/6 10282/3/6 10284/3/6
f 10284/3/6 10282/3/6 10285/3/6
f 10285/3/6 10286/3/6 10287/3/6
f 10284/3/6 10285/3/6 10287/3/6
f 10287/3/6 10286/3/6 10288/3/6
f 10288/3/6 10286/3/6 10289/3/6
f 10289/3/6 10290/3/6 10291/3/6
f 10288/3/6 10289/3/6 10291/3/6
f 10291/3/6 10290/3/6 10292/3/6
f 10292/3/6 10290/3/6 10293/3/6
f 10293/3/6 10294/3/6 10295/3/6
f 10292/3/6 10293/3/6 10295/3/6
f 10295/3/6 10294/3/6 10296/3/6
f 10296/3/6 10294/3/6 10297/3/6
f 10297/3/6 10298/3/6 10299/3/6
f 10296/3/6 10297/3/6 10299/3/6
f 10299/3/6 10298/3/6 10300/3/6
f 10300/3/6 10298/3/6 10301/3/6
f 10301/3/6 10302/3/6 10303/3/6
f 10300/3/6 10301/3/6 10303/3/6
f 10303/3/6 10302/3/6 10304/3/6
f 10304/3/6 10302/3/6 10305/3/6
f 10305/3/6 10306/3/6 10307/3/6
f 10304/3/6 10305/3/6 10307/3/6
f 10307/3/6 10306/3/6 10308/3/6
f 10308/3/6 10306/3/6 10309/3/6
f 10309/3/6 10310/3/6 10311/3/6
f 10308/3/6 10309/3/6 10311/3/6
f 10311/3/6 10310/3/6 10312/3/6
f 10312/3/6 10310/3/6 10313/3/6
f 10313/3/6 10314/3/6 10315/3/6
f 10312/3/6 10313/3/6 10315/3/6
f 10315/3/6 10314/3/6 10316/3/6
f 10316/3/6 10314/3/6 10317/3/6
f 10317/3/6 10318/3/6 10319/3/6
f 10316/3/6 10317/3/6 10319/3/6
f 10319/3/6 10318/3/6 10320/3/6
f 10320/3/6 10318/3/6 10321/3/6
f 10321/3/6 10322/3/6 10323/3/6
f 10320/3/6 10321/3/6 10323/3/6
f 10323/3/6 10322/3/6 10324/3/6
f 10324/3/6 10322/3/6 10325/3/6
f 10325/3/6 10322/3/6 10326/3/6
f 10326/3/6 10322/3/6 10327/3/6
f 10324/3/6 10325/3/6 10329/3/6
f 10329/3/6 10325/3/6 10330/3/6
f 10325/4/6 10326/4/6 10331/4/6
f 10330/3/6 10325/3/6 10331/3/6
f 10327/3/6 10328/3/6 10332/3/6
f 10331/4/6 10326/4/6 10332/4/6
f 10326/3/6 10327/3/6 10332/3/6
f 10332/3/6 10328/3/6 10333/3/6
f 10330/3/6 10331/3/6 10335/3/6
f 10333/3/6 10334/3/6 10335/3/6
f 10332/3/6 10333/3/6 10335/3/6
f 10331/3/6 10332/3/6 10335/3/6
f 10335/3/6 10334/3/6 10336/3/6
f 10336/3/6 10334/3/6 10337/3/6
f 10337/3/6 10338/3/6 10339/3/6
f 10336/3/6 10337/3/6 10339/3/6
f 10339/3/6 10338/3/6 10340/3/6
f 10340/3/6 10338/3/6 10341/3/6
f 10341/3/6 10342/3/6 10343/3/6
f 10340/3/6 10341/3/6 10343/3/6
f 10343/3/6 10342/3/6 10344/3/6
f 10344/3/6 10342/3/6 10345/3/6
f 10345/3/6 10346/3/6 10347/3/6
f 10344/3/6 10345/3/6 10347/3/6
f 10347/3/6 10346/3/6 10348/3/6
f 10348/3/6 10346/3/6 10349/3/6
f 10349/3/6 10350/3/6 10351/3/6
f 10348/3/6 10349/3/6 10351/3/6
f 10351/3/6 10350/3/6 10352/3/6
f 10352/3/6 10350/3/6 10353/3/6
f 10353/3/6 10350/3/6 10354/3/6
f 10352/3/6 10353/3/6 10356/3/6
f 10356/3/6 10353/3/6 10357/3/6
f 10353/1/6 10354/1/6 10358/1/6
f 10357/3/6 10353/3/6 10358/3/6
f 10354/3/6 10355/3/6 10359/3/6
f 10358/1/6 10354/1/6 10359/1/6
f 10359/3/6 10355/3/6 10360/3/6
f 10357/3/6 10358/3/6 10362/3/6
f 10360/3/6 10361/3/6 10362/3/6
f 10359/3/6 10360/3/6 10362/3/6
f 10358/3/6 10359/3/6 10362/3/6
f 10362/3/6 10361/3/6 10363/3/6
f 10363/3/6 10361/3/6 10364/3/6
f 10364/3/6 10365/3/6 10366/3/6
f 10363/3/6 10364/3/6 10366/3/6
f 10366/3/6 10365/3/6 10367/3/6
f 10367/3/6 10365/3/6 10368/3/6
f 10368/3/6 10369/3/6 10370/3/6
f 10367/3/6 10368/3/6 10370/3/6
f 10370/3/6 10369/3/6 10371/3/6
f 10371/3/6 10369/3/6 10372/3/6
f 10372/3/6 10373/3/6 10374/3/6
f 10371/3/6 10372/3/6 10374/3/6
f 10374/3/6 10373/3/6 10375/3/6
f 10375/3/6 10373/3/6 10376/3/6
f 10376/3/6 10377/3/6 10378/3/6
f 10375/3/6 10376/3/6 10378/3/6
f 10378/3/6 10377/3/6 10379/3/6
f 10379/3/6 10377/3/6 10380/3/6
f 10380/3/6 10381/3/6 10382/3/6
f 10379/3/6 10380/3/6 10382/3/6
f 10382/3/6 10381/3/6 10383/3/6
f 10383/3/6 10381/3/6 10384/3/6
f 10384/3/6 10381/3/6 10385/3/6
f 10385/3/6 10381/3/6 10386/3/6
f 10386/3/6 10387/3/6 10388/3/6
f 10385/3/6 10386/3/6 10388/3/6
f 10385/3/6 10388/3/6 10390/3/6
f 10388/3/6 10389/3/6 10390/3/6
f 10390/3/6 10389/3/6 10391/3/6
f 10391/3/6 10389/3/6 10392/3/6
f 10392/3/6 10389/3/6 10393/3/6
f 10393/3/6 10389/3/6 10394/3/6
f 10391/3/6 10392/3/6 10396/3/6
f 10396/3/6 10392/3/6 10397/3/6
f 10392/1/6 10393/1/6 10398/1/6
f 10397/3/6 10392/3/6 10398/3/6
f 10394/3/6 10395/3/6 10399/3/6
f 10398/1/6 10393/1/6 10399/1/6
f 10393/3/6 10394/3/6 10399/3/6
f 10399/3/6 10395/3/6 10400/3/6
f 10397/3/6 10398/3/6 10402/3/6
f 10400/3/6 10401/3/6 10402/3/6
f 10399/3/6 10400/3/6 10402/3/6
f 10398/3/6 10399/3/6 10402/3/6
f 10402/3/6 10401/3/6 10403/3/6
f 10403/3/6 10401/3/6 10404/3/6
f 10404/3/6 10405/3/6 10406/3/6
f 10403/3/6 10404/3/6 10406/3/6
f 10406/3/6 10405/3/6 10407/3/6
f 10407/3/6 10405/3/6 10408/3/6
f 10408/3/6 10409/3/6 10410/3/6
f 10407/3/6 10408/3/6 10410/3/6
f 10410/3/6 10409/3/6 10411/3/6
f 10411/3/6 10409/3/6 10412/3/6
f 10412/3/6 10413/3/6 10414/3/6
f 10411/3/6 10412/3/6 10414/3/6
f 10414/3/6 10413/3/6 10415/3/6
f 10415/3/6 10413/3/6 10416/3/6
f 10416/3/6 10417/3/6 10418/3/6
f 10415/3/6 10416/3/6 10418/3/6
f 10418/3/6 10417/3/6 10419/3/6
f 10419/3/6 10417/3/6 10420/3/6
f 10420/3/6 10421/3/6 10422/3/6
f 10419/3/6 10420/3/6 10422/3/6
f 10422/3/6 10421/3/6 10423/3/6
f 10423/3/6 10421/3/6 10424/3/6
f 10424/3/6 10425/3/6 10426/3/6
f 10423/3/6 10424/3/6 10426/3/6
f 10426/3/6 10425/3/6 10427/3/6
f 10427/3/6 10425/3/6 10428/3/6
f 10428/3/6 10429/3/6 10430/3/6
f 10427/3/6 10428/3/6 10430/3/6
f 10430/3/6 10429/3/6 10431/3/6
f 10431/3/6 10429/3/6 10432/3/6
f 10432/3/6 10433/3/6 10434/3/6
f 10431/3/6 10432/3/6 10434/3/6
f 10434/3/6 10433/3/6 10435/3/6
f 10435/3/6 10433/3/6 10436/3/6
f 10436/3/6 10437/3/6 10438/3/6
f 10435/3/6 10436/3/6 10438/3/6
f 10438/3/6 10437/3/6 10439/3/6
f 10439/3/6 10437/3/6 10440/3/6
f 10440/3/6 10437/3/6 10441/3/6
f 10441/3/6 10437/3/6 10442/3/6
f 10439/3/6 10440/3/6 10444/3/6
f 10444/3/6 10440/3/6 10445/3/6
f 10445/3/6 10440/3/6 10446/3/6
f 10446/3/6 10440/3/6 10447/3/6
f 10440/2/6 10441/2/6 10448/2/6
f 10447/3/6 10440/3/6 10448/3/6
f 10442/3/6 10443/3/6 10449/3/6
f 10448/2/6 10441/2/6 10449/2/6
f 10441/3/6 10442/3/6 10449/3/6
f 10449/3/6 10443/3/6 10450/3/6
f 10445/3/6 10446/3/6 10452/3/6
f 10452/3/6 10446/3/6 10453/3/6
f 10446/4/6 10447/4/6 10454/4/6
f 10453/3/6 10446/3/6 10454/3/6
f 10447/3/6 10448/3/6 10455/3/6
f 10454/4/6 10447/4/6 10455/4/6
f 10450/3/6 10451/3/6 10455/3/6
f 10449/3/6 10450/3/6 10455/3/6
f 10448/3/6 10449/3/6 10455/3/6
f 10455/3/6 10451/3/6 10456/3/6
f 10453/3/6 10454/3/6 10458/3/6
f 10456/3/6 10457/3/6 10458/3/6
f 10455/3/6 10456/3/6 10458/3/6
f 10454/3/6 10455/3/6 10458/3/6
f 10458/3/6 10457/3/6 10459/3/6
f 10459/3/6 10457/3/6 10460/3/6
f 10460/3/6 10461/3/6 10462/3/6
f 10459/3/6 10460/3/6 10462/3/6
f 10462/3/6 10461/3/6 10463/3/6
f 10463/3/6 10461/3/6 10464/3/6
f 10464/3/6 10461/3/6 10465/3/6
f 10465/3/6 10461/3/6 10466/3/6
f 10463/3/6 10464/3/6 10468/3/6
f 10468/3/6 10464/3/6 10469/3/6
f 10464/1/6 10465/1/6 10470/1/6
f 10469/3/6 10464/3/6 10470/3/6
f 10466/3/6 10467/3/6 10471/3/6
f 10470/1/6 10465/1/6 10471/1/6
f 10465/3/6 10466/3/6 10471/3/6
f 10471/3/6 10467/3/6 10472/3/6
f 10469/3/6 10470/3/6 10474/3/6
f 10472/3/6 10473/3/6 10474/3/6
f 10471/3/6 10472/3/6 10474/3/6
f 10470/3/6 10471/3/6 10474/3/6
f 10474/3/6 10473/3/6 10475/3/6
f 10475/3/6 10473/3/6 10476/3/6
f 10476/3/6 10477/3/6 10478/3/6
f 10475/3/6 10476/3/6 10478/3/6
f 10478/3/6 10477/3/6 10479/3/6
f 10479/3/6 10477/3/6 10480/3/6
f 10480/3/6 10481/3/6 10482/3/6
f 10479/3/6 10480/3/6 10482/3/6
f 10482/3/6 10481/3/6 10483/3/6
f 10483/3/6 10481/3/6 10484/3/6
f 10484/3/6 10485/3/6 10486/3/6
f 10483/3/6 10484/3/6 10486/3/6
f 10483/3/6 10486/3/6 10488/3/6
f 10486/3/6 10487/3/6 10488/3/6
f 10488/3/6 10487/3/6 10489/3/6
f 10490/3/6 10491/3/6 10492/3/6
f 10492/3/6 10493/3/6 10494/3/6
f 10494/3/6 10495/3/6 10496/3/6
f 10496/3/6 10497/3/6 10498/3/6
f 10498/3/6 10499/3/6 10500/3/6
f 10500/3/6 10501/3/6 10502/3/6
f 10490/3/6 10492/3/6 10504/3/6
f 10502/3/6 10503/3/6 10504/3/6
f 10500/3/6 10502/3/6 10504/3/6
f 10498/3/6 10500/3/6 10504/3/6
f 10496/3/6 10498/3/6 10504/3/6
f 10494/3/6 10496/3/6 10504/3/6
f 10492/3/6 10494/3/6 10504/3/6
f 10504/3/6 10503/3/6 10505/3/6
f 10505/3/6 10503/3/6 10506/3/6
f 10506/3/6 10507/3/6 10508/3/6
f 10505/3/6 10506/3/6 10508/3/6
f 10508/3/6 10507/3/6 10509/3/6
f 10509/3/6 10507/3/6 10510/3/6
f 10510/3/6 10511/3/6 10512/3/6
f 10509/3/6 10510/3/6 10512/3/6
f 10512/3/6 10511/3/6 10513/3/6
f 10513/3/6 10511/3/6 10514/3/6
f 10514/3/6 10515/3/6 10516/3/6
f 10513/3/6 10514/3/6 10516/3/6
f 10516/3/6 10515/3/6 10517/3/6
f 10517/3/6 10515/3/6 10518/3/6
f 10518/3/6 10515/3/6 10519/3/6
f 10519/3/6 10515/3/6 10520/3/6
f 10517/3/6 10518/3/6 10522/3/6
f 10518/1/6 10519/1/6 10523/1/6
f 10522/3/6 10518/3/6 10523/3/6
f 10520/3/6 10521/3/6 10524/3/6
f 10519/3/6 10520/3/6 10524/3/6
f 10523/1/6 10519/1/6 10526/1/6
f 10524/3/6 10525/3/6 10527/3/6
f 10526/1/6 10519/1/6 10527/1/6
f 10519/3/6 10524/3/6 10527/3/6
f 10527/3/6 10525/3/6 10528/3/6
f 10528/3/6 10529/3/6 10530/3/6
f 10527/3/6 10528/3/6 10530/3/6
f 10530/3/6 10529/3/6 10531/3/6
f 10531/3/6 10529/3/6 10532/3/6
f 10532/3/6 10533/3/6 10534/3/6
f 10531/3/6 10532/3/6 10534/3/6
f 10534/3/6 10533/3/6 10535/3/6
f 10535/3/6 10533/3/6 10536/3/6
f 10536/3/6 10537/3/6 10538/3/6
f 10535/3/6 10536/3/6 10538/3/6
f 10538/3/6 10537/3/6 10539/3/6
f 10539/3/6 10537/3/6 10540/3/6
f 10540/3/6 10541/3/6 10542/3/6
f 10539/3/6 10540/3/6 10542/3/6
f 10542/3/6 10541/3/6 10543/3/6
f 10543/3/6 10541/3/6 10544/3/6
f 10544/3/6 10545/3/6 10546/3/6
f 10543/3/6 10544/3/6 10546/3/6
f 10546/3/6 10545/3/6 10547/3/6
f 10547/3/6 10545/3/6 10548/3/6
f 10548/3/6 10549/3/6 10550/3/6
f 10547/3/6 10548/3/6 10550/3/6
f 10550/3/6 10549/3/6 10551/3/6
f 10551/3/6 10549/3/6 10552/3/6
f 10552/3/6 10553/3/6 10554/3/6
f 10551/3/6 10552/3/6 10554/3/6
f 10554/3/6 10553/3/6 10555/3/6
f 10555/3/6 10553/3/6 10556/3/6
f 10556/3/6 10557/3/6 10558/3/6
f 10555/3/6 10556/3/6 10558/3/6
f 10558/3/6 10557/3/6 10559/3/6
f 10559/3/6 10557/3/6 10560/3/6
f 10560/3/6 10561/3/6 10562/3/6
f 10559/3/6 10560/3/6 10562/3/6
f 10562/3/6 10561/3/6 10563/3/6
f 10563/3/6 10561/3/6 10564/3/6
f 10564/3/6 10565/3/6 10566/3/6
f 10563/3/6 10564/3/6 10566/3/6
f 10566/3/6 10565/3/6 10567/3/6
f 10567/3/6 10565/3/6 10568/3/6
f 10568/3/6 10569/3/6 10570/3/6
f 10567/3/6 10568/3/6 10570/3/6
f 10570/3/6 10569/3/6 10571/3/6
f 10571/3/6 10569/3/6 10572/3/6
f 10572/3/6 10573/3/6 10574/3/6
f 10571/3/6 10572/3/6 10574/3/6
f 10574/3/6 10573/3/6 10575/3/6
f 10575/3/6 10573/3/6 10576/3/6
f 10576/3/6 10577/3/6 10578/3/6
f 10575/3/6 10576/3/6 10578/3/6
f 10578/3/6 10577/3/6 10579/3/6
f 10579/3/6 10577/3/6 10580/3/6
f 10580/3/6 10581/3/6 10582/3/6
f 10579/3/6 10580/3/6 10582/3/6
f 10582/3/6 10581/3/6 10583/3/6
f 10583/3/6 10581/3/6 10584/3/6
f 10584/3/6 10585/3/6 10586/3/6
f 10583/3/6 10584/3/6 10586/3/6
f 10586/3/6 10585/3/6 10587/3/6
f 10587/3/6 10585/3/6 10588/3/6
f 10588/3/6 10589/3/6 10590/3/6
f 10587/3/6 10588/3/6 10590/3/6
f 10590/3/6 10589/3/6 10591/3/6
f 10591/3/6 10589/3/6 10592/3/6
f 10592/3/6 10593/3/6 10594/3/6
f 10591/3/6 10592/3/6 10594/3/6
f 10594/3/6 10593/3/6 10595/3/6
f 10595/3/6 10593/3/6 10596/3/6
f 10596/3/6 10597/3/6 10598/3/6
f 10595/3/6 10596/3/6 10598/3/6
f 10598/3/6 10597/3/6 10599/3/6
f 10599/3/6 10597/3/6 10600/3/6
f 10600/3/6 10601/3/6 10602/3/6
f 10599/3/6 10600/3/6 10602/3/6
f 10602/3/6 10601/3/6 10603/3/6
f 10603/3/6 10601/3/6 10604/3/6
f 10604/3/6 10605/3/6 10606/3/6
f 10603/3/6 10604/3/6 10606/3/6
f 10606/3/6 10605/3/6 10607/3/6
f 10607/3/6 10605/3/6 10608/3/6
f 10608/3/6 10609/3/6 10610/3/6
f 10607/3/6 10608/3/6 10610/3/6
f 10610/3/6 10609/3/6 10611/3/6
f 10611/3/6 10609/3/6 10612/3/6
f 10612/3/6 10609/3/6 10613/3/6
f 10613/3/6 10609/3/6 10614/3/6
f 10611/3/6 10612/3/6 10616/3/6
f 10616/3/6 10612/3/6 10617/3/6
f 10612/4/6 10613/4/6 10618/4/6
f 10617/3/6 10612/3/6 10618/3/6
f 10614/3/6 10615/3/6 10619/3/6
f 10618/4/6 10613/4/6 10619/4/6
f 10613/3/6 10614/3/6 10619/3/6
f 10619/3/6 10615/3/6 10620/3/6
f 10620/3/6 10615/3/6 10621/3/6
f 10621/3/6 10615/3/6 10622/3/6
f 10622/3/6 10615/3/6 10623/3/6
f 10623/3/6 10615/3/6 10624/3/6
f 10617/3/6 10618/3/6 10626/3/6
f 10618/3/6 10619/3/6 10626/3/6
f 10619/3/6 10620/3/6 10626/3/6
f 10626/3/6 10620/3/6 10627/3/6
f 10620/1/6 10621/1/6 10628/1/6
f 10627/3/6 10620/3/6 10628/3/6
f 10621/3/6 10622/3/6 10629/3/6
f 10628/1/6 10621/1/6 10629/1/6
f 10622/4/6 10623/4/6 10630/4/6
f 10629/3/6 10622/3/6 10630/3/6
f 10624/3/6 10625/3/6 10631/3/6
f 10630/4/6 10623/4/6 10631/4/6
f 10623/3/6 10624/3/6 10631/3/6
f 10631/3/6 10625/3/6 10632/3/6
f 10629/3/6 10630/3/6 10634/3/6
f 10632/3/6 10633/3/6 10634/3/6
f 10631/3/6 10632/3/6 10634/3/6
f 10630/3/6 10631/3/6 10634/3/6
f 10627/3/6 10628/3/6 10634/3/6
f 10628/3/6 10629/3/6 10634/3/6
f 10634/3/6 10633/3/6 10635/3/6
f 10635/3/6 10633/3/6 10636/3/6
f 10636/3/6 10637/3/6 10638/3/6
f 10635/3/6 10636/3/6 10638/3/6
f 10638/3/6 10637/3/6 10639/3/6
f 10639/3/6 10637/3/6 10640/3/6
f 10640/3/6 10641/3/6 10642/3/6
f 10639/3/6 10640/3/6 10642/3/6
f 10642/3/6 10641/3/6 10643/3/6
f 10643/3/6 10641/3/6 10644/3/6
f 10644/3/6 10641/3/6 10645/3/6
f 10645/3/6 10641/3/6 10646/3/6
f 10643/3/6 10644/3/6 10648/3/6
f 10648/3/6 10644/3/6 10649/3/6
f 10644/4/6 10645/4/6 10650/4/6
f 10649/3/6 10644/3/6 10650/3/6
f 10646/3/6 10647/3/6 10651/3/6
f 10650/4/6 10645/4/6 10651/4/6
f 10645/3/6 10646/3/6 10651/3/6
f 10651/3/6 10647/3/6 10652/3/6
f 10652/3/6 10647/3/6 10653/3/6
f 10653/3/6 10647/3/6 10654/3/6
f 10649/3/6 10650/3/6 10656/3/6
f 10650/3/6 10651/3/6 10656/3/6
f 10651/3/6 10652/3/6 10656/3/6
f 10656/3/6 10652/3/6 10657/3/6
f 10652/2/6 10653/2/6 10658/2/6
f 10657/3/6 10652/3/6 10658/3/6
f 10654/3/6 10655/3/6 10659/3/6
f 10658/2/6 10653/2/6 10659/2/6
f 10653/3/6 10654/3/6 10659/3/6
f 10659/3/6 10655/3/6 10660/3/6
f 10660/3/6 10655/3/6 10661/3/6
f 10657/3/6 10658/3/6 10663/3/6
f 10658/3/6 10659/3/6 10663/3/6
f 10663/3/6 10659/3/6 10664/3/6
f 10659/2/6 10660/2/6 10665/2/6
f 10664/3/6 10659/3/6 10665/3/6
f 10661/3/6 10662/3/6 10666/3/6
f 10665/2/6 10660/2/6 10666/2/6
f 10660/3/6 10661/3/6 10666/3/6
f 10666/3/6 10662/3/6 10667/3/6
f 10664/3/6 10665/3/6 10669/3/6
f 10667/3/6 10668/3/6 10669/3/6
f 10666/3/6 10667/3/6 10669/3/6
f 10665/3/6 10666/3/6 10669/3/6
f 10669/3/6 10668/3/6 10670/3/6
f 10670/3/6 10668/3/6 10671/3/6
f 10671/3/6 10672/3/6 10673/3/6
f 10670/3/6 10671/3/6 10673/3/6
f 10673/3/6 10672/3/6 10674/3/6
f 10674/3/6 10672/3/6 10675/3/6
f 10675/3/6 10676/3/6 10677/3/6
f 10674/3/6 10675/3/6 10677/3/6
f 10677/3/6 10676/3/6 10678/3/6
f 10678/3/6 10676/3/6 10679/3/6
f 10679/3/6 10680/3/6 10681/3/6
f 10678/3/6 10679/3/6 10681/3/6
f 10681/3/6 10680/3/6 10682/3/6
f 10682/3/6 10680/3/6 10683/3/6
f 10683/3/6 10680/3/6 10684/3/6
f 10684/3/6 10680/3/6 10685/3/6
f 10682/3/6 10683/3/6 10687/3/6
f 10687/3/6 10683/3/6 10688/3/6
f 10683/1/6 10684/1/6 10689/1/6
f 10688/3/6 10683/3/6 10689/3/6
f 10685/3/6 10686/3/6 10690/3/6
f 10689/1/6 10684/1/6 10690/1/6
f 10684/3/6 10685/3/6 10690/3/6
f 10690/3/6 10686/3/6 10691/3/6
f 10688/3/6 10689/3/6 10693/3/6
f 10691/3/6 10692/3/6 10693/3/6
f 10690/3/6 10691/3/6 10693/3/6
f 10689/3/6 10690/3/6 10693/3/6
f 10693/3/6 10692/3/6 10694/3/6
f 10694/3/6 10692/3/6 10695/3/6
f 10695/3/6 10696/3/6 10697/3/6
f 10694/3/6 10695/3/6 10697/3/6
f 10697/3/6 10696/3/6 10698/3/6
f 10698/3/6 10696/3/6 10699/3/6
f 10699/3/6 10700/3/6 10701/3/6
f 10698/3/6 10699/3/6 10701/3/6
f 10701/3/6 10700/3/6 10702/3/6
f 10702/3/6 10700/3/6 10703/3/6
f 10703/3/6 10704/3/6 10705/3/6
f 10702/3/6 10703/3/6 10705/3/6
f 10705/3/6 10704/3/6 10706/3/6
f 10706/3/6 10704/3/6 10707/3/6
f 10707/3/6 10708/3/6 10709/3/6
f 10706/3/6 10707/3/6 10709/3/6
f 10709/3/6 10708/3/6 10710/3/6
f 10710/3/6 10708/3/6 10711/3/6
f 10711/3/6 10712/3/6 10713/3/6
f 10710/3/6 10711/3/6 10713/3/6
f 10713/3/6 10712/3/6 10714/3/6
f 10714/3/6 10712/3/6 10715/3/6
f 10715/3/6 10716/3/6 10717/3/6
f 10714/3/6 10715/3/6 10717/3/6
f 10717/3/6 10716/3/6 10718/3/6
f 10718/3/6 10716/3/6 10719/3/6
f 10719/3/6 10720/3/6 10721/3/6
f 10718/3/6 10719/3/6 10721/3/6
f 10721/3/6 10720/3/6 10722/3/6
f 10722/3/6 10720/3/6 10723/3/6
f 10723/3/6 10720/3/6 10724/3/6
f 10724/3/6 10720/3/6 10725/3/6
f 10722/3/6 10723/3/6 10727/3/6
f 10727/3/6 10723/3/6 10728/3/6
f 10723/1/6 10724/1/6 10729/1/6
f 10728/3/6 10723/3/6 10729/3/6
f 10725/3/6 10726/3/6 10730/3/6
f 10729/1/6 10724/1/6 10730/1/6
f 10724/3/6 10725/3/6 10730/3/6
f 10730/3/6 10726/3/6 10731/3/6
f 10728/3/6 10729/3/6 10733/3/6
f 10731/3/6 10732/3/6 10733/3/6
f 10730/3/6 10731/3/6 10733/3/6
f 10729/3/6 10730/3/6 10733/3/6
f 10733/3/6 10732/3/6 10734/3/6
f 10734/3/6 10732/3/6 10735/3/6
f 10735/3/6 10736/3/6 10737/3/6
f 10734/3/6 10735/3/6 10737/3/6
f 10737/3/6 10736/3/6 10738/3/6
f 10738/3/6 10736/3/6 10739/3/6
f 10739/3/6 10740/3/6 10741/3/6
f 10738/3/6 10739/3/6 10741/3/6
f 10741/3/6 10740/3/6 10742/3/6
f 10742/3/6 10740/3/6 10743/3/6
f 10743/3/6 10744/3/6 10745/3/6
f 10742/3/6 10743/3/6 10745/3/6
f 10745/3/6 10744/3/6 10746/3/6
f 10746/3/6 10744/3/6 10747/3/6
f 10747/3/6 10748/3/6 10749/3/6
f 10746/3/6 10747/3/6 10749/3/6
f 10749/3/6 10748/3/6 10750/3/6
f 10750/3/6 10748/3/6 10751/3/6
f 10751/3/6 10752/3/6 10753/3/6
f 10750/3/6 10751/3/6 10753/3/6
f 10753/3/6 10752/3/6 10754/3/6
f 10754/3/6 10752/3/6 10755/3/6
f 10755/3/6 10756/3/6 10757/3/6
f 10754/3/6 10755/3/6 10757/3/6
f 10757/3/6 10756/3/6 10758/3/6
f 10758/3/6 10756/3/6 10759/3/6
f 10759/3/6 10760/3/6 10761/3/6
f 10758/3/6 10759/3/6 10761/3/6
f 10761/3/6 10760/3/6 10762/3/6
f 10762/3/6 10760/3/6 10763/3/6
f 10763/3/6 10764/3/6 10765/3/6
f 10762/3/6 10763/3/6 10765/3/6
f 10765/3/6 10764/3/6 10766/3/6
f 10766/3/6 10764/3/6 10767/3/6
f 10767/3/6 10768/3/6 10769/3/6
f 10766/3/6 10767/3/6 10769/3/6
f 10769/3/6 10768/3/6 10770/3/6
f 10770/3/6 10768/3/6 10771/3/6
f 10771/3/6 10772/3/6 10773/3/6
f 10770/3/6 10771/3/6 10773/3/6
f 10773/3/6 10772/3/6 10774/3/6
f 10775/3/6 10776/3/6 10777/3/6
f 10777/3/6 10778/3/6 10779/3/6
f 10779/3/6 10780/3/6 10781/3/6
f 10781/3/6 10782/3/6 10783/3/6
f 10783/3/6 10784/3/6 10785/3/6
f 10785/3/6 10786/3/6 10787/3/6
f 10779/3/6 10781/3/6 10789/3/6
f 10787/3/6 10788/3/6 10789/3/6
f 10785/3/6 10787/3/6 10789/3/6
f 10783/3/6 10785/3/6 10789/3/6
f 10781/3/6 10783/3/6 10789/3/6
f 10789/3/6 10788/3/6 10790/3/6
f 10790/3/6 10788/3/6 10791/3/6
f 10779/3/6 10789/3/6 10793/3/6
f 10789/4/6 10790/4/6 10793/4/6
f 10791/3/6 10792/3/6 10794/3/6
f 10793/4/6 10790/4/6 10794/4/6
f 10790/3/6 10791/3/6 10794/3/6
f 10794/3/6 10792/3/6 10795/3/6
f 10793/3/6 10794/3/6 10797/3/6
f 10795/3/6 10796/3/6 10797/3/6
f 10794/3/6 10795/3/6 10797/3/6
f 10797/3/6 10798/3/6 10799/3/6
f 10775/3/6 10777/3/6 10801/3/6
f 10799/3/6 10800/3/6 10801/3/6
f 10797/3/6 10799/3/6 10801/3/6
f 10793/3/6 10797/3/6 10801/3/6
f 10779/3/6 10793/3/6 10801/3/6
f 10777/3/6 10779/3/6 10801/3/6
f 10801/3/6 10800/3/6 10802/3/6
f 10802/3/6 10800/3/6 10803/3/6
f 10803/3/6 10804/3/6 10805/3/6
f 10802/3/6 10803/3/6 10805/3/6
f 10805/3/6 10804/3/6 10806/3/6
f 10806/3/6 10804/3/6 10807/3/6
f 10807/3/6 10808/3/6 10809/3/6
f 10806/3/6 10807/3/6 10809/3/6
f 10809/3/6 10808/3/6 10810/3/6
f 10810/3/6 10808/3/6 10811/3/6
f 10811/3/6 10808/3/6 10812/3/6
f 10812/3/6 10808/3/6 10813/3/6
f 10810/3/6 10811/3/6 10815/3/6
f 10815/3/6 10811/3/6 10816/3/6
f 10811/1/6 10812/1/6 10817/1/6
f 10816/3/6 10811/3/6 10817/3/6
f 10813/3/6 10814/3/6 10818/3/6
f 10817/1/6 10812/1/6 10818/1/6
f 10812/3/6 10813/3/6 10818/3/6
f 10818/3/6 10814/3/6 10819/3/6
f 10816/3/6 10817/3/6 10821/3/6
f 10819/3/6 10820/3/6 10821/3/6
f 10818/3/6 10819/3/6 10821/3/6
f 10817/3/6 10818/3/6 10821/3/6
f 10821/3/6 10820/3/6 10822/3/6
f 10822/3/6 10820/3/6 10823/3/6
f 10823/3/6 10820/3/6 10824/3/6
f 10824/3/6 10820/3/6 10825/3/6
f 10822/3/6 10823/3/6 10827/3/6
f 10827/3/6 10823/3/6 10828/3/6
f 10823/4/6 10824/4/6 10829/4/6
f 10828/3/6 10823/3/6 10829/3/6
f 10825/3/6 10826/3/6 10830/3/6
f 10829/4/6 10824/4/6 10830/4/6
f 10824/3/6 10825/3/6 10830/3/6
f 10830/3/6 10826/3/6 10831/3/6
f 10828/3/6 10829/3/6 10833/3/6
f 10831/3/6 10832/3/6 10833/3/6
f 10830/3/6 10831/3/6 10833/3/6
f 10829/3/6 10830/3/6 10833/3/6
f 10833/3/6 10832/3/6 10834/3/6
f 10834/3/6 10832/3/6 10835/3/6
f 10835/3/6 10832/3/6 10836/3/6
f 10836/3/6 10832/3/6 10837/3/6
f 10834/3/6 10835/3/6 10839/3/6
f 10839/3/6 10835/3/6 10840/3/6
f 10835/1/6 10836/1/6 10841/1/6
f 10840/3/6 10835/3/6 10841/3/6
f 10837/3/6 10838/3/6 10842/3/6
f 10841/1/6 10836/1/6 10842/1/6
f 10836/3/6 10837/3/6 10842/3/6
f 10842/3/6 10838/3/6 10843/3/6
f 10840/3/6 10841/3/6 10845/3/6
f 10843/3/6 10844/3/6 10845/3/6
f 10842/3/6 10843/3/6 10845/3/6
f 10841/3/6 10842/3/6 10845/3/6
f 10845/3/6 10844/3/6 10846/3/6
f 10846/3/6 10844/3/6 10847/3/6
f 10847/3/6 10848/3/6 10849/3/6
f 10846/3/6 10847/3/6 10849/3/6
f 10849/3/6 10848/3/6 10850/3/6
f 10850/3/6 10848/3/6 10851/3/6
f 10851/3/6 10852/3/6 10853/3/6
f 10850/3/6 10851/3/6 10853/3/6
f 10853/3/6 10852/3/6 10854/3/6
f 10854/3/6 10852/3/6 10855/3/6
f 10855/3/6 10856/3/6 10857/3/6
f 10854/3/6 10855/3/6 10857/3/6
f 10857/3/6 10856/3/6 10858/3/6
f 10858/3/6 10856/3/6 10859/3/6
f 10859/3/6 10856/3/6 10860/3/6
f 10858/3/6 10859/3/6 10863/3/6
f 10863/3/6 10859/3/6 10864/3/6
f 10859/2/6 10860/2/6 10865/2/6
f 10864/3/6 10859/3/6 10865/3/6
f 10861/3/6 10862/3/6 10866/3/6
f 10865/2/6 10860/2/6 10866/2/6
f 10860/3/6 10861/3/6 10866/3/6
f 10866/3/6 10862/3/6 10867/3/6
f 10867/3/6 10862/3/6 10868/3/6
f 10864/3/6 10865/3/6 10870/3/6
f 10865/3/6 10866/3/6 10870/3/6
f 10870/3/6 10866/3/6 10871/3/6
f 10866/2/6 10867/2/6 10872/2/6
f 10871/3/6 10866/3/6 10872/3/6
f 10868/3/6 10869/3/6 10873/3/6
f 10872/2/6 10867/2/6 10873/2/6
f 10867/3/6 10868/3/6 10873/3/6
f 10873/3/6 10869/3/6 10874/3/6
f 10871/3/6 10872/3/6 10876/3/6
f 10874/3/6 10875/3/6 10876/3/6
f 10873/3/6 10874/3/6 10876/3/6
f 10872/3/6 10873/3/6 10876/3/6
f 10876/3/6 10875/3/6 10877/3/6
f 10877/3/6 10875/3/6 10878/3/6
f 10878/3/6 10875/3/6 10879/3/6
f 10879/3/6 10875/3/6 10880/3/6
f 10877/3/6 10878/3/6 10882/3/6
f 10882/3/6 10878/3/6 10883/3/6
f 10878/1/6 10879/1/6 10884/1/6
f 10883/3/6 10878/3/6 10884/3/6
f 10880/3/6 10881/3/6 10885/3/6
f 10884/1/6 10879/1/6 10885/1/6
f 10879/3/6 10880/3/6 10885/3/6
f 10885/3/6 10881/3/6 10886/3/6
f 10883/3/6 10884/3/6 10888/3/6
f 10886/3/6 10887/3/6 10888/3/6
f 10885/3/6 10886/3/6 10888/3/6
f 10884/3/6 10885/3/6 10888/3/6
f 10888/3/6 10887/3/6 10889/3/6
f 10889/3/6 10887/3/6 10890/3/6
f 10890/3/6 10891/3/6 10892/3/6
f 10889/3/6 10890/3/6 10892/3/6
f 10892/3/6 10891/3/6 10893/3/6
f 10893/3/6 10891/3/6 10894/3/6
f 10894/3/6 10895/3/6 10896/3/6
f 10893/3/6 10894/3/6 10896/3/6
f 10896/3/6 10895/3/6 10897/3/6
f 10897/3/6 10895/3/6 10898/3/6
f 10898/3/6 10899/3/6 10900/3/6
f 10897/3/6 10898/3/6 10900/3/6
f 10900/3/6 10899/3/6 10901/3/6
f 10901/3/6 10899/3/6 10902/3/6
f 10902/3/6 10903/3/6 10904/3/6
f 10901/3/6 10902/3/6 10904/3/6
f 10904/3/6 10903/3/6 10905/3/6
f 10905/3/6 10903/3/6 10906/3/6
f 10906/3/6 10907/3/6 10908/3/6
f 10905/3/6 10906/3/6 10908/3/6
f 10908/3/6 10907/3/6 10909/3/6
f 10909/3/6 10907/3/6 10910/3/6
f 10911/3/6 10912/3/6 10913/3/6
f 10910/3/6 10911/3/6 10913/3/6
f 10909/3/6 10910/3/6 10913/3/6
f 10913/3/6 10912/3/6 10914/3/6
f 10914/3/6 10912/3/6 10915/3/6
f 10915/3/6 10916/3/6 10917/3/6
f 10914/3/6 10915/3/6 10917/3/6
f 10917/3/6 10916/3/6 10918/3/6
f 10918/3/6 10916/3/6 10919/3/6
f 10919/3/6 10920/3/6 10921/3/6
f 10918/3/6 10919/3/6 10921/3/6
f 10921/3/6 10920/3/6 10922/3/6
f 10922/3/6 10920/3/6 10923/3/6
f 10923/3/6 10924/3/6 10925/3/6
f 10922/3/6 10923/3/6 10925/3/6
f 10925/3/6 10924/3/6 10926/3/6
f 10926/3/6 10924/3/6 10927/3/6
f 10927/3/6 10928/3/6 10929/3/6
f 10926/3/6 10927/3/6 10929/3/6
f 10929/3/6 10928/3/6 10930/3/6
f 10930/3/6 10928/3/6 10931/3/6
f 10931/3/6 10932/3/6 10933/3/6
f 10930/3/6 10931/3/6 10933/3/6
f 10933/3/6 10932/3/6 10934/3/6
f 10934/3/6 10932/3/6 10935/3/6
f 10935/3/6 10936/3/6 10937/3/6
f 10934/3/6 10935/3/6 10937/3/6
f 10937/3/6 10936/3/6 10938/3/6
f 10938/3/6 10936/3/6 10939/3/6
f 10939/3/6 10940/3/6 10941/3/6
f 10938/3/6 10939/3/6 10941/3/6
f 10941/3/6 10940/3/6 10942/3/6
f 10942/3/6 10940/3/6 10943/3/6
f 10943/3/6 10944/3/6 10945/3/6
f 10942/3/6 10943/3/6 10945/3/6
f 10945/3/6 10944/3/6 10946/3/6
f 10946/3/6 10944/3/6 10947/3/6
f 10948/3/6 10949/3/6 10950/3/6
f 10947/3/6 10948/3/6 10950/3/6
f 10946/3/6 10947/3/6 10950/3/6
f 10950/3/6 10949/3/6 10951/3/6
f 10951/3/6 10949/3/6 10952/3/6
f 10952/3/6 10949/3/6 10953/3/6
f 10953/3/6 10949/3/6 10954/3/6
f 10951/3/6 10952/3/6 10956/3/6
f 10952/1/6 10953/1/6 10957/1/6
f 10956/3/6 10952/3/6 10957/3/6
f 10954/3/6 10955/3/6 10958/3/6
f 10957/1/6 10953/1/6 10958/1/6
f 10953/3/6 10954/3/6 10958/3/6
f 10958/3/6 10955/3/6 10959/3/6
f 10959/3/6 10960/3/6 10961/3/6
f 10958/3/6 10959/3/6 10961/3/6
f 10957/3/6 10958/3/6 10961/3/6
f 10961/3/6 10960/3/6 10962/3/6
f 10962/3/6 10960/3/6 10963/3/6
f 10963/3/6 10964/3/6 10965/3/6
f 10962/3/6 10963/3/6 10965/3/6
f 10965/3/6 10964/3/6 10966/3/6
f 10966/3/6 10964/3/6 10967/3/6
f 10967/3/6 10968/3/6 10969/3/6
f 10966/3/6 10967/3/6 10969/3/6
f 10969/3/6 10968/3/6 10970/3/6
f 10970/3/6 10968/3/6 10971/3/6
f 10971/3/6 10972/3/6 10973/3/6
f 10970/3/6 10971/3/6 10973/3/6
f 10973/3/6 10972/3/6 10974/3/6
f 10974/3/6 10972/3/6 10975/3/6
f 10975/3/6 10976/3/6 10977/3/6
f 10974/3/6 10975/3/6 10977/3/6
f 10977/3/6 10976/3/6 10978/3/6
f 10978/3/6 10976/3/6 10979/3/6
f 10979/3/6 10980/3/6 10981/3/6
f 10978/3/6 10979/3/6 10981/3/6
f 10981/3/6 10980/3/6 10982/3/6
f 10982/3/6 10980/3/6 10983/3/6
f 10982/3/6 10983/3/6 10986/3/6
f 10983/3/6 10984/3/6 10986/3/6
f 10986/3/6 10984/3/6 10987/3/6
f 10984/4/6 10985/4/6 10988/4/6
f 10987/3/6 10984/3/6 10988/3/6
f 10988/4/6 10985/4/6 10989/4/6
f 10989/3/6 10990/3/6 10991/3/6
f 10988/3/6 10989/3/6 10991/3/6
f 10987/3/6 10988/3/6 10991/3/6
f 10991/3/6 10990/3/6 10992/3/6
f 10992/3/6 10990/3/6 10993/3/6
f 10993/3/6 10994/3/6 10995/3/6
f 10992/3/6 10993/3/6 10995/3/6
f 10995/3/6 10994/3/6 10996/3/6
f 10996/3/6 10994/3/6 10997/3/6
f 10997/3/6 10998/3/6 10999/3/6
f 10996/3/6 10997/3/6 10999/3/6
f 10999/3/6 10998/3/6 11000/3/6
f 11000/3/6 10998/3/6 11001/3/6
f 11001/3/6 11002/3/6 11003/3/6
f 11000/3/6 11001/3/6 11003/3/6
f 11000/3/6 11003/3/6 11005/3/6
f 11003/3/6 11004/3/6 11005/3/6
f 11005/3/6 11004/3/6 11006/3/6
f 11006/3/6 11004/3/6 11007/3/6
f 11007/3/6 11008/3/6 11009/3/6
f 11006/3/6 11007/3/6 11009/3/6
f 11009/3/6 11008/3/6 11010/3/6
f 11010/3/6 11008/3/6 11011/3/6
f 11011/3/6 11012/3/6 11013/3/6
f 11010/3/6 11011/3/6 11013/3/6
f 11013/3/6 11012/3/6 11014/3/6
f 11014/3/6 11012/3/6 11015/3/6
f 11015/3/6 11012/3/6 11016/3/6
f 11014/3/6 11015/3/6 11018/3/6
f 11018/3/6 11015/3/6 11019/3/6
f 11015/1/6 11016/1/6 11020/1/6
f 11019/3/6 11015/3/6 11020/3/6
f 11016/3/6 11017/3/6 11021/3/6
f 11020/1/6 11016/1/6 11021/1/6
f 11021/3/6 11017/3/6 11022/3/6
f 11019/3/6 11020/3/6 11024/3/6
f 11022/3/6 11023/3/6 11024/3/6
f 11021/3/6 11022/3/6 11024/3/6
f 11020/3/6 11021/3/6 11024/3/6
f 11024/3/6 11023/3/6 11025/3/6
f 11025/3/6 11023/3/6 11026/3/6
f 11026/3/6 11023/3/6 11027/3/6
f 11027/3/6 11023/3/6 11028/3/6
f 11025/3/6 11026/3/6 11030/3/6
f 11030/3/6 11026/3/6 11031/3/6
f 11026/4/6 11027/4/6 11032/4/6
f 11031/3/6 11026/3/6 11032/3/6
f 11028/3/6 11029/3/6 11033/3/6
f 11032/4/6 11027/4/6 11033/4/6
f 11027/3/6 11028/3/6 11033/3/6
f 11033/3/6 11029/3/6 11034/3/6
f 11031/3/6 11032/3/6 11036/3/6
f 11034/3/6 11035/3/6 11036/3/6
f 11033/3/6 11034/3/6 11036/3/6
f 11032/3/6 11033/3/6 11036/3/6
f 11036/3/6 11035/3/6 11037/3/6
f 11037/3/6 11035/3/6 11038/3/6
f 11038/3/6 11039/3/6 11040/3/6
f 11037/3/6 11038/3/6 11040/3/6
f 11040/3/6 11039/3/6 11041/3/6
f 11041/3/6 11039/3/6 11042/3/6
f 11042/3/6 11043/3/6 11044/3/6
f 11041/3/6 11042/3/6 11044/3/6
f 11044/3/6 11043/3/6 11045/3/6
f 11045/3/6 11043/3/6 11046/3/6
f 11046/3/6 11047/3/6 11048/3/6
f 11045/3/6 11046/3/6 11048/3/6
f 11048/3/6 11047/3/6 11049/3/6
f 11049/3/6 11047/3/6 11050/3/6
f 11050/3/6 11051/3/6 11052/3/6
f 11049/3/6 11050/3/6 11052/3/6
f 11052/3/6 11051/3/6 11053/3/6
f 11053/3/6 11051/3/6 11054/3/6
f 11054/3/6 11051/3/6 11055/3/6
f 11055/3/6 11051/3/6 11056/3/6
f 11053/3/6 11054/3/6 11058/3/6
f 11054/4/6 11055/4/6 11059/4/6
f 11058/3/6 11054/3/6 11059/3/6
f 11056/3/6 11057/3/6 11060/3/6
f 11059/4/6 11055/4/6 11060/4/6
f 11055/3/6 11056/3/6 11060/3/6
f 11060/3/6 11057/3/6 11061/3/6
f 11061/3/6 11057/3/6 11062/3/6
f 11062/3/6 11057/3/6 11063/3/6
f 11059/3/6 11060/3/6 11065/3/6
f 11060/3/6 11061/3/6 11065/3/6
f 11065/3/6 11061/3/6 11066/3/6
f 11061/2/6 11062/2/6 11067/2/6
f 11066/3/6 11061/3/6 11067/3/6
f 11063/3/6 11064/3/6 11068/3/6
f 11067/2/6 11062/2/6 11068/2/6
f 11062/3/6 11063/3/6 11068/3/6
f 11068/3/6 11064/3/6 11069/3/6
f 11066/3/6 11067/3/6 11071/3/6
f 11069/3/6 11070/3/6 11071/3/6
f 11068/3/6 11069/3/6 11071/3/6
f 11067/3/6 11068/3/6 11071/3/6
f 11071/3/6 11070/3/6 11072/3/6
f 11072/3/6 11070/3/6 11073/3/6
f 11073/3/6 11074/3/6 11075/3/6
f 11072/3/6 11073/3/6 11075/3/6
f 11075/3/6 11074/3/6 11076/3/6
f 11076/3/6 11074/3/6 11077/3/6
f 11077/3/6 11074/3/6 11078/3/6
f 11078/3/6 11074/3/6 11079/3/6
f 11076/3/6 11077/3/6 11081/3/6
f 11081/3/6 11077/3/6 11082/3/6
f 11077/4/6 11078/4/6 11083/4/6
f 11082/3/6 11077/3/6 11083/3/6
f 11079/3/6 11080/3/6 11084/3/6
f 11083/4/6 11078/4/6 11084/4/6
f 11078/3/6 11079/3/6 11084/3/6
f 11084/3/6 11080/3/6 11085/3/6
f 11082/3/6 11083/3/6 11087/3/6
f 11085/3/6 11086/3/6 11087/3/6
f 11084/3/6 11085/3/6 11087/3/6
f 11083/3/6 11084/3/6 11087/3/6
f 11087/3/6 11086/3/6 11088/3/6
f 11088/3/6 11086/3/6 11089/3/6
f 11089/3/6 11090/3/6 11091/3/6
f 11088/3/6 11089/3/6 11091/3/6
f 11091/3/6 11090/3/6 11092/3/6
f 11092/3/6 11090/3/6 11093/3/6
f 11093/3/6 11094/3/6 11095/3/6
f 11092/3/6 11093/3/6 11095/3/6
f 11095/3/6 11094/3/6 11096/3/6
f 11096/3/6 11094/3/6 11097/3/6
f 11097/3/6 11098/3/6 11099/3/6
f 11096/3/6 11097/3/6 11099/3/6
f 11099/3/6 11098/3/6 11100/3/6
f 11100/3/6 11098/3/6 11101/3/6
f 11101/3/6 11102/3/6 11103/3/6
f 11100/3/6 11101/3/6 11103/3/6
f 11103/3/6 11102/3/6 11104/3/6
f 11104/3/6 11102/3/6 11105/3/6
f 11105/3/6 11106/3/6 11107/3/6
f 11104/3/6 11105/3/6 11107/3/6
f 11107/3/6 11106/3/6 11108/3/6
f 11108/3/6 11106/3/6 11109/3/6
f 11109/3/6 11110/3/6 11111/3/6
f 11108/3/6 11109/3/6 11111/3/6
f 11111/3/6 11110/3/6 11112/3/6
f 11112/3/6 11110/3/6 11113/3/6
f 11113/3/6 11114/3/6 11115/3/6
f 11112/3/6 11113/3/6 11115/3/6
f 11115/3/6 11114/3/6 11116/3/6
f 11117/3/6 11118/3/6 11119/3/6
f 11119/3/6 11120/3/6 11121/3/6
f 11121/3/6 11122/3/6 11125/3/6
f 11123/2/6 11124/2/6 11125/2/6
f 11122/3/6 11123/3/6 11125/3/6
f 11125/2/6 11124/2/6 11126/2/6
f 11125/3/6 11126/3/6 11128/3/6
f 11126/3/6 11127/3/6 11128/3/6
f 11128/3/6 11129/3/6 11130/3/6
f 11130/3/6 11131/3/6 11132/3/6
f 11132/3/6 11133/3/6 11134/3/6
f 11117/3/6 11119/3/6 11136/3/6
f 11134/3/6 11135/3/6 11136/3/6
f 11132/3/6 11134/3/6 11136/3/6
f 11130/3/6 11132/3/6 11136/3/6
f 11128/3/6 11130/3/6 11136/3/6
f 11125/3/6 11128/3/6 11136/3/6
f 11121/3/6 11125/3/6 11136/3/6
f 11119/3/6 11121/3/6 11136/3/6
f 11136/3/6 11135/3/6 11137/3/6
f 11137/3/6 11135/3/6 11138/3/6
f 11117/3/6 11136/3/6 11140/3/6
f 11136/1/6 11137/1/6 11140/1/6
f 11138/3/6 11139/3/6 11141/3/6
f 11140/1/6 11137/1/6 11141/1/6
f 11137/3/6 11138/3/6 11141/3/6
f 11141/3/6 11139/3/6 11142/3/6
f 11140/3/6 11141/3/6 11144/3/6
f 11142/3/6 11143/3/6 11144/3/6
f 11141/3/6 11142/3/6 11144/3/6
f 11144/3/6 11145/3/6 11146/3/6
f 11140/3/6 11144/3/6 11148/3/6
f 11146/3/6 11147/3/6 11148/3/6
f 11144/3/6 11146/3/6 11148/3/6
f 11148/3/6 11147/3/6 11149/3/6
f 11149/3/6 11147/3/6 11150/3/6
f 11140/3/6 11148/3/6 11152/3/6
f 11152/3/6 11148/3/6 11153/3/6
f 11148/1/6 11149/1/6 11154/1/6
f 11153/3/6 11148/3/6 11154/3/6
f 11150/3/6 11151/3/6 11155/3/6
f 11154/1/6 11149/1/6 11155/1/6
f 11149/3/6 11150/3/6 11155/3/6
f 11155/3/6 11151/3/6 11156/3/6
f 11156/3/6 11151/3/6 11157/3/6
f 11157/3/6 11151/3/6 11158/3/6
f 11152/1/6 11153/1/6 11160/1/6
f 11140/3/6 11152/3/6 11160/3/6
f 11153/3/6 11154/3/6 11161/3/6
f 11160/1/6 11153/1/6 11161/1/6
f 11154/3/6 11155/3/6 11161/3/6
f 11155/3/6 11156/3/6 11161/3/6
f 11156/1/6 11157/1/6 11162/1/6
f 11161/3/6 11156/3/6 11162/3/6
f 11158/3/6 11159/3/6 11163/3/6
f 11162/1/6 11157/1/6 11163/1/6
f 11157/3/6 11158/3/6 11163/3/6
f 11163/3/6 11159/3/6 11164/3/6
f 11161/3/6 11162/3/6 11166/3/6
f 11164/3/6 11165/3/6 11166/3/6
f 11163/3/6 11164/3/6 11166/3/6
f 11162/3/6 11163/3/6 11166/3/6
f 11160/3/6 11161/3/6 11166/3/6
f 11166/3/6 11167/3/6 11168/3/6
f 11168/3/6 11169/3/6 11170/3/6
f 11170/3/6 11171/3/6 11172/3/6
f 11117/3/6 11140/3/6 11174/3/6
f 11172/3/6 11173/3/6 11174/3/6
f 11170/3/6 11172/3/6 11174/3/6
f 11168/3/6 11170/3/6 11174/3/6
f 11166/3/6 11168/3/6 11174/3/6
f 11160/3/6 11166/3/6 11174/3/6
f 11140/3/6 11160/3/6 11174/3/6
f 11174/3/6 11173/3/6 11175/3/6
f 11175/3/6 11173/3/6 11176/3/6
f 11176/3/6 11177/3/6 11178/3/6
f 11175/3/6 11176/3/6 11178/3/6
f 11178/3/6 11177/3/6 11179/3/6
f 11179/3/6 11177/3/6 11180/3/6
f 11180/3/6 11181/3/6 11182/3/6
f 11179/3/6 11180/3/6 11182/3/6
f 11182/3/6 11181/3/6 11183/3/6
f 11183/3/6 11181/3/6 11184/3/6
f 11184/3/6 11185/3/6 11186/3/6
f 11183/3/6 11184/3/6 11186/3/6
f 11186/3/6 11185/3/6 11187/3/6
f 11187/3/6 11185/3/6 11188/3/6
f 11188/3/6 11185/3/6 11189/3/6
f 11189/3/6 11185/3/6 11190/3/6
f 11187/3/6 11188/3/6 11192/3/6
f 11192/3/6 11188/3/6 11193/3/6
f 11188/4/6 11189/4/6 11194/4/6
f 11193/3/6 11188/3/6 11194/3/6
f 11190/3/6 11191/3/6 11195/3/6
f 11194/4/6 11189/4/6 11195/4/6
f 11189/3/6 11190/3/6 11195/3/6
f 11195/3/6 11191/3/6 11196/3/6
f 11193/3/6 11194/3/6 11198/3/6
f 11196/3/6 11197/3/6 11198/3/6
f 11195/3/6 11196/3/6 11198/3/6
f 11194/3/6 11195/3/6 11198/3/6
f 11198/3/6 11197/3/6 11199/3/6
f 11199/3/6 11197/3/6 11200/3/6
f 11200/3/6 11201/3/6 11202/3/6
f 11199/3/6 11200/3/6 11202/3/6
f 11202/3/6 11201/3/6 11203/3/6
f 11203/3/6 11201/3/6 11204/3/6
f 11204/3/6 11205/3/6 11206/3/6
f 11203/3/6 11204/3/6 11206/3/6
f 11206/3/6 11205/3/6 11207/3/6
f 11207/3/6 11205/3/6 11208/3/6
f 11208/3/6 11209/3/6 11210/3/6
f 11207/3/6 11208/3/6 11210/3/6
f 11210/3/6 11209/3/6 11211/3/6
f 11211/3/6 11209/3/6 11212/3/6
f 11212/3/6 11213/3/6 11214/3/6
f 11211/3/6 11212/3/6 11214/3/6
f 11214/3/6 11213/3/6 11215/3/6
f 11215/3/6 11213/3/6 11216/3/6
f 11216/3/6 11217/3/6 11218/3/6
f 11215/3/6 11216/3/6 11218/3/6
f 11218/3/6 11217/3/6 11219/3/6
f 11219/3/6 11217/3/6 11220/3/6
f 11220/3/6 11221/3/6 11222/3/6
f 11219/3/6 11220/3/6 11222/3/6
f 11222/3/6 11221/3/6 11223/3/6
f 11223/3/6 11221/3/6 11224/3/6
f 11224/3/6 11225/3/6 11226/3/6
f 11223/3/6 11224/3/6 11226/3/6
f 11226/3/6 11225/3/6 11227/3/6
f 11227/3/6 11225/3/6 11228/3/6
f 11228/3/6 11229/3/6 11230/3/6
f 11227/3/6 11228/3/6 11230/3/6
f 11230/3/6 11229/3/6 11231/3/6
f 11231/3/6 11229/3/6 11232/3/6
f 11232/3/6 11233/3/6 11234/3/6
f 11231/3/6 11232/3/6 11234/3/6
f 11234/3/6 11233/3/6 11235/3/6
f 11235/3/6 11233/3/6 11236/3/6
f 11236/3/6 11237/3/6 11238/3/6
f 11235/3/6 11236/3/6 11238/3/6
f 11238/3/6 11237/3/6 11239/3/6
f 11239/3/6 11237/3/6 11240/3/6
f 11240/3/6 11241/3/6 11242/3/6
f 11239/3/6 11240/3/6 11242/3/6
f 11242/3/6 11241/3/6 11243/3/6
f 11243/3/6 11241/3/6 11244/3/6
f 11243/3/6 11244/3/6 11247/3/6
f 11244/3/6 11245/3/6 11247/3/6
f 11247/3/6 11245/3/6 11248/3/6
f 11245/1/6 11246/1/6 11249/1/6
f 11248/3/6 11245/3/6 11249/3/6
f 11249/1/6 11246/1/6 11250/1/6
f 11250/3/6 11251/3/6 11252/3/6
f 11249/3/6 11250/3/6 11252/3/6
f 11248/3/6 11249/3/6 11252/3/6
f 11252/3/6 11251/3/6 11253/3/6
f 11253/3/6 11251/3/6 11254/3/6
f 11254/3/6 11251/3/6 11255/3/6
f 11255/3/6 11251/3/6 11256/3/6
f 11256/3/6 11251/3/6 11257/3/6
f 11257/3/6 11251/3/6 11258/3/6
f 11253/3/6 11254/3/6 11260/3/6
f 11260/3/6 11254/3/6 11261/3/6
f 11261/3/6 11254/3/6 11262/3/6
f 11262/3/6 11254/3/6 11263/3/6
f 11254/4/6 11255/4/6 11264/4/6
f 11263/3/6 11254/3/6 11264/3/6
f 11255/3/6 11256/3/6 11265/3/6
f 11264/4/6 11255/4/6 11265/4/6
f 11256/1/6 11257/1/6 11266/1/6
f 11265/3/6 11256/3/6 11266/3/6
f 11258/3/6 11259/3/6 11267/3/6
f 11266/1/6 11257/1/6 11267/1/6
f 11257/3/6 11258/3/6 11267/3/6
f 11267/3/6 11259/3/6 11268/3/6
f 11261/3/6 11262/3/6 11270/3/6
f 11270/3/6 11262/3/6 11271/3/6
f 11265/3/6 11266/3/6 11272/3/6
f 11268/3/6 11269/3/6 11272/3/6
f 11263/3/6 11264/3/6 11272/3/6
f 11264/3/6 11265/3/6 11272/3/6
f 11266/3/6 11267/3/6 11272/3/6
f 11267/3/6 11268/3/6 11272/3/6
f 11271/3/6 11262/3/6 11274/3/6
f 11262/2/6 11263/2/6 11275/2/6
f 11274/3/6 11262/3/6 11275/3/6
f 11272/3/6 11273/3/6 11276/3/6
f 11275/2/6 11263/2/6 11278/2/6
f 11276/3/6 11277/3/6 11279/3/6
f 11278/2/6 11263/2/6 11279/2/6
f 11263/3/6 11272/3/6 11279/3/6
f 11272/3/6 11276/3/6 11279/3/6
f 11279/3/6 11277/3/6 11280/3/6
f 11280/3/6 11277/3/6 11281/3/6
f 11281/3/6 11282/3/6 11283/3/6
f 11280/3/6 11281/3/6 11283/3/6
f 11283/3/6 11282/3/6 11284/3/6
f 11284/3/6 11282/3/6 11285/3/6
f 11285/3/6 11286/3/6 11287/3/6
f 11284/3/6 11285/3/6 11287/3/6
f 11287/3/6 11286/3/6 11288/3/6
f 11288/3/6 11286/3/6 11289/3/6
f 11289/3/6 11286/3/6 11290/3/6
f 11290/3/6 11286/3/6 11291/3/6
f 11288/3/6 11289/3/6 11293/3/6
f 11293/3/6 11289/3/6 11294/3/6
f 11289/4/6 11290/4/6 11295/4/6
f 11294/3/6 11289/3/6 11295/3/6
f 11291/3/6 11292/3/6 11296/3/6
f 11295/4/6 11290/4/6 11296/4/6
f 11290/3/6 11291/3/6 11296/3/6
f 11296/3/6 11292/3/6 11297/3/6
f 11294/3/6 11295/3/6 11299/3/6
f 11297/3/6 11298/3/6 11299/3/6
f 11296/3/6 11297/3/6 11299/3/6
f 11295/3/6 11296/3/6 11299/3/6
f 11299/3/6 11298/3/6 11300/3/6
f 11300/3/6 11298/3/6 11301/3/6
f 11301/3/6 11302/3/6 11303/3/6
f 11300/3/6 11301/3/6 11303/3/6
f 11303/3/6 11302/3/6 11304/3/6
f 11304/3/6 11302/3/6 11305/3/6
f 11305/3/6 11306/3/6 11307/3/6
f 11304/3/6 11305/3/6 11307/3/6
f 11307/3/6 11306/3/6 11308/3/6
f 11308/3/6 11306/3/6 11309/3/6
f 11308/3/6 11309/3/6 11312/3/6
f 11312/3/6 11309/3/6 11313/3/6
f 11309/4/6 11310/4/6 11314/4/6
f 11313/3/6 11309/3/6 11314/3/6
f 11310/3/6 11311/3/6 11315/3/6
f 11314/4/6 11310/4/6 11315/4/6
f 11315/3/6 11311/3/6 11316/3/6
f 11313/3/6 11314/3/6 11318/3/6
f 11316/3/6 11317/3/6 11318/3/6
f 11315/3/6 11316/3/6 11318/3/6
f 11314/3/6 11315/3/6 11318/3/6
f 11318/3/6 11317/3/6 11319/3/6
f 11319/3/6 11317/3/6 11320/3/6
f 11320/3/6 11321/3/6 11322/3/6
f 11319/3/6 11320/3/6 11322/3/6
f 11322/3/6 11321/3/6 11323/3/6
f 11323/3/6 11321/3/6 11324/3/6
f 11324/3/6 11321/3/6 11325/3/6
f 11323/4/6 11324/4/6 11327/4/6
f 11325/3/6 11326/3/6 11328/3/6
f 11327/4/6 11324/4/6 11328/4/6
f 11324/3/6 11325/3/6 11328/3/6
f 11328/3/6 11326/3/6 11329/3/6
f 11329/3/6 11326/3/6 11330/3/6
f 11330/3/6 11331/3/6 11332/3/6
f 11329/3/6 11330/3/6 11332/3/6
f 11332/3/6 11331/3/6 11333/3/6
f 11333/3/6 11331/3/6 11334/3/6
f 11334/3/6 11335/3/6 11336/3/6
f 11333/3/6 11334/3/6 11336/3/6
f 11336/3/6 11335/3/6 11337/3/6
f 11337/3/6 11335/3/6 11338/3/6
f 11338/3/6 11335/3/6 11339/3/6
f 11339/3/6 11335/3/6 11340/3/6
f 11337/3/6 11338/3/6 11342/3/6
f 11342/3/6 11338/3/6 11343/3/6
f 11338/1/6 11339/1/6 11344/1/6
f 11343/3/6 11338/3/6 11344/3/6
f 11340/3/6 11341/3/6 11345/3/6
f 11344/1/6 11339/1/6 11345/1/6
f 11339/3/6 11340/3/6 11345/3/6
f 11345/3/6 11341/3/6 11346/3/6
f 11343/3/6 11344/3/6 11348/3/6
f 11346/3/6 11347/3/6 11348/3/6
f 11345/3/6 11346/3/6 11348/3/6
f 11344/3/6 11345/3/6 11348/3/6
f 11348/3/6 11347/3/6 11349/3/6
f 11349/3/6 11347/3/6 11350/3/6
f 11350/3/6 11351/3/6 11352/3/6
f 11349/3/6 11350/3/6 11352/3/6
f 11352/3/6 11351/3/6 11353/3/6
f 11353/3/6 11351/3/6 11354/3/6
f 11354/3/6 11355/3/6 11356/3/6
f 11353/3/6 11354/3/6 11356/3/6
f 11356/3/6 11355/3/6 11357/3/6
f 11357/3/6 11355/3/6 11358/3/6
f 11358/3/6 11359/3/6 11360/3/6
f 11357/3/6 11358/3/6 11360/3/6
f 11360/3/6 11359/3/6 11361/3/6
f 11361/3/6 11359/3/6 11362/3/6
f 11362/3/6 11363/3/6 11364/3/6
f 11361/3/6 11362/3/6 11364/3/6
f 11364/3/6 11363/3/6 11365/3/6
f 11365/3/6 11363/3/6 11366/3/6
f 11366/3/6 11363/3/6 11367/3/6
f 11365/1/6 11366/1/6 11369/1/6
f 11367/3/6 11368/3/6 11370/3/6
f 11369/1/6 11366/1/6 11370/1/6
f 11366/3/6 11367/3/6 11370/3/6
f 11370/3/6 11368/3/6 11371/3/6
f 11371/3/6 11368/3/6 11372/3/6
f 11372/3/6 11373/3/6 11374/3/6
f 11371/3/6 11372/3/6 11374/3/6
f 11374/3/6 11373/3/6 11375/3/6
f 11375/3/6 11373/3/6 11376/3/6
f 11376/3/6 11377/3/6 11378/3/6
f 11375/3/6 11376/3/6 11378/3/6
f 11378/3/6 11377/3/6 11379/3/6
f 11379/3/6 11377/3/6 11380/3/6
f 11380/3/6 11381/3/6 11382/3/6
f 11379/3/6 11380/3/6 11382/3/6
f 11382/3/6 11381/3/6 11383/3/6
f 11383/3/6 11381/3/6 11384/3/6
f 11384/3/6 11385/3/6 11386/3/6
f 11383/3/6 11384/3/6 11386/3/6
f 11386/3/6 11385/3/6 11387/3/6
f 11387/3/6 11385/3/6 11388/3/6
f 11388/3/6 11385/3/6 11389/3/6
f 11389/3/6 11385/3/6 11390/3/6
f 11387/3/6 11388/3/6 11392/3/6
f 11392/3/6 11388/3/6 11393/3/6
f 11388/1/6 11389/1/6 11394/1/6
f 11393/3/6 11388/3/6 11394/3/6
f 11390/3/6 11391/3/6 11395/3/6
f 11394/1/6 11389/1/6 11395/1/6
f 11389/3/6 11390/3/6 11395/3/6
f 11395/3/6 11391/3/6 11396/3/6
f 11393/3/6 11394/3/6 11398/3/6
f 11396/3/6 11397/3/6 11398/3/6
f 11395/3/6 11396/3/6 11398/3/6
f 11394/3/6 11395/3/6 11398/3/6
f 11398/3/6 11397/3/6 11399/3/6
f 11399/3/6 11397/3/6 11400/3/6
f 11400/3/6 11401/3/6 11402/3/6
f 11399/3/6 11400/3/6 11402/3/6
f 11402/3/6 11401/3/6 11403/3/6
f 11403/3/6 11401/3/6 11404/3/6
f 11404/3/6 11405/3/6 11406/3/6
f 11403/3/6 11404/3/6 11406/3/6
f 11406/3/6 11405/3/6 11407/3/6
f 11407/3/6 11405/3/6 11408/3/6
f 11408/3/6 11409/3/6 11410/3/6
f 11407/3/6 11408/3/6 11410/3/6
f 11410/3/6 11409/3/6 11411/3/6
f 11411/3/6 11409/3/6 11412/3/6
f 11412/3/6 11413/3/6 11414/3/6
f 11411/3/6 11412/3/6 11414/3/6
f 11414/3/6 11413/3/6 11415/3/6
f 11415/3/6 11413/3/6 11416/3/6
f 11416/3/6 11417/3/6 11418/3/6
f 11415/3/6 11416/3/6 11418/3/6
f 11418/3/6 11417/3/6 11419/3/6
f 11419/3/6 11417/3/6 11420/3/6
f 11420/3/6 11421/3/6 11422/3/6
f 11419/3/6 11420/3/6 11422/3/6
f 11422/3/6 11421/3/6 11423/3/6
f 11423/3/6 11421/3/6 11424/3/6
f 11424/3/6 11425/3/6 11426/3/6
f 11423/3/6 11424/3/6 11426/3/6
f 11426/3/6 11425/3/6 11427/3/6
f 11427/3/6 11425/3/6 11428/3/6
f 11428/3/6 11429/3/6 11430/3/6
f 11427/3/6 11428/3/6 11430/3/6
f 11430/3/6 11429/3/6 11431/3/6
f 11431/3/6 11429/3/6 11432/3/6
f 11432/3/6 11433/3/6 11434/3/6
f 11431/3/6 11432/3/6 11434/3/6
f 11434/3/6 11433/3/6 11435/3/6
f 11435/3/6 11433/3/6 11436/3/6
f 11436/3/6 11433/3/6 11437/3/6
f 11437/3/6 11433/3/6 11438/3/6
f 11435/3/6 11436/3/6 11440/3/6
f 11440/3/6 11436/3/6 11441/3/6
f 11436/4/6 11437/4/6 11442/4/6
f 11441/3/6 11436/3/6 11442/3/6
f 11438/3/6 11439/3/6 11443/3/6
f 11442/4/6 11437/4/6 11443/4/6
f 11437/3/6 11438/3/6 11443/3/6
f 11443/3/6 11439/3/6 11444/3/6
f 11441/3/6 11442/3/6 11446/3/6
f 11444/3/6 11445/3/6 11446/3/6
f 11443/3/6 11444/3/6 11446/3/6
f 11442/3/6 11443/3/6 11446/3/6
f 11446/3/6 11445/3/6 11447/3/6
f 11447/3/6 11445/3/6 11448/3/6
f 11448/3/6 11449/3/6 11450/3/6
f 11447/3/6 11448/3/6 11450/3/6
f 11450/3/6 11449/3/6 11451/3/6
f 11451/3/6 11449/3/6 11452/3/6
f 11452/3/6 11453/3/6 11454/3/6
f 11451/3/6 11452/3/6 11454/3/6
f 11454/3/6 11453/3/6 11455/3/6
f 11455/3/6 11453/3/6 11456/3/6
f 11456/3/6 11457/3/6 11458/3/6
f 11455/3/6 11456/3/6 11458/3/6
f 11458/3/6 11457/3/6 11459/3/6
f 11459/3/6 11457/3/6 11460/3/6
f 11460/3/6 11461/3/6 11462/3/6
f 11459/3/6 11460/3/6 11462/3/6
f 11462/3/6 11461/3/6 11463/3/6
f 11463/3/6 11461/3/6 11464/3/6
f 11464/3/6 11461/3/6 11465/3/6
f 11465/3/6 11461/3/6 11466/3/6
f 11463/3/6 11464/3/6 11468/3/6
f 11468/3/6 11464/3/6 11469/3/6
f 11464/4/6 11465/4/6 11470/4/6
f 11469/3/6 11464/3/6 11470/3/6
f 11466/3/6 11467/3/6 11471/3/6
f 11470/4/6 11465/4/6 11471/4/6
f 11465/3/6 11466/3/6 11471/3/6
f 11471/3/6 11467/3/6 11472/3/6
f 11469/3/6 11470/3/6 11474/3/6
f 11472/3/6 11473/3/6 11474/3/6
f 11471/3/6 11472/3/6 11474/3/6
f 11470/3/6 11471/3/6 11474/3/6
f 11474/3/6 11473/3/6 11475/3/6
f 11475/3/6 11473/3/6 11476/3/6
f 11476/3/6 11477/3/6 11478/3/6
f 11475/3/6 11476/3/6 11478/3/6
f 11478/3/6 11477/3/6 11479/3/6
f 11479/3/6 11477/3/6 11480/3/6
f 11480/3/6 11481/3/6 11482/3/6
f 11479/3/6 11480/3/6 11482/3/6
f 11482/3/6 11481/3/6 11483/3/6
f 11483/3/6 11481/3/6 11484/3/6
f 11484/3/6 11485/3/6 11486/3/6
f 11483/3/6 11484/3/6 11486/3/6
f 11486/3/6 11485/3/6 11487/3/6
f 11487/3/6 11485/3/6 11488/3/6
f 11488/3/6 11489/3/6 11490/3/6
f 11487/3/6 11488/3/6 11490/3/6
f 11490/3/6 11489/3/6 11491/3/6
f 11491/3/6 11489/3/6 11492/3/6
f 11492/3/6 11493/3/6 11494/3/6
f 11491/3/6 11492/3/6 11494/3/6
f 11494/3/6 11493/3/6 11495/3/6
f 11495/3/6 11493/3/6 11496/3/6
f 11496/3/6 11497/3/6 11498/3/6
f 11495/3/6 11496/3/6 11498/3/6
f 11498/3/6 11497/3/6 11499/3/6
f 11499/3/6 11497/3/6 11500/3/6
f 11500/3/6 11501/3/6 11502/3/6
f 11499/3/6 11500/3/6 11502/3/6
f 11502/3/6 11501/3/6 11503/3/6
f 11503/3/6 11501/3/6 11504/3/6
f 11504/3/6 11501/3/6 11505/3/6
f 11505/3/6 11501/3/6 11506/3/6
f 11503/3/6 11504/3/6 11508/3/6
f 11508/3/6 11504/3/6 11509/3/6
f 11504/4/6 11505/4/6 11510/4/6
f 11509/3/6 11504/3/6 11510/3/6
f 11506/3/6 11507/3/6 11511/3/6
f 11510/4/6 11505/4/6 11511/4/6
f 11505/3/6 11506/3/6 11511/3/6
f 11511/3/6 11507/3/6 11512/3/6
f 11509/3/6 11510/3/6 11514/3/6
f 11512/3/6 11513/3/6 11514/3/6
f 11511/3/6 11512/3/6 11514/3/6
f 11510/3/6 11511/3/6 11514/3/6
f 11514/3/6 11513/3/6 11515/3/6
f 11515/3/6 11513/3/6 11516/3/6
f 11516/3/6 11517/3/6 11518/3/6
f 11515/3/6 11516/3/6 11518/3/6
f 11518/3/6 11517/3/6 11519/3/6
f 11519/3/6 11517/3/6 11520/3/6
f 11520/3/6 11521/3/6 11522/3/6
f 11519/3/6 11520/3/6 11522/3/6
f 11522/3/6 11521/3/6 11523/3/6
f 11523/3/6 11521/3/6 11524/3/6
f 11524/3/6 11525/3/6 11526/3/6
f 11523/3/6 11524/3/6 11526/3/6
f 11526/3/6 11525/3/6 11527/3/6
f 11527/3/6 11525/3/6 11528/3/6
f 11528/3/6 11529/3/6 11530/3/6
f 11527/3/6 11528/3/6 11530/3/6
f 11530/3/6 11529/3/6 11531/3/6
f 11531/3/6 11529/3/6 11532/3/6
f 11532/3/6 11533/3/6 11534/3/6
f 11531/3/6 11532/3/6 11534/3/6
f 11534/3/6 11533/3/6 11535/3/6
f 11536/3/6 11537/3/6 11538/3/6
f 11538/3/6 11539/3/6 11540/3/6
f 11540/3/6 11541/3/6 11542/3/6
f 11542/3/6 11543/3/6 11544/3/6
f 11536/3/6 11538/3/6 11546/3/6
f 11544/3/6 11545/3/6 11546/3/6
f 11542/3/6 11544/3/6 11546/3/6
f 11540/3/6 11542/3/6 11546/3/6
f 11538/3/6 11540/3/6 11546/3/6
f 11546/3/6 11545/3/6 11547/3/6
f 11547/3/6 11545/3/6 11548/3/6
f 11546/2/6 11547/2/6 11550/2/6
f 11548/3/6 11549/3/6 11551/3/6
f 11550/2/6 11547/2/6 11551/2/6
f 11547/3/6 11548/3/6 11551/3/6
f 11551/3/6 11549/3/6 11552/3/6
f 11550/3/6 11551/3/6 11554/3/6
f 11552/3/6 11553/3/6 11554/3/6
f 11551/3/6 11552/3/6 11554/3/6
f 11554/3/6 11555/3/6 11556/3/6
f 11556/3/6 11557/3/6 11558/3/6
f 11558/3/6 11559/3/6 11560/3/6
f 11560/3/6 11561/3/6 11562/3/6
f 11562/3/6 11563/3/6 11566/3/6
f 11564/3/6 11565/3/6 11566/3/6
f 11563/3/6 11564/3/6 11566/3/6
f 11566/3/6 11567/3/6 11568/3/6
f 11568/3/6 11569/3/6 11570/3/6
f 11570/3/6 11571/3/6 11572/3/6
f 11572/3/6 11573/3/6 11574/3/6
f 11574/3/6 11575/3/6 11576/3/6
f 11576/3/6 11577/3/6 11578/3/6
f 11550/3/6 11554/3/6 11580/3/6
f 11578/3/6 11579/3/6 11580/3/6
f 11576/3/6 11578/3/6 11580/3/6
f 11574/3/6 11576/3/6 11580/3/6
f 11572/3/6 11574/3/6 11580/3/6
f 11570/3/6 11572/3/6 11580/3/6
f 11568/3/6 11570/3/6 11580/3/6
f 11566/3/6 11568/3/6 11580/3/6
f 11562/3/6 11566/3/6 11580/3/6
f 11560/3/6 11562/3/6 11580/3/6
f 11558/3/6 11560/3/6 11580/3/6
f 11556/3/6 11558/3/6 11580/3/6
f 11554/3/6 11556/3/6 11580/3/6
f 11580/3/6 11579/3/6 11581/3/6
f 11581/3/6 11579/3/6 11582/3/6
f 11550/3/6 11580/3/6 11584/3/6
f 11580/2/6 11581/2/6 11584/2/6
f 11582/3/6 11583/3/6 11585/3/6
f 11584/2/6 11581/2/6 11585/2/6
f 11581/3/6 11582/3/6 11585/3/6
f 11585/3/6 11583/3/6 11586/3/6
f 11584/3/6 11585/3/6 11588/3/6
f 11586/3/6 11587/3/6 11588/3/6
f 11585/3/6 11586/3/6 11588/3/6
f 11584/3/6 11588/3/6 11590/3/6
f 11588/3/6 11589/3/6 11590/3/6
f 11590/3/6 11589/3/6 11591/3/6
f 11591/3/6 11589/3/6 11592/3/6
f 11592/3/6 11589/3/6 11593/3/6
f 11593/3/6 11589/3/6 11594/3/6
f 11550/3/6 11584/3/6 11596/3/6
f 11584/3/6 11590/3/6 11596/3/6
f 11596/3/6 11590/3/6 11597/3/6
f 11590/4/6 11591/4/6 11598/4/6
f 11597/3/6 11590/3/6 11598/3/6
f 11591/3/6 11592/3/6 11599/3/6
f 11598/4/6 11591/4/6 11599/4/6
f 11592/2/6 11593/2/6 11600/2/6
f 11599/3/6 11592/3/6 11600/3/6
f 11594/3/6 11595/3/6 11601/3/6
f 11600/2/6 11593/2/6 11601/2/6
f 11593/3/6 11594/3/6 11601/3/6
f 11601/3/6 11595/3/6 11602/3/6
f 11599/3/6 11600/3/6 11604/3/6
f 11602/3/6 11603/3/6 11604/3/6
f 11601/3/6 11602/3/6 11604/3/6
f 11600/3/6 11601/3/6 11604/3/6
f 11598/3/6 11599/3/6 11604/3/6
f 11597/3/6 11598/3/6 11604/3/6
f 11604/3/6 11603/3/6 11605/3/6
f 11605/3/6 11603/3/6 11606/3/6
f 11606/3/6 11603/3/6 11607/3/6
f 11607/3/6 11603/3/6 11608/3/6
f 11608/3/6 11603/3/6 11609/3/6
f 11605/1/6 11606/1/6 11611/1/6
f 11606/3/6 11607/3/6 11612/3/6
f 11611/1/6 11606/1/6 11612/1/6
f 11612/3/6 11607/3/6 11613/3/6
f 11613/3/6 11607/3/6 11614/3/6
f 11614/3/6 11607/3/6 11615/3/6
f 11607/2/6 11608/2/6 11616/2/6
f 11615/3/6 11607/3/6 11616/3/6
f 11609/3/6 11610/3/6 11617/3/6
f 11616/2/6 11608/2/6 11617/2/6
f 11608/3/6 11609/3/6 11617/3/6
f 11617/3/6 11610/3/6 11618/3/6
f 11613/3/6 11614/3/6 11620/3/6
f 11620/3/6 11614/3/6 11621/3/6
f 11614/4/6 11615/4/6 11622/4/6
f 11621/3/6 11614/3/6 11622/3/6
f 11615/3/6 11616/3/6 11623/3/6
f 11622/4/6 11615/4/6 11623/4/6
f 11618/3/6 11619/3/6 11623/3/6
f 11617/3/6 11618/3/6 11623/3/6
f 11616/3/6 11617/3/6 11623/3/6
f 11623/3/6 11619/3/6 11624/3/6
f 11621/3/6 11622/3/6 11626/3/6
f 11624/3/6 11625/3/6 11626/3/6
f 11623/3/6 11624/3/6 11626/3/6
f 11622/3/6 11623/3/6 11626/3/6
f 11626/3/6 11625/3/6 11627/3/6
f 11627/3/6 11625/3/6 11628/3/6
f 11628/3/6 11629/3/6 11630/3/6
f 11627/3/6 11628/3/6 11630/3/6
f 11630/3/6 11629/3/6 11631/3/6
f 11631/3/6 11629/3/6 11632/3/6
f 11632/3/6 11633/3/6 11634/3/6
f 11631/3/6 11632/3/6 11634/3/6
f 11634/3/6 11633/3/6 11635/3/6
f 11635/3/6 11633/3/6 11636/3/6
f 11636/3/6 11637/3/6 11638/3/6
f 11635/3/6 11636/3/6 11638/3/6
f 11638/3/6 11637/3/6 11639/3/6
f 11639/3/6 11637/3/6 11640/3/6
f 11640/3/6 11641/3/6 11642/3/6
f 11639/3/6 11640/3/6 11642/3/6
f 11642/3/6 11641/3/6 11643/3/6
f 11643/3/6 11641/3/6 11644/3/6
f 11644/3/6 11641/3/6 11645/3/6
f 11645/3/6 11641/3/6 11646/3/6
f 11643/3/6 11644/3/6 11648/3/6
f 11648/3/6 11644/3/6 11649/3/6
f 11646/3/6 11647/3/6 11650/3/6
f 11645/3/6 11646/3/6 11650/3/6
f 11649/3/6 11644/3/6 11652/3/6
f 11652/3/6 11644/3/6 11653/3/6
f 11644/1/6 11645/1/6 11654/1/6
f 11653/3/6 11644/3/6 11654/3/6
f 11650/3/6 11651/3/6 11655/3/6
f 11654/1/6 11645/1/6 11655/1/6
f 11645/3/6 11650/3/6 11655/3/6
f 11655/3/6 11651/3/6 11656/3/6
f 11656/3/6 11651/3/6 11657/3/6
f 11657/3/6 11651/3/6 11658/3/6
f 11653/3/6 11654/3/6 11660/3/6
f 11654/3/6 11655/3/6 11660/3/6
f 11655/3/6 11656/3/6 11660/3/6
f 11660/3/6 11656/3/6 11661/3/6
f 11656/1/6 11657/1/6 11662/1/6
f 11661/3/6 11656/3/6 11662/3/6
f 11658/3/6 11659/3/6 11663/3/6
f 11662/1/6 11657/1/6 11663/1/6
f 11657/3/6 11658/3/6 11663/3/6
f 11663/3/6 11659/3/6 11664/3/6
f 11661/3/6 11662/3/6 11666/3/6
f 11664/3/6 11665/3/6 11666/3/6
f 11663/3/6 11664/3/6 11666/3/6
f 11662/3/6 11663/3/6 11666/3/6
f 11666/3/6 11665/3/6 11667/3/6
f 11667/3/6 11665/3/6 11668/3/6
f 11668/3/6 11665/3/6 11669/3/6
f 11669/3/6 11665/3/6 11670/3/6
f 11667/3/6 11668/3/6 11672/3/6
f 11672/3/6 11668/3/6 11673/3/6
f 11668/1/6 11669/1/6 11674/1/6
f 11673/3/6 11668/3/6 11674/3/6
f 11670/3/6 11671/3/6 11675/3/6
f 11674/1/6 11669/1/6 11675/1/6
f 11669/3/6 11670/3/6 11675/3/6
f 11675/3/6 11671/3/6 11676/3/6
f 11673/3/6 11674/3/6 11678/3/6
f 11676/3/6 11677/3/6 11678/3/6
f 11675/3/6 11676/3/6 11678/3/6
f 11674/3/6 11675/3/6 11678/3/6
f 11678/3/6 11677/3/6 11679/3/6
f 11679/3/6 11677/3/6 11680/3/6
f 11680/3/6 11681/3/6 11682/3/6
f 11679/3/6 11680/3/6 11682/3/6
f 11682/3/6 11681/3/6 11683/3/6
f 11683/3/6 11681/3/6 11684/3/6
f 11684/3/6 11685/3/6 11686/3/6
f 11683/3/6 11684/3/6 11686/3/6
f 11686/3/6 11685/3/6 11687/3/6
f 11687/3/6 11685/3/6 11688/3/6
f 11688/3/6 11689/3/6 11690/3/6
f 11687/3/6 11688/3/6 11690/3/6
f 11690/3/6 11689/3/6 11691/3/6
f 11691/3/6 11689/3/6 11692/3/6
f 11692/3/6 11689/3/6 11693/3/6
f 11693/3/6 11689/3/6 11694/3/6
f 11694/3/6 11689/3/6 11695/3/6
f 11695/3/6 11689/3/6 11696/3/6
f 11691/3/6 11692/3/6 11698/3/6
f 11698/3/6 11692/3/6 11699/3/6
f 11692/1/6 11693/1/6 11700/1/6
f 11699/3/6 11692/3/6 11700/3/6
f 11693/3/6 11694/3/6 11701/3/6
f 11700/1/6 11693/1/6 11701/1/6
f 11694/4/6 11695/4/6 11702/4/6
f 11701/3/6 11694/3/6 11702/3/6
f 11696/3/6 11697/3/6 11703/3/6
f 11702/4/6 11695/4/6 11703/4/6
f 11695/3/6 11696/3/6 11703/3/6
f 11703/3/6 11697/3/6 11704/3/6
f 11704/3/6 11697/3/6 11705/3/6
f 11705/3/6 11697/3/6 11706/3/6
f 11701/3/6 11702/3/6 11709/3/6
f 11699/3/6 11700/3/6 11709/3/6
f 11700/3/6 11701/3/6 11709/3/6
f 11702/3/6 11703/3/6 11709/3/6
f 11703/3/6 11704/3/6 11709/3/6
f 11709/3/6 11704/3/6 11710/3/6
f 11704/4/6 11705/4/6 11711/4/6
f 11710/3/6 11704/3/6 11711/3/6
f 11707/3/6 11708/3/6 11712/3/6
f 11711/4/6 11705/4/6 11712/4/6
f 11706/3/6 11707/3/6 11712/3/6
f 11705/3/6 11706/3/6 11712/3/6
f 11712/3/6 11708/3/6 11713/3/6
f 11710/3/6 11711/3/6 11715/3/6
f 11713/3/6 11714/3/6 11715/3/6
f 11712/3/6 11713/3/6 11715/3/6
f 11711/3/6 11712/3/6 11715/3/6
f 11715/3/6 11714/3/6 11716/3/6
f 11716/3/6 11714/3/6 11717/3/6
f 11717/3/6 11718/3/6 11719/3/6
f 11716/3/6 11717/3/6 11719/3/6
f 11719/3/6 11718/3/6 11720/3/6
f 11720/3/6 11718/3/6 11721/3/6
f 11721/3/6 11722/3/6 11723/3/6
f 11720/3/6 11721/3/6 11723/3/6
f 11723/3/6 11722/3/6 11724/3/6
f 11724/3/6 11722/3/6 11725/3/6
f 11725/3/6 11726/3/6 11727/3/6
f 11724/3/6 11725/3/6 11727/3/6
f 11727/3/6 11726/3/6 11728/3/6
f 11728/3/6 11726/3/6 11729/3/6
f 11729/3/6 11726/3/6 11730/3/6
f 11730/3/6 11726/3/6 11731/3/6
f 11728/3/6 11729/3/6 11733/3/6
f 11733/3/6 11729/3/6 11734/3/6
f 11729/4/6 11730/4/6 11735/4/6
f 11734/3/6 11729/3/6 11735/3/6
f 11731/3/6 11732/3/6 11736/3/6
f 11735/4/6 11730/4/6 11736/4/6
f 11730/3/6 11731/3/6 11736/3/6
f 11736/3/6 11732/3/6 11737/3/6
f 11734/3/6 11735/3/6 11739/3/6
f 11737/3/6 11738/3/6 11739/3/6
f 11736/3/6 11737/3/6 11739/3/6
f 11735/3/6 11736/3/6 11739/3/6
f 11739/3/6 11738/3/6 11740/3/6
f 11740/3/6 11738/3/6 11741/3/6
f 11741/3/6 11738/3/6 11742/3/6
f 11742/3/6 11738/3/6 11743/3/6
f 11740/3/6 11741/3/6 11745/3/6
f 11745/3/6 11741/3/6 11746/3/6
f 11741/2/6 11742/2/6 11747/2/6
f 11746/3/6 11741/3/6 11747/3/6
f 11743/3/6 11744/3/6 11748/3/6
f 11747/2/6 11742/2/6 11748/2/6
f 11742/3/6 11743/3/6 11748/3/6
f 11748/3/6 11744/3/6 11749/3/6
f 11746/3/6 11747/3/6 11751/3/6
f 11749/3/6 11750/3/6 11751/3/6
f 11748/3/6 11749/3/6 11751/3/6
f 11747/3/6 11748/3/6 11751/3/6
f 11751/3/6 11750/3/6 11752/3/6
f 11752/3/6 11750/3/6 11753/3/6
f 11753/3/6 11750/3/6 11754/3/6
f 11754/3/6 11750/3/6 11755/3/6
f 11752/3/6 11753/3/6 11757/3/6
f 11757/3/6 11753/3/6 11758/3/6
f 11758/3/6 11753/3/6 11759/3/6
f 11753/1/6 11754/1/6 11760/1/6
f 11759/3/6 11753/3/6 11760/3/6
f 11755/3/6 11756/3/6 11761/3/6
f 11760/1/6 11754/1/6 11761/1/6
f 11754/3/6 11755/3/6 11761/3/6
f 11761/3/6 11756/3/6 11762/3/6
f 11758/3/6 11759/3/6 11764/3/6
f 11764/3/6 11759/3/6 11765/3/6
f 11759/4/6 11760/4/6 11766/4/6
f 11765/3/6 11759/3/6 11766/3/6
f 11762/3/6 11763/3/6 11767/3/6
f 11766/4/6 11760/4/6 11767/4/6
f 11761/3/6 11762/3/6 11767/3/6
f 11760/3/6 11761/3/6 11767/3/6
f 11767/3/6 11763/3/6 11768/3/6
f 11768/3/6 11769/3/6 11770/3/6
f 11767/3/6 11768/3/6 11770/3/6
f 11766/3/6 11767/3/6 11770/3/6
f 11765/3/6 11766/3/6 11770/3/6
f 11770/3/6 11769/3/6 11771/3/6
f 11771/3/6 11769/3/6 11772/3/6
f 11772/3/6 11773/3/6 11774/3/6
f 11771/3/6 11772/3/6 11774/3/6
f 11774/3/6 11773/3/6 11775/3/6
f 11775/3/6 11773/3/6 11776/3/6
f 11776/3/6 11777/3/6 11778/3/6
f 11775/3/6 11776/3/6 11778/3/6
f 11778/3/6 11777/3/6 11779/3/6
f 11779/3/6 11777/3/6 11780/3/6
f 11780/3/6 11781/3/6 11782/3/6
f 11779/3/6 11780/3/6 11782/3/6
f 11782/3/6 11781/3/6 11783/3/6
f 11783/3/6 11781/3/6 11784/3/6
f 11784/3/6 11785/3/6 11786/3/6
f 11783/3/6 11784/3/6 11786/3/6
f 11786/3/6 11785/3/6 11787/3/6
f 11787/3/6 11785/3/6 11788/3/6
f 11788/3/6 11789/3/6 11790/3/6
f 11787/3/6 11788/3/6 11790/3/6
f 11790/3/6 11789/3/6 11791/3/6
f 11791/3/6 11789/3/6 11792/3/6
f 11792/3/6 11789/3/6 11793/3/6
f 11793/3/6 11789/3/6 11794/3/6
f 11791/3/6 11792/3/6 11796/3/6
f 11796/3/6 11792/3/6 11797/3/6
f 11792/1/6 11793/1/6 11798/1/6
f 11797/3/6 11792/3/6 11798/3/6
f 11794/3/6 11795/3/6 11799/3/6
f 11798/1/6 11793/1/6 11799/1/6
f 11793/3/6 11794/3/6 11799/3/6
f 11799/3/6 11795/3/6 11800/3/6
f 11797/3/6 11798/3/6 11802/3/6
f 11800/3/6 11801/3/6 11802/3/6
f 11799/3/6 11800/3/6 11802/3/6
f 11798/3/6 11799/3/6 11802/3/6
f 11802/3/6 11801/3/6 11803/3/6
f 11803/3/6 11801/3/6 11804/3/6
f 11804/3/6 11805/3/6 11806/3/6
f 11803/3/6 11804/3/6 11806/3/6
f 11806/3/6 11805/3/6 11807/3/6
f 11807/3/6 11805/3/6 11808/3/6
f 11808/3/6 11809/3/6 11810/3/6
f 11807/3/6 11808/3/6 11810/3/6
f 11810/3/6 11809/3/6 11811/3/6
f 11811/3/6 11809/3/6 11812/3/6
f 11812/3/6 11813/3/6 11814/3/6
f 11811/3/6 11812/3/6 11814/3/6
f 11814/3/6 11813/3/6 11815/3/6
f 11815/3/6 11813/3/6 11816/3/6
f 11816/3/6 11813/3/6 11817/3/6
f 11817/3/6 11813/3/6 11818/3/6
f 11818/3/6 11819/3/6 11820/3/6
f 11817/3/6 11818/3/6 11820/3/6
f 11820/3/6 11819/3/6 11821/3/6
f 11821/3/6 11819/3/6 11822/3/6
f 11822/3/6 11823/3/6 11824/3/6
f 11821/3/6 11822/3/6 11824/3/6
f 11824/3/6 11823/3/6 11825/3/6
f 11825/3/6 11823/3/6 11826/3/6
f 11826/3/6 11827/3/6 11828/3/6
f 11825/3/6 11826/3/6 11828/3/6
f 11828/3/6 11827/3/6 11829/3/6
f 11829/3/6 11827/3/6 11830/3/6
f 11830/3/6 11827/3/6 11831/3/6
f 11831/3/6 11827/3/6 11832/3/6
f 11832/3/6 11827/3/6 11833/3/6
f 11833/3/6 11827/3/6 11834/3/6
f 11829/3/6 11830/3/6 11836/3/6
f 11836/3/6 11830/3/6 11837/3/6
f 11830/2/6 11831/2/6 11838/2/6
f 11837/3/6 11830/3/6 11838/3/6
f 11831/3/6 11832/3/6 11839/3/6
f 11838/2/6 11831/2/6 11839/2/6
f 11832/2/6 11833/2/6 11840/2/6
f 11839/3/6 11832/3/6 11840/3/6
f 11834/3/6 11835/3/6 11841/3/6
f 11840/2/6 11833/2/6 11841/2/6
f 11833/3/6 11834/3/6 11841/3/6
f 11841/3/6 11835/3/6 11842/3/6
f 11839/3/6 11840/3/6 11844/3/6
f 11842/3/6 11843/3/6 11844/3/6
f 11841/3/6 11842/3/6 11844/3/6
f 11840/3/6 11841/3/6 11844/3/6
f 11838/3/6 11839/3/6 11844/3/6
f 11837/3/6 11838/3/6 11844/3/6
f 11844/3/6 11843/3/6 11845/3/6
f 11845/3/6 11843/3/6 11846/3/6
f 11845/3/6 11846/3/6 11849/3/6
f 11846/3/6 11847/3/6 11849/3/6
f 11849/3/6 11847/3/6 11850/3/6
f 11847/2/6 11848/2/6 11851/2/6
f 11850/3/6 11847/3/6 11851/3/6
f 11851/2/6 11848/2/6 11852/2/6
f 11854/3/6 11855/3/6 11856/3/6
f 11853/3/6 11854/3/6 11856/3/6
f 11852/3/6 11853/3/6 11856/3/6
f 11851/3/6 11852/3/6 11856/3/6
f 11850/3/6 11851/3/6 11856/3/6
f 11856/3/6 11855/3/6 11857/3/6
f 11857/3/6 11855/3/6 11858/3/6
f 11858/3/6 11855/3/6 11859/3/6
f 11859/3/6 11855/3/6 11860/3/6
f 11857/3/6 11858/3/6 11862/3/6
f 11862/3/6 11858/3/6 11863/3/6
f 11858/1/6 11859/1/6 11864/1/6
f 11863/3/6 11858/3/6 11864/3/6
f 11860/3/6 11861/3/6 11865/3/6
f 11864/1/6 11859/1/6 11865/1/6
f 11859/3/6 11860/3/6 11865/3/6
f 11865/3/6 11861/3/6 11866/3/6
f 11863/3/6 11864/3/6 11868/3/6
f 11866/3/6 11867/3/6 11868/3/6
f 11865/3/6 11866/3/6 11868/3/6
f 11864/3/6 11865/3/6 11868/3/6
f 11868/3/6 11867/3/6 11869/3/6
f 11869/3/6 11867/3/6 11870/3/6
f 11870/3/6 11871/3/6 11872/3/6
f 11869/3/6 11870/3/6 11872/3/6
f 11872/3/6 11871/3/6 11873/3/6
f 11873/3/6 11871/3/6 11874/3/6
f 11874/3/6 11871/3/6 11875/3/6
f 11875/3/6 11871/3/6 11876/3/6
f 11873/3/6 11874/3/6 11878/3/6
f 11878/3/6 11874/3/6 11879/3/6
f 11874/1/6 11875/1/6 11880/1/6
f 11879/3/6 11874/3/6 11880/3/6
f 11876/3/6 11877/3/6 11881/3/6
f 11880/1/6 11875/1/6 11881/1/6
f 11875/3/6 11876/3/6 11881/3/6
f 11881/3/6 11877/3/6 11882/3/6
f 11879/3/6 11880/3/6 11884/3/6
f 11882/3/6 11883/3/6 11884/3/6
f 11881/3/6 11882/3/6 11884/3/6
f 11880/3/6 11881/3/6 11884/3/6
f 11884/3/6 11883/3/6 11885/3/6
f 11885/3/6 11883/3/6 11886/3/6
f 11886/3/6 11887/3/6 11888/3/6
f 11885/3/6 11886/3/6 11888/3/6
f 11888/3/6 11887/3/6 11889/3/6
f 11889/3/6 11887/3/6 11890/3/6
f 11890/3/6 11891/3/6 11892/3/6
f 11889/3/6 11890/3/6 11892/3/6
f 11892/3/6 11891/3/6 11893/3/6
f 11893/3/6 11891/3/6 11894/3/6
f 11894/3/6 11895/3/6 11896/3/6
f 11893/3/6 11894/3/6 11896/3/6
f 11896/3/6 11895/3/6 11897/3/6
f 11897/3/6 11895/3/6 11898/3/6
f 11898/3/6 11899/3/6 11900/3/6
f 11897/3/6 11898/3/6 11900/3/6
f 11900/3/6 11899/3/6 11901/3/6
f 11901/3/6 11899/3/6 11902/3/6
f 11902/3/6 11903/3/6 11904/3/6
f 11901/3/6 11902/3/6 11904/3/6
f 11904/3/6 11903/3/6 11905/3/6
f 11905/3/6 11903/3/6 11906/3/6
f 11906/3/6 11903/3/6 11907/3/6
f 11907/3/6 11903/3/6 11908/3/6
f 11908/3/6 11903/3/6 11909/3/6
f 11909/3/6 11903/3/6 11910/3/6
f 11910/3/6 11903/3/6 11911/3/6
f 11911/3/6 11903/3/6 11912/3/6
f 11905/3/6 11906/3/6 11914/3/6
f 11914/3/6 11906/3/6 11915/3/6
f 11906/2/6 11907/2/6 11916/2/6
f 11915/3/6 11906/3/6 11916/3/6
f 11907/3/6 11908/3/6 11917/3/6
f 11916/2/6 11907/2/6 11917/2/6
f 11908/2/6 11909/2/6 11918/2/6
f 11917/3/6 11908/3/6 11918/3/6
f 11909/3/6 11910/3/6 11919/3/6
f 11918/2/6 11909/2/6 11919/2/6
f 11910/1/6 11911/1/6 11920/1/6
f 11919/3/6 11910/3/6 11920/3/6
f 11912/3/6 11913/3/6 11921/3/6
f 11920/1/6 11911/1/6 11921/1/6
f 11911/3/6 11912/3/6 11921/3/6
f 11921/3/6 11913/3/6 11922/3/6
f 11919/3/6 11920/3/6 11924/3/6
f 11922/3/6 11923/3/6 11924/3/6
f 11921/3/6 11922/3/6 11924/3/6
f 11920/3/6 11921/3/6 11924/3/6
f 11918/3/6 11919/3/6 11924/3/6
f 11917/3/6 11918/3/6 11924/3/6
f 11916/3/6 11917/3/6 11924/3/6
f 11915/3/6 11916/3/6 11924/3/6
f 11924/3/6 11923/3/6 11925/3/6
f 11925/3/6 11923/3/6 11926/3/6
f 11926/3/6 11927/3/6 11928/3/6
f 11925/3/6 11926/3/6 11928/3/6
f 11928/3/6 11927/3/6 11929/3/6
f 11929/3/6 11927/3/6 11930/3/6
f 11930/3/6 11927/3/6 11931/3/6
f 11931/3/6 11927/3/6 11932/3/6
f 11929/3/6 11930/3/6 11934/3/6
f 11934/3/6 11930/3/6 11935/3/6
f 11930/2/6 11931/2/6 11936/2/6
f 11935/3/6 11930/3/6 11936/3/6
f 11932/3/6 11933/3/6 11937/3/6
f 11936/2/6 11931/2/6 11937/2/6
f 11931/3/6 11932/3/6 11937/3/6
f 11937/3/6 11933/3/6 11938/3/6
f 11935/3/6 11936/3/6 11940/3/6
f 11938/3/6 11939/3/6 11940/3/6
f 11937/3/6 11938/3/6 11940/3/6
f 11936/3/6 11937/3/6 11940/3/6
f 11940/3/6 11939/3/6 11941/3/6
f 11941/3/6 11939/3/6 11942/3/6
f 11942/3/6 11943/3/6 11944/3/6
f 11941/3/6 11942/3/6 11944/3/6
f 11944/3/6 11943/3/6 11945/3/6
f 11945/3/6 11943/3/6 11946/3/6
f 11946/3/6 11943/3/6 11947/3/6
f 11947/3/6 11943/3/6 11948/3/6
f 11945/3/6 11946/3/6 11950/3/6
f 11950/3/6 11946/3/6 11951/3/6
f 11946/1/6 11947/1/6 11952/1/6
f 11951/3/6 11946/3/6 11952/3/6
f 11948/3/6 11949/3/6 11953/3/6
f 11952/1/6 11947/1/6 11953/1/6
f 11947/3/6 11948/3/6 11953/3/6
f 11953/3/6 11949/3/6 11954/3/6
f 11951/3/6 11952/3/6 11956/3/6
f 11954/3/6 11955/3/6 11956/3/6
f 11953/3/6 11954/3/6 11956/3/6
f 11952/3/6 11953/3/6 11956/3/6
f 11956/3/6 11955/3/6 11957/3/6
f 11957/3/6 11955/3/6 11958/3/6
f 11958/3/6 11955/3/6 11959/3/6
f 11959/3/6 11955/3/6 11960/3/6
f 11957/3/6 11958/3/6 11962/3/6
f 11962/3/6 11958/3/6 11963/3/6
f 11958/2/6 11959/2/6 11964/2/6
f 11963/3/6 11958/3/6 11964/3/6
f 11960/3/6 11961/3/6 11965/3/6
f 11964/2/6 11959/2/6 11965/2/6
f 11959/3/6 11960/3/6 11965/3/6
f 11965/3/6 11961/3/6 11966/3/6
f 11963/3/6 11964/3/6 11968/3/6
f 11966/3/6 11967/3/6 11968/3/6
f 11965/3/6 11966/3/6 11968/3/6
f 11964/3/6 11965/3/6 11968/3/6
f 11968/3/6 11967/3/6 11969/3/6
f 11969/3/6 11967/3/6 11970/3/6
f 11970/3/6 11971/3/6 11972/3/6
f 11969/3/6 11970/3/6 11972/3/6
f 11972/3/6 11971/3/6 11973/3/6
f 11973/3/6 11971/3/6 11974/3/6
f 11974/3/6 11975/3/6 11976/3/6
f 11973/3/6 11974/3/6 11976/3/6
f 11976/3/6 11975/3/6 11977/3/6
f 11977/3/6 11975/3/6 11978/3/6
f 11978/3/6 11979/3/6 11980/3/6
f 11977/3/6 11978/3/6 11980/3/6
f 11980/3/6 11979/3/6 11981/3/6
f 11981/3/6 11979/3/6 11982/3/6
f 11982/3/6 11983/3/6 11984/3/6
f 11981/3/6 11982/3/6 11984/3/6
f 11984/3/6 11983/3/6 11985/3/6
f 11985/3/6 11983/3/6 11986/3/6
f 11986/3/6 11987/3/6 11988/3/6
f 11985/3/6 11986/3/6 11988/3/6
f 11988/3/6 11987/3/6 11989/3/6
f 11989/3/6 11987/3/6 11990/3/6
f 11990/3/6 11991/3/6 11992/3/6
f 11989/3/6 11990/3/6 11992/3/6
f 11992/3/6 11991/3/6 11993/3/6
f 11993/3/6 11991/3/6 11994/3/6
f 11994/3/6 11991/3/6 11995/3/6
f 11995/3/6 11991/3/6 11996/3/6
f 11993/3/6 11994/3/6 11998/3/6
f 11998/3/6 11994/3/6 11999/3/6
f 11994/2/6 11995/2/6 12000/2/6
f 11999/3/6 11994/3/6 12000/3/6
f 11996/3/6 11997/3/6 12001/3/6
f 12000/2/6 11995/2/6 12001/2/6
f 11995/3/6 11996/3/6 12001/3/6
f 12001/3/6 11997/3/6 12002/3/6
f 11999/3/6 12000/3/6 12004/3/6
f 12002/3/6 12003/3/6 12004/3/6
f 12001/3/6 12002/3/6 12004/3/6
f 12000/3/6 12001/3/6 12004/3/6
f 12004/3/6 12003/3/6 12005/3/6
f 12005/3/6 12003/3/6 12006/3/6
f 12006/3/6 12007/3/6 12008/3/6
f 12005/3/6 12006/3/6 12008/3/6
f 12008/3/6 12007/3/6 12009/3/6
f 12009/3/6 12007/3/6 12010/3/6
f 12010/3/6 12011/3/6 12012/3/6
f 12009/3/6 12010/3/6 12012/3/6
f 12012/3/6 12011/3/6 12013/3/6
f 12013/3/6 12011/3/6 12014/3/6
f 12014/3/6 12015/3/6 12016/3/6
f 12013/3/6 12014/3/6 12016/3/6
f 12016/3/6 12015/3/6 12017/3/6
f 12017/3/6 12015/3/6 12018/3/6
f 12018/3/6 12019/3/6 12020/3/6
f 12017/3/6 12018/3/6 12020/3/6
f 12020/3/6 12019/3/6 12021/3/6
f 12021/3/6 12019/3/6 12022/3/6
f 12022/3/6 12023/3/6 12024/3/6
f 12021/3/6 12022/3/6 12024/3/6
f 12024/3/6 12023/3/6 12025/3/6
f 12025/3/6 12023/3/6 12026/3/6
f 12026/3/6 12023/3/6 12027/3/6
f 12027/3/6 12023/3/6 12028/3/6
f 12028/3/6 12029/3/6 12030/3/6
f 12027/3/6 12028/3/6 12030/3/6
f 12030/3/6 12029/3/6 12031/3/6
f 12031/3/6 12029/3/6 12032/3/6
f 12032/3/6 12029/3/6 12033/3/6
f 12033/3/6 12029/3/6 12034/3/6
f 12034/3/6 12035/3/6 12036/3/6
f 12033/3/6 12034/3/6 12036/3/6
f 12036/3/6 12035/3/6 12037/3/6
f 12037/3/6 12035/3/6 12038/3/6
f 12038/3/6 12039/3/6 12040/3/6
f 12037/3/6 12038/3/6 12040/3/6
f 12040/3/6 12039/3/6 12041/3/6
f 12041/3/6 12039/3/6 12042/3/6
f 12042/3/6 12043/3/6 12044/3/6
f 12041/3/6 12042/3/6 12044/3/6
f 12044/3/6 12043/3/6 12045/3/6
f 12045/3/6 12043/3/6 12046/3/6
f 12046/3/6 12047/3/6 12048/3/6
f 12045/3/6 12046/3/6 12048/3/6
f 12048/3/6 12047/3/6 12049/3/6
f 12049/3/6 12047/3/6 12050/3/6
f 12050/3/6 12051/3/6 12052/3/6
f 12049/3/6 12050/3/6 12052/3/6
f 12052/3/6 12051/3/6 12053/3/6
f 12053/3/6 12051/3/6 12054/3/6
f 12054/3/6 12055/3/6 12056/3/6
f 12053/3/6 12054/3/6 12056/3/6
f 12056/3/6 12055/3/6 12057/3/6
f 12057/3/6 12055/3/6 12058/3/6
f 12057/3/6 12058/3/6 12062/3/6
f 12058/3/6 12059/3/6 12062/3/6
f 12062/3/6 12059/3/6 12063/3/6
f 12063/3/6 12059/3/6 12064/3/6
f 12064/3/6 12059/3/6 12065/3/6
f 12065/3/6 12059/3/6 12066/3/6
f 12060/3/6 12061/3/6 12067/3/6
f 12063/3/6 12064/3/6 12068/3/6
f 12068/3/6 12064/3/6 12069/3/6
f 12064/1/6 12065/1/6 12070/1/6
f 12069/3/6 12064/3/6 12070/3/6
f 12065/3/6 12066/3/6 12071/3/6
f 12070/1/6 12065/1/6 12071/1/6
f 12066/3/6 12067/3/6 12071/3/6
f 12069/3/6 12070/3/6 12072/3/6
f 12070/3/6 12071/3/6 12072/3/6
f 12072/3/6 12071/3/6 12073/3/6
f 12073/3/6 12071/3/6 12074/3/6
f 12074/3/6 12071/3/6 12075/3/6
f 12075/3/6 12071/3/6 12076/3/6
f 12076/3/6 12071/3/6 12077/3/6
f 12077/3/6 12071/3/6 12078/3/6
f 12071/3/6 12067/3/6 12079/3/6
f 12078/3/6 12071/3/6 12079/3/6
f 12079/3/6 12067/3/6 12080/3/6
f 12067/3/6 12061/3/6 12081/3/6
f 12080/3/6 12067/3/6 12081/3/6
f 12082/3/6 12083/3/6 12084/3/6
f 12084/3/6 12085/3/6 12086/3/6
f 12086/3/6 12087/3/6 12088/3/6
f 12088/3/6 12089/3/6 12090/3/6
f 12090/3/6 12091/3/6 12092/3/6
f 12092/3/6 12093/3/6 12094/3/6
f 12094/3/6 12095/3/6 12096/3/6
f 12096/3/6 12097/3/6 12098/3/6
f 12092/3/6 12094/3/6 12100/3/6
f 12098/3/6 12099/3/6 12100/3/6
f 12096/3/6 12098/3/6 12100/3/6
f 12094/3/6 12096/3/6 12100/3/6
f 12100/3/6 12099/3/6 12101/3/6
f 12101/3/6 12099/3/6 12102/3/6
f 12092/3/6 12100/3/6 12104/3/6
f 12100/1/6 12101/1/6 12104/1/6
f 12102/3/6 12103/3/6 12105/3/6
f 12104/1/6 12101/1/6 12105/1/6
f 12101/3/6 12102/3/6 12105/3/6
f 12105/3/6 12103/3/6 12106/3/6
f 12104/3/6 12105/3/6 12108/3/6
f 12106/3/6 12107/3/6 12108/3/6
f 12105/3/6 12106/3/6 12108/3/6
f 12108/3/6 12109/3/6 12110/3/6
f 12110/3/6 12111/3/6 12112/3/6
f 12112/3/6 12113/3/6 12114/3/6
f 12114/3/6 12115/3/6 12116/3/6
f 12116/3/6 12117/3/6 12118/3/6
f 12110/3/6 12112/3/6 12120/3/6
f 12118/3/6 12119/3/6 12120/3/6
f 12116/3/6 12118/3/6 12120/3/6
f 12114/3/6 12116/3/6 12120/3/6
f 12112/3/6 12114/3/6 12120/3/6
f 12120/3/6 12119/3/6 12121/3/6
f 12121/3/6 12119/3/6 12122/3/6
f 12084/3/6 12086/3/6 12124/3/6
f 12086/3/6 12088/3/6 12124/3/6
f 12088/3/6 12090/3/6 12124/3/6
f 12090/3/6 12092/3/6 12124/3/6
f 12110/3/6 12120/3/6 12124/3/6
f 12108/3/6 12110/3/6 12124/3/6
f 12104/3/6 12108/3/6 12124/3/6
f 12092/3/6 12104/3/6 12124/3/6
f 12124/3/6 12120/3/6 12125/3/6
f 12125/3/6 12120/3/6 12126/3/6
f 12126/3/6 12120/3/6 12127/3/6
f 12120/2/6 12121/2/6 12128/2/6
f 12127/3/6 12120/3/6 12128/3/6
f 12122/3/6 12123/3/6 12129/3/6
f 12128/2/6 12121/2/6 12129/2/6
f 12121/3/6 12122/3/6 12129/3/6
f 12129/3/6 12123/3/6 12130/3/6
f 12084/3/6 12124/3/6 12132/3/6
f 12124/1/6 12125/1/6 12132/1/6
f 12125/3/6 12126/3/6 12133/3/6
f 12132/1/6 12125/1/6 12133/1/6
f 12126/4/6 12127/4/6 12134/4/6
f 12133/3/6 12126/3/6 12134/3/6
f 12127/3/6 12128/3/6 12135/3/6
f 12134/4/6 12127/4/6 12135/4/6
f 12130/3/6 12131/3/6 12135/3/6
f 12128/3/6 12129/3/6 12135/3/6
f 12129/3/6 12130/3/6 12135/3/6
f 12135/3/6 12131/3/6 12136/3/6
f 12136/3/6 12131/3/6 12137/3/6
f 12137/3/6 12131/3/6 12138/3/6
f 12133/3/6 12134/3/6 12140/3/6
f 12132/3/6 12133/3/6 12140/3/6
f 12134/1/6 12135/1/6 12140/1/6
f 12135/3/6 12136/3/6 12141/3/6
f 12140/1/6 12135/1/6 12141/1/6
f 12136/4/6 12137/4/6 12142/4/6
f 12141/3/6 12136/3/6 12142/3/6
f 12138/3/6 12139/3/6 12143/3/6
f 12142/4/6 12137/4/6 12143/4/6
f 12137/3/6 12138/3/6 12143/3/6
f 12143/3/6 12139/3/6 12144/3/6
f 12141/3/6 12142/3/6 12146/3/6
f 12144/3/6 12145/3/6 12146/3/6
f 12143/3/6 12144/3/6 12146/3/6
f 12142/3/6 12143/3/6 12146/3/6
f 12140/3/6 12141/3/6 12146/3/6
f 12082/3/6 12084/3/6 12148/3/6
f 12146/3/6 12147/3/6 12148/3/6
f 12140/3/6 12146/3/6 12148/3/6
f 12084/3/6 12132/3/6 12148/3/6
f 12132/3/6 12140/3/6 12148/3/6
f 12148/3/6 12147/3/6 12149/3/6
f 12149/3/6 12147/3/6 12150/3/6
f 12150/3/6 12147/3/6 12151/3/6
f 12151/3/6 12147/3/6 12152/3/6
f 12149/3/6 12150/3/6 12154/3/6
f 12154/3/6 12150/3/6 12155/3/6
f 12150/4/6 12151/4/6 12156/4/6
f 12155/3/6 12150/3/6 12156/3/6
f 12152/3/6 12153/3/6 12157/3/6
f 12156/4/6 12151/4/6 12157/4/6
f 12151/3/6 12152/3/6 12157/3/6
f 12157/3/6 12153/3/6 12158/3/6
f 12155/3/6 12156/3/6 12160/3/6
f 12158/3/6 12159/3/6 12160/3/6
f 12157/3/6 12158/3/6 12160/3/6
f 12156/3/6 12157/3/6 12160/3/6
f 12160/3/6 12159/3/6 12161/3/6
f 12161/3/6 12159/3/6 12162/3/6
f 12162/3/6 12163/3/6 12164/3/6
f 12161/3/6 12162/3/6 12164/3/6
f 12164/3/6 12163/3/6 12165/3/6
f 12165/3/6 12163/3/6 12166/3/6
f 12166/3/6 12167/3/6 12168/3/6
f 12165/3/6 12166/3/6 12168/3/6
f 12168/3/6 12167/3/6 12169/3/6
f 12169/3/6 12167/3/6 12170/3/6
f 12170/3/6 12167/3/6 12171/3/6
f 12171/3/6 12167/3/6 12172/3/6
f 12169/3/6 12170/3/6 12174/3/6
f 12174/3/6 12170/3/6 12175/3/6
f 12170/4/6 12171/4/6 12176/4/6
f 12175/3/6 12170/3/6 12176/3/6
f 12172/3/6 12173/3/6 12177/3/6
f 12176/4/6 12171/4/6 12177/4/6
f 12171/3/6 12172/3/6 12177/3/6
f 12177/3/6 12173/3/6 12178/3/6
f 12175/3/6 12176/3/6 12180/3/6
f 12178/3/6 12179/3/6 12180/3/6
f 12177/3/6 12178/3/6 12180/3/6
f 12176/3/6 12177/3/6 12180/3/6
f 12180/3/6 12179/3/6 12181/3/6
f 12181/3/6 12179/3/6 12182/3/6
f 12182/3/6 12183/3/6 12184/3/6
f 12181/3/6 12182/3/6 12184/3/6
f 12184/3/6 12183/3/6 12185/3/6
f 12185/3/6 12183/3/6 12186/3/6
f 12186/3/6 12187/3/6 12188/3/6
f 12185/3/6 12186/3/6 12188/3/6
f 12188/3/6 12187/3/6 12189/3/6
f 12189/3/6 12187/3/6 12190/3/6
f 12190/3/6 12191/3/6 12192/3/6
f 12189/3/6 12190/3/6 12192/3/6
f 12192/3/6 12191/3/6 12193/3/6
f 12193/3/6 12191/3/6 12194/3/6
f 12194/3/6 12195/3/6 12196/3/6
f 12193/3/6 12194/3/6 12196/3/6
f 12196/3/6 12195/3/6 12197/3/6
f 12197/3/6 12195/3/6 12198/3/6
f 12198/3/6 12195/3/6 12199/3/6
f 12199/3/6 12195/3/6 12200/3/6
f 12197/3/6 12198/3/6 12202/3/6
f 12198/2/6 12199/2/6 12203/2/6
f 12202/3/6 12198/3/6 12203/3/6
f 12200/3/6 12201/3/6 12204/3/6
f 12203/2/6 12199/2/6 12204/2/6
f 12199/3/6 12200/3/6 12204/3/6
f 12204/3/6 12201/3/6 12205/3/6
f 12205/3/6 12201/3/6 12206/3/6
f 12206/3/6 12207/3/6 12208/3/6
f 12205/3/6 12206/3/6 12208/3/6
f 12208/3/6 12207/3/6 12209/3/6
f 12209/3/6 12207/3/6 12210/3/6
f 12210/3/6 12207/3/6 12211/3/6
f 12211/3/6 12207/3/6 12212/3/6
f 12209/3/6 12210/3/6 12214/3/6
f 12214/3/6 12210/3/6 12215/3/6
f 12215/3/6 12210/3/6 12216/3/6
f 12216/3/6 12210/3/6 12217/3/6
f 12210/4/6 12211/4/6 12218/4/6
f 12217/3/6 12210/3/6 12218/3/6
f 12212/3/6 12213/3/6 12219/3/6
f 12218/4/6 12211/4/6 12219/4/6
f 12211/3/6 12212/3/6 12219/3/6
f 12219/3/6 12213/3/6 12220/3/6
f 12215/3/6 12216/3/6 12222/3/6
f 12222/3/6 12216/3/6 12223/3/6
f 12216/4/6 12217/4/6 12224/4/6
f 12223/3/6 12216/3/6 12224/3/6
f 12217/3/6 12218/3/6 12225/3/6
f 12224/4/6 12217/4/6 12225/4/6
f 12220/3/6 12221/3/6 12225/3/6
f 12219/3/6 12220/3/6 12225/3/6
f 12218/3/6 12219/3/6 12225/3/6
f 12225/3/6 12221/3/6 12226/3/6
f 12223/3/6 12224/3/6 12228/3/6
f 12226/3/6 12227/3/6 12228/3/6
f 12225/3/6 12226/3/6 12228/3/6
f 12224/3/6 12225/3/6 12228/3/6
f 12228/3/6 12227/3/6 12229/3/6
f 12229/3/6 12227/3/6 12230/3/6
f 12230/3/6 12231/3/6 12232/3/6
f 12229/3/6 12230/3/6 12232/3/6
f 12232/3/6 12231/3/6 12233/3/6
f 12233/3/6 12231/3/6 12234/3/6
f 12234/3/6 12235/3/6 12236/3/6
f 12233/3/6 12234/3/6 12236/3/6
f 12236/3/6 12235/3/6 12237/3/6
f 12237/3/6 12235/3/6 12238/3/6
f 12238/3/6 12239/3/6 12240/3/6
f 12237/3/6 12238/3/6 12240/3/6
f 12240/3/6 12239/3/6 12241/3/6
f 12241/3/6 12239/3/6 12242/3/6
f 12242/3/6 12243/3/6 12244/3/6
f 12241/3/6 12242/3/6 12244/3/6
f 12244/3/6 12243/3/6 12245/3/6
f 12245/3/6 12243/3/6 12246/3/6
f 12246/3/6 12243/3/6 12247/3/6
f 12247/3/6 12243/3/6 12248/3/6
f 12245/3/6 12246/3/6 12250/3/6
f 12250/3/6 12246/3/6 12251/3/6
f 12246/1/6 12247/1/6 12252/1/6
f 12251/3/6 12246/3/6 12252/3/6
f 12248/3/6 12249/3/6 12253/3/6
f 12252/1/6 12247/1/6 12253/1/6
f 12247/3/6 12248/3/6 12253/3/6
f 12253/3/6 12249/3/6 12254/3/6
f 12251/3/6 12252/3/6 12256/3/6
f 12254/3/6 12255/3/6 12256/3/6
f 12253/3/6 12254/3/6 12256/3/6
f 12252/3/6 12253/3/6 12256/3/6
f 12256/3/6 12255/3/6 12257/3/6
f 12257/3/6 12255/3/6 12258/3/6
f 12258/3/6 12259/3/6 12260/3/6
f 12257/3/6 12258/3/6 12260/3/6
f 12260/3/6 12259/3/6 12261/3/6
f 12261/3/6 12259/3/6 12262/3/6
f 12262/3/6 12263/3/6 12264/3/6
f 12261/3/6 12262/3/6 12264/3/6
f 12264/3/6 12263/3/6 12265/3/6
f 12265/3/6 12263/3/6 12266/3/6
f 12266/3/6 12267/3/6 12268/3/6
f 12265/3/6 12266/3/6 12268/3/6
f 12268/3/6 12267/3/6 12269/3/6
f 12269/3/6 12267/3/6 12270/3/6
f 12270/3/6 12271/3/6 12272/3/6
f 12269/3/6 12270/3/6 12272/3/6
f 12272/3/6 12271/3/6 12273/3/6
f 12273/3/6 12271/3/6 12274/3/6
f 12274/3/6 12275/3/6 12276/3/6
f 12273/3/6 12274/3/6 12276/3/6
f 12276/3/6 12275/3/6 12277/3/6
f 12277/3/6 12275/3/6 12278/3/6
f 12278/3/6 12275/3/6 12279/3/6
f 12279/3/6 12275/3/6 12280/3/6
f 12280/3/6 12281/3/6 12282/3/6
f 12279/3/6 12280/3/6 12282/3/6
f 12282/3/6 12281/3/6 12283/3/6
f 12283/3/6 12281/3/6 12284/3/6
f 12284/3/6 12285/3/6 12286/3/6
f 12283/3/6 12284/3/6 12286/3/6
f 12286/3/6 12285/3/6 12287/3/6
f 12287/3/6 12285/3/6 12288/3/6
f 12288/3/6 12289/3/6 12290/3/6
f 12287/3/6 12288/3/6 12290/3/6
f 12290/3/6 12289/3/6 12291/3/6
f 12291/3/6 12289/3/6 12292/3/6
f 12292/3/6 12293/3/6 12294/3/6
f 12291/3/6 12292/3/6 12294/3/6
f 12294/3/6 12293/3/6 12295/3/6
f 12295/3/6 12293/3/6 12296/3/6
f 12296/3/6 12297/3/6 12298/3/6
f 12295/3/6 12296/3/6 12298/3/6
f 12298/3/6 12297/3/6 12299/3/6
f 12299/3/6 12297/3/6 12300/3/6
f 12300/3/6 12301/3/6 12302/3/6
f 12299/3/6 12300/3/6 12302/3/6
f 12302/3/6 12301/3/6 12303/3/6
f 12303/3/6 12301/3/6 12304/3/6
f 12304/3/6 12305/3/6 12306/3/6
f 12303/3/6 12304/3/6 12306/3/6
f 12306/3/6 12305/3/6 12307/3/6
f 12307/3/6 12305/3/6 12308/3/6
f 12308/3/6 12309/3/6 12310/3/6
f 12307/3/6 12308/3/6 12310/3/6
f 12310/3/6 12309/3/6 12311/3/6
f 12311/3/6 12309/3/6 12312/3/6
f 12312/3/6 12313/3/6 12314/3/6
f 12311/3/6 12312/3/6 12314/3/6
f 12314/3/6 12313/3/6 12315/3/6
f 12315/3/6 12313/3/6 12316/3/6
f 12316/3/6 12317/3/6 12318/3/6
f 12315/3/6 12316/3/6 12318/3/6
f 12318/3/6 12317/3/6 12319/3/6
f 12319/3/6 12317/3/6 12320/3/6
f 12320/3/6 12321/3/6 12322/3/6
f 12319/3/6 12320/3/6 12322/3/6
f 12322/3/6 12321/3/6 12323/3/6
f 12323/3/6 12321/3/6 12324/3/6
f 12324/3/6 12321/3/6 12325/3/6
f 12325/3/6 12321/3/6 12326/3/6
f 12323/3/6 12324/3/6 12328/3/6
f 12328/3/6 12324/3/6 12329/3/6
f 12324/2/6 12325/2/6 12330/2/6
f 12329/3/6 12324/3/6 12330/3/6
f 12326/3/6 12327/3/6 12331/3/6
f 12330/2/6 12325/2/6 12331/2/6
f 12325/3/6 12326/3/6 12331/3/6
f 12331/3/6 12327/3/6 12332/3/6
f 12329/3/6 12330/3/6 12334/3/6
f 12332/3/6 12333/3/6 12334/3/6
f 12331/3/6 12332/3/6 12334/3/6
f 12330/3/6 12331/3/6 12334/3/6
f 12334/3/6 12333/3/6 12335/3/6
f 12335/3/6 12333/3/6 12336/3/6
f 12336/3/6 12333/3/6 12337/3/6
f 12337/3/6 12333/3/6 12338/3/6
f 12338/3/6 12333/3/6 12339/3/6
f 12335/1/6 12336/1/6 12341/1/6
f 12336/3/6 12337/3/6 12342/3/6
f 12341/1/6 12336/1/6 12342/1/6
f 12342/3/6 12337/3/6 12343/3/6
f 12337/2/6 12338/2/6 12344/2/6
f 12343/3/6 12337/3/6 12344/3/6
f 12339/3/6 12340/3/6 12345/3/6
f 12344/2/6 12338/2/6 12345/2/6
f 12338/3/6 12339/3/6 12345/3/6
f 12345/3/6 12340/3/6 12346/3/6
f 12343/3/6 12344/3/6 12348/3/6
f 12346/3/6 12347/3/6 12348/3/6
f 12345/3/6 12346/3/6 12348/3/6
f 12344/3/6 12345/3/6 12348/3/6
f 12348/3/6 12347/3/6 12349/3/6
f 12349/3/6 12347/3/6 12350/3/6
f 12350/3/6 12351/3/6 12352/3/6
f 12349/3/6 12350/3/6 12352/3/6
f 12352/3/6 12351/3/6 12353/3/6
f 12353/3/6 12351/3/6 12354/3/6
f 12354/3/6 12355/3/6 12356/3/6
f 12353/3/6 12354/3/6 12356/3/6
f 12356/3/6 12355/3/6 12357/3/6
f 12357/3/6 12355/3/6 12358/3/6
f 12358/3/6 12359/3/6 12360/3/6
f 12357/3/6 12358/3/6 12360/3/6
f 12360/3/6 12359/3/6 12361/3/6
f 12361/3/6 12359/3/6 12362/3/6
f 12362/3/6 12363/3/6 12364/3/6
f 12361/3/6 12362/3/6 12364/3/6
f 12364/3/6 12363/3/6 12365/3/6
f 12365/3/6 12363/3/6 12366/3/6
f 12366/3/6 12363/3/6 12367/3/6
f 12367/3/6 12363/3/6 12368/3/6
f 12365/3/6 12366/3/6 12370/3/6
f 12370/3/6 12366/3/6 12371/3/6
f 12366/1/6 12367/1/6 12372/1/6
f 12371/3/6 12366/3/6 12372/3/6
f 12368/3/6 12369/3/6 12373/3/6
f 12372/1/6 12367/1/6 12373/1/6
f 12367/3/6 12368/3/6 12373/3/6
f 12373/3/6 12369/3/6 12374/3/6
f 12371/3/6 12372/3/6 12376/3/6
f 12374/3/6 12375/3/6 12376/3/6
f 12373/3/6 12374/3/6 12376/3/6
f 12372/3/6 12373/3/6 12376/3/6
f 12376/3/6 12375/3/6 12377/3/6
f 12377/3/6 12375/3/6 12378/3/6
f 12378/3/6 12379/3/6 12380/3/6
f 12377/3/6 12378/3/6 12380/3/6
f 12380/3/6 12379/3/6 12381/3/6
f 12381/3/6 12379/3/6 12382/3/6
f 12382/3/6 12383/3/6 12384/3/6
f 12381/3/6 12382/3/6 12384/3/6
f 12384/3/6 12383/3/6 12385/3/6
f 12385/3/6 12383/3/6 12386/3/6
f 12386/3/6 12387/3/6 12388/3/6
f 12385/3/6 12386/3/6 12388/3/6
f 12388/3/6 12387/3/6 12389/3/6
f 12389/3/6 12387/3/6 12390/3/6
f 12390/3/6 12391/3/6 12392/3/6
f 12389/3/6 12390/3/6 12392/3/6
f 12392/3/6 12391/3/6 12393/3/6
f 12393/3/6 12391/3/6 12394/3/6
f 12394/3/6 12391/3/6 12395/3/6
f 12395/3/6 12391/3/6 12396/3/6
f 12393/3/6 12394/3/6 12398/3/6
f 12398/3/6 12394/3/6 12399/3/6
f 12394/4/6 12395/4/6 12400/4/6
f 12399/3/6 12394/3/6 12400/3/6
f 12396/3/6 12397/3/6 12401/3/6
f 12400/4/6 12395/4/6 12401/4/6
f 12395/3/6 12396/3/6 12401/3/6
f 12401/3/6 12397/3/6 12402/3/6
f 12399/3/6 12400/3/6 12404/3/6
f 12402/3/6 12403/3/6 12404/3/6
f 12401/3/6 12402/3/6 12404/3/6
f 12400/3/6 12401/3/6 12404/3/6
f 12404/3/6 12403/3/6 12405/3/6
f 12405/3/6 12403/3/6 12406/3/6
f 12406/3/6 12403/3/6 12407/3/6
f 12407/3/6 12403/3/6 12408/3/6
f 12405/3/6 12406/3/6 12410/3/6
f 12410/3/6 12406/3/6 12411/3/6
f 12406/1/6 12407/1/6 12412/1/6
f 12411/3/6 12406/3/6 12412/3/6
f 12408/3/6 12409/3/6 12413/3/6
f 12412/1/6 12407/1/6 12413/1/6
f 12407/3/6 12408/3/6 12413/3/6
f 12413/3/6 12409/3/6 12414/3/6
f 12414/3/6 12409/3/6 12415/3/6
f 12415/3/6 12409/3/6 12416/3/6
f 12411/3/6 12412/3/6 12418/3/6
f 12412/3/6 12413/3/6 12418/3/6
f 12413/3/6 12414/3/6 12418/3/6
f 12418/3/6 12414/3/6 12419/3/6
f 12414/4/6 12415/4/6 12420/4/6
f 12419/3/6 12414/3/6 12420/3/6
f 12416/3/6 12417/3/6 12421/3/6
f 12420/4/6 12415/4/6 12421/4/6
f 12415/3/6 12416/3/6 12421/3/6
f 12421/3/6 12417/3/6 12422/3/6
f 12419/3/6 12420/3/6 12424/3/6
f 12422/3/6 12423/3/6 12424/3/6
f 12421/3/6 12422/3/6 12424/3/6
f 12420/3/6 12421/3/6 12424/3/6
f 12424/3/6 12423/3/6 12425/3/6
f 12425/3/6 12423/3/6 12426/3/6
f 12426/3/6 12427/3/6 12428/3/6
f 12425/3/6 12426/3/6 12428/3/6
f 12428/3/6 12427/3/6 12429/3/6
f 12429/3/6 12427/3/6 12430/3/6
f 12430/3/6 12431/3/6 12432/3/6
f 12429/3/6 12430/3/6 12432/3/6
f 12432/3/6 12431/3/6 12433/3/6
f 12433/3/6 12431/3/6 12434/3/6
f 12434/3/6 12435/3/6 12436/3/6
f 12433/3/6 12434/3/6 12436/3/6
f 12436/3/6 12435/3/6 12437/3/6
f 12437/3/6 12435/3/6 12438/3/6
f 12438/3/6 12435/3/6 12439/3/6
f 12439/3/6 12435/3/6 12440/3/6
f 12437/3/6 12438/3/6 12442/3/6
f 12442/3/6 12438/3/6 12443/3/6
f 12438/1/6 12439/1/6 12444/1/6
f 12443/3/6 12438/3/6 12444/3/6
f 12440/3/6 12441/3/6 12445/3/6
f 12444/1/6 12439/1/6 12445/1/6
f 12439/3/6 12440/3/6 12445/3/6
f 12445/3/6 12441/3/6 12446/3/6
f 12446/3/6 12441/3/6 12447/3/6
f 12447/3/6 12441/3/6 12448/3/6
f 12443/3/6 12444/3/6 12450/3/6
f 12444/3/6 12445/3/6 12450/3/6
f 12445/3/6 12446/3/6 12450/3/6
f 12450/3/6 12446/3/6 12451/3/6
f 12446/4/6 12447/4/6 12452/4/6
f 12451/3/6 12446/3/6 12452/3/6
f 12448/3/6 12449/3/6 12453/3/6
f 12452/4/6 12447/4/6 12453/4/6
f 12447/3/6 12448/3/6 12453/3/6
f 12453/3/6 12449/3/6 12454/3/6
f 12451/3/6 12452/3/6 12456/3/6
f 12454/3/6 12455/3/6 12456/3/6
f 12453/3/6 12454/3/6 12456/3/6
f 12452/3/6 12453/3/6 12456/3/6
f 12451/3/6 12456/3/6 12458/3/6
f 12456/3/6 12457/3/6 12458/3/6
f 12458/3/6 12457/3/6 12459/3/6
f 12459/3/6 12457/3/6 12460/3/6
f 12460/3/6 12461/3/6 12462/3/6
f 12459/3/6 12460/3/6 12462/3/6
f 12462/3/6 12461/3/6 12463/3/6
f 12463/3/6 12461/3/6 12464/3/6
f 12464/3/6 12465/3/6 12466/3/6
f 12463/3/6 12464/3/6 12466/3/6
f 12466/3/6 12465/3/6 12467/3/6
f 12467/3/6 12465/3/6 12468/3/6
f 12468/3/6 12465/3/6 12469/3/6
f 12469/3/6 12465/3/6 12470/3/6
f 12467/3/6 12468/3/6 12472/3/6
f 12472/3/6 12468/3/6 12473/3/6
f 12468/2/6 12469/2/6 12474/2/6
f 12473/3/6 12468/3/6 12474/3/6
f 12470/3/6 12471/3/6 12475/3/6
f 12474/2/6 12469/2/6 12475/2/6
f 12469/3/6 12470/3/6 12475/3/6
f 12475/3/6 12471/3/6 12476/3/6
f 12473/3/6 12474/3/6 12478/3/6
f 12476/3/6 12477/3/6 12478/3/6
f 12475/3/6 12476/3/6 12478/3/6
f 12474/3/6 12475/3/6 12478/3/6
f 12478/3/6 12477/3/6 12479/3/6
f 12479/3/6 12477/3/6 12480/3/6
f 12480/3/6 12477/3/6 12481/3/6
f 12479/2/6 12480/2/6 12483/2/6
f 12481/3/6 12482/3/6 12484/3/6
f 12483/2/6 12480/2/6 12484/2/6
f 12480/3/6 12481/3/6 12484/3/6
f 12484/3/6 12482/3/6 12485/3/6
f 12485/3/6 12482/3/6 12486/3/6
f 12486/3/6 12482/3/6 12487/3/6
f 12487/3/6 12482/3/6 12488/3/6
f 12485/3/6 12486/3/6 12490/3/6
f 12486/2/6 12487/2/6 12491/2/6
f 12490/3/6 12486/3/6 12491/3/6
f 12488/3/6 12489/3/6 12492/3/6
f 12491/2/6 12487/2/6 12492/2/6
f 12487/3/6 12488/3/6 12492/3/6
f 12492/3/6 12489/3/6 12493/3/6
f 12493/3/6 12489/3/6 12494/3/6
f 12494/3/6 12495/3/6 12496/3/6
f 12493/3/6 12494/3/6 12496/3/6
f 12496/3/6 12495/3/6 12497/3/6
f 12497/3/6 12495/3/6 12498/3/6
f 12498/3/6 12499/3/6 12500/3/6
f 12497/3/6 12498/3/6 12500/3/6
f 12500/3/6 12499/3/6 12501/3/6
f 12501/3/6 12499/3/6 12502/3/6
f 12502/3/6 12503/3/6 12504/3/6
f 12501/3/6 12502/3/6 12504/3/6
f 12504/3/6 12503/3/6 12505/3/6
f 12505/3/6 12503/3/6 12506/3/6
f 12506/3/6 12507/3/6 12508/3/6
f 12505/3/6 12506/3/6 12508/3/6
f 12508/3/6 12507/3/6 12509/3/6
f 12509/3/6 12507/3/6 12510/3/6
f 12510/3/6 12511/3/6 12512/3/6
f 12509/3/6 12510/3/6 12512/3/6
f 12512/3/6 12511/3/6 12513/3/6
f 12513/3/6 12511/3/6 12514/3/6
f 12514/3/6 12511/3/6 12515/3/6
f 12515/3/6 12511/3/6 12516/3/6
f 12513/3/6 12514/3/6 12518/3/6
f 12518/3/6 12514/3/6 12519/3/6
f 12516/3/6 12517/3/6 12520/3/6
f 12515/3/6 12516/3/6 12520/3/6
f 12519/3/6 12514/3/6 12522/3/6
f 12522/3/6 12514/3/6 12523/3/6
f 12514/4/6 12515/4/6 12524/4/6
f 12523/3/6 12514/3/6 12524/3/6
f 12520/3/6 12521/3/6 12525/3/6
f 12524/4/6 12515/4/6 12525/4/6
f 12515/3/6 12520/3/6 12525/3/6
f 12525/3/6 12521/3/6 12526/3/6
f 12523/3/6 12524/3/6 12528/3/6
f 12526/3/6 12527/3/6 12528/3/6
f 12525/3/6 12526/3/6 12528/3/6
f 12524/3/6 12525/3/6 12528/3/6
f 12528/3/6 12527/3/6 12529/3/6
f 12529/3/6 12527/3/6 12530/3/6
f 12530/3/6 12531/3/6 12532/3/6
f 12529/3/6 12530/3/6 12532/3/6
f 12532/3/6 12531/3/6 12533/3/6
f 12533/3/6 12531/3/6 12534/3/6
f 12534/3/6 12535/3/6 12536/3/6
f 12533/3/6 12534/3/6 12536/3/6
f 12536/3/6 12535/3/6 12537/3/6
f 12537/3/6 12535/3/6 12538/3/6
f 12538/3/6 12539/3/6 12540/3/6
f 12537/3/6 12538/3/6 12540/3/6
f 12540/3/6 12539/3/6 12541/3/6
f 12541/3/6 12539/3/6 12542/3/6
f 12542/3/6 12543/3/6 12544/3/6
f 12541/3/6 12542/3/6 12544/3/6
f 12544/3/6 12543/3/6 12545/3/6
f 12545/3/6 12543/3/6 12546/3/6
f 12546/3/6 12547/3/6 12548/3/6
f 12545/3/6 12546/3/6 12548/3/6
f 12548/3/6 12547/3/6 12549/3/6
f 12549/3/6 12547/3/6 12550/3/6
f 12550/3/6 12547/3/6 12551/3/6
f 12551/3/6 12547/3/6 12552/3/6
f 12549/3/6 12550/3/6 12554/3/6
f 12554/3/6 12550/3/6 12555/3/6
f 12550/4/6 12551/4/6 12556/4/6
f 12555/3/6 12550/3/6 12556/3/6
f 12552/3/6 12553/3/6 12557/3/6
f 12556/4/6 12551/4/6 12557/4/6
f 12551/3/6 12552/3/6 12557/3/6
f 12557/3/6 12553/3/6 12558/3/6
f 12555/3/6 12556/3/6 12560/3/6
f 12558/3/6 12559/3/6 12560/3/6
f 12557/3/6 12558/3/6 12560/3/6
f 12556/3/6 12557/3/6 12560/3/6
f 12560/3/6 12559/3/6 12561/3/6
f 12561/3/6 12559/3/6 12562/3/6
f 12562/3/6 12563/3/6 12564/3/6
f 12561/3/6 12562/3/6 12564/3/6
f 12564/3/6 12563/3/6 12565/3/6
f 12565/3/6 12563/3/6 12566/3/6
f 12566/3/6 12567/3/6 12568/3/6
f 12565/3/6 12566/3/6 12568/3/6
f 12568/3/6 12567/3/6 12569/3/6
f 12569/3/6 12567/3/6 12570/3/6
f 12570/3/6 12571/3/6 12572/3/6
f 12569/3/6 12570/3/6 12572/3/6
f 12572/3/6 12571/3/6 12573/3/6
f 12573/3/6 12571/3/6 12574/3/6
f 12574/3/6 12571/3/6 12575/3/6
f 12575/3/6 12571/3/6 12576/3/6
f 12573/3/6 12574/3/6 12578/3/6
f 12578/3/6 12574/3/6 12579/3/6
f 12579/3/6 12574/3/6 12580/3/6
f 12580/3/6 12574/3/6 12581/3/6
f 12574/2/6 12575/2/6 12582/2/6
f 12581/3/6 12574/3/6 12582/3/6
f 12576/3/6 12577/3/6 12583/3/6
f 12582/2/6 12575/2/6 12583/2/6
f 12575/3/6 12576/3/6 12583/3/6
f 12583/3/6 12577/3/6 12584/3/6
f 12579/3/6 12580/3/6 12586/3/6
f 12586/3/6 12580/3/6 12587/3/6
f 12580/2/6 12581/2/6 12588/2/6
f 12587/3/6 12580/3/6 12588/3/6
f 12581/3/6 12582/3/6 12589/3/6
f 12588/2/6 12581/2/6 12589/2/6
f 12584/3/6 12585/3/6 12589/3/6
f 12583/3/6 12584/3/6 12589/3/6
f 12582/3/6 12583/3/6 12589/3/6
f 12589/3/6 12585/3/6 12590/3/6
f 12587/3/6 12588/3/6 12592/3/6
f 12590/3/6 12591/3/6 12592/3/6
f 12589/3/6 12590/3/6 12592/3/6
f 12588/3/6 12589/3/6 12592/3/6
f 12592/3/6 12591/3/6 12593/3/6
f 12593/3/6 12591/3/6 12594/3/6
f 12594/3/6 12595/3/6 12596/3/6
f 12593/3/6 12594/3/6 12596/3/6
f 12596/3/6 12595/3/6 12597/3/6
f 12597/3/6 12595/3/6 12598/3/6
f 12598/3/6 12595/3/6 12599/3/6
f 12599/3/6 12595/3/6 12600/3/6
f 12597/3/6 12598/3/6 12602/3/6
f 12602/3/6 12598/3/6 12603/3/6
f 12598/1/6 12599/1/6 12604/1/6
f 12603/3/6 12598/3/6 12604/3/6
f 12600/3/6 12601/3/6 12605/3/6
f 12604/1/6 12599/1/6 12605/1/6
f 12599/3/6 12600/3/6 12605/3/6
f 12605/3/6 12601/3/6 12606/3/6
f 12603/3/6 12604/3/6 12608/3/6
f 12606/3/6 12607/3/6 12608/3/6
f 12605/3/6 12606/3/6 12608/3/6
f 12604/3/6 12605/3/6 12608/3/6
f 12608/3/6 12607/3/6 12609/3/6
f 12609/3/6 12607/3/6 12610/3/6
f 12610/3/6 12611/3/6 12612/3/6
f 12609/3/6 12610/3/6 12612/3/6
f 12612/3/6 12611/3/6 12613/3/6
f 12613/3/6 12611/3/6 12614/3/6
f 12614/3/6 12615/3/6 12616/3/6
f 12613/3/6 12614/3/6 12616/3/6
f 12616/3/6 12615/3/6 12617/3/6
f 12617/3/6 12615/3/6 12618/3/6
f 12618/3/6 12615/3/6 12619/3/6
f 12619/3/6 12615/3/6 12620/3/6
f 12620/3/6 12615/3/6 12621/3/6
f 12621/3/6 12615/3/6 12622/3/6
f 12622/3/6 12615/3/6 12623/3/6
f 12623/3/6 12615/3/6 12624/3/6
f 12624/3/6 12615/3/6 12625/3/6
f 12625/3/6 12615/3/6 12626/3/6
f 12626/3/6 12615/3/6 12627/3/6
f 12627/3/6 12615/3/6 12628/3/6
f 12628/3/6 12615/3/6 12629/3/6
f 12629/3/6 12615/3/6 12630/3/6
f 12630/3/6 12615/3/6 12631/3/6
f 12629/3/6 12630/3/6 12632/3/6
f 12632/3/6 12630/3/6 12633/3/6
f 12630/4/6 12631/4/6 12634/4/6
f 12633/3/6 12630/3/6 12634/3/6
f 12631/3/6 12615/3/6 12635/3/6
f 12634/4/6 12631/4/6 12635/4/6
f 12633/3/6 12634/3/6 12636/3/6
f 12634/3/6 12635/3/6 12636/3/6
f 12636/3/6 12635/3/6 12637/3/6
f 12637/3/6 12635/3/6 12638/3/6
f 12638/3/6 12635/3/6 12639/3/6
f 12639/3/6 12635/3/6 12640/3/6
f 12640/3/6 12635/3/6 12641/3/6
f 12641/3/6 12635/3/6 12642/3/6
f 12635/3/6 12615/3/6 12643/3/6
f 12642/3/6 12635/3/6 12643/3/6
f 12643/3/6 12615/3/6 12644/3/6
f 12644/3/6 12615/3/6 12645/3/6
f 12643/3/6 12644/3/6 12646/3/6
f 12646/3/6 12644/3/6 12647/3/6
f 12644/4/6 12645/4/6 12648/4/6
f 12647/3/6 12644/3/6 12648/3/6
f 12645/3/6 12615/3/6 12649/3/6
f 12648/4/6 12645/4/6 12649/4/6
f 12647/3/6 12648/3/6 12650/3/6
f 12648/3/6 12649/3/6 12650/3/6
f 12650/3/6 12649/3/6 12651/3/6
f 12651/3/6 12649/3/6 12652/3/6
f 12649/3/6 12615/3/6 12653/3/6
f 12652/3/6 12649/3/6 12653/3/6
f 12653/3/6 12615/3/6 12654/3/6
f 12654/3/6 12615/3/6 12655/3/6
f 12655/3/6 12615/3/6 12656/3/6
f 12656/3/6 12615/3/6 12657/3/6
f 12655/3/6 12656/3/6 12658/3/6
f 12658/3/6 12656/3/6 12659/3/6
f 12660/3/6 12661/3/6 12662/3/6
f 12662/3/6 12663/3/6 12664/3/6
f 12664/3/6 12665/3/6 12666/3/6
f 12666/3/6 12667/3/6 12668/3/6
f 12668/3/6 12669/3/6 12670/3/6
f 12662/3/6 12664/3/6 12672/3/6
f 12670/3/6 12671/3/6 12672/3/6
f 12668/3/6 12670/3/6 12672/3/6
f 12666/3/6 12668/3/6 12672/3/6
f 12664/3/6 12666/3/6 12672/3/6
f 12672/3/6 12671/3/6 12673/3/6
f 12673/3/6 12671/3/6 12674/3/6
f 12662/3/6 12672/3/6 12676/3/6
f 12672/4/6 12673/4/6 12676/4/6
f 12674/3/6 12675/3/6 12677/3/6
f 12676/4/6 12673/4/6 12677/4/6
f 12673/3/6 12674/3/6 12677/3/6
f 12677/3/6 12675/3/6 12678/3/6
f 12676/3/6 12677/3/6 12680/3/6
f 12678/3/6 12679/3/6 12680/3/6
f 12677/3/6 12678/3/6 12680/3/6
f 12676/3/6 12680/3/6 12682/3/6
f 12680/3/6 12681/3/6 12682/3/6
f 12682/3/6 12681/3/6 12683/3/6
f 12683/3/6 12681/3/6 12684/3/6
f 12676/3/6 12682/3/6 12686/3/6
f 12682/4/6 12683/4/6 12686/4/6
f 12684/3/6 12685/3/6 12687/3/6
f 12686/4/6 12683/4/6 12687/4/6
f 12683/3/6 12684/3/6 12687/3/6
f 12687/3/6 12685/3/6 12688/3/6
f 12662/3/6 12676/3/6 12690/3/6
f 12688/3/6 12689/3/6 12690/3/6
f 12687/3/6 12688/3/6 12690/3/6
f 12686/3/6 12687/3/6 12690/3/6
f 12676/3/6 12686/3/6 12690/3/6
f 12690/3/6 12689/3/6 12691/3/6
f 12691/3/6 12689/3/6 12692/3/6
f 12662/3/6 12690/3/6 12694/3/6
f 12690/1/6 12691/1/6 12694/1/6
f 12692/3/6 12693/3/6 12695/3/6
f 12694/1/6 12691/1/6 12695/1/6
f 12691/3/6 12692/3/6 12695/3/6
f 12695/3/6 12693/3/6 12696/3/6
f 12694/3/6 12695/3/6 12698/3/6
f 12696/3/6 12697/3/6 12698/3/6
f 12695/3/6 12696/3/6 12698/3/6
f 12698/3/6 12697/3/6 12699/3/6
f 12699/3/6 12697/3/6 12700/3/6
f 12700/3/6 12697/3/6 12701/3/6
f 12701/3/6 12697/3/6 12702/3/6
f 12694/3/6 12698/3/6 12704/3/6
f 12698/1/6 12699/1/6 12704/1/6
f 12699/3/6 12700/3/6 12705/3/6
f 12704/1/6 12699/1/6 12705/1/6
f 12700/4/6 12701/4/6 12706/4/6
f 12705/3/6 12700/3/6 12706/3/6
f 12702/3/6 12703/3/6 12707/3/6
f 12706/4/6 12701/4/6 12707/4/6
f 12701/3/6 12702/3/6 12707/3/6
f 12707/3/6 12703/3/6 12708/3/6
f 12705/3/6 12706/3/6 12710/3/6
f 12708/3/6 12709/3/6 12710/3/6
f 12707/3/6 12708/3/6 12710/3/6
f 12706/3/6 12707/3/6 12710/3/6
f 12704/3/6 12705/3/6 12710/3/6
f 12710/3/6 12711/3/6 12712/3/6
f 12712/3/6 12713/3/6 12714/3/6
f 12714/3/6 12715/3/6 12716/3/6
f 12716/3/6 12717/3/6 12718/3/6
f 12718/3/6 12719/3/6 12720/3/6
f 12720/3/6 12721/3/6 12722/3/6
f 12722/3/6 12723/3/6 12724/3/6
f 12660/3/6 12662/3/6 12726/3/6
f 12724/3/6 12725/3/6 12726/3/6
f 12722/3/6 12724/3/6 12726/3/6
f 12720/3/6 12722/3/6 12726/3/6
f 12718/3/6 12720/3/6 12726/3/6
f 12716/3/6 12718/3/6 12726/3/6
f 12714/3/6 12716/3/6 12726/3/6
f 12712/3/6 12714/3/6 12726/3/6
f 12710/3/6 12712/3/6 12726/3/6
f 12704/3/6 12710/3/6 12726/3/6
f 12694/3/6 12704/3/6 12726/3/6
f 12662/3/6 12694/3/6 12726/3/6
f 12726/3/6 12725/3/6 12727/3/6
f 12727/3/6 12725/3/6 12728/3/6
f 12728/3/6 12729/3/6 12730/3/6
f 12727/3/6 12728/3/6 12730/3/6
f 12730/3/6 12729/3/6 12731/3/6
f 12731/3/6 12729/3/6 12732/3/6
f 12732/3/6 12733/3/6 12734/3/6
f 12731/3/6 12732/3/6 12734/3/6
f 12734/3/6 12733/3/6 12735/3/6
f 12735/3/6 12733/3/6 12736/3/6
f 12736/3/6 12733/3/6 12737/3/6
f 12737/3/6 12733/3/6 12738/3/6
f 12735/3/6 12736/3/6 12740/3/6
f 12740/3/6 12736/3/6 12741/3/6
f 12736/1/6 12737/1/6 12742/1/6
f 12741/3/6 12736/3/6 12742/3/6
f 12738/3/6 12739/3/6 12743/3/6
f 12742/1/6 12737/1/6 12743/1/6
f 12737/3/6 12738/3/6 12743/3/6
f 12743/3/6 12739/3/6 12744/3/6
f 12744/3/6 12739/3/6 12745/3/6
f 12745/3/6 12739/3/6 12746/3/6
f 12741/3/6 12742/3/6 12748/3/6
f 12742/3/6 12743/3/6 12748/3/6
f 12743/3/6 12744/3/6 12748/3/6
f 12748/3/6 12744/3/6 12749/3/6
f 12744/4/6 12745/4/6 12750/4/6
f 12749/3/6 12744/3/6 12750/3/6
f 12746/3/6 12747/3/6 12751/3/6
f 12750/4/6 12745/4/6 12751/4/6
f 12745/3/6 12746/3/6 12751/3/6
f 12751/3/6 12747/3/6 12752/3/6
f 12749/3/6 12750/3/6 12754/3/6
f 12752/3/6 12753/3/6 12754/3/6
f 12751/3/6 12752/3/6 12754/3/6
f 12750/3/6 12751/3/6 12754/3/6
f 12754/3/6 12753/3/6 12755/3/6
f 12755/3/6 12753/3/6 12756/3/6
f 12756/3/6 12757/3/6 12758/3/6
f 12755/3/6 12756/3/6 12758/3/6
f 12758/3/6 12757/3/6 12759/3/6
f 12759/3/6 12757/3/6 12760/3/6
f 12760/3/6 12761/3/6 12762/3/6
f 12759/3/6 12760/3/6 12762/3/6
f 12762/3/6 12761/3/6 12763/3/6
f 12763/3/6 12761/3/6 12764/3/6
f 12764/3/6 12765/3/6 12766/3/6
f 12763/3/6 12764/3/6 12766/3/6
f 12766/3/6 12765/3/6 12767/3/6
f 12767/3/6 12765/3/6 12768/3/6
f 12768/3/6 12769/3/6 12770/3/6
f 12767/3/6 12768/3/6 12770/3/6
f 12770/3/6 12769/3/6 12771/3/6
f 12771/3/6 12769/3/6 12772/3/6
f 12772/3/6 12773/3/6 12774/3/6
f 12771/3/6 12772/3/6 12774/3/6
f 12774/3/6 12773/3/6 12775/3/6
f 12775/3/6 12773/3/6 12776/3/6
f 12776/3/6 12777/3/6 12778/3/6
f 12775/3/6 12776/3/6 12778/3/6
f 12778/3/6 12777/3/6 12779/3/6
f 12779/3/6 12777/3/6 12780/3/6
f 12780/3/6 12781/3/6 12782/3/6
f 12779/3/6 12780/3/6 12782/3/6
f 12782/3/6 12781/3/6 12783/3/6
f 12783/3/6 12781/3/6 12784/3/6
f 12784/3/6 12785/3/6 12786/3/6
f 12783/3/6 12784/3/6 12786/3/6
f 12786/3/6 12785/3/6 12787/3/6
f 12787/3/6 12785/3/6 12788/3/6
f 12788/3/6 12789/3/6 12790/3/6
f 12787/3/6 12788/3/6 12790/3/6
f 12790/3/6 12789/3/6 12791/3/6
f 12791/3/6 12789/3/6 12792/3/6
f 12792/3/6 12793/3/6 12794/3/6
f 12791/3/6 12792/3/6 12794/3/6
f 12794/3/6 12793/3/6 12795/3/6
f 12795/3/6 12793/3/6 12796/3/6
f 12796/3/6 12797/3/6 12798/3/6
f 12795/3/6 12796/3/6 12798/3/6
f 12798/3/6 12797/3/6 12799/3/6
f 12799/3/6 12797/3/6 12800/3/6
f 12800/3/6 12797/3/6 12801/3/6
f 12801/3/6 12797/3/6 12802/3/6
f 12799/3/6 12800/3/6 12804/3/6
f 12804/3/6 12800/3/6 12805/3/6
f 12800/1/6 12801/1/6 12806/1/6
f 12805/3/6 12800/3/6 12806/3/6
f 12802/3/6 12803/3/6 12807/3/6
f 12806/1/6 12801/1/6 12807/1/6
f 12801/3/6 12802/3/6 12807/3/6
f 12807/3/6 12803/3/6 12808/3/6
f 12805/3/6 12806/3/6 12810/3/6
f 12808/3/6 12809/3/6 12810/3/6
f 12807/3/6 12808/3/6 12810/3/6
f 12806/3/6 12807/3/6 12810/3/6
f 12810/3/6 12809/3/6 12811/3/6
f 12811/3/6 12809/3/6 12812/3/6
f 12812/3/6 12813/3/6 12814/3/6
f 12811/3/6 12812/3/6 12814/3/6
f 12814/3/6 12813/3/6 12815/3/6
f 12815/3/6 12813/3/6 12816/3/6
f 12816/3/6 12817/3/6 12818/3/6
f 12815/3/6 12816/3/6 12818/3/6
f 12818/3/6 12817/3/6 12819/3/6
f 12819/3/6 12817/3/6 12820/3/6
f 12820/3/6 12821/3/6 12822/3/6
f 12819/3/6 12820/3/6 12822/3/6
f 12822/3/6 12821/3/6 12823/3/6
f 12823/3/6 12821/3/6 12824/3/6
f 12824/3/6 12825/3/6 12826/3/6
f 12823/3/6 12824/3/6 12826/3/6
f 12826/3/6 12825/3/6 12827/3/6
f 12827/3/6 12825/3/6 12828/3/6
f 12828/3/6 12829/3/6 12830/3/6
f 12827/3/6 12828/3/6 12830/3/6
f 12830/3/6 12829/3/6 12831/3/6
f 12831/3/6 12829/3/6 12832/3/6
f 12832/3/6 12833/3/6 12834/3/6
f 12831/3/6 12832/3/6 12834/3/6
f 12834/3/6 12833/3/6 12835/3/6
f 12835/3/6 12833/3/6 12836/3/6
f 12836/3/6 12837/3/6 12838/3/6
f 12835/3/6 12836/3/6 12838/3/6
f 12838/3/6 12837/3/6 12839/3/6
f 12839/3/6 12837/3/6 12840/3/6
f 12840/3/6 12841/3/6 12842/3/6
f 12839/3/6 12840/3/6 12842/3/6
f 12842/3/6 12841/3/6 12843/3/6
f 12843/3/6 12841/3/6 12844/3/6
f 12844/3/6 12845/3/6 12846/3/6
f 12843/3/6 12844/3/6 12846/3/6
f 12846/3/6 12845/3/6 12847/3/6
f 12847/3/6 12845/3/6 12848/3/6
f 12849/3/6 12850/3/6 12851/3/6
f 12848/3/6 12849/3/6 12851/3/6
f 12847/3/6 12848/3/6 12851/3/6
f 12851/3/6 12850/3/6 12852/3/6
f 12852/3/6 12850/3/6 12853/3/6
f 12853/3/6 12854/3/6 12855/3/6
f 12852/3/6 12853/3/6 12855/3/6
f 12855/3/6 12854/3/6 12856/3/6
f 12856/3/6 12854/3/6 12857/3/6
f 12857/3/6 12858/3/6 12859/3/6
f 12856/3/6 12857/3/6 12859/3/6
f 12859/3/6 12858/3/6 12860/3/6
f 12860/3/6 12858/3/6 12861/3/6
f 12861/3/6 12862/3/6 12863/3/6
f 12860/3/6 12861/3/6 12863/3/6
f 12863/3/6 12862/3/6 12864/3/6
f 12864/3/6 12862/3/6 12865/3/6
f 12865/3/6 12866/3/6 12867/3/6
f 12864/3/6 12865/3/6 12867/3/6
f 12867/3/6 12866/3/6 12868/3/6
f 12868/3/6 12866/3/6 12869/3/6
f 12869/3/6 12870/3/6 12871/3/6
f 12868/3/6 12869/3/6 12871/3/6
f 12871/3/6 12870/3/6 12872/3/6
f 12872/3/6 12870/3/6 12873/3/6
f 12873/3/6 12870/3/6 12874/3/6
f 12874/3/6 12870/3/6 12875/3/6
f 12872/3/6 12873/3/6 12877/3/6
f 12877/3/6 12873/3/6 12878/3/6
f 12873/2/6 12874/2/6 12879/2/6
f 12878/3/6 12873/3/6 12879/3/6
f 12875/3/6 12876/3/6 12880/3/6
f 12879/2/6 12874/2/6 12880/2/6
f 12874/3/6 12875/3/6 12880/3/6
f 12880/3/6 12876/3/6 12881/3/6
f 12878/3/6 12879/3/6 12884/3/6
f 12881/3/6 12882/3/6 12884/3/6
f 12880/3/6 12881/3/6 12884/3/6
f 12879/3/6 12880/3/6 12884/3/6
f 12884/3/6 12882/3/6 12885/3/6
f 12882/1/6 12883/1/6 12886/1/6
f 12885/3/6 12882/3/6 12886/3/6
f 12886/1/6 12883/1/6 12887/1/6
f 12887/3/6 12888/3/6 12889/3/6
f 12886/3/6 12887/3/6 12889/3/6
f 12885/3/6 12886/3/6 12889/3/6
f 12889/3/6 12888/3/6 12890/3/6
f 12890/3/6 12888/3/6 12891/3/6
f 12891/3/6 12892/3/6 12893/3/6
f 12890/3/6 12891/3/6 12893/3/6
f 12893/3/6 12892/3/6 12894/3/6
f 12894/3/6 12892/3/6 12895/3/6
f 12895/3/6 12892/3/6 12896/3/6
f 12894/3/6 12895/3/6 12898/3/6
f 12898/3/6 12895/3/6 12899/3/6
f 12899/3/6 12895/3/6 12900/3/6
f 12900/3/6 12895/3/6 12901/3/6
f 12895/2/6 12896/2/6 12902/2/6
f 12901/3/6 12895/3/6 12902/3/6
f 12896/3/6 12897/3/6 12903/3/6
f 12902/2/6 12896/2/6 12903/2/6
f 12903/3/6 12897/3/6 12904/3/6
f 12899/3/6 12900/3/6 12906/3/6
f 12906/3/6 12900/3/6 12907/3/6
f 12900/4/6 12901/4/6 12908/4/6
f 12907/3/6 12900/3/6 12908/3/6
f 12901/3/6 12902/3/6 12909/3/6
f 12908/4/6 12901/4/6 12909/4/6
f 12904/3/6 12905/3/6 12909/3/6
f 12903/3/6 12904/3/6 12909/3/6
f 12902/3/6 12903/3/6 12909/3/6
f 12909/3/6 12905/3/6 12910/3/6
f 12907/3/6 12908/3/6 12912/3/6
f 12910/3/6 12911/3/6 12912/3/6
f 12909/3/6 12910/3/6 12912/3/6
f 12908/3/6 12909/3/6 12912/3/6
f 12912/3/6 12911/3/6 12913/3/6
f 12913/3/6 12911/3/6 12914/3/6
f 12914/3/6 12911/3/6 12915/3/6
f 12915/3/6 12911/3/6 12916/3/6
f 12913/3/6 12914/3/6 12918/3/6
f 12918/3/6 12914/3/6 12919/3/6
f 12914/2/6 12915/2/6 12920/2/6
f 12919/3/6 12914/3/6 12920/3/6
f 12916/3/6 12917/3/6 12921/3/6
f 12920/2/6 12915/2/6 12921/2/6
f 12915/3/6 12916/3/6 12921/3/6
f 12921/3/6 12917/3/6 12922/3/6
f 12919/3/6 12920/3/6 12924/3/6
f 12922/3/6 12923/3/6 12924/3/6
f 12921/3/6 12922/3/6 12924/3/6
f 12920/3/6 12921/3/6 12924/3/6
f 12924/3/6 12923/3/6 12925/3/6
f 12925/3/6 12923/3/6 12926/3/6
f 12926/3/6 12927/3/6 12928/3/6
f 12925/3/6 12926/3/6 12928/3/6
f 12928/3/6 12927/3/6 12929/3/6
f 12929/3/6 12927/3/6 12930/3/6
f 12930/3/6 12931/3/6 12932/3/6
f 12929/3/6 12930/3/6 12932/3/6
f 12932/3/6 12931/3/6 12933/3/6
f 12933/3/6 12931/3/6 12934/3/6
f 12934/3/6 12935/3/6 12936/3/6
f 12933/3/6 12934/3/6 12936/3/6
f 12936/3/6 12935/3/6 12937/3/6
f 12937/3/6 12935/3/6 12938/3/6
f 12938/3/6 12939/3/6 12940/3/6
f 12937/3/6 12938/3/6 12940/3/6
f 12940/3/6 12939/3/6 12941/3/6
f 12941/3/6 12939/3/6 12942/3/6
f 12942/3/6 12943/3/6 12944/3/6
f 12941/3/6 12942/3/6 12944/3/6
f 12944/3/6 12943/3/6 12945/3/6
f 12945/3/6 12943/3/6 12946/3/6
f 12946/3/6 12947/3/6 12948/3/6
f 12945/3/6 12946/3/6 12948/3/6
f 12945/3/6 12948/3/6 12950/3/6
f 12948/3/6 12949/3/6 12950/3/6
f 12950/3/6 12949/3/6 12951/3/6
f 12951/3/6 12949/3/6 12952/3/6
f 12952/3/6 12949/3/6 12953/3/6
f 12953/3/6 12949/3/6 12954/3/6
f 12951/3/6 12952/3/6 12956/3/6
f 12956/3/6 12952/3/6 12957/3/6
f 12952/1/6 12953/1/6 12958/1/6
f 12957/3/6 12952/3/6 12958/3/6
f 12954/3/6 12955/3/6 12959/3/6
f 12958/1/6 12953/1/6 12959/1/6
f 12953/3/6 12954/3/6 12959/3/6
f 12959/3/6 12955/3/6 12960/3/6
f 12957/3/6 12958/3/6 12962/3/6
f 12960/3/6 12961/3/6 12962/3/6
f 12959/3/6 12960/3/6 12962/3/6
f 12958/3/6 12959/3/6 12962/3/6
f 12962/3/6 12961/3/6 12963/3/6
f 12963/3/6 12961/3/6 12964/3/6
f 12964/3/6 12965/3/6 12966/3/6
f 12963/3/6 12964/3/6 12966/3/6
f 12966/3/6 12965/3/6 12967/3/6
f 12967/3/6 12965/3/6 12968/3/6
f 12968/3/6 12965/3/6 12969/3/6
f 12969/3/6 12965/3/6 12970/3/6
f 12967/3/6 12968/3/6 12972/3/6
f 12972/3/6 12968/3/6 12973/3/6
f 12968/2/6 12969/2/6 12974/2/6
f 12973/3/6 12968/3/6 12974/3/6
f 12970/3/6 12971/3/6 12975/3/6
f 12974/2/6 12969/2/6 12975/2/6
f 12969/3/6 12970/3/6 12975/3/6
f 12975/3/6 12971/3/6 12976/3/6
f 12973/3/6 12974/3/6 12978/3/6
f 12976/3/6 12977/3/6 12978/3/6
f 12975/3/6 12976/3/6 12978/3/6
f 12974/3/6 12975/3/6 12978/3/6
f 12978/3/6 12977/3/6 12979/3/6
f 12979/3/6 12977/3/6 12980/3/6
f 12980/3/6 12981/3/6 12982/3/6
f 12979/3/6 12980/3/6 12982/3/6
f 12982/3/6 12981/3/6 12983/3/6
f 12983/3/6 12981/3/6 12984/3/6
f 12984/3/6 12985/3/6 12986/3/6
f 12983/3/6 12984/3/6 12986/3/6
f 12986/3/6 12985/3/6 12987/3/6
f 12987/3/6 12985/3/6 12988/3/6
f 12988/3/6 12989/3/6 12990/3/6
f 12987/3/6 12988/3/6 12990/3/6
f 12990/3/6 12989/3/6 12991/3/6
f 12991/3/6 12989/3/6 12992/3/6
f 12992/3/6 12993/3/6 12994/3/6
f 12991/3/6 12992/3/6 12994/3/6
f 12994/3/6 12993/3/6 12995/3/6
f 12995/3/6 12993/3/6 12996/3/6
f 12996/3/6 12993/3/6 12997/3/6
f 12997/3/6 12993/3/6 12998/3/6
f 12995/3/6 12996/3/6 13000/3/6
f 13000/3/6 12996/3/6 13001/3/6
f 12996/1/6 12997/1/6 13002/1/6
f 13001/3/6 12996/3/6 13002/3/6
f 12998/3/6 12999/3/6 13003/3/6
f 13002/1/6 12997/1/6 13003/1/6
f 12997/3/6 12998/3/6 13003/3/6
f 13003/3/6 12999/3/6 13004/3/6
f 13001/3/6 13002/3/6 13006/3/6
f 13004/3/6 13005/3/6 13006/3/6
f 13003/3/6 13004/3/6 13006/3/6
f 13002/3/6 13003/3/6 13006/3/6
f 13006/3/6 13005/3/6 13007/3/6
f 13007/3/6 13005/3/6 13008/3/6
f 13008/3/6 13009/3/6 13010/3/6
f 13007/3/6 13008/3/6 13010/3/6
f 13010/3/6 13009/3/6 13011/3/6
f 13011/3/6 13009/3/6 13012/3/6
f 13012/3/6 13013/3/6 13014/3/6
f 13011/3/6 13012/3/6 13014/3/6
f 13014/3/6 13013/3/6 13015/3/6
f 13015/3/6 13013/3/6 13016/3/6
f 13016/3/6 13017/3/6 13018/3/6
f 13015/3/6 13016/3/6 13018/3/6
f 13018/3/6 13017/3/6 13019/3/6
f 13019/3/6 13017/3/6 13020/3/6
f 13020/3/6 13021/3/6 13022/3/6
f 13019/3/6 13020/3/6 13022/3/6
f 13022/3/6 13021/3/6 13023/3/6
f 13023/3/6 13021/3/6 13024/3/6
f 13024/3/6 13021/3/6 13025/3/6
f 13025/3/6 13021/3/6 13026/3/6
f 13026/3/6 13027/3/6 13028/3/6
f 13025/3/6 13026/3/6 13028/3/6
f 13028/3/6 13027/3/6 13029/3/6
f 13029/3/6 13027/3/6 13030/3/6
f 13030/3/6 13031/3/6 13032/3/6
f 13029/3/6 13030/3/6 13032/3/6
f 13032/3/6 13031/3/6 13033/3/6
f 13033/3/6 13031/3/6 13034/3/6
f 13034/3/6 13035/3/6 13036/3/6
f 13033/3/6 13034/3/6 13036/3/6
f 13036/3/6 13035/3/6 13037/3/6
f 13037/3/6 13035/3/6 13038/3/6
f 13038/3/6 13035/3/6 13039/3/6
f 13039/3/6 13035/3/6 13040/3/6
f 13040/3/6 13041/3/6 13042/3/6
f 13039/3/6 13040/3/6 13042/3/6
f 13042/3/6 13041/3/6 13043/3/6
f 13043/3/6 13041/3/6 13044/3/6
f 13044/3/6 13045/3/6 13046/3/6
f 13043/3/6 13044/3/6 13046/3/6
f 13046/3/6 13045/3/6 13047/3/6
f 13047/3/6 13045/3/6 13048/3/6
f 13048/3/6 13049/3/6 13050/3/6
f 13047/3/6 13048/3/6 13050/3/6
f 13050/3/6 13049/3/6 13051/3/6
f 13051/3/6 13049/3/6 13052/3/6
f 13052/3/6 13053/3/6 13054/3/6
f 13051/3/6 13052/3/6 13054/3/6
f 13054/3/6 13053/3/6 13055/3/6
f 13055/3/6 13053/3/6 13056/3/6
f 13056/3/6 13057/3/6 13058/3/6
f 13055/3/6 13056/3/6 13058/3/6
f 13058/3/6 13057/3/6 13059/3/6
f 13059/3/6 13057/3/6 13060/3/6
f 13060/3/6 13061/3/6 13062/3/6
f 13059/3/6 13060/3/6 13062/3/6
f 13062/3/6 13061/3/6 13063/3/6
f 13063/3/6 13061/3/6 13064/3/6
f 13064/3/6 13061/3/6 13065/3/6
f 13065/3/6 13061/3/6 13066/3/6
f 13066/3/6 13067/3/6 13068/3/6
f 13065/3/6 13066/3/6 13068/3/6
f 13068/3/6 13067/3/6 13069/3/6
f 13069/3/6 13067/3/6 13070/3/6
f 13070/3/6 13071/3/6 13072/3/6
f 13069/3/6 13070/3/6 13072/3/6
f 13072/3/6 13071/3/6 13073/3/6
f 13073/3/6 13071/3/6 13074/3/6
f 13074/3/6 13075/3/6 13076/3/6
f 13073/3/6 13074/3/6 13076/3/6
f 13076/3/6 13075/3/6 13077/3/6
f 13077/3/6 13075/3/6 13078/3/6
f 13078/3/6 13079/3/6 13080/3/6
f 13077/3/6 13078/3/6 13080/3/6
f 13080/3/6 13079/3/6 13081/3/6
f 13081/3/6 13079/3/6 13082/3/6
f 13082/3/6 13083/3/6 13084/3/6
f 13081/3/6 13082/3/6 13084/3/6
f 13084/3/6 13083/3/6 13085/3/6
f 13085/3/6 13083/3/6 13086/3/6
f 13086/3/6 13087/3/6 13088/3/6
f 13085/3/6 13086/3/6 13088/3/6
f 13088/3/6 13087/3/6 13089/3/6
f 13089/3/6 13087/3/6 13090/3/6
f 13090/3/6 13091/3/6 13092/3/6
f 13089/3/6 13090/3/6 13092/3/6
f 13092/3/6 13091/3/6 13093/3/6
f 13093/3/6 13091/3/6 13094/3/6
f 13094/3/6 13095/3/6 13096/3/6
f 13093/3/6 13094/3/6 13096/3/6
f 13096/3/6 13095/3/6 13097/3/6
f 13097/3/6 13095/3/6 13098/3/6
f 13098/3/6 13099/3/6 13100/3/6
f 13097/3/6 13098/3/6 13100/3/6
f 13100/3/6 13099/3/6 13101/3/6
f 13101/3/6 13099/3/6 13102/3/6
f 13102/3/6 13103/3/6 13104/3/6
f 13101/3/6 13102/3/6 13104/3/6
f 13104/3/6 13103/3/6 13105/3/6
f 13105/3/6 13103/3/6 13106/3/6
f 13106/3/6 13107/3/6 13108/3/6
f 13105/3/6 13106/3/6 13108/3/6
f 13108/3/6 13107/3/6 13109/3/6
f 13109/3/6 13107/3/6 13110/3/6
f 13110/3/6 13111/3/6 13112/3/6
f 13109/3/6 13110/3/6 13112/3/6
f 13112/3/6 13111/3/6 13113/3/6
f 13113/3/6 13111/3/6 13114/3/6
f 13114/3/6 13111/3/6 13115/3/6
f 13115/3/6 13111/3/6 13116/3/6
f 13116/3/6 13111/3/6 13117/3/6
f 13117/3/6 13111/3/6 13118/3/6
f 13118/3/6 13111/3/6 13119/3/6
f 13119/3/6 13111/3/6 13120/3/6
f 13120/3/6 13111/3/6 13121/3/6
f 13119/3/6 13120/3/6 13122/3/6
f 13122/3/6 13120/3/6 13123/3/6
f 13120/4/6 13121/4/6 13124/4/6
f 13123/3/6 13120/3/6 13124/3/6
f 13121/3/6 13111/3/6 13125/3/6
f 13124/4/6 13121/4/6 13125/4/6
f 13125/3/6 13111/3/6 13126/3/6
f 13126/3/6 13111/3/6 13127/3/6
f 13123/3/6 13124/3/6 13128/3/6
f 13124/3/6 13125/3/6 13128/3/6
f 13125/3/6 13126/3/6 13128/3/6
f 13128/3/6 13126/3/6 13129/3/6
f 13126/1/6 13127/1/6 13130/1/6
f 13129/3/6 13126/3/6 13130/3/6
f 13127/3/6 13111/3/6 13131/3/6
f 13130/1/6 13127/1/6 13131/1/6
f 13129/3/6 13130/3/6 13132/3/6
f 13130/3/6 13131/3/6 13132/3/6
f 13132/3/6 13131/3/6 13133/3/6
f 13133/3/6 13131/3/6 13134/3/6
f 13134/3/6 13131/3/6 13135/3/6
f 13135/3/6 13131/3/6 13136/3/6
f 13136/3/6 13131/3/6 13137/3/6
f 13137/3/6 13131/3/6 13138/3/6
f 13138/3/6 13131/3/6 13139/3/6
f 13139/3/6 13131/3/6 13140/3/6
f 13140/3/6 13131/3/6 13141/3/6
f 13141/3/6 13131/3/6 13142/3/6
f 13142/3/6 13131/3/6 13143/3/6
f 13143/3/6 13131/3/6 13144/3/6
f 13144/3/6 13131/3/6 13145/3/6
f 13145/3/6 13131/3/6 13146/3/6
f 13146/3/6 13131/3/6 13147/3/6
f 13147/3/6 13131/3/6 13148/3/6
f 13148/3/6 13131/3/6 13149/3/6
f 13147/3/6 13148/3/6 13150/3/6
f 13150/3/6 13148/3/6 13151/3/6
f 13148/1/6 13149/1/6 13152/1/6
f 13151/3/6 13148/3/6 13152/3/6
f 13149/3/6 13131/3/6 13153/3/6
f 13152/1/6 13149/1/6 13153/1/6
f 13151/3/6 13152/3/6 13154/3/6
f 13152/3/6 13153/3/6 13154/3/6
f 13154/3/6 13153/3/6 13155/3/6
f 13155/3/6 13153/3/6 13156/3/6
f 13156/3/6 13153/3/6 13157/3/6
f 13157/3/6 13153/3/6 13158/3/6
f 13158/3/6 13153/3/6 13159/3/6
f 13159/3/6 13153/3/6 13160/3/6
f 13160/3/6 13153/3/6 13161/3/6
f 13161/3/6 13153/3/6 13162/3/6
f 13162/3/6 13153/3/6 13163/3/6
f 13163/3/6 13153/3/6 13164/3/6
f 13164/3/6 13153/3/6 13165/3/6
f 13165/3/6 13153/3/6 13166/3/6
f 13166/3/6 13153/3/6 13167/3/6
f 13167/3/6 13153/3/6 13168/3/6
f 13168/3/6 13153/3/6 13169/3/6
f 13153/3/6 13131/3/6 13170/3/6
f 13169/3/6 13153/3/6 13170/3/6
f 13170/3/6 13131/3/6 13171/3/6
f 13169/3/6 13170/3/6 13172/3/6
f 13172/3/6 13170/3/6 13173/3/6
f 13170/4/6 13171/4/6 13174/4/6
f 13173/3/6 13170/3/6 13174/3/6
f 13171/3/6 13131/3/6 13175/3/6
f 13174/4/6 13171/4/6 13175/4/6
f 13173/3/6 13174/3/6 13176/3/6
f 13174/3/6 13175/3/6 13176/3/6
f 13176/3/6 13175/3/6 13177/3/6
f 13177/3/6 13175/3/6 13178/3/6
f 13131/3/6 13111/3/6 13179/3/6
f 13178/3/6 13175/3/6 13179/3/6
f 13175/3/6 13131/3/6 13179/3/6
f 13179/3/6 13111/3/6 13180/3/6
f 13180/3/6 13111/3/6 13181/3/6
f 13181/3/6 13111/3/6 13182/3/6
f 13182/3/6 13111/3/6 13183/3/6
f 13183/3/6 13111/3/6 13184/3/6
f 13184/3/6 13111/3/6 13185/3/6
f 13185/3/6 13111/3/6 13186/3/6
f 13186/3/6 13111/3/6 13187/3/6
f 13188/3/6 13189/3/6 13190/3/6
f 13190/3/6 13191/3/6 13192/3/6
f 13192/3/6 13193/3/6 13194/3/6
f 13194/3/6 13195/3/6 13196/3/6
f 13196/3/6 13197/3/6 13198/3/6
f 13198/3/6 13199/3/6 13200/3/6
f 13200/3/6 13201/3/6 13202/3/6
f 13202/3/6 13203/3/6 13204/3/6
f 13204/3/6 13205/3/6 13206/3/6
f 13190/3/6 13192/3/6 13208/3/6
f 13206/3/6 13207/3/6 13208/3/6
f 13204/3/6 13206/3/6 13208/3/6
f 13202/3/6 13204/3/6 13208/3/6
f 13200/3/6 13202/3/6 13208/3/6
f 13198/3/6 13200/3/6 13208/3/6
f 13196/3/6 13198/3/6 13208/3/6
f 13194/3/6 13196/3/6 13208/3/6
f 13192/3/6 13194/3/6 13208/3/6
f 13208/3/6 13207/3/6 13209/3/6
f 13209/3/6 13207/3/6 13210/3/6
f 13210/3/6 13207/3/6 13211/3/6
f 13211/3/6 13207/3/6 13212/3/6
f 13190/3/6 13208/3/6 13214/3/6
f 13208/1/6 13209/1/6 13214/1/6
f 13209/3/6 13210/3/6 13215/3/6
f 13214/1/6 13209/1/6 13215/1/6
f 13210/1/6 13211/1/6 13216/1/6
f 13215/3/6 13210/3/6 13216/3/6
f 13212/3/6 13213/3/6 13217/3/6
f 13216/1/6 13211/1/6 13217/1/6
f 13211/3/6 13212/3/6 13217/3/6
f 13217/3/6 13213/3/6 13218/3/6
f 13218/3/6 13213/3/6 13219/3/6
f 13219/3/6 13213/3/6 13220/3/6
f 13215/3/6 13216/3/6 13222/3/6
f 13214/3/6 13215/3/6 13222/3/6
f 13190/3/6 13214/3/6 13222/3/6
f 13216/3/6 13217/3/6 13222/3/6
f 13217/3/6 13218/3/6 13222/3/6
f 13222/3/6 13218/3/6 13223/3/6
f 13223/3/6 13218/3/6 13224/3/6
f 13224/3/6 13218/3/6 13225/3/6
f 13218/1/6 13219/1/6 13226/1/6
f 13225/3/6 13218/3/6 13226/3/6
f 13220/3/6 13221/3/6 13227/3/6
f 13226/1/6 13219/1/6 13227/1/6
f 13219/3/6 13220/3/6 13227/3/6
f 13227/3/6 13221/3/6 13228/3/6
f 13190/3/6 13222/3/6 13230/3/6
f 13222/1/6 13223/1/6 13230/1/6
f 13223/3/6 13224/3/6 13231/3/6
f 13230/1/6 13223/1/6 13231/1/6
f 13224/4/6 13225/4/6 13232/4/6
f 13231/3/6 13224/3/6 13232/3/6
f 13225/3/6 13226/3/6 13233/3/6
f 13232/4/6 13225/4/6 13233/4/6
f 13228/3/6 13229/3/6 13233/3/6
f 13226/3/6 13227/3/6 13233/3/6
f 13227/3/6 13228/3/6 13233/3/6
f 13233/3/6 13229/3/6 13234/3/6
f 13188/3/6 13190/3/6 13236/3/6
f 13234/3/6 13235/3/6 13236/3/6
f 13233/3/6 13234/3/6 13236/3/6
f 13232/3/6 13233/3/6 13236/3/6
f 13230/3/6 13231/3/6 13236/3/6
f 13190/3/6 13230/3/6 13236/3/6
f 13231/3/6 13232/3/6 13236/3/6
f 13236/3/6 13235/3/6 13237/3/6
f 13237/3/6 13235/3/6 13238/3/6
f 13238/3/6 13235/3/6 13239/3/6
f 13239/3/6 13235/3/6 13240/3/6
f 13237/3/6 13238/3/6 13242/3/6
f 13242/3/6 13238/3/6 13243/3/6
f 13238/1/6 13239/1/6 13244/1/6
f 13243/3/6 13238/3/6 13244/3/6
f 13240/3/6 13241/3/6 13245/3/6
f 13244/1/6 13239/1/6 13245/1/6
f 13239/3/6 13240/3/6 13245/3/6
f 13245/3/6 13241/3/6 13246/3/6
f 13243/3/6 13244/3/6 13248/3/6
f 13246/3/6 13247/3/6 13248/3/6
f 13245/3/6 13246/3/6 13248/3/6
f 13244/3/6 13245/3/6 13248/3/6
f 13248/3/6 13247/3/6 13249/3/6
f 13249/3/6 13247/3/6 13250/3/6
f 13250/3/6 13251/3/6 13252/3/6
f 13249/3/6 13250/3/6 13252/3/6
f 13252/3/6 13251/3/6 13253/3/6
f 13253/3/6 13251/3/6 13254/3/6
f 13254/3/6 13255/3/6 13256/3/6
f 13253/3/6 13254/3/6 13256/3/6
f 13256/3/6 13255/3/6 13257/3/6
f 13257/3/6 13255/3/6 13258/3/6
f 13258/3/6 13259/3/6 13260/3/6
f 13257/3/6 13258/3/6 13260/3/6
f 13260/3/6 13259/3/6 13261/3/6
f 13261/3/6 13259/3/6 13262/3/6
f 13262/3/6 13263/3/6 13264/3/6
f 13261/3/6 13262/3/6 13264/3/6
f 13264/3/6 13263/3/6 13265/3/6
f 13265/3/6 13263/3/6 13266/3/6
f 13266/3/6 13267/3/6 13268/3/6
f 13265/3/6 13266/3/6 13268/3/6
f 13268/3/6 13267/3/6 13269/3/6
f 13269/3/6 13267/3/6 13270/3/6
f 13270/3/6 13271/3/6 13272/3/6
f 13269/3/6 13270/3/6 13272/3/6
f 13272/3/6 13271/3/6 13273/3/6
f 13273/3/6 13271/3/6 13274/3/6
f 13274/3/6 13275/3/6 13276/3/6
f 13273/3/6 13274/3/6 13276/3/6
f 13276/3/6 13275/3/6 13277/3/6
f 13277/3/6 13275/3/6 13278/3/6
f 13278/3/6 13279/3/6 13280/3/6
f 13277/3/6 13278/3/6 13280/3/6
f 13280/3/6 13279/3/6 13281/3/6
f 13281/3/6 13279/3/6 13282/3/6
f 13282/3/6 13283/3/6 13284/3/6
f 13281/3/6 13282/3/6 13284/3/6
f 13284/3/6 13283/3/6 13285/3/6
f 13285/3/6 13283/3/6 13286/3/6
f 13286/3/6 13287/3/6 13288/3/6
f 13285/3/6 13286/3/6 13288/3/6
f 13288/3/6 13287/3/6 13289/3/6
f 13289/3/6 13287/3/6 13290/3/6
f 13290/3/6 13291/3/6 13292/3/6
f 13289/3/6 13290/3/6 13292/3/6
f 13292/3/6 13291/3/6 13293/3/6
f 13293/3/6 13291/3/6 13294/3/6
f 13294/3/6 13295/3/6 13296/3/6
f 13293/3/6 13294/3/6 13296/3/6
f 13296/3/6 13295/3/6 13297/3/6
f 13297/3/6 13295/3/6 13298/3/6
f 13298/3/6 13299/3/6 13300/3/6
f 13297/3/6 13298/3/6 13300/3/6
f 13300/3/6 13299/3/6 13301/3/6
f 13301/3/6 13299/3/6 13302/3/6
f 13302/3/6 13303/3/6 13304/3/6
f 13301/3/6 13302/3/6 13304/3/6
f 13304/3/6 13303/3/6 13305/3/6
f 13305/3/6 13303/3/6 13306/3/6
f 13306/3/6 13307/3/6 13308/3/6
f 13305/3/6 13306/3/6 13308/3/6
f 13308/3/6 13307/3/6 13309/3/6
f 13309/3/6 13307/3/6 13310/3/6
f 13310/3/6 13311/3/6 13312/3/6
f 13309/3/6 13310/3/6 13312/3/6
f 13312/3/6 13311/3/6 13313/3/6
f 13313/3/6 13311/3/6 13314/3/6
f 13314/3/6 13315/3/6 13316/3/6
f 13313/3/6 13314/3/6 13316/3/6
f 13316/3/6 13315/3/6 13317/3/6
f 13317/3/6 13315/3/6 13318/3/6
f 13318/3/6 13319/3/6 13320/3/6
f 13317/3/6 13318/3/6 13320/3/6
f 13320/3/6 13319/3/6 13321/3/6
f 13321/3/6 13319/3/6 13322/3/6
f 13322/3/6 13323/3/6 13324/3/6
f 13321/3/6 13322/3/6 13324/3/6
f 13324/3/6 13323/3/6 13325/3/6
f 13325/3/6 13323/3/6 13326/3/6
f 13326/3/6 13327/3/6 13328/3/6
f 13325/3/6 13326/3/6 13328/3/6
f 13328/3/6 13327/3/6 13329/3/6
f 13329/3/6 13327/3/6 13330/3/6
f 13330/3/6 13331/3/6 13332/3/6
f 13329/3/6 13330/3/6 13332/3/6
f 13332/3/6 13331/3/6 13333/3/6
f 13333/3/6 13331/3/6 13334/3/6
f 13334/3/6 13335/3/6 13336/3/6
f 13333/3/6 13334/3/6 13336/3/6
f 13336/3/6 13335/3/6 13337/3/6
f 13337/3/6 13335/3/6 13338/3/6
f 13338/3/6 13335/3/6 13339/3/6
f 13339/3/6 13335/3/6 13340/3/6
f 13337/3/6 13338/3/6 13342/3/6
f 13342/3/6 13338/3/6 13343/3/6
f 13338/2/6 13339/2/6 13344/2/6
f 13343/3/6 13338/3/6 13344/3/6
f 13340/3/6 13341/3/6 13345/3/6
f 13344/2/6 13339/2/6 13345/2/6
f 13339/3/6 13340/3/6 13345/3/6
f 13345/3/6 13341/3/6 13346/3/6
f 13343/3/6 13344/3/6 13348/3/6
f 13346/3/6 13347/3/6 13348/3/6
f 13345/3/6 13346/3/6 13348/3/6
f 13344/3/6 13345/3/6 13348/3/6
f 13348/3/6 13347/3/6 13349/3/6
f 13349/3/6 13347/3/6 13350/3/6
f 13350/3/6 13351/3/6 13352/3/6
f 13349/3/6 13350/3/6 13352/3/6
f 13352/3/6 13351/3/6 13353/3/6
f 13353/3/6 13351/3/6 13354/3/6
f 13354/3/6 13351/3/6 13355/3/6
f 13355/3/6 13351/3/6 13356/3/6
f 13353/3/6 13354/3/6 13358/3/6
f 13358/3/6 13354/3/6 13359/3/6
f 13354/4/6 13355/4/6 13360/4/6
f 13359/3/6 13354/3/6 13360/3/6
f 13356/3/6 13357/3/6 13361/3/6
f 13360/4/6 13355/4/6 13361/4/6
f 13355/3/6 13356/3/6 13361/3/6
f 13361/3/6 13357/3/6 13362/3/6
f 13362/3/6 13357/3/6 13363/3/6
f 13363/3/6 13357/3/6 13364/3/6
f 13359/3/6 13360/3/6 13366/3/6
f 13360/3/6 13361/3/6 13366/3/6
f 13361/3/6 13362/3/6 13366/3/6
f 13366/3/6 13362/3/6 13367/3/6
f 13362/4/6 13363/4/6 13368/4/6
f 13367/3/6 13362/3/6 13368/3/6
f 13364/3/6 13365/3/6 13369/3/6
f 13368/4/6 13363/4/6 13369/4/6
f 13363/3/6 13364/3/6 13369/3/6
f 13369/3/6 13365/3/6 13370/3/6
f 13367/3/6 13368/3/6 13372/3/6
f 13370/3/6 13371/3/6 13372/3/6
f 13369/3/6 13370/3/6 13372/3/6
f 13368/3/6 13369/3/6 13372/3/6
f 13372/3/6 13371/3/6 13373/3/6
f 13373/3/6 13371/3/6 13374/3/6
f 13374/3/6 13371/3/6 13375/3/6
f 13375/3/6 13371/3/6 13376/3/6
f 13373/3/6 13374/3/6 13378/3/6
f 13378/3/6 13374/3/6 13379/3/6
f 13374/1/6 13375/1/6 13380/1/6
f 13379/3/6 13374/3/6 13380/3/6
f 13376/3/6 13377/3/6 13381/3/6
f 13380/1/6 13375/1/6 13381/1/6
f 13375/3/6 13376/3/6 13381/3/6
f 13381/3/6 13377/3/6 13382/3/6
f 13379/3/6 13380/3/6 13384/3/6
f 13382/3/6 13383/3/6 13384/3/6
f 13381/3/6 13382/3/6 13384/3/6
f 13380/3/6 13381/3/6 13384/3/6
f 13384/3/6 13383/3/6 13385/3/6
f 13385/3/6 13383/3/6 13386/3/6
f 13386/3/6 13387/3/6 13388/3/6
f 13385/3/6 13386/3/6 13388/3/6
f 13388/3/6 13387/3/6 13389/3/6
f 13389/3/6 13387/3/6 13390/3/6
f 13390/3/6 13391/3/6 13392/3/6
f 13389/3/6 13390/3/6 13392/3/6
f 13392/3/6 13391/3/6 13393/3/6
f 13393/3/6 13391/3/6 13394/3/6
f 13394/3/6 13395/3/6 13396/3/6
f 13393/3/6 13394/3/6 13396/3/6
f 13396/3/6 13395/3/6 13397/3/6
f 13397/3/6 13395/3/6 13398/3/6
f 13398/3/6 13399/3/6 13400/3/6
f 13397/3/6 13398/3/6 13400/3/6
f 13400/3/6 13399/3/6 13401/3/6
f 13401/3/6 13399/3/6 13402/3/6
f 13402/3/6 13403/3/6 13404/3/6
f 13401/3/6 13402/3/6 13404/3/6
f 13404/3/6 13403/3/6 13405/3/6
f 13405/3/6 13403/3/6 13406/3/6
f 13406/3/6 13407/3/6 13408/3/6
f 13405/3/6 13406/3/6 13408/3/6
f 13408/3/6 13407/3/6 13409/3/6
f 13409/3/6 13407/3/6 13410/3/6
f 13410/3/6 13407/3/6 13411/3/6
f 13411/3/6 13407/3/6 13412/3/6
f 13409/3/6 13410/3/6 13414/3/6
f 13414/3/6 13410/3/6 13415/3/6
f 13410/4/6 13411/4/6 13416/4/6
f 13415/3/6 13410/3/6 13416/3/6
f 13412/3/6 13413/3/6 13417/3/6
f 13416/4/6 13411/4/6 13417/4/6
f 13411/3/6 13412/3/6 13417/3/6
f 13417/3/6 13413/3/6 13418/3/6
f 13415/3/6 13416/3/6 13420/3/6
f 13418/3/6 13419/3/6 13420/3/6
f 13417/3/6 13418/3/6 13420/3/6
f 13416/3/6 13417/3/6 13420/3/6
f 13420/3/6 13419/3/6 13421/3/6
f 13421/3/6 13419/3/6 13422/3/6
f 13422/3/6 13423/3/6 13424/3/6
f 13421/3/6 13422/3/6 13424/3/6
f 13424/3/6 13423/3/6 13425/3/6
f 13425/3/6 13423/3/6 13426/3/6
f 13426/3/6 13427/3/6 13428/3/6
f 13425/3/6 13426/3/6 13428/3/6
f 13428/3/6 13427/3/6 13429/3/6
f 13429/3/6 13427/3/6 13430/3/6
f 13430/3/6 13431/3/6 13432/3/6
f 13429/3/6 13430/3/6 13432/3/6
f 13432/3/6 13431/3/6 13433/3/6
f 13433/3/6 13431/3/6 13434/3/6
f 13434/3/6 13435/3/6 13436/3/6
f 13433/3/6 13434/3/6 13436/3/6
f 13436/3/6 13435/3/6 13437/3/6
f 13437/3/6 13435/3/6 13438/3/6
f 13438/3/6 13439/3/6 13440/3/6
f 13437/3/6 13438/3/6 13440/3/6
f 13440/3/6 13439/3/6 13441/3/6
f 13441/3/6 13439/3/6 13442/3/6
f 13442/3/6 13443/3/6 13444/3/6
f 13441/3/6 13442/3/6 13444/3/6
f 13444/3/6 13443/3/6 13445/3/6
f 13445/3/6 13443/3/6 13446/3/6
f 13446/3/6 13447/3/6 13448/3/6
f 13445/3/6 13446/3/6 13448/3/6
f 13448/3/6 13447/3/6 13449/3/6
f 13449/3/6 13447/3/6 13450/3/6
f 13450/3/6 13447/3/6 13451/3/6
f 13451/3/6 13447/3/6 13452/3/6
f 13452/3/6 13453/3/6 13454/3/6
f 13451/3/6 13452/3/6 13454/3/6
f 13454/3/6 13453/3/6 13455/3/6
f 13455/3/6 13453/3/6 13456/3/6
f 13456/3/6 13453/3/6 13457/3/6
f 13457/3/6 13453/3/6 13458/3/6
f 13455/3/6 13456/3/6 13460/3/6
f 13456/2/6 13457/2/6 13461/2/6
f 13460/3/6 13456/3/6 13461/3/6
f 13458/3/6 13459/3/6 13462/3/6
f 13461/2/6 13457/2/6 13462/2/6
f 13457/3/6 13458/3/6 13462/3/6
f 13462/3/6 13459/3/6 13463/3/6
f 13463/3/6 13459/3/6 13464/3/6
f 13464/3/6 13459/3/6 13465/3/6
f 13462/3/6 13463/3/6 13467/3/6
f 13467/3/6 13463/3/6 13468/3/6
f 13463/1/6 13464/1/6 13469/1/6
f 13468/3/6 13463/3/6 13469/3/6
f 13465/3/6 13466/3/6 13470/3/6
f 13469/1/6 13464/1/6 13470/1/6
f 13464/3/6 13465/3/6 13470/3/6
f 13470/3/6 13466/3/6 13471/3/6
f 13468/3/6 13469/3/6 13473/3/6
f 13471/3/6 13472/3/6 13473/3/6
f 13470/3/6 13471/3/6 13473/3/6
f 13469/3/6 13470/3/6 13473/3/6
f 13473/3/6 13472/3/6 13474/3/6
f 13474/3/6 13472/3/6 13475/3/6
f 13475/3/6 13476/3/6 13477/3/6
f 13474/3/6 13475/3/6 13477/3/6
f 13477/3/6 13476/3/6 13478/3/6
f 13478/3/6 13476/3/6 13479/3/6
f 13479/3/6 13480/3/6 13481/3/6
f 13478/3/6 13479/3/6 13481/3/6
f 13481/3/6 13480/3/6 13482/3/6
f 13482/3/6 13480/3/6 13483/3/6
f 13483/3/6 13484/3/6 13485/3/6
f 13482/3/6 13483/3/6 13485/3/6
f 13485/3/6 13484/3/6 13486/3/6
f 13486/3/6 13484/3/6 13487/3/6
f 13487/3/6 13488/3/6 13489/3/6
f 13486/3/6 13487/3/6 13489/3/6
f 13489/3/6 13488/3/6 13490/3/6
f 13490/3/6 13488/3/6 13491/3/6
f 13491/3/6 13492/3/6 13493/3/6
f 13490/3/6 13491/3/6 13493/3/6
f 13493/3/6 13492/3/6 13494/3/6
f 13494/3/6 13492/3/6 13495/3/6
f 13495/3/6 13496/3/6 13497/3/6
f 13494/3/6 13495/3/6 13497/3/6
f 13497/3/6 13496/3/6 13498/3/6
f 13498/3/6 13496/3/6 13499/3/6
f 13499/3/6 13500/3/6 13501/3/6
f 13498/3/6 13499/3/6 13501/3/6
f 13501/3/6 13500/3/6 13502/3/6
f 13502/3/6 13500/3/6 13503/3/6
f 13503/3/6 13504/3/6 13505/3/6
f 13502/3/6 13503/3/6 13505/3/6
f 13505/3/6 13504/3/6 13506/3/6
f 13506/3/6 13504/3/6 13507/3/6
f 13507/3/6 13508/3/6 13509/3/6
f 13506/3/6 13507/3/6 13509/3/6
f 13509/3/6 13508/3/6 13510/3/6
f 13510/3/6 13508/3/6 13511/3/6
f 13511/3/6 13512/3/6 13513/3/6
f 13510/3/6 13511/3/6 13513/3/6
f 13513/3/6 13512/3/6 13514/3/6
f 13514/3/6 13512/3/6 13515/3/6
f 13515/3/6 13516/3/6 13517/3/6
f 13514/3/6 13515/3/6 13517/3/6
f 13517/3/6 13516/3/6 13518/3/6
f 13518/3/6 13516/3/6 13519/3/6
f 13519/3/6 13520/3/6 13521/3/6
f 13518/3/6 13519/3/6 13521/3/6
f 13521/3/6 13520/3/6 13522/3/6
f 13522/3/6 13520/3/6 13523/3/6
f 13523/3/6 13524/3/6 13525/3/6
f 13522/3/6 13523/3/6 13525/3/6
f 13525/3/6 13524/3/6 13526/3/6
f 13526/3/6 13524/3/6 13527/3/6
f 13527/3/6 13528/3/6 13529/3/6
f 13526/3/6 13527/3/6 13529/3/6
f 13529/3/6 13528/3/6 13530/3/6
f 13530/3/6 13528/3/6 13531/3/6
f 13531/3/6 13532/3/6 13533/3/6
f 13530/3/6 13531/3/6 13533/3/6
f 13533/3/6 13532/3/6 13534/3/6
f 13534/3/6 13532/3/6 13535/3/6
f 13535/3/6 13536/3/6 13537/3/6
f 13534/3/6 13535/3/6 13537/3/6
f 13537/3/6 13536/3/6 13538/3/6
f 13538/3/6 13536/3/6 13539/3/6
f 13539/3/6 13540/3/6 13541/3/6
f 13538/3/6 13539/3/6 13541/3/6
f 13541/3/6 13540/3/6 13542/3/6
f 13542/3/6 13540/3/6 13543/3/6
f 13543/3/6 13544/3/6 13545/3/6
f 13542/3/6 13543/3/6 13545/3/6
f 13545/3/6 13544/3/6 13546/3/6
f 13546/3/6 13544/3/6 13547/3/6
f 13547/3/6 13548/3/6 13549/3/6
f 13546/3/6 13547/3/6 13549/3/6
f 13549/3/6 13548/3/6 13550/3/6
f 13550/3/6 13548/3/6 13551/3/6
f 13551/3/6 13552/3/6 13553/3/6
f 13550/3/6 13551/3/6 13553/3/6
f 13553/3/6 13552/3/6 13554/3/6
f 13554/3/6 13552/3/6 13555/3/6
f 13555/3/6 13556/3/6 13557/3/6
f 13554/3/6 13555/3/6 13557/3/6
f 13557/3/6 13556/3/6 13558/3/6
f 13558/3/6 13556/3/6 13559/3/6
f 13559/3/6 13560/3/6 13561/3/6
f 13558/3/6 13559/3/6 13561/3/6
f 13561/3/6 13560/3/6 13562/3/6
f 13562/3/6 13560/3/6 13563/3/6
f 13563/3/6 13564/3/6 13565/3/6
f 13562/3/6 13563/3/6 13565/3/6
f 13565/3/6 13564/3/6 13566/3/6
f 13566/3/6 13564/3/6 13567/3/6
f 13567/3/6 13568/3/6 13569/3/6
f 13566/3/6 13567/3/6 13569/3/6
f 13569/3/6 13568/3/6 13570/3/6
f 13570/3/6 13568/3/6 13571/3/6
f 13571/3/6 13572/3/6 13573/3/6
f 13570/3/6 13571/3/6 13573/3/6
f 13573/3/6 13572/3/6 13574/3/6
f 13574/3/6 13572/3/6 13575/3/6
f 13575/3/6 13576/3/6 13577/3/6
f 13574/3/6 13575/3/6 13577/3/6
f 13577/3/6 13576/3/6 13578/3/6
f 13578/3/6 13576/3/6 13579/3/6
f 13579/3/6 13580/3/6 13581/3/6
f 13578/3/6 13579/3/6 13581/3/6
f 13581/3/6 13580/3/6 13582/3/6
f 13582/3/6 13580/3/6 13583/3/6
f 13583/3/6 13584/3/6 13585/3/6
f 13582/3/6 13583/3/6 13585/3/6
f 13585/3/6 13584/3/6 13586/3/6
f 13586/3/6 13584/3/6 13587/3/6
f 13587/3/6 13584/3/6 13588/3/6
f 13588/3/6 13584/3/6 13589/3/6
f 13586/3/6 13587/3/6 13591/3/6
f 13591/3/6 13587/3/6 13592/3/6
f 13587/2/6 13588/2/6 13593/2/6
f 13592/3/6 13587/3/6 13593/3/6
f 13589/3/6 13590/3/6 13594/3/6
f 13593/2/6 13588/2/6 13594/2/6
f 13588/3/6 13589/3/6 13594/3/6
f 13594/3/6 13590/3/6 13595/3/6
f 13592/3/6 13593/3/6 13597/3/6
f 13595/3/6 13596/3/6 13597/3/6
f 13594/3/6 13595/3/6 13597/3/6
f 13593/3/6 13594/3/6 13597/3/6
f 13597/3/6 13596/3/6 13598/3/6
f 13598/3/6 13596/3/6 13599/3/6
f 13599/3/6 13600/3/6 13601/3/6
f 13598/3/6 13599/3/6 13601/3/6
f 13601/3/6 13600/3/6 13602/3/6
f 13602/3/6 13600/3/6 13603/3/6
f 13603/3/6 13600/3/6 13604/3/6
f 13604/3/6 13600/3/6 13605/3/6
f 13602/3/6 13603/3/6 13607/3/6
f 13607/3/6 13603/3/6 13608/3/6
f 13603/1/6 13604/1/6 13609/1/6
f 13608/3/6 13603/3/6 13609/3/6
f 13605/3/6 13606/3/6 13610/3/6
f 13609/1/6 13604/1/6 13610/1/6
f 13604/3/6 13605/3/6 13610/3/6
f 13610/3/6 13606/3/6 13611/3/6
f 13608/3/6 13609/3/6 13613/3/6
f 13611/3/6 13612/3/6 13613/3/6
f 13610/3/6 13611/3/6 13613/3/6
f 13609/3/6 13610/3/6 13613/3/6
f 13613/3/6 13612/3/6 13614/3/6
f 13614/3/6 13612/3/6 13615/3/6
f 13615/3/6 13616/3/6 13617/3/6
f 13614/3/6 13615/3/6 13617/3/6
f 13617/3/6 13616/3/6 13618/3/6
f 13618/3/6 13616/3/6 13619/3/6
f 13619/3/6 13620/3/6 13621/3/6
f 13618/3/6 13619/3/6 13621/3/6
f 13618/3/6 13621/3/6 13624/3/6
f 13624/3/6 13621/3/6 13625/3/6
f 13625/3/6 13621/3/6 13626/3/6
f 13626/3/6 13621/3/6 13627/3/6
f 13621/4/6 13622/4/6 13628/4/6
f 13627/3/6 13621/3/6 13628/3/6
f 13622/3/6 13623/3/6 13629/3/6
f 13628/4/6 13622/4/6 13629/4/6
f 13629/3/6 13623/3/6 13630/3/6
f 13625/3/6 13626/3/6 13632/3/6
f 13632/3/6 13626/3/6 13633/3/6
f 13626/2/6 13627/2/6 13634/2/6
f 13633/3/6 13626/3/6 13634/3/6
f 13627/3/6 13628/3/6 13635/3/6
f 13634/2/6 13627/2/6 13635/2/6
f 13630/3/6 13631/3/6 13635/3/6
f 13629/3/6 13630/3/6 13635/3/6
f 13628/3/6 13629/3/6 13635/3/6
f 13635/3/6 13631/3/6 13636/3/6
f 13633/3/6 13634/3/6 13638/3/6
f 13636/3/6 13637/3/6 13638/3/6
f 13635/3/6 13636/3/6 13638/3/6
f 13634/3/6 13635/3/6 13638/3/6
f 13638/3/6 13637/3/6 13639/3/6
f 13639/3/6 13637/3/6 13640/3/6
f 13640/3/6 13637/3/6 13641/3/6
f 13641/3/6 13637/3/6 13642/3/6
f 13639/3/6 13640/3/6 13644/3/6
f 13640/4/6 13641/4/6 13644/4/6
f 13642/3/6 13643/3/6 13645/3/6
f 13644/4/6 13641/4/6 13645/4/6
f 13641/3/6 13642/3/6 13645/3/6
f 13645/3/6 13643/3/6 13646/3/6
f 13639/3/6 13644/3/6 13648/3/6
f 13646/3/6 13647/3/6 13648/3/6
f 13645/3/6 13646/3/6 13648/3/6
f 13644/3/6 13645/3/6 13648/3/6
f 13648/3/6 13647/3/6 13649/3/6
f 13649/3/6 13647/3/6 13650/3/6
f 13650/3/6 13651/3/6 13652/3/6
f 13649/3/6 13650/3/6 13652/3/6
f 13652/3/6 13651/3/6 13653/3/6
f 13653/3/6 13651/3/6 13654/3/6
f 13654/3/6 13651/3/6 13655/3/6
f 13655/3/6 13651/3/6 13656/3/6
f 13653/3/6 13654/3/6 13660/3/6
f 13660/3/6 13654/3/6 13661/3/6
f 13654/2/6 13655/2/6 13662/2/6
f 13661/3/6 13654/3/6 13662/3/6
f 13658/3/6 13659/3/6 13663/3/6
f 13662/2/6 13655/2/6 13663/2/6
f 13657/3/6 13658/3/6 13663/3/6
f 13655/3/6 13656/3/6 13663/3/6
f 13656/3/6 13657/3/6 13663/3/6
f 13663/3/6 13659/3/6 13664/3/6
f 13661/3/6 13662/3/6 13666/3/6
f 13664/3/6 13665/3/6 13666/3/6
f 13663/3/6 13664/3/6 13666/3/6
f 13662/3/6 13663/3/6 13666/3/6
f 13666/3/6 13665/3/6 13667/3/6
f 13667/3/6 13665/3/6 13668/3/6
f 13668/3/6 13665/3/6 13669/3/6
f 13669/3/6 13665/3/6 13670/3/6
f 13670/3/6 13665/3/6 13671/3/6
f 13671/3/6 13665/3/6 13672/3/6
f 13669/2/6 13670/2/6 13673/2/6
f 13673/2/6 13670/2/6 13674/2/6
f 13670/3/6 13671/3/6 13675/3/6
f 13674/2/6 13670/2/6 13675/2/6
f 13671/1/6 13672/1/6 13676/1/6
f 13675/3/6 13671/3/6 13676/3/6
f 13672/3/6 13665/3/6 13677/3/6
f 13676/1/6 13672/1/6 13677/1/6
f 13675/3/6 13676/3/6 13678/3/6
f 13674/3/6 13675/3/6 13678/3/6
f 13676/3/6 13677/3/6 13678/3/6
f 13678/3/6 13677/3/6 13679/3/6
f 13679/3/6 13677/3/6 13680/3/6
f 13680/3/6 13677/3/6 13681/3/6
f 13681/3/6 13677/3/6 13682/3/6
f 13682/3/6 13677/3/6 13683/3/6
f 13681/3/6 13682/3/6 13684/3/6
f 13684/3/6 13682/3/6 13685/3/6
f 13682/2/6 13683/2/6 13686/2/6
f 13685/3/6 13682/3/6 13686/3/6
f 13683/3/6 13677/3/6 13687/3/6
f 13686/2/6 13683/2/6 13687/2/6
f 13685/3/6 13686/3/6 13688/3/6
f 13686/3/6 13687/3/6 13688/3/6
f 13688/3/6 13687/3/6 13689/3/6
f 13689/3/6 13687/3/6 13690/3/6
f 13690/3/6 13687/3/6 13691/3/6
f 13691/3/6 13687/3/6 13692/3/6
f 13692/3/6 13687/3/6 13693/3/6
f 13693/3/6 13687/3/6 13694/3/6
f 13687/3/6 13677/3/6 13695/3/6
f 13694/3/6 13687/3/6 13695/3/6
f 13695/3/6 13677/3/6 13696/3/6
f 13696/3/6 13677/3/6 13697/3/6
f 13697/3/6 13677/3/6 13698/3/6
f 13677/3/6 13665/3/6 13699/3/6
f 13698/3/6 13677/3/6 13699/3/6
f 13699/3/6 13665/3/6 13700/3/6
f 13700/3/6 13665/3/6 13701/3/6
f 13701/3/6 13665/3/6 13702/3/6
f 13702/3/6 13665/3/6 13703/3/6
f 13703/3/6 13665/3/6 13704/3/6
f 13704/3/6 13665/3/6 13705/3/6
f 13706/11/6 13707/11/6 13708/11/6
f 13708/11/6 13709/11/6 13710/11/6
f 13710/11/6 13711/11/6 13712/11/6
f 13712/11/6 13713/11/6 13714/11/6
f 13706/11/6 13708/11/6 13716/11/6
f 13714/11/6 13715/11/6 13716/11/6
f 13712/11/6 13714/11/6 13716/11/6
f 13710/11/6 13712/11/6 13716/11/6
f 13708/11/6 13710/11/6 13716/11/6
f 13716/11/6 13715/11/6 13717/11/6
f 13717/11/6 13715/11/6 13718/11/6
f 13718/11/6 13715/11/6 13719/11/6
f 13706/11/6 13716/11/6 13721/11/6
f 13716/10/6 13717/10/6 13721/10/6
f 13717/11/6 13718/11/6 13722/11/6
f 13721/10/6 13717/10/6 13722/10/6
f 13718/9/6 13719/9/6 13723/9/6
f 13722/11/6 13718/11/6 13723/11/6
f 13719/11/6 13720/11/6 13724/11/6
f 13723/9/6 13719/9/6 13724/9/6
f 13724/11/6 13720/11/6 13725/11/6
f 13722/11/6 13723/11/6 13727/11/6
f 13725/11/6 13726/11/6 13727/11/6
f 13724/11/6 13725/11/6 13727/11/6
f 13723/11/6 13724/11/6 13727/11/6
f 13721/11/6 13722/11/6 13727/11/6
f 13727/11/6 13726/11/6 13728/11/6
f 13728/11/6 13726/11/6 13729/11/6
f 13721/11/6 13727/11/6 13731/11/6
f 13727/8/6 13728/8/6 13731/8/6
f 13729/11/6 13730/11/6 13732/11/6
f 13731/8/6 13728/8/6 13732/8/6
f 13728/11/6 13729/11/6 13732/11/6
f 13732/11/6 13730/11/6 13733/11/6
f 13731/11/6 13732/11/6 13735/11/6
f 13733/11/6 13734/11/6 13735/11/6
f 13732/11/6 13733/11/6 13735/11/6
f 13735/11/6 13734/11/6 13736/11/6
f 13736/11/6 13734/11/6 13737/11/6
f 13731/11/6 13735/11/6 13739/11/6
f 13735/9/6 13736/9/6 13739/9/6
f 13737/11/6 13738/11/6 13740/11/6
f 13739/9/6 13736/9/6 13740/9/6
f 13736/11/6 13737/11/6 13740/11/6
f 13740/11/6 13738/11/6 13741/11/6
f 13739/11/6 13740/11/6 13743/11/6
f 13741/11/6 13742/11/6 13743/11/6
f 13740/11/6 13741/11/6 13743/11/6
f 13743/11/6 13744/11/6 13745/11/6
f 13706/11/6 13721/11/6 13747/11/6
f 13745/11/6 13746/11/6 13747/11/6
f 13743/11/6 13745/11/6 13747/11/6
f 13739/11/6 13743/11/6 13747/11/6
f 13731/11/6 13739/11/6 13747/11/6
f 13721/11/6 13731/11/6 13747/11/6
f 13747/11/6 13746/11/6 13748/11/6
f 13748/11/6 13746/11/6 13749/11/6
f 13749/11/6 13750/11/6 13751/11/6
f 13748/11/6 13749/11/6 13751/11/6
f 13751/11/6 13750/11/6 13752/11/6
f 13752/11/6 13750/11/6 13753/11/6
f 13753/11/6 13754/11/6 13755/11/6
f 13752/11/6 13753/11/6 13755/11/6
f 13755/11/6 13754/11/6 13756/11/6
f 13756/11/6 13754/11/6 13757/11/6
f 13757/11/6 13758/11/6 13759/11/6
f 13756/11/6 13757/11/6 13759/11/6
f 13759/11/6 13758/11/6 13760/11/6
f 13760/11/6 13758/11/6 13761/11/6
f 13761/11/6 13762/11/6 13763/11/6
f 13760/11/6 13761/11/6 13763/11/6
f 13763/11/6 13762/11/6 13764/11/6
f 13764/11/6 13762/11/6 13765/11/6
f 13765/11/6 13766/11/6 13767/11/6
f 13764/11/6 13765/11/6 13767/11/6
f 13767/11/6 13766/11/6 13768/11/6
f 13768/11/6 13766/11/6 13769/11/6
f 13769/11/6 13766/11/6 13770/11/6
f 13770/11/6 13766/11/6 13771/11/6
f 13768/11/6 13769/11/6 13773/11/6
f 13773/11/6 13769/11/6 13774/11/6
f 13769/5/6 13770/5/6 13775/5/6
f 13774/11/6 13769/11/6 13775/11/6
f 13771/11/6 13772/11/6 13776/11/6
f 13775/5/6 13770/5/6 13776/5/6
f 13770/11/6 13771/11/6 13776/11/6
f 13776/11/6 13772/11/6 13777/11/6
f 13777/11/6 13772/11/6 13778/11/6
f 13778/11/6 13772/11/6 13779/11/6
f 13774/11/6 13775/11/6 13781/11/6
f 13775/11/6 13776/11/6 13781/11/6
f 13776/11/6 13777/11/6 13781/11/6
f 13781/11/6 13777/11/6 13782/11/6
f 13777/6/6 13778/6/6 13783/6/6
f 13782/11/6 13777/11/6 13783/11/6
f 13779/11/6 13780/11/6 13784/11/6
f 13783/6/6 13778/6/6 13784/6/6
f 13778/11/6 13779/11/6 13784/11/6
f 13784/11/6 13780/11/6 13785/11/6
f 13782/11/6 13783/11/6 13787/11/6
f 13785/11/6 13786/11/6 13787/11/6
f 13784/11/6 13785/11/6 13787/11/6
f 13783/11/6 13784/11/6 13787/11/6
f 13787/11/6 13786/11/6 13788/11/6
f 13788/11/6 13786/11/6 13789/11/6
f 13789/11/6 13790/11/6 13791/11/6
f 13788/11/6 13789/11/6 13791/11/6
f 13791/11/6 13790/11/6 13792/11/6
f 13792/11/6 13790/11/6 13793/11/6
f 13793/11/6 13794/11/6 13795/11/6
f 13792/11/6 13793/11/6 13795/11/6
f 13795/11/6 13794/11/6 13796/11/6
f 13796/11/6 13794/11/6 13797/11/6
f 13797/11/6 13798/11/6 13799/11/6
f 13796/11/6 13797/11/6 13799/11/6
f 13799/11/6 13798/11/6 13800/11/6
f 13800/11/6 13798/11/6 13801/11/6
f 13801/11/6 13798/11/6 13802/11/6
f 13802/11/6 13798/11/6 13803/11/6
f 13803/11/6 13804/11/6 13805/11/6
f 13802/11/6 13803/11/6 13805/11/6
f 13805/11/6 13804/11/6 13806/11/6
f 13806/11/6 13804/11/6 13807/11/6
f 13807/11/6 13804/11/6 13808/11/6
f 13808/11/6 13804/11/6 13809/11/6
f 13806/11/6 13807/11/6 13811/11/6
f 13811/11/6 13807/11/6 13812/11/6
f 13807/5/6 13808/5/6 13813/5/6
f 13812/11/6 13807/11/6 13813/11/6
f 13809/11/6 13810/11/6 13814/11/6
f 13813/5/6 13808/5/6 13814/5/6
f 13808/11/6 13809/11/6 13814/11/6
f 13814/11/6 13810/11/6 13815/11/6
f 13812/11/6 13813/11/6 13817/11/6
f 13815/11/6 13816/11/6 13817/11/6
f 13814/11/6 13815/11/6 13817/11/6
f 13813/11/6 13814/11/6 13817/11/6
f 13817/11/6 13816/11/6 13818/11/6
f 13818/11/6 13816/11/6 13819/11/6
f 13819/11/6 13820/11/6 13821/11/6
f 13818/11/6 13819/11/6 13821/11/6
f 13821/11/6 13820/11/6 13822/11/6
f 13822/11/6 13820/11/6 13823/11/6
f 13823/11/6 13824/11/6 13825/11/6
f 13822/11/6 13823/11/6 13825/11/6
f 13825/11/6 13824/11/6 13826/11/6
f 13826/11/6 13824/11/6 13827/11/6
f 13827/11/6 13828/11/6 13829/11/6
f 13826/11/6 13827/11/6 13829/11/6
f 13829/11/6 13828/11/6 13830/11/6
f 13830/11/6 13828/11/6 13831/11/6
f 13831/11/6 13832/11/6 13833/11/6
f 13830/11/6 13831/11/6 13833/11/6
f 13833/11/6 13832/11/6 13834/11/6
f 13834/11/6 13832/11/6 13835/11/6
f 13835/11/6 13836/11/6 13837/11/6
f 13834/11/6 13835/11/6 13837/11/6
f 13837/11/6 13836/11/6 13838/11/6
f 13838/11/6 13836/11/6 13839/11/6
f 13839/11/6 13836/11/6 13840/11/6
f 13840/11/6 13836/11/6 13841/11/6
f 13838/11/6 13839/11/6 13843/11/6
f 13843/11/6 13839/11/6 13844/11/6
f 13839/8/6 13840/8/6 13845/8/6
f 13844/11/6 13839/11/6 13845/11/6
f 13841/11/6 13842/11/6 13846/11/6
f 13845/8/6 13840/8/6 13846/8/6
f 13840/11/6 13841/11/6 13846/11/6
f 13846/11/6 13842/11/6 13847/11/6
f 13844/11/6 13845/11/6 13849/11/6
f 13847/11/6 13848/11/6 13849/11/6
f 13846/11/6 13847/11/6 13849/11/6
f 13845/11/6 13846/11/6 13849/11/6
f 13849/11/6 13848/11/6 13850/11/6
f 13850/11/6 13848/11/6 13851/11/6
f 13851/11/6 13852/11/6 13853/11/6
f 13850/11/6 13851/11/6 13853/11/6
f 13853/11/6 13852/11/6 13854/11/6
f 13854/11/6 13852/11/6 13855/11/6
f 13855/11/6 13856/11/6 13857/11/6
f 13854/11/6 13855/11/6 13857/11/6
f 13857/11/6 13856/11/6 13858/11/6
f 13858/11/6 13856/11/6 13859/11/6
f 13859/11/6 13860/11/6 13861/11/6
f 13858/11/6 13859/11/6 13861/11/6
f 13861/11/6 13860/11/6 13862/11/6
f 13862/11/6 13860/11/6 13863/11/6
f 13863/11/6 13864/11/6 13865/11/6
f 13862/11/6 13863/11/6 13865/11/6
f 13865/11/6 13864/11/6 13866/11/6
f 13866/11/6 13864/11/6 13867/11/6
f 13867/11/6 13868/11/6 13869/11/6
f 13866/11/6 13867/11/6 13869/11/6
f 13869/11/6 13868/11/6 13870/11/6
f 13870/11/6 13868/11/6 13871/11/6
f 13871/11/6 13872/11/6 13873/11/6
f 13870/11/6 13871/11/6 13873/11/6
f 13873/11/6 13872/11/6 13874/11/6
f 13874/11/6 13872/11/6 13875/11/6
f 13875/11/6 13872/11/6 13876/11/6
f 13876/11/6 13872/11/6 13877/11/6
f 13874/11/6 13875/11/6 13879/11/6
f 13879/11/6 13875/11/6 13880/11/6
f 13875/8/6 13876/8/6 13881/8/6
f 13880/11/6 13875/11/6 13881/11/6
f 13877/11/6 13878/11/6 13882/11/6
f 13881/8/6 13876/8/6 13882/8/6
f 13876/11/6 13877/11/6 13882/11/6
f 13882/11/6 13878/11/6 13883/11/6
f 13880/11/6 13881/11/6 13885/11/6
f 13883/11/6 13884/11/6 13885/11/6
f 13882/11/6 13883/11/6 13885/11/6
f 13881/11/6 13882/11/6 13885/11/6
f 13885/11/6 13884/11/6 13886/11/6
f 13886/11/6 13884/11/6 13887/11/6
f 13887/11/6 13888/11/6 13889/11/6
f 13886/11/6 13887/11/6 13889/11/6
f 13889/11/6 13888/11/6 13890/11/6
f 13890/11/6 13888/11/6 13891/11/6
f 13891/11/6 13892/11/6 13893/11/6
f 13890/11/6 13891/11/6 13893/11/6
f 13893/11/6 13892/11/6 13894/11/6
f 13894/11/6 13892/11/6 13895/11/6
f 13895/11/6 13896/11/6 13897/11/6
f 13894/11/6 13895/11/6 13897/11/6
f 13897/11/6 13896/11/6 13898/11/6
f 13898/11/6 13896/11/6 13899/11/6
f 13899/11/6 13900/11/6 13901/11/6
f 13898/11/6 13899/11/6 13901/11/6
f 13901/11/6 13900/11/6 13902/11/6
f 13902/11/6 13900/11/6 13903/11/6
f 13903/11/6 13904/11/6 13905/11/6
f 13902/11/6 13903/11/6 13905/11/6
f 13905/11/6 13904/11/6 13906/11/6
f 13906/11/6 13904/11/6 13907/11/6
f 13907/11/6 13908/11/6 13909/11/6
f 13906/11/6 13907/11/6 13909/11/6
f 13909/11/6 13908/11/6 13910/11/6
f 13910/11/6 13908/11/6 13911/11/6
f 13911/11/6 13908/11/6 13912/11/6
f 13912/11/6 13908/11/6 13913/11/6
f 13910/11/6 13911/11/6 13915/11/6
f 13915/11/6 13911/11/6 13916/11/6
f 13911/8/6 13912/8/6 13917/8/6
f 13916/11/6 13911/11/6 13917/11/6
f 13913/11/6 13914/11/6 13918/11/6
f 13917/8/6 13912/8/6 13918/8/6
f 13912/11/6 13913/11/6 13918/11/6
f 13918/11/6 13914/11/6 13919/11/6
f 13916/11/6 13917/11/6 13921/11/6
f 13919/11/6 13920/11/6 13921/11/6
f 13918/11/6 13919/11/6 13921/11/6
f 13917/11/6 13918/11/6 13921/11/6
f 13921/11/6 13920/11/6 13922/11/6
f 13922/11/6 13920/11/6 13923/11/6
f 13923/11/6 13924/11/6 13925/11/6
f 13922/11/6 13923/11/6 13925/11/6
f 13925/11/6 13924/11/6 13926/11/6
f 13926/11/6 13924/11/6 13927/11/6
f 13927/11/6 13928/11/6 13929/11/6
f 13926/11/6 13927/11/6 13929/11/6
f 13929/11/6 13928/11/6 13930/11/6
f 13930/11/6 13928/11/6 13931/11/6
f 13931/11/6 13928/11/6 13932/11/6
f 13932/11/6 13928/11/6 13933/11/6
f 13930/11/6 13931/11/6 13935/11/6
f 13935/11/6 13931/11/6 13936/11/6
f 13931/8/6 13932/8/6 13937/8/6
f 13936/11/6 13931/11/6 13937/11/6
f 13933/11/6 13934/11/6 13938/11/6
f 13937/8/6 13932/8/6 13938/8/6
f 13932/11/6 13933/11/6 13938/11/6
f 13938/11/6 13934/11/6 13939/11/6
f 13936/11/6 13937/11/6 13941/11/6
f 13939/11/6 13940/11/6 13941/11/6
f 13938/11/6 13939/11/6 13941/11/6
f 13937/11/6 13938/11/6 13941/11/6
f 13941/11/6 13940/11/6 13942/11/6
f 13942/11/6 13940/11/6 13943/11/6
f 13943/11/6 13944/11/6 13945/11/6
f 13942/11/6 13943/11/6 13945/11/6
f 13945/11/6 13944/11/6 13946/11/6
f 13946/11/6 13944/11/6 13947/11/6
f 13947/11/6 13944/11/6 13948/11/6
f 13948/11/6 13944/11/6 13949/11/6
f 13946/11/6 13947/11/6 13951/11/6
f 13951/11/6 13947/11/6 13952/11/6
f 13947/6/6 13948/6/6 13953/6/6
f 13952/11/6 13947/11/6 13953/11/6
f 13949/11/6 13950/11/6 13954/11/6
f 13953/6/6 13948/6/6 13954/6/6
f 13948/11/6 13949/11/6 13954/11/6
f 13954/11/6 13950/11/6 13955/11/6
f 13952/11/6 13953/11/6 13957/11/6
f 13955/11/6 13956/11/6 13957/11/6
f 13954/11/6 13955/11/6 13957/11/6
f 13953/11/6 13954/11/6 13957/11/6
f 13957/11/6 13956/11/6 13958/11/6
f 13958/11/6 13956/11/6 13959/11/6
f 13959/11/6 13960/11/6 13961/11/6
f 13958/11/6 13959/11/6 13961/11/6
f 13961/11/6 13960/11/6 13962/11/6
f 13962/11/6 13960/11/6 13963/11/6
f 13963/11/6 13964/11/6 13965/11/6
f 13962/11/6 13963/11/6 13965/11/6
f 13965/11/6 13964/11/6 13966/11/6
f 13966/11/6 13964/11/6 13967/11/6
f 13967/11/6 13968/11/6 13969/11/6
f 13966/11/6 13967/11/6 13969/11/6
f 13969/11/6 13968/11/6 13970/11/6
f 13970/11/6 13968/11/6 13971/11/6
f 13971/11/6 13972/11/6 13973/11/6
f 13970/11/6 13971/11/6 13973/11/6
f 13973/11/6 13972/11/6 13974/11/6
f 13974/11/6 13972/11/6 13975/11/6
f 13975/11/6 13972/11/6 13976/11/6
f 13974/11/6 13975/11/6 13977/11/6
f 13977/11/6 13975/11/6 13978/11/6
f 13975/6/6 13976/6/6 13979/6/6
f 13978/11/6 13975/11/6 13979/11/6
f 13976/11/6 13972/11/6 13980/11/6
f 13979/6/6 13976/6/6 13980/6/6
f 13980/11/6 13972/11/6 13981/11/6
f 13978/11/6 13979/11/6 13983/11/6
f 13981/11/6 13982/11/6 13983/11/6
f 13980/11/6 13981/11/6 13983/11/6
f 13979/11/6 13980/11/6 13983/11/6
f 13983/11/6 13982/11/6 13984/11/6
f 13984/11/6 13982/11/6 13985/11/6
f 13985/11/6 13986/11/6 13987/11/6
f 13984/11/6 13985/11/6 13987/11/6
f 13987/11/6 13986/11/6 13988/11/6
f 13988/11/6 13986/11/6 13989/11/6
f 13989/11/6 13990/11/6 13991/11/6
f 13988/11/6 13989/11/6 13991/11/6
f 13991/11/6 13990/11/6 13992/11/6
f 13992/11/6 13990/11/6 13993/11/6
f 13993/11/6 13994/11/6 13995/11/6
f 13992/11/6 13993/11/6 13995/11/6
f 13995/11/6 13994/11/6 13996/11/6
f 13996/11/6 13994/11/6 13997/11/6
f 13997/11/6 13998/11/6 13999/11/6
f 13996/11/6 13997/11/6 13999/11/6
f 13999/11/6 13998/11/6 14000/11/6
f 14000/11/6 13998/11/6 14001/11/6
f 14001/11/6 14002/11/6 14003/11/6
f 14000/11/6 14001/11/6 14003/11/6
f 14003/11/6 14002/11/6 14004/11/6
f 14004/11/6 14002/11/6 14005/11/6
f 14005/11/6 14006/11/6 14007/11/6
f 14004/11/6 14005/11/6 14007/11/6
f 14007/11/6 14006/11/6 14008/11/6
f 14008/11/6 14006/11/6 14009/11/6
f 14009/11/6 14006/11/6 14010/11/6
f 14010/11/6 14006/11/6 14011/11/6
f 14008/11/6 14009/11/6 14013/11/6
f 14013/11/6 14009/11/6 14014/11/6
f 14014/11/6 14009/11/6 14015/11/6
f 14015/11/6 14009/11/6 14016/11/6
f 14011/11/6 14012/11/6 14017/11/6
f 14010/11/6 14011/11/6 14017/11/6
f 14014/11/6 14015/11/6 14019/11/6
f 14019/11/6 14015/11/6 14020/11/6
f 14015/8/6 14016/8/6 14021/8/6
f 14020/11/6 14015/11/6 14021/11/6
f 14016/11/6 14009/11/6 14022/11/6
f 14021/8/6 14016/8/6 14022/8/6
f 14009/8/6 14010/8/6 14023/8/6
f 14022/11/6 14009/11/6 14023/11/6
f 14017/11/6 14018/11/6 14024/11/6
f 14023/8/6 14010/8/6 14024/8/6
f 14010/11/6 14017/11/6 14024/11/6
f 14024/11/6 14018/11/6 14025/11/6
f 14020/11/6 14021/11/6 14027/11/6
f 14025/11/6 14026/11/6 14027/11/6
f 14024/11/6 14025/11/6 14027/11/6
f 14023/11/6 14024/11/6 14027/11/6
f 14022/11/6 14023/11/6 14027/11/6
f 14021/11/6 14022/11/6 14027/11/6
f 14027/11/6 14026/11/6 14028/11/6
f 14028/11/6 14026/11/6 14029/11/6
f 14029/11/6 14030/11/6 14031/11/6
f 14028/11/6 14029/11/6 14031/11/6
f 14031/11/6 14030/11/6 14032/11/6
f 14032/11/6 14030/11/6 14033/11/6
f 14028/11/6 14031/11/6 14035/11/6
f 14035/11/6 14031/11/6 14036/11/6
f 14031/8/6 14032/8/6 14037/8/6
f 14036/11/6 14031/11/6 14037/11/6
f 14033/11/6 14034/11/6 14038/11/6
f 14037/8/6 14032/8/6 14038/8/6
f 14032/11/6 14033/11/6 14038/11/6
f 14038/11/6 14034/11/6 14039/11/6
f 14036/11/6 14037/11/6 14041/11/6
f 14039/11/6 14040/11/6 14041/11/6
f 14038/11/6 14039/11/6 14041/11/6
f 14037/11/6 14038/11/6 14041/11/6
f 14041/11/6 14040/11/6 14042/11/6
f 14042/11/6 14040/11/6 14043/11/6
f 14043/11/6 14040/11/6 14044/11/6
f 14044/11/6 14040/11/6 14045/11/6
f 14042/11/6 14043/11/6 14047/11/6
f 14047/11/6 14043/11/6 14048/11/6
f 14043/10/6 14044/10/6 14049/10/6
f 14048/11/6 14043/11/6 14049/11/6
f 14045/11/6 14046/11/6 14050/11/6
f 14049/10/6 14044/10/6 14050/10/6
f 14044/11/6 14045/11/6 14050/11/6
f 14050/11/6 14046/11/6 14051/11/6
f 14048/11/6 14049/11/6 14053/11/6
f 14051/11/6 14052/11/6 14053/11/6
f 14050/11/6 14051/11/6 14053/11/6
f 14049/11/6 14050/11/6 14053/11/6
f 14053/11/6 14052/11/6 14054/11/6
f 14054/11/6 14052/11/6 14055/11/6
f 14055/11/6 14056/11/6 14057/11/6
f 14054/11/6 14055/11/6 14057/11/6
f 14057/11/6 14056/11/6 14058/11/6
f 14058/11/6 14056/11/6 14059/11/6
f 14059/11/6 14056/11/6 14060/11/6
f 14060/11/6 14056/11/6 14061/11/6
f 14058/11/6 14059/11/6 14063/11/6
f 14063/11/6 14059/11/6 14064/11/6
f 14061/11/6 14062/11/6 14065/11/6
f 14060/11/6 14061/11/6 14065/11/6
f 14064/11/6 14059/11/6 14067/11/6
f 14067/11/6 14059/11/6 14068/11/6
f 14059/8/6 14060/8/6 14069/8/6
f 14068/11/6 14059/11/6 14069/11/6
f 14065/11/6 14066/11/6 14070/11/6
f 14069/8/6 14060/8/6 14070/8/6
f 14060/11/6 14065/11/6 14070/11/6
f 14070/11/6 14066/11/6 14071/11/6
f 14068/11/6 14069/11/6 14073/11/6
f 14071/11/6 14072/11/6 14073/11/6
f 14070/11/6 14071/11/6 14073/11/6
f 14069/11/6 14070/11/6 14073/11/6
f 14073/11/6 14072/11/6 14074/11/6
f 14074/11/6 14072/11/6 14075/11/6
f 14075/11/6 14076/11/6 14077/11/6
f 14074/11/6 14075/11/6 14077/11/6
f 14077/11/6 14076/11/6 14078/11/6
f 14078/11/6 14076/11/6 14079/11/6
f 14079/11/6 14076/11/6 14080/11/6
f 14080/11/6 14076/11/6 14081/11/6
f 14078/11/6 14079/11/6 14083/11/6
f 14083/11/6 14079/11/6 14084/11/6
f 14079/8/6 14080/8/6 14085/8/6
f 14084/11/6 14079/11/6 14085/11/6
f 14081/11/6 14082/11/6 14086/11/6
f 14085/8/6 14080/8/6 14086/8/6
f 14080/11/6 14081/11/6 14086/11/6
f 14086/11/6 14082/11/6 14087/11/6
f 14084/11/6 14085/11/6 14089/11/6
f 14087/11/6 14088/11/6 14089/11/6
f 14086/11/6 14087/11/6 14089/11/6
f 14085/11/6 14086/11/6 14089/11/6
f 14089/11/6 14088/11/6 14090/11/6
f 14090/11/6 14088/11/6 14091/11/6
f 14091/11/6 14088/11/6 14092/11/6
f 14092/11/6 14088/11/6 14093/11/6
f 14093/11/6 14088/11/6 14094/11/6
f 14090/11/6 14091/11/6 14095/11/6
f 14095/11/6 14091/11/6 14096/11/6
f 14091/10/6 14092/10/6 14097/10/6
f 14096/11/6 14091/11/6 14097/11/6
f 14092/11/6 14093/11/6 14098/11/6
f 14097/10/6 14092/10/6 14098/10/6
f 14093/10/6 14094/10/6 14099/10/6
f 14098/11/6 14093/11/6 14099/11/6
f 14094/11/6 14088/11/6 14100/11/6
f 14099/10/6 14094/10/6 14100/10/6
f 14100/11/6 14088/11/6 14101/11/6
f 14098/11/6 14099/11/6 14103/11/6
f 14101/11/6 14102/11/6 14103/11/6
f 14100/11/6 14101/11/6 14103/11/6
f 14099/11/6 14100/11/6 14103/11/6
f 14097/11/6 14098/11/6 14103/11/6
f 14096/11/6 14097/11/6 14103/11/6
f 14103/11/6 14102/11/6 14104/11/6
f 14104/11/6 14102/11/6 14105/11/6
f 14105/11/6 14102/11/6 14106/11/6
f 14106/11/6 14102/11/6 14107/11/6
f 14104/11/6 14105/11/6 14109/11/6
f 14109/11/6 14105/11/6 14110/11/6
f 14105/8/6 14106/8/6 14111/8/6
f 14110/11/6 14105/11/6 14111/11/6
f 14107/11/6 14108/11/6 14112/11/6
f 14111/8/6 14106/8/6 14112/8/6
f 14106/11/6 14107/11/6 14112/11/6
f 14112/11/6 14108/11/6 14113/11/6
f 14110/11/6 14111/11/6 14115/11/6
f 14113/11/6 14114/11/6 14115/11/6
f 14112/11/6 14113/11/6 14115/11/6
f 14111/11/6 14112/11/6 14115/11/6
f 14115/11/6 14114/11/6 14116/11/6
f 14116/11/6 14114/11/6 14117/11/6
f 14117/11/6 14118/11/6 14119/11/6
f 14116/11/6 14117/11/6 14119/11/6
f 14119/11/6 14118/11/6 14120/11/6
f 14120/11/6 14118/11/6 14121/11/6
f 14121/11/6 14122/11/6 14123/11/6
f 14120/11/6 14121/11/6 14123/11/6
f 14123/11/6 14122/11/6 14124/11/6
f 14124/11/6 14122/11/6 14125/11/6
f 14124/11/6 14125/11/6 14131/11/6
f 14125/11/6 14126/11/6 14131/11/6
f 14131/11/6 14126/11/6 14132/11/6
f 14132/11/6 14126/11/6 14133/11/6
f 14133/11/6 14126/11/6 14134/11/6
f 14134/11/6 14126/11/6 14135/11/6
f 14127/11/6 14128/11/6 14138/11/6
f 14138/11/6 14128/11/6 14139/11/6
f 14129/11/6 14130/11/6 14140/11/6
f 14132/11/6 14133/11/6 14141/11/6
f 14141/11/6 14133/11/6 14142/11/6
f 14133/10/6 14134/10/6 14143/10/6
f 14142/11/6 14133/11/6 14143/11/6
f 14135/11/6 14136/11/6 14144/11/6
f 14143/10/6 14134/10/6 14144/10/6
f 14134/11/6 14135/11/6 14144/11/6
f 14144/11/6 14136/11/6 14145/11/6
f 14145/11/6 14136/11/6 14146/11/6
f 14146/11/6 14136/11/6 14147/11/6
f 14138/11/6 14139/11/6 14148/11/6
f 14139/11/6 14140/11/6 14148/11/6
f 14137/11/6 14138/11/6 14148/11/6
f 14142/11/6 14143/11/6 14149/11/6
f 14144/11/6 14145/11/6 14149/11/6
f 14143/11/6 14144/11/6 14149/11/6
f 14149/11/6 14145/11/6 14150/11/6
f 14145/10/6 14146/10/6 14151/10/6
f 14150/11/6 14145/11/6 14151/11/6
f 14146/11/6 14147/11/6 14152/11/6
f 14151/10/6 14146/10/6 14152/10/6
f 14147/11/6 14148/11/6 14152/11/6
f 14152/11/6 14148/11/6 14153/11/6
f 14153/11/6 14148/11/6 14154/11/6
f 14150/11/6 14151/11/6 14155/11/6
f 14151/11/6 14152/11/6 14155/11/6
f 14152/11/6 14153/11/6 14155/11/6
f 14155/11/6 14153/11/6 14156/11/6
f 14153/8/6 14154/8/6 14157/8/6
f 14156/11/6 14153/11/6 14157/11/6
f 14154/11/6 14148/11/6 14158/11/6
f 14157/8/6 14154/8/6 14158/8/6
f 14156/11/6 14157/11/6 14159/11/6
f 14157/11/6 14158/11/6 14159/11/6
f 14159/11/6 14158/11/6 14160/11/6
f 14160/11/6 14158/11/6 14161/11/6
f 14161/11/6 14158/11/6 14162/11/6
f 14160/11/6 14161/11/6 14163/11/6
f 14163/11/6 14161/11/6 14164/11/6
f 14161/10/6 14162/10/6 14165/10/6
f 14164/11/6 14161/11/6 14165/11/6
f 14162/11/6 14158/11/6 14166/11/6
f 14165/10/6 14162/10/6 14166/10/6
f 14164/11/6 14165/11/6 14167/11/6
f 14165/11/6 14166/11/6 14167/11/6
f 14167/11/6 14166/11/6 14168/11/6
f 14168/11/6 14166/11/6 14169/11/6
f 14169/11/6 14166/11/6 14170/11/6
f 14158/11/6 14148/11/6 14171/11/6
f 14170/11/6 14166/11/6 14171/11/6
f 14140/11/6 14130/11/6 14171/11/6
f 14148/11/6 14140/11/6 14171/11/6
f 14166/11/6 14158/11/6 14171/11/6
f 14171/11/6 14130/11/6 14172/11/6
f 14170/11/6 14171/11/6 14173/11/6
f 14173/11/6 14171/11/6 14174/11/6
f 14171/8/6 14172/8/6 14175/8/6
f 14174/11/6 14171/11/6 14175/11/6
f 14172/11/6 14130/11/6 14176/11/6
f 14175/8/6 14172/8/6 14176/8/6
f 14174/11/6 14175/11/6 14177/11/6
f 14175/11/6 14176/11/6 14177/11/6
f 14177/11/6 14176/11/6 14178/11/6
f 14178/11/6 14176/11/6 14179/11/6
f 14179/11/6 14176/11/6 14180/11/6
f 14178/11/6 14179/11/6 14181/11/6
f 14181/11/6 14179/11/6 14182/11/6
f 14179/6/6 14180/6/6 14183/6/6
f 14182/11/6 14179/11/6 14183/11/6
f 14180/11/6 14176/11/6 14184/11/6
f 14183/6/6 14180/6/6 14184/6/6
f 14182/11/6 14183/11/6 14185/11/6
f 14183/11/6 14184/11/6 14185/11/6
f 14185/11/6 14184/11/6 14186/11/6
f 14186/11/6 14184/11/6 14187/11/6
f 14187/11/6 14184/11/6 14188/11/6
f 14188/11/6 14184/11/6 14189/11/6
f 14189/11/6 14184/11/6 14190/11/6
f 14186/11/6 14187/11/6 14191/11/6
f 14191/11/6 14187/11/6 14192/11/6
f 14187/10/6 14188/10/6 14193/10/6
f 14192/11/6 14187/11/6 14193/11/6
f 14188/11/6 14189/11/6 14194/11/6
f 14193/10/6 14188/10/6 14194/10/6
f 14189/8/6 14190/8/6 14195/8/6
f 14194/11/6 14189/11/6 14195/11/6
f 14190/11/6 14184/11/6 14196/11/6
f 14195/8/6 14190/8/6 14196/8/6
f 14194/11/6 14195/11/6 14197/11/6
f 14193/11/6 14194/11/6 14197/11/6
f 14195/11/6 14196/11/6 14197/11/6
f 14192/11/6 14193/11/6 14197/11/6
f 14197/11/6 14196/11/6 14198/11/6
f 14198/11/6 14196/11/6 14199/11/6
f 14199/11/6 14196/11/6 14200/11/6
f 14200/11/6 14196/11/6 14201/11/6
f 14201/11/6 14196/11/6 14202/11/6
f 14202/11/6 14196/11/6 14203/11/6
f 14203/11/6 14196/11/6 14204/11/6
f 14204/11/6 14196/11/6 14205/11/6
f 14205/11/6 14196/11/6 14206/11/6
f 14206/11/6 14196/11/6 14207/11/6
f 14207/11/6 14196/11/6 14208/11/6
f 14196/11/6 14184/11/6 14209/11/6
f 14208/11/6 14196/11/6 14209/11/6
f 14209/11/6 14184/11/6 14210/11/6
f 14208/11/6 14209/11/6 14211/11/6
f 14211/11/6 14209/11/6 14212/11/6
f 14209/6/6 14210/6/6 14213/6/6
f 14212/11/6 14209/11/6 14213/11/6
f 14210/11/6 14184/11/6 14214/11/6
f 14213/6/6 14210/6/6 14214/6/6
f 14212/11/6 14213/11/6 14215/11/6
f 14213/11/6 14214/11/6 14215/11/6
f 14215/11/6 14214/11/6 14216/11/6
f 14216/11/6 14214/11/6 14217/11/6
f 14217/11/6 14214/11/6 14218/11/6
f 14216/11/6 14217/11/6 14219/11/6
f 14219/11/6 14217/11/6 14220/11/6
f 14217/6/6 14218/6/6 14221/6/6
f 14220/11/6 14217/11/6 14221/11/6
f 14218/11/6 14214/11/6 14222/11/6
f 14221/6/6 14218/6/6 14222/6/6
f 14220/11/6 14221/11/6 14223/11/6
f 14221/11/6 14222/11/6 14223/11/6
f 14223/11/6 14222/11/6 14224/11/6
f 14214/11/6 14184/11/6 14225/11/6
f 14224/11/6 14222/11/6 14225/11/6
f 14222/11/6 14214/11/6 14225/11/6
f 14225/11/6 14184/11/6 14226/11/6
f 14224/11/6 14225/11/6 14227/11/6
f 14227/11/6 14225/11/6 14228/11/6
f 14225/6/6 14226/6/6 14229/6/6
f 14228/11/6 14225/11/6 14229/11/6
f 14226/11/6 14184/11/6 14230/11/6
f 14229/6/6 14226/6/6 14230/6/6
f 14228/11/6 14229/11/6 14231/11/6
f 14229/11/6 14230/11/6 14231/11/6
f 14231/11/6 14230/11/6 14232/11/6
f 14232/11/6 14230/11/6 14233/11/6
f 14233/11/6 14230/11/6 14234/11/6
f 14234/11/6 14230/11/6 14235/11/6
f 14235/11/6 14230/11/6 14236/11/6
f 14236/11/6 14230/11/6 14237/11/6
f 14237/11/6 14230/11/6 14238/11/6
f 14238/11/6 14230/11/6 14239/11/6
f 14239/11/6 14230/11/6 14240/11/6
f 14238/11/6 14239/11/6 14241/11/6
f 14239/8/6 14240/8/6 14242/8/6
f 14241/11/6 14239/11/6 14242/11/6
f 14240/11/6 14230/11/6 14243/11/6
f 14242/8/6 14240/8/6 14243/8/6
f 14243/11/6 14230/11/6 14244/11/6
f 14244/11/6 14230/11/6 14245/11/6
f 14176/11/6 14130/11/6 14246/11/6
f 14245/11/6 14230/11/6 14246/11/6
f 14184/11/6 14176/11/6 14246/11/6
f 14230/11/6 14184/11/6 14246/11/6
f 14247/11/6 14248/11/6 14249/11/6
f 14249/11/6 14250/11/6 14251/11/6
f 14251/11/6 14252/11/6 14253/11/6
f 14253/11/6 14254/11/6 14255/11/6
f 14255/11/6 14256/11/6 14257/11/6
f 14257/11/6 14258/11/6 14259/11/6
f 14259/11/6 14260/11/6 14261/11/6
f 14261/11/6 14262/11/6 14263/11/6
f 14263/11/6 14264/11/6 14265/11/6
f 14261/11/6 14263/11/6 14267/11/6
f 14265/11/6 14266/11/6 14267/11/6
f 14263/11/6 14265/11/6 14267/11/6
f 14267/11/6 14266/11/6 14268/11/6
f 14268/11/6 14266/11/6 14269/11/6
f 14261/11/6 14267/11/6 14271/11/6
f 14267/8/6 14268/8/6 14271/8/6
f 14269/11/6 14270/11/6 14272/11/6
f 14271/8/6 14268/8/6 14272/8/6
f 14268/11/6 14269/11/6 14272/11/6
f 14272/11/6 14270/11/6 14273/11/6
f 14271/11/6 14272/11/6 14275/11/6
f 14273/11/6 14274/11/6 14275/11/6
f 14272/11/6 14273/11/6 14275/11/6
f 14275/11/6 14276/11/6 14277/11/6
f 14277/11/6 14278/11/6 14279/11/6
f 14279/11/6 14280/11/6 14281/11/6
f 14281/11/6 14282/11/6 14283/11/6
f 14283/11/6 14284/11/6 14285/11/6
f 14249/11/6 14251/11/6 14287/11/6
f 14285/11/6 14286/11/6 14287/11/6
f 14283/11/6 14285/11/6 14287/11/6
f 14281/11/6 14283/11/6 14287/11/6
f 14279/11/6 14281/11/6 14287/11/6
f 14277/11/6 14279/11/6 14287/11/6
f 14275/11/6 14277/11/6 14287/11/6
f 14271/11/6 14275/11/6 14287/11/6
f 14261/11/6 14271/11/6 14287/11/6
f 14259/11/6 14261/11/6 14287/11/6
f 14257/11/6 14259/11/6 14287/11/6
f 14255/11/6 14257/11/6 14287/11/6
f 14253/11/6 14255/11/6 14287/11/6
f 14251/11/6 14253/11/6 14287/11/6
f 14287/11/6 14286/11/6 14288/11/6
f 14288/11/6 14286/11/6 14289/11/6
f 14249/11/6 14287/11/6 14291/11/6
f 14287/8/6 14288/8/6 14291/8/6
f 14289/11/6 14290/11/6 14292/11/6
f 14291/8/6 14288/8/6 14292/8/6
f 14288/11/6 14289/11/6 14292/11/6
f 14292/11/6 14290/11/6 14293/11/6
f 14293/11/6 14290/11/6 14294/11/6
f 14294/11/6 14290/11/6 14295/11/6
f 14291/11/6 14292/11/6 14297/11/6
f 14292/11/6 14293/11/6 14297/11/6
f 14293/6/6 14294/6/6 14297/6/6
f 14295/11/6 14296/11/6 14298/11/6
f 14297/6/6 14294/6/6 14298/6/6
f 14294/11/6 14295/11/6 14298/11/6
f 14298/11/6 14296/11/6 14299/11/6
f 14297/11/6 14298/11/6 14301/11/6
f 14299/11/6 14300/11/6 14301/11/6
f 14298/11/6 14299/11/6 14301/11/6
f 14301/11/6 14302/11/6 14303/11/6
f 14303/11/6 14304/11/6 14306/11/6
f 14304/11/6 14305/11/6 14306/11/6
f 14306/11/6 14307/11/6 14309/11/6
f 14307/11/6 14308/11/6 14309/11/6
f 14291/11/6 14297/11/6 14311/11/6
f 14309/11/6 14310/11/6 14311/11/6
f 14306/11/6 14309/11/6 14311/11/6
f 14303/11/6 14306/11/6 14311/11/6
f 14301/11/6 14303/11/6 14311/11/6
f 14297/11/6 14301/11/6 14311/11/6
f 14311/11/6 14310/11/6 14312/11/6
f 14312/11/6 14310/11/6 14313/11/6
f 14291/11/6 14311/11/6 14315/11/6
f 14315/11/6 14311/11/6 14316/11/6
f 14311/6/6 14312/6/6 14317/6/6
f 14316/11/6 14311/11/6 14317/11/6
f 14313/11/6 14314/11/6 14318/11/6
f 14317/6/6 14312/6/6 14318/6/6
f 14312/11/6 14313/11/6 14318/11/6
f 14318/11/6 14314/11/6 14319/11/6
f 14315/10/6 14316/10/6 14321/10/6
f 14291/11/6 14315/11/6 14321/11/6
f 14316/11/6 14317/11/6 14322/11/6
f 14321/10/6 14316/10/6 14322/10/6
f 14319/11/6 14320/11/6 14322/11/6
f 14317/11/6 14318/11/6 14322/11/6
f 14318/11/6 14319/11/6 14322/11/6
f 14322/11/6 14320/11/6 14323/11/6
f 14323/11/6 14320/11/6 14324/11/6
f 14324/11/6 14320/11/6 14325/11/6
f 14249/11/6 14291/11/6 14327/11/6
f 14291/11/6 14321/11/6 14327/11/6
f 14321/11/6 14322/11/6 14327/11/6
f 14322/11/6 14323/11/6 14327/11/6
f 14327/11/6 14323/11/6 14328/11/6
f 14323/8/6 14324/8/6 14329/8/6
f 14328/11/6 14323/11/6 14329/11/6
f 14325/11/6 14326/11/6 14330/11/6
f 14329/8/6 14324/8/6 14330/8/6
f 14324/11/6 14325/11/6 14330/11/6
f 14330/11/6 14326/11/6 14331/11/6
f 14249/11/6 14327/11/6 14333/11/6
f 14327/6/6 14328/6/6 14333/6/6
f 14328/11/6 14329/11/6 14334/11/6
f 14333/6/6 14328/6/6 14334/6/6
f 14331/11/6 14332/11/6 14334/11/6
f 14329/11/6 14330/11/6 14334/11/6
f 14330/11/6 14331/11/6 14334/11/6
f 14333/11/6 14334/11/6 14335/11/6
f 14334/11/6 14332/11/6 14335/11/6
f 14333/11/6 14335/11/6 14337/11/6
f 14335/11/6 14336/11/6 14337/11/6
f 14337/11/6 14336/11/6 14338/11/6
f 14338/11/6 14336/11/6 14339/11/6
f 14333/11/6 14337/11/6 14341/11/6
f 14337/6/6 14338/6/6 14341/6/6
f 14339/11/6 14340/11/6 14342/11/6
f 14341/6/6 14338/6/6 14342/6/6
f 14338/11/6 14339/11/6 14342/11/6
f 14342/11/6 14340/11/6 14343/11/6
f 14247/11/6 14249/11/6 14345/11/6
f 14343/11/6 14344/11/6 14345/11/6
f 14342/11/6 14343/11/6 14345/11/6
f 14341/11/6 14342/11/6 14345/11/6
f 14333/11/6 14341/11/6 14345/11/6
f 14249/11/6 14333/11/6 14345/11/6
f 14345/11/6 14344/11/6 14346/11/6
f 14346/11/6 14344/11/6 14347/11/6
f 14347/11/6 14344/11/6 14348/11/6
f 14348/11/6 14344/11/6 14349/11/6
f 14346/11/6 14347/11/6 14351/11/6
f 14351/11/6 14347/11/6 14352/11/6
f 14347/8/6 14348/8/6 14353/8/6
f 14352/11/6 14347/11/6 14353/11/6
f 14349/11/6 14350/11/6 14354/11/6
f 14353/8/6 14348/8/6 14354/8/6
f 14348/11/6 14349/11/6 14354/11/6
f 14354/11/6 14350/11/6 14355/11/6
f 14355/11/6 14350/11/6 14356/11/6
f 14356/11/6 14350/11/6 14357/11/6
f 14352/11/6 14353/11/6 14359/11/6
f 14353/11/6 14354/11/6 14359/11/6
f 14354/11/6 14355/11/6 14359/11/6
f 14359/11/6 14355/11/6 14360/11/6
f 14355/10/6 14356/10/6 14361/10/6
f 14360/11/6 14355/11/6 14361/11/6
f 14357/11/6 14358/11/6 14362/11/6
f 14361/10/6 14356/10/6 14362/10/6
f 14356/11/6 14357/11/6 14362/11/6
f 14362/11/6 14358/11/6 14363/11/6
f 14360/11/6 14361/11/6 14365/11/6
f 14363/11/6 14364/11/6 14365/11/6
f 14362/11/6 14363/11/6 14365/11/6
f 14361/11/6 14362/11/6 14365/11/6
f 14365/11/6 14364/11/6 14366/11/6
f 14366/11/6 14364/11/6 14367/11/6
f 14367/11/6 14368/11/6 14369/11/6
f 14366/11/6 14367/11/6 14369/11/6
f 14369/11/6 14368/11/6 14370/11/6
f 14370/11/6 14368/11/6 14371/11/6
f 14371/11/6 14368/11/6 14372/11/6
f 14372/11/6 14368/11/6 14373/11/6
f 14370/11/6 14371/11/6 14375/11/6
f 14375/11/6 14371/11/6 14376/11/6
f 14371/8/6 14372/8/6 14377/8/6
f 14376/11/6 14371/11/6 14377/11/6
f 14373/11/6 14374/11/6 14378/11/6
f 14377/8/6 14372/8/6 14378/8/6
f 14372/11/6 14373/11/6 14378/11/6
f 14378/11/6 14374/11/6 14379/11/6
f 14376/11/6 14377/11/6 14381/11/6
f 14379/11/6 14380/11/6 14381/11/6
f 14378/11/6 14379/11/6 14381/11/6
f 14377/11/6 14378/11/6 14381/11/6
f 14381/11/6 14380/11/6 14382/11/6
f 14382/11/6 14380/11/6 14383/11/6
f 14383/11/6 14384/11/6 14385/11/6
f 14382/11/6 14383/11/6 14385/11/6
f 14385/11/6 14384/11/6 14386/11/6
f 14386/11/6 14384/11/6 14387/11/6
f 14387/11/6 14388/11/6 14389/11/6
f 14386/11/6 14387/11/6 14389/11/6
f 14389/11/6 14388/11/6 14390/11/6
f 14390/11/6 14388/11/6 14391/11/6
f 14391/11/6 14392/11/6 14393/11/6
f 14390/11/6 14391/11/6 14393/11/6
f 14393/11/6 14392/11/6 14394/11/6
f 14394/11/6 14392/11/6 14395/11/6
f 14395/11/6 14396/11/6 14397/11/6
f 14394/11/6 14395/11/6 14397/11/6
f 14397/11/6 14396/11/6 14398/11/6
f 14398/11/6 14396/11/6 14399/11/6
f 14399/11/6 14400/11/6 14401/11/6
f 14398/11/6 14399/11/6 14401/11/6
f 14401/11/6 14400/11/6 14402/11/6
f 14402/11/6 14400/11/6 14403/11/6
f 14403/11/6 14404/11/6 14405/11/6
f 14402/11/6 14403/11/6 14405/11/6
f 14405/11/6 14404/11/6 14406/11/6
f 14406/11/6 14404/11/6 14407/11/6
f 14407/11/6 14408/11/6 14409/11/6
f 14406/11/6 14407/11/6 14409/11/6
f 14409/11/6 14408/11/6 14410/11/6
f 14410/11/6 14408/11/6 14411/11/6
f 14411/11/6 14408/11/6 14412/11/6
f 14412/11/6 14408/11/6 14413/11/6
f 14410/11/6 14411/11/6 14415/11/6
f 14415/11/6 14411/11/6 14416/11/6
f 14411/10/6 14412/10/6 14417/10/6
f 14416/11/6 14411/11/6 14417/11/6
f 14413/11/6 14414/11/6 14418/11/6
f 14417/10/6 14412/10/6 14418/10/6
f 14412/11/6 14413/11/6 14418/11/6
f 14418/11/6 14414/11/6 14419/11/6
f 14419/11/6 14414/11/6 14420/11/6
f 14416/11/6 14417/11/6 14422/11/6
f 14417/11/6 14418/11/6 14422/11/6
f 14422/11/6 14418/11/6 14423/11/6
f 14418/8/6 14419/8/6 14424/8/6
f 14423/11/6 14418/11/6 14424/11/6
f 14420/11/6 14421/11/6 14425/11/6
f 14424/8/6 14419/8/6 14425/8/6
f 14419/11/6 14420/11/6 14425/11/6
f 14425/11/6 14421/11/6 14426/11/6
f 14423/11/6 14424/11/6 14428/11/6
f 14426/11/6 14427/11/6 14428/11/6
f 14425/11/6 14426/11/6 14428/11/6
f 14424/11/6 14425/11/6 14428/11/6
f 14428/11/6 14427/11/6 14429/11/6
f 14429/11/6 14427/11/6 14430/11/6
f 14430/11/6 14431/11/6 14432/11/6
f 14429/11/6 14430/11/6 14432/11/6
f 14432/11/6 14431/11/6 14433/11/6
f 14433/11/6 14431/11/6 14434/11/6
f 14434/11/6 14435/11/6 14436/11/6
f 14433/11/6 14434/11/6 14436/11/6
f 14436/11/6 14435/11/6 14437/11/6
f 14437/11/6 14435/11/6 14438/11/6
f 14438/11/6 14439/11/6 14440/11/6
f 14437/11/6 14438/11/6 14440/11/6
f 14440/11/6 14439/11/6 14441/11/6
f 14441/11/6 14439/11/6 14442/11/6
f 14442/11/6 14443/11/6 14444/11/6
f 14441/11/6 14442/11/6 14444/11/6
f 14444/11/6 14443/11/6 14445/11/6
f 14445/11/6 14443/11/6 14446/11/6
f 14446/11/6 14447/11/6 14448/11/6
f 14445/11/6 14446/11/6 14448/11/6
f 14448/11/6 14447/11/6 14449/11/6
f 14449/11/6 14447/11/6 14450/11/6
f 14450/11/6 14447/11/6 14451/11/6
f 14451/11/6 14447/11/6 14452/11/6
f 14449/11/6 14450/11/6 14454/11/6
f 14454/11/6 14450/11/6 14455/11/6
f 14450/8/6 14451/8/6 14456/8/6
f 14455/11/6 14450/11/6 14456/11/6
f 14452/11/6 14453/11/6 14457/11/6
f 14456/8/6 14451/8/6 14457/8/6
f 14451/11/6 14452/11/6 14457/11/6
f 14457/11/6 14453/11/6 14458/11/6
f 14458/11/6 14453/11/6 14459/11/6
f 14459/11/6 14453/11/6 14460/11/6
f 14455/11/6 14456/11/6 14462/11/6
f 14456/11/6 14457/11/6 14462/11/6
f 14457/11/6 14458/11/6 14462/11/6
f 14462/11/6 14458/11/6 14463/11/6
f 14463/11/6 14458/11/6 14464/11/6
f 14464/11/6 14458/11/6 14465/11/6
f 14458/10/6 14459/10/6 14466/10/6
f 14465/11/6 14458/11/6 14466/11/6
f 14460/11/6 14461/11/6 14467/11/6
f 14466/10/6 14459/10/6 14467/10/6
f 14459/11/6 14460/11/6 14467/11/6
f 14467/11/6 14461/11/6 14468/11/6
f 14463/11/6 14464/11/6 14470/11/6
f 14464/6/6 14465/6/6 14470/6/6
f 14465/11/6 14466/11/6 14471/11/6
f 14470/6/6 14465/6/6 14471/6/6
f 14468/11/6 14469/11/6 14471/11/6
f 14466/11/6 14467/11/6 14471/11/6
f 14467/11/6 14468/11/6 14471/11/6
f 14471/11/6 14469/11/6 14472/11/6
f 14472/11/6 14469/11/6 14473/11/6
f 14473/11/6 14469/11/6 14474/11/6
f 14463/11/6 14470/11/6 14476/11/6
f 14470/11/6 14471/11/6 14476/11/6
f 14471/11/6 14472/11/6 14476/11/6
f 14476/11/6 14472/11/6 14477/11/6
f 14472/5/6 14473/5/6 14478/5/6
f 14477/11/6 14472/11/6 14478/11/6
f 14474/11/6 14475/11/6 14479/11/6
f 14478/5/6 14473/5/6 14479/5/6
f 14473/11/6 14474/11/6 14479/11/6
f 14479/11/6 14475/11/6 14480/11/6
f 14480/11/6 14475/11/6 14481/11/6
f 14481/11/6 14475/11/6 14482/11/6
f 14477/11/6 14478/11/6 14484/11/6
f 14478/11/6 14479/11/6 14484/11/6
f 14479/11/6 14480/11/6 14484/11/6
f 14484/11/6 14480/11/6 14485/11/6
f 14480/7/6 14481/7/6 14486/7/6
f 14485/11/6 14480/11/6 14486/11/6
f 14482/11/6 14483/11/6 14487/11/6
f 14486/7/6 14481/7/6 14487/7/6
f 14481/11/6 14482/11/6 14487/11/6
f 14487/11/6 14483/11/6 14488/11/6
f 14485/11/6 14486/11/6 14490/11/6
f 14488/11/6 14489/11/6 14490/11/6
f 14487/11/6 14488/11/6 14490/11/6
f 14486/11/6 14487/11/6 14490/11/6
f 14490/11/6 14489/11/6 14491/11/6
f 14491/11/6 14489/11/6 14492/11/6
f 14492/11/6 14493/11/6 14494/11/6
f 14491/11/6 14492/11/6 14494/11/6
f 14494/11/6 14493/11/6 14495/11/6
f 14495/11/6 14493/11/6 14496/11/6
f 14496/11/6 14497/11/6 14498/11/6
f 14495/11/6 14496/11/6 14498/11/6
f 14498/11/6 14497/11/6 14499/11/6
f 14499/11/6 14497/11/6 14500/11/6
f 14499/11/6 14500/11/6 14504/11/6
f 14500/11/6 14501/11/6 14504/11/6
f 14504/11/6 14501/11/6 14505/11/6
f 14501/7/6 14502/7/6 14506/7/6
f 14505/11/6 14501/11/6 14506/11/6
f 14502/11/6 14503/11/6 14507/11/6
f 14506/7/6 14502/7/6 14507/7/6
f 14507/11/6 14503/11/6 14508/11/6
f 14505/11/6 14506/11/6 14510/11/6
f 14508/11/6 14509/11/6 14510/11/6
f 14507/11/6 14508/11/6 14510/11/6
f 14506/11/6 14507/11/6 14510/11/6
f 14510/11/6 14509/11/6 14511/11/6
f 14511/11/6 14509/11/6 14512/11/6
f 14512/11/6 14513/11/6 14514/11/6
f 14511/11/6 14512/11/6 14514/11/6
f 14514/11/6 14513/11/6 14515/11/6
f 14515/11/6 14513/11/6 14516/11/6
f 14516/11/6 14517/11/6 14518/11/6
f 14515/11/6 14516/11/6 14518/11/6
f 14518/11/6 14517/11/6 14519/11/6
f 14519/11/6 14517/11/6 14520/11/6
f 14520/11/6 14517/11/6 14521/11/6
f 14521/11/6 14517/11/6 14522/11/6
f 14522/11/6 14517/11/6 14523/11/6
f 14523/11/6 14517/11/6 14524/11/6
f 14519/11/6 14520/11/6 14526/11/6
f 14526/11/6 14520/11/6 14527/11/6
f 14520/5/6 14521/5/6 14528/5/6
f 14527/11/6 14520/11/6 14528/11/6
f 14521/11/6 14522/11/6 14529/11/6
f 14528/5/6 14521/5/6 14529/5/6
f 14522/10/6 14523/10/6 14530/10/6
f 14529/11/6 14522/11/6 14530/11/6
f 14524/11/6 14525/11/6 14531/11/6
f 14530/10/6 14523/10/6 14531/10/6
f 14523/11/6 14524/11/6 14531/11/6
f 14531/11/6 14525/11/6 14532/11/6
f 14532/11/6 14525/11/6 14533/11/6
f 14533/11/6 14525/11/6 14534/11/6
f 14529/11/6 14530/11/6 14536/11/6
f 14527/11/6 14528/11/6 14536/11/6
f 14528/11/6 14529/11/6 14536/11/6
f 14531/11/6 14532/11/6 14536/11/6
f 14530/11/6 14531/11/6 14536/11/6
f 14536/11/6 14532/11/6 14537/11/6
f 14532/8/6 14533/8/6 14538/8/6
f 14537/11/6 14532/11/6 14538/11/6
f 14534/11/6 14535/11/6 14539/11/6
f 14538/8/6 14533/8/6 14539/8/6
f 14533/11/6 14534/11/6 14539/11/6
f 14539/11/6 14535/11/6 14540/11/6
f 14537/11/6 14538/11/6 14542/11/6
f 14540/11/6 14541/11/6 14542/11/6
f 14539/11/6 14540/11/6 14542/11/6
f 14538/11/6 14539/11/6 14542/11/6
f 14542/11/6 14541/11/6 14543/11/6
f 14543/11/6 14541/11/6 14544/11/6
f 14544/11/6 14541/11/6 14545/11/6
f 14545/11/6 14541/11/6 14546/11/6
f 14543/11/6 14544/11/6 14548/11/6
f 14548/11/6 14544/11/6 14549/11/6
f 14546/11/6 14547/11/6 14550/11/6
f 14545/11/6 14546/11/6 14550/11/6
f 14549/11/6 14544/11/6 14552/11/6
f 14552/11/6 14544/11/6 14553/11/6
f 14544/8/6 14545/8/6 14554/8/6
f 14553/11/6 14544/11/6 14554/11/6
f 14550/11/6 14551/11/6 14555/11/6
f 14554/8/6 14545/8/6 14555/8/6
f 14545/11/6 14550/11/6 14555/11/6
f 14555/11/6 14551/11/6 14556/11/6
f 14553/11/6 14554/11/6 14558/11/6
f 14556/11/6 14557/11/6 14558/11/6
f 14555/11/6 14556/11/6 14558/11/6
f 14554/11/6 14555/11/6 14558/11/6
f 14558/11/6 14557/11/6 14559/11/6
f 14559/11/6 14557/11/6 14560/11/6
f 14560/11/6 14561/11/6 14562/11/6
f 14559/11/6 14560/11/6 14562/11/6
f 14562/11/6 14561/11/6 14563/11/6
f 14563/11/6 14561/11/6 14564/11/6
f 14564/11/6 14565/11/6 14566/11/6
f 14563/11/6 14564/11/6 14566/11/6
f 14566/11/6 14565/11/6 14567/11/6
f 14567/11/6 14565/11/6 14568/11/6
f 14568/11/6 14565/11/6 14569/11/6
f 14569/11/6 14565/11/6 14570/11/6
f 14567/11/6 14568/11/6 14572/11/6
f 14572/11/6 14568/11/6 14573/11/6
f 14568/7/6 14569/7/6 14574/7/6
f 14573/11/6 14568/11/6 14574/11/6
f 14570/11/6 14571/11/6 14575/11/6
f 14574/7/6 14569/7/6 14575/7/6
f 14569/11/6 14570/11/6 14575/11/6
f 14575/11/6 14571/11/6 14576/11/6
f 14576/11/6 14571/11/6 14577/11/6
f 14577/11/6 14571/11/6 14578/11/6
f 14573/11/6 14574/11/6 14580/11/6
f 14574/11/6 14575/11/6 14580/11/6
f 14575/11/6 14576/11/6 14580/11/6
f 14580/11/6 14576/11/6 14581/11/6
f 14576/7/6 14577/7/6 14582/7/6
f 14581/11/6 14576/11/6 14582/11/6
f 14578/11/6 14579/11/6 14583/11/6
f 14582/7/6 14577/7/6 14583/7/6
f 14577/11/6 14578/11/6 14583/11/6
f 14583/11/6 14579/11/6 14584/11/6
f 14581/11/6 14582/11/6 14586/11/6
f 14584/11/6 14585/11/6 14586/11/6
f 14583/11/6 14584/11/6 14586/11/6
f 14582/11/6 14583/11/6 14586/11/6
f 14586/11/6 14585/11/6 14587/11/6
f 14587/11/6 14585/11/6 14588/11/6
f 14588/11/6 14589/11/6 14590/11/6
f 14587/11/6 14588/11/6 14590/11/6
f 14590/11/6 14589/11/6 14591/11/6
f 14591/11/6 14589/11/6 14592/11/6
f 14592/11/6 14593/11/6 14594/11/6
f 14591/11/6 14592/11/6 14594/11/6
f 14594/11/6 14593/11/6 14595/11/6
f 14595/11/6 14593/11/6 14596/11/6
f 14596/11/6 14597/11/6 14598/11/6
f 14595/11/6 14596/11/6 14598/11/6
f 14598/11/6 14597/11/6 14599/11/6
f 14599/11/6 14597/11/6 14600/11/6
f 14600/11/6 14597/11/6 14601/11/6
f 14601/11/6 14597/11/6 14602/11/6
f 14599/11/6 14600/11/6 14604/11/6
f 14604/11/6 14600/11/6 14605/11/6
f 14600/6/6 14601/6/6 14606/6/6
f 14605/11/6 14600/11/6 14606/11/6
f 14602/11/6 14603/11/6 14607/11/6
f 14606/6/6 14601/6/6 14607/6/6
f 14601/11/6 14602/11/6 14607/11/6
f 14607/11/6 14603/11/6 14608/11/6
f 14605/11/6 14606/11/6 14610/11/6
f 14608/11/6 14609/11/6 14610/11/6
f 14607/11/6 14608/11/6 14610/11/6
f 14606/11/6 14607/11/6 14610/11/6
f 14610/11/6 14609/11/6 14611/11/6
f 14611/11/6 14609/11/6 14612/11/6
f 14612/11/6 14613/11/6 14614/11/6
f 14611/11/6 14612/11/6 14614/11/6
f 14614/11/6 14613/11/6 14615/11/6
f 14615/11/6 14613/11/6 14616/11/6
f 14615/11/6 14616/11/6 14620/11/6
f 14616/11/6 14617/11/6 14620/11/6
f 14620/11/6 14617/11/6 14621/11/6
f 14621/11/6 14617/11/6 14622/11/6
f 14622/11/6 14617/11/6 14623/11/6
f 14623/11/6 14617/11/6 14624/11/6
f 14624/11/6 14617/11/6 14625/11/6
f 14617/7/6 14618/7/6 14626/7/6
f 14625/11/6 14617/11/6 14626/11/6
f 14618/11/6 14619/11/6 14627/11/6
f 14626/7/6 14618/7/6 14627/7/6
f 14627/11/6 14619/11/6 14628/11/6
f 14621/11/6 14622/11/6 14630/11/6
f 14630/11/6 14622/11/6 14631/11/6
f 14622/9/6 14623/9/6 14632/9/6
f 14631/11/6 14622/11/6 14632/11/6
f 14623/11/6 14624/11/6 14633/11/6
f 14632/9/6 14623/9/6 14633/9/6
f 14624/10/6 14625/10/6 14634/10/6
f 14633/11/6 14624/11/6 14634/11/6
f 14625/11/6 14626/11/6 14635/11/6
f 14634/10/6 14625/10/6 14635/10/6
f 14628/11/6 14629/11/6 14635/11/6
f 14627/11/6 14628/11/6 14635/11/6
f 14626/11/6 14627/11/6 14635/11/6
f 14635/11/6 14629/11/6 14636/11/6
f 14633/11/6 14634/11/6 14638/11/6
f 14636/11/6 14637/11/6 14638/11/6
f 14635/11/6 14636/11/6 14638/11/6
f 14634/11/6 14635/11/6 14638/11/6
f 14631/11/6 14632/11/6 14638/11/6
f 14632/11/6 14633/11/6 14638/11/6
f 14638/11/6 14637/11/6 14639/11/6
f 14639/11/6 14637/11/6 14640/11/6
f 14640/11/6 14641/11/6 14642/11/6
f 14639/11/6 14640/11/6 14642/11/6
f 14642/11/6 14641/11/6 14643/11/6
f 14643/11/6 14641/11/6 14644/11/6
f 14644/11/6 14645/11/6 14646/11/6
f 14643/11/6 14644/11/6 14646/11/6
f 14646/11/6 14645/11/6 14647/11/6
f 14647/11/6 14645/11/6 14648/11/6
f 14648/11/6 14645/11/6 14649/11/6
f 14649/11/6 14645/11/6 14650/11/6
f 14647/11/6 14648/11/6 14653/11/6
f 14653/11/6 14648/11/6 14654/11/6
f 14648/6/6 14649/6/6 14655/6/6
f 14654/11/6 14648/11/6 14655/11/6
f 14649/11/6 14650/11/6 14656/11/6
f 14655/6/6 14649/6/6 14656/6/6
f 14650/10/6 14651/10/6 14657/10/6
f 14656/11/6 14650/11/6 14657/11/6
f 14651/11/6 14652/11/6 14658/11/6
f 14657/10/6 14651/10/6 14658/10/6
f 14658/11/6 14652/11/6 14659/11/6
f 14656/11/6 14657/11/6 14661/11/6
f 14659/11/6 14660/11/6 14661/11/6
f 14658/11/6 14659/11/6 14661/11/6
f 14657/11/6 14658/11/6 14661/11/6
f 14655/11/6 14656/11/6 14661/11/6
f 14654/11/6 14655/11/6 14661/11/6
f 14661/11/6 14660/11/6 14662/11/6
f 14662/11/6 14660/11/6 14663/11/6
f 14663/11/6 14660/11/6 14664/11/6
f 14664/11/6 14660/11/6 14665/11/6
f 14662/11/6 14663/11/6 14667/11/6
f 14667/11/6 14663/11/6 14668/11/6
f 14663/6/6 14664/6/6 14669/6/6
f 14668/11/6 14663/11/6 14669/11/6
f 14665/11/6 14666/11/6 14670/11/6
f 14669/6/6 14664/6/6 14670/6/6
f 14664/11/6 14665/11/6 14670/11/6
f 14670/11/6 14666/11/6 14671/11/6
f 14668/11/6 14669/11/6 14673/11/6
f 14671/11/6 14672/11/6 14673/11/6
f 14670/11/6 14671/11/6 14673/11/6
f 14669/11/6 14670/11/6 14673/11/6
f 14673/11/6 14672/11/6 14674/11/6
f 14674/11/6 14672/11/6 14675/11/6
f 14675/11/6 14676/11/6 14677/11/6
f 14674/11/6 14675/11/6 14677/11/6
f 14677/11/6 14676/11/6 14678/11/6
f 14678/11/6 14676/11/6 14679/11/6
f 14679/11/6 14676/11/6 14680/11/6
f 14680/11/6 14676/11/6 14681/11/6
f 14678/11/6 14679/11/6 14683/11/6
f 14683/11/6 14679/11/6 14684/11/6
f 14679/8/6 14680/8/6 14685/8/6
f 14684/11/6 14679/11/6 14685/11/6
f 14681/11/6 14682/11/6 14686/11/6
f 14685/8/6 14680/8/6 14686/8/6
f 14680/11/6 14681/11/6 14686/11/6
f 14686/11/6 14682/11/6 14687/11/6
f 14687/11/6 14682/11/6 14688/11/6
f 14684/11/6 14685/11/6 14689/11/6
f 14687/8/6 14688/8/6 14689/8/6
f 14686/11/6 14687/11/6 14689/11/6
f 14685/11/6 14686/11/6 14689/11/6
f 14688/11/6 14682/11/6 14690/11/6
f 14689/8/6 14688/8/6 14690/8/6
f 14690/11/6 14682/11/6 14691/11/6
f 14684/11/6 14689/11/6 14693/11/6
f 14691/11/6 14692/11/6 14693/11/6
f 14690/11/6 14691/11/6 14693/11/6
f 14689/11/6 14690/11/6 14693/11/6
f 14693/11/6 14692/11/6 14694/11/6
f 14694/11/6 14692/11/6 14695/11/6
f 14695/11/6 14692/11/6 14696/11/6
f 14696/11/6 14692/11/6 14697/11/6
f 14697/11/6 14692/11/6 14698/11/6
f 14698/11/6 14692/11/6 14699/11/6
f 14694/11/6 14695/11/6 14701/11/6
f 14701/11/6 14695/11/6 14702/11/6
f 14695/6/6 14696/6/6 14703/6/6
f 14702/11/6 14695/11/6 14703/11/6
f 14696/11/6 14697/11/6 14704/11/6
f 14703/6/6 14696/6/6 14704/6/6
f 14704/11/6 14697/11/6 14705/11/6
f 14705/11/6 14697/11/6 14706/11/6
f 14697/6/6 14698/6/6 14707/6/6
f 14706/11/6 14697/11/6 14707/11/6
f 14699/11/6 14700/11/6 14708/11/6
f 14707/6/6 14698/6/6 14708/6/6
f 14698/11/6 14699/11/6 14708/11/6
f 14708/11/6 14700/11/6 14709/11/6
f 14704/11/6 14705/11/6 14711/11/6
f 14702/11/6 14703/11/6 14711/11/6
f 14703/11/6 14704/11/6 14711/11/6
f 14711/11/6 14705/11/6 14712/11/6
f 14705/8/6 14706/8/6 14713/8/6
f 14712/11/6 14705/11/6 14713/11/6
f 14706/11/6 14707/11/6 14714/11/6
f 14713/8/6 14706/8/6 14714/8/6
f 14709/11/6 14710/11/6 14714/11/6
f 14708/11/6 14709/11/6 14714/11/6
f 14707/11/6 14708/11/6 14714/11/6
f 14714/11/6 14710/11/6 14715/11/6
f 14715/11/6 14710/11/6 14716/11/6
f 14716/11/6 14710/11/6 14717/11/6
f 14712/11/6 14713/11/6 14719/11/6
f 14713/11/6 14714/11/6 14719/11/6
f 14714/11/6 14715/11/6 14719/11/6
f 14719/11/6 14715/11/6 14720/11/6
f 14720/11/6 14715/11/6 14721/11/6
f 14721/11/6 14715/11/6 14722/11/6
f 14715/10/6 14716/10/6 14723/10/6
f 14722/11/6 14715/11/6 14723/11/6
f 14717/11/6 14718/11/6 14724/11/6
f 14723/10/6 14716/10/6 14724/10/6
f 14716/11/6 14717/11/6 14724/11/6
f 14724/11/6 14718/11/6 14725/11/6
f 14720/11/6 14721/11/6 14727/11/6
f 14727/11/6 14721/11/6 14728/11/6
f 14721/10/6 14722/10/6 14729/10/6
f 14728/11/6 14721/11/6 14729/11/6
f 14722/11/6 14723/11/6 14730/11/6
f 14729/10/6 14722/10/6 14730/10/6
f 14725/11/6 14726/11/6 14730/11/6
f 14724/11/6 14725/11/6 14730/11/6
f 14723/11/6 14724/11/6 14730/11/6
f 14730/11/6 14726/11/6 14731/11/6
f 14728/11/6 14729/11/6 14733/11/6
f 14731/11/6 14732/11/6 14733/11/6
f 14730/11/6 14731/11/6 14733/11/6
f 14729/11/6 14730/11/6 14733/11/6
f 14733/11/6 14732/11/6 14734/11/6
f 14734/11/6 14732/11/6 14735/11/6
f 14735/11/6 14732/11/6 14736/11/6
f 14736/11/6 14732/11/6 14737/11/6
f 14737/11/6 14732/11/6 14738/11/6
f 14736/11/6 14737/11/6 14739/11/6
f 14739/11/6 14737/11/6 14740/11/6
f 14740/11/6 14737/11/6 14741/11/6
f 14741/11/6 14737/11/6 14742/11/6
f 14737/8/6 14738/8/6 14743/8/6
f 14742/11/6 14737/11/6 14743/11/6
f 14738/11/6 14732/11/6 14744/11/6
f 14743/8/6 14738/8/6 14744/8/6
f 14740/11/6 14741/11/6 14745/11/6
f 14745/11/6 14741/11/6 14746/11/6
f 14741/6/6 14742/6/6 14747/6/6
f 14746/11/6 14741/11/6 14747/11/6
f 14742/11/6 14743/11/6 14748/11/6
f 14747/6/6 14742/6/6 14748/6/6
f 14743/11/6 14744/11/6 14748/11/6
f 14744/11/6 14732/11/6 14749/11/6
f 14748/11/6 14744/11/6 14749/11/6
f 14749/11/6 14732/11/6 14750/11/6
f 14746/11/6 14747/11/6 14751/11/6
f 14747/11/6 14748/11/6 14751/11/6
f 14748/11/6 14749/11/6 14751/11/6
f 14751/11/6 14749/11/6 14752/11/6
f 14749/6/6 14750/6/6 14753/6/6
f 14752/11/6 14749/11/6 14753/11/6
f 14750/11/6 14732/11/6 14754/11/6
f 14753/6/6 14750/6/6 14754/6/6
f 14752/11/6 14753/11/6 14755/11/6
f 14753/11/6 14754/11/6 14755/11/6
f 14755/11/6 14754/11/6 14756/11/6
f 14756/11/6 14754/11/6 14757/11/6
f 14757/11/6 14754/11/6 14758/11/6
f 14758/11/6 14754/11/6 14759/11/6
f 14759/11/6 14754/11/6 14760/11/6
f 14758/11/6 14759/11/6 14761/11/6
f 14761/11/6 14759/11/6 14762/11/6
f 14759/6/6 14760/6/6 14763/6/6
f 14762/11/6 14759/11/6 14763/11/6
f 14760/11/6 14754/11/6 14764/11/6
f 14763/6/6 14760/6/6 14764/6/6
f 14762/11/6 14763/11/6 14765/11/6
f 14763/11/6 14764/11/6 14765/11/6
f 14765/11/6 14764/11/6 14766/11/6
f 14764/11/6 14754/11/6 14767/11/6
f 14766/11/6 14764/11/6 14767/11/6
f 14767/11/6 14754/11/6 14768/11/6
f 14768/11/6 14754/11/6 14769/11/6
f 14769/11/6 14754/11/6 14770/11/6
f 14766/11/6 14767/11/6 14771/11/6
f 14771/11/6 14767/11/6 14772/11/6
f 14767/6/6 14768/6/6 14773/6/6
f 14772/11/6 14767/11/6 14773/11/6
f 14768/11/6 14769/11/6 14774/11/6
f 14773/6/6 14768/6/6 14774/6/6
f 14769/6/6 14770/6/6 14775/6/6
f 14774/11/6 14769/11/6 14775/11/6
f 14770/11/6 14754/11/6 14776/11/6
f 14775/6/6 14770/6/6 14776/6/6
f 14774/11/6 14775/11/6 14777/11/6
f 14773/11/6 14774/11/6 14777/11/6
f 14775/11/6 14776/11/6 14777/11/6
f 14772/11/6 14773/11/6 14777/11/6
f 14777/11/6 14776/11/6 14778/11/6
f 14778/11/6 14776/11/6 14779/11/6
f 14779/11/6 14776/11/6 14780/11/6
f 14778/11/6 14779/11/6 14781/11/6
f 14781/11/6 14779/11/6 14782/11/6
f 14779/10/6 14780/10/6 14783/10/6
f 14782/11/6 14779/11/6 14783/11/6
f 14780/11/6 14776/11/6 14784/11/6
f 14783/10/6 14780/10/6 14784/10/6
f 14782/11/6 14783/11/6 14785/11/6
f 14783/11/6 14784/11/6 14785/11/6
f 14785/11/6 14784/11/6 14786/11/6
f 14786/11/6 14784/11/6 14787/11/6
f 14787/11/6 14784/11/6 14788/11/6
f 14786/11/6 14787/11/6 14789/11/6
f 14789/11/6 14787/11/6 14790/11/6
f 14787/10/6 14788/10/6 14791/10/6
f 14790/11/6 14787/11/6 14791/11/6
f 14788/11/6 14784/11/6 14792/11/6
f 14791/10/6 14788/10/6 14792/10/6
f 14790/11/6 14791/11/6 14793/11/6
f 14791/11/6 14792/11/6 14793/11/6
f 14793/11/6 14792/11/6 14794/11/6
f 14794/11/6 14792/11/6 14795/11/6
f 14795/11/6 14792/11/6 14796/11/6
f 14796/11/6 14792/11/6 14797/11/6
f 14792/11/6 14784/11/6 14798/11/6
f 14797/11/6 14792/11/6 14798/11/6
f 14798/11/6 14784/11/6 14799/11/6
f 14799/11/6 14784/11/6 14800/11/6
f 14798/11/6 14799/11/6 14801/11/6
f 14801/11/6 14799/11/6 14802/11/6
f 14799/10/6 14800/10/6 14803/10/6
f 14802/11/6 14799/11/6 14803/11/6
f 14800/11/6 14784/11/6 14804/11/6
f 14803/10/6 14800/10/6 14804/10/6
f 14804/11/6 14784/11/6 14805/11/6
f 14805/11/6 14784/11/6 14806/11/6
f 14802/11/6 14803/11/6 14807/11/6
f 14803/11/6 14804/11/6 14807/11/6
f 14804/11/6 14805/11/6 14807/11/6
f 14807/11/6 14805/11/6 14808/11/6
f 14805/6/6 14806/6/6 14809/6/6
f 14808/11/6 14805/11/6 14809/11/6
f 14806/11/6 14784/11/6 14810/11/6
f 14809/6/6 14806/6/6 14810/6/6
f 14808/11/6 14809/11/6 14811/11/6
f 14809/11/6 14810/11/6 14811/11/6
f 14811/11/6 14810/11/6 14812/11/6
f 14812/11/6 14810/11/6 14813/11/6
f 14813/11/6 14810/11/6 14814/11/6
f 14814/11/6 14810/11/6 14815/11/6
f 14815/11/6 14810/11/6 14816/11/6
f 14810/11/6 14784/11/6 14817/11/6
f 14816/11/6 14810/11/6 14817/11/6
f 14817/11/6 14784/11/6 14818/11/6
f 14816/11/6 14817/11/6 14819/11/6
f 14819/11/6 14817/11/6 14820/11/6
f 14817/8/6 14818/8/6 14821/8/6
f 14820/11/6 14817/11/6 14821/11/6
f 14818/11/6 14784/11/6 14822/11/6
f 14821/8/6 14818/8/6 14822/8/6
f 14822/11/6 14784/11/6 14823/11/6
f 14754/11/6 14732/11/6 14824/11/6
f 14823/11/6 14784/11/6 14824/11/6
f 14776/11/6 14754/11/6 14824/11/6
f 14784/11/6 14776/11/6 14824/11/6
f 14824/11/6 14732/11/6 14825/11/6
f 14825/11/6 14732/11/6 14826/11/6
f 14822/11/6 14823/11/6 14827/11/6
f 14821/11/6 14822/11/6 14827/11/6
f 14820/11/6 14821/11/6 14827/11/6
f 14827/11/6 14823/11/6 14828/11/6
f 14828/11/6 14823/11/6 14829/11/6
f 14829/11/6 14823/11/6 14830/11/6
f 14824/11/6 14825/11/6 14831/11/6
f 14831/11/6 14825/11/6 14832/11/6
f 14828/11/6 14829/11/6 14833/11/6
f 14833/11/6 14829/11/6 14834/11/6
f 14835/11/6 14836/11/6 14837/11/6
f 14837/11/6 14836/11/6 14838/11/6
f 14835/11/6 14837/11/6 14839/11/6
f 14837/8/6 14838/8/6 14839/8/6
f 14838/11/6 14836/11/6 14840/11/6
f 14839/8/6 14838/8/6 14840/8/6
f 14840/11/6 14836/11/6 14841/11/6
f 14841/11/6 14836/11/6 14842/11/6
f 14839/11/6 14840/11/6 14843/11/6
f 14840/11/6 14841/11/6 14843/11/6
f 14841/6/6 14842/6/6 14843/6/6
f 14842/11/6 14836/11/6 14844/11/6
f 14843/6/6 14842/6/6 14844/6/6
f 14839/11/6 14843/11/6 14845/11/6
f 14843/11/6 14844/11/6 14845/11/6
f 14845/11/6 14844/11/6 14846/11/6
f 14844/11/6 14836/11/6 14847/11/6
f 14846/11/6 14844/11/6 14847/11/6
f 14847/11/6 14836/11/6 14848/11/6
f 14845/9/6 14846/9/6 14849/9/6
f 14839/11/6 14845/11/6 14849/11/6
f 14846/11/6 14847/11/6 14850/11/6
f 14849/9/6 14846/9/6 14850/9/6
f 14839/11/6 14849/11/6 14851/11/6
f 14849/6/6 14850/6/6 14851/6/6
f 14850/11/6 14847/11/6 14852/11/6
f 14851/6/6 14850/6/6 14852/6/6
f 14851/11/6 14852/11/6 14853/11/6
f 14852/11/6 14847/11/6 14853/11/6
f 14853/11/6 14847/11/6 14854/11/6
f 14854/11/6 14847/11/6 14855/11/6
f 14855/11/6 14847/11/6 14856/11/6
f 14851/11/6 14853/11/6 14857/11/6
f 14853/9/6 14854/9/6 14857/9/6
f 14854/11/6 14855/11/6 14858/11/6
f 14857/9/6 14854/9/6 14858/9/6
f 14851/11/6 14857/11/6 14859/11/6
f 14857/11/6 14858/11/6 14859/11/6
f 14859/11/6 14858/11/6 14860/11/6
f 14851/11/6 14859/11/6 14861/11/6
f 14859/8/6 14860/8/6 14861/8/6
f 14860/11/6 14858/11/6 14862/11/6
f 14861/8/6 14860/8/6 14862/8/6
f 14858/11/6 14855/11/6 14863/11/6
f 14862/11/6 14858/11/6 14863/11/6
f 14863/11/6 14855/11/6 14864/11/6
f 14861/11/6 14862/11/6 14865/11/6
f 14862/11/6 14863/11/6 14865/11/6
f 14863/6/6 14864/6/6 14865/6/6
f 14864/11/6 14855/11/6 14866/11/6
f 14865/6/6 14864/6/6 14866/6/6
f 14839/11/6 14851/11/6 14867/11/6
f 14861/11/6 14865/11/6 14867/11/6
f 14865/11/6 14866/11/6 14867/11/6
f 14851/11/6 14861/11/6 14867/11/6
f 14867/11/6 14866/11/6 14868/11/6
f 14835/11/6 14839/11/6 14869/11/6
f 14839/11/6 14867/11/6 14869/11/6
f 14869/11/6 14867/11/6 14870/11/6
f 14867/6/6 14868/6/6 14871/6/6
f 14870/11/6 14867/11/6 14871/11/6
f 14868/11/6 14866/11/6 14872/11/6
f 14871/6/6 14868/6/6 14872/6/6
f 14866/11/6 14855/11/6 14873/11/6
f 14872/11/6 14866/11/6 14873/11/6
f 14869/8/6 14870/8/6 14875/8/6
f 14835/11/6 14869/11/6 14875/11/6
f 14870/11/6 14871/11/6 14876/11/6
f 14875/8/6 14870/8/6 14876/8/6
f 14871/11/6 14872/11/6 14876/11/6
f 14872/11/6 14873/11/6 14876/11/6
f 14873/11/6 14874/11/6 14876/11/6
f 14876/11/6 14874/11/6 14877/11/6
f 14875/11/6 14876/11/6 14878/11/6
f 14876/11/6 14877/11/6 14878/11/6
f 14875/11/6 14878/11/6 14879/11/6
f 14879/11/6 14878/11/6 14880/11/6
f 14880/11/6 14878/11/6 14881/11/6
f 14879/8/6 14880/8/6 14883/8/6
f 14875/11/6 14879/11/6 14883/11/6
f 14880/11/6 14881/11/6 14884/11/6
f 14883/8/6 14880/8/6 14884/8/6
f 14881/11/6 14882/11/6 14884/11/6
f 14884/11/6 14882/11/6 14885/11/6
f 14885/11/6 14882/11/6 14886/11/6
f 14883/11/6 14884/11/6 14887/11/6
f 14884/11/6 14885/11/6 14887/11/6
f 14885/7/6 14886/7/6 14887/7/6
f 14886/11/6 14882/11/6 14888/11/6
f 14887/7/6 14886/7/6 14888/7/6
f 14888/11/6 14882/11/6 14889/11/6
f 14888/11/6 14889/11/6 14891/11/6
f 14889/11/6 14890/11/6 14891/11/6
f 14887/11/6 14888/11/6 14891/11/6
f 14883/11/6 14887/11/6 14891/11/6
f 14875/11/6 14883/11/6 14891/11/6
f 14891/11/6 14890/11/6 14892/11/6
f 14892/11/6 14890/11/6 14893/11/6
f 14893/11/6 14890/11/6 14894/11/6
f 14894/11/6 14890/11/6 14895/11/6
f 14875/11/6 14891/11/6 14897/11/6
f 14891/9/6 14892/9/6 14897/9/6
f 14892/11/6 14893/11/6 14898/11/6
f 14897/9/6 14892/9/6 14898/9/6
f 14898/11/6 14893/11/6 14899/11/6
f 14899/11/6 14893/11/6 14900/11/6
f 14893/9/6 14894/9/6 14901/9/6
f 14900/11/6 14893/11/6 14901/11/6
f 14895/11/6 14896/11/6 14902/11/6
f 14901/9/6 14894/9/6 14902/9/6
f 14894/11/6 14895/11/6 14902/11/6
f 14902/11/6 14896/11/6 14903/11/6
f 14898/11/6 14899/11/6 14905/11/6
f 14899/10/6 14900/10/6 14905/10/6
f 14897/11/6 14898/11/6 14905/11/6
f 14900/11/6 14901/11/6 14906/11/6
f 14905/10/6 14900/10/6 14906/10/6
f 14903/11/6 14904/11/6 14906/11/6
f 14901/11/6 14902/11/6 14906/11/6
f 14902/11/6 14903/11/6 14906/11/6
f 14906/11/6 14904/11/6 14907/11/6
f 14905/11/6 14906/11/6 14909/11/6
f 14907/11/6 14908/11/6 14909/11/6
f 14906/11/6 14907/11/6 14909/11/6
f 14909/11/6 14910/11/6 14911/11/6
f 14911/11/6 14912/11/6 14913/11/6
f 14897/11/6 14905/11/6 14915/11/6
f 14913/11/6 14914/11/6 14915/11/6
f 14911/11/6 14913/11/6 14915/11/6
f 14909/11/6 14911/11/6 14915/11/6
f 14905/11/6 14909/11/6 14915/11/6
f 14915/11/6 14914/11/6 14916/11/6
f 14916/11/6 14914/11/6 14917/11/6
f 14835/11/6 14875/11/6 14919/11/6
f 14875/11/6 14897/11/6 14919/11/6
f 14897/11/6 14915/11/6 14919/11/6
f 14919/11/6 14915/11/6 14920/11/6
f 14915/9/6 14916/9/6 14921/9/6
f 14920/11/6 14915/11/6 14921/11/6
f 14917/11/6 14918/11/6 14922/11/6
f 14921/9/6 14916/9/6 14922/9/6
f 14916/11/6 14917/11/6 14922/11/6
f 14922/11/6 14918/11/6 14923/11/6
f 14835/11/6 14919/11/6 14925/11/6
f 14919/6/6 14920/6/6 14925/6/6
f 14920/11/6 14921/11/6 14926/11/6
f 14925/6/6 14920/6/6 14926/6/6
f 14923/11/6 14924/11/6 14926/11/6
f 14921/11/6 14922/11/6 14926/11/6
f 14922/11/6 14923/11/6 14926/11/6
f 14926/11/6 14924/11/6 14927/11/6
f 14927/11/6 14924/11/6 14928/11/6
f 14928/11/6 14924/11/6 14929/11/6
f 14929/11/6 14924/11/6 14930/11/6
f 14930/11/6 14924/11/6 14931/11/6
f 14925/11/6 14926/11/6 14933/11/6
f 14926/11/6 14927/11/6 14933/11/6
f 14927/6/6 14928/6/6 14933/6/6
f 14928/11/6 14929/11/6 14934/11/6
f 14933/6/6 14928/6/6 14934/6/6
f 14929/7/6 14930/7/6 14935/7/6
f 14934/11/6 14929/11/6 14935/11/6
f 14931/11/6 14932/11/6 14936/11/6
f 14935/7/6 14930/7/6 14936/7/6
f 14930/11/6 14931/11/6 14936/11/6
f 14936/11/6 14932/11/6 14937/11/6
f 14937/11/6 14932/11/6 14938/11/6
f 14938/11/6 14932/11/6 14939/11/6
f 14934/11/6 14935/11/6 14941/11/6
f 14933/11/6 14934/11/6 14941/11/6
f 14935/11/6 14936/11/6 14941/11/6
f 14937/7/6 14938/7/6 14941/7/6
f 14936/11/6 14937/11/6 14941/11/6
f 14939/11/6 14940/11/6 14942/11/6
f 14941/7/6 14938/7/6 14942/7/6
f 14938/11/6 14939/11/6 14942/11/6
f 14942/11/6 14940/11/6 14943/11/6
f 14943/11/6 14940/11/6 14944/11/6
f 14944/11/6 14940/11/6 14945/11/6
f 14945/11/6 14940/11/6 14946/11/6
f 14835/11/6 14925/11/6 14948/11/6
f 14933/11/6 14941/11/6 14948/11/6
f 14925/11/6 14933/11/6 14948/11/6
f 14941/11/6 14942/11/6 14948/11/6
f 14942/11/6 14943/11/6 14948/11/6
f 14948/11/6 14943/11/6 14949/11/6
f 14943/7/6 14944/7/6 14950/7/6
f 14949/11/6 14943/11/6 14950/11/6
f 14944/8/6 14945/8/6 14951/8/6
f 14950/7/6 14944/7/6 14951/7/6
f 14946/11/6 14947/11/6 14952/11/6
f 14951/8/6 14945/8/6 14952/8/6
f 14945/11/6 14946/11/6 14952/11/6
f 14952/11/6 14947/11/6 14953/11/6
f 14950/11/6 14951/11/6 14955/11/6
f 14953/11/6 14954/11/6 14955/11/6
f 14952/11/6 14953/11/6 14955/11/6
f 14951/11/6 14952/11/6 14955/11/6
f 14949/11/6 14950/11/6 14955/11/6
f 14955/11/6 14954/11/6 14956/11/6
f 14956/11/6 14954/11/6 14957/11/6
f 14957/11/6 14958/11/6 14959/11/6
f 14956/11/6 14957/11/6 14959/11/6
f 14959/11/6 14958/11/6 14960/11/6
f 14960/11/6 14958/11/6 14961/11/6
f 14961/11/6 14962/11/6 14963/11/6
f 14960/11/6 14961/11/6 14963/11/6
f 14963/11/6 14962/11/6 14964/11/6
f 14964/11/6 14962/11/6 14965/11/6
f 14965/11/6 14962/11/6 14966/11/6
f 14966/11/6 14962/11/6 14967/11/6
f 14964/11/6 14965/11/6 14969/11/6
f 14969/11/6 14965/11/6 14970/11/6
f 14967/11/6 14968/11/6 14971/11/6
f 14966/11/6 14967/11/6 14971/11/6
f 14971/11/6 14968/11/6 14972/11/6
f 14972/11/6 14968/11/6 14973/11/6
f 14973/11/6 14968/11/6 14974/11/6
f 14974/11/6 14968/11/6 14975/11/6
f 14970/11/6 14965/11/6 14977/11/6
f 14977/11/6 14965/11/6 14978/11/6
f 14965/8/6 14966/8/6 14979/8/6
f 14978/11/6 14965/11/6 14979/11/6
f 14966/11/6 14971/11/6 14980/11/6
f 14979/8/6 14966/8/6 14980/8/6
f 14971/8/6 14972/8/6 14981/8/6
f 14980/11/6 14971/11/6 14981/11/6
f 14972/11/6 14973/11/6 14982/11/6
f 14981/8/6 14972/8/6 14982/8/6
f 14973/7/6 14974/7/6 14983/7/6
f 14982/11/6 14973/11/6 14983/11/6
f 14975/11/6 14976/11/6 14984/11/6
f 14983/7/6 14974/7/6 14984/7/6
f 14974/11/6 14975/11/6 14984/11/6
f 14984/11/6 14976/11/6 14985/11/6
f 14982/11/6 14983/11/6 14987/11/6
f 14985/11/6 14986/11/6 14987/11/6
f 14984/11/6 14985/11/6 14987/11/6
f 14983/11/6 14984/11/6 14987/11/6
f 14981/11/6 14982/11/6 14987/11/6
f 14980/11/6 14981/11/6 14987/11/6
f 14979/11/6 14980/11/6 14987/11/6
f 14978/11/6 14979/11/6 14987/11/6
f 14987/11/6 14986/11/6 14988/11/6
f 14988/11/6 14986/11/6 14989/11/6
f 14989/11/6 14986/11/6 14990/11/6
f 14990/11/6 14986/11/6 14991/11/6
f 14991/11/6 14986/11/6 14992/11/6
f 14992/11/6 14986/11/6 14993/11/6
f 14988/11/6 14989/11/6 14995/11/6
f 14995/11/6 14989/11/6 14996/11/6
f 14989/9/6 14990/9/6 14997/9/6
f 14996/11/6 14989/11/6 14997/11/6
f 14990/11/6 14991/11/6 14998/11/6
f 14997/9/6 14990/9/6 14998/9/6
f 14991/9/6 14992/9/6 14999/9/6
f 14998/11/6 14991/11/6 14999/11/6
f 14993/11/6 14994/11/6 15000/11/6
f 14999/9/6 14992/9/6 15000/9/6
f 14992/11/6 14993/11/6 15000/11/6
f 15000/11/6 14994/11/6 15001/11/6
f 14998/11/6 14999/11/6 15003/11/6
f 15001/11/6 15002/11/6 15003/11/6
f 15000/11/6 15001/11/6 15003/11/6
f 14999/11/6 15000/11/6 15003/11/6
f 14997/11/6 14998/11/6 15003/11/6
f 14996/11/6 14997/11/6 15003/11/6
f 15003/11/6 15002/11/6 15004/11/6
f 15004/11/6 15002/11/6 15005/11/6
f 15005/11/6 15006/11/6 15007/11/6
f 15004/11/6 15005/11/6 15007/11/6
f 15007/11/6 15006/11/6 15008/11/6
f 15008/11/6 15006/11/6 15009/11/6
f 15009/11/6 15010/11/6 15011/11/6
f 15008/11/6 15009/11/6 15011/11/6
f 15011/11/6 15010/11/6 15012/11/6
f 15012/11/6 15010/11/6 15013/11/6
f 15013/11/6 15014/11/6 15015/11/6
f 15012/11/6 15013/11/6 15015/11/6
f 15015/11/6 15014/11/6 15016/11/6
f 15016/11/6 15014/11/6 15017/11/6
f 15017/11/6 15014/11/6 15018/11/6
f 15018/11/6 15014/11/6 15019/11/6
f 15016/11/6 15017/11/6 15021/11/6
f 15021/11/6 15017/11/6 15022/11/6
f 15017/7/6 15018/7/6 15023/7/6
f 15022/11/6 15017/11/6 15023/11/6
f 15019/11/6 15020/11/6 15024/11/6
f 15023/7/6 15018/7/6 15024/7/6
f 15018/11/6 15019/11/6 15024/11/6
f 15024/11/6 15020/11/6 15025/11/6
f 15022/11/6 15023/11/6 15027/11/6
f 15025/11/6 15026/11/6 15027/11/6
f 15024/11/6 15025/11/6 15027/11/6
f 15023/11/6 15024/11/6 15027/11/6
f 15027/11/6 15026/11/6 15028/11/6
f 15028/11/6 15026/11/6 15029/11/6
f 15030/11/6 15031/11/6 15032/11/6
f 15029/11/6 15030/11/6 15032/11/6
f 15028/11/6 15029/11/6 15032/11/6
f 15032/11/6 15031/11/6 15033/11/6
f 15033/11/6 15031/11/6 15034/11/6
f 15034/11/6 15031/11/6 15035/11/6
f 15035/11/6 15031/11/6 15036/11/6
f 15033/11/6 15034/11/6 15040/11/6
f 15040/11/6 15034/11/6 15041/11/6
f 15034/9/6 15035/9/6 15042/9/6
f 15041/11/6 15034/11/6 15042/11/6
f 15036/11/6 15037/11/6 15043/11/6
f 15042/9/6 15035/9/6 15043/9/6
f 15035/11/6 15036/11/6 15043/11/6
f 15043/11/6 15037/11/6 15044/11/6
f 15044/11/6 15037/11/6 15045/11/6
f 15045/11/6 15037/11/6 15046/11/6
f 15041/11/6 15042/11/6 15048/11/6
f 15042/11/6 15043/11/6 15048/11/6
f 15043/11/6 15044/11/6 15048/11/6
f 15048/11/6 15044/11/6 15049/11/6
f 15044/5/6 15045/5/6 15050/5/6
f 15049/11/6 15044/11/6 15050/11/6
f 15046/11/6 15047/11/6 15051/11/6
f 15050/5/6 15045/5/6 15051/5/6
f 15045/11/6 15046/11/6 15051/11/6
f 15051/11/6 15047/11/6 15052/11/6
f 15052/11/6 15047/11/6 15053/11/6
f 15053/11/6 15047/11/6 15054/11/6
f 15054/11/6 15047/11/6 15055/11/6
f 15055/11/6 15047/11/6 15056/11/6
f 15049/11/6 15050/11/6 15058/11/6
f 15050/11/6 15051/11/6 15058/11/6
f 15051/11/6 15052/11/6 15058/11/6
f 15058/11/6 15052/11/6 15059/11/6
f 15059/11/6 15052/11/6 15060/11/6
f 15060/11/6 15052/11/6 15061/11/6
f 15052/8/6 15053/8/6 15062/8/6
f 15061/11/6 15052/11/6 15062/11/6
f 15053/11/6 15054/11/6 15063/11/6
f 15062/8/6 15053/8/6 15063/8/6
f 15054/5/6 15055/5/6 15064/5/6
f 15063/11/6 15054/11/6 15064/11/6
f 15056/11/6 15057/11/6 15065/11/6
f 15064/5/6 15055/5/6 15065/5/6
f 15055/11/6 15056/11/6 15065/11/6
f 15065/11/6 15057/11/6 15066/11/6
f 15059/11/6 15060/11/6 15068/11/6
f 15068/11/6 15060/11/6 15069/11/6
f 15060/6/6 15061/6/6 15070/6/6
f 15069/11/6 15060/11/6 15070/11/6
f 15063/11/6 15064/11/6 15071/11/6
f 15070/6/6 15061/6/6 15071/6/6
f 15066/11/6 15067/11/6 15071/11/6
f 15062/11/6 15063/11/6 15071/11/6
f 15064/11/6 15065/11/6 15071/11/6
f 15065/11/6 15066/11/6 15071/11/6
f 15061/11/6 15062/11/6 15071/11/6
f 15071/11/6 15067/11/6 15072/11/6
f 15072/11/6 15067/11/6 15073/11/6
f 15073/11/6 15067/11/6 15074/11/6
f 15074/11/6 15067/11/6 15075/11/6
f 15075/11/6 15067/11/6 15076/11/6
f 15038/11/6 15039/11/6 15079/11/6
f 15069/11/6 15070/11/6 15080/11/6
f 15070/11/6 15071/11/6 15080/11/6
f 15071/11/6 15072/11/6 15080/11/6
f 15080/11/6 15072/11/6 15081/11/6
f 15072/6/6 15073/6/6 15082/6/6
f 15081/11/6 15072/11/6 15082/11/6
f 15073/11/6 15074/11/6 15083/11/6
f 15082/6/6 15073/6/6 15083/6/6
f 15074/8/6 15075/8/6 15084/8/6
f 15083/11/6 15074/11/6 15084/11/6
f 15076/11/6 15077/11/6 15085/11/6
f 15084/8/6 15075/8/6 15085/8/6
f 15075/11/6 15076/11/6 15085/11/6
f 15085/11/6 15077/11/6 15086/11/6
f 15083/11/6 15084/11/6 15088/11/6
f 15086/11/6 15087/11/6 15088/11/6
f 15085/11/6 15086/11/6 15088/11/6
f 15084/11/6 15085/11/6 15088/11/6
f 15082/11/6 15083/11/6 15088/11/6
f 15081/11/6 15082/11/6 15088/11/6
f 15088/11/6 15087/11/6 15089/11/6
f 15089/11/6 15087/11/6 15090/11/6
f 15090/11/6 15091/11/6 15092/11/6
f 15089/11/6 15090/11/6 15092/11/6
f 15092/11/6 15091/11/6 15093/11/6
f 15093/11/6 15091/11/6 15094/11/6
f 15094/11/6 15091/11/6 15095/11/6
f 15095/11/6 15091/11/6 15096/11/6
f 15093/11/6 15094/11/6 15098/11/6
f 15094/10/6 15095/10/6 15099/10/6
f 15098/11/6 15094/11/6 15099/11/6
f 15096/11/6 15097/11/6 15100/11/6
f 15099/10/6 15095/10/6 15100/10/6
f 15095/11/6 15096/11/6 15100/11/6
f 15100/11/6 15097/11/6 15101/11/6
f 15101/11/6 15097/11/6 15102/11/6
f 15102/11/6 15097/11/6 15103/11/6
f 15078/11/6 15079/11/6 15106/11/6
f 15100/11/6 15101/11/6 15107/11/6
f 15101/8/6 15102/8/6 15108/8/6
f 15107/11/6 15101/11/6 15108/11/6
f 15103/11/6 15104/11/6 15109/11/6
f 15108/8/6 15102/8/6 15109/8/6
f 15102/11/6 15103/11/6 15109/11/6
f 15109/11/6 15104/11/6 15110/11/6
f 15110/11/6 15111/11/6 15112/11/6
f 15109/11/6 15110/11/6 15112/11/6
f 15112/11/6 15111/11/6 15113/11/6
f 15113/11/6 15111/11/6 15114/11/6
f 15114/11/6 15115/11/6 15116/11/6
f 15113/11/6 15114/11/6 15116/11/6
f 15116/11/6 15115/11/6 15117/11/6
f 15117/11/6 15115/11/6 15118/11/6
f 15118/11/6 15119/11/6 15120/11/6
f 15117/11/6 15118/11/6 15120/11/6
f 15120/11/6 15119/11/6 15121/11/6
f 15121/11/6 15119/11/6 15122/11/6
f 15105/11/6 15106/11/6 15125/11/6
f 15122/11/6 15123/11/6 15126/11/6
f 15121/11/6 15122/11/6 15126/11/6
f 15126/11/6 15123/11/6 15127/11/6
f 15127/11/6 15123/11/6 15128/11/6
f 15128/11/6 15123/11/6 15129/11/6
f 15129/11/6 15123/11/6 15130/11/6
f 15127/11/6 15128/11/6 15132/11/6
f 15132/11/6 15128/11/6 15133/11/6
f 15128/9/6 15129/9/6 15134/9/6
f 15133/11/6 15128/11/6 15134/11/6
f 15130/11/6 15131/11/6 15135/11/6
f 15134/9/6 15129/9/6 15135/9/6
f 15129/11/6 15130/11/6 15135/11/6
f 15135/11/6 15131/11/6 15136/11/6
f 15133/11/6 15134/11/6 15138/11/6
f 15136/11/6 15137/11/6 15138/11/6
f 15135/11/6 15136/11/6 15138/11/6
f 15134/11/6 15135/11/6 15138/11/6
f 15124/11/6 15125/11/6 15141/11/6
f 15138/11/6 15139/11/6 15142/11/6
f 15133/11/6 15138/11/6 15142/11/6
f 15142/11/6 15139/11/6 15143/11/6
f 15143/11/6 15139/11/6 15144/11/6
f 15144/11/6 15139/11/6 15145/11/6
f 15145/11/6 15139/11/6 15146/11/6
f 15140/11/6 15141/11/6 15149/11/6
f 15143/11/6 15144/11/6 15150/11/6
f 15150/11/6 15144/11/6 15151/11/6
f 15144/5/6 15145/5/6 15152/5/6
f 15151/11/6 15144/11/6 15152/11/6
f 15146/11/6 15147/11/6 15153/11/6
f 15152/5/6 15145/5/6 15153/5/6
f 15145/11/6 15146/11/6 15153/11/6
f 15153/11/6 15147/11/6 15154/11/6
f 15151/11/6 15152/11/6 15156/11/6
f 15154/11/6 15155/11/6 15156/11/6
f 15153/11/6 15154/11/6 15156/11/6
f 15152/11/6 15153/11/6 15156/11/6
f 15156/11/6 15155/11/6 15157/11/6
f 15157/11/6 15155/11/6 15158/11/6
f 15158/11/6 15155/11/6 15159/11/6
f 15159/11/6 15155/11/6 15160/11/6
f 15160/11/6 15155/11/6 15161/11/6
f 15148/11/6 15149/11/6 15163/11/6
f 15157/11/6 15158/11/6 15164/11/6
f 15158/6/6 15159/6/6 15165/6/6
f 15164/11/6 15158/11/6 15165/11/6
f 15159/11/6 15160/11/6 15166/11/6
f 15165/6/6 15159/6/6 15166/6/6
f 15160/6/6 15161/6/6 15167/6/6
f 15166/11/6 15160/11/6 15167/11/6
f 15161/11/6 15155/11/6 15168/11/6
f 15167/6/6 15161/6/6 15168/6/6
f 15168/11/6 15155/11/6 15169/11/6
f 15169/11/6 15155/11/6 15170/11/6
f 15170/11/6 15155/11/6 15171/11/6
f 15171/11/6 15155/11/6 15172/11/6
f 15172/11/6 15155/11/6 15173/11/6
f 15166/11/6 15167/11/6 15175/11/6
f 15165/11/6 15166/11/6 15175/11/6
f 15167/11/6 15168/11/6 15175/11/6
f 15168/11/6 15169/11/6 15175/11/6
f 15175/11/6 15169/11/6 15176/11/6
f 15176/11/6 15169/11/6 15177/11/6
f 15169/7/6 15170/7/6 15178/7/6
f 15177/11/6 15169/11/6 15178/11/6
f 15170/11/6 15171/11/6 15179/11/6
f 15178/7/6 15170/7/6 15179/7/6
f 15171/8/6 15172/8/6 15180/8/6
f 15179/11/6 15171/11/6 15180/11/6
f 15173/11/6 15174/11/6 15181/11/6
f 15180/8/6 15172/8/6 15181/8/6
f 15172/11/6 15173/11/6 15181/11/6
f 15181/11/6 15174/11/6 15182/11/6
f 15162/11/6 15163/11/6 15185/11/6
f 15176/11/6 15177/11/6 15186/11/6
f 15186/11/6 15177/11/6 15187/11/6
f 15177/8/6 15178/8/6 15188/8/6
f 15187/11/6 15177/11/6 15188/11/6
f 15179/11/6 15180/11/6 15189/11/6
f 15188/8/6 15178/8/6 15189/8/6
f 15182/11/6 15183/11/6 15189/11/6
f 15178/11/6 15179/11/6 15189/11/6
f 15180/11/6 15181/11/6 15189/11/6
f 15181/11/6 15182/11/6 15189/11/6
f 15189/11/6 15183/11/6 15190/11/6
f 15187/11/6 15188/11/6 15192/11/6
f 15190/11/6 15191/11/6 15192/11/6
f 15189/11/6 15190/11/6 15192/11/6
f 15188/11/6 15189/11/6 15192/11/6
f 15192/11/6 15191/11/6 15193/11/6
f 15193/11/6 15191/11/6 15194/11/6
f 15184/11/6 15185/11/6 15197/11/6
f 15194/11/6 15195/11/6 15198/11/6
f 15193/11/6 15194/11/6 15198/11/6
f 15198/11/6 15195/11/6 15199/11/6
f 15199/11/6 15195/11/6 15200/11/6
f 15200/11/6 15195/11/6 15201/11/6
f 15201/11/6 15195/11/6 15202/11/6
f 15199/11/6 15200/11/6 15204/11/6
f 15204/11/6 15200/11/6 15205/11/6
f 15205/11/6 15200/11/6 15206/11/6
f 15206/11/6 15200/11/6 15207/11/6
f 15207/11/6 15200/11/6 15208/11/6
f 15208/11/6 15200/11/6 15209/11/6
f 15200/5/6 15201/5/6 15210/5/6
f 15209/11/6 15200/11/6 15210/11/6
f 15202/11/6 15203/11/6 15211/11/6
f 15210/5/6 15201/5/6 15211/5/6
f 15201/11/6 15202/11/6 15211/11/6
f 15211/11/6 15203/11/6 15212/11/6
f 15212/11/6 15203/11/6 15213/11/6
f 15213/11/6 15203/11/6 15214/11/6
f 15196/11/6 15197/11/6 15217/11/6
f 15205/11/6 15206/11/6 15218/11/6
f 15218/11/6 15206/11/6 15219/11/6
f 15206/10/6 15207/10/6 15220/10/6
f 15219/11/6 15206/11/6 15220/11/6
f 15207/11/6 15208/11/6 15221/11/6
f 15220/10/6 15207/10/6 15221/10/6
f 15208/8/6 15209/8/6 15222/8/6
f 15221/11/6 15208/11/6 15222/11/6
f 15209/11/6 15210/11/6 15223/11/6
f 15222/8/6 15209/8/6 15223/8/6
f 15210/11/6 15211/11/6 15223/11/6
f 15211/11/6 15212/11/6 15223/11/6
f 15212/7/6 15213/7/6 15224/7/6
f 15223/11/6 15212/11/6 15224/11/6
f 15214/11/6 15215/11/6 15225/11/6
f 15224/7/6 15213/7/6 15225/7/6
f 15213/11/6 15214/11/6 15225/11/6
f 15225/11/6 15215/11/6 15226/11/6
f 15223/11/6 15224/11/6 15228/11/6
f 15226/11/6 15227/11/6 15228/11/6
f 15225/11/6 15226/11/6 15228/11/6
f 15224/11/6 15225/11/6 15228/11/6
f 15222/11/6 15223/11/6 15228/11/6
f 15221/11/6 15222/11/6 15228/11/6
f 15219/11/6 15220/11/6 15228/11/6
f 15220/11/6 15221/11/6 15228/11/6
f 15228/11/6 15227/11/6 15229/11/6
f 15229/11/6 15227/11/6 15230/11/6
f 15216/11/6 15217/11/6 15233/11/6
f 15230/11/6 15231/11/6 15234/11/6
f 15229/11/6 15230/11/6 15234/11/6
f 15234/11/6 15231/11/6 15235/11/6
f 15235/11/6 15231/11/6 15236/11/6
f 15236/11/6 15231/11/6 15237/11/6
f 15237/11/6 15231/11/6 15238/11/6
f 15232/11/6 15233/11/6 15241/11/6
f 15235/11/6 15236/11/6 15242/11/6
f 15242/11/6 15236/11/6 15243/11/6
f 15236/10/6 15237/10/6 15244/10/6
f 15243/11/6 15236/11/6 15244/11/6
f 15238/11/6 15239/11/6 15245/11/6
f 15244/10/6 15237/10/6 15245/10/6
f 15237/11/6 15238/11/6 15245/11/6
f 15245/11/6 15239/11/6 15246/11/6
f 15246/11/6 15239/11/6 15247/11/6
f 15247/11/6 15239/11/6 15248/11/6
f 15243/11/6 15244/11/6 15250/11/6
f 15244/11/6 15245/11/6 15250/11/6
f 15245/11/6 15246/11/6 15250/11/6
f 15250/11/6 15246/11/6 15251/11/6
f 15246/8/6 15247/8/6 15252/8/6
f 15251/11/6 15246/11/6 15252/11/6
f 15248/11/6 15249/11/6 15253/11/6
f 15252/8/6 15247/8/6 15253/8/6
f 15247/11/6 15248/11/6 15253/11/6
f 15253/11/6 15249/11/6 15254/11/6
f 15240/11/6 15241/11/6 15257/11/6
f 15251/11/6 15252/11/6 15258/11/6
f 15254/11/6 15255/11/6 15258/11/6
f 15252/11/6 15253/11/6 15258/11/6
f 15253/11/6 15254/11/6 15258/11/6
f 15258/11/6 15255/11/6 15259/11/6
f 15259/11/6 15255/11/6 15260/11/6
f 15256/11/6 15257/11/6 15263/11/6
f 15260/11/6 15261/11/6 15264/11/6
f 15259/11/6 15260/11/6 15264/11/6
f 15264/11/6 15261/11/6 15265/11/6
f 15265/11/6 15261/11/6 15266/11/6
f 15262/11/6 15263/11/6 15269/11/6
f 15266/11/6 15267/11/6 15270/11/6
f 15265/11/6 15266/11/6 15270/11/6
f 15270/11/6 15267/11/6 15271/11/6
f 15271/11/6 15267/11/6 15272/11/6
f 15268/11/6 15269/11/6 15275/11/6
f 15269/11/6 15263/11/6 15276/11/6
f 15275/11/6 15269/11/6 15276/11/6
f 15197/11/6 15185/11/6 15277/11/6
f 15276/11/6 15263/11/6 15277/11/6
f 15217/11/6 15197/11/6 15277/11/6
f 15233/11/6 15217/11/6 15277/11/6
f 15257/11/6 15241/11/6 15277/11/6
f 15241/11/6 15233/11/6 15277/11/6
f 15263/11/6 15257/11/6 15277/11/6
f 15185/11/6 15163/11/6 15278/11/6
f 15277/11/6 15185/11/6 15278/11/6
f 15272/11/6 15273/11/6 15279/11/6
f 15271/11/6 15272/11/6 15279/11/6
f 15279/11/6 15273/11/6 15280/11/6
f 15280/11/6 15273/11/6 15281/11/6
f 15274/11/6 15275/11/6 15284/11/6
f 15275/10/6 15276/10/6 15285/10/6
f 15284/11/6 15275/11/6 15285/11/6
f 15276/11/6 15277/11/6 15286/11/6
f 15285/10/6 15276/10/6 15286/10/6
f 15277/6/6 15278/6/6 15287/6/6
f 15286/11/6 15277/11/6 15287/11/6
f 15278/11/6 15163/11/6 15288/11/6
f 15287/6/6 15278/6/6 15288/6/6
f 15281/11/6 15282/11/6 15289/11/6
f 15280/11/6 15281/11/6 15289/11/6
f 15289/11/6 15282/11/6 15290/11/6
f 15290/11/6 15282/11/6 15291/11/6
f 15291/11/6 15282/11/6 15292/11/6
f 15292/11/6 15282/11/6 15293/11/6
f 15293/11/6 15282/11/6 15294/11/6
f 15294/11/6 15282/11/6 15295/11/6
f 15295/11/6 15282/11/6 15296/11/6
f 15296/11/6 15282/11/6 15297/11/6
f 15297/11/6 15282/11/6 15298/11/6
f 15290/11/6 15291/11/6 15300/11/6
f 15300/11/6 15291/11/6 15301/11/6
f 15291/5/6 15292/5/6 15302/5/6
f 15301/11/6 15291/11/6 15302/11/6
f 15292/11/6 15293/11/6 15303/11/6
f 15302/5/6 15292/5/6 15303/5/6
f 15293/10/6 15294/10/6 15304/10/6
f 15303/11/6 15293/11/6 15304/11/6
f 15294/11/6 15295/11/6 15305/11/6
f 15304/10/6 15294/10/6 15305/10/6
f 15295/7/6 15296/7/6 15306/7/6
f 15305/11/6 15295/11/6 15306/11/6
f 15296/10/6 15297/10/6 15307/10/6
f 15306/7/6 15296/7/6 15307/7/6
f 15298/11/6 15299/11/6 15308/11/6
f 15307/10/6 15297/10/6 15308/10/6
f 15297/11/6 15298/11/6 15308/11/6
f 15308/11/6 15299/11/6 15309/11/6
f 15284/11/6 15285/11/6 15312/11/6
f 15283/11/6 15284/11/6 15312/11/6
f 15286/11/6 15287/11/6 15312/11/6
f 15285/11/6 15286/11/6 15312/11/6
f 15287/11/6 15288/11/6 15312/11/6
f 15309/11/6 15310/11/6 15313/11/6
f 15308/11/6 15309/11/6 15313/11/6
f 15307/11/6 15308/11/6 15313/11/6
f 15305/11/6 15306/11/6 15313/11/6
f 15303/11/6 15304/11/6 15313/11/6
f 15302/11/6 15303/11/6 15313/11/6
f 15301/11/6 15302/11/6 15313/11/6
f 15304/11/6 15305/11/6 15313/11/6
f 15306/11/6 15307/11/6 15313/11/6
f 15313/11/6 15310/11/6 15314/11/6
f 15314/11/6 15310/11/6 15315/11/6
f 15315/11/6 15310/11/6 15316/11/6
f 15316/11/6 15310/11/6 15317/11/6
f 15311/11/6 15312/11/6 15320/11/6
f 15314/11/6 15315/11/6 15321/11/6
f 15321/11/6 15315/11/6 15322/11/6
f 15315/7/6 15316/7/6 15323/7/6
f 15322/11/6 15315/11/6 15323/11/6
f 15317/11/6 15318/11/6 15324/11/6
f 15323/7/6 15316/7/6 15324/7/6
f 15316/11/6 15317/11/6 15324/11/6
f 15324/11/6 15318/11/6 15325/11/6
f 15319/11/6 15320/11/6 15328/11/6
f 15322/11/6 15323/11/6 15329/11/6
f 15325/11/6 15326/11/6 15329/11/6
f 15323/11/6 15324/11/6 15329/11/6
f 15324/11/6 15325/11/6 15329/11/6
f 15329/11/6 15326/11/6 15330/11/6
f 15330/11/6 15326/11/6 15331/11/6
f 15327/11/6 15328/11/6 15334/11/6
f 15331/11/6 15332/11/6 15335/11/6
f 15330/11/6 15331/11/6 15335/11/6
f 15335/11/6 15332/11/6 15336/11/6
f 15336/11/6 15332/11/6 15337/11/6
f 15333/11/6 15334/11/6 15340/11/6
f 15312/11/6 15288/11/6 15341/11/6
f 15328/11/6 15320/11/6 15341/11/6
f 15340/11/6 15334/11/6 15341/11/6
f 15320/11/6 15312/11/6 15341/11/6
f 15334/11/6 15328/11/6 15341/11/6
f 15341/11/6 15288/11/6 15342/11/6
f 15337/11/6 15338/11/6 15343/11/6
f 15336/11/6 15337/11/6 15343/11/6
f 15343/11/6 15338/11/6 15344/11/6
f 15344/11/6 15338/11/6 15345/11/6
f 15345/11/6 15338/11/6 15346/11/6
f 15346/11/6 15338/11/6 15347/11/6
f 15347/11/6 15338/11/6 15348/11/6
f 15348/11/6 15338/11/6 15349/11/6
f 15349/11/6 15338/11/6 15350/11/6
f 15339/11/6 15340/11/6 15353/11/6
f 15340/11/6 15341/11/6 15353/11/6
f 15341/10/6 15342/10/6 15354/10/6
f 15353/11/6 15341/11/6 15354/11/6
f 15342/11/6 15288/11/6 15355/11/6
f 15354/10/6 15342/10/6 15355/10/6
f 15344/11/6 15345/11/6 15356/11/6
f 15356/11/6 15345/11/6 15357/11/6
f 15345/10/6 15346/10/6 15358/10/6
f 15357/11/6 15345/11/6 15358/11/6
f 15346/11/6 15347/11/6 15359/11/6
f 15358/10/6 15346/10/6 15359/10/6
f 15347/7/6 15348/7/6 15360/7/6
f 15359/11/6 15347/11/6 15360/11/6
f 15348/11/6 15349/11/6 15361/11/6
f 15360/7/6 15348/7/6 15361/7/6
f 15349/7/6 15350/7/6 15362/7/6
f 15361/11/6 15349/11/6 15362/11/6
f 15350/11/6 15351/11/6 15363/11/6
f 15362/7/6 15350/7/6 15363/7/6
f 15363/11/6 15351/11/6 15364/11/6
f 15353/11/6 15354/11/6 15367/11/6
f 15352/11/6 15353/11/6 15367/11/6
f 15354/11/6 15355/11/6 15367/11/6
f 15364/11/6 15365/11/6 15368/11/6
f 15361/11/6 15362/11/6 15368/11/6
f 15363/11/6 15364/11/6 15368/11/6
f 15360/11/6 15361/11/6 15368/11/6
f 15362/11/6 15363/11/6 15368/11/6
f 15359/11/6 15360/11/6 15368/11/6
f 15358/11/6 15359/11/6 15368/11/6
f 15357/11/6 15358/11/6 15368/11/6
f 15368/11/6 15365/11/6 15369/11/6
f 15369/11/6 15365/11/6 15370/11/6
f 15366/11/6 15367/11/6 15373/11/6
f 15370/11/6 15371/11/6 15374/11/6
f 15369/11/6 15370/11/6 15374/11/6
f 15374/11/6 15371/11/6 15375/11/6
f 15375/11/6 15371/11/6 15376/11/6
f 15372/11/6 15373/11/6 15379/11/6
f 15149/11/6 15141/11/6 15380/11/6
f 15163/11/6 15149/11/6 15380/11/6
f 15379/11/6 15373/11/6 15380/11/6
f 15367/11/6 15355/11/6 15380/11/6
f 15288/11/6 15163/11/6 15380/11/6
f 15355/11/6 15288/11/6 15380/11/6
f 15373/11/6 15367/11/6 15380/11/6
f 15141/11/6 15125/11/6 15381/11/6
f 15380/11/6 15141/11/6 15381/11/6
f 15376/11/6 15377/11/6 15382/11/6
f 15375/11/6 15376/11/6 15382/11/6
f 15382/11/6 15377/11/6 15383/11/6
f 15383/11/6 15377/11/6 15384/11/6
f 15379/11/6 15380/11/6 15389/11/6
f 15378/11/6 15379/11/6 15389/11/6
f 15380/8/6 15381/8/6 15390/8/6
f 15389/11/6 15380/11/6 15390/11/6
f 15381/11/6 15125/11/6 15391/11/6
f 15390/8/6 15381/8/6 15391/8/6
f 15383/11/6 15384/11/6 15392/11/6
f 15384/11/6 15385/11/6 15392/11/6
f 15392/11/6 15385/11/6 15393/11/6
f 15393/11/6 15385/11/6 15394/11/6
f 15386/11/6 15387/11/6 15399/11/6
f 15387/10/6 15388/10/6 15400/10/6
f 15399/11/6 15387/11/6 15400/11/6
f 15389/11/6 15390/11/6 15401/11/6
f 15400/10/6 15388/10/6 15401/10/6
f 15388/11/6 15389/11/6 15401/11/6
f 15390/11/6 15391/11/6 15401/11/6
f 15393/11/6 15394/11/6 15402/11/6
f 15394/11/6 15395/11/6 15402/11/6
f 15402/11/6 15395/11/6 15403/11/6
f 15403/11/6 15395/11/6 15404/11/6
f 15404/11/6 15395/11/6 15405/11/6
f 15405/11/6 15395/11/6 15406/11/6
f 15396/11/6 15397/11/6 15407/11/6
f 15397/7/6 15398/7/6 15408/7/6
f 15407/11/6 15397/11/6 15408/11/6
f 15398/11/6 15399/11/6 15409/11/6
f 15408/7/6 15398/7/6 15409/7/6
f 15399/11/6 15400/11/6 15409/11/6
f 15400/11/6 15401/11/6 15409/11/6
f 15403/11/6 15404/11/6 15410/11/6
f 15410/11/6 15404/11/6 15411/11/6
f 15404/7/6 15405/7/6 15412/7/6
f 15411/11/6 15404/11/6 15412/11/6
f 15407/11/6 15408/11/6 15413/11/6
f 15412/7/6 15405/7/6 15413/7/6
f 15406/11/6 15407/11/6 15413/11/6
f 15405/11/6 15406/11/6 15413/11/6
f 15408/11/6 15409/11/6 15413/11/6
f 15413/11/6 15409/11/6 15414/11/6
f 15414/11/6 15409/11/6 15415/11/6
f 15411/11/6 15412/11/6 15416/11/6
f 15412/11/6 15413/11/6 15416/11/6
f 15413/11/6 15414/11/6 15416/11/6
f 15416/11/6 15414/11/6 15417/11/6
f 15414/7/6 15415/7/6 15418/7/6
f 15417/11/6 15414/11/6 15418/11/6
f 15415/11/6 15409/11/6 15419/11/6
f 15418/7/6 15415/7/6 15419/7/6
f 15409/11/6 15401/11/6 15420/11/6
f 15419/11/6 15409/11/6 15420/11/6
f 15420/11/6 15401/11/6 15421/11/6
f 15417/11/6 15418/11/6 15422/11/6
f 15418/11/6 15419/11/6 15422/11/6
f 15419/11/6 15420/11/6 15422/11/6
f 15422/11/6 15420/11/6 15423/11/6
f 15420/7/6 15421/7/6 15424/7/6
f 15423/11/6 15420/11/6 15424/11/6
f 15421/11/6 15401/11/6 15425/11/6
f 15424/7/6 15421/7/6 15425/7/6
f 15423/11/6 15424/11/6 15426/11/6
f 15424/11/6 15425/11/6 15426/11/6
f 15426/11/6 15425/11/6 15427/11/6
f 15427/11/6 15425/11/6 15428/11/6
f 15428/11/6 15425/11/6 15429/11/6
f 15425/11/6 15401/11/6 15430/11/6
f 15429/11/6 15425/11/6 15430/11/6
f 15401/11/6 15391/11/6 15430/11/6
f 15430/11/6 15391/11/6 15431/11/6
f 15429/11/6 15430/11/6 15432/11/6
f 15432/11/6 15430/11/6 15433/11/6
f 15430/7/6 15431/7/6 15434/7/6
f 15433/11/6 15430/11/6 15434/11/6
f 15431/11/6 15391/11/6 15435/11/6
f 15434/7/6 15431/7/6 15435/7/6
f 15433/11/6 15434/11/6 15436/11/6
f 15434/11/6 15435/11/6 15436/11/6
f 15436/11/6 15435/11/6 15437/11/6
f 15437/11/6 15435/11/6 15438/11/6
f 15438/11/6 15435/11/6 15439/11/6
f 15439/11/6 15435/11/6 15440/11/6
f 15440/11/6 15435/11/6 15441/11/6
f 15435/11/6 15391/11/6 15442/11/6
f 15441/11/6 15435/11/6 15442/11/6
f 15442/11/6 15391/11/6 15443/11/6
f 15439/11/6 15440/11/6 15444/11/6
f 15444/11/6 15440/11/6 15445/11/6
f 15440/10/6 15441/10/6 15446/10/6
f 15445/11/6 15440/11/6 15446/11/6
f 15441/11/6 15442/11/6 15447/11/6
f 15446/10/6 15441/10/6 15447/10/6
f 15447/11/6 15442/11/6 15448/11/6
f 15448/11/6 15442/11/6 15449/11/6
f 15442/8/6 15443/8/6 15450/8/6
f 15449/11/6 15442/11/6 15450/11/6
f 15443/11/6 15391/11/6 15451/11/6
f 15450/8/6 15443/8/6 15451/8/6
f 15445/11/6 15446/11/6 15452/11/6
f 15446/11/6 15447/11/6 15452/11/6
f 15447/11/6 15448/11/6 15452/11/6
f 15452/11/6 15448/11/6 15453/11/6
f 15448/6/6 15449/6/6 15454/6/6
f 15453/11/6 15448/11/6 15454/11/6
f 15449/11/6 15450/11/6 15455/11/6
f 15454/6/6 15449/6/6 15455/6/6
f 15450/11/6 15451/11/6 15455/11/6
f 15453/11/6 15454/11/6 15456/11/6
f 15454/11/6 15455/11/6 15456/11/6
f 15456/11/6 15455/11/6 15457/11/6
f 15457/11/6 15455/11/6 15458/11/6
f 15458/11/6 15455/11/6 15459/11/6
f 15459/11/6 15455/11/6 15460/11/6
f 15460/11/6 15455/11/6 15461/11/6
f 15455/11/6 15451/11/6 15462/11/6
f 15461/11/6 15455/11/6 15462/11/6
f 15462/11/6 15451/11/6 15463/11/6
f 15457/11/6 15458/11/6 15464/11/6
f 15458/9/6 15459/9/6 15465/9/6
f 15464/11/6 15458/11/6 15465/11/6
f 15459/11/6 15460/11/6 15466/11/6
f 15465/9/6 15459/9/6 15466/9/6
f 15460/9/6 15461/9/6 15467/9/6
f 15466/11/6 15460/11/6 15467/11/6
f 15461/11/6 15462/11/6 15468/11/6
f 15467/9/6 15461/9/6 15468/9/6
f 15462/9/6 15463/9/6 15469/9/6
f 15468/11/6 15462/11/6 15469/11/6
f 15463/11/6 15451/11/6 15470/11/6
f 15469/9/6 15463/9/6 15470/9/6
f 15465/11/6 15466/11/6 15471/11/6
f 15468/11/6 15469/11/6 15471/11/6
f 15469/11/6 15470/11/6 15471/11/6
f 15466/11/6 15467/11/6 15471/11/6
f 15467/11/6 15468/11/6 15471/11/6
f 15471/11/6 15470/11/6 15472/11/6
f 15472/11/6 15470/11/6 15473/11/6
f 15473/11/6 15470/11/6 15474/11/6
f 15474/11/6 15470/11/6 15475/11/6
f 15475/11/6 15470/11/6 15476/11/6
f 15474/11/6 15475/11/6 15477/11/6
f 15477/11/6 15475/11/6 15478/11/6
f 15478/11/6 15475/11/6 15479/11/6
f 15479/11/6 15475/11/6 15480/11/6
f 15475/10/6 15476/10/6 15481/10/6
f 15480/11/6 15475/11/6 15481/11/6
f 15476/11/6 15470/11/6 15482/11/6
f 15481/10/6 15476/10/6 15482/10/6
f 15478/11/6 15479/11/6 15483/11/6
f 15483/11/6 15479/11/6 15484/11/6
f 15479/8/6 15480/8/6 15485/8/6
f 15484/11/6 15479/11/6 15485/11/6
f 15480/11/6 15481/11/6 15486/11/6
f 15485/8/6 15480/8/6 15486/8/6
f 15481/11/6 15482/11/6 15486/11/6
f 15486/11/6 15482/11/6 15487/11/6
f 15487/11/6 15482/11/6 15488/11/6
f 15484/11/6 15485/11/6 15489/11/6
f 15485/11/6 15486/11/6 15489/11/6
f 15486/11/6 15487/11/6 15489/11/6
f 15489/11/6 15487/11/6 15490/11/6
f 15487/7/6 15488/7/6 15491/7/6
f 15490/11/6 15487/11/6 15491/11/6
f 15488/11/6 15482/11/6 15492/11/6
f 15491/7/6 15488/7/6 15492/7/6
f 15482/11/6 15470/11/6 15493/11/6
f 15492/11/6 15482/11/6 15493/11/6
f 15493/11/6 15470/11/6 15494/11/6
f 15490/11/6 15491/11/6 15495/11/6
f 15491/11/6 15492/11/6 15495/11/6
f 15492/11/6 15493/11/6 15495/11/6
f 15495/11/6 15493/11/6 15496/11/6
f 15493/10/6 15494/10/6 15497/10/6
f 15496/11/6 15493/11/6 15497/11/6
f 15494/11/6 15470/11/6 15498/11/6
f 15497/10/6 15494/10/6 15498/10/6
f 15496/11/6 15497/11/6 15499/11/6
f 15497/11/6 15498/11/6 15499/11/6
f 15499/11/6 15498/11/6 15500/11/6
f 15500/11/6 15498/11/6 15501/11/6
f 15501/11/6 15498/11/6 15502/11/6
f 15451/11/6 15391/11/6 15503/11/6
f 15502/11/6 15498/11/6 15503/11/6
f 15470/11/6 15451/11/6 15503/11/6
f 15498/11/6 15470/11/6 15503/11/6
f 15503/11/6 15391/11/6 15504/11/6
f 15502/11/6 15503/11/6 15505/11/6
f 15505/11/6 15503/11/6 15506/11/6
f 15506/11/6 15503/11/6 15507/11/6
f 15507/11/6 15503/11/6 15508/11/6
f 15503/6/6 15504/6/6 15509/6/6
f 15508/11/6 15503/11/6 15509/11/6
f 15504/11/6 15391/11/6 15510/11/6
f 15509/6/6 15504/6/6 15510/6/6
f 15506/11/6 15507/11/6 15511/11/6
f 15511/11/6 15507/11/6 15512/11/6
f 15512/11/6 15507/11/6 15513/11/6
f 15513/11/6 15507/11/6 15514/11/6
f 15507/10/6 15508/10/6 15515/10/6
f 15514/11/6 15507/11/6 15515/11/6
f 15508/11/6 15509/11/6 15516/11/6
f 15515/10/6 15508/10/6 15516/10/6
f 15509/11/6 15510/11/6 15516/11/6
f 15512/11/6 15513/11/6 15517/11/6
f 15517/11/6 15513/11/6 15518/11/6
f 15513/8/6 15514/8/6 15519/8/6
f 15518/11/6 15513/11/6 15519/11/6
f 15514/11/6 15515/11/6 15520/11/6
f 15519/8/6 15514/8/6 15520/8/6
f 15515/11/6 15516/11/6 15520/11/6
f 15518/11/6 15519/11/6 15521/11/6
f 15519/11/6 15520/11/6 15521/11/6
f 15521/11/6 15520/11/6 15522/11/6
f 15522/11/6 15520/11/6 15523/11/6
f 15523/11/6 15520/11/6 15524/11/6
f 15522/11/6 15523/11/6 15525/11/6
f 15525/11/6 15523/11/6 15526/11/6
f 15523/6/6 15524/6/6 15527/6/6
f 15526/11/6 15523/11/6 15527/11/6
f 15524/11/6 15520/11/6 15528/11/6
f 15527/6/6 15524/6/6 15528/6/6
f 15526/11/6 15527/11/6 15529/11/6
f 15527/11/6 15528/11/6 15529/11/6
f 15529/11/6 15528/11/6 15530/11/6
f 15530/11/6 15528/11/6 15531/11/6
f 15531/11/6 15528/11/6 15532/11/6
f 15532/11/6 15528/11/6 15533/11/6
f 15528/11/6 15520/11/6 15534/11/6
f 15533/11/6 15528/11/6 15534/11/6
f 15534/11/6 15520/11/6 15535/11/6
f 15535/11/6 15520/11/6 15536/11/6
f 15536/11/6 15520/11/6 15537/11/6
f 15537/11/6 15520/11/6 15538/11/6
f 15538/11/6 15520/11/6 15539/11/6
f 15539/11/6 15520/11/6 15540/11/6
f 15540/11/6 15520/11/6 15541/11/6
f 15520/11/6 15516/11/6 15542/11/6
f 15541/11/6 15520/11/6 15542/11/6
f 15542/11/6 15516/11/6 15543/11/6
f 15543/11/6 15516/11/6 15544/11/6
f 15516/11/6 15510/11/6 15545/11/6
f 15544/11/6 15516/11/6 15545/11/6
f 15545/11/6 15510/11/6 15546/11/6
f 15544/11/6 15545/11/6 15547/11/6
f 15547/11/6 15545/11/6 15548/11/6
f 15545/6/6 15546/6/6 15549/6/6
f 15548/11/6 15545/11/6 15549/11/6
f 15546/11/6 15510/11/6 15550/11/6
f 15549/6/6 15546/6/6 15550/6/6
f 15548/11/6 15549/11/6 15551/11/6
f 15549/11/6 15550/11/6 15551/11/6
f 15551/11/6 15550/11/6 15552/11/6
f 15552/11/6 15550/11/6 15553/11/6
f 15553/11/6 15550/11/6 15554/11/6
f 15552/11/6 15553/11/6 15555/11/6
f 15553/6/6 15554/6/6 15556/6/6
f 15555/11/6 15553/11/6 15556/11/6
f 15554/11/6 15550/11/6 15557/11/6
f 15556/6/6 15554/6/6 15557/6/6
f 15556/11/6 15557/11/6 15558/11/6
f 15557/11/6 15550/11/6 15559/11/6
f 15558/11/6 15557/11/6 15559/11/6
f 15559/11/6 15550/11/6 15560/11/6
f 15510/11/6 15391/11/6 15561/11/6
f 15560/11/6 15550/11/6 15561/11/6
f 15550/11/6 15510/11/6 15561/11/6
f 15561/11/6 15391/11/6 15562/11/6
f 15079/11/6 15039/11/6 15563/11/6
f 15562/11/6 15391/11/6 15563/11/6
f 15106/11/6 15079/11/6 15563/11/6
f 15125/11/6 15106/11/6 15563/11/6
f 15391/11/6 15125/11/6 15563/11/6
f 15566/11/6 15567/11/6 15568/11/6
f 15568/11/6 15567/11/6 15569/11/6
f 15564/11/6 15565/11/6 15570/11/6
f 15570/11/6 15565/11/6 15571/11/6
f 15569/11/6 15567/11/6 15572/11/6
f 15572/11/6 15567/11/6 15573/11/6
f 15564/11/6 15570/11/6 15574/11/6
f 15574/11/6 15570/11/6 15575/11/6
f 15573/11/6 15567/11/6 15576/11/6
f 15576/11/6 15567/11/6 15577/11/6
f 15577/11/6 15567/11/6 15578/11/6
f 15578/11/6 15567/11/6 15579/11/6
f 15564/11/6 15574/11/6 15581/11/6
f 15581/11/6 15574/11/6 15582/11/6
f 15582/11/6 15574/11/6 15583/11/6
f 15577/11/6 15578/11/6 15584/11/6
f 15578/5/6 15579/5/6 15584/5/6
f 15579/11/6 15567/11/6 15585/11/6
f 15584/5/6 15579/5/6 15585/5/6
f 15580/11/6 15581/11/6 15586/11/6
f 15581/11/6 15582/11/6 15586/11/6
f 15586/11/6 15582/11/6 15587/11/6
f 15582/10/6 15583/10/6 15588/10/6
f 15587/11/6 15582/11/6 15588/11/6
f 15583/11/6 15574/11/6 15589/11/6
f 15588/10/6 15583/10/6 15589/10/6
f 15589/11/6 15574/11/6 15590/11/6
f 15590/11/6 15574/11/6 15591/11/6
f 15577/11/6 15584/11/6 15592/11/6
f 15584/11/6 15585/11/6 15592/11/6
f 15592/11/6 15585/11/6 15593/11/6
f 15586/6/6 15587/6/6 15594/6/6
f 15580/11/6 15586/11/6 15594/11/6
f 15587/11/6 15588/11/6 15595/11/6
f 15594/6/6 15587/6/6 15595/6/6
f 15589/11/6 15590/11/6 15595/11/6
f 15588/11/6 15589/11/6 15595/11/6
f 15595/11/6 15590/11/6 15596/11/6
f 15596/11/6 15590/11/6 15597/11/6
f 15593/11/6 15585/11/6 15598/11/6
f 15598/11/6 15585/11/6 15599/11/6
f 15599/11/6 15585/11/6 15600/11/6
f 15600/11/6 15585/11/6 15601/11/6
f 15585/11/6 15567/11/6 15602/11/6
f 15601/11/6 15585/11/6 15602/11/6
f 15602/11/6 15567/11/6 15603/11/6
f 15603/11/6 15567/11/6 15604/11/6
f 15604/11/6 15567/11/6 15605/11/6
f 15580/11/6 15594/11/6 15607/11/6
f 15594/11/6 15595/11/6 15607/11/6
f 15595/11/6 15596/11/6 15607/11/6
f 15602/6/6 15603/6/6 15608/6/6
f 15601/11/6 15602/11/6 15608/11/6
f 15603/11/6 15604/11/6 15609/11/6
f 15608/6/6 15603/6/6 15609/6/6
f 15604/6/6 15605/6/6 15610/6/6
f 15609/11/6 15604/11/6 15610/11/6
f 15605/11/6 15567/11/6 15611/11/6
f 15610/6/6 15605/6/6 15611/6/6
f 15606/11/6 15607/11/6 15612/11/6
f 15607/11/6 15596/11/6 15612/11/6
f 15612/11/6 15596/11/6 15613/11/6
f 15608/11/6 15609/11/6 15614/11/6
f 15609/11/6 15610/11/6 15614/11/6
f 15601/11/6 15608/11/6 15614/11/6
f 15610/11/6 15611/11/6 15614/11/6
f 15614/11/6 15611/11/6 15615/11/6
f 15611/11/6 15567/11/6 15616/11/6
f 15615/11/6 15611/11/6 15616/11/6
f 15616/11/6 15567/11/6 15617/11/6
f 15606/11/6 15612/11/6 15618/11/6
f 15618/11/6 15612/11/6 15619/11/6
f 15616/5/6 15617/5/6 15620/5/6
f 15615/11/6 15616/11/6 15620/11/6
f 15617/11/6 15567/11/6 15621/11/6
f 15620/5/6 15617/5/6 15621/5/6
f 15606/11/6 15618/11/6 15622/11/6
f 15622/11/6 15618/11/6 15623/11/6
f 15623/11/6 15618/11/6 15624/11/6
f 15624/11/6 15618/11/6 15625/11/6
f 15618/8/6 15619/8/6 15626/8/6
f 15625/11/6 15618/11/6 15626/11/6
f 15619/11/6 15612/11/6 15627/11/6
f 15626/8/6 15619/8/6 15627/8/6
f 15615/11/6 15620/11/6 15628/11/6
f 15620/11/6 15621/11/6 15628/11/6
f 15628/11/6 15621/11/6 15629/11/6
f 15629/11/6 15621/11/6 15630/11/6
f 15630/11/6 15621/11/6 15631/11/6
f 15606/11/6 15622/11/6 15632/11/6
f 15622/6/6 15623/6/6 15632/6/6
f 15623/11/6 15624/11/6 15633/11/6
f 15632/6/6 15623/6/6 15633/6/6
f 15624/10/6 15625/10/6 15634/10/6
f 15633/11/6 15624/11/6 15634/11/6
f 15625/11/6 15626/11/6 15635/11/6
f 15634/10/6 15625/10/6 15635/10/6
f 15626/11/6 15627/11/6 15635/11/6
f 15635/11/6 15627/11/6 15636/11/6
f 15636/11/6 15627/11/6 15637/11/6
f 15629/11/6 15630/11/6 15638/11/6
f 15630/5/6 15631/5/6 15638/5/6
f 15631/11/6 15621/11/6 15639/11/6
f 15638/5/6 15631/5/6 15639/5/6
f 15633/11/6 15634/11/6 15640/11/6
f 15632/11/6 15633/11/6 15640/11/6
f 15606/11/6 15632/11/6 15640/11/6
f 15635/11/6 15636/11/6 15640/11/6
f 15634/11/6 15635/11/6 15640/11/6
f 15640/11/6 15636/11/6 15641/11/6
f 15636/6/6 15637/6/6 15642/6/6
f 15641/11/6 15636/11/6 15642/11/6
f 15637/11/6 15627/11/6 15643/11/6
f 15642/6/6 15637/6/6 15643/6/6
f 15638/11/6 15639/11/6 15644/11/6
f 15629/11/6 15638/11/6 15644/11/6
f 15644/11/6 15639/11/6 15645/11/6
f 15639/11/6 15621/11/6 15646/11/6
f 15645/11/6 15639/11/6 15646/11/6
f 15621/11/6 15567/11/6 15646/11/6
f 15646/11/6 15567/11/6 15647/11/6
f 15606/11/6 15640/11/6 15648/11/6
f 15648/11/6 15640/11/6 15649/11/6
f 15640/6/6 15641/6/6 15650/6/6
f 15649/11/6 15640/11/6 15650/11/6
f 15641/11/6 15642/11/6 15651/11/6
f 15650/6/6 15641/6/6 15651/6/6
f 15642/11/6 15643/11/6 15651/11/6
f 15645/11/6 15646/11/6 15652/11/6
f 15652/11/6 15646/11/6 15653/11/6
f 15646/5/6 15647/5/6 15654/5/6
f 15653/11/6 15646/11/6 15654/11/6
f 15647/11/6 15567/11/6 15655/11/6
f 15654/5/6 15647/5/6 15655/5/6
f 15649/11/6 15650/11/6 15656/11/6
f 15650/11/6 15651/11/6 15656/11/6
f 15656/11/6 15651/11/6 15657/11/6
f 15645/11/6 15652/11/6 15658/11/6
f 15658/11/6 15652/11/6 15659/11/6
f 15652/8/6 15653/8/6 15660/8/6
f 15659/11/6 15652/11/6 15660/11/6
f 15653/11/6 15654/11/6 15661/11/6
f 15660/8/6 15653/8/6 15661/8/6
f 15654/11/6 15655/11/6 15661/11/6
f 15656/6/6 15657/6/6 15662/6/6
f 15657/11/6 15651/11/6 15663/11/6
f 15662/6/6 15657/6/6 15663/6/6
f 15662/11/6 15663/11/6 15664/11/6
f 15663/11/6 15651/11/6 15665/11/6
f 15664/11/6 15663/11/6 15665/11/6
f 15651/11/6 15643/11/6 15666/11/6
f 15665/11/6 15651/11/6 15666/11/6
f 15666/11/6 15643/11/6 15667/11/6
f 15659/11/6 15660/11/6 15668/11/6
f 15660/11/6 15661/11/6 15668/11/6
f 15668/11/6 15661/11/6 15669/11/6
f 15666/8/6 15667/8/6 15670/8/6
f 15665/11/6 15666/11/6 15670/11/6
f 15667/11/6 15643/11/6 15671/11/6
f 15670/8/6 15667/8/6 15671/8/6
f 15627/11/6 15612/11/6 15672/11/6
f 15671/11/6 15643/11/6 15672/11/6
f 15643/11/6 15627/11/6 15672/11/6
f 15672/11/6 15612/11/6 15673/11/6
f 15670/11/6 15671/11/6 15674/11/6
f 15665/11/6 15670/11/6 15674/11/6
f 15671/11/6 15672/11/6 15674/11/6
f 15674/11/6 15672/11/6 15675/11/6
f 15672/7/6 15673/7/6 15676/7/6
f 15675/11/6 15672/11/6 15676/11/6
f 15673/11/6 15612/11/6 15677/11/6
f 15676/7/6 15673/7/6 15677/7/6
f 15677/11/6 15612/11/6 15678/11/6
f 15675/11/6 15676/11/6 15680/11/6
f 15678/11/6 15679/11/6 15680/11/6
f 15677/11/6 15678/11/6 15680/11/6
f 15676/11/6 15677/11/6 15680/11/6
f 15680/11/6 15679/11/6 15681/11/6
f 15681/11/6 15679/11/6 15682/11/6
f 15682/11/6 15679/11/6 15683/11/6
f 15683/11/6 15679/11/6 15684/11/6
f 15684/11/6 15679/11/6 15685/11/6
f 15685/11/6 15679/11/6 15686/11/6
f 15669/11/6 15661/11/6 15688/11/6
f 15688/11/6 15661/11/6 15689/11/6
f 15689/11/6 15661/11/6 15690/11/6
f 15661/11/6 15655/11/6 15691/11/6
f 15690/11/6 15661/11/6 15691/11/6
f 15683/11/6 15684/11/6 15692/11/6
f 15692/11/6 15684/11/6 15693/11/6
f 15684/8/6 15685/8/6 15694/8/6
f 15693/11/6 15684/11/6 15694/11/6
f 15686/11/6 15687/11/6 15695/11/6
f 15694/8/6 15685/8/6 15695/8/6
f 15685/11/6 15686/11/6 15695/11/6
f 15689/11/6 15690/11/6 15696/11/6
f 15690/5/6 15691/5/6 15696/5/6
f 15691/11/6 15655/11/6 15697/11/6
f 15696/5/6 15691/5/6 15697/5/6
f 15693/11/6 15694/11/6 15698/11/6
f 15694/11/6 15695/11/6 15698/11/6
f 15698/11/6 15695/11/6 15699/11/6
f 15695/11/6 15687/11/6 15700/11/6
f 15699/11/6 15695/11/6 15700/11/6
f 15697/11/6 15655/11/6 15702/11/6
f 15696/11/6 15697/11/6 15702/11/6
f 15702/11/6 15655/11/6 15703/11/6
f 15703/11/6 15655/11/6 15704/11/6
f 15704/11/6 15655/11/6 15705/11/6
f 15700/11/6 15701/11/6 15706/11/6
f 15699/11/6 15700/11/6 15706/11/6
f 15706/11/6 15701/11/6 15707/11/6
f 15707/11/6 15701/11/6 15708/11/6
f 15696/11/6 15702/11/6 15710/11/6
f 15702/10/6 15703/10/6 15710/10/6
f 15703/11/6 15704/11/6 15711/11/6
f 15710/10/6 15703/10/6 15711/10/6
f 15704/5/6 15705/5/6 15712/5/6
f 15711/11/6 15704/11/6 15712/11/6
f 15705/11/6 15655/11/6 15713/11/6
f 15712/5/6 15705/5/6 15713/5/6
f 15708/11/6 15709/11/6 15714/11/6
f 15707/11/6 15708/11/6 15714/11/6
f 15714/11/6 15709/11/6 15715/11/6
f 15715/11/6 15709/11/6 15716/11/6
f 15716/11/6 15709/11/6 15717/11/6
f 15717/11/6 15709/11/6 15718/11/6
f 15715/11/6 15716/11/6 15720/11/6
f 15720/11/6 15716/11/6 15721/11/6
f 15716/8/6 15717/8/6 15722/8/6
f 15721/11/6 15716/11/6 15722/11/6
f 15718/11/6 15719/11/6 15723/11/6
f 15722/8/6 15717/8/6 15723/8/6
f 15717/11/6 15718/11/6 15723/11/6
f 15723/11/6 15719/11/6 15724/11/6
f 15721/11/6 15722/11/6 15726/11/6
f 15724/11/6 15725/11/6 15726/11/6
f 15723/11/6 15724/11/6 15726/11/6
f 15722/11/6 15723/11/6 15726/11/6
f 15726/11/6 15725/11/6 15727/11/6
f 15727/11/6 15725/11/6 15728/11/6
f 15711/11/6 15712/11/6 15730/11/6
f 15710/11/6 15711/11/6 15730/11/6
f 15713/11/6 15655/11/6 15730/11/6
f 15712/11/6 15713/11/6 15730/11/6
f 15730/11/6 15655/11/6 15731/11/6
f 15728/11/6 15729/11/6 15732/11/6
f 15727/11/6 15728/11/6 15732/11/6
f 15732/11/6 15729/11/6 15733/11/6
f 15733/11/6 15729/11/6 15734/11/6
f 15730/6/6 15731/6/6 15736/6/6
f 15710/11/6 15730/11/6 15736/11/6
f 15731/11/6 15655/11/6 15737/11/6
f 15736/6/6 15731/6/6 15737/6/6
f 15734/11/6 15735/11/6 15738/11/6
f 15733/11/6 15734/11/6 15738/11/6
f 15738/11/6 15735/11/6 15739/11/6
f 15739/11/6 15735/11/6 15740/11/6
f 15740/11/6 15735/11/6 15741/11/6
f 15741/11/6 15735/11/6 15742/11/6
f 15742/11/6 15735/11/6 15743/11/6
f 15743/11/6 15735/11/6 15744/11/6
f 15741/11/6 15742/11/6 15746/11/6
f 15746/11/6 15742/11/6 15747/11/6
f 15742/10/6 15743/10/6 15748/10/6
f 15747/11/6 15742/11/6 15748/11/6
f 15744/11/6 15745/11/6 15749/11/6
f 15748/10/6 15743/10/6 15749/10/6
f 15743/11/6 15744/11/6 15749/11/6
f 15749/11/6 15745/11/6 15750/11/6
f 15710/11/6 15736/11/6 15753/11/6
f 15689/11/6 15696/11/6 15753/11/6
f 15696/11/6 15710/11/6 15753/11/6
f 15736/11/6 15737/11/6 15753/11/6
f 15750/11/6 15751/11/6 15754/11/6
f 15749/11/6 15750/11/6 15754/11/6
f 15748/11/6 15749/11/6 15754/11/6
f 15747/11/6 15748/11/6 15754/11/6
f 15754/11/6 15751/11/6 15755/11/6
f 15755/11/6 15751/11/6 15756/11/6
f 15756/11/6 15751/11/6 15757/11/6
f 15757/11/6 15751/11/6 15758/11/6
f 15755/11/6 15756/11/6 15760/11/6
f 15760/11/6 15756/11/6 15761/11/6
f 15756/6/6 15757/6/6 15762/6/6
f 15761/11/6 15756/11/6 15762/11/6
f 15758/11/6 15759/11/6 15763/11/6
f 15762/6/6 15757/6/6 15763/6/6
f 15757/11/6 15758/11/6 15763/11/6
f 15763/11/6 15759/11/6 15764/11/6
f 15761/11/6 15762/11/6 15766/11/6
f 15766/11/6 15762/11/6 15767/11/6
f 15762/9/6 15763/9/6 15768/9/6
f 15767/11/6 15762/11/6 15768/11/6
f 15764/11/6 15765/11/6 15769/11/6
f 15768/9/6 15763/9/6 15769/9/6
f 15763/11/6 15764/11/6 15769/11/6
f 15769/11/6 15765/11/6 15770/11/6
f 15767/11/6 15768/11/6 15772/11/6
f 15770/11/6 15771/11/6 15772/11/6
f 15769/11/6 15770/11/6 15772/11/6
f 15768/11/6 15769/11/6 15772/11/6
f 15772/11/6 15771/11/6 15773/11/6
f 15773/11/6 15771/11/6 15774/11/6
f 15774/11/6 15771/11/6 15775/11/6
f 15775/11/6 15771/11/6 15776/11/6
f 15773/11/6 15774/11/6 15778/11/6
f 15778/11/6 15774/11/6 15779/11/6
f 15774/7/6 15775/7/6 15780/7/6
f 15779/11/6 15774/11/6 15780/11/6
f 15776/11/6 15777/11/6 15781/11/6
f 15780/7/6 15775/7/6 15781/7/6
f 15775/11/6 15776/11/6 15781/11/6
f 15781/11/6 15777/11/6 15782/11/6
f 15752/11/6 15753/11/6 15785/11/6
f 15782/11/6 15783/11/6 15786/11/6
f 15779/11/6 15780/11/6 15786/11/6
f 15780/11/6 15781/11/6 15786/11/6
f 15781/11/6 15782/11/6 15786/11/6
f 15786/11/6 15783/11/6 15787/11/6
f 15787/11/6 15783/11/6 15788/11/6
f 15788/11/6 15783/11/6 15789/11/6
f 15789/11/6 15783/11/6 15790/11/6
f 15784/11/6 15785/11/6 15793/11/6
f 15787/11/6 15788/11/6 15794/11/6
f 15794/11/6 15788/11/6 15795/11/6
f 15788/10/6 15789/10/6 15796/10/6
f 15795/11/6 15788/11/6 15796/11/6
f 15790/11/6 15791/11/6 15797/11/6
f 15796/10/6 15789/10/6 15797/10/6
f 15789/11/6 15790/11/6 15797/11/6
f 15797/11/6 15791/11/6 15798/11/6
f 15798/11/6 15791/11/6 15799/11/6
f 15799/11/6 15791/11/6 15800/11/6
f 15753/11/6 15737/11/6 15802/11/6
f 15785/11/6 15753/11/6 15802/11/6
f 15792/11/6 15793/11/6 15802/11/6
f 15793/11/6 15785/11/6 15802/11/6
f 15802/11/6 15737/11/6 15803/11/6
f 15795/11/6 15796/11/6 15804/11/6
f 15797/11/6 15798/11/6 15804/11/6
f 15796/11/6 15797/11/6 15804/11/6
f 15804/11/6 15798/11/6 15805/11/6
f 15798/6/6 15799/6/6 15806/6/6
f 15805/11/6 15798/11/6 15806/11/6
f 15800/11/6 15801/11/6 15807/11/6
f 15806/6/6 15799/6/6 15807/6/6
f 15799/11/6 15800/11/6 15807/11/6
f 15807/11/6 15801/11/6 15808/11/6
f 15792/11/6 15802/11/6 15811/11/6
f 15805/11/6 15806/11/6 15812/11/6
f 15808/11/6 15809/11/6 15812/11/6
f 15806/11/6 15807/11/6 15812/11/6
f 15807/11/6 15808/11/6 15812/11/6
f 15812/11/6 15809/11/6 15813/11/6
f 15813/11/6 15809/11/6 15814/11/6
f 15810/11/6 15811/11/6 15817/11/6
f 15811/11/6 15802/11/6 15818/11/6
f 15802/5/6 15803/5/6 15818/5/6
f 15817/11/6 15811/11/6 15818/11/6
f 15803/11/6 15737/11/6 15819/11/6
f 15818/5/6 15803/5/6 15819/5/6
f 15814/11/6 15815/11/6 15820/11/6
f 15813/11/6 15814/11/6 15820/11/6
f 15820/11/6 15815/11/6 15821/11/6
f 15821/11/6 15815/11/6 15822/11/6
f 15822/11/6 15823/11/6 15824/11/6
f 15821/11/6 15822/11/6 15824/11/6
f 15824/11/6 15823/11/6 15825/11/6
f 15825/11/6 15823/11/6 15826/11/6
f 15817/11/6 15818/11/6 15829/11/6
f 15816/11/6 15817/11/6 15829/11/6
f 15818/11/6 15819/11/6 15829/11/6
f 15829/11/6 15819/11/6 15830/11/6
f 15830/11/6 15819/11/6 15831/11/6
f 15819/11/6 15737/11/6 15832/11/6
f 15831/11/6 15819/11/6 15832/11/6
f 15832/11/6 15737/11/6 15833/11/6
f 15826/11/6 15827/11/6 15834/11/6
f 15825/11/6 15826/11/6 15834/11/6
f 15834/11/6 15827/11/6 15835/11/6
f 15835/11/6 15827/11/6 15836/11/6
f 15836/11/6 15827/11/6 15837/11/6
f 15828/11/6 15829/11/6 15840/11/6
f 15829/11/6 15830/11/6 15840/11/6
f 15830/8/6 15831/8/6 15841/8/6
f 15840/11/6 15830/11/6 15841/11/6
f 15831/11/6 15832/11/6 15842/11/6
f 15841/8/6 15831/8/6 15842/8/6
f 15832/8/6 15833/8/6 15843/8/6
f 15842/11/6 15832/11/6 15843/11/6
f 15833/11/6 15737/11/6 15844/11/6
f 15843/8/6 15833/8/6 15844/8/6
f 15835/6/6 15836/6/6 15845/6/6
f 15837/11/6 15838/11/6 15846/11/6
f 15845/6/6 15836/6/6 15846/6/6
f 15836/11/6 15837/11/6 15846/11/6
f 15846/11/6 15838/11/6 15847/11/6
f 15847/11/6 15838/11/6 15848/11/6
f 15842/11/6 15843/11/6 15851/11/6
f 15839/11/6 15840/11/6 15851/11/6
f 15841/11/6 15842/11/6 15851/11/6
f 15840/11/6 15841/11/6 15851/11/6
f 15843/11/6 15844/11/6 15851/11/6
f 15848/11/6 15849/11/6 15852/11/6
f 15847/11/6 15848/11/6 15852/11/6
f 15852/11/6 15849/11/6 15853/11/6
f 15853/11/6 15849/11/6 15854/11/6
f 15850/11/6 15851/11/6 15858/11/6
f 15655/11/6 15567/11/6 15859/11/6
f 15737/11/6 15655/11/6 15859/11/6
f 15858/11/6 15851/11/6 15859/11/6
f 15851/11/6 15844/11/6 15859/11/6
f 15844/11/6 15737/11/6 15859/11/6
f 15859/11/6 15567/11/6 15860/11/6
f 15854/11/6 15855/11/6 15861/11/6
f 15853/11/6 15854/11/6 15861/11/6
f 15861/11/6 15855/11/6 15862/11/6
f 15862/11/6 15855/11/6 15863/11/6
f 15856/8/6 15857/8/6 15866/8/6
f 15857/11/6 15858/11/6 15867/11/6
f 15858/11/6 15859/11/6 15867/11/6
f 15866/8/6 15857/8/6 15867/8/6
f 15863/11/6 15864/11/6 15868/11/6
f 15862/11/6 15863/11/6 15868/11/6
f 15868/11/6 15864/11/6 15869/11/6
f 15869/11/6 15864/11/6 15870/11/6
f 15865/11/6 15866/11/6 15873/11/6
f 15866/11/6 15867/11/6 15873/11/6
f 15867/11/6 15859/11/6 15874/11/6
f 15873/11/6 15867/11/6 15874/11/6
f 15874/11/6 15859/11/6 15875/11/6
f 15875/11/6 15859/11/6 15876/11/6
f 15876/11/6 15859/11/6 15877/11/6
f 15870/11/6 15871/11/6 15878/11/6
f 15869/11/6 15870/11/6 15878/11/6
f 15878/11/6 15871/11/6 15879/11/6
f 15879/11/6 15871/11/6 15880/11/6
f 15880/11/6 15871/11/6 15881/11/6
f 15881/11/6 15871/11/6 15882/11/6
f 15872/11/6 15873/11/6 15885/11/6
f 15873/11/6 15874/11/6 15885/11/6
f 15874/5/6 15875/5/6 15886/5/6
f 15885/11/6 15874/11/6 15886/11/6
f 15875/11/6 15876/11/6 15887/11/6
f 15886/5/6 15875/5/6 15887/5/6
f 15876/9/6 15877/9/6 15888/9/6
f 15887/11/6 15876/11/6 15888/11/6
f 15877/11/6 15859/11/6 15889/11/6
f 15888/9/6 15877/9/6 15889/9/6
f 15879/11/6 15880/11/6 15890/11/6
f 15890/11/6 15880/11/6 15891/11/6
f 15880/10/6 15881/10/6 15892/10/6
f 15891/11/6 15880/11/6 15892/11/6
f 15882/11/6 15883/11/6 15893/11/6
f 15892/10/6 15881/10/6 15893/10/6
f 15881/11/6 15882/11/6 15893/11/6
f 15893/11/6 15883/11/6 15894/11/6
f 15887/11/6 15888/11/6 15897/11/6
f 15886/11/6 15887/11/6 15897/11/6
f 15885/11/6 15886/11/6 15897/11/6
f 15884/11/6 15885/11/6 15897/11/6
f 15888/11/6 15889/11/6 15897/11/6
f 15889/11/6 15859/11/6 15898/11/6
f 15897/11/6 15889/11/6 15898/11/6
f 15898/11/6 15859/11/6 15899/11/6
f 15894/11/6 15895/11/6 15900/11/6
f 15891/11/6 15892/11/6 15900/11/6
f 15893/11/6 15894/11/6 15900/11/6
f 15892/11/6 15893/11/6 15900/11/6
f 15900/11/6 15895/11/6 15901/11/6
f 15901/11/6 15895/11/6 15902/11/6
f 15897/11/6 15898/11/6 15905/11/6
f 15896/11/6 15897/11/6 15905/11/6
f 15905/11/6 15898/11/6 15906/11/6
f 15906/11/6 15898/11/6 15907/11/6
f 15902/11/6 15903/11/6 15908/11/6
f 15901/11/6 15902/11/6 15908/11/6
f 15908/11/6 15903/11/6 15909/11/6
f 15909/11/6 15903/11/6 15910/11/6
f 15910/11/6 15903/11/6 15911/11/6
f 15911/11/6 15903/11/6 15912/11/6
f 15905/11/6 15906/11/6 15915/11/6
f 15904/11/6 15905/11/6 15915/11/6
f 15906/10/6 15907/10/6 15916/10/6
f 15915/11/6 15906/11/6 15916/11/6
f 15907/11/6 15898/11/6 15917/11/6
f 15916/10/6 15907/10/6 15917/10/6
f 15917/11/6 15898/11/6 15918/11/6
f 15918/11/6 15898/11/6 15919/11/6
f 15909/11/6 15910/11/6 15920/11/6
f 15920/11/6 15910/11/6 15921/11/6
f 15910/8/6 15911/8/6 15922/8/6
f 15921/11/6 15910/11/6 15922/11/6
f 15912/11/6 15913/11/6 15923/11/6
f 15922/8/6 15911/8/6 15923/8/6
f 15911/11/6 15912/11/6 15923/11/6
f 15923/11/6 15913/11/6 15924/11/6
f 15915/11/6 15916/11/6 15926/11/6
f 15914/11/6 15915/11/6 15926/11/6
f 15918/6/6 15919/6/6 15926/6/6
f 15916/11/6 15917/11/6 15926/11/6
f 15917/11/6 15918/11/6 15926/11/6
f 15919/11/6 15898/11/6 15927/11/6
f 15926/6/6 15919/6/6 15927/6/6
f 15924/11/6 15925/11/6 15928/11/6
f 15923/11/6 15924/11/6 15928/11/6
f 15921/11/6 15922/11/6 15928/11/6
f 15922/11/6 15923/11/6 15928/11/6
f 15928/11/6 15925/11/6 15929/11/6
f 15929/11/6 15925/11/6 15930/11/6
f 15926/11/6 15927/11/6 15933/11/6
f 15914/11/6 15926/11/6 15933/11/6
f 15933/11/6 15927/11/6 15934/11/6
f 15934/11/6 15927/11/6 15935/11/6
f 15927/11/6 15898/11/6 15936/11/6
f 15935/11/6 15927/11/6 15936/11/6
f 15936/11/6 15898/11/6 15937/11/6
f 15930/11/6 15931/11/6 15938/11/6
f 15929/11/6 15930/11/6 15938/11/6
f 15938/11/6 15931/11/6 15939/11/6
f 15939/11/6 15931/11/6 15940/11/6
f 15933/11/6 15934/11/6 15943/11/6
f 15932/11/6 15933/11/6 15943/11/6
f 15943/11/6 15934/11/6 15944/11/6
f 15944/11/6 15934/11/6 15945/11/6
f 15934/10/6 15935/10/6 15946/10/6
f 15945/11/6 15934/11/6 15946/11/6
f 15935/11/6 15936/11/6 15947/11/6
f 15946/10/6 15935/10/6 15947/10/6
f 15940/11/6 15941/11/6 15948/11/6
f 15939/11/6 15940/11/6 15948/11/6
f 15948/11/6 15941/11/6 15949/11/6
f 15949/11/6 15941/11/6 15950/11/6
f 15943/11/6 15944/11/6 15953/11/6
f 15942/11/6 15943/11/6 15953/11/6
f 15944/8/6 15945/8/6 15954/8/6
f 15953/11/6 15944/11/6 15954/11/6
f 15945/11/6 15946/11/6 15955/11/6
f 15954/8/6 15945/8/6 15955/8/6
f 15946/11/6 15947/11/6 15955/11/6
f 15950/11/6 15951/11/6 15956/11/6
f 15949/11/6 15950/11/6 15956/11/6
f 15956/11/6 15951/11/6 15957/11/6
f 15957/11/6 15951/11/6 15958/11/6
f 15952/11/6 15953/11/6 15961/11/6
f 15953/11/6 15954/11/6 15961/11/6
f 15954/11/6 15955/11/6 15961/11/6
f 15947/11/6 15936/11/6 15962/11/6
f 15955/11/6 15947/11/6 15962/11/6
f 15961/11/6 15955/11/6 15962/11/6
f 15962/11/6 15936/11/6 15963/11/6
f 15958/11/6 15959/11/6 15964/11/6
f 15957/11/6 15958/11/6 15964/11/6
f 15964/11/6 15959/11/6 15965/11/6
f 15965/11/6 15959/11/6 15966/11/6
f 15966/11/6 15959/11/6 15967/11/6
f 15967/11/6 15959/11/6 15968/11/6
f 15968/11/6 15959/11/6 15969/11/6
f 15969/11/6 15959/11/6 15970/11/6
f 15960/11/6 15961/11/6 15973/11/6
f 15961/11/6 15962/11/6 15973/11/6
f 15973/11/6 15962/11/6 15974/11/6
f 15974/11/6 15962/11/6 15975/11/6
f 15962/6/6 15963/6/6 15976/6/6
f 15975/11/6 15962/11/6 15976/11/6
f 15963/11/6 15936/11/6 15977/11/6
f 15976/6/6 15963/6/6 15977/6/6
f 15977/11/6 15936/11/6 15978/11/6
f 15978/11/6 15936/11/6 15979/11/6
f 15965/11/6 15966/11/6 15980/11/6
f 15966/7/6 15967/7/6 15981/7/6
f 15980/11/6 15966/11/6 15981/11/6
f 15967/11/6 15968/11/6 15982/11/6
f 15981/7/6 15967/7/6 15982/7/6
f 15968/10/6 15969/10/6 15983/10/6
f 15982/11/6 15968/11/6 15983/11/6
f 15970/11/6 15971/11/6 15984/11/6
f 15983/10/6 15969/10/6 15984/10/6
f 15969/11/6 15970/11/6 15984/11/6
f 15984/11/6 15971/11/6 15985/11/6
f 15972/11/6 15973/11/6 15990/11/6
f 15973/11/6 15974/11/6 15990/11/6
f 15974/5/6 15975/5/6 15991/5/6
f 15990/11/6 15974/11/6 15991/11/6
f 15975/11/6 15976/11/6 15992/11/6
f 15991/5/6 15975/5/6 15992/5/6
f 15976/11/6 15977/11/6 15992/11/6
f 15977/11/6 15978/11/6 15992/11/6
f 15992/11/6 15978/11/6 15993/11/6
f 15993/11/6 15978/11/6 15994/11/6
f 15982/11/6 15983/11/6 15995/11/6
f 15985/11/6 15986/11/6 15995/11/6
f 15981/11/6 15982/11/6 15995/11/6
f 15983/11/6 15984/11/6 15995/11/6
f 15984/11/6 15985/11/6 15995/11/6
f 15995/11/6 15986/11/6 15996/11/6
f 15986/9/6 15987/9/6 15997/9/6
f 15996/11/6 15986/11/6 15997/11/6
f 15987/11/6 15988/11/6 15998/11/6
f 15997/9/6 15987/9/6 15998/9/6
f 15998/11/6 15988/11/6 15999/11/6
f 15990/11/6 15991/11/6 16000/11/6
f 15989/11/6 15990/11/6 16000/11/6
f 15992/11/6 15993/11/6 16000/11/6
f 15991/11/6 15992/11/6 16000/11/6
f 16000/11/6 15993/11/6 16001/11/6
f 16001/11/6 15993/11/6 16002/11/6
f 15993/8/6 15994/8/6 16003/8/6
f 16002/11/6 15993/11/6 16003/11/6
f 15994/11/6 15978/11/6 16004/11/6
f 16003/8/6 15994/8/6 16004/8/6
f 15998/11/6 15999/11/6 16005/11/6
f 15997/11/6 15998/11/6 16005/11/6
f 16000/11/6 16001/11/6 16005/11/6
f 15999/11/6 16000/11/6 16005/11/6
f 15996/11/6 15997/11/6 16005/11/6
f 16005/11/6 16001/11/6 16006/11/6
f 16006/11/6 16001/11/6 16007/11/6
f 16007/11/6 16001/11/6 16008/11/6
f 16008/11/6 16001/11/6 16009/11/6
f 16009/11/6 16001/11/6 16010/11/6
f 16001/5/6 16002/5/6 16011/5/6
f 16010/11/6 16001/11/6 16011/11/6
f 16003/11/6 16004/11/6 16012/11/6
f 16011/5/6 16002/5/6 16012/5/6
f 16002/11/6 16003/11/6 16012/11/6
f 16012/11/6 16004/11/6 16013/11/6
f 16013/11/6 16004/11/6 16014/11/6
f 16004/11/6 15978/11/6 16015/11/6
f 16014/11/6 16004/11/6 16015/11/6
f 16015/11/6 15978/11/6 16016/11/6
f 16016/11/6 15978/11/6 16017/11/6
f 16017/11/6 15978/11/6 16018/11/6
f 16018/11/6 15978/11/6 16019/11/6
f 16019/11/6 15978/11/6 16020/11/6
f 16006/11/6 16007/11/6 16021/11/6
f 16021/11/6 16007/11/6 16022/11/6
f 16007/5/6 16008/5/6 16023/5/6
f 16022/11/6 16007/11/6 16023/11/6
f 16008/11/6 16009/11/6 16024/11/6
f 16023/5/6 16008/5/6 16024/5/6
f 16009/5/6 16010/5/6 16025/5/6
f 16024/11/6 16009/11/6 16025/11/6
f 16010/11/6 16011/11/6 16026/11/6
f 16025/5/6 16010/5/6 16026/5/6
f 16011/11/6 16012/11/6 16026/11/6
f 16012/11/6 16013/11/6 16026/11/6
f 16013/7/6 16014/7/6 16027/7/6
f 16026/11/6 16013/11/6 16027/11/6
f 16014/11/6 16015/11/6 16028/11/6
f 16027/7/6 16014/7/6 16028/7/6
f 16028/11/6 16015/11/6 16029/11/6
f 16029/11/6 16015/11/6 16030/11/6
f 16015/6/6 16016/6/6 16031/6/6
f 16030/11/6 16015/11/6 16031/11/6
f 16016/11/6 16017/11/6 16032/11/6
f 16031/6/6 16016/6/6 16032/6/6
f 16017/10/6 16018/10/6 16033/10/6
f 16032/11/6 16017/11/6 16033/11/6
f 16018/11/6 16019/11/6 16034/11/6
f 16033/10/6 16018/10/6 16034/10/6
f 16034/11/6 16019/11/6 16035/11/6
f 16035/11/6 16019/11/6 16036/11/6
f 16025/11/6 16026/11/6 16037/11/6
f 16024/11/6 16025/11/6 16037/11/6
f 16022/11/6 16023/11/6 16037/11/6
f 16023/11/6 16024/11/6 16037/11/6
f 16028/11/6 16029/11/6 16037/11/6
f 16027/11/6 16028/11/6 16037/11/6
f 16026/11/6 16027/11/6 16037/11/6
f 16037/11/6 16029/11/6 16038/11/6
f 16038/11/6 16029/11/6 16039/11/6
f 16039/11/6 16029/11/6 16040/11/6
f 16029/10/6 16030/10/6 16041/10/6
f 16040/11/6 16029/11/6 16041/11/6
f 16034/11/6 16035/11/6 16042/11/6
f 16041/10/6 16030/10/6 16042/10/6
f 16033/11/6 16034/11/6 16042/11/6
f 16030/11/6 16031/11/6 16042/11/6
f 16032/11/6 16033/11/6 16042/11/6
f 16031/11/6 16032/11/6 16042/11/6
f 16038/11/6 16039/11/6 16043/11/6
f 16039/5/6 16040/5/6 16043/5/6
f 16040/11/6 16041/11/6 16044/11/6
f 16043/5/6 16040/5/6 16044/5/6
f 16041/11/6 16042/11/6 16044/11/6
f 16042/11/6 16035/11/6 16045/11/6
f 16044/11/6 16042/11/6 16045/11/6
f 16045/11/6 16035/11/6 16046/11/6
f 16038/11/6 16043/11/6 16047/11/6
f 16043/11/6 16044/11/6 16047/11/6
f 16044/11/6 16045/11/6 16047/11/6
f 16047/11/6 16045/11/6 16048/11/6
f 16048/11/6 16045/11/6 16049/11/6
f 16049/11/6 16045/11/6 16050/11/6
f 16048/11/6 16049/11/6 16051/11/6
f 16051/11/6 16049/11/6 16052/11/6
f 16049/5/6 16050/5/6 16053/5/6
f 16052/11/6 16049/11/6 16053/11/6
f 16050/11/6 16045/11/6 16054/11/6
f 16053/5/6 16050/5/6 16054/5/6
f 16054/11/6 16045/11/6 16055/11/6
f 16055/11/6 16045/11/6 16056/11/6
f 16052/11/6 16053/11/6 16057/11/6
f 16054/11/6 16055/11/6 16057/11/6
f 16053/11/6 16054/11/6 16057/11/6
f 16057/11/6 16055/11/6 16058/11/6
f 16058/11/6 16055/11/6 16059/11/6
f 16059/11/6 16055/11/6 16060/11/6
f 16060/11/6 16055/11/6 16061/11/6
f 16061/11/6 16055/11/6 16062/11/6
f 16062/11/6 16055/11/6 16063/11/6
f 16063/11/6 16055/11/6 16064/11/6
f 16060/11/6 16061/11/6 16065/11/6
f 16065/11/6 16061/11/6 16066/11/6
f 16061/7/6 16062/7/6 16067/7/6
f 16066/11/6 16061/11/6 16067/11/6
f 16062/11/6 16063/11/6 16068/11/6
f 16067/7/6 16062/7/6 16068/7/6
f 16068/11/6 16063/11/6 16069/11/6
f 16069/11/6 16063/11/6 16070/11/6
f 16066/11/6 16067/11/6 16071/11/6
f 16067/11/6 16068/11/6 16071/11/6
f 16068/11/6 16069/11/6 16071/11/6
f 16071/11/6 16069/11/6 16072/11/6
f 16072/11/6 16069/11/6 16073/11/6
f 16073/11/6 16069/11/6 16074/11/6
f 16074/11/6 16069/11/6 16075/11/6
f 16075/11/6 16069/11/6 16076/11/6
f 16076/11/6 16069/11/6 16077/11/6
f 16077/11/6 16069/11/6 16078/11/6
f 16069/10/6 16070/10/6 16079/10/6
f 16078/11/6 16069/11/6 16079/11/6
f 16070/11/6 16063/11/6 16080/11/6
f 16079/10/6 16070/10/6 16080/10/6
f 16080/11/6 16063/11/6 16081/11/6
f 16081/11/6 16063/11/6 16082/11/6
f 16082/11/6 16063/11/6 16083/11/6
f 16083/11/6 16063/11/6 16084/11/6
f 16072/11/6 16073/11/6 16085/11/6
f 16085/11/6 16073/11/6 16086/11/6
f 16073/8/6 16074/8/6 16087/8/6
f 16086/11/6 16073/11/6 16087/11/6
f 16074/11/6 16075/11/6 16088/11/6
f 16087/8/6 16074/8/6 16088/8/6
f 16075/7/6 16076/7/6 16089/7/6
f 16088/11/6 16075/11/6 16089/11/6
f 16076/11/6 16077/11/6 16090/11/6
f 16089/7/6 16076/7/6 16090/7/6
f 16077/7/6 16078/7/6 16091/7/6
f 16090/11/6 16077/11/6 16091/11/6
f 16078/11/6 16079/11/6 16092/11/6
f 16091/7/6 16078/7/6 16092/7/6
f 16079/11/6 16080/11/6 16092/11/6
f 16080/11/6 16081/11/6 16092/11/6
f 16081/8/6 16082/8/6 16093/8/6
f 16092/11/6 16081/11/6 16093/11/6
f 16082/11/6 16083/11/6 16094/11/6
f 16093/8/6 16082/8/6 16094/8/6
f 16090/11/6 16091/11/6 16095/11/6
f 16089/11/6 16090/11/6 16095/11/6
f 16093/11/6 16094/11/6 16095/11/6
f 16091/11/6 16092/11/6 16095/11/6
f 16092/11/6 16093/11/6 16095/11/6
f 16088/11/6 16089/11/6 16095/11/6
f 16087/11/6 16088/11/6 16095/11/6
f 16086/11/6 16087/11/6 16095/11/6
f 16095/11/6 16094/11/6 16096/11/6
f 16096/11/6 16094/11/6 16097/11/6
f 16097/11/6 16094/11/6 16098/11/6
f 16094/11/6 16083/11/6 16099/11/6
f 16098/11/6 16094/11/6 16099/11/6
f 16099/11/6 16083/11/6 16100/11/6
f 16096/11/6 16097/11/6 16101/11/6
f 16101/11/6 16097/11/6 16102/11/6
f 16102/11/6 16097/11/6 16103/11/6
f 16103/11/6 16097/11/6 16104/11/6
f 16097/9/6 16098/9/6 16105/9/6
f 16104/11/6 16097/11/6 16105/11/6
f 16098/11/6 16099/11/6 16106/11/6
f 16105/9/6 16098/9/6 16106/9/6
f 16106/11/6 16099/11/6 16107/11/6
f 16107/11/6 16099/11/6 16108/11/6
f 16108/11/6 16099/11/6 16109/11/6
f 16109/11/6 16099/11/6 16110/11/6
f 16102/11/6 16103/11/6 16111/11/6
f 16111/11/6 16103/11/6 16112/11/6
f 16112/11/6 16103/11/6 16113/11/6
f 16113/11/6 16103/11/6 16114/11/6
f 16103/7/6 16104/7/6 16115/7/6
f 16114/11/6 16103/11/6 16115/11/6
f 16104/11/6 16105/11/6 16116/11/6
f 16115/7/6 16104/7/6 16116/7/6
f 16105/11/6 16106/11/6 16116/11/6
f 16106/11/6 16107/11/6 16116/11/6
f 16116/11/6 16107/11/6 16117/11/6
f 16117/11/6 16107/11/6 16118/11/6
f 16107/5/6 16108/5/6 16119/5/6
f 16118/11/6 16107/11/6 16119/11/6
f 16108/11/6 16109/11/6 16120/11/6
f 16119/5/6 16108/5/6 16120/5/6
f 16112/11/6 16113/11/6 16121/11/6
f 16121/11/6 16113/11/6 16122/11/6
f 16113/5/6 16114/5/6 16123/5/6
f 16122/11/6 16113/11/6 16123/11/6
f 16114/11/6 16115/11/6 16124/11/6
f 16123/5/6 16114/5/6 16124/5/6
f 16115/11/6 16116/11/6 16124/11/6
f 16116/11/6 16117/11/6 16124/11/6
f 16117/8/6 16118/8/6 16125/8/6
f 16124/11/6 16117/11/6 16125/11/6
f 16118/11/6 16119/11/6 16126/11/6
f 16125/8/6 16118/8/6 16126/8/6
f 16119/11/6 16120/11/6 16126/11/6
f 16120/11/6 16109/11/6 16127/11/6
f 16126/11/6 16120/11/6 16127/11/6
f 16127/11/6 16109/11/6 16128/11/6
f 16122/11/6 16123/11/6 16129/11/6
f 16126/11/6 16127/11/6 16129/11/6
f 16124/11/6 16125/11/6 16129/11/6
f 16123/11/6 16124/11/6 16129/11/6
f 16125/11/6 16126/11/6 16129/11/6
f 16129/11/6 16127/11/6 16130/11/6
f 16130/11/6 16127/11/6 16131/11/6
f 16131/11/6 16127/11/6 16132/11/6
f 16130/11/6 16131/11/6 16133/11/6
f 16133/11/6 16131/11/6 16134/11/6
f 16134/11/6 16131/11/6 16135/11/6
f 16135/11/6 16131/11/6 16136/11/6
f 16136/11/6 16131/11/6 16137/11/6
f 16137/11/6 16131/11/6 16138/11/6
f 16134/11/6 16135/11/6 16139/11/6
f 16139/11/6 16135/11/6 16140/11/6
f 16135/10/6 16136/10/6 16141/10/6
f 16140/11/6 16135/11/6 16141/11/6
f 16136/11/6 16137/11/6 16142/11/6
f 16141/10/6 16136/10/6 16142/10/6
f 16142/11/6 16137/11/6 16143/11/6
f 16143/11/6 16137/11/6 16144/11/6
f 16144/11/6 16137/11/6 16145/11/6
f 16145/11/6 16137/11/6 16146/11/6
f 16140/11/6 16141/11/6 16147/11/6
f 16141/11/6 16142/11/6 16147/11/6
f 16142/11/6 16143/11/6 16147/11/6
f 16147/11/6 16143/11/6 16148/11/6
f 16148/11/6 16143/11/6 16149/11/6
f 16149/11/6 16143/11/6 16150/11/6
f 16150/11/6 16143/11/6 16151/11/6
f 16143/9/6 16144/9/6 16152/9/6
f 16151/11/6 16143/11/6 16152/11/6
f 16144/11/6 16145/11/6 16153/11/6
f 16152/9/6 16144/9/6 16153/9/6
f 16153/11/6 16145/11/6 16154/11/6
f 16154/11/6 16145/11/6 16155/11/6
f 16148/11/6 16149/11/6 16156/11/6
f 16156/11/6 16149/11/6 16157/11/6
f 16149/8/6 16150/8/6 16158/8/6
f 16157/11/6 16149/11/6 16158/11/6
f 16150/6/6 16151/6/6 16159/6/6
f 16158/8/6 16150/8/6 16159/8/6
f 16151/11/6 16152/11/6 16160/11/6
f 16159/6/6 16151/6/6 16160/6/6
f 16153/11/6 16154/11/6 16160/11/6
f 16152/11/6 16153/11/6 16160/11/6
f 16158/11/6 16159/11/6 16161/11/6
f 16157/11/6 16158/11/6 16161/11/6
f 16159/11/6 16160/11/6 16161/11/6
f 16161/11/6 16160/11/6 16162/11/6
f 16160/11/6 16154/11/6 16163/11/6
f 16162/11/6 16160/11/6 16163/11/6
f 16163/11/6 16154/11/6 16164/11/6
f 16162/11/6 16163/11/6 16165/11/6
f 16165/11/6 16163/11/6 16166/11/6
f 16166/11/6 16163/11/6 16167/11/6
f 16167/11/6 16163/11/6 16168/11/6
f 16168/11/6 16163/11/6 16169/11/6
f 16169/11/6 16163/11/6 16170/11/6
f 16166/11/6 16167/11/6 16171/11/6
f 16171/11/6 16167/11/6 16172/11/6
f 16167/5/6 16168/5/6 16173/5/6
f 16172/11/6 16167/11/6 16173/11/6
f 16168/11/6 16169/11/6 16174/11/6
f 16173/5/6 16168/5/6 16174/5/6
f 16174/11/6 16169/11/6 16175/11/6
f 16175/11/6 16169/11/6 16176/11/6
f 16176/11/6 16169/11/6 16177/11/6
f 16177/11/6 16169/11/6 16178/11/6
f 16172/11/6 16173/11/6 16179/11/6
f 16173/11/6 16174/11/6 16179/11/6
f 16174/11/6 16175/11/6 16179/11/6
f 16179/11/6 16175/11/6 16180/11/6
f 16180/11/6 16175/11/6 16181/11/6
f 16181/11/6 16175/11/6 16182/11/6
f 16175/7/6 16176/7/6 16183/7/6
f 16182/11/6 16175/11/6 16183/11/6
f 16176/11/6 16177/11/6 16184/11/6
f 16183/7/6 16176/7/6 16184/7/6
f 16184/11/6 16177/11/6 16185/11/6
f 16185/11/6 16177/11/6 16186/11/6
f 16186/11/6 16177/11/6 16187/11/6
f 16187/11/6 16177/11/6 16188/11/6
f 16180/11/6 16181/11/6 16189/11/6
f 16189/11/6 16181/11/6 16190/11/6
f 16181/7/6 16182/7/6 16191/7/6
f 16190/11/6 16181/11/6 16191/11/6
f 16182/11/6 16183/11/6 16192/11/6
f 16191/7/6 16182/7/6 16192/7/6
f 16183/11/6 16184/11/6 16192/11/6
f 16184/11/6 16185/11/6 16192/11/6
f 16185/9/6 16186/9/6 16193/9/6
f 16192/11/6 16185/11/6 16193/11/6
f 16186/11/6 16187/11/6 16194/11/6
f 16193/9/6 16186/9/6 16194/9/6
f 16194/11/6 16187/11/6 16195/11/6
f 16195/11/6 16187/11/6 16196/11/6
f 16190/11/6 16191/11/6 16197/11/6
f 16194/11/6 16195/11/6 16197/11/6
f 16193/11/6 16194/11/6 16197/11/6
f 16191/11/6 16192/11/6 16197/11/6
f 16192/11/6 16193/11/6 16197/11/6
f 16197/11/6 16195/11/6 16198/11/6
f 16198/11/6 16195/11/6 16199/11/6
f 16199/11/6 16195/11/6 16200/11/6
f 16198/11/6 16199/11/6 16201/11/6
f 16201/11/6 16199/11/6 16202/11/6
f 16202/11/6 16199/11/6 16203/11/6
f 16203/11/6 16199/11/6 16204/11/6
f 16202/11/6 16203/11/6 16205/11/6
f 16205/11/6 16203/11/6 16206/11/6
f 16206/11/6 16203/11/6 16207/11/6
f 16207/11/6 16203/11/6 16208/11/6
f 16206/11/6 16207/11/6 16209/11/6
f 16209/11/6 16207/11/6 16210/11/6
f 16210/11/6 16207/11/6 16211/11/6
f 16211/11/6 16207/11/6 16212/11/6
f 16210/11/6 16211/11/6 16213/11/6
f 16213/11/6 16211/11/6 16214/11/6
f 16214/11/6 16211/11/6 16215/11/6
f 16215/11/6 16211/11/6 16216/11/6
f 16216/11/6 16211/11/6 16217/11/6
f 16217/11/6 16211/11/6 16218/11/6
f 16214/11/6 16215/11/6 16219/11/6
f 16219/11/6 16215/11/6 16220/11/6
f 16215/7/6 16216/7/6 16221/7/6
f 16220/11/6 16215/11/6 16221/11/6
f 16216/11/6 16217/11/6 16222/11/6
f 16221/7/6 16216/7/6 16222/7/6
f 16222/11/6 16217/11/6 16223/11/6
f 16223/11/6 16217/11/6 16224/11/6
f 16220/11/6 16221/11/6 16225/11/6
f 16222/11/6 16223/11/6 16225/11/6
f 16221/11/6 16222/11/6 16225/11/6
f 16225/11/6 16223/11/6 16226/11/6
f 16227/11/6 16228/11/6 16229/11/6
f 16227/11/6 16229/11/6 16232/11/6
f 16229/11/6 16230/11/6 16232/11/6
f 16232/11/6 16230/11/6 16233/11/6
f 16231/11/6 16232/11/6 16236/11/6
f 16233/11/6 16234/11/6 16236/11/6
f 16232/11/6 16233/11/6 16236/11/6
f 16236/11/6 16234/11/6 16237/11/6
f 16235/11/6 16236/11/6 16240/11/6
f 16237/11/6 16238/11/6 16240/11/6
f 16236/11/6 16237/11/6 16240/11/6
f 16240/11/6 16238/11/6 16241/11/6
f 16241/11/6 16238/11/6 16242/11/6
f 16242/11/6 16238/11/6 16243/11/6
f 16239/6/6 16240/6/6 16246/6/6
f 16240/11/6 16241/11/6 16247/11/6
f 16246/6/6 16240/6/6 16247/6/6
f 16247/11/6 16241/11/6 16248/11/6
f 16248/11/6 16241/11/6 16249/11/6
f 16241/6/6 16242/6/6 16250/6/6
f 16249/11/6 16241/11/6 16250/11/6
f 16243/11/6 16244/11/6 16251/11/6
f 16250/6/6 16242/6/6 16251/6/6
f 16242/11/6 16243/11/6 16251/11/6
f 16251/11/6 16244/11/6 16252/11/6
f 16245/11/6 16246/11/6 16254/11/6
f 16248/6/6 16249/6/6 16254/6/6
f 16247/11/6 16248/11/6 16254/11/6
f 16246/11/6 16247/11/6 16254/11/6
f 16249/11/6 16250/11/6 16255/11/6
f 16254/6/6 16249/6/6 16255/6/6
f 16252/11/6 16253/11/6 16255/11/6
f 16251/11/6 16252/11/6 16255/11/6
f 16250/11/6 16251/11/6 16255/11/6
f 16255/11/6 16253/11/6 16256/11/6
f 16256/11/6 16253/11/6 16257/11/6
f 16257/11/6 16253/11/6 16258/11/6
f 16254/11/6 16255/11/6 16260/11/6
f 16255/11/6 16256/11/6 16260/11/6
f 16256/6/6 16257/6/6 16260/6/6
f 16258/11/6 16259/11/6 16261/11/6
f 16260/6/6 16257/6/6 16261/6/6
f 16257/11/6 16258/11/6 16261/11/6
f 16245/11/6 16254/11/6 16263/11/6
f 16254/11/6 16260/11/6 16263/11/6
f 16260/11/6 16261/11/6 16263/11/6
f 16261/11/6 16259/11/6 16264/11/6
f 16263/11/6 16261/11/6 16264/11/6
f 16262/11/6 16263/11/6 16266/11/6
f 16264/11/6 16265/11/6 16266/11/6
f 16263/11/6 16264/11/6 16266/11/6
f 16266/11/6 16265/11/6 16267/11/6
f 16267/11/6 16265/11/6 16268/11/6
f 16268/11/6 16265/11/6 16269/11/6
f 16262/11/6 16266/11/6 16270/11/6
f 16266/8/6 16267/8/6 16270/8/6
f 16267/11/6 16268/11/6 16271/11/6
f 16270/8/6 16267/8/6 16271/8/6
f 16268/9/6 16269/9/6 16272/9/6
f 16271/11/6 16268/11/6 16272/11/6
f 16269/11/6 16265/11/6 16273/11/6
f 16272/9/6 16269/9/6 16273/9/6
f 16273/11/6 16265/11/6 16274/11/6
f 16274/11/6 16265/11/6 16275/11/6
f 16275/11/6 16265/11/6 16276/11/6
f 16271/11/6 16272/11/6 16278/11/6
f 16270/11/6 16271/11/6 16278/11/6
f 16272/11/6 16273/11/6 16278/11/6
f 16273/11/6 16274/11/6 16278/11/6
f 16278/11/6 16274/11/6 16279/11/6
f 16274/5/6 16275/5/6 16280/5/6
f 16279/11/6 16274/11/6 16280/11/6
f 16276/11/6 16277/11/6 16281/11/6
f 16280/5/6 16275/5/6 16281/5/6
f 16275/11/6 16276/11/6 16281/11/6
f 16270/11/6 16278/11/6 16282/11/6
f 16278/7/6 16279/7/6 16282/7/6
f 16279/11/6 16280/11/6 16283/11/6
f 16282/7/6 16279/7/6 16283/7/6
f 16280/11/6 16281/11/6 16283/11/6
f 16281/11/6 16277/11/6 16284/11/6
f 16283/11/6 16281/11/6 16284/11/6
f 16282/11/6 16283/11/6 16286/11/6
f 16284/11/6 16285/11/6 16286/11/6
f 16283/11/6 16284/11/6 16286/11/6
f 16286/11/6 16285/11/6 16287/11/6
f 16287/11/6 16285/11/6 16288/11/6
f 16288/11/6 16285/11/6 16289/11/6
f 16289/11/6 16285/11/6 16290/11/6
f 16290/11/6 16285/11/6 16291/11/6
f 16291/11/6 16285/11/6 16292/11/6
f 16292/11/6 16285/11/6 16293/11/6
f 16270/11/6 16282/11/6 16294/11/6
f 16262/11/6 16270/11/6 16294/11/6
f 16282/11/6 16286/11/6 16294/11/6
f 16294/11/6 16286/11/6 16295/11/6
f 16286/8/6 16287/8/6 16296/8/6
f 16295/11/6 16286/11/6 16296/11/6
f 16287/11/6 16288/11/6 16297/11/6
f 16296/8/6 16287/8/6 16297/8/6
f 16288/7/6 16289/7/6 16298/7/6
f 16297/11/6 16288/11/6 16298/11/6
f 16289/11/6 16290/11/6 16299/11/6
f 16298/7/6 16289/7/6 16299/7/6
f 16290/8/6 16291/8/6 16300/8/6
f 16299/11/6 16290/11/6 16300/11/6
f 16291/11/6 16292/11/6 16301/11/6
f 16300/8/6 16291/8/6 16301/8/6
f 16292/10/6 16293/10/6 16302/10/6
f 16301/11/6 16292/11/6 16302/11/6
f 16293/11/6 16285/11/6 16303/11/6
f 16302/10/6 16293/10/6 16303/10/6
f 16303/11/6 16285/11/6 16304/11/6
f 16294/9/6 16295/9/6 16306/9/6
f 16262/11/6 16294/11/6 16306/11/6
f 16301/11/6 16302/11/6 16307/11/6
f 16306/9/6 16295/9/6 16307/9/6
f 16300/11/6 16301/11/6 16307/11/6
f 16302/11/6 16303/11/6 16307/11/6
f 16303/11/6 16304/11/6 16307/11/6
f 16298/11/6 16299/11/6 16307/11/6
f 16297/11/6 16298/11/6 16307/11/6
f 16296/11/6 16297/11/6 16307/11/6
f 16295/11/6 16296/11/6 16307/11/6
f 16304/11/6 16305/11/6 16307/11/6
f 16299/11/6 16300/11/6 16307/11/6
f 16307/11/6 16305/11/6 16308/11/6
f 16308/11/6 16305/11/6 16309/11/6
f 16306/11/6 16307/11/6 16310/11/6
f 16307/11/6 16308/11/6 16310/11/6
f 16308/6/6 16309/6/6 16310/6/6
f 16309/11/6 16305/11/6 16311/11/6
f 16310/6/6 16309/6/6 16311/6/6
f 16311/11/6 16305/11/6 16312/11/6
f 16312/11/6 16305/11/6 16313/11/6
f 16313/11/6 16305/11/6 16314/11/6
f 16310/11/6 16311/11/6 16316/11/6
f 16311/11/6 16312/11/6 16316/11/6
f 16312/5/6 16313/5/6 16316/5/6
f 16314/11/6 16315/11/6 16317/11/6
f 16316/5/6 16313/5/6 16317/5/6
f 16313/11/6 16314/11/6 16317/11/6
f 16262/11/6 16306/11/6 16318/11/6
f 16306/11/6 16310/11/6 16318/11/6
f 16316/11/6 16317/11/6 16318/11/6
f 16310/11/6 16316/11/6 16318/11/6
f 16318/11/6 16317/11/6 16319/11/6
f 16319/11/6 16317/11/6 16320/11/6
f 16320/11/6 16317/11/6 16321/11/6
f 16317/11/6 16315/11/6 16322/11/6
f 16321/11/6 16317/11/6 16322/11/6
f 16322/11/6 16315/11/6 16323/11/6
f 16323/11/6 16315/11/6 16324/11/6
f 16321/11/6 16322/11/6 16326/11/6
f 16326/11/6 16322/11/6 16327/11/6
f 16327/11/6 16322/11/6 16328/11/6
f 16328/11/6 16322/11/6 16329/11/6
f 16322/9/6 16323/9/6 16330/9/6
f 16329/11/6 16322/11/6 16330/11/6
f 16324/11/6 16325/11/6 16331/11/6
f 16330/9/6 16323/9/6 16331/9/6
f 16323/11/6 16324/11/6 16331/11/6
f 16321/11/6 16326/11/6 16332/11/6
f 16332/11/6 16326/11/6 16333/11/6
f 16326/9/6 16327/9/6 16334/9/6
f 16333/11/6 16326/11/6 16334/11/6
f 16327/11/6 16328/11/6 16335/11/6
f 16334/9/6 16327/9/6 16335/9/6
f 16328/8/6 16329/8/6 16336/8/6
f 16335/11/6 16328/11/6 16336/11/6
f 16329/11/6 16330/11/6 16337/11/6
f 16336/8/6 16329/8/6 16337/8/6
f 16330/11/6 16331/11/6 16337/11/6
f 16335/11/6 16336/11/6 16338/11/6
f 16333/11/6 16334/11/6 16338/11/6
f 16336/11/6 16337/11/6 16338/11/6
f 16334/11/6 16335/11/6 16338/11/6
f 16338/11/6 16337/11/6 16339/11/6
f 16339/11/6 16337/11/6 16340/11/6
f 16340/11/6 16337/11/6 16341/11/6
f 16339/11/6 16340/11/6 16342/11/6
f 16342/11/6 16340/11/6 16343/11/6
f 16343/11/6 16340/11/6 16344/11/6
f 16344/11/6 16340/11/6 16345/11/6
f 16340/10/6 16341/10/6 16346/10/6
f 16345/11/6 16340/11/6 16346/11/6
f 16341/11/6 16337/11/6 16347/11/6
f 16346/10/6 16341/10/6 16347/10/6
f 16337/11/6 16331/11/6 16348/11/6
f 16347/11/6 16337/11/6 16348/11/6
f 16331/11/6 16325/11/6 16348/11/6
f 16348/11/6 16325/11/6 16349/11/6
f 16343/11/6 16344/11/6 16350/11/6
f 16350/11/6 16344/11/6 16351/11/6
f 16344/6/6 16345/6/6 16352/6/6
f 16351/11/6 16344/11/6 16352/11/6
f 16346/11/6 16347/11/6 16353/11/6
f 16352/6/6 16345/6/6 16353/6/6
f 16345/11/6 16346/11/6 16353/11/6
f 16347/11/6 16348/11/6 16353/11/6
f 16353/11/6 16348/11/6 16354/11/6
f 16354/11/6 16348/11/6 16355/11/6
f 16348/10/6 16349/10/6 16356/10/6
f 16355/11/6 16348/11/6 16356/11/6
f 16349/11/6 16325/11/6 16357/11/6
f 16356/10/6 16349/10/6 16357/10/6
f 16351/11/6 16352/11/6 16358/11/6
f 16352/11/6 16353/11/6 16358/11/6
f 16353/11/6 16354/11/6 16358/11/6
f 16358/11/6 16354/11/6 16359/11/6
f 16354/8/6 16355/8/6 16360/8/6
f 16359/11/6 16354/11/6 16360/11/6
f 16355/11/6 16356/11/6 16361/11/6
f 16360/8/6 16355/8/6 16361/8/6
f 16356/5/6 16357/5/6 16362/5/6
f 16361/11/6 16356/11/6 16362/11/6
f 16357/11/6 16325/11/6 16363/11/6
f 16362/5/6 16357/5/6 16363/5/6
f 16361/11/6 16362/11/6 16364/11/6
f 16359/11/6 16360/11/6 16364/11/6
f 16362/11/6 16363/11/6 16364/11/6
f 16360/11/6 16361/11/6 16364/11/6
f 16364/11/6 16363/11/6 16365/11/6
f 16365/11/6 16363/11/6 16366/11/6
f 16366/11/6 16363/11/6 16367/11/6
f 16365/11/6 16366/11/6 16368/11/6
f 16368/11/6 16366/11/6 16369/11/6
f 16366/6/6 16367/6/6 16370/6/6
f 16369/11/6 16366/11/6 16370/11/6
f 16367/11/6 16363/11/6 16371/11/6
f 16370/6/6 16367/6/6 16371/6/6
f 16371/11/6 16363/11/6 16372/11/6
f 16372/11/6 16363/11/6 16373/11/6
f 16369/11/6 16370/11/6 16374/11/6
f 16370/11/6 16371/11/6 16374/11/6
f 16371/11/6 16372/11/6 16374/11/6
f 16374/11/6 16372/11/6 16375/11/6
f 16372/5/6 16373/5/6 16376/5/6
f 16375/11/6 16372/11/6 16376/11/6
f 16373/11/6 16363/11/6 16377/11/6
f 16376/5/6 16373/5/6 16377/5/6
f 16363/11/6 16325/11/6 16378/11/6
f 16377/11/6 16363/11/6 16378/11/6
f 16378/11/6 16325/11/6 16379/11/6
f 16376/11/6 16377/11/6 16380/11/6
f 16375/11/6 16376/11/6 16380/11/6
f 16377/11/6 16378/11/6 16380/11/6
f 16380/11/6 16378/11/6 16381/11/6
f 16381/11/6 16378/11/6 16382/11/6
f 16382/11/6 16378/11/6 16383/11/6
f 16381/11/6 16382/11/6 16384/11/6
f 16384/11/6 16382/11/6 16385/11/6
f 16385/11/6 16382/11/6 16386/11/6
f 16386/11/6 16382/11/6 16387/11/6
f 16387/11/6 16382/11/6 16388/11/6
f 16388/11/6 16382/11/6 16389/11/6
f 16389/11/6 16382/11/6 16390/11/6
f 16390/11/6 16382/11/6 16391/11/6
f 16382/10/6 16383/10/6 16392/10/6
f 16391/11/6 16382/11/6 16392/11/6
f 16383/11/6 16378/11/6 16393/11/6
f 16392/10/6 16383/10/6 16393/10/6
f 16385/11/6 16386/11/6 16394/11/6
f 16394/11/6 16386/11/6 16395/11/6
f 16386/5/6 16387/5/6 16396/5/6
f 16395/11/6 16386/11/6 16396/11/6
f 16387/11/6 16388/11/6 16397/11/6
f 16396/5/6 16387/5/6 16397/5/6
f 16397/11/6 16388/11/6 16398/11/6
f 16398/11/6 16388/11/6 16399/11/6
f 16388/10/6 16389/10/6 16400/10/6
f 16399/11/6 16388/11/6 16400/11/6
f 16389/11/6 16390/11/6 16401/11/6
f 16400/10/6 16389/10/6 16401/10/6
f 16401/11/6 16390/11/6 16402/11/6
f 16402/11/6 16390/11/6 16403/11/6
f 16390/10/6 16391/10/6 16404/10/6
f 16403/11/6 16390/11/6 16404/11/6
f 16391/11/6 16392/11/6 16405/11/6
f 16404/10/6 16391/10/6 16405/10/6
f 16392/11/6 16393/11/6 16405/11/6
f 16395/11/6 16396/11/6 16406/11/6
f 16396/11/6 16397/11/6 16406/11/6
f 16397/11/6 16398/11/6 16406/11/6
f 16406/11/6 16398/11/6 16407/11/6
f 16407/11/6 16398/11/6 16408/11/6
f 16408/11/6 16398/11/6 16409/11/6
f 16398/7/6 16399/7/6 16410/7/6
f 16409/11/6 16398/11/6 16410/11/6
f 16401/11/6 16402/11/6 16411/11/6
f 16410/7/6 16399/7/6 16411/7/6
f 16399/11/6 16400/11/6 16411/11/6
f 16400/11/6 16401/11/6 16411/11/6
f 16402/8/6 16403/8/6 16412/8/6
f 16411/11/6 16402/11/6 16412/11/6
f 16403/11/6 16404/11/6 16413/11/6
f 16412/8/6 16403/8/6 16413/8/6
f 16404/11/6 16405/11/6 16413/11/6
f 16393/11/6 16378/11/6 16414/11/6
f 16413/11/6 16405/11/6 16414/11/6
f 16405/11/6 16393/11/6 16414/11/6
f 16414/11/6 16378/11/6 16415/11/6
f 16407/11/6 16408/11/6 16416/11/6
f 16416/11/6 16408/11/6 16417/11/6
f 16408/8/6 16409/8/6 16418/8/6
f 16417/11/6 16408/11/6 16418/11/6
f 16411/11/6 16412/11/6 16419/11/6
f 16418/8/6 16409/8/6 16419/8/6
f 16410/11/6 16411/11/6 16419/11/6
f 16412/11/6 16413/11/6 16419/11/6
f 16413/11/6 16414/11/6 16419/11/6
f 16409/11/6 16410/11/6 16419/11/6
f 16414/7/6 16415/7/6 16420/7/6
f 16419/11/6 16414/11/6 16420/11/6
f 16415/11/6 16378/11/6 16421/11/6
f 16420/7/6 16415/7/6 16421/7/6
f 16421/11/6 16378/11/6 16422/11/6
f 16422/11/6 16378/11/6 16423/11/6
f 16417/11/6 16418/11/6 16424/11/6
f 16418/11/6 16419/11/6 16424/11/6
f 16421/11/6 16422/11/6 16424/11/6
f 16420/11/6 16421/11/6 16424/11/6
f 16419/11/6 16420/11/6 16424/11/6
f 16424/11/6 16422/11/6 16425/11/6
f 16425/11/6 16422/11/6 16426/11/6
f 16426/11/6 16422/11/6 16427/11/6
f 16425/11/6 16426/11/6 16428/11/6
f 16428/11/6 16426/11/6 16429/11/6
f 16429/11/6 16426/11/6 16430/11/6
f 16430/11/6 16426/11/6 16431/11/6
f 16431/11/6 16426/11/6 16432/11/6
f 16432/11/6 16426/11/6 16433/11/6
f 16429/11/6 16430/11/6 16434/11/6
f 16434/11/6 16430/11/6 16435/11/6
f 16430/8/6 16431/8/6 16436/8/6
f 16435/11/6 16430/11/6 16436/11/6
f 16431/11/6 16432/11/6 16437/11/6
f 16436/8/6 16431/8/6 16437/8/6
f 16437/11/6 16432/11/6 16438/11/6
f 16438/11/6 16432/11/6 16439/11/6
f 16432/9/6 16433/9/6 16440/9/6
f 16439/11/6 16432/11/6 16440/11/6
f 16433/11/6 16426/11/6 16441/11/6
f 16440/9/6 16433/9/6 16441/9/6
f 16441/11/6 16426/11/6 16442/11/6
f 16442/11/6 16426/11/6 16443/11/6
f 16435/11/6 16436/11/6 16444/11/6
f 16436/11/6 16437/11/6 16444/11/6
f 16437/11/6 16438/11/6 16444/11/6
f 16444/11/6 16438/11/6 16445/11/6
f 16438/6/6 16439/6/6 16446/6/6
f 16445/11/6 16438/11/6 16446/11/6
f 16439/11/6 16440/11/6 16447/11/6
f 16446/6/6 16439/6/6 16447/6/6
f 16441/11/6 16442/11/6 16447/11/6
f 16440/11/6 16441/11/6 16447/11/6
f 16447/11/6 16442/11/6 16448/11/6
f 16448/11/6 16442/11/6 16449/11/6
f 16445/11/6 16446/11/6 16450/11/6
f 16447/11/6 16448/11/6 16450/11/6
f 16446/11/6 16447/11/6 16450/11/6
f 16450/11/6 16448/11/6 16451/11/6
f 16451/11/6 16448/11/6 16452/11/6
f 16452/11/6 16448/11/6 16453/11/6
f 16453/11/6 16448/11/6 16454/11/6
f 16454/11/6 16448/11/6 16455/11/6
f 16455/11/6 16448/11/6 16456/11/6
f 16456/11/6 16448/11/6 16457/11/6
f 16453/11/6 16454/11/6 16458/11/6
f 16458/11/6 16454/11/6 16459/11/6
f 16454/5/6 16455/5/6 16460/5/6
f 16459/11/6 16454/11/6 16460/11/6
f 16455/11/6 16456/11/6 16461/11/6
f 16460/5/6 16455/5/6 16461/5/6
f 16461/11/6 16456/11/6 16462/11/6
f 16462/11/6 16456/11/6 16463/11/6
f 16463/11/6 16456/11/6 16464/11/6
f 16464/11/6 16456/11/6 16465/11/6
f 16459/11/6 16460/11/6 16466/11/6
f 16460/11/6 16461/11/6 16466/11/6
f 16461/11/6 16462/11/6 16466/11/6
f 16466/11/6 16462/11/6 16467/11/6
f 16467/11/6 16462/11/6 16468/11/6
f 16468/11/6 16462/11/6 16469/11/6
f 16462/7/6 16463/7/6 16470/7/6
f 16469/11/6 16462/11/6 16470/11/6
f 16463/11/6 16464/11/6 16471/11/6
f 16470/7/6 16463/7/6 16471/7/6
f 16471/11/6 16464/11/6 16472/11/6
f 16472/11/6 16464/11/6 16473/11/6
f 16467/11/6 16468/11/6 16474/11/6
f 16474/11/6 16468/11/6 16475/11/6
f 16475/11/6 16468/11/6 16476/11/6
f 16468/5/6 16469/5/6 16477/5/6
f 16476/11/6 16468/11/6 16477/11/6
f 16469/11/6 16470/11/6 16478/11/6
f 16477/5/6 16469/5/6 16478/5/6
f 16471/11/6 16472/11/6 16478/11/6
f 16470/11/6 16471/11/6 16478/11/6
f 16478/11/6 16472/11/6 16479/11/6
f 16479/11/6 16472/11/6 16480/11/6
f 16475/11/6 16476/11/6 16481/11/6
f 16481/11/6 16476/11/6 16482/11/6
f 16476/5/6 16477/5/6 16483/5/6
f 16482/11/6 16476/11/6 16483/11/6
f 16478/11/6 16479/11/6 16484/11/6
f 16483/5/6 16477/5/6 16484/5/6
f 16477/11/6 16478/11/6 16484/11/6
f 16484/11/6 16479/11/6 16485/11/6
f 16485/11/6 16479/11/6 16486/11/6
f 16482/11/6 16483/11/6 16487/11/6
f 16484/11/6 16485/11/6 16487/11/6
f 16483/11/6 16484/11/6 16487/11/6
f 16487/11/6 16485/11/6 16488/11/6
f 16488/11/6 16485/11/6 16489/11/6
f 16489/11/6 16485/11/6 16490/11/6
f 16488/11/6 16489/11/6 16491/11/6
f 16491/11/6 16489/11/6 16492/11/6
f 16492/11/6 16489/11/6 16493/11/6
f 16493/11/6 16489/11/6 16494/11/6
f 16494/11/6 16489/11/6 16495/11/6
f 16495/11/6 16489/11/6 16496/11/6
f 16492/11/6 16493/11/6 16497/11/6
f 16497/11/6 16493/11/6 16498/11/6
f 16498/11/6 16493/11/6 16499/11/6
f 16499/11/6 16493/11/6 16500/11/6
f 16493/7/6 16494/7/6 16501/7/6
f 16500/11/6 16493/11/6 16501/11/6
f 16494/11/6 16495/11/6 16502/11/6
f 16501/7/6 16494/7/6 16502/7/6
f 16502/11/6 16495/11/6 16503/11/6
f 16503/11/6 16495/11/6 16504/11/6
f 16498/11/6 16499/11/6 16505/11/6
f 16505/11/6 16499/11/6 16506/11/6
f 16506/11/6 16499/11/6 16507/11/6
f 16507/11/6 16499/11/6 16508/11/6
f 16499/9/6 16500/9/6 16509/9/6
f 16508/11/6 16499/11/6 16509/11/6
f 16500/11/6 16501/11/6 16510/11/6
f 16509/9/6 16500/9/6 16510/9/6
f 16502/11/6 16503/11/6 16510/11/6
f 16501/11/6 16502/11/6 16510/11/6
f 16510/11/6 16503/11/6 16511/11/6
f 16511/11/6 16503/11/6 16512/11/6
f 16512/11/6 16503/11/6 16513/11/6
f 16513/11/6 16503/11/6 16514/11/6
f 16506/11/6 16507/11/6 16515/11/6
f 16515/11/6 16507/11/6 16516/11/6
f 16516/11/6 16507/11/6 16517/11/6
f 16517/11/6 16507/11/6 16518/11/6
f 16507/10/6 16508/10/6 16519/10/6
f 16518/11/6 16507/11/6 16519/11/6
f 16508/11/6 16509/11/6 16520/11/6
f 16519/10/6 16508/10/6 16520/10/6
f 16509/11/6 16510/11/6 16520/11/6
f 16510/11/6 16511/11/6 16520/11/6
f 16511/10/6 16512/10/6 16521/10/6
f 16520/11/6 16511/11/6 16521/11/6
f 16512/11/6 16513/11/6 16522/11/6
f 16521/10/6 16512/10/6 16522/10/6
f 16522/11/6 16513/11/6 16523/11/6
f 16523/11/6 16513/11/6 16524/11/6
f 16516/11/6 16517/11/6 16525/11/6
f 16525/11/6 16517/11/6 16526/11/6
f 16526/11/6 16517/11/6 16527/11/6
f 16527/11/6 16517/11/6 16528/11/6
f 16517/5/6 16518/5/6 16529/5/6
f 16528/11/6 16517/11/6 16529/11/6
f 16518/11/6 16519/11/6 16530/11/6
f 16529/5/6 16518/5/6 16530/5/6
f 16520/11/6 16521/11/6 16530/11/6
f 16522/11/6 16523/11/6 16530/11/6
f 16519/11/6 16520/11/6 16530/11/6
f 16521/11/6 16522/11/6 16530/11/6
f 16526/11/6 16527/11/6 16531/11/6
f 16527/7/6 16528/7/6 16532/7/6
f 16531/11/6 16527/11/6 16532/11/6
f 16528/11/6 16529/11/6 16533/11/6
f 16532/7/6 16528/7/6 16533/7/6
f 16529/11/6 16530/11/6 16533/11/6
f 16530/11/6 16523/11/6 16534/11/6
f 16533/11/6 16530/11/6 16534/11/6
f 16534/11/6 16523/11/6 16535/11/6
f 16532/11/6 16533/11/6 16536/11/6
f 16533/11/6 16534/11/6 16536/11/6
f 16536/11/6 16534/11/6 16537/11/6
f 16537/11/6 16534/11/6 16538/11/6
f 16538/11/6 16534/11/6 16539/11/6
f 16537/11/6 16538/11/6 16540/11/6
f 16540/11/6 16538/11/6 16541/11/6
f 16541/11/6 16538/11/6 16542/11/6
f 16542/11/6 16538/11/6 16543/11/6
f 16541/11/6 16542/11/6 16544/11/6
f 16544/11/6 16542/11/6 16545/11/6
f 16545/11/6 16542/11/6 16546/11/6
f 16546/11/6 16542/11/6 16547/11/6
f 16545/11/6 16546/11/6 16548/11/6
f 16548/11/6 16546/11/6 16549/11/6
f 16549/11/6 16546/11/6 16550/11/6
f 16550/11/6 16546/11/6 16551/11/6
f 16549/11/6 16550/11/6 16552/11/6
f 16552/11/6 16550/11/6 16553/11/6
f 16553/11/6 16550/11/6 16554/11/6
f 16554/11/6 16550/11/6 16555/11/6
f 16553/11/6 16554/11/6 16556/11/6
f 16556/11/6 16554/11/6 16557/11/6
