# MagicaVoxel @ Ephtracy

# group
o 

# material
mtllib 51.mtl
usemtl palette

# normals
vn -1 0 0
vn 1 0 0
vn 0 0 1
vn 0 0 -1
vn 0 -1 0
vn 0 1 0

# texcoords
vt 0.345703 0.5

# verts
v -12.8 0.1 -10.4
v -12.8 0.1 -12.8
v -12.8 0.2 -7.4
v -12.8 0.2 -10.4
v -12.8 0.3 -6.8
v -12.8 0.3 -7.4
v -12.8 0.4 -6.1
v -12.8 0.4 -6.8
v -12.8 0.5 -5
v -12.8 0.5 -6.1
v -12.8 0.6 -5
v -12.8 0.6 -12.8
v -10.5 0.1 -11
v -10.5 0.1 -11.1
v -10.5 0.2 -11
v -10.5 0.2 -11.1
v -7.5 0.1 -12.5
v -7.5 0.1 -12.6
v -7.5 0.2 -12.5
v -7.5 0.2 -12.6
v -12.7 0.1 -10.4
v -12.7 0.1 -10.5
v -12.7 0.2 -10.4
v -12.7 0.2 -10.5
v -12.6 0.1 -10.5
v -12.6 0.1 -10.6
v -12.6 0.2 -7.4
v -12.6 0.2 -7.5
v -12.6 0.2 -10.5
v -12.6 0.2 -10.6
v -12.6 0.3 -6.8
v -12.6 0.3 -6.9
v -12.6 0.3 -7.4
v -12.6 0.3 -7.5
v -12.6 0.4 -6.8
v -12.6 0.4 -6.9
v -12.5 0.3 -6.9
v -12.5 0.3 -7
v -12.5 0.4 -6.9
v -12.5 0.4 -7
v -12.4 0.1 -10.6
v -12.4 0.1 -10.7
v -12.4 0.2 -10.6
v -12.4 0.2 -10.7
v -12.3 0.2 -7.5
v -12.3 0.2 -7.6
v -12.3 0.3 -7
v -12.3 0.3 -7.1
v -12.3 0.3 -7.5
v -12.3 0.3 -7.6
v -12.3 0.4 -7
v -12.3 0.4 -7.1
v -12.3 0.5 -5
v -12.3 0.5 -5.1
v -12.3 0.6 -5
v -12.3 0.6 -5.1
v -12.1 0.2 -7.6
v -12.1 0.2 -7.7
v -12.1 0.3 -7.6
v -12.1 0.3 -7.7
v -12 0.3 -7.1
v -12 0.3 -7.2
v -12 0.4 -6.1
v -12 0.4 -6.2
v -12 0.4 -7.1
v -12 0.4 -7.2
v -12 0.5 -6.1
v -12 0.5 -6.2
v -11.9 0.1 -10.7
v -11.9 0.1 -10.8
v -11.9 0.2 -7.7
v -11.9 0.2 -7.8
v -11.9 0.2 -10.7
v -11.9 0.2 -10.8
v -11.9 0.3 -7.7
v -11.9 0.3 -7.8
v -11.8 0.2 -7.8
v -11.8 0.2 -7.9
v -11.8 0.3 -7.8
v -11.8 0.3 -7.9
v -11.7 0.1 -10.8
v -11.7 0.1 -10.9
v -11.7 0.2 -7.9
v -11.7 0.2 -8
v -11.7 0.2 -10.8
v -11.7 0.2 -10.9
v -11.7 0.3 -7.2
v -11.7 0.3 -7.3
v -11.7 0.3 -7.9
v -11.7 0.3 -8
v -11.7 0.4 -7.2
v -11.7 0.4 -7.3
v -11.7 0.5 -5.1
v -11.7 0.5 -5.2
v -11.7 0.6 -5.1
v -11.7 0.6 -5.2
v -11.6 0.3 -7.3
v -11.6 0.3 -7.4
v -11.6 0.4 -6.2
v -11.6 0.4 -6.3
v -11.6 0.4 -7.3
v -11.6 0.4 -7.4
v -11.6 0.5 -6.2
v -11.6 0.5 -6.3
v -11.4 0.1 -10.9
v -11.4 0.1 -11
v -11.4 0.2 -8
v -11.4 0.2 -8.1
v -11.4 0.2 -10.9
v -11.4 0.2 -11
v -11.4 0.3 -7.4
v -11.4 0.3 -7.5
v -11.4 0.3 -8
v -11.4 0.3 -8.1
v -11.4 0.4 -7.4
v -11.4 0.4 -7.5
v -11.3 0.2 -8.1
v -11.3 0.2 -8.2
v -11.3 0.3 -8.1
v -11.3 0.3 -8.2
v -11.2 0.4 -6.3
v -11.2 0.4 -6.4
v -11.2 0.5 -6.3
v -11.2 0.5 -6.4
v -11.1 0.2 -8.2
v -11.1 0.2 -8.3
v -11.1 0.3 -8.2
v -11.1 0.3 -8.3
v -11.1 0.4 -6.4
v -11.1 0.4 -6.5
v -11.1 0.5 -5.2
v -11.1 0.5 -5.3
v -11.1 0.5 -6.4
v -11.1 0.5 -6.5
v -11.1 0.6 -5.2
v -11.1 0.6 -5.3
v -11 0.4 -6.5
v -11 0.4 -6.6
v -11 0.5 -6.5
v -11 0.5 -6.6
v -10.9 0.3 -7.5
v -10.9 0.3 -7.6
v -10.9 0.4 -6.6
v -10.9 0.4 -6.7
v -10.9 0.4 -7.5
v -10.9 0.4 -7.6
v -10.9 0.5 -6.6
v -10.9 0.5 -6.7
v -10.8 0.1 -11
v -10.8 0.1 -11.1
v -10.8 0.2 -8.3
v -10.8 0.2 -8.4
v -10.8 0.2 -11
v -10.8 0.2 -11.1
v -10.8 0.3 -8.3
v -10.8 0.3 -8.4
v -10.8 0.4 -6.7
v -10.8 0.4 -6.8
v -10.8 0.5 -6.7
v -10.8 0.5 -6.8
v -10.6 0.4 -6.8
v -10.6 0.4 -6.9
v -10.6 0.5 -6.8
v -10.6 0.5 -6.9
v -10.5 0.2 -8.4
v -10.5 0.2 -8.5
v -10.5 0.3 -8.4
v -10.5 0.3 -8.5
v -10.4 0.1 -11
v -10.4 0.1 -11.1
v -10.4 0.2 -8.5
v -10.4 0.2 -8.6
v -10.4 0.2 -11
v -10.4 0.2 -11.1
v -10.4 0.3 -8.5
v -10.4 0.3 -8.6
v -10.4 0.4 -6.9
v -10.4 0.4 -7
v -10.4 0.5 -6.9
v -10.4 0.5 -7
v -10.2 0.2 -8.6
v -10.2 0.2 -8.7
v -10.2 0.3 -8.6
v -10.2 0.3 -8.7
v -10.2 0.5 -5.3
v -10.2 0.5 -5.4
v -10.2 0.6 -5.3
v -10.2 0.6 -5.4
v -10.1 0.1 -11.1
v -10.1 0.1 -11.2
v -10.1 0.2 -11.1
v -10.1 0.2 -11.2
v -10.1 0.3 -7.6
v -10.1 0.3 -7.7
v -10.1 0.4 -7
v -10.1 0.4 -7.1
v -10.1 0.4 -7.6
v -10.1 0.4 -7.7
v -10.1 0.5 -5.4
v -10.1 0.5 -5.5
v -10.1 0.5 -7
v -10.1 0.5 -7.1
v -10.1 0.6 -5.4
v -10.1 0.6 -5.5
v -10 0.1 -11.2
v -10 0.1 -11.3
v -10 0.2 -11.2
v -10 0.2 -11.3
v -9.9 0.2 -8.7
v -9.9 0.2 -8.8
v -9.9 0.3 -7.7
v -9.9 0.3 -7.8
v -9.9 0.3 -8.7
v -9.9 0.3 -8.8
v -9.9 0.4 -7.7
v -9.9 0.4 -7.8
v -9.8 0.1 -11.3
v -9.8 0.1 -11.4
v -9.8 0.2 -11.3
v -9.8 0.2 -11.4
v -9.8 0.4 -7.1
v -9.8 0.4 -7.2
v -9.8 0.5 -5.5
v -9.8 0.5 -5.6
v -9.8 0.5 -7.1
v -9.8 0.5 -7.2
v -9.8 0.6 -5.5
v -9.8 0.6 -5.6
v -9.7 0.2 -8.8
v -9.7 0.2 -8.9
v -9.7 0.3 -8.8
v -9.7 0.3 -8.9
v -9.6 0.2 -8.9
v -9.6 0.2 -9
v -9.6 0.3 -8.9
v -9.6 0.3 -9
v -9.5 0.3 -7.8
v -9.5 0.3 -7.9
v -9.5 0.4 -7.2
v -9.5 0.4 -7.3
v -9.5 0.4 -7.8
v -9.5 0.4 -7.9
v -9.5 0.5 -7.2
v -9.5 0.5 -7.3
v -9.4 0.1 -11.4
v -9.4 0.1 -11.5
v -9.4 0.2 -11.4
v -9.4 0.2 -11.5
v -9.4 0.5 -5.6
v -9.4 0.5 -5.7
v -9.4 0.6 -5.6
v -9.4 0.6 -5.7
v -9.3 0.1 -11.5
v -9.3 0.1 -11.6
v -9.3 0.2 -9
v -9.3 0.2 -9.1
v -9.3 0.2 -11.5
v -9.3 0.2 -11.6
v -9.3 0.3 -7.9
v -9.3 0.3 -8
v -9.3 0.3 -9
v -9.3 0.3 -9.1
v -9.3 0.4 -7.3
v -9.3 0.4 -7.4
v -9.3 0.4 -7.9
v -9.3 0.4 -8
v -9.3 0.5 -7.3
v -9.3 0.5 -7.4
v -9.2 0.1 -11.6
v -9.2 0.1 -11.7
v -9.2 0.2 -11.6
v -9.2 0.2 -11.7
v -9.1 0.1 -11.7
v -9.1 0.1 -11.8
v -9.1 0.2 -9.1
v -9.1 0.2 -9.2
v -9.1 0.2 -11.7
v -9.1 0.2 -11.8
v -9.1 0.3 -8
v -9.1 0.3 -8.1
v -9.1 0.3 -9.1
v -9.1 0.3 -9.2
v -9.1 0.4 -7.4
v -9.1 0.4 -7.5
v -9.1 0.4 -8
v -9.1 0.4 -8.1
v -9.1 0.5 -5.7
v -9.1 0.5 -5.8
v -9.1 0.5 -7.4
v -9.1 0.5 -7.5
v -9.1 0.6 -5.7
v -9.1 0.6 -5.8
v -9 0.1 -11.8
v -9 0.1 -12
v -9 0.2 -9.2
v -9 0.2 -9.3
v -9 0.2 -11.8
v -9 0.2 -12
v -9 0.3 -9.2
v -9 0.3 -9.3
v -8.8 0.1 -12
v -8.8 0.1 -12.1
v -8.8 0.2 -9.3
v -8.8 0.2 -9.4
v -8.8 0.2 -12
v -8.8 0.2 -12.1
v -8.8 0.3 -8.1
v -8.8 0.3 -8.2
v -8.8 0.3 -9.3
v -8.8 0.3 -9.4
v -8.8 0.4 -7.5
v -8.8 0.4 -7.6
v -8.8 0.4 -8.1
v -8.8 0.4 -8.2
v -8.8 0.5 -5.8
v -8.8 0.5 -5.9
v -8.8 0.5 -7.5
v -8.8 0.5 -7.6
v -8.8 0.6 -5.8
v -8.8 0.6 -5.9
v -8.7 0.1 -12.1
v -8.7 0.1 -12.2
v -8.7 0.2 -12.1
v -8.7 0.2 -12.2
v -8.6 0.2 -9.4
v -8.6 0.2 -9.5
v -8.6 0.3 -8.2
v -8.6 0.3 -8.3
v -8.6 0.3 -9.4
v -8.6 0.3 -9.5
v -8.6 0.4 -7.6
v -8.6 0.4 -7.7
v -8.6 0.4 -8.2
v -8.6 0.4 -8.3
v -8.6 0.5 -7.6
v -8.6 0.5 -7.7
v -8.5 0.1 -12.2
v -8.5 0.1 -12.3
v -8.5 0.2 -9.5
v -8.5 0.2 -9.6
v -8.5 0.2 -12.2
v -8.5 0.2 -12.3
v -8.5 0.3 -8.3
v -8.5 0.3 -8.4
v -8.5 0.3 -9.5
v -8.5 0.3 -9.6
v -8.5 0.4 -8.3
v -8.5 0.4 -8.4
v -8.5 0.5 -5.9
v -8.5 0.5 -6
v -8.5 0.6 -5.9
v -8.5 0.6 -6
v -8.4 0.3 -8.4
v -8.4 0.3 -8.5
v -8.4 0.4 -8.4
v -8.4 0.4 -8.5
v -8.3 0.2 -9.6
v -8.3 0.2 -9.7
v -8.3 0.3 -8.5
v -8.3 0.3 -8.6
v -8.3 0.3 -9.6
v -8.3 0.3 -9.7
v -8.3 0.4 -7.7
v -8.3 0.4 -7.8
v -8.3 0.4 -8.5
v -8.3 0.4 -8.6
v -8.3 0.5 -7.7
v -8.3 0.5 -7.8
v -8.2 0.1 -12.3
v -8.2 0.1 -12.4
v -8.2 0.2 -9.7
v -8.2 0.2 -9.8
v -8.2 0.2 -12.3
v -8.2 0.2 -12.4
v -8.2 0.3 -8.6
v -8.2 0.3 -8.7
v -8.2 0.3 -9.7
v -8.2 0.3 -9.8
v -8.2 0.4 -8.6
v -8.2 0.4 -8.7
v -8.2 0.5 -6
v -8.2 0.5 -6.1
v -8.2 0.6 -6
v -8.2 0.6 -6.1
v -8.1 0.1 -12.4
v -8.1 0.1 -12.5
v -8.1 0.2 -9.8
v -8.1 0.2 -9.9
v -8.1 0.2 -12.4
v -8.1 0.2 -12.5
v -8.1 0.3 -8.7
v -8.1 0.3 -8.8
v -8.1 0.3 -9.8
v -8.1 0.3 -9.9
v -8.1 0.4 -8.7
v -8.1 0.4 -8.8
v -8 0.3 -8.8
v -8 0.3 -8.9
v -8 0.4 -8.8
v -8 0.4 -8.9
v -8 0.5 -6.1
v -8 0.5 -6.2
v -8 0.6 -6.1
v -8 0.6 -6.2
v -7.9 0.1 -12.5
v -7.9 0.1 -12.6
v -7.9 0.2 -9.9
v -7.9 0.2 -10
v -7.9 0.2 -12.5
v -7.9 0.2 -12.6
v -7.9 0.3 -8.9
v -7.9 0.3 -9
v -7.9 0.3 -9.9
v -7.9 0.3 -10
v -7.9 0.4 -8.9
v -7.9 0.4 -9
v -7.8 0.2 -10
v -7.8 0.2 -10.1
v -7.8 0.3 -9
v -7.8 0.3 -9.1
v -7.8 0.3 -10
v -7.8 0.3 -10.1
v -7.8 0.4 -7.8
v -7.8 0.4 -7.9
v -7.8 0.4 -9
v -7.8 0.4 -9.1
v -7.8 0.5 -7.8
v -7.8 0.5 -7.9
v -7.7 0.2 -10.1
v -7.7 0.2 -10.2
v -7.7 0.3 -9.1
v -7.7 0.3 -9.2
v -7.7 0.3 -10.1
v -7.7 0.3 -10.2
v -7.7 0.4 -9.1
v -7.7 0.4 -9.2
v -7.7 0.5 -6.2
v -7.7 0.5 -6.3
v -7.7 0.6 -6.2
v -7.7 0.6 -6.3
v -7.6 0.2 -10.2
v -7.6 0.2 -10.3
v -7.6 0.3 -10.2
v -7.6 0.3 -10.3
v -7.6 0.4 -7.9
v -7.6 0.4 -8
v -7.6 0.5 -7.9
v -7.6 0.5 -8
v -7.5 0.3 -9.2
v -7.5 0.3 -9.3
v -7.5 0.4 -8
v -7.5 0.4 -8.1
v -7.5 0.4 -9.2
v -7.5 0.4 -9.3
v -7.5 0.5 -6.3
v -7.5 0.5 -6.4
v -7.5 0.5 -8
v -7.5 0.5 -8.1
v -7.5 0.6 -6.3
v -7.5 0.6 -6.4
v -7.4 0.2 -10.3
v -7.4 0.2 -10.4
v -7.4 0.3 -10.3
v -7.4 0.3 -10.4
v -7.3 0.1 -12.5
v -7.3 0.1 -12.6
v -7.3 0.2 -10.4
v -7.3 0.2 -10.5
v -7.3 0.2 -12.5
v -7.3 0.2 -12.6
v -7.3 0.3 -9.3
v -7.3 0.3 -9.4
v -7.3 0.3 -10.4
v -7.3 0.3 -10.5
v -7.3 0.4 -9.3
v -7.3 0.4 -9.4
v -7.3 0.5 -6.4
v -7.3 0.5 -6.5
v -7.3 0.6 -6.4
v -7.3 0.6 -6.5
v -7.2 0.1 -12.6
v -7.2 0.1 -12.7
v -7.2 0.2 -10.5
v -7.2 0.2 -10.7
v -7.2 0.2 -12.6
v -7.2 0.2 -12.7
v -7.2 0.3 -10.5
v -7.2 0.3 -10.7
v -7.1 0.1 -12.7
v -7.1 0.1 -12.8
v -7.1 0.2 -10.7
v -7.1 0.2 -10.8
v -7.1 0.2 -12.7
v -7.1 0.2 -12.8
v -7.1 0.3 -9.4
v -7.1 0.3 -9.5
v -7.1 0.3 -10.7
v -7.1 0.3 -10.8
v -7.1 0.4 -9.4
v -7.1 0.4 -9.5
v -7.1 0.5 -6.5
v -7.1 0.5 -6.6
v -7.1 0.6 -6.5
v -7.1 0.6 -6.6
v -7 0.2 -10.8
v -7 0.2 -10.9
v -7 0.3 -9.5
v -7 0.3 -9.6
v -7 0.3 -10.8
v -7 0.3 -10.9
v -7 0.4 -8.1
v -7 0.4 -8.2
v -7 0.4 -9.5
v -7 0.4 -9.6
v -7 0.5 -6.6
v -7 0.5 -6.7
v -7 0.5 -8.1
v -7 0.5 -8.2
v -7 0.6 -6.6
v -7 0.6 -6.7
v -6.8 0.2 -10.9
v -6.8 0.2 -11
v -6.8 0.3 -9.6
v -6.8 0.3 -9.7
v -6.8 0.3 -10.9
v -6.8 0.3 -11
v -6.8 0.4 -9.6
v -6.8 0.4 -9.7
v -6.8 0.5 -6.7
v -6.8 0.5 -6.8
v -6.8 0.6 -6.7
v -6.8 0.6 -6.8
v -6.7 0.5 -6.8
v -6.7 0.5 -6.9
v -6.7 0.6 -6.8
v -6.7 0.6 -6.9
v -6.6 0.2 -11
v -6.6 0.2 -11.1
v -6.6 0.3 -11
v -6.6 0.3 -11.1
v -6.5 0.2 -11.1
v -6.5 0.2 -11.2
v -6.5 0.3 -9.7
v -6.5 0.3 -9.8
v -6.5 0.3 -11.1
v -6.5 0.3 -11.2
v -6.5 0.4 -8.2
v -6.5 0.4 -8.3
v -6.5 0.4 -9.7
v -6.5 0.4 -9.8
v -6.5 0.5 -6.9
v -6.5 0.5 -7
v -6.5 0.5 -8.2
v -6.5 0.5 -8.3
v -6.5 0.6 -6.9
v -6.5 0.6 -7
v -6.4 0.2 -11.2
v -6.4 0.2 -11.3
v -6.4 0.3 -11.2
v -6.4 0.3 -11.3
v -6.3 0.2 -11.3
v -6.3 0.2 -11.4
v -6.3 0.3 -9.8
v -6.3 0.3 -9.9
v -6.3 0.3 -11.3
v -6.3 0.3 -11.4
v -6.3 0.4 -9.8
v -6.3 0.4 -9.9
v -6.3 0.5 -7
v -6.3 0.5 -7.1
v -6.3 0.6 -7
v -6.3 0.6 -7.1
v -6.2 0.2 -11.4
v -6.2 0.2 -11.5
v -6.2 0.3 -11.4
v -6.2 0.3 -11.5
v -6.1 0.2 -11.5
v -6.1 0.2 -11.6
v -6.1 0.3 -9.9
v -6.1 0.3 -10
v -6.1 0.3 -11.5
v -6.1 0.3 -11.6
v -6.1 0.4 -9.9
v -6.1 0.4 -10
v -6 0.2 -11.6
v -6 0.2 -11.7
v -6 0.3 -11.6
v -6 0.3 -11.7
v -6 0.4 -8.3
v -6 0.4 -8.4
v -6 0.5 -7.1
v -6 0.5 -7.2
v -6 0.5 -8.3
v -6 0.5 -8.4
v -6 0.6 -7.1
v -6 0.6 -7.2
v -5.9 0.2 -11.7
v -5.9 0.2 -11.8
v -5.9 0.3 -10
v -5.9 0.3 -10.1
v -5.9 0.3 -11.7
v -5.9 0.3 -11.8
v -5.9 0.4 -10
v -5.9 0.4 -10.1
v -5.8 0.2 -11.8
v -5.8 0.2 -11.9
v -5.8 0.3 -11.8
v -5.8 0.3 -11.9
v -5.7 0.2 -11.9
v -5.7 0.2 -12
v -5.7 0.3 -10.1
v -5.7 0.3 -10.2
v -5.7 0.3 -11.9
v -5.7 0.3 -12
v -5.7 0.4 -10.1
v -5.7 0.4 -10.2
v -5.6 0.2 -12
v -5.6 0.2 -12.1
v -5.6 0.3 -12
v -5.6 0.3 -12.1
v -5.6 0.5 -7.2
v -5.6 0.5 -7.3
v -5.6 0.6 -7.2
v -5.6 0.6 -7.3
v -5.5 0.3 -10.2
v -5.5 0.3 -10.3
v -5.5 0.4 -10.2
v -5.5 0.4 -10.3
v -5.4 0.4 -8.4
v -5.4 0.4 -8.5
v -5.4 0.5 -7.3
v -5.4 0.5 -7.4
v -5.4 0.5 -8.4
v -5.4 0.5 -8.5
v -5.4 0.6 -7.3
v -5.4 0.6 -7.4
v -5.3 0.2 -12.1
v -5.3 0.2 -12.2
v -5.3 0.3 -10.3
v -5.3 0.3 -10.5
v -5.3 0.3 -12.1
v -5.3 0.3 -12.2
v -5.3 0.4 -10.3
v -5.3 0.4 -10.5
v -5.2 0.2 -12.2
v -5.2 0.2 -12.3
v -5.2 0.3 -12.2
v -5.2 0.3 -12.3
v -5.2 0.4 -8.5
v -5.2 0.4 -8.6
v -5.2 0.5 -7.4
v -5.2 0.5 -7.5
v -5.2 0.5 -8.5
v -5.2 0.5 -8.6
v -5.2 0.6 -7.4
v -5.2 0.6 -7.5
v -5.1 0.5 -7.5
v -5.1 0.5 -7.6
v -5.1 0.6 -7.5
v -5.1 0.6 -7.6
v -5 0.2 -12.3
v -5 0.2 -12.4
v -5 0.3 -10.5
v -5 0.3 -10.6
v -5 0.3 -12.3
v -5 0.3 -12.4
v -5 0.4 -10.5
v -5 0.4 -10.6
v -5 0.5 -7.6
v -5 0.5 -7.7
v -5 0.6 -7.6
v -5 0.6 -7.7
v -4.9 0.3 -10.6
v -4.9 0.3 -10.7
v -4.9 0.4 -10.6
v -4.9 0.4 -10.7
v -4.8 0.2 -12.4
v -4.8 0.2 -12.5
v -4.8 0.3 -12.4
v -4.8 0.3 -12.5
v -4.8 0.4 -8.6
v -4.8 0.4 -8.7
v -4.8 0.5 -7.7
v -4.8 0.5 -7.8
v -4.8 0.5 -8.6
v -4.8 0.5 -8.7
v -4.8 0.6 -7.7
v -4.8 0.6 -7.8
v -4.7 0.3 -10.7
v -4.7 0.3 -10.8
v -4.7 0.4 -10.7
v -4.7 0.4 -10.8
v -4.7 0.5 -7.8
v -4.7 0.5 -7.9
v -4.7 0.6 -7.8
v -4.7 0.6 -7.9
v -4.6 0.2 -12.5
v -4.6 0.2 -12.6
v -4.6 0.3 -12.5
v -4.6 0.3 -12.6
v -4.5 0.3 -10.8
v -4.5 0.3 -10.9
v -4.5 0.4 -8.7
v -4.5 0.4 -8.8
v -4.5 0.4 -10.8
v -4.5 0.4 -10.9
v -4.5 0.5 -7.9
v -4.5 0.5 -8
v -4.5 0.5 -8.7
v -4.5 0.5 -8.8
v -4.5 0.6 -7.9
v -4.5 0.6 -8
v -4.4 0.2 -12.6
v -4.4 0.2 -12.8
v -4.4 0.3 -12.6
v -4.4 0.3 -12.8
v -4.4 0.5 -8
v -4.4 0.5 -8.1
v -4.4 0.6 -8
v -4.4 0.6 -8.1
v -4.3 0.3 -10.9
v -4.3 0.3 -11
v -4.3 0.4 -8.8
v -4.3 0.4 -8.9
v -4.3 0.4 -10.9
v -4.3 0.4 -11
v -4.3 0.5 -8.1
v -4.3 0.5 -8.2
v -4.3 0.5 -8.8
v -4.3 0.5 -8.9
v -4.3 0.6 -8.1
v -4.3 0.6 -8.2
v -4.1 0.3 -11
v -4.1 0.3 -11.1
v -4.1 0.4 -8.9
v -4.1 0.4 -9
v -4.1 0.4 -11
v -4.1 0.4 -11.1
v -4.1 0.5 -8.2
v -4.1 0.5 -8.3
v -4.1 0.5 -8.9
v -4.1 0.5 -9
v -4.1 0.6 -8.2
v -4.1 0.6 -8.3
v -4 0.4 -9
v -4 0.4 -9.1
v -4 0.5 -9
v -4 0.5 -9.1
v -3.9 0.3 -11.1
v -3.9 0.3 -11.2
v -3.9 0.4 -9.1
v -3.9 0.4 -9.2
v -3.9 0.4 -11.1
v -3.9 0.4 -11.2
v -3.9 0.5 -8.3
v -3.9 0.5 -8.4
v -3.9 0.5 -9.1
v -3.9 0.5 -9.2
v -3.9 0.6 -8.3
v -3.9 0.6 -8.4
v -3.8 0.5 -8.4
v -3.8 0.5 -8.5
v -3.8 0.6 -8.4
v -3.8 0.6 -8.5
v -3.7 0.4 -9.2
v -3.7 0.4 -9.3
v -3.7 0.5 -8.5
v -3.7 0.5 -8.6
v -3.7 0.5 -9.2
v -3.7 0.5 -9.3
v -3.7 0.6 -8.5
v -3.7 0.6 -8.6
v -3.6 0.3 -11.2
v -3.6 0.3 -11.3
v -3.6 0.4 -11.2
v -3.6 0.4 -11.3
v -3.5 0.4 -9.3
v -3.5 0.4 -9.4
v -3.5 0.5 -8.6
v -3.5 0.5 -8.7
v -3.5 0.5 -9.3
v -3.5 0.5 -9.4
v -3.5 0.6 -8.6
v -3.5 0.6 -8.7
v -3.4 0.3 -11.3
v -3.4 0.3 -11.4
v -3.4 0.4 -11.3
v -3.4 0.4 -11.4
v -3.3 0.3 -11.4
v -3.3 0.3 -11.5
v -3.3 0.4 -9.4
v -3.3 0.4 -9.5
v -3.3 0.4 -11.4
v -3.3 0.4 -11.5
v -3.3 0.5 -8.7
v -3.3 0.5 -8.8
v -3.3 0.5 -9.4
v -3.3 0.5 -9.5
v -3.3 0.6 -8.7
v -3.3 0.6 -8.8
v -3.2 0.4 -9.5
v -3.2 0.4 -9.6
v -3.2 0.5 -8.8
v -3.2 0.5 -8.9
v -3.2 0.5 -9.5
v -3.2 0.5 -9.6
v -3.2 0.6 -8.8
v -3.2 0.6 -8.9
v -3 0.3 -11.5
v -3 0.3 -11.6
v -3 0.4 -9.6
v -3 0.4 -9.7
v -3 0.4 -11.5
v -3 0.4 -11.6
v -3 0.5 -8.9
v -3 0.5 -9
v -3 0.5 -9.6
v -3 0.5 -9.7
v -3 0.6 -8.9
v -3 0.6 -9
v -2.8 0.3 -11.6
v -2.8 0.3 -11.7
v -2.8 0.4 -9.7
v -2.8 0.4 -9.8
v -2.8 0.4 -11.6
v -2.8 0.4 -11.7
v -2.8 0.5 -9
v -2.8 0.5 -9.1
v -2.8 0.5 -9.7
v -2.8 0.5 -9.8
v -2.8 0.6 -9
v -2.8 0.6 -9.1
v -2.6 0.4 -9.8
v -2.6 0.4 -9.9
v -2.6 0.5 -9.1
v -2.6 0.5 -9.2
v -2.6 0.5 -9.8
v -2.6 0.5 -9.9
v -2.6 0.6 -9.1
v -2.6 0.6 -9.2
v -2.5 0.4 -9.9
v -2.5 0.4 -10
v -2.5 0.5 -9.9
v -2.5 0.5 -10
v -2.4 0.3 -11.7
v -2.4 0.3 -11.8
v -2.4 0.4 -10
v -2.4 0.4 -10.1
v -2.4 0.4 -11.7
v -2.4 0.4 -11.8
v -2.4 0.5 -9.2
v -2.4 0.5 -9.3
v -2.4 0.5 -10
v -2.4 0.5 -10.1
v -2.4 0.6 -9.2
v -2.4 0.6 -9.3
v -2.3 0.4 -10.1
v -2.3 0.4 -10.2
v -2.3 0.5 -10.1
v -2.3 0.5 -10.2
v -2.2 0.3 -11.8
v -2.2 0.3 -11.9
v -2.2 0.4 -10.2
v -2.2 0.4 -10.3
v -2.2 0.4 -11.8
v -2.2 0.4 -11.9
v -2.2 0.5 -9.3
v -2.2 0.5 -9.4
v -2.2 0.5 -10.2
v -2.2 0.5 -10.3
v -2.2 0.6 -9.3
v -2.2 0.6 -9.4
v -2.1 0.3 -11.9
v -2.1 0.3 -12
v -2.1 0.4 -11.9
v -2.1 0.4 -12
v -2 0.4 -10.3
v -2 0.4 -10.5
v -2 0.5 -9.4
v -2 0.5 -9.5
v -2 0.5 -10.3
v -2 0.5 -10.5
v -2 0.6 -9.4
v -2 0.6 -9.5
v -1.9 0.3 -12
v -1.9 0.3 -12.1
v -1.9 0.4 -10.5
v -1.9 0.4 -10.6
v -1.9 0.4 -12
v -1.9 0.4 -12.1
v -1.9 0.5 -10.5
v -1.9 0.5 -10.6
v -1.8 0.5 -9.5
v -1.8 0.5 -9.6
v -1.8 0.6 -9.5
v -1.8 0.6 -9.6
v -1.7 0.4 -10.6
v -1.7 0.4 -10.7
v -1.7 0.5 -9.6
v -1.7 0.5 -9.7
v -1.7 0.5 -10.6
v -1.7 0.5 -10.7
v -1.7 0.6 -9.6
v -1.7 0.6 -9.7
v -1.6 0.4 -10.7
v -1.6 0.4 -10.8
v -1.6 0.5 -10.7
v -1.6 0.5 -10.8
v -1.5 0.3 -12.1
v -1.5 0.3 -12.2
v -1.5 0.4 -10.8
v -1.5 0.4 -10.9
v -1.5 0.4 -12.1
v -1.5 0.4 -12.2
v -1.5 0.5 -9.7
v -1.5 0.5 -9.8
v -1.5 0.5 -10.8
v -1.5 0.5 -10.9
v -1.5 0.6 -9.7
v -1.5 0.6 -9.8
v -1.4 0.3 -12.2
v -1.4 0.3 -12.3
v -1.4 0.4 -12.2
v -1.4 0.4 -12.3
v -1.4 0.5 -9.8
v -1.4 0.5 -9.9
v -1.4 0.6 -9.8
v -1.4 0.6 -9.9
v -1.3 0.4 -10.9
v -1.3 0.4 -11
v -1.3 0.5 -10.9
v -1.3 0.5 -11
v -1.2 0.4 -11
v -1.2 0.4 -11.1
v -1.2 0.5 -9.9
v -1.2 0.5 -10
v -1.2 0.5 -11
v -1.2 0.5 -11.1
v -1.2 0.6 -9.9
v -1.2 0.6 -10
v -1.1 0.3 -12.3
v -1.1 0.3 -12.4
v -1.1 0.4 -11.1
v -1.1 0.4 -11.2
v -1.1 0.4 -12.3
v -1.1 0.4 -12.4
v -1.1 0.5 -11.1
v -1.1 0.5 -11.2
v -1 0.5 -10
v -1 0.5 -10.1
v -1 0.6 -10
v -1 0.6 -10.1
v -0.900001 0.3 -12.4
v -0.900001 0.3 -12.5
v -0.900001 0.4 -12.4
v -0.900001 0.4 -12.5
v -0.8 0.5 -10.1
v -0.8 0.5 -10.2
v -0.8 0.6 -10.1
v -0.8 0.6 -10.2
v -0.700001 0.3 -12.5
v -0.700001 0.3 -12.6
v -0.700001 0.4 -11.2
v -0.700001 0.4 -11.3
v -0.700001 0.4 -12.5
v -0.700001 0.4 -12.6
v -0.700001 0.5 -11.2
v -0.700001 0.5 -11.3
v -0.6 0.5 -10.2
v -0.6 0.5 -10.3
v -0.6 0.6 -10.2
v -0.6 0.6 -10.3
v -0.5 0.4 -11.3
v -0.5 0.4 -11.4
v -0.5 0.5 -11.3
v -0.5 0.5 -11.4
v -0.400001 0.3 -12.6
v -0.400001 0.3 -12.7
v -0.400001 0.4 -12.6
v -0.400001 0.4 -12.7
v -0.200001 0.4 -11.4
v -0.200001 0.4 -11.5
v -0.200001 0.5 -10.3
v -0.200001 0.5 -10.4
v -0.200001 0.5 -11.4
v -0.200001 0.5 -11.5
v -0.200001 0.6 -10.3
v -0.200001 0.6 -10.4
v 0 0.3 -12.7
v 0 0.3 -12.8
v 0 0.4 -12.7
v 0 0.4 -12.8
v 0.0999994 0.4 -11.5
v 0.0999994 0.4 -11.6
v 0.0999994 0.5 -10.4
v 0.0999994 0.5 -10.5
v 0.0999994 0.5 -11.5
v 0.0999994 0.5 -11.6
v 0.0999994 0.6 -10.4
v 0.0999994 0.6 -10.5
v 0.299999 0.4 -11.6
v 0.299999 0.4 -11.7
v 0.299999 0.5 -11.6
v 0.299999 0.5 -11.7
v 0.4 0.5 -10.5
v 0.4 0.5 -10.6
v 0.4 0.6 -10.5
v 0.4 0.6 -10.6
v 0.5 0.4 -11.7
v 0.5 0.4 -11.8
v 0.5 0.5 -11.7
v 0.5 0.5 -11.8
v 0.599999 0.4 -11.8
v 0.599999 0.4 -11.9
v 0.599999 0.5 -11.8
v 0.599999 0.5 -11.9
v 0.799999 0.4 -11.9
v 0.799999 0.4 -12
v 0.799999 0.5 -11.9
v 0.799999 0.5 -12
v 0.9 0.5 -10.6
v 0.9 0.5 -10.7
v 0.9 0.6 -10.6
v 0.9 0.6 -10.7
v 1.1 0.4 -12
v 1.1 0.4 -12.1
v 1.1 0.5 -12
v 1.1 0.5 -12.1
v 1.4 0.4 -12.1
v 1.4 0.4 -12.2
v 1.4 0.5 -12.1
v 1.4 0.5 -12.2
v 1.5 0.5 -10.7
v 1.5 0.5 -10.8
v 1.5 0.6 -10.7
v 1.5 0.6 -10.8
v 1.6 0.4 -12.2
v 1.6 0.4 -12.3
v 1.6 0.5 -12.2
v 1.6 0.5 -12.3
v 2.2 0.4 -12.3
v 2.2 0.4 -12.4
v 2.2 0.5 -10.8
v 2.2 0.5 -10.9
v 2.2 0.5 -12.3
v 2.2 0.5 -12.4
v 2.2 0.6 -10.8
v 2.2 0.6 -10.9
v 2.4 0.4 -12.4
v 2.4 0.4 -12.5
v 2.4 0.5 -12.4
v 2.4 0.5 -12.5
v 2.5 0.5 -10.9
v 2.5 0.5 -11
v 2.5 0.6 -10.9
v 2.5 0.6 -11
v 2.8 0.5 -11
v 2.8 0.5 -11.1
v 2.8 0.6 -11
v 2.8 0.6 -11.1
v 2.9 0.4 -12.5
v 2.9 0.4 -12.6
v 2.9 0.5 -12.5
v 2.9 0.5 -12.6
v 3.1 0.5 -11.1
v 3.1 0.5 -11.2
v 3.1 0.6 -11.1
v 3.1 0.6 -11.2
v 3.3 0.4 -12.6
v 3.3 0.4 -12.7
v 3.3 0.5 -11.2
v 3.3 0.5 -11.3
v 3.3 0.5 -12.6
v 3.3 0.5 -12.7
v 3.3 0.6 -11.2
v 3.3 0.6 -11.3
v 3.7 0.5 -11.3
v 3.7 0.5 -11.4
v 3.7 0.6 -11.3
v 3.7 0.6 -11.4
v 3.9 0.5 -11.4
v 3.9 0.5 -11.5
v 3.9 0.6 -11.4
v 3.9 0.6 -11.5
v 4.1 0.4 -12.7
v 4.1 0.4 -12.8
v 4.1 0.5 -11.5
v 4.1 0.5 -11.6
v 4.1 0.5 -12.7
v 4.1 0.5 -12.8
v 4.1 0.6 -11.5
v 4.1 0.6 -11.6
v 4.3 0.5 -11.6
v 4.3 0.5 -11.7
v 4.3 0.6 -11.6
v 4.3 0.6 -11.7
v 4.7 0.5 -11.7
v 4.7 0.5 -11.8
v 4.7 0.6 -11.7
v 4.7 0.6 -11.8
v 4.9 0.5 -11.8
v 4.9 0.5 -11.9
v 4.9 0.6 -11.8
v 4.9 0.6 -11.9
v 5 0.5 -11.9
v 5 0.5 -12
v 5 0.6 -11.9
v 5 0.6 -12
v 5.2 0.5 -12
v 5.2 0.5 -12.1
v 5.2 0.6 -12
v 5.2 0.6 -12.1
v 5.3 0.5 -12.1
v 5.3 0.5 -12.2
v 5.3 0.6 -12.1
v 5.3 0.6 -12.2
v 5.4 0.5 -12.2
v 5.4 0.5 -12.3
v 5.4 0.6 -12.2
v 5.4 0.6 -12.3
v 5.6 0.5 -12.3
v 5.6 0.5 -12.4
v 5.6 0.6 -12.3
v 5.6 0.6 -12.4
v 5.8 0.5 -12.4
v 5.8 0.5 -12.5
v 5.8 0.6 -12.4
v 5.8 0.6 -12.5
v 5.9 0.5 -12.5
v 5.9 0.5 -12.6
v 5.9 0.6 -12.5
v 5.9 0.6 -12.6
v 6.1 0.5 -12.6
v 6.1 0.5 -12.7
v 6.1 0.6 -12.6
v 6.1 0.6 -12.7
v 6.4 0.5 -12.7
v 6.4 0.5 -12.8
v 6.4 0.6 -12.7
v 6.4 0.6 -12.8
v -12.8 0.5 -5
v -12.8 0.6 -5
v -12.3 0.5 -5
v -12.3 0.6 -5
v -12.3 0.5 -5.1
v -12.3 0.6 -5.1
v -11.7 0.5 -5.1
v -11.7 0.6 -5.1
v -11.7 0.5 -5.2
v -11.7 0.6 -5.2
v -11.1 0.5 -5.2
v -11.1 0.6 -5.2
v -11.1 0.5 -5.3
v -11.1 0.6 -5.3
v -10.2 0.5 -5.3
v -10.2 0.6 -5.3
v -10.2 0.5 -5.4
v -10.2 0.6 -5.4
v -10.1 0.5 -5.4
v -10.1 0.6 -5.4
v -10.1 0.5 -5.5
v -10.1 0.6 -5.5
v -9.8 0.5 -5.5
v -9.8 0.6 -5.5
v -9.8 0.5 -5.6
v -9.8 0.6 -5.6
v -9.4 0.5 -5.6
v -9.4 0.6 -5.6
v -9.4 0.5 -5.7
v -9.4 0.6 -5.7
v -9.1 0.5 -5.7
v -9.1 0.6 -5.7
v -9.1 0.5 -5.8
v -9.1 0.6 -5.8
v -8.8 0.5 -5.8
v -8.8 0.6 -5.8
v -8.8 0.5 -5.9
v -8.8 0.6 -5.9
v -8.5 0.5 -5.9
v -8.5 0.6 -5.9
v -8.5 0.5 -6
v -8.5 0.6 -6
v -8.2 0.5 -6
v -8.2 0.6 -6
v -12.8 0.4 -6.1
v -12.8 0.5 -6.1
v -12 0.4 -6.1
v -12 0.5 -6.1
v -8.2 0.5 -6.1
v -8.2 0.6 -6.1
v -8 0.5 -6.1
v -8 0.6 -6.1
v -12 0.4 -6.2
v -12 0.5 -6.2
v -11.6 0.4 -6.2
v -11.6 0.5 -6.2
v -8 0.5 -6.2
v -8 0.6 -6.2
v -7.7 0.5 -6.2
v -7.7 0.6 -6.2
v -11.6 0.4 -6.3
v -11.6 0.5 -6.3
v -11.2 0.4 -6.3
v -11.2 0.5 -6.3
v -7.7 0.5 -6.3
v -7.7 0.6 -6.3
v -7.5 0.5 -6.3
v -7.5 0.6 -6.3
v -11.2 0.4 -6.4
v -11.2 0.5 -6.4
v -11.1 0.4 -6.4
v -11.1 0.5 -6.4
v -7.5 0.5 -6.4
v -7.5 0.6 -6.4
v -7.3 0.5 -6.4
v -7.3 0.6 -6.4
v -11.1 0.4 -6.5
v -11.1 0.5 -6.5
v -11 0.4 -6.5
v -11 0.5 -6.5
v -7.3 0.5 -6.5
v -7.3 0.6 -6.5
v -7.1 0.5 -6.5
v -7.1 0.6 -6.5
v -11 0.4 -6.6
v -11 0.5 -6.6
v -10.9 0.4 -6.6
v -10.9 0.5 -6.6
v -7.1 0.5 -6.6
v -7.1 0.6 -6.6
v -7 0.5 -6.6
v -7 0.6 -6.6
v -10.9 0.4 -6.7
v -10.9 0.5 -6.7
v -10.8 0.4 -6.7
v -10.8 0.5 -6.7
v -7 0.5 -6.7
v -7 0.6 -6.7
v -6.8 0.5 -6.7
v -6.8 0.6 -6.7
v -12.8 0.3 -6.8
v -12.8 0.4 -6.8
v -12.6 0.3 -6.8
v -12.6 0.4 -6.8
v -10.8 0.4 -6.8
v -10.8 0.5 -6.8
v -10.6 0.4 -6.8
v -10.6 0.5 -6.8
v -6.8 0.5 -6.8
v -6.8 0.6 -6.8
v -6.7 0.5 -6.8
v -6.7 0.6 -6.8
v -12.6 0.3 -6.9
v -12.6 0.4 -6.9
v -12.5 0.3 -6.9
v -12.5 0.4 -6.9
v -10.6 0.4 -6.9
v -10.6 0.5 -6.9
v -10.4 0.4 -6.9
v -10.4 0.5 -6.9
v -6.7 0.5 -6.9
v -6.7 0.6 -6.9
v -6.5 0.5 -6.9
v -6.5 0.6 -6.9
v -12.5 0.3 -7
v -12.5 0.4 -7
v -12.3 0.3 -7
v -12.3 0.4 -7
v -10.4 0.4 -7
v -10.4 0.5 -7
v -10.1 0.4 -7
v -10.1 0.5 -7
v -6.5 0.5 -7
v -6.5 0.6 -7
v -6.3 0.5 -7
v -6.3 0.6 -7
v -12.3 0.3 -7.1
v -12.3 0.4 -7.1
v -12 0.3 -7.1
v -12 0.4 -7.1
v -10.1 0.4 -7.1
v -10.1 0.5 -7.1
v -9.8 0.4 -7.1
v -9.8 0.5 -7.1
v -6.3 0.5 -7.1
v -6.3 0.6 -7.1
v -6 0.5 -7.1
v -6 0.6 -7.1
v -12 0.3 -7.2
v -12 0.4 -7.2
v -11.7 0.3 -7.2
v -11.7 0.4 -7.2
v -9.8 0.4 -7.2
v -9.8 0.5 -7.2
v -9.5 0.4 -7.2
v -9.5 0.5 -7.2
v -6 0.5 -7.2
v -6 0.6 -7.2
v -5.6 0.5 -7.2
v -5.6 0.6 -7.2
v -11.7 0.3 -7.3
v -11.7 0.4 -7.3
v -11.6 0.3 -7.3
v -11.6 0.4 -7.3
v -9.5 0.4 -7.3
v -9.5 0.5 -7.3
v -9.3 0.4 -7.3
v -9.3 0.5 -7.3
v -5.6 0.5 -7.3
v -5.6 0.6 -7.3
v -5.4 0.5 -7.3
v -5.4 0.6 -7.3
v -12.8 0.2 -7.4
v -12.8 0.3 -7.4
v -12.6 0.2 -7.4
v -12.6 0.3 -7.4
v -11.6 0.3 -7.4
v -11.6 0.4 -7.4
v -11.4 0.3 -7.4
v -11.4 0.4 -7.4
v -9.3 0.4 -7.4
v -9.3 0.5 -7.4
v -9.1 0.4 -7.4
v -9.1 0.5 -7.4
v -5.4 0.5 -7.4
v -5.4 0.6 -7.4
v -5.2 0.5 -7.4
v -5.2 0.6 -7.4
v -12.6 0.2 -7.5
v -12.6 0.3 -7.5
v -12.3 0.2 -7.5
v -12.3 0.3 -7.5
v -11.4 0.3 -7.5
v -11.4 0.4 -7.5
v -10.9 0.3 -7.5
v -10.9 0.4 -7.5
v -9.1 0.4 -7.5
v -9.1 0.5 -7.5
v -8.8 0.4 -7.5
v -8.8 0.5 -7.5
v -5.2 0.5 -7.5
v -5.2 0.6 -7.5
v -5.1 0.5 -7.5
v -5.1 0.6 -7.5
v -12.3 0.2 -7.6
v -12.3 0.3 -7.6
v -12.1 0.2 -7.6
v -12.1 0.3 -7.6
v -10.9 0.3 -7.6
v -10.9 0.4 -7.6
v -10.1 0.3 -7.6
v -10.1 0.4 -7.6
v -8.8 0.4 -7.6
v -8.8 0.5 -7.6
v -8.6 0.4 -7.6
v -8.6 0.5 -7.6
v -5.1 0.5 -7.6
v -5.1 0.6 -7.6
v -5 0.5 -7.6
v -5 0.6 -7.6
v -12.1 0.2 -7.7
v -12.1 0.3 -7.7
v -11.9 0.2 -7.7
v -11.9 0.3 -7.7
v -10.1 0.3 -7.7
v -10.1 0.4 -7.7
v -9.9 0.3 -7.7
v -9.9 0.4 -7.7
v -8.6 0.4 -7.7
v -8.6 0.5 -7.7
v -8.3 0.4 -7.7
v -8.3 0.5 -7.7
v -5 0.5 -7.7
v -5 0.6 -7.7
v -4.8 0.5 -7.7
v -4.8 0.6 -7.7
v -11.9 0.2 -7.8
v -11.9 0.3 -7.8
v -11.8 0.2 -7.8
v -11.8 0.3 -7.8
v -9.9 0.3 -7.8
v -9.9 0.4 -7.8
v -9.5 0.3 -7.8
v -9.5 0.4 -7.8
v -8.3 0.4 -7.8
v -8.3 0.5 -7.8
v -7.8 0.4 -7.8
v -7.8 0.5 -7.8
v -4.8 0.5 -7.8
v -4.8 0.6 -7.8
v -4.7 0.5 -7.8
v -4.7 0.6 -7.8
v -11.8 0.2 -7.9
v -11.8 0.3 -7.9
v -11.7 0.2 -7.9
v -11.7 0.3 -7.9
v -9.5 0.3 -7.9
v -9.5 0.4 -7.9
v -9.3 0.3 -7.9
v -9.3 0.4 -7.9
v -7.8 0.4 -7.9
v -7.8 0.5 -7.9
v -7.6 0.4 -7.9
v -7.6 0.5 -7.9
v -4.7 0.5 -7.9
v -4.7 0.6 -7.9
v -4.5 0.5 -7.9
v -4.5 0.6 -7.9
v -11.7 0.2 -8
v -11.7 0.3 -8
v -11.4 0.2 -8
v -11.4 0.3 -8
v -9.3 0.3 -8
v -9.3 0.4 -8
v -9.1 0.3 -8
v -9.1 0.4 -8
v -7.6 0.4 -8
v -7.6 0.5 -8
v -7.5 0.4 -8
v -7.5 0.5 -8
v -4.5 0.5 -8
v -4.5 0.6 -8
v -4.4 0.5 -8
v -4.4 0.6 -8
v -11.4 0.2 -8.1
v -11.4 0.3 -8.1
v -11.3 0.2 -8.1
v -11.3 0.3 -8.1
v -9.1 0.3 -8.1
v -9.1 0.4 -8.1
v -8.8 0.3 -8.1
v -8.8 0.4 -8.1
v -7.5 0.4 -8.1
v -7.5 0.5 -8.1
v -7 0.4 -8.1
v -7 0.5 -8.1
v -4.4 0.5 -8.1
v -4.4 0.6 -8.1
v -4.3 0.5 -8.1
v -4.3 0.6 -8.1
v -11.3 0.2 -8.2
v -11.3 0.3 -8.2
v -11.1 0.2 -8.2
v -11.1 0.3 -8.2
v -8.8 0.3 -8.2
v -8.8 0.4 -8.2
v -8.6 0.3 -8.2
v -8.6 0.4 -8.2
v -7 0.4 -8.2
v -7 0.5 -8.2
v -6.5 0.4 -8.2
v -6.5 0.5 -8.2
v -4.3 0.5 -8.2
v -4.3 0.6 -8.2
v -4.1 0.5 -8.2
v -4.1 0.6 -8.2
v -11.1 0.2 -8.3
v -11.1 0.3 -8.3
v -10.8 0.2 -8.3
v -10.8 0.3 -8.3
v -8.6 0.3 -8.3
v -8.6 0.4 -8.3
v -8.5 0.3 -8.3
v -8.5 0.4 -8.3
v -6.5 0.4 -8.3
v -6.5 0.5 -8.3
v -6 0.4 -8.3
v -6 0.5 -8.3
v -4.1 0.5 -8.3
v -4.1 0.6 -8.3
v -3.9 0.5 -8.3
v -3.9 0.6 -8.3
v -10.8 0.2 -8.4
v -10.8 0.3 -8.4
v -10.5 0.2 -8.4
v -10.5 0.3 -8.4
v -8.5 0.3 -8.4
v -8.5 0.4 -8.4
v -8.4 0.3 -8.4
v -8.4 0.4 -8.4
v -6 0.4 -8.4
v -6 0.5 -8.4
v -5.4 0.4 -8.4
v -5.4 0.5 -8.4
v -3.9 0.5 -8.4
v -3.9 0.6 -8.4
v -3.8 0.5 -8.4
v -3.8 0.6 -8.4
v -10.5 0.2 -8.5
v -10.5 0.3 -8.5
v -10.4 0.2 -8.5
v -10.4 0.3 -8.5
v -8.4 0.3 -8.5
v -8.4 0.4 -8.5
v -8.3 0.3 -8.5
v -8.3 0.4 -8.5
v -5.4 0.4 -8.5
v -5.4 0.5 -8.5
v -5.2 0.4 -8.5
v -5.2 0.5 -8.5
v -3.8 0.5 -8.5
v -3.8 0.6 -8.5
v -3.7 0.5 -8.5
v -3.7 0.6 -8.5
v -10.4 0.2 -8.6
v -10.4 0.3 -8.6
v -10.2 0.2 -8.6
v -10.2 0.3 -8.6
v -8.3 0.3 -8.6
v -8.3 0.4 -8.6
v -8.2 0.3 -8.6
v -8.2 0.4 -8.6
v -5.2 0.4 -8.6
v -5.2 0.5 -8.6
v -4.8 0.4 -8.6
v -4.8 0.5 -8.6
v -3.7 0.5 -8.6
v -3.7 0.6 -8.6
v -3.5 0.5 -8.6
v -3.5 0.6 -8.6
v -10.2 0.2 -8.7
v -10.2 0.3 -8.7
v -9.9 0.2 -8.7
v -9.9 0.3 -8.7
v -8.2 0.3 -8.7
v -8.2 0.4 -8.7
v -8.1 0.3 -8.7
v -8.1 0.4 -8.7
v -4.8 0.4 -8.7
v -4.8 0.5 -8.7
v -4.5 0.4 -8.7
v -4.5 0.5 -8.7
v -3.5 0.5 -8.7
v -3.5 0.6 -8.7
v -3.3 0.5 -8.7
v -3.3 0.6 -8.7
v -9.9 0.2 -8.8
v -9.9 0.3 -8.8
v -9.7 0.2 -8.8
v -9.7 0.3 -8.8
v -8.1 0.3 -8.8
v -8.1 0.4 -8.8
v -8 0.3 -8.8
v -8 0.4 -8.8
v -4.5 0.4 -8.8
v -4.5 0.5 -8.8
v -4.3 0.4 -8.8
v -4.3 0.5 -8.8
v -3.3 0.5 -8.8
v -3.3 0.6 -8.8
v -3.2 0.5 -8.8
v -3.2 0.6 -8.8
v -9.7 0.2 -8.9
v -9.7 0.3 -8.9
v -9.6 0.2 -8.9
v -9.6 0.3 -8.9
v -8 0.3 -8.9
v -8 0.4 -8.9
v -7.9 0.3 -8.9
v -7.9 0.4 -8.9
v -4.3 0.4 -8.9
v -4.3 0.5 -8.9
v -4.1 0.4 -8.9
v -4.1 0.5 -8.9
v -3.2 0.5 -8.9
v -3.2 0.6 -8.9
v -3 0.5 -8.9
v -3 0.6 -8.9
v -9.6 0.2 -9
v -9.6 0.3 -9
v -9.3 0.2 -9
v -9.3 0.3 -9
v -7.9 0.3 -9
v -7.9 0.4 -9
v -7.8 0.3 -9
v -7.8 0.4 -9
v -4.1 0.4 -9
v -4.1 0.5 -9
v -4 0.4 -9
v -4 0.5 -9
v -3 0.5 -9
v -3 0.6 -9
v -2.8 0.5 -9
v -2.8 0.6 -9
v -9.3 0.2 -9.1
v -9.3 0.3 -9.1
v -9.1 0.2 -9.1
v -9.1 0.3 -9.1
v -7.8 0.3 -9.1
v -7.8 0.4 -9.1
v -7.7 0.3 -9.1
v -7.7 0.4 -9.1
v -4 0.4 -9.1
v -4 0.5 -9.1
v -3.9 0.4 -9.1
v -3.9 0.5 -9.1
v -2.8 0.5 -9.1
v -2.8 0.6 -9.1
v -2.6 0.5 -9.1
v -2.6 0.6 -9.1
v -9.1 0.2 -9.2
v -9.1 0.3 -9.2
v -9 0.2 -9.2
v -9 0.3 -9.2
v -7.7 0.3 -9.2
v -7.7 0.4 -9.2
v -7.5 0.3 -9.2
v -7.5 0.4 -9.2
v -3.9 0.4 -9.2
v -3.9 0.5 -9.2
v -3.7 0.4 -9.2
v -3.7 0.5 -9.2
v -2.6 0.5 -9.2
v -2.6 0.6 -9.2
v -2.4 0.5 -9.2
v -2.4 0.6 -9.2
v -9 0.2 -9.3
v -9 0.3 -9.3
v -8.8 0.2 -9.3
v -8.8 0.3 -9.3
v -7.5 0.3 -9.3
v -7.5 0.4 -9.3
v -7.3 0.3 -9.3
v -7.3 0.4 -9.3
v -3.7 0.4 -9.3
v -3.7 0.5 -9.3
v -3.5 0.4 -9.3
v -3.5 0.5 -9.3
v -2.4 0.5 -9.3
v -2.4 0.6 -9.3
v -2.2 0.5 -9.3
v -2.2 0.6 -9.3
v -8.8 0.2 -9.4
v -8.8 0.3 -9.4
v -8.6 0.2 -9.4
v -8.6 0.3 -9.4
v -7.3 0.3 -9.4
v -7.3 0.4 -9.4
v -7.1 0.3 -9.4
v -7.1 0.4 -9.4
v -3.5 0.4 -9.4
v -3.5 0.5 -9.4
v -3.3 0.4 -9.4
v -3.3 0.5 -9.4
v -2.2 0.5 -9.4
v -2.2 0.6 -9.4
v -2 0.5 -9.4
v -2 0.6 -9.4
v -8.6 0.2 -9.5
v -8.6 0.3 -9.5
v -8.5 0.2 -9.5
v -8.5 0.3 -9.5
v -7.1 0.3 -9.5
v -7.1 0.4 -9.5
v -7 0.3 -9.5
v -7 0.4 -9.5
v -3.3 0.4 -9.5
v -3.3 0.5 -9.5
v -3.2 0.4 -9.5
v -3.2 0.5 -9.5
v -2 0.5 -9.5
v -2 0.6 -9.5
v -1.8 0.5 -9.5
v -1.8 0.6 -9.5
v -8.5 0.2 -9.6
v -8.5 0.3 -9.6
v -8.3 0.2 -9.6
v -8.3 0.3 -9.6
v -7 0.3 -9.6
v -7 0.4 -9.6
v -6.8 0.3 -9.6
v -6.8 0.4 -9.6
v -3.2 0.4 -9.6
v -3.2 0.5 -9.6
v -3 0.4 -9.6
v -3 0.5 -9.6
v -1.8 0.5 -9.6
v -1.8 0.6 -9.6
v -1.7 0.5 -9.6
v -1.7 0.6 -9.6
v -8.3 0.2 -9.7
v -8.3 0.3 -9.7
v -8.2 0.2 -9.7
v -8.2 0.3 -9.7
v -6.8 0.3 -9.7
v -6.8 0.4 -9.7
v -6.5 0.3 -9.7
v -6.5 0.4 -9.7
v -3 0.4 -9.7
v -3 0.5 -9.7
v -2.8 0.4 -9.7
v -2.8 0.5 -9.7
v -1.7 0.5 -9.7
v -1.7 0.6 -9.7
v -1.5 0.5 -9.7
v -1.5 0.6 -9.7
v -8.2 0.2 -9.8
v -8.2 0.3 -9.8
v -8.1 0.2 -9.8
v -8.1 0.3 -9.8
v -6.5 0.3 -9.8
v -6.5 0.4 -9.8
v -6.3 0.3 -9.8
v -6.3 0.4 -9.8
v -2.8 0.4 -9.8
v -2.8 0.5 -9.8
v -2.6 0.4 -9.8
v -2.6 0.5 -9.8
v -1.5 0.5 -9.8
v -1.5 0.6 -9.8
v -1.4 0.5 -9.8
v -1.4 0.6 -9.8
v -8.1 0.2 -9.9
v -8.1 0.3 -9.9
v -7.9 0.2 -9.9
v -7.9 0.3 -9.9
v -6.3 0.3 -9.9
v -6.3 0.4 -9.9
v -6.1 0.3 -9.9
v -6.1 0.4 -9.9
v -2.6 0.4 -9.9
v -2.6 0.5 -9.9
v -2.5 0.4 -9.9
v -2.5 0.5 -9.9
v -1.4 0.5 -9.9
v -1.4 0.6 -9.9
v -1.2 0.5 -9.9
v -1.2 0.6 -9.9
v -7.9 0.2 -10
v -7.9 0.3 -10
v -7.8 0.2 -10
v -7.8 0.3 -10
v -6.1 0.3 -10
v -6.1 0.4 -10
v -5.9 0.3 -10
v -5.9 0.4 -10
v -2.5 0.4 -10
v -2.5 0.5 -10
v -2.4 0.4 -10
v -2.4 0.5 -10
v -1.2 0.5 -10
v -1.2 0.6 -10
v -1 0.5 -10
v -1 0.6 -10
v -7.8 0.2 -10.1
v -7.8 0.3 -10.1
v -7.7 0.2 -10.1
v -7.7 0.3 -10.1
v -5.9 0.3 -10.1
v -5.9 0.4 -10.1
v -5.7 0.3 -10.1
v -5.7 0.4 -10.1
v -2.4 0.4 -10.1
v -2.4 0.5 -10.1
v -2.3 0.4 -10.1
v -2.3 0.5 -10.1
v -1 0.5 -10.1
v -1 0.6 -10.1
v -0.8 0.5 -10.1
v -0.8 0.6 -10.1
v -7.7 0.2 -10.2
v -7.7 0.3 -10.2
v -7.6 0.2 -10.2
v -7.6 0.3 -10.2
v -5.7 0.3 -10.2
v -5.7 0.4 -10.2
v -5.5 0.3 -10.2
v -5.5 0.4 -10.2
v -2.3 0.4 -10.2
v -2.3 0.5 -10.2
v -2.2 0.4 -10.2
v -2.2 0.5 -10.2
v -0.8 0.5 -10.2
v -0.8 0.6 -10.2
v -0.6 0.5 -10.2
v -0.6 0.6 -10.2
v -7.6 0.2 -10.3
v -7.6 0.3 -10.3
v -7.4 0.2 -10.3
v -7.4 0.3 -10.3
v -5.5 0.3 -10.3
v -5.5 0.4 -10.3
v -5.3 0.3 -10.3
v -5.3 0.4 -10.3
v -2.2 0.4 -10.3
v -2.2 0.5 -10.3
v -2 0.4 -10.3
v -2 0.5 -10.3
v -0.6 0.5 -10.3
v -0.6 0.6 -10.3
v -0.200001 0.5 -10.3
v -0.200001 0.6 -10.3
v -12.8 0.1 -10.4
v -12.8 0.2 -10.4
v -12.7 0.1 -10.4
v -12.7 0.2 -10.4
v -7.4 0.2 -10.4
v -7.4 0.3 -10.4
v -7.3 0.2 -10.4
v -7.3 0.3 -10.4
v -0.200001 0.5 -10.4
v -0.200001 0.6 -10.4
v 0.0999994 0.5 -10.4
v 0.0999994 0.6 -10.4
v -12.7 0.1 -10.5
v -12.7 0.2 -10.5
v -12.6 0.1 -10.5
v -12.6 0.2 -10.5
v -7.3 0.2 -10.5
v -7.3 0.3 -10.5
v -7.2 0.2 -10.5
v -7.2 0.3 -10.5
v -5.3 0.3 -10.5
v -5.3 0.4 -10.5
v -5 0.3 -10.5
v -5 0.4 -10.5
v -2 0.4 -10.5
v -2 0.5 -10.5
v -1.9 0.4 -10.5
v -1.9 0.5 -10.5
v 0.0999994 0.5 -10.5
v 0.0999994 0.6 -10.5
v 0.4 0.5 -10.5
v 0.4 0.6 -10.5
v -12.6 0.1 -10.6
v -12.6 0.2 -10.6
v -12.4 0.1 -10.6
v -12.4 0.2 -10.6
v -5 0.3 -10.6
v -5 0.4 -10.6
v -4.9 0.3 -10.6
v -4.9 0.4 -10.6
v -1.9 0.4 -10.6
v -1.9 0.5 -10.6
v -1.7 0.4 -10.6
v -1.7 0.5 -10.6
v 0.4 0.5 -10.6
v 0.4 0.6 -10.6
v 0.9 0.5 -10.6
v 0.9 0.6 -10.6
v -12.4 0.1 -10.7
v -12.4 0.2 -10.7
v -11.9 0.1 -10.7
v -11.9 0.2 -10.7
v -7.2 0.2 -10.7
v -7.2 0.3 -10.7
v -7.1 0.2 -10.7
v -7.1 0.3 -10.7
v -4.9 0.3 -10.7
v -4.9 0.4 -10.7
v -4.7 0.3 -10.7
v -4.7 0.4 -10.7
v -1.7 0.4 -10.7
v -1.7 0.5 -10.7
v -1.6 0.4 -10.7
v -1.6 0.5 -10.7
v 0.9 0.5 -10.7
v 0.9 0.6 -10.7
v 1.5 0.5 -10.7
v 1.5 0.6 -10.7
v -11.9 0.1 -10.8
v -11.9 0.2 -10.8
v -11.7 0.1 -10.8
v -11.7 0.2 -10.8
v -7.1 0.2 -10.8
v -7.1 0.3 -10.8
v -7 0.2 -10.8
v -7 0.3 -10.8
v -4.7 0.3 -10.8
v -4.7 0.4 -10.8
v -4.5 0.3 -10.8
v -4.5 0.4 -10.8
v -1.6 0.4 -10.8
v -1.6 0.5 -10.8
v -1.5 0.4 -10.8
v -1.5 0.5 -10.8
v 1.5 0.5 -10.8
v 1.5 0.6 -10.8
v 2.2 0.5 -10.8
v 2.2 0.6 -10.8
v -11.7 0.1 -10.9
v -11.7 0.2 -10.9
v -11.4 0.1 -10.9
v -11.4 0.2 -10.9
v -7 0.2 -10.9
v -7 0.3 -10.9
v -6.8 0.2 -10.9
v -6.8 0.3 -10.9
v -4.5 0.3 -10.9
v -4.5 0.4 -10.9
v -4.3 0.3 -10.9
v -4.3 0.4 -10.9
v -1.5 0.4 -10.9
v -1.5 0.5 -10.9
v -1.3 0.4 -10.9
v -1.3 0.5 -10.9
v 2.2 0.5 -10.9
v 2.2 0.6 -10.9
v 2.5 0.5 -10.9
v 2.5 0.6 -10.9
v -11.4 0.1 -11
v -11.4 0.2 -11
v -10.8 0.1 -11
v -10.8 0.2 -11
v -10.5 0.1 -11
v -10.5 0.2 -11
v -10.4 0.1 -11
v -10.4 0.2 -11
v -6.8 0.2 -11
v -6.8 0.3 -11
v -6.6 0.2 -11
v -6.6 0.3 -11
v -4.3 0.3 -11
v -4.3 0.4 -11
v -4.1 0.3 -11
v -4.1 0.4 -11
v -1.3 0.4 -11
v -1.3 0.5 -11
v -1.2 0.4 -11
v -1.2 0.5 -11
v 2.5 0.5 -11
v 2.5 0.6 -11
v 2.8 0.5 -11
v 2.8 0.6 -11
v -10.8 0.1 -11.1
v -10.8 0.2 -11.1
v -10.5 0.1 -11.1
v -10.5 0.2 -11.1
v -10.4 0.1 -11.1
v -10.4 0.2 -11.1
v -10.1 0.1 -11.1
v -10.1 0.2 -11.1
v -6.6 0.2 -11.1
v -6.6 0.3 -11.1
v -6.5 0.2 -11.1
v -6.5 0.3 -11.1
v -4.1 0.3 -11.1
v -4.1 0.4 -11.1
v -3.9 0.3 -11.1
v -3.9 0.4 -11.1
v -1.2 0.4 -11.1
v -1.2 0.5 -11.1
v -1.1 0.4 -11.1
v -1.1 0.5 -11.1
v 2.8 0.5 -11.1
v 2.8 0.6 -11.1
v 3.1 0.5 -11.1
v 3.1 0.6 -11.1
v -10.1 0.1 -11.2
v -10.1 0.2 -11.2
v -10 0.1 -11.2
v -10 0.2 -11.2
v -6.5 0.2 -11.2
v -6.5 0.3 -11.2
v -6.4 0.2 -11.2
v -6.4 0.3 -11.2
v -3.9 0.3 -11.2
v -3.9 0.4 -11.2
v -3.6 0.3 -11.2
v -3.6 0.4 -11.2
v -1.1 0.4 -11.2
v -1.1 0.5 -11.2
v -0.700001 0.4 -11.2
v -0.700001 0.5 -11.2
v 3.1 0.5 -11.2
v 3.1 0.6 -11.2
v 3.3 0.5 -11.2
v 3.3 0.6 -11.2
v -10 0.1 -11.3
v -10 0.2 -11.3
v -9.8 0.1 -11.3
v -9.8 0.2 -11.3
v -6.4 0.2 -11.3
v -6.4 0.3 -11.3
v -6.3 0.2 -11.3
v -6.3 0.3 -11.3
v -3.6 0.3 -11.3
v -3.6 0.4 -11.3
v -3.4 0.3 -11.3
v -3.4 0.4 -11.3
v -0.700001 0.4 -11.3
v -0.700001 0.5 -11.3
v -0.5 0.4 -11.3
v -0.5 0.5 -11.3
v 3.3 0.5 -11.3
v 3.3 0.6 -11.3
v 3.7 0.5 -11.3
v 3.7 0.6 -11.3
v -9.8 0.1 -11.4
v -9.8 0.2 -11.4
v -9.4 0.1 -11.4
v -9.4 0.2 -11.4
v -6.3 0.2 -11.4
v -6.3 0.3 -11.4
v -6.2 0.2 -11.4
v -6.2 0.3 -11.4
v -3.4 0.3 -11.4
v -3.4 0.4 -11.4
v -3.3 0.3 -11.4
v -3.3 0.4 -11.4
v -0.5 0.4 -11.4
v -0.5 0.5 -11.4
v -0.200001 0.4 -11.4
v -0.200001 0.5 -11.4
v 3.7 0.5 -11.4
v 3.7 0.6 -11.4
v 3.9 0.5 -11.4
v 3.9 0.6 -11.4
v -9.4 0.1 -11.5
v -9.4 0.2 -11.5
v -9.3 0.1 -11.5
v -9.3 0.2 -11.5
v -6.2 0.2 -11.5
v -6.2 0.3 -11.5
v -6.1 0.2 -11.5
v -6.1 0.3 -11.5
v -3.3 0.3 -11.5
v -3.3 0.4 -11.5
v -3 0.3 -11.5
v -3 0.4 -11.5
v -0.200001 0.4 -11.5
v -0.200001 0.5 -11.5
v 0.0999994 0.4 -11.5
v 0.0999994 0.5 -11.5
v 3.9 0.5 -11.5
v 3.9 0.6 -11.5
v 4.1 0.5 -11.5
v 4.1 0.6 -11.5
v -9.3 0.1 -11.6
v -9.3 0.2 -11.6
v -9.2 0.1 -11.6
v -9.2 0.2 -11.6
v -6.1 0.2 -11.6
v -6.1 0.3 -11.6
v -6 0.2 -11.6
v -6 0.3 -11.6
v -3 0.3 -11.6
v -3 0.4 -11.6
v -2.8 0.3 -11.6
v -2.8 0.4 -11.6
v 0.0999994 0.4 -11.6
v 0.0999994 0.5 -11.6
v 0.299999 0.4 -11.6
v 0.299999 0.5 -11.6
v 4.1 0.5 -11.6
v 4.1 0.6 -11.6
v 4.3 0.5 -11.6
v 4.3 0.6 -11.6
v -9.2 0.1 -11.7
v -9.2 0.2 -11.7
v -9.1 0.1 -11.7
v -9.1 0.2 -11.7
v -6 0.2 -11.7
v -6 0.3 -11.7
v -5.9 0.2 -11.7
v -5.9 0.3 -11.7
v -2.8 0.3 -11.7
v -2.8 0.4 -11.7
v -2.4 0.3 -11.7
v -2.4 0.4 -11.7
v 0.299999 0.4 -11.7
v 0.299999 0.5 -11.7
v 0.5 0.4 -11.7
v 0.5 0.5 -11.7
v 4.3 0.5 -11.7
v 4.3 0.6 -11.7
v 4.7 0.5 -11.7
v 4.7 0.6 -11.7
v -9.1 0.1 -11.8
v -9.1 0.2 -11.8
v -9 0.1 -11.8
v -9 0.2 -11.8
v -5.9 0.2 -11.8
v -5.9 0.3 -11.8
v -5.8 0.2 -11.8
v -5.8 0.3 -11.8
v -2.4 0.3 -11.8
v -2.4 0.4 -11.8
v -2.2 0.3 -11.8
v -2.2 0.4 -11.8
v 0.5 0.4 -11.8
v 0.5 0.5 -11.8
v 0.599999 0.4 -11.8
v 0.599999 0.5 -11.8
v 4.7 0.5 -11.8
v 4.7 0.6 -11.8
v 4.9 0.5 -11.8
v 4.9 0.6 -11.8
v -5.8 0.2 -11.9
v -5.8 0.3 -11.9
v -5.7 0.2 -11.9
v -5.7 0.3 -11.9
v -2.2 0.3 -11.9
v -2.2 0.4 -11.9
v -2.1 0.3 -11.9
v -2.1 0.4 -11.9
v 0.599999 0.4 -11.9
v 0.599999 0.5 -11.9
v 0.799999 0.4 -11.9
v 0.799999 0.5 -11.9
v 4.9 0.5 -11.9
v 4.9 0.6 -11.9
v 5 0.5 -11.9
v 5 0.6 -11.9
v -9 0.1 -12
v -9 0.2 -12
v -8.8 0.1 -12
v -8.8 0.2 -12
v -5.7 0.2 -12
v -5.7 0.3 -12
v -5.6 0.2 -12
v -5.6 0.3 -12
v -2.1 0.3 -12
v -2.1 0.4 -12
v -1.9 0.3 -12
v -1.9 0.4 -12
v 0.799999 0.4 -12
v 0.799999 0.5 -12
v 1.1 0.4 -12
v 1.1 0.5 -12
v 5 0.5 -12
v 5 0.6 -12
v 5.2 0.5 -12
v 5.2 0.6 -12
v -8.8 0.1 -12.1
v -8.8 0.2 -12.1
v -8.7 0.1 -12.1
v -8.7 0.2 -12.1
v -5.6 0.2 -12.1
v -5.6 0.3 -12.1
v -5.3 0.2 -12.1
v -5.3 0.3 -12.1
v -1.9 0.3 -12.1
v -1.9 0.4 -12.1
v -1.5 0.3 -12.1
v -1.5 0.4 -12.1
v 1.1 0.4 -12.1
v 1.1 0.5 -12.1
v 1.4 0.4 -12.1
v 1.4 0.5 -12.1
v 5.2 0.5 -12.1
v 5.2 0.6 -12.1
v 5.3 0.5 -12.1
v 5.3 0.6 -12.1
v -8.7 0.1 -12.2
v -8.7 0.2 -12.2
v -8.5 0.1 -12.2
v -8.5 0.2 -12.2
v -5.3 0.2 -12.2
v -5.3 0.3 -12.2
v -5.2 0.2 -12.2
v -5.2 0.3 -12.2
v -1.5 0.3 -12.2
v -1.5 0.4 -12.2
v -1.4 0.3 -12.2
v -1.4 0.4 -12.2
v 1.4 0.4 -12.2
v 1.4 0.5 -12.2
v 1.6 0.4 -12.2
v 1.6 0.5 -12.2
v 5.3 0.5 -12.2
v 5.3 0.6 -12.2
v 5.4 0.5 -12.2
v 5.4 0.6 -12.2
v -8.5 0.1 -12.3
v -8.5 0.2 -12.3
v -8.2 0.1 -12.3
v -8.2 0.2 -12.3
v -5.2 0.2 -12.3
v -5.2 0.3 -12.3
v -5 0.2 -12.3
v -5 0.3 -12.3
v -1.4 0.3 -12.3
v -1.4 0.4 -12.3
v -1.1 0.3 -12.3
v -1.1 0.4 -12.3
v 1.6 0.4 -12.3
v 1.6 0.5 -12.3
v 2.2 0.4 -12.3
v 2.2 0.5 -12.3
v 5.4 0.5 -12.3
v 5.4 0.6 -12.3
v 5.6 0.5 -12.3
v 5.6 0.6 -12.3
v -8.2 0.1 -12.4
v -8.2 0.2 -12.4
v -8.1 0.1 -12.4
v -8.1 0.2 -12.4
v -5 0.2 -12.4
v -5 0.3 -12.4
v -4.8 0.2 -12.4
v -4.8 0.3 -12.4
v -1.1 0.3 -12.4
v -1.1 0.4 -12.4
v -0.900001 0.3 -12.4
v -0.900001 0.4 -12.4
v 2.2 0.4 -12.4
v 2.2 0.5 -12.4
v 2.4 0.4 -12.4
v 2.4 0.5 -12.4
v 5.6 0.5 -12.4
v 5.6 0.6 -12.4
v 5.8 0.5 -12.4
v 5.8 0.6 -12.4
v -8.1 0.1 -12.5
v -8.1 0.2 -12.5
v -7.9 0.1 -12.5
v -7.9 0.2 -12.5
v -7.5 0.1 -12.5
v -7.5 0.2 -12.5
v -7.3 0.1 -12.5
v -7.3 0.2 -12.5
v -4.8 0.2 -12.5
v -4.8 0.3 -12.5
v -4.6 0.2 -12.5
v -4.6 0.3 -12.5
v -0.900001 0.3 -12.5
v -0.900001 0.4 -12.5
v -0.700001 0.3 -12.5
v -0.700001 0.4 -12.5
v 2.4 0.4 -12.5
v 2.4 0.5 -12.5
v 2.9 0.4 -12.5
v 2.9 0.5 -12.5
v 5.8 0.5 -12.5
v 5.8 0.6 -12.5
v 5.9 0.5 -12.5
v 5.9 0.6 -12.5
v -7.9 0.1 -12.6
v -7.9 0.2 -12.6
v -7.5 0.1 -12.6
v -7.5 0.2 -12.6
v -7.3 0.1 -12.6
v -7.3 0.2 -12.6
v -7.2 0.1 -12.6
v -7.2 0.2 -12.6
v -4.6 0.2 -12.6
v -4.6 0.3 -12.6
v -4.4 0.2 -12.6
v -4.4 0.3 -12.6
v -0.700001 0.3 -12.6
v -0.700001 0.4 -12.6
v -0.400001 0.3 -12.6
v -0.400001 0.4 -12.6
v 2.9 0.4 -12.6
v 2.9 0.5 -12.6
v 3.3 0.4 -12.6
v 3.3 0.5 -12.6
v 5.9 0.5 -12.6
v 5.9 0.6 -12.6
v 6.1 0.5 -12.6
v 6.1 0.6 -12.6
v -7.2 0.1 -12.7
v -7.2 0.2 -12.7
v -7.1 0.1 -12.7
v -7.1 0.2 -12.7
v -0.400001 0.3 -12.7
v -0.400001 0.4 -12.7
v 0 0.3 -12.7
v 0 0.4 -12.7
v 3.3 0.4 -12.7
v 3.3 0.5 -12.7
v 4.1 0.4 -12.7
v 4.1 0.5 -12.7
v 6.1 0.5 -12.7
v 6.1 0.6 -12.7
v 6.4 0.5 -12.7
v 6.4 0.6 -12.7
v -12.8 0.1 -12.8
v -12.8 0.6 -12.8
v -7.1 0.1 -12.8
v -7.1 0.2 -12.8
v -4.4 0.2 -12.8
v -4.4 0.3 -12.8
v 0 0.3 -12.8
v 0 0.4 -12.8
v 4.1 0.4 -12.8
v 4.1 0.5 -12.8
v 6.4 0.5 -12.8
v 6.4 0.6 -12.8
v -12.8 0.1 -10.4
v -12.7 0.1 -10.4
v -12.7 0.1 -10.5
v -12.6 0.1 -10.5
v -12.6 0.1 -10.6
v -12.4 0.1 -10.6
v -12.4 0.1 -10.7
v -11.9 0.1 -10.7
v -11.9 0.1 -10.8
v -11.7 0.1 -10.8
v -11.7 0.1 -10.9
v -11.4 0.1 -10.9
v -11.4 0.1 -11
v -10.8 0.1 -11
v -10.5 0.1 -11
v -10.4 0.1 -11
v -10.8 0.1 -11.1
v -10.5 0.1 -11.1
v -10.4 0.1 -11.1
v -10.1 0.1 -11.1
v -10.1 0.1 -11.2
v -10 0.1 -11.2
v -10 0.1 -11.3
v -9.8 0.1 -11.3
v -9.8 0.1 -11.4
v -9.4 0.1 -11.4
v -9.4 0.1 -11.5
v -9.3 0.1 -11.5
v -9.3 0.1 -11.6
v -9.2 0.1 -11.6
v -9.2 0.1 -11.7
v -9.1 0.1 -11.7
v -9.1 0.1 -11.8
v -9 0.1 -11.8
v -9 0.1 -12
v -8.8 0.1 -12
v -8.8 0.1 -12.1
v -8.7 0.1 -12.1
v -8.7 0.1 -12.2
v -8.5 0.1 -12.2
v -8.5 0.1 -12.3
v -8.2 0.1 -12.3
v -8.2 0.1 -12.4
v -8.1 0.1 -12.4
v -8.1 0.1 -12.5
v -7.9 0.1 -12.5
v -7.5 0.1 -12.5
v -7.3 0.1 -12.5
v -7.9 0.1 -12.6
v -7.5 0.1 -12.6
v -7.3 0.1 -12.6
v -7.2 0.1 -12.6
v -7.2 0.1 -12.7
v -7.1 0.1 -12.7
v -12.8 0.1 -12.8
v -7.1 0.1 -12.8
v -12.8 0.2 -7.4
v -12.6 0.2 -7.4
v -12.6 0.2 -7.5
v -12.3 0.2 -7.5
v -12.3 0.2 -7.6
v -12.1 0.2 -7.6
v -12.1 0.2 -7.7
v -11.9 0.2 -7.7
v -11.9 0.2 -7.8
v -11.8 0.2 -7.8
v -11.8 0.2 -7.9
v -11.7 0.2 -7.9
v -11.7 0.2 -8
v -11.4 0.2 -8
v -11.4 0.2 -8.1
v -11.3 0.2 -8.1
v -11.3 0.2 -8.2
v -11.1 0.2 -8.2
v -11.1 0.2 -8.3
v -10.8 0.2 -8.3
v -10.8 0.2 -8.4
v -10.5 0.2 -8.4
v -10.5 0.2 -8.5
v -10.4 0.2 -8.5
v -10.4 0.2 -8.6
v -10.2 0.2 -8.6
v -10.2 0.2 -8.7
v -9.9 0.2 -8.7
v -9.9 0.2 -8.8
v -9.7 0.2 -8.8
v -9.7 0.2 -8.9
v -9.6 0.2 -8.9
v -9.6 0.2 -9
v -9.3 0.2 -9
v -9.3 0.2 -9.1
v -9.1 0.2 -9.1
v -9.1 0.2 -9.2
v -9 0.2 -9.2
v -9 0.2 -9.3
v -8.8 0.2 -9.3
v -8.8 0.2 -9.4
v -8.6 0.2 -9.4
v -8.6 0.2 -9.5
v -8.5 0.2 -9.5
v -8.5 0.2 -9.6
v -8.3 0.2 -9.6
v -8.3 0.2 -9.7
v -8.2 0.2 -9.7
v -8.2 0.2 -9.8
v -8.1 0.2 -9.8
v -8.1 0.2 -9.9
v -7.9 0.2 -9.9
v -7.9 0.2 -10
v -7.8 0.2 -10
v -7.8 0.2 -10.1
v -7.7 0.2 -10.1
v -7.7 0.2 -10.2
v -7.6 0.2 -10.2
v -7.6 0.2 -10.3
v -7.4 0.2 -10.3
v -12.8 0.2 -10.4
v -12.7 0.2 -10.4
v -7.4 0.2 -10.4
v -7.3 0.2 -10.4
v -12.7 0.2 -10.5
v -12.6 0.2 -10.5
v -7.3 0.2 -10.5
v -7.2 0.2 -10.5
v -12.6 0.2 -10.6
v -12.4 0.2 -10.6
v -12.4 0.2 -10.7
v -11.9 0.2 -10.7
v -7.2 0.2 -10.7
v -7.1 0.2 -10.7
v -11.9 0.2 -10.8
v -11.7 0.2 -10.8
v -7.1 0.2 -10.8
v -7 0.2 -10.8
v -11.7 0.2 -10.9
v -11.4 0.2 -10.9
v -7 0.2 -10.9
v -6.8 0.2 -10.9
v -11.4 0.2 -11
v -10.8 0.2 -11
v -10.5 0.2 -11
v -10.4 0.2 -11
v -6.8 0.2 -11
v -6.6 0.2 -11
v -10.8 0.2 -11.1
v -10.5 0.2 -11.1
v -10.4 0.2 -11.1
v -10.1 0.2 -11.1
v -6.6 0.2 -11.1
v -6.5 0.2 -11.1
v -10.1 0.2 -11.2
v -10 0.2 -11.2
v -6.5 0.2 -11.2
v -6.4 0.2 -11.2
v -10 0.2 -11.3
v -9.8 0.2 -11.3
v -6.4 0.2 -11.3
v -6.3 0.2 -11.3
v -9.8 0.2 -11.4
v -9.4 0.2 -11.4
v -6.3 0.2 -11.4
v -6.2 0.2 -11.4
v -9.4 0.2 -11.5
v -9.3 0.2 -11.5
v -6.2 0.2 -11.5
v -6.1 0.2 -11.5
v -9.3 0.2 -11.6
v -9.2 0.2 -11.6
v -6.1 0.2 -11.6
v -6 0.2 -11.6
v -9.2 0.2 -11.7
v -9.1 0.2 -11.7
v -6 0.2 -11.7
v -5.9 0.2 -11.7
v -9.1 0.2 -11.8
v -9 0.2 -11.8
v -5.9 0.2 -11.8
v -5.8 0.2 -11.8
v -5.8 0.2 -11.9
v -5.7 0.2 -11.9
v -9 0.2 -12
v -8.8 0.2 -12
v -5.7 0.2 -12
v -5.6 0.2 -12
v -8.8 0.2 -12.1
v -8.7 0.2 -12.1
v -5.6 0.2 -12.1
v -5.3 0.2 -12.1
v -8.7 0.2 -12.2
v -8.5 0.2 -12.2
v -5.3 0.2 -12.2
v -5.2 0.2 -12.2
v -8.5 0.2 -12.3
v -8.2 0.2 -12.3
v -5.2 0.2 -12.3
v -5 0.2 -12.3
v -8.2 0.2 -12.4
v -8.1 0.2 -12.4
v -5 0.2 -12.4
v -4.8 0.2 -12.4
v -8.1 0.2 -12.5
v -7.9 0.2 -12.5
v -7.5 0.2 -12.5
v -7.3 0.2 -12.5
v -4.8 0.2 -12.5
v -4.6 0.2 -12.5
v -7.9 0.2 -12.6
v -7.5 0.2 -12.6
v -7.3 0.2 -12.6
v -7.2 0.2 -12.6
v -4.6 0.2 -12.6
v -4.4 0.2 -12.6
v -7.2 0.2 -12.7
v -7.1 0.2 -12.7
v -7.1 0.2 -12.8
v -4.4 0.2 -12.8
v -12.8 0.3 -6.8
v -12.6 0.3 -6.8
v -12.6 0.3 -6.9
v -12.5 0.3 -6.9
v -12.5 0.3 -7
v -12.3 0.3 -7
v -12.3 0.3 -7.1
v -12 0.3 -7.1
v -12 0.3 -7.2
v -11.7 0.3 -7.2
v -11.7 0.3 -7.3
v -11.6 0.3 -7.3
v -12.8 0.3 -7.4
v -12.6 0.3 -7.4
v -11.6 0.3 -7.4
v -11.4 0.3 -7.4
v -12.6 0.3 -7.5
v -12.3 0.3 -7.5
v -11.4 0.3 -7.5
v -10.9 0.3 -7.5
v -12.3 0.3 -7.6
v -12.1 0.3 -7.6
v -10.9 0.3 -7.6
v -10.1 0.3 -7.6
v -12.1 0.3 -7.7
v -11.9 0.3 -7.7
v -10.1 0.3 -7.7
v -9.9 0.3 -7.7
v -11.9 0.3 -7.8
v -11.8 0.3 -7.8
v -9.9 0.3 -7.8
v -9.5 0.3 -7.8
v -11.8 0.3 -7.9
v -11.7 0.3 -7.9
v -9.5 0.3 -7.9
v -9.3 0.3 -7.9
v -11.7 0.3 -8
v -11.4 0.3 -8
v -9.3 0.3 -8
v -9.1 0.3 -8
v -11.4 0.3 -8.1
v -11.3 0.3 -8.1
v -9.1 0.3 -8.1
v -8.8 0.3 -8.1
v -11.3 0.3 -8.2
v -11.1 0.3 -8.2
v -8.8 0.3 -8.2
v -8.6 0.3 -8.2
v -11.1 0.3 -8.3
v -10.8 0.3 -8.3
v -8.6 0.3 -8.3
v -8.5 0.3 -8.3
v -10.8 0.3 -8.4
v -10.5 0.3 -8.4
v -8.5 0.3 -8.4
v -8.4 0.3 -8.4
v -10.5 0.3 -8.5
v -10.4 0.3 -8.5
v -8.4 0.3 -8.5
v -8.3 0.3 -8.5
v -10.4 0.3 -8.6
v -10.2 0.3 -8.6
v -8.3 0.3 -8.6
v -8.2 0.3 -8.6
v -10.2 0.3 -8.7
v -9.9 0.3 -8.7
v -8.2 0.3 -8.7
v -8.1 0.3 -8.7
v -9.9 0.3 -8.8
v -9.7 0.3 -8.8
v -8.1 0.3 -8.8
v -8 0.3 -8.8
v -9.7 0.3 -8.9
v -9.6 0.3 -8.9
v -8 0.3 -8.9
v -7.9 0.3 -8.9
v -9.6 0.3 -9
v -9.3 0.3 -9
v -7.9 0.3 -9
v -7.8 0.3 -9
v -9.3 0.3 -9.1
v -9.1 0.3 -9.1
v -7.8 0.3 -9.1
v -7.7 0.3 -9.1
v -9.1 0.3 -9.2
v -9 0.3 -9.2
v -7.7 0.3 -9.2
v -7.5 0.3 -9.2
v -9 0.3 -9.3
v -8.8 0.3 -9.3
v -7.5 0.3 -9.3
v -7.3 0.3 -9.3
v -8.8 0.3 -9.4
v -8.6 0.3 -9.4
v -7.3 0.3 -9.4
v -7.1 0.3 -9.4
v -8.6 0.3 -9.5
v -8.5 0.3 -9.5
v -7.1 0.3 -9.5
v -7 0.3 -9.5
v -8.5 0.3 -9.6
v -8.3 0.3 -9.6
v -7 0.3 -9.6
v -6.8 0.3 -9.6
v -8.3 0.3 -9.7
v -8.2 0.3 -9.7
v -6.8 0.3 -9.7
v -6.5 0.3 -9.7
v -8.2 0.3 -9.8
v -8.1 0.3 -9.8
v -6.5 0.3 -9.8
v -6.3 0.3 -9.8
v -8.1 0.3 -9.9
v -7.9 0.3 -9.9
v -6.3 0.3 -9.9
v -6.1 0.3 -9.9
v -7.9 0.3 -10
v -7.8 0.3 -10
v -6.1 0.3 -10
v -5.9 0.3 -10
v -7.8 0.3 -10.1
v -7.7 0.3 -10.1
v -5.9 0.3 -10.1
v -5.7 0.3 -10.1
v -7.7 0.3 -10.2
v -7.6 0.3 -10.2
v -5.7 0.3 -10.2
v -5.5 0.3 -10.2
v -7.6 0.3 -10.3
v -7.4 0.3 -10.3
v -5.5 0.3 -10.3
v -5.3 0.3 -10.3
v -7.4 0.3 -10.4
v -7.3 0.3 -10.4
v -7.3 0.3 -10.5
v -7.2 0.3 -10.5
v -5.3 0.3 -10.5
v -5 0.3 -10.5
v -5 0.3 -10.6
v -4.9 0.3 -10.6
v -7.2 0.3 -10.7
v -7.1 0.3 -10.7
v -4.9 0.3 -10.7
v -4.7 0.3 -10.7
v -7.1 0.3 -10.8
v -7 0.3 -10.8
v -4.7 0.3 -10.8
v -4.5 0.3 -10.8
v -7 0.3 -10.9
v -6.8 0.3 -10.9
v -4.5 0.3 -10.9
v -4.3 0.3 -10.9
v -6.8 0.3 -11
v -6.6 0.3 -11
v -4.3 0.3 -11
v -4.1 0.3 -11
v -6.6 0.3 -11.1
v -6.5 0.3 -11.1
v -4.1 0.3 -11.1
v -3.9 0.3 -11.1
v -6.5 0.3 -11.2
v -6.4 0.3 -11.2
v -3.9 0.3 -11.2
v -3.6 0.3 -11.2
v -6.4 0.3 -11.3
v -6.3 0.3 -11.3
v -3.6 0.3 -11.3
v -3.4 0.3 -11.3
v -6.3 0.3 -11.4
v -6.2 0.3 -11.4
v -3.4 0.3 -11.4
v -3.3 0.3 -11.4
v -6.2 0.3 -11.5
v -6.1 0.3 -11.5
v -3.3 0.3 -11.5
v -3 0.3 -11.5
v -6.1 0.3 -11.6
v -6 0.3 -11.6
v -3 0.3 -11.6
v -2.8 0.3 -11.6
v -6 0.3 -11.7
v -5.9 0.3 -11.7
v -2.8 0.3 -11.7
v -2.4 0.3 -11.7
v -5.9 0.3 -11.8
v -5.8 0.3 -11.8
v -2.4 0.3 -11.8
v -2.2 0.3 -11.8
v -5.8 0.3 -11.9
v -5.7 0.3 -11.9
v -2.2 0.3 -11.9
v -2.1 0.3 -11.9
v -5.7 0.3 -12
v -5.6 0.3 -12
v -2.1 0.3 -12
v -1.9 0.3 -12
v -5.6 0.3 -12.1
v -5.3 0.3 -12.1
v -1.9 0.3 -12.1
v -1.5 0.3 -12.1
v -5.3 0.3 -12.2
v -5.2 0.3 -12.2
v -1.5 0.3 -12.2
v -1.4 0.3 -12.2
v -5.2 0.3 -12.3
v -5 0.3 -12.3
v -1.4 0.3 -12.3
v -1.1 0.3 -12.3
v -5 0.3 -12.4
v -4.8 0.3 -12.4
v -1.1 0.3 -12.4
v -0.900001 0.3 -12.4
v -4.8 0.3 -12.5
v -4.6 0.3 -12.5
v -0.900001 0.3 -12.5
v -0.700001 0.3 -12.5
v -4.6 0.3 -12.6
v -4.4 0.3 -12.6
v -0.700001 0.3 -12.6
v -0.400001 0.3 -12.6
v -0.400001 0.3 -12.7
v 0 0.3 -12.7
v -4.4 0.3 -12.8
v 0 0.3 -12.8
v -12.8 0.4 -6.1
v -12 0.4 -6.1
v -12 0.4 -6.2
v -11.6 0.4 -6.2
v -11.6 0.4 -6.3
v -11.2 0.4 -6.3
v -11.2 0.4 -6.4
v -11.1 0.4 -6.4
v -11.1 0.4 -6.5
v -11 0.4 -6.5
v -11 0.4 -6.6
v -10.9 0.4 -6.6
v -10.9 0.4 -6.7
v -10.8 0.4 -6.7
v -12.8 0.4 -6.8
v -12.6 0.4 -6.8
v -10.8 0.4 -6.8
v -10.6 0.4 -6.8
v -12.6 0.4 -6.9
v -12.5 0.4 -6.9
v -10.6 0.4 -6.9
v -10.4 0.4 -6.9
v -12.5 0.4 -7
v -12.3 0.4 -7
v -10.4 0.4 -7
v -10.1 0.4 -7
v -12.3 0.4 -7.1
v -12 0.4 -7.1
v -10.1 0.4 -7.1
v -9.8 0.4 -7.1
v -12 0.4 -7.2
v -11.7 0.4 -7.2
v -9.8 0.4 -7.2
v -9.5 0.4 -7.2
v -11.7 0.4 -7.3
v -11.6 0.4 -7.3
v -9.5 0.4 -7.3
v -9.3 0.4 -7.3
v -11.6 0.4 -7.4
v -11.4 0.4 -7.4
v -9.3 0.4 -7.4
v -9.1 0.4 -7.4
v -11.4 0.4 -7.5
v -10.9 0.4 -7.5
v -9.1 0.4 -7.5
v -8.8 0.4 -7.5
v -10.9 0.4 -7.6
v -10.1 0.4 -7.6
v -8.8 0.4 -7.6
v -8.6 0.4 -7.6
v -10.1 0.4 -7.7
v -9.9 0.4 -7.7
v -8.6 0.4 -7.7
v -8.3 0.4 -7.7
v -9.9 0.4 -7.8
v -9.5 0.4 -7.8
v -8.3 0.4 -7.8
v -7.8 0.4 -7.8
v -9.5 0.4 -7.9
v -9.3 0.4 -7.9
v -7.8 0.4 -7.9
v -7.6 0.4 -7.9
v -9.3 0.4 -8
v -9.1 0.4 -8
v -7.6 0.4 -8
v -7.5 0.4 -8
v -9.1 0.4 -8.1
v -8.8 0.4 -8.1
v -7.5 0.4 -8.1
v -7 0.4 -8.1
v -8.8 0.4 -8.2
v -8.6 0.4 -8.2
v -7 0.4 -8.2
v -6.5 0.4 -8.2
v -8.6 0.4 -8.3
v -8.5 0.4 -8.3
v -6.5 0.4 -8.3
v -6 0.4 -8.3
v -8.5 0.4 -8.4
v -8.4 0.4 -8.4
v -6 0.4 -8.4
v -5.4 0.4 -8.4
v -8.4 0.4 -8.5
v -8.3 0.4 -8.5
v -5.4 0.4 -8.5
v -5.2 0.4 -8.5
v -8.3 0.4 -8.6
v -8.2 0.4 -8.6
v -5.2 0.4 -8.6
v -4.8 0.4 -8.6
v -8.2 0.4 -8.7
v -8.1 0.4 -8.7
v -4.8 0.4 -8.7
v -4.5 0.4 -8.7
v -8.1 0.4 -8.8
v -8 0.4 -8.8
v -4.5 0.4 -8.8
v -4.3 0.4 -8.8
v -8 0.4 -8.9
v -7.9 0.4 -8.9
v -4.3 0.4 -8.9
v -4.1 0.4 -8.9
v -7.9 0.4 -9
v -7.8 0.4 -9
v -4.1 0.4 -9
v -4 0.4 -9
v -7.8 0.4 -9.1
v -7.7 0.4 -9.1
v -4 0.4 -9.1
v -3.9 0.4 -9.1
v -7.7 0.4 -9.2
v -7.5 0.4 -9.2
v -3.9 0.4 -9.2
v -3.7 0.4 -9.2
v -7.5 0.4 -9.3
v -7.3 0.4 -9.3
v -3.7 0.4 -9.3
v -3.5 0.4 -9.3
v -7.3 0.4 -9.4
v -7.1 0.4 -9.4
v -3.5 0.4 -9.4
v -3.3 0.4 -9.4
v -7.1 0.4 -9.5
v -7 0.4 -9.5
v -3.3 0.4 -9.5
v -3.2 0.4 -9.5
v -7 0.4 -9.6
v -6.8 0.4 -9.6
v -3.2 0.4 -9.6
v -3 0.4 -9.6
v -6.8 0.4 -9.7
v -6.5 0.4 -9.7
v -3 0.4 -9.7
v -2.8 0.4 -9.7
v -6.5 0.4 -9.8
v -6.3 0.4 -9.8
v -2.8 0.4 -9.8
v -2.6 0.4 -9.8
v -6.3 0.4 -9.9
v -6.1 0.4 -9.9
v -2.6 0.4 -9.9
v -2.5 0.4 -9.9
v -6.1 0.4 -10
v -5.9 0.4 -10
v -2.5 0.4 -10
v -2.4 0.4 -10
v -5.9 0.4 -10.1
v -5.7 0.4 -10.1
v -2.4 0.4 -10.1
v -2.3 0.4 -10.1
v -5.7 0.4 -10.2
v -5.5 0.4 -10.2
v -2.3 0.4 -10.2
v -2.2 0.4 -10.2
v -5.5 0.4 -10.3
v -5.3 0.4 -10.3
v -2.2 0.4 -10.3
v -2 0.4 -10.3
v -5.3 0.4 -10.5
v -5 0.4 -10.5
v -2 0.4 -10.5
v -1.9 0.4 -10.5
v -5 0.4 -10.6
v -4.9 0.4 -10.6
v -1.9 0.4 -10.6
v -1.7 0.4 -10.6
v -4.9 0.4 -10.7
v -4.7 0.4 -10.7
v -1.7 0.4 -10.7
v -1.6 0.4 -10.7
v -4.7 0.4 -10.8
v -4.5 0.4 -10.8
v -1.6 0.4 -10.8
v -1.5 0.4 -10.8
v -4.5 0.4 -10.9
v -4.3 0.4 -10.9
v -1.5 0.4 -10.9
v -1.3 0.4 -10.9
v -4.3 0.4 -11
v -4.1 0.4 -11
v -1.3 0.4 -11
v -1.2 0.4 -11
v -4.1 0.4 -11.1
v -3.9 0.4 -11.1
v -1.2 0.4 -11.1
v -1.1 0.4 -11.1
v -3.9 0.4 -11.2
v -3.6 0.4 -11.2
v -1.1 0.4 -11.2
v -0.700001 0.4 -11.2
v -3.6 0.4 -11.3
v -3.4 0.4 -11.3
v -0.700001 0.4 -11.3
v -0.5 0.4 -11.3
v -3.4 0.4 -11.4
v -3.3 0.4 -11.4
v -0.5 0.4 -11.4
v -0.200001 0.4 -11.4
v -3.3 0.4 -11.5
v -3 0.4 -11.5
v -0.200001 0.4 -11.5
v 0.0999994 0.4 -11.5
v -3 0.4 -11.6
v -2.8 0.4 -11.6
v 0.0999994 0.4 -11.6
v 0.299999 0.4 -11.6
v -2.8 0.4 -11.7
v -2.4 0.4 -11.7
v 0.299999 0.4 -11.7
v 0.5 0.4 -11.7
v -2.4 0.4 -11.8
v -2.2 0.4 -11.8
v 0.5 0.4 -11.8
v 0.599999 0.4 -11.8
v -2.2 0.4 -11.9
v -2.1 0.4 -11.9
v 0.599999 0.4 -11.9
v 0.799999 0.4 -11.9
v -2.1 0.4 -12
v -1.9 0.4 -12
v 0.799999 0.4 -12
v 1.1 0.4 -12
v -1.9 0.4 -12.1
v -1.5 0.4 -12.1
v 1.1 0.4 -12.1
v 1.4 0.4 -12.1
v -1.5 0.4 -12.2
v -1.4 0.4 -12.2
v 1.4 0.4 -12.2
v 1.6 0.4 -12.2
v -1.4 0.4 -12.3
v -1.1 0.4 -12.3
v 1.6 0.4 -12.3
v 2.2 0.4 -12.3
v -1.1 0.4 -12.4
v -0.900001 0.4 -12.4
v 2.2 0.4 -12.4
v 2.4 0.4 -12.4
v -0.900001 0.4 -12.5
v -0.700001 0.4 -12.5
v 2.4 0.4 -12.5
v 2.9 0.4 -12.5
v -0.700001 0.4 -12.6
v -0.400001 0.4 -12.6
v 2.9 0.4 -12.6
v 3.3 0.4 -12.6
v -0.400001 0.4 -12.7
v 0 0.4 -12.7
v 3.3 0.4 -12.7
v 4.1 0.4 -12.7
v 0 0.4 -12.8
v 4.1 0.4 -12.8
v -12.8 0.5 -5
v -12.3 0.5 -5
v -12.3 0.5 -5.1
v -11.7 0.5 -5.1
v -11.7 0.5 -5.2
v -11.1 0.5 -5.2
v -11.1 0.5 -5.3
v -10.2 0.5 -5.3
v -10.2 0.5 -5.4
v -10.1 0.5 -5.4
v -10.1 0.5 -5.5
v -9.8 0.5 -5.5
v -9.8 0.5 -5.6
v -9.4 0.5 -5.6
v -9.4 0.5 -5.7
v -9.1 0.5 -5.7
v -9.1 0.5 -5.8
v -8.8 0.5 -5.8
v -8.8 0.5 -5.9
v -8.5 0.5 -5.9
v -8.5 0.5 -6
v -8.2 0.5 -6
v -12.8 0.5 -6.1
v -12 0.5 -6.1
v -8.2 0.5 -6.1
v -8 0.5 -6.1
v -12 0.5 -6.2
v -11.6 0.5 -6.2
v -8 0.5 -6.2
v -7.7 0.5 -6.2
v -11.6 0.5 -6.3
v -11.2 0.5 -6.3
v -7.7 0.5 -6.3
v -7.5 0.5 -6.3
v -11.2 0.5 -6.4
v -11.1 0.5 -6.4
v -7.5 0.5 -6.4
v -7.3 0.5 -6.4
v -11.1 0.5 -6.5
v -11 0.5 -6.5
v -7.3 0.5 -6.5
v -7.1 0.5 -6.5
v -11 0.5 -6.6
v -10.9 0.5 -6.6
v -7.1 0.5 -6.6
v -7 0.5 -6.6
v -10.9 0.5 -6.7
v -10.8 0.5 -6.7
v -7 0.5 -6.7
v -6.8 0.5 -6.7
v -10.8 0.5 -6.8
v -10.6 0.5 -6.8
v -6.8 0.5 -6.8
v -6.7 0.5 -6.8
v -10.6 0.5 -6.9
v -10.4 0.5 -6.9
v -6.7 0.5 -6.9
v -6.5 0.5 -6.9
v -10.4 0.5 -7
v -10.1 0.5 -7
v -6.5 0.5 -7
v -6.3 0.5 -7
v -10.1 0.5 -7.1
v -9.8 0.5 -7.1
v -6.3 0.5 -7.1
v -6 0.5 -7.1
v -9.8 0.5 -7.2
v -9.5 0.5 -7.2
v -6 0.5 -7.2
v -5.6 0.5 -7.2
v -9.5 0.5 -7.3
v -9.3 0.5 -7.3
v -5.6 0.5 -7.3
v -5.4 0.5 -7.3
v -9.3 0.5 -7.4
v -9.1 0.5 -7.4
v -5.4 0.5 -7.4
v -5.2 0.5 -7.4
v -9.1 0.5 -7.5
v -8.8 0.5 -7.5
v -5.2 0.5 -7.5
v -5.1 0.5 -7.5
v -8.8 0.5 -7.6
v -8.6 0.5 -7.6
v -5.1 0.5 -7.6
v -5 0.5 -7.6
v -8.6 0.5 -7.7
v -8.3 0.5 -7.7
v -5 0.5 -7.7
v -4.8 0.5 -7.7
v -8.3 0.5 -7.8
v -7.8 0.5 -7.8
v -4.8 0.5 -7.8
v -4.7 0.5 -7.8
v -7.8 0.5 -7.9
v -7.6 0.5 -7.9
v -4.7 0.5 -7.9
v -4.5 0.5 -7.9
v -7.6 0.5 -8
v -7.5 0.5 -8
v -4.5 0.5 -8
v -4.4 0.5 -8
v -7.5 0.5 -8.1
v -7 0.5 -8.1
v -4.4 0.5 -8.1
v -4.3 0.5 -8.1
v -7 0.5 -8.2
v -6.5 0.5 -8.2
v -4.3 0.5 -8.2
v -4.1 0.5 -8.2
v -6.5 0.5 -8.3
v -6 0.5 -8.3
v -4.1 0.5 -8.3
v -3.9 0.5 -8.3
v -6 0.5 -8.4
v -5.4 0.5 -8.4
v -3.9 0.5 -8.4
v -3.8 0.5 -8.4
v -5.4 0.5 -8.5
v -5.2 0.5 -8.5
v -3.8 0.5 -8.5
v -3.7 0.5 -8.5
v -5.2 0.5 -8.6
v -4.8 0.5 -8.6
v -3.7 0.5 -8.6
v -3.5 0.5 -8.6
v -4.8 0.5 -8.7
v -4.5 0.5 -8.7
v -3.5 0.5 -8.7
v -3.3 0.5 -8.7
v -4.5 0.5 -8.8
v -4.3 0.5 -8.8
v -3.3 0.5 -8.8
v -3.2 0.5 -8.8
v -4.3 0.5 -8.9
v -4.1 0.5 -8.9
v -3.2 0.5 -8.9
v -3 0.5 -8.9
v -4.1 0.5 -9
v -4 0.5 -9
v -3 0.5 -9
v -2.8 0.5 -9
v -4 0.5 -9.1
v -3.9 0.5 -9.1
v -2.8 0.5 -9.1
v -2.6 0.5 -9.1
v -3.9 0.5 -9.2
v -3.7 0.5 -9.2
v -2.6 0.5 -9.2
v -2.4 0.5 -9.2
v -3.7 0.5 -9.3
v -3.5 0.5 -9.3
v -2.4 0.5 -9.3
v -2.2 0.5 -9.3
v -3.5 0.5 -9.4
v -3.3 0.5 -9.4
v -2.2 0.5 -9.4
v -2 0.5 -9.4
v -3.3 0.5 -9.5
v -3.2 0.5 -9.5
v -2 0.5 -9.5
v -1.8 0.5 -9.5
v -3.2 0.5 -9.6
v -3 0.5 -9.6
v -1.8 0.5 -9.6
v -1.7 0.5 -9.6
v -3 0.5 -9.7
v -2.8 0.5 -9.7
v -1.7 0.5 -9.7
v -1.5 0.5 -9.7
v -2.8 0.5 -9.8
v -2.6 0.5 -9.8
v -1.5 0.5 -9.8
v -1.4 0.5 -9.8
v -2.6 0.5 -9.9
v -2.5 0.5 -9.9
v -1.4 0.5 -9.9
v -1.2 0.5 -9.9
v -2.5 0.5 -10
v -2.4 0.5 -10
v -1.2 0.5 -10
v -1 0.5 -10
v -2.4 0.5 -10.1
v -2.3 0.5 -10.1
v -1 0.5 -10.1
v -0.8 0.5 -10.1
v -2.3 0.5 -10.2
v -2.2 0.5 -10.2
v -0.8 0.5 -10.2
v -0.6 0.5 -10.2
v -2.2 0.5 -10.3
v -2 0.5 -10.3
v -0.6 0.5 -10.3
v -0.200001 0.5 -10.3
v -0.200001 0.5 -10.4
v 0.0999994 0.5 -10.4
v -2 0.5 -10.5
v -1.9 0.5 -10.5
v 0.0999994 0.5 -10.5
v 0.4 0.5 -10.5
v -1.9 0.5 -10.6
v -1.7 0.5 -10.6
v 0.4 0.5 -10.6
v 0.9 0.5 -10.6
v -1.7 0.5 -10.7
v -1.6 0.5 -10.7
v 0.9 0.5 -10.7
v 1.5 0.5 -10.7
v -1.6 0.5 -10.8
v -1.5 0.5 -10.8
v 1.5 0.5 -10.8
v 2.2 0.5 -10.8
v -1.5 0.5 -10.9
v -1.3 0.5 -10.9
v 2.2 0.5 -10.9
v 2.5 0.5 -10.9
v -1.3 0.5 -11
v -1.2 0.5 -11
v 2.5 0.5 -11
v 2.8 0.5 -11
v -1.2 0.5 -11.1
v -1.1 0.5 -11.1
v 2.8 0.5 -11.1
v 3.1 0.5 -11.1
v -1.1 0.5 -11.2
v -0.700001 0.5 -11.2
v 3.1 0.5 -11.2
v 3.3 0.5 -11.2
v -0.700001 0.5 -11.3
v -0.5 0.5 -11.3
v 3.3 0.5 -11.3
v 3.7 0.5 -11.3
v -0.5 0.5 -11.4
v -0.200001 0.5 -11.4
v 3.7 0.5 -11.4
v 3.9 0.5 -11.4
v -0.200001 0.5 -11.5
v 0.0999994 0.5 -11.5
v 3.9 0.5 -11.5
v 4.1 0.5 -11.5
v 0.0999994 0.5 -11.6
v 0.299999 0.5 -11.6
v 4.1 0.5 -11.6
v 4.3 0.5 -11.6
v 0.299999 0.5 -11.7
v 0.5 0.5 -11.7
v 4.3 0.5 -11.7
v 4.7 0.5 -11.7
v 0.5 0.5 -11.8
v 0.599999 0.5 -11.8
v 4.7 0.5 -11.8
v 4.9 0.5 -11.8
v 0.599999 0.5 -11.9
v 0.799999 0.5 -11.9
v 4.9 0.5 -11.9
v 5 0.5 -11.9
v 0.799999 0.5 -12
v 1.1 0.5 -12
v 5 0.5 -12
v 5.2 0.5 -12
v 1.1 0.5 -12.1
v 1.4 0.5 -12.1
v 5.2 0.5 -12.1
v 5.3 0.5 -12.1
v 1.4 0.5 -12.2
v 1.6 0.5 -12.2
v 5.3 0.5 -12.2
v 5.4 0.5 -12.2
v 1.6 0.5 -12.3
v 2.2 0.5 -12.3
v 5.4 0.5 -12.3
v 5.6 0.5 -12.3
v 2.2 0.5 -12.4
v 2.4 0.5 -12.4
v 5.6 0.5 -12.4
v 5.8 0.5 -12.4
v 2.4 0.5 -12.5
v 2.9 0.5 -12.5
v 5.8 0.5 -12.5
v 5.9 0.5 -12.5
v 2.9 0.5 -12.6
v 3.3 0.5 -12.6
v 5.9 0.5 -12.6
v 6.1 0.5 -12.6
v 3.3 0.5 -12.7
v 4.1 0.5 -12.7
v 6.1 0.5 -12.7
v 6.4 0.5 -12.7
v 4.1 0.5 -12.8
v 6.4 0.5 -12.8
v -12.8 0.6 -5
v -12.3 0.6 -5
v -12.3 0.6 -5.1
v -11.7 0.6 -5.1
v -11.7 0.6 -5.2
v -11.1 0.6 -5.2
v -11.1 0.6 -5.3
v -10.2 0.6 -5.3
v -10.2 0.6 -5.4
v -10.1 0.6 -5.4
v -10.1 0.6 -5.5
v -9.8 0.6 -5.5
v -9.8 0.6 -5.6
v -9.4 0.6 -5.6
v -9.4 0.6 -5.7
v -9.1 0.6 -5.7
v -9.1 0.6 -5.8
v -8.8 0.6 -5.8
v -8.8 0.6 -5.9
v -8.5 0.6 -5.9
v -8.5 0.6 -6
v -8.2 0.6 -6
v -8.2 0.6 -6.1
v -8 0.6 -6.1
v -8 0.6 -6.2
v -7.7 0.6 -6.2
v -7.7 0.6 -6.3
v -7.5 0.6 -6.3
v -7.5 0.6 -6.4
v -7.3 0.6 -6.4
v -7.3 0.6 -6.5
v -7.1 0.6 -6.5
v -7.1 0.6 -6.6
v -7 0.6 -6.6
v -7 0.6 -6.7
v -6.8 0.6 -6.7
v -6.8 0.6 -6.8
v -6.7 0.6 -6.8
v -6.7 0.6 -6.9
v -6.5 0.6 -6.9
v -6.5 0.6 -7
v -6.3 0.6 -7
v -6.3 0.6 -7.1
v -6 0.6 -7.1
v -6 0.6 -7.2
v -5.6 0.6 -7.2
v -5.6 0.6 -7.3
v -5.4 0.6 -7.3
v -5.4 0.6 -7.4
v -5.2 0.6 -7.4
v -5.2 0.6 -7.5
v -5.1 0.6 -7.5
v -5.1 0.6 -7.6
v -5 0.6 -7.6
v -5 0.6 -7.7
v -4.8 0.6 -7.7
v -4.8 0.6 -7.8
v -4.7 0.6 -7.8
v -4.7 0.6 -7.9
v -4.5 0.6 -7.9
v -4.5 0.6 -8
v -4.4 0.6 -8
v -4.4 0.6 -8.1
v -4.3 0.6 -8.1
v -4.3 0.6 -8.2
v -4.1 0.6 -8.2
v -4.1 0.6 -8.3
v -3.9 0.6 -8.3
v -3.9 0.6 -8.4
v -3.8 0.6 -8.4
v -3.8 0.6 -8.5
v -3.7 0.6 -8.5
v -3.7 0.6 -8.6
v -3.5 0.6 -8.6
v -3.5 0.6 -8.7
v -3.3 0.6 -8.7
v -3.3 0.6 -8.8
v -3.2 0.6 -8.8
v -3.2 0.6 -8.9
v -3 0.6 -8.9
v -3 0.6 -9
v -2.8 0.6 -9
v -2.8 0.6 -9.1
v -2.6 0.6 -9.1
v -2.6 0.6 -9.2
v -2.4 0.6 -9.2
v -2.4 0.6 -9.3
v -2.2 0.6 -9.3
v -2.2 0.6 -9.4
v -2 0.6 -9.4
v -2 0.6 -9.5
v -1.8 0.6 -9.5
v -1.8 0.6 -9.6
v -1.7 0.6 -9.6
v -1.7 0.6 -9.7
v -1.5 0.6 -9.7
v -1.5 0.6 -9.8
v -1.4 0.6 -9.8
v -1.4 0.6 -9.9
v -1.2 0.6 -9.9
v -1.2 0.6 -10
v -1 0.6 -10
v -1 0.6 -10.1
v -0.8 0.6 -10.1
v -0.8 0.6 -10.2
v -0.6 0.6 -10.2
v -0.6 0.6 -10.3
v -0.200001 0.6 -10.3
v -0.200001 0.6 -10.4
v 0.0999994 0.6 -10.4
v 0.0999994 0.6 -10.5
v 0.4 0.6 -10.5
v 0.4 0.6 -10.6
v 0.9 0.6 -10.6
v 0.9 0.6 -10.7
v 1.5 0.6 -10.7
v 1.5 0.6 -10.8
v 2.2 0.6 -10.8
v 2.2 0.6 -10.9
v 2.5 0.6 -10.9
v 2.5 0.6 -11
v 2.8 0.6 -11
v 2.8 0.6 -11.1
v 3.1 0.6 -11.1
v 3.1 0.6 -11.2
v 3.3 0.6 -11.2
v 3.3 0.6 -11.3
v 3.7 0.6 -11.3
v 3.7 0.6 -11.4
v 3.9 0.6 -11.4
v 3.9 0.6 -11.5
v 4.1 0.6 -11.5
v 4.1 0.6 -11.6
v 4.3 0.6 -11.6
v 4.3 0.6 -11.7
v 4.7 0.6 -11.7
v 4.7 0.6 -11.8
v 4.9 0.6 -11.8
v 4.9 0.6 -11.9
v 5 0.6 -11.9
v 5 0.6 -12
v 5.2 0.6 -12
v 5.2 0.6 -12.1
v 5.3 0.6 -12.1
v 5.3 0.6 -12.2
v 5.4 0.6 -12.2
v 5.4 0.6 -12.3
v 5.6 0.6 -12.3
v 5.6 0.6 -12.4
v 5.8 0.6 -12.4
v 5.8 0.6 -12.5
v 5.9 0.6 -12.5
v 5.9 0.6 -12.6
v 6.1 0.6 -12.6
v 6.1 0.6 -12.7
v 6.4 0.6 -12.7
v -12.8 0.6 -12.8
v 6.4 0.6 -12.8

# faces
f 4/1/1 2/1/1 1/1/1
f 6/1/1 4/1/1 3/1/1
f 8/1/1 6/1/1 5/1/1
f 10/1/1 8/1/1 7/1/1
f 11/1/1 10/1/1 9/1/1
f 12/1/1 2/1/1 4/1/1
f 12/1/1 10/1/1 11/1/1
f 12/1/1 4/1/1 6/1/1
f 12/1/1 8/1/1 10/1/1
f 12/1/1 6/1/1 8/1/1
f 15/1/1 14/1/1 13/1/1
f 16/1/1 14/1/1 15/1/1
f 19/1/1 18/1/1 17/1/1
f 20/1/1 18/1/1 19/1/1
f 21/1/2 22/1/2 23/1/2
f 23/1/2 22/1/2 24/1/2
f 25/1/2 26/1/2 29/1/2
f 29/1/2 26/1/2 30/1/2
f 27/1/2 28/1/2 33/1/2
f 33/1/2 28/1/2 34/1/2
f 31/1/2 32/1/2 35/1/2
f 35/1/2 32/1/2 36/1/2
f 37/1/2 38/1/2 39/1/2
f 39/1/2 38/1/2 40/1/2
f 41/1/2 42/1/2 43/1/2
f 43/1/2 42/1/2 44/1/2
f 45/1/2 46/1/2 49/1/2
f 49/1/2 46/1/2 50/1/2
f 47/1/2 48/1/2 51/1/2
f 51/1/2 48/1/2 52/1/2
f 53/1/2 54/1/2 55/1/2
f 55/1/2 54/1/2 56/1/2
f 57/1/2 58/1/2 59/1/2
f 59/1/2 58/1/2 60/1/2
f 61/1/2 62/1/2 65/1/2
f 65/1/2 62/1/2 66/1/2
f 63/1/2 64/1/2 67/1/2
f 67/1/2 64/1/2 68/1/2
f 69/1/2 70/1/2 73/1/2
f 73/1/2 70/1/2 74/1/2
f 71/1/2 72/1/2 75/1/2
f 75/1/2 72/1/2 76/1/2
f 77/1/2 78/1/2 79/1/2
f 79/1/2 78/1/2 80/1/2
f 81/1/2 82/1/2 85/1/2
f 85/1/2 82/1/2 86/1/2
f 83/1/2 84/1/2 89/1/2
f 89/1/2 84/1/2 90/1/2
f 87/1/2 88/1/2 91/1/2
f 91/1/2 88/1/2 92/1/2
f 93/1/2 94/1/2 95/1/2
f 95/1/2 94/1/2 96/1/2
f 97/1/2 98/1/2 101/1/2
f 101/1/2 98/1/2 102/1/2
f 99/1/2 100/1/2 103/1/2
f 103/1/2 100/1/2 104/1/2
f 105/1/2 106/1/2 109/1/2
f 109/1/2 106/1/2 110/1/2
f 107/1/2 108/1/2 113/1/2
f 113/1/2 108/1/2 114/1/2
f 111/1/2 112/1/2 115/1/2
f 115/1/2 112/1/2 116/1/2
f 117/1/2 118/1/2 119/1/2
f 119/1/2 118/1/2 120/1/2
f 121/1/2 122/1/2 123/1/2
f 123/1/2 122/1/2 124/1/2
f 125/1/2 126/1/2 127/1/2
f 127/1/2 126/1/2 128/1/2
f 129/1/2 130/1/2 133/1/2
f 133/1/2 130/1/2 134/1/2
f 131/1/2 132/1/2 135/1/2
f 135/1/2 132/1/2 136/1/2
f 137/1/2 138/1/2 139/1/2
f 139/1/2 138/1/2 140/1/2
f 141/1/2 142/1/2 145/1/2
f 145/1/2 142/1/2 146/1/2
f 143/1/2 144/1/2 147/1/2
f 147/1/2 144/1/2 148/1/2
f 149/1/2 150/1/2 153/1/2
f 153/1/2 150/1/2 154/1/2
f 151/1/2 152/1/2 155/1/2
f 155/1/2 152/1/2 156/1/2
f 157/1/2 158/1/2 159/1/2
f 159/1/2 158/1/2 160/1/2
f 161/1/2 162/1/2 163/1/2
f 163/1/2 162/1/2 164/1/2
f 165/1/2 166/1/2 167/1/2
f 167/1/2 166/1/2 168/1/2
f 169/1/2 170/1/2 173/1/2
f 173/1/2 170/1/2 174/1/2
f 171/1/2 172/1/2 175/1/2
f 175/1/2 172/1/2 176/1/2
f 177/1/2 178/1/2 179/1/2
f 179/1/2 178/1/2 180/1/2
f 181/1/2 182/1/2 183/1/2
f 183/1/2 182/1/2 184/1/2
f 185/1/2 186/1/2 187/1/2
f 187/1/2 186/1/2 188/1/2
f 189/1/2 190/1/2 191/1/2
f 191/1/2 190/1/2 192/1/2
f 193/1/2 194/1/2 197/1/2
f 197/1/2 194/1/2 198/1/2
f 195/1/2 196/1/2 201/1/2
f 201/1/2 196/1/2 202/1/2
f 199/1/2 200/1/2 203/1/2
f 203/1/2 200/1/2 204/1/2
f 205/1/2 206/1/2 207/1/2
f 207/1/2 206/1/2 208/1/2
f 209/1/2 210/1/2 213/1/2
f 213/1/2 210/1/2 214/1/2
f 211/1/2 212/1/2 215/1/2
f 215/1/2 212/1/2 216/1/2
f 217/1/2 218/1/2 219/1/2
f 219/1/2 218/1/2 220/1/2
f 221/1/2 222/1/2 225/1/2
f 225/1/2 222/1/2 226/1/2
f 223/1/2 224/1/2 227/1/2
f 227/1/2 224/1/2 228/1/2
f 229/1/2 230/1/2 231/1/2
f 231/1/2 230/1/2 232/1/2
f 233/1/2 234/1/2 235/1/2
f 235/1/2 234/1/2 236/1/2
f 237/1/2 238/1/2 241/1/2
f 241/1/2 238/1/2 242/1/2
f 239/1/2 240/1/2 243/1/2
f 243/1/2 240/1/2 244/1/2
f 245/1/2 246/1/2 247/1/2
f 247/1/2 246/1/2 248/1/2
f 249/1/2 250/1/2 251/1/2
f 251/1/2 250/1/2 252/1/2
f 253/1/2 254/1/2 257/1/2
f 257/1/2 254/1/2 258/1/2
f 255/1/2 256/1/2 261/1/2
f 261/1/2 256/1/2 262/1/2
f 259/1/2 260/1/2 265/1/2
f 265/1/2 260/1/2 266/1/2
f 263/1/2 264/1/2 267/1/2
f 267/1/2 264/1/2 268/1/2
f 269/1/2 270/1/2 271/1/2
f 271/1/2 270/1/2 272/1/2
f 273/1/2 274/1/2 277/1/2
f 277/1/2 274/1/2 278/1/2
f 275/1/2 276/1/2 281/1/2
f 281/1/2 276/1/2 282/1/2
f 279/1/2 280/1/2 285/1/2
f 285/1/2 280/1/2 286/1/2
f 283/1/2 284/1/2 289/1/2
f 289/1/2 284/1/2 290/1/2
f 287/1/2 288/1/2 291/1/2
f 291/1/2 288/1/2 292/1/2
f 293/1/2 294/1/2 297/1/2
f 297/1/2 294/1/2 298/1/2
f 295/1/2 296/1/2 299/1/2
f 299/1/2 296/1/2 300/1/2
f 301/1/2 302/1/2 305/1/2
f 305/1/2 302/1/2 306/1/2
f 303/1/2 304/1/2 309/1/2
f 309/1/2 304/1/2 310/1/2
f 307/1/2 308/1/2 313/1/2
f 313/1/2 308/1/2 314/1/2
f 311/1/2 312/1/2 317/1/2
f 317/1/2 312/1/2 318/1/2
f 315/1/2 316/1/2 319/1/2
f 319/1/2 316/1/2 320/1/2
f 321/1/2 322/1/2 323/1/2
f 323/1/2 322/1/2 324/1/2
f 325/1/2 326/1/2 329/1/2
f 329/1/2 326/1/2 330/1/2
f 327/1/2 328/1/2 333/1/2
f 333/1/2 328/1/2 334/1/2
f 331/1/2 332/1/2 335/1/2
f 335/1/2 332/1/2 336/1/2
f 337/1/2 338/1/2 341/1/2
f 341/1/2 338/1/2 342/1/2
f 339/1/2 340/1/2 345/1/2
f 345/1/2 340/1/2 346/1/2
f 343/1/2 344/1/2 347/1/2
f 347/1/2 344/1/2 348/1/2
f 349/1/2 350/1/2 351/1/2
f 351/1/2 350/1/2 352/1/2
f 353/1/2 354/1/2 355/1/2
f 355/1/2 354/1/2 356/1/2
f 357/1/2 358/1/2 361/1/2
f 361/1/2 358/1/2 362/1/2
f 359/1/2 360/1/2 365/1/2
f 365/1/2 360/1/2 366/1/2
f 363/1/2 364/1/2 367/1/2
f 367/1/2 364/1/2 368/1/2
f 369/1/2 370/1/2 373/1/2
f 373/1/2 370/1/2 374/1/2
f 371/1/2 372/1/2 377/1/2
f 377/1/2 372/1/2 378/1/2
f 375/1/2 376/1/2 379/1/2
f 379/1/2 376/1/2 380/1/2
f 381/1/2 382/1/2 383/1/2
f 383/1/2 382/1/2 384/1/2
f 385/1/2 386/1/2 389/1/2
f 389/1/2 386/1/2 390/1/2
f 387/1/2 388/1/2 393/1/2
f 393/1/2 388/1/2 394/1/2
f 391/1/2 392/1/2 395/1/2
f 395/1/2 392/1/2 396/1/2
f 397/1/2 398/1/2 399/1/2
f 399/1/2 398/1/2 400/1/2
f 401/1/2 402/1/2 403/1/2
f 403/1/2 402/1/2 404/1/2
f 405/1/2 406/1/2 409/1/2
f 409/1/2 406/1/2 410/1/2
f 407/1/2 408/1/2 413/1/2
f 413/1/2 408/1/2 414/1/2
f 411/1/2 412/1/2 415/1/2
f 415/1/2 412/1/2 416/1/2
f 417/1/2 418/1/2 421/1/2
f 421/1/2 418/1/2 422/1/2
f 419/1/2 420/1/2 425/1/2
f 425/1/2 420/1/2 426/1/2
f 423/1/2 424/1/2 427/1/2
f 427/1/2 424/1/2 428/1/2
f 429/1/2 430/1/2 433/1/2
f 433/1/2 430/1/2 434/1/2
f 431/1/2 432/1/2 435/1/2
f 435/1/2 432/1/2 436/1/2
f 437/1/2 438/1/2 439/1/2
f 439/1/2 438/1/2 440/1/2
f 441/1/2 442/1/2 443/1/2
f 443/1/2 442/1/2 444/1/2
f 445/1/2 446/1/2 447/1/2
f 447/1/2 446/1/2 448/1/2
f 449/1/2 450/1/2 453/1/2
f 453/1/2 450/1/2 454/1/2
f 451/1/2 452/1/2 457/1/2
f 457/1/2 452/1/2 458/1/2
f 455/1/2 456/1/2 459/1/2
f 459/1/2 456/1/2 460/1/2
f 461/1/2 462/1/2 463/1/2
f 463/1/2 462/1/2 464/1/2
f 465/1/2 466/1/2 469/1/2
f 469/1/2 466/1/2 470/1/2
f 467/1/2 468/1/2 473/1/2
f 473/1/2 468/1/2 474/1/2
f 471/1/2 472/1/2 475/1/2
f 475/1/2 472/1/2 476/1/2
f 477/1/2 478/1/2 479/1/2
f 479/1/2 478/1/2 480/1/2
f 481/1/2 482/1/2 485/1/2
f 485/1/2 482/1/2 486/1/2
f 483/1/2 484/1/2 487/1/2
f 487/1/2 484/1/2 488/1/2
f 489/1/2 490/1/2 493/1/2
f 493/1/2 490/1/2 494/1/2
f 491/1/2 492/1/2 497/1/2
f 497/1/2 492/1/2 498/1/2
f 495/1/2 496/1/2 499/1/2
f 499/1/2 496/1/2 500/1/2
f 501/1/2 502/1/2 503/1/2
f 503/1/2 502/1/2 504/1/2
f 505/1/2 506/1/2 509/1/2
f 509/1/2 506/1/2 510/1/2
f 507/1/2 508/1/2 513/1/2
f 513/1/2 508/1/2 514/1/2
f 511/1/2 512/1/2 517/1/2
f 517/1/2 512/1/2 518/1/2
f 515/1/2 516/1/2 519/1/2
f 519/1/2 516/1/2 520/1/2
f 521/1/2 522/1/2 525/1/2
f 525/1/2 522/1/2 526/1/2
f 523/1/2 524/1/2 527/1/2
f 527/1/2 524/1/2 528/1/2
f 529/1/2 530/1/2 531/1/2
f 531/1/2 530/1/2 532/1/2
f 533/1/2 534/1/2 535/1/2
f 535/1/2 534/1/2 536/1/2
f 537/1/2 538/1/2 539/1/2
f 539/1/2 538/1/2 540/1/2
f 541/1/2 542/1/2 545/1/2
f 545/1/2 542/1/2 546/1/2
f 543/1/2 544/1/2 549/1/2
f 549/1/2 544/1/2 550/1/2
f 547/1/2 548/1/2 553/1/2
f 553/1/2 548/1/2 554/1/2
f 551/1/2 552/1/2 555/1/2
f 555/1/2 552/1/2 556/1/2
f 557/1/2 558/1/2 559/1/2
f 559/1/2 558/1/2 560/1/2
f 561/1/2 562/1/2 565/1/2
f 565/1/2 562/1/2 566/1/2
f 563/1/2 564/1/2 567/1/2
f 567/1/2 564/1/2 568/1/2
f 569/1/2 570/1/2 571/1/2
f 571/1/2 570/1/2 572/1/2
f 573/1/2 574/1/2 575/1/2
f 575/1/2 574/1/2 576/1/2
f 577/1/2 578/1/2 581/1/2
f 581/1/2 578/1/2 582/1/2
f 579/1/2 580/1/2 583/1/2
f 583/1/2 580/1/2 584/1/2
f 585/1/2 586/1/2 587/1/2
f 587/1/2 586/1/2 588/1/2
f 589/1/2 590/1/2 593/1/2
f 593/1/2 590/1/2 594/1/2
f 591/1/2 592/1/2 595/1/2
f 595/1/2 592/1/2 596/1/2
f 597/1/2 598/1/2 601/1/2
f 601/1/2 598/1/2 602/1/2
f 599/1/2 600/1/2 603/1/2
f 603/1/2 600/1/2 604/1/2
f 605/1/2 606/1/2 607/1/2
f 607/1/2 606/1/2 608/1/2
f 609/1/2 610/1/2 613/1/2
f 613/1/2 610/1/2 614/1/2
f 611/1/2 612/1/2 615/1/2
f 615/1/2 612/1/2 616/1/2
f 617/1/2 618/1/2 619/1/2
f 619/1/2 618/1/2 620/1/2
f 621/1/2 622/1/2 623/1/2
f 623/1/2 622/1/2 624/1/2
f 625/1/2 626/1/2 627/1/2
f 627/1/2 626/1/2 628/1/2
f 629/1/2 630/1/2 633/1/2
f 633/1/2 630/1/2 634/1/2
f 631/1/2 632/1/2 635/1/2
f 635/1/2 632/1/2 636/1/2
f 637/1/2 638/1/2 641/1/2
f 641/1/2 638/1/2 642/1/2
f 639/1/2 640/1/2 643/1/2
f 643/1/2 640/1/2 644/1/2
f 645/1/2 646/1/2 647/1/2
f 647/1/2 646/1/2 648/1/2
f 649/1/2 650/1/2 653/1/2
f 653/1/2 650/1/2 654/1/2
f 651/1/2 652/1/2 655/1/2
f 655/1/2 652/1/2 656/1/2
f 657/1/2 658/1/2 659/1/2
f 659/1/2 658/1/2 660/1/2
f 661/1/2 662/1/2 665/1/2
f 665/1/2 662/1/2 666/1/2
f 663/1/2 664/1/2 667/1/2
f 667/1/2 664/1/2 668/1/2
f 669/1/2 670/1/2 671/1/2
f 671/1/2 670/1/2 672/1/2
f 673/1/2 674/1/2 675/1/2
f 675/1/2 674/1/2 676/1/2
f 677/1/2 678/1/2 679/1/2
f 679/1/2 678/1/2 680/1/2
f 681/1/2 682/1/2 685/1/2
f 685/1/2 682/1/2 686/1/2
f 683/1/2 684/1/2 687/1/2
f 687/1/2 684/1/2 688/1/2
f 689/1/2 690/1/2 691/1/2
f 691/1/2 690/1/2 692/1/2
f 693/1/2 694/1/2 695/1/2
f 695/1/2 694/1/2 696/1/2
f 697/1/2 698/1/2 699/1/2
f 699/1/2 698/1/2 700/1/2
f 701/1/2 702/1/2 705/1/2
f 705/1/2 702/1/2 706/1/2
f 703/1/2 704/1/2 709/1/2
f 709/1/2 704/1/2 710/1/2
f 707/1/2 708/1/2 711/1/2
f 711/1/2 708/1/2 712/1/2
f 713/1/2 714/1/2 715/1/2
f 715/1/2 714/1/2 716/1/2
f 717/1/2 718/1/2 719/1/2
f 719/1/2 718/1/2 720/1/2
f 721/1/2 722/1/2 725/1/2
f 725/1/2 722/1/2 726/1/2
f 723/1/2 724/1/2 729/1/2
f 729/1/2 724/1/2 730/1/2
f 727/1/2 728/1/2 731/1/2
f 731/1/2 728/1/2 732/1/2
f 733/1/2 734/1/2 737/1/2
f 737/1/2 734/1/2 738/1/2
f 735/1/2 736/1/2 741/1/2
f 741/1/2 736/1/2 742/1/2
f 739/1/2 740/1/2 743/1/2
f 743/1/2 740/1/2 744/1/2
f 745/1/2 746/1/2 747/1/2
f 747/1/2 746/1/2 748/1/2
f 749/1/2 750/1/2 753/1/2
f 753/1/2 750/1/2 754/1/2
f 751/1/2 752/1/2 757/1/2
f 757/1/2 752/1/2 758/1/2
f 755/1/2 756/1/2 759/1/2
f 759/1/2 756/1/2 760/1/2
f 761/1/2 762/1/2 763/1/2
f 763/1/2 762/1/2 764/1/2
f 765/1/2 766/1/2 769/1/2
f 769/1/2 766/1/2 770/1/2
f 767/1/2 768/1/2 771/1/2
f 771/1/2 768/1/2 772/1/2
f 773/1/2 774/1/2 775/1/2
f 775/1/2 774/1/2 776/1/2
f 777/1/2 778/1/2 781/1/2
f 781/1/2 778/1/2 782/1/2
f 779/1/2 780/1/2 783/1/2
f 783/1/2 780/1/2 784/1/2
f 785/1/2 786/1/2 787/1/2
f 787/1/2 786/1/2 788/1/2
f 789/1/2 790/1/2 793/1/2
f 793/1/2 790/1/2 794/1/2
f 791/1/2 792/1/2 797/1/2
f 797/1/2 792/1/2 798/1/2
f 795/1/2 796/1/2 799/1/2
f 799/1/2 796/1/2 800/1/2
f 801/1/2 802/1/2 805/1/2
f 805/1/2 802/1/2 806/1/2
f 803/1/2 804/1/2 807/1/2
f 807/1/2 804/1/2 808/1/2
f 809/1/2 810/1/2 813/1/2
f 813/1/2 810/1/2 814/1/2
f 811/1/2 812/1/2 817/1/2
f 817/1/2 812/1/2 818/1/2
f 815/1/2 816/1/2 819/1/2
f 819/1/2 816/1/2 820/1/2
f 821/1/2 822/1/2 825/1/2
f 825/1/2 822/1/2 826/1/2
f 823/1/2 824/1/2 829/1/2
f 829/1/2 824/1/2 830/1/2
f 827/1/2 828/1/2 831/1/2
f 831/1/2 828/1/2 832/1/2
f 833/1/2 834/1/2 837/1/2
f 837/1/2 834/1/2 838/1/2
f 835/1/2 836/1/2 839/1/2
f 839/1/2 836/1/2 840/1/2
f 841/1/2 842/1/2 843/1/2
f 843/1/2 842/1/2 844/1/2
f 845/1/2 846/1/2 849/1/2
f 849/1/2 846/1/2 850/1/2
f 847/1/2 848/1/2 853/1/2
f 853/1/2 848/1/2 854/1/2
f 851/1/2 852/1/2 855/1/2
f 855/1/2 852/1/2 856/1/2
f 857/1/2 858/1/2 859/1/2
f 859/1/2 858/1/2 860/1/2
f 861/1/2 862/1/2 865/1/2
f 865/1/2 862/1/2 866/1/2
f 863/1/2 864/1/2 869/1/2
f 869/1/2 864/1/2 870/1/2
f 867/1/2 868/1/2 871/1/2
f 871/1/2 868/1/2 872/1/2
f 873/1/2 874/1/2 875/1/2
f 875/1/2 874/1/2 876/1/2
f 877/1/2 878/1/2 881/1/2
f 881/1/2 878/1/2 882/1/2
f 879/1/2 880/1/2 883/1/2
f 883/1/2 880/1/2 884/1/2
f 885/1/2 886/1/2 889/1/2
f 889/1/2 886/1/2 890/1/2
f 887/1/2 888/1/2 891/1/2
f 891/1/2 888/1/2 892/1/2
f 893/1/2 894/1/2 895/1/2
f 895/1/2 894/1/2 896/1/2
f 897/1/2 898/1/2 901/1/2
f 901/1/2 898/1/2 902/1/2
f 899/1/2 900/1/2 903/1/2
f 903/1/2 900/1/2 904/1/2
f 905/1/2 906/1/2 907/1/2
f 907/1/2 906/1/2 908/1/2
f 909/1/2 910/1/2 913/1/2
f 913/1/2 910/1/2 914/1/2
f 911/1/2 912/1/2 917/1/2
f 917/1/2 912/1/2 918/1/2
f 915/1/2 916/1/2 919/1/2
f 919/1/2 916/1/2 920/1/2
f 921/1/2 922/1/2 923/1/2
f 923/1/2 922/1/2 924/1/2
f 925/1/2 926/1/2 927/1/2
f 927/1/2 926/1/2 928/1/2
f 929/1/2 930/1/2 931/1/2
f 931/1/2 930/1/2 932/1/2
f 933/1/2 934/1/2 937/1/2
f 937/1/2 934/1/2 938/1/2
f 935/1/2 936/1/2 939/1/2
f 939/1/2 936/1/2 940/1/2
f 941/1/2 942/1/2 945/1/2
f 945/1/2 942/1/2 946/1/2
f 943/1/2 944/1/2 947/1/2
f 947/1/2 944/1/2 948/1/2
f 949/1/2 950/1/2 951/1/2
f 951/1/2 950/1/2 952/1/2
f 953/1/2 954/1/2 955/1/2
f 955/1/2 954/1/2 956/1/2
f 957/1/2 958/1/2 959/1/2
f 959/1/2 958/1/2 960/1/2
f 961/1/2 962/1/2 965/1/2
f 965/1/2 962/1/2 966/1/2
f 963/1/2 964/1/2 967/1/2
f 967/1/2 964/1/2 968/1/2
f 969/1/2 970/1/2 971/1/2
f 971/1/2 970/1/2 972/1/2
f 973/1/2 974/1/2 975/1/2
f 975/1/2 974/1/2 976/1/2
f 977/1/2 978/1/2 979/1/2
f 979/1/2 978/1/2 980/1/2
f 981/1/2 982/1/2 985/1/2
f 985/1/2 982/1/2 986/1/2
f 983/1/2 984/1/2 987/1/2
f 987/1/2 984/1/2 988/1/2
f 989/1/2 990/1/2 991/1/2
f 991/1/2 990/1/2 992/1/2
f 993/1/2 994/1/2 997/1/2
f 997/1/2 994/1/2 998/1/2
f 995/1/2 996/1/2 999/1/2
f 999/1/2 996/1/2 1000/1/2
f 1001/1/2 1002/1/2 1003/1/2
f 1003/1/2 1002/1/2 1004/1/2
f 1005/1/2 1006/1/2 1007/1/2
f 1007/1/2 1006/1/2 1008/1/2
f 1009/1/2 1010/1/2 1011/1/2
f 1011/1/2 1010/1/2 1012/1/2
f 1013/1/2 1014/1/2 1015/1/2
f 1015/1/2 1014/1/2 1016/1/2
f 1017/1/2 1018/1/2 1019/1/2
f 1019/1/2 1018/1/2 1020/1/2
f 1021/1/2 1022/1/2 1023/1/2
f 1023/1/2 1022/1/2 1024/1/2
f 1025/1/2 1026/1/2 1027/1/2
f 1027/1/2 1026/1/2 1028/1/2
f 1029/1/2 1030/1/2 1031/1/2
f 1031/1/2 1030/1/2 1032/1/2
f 1033/1/2 1034/1/2 1035/1/2
f 1035/1/2 1034/1/2 1036/1/2
f 1037/1/2 1038/1/2 1039/1/2
f 1039/1/2 1038/1/2 1040/1/2
f 1041/1/2 1042/1/2 1045/1/2
f 1045/1/2 1042/1/2 1046/1/2
f 1043/1/2 1044/1/2 1047/1/2
f 1047/1/2 1044/1/2 1048/1/2
f 1049/1/2 1050/1/2 1051/1/2
f 1051/1/2 1050/1/2 1052/1/2
f 1053/1/2 1054/1/2 1055/1/2
f 1055/1/2 1054/1/2 1056/1/2
f 1057/1/2 1058/1/2 1059/1/2
f 1059/1/2 1058/1/2 1060/1/2
f 1061/1/2 1062/1/2 1063/1/2
f 1063/1/2 1062/1/2 1064/1/2
f 1065/1/2 1066/1/2 1067/1/2
f 1067/1/2 1066/1/2 1068/1/2
f 1069/1/2 1070/1/2 1073/1/2
f 1073/1/2 1070/1/2 1074/1/2
f 1071/1/2 1072/1/2 1075/1/2
f 1075/1/2 1072/1/2 1076/1/2
f 1077/1/2 1078/1/2 1079/1/2
f 1079/1/2 1078/1/2 1080/1/2
f 1081/1/2 1082/1/2 1083/1/2
f 1083/1/2 1082/1/2 1084/1/2
f 1085/1/2 1086/1/2 1089/1/2
f 1089/1/2 1086/1/2 1090/1/2
f 1087/1/2 1088/1/2 1091/1/2
f 1091/1/2 1088/1/2 1092/1/2
f 1093/1/2 1094/1/2 1095/1/2
f 1095/1/2 1094/1/2 1096/1/2
f 1097/1/2 1098/1/2 1099/1/2
f 1099/1/2 1098/1/2 1100/1/2
f 1101/1/2 1102/1/2 1103/1/2
f 1103/1/2 1102/1/2 1104/1/2
f 1105/1/2 1106/1/2 1107/1/2
f 1107/1/2 1106/1/2 1108/1/2
f 1109/1/2 1110/1/2 1111/1/2
f 1111/1/2 1110/1/2 1112/1/2
f 1113/1/2 1114/1/2 1115/1/2
f 1115/1/2 1114/1/2 1116/1/2
f 1117/1/2 1118/1/2 1119/1/2
f 1119/1/2 1118/1/2 1120/1/2
f 1121/1/2 1122/1/2 1123/1/2
f 1123/1/2 1122/1/2 1124/1/2
f 1125/1/2 1126/1/2 1127/1/2
f 1127/1/2 1126/1/2 1128/1/2
f 1129/1/2 1130/1/2 1131/1/2
f 1131/1/2 1130/1/2 1132/1/2
f 1133/1/2 1134/1/2 1135/1/2
f 1135/1/2 1134/1/2 1136/1/2
f 1137/1/2 1138/1/2 1139/1/2
f 1139/1/2 1138/1/2 1140/1/2
f 1143/1/3 1142/1/3 1141/1/3
f 1144/1/3 1142/1/3 1143/1/3
f 1147/1/3 1146/1/3 1145/1/3
f 1148/1/3 1146/1/3 1147/1/3
f 1151/1/3 1150/1/3 1149/1/3
f 1152/1/3 1150/1/3 1151/1/3
f 1155/1/3 1154/1/3 1153/1/3
f 1156/1/3 1154/1/3 1155/1/3
f 1159/1/3 1158/1/3 1157/1/3
f 1160/1/3 1158/1/3 1159/1/3
f 1163/1/3 1162/1/3 1161/1/3
f 1164/1/3 1162/1/3 1163/1/3
f 1167/1/3 1166/1/3 1165/1/3
f 1168/1/3 1166/1/3 1167/1/3
f 1171/1/3 1170/1/3 1169/1/3
f 1172/1/3 1170/1/3 1171/1/3
f 1175/1/3 1174/1/3 1173/1/3
f 1176/1/3 1174/1/3 1175/1/3
f 1179/1/3 1178/1/3 1177/1/3
f 1180/1/3 1178/1/3 1179/1/3
f 1183/1/3 1182/1/3 1181/1/3
f 1184/1/3 1182/1/3 1183/1/3
f 1187/1/3 1186/1/3 1185/1/3
f 1188/1/3 1186/1/3 1187/1/3
f 1191/1/3 1190/1/3 1189/1/3
f 1192/1/3 1190/1/3 1191/1/3
f 1195/1/3 1194/1/3 1193/1/3
f 1196/1/3 1194/1/3 1195/1/3
f 1199/1/3 1198/1/3 1197/1/3
f 1200/1/3 1198/1/3 1199/1/3
f 1203/1/3 1202/1/3 1201/1/3
f 1204/1/3 1202/1/3 1203/1/3
f 1207/1/3 1206/1/3 1205/1/3
f 1208/1/3 1206/1/3 1207/1/3
f 1211/1/3 1210/1/3 1209/1/3
f 1212/1/3 1210/1/3 1211/1/3
f 1215/1/3 1214/1/3 1213/1/3
f 1216/1/3 1214/1/3 1215/1/3
f 1219/1/3 1218/1/3 1217/1/3
f 1220/1/3 1218/1/3 1219/1/3
f 1223/1/3 1222/1/3 1221/1/3
f 1224/1/3 1222/1/3 1223/1/3
f 1227/1/3 1226/1/3 1225/1/3
f 1228/1/3 1226/1/3 1227/1/3
f 1231/1/3 1230/1/3 1229/1/3
f 1232/1/3 1230/1/3 1231/1/3
f 1235/1/3 1234/1/3 1233/1/3
f 1236/1/3 1234/1/3 1235/1/3
f 1239/1/3 1238/1/3 1237/1/3
f 1240/1/3 1238/1/3 1239/1/3
f 1243/1/3 1242/1/3 1241/1/3
f 1244/1/3 1242/1/3 1243/1/3
f 1247/1/3 1246/1/3 1245/1/3
f 1248/1/3 1246/1/3 1247/1/3
f 1251/1/3 1250/1/3 1249/1/3
f 1252/1/3 1250/1/3 1251/1/3
f 1255/1/3 1254/1/3 1253/1/3
f 1256/1/3 1254/1/3 1255/1/3
f 1259/1/3 1258/1/3 1257/1/3
f 1260/1/3 1258/1/3 1259/1/3
f 1263/1/3 1262/1/3 1261/1/3
f 1264/1/3 1262/1/3 1263/1/3
f 1267/1/3 1266/1/3 1265/1/3
f 1268/1/3 1266/1/3 1267/1/3
f 1271/1/3 1270/1/3 1269/1/3
f 1272/1/3 1270/1/3 1271/1/3
f 1275/1/3 1274/1/3 1273/1/3
f 1276/1/3 1274/1/3 1275/1/3
f 1279/1/3 1278/1/3 1277/1/3
f 1280/1/3 1278/1/3 1279/1/3
f 1283/1/3 1282/1/3 1281/1/3
f 1284/1/3 1282/1/3 1283/1/3
f 1287/1/3 1286/1/3 1285/1/3
f 1288/1/3 1286/1/3 1287/1/3
f 1291/1/3 1290/1/3 1289/1/3
f 1292/1/3 1290/1/3 1291/1/3
f 1295/1/3 1294/1/3 1293/1/3
f 1296/1/3 1294/1/3 1295/1/3
f 1299/1/3 1298/1/3 1297/1/3
f 1300/1/3 1298/1/3 1299/1/3
f 1303/1/3 1302/1/3 1301/1/3
f 1304/1/3 1302/1/3 1303/1/3
f 1307/1/3 1306/1/3 1305/1/3
f 1308/1/3 1306/1/3 1307/1/3
f 1311/1/3 1310/1/3 1309/1/3
f 1312/1/3 1310/1/3 1311/1/3
f 1315/1/3 1314/1/3 1313/1/3
f 1316/1/3 1314/1/3 1315/1/3
f 1319/1/3 1318/1/3 1317/1/3
f 1320/1/3 1318/1/3 1319/1/3
f 1323/1/3 1322/1/3 1321/1/3
f 1324/1/3 1322/1/3 1323/1/3
f 1327/1/3 1326/1/3 1325/1/3
f 1328/1/3 1326/1/3 1327/1/3
f 1331/1/3 1330/1/3 1329/1/3
f 1332/1/3 1330/1/3 1331/1/3
f 1335/1/3 1334/1/3 1333/1/3
f 1336/1/3 1334/1/3 1335/1/3
f 1339/1/3 1338/1/3 1337/1/3
f 1340/1/3 1338/1/3 1339/1/3
f 1343/1/3 1342/1/3 1341/1/3
f 1344/1/3 1342/1/3 1343/1/3
f 1347/1/3 1346/1/3 1345/1/3
f 1348/1/3 1346/1/3 1347/1/3
f 1351/1/3 1350/1/3 1349/1/3
f 1352/1/3 1350/1/3 1351/1/3
f 1355/1/3 1354/1/3 1353/1/3
f 1356/1/3 1354/1/3 1355/1/3
f 1359/1/3 1358/1/3 1357/1/3
f 1360/1/3 1358/1/3 1359/1/3
f 1363/1/3 1362/1/3 1361/1/3
f 1364/1/3 1362/1/3 1363/1/3
f 1367/1/3 1366/1/3 1365/1/3
f 1368/1/3 1366/1/3 1367/1/3
f 1371/1/3 1370/1/3 1369/1/3
f 1372/1/3 1370/1/3 1371/1/3
f 1375/1/3 1374/1/3 1373/1/3
f 1376/1/3 1374/1/3 1375/1/3
f 1379/1/3 1378/1/3 1377/1/3
f 1380/1/3 1378/1/3 1379/1/3
f 1383/1/3 1382/1/3 1381/1/3
f 1384/1/3 1382/1/3 1383/1/3
f 1387/1/3 1386/1/3 1385/1/3
f 1388/1/3 1386/1/3 1387/1/3
f 1391/1/3 1390/1/3 1389/1/3
f 1392/1/3 1390/1/3 1391/1/3
f 1395/1/3 1394/1/3 1393/1/3
f 1396/1/3 1394/1/3 1395/1/3
f 1399/1/3 1398/1/3 1397/1/3
f 1400/1/3 1398/1/3 1399/1/3
f 1403/1/3 1402/1/3 1401/1/3
f 1404/1/3 1402/1/3 1403/1/3
f 1407/1/3 1406/1/3 1405/1/3
f 1408/1/3 1406/1/3 1407/1/3
f 1411/1/3 1410/1/3 1409/1/3
f 1412/1/3 1410/1/3 1411/1/3
f 1415/1/3 1414/1/3 1413/1/3
f 1416/1/3 1414/1/3 1415/1/3
f 1419/1/3 1418/1/3 1417/1/3
f 1420/1/3 1418/1/3 1419/1/3
f 1423/1/3 1422/1/3 1421/1/3
f 1424/1/3 1422/1/3 1423/1/3
f 1427/1/3 1426/1/3 1425/1/3
f 1428/1/3 1426/1/3 1427/1/3
f 1431/1/3 1430/1/3 1429/1/3
f 1432/1/3 1430/1/3 1431/1/3
f 1435/1/3 1434/1/3 1433/1/3
f 1436/1/3 1434/1/3 1435/1/3
f 1439/1/3 1438/1/3 1437/1/3
f 1440/1/3 1438/1/3 1439/1/3
f 1443/1/3 1442/1/3 1441/1/3
f 1444/1/3 1442/1/3 1443/1/3
f 1447/1/3 1446/1/3 1445/1/3
f 1448/1/3 1446/1/3 1447/1/3
f 1451/1/3 1450/1/3 1449/1/3
f 1452/1/3 1450/1/3 1451/1/3
f 1455/1/3 1454/1/3 1453/1/3
f 1456/1/3 1454/1/3 1455/1/3
f 1459/1/3 1458/1/3 1457/1/3
f 1460/1/3 1458/1/3 1459/1/3
f 1463/1/3 1462/1/3 1461/1/3
f 1464/1/3 1462/1/3 1463/1/3
f 1467/1/3 1466/1/3 1465/1/3
f 1468/1/3 1466/1/3 1467/1/3
f 1471/1/3 1470/1/3 1469/1/3
f 1472/1/3 1470/1/3 1471/1/3
f 1475/1/3 1474/1/3 1473/1/3
f 1476/1/3 1474/1/3 1475/1/3
f 1479/1/3 1478/1/3 1477/1/3
f 1480/1/3 1478/1/3 1479/1/3
f 1483/1/3 1482/1/3 1481/1/3
f 1484/1/3 1482/1/3 1483/1/3
f 1487/1/3 1486/1/3 1485/1/3
f 1488/1/3 1486/1/3 1487/1/3
f 1491/1/3 1490/1/3 1489/1/3
f 1492/1/3 1490/1/3 1491/1/3
f 1495/1/3 1494/1/3 1493/1/3
f 1496/1/3 1494/1/3 1495/1/3
f 1499/1/3 1498/1/3 1497/1/3
f 1500/1/3 1498/1/3 1499/1/3
f 1503/1/3 1502/1/3 1501/1/3
f 1504/1/3 1502/1/3 1503/1/3
f 1507/1/3 1506/1/3 1505/1/3
f 1508/1/3 1506/1/3 1507/1/3
f 1511/1/3 1510/1/3 1509/1/3
f 1512/1/3 1510/1/3 1511/1/3
f 1515/1/3 1514/1/3 1513/1/3
f 1516/1/3 1514/1/3 1515/1/3
f 1519/1/3 1518/1/3 1517/1/3
f 1520/1/3 1518/1/3 1519/1/3
f 1523/1/3 1522/1/3 1521/1/3
f 1524/1/3 1522/1/3 1523/1/3
f 1527/1/3 1526/1/3 1525/1/3
f 1528/1/3 1526/1/3 1527/1/3
f 1531/1/3 1530/1/3 1529/1/3
f 1532/1/3 1530/1/3 1531/1/3
f 1535/1/3 1534/1/3 1533/1/3
f 1536/1/3 1534/1/3 1535/1/3
f 1539/1/3 1538/1/3 1537/1/3
f 1540/1/3 1538/1/3 1539/1/3
f 1543/1/3 1542/1/3 1541/1/3
f 1544/1/3 1542/1/3 1543/1/3
f 1547/1/3 1546/1/3 1545/1/3
f 1548/1/3 1546/1/3 1547/1/3
f 1551/1/3 1550/1/3 1549/1/3
f 1552/1/3 1550/1/3 1551/1/3
f 1555/1/3 1554/1/3 1553/1/3
f 1556/1/3 1554/1/3 1555/1/3
f 1559/1/3 1558/1/3 1557/1/3
f 1560/1/3 1558/1/3 1559/1/3
f 1563/1/3 1562/1/3 1561/1/3
f 1564/1/3 1562/1/3 1563/1/3
f 1567/1/3 1566/1/3 1565/1/3
f 1568/1/3 1566/1/3 1567/1/3
f 1571/1/3 1570/1/3 1569/1/3
f 1572/1/3 1570/1/3 1571/1/3
f 1575/1/3 1574/1/3 1573/1/3
f 1576/1/3 1574/1/3 1575/1/3
f 1579/1/3 1578/1/3 1577/1/3
f 1580/1/3 1578/1/3 1579/1/3
f 1583/1/3 1582/1/3 1581/1/3
f 1584/1/3 1582/1/3 1583/1/3
f 1587/1/3 1586/1/3 1585/1/3
f 1588/1/3 1586/1/3 1587/1/3
f 1591/1/3 1590/1/3 1589/1/3
f 1592/1/3 1590/1/3 1591/1/3
f 1595/1/3 1594/1/3 1593/1/3
f 1596/1/3 1594/1/3 1595/1/3
f 1599/1/3 1598/1/3 1597/1/3
f 1600/1/3 1598/1/3 1599/1/3
f 1603/1/3 1602/1/3 1601/1/3
f 1604/1/3 1602/1/3 1603/1/3
f 1607/1/3 1606/1/3 1605/1/3
f 1608/1/3 1606/1/3 1607/1/3
f 1611/1/3 1610/1/3 1609/1/3
f 1612/1/3 1610/1/3 1611/1/3
f 1615/1/3 1614/1/3 1613/1/3
f 1616/1/3 1614/1/3 1615/1/3
f 1619/1/3 1618/1/3 1617/1/3
f 1620/1/3 1618/1/3 1619/1/3
f 1623/1/3 1622/1/3 1621/1/3
f 1624/1/3 1622/1/3 1623/1/3
f 1627/1/3 1626/1/3 1625/1/3
f 1628/1/3 1626/1/3 1627/1/3
f 1631/1/3 1630/1/3 1629/1/3
f 1632/1/3 1630/1/3 1631/1/3
f 1635/1/3 1634/1/3 1633/1/3
f 1636/1/3 1634/1/3 1635/1/3
f 1639/1/3 1638/1/3 1637/1/3
f 1640/1/3 1638/1/3 1639/1/3
f 1643/1/3 1642/1/3 1641/1/3
f 1644/1/3 1642/1/3 1643/1/3
f 1647/1/3 1646/1/3 1645/1/3
f 1648/1/3 1646/1/3 1647/1/3
f 1651/1/3 1650/1/3 1649/1/3
f 1652/1/3 1650/1/3 1651/1/3
f 1655/1/3 1654/1/3 1653/1/3
f 1656/1/3 1654/1/3 1655/1/3
f 1659/1/3 1658/1/3 1657/1/3
f 1660/1/3 1658/1/3 1659/1/3
f 1663/1/3 1662/1/3 1661/1/3
f 1664/1/3 1662/1/3 1663/1/3
f 1667/1/3 1666/1/3 1665/1/3
f 1668/1/3 1666/1/3 1667/1/3
f 1671/1/3 1670/1/3 1669/1/3
f 1672/1/3 1670/1/3 1671/1/3
f 1675/1/3 1674/1/3 1673/1/3
f 1676/1/3 1674/1/3 1675/1/3
f 1679/1/3 1678/1/3 1677/1/3
f 1680/1/3 1678/1/3 1679/1/3
f 1683/1/3 1682/1/3 1681/1/3
f 1684/1/3 1682/1/3 1683/1/3
f 1687/1/3 1686/1/3 1685/1/3
f 1688/1/3 1686/1/3 1687/1/3
f 1691/1/3 1690/1/3 1689/1/3
f 1692/1/3 1690/1/3 1691/1/3
f 1695/1/3 1694/1/3 1693/1/3
f 1696/1/3 1694/1/3 1695/1/3
f 1699/1/3 1698/1/3 1697/1/3
f 1700/1/3 1698/1/3 1699/1/3
f 1703/1/3 1702/1/3 1701/1/3
f 1704/1/3 1702/1/3 1703/1/3
f 1707/1/3 1706/1/3 1705/1/3
f 1708/1/3 1706/1/3 1707/1/3
f 1711/1/3 1710/1/3 1709/1/3
f 1712/1/3 1710/1/3 1711/1/3
f 1715/1/3 1714/1/3 1713/1/3
f 1716/1/3 1714/1/3 1715/1/3
f 1719/1/3 1718/1/3 1717/1/3
f 1720/1/3 1718/1/3 1719/1/3
f 1723/1/3 1722/1/3 1721/1/3
f 1724/1/3 1722/1/3 1723/1/3
f 1727/1/3 1726/1/3 1725/1/3
f 1728/1/3 1726/1/3 1727/1/3
f 1731/1/3 1730/1/3 1729/1/3
f 1732/1/3 1730/1/3 1731/1/3
f 1735/1/3 1734/1/3 1733/1/3
f 1736/1/3 1734/1/3 1735/1/3
f 1739/1/3 1738/1/3 1737/1/3
f 1740/1/3 1738/1/3 1739/1/3
f 1743/1/3 1742/1/3 1741/1/3
f 1744/1/3 1742/1/3 1743/1/3
f 1747/1/3 1746/1/3 1745/1/3
f 1748/1/3 1746/1/3 1747/1/3
f 1751/1/3 1750/1/3 1749/1/3
f 1752/1/3 1750/1/3 1751/1/3
f 1755/1/3 1754/1/3 1753/1/3
f 1756/1/3 1754/1/3 1755/1/3
f 1759/1/3 1758/1/3 1757/1/3
f 1760/1/3 1758/1/3 1759/1/3
f 1763/1/3 1762/1/3 1761/1/3
f 1764/1/3 1762/1/3 1763/1/3
f 1767/1/3 1766/1/3 1765/1/3
f 1768/1/3 1766/1/3 1767/1/3
f 1771/1/3 1770/1/3 1769/1/3
f 1772/1/3 1770/1/3 1771/1/3
f 1775/1/3 1774/1/3 1773/1/3
f 1776/1/3 1774/1/3 1775/1/3
f 1779/1/3 1778/1/3 1777/1/3
f 1780/1/3 1778/1/3 1779/1/3
f 1783/1/3 1782/1/3 1781/1/3
f 1784/1/3 1782/1/3 1783/1/3
f 1787/1/3 1786/1/3 1785/1/3
f 1788/1/3 1786/1/3 1787/1/3
f 1791/1/3 1790/1/3 1789/1/3
f 1792/1/3 1790/1/3 1791/1/3
f 1795/1/3 1794/1/3 1793/1/3
f 1796/1/3 1794/1/3 1795/1/3
f 1799/1/3 1798/1/3 1797/1/3
f 1800/1/3 1798/1/3 1799/1/3
f 1803/1/3 1802/1/3 1801/1/3
f 1804/1/3 1802/1/3 1803/1/3
f 1807/1/3 1806/1/3 1805/1/3
f 1808/1/3 1806/1/3 1807/1/3
f 1811/1/3 1810/1/3 1809/1/3
f 1812/1/3 1810/1/3 1811/1/3
f 1815/1/3 1814/1/3 1813/1/3
f 1816/1/3 1814/1/3 1815/1/3
f 1819/1/3 1818/1/3 1817/1/3
f 1820/1/3 1818/1/3 1819/1/3
f 1823/1/3 1822/1/3 1821/1/3
f 1824/1/3 1822/1/3 1823/1/3
f 1827/1/3 1826/1/3 1825/1/3
f 1828/1/3 1826/1/3 1827/1/3
f 1831/1/3 1830/1/3 1829/1/3
f 1832/1/3 1830/1/3 1831/1/3
f 1835/1/3 1834/1/3 1833/1/3
f 1836/1/3 1834/1/3 1835/1/3
f 1839/1/3 1838/1/3 1837/1/3
f 1840/1/3 1838/1/3 1839/1/3
f 1843/1/3 1842/1/3 1841/1/3
f 1844/1/3 1842/1/3 1843/1/3
f 1847/1/3 1846/1/3 1845/1/3
f 1848/1/3 1846/1/3 1847/1/3
f 1851/1/3 1850/1/3 1849/1/3
f 1852/1/3 1850/1/3 1851/1/3
f 1855/1/3 1854/1/3 1853/1/3
f 1856/1/3 1854/1/3 1855/1/3
f 1859/1/3 1858/1/3 1857/1/3
f 1860/1/3 1858/1/3 1859/1/3
f 1863/1/3 1862/1/3 1861/1/3
f 1864/1/3 1862/1/3 1863/1/3
f 1867/1/3 1866/1/3 1865/1/3
f 1868/1/3 1866/1/3 1867/1/3
f 1871/1/3 1870/1/3 1869/1/3
f 1872/1/3 1870/1/3 1871/1/3
f 1875/1/3 1874/1/3 1873/1/3
f 1876/1/3 1874/1/3 1875/1/3
f 1879/1/3 1878/1/3 1877/1/3
f 1880/1/3 1878/1/3 1879/1/3
f 1883/1/3 1882/1/3 1881/1/3
f 1884/1/3 1882/1/3 1883/1/3
f 1887/1/3 1886/1/3 1885/1/3
f 1888/1/3 1886/1/3 1887/1/3
f 1891/1/3 1890/1/3 1889/1/3
f 1892/1/3 1890/1/3 1891/1/3
f 1895/1/3 1894/1/3 1893/1/3
f 1896/1/3 1894/1/3 1895/1/3
f 1899/1/3 1898/1/3 1897/1/3
f 1900/1/3 1898/1/3 1899/1/3
f 1903/1/3 1902/1/3 1901/1/3
f 1904/1/3 1902/1/3 1903/1/3
f 1907/1/3 1906/1/3 1905/1/3
f 1908/1/3 1906/1/3 1907/1/3
f 1911/1/3 1910/1/3 1909/1/3
f 1912/1/3 1910/1/3 1911/1/3
f 1915/1/3 1914/1/3 1913/1/3
f 1916/1/3 1914/1/3 1915/1/3
f 1919/1/3 1918/1/3 1917/1/3
f 1920/1/3 1918/1/3 1919/1/3
f 1923/1/3 1922/1/3 1921/1/3
f 1924/1/3 1922/1/3 1923/1/3
f 1927/1/3 1926/1/3 1925/1/3
f 1928/1/3 1926/1/3 1927/1/3
f 1931/1/3 1930/1/3 1929/1/3
f 1932/1/3 1930/1/3 1931/1/3
f 1935/1/3 1934/1/3 1933/1/3
f 1936/1/3 1934/1/3 1935/1/3
f 1939/1/3 1938/1/3 1937/1/3
f 1940/1/3 1938/1/3 1939/1/3
f 1943/1/3 1942/1/3 1941/1/3
f 1944/1/3 1942/1/3 1943/1/3
f 1947/1/3 1946/1/3 1945/1/3
f 1948/1/3 1946/1/3 1947/1/3
f 1951/1/3 1950/1/3 1949/1/3
f 1952/1/3 1950/1/3 1951/1/3
f 1955/1/3 1954/1/3 1953/1/3
f 1956/1/3 1954/1/3 1955/1/3
f 1959/1/3 1958/1/3 1957/1/3
f 1960/1/3 1958/1/3 1959/1/3
f 1963/1/3 1962/1/3 1961/1/3
f 1964/1/3 1962/1/3 1963/1/3
f 1967/1/3 1966/1/3 1965/1/3
f 1968/1/3 1966/1/3 1967/1/3
f 1971/1/3 1970/1/3 1969/1/3
f 1972/1/3 1970/1/3 1971/1/3
f 1975/1/3 1974/1/3 1973/1/3
f 1976/1/3 1974/1/3 1975/1/3
f 1979/1/3 1978/1/3 1977/1/3
f 1980/1/3 1978/1/3 1979/1/3
f 1983/1/3 1982/1/3 1981/1/3
f 1984/1/3 1982/1/3 1983/1/3
f 1987/1/3 1986/1/3 1985/1/3
f 1988/1/3 1986/1/3 1987/1/3
f 1991/1/3 1990/1/3 1989/1/3
f 1992/1/3 1990/1/3 1991/1/3
f 1995/1/3 1994/1/3 1993/1/3
f 1996/1/3 1994/1/3 1995/1/3
f 1999/1/3 1998/1/3 1997/1/3
f 2000/1/3 1998/1/3 1999/1/3
f 2003/1/3 2002/1/3 2001/1/3
f 2004/1/3 2002/1/3 2003/1/3
f 2007/1/3 2006/1/3 2005/1/3
f 2008/1/3 2006/1/3 2007/1/3
f 2011/1/3 2010/1/3 2009/1/3
f 2012/1/3 2010/1/3 2011/1/3
f 2015/1/3 2014/1/3 2013/1/3
f 2016/1/3 2014/1/3 2015/1/3
f 2019/1/3 2018/1/3 2017/1/3
f 2020/1/3 2018/1/3 2019/1/3
f 2023/1/3 2022/1/3 2021/1/3
f 2024/1/3 2022/1/3 2023/1/3
f 2027/1/3 2026/1/3 2025/1/3
f 2028/1/3 2026/1/3 2027/1/3
f 2031/1/3 2030/1/3 2029/1/3
f 2032/1/3 2030/1/3 2031/1/3
f 2035/1/3 2034/1/3 2033/1/3
f 2036/1/3 2034/1/3 2035/1/3
f 2039/1/3 2038/1/3 2037/1/3
f 2040/1/3 2038/1/3 2039/1/3
f 2043/1/3 2042/1/3 2041/1/3
f 2044/1/3 2042/1/3 2043/1/3
f 2047/1/3 2046/1/3 2045/1/3
f 2048/1/3 2046/1/3 2047/1/3
f 2051/1/3 2050/1/3 2049/1/3
f 2052/1/3 2050/1/3 2051/1/3
f 2055/1/3 2054/1/3 2053/1/3
f 2056/1/3 2054/1/3 2055/1/3
f 2059/1/3 2058/1/3 2057/1/3
f 2060/1/3 2058/1/3 2059/1/3
f 2063/1/3 2062/1/3 2061/1/3
f 2064/1/3 2062/1/3 2063/1/3
f 2067/1/3 2066/1/3 2065/1/3
f 2068/1/3 2066/1/3 2067/1/3
f 2071/1/3 2070/1/3 2069/1/3
f 2072/1/3 2070/1/3 2071/1/3
f 2075/1/3 2074/1/3 2073/1/3
f 2076/1/3 2074/1/3 2075/1/3
f 2079/1/3 2078/1/3 2077/1/3
f 2080/1/3 2078/1/3 2079/1/3
f 2083/1/3 2082/1/3 2081/1/3
f 2084/1/3 2082/1/3 2083/1/3
f 2087/1/3 2086/1/3 2085/1/3
f 2088/1/3 2086/1/3 2087/1/3
f 2091/1/3 2090/1/3 2089/1/3
f 2092/1/3 2090/1/3 2091/1/3
f 2095/1/3 2094/1/3 2093/1/3
f 2096/1/3 2094/1/3 2095/1/3
f 2099/1/3 2098/1/3 2097/1/3
f 2100/1/3 2098/1/3 2099/1/3
f 2103/1/3 2102/1/3 2101/1/3
f 2104/1/3 2102/1/3 2103/1/3
f 2107/1/3 2106/1/3 2105/1/3
f 2108/1/3 2106/1/3 2107/1/3
f 2111/1/3 2110/1/3 2109/1/3
f 2112/1/3 2110/1/3 2111/1/3
f 2115/1/3 2114/1/3 2113/1/3
f 2116/1/3 2114/1/3 2115/1/3
f 2119/1/3 2118/1/3 2117/1/3
f 2120/1/3 2118/1/3 2119/1/3
f 2123/1/3 2122/1/3 2121/1/3
f 2124/1/3 2122/1/3 2123/1/3
f 2127/1/3 2126/1/3 2125/1/3
f 2128/1/3 2126/1/3 2127/1/3
f 2131/1/3 2130/1/3 2129/1/3
f 2132/1/3 2130/1/3 2131/1/3
f 2135/1/3 2134/1/3 2133/1/3
f 2136/1/3 2134/1/3 2135/1/3
f 2139/1/3 2138/1/3 2137/1/3
f 2140/1/3 2138/1/3 2139/1/3
f 2143/1/3 2142/1/3 2141/1/3
f 2144/1/3 2142/1/3 2143/1/3
f 2147/1/3 2146/1/3 2145/1/3
f 2148/1/3 2146/1/3 2147/1/3
f 2151/1/3 2150/1/3 2149/1/3
f 2152/1/3 2150/1/3 2151/1/3
f 2155/1/3 2154/1/3 2153/1/3
f 2156/1/3 2154/1/3 2155/1/3
f 2159/1/3 2158/1/3 2157/1/3
f 2160/1/3 2158/1/3 2159/1/3
f 2163/1/3 2162/1/3 2161/1/3
f 2164/1/3 2162/1/3 2163/1/3
f 2167/1/3 2166/1/3 2165/1/3
f 2168/1/3 2166/1/3 2167/1/3
f 2171/1/3 2170/1/3 2169/1/3
f 2172/1/3 2170/1/3 2171/1/3
f 2175/1/3 2174/1/3 2173/1/3
f 2176/1/3 2174/1/3 2175/1/3
f 2179/1/3 2178/1/3 2177/1/3
f 2180/1/3 2178/1/3 2179/1/3
f 2183/1/3 2182/1/3 2181/1/3
f 2184/1/3 2182/1/3 2183/1/3
f 2187/1/3 2186/1/3 2185/1/3
f 2188/1/3 2186/1/3 2187/1/3
f 2191/1/3 2190/1/3 2189/1/3
f 2192/1/3 2190/1/3 2191/1/3
f 2195/1/3 2194/1/3 2193/1/3
f 2196/1/3 2194/1/3 2195/1/3
f 2199/1/3 2198/1/3 2197/1/3
f 2200/1/3 2198/1/3 2199/1/3
f 2203/1/3 2202/1/3 2201/1/3
f 2204/1/3 2202/1/3 2203/1/3
f 2207/1/3 2206/1/3 2205/1/3
f 2208/1/3 2206/1/3 2207/1/3
f 2211/1/3 2210/1/3 2209/1/3
f 2212/1/3 2210/1/3 2211/1/3
f 2215/1/3 2214/1/3 2213/1/3
f 2216/1/3 2214/1/3 2215/1/3
f 2219/1/3 2218/1/3 2217/1/3
f 2220/1/3 2218/1/3 2219/1/3
f 2223/1/3 2222/1/3 2221/1/3
f 2224/1/3 2222/1/3 2223/1/3
f 2227/1/3 2226/1/3 2225/1/3
f 2228/1/3 2226/1/3 2227/1/3
f 2231/1/3 2230/1/3 2229/1/3
f 2232/1/3 2230/1/3 2231/1/3
f 2235/1/3 2234/1/3 2233/1/3
f 2236/1/3 2234/1/3 2235/1/3
f 2239/1/3 2238/1/3 2237/1/3
f 2240/1/3 2238/1/3 2239/1/3
f 2243/1/3 2242/1/3 2241/1/3
f 2244/1/3 2242/1/3 2243/1/3
f 2247/1/3 2246/1/3 2245/1/3
f 2248/1/3 2246/1/3 2247/1/3
f 2251/1/3 2250/1/3 2249/1/3
f 2252/1/3 2250/1/3 2251/1/3
f 2255/1/3 2254/1/3 2253/1/3
f 2256/1/3 2254/1/3 2255/1/3
f 2259/1/3 2258/1/3 2257/1/3
f 2260/1/3 2258/1/3 2259/1/3
f 2263/1/3 2262/1/3 2261/1/3
f 2264/1/3 2262/1/3 2263/1/3
f 2267/1/3 2266/1/3 2265/1/3
f 2268/1/3 2266/1/3 2267/1/3
f 2269/1/4 2270/1/4 2271/1/4
f 2271/1/4 2270/1/4 2272/1/4
f 2272/1/4 2270/1/4 2273/1/4
f 2273/1/4 2270/1/4 2274/1/4
f 2274/1/4 2270/1/4 2275/1/4
f 2275/1/4 2270/1/4 2276/1/4
f 2276/1/4 2270/1/4 2277/1/4
f 2277/1/4 2270/1/4 2278/1/4
f 2278/1/4 2270/1/4 2279/1/4
f 2279/1/4 2270/1/4 2280/1/4
f 2283/1/5 2282/1/5 2281/1/5
f 2285/1/5 2284/1/5 2283/1/5
f 2287/1/5 2286/1/5 2285/1/5
f 2289/1/5 2288/1/5 2287/1/5
f 2291/1/5 2290/1/5 2289/1/5
f 2293/1/5 2292/1/5 2291/1/5
f 2297/1/5 2294/1/5 2293/1/5
f 2298/1/5 2296/1/5 2295/1/5
f 2299/1/5 2296/1/5 2298/1/5
f 2301/1/5 2298/1/5 2297/1/5
f 2301/1/5 2300/1/5 2299/1/5
f 2301/1/5 2299/1/5 2298/1/5
f 2303/1/5 2302/1/5 2301/1/5
f 2305/1/5 2304/1/5 2303/1/5
f 2307/1/5 2306/1/5 2305/1/5
f 2309/1/5 2308/1/5 2307/1/5
f 2311/1/5 2310/1/5 2309/1/5
f 2313/1/5 2312/1/5 2311/1/5
f 2315/1/5 2314/1/5 2313/1/5
f 2317/1/5 2316/1/5 2315/1/5
f 2319/1/5 2318/1/5 2317/1/5
f 2321/1/5 2320/1/5 2319/1/5
f 2323/1/5 2322/1/5 2321/1/5
f 2325/1/5 2324/1/5 2323/1/5
f 2329/1/5 2326/1/5 2325/1/5
f 2330/1/5 2328/1/5 2327/1/5
f 2331/1/5 2328/1/5 2330/1/5
f 2333/1/5 2330/1/5 2329/1/5
f 2333/1/5 2332/1/5 2331/1/5
f 2333/1/5 2331/1/5 2330/1/5
f 2335/1/5 2283/1/5 2281/1/5
f 2335/1/5 2334/1/5 2333/1/5
f 2335/1/5 2333/1/5 2329/1/5
f 2335/1/5 2285/1/5 2283/1/5
f 2335/1/5 2329/1/5 2325/1/5
f 2335/1/5 2325/1/5 2323/1/5
f 2335/1/5 2323/1/5 2321/1/5
f 2335/1/5 2321/1/5 2319/1/5
f 2335/1/5 2319/1/5 2317/1/5
f 2335/1/5 2317/1/5 2315/1/5
f 2335/1/5 2315/1/5 2313/1/5
f 2335/1/5 2313/1/5 2311/1/5
f 2335/1/5 2311/1/5 2309/1/5
f 2335/1/5 2309/1/5 2307/1/5
f 2335/1/5 2307/1/5 2305/1/5
f 2335/1/5 2305/1/5 2303/1/5
f 2335/1/5 2303/1/5 2301/1/5
f 2335/1/5 2301/1/5 2297/1/5
f 2335/1/5 2287/1/5 2285/1/5
f 2335/1/5 2297/1/5 2293/1/5
f 2335/1/5 2293/1/5 2291/1/5
f 2335/1/5 2291/1/5 2289/1/5
f 2335/1/5 2289/1/5 2287/1/5
f 2336/1/5 2334/1/5 2335/1/5
f 2339/1/5 2338/1/5 2337/1/5
f 2341/1/5 2340/1/5 2339/1/5
f 2343/1/5 2342/1/5 2341/1/5
f 2345/1/5 2344/1/5 2343/1/5
f 2347/1/5 2346/1/5 2345/1/5
f 2349/1/5 2348/1/5 2347/1/5
f 2351/1/5 2350/1/5 2349/1/5
f 2353/1/5 2352/1/5 2351/1/5
f 2355/1/5 2354/1/5 2353/1/5
f 2357/1/5 2356/1/5 2355/1/5
f 2359/1/5 2358/1/5 2357/1/5
f 2361/1/5 2360/1/5 2359/1/5
f 2363/1/5 2362/1/5 2361/1/5
f 2365/1/5 2364/1/5 2363/1/5
f 2367/1/5 2366/1/5 2365/1/5
f 2369/1/5 2368/1/5 2367/1/5
f 2371/1/5 2370/1/5 2369/1/5
f 2373/1/5 2372/1/5 2371/1/5
f 2375/1/5 2374/1/5 2373/1/5
f 2377/1/5 2376/1/5 2375/1/5
f 2379/1/5 2378/1/5 2377/1/5
f 2381/1/5 2380/1/5 2379/1/5
f 2383/1/5 2382/1/5 2381/1/5
f 2385/1/5 2384/1/5 2383/1/5
f 2387/1/5 2386/1/5 2385/1/5
f 2389/1/5 2388/1/5 2387/1/5
f 2391/1/5 2390/1/5 2389/1/5
f 2393/1/5 2392/1/5 2391/1/5
f 2395/1/5 2394/1/5 2393/1/5
f 2397/1/5 2339/1/5 2337/1/5
f 2397/1/5 2396/1/5 2395/1/5
f 2397/1/5 2395/1/5 2393/1/5
f 2397/1/5 2393/1/5 2391/1/5
f 2397/1/5 2391/1/5 2389/1/5
f 2397/1/5 2389/1/5 2387/1/5
f 2397/1/5 2387/1/5 2385/1/5
f 2397/1/5 2385/1/5 2383/1/5
f 2397/1/5 2383/1/5 2381/1/5
f 2397/1/5 2381/1/5 2379/1/5
f 2397/1/5 2379/1/5 2377/1/5
f 2397/1/5 2377/1/5 2375/1/5
f 2397/1/5 2375/1/5 2373/1/5
f 2397/1/5 2373/1/5 2371/1/5
f 2397/1/5 2371/1/5 2369/1/5
f 2397/1/5 2369/1/5 2367/1/5
f 2397/1/5 2367/1/5 2365/1/5
f 2397/1/5 2365/1/5 2363/1/5
f 2397/1/5 2363/1/5 2361/1/5
f 2397/1/5 2361/1/5 2359/1/5
f 2397/1/5 2359/1/5 2357/1/5
f 2397/1/5 2357/1/5 2355/1/5
f 2397/1/5 2355/1/5 2353/1/5
f 2397/1/5 2353/1/5 2351/1/5
f 2397/1/5 2351/1/5 2349/1/5
f 2397/1/5 2349/1/5 2347/1/5
f 2397/1/5 2347/1/5 2345/1/5
f 2397/1/5 2345/1/5 2343/1/5
f 2397/1/5 2343/1/5 2341/1/5
f 2397/1/5 2341/1/5 2339/1/5
f 2398/1/5 2396/1/5 2397/1/5
f 2399/1/5 2396/1/5 2398/1/5
f 2401/1/5 2400/1/5 2399/1/5
f 2401/1/5 2399/1/5 2398/1/5
f 2402/1/5 2400/1/5 2401/1/5
f 2403/1/5 2400/1/5 2402/1/5
f 2405/1/5 2404/1/5 2403/1/5
f 2405/1/5 2403/1/5 2402/1/5
f 2406/1/5 2404/1/5 2405/1/5
f 2407/1/5 2404/1/5 2406/1/5
f 2408/1/5 2404/1/5 2407/1/5
f 2409/1/5 2404/1/5 2408/1/5
f 2411/1/5 2410/1/5 2409/1/5
f 2411/1/5 2409/1/5 2408/1/5
f 2412/1/5 2410/1/5 2411/1/5
f 2413/1/5 2410/1/5 2412/1/5
f 2415/1/5 2414/1/5 2413/1/5
f 2415/1/5 2413/1/5 2412/1/5
f 2416/1/5 2414/1/5 2415/1/5
f 2417/1/5 2414/1/5 2416/1/5
f 2419/1/5 2418/1/5 2417/1/5
f 2419/1/5 2417/1/5 2416/1/5
f 2420/1/5 2418/1/5 2419/1/5
f 2421/1/5 2418/1/5 2420/1/5
f 2422/1/5 2418/1/5 2421/1/5
f 2423/1/5 2418/1/5 2422/1/5
f 2425/1/5 2421/1/5 2420/1/5
f 2426/1/5 2421/1/5 2425/1/5
f 2427/1/5 2424/1/5 2423/1/5
f 2427/1/5 2423/1/5 2422/1/5
f 2428/1/5 2424/1/5 2427/1/5
f 2429/1/5 2424/1/5 2428/1/5
f 2431/1/5 2430/1/5 2429/1/5
f 2431/1/5 2429/1/5 2428/1/5
f 2432/1/5 2430/1/5 2431/1/5
f 2433/1/5 2430/1/5 2432/1/5
f 2435/1/5 2434/1/5 2433/1/5
f 2435/1/5 2433/1/5 2432/1/5
f 2436/1/5 2434/1/5 2435/1/5
f 2437/1/5 2434/1/5 2436/1/5
f 2439/1/5 2438/1/5 2437/1/5
f 2439/1/5 2437/1/5 2436/1/5
f 2440/1/5 2438/1/5 2439/1/5
f 2441/1/5 2438/1/5 2440/1/5
f 2443/1/5 2442/1/5 2441/1/5
f 2443/1/5 2441/1/5 2440/1/5
f 2444/1/5 2442/1/5 2443/1/5
f 2445/1/5 2442/1/5 2444/1/5
f 2447/1/5 2446/1/5 2445/1/5
f 2447/1/5 2445/1/5 2444/1/5
f 2448/1/5 2446/1/5 2447/1/5
f 2449/1/5 2446/1/5 2448/1/5
f 2451/1/5 2450/1/5 2449/1/5
f 2451/1/5 2449/1/5 2448/1/5
f 2452/1/5 2450/1/5 2451/1/5
f 2453/1/5 2450/1/5 2452/1/5
f 2455/1/5 2454/1/5 2453/1/5
f 2455/1/5 2453/1/5 2452/1/5
f 2456/1/5 2454/1/5 2455/1/5
f 2457/1/5 2454/1/5 2456/1/5
f 2459/1/5 2458/1/5 2457/1/5
f 2459/1/5 2457/1/5 2456/1/5
f 2461/1/5 2459/1/5 2456/1/5
f 2461/1/5 2460/1/5 2459/1/5
f 2462/1/5 2460/1/5 2461/1/5
f 2463/1/5 2460/1/5 2462/1/5
f 2465/1/5 2464/1/5 2463/1/5
f 2465/1/5 2463/1/5 2462/1/5
f 2466/1/5 2464/1/5 2465/1/5
f 2467/1/5 2464/1/5 2466/1/5
f 2469/1/5 2468/1/5 2467/1/5
f 2469/1/5 2467/1/5 2466/1/5
f 2470/1/5 2468/1/5 2469/1/5
f 2471/1/5 2468/1/5 2470/1/5
f 2473/1/5 2472/1/5 2471/1/5
f 2473/1/5 2471/1/5 2470/1/5
f 2474/1/5 2472/1/5 2473/1/5
f 2475/1/5 2472/1/5 2474/1/5
f 2477/1/5 2476/1/5 2475/1/5
f 2477/1/5 2475/1/5 2474/1/5
f 2478/1/5 2476/1/5 2477/1/5
f 2479/1/5 2476/1/5 2478/1/5
f 2481/1/5 2480/1/5 2479/1/5
f 2481/1/5 2479/1/5 2478/1/5
f 2482/1/5 2480/1/5 2481/1/5
f 2483/1/5 2480/1/5 2482/1/5
f 2484/1/5 2480/1/5 2483/1/5
f 2485/1/5 2480/1/5 2484/1/5
f 2487/1/5 2483/1/5 2482/1/5
f 2488/1/5 2483/1/5 2487/1/5
f 2489/1/5 2486/1/5 2485/1/5
f 2489/1/5 2485/1/5 2484/1/5
f 2490/1/5 2486/1/5 2489/1/5
f 2491/1/5 2486/1/5 2490/1/5
f 2493/1/5 2492/1/5 2491/1/5
f 2493/1/5 2491/1/5 2490/1/5
f 2494/1/5 2492/1/5 2493/1/5
f 2495/1/5 2492/1/5 2494/1/5
f 2496/1/5 2492/1/5 2495/1/5
f 2499/1/5 2498/1/5 2497/1/5
f 2501/1/5 2500/1/5 2499/1/5
f 2503/1/5 2502/1/5 2501/1/5
f 2505/1/5 2504/1/5 2503/1/5
f 2507/1/5 2506/1/5 2505/1/5
f 2509/1/5 2499/1/5 2497/1/5
f 2509/1/5 2508/1/5 2507/1/5
f 2509/1/5 2507/1/5 2505/1/5
f 2509/1/5 2505/1/5 2503/1/5
f 2509/1/5 2503/1/5 2501/1/5
f 2509/1/5 2501/1/5 2499/1/5
f 2510/1/5 2508/1/5 2509/1/5
f 2511/1/5 2508/1/5 2510/1/5
f 2513/1/5 2512/1/5 2511/1/5
f 2513/1/5 2511/1/5 2510/1/5
f 2514/1/5 2512/1/5 2513/1/5
f 2515/1/5 2512/1/5 2514/1/5
f 2517/1/5 2516/1/5 2515/1/5
f 2517/1/5 2515/1/5 2514/1/5
f 2518/1/5 2516/1/5 2517/1/5
f 2519/1/5 2516/1/5 2518/1/5
f 2521/1/5 2520/1/5 2519/1/5
f 2521/1/5 2519/1/5 2518/1/5
f 2522/1/5 2520/1/5 2521/1/5
f 2523/1/5 2520/1/5 2522/1/5
f 2525/1/5 2524/1/5 2523/1/5
f 2525/1/5 2523/1/5 2522/1/5
f 2526/1/5 2524/1/5 2525/1/5
f 2527/1/5 2524/1/5 2526/1/5
f 2529/1/5 2528/1/5 2527/1/5
f 2529/1/5 2527/1/5 2526/1/5
f 2530/1/5 2528/1/5 2529/1/5
f 2531/1/5 2528/1/5 2530/1/5
f 2533/1/5 2532/1/5 2531/1/5
f 2533/1/5 2531/1/5 2530/1/5
f 2534/1/5 2532/1/5 2533/1/5
f 2535/1/5 2532/1/5 2534/1/5
f 2537/1/5 2536/1/5 2535/1/5
f 2537/1/5 2535/1/5 2534/1/5
f 2538/1/5 2536/1/5 2537/1/5
f 2539/1/5 2536/1/5 2538/1/5
f 2541/1/5 2540/1/5 2539/1/5
f 2541/1/5 2539/1/5 2538/1/5
f 2542/1/5 2540/1/5 2541/1/5
f 2543/1/5 2540/1/5 2542/1/5
f 2545/1/5 2544/1/5 2543/1/5
f 2545/1/5 2543/1/5 2542/1/5
f 2546/1/5 2544/1/5 2545/1/5
f 2547/1/5 2544/1/5 2546/1/5
f 2549/1/5 2548/1/5 2547/1/5
f 2549/1/5 2547/1/5 2546/1/5
f 2550/1/5 2548/1/5 2549/1/5
f 2551/1/5 2548/1/5 2550/1/5
f 2553/1/5 2552/1/5 2551/1/5
f 2553/1/5 2551/1/5 2550/1/5
f 2554/1/5 2552/1/5 2553/1/5
f 2555/1/5 2552/1/5 2554/1/5
f 2557/1/5 2556/1/5 2555/1/5
f 2557/1/5 2555/1/5 2554/1/5
f 2558/1/5 2556/1/5 2557/1/5
f 2559/1/5 2556/1/5 2558/1/5
f 2561/1/5 2560/1/5 2559/1/5
f 2561/1/5 2559/1/5 2558/1/5
f 2562/1/5 2560/1/5 2561/1/5
f 2563/1/5 2560/1/5 2562/1/5
f 2565/1/5 2564/1/5 2563/1/5
f 2565/1/5 2563/1/5 2562/1/5
f 2566/1/5 2564/1/5 2565/1/5
f 2567/1/5 2564/1/5 2566/1/5
f 2569/1/5 2568/1/5 2567/1/5
f 2569/1/5 2567/1/5 2566/1/5
f 2570/1/5 2568/1/5 2569/1/5
f 2571/1/5 2568/1/5 2570/1/5
f 2573/1/5 2572/1/5 2571/1/5
f 2573/1/5 2571/1/5 2570/1/5
f 2574/1/5 2572/1/5 2573/1/5
f 2575/1/5 2572/1/5 2574/1/5
f 2577/1/5 2576/1/5 2575/1/5
f 2577/1/5 2575/1/5 2574/1/5
f 2578/1/5 2576/1/5 2577/1/5
f 2579/1/5 2576/1/5 2578/1/5
f 2581/1/5 2580/1/5 2579/1/5
f 2581/1/5 2579/1/5 2578/1/5
f 2582/1/5 2580/1/5 2581/1/5
f 2583/1/5 2580/1/5 2582/1/5
f 2585/1/5 2584/1/5 2583/1/5
f 2585/1/5 2583/1/5 2582/1/5
f 2586/1/5 2584/1/5 2585/1/5
f 2587/1/5 2584/1/5 2586/1/5
f 2589/1/5 2588/1/5 2587/1/5
f 2589/1/5 2587/1/5 2586/1/5
f 2590/1/5 2588/1/5 2589/1/5
f 2591/1/5 2588/1/5 2590/1/5
f 2593/1/5 2592/1/5 2591/1/5
f 2593/1/5 2591/1/5 2590/1/5
f 2594/1/5 2592/1/5 2593/1/5
f 2595/1/5 2592/1/5 2594/1/5
f 2597/1/5 2596/1/5 2595/1/5
f 2597/1/5 2595/1/5 2594/1/5
f 2598/1/5 2596/1/5 2597/1/5
f 2599/1/5 2596/1/5 2598/1/5
f 2601/1/5 2600/1/5 2599/1/5
f 2601/1/5 2599/1/5 2598/1/5
f 2602/1/5 2600/1/5 2601/1/5
f 2603/1/5 2600/1/5 2602/1/5
f 2605/1/5 2604/1/5 2603/1/5
f 2605/1/5 2603/1/5 2602/1/5
f 2606/1/5 2604/1/5 2605/1/5
f 2607/1/5 2604/1/5 2606/1/5
f 2609/1/5 2608/1/5 2607/1/5
f 2609/1/5 2607/1/5 2606/1/5
f 2610/1/5 2608/1/5 2609/1/5
f 2611/1/5 2608/1/5 2610/1/5
f 2613/1/5 2612/1/5 2611/1/5
f 2613/1/5 2611/1/5 2610/1/5
f 2614/1/5 2612/1/5 2613/1/5
f 2615/1/5 2612/1/5 2614/1/5
f 2617/1/5 2616/1/5 2615/1/5
f 2617/1/5 2615/1/5 2614/1/5
f 2618/1/5 2616/1/5 2617/1/5
f 2619/1/5 2616/1/5 2618/1/5
f 2621/1/5 2620/1/5 2619/1/5
f 2621/1/5 2619/1/5 2618/1/5
f 2622/1/5 2620/1/5 2621/1/5
f 2623/1/5 2620/1/5 2622/1/5
f 2625/1/5 2624/1/5 2623/1/5
f 2625/1/5 2623/1/5 2622/1/5
f 2626/1/5 2624/1/5 2625/1/5
f 2627/1/5 2624/1/5 2626/1/5
f 2629/1/5 2628/1/5 2627/1/5
f 2629/1/5 2627/1/5 2626/1/5
f 2630/1/5 2628/1/5 2629/1/5
f 2631/1/5 2628/1/5 2630/1/5
f 2632/1/5 2628/1/5 2631/1/5
f 2633/1/5 2628/1/5 2632/1/5
f 2635/1/5 2634/1/5 2633/1/5
f 2635/1/5 2633/1/5 2632/1/5
f 2637/1/5 2635/1/5 2632/1/5
f 2637/1/5 2636/1/5 2635/1/5
f 2638/1/5 2636/1/5 2637/1/5
f 2639/1/5 2636/1/5 2638/1/5
f 2641/1/5 2640/1/5 2639/1/5
f 2641/1/5 2639/1/5 2638/1/5
f 2642/1/5 2640/1/5 2641/1/5
f 2643/1/5 2640/1/5 2642/1/5
f 2645/1/5 2644/1/5 2643/1/5
f 2645/1/5 2643/1/5 2642/1/5
f 2646/1/5 2644/1/5 2645/1/5
f 2647/1/5 2644/1/5 2646/1/5
f 2649/1/5 2648/1/5 2647/1/5
f 2649/1/5 2647/1/5 2646/1/5
f 2650/1/5 2648/1/5 2649/1/5
f 2651/1/5 2648/1/5 2650/1/5
f 2653/1/5 2652/1/5 2651/1/5
f 2653/1/5 2651/1/5 2650/1/5
f 2654/1/5 2652/1/5 2653/1/5
f 2655/1/5 2652/1/5 2654/1/5
f 2657/1/5 2656/1/5 2655/1/5
f 2657/1/5 2655/1/5 2654/1/5
f 2658/1/5 2656/1/5 2657/1/5
f 2659/1/5 2656/1/5 2658/1/5
f 2661/1/5 2660/1/5 2659/1/5
f 2661/1/5 2659/1/5 2658/1/5
f 2662/1/5 2660/1/5 2661/1/5
f 2663/1/5 2660/1/5 2662/1/5
f 2665/1/5 2664/1/5 2663/1/5
f 2665/1/5 2663/1/5 2662/1/5
f 2666/1/5 2664/1/5 2665/1/5
f 2667/1/5 2664/1/5 2666/1/5
f 2669/1/5 2668/1/5 2667/1/5
f 2669/1/5 2667/1/5 2666/1/5
f 2670/1/5 2668/1/5 2669/1/5
f 2671/1/5 2668/1/5 2670/1/5
f 2673/1/5 2672/1/5 2671/1/5
f 2673/1/5 2671/1/5 2670/1/5
f 2674/1/5 2672/1/5 2673/1/5
f 2675/1/5 2672/1/5 2674/1/5
f 2677/1/5 2676/1/5 2675/1/5
f 2677/1/5 2675/1/5 2674/1/5
f 2678/1/5 2676/1/5 2677/1/5
f 2679/1/5 2676/1/5 2678/1/5
f 2681/1/5 2680/1/5 2679/1/5
f 2681/1/5 2679/1/5 2678/1/5
f 2682/1/5 2680/1/5 2681/1/5
f 2683/1/5 2680/1/5 2682/1/5
f 2685/1/5 2684/1/5 2683/1/5
f 2685/1/5 2683/1/5 2682/1/5
f 2686/1/5 2684/1/5 2685/1/5
f 2687/1/5 2684/1/5 2686/1/5
f 2689/1/5 2688/1/5 2687/1/5
f 2689/1/5 2687/1/5 2686/1/5
f 2690/1/5 2688/1/5 2689/1/5
f 2691/1/5 2688/1/5 2690/1/5
f 2693/1/5 2692/1/5 2691/1/5
f 2693/1/5 2691/1/5 2690/1/5
f 2694/1/5 2692/1/5 2693/1/5
f 2695/1/5 2692/1/5 2694/1/5
f 2697/1/5 2696/1/5 2695/1/5
f 2697/1/5 2695/1/5 2694/1/5
f 2698/1/5 2696/1/5 2697/1/5
f 2699/1/5 2696/1/5 2698/1/5
f 2701/1/5 2700/1/5 2699/1/5
f 2701/1/5 2699/1/5 2698/1/5
f 2702/1/5 2700/1/5 2701/1/5
f 2703/1/5 2700/1/5 2702/1/5
f 2705/1/5 2704/1/5 2703/1/5
f 2705/1/5 2703/1/5 2702/1/5
f 2706/1/5 2704/1/5 2705/1/5
f 2707/1/5 2704/1/5 2706/1/5
f 2709/1/5 2708/1/5 2707/1/5
f 2709/1/5 2707/1/5 2706/1/5
f 2710/1/5 2708/1/5 2709/1/5
f 2711/1/5 2708/1/5 2710/1/5
f 2713/1/5 2712/1/5 2711/1/5
f 2713/1/5 2711/1/5 2710/1/5
f 2714/1/5 2712/1/5 2713/1/5
f 2715/1/5 2712/1/5 2714/1/5
f 2717/1/5 2716/1/5 2715/1/5
f 2717/1/5 2715/1/5 2714/1/5
f 2719/1/5 2717/1/5 2714/1/5
f 2719/1/5 2718/1/5 2717/1/5
f 2720/1/5 2718/1/5 2719/1/5
f 2723/1/5 2722/1/5 2721/1/5
f 2725/1/5 2724/1/5 2723/1/5
f 2727/1/5 2726/1/5 2725/1/5
f 2729/1/5 2728/1/5 2727/1/5
f 2731/1/5 2730/1/5 2729/1/5
f 2733/1/5 2732/1/5 2731/1/5
f 2735/1/5 2723/1/5 2721/1/5
f 2735/1/5 2734/1/5 2733/1/5
f 2735/1/5 2733/1/5 2731/1/5
f 2735/1/5 2731/1/5 2729/1/5
f 2735/1/5 2729/1/5 2727/1/5
f 2735/1/5 2727/1/5 2725/1/5
f 2735/1/5 2725/1/5 2723/1/5
f 2736/1/5 2734/1/5 2735/1/5
f 2737/1/5 2734/1/5 2736/1/5
f 2739/1/5 2738/1/5 2737/1/5
f 2739/1/5 2737/1/5 2736/1/5
f 2740/1/5 2738/1/5 2739/1/5
f 2741/1/5 2738/1/5 2740/1/5
f 2743/1/5 2742/1/5 2741/1/5
f 2743/1/5 2741/1/5 2740/1/5
f 2744/1/5 2742/1/5 2743/1/5
f 2745/1/5 2742/1/5 2744/1/5
f 2747/1/5 2746/1/5 2745/1/5
f 2747/1/5 2745/1/5 2744/1/5
f 2748/1/5 2746/1/5 2747/1/5
f 2749/1/5 2746/1/5 2748/1/5
f 2751/1/5 2750/1/5 2749/1/5
f 2751/1/5 2749/1/5 2748/1/5
f 2752/1/5 2750/1/5 2751/1/5
f 2753/1/5 2750/1/5 2752/1/5
f 2755/1/5 2754/1/5 2753/1/5
f 2755/1/5 2753/1/5 2752/1/5
f 2756/1/5 2754/1/5 2755/1/5
f 2757/1/5 2754/1/5 2756/1/5
f 2759/1/5 2758/1/5 2757/1/5
f 2759/1/5 2757/1/5 2756/1/5
f 2760/1/5 2758/1/5 2759/1/5
f 2761/1/5 2758/1/5 2760/1/5
f 2763/1/5 2762/1/5 2761/1/5
f 2763/1/5 2761/1/5 2760/1/5
f 2764/1/5 2762/1/5 2763/1/5
f 2765/1/5 2762/1/5 2764/1/5
f 2767/1/5 2766/1/5 2765/1/5
f 2767/1/5 2765/1/5 2764/1/5
f 2768/1/5 2766/1/5 2767/1/5
f 2769/1/5 2766/1/5 2768/1/5
f 2771/1/5 2770/1/5 2769/1/5
f 2771/1/5 2769/1/5 2768/1/5
f 2772/1/5 2770/1/5 2771/1/5
f 2773/1/5 2770/1/5 2772/1/5
f 2775/1/5 2774/1/5 2773/1/5
f 2775/1/5 2773/1/5 2772/1/5
f 2776/1/5 2774/1/5 2775/1/5
f 2777/1/5 2774/1/5 2776/1/5
f 2779/1/5 2778/1/5 2777/1/5
f 2779/1/5 2777/1/5 2776/1/5
f 2780/1/5 2778/1/5 2779/1/5
f 2781/1/5 2778/1/5 2780/1/5
f 2783/1/5 2782/1/5 2781/1/5
f 2783/1/5 2781/1/5 2780/1/5
f 2784/1/5 2782/1/5 2783/1/5
f 2785/1/5 2782/1/5 2784/1/5
f 2787/1/5 2786/1/5 2785/1/5
f 2787/1/5 2785/1/5 2784/1/5
f 2788/1/5 2786/1/5 2787/1/5
f 2789/1/5 2786/1/5 2788/1/5
f 2791/1/5 2790/1/5 2789/1/5
f 2791/1/5 2789/1/5 2788/1/5
f 2792/1/5 2790/1/5 2791/1/5
f 2793/1/5 2790/1/5 2792/1/5
f 2795/1/5 2794/1/5 2793/1/5
f 2795/1/5 2793/1/5 2792/1/5
f 2796/1/5 2794/1/5 2795/1/5
f 2797/1/5 2794/1/5 2796/1/5
f 2799/1/5 2798/1/5 2797/1/5
f 2799/1/5 2797/1/5 2796/1/5
f 2800/1/5 2798/1/5 2799/1/5
f 2801/1/5 2798/1/5 2800/1/5
f 2803/1/5 2802/1/5 2801/1/5
f 2803/1/5 2801/1/5 2800/1/5
f 2804/1/5 2802/1/5 2803/1/5
f 2805/1/5 2802/1/5 2804/1/5
f 2807/1/5 2806/1/5 2805/1/5
f 2807/1/5 2805/1/5 2804/1/5
f 2808/1/5 2806/1/5 2807/1/5
f 2809/1/5 2806/1/5 2808/1/5
f 2811/1/5 2810/1/5 2809/1/5
f 2811/1/5 2809/1/5 2808/1/5
f 2812/1/5 2810/1/5 2811/1/5
f 2813/1/5 2810/1/5 2812/1/5
f 2815/1/5 2814/1/5 2813/1/5
f 2815/1/5 2813/1/5 2812/1/5
f 2816/1/5 2814/1/5 2815/1/5
f 2817/1/5 2814/1/5 2816/1/5
f 2819/1/5 2818/1/5 2817/1/5
f 2819/1/5 2817/1/5 2816/1/5
f 2820/1/5 2818/1/5 2819/1/5
f 2821/1/5 2818/1/5 2820/1/5
f 2823/1/5 2822/1/5 2821/1/5
f 2823/1/5 2821/1/5 2820/1/5
f 2824/1/5 2822/1/5 2823/1/5
f 2825/1/5 2822/1/5 2824/1/5
f 2827/1/5 2826/1/5 2825/1/5
f 2827/1/5 2825/1/5 2824/1/5
f 2828/1/5 2826/1/5 2827/1/5
f 2829/1/5 2826/1/5 2828/1/5
f 2831/1/5 2830/1/5 2829/1/5
f 2831/1/5 2829/1/5 2828/1/5
f 2832/1/5 2830/1/5 2831/1/5
f 2833/1/5 2830/1/5 2832/1/5
f 2835/1/5 2834/1/5 2833/1/5
f 2835/1/5 2833/1/5 2832/1/5
f 2836/1/5 2834/1/5 2835/1/5
f 2837/1/5 2834/1/5 2836/1/5
f 2839/1/5 2838/1/5 2837/1/5
f 2839/1/5 2837/1/5 2836/1/5
f 2840/1/5 2838/1/5 2839/1/5
f 2841/1/5 2838/1/5 2840/1/5
f 2843/1/5 2842/1/5 2841/1/5
f 2843/1/5 2841/1/5 2840/1/5
f 2844/1/5 2842/1/5 2843/1/5
f 2845/1/5 2842/1/5 2844/1/5
f 2847/1/5 2846/1/5 2845/1/5
f 2847/1/5 2845/1/5 2844/1/5
f 2848/1/5 2846/1/5 2847/1/5
f 2849/1/5 2846/1/5 2848/1/5
f 2851/1/5 2850/1/5 2849/1/5
f 2851/1/5 2849/1/5 2848/1/5
f 2852/1/5 2850/1/5 2851/1/5
f 2853/1/5 2850/1/5 2852/1/5
f 2855/1/5 2854/1/5 2853/1/5
f 2855/1/5 2853/1/5 2852/1/5
f 2856/1/5 2854/1/5 2855/1/5
f 2857/1/5 2854/1/5 2856/1/5
f 2859/1/5 2858/1/5 2857/1/5
f 2859/1/5 2857/1/5 2856/1/5
f 2860/1/5 2858/1/5 2859/1/5
f 2861/1/5 2858/1/5 2860/1/5
f 2863/1/5 2862/1/5 2861/1/5
f 2863/1/5 2861/1/5 2860/1/5
f 2864/1/5 2862/1/5 2863/1/5
f 2865/1/5 2862/1/5 2864/1/5
f 2867/1/5 2866/1/5 2865/1/5
f 2867/1/5 2865/1/5 2864/1/5
f 2868/1/5 2866/1/5 2867/1/5
f 2869/1/5 2866/1/5 2868/1/5
f 2871/1/5 2870/1/5 2869/1/5
f 2871/1/5 2869/1/5 2868/1/5
f 2872/1/5 2870/1/5 2871/1/5
f 2873/1/5 2870/1/5 2872/1/5
f 2875/1/5 2874/1/5 2873/1/5
f 2875/1/5 2873/1/5 2872/1/5
f 2876/1/5 2874/1/5 2875/1/5
f 2877/1/5 2874/1/5 2876/1/5
f 2879/1/5 2878/1/5 2877/1/5
f 2879/1/5 2877/1/5 2876/1/5
f 2880/1/5 2878/1/5 2879/1/5
f 2881/1/5 2878/1/5 2880/1/5
f 2883/1/5 2882/1/5 2881/1/5
f 2883/1/5 2881/1/5 2880/1/5
f 2884/1/5 2882/1/5 2883/1/5
f 2885/1/5 2882/1/5 2884/1/5
f 2887/1/5 2886/1/5 2885/1/5
f 2887/1/5 2885/1/5 2884/1/5
f 2888/1/5 2886/1/5 2887/1/5
f 2889/1/5 2886/1/5 2888/1/5
f 2891/1/5 2890/1/5 2889/1/5
f 2891/1/5 2889/1/5 2888/1/5
f 2892/1/5 2890/1/5 2891/1/5
f 2893/1/5 2890/1/5 2892/1/5
f 2895/1/5 2894/1/5 2893/1/5
f 2895/1/5 2893/1/5 2892/1/5
f 2896/1/5 2894/1/5 2895/1/5
f 2897/1/5 2894/1/5 2896/1/5
f 2899/1/5 2898/1/5 2897/1/5
f 2899/1/5 2897/1/5 2896/1/5
f 2900/1/5 2898/1/5 2899/1/5
f 2901/1/5 2898/1/5 2900/1/5
f 2903/1/5 2902/1/5 2901/1/5
f 2903/1/5 2901/1/5 2900/1/5
f 2904/1/5 2902/1/5 2903/1/5
f 2905/1/5 2902/1/5 2904/1/5
f 2907/1/5 2906/1/5 2905/1/5
f 2907/1/5 2905/1/5 2904/1/5
f 2908/1/5 2906/1/5 2907/1/5
f 2909/1/5 2906/1/5 2908/1/5
f 2911/1/5 2910/1/5 2909/1/5
f 2911/1/5 2909/1/5 2908/1/5
f 2912/1/5 2910/1/5 2911/1/5
f 2913/1/5 2910/1/5 2912/1/5
f 2915/1/5 2914/1/5 2913/1/5
f 2915/1/5 2913/1/5 2912/1/5
f 2916/1/5 2914/1/5 2915/1/5
f 2917/1/5 2914/1/5 2916/1/5
f 2919/1/5 2918/1/5 2917/1/5
f 2919/1/5 2917/1/5 2916/1/5
f 2920/1/5 2918/1/5 2919/1/5
f 2921/1/5 2918/1/5 2920/1/5
f 2923/1/5 2922/1/5 2921/1/5
f 2923/1/5 2921/1/5 2920/1/5
f 2924/1/5 2922/1/5 2923/1/5
f 2925/1/5 2922/1/5 2924/1/5
f 2927/1/5 2926/1/5 2925/1/5
f 2927/1/5 2925/1/5 2924/1/5
f 2928/1/5 2926/1/5 2927/1/5
f 2929/1/5 2926/1/5 2928/1/5
f 2931/1/5 2930/1/5 2929/1/5
f 2931/1/5 2929/1/5 2928/1/5
f 2932/1/5 2930/1/5 2931/1/5
f 2933/1/5 2930/1/5 2932/1/5
f 2935/1/5 2934/1/5 2933/1/5
f 2935/1/5 2933/1/5 2932/1/5
f 2936/1/5 2934/1/5 2935/1/5
f 2937/1/5 2934/1/5 2936/1/5
f 2939/1/5 2938/1/5 2937/1/5
f 2939/1/5 2937/1/5 2936/1/5
f 2940/1/5 2938/1/5 2939/1/5
f 2941/1/5 2938/1/5 2940/1/5
f 2943/1/5 2942/1/5 2941/1/5
f 2943/1/5 2941/1/5 2940/1/5
f 2944/1/5 2942/1/5 2943/1/5
f 2945/1/5 2942/1/5 2944/1/5
f 2947/1/5 2946/1/5 2945/1/5
f 2947/1/5 2945/1/5 2944/1/5
f 2948/1/5 2946/1/5 2947/1/5
f 2949/1/5 2946/1/5 2948/1/5
f 2951/1/5 2950/1/5 2949/1/5
f 2951/1/5 2949/1/5 2948/1/5
f 2952/1/5 2950/1/5 2951/1/5
f 2953/1/5 2950/1/5 2952/1/5
f 2955/1/5 2954/1/5 2953/1/5
f 2955/1/5 2953/1/5 2952/1/5
f 2956/1/5 2954/1/5 2955/1/5
f 2957/1/5 2954/1/5 2956/1/5
f 2959/1/5 2958/1/5 2957/1/5
f 2959/1/5 2957/1/5 2956/1/5
f 2960/1/5 2958/1/5 2959/1/5
f 2961/1/5 2958/1/5 2960/1/5
f 2963/1/5 2962/1/5 2961/1/5
f 2963/1/5 2961/1/5 2960/1/5
f 2964/1/5 2962/1/5 2963/1/5
f 2965/1/5 2962/1/5 2964/1/5
f 2967/1/5 2966/1/5 2965/1/5
f 2967/1/5 2965/1/5 2964/1/5
f 2968/1/5 2966/1/5 2967/1/5
f 2969/1/5 2966/1/5 2968/1/5
f 2971/1/5 2970/1/5 2969/1/5
f 2971/1/5 2969/1/5 2968/1/5
f 2972/1/5 2970/1/5 2971/1/5
f 2975/1/5 2974/1/5 2973/1/5
f 2977/1/5 2976/1/5 2975/1/5
f 2979/1/5 2978/1/5 2977/1/5
f 2981/1/5 2980/1/5 2979/1/5
f 2983/1/5 2982/1/5 2981/1/5
f 2985/1/5 2984/1/5 2983/1/5
f 2987/1/5 2986/1/5 2985/1/5
f 2989/1/5 2988/1/5 2987/1/5
f 2991/1/5 2990/1/5 2989/1/5
f 2993/1/5 2992/1/5 2991/1/5
f 2995/1/5 2975/1/5 2973/1/5
f 2995/1/5 2994/1/5 2993/1/5
f 2995/1/5 2993/1/5 2991/1/5
f 2995/1/5 2991/1/5 2989/1/5
f 2995/1/5 2989/1/5 2987/1/5
f 2995/1/5 2987/1/5 2985/1/5
f 2995/1/5 2985/1/5 2983/1/5
f 2995/1/5 2983/1/5 2981/1/5
f 2995/1/5 2981/1/5 2979/1/5
f 2995/1/5 2979/1/5 2977/1/5
f 2995/1/5 2977/1/5 2975/1/5
f 2996/1/5 2994/1/5 2995/1/5
f 2997/1/5 2994/1/5 2996/1/5
f 2999/1/5 2998/1/5 2997/1/5
f 2999/1/5 2997/1/5 2996/1/5
f 3000/1/5 2998/1/5 2999/1/5
f 3001/1/5 2998/1/5 3000/1/5
f 3003/1/5 3002/1/5 3001/1/5
f 3003/1/5 3001/1/5 3000/1/5
f 3004/1/5 3002/1/5 3003/1/5
f 3005/1/5 3002/1/5 3004/1/5
f 3007/1/5 3006/1/5 3005/1/5
f 3007/1/5 3005/1/5 3004/1/5
f 3008/1/5 3006/1/5 3007/1/5
f 3009/1/5 3006/1/5 3008/1/5
f 3011/1/5 3010/1/5 3009/1/5
f 3011/1/5 3009/1/5 3008/1/5
f 3012/1/5 3010/1/5 3011/1/5
f 3013/1/5 3010/1/5 3012/1/5
f 3015/1/5 3014/1/5 3013/1/5
f 3015/1/5 3013/1/5 3012/1/5
f 3016/1/5 3014/1/5 3015/1/5
f 3017/1/5 3014/1/5 3016/1/5
f 3019/1/5 3018/1/5 3017/1/5
f 3019/1/5 3017/1/5 3016/1/5
f 3020/1/5 3018/1/5 3019/1/5
f 3021/1/5 3018/1/5 3020/1/5
f 3023/1/5 3022/1/5 3021/1/5
f 3023/1/5 3021/1/5 3020/1/5
f 3024/1/5 3022/1/5 3023/1/5
f 3025/1/5 3022/1/5 3024/1/5
f 3027/1/5 3026/1/5 3025/1/5
f 3027/1/5 3025/1/5 3024/1/5
f 3028/1/5 3026/1/5 3027/1/5
f 3029/1/5 3026/1/5 3028/1/5
f 3031/1/5 3030/1/5 3029/1/5
f 3031/1/5 3029/1/5 3028/1/5
f 3032/1/5 3030/1/5 3031/1/5
f 3033/1/5 3030/1/5 3032/1/5
f 3035/1/5 3034/1/5 3033/1/5
f 3035/1/5 3033/1/5 3032/1/5
f 3036/1/5 3034/1/5 3035/1/5
f 3037/1/5 3034/1/5 3036/1/5
f 3039/1/5 3038/1/5 3037/1/5
f 3039/1/5 3037/1/5 3036/1/5
f 3040/1/5 3038/1/5 3039/1/5
f 3041/1/5 3038/1/5 3040/1/5
f 3043/1/5 3042/1/5 3041/1/5
f 3043/1/5 3041/1/5 3040/1/5
f 3044/1/5 3042/1/5 3043/1/5
f 3045/1/5 3042/1/5 3044/1/5
f 3047/1/5 3046/1/5 3045/1/5
f 3047/1/5 3045/1/5 3044/1/5
f 3048/1/5 3046/1/5 3047/1/5
f 3049/1/5 3046/1/5 3048/1/5
f 3051/1/5 3050/1/5 3049/1/5
f 3051/1/5 3049/1/5 3048/1/5
f 3052/1/5 3050/1/5 3051/1/5
f 3053/1/5 3050/1/5 3052/1/5
f 3055/1/5 3054/1/5 3053/1/5
f 3055/1/5 3053/1/5 3052/1/5
f 3056/1/5 3054/1/5 3055/1/5
f 3057/1/5 3054/1/5 3056/1/5
f 3059/1/5 3058/1/5 3057/1/5
f 3059/1/5 3057/1/5 3056/1/5
f 3060/1/5 3058/1/5 3059/1/5
f 3061/1/5 3058/1/5 3060/1/5
f 3063/1/5 3062/1/5 3061/1/5
f 3063/1/5 3061/1/5 3060/1/5
f 3064/1/5 3062/1/5 3063/1/5
f 3065/1/5 3062/1/5 3064/1/5
f 3067/1/5 3066/1/5 3065/1/5
f 3067/1/5 3065/1/5 3064/1/5
f 3068/1/5 3066/1/5 3067/1/5
f 3069/1/5 3066/1/5 3068/1/5
f 3071/1/5 3070/1/5 3069/1/5
f 3071/1/5 3069/1/5 3068/1/5
f 3072/1/5 3070/1/5 3071/1/5
f 3073/1/5 3070/1/5 3072/1/5
f 3075/1/5 3074/1/5 3073/1/5
f 3075/1/5 3073/1/5 3072/1/5
f 3076/1/5 3074/1/5 3075/1/5
f 3077/1/5 3074/1/5 3076/1/5
f 3079/1/5 3078/1/5 3077/1/5
f 3079/1/5 3077/1/5 3076/1/5
f 3080/1/5 3078/1/5 3079/1/5
f 3081/1/5 3078/1/5 3080/1/5
f 3083/1/5 3082/1/5 3081/1/5
f 3083/1/5 3081/1/5 3080/1/5
f 3084/1/5 3082/1/5 3083/1/5
f 3085/1/5 3082/1/5 3084/1/5
f 3087/1/5 3086/1/5 3085/1/5
f 3087/1/5 3085/1/5 3084/1/5
f 3088/1/5 3086/1/5 3087/1/5
f 3089/1/5 3086/1/5 3088/1/5
f 3091/1/5 3090/1/5 3089/1/5
f 3091/1/5 3089/1/5 3088/1/5
f 3092/1/5 3090/1/5 3091/1/5
f 3093/1/5 3090/1/5 3092/1/5
f 3095/1/5 3094/1/5 3093/1/5
f 3095/1/5 3093/1/5 3092/1/5
f 3096/1/5 3094/1/5 3095/1/5
f 3097/1/5 3094/1/5 3096/1/5
f 3099/1/5 3098/1/5 3097/1/5
f 3099/1/5 3097/1/5 3096/1/5
f 3100/1/5 3098/1/5 3099/1/5
f 3101/1/5 3098/1/5 3100/1/5
f 3103/1/5 3102/1/5 3101/1/5
f 3103/1/5 3101/1/5 3100/1/5
f 3104/1/5 3102/1/5 3103/1/5
f 3105/1/5 3102/1/5 3104/1/5
f 3107/1/5 3106/1/5 3105/1/5
f 3107/1/5 3105/1/5 3104/1/5
f 3108/1/5 3106/1/5 3107/1/5
f 3109/1/5 3106/1/5 3108/1/5
f 3111/1/5 3110/1/5 3109/1/5
f 3111/1/5 3109/1/5 3108/1/5
f 3112/1/5 3110/1/5 3111/1/5
f 3113/1/5 3110/1/5 3112/1/5
f 3115/1/5 3114/1/5 3113/1/5
f 3115/1/5 3113/1/5 3112/1/5
f 3116/1/5 3114/1/5 3115/1/5
f 3117/1/5 3114/1/5 3116/1/5
f 3119/1/5 3118/1/5 3117/1/5
f 3119/1/5 3117/1/5 3116/1/5
f 3120/1/5 3118/1/5 3119/1/5
f 3121/1/5 3118/1/5 3120/1/5
f 3123/1/5 3122/1/5 3121/1/5
f 3123/1/5 3121/1/5 3120/1/5
f 3124/1/5 3122/1/5 3123/1/5
f 3125/1/5 3122/1/5 3124/1/5
f 3127/1/5 3126/1/5 3125/1/5
f 3127/1/5 3125/1/5 3124/1/5
f 3128/1/5 3126/1/5 3127/1/5
f 3129/1/5 3126/1/5 3128/1/5
f 3131/1/5 3130/1/5 3129/1/5
f 3131/1/5 3129/1/5 3128/1/5
f 3132/1/5 3130/1/5 3131/1/5
f 3133/1/5 3130/1/5 3132/1/5
f 3135/1/5 3134/1/5 3133/1/5
f 3135/1/5 3133/1/5 3132/1/5
f 3136/1/5 3134/1/5 3135/1/5
f 3137/1/5 3134/1/5 3136/1/5
f 3139/1/5 3138/1/5 3137/1/5
f 3139/1/5 3137/1/5 3136/1/5
f 3140/1/5 3138/1/5 3139/1/5
f 3141/1/5 3138/1/5 3140/1/5
f 3143/1/5 3142/1/5 3141/1/5
f 3143/1/5 3141/1/5 3140/1/5
f 3144/1/5 3142/1/5 3143/1/5
f 3145/1/5 3142/1/5 3144/1/5
f 3147/1/5 3146/1/5 3145/1/5
f 3147/1/5 3145/1/5 3144/1/5
f 3148/1/5 3146/1/5 3147/1/5
f 3149/1/5 3146/1/5 3148/1/5
f 3151/1/5 3150/1/5 3149/1/5
f 3151/1/5 3149/1/5 3148/1/5
f 3152/1/5 3150/1/5 3151/1/5
f 3153/1/5 3150/1/5 3152/1/5
f 3155/1/5 3154/1/5 3153/1/5
f 3155/1/5 3153/1/5 3152/1/5
f 3156/1/5 3154/1/5 3155/1/5
f 3157/1/5 3154/1/5 3156/1/5
f 3159/1/5 3158/1/5 3157/1/5
f 3159/1/5 3157/1/5 3156/1/5
f 3160/1/5 3158/1/5 3159/1/5
f 3161/1/5 3158/1/5 3160/1/5
f 3163/1/5 3162/1/5 3161/1/5
f 3163/1/5 3161/1/5 3160/1/5
f 3164/1/5 3162/1/5 3163/1/5
f 3165/1/5 3162/1/5 3164/1/5
f 3167/1/5 3166/1/5 3165/1/5
f 3167/1/5 3165/1/5 3164/1/5
f 3169/1/5 3167/1/5 3164/1/5
f 3169/1/5 3168/1/5 3167/1/5
f 3170/1/5 3168/1/5 3169/1/5
f 3171/1/5 3168/1/5 3170/1/5
f 3173/1/5 3172/1/5 3171/1/5
f 3173/1/5 3171/1/5 3170/1/5
f 3174/1/5 3172/1/5 3173/1/5
f 3175/1/5 3172/1/5 3174/1/5
f 3177/1/5 3176/1/5 3175/1/5
f 3177/1/5 3175/1/5 3174/1/5
f 3178/1/5 3176/1/5 3177/1/5
f 3179/1/5 3176/1/5 3178/1/5
f 3181/1/5 3180/1/5 3179/1/5
f 3181/1/5 3179/1/5 3178/1/5
f 3182/1/5 3180/1/5 3181/1/5
f 3183/1/5 3180/1/5 3182/1/5
f 3185/1/5 3184/1/5 3183/1/5
f 3185/1/5 3183/1/5 3182/1/5
f 3186/1/5 3184/1/5 3185/1/5
f 3187/1/5 3184/1/5 3186/1/5
f 3189/1/5 3188/1/5 3187/1/5
f 3189/1/5 3187/1/5 3186/1/5
f 3190/1/5 3188/1/5 3189/1/5
f 3191/1/5 3188/1/5 3190/1/5
f 3193/1/5 3192/1/5 3191/1/5
f 3193/1/5 3191/1/5 3190/1/5
f 3194/1/5 3192/1/5 3193/1/5
f 3195/1/5 3192/1/5 3194/1/5
f 3197/1/5 3196/1/5 3195/1/5
f 3197/1/5 3195/1/5 3194/1/5
f 3198/1/5 3196/1/5 3197/1/5
f 3199/1/5 3196/1/5 3198/1/5
f 3201/1/5 3200/1/5 3199/1/5
f 3201/1/5 3199/1/5 3198/1/5
f 3202/1/5 3200/1/5 3201/1/5
f 3203/1/5 3200/1/5 3202/1/5
f 3205/1/5 3204/1/5 3203/1/5
f 3205/1/5 3203/1/5 3202/1/5
f 3206/1/5 3204/1/5 3205/1/5
f 3207/1/5 3204/1/5 3206/1/5
f 3209/1/5 3208/1/5 3207/1/5
f 3209/1/5 3207/1/5 3206/1/5
f 3210/1/5 3208/1/5 3209/1/5
f 3211/1/5 3208/1/5 3210/1/5
f 3213/1/5 3212/1/5 3211/1/5
f 3213/1/5 3211/1/5 3210/1/5
f 3214/1/5 3212/1/5 3213/1/5
f 3215/1/5 3212/1/5 3214/1/5
f 3217/1/5 3216/1/5 3215/1/5
f 3217/1/5 3215/1/5 3214/1/5
f 3218/1/5 3216/1/5 3217/1/5
f 3219/1/5 3216/1/5 3218/1/5
f 3221/1/5 3220/1/5 3219/1/5
f 3221/1/5 3219/1/5 3218/1/5
f 3222/1/5 3220/1/5 3221/1/5
f 3223/1/5 3220/1/5 3222/1/5
f 3225/1/5 3224/1/5 3223/1/5
f 3225/1/5 3223/1/5 3222/1/5
f 3226/1/5 3224/1/5 3225/1/5
f 3227/1/5 3224/1/5 3226/1/5
f 3229/1/5 3228/1/5 3227/1/5
f 3229/1/5 3227/1/5 3226/1/5
f 3230/1/5 3228/1/5 3229/1/5
f 3231/1/5 3228/1/5 3230/1/5
f 3233/1/5 3232/1/5 3231/1/5
f 3233/1/5 3231/1/5 3230/1/5
f 3234/1/5 3232/1/5 3233/1/5
f 3235/1/5 3232/1/5 3234/1/5
f 3237/1/5 3236/1/5 3235/1/5
f 3237/1/5 3235/1/5 3234/1/5
f 3238/1/5 3236/1/5 3237/1/5
f 3239/1/5 3236/1/5 3238/1/5
f 3241/1/5 3240/1/5 3239/1/5
f 3241/1/5 3239/1/5 3238/1/5
f 3242/1/5 3240/1/5 3241/1/5
f 3243/1/5 3240/1/5 3242/1/5
f 3245/1/5 3244/1/5 3243/1/5
f 3245/1/5 3243/1/5 3242/1/5
f 3246/1/5 3244/1/5 3245/1/5
f 3247/1/5 3244/1/5 3246/1/5
f 3249/1/5 3248/1/5 3247/1/5
f 3249/1/5 3247/1/5 3246/1/5
f 3250/1/5 3248/1/5 3249/1/5
f 3251/1/5 3248/1/5 3250/1/5
f 3253/1/5 3252/1/5 3251/1/5
f 3253/1/5 3251/1/5 3250/1/5
f 3254/1/5 3252/1/5 3253/1/5
f 3255/1/5 3252/1/5 3254/1/5
f 3257/1/5 3256/1/5 3255/1/5
f 3257/1/5 3255/1/5 3254/1/5
f 3258/1/5 3256/1/5 3257/1/5
f 3259/1/5 3256/1/5 3258/1/5
f 3261/1/5 3260/1/5 3259/1/5
f 3261/1/5 3259/1/5 3258/1/5
f 3262/1/5 3260/1/5 3261/1/5
f 3263/1/6 3264/1/6 3265/1/6
f 3265/1/6 3266/1/6 3267/1/6
f 3267/1/6 3268/1/6 3269/1/6
f 3269/1/6 3270/1/6 3271/1/6
f 3271/1/6 3272/1/6 3273/1/6
f 3273/1/6 3274/1/6 3275/1/6
f 3275/1/6 3276/1/6 3277/1/6
f 3277/1/6 3278/1/6 3279/1/6
f 3279/1/6 3280/1/6 3281/1/6
f 3281/1/6 3282/1/6 3283/1/6
f 3283/1/6 3284/1/6 3285/1/6
f 3285/1/6 3286/1/6 3287/1/6
f 3287/1/6 3288/1/6 3289/1/6
f 3289/1/6 3290/1/6 3291/1/6
f 3291/1/6 3292/1/6 3293/1/6
f 3293/1/6 3294/1/6 3295/1/6
f 3295/1/6 3296/1/6 3297/1/6
f 3297/1/6 3298/1/6 3299/1/6
f 3299/1/6 3300/1/6 3301/1/6
f 3301/1/6 3302/1/6 3303/1/6
f 3303/1/6 3304/1/6 3305/1/6
f 3305/1/6 3306/1/6 3307/1/6
f 3307/1/6 3308/1/6 3309/1/6
f 3309/1/6 3310/1/6 3311/1/6
f 3311/1/6 3312/1/6 3313/1/6
f 3313/1/6 3314/1/6 3315/1/6
f 3315/1/6 3316/1/6 3317/1/6
f 3317/1/6 3318/1/6 3319/1/6
f 3319/1/6 3320/1/6 3321/1/6
f 3321/1/6 3322/1/6 3323/1/6
f 3323/1/6 3324/1/6 3325/1/6
f 3325/1/6 3326/1/6 3327/1/6
f 3327/1/6 3328/1/6 3329/1/6
f 3329/1/6 3330/1/6 3331/1/6
f 3331/1/6 3332/1/6 3333/1/6
f 3333/1/6 3334/1/6 3335/1/6
f 3335/1/6 3336/1/6 3337/1/6
f 3337/1/6 3338/1/6 3339/1/6
f 3339/1/6 3340/1/6 3341/1/6
f 3341/1/6 3342/1/6 3343/1/6
f 3343/1/6 3344/1/6 3345/1/6
f 3345/1/6 3346/1/6 3347/1/6
f 3347/1/6 3348/1/6 3349/1/6
f 3349/1/6 3350/1/6 3351/1/6
f 3351/1/6 3352/1/6 3353/1/6
f 3353/1/6 3354/1/6 3355/1/6
f 3355/1/6 3356/1/6 3357/1/6
f 3357/1/6 3358/1/6 3359/1/6
f 3359/1/6 3360/1/6 3361/1/6
f 3361/1/6 3362/1/6 3363/1/6
f 3363/1/6 3364/1/6 3365/1/6
f 3365/1/6 3366/1/6 3367/1/6
f 3367/1/6 3368/1/6 3369/1/6
f 3369/1/6 3370/1/6 3371/1/6
f 3371/1/6 3372/1/6 3373/1/6
f 3373/1/6 3374/1/6 3375/1/6
f 3375/1/6 3376/1/6 3377/1/6
f 3377/1/6 3378/1/6 3379/1/6
f 3379/1/6 3380/1/6 3381/1/6
f 3381/1/6 3382/1/6 3383/1/6
f 3383/1/6 3384/1/6 3385/1/6
f 3385/1/6 3386/1/6 3387/1/6
f 3387/1/6 3388/1/6 3389/1/6
f 3389/1/6 3390/1/6 3391/1/6
f 3391/1/6 3392/1/6 3393/1/6
f 3393/1/6 3394/1/6 3395/1/6
f 3395/1/6 3396/1/6 3397/1/6
f 3397/1/6 3398/1/6 3399/1/6
f 3399/1/6 3400/1/6 3401/1/6
f 3401/1/6 3402/1/6 3403/1/6
f 3403/1/6 3404/1/6 3405/1/6
f 3405/1/6 3406/1/6 3407/1/6
f 3407/1/6 3408/1/6 3409/1/6
f 3409/1/6 3410/1/6 3411/1/6
f 3411/1/6 3412/1/6 3413/1/6
f 3413/1/6 3414/1/6 3415/1/6
f 3415/1/6 3416/1/6 3417/1/6
f 3263/1/6 3265/1/6 3419/1/6
f 3417/1/6 3418/1/6 3419/1/6
f 3415/1/6 3417/1/6 3419/1/6
f 3413/1/6 3415/1/6 3419/1/6
f 3411/1/6 3413/1/6 3419/1/6
f 3409/1/6 3411/1/6 3419/1/6
f 3407/1/6 3409/1/6 3419/1/6
f 3405/1/6 3407/1/6 3419/1/6
f 3403/1/6 3405/1/6 3419/1/6
f 3401/1/6 3403/1/6 3419/1/6
f 3399/1/6 3401/1/6 3419/1/6
f 3397/1/6 3399/1/6 3419/1/6
f 3395/1/6 3397/1/6 3419/1/6
f 3393/1/6 3395/1/6 3419/1/6
f 3391/1/6 3393/1/6 3419/1/6
f 3389/1/6 3391/1/6 3419/1/6
f 3387/1/6 3389/1/6 3419/1/6
f 3385/1/6 3387/1/6 3419/1/6
f 3383/1/6 3385/1/6 3419/1/6
f 3381/1/6 3383/1/6 3419/1/6
f 3379/1/6 3381/1/6 3419/1/6
f 3377/1/6 3379/1/6 3419/1/6
f 3375/1/6 3377/1/6 3419/1/6
f 3373/1/6 3375/1/6 3419/1/6
f 3371/1/6 3373/1/6 3419/1/6
f 3369/1/6 3371/1/6 3419/1/6
f 3367/1/6 3369/1/6 3419/1/6
f 3365/1/6 3367/1/6 3419/1/6
f 3363/1/6 3365/1/6 3419/1/6
f 3361/1/6 3363/1/6 3419/1/6
f 3359/1/6 3361/1/6 3419/1/6
f 3357/1/6 3359/1/6 3419/1/6
f 3355/1/6 3357/1/6 3419/1/6
f 3353/1/6 3355/1/6 3419/1/6
f 3351/1/6 3353/1/6 3419/1/6
f 3349/1/6 3351/1/6 3419/1/6
f 3347/1/6 3349/1/6 3419/1/6
f 3345/1/6 3347/1/6 3419/1/6
f 3343/1/6 3345/1/6 3419/1/6
f 3341/1/6 3343/1/6 3419/1/6
f 3339/1/6 3341/1/6 3419/1/6
f 3337/1/6 3339/1/6 3419/1/6
f 3335/1/6 3337/1/6 3419/1/6
f 3333/1/6 3335/1/6 3419/1/6
f 3331/1/6 3333/1/6 3419/1/6
f 3329/1/6 3331/1/6 3419/1/6
f 3327/1/6 3329/1/6 3419/1/6
f 3325/1/6 3327/1/6 3419/1/6
f 3323/1/6 3325/1/6 3419/1/6
f 3321/1/6 3323/1/6 3419/1/6
f 3319/1/6 3321/1/6 3419/1/6
f 3317/1/6 3319/1/6 3419/1/6
f 3315/1/6 3317/1/6 3419/1/6
f 3313/1/6 3315/1/6 3419/1/6
f 3311/1/6 3313/1/6 3419/1/6
f 3309/1/6 3311/1/6 3419/1/6
f 3307/1/6 3309/1/6 3419/1/6
f 3305/1/6 3307/1/6 3419/1/6
f 3303/1/6 3305/1/6 3419/1/6
f 3301/1/6 3303/1/6 3419/1/6
f 3299/1/6 3301/1/6 3419/1/6
f 3297/1/6 3299/1/6 3419/1/6
f 3295/1/6 3297/1/6 3419/1/6
f 3293/1/6 3295/1/6 3419/1/6
f 3291/1/6 3293/1/6 3419/1/6
f 3289/1/6 3291/1/6 3419/1/6
f 3287/1/6 3289/1/6 3419/1/6
f 3285/1/6 3287/1/6 3419/1/6
f 3283/1/6 3285/1/6 3419/1/6
f 3281/1/6 3283/1/6 3419/1/6
f 3279/1/6 3281/1/6 3419/1/6
f 3277/1/6 3279/1/6 3419/1/6
f 3275/1/6 3277/1/6 3419/1/6
f 3273/1/6 3275/1/6 3419/1/6
f 3271/1/6 3273/1/6 3419/1/6
f 3269/1/6 3271/1/6 3419/1/6
f 3267/1/6 3269/1/6 3419/1/6
f 3265/1/6 3267/1/6 3419/1/6
f 3419/1/6 3418/1/6 3420/1/6
