# MagicaVoxel @ Ephtracy

# group
o 

# material
mtllib sad.mtl
usemtl palette

# normals
vn -1 0 0
vn 1 0 0
vn 0 0 1
vn 0 0 -1
vn 0 -1 0
vn 0 1 0

# texcoords
vt 0.189453 0.5
vt 0.197266 0.5
vt 0.205078 0.5
vt 0.212891 0.5
vt 0.220703 0.5
vt 0.662109 0.5
vt 0.669922 0.5
vt 0.677734 0.5
vt 0.724609 0.5
vt 0.732422 0.5
vt 0.740234 0.5
vt 0.818359 0.5

# verts
v -12.8 0 -2.5
v -12.8 0 -12.8
v -12.8 0.1 -2.5
v -12.8 0.1 -4.4
v -12.8 0.1 -12.6
v -12.8 0.1 -12.8
v -12.8 0.2 -4.4
v -12.8 0.2 -5.3
v -12.8 0.2 -11
v -12.8 0.2 -12.6
v -12.8 0.3 -5.3
v -12.8 0.3 -5.4
v -12.8 0.3 -5.5
v -12.8 0.3 -8.3
v -12.8 0.3 -9
v -12.8 0.3 -11
v -12.8 0.4 -5.4
v -12.8 0.4 -5.5
v -12.8 0.4 -8.3
v -12.8 0.4 -9
v -12.7 0.1 -4.3
v -12.7 0.1 -4.4
v -12.7 0.1 -12.6
v -12.7 0.1 -12.7
v -12.7 0.2 -4.3
v -12.7 0.2 -4.4
v -12.7 0.2 -12.6
v -12.7 0.2 -12.7
v -12.7 0.3 -8.1
v -12.7 0.3 -8.3
v -12.7 0.3 -9
v -12.7 0.3 -9.3
v -12.7 0.4 -8.1
v -12.7 0.4 -8.3
v -12.7 0.4 -9
v -12.7 0.4 -9.3
v -12.6 0.1 -4.2
v -12.6 0.1 -4.3
v -12.6 0.2 -4.2
v -12.6 0.2 -4.3
v -12.6 0.2 -5.2
v -12.6 0.2 -5.3
v -12.6 0.3 -5.2
v -12.6 0.3 -5.3
v -12.6 0.3 -7.9
v -12.6 0.3 -8.1
v -12.6 0.3 -9.3
v -12.6 0.3 -9.4
v -12.6 0.4 -7.9
v -12.6 0.4 -8.1
v -12.6 0.4 -9.3
v -12.6 0.4 -9.4
v -12.5 0.1 -4.1
v -12.5 0.1 -4.2
v -12.5 0.2 -4.1
v -12.5 0.2 -4.2
v -12.5 0.2 -11
v -12.5 0.2 -11.1
v -12.5 0.3 -7.7
v -12.5 0.3 -7.9
v -12.5 0.3 -9.4
v -12.5 0.3 -9.6
v -12.5 0.3 -11
v -12.5 0.3 -11.1
v -12.5 0.4 -7.7
v -12.5 0.4 -7.9
v -12.5 0.4 -9.4
v -12.5 0.4 -9.6
v -12.4 0.3 -7.5
v -12.4 0.3 -7.7
v -12.4 0.3 -9.6
v -12.4 0.3 -9.8
v -12.4 0.4 -7.5
v -12.4 0.4 -7.7
v -12.4 0.4 -9.6
v -12.4 0.4 -9.8
v -12.3 0.1 -4
v -12.3 0.1 -4.1
v -12.3 0.2 -4
v -12.3 0.2 -4.1
v -12.3 0.2 -5.1
v -12.3 0.2 -5.2
v -12.3 0.2 -11.1
v -12.3 0.2 -11.2
v -12.3 0.3 -5.1
v -12.3 0.3 -5.2
v -12.3 0.3 -7.4
v -12.3 0.3 -7.5
v -12.3 0.3 -11.1
v -12.3 0.3 -11.2
v -12.3 0.4 -7.4
v -12.3 0.4 -7.5
v -12.2 0.2 -5
v -12.2 0.2 -5.1
v -12.2 0.3 -5
v -12.2 0.3 -5.1
v -12.2 0.3 -7.3
v -12.2 0.3 -7.4
v -12.2 0.3 -9.8
v -12.2 0.3 -9.9
v -12.2 0.4 -7.3
v -12.2 0.4 -7.4
v -12.2 0.4 -9.8
v -12.2 0.4 -9.9
v -12.1 0.1 -3.9
v -12.1 0.1 -4
v -12.1 0.2 -3.9
v -12.1 0.2 -4
v -12.1 0.3 -7.1
v -12.1 0.3 -7.3
v -12.1 0.3 -9.9
v -12.1 0.3 -10.1
v -12.1 0.4 -7.1
v -12.1 0.4 -7.3
v -12.1 0.4 -9.9
v -12.1 0.4 -10.1
v -12 0.2 -11.2
v -12 0.2 -11.3
v -12 0.3 -7
v -12 0.3 -7.1
v -12 0.3 -10.1
v -12 0.3 -10.2
v -12 0.3 -11.2
v -12 0.3 -11.3
v -12 0.4 -7
v -12 0.4 -7.1
v -12 0.4 -10.1
v -12 0.4 -10.2
v -11.9 0.1 -3.8
v -11.9 0.1 -3.9
v -11.9 0.2 -3.8
v -11.9 0.2 -3.9
v -11.9 0.2 -11.3
v -11.9 0.2 -11.4
v -11.9 0.3 -6.9
v -11.9 0.3 -7
v -11.9 0.3 -10.2
v -11.9 0.3 -10.3
v -11.9 0.3 -11.3
v -11.9 0.3 -11.4
v -11.9 0.4 -6.9
v -11.9 0.4 -7
v -11.9 0.4 -10.2
v -11.9 0.4 -10.3
v -11.8 0.3 -6.8
v -11.8 0.3 -6.9
v -11.8 0.4 -6.8
v -11.8 0.4 -6.9
v -11.7 0.3 -6.7
v -11.7 0.3 -6.8
v -11.7 0.4 -6.7
v -11.7 0.4 -6.8
v -11.7 0.4 -8
v -11.7 0.4 -8.7
v -11.7 0.4 -8.8
v -11.7 0.4 -9
v -11.7 0.5 -8
v -11.7 0.5 -8.7
v -11.7 0.5 -8.8
v -11.7 0.5 -9
v -11.6 0.2 -11.4
v -11.6 0.2 -11.5
v -11.6 0.3 -6.6
v -11.6 0.3 -6.7
v -11.6 0.3 -11.4
v -11.6 0.3 -11.5
v -11.6 0.4 -6.6
v -11.6 0.4 -6.7
v -11.6 0.4 -7.9
v -11.6 0.4 -8
v -11.6 0.4 -8.7
v -11.6 0.4 -8.8
v -11.6 0.4 -9
v -11.6 0.4 -9.2
v -11.6 0.5 -7.9
v -11.6 0.5 -8
v -11.6 0.5 -8.7
v -11.6 0.5 -8.8
v -11.6 0.5 -9
v -11.6 0.5 -9.2
v -11.5 0.1 -3.7
v -11.5 0.1 -3.8
v -11.5 0.2 -3.7
v -11.5 0.2 -3.8
v -11.5 0.3 -6.5
v -11.5 0.3 -6.6
v -11.5 0.4 -6.5
v -11.5 0.4 -6.6
v -11.5 0.4 -7.8
v -11.5 0.4 -7.9
v -11.5 0.5 -7.8
v -11.5 0.5 -7.9
v -11.4 0.3 -6.4
v -11.4 0.3 -6.5
v -11.4 0.4 -6.4
v -11.4 0.4 -6.5
v -11.4 0.4 -7.6
v -11.4 0.4 -7.8
v -11.4 0.4 -9.2
v -11.4 0.4 -9.3
v -11.4 0.5 -7.6
v -11.4 0.5 -7.8
v -11.4 0.5 -9.2
v -11.4 0.5 -9.3
v -11.3 0.1 -3.6
v -11.3 0.1 -3.7
v -11.3 0.2 -3.6
v -11.3 0.2 -3.7
v -11.3 0.2 -11.5
v -11.3 0.2 -11.6
v -11.3 0.3 -11.5
v -11.3 0.3 -11.6
v -11.2 0.3 -6.3
v -11.2 0.3 -6.4
v -11.2 0.4 -6.3
v -11.2 0.4 -6.4
v -11.2 0.4 -7.5
v -11.2 0.4 -7.6
v -11.2 0.4 -9.3
v -11.2 0.4 -9.4
v -11.2 0.5 -7.5
v -11.2 0.5 -7.6
v -11.2 0.5 -9.3
v -11.2 0.5 -9.4
v -11.1 0.4 -7.4
v -11.1 0.4 -7.5
v -11.1 0.5 -7.4
v -11.1 0.5 -7.5
v -11 0.1 -3.5
v -11 0.1 -3.6
v -11 0.2 -3.5
v -11 0.2 -3.6
v -11 0.2 -11.6
v -11 0.2 -11.7
v -11 0.3 -6.2
v -11 0.3 -6.3
v -11 0.3 -11.6
v -11 0.3 -11.7
v -11 0.4 -6.2
v -11 0.4 -6.3
v -11 0.4 -7.3
v -11 0.4 -7.4
v -11 0.5 -7.3
v -11 0.5 -7.4
v -10.9 0.4 -7.2
v -10.9 0.4 -7.3
v -10.9 0.5 -7.2
v -10.9 0.5 -7.3
v -10.8 0.3 -6.1
v -10.8 0.3 -6.2
v -10.8 0.4 -6.1
v -10.8 0.4 -6.2
v -10.8 0.4 -7.1
v -10.8 0.4 -7.2
v -10.8 0.5 -7.1
v -10.8 0.5 -7.2
v -10.6 0.2 -11.6
v -10.6 0.2 -11.7
v -10.6 0.3 -11.6
v -10.6 0.3 -11.7
v -10.6 0.4 -7
v -10.6 0.4 -7.1
v -10.6 0.5 -7
v -10.6 0.5 -7.1
v -10.5 0.2 -5.1
v -10.5 0.2 -5.2
v -10.5 0.3 -5.1
v -10.5 0.3 -5.2
v -10.4 0.4 -6.9
v -10.4 0.4 -7
v -10.4 0.5 -6.9
v -10.4 0.5 -7
v -10.3 0.2 -5
v -10.3 0.2 -5.1
v -10.3 0.3 -5
v -10.3 0.3 -5.1
v -10.1 0.2 -4.9
v -10.1 0.2 -5
v -10.1 0.3 -4.9
v -10.1 0.3 -5
v -10 0.3 -6
v -10 0.3 -6.1
v -10 0.4 -6
v -10 0.4 -6.1
v -9.9 0.2 -4.8
v -9.9 0.2 -4.9
v -9.9 0.3 -4.8
v -9.9 0.3 -4.9
v -9.8 0.1 -3.4
v -9.8 0.1 -3.5
v -9.8 0.2 -3.4
v -9.8 0.2 -3.5
v -9.6 0.2 -4.7
v -9.6 0.2 -4.8
v -9.6 0.3 -4.7
v -9.6 0.3 -4.8
v -9.6 0.3 -5.9
v -9.6 0.3 -6
v -9.6 0.4 -5.9
v -9.6 0.4 -6
v -9.5 0.1 -3.3
v -9.5 0.1 -3.4
v -9.5 0.2 -3.3
v -9.5 0.2 -3.4
v -9.3 0.1 -3.2
v -9.3 0.1 -3.3
v -9.3 0.2 -3.2
v -9.3 0.2 -3.3
v -9.1 0.1 -3.1
v -9.1 0.1 -3.2
v -9.1 0.2 -3.1
v -9.1 0.2 -3.2
v -9 0.2 -4.6
v -9 0.2 -4.7
v -9 0.3 -4.6
v -9 0.3 -4.7
v -9 0.3 -5.8
v -9 0.3 -5.9
v -9 0.4 -5.8
v -9 0.4 -5.9
v -8.9 0.1 -3
v -8.9 0.1 -3.1
v -8.9 0.2 -3
v -8.9 0.2 -3.1
v -8.6 0.1 -2.9
v -8.6 0.1 -3
v -8.6 0.2 -2.9
v -8.6 0.2 -3
v -8.6 0.2 -4.5
v -8.6 0.2 -4.6
v -8.6 0.3 -4.5
v -8.6 0.3 -4.6
v -8.3 0.1 -2.8
v -8.3 0.1 -2.9
v -8.3 0.2 -2.8
v -8.3 0.2 -2.9
v -8.2 0.2 -4.4
v -8.2 0.2 -4.5
v -8.2 0.3 -4.4
v -8.2 0.3 -4.5
v 1.8 0.1 -5.8
v 1.8 0.1 -5.9
v 1.8 0.1 -6.8
v 1.8 0.1 -6.9
v 1.8 0.2 -5.8
v 1.8 0.2 -5.9
v 1.8 0.2 -6.8
v 1.8 0.2 -6.9
v 1.9 0.1 -5.4
v 1.9 0.1 -5.8
v 1.9 0.1 -6.9
v 1.9 0.1 -7.2
v 1.9 0.2 -5.4
v 1.9 0.2 -5.8
v 1.9 0.2 -6.9
v 1.9 0.2 -7.2
v 2 0.1 -5.1
v 2 0.1 -5.4
v 2 0.1 -7.2
v 2 0.1 -7.6
v 2 0.2 -5.1
v 2 0.2 -5.4
v 2 0.2 -7.2
v 2 0.2 -7.6
v 2.1 0.1 -4.9
v 2.1 0.1 -5.1
v 2.1 0.1 -7.6
v 2.1 0.1 -7.7
v 2.1 0.2 -4.9
v 2.1 0.2 -5.1
v 2.1 0.2 -7.6
v 2.1 0.2 -7.7
v 2.2 0.1 -4.7
v 2.2 0.1 -4.9
v 2.2 0.1 -7.7
v 2.2 0.1 -7.9
v 2.2 0.2 -4.7
v 2.2 0.2 -4.9
v 2.2 0.2 -5.5
v 2.2 0.2 -5.6
v 2.2 0.2 -7.3
v 2.2 0.2 -7.7
v 2.2 0.2 -7.9
v 2.2 0.3 -5.5
v 2.2 0.3 -5.6
v 2.2 0.3 -7.3
v 2.3 0.1 -4.5
v 2.3 0.1 -4.7
v 2.3 0.1 -7.9
v 2.3 0.1 -8
v 2.3 0.1 -8.1
v 2.3 0.2 -4.5
v 2.3 0.2 -4.7
v 2.3 0.2 -5
v 2.3 0.2 -5.4
v 2.3 0.2 -5.5
v 2.3 0.2 -7.3
v 2.3 0.2 -7.5
v 2.3 0.2 -7.9
v 2.3 0.2 -8
v 2.3 0.2 -8.1
v 2.3 0.3 -5
v 2.3 0.3 -5.5
v 2.3 0.3 -7.3
v 2.3 0.3 -7.5
v 2.4 0.1 -4.4
v 2.4 0.1 -4.5
v 2.4 0.1 -8.1
v 2.4 0.1 -8.2
v 2.4 0.2 -4.4
v 2.4 0.2 -4.5
v 2.4 0.2 -4.6
v 2.4 0.2 -5
v 2.4 0.2 -7.5
v 2.4 0.2 -7.7
v 2.4 0.2 -8.1
v 2.4 0.2 -8.2
v 2.4 0.3 -4.6
v 2.4 0.3 -5
v 2.4 0.3 -7.5
v 2.4 0.3 -7.7
v 2.5 0.1 -4.2
v 2.5 0.1 -4.4
v 2.5 0.2 -4.2
v 2.5 0.2 -4.4
v 2.5 0.2 -4.6
v 2.5 0.2 -7.7
v 2.5 0.2 -7.8
v 2.5 0.3 -4.4
v 2.5 0.3 -4.6
v 2.5 0.3 -6.1
v 2.5 0.3 -6.7
v 2.5 0.3 -6.8
v 2.5 0.3 -7
v 2.5 0.3 -7.7
v 2.5 0.3 -7.8
v 2.5 0.4 -6.1
v 2.5 0.4 -7
v 2.6 0.1 -4
v 2.6 0.1 -4.2
v 2.6 0.1 -8.2
v 2.6 0.1 -8.3
v 2.6 0.2 -4
v 2.6 0.2 -4.2
v 2.6 0.2 -4.3
v 2.6 0.2 -4.4
v 2.6 0.2 -7.8
v 2.6 0.2 -7.9
v 2.6 0.2 -8.2
v 2.6 0.2 -8.3
v 2.6 0.3 -4.3
v 2.6 0.3 -4.4
v 2.6 0.3 -5.9
v 2.6 0.3 -6.1
v 2.6 0.3 -7
v 2.6 0.3 -7.2
v 2.6 0.3 -7.8
v 2.6 0.3 -7.9
v 2.6 0.4 -5.9
v 2.6 0.4 -6.1
v 2.6 0.4 -7
v 2.6 0.4 -7.2
v 2.7 0.1 -3.8
v 2.7 0.1 -4
v 2.7 0.1 -8.3
v 2.7 0.1 -8.4
v 2.7 0.2 -3.8
v 2.7 0.2 -4
v 2.7 0.2 -4.1
v 2.7 0.2 -4.3
v 2.7 0.2 -7.9
v 2.7 0.2 -8
v 2.7 0.2 -8.1
v 2.7 0.2 -8.3
v 2.7 0.2 -8.4
v 2.7 0.3 -4.1
v 2.7 0.3 -4.3
v 2.7 0.3 -5.6
v 2.7 0.3 -5.9
v 2.7 0.3 -7.2
v 2.7 0.3 -7.3
v 2.7 0.3 -7.4
v 2.7 0.3 -7.9
v 2.7 0.3 -8
v 2.7 0.3 -8.1
v 2.7 0.4 -5.6
v 2.7 0.4 -5.9
v 2.7 0.4 -7.2
v 2.7 0.4 -7.3
v 2.7 0.4 -7.4
v 2.8 0.1 -3.7
v 2.8 0.1 -3.8
v 2.8 0.2 -3.7
v 2.8 0.2 -3.8
v 2.8 0.2 -4
v 2.8 0.2 -4.1
v 2.8 0.3 -4
v 2.8 0.3 -4.1
v 2.8 0.3 -5.4
v 2.8 0.3 -5.6
v 2.8 0.3 -7.4
v 2.8 0.3 -7.7
v 2.8 0.4 -5.4
v 2.8 0.4 -5.6
v 2.8 0.4 -7.4
v 2.8 0.4 -7.7
v 2.9 0.1 -3.6
v 2.9 0.1 -3.7
v 2.9 0.1 -8.4
v 2.9 0.1 -8.5
v 2.9 0.2 -3.6
v 2.9 0.2 -3.7
v 2.9 0.2 -3.9
v 2.9 0.2 -4
v 2.9 0.2 -8.1
v 2.9 0.2 -8.2
v 2.9 0.2 -8.4
v 2.9 0.2 -8.5
v 2.9 0.3 -3.9
v 2.9 0.3 -4
v 2.9 0.3 -8.1
v 2.9 0.3 -8.2
v 2.9 0.4 -6.3
v 2.9 0.4 -7
v 2.9 0.5 -6.3
v 2.9 0.5 -7
v 3 0.1 -3.5
v 3 0.1 -3.6
v 3 0.2 -3.5
v 3 0.2 -3.6
v 3 0.2 -3.8
v 3 0.2 -3.9
v 3 0.2 -8.2
v 3 0.2 -8.3
v 3 0.3 -3.8
v 3 0.3 -3.9
v 3 0.3 -5.2
v 3 0.3 -5.4
v 3 0.3 -8.2
v 3 0.3 -8.3
v 3 0.4 -5.2
v 3 0.4 -5.4
v 3 0.4 -6
v 3 0.4 -6.3
v 3 0.4 -7
v 3 0.4 -7.2
v 3 0.5 -6
v 3 0.5 -6.3
v 3 0.5 -7
v 3 0.5 -7.2
v 3.1 0.1 -3.4
v 3.1 0.1 -3.5
v 3.1 0.1 -8.5
v 3.1 0.1 -8.6
v 3.1 0.2 -3.4
v 3.1 0.2 -3.5
v 3.1 0.2 -8.5
v 3.1 0.2 -8.6
v 3.1 0.3 -5.1
v 3.1 0.3 -5.2
v 3.1 0.3 -7.7
v 3.1 0.3 -7.8
v 3.1 0.4 -5.1
v 3.1 0.4 -5.2
v 3.1 0.4 -5.9
v 3.1 0.4 -6
v 3.1 0.4 -7.2
v 3.1 0.4 -7.3
v 3.1 0.4 -7.5
v 3.1 0.4 -7.7
v 3.1 0.4 -7.8
v 3.1 0.5 -5.9
v 3.1 0.5 -6
v 3.1 0.5 -7.2
v 3.1 0.5 -7.3
v 3.1 0.5 -7.5
v 3.2 0.1 -3.3
v 3.2 0.1 -3.4
v 3.2 0.1 -8.6
v 3.2 0.1 -8.7
v 3.2 0.2 -3.3
v 3.2 0.2 -3.4
v 3.2 0.2 -3.7
v 3.2 0.2 -3.8
v 3.2 0.2 -8.6
v 3.2 0.2 -8.7
v 3.2 0.3 -3.7
v 3.2 0.3 -3.8
v 3.2 0.3 -4.9
v 3.2 0.3 -5.1
v 3.2 0.4 -4.9
v 3.2 0.4 -5.1
v 3.3 0.1 -8.7
v 3.3 0.1 -8.8
v 3.3 0.2 -3.6
v 3.3 0.2 -3.7
v 3.3 0.2 -8.3
v 3.3 0.2 -8.4
v 3.3 0.2 -8.7
v 3.3 0.2 -8.8
v 3.3 0.3 -3.6
v 3.3 0.3 -3.7
v 3.3 0.3 -4.7
v 3.3 0.3 -4.9
v 3.3 0.3 -7.8
v 3.3 0.3 -7.9
v 3.3 0.3 -8.3
v 3.3 0.3 -8.4
v 3.3 0.4 -4.7
v 3.3 0.4 -4.9
v 3.3 0.4 -5.7
v 3.3 0.4 -5.9
v 3.3 0.4 -7.5
v 3.3 0.4 -7.6
v 3.3 0.4 -7.8
v 3.3 0.4 -7.9
v 3.3 0.5 -5.7
v 3.3 0.5 -5.9
v 3.3 0.5 -6.3
v 3.3 0.5 -6.8
v 3.3 0.5 -7.5
v 3.3 0.5 -7.6
v 3.3 0.6 -6.3
v 3.3 0.6 -6.8
v 3.4 0.2 -3.5
v 3.4 0.2 -3.6
v 3.4 0.2 -8.4
v 3.4 0.2 -8.5
v 3.4 0.3 -3.5
v 3.4 0.3 -3.6
v 3.4 0.3 -8.4
v 3.4 0.3 -8.5
v 3.4 0.4 -5.5
v 3.4 0.4 -5.7
v 3.4 0.5 -5.5
v 3.4 0.5 -5.7
v 3.4 0.5 -5.9
v 3.4 0.5 -6.3
v 3.4 0.5 -6.8
v 3.4 0.5 -7.1
v 3.4 0.5 -7.2
v 3.4 0.6 -5.9
v 3.4 0.6 -6.3
v 3.4 0.6 -6.8
v 3.4 0.6 -7.1
v 3.4 0.6 -7.2
v 3.5 0.1 -3.2
v 3.5 0.1 -3.3
v 3.5 0.1 -8.8
v 3.5 0.1 -8.9
v 3.5 0.2 -3.2
v 3.5 0.2 -3.3
v 3.5 0.2 -3.4
v 3.5 0.2 -3.5
v 3.5 0.2 -8.8
v 3.5 0.2 -8.9
v 3.5 0.3 -3.4
v 3.5 0.3 -3.5
v 3.5 0.3 -4.5
v 3.5 0.3 -4.7
v 3.5 0.3 -7.9
v 3.5 0.3 -8
v 3.5 0.4 -4.5
v 3.5 0.4 -4.7
v 3.5 0.4 -5.4
v 3.5 0.4 -5.5
v 3.5 0.4 -7.9
v 3.5 0.4 -8
v 3.5 0.5 -5.4
v 3.5 0.5 -5.5
v 3.6 0.1 -8.9
v 3.6 0.1 -9
v 3.6 0.2 -8.9
v 3.6 0.2 -9
v 3.6 0.3 -4.4
v 3.6 0.3 -4.5
v 3.6 0.4 -4.4
v 3.6 0.4 -4.5
v 3.6 0.4 -5.3
v 3.6 0.4 -5.4
v 3.6 0.4 -7.6
v 3.6 0.4 -7.7
v 3.6 0.5 -5.3
v 3.6 0.5 -5.4
v 3.6 0.5 -5.8
v 3.6 0.5 -5.9
v 3.6 0.5 -7.2
v 3.6 0.5 -7.3
v 3.6 0.5 -7.6
v 3.6 0.5 -7.7
v 3.6 0.6 -5.8
v 3.6 0.6 -5.9
v 3.6 0.6 -7.2
v 3.6 0.6 -7.3
v 3.7 0.1 -3.1
v 3.7 0.1 -3.2
v 3.7 0.2 -3.1
v 3.7 0.2 -3.2
v 3.7 0.3 -4.3
v 3.7 0.3 -4.4
v 3.7 0.3 -8
v 3.7 0.3 -8.1
v 3.7 0.4 -4.3
v 3.7 0.4 -4.4
v 3.7 0.4 -5.2
v 3.7 0.4 -5.3
v 3.7 0.4 -8
v 3.7 0.4 -8.1
v 3.7 0.5 -5.2
v 3.7 0.5 -5.3
v 3.7 0.5 -5.7
v 3.7 0.5 -5.8
v 3.7 0.5 -7.3
v 3.7 0.5 -7.4
v 3.7 0.6 -5.7
v 3.7 0.6 -5.8
v 3.7 0.6 -7.3
v 3.7 0.6 -7.4
v 3.8 0.1 -3
v 3.8 0.1 -3.1
v 3.8 0.2 -3
v 3.8 0.2 -3.1
v 3.8 0.2 -3.3
v 3.8 0.2 -3.4
v 3.8 0.2 -8.5
v 3.8 0.2 -8.6
v 3.8 0.3 -3.3
v 3.8 0.3 -3.4
v 3.8 0.3 -4.1
v 3.8 0.3 -4.3
v 3.8 0.3 -8.1
v 3.8 0.3 -8.2
v 3.8 0.3 -8.5
v 3.8 0.3 -8.6
v 3.8 0.4 -4.1
v 3.8 0.4 -4.3
v 3.8 0.4 -5.1
v 3.8 0.4 -5.2
v 3.8 0.4 -8.1
v 3.8 0.4 -8.2
v 3.8 0.5 -5.1
v 3.8 0.5 -5.2
v 3.8 0.5 -5.6
v 3.8 0.5 -5.7
v 3.8 0.6 -5.6
v 3.8 0.6 -5.7
v 3.9 0.1 -9
v 3.9 0.1 -9.1
v 3.9 0.2 -9
v 3.9 0.2 -9.1
v 3.9 0.4 -5
v 3.9 0.4 -5.1
v 3.9 0.4 -7.7
v 3.9 0.4 -7.8
v 3.9 0.5 -5
v 3.9 0.5 -5.1
v 3.9 0.5 -7.7
v 3.9 0.5 -7.8
v 4 0.1 -2.9
v 4 0.1 -3
v 4 0.2 -2.9
v 4 0.2 -3
v 4 0.2 -8.6
v 4 0.2 -8.7
v 4 0.3 -3.9
v 4 0.3 -4.1
v 4 0.3 -8.6
v 4 0.3 -8.7
v 4 0.4 -3.9
v 4 0.4 -4.1
v 4 0.5 -5.4
v 4 0.5 -5.6
v 4 0.6 -5.4
v 4 0.6 -5.6
v 4.1 0.1 -9.1
v 4.1 0.1 -9.2
v 4.1 0.2 -9.1
v 4.1 0.2 -9.2
v 4.1 0.3 -3.8
v 4.1 0.3 -3.9
v 4.1 0.4 -3.8
v 4.1 0.4 -3.9
v 4.1 0.4 -4.8
v 4.1 0.4 -5
v 4.1 0.5 -4.8
v 4.1 0.5 -5
v 4.1 0.5 -5.3
v 4.1 0.5 -5.4
v 4.1 0.6 -5.3
v 4.1 0.6 -5.4
v 4.2 0.2 -3.2
v 4.2 0.2 -3.3
v 4.2 0.3 -3.2
v 4.2 0.3 -3.3
v 4.2 0.3 -3.7
v 4.2 0.3 -3.8
v 4.2 0.4 -3.7
v 4.2 0.4 -3.8
v 4.2 0.4 -4.6
v 4.2 0.4 -4.8
v 4.2 0.5 -4.6
v 4.2 0.5 -4.8
v 4.2 0.5 -5.2
v 4.2 0.5 -5.3
v 4.2 0.6 -5.2
v 4.2 0.6 -5.3
v 4.3 0.3 -3.6
v 4.3 0.3 -3.7
v 4.3 0.4 -3.6
v 4.3 0.4 -3.7
v 4.4 0.1 -9.2
v 4.4 0.1 -9.3
v 4.4 0.2 -9.2
v 4.4 0.2 -9.3
v 4.4 0.4 -4.5
v 4.4 0.4 -4.6
v 4.4 0.5 -4.5
v 4.4 0.5 -4.6
v 4.4 0.5 -5.1
v 4.4 0.5 -5.2
v 4.4 0.6 -5.1
v 4.4 0.6 -5.2
v 4.5 0.2 -8.7
v 4.5 0.2 -8.8
v 4.5 0.3 -3.5
v 4.5 0.3 -3.6
v 4.5 0.3 -8.7
v 4.5 0.3 -8.8
v 4.5 0.4 -3.5
v 4.5 0.4 -3.6
v 4.5 0.4 -4.4
v 4.5 0.4 -4.5
v 4.5 0.5 -4.4
v 4.5 0.5 -4.5
v 4.5 0.5 -5
v 4.5 0.5 -5.1
v 4.5 0.6 -5
v 4.5 0.6 -5.1
v 4.6 0.1 -9.3
v 4.6 0.1 -9.4
v 4.6 0.2 -3.1
v 4.6 0.2 -3.2
v 4.6 0.2 -9.3
v 4.6 0.2 -9.4
v 4.6 0.3 -3.1
v 4.6 0.3 -3.2
v 4.6 0.4 -4.3
v 4.6 0.4 -4.4
v 4.6 0.5 -4.3
v 4.6 0.5 -4.4
v 4.6 0.5 -4.8
v 4.6 0.5 -5
v 4.6 0.6 -4.8
v 4.6 0.6 -5
v 4.7 0.3 -3.4
v 4.7 0.3 -3.5
v 4.7 0.3 -8.2
v 4.7 0.3 -8.3
v 4.7 0.4 -3.4
v 4.7 0.4 -3.5
v 4.7 0.4 -4.2
v 4.7 0.4 -4.3
v 4.7 0.4 -8.2
v 4.7 0.4 -8.3
v 4.7 0.5 -4.2
v 4.7 0.5 -4.3
v 4.7 0.5 -4.7
v 4.7 0.5 -4.8
v 4.7 0.6 -4.7
v 4.7 0.6 -4.8
v 4.8 0.4 -4.1
v 4.8 0.4 -4.2
v 4.8 0.5 -4.1
v 4.8 0.5 -4.2
v 4.8 0.5 -4.6
v 4.8 0.5 -4.7
v 4.8 0.6 -4.6
v 4.8 0.6 -4.7
v 4.9 0.2 -3
v 4.9 0.2 -3.1
v 4.9 0.3 -3
v 4.9 0.3 -3.1
v 4.9 0.3 -3.3
v 4.9 0.3 -3.4
v 4.9 0.4 -3.3
v 4.9 0.4 -3.4
v 5 0.4 -4
v 5 0.4 -4.1
v 5 0.5 -4
v 5 0.5 -4.1
v 5 0.5 -4.5
v 5 0.5 -4.6
v 5 0.6 -4.5
v 5 0.6 -4.6
v 5.1 0.1 -9.4
v 5.1 0.1 -9.5
v 5.1 0.2 -2.9
v 5.1 0.2 -3
v 5.1 0.2 -9.4
v 5.1 0.2 -9.5
v 5.1 0.3 -2.9
v 5.1 0.3 -3
v 5.1 0.3 -3.2
v 5.1 0.3 -3.3
v 5.1 0.4 -3.2
v 5.1 0.4 -3.3
v 5.1 0.4 -3.9
v 5.1 0.4 -4
v 5.1 0.5 -3.9
v 5.1 0.5 -4
v 5.1 0.5 -4.4
v 5.1 0.5 -4.5
v 5.1 0.6 -4.4
v 5.1 0.6 -4.5
v 5.2 0.2 -8.8
v 5.2 0.2 -8.9
v 5.2 0.3 -8.8
v 5.2 0.3 -8.9
v 5.2 0.4 -3.8
v 5.2 0.4 -3.9
v 5.2 0.5 -3.8
v 5.2 0.5 -3.9
v 5.2 0.5 -4.3
v 5.2 0.5 -4.4
v 5.2 0.6 -4.3
v 5.2 0.6 -4.4
v 5.3 0.5 -4.2
v 5.3 0.5 -4.3
v 5.3 0.6 -4.2
v 5.3 0.6 -4.3
v 5.4 0.4 -3.7
v 5.4 0.4 -3.8
v 5.4 0.5 -3.7
v 5.4 0.5 -3.8
v 5.5 0.3 -3.1
v 5.5 0.3 -3.2
v 5.5 0.4 -3.1
v 5.5 0.4 -3.2
v 5.5 0.4 -3.6
v 5.5 0.4 -3.7
v 5.5 0.5 -3.6
v 5.5 0.5 -3.7
v 5.6 0.5 -4.1
v 5.6 0.5 -4.2
v 5.6 0.6 -4.1
v 5.6 0.6 -4.2
v 5.7 0.1 -9.5
v 5.7 0.1 -9.6
v 5.7 0.2 -9.5
v 5.7 0.2 -9.6
v 5.8 0.4 -3.5
v 5.8 0.4 -3.6
v 5.8 0.5 -3.5
v 5.8 0.5 -3.6
v 5.8 0.5 -3.9
v 5.8 0.5 -4.1
v 5.8 0.6 -3.9
v 5.8 0.6 -4.1
v 6 0.5 -3.8
v 6 0.5 -3.9
v 6 0.6 -3.8
v 6 0.6 -3.9
v 7 0.4 -3.4
v 7 0.4 -3.5
v 7 0.5 -3.4
v 7 0.5 -3.5
v 7.1 0.3 -3.1
v 7.1 0.3 -3.2
v 7.1 0.4 -3.1
v 7.1 0.4 -3.2
v 7.2 0.4 -3.4
v 7.2 0.4 -3.5
v 7.2 0.5 -3.4
v 7.2 0.5 -3.5
v -12.7 0.3 -5.4
v -12.7 0.3 -5.5
v -12.7 0.4 -5.4
v -12.7 0.4 -5.5
v -12 0.1 -12.6
v -12 0.1 -12.7
v -12 0.2 -12.6
v -12 0.2 -12.7
v -11.9 0.2 -5
v -11.9 0.2 -5.1
v -11.9 0.3 -5
v -11.9 0.3 -5.1
v -11.3 0.2 -5.1
v -11.3 0.2 -5.2
v -11.3 0.3 -5.1
v -11.3 0.3 -5.2
v -10.7 0.2 -11.6
v -10.7 0.2 -11.7
v -10.7 0.3 -11.6
v -10.7 0.3 -11.7
v -10.7 0.4 -9.3
v -10.7 0.4 -9.4
v -10.7 0.5 -9.3
v -10.7 0.5 -9.4
v -10.5 0.1 -12.5
v -10.5 0.1 -12.6
v -10.5 0.2 -12.5
v -10.5 0.2 -12.6
v -10.5 0.3 -10.2
v -10.5 0.3 -10.3
v -10.5 0.4 -9.2
v -10.5 0.4 -9.3
v -10.5 0.4 -10.2
v -10.5 0.4 -10.3
v -10.5 0.5 -9.2
v -10.5 0.5 -9.3
v -10.3 0.1 -12.4
v -10.3 0.1 -12.5
v -10.3 0.2 -12.4
v -10.3 0.2 -12.5
v -10.3 0.4 -9.1
v -10.3 0.4 -9.2
v -10.3 0.5 -9.1
v -10.3 0.5 -9.2
v -10.2 0.3 -10.1
v -10.2 0.3 -10.2
v -10.2 0.4 -10.1
v -10.2 0.4 -10.2
v -10.1 0.3 -10
v -10.1 0.3 -10.1
v -10.1 0.4 -10
v -10.1 0.4 -10.1
v -10 0.2 -11.6
v -10 0.2 -11.7
v -10 0.3 -9.9
v -10 0.3 -10
v -10 0.3 -11.6
v -10 0.3 -11.7
v -10 0.4 -9
v -10 0.4 -9.1
v -10 0.4 -9.9
v -10 0.4 -10
v -10 0.5 -9
v -10 0.5 -9.1
v -9.9 0.3 -9.8
v -9.9 0.3 -9.9
v -9.9 0.4 -9.8
v -9.9 0.4 -9.9
v -9.8 0.3 -9.7
v -9.8 0.3 -9.8
v -9.8 0.4 -9.7
v -9.8 0.4 -9.8
v -9.6 0.2 -11.5
v -9.6 0.2 -11.6
v -9.6 0.3 -9.6
v -9.6 0.3 -9.7
v -9.6 0.3 -11.5
v -9.6 0.3 -11.6
v -9.6 0.4 -8.9
v -9.6 0.4 -9
v -9.6 0.4 -9.6
v -9.6 0.4 -9.7
v -9.6 0.5 -8.9
v -9.6 0.5 -9
v -9.5 0.2 -11.4
v -9.5 0.2 -11.5
v -9.5 0.3 -11.4
v -9.5 0.3 -11.5
v -9.5 0.4 -8.8
v -9.5 0.4 -8.9
v -9.5 0.5 -8.8
v -9.5 0.5 -8.9
v -9.4 0.1 -12.3
v -9.4 0.1 -12.4
v -9.4 0.2 -11.3
v -9.4 0.2 -11.4
v -9.4 0.2 -12.3
v -9.4 0.2 -12.4
v -9.4 0.3 -9.5
v -9.4 0.3 -9.6
v -9.4 0.3 -11.3
v -9.4 0.3 -11.4
v -9.4 0.4 -6.9
v -9.4 0.4 -7
v -9.4 0.4 -8.7
v -9.4 0.4 -8.8
v -9.4 0.4 -9.5
v -9.4 0.4 -9.6
v -9.4 0.5 -6.9
v -9.4 0.5 -7
v -9.4 0.5 -8.7
v -9.4 0.5 -8.8
v -9.3 0.3 -9.4
v -9.3 0.3 -9.5
v -9.3 0.4 -7
v -9.3 0.4 -7.1
v -9.3 0.4 -8.6
v -9.3 0.4 -8.7
v -9.3 0.4 -9.4
v -9.3 0.4 -9.5
v -9.3 0.5 -7
v -9.3 0.5 -7.1
v -9.3 0.5 -8.6
v -9.3 0.5 -8.7
v -9.2 0.1 -12.2
v -9.2 0.1 -12.3
v -9.2 0.2 -11.2
v -9.2 0.2 -11.3
v -9.2 0.2 -12.2
v -9.2 0.2 -12.3
v -9.2 0.3 -9.3
v -9.2 0.3 -9.4
v -9.2 0.3 -11.2
v -9.2 0.3 -11.3
v -9.2 0.4 -7.1
v -9.2 0.4 -7.4
v -9.2 0.4 -8.3
v -9.2 0.4 -8.5
v -9.2 0.4 -8.6
v -9.2 0.4 -9.3
v -9.2 0.4 -9.4
v -9.2 0.5 -7.1
v -9.2 0.5 -7.4
v -9.2 0.5 -8.3
v -9.2 0.5 -8.5
v -9.2 0.5 -8.6
v -9.1 0 -2.5
v -9.1 0 -2.6
v -9.1 0.1 -2.5
v -9.1 0.1 -2.6
v -9.1 0.2 -11
v -9.1 0.2 -11.2
v -9.1 0.3 -9.2
v -9.1 0.3 -9.3
v -9.1 0.3 -11
v -9.1 0.3 -11.2
v -9.1 0.4 -7.4
v -9.1 0.4 -7.6
v -9.1 0.4 -7.7
v -9.1 0.4 -7.8
v -9.1 0.4 -8.3
v -9.1 0.4 -9.2
v -9.1 0.4 -9.3
v -9.1 0.5 -7.4
v -9.1 0.5 -7.6
v -9.1 0.5 -7.7
v -9.1 0.5 -8.3
v -9 0.1 -12.1
v -9 0.1 -12.2
v -9 0.2 -10.9
v -9 0.2 -11
v -9 0.2 -12.1
v -9 0.2 -12.2
v -9 0.3 -9.1
v -9 0.3 -9.2
v -9 0.3 -10.9
v -9 0.3 -11
v -9 0.4 -9.1
v -9 0.4 -9.2
v -8.9 0.2 -10.8
v -8.9 0.2 -10.9
v -8.9 0.3 -8.9
v -8.9 0.3 -9.1
v -8.9 0.3 -10.8
v -8.9 0.3 -10.9
v -8.9 0.4 -8.9
v -8.9 0.4 -9.1
v -8.8 0.1 -12
v -8.8 0.1 -12.1
v -8.8 0.2 -10.6
v -8.8 0.2 -10.8
v -8.8 0.2 -12
v -8.8 0.2 -12.1
v -8.8 0.3 -8.7
v -8.8 0.3 -8.9
v -8.8 0.3 -10.6
v -8.8 0.3 -10.8
v -8.8 0.4 -8.7
v -8.8 0.4 -8.9
v -8.7 0.2 -10.5
v -8.7 0.2 -10.6
v -8.7 0.3 -8.6
v -8.7 0.3 -8.7
v -8.7 0.3 -10.5
v -8.7 0.3 -10.6
v -8.7 0.4 -8.6
v -8.7 0.4 -8.7
v -8.6 0.2 -10.4
v -8.6 0.2 -10.5
v -8.6 0.3 -10.4
v -8.6 0.3 -10.5
v -8.5 0.1 -11.9
v -8.5 0.1 -12
v -8.5 0.2 -10.3
v -8.5 0.2 -10.4
v -8.5 0.2 -11.9
v -8.5 0.2 -12
v -8.5 0.3 -8.5
v -8.5 0.3 -8.6
v -8.5 0.3 -10.3
v -8.5 0.3 -10.4
v -8.5 0.4 -8.5
v -8.5 0.4 -8.6
v -8.4 0.1 -11.8
v -8.4 0.1 -11.9
v -8.4 0.2 -10.2
v -8.4 0.2 -10.3
v -8.4 0.2 -11.8
v -8.4 0.2 -11.9
v -8.4 0.3 -8.4
v -8.4 0.3 -8.5
v -8.4 0.3 -10.2
v -8.4 0.3 -10.3
v -8.4 0.4 -8.4
v -8.4 0.4 -8.5
v -8.3 0.2 -10
v -8.3 0.2 -10.2
v -8.3 0.3 -8.2
v -8.3 0.3 -8.4
v -8.3 0.3 -10
v -8.3 0.3 -10.2
v -8.3 0.4 -8.2
v -8.3 0.4 -8.4
v -8.2 0.1 -11.7
v -8.2 0.1 -11.8
v -8.2 0.2 -9.9
v -8.2 0.2 -10
v -8.2 0.2 -11.7
v -8.2 0.2 -11.8
v -8.2 0.3 -8.1
v -8.2 0.3 -8.2
v -8.2 0.3 -9.9
v -8.2 0.3 -10
v -8.2 0.4 -8.1
v -8.2 0.4 -8.2
v -8.1 0.3 -8
v -8.1 0.3 -8.1
v -8.1 0.4 -8
v -8.1 0.4 -8.1
v -8 0.2 -9.8
v -8 0.2 -9.9
v -8 0.3 -5.8
v -8 0.3 -6
v -8 0.3 -7.7
v -8 0.3 -8
v -8 0.3 -9.8
v -8 0.3 -9.9
v -8 0.4 -5.8
v -8 0.4 -6
v -8 0.4 -7.7
v -8 0.4 -8
v -7.9 0.1 -11.6
v -7.9 0.1 -11.7
v -7.9 0.2 -9.7
v -7.9 0.2 -9.8
v -7.9 0.2 -11.6
v -7.9 0.2 -11.7
v -7.9 0.3 -6
v -7.9 0.3 -6.3
v -7.9 0.3 -7.4
v -7.9 0.3 -7.7
v -7.9 0.3 -9.7
v -7.9 0.3 -9.8
v -7.9 0.4 -6
v -7.9 0.4 -6.3
v -7.9 0.4 -7.4
v -7.9 0.4 -7.7
v -7.8 0.1 -11.5
v -7.8 0.1 -11.6
v -7.8 0.2 -9.6
v -7.8 0.2 -9.7
v -7.8 0.2 -11.5
v -7.8 0.2 -11.6
v -7.8 0.3 -6.3
v -7.8 0.3 -7.4
v -7.8 0.3 -9.6
v -7.8 0.3 -9.7
v -7.8 0.4 -6.3
v -7.8 0.4 -7.4
v -7.7 0.2 -9.5
v -7.7 0.2 -9.6
v -7.7 0.3 -9.5
v -7.7 0.3 -9.6
v -7.6 0.2 -9.4
v -7.6 0.2 -9.5
v -7.6 0.3 -9.4
v -7.6 0.3 -9.5
v -7.5 0.1 -11.4
v -7.5 0.1 -11.5
v -7.5 0.2 -9.3
v -7.5 0.2 -9.4
v -7.5 0.2 -11.4
v -7.5 0.2 -11.5
v -7.5 0.3 -9.3
v -7.5 0.3 -9.4
v -7.4 0.1 -11.3
v -7.4 0.1 -11.4
v -7.4 0.2 -9.2
v -7.4 0.2 -9.3
v -7.4 0.2 -11.3
v -7.4 0.2 -11.4
v -7.4 0.3 -9.2
v -7.4 0.3 -9.3
v -7.2 0.1 -11.2
v -7.2 0.1 -11.3
v -7.2 0.2 -9.1
v -7.2 0.2 -9.2
v -7.2 0.2 -11.2
v -7.2 0.2 -11.3
v -7.2 0.3 -9.1
v -7.2 0.3 -9.2
v -7.1 0.1 -11.1
v -7.1 0.1 -11.2
v -7.1 0.2 -9
v -7.1 0.2 -9.1
v -7.1 0.2 -11.1
v -7.1 0.2 -11.2
v -7.1 0.3 -9
v -7.1 0.3 -9.1
v -7 0.2 -8.9
v -7 0.2 -9
v -7 0.3 -8.9
v -7 0.3 -9
v -6.9 0.1 -11
v -6.9 0.1 -11.1
v -6.9 0.2 -4.4
v -6.9 0.2 -4.5
v -6.9 0.2 -8.8
v -6.9 0.2 -8.9
v -6.9 0.2 -11
v -6.9 0.2 -11.1
v -6.9 0.3 -4.4
v -6.9 0.3 -4.5
v -6.9 0.3 -8.8
v -6.9 0.3 -8.9
v -6.8 0.1 -2.8
v -6.8 0.1 -2.9
v -6.8 0.2 -2.8
v -6.8 0.2 -2.9
v -6.8 0.2 -8.7
v -6.8 0.2 -8.8
v -6.8 0.3 -8.7
v -6.8 0.3 -8.8
v -6.7 0.1 -10.9
v -6.7 0.1 -11
v -6.7 0.2 -8.6
v -6.7 0.2 -8.7
v -6.7 0.2 -10.9
v -6.7 0.2 -11
v -6.7 0.3 -8.6
v -6.7 0.3 -8.7
v -6.6 0.2 -4.5
v -6.6 0.2 -4.6
v -6.6 0.2 -8.4
v -6.6 0.2 -8.6
v -6.6 0.3 -4.5
v -6.6 0.3 -4.6
v -6.6 0.3 -8.4
v -6.6 0.3 -8.6
v -6.5 0.1 -10.8
v -6.5 0.1 -10.9
v -6.5 0.2 -8.3
v -6.5 0.2 -8.4
v -6.5 0.2 -10.8
v -6.5 0.2 -10.9
v -6.5 0.3 -8.3
v -6.5 0.3 -8.4
v -6.4 0.1 -10.7
v -6.4 0.1 -10.8
v -6.4 0.2 -4.6
v -6.4 0.2 -4.7
v -6.4 0.2 -10.7
v -6.4 0.2 -10.8
v -6.4 0.3 -4.6
v -6.4 0.3 -4.7
v -6.3 0.1 -2.9
v -6.3 0.1 -3
v -6.3 0.2 -2.9
v -6.3 0.2 -3
v -6.3 0.2 -4.7
v -6.3 0.2 -4.8
v -6.3 0.2 -8.2
v -6.3 0.2 -8.3
v -6.3 0.3 -4.7
v -6.3 0.3 -4.8
v -6.3 0.3 -8.2
v -6.3 0.3 -8.3
v -6.2 0.2 -4.8
v -6.2 0.2 -4.9
v -6.2 0.2 -8.1
v -6.2 0.2 -8.2
v -6.2 0.3 -4.8
v -6.2 0.3 -4.9
v -6.2 0.3 -8.1
v -6.2 0.3 -8.2
v -6.1 0.1 -10.6
v -6.1 0.1 -10.7
v -6.1 0.2 -4.9
v -6.1 0.2 -5.1
v -6.1 0.2 -8
v -6.1 0.2 -8.1
v -6.1 0.2 -10.6
v -6.1 0.2 -10.7
v -6.1 0.3 -4.9
v -6.1 0.3 -5.1
v -6.1 0.3 -8
v -6.1 0.3 -8.1
v -6 0.2 -5.1
v -6 0.2 -5.2
v -6 0.2 -7.9
v -6 0.2 -8
v -6 0.3 -5.1
v -6 0.3 -5.2
v -6 0.3 -7.9
v -6 0.3 -8
v -5.9 0.1 -10.5
v -5.9 0.1 -10.6
v -5.9 0.2 -5.2
v -5.9 0.2 -5.4
v -5.9 0.2 -7.8
v -5.9 0.2 -7.9
v -5.9 0.2 -10.5
v -5.9 0.2 -10.6
v -5.9 0.3 -5.2
v -5.9 0.3 -5.4
v -5.9 0.3 -7.8
v -5.9 0.3 -7.9
v -5.8 0.1 -3
v -5.8 0.1 -3.1
v -5.8 0.2 -3
v -5.8 0.2 -3.1
v -5.8 0.2 -5.4
v -5.8 0.2 -5.6
v -5.8 0.2 -7.6
v -5.8 0.2 -7.8
v -5.8 0.3 -5.4
v -5.8 0.3 -5.6
v -5.8 0.3 -7.6
v -5.8 0.3 -7.8
v -5.7 0.1 -3.1
v -5.7 0.1 -3.2
v -5.7 0.1 -10.4
v -5.7 0.1 -10.5
v -5.7 0.2 -3.1
v -5.7 0.2 -3.2
v -5.7 0.2 -5.6
v -5.7 0.2 -6.1
v -5.7 0.2 -7.4
v -5.7 0.2 -7.6
v -5.7 0.2 -10.4
v -5.7 0.2 -10.5
v -5.7 0.3 -5.6
v -5.7 0.3 -6.1
v -5.7 0.3 -7.4
v -5.7 0.3 -7.6
v -5.6 0.2 -6.1
v -5.6 0.2 -7.4
v -5.6 0.3 -6.1
v -5.6 0.3 -7.4
v -5.5 0.1 -3.2
v -5.5 0.1 -3.3
v -5.5 0.1 -10.2
v -5.5 0.1 -10.4
v -5.5 0.2 -3.2
v -5.5 0.2 -3.3
v -5.5 0.2 -10.2
v -5.5 0.2 -10.4
v -5.4 0.1 -10.1
v -5.4 0.1 -10.2
v -5.4 0.2 -10.1
v -5.4 0.2 -10.2
v -5.3 0.1 -3.3
v -5.3 0.1 -3.4
v -5.3 0.1 -10
v -5.3 0.1 -10.1
v -5.3 0.2 -3.3
v -5.3 0.2 -3.4
v -5.3 0.2 -10
v -5.3 0.2 -10.1
v -5.2 0 -2.6
v -5.2 0 -2.7
v -5.2 0.1 -2.6
v -5.2 0.1 -2.7
v -5.2 0.1 -3.4
v -5.2 0.1 -3.6
v -5.2 0.1 -9.8
v -5.2 0.1 -10
v -5.2 0.2 -3.4
v -5.2 0.2 -3.6
v -5.2 0.2 -9.8
v -5.2 0.2 -10
v -5.1 0.1 -3.6
v -5.1 0.1 -3.8
v -5.1 0.1 -9.7
v -5.1 0.1 -9.8
v -5.1 0.2 -3.6
v -5.1 0.2 -3.8
v -5.1 0.2 -9.7
v -5.1 0.2 -9.8
v -5 0.1 -3.8
v -5 0.1 -3.9
v -5 0.1 -9.6
v -5 0.1 -9.7
v -5 0.2 -3.8
v -5 0.2 -3.9
v -5 0.2 -9.6
v -5 0.2 -9.7
v -4.9 0.1 -3.9
v -4.9 0.1 -4
v -4.9 0.1 -9.5
v -4.9 0.1 -9.6
v -4.9 0.2 -3.9
v -4.9 0.2 -4
v -4.9 0.2 -9.5
v -4.9 0.2 -9.6
v -4.8 0.1 -4
v -4.8 0.1 -4.1
v -4.8 0.1 -9.3
v -4.8 0.1 -9.5
v -4.8 0.2 -4
v -4.8 0.2 -4.1
v -4.8 0.2 -9.3
v -4.8 0.2 -9.5
v -4.7 0.1 -4.1
v -4.7 0.1 -4.3
v -4.7 0.1 -9.1
v -4.7 0.1 -9.3
v -4.7 0.2 -4.1
v -4.7 0.2 -4.3
v -4.7 0.2 -9.1
v -4.7 0.2 -9.3
v -4.6 0.1 -4.3
v -4.6 0.1 -4.5
v -4.6 0.1 -9
v -4.6 0.1 -9.1
v -4.6 0.2 -4.3
v -4.6 0.2 -4.5
v -4.6 0.2 -9
v -4.6 0.2 -9.1
v -4.5 0.1 -4.5
v -4.5 0.1 -4.7
v -4.5 0.1 -8.9
v -4.5 0.1 -9
v -4.5 0.2 -4.5
v -4.5 0.2 -4.7
v -4.5 0.2 -8.9
v -4.5 0.2 -9
v -4.4 0.1 -4.7
v -4.4 0.1 -5
v -4.4 0.1 -8.8
v -4.4 0.1 -8.9
v -4.4 0.2 -4.7
v -4.4 0.2 -5
v -4.4 0.2 -8.8
v -4.4 0.2 -8.9
v -4.3 0.1 -5
v -4.3 0.1 -5.3
v -4.3 0.1 -8.5
v -4.3 0.1 -8.8
v -4.3 0.2 -5
v -4.3 0.2 -5.3
v -4.3 0.2 -8.5
v -4.3 0.2 -8.8
v -4.2 0.1 -5.3
v -4.2 0.1 -5.4
v -4.2 0.1 -8.3
v -4.2 0.1 -8.5
v -4.2 0.2 -5.3
v -4.2 0.2 -5.4
v -4.2 0.2 -8.3
v -4.2 0.2 -8.5
v -4.1 0.1 -5.4
v -4.1 0.1 -5.6
v -4.1 0.1 -8.1
v -4.1 0.1 -8.3
v -4.1 0.2 -5.4
v -4.1 0.2 -5.6
v -4.1 0.2 -8.1
v -4.1 0.2 -8.3
v -4 0.1 -5.6
v -4 0.1 -6.1
v -4 0.1 -7.8
v -4 0.1 -8.1
v -4 0.2 -5.6
v -4 0.2 -6.1
v -4 0.2 -7.8
v -4 0.2 -8.1
v -3.9 0.1 -6.1
v -3.9 0.1 -6.8
v -3.9 0.1 -7.4
v -3.9 0.1 -7.8
v -3.9 0.2 -6.1
v -3.9 0.2 -6.8
v -3.9 0.2 -7.4
v -3.9 0.2 -7.8
v -3.8 0.1 -6.8
v -3.8 0.1 -7.4
v -3.8 0.2 -6.8
v -3.8 0.2 -7.4
v -1.3 0 -2.7
v -1.3 0 -2.8
v -1.3 0.1 -2.7
v -1.3 0.1 -2.8
v 2.5 0 -2.8
v 2.5 0 -2.9
v 2.5 0.1 -2.8
v 2.5 0.1 -2.9
v 4.3 0.4 -7.7
v 4.3 0.4 -7.8
v 4.3 0.5 -7.7
v 4.3 0.5 -7.8
v 4.8 0.4 -7.6
v 4.8 0.4 -7.7
v 4.8 0.5 -7.6
v 4.8 0.5 -7.7
v 4.9 0.5 -7.3
v 4.9 0.5 -7.4
v 4.9 0.6 -7.3
v 4.9 0.6 -7.4
v 5.2 0.5 -7.2
v 5.2 0.5 -7.3
v 5.2 0.6 -7.2
v 5.2 0.6 -7.3
v 5.4 0.4 -7.5
v 5.4 0.4 -7.6
v 5.4 0.5 -7.5
v 5.4 0.5 -7.6
v 5.5 0.3 -8.2
v 5.5 0.3 -8.3
v 5.5 0.4 -8.2
v 5.5 0.4 -8.3
v 5.5 0.5 -7.1
v 5.5 0.5 -7.2
v 5.5 0.6 -7.1
v 5.5 0.6 -7.2
v 5.8 0.3 -8.1
v 5.8 0.3 -8.2
v 5.8 0.4 -7.4
v 5.8 0.4 -7.5
v 5.8 0.4 -8.1
v 5.8 0.4 -8.2
v 5.8 0.5 -7.4
v 5.8 0.5 -7.5
v 5.9 0.5 -7
v 5.9 0.5 -7.1
v 5.9 0.6 -7
v 5.9 0.6 -7.1
v 6 0.1 -9.5
v 6 0.1 -9.6
v 6 0.2 -8.8
v 6 0.2 -8.9
v 6 0.2 -9.5
v 6 0.2 -9.6
v 6 0.3 -8.8
v 6 0.3 -8.9
v 6 0.5 -6.9
v 6 0.5 -7
v 6 0.6 -6.9
v 6 0.6 -7
v 6.1 0.3 -8
v 6.1 0.3 -8.1
v 6.1 0.4 -8
v 6.1 0.4 -8.1
v 6.1 0.5 -6.8
v 6.1 0.5 -6.9
v 6.1 0.6 -6.8
v 6.1 0.6 -6.9
v 6.2 0.4 -7.3
v 6.2 0.4 -7.4
v 6.2 0.5 -6.7
v 6.2 0.5 -6.8
v 6.2 0.5 -7.3
v 6.2 0.5 -7.4
v 6.2 0.6 -6.7
v 6.2 0.6 -6.8
v 6.3 0.2 -8.7
v 6.3 0.2 -8.8
v 6.3 0.3 -8.7
v 6.3 0.3 -8.8
v 6.3 0.5 -3.8
v 6.3 0.5 -3.9
v 6.3 0.5 -6.6
v 6.3 0.5 -6.7
v 6.3 0.6 -3.8
v 6.3 0.6 -3.9
v 6.3 0.6 -6.6
v 6.3 0.6 -6.7
v 6.4 0 -2.9
v 6.4 0 -3
v 6.4 0.1 -2.9
v 6.4 0.1 -3
v 6.4 0.3 -7.9
v 6.4 0.3 -8
v 6.4 0.4 -7.2
v 6.4 0.4 -7.3
v 6.4 0.4 -7.9
v 6.4 0.4 -8
v 6.4 0.5 -7.2
v 6.4 0.5 -7.3
v 6.5 0.2 -8.6
v 6.5 0.2 -8.7
v 6.5 0.3 -8.6
v 6.5 0.3 -8.7
v 6.5 0.5 -3.9
v 6.5 0.5 -4
v 6.5 0.6 -3.9
v 6.5 0.6 -4
v 6.6 0.1 -9.4
v 6.6 0.1 -9.5
v 6.6 0.2 -9.4
v 6.6 0.2 -9.5
v 6.6 0.3 -3.1
v 6.6 0.3 -3.2
v 6.6 0.3 -7.8
v 6.6 0.3 -7.9
v 6.6 0.4 -3.1
v 6.6 0.4 -3.2
v 6.6 0.4 -7.8
v 6.6 0.4 -7.9
v 6.6 0.5 -6.5
v 6.6 0.5 -6.6
v 6.6 0.6 -6.5
v 6.6 0.6 -6.6
v 6.7 0.1 -2.9
v 6.7 0.1 -3
v 6.7 0.2 -2.9
v 6.7 0.2 -3
v 6.7 0.4 -7.1
v 6.7 0.4 -7.2
v 6.7 0.5 -7.1
v 6.7 0.5 -7.2
v 6.8 0.1 -9.3
v 6.8 0.1 -9.4
v 6.8 0.2 -8.5
v 6.8 0.2 -8.6
v 6.8 0.2 -9.3
v 6.8 0.2 -9.4
v 6.8 0.3 -7.7
v 6.8 0.3 -7.8
v 6.8 0.3 -8.5
v 6.8 0.3 -8.6
v 6.8 0.4 -7
v 6.8 0.4 -7.1
v 6.8 0.4 -7.7
v 6.8 0.4 -7.8
v 6.8 0.5 -4
v 6.8 0.5 -4.2
v 6.8 0.5 -6.4
v 6.8 0.5 -6.5
v 6.8 0.5 -7
v 6.8 0.5 -7.1
v 6.8 0.6 -4
v 6.8 0.6 -4.2
v 6.8 0.6 -6.4
v 6.8 0.6 -6.5
v 6.9 0.2 -2.9
v 6.9 0.2 -3
v 6.9 0.2 -8.4
v 6.9 0.2 -8.5
v 6.9 0.3 -2.9
v 6.9 0.3 -3
v 6.9 0.3 -8.4
v 6.9 0.3 -8.5
v 6.9 0.5 -4.2
v 6.9 0.5 -4.3
v 6.9 0.5 -6.3
v 6.9 0.5 -6.4
v 6.9 0.6 -4.2
v 6.9 0.6 -4.3
v 6.9 0.6 -6.3
v 6.9 0.6 -6.4
v 7 0.2 -8.3
v 7 0.2 -8.4
v 7 0.3 -7.6
v 7 0.3 -7.7
v 7 0.3 -8.3
v 7 0.3 -8.4
v 7 0.4 -6.9
v 7 0.4 -7
v 7 0.4 -7.6
v 7 0.4 -7.7
v 7 0.5 -4.3
v 7 0.5 -4.5
v 7 0.5 -4.6
v 7 0.5 -4.7
v 7 0.5 -5.9
v 7 0.5 -6.3
v 7 0.5 -6.9
v 7 0.5 -7
v 7 0.6 -4.3
v 7 0.6 -4.5
v 7 0.6 -4.6
v 7 0.6 -4.7
v 7 0.6 -5.9
v 7 0.6 -6.3
v 7.1 0.1 -9.2
v 7.1 0.1 -9.3
v 7.1 0.2 -9.2
v 7.1 0.2 -9.3
v 7.1 0.4 -3.4
v 7.1 0.4 -3.5
v 7.1 0.4 -6.8
v 7.1 0.4 -6.9
v 7.1 0.5 -3.4
v 7.1 0.5 -3.5
v 7.1 0.5 -4.7
v 7.1 0.5 -4.8
v 7.1 0.5 -4.9
v 7.1 0.5 -5.3
v 7.1 0.5 -5.6
v 7.1 0.5 -5.7
v 7.1 0.5 -5.9
v 7.1 0.5 -6.8
v 7.1 0.5 -6.9
v 7.1 0.6 -4.7
v 7.1 0.6 -4.8
v 7.1 0.6 -4.9
v 7.1 0.6 -5.3
v 7.1 0.6 -5.6
v 7.1 0.6 -5.7
v 7.1 0.6 -5.9
v 7.2 0.2 -8.2
v 7.2 0.2 -8.3
v 7.2 0.3 -7.5
v 7.2 0.3 -7.6
v 7.2 0.3 -8.2
v 7.2 0.3 -8.3
v 7.2 0.4 -6.7
v 7.2 0.4 -6.8
v 7.2 0.4 -7.5
v 7.2 0.4 -7.6
v 7.2 0.5 -4.9
v 7.2 0.5 -5.1
v 7.2 0.5 -5.2
v 7.2 0.5 -5.3
v 7.2 0.5 -6.7
v 7.2 0.5 -6.8
v 7.2 0.6 -4.9
v 7.2 0.6 -5.1
v 7.2 0.6 -5.2
v 7.2 0.6 -5.3
v 7.3 0.1 -9.1
v 7.3 0.1 -9.2
v 7.3 0.2 -8.1
v 7.3 0.2 -8.2
v 7.3 0.2 -9.1
v 7.3 0.2 -9.2
v 7.3 0.3 -7.4
v 7.3 0.3 -7.5
v 7.3 0.3 -8.1
v 7.3 0.3 -8.2
v 7.3 0.4 -6.6
v 7.3 0.4 -6.7
v 7.3 0.4 -7.4
v 7.3 0.4 -7.5
v 7.3 0.5 -6.6
v 7.3 0.5 -6.7
v 7.4 0.4 -3.4
v 7.4 0.4 -3.5
v 7.4 0.4 -6.5
v 7.4 0.4 -6.6
v 7.4 0.5 -3.4
v 7.4 0.5 -3.5
v 7.4 0.5 -6.5
v 7.4 0.5 -6.6
v 7.5 0.2 -8
v 7.5 0.2 -8.1
v 7.5 0.3 -7.3
v 7.5 0.3 -7.4
v 7.5 0.3 -8
v 7.5 0.3 -8.1
v 7.5 0.4 -6.4
v 7.5 0.4 -6.5
v 7.5 0.4 -7.3
v 7.5 0.4 -7.4
v 7.5 0.5 -6.4
v 7.5 0.5 -6.5
v 7.6 0.1 -9
v 7.6 0.1 -9.1
v 7.6 0.2 -9
v 7.6 0.2 -9.1
v 7.6 0.3 -7.2
v 7.6 0.3 -7.3
v 7.6 0.4 -6.3
v 7.6 0.4 -6.4
v 7.6 0.4 -7.2
v 7.6 0.4 -7.3
v 7.6 0.5 -6.3
v 7.6 0.5 -6.4
v 7.7 0.2 -7.9
v 7.7 0.2 -8
v 7.7 0.3 -7.1
v 7.7 0.3 -7.2
v 7.7 0.3 -7.9
v 7.7 0.3 -8
v 7.7 0.4 -6.2
v 7.7 0.4 -6.3
v 7.7 0.4 -7.1
v 7.7 0.4 -7.2
v 7.7 0.5 -6.2
v 7.7 0.5 -6.3
v 7.8 0.3 -7
v 7.8 0.3 -7.1
v 7.8 0.4 -3.5
v 7.8 0.4 -3.6
v 7.8 0.4 -7
v 7.8 0.4 -7.1
v 7.8 0.5 -3.5
v 7.8 0.5 -3.6
v 7.9 0.2 -7.8
v 7.9 0.2 -7.9
v 7.9 0.3 -3.1
v 7.9 0.3 -3.2
v 7.9 0.3 -6.9
v 7.9 0.3 -7
v 7.9 0.3 -7.8
v 7.9 0.3 -7.9
v 7.9 0.4 -3.1
v 7.9 0.4 -3.2
v 7.9 0.4 -3.6
v 7.9 0.4 -3.7
v 7.9 0.4 -3.8
v 7.9 0.4 -6.1
v 7.9 0.4 -6.2
v 7.9 0.4 -6.9
v 7.9 0.4 -7
v 7.9 0.5 -3.6
v 7.9 0.5 -3.7
v 7.9 0.5 -3.8
v 7.9 0.5 -6.1
v 7.9 0.5 -6.2
v 8 0.1 -8.9
v 8 0.1 -9
v 8 0.2 -8.9
v 8 0.2 -9
v 8 0.4 -3.8
v 8 0.4 -4.1
v 8 0.4 -6
v 8 0.4 -6.1
v 8 0.5 -3.8
v 8 0.5 -4.1
v 8 0.5 -6
v 8 0.5 -6.1
v 8.1 0.2 -7.7
v 8.1 0.2 -7.8
v 8.1 0.3 -3.2
v 8.1 0.3 -3.4
v 8.1 0.3 -6.8
v 8.1 0.3 -6.9
v 8.1 0.3 -7.7
v 8.1 0.3 -7.8
v 8.1 0.4 -3.2
v 8.1 0.4 -3.4
v 8.1 0.4 -4.1
v 8.1 0.4 -4.2
v 8.1 0.4 -6.8
v 8.1 0.4 -6.9
v 8.1 0.5 -4.1
v 8.1 0.5 -4.2
v 8.2 0.1 -8.8
v 8.2 0.1 -8.9
v 8.2 0.2 -8.8
v 8.2 0.2 -8.9
v 8.2 0.3 -3.4
v 8.2 0.3 -3.5
v 8.2 0.3 -6.6
v 8.2 0.3 -6.8
v 8.2 0.4 -3.4
v 8.2 0.4 -3.5
v 8.2 0.4 -4.2
v 8.2 0.4 -4.3
v 8.2 0.4 -4.4
v 8.2 0.4 -5.9
v 8.2 0.4 -6
v 8.2 0.4 -6.6
v 8.2 0.4 -6.8
v 8.2 0.5 -4.2
v 8.2 0.5 -4.3
v 8.2 0.5 -4.4
v 8.2 0.5 -5.9
v 8.2 0.5 -6
v 8.3 0.2 -7.6
v 8.3 0.2 -7.7
v 8.3 0.3 -3.5
v 8.3 0.3 -3.6
v 8.3 0.3 -6.4
v 8.3 0.3 -6.6
v 8.3 0.3 -7.6
v 8.3 0.3 -7.7
v 8.3 0.4 -3.5
v 8.3 0.4 -3.6
v 8.3 0.4 -5.8
v 8.3 0.4 -5.9
v 8.3 0.4 -6.4
v 8.3 0.4 -6.6
v 8.3 0.5 -5.8
v 8.3 0.5 -5.9
v 8.4 0.1 -8.7
v 8.4 0.1 -8.8
v 8.4 0.2 -7.5
v 8.4 0.2 -7.6
v 8.4 0.2 -8.7
v 8.4 0.2 -8.8
v 8.4 0.3 -3.6
v 8.4 0.3 -3.7
v 8.4 0.3 -6.3
v 8.4 0.3 -6.4
v 8.4 0.3 -7.5
v 8.4 0.3 -7.6
v 8.4 0.4 -3.6
v 8.4 0.4 -3.7
v 8.4 0.4 -4.4
v 8.4 0.4 -4.5
v 8.4 0.4 -5.6
v 8.4 0.4 -5.8
v 8.4 0.4 -6.3
v 8.4 0.4 -6.4
v 8.4 0.5 -4.4
v 8.4 0.5 -4.5
v 8.4 0.5 -5.6
v 8.4 0.5 -5.8
v 8.5 0.2 -7.4
v 8.5 0.2 -7.5
v 8.5 0.3 -3.7
v 8.5 0.3 -3.8
v 8.5 0.3 -6
v 8.5 0.3 -6.3
v 8.5 0.3 -7.4
v 8.5 0.3 -7.5
v 8.5 0.4 -3.7
v 8.5 0.4 -3.8
v 8.5 0.4 -4.5
v 8.5 0.4 -4.6
v 8.5 0.4 -4.7
v 8.5 0.4 -4.8
v 8.5 0.4 -5.4
v 8.5 0.4 -5.6
v 8.5 0.4 -6
v 8.5 0.4 -6.3
v 8.5 0.5 -4.5
v 8.5 0.5 -4.6
v 8.5 0.5 -4.7
v 8.5 0.5 -4.8
v 8.5 0.5 -5.4
v 8.5 0.5 -5.6
v 8.6 0.2 -7.3
v 8.6 0.2 -7.4
v 8.6 0.3 -5.8
v 8.6 0.3 -6
v 8.6 0.3 -7.3
v 8.6 0.3 -7.4
v 8.6 0.4 -4.8
v 8.6 0.4 -5.4
v 8.6 0.4 -5.8
v 8.6 0.4 -6
v 8.6 0.5 -4.8
v 8.6 0.5 -5.4
v 8.7 0.1 -8.6
v 8.7 0.1 -8.7
v 8.7 0.2 -7.2
v 8.7 0.2 -7.3
v 8.7 0.2 -8.6
v 8.7 0.2 -8.7
v 8.7 0.3 -3.8
v 8.7 0.3 -3.9
v 8.7 0.3 -5.7
v 8.7 0.3 -5.8
v 8.7 0.3 -7.2
v 8.7 0.3 -7.3
v 8.7 0.4 -3.8
v 8.7 0.4 -3.9
v 8.7 0.4 -5.7
v 8.7 0.4 -5.8
v 8.8 0.2 -7.1
v 8.8 0.2 -7.2
v 8.8 0.3 -5.4
v 8.8 0.3 -5.7
v 8.8 0.3 -7.1
v 8.8 0.3 -7.2
v 8.8 0.4 -5.4
v 8.8 0.4 -5.7
v 8.9 0.1 -8.5
v 8.9 0.1 -8.6
v 8.9 0.2 -7
v 8.9 0.2 -7.1
v 8.9 0.2 -8.5
v 8.9 0.2 -8.6
v 8.9 0.3 -3.9
v 8.9 0.3 -4
v 8.9 0.3 -5.2
v 8.9 0.3 -5.4
v 8.9 0.3 -7
v 8.9 0.3 -7.1
v 8.9 0.4 -3.9
v 8.9 0.4 -4
v 8.9 0.4 -5.2
v 8.9 0.4 -5.4
v 9 0.2 -6.9
v 9 0.2 -7
v 9 0.3 -4
v 9 0.3 -4.2
v 9 0.3 -4.8
v 9 0.3 -5.2
v 9 0.3 -6.9
v 9 0.3 -7
v 9 0.4 -4
v 9 0.4 -4.2
v 9 0.4 -4.8
v 9 0.4 -5.2
v 9.1 0.1 -8.4
v 9.1 0.1 -8.5
v 9.1 0.2 -6.8
v 9.1 0.2 -6.9
v 9.1 0.2 -8.4
v 9.1 0.2 -8.5
v 9.1 0.3 -4.2
v 9.1 0.3 -4.8
v 9.1 0.3 -6.8
v 9.1 0.3 -6.9
v 9.1 0.4 -4.2
v 9.1 0.4 -4.8
v 9.2 0.2 -6.7
v 9.2 0.2 -6.8
v 9.2 0.3 -6.7
v 9.2 0.3 -6.8
v 9.3 0.1 -8.3
v 9.3 0.1 -8.4
v 9.3 0.2 -6.6
v 9.3 0.2 -6.7
v 9.3 0.2 -8.3
v 9.3 0.2 -8.4
v 9.3 0.3 -6.6
v 9.3 0.3 -6.7
v 9.4 0.1 -8.2
v 9.4 0.1 -8.3
v 9.4 0.2 -6.5
v 9.4 0.2 -6.6
v 9.4 0.2 -8.2
v 9.4 0.2 -8.3
v 9.4 0.3 -6.5
v 9.4 0.3 -6.6
v 9.5 0.2 -6.4
v 9.5 0.2 -6.5
v 9.5 0.3 -6.4
v 9.5 0.3 -6.5
v 9.6 0.1 -8.1
v 9.6 0.1 -8.2
v 9.6 0.2 -6.3
v 9.6 0.2 -6.4
v 9.6 0.2 -8.1
v 9.6 0.2 -8.2
v 9.6 0.3 -6.3
v 9.6 0.3 -6.4
v 9.7 0.2 -6.2
v 9.7 0.2 -6.3
v 9.7 0.3 -6.2
v 9.7 0.3 -6.3
v 9.8 0.1 -8
v 9.8 0.1 -8.1
v 9.8 0.2 -6
v 9.8 0.2 -6.2
v 9.8 0.2 -8
v 9.8 0.2 -8.1
v 9.8 0.3 -6
v 9.8 0.3 -6.2
v 9.9 0.2 -5.9
v 9.9 0.2 -6
v 9.9 0.3 -5.9
v 9.9 0.3 -6
v 10 0.1 -7.9
v 10 0.1 -8
v 10 0.2 -5.7
v 10 0.2 -5.9
v 10 0.2 -7.9
v 10 0.2 -8
v 10 0.3 -5.7
v 10 0.3 -5.9
v 10.1 0.1 -7.8
v 10.1 0.1 -7.9
v 10.1 0.2 -5.6
v 10.1 0.2 -5.7
v 10.1 0.2 -7.8
v 10.1 0.2 -7.9
v 10.1 0.3 -5.6
v 10.1 0.3 -5.7
v 10.2 0.1 -7.7
v 10.2 0.1 -7.8
v 10.2 0.2 -5.4
v 10.2 0.2 -5.6
v 10.2 0.2 -7.7
v 10.2 0.2 -7.8
v 10.2 0.3 -5.4
v 10.2 0.3 -5.6
v 10.3 0 -3
v 10.3 0 -3.1
v 10.3 0.1 -3
v 10.3 0.1 -3.1
v 10.3 0.1 -7.6
v 10.3 0.1 -7.7
v 10.3 0.2 -5.3
v 10.3 0.2 -5.4
v 10.3 0.2 -7.6
v 10.3 0.2 -7.7
v 10.3 0.3 -5.3
v 10.3 0.3 -5.4
v 10.4 0.1 -7.5
v 10.4 0.1 -7.6
v 10.4 0.2 -5.2
v 10.4 0.2 -5.3
v 10.4 0.2 -7.5
v 10.4 0.2 -7.6
v 10.4 0.3 -5.2
v 10.4 0.3 -5.3
v 10.5 0.1 -3
v 10.5 0.1 -3.1
v 10.5 0.1 -7.3
v 10.5 0.1 -7.5
v 10.5 0.2 -3
v 10.5 0.2 -3.1
v 10.5 0.2 -5.1
v 10.5 0.2 -5.2
v 10.5 0.2 -7.3
v 10.5 0.2 -7.5
v 10.5 0.3 -5.1
v 10.5 0.3 -5.2
v 10.6 0.1 -7.1
v 10.6 0.1 -7.3
v 10.6 0.2 -5
v 10.6 0.2 -5.1
v 10.6 0.2 -7.1
v 10.6 0.2 -7.3
v 10.6 0.3 -5
v 10.6 0.3 -5.1
v 10.7 0.1 -7
v 10.7 0.1 -7.1
v 10.7 0.2 -4.9
v 10.7 0.2 -5
v 10.7 0.2 -7
v 10.7 0.2 -7.1
v 10.7 0.3 -4.9
v 10.7 0.3 -5
v 10.8 0.2 -3
v 10.8 0.2 -3.1
v 10.8 0.2 -4.8
v 10.8 0.2 -4.9
v 10.8 0.3 -3
v 10.8 0.3 -3.1
v 10.8 0.3 -4.8
v 10.8 0.3 -4.9
v 10.9 0.1 -6.9
v 10.9 0.1 -7
v 10.9 0.2 -4.7
v 10.9 0.2 -4.8
v 10.9 0.2 -6.9
v 10.9 0.2 -7
v 10.9 0.3 -4.7
v 10.9 0.3 -4.8
v 11 0.1 -6.8
v 11 0.1 -6.9
v 11 0.2 -4.5
v 11 0.2 -4.7
v 11 0.2 -6.8
v 11 0.2 -6.9
v 11 0.3 -4.5
v 11 0.3 -4.7
v 11.1 0.1 -6.7
v 11.1 0.1 -6.8
v 11.1 0.2 -3.1
v 11.1 0.2 -3.2
v 11.1 0.2 -4.4
v 11.1 0.2 -4.5
v 11.1 0.2 -6.7
v 11.1 0.2 -6.8
v 11.1 0.3 -3.1
v 11.1 0.3 -3.2
v 11.1 0.3 -4.4
v 11.1 0.3 -4.5
v 11.2 0.1 -6.5
v 11.2 0.1 -6.6
v 11.2 0.1 -6.7
v 11.2 0.2 -3.2
v 11.2 0.2 -3.4
v 11.2 0.2 -4.1
v 11.2 0.2 -4.4
v 11.2 0.2 -6.5
v 11.2 0.2 -6.6
v 11.2 0.2 -6.7
v 11.2 0.3 -3.2
v 11.2 0.3 -3.4
v 11.2 0.3 -4.1
v 11.2 0.3 -4.4
v 11.3 0.1 -6.4
v 11.3 0.1 -6.5
v 11.3 0.2 -3.4
v 11.3 0.2 -4.1
v 11.3 0.2 -6.4
v 11.3 0.2 -6.5
v 11.3 0.3 -3.4
v 11.3 0.3 -4.1
v 11.4 0.1 -6.2
v 11.4 0.1 -6.4
v 11.4 0.2 -6.2
v 11.4 0.2 -6.4
v 11.5 0.1 -6
v 11.5 0.1 -6.2
v 11.5 0.2 -6
v 11.5 0.2 -6.2
v 11.6 0.1 -5.3
v 11.6 0.1 -6
v 11.6 0.2 -5.3
v 11.6 0.2 -6
v 11.7 0.1 -4.6
v 11.7 0.1 -5.3
v 11.7 0.2 -4.6
v 11.7 0.2 -5.3
v 11.8 0.1 -4.4
v 11.8 0.1 -4.6
v 11.8 0.2 -4.4
v 11.8 0.2 -4.6
v 11.9 0.1 -4
v 11.9 0.1 -4.4
v 11.9 0.2 -4
v 11.9 0.2 -4.4
v 12 0.1 -3.6
v 12 0.1 -4
v 12 0.2 -3.6
v 12 0.2 -4
v 12.1 0.1 -3.4
v 12.1 0.1 -3.6
v 12.1 0.2 -3.4
v 12.1 0.2 -3.6
v 12.2 0.1 -3.1
v 12.2 0.1 -3.4
v 12.2 0.2 -3.1
v 12.2 0.2 -3.4
v 12.8 0 -3.1
v 12.8 0 -6.1
v 12.8 0 -6.2
v 12.8 0 -8.9
v 12.8 0 -9
v 12.8 0 -12.4
v 12.8 0 -12.6
v 12.8 0 -12.8
v 12.8 0.1 -3.1
v 12.8 0.1 -6.1
v 12.8 0.1 -6.2
v 12.8 0.1 -8.9
v 12.8 0.1 -9
v 12.8 0.1 -12.4
v 12.8 0.1 -12.6
v 12.8 0.1 -12.8
v -12.8 0 -2.5
v -12.8 0.1 -2.5
v -9.1 0 -2.5
v -9.1 0.1 -2.5
v -9.1 0 -2.6
v -9.1 0.1 -2.6
v -8.7 0 -2.6
v -8.7 0.1 -2.6
v -8.6 0 -2.6
v -8.6 0.1 -2.6
v -5.2 0 -2.6
v -5.2 0.1 -2.6
v -5.2 0 -2.7
v -5.2 0.1 -2.7
v -1.3 0 -2.7
v -1.3 0.1 -2.7
v -8.3 0.1 -2.8
v -8.3 0.2 -2.8
v -6.8 0.1 -2.8
v -6.8 0.2 -2.8
v -1.3 0 -2.8
v -1.3 0.1 -2.8
v 2.5 0 -2.8
v 2.5 0.1 -2.8
v -8.6 0.1 -2.9
v -8.6 0.2 -2.9
v -8.3 0.1 -2.9
v -8.3 0.2 -2.9
v -6.8 0.1 -2.9
v -6.8 0.2 -2.9
v -6.3 0.1 -2.9
v -6.3 0.2 -2.9
v 2.5 0 -2.9
v 2.5 0.1 -2.9
v 4 0.1 -2.9
v 4 0.2 -2.9
v 5.1 0.2 -2.9
v 5.1 0.3 -2.9
v 6.4 0 -2.9
v 6.4 0.1 -2.9
v 6.7 0.1 -2.9
v 6.7 0.2 -2.9
v 6.9 0.2 -2.9
v 6.9 0.3 -2.9
v -8.9 0.1 -3
v -8.9 0.2 -3
v -8.6 0.1 -3
v -8.6 0.2 -3
v -6.3 0.1 -3
v -6.3 0.2 -3
v -5.8 0.1 -3
v -5.8 0.2 -3
v 3.8 0.1 -3
v 3.8 0.2 -3
v 4 0.1 -3
v 4 0.2 -3
v 4.9 0.2 -3
v 4.9 0.3 -3
v 5.1 0.2 -3
v 5.1 0.3 -3
v 6.4 0 -3
v 6.4 0.1 -3
v 6.7 0.1 -3
v 6.7 0.2 -3
v 6.9 0.2 -3
v 6.9 0.3 -3
v 7.4 0.2 -3
v 7.4 0.3 -3
v 7.6 0.2 -3
v 7.6 0.3 -3
v 8 0.2 -3
v 8 0.3 -3
v 8.1 0.2 -3
v 8.1 0.3 -3
v 8.5 0.2 -3
v 8.5 0.3 -3
v 8.6 0.2 -3
v 8.6 0.3 -3
v 9 0 -3
v 9 0.2 -3
v 9.1 0.2 -3
v 9.1 0.3 -3
v 9.2 0.2 -3
v 9.2 0.3 -3
v 9.4 0.2 -3
v 9.4 0.3 -3
v 9.8 0.2 -3
v 9.8 0.3 -3
v 9.9 0.2 -3
v 9.9 0.3 -3
v 10.2 0.2 -3
v 10.2 0.3 -3
v 10.3 0 -3
v 10.3 0.1 -3
v 10.3 0.2 -3
v 10.3 0.3 -3
v 10.5 0.1 -3
v 10.5 0.2 -3
v 10.8 0.2 -3
v 10.8 0.3 -3
v -9.1 0.1 -3.1
v -9.1 0.2 -3.1
v -8.9 0.1 -3.1
v -8.9 0.2 -3.1
v -5.8 0.1 -3.1
v -5.8 0.2 -3.1
v -5.7 0.1 -3.1
v -5.7 0.2 -3.1
v 3.7 0.1 -3.1
v 3.7 0.2 -3.1
v 3.8 0.1 -3.1
v 3.8 0.2 -3.1
v 4.6 0.2 -3.1
v 4.6 0.3 -3.1
v 4.9 0.2 -3.1
v 4.9 0.3 -3.1
v 5.5 0.3 -3.1
v 5.5 0.4 -3.1
v 6.6 0.3 -3.1
v 6.6 0.4 -3.1
v 7.1 0.3 -3.1
v 7.1 0.4 -3.1
v 7.4 0.3 -3.1
v 7.6 0.3 -3.1
v 7.9 0.3 -3.1
v 7.9 0.4 -3.1
v 10.3 0 -3.1
v 10.3 0.1 -3.1
v 10.5 0.1 -3.1
v 10.5 0.2 -3.1
v 10.8 0.2 -3.1
v 10.8 0.3 -3.1
v 11.1 0.2 -3.1
v 11.1 0.3 -3.1
v 11.3 0.1 -3.1
v 11.3 0.2 -3.1
v 11.4 0.1 -3.1
v 11.4 0.2 -3.1
v 12.2 0.1 -3.1
v 12.2 0.2 -3.1
v 12.8 0 -3.1
v 12.8 0.1 -3.1
v -9.3 0.1 -3.2
v -9.3 0.2 -3.2
v -9.1 0.1 -3.2
v -9.1 0.2 -3.2
v -5.7 0.1 -3.2
v -5.7 0.2 -3.2
v -5.5 0.1 -3.2
v -5.5 0.2 -3.2
v 3.5 0.1 -3.2
v 3.5 0.2 -3.2
v 3.7 0.1 -3.2
v 3.7 0.2 -3.2
v 4.2 0.2 -3.2
v 4.2 0.3 -3.2
v 4.4 0.2 -3.2
v 4.5 0.2 -3.2
v 4.6 0.2 -3.2
v 4.6 0.3 -3.2
v 5.1 0.3 -3.2
v 5.1 0.4 -3.2
v 5.5 0.3 -3.2
v 5.5 0.4 -3.2
v 6.6 0.3 -3.2
v 6.6 0.4 -3.2
v 7.1 0.3 -3.2
v 7.1 0.4 -3.2
v 7.9 0.3 -3.2
v 7.9 0.4 -3.2
v 8.1 0.3 -3.2
v 8.1 0.4 -3.2
v 11.1 0.2 -3.2
v 11.1 0.3 -3.2
v 11.2 0.2 -3.2
v 11.2 0.3 -3.2
v -9.5 0.1 -3.3
v -9.5 0.2 -3.3
v -9.3 0.1 -3.3
v -9.3 0.2 -3.3
v -5.5 0.1 -3.3
v -5.5 0.2 -3.3
v -5.3 0.1 -3.3
v -5.3 0.2 -3.3
v 3.2 0.1 -3.3
v 3.2 0.2 -3.3
v 3.5 0.1 -3.3
v 3.5 0.2 -3.3
v 3.8 0.2 -3.3
v 3.8 0.3 -3.3
v 4.2 0.2 -3.3
v 4.2 0.3 -3.3
v 4.9 0.3 -3.3
v 4.9 0.4 -3.3
v 5.1 0.3 -3.3
v 5.1 0.4 -3.3
v -9.8 0.1 -3.4
v -9.8 0.2 -3.4
v -9.5 0.1 -3.4
v -9.5 0.2 -3.4
v -5.3 0.1 -3.4
v -5.3 0.2 -3.4
v -5.2 0.1 -3.4
v -5.2 0.2 -3.4
v 3.1 0.1 -3.4
v 3.1 0.2 -3.4
v 3.2 0.1 -3.4
v 3.2 0.2 -3.4
v 3.5 0.2 -3.4
v 3.5 0.3 -3.4
v 3.8 0.2 -3.4
v 3.8 0.3 -3.4
v 4.7 0.3 -3.4
v 4.7 0.4 -3.4
v 4.9 0.3 -3.4
v 4.9 0.4 -3.4
v 7 0.4 -3.4
v 7 0.5 -3.4
v 7.1 0.4 -3.4
v 7.1 0.5 -3.4
v 7.2 0.4 -3.4
v 7.2 0.5 -3.4
v 7.4 0.4 -3.4
v 7.4 0.5 -3.4
v 8.1 0.3 -3.4
v 8.1 0.4 -3.4
v 8.2 0.3 -3.4
v 8.2 0.4 -3.4
v 11.2 0.2 -3.4
v 11.2 0.3 -3.4
v 11.3 0.2 -3.4
v 11.3 0.3 -3.4
v -11 0.1 -3.5
v -11 0.2 -3.5
v -9.8 0.1 -3.5
v -9.8 0.2 -3.5
v 3 0.1 -3.5
v 3 0.2 -3.5
v 3.1 0.1 -3.5
v 3.1 0.2 -3.5
v 3.4 0.2 -3.5
v 3.4 0.3 -3.5
v 3.5 0.2 -3.5
v 3.5 0.3 -3.5
v 4.5 0.3 -3.5
v 4.5 0.4 -3.5
v 4.7 0.3 -3.5
v 4.7 0.4 -3.5
v 5.8 0.4 -3.5
v 5.8 0.5 -3.5
v 7 0.4 -3.5
v 7 0.5 -3.5
v 7.1 0.4 -3.5
v 7.1 0.5 -3.5
v 7.2 0.4 -3.5
v 7.2 0.5 -3.5
v 7.4 0.4 -3.5
v 7.4 0.5 -3.5
v 7.6 0.4 -3.5
v 7.7 0.4 -3.5
v 7.7 0.5 -3.5
v 7.8 0.4 -3.5
v 7.8 0.5 -3.5
v 8.2 0.3 -3.5
v 8.2 0.4 -3.5
v 8.3 0.3 -3.5
v 8.3 0.4 -3.5
v -11.3 0.1 -3.6
v -11.3 0.2 -3.6
v -11 0.1 -3.6
v -11 0.2 -3.6
v -5.2 0.1 -3.6
v -5.2 0.2 -3.6
v -5.1 0.1 -3.6
v -5.1 0.2 -3.6
v 2.9 0.1 -3.6
v 2.9 0.2 -3.6
v 3 0.1 -3.6
v 3 0.2 -3.6
v 3.3 0.2 -3.6
v 3.3 0.3 -3.6
v 3.4 0.2 -3.6
v 3.4 0.3 -3.6
v 4.3 0.3 -3.6
v 4.3 0.4 -3.6
v 4.5 0.3 -3.6
v 4.5 0.4 -3.6
v 5.5 0.4 -3.6
v 5.5 0.5 -3.6
v 5.8 0.4 -3.6
v 5.8 0.5 -3.6
v 7.8 0.4 -3.6
v 7.8 0.5 -3.6
v 7.9 0.4 -3.6
v 7.9 0.5 -3.6
v 8.3 0.3 -3.6
v 8.3 0.4 -3.6
v 8.4 0.3 -3.6
v 8.4 0.4 -3.6
v -11.5 0.1 -3.7
v -11.5 0.2 -3.7
v -11.3 0.1 -3.7
v -11.3 0.2 -3.7
v 2.8 0.1 -3.7
v 2.8 0.2 -3.7
v 2.9 0.1 -3.7
v 2.9 0.2 -3.7
v 3.2 0.2 -3.7
v 3.2 0.3 -3.7
v 3.3 0.2 -3.7
v 3.3 0.3 -3.7
v 4.2 0.3 -3.7
v 4.2 0.4 -3.7
v 4.3 0.3 -3.7
v 4.3 0.4 -3.7
v 5.4 0.4 -3.7
v 5.4 0.5 -3.7
v 5.5 0.4 -3.7
v 5.5 0.5 -3.7
v 8.4 0.3 -3.7
v 8.4 0.4 -3.7
v 8.5 0.3 -3.7
v 8.5 0.4 -3.7
v -11.9 0.1 -3.8
v -11.9 0.2 -3.8
v -11.5 0.1 -3.8
v -11.5 0.2 -3.8
v -5.1 0.1 -3.8
v -5.1 0.2 -3.8
v -5 0.1 -3.8
v -5 0.2 -3.8
v 2.7 0.1 -3.8
v 2.7 0.2 -3.8
v 2.8 0.1 -3.8
v 2.8 0.2 -3.8
v 3 0.2 -3.8
v 3 0.3 -3.8
v 3.2 0.2 -3.8
v 3.2 0.3 -3.8
v 4.1 0.3 -3.8
v 4.1 0.4 -3.8
v 4.2 0.3 -3.8
v 4.2 0.4 -3.8
v 5.2 0.4 -3.8
v 5.2 0.5 -3.8
v 5.4 0.4 -3.8
v 5.4 0.5 -3.8
v 6 0.5 -3.8
v 6 0.6 -3.8
v 6.3 0.5 -3.8
v 6.3 0.6 -3.8
v 7.9 0.4 -3.8
v 7.9 0.5 -3.8
v 8 0.4 -3.8
v 8 0.5 -3.8
v 8.5 0.3 -3.8
v 8.5 0.4 -3.8
v 8.6 0.3 -3.8
v 8.6 0.4 -3.8
v 8.7 0.3 -3.8
v 8.7 0.4 -3.8
v -12.1 0.1 -3.9
v -12.1 0.2 -3.9
v -11.9 0.1 -3.9
v -11.9 0.2 -3.9
v -5 0.1 -3.9
v -5 0.2 -3.9
v -4.9 0.1 -3.9
v -4.9 0.2 -3.9
v 2.9 0.2 -3.9
v 2.9 0.3 -3.9
v 3 0.2 -3.9
v 3 0.3 -3.9
v 4 0.3 -3.9
v 4 0.4 -3.9
v 4.1 0.3 -3.9
v 4.1 0.4 -3.9
v 5.1 0.4 -3.9
v 5.1 0.5 -3.9
v 5.2 0.4 -3.9
v 5.2 0.5 -3.9
v 5.8 0.5 -3.9
v 5.8 0.6 -3.9
v 6 0.5 -3.9
v 6 0.6 -3.9
v 6.3 0.5 -3.9
v 6.3 0.6 -3.9
v 6.5 0.5 -3.9
v 6.5 0.6 -3.9
v 8.7 0.3 -3.9
v 8.7 0.4 -3.9
v 8.8 0.3 -3.9
v 8.9 0.3 -3.9
v 8.9 0.4 -3.9
v -12.3 0.1 -4
v -12.3 0.2 -4
v -12.1 0.1 -4
v -12.1 0.2 -4
v -4.9 0.1 -4
v -4.9 0.2 -4
v -4.8 0.1 -4
v -4.8 0.2 -4
v 2.6 0.1 -4
v 2.6 0.2 -4
v 2.7 0.1 -4
v 2.7 0.2 -4
v 2.8 0.2 -4
v 2.8 0.3 -4
v 2.9 0.2 -4
v 2.9 0.3 -4
v 5 0.4 -4
v 5 0.5 -4
v 5.1 0.4 -4
v 5.1 0.5 -4
v 6.5 0.5 -4
v 6.5 0.6 -4
v 6.7 0.5 -4
v 6.8 0.5 -4
v 6.8 0.6 -4
v 8.9 0.3 -4
v 8.9 0.4 -4
v 9 0.3 -4
v 9 0.4 -4
v -12.5 0.1 -4.1
v -12.5 0.2 -4.1
v -12.3 0.1 -4.1
v -12.3 0.2 -4.1
v -4.8 0.1 -4.1
v -4.8 0.2 -4.1
v -4.7 0.1 -4.1
v -4.7 0.2 -4.1
v 2.7 0.2 -4.1
v 2.7 0.3 -4.1
v 2.8 0.2 -4.1
v 2.8 0.3 -4.1
v 3.8 0.3 -4.1
v 3.8 0.4 -4.1
v 4 0.3 -4.1
v 4 0.4 -4.1
v 4.8 0.4 -4.1
v 4.8 0.5 -4.1
v 5 0.4 -4.1
v 5 0.5 -4.1
v 5.6 0.5 -4.1
v 5.6 0.6 -4.1
v 5.8 0.5 -4.1
v 5.8 0.6 -4.1
v 8 0.4 -4.1
v 8 0.5 -4.1
v 8.1 0.4 -4.1
v 8.1 0.5 -4.1
v -12.6 0.1 -4.2
v -12.6 0.2 -4.2
v -12.5 0.1 -4.2
v -12.5 0.2 -4.2
v 2.5 0.1 -4.2
v 2.5 0.2 -4.2
v 2.6 0.1 -4.2
v 2.6 0.2 -4.2
v 4.7 0.4 -4.2
v 4.7 0.5 -4.2
v 4.8 0.4 -4.2
v 4.8 0.5 -4.2
v 5.3 0.5 -4.2
v 5.3 0.6 -4.2
v 5.6 0.5 -4.2
v 5.6 0.6 -4.2
v 6.8 0.5 -4.2
v 6.8 0.6 -4.2
v 6.9 0.5 -4.2
v 6.9 0.6 -4.2
v 8.1 0.4 -4.2
v 8.1 0.5 -4.2
v 8.2 0.4 -4.2
v 8.2 0.5 -4.2
v 9 0.3 -4.2
v 9 0.4 -4.2
v 9.1 0.3 -4.2
v 9.1 0.4 -4.2
v -12.7 0.1 -4.3
v -12.7 0.2 -4.3
v -12.6 0.1 -4.3
v -12.6 0.2 -4.3
v -4.7 0.1 -4.3
v -4.7 0.2 -4.3
v -4.6 0.1 -4.3
v -4.6 0.2 -4.3
v 2.6 0.2 -4.3
v 2.6 0.3 -4.3
v 2.7 0.2 -4.3
v 2.7 0.3 -4.3
v 3.7 0.3 -4.3
v 3.7 0.4 -4.3
v 3.8 0.3 -4.3
v 3.8 0.4 -4.3
v 4.6 0.4 -4.3
v 4.6 0.5 -4.3
v 4.7 0.4 -4.3
v 4.7 0.5 -4.3
v 5.2 0.5 -4.3
v 5.2 0.6 -4.3
v 5.3 0.5 -4.3
v 5.3 0.6 -4.3
v 6.9 0.5 -4.3
v 6.9 0.6 -4.3
v 7 0.5 -4.3
v 7 0.6 -4.3
v -12.8 0.1 -4.4
v -12.8 0.2 -4.4
v -12.7 0.1 -4.4
v -12.7 0.2 -4.4
v -8.2 0.2 -4.4
v -8.2 0.3 -4.4
v -6.9 0.2 -4.4
v -6.9 0.3 -4.4
v 2.4 0.1 -4.4
v 2.4 0.2 -4.4
v 2.5 0.1 -4.4
v 2.5 0.2 -4.4
v 2.5 0.3 -4.4
v 2.6 0.2 -4.4
v 2.6 0.3 -4.4
v 3.6 0.3 -4.4
v 3.6 0.4 -4.4
v 3.7 0.3 -4.4
v 3.7 0.4 -4.4
v 4.5 0.4 -4.4
v 4.5 0.5 -4.4
v 4.6 0.4 -4.4
v 4.6 0.5 -4.4
v 5.1 0.5 -4.4
v 5.1 0.6 -4.4
v 5.2 0.5 -4.4
v 5.2 0.6 -4.4
v 8.2 0.4 -4.4
v 8.2 0.5 -4.4
v 8.4 0.4 -4.4
v 8.4 0.5 -4.4
v -8.6 0.2 -4.5
v -8.6 0.3 -4.5
v -8.2 0.2 -4.5
v -8.2 0.3 -4.5
v -6.9 0.2 -4.5
v -6.9 0.3 -4.5
v -6.6 0.2 -4.5
v -6.6 0.3 -4.5
v -4.6 0.1 -4.5
v -4.6 0.2 -4.5
v -4.5 0.1 -4.5
v -4.5 0.2 -4.5
v 2.3 0.1 -4.5
v 2.3 0.2 -4.5
v 2.4 0.1 -4.5
v 2.4 0.2 -4.5
v 3.5 0.3 -4.5
v 3.5 0.4 -4.5
v 3.6 0.3 -4.5
v 3.6 0.4 -4.5
v 4.4 0.4 -4.5
v 4.4 0.5 -4.5
v 4.5 0.4 -4.5
v 4.5 0.5 -4.5
v 5 0.5 -4.5
v 5 0.6 -4.5
v 5.1 0.5 -4.5
v 5.1 0.6 -4.5
v 8.4 0.4 -4.5
v 8.4 0.5 -4.5
v 8.5 0.4 -4.5
v 8.5 0.5 -4.5
v -9 0.2 -4.6
v -9 0.3 -4.6
v -8.6 0.2 -4.6
v -8.6 0.3 -4.6
v -6.6 0.2 -4.6
v -6.6 0.3 -4.6
v -6.4 0.2 -4.6
v -6.4 0.3 -4.6
v 2.4 0.2 -4.6
v 2.4 0.3 -4.6
v 2.5 0.2 -4.6
v 2.5 0.3 -4.6
v 4.2 0.4 -4.6
v 4.2 0.5 -4.6
v 4.4 0.4 -4.6
v 4.4 0.5 -4.6
v 4.8 0.5 -4.6
v 4.8 0.6 -4.6
v 5 0.5 -4.6
v 5 0.6 -4.6
v -9.6 0.2 -4.7
v -9.6 0.3 -4.7
v -9 0.2 -4.7
v -9 0.3 -4.7
v -6.4 0.2 -4.7
v -6.4 0.3 -4.7
v -6.3 0.2 -4.7
v -6.3 0.3 -4.7
v -4.5 0.1 -4.7
v -4.5 0.2 -4.7
v -4.4 0.1 -4.7
v -4.4 0.2 -4.7
v 2.2 0.1 -4.7
v 2.2 0.2 -4.7
v 2.3 0.1 -4.7
v 2.3 0.2 -4.7
v 3.3 0.3 -4.7
v 3.3 0.4 -4.7
v 3.5 0.3 -4.7
v 3.5 0.4 -4.7
v 4.7 0.5 -4.7
v 4.7 0.6 -4.7
v 4.8 0.5 -4.7
v 4.8 0.6 -4.7
v 7 0.5 -4.7
v 7 0.6 -4.7
v 7.1 0.5 -4.7
v 7.1 0.6 -4.7
v -9.9 0.2 -4.8
v -9.9 0.3 -4.8
v -9.6 0.2 -4.8
v -9.6 0.3 -4.8
v -6.3 0.2 -4.8
v -6.3 0.3 -4.8
v -6.2 0.2 -4.8
v -6.2 0.3 -4.8
v 4.1 0.4 -4.8
v 4.1 0.5 -4.8
v 4.2 0.4 -4.8
v 4.2 0.5 -4.8
v 4.6 0.5 -4.8
v 4.6 0.6 -4.8
v 4.7 0.5 -4.8
v 4.7 0.6 -4.8
v 8.5 0.4 -4.8
v 8.5 0.5 -4.8
v 8.6 0.4 -4.8
v 8.6 0.5 -4.8
v -10.1 0.2 -4.9
v -10.1 0.3 -4.9
v -9.9 0.2 -4.9
v -9.9 0.3 -4.9
v -6.2 0.2 -4.9
v -6.2 0.3 -4.9
v -6.1 0.2 -4.9
v -6.1 0.3 -4.9
v 2.1 0.1 -4.9
v 2.1 0.2 -4.9
v 2.2 0.1 -4.9
v 2.2 0.2 -4.9
v 3.2 0.3 -4.9
v 3.2 0.4 -4.9
v 3.3 0.3 -4.9
v 3.3 0.4 -4.9
v 7.1 0.5 -4.9
v 7.1 0.6 -4.9
v 7.2 0.5 -4.9
v 7.2 0.6 -4.9
v -12.2 0.2 -5
v -12.2 0.3 -5
v -11.9 0.2 -5
v -11.9 0.3 -5
v -10.3 0.2 -5
v -10.3 0.3 -5
v -10.1 0.2 -5
v -10.1 0.3 -5
v -4.4 0.1 -5
v -4.4 0.2 -5
v -4.3 0.1 -5
v -4.3 0.2 -5
v 2.3 0.2 -5
v 2.3 0.3 -5
v 2.4 0.2 -5
v 2.4 0.3 -5
v 3.9 0.4 -5
v 3.9 0.5 -5
v 4.1 0.4 -5
v 4.1 0.5 -5
v 4.5 0.5 -5
v 4.5 0.6 -5
v 4.6 0.5 -5
v 4.6 0.6 -5
v -12.3 0.2 -5.1
v -12.3 0.3 -5.1
v -12.2 0.2 -5.1
v -12.2 0.3 -5.1
v -11.9 0.2 -5.1
v -11.9 0.3 -5.1
v -11.8 0.2 -5.1
v -11.8 0.3 -5.1
v -11.3 0.2 -5.1
v -11.3 0.3 -5.1
v -10.5 0.2 -5.1
v -10.5 0.3 -5.1
v -10.3 0.2 -5.1
v -10.3 0.3 -5.1
v -6.1 0.2 -5.1
v -6.1 0.3 -5.1
v -6 0.2 -5.1
v -6 0.3 -5.1
v 2 0.1 -5.1
v 2 0.2 -5.1
v 2.1 0.1 -5.1
v 2.1 0.2 -5.1
v 3.1 0.3 -5.1
v 3.1 0.4 -5.1
v 3.2 0.3 -5.1
v 3.2 0.4 -5.1
v 3.8 0.4 -5.1
v 3.8 0.5 -5.1
v 3.9 0.4 -5.1
v 3.9 0.5 -5.1
v 4.4 0.5 -5.1
v 4.4 0.6 -5.1
v 4.5 0.5 -5.1
v 4.5 0.6 -5.1
v -12.6 0.2 -5.2
v -12.6 0.3 -5.2
v -12.3 0.2 -5.2
v -12.3 0.3 -5.2
v -11.3 0.2 -5.2
v -11.3 0.3 -5.2
v -10.5 0.2 -5.2
v -10.5 0.3 -5.2
v -6 0.2 -5.2
v -6 0.3 -5.2
v -5.9 0.2 -5.2
v -5.9 0.3 -5.2
v 3 0.3 -5.2
v 3 0.4 -5.2
v 3.1 0.3 -5.2
v 3.1 0.4 -5.2
v 3.7 0.4 -5.2
v 3.7 0.5 -5.2
v 3.8 0.4 -5.2
v 3.8 0.5 -5.2
v 4.2 0.5 -5.2
v 4.2 0.6 -5.2
v 4.4 0.5 -5.2
v 4.4 0.6 -5.2
v -12.8 0.2 -5.3
v -12.8 0.3 -5.3
v -12.6 0.2 -5.3
v -12.6 0.3 -5.3
v -4.3 0.1 -5.3
v -4.3 0.2 -5.3
v -4.2 0.1 -5.3
v -4.2 0.2 -5.3
v 3.6 0.4 -5.3
v 3.6 0.5 -5.3
v 3.7 0.4 -5.3
v 3.7 0.5 -5.3
v 4.1 0.5 -5.3
v 4.1 0.6 -5.3
v 4.2 0.5 -5.3
v 4.2 0.6 -5.3
v -12.8 0.3 -5.4
v -12.8 0.4 -5.4
v -12.7 0.3 -5.4
v -12.7 0.4 -5.4
v -5.9 0.2 -5.4
v -5.9 0.3 -5.4
v -5.8 0.2 -5.4
v -5.8 0.3 -5.4
v -4.2 0.1 -5.4
v -4.2 0.2 -5.4
v -4.1 0.1 -5.4
v -4.1 0.2 -5.4
v 1.9 0.1 -5.4
v 1.9 0.2 -5.4
v 2 0.1 -5.4
v 2 0.2 -5.4
v 2.8 0.3 -5.4
v 2.8 0.4 -5.4
v 3 0.3 -5.4
v 3 0.4 -5.4
v 3.5 0.4 -5.4
v 3.5 0.5 -5.4
v 3.6 0.4 -5.4
v 3.6 0.5 -5.4
v 4 0.5 -5.4
v 4 0.6 -5.4
v 4.1 0.5 -5.4
v 4.1 0.6 -5.4
v 2.2 0.2 -5.5
v 2.2 0.3 -5.5
v 2.3 0.2 -5.5
v 2.3 0.3 -5.5
v 3.4 0.4 -5.5
v 3.4 0.5 -5.5
v 3.5 0.4 -5.5
v 3.5 0.5 -5.5
v -5.8 0.2 -5.6
v -5.8 0.3 -5.6
v -5.7 0.2 -5.6
v -5.7 0.3 -5.6
v -4.1 0.1 -5.6
v -4.1 0.2 -5.6
v -4 0.1 -5.6
v -4 0.2 -5.6
v 2.7 0.3 -5.6
v 2.7 0.4 -5.6
v 2.8 0.3 -5.6
v 2.8 0.4 -5.6
v 3.8 0.5 -5.6
v 3.8 0.6 -5.6
v 4 0.5 -5.6
v 4 0.6 -5.6
v 3.3 0.4 -5.7
v 3.3 0.5 -5.7
v 3.4 0.4 -5.7
v 3.4 0.5 -5.7
v 3.7 0.5 -5.7
v 3.7 0.6 -5.7
v 3.8 0.5 -5.7
v 3.8 0.6 -5.7
v -9 0.3 -5.8
v -9 0.4 -5.8
v -8 0.3 -5.8
v -8 0.4 -5.8
v 1.8 0.1 -5.8
v 1.8 0.2 -5.8
v 1.9 0.1 -5.8
v 1.9 0.2 -5.8
v 3.6 0.5 -5.8
v 3.6 0.6 -5.8
v 3.7 0.5 -5.8
v 3.7 0.6 -5.8
v -9.6 0.3 -5.9
v -9.6 0.4 -5.9
v -9 0.3 -5.9
v -9 0.4 -5.9
v 2.6 0.3 -5.9
v 2.6 0.4 -5.9
v 2.7 0.3 -5.9
v 2.7 0.4 -5.9
v 3.1 0.4 -5.9
v 3.1 0.5 -5.9
v 3.3 0.4 -5.9
v 3.3 0.5 -5.9
v 3.4 0.5 -5.9
v 3.4 0.6 -5.9
v 3.6 0.5 -5.9
v 3.6 0.6 -5.9
v -10 0.3 -6
v -10 0.4 -6
v -9.6 0.3 -6
v -9.6 0.4 -6
v -8 0.3 -6
v -8 0.4 -6
v -7.9 0.3 -6
v -7.9 0.4 -6
v 3 0.4 -6
v 3 0.5 -6
v 3.1 0.4 -6
v 3.1 0.5 -6
v -10.8 0.3 -6.1
v -10.8 0.4 -6.1
v -10 0.3 -6.1
v -10 0.4 -6.1
v -5.7 0.2 -6.1
v -5.7 0.3 -6.1
v -5.6 0.2 -6.1
v -5.6 0.3 -6.1
v -4 0.1 -6.1
v -4 0.2 -6.1
v -3.9 0.1 -6.1
v -3.9 0.2 -6.1
v 2.5 0.3 -6.1
v 2.5 0.4 -6.1
v 2.6 0.3 -6.1
v 2.6 0.4 -6.1
v -11 0.3 -6.2
v -11 0.4 -6.2
v -10.8 0.3 -6.2
v -10.8 0.4 -6.2
v -11.2 0.3 -6.3
v -11.2 0.4 -6.3
v -11 0.3 -6.3
v -11 0.4 -6.3
v -7.9 0.3 -6.3
v -7.9 0.4 -6.3
v -7.8 0.3 -6.3
v -7.8 0.4 -6.3
v 2.9 0.4 -6.3
v 2.9 0.5 -6.3
v 3 0.4 -6.3
v 3 0.5 -6.3
v 3.3 0.5 -6.3
v 3.3 0.6 -6.3
v 3.4 0.5 -6.3
v 3.4 0.6 -6.3
v -11.4 0.3 -6.4
v -11.4 0.4 -6.4
v -11.2 0.3 -6.4
v -11.2 0.4 -6.4
v -11.5 0.3 -6.5
v -11.5 0.4 -6.5
v -11.4 0.3 -6.5
v -11.4 0.4 -6.5
v -11.6 0.3 -6.6
v -11.6 0.4 -6.6
v -11.5 0.3 -6.6
v -11.5 0.4 -6.6
v -11.7 0.3 -6.7
v -11.7 0.4 -6.7
v -11.6 0.3 -6.7
v -11.6 0.4 -6.7
v -11.8 0.3 -6.8
v -11.8 0.4 -6.8
v -11.7 0.3 -6.8
v -11.7 0.4 -6.8
v -3.9 0.1 -6.8
v -3.9 0.2 -6.8
v -3.8 0.1 -6.8
v -3.8 0.2 -6.8
v -11.9 0.3 -6.9
v -11.9 0.4 -6.9
v -11.8 0.3 -6.9
v -11.8 0.4 -6.9
v -10.4 0.4 -6.9
v -10.4 0.5 -6.9
v -9.4 0.4 -6.9
v -9.4 0.5 -6.9
v -12 0.3 -7
v -12 0.4 -7
v -11.9 0.3 -7
v -11.9 0.4 -7
v -10.6 0.4 -7
v -10.6 0.5 -7
v -10.4 0.4 -7
v -10.4 0.5 -7
v -9.4 0.4 -7
v -9.4 0.5 -7
v -9.3 0.4 -7
v -9.3 0.5 -7
v -12.1 0.3 -7.1
v -12.1 0.4 -7.1
v -12 0.3 -7.1
v -12 0.4 -7.1
v -10.8 0.4 -7.1
v -10.8 0.5 -7.1
v -10.6 0.4 -7.1
v -10.6 0.5 -7.1
v -9.3 0.4 -7.1
v -9.3 0.5 -7.1
v -9.2 0.4 -7.1
v -9.2 0.5 -7.1
v -10.9 0.4 -7.2
v -10.9 0.5 -7.2
v -10.8 0.4 -7.2
v -10.8 0.5 -7.2
v -12.2 0.3 -7.3
v -12.2 0.4 -7.3
v -12.1 0.3 -7.3
v -12.1 0.4 -7.3
v -11 0.4 -7.3
v -11 0.5 -7.3
v -10.9 0.4 -7.3
v -10.9 0.5 -7.3
v -12.3 0.3 -7.4
v -12.3 0.4 -7.4
v -12.2 0.3 -7.4
v -12.2 0.4 -7.4
v -11.1 0.4 -7.4
v -11.1 0.5 -7.4
v -11 0.4 -7.4
v -11 0.5 -7.4
v -9.2 0.4 -7.4
v -9.2 0.5 -7.4
v -9.1 0.4 -7.4
v -9.1 0.5 -7.4
v -12.4 0.3 -7.5
v -12.4 0.4 -7.5
v -12.3 0.3 -7.5
v -12.3 0.4 -7.5
v -11.2 0.4 -7.5
v -11.2 0.5 -7.5
v -11.1 0.4 -7.5
v -11.1 0.5 -7.5
v -11.4 0.4 -7.6
v -11.4 0.5 -7.6
v -11.2 0.4 -7.6
v -11.2 0.5 -7.6
v -12.5 0.3 -7.7
v -12.5 0.4 -7.7
v -12.4 0.3 -7.7
v -12.4 0.4 -7.7
v -11.5 0.4 -7.8
v -11.5 0.5 -7.8
v -11.4 0.4 -7.8
v -11.4 0.5 -7.8
v -12.6 0.3 -7.9
v -12.6 0.4 -7.9
v -12.5 0.3 -7.9
v -12.5 0.4 -7.9
v -11.6 0.4 -7.9
v -11.6 0.5 -7.9
v -11.5 0.4 -7.9
v -11.5 0.5 -7.9
v -11.7 0.4 -8
v -11.7 0.5 -8
v -11.6 0.4 -8
v -11.6 0.5 -8
v -12.7 0.3 -8.1
v -12.7 0.4 -8.1
v -12.6 0.3 -8.1
v -12.6 0.4 -8.1
v -12.8 0.3 -8.3
v -12.8 0.4 -8.3
v -12.7 0.3 -8.3
v -12.7 0.4 -8.3
v -11.7 0.4 -8.8
v -11.7 0.5 -8.8
v -11.6 0.4 -8.8
v -11.6 0.5 -8.8
v 12.1 0.1 -3.4
v 12.1 0.2 -3.4
v 12.2 0.1 -3.4
v 12.2 0.2 -3.4
v 12 0.1 -3.6
v 12 0.2 -3.6
v 12.1 0.1 -3.6
v 12.1 0.2 -3.6
v 11.9 0.1 -4
v 11.9 0.2 -4
v 12 0.1 -4
v 12 0.2 -4
v 11.2 0.2 -4.1
v 11.2 0.3 -4.1
v 11.3 0.2 -4.1
v 11.3 0.3 -4.1
v 11.1 0.2 -4.4
v 11.1 0.3 -4.4
v 11.2 0.2 -4.4
v 11.2 0.3 -4.4
v 11.8 0.1 -4.4
v 11.8 0.2 -4.4
v 11.9 0.1 -4.4
v 11.9 0.2 -4.4
v 11 0.2 -4.5
v 11 0.3 -4.5
v 11.1 0.2 -4.5
v 11.1 0.3 -4.5
v 11.7 0.1 -4.6
v 11.7 0.2 -4.6
v 11.8 0.1 -4.6
v 11.8 0.2 -4.6
v 10.9 0.2 -4.7
v 10.9 0.3 -4.7
v 11 0.2 -4.7
v 11 0.3 -4.7
v 9 0.3 -4.8
v 9 0.4 -4.8
v 9.1 0.3 -4.8
v 9.1 0.4 -4.8
v 10.8 0.2 -4.8
v 10.8 0.3 -4.8
v 10.9 0.2 -4.8
v 10.9 0.3 -4.8
v 10.7 0.2 -4.9
v 10.7 0.3 -4.9
v 10.8 0.2 -4.9
v 10.8 0.3 -4.9
v 10.6 0.2 -5
v 10.6 0.3 -5
v 10.7 0.2 -5
v 10.7 0.3 -5
v 10.5 0.2 -5.1
v 10.5 0.3 -5.1
v 10.6 0.2 -5.1
v 10.6 0.3 -5.1
v 8.9 0.3 -5.2
v 8.9 0.4 -5.2
v 9 0.3 -5.2
v 9 0.4 -5.2
v 10.4 0.2 -5.2
v 10.4 0.3 -5.2
v 10.5 0.2 -5.2
v 10.5 0.3 -5.2
v 7.1 0.5 -5.3
v 7.1 0.6 -5.3
v 7.2 0.5 -5.3
v 7.2 0.6 -5.3
v 10.3 0.2 -5.3
v 10.3 0.3 -5.3
v 10.4 0.2 -5.3
v 10.4 0.3 -5.3
v 11.6 0.1 -5.3
v 11.6 0.2 -5.3
v 11.7 0.1 -5.3
v 11.7 0.2 -5.3
v 8.5 0.4 -5.4
v 8.5 0.5 -5.4
v 8.6 0.4 -5.4
v 8.6 0.5 -5.4
v 8.8 0.3 -5.4
v 8.8 0.4 -5.4
v 8.9 0.3 -5.4
v 8.9 0.4 -5.4
v 10.2 0.2 -5.4
v 10.2 0.3 -5.4
v 10.3 0.2 -5.4
v 10.3 0.3 -5.4
v -12.8 0.3 -5.5
v -12.8 0.4 -5.5
v -12.7 0.3 -5.5
v -12.7 0.4 -5.5
v 8.4 0.4 -5.6
v 8.4 0.5 -5.6
v 8.5 0.4 -5.6
v 8.5 0.5 -5.6
v 10.1 0.2 -5.6
v 10.1 0.3 -5.6
v 10.2 0.2 -5.6
v 10.2 0.3 -5.6
v 8.7 0.3 -5.7
v 8.7 0.4 -5.7
v 8.8 0.3 -5.7
v 8.8 0.4 -5.7
v 10 0.2 -5.7
v 10 0.3 -5.7
v 10.1 0.2 -5.7
v 10.1 0.3 -5.7
v 8.3 0.4 -5.8
v 8.3 0.5 -5.8
v 8.4 0.4 -5.8
v 8.4 0.5 -5.8
v 8.6 0.3 -5.8
v 8.6 0.4 -5.8
v 8.7 0.3 -5.8
v 8.7 0.4 -5.8
v 7 0.5 -5.9
v 7 0.6 -5.9
v 7.1 0.5 -5.9
v 7.1 0.6 -5.9
v 8.2 0.4 -5.9
v 8.2 0.5 -5.9
v 8.3 0.4 -5.9
v 8.3 0.5 -5.9
v 9.9 0.2 -5.9
v 9.9 0.3 -5.9
v 10 0.2 -5.9
v 10 0.3 -5.9
v 8 0.4 -6
v 8 0.5 -6
v 8.2 0.4 -6
v 8.2 0.5 -6
v 8.5 0.3 -6
v 8.5 0.4 -6
v 8.6 0.3 -6
v 8.6 0.4 -6
v 9.8 0.2 -6
v 9.8 0.3 -6
v 9.9 0.2 -6
v 9.9 0.3 -6
v 11.5 0.1 -6
v 11.5 0.2 -6
v 11.6 0.1 -6
v 11.6 0.2 -6
v 7.9 0.4 -6.1
v 7.9 0.5 -6.1
v 8 0.4 -6.1
v 8 0.5 -6.1
v 7.7 0.4 -6.2
v 7.7 0.5 -6.2
v 7.9 0.4 -6.2
v 7.9 0.5 -6.2
v 9.7 0.2 -6.2
v 9.7 0.3 -6.2
v 9.8 0.2 -6.2
v 9.8 0.3 -6.2
v 11.4 0.1 -6.2
v 11.4 0.2 -6.2
v 11.5 0.1 -6.2
v 11.5 0.2 -6.2
v 6.9 0.5 -6.3
v 6.9 0.6 -6.3
v 7 0.5 -6.3
v 7 0.6 -6.3
v 7.6 0.4 -6.3
v 7.6 0.5 -6.3
v 7.7 0.4 -6.3
v 7.7 0.5 -6.3
v 8.4 0.3 -6.3
v 8.4 0.4 -6.3
v 8.5 0.3 -6.3
v 8.5 0.4 -6.3
v 9.6 0.2 -6.3
v 9.6 0.3 -6.3
v 9.7 0.2 -6.3
v 9.7 0.3 -6.3
v 6.8 0.5 -6.4
v 6.8 0.6 -6.4
v 6.9 0.5 -6.4
v 6.9 0.6 -6.4
v 7.5 0.4 -6.4
v 7.5 0.5 -6.4
v 7.6 0.4 -6.4
v 7.6 0.5 -6.4
v 8.3 0.3 -6.4
v 8.3 0.4 -6.4
v 8.4 0.3 -6.4
v 8.4 0.4 -6.4
v 9.5 0.2 -6.4
v 9.5 0.3 -6.4
v 9.6 0.2 -6.4
v 9.6 0.3 -6.4
v 11.3 0.1 -6.4
v 11.3 0.2 -6.4
v 11.4 0.1 -6.4
v 11.4 0.2 -6.4
v 6.6 0.5 -6.5
v 6.6 0.6 -6.5
v 6.8 0.5 -6.5
v 6.8 0.6 -6.5
v 7.4 0.4 -6.5
v 7.4 0.5 -6.5
v 7.5 0.4 -6.5
v 7.5 0.5 -6.5
v 9.4 0.2 -6.5
v 9.4 0.3 -6.5
v 9.5 0.2 -6.5
v 9.5 0.3 -6.5
v 11.2 0.1 -6.5
v 11.2 0.2 -6.5
v 11.3 0.1 -6.5
v 11.3 0.2 -6.5
v 6.3 0.5 -6.6
v 6.3 0.6 -6.6
v 6.6 0.5 -6.6
v 6.6 0.6 -6.6
v 7.3 0.4 -6.6
v 7.3 0.5 -6.6
v 7.4 0.4 -6.6
v 7.4 0.5 -6.6
v 8.2 0.3 -6.6
v 8.2 0.4 -6.6
v 8.3 0.3 -6.6
v 8.3 0.4 -6.6
v 9.3 0.2 -6.6
v 9.3 0.3 -6.6
v 9.4 0.2 -6.6
v 9.4 0.3 -6.6
v 6.2 0.5 -6.7
v 6.2 0.6 -6.7
v 6.3 0.5 -6.7
v 6.3 0.6 -6.7
v 7.2 0.4 -6.7
v 7.2 0.5 -6.7
v 7.3 0.4 -6.7
v 7.3 0.5 -6.7
v 9.2 0.2 -6.7
v 9.2 0.3 -6.7
v 9.3 0.2 -6.7
v 9.3 0.3 -6.7
v 11.1 0.1 -6.7
v 11.1 0.2 -6.7
v 11.2 0.1 -6.7
v 11.2 0.2 -6.7
v 3.3 0.5 -6.8
v 3.3 0.6 -6.8
v 3.4 0.5 -6.8
v 3.4 0.6 -6.8
v 6.1 0.5 -6.8
v 6.1 0.6 -6.8
v 6.2 0.5 -6.8
v 6.2 0.6 -6.8
v 7.1 0.4 -6.8
v 7.1 0.5 -6.8
v 7.2 0.4 -6.8
v 7.2 0.5 -6.8
v 8.1 0.3 -6.8
v 8.1 0.4 -6.8
v 8.2 0.3 -6.8
v 8.2 0.4 -6.8
v 9.1 0.2 -6.8
v 9.1 0.3 -6.8
v 9.2 0.2 -6.8
v 9.2 0.3 -6.8
v 11 0.1 -6.8
v 11 0.2 -6.8
v 11.1 0.1 -6.8
v 11.1 0.2 -6.8
v 1.8 0.1 -6.9
v 1.8 0.2 -6.9
v 1.9 0.1 -6.9
v 1.9 0.2 -6.9
v 6 0.5 -6.9
v 6 0.6 -6.9
v 6.1 0.5 -6.9
v 6.1 0.6 -6.9
v 7 0.4 -6.9
v 7 0.5 -6.9
v 7.1 0.4 -6.9
v 7.1 0.5 -6.9
v 7.9 0.3 -6.9
v 7.9 0.4 -6.9
v 8.1 0.3 -6.9
v 8.1 0.4 -6.9
v 9 0.2 -6.9
v 9 0.3 -6.9
v 9.1 0.2 -6.9
v 9.1 0.3 -6.9
v 10.9 0.1 -6.9
v 10.9 0.2 -6.9
v 11 0.1 -6.9
v 11 0.2 -6.9
v 2.5 0.3 -7
v 2.5 0.4 -7
v 2.6 0.3 -7
v 2.6 0.4 -7
v 2.9 0.4 -7
v 2.9 0.5 -7
v 3 0.4 -7
v 3 0.5 -7
v 5.9 0.5 -7
v 5.9 0.6 -7
v 6 0.5 -7
v 6 0.6 -7
v 6.8 0.4 -7
v 6.8 0.5 -7
v 7 0.4 -7
v 7 0.5 -7
v 7.8 0.3 -7
v 7.8 0.4 -7
v 7.9 0.3 -7
v 7.9 0.4 -7
v 8.9 0.2 -7
v 8.9 0.3 -7
v 9 0.2 -7
v 9 0.3 -7
v 10.7 0.1 -7
v 10.7 0.2 -7
v 10.8 0.1 -7
v 10.8 0.2 -7
v 10.9 0.1 -7
v 10.9 0.2 -7
v 5.5 0.5 -7.1
v 5.5 0.6 -7.1
v 5.9 0.5 -7.1
v 5.9 0.6 -7.1
v 6.7 0.4 -7.1
v 6.7 0.5 -7.1
v 6.8 0.4 -7.1
v 6.8 0.5 -7.1
v 7.7 0.3 -7.1
v 7.7 0.4 -7.1
v 7.8 0.3 -7.1
v 7.8 0.4 -7.1
v 8.8 0.2 -7.1
v 8.8 0.3 -7.1
v 8.9 0.2 -7.1
v 8.9 0.3 -7.1
v 10.6 0.1 -7.1
v 10.6 0.2 -7.1
v 10.7 0.1 -7.1
v 10.7 0.2 -7.1
v 1.9 0.1 -7.2
v 1.9 0.2 -7.2
v 2 0.1 -7.2
v 2 0.2 -7.2
v 2.6 0.3 -7.2
v 2.6 0.4 -7.2
v 2.7 0.3 -7.2
v 2.7 0.4 -7.2
v 3 0.4 -7.2
v 3 0.5 -7.2
v 3.1 0.4 -7.2
v 3.1 0.5 -7.2
v 3.4 0.5 -7.2
v 3.4 0.6 -7.2
v 3.5 0.5 -7.2
v 3.5 0.6 -7.2
v 3.6 0.5 -7.2
v 3.6 0.6 -7.2
v 5.2 0.5 -7.2
v 5.2 0.6 -7.2
v 5.4 0.5 -7.2
v 5.5 0.5 -7.2
v 5.5 0.6 -7.2
v 6.4 0.4 -7.2
v 6.4 0.5 -7.2
v 6.7 0.4 -7.2
v 6.7 0.5 -7.2
v 7.6 0.3 -7.2
v 7.6 0.4 -7.2
v 7.7 0.3 -7.2
v 7.7 0.4 -7.2
v 8.7 0.2 -7.2
v 8.7 0.3 -7.2
v 8.8 0.2 -7.2
v 8.8 0.3 -7.2
v 2.2 0.2 -7.3
v 2.2 0.3 -7.3
v 2.3 0.2 -7.3
v 2.3 0.3 -7.3
v 3.6 0.5 -7.3
v 3.6 0.6 -7.3
v 3.7 0.5 -7.3
v 3.7 0.6 -7.3
v 4.9 0.5 -7.3
v 4.9 0.6 -7.3
v 5 0.5 -7.3
v 5.1 0.5 -7.3
v 5.2 0.5 -7.3
v 5.2 0.6 -7.3
v 6.2 0.4 -7.3
v 6.2 0.5 -7.3
v 6.4 0.4 -7.3
v 6.4 0.5 -7.3
v 7.5 0.3 -7.3
v 7.5 0.4 -7.3
v 7.6 0.3 -7.3
v 7.6 0.4 -7.3
v 8.6 0.2 -7.3
v 8.6 0.3 -7.3
v 8.7 0.2 -7.3
v 8.7 0.3 -7.3
v 10.5 0.1 -7.3
v 10.5 0.2 -7.3
v 10.6 0.1 -7.3
v 10.6 0.2 -7.3
v -7.9 0.3 -7.4
v -7.9 0.4 -7.4
v -7.8 0.3 -7.4
v -7.8 0.4 -7.4
v -5.7 0.2 -7.4
v -5.7 0.3 -7.4
v -5.6 0.2 -7.4
v -5.6 0.3 -7.4
v -3.9 0.1 -7.4
v -3.9 0.2 -7.4
v -3.8 0.1 -7.4
v -3.8 0.2 -7.4
v 2.7 0.3 -7.4
v 2.7 0.4 -7.4
v 2.8 0.3 -7.4
v 2.8 0.4 -7.4
v 3.7 0.5 -7.4
v 3.7 0.6 -7.4
v 3.9 0.5 -7.4
v 3.9 0.6 -7.4
v 4 0.5 -7.4
v 4 0.6 -7.4
v 4.2 0.5 -7.4
v 4.2 0.6 -7.4
v 4.3 0.5 -7.4
v 4.3 0.6 -7.4
v 4.9 0.5 -7.4
v 4.9 0.6 -7.4
v 5.8 0.4 -7.4
v 5.8 0.5 -7.4
v 6.2 0.4 -7.4
v 6.2 0.5 -7.4
v 7.3 0.3 -7.4
v 7.3 0.4 -7.4
v 7.5 0.3 -7.4
v 7.5 0.4 -7.4
v 8.5 0.2 -7.4
v 8.5 0.3 -7.4
v 8.6 0.2 -7.4
v 8.6 0.3 -7.4
v 2.3 0.2 -7.5
v 2.3 0.3 -7.5
v 2.4 0.2 -7.5
v 2.4 0.3 -7.5
v 3.1 0.4 -7.5
v 3.1 0.5 -7.5
v 3.2 0.4 -7.5
v 3.2 0.5 -7.5
v 3.3 0.4 -7.5
v 3.3 0.5 -7.5
v 5.4 0.4 -7.5
v 5.4 0.5 -7.5
v 5.8 0.4 -7.5
v 5.8 0.5 -7.5
v 7.2 0.3 -7.5
v 7.2 0.4 -7.5
v 7.3 0.3 -7.5
v 7.3 0.4 -7.5
v 8.4 0.2 -7.5
v 8.4 0.3 -7.5
v 8.5 0.2 -7.5
v 8.5 0.3 -7.5
v 10.4 0.1 -7.5
v 10.4 0.2 -7.5
v 10.5 0.1 -7.5
v 10.5 0.2 -7.5
v -5.8 0.2 -7.6
v -5.8 0.3 -7.6
v -5.7 0.2 -7.6
v -5.7 0.3 -7.6
v 2 0.1 -7.6
v 2 0.2 -7.6
v 2.1 0.1 -7.6
v 2.1 0.2 -7.6
v 3.3 0.4 -7.6
v 3.3 0.5 -7.6
v 3.6 0.4 -7.6
v 3.6 0.5 -7.6
v 4.8 0.4 -7.6
v 4.8 0.5 -7.6
v 5.4 0.4 -7.6
v 5.4 0.5 -7.6
v 7 0.3 -7.6
v 7 0.4 -7.6
v 7.2 0.3 -7.6
v 7.2 0.4 -7.6
v 8.3 0.2 -7.6
v 8.3 0.3 -7.6
v 8.4 0.2 -7.6
v 8.4 0.3 -7.6
v 10.3 0.1 -7.6
v 10.3 0.2 -7.6
v 10.4 0.1 -7.6
v 10.4 0.2 -7.6
v -8 0.3 -7.7
v -8 0.4 -7.7
v -7.9 0.3 -7.7
v -7.9 0.4 -7.7
v 2.1 0.1 -7.7
v 2.1 0.2 -7.7
v 2.2 0.1 -7.7
v 2.2 0.2 -7.7
v 2.4 0.2 -7.7
v 2.4 0.3 -7.7
v 2.5 0.2 -7.7
v 2.5 0.3 -7.7
v 2.8 0.3 -7.7
v 2.8 0.4 -7.7
v 2.9 0.3 -7.7
v 3 0.3 -7.7
v 3 0.4 -7.7
v 3.1 0.3 -7.7
v 3.1 0.4 -7.7
v 3.6 0.4 -7.7
v 3.6 0.5 -7.7
v 3.9 0.4 -7.7
v 3.9 0.5 -7.7
v 4.3 0.4 -7.7
v 4.3 0.5 -7.7
v 4.4 0.4 -7.7
v 4.5 0.4 -7.7
v 4.8 0.4 -7.7
v 4.8 0.5 -7.7
v 6.8 0.3 -7.7
v 6.8 0.4 -7.7
v 7 0.3 -7.7
v 7 0.4 -7.7
v 8.1 0.2 -7.7
v 8.1 0.3 -7.7
v 8.3 0.2 -7.7
v 8.3 0.3 -7.7
v 10.2 0.1 -7.7
v 10.2 0.2 -7.7
v 10.3 0.1 -7.7
v 10.3 0.2 -7.7
v -5.9 0.2 -7.8
v -5.9 0.3 -7.8
v -5.8 0.2 -7.8
v -5.8 0.3 -7.8
v -4 0.1 -7.8
v -4 0.2 -7.8
v -3.9 0.1 -7.8
v -3.9 0.2 -7.8
v 2.5 0.2 -7.8
v 2.5 0.3 -7.8
v 2.6 0.2 -7.8
v 2.6 0.3 -7.8
v 3.1 0.3 -7.8
v 3.1 0.4 -7.8
v 3.3 0.3 -7.8
v 3.3 0.4 -7.8
v 3.9 0.4 -7.8
v 3.9 0.5 -7.8
v 4 0.4 -7.8
v 4.1 0.4 -7.8
v 4.3 0.4 -7.8
v 4.3 0.5 -7.8
v 6.6 0.3 -7.8
v 6.6 0.4 -7.8
v 6.8 0.3 -7.8
v 6.8 0.4 -7.8
v 7.9 0.2 -7.8
v 7.9 0.3 -7.8
v 8.1 0.2 -7.8
v 8.1 0.3 -7.8
v 10.1 0.1 -7.8
v 10.1 0.2 -7.8
v 10.2 0.1 -7.8
v 10.2 0.2 -7.8
v -6 0.2 -7.9
v -6 0.3 -7.9
v -5.9 0.2 -7.9
v -5.9 0.3 -7.9
v 2.2 0.1 -7.9
v 2.2 0.2 -7.9
v 2.3 0.1 -7.9
v 2.3 0.2 -7.9
v 2.6 0.2 -7.9
v 2.6 0.3 -7.9
v 2.7 0.2 -7.9
v 2.7 0.3 -7.9
v 3.3 0.3 -7.9
v 3.3 0.4 -7.9
v 3.5 0.3 -7.9
v 3.5 0.4 -7.9
v 6.4 0.3 -7.9
v 6.4 0.4 -7.9
v 6.6 0.3 -7.9
v 6.6 0.4 -7.9
v 7.7 0.2 -7.9
v 7.7 0.3 -7.9
v 7.9 0.2 -7.9
v 7.9 0.3 -7.9
v 10 0.1 -7.9
v 10 0.2 -7.9
v 10.1 0.1 -7.9
v 10.1 0.2 -7.9
v -8.1 0.3 -8
v -8.1 0.4 -8
v -8 0.3 -8
v -8 0.4 -8
v -6.1 0.2 -8
v -6.1 0.3 -8
v -6 0.2 -8
v -6 0.3 -8
v 3.5 0.3 -8
v 3.5 0.4 -8
v 3.7 0.3 -8
v 3.7 0.4 -8
v 6.1 0.3 -8
v 6.1 0.4 -8
v 6.4 0.3 -8
v 6.4 0.4 -8
v 7.5 0.2 -8
v 7.5 0.3 -8
v 7.7 0.2 -8
v 7.7 0.3 -8
v 9.8 0.1 -8
v 9.8 0.2 -8
v 10 0.1 -8
v 10 0.2 -8
v -8.2 0.3 -8.1
v -8.2 0.4 -8.1
v -8.1 0.3 -8.1
v -8.1 0.4 -8.1
v -6.2 0.2 -8.1
v -6.2 0.3 -8.1
v -6.1 0.2 -8.1
v -6.1 0.3 -8.1
v -4.1 0.1 -8.1
v -4.1 0.2 -8.1
v -4 0.1 -8.1
v -4 0.2 -8.1
v 2.3 0.1 -8.1
v 2.3 0.2 -8.1
v 2.4 0.1 -8.1
v 2.4 0.2 -8.1
v 2.7 0.2 -8.1
v 2.7 0.3 -8.1
v 2.8 0.2 -8.1
v 2.8 0.3 -8.1
v 2.9 0.2 -8.1
v 2.9 0.3 -8.1
v 3.7 0.3 -8.1
v 3.7 0.4 -8.1
v 3.8 0.3 -8.1
v 3.8 0.4 -8.1
v 5.8 0.3 -8.1
v 5.8 0.4 -8.1
v 6.1 0.3 -8.1
v 6.1 0.4 -8.1
v 7.3 0.2 -8.1
v 7.3 0.3 -8.1
v 7.5 0.2 -8.1
v 7.5 0.3 -8.1
v 9.6 0.1 -8.1
v 9.6 0.2 -8.1
v 9.8 0.1 -8.1
v 9.8 0.2 -8.1
v -8.3 0.3 -8.2
v -8.3 0.4 -8.2
v -8.2 0.3 -8.2
v -8.2 0.4 -8.2
v -6.3 0.2 -8.2
v -6.3 0.3 -8.2
v -6.2 0.2 -8.2
v -6.2 0.3 -8.2
v 2.4 0.1 -8.2
v 2.4 0.2 -8.2
v 2.6 0.1 -8.2
v 2.6 0.2 -8.2
v 2.9 0.2 -8.2
v 2.9 0.3 -8.2
v 3 0.2 -8.2
v 3 0.3 -8.2
v 3.8 0.3 -8.2
v 3.8 0.4 -8.2
v 4.5 0.3 -8.2
v 4.5 0.4 -8.2
v 4.7 0.3 -8.2
v 4.7 0.4 -8.2
v 5.5 0.3 -8.2
v 5.5 0.4 -8.2
v 5.8 0.3 -8.2
v 5.8 0.4 -8.2
v 7.2 0.2 -8.2
v 7.2 0.3 -8.2
v 7.3 0.2 -8.2
v 7.3 0.3 -8.2
v 9.4 0.1 -8.2
v 9.4 0.2 -8.2
v 9.5 0.1 -8.2
v 9.5 0.2 -8.2
v 9.6 0.1 -8.2
v 9.6 0.2 -8.2
v -9.2 0.4 -8.3
v -9.2 0.5 -8.3
v -9.1 0.4 -8.3
v -9.1 0.5 -8.3
v -6.5 0.2 -8.3
v -6.5 0.3 -8.3
v -6.3 0.2 -8.3
v -6.3 0.3 -8.3
v -4.2 0.1 -8.3
v -4.2 0.2 -8.3
v -4.1 0.1 -8.3
v -4.1 0.2 -8.3
v 2.6 0.1 -8.3
v 2.6 0.2 -8.3
v 2.7 0.1 -8.3
v 2.7 0.2 -8.3
v 3 0.2 -8.3
v 3 0.3 -8.3
v 3.1 0.2 -8.3
v 3.1 0.3 -8.3
v 3.2 0.2 -8.3
v 3.3 0.2 -8.3
v 3.3 0.3 -8.3
v 4.7 0.3 -8.3
v 4.7 0.4 -8.3
v 4.9 0.3 -8.3
v 5.1 0.3 -8.3
v 5.4 0.3 -8.3
v 5.5 0.3 -8.3
v 5.5 0.4 -8.3
v 7 0.2 -8.3
v 7 0.3 -8.3
v 7.2 0.2 -8.3
v 7.2 0.3 -8.3
v 9.3 0.1 -8.3
v 9.3 0.2 -8.3
v 9.4 0.1 -8.3
v 9.4 0.2 -8.3
v -8.4 0.3 -8.4
v -8.4 0.4 -8.4
v -8.3 0.3 -8.4
v -8.3 0.4 -8.4
v -6.6 0.2 -8.4
v -6.6 0.3 -8.4
v -6.5 0.2 -8.4
v -6.5 0.3 -8.4
v 2.7 0.1 -8.4
v 2.7 0.2 -8.4
v 2.8 0.1 -8.4
v 2.8 0.2 -8.4
v 2.9 0.1 -8.4
v 2.9 0.2 -8.4
v 3.3 0.2 -8.4
v 3.3 0.3 -8.4
v 3.4 0.2 -8.4
v 3.4 0.3 -8.4
v 6.9 0.2 -8.4
v 6.9 0.3 -8.4
v 7 0.2 -8.4
v 7 0.3 -8.4
v 9.1 0.1 -8.4
v 9.1 0.2 -8.4
v 9.3 0.1 -8.4
v 9.3 0.2 -8.4
v -8.5 0.3 -8.5
v -8.5 0.4 -8.5
v -8.4 0.3 -8.5
v -8.4 0.4 -8.5
v -4.3 0.1 -8.5
v -4.3 0.2 -8.5
v -4.2 0.1 -8.5
v -4.2 0.2 -8.5
v 2.9 0.1 -8.5
v 2.9 0.2 -8.5
v 3 0.1 -8.5
v 3.1 0.1 -8.5
v 3.1 0.2 -8.5
v 3.4 0.2 -8.5
v 3.4 0.3 -8.5
v 3.8 0.2 -8.5
v 3.8 0.3 -8.5
v 6.8 0.2 -8.5
v 6.8 0.3 -8.5
v 6.9 0.2 -8.5
v 6.9 0.3 -8.5
v 8.9 0.1 -8.5
v 8.9 0.2 -8.5
v 9.1 0.1 -8.5
v 9.1 0.2 -8.5
v -9.3 0.4 -8.6
v -9.3 0.5 -8.6
v -9.2 0.4 -8.6
v -9.2 0.5 -8.6
v -8.7 0.3 -8.6
v -8.7 0.4 -8.6
v -8.5 0.3 -8.6
v -8.5 0.4 -8.6
v -6.7 0.2 -8.6
v -6.7 0.3 -8.6
v -6.6 0.2 -8.6
v -6.6 0.3 -8.6
v 3.1 0.1 -8.6
v 3.1 0.2 -8.6
v 3.2 0.1 -8.6
v 3.2 0.2 -8.6
v 3.8 0.2 -8.6
v 3.8 0.3 -8.6
v 3.9 0.2 -8.6
v 3.9 0.3 -8.6
v 4 0.2 -8.6
v 4 0.3 -8.6
v 6.5 0.2 -8.6
v 6.5 0.3 -8.6
v 6.6 0.2 -8.6
v 6.8 0.2 -8.6
v 6.8 0.3 -8.6
v 8.7 0.1 -8.6
v 8.7 0.2 -8.6
v 8.9 0.1 -8.6
v 8.9 0.2 -8.6
v -11.7 0.4 -8.7
v -11.7 0.5 -8.7
v -11.6 0.4 -8.7
v -11.6 0.5 -8.7
v -9.4 0.4 -8.7
v -9.4 0.5 -8.7
v -9.3 0.4 -8.7
v -9.3 0.5 -8.7
v -8.8 0.3 -8.7
v -8.8 0.4 -8.7
v -8.7 0.3 -8.7
v -8.7 0.4 -8.7
v -6.8 0.2 -8.7
v -6.8 0.3 -8.7
v -6.7 0.2 -8.7
v -6.7 0.3 -8.7
v 3.2 0.1 -8.7
v 3.2 0.2 -8.7
v 3.3 0.1 -8.7
v 3.3 0.2 -8.7
v 4 0.2 -8.7
v 4 0.3 -8.7
v 4.5 0.2 -8.7
v 4.5 0.3 -8.7
v 6.3 0.2 -8.7
v 6.3 0.3 -8.7
v 6.5 0.2 -8.7
v 6.5 0.3 -8.7
v 8.4 0.1 -8.7
v 8.4 0.2 -8.7
v 8.7 0.1 -8.7
v 8.7 0.2 -8.7
v -9.5 0.4 -8.8
v -9.5 0.5 -8.8
v -9.4 0.4 -8.8
v -9.4 0.5 -8.8
v -6.9 0.2 -8.8
v -6.9 0.3 -8.8
v -6.8 0.2 -8.8
v -6.8 0.3 -8.8
v -4.4 0.1 -8.8
v -4.4 0.2 -8.8
v -4.3 0.1 -8.8
v -4.3 0.2 -8.8
v 3.3 0.1 -8.8
v 3.3 0.2 -8.8
v 3.5 0.1 -8.8
v 3.5 0.2 -8.8
v 4.5 0.2 -8.8
v 4.5 0.3 -8.8
v 5.2 0.2 -8.8
v 5.2 0.3 -8.8
v 6 0.2 -8.8
v 6 0.3 -8.8
v 6.3 0.2 -8.8
v 6.3 0.3 -8.8
v 8.2 0.1 -8.8
v 8.2 0.2 -8.8
v 8.4 0.1 -8.8
v 8.4 0.2 -8.8
v -9.6 0.4 -8.9
v -9.6 0.5 -8.9
v -9.5 0.4 -8.9
v -9.5 0.5 -8.9
v -8.9 0.3 -8.9
v -8.9 0.4 -8.9
v -8.8 0.3 -8.9
v -8.8 0.4 -8.9
v -7 0.2 -8.9
v -7 0.3 -8.9
v -6.9 0.2 -8.9
v -6.9 0.3 -8.9
v -4.5 0.1 -8.9
v -4.5 0.2 -8.9
v -4.4 0.1 -8.9
v -4.4 0.2 -8.9
v 3.5 0.1 -8.9
v 3.5 0.2 -8.9
v 3.6 0.1 -8.9
v 3.6 0.2 -8.9
v 5.2 0.2 -8.9
v 5.2 0.3 -8.9
v 6 0.2 -8.9
v 6 0.3 -8.9
v 8 0.1 -8.9
v 8 0.2 -8.9
v 8.2 0.1 -8.9
v 8.2 0.2 -8.9
v -12.8 0.3 -9
v -12.8 0.4 -9
v -12.7 0.3 -9
v -12.7 0.4 -9
v -11.7 0.4 -9
v -11.7 0.5 -9
v -11.6 0.4 -9
v -11.6 0.5 -9
v -10 0.4 -9
v -10 0.5 -9
v -9.6 0.4 -9
v -9.6 0.5 -9
v -7.1 0.2 -9
v -7.1 0.3 -9
v -7 0.2 -9
v -7 0.3 -9
v -4.6 0.1 -9
v -4.6 0.2 -9
v -4.5 0.1 -9
v -4.5 0.2 -9
v 3.6 0.1 -9
v 3.6 0.2 -9
v 3.9 0.1 -9
v 3.9 0.2 -9
v 7.6 0.1 -9
v 7.6 0.2 -9
v 8 0.1 -9
v 8 0.2 -9
v -10.3 0.4 -9.1
v -10.3 0.5 -9.1
v -10 0.4 -9.1
v -10 0.5 -9.1
v -9 0.3 -9.1
v -9 0.4 -9.1
v -8.9 0.3 -9.1
v -8.9 0.4 -9.1
v -7.2 0.2 -9.1
v -7.2 0.3 -9.1
v -7.1 0.2 -9.1
v -7.1 0.3 -9.1
v -4.7 0.1 -9.1
v -4.7 0.2 -9.1
v -4.6 0.1 -9.1
v -4.6 0.2 -9.1
v 3.9 0.1 -9.1
v 3.9 0.2 -9.1
v 4.1 0.1 -9.1
v 4.1 0.2 -9.1
v 7.3 0.1 -9.1
v 7.3 0.2 -9.1
v 7.6 0.1 -9.1
v 7.6 0.2 -9.1
v -11.6 0.4 -9.2
v -11.6 0.5 -9.2
v -11.4 0.4 -9.2
v -11.4 0.5 -9.2
v -10.5 0.4 -9.2
v -10.5 0.5 -9.2
v -10.3 0.4 -9.2
v -10.3 0.5 -9.2
v -9.1 0.3 -9.2
v -9.1 0.4 -9.2
v -9 0.3 -9.2
v -9 0.4 -9.2
v -7.4 0.2 -9.2
v -7.4 0.3 -9.2
v -7.2 0.2 -9.2
v -7.2 0.3 -9.2
v 4.1 0.1 -9.2
v 4.1 0.2 -9.2
v 4.4 0.1 -9.2
v 4.4 0.2 -9.2
v 7.1 0.1 -9.2
v 7.1 0.2 -9.2
v 7.3 0.1 -9.2
v 7.3 0.2 -9.2
v -12.7 0.3 -9.3
v -12.7 0.4 -9.3
v -12.6 0.3 -9.3
v -12.6 0.4 -9.3
v -11.4 0.4 -9.3
v -11.4 0.5 -9.3
v -11.2 0.4 -9.3
v -11.2 0.5 -9.3
v -10.7 0.4 -9.3
v -10.7 0.5 -9.3
v -10.5 0.4 -9.3
v -10.5 0.5 -9.3
v -9.2 0.3 -9.3
v -9.2 0.4 -9.3
v -9.1 0.3 -9.3
v -9.1 0.4 -9.3
v -7.5 0.2 -9.3
v -7.5 0.3 -9.3
v -7.4 0.2 -9.3
v -7.4 0.3 -9.3
v -4.8 0.1 -9.3
v -4.8 0.2 -9.3
v -4.7 0.1 -9.3
v -4.7 0.2 -9.3
v 4.4 0.1 -9.3
v 4.4 0.2 -9.3
v 4.6 0.1 -9.3
v 4.6 0.2 -9.3
v 6.8 0.1 -9.3
v 6.8 0.2 -9.3
v 7.1 0.1 -9.3
v 7.1 0.2 -9.3
v -12.6 0.3 -9.4
v -12.6 0.4 -9.4
v -12.5 0.3 -9.4
v -12.5 0.4 -9.4
v -11.2 0.4 -9.4
v -11.2 0.5 -9.4
v -11 0.4 -9.4
v -11 0.5 -9.4
v -10.9 0.4 -9.4
v -10.9 0.5 -9.4
v -10.7 0.4 -9.4
v -10.7 0.5 -9.4
v -9.3 0.3 -9.4
v -9.3 0.4 -9.4
v -9.2 0.3 -9.4
v -9.2 0.4 -9.4
v -7.6 0.2 -9.4
v -7.6 0.3 -9.4
v -7.5 0.2 -9.4
v -7.5 0.3 -9.4
v 4.6 0.1 -9.4
v 4.6 0.2 -9.4
v 4.7 0.1 -9.4
v 4.7 0.2 -9.4
v 4.8 0.1 -9.4
v 4.8 0.2 -9.4
v 5.1 0.1 -9.4
v 5.1 0.2 -9.4
v 6.6 0.1 -9.4
v 6.6 0.2 -9.4
v 6.8 0.1 -9.4
v 6.8 0.2 -9.4
v -9.4 0.3 -9.5
v -9.4 0.4 -9.5
v -9.3 0.3 -9.5
v -9.3 0.4 -9.5
v -7.7 0.2 -9.5
v -7.7 0.3 -9.5
v -7.6 0.2 -9.5
v -7.6 0.3 -9.5
v -4.9 0.1 -9.5
v -4.9 0.2 -9.5
v -4.8 0.1 -9.5
v -4.8 0.2 -9.5
v 5.1 0.1 -9.5
v 5.1 0.2 -9.5
v 5.2 0.1 -9.5
v 5.2 0.2 -9.5
v 5.7 0.1 -9.5
v 5.7 0.2 -9.5
v 6 0.1 -9.5
v 6 0.2 -9.5
v 6.6 0.1 -9.5
v 6.6 0.2 -9.5
v -12.5 0.3 -9.6
v -12.5 0.4 -9.6
v -12.4 0.3 -9.6
v -12.4 0.4 -9.6
v -9.6 0.3 -9.6
v -9.6 0.4 -9.6
v -9.4 0.3 -9.6
v -9.4 0.4 -9.6
v -7.8 0.2 -9.6
v -7.8 0.3 -9.6
v -7.7 0.2 -9.6
v -7.7 0.3 -9.6
v -5 0.1 -9.6
v -5 0.2 -9.6
v -4.9 0.1 -9.6
v -4.9 0.2 -9.6
v 5.7 0.1 -9.6
v 5.7 0.2 -9.6
v 6 0.1 -9.6
v 6 0.2 -9.6
v -9.8 0.3 -9.7
v -9.8 0.4 -9.7
v -9.6 0.3 -9.7
v -9.6 0.4 -9.7
v -7.9 0.2 -9.7
v -7.9 0.3 -9.7
v -7.8 0.2 -9.7
v -7.8 0.3 -9.7
v -5.1 0.1 -9.7
v -5.1 0.2 -9.7
v -5 0.1 -9.7
v -5 0.2 -9.7
v -12.4 0.3 -9.8
v -12.4 0.4 -9.8
v -12.2 0.3 -9.8
v -12.2 0.4 -9.8
v -9.9 0.3 -9.8
v -9.9 0.4 -9.8
v -9.8 0.3 -9.8
v -9.8 0.4 -9.8
v -8 0.2 -9.8
v -8 0.3 -9.8
v -7.9 0.2 -9.8
v -7.9 0.3 -9.8
v -5.2 0.1 -9.8
v -5.2 0.2 -9.8
v -5.1 0.1 -9.8
v -5.1 0.2 -9.8
v -12.2 0.3 -9.9
v -12.2 0.4 -9.9
v -12.1 0.3 -9.9
v -12.1 0.4 -9.9
v -10 0.3 -9.9
v -10 0.4 -9.9
v -9.9 0.3 -9.9
v -9.9 0.4 -9.9
v -8.2 0.2 -9.9
v -8.2 0.3 -9.9
v -8 0.2 -9.9
v -8 0.3 -9.9
v -10.1 0.3 -10
v -10.1 0.4 -10
v -10 0.3 -10
v -10 0.4 -10
v -8.3 0.2 -10
v -8.3 0.3 -10
v -8.2 0.2 -10
v -8.2 0.3 -10
v -5.3 0.1 -10
v -5.3 0.2 -10
v -5.2 0.1 -10
v -5.2 0.2 -10
v -12.1 0.3 -10.1
v -12.1 0.4 -10.1
v -12 0.3 -10.1
v -12 0.4 -10.1
v -10.2 0.3 -10.1
v -10.2 0.4 -10.1
v -10.1 0.3 -10.1
v -10.1 0.4 -10.1
v -5.4 0.1 -10.1
v -5.4 0.2 -10.1
v -5.3 0.1 -10.1
v -5.3 0.2 -10.1
v -12 0.3 -10.2
v -12 0.4 -10.2
v -11.9 0.3 -10.2
v -11.9 0.4 -10.2
v -10.5 0.3 -10.2
v -10.5 0.4 -10.2
v -10.2 0.3 -10.2
v -10.2 0.4 -10.2
v -8.4 0.2 -10.2
v -8.4 0.3 -10.2
v -8.3 0.2 -10.2
v -8.3 0.3 -10.2
v -5.5 0.1 -10.2
v -5.5 0.2 -10.2
v -5.4 0.1 -10.2
v -5.4 0.2 -10.2
v -11.9 0.3 -10.3
v -11.9 0.4 -10.3
v -10.5 0.3 -10.3
v -10.5 0.4 -10.3
v -8.5 0.2 -10.3
v -8.5 0.3 -10.3
v -8.4 0.2 -10.3
v -8.4 0.3 -10.3
v -8.6 0.2 -10.4
v -8.6 0.3 -10.4
v -8.5 0.2 -10.4
v -8.5 0.3 -10.4
v -5.7 0.1 -10.4
v -5.7 0.2 -10.4
v -5.5 0.1 -10.4
v -5.5 0.2 -10.4
v -8.7 0.2 -10.5
v -8.7 0.3 -10.5
v -8.6 0.2 -10.5
v -8.6 0.3 -10.5
v -5.9 0.1 -10.5
v -5.9 0.2 -10.5
v -5.7 0.1 -10.5
v -5.7 0.2 -10.5
v -8.8 0.2 -10.6
v -8.8 0.3 -10.6
v -8.7 0.2 -10.6
v -8.7 0.3 -10.6
v -6.1 0.1 -10.6
v -6.1 0.2 -10.6
v -5.9 0.1 -10.6
v -5.9 0.2 -10.6
v -6.4 0.1 -10.7
v -6.4 0.2 -10.7
v -6.1 0.1 -10.7
v -6.1 0.2 -10.7
v -8.9 0.2 -10.8
v -8.9 0.3 -10.8
v -8.8 0.2 -10.8
v -8.8 0.3 -10.8
v -6.5 0.1 -10.8
v -6.5 0.2 -10.8
v -6.4 0.1 -10.8
v -6.4 0.2 -10.8
v -9 0.2 -10.9
v -9 0.3 -10.9
v -8.9 0.2 -10.9
v -8.9 0.3 -10.9
v -6.7 0.1 -10.9
v -6.7 0.2 -10.9
v -6.5 0.1 -10.9
v -6.5 0.2 -10.9
v -12.8 0.2 -11
v -12.8 0.3 -11
v -12.5 0.2 -11
v -12.5 0.3 -11
v -9.1 0.2 -11
v -9.1 0.3 -11
v -9 0.2 -11
v -9 0.3 -11
v -6.9 0.1 -11
v -6.9 0.2 -11
v -6.7 0.1 -11
v -6.7 0.2 -11
v -12.5 0.2 -11.1
v -12.5 0.3 -11.1
v -12.3 0.2 -11.1
v -12.3 0.3 -11.1
v -7.1 0.1 -11.1
v -7.1 0.2 -11.1
v -6.9 0.1 -11.1
v -6.9 0.2 -11.1
v -12.3 0.2 -11.2
v -12.3 0.3 -11.2
v -12 0.2 -11.2
v -12 0.3 -11.2
v -9.2 0.2 -11.2
v -9.2 0.3 -11.2
v -9.1 0.2 -11.2
v -9.1 0.3 -11.2
v -7.2 0.1 -11.2
v -7.2 0.2 -11.2
v -7.1 0.1 -11.2
v -7.1 0.2 -11.2
v -12 0.2 -11.3
v -12 0.3 -11.3
v -11.9 0.2 -11.3
v -11.9 0.3 -11.3
v -9.4 0.2 -11.3
v -9.4 0.3 -11.3
v -9.2 0.2 -11.3
v -9.2 0.3 -11.3
v -7.4 0.1 -11.3
v -7.4 0.2 -11.3
v -7.2 0.1 -11.3
v -7.2 0.2 -11.3
v -11.9 0.2 -11.4
v -11.9 0.3 -11.4
v -11.8 0.2 -11.4
v -11.7 0.2 -11.4
v -11.6 0.2 -11.4
v -11.6 0.3 -11.4
v -9.5 0.2 -11.4
v -9.5 0.3 -11.4
v -9.4 0.2 -11.4
v -9.4 0.3 -11.4
v -7.5 0.1 -11.4
v -7.5 0.2 -11.4
v -7.4 0.1 -11.4
v -7.4 0.2 -11.4
v -11.6 0.2 -11.5
v -11.6 0.3 -11.5
v -11.3 0.2 -11.5
v -11.3 0.3 -11.5
v -9.6 0.2 -11.5
v -9.6 0.3 -11.5
v -9.5 0.2 -11.5
v -9.5 0.3 -11.5
v -7.8 0.1 -11.5
v -7.8 0.2 -11.5
v -7.5 0.1 -11.5
v -7.5 0.2 -11.5
v -11.3 0.2 -11.6
v -11.3 0.3 -11.6
v -11 0.2 -11.6
v -11 0.3 -11.6
v -10.7 0.2 -11.6
v -10.7 0.3 -11.6
v -10.6 0.2 -11.6
v -10.6 0.3 -11.6
v -10 0.2 -11.6
v -10 0.3 -11.6
v -9.6 0.2 -11.6
v -9.6 0.3 -11.6
v -7.9 0.1 -11.6
v -7.9 0.2 -11.6
v -7.8 0.1 -11.6
v -7.8 0.2 -11.6
v -11 0.2 -11.7
v -11 0.3 -11.7
v -10.7 0.2 -11.7
v -10.7 0.3 -11.7
v -10.6 0.2 -11.7
v -10.6 0.3 -11.7
v -10 0.2 -11.7
v -10 0.3 -11.7
v -8.2 0.1 -11.7
v -8.2 0.2 -11.7
v -8.1 0.1 -11.7
v -8.1 0.2 -11.7
v -7.9 0.1 -11.7
v -7.9 0.2 -11.7
v -8.4 0.1 -11.8
v -8.4 0.2 -11.8
v -8.2 0.1 -11.8
v -8.2 0.2 -11.8
v -8.5 0.1 -11.9
v -8.5 0.2 -11.9
v -8.4 0.1 -11.9
v -8.4 0.2 -11.9
v -8.8 0.1 -12
v -8.8 0.2 -12
v -8.5 0.1 -12
v -8.5 0.2 -12
v -9 0.1 -12.1
v -9 0.2 -12.1
v -8.8 0.1 -12.1
v -8.8 0.2 -12.1
v -9.2 0.1 -12.2
v -9.2 0.2 -12.2
v -9 0.1 -12.2
v -9 0.2 -12.2
v -9.4 0.1 -12.3
v -9.4 0.2 -12.3
v -9.2 0.1 -12.3
v -9.2 0.2 -12.3
v -10.3 0.1 -12.4
v -10.3 0.2 -12.4
v -9.4 0.1 -12.4
v -9.4 0.2 -12.4
v -10.5 0.1 -12.5
v -10.5 0.2 -12.5
v -10.3 0.1 -12.5
v -10.3 0.2 -12.5
v -12.8 0.1 -12.6
v -12.8 0.2 -12.6
v -12.7 0.1 -12.6
v -12.7 0.2 -12.6
v -12 0.1 -12.6
v -12 0.2 -12.6
v -10.5 0.1 -12.6
v -10.5 0.2 -12.6
v -12.7 0.1 -12.7
v -12.7 0.2 -12.7
v -12 0.1 -12.7
v -12 0.2 -12.7
v -12.8 0 -12.8
v -12.8 0.1 -12.8
v -12 0 -12.8
v -12 0.1 -12.8
v -11.9 0 -12.8
v -11.9 0.1 -12.8
v -1.6 0 -12.8
v -1.6 0.1 -12.8
v -1.5 0 -12.8
v -1.5 0.1 -12.8
v -1.3 0 -12.8
v -1.3 0.1 -12.8
v -1.2 0 -12.8
v -1.2 0.1 -12.8
v -1 0 -12.8
v -1 0.1 -12.8
v -0.8 0 -12.8
v -0.8 0.1 -12.8
v -0.700001 0 -12.8
v -0.700001 0.1 -12.8
v 0.4 0 -12.8
v 0.4 0.1 -12.8
v 0.5 0 -12.8
v 0.5 0.1 -12.8
v 2.1 0 -12.8
v 2.1 0.1 -12.8
v 2.2 0 -12.8
v 2.2 0.1 -12.8
v 3.1 0 -12.8
v 3.1 0.1 -12.8
v 3.2 0 -12.8
v 3.2 0.1 -12.8
v 5.9 0 -12.8
v 5.9 0.1 -12.8
v 6 0 -12.8
v 6 0.1 -12.8
v 12.8 0 -12.8
v 12.8 0.1 -12.8
v -12.8 0 -2.5
v -9.1 0 -2.5
v -9.1 0 -2.6
v -8.7 0 -2.6
v -8.6 0 -2.6
v -5.2 0 -2.6
v -8.7 0 -2.7
v -8.6 0 -2.7
v -6.8 0 -2.7
v -6.7 0 -2.7
v -5.2 0 -2.7
v -1.3 0 -2.7
v -6.8 0 -2.8
v -6.7 0 -2.8
v -1.3 0 -2.8
v 2.5 0 -2.8
v 2.5 0 -2.9
v 6.4 0 -2.9
v -10 0 -3
v -9.9 0 -3
v -2.4 0 -3
v -2.3 0 -3
v 6.4 0 -3
v 9 0 -3
v 10.3 0 -3
v -10 0 -3.1
v -9.9 0 -3.1
v -2.4 0 -3.1
v -2.3 0 -3.1
v 8.8 0 -3.1
v 9 0 -3.1
v 10.3 0 -3.1
v 12.8 0 -3.1
v 8.6 0 -3.2
v 8.8 0 -3.2
v 8.5 0 -3.3
v 8.6 0 -3.3
v 12.3 0 -3.3
v 12.5 0 -3.3
v 8.3 0 -3.4
v 8.5 0 -3.4
v 12.3 0 -3.4
v 12.5 0 -3.4
v 8.1 0 -3.5
v 8.3 0 -3.5
v -1.5 0 -3.6
v -1.4 0 -3.6
v 7.8 0 -3.6
v 8.1 0 -3.6
v -1.5 0 -3.7
v -1.4 0 -3.7
v 7.6 0 -3.7
v 7.8 0 -3.7
v 7.4 0 -3.8
v 7.6 0 -3.8
v 7.2 0 -3.9
v 7.4 0 -3.9
v 7 0 -4
v 7.2 0 -4
v 6.8 0 -4.1
v 7 0 -4.1
v 0.4 0 -4.2
v 0.5 0 -4.2
v 6.7 0 -4.2
v 6.8 0 -4.2
v 0.4 0 -4.3
v 0.5 0 -4.3
v 6.5 0 -4.3
v 6.7 0 -4.3
v 1.2 0 -4.4
v 1.3 0 -4.4
v 6.4 0 -4.4
v 6.5 0 -4.4
v -2.4 0 -4.5
v -2.3 0 -4.5
v 1.2 0 -4.5
v 1.3 0 -4.5
v 6.3 0 -4.5
v 6.4 0 -4.5
v -2.4 0 -4.6
v -2.3 0 -4.6
v 6.2 0 -4.6
v 6.3 0 -4.6
v 12.5 0 -4.6
v 12.6 0 -4.6
v 6.1 0 -4.7
v 6.2 0 -4.7
v 12.5 0 -4.7
v 12.6 0 -4.7
v 5.9 0 -4.8
v 6.1 0 -4.8
v 5.8 0 -4.9
v 5.9 0 -4.9
v 5.7 0 -5
v 5.8 0 -5
v 5.6 0 -5.1
v 5.7 0 -5.1
v 5.5 0 -5.2
v 5.6 0 -5.2
v 5.4 0 -5.3
v 5.5 0 -5.3
v 5.3 0 -5.4
v 5.4 0 -5.4
v -2 0 -5.5
v -1.9 0 -5.5
v 5.2 0 -5.5
v 5.3 0 -5.5
v -0.400001 0 -5.6
v -0.3 0 -5.6
v 5 0 -5.6
v 5.2 0 -5.6
v -2 0 -5.7
v -1.9 0 -5.7
v -0.400001 0 -5.7
v -0.3 0 -5.7
v 4.9 0 -5.7
v 5 0 -5.7
v 4.7 0 -5.8
v 4.9 0 -5.8
v 4.6 0 -5.9
v 4.7 0 -5.9
v 4.5 0 -6
v 4.6 0 -6
v 4.4 0 -6.1
v 4.5 0 -6.1
v 12.7 0 -6.1
v 12.8 0 -6.1
v 4.2 0 -6.2
v 4.4 0 -6.2
v 12.7 0 -6.2
v 12.8 0 -6.2
v 4.1 0 -6.3
v 4.2 0 -6.3
v 0.299999 0 -6.4
v 0.4 0 -6.4
v 3.9 0 -6.4
v 4.1 0 -6.4
v 11.6 0 -6.4
v 11.8 0 -6.4
v 3.8 0 -6.5
v 3.9 0 -6.5
v 11.6 0 -6.5
v 11.8 0 -6.5
v 11.9 0 -6.5
v 12 0 -6.5
v 0.299999 0 -6.6
v 0.4 0 -6.6
v 11.9 0 -6.6
v 12 0 -6.6
v 3.7 0 -6.7
v 3.8 0 -6.7
v 3.6 0 -6.8
v 3.7 0 -6.8
v -2.6 0 -6.9
v -2.5 0 -6.9
v 3.5 0 -6.9
v 3.6 0 -6.9
v -2.6 0 -7
v -2.5 0 -7
v 3.4 0 -7
v 3.5 0 -7
v 3.2 0 -7.1
v 3.4 0 -7.1
v 3.1 0 -7.2
v 3.2 0 -7.2
v 0.9 0 -7.4
v 1 0 -7.4
v 0.9 0 -7.5
v 1 0 -7.5
v 3 0 -7.5
v 3.1 0 -7.5
v 2.9 0 -7.6
v 3 0 -7.6
v 11.4 0 -7.6
v 11.5 0 -7.6
v 0.599999 0 -7.7
v 0.7 0 -7.7
v 2.8 0 -7.7
v 2.9 0 -7.7
v 11.4 0 -7.7
v 11.5 0 -7.7
v 0.599999 0 -7.8
v 0.7 0 -7.8
v 1.7 0 -7.8
v 1.8 0 -7.8
v 2.7 0 -7.8
v 2.8 0 -7.8
v 1.7 0 -7.9
v 1.8 0 -7.9
v 11.5 0 -7.9
v 11.6 0 -7.9
v -0.700001 0 -8
v -0.6 0 -8
v 2.6 0 -8
v 2.7 0 -8
v 11.5 0 -8
v 11.6 0 -8
v -0.700001 0 -8.1
v -0.6 0 -8.1
v 1.5 0 -8.2
v 1.6 0 -8.2
v 2.3 0 -8.2
v 2.4 0 -8.2
v 1.5 0 -8.3
v 1.6 0 -8.3
v 2.3 0 -8.3
v 2.4 0 -8.3
v 2.5 0 -8.3
v 2.6 0 -8.3
v 2.7 0 -8.3
v 1.9 0 -8.4
v 2 0 -8.4
v 2.2 0 -8.4
v 2.4 0 -8.4
v 2.5 0 -8.4
v 2.7 0 -8.4
v 2.8 0 -8.4
v 10.5 0 -8.4
v 10.6 0 -8.4
v -2.1 0 -8.5
v -2 0 -8.5
v 1.9 0 -8.5
v 2 0 -8.5
v 2.2 0 -8.5
v 2.4 0 -8.5
v 2.5 0 -8.5
v 2.6 0 -8.5
v 2.7 0 -8.5
v 2.8 0 -8.5
v 3 0 -8.5
v 3.1 0 -8.5
v 10.5 0 -8.5
v 10.6 0 -8.5
v -2.1 0 -8.6
v -2 0 -8.6
v 1.4 0 -8.6
v 1.5 0 -8.6
v 2.4 0 -8.6
v 2.6 0 -8.6
v 2.8 0 -8.6
v 3 0 -8.6
v 3.1 0 -8.6
v 1.4 0 -8.7
v 1.5 0 -8.7
v 1.6 0 -8.7
v 2 0 -8.7
v 2.1 0 -8.7
v 2.5 0 -8.7
v 2.6 0 -8.7
v 2.8 0 -8.7
v 2.9 0 -8.7
v 3 0 -8.7
v 9.2 0 -8.7
v 9.3 0 -8.7
v 11.2 0 -8.7
v 11.3 0 -8.7
v 1.5 0 -8.8
v 1.6 0 -8.8
v 1.7 0 -8.8
v 2.2 0 -8.8
v 2.4 0 -8.8
v 2.5 0 -8.8
v 2.6 0 -8.8
v 2.9 0 -8.8
v 3 0 -8.8
v 9.2 0 -8.8
v 9.3 0 -8.8
v 10.6 0 -8.8
v 10.8 0 -8.8
v 11 0 -8.8
v 11.1 0 -8.8
v 11.2 0 -8.8
v 11.3 0 -8.8
v 1.1 0 -8.9
v 1.2 0 -8.9
v 1.6 0 -8.9
v 1.7 0 -8.9
v 2.4 0 -8.9
v 2.5 0 -8.9
v 3.4 0 -8.9
v 3.5 0 -8.9
v 10.6 0 -8.9
v 10.8 0 -8.9
v 11 0 -8.9
v 11.1 0 -8.9
v 11.3 0 -8.9
v 11.4 0 -8.9
v 11.9 0 -8.9
v 12 0 -8.9
v 12.7 0 -8.9
v 12.8 0 -8.9
v 0.799999 0 -9
v 0.9 0 -9
v 1.1 0 -9
v 1.2 0 -9
v 1.6 0 -9
v 1.7 0 -9
v 2 0 -9
v 2.1 0 -9
v 2.2 0 -9
v 2.3 0 -9
v 2.5 0 -9
v 3.4 0 -9
v 3.5 0 -9
v 11.3 0 -9
v 11.4 0 -9
v 11.5 0 -9
v 11.6 0 -9
v 11.9 0 -9
v 12 0 -9
v 12.7 0 -9
v 12.8 0 -9
v 1.6 0 -9.1
v 1.7 0 -9.1
v 1.9 0 -9.1
v 2 0 -9.1
v 2.1 0 -9.1
v 2.3 0 -9.1
v 2.4 0 -9.1
v 2.7 0 -9.1
v 2.8 0 -9.1
v 3.4 0 -9.1
v 3.5 0 -9.1
v 11.5 0 -9.1
v 11.6 0 -9.1
v -0.900001 0 -9.2
v -0.8 0 -9.2
v 0.799999 0 -9.2
v 0.9 0 -9.2
v 2.1 0 -9.2
v 2.3 0 -9.2
v 2.4 0 -9.2
v 2.5 0 -9.2
v 2.6 0 -9.2
v 2.7 0 -9.2
v 2.8 0 -9.2
v -4.5 0 -9.3
v -4.4 0 -9.3
v 1.4 0 -9.3
v 1.5 0 -9.3
v 1.6 0 -9.3
v 1.7 0 -9.3
v 1.9 0 -9.3
v 2 0 -9.3
v 2.1 0 -9.3
v 2.2 0 -9.3
v 3.9 0 -9.3
v 4.1 0 -9.3
v 8.8 0 -9.3
v 8.9 0 -9.3
v -0.900001 0 -9.4
v -0.8 0 -9.4
v 1.6 0 -9.4
v 1.7 0 -9.4
v 2.1 0 -9.4
v 2.2 0 -9.4
v 2.3 0 -9.4
v 2.4 0 -9.4
v 2.5 0 -9.4
v 2.6 0 -9.4
v 3 0 -9.4
v 3.2 0 -9.4
v 3.9 0 -9.4
v 4 0 -9.4
v 4.1 0 -9.4
v 4.2 0 -9.4
v 8.8 0 -9.4
v 8.9 0 -9.4
v -4.5 0 -9.5
v -4.4 0 -9.5
v 0.799999 0 -9.5
v 0.9 0 -9.5
v 1.4 0 -9.5
v 1.5 0 -9.5
v 1.6 0 -9.5
v 1.7 0 -9.5
v 1.8 0 -9.5
v 1.9 0 -9.5
v 2.1 0 -9.5
v 2.2 0 -9.5
v 3 0 -9.5
v 3.2 0 -9.5
v 4 0 -9.5
v 4.1 0 -9.5
v 4.2 0 -9.5
v 8.5 0 -9.5
v 8.6 0 -9.5
v 11 0 -9.5
v 11.1 0 -9.5
v 0.799999 0 -9.6
v 0.9 0 -9.6
v 1.3 0 -9.6
v 1.4 0 -9.6
v 1.5 0 -9.6
v 1.6 0 -9.6
v 1.7 0 -9.6
v 1.8 0 -9.6
v 1.9 0 -9.6
v 2 0 -9.6
v 2.1 0 -9.6
v 8.5 0 -9.6
v 8.6 0 -9.6
v 11 0 -9.6
v 11.1 0 -9.6
v -2.6 0 -9.7
v -2.5 0 -9.7
v -0.700001 0 -9.7
v -0.6 0 -9.7
v 0.599999 0 -9.7
v 0.7 0 -9.7
v 1.3 0 -9.7
v 1.4 0 -9.7
v 1.5 0 -9.7
v 1.7 0 -9.7
v 2.1 0 -9.7
v 2.2 0 -9.7
v 2.4 0 -9.7
v 2.7 0 -9.7
v 2.9 0 -9.7
v 3 0 -9.7
v -2.6 0 -9.8
v -2.5 0 -9.8
v -0.700001 0 -9.8
v -0.6 0 -9.8
v 0.2 0 -9.8
v 0.299999 0 -9.8
v 0.599999 0 -9.8
v 0.7 0 -9.8
v 0.799999 0 -9.8
v 1.3 0 -9.8
v 1.6 0 -9.8
v 1.7 0 -9.8
v 1.9 0 -9.8
v 2 0 -9.8
v 2.1 0 -9.8
v 2.2 0 -9.8
v 2.4 0 -9.8
v 2.7 0 -9.8
v 5.8 0 -9.8
v 5.9 0 -9.8
v -2.6 0 -9.9
v -2.5 0 -9.9
v 0.2 0 -9.9
v 0.299999 0 -9.9
v 0.7 0 -9.9
v 0.799999 0 -9.9
v 0.9 0 -9.9
v 1 0 -9.9
v 1.1 0 -9.9
v 1.3 0 -9.9
v 1.6 0 -9.9
v 2.9 0 -9.9
v 3 0 -9.9
v 5.8 0 -9.9
v 5.9 0 -9.9
v 7 0 -9.9
v 7.1 0 -9.9
v 0.799999 0 -10
v 0.9 0 -10
v 1 0 -10
v 1.1 0 -10
v 1.6 0 -10
v 1.7 0 -10
v 2.1 0 -10
v 2.2 0 -10
v 2.6 0 -10
v 2.7 0 -10
v 7 0 -10
v 7.1 0 -10
v 1.2 0 -10.1
v 1.3 0 -10.1
v 1.6 0 -10.1
v 1.7 0 -10.1
v 1.9 0 -10.1
v 2 0 -10.1
v 2.6 0 -10.1
v 2.7 0 -10.1
v 4 0 -10.1
v 4.1 0 -10.1
v 7.9 0 -10.1
v 8 0 -10.1
v -0.400001 0 -10.2
v -0.3 0 -10.2
v 1 0 -10.2
v 1.2 0 -10.2
v 1.3 0 -10.2
v 1.4 0 -10.2
v 1.5 0 -10.2
v 1.6 0 -10.2
v 1.7 0 -10.2
v 1.9 0 -10.2
v 2 0 -10.2
v 2.5 0 -10.2
v 2.6 0 -10.2
v 3.6 0 -10.2
v 3.7 0 -10.2
v 4 0 -10.2
v 4.1 0 -10.2
v 6.1 0 -10.2
v 6.2 0 -10.2
v 7.9 0 -10.2
v 8 0 -10.2
v 12.2 0 -10.2
v 12.3 0 -10.2
v -2 0 -10.3
v -1.9 0 -10.3
v -1.1 0 -10.3
v -1 0 -10.3
v -0.400001 0 -10.3
v -0.3 0 -10.3
v 0.0999994 0 -10.3
v 0.2 0 -10.3
v 1 0 -10.3
v 1.1 0 -10.3
v 1.2 0 -10.3
v 1.4 0 -10.3
v 1.5 0 -10.3
v 1.6 0 -10.3
v 1.8 0 -10.3
v 1.9 0 -10.3
v 2.2 0 -10.3
v 2.5 0 -10.3
v 2.6 0 -10.3
v 3.6 0 -10.3
v 3.7 0 -10.3
v 4.5 0 -10.3
v 4.6 0 -10.3
v 6.1 0 -10.3
v 6.2 0 -10.3
v 8.4 0 -10.3
v 8.5 0 -10.3
v 9.3 0 -10.3
v 9.4 0 -10.3
v 10.3 0 -10.3
v 10.4 0 -10.3
v 12.2 0 -10.3
v 12.3 0 -10.3
v -2 0 -10.4
v -1.9 0 -10.4
v -1.2 0 -10.4
v -1.1 0 -10.4
v -1 0 -10.4
v 0.0999994 0 -10.4
v 0.2 0 -10.4
v 1.1 0 -10.4
v 1.2 0 -10.4
v 1.4 0 -10.4
v 1.5 0 -10.4
v 1.6 0 -10.4
v 1.7 0 -10.4
v 1.8 0 -10.4
v 2 0 -10.4
v 2.2 0 -10.4
v 4.5 0 -10.4
v 4.6 0 -10.4
v 5.8 0 -10.4
v 5.9 0 -10.4
v 6.6 0 -10.4
v 6.7 0 -10.4
v 8.4 0 -10.4
v 8.5 0 -10.4
v 9.3 0 -10.4
v 9.4 0 -10.4
v 10.3 0 -10.4
v 10.4 0 -10.4
v -1.2 0 -10.5
v -1.1 0 -10.5
v 0.0999994 0 -10.5
v 0.2 0 -10.5
v 1 0 -10.5
v 1.1 0 -10.5
v 1.4 0 -10.5
v 1.5 0 -10.5
v 1.6 0 -10.5
v 1.7 0 -10.5
v 1.9 0 -10.5
v 2 0 -10.5
v 2.9 0 -10.5
v 3 0 -10.5
v 5.8 0 -10.5
v 5.9 0 -10.5
v 6.6 0 -10.5
v 6.7 0 -10.5
v 0.4 0 -10.6
v 0.599999 0 -10.6
v 0.7 0 -10.6
v 0.799999 0 -10.6
v 1 0 -10.6
v 1.1 0 -10.6
v 1.2 0 -10.6
v 1.4 0 -10.6
v 2.9 0 -10.6
v 3 0 -10.6
v 0.0999994 0 -10.7
v 0.2 0 -10.7
v 0.4 0 -10.7
v 0.599999 0 -10.7
v 1.1 0 -10.7
v 1.2 0 -10.7
v 1.3 0 -10.7
v 1.4 0 -10.7
v 1.7 0 -10.7
v 1.8 0 -10.7
v 2.2 0 -10.7
v 2.4 0 -10.7
v -4.1 0 -10.8
v -4 0 -10.8
v -2.4 0 -10.8
v -2.3 0 -10.8
v -0.900001 0 -10.8
v -0.8 0 -10.8
v 0.0999994 0 -10.8
v 0.2 0 -10.8
v 1 0 -10.8
v 1.1 0 -10.8
v 1.3 0 -10.8
v 1.4 0 -10.8
v 2 0 -10.8
v 2.1 0 -10.8
v 2.2 0 -10.8
v 2.4 0 -10.8
v 8.9 0 -10.8
v 9 0 -10.8
v -4.1 0 -10.9
v -4 0 -10.9
v -2.4 0 -10.9
v -2.3 0 -10.9
v -0.900001 0 -10.9
v -0.8 0 -10.9
v 0.7 0 -10.9
v 0.799999 0 -10.9
v 1 0 -10.9
v 1.1 0 -10.9
v 1.2 0 -10.9
v 1.4 0 -10.9
v 1.7 0 -10.9
v 1.8 0 -10.9
v 2 0 -10.9
v 2.1 0 -10.9
v 2.6 0 -10.9
v 2.7 0 -10.9
v 3.1 0 -10.9
v 3.2 0 -10.9
v 3.3 0 -10.9
v 8.9 0 -10.9
v 9 0 -10.9
v -0.200001 0 -11
v -0.1 0 -11
v 0.4 0 -11
v 0.5 0 -11
v 0.799999 0 -11
v 1.1 0 -11
v 1.3 0 -11
v 1.4 0 -11
v 2.6 0 -11
v 2.7 0 -11
v 3.1 0 -11
v 3.2 0 -11
v 3.3 0 -11
v 5.3 0 -11
v 5.4 0 -11
v 5.8 0 -11
v 5.9 0 -11
v 7.8 0 -11
v 7.9 0 -11
v -1.1 0 -11.1
v -1 0 -11.1
v -0.200001 0 -11.1
v -0.1 0 -11.1
v 0.4 0 -11.1
v 0.5 0 -11.1
v 0.799999 0 -11.1
v 0.9 0 -11.1
v 1.1 0 -11.1
v 1.2 0 -11.1
v 1.3 0 -11.1
v 1.4 0 -11.1
v 2.4 0 -11.1
v 2.5 0 -11.1
v 5.3 0 -11.1
v 5.4 0 -11.1
v 5.8 0 -11.1
v 5.9 0 -11.1
v 6.1 0 -11.1
v 6.2 0 -11.1
v 7.8 0 -11.1
v 7.9 0 -11.1
v 8.2 0 -11.1
v 8.3 0 -11.1
v 10.1 0 -11.1
v 10.2 0 -11.1
v -1.1 0 -11.2
v -1 0 -11.2
v 0.299999 0 -11.2
v 0.4 0 -11.2
v 0.799999 0 -11.2
v 0.9 0 -11.2
v 1 0 -11.2
v 1.1 0 -11.2
v 1.2 0 -11.2
v 1.7 0 -11.2
v 2 0 -11.2
v 2.4 0 -11.2
v 2.5 0 -11.2
v 4 0 -11.2
v 4.1 0 -11.2
v 6.1 0 -11.2
v 6.2 0 -11.2
v 8.2 0 -11.2
v 8.3 0 -11.2
v 8.6 0 -11.2
v 8.7 0 -11.2
v 10.1 0 -11.2
v 10.2 0 -11.2
v 11.6 0 -11.2
v 11.8 0 -11.2
v -2.4 0 -11.3
v -2.3 0 -11.3
v 0.299999 0 -11.3
v 0.4 0 -11.3
v 0.599999 0 -11.3
v 0.7 0 -11.3
v 0.799999 0 -11.3
v 0.9 0 -11.3
v 1 0 -11.3
v 1.3 0 -11.3
v 1.4 0 -11.3
v 1.7 0 -11.3
v 2 0 -11.3
v 2.9 0 -11.3
v 3 0 -11.3
v 4 0 -11.3
v 4.1 0 -11.3
v 8.6 0 -11.3
v 8.7 0 -11.3
v 11 0 -11.3
v 11.1 0 -11.3
v 11.6 0 -11.3
v 11.8 0 -11.3
v 12.4 0 -11.3
v 12.5 0 -11.3
v -2.4 0 -11.4
v -2.3 0 -11.4
v 0.4 0 -11.4
v 0.5 0 -11.4
v 1.6 0 -11.4
v 1.7 0 -11.4
v 2.9 0 -11.4
v 3 0 -11.4
v 3.8 0 -11.4
v 3.9 0 -11.4
v 4.2 0 -11.4
v 4.3 0 -11.4
v 11 0 -11.4
v 11.1 0 -11.4
v 11.3 0 -11.4
v 12.4 0 -11.4
v 12.5 0 -11.4
v -0.5 0 -11.5
v -0.400001 0 -11.5
v 0.299999 0 -11.5
v 0.4 0 -11.5
v 0.5 0 -11.5
v 0.599999 0 -11.5
v 0.7 0 -11.5
v 0.9 0 -11.5
v 1 0 -11.5
v 1.1 0 -11.5
v 1.4 0 -11.5
v 1.5 0 -11.5
v 1.6 0 -11.5
v 3.8 0 -11.5
v 3.9 0 -11.5
v 4.2 0 -11.5
v 4.3 0 -11.5
v 11.1 0 -11.5
v 11.3 0 -11.5
v -7.9 0 -11.6
v -7.8 0 -11.6
v -5.9 0 -11.6
v -5.8 0 -11.6
v -4.6 0 -11.6
v -4.4 0 -11.6
v -2.1 0 -11.6
v -2 0 -11.6
v -0.5 0 -11.6
v -0.400001 0 -11.6
v 0.299999 0 -11.6
v 0.599999 0 -11.6
v 0.7 0 -11.6
v 0.9 0 -11.6
v 1 0 -11.6
v 1.1 0 -11.6
v 1.2 0 -11.6
v 1.3 0 -11.6
v 1.4 0 -11.6
v 1.5 0 -11.6
v 1.6 0 -11.6
v 1.7 0 -11.6
v 9.3 0 -11.6
v 9.4 0 -11.6
v -7.9 0 -11.7
v -7.8 0 -11.7
v -5.9 0 -11.7
v -5.8 0 -11.7
v -4.6 0 -11.7
v -4.4 0 -11.7
v -2.1 0 -11.7
v -2 0 -11.7
v -0.1 0 -11.7
v 0 0 -11.7
v 0.0999994 0 -11.7
v 0.599999 0 -11.7
v 0.7 0 -11.7
v 0.9 0 -11.7
v 8.1 0 -11.7
v 8.2 0 -11.7
v 9.3 0 -11.7
v 9.4 0 -11.7
v -1.3 0 -11.8
v -1.2 0 -11.8
v -0.900001 0 -11.8
v -0.8 0 -11.8
v -0.5 0 -11.8
v -0.3 0 -11.8
v -0.200001 0 -11.8
v -0.1 0 -11.8
v 0 0 -11.8
v 0.0999994 0 -11.8
v 0.2 0 -11.8
v 0.5 0 -11.8
v 0.599999 0 -11.8
v 3 0 -11.8
v 3.1 0 -11.8
v 8.1 0 -11.8
v 8.2 0 -11.8
v -7.3 0 -11.9
v -7.1 0 -11.9
v -2.3 0 -11.9
v -2.2 0 -11.9
v -1.3 0 -11.9
v -1.2 0 -11.9
v -1 0 -11.9
v -0.900001 0 -11.9
v -0.8 0 -11.9
v -0.700001 0 -11.9
v -0.6 0 -11.9
v -0.400001 0 -11.9
v -0.3 0 -11.9
v -0.200001 0 -11.9
v -0.1 0 -11.9
v 0 0 -11.9
v 0.0999994 0 -11.9
v 0.299999 0 -11.9
v 0.5 0 -11.9
v 0.599999 0 -11.9
v 3 0 -11.9
v 3.1 0 -11.9
v 4.6 0 -11.9
v 4.7 0 -11.9
v -7.3 0 -12
v -7.1 0 -12
v -4.7 0 -12
v -4.6 0 -12
v -2.3 0 -12
v -2.2 0 -12
v -1.7 0 -12
v -1.6 0 -12
v -1 0 -12
v -0.900001 0 -12
v -0.700001 0 -12
v -0.6 0 -12
v -0.5 0 -12
v -0.400001 0 -12
v -0.200001 0 -12
v 0 0 -12
v 0.0999994 0 -12
v 0.2 0 -12
v 0.299999 0 -12
v 0.5 0 -12
v 1.1 0 -12
v 1.2 0 -12
v 1.5 0 -12
v 1.6 0 -12
v 1.7 0 -12
v 2 0 -12
v 2.1 0 -12
v 3 0 -12
v 3.1 0 -12
v 4.6 0 -12
v 4.7 0 -12
v 6.5 0 -12
v 6.6 0 -12
v 8.3 0 -12
v 8.4 0 -12
v -4.7 0 -12.1
v -4.6 0 -12.1
v -1.7 0 -12.1
v -1.6 0 -12.1
v -0.8 0 -12.1
v -0.700001 0 -12.1
v -0.1 0 -12.1
v 0 0 -12.1
v 0.299999 0 -12.1
v 0.4 0 -12.1
v 0.599999 0 -12.1
v 0.799999 0 -12.1
v 1.1 0 -12.1
v 1.2 0 -12.1
v 1.5 0 -12.1
v 1.6 0 -12.1
v 1.7 0 -12.1
v 2 0 -12.1
v 2.1 0 -12.1
v 6.4 0 -12.1
v 6.5 0 -12.1
v 8.3 0 -12.1
v 8.4 0 -12.1
v 10 0 -12.1
v 10.1 0 -12.1
v 11.4 0 -12.1
v 11.5 0 -12.1
v 12.2 0 -12.1
v 12.3 0 -12.1
v -1.2 0 -12.2
v -1.1 0 -12.2
v -0.8 0 -12.2
v -0.700001 0 -12.2
v -0.5 0 -12.2
v -0.200001 0 -12.2
v -0.1 0 -12.2
v 0 0 -12.2
v 0.299999 0 -12.2
v 0.4 0 -12.2
v 0.7 0 -12.2
v 0.799999 0 -12.2
v 1.5 0 -12.2
v 1.6 0 -12.2
v 1.7 0 -12.2
v 6.4 0 -12.2
v 6.5 0 -12.2
v 6.6 0 -12.2
v 7.3 0 -12.2
v 7.4 0 -12.2
v 10 0 -12.2
v 10.1 0 -12.2
v 11.4 0 -12.2
v 11.5 0 -12.2
v 12.2 0 -12.2
v 12.3 0 -12.2
v -4.6 0 -12.3
v -4.5 0 -12.3
v -3.2 0 -12.3
v -3.1 0 -12.3
v -1.3 0 -12.3
v -1.2 0 -12.3
v -0.900001 0 -12.3
v -0.8 0 -12.3
v -0.700001 0 -12.3
v -0.6 0 -12.3
v -0.5 0 -12.3
v -0.400001 0 -12.3
v -0.200001 0 -12.3
v -0.1 0 -12.3
v 0.599999 0 -12.3
v 0.7 0 -12.3
v 0.799999 0 -12.3
v 0.9 0 -12.3
v 1.5 0 -12.3
v 1.6 0 -12.3
v 6.3 0 -12.3
v 6.4 0 -12.3
v 7.3 0 -12.3
v 7.4 0 -12.3
v 12.5 0 -12.3
v 12.6 0 -12.3
v -4.6 0 -12.4
v -4.5 0 -12.4
v -3.2 0 -12.4
v -3.1 0 -12.4
v -1.7 0 -12.4
v -1.6 0 -12.4
v -1.3 0 -12.4
v -1.1 0 -12.4
v -1 0 -12.4
v -0.900001 0 -12.4
v -0.8 0 -12.4
v -0.6 0 -12.4
v -0.400001 0 -12.4
v -0.3 0 -12.4
v -0.200001 0 -12.4
v 0.599999 0 -12.4
v 0.7 0 -12.4
v 0.799999 0 -12.4
v 0.9 0 -12.4
v 1.1 0 -12.4
v 1.2 0 -12.4
v 3.3 0 -12.4
v 3.4 0 -12.4
v 4.2 0 -12.4
v 4.3 0 -12.4
v 6.3 0 -12.4
v 6.4 0 -12.4
v 11.7 0 -12.4
v 11.8 0 -12.4
v 12.5 0 -12.4
v 12.6 0 -12.4
v 12.7 0 -12.4
v 12.8 0 -12.4
v -1.7 0 -12.5
v -1.6 0 -12.5
v -1.2 0 -12.5
v -1.1 0 -12.5
v -0.900001 0 -12.5
v -0.700001 0 -12.5
v -0.6 0 -12.5
v 0.0999994 0 -12.5
v 0.2 0 -12.5
v 0.599999 0 -12.5
v 0.7 0 -12.5
v 1.1 0 -12.5
v 1.2 0 -12.5
v 3.3 0 -12.5
v 3.4 0 -12.5
v 4.2 0 -12.5
v 4.3 0 -12.5
v 4.4 0 -12.5
v 9.4 0 -12.5
v 9.5 0 -12.5
v 11.7 0 -12.5
v 11.8 0 -12.5
v -1.8 0 -12.6
v -1.7 0 -12.6
v -1.6 0 -12.6
v -1.5 0 -12.6
v -1.4 0 -12.6
v -1.2 0 -12.6
v -1 0 -12.6
v -0.900001 0 -12.6
v -0.700001 0 -12.6
v -0.6 0 -12.6
v -0.5 0 -12.6
v -0.400001 0 -12.6
v -0.3 0 -12.6
v -0.200001 0 -12.6
v 0 0 -12.6
v 0.0999994 0 -12.6
v 0.9 0 -12.6
v 1.1 0 -12.6
v 4.3 0 -12.6
v 4.4 0 -12.6
v 9.4 0 -12.6
v 9.5 0 -12.6
v 12.7 0 -12.6
v 12.8 0 -12.6
v -12 0 -12.7
v -11.9 0 -12.7
v -1.8 0 -12.7
v -1.7 0 -12.7
v -1.4 0 -12.7
v -1.3 0 -12.7
v -1.2 0 -12.7
v -1.1 0 -12.7
v -1 0 -12.7
v -0.900001 0 -12.7
v -0.8 0 -12.7
v -0.700001 0 -12.7
v -0.5 0 -12.7
v -0.400001 0 -12.7
v 0 0 -12.7
v 0.2 0 -12.7
v 0.4 0 -12.7
v 0.5 0 -12.7
v 0.9 0 -12.7
v 1.1 0 -12.7
v 2.1 0 -12.7
v 2.2 0 -12.7
v 3.1 0 -12.7
v 3.2 0 -12.7
v 5.9 0 -12.7
v 6 0 -12.7
v -12.8 0 -12.8
v -12 0 -12.8
v -11.9 0 -12.8
v -1.6 0 -12.8
v -1.5 0 -12.8
v -1.3 0 -12.8
v -1.2 0 -12.8
v -1 0 -12.8
v -0.8 0 -12.8
v -0.700001 0 -12.8
v 0.4 0 -12.8
v 0.5 0 -12.8
v 2.1 0 -12.8
v 2.2 0 -12.8
v 3.1 0 -12.8
v 3.2 0 -12.8
v 5.9 0 -12.8
v 6 0 -12.8
v 12.8 0 -12.8
v 6.4 0.1 -2.9
v 6.7 0.1 -2.9
v 6.4 0.1 -3
v 6.7 0.1 -3
v 10.3 0.1 -3
v 10.5 0.1 -3
v 10.3 0.1 -3.1
v 10.5 0.1 -3.1
v 6.7 0.2 -2.9
v 6.9 0.2 -2.9
v 6.7 0.2 -3
v 6.9 0.2 -3
v 10.5 0.2 -3
v 10.8 0.2 -3
v 10.5 0.2 -3.1
v 10.8 0.2 -3.1
v -12.8 0.1 -2.5
v -9.1 0.1 -2.5
v -9.1 0.1 -2.6
v -8.7 0.1 -2.6
v -8.6 0.1 -2.6
v -5.2 0.1 -2.6
v -8.7 0.1 -2.7
v -8.6 0.1 -2.7
v -6.8 0.1 -2.7
v -6.7 0.1 -2.7
v -5.2 0.1 -2.7
v -1.3 0.1 -2.7
v -8.3 0.1 -2.8
v -6.8 0.1 -2.8
v -6.7 0.1 -2.8
v -1.3 0.1 -2.8
v 2.5 0.1 -2.8
v -8.6 0.1 -2.9
v -8.3 0.1 -2.9
v -6.8 0.1 -2.9
v -6.3 0.1 -2.9
v 2.5 0.1 -2.9
v 4 0.1 -2.9
v -10 0.1 -3
v -9.9 0.1 -3
v -8.9 0.1 -3
v -8.6 0.1 -3
v -6.3 0.1 -3
v -5.8 0.1 -3
v -2.4 0.1 -3
v -2.3 0.1 -3
v 3.8 0.1 -3
v 4 0.1 -3
v -10 0.1 -3.1
v -9.9 0.1 -3.1
v -9.1 0.1 -3.1
v -8.9 0.1 -3.1
v -5.8 0.1 -3.1
v -5.7 0.1 -3.1
v -2.4 0.1 -3.1
v -2.3 0.1 -3.1
v 3.7 0.1 -3.1
v 3.8 0.1 -3.1
v 12.2 0.1 -3.1
v 12.8 0.1 -3.1
v -9.3 0.1 -3.2
v -9.1 0.1 -3.2
v -5.7 0.1 -3.2
v -5.5 0.1 -3.2
v 3.5 0.1 -3.2
v 3.7 0.1 -3.2
v -9.5 0.1 -3.3
v -9.3 0.1 -3.3
v -5.5 0.1 -3.3
v -5.3 0.1 -3.3
v 3.2 0.1 -3.3
v 3.5 0.1 -3.3
v 12.3 0.1 -3.3
v 12.5 0.1 -3.3
v -9.8 0.1 -3.4
v -9.5 0.1 -3.4
v -5.3 0.1 -3.4
v -5.2 0.1 -3.4
v 3.1 0.1 -3.4
v 3.2 0.1 -3.4
v 12.1 0.1 -3.4
v 12.2 0.1 -3.4
v 12.3 0.1 -3.4
v 12.5 0.1 -3.4
v -11 0.1 -3.5
v -9.8 0.1 -3.5
v 3 0.1 -3.5
v 3.1 0.1 -3.5
v -11.3 0.1 -3.6
v -11 0.1 -3.6
v -5.2 0.1 -3.6
v -5.1 0.1 -3.6
v -1.5 0.1 -3.6
v -1.4 0.1 -3.6
v 2.9 0.1 -3.6
v 3 0.1 -3.6
v 12 0.1 -3.6
v 12.1 0.1 -3.6
v -11.5 0.1 -3.7
v -11.3 0.1 -3.7
v -1.5 0.1 -3.7
v -1.4 0.1 -3.7
v 2.8 0.1 -3.7
v 2.9 0.1 -3.7
v -11.9 0.1 -3.8
v -11.5 0.1 -3.8
v -5.1 0.1 -3.8
v -5 0.1 -3.8
v 2.7 0.1 -3.8
v 2.8 0.1 -3.8
v -12.1 0.1 -3.9
v -11.9 0.1 -3.9
v -5 0.1 -3.9
v -4.9 0.1 -3.9
v -12.3 0.1 -4
v -12.1 0.1 -4
v -4.9 0.1 -4
v -4.8 0.1 -4
v 2.6 0.1 -4
v 2.7 0.1 -4
v 11.9 0.1 -4
v 12 0.1 -4
v -12.5 0.1 -4.1
v -12.3 0.1 -4.1
v -4.8 0.1 -4.1
v -4.7 0.1 -4.1
v -12.6 0.1 -4.2
v -12.5 0.1 -4.2
v 0.4 0.1 -4.2
v 0.5 0.1 -4.2
v 2.5 0.1 -4.2
v 2.6 0.1 -4.2
v -12.7 0.1 -4.3
v -12.6 0.1 -4.3
v -4.7 0.1 -4.3
v -4.6 0.1 -4.3
v 0.4 0.1 -4.3
v 0.5 0.1 -4.3
v -12.8 0.1 -4.4
v -12.7 0.1 -4.4
v 1.2 0.1 -4.4
v 1.3 0.1 -4.4
v 2.4 0.1 -4.4
v 2.5 0.1 -4.4
v 11.8 0.1 -4.4
v 11.9 0.1 -4.4
v -4.6 0.1 -4.5
v -4.5 0.1 -4.5
v -2.4 0.1 -4.5
v -2.3 0.1 -4.5
v 1.2 0.1 -4.5
v 1.3 0.1 -4.5
v 2.3 0.1 -4.5
v 2.4 0.1 -4.5
v -2.4 0.1 -4.6
v -2.3 0.1 -4.6
v 11.7 0.1 -4.6
v 11.8 0.1 -4.6
v 12.5 0.1 -4.6
v 12.6 0.1 -4.6
v -4.5 0.1 -4.7
v -4.4 0.1 -4.7
v 2.2 0.1 -4.7
v 2.3 0.1 -4.7
v 12.5 0.1 -4.7
v 12.6 0.1 -4.7
v 2.1 0.1 -4.9
v 2.2 0.1 -4.9
v -4.4 0.1 -5
v -4.3 0.1 -5
v 2 0.1 -5.1
v 2.1 0.1 -5.1
v -4.3 0.1 -5.3
v -4.2 0.1 -5.3
v 11.6 0.1 -5.3
v 11.7 0.1 -5.3
v -4.2 0.1 -5.4
v -4.1 0.1 -5.4
v 1.9 0.1 -5.4
v 2 0.1 -5.4
v -2 0.1 -5.5
v -1.9 0.1 -5.5
v -4.1 0.1 -5.6
v -4 0.1 -5.6
v -0.400001 0.1 -5.6
v -0.3 0.1 -5.6
v -2 0.1 -5.7
v -1.9 0.1 -5.7
v -0.400001 0.1 -5.7
v -0.3 0.1 -5.7
v 1.8 0.1 -5.8
v 1.9 0.1 -5.8
v 1.8 0.1 -5.9
v 11.5 0.1 -6
v 11.6 0.1 -6
v -4 0.1 -6.1
v -3.9 0.1 -6.1
v 12.7 0.1 -6.1
v 12.8 0.1 -6.1
v 11.4 0.1 -6.2
v 11.5 0.1 -6.2
v 12.7 0.1 -6.2
v 12.8 0.1 -6.2
v 0.299999 0.1 -6.4
v 0.4 0.1 -6.4
v 11.3 0.1 -6.4
v 11.4 0.1 -6.4
v 11.6 0.1 -6.4
v 11.8 0.1 -6.4
v 11.2 0.1 -6.5
v 11.3 0.1 -6.5
v 11.6 0.1 -6.5
v 11.8 0.1 -6.5
v 11.9 0.1 -6.5
v 12 0.1 -6.5
v 0.299999 0.1 -6.6
v 0.4 0.1 -6.6
v 11.2 0.1 -6.6
v 11.9 0.1 -6.6
v 12 0.1 -6.6
v 11.1 0.1 -6.7
v 11.2 0.1 -6.7
v -3.9 0.1 -6.8
v -3.8 0.1 -6.8
v 1.8 0.1 -6.8
v 11 0.1 -6.8
v 11.1 0.1 -6.8
v -2.6 0.1 -6.9
v -2.5 0.1 -6.9
v 1.8 0.1 -6.9
v 1.9 0.1 -6.9
v 10.9 0.1 -6.9
v 11 0.1 -6.9
v -2.6 0.1 -7
v -2.5 0.1 -7
v 10.7 0.1 -7
v 10.8 0.1 -7
v 10.9 0.1 -7
v 10.6 0.1 -7.1
v 10.7 0.1 -7.1
v 1.9 0.1 -7.2
v 2 0.1 -7.2
v 10.5 0.1 -7.3
v 10.6 0.1 -7.3
v -3.9 0.1 -7.4
v -3.8 0.1 -7.4
v 0.9 0.1 -7.4
v 1 0.1 -7.4
v 0.9 0.1 -7.5
v 1 0.1 -7.5
v 10.4 0.1 -7.5
v 10.5 0.1 -7.5
v 2 0.1 -7.6
v 2.1 0.1 -7.6
v 10.3 0.1 -7.6
v 10.4 0.1 -7.6
v 11.4 0.1 -7.6
v 11.5 0.1 -7.6
v 0.599999 0.1 -7.7
v 0.7 0.1 -7.7
v 2.1 0.1 -7.7
v 2.2 0.1 -7.7
v 10.2 0.1 -7.7
v 10.3 0.1 -7.7
v 11.4 0.1 -7.7
v 11.5 0.1 -7.7
v -4 0.1 -7.8
v -3.9 0.1 -7.8
v 0.599999 0.1 -7.8
v 0.7 0.1 -7.8
v 1.7 0.1 -7.8
v 1.8 0.1 -7.8
v 10.1 0.1 -7.8
v 10.2 0.1 -7.8
v 1.7 0.1 -7.9
v 1.8 0.1 -7.9
v 2.2 0.1 -7.9
v 2.3 0.1 -7.9
v 10 0.1 -7.9
v 10.1 0.1 -7.9
v 11.5 0.1 -7.9
v 11.6 0.1 -7.9
v -0.700001 0.1 -8
v -0.6 0.1 -8
v 2.3 0.1 -8
v 9.8 0.1 -8
v 10 0.1 -8
v 11.5 0.1 -8
v 11.6 0.1 -8
v -4.1 0.1 -8.1
v -4 0.1 -8.1
v -0.700001 0.1 -8.1
v -0.6 0.1 -8.1
v 2.3 0.1 -8.1
v 2.4 0.1 -8.1
v 9.6 0.1 -8.1
v 9.8 0.1 -8.1
v 1.5 0.1 -8.2
v 1.6 0.1 -8.2
v 2.3 0.1 -8.2
v 2.4 0.1 -8.2
v 2.6 0.1 -8.2
v 9.4 0.1 -8.2
v 9.5 0.1 -8.2
v 9.6 0.1 -8.2
v -4.2 0.1 -8.3
v -4.1 0.1 -8.3
v 1.5 0.1 -8.3
v 1.6 0.1 -8.3
v 2.3 0.1 -8.3
v 2.4 0.1 -8.3
v 2.5 0.1 -8.3
v 2.6 0.1 -8.3
v 2.7 0.1 -8.3
v 9.3 0.1 -8.3
v 9.4 0.1 -8.3
v 1.9 0.1 -8.4
v 2 0.1 -8.4
v 2.2 0.1 -8.4
v 2.4 0.1 -8.4
v 2.5 0.1 -8.4
v 2.7 0.1 -8.4
v 2.8 0.1 -8.4
v 2.9 0.1 -8.4
v 9.1 0.1 -8.4
v 9.3 0.1 -8.4
v 10.5 0.1 -8.4
v 10.6 0.1 -8.4
v -4.3 0.1 -8.5
v -4.2 0.1 -8.5
v -2.1 0.1 -8.5
v -2 0.1 -8.5
v 1.9 0.1 -8.5
v 2 0.1 -8.5
v 2.2 0.1 -8.5
v 2.4 0.1 -8.5
v 2.5 0.1 -8.5
v 2.6 0.1 -8.5
v 2.7 0.1 -8.5
v 2.8 0.1 -8.5
v 2.9 0.1 -8.5
v 3 0.1 -8.5
v 3.1 0.1 -8.5
v 8.9 0.1 -8.5
v 9.1 0.1 -8.5
v 10.5 0.1 -8.5
v 10.6 0.1 -8.5
v -2.1 0.1 -8.6
v -2 0.1 -8.6
v 1.4 0.1 -8.6
v 1.5 0.1 -8.6
v 2.4 0.1 -8.6
v 2.6 0.1 -8.6
v 2.8 0.1 -8.6
v 3 0.1 -8.6
v 3.1 0.1 -8.6
v 3.2 0.1 -8.6
v 8.7 0.1 -8.6
v 8.9 0.1 -8.6
v 1.4 0.1 -8.7
v 1.5 0.1 -8.7
v 1.6 0.1 -8.7
v 2 0.1 -8.7
v 2.1 0.1 -8.7
v 2.5 0.1 -8.7
v 2.6 0.1 -8.7
v 2.8 0.1 -8.7
v 2.9 0.1 -8.7
v 3 0.1 -8.7
v 3.2 0.1 -8.7
v 3.3 0.1 -8.7
v 8.4 0.1 -8.7
v 8.7 0.1 -8.7
v 9.2 0.1 -8.7
v 9.3 0.1 -8.7
v 11.2 0.1 -8.7
v 11.3 0.1 -8.7
v -4.4 0.1 -8.8
v -4.3 0.1 -8.8
v 1.5 0.1 -8.8
v 1.6 0.1 -8.8
v 1.7 0.1 -8.8
v 2.2 0.1 -8.8
v 2.4 0.1 -8.8
v 2.5 0.1 -8.8
v 2.6 0.1 -8.8
v 2.9 0.1 -8.8
v 3 0.1 -8.8
v 3.3 0.1 -8.8
v 3.5 0.1 -8.8
v 8.2 0.1 -8.8
v 8.4 0.1 -8.8
v 9.2 0.1 -8.8
v 9.3 0.1 -8.8
v 10.6 0.1 -8.8
v 10.8 0.1 -8.8
v 11 0.1 -8.8
v 11.1 0.1 -8.8
v 11.2 0.1 -8.8
v 11.3 0.1 -8.8
v -4.5 0.1 -8.9
v -4.4 0.1 -8.9
v 1.1 0.1 -8.9
v 1.2 0.1 -8.9
v 1.6 0.1 -8.9
v 1.7 0.1 -8.9
v 2.4 0.1 -8.9
v 2.5 0.1 -8.9
v 3.4 0.1 -8.9
v 3.5 0.1 -8.9
v 3.6 0.1 -8.9
v 8 0.1 -8.9
v 8.2 0.1 -8.9
v 10.6 0.1 -8.9
v 10.8 0.1 -8.9
v 11 0.1 -8.9
v 11.1 0.1 -8.9
v 11.3 0.1 -8.9
v 11.4 0.1 -8.9
v 11.9 0.1 -8.9
v 12 0.1 -8.9
v 12.7 0.1 -8.9
v 12.8 0.1 -8.9
v -4.6 0.1 -9
v -4.5 0.1 -9
v 0.799999 0.1 -9
v 0.9 0.1 -9
v 1.1 0.1 -9
v 1.2 0.1 -9
v 1.6 0.1 -9
v 1.7 0.1 -9
v 2 0.1 -9
v 2.1 0.1 -9
v 2.2 0.1 -9
v 2.3 0.1 -9
v 2.5 0.1 -9
v 3.4 0.1 -9
v 3.5 0.1 -9
v 3.6 0.1 -9
v 3.9 0.1 -9
v 7.6 0.1 -9
v 8 0.1 -9
v 11.3 0.1 -9
v 11.4 0.1 -9
v 11.5 0.1 -9
v 11.6 0.1 -9
v 11.9 0.1 -9
v 12 0.1 -9
v 12.7 0.1 -9
v 12.8 0.1 -9
v -4.7 0.1 -9.1
v -4.6 0.1 -9.1
v 1.6 0.1 -9.1
v 1.7 0.1 -9.1
v 1.9 0.1 -9.1
v 2 0.1 -9.1
v 2.1 0.1 -9.1
v 2.3 0.1 -9.1
v 2.4 0.1 -9.1
v 2.7 0.1 -9.1
v 2.8 0.1 -9.1
v 3.4 0.1 -9.1
v 3.5 0.1 -9.1
v 3.9 0.1 -9.1
v 4.1 0.1 -9.1
v 7.3 0.1 -9.1
v 7.6 0.1 -9.1
v 11.5 0.1 -9.1
v 11.6 0.1 -9.1
v -0.900001 0.1 -9.2
v -0.8 0.1 -9.2
v 0.799999 0.1 -9.2
v 0.9 0.1 -9.2
v 2.1 0.1 -9.2
v 2.3 0.1 -9.2
v 2.4 0.1 -9.2
v 2.5 0.1 -9.2
v 2.6 0.1 -9.2
v 2.7 0.1 -9.2
v 2.8 0.1 -9.2
v 4.1 0.1 -9.2
v 4.4 0.1 -9.2
v 7.1 0.1 -9.2
v 7.3 0.1 -9.2
v -4.8 0.1 -9.3
v -4.7 0.1 -9.3
v -4.5 0.1 -9.3
v -4.4 0.1 -9.3
v 1.4 0.1 -9.3
v 1.5 0.1 -9.3
v 1.6 0.1 -9.3
v 1.7 0.1 -9.3
v 1.9 0.1 -9.3
v 2 0.1 -9.3
v 2.1 0.1 -9.3
v 2.2 0.1 -9.3
v 3.9 0.1 -9.3
v 4.1 0.1 -9.3
v 4.4 0.1 -9.3
v 4.6 0.1 -9.3
v 6.8 0.1 -9.3
v 7.1 0.1 -9.3
v 8.8 0.1 -9.3
v 8.9 0.1 -9.3
v -0.900001 0.1 -9.4
v -0.8 0.1 -9.4
v 1.6 0.1 -9.4
v 1.7 0.1 -9.4
v 2.1 0.1 -9.4
v 2.2 0.1 -9.4
v 2.3 0.1 -9.4
v 2.4 0.1 -9.4
v 2.5 0.1 -9.4
v 2.6 0.1 -9.4
v 3 0.1 -9.4
v 3.2 0.1 -9.4
v 3.9 0.1 -9.4
v 4 0.1 -9.4
v 4.1 0.1 -9.4
v 4.2 0.1 -9.4
v 4.6 0.1 -9.4
v 4.7 0.1 -9.4
v 4.8 0.1 -9.4
v 5.1 0.1 -9.4
v 6.6 0.1 -9.4
v 6.8 0.1 -9.4
v 8.8 0.1 -9.4
v 8.9 0.1 -9.4
v -4.9 0.1 -9.5
v -4.8 0.1 -9.5
v -4.5 0.1 -9.5
v -4.4 0.1 -9.5
v 0.799999 0.1 -9.5
v 0.9 0.1 -9.5
v 1.4 0.1 -9.5
v 1.5 0.1 -9.5
v 1.6 0.1 -9.5
v 1.7 0.1 -9.5
v 1.8 0.1 -9.5
v 1.9 0.1 -9.5
v 2.1 0.1 -9.5
v 2.2 0.1 -9.5
v 3 0.1 -9.5
v 3.2 0.1 -9.5
v 4 0.1 -9.5
v 4.1 0.1 -9.5
v 4.2 0.1 -9.5
v 5.1 0.1 -9.5
v 5.2 0.1 -9.5
v 5.7 0.1 -9.5
v 6 0.1 -9.5
v 6.6 0.1 -9.5
v 8.5 0.1 -9.5
v 8.6 0.1 -9.5
v 11 0.1 -9.5
v 11.1 0.1 -9.5
v -5 0.1 -9.6
v -4.9 0.1 -9.6
v 0.799999 0.1 -9.6
v 0.9 0.1 -9.6
v 1.3 0.1 -9.6
v 1.4 0.1 -9.6
v 1.5 0.1 -9.6
v 1.6 0.1 -9.6
v 1.7 0.1 -9.6
v 1.8 0.1 -9.6
v 1.9 0.1 -9.6
v 2 0.1 -9.6
v 2.1 0.1 -9.6
v 5.7 0.1 -9.6
v 6 0.1 -9.6
v 8.5 0.1 -9.6
v 8.6 0.1 -9.6
v 11 0.1 -9.6
v 11.1 0.1 -9.6
v -5.1 0.1 -9.7
v -5 0.1 -9.7
v -2.6 0.1 -9.7
v -2.5 0.1 -9.7
v -0.700001 0.1 -9.7
v -0.6 0.1 -9.7
v 0.599999 0.1 -9.7
v 0.7 0.1 -9.7
v 1.3 0.1 -9.7
v 1.4 0.1 -9.7
v 1.5 0.1 -9.7
v 1.7 0.1 -9.7
v 2.1 0.1 -9.7
v 2.2 0.1 -9.7
v 2.4 0.1 -9.7
v 2.7 0.1 -9.7
v 2.9 0.1 -9.7
v 3 0.1 -9.7
v -5.2 0.1 -9.8
v -5.1 0.1 -9.8
v -2.6 0.1 -9.8
v -2.5 0.1 -9.8
v -0.700001 0.1 -9.8
v -0.6 0.1 -9.8
v 0.2 0.1 -9.8
v 0.299999 0.1 -9.8
v 0.599999 0.1 -9.8
v 0.7 0.1 -9.8
v 0.799999 0.1 -9.8
v 1.3 0.1 -9.8
v 1.6 0.1 -9.8
v 1.7 0.1 -9.8
v 1.9 0.1 -9.8
v 2 0.1 -9.8
v 2.1 0.1 -9.8
v 2.2 0.1 -9.8
v 2.4 0.1 -9.8
v 2.7 0.1 -9.8
v 5.8 0.1 -9.8
v 5.9 0.1 -9.8
v -2.6 0.1 -9.9
v -2.5 0.1 -9.9
v 0.2 0.1 -9.9
v 0.299999 0.1 -9.9
v 0.7 0.1 -9.9
v 0.799999 0.1 -9.9
v 0.9 0.1 -9.9
v 1 0.1 -9.9
v 1.1 0.1 -9.9
v 1.3 0.1 -9.9
v 1.6 0.1 -9.9
v 2.9 0.1 -9.9
v 3 0.1 -9.9
v 5.8 0.1 -9.9
v 5.9 0.1 -9.9
v 7 0.1 -9.9
v 7.1 0.1 -9.9
v -5.3 0.1 -10
v -5.2 0.1 -10
v 0.799999 0.1 -10
v 0.9 0.1 -10
v 1 0.1 -10
v 1.1 0.1 -10
v 1.6 0.1 -10
v 1.7 0.1 -10
v 2.1 0.1 -10
v 2.2 0.1 -10
v 2.6 0.1 -10
v 2.7 0.1 -10
v 7 0.1 -10
v 7.1 0.1 -10
v -5.4 0.1 -10.1
v -5.3 0.1 -10.1
v 1.2 0.1 -10.1
v 1.3 0.1 -10.1
v 1.6 0.1 -10.1
v 1.7 0.1 -10.1
v 1.9 0.1 -10.1
v 2 0.1 -10.1
v 2.6 0.1 -10.1
v 2.7 0.1 -10.1
v 4 0.1 -10.1
v 4.1 0.1 -10.1
v 7.9 0.1 -10.1
v 8 0.1 -10.1
v -5.5 0.1 -10.2
v -5.4 0.1 -10.2
v -0.400001 0.1 -10.2
v -0.3 0.1 -10.2
v 1 0.1 -10.2
v 1.2 0.1 -10.2
v 1.3 0.1 -10.2
v 1.4 0.1 -10.2
v 1.5 0.1 -10.2
v 1.6 0.1 -10.2
v 1.7 0.1 -10.2
v 1.9 0.1 -10.2
v 2 0.1 -10.2
v 2.5 0.1 -10.2
v 2.6 0.1 -10.2
v 3.6 0.1 -10.2
v 3.7 0.1 -10.2
v 4 0.1 -10.2
v 4.1 0.1 -10.2
v 6.1 0.1 -10.2
v 6.2 0.1 -10.2
v 7.9 0.1 -10.2
v 8 0.1 -10.2
v 12.2 0.1 -10.2
v 12.3 0.1 -10.2
v -2 0.1 -10.3
v -1.9 0.1 -10.3
v -1.1 0.1 -10.3
v -1 0.1 -10.3
v -0.400001 0.1 -10.3
v -0.3 0.1 -10.3
v 0.0999994 0.1 -10.3
v 0.2 0.1 -10.3
v 1 0.1 -10.3
v 1.1 0.1 -10.3
v 1.2 0.1 -10.3
v 1.4 0.1 -10.3
v 1.5 0.1 -10.3
v 1.6 0.1 -10.3
v 1.8 0.1 -10.3
v 1.9 0.1 -10.3
v 2.2 0.1 -10.3
v 2.5 0.1 -10.3
v 2.6 0.1 -10.3
v 3.6 0.1 -10.3
v 3.7 0.1 -10.3
v 4.5 0.1 -10.3
v 4.6 0.1 -10.3
v 6.1 0.1 -10.3
v 6.2 0.1 -10.3
v 8.4 0.1 -10.3
v 8.5 0.1 -10.3
v 9.3 0.1 -10.3
v 9.4 0.1 -10.3
v 10.3 0.1 -10.3
v 10.4 0.1 -10.3
v 12.2 0.1 -10.3
v 12.3 0.1 -10.3
v -5.7 0.1 -10.4
v -5.5 0.1 -10.4
v -2 0.1 -10.4
v -1.9 0.1 -10.4
v -1.2 0.1 -10.4
v -1.1 0.1 -10.4
v -1 0.1 -10.4
v 0.0999994 0.1 -10.4
v 0.2 0.1 -10.4
v 1.1 0.1 -10.4
v 1.2 0.1 -10.4
v 1.4 0.1 -10.4
v 1.5 0.1 -10.4
v 1.6 0.1 -10.4
v 1.7 0.1 -10.4
v 1.8 0.1 -10.4
v 2 0.1 -10.4
v 2.2 0.1 -10.4
v 4.5 0.1 -10.4
v 4.6 0.1 -10.4
v 5.8 0.1 -10.4
v 5.9 0.1 -10.4
v 6.6 0.1 -10.4
v 6.7 0.1 -10.4
v 8.4 0.1 -10.4
v 8.5 0.1 -10.4
v 9.3 0.1 -10.4
v 9.4 0.1 -10.4
v 10.3 0.1 -10.4
v 10.4 0.1 -10.4
v -5.9 0.1 -10.5
v -5.7 0.1 -10.5
v -1.2 0.1 -10.5
v -1.1 0.1 -10.5
v 0.0999994 0.1 -10.5
v 0.2 0.1 -10.5
v 1 0.1 -10.5
v 1.1 0.1 -10.5
v 1.4 0.1 -10.5
v 1.5 0.1 -10.5
v 1.6 0.1 -10.5
v 1.7 0.1 -10.5
v 1.9 0.1 -10.5
v 2 0.1 -10.5
v 2.9 0.1 -10.5
v 3 0.1 -10.5
v 5.8 0.1 -10.5
v 5.9 0.1 -10.5
v 6.6 0.1 -10.5
v 6.7 0.1 -10.5
v -6.1 0.1 -10.6
v -5.9 0.1 -10.6
v 0.4 0.1 -10.6
v 0.599999 0.1 -10.6
v 0.7 0.1 -10.6
v 0.799999 0.1 -10.6
v 1 0.1 -10.6
v 1.1 0.1 -10.6
v 1.2 0.1 -10.6
v 1.4 0.1 -10.6
v 2.9 0.1 -10.6
v 3 0.1 -10.6
v -6.4 0.1 -10.7
v -6.1 0.1 -10.7
v 0.0999994 0.1 -10.7
v 0.2 0.1 -10.7
v 0.4 0.1 -10.7
v 0.599999 0.1 -10.7
v 1.1 0.1 -10.7
v 1.2 0.1 -10.7
v 1.3 0.1 -10.7
v 1.4 0.1 -10.7
v 1.7 0.1 -10.7
v 1.8 0.1 -10.7
v 2.2 0.1 -10.7
v 2.4 0.1 -10.7
v -6.5 0.1 -10.8
v -6.4 0.1 -10.8
v -4.1 0.1 -10.8
v -4 0.1 -10.8
v -2.4 0.1 -10.8
v -2.3 0.1 -10.8
v -0.900001 0.1 -10.8
v -0.8 0.1 -10.8
v 0.0999994 0.1 -10.8
v 0.2 0.1 -10.8
v 1 0.1 -10.8
v 1.1 0.1 -10.8
v 1.3 0.1 -10.8
v 1.4 0.1 -10.8
v 2 0.1 -10.8
v 2.1 0.1 -10.8
v 2.2 0.1 -10.8
v 2.4 0.1 -10.8
v 8.9 0.1 -10.8
v 9 0.1 -10.8
v -6.7 0.1 -10.9
v -6.5 0.1 -10.9
v -4.1 0.1 -10.9
v -4 0.1 -10.9
v -2.4 0.1 -10.9
v -2.3 0.1 -10.9
v -0.900001 0.1 -10.9
v -0.8 0.1 -10.9
v 0.7 0.1 -10.9
v 0.799999 0.1 -10.9
v 1 0.1 -10.9
v 1.1 0.1 -10.9
v 1.2 0.1 -10.9
v 1.4 0.1 -10.9
v 1.7 0.1 -10.9
v 1.8 0.1 -10.9
v 2 0.1 -10.9
v 2.1 0.1 -10.9
v 2.6 0.1 -10.9
v 2.7 0.1 -10.9
v 3.1 0.1 -10.9
v 3.2 0.1 -10.9
v 3.3 0.1 -10.9
v 8.9 0.1 -10.9
v 9 0.1 -10.9
v -6.9 0.1 -11
v -6.7 0.1 -11
v -0.200001 0.1 -11
v -0.1 0.1 -11
v 0.4 0.1 -11
v 0.5 0.1 -11
v 0.799999 0.1 -11
v 1.1 0.1 -11
v 1.3 0.1 -11
v 1.4 0.1 -11
v 2.6 0.1 -11
v 2.7 0.1 -11
v 3.1 0.1 -11
v 3.2 0.1 -11
v 3.3 0.1 -11
v 5.3 0.1 -11
v 5.4 0.1 -11
v 5.8 0.1 -11
v 5.9 0.1 -11
v 7.8 0.1 -11
v 7.9 0.1 -11
v -7.1 0.1 -11.1
v -6.9 0.1 -11.1
v -1.1 0.1 -11.1
v -1 0.1 -11.1
v -0.200001 0.1 -11.1
v -0.1 0.1 -11.1
v 0.4 0.1 -11.1
v 0.5 0.1 -11.1
v 0.799999 0.1 -11.1
v 0.9 0.1 -11.1
v 1.1 0.1 -11.1
v 1.2 0.1 -11.1
v 1.3 0.1 -11.1
v 1.4 0.1 -11.1
v 2.4 0.1 -11.1
v 2.5 0.1 -11.1
v 5.3 0.1 -11.1
v 5.4 0.1 -11.1
v 5.8 0.1 -11.1
v 5.9 0.1 -11.1
v 6.1 0.1 -11.1
v 6.2 0.1 -11.1
v 7.8 0.1 -11.1
v 7.9 0.1 -11.1
v 8.2 0.1 -11.1
v 8.3 0.1 -11.1
v 10.1 0.1 -11.1
v 10.2 0.1 -11.1
v -7.2 0.1 -11.2
v -7.1 0.1 -11.2
v -1.1 0.1 -11.2
v -1 0.1 -11.2
v 0.299999 0.1 -11.2
v 0.4 0.1 -11.2
v 0.799999 0.1 -11.2
v 0.9 0.1 -11.2
v 1 0.1 -11.2
v 1.1 0.1 -11.2
v 1.2 0.1 -11.2
v 1.7 0.1 -11.2
v 2 0.1 -11.2
v 2.4 0.1 -11.2
v 2.5 0.1 -11.2
v 4 0.1 -11.2
v 4.1 0.1 -11.2
v 6.1 0.1 -11.2
v 6.2 0.1 -11.2
v 8.2 0.1 -11.2
v 8.3 0.1 -11.2
v 8.6 0.1 -11.2
v 8.7 0.1 -11.2
v 10.1 0.1 -11.2
v 10.2 0.1 -11.2
v 11.6 0.1 -11.2
v 11.8 0.1 -11.2
v -7.4 0.1 -11.3
v -7.2 0.1 -11.3
v -2.4 0.1 -11.3
v -2.3 0.1 -11.3
v 0.299999 0.1 -11.3
v 0.4 0.1 -11.3
v 0.599999 0.1 -11.3
v 0.7 0.1 -11.3
v 0.799999 0.1 -11.3
v 0.9 0.1 -11.3
v 1 0.1 -11.3
v 1.3 0.1 -11.3
v 1.4 0.1 -11.3
v 1.7 0.1 -11.3
v 2 0.1 -11.3
v 2.9 0.1 -11.3
v 3 0.1 -11.3
v 4 0.1 -11.3
v 4.1 0.1 -11.3
v 8.6 0.1 -11.3
v 8.7 0.1 -11.3
v 11 0.1 -11.3
v 11.1 0.1 -11.3
v 11.6 0.1 -11.3
v 11.8 0.1 -11.3
v 12.4 0.1 -11.3
v 12.5 0.1 -11.3
v -7.5 0.1 -11.4
v -7.4 0.1 -11.4
v -2.4 0.1 -11.4
v -2.3 0.1 -11.4
v 0.4 0.1 -11.4
v 0.5 0.1 -11.4
v 1.6 0.1 -11.4
v 1.7 0.1 -11.4
v 2.9 0.1 -11.4
v 3 0.1 -11.4
v 3.8 0.1 -11.4
v 3.9 0.1 -11.4
v 4.2 0.1 -11.4
v 4.3 0.1 -11.4
v 11 0.1 -11.4
v 11.1 0.1 -11.4
v 11.3 0.1 -11.4
v 12.4 0.1 -11.4
v 12.5 0.1 -11.4
v -7.8 0.1 -11.5
v -7.5 0.1 -11.5
v -0.5 0.1 -11.5
v -0.400001 0.1 -11.5
v 0.299999 0.1 -11.5
v 0.4 0.1 -11.5
v 0.5 0.1 -11.5
v 0.599999 0.1 -11.5
v 0.7 0.1 -11.5
v 0.9 0.1 -11.5
v 1 0.1 -11.5
v 1.1 0.1 -11.5
v 1.4 0.1 -11.5
v 1.5 0.1 -11.5
v 1.6 0.1 -11.5
v 3.8 0.1 -11.5
v 3.9 0.1 -11.5
v 4.2 0.1 -11.5
v 4.3 0.1 -11.5
v 11.1 0.1 -11.5
v 11.3 0.1 -11.5
v -7.9 0.1 -11.6
v -7.8 0.1 -11.6
v -5.9 0.1 -11.6
v -5.8 0.1 -11.6
v -4.6 0.1 -11.6
v -4.4 0.1 -11.6
v -2.1 0.1 -11.6
v -2 0.1 -11.6
v -0.5 0.1 -11.6
v -0.400001 0.1 -11.6
v 0.299999 0.1 -11.6
v 0.599999 0.1 -11.6
v 0.7 0.1 -11.6
v 0.9 0.1 -11.6
v 1 0.1 -11.6
v 1.1 0.1 -11.6
v 1.2 0.1 -11.6
v 1.3 0.1 -11.6
v 1.4 0.1 -11.6
v 1.5 0.1 -11.6
v 1.6 0.1 -11.6
v 1.7 0.1 -11.6
v 9.3 0.1 -11.6
v 9.4 0.1 -11.6
v -8.2 0.1 -11.7
v -8.1 0.1 -11.7
v -7.9 0.1 -11.7
v -7.8 0.1 -11.7
v -5.9 0.1 -11.7
v -5.8 0.1 -11.7
v -4.6 0.1 -11.7
v -4.4 0.1 -11.7
v -2.1 0.1 -11.7
v -2 0.1 -11.7
v -0.1 0.1 -11.7
v 0 0.1 -11.7
v 0.0999994 0.1 -11.7
v 0.599999 0.1 -11.7
v 0.7 0.1 -11.7
v 0.9 0.1 -11.7
v 8.1 0.1 -11.7
v 8.2 0.1 -11.7
v 9.3 0.1 -11.7
v 9.4 0.1 -11.7
v -8.4 0.1 -11.8
v -8.2 0.1 -11.8
v -1.3 0.1 -11.8
v -1.2 0.1 -11.8
v -0.900001 0.1 -11.8
v -0.8 0.1 -11.8
v -0.5 0.1 -11.8
v -0.3 0.1 -11.8
v -0.200001 0.1 -11.8
v -0.1 0.1 -11.8
v 0 0.1 -11.8
v 0.0999994 0.1 -11.8
v 0.2 0.1 -11.8
v 0.5 0.1 -11.8
v 0.599999 0.1 -11.8
v 3 0.1 -11.8
v 3.1 0.1 -11.8
v 8.1 0.1 -11.8
v 8.2 0.1 -11.8
v -8.5 0.1 -11.9
v -8.4 0.1 -11.9
v -7.3 0.1 -11.9
v -7.1 0.1 -11.9
v -2.3 0.1 -11.9
v -2.2 0.1 -11.9
v -1.3 0.1 -11.9
v -1.2 0.1 -11.9
v -1 0.1 -11.9
v -0.900001 0.1 -11.9
v -0.8 0.1 -11.9
v -0.700001 0.1 -11.9
v -0.6 0.1 -11.9
v -0.400001 0.1 -11.9
v -0.3 0.1 -11.9
v -0.200001 0.1 -11.9
v -0.1 0.1 -11.9
v 0 0.1 -11.9
v 0.0999994 0.1 -11.9
v 0.299999 0.1 -11.9
v 0.5 0.1 -11.9
v 0.599999 0.1 -11.9
v 3 0.1 -11.9
v 3.1 0.1 -11.9
v 4.6 0.1 -11.9
v 4.7 0.1 -11.9
v -8.8 0.1 -12
v -8.5 0.1 -12
v -7.3 0.1 -12
v -7.1 0.1 -12
v -4.7 0.1 -12
v -4.6 0.1 -12
v -2.3 0.1 -12
v -2.2 0.1 -12
v -1.7 0.1 -12
v -1.6 0.1 -12
v -1 0.1 -12
v -0.900001 0.1 -12
v -0.700001 0.1 -12
v -0.6 0.1 -12
v -0.5 0.1 -12
v -0.400001 0.1 -12
v -0.200001 0.1 -12
v 0 0.1 -12
v 0.0999994 0.1 -12
v 0.2 0.1 -12
v 0.299999 0.1 -12
v 0.5 0.1 -12
v 1.1 0.1 -12
v 1.2 0.1 -12
v 1.5 0.1 -12
v 1.6 0.1 -12
v 1.7 0.1 -12
v 2 0.1 -12
v 2.1 0.1 -12
v 3 0.1 -12
v 3.1 0.1 -12
v 4.6 0.1 -12
v 4.7 0.1 -12
v 6.5 0.1 -12
v 6.6 0.1 -12
v 8.3 0.1 -12
v 8.4 0.1 -12
v -9 0.1 -12.1
v -8.8 0.1 -12.1
v -4.7 0.1 -12.1
v -4.6 0.1 -12.1
v -1.7 0.1 -12.1
v -1.6 0.1 -12.1
v -0.8 0.1 -12.1
v -0.700001 0.1 -12.1
v -0.1 0.1 -12.1
v 0 0.1 -12.1
v 0.299999 0.1 -12.1
v 0.4 0.1 -12.1
v 0.599999 0.1 -12.1
v 0.799999 0.1 -12.1
v 1.1 0.1 -12.1
v 1.2 0.1 -12.1
v 1.5 0.1 -12.1
v 1.6 0.1 -12.1
v 1.7 0.1 -12.1
v 2 0.1 -12.1
v 2.1 0.1 -12.1
v 6.4 0.1 -12.1
v 6.5 0.1 -12.1
v 8.3 0.1 -12.1
v 8.4 0.1 -12.1
v 10 0.1 -12.1
v 10.1 0.1 -12.1
v 11.4 0.1 -12.1
v 11.5 0.1 -12.1
v 12.2 0.1 -12.1
v 12.3 0.1 -12.1
v -9.2 0.1 -12.2
v -9 0.1 -12.2
v -1.2 0.1 -12.2
v -1.1 0.1 -12.2
v -0.8 0.1 -12.2
v -0.700001 0.1 -12.2
v -0.5 0.1 -12.2
v -0.200001 0.1 -12.2
v -0.1 0.1 -12.2
v 0 0.1 -12.2
v 0.299999 0.1 -12.2
v 0.4 0.1 -12.2
v 0.7 0.1 -12.2
v 0.799999 0.1 -12.2
v 1.5 0.1 -12.2
v 1.6 0.1 -12.2
v 1.7 0.1 -12.2
v 6.4 0.1 -12.2
v 6.5 0.1 -12.2
v 6.6 0.1 -12.2
v 7.3 0.1 -12.2
v 7.4 0.1 -12.2
v 10 0.1 -12.2
v 10.1 0.1 -12.2
v 11.4 0.1 -12.2
v 11.5 0.1 -12.2
v 12.2 0.1 -12.2
v 12.3 0.1 -12.2
v -9.4 0.1 -12.3
v -9.2 0.1 -12.3
v -4.6 0.1 -12.3
v -4.5 0.1 -12.3
v -3.2 0.1 -12.3
v -3.1 0.1 -12.3
v -1.3 0.1 -12.3
v -1.2 0.1 -12.3
v -0.900001 0.1 -12.3
v -0.8 0.1 -12.3
v -0.700001 0.1 -12.3
v -0.6 0.1 -12.3
v -0.5 0.1 -12.3
v -0.400001 0.1 -12.3
v -0.200001 0.1 -12.3
v -0.1 0.1 -12.3
v 0.599999 0.1 -12.3
v 0.7 0.1 -12.3
v 0.799999 0.1 -12.3
v 0.9 0.1 -12.3
v 1.5 0.1 -12.3
v 1.6 0.1 -12.3
v 6.3 0.1 -12.3
v 6.4 0.1 -12.3
v 7.3 0.1 -12.3
v 7.4 0.1 -12.3
v 12.5 0.1 -12.3
v 12.6 0.1 -12.3
v -10.3 0.1 -12.4
v -9.4 0.1 -12.4
v -4.6 0.1 -12.4
v -4.5 0.1 -12.4
v -3.2 0.1 -12.4
v -3.1 0.1 -12.4
v -1.7 0.1 -12.4
v -1.6 0.1 -12.4
v -1.3 0.1 -12.4
v -1.1 0.1 -12.4
v -1 0.1 -12.4
v -0.900001 0.1 -12.4
v -0.8 0.1 -12.4
v -0.6 0.1 -12.4
v -0.400001 0.1 -12.4
v -0.3 0.1 -12.4
v -0.200001 0.1 -12.4
v 0.599999 0.1 -12.4
v 0.7 0.1 -12.4
v 0.799999 0.1 -12.4
v 0.9 0.1 -12.4
v 1.1 0.1 -12.4
v 1.2 0.1 -12.4
v 3.3 0.1 -12.4
v 3.4 0.1 -12.4
v 4.2 0.1 -12.4
v 4.3 0.1 -12.4
v 6.3 0.1 -12.4
v 6.4 0.1 -12.4
v 11.7 0.1 -12.4
v 11.8 0.1 -12.4
v 12.5 0.1 -12.4
v 12.6 0.1 -12.4
v 12.7 0.1 -12.4
v 12.8 0.1 -12.4
v -10.5 0.1 -12.5
v -10.3 0.1 -12.5
v -1.7 0.1 -12.5
v -1.6 0.1 -12.5
v -1.2 0.1 -12.5
v -1.1 0.1 -12.5
v -0.900001 0.1 -12.5
v -0.700001 0.1 -12.5
v -0.6 0.1 -12.5
v 0.0999994 0.1 -12.5
v 0.2 0.1 -12.5
v 0.599999 0.1 -12.5
v 0.7 0.1 -12.5
v 1.1 0.1 -12.5
v 1.2 0.1 -12.5
v 3.3 0.1 -12.5
v 3.4 0.1 -12.5
v 4.2 0.1 -12.5
v 4.3 0.1 -12.5
v 4.4 0.1 -12.5
v 9.4 0.1 -12.5
v 9.5 0.1 -12.5
v 11.7 0.1 -12.5
v 11.8 0.1 -12.5
v -12.8 0.1 -12.6
v -12.7 0.1 -12.6
v -12 0.1 -12.6
v -10.5 0.1 -12.6
v -1.8 0.1 -12.6
v -1.7 0.1 -12.6
v -1.6 0.1 -12.6
v -1.5 0.1 -12.6
v -1.4 0.1 -12.6
v -1.2 0.1 -12.6
v -1 0.1 -12.6
v -0.900001 0.1 -12.6
v -0.700001 0.1 -12.6
v -0.6 0.1 -12.6
v -0.5 0.1 -12.6
v -0.400001 0.1 -12.6
v -0.3 0.1 -12.6
v -0.200001 0.1 -12.6
v 0 0.1 -12.6
v 0.0999994 0.1 -12.6
v 0.9 0.1 -12.6
v 1.1 0.1 -12.6
v 4.3 0.1 -12.6
v 4.4 0.1 -12.6
v 9.4 0.1 -12.6
v 9.5 0.1 -12.6
v 12.7 0.1 -12.6
v 12.8 0.1 -12.6
v -12.7 0.1 -12.7
v -12 0.1 -12.7
v -11.9 0.1 -12.7
v -1.8 0.1 -12.7
v -1.7 0.1 -12.7
v -1.4 0.1 -12.7
v -1.3 0.1 -12.7
v -1.2 0.1 -12.7
v -1.1 0.1 -12.7
v -1 0.1 -12.7
v -0.900001 0.1 -12.7
v -0.8 0.1 -12.7
v -0.700001 0.1 -12.7
v -0.5 0.1 -12.7
v -0.400001 0.1 -12.7
v 0 0.1 -12.7
v 0.2 0.1 -12.7
v 0.4 0.1 -12.7
v 0.5 0.1 -12.7
v 0.9 0.1 -12.7
v 1.1 0.1 -12.7
v 2.1 0.1 -12.7
v 2.2 0.1 -12.7
v 3.1 0.1 -12.7
v 3.2 0.1 -12.7
v 5.9 0.1 -12.7
v 6 0.1 -12.7
v -12.8 0.1 -12.8
v -12 0.1 -12.8
v -11.9 0.1 -12.8
v -1.6 0.1 -12.8
v -1.5 0.1 -12.8
v -1.3 0.1 -12.8
v -1.2 0.1 -12.8
v -1 0.1 -12.8
v -0.8 0.1 -12.8
v -0.700001 0.1 -12.8
v 0.4 0.1 -12.8
v 0.5 0.1 -12.8
v 2.1 0.1 -12.8
v 2.2 0.1 -12.8
v 3.1 0.1 -12.8
v 3.2 0.1 -12.8
v 5.9 0.1 -12.8
v 6 0.1 -12.8
v 12.8 0.1 -12.8
v -8.3 0.2 -2.8
v -6.8 0.2 -2.8
v -8.6 0.2 -2.9
v -8.3 0.2 -2.9
v -6.8 0.2 -2.9
v -6.3 0.2 -2.9
v 4 0.2 -2.9
v 5.1 0.2 -2.9
v -8.9 0.2 -3
v -8.6 0.2 -3
v -6.3 0.2 -3
v -5.8 0.2 -3
v 3.8 0.2 -3
v 4 0.2 -3
v 4.9 0.2 -3
v 5.1 0.2 -3
v -9.1 0.2 -3.1
v -8.9 0.2 -3.1
v -5.8 0.2 -3.1
v -5.7 0.2 -3.1
v 3.7 0.2 -3.1
v 3.8 0.2 -3.1
v 4.4 0.2 -3.1
v 4.5 0.2 -3.1
v 4.6 0.2 -3.1
v 4.9 0.2 -3.1
v 11.1 0.2 -3.1
v 11.3 0.2 -3.1
v 11.4 0.2 -3.1
v 12.2 0.2 -3.1
v -9.3 0.2 -3.2
v -9.1 0.2 -3.2
v -5.7 0.2 -3.2
v -5.5 0.2 -3.2
v 3.5 0.2 -3.2
v 3.7 0.2 -3.2
v 4.2 0.2 -3.2
v 4.4 0.2 -3.2
v 4.5 0.2 -3.2
v 4.6 0.2 -3.2
v 11.1 0.2 -3.2
v 11.2 0.2 -3.2
v 11.3 0.2 -3.2
v 11.4 0.2 -3.2
v -9.5 0.2 -3.3
v -9.3 0.2 -3.3
v -5.5 0.2 -3.3
v -5.3 0.2 -3.3
v 3.2 0.2 -3.3
v 3.5 0.2 -3.3
v 3.8 0.2 -3.3
v 4.2 0.2 -3.3
v -9.8 0.2 -3.4
v -9.5 0.2 -3.4
v -5.3 0.2 -3.4
v -5.2 0.2 -3.4
v 3.1 0.2 -3.4
v 3.2 0.2 -3.4
v 3.5 0.2 -3.4
v 3.8 0.2 -3.4
v 11.2 0.2 -3.4
v 11.3 0.2 -3.4
v 12.1 0.2 -3.4
v 12.2 0.2 -3.4
v -11 0.2 -3.5
v -9.8 0.2 -3.5
v 3 0.2 -3.5
v 3.1 0.2 -3.5
v 3.4 0.2 -3.5
v 3.5 0.2 -3.5
v -11.3 0.2 -3.6
v -11 0.2 -3.6
v -5.2 0.2 -3.6
v -5.1 0.2 -3.6
v 2.9 0.2 -3.6
v 3 0.2 -3.6
v 3.3 0.2 -3.6
v 3.4 0.2 -3.6
v 12 0.2 -3.6
v 12.1 0.2 -3.6
v -11.5 0.2 -3.7
v -11.3 0.2 -3.7
v 2.8 0.2 -3.7
v 2.9 0.2 -3.7
v 3.2 0.2 -3.7
v 3.3 0.2 -3.7
v -11.9 0.2 -3.8
v -11.5 0.2 -3.8
v -5.1 0.2 -3.8
v -5 0.2 -3.8
v 2.7 0.2 -3.8
v 2.8 0.2 -3.8
v 3 0.2 -3.8
v 3.2 0.2 -3.8
v -12.1 0.2 -3.9
v -11.9 0.2 -3.9
v -6.3 0.2 -3.9
v -6.2 0.2 -3.9
v -5 0.2 -3.9
v -4.9 0.2 -3.9
v 2.9 0.2 -3.9
v 3 0.2 -3.9
v -12.3 0.2 -4
v -12.1 0.2 -4
v -6.3 0.2 -4
v -6.2 0.2 -4
v -4.9 0.2 -4
v -4.8 0.2 -4
v 2.6 0.2 -4
v 2.7 0.2 -4
v 2.8 0.2 -4
v 2.9 0.2 -4
v 11.9 0.2 -4
v 12 0.2 -4
v -12.5 0.2 -4.1
v -12.3 0.2 -4.1
v -4.8 0.2 -4.1
v -4.7 0.2 -4.1
v 2.7 0.2 -4.1
v 2.8 0.2 -4.1
v 11.2 0.2 -4.1
v 11.3 0.2 -4.1
v -12.6 0.2 -4.2
v -12.5 0.2 -4.2
v 2.5 0.2 -4.2
v 2.6 0.2 -4.2
v -12.7 0.2 -4.3
v -12.6 0.2 -4.3
v -4.7 0.2 -4.3
v -4.6 0.2 -4.3
v 2.6 0.2 -4.3
v 2.7 0.2 -4.3
v -12.8 0.2 -4.4
v -12.7 0.2 -4.4
v -8.2 0.2 -4.4
v -6.9 0.2 -4.4
v -5 0.2 -4.4
v -4.9 0.2 -4.4
v 2.4 0.2 -4.4
v 2.5 0.2 -4.4
v 2.6 0.2 -4.4
v 11.1 0.2 -4.4
v 11.2 0.2 -4.4
v 11.8 0.2 -4.4
v 11.9 0.2 -4.4
v -8.6 0.2 -4.5
v -8.2 0.2 -4.5
v -6.9 0.2 -4.5
v -6.6 0.2 -4.5
v -5 0.2 -4.5
v -4.9 0.2 -4.5
v -4.8 0.2 -4.5
v -4.6 0.2 -4.5
v -4.5 0.2 -4.5
v 2.3 0.2 -4.5
v 2.4 0.2 -4.5
v 11 0.2 -4.5
v 11.1 0.2 -4.5
v -9 0.2 -4.6
v -8.6 0.2 -4.6
v -6.6 0.2 -4.6
v -6.4 0.2 -4.6
v -4.9 0.2 -4.6
v -4.8 0.2 -4.6
v 2.4 0.2 -4.6
v 2.5 0.2 -4.6
v 11.7 0.2 -4.6
v 11.8 0.2 -4.6
v -9.6 0.2 -4.7
v -9 0.2 -4.7
v -6.4 0.2 -4.7
v -6.3 0.2 -4.7
v -4.5 0.2 -4.7
v -4.4 0.2 -4.7
v 2.2 0.2 -4.7
v 2.3 0.2 -4.7
v 10.9 0.2 -4.7
v 11 0.2 -4.7
v -9.9 0.2 -4.8
v -9.6 0.2 -4.8
v -6.3 0.2 -4.8
v -6.2 0.2 -4.8
v 10.8 0.2 -4.8
v 10.9 0.2 -4.8
v -10.1 0.2 -4.9
v -9.9 0.2 -4.9
v -6.2 0.2 -4.9
v -6.1 0.2 -4.9
v 2.1 0.2 -4.9
v 2.2 0.2 -4.9
v 10.7 0.2 -4.9
v 10.8 0.2 -4.9
v 11.4 0.2 -4.9
v 11.6 0.2 -4.9
v -12.2 0.2 -5
v -11.9 0.2 -5
v -11.8 0.2 -5
v -10.3 0.2 -5
v -10.1 0.2 -5
v -4.4 0.2 -5
v -4.3 0.2 -5
v 2.3 0.2 -5
v 2.4 0.2 -5
v 10.6 0.2 -5
v 10.7 0.2 -5
v 11.4 0.2 -5
v 11.6 0.2 -5
v -12.3 0.2 -5.1
v -12.2 0.2 -5.1
v -11.9 0.2 -5.1
v -11.8 0.2 -5.1
v -11.3 0.2 -5.1
v -10.5 0.2 -5.1
v -10.3 0.2 -5.1
v -6.1 0.2 -5.1
v -6 0.2 -5.1
v 2 0.2 -5.1
v 2.1 0.2 -5.1
v 10.5 0.2 -5.1
v 10.6 0.2 -5.1
v -12.6 0.2 -5.2
v -12.3 0.2 -5.2
v -11.3 0.2 -5.2
v -10.5 0.2 -5.2
v -6 0.2 -5.2
v -5.9 0.2 -5.2
v 10.4 0.2 -5.2
v 10.5 0.2 -5.2
v -12.8 0.2 -5.3
v -12.6 0.2 -5.3
v -4.3 0.2 -5.3
v -4.2 0.2 -5.3
v 10.3 0.2 -5.3
v 10.4 0.2 -5.3
v 11.6 0.2 -5.3
v 11.7 0.2 -5.3
v -5.9 0.2 -5.4
v -5.8 0.2 -5.4
v -4.2 0.2 -5.4
v -4.1 0.2 -5.4
v 1.9 0.2 -5.4
v 2 0.2 -5.4
v 2.2 0.2 -5.4
v 2.3 0.2 -5.4
v 10.2 0.2 -5.4
v 10.3 0.2 -5.4
v 2.2 0.2 -5.5
v 2.3 0.2 -5.5
v -5.8 0.2 -5.6
v -5.7 0.2 -5.6
v -4.1 0.2 -5.6
v -4 0.2 -5.6
v 2.2 0.2 -5.6
v 10.1 0.2 -5.6
v 10.2 0.2 -5.6
v 10 0.2 -5.7
v 10.1 0.2 -5.7
v 1.8 0.2 -5.8
v 1.9 0.2 -5.8
v 11.2 0.2 -5.8
v 11.3 0.2 -5.8
v 1.8 0.2 -5.9
v 1.9 0.2 -5.9
v 9.9 0.2 -5.9
v 10 0.2 -5.9
v 11.2 0.2 -5.9
v 11.3 0.2 -5.9
v 9.8 0.2 -6
v 9.9 0.2 -6
v 11.5 0.2 -6
v 11.6 0.2 -6
v -5.7 0.2 -6.1
v -5.6 0.2 -6.1
v -4 0.2 -6.1
v -3.9 0.2 -6.1
v 9.7 0.2 -6.2
v 9.8 0.2 -6.2
v 11.4 0.2 -6.2
v 11.5 0.2 -6.2
v 9.6 0.2 -6.3
v 9.7 0.2 -6.3
v 9.5 0.2 -6.4
v 9.6 0.2 -6.4
v 11.3 0.2 -6.4
v 11.4 0.2 -6.4
v 9.4 0.2 -6.5
v 9.5 0.2 -6.5
v 11.2 0.2 -6.5
v 11.3 0.2 -6.5
v 9.3 0.2 -6.6
v 9.4 0.2 -6.6
v 11.1 0.2 -6.6
v 11.2 0.2 -6.6
v 9.2 0.2 -6.7
v 9.3 0.2 -6.7
v 11.1 0.2 -6.7
v 11.2 0.2 -6.7
v -3.9 0.2 -6.8
v -3.8 0.2 -6.8
v 1.8 0.2 -6.8
v 1.9 0.2 -6.8
v 9.1 0.2 -6.8
v 9.2 0.2 -6.8
v 11 0.2 -6.8
v 11.1 0.2 -6.8
v 1.8 0.2 -6.9
v 1.9 0.2 -6.9
v 9 0.2 -6.9
v 9.1 0.2 -6.9
v 10.7 0.2 -6.9
v 10.8 0.2 -6.9
v 10.9 0.2 -6.9
v 11 0.2 -6.9
v -4.1 0.2 -7
v -4 0.2 -7
v 8.9 0.2 -7
v 9 0.2 -7
v 10.5 0.2 -7
v 10.6 0.2 -7
v 10.7 0.2 -7
v 10.8 0.2 -7
v 10.9 0.2 -7
v -4.1 0.2 -7.1
v -4 0.2 -7.1
v 8.8 0.2 -7.1
v 8.9 0.2 -7.1
v 10.5 0.2 -7.1
v 10.6 0.2 -7.1
v 10.7 0.2 -7.1
v 1.9 0.2 -7.2
v 2 0.2 -7.2
v 8.7 0.2 -7.2
v 8.8 0.2 -7.2
v 2.2 0.2 -7.3
v 2.3 0.2 -7.3
v 8.6 0.2 -7.3
v 8.7 0.2 -7.3
v 8.8 0.2 -7.3
v 8.9 0.2 -7.3
v 10.5 0.2 -7.3
v 10.6 0.2 -7.3
v -5.7 0.2 -7.4
v -5.6 0.2 -7.4
v -3.9 0.2 -7.4
v -3.8 0.2 -7.4
v 8.5 0.2 -7.4
v 8.6 0.2 -7.4
v 9.1 0.2 -7.4
v 9.2 0.2 -7.4
v 2.3 0.2 -7.5
v 2.4 0.2 -7.5
v 8.4 0.2 -7.5
v 8.5 0.2 -7.5
v 9.1 0.2 -7.5
v 9.2 0.2 -7.5
v 10.4 0.2 -7.5
v 10.5 0.2 -7.5
v -5.8 0.2 -7.6
v -5.7 0.2 -7.6
v 2 0.2 -7.6
v 2.1 0.2 -7.6
v 8.3 0.2 -7.6
v 8.4 0.2 -7.6
v 8.7 0.2 -7.6
v 8.8 0.2 -7.6
v 10.3 0.2 -7.6
v 10.4 0.2 -7.6
v -5.4 0.2 -7.7
v -5.3 0.2 -7.7
v 2.1 0.2 -7.7
v 2.2 0.2 -7.7
v 2.4 0.2 -7.7
v 2.5 0.2 -7.7
v 8.1 0.2 -7.7
v 8.3 0.2 -7.7
v 8.4 0.2 -7.7
v 8.7 0.2 -7.7
v 8.8 0.2 -7.7
v 10.2 0.2 -7.7
v 10.3 0.2 -7.7
v -5.9 0.2 -7.8
v -5.8 0.2 -7.8
v -5.4 0.2 -7.8
v -5.3 0.2 -7.8
v -4 0.2 -7.8
v -3.9 0.2 -7.8
v 2.5 0.2 -7.8
v 2.6 0.2 -7.8
v 7.9 0.2 -7.8
v 8.1 0.2 -7.8
v 8.3 0.2 -7.8
v 8.4 0.2 -7.8
v 10.1 0.2 -7.8
v 10.2 0.2 -7.8
v -6 0.2 -7.9
v -5.9 0.2 -7.9
v 2.2 0.2 -7.9
v 2.3 0.2 -7.9
v 2.5 0.2 -7.9
v 2.6 0.2 -7.9
v 2.7 0.2 -7.9
v 7.7 0.2 -7.9
v 7.9 0.2 -7.9
v 10 0.2 -7.9
v 10.1 0.2 -7.9
v -6.1 0.2 -8
v -6 0.2 -8
v 2.3 0.2 -8
v 2.4 0.2 -8
v 2.5 0.2 -8
v 2.6 0.2 -8
v 2.7 0.2 -8
v 7.5 0.2 -8
v 7.7 0.2 -8
v 9.8 0.2 -8
v 10 0.2 -8
v -6.2 0.2 -8.1
v -6.1 0.2 -8.1
v -4.1 0.2 -8.1
v -4 0.2 -8.1
v 2.3 0.2 -8.1
v 2.4 0.2 -8.1
v 2.7 0.2 -8.1
v 2.8 0.2 -8.1
v 2.9 0.2 -8.1
v 7.3 0.2 -8.1
v 7.5 0.2 -8.1
v 9.5 0.2 -8.1
v 9.6 0.2 -8.1
v 9.8 0.2 -8.1
v -6.3 0.2 -8.2
v -6.2 0.2 -8.2
v -6.1 0.2 -8.2
v 2.4 0.2 -8.2
v 2.6 0.2 -8.2
v 2.8 0.2 -8.2
v 2.9 0.2 -8.2
v 3 0.2 -8.2
v 7.2 0.2 -8.2
v 7.3 0.2 -8.2
v 9.4 0.2 -8.2
v 9.5 0.2 -8.2
v 9.6 0.2 -8.2
v -6.5 0.2 -8.3
v -6.3 0.2 -8.3
v -6.2 0.2 -8.3
v -6.1 0.2 -8.3
v -4.2 0.2 -8.3
v -4.1 0.2 -8.3
v 2.6 0.2 -8.3
v 2.7 0.2 -8.3
v 2.8 0.2 -8.3
v 2.9 0.2 -8.3
v 3 0.2 -8.3
v 3.1 0.2 -8.3
v 3.2 0.2 -8.3
v 3.3 0.2 -8.3
v 7 0.2 -8.3
v 7.2 0.2 -8.3
v 9.3 0.2 -8.3
v 9.4 0.2 -8.3
v -6.6 0.2 -8.4
v -6.5 0.2 -8.4
v 2.7 0.2 -8.4
v 2.8 0.2 -8.4
v 2.9 0.2 -8.4
v 3.1 0.2 -8.4
v 3.2 0.2 -8.4
v 3.3 0.2 -8.4
v 3.4 0.2 -8.4
v 6.9 0.2 -8.4
v 7 0.2 -8.4
v 7.5 0.2 -8.4
v 7.6 0.2 -8.4
v 9.1 0.2 -8.4
v 9.3 0.2 -8.4
v -4.3 0.2 -8.5
v -4.2 0.2 -8.5
v 2.9 0.2 -8.5
v 3.1 0.2 -8.5
v 3.2 0.2 -8.5
v 3.3 0.2 -8.5
v 3.4 0.2 -8.5
v 3.8 0.2 -8.5
v 6.8 0.2 -8.5
v 6.9 0.2 -8.5
v 7.5 0.2 -8.5
v 7.6 0.2 -8.5
v 8.9 0.2 -8.5
v 9.1 0.2 -8.5
v -6.7 0.2 -8.6
v -6.6 0.2 -8.6
v 3.1 0.2 -8.6
v 3.2 0.2 -8.6
v 3.8 0.2 -8.6
v 3.9 0.2 -8.6
v 4 0.2 -8.6
v 6.5 0.2 -8.6
v 6.6 0.2 -8.6
v 6.8 0.2 -8.6
v 8.7 0.2 -8.6
v 8.9 0.2 -8.6
v -6.8 0.2 -8.7
v -6.7 0.2 -8.7
v 3.2 0.2 -8.7
v 3.3 0.2 -8.7
v 4 0.2 -8.7
v 4.5 0.2 -8.7
v 6.3 0.2 -8.7
v 6.5 0.2 -8.7
v 6.6 0.2 -8.7
v 8.4 0.2 -8.7
v 8.7 0.2 -8.7
v -6.9 0.2 -8.8
v -6.8 0.2 -8.8
v -6.6 0.2 -8.8
v -6.5 0.2 -8.8
v -4.4 0.2 -8.8
v -4.3 0.2 -8.8
v 3.3 0.2 -8.8
v 3.5 0.2 -8.8
v 3.6 0.2 -8.8
v 3.7 0.2 -8.8
v 4.5 0.2 -8.8
v 5.2 0.2 -8.8
v 6 0.2 -8.8
v 6.3 0.2 -8.8
v 8.2 0.2 -8.8
v 8.4 0.2 -8.8
v -7 0.2 -8.9
v -6.9 0.2 -8.9
v -6.6 0.2 -8.9
v -6.5 0.2 -8.9
v -4.5 0.2 -8.9
v -4.4 0.2 -8.9
v 3.5 0.2 -8.9
v 3.6 0.2 -8.9
v 3.7 0.2 -8.9
v 5.2 0.2 -8.9
v 6 0.2 -8.9
v 8 0.2 -8.9
v 8.2 0.2 -8.9
v -7.1 0.2 -9
v -7 0.2 -9
v -4.6 0.2 -9
v -4.5 0.2 -9
v 3.6 0.2 -9
v 3.9 0.2 -9
v 7.6 0.2 -9
v 8 0.2 -9
v -7.2 0.2 -9.1
v -7.1 0.2 -9.1
v -4.7 0.2 -9.1
v -4.6 0.2 -9.1
v 3.9 0.2 -9.1
v 4.1 0.2 -9.1
v 6.3 0.2 -9.1
v 6.4 0.2 -9.1
v 7.3 0.2 -9.1
v 7.6 0.2 -9.1
v -7.4 0.2 -9.2
v -7.2 0.2 -9.2
v -5.8 0.2 -9.2
v -5.7 0.2 -9.2
v 4.1 0.2 -9.2
v 4.4 0.2 -9.2
v 7.1 0.2 -9.2
v 7.3 0.2 -9.2
v -7.5 0.2 -9.3
v -7.4 0.2 -9.3
v -5.8 0.2 -9.3
v -5.7 0.2 -9.3
v -4.8 0.2 -9.3
v -4.7 0.2 -9.3
v 4.4 0.2 -9.3
v 4.6 0.2 -9.3
v 4.7 0.2 -9.3
v 4.8 0.2 -9.3
v 6.3 0.2 -9.3
v 6.4 0.2 -9.3
v 6.8 0.2 -9.3
v 7.1 0.2 -9.3
v -7.6 0.2 -9.4
v -7.5 0.2 -9.4
v 4.6 0.2 -9.4
v 4.7 0.2 -9.4
v 4.8 0.2 -9.4
v 5.1 0.2 -9.4
v 5.2 0.2 -9.4
v 6.6 0.2 -9.4
v 6.8 0.2 -9.4
v -7.7 0.2 -9.5
v -7.6 0.2 -9.5
v -4.9 0.2 -9.5
v -4.8 0.2 -9.5
v 5.1 0.2 -9.5
v 5.2 0.2 -9.5
v 5.7 0.2 -9.5
v 6 0.2 -9.5
v 6.6 0.2 -9.5
v -7.8 0.2 -9.6
v -7.7 0.2 -9.6
v -5 0.2 -9.6
v -4.9 0.2 -9.6
v 5.7 0.2 -9.6
v 6 0.2 -9.6
v -7.9 0.2 -9.7
v -7.8 0.2 -9.7
v -5.1 0.2 -9.7
v -5 0.2 -9.7
v -8 0.2 -9.8
v -7.9 0.2 -9.8
v -5.2 0.2 -9.8
v -5.1 0.2 -9.8
v -8.2 0.2 -9.9
v -8 0.2 -9.9
v -8.3 0.2 -10
v -8.2 0.2 -10
v -5.3 0.2 -10
v -5.2 0.2 -10
v -5.4 0.2 -10.1
v -5.3 0.2 -10.1
v -8.4 0.2 -10.2
v -8.3 0.2 -10.2
v -5.5 0.2 -10.2
v -5.4 0.2 -10.2
v -8.5 0.2 -10.3
v -8.4 0.2 -10.3
v -6.4 0.2 -10.3
v -6.2 0.2 -10.3
v -8.6 0.2 -10.4
v -8.5 0.2 -10.4
v -6.4 0.2 -10.4
v -6.2 0.2 -10.4
v -5.7 0.2 -10.4
v -5.5 0.2 -10.4
v -8.7 0.2 -10.5
v -8.6 0.2 -10.5
v -5.9 0.2 -10.5
v -5.7 0.2 -10.5
v -8.8 0.2 -10.6
v -8.7 0.2 -10.6
v -6.1 0.2 -10.6
v -5.9 0.2 -10.6
v -6.4 0.2 -10.7
v -6.1 0.2 -10.7
v -8.9 0.2 -10.8
v -8.8 0.2 -10.8
v -6.5 0.2 -10.8
v -6.4 0.2 -10.8
v -9 0.2 -10.9
v -8.9 0.2 -10.9
v -7.7 0.2 -10.9
v -7.6 0.2 -10.9
v -7 0.2 -10.9
v -6.9 0.2 -10.9
v -6.7 0.2 -10.9
v -6.5 0.2 -10.9
v -12.8 0.2 -11
v -12.5 0.2 -11
v -9.1 0.2 -11
v -9 0.2 -11
v -7.7 0.2 -11
v -7.6 0.2 -11
v -7 0.2 -11
v -6.9 0.2 -11
v -6.7 0.2 -11
v -12.5 0.2 -11.1
v -12.3 0.2 -11.1
v -7.1 0.2 -11.1
v -6.9 0.2 -11.1
v -12.3 0.2 -11.2
v -12 0.2 -11.2
v -9.2 0.2 -11.2
v -9.1 0.2 -11.2
v -8.1 0.2 -11.2
v -8 0.2 -11.2
v -7.2 0.2 -11.2
v -7.1 0.2 -11.2
v -12 0.2 -11.3
v -11.9 0.2 -11.3
v -9.4 0.2 -11.3
v -9.2 0.2 -11.3
v -8.1 0.2 -11.3
v -8 0.2 -11.3
v -7.4 0.2 -11.3
v -7.2 0.2 -11.3
v -11.9 0.2 -11.4
v -11.8 0.2 -11.4
v -11.7 0.2 -11.4
v -11.6 0.2 -11.4
v -9.5 0.2 -11.4
v -9.4 0.2 -11.4
v -7.5 0.2 -11.4
v -7.4 0.2 -11.4
v -11.8 0.2 -11.5
v -11.7 0.2 -11.5
v -11.6 0.2 -11.5
v -11.3 0.2 -11.5
v -9.6 0.2 -11.5
v -9.5 0.2 -11.5
v -9.3 0.2 -11.5
v -7.8 0.2 -11.5
v -7.5 0.2 -11.5
v -11.3 0.2 -11.6
v -11 0.2 -11.6
v -10.7 0.2 -11.6
v -10.6 0.2 -11.6
v -10 0.2 -11.6
v -9.6 0.2 -11.6
v -9.5 0.2 -11.6
v -9.3 0.2 -11.6
v -8.2 0.2 -11.6
v -8.1 0.2 -11.6
v -7.9 0.2 -11.6
v -7.8 0.2 -11.6
v -11 0.2 -11.7
v -10.7 0.2 -11.7
v -10.6 0.2 -11.7
v -10 0.2 -11.7
v -8.2 0.2 -11.7
v -8.1 0.2 -11.7
v -7.9 0.2 -11.7
v -12.2 0.2 -11.8
v -12.1 0.2 -11.8
v -8.4 0.2 -11.8
v -8.2 0.2 -11.8
v -12.2 0.2 -11.9
v -12.1 0.2 -11.9
v -8.5 0.2 -11.9
v -8.4 0.2 -11.9
v -8.8 0.2 -12
v -8.5 0.2 -12
v -10.9 0.2 -12.1
v -10.8 0.2 -12.1
v -9 0.2 -12.1
v -8.8 0.2 -12.1
v -10.9 0.2 -12.2
v -10.8 0.2 -12.2
v -9.2 0.2 -12.2
v -9 0.2 -12.2
v -9.4 0.2 -12.3
v -9.2 0.2 -12.3
v -10.3 0.2 -12.4
v -9.4 0.2 -12.4
v -10.5 0.2 -12.5
v -10.3 0.2 -12.5
v -12.8 0.2 -12.6
v -12.7 0.2 -12.6
v -12 0.2 -12.6
v -10.5 0.2 -12.6
v -12.7 0.2 -12.7
v -12 0.2 -12.7
v 5.1 0.3 -2.9
v 6.9 0.3 -2.9
v 4.9 0.3 -3
v 5.1 0.3 -3
v 6.9 0.3 -3
v 7.4 0.3 -3
v 7.6 0.3 -3
v 8 0.3 -3
v 8.1 0.3 -3
v 8.5 0.3 -3
v 8.6 0.3 -3
v 9.1 0.3 -3
v 9.2 0.3 -3
v 9.4 0.3 -3
v 9.8 0.3 -3
v 9.9 0.3 -3
v 10.2 0.3 -3
v 10.3 0.3 -3
v 10.8 0.3 -3
v 4.6 0.3 -3.1
v 4.9 0.3 -3.1
v 5.5 0.3 -3.1
v 6.6 0.3 -3.1
v 7.1 0.3 -3.1
v 7.4 0.3 -3.1
v 7.6 0.3 -3.1
v 7.9 0.3 -3.1
v 8 0.3 -3.1
v 8.1 0.3 -3.1
v 8.3 0.3 -3.1
v 8.5 0.3 -3.1
v 8.6 0.3 -3.1
v 8.9 0.3 -3.1
v 9.1 0.3 -3.1
v 9.2 0.3 -3.1
v 9.3 0.3 -3.1
v 9.4 0.3 -3.1
v 9.8 0.3 -3.1
v 9.9 0.3 -3.1
v 10.2 0.3 -3.1
v 10.3 0.3 -3.1
v 10.8 0.3 -3.1
v 11.1 0.3 -3.1
v 4.2 0.3 -3.2
v 4.6 0.3 -3.2
v 5.1 0.3 -3.2
v 5.5 0.3 -3.2
v 6.6 0.3 -3.2
v 7.1 0.3 -3.2
v 7.9 0.3 -3.2
v 8.1 0.3 -3.2
v 8.3 0.3 -3.2
v 8.5 0.3 -3.2
v 8.6 0.3 -3.2
v 8.7 0.3 -3.2
v 8.8 0.3 -3.2
v 8.9 0.3 -3.2
v 9.1 0.3 -3.2
v 9.2 0.3 -3.2
v 11.1 0.3 -3.2
v 11.2 0.3 -3.2
v 3.8 0.3 -3.3
v 4.2 0.3 -3.3
v 4.9 0.3 -3.3
v 5.1 0.3 -3.3
v 8.5 0.3 -3.3
v 8.6 0.3 -3.3
v 8.7 0.3 -3.3
v 8.8 0.3 -3.3
v 8.9 0.3 -3.3
v 9.1 0.3 -3.3
v 9.2 0.3 -3.3
v 9.3 0.3 -3.3
v 9.5 0.3 -3.3
v 9.6 0.3 -3.3
v 9.9 0.3 -3.3
v 10 0.3 -3.3
v 3.5 0.3 -3.4
v 3.8 0.3 -3.4
v 4.7 0.3 -3.4
v 4.9 0.3 -3.4
v 8.1 0.3 -3.4
v 8.2 0.3 -3.4
v 8.3 0.3 -3.4
v 8.5 0.3 -3.4
v 8.6 0.3 -3.4
v 8.8 0.3 -3.4
v 8.9 0.3 -3.4
v 9 0.3 -3.4
v 9.1 0.3 -3.4
v 9.5 0.3 -3.4
v 9.6 0.3 -3.4
v 9.9 0.3 -3.4
v 10 0.3 -3.4
v 11.2 0.3 -3.4
v 11.3 0.3 -3.4
v 3.4 0.3 -3.5
v 3.5 0.3 -3.5
v 4.5 0.3 -3.5
v 4.7 0.3 -3.5
v 8.2 0.3 -3.5
v 8.3 0.3 -3.5
v 8.4 0.3 -3.5
v 8.5 0.3 -3.5
v 8.6 0.3 -3.5
v 8.8 0.3 -3.5
v 8.9 0.3 -3.5
v 9 0.3 -3.5
v 9.3 0.3 -3.5
v 9.4 0.3 -3.5
v 9.9 0.3 -3.5
v 10 0.3 -3.5
v 10.1 0.3 -3.5
v 3.3 0.3 -3.6
v 3.4 0.3 -3.6
v 4.3 0.3 -3.6
v 4.5 0.3 -3.6
v 8.3 0.3 -3.6
v 8.4 0.3 -3.6
v 8.7 0.3 -3.6
v 8.8 0.3 -3.6
v 9.9 0.3 -3.6
v 10 0.3 -3.6
v 10.1 0.3 -3.6
v 3.2 0.3 -3.7
v 3.3 0.3 -3.7
v 4.2 0.3 -3.7
v 4.3 0.3 -3.7
v 8.4 0.3 -3.7
v 8.5 0.3 -3.7
v 8.7 0.3 -3.7
v 8.8 0.3 -3.7
v 9.3 0.3 -3.7
v 9.4 0.3 -3.7
v 3 0.3 -3.8
v 3.2 0.3 -3.8
v 4.1 0.3 -3.8
v 4.2 0.3 -3.8
v 8.5 0.3 -3.8
v 8.6 0.3 -3.8
v 8.7 0.3 -3.8
v 8.8 0.3 -3.8
v 2.9 0.3 -3.9
v 3 0.3 -3.9
v 4 0.3 -3.9
v 4.1 0.3 -3.9
v 8.7 0.3 -3.9
v 8.8 0.3 -3.9
v 8.9 0.3 -3.9
v 10 0.3 -3.9
v 10.1 0.3 -3.9
v 2.8 0.3 -4
v 2.9 0.3 -4
v 8.9 0.3 -4
v 9 0.3 -4
v 10 0.3 -4
v 10.1 0.3 -4
v 2.7 0.3 -4.1
v 2.8 0.3 -4.1
v 3.8 0.3 -4.1
v 4 0.3 -4.1
v 10 0.3 -4.1
v 10.1 0.3 -4.1
v 10.5 0.3 -4.1
v 10.6 0.3 -4.1
v 11.2 0.3 -4.1
v 11.3 0.3 -4.1
v 9 0.3 -4.2
v 9.1 0.3 -4.2
v 10.5 0.3 -4.2
v 10.6 0.3 -4.2
v 2.6 0.3 -4.3
v 2.7 0.3 -4.3
v 3.7 0.3 -4.3
v 3.8 0.3 -4.3
v 10 0.3 -4.3
v 10.1 0.3 -4.3
v -8.2 0.3 -4.4
v -6.9 0.3 -4.4
v 2.5 0.3 -4.4
v 2.6 0.3 -4.4
v 3.6 0.3 -4.4
v 3.7 0.3 -4.4
v 11.1 0.3 -4.4
v 11.2 0.3 -4.4
v -8.6 0.3 -4.5
v -8.2 0.3 -4.5
v -6.9 0.3 -4.5
v -6.6 0.3 -4.5
v 3.5 0.3 -4.5
v 3.6 0.3 -4.5
v 11 0.3 -4.5
v 11.1 0.3 -4.5
v -9 0.3 -4.6
v -8.6 0.3 -4.6
v -6.6 0.3 -4.6
v -6.4 0.3 -4.6
v 2.4 0.3 -4.6
v 2.5 0.3 -4.6
v -9.6 0.3 -4.7
v -9 0.3 -4.7
v -6.4 0.3 -4.7
v -6.3 0.3 -4.7
v 3.3 0.3 -4.7
v 3.5 0.3 -4.7
v 10.9 0.3 -4.7
v 11 0.3 -4.7
v -9.9 0.3 -4.8
v -9.6 0.3 -4.8
v -8.9 0.3 -4.8
v -8.8 0.3 -4.8
v -8.7 0.3 -4.8
v -8.6 0.3 -4.8
v -6.3 0.3 -4.8
v -6.2 0.3 -4.8
v 9 0.3 -4.8
v 9.1 0.3 -4.8
v 10.8 0.3 -4.8
v 10.9 0.3 -4.8
v -10.1 0.3 -4.9
v -9.9 0.3 -4.9
v -8.9 0.3 -4.9
v -8.8 0.3 -4.9
v -8.7 0.3 -4.9
v -8.6 0.3 -4.9
v -6.2 0.3 -4.9
v -6.1 0.3 -4.9
v 3.2 0.3 -4.9
v 3.3 0.3 -4.9
v 10.7 0.3 -4.9
v 10.8 0.3 -4.9
v -12.2 0.3 -5
v -11.9 0.3 -5
v -10.3 0.3 -5
v -10.1 0.3 -5
v 2.3 0.3 -5
v 2.4 0.3 -5
v 9.7 0.3 -5
v 9.8 0.3 -5
v 10.6 0.3 -5
v 10.7 0.3 -5
v -12.3 0.3 -5.1
v -12.2 0.3 -5.1
v -11.9 0.3 -5.1
v -11.8 0.3 -5.1
v -11.3 0.3 -5.1
v -10.5 0.3 -5.1
v -10.3 0.3 -5.1
v -6.1 0.3 -5.1
v -6 0.3 -5.1
v 3.1 0.3 -5.1
v 3.2 0.3 -5.1
v 9.7 0.3 -5.1
v 9.8 0.3 -5.1
v 10.5 0.3 -5.1
v 10.6 0.3 -5.1
v -12.6 0.3 -5.2
v -12.3 0.3 -5.2
v -11.9 0.3 -5.2
v -11.8 0.3 -5.2
v -11.3 0.3 -5.2
v -10.5 0.3 -5.2
v -6 0.3 -5.2
v -5.9 0.3 -5.2
v 3 0.3 -5.2
v 3.1 0.3 -5.2
v 8.9 0.3 -5.2
v 9 0.3 -5.2
v 10.4 0.3 -5.2
v 10.5 0.3 -5.2
v -12.8 0.3 -5.3
v -12.6 0.3 -5.3
v -10.1 0.3 -5.3
v -10 0.3 -5.3
v 10.3 0.3 -5.3
v 10.4 0.3 -5.3
v -12.8 0.3 -5.4
v -12.7 0.3 -5.4
v -5.9 0.3 -5.4
v -5.8 0.3 -5.4
v 2.8 0.3 -5.4
v 3 0.3 -5.4
v 8.8 0.3 -5.4
v 8.9 0.3 -5.4
v 10.2 0.3 -5.4
v 10.3 0.3 -5.4
v -12.8 0.3 -5.5
v -12.7 0.3 -5.5
v -10.1 0.3 -5.5
v -10 0.3 -5.5
v 2.2 0.3 -5.5
v 2.3 0.3 -5.5
v -11.4 0.3 -5.6
v -11.3 0.3 -5.6
v -5.9 0.3 -5.6
v -5.8 0.3 -5.6
v -5.7 0.3 -5.6
v 2.2 0.3 -5.6
v 2.3 0.3 -5.6
v 2.4 0.3 -5.6
v 2.5 0.3 -5.6
v 2.7 0.3 -5.6
v 2.8 0.3 -5.6
v 9.8 0.3 -5.6
v 9.9 0.3 -5.6
v 10.1 0.3 -5.6
v 10.2 0.3 -5.6
v -11.4 0.3 -5.7
v -11.3 0.3 -5.7
v -10.9 0.3 -5.7
v -10.8 0.3 -5.7
v -5.9 0.3 -5.7
v -5.8 0.3 -5.7
v 2.4 0.3 -5.7
v 2.5 0.3 -5.7
v 8.7 0.3 -5.7
v 8.8 0.3 -5.7
v 10 0.3 -5.7
v 10.1 0.3 -5.7
v -10.9 0.3 -5.8
v -10.8 0.3 -5.8
v -9 0.3 -5.8
v -8 0.3 -5.8
v 8.6 0.3 -5.8
v 8.7 0.3 -5.8
v 9.5 0.3 -5.8
v 9.6 0.3 -5.8
v 9.8 0.3 -5.8
v 9.9 0.3 -5.8
v -9.6 0.3 -5.9
v -9 0.3 -5.9
v 2.6 0.3 -5.9
v 2.7 0.3 -5.9
v 9.5 0.3 -5.9
v 9.6 0.3 -5.9
v 9.9 0.3 -5.9
v 10 0.3 -5.9
v -10 0.3 -6
v -9.6 0.3 -6
v -8 0.3 -6
v -7.9 0.3 -6
v 8.5 0.3 -6
v 8.6 0.3 -6
v 9.8 0.3 -6
v 9.9 0.3 -6
v -10.8 0.3 -6.1
v -10 0.3 -6.1
v -5.7 0.3 -6.1
v -5.6 0.3 -6.1
v 2.5 0.3 -6.1
v 2.6 0.3 -6.1
v -11 0.3 -6.2
v -10.8 0.3 -6.2
v 9.7 0.3 -6.2
v 9.8 0.3 -6.2
v -11.2 0.3 -6.3
v -11 0.3 -6.3
v -7.9 0.3 -6.3
v -7.8 0.3 -6.3
v 8.4 0.3 -6.3
v 8.5 0.3 -6.3
v 9.6 0.3 -6.3
v 9.7 0.3 -6.3
v -11.4 0.3 -6.4
v -11.2 0.3 -6.4
v -6.7 0.3 -6.4
v -6.6 0.3 -6.4
v 8.3 0.3 -6.4
v 8.4 0.3 -6.4
v 9.5 0.3 -6.4
v 9.6 0.3 -6.4
v -11.5 0.3 -6.5
v -11.4 0.3 -6.5
v 9.4 0.3 -6.5
v 9.5 0.3 -6.5
v -11.6 0.3 -6.6
v -11.5 0.3 -6.6
v -6.7 0.3 -6.6
v -6.6 0.3 -6.6
v 8.2 0.3 -6.6
v 8.3 0.3 -6.6
v 9.3 0.3 -6.6
v 9.4 0.3 -6.6
v -11.7 0.3 -6.7
v -11.6 0.3 -6.7
v 2.4 0.3 -6.7
v 2.5 0.3 -6.7
v 9.2 0.3 -6.7
v 9.3 0.3 -6.7
v -11.8 0.3 -6.8
v -11.7 0.3 -6.8
v 2.4 0.3 -6.8
v 2.5 0.3 -6.8
v 8.1 0.3 -6.8
v 8.2 0.3 -6.8
v 8.5 0.3 -6.8
v 8.6 0.3 -6.8
v 8.7 0.3 -6.8
v 8.8 0.3 -6.8
v 8.9 0.3 -6.8
v 9.1 0.3 -6.8
v 9.2 0.3 -6.8
v -11.9 0.3 -6.9
v -11.8 0.3 -6.9
v 7.9 0.3 -6.9
v 8.1 0.3 -6.9
v 8.5 0.3 -6.9
v 8.6 0.3 -6.9
v 8.7 0.3 -6.9
v 8.8 0.3 -6.9
v 8.9 0.3 -6.9
v 9 0.3 -6.9
v 9.1 0.3 -6.9
v -12 0.3 -7
v -11.9 0.3 -7
v 2.5 0.3 -7
v 2.6 0.3 -7
v 7.8 0.3 -7
v 7.9 0.3 -7
v 8.2 0.3 -7
v 8.3 0.3 -7
v 8.9 0.3 -7
v 9 0.3 -7
v -12.1 0.3 -7.1
v -12 0.3 -7.1
v 7.7 0.3 -7.1
v 7.8 0.3 -7.1
v 8.2 0.3 -7.1
v 8.3 0.3 -7.1
v 8.8 0.3 -7.1
v 8.9 0.3 -7.1
v 2.6 0.3 -7.2
v 2.7 0.3 -7.2
v 7.6 0.3 -7.2
v 7.7 0.3 -7.2
v 8.7 0.3 -7.2
v 8.8 0.3 -7.2
v -12.2 0.3 -7.3
v -12.1 0.3 -7.3
v 2.2 0.3 -7.3
v 2.3 0.3 -7.3
v 2.7 0.3 -7.3
v 7.5 0.3 -7.3
v 7.6 0.3 -7.3
v 8.6 0.3 -7.3
v 8.7 0.3 -7.3
v -12.3 0.3 -7.4
v -12.2 0.3 -7.4
v -7.9 0.3 -7.4
v -7.8 0.3 -7.4
v -5.7 0.3 -7.4
v -5.6 0.3 -7.4
v 2.7 0.3 -7.4
v 2.8 0.3 -7.4
v 7.3 0.3 -7.4
v 7.5 0.3 -7.4
v 7.9 0.3 -7.4
v 8 0.3 -7.4
v 8.5 0.3 -7.4
v 8.6 0.3 -7.4
v -12.4 0.3 -7.5
v -12.3 0.3 -7.5
v 2.3 0.3 -7.5
v 2.4 0.3 -7.5
v 2.6 0.3 -7.5
v 2.7 0.3 -7.5
v 7.2 0.3 -7.5
v 7.3 0.3 -7.5
v 7.9 0.3 -7.5
v 8 0.3 -7.5
v 8.4 0.3 -7.5
v 8.5 0.3 -7.5
v -5.8 0.3 -7.6
v -5.7 0.3 -7.6
v 2.5 0.3 -7.6
v 2.6 0.3 -7.6
v 2.7 0.3 -7.6
v 7 0.3 -7.6
v 7.2 0.3 -7.6
v 8.3 0.3 -7.6
v 8.4 0.3 -7.6
v -12.5 0.3 -7.7
v -12.4 0.3 -7.7
v -8 0.3 -7.7
v -7.9 0.3 -7.7
v 2.4 0.3 -7.7
v 2.5 0.3 -7.7
v 2.6 0.3 -7.7
v 2.8 0.3 -7.7
v 2.9 0.3 -7.7
v 3 0.3 -7.7
v 3.1 0.3 -7.7
v 6.8 0.3 -7.7
v 7 0.3 -7.7
v 8.1 0.3 -7.7
v 8.3 0.3 -7.7
v -5.9 0.3 -7.8
v -5.8 0.3 -7.8
v 2.5 0.3 -7.8
v 2.6 0.3 -7.8
v 2.7 0.3 -7.8
v 2.9 0.3 -7.8
v 3.1 0.3 -7.8
v 3.3 0.3 -7.8
v 6.6 0.3 -7.8
v 6.8 0.3 -7.8
v 7.9 0.3 -7.8
v 8.1 0.3 -7.8
v -12.6 0.3 -7.9
v -12.5 0.3 -7.9
v -6 0.3 -7.9
v -5.9 0.3 -7.9
v 2.6 0.3 -7.9
v 2.7 0.3 -7.9
v 3 0.3 -7.9
v 3.1 0.3 -7.9
v 3.2 0.3 -7.9
v 3.3 0.3 -7.9
v 3.5 0.3 -7.9
v 6.4 0.3 -7.9
v 6.6 0.3 -7.9
v 7.7 0.3 -7.9
v 7.9 0.3 -7.9
v -8.1 0.3 -8
v -8 0.3 -8
v -7.9 0.3 -8
v -7.8 0.3 -8
v -7.3 0.3 -8
v -7.2 0.3 -8
v -6.1 0.3 -8
v -6 0.3 -8
v 2.7 0.3 -8
v 2.8 0.3 -8
v 2.9 0.3 -8
v 3 0.3 -8
v 3.2 0.3 -8
v 3.3 0.3 -8
v 3.4 0.3 -8
v 3.5 0.3 -8
v 3.7 0.3 -8
v 6.1 0.3 -8
v 6.4 0.3 -8
v 7.5 0.3 -8
v 7.7 0.3 -8
v -12.7 0.3 -8.1
v -12.6 0.3 -8.1
v -8.2 0.3 -8.1
v -8.1 0.3 -8.1
v -7.9 0.3 -8.1
v -7.8 0.3 -8.1
v -7.3 0.3 -8.1
v -7.2 0.3 -8.1
v -6.2 0.3 -8.1
v -6.1 0.3 -8.1
v 2.7 0.3 -8.1
v 2.8 0.3 -8.1
v 2.9 0.3 -8.1
v 3.1 0.3 -8.1
v 3.2 0.3 -8.1
v 3.3 0.3 -8.1
v 3.4 0.3 -8.1
v 3.6 0.3 -8.1
v 3.7 0.3 -8.1
v 3.8 0.3 -8.1
v 5.8 0.3 -8.1
v 6.1 0.3 -8.1
v 6.5 0.3 -8.1
v 6.6 0.3 -8.1
v 7.3 0.3 -8.1
v 7.5 0.3 -8.1
v -8.3 0.3 -8.2
v -8.2 0.3 -8.2
v -6.3 0.3 -8.2
v -6.2 0.3 -8.2
v 2.9 0.3 -8.2
v 3 0.3 -8.2
v 3.1 0.3 -8.2
v 3.2 0.3 -8.2
v 3.6 0.3 -8.2
v 3.7 0.3 -8.2
v 3.8 0.3 -8.2
v 4.5 0.3 -8.2
v 4.7 0.3 -8.2
v 5.5 0.3 -8.2
v 5.8 0.3 -8.2
v 6.5 0.3 -8.2
v 6.6 0.3 -8.2
v 7.2 0.3 -8.2
v 7.3 0.3 -8.2
v -12.8 0.3 -8.3
v -12.7 0.3 -8.3
v -6.5 0.3 -8.3
v -6.3 0.3 -8.3
v 3 0.3 -8.3
v 3.1 0.3 -8.3
v 3.3 0.3 -8.3
v 3.4 0.3 -8.3
v 3.6 0.3 -8.3
v 3.8 0.3 -8.3
v 4.7 0.3 -8.3
v 4.9 0.3 -8.3
v 5.1 0.3 -8.3
v 5.4 0.3 -8.3
v 5.5 0.3 -8.3
v 7 0.3 -8.3
v 7.2 0.3 -8.3
v -8.4 0.3 -8.4
v -8.3 0.3 -8.4
v -6.6 0.3 -8.4
v -6.5 0.3 -8.4
v 3.3 0.3 -8.4
v 3.4 0.3 -8.4
v 3.6 0.3 -8.4
v 3.8 0.3 -8.4
v 4.9 0.3 -8.4
v 5.1 0.3 -8.4
v 5.4 0.3 -8.4
v 5.5 0.3 -8.4
v 6.9 0.3 -8.4
v 7 0.3 -8.4
v -8.5 0.3 -8.5
v -8.4 0.3 -8.5
v -7.4 0.3 -8.5
v -7.2 0.3 -8.5
v 3.4 0.3 -8.5
v 3.8 0.3 -8.5
v 3.9 0.3 -8.5
v 4 0.3 -8.5
v 5.8 0.3 -8.5
v 5.9 0.3 -8.5
v 6.8 0.3 -8.5
v 6.9 0.3 -8.5
v -8.7 0.3 -8.6
v -8.5 0.3 -8.6
v -7.4 0.3 -8.6
v -7.3 0.3 -8.6
v -6.7 0.3 -8.6
v -6.6 0.3 -8.6
v 3.8 0.3 -8.6
v 3.9 0.3 -8.6
v 4 0.3 -8.6
v 5.8 0.3 -8.6
v 5.9 0.3 -8.6
v 6.5 0.3 -8.6
v 6.8 0.3 -8.6
v -8.8 0.3 -8.7
v -8.7 0.3 -8.7
v -7.3 0.3 -8.7
v -7.2 0.3 -8.7
v -6.8 0.3 -8.7
v -6.7 0.3 -8.7
v 4 0.3 -8.7
v 4.5 0.3 -8.7
v 6.3 0.3 -8.7
v 6.5 0.3 -8.7
v -6.9 0.3 -8.8
v -6.8 0.3 -8.8
v 4.5 0.3 -8.8
v 5.2 0.3 -8.8
v 6 0.3 -8.8
v 6.3 0.3 -8.8
v -8.9 0.3 -8.9
v -8.8 0.3 -8.9
v -7 0.3 -8.9
v -6.9 0.3 -8.9
v 5.2 0.3 -8.9
v 6 0.3 -8.9
v -12.8 0.3 -9
v -12.7 0.3 -9
v -7.1 0.3 -9
v -7 0.3 -9
v -9 0.3 -9.1
v -8.9 0.3 -9.1
v -7.2 0.3 -9.1
v -7.1 0.3 -9.1
v -9.1 0.3 -9.2
v -9 0.3 -9.2
v -7.4 0.3 -9.2
v -7.2 0.3 -9.2
v -12.7 0.3 -9.3
v -12.6 0.3 -9.3
v -9.2 0.3 -9.3
v -9.1 0.3 -9.3
v -7.5 0.3 -9.3
v -7.4 0.3 -9.3
v -12.6 0.3 -9.4
v -12.5 0.3 -9.4
v -9.3 0.3 -9.4
v -9.2 0.3 -9.4
v -7.6 0.3 -9.4
v -7.5 0.3 -9.4
v -9.4 0.3 -9.5
v -9.3 0.3 -9.5
v -7.7 0.3 -9.5
v -7.6 0.3 -9.5
v -12.5 0.3 -9.6
v -12.4 0.3 -9.6
v -9.6 0.3 -9.6
v -9.4 0.3 -9.6
v -8.1 0.3 -9.6
v -8 0.3 -9.6
v -7.8 0.3 -9.6
v -7.7 0.3 -9.6
v -9.8 0.3 -9.7
v -9.6 0.3 -9.7
v -8.1 0.3 -9.7
v -8 0.3 -9.7
v -7.9 0.3 -9.7
v -7.8 0.3 -9.7
v -12.4 0.3 -9.8
v -12.2 0.3 -9.8
v -9.9 0.3 -9.8
v -9.8 0.3 -9.8
v -8 0.3 -9.8
v -7.9 0.3 -9.8
v -12.2 0.3 -9.9
v -12.1 0.3 -9.9
v -10 0.3 -9.9
v -9.9 0.3 -9.9
v -8.2 0.3 -9.9
v -8 0.3 -9.9
v -10.1 0.3 -10
v -10 0.3 -10
v -8.3 0.3 -10
v -8.2 0.3 -10
v -12.1 0.3 -10.1
v -12 0.3 -10.1
v -10.2 0.3 -10.1
v -10.1 0.3 -10.1
v -12 0.3 -10.2
v -11.9 0.3 -10.2
v -10.5 0.3 -10.2
v -10.2 0.3 -10.2
v -8.8 0.3 -10.2
v -8.7 0.3 -10.2
v -8.4 0.3 -10.2
v -8.3 0.3 -10.2
v -11.9 0.3 -10.3
v -10.5 0.3 -10.3
v -9.9 0.3 -10.3
v -9.8 0.3 -10.3
v -8.8 0.3 -10.3
v -8.7 0.3 -10.3
v -8.5 0.3 -10.3
v -8.4 0.3 -10.3
v -9.9 0.3 -10.4
v -9.8 0.3 -10.4
v -8.6 0.3 -10.4
v -8.5 0.3 -10.4
v -8.7 0.3 -10.5
v -8.6 0.3 -10.5
v -8.8 0.3 -10.6
v -8.7 0.3 -10.6
v -11.9 0.3 -10.7
v -11.8 0.3 -10.7
v -11.9 0.3 -10.8
v -11.8 0.3 -10.8
v -8.9 0.3 -10.8
v -8.8 0.3 -10.8
v -11 0.3 -10.9
v -10.9 0.3 -10.9
v -9 0.3 -10.9
v -8.9 0.3 -10.9
v -12.8 0.3 -11
v -12.5 0.3 -11
v -11 0.3 -11
v -10.9 0.3 -11
v -9.1 0.3 -11
v -9 0.3 -11
v -12.5 0.3 -11.1
v -12.3 0.3 -11.1
v -10.9 0.3 -11.1
v -10.8 0.3 -11.1
v -12.3 0.3 -11.2
v -12 0.3 -11.2
v -10.9 0.3 -11.2
v -10.8 0.3 -11.2
v -9.2 0.3 -11.2
v -9.1 0.3 -11.2
v -12 0.3 -11.3
v -11.9 0.3 -11.3
v -10.9 0.3 -11.3
v -10.8 0.3 -11.3
v -9.4 0.3 -11.3
v -9.2 0.3 -11.3
v -11.9 0.3 -11.4
v -11.6 0.3 -11.4
v -9.5 0.3 -11.4
v -9.4 0.3 -11.4
v -11.6 0.3 -11.5
v -11.3 0.3 -11.5
v -9.6 0.3 -11.5
v -9.5 0.3 -11.5
v -11.3 0.3 -11.6
v -11 0.3 -11.6
v -10.7 0.3 -11.6
v -10.6 0.3 -11.6
v -10 0.3 -11.6
v -9.6 0.3 -11.6
v -11 0.3 -11.7
v -10.7 0.3 -11.7
v -10.6 0.3 -11.7
v -10 0.3 -11.7
v 5.5 0.4 -3.1
v 6.6 0.4 -3.1
v 7.1 0.4 -3.1
v 7.9 0.4 -3.1
v 5.1 0.4 -3.2
v 5.5 0.4 -3.2
v 6.6 0.4 -3.2
v 7.1 0.4 -3.2
v 7.5 0.4 -3.2
v 7.7 0.4 -3.2
v 7.9 0.4 -3.2
v 8.1 0.4 -3.2
v 4.9 0.4 -3.3
v 5.1 0.4 -3.3
v 4.7 0.4 -3.4
v 4.9 0.4 -3.4
v 7 0.4 -3.4
v 7.1 0.4 -3.4
v 7.2 0.4 -3.4
v 7.4 0.4 -3.4
v 7.5 0.4 -3.4
v 7.6 0.4 -3.4
v 7.7 0.4 -3.4
v 7.8 0.4 -3.4
v 8 0.4 -3.4
v 8.1 0.4 -3.4
v 8.2 0.4 -3.4
v 4.5 0.4 -3.5
v 4.7 0.4 -3.5
v 5.8 0.4 -3.5
v 7 0.4 -3.5
v 7.1 0.4 -3.5
v 7.2 0.4 -3.5
v 7.4 0.4 -3.5
v 7.6 0.4 -3.5
v 7.7 0.4 -3.5
v 7.8 0.4 -3.5
v 8 0.4 -3.5
v 8.2 0.4 -3.5
v 8.3 0.4 -3.5
v 4.3 0.4 -3.6
v 4.5 0.4 -3.6
v 5.5 0.4 -3.6
v 5.8 0.4 -3.6
v 7.8 0.4 -3.6
v 7.9 0.4 -3.6
v 8.2 0.4 -3.6
v 8.3 0.4 -3.6
v 8.4 0.4 -3.6
v 4.2 0.4 -3.7
v 4.3 0.4 -3.7
v 5.4 0.4 -3.7
v 5.5 0.4 -3.7
v 7.9 0.4 -3.7
v 8.2 0.4 -3.7
v 8.4 0.4 -3.7
v 8.5 0.4 -3.7
v 4.1 0.4 -3.8
v 4.2 0.4 -3.8
v 4.6 0.4 -3.8
v 4.7 0.4 -3.8
v 5.2 0.4 -3.8
v 5.4 0.4 -3.8
v 7.9 0.4 -3.8
v 8 0.4 -3.8
v 8.1 0.4 -3.8
v 8.2 0.4 -3.8
v 8.3 0.4 -3.8
v 8.5 0.4 -3.8
v 8.6 0.4 -3.8
v 8.7 0.4 -3.8
v 4 0.4 -3.9
v 4.1 0.4 -3.9
v 5.1 0.4 -3.9
v 5.2 0.4 -3.9
v 8.2 0.4 -3.9
v 8.3 0.4 -3.9
v 8.6 0.4 -3.9
v 8.7 0.4 -3.9
v 8.9 0.4 -3.9
v 4.6 0.4 -4
v 4.7 0.4 -4
v 5 0.4 -4
v 5.1 0.4 -4
v 8.9 0.4 -4
v 9 0.4 -4
v 3.8 0.4 -4.1
v 4 0.4 -4.1
v 4.8 0.4 -4.1
v 5 0.4 -4.1
v 8 0.4 -4.1
v 8.1 0.4 -4.1
v 4.7 0.4 -4.2
v 4.8 0.4 -4.2
v 8.1 0.4 -4.2
v 8.2 0.4 -4.2
v 9 0.4 -4.2
v 9.1 0.4 -4.2
v 3.7 0.4 -4.3
v 3.8 0.4 -4.3
v 4.6 0.4 -4.3
v 4.7 0.4 -4.3
v 8.2 0.4 -4.3
v 3.6 0.4 -4.4
v 3.7 0.4 -4.4
v 4.5 0.4 -4.4
v 4.6 0.4 -4.4
v 8.2 0.4 -4.4
v 8.4 0.4 -4.4
v 8.7 0.4 -4.4
v 8.8 0.4 -4.4
v 3.5 0.4 -4.5
v 3.6 0.4 -4.5
v 4.4 0.4 -4.5
v 4.5 0.4 -4.5
v 8.4 0.4 -4.5
v 8.5 0.4 -4.5
v 8.7 0.4 -4.5
v 8.8 0.4 -4.5
v 4.2 0.4 -4.6
v 4.4 0.4 -4.6
v 8.5 0.4 -4.6
v 3.3 0.4 -4.7
v 3.5 0.4 -4.7
v 8.5 0.4 -4.7
v 8.6 0.4 -4.7
v 4.1 0.4 -4.8
v 4.2 0.4 -4.8
v 8.5 0.4 -4.8
v 8.6 0.4 -4.8
v 9 0.4 -4.8
v 9.1 0.4 -4.8
v 3.2 0.4 -4.9
v 3.3 0.4 -4.9
v 3.9 0.4 -5
v 4.1 0.4 -5
v 8.7 0.4 -5
v 8.8 0.4 -5
v 3.1 0.4 -5.1
v 3.2 0.4 -5.1
v 3.8 0.4 -5.1
v 3.9 0.4 -5.1
v 8.7 0.4 -5.1
v 8.8 0.4 -5.1
v 3 0.4 -5.2
v 3.1 0.4 -5.2
v 3.7 0.4 -5.2
v 3.8 0.4 -5.2
v 8.9 0.4 -5.2
v 9 0.4 -5.2
v 3.6 0.4 -5.3
v 3.7 0.4 -5.3
v -12.8 0.4 -5.4
v -12.7 0.4 -5.4
v 2.8 0.4 -5.4
v 3 0.4 -5.4
v 3.5 0.4 -5.4
v 3.6 0.4 -5.4
v 8.5 0.4 -5.4
v 8.6 0.4 -5.4
v 8.8 0.4 -5.4
v 8.9 0.4 -5.4
v -12.8 0.4 -5.5
v -12.7 0.4 -5.5
v 3.4 0.4 -5.5
v 3.5 0.4 -5.5
v 2.7 0.4 -5.6
v 2.8 0.4 -5.6
v 8.4 0.4 -5.6
v 8.5 0.4 -5.6
v 3.3 0.4 -5.7
v 3.4 0.4 -5.7
v 8.7 0.4 -5.7
v 8.8 0.4 -5.7
v -9 0.4 -5.8
v -8 0.4 -5.8
v 8.3 0.4 -5.8
v 8.4 0.4 -5.8
v 8.6 0.4 -5.8
v 8.7 0.4 -5.8
v -9.6 0.4 -5.9
v -9 0.4 -5.9
v 2.6 0.4 -5.9
v 2.7 0.4 -5.9
v 3.1 0.4 -5.9
v 3.3 0.4 -5.9
v 8.2 0.4 -5.9
v 8.3 0.4 -5.9
v -10 0.4 -6
v -9.6 0.4 -6
v -8 0.4 -6
v -7.9 0.4 -6
v 3 0.4 -6
v 3.1 0.4 -6
v 8 0.4 -6
v 8.2 0.4 -6
v 8.5 0.4 -6
v 8.6 0.4 -6
v -10.8 0.4 -6.1
v -10 0.4 -6.1
v 2.5 0.4 -6.1
v 2.6 0.4 -6.1
v 7.9 0.4 -6.1
v 8 0.4 -6.1
v -11 0.4 -6.2
v -10.8 0.4 -6.2
v 7.7 0.4 -6.2
v 7.9 0.4 -6.2
v -11.2 0.4 -6.3
v -11 0.4 -6.3
v -7.9 0.4 -6.3
v -7.8 0.4 -6.3
v 2.9 0.4 -6.3
v 3 0.4 -6.3
v 7.6 0.4 -6.3
v 7.7 0.4 -6.3
v 8.4 0.4 -6.3
v 8.5 0.4 -6.3
v -11.4 0.4 -6.4
v -11.2 0.4 -6.4
v 7.5 0.4 -6.4
v 7.6 0.4 -6.4
v 8.3 0.4 -6.4
v 8.4 0.4 -6.4
v -11.5 0.4 -6.5
v -11.4 0.4 -6.5
v -8.5 0.4 -6.5
v -8.4 0.4 -6.5
v 7.4 0.4 -6.5
v 7.5 0.4 -6.5
v -11.6 0.4 -6.6
v -11.5 0.4 -6.6
v -10 0.4 -6.6
v -9.9 0.4 -6.6
v -8.5 0.4 -6.6
v -8.4 0.4 -6.6
v 7.3 0.4 -6.6
v 7.4 0.4 -6.6
v 8.2 0.4 -6.6
v 8.3 0.4 -6.6
v -11.7 0.4 -6.7
v -11.6 0.4 -6.7
v -10 0.4 -6.7
v -9.9 0.4 -6.7
v 7.2 0.4 -6.7
v 7.3 0.4 -6.7
v -11.8 0.4 -6.8
v -11.7 0.4 -6.8
v 7.1 0.4 -6.8
v 7.2 0.4 -6.8
v 8.1 0.4 -6.8
v 8.2 0.4 -6.8
v -11.9 0.4 -6.9
v -11.8 0.4 -6.9
v -10.4 0.4 -6.9
v -9.4 0.4 -6.9
v 7 0.4 -6.9
v 7.1 0.4 -6.9
v 7.9 0.4 -6.9
v 8.1 0.4 -6.9
v -12 0.4 -7
v -11.9 0.4 -7
v -10.6 0.4 -7
v -10.4 0.4 -7
v -9.4 0.4 -7
v -9.3 0.4 -7
v 2.5 0.4 -7
v 2.6 0.4 -7
v 2.7 0.4 -7
v 2.8 0.4 -7
v 2.9 0.4 -7
v 3 0.4 -7
v 6.8 0.4 -7
v 7 0.4 -7
v 7.8 0.4 -7
v 7.9 0.4 -7
v -12.1 0.4 -7.1
v -12 0.4 -7.1
v -10.8 0.4 -7.1
v -10.6 0.4 -7.1
v -9.3 0.4 -7.1
v -9.2 0.4 -7.1
v 2.7 0.4 -7.1
v 2.8 0.4 -7.1
v 6.7 0.4 -7.1
v 6.8 0.4 -7.1
v 7.4 0.4 -7.1
v 7.5 0.4 -7.1
v 7.7 0.4 -7.1
v 7.8 0.4 -7.1
v -10.9 0.4 -7.2
v -10.8 0.4 -7.2
v 2.6 0.4 -7.2
v 2.7 0.4 -7.2
v 3 0.4 -7.2
v 3.1 0.4 -7.2
v 6.4 0.4 -7.2
v 6.7 0.4 -7.2
v 7.4 0.4 -7.2
v 7.5 0.4 -7.2
v 7.6 0.4 -7.2
v 7.7 0.4 -7.2
v -12.2 0.4 -7.3
v -12.1 0.4 -7.3
v -11 0.4 -7.3
v -10.9 0.4 -7.3
v 2.7 0.4 -7.3
v 2.8 0.4 -7.3
v 3.1 0.4 -7.3
v 6.2 0.4 -7.3
v 6.4 0.4 -7.3
v 7.5 0.4 -7.3
v 7.6 0.4 -7.3
v -12.3 0.4 -7.4
v -12.2 0.4 -7.4
v -11.1 0.4 -7.4
v -11 0.4 -7.4
v -9.2 0.4 -7.4
v -9.1 0.4 -7.4
v -7.9 0.4 -7.4
v -7.8 0.4 -7.4
v 2.7 0.4 -7.4
v 2.8 0.4 -7.4
v 5.8 0.4 -7.4
v 6.2 0.4 -7.4
v 7.3 0.4 -7.4
v 7.5 0.4 -7.4
v -12.4 0.4 -7.5
v -12.3 0.4 -7.5
v -11.2 0.4 -7.5
v -11.1 0.4 -7.5
v 3.1 0.4 -7.5
v 3.2 0.4 -7.5
v 3.3 0.4 -7.5
v 5.4 0.4 -7.5
v 5.8 0.4 -7.5
v 6.9 0.4 -7.5
v 7 0.4 -7.5
v 7.2 0.4 -7.5
v 7.3 0.4 -7.5
v -11.4 0.4 -7.6
v -11.2 0.4 -7.6
v -9.1 0.4 -7.6
v -9 0.4 -7.6
v -8.4 0.4 -7.6
v -8.3 0.4 -7.6
v 3 0.4 -7.6
v 3.1 0.4 -7.6
v 3.2 0.4 -7.6
v 3.3 0.4 -7.6
v 3.6 0.4 -7.6
v 4.8 0.4 -7.6
v 5.4 0.4 -7.6
v 6.9 0.4 -7.6
v 7 0.4 -7.6
v 7.2 0.4 -7.6
v -12.5 0.4 -7.7
v -12.4 0.4 -7.7
v -12.1 0.4 -7.7
v -12 0.4 -7.7
v -9.1 0.4 -7.7
v -8.4 0.4 -7.7
v -8.3 0.4 -7.7
v -8 0.4 -7.7
v -7.9 0.4 -7.7
v 2.8 0.4 -7.7
v 3 0.4 -7.7
v 3.1 0.4 -7.7
v 3.2 0.4 -7.7
v 3.3 0.4 -7.7
v 3.4 0.4 -7.7
v 3.5 0.4 -7.7
v 3.6 0.4 -7.7
v 3.9 0.4 -7.7
v 4.3 0.4 -7.7
v 4.4 0.4 -7.7
v 4.5 0.4 -7.7
v 4.8 0.4 -7.7
v 6.8 0.4 -7.7
v 7 0.4 -7.7
v -12.1 0.4 -7.8
v -12 0.4 -7.8
v -11.5 0.4 -7.8
v -11.4 0.4 -7.8
v -9.1 0.4 -7.8
v -9 0.4 -7.8
v 3.1 0.4 -7.8
v 3.3 0.4 -7.8
v 3.4 0.4 -7.8
v 3.9 0.4 -7.8
v 4 0.4 -7.8
v 4.1 0.4 -7.8
v 4.3 0.4 -7.8
v 4.4 0.4 -7.8
v 4.5 0.4 -7.8
v 4.6 0.4 -7.8
v 5.6 0.4 -7.8
v 5.7 0.4 -7.8
v 6.6 0.4 -7.8
v 6.8 0.4 -7.8
v -12.6 0.4 -7.9
v -12.5 0.4 -7.9
v -11.6 0.4 -7.9
v -11.5 0.4 -7.9
v 3.3 0.4 -7.9
v 3.5 0.4 -7.9
v 3.6 0.4 -7.9
v 4 0.4 -7.9
v 4.1 0.4 -7.9
v 4.5 0.4 -7.9
v 4.6 0.4 -7.9
v 5.6 0.4 -7.9
v 5.7 0.4 -7.9
v 6.4 0.4 -7.9
v 6.6 0.4 -7.9
v -11.7 0.4 -8
v -11.6 0.4 -8
v -8.1 0.4 -8
v -8 0.4 -8
v 3.5 0.4 -8
v 3.7 0.4 -8
v 4 0.4 -8
v 4.1 0.4 -8
v 6.1 0.4 -8
v 6.4 0.4 -8
v -12.7 0.4 -8.1
v -12.6 0.4 -8.1
v -8.2 0.4 -8.1
v -8.1 0.4 -8.1
v 3.7 0.4 -8.1
v 3.8 0.4 -8.1
v 4 0.4 -8.1
v 4.1 0.4 -8.1
v 4.5 0.4 -8.1
v 4.8 0.4 -8.1
v 5.8 0.4 -8.1
v 6.1 0.4 -8.1
v -8.3 0.4 -8.2
v -8.2 0.4 -8.2
v 3.8 0.4 -8.2
v 4.5 0.4 -8.2
v 4.7 0.4 -8.2
v 4.8 0.4 -8.2
v 5.5 0.4 -8.2
v 5.8 0.4 -8.2
v -12.8 0.4 -8.3
v -12.7 0.4 -8.3
v -9.2 0.4 -8.3
v -9.1 0.4 -8.3
v 4.7 0.4 -8.3
v 5.5 0.4 -8.3
v -8.4 0.4 -8.4
v -8.3 0.4 -8.4
v -9.2 0.4 -8.5
v -8.5 0.4 -8.5
v -8.4 0.4 -8.5
v -9.3 0.4 -8.6
v -9.2 0.4 -8.6
v -8.7 0.4 -8.6
v -8.5 0.4 -8.6
v -11.7 0.4 -8.7
v -11.6 0.4 -8.7
v -9.4 0.4 -8.7
v -9.3 0.4 -8.7
v -8.8 0.4 -8.7
v -8.7 0.4 -8.7
v -11.7 0.4 -8.8
v -11.6 0.4 -8.8
v -9.5 0.4 -8.8
v -9.4 0.4 -8.8
v -9.6 0.4 -8.9
v -9.5 0.4 -8.9
v -8.9 0.4 -8.9
v -8.8 0.4 -8.9
v -12.8 0.4 -9
v -12.7 0.4 -9
v -11.7 0.4 -9
v -11.6 0.4 -9
v -10 0.4 -9
v -9.6 0.4 -9
v -10.3 0.4 -9.1
v -10 0.4 -9.1
v -9 0.4 -9.1
v -8.9 0.4 -9.1
v -11.6 0.4 -9.2
v -11.4 0.4 -9.2
v -10.5 0.4 -9.2
v -10.3 0.4 -9.2
v -9.1 0.4 -9.2
v -9 0.4 -9.2
v -12.7 0.4 -9.3
v -12.6 0.4 -9.3
v -11.4 0.4 -9.3
v -11.2 0.4 -9.3
v -10.7 0.4 -9.3
v -10.5 0.4 -9.3
v -9.2 0.4 -9.3
v -9.1 0.4 -9.3
v -12.6 0.4 -9.4
v -12.5 0.4 -9.4
v -11.2 0.4 -9.4
v -11 0.4 -9.4
v -10.9 0.4 -9.4
v -10.7 0.4 -9.4
v -9.3 0.4 -9.4
v -9.2 0.4 -9.4
v -10.9 0.4 -9.5
v -10.8 0.4 -9.5
v -9.4 0.4 -9.5
v -9.3 0.4 -9.5
v -12.5 0.4 -9.6
v -12.4 0.4 -9.6
v -9.6 0.4 -9.6
v -9.4 0.4 -9.6
v -10.9 0.4 -9.7
v -10.8 0.4 -9.7
v -9.8 0.4 -9.7
v -9.6 0.4 -9.7
v -12.4 0.4 -9.8
v -12.2 0.4 -9.8
v -9.9 0.4 -9.8
v -9.8 0.4 -9.8
v -12.2 0.4 -9.9
v -12.1 0.4 -9.9
v -10 0.4 -9.9
v -9.9 0.4 -9.9
v -10.1 0.4 -10
v -10 0.4 -10
v -12.1 0.4 -10.1
v -12 0.4 -10.1
v -10.2 0.4 -10.1
v -10.1 0.4 -10.1
v -12 0.4 -10.2
v -11.9 0.4 -10.2
v -10.5 0.4 -10.2
v -10.2 0.4 -10.2
v -11.9 0.4 -10.3
v -10.5 0.4 -10.3
v 7 0.5 -3.4
v 7.1 0.5 -3.4
v 7.2 0.5 -3.4
v 7.4 0.5 -3.4
v 5.8 0.5 -3.5
v 7 0.5 -3.5
v 7.1 0.5 -3.5
v 7.2 0.5 -3.5
v 7.4 0.5 -3.5
v 7.7 0.5 -3.5
v 7.8 0.5 -3.5
v 5.5 0.5 -3.6
v 5.8 0.5 -3.6
v 6.7 0.5 -3.6
v 6.8 0.5 -3.6
v 7.7 0.5 -3.6
v 7.8 0.5 -3.6
v 7.9 0.5 -3.6
v 5.4 0.5 -3.7
v 5.5 0.5 -3.7
v 6.7 0.5 -3.7
v 6.8 0.5 -3.7
v 7.4 0.5 -3.7
v 7.6 0.5 -3.7
v 7.7 0.5 -3.7
v 7.9 0.5 -3.7
v 5.2 0.5 -3.8
v 5.4 0.5 -3.8
v 6 0.5 -3.8
v 6.3 0.5 -3.8
v 6.7 0.5 -3.8
v 6.8 0.5 -3.8
v 7 0.5 -3.8
v 7.1 0.5 -3.8
v 7.3 0.5 -3.8
v 7.4 0.5 -3.8
v 7.6 0.5 -3.8
v 7.7 0.5 -3.8
v 7.9 0.5 -3.8
v 8 0.5 -3.8
v 5.1 0.5 -3.9
v 5.2 0.5 -3.9
v 5.8 0.5 -3.9
v 6 0.5 -3.9
v 6.3 0.5 -3.9
v 6.5 0.5 -3.9
v 7.3 0.5 -3.9
v 7.4 0.5 -3.9
v 7.5 0.5 -3.9
v 7.8 0.5 -3.9
v 5 0.5 -4
v 5.1 0.5 -4
v 6.5 0.5 -4
v 6.7 0.5 -4
v 6.8 0.5 -4
v 6.9 0.5 -4
v 7 0.5 -4
v 7.1 0.5 -4
v 7.2 0.5 -4
v 7.5 0.5 -4
v 7.6 0.5 -4
v 7.8 0.5 -4
v 7.9 0.5 -4
v 4.8 0.5 -4.1
v 5 0.5 -4.1
v 5.6 0.5 -4.1
v 5.8 0.5 -4.1
v 7.1 0.5 -4.1
v 7.2 0.5 -4.1
v 7.4 0.5 -4.1
v 7.5 0.5 -4.1
v 7.6 0.5 -4.1
v 7.8 0.5 -4.1
v 7.9 0.5 -4.1
v 8 0.5 -4.1
v 8.1 0.5 -4.1
v 4.7 0.5 -4.2
v 4.8 0.5 -4.2
v 5.3 0.5 -4.2
v 5.6 0.5 -4.2
v 6.8 0.5 -4.2
v 6.9 0.5 -4.2
v 7.2 0.5 -4.2
v 7.3 0.5 -4.2
v 7.4 0.5 -4.2
v 7.5 0.5 -4.2
v 7.6 0.5 -4.2
v 7.7 0.5 -4.2
v 7.8 0.5 -4.2
v 7.9 0.5 -4.2
v 8.1 0.5 -4.2
v 8.2 0.5 -4.2
v 4.6 0.5 -4.3
v 4.7 0.5 -4.3
v 4.8 0.5 -4.3
v 5.2 0.5 -4.3
v 5.3 0.5 -4.3
v 6.9 0.5 -4.3
v 7 0.5 -4.3
v 7.1 0.5 -4.3
v 7.2 0.5 -4.3
v 7.3 0.5 -4.3
v 7.4 0.5 -4.3
v 7.6 0.5 -4.3
v 7.7 0.5 -4.3
v 7.8 0.5 -4.3
v 7.9 0.5 -4.3
v 8.1 0.5 -4.3
v 8.2 0.5 -4.3
v 4.5 0.5 -4.4
v 4.6 0.5 -4.4
v 5.1 0.5 -4.4
v 5.2 0.5 -4.4
v 7.1 0.5 -4.4
v 7.2 0.5 -4.4
v 7.3 0.5 -4.4
v 7.4 0.5 -4.4
v 7.6 0.5 -4.4
v 7.7 0.5 -4.4
v 7.9 0.5 -4.4
v 8.1 0.5 -4.4
v 8.2 0.5 -4.4
v 8.4 0.5 -4.4
v 4.4 0.5 -4.5
v 4.5 0.5 -4.5
v 5 0.5 -4.5
v 5.1 0.5 -4.5
v 7 0.5 -4.5
v 7.1 0.5 -4.5
v 7.2 0.5 -4.5
v 7.9 0.5 -4.5
v 8 0.5 -4.5
v 8.4 0.5 -4.5
v 8.5 0.5 -4.5
v 4.2 0.5 -4.6
v 4.4 0.5 -4.6
v 4.8 0.5 -4.6
v 5 0.5 -4.6
v 7 0.5 -4.6
v 7.6 0.5 -4.6
v 7.7 0.5 -4.6
v 7.9 0.5 -4.6
v 8 0.5 -4.6
v 8.4 0.5 -4.6
v 8.5 0.5 -4.6
v 4.7 0.5 -4.7
v 4.8 0.5 -4.7
v 7 0.5 -4.7
v 7.1 0.5 -4.7
v 7.3 0.5 -4.7
v 7.4 0.5 -4.7
v 8.4 0.5 -4.7
v 8.5 0.5 -4.7
v 4.1 0.5 -4.8
v 4.2 0.5 -4.8
v 4.6 0.5 -4.8
v 4.7 0.5 -4.8
v 7.1 0.5 -4.8
v 7.3 0.5 -4.8
v 7.4 0.5 -4.8
v 8.5 0.5 -4.8
v 8.6 0.5 -4.8
v 7.1 0.5 -4.9
v 7.2 0.5 -4.9
v 7.3 0.5 -4.9
v 7.4 0.5 -4.9
v 8.4 0.5 -4.9
v 8.5 0.5 -4.9
v 3.9 0.5 -5
v 4.1 0.5 -5
v 4.5 0.5 -5
v 4.6 0.5 -5
v 7.3 0.5 -5
v 7.4 0.5 -5
v 8 0.5 -5
v 8.1 0.5 -5
v 8.4 0.5 -5
v 8.5 0.5 -5
v 3.8 0.5 -5.1
v 3.9 0.5 -5.1
v 4.4 0.5 -5.1
v 4.5 0.5 -5.1
v 7.2 0.5 -5.1
v 7.3 0.5 -5.1
v 7.4 0.5 -5.1
v 7.7 0.5 -5.1
v 7.8 0.5 -5.1
v 3.7 0.5 -5.2
v 3.8 0.5 -5.2
v 4.2 0.5 -5.2
v 4.4 0.5 -5.2
v 7.2 0.5 -5.2
v 7.7 0.5 -5.2
v 7.8 0.5 -5.2
v 8 0.5 -5.2
v 8.1 0.5 -5.2
v 3.6 0.5 -5.3
v 3.7 0.5 -5.3
v 3.8 0.5 -5.3
v 4.1 0.5 -5.3
v 4.2 0.5 -5.3
v 7.1 0.5 -5.3
v 7.2 0.5 -5.3
v 3.5 0.5 -5.4
v 3.6 0.5 -5.4
v 4 0.5 -5.4
v 4.1 0.5 -5.4
v 8.5 0.5 -5.4
v 8.6 0.5 -5.4
v 3.4 0.5 -5.5
v 3.5 0.5 -5.5
v 3.7 0.5 -5.5
v 3.8 0.5 -5.5
v 3.8 0.5 -5.6
v 4 0.5 -5.6
v 7.1 0.5 -5.6
v 8.4 0.5 -5.6
v 8.5 0.5 -5.6
v 3.3 0.5 -5.7
v 3.4 0.5 -5.7
v 3.7 0.5 -5.7
v 3.8 0.5 -5.7
v 7.1 0.5 -5.7
v 7.3 0.5 -5.7
v 7.4 0.5 -5.7
v 3.6 0.5 -5.8
v 3.7 0.5 -5.8
v 7.3 0.5 -5.8
v 7.4 0.5 -5.8
v 8.3 0.5 -5.8
v 8.4 0.5 -5.8
v 3.1 0.5 -5.9
v 3.3 0.5 -5.9
v 3.4 0.5 -5.9
v 3.6 0.5 -5.9
v 7 0.5 -5.9
v 7.1 0.5 -5.9
v 8.2 0.5 -5.9
v 8.3 0.5 -5.9
v 3 0.5 -6
v 3.1 0.5 -6
v 8 0.5 -6
v 8.2 0.5 -6
v 7.9 0.5 -6.1
v 8 0.5 -6.1
v 7.3 0.5 -6.2
v 7.4 0.5 -6.2
v 7.7 0.5 -6.2
v 7.9 0.5 -6.2
v 2.9 0.5 -6.3
v 3 0.5 -6.3
v 3.3 0.5 -6.3
v 3.4 0.5 -6.3
v 6.9 0.5 -6.3
v 7 0.5 -6.3
v 7.3 0.5 -6.3
v 7.4 0.5 -6.3
v 7.5 0.5 -6.3
v 7.6 0.5 -6.3
v 7.7 0.5 -6.3
v 6.8 0.5 -6.4
v 6.9 0.5 -6.4
v 7.4 0.5 -6.4
v 7.5 0.5 -6.4
v 7.6 0.5 -6.4
v 6.6 0.5 -6.5
v 6.8 0.5 -6.5
v 7.4 0.5 -6.5
v 7.5 0.5 -6.5
v 6.3 0.5 -6.6
v 6.6 0.5 -6.6
v 7.3 0.5 -6.6
v 7.4 0.5 -6.6
v 6.2 0.5 -6.7
v 6.3 0.5 -6.7
v 7.2 0.5 -6.7
v 7.3 0.5 -6.7
v 3.3 0.5 -6.8
v 3.4 0.5 -6.8
v 6.1 0.5 -6.8
v 6.2 0.5 -6.8
v 7.1 0.5 -6.8
v 7.2 0.5 -6.8
v -10.4 0.5 -6.9
v -9.4 0.5 -6.9
v 3 0.5 -6.9
v 3.1 0.5 -6.9
v 6 0.5 -6.9
v 6.1 0.5 -6.9
v 7 0.5 -6.9
v 7.1 0.5 -6.9
v -10.6 0.5 -7
v -10.4 0.5 -7
v -9.4 0.5 -7
v -9.3 0.5 -7
v 2.9 0.5 -7
v 3 0.5 -7
v 3.1 0.5 -7
v 5.9 0.5 -7
v 6 0.5 -7
v 6.8 0.5 -7
v 7 0.5 -7
v -10.8 0.5 -7.1
v -10.6 0.5 -7.1
v -9.3 0.5 -7.1
v -9.2 0.5 -7.1
v 3.2 0.5 -7.1
v 3.4 0.5 -7.1
v 5.5 0.5 -7.1
v 5.9 0.5 -7.1
v 6.7 0.5 -7.1
v 6.8 0.5 -7.1
v -10.9 0.5 -7.2
v -10.8 0.5 -7.2
v 3 0.5 -7.2
v 3.1 0.5 -7.2
v 3.2 0.5 -7.2
v 3.3 0.5 -7.2
v 3.4 0.5 -7.2
v 3.5 0.5 -7.2
v 3.6 0.5 -7.2
v 5.2 0.5 -7.2
v 5.4 0.5 -7.2
v 5.5 0.5 -7.2
v 6.4 0.5 -7.2
v 6.7 0.5 -7.2
v -11 0.5 -7.3
v -10.9 0.5 -7.3
v -10.4 0.5 -7.3
v -10.3 0.5 -7.3
v -9.9 0.5 -7.3
v -9.8 0.5 -7.3
v 3.1 0.5 -7.3
v 3.3 0.5 -7.3
v 3.4 0.5 -7.3
v 3.6 0.5 -7.3
v 3.7 0.5 -7.3
v 4.9 0.5 -7.3
v 5 0.5 -7.3
v 5.1 0.5 -7.3
v 5.2 0.5 -7.3
v 5.4 0.5 -7.3
v 5.5 0.5 -7.3
v 6.2 0.5 -7.3
v 6.4 0.5 -7.3
v -11.1 0.5 -7.4
v -11 0.5 -7.4
v -10.4 0.5 -7.4
v -10.3 0.5 -7.4
v -9.9 0.5 -7.4
v -9.8 0.5 -7.4
v -9.2 0.5 -7.4
v -9.1 0.5 -7.4
v 3.2 0.5 -7.4
v 3.3 0.5 -7.4
v 3.4 0.5 -7.4
v 3.5 0.5 -7.4
v 3.7 0.5 -7.4
v 3.9 0.5 -7.4
v 4 0.5 -7.4
v 4.2 0.5 -7.4
v 4.3 0.5 -7.4
v 4.9 0.5 -7.4
v 5 0.5 -7.4
v 5.1 0.5 -7.4
v 5.8 0.5 -7.4
v 6.2 0.5 -7.4
v -11.2 0.5 -7.5
v -11.1 0.5 -7.5
v -11 0.5 -7.5
v 3.1 0.5 -7.5
v 3.2 0.5 -7.5
v 3.3 0.5 -7.5
v 3.4 0.5 -7.5
v 3.8 0.5 -7.5
v 3.9 0.5 -7.5
v 5.4 0.5 -7.5
v 5.8 0.5 -7.5
v -11.4 0.5 -7.6
v -11.2 0.5 -7.6
v -11.1 0.5 -7.6
v -11 0.5 -7.6
v -9.2 0.5 -7.6
v -9.1 0.5 -7.6
v 3.3 0.5 -7.6
v 3.6 0.5 -7.6
v 3.8 0.5 -7.6
v 3.9 0.5 -7.6
v 4.8 0.5 -7.6
v 5.4 0.5 -7.6
v -9.2 0.5 -7.7
v -9.1 0.5 -7.7
v 3.6 0.5 -7.7
v 3.9 0.5 -7.7
v 4.3 0.5 -7.7
v 4.8 0.5 -7.7
v -11.5 0.5 -7.8
v -11.4 0.5 -7.8
v 3.9 0.5 -7.8
v 4.3 0.5 -7.8
v -11.6 0.5 -7.9
v -11.5 0.5 -7.9
v -10.3 0.5 -7.9
v -10.1 0.5 -7.9
v -11.7 0.5 -8
v -11.6 0.5 -8
v -10.3 0.5 -8
v -10.1 0.5 -8
v -9.2 0.5 -8.3
v -9.1 0.5 -8.3
v -10.4 0.5 -8.4
v -10.3 0.5 -8.4
v -10.2 0.5 -8.4
v -10.1 0.5 -8.4
v -10.4 0.5 -8.5
v -10.3 0.5 -8.5
v -10.2 0.5 -8.5
v -10.1 0.5 -8.5
v -9.3 0.5 -8.5
v -9.2 0.5 -8.5
v -9.3 0.5 -8.6
v -9.2 0.5 -8.6
v -11.7 0.5 -8.7
v -11.6 0.5 -8.7
v -9.4 0.5 -8.7
v -9.3 0.5 -8.7
v -11.7 0.5 -8.8
v -11.6 0.5 -8.8
v -9.5 0.5 -8.8
v -9.4 0.5 -8.8
v -9.6 0.5 -8.9
v -9.5 0.5 -8.9
v -11.7 0.5 -9
v -11.6 0.5 -9
v -10 0.5 -9
v -9.6 0.5 -9
v -10.3 0.5 -9.1
v -10 0.5 -9.1
v -11.6 0.5 -9.2
v -11.4 0.5 -9.2
v -10.5 0.5 -9.2
v -10.3 0.5 -9.2
v -11.4 0.5 -9.3
v -11.2 0.5 -9.3
v -11 0.5 -9.3
v -10.9 0.5 -9.3
v -10.7 0.5 -9.3
v -10.5 0.5 -9.3
v -11.2 0.5 -9.4
v -11 0.5 -9.4
v -10.9 0.5 -9.4
v -10.7 0.5 -9.4
v 6 0.6 -3.8
v 6.3 0.6 -3.8
v 5.8 0.6 -3.9
v 6 0.6 -3.9
v 6.3 0.6 -3.9
v 6.5 0.6 -3.9
v 6.4 0.6 -4
v 6.5 0.6 -4
v 6.8 0.6 -4
v 5.6 0.6 -4.1
v 5.8 0.6 -4.1
v 6.2 0.6 -4.1
v 6.3 0.6 -4.1
v 6.4 0.6 -4.1
v 6.5 0.6 -4.1
v 5.3 0.6 -4.2
v 5.6 0.6 -4.2
v 6.2 0.6 -4.2
v 6.3 0.6 -4.2
v 6.6 0.6 -4.2
v 6.7 0.6 -4.2
v 6.8 0.6 -4.2
v 6.9 0.6 -4.2
v 5.2 0.6 -4.3
v 5.3 0.6 -4.3
v 5.9 0.6 -4.3
v 6 0.6 -4.3
v 6.8 0.6 -4.3
v 6.9 0.6 -4.3
v 7 0.6 -4.3
v 5.1 0.6 -4.4
v 5.2 0.6 -4.4
v 5.3 0.6 -4.4
v 5.7 0.6 -4.4
v 5.8 0.6 -4.4
v 5.9 0.6 -4.4
v 6 0.6 -4.4
v 6.2 0.6 -4.4
v 6.3 0.6 -4.4
v 6.4 0.6 -4.4
v 6.6 0.6 -4.4
v 6.7 0.6 -4.4
v 5 0.6 -4.5
v 5.1 0.6 -4.5
v 5.2 0.6 -4.5
v 5.3 0.6 -4.5
v 5.7 0.6 -4.5
v 5.8 0.6 -4.5
v 6.1 0.6 -4.5
v 6.3 0.6 -4.5
v 6.4 0.6 -4.5
v 6.6 0.6 -4.5
v 6.8 0.6 -4.5
v 6.9 0.6 -4.5
v 7 0.6 -4.5
v 4.8 0.6 -4.6
v 5 0.6 -4.6
v 5.8 0.6 -4.6
v 5.9 0.6 -4.6
v 6.2 0.6 -4.6
v 6.3 0.6 -4.6
v 6.4 0.6 -4.6
v 6.9 0.6 -4.6
v 7 0.6 -4.6
v 4.7 0.6 -4.7
v 4.8 0.6 -4.7
v 6.1 0.6 -4.7
v 6.2 0.6 -4.7
v 6.6 0.6 -4.7
v 6.7 0.6 -4.7
v 6.8 0.6 -4.7
v 6.9 0.6 -4.7
v 7 0.6 -4.7
v 7.1 0.6 -4.7
v 4.6 0.6 -4.8
v 4.7 0.6 -4.8
v 5.3 0.6 -4.8
v 5.4 0.6 -4.8
v 5.8 0.6 -4.8
v 5.9 0.6 -4.8
v 6.2 0.6 -4.8
v 6.5 0.6 -4.8
v 6.7 0.6 -4.8
v 6.8 0.6 -4.8
v 6.9 0.6 -4.8
v 7 0.6 -4.8
v 7.1 0.6 -4.8
v 5.3 0.6 -4.9
v 5.4 0.6 -4.9
v 5.6 0.6 -4.9
v 5.7 0.6 -4.9
v 5.9 0.6 -4.9
v 6.2 0.6 -4.9
v 6.3 0.6 -4.9
v 6.4 0.6 -4.9
v 6.7 0.6 -4.9
v 6.8 0.6 -4.9
v 7 0.6 -4.9
v 7.1 0.6 -4.9
v 7.2 0.6 -4.9
v 4.5 0.6 -5
v 4.6 0.6 -5
v 5.6 0.6 -5
v 5.7 0.6 -5
v 6.2 0.6 -5
v 6.5 0.6 -5
v 6.7 0.6 -5
v 6.8 0.6 -5
v 6.9 0.6 -5
v 7 0.6 -5
v 4.4 0.6 -5.1
v 4.5 0.6 -5.1
v 4.9 0.6 -5.1
v 5 0.6 -5.1
v 5.6 0.6 -5.1
v 5.7 0.6 -5.1
v 5.8 0.6 -5.1
v 5.9 0.6 -5.1
v 6 0.6 -5.1
v 6.2 0.6 -5.1
v 6.7 0.6 -5.1
v 6.8 0.6 -5.1
v 6.9 0.6 -5.1
v 7 0.6 -5.1
v 7.1 0.6 -5.1
v 7.2 0.6 -5.1
v 4.2 0.6 -5.2
v 4.4 0.6 -5.2
v 4.5 0.6 -5.2
v 4.6 0.6 -5.2
v 4.9 0.6 -5.2
v 5 0.6 -5.2
v 5.5 0.6 -5.2
v 5.6 0.6 -5.2
v 5.7 0.6 -5.2
v 5.8 0.6 -5.2
v 5.9 0.6 -5.2
v 6 0.6 -5.2
v 6.1 0.6 -5.2
v 6.2 0.6 -5.2
v 6.7 0.6 -5.2
v 6.8 0.6 -5.2
v 7.1 0.6 -5.2
v 7.2 0.6 -5.2
v 4.1 0.6 -5.3
v 4.2 0.6 -5.3
v 4.5 0.6 -5.3
v 4.6 0.6 -5.3
v 5.5 0.6 -5.3
v 5.6 0.6 -5.3
v 5.7 0.6 -5.3
v 5.8 0.6 -5.3
v 5.9 0.6 -5.3
v 6 0.6 -5.3
v 6.1 0.6 -5.3
v 6.2 0.6 -5.3
v 6.3 0.6 -5.3
v 7.1 0.6 -5.3
v 7.2 0.6 -5.3
v 4 0.6 -5.4
v 4.1 0.6 -5.4
v 5.4 0.6 -5.4
v 5.6 0.6 -5.4
v 5.7 0.6 -5.4
v 5.8 0.6 -5.4
v 6.6 0.6 -5.4
v 6.8 0.6 -5.4
v 4.3 0.6 -5.5
v 4.4 0.6 -5.5
v 4.6 0.6 -5.5
v 4.7 0.6 -5.5
v 4.9 0.6 -5.5
v 5 0.6 -5.5
v 5.3 0.6 -5.5
v 5.4 0.6 -5.5
v 5.6 0.6 -5.5
v 5.7 0.6 -5.5
v 5.8 0.6 -5.5
v 6 0.6 -5.5
v 6.1 0.6 -5.5
v 6.2 0.6 -5.5
v 6.3 0.6 -5.5
v 6.6 0.6 -5.5
v 6.8 0.6 -5.5
v 3.8 0.6 -5.6
v 4 0.6 -5.6
v 4.3 0.6 -5.6
v 4.4 0.6 -5.6
v 4.6 0.6 -5.6
v 4.7 0.6 -5.6
v 4.9 0.6 -5.6
v 5 0.6 -5.6
v 5.1 0.6 -5.6
v 5.3 0.6 -5.6
v 5.4 0.6 -5.6
v 5.6 0.6 -5.6
v 5.8 0.6 -5.6
v 7 0.6 -5.6
v 7.1 0.6 -5.6
v 3.7 0.6 -5.7
v 3.8 0.6 -5.7
v 4.4 0.6 -5.7
v 4.6 0.6 -5.7
v 4.9 0.6 -5.7
v 5 0.6 -5.7
v 5.1 0.6 -5.7
v 5.2 0.6 -5.7
v 5.3 0.6 -5.7
v 5.4 0.6 -5.7
v 5.5 0.6 -5.7
v 5.6 0.6 -5.7
v 6 0.6 -5.7
v 6.1 0.6 -5.7
v 7 0.6 -5.7
v 7.1 0.6 -5.7
v 3.6 0.6 -5.8
v 3.7 0.6 -5.8
v 4.8 0.6 -5.8
v 4.9 0.6 -5.8
v 5 0.6 -5.8
v 5.1 0.6 -5.8
v 5.2 0.6 -5.8
v 5.3 0.6 -5.8
v 5.4 0.6 -5.8
v 5.5 0.6 -5.8
v 6 0.6 -5.8
v 6.1 0.6 -5.8
v 3.4 0.6 -5.9
v 3.6 0.6 -5.9
v 4.4 0.6 -5.9
v 4.5 0.6 -5.9
v 4.7 0.6 -5.9
v 4.8 0.6 -5.9
v 4.9 0.6 -5.9
v 5 0.6 -5.9
v 5.1 0.6 -5.9
v 5.2 0.6 -5.9
v 5.3 0.6 -5.9
v 5.4 0.6 -5.9
v 5.5 0.6 -5.9
v 5.8 0.6 -5.9
v 5.9 0.6 -5.9
v 6.1 0.6 -5.9
v 6.2 0.6 -5.9
v 7 0.6 -5.9
v 7.1 0.6 -5.9
v 4.4 0.6 -6
v 4.5 0.6 -6
v 4.6 0.6 -6
v 4.7 0.6 -6
v 4.8 0.6 -6
v 4.9 0.6 -6
v 5 0.6 -6
v 5.2 0.6 -6
v 5.3 0.6 -6
v 5.4 0.6 -6
v 5.8 0.6 -6
v 5.9 0.6 -6
v 6.4 0.6 -6
v 6.5 0.6 -6
v 6.6 0.6 -6
v 6.7 0.6 -6
v 3.7 0.6 -6.1
v 3.8 0.6 -6.1
v 4.4 0.6 -6.1
v 4.5 0.6 -6.1
v 4.6 0.6 -6.1
v 4.7 0.6 -6.1
v 4.8 0.6 -6.1
v 5.3 0.6 -6.1
v 5.5 0.6 -6.1
v 5.9 0.6 -6.1
v 6.1 0.6 -6.1
v 6.2 0.6 -6.1
v 6.4 0.6 -6.1
v 6.5 0.6 -6.1
v 6.6 0.6 -6.1
v 6.7 0.6 -6.1
v 3.7 0.6 -6.2
v 3.8 0.6 -6.2
v 4.4 0.6 -6.2
v 4.5 0.6 -6.2
v 4.6 0.6 -6.2
v 4.7 0.6 -6.2
v 4.8 0.6 -6.2
v 5.2 0.6 -6.2
v 5.3 0.6 -6.2
v 5.9 0.6 -6.2
v 6.1 0.6 -6.2
v 3.3 0.6 -6.3
v 3.4 0.6 -6.3
v 3.9 0.6 -6.3
v 4.2 0.6 -6.3
v 4.4 0.6 -6.3
v 4.5 0.6 -6.3
v 4.7 0.6 -6.3
v 4.8 0.6 -6.3
v 4.9 0.6 -6.3
v 5 0.6 -6.3
v 5.2 0.6 -6.3
v 5.3 0.6 -6.3
v 5.4 0.6 -6.3
v 5.5 0.6 -6.3
v 6 0.6 -6.3
v 6.1 0.6 -6.3
v 6.9 0.6 -6.3
v 7 0.6 -6.3
v 3.8 0.6 -6.4
v 3.9 0.6 -6.4
v 4.1 0.6 -6.4
v 4.2 0.6 -6.4
v 4.4 0.6 -6.4
v 4.5 0.6 -6.4
v 4.6 0.6 -6.4
v 4.7 0.6 -6.4
v 5.4 0.6 -6.4
v 5.5 0.6 -6.4
v 6 0.6 -6.4
v 6.1 0.6 -6.4
v 6.8 0.6 -6.4
v 6.9 0.6 -6.4
v 3.9 0.6 -6.5
v 4.1 0.6 -6.5
v 4.2 0.6 -6.5
v 4.4 0.6 -6.5
v 4.5 0.6 -6.5
v 4.6 0.6 -6.5
v 6.6 0.6 -6.5
v 6.8 0.6 -6.5
v 3.6 0.6 -6.6
v 3.7 0.6 -6.6
v 3.9 0.6 -6.6
v 4.2 0.6 -6.6
v 4.3 0.6 -6.6
v 4.4 0.6 -6.6
v 4.9 0.6 -6.6
v 5 0.6 -6.6
v 6 0.6 -6.6
v 6.1 0.6 -6.6
v 6.3 0.6 -6.6
v 6.6 0.6 -6.6
v 3.4 0.6 -6.7
v 3.6 0.6 -6.7
v 3.8 0.6 -6.7
v 3.9 0.6 -6.7
v 4 0.6 -6.7
v 4.2 0.6 -6.7
v 4.3 0.6 -6.7
v 4.9 0.6 -6.7
v 5 0.6 -6.7
v 6 0.6 -6.7
v 6.1 0.6 -6.7
v 6.2 0.6 -6.7
v 6.3 0.6 -6.7
v 3.3 0.6 -6.8
v 3.4 0.6 -6.8
v 3.5 0.6 -6.8
v 3.6 0.6 -6.8
v 3.9 0.6 -6.8
v 4 0.6 -6.8
v 4.2 0.6 -6.8
v 4.9 0.6 -6.8
v 5 0.6 -6.8
v 6.1 0.6 -6.8
v 6.2 0.6 -6.8
v 3.5 0.6 -6.9
v 3.6 0.6 -6.9
v 3.8 0.6 -6.9
v 4 0.6 -6.9
v 4.4 0.6 -6.9
v 4.5 0.6 -6.9
v 6 0.6 -6.9
v 6.1 0.6 -6.9
v 3.5 0.6 -7
v 3.7 0.6 -7
v 3.8 0.6 -7
v 4 0.6 -7
v 4.4 0.6 -7
v 4.5 0.6 -7
v 4.6 0.6 -7
v 4.7 0.6 -7
v 5.9 0.6 -7
v 6 0.6 -7
v 3.4 0.6 -7.1
v 3.5 0.6 -7.1
v 3.7 0.6 -7.1
v 3.8 0.6 -7.1
v 4 0.6 -7.1
v 5.5 0.6 -7.1
v 5.9 0.6 -7.1
v 3.4 0.6 -7.2
v 3.5 0.6 -7.2
v 3.6 0.6 -7.2
v 3.7 0.6 -7.2
v 3.9 0.6 -7.2
v 4.2 0.6 -7.2
v 4.6 0.6 -7.2
v 4.7 0.6 -7.2
v 5.2 0.6 -7.2
v 5.5 0.6 -7.2
v 3.6 0.6 -7.3
v 3.7 0.6 -7.3
v 3.8 0.6 -7.3
v 4 0.6 -7.3
v 4.2 0.6 -7.3
v 4.3 0.6 -7.3
v 4.9 0.6 -7.3
v 5.2 0.6 -7.3
v 3.7 0.6 -7.4
v 3.9 0.6 -7.4
v 4 0.6 -7.4
v 4.2 0.6 -7.4
v 4.3 0.6 -7.4
v 4.9 0.6 -7.4

# faces
f 3/5/1 2/5/1 1/5/1
f 4/5/1 2/5/1 3/5/1
f 5/5/1 2/5/1 4/5/1
f 6/5/1 2/5/1 5/5/1
f 7/5/1 5/5/1 4/5/1
f 8/5/1 5/5/1 7/5/1
f 9/5/1 5/5/1 8/5/1
f 10/5/1 5/5/1 9/5/1
f 11/5/1 9/5/1 8/5/1
f 12/5/1 9/5/1 11/5/1
f 13/5/1 9/5/1 12/5/1
f 14/5/1 9/5/1 13/5/1
f 15/5/1 9/5/1 14/5/1
f 16/5/1 9/5/1 15/5/1
f 17/5/1 13/5/1 12/5/1
f 18/5/1 13/5/1 17/5/1
f 19/5/1 15/5/1 14/5/1
f 20/5/1 15/5/1 19/5/1
f 25/5/1 22/5/1 21/5/1
f 26/5/1 22/5/1 25/5/1
f 27/5/1 24/5/1 23/5/1
f 28/5/1 24/5/1 27/5/1
f 33/5/1 30/5/1 29/5/1
f 34/5/1 30/5/1 33/5/1
f 35/5/1 32/5/1 31/5/1
f 36/5/1 32/5/1 35/5/1
f 39/5/1 38/5/1 37/5/1
f 40/5/1 38/5/1 39/5/1
f 43/5/1 42/5/1 41/5/1
f 44/5/1 42/5/1 43/5/1
f 49/5/1 46/5/1 45/5/1
f 50/5/1 46/5/1 49/5/1
f 51/5/1 48/5/1 47/5/1
f 52/5/1 48/5/1 51/5/1
f 55/5/1 54/5/1 53/5/1
f 56/5/1 54/5/1 55/5/1
f 63/5/1 58/5/1 57/5/1
f 64/5/1 58/5/1 63/5/1
f 65/5/1 60/5/1 59/5/1
f 66/5/1 60/5/1 65/5/1
f 67/5/1 62/5/1 61/5/1
f 68/5/1 62/5/1 67/5/1
f 73/5/1 70/5/1 69/5/1
f 74/5/1 70/5/1 73/5/1
f 75/5/1 72/5/1 71/5/1
f 76/5/1 72/5/1 75/5/1
f 79/5/1 78/5/1 77/5/1
f 80/5/1 78/5/1 79/5/1
f 85/5/1 82/5/1 81/5/1
f 86/5/1 82/5/1 85/5/1
f 89/5/1 84/5/1 83/5/1
f 90/5/1 84/5/1 89/5/1
f 91/5/1 88/5/1 87/5/1
f 92/5/1 88/5/1 91/5/1
f 95/5/1 94/5/1 93/5/1
f 96/5/1 94/5/1 95/5/1
f 101/5/1 98/5/1 97/5/1
f 102/5/1 98/5/1 101/5/1
f 103/5/1 100/5/1 99/5/1
f 104/5/1 100/5/1 103/5/1
f 107/5/1 106/5/1 105/5/1
f 108/5/1 106/5/1 107/5/1
f 113/5/1 110/5/1 109/5/1
f 114/5/1 110/5/1 113/5/1
f 115/5/1 112/5/1 111/5/1
f 116/5/1 112/5/1 115/5/1
f 123/5/1 118/5/1 117/5/1
f 124/5/1 118/5/1 123/5/1
f 125/5/1 120/5/1 119/5/1
f 126/5/1 120/5/1 125/5/1
f 127/5/1 122/5/1 121/5/1
f 128/5/1 122/5/1 127/5/1
f 131/5/1 130/5/1 129/5/1
f 132/5/1 130/5/1 131/5/1
f 139/5/1 134/5/1 133/5/1
f 140/5/1 134/5/1 139/5/1
f 141/5/1 136/5/1 135/5/1
f 142/5/1 136/5/1 141/5/1
f 143/5/1 138/5/1 137/5/1
f 144/5/1 138/5/1 143/5/1
f 147/5/1 146/5/1 145/5/1
f 148/5/1 146/5/1 147/5/1
f 151/5/1 150/5/1 149/5/1
f 152/5/1 150/5/1 151/5/1
f 157/5/1 154/5/1 153/5/1
f 158/5/1 154/5/1 157/5/1
f 159/5/1 156/5/1 155/5/1
f 160/5/1 156/5/1 159/5/1
f 165/5/1 162/5/1 161/5/1
f 166/5/1 162/5/1 165/5/1
f 167/5/1 164/5/1 163/5/1
f 168/5/1 164/5/1 167/5/1
f 175/5/1 170/5/1 169/5/1
f 176/5/1 170/5/1 175/5/1
f 177/5/1 172/5/1 171/5/1
f 178/5/1 172/5/1 177/5/1
f 179/5/1 174/5/1 173/5/1
f 180/5/1 174/5/1 179/5/1
f 183/5/1 182/5/1 181/5/1
f 184/5/1 182/5/1 183/5/1
f 187/5/1 186/5/1 185/5/1
f 188/5/1 186/5/1 187/5/1
f 191/5/1 190/5/1 189/5/1
f 192/5/1 190/5/1 191/5/1
f 195/5/1 194/5/1 193/5/1
f 196/5/1 194/5/1 195/5/1
f 201/5/1 198/5/1 197/5/1
f 202/5/1 198/5/1 201/5/1
f 203/5/1 200/5/1 199/5/1
f 204/5/1 200/5/1 203/5/1
f 207/5/1 206/5/1 205/5/1
f 208/5/1 206/5/1 207/5/1
f 211/5/1 210/5/1 209/5/1
f 212/5/1 210/5/1 211/5/1
f 215/5/1 214/5/1 213/5/1
f 216/5/1 214/5/1 215/5/1
f 221/5/1 218/5/1 217/5/1
f 222/5/1 218/5/1 221/5/1
f 223/5/1 220/5/1 219/5/1
f 224/5/1 220/5/1 223/5/1
f 227/5/1 226/5/1 225/5/1
f 228/5/1 226/5/1 227/5/1
f 231/5/1 230/5/1 229/5/1
f 232/5/1 230/5/1 231/5/1
f 237/5/1 234/5/1 233/5/1
f 238/5/1 234/5/1 237/5/1
f 239/5/1 236/5/1 235/5/1
f 240/5/1 236/5/1 239/5/1
f 243/5/1 242/5/1 241/5/1
f 244/5/1 242/5/1 243/5/1
f 247/5/1 246/5/1 245/5/1
f 248/5/1 246/5/1 247/5/1
f 251/5/1 250/5/1 249/5/1
f 252/5/1 250/5/1 251/5/1
f 255/5/1 254/5/1 253/5/1
f 256/5/1 254/5/1 255/5/1
f 259/5/1 258/5/1 257/5/1
f 260/5/1 258/5/1 259/5/1
f 263/5/1 262/5/1 261/5/1
f 264/5/1 262/5/1 263/5/1
f 267/5/1 266/5/1 265/5/1
f 268/5/1 266/5/1 267/5/1
f 271/5/1 270/5/1 269/5/1
f 272/5/1 270/5/1 271/5/1
f 275/5/1 274/5/1 273/5/1
f 276/5/1 274/5/1 275/5/1
f 279/5/1 278/5/1 277/5/1
f 280/5/1 278/5/1 279/5/1
f 283/5/1 282/5/1 281/5/1
f 284/5/1 282/5/1 283/5/1
f 287/5/1 286/5/1 285/5/1
f 288/5/1 286/5/1 287/5/1
f 291/5/1 290/5/1 289/5/1
f 292/5/1 290/5/1 291/5/1
f 295/5/1 294/5/1 293/5/1
f 296/5/1 294/5/1 295/5/1
f 299/5/1 298/5/1 297/5/1
f 300/5/1 298/5/1 299/5/1
f 303/5/1 302/5/1 301/5/1
f 304/5/1 302/5/1 303/5/1
f 307/5/1 306/5/1 305/5/1
f 308/5/1 306/5/1 307/5/1
f 311/5/1 310/5/1 309/5/1
f 312/5/1 310/5/1 311/5/1
f 315/5/1 314/5/1 313/5/1
f 316/5/1 314/5/1 315/5/1
f 319/5/1 318/5/1 317/5/1
f 320/5/1 318/5/1 319/5/1
f 323/5/1 322/5/1 321/5/1
f 324/5/1 322/5/1 323/5/1
f 327/5/1 326/5/1 325/5/1
f 328/5/1 326/5/1 327/5/1
f 331/5/1 330/5/1 329/5/1
f 332/5/1 330/5/1 331/5/1
f 335/5/1 334/5/1 333/5/1
f 336/5/1 334/5/1 335/5/1
f 339/5/1 338/5/1 337/5/1
f 340/5/1 338/5/1 339/5/1
f 345/2/1 342/2/1 341/2/1
f 346/5/1 343/5/1 342/5/1
f 346/2/1 342/2/1 345/2/1
f 347/12/1 344/12/1 343/12/1
f 347/5/1 343/5/1 346/5/1
f 348/12/1 344/12/1 347/12/1
f 353/5/1 350/5/1 349/5/1
f 354/5/1 350/5/1 353/5/1
f 355/5/1 352/5/1 351/5/1
f 356/5/1 352/5/1 355/5/1
f 361/5/1 358/5/1 357/5/1
f 362/5/1 358/5/1 361/5/1
f 363/5/1 360/5/1 359/5/1
f 364/5/1 360/5/1 363/5/1
f 369/5/1 366/5/1 365/5/1
f 370/5/1 366/5/1 369/5/1
f 371/5/1 368/5/1 367/5/1
f 372/5/1 368/5/1 371/5/1
f 377/5/1 374/5/1 373/5/1
f 378/5/1 374/5/1 377/5/1
f 382/5/1 376/5/1 375/5/1
f 383/5/1 376/5/1 382/5/1
f 384/12/1 380/12/1 379/12/1
f 385/5/1 381/5/1 380/5/1
f 385/12/1 380/12/1 384/12/1
f 386/5/1 381/5/1 385/5/1
f 392/5/1 388/5/1 387/5/1
f 393/5/1 388/5/1 392/5/1
f 399/5/1 390/5/1 389/5/1
f 400/12/1 391/12/1 390/12/1
f 400/5/1 390/5/1 399/5/1
f 401/12/1 391/12/1 400/12/1
f 402/5/1 395/5/1 394/5/1
f 402/5/1 396/5/1 395/5/1
f 403/5/1 396/5/1 402/5/1
f 404/5/1 398/5/1 397/5/1
f 405/5/1 398/5/1 404/5/1
f 410/5/1 407/5/1 406/5/1
f 411/5/1 407/5/1 410/5/1
f 416/5/1 409/5/1 408/5/1
f 417/5/1 409/5/1 416/5/1
f 418/5/1 413/5/1 412/5/1
f 419/5/1 413/5/1 418/5/1
f 420/5/1 415/5/1 414/5/1
f 421/5/1 415/5/1 420/5/1
f 424/5/1 423/5/1 422/5/1
f 425/5/1 423/5/1 424/5/1
f 429/5/1 426/5/1 425/5/1
f 430/5/1 426/5/1 429/5/1
f 435/5/1 428/5/1 427/5/1
f 436/5/1 428/5/1 435/5/1
f 437/5/1 434/5/1 433/5/1
f 437/5/1 432/5/1 431/5/1
f 437/5/1 433/5/1 432/5/1
f 438/5/1 434/5/1 437/5/1
f 443/5/1 440/5/1 439/5/1
f 444/5/1 440/5/1 443/5/1
f 449/5/1 442/5/1 441/5/1
f 450/5/1 442/5/1 449/5/1
f 451/5/1 446/5/1 445/5/1
f 452/5/1 446/5/1 451/5/1
f 457/5/1 448/5/1 447/5/1
f 458/5/1 448/5/1 457/5/1
f 459/5/1 454/5/1 453/5/1
f 460/5/1 454/5/1 459/5/1
f 461/5/1 456/5/1 455/5/1
f 462/5/1 456/5/1 461/5/1
f 467/5/1 464/5/1 463/5/1
f 468/5/1 464/5/1 467/5/1
f 474/5/1 466/5/1 465/5/1
f 475/5/1 466/5/1 474/5/1
f 476/5/1 470/5/1 469/5/1
f 477/5/1 470/5/1 476/5/1
f 483/5/1 472/5/1 471/5/1
f 484/12/1 473/12/1 472/12/1
f 484/5/1 472/5/1 483/5/1
f 485/12/1 473/12/1 484/12/1
f 486/5/1 479/5/1 478/5/1
f 487/5/1 479/5/1 486/5/1
f 488/5/1 481/5/1 480/5/1
f 489/12/1 482/12/1 481/12/1
f 489/5/1 481/5/1 488/5/1
f 490/12/1 482/12/1 489/12/1
f 493/5/1 492/5/1 491/5/1
f 494/5/1 492/5/1 493/5/1
f 497/5/1 496/5/1 495/5/1
f 498/5/1 496/5/1 497/5/1
f 503/5/1 500/5/1 499/5/1
f 504/5/1 500/5/1 503/5/1
f 505/5/1 502/5/1 501/5/1
f 506/5/1 502/5/1 505/5/1
f 511/5/1 508/5/1 507/5/1
f 512/5/1 508/5/1 511/5/1
f 517/5/1 510/5/1 509/5/1
f 518/5/1 510/5/1 517/5/1
f 519/5/1 514/5/1 513/5/1
f 520/5/1 514/5/1 519/5/1
f 521/12/1 516/12/1 515/12/1
f 522/12/1 516/12/1 521/12/1
f 525/5/1 524/5/1 523/5/1
f 526/5/1 524/5/1 525/5/1
f 529/5/1 528/5/1 527/5/1
f 530/5/1 528/5/1 529/5/1
f 535/5/1 532/5/1 531/5/1
f 536/5/1 532/5/1 535/5/1
f 539/5/1 534/5/1 533/5/1
f 540/5/1 534/5/1 539/5/1
f 541/5/1 538/5/1 537/5/1
f 542/5/1 538/5/1 541/5/1
f 547/5/1 544/5/1 543/5/1
f 548/5/1 544/5/1 547/5/1
f 549/5/1 546/5/1 545/5/1
f 550/5/1 546/5/1 549/5/1
f 555/5/1 552/5/1 551/5/1
f 556/5/1 552/5/1 555/5/1
f 557/7/1 554/7/1 553/7/1
f 558/7/1 554/7/1 557/7/1
f 563/5/1 560/5/1 559/5/1
f 564/5/1 560/5/1 563/5/1
f 570/5/1 562/5/1 561/5/1
f 571/5/1 562/5/1 570/5/1
f 572/5/1 566/5/1 565/5/1
f 573/5/1 566/5/1 572/5/1
f 574/12/1 568/12/1 567/12/1
f 575/5/1 569/5/1 568/5/1
f 575/12/1 568/12/1 574/12/1
f 576/5/1 569/5/1 575/5/1
f 581/5/1 578/5/1 577/5/1
f 582/5/1 578/5/1 581/5/1
f 585/12/1 580/12/1 579/12/1
f 586/12/1 580/12/1 585/12/1
f 587/5/1 584/5/1 583/5/1
f 588/5/1 584/5/1 587/5/1
f 591/5/1 590/5/1 589/5/1
f 592/5/1 590/5/1 591/5/1
f 599/12/1 594/12/1 593/12/1
f 600/12/1 594/12/1 599/12/1
f 601/5/1 596/5/1 595/5/1
f 602/5/1 596/5/1 601/5/1
f 607/5/1 598/5/1 597/5/1
f 608/5/1 598/5/1 607/5/1
f 609/5/1 604/5/1 603/5/1
f 610/5/1 604/5/1 609/5/1
f 615/12/1 606/12/1 605/12/1
f 616/12/1 606/12/1 615/12/1
f 617/5/1 612/5/1 611/5/1
f 618/5/1 612/5/1 617/5/1
f 621/12/1 614/12/1 613/12/1
f 622/12/1 614/12/1 621/12/1
f 623/5/1 620/5/1 619/5/1
f 624/5/1 620/5/1 623/5/1
f 629/5/1 626/5/1 625/5/1
f 630/5/1 626/5/1 629/5/1
f 631/12/1 628/12/1 627/12/1
f 632/12/1 628/12/1 631/12/1
f 635/5/1 634/5/1 633/5/1
f 636/5/1 634/5/1 635/5/1
f 642/5/1 638/5/1 637/5/1
f 643/5/1 638/5/1 642/5/1
f 644/12/1 640/12/1 639/12/1
f 645/5/1 641/5/1 640/5/1
f 645/12/1 640/12/1 644/12/1
f 646/5/1 641/5/1 645/5/1
f 651/5/1 648/5/1 647/5/1
f 652/5/1 648/5/1 651/5/1
f 655/12/1 650/12/1 649/12/1
f 656/12/1 650/12/1 655/12/1
f 657/5/1 654/5/1 653/5/1
f 658/5/1 654/5/1 657/5/1
f 663/5/1 660/5/1 659/5/1
f 664/5/1 660/5/1 663/5/1
f 667/12/1 662/12/1 661/12/1
f 668/12/1 662/12/1 667/12/1
f 669/5/1 666/5/1 665/5/1
f 670/5/1 666/5/1 669/5/1
f 673/12/1 672/12/1 671/12/1
f 674/12/1 672/12/1 673/12/1
f 677/5/1 676/5/1 675/5/1
f 678/5/1 676/5/1 677/5/1
f 683/5/1 680/5/1 679/5/1
f 684/5/1 680/5/1 683/5/1
f 689/12/1 682/12/1 681/12/1
f 690/12/1 682/12/1 689/12/1
f 691/5/1 686/5/1 685/5/1
f 692/5/1 686/5/1 691/5/1
f 693/5/1 688/5/1 687/5/1
f 694/5/1 688/5/1 693/5/1
f 697/5/1 696/5/1 695/5/1
f 698/5/1 696/5/1 697/5/1
f 703/5/1 700/5/1 699/5/1
f 704/5/1 700/5/1 703/5/1
f 707/12/1 702/12/1 701/12/1
f 708/12/1 702/12/1 707/12/1
f 709/5/1 706/5/1 705/5/1
f 710/5/1 706/5/1 709/5/1
f 715/5/1 712/5/1 711/5/1
f 716/5/1 712/5/1 715/5/1
f 717/12/1 714/12/1 713/12/1
f 718/12/1 714/12/1 717/12/1
f 721/5/1 720/5/1 719/5/1
f 722/5/1 720/5/1 721/5/1
f 727/5/1 724/5/1 723/5/1
f 728/5/1 724/5/1 727/5/1
f 733/12/1 726/12/1 725/12/1
f 734/12/1 726/12/1 733/12/1
f 735/5/1 730/5/1 729/5/1
f 736/5/1 730/5/1 735/5/1
f 739/12/1 732/12/1 731/12/1
f 740/12/1 732/12/1 739/12/1
f 741/5/1 738/5/1 737/5/1
f 742/5/1 738/5/1 741/5/1
f 745/5/1 744/5/1 743/5/1
f 746/5/1 744/5/1 745/5/1
f 749/12/1 748/12/1 747/12/1
f 750/12/1 748/12/1 749/12/1
f 755/5/1 752/5/1 751/5/1
f 756/5/1 752/5/1 755/5/1
f 757/12/1 754/12/1 753/12/1
f 758/12/1 754/12/1 757/12/1
f 761/5/1 760/5/1 759/5/1
f 762/5/1 760/5/1 761/5/1
f 767/12/1 764/12/1 763/12/1
f 768/12/1 764/12/1 767/12/1
f 769/5/1 766/5/1 765/5/1
f 770/5/1 766/5/1 769/5/1
f 773/5/1 772/5/1 771/5/1
f 774/5/1 772/5/1 773/5/1
f 777/12/1 776/12/1 775/12/1
f 778/12/1 776/12/1 777/12/1
f 781/5/1 780/5/1 779/5/1
f 782/5/1 780/5/1 781/5/1
f 785/5/1 784/5/1 783/5/1
f 786/5/1 784/5/1 785/5/1
f 789/5/1 788/5/1 787/5/1
f 790/5/1 788/5/1 789/5/1
f 793/5/1 792/5/1 791/5/1
f 794/5/1 792/5/1 793/5/1
f 797/5/1 796/5/1 795/5/1
f 798/5/1 796/5/1 797/5/1
f 801/5/1 800/5/1 799/5/1
f 802/5/1 800/5/1 801/5/1
f 805/5/1 804/5/1 803/5/1
f 806/5/1 804/5/1 805/5/1
f 809/5/1 808/5/1 807/5/1
f 810/5/1 808/5/1 809/5/1
f 813/12/1 812/12/1 811/12/1
f 814/12/1 812/12/1 813/12/1
f 817/5/1 816/5/1 815/5/1
f 818/5/1 816/5/1 817/5/1
f 821/5/1 820/5/1 819/5/1
f 822/5/1 820/5/1 821/5/1
f 827/12/1 824/12/1 823/12/1
f 828/12/1 824/12/1 827/12/1
f 829/5/1 826/5/1 825/5/1
f 830/5/1 826/5/1 829/5/1
f 833/5/1 832/5/1 831/5/1
f 834/5/1 832/5/1 833/5/1
f 837/5/1 836/5/1 835/5/1
f 838/5/1 836/5/1 837/5/1
f 843/12/1 840/12/1 839/12/1
f 844/12/1 840/12/1 843/12/1
f 845/5/1 842/5/1 841/5/1
f 846/5/1 842/5/1 845/5/1
f 849/5/1 848/5/1 847/5/1
f 850/5/1 848/5/1 849/5/1
f 853/5/1 852/5/1 851/5/1
f 854/5/1 852/5/1 853/5/1
f 859/5/1 856/5/1 855/5/1
f 860/5/1 856/5/1 859/5/1
f 863/12/1 858/12/1 857/12/1
f 864/12/1 858/12/1 863/12/1
f 865/2/1 862/2/1 861/2/1
f 866/2/1 862/2/1 865/2/1
f 869/5/1 868/5/1 867/5/1
f 870/5/1 868/5/1 869/5/1
f 873/5/1 872/5/1 871/5/1
f 874/5/1 872/5/1 873/5/1
f 877/5/1 876/5/1 875/5/1
f 878/5/1 876/5/1 877/5/1
f 881/5/1 880/5/1 879/5/1
f 882/5/1 880/5/1 881/5/1
f 885/5/1 884/5/1 883/5/1
f 886/5/1 884/5/1 885/5/1
f 889/5/1 888/5/1 887/5/1
f 890/5/1 888/5/1 889/5/1
f 893/5/1 892/5/1 891/5/1
f 894/5/1 892/5/1 893/5/1
f 899/7/1 896/7/1 895/7/1
f 900/7/1 896/7/1 899/7/1
f 901/5/1 898/5/1 897/5/1
f 902/5/1 898/5/1 901/5/1
f 905/5/1 904/5/1 903/5/1
f 906/5/1 904/5/1 905/5/1
f 909/5/1 908/5/1 907/5/1
f 910/5/1 908/5/1 909/5/1
f 913/5/1 912/5/1 911/5/1
f 914/5/1 912/5/1 913/5/1
f 917/12/1 916/12/1 915/12/1
f 918/12/1 916/12/1 917/12/1
f 921/5/1 920/5/1 919/5/1
f 922/5/1 920/5/1 921/5/1
f 925/5/1 924/5/1 923/5/1
f 926/5/1 924/5/1 925/5/1
f 929/5/1 928/5/1 927/5/1
f 930/5/1 928/5/1 929/5/1
f 933/5/1 932/5/1 931/5/1
f 934/5/1 932/5/1 933/5/1
f 937/5/1 936/5/1 935/5/1
f 938/5/1 936/5/1 937/5/1
f 941/5/1 940/5/1 939/5/1
f 942/5/1 940/5/1 941/5/1
f 945/5/1 944/5/1 943/5/1
f 946/5/1 944/5/1 945/5/1
f 949/12/1 948/12/1 947/12/1
f 950/12/1 948/12/1 949/12/1
f 953/5/1 952/5/1 951/5/1
f 954/5/1 952/5/1 953/5/1
f 957/5/1 956/5/1 955/5/1
f 958/5/1 956/5/1 957/5/1
f 961/5/1 960/5/1 959/5/1
f 962/5/1 960/5/1 961/5/1
f 965/5/1 964/5/1 963/5/1
f 966/5/1 964/5/1 965/5/1
f 969/5/1 968/5/1 967/5/1
f 970/5/1 968/5/1 969/5/1
f 973/5/1 972/5/1 971/5/1
f 974/5/1 972/5/1 973/5/1
f 975/5/2 976/5/2 977/5/2
f 977/5/2 976/5/2 978/5/2
f 979/5/2 980/5/2 981/5/2
f 981/5/2 980/5/2 982/5/2
f 983/5/2 984/5/2 985/5/2
f 985/5/2 984/5/2 986/5/2
f 987/5/2 988/5/2 989/5/2
f 989/5/2 988/5/2 990/5/2
f 991/5/2 992/5/2 993/5/2
f 993/5/2 992/5/2 994/5/2
f 995/5/2 996/5/2 997/5/2
f 997/5/2 996/5/2 998/5/2
f 999/5/2 1000/5/2 1001/5/2
f 1001/5/2 1000/5/2 1002/5/2
f 1003/5/2 1004/5/2 1007/5/2
f 1007/5/2 1004/5/2 1008/5/2
f 1005/5/2 1006/5/2 1009/5/2
f 1009/5/2 1006/5/2 1010/5/2
f 1011/5/2 1012/5/2 1013/5/2
f 1013/5/2 1012/5/2 1014/5/2
f 1015/5/2 1016/5/2 1017/5/2
f 1017/5/2 1016/5/2 1018/5/2
f 1019/5/2 1020/5/2 1021/5/2
f 1021/5/2 1020/5/2 1022/5/2
f 1023/5/2 1024/5/2 1025/5/2
f 1025/5/2 1024/5/2 1026/5/2
f 1027/5/2 1028/5/2 1031/5/2
f 1031/5/2 1028/5/2 1032/5/2
f 1029/5/2 1030/5/2 1035/5/2
f 1035/5/2 1030/5/2 1036/5/2
f 1033/5/2 1034/5/2 1037/5/2
f 1037/5/2 1034/5/2 1038/5/2
f 1039/5/2 1040/5/2 1041/5/2
f 1041/5/2 1040/5/2 1042/5/2
f 1043/5/2 1044/5/2 1045/5/2
f 1045/5/2 1044/5/2 1046/5/2
f 1047/5/2 1048/5/2 1051/5/2
f 1051/5/2 1048/5/2 1052/5/2
f 1049/5/2 1050/5/2 1055/5/2
f 1055/5/2 1050/5/2 1056/5/2
f 1053/5/2 1054/5/2 1057/5/2
f 1057/5/2 1054/5/2 1058/5/2
f 1059/5/2 1060/5/2 1061/5/2
f 1061/5/2 1060/5/2 1062/5/2
f 1063/5/2 1064/5/2 1065/5/2
f 1065/5/2 1064/5/2 1066/5/2
f 1067/5/2 1068/5/2 1071/5/2
f 1071/5/2 1068/5/2 1072/5/2
f 1069/5/2 1070/5/2 1075/5/2
f 1075/5/2 1070/5/2 1076/5/2
f 1073/5/2 1074/5/2 1081/5/2
f 1081/5/2 1074/5/2 1082/5/2
f 1077/5/2 1078/5/2 1083/5/2
f 1083/5/2 1078/5/2 1084/5/2
f 1079/5/2 1080/5/2 1085/5/2
f 1085/5/2 1080/5/2 1086/5/2
f 1087/5/2 1088/5/2 1093/5/2
f 1093/5/2 1088/5/2 1094/5/2
f 1089/5/2 1090/5/2 1095/5/2
f 1095/5/2 1090/5/2 1096/5/2
f 1091/5/2 1092/5/2 1097/5/2
f 1097/5/2 1092/5/2 1098/5/2
f 1099/5/2 1100/5/2 1103/5/2
f 1103/5/2 1100/5/2 1104/5/2
f 1101/5/2 1102/5/2 1107/5/2
f 1107/5/2 1102/5/2 1108/5/2
f 1105/5/2 1106/5/2 1114/5/2
f 1114/5/2 1106/5/2 1115/5/2
f 1109/5/2 1110/5/2 1116/5/2
f 1116/5/2 1110/5/2 1117/5/2
f 1111/5/2 1112/5/2 1118/5/2
f 1112/3/2 1113/3/2 1119/3/2
f 1118/5/2 1112/5/2 1119/5/2
f 1119/3/2 1113/3/2 1120/3/2
f 1121/5/2 1122/5/2 1123/5/2
f 1123/5/2 1122/5/2 1124/5/2
f 1125/5/2 1126/5/2 1129/5/2
f 1129/5/2 1126/5/2 1130/5/2
f 1127/5/2 1128/5/2 1136/5/2
f 1136/5/2 1128/5/2 1137/5/2
f 1131/5/2 1132/5/2 1138/5/2
f 1132/4/2 1133/4/2 1139/4/2
f 1138/5/2 1132/5/2 1139/5/2
f 1134/5/2 1135/5/2 1140/5/2
f 1139/4/2 1133/4/2 1140/4/2
f 1133/5/2 1134/5/2 1140/5/2
f 1140/5/2 1135/5/2 1141/5/2
f 1142/5/2 1143/5/2 1146/5/2
f 1146/5/2 1143/5/2 1147/5/2
f 1144/5/2 1145/5/2 1150/5/2
f 1150/5/2 1145/5/2 1151/5/2
f 1148/5/2 1149/5/2 1152/5/2
f 1152/5/2 1149/5/2 1153/5/2
f 1154/5/2 1155/5/2 1158/5/2
f 1158/5/2 1155/5/2 1159/5/2
f 1156/5/2 1157/5/2 1160/5/2
f 1160/5/2 1157/5/2 1161/5/2
f 1162/5/2 1163/5/2 1166/5/2
f 1166/5/2 1163/5/2 1167/5/2
f 1164/5/2 1165/5/2 1170/5/2
f 1170/5/2 1165/5/2 1171/5/2
f 1168/5/2 1169/5/2 1172/5/2
f 1172/5/2 1169/5/2 1173/5/2
f 1174/5/2 1175/5/2 1178/5/2
f 1178/5/2 1175/5/2 1179/5/2
f 1176/5/2 1177/5/2 1180/5/2
f 1180/5/2 1177/5/2 1181/5/2
f 1182/5/2 1183/5/2 1184/5/2
f 1184/5/2 1183/5/2 1185/5/2
f 1186/5/2 1187/5/2 1190/5/2
f 1190/5/2 1187/5/2 1191/5/2
f 1188/5/2 1189/5/2 1194/5/2
f 1194/5/2 1189/5/2 1195/5/2
f 1192/5/2 1193/5/2 1196/5/2
f 1196/5/2 1193/5/2 1197/5/2
f 1198/5/2 1199/5/2 1202/5/2
f 1202/5/2 1199/5/2 1203/5/2
f 1200/5/2 1201/5/2 1206/5/2
f 1206/5/2 1201/5/2 1207/5/2
f 1204/5/2 1205/5/2 1208/5/2
f 1208/5/2 1205/5/2 1209/5/2
f 1210/5/2 1211/5/2 1214/5/2
f 1214/5/2 1211/5/2 1215/5/2
f 1212/5/2 1213/5/2 1216/5/2
f 1216/5/2 1213/5/2 1217/5/2
f 1218/5/2 1219/5/2 1222/5/2
f 1222/5/2 1219/5/2 1223/5/2
f 1220/5/2 1221/5/2 1226/5/2
f 1226/5/2 1221/5/2 1227/5/2
f 1224/5/2 1225/5/2 1228/5/2
f 1228/5/2 1225/5/2 1229/5/2
f 1230/5/2 1231/5/2 1232/5/2
f 1232/5/2 1231/5/2 1233/5/2
f 1234/5/2 1235/5/2 1240/5/2
f 1240/5/2 1235/5/2 1241/5/2
f 1236/5/2 1237/5/2 1242/5/2
f 1242/5/2 1237/5/2 1243/5/2
f 1238/5/2 1239/5/2 1244/5/2
f 1244/5/2 1239/5/2 1245/5/2
f 1246/5/2 1247/5/2 1250/5/2
f 1250/5/2 1247/5/2 1251/5/2
f 1248/5/2 1249/5/2 1256/5/2
f 1256/5/2 1249/5/2 1257/5/2
f 1252/5/2 1253/5/2 1258/5/2
f 1258/5/2 1253/5/2 1259/5/2
f 1254/5/2 1255/5/2 1260/5/2
f 1260/5/2 1255/5/2 1261/5/2
f 1262/5/2 1263/5/2 1266/5/2
f 1266/5/2 1263/5/2 1267/5/2
f 1264/5/2 1265/5/2 1270/5/2
f 1270/5/2 1265/5/2 1271/5/2
f 1268/5/2 1269/5/2 1272/5/2
f 1272/5/2 1269/5/2 1273/5/2
f 1274/5/2 1275/5/2 1276/5/2
f 1276/5/2 1275/5/2 1277/5/2
f 1278/5/2 1279/5/2 1280/5/2
f 1280/5/2 1279/5/2 1281/5/2
f 1282/5/2 1283/5/2 1286/5/2
f 1286/5/2 1283/5/2 1287/5/2
f 1284/5/2 1285/5/2 1288/5/2
f 1288/5/2 1285/5/2 1289/5/2
f 1290/5/2 1291/5/2 1294/5/2
f 1294/5/2 1291/5/2 1295/5/2
f 1292/5/2 1293/5/2 1296/5/2
f 1296/5/2 1293/5/2 1297/5/2
f 1298/5/2 1299/5/2 1302/5/2
f 1302/5/2 1299/5/2 1303/5/2
f 1300/5/2 1301/5/2 1304/5/2
f 1304/5/2 1301/5/2 1305/5/2
f 1306/5/2 1307/5/2 1310/5/2
f 1310/5/2 1307/5/2 1311/5/2
f 1308/5/2 1309/5/2 1312/5/2
f 1312/5/2 1309/5/2 1313/5/2
f 1314/5/2 1315/5/2 1316/5/2
f 1316/5/2 1315/5/2 1317/5/2
f 1318/5/2 1319/5/2 1324/5/2
f 1324/5/2 1319/5/2 1325/5/2
f 1320/5/2 1321/5/2 1326/5/2
f 1326/5/2 1321/5/2 1327/5/2
f 1322/5/2 1323/5/2 1328/5/2
f 1328/5/2 1323/5/2 1329/5/2
f 1330/5/2 1331/5/2 1332/5/2
f 1332/5/2 1331/5/2 1333/5/2
f 1334/5/2 1335/5/2 1336/5/2
f 1336/5/2 1335/5/2 1337/5/2
f 1338/5/2 1339/5/2 1342/5/2
f 1342/5/2 1339/5/2 1343/5/2
f 1340/5/2 1341/5/2 1344/5/2
f 1344/5/2 1341/5/2 1345/5/2
f 1346/5/2 1347/5/2 1350/5/2
f 1350/5/2 1347/5/2 1351/5/2
f 1348/5/2 1349/5/2 1352/5/2
f 1352/5/2 1349/5/2 1353/5/2
f 1354/5/2 1355/5/2 1358/5/2
f 1358/5/2 1355/5/2 1359/5/2
f 1356/5/2 1357/5/2 1360/5/2
f 1360/5/2 1357/5/2 1361/5/2
f 1362/5/2 1363/5/2 1366/5/2
f 1366/5/2 1363/5/2 1367/5/2
f 1364/5/2 1365/5/2 1368/5/2
f 1368/5/2 1365/5/2 1369/5/2
f 1370/5/2 1371/5/2 1372/5/2
f 1372/5/2 1371/5/2 1373/5/2
f 1374/5/2 1375/5/2 1378/5/2
f 1378/5/2 1375/5/2 1379/5/2
f 1376/5/2 1377/5/2 1380/5/2
f 1380/5/2 1377/5/2 1381/5/2
f 1382/5/2 1383/5/2 1386/5/2
f 1386/5/2 1383/5/2 1387/5/2
f 1384/5/2 1385/5/2 1388/5/2
f 1388/5/2 1385/5/2 1389/5/2
f 1390/5/2 1391/5/2 1396/5/2
f 1396/5/2 1391/5/2 1397/5/2
f 1392/5/2 1393/5/2 1398/5/2
f 1398/5/2 1393/5/2 1399/5/2
f 1394/5/2 1395/5/2 1400/5/2
f 1400/5/2 1395/5/2 1401/5/2
f 1402/5/2 1403/5/2 1406/5/2
f 1406/5/2 1403/5/2 1407/5/2
f 1404/5/2 1405/5/2 1408/5/2
f 1408/5/2 1405/5/2 1409/5/2
f 1410/5/2 1411/5/2 1416/5/2
f 1416/5/2 1411/5/2 1417/5/2
f 1412/5/2 1413/5/2 1418/5/2
f 1418/5/2 1413/5/2 1419/5/2
f 1414/5/2 1415/5/2 1420/5/2
f 1420/5/2 1415/5/2 1421/5/2
f 1422/5/2 1423/5/2 1424/5/2
f 1424/5/2 1423/5/2 1425/5/2
f 1426/5/2 1427/5/2 1430/5/2
f 1430/5/2 1427/5/2 1431/5/2
f 1428/5/2 1429/5/2 1432/5/2
f 1432/5/2 1429/5/2 1433/5/2
f 1434/5/2 1435/5/2 1438/5/2
f 1438/5/2 1435/5/2 1439/5/2
f 1436/5/2 1437/5/2 1444/5/2
f 1444/5/2 1437/5/2 1445/5/2
f 1440/5/2 1441/5/2 1446/5/2
f 1446/5/2 1441/5/2 1447/5/2
f 1442/5/2 1443/5/2 1448/5/2
f 1448/5/2 1443/5/2 1449/5/2
f 1450/5/2 1451/5/2 1452/5/2
f 1452/5/2 1451/5/2 1453/5/2
f 1454/5/2 1455/5/2 1458/5/2
f 1458/5/2 1455/5/2 1459/5/2
f 1456/5/2 1457/5/2 1460/5/2
f 1460/5/2 1457/5/2 1461/5/2
f 1462/5/2 1463/5/2 1464/5/2
f 1464/5/2 1463/5/2 1465/5/2
f 1466/5/2 1467/5/2 1470/5/2
f 1470/5/2 1467/5/2 1471/5/2
f 1468/5/2 1469/5/2 1472/5/2
f 1472/5/2 1469/5/2 1473/5/2
f 1474/5/2 1475/5/2 1476/5/2
f 1476/5/2 1475/5/2 1477/5/2
f 1478/5/2 1479/5/2 1482/5/2
f 1482/5/2 1479/5/2 1483/5/2
f 1480/5/2 1481/5/2 1484/5/2
f 1484/5/2 1481/5/2 1485/5/2
f 1486/5/2 1487/5/2 1490/5/2
f 1490/5/2 1487/5/2 1491/5/2
f 1488/5/2 1489/5/2 1492/5/2
f 1492/5/2 1489/5/2 1493/5/2
f 1494/5/2 1495/5/2 1498/5/2
f 1498/5/2 1495/5/2 1499/5/2
f 1496/5/2 1497/5/2 1500/5/2
f 1500/5/2 1497/5/2 1501/5/2
f 1502/5/2 1503/5/2 1506/5/2
f 1506/5/2 1503/5/2 1507/5/2
f 1504/5/2 1505/5/2 1508/5/2
f 1508/5/2 1505/5/2 1509/5/2
f 1510/5/2 1511/5/2 1514/5/2
f 1514/5/2 1511/5/2 1515/5/2
f 1512/5/2 1513/5/2 1516/5/2
f 1516/5/2 1513/5/2 1517/5/2
f 1518/5/2 1519/5/2 1522/5/2
f 1522/5/2 1519/5/2 1523/5/2
f 1520/5/2 1521/5/2 1524/5/2
f 1524/5/2 1521/5/2 1525/5/2
f 1526/5/2 1527/5/2 1530/5/2
f 1530/5/2 1527/5/2 1531/5/2
f 1528/5/2 1529/5/2 1532/5/2
f 1532/5/2 1529/5/2 1533/5/2
f 1534/5/2 1535/5/2 1538/5/2
f 1538/5/2 1535/5/2 1539/5/2
f 1536/5/2 1537/5/2 1540/5/2
f 1540/5/2 1537/5/2 1541/5/2
f 1542/5/2 1543/5/2 1546/5/2
f 1546/5/2 1543/5/2 1547/5/2
f 1544/5/2 1545/5/2 1548/5/2
f 1548/5/2 1545/5/2 1549/5/2
f 1550/5/2 1551/5/2 1554/5/2
f 1554/5/2 1551/5/2 1555/5/2
f 1552/5/2 1553/5/2 1556/5/2
f 1556/5/2 1553/5/2 1557/5/2
f 1558/5/2 1559/5/2 1562/5/2
f 1562/5/2 1559/5/2 1563/5/2
f 1560/5/2 1561/5/2 1564/5/2
f 1564/5/2 1561/5/2 1565/5/2
f 1566/5/2 1567/5/2 1570/5/2
f 1570/5/2 1567/5/2 1571/5/2
f 1568/5/2 1569/5/2 1572/5/2
f 1572/5/2 1569/5/2 1573/5/2
f 1574/5/2 1575/5/2 1578/5/2
f 1578/5/2 1575/5/2 1579/5/2
f 1576/5/2 1577/5/2 1580/5/2
f 1580/5/2 1577/5/2 1581/5/2
f 1582/5/2 1583/5/2 1586/5/2
f 1586/5/2 1583/5/2 1587/5/2
f 1584/5/2 1585/5/2 1588/5/2
f 1588/5/2 1585/5/2 1589/5/2
f 1590/5/2 1591/5/2 1592/5/2
f 1592/5/2 1591/5/2 1593/5/2
f 1594/5/2 1595/5/2 1596/5/2
f 1596/5/2 1595/5/2 1597/5/2
f 1598/5/2 1599/5/2 1600/5/2
f 1600/5/2 1599/5/2 1601/5/2
f 1602/12/2 1603/12/2 1604/12/2
f 1604/12/2 1603/12/2 1605/12/2
f 1606/12/2 1607/12/2 1608/12/2
f 1608/12/2 1607/12/2 1609/12/2
f 1610/12/2 1611/12/2 1612/12/2
f 1612/12/2 1611/12/2 1613/12/2
f 1614/12/2 1615/12/2 1616/12/2
f 1616/12/2 1615/12/2 1617/12/2
f 1618/12/2 1619/12/2 1620/12/2
f 1620/12/2 1619/12/2 1621/12/2
f 1622/12/2 1623/12/2 1624/12/2
f 1624/12/2 1623/12/2 1625/12/2
f 1626/12/2 1627/12/2 1628/12/2
f 1628/12/2 1627/12/2 1629/12/2
f 1630/12/2 1631/12/2 1634/12/2
f 1634/12/2 1631/12/2 1635/12/2
f 1632/12/2 1633/12/2 1636/12/2
f 1636/12/2 1633/12/2 1637/12/2
f 1638/12/2 1639/12/2 1640/12/2
f 1640/12/2 1639/12/2 1641/12/2
f 1642/12/2 1643/12/2 1646/12/2
f 1646/12/2 1643/12/2 1647/12/2
f 1644/12/2 1645/12/2 1648/12/2
f 1648/12/2 1645/12/2 1649/12/2
f 1650/12/2 1651/12/2 1652/12/2
f 1652/12/2 1651/12/2 1653/12/2
f 1654/12/2 1655/12/2 1656/12/2
f 1656/12/2 1655/12/2 1657/12/2
f 1658/12/2 1659/12/2 1660/12/2
f 1660/12/2 1659/12/2 1661/12/2
f 1662/12/2 1663/12/2 1666/12/2
f 1666/12/2 1663/12/2 1667/12/2
f 1664/12/2 1665/12/2 1668/12/2
f 1668/12/2 1665/12/2 1669/12/2
f 1670/12/2 1671/12/2 1672/12/2
f 1672/12/2 1671/12/2 1673/12/2
f 1674/5/2 1675/5/2 1678/5/2
f 1678/5/2 1675/5/2 1679/5/2
f 1676/12/2 1677/12/2 1680/12/2
f 1680/12/2 1677/12/2 1681/12/2
f 1682/5/2 1683/5/2 1684/5/2
f 1684/5/2 1683/5/2 1685/5/2
f 1686/12/2 1687/12/2 1690/12/2
f 1690/12/2 1687/12/2 1691/12/2
f 1688/12/2 1689/12/2 1692/12/2
f 1692/12/2 1689/12/2 1693/12/2
f 1694/12/2 1695/12/2 1696/12/2
f 1696/12/2 1695/12/2 1697/12/2
f 1698/5/2 1699/5/2 1700/5/2
f 1700/5/2 1699/5/2 1701/5/2
f 1702/12/2 1703/12/2 1704/12/2
f 1704/12/2 1703/12/2 1705/12/2
f 1706/5/2 1707/5/2 1710/5/2
f 1710/5/2 1707/5/2 1711/5/2
f 1708/12/2 1709/12/2 1712/12/2
f 1712/12/2 1709/12/2 1713/12/2
f 1714/12/2 1715/12/2 1716/12/2
f 1716/12/2 1715/12/2 1717/12/2
f 1718/5/2 1719/5/2 1720/5/2
f 1720/5/2 1719/5/2 1721/5/2
f 1722/12/2 1723/12/2 1724/12/2
f 1724/12/2 1723/12/2 1725/12/2
f 1726/12/2 1727/12/2 1730/12/2
f 1730/12/2 1727/12/2 1731/12/2
f 1728/12/2 1729/12/2 1734/12/2
f 1734/12/2 1729/12/2 1735/12/2
f 1732/12/2 1733/12/2 1738/12/2
f 1738/12/2 1733/12/2 1739/12/2
f 1736/12/2 1737/12/2 1744/12/2
f 1744/12/2 1737/12/2 1745/12/2
f 1740/5/2 1741/5/2 1746/5/2
f 1746/5/2 1741/5/2 1747/5/2
f 1742/12/2 1743/12/2 1748/12/2
f 1748/12/2 1743/12/2 1749/12/2
f 1750/5/2 1751/5/2 1754/5/2
f 1754/5/2 1751/5/2 1755/5/2
f 1752/12/2 1753/12/2 1756/12/2
f 1756/12/2 1753/12/2 1757/12/2
f 1758/5/2 1759/5/2 1762/5/2
f 1762/5/2 1759/5/2 1763/5/2
f 1760/12/2 1761/12/2 1764/12/2
f 1764/12/2 1761/12/2 1765/12/2
f 1766/12/2 1767/12/2 1770/12/2
f 1770/12/2 1767/12/2 1771/12/2
f 1768/12/2 1769/12/2 1774/12/2
f 1774/12/2 1769/12/2 1775/12/2
f 1772/12/2 1773/12/2 1782/12/2
f 1782/12/2 1773/12/2 1783/12/2
f 1776/12/2 1777/12/2 1784/12/2
f 1777/5/2 1778/5/2 1785/5/2
f 1784/12/2 1777/12/2 1785/12/2
f 1778/12/2 1779/12/2 1786/12/2
f 1785/5/2 1778/5/2 1786/5/2
f 1786/12/2 1779/12/2 1787/12/2
f 1780/12/2 1781/12/2 1788/12/2
f 1788/12/2 1781/12/2 1789/12/2
f 1790/12/2 1791/12/2 1792/12/2
f 1792/12/2 1791/12/2 1793/12/2
f 1794/5/2 1795/5/2 1798/5/2
f 1798/5/2 1795/5/2 1799/5/2
f 1796/12/2 1797/12/2 1807/12/2
f 1807/12/2 1797/12/2 1808/12/2
f 1800/12/2 1801/12/2 1809/12/2
f 1801/5/2 1802/5/2 1810/5/2
f 1809/12/2 1801/12/2 1810/12/2
f 1810/5/2 1802/5/2 1811/5/2
f 1803/12/2 1804/12/2 1812/12/2
f 1804/5/2 1805/5/2 1813/5/2
f 1812/12/2 1804/12/2 1813/12/2
f 1805/12/2 1806/12/2 1814/12/2
f 1813/5/2 1805/5/2 1814/5/2
f 1814/12/2 1806/12/2 1815/12/2
f 1816/12/2 1817/12/2 1820/12/2
f 1820/12/2 1817/12/2 1821/12/2
f 1818/12/2 1819/12/2 1824/12/2
f 1824/12/2 1819/12/2 1825/12/2
f 1822/12/2 1823/12/2 1830/12/2
f 1830/12/2 1823/12/2 1831/12/2
f 1826/12/2 1827/12/2 1832/12/2
f 1827/5/2 1828/5/2 1833/5/2
f 1832/12/2 1827/12/2 1833/12/2
f 1828/12/2 1829/12/2 1834/12/2
f 1833/5/2 1828/5/2 1834/5/2
f 1834/12/2 1829/12/2 1835/12/2
f 1836/12/2 1837/12/2 1840/12/2
f 1840/12/2 1837/12/2 1841/12/2
f 1838/12/2 1839/12/2 1844/12/2
f 1844/12/2 1839/12/2 1845/12/2
f 1842/12/2 1843/12/2 1848/12/2
f 1848/12/2 1843/12/2 1849/12/2
f 1846/12/2 1847/12/2 1850/12/2
f 1850/12/2 1847/12/2 1851/12/2
f 1852/5/2 1853/5/2 1856/5/2
f 1856/5/2 1853/5/2 1857/5/2
f 1854/12/2 1855/12/2 1858/12/2
f 1858/12/2 1855/12/2 1859/12/2
f 1860/12/2 1861/12/2 1864/12/2
f 1864/12/2 1861/12/2 1865/12/2
f 1862/12/2 1863/12/2 1868/12/2
f 1868/12/2 1863/12/2 1869/12/2
f 1866/12/2 1867/12/2 1870/12/2
f 1870/12/2 1867/12/2 1871/12/2
f 1872/12/2 1873/12/2 1874/12/2
f 1874/12/2 1873/12/2 1875/12/2
f 1876/12/2 1877/12/2 1880/12/2
f 1880/12/2 1877/12/2 1881/12/2
f 1878/12/2 1879/12/2 1882/12/2
f 1882/12/2 1879/12/2 1883/12/2
f 1884/12/2 1885/12/2 1888/12/2
f 1888/12/2 1885/12/2 1889/12/2
f 1886/12/2 1887/12/2 1892/12/2
f 1892/12/2 1887/12/2 1893/12/2
f 1890/12/2 1891/12/2 1894/12/2
f 1894/12/2 1891/12/2 1895/12/2
f 1896/12/2 1897/12/2 1900/12/2
f 1900/12/2 1897/12/2 1901/12/2
f 1898/12/2 1899/12/2 1902/12/2
f 1902/12/2 1899/12/2 1903/12/2
f 1904/12/2 1905/12/2 1910/12/2
f 1910/12/2 1905/12/2 1911/12/2
f 1906/5/2 1907/5/2 1912/5/2
f 1912/5/2 1907/5/2 1913/5/2
f 1908/12/2 1909/12/2 1919/12/2
f 1919/12/2 1909/12/2 1920/12/2
f 1914/5/2 1915/5/2 1921/5/2
f 1915/12/2 1916/12/2 1922/12/2
f 1921/5/2 1915/5/2 1922/5/2
f 1922/12/2 1916/12/2 1923/12/2
f 1917/12/2 1918/12/2 1924/12/2
f 1924/12/2 1918/12/2 1925/12/2
f 1926/12/2 1927/12/2 1928/12/2
f 1928/12/2 1927/12/2 1929/12/2
f 1930/12/2 1931/12/2 1934/12/2
f 1934/12/2 1931/12/2 1935/12/2
f 1932/12/2 1933/12/2 1936/12/2
f 1936/12/2 1933/12/2 1937/12/2
f 1938/12/2 1939/12/2 1944/12/2
f 1944/12/2 1939/12/2 1945/12/2
f 1940/5/2 1941/5/2 1946/5/2
f 1946/5/2 1941/5/2 1947/5/2
f 1942/12/2 1943/12/2 1950/12/2
f 1950/12/2 1943/12/2 1951/12/2
f 1948/12/2 1949/12/2 1952/12/2
f 1952/12/2 1949/12/2 1953/12/2
f 1954/12/2 1955/12/2 1956/12/2
f 1956/12/2 1955/12/2 1957/12/2
f 1958/12/2 1959/12/2 1962/12/2
f 1962/12/2 1959/12/2 1963/12/2
f 1960/12/2 1961/12/2 1969/12/2
f 1969/12/2 1961/12/2 1970/12/2
f 1964/5/2 1965/5/2 1971/5/2
f 1965/12/2 1966/12/2 1972/12/2
f 1971/5/2 1965/5/2 1972/5/2
f 1972/12/2 1966/12/2 1973/12/2
f 1967/12/2 1968/12/2 1974/12/2
f 1974/12/2 1968/12/2 1975/12/2
f 1976/12/2 1977/12/2 1982/12/2
f 1982/12/2 1977/12/2 1983/12/2
f 1978/12/2 1979/12/2 1984/12/2
f 1984/12/2 1979/12/2 1985/12/2
f 1980/12/2 1981/12/2 1988/12/2
f 1988/12/2 1981/12/2 1989/12/2
f 1986/12/2 1987/12/2 1990/12/2
f 1990/12/2 1987/12/2 1991/12/2
f 1992/12/2 1993/12/2 1996/12/2
f 1996/12/2 1993/12/2 1997/12/2
f 1994/12/2 1995/12/2 2002/12/2
f 2002/12/2 1995/12/2 2003/12/2
f 1998/5/2 1999/5/2 2004/5/2
f 2004/5/2 1999/5/2 2005/5/2
f 2000/12/2 2001/12/2 2010/12/2
f 2010/12/2 2001/12/2 2011/12/2
f 2006/12/2 2007/12/2 2012/12/2
f 2012/12/2 2007/12/2 2013/12/2
f 2008/12/2 2009/12/2 2014/12/2
f 2014/12/2 2009/12/2 2015/12/2
f 2016/12/2 2017/12/2 2022/12/2
f 2022/12/2 2017/12/2 2023/12/2
f 2018/12/2 2019/12/2 2024/12/2
f 2024/12/2 2019/12/2 2025/12/2
f 2020/12/2 2021/12/2 2032/12/2
f 2032/12/2 2021/12/2 2033/12/2
f 2026/12/2 2027/12/2 2034/12/2
f 2027/7/2 2028/7/2 2035/7/2
f 2034/12/2 2027/12/2 2035/12/2
f 2028/12/2 2029/12/2 2036/12/2
f 2035/7/2 2028/7/2 2036/7/2
f 2036/12/2 2029/12/2 2037/12/2
f 2030/12/2 2031/12/2 2038/12/2
f 2038/12/2 2031/12/2 2039/12/2
f 2040/12/2 2041/12/2 2044/12/2
f 2044/12/2 2041/12/2 2045/12/2
f 2042/12/2 2043/12/2 2048/12/2
f 2048/12/2 2043/12/2 2049/12/2
f 2046/12/2 2047/12/2 2050/12/2
f 2050/12/2 2047/12/2 2051/12/2
f 2052/12/2 2053/12/2 2056/12/2
f 2056/12/2 2053/12/2 2057/12/2
f 2054/12/2 2055/12/2 2062/12/2
f 2062/12/2 2055/12/2 2063/12/2
f 2058/5/2 2059/5/2 2064/5/2
f 2064/5/2 2059/5/2 2065/5/2
f 2060/12/2 2061/12/2 2066/12/2
f 2066/12/2 2061/12/2 2067/12/2
f 2068/12/2 2069/12/2 2072/12/2
f 2072/12/2 2069/12/2 2073/12/2
f 2070/12/2 2071/12/2 2074/12/2
f 2074/12/2 2071/12/2 2075/12/2
f 2076/12/2 2077/12/2 2080/12/2
f 2080/12/2 2077/12/2 2081/12/2
f 2078/12/2 2079/12/2 2086/12/2
f 2086/12/2 2079/12/2 2087/12/2
f 2082/12/2 2083/12/2 2088/12/2
f 2088/12/2 2083/12/2 2089/12/2
f 2084/12/2 2085/12/2 2090/12/2
f 2090/12/2 2085/12/2 2091/12/2
f 2092/12/2 2093/12/2 2098/12/2
f 2098/12/2 2093/12/2 2099/12/2
f 2094/12/2 2095/12/2 2100/12/2
f 2100/12/2 2095/12/2 2101/12/2
f 2096/12/2 2097/12/2 2102/12/2
f 2102/12/2 2097/12/2 2103/12/2
f 2104/12/2 2105/12/2 2108/12/2
f 2108/12/2 2105/12/2 2109/12/2
f 2106/12/2 2107/12/2 2112/12/2
f 2112/12/2 2107/12/2 2113/12/2
f 2110/12/2 2111/12/2 2114/12/2
f 2114/12/2 2111/12/2 2115/12/2
f 2116/12/2 2117/12/2 2118/12/2
f 2118/12/2 2117/12/2 2119/12/2
f 2120/12/2 2121/12/2 2124/12/2
f 2124/12/2 2121/12/2 2125/12/2
f 2122/12/2 2123/12/2 2126/12/2
f 2126/12/2 2123/12/2 2127/12/2
f 2128/12/2 2129/12/2 2132/12/2
f 2132/12/2 2129/12/2 2133/12/2
f 2130/12/2 2131/12/2 2134/12/2
f 2134/12/2 2131/12/2 2135/12/2
f 2136/12/2 2137/12/2 2138/12/2
f 2138/12/2 2137/12/2 2139/12/2
f 2140/11/2 2141/11/2 2144/11/2
f 2144/11/2 2141/11/2 2145/11/2
f 2142/12/2 2143/12/2 2146/12/2
f 2146/12/2 2143/12/2 2147/12/2
f 2148/12/2 2149/12/2 2150/12/2
f 2150/12/2 2149/12/2 2151/12/2
f 2152/12/2 2153/12/2 2156/12/2
f 2156/12/2 2153/12/2 2157/12/2
f 2154/12/2 2155/12/2 2158/12/2
f 2158/12/2 2155/12/2 2159/12/2
f 2160/12/2 2161/12/2 2162/12/2
f 2162/12/2 2161/12/2 2163/12/2
f 2164/12/2 2165/12/2 2168/12/2
f 2168/12/2 2165/12/2 2169/12/2
f 2166/12/2 2167/12/2 2170/12/2
f 2170/12/2 2167/12/2 2171/12/2
f 2172/12/2 2173/12/2 2176/12/2
f 2176/12/2 2173/12/2 2177/12/2
f 2174/12/2 2175/12/2 2178/12/2
f 2178/12/2 2175/12/2 2179/12/2
f 2180/12/2 2181/12/2 2184/12/2
f 2184/12/2 2181/12/2 2185/12/2
f 2182/12/2 2183/12/2 2186/12/2
f 2186/12/2 2183/12/2 2187/12/2
f 2188/12/2 2189/12/2 2190/12/2
f 2190/12/2 2189/12/2 2191/12/2
f 2192/12/2 2193/12/2 2196/12/2
f 2196/12/2 2193/12/2 2197/12/2
f 2194/12/2 2195/12/2 2198/12/2
f 2198/12/2 2195/12/2 2199/12/2
f 2200/12/2 2201/12/2 2204/12/2
f 2204/12/2 2201/12/2 2205/12/2
f 2202/12/2 2203/12/2 2206/12/2
f 2206/12/2 2203/12/2 2207/12/2
f 2208/12/2 2209/12/2 2212/12/2
f 2212/12/2 2209/12/2 2213/12/2
f 2210/12/2 2211/12/2 2216/12/2
f 2216/12/2 2211/12/2 2217/12/2
f 2214/12/2 2215/12/2 2218/12/2
f 2218/12/2 2215/12/2 2219/12/2
f 2220/12/2 2221/12/2 2224/12/2
f 2224/12/2 2221/12/2 2225/12/2
f 2222/12/2 2223/12/2 2226/12/2
f 2226/12/2 2223/12/2 2227/12/2
f 2228/12/2 2229/12/2 2232/12/2
f 2232/12/2 2229/12/2 2233/12/2
f 2230/12/2 2231/12/2 2234/12/2
f 2234/12/2 2231/12/2 2235/12/2
f 2236/12/2 2237/12/2 2240/12/2
f 2240/12/2 2237/12/2 2241/12/2
f 2238/12/2 2239/12/2 2242/12/2
f 2242/12/2 2239/12/2 2243/12/2
f 2244/12/2 2245/12/2 2248/12/2
f 2248/12/2 2245/12/2 2249/12/2
f 2246/12/2 2247/12/2 2250/12/2
f 2250/12/2 2247/12/2 2251/12/2
f 2252/12/2 2253/12/2 2256/12/2
f 2256/12/2 2253/12/2 2257/12/2
f 2254/12/2 2255/12/2 2258/12/2
f 2258/12/2 2255/12/2 2259/12/2
f 2260/12/2 2261/12/2 2266/12/2
f 2266/12/2 2261/12/2 2267/12/2
f 2262/12/2 2263/12/2 2268/12/2
f 2268/12/2 2263/12/2 2269/12/2
f 2264/12/2 2265/12/2 2270/12/2
f 2270/12/2 2265/12/2 2271/12/2
f 2272/12/2 2273/12/2 2279/12/2
f 2273/6/2 2274/6/2 2280/6/2
f 2279/12/2 2273/12/2 2280/12/2
f 2280/6/2 2274/6/2 2281/6/2
f 2275/12/2 2276/12/2 2282/12/2
f 2282/12/2 2276/12/2 2283/12/2
f 2277/12/2 2278/12/2 2284/12/2
f 2284/12/2 2278/12/2 2285/12/2
f 2286/12/2 2287/12/2 2290/12/2
f 2290/12/2 2287/12/2 2291/12/2
f 2288/12/2 2289/12/2 2292/12/2
f 2292/12/2 2289/12/2 2293/12/2
f 2294/12/2 2295/12/2 2296/12/2
f 2296/12/2 2295/12/2 2297/12/2
f 2298/12/2 2299/12/2 2300/12/2
f 2300/12/2 2299/12/2 2301/12/2
f 2302/12/2 2303/12/2 2304/12/2
f 2304/12/2 2303/12/2 2305/12/2
f 2306/12/2 2307/12/2 2308/12/2
f 2308/12/2 2307/12/2 2309/12/2
f 2310/12/2 2311/12/2 2312/12/2
f 2312/12/2 2311/12/2 2313/12/2
f 2314/12/2 2315/12/2 2316/12/2
f 2316/12/2 2315/12/2 2317/12/2
f 2318/12/2 2319/12/2 2320/12/2
f 2320/12/2 2319/12/2 2321/12/2
f 2322/12/2 2323/12/2 2324/12/2
f 2324/12/2 2323/12/2 2325/12/2
f 2326/12/2 2327/12/2 2328/12/2
f 2328/12/2 2327/12/2 2329/12/2
f 2330/12/2 2331/12/2 2338/12/2
f 2331/9/2 2332/9/2 2339/9/2
f 2338/12/2 2331/12/2 2339/12/2
f 2332/12/2 2333/12/2 2340/12/2
f 2339/9/2 2332/9/2 2340/9/2
f 2333/10/2 2334/10/2 2341/10/2
f 2340/12/2 2333/12/2 2341/12/2
f 2334/12/2 2335/12/2 2342/12/2
f 2341/10/2 2334/10/2 2342/10/2
f 2335/9/2 2336/9/2 2343/9/2
f 2342/12/2 2335/12/2 2343/12/2
f 2336/12/2 2337/12/2 2344/12/2
f 2343/9/2 2336/9/2 2344/9/2
f 2344/12/2 2337/12/2 2345/12/2
f 2348/5/3 2347/5/3 2346/5/3
f 2349/5/3 2347/5/3 2348/5/3
f 2352/5/3 2351/5/3 2350/5/3
f 2353/5/3 2351/5/3 2352/5/3
f 2354/1/3 2353/1/3 2352/1/3
f 2355/1/3 2353/1/3 2354/1/3
f 2356/5/3 2355/5/3 2354/5/3
f 2357/5/3 2355/5/3 2356/5/3
f 2360/5/3 2359/5/3 2358/5/3
f 2361/5/3 2359/5/3 2360/5/3
f 2364/5/3 2363/5/3 2362/5/3
f 2365/5/3 2363/5/3 2364/5/3
f 2368/5/3 2367/5/3 2366/5/3
f 2369/5/3 2367/5/3 2368/5/3
f 2372/5/3 2371/5/3 2370/5/3
f 2373/5/3 2371/5/3 2372/5/3
f 2376/5/3 2375/5/3 2374/5/3
f 2377/5/3 2375/5/3 2376/5/3
f 2380/5/3 2379/5/3 2378/5/3
f 2382/5/3 2381/5/3 2380/5/3
f 2384/5/3 2382/5/3 2380/5/3
f 2384/5/3 2383/5/3 2382/5/3
f 2384/5/3 2380/5/3 2378/5/3
f 2385/5/3 2383/5/3 2384/5/3
f 2386/5/3 2383/5/3 2385/5/3
f 2387/5/3 2383/5/3 2386/5/3
f 2388/5/3 2383/5/3 2387/5/3
f 2389/5/3 2383/5/3 2388/5/3
f 2392/5/3 2391/5/3 2390/5/3
f 2393/5/3 2391/5/3 2392/5/3
f 2396/5/3 2395/5/3 2394/5/3
f 2397/5/3 2395/5/3 2396/5/3
f 2400/5/3 2399/5/3 2398/5/3
f 2401/5/3 2399/5/3 2400/5/3
f 2404/5/3 2403/5/3 2402/5/3
f 2405/5/3 2403/5/3 2404/5/3
f 2408/5/3 2407/5/3 2406/5/3
f 2410/5/3 2409/5/3 2408/5/3
f 2412/5/3 2410/5/3 2408/5/3
f 2412/5/3 2411/5/3 2410/5/3
f 2413/5/3 2411/5/3 2412/5/3
f 2414/5/3 2412/5/3 2408/5/3
f 2414/12/3 2413/12/3 2412/12/3
f 2415/12/3 2413/12/3 2414/12/3
f 2416/5/3 2414/5/3 2408/5/3
f 2416/5/3 2415/5/3 2414/5/3
f 2417/5/3 2415/5/3 2416/5/3
f 2418/5/3 2416/5/3 2408/5/3
f 2418/12/3 2417/12/3 2416/12/3
f 2419/12/3 2417/12/3 2418/12/3
f 2420/5/3 2418/5/3 2408/5/3
f 2420/5/3 2419/5/3 2418/5/3
f 2421/5/3 2419/5/3 2420/5/3
f 2422/5/3 2420/5/3 2408/5/3
f 2422/12/3 2421/12/3 2420/12/3
f 2423/12/3 2421/12/3 2422/12/3
f 2424/5/3 2408/5/3 2406/5/3
f 2424/5/3 2422/5/3 2408/5/3
f 2424/5/3 2423/5/3 2422/5/3
f 2425/5/3 2423/5/3 2424/5/3
f 2426/12/3 2425/12/3 2424/12/3
f 2426/5/3 2423/5/3 2425/5/3
f 2427/5/3 2423/5/3 2426/5/3
f 2428/12/3 2426/12/3 2424/12/3
f 2428/12/3 2427/12/3 2426/12/3
f 2429/12/3 2427/12/3 2428/12/3
f 2430/12/3 2428/12/3 2424/12/3
f 2430/5/3 2429/5/3 2428/5/3
f 2431/5/3 2429/5/3 2430/5/3
f 2432/12/3 2430/12/3 2424/12/3
f 2432/12/3 2431/12/3 2430/12/3
f 2433/12/3 2431/12/3 2432/12/3
f 2434/12/3 2432/12/3 2424/12/3
f 2434/5/3 2433/5/3 2432/5/3
f 2435/5/3 2433/5/3 2434/5/3
f 2436/12/3 2434/12/3 2424/12/3
f 2436/12/3 2435/12/3 2434/12/3
f 2437/12/3 2435/12/3 2436/12/3
f 2438/12/3 2436/12/3 2424/12/3
f 2439/12/3 2436/12/3 2438/12/3
f 2440/5/3 2437/5/3 2436/5/3
f 2440/12/3 2436/12/3 2439/12/3
f 2441/5/3 2437/5/3 2440/5/3
f 2442/12/3 2440/12/3 2439/12/3
f 2442/12/3 2441/12/3 2440/12/3
f 2443/12/3 2441/12/3 2442/12/3
f 2444/12/3 2441/12/3 2443/12/3
f 2445/12/3 2441/12/3 2444/12/3
f 2448/5/3 2447/5/3 2446/5/3
f 2449/5/3 2447/5/3 2448/5/3
f 2452/5/3 2451/5/3 2450/5/3
f 2453/5/3 2451/5/3 2452/5/3
f 2456/5/3 2455/5/3 2454/5/3
f 2457/5/3 2455/5/3 2456/5/3
f 2460/5/3 2459/5/3 2458/5/3
f 2461/5/3 2459/5/3 2460/5/3
f 2464/5/3 2463/5/3 2462/5/3
f 2465/5/3 2463/5/3 2464/5/3
f 2468/5/3 2467/5/3 2466/5/3
f 2469/5/3 2467/5/3 2468/5/3
f 2470/5/3 2467/5/3 2469/5/3
f 2471/5/3 2467/5/3 2470/5/3
f 2474/12/3 2473/12/3 2472/12/3
f 2476/12/3 2475/12/3 2474/12/3
f 2478/12/3 2476/12/3 2474/12/3
f 2478/12/3 2477/12/3 2476/12/3
f 2479/12/3 2477/12/3 2478/12/3
f 2480/12/3 2474/12/3 2472/12/3
f 2480/12/3 2478/12/3 2474/12/3
f 2481/12/3 2478/12/3 2480/12/3
f 2482/12/3 2480/12/3 2472/12/3
f 2482/9/3 2481/9/3 2480/9/3
f 2483/9/3 2481/9/3 2482/9/3
f 2484/12/3 2482/12/3 2472/12/3
f 2484/12/3 2483/12/3 2482/12/3
f 2485/12/3 2483/12/3 2484/12/3
f 2486/12/3 2484/12/3 2472/12/3
f 2487/12/3 2484/12/3 2486/12/3
f 2490/5/3 2489/5/3 2488/5/3
f 2491/5/3 2489/5/3 2490/5/3
f 2494/5/3 2493/5/3 2492/5/3
f 2495/5/3 2493/5/3 2494/5/3
f 2498/5/3 2497/5/3 2496/5/3
f 2499/5/3 2497/5/3 2498/5/3
f 2502/5/3 2501/5/3 2500/5/3
f 2503/5/3 2501/5/3 2502/5/3
f 2504/5/3 2501/5/3 2503/5/3
f 2505/5/3 2501/5/3 2504/5/3
f 2508/5/3 2507/5/3 2506/5/3
f 2509/5/3 2507/5/3 2508/5/3
f 2512/5/3 2511/5/3 2510/5/3
f 2513/5/3 2511/5/3 2512/5/3
f 2516/5/3 2515/5/3 2514/5/3
f 2517/5/3 2515/5/3 2516/5/3
f 2520/12/3 2519/12/3 2518/12/3
f 2521/12/3 2519/12/3 2520/12/3
f 2524/5/3 2523/5/3 2522/5/3
f 2525/5/3 2523/5/3 2524/5/3
f 2528/5/3 2527/5/3 2526/5/3
f 2529/5/3 2527/5/3 2528/5/3
f 2532/5/3 2531/5/3 2530/5/3
f 2533/5/3 2531/5/3 2532/5/3
f 2536/5/3 2535/5/3 2534/5/3
f 2537/5/3 2535/5/3 2536/5/3
f 2540/5/3 2539/5/3 2538/5/3
f 2541/5/3 2539/5/3 2540/5/3
f 2544/5/3 2543/5/3 2542/5/3
f 2545/5/3 2543/5/3 2544/5/3
f 2548/5/3 2547/5/3 2546/5/3
f 2549/5/3 2547/5/3 2548/5/3
f 2552/5/3 2551/5/3 2550/5/3
f 2553/5/3 2551/5/3 2552/5/3
f 2556/5/3 2555/5/3 2554/5/3
f 2557/5/3 2555/5/3 2556/5/3
f 2560/5/3 2559/5/3 2558/5/3
f 2561/5/3 2559/5/3 2560/5/3
f 2564/5/3 2563/5/3 2562/5/3
f 2565/5/3 2563/5/3 2564/5/3
f 2568/5/3 2567/5/3 2566/5/3
f 2569/5/3 2567/5/3 2568/5/3
f 2572/12/3 2571/12/3 2570/12/3
f 2573/12/3 2571/12/3 2572/12/3
f 2576/12/3 2575/12/3 2574/12/3
f 2577/12/3 2575/12/3 2576/12/3
f 2580/5/3 2579/5/3 2578/5/3
f 2581/5/3 2579/5/3 2580/5/3
f 2584/5/3 2583/5/3 2582/5/3
f 2585/5/3 2583/5/3 2584/5/3
f 2588/5/3 2587/5/3 2586/5/3
f 2589/5/3 2587/5/3 2588/5/3
f 2592/5/3 2591/5/3 2590/5/3
f 2593/5/3 2591/5/3 2592/5/3
f 2596/5/3 2595/5/3 2594/5/3
f 2597/5/3 2595/5/3 2596/5/3
f 2600/5/3 2599/5/3 2598/5/3
f 2601/5/3 2599/5/3 2600/5/3
f 2604/5/3 2603/5/3 2602/5/3
f 2605/5/3 2603/5/3 2604/5/3
f 2606/5/3 2603/5/3 2605/5/3
f 2607/12/3 2606/12/3 2605/12/3
f 2608/12/3 2606/12/3 2607/12/3
f 2611/12/3 2610/12/3 2609/12/3
f 2612/12/3 2610/12/3 2611/12/3
f 2615/5/3 2614/5/3 2613/5/3
f 2616/5/3 2614/5/3 2615/5/3
f 2619/5/3 2618/5/3 2617/5/3
f 2620/5/3 2618/5/3 2619/5/3
f 2623/5/3 2622/5/3 2621/5/3
f 2624/5/3 2622/5/3 2623/5/3
f 2627/5/3 2626/5/3 2625/5/3
f 2628/5/3 2626/5/3 2627/5/3
f 2631/5/3 2630/5/3 2629/5/3
f 2632/5/3 2630/5/3 2631/5/3
f 2635/5/3 2634/5/3 2633/5/3
f 2636/5/3 2634/5/3 2635/5/3
f 2639/5/3 2638/5/3 2637/5/3
f 2640/5/3 2638/5/3 2639/5/3
f 2643/5/3 2642/5/3 2641/5/3
f 2644/5/3 2642/5/3 2643/5/3
f 2647/5/3 2646/5/3 2645/5/3
f 2648/5/3 2646/5/3 2647/5/3
f 2651/5/3 2650/5/3 2649/5/3
f 2652/5/3 2650/5/3 2651/5/3
f 2655/5/3 2654/5/3 2653/5/3
f 2656/5/3 2654/5/3 2655/5/3
f 2659/5/3 2658/5/3 2657/5/3
f 2660/5/3 2658/5/3 2659/5/3
f 2663/5/3 2662/5/3 2661/5/3
f 2664/5/3 2662/5/3 2663/5/3
f 2667/12/3 2666/12/3 2665/12/3
f 2668/12/3 2666/12/3 2667/12/3
f 2671/5/3 2670/5/3 2669/5/3
f 2672/5/3 2670/5/3 2671/5/3
f 2675/5/3 2674/5/3 2673/5/3
f 2676/5/3 2674/5/3 2675/5/3
f 2679/5/3 2678/5/3 2677/5/3
f 2680/5/3 2678/5/3 2679/5/3
f 2683/5/3 2682/5/3 2681/5/3
f 2684/5/3 2682/5/3 2683/5/3
f 2687/5/3 2686/5/3 2685/5/3
f 2688/5/3 2686/5/3 2687/5/3
f 2691/5/3 2690/5/3 2689/5/3
f 2692/5/3 2690/5/3 2691/5/3
f 2695/5/3 2694/5/3 2693/5/3
f 2696/5/3 2694/5/3 2695/5/3
f 2699/12/3 2698/12/3 2697/12/3
f 2700/12/3 2698/12/3 2699/12/3
f 2703/12/3 2702/12/3 2701/12/3
f 2704/12/3 2702/12/3 2703/12/3
f 2705/5/3 2704/5/3 2703/5/3
f 2706/5/3 2704/5/3 2705/5/3
f 2709/5/3 2708/5/3 2707/5/3
f 2710/5/3 2708/5/3 2709/5/3
f 2713/5/3 2712/5/3 2711/5/3
f 2714/5/3 2712/5/3 2713/5/3
f 2717/5/3 2716/5/3 2715/5/3
f 2718/5/3 2716/5/3 2717/5/3
f 2721/5/3 2720/5/3 2719/5/3
f 2722/5/3 2720/5/3 2721/5/3
f 2725/5/3 2724/5/3 2723/5/3
f 2726/5/3 2724/5/3 2725/5/3
f 2729/5/3 2728/5/3 2727/5/3
f 2730/5/3 2728/5/3 2729/5/3
f 2733/5/3 2732/5/3 2731/5/3
f 2734/5/3 2732/5/3 2733/5/3
f 2737/12/3 2736/12/3 2735/12/3
f 2738/12/3 2736/12/3 2737/12/3
f 2739/12/3 2736/12/3 2738/12/3
f 2742/5/3 2741/5/3 2740/5/3
f 2743/5/3 2741/5/3 2742/5/3
f 2746/5/3 2745/5/3 2744/5/3
f 2747/5/3 2745/5/3 2746/5/3
f 2750/5/3 2749/5/3 2748/5/3
f 2751/5/3 2749/5/3 2750/5/3
f 2754/5/3 2753/5/3 2752/5/3
f 2755/5/3 2753/5/3 2754/5/3
f 2758/5/3 2757/5/3 2756/5/3
f 2759/5/3 2757/5/3 2758/5/3
f 2762/5/3 2761/5/3 2760/5/3
f 2763/5/3 2761/5/3 2762/5/3
f 2764/5/3 2761/5/3 2763/5/3
f 2767/12/3 2766/12/3 2765/12/3
f 2768/12/3 2766/12/3 2767/12/3
f 2771/5/3 2770/5/3 2769/5/3
f 2772/5/3 2770/5/3 2771/5/3
f 2775/5/3 2774/5/3 2773/5/3
f 2776/5/3 2774/5/3 2775/5/3
f 2779/5/3 2778/5/3 2777/5/3
f 2780/5/3 2778/5/3 2779/5/3
f 2783/5/3 2782/5/3 2781/5/3
f 2784/5/3 2782/5/3 2783/5/3
f 2787/5/3 2786/5/3 2785/5/3
f 2788/5/3 2786/5/3 2787/5/3
f 2791/5/3 2790/5/3 2789/5/3
f 2792/5/3 2790/5/3 2791/5/3
f 2795/12/3 2794/12/3 2793/12/3
f 2796/12/3 2794/12/3 2795/12/3
f 2799/5/3 2798/5/3 2797/5/3
f 2800/5/3 2798/5/3 2799/5/3
f 2803/5/3 2802/5/3 2801/5/3
f 2804/5/3 2802/5/3 2803/5/3
f 2807/2/3 2806/2/3 2805/2/3
f 2808/2/3 2806/2/3 2807/2/3
f 2811/5/3 2810/5/3 2809/5/3
f 2812/5/3 2810/5/3 2811/5/3
f 2815/5/3 2814/5/3 2813/5/3
f 2816/5/3 2814/5/3 2815/5/3
f 2819/5/3 2818/5/3 2817/5/3
f 2820/5/3 2818/5/3 2819/5/3
f 2823/12/3 2822/12/3 2821/12/3
f 2824/12/3 2822/12/3 2823/12/3
f 2827/5/3 2826/5/3 2825/5/3
f 2828/5/3 2826/5/3 2827/5/3
f 2831/5/3 2830/5/3 2829/5/3
f 2832/5/3 2830/5/3 2831/5/3
f 2835/5/3 2834/5/3 2833/5/3
f 2836/5/3 2834/5/3 2835/5/3
f 2839/5/3 2838/5/3 2837/5/3
f 2840/5/3 2838/5/3 2839/5/3
f 2843/5/3 2842/5/3 2841/5/3
f 2844/5/3 2842/5/3 2843/5/3
f 2847/5/3 2846/5/3 2845/5/3
f 2848/5/3 2846/5/3 2847/5/3
f 2851/12/3 2850/12/3 2849/12/3
f 2852/12/3 2850/12/3 2851/12/3
f 2855/5/3 2854/5/3 2853/5/3
f 2856/5/3 2854/5/3 2855/5/3
f 2859/5/3 2858/5/3 2857/5/3
f 2860/5/3 2858/5/3 2859/5/3
f 2863/5/3 2862/5/3 2861/5/3
f 2864/5/3 2862/5/3 2863/5/3
f 2866/5/3 2865/5/3 2864/5/3
f 2867/5/3 2865/5/3 2866/5/3
f 2870/5/3 2869/5/3 2868/5/3
f 2871/5/3 2869/5/3 2870/5/3
f 2874/5/3 2873/5/3 2872/5/3
f 2875/5/3 2873/5/3 2874/5/3
f 2878/5/3 2877/5/3 2876/5/3
f 2879/5/3 2877/5/3 2878/5/3
f 2882/12/3 2881/12/3 2880/12/3
f 2883/12/3 2881/12/3 2882/12/3
f 2886/5/3 2885/5/3 2884/5/3
f 2887/5/3 2885/5/3 2886/5/3
f 2890/5/3 2889/5/3 2888/5/3
f 2891/5/3 2889/5/3 2890/5/3
f 2894/5/3 2893/5/3 2892/5/3
f 2895/5/3 2893/5/3 2894/5/3
f 2898/5/3 2897/5/3 2896/5/3
f 2899/5/3 2897/5/3 2898/5/3
f 2902/5/3 2901/5/3 2900/5/3
f 2903/5/3 2901/5/3 2902/5/3
f 2906/5/3 2905/5/3 2904/5/3
f 2907/5/3 2905/5/3 2906/5/3
f 2910/5/3 2909/5/3 2908/5/3
f 2911/5/3 2909/5/3 2910/5/3
f 2914/12/3 2913/12/3 2912/12/3
f 2915/12/3 2913/12/3 2914/12/3
f 2918/5/3 2917/5/3 2916/5/3
f 2919/5/3 2917/5/3 2918/5/3
f 2922/5/3 2921/5/3 2920/5/3
f 2923/5/3 2921/5/3 2922/5/3
f 2926/5/3 2925/5/3 2924/5/3
f 2927/5/3 2925/5/3 2926/5/3
f 2930/5/3 2929/5/3 2928/5/3
f 2931/5/3 2929/5/3 2930/5/3
f 2934/5/3 2933/5/3 2932/5/3
f 2935/5/3 2933/5/3 2934/5/3
f 2938/5/3 2937/5/3 2936/5/3
f 2939/5/3 2937/5/3 2938/5/3
f 2942/5/3 2941/5/3 2940/5/3
f 2943/5/3 2941/5/3 2942/5/3
f 2946/5/3 2945/5/3 2944/5/3
f 2947/5/3 2945/5/3 2946/5/3
f 2950/5/3 2949/5/3 2948/5/3
f 2951/5/3 2949/5/3 2950/5/3
f 2954/5/3 2953/5/3 2952/5/3
f 2955/5/3 2953/5/3 2954/5/3
f 2958/5/3 2957/5/3 2956/5/3
f 2959/5/3 2957/5/3 2958/5/3
f 2962/12/3 2961/12/3 2960/12/3
f 2963/12/3 2961/12/3 2962/12/3
f 2966/5/3 2965/5/3 2964/5/3
f 2967/5/3 2965/5/3 2966/5/3
f 2970/5/3 2969/5/3 2968/5/3
f 2971/5/3 2969/5/3 2970/5/3
f 2974/5/3 2973/5/3 2972/5/3
f 2975/5/3 2973/5/3 2974/5/3
f 2978/5/3 2977/5/3 2976/5/3
f 2979/5/3 2977/5/3 2978/5/3
f 2982/12/3 2981/12/3 2980/12/3
f 2983/12/3 2981/12/3 2982/12/3
f 2986/5/3 2985/5/3 2984/5/3
f 2987/5/3 2985/5/3 2986/5/3
f 2990/5/3 2989/5/3 2988/5/3
f 2991/5/3 2989/5/3 2990/5/3
f 2994/5/3 2993/5/3 2992/5/3
f 2995/5/3 2993/5/3 2994/5/3
f 2998/5/3 2997/5/3 2996/5/3
f 2999/5/3 2997/5/3 2998/5/3
f 3002/12/3 3001/12/3 3000/12/3
f 3003/12/3 3001/12/3 3002/12/3
f 3006/5/3 3005/5/3 3004/5/3
f 3007/5/3 3005/5/3 3006/5/3
f 3010/5/3 3009/5/3 3008/5/3
f 3011/5/3 3009/5/3 3010/5/3
f 3014/5/3 3013/5/3 3012/5/3
f 3015/5/3 3013/5/3 3014/5/3
f 3018/5/3 3017/5/3 3016/5/3
f 3019/5/3 3017/5/3 3018/5/3
f 3022/5/3 3021/5/3 3020/5/3
f 3023/5/3 3021/5/3 3022/5/3
f 3026/5/3 3025/5/3 3024/5/3
f 3027/5/3 3025/5/3 3026/5/3
f 3030/5/3 3029/5/3 3028/5/3
f 3031/5/3 3029/5/3 3030/5/3
f 3034/1/3 3033/1/3 3032/1/3
f 3035/1/3 3033/1/3 3034/1/3
f 3036/5/3 3035/5/3 3034/5/3
f 3037/5/3 3035/5/3 3036/5/3
f 3040/5/3 3039/5/3 3038/5/3
f 3041/5/3 3039/5/3 3040/5/3
f 3044/5/3 3043/5/3 3042/5/3
f 3045/5/3 3043/5/3 3044/5/3
f 3048/5/3 3047/5/3 3046/5/3
f 3049/5/3 3047/5/3 3048/5/3
f 3052/5/3 3051/5/3 3050/5/3
f 3053/5/3 3051/5/3 3052/5/3
f 3056/5/3 3055/5/3 3054/5/3
f 3057/5/3 3055/5/3 3056/5/3
f 3060/5/3 3059/5/3 3058/5/3
f 3061/5/3 3059/5/3 3060/5/3
f 3064/5/3 3063/5/3 3062/5/3
f 3065/5/3 3063/5/3 3064/5/3
f 3068/5/3 3067/5/3 3066/5/3
f 3069/5/3 3067/5/3 3068/5/3
f 3072/5/3 3071/5/3 3070/5/3
f 3073/5/3 3071/5/3 3072/5/3
f 3076/5/3 3075/5/3 3074/5/3
f 3077/5/3 3075/5/3 3076/5/3
f 3080/5/3 3079/5/3 3078/5/3
f 3081/5/3 3079/5/3 3080/5/3
f 3084/5/3 3083/5/3 3082/5/3
f 3085/5/3 3083/5/3 3084/5/3
f 3088/5/3 3087/5/3 3086/5/3
f 3089/5/3 3087/5/3 3088/5/3
f 3092/5/3 3091/5/3 3090/5/3
f 3093/5/3 3091/5/3 3092/5/3
f 3096/5/3 3095/5/3 3094/5/3
f 3097/5/3 3095/5/3 3096/5/3
f 3100/5/3 3099/5/3 3098/5/3
f 3101/5/3 3099/5/3 3100/5/3
f 3104/5/3 3103/5/3 3102/5/3
f 3105/5/3 3103/5/3 3104/5/3
f 3108/5/3 3107/5/3 3106/5/3
f 3109/5/3 3107/5/3 3108/5/3
f 3112/5/3 3111/5/3 3110/5/3
f 3113/5/3 3111/5/3 3112/5/3
f 3116/5/3 3115/5/3 3114/5/3
f 3117/5/3 3115/5/3 3116/5/3
f 3120/5/3 3119/5/3 3118/5/3
f 3121/5/3 3119/5/3 3120/5/3
f 3124/5/3 3123/5/3 3122/5/3
f 3125/5/3 3123/5/3 3124/5/3
f 3128/5/3 3127/5/3 3126/5/3
f 3129/5/3 3127/5/3 3128/5/3
f 3132/12/3 3131/12/3 3130/12/3
f 3133/12/3 3131/12/3 3132/12/3
f 3136/5/3 3135/5/3 3134/5/3
f 3137/5/3 3135/5/3 3136/5/3
f 3140/5/3 3139/5/3 3138/5/3
f 3141/5/3 3139/5/3 3140/5/3
f 3144/5/3 3143/5/3 3142/5/3
f 3145/5/3 3143/5/3 3144/5/3
f 3148/5/3 3147/5/3 3146/5/3
f 3149/5/3 3147/5/3 3148/5/3
f 3152/5/3 3151/5/3 3150/5/3
f 3153/5/3 3151/5/3 3152/5/3
f 3156/5/3 3155/5/3 3154/5/3
f 3157/5/3 3155/5/3 3156/5/3
f 3160/5/3 3159/5/3 3158/5/3
f 3161/5/3 3159/5/3 3160/5/3
f 3164/5/3 3163/5/3 3162/5/3
f 3165/5/3 3163/5/3 3164/5/3
f 3168/2/3 3167/2/3 3166/2/3
f 3169/2/3 3167/2/3 3168/2/3
f 3172/5/3 3171/5/3 3170/5/3
f 3173/5/3 3171/5/3 3172/5/3
f 3176/5/3 3175/5/3 3174/5/3
f 3177/5/3 3175/5/3 3176/5/3
f 3180/5/3 3179/5/3 3178/5/3
f 3181/5/3 3179/5/3 3180/5/3
f 3184/5/3 3183/5/3 3182/5/3
f 3185/5/3 3183/5/3 3184/5/3
f 3188/5/3 3187/5/3 3186/5/3
f 3189/5/3 3187/5/3 3188/5/3
f 3192/5/3 3191/5/3 3190/5/3
f 3193/5/3 3191/5/3 3192/5/3
f 3196/5/3 3195/5/3 3194/5/3
f 3197/5/3 3195/5/3 3196/5/3
f 3200/5/3 3199/5/3 3198/5/3
f 3201/5/3 3199/5/3 3200/5/3
f 3204/5/3 3203/5/3 3202/5/3
f 3205/5/3 3203/5/3 3204/5/3
f 3208/5/3 3207/5/3 3206/5/3
f 3209/5/3 3207/5/3 3208/5/3
f 3212/5/3 3211/5/3 3210/5/3
f 3213/5/3 3211/5/3 3212/5/3
f 3216/5/3 3215/5/3 3214/5/3
f 3217/5/3 3215/5/3 3216/5/3
f 3220/5/3 3219/5/3 3218/5/3
f 3221/5/3 3219/5/3 3220/5/3
f 3224/5/3 3223/5/3 3222/5/3
f 3225/5/3 3223/5/3 3224/5/3
f 3228/5/3 3227/5/3 3226/5/3
f 3229/5/3 3227/5/3 3228/5/3
f 3232/5/3 3231/5/3 3230/5/3
f 3233/5/3 3231/5/3 3232/5/3
f 3236/5/3 3235/5/3 3234/5/3
f 3237/5/3 3235/5/3 3236/5/3
f 3240/5/3 3239/5/3 3238/5/3
f 3241/5/3 3239/5/3 3240/5/3
f 3244/5/3 3243/5/3 3242/5/3
f 3245/5/3 3243/5/3 3244/5/3
f 3248/5/3 3247/5/3 3246/5/3
f 3249/5/3 3247/5/3 3248/5/3
f 3252/5/3 3251/5/3 3250/5/3
f 3253/5/3 3251/5/3 3252/5/3
f 3256/5/3 3255/5/3 3254/5/3
f 3257/5/3 3255/5/3 3256/5/3
f 3260/5/3 3259/5/3 3258/5/3
f 3261/5/3 3259/5/3 3260/5/3
f 3264/5/3 3263/5/3 3262/5/3
f 3265/5/3 3263/5/3 3264/5/3
f 3268/5/3 3267/5/3 3266/5/3
f 3269/5/3 3267/5/3 3268/5/3
f 3272/5/3 3271/5/3 3270/5/3
f 3273/5/3 3271/5/3 3272/5/3
f 3276/5/3 3275/5/3 3274/5/3
f 3277/5/3 3275/5/3 3276/5/3
f 3280/5/3 3279/5/3 3278/5/3
f 3281/5/3 3279/5/3 3280/5/3
f 3284/5/3 3283/5/3 3282/5/3
f 3285/5/3 3283/5/3 3284/5/3
f 3288/5/3 3287/5/3 3286/5/3
f 3289/5/3 3287/5/3 3288/5/3
f 3292/5/3 3291/5/3 3290/5/3
f 3293/5/3 3291/5/3 3292/5/3
f 3296/5/3 3295/5/3 3294/5/3
f 3297/5/3 3295/5/3 3296/5/3
f 3300/5/3 3299/5/3 3298/5/3
f 3301/5/3 3299/5/3 3300/5/3
f 3304/5/3 3303/5/3 3302/5/3
f 3305/5/3 3303/5/3 3304/5/3
f 3308/5/3 3307/5/3 3306/5/3
f 3309/5/3 3307/5/3 3308/5/3
f 3312/5/3 3311/5/3 3310/5/3
f 3313/5/3 3311/5/3 3312/5/3
f 3316/5/3 3315/5/3 3314/5/3
f 3317/5/3 3315/5/3 3316/5/3
f 3320/5/3 3319/5/3 3318/5/3
f 3321/5/3 3319/5/3 3320/5/3
f 3324/5/3 3323/5/3 3322/5/3
f 3325/5/3 3323/5/3 3324/5/3
f 3328/5/3 3327/5/3 3326/5/3
f 3329/5/3 3327/5/3 3328/5/3
f 3332/5/3 3331/5/3 3330/5/3
f 3333/5/3 3331/5/3 3332/5/3
f 3336/5/3 3335/5/3 3334/5/3
f 3337/5/3 3335/5/3 3336/5/3
f 3340/5/3 3339/5/3 3338/5/3
f 3341/5/3 3339/5/3 3340/5/3
f 3344/5/3 3343/5/3 3342/5/3
f 3345/5/3 3343/5/3 3344/5/3
f 3348/5/3 3347/5/3 3346/5/3
f 3349/5/3 3347/5/3 3348/5/3
f 3352/5/3 3351/5/3 3350/5/3
f 3353/5/3 3351/5/3 3352/5/3
f 3356/5/3 3355/5/3 3354/5/3
f 3357/5/3 3355/5/3 3356/5/3
f 3360/5/3 3359/5/3 3358/5/3
f 3361/5/3 3359/5/3 3360/5/3
f 3362/12/4 3363/12/4 3364/12/4
f 3364/12/4 3363/12/4 3365/12/4
f 3366/12/4 3367/12/4 3368/12/4
f 3368/12/4 3367/12/4 3369/12/4
f 3370/12/4 3371/12/4 3372/12/4
f 3372/12/4 3371/12/4 3373/12/4
f 3374/12/4 3375/12/4 3376/12/4
f 3376/12/4 3375/12/4 3377/12/4
f 3378/12/4 3379/12/4 3380/12/4
f 3380/12/4 3379/12/4 3381/12/4
f 3382/12/4 3383/12/4 3384/12/4
f 3384/12/4 3383/12/4 3385/12/4
f 3386/12/4 3387/12/4 3388/12/4
f 3388/12/4 3387/12/4 3389/12/4
f 3390/12/4 3391/12/4 3392/12/4
f 3392/12/4 3391/12/4 3393/12/4
f 3394/12/4 3395/12/4 3396/12/4
f 3396/12/4 3395/12/4 3397/12/4
f 3398/12/4 3399/12/4 3400/12/4
f 3400/12/4 3399/12/4 3401/12/4
f 3402/12/4 3403/12/4 3404/12/4
f 3404/12/4 3403/12/4 3405/12/4
f 3406/12/4 3407/12/4 3408/12/4
f 3408/12/4 3407/12/4 3409/12/4
f 3410/12/4 3411/12/4 3412/12/4
f 3412/12/4 3411/12/4 3413/12/4
f 3414/12/4 3415/12/4 3416/12/4
f 3416/12/4 3415/12/4 3417/12/4
f 3418/12/4 3419/12/4 3420/12/4
f 3420/12/4 3419/12/4 3421/12/4
f 3422/12/4 3423/12/4 3424/12/4
f 3424/12/4 3423/12/4 3425/12/4
f 3426/12/4 3427/12/4 3428/12/4
f 3428/12/4 3427/12/4 3429/12/4
f 3430/12/4 3431/12/4 3432/12/4
f 3432/12/4 3431/12/4 3433/12/4
f 3434/12/4 3435/12/4 3436/12/4
f 3436/12/4 3435/12/4 3437/12/4
f 3438/12/4 3439/12/4 3440/12/4
f 3440/12/4 3439/12/4 3441/12/4
f 3442/12/4 3443/12/4 3444/12/4
f 3444/12/4 3443/12/4 3445/12/4
f 3446/12/4 3447/12/4 3448/12/4
f 3448/12/4 3447/12/4 3449/12/4
f 3450/5/4 3451/5/4 3452/5/4
f 3452/5/4 3451/5/4 3453/5/4
f 3454/12/4 3455/12/4 3456/12/4
f 3456/12/4 3455/12/4 3457/12/4
f 3458/12/4 3459/12/4 3460/12/4
f 3460/12/4 3459/12/4 3461/12/4
f 3462/12/4 3463/12/4 3464/12/4
f 3464/12/4 3463/12/4 3465/12/4
f 3466/12/4 3467/12/4 3468/12/4
f 3468/12/4 3467/12/4 3469/12/4
f 3470/12/4 3471/12/4 3472/12/4
f 3472/12/4 3471/12/4 3473/12/4
f 3474/12/4 3475/12/4 3476/12/4
f 3476/12/4 3475/12/4 3477/12/4
f 3478/12/4 3479/12/4 3480/12/4
f 3480/12/4 3479/12/4 3481/12/4
f 3482/12/4 3483/12/4 3484/12/4
f 3484/12/4 3483/12/4 3485/12/4
f 3486/12/4 3487/12/4 3488/12/4
f 3488/12/4 3487/12/4 3489/12/4
f 3490/12/4 3491/12/4 3492/12/4
f 3492/12/4 3491/12/4 3493/12/4
f 3494/12/4 3495/12/4 3496/12/4
f 3496/12/4 3495/12/4 3497/12/4
f 3498/12/4 3499/12/4 3500/12/4
f 3500/12/4 3499/12/4 3501/12/4
f 3502/12/4 3503/12/4 3504/12/4
f 3504/12/4 3503/12/4 3505/12/4
f 3506/12/4 3507/12/4 3508/12/4
f 3508/12/4 3507/12/4 3509/12/4
f 3510/12/4 3511/12/4 3512/12/4
f 3512/12/4 3511/12/4 3513/12/4
f 3514/12/4 3515/12/4 3516/12/4
f 3516/12/4 3515/12/4 3517/12/4
f 3518/12/4 3519/12/4 3520/12/4
f 3520/12/4 3519/12/4 3521/12/4
f 3522/12/4 3523/12/4 3524/12/4
f 3524/12/4 3523/12/4 3525/12/4
f 3526/12/4 3527/12/4 3528/12/4
f 3528/12/4 3527/12/4 3529/12/4
f 3530/12/4 3531/12/4 3532/12/4
f 3532/12/4 3531/12/4 3533/12/4
f 3534/12/4 3535/12/4 3536/12/4
f 3536/12/4 3535/12/4 3537/12/4
f 3538/12/4 3539/12/4 3540/12/4
f 3540/12/4 3539/12/4 3541/12/4
f 3542/12/4 3543/12/4 3544/12/4
f 3544/12/4 3543/12/4 3545/12/4
f 3546/12/4 3547/12/4 3548/12/4
f 3548/12/4 3547/12/4 3549/12/4
f 3550/12/4 3551/12/4 3552/12/4
f 3552/12/4 3551/12/4 3553/12/4
f 3554/12/4 3555/12/4 3556/12/4
f 3556/12/4 3555/12/4 3557/12/4
f 3558/12/4 3559/12/4 3560/12/4
f 3560/12/4 3559/12/4 3561/12/4
f 3562/12/4 3563/12/4 3564/12/4
f 3564/12/4 3563/12/4 3565/12/4
f 3566/12/4 3567/12/4 3568/12/4
f 3568/12/4 3567/12/4 3569/12/4
f 3570/12/4 3571/12/4 3572/12/4
f 3572/12/4 3571/12/4 3573/12/4
f 3574/12/4 3575/12/4 3576/12/4
f 3576/12/4 3575/12/4 3577/12/4
f 3578/12/4 3579/12/4 3580/12/4
f 3580/12/4 3579/12/4 3581/12/4
f 3582/12/4 3583/12/4 3584/12/4
f 3584/12/4 3583/12/4 3585/12/4
f 3586/12/4 3587/12/4 3588/12/4
f 3588/12/4 3587/12/4 3589/12/4
f 3590/12/4 3591/12/4 3592/12/4
f 3592/12/4 3591/12/4 3593/12/4
f 3594/12/4 3595/12/4 3596/12/4
f 3596/12/4 3595/12/4 3597/12/4
f 3598/12/4 3599/12/4 3600/12/4
f 3600/12/4 3599/12/4 3601/12/4
f 3602/6/4 3603/6/4 3604/6/4
f 3604/6/4 3603/6/4 3605/6/4
f 3606/5/4 3607/5/4 3608/5/4
f 3608/5/4 3607/5/4 3609/5/4
f 3610/12/4 3611/12/4 3612/12/4
f 3612/12/4 3611/12/4 3613/12/4
f 3614/12/4 3615/12/4 3616/12/4
f 3616/12/4 3615/12/4 3617/12/4
f 3618/12/4 3619/12/4 3620/12/4
f 3620/12/4 3619/12/4 3621/12/4
f 3622/12/4 3623/12/4 3624/12/4
f 3624/12/4 3623/12/4 3625/12/4
f 3626/12/4 3627/12/4 3628/12/4
f 3628/12/4 3627/12/4 3629/12/4
f 3630/12/4 3631/12/4 3632/12/4
f 3632/12/4 3631/12/4 3633/12/4
f 3634/12/4 3635/12/4 3636/12/4
f 3636/12/4 3635/12/4 3637/12/4
f 3638/12/4 3639/12/4 3640/12/4
f 3640/12/4 3639/12/4 3641/12/4
f 3642/12/4 3643/12/4 3644/12/4
f 3644/12/4 3643/12/4 3645/12/4
f 3646/12/4 3647/12/4 3648/12/4
f 3648/12/4 3647/12/4 3649/12/4
f 3650/12/4 3651/12/4 3652/12/4
f 3652/12/4 3651/12/4 3653/12/4
f 3654/5/4 3655/5/4 3656/5/4
f 3656/5/4 3655/5/4 3657/5/4
f 3658/5/4 3659/5/4 3660/5/4
f 3660/5/4 3659/5/4 3661/5/4
f 3662/12/4 3663/12/4 3664/12/4
f 3664/12/4 3663/12/4 3665/12/4
f 3666/12/4 3667/12/4 3668/12/4
f 3668/12/4 3667/12/4 3669/12/4
f 3670/12/4 3671/12/4 3672/12/4
f 3672/12/4 3671/12/4 3673/12/4
f 3674/12/4 3675/12/4 3676/12/4
f 3676/12/4 3675/12/4 3677/12/4
f 3678/11/4 3679/11/4 3680/11/4
f 3680/11/4 3679/11/4 3681/11/4
f 3680/12/4 3681/12/4 3682/12/4
f 3682/12/4 3681/12/4 3683/12/4
f 3684/12/4 3685/12/4 3686/12/4
f 3686/12/4 3685/12/4 3687/12/4
f 3688/12/4 3689/12/4 3690/12/4
f 3690/12/4 3689/12/4 3691/12/4
f 3692/12/4 3693/12/4 3694/12/4
f 3694/12/4 3693/12/4 3695/12/4
f 3696/12/4 3697/12/4 3698/12/4
f 3698/12/4 3697/12/4 3699/12/4
f 3700/12/4 3701/12/4 3702/12/4
f 3702/12/4 3701/12/4 3703/12/4
f 3704/5/4 3705/5/4 3706/5/4
f 3706/5/4 3705/5/4 3707/5/4
f 3708/5/4 3709/5/4 3710/5/4
f 3710/5/4 3709/5/4 3711/5/4
f 3712/5/4 3713/5/4 3714/5/4
f 3714/5/4 3713/5/4 3715/5/4
f 3716/5/4 3717/5/4 3718/5/4
f 3718/5/4 3717/5/4 3719/5/4
f 3718/12/4 3719/12/4 3720/12/4
f 3720/12/4 3719/12/4 3721/12/4
f 3722/12/4 3723/12/4 3724/12/4
f 3724/12/4 3723/12/4 3725/12/4
f 3725/12/4 3723/12/4 3726/12/4
f 3727/12/4 3728/12/4 3729/12/4
f 3729/12/4 3728/12/4 3730/12/4
f 3731/12/4 3732/12/4 3733/12/4
f 3733/12/4 3732/12/4 3734/12/4
f 3735/12/4 3736/12/4 3737/12/4
f 3737/12/4 3736/12/4 3738/12/4
f 3739/5/4 3740/5/4 3741/5/4
f 3741/5/4 3740/5/4 3742/5/4
f 3743/5/4 3744/5/4 3745/5/4
f 3745/5/4 3744/5/4 3746/5/4
f 3747/12/4 3748/12/4 3749/12/4
f 3749/12/4 3748/12/4 3750/12/4
f 3750/12/4 3748/12/4 3751/12/4
f 3751/12/4 3748/12/4 3752/12/4
f 3753/12/4 3754/12/4 3755/12/4
f 3755/12/4 3754/12/4 3756/12/4
f 3757/12/4 3758/12/4 3759/12/4
f 3759/12/4 3758/12/4 3760/12/4
f 3761/12/4 3762/12/4 3763/12/4
f 3763/12/4 3762/12/4 3764/12/4
f 3765/12/4 3766/12/4 3767/12/4
f 3767/12/4 3766/12/4 3768/12/4
f 3769/5/4 3770/5/4 3771/5/4
f 3771/5/4 3770/5/4 3772/5/4
f 3773/5/4 3774/5/4 3775/5/4
f 3775/5/4 3774/5/4 3776/5/4
f 3777/5/4 3778/5/4 3779/5/4
f 3779/5/4 3778/5/4 3780/5/4
f 3781/12/4 3782/12/4 3783/12/4
f 3783/12/4 3782/12/4 3784/12/4
f 3785/12/4 3786/12/4 3787/12/4
f 3787/12/4 3786/12/4 3788/12/4
f 3787/5/4 3788/5/4 3789/5/4
f 3789/5/4 3788/5/4 3790/5/4
f 3789/12/4 3790/12/4 3791/12/4
f 3791/12/4 3790/12/4 3792/12/4
f 3791/5/4 3792/5/4 3793/5/4
f 3793/5/4 3792/5/4 3794/5/4
f 3793/12/4 3794/12/4 3795/12/4
f 3795/12/4 3794/12/4 3796/12/4
f 3797/12/4 3798/12/4 3799/12/4
f 3799/12/4 3798/12/4 3800/12/4
f 3801/12/4 3802/12/4 3803/12/4
f 3803/12/4 3802/12/4 3804/12/4
f 3805/12/4 3806/12/4 3807/12/4
f 3807/12/4 3806/12/4 3808/12/4
f 3809/5/4 3810/5/4 3811/5/4
f 3811/5/4 3810/5/4 3812/5/4
f 3813/5/4 3814/5/4 3815/5/4
f 3815/5/4 3814/5/4 3816/5/4
f 3815/12/4 3816/12/4 3817/12/4
f 3817/12/4 3816/12/4 3818/12/4
f 3819/12/4 3820/12/4 3821/12/4
f 3821/12/4 3820/12/4 3822/12/4
f 3823/12/4 3824/12/4 3825/12/4
f 3825/12/4 3824/12/4 3826/12/4
f 3827/12/4 3828/12/4 3829/12/4
f 3829/12/4 3828/12/4 3830/12/4
f 3831/12/4 3832/12/4 3833/12/4
f 3833/12/4 3832/12/4 3834/12/4
f 3835/5/4 3836/5/4 3837/5/4
f 3837/5/4 3836/5/4 3838/5/4
f 3839/5/4 3840/5/4 3841/5/4
f 3841/5/4 3840/5/4 3842/5/4
f 3843/12/4 3844/12/4 3845/12/4
f 3845/12/4 3844/12/4 3846/12/4
f 3847/12/4 3848/12/4 3849/12/4
f 3849/12/4 3848/12/4 3850/12/4
f 3851/12/4 3852/12/4 3853/12/4
f 3853/12/4 3852/12/4 3854/12/4
f 3855/12/4 3856/12/4 3857/12/4
f 3857/12/4 3856/12/4 3858/12/4
f 3859/12/4 3860/12/4 3861/12/4
f 3861/12/4 3860/12/4 3862/12/4
f 3863/5/4 3864/5/4 3865/5/4
f 3865/5/4 3864/5/4 3866/5/4
f 3867/5/4 3868/5/4 3869/5/4
f 3869/5/4 3868/5/4 3870/5/4
f 3871/5/4 3872/5/4 3873/5/4
f 3873/5/4 3872/5/4 3874/5/4
f 3875/5/4 3876/5/4 3877/5/4
f 3877/5/4 3876/5/4 3878/5/4
f 3878/5/4 3876/5/4 3879/5/4
f 3878/12/4 3879/12/4 3880/12/4
f 3880/12/4 3879/12/4 3881/12/4
f 3882/12/4 3883/12/4 3884/12/4
f 3884/12/4 3883/12/4 3885/12/4
f 3886/12/4 3887/12/4 3888/12/4
f 3888/12/4 3887/12/4 3889/12/4
f 3889/12/4 3887/12/4 3890/12/4
f 3890/12/4 3887/12/4 3891/12/4
f 3892/12/4 3893/12/4 3894/12/4
f 3894/12/4 3893/12/4 3895/12/4
f 3896/12/4 3897/12/4 3898/12/4
f 3898/12/4 3897/12/4 3899/12/4
f 3900/12/4 3901/12/4 3902/12/4
f 3902/12/4 3901/12/4 3903/12/4
f 3904/5/4 3905/5/4 3906/5/4
f 3906/5/4 3905/5/4 3907/5/4
f 3908/5/4 3909/5/4 3910/5/4
f 3910/5/4 3909/5/4 3911/5/4
f 3912/5/4 3913/5/4 3914/5/4
f 3914/5/4 3913/5/4 3915/5/4
f 3916/5/4 3917/5/4 3918/5/4
f 3918/5/4 3917/5/4 3919/5/4
f 3920/12/4 3921/12/4 3922/12/4
f 3922/12/4 3921/12/4 3923/12/4
f 3923/12/4 3921/12/4 3924/12/4
f 3924/12/4 3921/12/4 3925/12/4
f 3926/12/4 3927/12/4 3928/12/4
f 3928/12/4 3927/12/4 3929/12/4
f 3930/12/4 3931/12/4 3932/12/4
f 3932/12/4 3931/12/4 3933/12/4
f 3934/12/4 3935/12/4 3936/12/4
f 3936/12/4 3935/12/4 3937/12/4
f 3938/5/4 3939/5/4 3940/5/4
f 3940/5/4 3939/5/4 3941/5/4
f 3942/5/4 3943/5/4 3944/5/4
f 3944/5/4 3943/5/4 3945/5/4
f 3946/5/4 3947/5/4 3948/5/4
f 3948/5/4 3947/5/4 3949/5/4
f 3950/12/4 3951/12/4 3952/12/4
f 3952/12/4 3951/12/4 3953/12/4
f 3954/12/4 3955/12/4 3956/12/4
f 3956/12/4 3955/12/4 3957/12/4
f 3958/12/4 3959/12/4 3960/12/4
f 3960/12/4 3959/12/4 3961/12/4
f 3962/12/4 3963/12/4 3964/12/4
f 3964/12/4 3963/12/4 3965/12/4
f 3966/5/4 3967/5/4 3968/5/4
f 3968/5/4 3967/5/4 3969/5/4
f 3970/5/4 3971/5/4 3972/5/4
f 3972/5/4 3971/5/4 3973/5/4
f 3974/12/4 3975/12/4 3976/12/4
f 3976/12/4 3975/12/4 3977/12/4
f 3978/12/4 3979/12/4 3980/12/4
f 3980/12/4 3979/12/4 3981/12/4
f 3982/12/4 3983/12/4 3984/12/4
f 3984/12/4 3983/12/4 3985/12/4
f 3986/12/4 3987/12/4 3988/12/4
f 3988/12/4 3987/12/4 3989/12/4
f 3990/5/4 3991/5/4 3992/5/4
f 3992/5/4 3991/5/4 3993/5/4
f 3994/5/4 3995/5/4 3996/5/4
f 3996/5/4 3995/5/4 3997/5/4
f 3998/5/4 3999/5/4 4000/5/4
f 4000/5/4 3999/5/4 4001/5/4
f 4002/12/4 4003/12/4 4004/12/4
f 4004/12/4 4003/12/4 4005/12/4
f 4006/12/4 4007/12/4 4008/12/4
f 4008/12/4 4007/12/4 4009/12/4
f 4008/5/4 4009/5/4 4010/5/4
f 4010/5/4 4009/5/4 4011/5/4
f 4012/12/4 4013/12/4 4014/12/4
f 4014/12/4 4013/12/4 4015/12/4
f 4016/12/4 4017/12/4 4018/12/4
f 4018/12/4 4017/12/4 4019/12/4
f 4020/12/4 4021/12/4 4022/12/4
f 4022/12/4 4021/12/4 4023/12/4
f 4024/12/4 4025/12/4 4026/12/4
f 4026/12/4 4025/12/4 4027/12/4
f 4028/5/4 4029/5/4 4030/5/4
f 4030/5/4 4029/5/4 4031/5/4
f 4032/5/4 4033/5/4 4034/5/4
f 4034/5/4 4033/5/4 4035/5/4
f 4036/5/4 4037/5/4 4038/5/4
f 4038/5/4 4037/5/4 4039/5/4
f 4040/12/4 4041/12/4 4042/12/4
f 4042/12/4 4041/12/4 4043/12/4
f 4044/12/4 4045/12/4 4046/12/4
f 4046/12/4 4045/12/4 4047/12/4
f 4046/5/4 4047/5/4 4048/5/4
f 4048/5/4 4047/5/4 4049/5/4
f 4050/12/4 4051/12/4 4052/12/4
f 4052/12/4 4051/12/4 4053/12/4
f 4054/12/4 4055/12/4 4056/12/4
f 4056/12/4 4055/12/4 4057/12/4
f 4058/12/4 4059/12/4 4060/12/4
f 4060/12/4 4059/12/4 4061/12/4
f 4060/11/4 4061/11/4 4062/11/4
f 4062/11/4 4061/11/4 4063/11/4
f 4064/5/4 4065/5/4 4066/5/4
f 4066/5/4 4065/5/4 4067/5/4
f 4068/5/4 4069/5/4 4070/5/4
f 4070/5/4 4069/5/4 4071/5/4
f 4072/5/4 4073/5/4 4074/5/4
f 4074/5/4 4073/5/4 4075/5/4
f 4076/5/4 4077/5/4 4078/5/4
f 4078/5/4 4077/5/4 4079/5/4
f 4080/5/4 4081/5/4 4082/5/4
f 4082/5/4 4081/5/4 4083/5/4
f 4082/12/4 4083/12/4 4084/12/4
f 4084/12/4 4083/12/4 4085/12/4
f 4085/12/4 4083/12/4 4086/12/4
f 4087/12/4 4088/12/4 4089/12/4
f 4089/12/4 4088/12/4 4090/12/4
f 4090/12/4 4088/12/4 4091/12/4
f 4091/12/4 4088/12/4 4092/12/4
f 4092/12/4 4088/12/4 4093/12/4
f 4094/12/4 4095/12/4 4096/12/4
f 4096/12/4 4095/12/4 4097/12/4
f 4098/12/4 4099/12/4 4100/12/4
f 4100/12/4 4099/12/4 4101/12/4
f 4102/5/4 4103/5/4 4104/5/4
f 4104/5/4 4103/5/4 4105/5/4
f 4106/5/4 4107/5/4 4108/5/4
f 4108/5/4 4107/5/4 4109/5/4
f 4110/5/4 4111/5/4 4112/5/4
f 4112/5/4 4111/5/4 4113/5/4
f 4112/12/4 4113/12/4 4114/12/4
f 4114/12/4 4113/12/4 4115/12/4
f 4116/5/4 4117/5/4 4118/5/4
f 4118/5/4 4117/5/4 4119/5/4
f 4120/12/4 4121/12/4 4122/12/4
f 4122/12/4 4121/12/4 4123/12/4
f 4124/12/4 4125/12/4 4126/12/4
f 4126/12/4 4125/12/4 4127/12/4
f 4128/5/4 4129/5/4 4130/5/4
f 4130/5/4 4129/5/4 4131/5/4
f 4132/5/4 4133/5/4 4134/5/4
f 4134/5/4 4133/5/4 4135/5/4
f 4136/5/4 4137/5/4 4138/5/4
f 4138/5/4 4137/5/4 4139/5/4
f 4139/5/4 4137/5/4 4140/5/4
f 4141/12/4 4142/12/4 4143/12/4
f 4143/12/4 4142/12/4 4144/12/4
f 4145/12/4 4146/12/4 4147/12/4
f 4147/12/4 4146/12/4 4148/12/4
f 4149/12/4 4150/12/4 4151/12/4
f 4151/12/4 4150/12/4 4152/12/4
f 4153/3/4 4154/3/4 4155/3/4
f 4155/3/4 4154/3/4 4156/3/4
f 4157/5/4 4158/5/4 4159/5/4
f 4159/5/4 4158/5/4 4160/5/4
f 4161/5/4 4162/5/4 4163/5/4
f 4163/5/4 4162/5/4 4164/5/4
f 4165/7/4 4166/7/4 4167/7/4
f 4167/7/4 4166/7/4 4168/7/4
f 4169/12/4 4170/12/4 4171/12/4
f 4171/12/4 4170/12/4 4172/12/4
f 4171/5/4 4172/5/4 4173/5/4
f 4173/5/4 4172/5/4 4174/5/4
f 4175/12/4 4176/12/4 4177/12/4
f 4177/12/4 4176/12/4 4178/12/4
f 4178/12/4 4176/12/4 4179/12/4
f 4180/12/4 4181/12/4 4182/12/4
f 4182/12/4 4181/12/4 4183/12/4
f 4184/5/4 4185/5/4 4186/5/4
f 4186/5/4 4185/5/4 4187/5/4
f 4188/5/4 4189/5/4 4190/5/4
f 4190/5/4 4189/5/4 4191/5/4
f 4192/5/4 4193/5/4 4194/5/4
f 4194/5/4 4193/5/4 4195/5/4
f 4196/5/4 4197/5/4 4198/5/4
f 4198/5/4 4197/5/4 4199/5/4
f 4200/12/4 4201/12/4 4202/12/4
f 4202/12/4 4201/12/4 4203/12/4
f 4204/12/4 4205/12/4 4206/12/4
f 4206/12/4 4205/12/4 4207/12/4
f 4208/12/4 4209/12/4 4210/12/4
f 4210/12/4 4209/12/4 4211/12/4
f 4212/12/4 4213/12/4 4214/12/4
f 4214/12/4 4213/12/4 4215/12/4
f 4216/5/4 4217/5/4 4218/5/4
f 4218/5/4 4217/5/4 4219/5/4
f 4220/5/4 4221/5/4 4222/5/4
f 4222/5/4 4221/5/4 4223/5/4
f 4224/5/4 4225/5/4 4226/5/4
f 4226/5/4 4225/5/4 4227/5/4
f 4228/12/4 4229/12/4 4230/12/4
f 4230/12/4 4229/12/4 4231/12/4
f 4232/12/4 4233/12/4 4234/12/4
f 4234/12/4 4233/12/4 4235/12/4
f 4236/12/4 4237/12/4 4238/12/4
f 4238/12/4 4237/12/4 4239/12/4
f 4240/12/4 4241/12/4 4242/12/4
f 4242/12/4 4241/12/4 4243/12/4
f 4244/5/4 4245/5/4 4246/5/4
f 4246/5/4 4245/5/4 4247/5/4
f 4248/5/4 4249/5/4 4250/5/4
f 4250/5/4 4249/5/4 4251/5/4
f 4252/5/4 4253/5/4 4254/5/4
f 4254/5/4 4253/5/4 4255/5/4
f 4256/5/4 4257/5/4 4258/5/4
f 4258/5/4 4257/5/4 4259/5/4
f 4260/12/4 4261/12/4 4262/12/4
f 4262/12/4 4261/12/4 4263/12/4
f 4264/12/4 4265/12/4 4266/12/4
f 4266/12/4 4265/12/4 4267/12/4
f 4268/12/4 4269/12/4 4270/12/4
f 4270/12/4 4269/12/4 4271/12/4
f 4272/5/4 4273/5/4 4274/5/4
f 4274/5/4 4273/5/4 4275/5/4
f 4276/5/4 4277/5/4 4278/5/4
f 4278/5/4 4277/5/4 4279/5/4
f 4280/5/4 4281/5/4 4282/5/4
f 4282/5/4 4281/5/4 4283/5/4
f 4284/5/4 4285/5/4 4286/5/4
f 4286/5/4 4285/5/4 4287/5/4
f 4288/5/4 4289/5/4 4290/5/4
f 4290/5/4 4289/5/4 4291/5/4
f 4292/12/4 4293/12/4 4294/12/4
f 4294/12/4 4293/12/4 4295/12/4
f 4296/12/4 4297/12/4 4298/12/4
f 4298/12/4 4297/12/4 4299/12/4
f 4300/5/4 4301/5/4 4302/5/4
f 4302/5/4 4301/5/4 4303/5/4
f 4304/5/4 4305/5/4 4306/5/4
f 4306/5/4 4305/5/4 4307/5/4
f 4308/5/4 4309/5/4 4310/5/4
f 4310/5/4 4309/5/4 4311/5/4
f 4312/5/4 4313/5/4 4314/5/4
f 4314/5/4 4313/5/4 4315/5/4
f 4316/12/4 4317/12/4 4318/12/4
f 4318/12/4 4317/12/4 4319/12/4
f 4320/12/4 4321/12/4 4322/12/4
f 4322/12/4 4321/12/4 4323/12/4
f 4324/5/4 4325/5/4 4326/5/4
f 4326/5/4 4325/5/4 4327/5/4
f 4328/5/4 4329/5/4 4330/5/4
f 4330/5/4 4329/5/4 4331/5/4
f 4332/5/4 4333/5/4 4334/5/4
f 4334/5/4 4333/5/4 4335/5/4
f 4336/5/4 4337/5/4 4338/5/4
f 4338/5/4 4337/5/4 4339/5/4
f 4340/12/4 4341/12/4 4342/12/4
f 4342/12/4 4341/12/4 4343/12/4
f 4344/12/4 4345/12/4 4346/12/4
f 4346/12/4 4345/12/4 4347/12/4
f 4348/5/4 4349/5/4 4350/5/4
f 4350/5/4 4349/5/4 4351/5/4
f 4352/5/4 4353/5/4 4354/5/4
f 4354/5/4 4353/5/4 4355/5/4
f 4356/5/4 4357/5/4 4358/5/4
f 4358/5/4 4357/5/4 4359/5/4
f 4360/5/4 4361/5/4 4362/5/4
f 4362/5/4 4361/5/4 4363/5/4
f 4364/5/4 4365/5/4 4366/5/4
f 4366/5/4 4365/5/4 4367/5/4
f 4368/5/4 4369/5/4 4370/5/4
f 4370/5/4 4369/5/4 4371/5/4
f 4372/12/4 4373/12/4 4374/12/4
f 4374/12/4 4373/12/4 4375/12/4
f 4376/12/4 4377/12/4 4378/12/4
f 4378/12/4 4377/12/4 4379/12/4
f 4380/5/4 4381/5/4 4382/5/4
f 4382/5/4 4381/5/4 4383/5/4
f 4384/5/4 4385/5/4 4386/5/4
f 4386/5/4 4385/5/4 4387/5/4
f 4386/2/4 4387/2/4 4388/2/4
f 4388/2/4 4387/2/4 4389/2/4
f 4388/5/4 4389/5/4 4390/5/4
f 4390/5/4 4389/5/4 4391/5/4
f 4392/5/4 4393/5/4 4394/5/4
f 4394/5/4 4393/5/4 4395/5/4
f 4396/5/4 4397/5/4 4398/5/4
f 4398/5/4 4397/5/4 4399/5/4
f 4400/12/4 4401/12/4 4402/12/4
f 4402/12/4 4401/12/4 4403/12/4
f 4402/9/4 4403/9/4 4404/9/4
f 4404/9/4 4403/9/4 4405/9/4
f 4404/12/4 4405/12/4 4406/12/4
f 4406/12/4 4405/12/4 4407/12/4
f 4408/12/4 4409/12/4 4410/12/4
f 4410/12/4 4409/12/4 4411/12/4
f 4412/5/4 4413/5/4 4414/5/4
f 4414/5/4 4413/5/4 4415/5/4
f 4416/5/4 4417/5/4 4418/5/4
f 4418/5/4 4417/5/4 4419/5/4
f 4420/5/4 4421/5/4 4422/5/4
f 4422/5/4 4421/5/4 4423/5/4
f 4424/7/4 4425/7/4 4426/7/4
f 4426/7/4 4425/7/4 4427/7/4
f 4426/12/4 4427/12/4 4428/12/4
f 4428/12/4 4427/12/4 4429/12/4
f 4430/12/4 4431/12/4 4432/12/4
f 4432/12/4 4431/12/4 4433/12/4
f 4434/5/4 4435/5/4 4436/5/4
f 4436/5/4 4435/5/4 4437/5/4
f 4438/5/4 4439/5/4 4440/5/4
f 4440/5/4 4439/5/4 4441/5/4
f 4442/5/4 4443/5/4 4444/5/4
f 4444/5/4 4443/5/4 4445/5/4
f 4446/5/4 4447/5/4 4448/5/4
f 4448/5/4 4447/5/4 4449/5/4
f 4450/12/4 4451/12/4 4452/12/4
f 4452/12/4 4451/12/4 4453/12/4
f 4454/5/4 4455/5/4 4456/5/4
f 4456/5/4 4455/5/4 4457/5/4
f 4458/5/4 4459/5/4 4460/5/4
f 4460/5/4 4459/5/4 4461/5/4
f 4462/5/4 4463/5/4 4464/5/4
f 4464/5/4 4463/5/4 4465/5/4
f 4466/5/4 4467/5/4 4468/5/4
f 4468/5/4 4467/5/4 4469/5/4
f 4470/5/4 4471/5/4 4472/5/4
f 4472/5/4 4471/5/4 4473/5/4
f 4474/5/4 4475/5/4 4476/5/4
f 4476/5/4 4475/5/4 4477/5/4
f 4478/5/4 4479/5/4 4480/5/4
f 4480/5/4 4479/5/4 4481/5/4
f 4482/5/4 4483/5/4 4484/5/4
f 4484/5/4 4483/5/4 4485/5/4
f 4486/5/4 4487/5/4 4488/5/4
f 4488/5/4 4487/5/4 4489/5/4
f 4490/5/4 4491/5/4 4492/5/4
f 4492/5/4 4491/5/4 4493/5/4
f 4494/5/4 4495/5/4 4496/5/4
f 4496/5/4 4495/5/4 4497/5/4
f 4498/5/4 4499/5/4 4500/5/4
f 4500/5/4 4499/5/4 4501/5/4
f 4502/5/4 4503/5/4 4504/5/4
f 4504/5/4 4503/5/4 4505/5/4
f 4506/5/4 4507/5/4 4508/5/4
f 4508/5/4 4507/5/4 4509/5/4
f 4510/5/4 4511/5/4 4512/5/4
f 4512/5/4 4511/5/4 4513/5/4
f 4514/5/4 4515/5/4 4516/5/4
f 4516/5/4 4515/5/4 4517/5/4
f 4518/5/4 4519/5/4 4520/5/4
f 4520/5/4 4519/5/4 4521/5/4
f 4522/5/4 4523/5/4 4524/5/4
f 4524/5/4 4523/5/4 4525/5/4
f 4526/5/4 4527/5/4 4528/5/4
f 4528/5/4 4527/5/4 4529/5/4
f 4530/5/4 4531/5/4 4532/5/4
f 4532/5/4 4531/5/4 4533/5/4
f 4534/5/4 4535/5/4 4536/5/4
f 4536/5/4 4535/5/4 4537/5/4
f 4538/5/4 4539/5/4 4540/5/4
f 4540/5/4 4539/5/4 4541/5/4
f 4542/5/4 4543/5/4 4544/5/4
f 4544/5/4 4543/5/4 4545/5/4
f 4546/5/4 4547/5/4 4548/5/4
f 4548/5/4 4547/5/4 4549/5/4
f 4550/5/4 4551/5/4 4552/5/4
f 4552/5/4 4551/5/4 4553/5/4
f 4554/5/4 4555/5/4 4556/5/4
f 4556/5/4 4555/5/4 4557/5/4
f 4558/5/4 4559/5/4 4560/5/4
f 4560/5/4 4559/5/4 4561/5/4
f 4562/5/4 4563/5/4 4564/5/4
f 4564/5/4 4563/5/4 4565/5/4
f 4566/5/4 4567/5/4 4568/5/4
f 4568/5/4 4567/5/4 4569/5/4
f 4570/5/4 4571/5/4 4572/5/4
f 4572/5/4 4571/5/4 4573/5/4
f 4574/5/4 4575/5/4 4576/5/4
f 4576/5/4 4575/5/4 4577/5/4
f 4578/5/4 4579/5/4 4580/5/4
f 4580/5/4 4579/5/4 4581/5/4
f 4582/5/4 4583/5/4 4584/5/4
f 4584/5/4 4583/5/4 4585/5/4
f 4586/5/4 4587/5/4 4588/5/4
f 4588/5/4 4587/5/4 4589/5/4
f 4590/5/4 4591/5/4 4592/5/4
f 4592/5/4 4591/5/4 4593/5/4
f 4594/5/4 4595/5/4 4596/5/4
f 4596/5/4 4595/5/4 4597/5/4
f 4598/5/4 4599/5/4 4600/5/4
f 4600/5/4 4599/5/4 4601/5/4
f 4602/5/4 4603/5/4 4604/5/4
f 4604/5/4 4603/5/4 4605/5/4
f 4606/5/4 4607/5/4 4608/5/4
f 4608/5/4 4607/5/4 4609/5/4
f 4610/5/4 4611/5/4 4612/5/4
f 4612/5/4 4611/5/4 4613/5/4
f 4614/5/4 4615/5/4 4616/5/4
f 4616/5/4 4615/5/4 4617/5/4
f 4618/5/4 4619/5/4 4620/5/4
f 4620/5/4 4619/5/4 4621/5/4
f 4622/5/4 4623/5/4 4624/5/4
f 4624/5/4 4623/5/4 4625/5/4
f 4626/5/4 4627/5/4 4628/5/4
f 4628/5/4 4627/5/4 4629/5/4
f 4630/5/4 4631/5/4 4632/5/4
f 4632/5/4 4631/5/4 4633/5/4
f 4633/5/4 4631/5/4 4634/5/4
f 4634/5/4 4631/5/4 4635/5/4
f 4636/5/4 4637/5/4 4638/5/4
f 4638/5/4 4637/5/4 4639/5/4
f 4640/5/4 4641/5/4 4642/5/4
f 4642/5/4 4641/5/4 4643/5/4
f 4644/5/4 4645/5/4 4646/5/4
f 4646/5/4 4645/5/4 4647/5/4
f 4648/5/4 4649/5/4 4650/5/4
f 4650/5/4 4649/5/4 4651/5/4
f 4652/5/4 4653/5/4 4654/5/4
f 4654/5/4 4653/5/4 4655/5/4
f 4656/5/4 4657/5/4 4658/5/4
f 4658/5/4 4657/5/4 4659/5/4
f 4660/5/4 4661/5/4 4662/5/4
f 4662/5/4 4661/5/4 4663/5/4
f 4664/5/4 4665/5/4 4666/5/4
f 4666/5/4 4665/5/4 4667/5/4
f 4668/5/4 4669/5/4 4670/5/4
f 4670/5/4 4669/5/4 4671/5/4
f 4672/5/4 4673/5/4 4674/5/4
f 4674/5/4 4673/5/4 4675/5/4
f 4676/5/4 4677/5/4 4678/5/4
f 4678/5/4 4677/5/4 4679/5/4
f 4680/4/4 4681/4/4 4682/4/4
f 4682/4/4 4681/4/4 4683/4/4
f 4682/5/4 4683/5/4 4684/5/4
f 4684/5/4 4683/5/4 4685/5/4
f 4686/5/4 4687/5/4 4688/5/4
f 4688/5/4 4687/5/4 4689/5/4
f 4690/5/4 4691/5/4 4692/5/4
f 4692/5/4 4691/5/4 4693/5/4
f 4694/5/4 4695/5/4 4696/5/4
f 4696/5/4 4695/5/4 4697/5/4
f 4698/5/4 4699/5/4 4700/5/4
f 4700/5/4 4699/5/4 4701/5/4
f 4702/5/4 4703/5/4 4704/5/4
f 4704/5/4 4703/5/4 4705/5/4
f 4706/5/4 4707/5/4 4708/5/4
f 4708/5/4 4707/5/4 4709/5/4
f 4710/5/4 4711/5/4 4712/5/4
f 4712/5/4 4711/5/4 4713/5/4
f 4714/5/4 4715/5/4 4716/5/4
f 4716/5/4 4715/5/4 4717/5/4
f 4718/5/4 4719/5/4 4720/5/4
f 4720/5/4 4719/5/4 4721/5/4
f 4722/5/4 4723/5/4 4724/5/4
f 4724/5/4 4723/5/4 4725/5/4
f 4726/5/4 4727/5/4 4728/5/4
f 4728/5/4 4727/5/4 4729/5/4
f 4730/5/4 4731/5/4 4732/5/4
f 4732/5/4 4731/5/4 4733/5/4
f 4732/2/4 4733/2/4 4734/2/4
f 4734/2/4 4733/2/4 4735/2/4
f 4734/5/4 4735/5/4 4736/5/4
f 4736/5/4 4735/5/4 4737/5/4
f 4736/12/4 4737/12/4 4738/12/4
f 4738/12/4 4737/12/4 4739/12/4
f 4738/5/4 4739/5/4 4740/5/4
f 4740/5/4 4739/5/4 4741/5/4
f 4740/12/4 4741/12/4 4742/12/4
f 4742/12/4 4741/12/4 4743/12/4
f 4742/5/4 4743/5/4 4744/5/4
f 4744/5/4 4743/5/4 4745/5/4
f 4744/12/4 4745/12/4 4746/12/4
f 4746/12/4 4745/12/4 4747/12/4
f 4746/5/4 4747/5/4 4748/5/4
f 4748/5/4 4747/5/4 4749/5/4
f 4748/12/4 4749/12/4 4750/12/4
f 4750/12/4 4749/12/4 4751/12/4
f 4750/5/4 4751/5/4 4752/5/4
f 4752/5/4 4751/5/4 4753/5/4
f 4752/12/4 4753/12/4 4754/12/4
f 4754/12/4 4753/12/4 4755/12/4
f 4754/9/4 4755/9/4 4756/9/4
f 4756/9/4 4755/9/4 4757/9/4
f 4756/12/4 4757/12/4 4758/12/4
f 4758/12/4 4757/12/4 4759/12/4
f 4758/11/4 4759/11/4 4760/11/4
f 4760/11/4 4759/11/4 4761/11/4
f 4760/12/4 4761/12/4 4762/12/4
f 4762/12/4 4761/12/4 4763/12/4
f 4762/6/4 4763/6/4 4764/6/4
f 4764/6/4 4763/6/4 4765/6/4
f 4764/12/4 4765/12/4 4766/12/4
f 4766/12/4 4765/12/4 4767/12/4
f 4770/5/5 4769/5/5 4768/5/5
f 4774/5/5 4771/5/5 4770/5/5
f 4774/1/5 4772/1/5 4771/1/5
f 4775/5/5 4773/5/5 4772/5/5
f 4775/1/5 4772/1/5 4774/1/5
f 4776/5/5 4773/5/5 4775/5/5
f 4777/5/5 4773/5/5 4776/5/5
f 4778/5/5 4773/5/5 4777/5/5
f 4780/5/5 4775/5/5 4774/5/5
f 4780/5/5 4776/5/5 4775/5/5
f 4780/4/5 4777/4/5 4776/4/5
f 4781/5/5 4779/5/5 4778/5/5
f 4781/4/5 4777/4/5 4780/4/5
f 4781/5/5 4778/5/5 4777/5/5
f 4782/5/5 4779/5/5 4781/5/5
f 4784/5/5 4781/5/5 4780/5/5
f 4784/5/5 4783/5/5 4782/5/5
f 4784/5/5 4782/5/5 4781/5/5
f 4786/5/5 4770/5/5 4768/5/5
f 4786/5/5 4785/5/5 4784/5/5
f 4786/5/5 4784/5/5 4780/5/5
f 4786/5/5 4780/5/5 4774/5/5
f 4786/5/5 4774/5/5 4770/5/5
f 4787/5/5 4785/5/5 4786/5/5
f 4788/5/5 4785/5/5 4787/5/5
f 4789/5/5 4785/5/5 4788/5/5
f 4790/5/5 4785/5/5 4789/5/5
f 4793/5/5 4786/5/5 4768/5/5
f 4793/4/5 4787/4/5 4786/4/5
f 4794/5/5 4788/5/5 4787/5/5
f 4794/4/5 4787/4/5 4793/4/5
f 4795/1/5 4789/1/5 4788/1/5
f 4795/5/5 4788/5/5 4794/5/5
f 4796/5/5 4791/5/5 4790/5/5
f 4796/1/5 4789/1/5 4795/1/5
f 4796/5/5 4790/5/5 4789/5/5
f 4797/5/5 4791/5/5 4796/5/5
f 4798/12/5 4792/12/5 4791/12/5
f 4798/5/5 4791/5/5 4797/5/5
f 4799/12/5 4792/12/5 4798/12/5
f 4801/5/5 4797/5/5 4796/5/5
f 4801/5/5 4795/5/5 4794/5/5
f 4801/5/5 4794/5/5 4793/5/5
f 4801/5/5 4796/5/5 4795/5/5
f 4802/12/5 4800/12/5 4799/12/5
f 4802/5/5 4797/5/5 4801/5/5
f 4802/12/5 4799/12/5 4798/12/5
f 4802/12/5 4798/12/5 4797/12/5
f 4803/5/5 4801/5/5 4793/5/5
f 4804/12/5 4802/12/5 4801/12/5
f 4804/5/5 4801/5/5 4803/5/5
f 4805/12/5 4800/12/5 4802/12/5
f 4805/12/5 4802/12/5 4804/12/5
f 4806/12/5 4800/12/5 4805/12/5
f 4807/5/5 4803/5/5 4793/5/5
f 4808/12/5 4804/12/5 4803/12/5
f 4808/5/5 4803/5/5 4807/5/5
f 4808/12/5 4805/12/5 4804/12/5
f 4809/10/5 4806/10/5 4805/10/5
f 4809/12/5 4805/12/5 4808/12/5
f 4810/12/5 4800/12/5 4806/12/5
f 4810/10/5 4806/10/5 4809/10/5
f 4811/5/5 4807/5/5 4793/5/5
f 4812/12/5 4809/12/5 4808/12/5
f 4812/5/5 4807/5/5 4811/5/5
f 4812/12/5 4808/12/5 4807/12/5
f 4812/12/5 4810/12/5 4809/12/5
f 4813/5/5 4811/5/5 4793/5/5
f 4814/5/5 4811/5/5 4813/5/5
f 4815/5/5 4811/5/5 4814/5/5
f 4816/12/5 4812/12/5 4811/12/5
f 4816/5/5 4811/5/5 4815/5/5
f 4817/5/5 4813/5/5 4793/5/5
f 4817/4/5 4814/4/5 4813/4/5
f 4818/5/5 4815/5/5 4814/5/5
f 4818/4/5 4814/4/5 4817/4/5
f 4819/5/5 4815/5/5 4818/5/5
f 4820/12/5 4816/12/5 4815/12/5
f 4820/5/5 4815/5/5 4819/5/5
f 4821/5/5 4819/5/5 4818/5/5
f 4821/5/5 4818/5/5 4817/5/5
f 4822/12/5 4820/12/5 4819/12/5
f 4822/5/5 4819/5/5 4821/5/5
f 4823/5/5 4821/5/5 4817/5/5
f 4824/12/5 4822/12/5 4821/12/5
f 4824/5/5 4821/5/5 4823/5/5
f 4825/5/5 4823/5/5 4817/5/5
f 4826/12/5 4824/12/5 4823/12/5
f 4826/5/5 4823/5/5 4825/5/5
f 4827/5/5 4825/5/5 4817/5/5
f 4828/12/5 4826/12/5 4825/12/5
f 4828/5/5 4825/5/5 4827/5/5
f 4829/5/5 4827/5/5 4817/5/5
f 4830/5/5 4827/5/5 4829/5/5
f 4831/5/5 4827/5/5 4830/5/5
f 4832/12/5 4828/12/5 4827/12/5
f 4832/5/5 4827/5/5 4831/5/5
f 4833/5/5 4829/5/5 4817/5/5
f 4833/4/5 4830/4/5 4829/4/5
f 4834/5/5 4831/5/5 4830/5/5
f 4834/4/5 4830/4/5 4833/4/5
f 4835/5/5 4831/5/5 4834/5/5
f 4836/12/5 4832/12/5 4831/12/5
f 4836/5/5 4831/5/5 4835/5/5
f 4837/5/5 4835/5/5 4834/5/5
f 4837/5/5 4834/5/5 4833/5/5
f 4838/5/5 4835/5/5 4837/5/5
f 4839/5/5 4835/5/5 4838/5/5
f 4840/12/5 4836/12/5 4835/12/5
f 4840/5/5 4835/5/5 4839/5/5
f 4841/5/5 4817/5/5 4793/5/5
f 4841/5/5 4833/5/5 4817/5/5
f 4841/5/5 4837/5/5 4833/5/5
f 4842/5/5 4837/5/5 4841/5/5
f 4843/2/5 4838/2/5 4837/2/5
f 4843/5/5 4837/5/5 4842/5/5
f 4844/5/5 4839/5/5 4838/5/5
f 4844/2/5 4838/2/5 4843/2/5
f 4845/5/5 4839/5/5 4844/5/5
f 4846/12/5 4840/12/5 4839/12/5
f 4846/5/5 4839/5/5 4845/5/5
f 4847/4/5 4842/4/5 4841/4/5
f 4847/5/5 4841/5/5 4793/5/5
f 4848/5/5 4845/5/5 4844/5/5
f 4848/4/5 4842/4/5 4847/4/5
f 4848/5/5 4843/5/5 4842/5/5
f 4848/5/5 4844/5/5 4843/5/5
f 4849/5/5 4845/5/5 4848/5/5
f 4850/12/5 4846/12/5 4845/12/5
f 4850/5/5 4845/5/5 4849/5/5
f 4851/12/5 4800/12/5 4810/12/5
f 4851/12/5 4846/12/5 4850/12/5
f 4851/12/5 4810/12/5 4812/12/5
f 4851/12/5 4836/12/5 4840/12/5
f 4851/12/5 4840/12/5 4846/12/5
f 4851/12/5 4812/12/5 4816/12/5
f 4851/12/5 4832/12/5 4836/12/5
f 4851/12/5 4828/12/5 4832/12/5
f 4851/12/5 4816/12/5 4820/12/5
f 4851/12/5 4826/12/5 4828/12/5
f 4851/12/5 4824/12/5 4826/12/5
f 4851/12/5 4822/12/5 4824/12/5
f 4851/12/5 4820/12/5 4822/12/5
f 4852/12/5 4800/12/5 4851/12/5
f 4853/5/5 4848/5/5 4847/5/5
f 4853/5/5 4849/5/5 4848/5/5
f 4854/12/5 4850/12/5 4849/12/5
f 4854/5/5 4849/5/5 4853/5/5
f 4854/12/5 4851/12/5 4850/12/5
f 4855/7/5 4852/7/5 4851/7/5
f 4855/12/5 4851/12/5 4854/12/5
f 4856/12/5 4800/12/5 4852/12/5
f 4856/7/5 4852/7/5 4855/7/5
f 4857/5/5 4853/5/5 4847/5/5
f 4858/12/5 4855/12/5 4854/12/5
f 4858/5/5 4853/5/5 4857/5/5
f 4858/12/5 4854/12/5 4853/12/5
f 4858/12/5 4856/12/5 4855/12/5
f 4859/5/5 4857/5/5 4847/5/5
f 4860/12/5 4858/12/5 4857/12/5
f 4860/5/5 4857/5/5 4859/5/5
f 4861/5/5 4859/5/5 4847/5/5
f 4862/12/5 4860/12/5 4859/12/5
f 4862/5/5 4859/5/5 4861/5/5
f 4863/5/5 4861/5/5 4847/5/5
f 4864/12/5 4862/12/5 4861/12/5
f 4864/5/5 4861/5/5 4863/5/5
f 4865/5/5 4863/5/5 4847/5/5
f 4866/12/5 4864/12/5 4863/12/5
f 4866/5/5 4863/5/5 4865/5/5
f 4867/5/5 4865/5/5 4847/5/5
f 4868/12/5 4866/12/5 4865/12/5
f 4868/5/5 4865/5/5 4867/5/5
f 4869/5/5 4867/5/5 4847/5/5
f 4870/12/5 4868/12/5 4867/12/5
f 4870/5/5 4867/5/5 4869/5/5
f 4871/5/5 4869/5/5 4847/5/5
f 4872/5/5 4869/5/5 4871/5/5
f 4873/5/5 4869/5/5 4872/5/5
f 4874/12/5 4870/12/5 4869/12/5
f 4874/5/5 4869/5/5 4873/5/5
f 4875/5/5 4873/5/5 4872/5/5
f 4876/5/5 4873/5/5 4875/5/5
f 4877/5/5 4873/5/5 4876/5/5
f 4878/12/5 4874/12/5 4873/12/5
f 4878/5/5 4873/5/5 4877/5/5
f 4879/5/5 4871/5/5 4847/5/5
f 4879/1/5 4872/1/5 4871/1/5
f 4880/5/5 4875/5/5 4872/5/5
f 4880/1/5 4872/1/5 4879/1/5
f 4881/2/5 4876/2/5 4875/2/5
f 4881/5/5 4875/5/5 4880/5/5
f 4882/5/5 4877/5/5 4876/5/5
f 4882/2/5 4876/2/5 4881/2/5
f 4883/5/5 4877/5/5 4882/5/5
f 4884/12/5 4878/12/5 4877/12/5
f 4884/5/5 4877/5/5 4883/5/5
f 4885/5/5 4883/5/5 4882/5/5
f 4885/5/5 4881/5/5 4880/5/5
f 4885/5/5 4880/5/5 4879/5/5
f 4885/5/5 4882/5/5 4881/5/5
f 4886/12/5 4884/12/5 4883/12/5
f 4886/5/5 4883/5/5 4885/5/5
f 4887/5/5 4885/5/5 4879/5/5
f 4888/12/5 4886/12/5 4885/12/5
f 4888/5/5 4885/5/5 4887/5/5
f 4889/5/5 4887/5/5 4879/5/5
f 4890/12/5 4888/12/5 4887/12/5
f 4890/5/5 4887/5/5 4889/5/5
f 4891/5/5 4889/5/5 4879/5/5
f 4892/12/5 4890/12/5 4889/12/5
f 4892/5/5 4889/5/5 4891/5/5
f 4893/12/5 4800/12/5 4856/12/5
f 4893/12/5 4890/12/5 4892/12/5
f 4893/12/5 4856/12/5 4858/12/5
f 4893/12/5 4858/12/5 4860/12/5
f 4893/12/5 4888/12/5 4890/12/5
f 4893/12/5 4886/12/5 4888/12/5
f 4893/12/5 4860/12/5 4862/12/5
f 4893/12/5 4884/12/5 4886/12/5
f 4893/12/5 4878/12/5 4884/12/5
f 4893/12/5 4874/12/5 4878/12/5
f 4893/12/5 4870/12/5 4874/12/5
f 4893/12/5 4868/12/5 4870/12/5
f 4893/12/5 4866/12/5 4868/12/5
f 4893/12/5 4864/12/5 4866/12/5
f 4893/12/5 4862/12/5 4864/12/5
f 4894/12/5 4800/12/5 4893/12/5
f 4895/5/5 4891/5/5 4879/5/5
f 4896/12/5 4892/12/5 4891/12/5
f 4896/5/5 4891/5/5 4895/5/5
f 4896/12/5 4893/12/5 4892/12/5
f 4897/9/5 4894/9/5 4893/9/5
f 4897/12/5 4893/12/5 4896/12/5
f 4898/9/5 4894/9/5 4897/9/5
f 4899/5/5 4895/5/5 4879/5/5
f 4900/12/5 4896/12/5 4895/12/5
f 4900/5/5 4895/5/5 4899/5/5
f 4900/12/5 4897/12/5 4896/12/5
f 4900/12/5 4898/12/5 4897/12/5
f 4901/5/5 4899/5/5 4879/5/5
f 4902/5/5 4899/5/5 4901/5/5
f 4903/5/5 4899/5/5 4902/5/5
f 4904/12/5 4900/12/5 4899/12/5
f 4904/5/5 4899/5/5 4903/5/5
f 4905/12/5 4898/12/5 4900/12/5
f 4905/12/5 4900/12/5 4904/12/5
f 4906/12/5 4898/12/5 4905/12/5
f 4907/5/5 4903/5/5 4902/5/5
f 4908/12/5 4904/12/5 4903/12/5
f 4908/5/5 4903/5/5 4907/5/5
f 4908/12/5 4905/12/5 4904/12/5
f 4909/7/5 4906/7/5 4905/7/5
f 4909/12/5 4905/12/5 4908/12/5
f 4910/12/5 4898/12/5 4906/12/5
f 4910/7/5 4906/7/5 4909/7/5
f 4911/12/5 4898/12/5 4910/12/5
f 4912/12/5 4898/12/5 4911/12/5
f 4913/5/5 4901/5/5 4879/5/5
f 4913/1/5 4902/1/5 4901/1/5
f 4914/5/5 4907/5/5 4902/5/5
f 4914/1/5 4902/1/5 4913/1/5
f 4915/12/5 4909/12/5 4908/12/5
f 4915/9/5 4912/9/5 4911/9/5
f 4915/12/5 4908/12/5 4907/12/5
f 4915/12/5 4911/12/5 4910/12/5
f 4915/12/5 4910/12/5 4909/12/5
f 4916/12/5 4898/12/5 4912/12/5
f 4916/9/5 4912/9/5 4915/9/5
f 4917/5/5 4907/5/5 4914/5/5
f 4917/5/5 4914/5/5 4913/5/5
f 4918/12/5 4915/12/5 4907/12/5
f 4918/5/5 4907/5/5 4917/5/5
f 4918/12/5 4916/12/5 4915/12/5
f 4919/5/5 4917/5/5 4913/5/5
f 4920/12/5 4918/12/5 4917/12/5
f 4920/5/5 4917/5/5 4919/5/5
f 4921/5/5 4847/5/5 4793/5/5
f 4921/5/5 4879/5/5 4847/5/5
f 4921/5/5 4913/5/5 4879/5/5
f 4921/5/5 4919/5/5 4913/5/5
f 4922/5/5 4919/5/5 4921/5/5
f 4923/5/5 4919/5/5 4922/5/5
f 4924/12/5 4920/12/5 4919/12/5
f 4924/5/5 4919/5/5 4923/5/5
f 4925/5/5 4921/5/5 4793/5/5
f 4925/4/5 4922/4/5 4921/4/5
f 4926/5/5 4923/5/5 4922/5/5
f 4926/4/5 4922/4/5 4925/4/5
f 4927/5/5 4923/5/5 4926/5/5
f 4928/12/5 4924/12/5 4923/12/5
f 4928/5/5 4923/5/5 4927/5/5
f 4929/5/5 4927/5/5 4926/5/5
f 4929/5/5 4926/5/5 4925/5/5
f 4930/12/5 4928/12/5 4927/12/5
f 4930/5/5 4927/5/5 4929/5/5
f 4931/5/5 4929/5/5 4925/5/5
f 4932/12/5 4930/12/5 4929/12/5
f 4932/5/5 4929/5/5 4931/5/5
f 4933/5/5 4931/5/5 4925/5/5
f 4934/5/5 4931/5/5 4933/5/5
f 4935/5/5 4933/5/5 4925/5/5
f 4935/4/5 4934/4/5 4933/4/5
f 4936/5/5 4931/5/5 4934/5/5
f 4936/4/5 4934/4/5 4935/4/5
f 4937/5/5 4931/5/5 4936/5/5
f 4938/12/5 4932/12/5 4931/12/5
f 4938/5/5 4931/5/5 4937/5/5
f 4939/5/5 4937/5/5 4936/5/5
f 4939/5/5 4936/5/5 4935/5/5
f 4940/12/5 4938/12/5 4937/12/5
f 4940/5/5 4937/5/5 4939/5/5
f 4941/12/5 4918/12/5 4920/12/5
f 4941/12/5 4938/12/5 4940/12/5
f 4941/12/5 4916/12/5 4918/12/5
f 4941/12/5 4920/12/5 4924/12/5
f 4941/12/5 4924/12/5 4928/12/5
f 4941/12/5 4932/12/5 4938/12/5
f 4941/12/5 4930/12/5 4932/12/5
f 4941/12/5 4928/12/5 4930/12/5
f 4942/12/5 4916/12/5 4941/12/5
f 4943/5/5 4939/5/5 4935/5/5
f 4943/5/5 4935/5/5 4925/5/5
f 4944/5/5 4939/5/5 4943/5/5
f 4945/5/5 4939/5/5 4944/5/5
f 4946/12/5 4940/12/5 4939/12/5
f 4946/5/5 4939/5/5 4945/5/5
f 4946/12/5 4941/12/5 4940/12/5
f 4947/9/5 4942/9/5 4941/9/5
f 4947/12/5 4941/12/5 4946/12/5
f 4948/12/5 4916/12/5 4942/12/5
f 4948/9/5 4942/9/5 4947/9/5
f 4949/3/5 4944/3/5 4943/3/5
f 4949/5/5 4943/5/5 4925/5/5
f 4950/5/5 4945/5/5 4944/5/5
f 4950/3/5 4944/3/5 4949/3/5
f 4951/5/5 4945/5/5 4950/5/5
f 4952/5/5 4945/5/5 4951/5/5
f 4953/5/5 4945/5/5 4952/5/5
f 4954/12/5 4947/12/5 4946/12/5
f 4954/5/5 4945/5/5 4953/5/5
f 4954/12/5 4946/12/5 4945/12/5
f 4954/12/5 4948/12/5 4947/12/5
f 4955/12/5 4952/12/5 4951/12/5
f 4955/5/5 4951/5/5 4950/5/5
f 4955/5/5 4950/5/5 4949/5/5
f 4956/5/5 4953/5/5 4952/5/5
f 4956/12/5 4952/12/5 4955/12/5
f 4957/12/5 4948/12/5 4954/12/5
f 4957/12/5 4916/12/5 4948/12/5
f 4957/12/5 4954/12/5 4953/12/5
f 4958/12/5 4916/12/5 4957/12/5
f 4959/5/5 4949/5/5 4925/5/5
f 4959/5/5 4955/5/5 4949/5/5
f 4959/5/5 4956/5/5 4955/5/5
f 4960/5/5 4956/5/5 4959/5/5
f 4961/5/5 4953/5/5 4956/5/5
f 4961/5/5 4956/5/5 4960/5/5
f 4962/12/5 4957/12/5 4953/12/5
f 4962/5/5 4953/5/5 4961/5/5
f 4963/11/5 4958/11/5 4957/11/5
f 4963/12/5 4957/12/5 4962/12/5
f 4964/12/5 4916/12/5 4958/12/5
f 4964/11/5 4958/11/5 4963/11/5
f 4965/2/5 4960/2/5 4959/2/5
f 4965/5/5 4959/5/5 4925/5/5
f 4966/5/5 4961/5/5 4960/5/5
f 4966/2/5 4960/2/5 4965/2/5
f 4967/5/5 4966/5/5 4965/5/5
f 4967/5/5 4961/5/5 4966/5/5
f 4968/5/5 4961/5/5 4967/5/5
f 4969/5/5 4961/5/5 4968/5/5
f 4970/5/5 4961/5/5 4969/5/5
f 4971/5/5 4967/5/5 4965/5/5
f 4971/12/5 4968/12/5 4967/12/5
f 4972/5/5 4969/5/5 4968/5/5
f 4972/12/5 4968/12/5 4971/12/5
f 4973/12/5 4970/12/5 4969/12/5
f 4973/5/5 4969/5/5 4972/5/5
f 4974/5/5 4961/5/5 4970/5/5
f 4974/12/5 4970/12/5 4973/12/5
f 4975/5/5 4961/5/5 4974/5/5
f 4976/12/5 4963/12/5 4962/12/5
f 4976/5/5 4961/5/5 4975/5/5
f 4976/12/5 4962/12/5 4961/12/5
f 4976/12/5 4964/12/5 4963/12/5
f 4977/12/5 4964/12/5 4976/12/5
f 4978/5/5 4974/5/5 4973/5/5
f 4978/5/5 4973/5/5 4972/5/5
f 4978/5/5 4972/5/5 4971/5/5
f 4979/5/5 4974/5/5 4978/5/5
f 4980/5/5 4974/5/5 4979/5/5
f 4981/12/5 4975/12/5 4974/12/5
f 4981/5/5 4974/5/5 4980/5/5
f 4982/5/5 4977/5/5 4976/5/5
f 4982/12/5 4975/12/5 4981/12/5
f 4982/5/5 4976/5/5 4975/5/5
f 4983/12/5 4964/12/5 4977/12/5
f 4983/5/5 4977/5/5 4982/5/5
f 4984/12/5 4964/12/5 4983/12/5
f 4985/12/5 4964/12/5 4984/12/5
f 4986/12/5 4964/12/5 4985/12/5
f 4987/5/5 4965/5/5 4925/5/5
f 4987/5/5 4971/5/5 4965/5/5
f 4987/5/5 4978/5/5 4971/5/5
f 4988/5/5 4978/5/5 4987/5/5
f 4989/12/5 4979/12/5 4978/12/5
f 4989/5/5 4978/5/5 4988/5/5
f 4990/5/5 4980/5/5 4979/5/5
f 4990/12/5 4979/12/5 4989/12/5
f 4991/12/5 4981/12/5 4980/12/5
f 4991/5/5 4980/5/5 4990/5/5
f 4992/5/5 4982/5/5 4981/5/5
f 4992/12/5 4981/12/5 4991/12/5
f 4993/12/5 4983/12/5 4982/12/5
f 4993/5/5 4982/5/5 4992/5/5
f 4994/12/5 4983/12/5 4993/12/5
f 4995/5/5 4984/5/5 4983/5/5
f 4995/12/5 4983/12/5 4994/12/5
f 4996/12/5 4985/12/5 4984/12/5
f 4996/5/5 4984/5/5 4995/5/5
f 4997/12/5 4985/12/5 4996/12/5
f 4998/12/5 4985/12/5 4997/12/5
f 4999/8/5 4986/8/5 4985/8/5
f 4999/12/5 4985/12/5 4998/12/5
f 5000/12/5 4964/12/5 4986/12/5
f 5000/8/5 4986/8/5 4999/8/5
f 5001/12/5 4988/12/5 4987/12/5
f 5001/5/5 4987/5/5 4925/5/5
f 5002/5/5 4989/5/5 4988/5/5
f 5002/12/5 4988/12/5 5001/12/5
f 5002/5/5 4991/5/5 4990/5/5
f 5002/5/5 4990/5/5 4989/5/5
f 5002/5/5 4992/5/5 4991/5/5
f 5002/5/5 4993/5/5 4992/5/5
f 5002/5/5 4994/5/5 4993/5/5
f 5003/5/5 4994/5/5 5002/5/5
f 5004/5/5 4994/5/5 5003/5/5
f 5005/5/5 4994/5/5 5004/5/5
f 5006/12/5 4997/12/5 4996/12/5
f 5006/5/5 4994/5/5 5005/5/5
f 5006/12/5 4996/12/5 4995/12/5
f 5006/12/5 4995/12/5 4994/12/5
f 5007/12/5 4997/12/5 5006/12/5
f 5008/5/5 4998/5/5 4997/5/5
f 5008/12/5 4997/12/5 5007/12/5
f 5009/12/5 4999/12/5 4998/12/5
f 5009/5/5 4998/5/5 5008/5/5
f 5009/12/5 5000/12/5 4999/12/5
f 5010/12/5 5004/12/5 5003/12/5
f 5010/5/5 5003/5/5 5002/5/5
f 5010/5/5 5002/5/5 5001/5/5
f 5011/5/5 5005/5/5 5004/5/5
f 5011/12/5 5004/12/5 5010/12/5
f 5012/5/5 5005/5/5 5011/5/5
f 5013/5/5 5005/5/5 5012/5/5
f 5014/5/5 5005/5/5 5013/5/5
f 5015/12/5 5006/12/5 5005/12/5
f 5016/5/5 5007/5/5 5006/5/5
f 5016/12/5 5006/12/5 5015/12/5
f 5017/12/5 5008/12/5 5007/12/5
f 5017/5/5 5007/5/5 5016/5/5
f 5017/12/5 5009/12/5 5008/12/5
f 5018/12/5 5009/12/5 5017/12/5
f 5019/12/5 5009/12/5 5018/12/5
f 5020/12/5 5000/12/5 5009/12/5
f 5020/12/5 5009/12/5 5019/12/5
f 5021/12/5 5000/12/5 5020/12/5
f 5022/12/5 4964/12/5 5000/12/5
f 5022/12/5 5000/12/5 5021/12/5
f 5023/12/5 4964/12/5 5022/12/5
f 5024/5/5 5011/5/5 5010/5/5
f 5024/12/5 5012/12/5 5011/12/5
f 5025/5/5 5013/5/5 5012/5/5
f 5025/12/5 5012/12/5 5024/12/5
f 5026/5/5 5013/5/5 5025/5/5
f 5027/5/5 5005/5/5 5014/5/5
f 5028/12/5 5015/12/5 5005/12/5
f 5028/5/5 5005/5/5 5027/5/5
f 5029/5/5 5016/5/5 5015/5/5
f 5029/12/5 5015/12/5 5028/12/5
f 5030/12/5 5017/12/5 5016/12/5
f 5030/5/5 5016/5/5 5029/5/5
f 5030/12/5 5018/12/5 5017/12/5
f 5031/5/5 5019/5/5 5018/5/5
f 5031/12/5 5018/12/5 5030/12/5
f 5032/12/5 5020/12/5 5019/12/5
f 5032/5/5 5019/5/5 5031/5/5
f 5033/9/5 5021/9/5 5020/9/5
f 5033/12/5 5020/12/5 5032/12/5
f 5034/12/5 5022/12/5 5021/12/5
f 5034/9/5 5021/9/5 5033/9/5
f 5035/12/5 5022/12/5 5034/12/5
f 5036/12/5 5022/12/5 5035/12/5
f 5037/12/5 5022/12/5 5036/12/5
f 5038/12/5 5022/12/5 5037/12/5
f 5039/6/5 5023/6/5 5022/6/5
f 5039/12/5 5022/12/5 5038/12/5
f 5040/12/5 4964/12/5 5023/12/5
f 5040/6/5 5023/6/5 5039/6/5
f 5041/5/5 5010/5/5 5001/5/5
f 5041/5/5 5024/5/5 5010/5/5
f 5041/5/5 5025/5/5 5024/5/5
f 5042/5/5 5025/5/5 5041/5/5
f 5043/12/5 5026/12/5 5025/12/5
f 5043/5/5 5025/5/5 5042/5/5
f 5044/5/5 5013/5/5 5026/5/5
f 5044/12/5 5026/12/5 5043/12/5
f 5045/12/5 5028/12/5 5027/12/5
f 5045/5/5 5029/5/5 5028/5/5
f 5046/12/5 5030/12/5 5029/12/5
f 5046/5/5 5029/5/5 5045/5/5
f 5046/12/5 5032/12/5 5031/12/5
f 5046/12/5 5031/12/5 5030/12/5
f 5046/12/5 5033/12/5 5032/12/5
f 5046/12/5 5035/12/5 5034/12/5
f 5046/12/5 5034/12/5 5033/12/5
f 5047/12/5 5035/12/5 5046/12/5
f 5048/12/5 5035/12/5 5047/12/5
f 5049/6/5 5036/6/5 5035/6/5
f 5049/12/5 5035/12/5 5048/12/5
f 5050/12/5 5037/12/5 5036/12/5
f 5050/6/5 5036/6/5 5049/6/5
f 5051/9/5 5038/9/5 5037/9/5
f 5051/12/5 5037/12/5 5050/12/5
f 5052/12/5 5039/12/5 5038/12/5
f 5052/9/5 5038/9/5 5051/9/5
f 5052/12/5 5040/12/5 5039/12/5
f 5053/12/5 4964/12/5 5040/12/5
f 5053/12/5 5040/12/5 5052/12/5
f 5054/12/5 4964/12/5 5053/12/5
f 5055/12/5 4916/12/5 4964/12/5
f 5055/12/5 4964/12/5 5054/12/5
f 5056/12/5 4898/12/5 4916/12/5
f 5056/12/5 4916/12/5 5055/12/5
f 5057/12/5 4898/12/5 5056/12/5
f 5058/12/5 4898/12/5 5057/12/5
f 5059/5/5 5041/5/5 5001/5/5
f 5060/5/5 5041/5/5 5059/5/5
f 5061/12/5 5042/12/5 5041/12/5
f 5061/5/5 5041/5/5 5060/5/5
f 5062/5/5 5043/5/5 5042/5/5
f 5062/12/5 5042/12/5 5061/12/5
f 5062/5/5 5044/5/5 5043/5/5
f 5063/5/5 5044/5/5 5062/5/5
f 5064/5/5 5013/5/5 5044/5/5
f 5064/5/5 5044/5/5 5063/5/5
f 5065/12/5 5014/12/5 5013/12/5
f 5065/5/5 5013/5/5 5064/5/5
f 5066/5/5 5027/5/5 5014/5/5
f 5066/12/5 5014/12/5 5065/12/5
f 5067/12/5 5045/12/5 5027/12/5
f 5067/5/5 5027/5/5 5066/5/5
f 5067/12/5 5047/12/5 5046/12/5
f 5067/12/5 5046/12/5 5045/12/5
f 5068/12/5 5047/12/5 5067/12/5
f 5069/12/5 5047/12/5 5068/12/5
f 5070/5/5 5048/5/5 5047/5/5
f 5070/12/5 5047/12/5 5069/12/5
f 5071/12/5 5052/12/5 5051/12/5
f 5071/5/5 5048/5/5 5070/5/5
f 5071/12/5 5051/12/5 5050/12/5
f 5071/12/5 5050/12/5 5049/12/5
f 5071/12/5 5049/12/5 5048/12/5
f 5071/12/5 5053/12/5 5052/12/5
f 5072/10/5 5054/10/5 5053/10/5
f 5072/12/5 5053/12/5 5071/12/5
f 5073/12/5 5055/12/5 5054/12/5
f 5073/10/5 5054/10/5 5072/10/5
f 5074/12/5 5055/12/5 5073/12/5
f 5075/12/5 5055/12/5 5074/12/5
f 5076/7/5 5056/7/5 5055/7/5
f 5076/12/5 5055/12/5 5075/12/5
f 5077/12/5 5057/12/5 5056/12/5
f 5077/7/5 5056/7/5 5076/7/5
f 5078/10/5 5058/10/5 5057/10/5
f 5078/12/5 5057/12/5 5077/12/5
f 5079/10/5 5058/10/5 5078/10/5
f 5080/5/5 5063/5/5 5062/5/5
f 5080/3/5 5064/3/5 5063/3/5
f 5080/5/5 5061/5/5 5060/5/5
f 5080/5/5 5062/5/5 5061/5/5
f 5081/5/5 5065/5/5 5064/5/5
f 5081/3/5 5064/3/5 5080/3/5
f 5081/5/5 5066/5/5 5065/5/5
f 5082/5/5 5066/5/5 5081/5/5
f 5083/5/5 5066/5/5 5082/5/5
f 5084/12/5 5068/12/5 5067/12/5
f 5084/5/5 5066/5/5 5083/5/5
f 5084/12/5 5067/12/5 5066/12/5
f 5085/5/5 5069/5/5 5068/5/5
f 5085/12/5 5068/12/5 5084/12/5
f 5086/5/5 5069/5/5 5085/5/5
f 5087/12/5 5070/12/5 5069/12/5
f 5088/12/5 5070/12/5 5087/12/5
f 5089/6/5 5071/6/5 5070/6/5
f 5089/12/5 5070/12/5 5088/12/5
f 5090/12/5 5072/12/5 5071/12/5
f 5090/6/5 5071/6/5 5089/6/5
f 5090/12/5 5073/12/5 5072/12/5
f 5090/12/5 5074/12/5 5073/12/5
f 5091/9/5 5075/9/5 5074/9/5
f 5091/12/5 5074/12/5 5090/12/5
f 5092/12/5 5079/12/5 5078/12/5
f 5092/9/5 5075/9/5 5091/9/5
f 5092/12/5 5078/12/5 5077/12/5
f 5092/12/5 5076/12/5 5075/12/5
f 5092/12/5 5077/12/5 5076/12/5
f 5093/5/5 5059/5/5 5001/5/5
f 5094/5/5 5059/5/5 5093/5/5
f 5095/12/5 5060/12/5 5059/12/5
f 5095/5/5 5059/5/5 5094/5/5
f 5096/5/5 5080/5/5 5060/5/5
f 5096/12/5 5060/12/5 5095/12/5
f 5096/5/5 5082/5/5 5081/5/5
f 5096/5/5 5081/5/5 5080/5/5
f 5097/5/5 5085/5/5 5084/5/5
f 5097/5/5 5084/5/5 5083/5/5
f 5098/12/5 5086/12/5 5085/12/5
f 5098/5/5 5085/5/5 5097/5/5
f 5099/5/5 5069/5/5 5086/5/5
f 5099/12/5 5086/12/5 5098/12/5
f 5100/12/5 5087/12/5 5069/12/5
f 5100/5/5 5069/5/5 5099/5/5
f 5101/12/5 5087/12/5 5100/12/5
f 5102/5/5 5088/5/5 5087/5/5
f 5102/12/5 5087/12/5 5101/12/5
f 5103/12/5 5089/12/5 5088/12/5
f 5103/5/5 5088/5/5 5102/5/5
f 5103/12/5 5091/12/5 5090/12/5
f 5103/12/5 5092/12/5 5091/12/5
f 5103/12/5 5090/12/5 5089/12/5
f 5104/5/5 5001/5/5 4925/5/5
f 5104/5/5 4925/5/5 4793/5/5
f 5104/5/5 5093/5/5 5001/5/5
f 5105/5/5 5093/5/5 5104/5/5
f 5106/5/5 5095/5/5 5094/5/5
f 5106/5/5 5082/5/5 5096/5/5
f 5106/5/5 5096/5/5 5095/5/5
f 5107/5/5 5082/5/5 5106/5/5
f 5108/5/5 5082/5/5 5107/5/5
f 5109/5/5 5082/5/5 5108/5/5
f 5110/12/5 5083/12/5 5082/12/5
f 5110/5/5 5082/5/5 5109/5/5
f 5111/5/5 5097/5/5 5083/5/5
f 5111/12/5 5083/12/5 5110/12/5
f 5112/12/5 5098/12/5 5097/12/5
f 5112/5/5 5097/5/5 5111/5/5
f 5113/12/5 5098/12/5 5112/12/5
f 5114/12/5 5092/12/5 5103/12/5
f 5114/12/5 5103/12/5 5102/12/5
f 5114/12/5 5102/12/5 5101/12/5
f 5115/12/5 5092/12/5 5114/12/5
f 5116/12/5 5092/12/5 5115/12/5
f 5117/12/5 5092/12/5 5116/12/5
f 5118/5/5 5093/5/5 5105/5/5
f 5118/12/5 5094/12/5 5093/12/5
f 5119/5/5 5106/5/5 5094/5/5
f 5119/12/5 5094/12/5 5118/12/5
f 5120/12/5 5109/12/5 5108/12/5
f 5120/5/5 5108/5/5 5107/5/5
f 5121/5/5 5111/5/5 5110/5/5
f 5121/12/5 5109/12/5 5120/12/5
f 5121/5/5 5110/5/5 5109/5/5
f 5122/5/5 5113/5/5 5112/5/5
f 5122/12/5 5112/12/5 5111/12/5
f 5123/12/5 5098/12/5 5113/12/5
f 5123/5/5 5113/5/5 5122/5/5
f 5124/5/5 5099/5/5 5098/5/5
f 5124/12/5 5098/12/5 5123/12/5
f 5125/12/5 5100/12/5 5099/12/5
f 5125/5/5 5099/5/5 5124/5/5
f 5126/5/5 5101/5/5 5100/5/5
f 5126/12/5 5100/12/5 5125/12/5
f 5127/12/5 5114/12/5 5101/12/5
f 5127/5/5 5101/5/5 5126/5/5
f 5128/12/5 5114/12/5 5127/12/5
f 5129/12/5 5114/12/5 5128/12/5
f 5130/11/5 5115/11/5 5114/11/5
f 5130/12/5 5114/12/5 5129/12/5
f 5131/11/5 5115/11/5 5130/11/5
f 5132/12/5 5116/12/5 5115/12/5
f 5132/11/5 5115/11/5 5131/11/5
f 5133/12/5 5116/12/5 5132/12/5
f 5134/11/5 5117/11/5 5116/11/5
f 5134/12/5 5116/12/5 5133/12/5
f 5135/12/5 5092/12/5 5117/12/5
f 5135/11/5 5117/11/5 5134/11/5
f 5136/4/5 5105/4/5 5104/4/5
f 5136/5/5 5104/5/5 4793/5/5
f 5137/5/5 5118/5/5 5105/5/5
f 5137/4/5 5105/4/5 5136/4/5
f 5137/5/5 5119/5/5 5118/5/5
f 5138/5/5 5106/5/5 5119/5/5
f 5138/5/5 5119/5/5 5137/5/5
f 5139/5/5 5106/5/5 5138/5/5
f 5140/12/5 5107/12/5 5106/12/5
f 5140/5/5 5106/5/5 5139/5/5
f 5141/5/5 5120/5/5 5107/5/5
f 5141/12/5 5107/12/5 5140/12/5
f 5141/5/5 5121/5/5 5120/5/5
f 5142/5/5 5121/5/5 5141/5/5
f 5143/5/5 5111/5/5 5121/5/5
f 5143/5/5 5121/5/5 5142/5/5
f 5144/5/5 5111/5/5 5143/5/5
f 5145/5/5 5111/5/5 5144/5/5
f 5146/12/5 5122/12/5 5111/12/5
f 5146/12/5 5125/12/5 5124/12/5
f 5146/12/5 5123/12/5 5122/12/5
f 5146/12/5 5124/12/5 5123/12/5
f 5146/12/5 5126/12/5 5125/12/5
f 5146/12/5 5127/12/5 5126/12/5
f 5146/12/5 5128/12/5 5127/12/5
f 5147/12/5 5128/12/5 5146/12/5
f 5148/5/5 5129/5/5 5128/5/5
f 5148/12/5 5128/12/5 5147/12/5
f 5149/12/5 5131/12/5 5130/12/5
f 5149/5/5 5129/5/5 5148/5/5
f 5149/12/5 5130/12/5 5129/12/5
f 5150/11/5 5132/11/5 5131/11/5
f 5150/12/5 5131/12/5 5149/12/5
f 5151/9/5 5133/9/5 5132/9/5
f 5151/11/5 5132/11/5 5150/11/5
f 5152/12/5 5134/12/5 5133/12/5
f 5152/9/5 5133/9/5 5151/9/5
f 5152/12/5 5135/12/5 5134/12/5
f 5153/12/5 5135/12/5 5152/12/5
f 5154/12/5 5135/12/5 5153/12/5
f 5155/12/5 5092/12/5 5135/12/5
f 5155/12/5 5135/12/5 5154/12/5
f 5156/12/5 5092/12/5 5155/12/5
f 5157/5/5 5138/5/5 5137/5/5
f 5157/5/5 5137/5/5 5136/5/5
f 5157/4/5 5139/4/5 5138/4/5
f 5158/5/5 5142/5/5 5141/5/5
f 5158/4/5 5139/4/5 5157/4/5
f 5158/5/5 5140/5/5 5139/5/5
f 5158/5/5 5141/5/5 5140/5/5
f 5159/5/5 5142/5/5 5158/5/5
f 5160/5/5 5142/5/5 5159/5/5
f 5161/5/5 5142/5/5 5160/5/5
f 5162/12/5 5143/12/5 5142/12/5
f 5162/5/5 5142/5/5 5161/5/5
f 5163/9/5 5144/9/5 5143/9/5
f 5163/12/5 5143/12/5 5162/12/5
f 5164/12/5 5145/12/5 5144/12/5
f 5164/9/5 5144/9/5 5163/9/5
f 5165/5/5 5111/5/5 5145/5/5
f 5165/12/5 5145/12/5 5164/12/5
f 5166/12/5 5146/12/5 5111/12/5
f 5166/5/5 5111/5/5 5165/5/5
f 5167/5/5 5147/5/5 5146/5/5
f 5167/12/5 5146/12/5 5166/12/5
f 5168/12/5 5153/12/5 5152/12/5
f 5168/12/5 5151/12/5 5150/12/5
f 5168/10/5 5154/10/5 5153/10/5
f 5168/12/5 5148/12/5 5147/12/5
f 5168/12/5 5150/12/5 5149/12/5
f 5168/12/5 5149/12/5 5148/12/5
f 5168/12/5 5152/12/5 5151/12/5
f 5169/12/5 5155/12/5 5154/12/5
f 5169/10/5 5154/10/5 5168/10/5
f 5170/11/5 5156/11/5 5155/11/5
f 5170/12/5 5155/12/5 5169/12/5
f 5171/12/5 5092/12/5 5156/12/5
f 5171/11/5 5156/11/5 5170/11/5
f 5172/5/5 5157/5/5 5136/5/5
f 5172/5/5 5159/5/5 5158/5/5
f 5172/5/5 5158/5/5 5157/5/5
f 5173/5/5 5159/5/5 5172/5/5
f 5174/5/5 5159/5/5 5173/5/5
f 5175/5/5 5159/5/5 5174/5/5
f 5176/5/5 5159/5/5 5175/5/5
f 5177/5/5 5159/5/5 5176/5/5
f 5178/12/5 5160/12/5 5159/12/5
f 5178/5/5 5159/5/5 5177/5/5
f 5179/5/5 5161/5/5 5160/5/5
f 5179/12/5 5160/12/5 5178/12/5
f 5180/12/5 5163/12/5 5162/12/5
f 5180/5/5 5161/5/5 5179/5/5
f 5180/12/5 5162/12/5 5161/12/5
f 5181/5/5 5164/5/5 5163/5/5
f 5181/12/5 5163/12/5 5180/12/5
f 5181/5/5 5165/5/5 5164/5/5
f 5182/5/5 5147/5/5 5167/5/5
f 5182/5/5 5167/5/5 5166/5/5
f 5183/12/5 5170/12/5 5169/12/5
f 5183/5/5 5147/5/5 5182/5/5
f 5183/12/5 5169/12/5 5168/12/5
f 5183/12/5 5171/12/5 5170/12/5
f 5183/12/5 5168/12/5 5147/12/5
f 5184/12/5 5171/12/5 5183/12/5
f 5185/12/5 5171/12/5 5184/12/5
f 5186/12/5 5171/12/5 5185/12/5
f 5187/12/5 5171/12/5 5186/12/5
f 5188/1/5 5173/1/5 5172/1/5
f 5188/5/5 5172/5/5 5136/5/5
f 5189/5/5 5174/5/5 5173/5/5
f 5189/1/5 5173/1/5 5188/1/5
f 5190/4/5 5175/4/5 5174/4/5
f 5190/5/5 5174/5/5 5189/5/5
f 5191/5/5 5176/5/5 5175/5/5
f 5191/4/5 5175/4/5 5190/4/5
f 5192/5/5 5176/5/5 5191/5/5
f 5193/5/5 5176/5/5 5192/5/5
f 5194/12/5 5177/12/5 5176/12/5
f 5194/5/5 5176/5/5 5193/5/5
f 5195/5/5 5180/5/5 5179/5/5
f 5195/12/5 5177/12/5 5194/12/5
f 5195/5/5 5179/5/5 5178/5/5
f 5195/5/5 5181/5/5 5180/5/5
f 5195/5/5 5178/5/5 5177/5/5
f 5196/5/5 5181/5/5 5195/5/5
f 5197/5/5 5181/5/5 5196/5/5
f 5198/5/5 5181/5/5 5197/5/5
f 5199/5/5 5165/5/5 5181/5/5
f 5199/5/5 5181/5/5 5198/5/5
f 5200/12/5 5166/12/5 5165/12/5
f 5200/5/5 5165/5/5 5199/5/5
f 5201/5/5 5182/5/5 5166/5/5
f 5201/12/5 5166/12/5 5200/12/5
f 5202/12/5 5183/12/5 5182/12/5
f 5202/5/5 5182/5/5 5201/5/5
f 5202/12/5 5184/12/5 5183/12/5
f 5203/12/5 5184/12/5 5202/12/5
f 5204/5/5 5185/5/5 5184/5/5
f 5204/12/5 5184/12/5 5203/12/5
f 5205/12/5 5186/12/5 5185/12/5
f 5205/5/5 5185/5/5 5204/5/5
f 5206/12/5 5171/12/5 5187/12/5
f 5207/12/5 5171/12/5 5206/12/5
f 5208/5/5 5188/5/5 5136/5/5
f 5208/3/5 5189/3/5 5188/3/5
f 5209/5/5 5192/5/5 5191/5/5
f 5209/3/5 5189/3/5 5208/3/5
f 5209/5/5 5191/5/5 5190/5/5
f 5209/5/5 5190/5/5 5189/5/5
f 5210/12/5 5193/12/5 5192/12/5
f 5210/5/5 5192/5/5 5209/5/5
f 5211/5/5 5194/5/5 5193/5/5
f 5211/12/5 5193/12/5 5210/12/5
f 5211/5/5 5195/5/5 5194/5/5
f 5212/12/5 5196/12/5 5195/12/5
f 5212/5/5 5195/5/5 5211/5/5
f 5213/5/5 5197/5/5 5196/5/5
f 5213/12/5 5196/12/5 5212/12/5
f 5214/5/5 5197/5/5 5213/5/5
f 5215/5/5 5197/5/5 5214/5/5
f 5216/5/5 5197/5/5 5215/5/5
f 5217/12/5 5198/12/5 5197/12/5
f 5217/5/5 5197/5/5 5216/5/5
f 5218/5/5 5199/5/5 5198/5/5
f 5218/12/5 5198/12/5 5217/12/5
f 5219/12/5 5205/12/5 5204/12/5
f 5219/12/5 5204/12/5 5203/12/5
f 5219/12/5 5186/12/5 5205/12/5
f 5219/5/5 5187/5/5 5186/5/5
f 5220/12/5 5206/12/5 5187/12/5
f 5220/5/5 5187/5/5 5219/5/5
f 5221/7/5 5207/7/5 5206/7/5
f 5221/12/5 5206/12/5 5220/12/5
f 5222/12/5 5171/12/5 5207/12/5
f 5222/7/5 5207/7/5 5221/7/5
f 5223/12/5 5171/12/5 5222/12/5
f 5224/12/5 5171/12/5 5223/12/5
f 5225/5/5 5210/5/5 5209/5/5
f 5225/5/5 5209/5/5 5208/5/5
f 5225/12/5 5214/12/5 5213/12/5
f 5225/5/5 5212/5/5 5211/5/5
f 5225/5/5 5211/5/5 5210/5/5
f 5225/5/5 5213/5/5 5212/5/5
f 5226/5/5 5215/5/5 5214/5/5
f 5226/12/5 5214/12/5 5225/12/5
f 5227/12/5 5216/12/5 5215/12/5
f 5227/5/5 5215/5/5 5226/5/5
f 5228/5/5 5218/5/5 5217/5/5
f 5228/12/5 5216/12/5 5227/12/5
f 5228/5/5 5217/5/5 5216/5/5
f 5229/5/5 5199/5/5 5218/5/5
f 5229/5/5 5218/5/5 5228/5/5
f 5230/12/5 5200/12/5 5199/12/5
f 5230/5/5 5199/5/5 5229/5/5
f 5230/12/5 5202/12/5 5201/12/5
f 5230/12/5 5201/12/5 5200/12/5
f 5231/5/5 5203/5/5 5202/5/5
f 5231/12/5 5202/12/5 5230/12/5
f 5232/12/5 5219/12/5 5203/12/5
f 5232/5/5 5203/5/5 5231/5/5
f 5232/12/5 5221/12/5 5220/12/5
f 5232/12/5 5222/12/5 5221/12/5
f 5232/12/5 5223/12/5 5222/12/5
f 5232/12/5 5220/12/5 5219/12/5
f 5233/12/5 5223/12/5 5232/12/5
f 5234/12/5 5223/12/5 5233/12/5
f 5235/9/5 5224/9/5 5223/9/5
f 5235/12/5 5223/12/5 5234/12/5
f 5236/12/5 5171/12/5 5224/12/5
f 5236/9/5 5224/9/5 5235/9/5
f 5237/5/5 5226/5/5 5225/5/5
f 5237/5/5 5229/5/5 5228/5/5
f 5237/5/5 5228/5/5 5227/5/5
f 5237/5/5 5227/5/5 5226/5/5
f 5238/5/5 5229/5/5 5237/5/5
f 5239/12/5 5231/12/5 5230/12/5
f 5239/5/5 5229/5/5 5238/5/5
f 5239/12/5 5233/12/5 5232/12/5
f 5239/12/5 5232/12/5 5231/12/5
f 5239/12/5 5230/12/5 5229/12/5
f 5240/12/5 5233/12/5 5239/12/5
f 5241/12/5 5233/12/5 5240/12/5
f 5242/12/5 5233/12/5 5241/12/5
f 5243/5/5 5234/5/5 5233/5/5
f 5243/12/5 5233/12/5 5242/12/5
f 5244/12/5 5235/12/5 5234/12/5
f 5244/5/5 5234/5/5 5243/5/5
f 5244/12/5 5236/12/5 5235/12/5
f 5245/12/5 5236/12/5 5244/12/5
f 5246/12/5 5236/12/5 5245/12/5
f 5247/12/5 5171/12/5 5236/12/5
f 5247/12/5 5236/12/5 5246/12/5
f 5248/12/5 5171/12/5 5247/12/5
f 5249/5/5 5237/5/5 5225/5/5
f 5249/5/5 5225/5/5 5208/5/5
f 5250/5/5 5237/5/5 5249/5/5
f 5251/5/5 5237/5/5 5250/5/5
f 5252/12/5 5238/12/5 5237/12/5
f 5252/5/5 5237/5/5 5251/5/5
f 5253/5/5 5239/5/5 5238/5/5
f 5253/12/5 5238/12/5 5252/12/5
f 5253/5/5 5240/5/5 5239/5/5
f 5254/5/5 5240/5/5 5253/5/5
f 5255/5/5 5240/5/5 5254/5/5
f 5256/5/5 5240/5/5 5255/5/5
f 5257/12/5 5241/12/5 5240/12/5
f 5257/5/5 5240/5/5 5256/5/5
f 5258/5/5 5242/5/5 5241/5/5
f 5258/12/5 5241/12/5 5257/12/5
f 5259/12/5 5243/12/5 5242/12/5
f 5259/5/5 5242/5/5 5258/5/5
f 5259/12/5 5244/12/5 5243/12/5
f 5259/12/5 5245/12/5 5244/12/5
f 5260/12/5 5245/12/5 5259/12/5
f 5261/12/5 5245/12/5 5260/12/5
f 5262/12/5 5245/12/5 5261/12/5
f 5263/12/5 5245/12/5 5262/12/5
f 5264/7/5 5246/7/5 5245/7/5
f 5264/12/5 5245/12/5 5263/12/5
f 5265/12/5 5247/12/5 5246/12/5
f 5265/7/5 5246/7/5 5264/7/5
f 5266/12/5 5247/12/5 5265/12/5
f 5267/12/5 5247/12/5 5266/12/5
f 5268/9/5 5248/9/5 5247/9/5
f 5268/12/5 5247/12/5 5267/12/5
f 5269/12/5 5171/12/5 5248/12/5
f 5269/9/5 5248/9/5 5268/9/5
f 5270/12/5 5092/12/5 5171/12/5
f 5270/12/5 5171/12/5 5269/12/5
f 5270/12/5 5079/12/5 5092/12/5
f 5271/12/5 5079/12/5 5270/12/5
f 5272/5/5 5249/5/5 5208/5/5
f 5273/5/5 5249/5/5 5272/5/5
f 5274/5/5 5249/5/5 5273/5/5
f 5275/5/5 5249/5/5 5274/5/5
f 5276/12/5 5250/12/5 5249/12/5
f 5276/5/5 5249/5/5 5275/5/5
f 5277/5/5 5251/5/5 5250/5/5
f 5277/12/5 5250/12/5 5276/12/5
f 5278/5/5 5251/5/5 5277/5/5
f 5279/5/5 5251/5/5 5278/5/5
f 5280/12/5 5252/12/5 5251/12/5
f 5280/5/5 5251/5/5 5279/5/5
f 5280/12/5 5254/12/5 5253/12/5
f 5280/12/5 5253/12/5 5252/12/5
f 5281/12/5 5254/12/5 5280/12/5
f 5282/12/5 5254/12/5 5281/12/5
f 5283/5/5 5255/5/5 5254/5/5
f 5283/12/5 5254/12/5 5282/12/5
f 5284/12/5 5256/12/5 5255/12/5
f 5284/5/5 5255/5/5 5283/5/5
f 5285/5/5 5258/5/5 5257/5/5
f 5285/12/5 5256/12/5 5284/12/5
f 5285/5/5 5257/5/5 5256/5/5
f 5286/5/5 5258/5/5 5285/5/5
f 5287/12/5 5259/12/5 5258/12/5
f 5287/5/5 5258/5/5 5286/5/5
f 5287/12/5 5260/12/5 5259/12/5
f 5288/12/5 5260/12/5 5287/12/5
f 5289/5/5 5261/5/5 5260/5/5
f 5289/12/5 5260/12/5 5288/12/5
f 5290/12/5 5262/12/5 5261/12/5
f 5290/5/5 5261/5/5 5289/5/5
f 5291/7/5 5263/7/5 5262/7/5
f 5291/12/5 5262/12/5 5290/12/5
f 5292/12/5 5266/12/5 5265/12/5
f 5292/7/5 5263/7/5 5291/7/5
f 5292/12/5 5264/12/5 5263/12/5
f 5292/12/5 5265/12/5 5264/12/5
f 5293/12/5 5266/12/5 5292/12/5
f 5294/12/5 5266/12/5 5293/12/5
f 5295/9/5 5267/9/5 5266/9/5
f 5295/12/5 5266/12/5 5294/12/5
f 5296/12/5 5269/12/5 5268/12/5
f 5296/9/5 5267/9/5 5295/9/5
f 5296/12/5 5268/12/5 5267/12/5
f 5296/12/5 5270/12/5 5269/12/5
f 5297/12/5 5270/12/5 5296/12/5
f 5298/12/5 5270/12/5 5297/12/5
f 5299/12/5 5270/12/5 5298/12/5
f 5300/12/5 5270/12/5 5299/12/5
f 5301/12/5 5270/12/5 5300/12/5
f 5302/12/5 5270/12/5 5301/12/5
f 5303/9/5 5271/9/5 5270/9/5
f 5303/12/5 5270/12/5 5302/12/5
f 5304/12/5 5079/12/5 5271/12/5
f 5304/9/5 5271/9/5 5303/9/5
f 5305/5/5 5272/5/5 5208/5/5
f 5305/3/5 5273/3/5 5272/3/5
f 5306/5/5 5274/5/5 5273/5/5
f 5306/3/5 5273/3/5 5305/3/5
f 5307/5/5 5274/5/5 5306/5/5
f 5308/4/5 5275/4/5 5274/4/5
f 5308/5/5 5274/5/5 5307/5/5
f 5309/5/5 5276/5/5 5275/5/5
f 5309/4/5 5275/4/5 5308/4/5
f 5309/5/5 5278/5/5 5277/5/5
f 5309/5/5 5277/5/5 5276/5/5
f 5310/12/5 5279/12/5 5278/12/5
f 5310/5/5 5278/5/5 5309/5/5
f 5311/5/5 5281/5/5 5280/5/5
f 5311/12/5 5279/12/5 5310/12/5
f 5311/5/5 5280/5/5 5279/5/5
f 5312/12/5 5282/12/5 5281/12/5
f 5312/5/5 5281/5/5 5311/5/5
f 5313/5/5 5283/5/5 5282/5/5
f 5313/12/5 5282/12/5 5312/12/5
f 5314/12/5 5284/12/5 5283/12/5
f 5314/5/5 5283/5/5 5313/5/5
f 5315/5/5 5286/5/5 5285/5/5
f 5315/12/5 5284/12/5 5314/12/5
f 5315/5/5 5285/5/5 5284/5/5
f 5316/5/5 5286/5/5 5315/5/5
f 5317/5/5 5286/5/5 5316/5/5
f 5318/12/5 5287/12/5 5286/12/5
f 5318/5/5 5286/5/5 5317/5/5
f 5319/5/5 5288/5/5 5287/5/5
f 5320/12/5 5290/12/5 5289/12/5
f 5320/5/5 5288/5/5 5319/5/5
f 5320/12/5 5293/12/5 5292/12/5
f 5320/12/5 5291/12/5 5290/12/5
f 5320/12/5 5289/12/5 5288/12/5
f 5320/12/5 5292/12/5 5291/12/5
f 5321/11/5 5294/11/5 5293/11/5
f 5321/12/5 5293/12/5 5320/12/5
f 5322/12/5 5295/12/5 5294/12/5
f 5322/11/5 5294/11/5 5321/11/5
f 5322/12/5 5296/12/5 5295/12/5
f 5322/12/5 5297/12/5 5296/12/5
f 5323/12/5 5297/12/5 5322/12/5
f 5324/12/5 5297/12/5 5323/12/5
f 5325/12/5 5297/12/5 5324/12/5
f 5326/12/5 5297/12/5 5325/12/5
f 5327/6/5 5298/6/5 5297/6/5
f 5327/12/5 5297/12/5 5326/12/5
f 5328/12/5 5299/12/5 5298/12/5
f 5328/6/5 5298/6/5 5327/6/5
f 5329/7/5 5300/7/5 5299/7/5
f 5329/12/5 5299/12/5 5328/12/5
f 5330/12/5 5301/12/5 5300/12/5
f 5330/7/5 5300/7/5 5329/7/5
f 5331/10/5 5302/10/5 5301/10/5
f 5331/12/5 5301/12/5 5330/12/5
f 5332/12/5 5303/12/5 5302/12/5
f 5332/10/5 5302/10/5 5331/10/5
f 5332/12/5 5304/12/5 5303/12/5
f 5333/12/5 5308/12/5 5307/12/5
f 5333/5/5 5307/5/5 5306/5/5
f 5333/5/5 5306/5/5 5305/5/5
f 5334/5/5 5310/5/5 5309/5/5
f 5334/12/5 5308/12/5 5333/12/5
f 5334/5/5 5309/5/5 5308/5/5
f 5335/3/5 5311/3/5 5310/3/5
f 5335/5/5 5310/5/5 5334/5/5
f 5336/5/5 5313/5/5 5312/5/5
f 5336/3/5 5311/3/5 5335/3/5
f 5336/5/5 5312/5/5 5311/5/5
f 5336/5/5 5314/5/5 5313/5/5
f 5336/5/5 5315/5/5 5314/5/5
f 5337/5/5 5315/5/5 5336/5/5
f 5338/5/5 5315/5/5 5337/5/5
f 5339/5/5 5315/5/5 5338/5/5
f 5340/12/5 5316/12/5 5315/12/5
f 5340/5/5 5315/5/5 5339/5/5
f 5341/5/5 5317/5/5 5316/5/5
f 5341/12/5 5316/12/5 5340/12/5
f 5342/12/5 5318/12/5 5317/12/5
f 5342/5/5 5317/5/5 5341/5/5
f 5343/5/5 5319/5/5 5287/5/5
f 5343/12/5 5318/12/5 5342/12/5
f 5343/12/5 5287/12/5 5318/12/5
f 5344/12/5 5321/12/5 5320/12/5
f 5344/5/5 5319/5/5 5343/5/5
f 5344/12/5 5322/12/5 5321/12/5
f 5344/12/5 5320/12/5 5319/12/5
f 5344/12/5 5323/12/5 5322/12/5
f 5345/12/5 5323/12/5 5344/12/5
f 5346/12/5 5323/12/5 5345/12/5
f 5347/11/5 5324/11/5 5323/11/5
f 5347/12/5 5323/12/5 5346/12/5
f 5348/12/5 5325/12/5 5324/12/5
f 5348/11/5 5324/11/5 5347/11/5
f 5349/9/5 5326/9/5 5325/9/5
f 5349/12/5 5325/12/5 5348/12/5
f 5350/12/5 5332/12/5 5331/12/5
f 5350/9/5 5326/9/5 5349/9/5
f 5350/12/5 5331/12/5 5330/12/5
f 5350/12/5 5329/12/5 5328/12/5
f 5350/12/5 5327/12/5 5326/12/5
f 5350/12/5 5330/12/5 5329/12/5
f 5350/12/5 5328/12/5 5327/12/5
f 5351/5/5 5335/5/5 5334/5/5
f 5351/5/5 5337/5/5 5336/5/5
f 5351/5/5 5336/5/5 5335/5/5
f 5351/5/5 5334/5/5 5333/5/5
f 5352/5/5 5337/5/5 5351/5/5
f 5353/5/5 5337/5/5 5352/5/5
f 5354/5/5 5337/5/5 5353/5/5
f 5355/12/5 5338/12/5 5337/12/5
f 5355/5/5 5337/5/5 5354/5/5
f 5356/5/5 5339/5/5 5338/5/5
f 5356/12/5 5338/12/5 5355/12/5
f 5357/5/5 5339/5/5 5356/5/5
f 5358/12/5 5343/12/5 5342/12/5
f 5358/5/5 5339/5/5 5357/5/5
f 5358/12/5 5342/12/5 5341/12/5
f 5358/12/5 5341/12/5 5340/12/5
f 5358/12/5 5340/12/5 5339/12/5
f 5358/12/5 5345/12/5 5344/12/5
f 5358/12/5 5344/12/5 5343/12/5
f 5359/9/5 5346/9/5 5345/9/5
f 5359/12/5 5345/12/5 5358/12/5
f 5360/12/5 5350/12/5 5349/12/5
f 5360/9/5 5346/9/5 5359/9/5
f 5360/12/5 5347/12/5 5346/12/5
f 5360/12/5 5349/12/5 5348/12/5
f 5360/12/5 5348/12/5 5347/12/5
f 5361/5/5 5351/5/5 5333/5/5
f 5362/5/5 5351/5/5 5361/5/5
f 5363/12/5 5352/12/5 5351/12/5
f 5363/5/5 5351/5/5 5362/5/5
f 5364/5/5 5353/5/5 5352/5/5
f 5364/12/5 5352/12/5 5363/12/5
f 5365/5/5 5357/5/5 5356/5/5
f 5365/5/5 5356/5/5 5355/5/5
f 5365/5/5 5355/5/5 5354/5/5
f 5366/12/5 5359/12/5 5358/12/5
f 5366/5/5 5357/5/5 5365/5/5
f 5366/12/5 5358/12/5 5357/12/5
f 5366/12/5 5360/12/5 5359/12/5
f 5367/12/5 5360/12/5 5366/12/5
f 5368/12/5 5360/12/5 5367/12/5
f 5369/12/5 5360/12/5 5368/12/5
f 5370/12/5 5360/12/5 5369/12/5
f 5371/12/5 5360/12/5 5370/12/5
f 5372/12/5 5360/12/5 5371/12/5
f 5373/5/5 5208/5/5 5136/5/5
f 5373/5/5 5361/5/5 5333/5/5
f 5373/5/5 5333/5/5 5305/5/5
f 5373/5/5 5305/5/5 5208/5/5
f 5374/5/5 5361/5/5 5373/5/5
f 5375/5/5 5361/5/5 5374/5/5
f 5376/5/5 5361/5/5 5375/5/5
f 5377/5/5 5361/5/5 5376/5/5
f 5378/5/5 5361/5/5 5377/5/5
f 5379/12/5 5362/12/5 5361/12/5
f 5379/5/5 5361/5/5 5378/5/5
f 5380/5/5 5364/5/5 5363/5/5
f 5380/12/5 5362/12/5 5379/12/5
f 5380/5/5 5363/5/5 5362/5/5
f 5381/5/5 5365/5/5 5354/5/5
f 5382/12/5 5366/12/5 5365/12/5
f 5382/5/5 5365/5/5 5381/5/5
f 5382/12/5 5367/12/5 5366/12/5
f 5383/5/5 5368/5/5 5367/5/5
f 5383/12/5 5367/12/5 5382/12/5
f 5384/12/5 5369/12/5 5368/12/5
f 5384/5/5 5368/5/5 5383/5/5
f 5385/12/5 5371/12/5 5370/12/5
f 5386/12/5 5371/12/5 5385/12/5
f 5387/5/5 5372/5/5 5371/5/5
f 5387/12/5 5371/12/5 5386/12/5
f 5388/12/5 5360/12/5 5372/12/5
f 5388/5/5 5372/5/5 5387/5/5
f 5389/12/5 5332/12/5 5350/12/5
f 5389/12/5 5360/12/5 5388/12/5
f 5389/12/5 5350/12/5 5360/12/5
f 5390/12/5 5332/12/5 5389/12/5
f 5391/5/5 5373/5/5 5136/5/5
f 5391/3/5 5374/3/5 5373/3/5
f 5392/5/5 5375/5/5 5374/5/5
f 5392/3/5 5374/3/5 5391/3/5
f 5393/4/5 5376/4/5 5375/4/5
f 5393/5/5 5375/5/5 5392/5/5
f 5394/5/5 5377/5/5 5376/5/5
f 5394/4/5 5376/4/5 5393/4/5
f 5395/12/5 5378/12/5 5377/12/5
f 5395/5/5 5377/5/5 5394/5/5
f 5396/5/5 5379/5/5 5378/5/5
f 5396/12/5 5378/12/5 5395/12/5
f 5396/5/5 5380/5/5 5379/5/5
f 5397/5/5 5353/5/5 5364/5/5
f 5397/5/5 5380/5/5 5396/5/5
f 5397/5/5 5364/5/5 5380/5/5
f 5397/12/5 5354/12/5 5353/12/5
f 5398/5/5 5381/5/5 5354/5/5
f 5398/12/5 5354/12/5 5397/12/5
f 5399/12/5 5384/12/5 5383/12/5
f 5399/5/5 5381/5/5 5398/5/5
f 5399/12/5 5382/12/5 5381/12/5
f 5399/12/5 5383/12/5 5382/12/5
f 5400/12/5 5384/12/5 5399/12/5
f 5401/12/5 5384/12/5 5400/12/5
f 5402/12/5 5369/12/5 5384/12/5
f 5402/12/5 5384/12/5 5401/12/5
f 5403/5/5 5370/5/5 5369/5/5
f 5403/12/5 5369/12/5 5402/12/5
f 5404/12/5 5385/12/5 5370/12/5
f 5404/5/5 5370/5/5 5403/5/5
f 5405/5/5 5386/5/5 5385/5/5
f 5405/12/5 5385/12/5 5404/12/5
f 5406/12/5 5388/12/5 5387/12/5
f 5406/5/5 5386/5/5 5405/5/5
f 5406/12/5 5387/12/5 5386/12/5
f 5406/12/5 5389/12/5 5388/12/5
f 5407/12/5 5389/12/5 5406/12/5
f 5408/12/5 5389/12/5 5407/12/5
f 5409/12/5 5389/12/5 5408/12/5
f 5410/12/5 5389/12/5 5409/12/5
f 5411/12/5 5389/12/5 5410/12/5
f 5412/9/5 5390/9/5 5389/9/5
f 5412/12/5 5389/12/5 5411/12/5
f 5413/12/5 5332/12/5 5390/12/5
f 5413/9/5 5390/9/5 5412/9/5
f 5414/5/5 5396/5/5 5395/5/5
f 5414/5/5 5395/5/5 5394/5/5
f 5414/5/5 5398/5/5 5397/5/5
f 5414/5/5 5400/5/5 5399/5/5
f 5414/5/5 5393/5/5 5392/5/5
f 5414/5/5 5392/5/5 5391/5/5
f 5414/5/5 5394/5/5 5393/5/5
f 5414/5/5 5397/5/5 5396/5/5
f 5414/5/5 5399/5/5 5398/5/5
f 5415/5/5 5400/5/5 5414/5/5
f 5416/5/5 5400/5/5 5415/5/5
f 5417/5/5 5400/5/5 5416/5/5
f 5418/5/5 5400/5/5 5417/5/5
f 5419/12/5 5401/12/5 5400/12/5
f 5419/5/5 5400/5/5 5418/5/5
f 5420/5/5 5402/5/5 5401/5/5
f 5421/12/5 5405/12/5 5404/12/5
f 5421/5/5 5402/5/5 5420/5/5
f 5421/12/5 5404/12/5 5403/12/5
f 5421/12/5 5403/12/5 5402/12/5
f 5421/12/5 5407/12/5 5406/12/5
f 5421/12/5 5406/12/5 5405/12/5
f 5422/7/5 5408/7/5 5407/7/5
f 5422/12/5 5407/12/5 5421/12/5
f 5423/12/5 5409/12/5 5408/12/5
f 5423/7/5 5408/7/5 5422/7/5
f 5424/9/5 5410/9/5 5409/9/5
f 5424/12/5 5409/12/5 5423/12/5
f 5425/6/5 5411/6/5 5410/6/5
f 5425/9/5 5410/9/5 5424/9/5
f 5426/12/5 5413/12/5 5412/12/5
f 5426/6/5 5411/6/5 5425/6/5
f 5426/12/5 5412/12/5 5411/12/5
f 5427/12/5 5413/12/5 5426/12/5
f 5428/12/5 5413/12/5 5427/12/5
f 5429/12/5 5413/12/5 5428/12/5
f 5430/12/5 5413/12/5 5429/12/5
f 5431/12/5 5413/12/5 5430/12/5
f 5432/12/5 5413/12/5 5431/12/5
f 5433/5/5 5414/5/5 5391/5/5
f 5434/5/5 5414/5/5 5433/5/5
f 5435/12/5 5415/12/5 5414/12/5
f 5435/5/5 5414/5/5 5434/5/5
f 5436/5/5 5416/5/5 5415/5/5
f 5436/12/5 5415/12/5 5435/12/5
f 5437/12/5 5417/12/5 5416/12/5
f 5437/5/5 5416/5/5 5436/5/5
f 5438/5/5 5418/5/5 5417/5/5
f 5438/12/5 5417/12/5 5437/12/5
f 5439/12/5 5419/12/5 5418/12/5
f 5439/5/5 5418/5/5 5438/5/5
f 5440/12/5 5419/12/5 5439/12/5
f 5441/12/5 5401/12/5 5419/12/5
f 5441/12/5 5419/12/5 5440/12/5
f 5442/5/5 5420/5/5 5401/5/5
f 5442/12/5 5401/12/5 5441/12/5
f 5443/12/5 5425/12/5 5424/12/5
f 5443/5/5 5420/5/5 5442/5/5
f 5443/12/5 5423/12/5 5422/12/5
f 5443/12/5 5422/12/5 5421/12/5
f 5443/12/5 5421/12/5 5420/12/5
f 5443/12/5 5424/12/5 5423/12/5
f 5443/12/5 5426/12/5 5425/12/5
f 5443/12/5 5427/12/5 5426/12/5
f 5444/12/5 5427/12/5 5443/12/5
f 5445/12/5 5427/12/5 5444/12/5
f 5446/12/5 5427/12/5 5445/12/5
f 5447/8/5 5428/8/5 5427/8/5
f 5447/12/5 5427/12/5 5446/12/5
f 5448/12/5 5429/12/5 5428/12/5
f 5448/8/5 5428/8/5 5447/8/5
f 5449/9/5 5430/9/5 5429/9/5
f 5449/12/5 5429/12/5 5448/12/5
f 5450/12/5 5431/12/5 5430/12/5
f 5450/9/5 5430/9/5 5449/9/5
f 5451/12/5 5431/12/5 5450/12/5
f 5452/12/5 5431/12/5 5451/12/5
f 5453/8/5 5432/8/5 5431/8/5
f 5453/12/5 5431/12/5 5452/12/5
f 5454/12/5 5413/12/5 5432/12/5
f 5454/8/5 5432/8/5 5453/8/5
f 5455/12/5 5413/12/5 5454/12/5
f 5456/12/5 5413/12/5 5455/12/5
f 5457/12/5 5332/12/5 5413/12/5
f 5457/12/5 5413/12/5 5456/12/5
f 5458/12/5 5332/12/5 5457/12/5
f 5459/5/5 5433/5/5 5391/5/5
f 5459/12/5 5434/12/5 5433/12/5
f 5460/5/5 5439/5/5 5438/5/5
f 5460/12/5 5434/12/5 5459/12/5
f 5460/5/5 5438/5/5 5437/5/5
f 5460/5/5 5437/5/5 5436/5/5
f 5460/5/5 5440/5/5 5439/5/5
f 5460/5/5 5436/5/5 5435/5/5
f 5460/5/5 5435/5/5 5434/5/5
f 5461/5/5 5440/5/5 5460/5/5
f 5462/5/5 5440/5/5 5461/5/5
f 5463/5/5 5440/5/5 5462/5/5
f 5464/12/5 5441/12/5 5440/12/5
f 5464/5/5 5440/5/5 5463/5/5
f 5465/12/5 5441/12/5 5464/12/5
f 5466/5/5 5442/5/5 5441/5/5
f 5466/12/5 5441/12/5 5465/12/5
f 5466/5/5 5443/5/5 5442/5/5
f 5466/5/5 5444/5/5 5443/5/5
f 5467/5/5 5444/5/5 5466/5/5
f 5468/12/5 5445/12/5 5444/12/5
f 5469/12/5 5445/12/5 5468/12/5
f 5470/6/5 5446/6/5 5445/6/5
f 5470/12/5 5445/12/5 5469/12/5
f 5471/12/5 5451/12/5 5450/12/5
f 5471/6/5 5446/6/5 5470/6/5
f 5471/12/5 5450/12/5 5449/12/5
f 5471/12/5 5449/12/5 5448/12/5
f 5471/12/5 5448/12/5 5447/12/5
f 5471/12/5 5447/12/5 5446/12/5
f 5472/12/5 5451/12/5 5471/12/5
f 5473/12/5 5451/12/5 5472/12/5
f 5474/10/5 5452/10/5 5451/10/5
f 5474/12/5 5451/12/5 5473/12/5
f 5475/12/5 5455/12/5 5454/12/5
f 5475/10/5 5452/10/5 5474/10/5
f 5475/12/5 5454/12/5 5453/12/5
f 5475/12/5 5453/12/5 5452/12/5
f 5476/11/5 5456/11/5 5455/11/5
f 5476/12/5 5455/12/5 5475/12/5
f 5477/12/5 5457/12/5 5456/12/5
f 5477/11/5 5456/11/5 5476/11/5
f 5478/12/5 5457/12/5 5477/12/5
f 5479/12/5 5457/12/5 5478/12/5
f 5480/7/5 5458/7/5 5457/7/5
f 5480/12/5 5457/12/5 5479/12/5
f 5481/12/5 5332/12/5 5458/12/5
f 5481/7/5 5458/7/5 5480/7/5
f 5482/12/5 5304/12/5 5332/12/5
f 5482/12/5 5332/12/5 5481/12/5
f 5483/12/5 5304/12/5 5482/12/5
f 5484/5/5 5459/5/5 5391/5/5
f 5484/5/5 5461/5/5 5460/5/5
f 5484/5/5 5460/5/5 5459/5/5
f 5485/5/5 5461/5/5 5484/5/5
f 5486/12/5 5462/12/5 5461/12/5
f 5486/5/5 5461/5/5 5485/5/5
f 5487/5/5 5463/5/5 5462/5/5
f 5487/12/5 5462/12/5 5486/12/5
f 5488/5/5 5463/5/5 5487/5/5
f 5489/5/5 5463/5/5 5488/5/5
f 5490/12/5 5464/12/5 5463/12/5
f 5490/5/5 5463/5/5 5489/5/5
f 5491/5/5 5465/5/5 5464/5/5
f 5491/12/5 5464/12/5 5490/12/5
f 5492/12/5 5467/12/5 5466/12/5
f 5492/5/5 5465/5/5 5491/5/5
f 5492/12/5 5466/12/5 5465/12/5
f 5493/5/5 5444/5/5 5467/5/5
f 5494/12/5 5468/12/5 5444/12/5
f 5494/5/5 5444/5/5 5493/5/5
f 5495/5/5 5469/5/5 5468/5/5
f 5495/12/5 5468/12/5 5494/12/5
f 5496/12/5 5472/12/5 5471/12/5
f 5496/5/5 5469/5/5 5495/5/5
f 5496/12/5 5470/12/5 5469/12/5
f 5496/12/5 5471/12/5 5470/12/5
f 5497/12/5 5472/12/5 5496/12/5
f 5498/12/5 5472/12/5 5497/12/5
f 5499/7/5 5473/7/5 5472/7/5
f 5499/12/5 5472/12/5 5498/12/5
f 5500/12/5 5475/12/5 5474/12/5
f 5500/7/5 5473/7/5 5499/7/5
f 5500/12/5 5476/12/5 5475/12/5
f 5500/12/5 5474/12/5 5473/12/5
f 5500/12/5 5477/12/5 5476/12/5
f 5500/12/5 5478/12/5 5477/12/5
f 5501/10/5 5479/10/5 5478/10/5
f 5501/12/5 5478/12/5 5500/12/5
f 5502/12/5 5480/12/5 5479/12/5
f 5502/10/5 5479/10/5 5501/10/5
f 5502/12/5 5481/12/5 5480/12/5
f 5502/12/5 5482/12/5 5481/12/5
f 5503/12/5 5482/12/5 5502/12/5
f 5504/12/5 5482/12/5 5503/12/5
f 5505/10/5 5483/10/5 5482/10/5
f 5505/12/5 5482/12/5 5504/12/5
f 5506/12/5 5304/12/5 5483/12/5
f 5506/10/5 5483/10/5 5505/10/5
f 5507/12/5 5079/12/5 5304/12/5
f 5507/12/5 5304/12/5 5506/12/5
f 5508/12/5 5079/12/5 5507/12/5
f 5509/5/5 5484/5/5 5391/5/5
f 5509/12/5 5485/12/5 5484/12/5
f 5510/5/5 5486/5/5 5485/5/5
f 5510/12/5 5485/12/5 5509/12/5
f 5510/5/5 5487/5/5 5486/5/5
f 5510/5/5 5488/5/5 5487/5/5
f 5511/5/5 5488/5/5 5510/5/5
f 5512/5/5 5488/5/5 5511/5/5
f 5513/12/5 5497/12/5 5496/12/5
f 5513/12/5 5496/12/5 5495/12/5
f 5513/12/5 5495/12/5 5494/12/5
f 5513/12/5 5494/12/5 5493/12/5
f 5514/12/5 5497/12/5 5513/12/5
f 5515/8/5 5498/8/5 5497/8/5
f 5515/12/5 5497/12/5 5514/12/5
f 5516/12/5 5499/12/5 5498/12/5
f 5516/8/5 5498/8/5 5515/8/5
f 5516/12/5 5501/12/5 5500/12/5
f 5516/12/5 5500/12/5 5499/12/5
f 5516/12/5 5502/12/5 5501/12/5
f 5516/12/5 5503/12/5 5502/12/5
f 5517/12/5 5503/12/5 5516/12/5
f 5518/12/5 5503/12/5 5517/12/5
f 5519/12/5 5503/12/5 5518/12/5
f 5520/12/5 5503/12/5 5519/12/5
f 5521/11/5 5504/11/5 5503/11/5
f 5521/12/5 5503/12/5 5520/12/5
f 5522/12/5 5505/12/5 5504/12/5
f 5522/11/5 5504/11/5 5521/11/5
f 5522/12/5 5506/12/5 5505/12/5
f 5522/12/5 5507/12/5 5506/12/5
f 5523/12/5 5507/12/5 5522/12/5
f 5524/11/5 5508/11/5 5507/11/5
f 5524/12/5 5507/12/5 5523/12/5
f 5525/12/5 5079/12/5 5508/12/5
f 5525/11/5 5508/11/5 5524/11/5
f 5526/5/5 5511/5/5 5510/5/5
f 5526/5/5 5510/5/5 5509/5/5
f 5527/5/5 5511/5/5 5526/5/5
f 5528/5/5 5511/5/5 5527/5/5
f 5529/12/5 5512/12/5 5511/12/5
f 5529/5/5 5511/5/5 5528/5/5
f 5530/5/5 5488/5/5 5512/5/5
f 5530/12/5 5512/12/5 5529/12/5
f 5531/12/5 5489/12/5 5488/12/5
f 5531/5/5 5488/5/5 5530/5/5
f 5532/5/5 5490/5/5 5489/5/5
f 5532/12/5 5489/12/5 5531/12/5
f 5532/5/5 5491/5/5 5490/5/5
f 5533/12/5 5492/12/5 5491/12/5
f 5533/5/5 5491/5/5 5532/5/5
f 5534/12/5 5467/12/5 5492/12/5
f 5534/12/5 5492/12/5 5533/12/5
f 5535/12/5 5467/12/5 5534/12/5
f 5536/12/5 5513/12/5 5493/12/5
f 5537/12/5 5513/12/5 5536/12/5
f 5538/5/5 5514/5/5 5513/5/5
f 5538/12/5 5513/12/5 5537/12/5
f 5539/12/5 5515/12/5 5514/12/5
f 5539/8/5 5518/8/5 5517/8/5
f 5539/12/5 5516/12/5 5515/12/5
f 5539/12/5 5517/12/5 5516/12/5
f 5540/12/5 5519/12/5 5518/12/5
f 5540/8/5 5518/8/5 5539/8/5
f 5541/11/5 5520/11/5 5519/11/5
f 5541/12/5 5519/12/5 5540/12/5
f 5542/12/5 5521/12/5 5520/12/5
f 5542/11/5 5520/11/5 5541/11/5
f 5542/12/5 5522/12/5 5521/12/5
f 5543/9/5 5523/9/5 5522/9/5
f 5543/12/5 5522/12/5 5542/12/5
f 5544/12/5 5524/12/5 5523/12/5
f 5544/9/5 5523/9/5 5543/9/5
f 5544/12/5 5525/12/5 5524/12/5
f 5545/5/5 5509/5/5 5391/5/5
f 5545/5/5 5136/5/5 4793/5/5
f 5545/5/5 5391/5/5 5136/5/5
f 5545/5/5 5526/5/5 5509/5/5
f 5546/5/5 5526/5/5 5545/5/5
f 5547/5/5 5526/5/5 5546/5/5
f 5548/5/5 5526/5/5 5547/5/5
f 5549/5/5 5526/5/5 5548/5/5
f 5550/5/5 5526/5/5 5549/5/5
f 5551/5/5 5526/5/5 5550/5/5
f 5552/5/5 5526/5/5 5551/5/5
f 5553/12/5 5527/12/5 5526/12/5
f 5553/5/5 5526/5/5 5552/5/5
f 5554/5/5 5528/5/5 5527/5/5
f 5554/12/5 5527/12/5 5553/12/5
f 5555/12/5 5531/12/5 5530/12/5
f 5555/5/5 5528/5/5 5554/5/5
f 5555/12/5 5529/12/5 5528/12/5
f 5555/12/5 5532/12/5 5531/12/5
f 5555/12/5 5533/12/5 5532/12/5
f 5555/12/5 5534/12/5 5533/12/5
f 5555/12/5 5530/12/5 5529/12/5
f 5556/12/5 5534/12/5 5555/12/5
f 5557/12/5 5534/12/5 5556/12/5
f 5558/12/5 5534/12/5 5557/12/5
f 5559/5/5 5535/5/5 5534/5/5
f 5559/12/5 5534/12/5 5558/12/5
f 5560/12/5 5467/12/5 5535/12/5
f 5560/5/5 5535/5/5 5559/5/5
f 5561/5/5 5493/5/5 5467/5/5
f 5561/12/5 5467/12/5 5560/12/5
f 5562/12/5 5536/12/5 5493/12/5
f 5562/5/5 5493/5/5 5561/5/5
f 5563/5/5 5537/5/5 5536/5/5
f 5563/12/5 5536/12/5 5562/12/5
f 5564/9/5 5538/9/5 5537/9/5
f 5564/5/5 5537/5/5 5563/5/5
f 5565/5/5 5514/5/5 5538/5/5
f 5565/9/5 5538/9/5 5564/9/5
f 5566/12/5 5541/12/5 5540/12/5
f 5566/5/5 5514/5/5 5565/5/5
f 5566/12/5 5543/12/5 5542/12/5
f 5566/12/5 5544/12/5 5543/12/5
f 5566/12/5 5539/12/5 5514/12/5
f 5566/12/5 5542/12/5 5541/12/5
f 5566/12/5 5540/12/5 5539/12/5
f 5567/12/5 5544/12/5 5566/12/5
f 5568/12/5 5544/12/5 5567/12/5
f 5569/4/5 5546/4/5 5545/4/5
f 5569/5/5 5545/5/5 4793/5/5
f 5570/5/5 5547/5/5 5546/5/5
f 5570/4/5 5546/4/5 5569/4/5
f 5571/1/5 5548/1/5 5547/1/5
f 5571/5/5 5547/5/5 5570/5/5
f 5572/5/5 5549/5/5 5548/5/5
f 5572/1/5 5548/1/5 5571/1/5
f 5573/4/5 5550/4/5 5549/4/5
f 5573/5/5 5549/5/5 5572/5/5
f 5574/5/5 5551/5/5 5550/5/5
f 5574/4/5 5550/4/5 5573/4/5
f 5575/12/5 5552/12/5 5551/12/5
f 5575/5/5 5551/5/5 5574/5/5
f 5576/5/5 5554/5/5 5553/5/5
f 5576/12/5 5552/12/5 5575/12/5
f 5576/5/5 5553/5/5 5552/5/5
f 5576/5/5 5556/5/5 5555/5/5
f 5576/5/5 5555/5/5 5554/5/5
f 5577/5/5 5556/5/5 5576/5/5
f 5578/5/5 5556/5/5 5577/5/5
f 5579/5/5 5556/5/5 5578/5/5
f 5580/12/5 5557/12/5 5556/12/5
f 5580/5/5 5556/5/5 5579/5/5
f 5581/5/5 5558/5/5 5557/5/5
f 5581/12/5 5557/12/5 5580/12/5
f 5582/12/5 5564/12/5 5563/12/5
f 5582/5/5 5558/5/5 5581/5/5
f 5582/12/5 5565/12/5 5564/12/5
f 5582/12/5 5559/12/5 5558/12/5
f 5582/12/5 5562/12/5 5561/12/5
f 5582/12/5 5567/12/5 5566/12/5
f 5582/12/5 5566/12/5 5565/12/5
f 5582/12/5 5561/12/5 5560/12/5
f 5582/12/5 5560/12/5 5559/12/5
f 5582/12/5 5563/12/5 5562/12/5
f 5583/12/5 5567/12/5 5582/12/5
f 5584/12/5 5567/12/5 5583/12/5
f 5585/7/5 5568/7/5 5567/7/5
f 5585/12/5 5567/12/5 5584/12/5
f 5586/12/5 5544/12/5 5568/12/5
f 5586/7/5 5568/7/5 5585/7/5
f 5587/5/5 5575/5/5 5574/5/5
f 5587/5/5 5577/5/5 5576/5/5
f 5587/5/5 5576/5/5 5575/5/5
f 5587/5/5 5573/5/5 5572/5/5
f 5587/5/5 5572/5/5 5571/5/5
f 5587/5/5 5574/5/5 5573/5/5
f 5587/5/5 5570/5/5 5569/5/5
f 5587/5/5 5571/5/5 5570/5/5
f 5588/5/5 5577/5/5 5587/5/5
f 5589/5/5 5577/5/5 5588/5/5
f 5590/5/5 5577/5/5 5589/5/5
f 5591/5/5 5577/5/5 5590/5/5
f 5592/5/5 5577/5/5 5591/5/5
f 5593/5/5 5577/5/5 5592/5/5
f 5594/12/5 5578/12/5 5577/12/5
f 5594/5/5 5577/5/5 5593/5/5
f 5595/5/5 5579/5/5 5578/5/5
f 5595/12/5 5578/12/5 5594/12/5
f 5596/12/5 5581/12/5 5580/12/5
f 5596/5/5 5579/5/5 5595/5/5
f 5596/12/5 5583/12/5 5582/12/5
f 5596/12/5 5582/12/5 5581/12/5
f 5596/12/5 5580/12/5 5579/12/5
f 5597/12/5 5583/12/5 5596/12/5
f 5598/12/5 5583/12/5 5597/12/5
f 5599/12/5 5583/12/5 5598/12/5
f 5600/12/5 5583/12/5 5599/12/5
f 5601/12/5 5583/12/5 5600/12/5
f 5602/9/5 5584/9/5 5583/9/5
f 5602/12/5 5583/12/5 5601/12/5
f 5603/12/5 5586/12/5 5585/12/5
f 5603/9/5 5584/9/5 5602/9/5
f 5603/12/5 5585/12/5 5584/12/5
f 5604/5/5 5587/5/5 5569/5/5
f 5605/5/5 5587/5/5 5604/5/5
f 5606/5/5 5587/5/5 5605/5/5
f 5607/5/5 5587/5/5 5606/5/5
f 5608/12/5 5588/12/5 5587/12/5
f 5608/5/5 5587/5/5 5607/5/5
f 5609/5/5 5589/5/5 5588/5/5
f 5609/12/5 5588/12/5 5608/12/5
f 5610/5/5 5589/5/5 5609/5/5
f 5611/12/5 5590/12/5 5589/12/5
f 5611/5/5 5589/5/5 5610/5/5
f 5612/5/5 5591/5/5 5590/5/5
f 5612/12/5 5590/12/5 5611/12/5
f 5613/5/5 5591/5/5 5612/5/5
f 5614/5/5 5591/5/5 5613/5/5
f 5615/12/5 5592/12/5 5591/12/5
f 5616/5/5 5593/5/5 5592/5/5
f 5616/12/5 5592/12/5 5615/12/5
f 5617/12/5 5594/12/5 5593/12/5
f 5617/5/5 5593/5/5 5616/5/5
f 5618/5/5 5595/5/5 5594/5/5
f 5618/12/5 5594/12/5 5617/12/5
f 5618/5/5 5596/5/5 5595/5/5
f 5618/5/5 5597/5/5 5596/5/5
f 5619/5/5 5597/5/5 5618/5/5
f 5620/5/5 5597/5/5 5619/5/5
f 5621/12/5 5598/12/5 5597/12/5
f 5622/5/5 5599/5/5 5598/5/5
f 5622/12/5 5598/12/5 5621/12/5
f 5623/12/5 5600/12/5 5599/12/5
f 5623/5/5 5599/5/5 5622/5/5
f 5624/8/5 5601/8/5 5600/8/5
f 5624/12/5 5600/12/5 5623/12/5
f 5625/12/5 5602/12/5 5601/12/5
f 5625/8/5 5601/8/5 5624/8/5
f 5625/12/5 5603/12/5 5602/12/5
f 5626/12/5 5603/12/5 5625/12/5
f 5627/12/5 5603/12/5 5626/12/5
f 5628/5/5 5604/5/5 5569/5/5
f 5628/1/5 5605/1/5 5604/1/5
f 5629/5/5 5606/5/5 5605/5/5
f 5629/1/5 5605/1/5 5628/1/5
f 5630/5/5 5606/5/5 5629/5/5
f 5631/5/5 5606/5/5 5630/5/5
f 5632/4/5 5607/4/5 5606/4/5
f 5632/5/5 5606/5/5 5631/5/5
f 5633/5/5 5610/5/5 5609/5/5
f 5633/4/5 5607/4/5 5632/4/5
f 5633/5/5 5608/5/5 5607/5/5
f 5633/5/5 5609/5/5 5608/5/5
f 5634/5/5 5610/5/5 5633/5/5
f 5635/5/5 5610/5/5 5634/5/5
f 5636/12/5 5611/12/5 5610/12/5
f 5636/5/5 5610/5/5 5635/5/5
f 5637/5/5 5613/5/5 5612/5/5
f 5637/12/5 5611/12/5 5636/12/5
f 5637/5/5 5612/5/5 5611/5/5
f 5638/12/5 5614/12/5 5613/12/5
f 5638/5/5 5613/5/5 5637/5/5
f 5639/5/5 5591/5/5 5614/5/5
f 5639/12/5 5614/12/5 5638/12/5
f 5640/12/5 5615/12/5 5591/12/5
f 5640/5/5 5591/5/5 5639/5/5
f 5641/5/5 5617/5/5 5616/5/5
f 5641/12/5 5615/12/5 5640/12/5
f 5641/5/5 5616/5/5 5615/5/5
f 5641/5/5 5618/5/5 5617/5/5
f 5641/5/5 5619/5/5 5618/5/5
f 5642/5/5 5619/5/5 5641/5/5
f 5643/12/5 5620/12/5 5619/12/5
f 5643/5/5 5619/5/5 5642/5/5
f 5644/5/5 5597/5/5 5620/5/5
f 5644/12/5 5620/12/5 5643/12/5
f 5645/12/5 5621/12/5 5597/12/5
f 5645/5/5 5597/5/5 5644/5/5
f 5646/5/5 5622/5/5 5621/5/5
f 5646/12/5 5621/12/5 5645/12/5
f 5647/12/5 5624/12/5 5623/12/5
f 5647/5/5 5622/5/5 5646/5/5
f 5647/12/5 5623/12/5 5622/12/5
f 5648/12/5 5624/12/5 5647/12/5
f 5649/12/5 5624/12/5 5648/12/5
f 5650/12/5 5624/12/5 5649/12/5
f 5651/12/5 5624/12/5 5650/12/5
f 5652/12/5 5624/12/5 5651/12/5
f 5653/12/5 5624/12/5 5652/12/5
f 5654/12/5 5624/12/5 5653/12/5
f 5655/6/5 5625/6/5 5624/6/5
f 5655/12/5 5624/12/5 5654/12/5
f 5656/12/5 5626/12/5 5625/12/5
f 5656/6/5 5625/6/5 5655/6/5
f 5657/9/5 5627/9/5 5626/9/5
f 5657/12/5 5626/12/5 5656/12/5
f 5658/12/5 5603/12/5 5627/12/5
f 5658/9/5 5627/9/5 5657/9/5
f 5659/12/5 5603/12/5 5658/12/5
f 5660/12/5 5603/12/5 5659/12/5
f 5661/12/5 5586/12/5 5603/12/5
f 5661/12/5 5603/12/5 5660/12/5
f 5662/12/5 5586/12/5 5661/12/5
f 5663/1/5 5631/1/5 5630/1/5
f 5663/5/5 5630/5/5 5629/5/5
f 5663/5/5 5629/5/5 5628/5/5
f 5664/5/5 5633/5/5 5632/5/5
f 5664/1/5 5631/1/5 5663/1/5
f 5664/5/5 5632/5/5 5631/5/5
f 5664/5/5 5634/5/5 5633/5/5
f 5665/12/5 5635/12/5 5634/12/5
f 5665/5/5 5634/5/5 5664/5/5
f 5666/5/5 5640/5/5 5639/5/5
f 5666/12/5 5635/12/5 5665/12/5
f 5666/5/5 5639/5/5 5638/5/5
f 5666/5/5 5638/5/5 5637/5/5
f 5666/5/5 5641/5/5 5640/5/5
f 5666/5/5 5637/5/5 5636/5/5
f 5666/5/5 5636/5/5 5635/5/5
f 5666/5/5 5642/5/5 5641/5/5
f 5667/5/5 5642/5/5 5666/5/5
f 5668/5/5 5642/5/5 5667/5/5
f 5669/12/5 5646/12/5 5645/12/5
f 5669/12/5 5645/12/5 5644/12/5
f 5669/12/5 5643/12/5 5642/12/5
f 5669/12/5 5644/12/5 5643/12/5
f 5669/12/5 5648/12/5 5647/12/5
f 5669/12/5 5647/12/5 5646/12/5
f 5670/12/5 5648/12/5 5669/12/5
f 5671/12/5 5648/12/5 5670/12/5
f 5672/12/5 5648/12/5 5671/12/5
f 5673/12/5 5648/12/5 5672/12/5
f 5674/12/5 5648/12/5 5673/12/5
f 5675/5/5 5649/5/5 5648/5/5
f 5675/12/5 5648/12/5 5674/12/5
f 5676/12/5 5650/12/5 5649/12/5
f 5676/5/5 5649/5/5 5675/5/5
f 5677/8/5 5651/8/5 5650/8/5
f 5677/12/5 5650/12/5 5676/12/5
f 5678/5/5 5652/5/5 5651/5/5
f 5678/8/5 5651/8/5 5677/8/5
f 5679/12/5 5653/12/5 5652/12/5
f 5679/5/5 5652/5/5 5678/5/5
f 5680/11/5 5654/11/5 5653/11/5
f 5680/12/5 5653/12/5 5679/12/5
f 5681/12/5 5659/12/5 5658/12/5
f 5681/11/5 5654/11/5 5680/11/5
f 5681/12/5 5657/12/5 5656/12/5
f 5681/12/5 5656/12/5 5655/12/5
f 5681/12/5 5658/12/5 5657/12/5
f 5681/12/5 5655/12/5 5654/12/5
f 5682/12/5 5659/12/5 5681/12/5
f 5683/11/5 5660/11/5 5659/11/5
f 5683/12/5 5659/12/5 5682/12/5
f 5684/9/5 5662/9/5 5661/9/5
f 5684/12/5 5661/12/5 5660/12/5
f 5685/12/5 5586/12/5 5662/12/5
f 5685/9/5 5662/9/5 5684/9/5
f 5686/12/5 5544/12/5 5586/12/5
f 5686/12/5 5586/12/5 5685/12/5
f 5687/12/5 5544/12/5 5686/12/5
f 5688/12/5 5525/12/5 5544/12/5
f 5688/12/5 5544/12/5 5687/12/5
f 5689/12/5 5525/12/5 5688/12/5
f 5690/12/5 5525/12/5 5689/12/5
f 5691/12/5 5525/12/5 5690/12/5
f 5692/5/5 5665/5/5 5664/5/5
f 5692/5/5 5664/5/5 5663/5/5
f 5692/5/5 5667/5/5 5666/5/5
f 5692/5/5 5666/5/5 5665/5/5
f 5693/5/5 5667/5/5 5692/5/5
f 5694/12/5 5668/12/5 5667/12/5
f 5694/5/5 5667/5/5 5693/5/5
f 5695/5/5 5642/5/5 5668/5/5
f 5695/12/5 5668/12/5 5694/12/5
f 5696/5/5 5642/5/5 5695/5/5
f 5697/12/5 5669/12/5 5642/12/5
f 5697/5/5 5642/5/5 5696/5/5
f 5698/5/5 5670/5/5 5669/5/5
f 5698/12/5 5669/12/5 5697/12/5
f 5699/12/5 5671/12/5 5670/12/5
f 5699/5/5 5670/5/5 5698/5/5
f 5700/5/5 5672/5/5 5671/5/5
f 5700/12/5 5671/12/5 5699/12/5
f 5701/12/5 5673/12/5 5672/12/5
f 5701/5/5 5672/5/5 5700/5/5
f 5702/5/5 5674/5/5 5673/5/5
f 5703/12/5 5678/12/5 5677/12/5
f 5703/5/5 5674/5/5 5702/5/5
f 5703/12/5 5677/12/5 5676/12/5
f 5703/12/5 5676/12/5 5675/12/5
f 5703/12/5 5675/12/5 5674/12/5
f 5704/12/5 5678/12/5 5703/12/5
f 5705/6/5 5679/6/5 5678/6/5
f 5705/12/5 5678/12/5 5704/12/5
f 5706/12/5 5680/12/5 5679/12/5
f 5706/6/5 5679/6/5 5705/6/5
f 5706/12/5 5682/12/5 5681/12/5
f 5706/12/5 5681/12/5 5680/12/5
f 5707/9/5 5683/9/5 5682/9/5
f 5707/12/5 5682/12/5 5706/12/5
f 5708/11/5 5660/11/5 5683/11/5
f 5708/9/5 5683/9/5 5707/9/5
f 5709/12/5 5685/12/5 5684/12/5
f 5709/11/5 5660/11/5 5708/11/5
f 5709/12/5 5684/12/5 5660/12/5
f 5709/12/5 5686/12/5 5685/12/5
f 5710/12/5 5686/12/5 5709/12/5
f 5711/12/5 5686/12/5 5710/12/5
f 5712/9/5 5687/9/5 5686/9/5
f 5712/12/5 5686/12/5 5711/12/5
f 5713/12/5 5688/12/5 5687/12/5
f 5713/9/5 5687/9/5 5712/9/5
f 5714/9/5 5689/9/5 5688/9/5
f 5714/12/5 5688/12/5 5713/12/5
f 5715/12/5 5690/12/5 5689/12/5
f 5715/9/5 5689/9/5 5714/9/5
f 5716/11/5 5691/11/5 5690/11/5
f 5716/12/5 5690/12/5 5715/12/5
f 5717/12/5 5525/12/5 5691/12/5
f 5717/11/5 5691/11/5 5716/11/5
f 5718/5/5 5692/5/5 5663/5/5
f 5719/5/5 5692/5/5 5718/5/5
f 5720/5/5 5692/5/5 5719/5/5
f 5721/5/5 5692/5/5 5720/5/5
f 5722/5/5 5692/5/5 5721/5/5
f 5723/12/5 5693/12/5 5692/12/5
f 5723/5/5 5692/5/5 5722/5/5
f 5724/5/5 5694/5/5 5693/5/5
f 5724/5/5 5695/5/5 5694/5/5
f 5724/5/5 5696/5/5 5695/5/5
f 5725/5/5 5696/5/5 5724/5/5
f 5726/5/5 5696/5/5 5725/5/5
f 5727/5/5 5696/5/5 5726/5/5
f 5728/12/5 5697/12/5 5696/12/5
f 5728/5/5 5696/5/5 5727/5/5
f 5729/12/5 5697/12/5 5728/12/5
f 5730/5/5 5698/5/5 5697/5/5
f 5730/12/5 5697/12/5 5729/12/5
f 5731/12/5 5701/12/5 5700/12/5
f 5731/5/5 5698/5/5 5730/5/5
f 5731/12/5 5700/12/5 5699/12/5
f 5731/12/5 5699/12/5 5698/12/5
f 5732/5/5 5702/5/5 5673/5/5
f 5732/12/5 5701/12/5 5731/12/5
f 5732/12/5 5673/12/5 5701/12/5
f 5733/12/5 5703/12/5 5702/12/5
f 5733/5/5 5702/5/5 5732/5/5
f 5733/12/5 5704/12/5 5703/12/5
f 5734/12/5 5704/12/5 5733/12/5
f 5735/12/5 5704/12/5 5734/12/5
f 5736/7/5 5705/7/5 5704/7/5
f 5736/12/5 5704/12/5 5735/12/5
f 5737/12/5 5708/12/5 5707/12/5
f 5737/7/5 5705/7/5 5736/7/5
f 5737/12/5 5707/12/5 5706/12/5
f 5737/12/5 5706/12/5 5705/12/5
f 5737/12/5 5709/12/5 5708/12/5
f 5737/12/5 5710/12/5 5709/12/5
f 5738/12/5 5710/12/5 5737/12/5
f 5739/12/5 5710/12/5 5738/12/5
f 5740/6/5 5711/6/5 5710/6/5
f 5740/12/5 5710/12/5 5739/12/5
f 5741/12/5 5716/12/5 5715/12/5
f 5741/6/5 5711/6/5 5740/6/5
f 5741/12/5 5715/12/5 5714/12/5
f 5741/12/5 5712/12/5 5711/12/5
f 5741/12/5 5714/12/5 5713/12/5
f 5741/12/5 5713/12/5 5712/12/5
f 5741/12/5 5717/12/5 5716/12/5
f 5742/12/5 5079/12/5 5525/12/5
f 5742/12/5 5717/12/5 5741/12/5
f 5742/12/5 5525/12/5 5717/12/5
f 5743/12/5 5079/12/5 5742/12/5
f 5744/5/5 5718/5/5 5663/5/5
f 5744/3/5 5719/3/5 5718/3/5
f 5745/5/5 5720/5/5 5719/5/5
f 5745/3/5 5719/3/5 5744/3/5
f 5746/12/5 5721/12/5 5720/12/5
f 5746/5/5 5720/5/5 5745/5/5
f 5747/5/5 5722/5/5 5721/5/5
f 5747/12/5 5721/12/5 5746/12/5
f 5748/5/5 5722/5/5 5747/5/5
f 5749/5/5 5722/5/5 5748/5/5
f 5750/12/5 5723/12/5 5722/12/5
f 5750/5/5 5722/5/5 5749/5/5
f 5751/12/5 5693/12/5 5723/12/5
f 5751/12/5 5723/12/5 5750/12/5
f 5751/5/5 5724/5/5 5693/5/5
f 5752/5/5 5724/5/5 5751/5/5
f 5753/12/5 5725/12/5 5724/12/5
f 5753/5/5 5724/5/5 5752/5/5
f 5754/5/5 5726/5/5 5725/5/5
f 5754/12/5 5725/12/5 5753/12/5
f 5755/5/5 5728/5/5 5727/5/5
f 5755/5/5 5729/5/5 5728/5/5
f 5755/12/5 5727/12/5 5726/12/5
f 5756/12/5 5731/12/5 5730/12/5
f 5756/5/5 5729/5/5 5755/5/5
f 5756/12/5 5730/12/5 5729/12/5
f 5756/12/5 5732/12/5 5731/12/5
f 5756/12/5 5734/12/5 5733/12/5
f 5756/12/5 5733/12/5 5732/12/5
f 5757/12/5 5734/12/5 5756/12/5
f 5758/12/5 5734/12/5 5757/12/5
f 5759/12/5 5734/12/5 5758/12/5
f 5760/12/5 5734/12/5 5759/12/5
f 5761/5/5 5735/5/5 5734/5/5
f 5761/12/5 5734/12/5 5760/12/5
f 5762/12/5 5736/12/5 5735/12/5
f 5762/5/5 5735/5/5 5761/5/5
f 5762/12/5 5738/12/5 5737/12/5
f 5762/12/5 5737/12/5 5736/12/5
f 5763/12/5 5738/12/5 5762/12/5
f 5764/12/5 5738/12/5 5763/12/5
f 5765/12/5 5738/12/5 5764/12/5
f 5766/12/5 5738/12/5 5765/12/5
f 5767/12/5 5738/12/5 5766/12/5
f 5768/12/5 5738/12/5 5767/12/5
f 5769/6/5 5739/6/5 5738/6/5
f 5769/12/5 5738/12/5 5768/12/5
f 5770/12/5 5740/12/5 5739/12/5
f 5770/6/5 5739/6/5 5769/6/5
f 5770/12/5 5741/12/5 5740/12/5
f 5770/12/5 5742/12/5 5741/12/5
f 5771/12/5 5742/12/5 5770/12/5
f 5772/12/5 5742/12/5 5771/12/5
f 5773/7/5 5743/7/5 5742/7/5
f 5773/12/5 5742/12/5 5772/12/5
f 5774/12/5 5079/12/5 5743/12/5
f 5774/7/5 5743/7/5 5773/7/5
f 5775/12/5 5079/12/5 5774/12/5
f 5776/12/5 5079/12/5 5775/12/5
f 5777/5/5 5747/5/5 5746/5/5
f 5777/12/5 5749/12/5 5748/12/5
f 5777/5/5 5746/5/5 5745/5/5
f 5777/5/5 5745/5/5 5744/5/5
f 5777/5/5 5748/5/5 5747/5/5
f 5778/5/5 5750/5/5 5749/5/5
f 5778/12/5 5749/12/5 5777/12/5
f 5778/5/5 5752/5/5 5751/5/5
f 5778/5/5 5751/5/5 5750/5/5
f 5779/5/5 5752/5/5 5778/5/5
f 5780/5/5 5752/5/5 5779/5/5
f 5781/12/5 5753/12/5 5752/12/5
f 5781/5/5 5754/5/5 5753/5/5
f 5782/12/5 5755/12/5 5726/12/5
f 5782/5/5 5754/5/5 5781/5/5
f 5782/5/5 5726/5/5 5754/5/5
f 5782/12/5 5756/12/5 5755/12/5
f 5782/12/5 5757/12/5 5756/12/5
f 5783/12/5 5757/12/5 5782/12/5
f 5784/12/5 5759/12/5 5758/12/5
f 5785/12/5 5759/12/5 5784/12/5
f 5786/5/5 5760/5/5 5759/5/5
f 5786/12/5 5759/12/5 5785/12/5
f 5787/12/5 5761/12/5 5760/12/5
f 5787/5/5 5760/5/5 5786/5/5
f 5787/12/5 5762/12/5 5761/12/5
f 5787/12/5 5763/12/5 5762/12/5
f 5788/5/5 5764/5/5 5763/5/5
f 5788/12/5 5763/12/5 5787/12/5
f 5789/12/5 5765/12/5 5764/12/5
f 5789/5/5 5764/5/5 5788/5/5
f 5790/8/5 5766/8/5 5765/8/5
f 5790/12/5 5765/12/5 5789/12/5
f 5791/12/5 5767/12/5 5766/12/5
f 5791/8/5 5766/8/5 5790/8/5
f 5792/11/5 5768/11/5 5767/11/5
f 5792/12/5 5767/12/5 5791/12/5
f 5793/12/5 5769/12/5 5768/12/5
f 5793/11/5 5768/11/5 5792/11/5
f 5793/12/5 5770/12/5 5769/12/5
f 5793/12/5 5771/12/5 5770/12/5
f 5794/12/5 5771/12/5 5793/12/5
f 5795/12/5 5771/12/5 5794/12/5
f 5796/12/5 5771/12/5 5795/12/5
f 5797/7/5 5772/7/5 5771/7/5
f 5797/12/5 5771/12/5 5796/12/5
f 5798/12/5 5775/12/5 5774/12/5
f 5798/7/5 5772/7/5 5797/7/5
f 5798/12/5 5774/12/5 5773/12/5
f 5798/12/5 5773/12/5 5772/12/5
f 5799/5/5 5777/5/5 5744/5/5
f 5799/5/5 5779/5/5 5778/5/5
f 5799/5/5 5778/5/5 5777/5/5
f 5800/5/5 5779/5/5 5799/5/5
f 5801/5/5 5779/5/5 5800/5/5
f 5802/5/5 5779/5/5 5801/5/5
f 5803/5/5 5779/5/5 5802/5/5
f 5804/12/5 5780/12/5 5779/12/5
f 5804/5/5 5779/5/5 5803/5/5
f 5805/12/5 5781/12/5 5752/12/5
f 5805/12/5 5782/12/5 5781/12/5
f 5805/5/5 5752/5/5 5780/5/5
f 5806/12/5 5782/12/5 5805/12/5
f 5807/5/5 5783/5/5 5782/5/5
f 5807/12/5 5782/12/5 5806/12/5
f 5808/12/5 5757/12/5 5783/12/5
f 5808/5/5 5783/5/5 5807/5/5
f 5809/12/5 5757/12/5 5808/12/5
f 5810/12/5 5757/12/5 5809/12/5
f 5811/5/5 5758/5/5 5757/5/5
f 5811/12/5 5757/12/5 5810/12/5
f 5812/12/5 5784/12/5 5758/12/5
f 5812/5/5 5758/5/5 5811/5/5
f 5813/12/5 5784/12/5 5812/12/5
f 5814/5/5 5785/5/5 5784/5/5
f 5814/12/5 5784/12/5 5813/12/5
f 5815/12/5 5791/12/5 5790/12/5
f 5815/12/5 5792/12/5 5791/12/5
f 5815/12/5 5786/12/5 5785/12/5
f 5815/12/5 5790/12/5 5789/12/5
f 5815/12/5 5789/12/5 5788/12/5
f 5815/12/5 5788/12/5 5787/12/5
f 5815/12/5 5793/12/5 5792/12/5
f 5815/12/5 5787/12/5 5786/12/5
f 5816/12/5 5793/12/5 5815/12/5
f 5817/11/5 5794/11/5 5793/11/5
f 5817/12/5 5793/12/5 5816/12/5
f 5818/12/5 5795/12/5 5794/12/5
f 5818/11/5 5794/11/5 5817/11/5
f 5819/6/5 5796/6/5 5795/6/5
f 5819/12/5 5795/12/5 5818/12/5
f 5820/12/5 5797/12/5 5796/12/5
f 5820/6/5 5796/6/5 5819/6/5
f 5820/12/5 5798/12/5 5797/12/5
f 5821/12/5 5775/12/5 5798/12/5
f 5821/12/5 5798/12/5 5820/12/5
f 5821/9/5 5776/9/5 5775/9/5
f 5822/9/5 5776/9/5 5821/9/5
f 5823/5/5 4793/5/5 4768/5/5
f 5823/5/5 5663/5/5 5628/5/5
f 5823/5/5 5569/5/5 4793/5/5
f 5823/5/5 5799/5/5 5744/5/5
f 5823/5/5 5744/5/5 5663/5/5
f 5823/5/5 5628/5/5 5569/5/5
f 5824/5/5 5799/5/5 5823/5/5
f 5825/12/5 5800/12/5 5799/12/5
f 5825/5/5 5799/5/5 5824/5/5
f 5826/5/5 5801/5/5 5800/5/5
f 5826/12/5 5800/12/5 5825/12/5
f 5827/12/5 5804/12/5 5803/12/5
f 5827/5/5 5803/5/5 5802/5/5
f 5828/12/5 5804/12/5 5827/12/5
f 5829/12/5 5780/12/5 5804/12/5
f 5829/12/5 5804/12/5 5828/12/5
f 5830/5/5 5806/5/5 5805/5/5
f 5830/12/5 5780/12/5 5829/12/5
f 5830/5/5 5805/5/5 5780/5/5
f 5831/5/5 5806/5/5 5830/5/5
f 5832/12/5 5807/12/5 5806/12/5
f 5832/5/5 5806/5/5 5831/5/5
f 5832/12/5 5809/12/5 5808/12/5
f 5832/12/5 5808/12/5 5807/12/5
f 5833/12/5 5809/12/5 5832/12/5
f 5834/12/5 5809/12/5 5833/12/5
f 5835/5/5 5810/5/5 5809/5/5
f 5835/12/5 5809/12/5 5834/12/5
f 5836/12/5 5812/12/5 5811/12/5
f 5836/5/5 5810/5/5 5835/5/5
f 5836/12/5 5813/12/5 5812/12/5
f 5836/12/5 5811/12/5 5810/12/5
f 5837/5/5 5814/5/5 5813/5/5
f 5837/12/5 5813/12/5 5836/12/5
f 5838/5/5 5785/5/5 5814/5/5
f 5838/5/5 5814/5/5 5837/5/5
f 5838/12/5 5815/12/5 5785/12/5
f 5839/12/5 5815/12/5 5838/12/5
f 5840/12/5 5815/12/5 5839/12/5
f 5841/5/5 5816/5/5 5815/5/5
f 5841/12/5 5815/12/5 5840/12/5
f 5842/12/5 5820/12/5 5819/12/5
f 5842/5/5 5816/5/5 5841/5/5
f 5842/12/5 5822/12/5 5821/12/5
f 5842/12/5 5821/12/5 5820/12/5
f 5842/12/5 5819/12/5 5818/12/5
f 5842/12/5 5817/12/5 5816/12/5
f 5842/12/5 5818/12/5 5817/12/5
f 5843/12/5 5822/12/5 5842/12/5
f 5844/12/5 5822/12/5 5843/12/5
f 5845/12/5 5822/12/5 5844/12/5
f 5846/12/5 5822/12/5 5845/12/5
f 5847/12/5 5822/12/5 5846/12/5
f 5848/12/5 5822/12/5 5847/12/5
f 5849/5/5 5823/5/5 4768/5/5
f 5850/2/5 5824/2/5 5823/2/5
f 5850/5/5 5823/5/5 5849/5/5
f 5851/5/5 5825/5/5 5824/5/5
f 5851/2/5 5824/2/5 5850/2/5
f 5851/5/5 5826/5/5 5825/5/5
f 5852/5/5 5801/5/5 5826/5/5
f 5852/5/5 5826/5/5 5851/5/5
f 5852/12/5 5802/12/5 5801/12/5
f 5853/5/5 5828/5/5 5827/5/5
f 5853/12/5 5802/12/5 5852/12/5
f 5853/5/5 5827/5/5 5802/5/5
f 5854/12/5 5829/12/5 5828/12/5
f 5854/5/5 5828/5/5 5853/5/5
f 5855/5/5 5831/5/5 5830/5/5
f 5855/12/5 5829/12/5 5854/12/5
f 5855/5/5 5830/5/5 5829/5/5
f 5856/12/5 5833/12/5 5832/12/5
f 5856/5/5 5831/5/5 5855/5/5
f 5856/12/5 5832/12/5 5831/12/5
f 5857/5/5 5834/5/5 5833/5/5
f 5857/12/5 5833/12/5 5856/12/5
f 5858/12/5 5837/12/5 5836/12/5
f 5858/5/5 5834/5/5 5857/5/5
f 5858/12/5 5836/12/5 5835/12/5
f 5858/12/5 5835/12/5 5834/12/5
f 5858/12/5 5839/12/5 5838/12/5
f 5858/12/5 5838/12/5 5837/12/5
f 5859/5/5 5840/5/5 5839/5/5
f 5859/12/5 5839/12/5 5858/12/5
f 5860/12/5 5843/12/5 5842/12/5
f 5860/5/5 5840/5/5 5859/5/5
f 5860/12/5 5842/12/5 5841/12/5
f 5860/12/5 5841/12/5 5840/12/5
f 5861/9/5 5844/9/5 5843/9/5
f 5861/12/5 5843/12/5 5860/12/5
f 5862/12/5 5845/12/5 5844/12/5
f 5862/9/5 5844/9/5 5861/9/5
f 5863/11/5 5846/11/5 5845/11/5
f 5863/12/5 5845/12/5 5862/12/5
f 5864/12/5 5847/12/5 5846/12/5
f 5864/11/5 5846/11/5 5863/11/5
f 5865/6/5 5848/6/5 5847/6/5
f 5865/12/5 5847/12/5 5864/12/5
f 5866/12/5 5822/12/5 5848/12/5
f 5866/6/5 5848/6/5 5865/6/5
f 5867/12/5 5822/12/5 5866/12/5
f 5870/5/5 5869/5/5 5868/5/5
f 5871/5/5 5869/5/5 5870/5/5
f 5874/12/5 5873/12/5 5872/12/5
f 5875/12/5 5873/12/5 5874/12/5
f 5878/5/5 5877/5/5 5876/5/5
f 5879/5/5 5877/5/5 5878/5/5
f 5882/12/5 5881/12/5 5880/12/5
f 5883/12/5 5881/12/5 5882/12/5
f 5884/5/6 5885/5/6 5886/5/6
f 5886/5/6 5887/5/6 5890/5/6
f 5887/1/6 5888/1/6 5890/1/6
f 5888/5/6 5889/5/6 5891/5/6
f 5890/1/6 5888/1/6 5891/1/6
f 5891/5/6 5889/5/6 5892/5/6
f 5892/5/6 5889/5/6 5893/5/6
f 5893/5/6 5889/5/6 5894/5/6
f 5890/5/6 5891/5/6 5896/5/6
f 5891/5/6 5892/5/6 5896/5/6
f 5892/4/6 5893/4/6 5897/4/6
f 5896/5/6 5892/5/6 5897/5/6
f 5894/5/6 5895/5/6 5898/5/6
f 5897/4/6 5893/4/6 5898/4/6
f 5893/5/6 5894/5/6 5898/5/6
f 5898/5/6 5895/5/6 5899/5/6
f 5890/5/6 5896/5/6 5901/5/6
f 5901/5/6 5896/5/6 5902/5/6
f 5899/5/6 5900/5/6 5903/5/6
f 5898/5/6 5899/5/6 5903/5/6
f 5897/5/6 5898/5/6 5903/5/6
f 5903/5/6 5900/5/6 5904/5/6
f 5904/5/6 5900/5/6 5905/5/6
f 5884/5/6 5886/5/6 5907/5/6
f 5886/5/6 5890/5/6 5907/5/6
f 5890/5/6 5901/5/6 5907/5/6
f 5907/5/6 5901/5/6 5908/5/6
f 5908/5/6 5901/5/6 5909/5/6
f 5909/5/6 5901/5/6 5910/5/6
f 5905/5/6 5906/5/6 5911/5/6
f 5904/5/6 5905/5/6 5911/5/6
f 5911/5/6 5906/5/6 5912/5/6
f 5912/5/6 5906/5/6 5913/5/6
f 5913/5/6 5906/5/6 5914/5/6
f 5914/5/6 5906/5/6 5915/5/6
f 5915/5/6 5906/5/6 5916/5/6
f 5884/5/6 5907/5/6 5917/5/6
f 5907/4/6 5908/4/6 5917/4/6
f 5908/5/6 5909/5/6 5918/5/6
f 5917/4/6 5908/4/6 5918/4/6
f 5918/5/6 5909/5/6 5919/5/6
f 5919/5/6 5909/5/6 5920/5/6
f 5912/5/6 5913/5/6 5921/5/6
f 5921/5/6 5913/5/6 5922/5/6
f 5913/1/6 5914/1/6 5923/1/6
f 5922/5/6 5913/5/6 5923/5/6
f 5914/5/6 5915/5/6 5924/5/6
f 5923/1/6 5914/1/6 5924/1/6
f 5924/5/6 5915/5/6 5925/5/6
f 5925/5/6 5915/5/6 5926/5/6
f 5917/5/6 5918/5/6 5929/5/6
f 5918/5/6 5919/5/6 5929/5/6
f 5929/5/6 5919/5/6 5930/5/6
f 5922/5/6 5923/5/6 5931/5/6
f 5924/5/6 5925/5/6 5931/5/6
f 5923/5/6 5924/5/6 5931/5/6
f 5931/5/6 5925/5/6 5932/5/6
f 5932/5/6 5925/5/6 5933/5/6
f 5933/5/6 5925/5/6 5934/5/6
f 5917/5/6 5929/5/6 5935/5/6
f 5935/5/6 5929/5/6 5936/5/6
f 5932/5/6 5933/5/6 5937/5/6
f 5937/5/6 5933/5/6 5938/5/6
f 5938/5/6 5933/5/6 5939/5/6
f 5939/5/6 5933/5/6 5940/5/6
f 5927/12/6 5928/12/6 5941/12/6
f 5941/12/6 5928/12/6 5942/12/6
f 5917/5/6 5935/5/6 5943/5/6
f 5943/5/6 5935/5/6 5944/5/6
f 5938/5/6 5939/5/6 5945/5/6
f 5945/5/6 5939/5/6 5946/5/6
f 5946/5/6 5939/5/6 5947/5/6
f 5947/5/6 5939/5/6 5948/5/6
f 5927/12/6 5941/12/6 5950/12/6
f 5941/10/6 5942/10/6 5951/10/6
f 5950/12/6 5941/12/6 5951/12/6
f 5942/12/6 5928/12/6 5952/12/6
f 5951/10/6 5942/10/6 5952/10/6
f 5884/5/6 5917/5/6 5953/5/6
f 5917/5/6 5943/5/6 5953/5/6
f 5953/5/6 5943/5/6 5954/5/6
f 5946/5/6 5947/5/6 5955/5/6
f 5955/5/6 5947/5/6 5956/5/6
f 5884/5/6 5953/5/6 5957/5/6
f 5957/5/6 5953/5/6 5958/5/6
f 5946/5/6 5955/5/6 5959/5/6
f 5959/5/6 5955/5/6 5960/5/6
f 5960/5/6 5955/5/6 5961/5/6
f 5961/5/6 5955/5/6 5962/5/6
f 5962/5/6 5955/5/6 5963/5/6
f 5963/5/6 5955/5/6 5964/5/6
f 5950/12/6 5951/12/6 5966/12/6
f 5951/12/6 5952/12/6 5966/12/6
f 5949/12/6 5950/12/6 5966/12/6
f 5884/5/6 5957/5/6 5967/5/6
f 5967/5/6 5957/5/6 5968/5/6
f 5961/4/6 5962/4/6 5969/4/6
f 5960/5/6 5961/5/6 5969/5/6
f 5962/5/6 5963/5/6 5970/5/6
f 5969/4/6 5962/4/6 5970/4/6
f 5970/5/6 5963/5/6 5971/5/6
f 5971/5/6 5963/5/6 5972/5/6
f 5884/5/6 5967/5/6 5973/5/6
f 5973/5/6 5967/5/6 5974/5/6
f 5960/5/6 5969/5/6 5975/5/6
f 5970/5/6 5971/5/6 5975/5/6
f 5969/5/6 5970/5/6 5975/5/6
f 5975/5/6 5971/5/6 5976/5/6
f 5976/5/6 5971/5/6 5977/5/6
f 5977/5/6 5971/5/6 5978/5/6
f 5884/5/6 5973/5/6 5979/5/6
f 5979/5/6 5973/5/6 5980/5/6
f 5976/5/6 5977/5/6 5981/5/6
f 5981/5/6 5977/5/6 5982/5/6
f 5884/5/6 5979/5/6 5983/5/6
f 5983/5/6 5979/5/6 5984/5/6
f 5982/5/6 5977/5/6 5985/5/6
f 5985/5/6 5977/5/6 5986/5/6
f 5986/5/6 5977/5/6 5987/5/6
f 5987/5/6 5977/5/6 5988/5/6
f 5965/12/6 5966/12/6 5990/12/6
f 5884/5/6 5983/5/6 5991/5/6
f 5991/5/6 5983/5/6 5992/5/6
f 5986/5/6 5987/5/6 5993/5/6
f 5993/5/6 5987/5/6 5994/5/6
f 5884/5/6 5991/5/6 5995/5/6
f 5995/5/6 5991/5/6 5996/5/6
f 5994/5/6 5987/5/6 5997/5/6
f 5997/5/6 5987/5/6 5998/5/6
f 5998/5/6 5987/5/6 5999/5/6
f 5999/5/6 5987/5/6 6000/5/6
f 5884/5/6 5995/5/6 6001/5/6
f 6001/5/6 5995/5/6 6002/5/6
f 5994/5/6 5997/5/6 6003/5/6
f 6003/5/6 5997/5/6 6004/5/6
f 5997/4/6 5998/4/6 6005/4/6
f 6004/5/6 5997/5/6 6005/5/6
f 5998/5/6 5999/5/6 6006/5/6
f 6005/4/6 5998/4/6 6006/4/6
f 5884/5/6 6001/5/6 6007/5/6
f 6007/5/6 6001/5/6 6008/5/6
f 6004/5/6 6005/5/6 6009/5/6
f 6006/5/6 5999/5/6 6009/5/6
f 6005/5/6 6006/5/6 6009/5/6
f 6009/5/6 5999/5/6 6010/5/6
f 6010/5/6 5999/5/6 6011/5/6
f 6011/5/6 5999/5/6 6012/5/6
f 5989/12/6 5990/12/6 6014/12/6
f 6004/5/6 6009/5/6 6015/5/6
f 6015/5/6 6009/5/6 6016/5/6
f 6016/5/6 6009/5/6 6017/5/6
f 6017/5/6 6009/5/6 6018/5/6
f 6009/2/6 6010/2/6 6019/2/6
f 6018/5/6 6009/5/6 6019/5/6
f 6010/5/6 6011/5/6 6020/5/6
f 6019/2/6 6010/2/6 6020/2/6
f 6020/5/6 6011/5/6 6021/5/6
f 6021/5/6 6011/5/6 6022/5/6
f 6017/4/6 6018/4/6 6023/4/6
f 6016/5/6 6017/5/6 6023/5/6
f 6018/5/6 6019/5/6 6024/5/6
f 6023/4/6 6018/4/6 6024/4/6
f 6020/5/6 6021/5/6 6024/5/6
f 6019/5/6 6020/5/6 6024/5/6
f 6013/12/6 6014/12/6 6026/12/6
f 5952/12/6 5928/12/6 6027/12/6
f 5990/12/6 5966/12/6 6027/12/6
f 6026/12/6 6014/12/6 6027/12/6
f 5966/12/6 5952/12/6 6027/12/6
f 6014/12/6 5990/12/6 6027/12/6
f 6027/12/6 5928/12/6 6028/12/6
f 6016/5/6 6023/5/6 6029/5/6
f 6023/5/6 6024/5/6 6029/5/6
f 6029/5/6 6024/5/6 6030/5/6
f 6024/5/6 6021/5/6 6031/5/6
f 6030/5/6 6024/5/6 6031/5/6
f 6031/5/6 6021/5/6 6032/5/6
f 6025/12/6 6026/12/6 6033/12/6
f 6027/7/6 6028/7/6 6033/7/6
f 6026/12/6 6027/12/6 6033/12/6
f 6028/12/6 5928/12/6 6034/12/6
f 6033/7/6 6028/7/6 6034/7/6
f 6030/5/6 6031/5/6 6035/5/6
f 6035/5/6 6031/5/6 6036/5/6
f 6030/5/6 6035/5/6 6037/5/6
f 6037/5/6 6035/5/6 6038/5/6
f 6038/5/6 6035/5/6 6039/5/6
f 6039/5/6 6035/5/6 6040/5/6
f 6038/5/6 6039/5/6 6041/5/6
f 6041/5/6 6039/5/6 6042/5/6
f 6025/12/6 6033/12/6 6044/12/6
f 6033/12/6 6034/12/6 6044/12/6
f 6042/5/6 6039/5/6 6045/5/6
f 6045/5/6 6039/5/6 6046/5/6
f 6046/5/6 6039/5/6 6047/5/6
f 6047/5/6 6039/5/6 6048/5/6
f 6046/5/6 6047/5/6 6049/5/6
f 6049/5/6 6047/5/6 6050/5/6
f 6046/5/6 6049/5/6 6051/5/6
f 6051/5/6 6049/5/6 6052/5/6
f 6050/5/6 6047/5/6 6053/5/6
f 6053/5/6 6047/5/6 6054/5/6
f 6052/5/6 6049/5/6 6055/5/6
f 6049/1/6 6050/1/6 6055/1/6
f 6050/5/6 6053/5/6 6056/5/6
f 6055/1/6 6050/1/6 6056/1/6
f 6053/2/6 6054/2/6 6057/2/6
f 6056/5/6 6053/5/6 6057/5/6
f 6054/5/6 6047/5/6 6058/5/6
f 6057/2/6 6054/2/6 6058/2/6
f 6056/5/6 6057/5/6 6059/5/6
f 6058/5/6 6047/5/6 6059/5/6
f 6057/5/6 6058/5/6 6059/5/6
f 6055/5/6 6056/5/6 6059/5/6
f 6059/5/6 6047/5/6 6060/5/6
f 6055/5/6 6059/5/6 6061/5/6
f 6043/12/6 6044/12/6 6063/12/6
f 6055/5/6 6061/5/6 6064/5/6
f 6052/5/6 6055/5/6 6064/5/6
f 6064/5/6 6061/5/6 6065/5/6
f 6034/12/6 5928/12/6 6066/12/6
f 6044/12/6 6034/12/6 6066/12/6
f 6062/12/6 6063/12/6 6066/12/6
f 6063/12/6 6044/12/6 6066/12/6
f 6066/12/6 5928/12/6 6067/12/6
f 6062/12/6 6066/12/6 6069/12/6
f 6066/9/6 6067/9/6 6070/9/6
f 6069/12/6 6066/12/6 6070/12/6
f 6070/9/6 6067/9/6 6071/9/6
f 6065/5/6 6061/5/6 6072/5/6
f 6072/5/6 6061/5/6 6073/5/6
f 6068/12/6 6069/12/6 6075/12/6
f 6069/12/6 6070/12/6 6075/12/6
f 6070/12/6 6071/12/6 6075/12/6
f 6075/12/6 6071/12/6 6076/12/6
f 6076/12/6 6071/12/6 6077/12/6
f 6074/12/6 6075/12/6 6079/12/6
f 6075/12/6 6076/12/6 6079/12/6
f 6076/7/6 6077/7/6 6080/7/6
f 6079/12/6 6076/12/6 6080/12/6
f 6077/12/6 6071/12/6 6081/12/6
f 6080/7/6 6077/7/6 6081/7/6
f 6081/12/6 6071/12/6 6082/12/6
f 6082/12/6 6071/12/6 6083/12/6
f 6072/1/6 6073/1/6 6084/1/6
f 6065/5/6 6072/5/6 6084/5/6
f 6073/5/6 6061/5/6 6085/5/6
f 6084/1/6 6073/1/6 6085/1/6
f 6079/12/6 6080/12/6 6086/12/6
f 6078/12/6 6079/12/6 6086/12/6
f 6080/12/6 6081/12/6 6086/12/6
f 6081/12/6 6082/12/6 6086/12/6
f 6082/9/6 6083/9/6 6087/9/6
f 6086/12/6 6082/12/6 6087/12/6
f 6083/12/6 6071/12/6 6088/12/6
f 6087/9/6 6083/9/6 6088/9/6
f 6086/12/6 6087/12/6 6090/12/6
f 6087/12/6 6088/12/6 6090/12/6
f 6065/5/6 6084/5/6 6091/5/6
f 6084/5/6 6085/5/6 6091/5/6
f 6091/5/6 6085/5/6 6092/5/6
f 6085/5/6 6061/5/6 6093/5/6
f 6092/5/6 6085/5/6 6093/5/6
f 6089/12/6 6090/12/6 6095/12/6
f 6092/5/6 6093/5/6 6096/5/6
f 6096/5/6 6093/5/6 6097/5/6
f 6097/5/6 6093/5/6 6098/5/6
f 6094/12/6 6095/12/6 6101/12/6
f 6092/5/6 6096/5/6 6102/5/6
f 6096/4/6 6097/4/6 6102/4/6
f 6098/5/6 6099/5/6 6103/5/6
f 6102/4/6 6097/4/6 6103/4/6
f 6097/5/6 6098/5/6 6103/5/6
f 6100/12/6 6101/12/6 6106/12/6
f 6104/12/6 6105/12/6 6108/12/6
f 6105/12/6 6106/12/6 6108/12/6
f 6102/5/6 6103/5/6 6109/5/6
f 6103/5/6 6099/5/6 6109/5/6
f 6107/12/6 6108/12/6 6112/12/6
f 6092/5/6 6102/5/6 6114/5/6
f 6109/5/6 6110/5/6 6114/5/6
f 6102/5/6 6109/5/6 6114/5/6
f 6114/5/6 6110/5/6 6115/5/6
f 6115/5/6 6110/5/6 6116/5/6
f 6113/5/6 6114/5/6 6117/5/6
f 6114/5/6 6115/5/6 6117/5/6
f 6115/4/6 6116/4/6 6117/4/6
f 6116/5/6 6110/5/6 6118/5/6
f 6117/4/6 6116/4/6 6118/4/6
f 6111/12/6 6112/12/6 6120/12/6
f 6118/5/6 6110/5/6 6121/5/6
f 6117/5/6 6118/5/6 6121/5/6
f 6119/12/6 6120/12/6 6124/12/6
f 6095/12/6 6090/12/6 6125/12/6
f 6090/12/6 6088/12/6 6125/12/6
f 6124/12/6 6120/12/6 6125/12/6
f 6106/12/6 6101/12/6 6125/12/6
f 6101/12/6 6095/12/6 6125/12/6
f 6112/12/6 6108/12/6 6125/12/6
f 6120/12/6 6112/12/6 6125/12/6
f 6108/12/6 6106/12/6 6125/12/6
f 6125/12/6 6088/12/6 6126/12/6
f 6121/5/6 6122/5/6 6127/5/6
f 6117/5/6 6121/5/6 6127/5/6
f 6113/5/6 6117/5/6 6127/5/6
f 6127/5/6 6122/5/6 6128/5/6
f 6128/5/6 6122/5/6 6129/5/6
f 6123/12/6 6124/12/6 6132/12/6
f 6124/12/6 6125/12/6 6132/12/6
f 6125/9/6 6126/9/6 6133/9/6
f 6132/12/6 6125/12/6 6133/12/6
f 6126/12/6 6088/12/6 6134/12/6
f 6133/9/6 6126/9/6 6134/9/6
f 6113/5/6 6127/5/6 6136/5/6
f 6127/3/6 6128/3/6 6137/3/6
f 6136/5/6 6127/5/6 6137/5/6
f 6129/5/6 6130/5/6 6138/5/6
f 6137/3/6 6128/3/6 6138/3/6
f 6128/5/6 6129/5/6 6138/5/6
f 6138/5/6 6130/5/6 6139/5/6
f 6139/5/6 6130/5/6 6140/5/6
f 6132/12/6 6133/12/6 6142/12/6
f 6131/12/6 6132/12/6 6142/12/6
f 6133/12/6 6134/12/6 6142/12/6
f 6136/5/6 6137/5/6 6143/5/6
f 6139/12/6 6140/12/6 6143/12/6
f 6135/5/6 6136/5/6 6143/5/6
f 6138/5/6 6139/5/6 6143/5/6
f 6137/5/6 6138/5/6 6143/5/6
f 6140/5/6 6130/5/6 6144/5/6
f 6143/12/6 6140/12/6 6144/12/6
f 6144/5/6 6130/5/6 6145/5/6
f 6141/12/6 6142/12/6 6148/12/6
f 6142/12/6 6134/12/6 6149/12/6
f 6134/12/6 6088/12/6 6149/12/6
f 6148/12/6 6142/12/6 6149/12/6
f 6149/12/6 6088/12/6 6150/12/6
f 6135/5/6 6143/5/6 6151/5/6
f 6145/5/6 6146/5/6 6151/5/6
f 6143/5/6 6144/5/6 6151/5/6
f 6144/5/6 6145/5/6 6151/5/6
f 6151/5/6 6146/5/6 6152/5/6
f 6152/5/6 6146/5/6 6153/5/6
f 6147/12/6 6148/12/6 6155/12/6
f 6148/12/6 6149/12/6 6155/12/6
f 6149/11/6 6150/11/6 6156/11/6
f 6155/12/6 6149/12/6 6156/12/6
f 6150/12/6 6088/12/6 6157/12/6
f 6156/11/6 6150/11/6 6157/11/6
f 6135/5/6 6151/5/6 6159/5/6
f 6151/2/6 6152/2/6 6160/2/6
f 6159/5/6 6151/5/6 6160/5/6
f 6152/5/6 6153/5/6 6161/5/6
f 6160/2/6 6152/2/6 6161/2/6
f 6161/5/6 6153/5/6 6162/5/6
f 6155/12/6 6156/12/6 6165/12/6
f 6154/12/6 6155/12/6 6165/12/6
f 6156/12/6 6157/12/6 6165/12/6
f 6162/5/6 6163/5/6 6166/5/6
f 6161/5/6 6162/5/6 6166/5/6
f 6159/5/6 6160/5/6 6166/5/6
f 6158/5/6 6159/5/6 6166/5/6
f 6160/5/6 6161/5/6 6166/5/6
f 6166/5/6 6163/5/6 6167/5/6
f 6167/5/6 6163/5/6 6168/5/6
f 6168/5/6 6163/5/6 6169/5/6
f 6164/12/6 6165/12/6 6173/12/6
f 6158/5/6 6166/5/6 6175/5/6
f 6166/12/6 6167/12/6 6176/12/6
f 6175/5/6 6166/5/6 6176/5/6
f 6167/5/6 6168/5/6 6177/5/6
f 6176/12/6 6167/12/6 6177/12/6
f 6168/12/6 6169/12/6 6178/12/6
f 6177/5/6 6168/5/6 6178/5/6
f 6169/5/6 6170/5/6 6179/5/6
f 6178/12/6 6169/12/6 6179/12/6
f 6179/5/6 6170/5/6 6180/5/6
f 6180/5/6 6170/5/6 6181/5/6
f 6171/12/6 6172/12/6 6184/12/6
f 6172/12/6 6173/12/6 6184/12/6
f 6174/5/6 6175/5/6 6185/5/6
f 6175/5/6 6176/5/6 6185/5/6
f 6176/5/6 6177/5/6 6185/5/6
f 6177/5/6 6178/5/6 6185/5/6
f 6178/5/6 6179/5/6 6185/5/6
f 6185/5/6 6179/5/6 6186/5/6
f 6186/5/6 6179/5/6 6187/5/6
f 6179/12/6 6180/12/6 6188/12/6
f 6187/5/6 6179/5/6 6188/5/6
f 6181/5/6 6182/5/6 6189/5/6
f 6188/12/6 6180/12/6 6189/12/6
f 6180/5/6 6181/5/6 6189/5/6
f 6189/5/6 6182/5/6 6190/5/6
f 6183/12/6 6184/12/6 6194/12/6
f 6165/12/6 6157/12/6 6195/12/6
f 6184/12/6 6173/12/6 6195/12/6
f 6194/12/6 6184/12/6 6195/12/6
f 6173/12/6 6165/12/6 6195/12/6
f 6195/12/6 6157/12/6 6196/12/6
f 6174/5/6 6185/5/6 6198/5/6
f 6198/5/6 6185/5/6 6199/5/6
f 6199/5/6 6185/5/6 6200/5/6
f 6185/12/6 6186/12/6 6201/12/6
f 6200/5/6 6185/5/6 6201/5/6
f 6186/5/6 6187/5/6 6202/5/6
f 6201/12/6 6186/12/6 6202/12/6
f 6187/12/6 6188/12/6 6203/12/6
f 6202/5/6 6187/5/6 6203/5/6
f 6188/5/6 6189/5/6 6204/5/6
f 6203/12/6 6188/12/6 6204/12/6
f 6189/12/6 6190/12/6 6205/12/6
f 6204/5/6 6189/5/6 6205/5/6
f 6205/12/6 6190/12/6 6206/12/6
f 6190/5/6 6191/5/6 6207/5/6
f 6206/12/6 6190/12/6 6207/12/6
f 6191/12/6 6192/12/6 6208/12/6
f 6207/5/6 6191/5/6 6208/5/6
f 6208/12/6 6192/12/6 6209/12/6
f 6193/12/6 6194/12/6 6213/12/6
f 6194/12/6 6195/12/6 6213/12/6
f 6195/8/6 6196/8/6 6214/8/6
f 6213/12/6 6195/12/6 6214/12/6
f 6196/12/6 6157/12/6 6215/12/6
f 6214/8/6 6196/8/6 6215/8/6
f 6199/12/6 6200/12/6 6216/12/6
f 6197/5/6 6198/5/6 6216/5/6
f 6198/5/6 6199/5/6 6216/5/6
f 6201/5/6 6202/5/6 6217/5/6
f 6216/12/6 6200/12/6 6217/12/6
f 6200/5/6 6201/5/6 6217/5/6
f 6205/5/6 6206/5/6 6217/5/6
f 6202/5/6 6203/5/6 6217/5/6
f 6204/5/6 6205/5/6 6217/5/6
f 6203/5/6 6204/5/6 6217/5/6
f 6217/5/6 6206/5/6 6218/5/6
f 6218/5/6 6206/5/6 6219/5/6
f 6219/5/6 6206/5/6 6220/5/6
f 6206/12/6 6207/12/6 6221/12/6
f 6220/5/6 6206/5/6 6221/5/6
f 6208/12/6 6209/12/6 6221/12/6
f 6207/12/6 6208/12/6 6221/12/6
f 6209/12/6 6210/12/6 6221/12/6
f 6221/12/6 6210/12/6 6222/12/6
f 6210/5/6 6211/5/6 6223/5/6
f 6222/12/6 6210/12/6 6223/12/6
f 6223/5/6 6211/5/6 6224/5/6
f 6213/12/6 6214/12/6 6227/12/6
f 6214/12/6 6215/12/6 6227/12/6
f 6212/12/6 6213/12/6 6227/12/6
f 6218/12/6 6219/12/6 6228/12/6
f 6217/5/6 6218/5/6 6228/5/6
f 6216/5/6 6217/5/6 6228/5/6
f 6219/5/6 6220/5/6 6229/5/6
f 6228/12/6 6219/12/6 6229/12/6
f 6229/5/6 6220/5/6 6230/5/6
f 6230/5/6 6220/5/6 6231/5/6
f 6231/5/6 6220/5/6 6232/5/6
f 6220/12/6 6221/12/6 6233/12/6
f 6221/5/6 6222/5/6 6234/5/6
f 6233/12/6 6221/12/6 6234/12/6
f 6224/12/6 6225/12/6 6235/12/6
f 6234/5/6 6222/5/6 6235/5/6
f 6223/12/6 6224/12/6 6235/12/6
f 6222/12/6 6223/12/6 6235/12/6
f 6235/12/6 6225/12/6 6236/12/6
f 6236/12/6 6225/12/6 6237/12/6
f 6237/12/6 6225/12/6 6238/12/6
f 6226/12/6 6227/12/6 6241/12/6
f 6227/12/6 6215/12/6 6242/12/6
f 6241/12/6 6227/12/6 6242/12/6
f 6242/12/6 6215/12/6 6243/12/6
f 6215/12/6 6157/12/6 6244/12/6
f 6243/12/6 6215/12/6 6244/12/6
f 6244/12/6 6157/12/6 6245/12/6
f 6197/5/6 6216/5/6 6247/5/6
f 6216/5/6 6228/5/6 6247/5/6
f 6228/5/6 6229/5/6 6247/5/6
f 6229/12/6 6230/12/6 6248/12/6
f 6247/5/6 6229/5/6 6248/5/6
f 6230/5/6 6231/5/6 6249/5/6
f 6248/12/6 6230/12/6 6249/12/6
f 6249/5/6 6231/5/6 6250/5/6
f 6232/5/6 6220/5/6 6251/5/6
f 6220/12/6 6233/12/6 6252/12/6
f 6251/5/6 6220/5/6 6252/5/6
f 6233/5/6 6234/5/6 6253/5/6
f 6252/12/6 6233/12/6 6253/12/6
f 6234/12/6 6235/12/6 6254/12/6
f 6253/5/6 6234/5/6 6254/5/6
f 6235/12/6 6236/12/6 6254/12/6
f 6236/5/6 6237/5/6 6255/5/6
f 6254/12/6 6236/12/6 6255/12/6
f 6238/12/6 6239/12/6 6256/12/6
f 6255/5/6 6237/5/6 6256/5/6
f 6237/12/6 6238/12/6 6256/12/6
f 6256/12/6 6239/12/6 6257/12/6
f 6240/12/6 6241/12/6 6260/12/6
f 6241/12/6 6242/12/6 6260/12/6
f 6242/9/6 6243/9/6 6261/9/6
f 6260/12/6 6242/12/6 6261/12/6
f 6243/12/6 6244/12/6 6262/12/6
f 6261/9/6 6243/9/6 6262/9/6
f 6262/12/6 6244/12/6 6263/12/6
f 6263/12/6 6244/12/6 6264/12/6
f 6264/12/6 6244/12/6 6265/12/6
f 6265/12/6 6244/12/6 6266/12/6
f 6244/6/6 6245/6/6 6267/6/6
f 6266/12/6 6244/12/6 6267/12/6
f 6245/12/6 6157/12/6 6268/12/6
f 6267/6/6 6245/6/6 6268/6/6
f 6247/5/6 6248/5/6 6270/5/6
f 6246/5/6 6247/5/6 6270/5/6
f 6248/5/6 6249/5/6 6270/5/6
f 6270/5/6 6249/5/6 6271/5/6
f 6271/5/6 6249/5/6 6272/5/6
f 6249/12/6 6250/12/6 6273/12/6
f 6272/5/6 6249/5/6 6273/5/6
f 6250/5/6 6231/5/6 6274/5/6
f 6273/12/6 6250/12/6 6274/12/6
f 6251/12/6 6252/12/6 6275/12/6
f 6252/5/6 6253/5/6 6275/5/6
f 6254/12/6 6255/12/6 6276/12/6
f 6275/5/6 6253/5/6 6276/5/6
f 6257/12/6 6258/12/6 6276/12/6
f 6253/12/6 6254/12/6 6276/12/6
f 6256/12/6 6257/12/6 6276/12/6
f 6255/12/6 6256/12/6 6276/12/6
f 6276/12/6 6258/12/6 6277/12/6
f 6277/12/6 6258/12/6 6278/12/6
f 6259/12/6 6260/12/6 6281/12/6
f 6260/12/6 6261/12/6 6281/12/6
f 6261/12/6 6262/12/6 6281/12/6
f 6262/12/6 6263/12/6 6281/12/6
f 6263/6/6 6264/6/6 6282/6/6
f 6281/12/6 6263/12/6 6282/12/6
f 6264/12/6 6265/12/6 6283/12/6
f 6282/6/6 6264/6/6 6283/6/6
f 6265/9/6 6266/9/6 6284/9/6
f 6283/12/6 6265/12/6 6284/12/6
f 6266/12/6 6267/12/6 6285/12/6
f 6284/9/6 6266/9/6 6285/9/6
f 6267/12/6 6268/12/6 6285/12/6
f 6268/12/6 6157/12/6 6286/12/6
f 6285/12/6 6268/12/6 6286/12/6
f 6286/12/6 6157/12/6 6287/12/6
f 6157/12/6 6088/12/6 6288/12/6
f 6287/12/6 6157/12/6 6288/12/6
f 6088/12/6 6071/12/6 6289/12/6
f 6288/12/6 6088/12/6 6289/12/6
f 6289/12/6 6071/12/6 6290/12/6
f 6290/12/6 6071/12/6 6291/12/6
f 6270/5/6 6271/5/6 6293/5/6
f 6269/5/6 6270/5/6 6293/5/6
f 6293/5/6 6271/5/6 6294/5/6
f 6294/5/6 6271/5/6 6295/5/6
f 6271/12/6 6272/12/6 6296/12/6
f 6295/5/6 6271/5/6 6296/5/6
f 6272/5/6 6273/5/6 6297/5/6
f 6296/12/6 6272/12/6 6297/12/6
f 6273/5/6 6274/5/6 6297/5/6
f 6297/5/6 6274/5/6 6298/5/6
f 6274/5/6 6231/5/6 6299/5/6
f 6298/5/6 6274/5/6 6299/5/6
f 6231/12/6 6232/12/6 6300/12/6
f 6299/5/6 6231/5/6 6300/5/6
f 6232/5/6 6251/5/6 6301/5/6
f 6300/12/6 6232/12/6 6301/12/6
f 6251/12/6 6275/12/6 6302/12/6
f 6301/5/6 6251/5/6 6302/5/6
f 6276/12/6 6277/12/6 6302/12/6
f 6275/12/6 6276/12/6 6302/12/6
f 6302/12/6 6277/12/6 6303/12/6
f 6303/12/6 6277/12/6 6304/12/6
f 6277/5/6 6278/5/6 6305/5/6
f 6304/12/6 6277/12/6 6305/12/6
f 6278/12/6 6279/12/6 6306/12/6
f 6305/5/6 6278/5/6 6306/5/6
f 6306/12/6 6279/12/6 6307/12/6
f 6283/12/6 6284/12/6 6310/12/6
f 6282/12/6 6283/12/6 6310/12/6
f 6284/12/6 6285/12/6 6310/12/6
f 6281/12/6 6282/12/6 6310/12/6
f 6280/12/6 6281/12/6 6310/12/6
f 6285/12/6 6286/12/6 6310/12/6
f 6286/10/6 6287/10/6 6311/10/6
f 6310/12/6 6286/12/6 6311/12/6
f 6287/12/6 6288/12/6 6312/12/6
f 6311/10/6 6287/10/6 6312/10/6
f 6312/12/6 6288/12/6 6313/12/6
f 6313/12/6 6288/12/6 6314/12/6
f 6288/7/6 6289/7/6 6315/7/6
f 6314/12/6 6288/12/6 6315/12/6
f 6289/12/6 6290/12/6 6316/12/6
f 6315/7/6 6289/7/6 6316/7/6
f 6290/10/6 6291/10/6 6317/10/6
f 6316/12/6 6290/12/6 6317/12/6
f 6317/10/6 6291/10/6 6318/10/6
f 6293/5/6 6294/5/6 6320/5/6
f 6292/5/6 6293/5/6 6320/5/6
f 6297/5/6 6298/5/6 6321/5/6
f 6298/3/6 6299/3/6 6321/3/6
f 6295/5/6 6296/5/6 6321/5/6
f 6296/5/6 6297/5/6 6321/5/6
f 6299/5/6 6300/5/6 6322/5/6
f 6321/3/6 6299/3/6 6322/3/6
f 6300/5/6 6301/5/6 6322/5/6
f 6322/5/6 6301/5/6 6323/5/6
f 6323/5/6 6301/5/6 6324/5/6
f 6302/12/6 6303/12/6 6325/12/6
f 6324/5/6 6301/5/6 6325/5/6
f 6301/12/6 6302/12/6 6325/12/6
f 6303/5/6 6304/5/6 6326/5/6
f 6325/12/6 6303/12/6 6326/12/6
f 6326/5/6 6304/5/6 6327/5/6
f 6304/12/6 6305/12/6 6328/12/6
f 6328/12/6 6305/12/6 6329/12/6
f 6305/6/6 6306/6/6 6330/6/6
f 6329/12/6 6305/12/6 6330/12/6
f 6307/12/6 6308/12/6 6331/12/6
f 6330/6/6 6306/6/6 6331/6/6
f 6306/12/6 6307/12/6 6331/12/6
f 6331/12/6 6308/12/6 6332/12/6
f 6310/12/6 6311/12/6 6335/12/6
f 6309/12/6 6310/12/6 6335/12/6
f 6312/12/6 6313/12/6 6335/12/6
f 6311/12/6 6312/12/6 6335/12/6
f 6313/9/6 6314/9/6 6336/9/6
f 6335/12/6 6313/12/6 6336/12/6
f 6315/12/6 6316/12/6 6337/12/6
f 6336/9/6 6314/9/6 6337/9/6
f 6316/12/6 6317/12/6 6337/12/6
f 6317/12/6 6318/12/6 6337/12/6
f 6314/12/6 6315/12/6 6337/12/6
f 6319/5/6 6320/5/6 6338/5/6
f 6320/5/6 6294/5/6 6338/5/6
f 6338/5/6 6294/5/6 6339/5/6
f 6294/12/6 6295/12/6 6340/12/6
f 6339/5/6 6294/5/6 6340/5/6
f 6295/5/6 6321/5/6 6341/5/6
f 6340/12/6 6295/12/6 6341/12/6
f 6322/5/6 6323/5/6 6341/5/6
f 6321/5/6 6322/5/6 6341/5/6
f 6324/5/6 6325/5/6 6342/5/6
f 6325/5/6 6326/5/6 6342/5/6
f 6326/12/6 6327/12/6 6343/12/6
f 6342/5/6 6326/5/6 6343/5/6
f 6327/5/6 6304/5/6 6344/5/6
f 6343/12/6 6327/12/6 6344/12/6
f 6304/12/6 6328/12/6 6345/12/6
f 6344/5/6 6304/5/6 6345/5/6
f 6345/12/6 6328/12/6 6346/12/6
f 6328/5/6 6329/5/6 6347/5/6
f 6346/12/6 6328/12/6 6347/12/6
f 6329/12/6 6330/12/6 6348/12/6
f 6347/5/6 6329/5/6 6348/5/6
f 6332/12/6 6333/12/6 6348/12/6
f 6331/12/6 6332/12/6 6348/12/6
f 6330/12/6 6331/12/6 6348/12/6
f 6348/12/6 6333/12/6 6349/12/6
f 6336/12/6 6337/12/6 6352/12/6
f 6335/12/6 6336/12/6 6352/12/6
f 6334/12/6 6335/12/6 6352/12/6
f 6319/5/6 6338/5/6 6354/5/6
f 6354/5/6 6338/5/6 6355/5/6
f 6355/5/6 6338/5/6 6356/5/6
f 6339/5/6 6340/5/6 6357/5/6
f 6341/5/6 6323/5/6 6357/5/6
f 6340/5/6 6341/5/6 6357/5/6
f 6357/5/6 6323/5/6 6358/5/6
f 6358/5/6 6323/5/6 6359/5/6
f 6359/5/6 6323/5/6 6360/5/6
f 6323/12/6 6324/12/6 6361/12/6
f 6360/5/6 6323/5/6 6361/5/6
f 6324/5/6 6342/5/6 6362/5/6
f 6361/12/6 6324/12/6 6362/12/6
f 6342/12/6 6343/12/6 6363/12/6
f 6362/5/6 6342/5/6 6363/5/6
f 6363/12/6 6343/12/6 6364/12/6
f 6346/12/6 6347/12/6 6365/12/6
f 6349/12/6 6350/12/6 6365/12/6
f 6348/12/6 6349/12/6 6365/12/6
f 6347/12/6 6348/12/6 6365/12/6
f 6365/12/6 6350/12/6 6366/12/6
f 6366/12/6 6350/12/6 6367/12/6
f 6351/12/6 6352/12/6 6370/12/6
f 6352/12/6 6337/12/6 6371/12/6
f 6370/12/6 6352/12/6 6371/12/6
f 6371/12/6 6337/12/6 6372/12/6
f 6356/5/6 6338/5/6 6373/5/6
f 6338/12/6 6339/12/6 6373/12/6
f 6339/5/6 6357/5/6 6374/5/6
f 6373/12/6 6339/12/6 6374/12/6
f 6359/12/6 6360/12/6 6375/12/6
f 6358/5/6 6359/5/6 6375/5/6
f 6361/5/6 6362/5/6 6376/5/6
f 6375/12/6 6360/12/6 6376/12/6
f 6360/5/6 6361/5/6 6376/5/6
f 6363/5/6 6364/5/6 6377/5/6
f 6362/12/6 6363/12/6 6377/12/6
f 6364/12/6 6343/12/6 6378/12/6
f 6377/5/6 6364/5/6 6378/5/6
f 6343/5/6 6344/5/6 6379/5/6
f 6378/12/6 6343/12/6 6379/12/6
f 6344/12/6 6345/12/6 6380/12/6
f 6379/5/6 6344/5/6 6380/5/6
f 6345/5/6 6346/5/6 6381/5/6
f 6380/12/6 6345/12/6 6381/12/6
f 6346/12/6 6365/12/6 6382/12/6
f 6381/5/6 6346/5/6 6382/5/6
f 6382/12/6 6365/12/6 6383/12/6
f 6383/12/6 6365/12/6 6384/12/6
f 6365/11/6 6366/11/6 6385/11/6
f 6384/12/6 6365/12/6 6385/12/6
f 6385/11/6 6366/11/6 6386/11/6
f 6367/12/6 6368/12/6 6387/12/6
f 6386/11/6 6366/11/6 6387/11/6
f 6366/12/6 6367/12/6 6387/12/6
f 6387/12/6 6368/12/6 6388/12/6
f 6388/12/6 6368/12/6 6389/12/6
f 6370/12/6 6371/12/6 6394/12/6
f 6369/12/6 6370/12/6 6394/12/6
f 6371/11/6 6372/11/6 6395/11/6
f 6394/12/6 6371/12/6 6395/12/6
f 6372/12/6 6337/12/6 6396/12/6
f 6395/11/6 6372/11/6 6396/11/6
f 6354/5/6 6355/5/6 6398/5/6
f 6353/5/6 6354/5/6 6398/5/6
f 6355/4/6 6356/4/6 6399/4/6
f 6398/5/6 6355/5/6 6399/5/6
f 6373/5/6 6374/5/6 6400/5/6
f 6399/4/6 6356/4/6 6400/4/6
f 6356/5/6 6373/5/6 6400/5/6
f 6374/5/6 6357/5/6 6401/5/6
f 6400/5/6 6374/5/6 6401/5/6
f 6401/5/6 6357/5/6 6402/5/6
f 6357/12/6 6358/12/6 6403/12/6
f 6402/5/6 6357/5/6 6403/5/6
f 6358/5/6 6375/5/6 6404/5/6
f 6403/12/6 6358/12/6 6404/12/6
f 6375/5/6 6376/5/6 6404/5/6
f 6404/5/6 6376/5/6 6405/5/6
f 6376/5/6 6362/5/6 6406/5/6
f 6405/5/6 6376/5/6 6406/5/6
f 6406/5/6 6362/5/6 6407/5/6
f 6407/5/6 6362/5/6 6408/5/6
f 6362/12/6 6377/12/6 6409/12/6
f 6378/12/6 6379/12/6 6409/12/6
f 6377/12/6 6378/12/6 6409/12/6
f 6379/12/6 6380/12/6 6409/12/6
f 6380/12/6 6381/12/6 6409/12/6
f 6381/12/6 6382/12/6 6409/12/6
f 6382/12/6 6383/12/6 6409/12/6
f 6409/12/6 6383/12/6 6410/12/6
f 6383/5/6 6384/5/6 6411/5/6
f 6410/12/6 6383/12/6 6411/12/6
f 6385/12/6 6386/12/6 6412/12/6
f 6411/5/6 6384/5/6 6412/5/6
f 6384/12/6 6385/12/6 6412/12/6
f 6386/11/6 6387/11/6 6413/11/6
f 6412/12/6 6386/12/6 6413/12/6
f 6387/9/6 6388/9/6 6414/9/6
f 6413/11/6 6387/11/6 6414/11/6
f 6391/12/6 6392/12/6 6415/12/6
f 6414/9/6 6388/9/6 6415/9/6
f 6390/12/6 6391/12/6 6415/12/6
f 6388/12/6 6389/12/6 6415/12/6
f 6389/12/6 6390/12/6 6415/12/6
f 6415/12/6 6392/12/6 6416/12/6
f 6394/12/6 6395/12/6 6420/12/6
f 6393/12/6 6394/12/6 6420/12/6
f 6395/12/6 6396/12/6 6420/12/6
f 6420/12/6 6396/12/6 6421/12/6
f 6421/12/6 6396/12/6 6422/12/6
f 6396/12/6 6337/12/6 6423/12/6
f 6422/12/6 6396/12/6 6423/12/6
f 6423/12/6 6337/12/6 6424/12/6
f 6397/5/6 6398/5/6 6426/5/6
f 6400/5/6 6401/5/6 6426/5/6
f 6399/5/6 6400/5/6 6426/5/6
f 6398/5/6 6399/5/6 6426/5/6
f 6401/4/6 6402/4/6 6427/4/6
f 6426/5/6 6401/5/6 6427/5/6
f 6402/5/6 6403/5/6 6428/5/6
f 6427/4/6 6402/4/6 6428/4/6
f 6404/5/6 6405/5/6 6428/5/6
f 6403/5/6 6404/5/6 6428/5/6
f 6428/5/6 6405/5/6 6429/5/6
f 6429/5/6 6405/5/6 6430/5/6
f 6430/5/6 6405/5/6 6431/5/6
f 6405/12/6 6406/12/6 6432/12/6
f 6431/5/6 6405/5/6 6432/5/6
f 6406/9/6 6407/9/6 6433/9/6
f 6432/12/6 6406/12/6 6433/12/6
f 6407/12/6 6408/12/6 6434/12/6
f 6433/9/6 6407/9/6 6434/9/6
f 6408/5/6 6362/5/6 6435/5/6
f 6434/12/6 6408/12/6 6435/12/6
f 6362/12/6 6409/12/6 6436/12/6
f 6435/5/6 6362/5/6 6436/5/6
f 6409/5/6 6410/5/6 6437/5/6
f 6436/12/6 6409/12/6 6437/12/6
f 6417/12/6 6418/12/6 6438/12/6
f 6413/12/6 6414/12/6 6438/12/6
f 6416/12/6 6417/12/6 6438/12/6
f 6410/12/6 6411/12/6 6438/12/6
f 6412/12/6 6413/12/6 6438/12/6
f 6415/12/6 6416/12/6 6438/12/6
f 6411/12/6 6412/12/6 6438/12/6
f 6414/12/6 6415/12/6 6438/12/6
f 6420/12/6 6421/12/6 6439/12/6
f 6419/12/6 6420/12/6 6439/12/6
f 6421/10/6 6422/10/6 6440/10/6
f 6439/12/6 6421/12/6 6440/12/6
f 6422/12/6 6423/12/6 6441/12/6
f 6440/10/6 6422/10/6 6441/10/6
f 6423/11/6 6424/11/6 6442/11/6
f 6441/12/6 6423/12/6 6442/12/6
f 6424/12/6 6337/12/6 6443/12/6
f 6442/11/6 6424/11/6 6443/11/6
f 6426/5/6 6427/5/6 6445/5/6
f 6428/5/6 6429/5/6 6445/5/6
f 6427/5/6 6428/5/6 6445/5/6
f 6425/5/6 6426/5/6 6445/5/6
f 6445/5/6 6429/5/6 6446/5/6
f 6446/5/6 6429/5/6 6447/5/6
f 6447/5/6 6429/5/6 6448/5/6
f 6448/5/6 6429/5/6 6449/5/6
f 6449/5/6 6429/5/6 6450/5/6
f 6450/5/6 6429/5/6 6451/5/6
f 6429/12/6 6430/12/6 6452/12/6
f 6451/5/6 6429/5/6 6452/5/6
f 6430/5/6 6431/5/6 6453/5/6
f 6452/12/6 6430/12/6 6453/12/6
f 6432/12/6 6433/12/6 6454/12/6
f 6453/5/6 6431/5/6 6454/5/6
f 6431/12/6 6432/12/6 6454/12/6
f 6433/5/6 6434/5/6 6455/5/6
f 6454/12/6 6433/12/6 6455/12/6
f 6434/5/6 6435/5/6 6455/5/6
f 6437/5/6 6410/5/6 6456/5/6
f 6436/5/6 6437/5/6 6456/5/6
f 6441/12/6 6442/12/6 6457/12/6
f 6456/5/6 6410/5/6 6457/5/6
f 6440/12/6 6441/12/6 6457/12/6
f 6439/12/6 6440/12/6 6457/12/6
f 6442/12/6 6443/12/6 6457/12/6
f 6438/12/6 6439/12/6 6457/12/6
f 6410/12/6 6438/12/6 6457/12/6
f 6457/12/6 6443/12/6 6458/12/6
f 6458/12/6 6443/12/6 6459/12/6
f 6459/12/6 6443/12/6 6460/12/6
f 6460/12/6 6443/12/6 6461/12/6
f 6445/5/6 6446/5/6 6463/5/6
f 6444/5/6 6445/5/6 6463/5/6
f 6446/1/6 6447/1/6 6464/1/6
f 6463/5/6 6446/5/6 6464/5/6
f 6447/5/6 6448/5/6 6465/5/6
f 6464/1/6 6447/1/6 6465/1/6
f 6448/4/6 6449/4/6 6466/4/6
f 6465/5/6 6448/5/6 6466/5/6
f 6449/5/6 6450/5/6 6467/5/6
f 6466/4/6 6449/4/6 6467/4/6
f 6467/5/6 6450/5/6 6468/5/6
f 6468/5/6 6450/5/6 6469/5/6
f 6450/12/6 6451/12/6 6470/12/6
f 6469/5/6 6450/5/6 6470/5/6
f 6453/5/6 6454/5/6 6471/5/6
f 6470/12/6 6451/12/6 6471/12/6
f 6452/5/6 6453/5/6 6471/5/6
f 6454/5/6 6455/5/6 6471/5/6
f 6451/5/6 6452/5/6 6471/5/6
f 6471/5/6 6455/5/6 6472/5/6
f 6472/5/6 6455/5/6 6473/5/6
f 6473/5/6 6455/5/6 6474/5/6
f 6455/5/6 6435/5/6 6475/5/6
f 6474/5/6 6455/5/6 6475/5/6
f 6435/12/6 6436/12/6 6476/12/6
f 6475/5/6 6435/5/6 6476/5/6
f 6436/5/6 6456/5/6 6477/5/6
f 6476/12/6 6436/12/6 6477/12/6
f 6456/12/6 6457/12/6 6478/12/6
f 6477/5/6 6456/5/6 6478/5/6
f 6457/12/6 6458/12/6 6478/12/6
f 6478/12/6 6458/12/6 6479/12/6
f 6458/5/6 6459/5/6 6480/5/6
f 6479/12/6 6458/12/6 6480/12/6
f 6459/12/6 6460/12/6 6481/12/6
f 6480/5/6 6459/5/6 6481/5/6
f 6461/12/6 6443/12/6 6482/12/6
f 6482/12/6 6443/12/6 6483/12/6
f 6463/5/6 6464/5/6 6484/5/6
f 6462/5/6 6463/5/6 6484/5/6
f 6464/3/6 6465/3/6 6484/3/6
f 6467/5/6 6468/5/6 6485/5/6
f 6484/3/6 6465/3/6 6485/3/6
f 6465/5/6 6466/5/6 6485/5/6
f 6466/5/6 6467/5/6 6485/5/6
f 6468/12/6 6469/12/6 6486/12/6
f 6485/5/6 6468/5/6 6486/5/6
f 6469/5/6 6470/5/6 6487/5/6
f 6486/12/6 6469/12/6 6487/12/6
f 6470/5/6 6471/5/6 6487/5/6
f 6471/12/6 6472/12/6 6488/12/6
f 6487/5/6 6471/5/6 6488/5/6
f 6472/5/6 6473/5/6 6489/5/6
f 6488/12/6 6472/12/6 6489/12/6
f 6489/5/6 6473/5/6 6490/5/6
f 6490/5/6 6473/5/6 6491/5/6
f 6491/5/6 6473/5/6 6492/5/6
f 6473/12/6 6474/12/6 6493/12/6
f 6492/5/6 6473/5/6 6493/5/6
f 6474/5/6 6475/5/6 6494/5/6
f 6493/12/6 6474/12/6 6494/12/6
f 6480/12/6 6481/12/6 6495/12/6
f 6481/12/6 6460/12/6 6495/12/6
f 6460/5/6 6461/5/6 6495/5/6
f 6479/12/6 6480/12/6 6495/12/6
f 6461/12/6 6482/12/6 6496/12/6
f 6495/5/6 6461/5/6 6496/5/6
f 6482/7/6 6483/7/6 6497/7/6
f 6496/12/6 6482/12/6 6497/12/6
f 6483/12/6 6443/12/6 6498/12/6
f 6497/7/6 6483/7/6 6498/7/6
f 6498/12/6 6443/12/6 6499/12/6
f 6499/12/6 6443/12/6 6500/12/6
f 6485/5/6 6486/5/6 6502/5/6
f 6462/5/6 6484/5/6 6502/5/6
f 6484/5/6 6485/5/6 6502/5/6
f 6487/5/6 6488/5/6 6502/5/6
f 6486/5/6 6487/5/6 6502/5/6
f 6488/5/6 6489/5/6 6502/5/6
f 6489/12/6 6490/12/6 6503/12/6
f 6502/5/6 6489/5/6 6503/5/6
f 6490/5/6 6491/5/6 6504/5/6
f 6503/12/6 6490/12/6 6504/12/6
f 6491/12/6 6492/12/6 6505/12/6
f 6504/5/6 6491/5/6 6505/5/6
f 6493/5/6 6494/5/6 6506/5/6
f 6505/12/6 6492/12/6 6506/12/6
f 6492/5/6 6493/5/6 6506/5/6
f 6494/5/6 6475/5/6 6507/5/6
f 6506/5/6 6494/5/6 6507/5/6
f 6477/12/6 6478/12/6 6508/12/6
f 6507/5/6 6475/5/6 6508/5/6
f 6475/12/6 6476/12/6 6508/12/6
f 6476/12/6 6477/12/6 6508/12/6
f 6478/5/6 6479/5/6 6509/5/6
f 6508/12/6 6478/12/6 6509/12/6
f 6498/12/6 6499/12/6 6510/12/6
f 6509/5/6 6479/5/6 6510/5/6
f 6496/12/6 6497/12/6 6510/12/6
f 6497/12/6 6498/12/6 6510/12/6
f 6495/12/6 6496/12/6 6510/12/6
f 6479/12/6 6495/12/6 6510/12/6
f 6510/12/6 6499/12/6 6511/12/6
f 6511/12/6 6499/12/6 6512/12/6
f 6499/9/6 6500/9/6 6513/9/6
f 6512/12/6 6499/12/6 6513/12/6
f 6500/12/6 6443/12/6 6514/12/6
f 6513/9/6 6500/9/6 6514/9/6
f 6503/5/6 6504/5/6 6516/5/6
f 6505/5/6 6506/5/6 6516/5/6
f 6506/5/6 6507/5/6 6516/5/6
f 6501/5/6 6502/5/6 6516/5/6
f 6504/5/6 6505/5/6 6516/5/6
f 6502/5/6 6503/5/6 6516/5/6
f 6516/5/6 6507/5/6 6517/5/6
f 6517/5/6 6507/5/6 6518/5/6
f 6510/12/6 6511/12/6 6519/12/6
f 6518/5/6 6507/5/6 6519/5/6
f 6509/12/6 6510/12/6 6519/12/6
f 6508/12/6 6509/12/6 6519/12/6
f 6507/12/6 6508/12/6 6519/12/6
f 6519/12/6 6511/12/6 6520/12/6
f 6520/12/6 6511/12/6 6521/12/6
f 6521/12/6 6511/12/6 6522/12/6
f 6511/5/6 6512/5/6 6523/5/6
f 6522/12/6 6511/12/6 6523/12/6
f 6512/12/6 6513/12/6 6524/12/6
f 6523/5/6 6512/5/6 6524/5/6
f 6513/12/6 6514/12/6 6524/12/6
f 6524/12/6 6514/12/6 6525/12/6
f 6525/12/6 6514/12/6 6526/12/6
f 6514/12/6 6443/12/6 6527/12/6
f 6526/12/6 6514/12/6 6527/12/6
f 6527/12/6 6443/12/6 6528/12/6
f 6516/5/6 6517/5/6 6530/5/6
f 6515/5/6 6516/5/6 6530/5/6
f 6530/5/6 6517/5/6 6531/5/6
f 6531/5/6 6517/5/6 6532/5/6
f 6532/5/6 6517/5/6 6533/5/6
f 6517/12/6 6518/12/6 6534/12/6
f 6533/5/6 6517/5/6 6534/5/6
f 6518/5/6 6519/5/6 6535/5/6
f 6534/12/6 6518/12/6 6535/12/6
f 6519/5/6 6520/5/6 6535/5/6
f 6535/5/6 6520/5/6 6536/5/6
f 6536/5/6 6520/5/6 6537/5/6
f 6537/5/6 6520/5/6 6538/5/6
f 6520/12/6 6521/12/6 6539/12/6
f 6538/5/6 6520/5/6 6539/5/6
f 6521/5/6 6522/5/6 6540/5/6
f 6539/12/6 6521/12/6 6540/12/6
f 6522/12/6 6523/12/6 6541/12/6
f 6540/5/6 6522/5/6 6541/5/6
f 6523/12/6 6524/12/6 6541/12/6
f 6524/12/6 6525/12/6 6541/12/6
f 6541/12/6 6525/12/6 6542/12/6
f 6542/12/6 6525/12/6 6543/12/6
f 6543/12/6 6525/12/6 6544/12/6
f 6544/12/6 6525/12/6 6545/12/6
f 6525/7/6 6526/7/6 6546/7/6
f 6545/12/6 6525/12/6 6546/12/6
f 6526/12/6 6527/12/6 6547/12/6
f 6546/7/6 6526/7/6 6547/7/6
f 6547/12/6 6527/12/6 6548/12/6
f 6548/12/6 6527/12/6 6549/12/6
f 6527/9/6 6528/9/6 6550/9/6
f 6549/12/6 6527/12/6 6550/12/6
f 6528/12/6 6443/12/6 6551/12/6
f 6550/9/6 6528/9/6 6551/9/6
f 6443/12/6 6337/12/6 6552/12/6
f 6551/12/6 6443/12/6 6552/12/6
f 6337/12/6 6318/12/6 6552/12/6
f 6552/12/6 6318/12/6 6553/12/6
f 6529/5/6 6530/5/6 6554/5/6
f 6530/5/6 6531/5/6 6554/5/6
f 6554/5/6 6531/5/6 6555/5/6
f 6555/5/6 6531/5/6 6556/5/6
f 6556/5/6 6531/5/6 6557/5/6
f 6531/12/6 6532/12/6 6558/12/6
f 6557/5/6 6531/5/6 6558/5/6
f 6532/5/6 6533/5/6 6559/5/6
f 6558/12/6 6532/12/6 6559/12/6
f 6559/5/6 6533/5/6 6560/5/6
f 6560/5/6 6533/5/6 6561/5/6
f 6533/12/6 6534/12/6 6562/12/6
f 6561/5/6 6533/5/6 6562/5/6
f 6535/12/6 6536/12/6 6562/12/6
f 6534/12/6 6535/12/6 6562/12/6
f 6562/12/6 6536/12/6 6563/12/6
f 6563/12/6 6536/12/6 6564/12/6
f 6536/5/6 6537/5/6 6565/5/6
f 6564/12/6 6536/12/6 6565/12/6
f 6537/12/6 6538/12/6 6566/12/6
f 6565/5/6 6537/5/6 6566/5/6
f 6539/5/6 6540/5/6 6567/5/6
f 6566/12/6 6538/12/6 6567/12/6
f 6538/5/6 6539/5/6 6567/5/6
f 6567/5/6 6540/5/6 6568/5/6
f 6540/12/6 6541/12/6 6569/12/6
f 6568/5/6 6540/5/6 6569/5/6
f 6541/12/6 6542/12/6 6569/12/6
f 6569/12/6 6542/12/6 6570/12/6
f 6542/5/6 6543/5/6 6571/5/6
f 6570/12/6 6542/12/6 6571/12/6
f 6543/12/6 6544/12/6 6572/12/6
f 6571/5/6 6543/5/6 6572/5/6
f 6544/7/6 6545/7/6 6573/7/6
f 6572/12/6 6544/12/6 6573/12/6
f 6547/12/6 6548/12/6 6574/12/6
f 6573/7/6 6545/7/6 6574/7/6
f 6545/12/6 6546/12/6 6574/12/6
f 6546/12/6 6547/12/6 6574/12/6
f 6574/12/6 6548/12/6 6575/12/6
f 6575/12/6 6548/12/6 6576/12/6
f 6548/9/6 6549/9/6 6577/9/6
f 6576/12/6 6548/12/6 6577/12/6
f 6550/12/6 6551/12/6 6578/12/6
f 6577/9/6 6549/9/6 6578/9/6
f 6549/12/6 6550/12/6 6578/12/6
f 6551/12/6 6552/12/6 6578/12/6
f 6578/12/6 6552/12/6 6579/12/6
f 6579/12/6 6552/12/6 6580/12/6
f 6580/12/6 6552/12/6 6581/12/6
f 6581/12/6 6552/12/6 6582/12/6
f 6582/12/6 6552/12/6 6583/12/6
f 6583/12/6 6552/12/6 6584/12/6
f 6552/9/6 6553/9/6 6585/9/6
f 6584/12/6 6552/12/6 6585/12/6
f 6553/12/6 6318/12/6 6586/12/6
f 6585/9/6 6553/9/6 6586/9/6
f 6529/5/6 6554/5/6 6588/5/6
f 6554/3/6 6555/3/6 6589/3/6
f 6588/5/6 6554/5/6 6589/5/6
f 6555/5/6 6556/5/6 6590/5/6
f 6589/3/6 6555/3/6 6590/3/6
f 6590/5/6 6556/5/6 6591/5/6
f 6556/4/6 6557/4/6 6592/4/6
f 6591/5/6 6556/5/6 6592/5/6
f 6557/5/6 6558/5/6 6593/5/6
f 6592/4/6 6557/4/6 6593/4/6
f 6559/5/6 6560/5/6 6593/5/6
f 6558/5/6 6559/5/6 6593/5/6
f 6560/12/6 6561/12/6 6594/12/6
f 6593/5/6 6560/5/6 6594/5/6
f 6562/5/6 6563/5/6 6595/5/6
f 6594/12/6 6561/12/6 6595/12/6
f 6561/5/6 6562/5/6 6595/5/6
f 6563/12/6 6564/12/6 6596/12/6
f 6595/5/6 6563/5/6 6596/5/6
f 6564/5/6 6565/5/6 6597/5/6
f 6596/12/6 6564/12/6 6597/12/6
f 6565/12/6 6566/12/6 6598/12/6
f 6597/5/6 6565/5/6 6598/5/6
f 6567/5/6 6568/5/6 6599/5/6
f 6598/12/6 6566/12/6 6599/12/6
f 6566/5/6 6567/5/6 6599/5/6
f 6599/5/6 6568/5/6 6600/5/6
f 6600/5/6 6568/5/6 6601/5/6
f 6568/12/6 6569/12/6 6602/12/6
f 6601/5/6 6568/5/6 6602/5/6
f 6569/5/6 6570/5/6 6603/5/6
f 6571/12/6 6572/12/6 6604/12/6
f 6603/5/6 6570/5/6 6604/5/6
f 6572/12/6 6573/12/6 6604/12/6
f 6574/12/6 6575/12/6 6604/12/6
f 6570/12/6 6571/12/6 6604/12/6
f 6573/12/6 6574/12/6 6604/12/6
f 6575/11/6 6576/11/6 6605/11/6
f 6604/12/6 6575/12/6 6605/12/6
f 6576/12/6 6577/12/6 6606/12/6
f 6605/11/6 6576/11/6 6606/11/6
f 6577/12/6 6578/12/6 6606/12/6
f 6578/12/6 6579/12/6 6606/12/6
f 6606/12/6 6579/12/6 6607/12/6
f 6607/12/6 6579/12/6 6608/12/6
f 6608/12/6 6579/12/6 6609/12/6
f 6609/12/6 6579/12/6 6610/12/6
f 6579/6/6 6580/6/6 6611/6/6
f 6610/12/6 6579/12/6 6611/12/6
f 6580/12/6 6581/12/6 6612/12/6
f 6611/6/6 6580/6/6 6612/6/6
f 6581/7/6 6582/7/6 6613/7/6
f 6612/12/6 6581/12/6 6613/12/6
f 6582/12/6 6583/12/6 6614/12/6
f 6613/7/6 6582/7/6 6614/7/6
f 6583/10/6 6584/10/6 6615/10/6
f 6614/12/6 6583/12/6 6615/12/6
f 6584/12/6 6585/12/6 6616/12/6
f 6615/10/6 6584/10/6 6616/10/6
f 6585/12/6 6586/12/6 6616/12/6
f 6590/5/6 6591/5/6 6618/5/6
f 6589/5/6 6590/5/6 6618/5/6
f 6587/5/6 6588/5/6 6618/5/6
f 6588/5/6 6589/5/6 6618/5/6
f 6591/12/6 6592/12/6 6619/12/6
f 6618/5/6 6591/5/6 6619/5/6
f 6593/5/6 6594/5/6 6620/5/6
f 6619/12/6 6592/12/6 6620/12/6
f 6592/5/6 6593/5/6 6620/5/6
f 6594/3/6 6595/3/6 6621/3/6
f 6620/5/6 6594/5/6 6621/5/6
f 6596/5/6 6597/5/6 6622/5/6
f 6621/3/6 6595/3/6 6622/3/6
f 6595/5/6 6596/5/6 6622/5/6
f 6597/5/6 6598/5/6 6622/5/6
f 6598/5/6 6599/5/6 6622/5/6
f 6622/5/6 6599/5/6 6623/5/6
f 6623/5/6 6599/5/6 6624/5/6
f 6624/5/6 6599/5/6 6625/5/6
f 6599/12/6 6600/12/6 6626/12/6
f 6625/5/6 6599/5/6 6626/5/6
f 6600/5/6 6601/5/6 6627/5/6
f 6626/12/6 6600/12/6 6627/12/6
f 6601/12/6 6602/12/6 6628/12/6
f 6627/5/6 6601/5/6 6628/5/6
f 6569/5/6 6603/5/6 6629/5/6
f 6628/12/6 6602/12/6 6629/12/6
f 6602/12/6 6569/12/6 6629/12/6
f 6604/12/6 6605/12/6 6630/12/6
f 6629/5/6 6603/5/6 6630/5/6
f 6605/12/6 6606/12/6 6630/12/6
f 6603/12/6 6604/12/6 6630/12/6
f 6606/12/6 6607/12/6 6630/12/6
f 6630/12/6 6607/12/6 6631/12/6
f 6631/12/6 6607/12/6 6632/12/6
f 6607/11/6 6608/11/6 6633/11/6
f 6632/12/6 6607/12/6 6633/12/6
f 6608/12/6 6609/12/6 6634/12/6
f 6633/11/6 6608/11/6 6634/11/6
f 6609/9/6 6610/9/6 6635/9/6
f 6634/12/6 6609/12/6 6635/12/6
f 6615/12/6 6616/12/6 6636/12/6
f 6635/9/6 6610/9/6 6636/9/6
f 6614/12/6 6615/12/6 6636/12/6
f 6613/12/6 6614/12/6 6636/12/6
f 6612/12/6 6613/12/6 6636/12/6
f 6610/12/6 6611/12/6 6636/12/6
f 6611/12/6 6612/12/6 6636/12/6
f 6620/5/6 6621/5/6 6638/5/6
f 6618/5/6 6619/5/6 6638/5/6
f 6622/5/6 6623/5/6 6638/5/6
f 6617/5/6 6618/5/6 6638/5/6
f 6621/5/6 6622/5/6 6638/5/6
f 6619/5/6 6620/5/6 6638/5/6
f 6638/5/6 6623/5/6 6639/5/6
f 6639/5/6 6623/5/6 6640/5/6
f 6640/5/6 6623/5/6 6641/5/6
f 6641/5/6 6623/5/6 6642/5/6
f 6623/12/6 6624/12/6 6643/12/6
f 6642/5/6 6623/5/6 6643/5/6
f 6624/5/6 6625/5/6 6644/5/6
f 6643/12/6 6624/12/6 6644/12/6
f 6644/5/6 6625/5/6 6645/5/6
f 6627/12/6 6628/12/6 6646/12/6
f 6645/5/6 6625/5/6 6646/5/6
f 6628/12/6 6629/12/6 6646/12/6
f 6626/12/6 6627/12/6 6646/12/6
f 6625/12/6 6626/12/6 6646/12/6
f 6630/12/6 6631/12/6 6646/12/6
f 6629/12/6 6630/12/6 6646/12/6
f 6631/9/6 6632/9/6 6647/9/6
f 6646/12/6 6631/12/6 6647/12/6
f 6635/12/6 6636/12/6 6648/12/6
f 6647/9/6 6632/9/6 6648/9/6
f 6632/12/6 6633/12/6 6648/12/6
f 6634/12/6 6635/12/6 6648/12/6
f 6633/12/6 6634/12/6 6648/12/6
f 6638/5/6 6639/5/6 6650/5/6
f 6637/5/6 6638/5/6 6650/5/6
f 6650/5/6 6639/5/6 6651/5/6
f 6651/5/6 6639/5/6 6652/5/6
f 6639/12/6 6640/12/6 6653/12/6
f 6652/5/6 6639/5/6 6653/5/6
f 6640/5/6 6641/5/6 6654/5/6
f 6653/12/6 6640/12/6 6654/12/6
f 6644/5/6 6645/5/6 6655/5/6
f 6643/5/6 6644/5/6 6655/5/6
f 6642/5/6 6643/5/6 6655/5/6
f 6646/12/6 6647/12/6 6656/12/6
f 6655/5/6 6645/5/6 6656/5/6
f 6645/12/6 6646/12/6 6656/12/6
f 6647/12/6 6648/12/6 6656/12/6
f 6656/12/6 6648/12/6 6657/12/6
f 6657/12/6 6648/12/6 6658/12/6
f 6658/12/6 6648/12/6 6659/12/6
f 6659/12/6 6648/12/6 6660/12/6
f 6660/12/6 6648/12/6 6661/12/6
f 6661/12/6 6648/12/6 6662/12/6
f 6650/5/6 6651/5/6 6664/5/6
f 6649/5/6 6650/5/6 6664/5/6
f 6664/5/6 6651/5/6 6665/5/6
f 6665/5/6 6651/5/6 6666/5/6
f 6666/5/6 6651/5/6 6667/5/6
f 6667/5/6 6651/5/6 6668/5/6
f 6668/5/6 6651/5/6 6669/5/6
f 6669/5/6 6651/5/6 6670/5/6
f 6651/12/6 6652/12/6 6671/12/6
f 6670/5/6 6651/5/6 6671/5/6
f 6653/5/6 6654/5/6 6672/5/6
f 6671/12/6 6652/12/6 6672/12/6
f 6652/5/6 6653/5/6 6672/5/6
f 6642/5/6 6655/5/6 6673/5/6
f 6655/12/6 6656/12/6 6674/12/6
f 6673/5/6 6655/5/6 6674/5/6
f 6656/12/6 6657/12/6 6674/12/6
f 6657/5/6 6658/5/6 6675/5/6
f 6674/12/6 6657/12/6 6675/12/6
f 6658/12/6 6659/12/6 6676/12/6
f 6675/5/6 6658/5/6 6676/5/6
f 6660/12/6 6661/12/6 6677/12/6
f 6677/12/6 6661/12/6 6678/12/6
f 6661/5/6 6662/5/6 6679/5/6
f 6678/12/6 6661/12/6 6679/12/6
f 6662/12/6 6648/12/6 6680/12/6
f 6679/5/6 6662/5/6 6680/5/6
f 6636/12/6 6616/12/6 6681/12/6
f 6680/12/6 6648/12/6 6681/12/6
f 6648/12/6 6636/12/6 6681/12/6
f 6681/12/6 6616/12/6 6682/12/6
f 6663/5/6 6664/5/6 6684/5/6
f 6664/5/6 6665/5/6 6684/5/6
f 6665/3/6 6666/3/6 6685/3/6
f 6684/5/6 6665/5/6 6685/5/6
f 6666/5/6 6667/5/6 6686/5/6
f 6685/3/6 6666/3/6 6686/3/6
f 6667/4/6 6668/4/6 6687/4/6
f 6686/5/6 6667/5/6 6687/5/6
f 6668/5/6 6669/5/6 6688/5/6
f 6687/4/6 6668/4/6 6688/4/6
f 6669/12/6 6670/12/6 6689/12/6
f 6688/5/6 6669/5/6 6689/5/6
f 6670/5/6 6671/5/6 6690/5/6
f 6689/12/6 6670/12/6 6690/12/6
f 6671/5/6 6672/5/6 6690/5/6
f 6672/5/6 6654/5/6 6691/5/6
f 6690/5/6 6672/5/6 6691/5/6
f 6654/5/6 6641/5/6 6691/5/6
f 6641/12/6 6642/12/6 6691/12/6
f 6642/5/6 6673/5/6 6692/5/6
f 6691/12/6 6642/12/6 6692/12/6
f 6675/12/6 6676/12/6 6693/12/6
f 6692/5/6 6673/5/6 6693/5/6
f 6673/12/6 6674/12/6 6693/12/6
f 6674/12/6 6675/12/6 6693/12/6
f 6693/12/6 6676/12/6 6694/12/6
f 6694/12/6 6676/12/6 6695/12/6
f 6676/12/6 6659/12/6 6696/12/6
f 6695/12/6 6676/12/6 6696/12/6
f 6659/5/6 6660/5/6 6697/5/6
f 6696/12/6 6659/12/6 6697/12/6
f 6660/12/6 6677/12/6 6698/12/6
f 6697/5/6 6660/5/6 6698/5/6
f 6677/5/6 6678/5/6 6699/5/6
f 6698/12/6 6677/12/6 6699/12/6
f 6679/12/6 6680/12/6 6700/12/6
f 6699/5/6 6678/5/6 6700/5/6
f 6680/12/6 6681/12/6 6700/12/6
f 6678/12/6 6679/12/6 6700/12/6
f 6700/12/6 6681/12/6 6701/12/6
f 6701/12/6 6681/12/6 6702/12/6
f 6702/12/6 6681/12/6 6703/12/6
f 6703/12/6 6681/12/6 6704/12/6
f 6704/12/6 6681/12/6 6705/12/6
f 6681/9/6 6682/9/6 6706/9/6
f 6705/12/6 6681/12/6 6706/12/6
f 6682/12/6 6616/12/6 6707/12/6
f 6706/9/6 6682/9/6 6707/9/6
f 6689/5/6 6690/5/6 6709/5/6
f 6693/5/6 6694/5/6 6709/5/6
f 6688/5/6 6689/5/6 6709/5/6
f 6686/5/6 6687/5/6 6709/5/6
f 6692/5/6 6693/5/6 6709/5/6
f 6691/5/6 6692/5/6 6709/5/6
f 6687/5/6 6688/5/6 6709/5/6
f 6690/5/6 6691/5/6 6709/5/6
f 6683/5/6 6684/5/6 6709/5/6
f 6685/5/6 6686/5/6 6709/5/6
f 6684/5/6 6685/5/6 6709/5/6
f 6709/5/6 6694/5/6 6710/5/6
f 6710/5/6 6694/5/6 6711/5/6
f 6711/5/6 6694/5/6 6712/5/6
f 6712/5/6 6694/5/6 6713/5/6
f 6713/5/6 6694/5/6 6714/5/6
f 6694/12/6 6695/12/6 6715/12/6
f 6714/5/6 6694/5/6 6715/5/6
f 6695/5/6 6696/5/6 6716/5/6
f 6698/12/6 6699/12/6 6717/12/6
f 6716/5/6 6696/5/6 6717/5/6
f 6700/12/6 6701/12/6 6717/12/6
f 6697/12/6 6698/12/6 6717/12/6
f 6699/12/6 6700/12/6 6717/12/6
f 6696/12/6 6697/12/6 6717/12/6
f 6701/7/6 6702/7/6 6718/7/6
f 6717/12/6 6701/12/6 6718/12/6
f 6702/12/6 6703/12/6 6719/12/6
f 6718/7/6 6702/7/6 6719/7/6
f 6703/9/6 6704/9/6 6720/9/6
f 6719/12/6 6703/12/6 6720/12/6
f 6704/6/6 6705/6/6 6721/6/6
f 6720/9/6 6704/9/6 6721/9/6
f 6706/12/6 6707/12/6 6722/12/6
f 6721/6/6 6705/6/6 6722/6/6
f 6705/12/6 6706/12/6 6722/12/6
f 6722/12/6 6707/12/6 6723/12/6
f 6723/12/6 6707/12/6 6724/12/6
f 6724/12/6 6707/12/6 6725/12/6
f 6725/12/6 6707/12/6 6726/12/6
f 6726/12/6 6707/12/6 6727/12/6
f 6727/12/6 6707/12/6 6728/12/6
f 6709/5/6 6710/5/6 6730/5/6
f 6708/5/6 6709/5/6 6730/5/6
f 6730/5/6 6710/5/6 6731/5/6
f 6731/5/6 6710/5/6 6732/5/6
f 6710/12/6 6711/12/6 6733/12/6
f 6732/5/6 6710/5/6 6733/5/6
f 6711/5/6 6712/5/6 6734/5/6
f 6733/12/6 6711/12/6 6734/12/6
f 6712/12/6 6713/12/6 6735/12/6
f 6734/5/6 6712/5/6 6735/5/6
f 6713/5/6 6714/5/6 6736/5/6
f 6735/12/6 6713/12/6 6736/12/6
f 6714/12/6 6715/12/6 6737/12/6
f 6736/5/6 6714/5/6 6737/5/6
f 6737/12/6 6715/12/6 6738/12/6
f 6715/12/6 6695/12/6 6739/12/6
f 6738/12/6 6715/12/6 6739/12/6
f 6695/5/6 6716/5/6 6740/5/6
f 6739/12/6 6695/12/6 6740/12/6
f 6720/12/6 6721/12/6 6741/12/6
f 6740/5/6 6716/5/6 6741/5/6
f 6718/12/6 6719/12/6 6741/12/6
f 6717/12/6 6718/12/6 6741/12/6
f 6716/12/6 6717/12/6 6741/12/6
f 6719/12/6 6720/12/6 6741/12/6
f 6721/12/6 6722/12/6 6741/12/6
f 6722/12/6 6723/12/6 6741/12/6
f 6741/12/6 6723/12/6 6742/12/6
f 6742/12/6 6723/12/6 6743/12/6
f 6743/12/6 6723/12/6 6744/12/6
f 6723/8/6 6724/8/6 6745/8/6
f 6744/12/6 6723/12/6 6745/12/6
f 6724/12/6 6725/12/6 6746/12/6
f 6745/8/6 6724/8/6 6746/8/6
f 6725/9/6 6726/9/6 6747/9/6
f 6746/12/6 6725/12/6 6747/12/6
f 6726/12/6 6727/12/6 6748/12/6
f 6747/9/6 6726/9/6 6748/9/6
f 6748/12/6 6727/12/6 6749/12/6
f 6749/12/6 6727/12/6 6750/12/6
f 6727/8/6 6728/8/6 6751/8/6
f 6750/12/6 6727/12/6 6751/12/6
f 6728/12/6 6707/12/6 6752/12/6
f 6751/8/6 6728/8/6 6752/8/6
f 6752/12/6 6707/12/6 6753/12/6
f 6753/12/6 6707/12/6 6754/12/6
f 6707/12/6 6616/12/6 6755/12/6
f 6754/12/6 6707/12/6 6755/12/6
f 6755/12/6 6616/12/6 6756/12/6
f 6730/5/6 6731/5/6 6758/5/6
f 6729/5/6 6730/5/6 6758/5/6
f 6731/12/6 6732/12/6 6759/12/6
f 6758/5/6 6731/5/6 6759/5/6
f 6736/5/6 6737/5/6 6760/5/6
f 6759/12/6 6732/12/6 6760/12/6
f 6735/5/6 6736/5/6 6760/5/6
f 6733/5/6 6734/5/6 6760/5/6
f 6732/5/6 6733/5/6 6760/5/6
f 6737/5/6 6738/5/6 6760/5/6
f 6734/5/6 6735/5/6 6760/5/6
f 6760/5/6 6738/5/6 6761/5/6
f 6761/5/6 6738/5/6 6762/5/6
f 6762/5/6 6738/5/6 6763/5/6
f 6738/12/6 6739/12/6 6764/12/6
f 6763/5/6 6738/5/6 6764/5/6
f 6764/12/6 6739/12/6 6765/12/6
f 6739/5/6 6740/5/6 6766/5/6
f 6765/12/6 6739/12/6 6766/12/6
f 6740/5/6 6741/5/6 6766/5/6
f 6741/5/6 6742/5/6 6766/5/6
f 6766/5/6 6742/5/6 6767/5/6
f 6742/12/6 6743/12/6 6768/12/6
f 6768/12/6 6743/12/6 6769/12/6
f 6743/6/6 6744/6/6 6770/6/6
f 6769/12/6 6743/12/6 6770/12/6
f 6748/12/6 6749/12/6 6771/12/6
f 6770/6/6 6744/6/6 6771/6/6
f 6746/12/6 6747/12/6 6771/12/6
f 6745/12/6 6746/12/6 6771/12/6
f 6744/12/6 6745/12/6 6771/12/6
f 6747/12/6 6748/12/6 6771/12/6
f 6771/12/6 6749/12/6 6772/12/6
f 6772/12/6 6749/12/6 6773/12/6
f 6749/10/6 6750/10/6 6774/10/6
f 6773/12/6 6749/12/6 6774/12/6
f 6752/12/6 6753/12/6 6775/12/6
f 6774/10/6 6750/10/6 6775/10/6
f 6750/12/6 6751/12/6 6775/12/6
f 6751/12/6 6752/12/6 6775/12/6
f 6753/11/6 6754/11/6 6776/11/6
f 6775/12/6 6753/12/6 6776/12/6
f 6754/12/6 6755/12/6 6777/12/6
f 6776/11/6 6754/11/6 6777/11/6
f 6777/12/6 6755/12/6 6778/12/6
f 6778/12/6 6755/12/6 6779/12/6
f 6755/7/6 6756/7/6 6780/7/6
f 6779/12/6 6755/12/6 6780/12/6
f 6756/12/6 6616/12/6 6781/12/6
f 6780/7/6 6756/7/6 6781/7/6
f 6616/12/6 6586/12/6 6782/12/6
f 6781/12/6 6616/12/6 6782/12/6
f 6782/12/6 6586/12/6 6783/12/6
f 6758/5/6 6759/5/6 6785/5/6
f 6757/5/6 6758/5/6 6785/5/6
f 6760/5/6 6761/5/6 6785/5/6
f 6759/5/6 6760/5/6 6785/5/6
f 6785/5/6 6761/5/6 6786/5/6
f 6786/5/6 6761/5/6 6787/5/6
f 6761/12/6 6762/12/6 6788/12/6
f 6787/5/6 6761/5/6 6788/5/6
f 6762/5/6 6763/5/6 6789/5/6
f 6788/12/6 6762/12/6 6789/12/6
f 6789/5/6 6763/5/6 6790/5/6
f 6790/5/6 6763/5/6 6791/5/6
f 6763/12/6 6764/12/6 6792/12/6
f 6791/5/6 6763/5/6 6792/5/6
f 6764/5/6 6765/5/6 6793/5/6
f 6792/12/6 6764/12/6 6793/12/6
f 6766/12/6 6767/12/6 6794/12/6
f 6793/5/6 6765/5/6 6794/5/6
f 6765/12/6 6766/12/6 6794/12/6
f 6767/5/6 6742/5/6 6795/5/6
f 6742/12/6 6768/12/6 6796/12/6
f 6795/5/6 6742/5/6 6796/5/6
f 6768/5/6 6769/5/6 6797/5/6
f 6796/12/6 6768/12/6 6797/12/6
f 6771/12/6 6772/12/6 6798/12/6
f 6797/5/6 6769/5/6 6798/5/6
f 6770/12/6 6771/12/6 6798/12/6
f 6769/12/6 6770/12/6 6798/12/6
f 6798/12/6 6772/12/6 6799/12/6
f 6799/12/6 6772/12/6 6800/12/6
f 6772/7/6 6773/7/6 6801/7/6
f 6800/12/6 6772/12/6 6801/12/6
f 6774/12/6 6775/12/6 6802/12/6
f 6801/7/6 6773/7/6 6802/7/6
f 6775/12/6 6776/12/6 6802/12/6
f 6773/12/6 6774/12/6 6802/12/6
f 6777/12/6 6778/12/6 6802/12/6
f 6776/12/6 6777/12/6 6802/12/6
f 6778/10/6 6779/10/6 6803/10/6
f 6802/12/6 6778/12/6 6803/12/6
f 6779/12/6 6780/12/6 6804/12/6
f 6803/10/6 6779/10/6 6804/10/6
f 6780/12/6 6781/12/6 6804/12/6
f 6781/12/6 6782/12/6 6804/12/6
f 6804/12/6 6782/12/6 6805/12/6
f 6805/12/6 6782/12/6 6806/12/6
f 6782/10/6 6783/10/6 6807/10/6
f 6806/12/6 6782/12/6 6807/12/6
f 6783/12/6 6586/12/6 6808/12/6
f 6807/10/6 6783/10/6 6808/10/6
f 6586/12/6 6318/12/6 6809/12/6
f 6808/12/6 6586/12/6 6809/12/6
f 6809/12/6 6318/12/6 6810/12/6
f 6784/5/6 6785/5/6 6812/5/6
f 6785/5/6 6786/5/6 6812/5/6
f 6786/12/6 6787/12/6 6813/12/6
f 6812/5/6 6786/5/6 6813/5/6
f 6787/5/6 6788/5/6 6814/5/6
f 6813/12/6 6787/12/6 6814/12/6
f 6788/5/6 6789/5/6 6814/5/6
f 6789/5/6 6790/5/6 6814/5/6
f 6814/5/6 6790/5/6 6815/5/6
f 6815/5/6 6790/5/6 6816/5/6
f 6798/12/6 6799/12/6 6817/12/6
f 6797/12/6 6798/12/6 6817/12/6
f 6796/12/6 6797/12/6 6817/12/6
f 6795/12/6 6796/12/6 6817/12/6
f 6817/12/6 6799/12/6 6818/12/6
f 6799/8/6 6800/8/6 6819/8/6
f 6818/12/6 6799/12/6 6819/12/6
f 6800/12/6 6801/12/6 6820/12/6
f 6819/8/6 6800/8/6 6820/8/6
f 6802/12/6 6803/12/6 6820/12/6
f 6801/12/6 6802/12/6 6820/12/6
f 6804/12/6 6805/12/6 6820/12/6
f 6803/12/6 6804/12/6 6820/12/6
f 6820/12/6 6805/12/6 6821/12/6
f 6821/12/6 6805/12/6 6822/12/6
f 6822/12/6 6805/12/6 6823/12/6
f 6823/12/6 6805/12/6 6824/12/6
f 6805/11/6 6806/11/6 6825/11/6
f 6824/12/6 6805/12/6 6825/12/6
f 6806/12/6 6807/12/6 6826/12/6
f 6825/11/6 6806/11/6 6826/11/6
f 6807/12/6 6808/12/6 6826/12/6
f 6808/12/6 6809/12/6 6826/12/6
f 6826/12/6 6809/12/6 6827/12/6
f 6809/11/6 6810/11/6 6828/11/6
f 6827/12/6 6809/12/6 6828/12/6
f 6810/12/6 6318/12/6 6829/12/6
f 6828/11/6 6810/11/6 6829/11/6
f 6812/5/6 6813/5/6 6831/5/6
f 6814/5/6 6815/5/6 6831/5/6
f 6813/5/6 6814/5/6 6831/5/6
f 6811/5/6 6812/5/6 6831/5/6
f 6831/5/6 6815/5/6 6832/5/6
f 6832/5/6 6815/5/6 6833/5/6
f 6833/5/6 6815/5/6 6834/5/6
f 6815/12/6 6816/12/6 6835/12/6
f 6834/5/6 6815/5/6 6835/5/6
f 6816/5/6 6790/5/6 6836/5/6
f 6835/12/6 6816/12/6 6836/12/6
f 6790/12/6 6791/12/6 6837/12/6
f 6836/5/6 6790/5/6 6837/5/6
f 6791/5/6 6792/5/6 6838/5/6
f 6837/12/6 6791/12/6 6838/12/6
f 6792/5/6 6793/5/6 6838/5/6
f 6793/12/6 6794/12/6 6839/12/6
f 6838/5/6 6793/5/6 6839/5/6
f 6794/12/6 6767/12/6 6840/12/6
f 6839/12/6 6794/12/6 6840/12/6
f 6840/12/6 6767/12/6 6841/12/6
f 6795/12/6 6817/12/6 6842/12/6
f 6842/12/6 6817/12/6 6843/12/6
f 6817/5/6 6818/5/6 6844/5/6
f 6843/12/6 6817/12/6 6844/12/6
f 6818/12/6 6819/12/6 6845/12/6
f 6821/8/6 6822/8/6 6845/8/6
f 6820/12/6 6821/12/6 6845/12/6
f 6819/12/6 6820/12/6 6845/12/6
f 6822/12/6 6823/12/6 6846/12/6
f 6845/8/6 6822/8/6 6846/8/6
f 6823/11/6 6824/11/6 6847/11/6
f 6846/12/6 6823/12/6 6847/12/6
f 6824/12/6 6825/12/6 6848/12/6
f 6847/11/6 6824/11/6 6848/11/6
f 6825/12/6 6826/12/6 6848/12/6
f 6826/9/6 6827/9/6 6849/9/6
f 6848/12/6 6826/12/6 6849/12/6
f 6828/12/6 6829/12/6 6850/12/6
f 6849/9/6 6827/9/6 6850/9/6
f 6827/12/6 6828/12/6 6850/12/6
f 6831/5/6 6832/5/6 6852/5/6
f 6830/5/6 6831/5/6 6852/5/6
f 6852/5/6 6832/5/6 6853/5/6
f 6853/5/6 6832/5/6 6854/5/6
f 6854/5/6 6832/5/6 6855/5/6
f 6855/5/6 6832/5/6 6856/5/6
f 6856/5/6 6832/5/6 6857/5/6
f 6857/5/6 6832/5/6 6858/5/6
f 6832/12/6 6833/12/6 6859/12/6
f 6858/5/6 6832/5/6 6859/5/6
f 6833/5/6 6834/5/6 6860/5/6
f 6859/12/6 6833/12/6 6860/12/6
f 6836/12/6 6837/12/6 6861/12/6
f 6860/5/6 6834/5/6 6861/5/6
f 6834/12/6 6835/12/6 6861/12/6
f 6837/12/6 6838/12/6 6861/12/6
f 6839/12/6 6840/12/6 6861/12/6
f 6835/12/6 6836/12/6 6861/12/6
f 6838/12/6 6839/12/6 6861/12/6
f 6861/12/6 6840/12/6 6862/12/6
f 6862/12/6 6840/12/6 6863/12/6
f 6863/12/6 6840/12/6 6864/12/6
f 6840/5/6 6841/5/6 6865/5/6
f 6864/12/6 6840/12/6 6865/12/6
f 6841/12/6 6767/12/6 6866/12/6
f 6865/5/6 6841/5/6 6866/5/6
f 6767/5/6 6795/5/6 6867/5/6
f 6866/12/6 6767/12/6 6867/12/6
f 6795/12/6 6842/12/6 6868/12/6
f 6867/5/6 6795/5/6 6868/5/6
f 6842/5/6 6843/5/6 6869/5/6
f 6868/12/6 6842/12/6 6869/12/6
f 6843/9/6 6844/9/6 6870/9/6
f 6869/5/6 6843/5/6 6870/5/6
f 6844/5/6 6818/5/6 6871/5/6
f 6870/9/6 6844/9/6 6871/9/6
f 6846/12/6 6847/12/6 6872/12/6
f 6871/5/6 6818/5/6 6872/5/6
f 6818/12/6 6845/12/6 6872/12/6
f 6847/12/6 6848/12/6 6872/12/6
f 6845/12/6 6846/12/6 6872/12/6
f 6848/12/6 6849/12/6 6872/12/6
f 6849/12/6 6850/12/6 6872/12/6
f 6872/12/6 6850/12/6 6873/12/6
f 6873/12/6 6850/12/6 6874/12/6
f 6851/4/6 6852/4/6 6877/4/6
f 6852/5/6 6853/5/6 6878/5/6
f 6877/4/6 6852/4/6 6878/4/6
f 6853/1/6 6854/1/6 6879/1/6
f 6878/5/6 6853/5/6 6879/5/6
f 6854/5/6 6855/5/6 6880/5/6
f 6879/1/6 6854/1/6 6880/1/6
f 6855/4/6 6856/4/6 6881/4/6
f 6880/5/6 6855/5/6 6881/5/6
f 6856/5/6 6857/5/6 6882/5/6
f 6881/4/6 6856/4/6 6882/4/6
f 6857/12/6 6858/12/6 6883/12/6
f 6882/5/6 6857/5/6 6883/5/6
f 6859/5/6 6860/5/6 6884/5/6
f 6883/12/6 6858/12/6 6884/12/6
f 6861/5/6 6862/5/6 6884/5/6
f 6858/5/6 6859/5/6 6884/5/6
f 6860/5/6 6861/5/6 6884/5/6
f 6884/5/6 6862/5/6 6885/5/6
f 6885/5/6 6862/5/6 6886/5/6
f 6886/5/6 6862/5/6 6887/5/6
f 6862/12/6 6863/12/6 6888/12/6
f 6887/5/6 6862/5/6 6888/5/6
f 6863/5/6 6864/5/6 6889/5/6
f 6888/12/6 6863/12/6 6889/12/6
f 6869/12/6 6870/12/6 6890/12/6
f 6889/5/6 6864/5/6 6890/5/6
f 6870/12/6 6871/12/6 6890/12/6
f 6864/12/6 6865/12/6 6890/12/6
f 6867/12/6 6868/12/6 6890/12/6
f 6865/12/6 6866/12/6 6890/12/6
f 6872/12/6 6873/12/6 6890/12/6
f 6871/12/6 6872/12/6 6890/12/6
f 6868/12/6 6869/12/6 6890/12/6
f 6866/12/6 6867/12/6 6890/12/6
f 6890/12/6 6873/12/6 6891/12/6
f 6891/12/6 6873/12/6 6892/12/6
f 6873/7/6 6874/7/6 6893/7/6
f 6892/12/6 6873/12/6 6893/12/6
f 6874/12/6 6850/12/6 6894/12/6
f 6893/7/6 6874/7/6 6894/7/6
f 6882/5/6 6883/5/6 6896/5/6
f 6884/5/6 6885/5/6 6896/5/6
f 6880/5/6 6881/5/6 6896/5/6
f 6875/5/6 6876/5/6 6896/5/6
f 6879/5/6 6880/5/6 6896/5/6
f 6883/5/6 6884/5/6 6896/5/6
f 6876/5/6 6877/5/6 6896/5/6
f 6881/5/6 6882/5/6 6896/5/6
f 6877/5/6 6878/5/6 6896/5/6
f 6878/5/6 6879/5/6 6896/5/6
f 6896/5/6 6885/5/6 6897/5/6
f 6897/5/6 6885/5/6 6898/5/6
f 6898/5/6 6885/5/6 6899/5/6
f 6899/5/6 6885/5/6 6900/5/6
f 6900/5/6 6885/5/6 6901/5/6
f 6901/5/6 6885/5/6 6902/5/6
f 6902/5/6 6885/5/6 6903/5/6
f 6885/12/6 6886/12/6 6904/12/6
f 6903/5/6 6885/5/6 6904/5/6
f 6886/5/6 6887/5/6 6905/5/6
f 6904/12/6 6886/12/6 6905/12/6
f 6888/12/6 6889/12/6 6906/12/6
f 6905/5/6 6887/5/6 6906/5/6
f 6890/12/6 6891/12/6 6906/12/6
f 6889/12/6 6890/12/6 6906/12/6
f 6887/12/6 6888/12/6 6906/12/6
f 6906/12/6 6891/12/6 6907/12/6
f 6907/12/6 6891/12/6 6908/12/6
f 6908/12/6 6891/12/6 6909/12/6
f 6909/12/6 6891/12/6 6910/12/6
f 6910/12/6 6891/12/6 6911/12/6
f 6891/9/6 6892/9/6 6912/9/6
f 6911/12/6 6891/12/6 6912/12/6
f 6893/12/6 6894/12/6 6913/12/6
f 6912/9/6 6892/9/6 6913/9/6
f 6892/12/6 6893/12/6 6913/12/6
f 6895/5/6 6896/5/6 6915/5/6
f 6896/5/6 6897/5/6 6915/5/6
f 6915/5/6 6897/5/6 6916/5/6
f 6916/5/6 6897/5/6 6917/5/6
f 6917/5/6 6897/5/6 6918/5/6
f 6918/5/6 6897/5/6 6919/5/6
f 6897/12/6 6898/12/6 6920/12/6
f 6919/5/6 6897/5/6 6920/5/6
f 6898/5/6 6899/5/6 6921/5/6
f 6920/12/6 6898/12/6 6921/12/6
f 6921/5/6 6899/5/6 6922/5/6
f 6899/12/6 6900/12/6 6923/12/6
f 6922/5/6 6899/5/6 6923/5/6
f 6900/5/6 6901/5/6 6924/5/6
f 6923/12/6 6900/12/6 6924/12/6
f 6924/5/6 6901/5/6 6925/5/6
f 6925/5/6 6901/5/6 6926/5/6
f 6901/12/6 6902/12/6 6927/12/6
f 6902/5/6 6903/5/6 6928/5/6
f 6927/12/6 6902/12/6 6928/12/6
f 6903/12/6 6904/12/6 6929/12/6
f 6928/5/6 6903/5/6 6929/5/6
f 6904/5/6 6905/5/6 6930/5/6
f 6929/12/6 6904/12/6 6930/12/6
f 6905/5/6 6906/5/6 6930/5/6
f 6906/5/6 6907/5/6 6930/5/6
f 6930/5/6 6907/5/6 6931/5/6
f 6931/5/6 6907/5/6 6932/5/6
f 6907/12/6 6908/12/6 6933/12/6
f 6908/5/6 6909/5/6 6934/5/6
f 6933/12/6 6908/12/6 6934/12/6
f 6909/12/6 6910/12/6 6935/12/6
f 6934/5/6 6909/5/6 6935/5/6
f 6910/8/6 6911/8/6 6936/8/6
f 6935/12/6 6910/12/6 6936/12/6
f 6911/12/6 6912/12/6 6937/12/6
f 6936/8/6 6911/8/6 6937/8/6
f 6912/12/6 6913/12/6 6937/12/6
f 6937/12/6 6913/12/6 6938/12/6
f 6938/12/6 6913/12/6 6939/12/6
f 6914/5/6 6915/5/6 6941/5/6
f 6915/5/6 6916/5/6 6941/5/6
f 6916/1/6 6917/1/6 6942/1/6
f 6941/5/6 6916/5/6 6942/5/6
f 6917/5/6 6918/5/6 6943/5/6
f 6942/1/6 6917/1/6 6943/1/6
f 6943/5/6 6918/5/6 6944/5/6
f 6944/5/6 6918/5/6 6945/5/6
f 6918/4/6 6919/4/6 6946/4/6
f 6945/5/6 6918/5/6 6946/5/6
f 6921/5/6 6922/5/6 6947/5/6
f 6946/4/6 6919/4/6 6947/4/6
f 6919/5/6 6920/5/6 6947/5/6
f 6920/5/6 6921/5/6 6947/5/6
f 6947/5/6 6922/5/6 6948/5/6
f 6948/5/6 6922/5/6 6949/5/6
f 6922/12/6 6923/12/6 6950/12/6
f 6949/5/6 6922/5/6 6950/5/6
f 6924/5/6 6925/5/6 6951/5/6
f 6950/12/6 6923/12/6 6951/12/6
f 6923/5/6 6924/5/6 6951/5/6
f 6925/12/6 6926/12/6 6952/12/6
f 6951/5/6 6925/5/6 6952/5/6
f 6926/5/6 6901/5/6 6953/5/6
f 6952/12/6 6926/12/6 6953/12/6
f 6901/12/6 6927/12/6 6954/12/6
f 6953/5/6 6901/5/6 6954/5/6
f 6928/5/6 6929/5/6 6955/5/6
f 6954/12/6 6927/12/6 6955/12/6
f 6927/5/6 6928/5/6 6955/5/6
f 6929/5/6 6930/5/6 6955/5/6
f 6930/5/6 6931/5/6 6955/5/6
f 6955/5/6 6931/5/6 6956/5/6
f 6931/12/6 6932/12/6 6957/12/6
f 6956/5/6 6931/5/6 6957/5/6
f 6932/5/6 6907/5/6 6958/5/6
f 6957/12/6 6932/12/6 6958/12/6
f 6907/12/6 6933/12/6 6959/12/6
f 6958/5/6 6907/5/6 6959/5/6
f 6933/5/6 6934/5/6 6960/5/6
f 6959/12/6 6933/12/6 6960/12/6
f 6935/12/6 6936/12/6 6961/12/6
f 6960/5/6 6934/5/6 6961/5/6
f 6934/12/6 6935/12/6 6961/12/6
f 6961/12/6 6936/12/6 6962/12/6
f 6962/12/6 6936/12/6 6963/12/6
f 6963/12/6 6936/12/6 6964/12/6
f 6964/12/6 6936/12/6 6965/12/6
f 6965/12/6 6936/12/6 6966/12/6
f 6966/12/6 6936/12/6 6967/12/6
f 6967/12/6 6936/12/6 6968/12/6
f 6936/6/6 6937/6/6 6969/6/6
f 6968/12/6 6936/12/6 6969/12/6
f 6937/12/6 6938/12/6 6970/12/6
f 6969/6/6 6937/6/6 6970/6/6
f 6938/9/6 6939/9/6 6971/9/6
f 6970/12/6 6938/12/6 6971/12/6
f 6939/12/6 6913/12/6 6972/12/6
f 6971/9/6 6939/9/6 6972/9/6
f 6972/12/6 6913/12/6 6973/12/6
f 6973/12/6 6913/12/6 6974/12/6
f 6913/12/6 6894/12/6 6975/12/6
f 6974/12/6 6913/12/6 6975/12/6
f 6975/12/6 6894/12/6 6976/12/6
f 6943/5/6 6944/5/6 6978/5/6
f 6940/5/6 6941/5/6 6978/5/6
f 6941/5/6 6942/5/6 6978/5/6
f 6942/5/6 6943/5/6 6978/5/6
f 6944/1/6 6945/1/6 6979/1/6
f 6978/5/6 6944/5/6 6979/5/6
f 6946/5/6 6947/5/6 6980/5/6
f 6979/1/6 6945/1/6 6980/1/6
f 6945/5/6 6946/5/6 6980/5/6
f 6947/5/6 6948/5/6 6980/5/6
f 6948/12/6 6949/12/6 6981/12/6
f 6980/5/6 6948/5/6 6981/5/6
f 6953/5/6 6954/5/6 6982/5/6
f 6981/12/6 6949/12/6 6982/12/6
f 6952/5/6 6953/5/6 6982/5/6
f 6951/5/6 6952/5/6 6982/5/6
f 6954/5/6 6955/5/6 6982/5/6
f 6955/5/6 6956/5/6 6982/5/6
f 6950/5/6 6951/5/6 6982/5/6
f 6949/5/6 6950/5/6 6982/5/6
f 6982/5/6 6956/5/6 6983/5/6
f 6983/5/6 6956/5/6 6984/5/6
f 6959/12/6 6960/12/6 6985/12/6
f 6958/12/6 6959/12/6 6985/12/6
f 6961/12/6 6962/12/6 6985/12/6
f 6956/12/6 6957/12/6 6985/12/6
f 6957/12/6 6958/12/6 6985/12/6
f 6960/12/6 6961/12/6 6985/12/6
f 6985/12/6 6962/12/6 6986/12/6
f 6986/12/6 6962/12/6 6987/12/6
f 6987/12/6 6962/12/6 6988/12/6
f 6988/12/6 6962/12/6 6989/12/6
f 6989/12/6 6962/12/6 6990/12/6
f 6962/5/6 6963/5/6 6991/5/6
f 6990/12/6 6962/12/6 6991/12/6
f 6963/12/6 6964/12/6 6992/12/6
f 6991/5/6 6963/5/6 6992/5/6
f 6964/8/6 6965/8/6 6993/8/6
f 6992/12/6 6964/12/6 6993/12/6
f 6965/5/6 6966/5/6 6994/5/6
f 6993/8/6 6965/8/6 6994/8/6
f 6966/12/6 6967/12/6 6995/12/6
f 6994/5/6 6966/5/6 6995/5/6
f 6967/11/6 6968/11/6 6996/11/6
f 6995/12/6 6967/12/6 6996/12/6
f 6970/12/6 6971/12/6 6997/12/6
f 6996/11/6 6968/11/6 6997/11/6
f 6969/12/6 6970/12/6 6997/12/6
f 6972/12/6 6973/12/6 6997/12/6
f 6971/12/6 6972/12/6 6997/12/6
f 6968/12/6 6969/12/6 6997/12/6
f 6997/12/6 6973/12/6 6998/12/6
f 6973/11/6 6974/11/6 6999/11/6
f 6998/12/6 6973/12/6 6999/12/6
f 6975/9/6 6976/9/6 7000/9/6
f 6974/12/6 6975/12/6 7000/12/6
f 6976/12/6 6894/12/6 7001/12/6
f 7000/9/6 6976/9/6 7001/9/6
f 6894/12/6 6850/12/6 7002/12/6
f 7001/12/6 6894/12/6 7002/12/6
f 7002/12/6 6850/12/6 7003/12/6
f 6850/12/6 6829/12/6 7004/12/6
f 7003/12/6 6850/12/6 7004/12/6
f 7004/12/6 6829/12/6 7005/12/6
f 7005/12/6 6829/12/6 7006/12/6
f 7006/12/6 6829/12/6 7007/12/6
f 6980/5/6 6981/5/6 7009/5/6
f 6978/5/6 6979/5/6 7009/5/6
f 6979/5/6 6980/5/6 7009/5/6
f 6977/5/6 6978/5/6 7009/5/6
f 6982/5/6 6983/5/6 7009/5/6
f 6981/5/6 6982/5/6 7009/5/6
f 7009/5/6 6983/5/6 7010/5/6
f 7010/5/6 6983/5/6 7011/5/6
f 6983/12/6 6984/12/6 7012/12/6
f 7011/5/6 6983/5/6 7012/5/6
f 6984/5/6 6956/5/6 7013/5/6
f 7012/12/6 6984/12/6 7013/12/6
f 7013/5/6 6956/5/6 7014/5/6
f 6956/12/6 6985/12/6 7015/12/6
f 7014/5/6 6956/5/6 7015/5/6
f 6985/5/6 6986/5/6 7016/5/6
f 7015/12/6 6985/12/6 7016/12/6
f 6986/12/6 6987/12/6 7017/12/6
f 7016/5/6 6986/5/6 7017/5/6
f 6987/5/6 6988/5/6 7018/5/6
f 7017/12/6 6987/12/6 7018/12/6
f 6988/12/6 6989/12/6 7019/12/6
f 7018/5/6 6988/5/6 7019/5/6
f 6989/5/6 6990/5/6 7020/5/6
f 6993/12/6 6994/12/6 7021/12/6
f 7020/5/6 6990/5/6 7021/5/6
f 6992/12/6 6993/12/6 7021/12/6
f 6991/12/6 6992/12/6 7021/12/6
f 6990/12/6 6991/12/6 7021/12/6
f 7021/12/6 6994/12/6 7022/12/6
f 6994/6/6 6995/6/6 7023/6/6
f 7022/12/6 6994/12/6 7023/12/6
f 6997/12/6 6998/12/6 7024/12/6
f 7023/6/6 6995/6/6 7024/6/6
f 6995/12/6 6996/12/6 7024/12/6
f 6996/12/6 6997/12/6 7024/12/6
f 6998/9/6 6999/9/6 7025/9/6
f 7024/12/6 6998/12/6 7025/12/6
f 6999/11/6 6974/11/6 7026/11/6
f 7025/9/6 6999/9/6 7026/9/6
f 7000/12/6 7001/12/6 7027/12/6
f 7026/11/6 6974/11/6 7027/11/6
f 6974/12/6 7000/12/6 7027/12/6
f 7001/12/6 7002/12/6 7027/12/6
f 7027/12/6 7002/12/6 7028/12/6
f 7028/12/6 7002/12/6 7029/12/6
f 7002/9/6 7003/9/6 7030/9/6
f 7029/12/6 7002/12/6 7030/12/6
f 7003/12/6 7004/12/6 7031/12/6
f 7030/9/6 7003/9/6 7031/9/6
f 7004/9/6 7005/9/6 7032/9/6
f 7031/12/6 7004/12/6 7032/12/6
f 7005/12/6 7006/12/6 7033/12/6
f 7032/9/6 7005/9/6 7033/9/6
f 7006/11/6 7007/11/6 7034/11/6
f 7033/12/6 7006/12/6 7034/12/6
f 7007/12/6 6829/12/6 7035/12/6
f 7034/11/6 7007/11/6 7035/11/6
f 7009/5/6 7010/5/6 7037/5/6
f 7008/5/6 7009/5/6 7037/5/6
f 7037/5/6 7010/5/6 7038/5/6
f 7038/5/6 7010/5/6 7039/5/6
f 7039/5/6 7010/5/6 7040/5/6
f 7040/5/6 7010/5/6 7041/5/6
f 7041/5/6 7010/5/6 7042/5/6
f 7010/12/6 7011/12/6 7043/12/6
f 7042/5/6 7010/5/6 7043/5/6
f 7011/5/6 7012/5/6 7044/5/6
f 7012/5/6 7013/5/6 7044/5/6
f 7013/5/6 7014/5/6 7044/5/6
f 7044/5/6 7014/5/6 7045/5/6
f 7045/5/6 7014/5/6 7046/5/6
f 7046/5/6 7014/5/6 7047/5/6
f 7014/12/6 7015/12/6 7048/12/6
f 7047/5/6 7014/5/6 7048/5/6
f 7048/12/6 7015/12/6 7049/12/6
f 7015/5/6 7016/5/6 7050/5/6
f 7049/12/6 7015/12/6 7050/12/6
f 7018/12/6 7019/12/6 7051/12/6
f 7050/5/6 7016/5/6 7051/5/6
f 7017/12/6 7018/12/6 7051/12/6
f 7016/12/6 7017/12/6 7051/12/6
f 6989/5/6 7020/5/6 7052/5/6
f 7051/12/6 7019/12/6 7052/12/6
f 7019/12/6 6989/12/6 7052/12/6
f 7021/12/6 7022/12/6 7053/12/6
f 7052/5/6 7020/5/6 7053/5/6
f 7020/12/6 7021/12/6 7053/12/6
f 7053/12/6 7022/12/6 7054/12/6
f 7054/12/6 7022/12/6 7055/12/6
f 7022/7/6 7023/7/6 7056/7/6
f 7055/12/6 7022/12/6 7056/12/6
f 7025/12/6 7026/12/6 7057/12/6
f 7056/7/6 7023/7/6 7057/7/6
f 7024/12/6 7025/12/6 7057/12/6
f 7023/12/6 7024/12/6 7057/12/6
f 7026/12/6 7027/12/6 7057/12/6
f 7027/12/6 7028/12/6 7057/12/6
f 7057/12/6 7028/12/6 7058/12/6
f 7058/12/6 7028/12/6 7059/12/6
f 7028/6/6 7029/6/6 7060/6/6
f 7059/12/6 7028/12/6 7060/12/6
f 7033/12/6 7034/12/6 7061/12/6
f 7060/6/6 7029/6/6 7061/6/6
f 7032/12/6 7033/12/6 7061/12/6
f 7031/12/6 7032/12/6 7061/12/6
f 7030/12/6 7031/12/6 7061/12/6
f 7029/12/6 7030/12/6 7061/12/6
f 7034/12/6 7035/12/6 7061/12/6
f 6829/12/6 6318/12/6 7062/12/6
f 7061/12/6 7035/12/6 7062/12/6
f 7035/12/6 6829/12/6 7062/12/6
f 7062/12/6 6318/12/6 7063/12/6
f 7037/5/6 7038/5/6 7065/5/6
f 7036/5/6 7037/5/6 7065/5/6
f 7038/3/6 7039/3/6 7066/3/6
f 7065/5/6 7038/5/6 7066/5/6
f 7039/5/6 7040/5/6 7067/5/6
f 7066/3/6 7039/3/6 7067/3/6
f 7040/12/6 7041/12/6 7068/12/6
f 7067/5/6 7040/5/6 7068/5/6
f 7041/5/6 7042/5/6 7069/5/6
f 7068/12/6 7041/12/6 7069/12/6
f 7069/5/6 7042/5/6 7070/5/6
f 7070/5/6 7042/5/6 7071/5/6
f 7042/12/6 7043/12/6 7072/12/6
f 7071/5/6 7042/5/6 7072/5/6
f 7043/12/6 7011/12/6 7073/12/6
f 7072/12/6 7043/12/6 7073/12/6
f 7011/5/6 7044/5/6 7073/5/6
f 7073/5/6 7044/5/6 7074/5/6
f 7044/12/6 7045/12/6 7075/12/6
f 7074/5/6 7044/5/6 7075/5/6
f 7045/5/6 7046/5/6 7076/5/6
f 7075/12/6 7045/12/6 7076/12/6
f 7047/5/6 7048/5/6 7077/5/6
f 7048/5/6 7049/5/6 7077/5/6
f 7046/12/6 7047/12/6 7077/12/6
f 7050/12/6 7051/12/6 7078/12/6
f 7077/5/6 7049/5/6 7078/5/6
f 7049/12/6 7050/12/6 7078/12/6
f 7051/12/6 7052/12/6 7078/12/6
f 7053/12/6 7054/12/6 7078/12/6
f 7052/12/6 7053/12/6 7078/12/6
f 7078/12/6 7054/12/6 7079/12/6
f 7079/12/6 7054/12/6 7080/12/6
f 7080/12/6 7054/12/6 7081/12/6
f 7081/12/6 7054/12/6 7082/12/6
f 7054/5/6 7055/5/6 7083/5/6
f 7082/12/6 7054/12/6 7083/12/6
f 7055/12/6 7056/12/6 7084/12/6
f 7083/5/6 7055/5/6 7084/5/6
f 7057/12/6 7058/12/6 7084/12/6
f 7056/12/6 7057/12/6 7084/12/6
f 7084/12/6 7058/12/6 7085/12/6
f 7085/12/6 7058/12/6 7086/12/6
f 7086/12/6 7058/12/6 7087/12/6
f 7087/12/6 7058/12/6 7088/12/6
f 7088/12/6 7058/12/6 7089/12/6
f 7089/12/6 7058/12/6 7090/12/6
f 7058/6/6 7059/6/6 7091/6/6
f 7090/12/6 7058/12/6 7091/12/6
f 7060/12/6 7061/12/6 7092/12/6
f 7091/6/6 7059/6/6 7092/6/6
f 7059/12/6 7060/12/6 7092/12/6
f 7061/12/6 7062/12/6 7092/12/6
f 7092/12/6 7062/12/6 7093/12/6
f 7093/12/6 7062/12/6 7094/12/6
f 7062/7/6 7063/7/6 7095/7/6
f 7094/12/6 7062/12/6 7095/12/6
f 7063/12/6 6318/12/6 7096/12/6
f 7095/7/6 7063/7/6 7096/7/6
f 7096/12/6 6318/12/6 7097/12/6
f 7097/12/6 6318/12/6 7098/12/6
f 7068/5/6 7069/5/6 7100/5/6
f 7067/5/6 7068/5/6 7100/5/6
f 7064/5/6 7065/5/6 7100/5/6
f 7069/5/6 7070/5/6 7100/5/6
f 7065/5/6 7066/5/6 7100/5/6
f 7066/5/6 7067/5/6 7100/5/6
f 7070/12/6 7071/12/6 7101/12/6
f 7100/5/6 7070/5/6 7101/5/6
f 7071/5/6 7072/5/6 7102/5/6
f 7101/12/6 7071/12/6 7102/12/6
f 7073/5/6 7074/5/6 7102/5/6
f 7072/5/6 7073/5/6 7102/5/6
f 7102/5/6 7074/5/6 7103/5/6
f 7103/5/6 7074/5/6 7104/5/6
f 7074/12/6 7075/12/6 7105/12/6
f 7075/5/6 7076/5/6 7105/5/6
f 7046/12/6 7077/12/6 7106/12/6
f 7105/5/6 7076/5/6 7106/5/6
f 7076/5/6 7046/5/6 7106/5/6
f 7077/12/6 7078/12/6 7106/12/6
f 7078/12/6 7079/12/6 7106/12/6
f 7106/12/6 7079/12/6 7107/12/6
f 7080/12/6 7081/12/6 7108/12/6
f 7108/12/6 7081/12/6 7109/12/6
f 7081/5/6 7082/5/6 7110/5/6
f 7109/12/6 7081/12/6 7110/12/6
f 7082/12/6 7083/12/6 7111/12/6
f 7110/5/6 7082/5/6 7111/5/6
f 7083/12/6 7084/12/6 7111/12/6
f 7084/12/6 7085/12/6 7111/12/6
f 7085/5/6 7086/5/6 7112/5/6
f 7111/12/6 7085/12/6 7112/12/6
f 7086/12/6 7087/12/6 7113/12/6
f 7112/5/6 7086/5/6 7113/5/6
f 7087/8/6 7088/8/6 7114/8/6
f 7113/12/6 7087/12/6 7114/12/6
f 7088/12/6 7089/12/6 7115/12/6
f 7114/8/6 7088/8/6 7115/8/6
f 7089/11/6 7090/11/6 7116/11/6
f 7115/12/6 7089/12/6 7116/12/6
f 7090/12/6 7091/12/6 7117/12/6
f 7116/11/6 7090/11/6 7117/11/6
f 7092/12/6 7093/12/6 7117/12/6
f 7091/12/6 7092/12/6 7117/12/6
f 7117/12/6 7093/12/6 7118/12/6
f 7118/12/6 7093/12/6 7119/12/6
f 7119/12/6 7093/12/6 7120/12/6
f 7093/7/6 7094/7/6 7121/7/6
f 7120/12/6 7093/12/6 7121/12/6
f 7096/12/6 7097/12/6 7122/12/6
f 7121/7/6 7094/7/6 7122/7/6
f 7094/12/6 7095/12/6 7122/12/6
f 7095/12/6 7096/12/6 7122/12/6
f 7100/5/6 7101/5/6 7126/5/6
f 7099/5/6 7100/5/6 7126/5/6
f 7102/5/6 7103/5/6 7126/5/6
f 7101/5/6 7102/5/6 7126/5/6
f 7126/5/6 7103/5/6 7127/5/6
f 7127/5/6 7103/5/6 7128/5/6
f 7128/5/6 7103/5/6 7129/5/6
f 7129/5/6 7103/5/6 7130/5/6
f 7130/5/6 7103/5/6 7131/5/6
f 7103/12/6 7104/12/6 7132/12/6
f 7131/5/6 7103/5/6 7132/5/6
f 7074/12/6 7105/12/6 7133/12/6
f 7105/12/6 7106/12/6 7133/12/6
f 7104/5/6 7074/5/6 7133/5/6
f 7133/12/6 7106/12/6 7134/12/6
f 7106/5/6 7107/5/6 7135/5/6
f 7134/12/6 7106/12/6 7135/12/6
f 7107/12/6 7079/12/6 7136/12/6
f 7135/5/6 7107/5/6 7136/5/6
f 7136/12/6 7079/12/6 7137/12/6
f 7137/12/6 7079/12/6 7138/12/6
f 7079/5/6 7080/5/6 7139/5/6
f 7138/12/6 7079/12/6 7139/12/6
f 7080/12/6 7108/12/6 7140/12/6
f 7139/5/6 7080/5/6 7140/5/6
f 7140/12/6 7108/12/6 7141/12/6
f 7108/5/6 7109/5/6 7142/5/6
f 7141/12/6 7108/12/6 7142/12/6
f 7115/12/6 7116/12/6 7143/12/6
f 7113/12/6 7114/12/6 7143/12/6
f 7109/12/6 7110/12/6 7143/12/6
f 7114/12/6 7115/12/6 7143/12/6
f 7112/12/6 7113/12/6 7143/12/6
f 7111/12/6 7112/12/6 7143/12/6
f 7116/12/6 7117/12/6 7143/12/6
f 7110/12/6 7111/12/6 7143/12/6
f 7143/12/6 7117/12/6 7144/12/6
f 7117/11/6 7118/11/6 7145/11/6
f 7144/12/6 7117/12/6 7145/12/6
f 7118/12/6 7119/12/6 7146/12/6
f 7145/11/6 7118/11/6 7146/11/6
f 7119/6/6 7120/6/6 7147/6/6
f 7146/12/6 7119/12/6 7147/12/6
f 7120/12/6 7121/12/6 7148/12/6
f 7147/6/6 7120/6/6 7148/6/6
f 7121/12/6 7122/12/6 7148/12/6
f 7097/9/6 7098/9/6 7149/9/6
f 7148/12/6 7122/12/6 7149/12/6
f 7122/12/6 7097/12/6 7149/12/6
f 7149/9/6 7098/9/6 7150/9/6
f 7123/5/6 7124/5/6 7151/5/6
f 7126/5/6 7127/5/6 7152/5/6
f 7125/5/6 7126/5/6 7152/5/6
f 7152/5/6 7127/5/6 7153/5/6
f 7127/12/6 7128/12/6 7154/12/6
f 7153/5/6 7127/5/6 7154/5/6
f 7128/5/6 7129/5/6 7155/5/6
f 7154/12/6 7128/12/6 7155/12/6
f 7131/12/6 7132/12/6 7156/12/6
f 7130/5/6 7131/5/6 7156/5/6
f 7156/12/6 7132/12/6 7157/12/6
f 7132/12/6 7104/12/6 7158/12/6
f 7157/12/6 7132/12/6 7158/12/6
f 7104/5/6 7133/5/6 7159/5/6
f 7158/12/6 7104/12/6 7159/12/6
f 7133/5/6 7134/5/6 7159/5/6
f 7159/5/6 7134/5/6 7160/5/6
f 7134/12/6 7135/12/6 7161/12/6
f 7160/5/6 7134/5/6 7161/5/6
f 7136/12/6 7137/12/6 7161/12/6
f 7135/12/6 7136/12/6 7161/12/6
f 7161/12/6 7137/12/6 7162/12/6
f 7162/12/6 7137/12/6 7163/12/6
f 7137/5/6 7138/5/6 7164/5/6
f 7163/12/6 7137/12/6 7164/12/6
f 7139/12/6 7140/12/6 7165/12/6
f 7164/5/6 7138/5/6 7165/5/6
f 7140/12/6 7141/12/6 7165/12/6
f 7138/12/6 7139/12/6 7165/12/6
f 7141/5/6 7142/5/6 7166/5/6
f 7165/12/6 7141/12/6 7166/12/6
f 7142/5/6 7109/5/6 7167/5/6
f 7166/5/6 7142/5/6 7167/5/6
f 7109/12/6 7143/12/6 7167/12/6
f 7167/12/6 7143/12/6 7168/12/6
f 7168/12/6 7143/12/6 7169/12/6
f 7143/5/6 7144/5/6 7170/5/6
f 7169/12/6 7143/12/6 7170/12/6
f 7147/12/6 7148/12/6 7171/12/6
f 7170/5/6 7144/5/6 7171/5/6
f 7146/12/6 7147/12/6 7171/12/6
f 7144/12/6 7145/12/6 7171/12/6
f 7145/12/6 7146/12/6 7171/12/6
f 7148/12/6 7149/12/6 7171/12/6
f 7149/12/6 7150/12/6 7171/12/6
f 7171/12/6 7150/12/6 7172/12/6
f 7172/12/6 7150/12/6 7173/12/6
f 7173/12/6 7150/12/6 7174/12/6
f 7174/12/6 7150/12/6 7175/12/6
f 7175/12/6 7150/12/6 7176/12/6
f 7176/12/6 7150/12/6 7177/12/6
f 7123/5/6 7151/5/6 7178/5/6
f 7151/5/6 7152/5/6 7178/5/6
f 7152/2/6 7153/2/6 7179/2/6
f 7178/5/6 7152/5/6 7179/5/6
f 7154/5/6 7155/5/6 7180/5/6
f 7179/2/6 7153/2/6 7180/2/6
f 7153/5/6 7154/5/6 7180/5/6
f 7155/5/6 7129/5/6 7181/5/6
f 7180/5/6 7155/5/6 7181/5/6
f 7129/12/6 7130/12/6 7181/12/6
f 7156/5/6 7157/5/6 7182/5/6
f 7181/12/6 7130/12/6 7182/12/6
f 7130/5/6 7156/5/6 7182/5/6
f 7157/12/6 7158/12/6 7183/12/6
f 7182/5/6 7157/5/6 7183/5/6
f 7159/5/6 7160/5/6 7184/5/6
f 7183/12/6 7158/12/6 7184/12/6
f 7158/5/6 7159/5/6 7184/5/6
f 7161/12/6 7162/12/6 7185/12/6
f 7184/5/6 7160/5/6 7185/5/6
f 7160/12/6 7161/12/6 7185/12/6
f 7162/5/6 7163/5/6 7186/5/6
f 7185/12/6 7162/12/6 7186/12/6
f 7165/12/6 7166/12/6 7187/12/6
f 7186/5/6 7163/5/6 7187/5/6
f 7164/12/6 7165/12/6 7187/12/6
f 7163/12/6 7164/12/6 7187/12/6
f 7167/12/6 7168/12/6 7187/12/6
f 7166/12/6 7167/12/6 7187/12/6
f 7168/5/6 7169/5/6 7188/5/6
f 7187/12/6 7168/12/6 7188/12/6
f 7170/12/6 7171/12/6 7189/12/6
f 7188/5/6 7169/5/6 7189/5/6
f 7171/12/6 7172/12/6 7189/12/6
f 7169/12/6 7170/12/6 7189/12/6
f 7172/9/6 7173/9/6 7190/9/6
f 7189/12/6 7172/12/6 7190/12/6
f 7173/12/6 7174/12/6 7191/12/6
f 7190/9/6 7173/9/6 7191/9/6
f 7174/11/6 7175/11/6 7192/11/6
f 7191/12/6 7174/12/6 7192/12/6
f 7175/12/6 7176/12/6 7193/12/6
f 7192/11/6 7175/11/6 7193/11/6
f 7176/6/6 7177/6/6 7194/6/6
f 7193/12/6 7176/12/6 7194/12/6
f 7177/12/6 7150/12/6 7195/12/6
f 7194/6/6 7177/6/6 7195/6/6
f 7195/12/6 7150/12/6 7196/12/6
f 7197/5/6 7198/5/6 7200/5/6
f 7200/5/6 7198/5/6 7201/5/6
f 7199/5/6 7200/5/6 7206/5/6
f 7200/5/6 7201/5/6 7206/5/6
f 7201/5/6 7202/5/6 7206/5/6
f 7206/5/6 7202/5/6 7207/5/6
f 7203/5/6 7204/5/6 7210/5/6
f 7210/5/6 7204/5/6 7211/5/6
f 7211/5/6 7204/5/6 7212/5/6
f 7207/5/6 7208/5/6 7214/5/6
f 7205/5/6 7206/5/6 7214/5/6
f 7206/5/6 7207/5/6 7214/5/6
f 7214/5/6 7208/5/6 7215/5/6
f 7210/5/6 7211/5/6 7218/5/6
f 7209/5/6 7210/5/6 7218/5/6
f 7218/5/6 7211/5/6 7219/5/6
f 7219/5/6 7211/5/6 7220/5/6
f 7220/5/6 7211/5/6 7221/5/6
f 7221/5/6 7211/5/6 7222/5/6
f 7215/5/6 7216/5/6 7228/5/6
f 7214/5/6 7215/5/6 7228/5/6
f 7213/5/6 7214/5/6 7228/5/6
f 7228/5/6 7216/5/6 7229/5/6
f 7217/5/6 7218/5/6 7232/5/6
f 7218/5/6 7219/5/6 7232/5/6
f 7232/5/6 7219/5/6 7233/5/6
f 7219/4/6 7220/4/6 7234/4/6
f 7233/5/6 7219/5/6 7234/5/6
f 7220/5/6 7221/5/6 7235/5/6
f 7234/4/6 7220/4/6 7235/4/6
f 7235/5/6 7221/5/6 7236/5/6
f 7223/12/6 7224/12/6 7237/12/6
f 7237/12/6 7224/12/6 7238/12/6
f 7224/9/6 7225/9/6 7239/9/6
f 7238/12/6 7224/12/6 7239/12/6
f 7225/12/6 7226/12/6 7240/12/6
f 7239/9/6 7225/9/6 7240/9/6
f 7229/5/6 7230/5/6 7242/5/6
f 7228/5/6 7229/5/6 7242/5/6
f 7227/5/6 7228/5/6 7242/5/6
f 7242/5/6 7230/5/6 7243/5/6
f 7231/5/6 7232/5/6 7246/5/6
f 7232/5/6 7233/5/6 7246/5/6
f 7246/5/6 7233/5/6 7247/5/6
f 7247/5/6 7233/5/6 7248/5/6
f 7243/5/6 7244/5/6 7250/5/6
f 7242/5/6 7243/5/6 7250/5/6
f 7241/5/6 7242/5/6 7250/5/6
f 7250/5/6 7244/5/6 7251/5/6
f 7246/5/6 7247/5/6 7254/5/6
f 7245/5/6 7246/5/6 7254/5/6
f 7254/5/6 7247/5/6 7255/5/6
f 7255/5/6 7247/5/6 7256/5/6
f 7238/12/6 7239/12/6 7257/12/6
f 7239/12/6 7240/12/6 7257/12/6
f 7257/12/6 7240/12/6 7258/12/6
f 7240/12/6 7226/12/6 7259/12/6
f 7258/12/6 7240/12/6 7259/12/6
f 7259/12/6 7226/12/6 7260/12/6
f 7251/5/6 7252/5/6 7262/5/6
f 7250/5/6 7251/5/6 7262/5/6
f 7249/5/6 7250/5/6 7262/5/6
f 7254/5/6 7255/5/6 7264/5/6
f 7253/5/6 7254/5/6 7264/5/6
f 7264/5/6 7255/5/6 7265/5/6
f 7265/5/6 7255/5/6 7266/5/6
f 7261/5/6 7262/5/6 7268/5/6
f 7262/5/6 7252/5/6 7269/5/6
f 7268/5/6 7262/5/6 7269/5/6
f 7263/5/6 7264/5/6 7272/5/6
f 7264/5/6 7265/5/6 7272/5/6
f 7272/5/6 7265/5/6 7273/5/6
f 7273/5/6 7265/5/6 7274/5/6
f 7258/12/6 7259/12/6 7275/12/6
f 7275/12/6 7259/12/6 7276/12/6
f 7267/5/6 7268/5/6 7278/5/6
f 7269/5/6 7270/5/6 7278/5/6
f 7268/5/6 7269/5/6 7278/5/6
f 7272/5/6 7273/5/6 7280/5/6
f 7271/5/6 7272/5/6 7280/5/6
f 7280/5/6 7273/5/6 7281/5/6
f 7281/5/6 7273/5/6 7282/5/6
f 7277/5/6 7278/5/6 7284/5/6
f 7278/5/6 7270/5/6 7285/5/6
f 7284/5/6 7278/5/6 7285/5/6
f 7279/5/6 7280/5/6 7288/5/6
f 7280/5/6 7281/5/6 7288/5/6
f 7288/5/6 7281/5/6 7289/5/6
f 7289/5/6 7281/5/6 7290/5/6
f 7283/5/6 7284/5/6 7292/5/6
f 7285/5/6 7286/5/6 7292/5/6
f 7284/5/6 7285/5/6 7292/5/6
f 7292/5/6 7286/5/6 7293/5/6
f 7293/5/6 7286/5/6 7294/5/6
f 7294/5/6 7286/5/6 7295/5/6
f 7288/5/6 7289/5/6 7297/5/6
f 7287/5/6 7288/5/6 7297/5/6
f 7297/5/6 7289/5/6 7298/5/6
f 7291/5/6 7292/5/6 7300/5/6
f 7292/5/6 7293/5/6 7300/5/6
f 7293/4/6 7294/4/6 7301/4/6
f 7300/5/6 7293/5/6 7301/5/6
f 7295/5/6 7296/5/6 7302/5/6
f 7301/4/6 7294/4/6 7302/4/6
f 7294/5/6 7295/5/6 7302/5/6
f 7302/5/6 7296/5/6 7303/5/6
f 7287/5/6 7297/5/6 7306/5/6
f 7306/5/6 7297/5/6 7307/5/6
f 7307/5/6 7297/5/6 7308/5/6
f 7258/12/6 7275/12/6 7309/12/6
f 7309/12/6 7275/12/6 7310/12/6
f 7300/5/6 7301/5/6 7312/5/6
f 7303/5/6 7304/5/6 7312/5/6
f 7302/5/6 7303/5/6 7312/5/6
f 7301/5/6 7302/5/6 7312/5/6
f 7299/5/6 7300/5/6 7312/5/6
f 7312/5/6 7304/5/6 7313/5/6
f 7306/5/6 7307/5/6 7315/5/6
f 7305/5/6 7306/5/6 7315/5/6
f 7315/5/6 7307/5/6 7316/5/6
f 7258/12/6 7309/12/6 7318/12/6
f 7313/5/6 7314/5/6 7320/5/6
f 7312/5/6 7313/5/6 7320/5/6
f 7311/5/6 7312/5/6 7320/5/6
f 7305/5/6 7315/5/6 7322/5/6
f 7319/5/6 7320/5/6 7324/5/6
f 7320/5/6 7314/5/6 7325/5/6
f 7324/5/6 7320/5/6 7325/5/6
f 7321/5/6 7322/5/6 7327/5/6
f 7322/5/6 7315/5/6 7327/5/6
f 7327/5/6 7315/5/6 7328/5/6
f 7325/5/6 7326/5/6 7330/5/6
f 7323/5/6 7324/5/6 7330/5/6
f 7324/5/6 7325/5/6 7330/5/6
f 7330/5/6 7326/5/6 7331/5/6
f 7331/5/6 7326/5/6 7332/5/6
f 7332/5/6 7326/5/6 7333/5/6
f 7333/5/6 7326/5/6 7334/5/6
f 7321/5/6 7327/5/6 7336/5/6
f 7336/5/6 7327/5/6 7337/5/6
f 7317/12/6 7318/12/6 7339/12/6
f 7318/12/6 7309/12/6 7340/12/6
f 7339/12/6 7318/12/6 7340/12/6
f 7340/12/6 7309/12/6 7341/12/6
f 7329/5/6 7330/5/6 7342/5/6
f 7330/5/6 7331/5/6 7342/5/6
f 7342/5/6 7331/5/6 7343/5/6
f 7332/5/6 7333/5/6 7344/5/6
f 7344/5/6 7333/5/6 7345/5/6
f 7333/1/6 7334/1/6 7346/1/6
f 7345/5/6 7333/5/6 7346/5/6
f 7334/5/6 7326/5/6 7347/5/6
f 7346/1/6 7334/1/6 7347/1/6
f 7347/5/6 7326/5/6 7348/5/6
f 7348/5/6 7326/5/6 7349/5/6
f 7335/5/6 7336/5/6 7352/5/6
f 7338/12/6 7339/12/6 7354/12/6
f 7339/12/6 7340/12/6 7354/12/6
f 7329/5/6 7342/5/6 7355/5/6
f 7355/5/6 7342/5/6 7356/5/6
f 7345/5/6 7346/5/6 7357/5/6
f 7346/5/6 7347/5/6 7357/5/6
f 7357/5/6 7347/5/6 7358/5/6
f 7347/1/6 7348/1/6 7359/1/6
f 7358/5/6 7347/5/6 7359/5/6
f 7349/5/6 7350/5/6 7360/5/6
f 7359/1/6 7348/1/6 7360/1/6
f 7348/5/6 7349/5/6 7360/5/6
f 7351/5/6 7352/5/6 7361/5/6
f 7352/5/6 7336/5/6 7361/5/6
f 7361/5/6 7336/5/6 7362/5/6
f 7353/12/6 7354/12/6 7363/12/6
f 7354/12/6 7340/12/6 7363/12/6
f 7363/12/6 7340/12/6 7364/12/6
f 7329/5/6 7355/5/6 7365/5/6
f 7365/5/6 7355/5/6 7366/5/6
f 7358/5/6 7359/5/6 7367/5/6
f 7359/5/6 7360/5/6 7367/5/6
f 7367/5/6 7360/5/6 7368/5/6
f 7360/5/6 7350/5/6 7369/5/6
f 7368/5/6 7360/5/6 7369/5/6
f 7351/5/6 7361/5/6 7372/5/6
f 7353/12/6 7363/12/6 7374/12/6
f 7329/5/6 7365/5/6 7375/5/6
f 7375/5/6 7365/5/6 7376/5/6
f 7369/5/6 7370/5/6 7377/5/6
f 7368/5/6 7369/5/6 7377/5/6
f 7377/5/6 7370/5/6 7378/5/6
f 7373/12/6 7374/12/6 7380/12/6
f 7329/5/6 7375/5/6 7381/5/6
f 7381/5/6 7375/5/6 7382/5/6
f 7378/5/6 7370/5/6 7383/5/6
f 7383/5/6 7370/5/6 7384/5/6
f 7371/5/6 7372/5/6 7386/5/6
f 7379/12/6 7380/12/6 7388/12/6
f 7374/12/6 7363/12/6 7389/12/6
f 7380/12/6 7374/12/6 7389/12/6
f 7388/12/6 7380/12/6 7389/12/6
f 7389/12/6 7363/12/6 7390/12/6
f 7329/5/6 7381/5/6 7391/5/6
f 7391/5/6 7381/5/6 7392/5/6
f 7392/5/6 7381/5/6 7393/5/6
f 7393/5/6 7381/5/6 7394/5/6
f 7394/5/6 7381/5/6 7395/5/6
f 7384/5/6 7370/5/6 7396/5/6
f 7385/5/6 7386/5/6 7398/5/6
f 7372/5/6 7361/5/6 7398/5/6
f 7386/5/6 7372/5/6 7398/5/6
f 7398/5/6 7361/5/6 7399/5/6
f 7387/12/6 7388/12/6 7401/12/6
f 7388/12/6 7389/12/6 7401/12/6
f 7389/9/6 7390/9/6 7402/9/6
f 7401/12/6 7389/12/6 7402/12/6
f 7390/12/6 7363/12/6 7403/12/6
f 7402/9/6 7390/9/6 7403/9/6
f 7329/5/6 7391/5/6 7404/5/6
f 7404/5/6 7391/5/6 7405/5/6
f 7392/1/6 7393/1/6 7406/1/6
f 7393/5/6 7394/5/6 7407/5/6
f 7406/1/6 7393/1/6 7407/1/6
f 7407/5/6 7394/5/6 7408/5/6
f 7408/5/6 7394/5/6 7409/5/6
f 7409/5/6 7394/5/6 7410/5/6
f 7396/5/6 7397/5/6 7411/5/6
f 7384/5/6 7396/5/6 7411/5/6
f 7411/5/6 7397/5/6 7412/5/6
f 7385/5/6 7398/5/6 7414/5/6
f 7401/12/6 7402/12/6 7416/12/6
f 7402/12/6 7403/12/6 7416/12/6
f 7400/12/6 7401/12/6 7416/12/6
f 7329/5/6 7404/5/6 7417/5/6
f 7417/5/6 7404/5/6 7418/5/6
f 7408/5/6 7409/5/6 7419/5/6
f 7419/5/6 7409/5/6 7420/5/6
f 7412/5/6 7397/5/6 7421/5/6
f 7421/5/6 7397/5/6 7422/5/6
f 7415/12/6 7416/12/6 7424/12/6
f 7329/5/6 7417/5/6 7425/5/6
f 7425/5/6 7417/5/6 7426/5/6
f 7422/5/6 7397/5/6 7427/5/6
f 7423/12/6 7424/12/6 7430/12/6
f 7403/12/6 7363/12/6 7431/12/6
f 7424/12/6 7416/12/6 7431/12/6
f 7430/12/6 7424/12/6 7431/12/6
f 7416/12/6 7403/12/6 7431/12/6
f 7431/12/6 7363/12/6 7432/12/6
f 7427/5/6 7428/5/6 7433/5/6
f 7422/5/6 7427/5/6 7433/5/6
f 7433/5/6 7428/5/6 7434/5/6
f 7434/5/6 7428/5/6 7435/5/6
f 7413/5/6 7414/5/6 7438/5/6
f 7414/5/6 7398/5/6 7439/5/6
f 7438/5/6 7414/5/6 7439/5/6
f 7439/5/6 7398/5/6 7440/5/6
f 7429/12/6 7430/12/6 7442/12/6
f 7430/12/6 7431/12/6 7442/12/6
f 7439/12/6 7440/12/6 7443/12/6
f 7437/5/6 7438/5/6 7443/5/6
f 7438/5/6 7439/5/6 7443/5/6
f 7443/12/6 7440/12/6 7444/12/6
f 7435/5/6 7436/5/6 7445/5/6
f 7434/5/6 7435/5/6 7445/5/6
f 7445/5/6 7436/5/6 7446/5/6
f 7446/5/6 7436/5/6 7447/5/6
f 7437/5/6 7443/5/6 7449/5/6
f 7441/12/6 7442/12/6 7451/12/6
f 7450/12/6 7451/12/6 7453/12/6
f 7437/5/6 7449/5/6 7455/5/6
f 7452/12/6 7453/12/6 7456/12/6
f 7442/12/6 7431/12/6 7456/12/6
f 7451/12/6 7442/12/6 7456/12/6
f 7453/12/6 7451/12/6 7456/12/6
f 7456/12/6 7431/12/6 7457/12/6
f 7454/2/6 7455/2/6 7458/2/6
f 7455/5/6 7449/5/6 7459/5/6
f 7458/2/6 7455/2/6 7459/2/6
f 7452/12/6 7456/12/6 7461/12/6
f 7456/10/6 7457/10/6 7462/10/6
f 7461/12/6 7456/12/6 7462/12/6
f 7457/12/6 7431/12/6 7463/12/6
f 7462/10/6 7457/10/6 7463/10/6
f 7461/12/6 7462/12/6 7465/12/6
f 7460/12/6 7461/12/6 7465/12/6
f 7462/12/6 7463/12/6 7465/12/6
f 7463/12/6 7431/12/6 7466/12/6
f 7465/12/6 7463/12/6 7466/12/6
f 7466/12/6 7431/12/6 7467/12/6
f 7446/5/6 7447/5/6 7468/5/6
f 7447/5/6 7448/5/6 7468/5/6
f 7468/5/6 7448/5/6 7469/5/6
f 7469/5/6 7448/5/6 7470/5/6
f 7464/12/6 7465/12/6 7473/12/6
f 7465/12/6 7466/12/6 7473/12/6
f 7473/12/6 7466/12/6 7474/12/6
f 7474/12/6 7466/12/6 7475/12/6
f 7472/12/6 7473/12/6 7477/12/6
f 7473/12/6 7474/12/6 7477/12/6
f 7476/12/6 7477/12/6 7479/12/6
f 7477/12/6 7474/12/6 7480/12/6
f 7479/12/6 7477/12/6 7480/12/6
f 7480/12/6 7474/12/6 7481/12/6
f 7478/12/6 7479/12/6 7483/12/6
f 7479/12/6 7480/12/6 7483/12/6
f 7483/12/6 7480/12/6 7484/12/6
f 7484/12/6 7480/12/6 7485/12/6
f 7482/12/6 7483/12/6 7487/12/6
f 7483/12/6 7484/12/6 7487/12/6
f 7487/12/6 7484/12/6 7488/12/6
f 7488/12/6 7484/12/6 7489/12/6
f 7486/12/6 7487/12/6 7491/12/6
f 7487/12/6 7488/12/6 7491/12/6
f 7488/6/6 7489/6/6 7492/6/6
f 7491/12/6 7488/12/6 7492/12/6
f 7492/6/6 7489/6/6 7493/6/6
f 7469/5/6 7470/5/6 7494/5/6
f 7470/5/6 7471/5/6 7494/5/6
f 7458/5/6 7459/5/6 7496/5/6
f 7459/5/6 7449/5/6 7497/5/6
f 7496/5/6 7459/5/6 7497/5/6
f 7491/12/6 7492/12/6 7499/12/6
f 7490/12/6 7491/12/6 7499/12/6
f 7499/12/6 7492/12/6 7500/12/6
f 7500/12/6 7492/12/6 7501/12/6
f 7496/12/6 7497/12/6 7502/12/6
f 7497/5/6 7449/5/6 7503/5/6
f 7502/12/6 7497/12/6 7503/12/6
f 7498/12/6 7499/12/6 7505/12/6
f 7499/12/6 7500/12/6 7505/12/6
f 7505/12/6 7500/12/6 7506/12/6
f 7506/12/6 7500/12/6 7507/12/6
f 7507/12/6 7500/12/6 7508/12/6
f 7508/12/6 7500/12/6 7509/12/6
f 7494/5/6 7495/5/6 7510/5/6
f 7469/5/6 7494/5/6 7510/5/6
f 7510/5/6 7495/5/6 7511/5/6
f 7504/12/6 7505/12/6 7513/12/6
f 7505/12/6 7506/12/6 7513/12/6
f 7513/12/6 7506/12/6 7514/12/6
f 7514/12/6 7506/12/6 7515/12/6
f 7506/11/6 7507/11/6 7516/11/6
f 7515/12/6 7506/12/6 7516/12/6
f 7507/12/6 7508/12/6 7517/12/6
f 7516/11/6 7507/11/6 7517/11/6
f 7517/12/6 7508/12/6 7518/12/6
f 7510/4/6 7511/4/6 7519/4/6
f 7469/5/6 7510/5/6 7519/5/6
f 7511/5/6 7495/5/6 7520/5/6
f 7519/4/6 7511/4/6 7520/4/6
f 7513/12/6 7514/12/6 7522/12/6
f 7512/12/6 7513/12/6 7522/12/6
f 7514/9/6 7515/9/6 7523/9/6
f 7522/12/6 7514/12/6 7523/12/6
f 7515/12/6 7516/12/6 7524/12/6
f 7523/9/6 7515/9/6 7524/9/6
f 7524/12/6 7516/12/6 7525/12/6
f 7503/5/6 7449/5/6 7526/5/6
f 7526/5/6 7449/5/6 7527/5/6
f 7521/10/6 7522/10/6 7529/10/6
f 7527/5/6 7449/5/6 7530/5/6
f 7528/12/6 7529/12/6 7533/12/6
f 7529/10/6 7522/10/6 7534/10/6
f 7533/12/6 7529/12/6 7534/12/6
f 7522/12/6 7523/12/6 7535/12/6
f 7534/10/6 7522/10/6 7535/10/6
f 7523/12/6 7524/12/6 7535/12/6
f 7535/12/6 7524/12/6 7536/12/6
f 7536/12/6 7524/12/6 7537/12/6
f 7469/5/6 7519/5/6 7539/5/6
f 7519/5/6 7520/5/6 7539/5/6
f 7520/5/6 7495/5/6 7540/5/6
f 7539/5/6 7520/5/6 7540/5/6
f 7540/5/6 7495/5/6 7541/5/6
f 7533/12/6 7534/12/6 7543/12/6
f 7535/12/6 7536/12/6 7543/12/6
f 7532/12/6 7533/12/6 7543/12/6
f 7534/12/6 7535/12/6 7543/12/6
f 7543/12/6 7536/12/6 7544/12/6
f 7544/12/6 7536/12/6 7545/12/6
f 7530/5/6 7531/5/6 7546/5/6
f 7542/12/6 7543/12/6 7549/12/6
f 7543/12/6 7544/12/6 7549/12/6
f 7544/6/6 7545/6/6 7550/6/6
f 7549/12/6 7544/12/6 7550/12/6
f 7545/12/6 7536/12/6 7551/12/6
f 7550/6/6 7545/6/6 7551/6/6
f 7551/12/6 7536/12/6 7552/12/6
f 7552/12/6 7536/12/6 7553/12/6
f 7538/5/6 7539/5/6 7555/5/6
f 7539/5/6 7540/5/6 7555/5/6
f 7527/5/6 7530/5/6 7556/5/6
f 7546/5/6 7547/5/6 7556/5/6
f 7530/5/6 7546/5/6 7556/5/6
f 7556/5/6 7547/5/6 7557/5/6
f 7549/12/6 7550/12/6 7559/12/6
f 7548/12/6 7549/12/6 7559/12/6
f 7551/12/6 7552/12/6 7559/12/6
f 7550/12/6 7551/12/6 7559/12/6
f 7559/12/6 7552/12/6 7560/12/6
f 7560/12/6 7552/12/6 7561/12/6
f 7561/12/6 7552/12/6 7562/12/6
f 7562/12/6 7552/12/6 7563/12/6
f 7554/5/6 7555/5/6 7564/5/6
f 7555/5/6 7540/5/6 7564/5/6
f 7564/5/6 7540/5/6 7565/5/6
f 7557/5/6 7547/5/6 7566/5/6
f 7566/5/6 7547/5/6 7567/5/6
f 7567/5/6 7547/5/6 7568/5/6
f 7558/12/6 7559/12/6 7571/12/6
f 7559/12/6 7560/12/6 7571/12/6
f 7571/12/6 7560/12/6 7572/12/6
f 7560/11/6 7561/11/6 7573/11/6
f 7572/12/6 7560/12/6 7573/12/6
f 7561/12/6 7562/12/6 7574/12/6
f 7573/11/6 7561/11/6 7574/11/6
f 7574/12/6 7562/12/6 7575/12/6
f 7575/12/6 7562/12/6 7576/12/6
f 7554/5/6 7564/5/6 7578/5/6
f 7564/4/6 7565/4/6 7579/4/6
f 7578/5/6 7564/5/6 7579/5/6
f 7565/5/6 7540/5/6 7580/5/6
f 7579/4/6 7565/4/6 7580/4/6
f 7580/5/6 7540/5/6 7581/5/6
f 7581/5/6 7540/5/6 7582/5/6
f 7568/5/6 7569/5/6 7583/5/6
f 7567/5/6 7568/5/6 7583/5/6
f 7570/12/6 7571/12/6 7586/12/6
f 7571/9/6 7572/9/6 7587/9/6
f 7586/12/6 7571/12/6 7587/12/6
f 7572/12/6 7573/12/6 7588/12/6
f 7587/9/6 7572/9/6 7588/9/6
f 7574/12/6 7575/12/6 7588/12/6
f 7573/12/6 7574/12/6 7588/12/6
f 7588/12/6 7575/12/6 7589/12/6
f 7589/12/6 7575/12/6 7590/12/6
f 7578/5/6 7579/5/6 7592/5/6
f 7580/5/6 7581/5/6 7592/5/6
f 7577/5/6 7578/5/6 7592/5/6
f 7579/5/6 7580/5/6 7592/5/6
f 7583/5/6 7584/5/6 7593/5/6
f 7567/5/6 7583/5/6 7593/5/6
f 7593/5/6 7584/5/6 7594/5/6
f 7594/5/6 7584/5/6 7595/5/6
f 7595/5/6 7584/5/6 7596/5/6
f 7588/12/6 7589/12/6 7599/12/6
f 7586/12/6 7587/12/6 7599/12/6
f 7585/12/6 7586/12/6 7599/12/6
f 7587/12/6 7588/12/6 7599/12/6
f 7599/12/6 7589/12/6 7600/12/6
f 7600/12/6 7589/12/6 7601/12/6
f 7591/5/6 7592/5/6 7603/5/6
f 7594/5/6 7595/5/6 7604/5/6
f 7604/5/6 7595/5/6 7605/5/6
f 7595/12/6 7596/12/6 7606/12/6
f 7605/5/6 7595/5/6 7606/5/6
f 7596/5/6 7597/5/6 7607/5/6
f 7606/12/6 7596/12/6 7607/12/6
f 7607/5/6 7597/5/6 7608/5/6
f 7599/12/6 7600/12/6 7610/12/6
f 7598/12/6 7599/12/6 7610/12/6
f 7610/12/6 7600/12/6 7611/12/6
f 7611/12/6 7600/12/6 7612/12/6
f 7602/5/6 7603/5/6 7614/5/6
f 7592/5/6 7581/5/6 7615/5/6
f 7603/5/6 7592/5/6 7615/5/6
f 7614/5/6 7603/5/6 7615/5/6
f 7615/5/6 7581/5/6 7616/5/6
f 7604/12/6 7605/12/6 7617/12/6
f 7605/5/6 7606/5/6 7618/5/6
f 7617/12/6 7605/12/6 7618/12/6
f 7607/5/6 7608/5/6 7618/5/6
f 7606/5/6 7607/5/6 7618/5/6
f 7618/5/6 7608/5/6 7619/5/6
f 7610/12/6 7611/12/6 7623/12/6
f 7609/12/6 7610/12/6 7623/12/6
f 7623/12/6 7611/12/6 7624/12/6
f 7624/12/6 7611/12/6 7625/12/6
f 7625/12/6 7611/12/6 7626/12/6
f 7614/5/6 7615/5/6 7628/5/6
f 7613/5/6 7614/5/6 7628/5/6
f 7628/5/6 7615/5/6 7629/5/6
f 7618/5/6 7619/5/6 7630/5/6
f 7630/5/6 7619/5/6 7631/5/6
f 7620/5/6 7621/5/6 7632/5/6
f 7619/12/6 7620/12/6 7632/12/6
f 7632/5/6 7621/5/6 7633/5/6
f 7623/12/6 7624/12/6 7636/12/6
f 7622/12/6 7623/12/6 7636/12/6
f 7636/12/6 7624/12/6 7637/12/6
f 7624/11/6 7625/11/6 7638/11/6
f 7637/12/6 7624/12/6 7638/12/6
f 7638/11/6 7625/11/6 7639/11/6
f 7627/5/6 7628/5/6 7641/5/6
f 7628/4/6 7629/4/6 7642/4/6
f 7641/5/6 7628/5/6 7642/5/6
f 7629/5/6 7615/5/6 7643/5/6
f 7642/4/6 7629/4/6 7643/4/6
f 7643/5/6 7615/5/6 7644/5/6
f 7644/5/6 7615/5/6 7645/5/6
f 7631/5/6 7619/5/6 7646/5/6
f 7632/12/6 7633/12/6 7647/12/6
f 7646/5/6 7619/5/6 7647/5/6
f 7619/12/6 7632/12/6 7647/12/6
f 7647/12/6 7633/12/6 7648/12/6
f 7633/5/6 7634/5/6 7649/5/6
f 7648/12/6 7633/12/6 7649/12/6
f 7649/5/6 7634/5/6 7650/5/6
f 7636/12/6 7637/12/6 7655/12/6
f 7635/12/6 7636/12/6 7655/12/6
f 7655/12/6 7637/12/6 7656/12/6
f 7656/12/6 7637/12/6 7657/12/6
f 7641/5/6 7642/5/6 7659/5/6
f 7640/5/6 7641/5/6 7659/5/6
f 7643/5/6 7644/5/6 7659/5/6
f 7642/5/6 7643/5/6 7659/5/6
f 7647/5/6 7648/5/6 7660/5/6
f 7650/12/6 7651/12/6 7661/12/6
f 7660/5/6 7648/5/6 7661/5/6
f 7649/12/6 7650/12/6 7661/12/6
f 7648/12/6 7649/12/6 7661/12/6
f 7661/12/6 7651/12/6 7662/12/6
f 7651/5/6 7652/5/6 7663/5/6
f 7662/12/6 7651/12/6 7663/12/6
f 7652/12/6 7653/12/6 7664/12/6
f 7663/5/6 7652/5/6 7664/5/6
f 7664/12/6 7653/12/6 7665/12/6
f 7654/12/6 7655/12/6 7668/12/6
f 7655/12/6 7656/12/6 7668/12/6
f 7668/12/6 7656/12/6 7669/12/6
f 7669/12/6 7656/12/6 7670/12/6
f 7670/12/6 7656/12/6 7671/12/6
f 7671/12/6 7656/12/6 7672/12/6
f 7658/5/6 7659/5/6 7673/5/6
f 7659/5/6 7644/5/6 7673/5/6
f 7673/5/6 7644/5/6 7674/5/6
f 7662/5/6 7663/5/6 7675/5/6
f 7664/5/6 7665/5/6 7675/5/6
f 7663/5/6 7664/5/6 7675/5/6
f 7675/5/6 7665/5/6 7676/5/6
f 7676/5/6 7665/5/6 7677/5/6
f 7665/12/6 7666/12/6 7678/12/6
f 7677/5/6 7665/5/6 7678/5/6
f 7678/12/6 7666/12/6 7679/12/6
f 7668/12/6 7669/12/6 7682/12/6
f 7667/12/6 7668/12/6 7682/12/6
f 7669/9/6 7670/9/6 7683/9/6
f 7682/12/6 7669/12/6 7683/12/6
f 7670/12/6 7671/12/6 7684/12/6
f 7683/9/6 7670/9/6 7684/9/6
f 7684/12/6 7671/12/6 7685/12/6
f 7685/12/6 7671/12/6 7686/12/6
f 7658/5/6 7673/5/6 7688/5/6
f 7676/7/6 7677/7/6 7689/7/6
f 7679/12/6 7680/12/6 7690/12/6
f 7689/7/6 7677/7/6 7690/7/6
f 7678/12/6 7679/12/6 7690/12/6
f 7677/12/6 7678/12/6 7690/12/6
f 7690/12/6 7680/12/6 7691/12/6
f 7682/12/6 7683/12/6 7696/12/6
f 7681/12/6 7682/12/6 7696/12/6
f 7683/12/6 7684/12/6 7696/12/6
f 7684/12/6 7685/12/6 7696/12/6
f 7696/12/6 7685/12/6 7697/12/6
f 7697/12/6 7685/12/6 7698/12/6
f 7687/5/6 7688/5/6 7700/5/6
f 7692/12/6 7693/12/6 7701/12/6
f 7691/12/6 7692/12/6 7701/12/6
f 7690/12/6 7691/12/6 7701/12/6
f 7701/12/6 7693/12/6 7702/12/6
f 7702/12/6 7693/12/6 7703/12/6
f 7694/10/6 7695/10/6 7706/10/6
f 7696/12/6 7697/12/6 7707/12/6
f 7695/12/6 7696/12/6 7707/12/6
f 7706/10/6 7695/10/6 7707/10/6
f 7707/12/6 7697/12/6 7708/12/6
f 7708/12/6 7697/12/6 7709/12/6
f 7699/5/6 7700/5/6 7711/5/6
f 7700/5/6 7688/5/6 7712/5/6
f 7688/5/6 7673/5/6 7712/5/6
f 7711/5/6 7700/5/6 7712/5/6
f 7712/5/6 7673/5/6 7713/5/6
f 7713/5/6 7673/5/6 7714/5/6
f 7714/5/6 7673/5/6 7715/5/6
f 7703/12/6 7704/12/6 7716/12/6
f 7702/12/6 7703/12/6 7716/12/6
f 7716/12/6 7704/12/6 7717/12/6
f 7717/12/6 7704/12/6 7718/12/6
f 7718/12/6 7704/12/6 7719/12/6
f 7719/12/6 7704/12/6 7720/12/6
f 7705/12/6 7706/12/6 7723/12/6
f 7707/12/6 7708/12/6 7723/12/6
f 7706/12/6 7707/12/6 7723/12/6
f 7723/12/6 7708/12/6 7724/12/6
f 7724/12/6 7708/12/6 7725/12/6
f 7710/5/6 7711/5/6 7727/5/6
f 7711/5/6 7712/5/6 7727/5/6
f 7712/1/6 7713/1/6 7728/1/6
f 7727/5/6 7712/5/6 7728/5/6
f 7713/5/6 7714/5/6 7729/5/6
f 7728/1/6 7713/1/6 7729/1/6
f 7729/5/6 7714/5/6 7730/5/6
f 7730/5/6 7714/5/6 7731/5/6
f 7717/12/6 7718/12/6 7732/12/6
f 7718/7/6 7719/7/6 7733/7/6
f 7732/12/6 7718/12/6 7733/12/6
f 7720/12/6 7721/12/6 7734/12/6
f 7733/7/6 7719/7/6 7734/7/6
f 7719/12/6 7720/12/6 7734/12/6
f 7734/12/6 7721/12/6 7735/12/6
f 7722/12/6 7723/12/6 7736/12/6
f 7723/12/6 7724/12/6 7736/12/6
f 7736/12/6 7724/12/6 7737/12/6
f 7737/12/6 7724/12/6 7738/12/6
f 7729/5/6 7730/5/6 7740/5/6
f 7727/5/6 7728/5/6 7740/5/6
f 7726/5/6 7727/5/6 7740/5/6
f 7728/5/6 7729/5/6 7740/5/6
f 7740/5/6 7730/5/6 7741/5/6
f 7741/5/6 7730/5/6 7742/5/6
f 7735/12/6 7736/12/6 7743/12/6
f 7734/12/6 7735/12/6 7743/12/6
f 7733/12/6 7734/12/6 7743/12/6
f 7736/12/6 7737/12/6 7743/12/6
f 7743/12/6 7737/12/6 7744/12/6
f 7744/12/6 7737/12/6 7745/12/6
f 7745/12/6 7737/12/6 7746/12/6
f 7740/5/6 7741/5/6 7748/5/6
f 7739/5/6 7740/5/6 7748/5/6
f 7748/5/6 7741/5/6 7749/5/6
f 7749/5/6 7741/5/6 7750/5/6
f 7744/12/6 7745/12/6 7751/12/6
f 7751/12/6 7745/12/6 7752/12/6
f 7752/12/6 7745/12/6 7753/12/6
f 7753/12/6 7745/12/6 7754/12/6
f 7754/12/6 7745/12/6 7755/12/6
f 7755/12/6 7745/12/6 7756/12/6
f 7747/5/6 7748/5/6 7758/5/6
f 7748/5/6 7749/5/6 7758/5/6
f 7758/5/6 7749/5/6 7759/5/6
f 7759/5/6 7749/5/6 7760/5/6
f 7752/12/6 7753/12/6 7761/12/6
f 7761/12/6 7753/12/6 7762/12/6
f 7754/12/6 7755/12/6 7763/12/6
f 7763/12/6 7755/12/6 7764/12/6
f 7757/5/6 7758/5/6 7766/5/6
f 7758/5/6 7759/5/6 7766/5/6
f 7759/3/6 7760/3/6 7767/3/6
f 7766/5/6 7759/5/6 7767/5/6
f 7760/5/6 7749/5/6 7768/5/6
f 7767/3/6 7760/3/6 7768/3/6
f 7768/5/6 7749/5/6 7769/5/6
f 7769/5/6 7749/5/6 7770/5/6
f 7762/12/6 7753/12/6 7771/12/6
f 7771/12/6 7753/12/6 7772/12/6
f 7772/12/6 7753/12/6 7773/12/6
f 7773/12/6 7753/12/6 7774/12/6
f 7753/11/6 7754/11/6 7775/11/6
f 7774/12/6 7753/12/6 7775/12/6
f 7754/12/6 7763/12/6 7776/12/6
f 7775/11/6 7754/11/6 7776/11/6
f 7776/12/6 7763/12/6 7777/12/6
f 7777/12/6 7763/12/6 7778/12/6
f 7766/5/6 7767/5/6 7780/5/6
f 7765/5/6 7766/5/6 7780/5/6
f 7767/5/6 7768/5/6 7780/5/6
f 7768/5/6 7769/5/6 7780/5/6
f 7772/12/6 7773/12/6 7781/12/6
f 7773/9/6 7774/9/6 7782/9/6
f 7781/12/6 7773/12/6 7782/12/6
f 7775/12/6 7776/12/6 7783/12/6
f 7782/9/6 7774/9/6 7783/9/6
f 7774/12/6 7775/12/6 7783/12/6
f 7776/12/6 7777/12/6 7783/12/6
f 7783/12/6 7777/12/6 7784/12/6
f 7784/12/6 7777/12/6 7785/12/6
f 7785/12/6 7777/12/6 7786/12/6
f 7786/12/6 7777/12/6 7787/12/6
f 7779/5/6 7780/5/6 7789/5/6
f 7780/5/6 7769/5/6 7790/5/6
f 7789/5/6 7780/5/6 7790/5/6
f 7790/5/6 7769/5/6 7791/5/6
f 7784/7/6 7785/7/6 7792/7/6
f 7785/12/6 7786/12/6 7793/12/6
f 7792/7/6 7785/7/6 7793/7/6
f 7793/12/6 7786/12/6 7794/12/6
f 7794/12/6 7786/12/6 7795/12/6
f 7795/12/6 7786/12/6 7796/12/6
f 7788/5/6 7789/5/6 7798/5/6
f 7789/5/6 7790/5/6 7798/5/6
f 7798/5/6 7790/5/6 7799/5/6
f 7799/5/6 7790/5/6 7800/5/6
f 7794/12/6 7795/12/6 7801/12/6
f 7801/12/6 7795/12/6 7802/12/6
f 7797/5/6 7798/5/6 7804/5/6
f 7798/5/6 7799/5/6 7804/5/6
f 7804/5/6 7799/5/6 7805/5/6
f 7805/5/6 7799/5/6 7806/5/6
f 7803/5/6 7804/5/6 7808/5/6
f 7804/5/6 7805/5/6 7808/5/6
f 7808/5/6 7805/5/6 7809/5/6
f 7809/5/6 7805/5/6 7810/5/6
f 7807/5/6 7808/5/6 7812/5/6
f 7808/5/6 7809/5/6 7812/5/6
f 7811/5/6 7812/5/6 7814/5/6
f 7812/5/6 7809/5/6 7815/5/6
f 7814/5/6 7812/5/6 7815/5/6
f 7815/5/6 7809/5/6 7816/5/6
f 7813/5/6 7814/5/6 7817/5/6
f 7814/5/6 7815/5/6 7817/5/6
f 7817/5/6 7815/5/6 7818/5/6
f 7813/5/6 7817/5/6 7820/5/6
f 7820/5/6 7817/5/6 7821/5/6
f 7821/5/6 7817/5/6 7822/5/6
f 7819/5/6 7820/5/6 7824/5/6
f 7820/5/6 7821/5/6 7824/5/6
f 7824/5/6 7821/5/6 7825/5/6
f 7825/5/6 7821/5/6 7826/5/6
f 7823/5/6 7824/5/6 7828/5/6
f 7824/5/6 7825/5/6 7828/5/6
f 7825/1/6 7826/1/6 7829/1/6
f 7828/5/6 7825/5/6 7829/5/6
f 7826/5/6 7821/5/6 7830/5/6
f 7829/1/6 7826/1/6 7830/1/6
f 7830/5/6 7821/5/6 7831/5/6
f 7831/5/6 7821/5/6 7832/5/6
f 7828/5/6 7829/5/6 7834/5/6
f 7827/5/6 7828/5/6 7834/5/6
f 7830/5/6 7831/5/6 7834/5/6
f 7829/5/6 7830/5/6 7834/5/6
f 7834/5/6 7831/5/6 7835/5/6
f 7835/5/6 7831/5/6 7836/5/6
f 7833/5/6 7834/5/6 7838/5/6
f 7834/5/6 7835/5/6 7838/5/6
f 7838/5/6 7835/5/6 7839/5/6
f 7839/5/6 7835/5/6 7840/5/6
f 7837/5/6 7838/5/6 7841/5/6
f 7838/5/6 7839/5/6 7841/5/6
f 7841/5/6 7839/5/6 7842/5/6
f 7837/5/6 7841/5/6 7844/5/6
f 7844/5/6 7841/5/6 7845/5/6
f 7845/5/6 7841/5/6 7846/5/6
f 7843/5/6 7844/5/6 7848/5/6
f 7844/5/6 7845/5/6 7848/5/6
f 7848/5/6 7845/5/6 7849/5/6
f 7849/5/6 7845/5/6 7850/5/6
f 7850/5/6 7845/5/6 7851/5/6
f 7851/5/6 7845/5/6 7852/5/6
f 7852/5/6 7845/5/6 7853/5/6
f 7853/5/6 7845/5/6 7854/5/6
f 7847/5/6 7848/5/6 7858/5/6
f 7848/5/6 7849/5/6 7858/5/6
f 7849/1/6 7850/1/6 7859/1/6
f 7858/5/6 7849/5/6 7859/5/6
f 7850/5/6 7851/5/6 7860/5/6
f 7859/1/6 7850/1/6 7860/1/6
f 7851/3/6 7852/3/6 7861/3/6
f 7860/5/6 7851/5/6 7861/5/6
f 7852/5/6 7853/5/6 7862/5/6
f 7861/3/6 7852/3/6 7862/3/6
f 7862/5/6 7853/5/6 7863/5/6
f 7855/5/6 7856/5/6 7864/5/6
f 7857/5/6 7858/5/6 7866/5/6
f 7858/5/6 7859/5/6 7866/5/6
f 7859/5/6 7860/5/6 7866/5/6
f 7861/5/6 7862/5/6 7866/5/6
f 7860/5/6 7861/5/6 7866/5/6
f 7866/5/6 7862/5/6 7867/5/6
f 7864/5/6 7865/5/6 7868/5/6
f 7857/5/6 7866/5/6 7871/5/6
f 7871/5/6 7866/5/6 7872/5/6
f 7872/5/6 7866/5/6 7873/5/6
f 7873/5/6 7866/5/6 7874/5/6
f 7874/5/6 7866/5/6 7875/5/6
f 7868/5/6 7869/5/6 7876/5/6
f 7870/5/6 7871/5/6 7879/5/6
f 7871/5/6 7872/5/6 7879/5/6
f 7872/4/6 7873/4/6 7880/4/6
f 7879/5/6 7872/5/6 7880/5/6
f 7873/5/6 7874/5/6 7881/5/6
f 7880/4/6 7873/4/6 7881/4/6
f 7881/5/6 7874/5/6 7882/5/6
f 7882/5/6 7874/5/6 7883/5/6
f 7876/5/6 7877/5/6 7884/5/6
f 7878/5/6 7879/5/6 7889/5/6
f 7879/5/6 7880/5/6 7889/5/6
f 7880/5/6 7881/5/6 7889/5/6
f 7881/5/6 7882/5/6 7889/5/6
f 7889/5/6 7882/5/6 7890/5/6
f 7890/5/6 7882/5/6 7891/5/6
f 7885/2/6 7886/2/6 7892/2/6
f 7884/5/6 7885/5/6 7892/5/6
f 7886/5/6 7887/5/6 7893/5/6
f 7892/2/6 7886/2/6 7893/2/6
f 7893/5/6 7887/5/6 7894/5/6
f 7889/5/6 7890/5/6 7897/5/6
f 7888/5/6 7889/5/6 7897/5/6
f 7897/5/6 7890/5/6 7898/5/6
f 7898/5/6 7890/5/6 7899/5/6
f 7899/5/6 7890/5/6 7900/5/6
f 7894/5/6 7895/5/6 7901/5/6
f 7893/5/6 7894/5/6 7901/5/6
f 7892/5/6 7893/5/6 7901/5/6
f 7896/5/6 7897/5/6 7906/5/6
f 7897/1/6 7898/1/6 7907/1/6
f 7906/5/6 7897/5/6 7907/5/6
f 7898/5/6 7899/5/6 7908/5/6
f 7907/1/6 7898/1/6 7908/1/6
f 7908/5/6 7899/5/6 7909/5/6
f 7909/5/6 7899/5/6 7910/5/6
f 7910/5/6 7899/5/6 7911/5/6
f 7911/5/6 7899/5/6 7912/5/6
f 7901/5/6 7902/5/6 7913/5/6
f 7903/5/6 7904/5/6 7914/5/6
f 7914/5/6 7904/5/6 7915/5/6
f 7906/5/6 7907/5/6 7916/5/6
f 7905/5/6 7906/5/6 7916/5/6
f 7907/5/6 7908/5/6 7916/5/6
f 7908/5/6 7909/5/6 7916/5/6
f 7909/4/6 7910/4/6 7917/4/6
f 7916/5/6 7909/5/6 7917/5/6
f 7910/5/6 7911/5/6 7918/5/6
f 7917/4/6 7910/4/6 7918/4/6
f 7918/5/6 7911/5/6 7919/5/6
f 7868/5/6 7876/5/6 7920/5/6
f 7884/5/6 7892/5/6 7920/5/6
f 7876/5/6 7884/5/6 7920/5/6
f 7915/5/6 7916/5/6 7920/5/6
f 7916/5/6 7917/5/6 7920/5/6
f 7914/5/6 7915/5/6 7920/5/6
f 7913/5/6 7914/5/6 7920/5/6
f 7901/5/6 7913/5/6 7920/5/6
f 7892/5/6 7901/5/6 7920/5/6
f 7920/5/6 7917/5/6 7921/5/6
f 7921/5/6 7917/5/6 7922/5/6
f 7922/5/6 7917/5/6 7923/5/6
f 7868/5/6 7920/5/6 7924/5/6
f 7920/3/6 7921/3/6 7924/3/6
f 7921/5/6 7922/5/6 7925/5/6
f 7924/3/6 7921/3/6 7925/3/6
f 7925/5/6 7922/5/6 7926/5/6
f 7926/5/6 7922/5/6 7927/5/6
f 7924/5/6 7925/5/6 7928/5/6
f 7925/5/6 7926/5/6 7928/5/6
f 7928/5/6 7926/5/6 7929/5/6
f 7924/5/6 7928/5/6 7930/5/6
f 7930/5/6 7928/5/6 7931/5/6
f 7931/5/6 7928/5/6 7932/5/6
f 7932/5/6 7928/5/6 7933/5/6
f 7924/5/6 7930/5/6 7934/5/6
f 7930/4/6 7931/4/6 7934/4/6
f 7931/5/6 7932/5/6 7935/5/6
f 7934/4/6 7931/4/6 7935/4/6
f 7935/5/6 7932/5/6 7936/5/6
f 7936/5/6 7932/5/6 7937/5/6
f 7934/5/6 7935/5/6 7938/5/6
f 7935/5/6 7936/5/6 7938/5/6
f 7938/5/6 7936/5/6 7939/5/6
f 7934/5/6 7938/5/6 7940/5/6
f 7940/5/6 7938/5/6 7941/5/6
f 7934/5/6 7940/5/6 7942/5/6
f 7942/5/6 7940/5/6 7943/5/6
f 7855/5/6 7864/5/6 7944/5/6
f 7864/5/6 7868/5/6 7944/5/6
f 7934/5/6 7942/5/6 7944/5/6
f 7868/5/6 7924/5/6 7944/5/6
f 7924/5/6 7934/5/6 7944/5/6
f 7944/5/6 7942/5/6 7945/5/6
f 7945/5/6 7942/5/6 7946/5/6
f 7946/5/6 7942/5/6 7947/5/6
f 7945/5/6 7946/5/6 7948/5/6
f 7948/5/6 7946/5/6 7949/5/6
f 7950/5/6 7951/5/6 7953/5/6
f 7953/5/6 7951/5/6 7954/5/6
f 7952/5/6 7953/5/6 7970/5/6
f 7953/5/6 7954/5/6 7970/5/6
f 7954/5/6 7955/5/6 7970/5/6
f 7970/5/6 7955/5/6 7971/5/6
f 7971/5/6 7955/5/6 7972/5/6
f 7972/5/6 7955/5/6 7973/5/6
f 7955/12/6 7956/12/6 7974/12/6
f 7973/5/6 7955/5/6 7974/5/6
f 7956/5/6 7957/5/6 7975/5/6
f 7974/12/6 7956/12/6 7975/12/6
f 7975/5/6 7957/5/6 7976/5/6
f 7957/12/6 7958/12/6 7977/12/6
f 7976/5/6 7957/5/6 7977/5/6
f 7958/5/6 7959/5/6 7978/5/6
f 7977/12/6 7958/12/6 7978/12/6
f 7978/5/6 7959/5/6 7979/5/6
f 7959/12/6 7960/12/6 7980/12/6
f 7979/5/6 7959/5/6 7980/5/6
f 7960/5/6 7961/5/6 7981/5/6
f 7980/12/6 7960/12/6 7981/12/6
f 7981/5/6 7961/5/6 7982/5/6
f 7961/12/6 7962/12/6 7983/12/6
f 7982/5/6 7961/5/6 7983/5/6
f 7962/5/6 7963/5/6 7984/5/6
f 7983/12/6 7962/12/6 7984/12/6
f 7984/5/6 7963/5/6 7985/5/6
f 7963/12/6 7964/12/6 7986/12/6
f 7985/5/6 7963/5/6 7986/5/6
f 7964/5/6 7965/5/6 7987/5/6
f 7986/12/6 7964/12/6 7987/12/6
f 7965/12/6 7966/12/6 7988/12/6
f 7987/5/6 7965/5/6 7988/5/6
f 7966/5/6 7967/5/6 7989/5/6
f 7988/12/6 7966/12/6 7989/12/6
f 7967/12/6 7968/12/6 7990/12/6
f 7989/5/6 7967/5/6 7990/5/6
f 7990/12/6 7968/12/6 7991/12/6
f 7969/5/6 7970/5/6 7994/5/6
f 7970/5/6 7971/5/6 7994/5/6
f 7994/5/6 7971/5/6 7995/5/6
f 7995/5/6 7971/5/6 7996/5/6
f 7972/5/6 7973/5/6 7997/5/6
f 7997/5/6 7973/5/6 7998/5/6
f 7976/5/6 7977/5/6 7999/5/6
f 7978/5/6 7979/5/6 7999/5/6
f 7977/5/6 7978/5/6 7999/5/6
f 7999/5/6 7979/5/6 8000/5/6
f 7979/12/6 7980/12/6 8001/12/6
f 8000/5/6 7979/5/6 8001/5/6
f 7981/5/6 7982/5/6 8002/5/6
f 8001/12/6 7980/12/6 8002/12/6
f 7980/5/6 7981/5/6 8002/5/6
f 8002/5/6 7982/5/6 8003/5/6
f 8003/5/6 7982/5/6 8004/5/6
f 8004/5/6 7982/5/6 8005/5/6
f 7982/12/6 7983/12/6 8006/12/6
f 8005/5/6 7982/5/6 8006/5/6
f 7984/5/6 7985/5/6 8007/5/6
f 8006/12/6 7983/12/6 8007/12/6
f 7983/5/6 7984/5/6 8007/5/6
f 8007/5/6 7985/5/6 8008/5/6
f 7988/12/6 7989/12/6 8009/12/6
f 7987/12/6 7988/12/6 8009/12/6
f 7986/12/6 7987/12/6 8009/12/6
f 7991/12/6 7992/12/6 8009/12/6
f 7990/12/6 7991/12/6 8009/12/6
f 7985/12/6 7986/12/6 8009/12/6
f 7989/12/6 7990/12/6 8009/12/6
f 7993/5/6 7994/5/6 8012/5/6
f 7994/5/6 7995/5/6 8012/5/6
f 8012/5/6 7995/5/6 8013/5/6
f 8013/5/6 7995/5/6 8014/5/6
f 8002/5/6 8003/5/6 8015/5/6
f 8001/5/6 8002/5/6 8015/5/6
f 8000/5/6 8001/5/6 8015/5/6
f 8003/12/6 8004/12/6 8016/12/6
f 8015/5/6 8003/5/6 8016/5/6
f 8004/5/6 8005/5/6 8017/5/6
f 8016/12/6 8004/12/6 8017/12/6
f 8007/12/6 8008/12/6 8018/12/6
f 8017/5/6 8005/5/6 8018/5/6
f 8006/12/6 8007/12/6 8018/12/6
f 8005/12/6 8006/12/6 8018/12/6
f 8018/12/6 8008/12/6 8019/12/6
f 8019/12/6 8008/12/6 8020/12/6
f 8008/5/6 7985/5/6 8021/5/6
f 8020/12/6 8008/12/6 8021/12/6
f 8009/12/6 8010/12/6 8022/12/6
f 8021/5/6 7985/5/6 8022/5/6
f 7985/12/6 8009/12/6 8022/12/6
f 8022/12/6 8010/12/6 8023/12/6
f 8023/12/6 8010/12/6 8024/12/6
f 8024/12/6 8010/12/6 8025/12/6
f 8025/12/6 8010/12/6 8026/12/6
f 8012/5/6 8013/5/6 8028/5/6
f 8011/5/6 8012/5/6 8028/5/6
f 8028/5/6 8013/5/6 8029/5/6
f 8029/5/6 8013/5/6 8030/5/6
f 8000/5/6 8015/5/6 8031/5/6
f 8031/5/6 8015/5/6 8032/5/6
f 8032/5/6 8015/5/6 8033/5/6
f 8016/12/6 8017/12/6 8034/12/6
f 8033/5/6 8015/5/6 8034/5/6
f 8018/12/6 8019/12/6 8034/12/6
f 8015/12/6 8016/12/6 8034/12/6
f 8017/12/6 8018/12/6 8034/12/6
f 8034/12/6 8019/12/6 8035/12/6
f 8035/12/6 8019/12/6 8036/12/6
f 8019/5/6 8020/5/6 8037/5/6
f 8036/12/6 8019/12/6 8037/12/6
f 8037/5/6 8020/5/6 8038/5/6
f 8020/12/6 8021/12/6 8039/12/6
f 8038/5/6 8020/5/6 8039/5/6
f 8021/12/6 8022/12/6 8039/12/6
f 8022/12/6 8023/12/6 8039/12/6
f 8023/5/6 8024/5/6 8040/5/6
f 8039/12/6 8023/12/6 8040/12/6
f 8024/12/6 8025/12/6 8041/12/6
f 8040/5/6 8024/5/6 8041/5/6
f 8025/5/6 8026/5/6 8042/5/6
f 8041/12/6 8025/12/6 8042/12/6
f 8026/12/6 8010/12/6 8043/12/6
f 8042/5/6 8026/5/6 8043/5/6
f 8043/12/6 8010/12/6 8044/12/6
f 8028/5/6 8029/5/6 8047/5/6
f 8027/5/6 8028/5/6 8047/5/6
f 8047/5/6 8029/5/6 8048/5/6
f 8048/5/6 8029/5/6 8049/5/6
f 8032/5/6 8033/5/6 8050/5/6
f 8033/12/6 8034/12/6 8051/12/6
f 8050/5/6 8033/5/6 8051/5/6
f 8051/12/6 8034/12/6 8052/12/6
f 8034/5/6 8035/5/6 8053/5/6
f 8052/12/6 8034/12/6 8053/12/6
f 8035/12/6 8036/12/6 8054/12/6
f 8053/5/6 8035/5/6 8054/5/6
f 8036/5/6 8037/5/6 8055/5/6
f 8054/12/6 8036/12/6 8055/12/6
f 8037/9/6 8038/9/6 8056/9/6
f 8055/5/6 8037/5/6 8056/5/6
f 8041/12/6 8042/12/6 8057/12/6
f 8056/9/6 8038/9/6 8057/9/6
f 8040/12/6 8041/12/6 8057/12/6
f 8044/12/6 8045/12/6 8057/12/6
f 8043/12/6 8044/12/6 8057/12/6
f 8039/12/6 8040/12/6 8057/12/6
f 8042/12/6 8043/12/6 8057/12/6
f 8038/12/6 8039/12/6 8057/12/6
f 8057/12/6 8045/12/6 8058/12/6
f 8058/12/6 8045/12/6 8059/12/6
f 8059/12/6 8045/12/6 8060/12/6
f 8060/12/6 8045/12/6 8061/12/6
f 8061/12/6 8045/12/6 8062/12/6
f 8047/5/6 8048/5/6 8064/5/6
f 8046/5/6 8047/5/6 8064/5/6
f 8064/5/6 8048/5/6 8065/5/6
f 8065/5/6 8048/5/6 8066/5/6
f 8051/12/6 8052/12/6 8067/12/6
f 8052/5/6 8053/5/6 8068/5/6
f 8067/12/6 8052/12/6 8068/12/6
f 8054/12/6 8055/12/6 8069/12/6
f 8055/12/6 8056/12/6 8069/12/6
f 8053/12/6 8054/12/6 8069/12/6
f 8056/12/6 8057/12/6 8069/12/6
f 8057/12/6 8058/12/6 8069/12/6
f 8069/12/6 8058/12/6 8070/12/6
f 8060/5/6 8061/5/6 8071/5/6
f 8059/12/6 8060/12/6 8071/12/6
f 8061/7/6 8062/7/6 8072/7/6
f 8071/5/6 8061/5/6 8072/5/6
f 8062/12/6 8045/12/6 8073/12/6
f 8072/7/6 8062/7/6 8073/7/6
f 8064/5/6 8065/5/6 8075/5/6
f 8063/5/6 8064/5/6 8075/5/6
f 8075/5/6 8065/5/6 8076/5/6
f 8076/5/6 8065/5/6 8077/5/6
f 8068/5/6 8053/5/6 8078/5/6
f 8053/12/6 8069/12/6 8079/12/6
f 8078/5/6 8053/5/6 8079/5/6
f 8069/5/6 8070/5/6 8080/5/6
f 8079/12/6 8069/12/6 8080/12/6
f 8070/12/6 8058/12/6 8081/12/6
f 8080/5/6 8070/5/6 8081/5/6
f 8058/5/6 8059/5/6 8082/5/6
f 8081/12/6 8058/12/6 8082/12/6
f 8071/12/6 8072/12/6 8083/12/6
f 8082/5/6 8059/5/6 8083/5/6
f 8059/12/6 8071/12/6 8083/12/6
f 8072/12/6 8073/12/6 8083/12/6
f 8075/5/6 8076/5/6 8085/5/6
f 8074/5/6 8075/5/6 8085/5/6
f 8085/5/6 8076/5/6 8086/5/6
f 8086/5/6 8076/5/6 8087/5/6
f 8081/12/6 8082/12/6 8088/12/6
f 8079/12/6 8080/12/6 8088/12/6
f 8082/12/6 8083/12/6 8088/12/6
f 8080/12/6 8081/12/6 8088/12/6
f 8088/12/6 8083/12/6 8089/12/6
f 8089/12/6 8083/12/6 8090/12/6
f 8090/12/6 8083/12/6 8091/12/6
f 8085/5/6 8086/5/6 8093/5/6
f 8084/5/6 8085/5/6 8093/5/6
f 8093/5/6 8086/5/6 8094/5/6
f 8094/5/6 8086/5/6 8095/5/6
f 8090/5/6 8091/5/6 8096/5/6
f 8091/12/6 8083/12/6 8097/12/6
f 8096/5/6 8091/5/6 8097/5/6
f 8097/12/6 8083/12/6 8098/12/6
f 8083/12/6 8073/12/6 8099/12/6
f 8098/12/6 8083/12/6 8099/12/6
f 8073/12/6 8045/12/6 8100/12/6
f 8099/12/6 8073/12/6 8100/12/6
f 8092/5/6 8093/5/6 8102/5/6
f 8093/5/6 8094/5/6 8102/5/6
f 8098/12/6 8099/12/6 8103/12/6
f 8103/12/6 8099/12/6 8104/12/6
f 8099/9/6 8100/9/6 8105/9/6
f 8104/12/6 8099/12/6 8105/12/6
f 8100/12/6 8045/12/6 8106/12/6
f 8105/9/6 8100/9/6 8106/9/6
f 8101/5/6 8102/5/6 8108/5/6
f 8102/5/6 8094/5/6 8109/5/6
f 8108/5/6 8102/5/6 8109/5/6
f 8109/5/6 8094/5/6 8110/5/6
f 8104/12/6 8105/12/6 8111/12/6
f 8105/12/6 8106/12/6 8111/12/6
f 8106/12/6 8045/12/6 8112/12/6
f 8111/12/6 8106/12/6 8112/12/6
f 8112/12/6 8045/12/6 8113/12/6
f 8113/12/6 8045/12/6 8114/12/6
f 8114/12/6 8045/12/6 8115/12/6
f 8115/12/6 8045/12/6 8116/12/6
f 8104/12/6 8111/12/6 8117/12/6
f 8117/12/6 8111/12/6 8118/12/6
f 8112/12/6 8113/12/6 8119/12/6
f 8113/7/6 8114/7/6 8119/7/6
f 8114/12/6 8115/12/6 8120/12/6
f 8119/7/6 8114/7/6 8120/7/6
f 8108/5/6 8109/5/6 8122/5/6
f 8107/5/6 8108/5/6 8122/5/6
f 8122/5/6 8109/5/6 8123/5/6
f 8123/5/6 8109/5/6 8124/5/6
f 8111/9/6 8112/9/6 8125/9/6
f 8118/12/6 8111/12/6 8125/12/6
f 8119/12/6 8120/12/6 8126/12/6
f 8125/9/6 8112/9/6 8126/9/6
f 8112/12/6 8119/12/6 8126/12/6
f 8121/5/6 8122/5/6 8130/5/6
f 8122/5/6 8123/5/6 8130/5/6
f 8130/5/6 8123/5/6 8131/5/6
f 8131/5/6 8123/5/6 8132/5/6
f 8126/12/6 8120/12/6 8133/12/6
f 8125/12/6 8126/12/6 8133/12/6
f 8120/12/6 8115/12/6 8133/12/6
f 8133/12/6 8115/12/6 8134/12/6
f 8127/5/6 8128/5/6 8136/5/6
f 8136/5/6 8128/5/6 8137/5/6
f 8130/5/6 8131/5/6 8139/5/6
f 8129/5/6 8130/5/6 8139/5/6
f 8139/5/6 8131/5/6 8140/5/6
f 8125/12/6 8133/12/6 8141/12/6
f 8141/12/6 8133/12/6 8142/12/6
f 8137/5/6 8138/5/6 8144/5/6
f 8136/5/6 8137/5/6 8144/5/6
f 8135/5/6 8136/5/6 8144/5/6
f 8144/5/6 8138/5/6 8145/5/6
f 8129/5/6 8139/5/6 8148/5/6
f 8145/5/6 8146/5/6 8150/5/6
f 8143/5/6 8144/5/6 8150/5/6
f 8144/5/6 8145/5/6 8150/5/6
f 8150/5/6 8146/5/6 8151/5/6
f 8147/5/6 8148/5/6 8153/5/6
f 8148/5/6 8139/5/6 8153/5/6
f 8153/5/6 8139/5/6 8154/5/6
f 8125/12/6 8141/12/6 8155/12/6
f 8155/12/6 8141/12/6 8156/12/6
f 8151/5/6 8152/5/6 8158/5/6
f 8150/5/6 8151/5/6 8158/5/6
f 8149/5/6 8150/5/6 8158/5/6
f 8158/5/6 8152/5/6 8159/5/6
f 8159/5/6 8152/5/6 8160/5/6
f 8160/5/6 8152/5/6 8161/5/6
f 8161/5/6 8152/5/6 8162/5/6
f 8162/5/6 8152/5/6 8163/5/6
f 8118/12/6 8125/12/6 8166/12/6
f 8125/12/6 8155/12/6 8166/12/6
f 8166/12/6 8155/12/6 8167/12/6
f 8167/12/6 8155/12/6 8168/12/6
f 8157/5/6 8158/5/6 8170/5/6
f 8158/5/6 8159/5/6 8170/5/6
f 8159/1/6 8160/1/6 8171/1/6
f 8170/5/6 8159/5/6 8171/5/6
f 8160/5/6 8161/5/6 8172/5/6
f 8171/1/6 8160/1/6 8172/1/6
f 8161/2/6 8162/2/6 8173/2/6
f 8172/5/6 8161/5/6 8173/5/6
f 8163/5/6 8164/5/6 8174/5/6
f 8173/2/6 8162/2/6 8174/2/6
f 8162/5/6 8163/5/6 8174/5/6
f 8174/5/6 8164/5/6 8175/5/6
f 8147/5/6 8153/5/6 8177/5/6
f 8177/5/6 8153/5/6 8178/5/6
f 8166/12/6 8167/12/6 8179/12/6
f 8165/12/6 8166/12/6 8179/12/6
f 8179/12/6 8167/12/6 8180/12/6
f 8172/5/6 8173/5/6 8184/5/6
f 8175/5/6 8176/5/6 8184/5/6
f 8169/5/6 8170/5/6 8184/5/6
f 8174/5/6 8175/5/6 8184/5/6
f 8173/5/6 8174/5/6 8184/5/6
f 8170/5/6 8171/5/6 8184/5/6
f 8171/5/6 8172/5/6 8184/5/6
f 8147/5/6 8177/5/6 8186/5/6
f 8165/12/6 8179/12/6 8187/12/6
f 8187/12/6 8179/12/6 8188/12/6
f 8188/12/6 8179/12/6 8189/12/6
f 8189/12/6 8179/12/6 8190/12/6
f 8181/5/6 8182/5/6 8192/5/6
f 8192/5/6 8182/5/6 8193/5/6
f 8183/5/6 8184/5/6 8197/5/6
f 8184/5/6 8176/5/6 8198/5/6
f 8197/5/6 8184/5/6 8198/5/6
f 8185/5/6 8186/5/6 8200/5/6
f 8186/5/6 8177/5/6 8200/5/6
f 8200/5/6 8177/5/6 8201/5/6
f 8165/12/6 8187/12/6 8202/12/6
f 8187/10/6 8188/10/6 8202/10/6
f 8188/12/6 8189/12/6 8203/12/6
f 8202/10/6 8188/10/6 8203/10/6
f 8203/12/6 8189/12/6 8204/12/6
f 8204/12/6 8189/12/6 8205/12/6
f 8191/5/6 8192/5/6 8207/5/6
f 8192/5/6 8193/5/6 8207/5/6
f 8193/1/6 8194/1/6 8208/1/6
f 8207/5/6 8193/5/6 8208/5/6
f 8194/5/6 8195/5/6 8209/5/6
f 8208/1/6 8194/1/6 8209/1/6
f 8209/5/6 8195/5/6 8210/5/6
f 8198/5/6 8199/5/6 8211/5/6
f 8196/5/6 8197/5/6 8211/5/6
f 8197/5/6 8198/5/6 8211/5/6
f 8211/5/6 8199/5/6 8212/5/6
f 8185/5/6 8200/5/6 8214/5/6
f 8214/5/6 8200/5/6 8215/5/6
f 8165/12/6 8202/12/6 8217/12/6
f 8203/12/6 8204/12/6 8217/12/6
f 8202/12/6 8203/12/6 8217/12/6
f 8217/12/6 8204/12/6 8218/12/6
f 8218/12/6 8204/12/6 8219/12/6
f 8209/5/6 8210/5/6 8221/5/6
f 8207/5/6 8208/5/6 8221/5/6
f 8208/5/6 8209/5/6 8221/5/6
f 8212/5/6 8213/5/6 8221/5/6
f 8210/5/6 8211/5/6 8221/5/6
f 8211/5/6 8212/5/6 8221/5/6
f 8206/5/6 8207/5/6 8221/5/6
f 8221/5/6 8213/5/6 8222/5/6
f 8222/5/6 8213/5/6 8223/5/6
f 8217/12/6 8218/12/6 8224/12/6
f 8216/12/6 8217/12/6 8224/12/6
f 8224/12/6 8218/12/6 8225/12/6
f 8220/5/6 8221/5/6 8226/5/6
f 8221/5/6 8222/5/6 8226/5/6
f 8226/5/6 8222/5/6 8227/5/6
f 8223/5/6 8213/5/6 8228/5/6
f 8185/5/6 8214/5/6 8230/5/6
f 8230/5/6 8214/5/6 8231/5/6
f 8216/12/6 8224/12/6 8233/12/6
f 8233/12/6 8224/12/6 8234/12/6
f 8234/12/6 8224/12/6 8235/12/6
f 8227/5/6 8222/5/6 8237/5/6
f 8222/2/6 8223/2/6 8238/2/6
f 8237/5/6 8222/5/6 8238/5/6
f 8228/5/6 8229/5/6 8239/5/6
f 8238/2/6 8223/2/6 8239/2/6
f 8223/5/6 8228/5/6 8239/5/6
f 8185/5/6 8230/5/6 8241/5/6
f 8236/5/6 8237/5/6 8242/5/6
f 8237/5/6 8238/5/6 8242/5/6
f 8238/5/6 8239/5/6 8242/5/6
f 8242/5/6 8239/5/6 8243/5/6
f 8239/5/6 8229/5/6 8244/5/6
f 8243/5/6 8239/5/6 8244/5/6
f 8244/5/6 8229/5/6 8245/5/6
f 8240/12/6 8241/12/6 8247/12/6
f 8241/5/6 8230/5/6 8248/5/6
f 8247/12/6 8241/12/6 8248/12/6
f 8248/5/6 8230/5/6 8249/5/6
f 8249/5/6 8230/5/6 8250/5/6
f 8250/5/6 8230/5/6 8251/5/6
f 8251/5/6 8230/5/6 8252/5/6
f 8232/12/6 8233/12/6 8253/12/6
f 8233/12/6 8234/12/6 8253/12/6
f 8253/12/6 8234/12/6 8254/12/6
f 8254/12/6 8234/12/6 8255/12/6
f 8255/12/6 8234/12/6 8256/12/6
f 8242/1/6 8243/1/6 8257/1/6
f 8236/5/6 8242/5/6 8257/5/6
f 8243/5/6 8244/5/6 8258/5/6
f 8257/1/6 8243/1/6 8258/1/6
f 8258/5/6 8244/5/6 8259/5/6
f 8259/5/6 8244/5/6 8260/5/6
f 8244/4/6 8245/4/6 8261/4/6
f 8260/5/6 8244/5/6 8261/5/6
f 8245/5/6 8246/5/6 8262/5/6
f 8261/4/6 8245/4/6 8262/4/6
f 8247/5/6 8248/5/6 8263/5/6
f 8248/5/6 8249/5/6 8263/5/6
f 8249/12/6 8250/12/6 8263/12/6
f 8250/5/6 8251/5/6 8264/5/6
f 8263/12/6 8250/12/6 8264/12/6
f 8232/12/6 8253/12/6 8266/12/6
f 8254/12/6 8255/12/6 8267/12/6
f 8267/12/6 8255/12/6 8268/12/6
f 8259/4/6 8260/4/6 8269/4/6
f 8258/5/6 8259/5/6 8269/5/6
f 8257/5/6 8258/5/6 8269/5/6
f 8260/5/6 8261/5/6 8270/5/6
f 8269/4/6 8260/4/6 8270/4/6
f 8261/5/6 8262/5/6 8270/5/6
f 8270/5/6 8262/5/6 8271/5/6
f 8271/5/6 8262/5/6 8272/5/6
f 8265/12/6 8266/12/6 8274/12/6
f 8266/12/6 8253/12/6 8275/12/6
f 8274/12/6 8266/12/6 8275/12/6
f 8275/12/6 8253/12/6 8276/12/6
f 8253/11/6 8254/11/6 8277/11/6
f 8276/12/6 8253/12/6 8277/12/6
f 8254/12/6 8267/12/6 8278/12/6
f 8277/11/6 8254/11/6 8278/11/6
f 8269/5/6 8270/5/6 8279/5/6
f 8270/5/6 8271/5/6 8279/5/6
f 8279/5/6 8271/5/6 8280/5/6
f 8264/5/6 8251/5/6 8281/5/6
f 8263/5/6 8264/5/6 8281/5/6
f 8281/5/6 8251/5/6 8282/5/6
f 8275/8/6 8276/8/6 8283/8/6
f 8273/12/6 8274/12/6 8283/12/6
f 8274/12/6 8275/12/6 8283/12/6
f 8276/12/6 8277/12/6 8284/12/6
f 8283/8/6 8276/8/6 8284/8/6
f 8277/12/6 8278/12/6 8284/12/6
f 8278/12/6 8267/12/6 8285/12/6
f 8284/12/6 8278/12/6 8285/12/6
f 8285/12/6 8267/12/6 8286/12/6
f 8269/5/6 8279/5/6 8287/5/6
f 8287/5/6 8279/5/6 8288/5/6
f 8272/5/6 8262/5/6 8289/5/6
f 8289/5/6 8262/5/6 8290/5/6
f 8273/12/6 8283/12/6 8292/12/6
f 8284/12/6 8285/12/6 8292/12/6
f 8283/12/6 8284/12/6 8292/12/6
f 8292/12/6 8285/12/6 8293/12/6
f 8293/12/6 8285/12/6 8294/12/6
f 8269/5/6 8287/5/6 8295/5/6
f 8295/5/6 8287/5/6 8296/5/6
f 8262/5/6 8246/5/6 8297/5/6
f 8290/5/6 8262/5/6 8297/5/6
f 8263/5/6 8281/5/6 8299/5/6
f 8299/5/6 8281/5/6 8300/5/6
f 8257/5/6 8269/5/6 8301/5/6
f 8269/5/6 8295/5/6 8301/5/6
f 8301/5/6 8295/5/6 8302/5/6
f 8292/12/6 8293/12/6 8303/12/6
f 8291/12/6 8292/12/6 8303/12/6
f 8303/12/6 8293/12/6 8304/12/6
f 8257/5/6 8301/5/6 8305/5/6
f 8305/5/6 8301/5/6 8306/5/6
f 8290/5/6 8297/5/6 8307/5/6
f 8297/5/6 8298/5/6 8307/5/6
f 8307/5/6 8298/5/6 8308/5/6
f 8291/12/6 8303/12/6 8310/12/6
f 8310/12/6 8303/12/6 8311/12/6
f 8311/12/6 8303/12/6 8312/12/6
f 8236/5/6 8257/5/6 8313/5/6
f 8257/5/6 8305/5/6 8313/5/6
f 8313/5/6 8305/5/6 8314/5/6
f 8308/5/6 8298/5/6 8315/5/6
f 8315/5/6 8298/5/6 8316/5/6
f 8310/12/6 8311/12/6 8318/12/6
f 8309/12/6 8310/12/6 8318/12/6
f 8318/12/6 8311/12/6 8319/12/6
f 8319/12/6 8311/12/6 8320/12/6
f 8236/5/6 8313/5/6 8321/5/6
f 8321/5/6 8313/5/6 8322/5/6
f 8318/12/6 8319/12/6 8323/12/6
f 8317/12/6 8318/12/6 8323/12/6
f 8323/12/6 8319/12/6 8324/12/6
f 8236/5/6 8321/5/6 8325/5/6
f 8325/5/6 8321/5/6 8326/5/6
f 8315/1/6 8316/1/6 8327/1/6
f 8308/5/6 8315/5/6 8327/5/6
f 8316/5/6 8298/5/6 8328/5/6
f 8327/1/6 8316/1/6 8328/1/6
f 8317/12/6 8323/12/6 8330/12/6
f 8330/12/6 8323/12/6 8331/12/6
f 8331/12/6 8323/12/6 8332/12/6
f 8236/5/6 8325/5/6 8333/5/6
f 8333/5/6 8325/5/6 8334/5/6
f 8247/5/6 8263/5/6 8335/5/6
f 8263/5/6 8299/5/6 8335/5/6
f 8335/5/6 8299/5/6 8336/5/6
f 8330/12/6 8331/12/6 8337/12/6
f 8329/12/6 8330/12/6 8337/12/6
f 8337/12/6 8331/12/6 8338/12/6
f 8236/5/6 8333/5/6 8339/5/6
f 8339/5/6 8333/5/6 8340/5/6
f 8335/12/6 8336/12/6 8341/12/6
f 8247/5/6 8335/5/6 8341/5/6
f 8341/12/6 8336/12/6 8342/12/6
f 8329/12/6 8337/12/6 8344/12/6
f 8344/12/6 8337/12/6 8345/12/6
f 8345/12/6 8337/12/6 8346/12/6
f 8346/12/6 8337/12/6 8347/12/6
f 8347/12/6 8337/12/6 8348/12/6
f 8348/12/6 8337/12/6 8349/12/6
f 8349/12/6 8337/12/6 8350/12/6
f 8350/12/6 8337/12/6 8351/12/6
f 8236/5/6 8339/5/6 8352/5/6
f 8352/5/6 8339/5/6 8353/5/6
f 8343/12/6 8344/12/6 8355/12/6
f 8344/12/6 8345/12/6 8355/12/6
f 8345/9/6 8346/9/6 8356/9/6
f 8355/12/6 8345/12/6 8356/12/6
f 8346/8/6 8347/8/6 8357/8/6
f 8356/9/6 8346/9/6 8357/9/6
f 8347/9/6 8348/9/6 8358/9/6
f 8357/8/6 8347/8/6 8358/8/6
f 8348/6/6 8349/6/6 8359/6/6
f 8358/9/6 8348/9/6 8359/9/6
f 8349/12/6 8350/12/6 8360/12/6
f 8359/6/6 8349/6/6 8360/6/6
f 8360/12/6 8350/12/6 8361/12/6
f 8361/12/6 8350/12/6 8362/12/6
f 8236/5/6 8352/5/6 8363/5/6
f 8363/5/6 8352/5/6 8364/5/6
f 8341/5/6 8342/5/6 8365/5/6
f 8358/12/6 8359/12/6 8368/12/6
f 8360/12/6 8361/12/6 8368/12/6
f 8354/12/6 8355/12/6 8368/12/6
f 8355/12/6 8356/12/6 8368/12/6
f 8359/12/6 8360/12/6 8368/12/6
f 8356/12/6 8357/12/6 8368/12/6
f 8357/12/6 8358/12/6 8368/12/6
f 8368/12/6 8361/12/6 8369/12/6
f 8369/12/6 8361/12/6 8370/12/6
f 8370/12/6 8361/12/6 8371/12/6
f 8371/12/6 8361/12/6 8372/12/6
f 8236/5/6 8363/5/6 8373/5/6
f 8373/5/6 8363/5/6 8374/5/6
f 8367/12/6 8368/12/6 8376/12/6
f 8368/12/6 8369/12/6 8376/12/6
f 8369/8/6 8370/8/6 8377/8/6
f 8376/12/6 8369/12/6 8377/12/6
f 8370/12/6 8371/12/6 8378/12/6
f 8377/8/6 8370/8/6 8378/8/6
f 8378/12/6 8371/12/6 8379/12/6
f 8379/12/6 8371/12/6 8380/12/6
f 8365/5/6 8366/5/6 8381/5/6
f 8376/12/6 8377/12/6 8384/12/6
f 8378/12/6 8379/12/6 8384/12/6
f 8375/12/6 8376/12/6 8384/12/6
f 8377/12/6 8378/12/6 8384/12/6
f 8384/12/6 8379/12/6 8385/12/6
f 8385/12/6 8379/12/6 8386/12/6
f 8236/5/6 8373/5/6 8387/5/6
f 8387/5/6 8373/5/6 8388/5/6
f 8247/5/6 8341/5/6 8389/5/6
f 8341/5/6 8365/5/6 8389/5/6
f 8381/5/6 8382/5/6 8389/5/6
f 8365/5/6 8381/5/6 8389/5/6
f 8389/5/6 8382/5/6 8390/5/6
f 8390/5/6 8382/5/6 8391/5/6
f 8384/12/6 8385/12/6 8393/12/6
f 8383/12/6 8384/12/6 8393/12/6
f 8393/12/6 8385/12/6 8394/12/6
f 8394/12/6 8385/12/6 8395/12/6
f 8236/5/6 8387/5/6 8396/5/6
f 8396/5/6 8387/5/6 8397/5/6
f 8308/5/6 8327/5/6 8399/5/6
f 8327/5/6 8328/5/6 8399/5/6
f 8328/5/6 8298/5/6 8400/5/6
f 8399/5/6 8328/5/6 8400/5/6
f 8400/5/6 8298/5/6 8401/5/6
f 8390/5/6 8391/5/6 8402/5/6
f 8393/12/6 8394/12/6 8405/12/6
f 8392/12/6 8393/12/6 8405/12/6
f 8405/12/6 8394/12/6 8406/12/6
f 8406/12/6 8394/12/6 8407/12/6
f 8407/12/6 8394/12/6 8408/12/6
f 8408/12/6 8394/12/6 8409/12/6
f 8236/5/6 8396/5/6 8410/5/6
f 8410/5/6 8396/5/6 8411/5/6
f 8402/5/6 8403/5/6 8412/5/6
f 8390/5/6 8402/5/6 8412/5/6
f 8412/5/6 8403/5/6 8413/5/6
f 8413/5/6 8403/5/6 8414/5/6
f 8414/5/6 8403/5/6 8415/5/6
f 8404/12/6 8405/12/6 8417/12/6
f 8405/12/6 8406/12/6 8417/12/6
f 8406/8/6 8407/8/6 8418/8/6
f 8417/12/6 8406/12/6 8418/12/6
f 8407/12/6 8408/12/6 8419/12/6
f 8418/8/6 8407/8/6 8419/8/6
f 8419/12/6 8408/12/6 8420/12/6
f 8420/12/6 8408/12/6 8421/12/6
f 8398/5/6 8399/5/6 8422/5/6
f 8399/5/6 8400/5/6 8422/5/6
f 8422/5/6 8400/5/6 8423/5/6
f 8413/5/6 8414/5/6 8424/5/6
f 8414/12/6 8415/12/6 8425/12/6
f 8424/5/6 8414/5/6 8425/5/6
f 8415/5/6 8403/5/6 8426/5/6
f 8425/12/6 8415/12/6 8426/12/6
f 8417/12/6 8418/12/6 8428/12/6
f 8419/12/6 8420/12/6 8428/12/6
f 8416/12/6 8417/12/6 8428/12/6
f 8418/12/6 8419/12/6 8428/12/6
f 8428/12/6 8420/12/6 8429/12/6
f 8429/12/6 8420/12/6 8430/12/6
f 8236/5/6 8410/5/6 8431/5/6
f 8431/5/6 8410/5/6 8432/5/6
f 8398/5/6 8422/5/6 8434/5/6
f 8413/5/6 8424/5/6 8435/5/6
f 8424/12/6 8425/12/6 8436/12/6
f 8435/5/6 8424/5/6 8436/5/6
f 8425/5/6 8426/5/6 8437/5/6
f 8436/12/6 8425/12/6 8437/12/6
f 8426/5/6 8403/5/6 8438/5/6
f 8437/5/6 8426/5/6 8438/5/6
f 8428/12/6 8429/12/6 8443/12/6
f 8427/12/6 8428/12/6 8443/12/6
f 8443/12/6 8429/12/6 8444/12/6
f 8444/12/6 8429/12/6 8445/12/6
f 8433/5/6 8434/5/6 8446/5/6
f 8434/5/6 8422/5/6 8446/5/6
f 8446/5/6 8422/5/6 8447/5/6
f 8436/5/6 8437/5/6 8448/5/6
f 8437/5/6 8438/5/6 8448/5/6
f 8438/5/6 8439/5/6 8448/5/6
f 8448/5/6 8439/5/6 8449/5/6
f 8449/5/6 8439/5/6 8450/5/6
f 8439/12/6 8440/12/6 8451/12/6
f 8450/5/6 8439/5/6 8451/5/6
f 8440/5/6 8441/5/6 8452/5/6
f 8443/12/6 8444/12/6 8455/12/6
f 8442/12/6 8443/12/6 8455/12/6
f 8455/12/6 8444/12/6 8456/12/6
f 8456/12/6 8444/12/6 8457/12/6
f 8236/5/6 8431/5/6 8458/5/6
f 8458/5/6 8431/5/6 8459/5/6
f 8433/5/6 8446/5/6 8460/5/6
f 8460/5/6 8446/5/6 8461/5/6
f 8449/5/6 8450/5/6 8462/5/6
f 8450/12/6 8451/12/6 8463/12/6
f 8462/5/6 8450/5/6 8463/5/6
f 8451/12/6 8440/12/6 8464/12/6
f 8463/12/6 8451/12/6 8464/12/6
f 8440/5/6 8452/5/6 8464/5/6
f 8452/12/6 8453/12/6 8465/12/6
f 8464/5/6 8452/5/6 8465/5/6
f 8465/12/6 8453/12/6 8466/12/6
f 8466/12/6 8453/12/6 8467/12/6
f 8455/12/6 8456/12/6 8470/12/6
f 8454/12/6 8455/12/6 8470/12/6
f 8470/12/6 8456/12/6 8471/12/6
f 8471/12/6 8456/12/6 8472/12/6
f 8433/5/6 8460/5/6 8474/5/6
f 8474/5/6 8460/5/6 8475/5/6
f 8475/5/6 8460/5/6 8476/5/6
f 8476/5/6 8460/5/6 8477/5/6
f 8477/5/6 8460/5/6 8478/5/6
f 8478/5/6 8460/5/6 8479/5/6
f 8479/5/6 8460/5/6 8480/5/6
f 8463/5/6 8464/5/6 8481/5/6
f 8481/5/6 8464/5/6 8482/5/6
f 8482/5/6 8464/5/6 8483/5/6
f 8464/12/6 8465/12/6 8484/12/6
f 8483/5/6 8464/5/6 8484/5/6
f 8465/12/6 8466/12/6 8484/12/6
f 8466/5/6 8467/5/6 8485/5/6
f 8484/12/6 8466/12/6 8485/12/6
f 8467/12/6 8468/12/6 8486/12/6
f 8485/5/6 8467/5/6 8486/5/6
f 8486/12/6 8468/12/6 8487/12/6
f 8487/12/6 8468/12/6 8488/12/6
f 8470/12/6 8471/12/6 8491/12/6
f 8469/12/6 8470/12/6 8491/12/6
f 8491/12/6 8471/12/6 8492/12/6
f 8492/12/6 8471/12/6 8493/12/6
f 8236/5/6 8458/5/6 8494/5/6
f 8494/5/6 8458/5/6 8495/5/6
f 8473/5/6 8474/5/6 8497/5/6
f 8474/5/6 8475/5/6 8497/5/6
f 8475/4/6 8476/4/6 8498/4/6
f 8497/5/6 8475/5/6 8498/5/6
f 8476/5/6 8477/5/6 8499/5/6
f 8498/4/6 8476/4/6 8499/4/6
f 8477/4/6 8478/4/6 8500/4/6
f 8499/5/6 8477/5/6 8500/5/6
f 8478/5/6 8479/5/6 8501/5/6
f 8500/4/6 8478/4/6 8501/4/6
f 8501/5/6 8479/5/6 8502/5/6
f 8502/5/6 8479/5/6 8503/5/6
f 8481/12/6 8482/12/6 8504/12/6
f 8482/5/6 8483/5/6 8505/5/6
f 8504/12/6 8482/12/6 8505/12/6
f 8484/12/6 8485/12/6 8506/12/6
f 8505/5/6 8483/5/6 8506/5/6
f 8483/12/6 8484/12/6 8506/12/6
f 8485/12/6 8486/12/6 8506/12/6
f 8506/12/6 8486/12/6 8507/12/6
f 8507/12/6 8486/12/6 8508/12/6
f 8486/5/6 8487/5/6 8509/5/6
f 8508/12/6 8486/12/6 8509/12/6
f 8488/12/6 8489/12/6 8510/12/6
f 8509/5/6 8487/5/6 8510/5/6
f 8487/12/6 8488/12/6 8510/12/6
f 8510/12/6 8489/12/6 8511/12/6
f 8511/12/6 8489/12/6 8512/12/6
f 8491/12/6 8492/12/6 8515/12/6
f 8490/12/6 8491/12/6 8515/12/6
f 8515/12/6 8492/12/6 8516/12/6
f 8516/12/6 8492/12/6 8517/12/6
f 8517/12/6 8492/12/6 8518/12/6
f 8518/12/6 8492/12/6 8519/12/6
f 8501/5/6 8502/5/6 8521/5/6
f 8496/5/6 8497/5/6 8521/5/6
f 8497/5/6 8498/5/6 8521/5/6
f 8498/5/6 8499/5/6 8521/5/6
f 8499/5/6 8500/5/6 8521/5/6
f 8500/5/6 8501/5/6 8521/5/6
f 8521/5/6 8502/5/6 8522/5/6
f 8522/5/6 8502/5/6 8523/5/6
f 8506/12/6 8507/12/6 8524/12/6
f 8524/12/6 8507/12/6 8525/12/6
f 8507/5/6 8508/5/6 8526/5/6
f 8525/12/6 8507/12/6 8526/12/6
f 8508/12/6 8509/12/6 8527/12/6
f 8526/5/6 8508/5/6 8527/5/6
f 8510/12/6 8511/12/6 8527/12/6
f 8509/12/6 8510/12/6 8527/12/6
f 8511/5/6 8512/5/6 8528/5/6
f 8527/12/6 8511/12/6 8528/12/6
f 8512/12/6 8513/12/6 8529/12/6
f 8528/5/6 8512/5/6 8529/5/6
f 8529/12/6 8513/12/6 8530/12/6
f 8514/12/6 8515/12/6 8534/12/6
f 8515/12/6 8516/12/6 8534/12/6
f 8516/9/6 8517/9/6 8535/9/6
f 8534/12/6 8516/12/6 8535/12/6
f 8517/12/6 8518/12/6 8536/12/6
f 8535/9/6 8517/9/6 8536/9/6
f 8536/12/6 8518/12/6 8537/12/6
f 8537/12/6 8518/12/6 8538/12/6
f 8236/5/6 8494/5/6 8539/5/6
f 8539/5/6 8494/5/6 8540/5/6
f 8521/5/6 8522/5/6 8541/5/6
f 8520/5/6 8521/5/6 8541/5/6
f 8541/5/6 8522/5/6 8542/5/6
f 8525/5/6 8526/5/6 8543/5/6
f 8531/12/6 8532/12/6 8544/12/6
f 8543/5/6 8526/5/6 8544/5/6
f 8527/12/6 8528/12/6 8544/12/6
f 8530/12/6 8531/12/6 8544/12/6
f 8526/12/6 8527/12/6 8544/12/6
f 8529/12/6 8530/12/6 8544/12/6
f 8528/12/6 8529/12/6 8544/12/6
f 8544/12/6 8532/12/6 8545/12/6
f 8545/12/6 8532/12/6 8546/12/6
f 8546/12/6 8532/12/6 8547/12/6
f 8547/12/6 8532/12/6 8548/12/6
f 8548/12/6 8532/12/6 8549/12/6
f 8534/12/6 8535/12/6 8553/12/6
f 8533/12/6 8534/12/6 8553/12/6
f 8536/12/6 8537/12/6 8553/12/6
f 8535/12/6 8536/12/6 8553/12/6
f 8553/12/6 8537/12/6 8554/12/6
f 8554/12/6 8537/12/6 8555/12/6
f 8520/5/6 8541/5/6 8557/5/6
f 8557/5/6 8541/5/6 8558/5/6
f 8558/5/6 8541/5/6 8559/5/6
f 8545/5/6 8546/5/6 8560/5/6
f 8546/12/6 8547/12/6 8561/12/6
f 8560/5/6 8546/5/6 8561/5/6
f 8547/5/6 8548/5/6 8562/5/6
f 8561/12/6 8547/12/6 8562/12/6
f 8549/12/6 8550/12/6 8563/12/6
f 8562/5/6 8548/5/6 8563/5/6
f 8548/12/6 8549/12/6 8563/12/6
f 8550/7/6 8551/7/6 8564/7/6
f 8563/12/6 8550/12/6 8564/12/6
f 8551/12/6 8552/12/6 8565/12/6
f 8564/7/6 8551/7/6 8565/7/6
f 8552/11/6 8553/11/6 8566/11/6
f 8565/12/6 8552/12/6 8566/12/6
f 8553/12/6 8554/12/6 8567/12/6
f 8566/11/6 8553/11/6 8567/11/6
f 8567/12/6 8554/12/6 8568/12/6
f 8568/12/6 8554/12/6 8569/12/6
f 8557/5/6 8558/5/6 8571/5/6
f 8556/5/6 8557/5/6 8571/5/6
f 8571/5/6 8558/5/6 8572/5/6
f 8572/5/6 8558/5/6 8573/5/6
f 8563/12/6 8564/12/6 8574/12/6
f 8562/12/6 8563/12/6 8574/12/6
f 8561/12/6 8562/12/6 8574/12/6
f 8565/12/6 8566/12/6 8574/12/6
f 8566/12/6 8567/12/6 8574/12/6
f 8564/12/6 8565/12/6 8574/12/6
f 8567/12/6 8568/12/6 8574/12/6
f 8574/12/6 8568/12/6 8575/12/6
f 8575/12/6 8568/12/6 8576/12/6
f 8576/12/6 8568/12/6 8577/12/6
f 8577/12/6 8568/12/6 8578/12/6
f 8578/12/6 8568/12/6 8579/12/6
f 8579/12/6 8568/12/6 8580/12/6
f 8580/12/6 8568/12/6 8581/12/6
f 8571/5/6 8572/5/6 8583/5/6
f 8570/5/6 8571/5/6 8583/5/6
f 8572/1/6 8573/1/6 8584/1/6
f 8583/5/6 8572/5/6 8584/5/6
f 8584/1/6 8573/1/6 8585/1/6
f 8573/5/6 8558/5/6 8586/5/6
f 8586/5/6 8558/5/6 8587/5/6
f 8575/12/6 8576/12/6 8588/12/6
f 8576/5/6 8577/5/6 8589/5/6
f 8588/12/6 8576/12/6 8589/12/6
f 8577/12/6 8578/12/6 8590/12/6
f 8589/5/6 8577/5/6 8590/5/6
f 8578/7/6 8579/7/6 8591/7/6
f 8590/12/6 8578/12/6 8591/12/6
f 8579/12/6 8580/12/6 8592/12/6
f 8591/7/6 8579/7/6 8592/7/6
f 8592/12/6 8580/12/6 8593/12/6
f 8593/12/6 8580/12/6 8594/12/6
f 8582/5/6 8583/5/6 8596/5/6
f 8583/5/6 8584/5/6 8596/5/6
f 8584/5/6 8585/5/6 8596/5/6
f 8585/1/6 8573/1/6 8597/1/6
f 8596/5/6 8585/5/6 8597/5/6
f 8573/5/6 8586/5/6 8598/5/6
f 8597/1/6 8573/1/6 8598/1/6
f 8598/5/6 8586/5/6 8599/5/6
f 8599/5/6 8586/5/6 8600/5/6
f 8590/12/6 8591/12/6 8601/12/6
f 8592/12/6 8593/12/6 8601/12/6
f 8591/12/6 8592/12/6 8601/12/6
f 8601/12/6 8593/12/6 8602/12/6
f 8602/12/6 8593/12/6 8603/12/6
f 8603/12/6 8593/12/6 8604/12/6
f 8595/5/6 8596/5/6 8605/5/6
f 8596/5/6 8597/5/6 8605/5/6
f 8598/5/6 8599/5/6 8605/5/6
f 8597/5/6 8598/5/6 8605/5/6
f 8605/5/6 8599/5/6 8606/5/6
f 8602/12/6 8603/12/6 8607/12/6
f 8607/12/6 8603/12/6 8608/12/6
f 8608/12/6 8603/12/6 8609/12/6
f 8609/12/6 8603/12/6 8610/12/6
f 8595/5/6 8605/5/6 8612/5/6
f 8612/5/6 8605/5/6 8613/5/6
f 8613/5/6 8605/5/6 8614/5/6
f 8608/12/6 8609/12/6 8615/12/6
f 8615/12/6 8609/12/6 8616/12/6
f 8611/5/6 8612/5/6 8619/5/6
f 8612/5/6 8613/5/6 8619/5/6
f 8619/5/6 8613/5/6 8620/5/6
f 8611/5/6 8619/5/6 8622/5/6
f 8622/5/6 8619/5/6 8623/5/6
f 8623/5/6 8619/5/6 8624/5/6
f 8621/5/6 8622/5/6 8626/5/6
f 8622/5/6 8623/5/6 8626/5/6
f 8626/5/6 8623/5/6 8627/5/6
f 8627/5/6 8623/5/6 8628/5/6
f 8617/5/6 8618/5/6 8629/5/6
f 8625/5/6 8626/5/6 8632/5/6
f 8626/5/6 8627/5/6 8632/5/6
f 8632/5/6 8627/5/6 8633/5/6
f 8633/5/6 8627/5/6 8634/5/6
f 8629/5/6 8630/5/6 8635/5/6
f 8631/5/6 8632/5/6 8638/5/6
f 8632/5/6 8633/5/6 8638/5/6
f 8638/5/6 8633/5/6 8639/5/6
f 8639/5/6 8633/5/6 8640/5/6
f 8637/5/6 8638/5/6 8642/5/6
f 8638/5/6 8639/5/6 8642/5/6
f 8642/5/6 8639/5/6 8643/5/6
f 8643/5/6 8639/5/6 8644/5/6
f 8635/5/6 8636/5/6 8645/5/6
f 8641/5/6 8642/5/6 8648/5/6
f 8642/5/6 8643/5/6 8648/5/6
f 8648/5/6 8643/5/6 8649/5/6
f 8649/5/6 8643/5/6 8650/5/6
f 8650/5/6 8643/5/6 8651/5/6
f 8651/5/6 8643/5/6 8652/5/6
f 8647/5/6 8648/5/6 8654/5/6
f 8648/5/6 8649/5/6 8654/5/6
f 8649/2/6 8650/2/6 8655/2/6
f 8654/5/6 8649/5/6 8655/5/6
f 8650/5/6 8651/5/6 8656/5/6
f 8655/2/6 8650/2/6 8656/2/6
f 8656/5/6 8651/5/6 8657/5/6
f 8657/5/6 8651/5/6 8658/5/6
f 8645/5/6 8646/5/6 8659/5/6
f 8654/5/6 8655/5/6 8662/5/6
f 8653/5/6 8654/5/6 8662/5/6
f 8655/5/6 8656/5/6 8662/5/6
f 8656/5/6 8657/5/6 8662/5/6
f 8662/5/6 8657/5/6 8663/5/6
f 8663/5/6 8657/5/6 8664/5/6
f 8659/5/6 8660/5/6 8665/5/6
f 8661/5/6 8662/5/6 8668/5/6
f 8662/5/6 8663/5/6 8668/5/6
f 8668/5/6 8663/5/6 8669/5/6
f 8669/5/6 8663/5/6 8670/5/6
f 8667/5/6 8668/5/6 8672/5/6
f 8668/5/6 8669/5/6 8672/5/6
f 8672/5/6 8669/5/6 8673/5/6
f 8673/5/6 8669/5/6 8674/5/6
f 8665/5/6 8666/5/6 8675/5/6
f 8671/5/6 8672/5/6 8678/5/6
f 8672/5/6 8673/5/6 8678/5/6
f 8675/5/6 8676/5/6 8679/5/6
f 8677/5/6 8678/5/6 8682/5/6
f 8678/5/6 8673/5/6 8683/5/6
f 8682/5/6 8678/5/6 8683/5/6
f 8683/5/6 8673/5/6 8684/5/6
f 8684/5/6 8673/5/6 8685/5/6
f 8685/5/6 8673/5/6 8686/5/6
f 8679/5/6 8680/5/6 8687/5/6
f 8681/5/6 8682/5/6 8688/5/6
f 8682/5/6 8683/5/6 8688/5/6
f 8688/5/6 8683/5/6 8689/5/6
f 8689/5/6 8683/5/6 8690/5/6
f 8683/3/6 8684/3/6 8691/3/6
f 8690/5/6 8683/5/6 8691/5/6
f 8684/5/6 8685/5/6 8692/5/6
f 8691/3/6 8684/3/6 8692/3/6
f 8692/5/6 8685/5/6 8693/5/6
f 8693/5/6 8685/5/6 8694/5/6
f 8689/3/6 8690/3/6 8695/3/6
f 8687/5/6 8688/5/6 8695/5/6
f 8688/5/6 8689/5/6 8695/5/6
f 8690/5/6 8691/5/6 8696/5/6
f 8695/3/6 8690/3/6 8696/3/6
f 8692/5/6 8693/5/6 8696/5/6
f 8691/5/6 8692/5/6 8696/5/6
f 8696/5/6 8693/5/6 8697/5/6
f 8697/5/6 8693/5/6 8698/5/6
f 8695/5/6 8696/5/6 8699/5/6
f 8696/5/6 8697/5/6 8699/5/6
f 8699/5/6 8697/5/6 8700/5/6
f 8695/5/6 8699/5/6 8701/5/6
f 8701/5/6 8699/5/6 8702/5/6
f 8679/5/6 8687/5/6 8703/5/6
f 8687/5/6 8695/5/6 8703/5/6
f 8695/5/6 8701/5/6 8703/5/6
f 8703/5/6 8701/5/6 8704/5/6
f 8679/5/6 8703/5/6 8705/5/6
f 8703/4/6 8704/4/6 8705/4/6
f 8704/5/6 8701/5/6 8706/5/6
f 8705/4/6 8704/4/6 8706/4/6
f 8706/5/6 8701/5/6 8707/5/6
f 8707/5/6 8701/5/6 8708/5/6
f 8705/5/6 8706/5/6 8709/5/6
f 8706/5/6 8707/5/6 8709/5/6
f 8709/5/6 8707/5/6 8710/5/6
f 8710/5/6 8707/5/6 8711/5/6
f 8711/5/6 8707/5/6 8712/5/6
f 8617/5/6 8629/5/6 8713/5/6
f 8629/5/6 8635/5/6 8713/5/6
f 8635/5/6 8645/5/6 8713/5/6
f 8645/5/6 8659/5/6 8713/5/6
f 8705/5/6 8709/5/6 8713/5/6
f 8659/5/6 8665/5/6 8713/5/6
f 8679/5/6 8705/5/6 8713/5/6
f 8665/5/6 8675/5/6 8713/5/6
f 8675/5/6 8679/5/6 8713/5/6
f 8713/5/6 8709/5/6 8714/5/6
f 8709/2/6 8710/2/6 8715/2/6
f 8714/5/6 8709/5/6 8715/5/6
f 8710/5/6 8711/5/6 8716/5/6
f 8715/2/6 8710/2/6 8716/2/6
f 8716/5/6 8711/5/6 8717/5/6
f 8717/5/6 8711/5/6 8718/5/6
f 8714/5/6 8715/5/6 8719/5/6
f 8716/5/6 8717/5/6 8719/5/6
f 8715/5/6 8716/5/6 8719/5/6
f 8719/5/6 8717/5/6 8720/5/6
f 8720/5/6 8717/5/6 8721/5/6
f 8721/5/6 8717/5/6 8722/5/6
f 8720/5/6 8721/5/6 8723/5/6
f 8723/5/6 8721/5/6 8724/5/6
f 8721/3/6 8722/3/6 8725/3/6
f 8724/5/6 8721/5/6 8725/5/6
f 8722/5/6 8717/5/6 8726/5/6
f 8725/3/6 8722/3/6 8726/3/6
f 8726/5/6 8717/5/6 8727/5/6
f 8727/5/6 8717/5/6 8728/5/6
f 8724/5/6 8725/5/6 8729/5/6
f 8729/5/6 8725/5/6 8730/5/6
f 8725/1/6 8726/1/6 8731/1/6
f 8730/5/6 8725/5/6 8731/5/6
f 8726/5/6 8727/5/6 8732/5/6
f 8731/1/6 8726/1/6 8732/1/6
f 8732/5/6 8727/5/6 8733/5/6
f 8733/5/6 8727/5/6 8734/5/6
f 8730/5/6 8731/5/6 8735/5/6
f 8732/5/6 8733/5/6 8735/5/6
f 8731/5/6 8732/5/6 8735/5/6
f 8735/5/6 8733/5/6 8736/5/6
f 8736/5/6 8733/5/6 8737/5/6
f 8737/5/6 8733/5/6 8738/5/6
f 8736/5/6 8737/5/6 8739/5/6
f 8739/5/6 8737/5/6 8740/5/6
f 8740/5/6 8737/5/6 8741/5/6
f 8741/5/6 8737/5/6 8742/5/6
f 8740/5/6 8741/5/6 8743/5/6
f 8743/5/6 8741/5/6 8744/5/6
f 8744/5/6 8741/5/6 8745/5/6
f 8745/5/6 8741/5/6 8746/5/6
f 8746/5/6 8741/5/6 8747/5/6
f 8747/5/6 8741/5/6 8748/5/6
f 8744/5/6 8745/5/6 8749/5/6
f 8749/5/6 8745/5/6 8750/5/6
f 8746/5/6 8747/5/6 8751/5/6
f 8751/5/6 8747/5/6 8752/5/6
f 8753/5/6 8754/5/6 8758/5/6
f 8758/5/6 8754/5/6 8759/5/6
f 8755/5/6 8756/5/6 8760/5/6
f 8760/5/6 8756/5/6 8761/5/6
f 8761/5/6 8756/5/6 8762/5/6
f 8762/5/6 8756/5/6 8763/5/6
f 8758/5/6 8759/5/6 8766/5/6
f 8757/5/6 8758/5/6 8766/5/6
f 8759/5/6 8760/5/6 8766/5/6
f 8760/5/6 8761/5/6 8766/5/6
f 8765/5/6 8766/5/6 8768/5/6
f 8766/5/6 8761/5/6 8769/5/6
f 8768/5/6 8766/5/6 8769/5/6
f 8769/5/6 8761/5/6 8770/5/6
f 8770/5/6 8761/5/6 8771/5/6
f 8771/5/6 8761/5/6 8772/5/6
f 8761/12/6 8762/12/6 8773/12/6
f 8772/5/6 8761/5/6 8773/5/6
f 8773/12/6 8762/12/6 8774/12/6
f 8763/5/6 8764/5/6 8775/5/6
f 8774/12/6 8762/12/6 8775/12/6
f 8762/5/6 8763/5/6 8775/5/6
f 8775/5/6 8764/5/6 8776/5/6
f 8776/5/6 8764/5/6 8777/5/6
f 8777/5/6 8764/5/6 8778/5/6
f 8767/5/6 8768/5/6 8781/5/6
f 8768/5/6 8769/5/6 8781/5/6
f 8781/5/6 8769/5/6 8782/5/6
f 8782/5/6 8769/5/6 8783/5/6
f 8770/5/6 8771/5/6 8784/5/6
f 8784/5/6 8771/5/6 8785/5/6
f 8773/12/6 8774/12/6 8786/12/6
f 8772/12/6 8773/12/6 8786/12/6
f 8775/5/6 8776/5/6 8787/5/6
f 8786/12/6 8774/12/6 8787/12/6
f 8774/5/6 8775/5/6 8787/5/6
f 8787/5/6 8776/5/6 8788/5/6
f 8776/12/6 8777/12/6 8789/12/6
f 8788/5/6 8776/5/6 8789/5/6
f 8777/5/6 8778/5/6 8790/5/6
f 8789/12/6 8777/12/6 8790/12/6
f 8778/12/6 8779/12/6 8791/12/6
f 8780/5/6 8781/5/6 8794/5/6
f 8781/5/6 8782/5/6 8794/5/6
f 8794/5/6 8782/5/6 8795/5/6
f 8795/5/6 8782/5/6 8796/5/6
f 8789/5/6 8790/5/6 8797/5/6
f 8797/5/6 8790/5/6 8798/5/6
f 8791/12/6 8792/12/6 8799/12/6
f 8778/12/6 8791/12/6 8799/12/6
f 8799/12/6 8792/12/6 8800/12/6
f 8793/5/6 8794/5/6 8803/5/6
f 8794/5/6 8795/5/6 8803/5/6
f 8803/5/6 8795/5/6 8804/5/6
f 8804/5/6 8795/5/6 8805/5/6
f 8798/5/6 8790/5/6 8806/5/6
f 8800/5/6 8801/5/6 8807/5/6
f 8799/5/6 8800/5/6 8807/5/6
f 8778/12/6 8799/12/6 8807/12/6
f 8807/5/6 8801/5/6 8808/5/6
f 8803/5/6 8804/5/6 8811/5/6
f 8802/5/6 8803/5/6 8811/5/6
f 8811/5/6 8804/5/6 8812/5/6
f 8812/5/6 8804/5/6 8813/5/6
f 8813/5/6 8804/5/6 8814/5/6
f 8814/5/6 8804/5/6 8815/5/6
f 8806/5/6 8790/5/6 8816/5/6
f 8790/5/6 8778/5/6 8817/5/6
f 8816/5/6 8790/5/6 8817/5/6
f 8808/12/6 8809/12/6 8818/12/6
f 8817/5/6 8778/5/6 8818/5/6
f 8807/12/6 8808/12/6 8818/12/6
f 8778/12/6 8807/12/6 8818/12/6
f 8818/12/6 8809/12/6 8819/12/6
f 8819/12/6 8809/12/6 8820/12/6
f 8820/12/6 8809/12/6 8821/12/6
f 8810/5/6 8811/5/6 8825/5/6
f 8811/5/6 8812/5/6 8825/5/6
f 8813/5/6 8814/5/6 8826/5/6
f 8826/5/6 8814/5/6 8827/5/6
f 8819/5/6 8820/5/6 8828/5/6
f 8817/12/6 8818/12/6 8828/12/6
f 8818/12/6 8819/12/6 8828/12/6
f 8821/12/6 8822/12/6 8829/12/6
f 8828/5/6 8820/5/6 8829/5/6
f 8820/12/6 8821/12/6 8829/12/6
f 8822/5/6 8823/5/6 8830/5/6
f 8829/12/6 8822/12/6 8830/12/6
f 8830/5/6 8823/5/6 8831/5/6
f 8824/5/6 8825/5/6 8833/5/6
f 8812/2/6 8813/2/6 8833/2/6
f 8825/5/6 8812/5/6 8833/5/6
f 8813/5/6 8826/5/6 8834/5/6
f 8833/2/6 8813/2/6 8834/2/6
f 8834/5/6 8826/5/6 8835/5/6
f 8835/5/6 8826/5/6 8836/5/6
f 8828/12/6 8829/12/6 8837/12/6
f 8831/12/6 8832/12/6 8837/12/6
f 8830/12/6 8831/12/6 8837/12/6
f 8829/12/6 8830/12/6 8837/12/6
f 8834/5/6 8835/5/6 8840/5/6
f 8833/5/6 8834/5/6 8840/5/6
f 8824/5/6 8833/5/6 8840/5/6
f 8840/5/6 8835/5/6 8841/5/6
f 8841/5/6 8835/5/6 8842/5/6
f 8837/12/6 8838/12/6 8843/12/6
f 8817/12/6 8828/12/6 8843/12/6
f 8828/12/6 8837/12/6 8843/12/6
f 8843/12/6 8838/12/6 8844/12/6
f 8840/5/6 8841/5/6 8845/5/6
f 8839/5/6 8840/5/6 8845/5/6
f 8845/5/6 8841/5/6 8846/5/6
f 8844/12/6 8838/12/6 8847/12/6
f 8847/12/6 8838/12/6 8848/12/6
f 8848/12/6 8838/12/6 8849/12/6
f 8839/5/6 8845/5/6 8852/5/6
f 8852/5/6 8845/5/6 8853/5/6
f 8853/5/6 8845/5/6 8854/5/6
f 8849/12/6 8850/12/6 8855/12/6
f 8848/12/6 8849/12/6 8855/12/6
f 8852/5/6 8853/5/6 8857/5/6
f 8851/5/6 8852/5/6 8857/5/6
f 8857/5/6 8853/5/6 8858/5/6
f 8858/5/6 8853/5/6 8859/5/6
f 8855/12/6 8850/12/6 8860/12/6
f 8860/12/6 8850/12/6 8861/12/6
f 8861/12/6 8850/12/6 8862/12/6
f 8862/12/6 8850/12/6 8863/12/6
f 8856/5/6 8857/5/6 8865/5/6
f 8857/5/6 8858/5/6 8865/5/6
f 8865/5/6 8858/5/6 8866/5/6
f 8866/5/6 8858/5/6 8867/5/6
f 8861/12/6 8862/12/6 8868/12/6
f 8868/12/6 8862/12/6 8869/12/6
f 8862/5/6 8863/5/6 8870/5/6
f 8869/12/6 8862/12/6 8870/12/6
f 8863/12/6 8850/12/6 8871/12/6
f 8870/5/6 8863/5/6 8871/5/6
f 8864/5/6 8865/5/6 8872/5/6
f 8865/5/6 8866/5/6 8872/5/6
f 8872/5/6 8866/5/6 8873/5/6
f 8869/12/6 8870/12/6 8874/12/6
f 8870/12/6 8871/12/6 8874/12/6
f 8864/5/6 8872/5/6 8876/5/6
f 8874/12/6 8871/12/6 8877/12/6
f 8877/12/6 8871/12/6 8878/12/6
f 8875/5/6 8876/5/6 8879/5/6
f 8876/5/6 8872/5/6 8879/5/6
f 8879/5/6 8872/5/6 8880/5/6
f 8877/5/6 8878/5/6 8881/5/6
f 8878/12/6 8871/12/6 8882/12/6
f 8881/5/6 8878/5/6 8882/5/6
f 8871/12/6 8850/12/6 8883/12/6
f 8882/12/6 8871/12/6 8883/12/6
f 8883/12/6 8850/12/6 8884/12/6
f 8875/5/6 8879/5/6 8886/5/6
f 8886/5/6 8879/5/6 8887/5/6
f 8885/5/6 8886/5/6 8887/5/6
f 8887/5/6 8879/5/6 8888/5/6
f 8882/12/6 8883/12/6 8889/12/6
f 8889/12/6 8883/12/6 8890/12/6
f 8885/5/6 8887/5/6 8892/5/6
f 8892/5/6 8887/5/6 8893/5/6
f 8893/5/6 8887/5/6 8894/5/6
f 8889/8/6 8890/8/6 8895/8/6
f 8882/12/6 8889/12/6 8895/12/6
f 8890/12/6 8883/12/6 8896/12/6
f 8895/8/6 8890/8/6 8896/8/6
f 8892/5/6 8893/5/6 8898/5/6
f 8891/5/6 8892/5/6 8898/5/6
f 8898/5/6 8893/5/6 8899/5/6
f 8899/5/6 8893/5/6 8900/5/6
f 8896/12/6 8883/12/6 8901/12/6
f 8895/12/6 8896/12/6 8901/12/6
f 8901/12/6 8883/12/6 8902/12/6
f 8898/5/6 8899/5/6 8903/5/6
f 8897/5/6 8898/5/6 8903/5/6
f 8903/5/6 8899/5/6 8904/5/6
f 8897/5/6 8903/5/6 8908/5/6
f 8908/5/6 8903/5/6 8909/5/6
f 8909/5/6 8903/5/6 8910/5/6
f 8882/12/6 8895/12/6 8912/12/6
f 8895/12/6 8901/12/6 8912/12/6
f 8912/12/6 8901/12/6 8913/12/6
f 8913/12/6 8901/12/6 8914/12/6
f 8905/5/6 8906/5/6 8915/5/6
f 8915/5/6 8906/5/6 8916/5/6
f 8908/5/6 8909/5/6 8917/5/6
f 8907/5/6 8908/5/6 8917/5/6
f 8917/5/6 8909/5/6 8918/5/6
f 8907/5/6 8917/5/6 8920/5/6
f 8912/12/6 8913/12/6 8922/12/6
f 8911/12/6 8912/12/6 8922/12/6
f 8919/5/6 8920/5/6 8923/5/6
f 8920/5/6 8917/5/6 8923/5/6
f 8923/5/6 8917/5/6 8924/5/6
f 8921/12/6 8922/12/6 8925/12/6
f 8922/12/6 8913/12/6 8925/12/6
f 8925/12/6 8913/12/6 8926/12/6
f 8921/12/6 8925/12/6 8930/12/6
f 8930/12/6 8925/12/6 8931/12/6
f 8931/12/6 8925/12/6 8932/12/6
f 8927/5/6 8928/5/6 8934/5/6
f 8919/5/6 8923/5/6 8936/5/6
f 8936/5/6 8923/5/6 8937/5/6
f 8937/5/6 8923/5/6 8938/5/6
f 8929/12/6 8930/12/6 8940/12/6
f 8930/12/6 8931/12/6 8940/12/6
f 8933/5/6 8934/5/6 8942/5/6
f 8934/5/6 8928/5/6 8943/5/6
f 8942/5/6 8934/5/6 8943/5/6
f 8936/5/6 8937/5/6 8945/5/6
f 8935/5/6 8936/5/6 8945/5/6
f 8945/5/6 8937/5/6 8946/5/6
f 8939/12/6 8940/12/6 8948/12/6
f 8940/12/6 8931/12/6 8949/12/6
f 8948/12/6 8940/12/6 8949/12/6
f 8949/12/6 8931/12/6 8950/12/6
f 8943/5/6 8944/5/6 8952/5/6
f 8941/5/6 8942/5/6 8952/5/6
f 8942/5/6 8943/5/6 8952/5/6
f 8935/5/6 8945/5/6 8954/5/6
f 8947/12/6 8948/12/6 8956/12/6
f 8948/12/6 8949/12/6 8956/12/6
f 8951/5/6 8952/5/6 8958/5/6
f 8955/12/6 8956/12/6 8960/12/6
f 8957/5/6 8958/5/6 8962/5/6
f 8952/5/6 8944/5/6 8963/5/6
f 8958/5/6 8952/5/6 8963/5/6
f 8962/5/6 8958/5/6 8963/5/6
f 8953/5/6 8954/5/6 8965/5/6
f 8954/5/6 8945/5/6 8965/5/6
f 8965/5/6 8945/5/6 8966/5/6
f 8959/12/6 8960/12/6 8968/12/6
f 8956/12/6 8949/12/6 8969/12/6
f 8960/12/6 8956/12/6 8969/12/6
f 8968/12/6 8960/12/6 8969/12/6
f 8969/12/6 8949/12/6 8970/12/6
f 8963/5/6 8964/5/6 8972/5/6
f 8962/5/6 8963/5/6 8972/5/6
f 8961/5/6 8962/5/6 8972/5/6
f 8968/12/6 8969/12/6 8974/12/6
f 8967/12/6 8968/12/6 8974/12/6
f 8974/12/6 8969/12/6 8975/12/6
f 8975/12/6 8969/12/6 8976/12/6
f 8971/5/6 8972/5/6 8978/5/6
f 8972/5/6 8964/5/6 8979/5/6
f 8978/5/6 8972/5/6 8979/5/6
f 8979/5/6 8964/5/6 8980/5/6
f 8973/12/6 8974/12/6 8982/12/6
f 8974/12/6 8975/12/6 8982/12/6
f 8977/5/6 8978/5/6 8984/5/6
f 8978/5/6 8979/5/6 8984/5/6
f 8984/5/6 8979/5/6 8985/5/6
f 8985/5/6 8979/5/6 8986/5/6
f 8979/4/6 8980/4/6 8987/4/6
f 8986/5/6 8979/5/6 8987/5/6
f 8980/5/6 8964/5/6 8988/5/6
f 8987/4/6 8980/4/6 8988/4/6
f 8981/12/6 8982/12/6 8990/12/6
f 8982/12/6 8975/12/6 8991/12/6
f 8990/12/6 8982/12/6 8991/12/6
f 8991/12/6 8975/12/6 8992/12/6
f 8983/5/6 8984/5/6 8994/5/6
f 8984/5/6 8985/5/6 8994/5/6
f 8985/1/6 8986/1/6 8995/1/6
f 8994/5/6 8985/5/6 8995/5/6
f 8986/5/6 8987/5/6 8996/5/6
f 8995/1/6 8986/1/6 8996/1/6
f 8987/5/6 8988/5/6 8996/5/6
f 8989/12/6 8990/12/6 8998/12/6
f 8990/12/6 8991/12/6 8998/12/6
f 8994/5/6 8995/5/6 9000/5/6
f 8993/5/6 8994/5/6 9000/5/6
f 8995/5/6 8996/5/6 9000/5/6
f 8997/12/6 8998/12/6 9002/12/6
f 8998/12/6 8991/12/6 9003/12/6
f 9002/12/6 8998/12/6 9003/12/6
f 9003/12/6 8991/12/6 9004/12/6
f 8999/5/6 9000/5/6 9006/5/6
f 9000/5/6 8996/5/6 9007/5/6
f 9006/5/6 9000/5/6 9007/5/6
f 8996/5/6 8988/5/6 9008/5/6
f 9007/5/6 8996/5/6 9008/5/6
f 9001/12/6 9002/12/6 9010/12/6
f 9002/12/6 9003/12/6 9010/12/6
f 9010/12/6 9003/12/6 9011/12/6
f 9011/12/6 9003/12/6 9012/12/6
f 9006/5/6 9007/5/6 9014/5/6
f 9005/5/6 9006/5/6 9014/5/6
f 9014/5/6 9007/5/6 9015/5/6
f 9015/5/6 9007/5/6 9016/5/6
f 9008/5/6 8988/5/6 9017/5/6
f 9017/5/6 8988/5/6 9018/5/6
f 8953/5/6 8965/5/6 9019/5/6
f 9019/5/6 8965/5/6 9020/5/6
f 9020/5/6 8965/5/6 9021/5/6
f 9021/5/6 8965/5/6 9022/5/6
f 9022/5/6 8965/5/6 9023/5/6
f 9010/12/6 9011/12/6 9026/12/6
f 9009/12/6 9010/12/6 9026/12/6
f 9026/12/6 9011/12/6 9027/12/6
f 9027/12/6 9011/12/6 9028/12/6
f 9013/5/6 9014/5/6 9030/5/6
f 9014/5/6 9015/5/6 9030/5/6
f 9030/5/6 9015/5/6 9031/5/6
f 9031/5/6 9015/5/6 9032/5/6
f 9018/5/6 8988/5/6 9033/5/6
f 9033/5/6 8988/5/6 9034/5/6
f 9021/3/6 9022/3/6 9035/3/6
f 9020/5/6 9021/5/6 9035/5/6
f 9023/5/6 9024/5/6 9036/5/6
f 9035/3/6 9022/3/6 9036/3/6
f 9022/5/6 9023/5/6 9036/5/6
f 9026/12/6 9027/12/6 9038/12/6
f 9025/12/6 9026/12/6 9038/12/6
f 9038/12/6 9027/12/6 9039/12/6
f 9039/12/6 9027/12/6 9040/12/6
f 9040/12/6 9027/12/6 9041/12/6
f 9041/12/6 9027/12/6 9042/12/6
f 9029/5/6 9030/5/6 9043/5/6
f 9030/5/6 9031/5/6 9043/5/6
f 9043/5/6 9031/5/6 9044/5/6
f 9020/5/6 9035/5/6 9045/5/6
f 9035/5/6 9036/5/6 9045/5/6
f 9045/5/6 9036/5/6 9046/5/6
f 9036/5/6 9024/5/6 9047/5/6
f 9046/5/6 9036/5/6 9047/5/6
f 9038/12/6 9039/12/6 9050/12/6
f 9037/12/6 9038/12/6 9050/12/6
f 9039/7/6 9040/7/6 9051/7/6
f 9050/12/6 9039/12/6 9051/12/6
f 9040/12/6 9041/12/6 9052/12/6
f 9051/7/6 9040/7/6 9052/7/6
f 9052/12/6 9041/12/6 9053/12/6
f 9053/12/6 9041/12/6 9054/12/6
f 9029/5/6 9043/5/6 9056/5/6
f 9056/5/6 9043/5/6 9057/5/6
f 9057/5/6 9043/5/6 9058/5/6
f 9047/5/6 9048/5/6 9059/5/6
f 9046/5/6 9047/5/6 9059/5/6
f 9059/5/6 9048/5/6 9060/5/6
f 9060/5/6 9048/5/6 9061/5/6
f 9052/12/6 9053/12/6 9063/12/6
f 9051/12/6 9052/12/6 9063/12/6
f 9050/12/6 9051/12/6 9063/12/6
f 9049/12/6 9050/12/6 9063/12/6
f 9063/12/6 9053/12/6 9064/12/6
f 9064/12/6 9053/12/6 9065/12/6
f 9055/5/6 9056/5/6 9067/5/6
f 9056/5/6 9057/5/6 9067/5/6
f 9067/5/6 9057/5/6 9068/5/6
f 9068/5/6 9057/5/6 9069/5/6
f 9034/5/6 8988/5/6 9070/5/6
f 9070/5/6 8988/5/6 9071/5/6
f 8988/5/6 8964/5/6 9072/5/6
f 9071/5/6 8988/5/6 9072/5/6
f 9072/5/6 8964/5/6 9073/5/6
f 9059/12/6 9060/12/6 9074/12/6
f 9060/5/6 9061/5/6 9075/5/6
f 9074/12/6 9060/12/6 9075/12/6
f 9063/12/6 9064/12/6 9077/12/6
f 9062/12/6 9063/12/6 9077/12/6
f 9077/12/6 9064/12/6 9078/12/6
f 9078/12/6 9064/12/6 9079/12/6
f 9066/5/6 9067/5/6 9081/5/6
f 9067/5/6 9068/5/6 9081/5/6
f 9081/5/6 9068/5/6 9082/5/6
f 9082/5/6 9068/5/6 9083/5/6
f 9075/5/6 9061/5/6 9084/5/6
f 9077/12/6 9078/12/6 9088/12/6
f 9076/12/6 9077/12/6 9088/12/6
f 9088/12/6 9078/12/6 9089/12/6
f 9089/12/6 9078/12/6 9090/12/6
f 9090/12/6 9078/12/6 9091/12/6
f 9091/12/6 9078/12/6 9092/12/6
f 9080/5/6 9081/5/6 9093/5/6
f 9081/5/6 9082/5/6 9093/5/6
f 9093/5/6 9082/5/6 9094/5/6
f 9071/5/6 9072/5/6 9095/5/6
f 9095/5/6 9072/5/6 9096/5/6
f 9096/5/6 9072/5/6 9097/5/6
f 9097/5/6 9072/5/6 9098/5/6
f 9075/5/6 9084/5/6 9099/5/6
f 9085/12/6 9086/12/6 9100/12/6
f 9099/5/6 9084/5/6 9100/5/6
f 9084/12/6 9085/12/6 9100/12/6
f 9100/12/6 9086/12/6 9101/12/6
f 9101/12/6 9086/12/6 9102/12/6
f 9087/12/6 9088/12/6 9105/12/6
f 9088/12/6 9089/12/6 9105/12/6
f 9089/9/6 9090/9/6 9106/9/6
f 9105/12/6 9089/12/6 9106/12/6
f 9090/12/6 9091/12/6 9107/12/6
f 9106/9/6 9090/9/6 9107/9/6
f 9107/12/6 9091/12/6 9108/12/6
f 9080/5/6 9093/5/6 9110/5/6
f 9110/5/6 9093/5/6 9111/5/6
f 9111/5/6 9093/5/6 9112/5/6
f 9095/1/6 9096/1/6 9113/1/6
f 9097/2/6 9098/2/6 9114/2/6
f 9096/5/6 9097/5/6 9114/5/6
f 9098/5/6 9072/5/6 9115/5/6
f 9114/2/6 9098/2/6 9115/2/6
f 9115/5/6 9072/5/6 9116/5/6
f 9116/5/6 9072/5/6 9117/5/6
f 9075/5/6 9099/5/6 9118/5/6
f 9099/12/6 9100/12/6 9119/12/6
f 9118/5/6 9099/5/6 9119/5/6
f 9100/12/6 9101/12/6 9119/12/6
f 9119/12/6 9101/12/6 9120/12/6
f 9101/5/6 9102/5/6 9121/5/6
f 9120/12/6 9101/12/6 9121/12/6
f 9102/12/6 9103/12/6 9122/12/6
f 9121/5/6 9102/5/6 9122/5/6
f 9122/12/6 9103/12/6 9123/12/6
f 9123/12/6 9103/12/6 9124/12/6
f 9124/12/6 9103/12/6 9125/12/6
f 9105/12/6 9106/12/6 9130/12/6
f 9104/12/6 9105/12/6 9130/12/6
f 9106/12/6 9107/12/6 9130/12/6
f 9130/12/6 9107/12/6 9131/12/6
f 9131/12/6 9107/12/6 9132/12/6
f 9109/5/6 9110/5/6 9133/5/6
f 9110/5/6 9111/5/6 9133/5/6
f 9111/3/6 9112/3/6 9133/3/6
f 9112/5/6 9093/5/6 9134/5/6
f 9133/3/6 9112/3/6 9134/3/6
f 9134/5/6 9093/5/6 9135/5/6
f 9135/5/6 9093/5/6 9136/5/6
f 9113/1/6 9096/1/6 9137/1/6
f 9096/5/6 9114/5/6 9138/5/6
f 9137/1/6 9096/1/6 9138/1/6
f 9115/5/6 9116/5/6 9138/5/6
f 9114/5/6 9115/5/6 9138/5/6
f 9120/5/6 9121/5/6 9139/5/6
f 9121/5/6 9122/5/6 9139/5/6
f 9122/5/6 9123/5/6 9139/5/6
f 9139/5/6 9123/5/6 9140/5/6
f 9123/12/6 9124/12/6 9141/12/6
f 9140/5/6 9123/5/6 9141/5/6
f 9125/12/6 9126/12/6 9142/12/6
f 9127/12/6 9128/12/6 9145/12/6
f 9128/5/6 9129/5/6 9146/5/6
f 9145/12/6 9128/12/6 9146/12/6
f 9130/12/6 9131/12/6 9147/12/6
f 9146/5/6 9129/5/6 9147/5/6
f 9129/12/6 9130/12/6 9147/12/6
f 9147/12/6 9131/12/6 9148/12/6
f 9148/12/6 9131/12/6 9149/12/6
f 9149/12/6 9131/12/6 9150/12/6
f 9150/12/6 9131/12/6 9151/12/6
f 9151/12/6 9131/12/6 9152/12/6
f 9109/5/6 9133/5/6 9154/5/6
f 9134/5/6 9135/5/6 9154/5/6
f 9133/5/6 9134/5/6 9154/5/6
f 9154/5/6 9135/5/6 9155/5/6
f 9155/5/6 9135/5/6 9156/5/6
f 9140/12/6 9141/12/6 9157/12/6
f 9141/12/6 9124/12/6 9158/12/6
f 9157/12/6 9141/12/6 9158/12/6
f 9124/5/6 9125/5/6 9158/5/6
f 9125/12/6 9142/12/6 9159/12/6
f 9158/5/6 9125/5/6 9159/5/6
f 9142/12/6 9143/12/6 9159/12/6
f 9143/5/6 9144/5/6 9160/5/6
f 9159/12/6 9143/12/6 9160/12/6
f 9144/12/6 9145/12/6 9161/12/6
f 9160/5/6 9144/5/6 9161/5/6
f 9145/12/6 9146/12/6 9161/12/6
f 9146/12/6 9147/12/6 9161/12/6
f 9147/5/6 9148/5/6 9162/5/6
f 9161/12/6 9147/12/6 9162/12/6
f 9148/12/6 9149/12/6 9163/12/6
f 9162/5/6 9148/5/6 9163/5/6
f 9149/7/6 9150/7/6 9164/7/6
f 9163/12/6 9149/12/6 9164/12/6
f 9150/12/6 9151/12/6 9165/12/6
f 9164/7/6 9150/7/6 9165/7/6
f 9165/12/6 9151/12/6 9166/12/6
f 9166/12/6 9151/12/6 9167/12/6
f 9154/5/6 9155/5/6 9168/5/6
f 9153/5/6 9154/5/6 9168/5/6
f 9168/5/6 9155/5/6 9169/5/6
f 9138/5/6 9116/5/6 9170/5/6
f 9137/5/6 9138/5/6 9170/5/6
f 9170/5/6 9116/5/6 9171/5/6
f 9159/12/6 9160/12/6 9172/12/6
f 9158/12/6 9159/12/6 9172/12/6
f 9162/12/6 9163/12/6 9172/12/6
f 9164/12/6 9165/12/6 9172/12/6
f 9165/12/6 9166/12/6 9172/12/6
f 9161/12/6 9162/12/6 9172/12/6
f 9160/12/6 9161/12/6 9172/12/6
f 9163/12/6 9164/12/6 9172/12/6
f 9172/12/6 9166/12/6 9173/12/6
f 9173/12/6 9166/12/6 9174/12/6
f 9174/12/6 9166/12/6 9175/12/6
f 9175/12/6 9166/12/6 9176/12/6
f 9176/12/6 9166/12/6 9177/12/6
f 9153/5/6 9168/5/6 9179/5/6
f 9137/5/6 9170/5/6 9180/5/6
f 9180/5/6 9170/5/6 9181/5/6
f 9173/12/6 9174/12/6 9182/12/6
f 9182/12/6 9174/12/6 9183/12/6
f 9174/5/6 9175/5/6 9184/5/6
f 9183/12/6 9174/12/6 9184/12/6
f 9175/12/6 9176/12/6 9185/12/6
f 9184/5/6 9175/5/6 9185/5/6
f 9185/12/6 9176/12/6 9186/12/6
f 9186/12/6 9176/12/6 9187/12/6
f 9187/12/6 9176/12/6 9188/12/6
f 9188/12/6 9176/12/6 9189/12/6
f 9137/5/6 9180/5/6 9190/5/6
f 9190/5/6 9180/5/6 9191/5/6
f 9183/12/6 9184/12/6 9192/12/6
f 9184/12/6 9185/12/6 9192/12/6
f 9185/12/6 9186/12/6 9192/12/6
f 9186/5/6 9187/5/6 9193/5/6
f 9192/12/6 9186/12/6 9193/12/6
f 9193/5/6 9187/5/6 9194/5/6
f 9187/12/6 9188/12/6 9195/12/6
f 9194/5/6 9187/5/6 9195/5/6
f 9195/12/6 9188/12/6 9196/12/6
f 9196/12/6 9188/12/6 9197/12/6
f 9178/5/6 9179/5/6 9199/5/6
f 9137/5/6 9190/5/6 9201/5/6
f 9194/12/6 9195/12/6 9202/12/6
f 9195/12/6 9196/12/6 9202/12/6
f 9202/12/6 9196/12/6 9203/12/6
f 9200/5/6 9201/5/6 9204/5/6
f 9201/5/6 9190/5/6 9204/5/6
f 9204/5/6 9190/5/6 9205/5/6
f 9200/5/6 9204/5/6 9206/5/6
f 9206/5/6 9204/5/6 9207/5/6
f 9207/5/6 9204/5/6 9208/5/6
f 9206/5/6 9207/5/6 9210/5/6
f 9210/5/6 9207/5/6 9211/5/6
f 9211/5/6 9207/5/6 9212/5/6
f 9179/5/6 9168/5/6 9213/5/6
f 9198/5/6 9199/5/6 9213/5/6
f 9199/5/6 9179/5/6 9213/5/6
f 9210/5/6 9211/5/6 9216/5/6
f 9209/5/6 9210/5/6 9216/5/6
f 9216/5/6 9211/5/6 9217/5/6
f 9217/5/6 9211/5/6 9218/5/6
f 9213/5/6 9214/5/6 9219/5/6
f 9198/5/6 9213/5/6 9219/5/6
f 9219/5/6 9214/5/6 9220/5/6
f 9216/5/6 9217/5/6 9222/5/6
f 9215/5/6 9216/5/6 9222/5/6
f 9221/5/6 9222/5/6 9224/5/6
f 9222/5/6 9217/5/6 9225/5/6
f 9224/5/6 9222/5/6 9225/5/6
f 9225/5/6 9217/5/6 9226/5/6
f 9198/5/6 9219/5/6 9227/5/6
f 9227/5/6 9219/5/6 9228/5/6
f 9228/5/6 9219/5/6 9229/5/6
f 9223/5/6 9224/5/6 9232/5/6
f 9224/5/6 9225/5/6 9232/5/6
f 9231/5/6 9232/5/6 9234/5/6
f 9232/5/6 9225/5/6 9235/5/6
f 9234/5/6 9232/5/6 9235/5/6
f 9235/5/6 9225/5/6 9236/5/6
f 9229/5/6 9230/5/6 9237/5/6
f 9228/5/6 9229/5/6 9237/5/6
f 9234/5/6 9235/5/6 9240/5/6
f 9233/5/6 9234/5/6 9240/5/6
f 9240/5/6 9235/5/6 9241/5/6
f 9241/5/6 9235/5/6 9242/5/6
f 9237/5/6 9238/5/6 9243/5/6
f 9228/5/6 9237/5/6 9243/5/6
f 9243/5/6 9238/5/6 9244/5/6
f 9244/5/6 9238/5/6 9245/5/6
f 9240/5/6 9241/5/6 9248/5/6
f 9239/5/6 9240/5/6 9248/5/6
f 9248/5/6 9241/5/6 9249/5/6
f 9249/5/6 9241/5/6 9250/5/6
f 9245/5/6 9246/5/6 9251/5/6
f 9244/5/6 9245/5/6 9251/5/6
f 9251/5/6 9246/5/6 9252/5/6
f 9252/5/6 9246/5/6 9253/5/6
f 9248/5/6 9249/5/6 9256/5/6
f 9247/5/6 9248/5/6 9256/5/6
f 9256/5/6 9249/5/6 9257/5/6
f 9257/5/6 9249/5/6 9258/5/6
f 9254/5/6 9255/5/6 9259/5/6
f 9253/5/6 9254/5/6 9259/5/6
f 9256/5/6 9257/5/6 9259/5/6
f 9255/5/6 9256/5/6 9259/5/6
f 9252/5/6 9253/5/6 9259/5/6
f 9259/5/6 9257/5/6 9260/5/6
f 9260/5/6 9257/5/6 9261/5/6
f 9261/5/6 9257/5/6 9262/5/6
f 9252/5/6 9259/5/6 9263/5/6
f 9263/5/6 9259/5/6 9264/5/6
f 9260/5/6 9261/5/6 9265/5/6
f 9265/5/6 9261/5/6 9266/5/6
f 9259/1/6 9260/1/6 9267/1/6
f 9264/5/6 9259/5/6 9267/5/6
f 9260/5/6 9265/5/6 9268/5/6
f 9267/1/6 9260/1/6 9268/1/6
f 9268/5/6 9265/5/6 9269/5/6
f 9269/5/6 9265/5/6 9270/5/6
f 9264/5/6 9267/5/6 9271/5/6
f 9267/5/6 9268/5/6 9271/5/6
f 9268/5/6 9269/5/6 9271/5/6
f 9271/5/6 9269/5/6 9272/5/6
f 9272/5/6 9269/5/6 9273/5/6
f 9273/5/6 9269/5/6 9274/5/6
f 9272/5/6 9273/5/6 9275/5/6
f 9275/5/6 9273/5/6 9276/5/6
f 9276/5/6 9273/5/6 9277/5/6
f 9277/5/6 9273/5/6 9278/5/6
f 9276/5/6 9277/5/6 9279/5/6
f 9279/5/6 9277/5/6 9280/5/6
f 9276/5/6 9279/5/6 9281/5/6
f 9281/5/6 9279/5/6 9282/5/6
f 9282/5/6 9279/5/6 9283/5/6
f 9283/5/6 9279/5/6 9284/5/6
f 9282/5/6 9283/5/6 9285/5/6
f 9285/5/6 9283/5/6 9286/5/6
f 9286/5/6 9283/5/6 9287/5/6
f 9287/5/6 9283/5/6 9288/5/6
f 9286/5/6 9287/5/6 9289/5/6
f 9289/5/6 9287/5/6 9290/5/6
f 9291/5/6 9292/5/6 9296/5/6
f 9296/5/6 9292/5/6 9297/5/6
f 9293/5/6 9294/5/6 9298/5/6
f 9298/5/6 9294/5/6 9299/5/6
f 9296/5/6 9297/5/6 9303/5/6
f 9295/5/6 9296/5/6 9303/5/6
f 9299/5/6 9300/5/6 9303/5/6
f 9298/5/6 9299/5/6 9303/5/6
f 9297/5/6 9298/5/6 9303/5/6
f 9303/5/6 9300/5/6 9304/5/6
f 9304/5/6 9300/5/6 9305/5/6
f 9300/12/6 9301/12/6 9306/12/6
f 9305/5/6 9300/5/6 9306/5/6
f 9306/12/6 9301/12/6 9307/12/6
f 9302/5/6 9303/5/6 9310/5/6
f 9303/5/6 9304/5/6 9310/5/6
f 9304/12/6 9305/12/6 9311/12/6
f 9310/5/6 9304/5/6 9311/5/6
f 9307/5/6 9308/5/6 9312/5/6
f 9311/12/6 9305/12/6 9312/12/6
f 9306/5/6 9307/5/6 9312/5/6
f 9305/5/6 9306/5/6 9312/5/6
f 9312/5/6 9308/5/6 9313/5/6
f 9313/5/6 9308/5/6 9314/5/6
f 9314/5/6 9308/5/6 9315/5/6
f 9315/5/6 9308/5/6 9316/5/6
f 9309/5/6 9310/5/6 9318/5/6
f 9310/5/6 9311/5/6 9318/5/6
f 9311/5/6 9312/5/6 9318/5/6
f 9312/5/6 9313/5/6 9318/5/6
f 9318/5/6 9313/5/6 9319/5/6
f 9319/5/6 9313/5/6 9320/5/6
f 9320/5/6 9313/5/6 9321/5/6
f 9321/5/6 9313/5/6 9322/5/6
f 9322/5/6 9313/5/6 9323/5/6
f 9323/5/6 9313/5/6 9324/5/6
f 9324/5/6 9313/5/6 9325/5/6
f 9313/12/6 9314/12/6 9326/12/6
f 9325/5/6 9313/5/6 9326/5/6
f 9314/5/6 9315/5/6 9327/5/6
f 9326/12/6 9314/12/6 9327/12/6
f 9315/12/6 9316/12/6 9328/12/6
f 9327/5/6 9315/5/6 9328/5/6
f 9328/12/6 9316/12/6 9329/12/6
f 9317/5/6 9318/5/6 9332/5/6
f 9318/5/6 9319/5/6 9332/5/6
f 9332/5/6 9319/5/6 9333/5/6
f 9333/5/6 9319/5/6 9334/5/6
f 9320/5/6 9321/5/6 9335/5/6
f 9335/5/6 9321/5/6 9336/5/6
f 9325/12/6 9326/12/6 9337/12/6
f 9324/5/6 9325/5/6 9337/5/6
f 9328/5/6 9329/5/6 9338/5/6
f 9337/12/6 9326/12/6 9338/12/6
f 9326/5/6 9327/5/6 9338/5/6
f 9327/5/6 9328/5/6 9338/5/6
f 9338/5/6 9329/5/6 9339/5/6
f 9339/5/6 9329/5/6 9340/5/6
f 9332/5/6 9333/5/6 9342/5/6
f 9331/5/6 9332/5/6 9342/5/6
f 9336/5/6 9321/5/6 9343/5/6
f 9321/12/6 9322/12/6 9344/12/6
f 9343/5/6 9321/5/6 9344/5/6
f 9322/5/6 9323/5/6 9345/5/6
f 9344/12/6 9322/12/6 9345/12/6
f 9345/5/6 9323/5/6 9346/5/6
f 9323/12/6 9324/12/6 9347/12/6
f 9346/5/6 9323/5/6 9347/5/6
f 9324/5/6 9337/5/6 9348/5/6
f 9347/12/6 9324/12/6 9348/12/6
f 9338/5/6 9339/5/6 9348/5/6
f 9337/5/6 9338/5/6 9348/5/6
f 9348/5/6 9339/5/6 9349/5/6
f 9339/12/6 9340/12/6 9350/12/6
f 9349/5/6 9339/5/6 9350/5/6
f 9350/12/6 9340/12/6 9351/12/6
f 9340/5/6 9329/5/6 9352/5/6
f 9351/12/6 9340/12/6 9352/12/6
f 9329/12/6 9330/12/6 9353/12/6
f 9352/5/6 9329/5/6 9353/5/6
f 9341/5/6 9342/5/6 9355/5/6
f 9342/5/6 9333/5/6 9356/5/6
f 9355/5/6 9342/5/6 9356/5/6
f 9356/5/6 9333/5/6 9357/5/6
f 9346/5/6 9347/5/6 9358/5/6
f 9348/5/6 9349/5/6 9358/5/6
f 9347/5/6 9348/5/6 9358/5/6
f 9349/12/6 9350/12/6 9359/12/6
f 9358/5/6 9349/5/6 9359/5/6
f 9359/12/6 9350/12/6 9360/12/6
f 9350/5/6 9351/5/6 9361/5/6
f 9360/12/6 9350/12/6 9361/12/6
f 9351/12/6 9352/12/6 9362/12/6
f 9361/5/6 9351/5/6 9362/5/6
f 9352/12/6 9353/12/6 9362/12/6
f 9362/12/6 9353/12/6 9363/12/6
f 9353/12/6 9330/12/6 9364/12/6
f 9363/12/6 9353/12/6 9364/12/6
f 9364/12/6 9330/12/6 9365/12/6
f 9355/5/6 9356/5/6 9368/5/6
f 9354/5/6 9355/5/6 9368/5/6
f 9368/5/6 9356/5/6 9369/5/6
f 9369/5/6 9356/5/6 9370/5/6
f 9345/12/6 9346/12/6 9371/12/6
f 9346/5/6 9358/5/6 9372/5/6
f 9371/12/6 9346/12/6 9372/12/6
f 9359/12/6 9360/12/6 9373/12/6
f 9358/12/6 9359/12/6 9373/12/6
f 9373/12/6 9360/12/6 9374/12/6
f 9360/5/6 9361/5/6 9375/5/6
f 9374/12/6 9360/12/6 9375/12/6
f 9362/12/6 9363/12/6 9376/12/6
f 9375/5/6 9361/5/6 9376/5/6
f 9361/12/6 9362/12/6 9376/12/6
f 9376/12/6 9363/12/6 9377/12/6
f 9377/12/6 9363/12/6 9378/12/6
f 9363/5/6 9364/5/6 9379/5/6
f 9378/12/6 9363/12/6 9379/12/6
f 9365/12/6 9366/12/6 9380/12/6
f 9379/5/6 9364/5/6 9380/5/6
f 9364/12/6 9365/12/6 9380/12/6
f 9380/12/6 9366/12/6 9381/12/6
f 9367/2/6 9368/2/6 9384/2/6
f 9368/5/6 9369/5/6 9385/5/6
f 9384/2/6 9368/2/6 9385/2/6
f 9385/5/6 9369/5/6 9386/5/6
f 9386/5/6 9369/5/6 9387/5/6
f 9372/5/6 9358/5/6 9388/5/6
f 9388/5/6 9358/5/6 9389/5/6
f 9358/12/6 9373/12/6 9390/12/6
f 9389/5/6 9358/5/6 9390/5/6
f 9373/5/6 9374/5/6 9391/5/6
f 9390/12/6 9373/12/6 9391/12/6
f 9374/12/6 9375/12/6 9392/12/6
f 9391/5/6 9374/5/6 9392/5/6
f 9376/12/6 9377/12/6 9392/12/6
f 9375/12/6 9376/12/6 9392/12/6
f 9392/12/6 9377/12/6 9393/12/6
f 9377/6/6 9378/6/6 9394/6/6
f 9393/12/6 9377/12/6 9394/12/6
f 9378/5/6 9379/5/6 9395/5/6
f 9394/6/6 9378/6/6 9395/6/6
f 9380/12/6 9381/12/6 9396/12/6
f 9395/5/6 9379/5/6 9396/5/6
f 9379/12/6 9380/12/6 9396/12/6
f 9396/12/6 9381/12/6 9397/12/6
f 9381/5/6 9382/5/6 9398/5/6
f 9397/12/6 9381/12/6 9398/12/6
f 9398/5/6 9382/5/6 9399/5/6
f 9383/5/6 9384/5/6 9401/5/6
f 9385/5/6 9386/5/6 9401/5/6
f 9384/5/6 9385/5/6 9401/5/6
f 9401/5/6 9386/5/6 9402/5/6
f 9402/5/6 9386/5/6 9403/5/6
f 9390/12/6 9391/12/6 9404/12/6
f 9389/12/6 9390/12/6 9404/12/6
f 9391/12/6 9392/12/6 9404/12/6
f 9404/12/6 9392/12/6 9405/12/6
f 9392/5/6 9393/5/6 9406/5/6
f 9405/12/6 9392/12/6 9406/12/6
f 9393/12/6 9394/12/6 9407/12/6
f 9406/5/6 9393/5/6 9407/5/6
f 9396/12/6 9397/12/6 9407/12/6
f 9394/12/6 9395/12/6 9407/12/6
f 9395/12/6 9396/12/6 9407/12/6
f 9407/12/6 9397/12/6 9408/12/6
f 9408/12/6 9397/12/6 9409/12/6
f 9397/5/6 9398/5/6 9410/5/6
f 9409/12/6 9397/12/6 9410/12/6
f 9398/12/6 9399/12/6 9411/12/6
f 9410/5/6 9398/5/6 9411/5/6
f 9411/12/6 9399/12/6 9412/12/6
f 9401/5/6 9402/5/6 9415/5/6
f 9400/5/6 9401/5/6 9415/5/6
f 9415/5/6 9402/5/6 9416/5/6
f 9416/5/6 9402/5/6 9417/5/6
f 9389/12/6 9404/12/6 9418/12/6
f 9404/5/6 9405/5/6 9419/5/6
f 9418/12/6 9404/12/6 9419/12/6
f 9405/12/6 9406/12/6 9420/12/6
f 9419/5/6 9405/5/6 9420/5/6
f 9407/12/6 9408/12/6 9420/12/6
f 9406/12/6 9407/12/6 9420/12/6
f 9411/12/6 9412/12/6 9421/12/6
f 9412/12/6 9413/12/6 9421/12/6
f 9410/12/6 9411/12/6 9421/12/6
f 9409/12/6 9410/12/6 9421/12/6
f 9421/12/6 9413/12/6 9422/12/6
f 9422/12/6 9413/12/6 9423/12/6
f 9414/5/6 9415/5/6 9426/5/6
f 9415/5/6 9416/5/6 9426/5/6
f 9426/5/6 9416/5/6 9427/5/6
f 9427/5/6 9416/5/6 9428/5/6
f 9418/12/6 9419/12/6 9429/12/6
f 9419/12/6 9420/12/6 9429/12/6
f 9420/12/6 9408/12/6 9430/12/6
f 9429/12/6 9420/12/6 9430/12/6
f 9408/5/6 9409/5/6 9430/5/6
f 9409/12/6 9421/12/6 9431/12/6
f 9430/5/6 9409/5/6 9431/5/6
f 9421/5/6 9422/5/6 9432/5/6
f 9431/12/6 9421/12/6 9432/12/6
f 9423/12/6 9424/12/6 9433/12/6
f 9432/5/6 9422/5/6 9433/5/6
f 9422/12/6 9423/12/6 9433/12/6
f 9433/12/6 9424/12/6 9434/12/6
f 9434/12/6 9424/12/6 9435/12/6
f 9426/5/6 9427/5/6 9436/5/6
f 9425/5/6 9426/5/6 9436/5/6
f 9436/5/6 9427/5/6 9437/5/6
f 9431/12/6 9432/12/6 9438/12/6
f 9430/12/6 9431/12/6 9438/12/6
f 9433/12/6 9434/12/6 9438/12/6
f 9432/12/6 9433/12/6 9438/12/6
f 9429/12/6 9430/12/6 9438/12/6
f 9438/12/6 9434/12/6 9439/12/6
f 9439/12/6 9434/12/6 9440/12/6
f 9440/12/6 9434/12/6 9441/12/6
f 9434/7/6 9435/7/6 9442/7/6
f 9441/12/6 9434/12/6 9442/12/6
f 9442/7/6 9435/7/6 9443/7/6
f 9425/5/6 9436/5/6 9445/5/6
f 9445/5/6 9436/5/6 9446/5/6
f 9446/5/6 9436/5/6 9447/5/6
f 9439/12/6 9440/12/6 9448/12/6
f 9440/5/6 9441/5/6 9449/5/6
f 9448/12/6 9440/12/6 9449/12/6
f 9441/12/6 9442/12/6 9450/12/6
f 9449/5/6 9441/5/6 9450/5/6
f 9442/12/6 9443/12/6 9450/12/6
f 9450/12/6 9443/12/6 9451/12/6
f 9450/12/6 9451/12/6 9453/12/6
f 9451/12/6 9452/12/6 9453/12/6
f 9449/12/6 9450/12/6 9453/12/6
f 9448/12/6 9449/12/6 9453/12/6
f 9453/12/6 9452/12/6 9454/12/6
f 9454/12/6 9452/12/6 9455/12/6
f 9455/12/6 9452/12/6 9456/12/6
f 9456/12/6 9452/12/6 9457/12/6
f 9457/12/6 9452/12/6 9458/12/6
f 9444/5/6 9445/5/6 9460/5/6
f 9445/5/6 9446/5/6 9460/5/6
f 9460/5/6 9446/5/6 9461/5/6
f 9461/5/6 9446/5/6 9462/5/6
f 9454/12/6 9455/12/6 9463/12/6
f 9455/9/6 9456/9/6 9463/9/6
f 9456/12/6 9457/12/6 9464/12/6
f 9463/9/6 9456/9/6 9464/9/6
f 9464/12/6 9457/12/6 9465/12/6
f 9465/12/6 9457/12/6 9466/12/6
f 9457/5/6 9458/5/6 9467/5/6
f 9466/12/6 9457/12/6 9467/12/6
f 9458/12/6 9452/12/6 9468/12/6
f 9467/5/6 9458/5/6 9468/5/6
f 9460/5/6 9461/5/6 9470/5/6
f 9459/5/6 9460/5/6 9470/5/6
f 9470/5/6 9461/5/6 9471/5/6
f 9471/5/6 9461/5/6 9472/5/6
f 9454/12/6 9463/12/6 9473/12/6
f 9463/7/6 9464/7/6 9474/7/6
f 9473/12/6 9463/12/6 9474/12/6
f 9464/12/6 9465/12/6 9475/12/6
f 9474/7/6 9464/7/6 9475/7/6
f 9475/12/6 9465/12/6 9476/12/6
f 9476/12/6 9465/12/6 9477/12/6
f 9469/5/6 9470/5/6 9479/5/6
f 9470/5/6 9471/5/6 9479/5/6
f 9479/5/6 9471/5/6 9480/5/6
f 9480/5/6 9471/5/6 9481/5/6
f 9473/12/6 9474/12/6 9482/12/6
f 9475/12/6 9476/12/6 9482/12/6
f 9474/12/6 9475/12/6 9482/12/6
f 9476/5/6 9477/5/6 9483/5/6
f 9482/12/6 9476/12/6 9483/12/6
f 9477/12/6 9465/12/6 9484/12/6
f 9483/5/6 9477/5/6 9484/5/6
f 9465/5/6 9466/5/6 9485/5/6
f 9484/12/6 9465/12/6 9485/12/6
f 9466/12/6 9467/12/6 9486/12/6
f 9485/5/6 9466/5/6 9486/5/6
f 9467/12/6 9468/12/6 9486/12/6
f 9479/5/6 9480/5/6 9488/5/6
f 9478/5/6 9479/5/6 9488/5/6
f 9488/5/6 9480/5/6 9489/5/6
f 9489/5/6 9480/5/6 9490/5/6
f 9490/5/6 9480/5/6 9491/5/6
f 9483/12/6 9484/12/6 9493/12/6
f 9482/12/6 9483/12/6 9493/12/6
f 9484/12/6 9485/12/6 9493/12/6
f 9485/12/6 9486/12/6 9493/12/6
f 9487/5/6 9488/5/6 9495/5/6
f 9489/5/6 9490/5/6 9496/5/6
f 9496/5/6 9490/5/6 9497/5/6
f 9492/12/6 9493/12/6 9498/12/6
f 9468/12/6 9452/12/6 9498/12/6
f 9486/12/6 9468/12/6 9498/12/6
f 9493/12/6 9486/12/6 9498/12/6
f 9498/12/6 9452/12/6 9499/12/6
f 9494/5/6 9495/5/6 9501/5/6
f 9488/12/6 9489/12/6 9502/12/6
f 9495/5/6 9488/5/6 9502/5/6
f 9501/5/6 9495/5/6 9502/5/6
f 9489/5/6 9496/5/6 9503/5/6
f 9502/12/6 9489/12/6 9503/12/6
f 9500/5/6 9501/5/6 9504/5/6
f 9503/5/6 9496/5/6 9504/5/6
f 9502/5/6 9503/5/6 9504/5/6
f 9501/5/6 9502/5/6 9504/5/6
f 9504/5/6 9496/5/6 9505/5/6
f 9492/12/6 9498/12/6 9506/12/6
f 9506/12/6 9498/12/6 9507/12/6
f 9507/12/6 9498/12/6 9508/12/6
f 9500/5/6 9504/5/6 9510/5/6
f 9510/5/6 9504/5/6 9511/5/6
f 9511/5/6 9504/5/6 9512/5/6
f 9506/12/6 9507/12/6 9513/12/6
f 9513/12/6 9507/12/6 9514/12/6
f 9514/12/6 9507/12/6 9515/12/6
f 9509/5/6 9510/5/6 9516/5/6
f 9510/5/6 9511/5/6 9516/5/6
f 9516/5/6 9511/5/6 9517/5/6
f 9514/5/6 9515/5/6 9518/5/6
f 9513/12/6 9514/12/6 9518/12/6
f 9515/12/6 9507/12/6 9519/12/6
f 9518/5/6 9515/5/6 9519/5/6
f 9519/12/6 9507/12/6 9520/12/6
f 9520/12/6 9507/12/6 9521/12/6
f 9509/5/6 9516/5/6 9523/5/6
f 9523/5/6 9516/5/6 9524/5/6
f 9524/5/6 9516/5/6 9525/5/6
f 9513/12/6 9518/12/6 9527/12/6
f 9519/12/6 9520/12/6 9527/12/6
f 9518/12/6 9519/12/6 9527/12/6
f 9527/12/6 9520/12/6 9528/12/6
f 9528/12/6 9520/12/6 9529/12/6
f 9523/5/6 9524/5/6 9531/5/6
f 9522/5/6 9523/5/6 9531/5/6
f 9527/12/6 9528/12/6 9532/12/6
f 9526/12/6 9527/12/6 9532/12/6
f 9532/12/6 9528/12/6 9533/12/6
f 9526/12/6 9532/12/6 9534/12/6
f 9534/12/6 9532/12/6 9535/12/6
f 9526/12/6 9534/12/6 9536/12/6
f 9536/12/6 9534/12/6 9537/12/6
f 9537/12/6 9534/12/6 9538/12/6
f 9538/12/6 9534/12/6 9539/12/6
f 9530/5/6 9531/5/6 9541/5/6
f 9531/5/6 9524/5/6 9542/5/6
f 9541/5/6 9531/5/6 9542/5/6
f 9542/5/6 9524/5/6 9543/5/6
f 9526/12/6 9536/12/6 9545/12/6
f 9536/9/6 9537/9/6 9546/9/6
f 9545/12/6 9536/12/6 9546/12/6
f 9537/12/6 9538/12/6 9547/12/6
f 9546/9/6 9537/9/6 9547/9/6
f 9547/12/6 9538/12/6 9548/12/6
f 9548/12/6 9538/12/6 9549/12/6
f 9549/12/6 9538/12/6 9550/12/6
f 9544/12/6 9545/12/6 9552/12/6
f 9545/12/6 9546/12/6 9552/12/6
f 9546/12/6 9547/12/6 9552/12/6
f 9547/9/6 9548/9/6 9553/9/6
f 9552/12/6 9547/12/6 9553/12/6
f 9548/12/6 9549/12/6 9554/12/6
f 9553/9/6 9548/9/6 9554/9/6
f 9554/12/6 9549/12/6 9555/12/6
f 9552/12/6 9553/12/6 9557/12/6
f 9551/12/6 9552/12/6 9557/12/6
f 9553/12/6 9554/12/6 9557/12/6
f 9557/12/6 9554/12/6 9558/12/6
f 9558/12/6 9554/12/6 9559/12/6
f 9556/12/6 9557/12/6 9561/12/6
f 9557/12/6 9558/12/6 9561/12/6
f 9561/12/6 9558/12/6 9562/12/6
f 9562/12/6 9558/12/6 9563/12/6
f 9560/12/6 9561/12/6 9565/12/6
f 9561/12/6 9562/12/6 9565/12/6
f 9565/12/6 9562/12/6 9566/12/6
f 9566/12/6 9562/12/6 9567/12/6
f 9540/5/6 9541/5/6 9568/5/6
f 9541/5/6 9542/5/6 9568/5/6
f 9565/12/6 9566/12/6 9571/12/6
f 9564/12/6 9565/12/6 9571/12/6
f 9571/12/6 9566/12/6 9572/12/6
f 9572/12/6 9566/12/6 9573/12/6
f 9568/5/6 9569/5/6 9576/5/6
f 9540/5/6 9568/5/6 9576/5/6
f 9576/5/6 9569/5/6 9577/5/6
f 9570/12/6 9571/12/6 9579/12/6
f 9571/12/6 9572/12/6 9579/12/6
f 9579/12/6 9572/12/6 9580/12/6
f 9580/12/6 9572/12/6 9581/12/6
f 9574/5/6 9575/5/6 9583/5/6
f 9583/5/6 9575/5/6 9584/5/6
f 9540/5/6 9576/5/6 9586/5/6
f 9576/12/6 9577/12/6 9587/12/6
f 9586/5/6 9576/5/6 9587/5/6
f 9577/5/6 9569/5/6 9588/5/6
f 9587/12/6 9577/12/6 9588/12/6
f 9578/12/6 9579/12/6 9590/12/6
f 9579/12/6 9580/12/6 9590/12/6
f 9590/12/6 9580/12/6 9591/12/6
f 9591/12/6 9580/12/6 9592/12/6
f 9584/5/6 9585/5/6 9594/5/6
f 9582/5/6 9583/5/6 9594/5/6
f 9583/5/6 9584/5/6 9594/5/6
f 9594/5/6 9585/5/6 9595/5/6
f 9588/5/6 9569/5/6 9597/5/6
f 9587/5/6 9588/5/6 9597/5/6
f 9597/5/6 9569/5/6 9598/5/6
f 9590/12/6 9591/12/6 9600/12/6
f 9589/12/6 9590/12/6 9600/12/6
f 9600/12/6 9591/12/6 9601/12/6
f 9601/12/6 9591/12/6 9602/12/6
f 9595/5/6 9596/5/6 9604/5/6
f 9594/5/6 9595/5/6 9604/5/6
f 9593/5/6 9594/5/6 9604/5/6
f 9587/5/6 9597/5/6 9605/5/6
f 9605/5/6 9597/5/6 9606/5/6
f 9597/12/6 9598/12/6 9607/12/6
f 9606/5/6 9597/5/6 9607/5/6
f 9607/12/6 9598/12/6 9608/12/6
f 9608/12/6 9598/12/6 9609/12/6
f 9600/12/6 9601/12/6 9614/12/6
f 9599/12/6 9600/12/6 9614/12/6
f 9614/12/6 9601/12/6 9615/12/6
f 9615/12/6 9601/12/6 9616/12/6
f 9603/5/6 9604/5/6 9618/5/6
f 9604/5/6 9596/5/6 9619/5/6
f 9618/5/6 9604/5/6 9619/5/6
f 9619/5/6 9596/5/6 9620/5/6
f 9620/5/6 9596/5/6 9621/5/6
f 9621/5/6 9596/5/6 9622/5/6
f 9606/12/6 9607/12/6 9623/12/6
f 9607/12/6 9608/12/6 9623/12/6
f 9608/5/6 9609/5/6 9624/5/6
f 9623/12/6 9608/12/6 9624/12/6
f 9609/12/6 9610/12/6 9625/12/6
f 9624/5/6 9609/5/6 9625/5/6
f 9610/5/6 9611/5/6 9626/5/6
f 9612/12/6 9613/12/6 9631/12/6
f 9613/7/6 9614/7/6 9632/7/6
f 9631/12/6 9613/12/6 9632/12/6
f 9614/12/6 9615/12/6 9633/12/6
f 9632/7/6 9614/7/6 9633/7/6
f 9633/12/6 9615/12/6 9634/12/6
f 9634/12/6 9615/12/6 9635/12/6
f 9617/5/6 9618/5/6 9637/5/6
f 9618/5/6 9619/5/6 9637/5/6
f 9619/4/6 9620/4/6 9638/4/6
f 9637/5/6 9619/5/6 9638/5/6
f 9620/5/6 9621/5/6 9639/5/6
f 9638/4/6 9620/4/6 9639/4/6
f 9621/2/6 9622/2/6 9640/2/6
f 9639/5/6 9621/5/6 9640/5/6
f 9622/5/6 9596/5/6 9641/5/6
f 9640/2/6 9622/2/6 9641/2/6
f 9641/5/6 9596/5/6 9642/5/6
f 9623/5/6 9624/5/6 9644/5/6
f 9624/12/6 9625/12/6 9645/12/6
f 9644/5/6 9624/5/6 9645/5/6
f 9625/12/6 9610/12/6 9646/12/6
f 9645/12/6 9625/12/6 9646/12/6
f 9610/5/6 9626/5/6 9647/5/6
f 9646/12/6 9610/12/6 9647/12/6
f 9626/5/6 9627/5/6 9647/5/6
f 9647/5/6 9627/5/6 9648/5/6
f 9628/5/6 9629/5/6 9653/5/6
f 9629/9/6 9630/9/6 9654/9/6
f 9653/5/6 9629/5/6 9654/5/6
f 9631/12/6 9632/12/6 9655/12/6
f 9654/9/6 9630/9/6 9655/9/6
f 9630/12/6 9631/12/6 9655/12/6
f 9633/12/6 9634/12/6 9655/12/6
f 9632/12/6 9633/12/6 9655/12/6
f 9655/12/6 9634/12/6 9656/12/6
f 9656/12/6 9634/12/6 9657/12/6
f 9639/5/6 9640/5/6 9659/5/6
f 9638/5/6 9639/5/6 9659/5/6
f 9642/5/6 9643/5/6 9659/5/6
f 9636/5/6 9637/5/6 9659/5/6
f 9637/5/6 9638/5/6 9659/5/6
f 9641/5/6 9642/5/6 9659/5/6
f 9640/5/6 9641/5/6 9659/5/6
f 9659/5/6 9643/5/6 9660/5/6
f 9623/5/6 9644/5/6 9661/5/6
f 9644/12/6 9645/12/6 9662/12/6
f 9661/5/6 9644/5/6 9662/5/6
f 9645/5/6 9646/5/6 9663/5/6
f 9662/12/6 9645/12/6 9663/12/6
f 9652/12/6 9653/12/6 9664/12/6
f 9663/5/6 9646/5/6 9664/5/6
f 9653/12/6 9654/12/6 9664/12/6
f 9655/12/6 9656/12/6 9664/12/6
f 9654/12/6 9655/12/6 9664/12/6
f 9650/12/6 9651/12/6 9664/12/6
f 9648/12/6 9649/12/6 9664/12/6
f 9649/12/6 9650/12/6 9664/12/6
f 9647/12/6 9648/12/6 9664/12/6
f 9651/12/6 9652/12/6 9664/12/6
f 9646/12/6 9647/12/6 9664/12/6
f 9664/12/6 9656/12/6 9665/12/6
f 9665/12/6 9656/12/6 9666/12/6
f 9666/12/6 9656/12/6 9667/12/6
f 9667/12/6 9656/12/6 9668/12/6
f 9658/5/6 9659/5/6 9670/5/6
f 9659/4/6 9660/4/6 9671/4/6
f 9670/5/6 9659/5/6 9671/5/6
f 9660/5/6 9643/5/6 9672/5/6
f 9671/4/6 9660/4/6 9672/4/6
f 9672/5/6 9643/5/6 9673/5/6
f 9673/5/6 9643/5/6 9674/5/6
f 9663/12/6 9664/12/6 9675/12/6
f 9664/12/6 9665/12/6 9675/12/6
f 9675/12/6 9665/12/6 9676/12/6
f 9665/5/6 9666/5/6 9677/5/6
f 9676/12/6 9665/12/6 9677/12/6
f 9666/12/6 9667/12/6 9678/12/6
f 9677/5/6 9666/5/6 9678/5/6
f 9678/12/6 9667/12/6 9679/12/6
f 9679/12/6 9667/12/6 9680/12/6
f 9669/5/6 9670/5/6 9681/5/6
f 9670/5/6 9671/5/6 9681/5/6
f 9673/4/6 9674/4/6 9681/4/6
f 9672/5/6 9673/5/6 9681/5/6
f 9671/5/6 9672/5/6 9681/5/6
f 9681/4/6 9674/4/6 9682/4/6
f 9678/12/6 9679/12/6 9683/12/6
f 9676/12/6 9677/12/6 9683/12/6
f 9677/12/6 9678/12/6 9683/12/6
f 9683/12/6 9679/12/6 9684/12/6
f 9684/12/6 9679/12/6 9685/12/6
f 9685/12/6 9679/12/6 9686/12/6
f 9681/5/6 9682/5/6 9688/5/6
f 9669/5/6 9681/5/6 9688/5/6
f 9684/12/6 9685/12/6 9689/12/6
f 9689/12/6 9685/12/6 9690/12/6
f 9687/5/6 9688/5/6 9692/5/6
f 9688/5/6 9682/5/6 9693/5/6
f 9692/5/6 9688/5/6 9693/5/6
f 9693/5/6 9682/5/6 9694/5/6
f 9691/5/6 9692/5/6 9696/5/6
f 9692/5/6 9693/5/6 9696/5/6
f 9693/1/6 9694/1/6 9697/1/6
f 9696/5/6 9693/5/6 9697/5/6
f 9694/5/6 9682/5/6 9698/5/6
f 9697/1/6 9694/1/6 9698/1/6
f 9696/5/6 9697/5/6 9699/5/6
f 9698/5/6 9682/5/6 9699/5/6
f 9697/5/6 9698/5/6 9699/5/6
f 9695/5/6 9696/5/6 9699/5/6
f 9699/5/6 9682/5/6 9700/5/6
f 9695/5/6 9699/5/6 9701/5/6
f 9701/5/6 9699/5/6 9702/5/6
f 9702/5/6 9699/5/6 9703/5/6
f 9703/5/6 9699/5/6 9704/5/6
f 9695/5/6 9701/5/6 9705/5/6
f 9701/3/6 9702/3/6 9705/3/6
f 9702/5/6 9703/5/6 9706/5/6
f 9705/3/6 9702/3/6 9706/3/6
f 9703/4/6 9704/4/6 9707/4/6
f 9706/5/6 9703/5/6 9707/5/6
f 9704/5/6 9699/5/6 9708/5/6
f 9707/4/6 9704/4/6 9708/4/6
f 9708/5/6 9699/5/6 9709/5/6
f 9709/5/6 9699/5/6 9710/5/6
f 9706/5/6 9707/5/6 9711/5/6
f 9705/5/6 9706/5/6 9711/5/6
f 9709/3/6 9710/3/6 9711/3/6
f 9708/5/6 9709/5/6 9711/5/6
f 9707/5/6 9708/5/6 9711/5/6
f 9711/3/6 9710/3/6 9712/3/6
f 9695/5/6 9705/5/6 9713/5/6
f 9705/5/6 9711/5/6 9713/5/6
f 9713/5/6 9711/5/6 9714/5/6
f 9714/5/6 9711/5/6 9715/5/6
f 9715/5/6 9711/5/6 9716/5/6
f 9714/5/6 9715/5/6 9718/5/6
f 9718/5/6 9715/5/6 9719/5/6
f 9719/5/6 9715/5/6 9720/5/6
f 9717/5/6 9718/5/6 9721/5/6
f 9718/5/6 9719/5/6 9721/5/6
f 9721/5/6 9719/5/6 9722/5/6
f 9717/5/6 9721/5/6 9723/5/6
f 9723/5/6 9721/5/6 9724/5/6
f 9724/5/6 9721/5/6 9725/5/6
f 9725/5/6 9721/5/6 9726/5/6
f 9724/5/6 9725/5/6 9727/5/6
f 9727/5/6 9725/5/6 9728/5/6
f 9724/5/6 9727/5/6 9729/5/6
f 9729/5/6 9727/5/6 9730/5/6
f 9730/5/6 9727/5/6 9731/5/6
f 9731/5/6 9727/5/6 9732/5/6
f 9730/5/6 9731/5/6 9733/5/6
f 9733/5/6 9731/5/6 9734/5/6
f 9734/5/6 9731/5/6 9735/5/6
f 9735/5/6 9731/5/6 9736/5/6
f 9736/5/6 9731/5/6 9737/5/6
f 9737/5/6 9731/5/6 9738/5/6
f 9734/5/6 9735/5/6 9739/5/6
f 9735/2/6 9736/2/6 9740/2/6
f 9739/5/6 9735/5/6 9740/5/6
f 9736/5/6 9737/5/6 9741/5/6
f 9740/2/6 9736/2/6 9741/2/6
f 9741/5/6 9737/5/6 9742/5/6
f 9743/5/6 9744/5/6 9746/5/6
f 9746/5/6 9744/5/6 9747/5/6
f 9745/5/6 9746/5/6 9749/5/6
f 9747/5/6 9748/5/6 9749/5/6
f 9746/5/6 9747/5/6 9749/5/6
f 9749/5/6 9748/5/6 9750/5/6
f 9745/5/6 9749/5/6 9753/5/6
f 9753/5/6 9749/5/6 9754/5/6
f 9754/5/6 9749/5/6 9755/5/6
f 9749/12/6 9750/12/6 9756/12/6
f 9755/5/6 9749/5/6 9756/5/6
f 9750/5/6 9751/5/6 9757/5/6
f 9756/12/6 9750/12/6 9757/12/6
f 9752/5/6 9753/5/6 9759/5/6
f 9753/5/6 9754/5/6 9759/5/6
f 9754/2/6 9755/2/6 9760/2/6
f 9759/5/6 9754/5/6 9760/5/6
f 9755/5/6 9756/5/6 9761/5/6
f 9760/2/6 9755/2/6 9761/2/6
f 9756/5/6 9757/5/6 9761/5/6
f 9757/5/6 9751/5/6 9762/5/6
f 9761/5/6 9757/5/6 9762/5/6
f 9762/5/6 9751/5/6 9763/5/6
f 9763/5/6 9751/5/6 9764/5/6
f 9759/5/6 9760/5/6 9767/5/6
f 9758/5/6 9759/5/6 9767/5/6
f 9767/5/6 9760/5/6 9768/5/6
f 9768/5/6 9760/5/6 9769/5/6
f 9764/5/6 9765/5/6 9770/5/6
f 9763/5/6 9764/5/6 9770/5/6
f 9770/5/6 9765/5/6 9771/5/6
f 9766/5/6 9767/5/6 9774/5/6
f 9767/5/6 9768/5/6 9774/5/6
f 9774/5/6 9768/5/6 9775/5/6
f 9775/5/6 9768/5/6 9776/5/6
f 9776/5/6 9768/5/6 9777/5/6
f 9768/12/6 9769/12/6 9778/12/6
f 9777/5/6 9768/5/6 9778/5/6
f 9769/5/6 9760/5/6 9779/5/6
f 9778/12/6 9769/12/6 9779/12/6
f 9760/12/6 9761/12/6 9780/12/6
f 9779/5/6 9760/5/6 9780/5/6
f 9761/5/6 9762/5/6 9781/5/6
f 9780/12/6 9761/12/6 9781/12/6
f 9781/5/6 9762/5/6 9782/5/6
f 9762/12/6 9763/12/6 9783/12/6
f 9782/5/6 9762/5/6 9783/5/6
f 9763/5/6 9770/5/6 9784/5/6
f 9783/12/6 9763/12/6 9784/12/6
f 9773/5/6 9774/5/6 9786/5/6
f 9774/4/6 9775/4/6 9787/4/6
f 9786/5/6 9774/5/6 9787/5/6
f 9775/5/6 9776/5/6 9788/5/6
f 9787/4/6 9775/4/6 9788/4/6
f 9776/12/6 9777/12/6 9789/12/6
f 9788/5/6 9776/5/6 9789/5/6
f 9777/5/6 9778/5/6 9790/5/6
f 9789/12/6 9777/12/6 9790/12/6
f 9778/5/6 9779/5/6 9790/5/6
f 9779/5/6 9780/5/6 9790/5/6
f 9780/5/6 9781/5/6 9790/5/6
f 9790/5/6 9781/5/6 9791/5/6
f 9781/12/6 9782/12/6 9792/12/6
f 9791/5/6 9781/5/6 9792/5/6
f 9783/5/6 9784/5/6 9793/5/6
f 9792/12/6 9782/12/6 9793/12/6
f 9782/5/6 9783/5/6 9793/5/6
f 9793/5/6 9784/5/6 9794/5/6
f 9771/12/6 9772/12/6 9795/12/6
f 9794/5/6 9784/5/6 9795/5/6
f 9770/12/6 9771/12/6 9795/12/6
f 9784/5/6 9770/5/6 9795/5/6
f 9795/12/6 9772/12/6 9796/12/6
f 9796/12/6 9772/12/6 9797/12/6
f 9788/5/6 9789/5/6 9799/5/6
f 9787/5/6 9788/5/6 9799/5/6
f 9790/5/6 9791/5/6 9799/5/6
f 9789/5/6 9790/5/6 9799/5/6
f 9786/5/6 9787/5/6 9799/5/6
f 9785/5/6 9786/5/6 9799/5/6
f 9799/5/6 9791/5/6 9800/5/6
f 9800/5/6 9791/5/6 9801/5/6
f 9791/12/6 9792/12/6 9802/12/6
f 9793/5/6 9794/5/6 9803/5/6
f 9802/12/6 9792/12/6 9803/12/6
f 9792/5/6 9793/5/6 9803/5/6
f 9803/5/6 9794/5/6 9804/5/6
f 9796/5/6 9797/5/6 9805/5/6
f 9795/12/6 9796/12/6 9805/12/6
f 9794/12/6 9795/12/6 9805/12/6
f 9805/5/6 9797/5/6 9806/5/6
f 9798/5/6 9799/5/6 9808/5/6
f 9799/5/6 9800/5/6 9808/5/6
f 9801/5/6 9791/5/6 9809/5/6
f 9791/12/6 9802/12/6 9809/12/6
f 9802/5/6 9803/5/6 9810/5/6
f 9809/12/6 9802/12/6 9810/12/6
f 9804/5/6 9794/5/6 9811/5/6
f 9805/12/6 9806/12/6 9811/12/6
f 9794/12/6 9805/12/6 9811/12/6
f 9811/12/6 9806/12/6 9812/12/6
f 9812/12/6 9806/12/6 9813/12/6
f 9813/12/6 9806/12/6 9814/12/6
f 9814/12/6 9806/12/6 9815/12/6
f 9807/5/6 9808/5/6 9818/5/6
f 9808/5/6 9800/5/6 9819/5/6
f 9818/5/6 9808/5/6 9819/5/6
f 9819/5/6 9800/5/6 9820/5/6
f 9800/12/6 9801/12/6 9821/12/6
f 9820/5/6 9800/5/6 9821/5/6
f 9801/5/6 9809/5/6 9822/5/6
f 9821/12/6 9801/12/6 9822/12/6
f 9809/5/6 9810/5/6 9822/5/6
f 9810/5/6 9803/5/6 9823/5/6
f 9822/5/6 9810/5/6 9823/5/6
f 9804/5/6 9811/5/6 9824/5/6
f 9811/5/6 9812/5/6 9824/5/6
f 9812/12/6 9813/12/6 9825/12/6
f 9824/5/6 9812/5/6 9825/5/6
f 9813/5/6 9814/5/6 9826/5/6
f 9825/12/6 9813/12/6 9826/12/6
f 9814/12/6 9815/12/6 9827/12/6
f 9826/5/6 9814/5/6 9827/5/6
f 9815/12/6 9816/12/6 9827/12/6
f 9827/12/6 9816/12/6 9828/12/6
f 9828/12/6 9816/12/6 9829/12/6
f 9817/5/6 9818/5/6 9830/5/6
f 9819/12/6 9820/12/6 9830/12/6
f 9818/5/6 9819/5/6 9830/5/6
f 9821/5/6 9822/5/6 9831/5/6
f 9830/12/6 9820/12/6 9831/12/6
f 9820/5/6 9821/5/6 9831/5/6
f 9831/5/6 9822/5/6 9832/5/6
f 9832/5/6 9822/5/6 9833/5/6
f 9822/12/6 9823/12/6 9834/12/6
f 9833/5/6 9822/5/6 9834/5/6
f 9823/5/6 9803/5/6 9835/5/6
f 9834/12/6 9823/12/6 9835/12/6
f 9803/12/6 9804/12/6 9836/12/6
f 9835/5/6 9803/5/6 9836/5/6
f 9804/5/6 9824/5/6 9837/5/6
f 9836/12/6 9804/12/6 9837/12/6
f 9825/12/6 9826/12/6 9838/12/6
f 9826/12/6 9827/12/6 9838/12/6
f 9824/12/6 9825/12/6 9838/12/6
f 9827/12/6 9828/12/6 9838/12/6
f 9838/12/6 9828/12/6 9839/12/6
f 9828/5/6 9829/5/6 9840/5/6
f 9839/12/6 9828/12/6 9840/12/6
f 9840/5/6 9829/5/6 9841/5/6
f 9817/5/6 9830/5/6 9844/5/6
f 9831/5/6 9832/5/6 9844/5/6
f 9830/5/6 9831/5/6 9844/5/6
f 9832/12/6 9833/12/6 9845/12/6
f 9844/5/6 9832/5/6 9845/5/6
f 9834/5/6 9835/5/6 9846/5/6
f 9845/12/6 9833/12/6 9846/12/6
f 9836/5/6 9837/5/6 9846/5/6
f 9833/5/6 9834/5/6 9846/5/6
f 9835/5/6 9836/5/6 9846/5/6
f 9846/5/6 9837/5/6 9847/5/6
f 9837/5/6 9824/5/6 9848/5/6
f 9847/5/6 9837/5/6 9848/5/6
f 9824/12/6 9838/12/6 9848/12/6
f 9838/5/6 9839/5/6 9849/5/6
f 9848/12/6 9838/12/6 9849/12/6
f 9841/12/6 9842/12/6 9850/12/6
f 9849/5/6 9839/5/6 9850/5/6
f 9840/12/6 9841/12/6 9850/12/6
f 9839/12/6 9840/12/6 9850/12/6
f 9850/12/6 9842/12/6 9851/12/6
f 9851/12/6 9842/12/6 9852/12/6
f 9846/5/6 9847/5/6 9854/5/6
f 9844/5/6 9845/5/6 9854/5/6
f 9843/5/6 9844/5/6 9854/5/6
f 9845/5/6 9846/5/6 9854/5/6
f 9854/5/6 9847/5/6 9855/5/6
f 9855/5/6 9847/5/6 9856/5/6
f 9856/5/6 9847/5/6 9857/5/6
f 9857/5/6 9847/5/6 9858/5/6
f 9858/5/6 9847/5/6 9859/5/6
f 9859/5/6 9847/5/6 9860/5/6
f 9860/5/6 9847/5/6 9861/5/6
f 9848/12/6 9849/12/6 9862/12/6
f 9861/5/6 9847/5/6 9862/5/6
f 9850/12/6 9851/12/6 9862/12/6
f 9847/12/6 9848/12/6 9862/12/6
f 9849/12/6 9850/12/6 9862/12/6
f 9862/12/6 9851/12/6 9863/12/6
f 9863/12/6 9851/12/6 9864/12/6
f 9851/5/6 9852/5/6 9865/5/6
f 9864/12/6 9851/12/6 9865/12/6
f 9852/12/6 9842/12/6 9866/12/6
f 9865/5/6 9852/5/6 9866/5/6
f 9866/12/6 9842/12/6 9867/12/6
f 9867/12/6 9842/12/6 9868/12/6
f 9853/5/6 9854/5/6 9870/5/6
f 9854/5/6 9855/5/6 9870/5/6
f 9870/5/6 9855/5/6 9871/5/6
f 9871/5/6 9855/5/6 9872/5/6
f 9855/12/6 9856/12/6 9873/12/6
f 9872/5/6 9855/5/6 9873/5/6
f 9856/5/6 9857/5/6 9874/5/6
f 9873/12/6 9856/12/6 9874/12/6
f 9874/5/6 9857/5/6 9875/5/6
f 9857/12/6 9858/12/6 9876/12/6
f 9875/5/6 9857/5/6 9876/5/6
f 9858/5/6 9859/5/6 9877/5/6
f 9876/12/6 9858/12/6 9877/12/6
f 9859/12/6 9860/12/6 9878/12/6
f 9877/5/6 9859/5/6 9878/5/6
f 9860/5/6 9861/5/6 9879/5/6
f 9878/12/6 9860/12/6 9879/12/6
f 9861/12/6 9862/12/6 9880/12/6
f 9879/5/6 9861/5/6 9880/5/6
f 9862/12/6 9863/12/6 9880/12/6
f 9880/12/6 9863/12/6 9881/12/6
f 9881/12/6 9863/12/6 9882/12/6
f 9863/5/6 9864/5/6 9883/5/6
f 9882/12/6 9863/12/6 9883/12/6
f 9864/12/6 9865/12/6 9884/12/6
f 9883/5/6 9864/5/6 9884/5/6
f 9865/12/6 9866/12/6 9884/12/6
f 9866/12/6 9867/12/6 9884/12/6
f 9867/5/6 9868/5/6 9885/5/6
f 9884/12/6 9867/12/6 9885/12/6
f 9885/5/6 9868/5/6 9886/5/6
f 9869/5/6 9870/5/6 9888/5/6
f 9870/5/6 9871/5/6 9888/5/6
f 9871/12/6 9872/12/6 9889/12/6
f 9888/5/6 9871/5/6 9889/5/6
f 9874/5/6 9875/5/6 9890/5/6
f 9889/12/6 9872/12/6 9890/12/6
f 9872/5/6 9873/5/6 9890/5/6
f 9873/5/6 9874/5/6 9890/5/6
f 9875/6/6 9876/6/6 9891/6/6
f 9890/5/6 9875/5/6 9891/5/6
f 9877/12/6 9878/12/6 9892/12/6
f 9891/6/6 9876/6/6 9892/6/6
f 9876/12/6 9877/12/6 9892/12/6
f 9892/12/6 9878/12/6 9893/12/6
f 9878/5/6 9879/5/6 9894/5/6
f 9893/12/6 9878/12/6 9894/12/6
f 9880/12/6 9881/12/6 9895/12/6
f 9894/5/6 9879/5/6 9895/5/6
f 9879/12/6 9880/12/6 9895/12/6
f 9895/12/6 9881/12/6 9896/12/6
f 9881/5/6 9882/5/6 9897/5/6
f 9896/12/6 9881/12/6 9897/12/6
f 9882/12/6 9883/12/6 9898/12/6
f 9897/5/6 9882/5/6 9898/5/6
f 9885/12/6 9886/12/6 9898/12/6
f 9883/12/6 9884/12/6 9898/12/6
f 9884/12/6 9885/12/6 9898/12/6
f 9898/12/6 9886/12/6 9899/12/6
f 9899/12/6 9886/12/6 9900/12/6
f 9900/12/6 9886/12/6 9901/12/6
f 9890/5/6 9891/5/6 9903/5/6
f 9889/5/6 9890/5/6 9903/5/6
f 9888/5/6 9889/5/6 9903/5/6
f 9887/5/6 9888/5/6 9903/5/6
f 9891/5/6 9892/5/6 9903/5/6
f 9903/5/6 9892/5/6 9904/5/6
f 9892/12/6 9893/12/6 9905/12/6
f 9904/5/6 9892/5/6 9905/5/6
f 9893/5/6 9894/5/6 9906/5/6
f 9905/12/6 9893/12/6 9906/12/6
f 9895/12/6 9896/12/6 9907/12/6
f 9906/5/6 9894/5/6 9907/5/6
f 9894/12/6 9895/12/6 9907/12/6
f 9899/12/6 9900/12/6 9908/12/6
f 9908/12/6 9900/12/6 9909/12/6
f 9902/5/6 9903/5/6 9910/5/6
f 9903/5/6 9904/5/6 9910/5/6
f 9910/5/6 9904/5/6 9911/5/6
f 9911/5/6 9904/5/6 9912/5/6
f 9912/5/6 9904/5/6 9913/5/6
f 9913/5/6 9904/5/6 9914/5/6
f 9914/5/6 9904/5/6 9915/5/6
f 9915/5/6 9904/5/6 9916/5/6
f 9904/12/6 9905/12/6 9917/12/6
f 9916/5/6 9904/5/6 9917/5/6
f 9905/2/6 9906/2/6 9918/2/6
f 9917/12/6 9905/12/6 9918/12/6
f 9906/12/6 9907/12/6 9919/12/6
f 9918/2/6 9906/2/6 9919/2/6
f 9907/12/6 9896/12/6 9920/12/6
f 9919/12/6 9907/12/6 9920/12/6
f 9896/5/6 9897/5/6 9921/5/6
f 9920/12/6 9896/12/6 9921/12/6
f 9897/12/6 9898/12/6 9922/12/6
f 9921/5/6 9897/5/6 9922/5/6
f 9898/5/6 9899/5/6 9923/5/6
f 9922/12/6 9898/12/6 9923/12/6
f 9899/12/6 9908/12/6 9924/12/6
f 9923/5/6 9899/5/6 9924/5/6
f 9908/5/6 9909/5/6 9925/5/6
f 9924/12/6 9908/12/6 9925/12/6
f 9909/12/6 9900/12/6 9926/12/6
f 9925/5/6 9909/5/6 9926/5/6
f 9902/5/6 9910/5/6 9928/5/6
f 9910/12/6 9911/12/6 9929/12/6
f 9928/5/6 9910/5/6 9929/5/6
f 9911/5/6 9912/5/6 9930/5/6
f 9929/12/6 9911/12/6 9930/12/6
f 9912/12/6 9913/12/6 9931/12/6
f 9930/5/6 9912/5/6 9931/5/6
f 9913/5/6 9914/5/6 9932/5/6
f 9931/12/6 9913/12/6 9932/12/6
f 9914/12/6 9915/12/6 9933/12/6
f 9932/5/6 9914/5/6 9933/5/6
f 9915/5/6 9916/5/6 9934/5/6
f 9933/12/6 9915/12/6 9934/12/6
f 9934/5/6 9916/5/6 9935/5/6
f 9916/12/6 9917/12/6 9936/12/6
f 9935/5/6 9916/5/6 9936/5/6
f 9919/5/6 9920/5/6 9937/5/6
f 9936/12/6 9917/12/6 9937/12/6
f 9918/5/6 9919/5/6 9937/5/6
f 9917/5/6 9918/5/6 9937/5/6
f 9937/5/6 9920/5/6 9938/5/6
f 9924/12/6 9925/12/6 9939/12/6
f 9938/5/6 9920/5/6 9939/5/6
f 9921/12/6 9922/12/6 9939/12/6
f 9920/12/6 9921/12/6 9939/12/6
f 9925/12/6 9926/12/6 9939/12/6
f 9923/12/6 9924/12/6 9939/12/6
f 9922/12/6 9923/12/6 9939/12/6
f 9926/12/6 9900/12/6 9940/12/6
f 9939/12/6 9926/12/6 9940/12/6
f 9940/12/6 9900/12/6 9941/12/6
f 9929/5/6 9930/5/6 9943/5/6
f 9927/5/6 9928/5/6 9943/5/6
f 9928/5/6 9929/5/6 9943/5/6
f 9930/12/6 9931/12/6 9944/12/6
f 9943/5/6 9930/5/6 9944/5/6
f 9934/5/6 9935/5/6 9945/5/6
f 9944/12/6 9931/12/6 9945/12/6
f 9933/5/6 9934/5/6 9945/5/6
f 9931/5/6 9932/5/6 9945/5/6
f 9932/5/6 9933/5/6 9945/5/6
f 9945/5/6 9935/5/6 9946/5/6
f 9946/5/6 9935/5/6 9947/5/6
f 9935/12/6 9936/12/6 9948/12/6
f 9947/5/6 9935/5/6 9948/5/6
f 9948/12/6 9936/12/6 9949/12/6
f 9937/5/6 9938/5/6 9950/5/6
f 9949/12/6 9936/12/6 9950/12/6
f 9936/5/6 9937/5/6 9950/5/6
f 9950/5/6 9938/5/6 9951/5/6
f 9951/5/6 9938/5/6 9952/5/6
f 9939/12/6 9940/12/6 9953/12/6
f 9952/5/6 9938/5/6 9953/5/6
f 9938/12/6 9939/12/6 9953/12/6
f 9953/12/6 9940/12/6 9954/12/6
f 9954/12/6 9940/12/6 9955/12/6
f 9940/5/6 9941/5/6 9956/5/6
f 9955/12/6 9940/12/6 9956/12/6
f 9956/5/6 9941/5/6 9957/5/6
f 9943/5/6 9944/5/6 9959/5/6
f 9942/5/6 9943/5/6 9959/5/6
f 9944/5/6 9945/5/6 9959/5/6
f 9945/5/6 9946/5/6 9959/5/6
f 9959/5/6 9946/5/6 9960/5/6
f 9946/12/6 9947/12/6 9961/12/6
f 9960/5/6 9946/5/6 9961/5/6
f 9948/5/6 9949/5/6 9962/5/6
f 9961/12/6 9947/12/6 9962/12/6
f 9947/5/6 9948/5/6 9962/5/6
f 9962/5/6 9949/5/6 9963/5/6
f 9949/12/6 9950/12/6 9964/12/6
f 9963/5/6 9949/5/6 9964/5/6
f 9950/3/6 9951/3/6 9965/3/6
f 9964/12/6 9950/12/6 9965/12/6
f 9951/5/6 9952/5/6 9966/5/6
f 9965/3/6 9951/3/6 9966/3/6
f 9953/12/6 9954/12/6 9967/12/6
f 9966/5/6 9952/5/6 9967/5/6
f 9952/12/6 9953/12/6 9967/12/6
f 9954/5/6 9955/5/6 9968/5/6
f 9967/12/6 9954/12/6 9968/12/6
f 9956/12/6 9957/12/6 9969/12/6
f 9968/5/6 9955/5/6 9969/5/6
f 9955/12/6 9956/12/6 9969/12/6
f 9959/5/6 9960/5/6 9971/5/6
f 9958/5/6 9959/5/6 9971/5/6
f 9971/5/6 9960/5/6 9972/5/6
f 9972/5/6 9960/5/6 9973/5/6
f 9973/5/6 9960/5/6 9974/5/6
f 9960/12/6 9961/12/6 9975/12/6
f 9974/5/6 9960/5/6 9975/5/6
f 9961/5/6 9962/5/6 9976/5/6
f 9975/12/6 9961/12/6 9976/12/6
f 9962/12/6 9963/12/6 9977/12/6
f 9976/5/6 9962/5/6 9977/5/6
f 9964/5/6 9965/5/6 9978/5/6
f 9977/12/6 9963/12/6 9978/12/6
f 9963/5/6 9964/5/6 9978/5/6
f 9978/5/6 9965/5/6 9979/5/6
f 9968/12/6 9969/12/6 9980/12/6
f 9979/5/6 9965/5/6 9980/5/6
f 9967/12/6 9968/12/6 9980/12/6
f 9966/12/6 9967/12/6 9980/12/6
f 9965/12/6 9966/12/6 9980/12/6
f 9980/12/6 9969/12/6 9981/12/6
f 9981/12/6 9969/12/6 9982/12/6
f 9982/12/6 9969/12/6 9983/12/6
f 9983/12/6 9969/12/6 9984/12/6
f 9969/12/6 9957/12/6 9985/12/6
f 9984/12/6 9969/12/6 9985/12/6
f 9985/12/6 9957/12/6 9986/12/6
f 9986/12/6 9957/12/6 9987/12/6
f 9987/12/6 9957/12/6 9988/12/6
f 9971/5/6 9972/5/6 9989/5/6
f 9972/12/6 9973/12/6 9989/12/6
f 9970/5/6 9971/5/6 9989/5/6
f 9973/5/6 9974/5/6 9990/5/6
f 9989/12/6 9973/12/6 9990/12/6
f 9990/5/6 9974/5/6 9991/5/6
f 9974/12/6 9975/12/6 9992/12/6
f 9991/5/6 9974/5/6 9992/5/6
f 9978/5/6 9979/5/6 9993/5/6
f 9992/12/6 9975/12/6 9993/12/6
f 9976/5/6 9977/5/6 9993/5/6
f 9977/5/6 9978/5/6 9993/5/6
f 9975/5/6 9976/5/6 9993/5/6
f 9993/5/6 9979/5/6 9994/5/6
f 9994/5/6 9979/5/6 9995/5/6
f 9979/12/6 9980/12/6 9996/12/6
f 9995/5/6 9979/5/6 9996/5/6
f 9980/12/6 9981/12/6 9996/12/6
f 9996/12/6 9981/12/6 9997/12/6
f 9981/5/6 9982/5/6 9998/5/6
f 9997/12/6 9981/12/6 9998/12/6
f 9983/5/6 9984/5/6 9999/5/6
f 9982/12/6 9983/12/6 9999/12/6
f 9984/12/6 9985/12/6 10000/12/6
f 9999/5/6 9984/5/6 10000/5/6
f 9986/12/6 9987/12/6 10001/12/6
f 10001/12/6 9987/12/6 10002/12/6
f 10002/12/6 9987/12/6 10003/12/6
f 10003/12/6 9987/12/6 10004/12/6
f 9970/5/6 9989/5/6 10005/5/6
f 9989/5/6 9990/5/6 10005/5/6
f 10005/5/6 9990/5/6 10006/5/6
f 10006/5/6 9990/5/6 10007/5/6
f 9990/12/6 9991/12/6 10008/12/6
f 10007/5/6 9990/5/6 10008/5/6
f 9991/5/6 9992/5/6 10009/5/6
f 10008/12/6 9991/12/6 10009/12/6
f 9992/5/6 9993/5/6 10009/5/6
f 10009/5/6 9993/5/6 10010/5/6
f 9993/12/6 9994/12/6 10011/12/6
f 10010/5/6 9993/5/6 10011/5/6
f 9997/5/6 9998/5/6 10012/5/6
f 9996/12/6 9997/12/6 10012/12/6
f 9995/12/6 9996/12/6 10012/12/6
f 9998/5/6 9982/5/6 10013/5/6
f 10012/5/6 9998/5/6 10013/5/6
f 9982/12/6 9999/12/6 10013/12/6
f 9999/12/6 10000/12/6 10013/12/6
f 10000/12/6 9985/12/6 10014/12/6
f 10013/12/6 10000/12/6 10014/12/6
f 9985/9/6 9986/9/6 10015/9/6
f 10014/12/6 9985/12/6 10015/12/6
f 9986/12/6 10001/12/6 10016/12/6
f 10015/9/6 9986/9/6 10016/9/6
f 10001/5/6 10002/5/6 10017/5/6
f 10016/12/6 10001/12/6 10017/12/6
f 10002/12/6 10003/12/6 10018/12/6
f 10017/5/6 10002/5/6 10018/5/6
f 10003/5/6 10004/5/6 10019/5/6
f 10018/12/6 10003/12/6 10019/12/6
f 10004/12/6 9987/12/6 10020/12/6
f 10019/5/6 10004/5/6 10020/5/6
f 9970/5/6 10005/5/6 10021/5/6
f 10005/12/6 10006/12/6 10021/12/6
f 10006/5/6 10007/5/6 10022/5/6
f 10021/12/6 10006/12/6 10022/12/6
f 10007/12/6 10008/12/6 10023/12/6
f 10022/5/6 10007/5/6 10023/5/6
f 10009/5/6 10010/5/6 10024/5/6
f 10023/12/6 10008/12/6 10024/12/6
f 10008/5/6 10009/5/6 10024/5/6
f 10024/5/6 10010/5/6 10025/5/6
f 10010/12/6 10011/12/6 10026/12/6
f 10025/5/6 10010/5/6 10026/5/6
f 10011/12/6 9994/12/6 10027/12/6
f 10026/12/6 10011/12/6 10027/12/6
f 9995/12/6 10012/12/6 10028/12/6
f 10012/12/6 10013/12/6 10028/12/6
f 10013/12/6 10014/12/6 10028/12/6
f 10028/12/6 10014/12/6 10029/12/6
f 10014/5/6 10015/5/6 10030/5/6
f 10029/12/6 10014/12/6 10030/12/6
f 10018/12/6 10019/12/6 10031/12/6
f 10030/5/6 10015/5/6 10031/5/6
f 10017/12/6 10018/12/6 10031/12/6
f 10019/12/6 10020/12/6 10031/12/6
f 10015/12/6 10016/12/6 10031/12/6
f 10016/12/6 10017/12/6 10031/12/6
f 10021/5/6 10022/5/6 10033/5/6
f 10023/5/6 10024/5/6 10033/5/6
f 9970/5/6 10021/5/6 10033/5/6
f 10022/5/6 10023/5/6 10033/5/6
f 10033/5/6 10024/5/6 10034/5/6
f 10034/5/6 10024/5/6 10035/5/6
f 10035/5/6 10024/5/6 10036/5/6
f 10024/12/6 10025/12/6 10037/12/6
f 10036/5/6 10024/5/6 10037/5/6
f 10026/5/6 10027/5/6 10038/5/6
f 10025/5/6 10026/5/6 10038/5/6
f 10027/12/6 9994/12/6 10039/12/6
f 10038/5/6 10027/5/6 10039/5/6
f 9994/5/6 9995/5/6 10040/5/6
f 10039/12/6 9994/12/6 10040/12/6
f 9995/12/6 10028/12/6 10041/12/6
f 10040/5/6 9995/5/6 10041/5/6
f 10028/5/6 10029/5/6 10042/5/6
f 10041/12/6 10028/12/6 10042/12/6
f 10029/12/6 10030/12/6 10043/12/6
f 10042/5/6 10029/5/6 10043/5/6
f 10030/12/6 10031/12/6 10043/12/6
f 10043/12/6 10031/12/6 10044/12/6
f 10044/12/6 10031/12/6 10045/12/6
f 10045/12/6 10031/12/6 10046/12/6
f 10031/12/6 10020/12/6 10047/12/6
f 10046/12/6 10031/12/6 10047/12/6
f 10020/12/6 9987/12/6 10048/12/6
f 10047/12/6 10020/12/6 10048/12/6
f 10048/12/6 9987/12/6 10049/12/6
f 10032/5/6 10033/5/6 10050/5/6
f 10033/5/6 10034/5/6 10050/5/6
f 10034/12/6 10035/12/6 10051/12/6
f 10050/5/6 10034/5/6 10051/5/6
f 10051/12/6 10035/12/6 10052/12/6
f 10035/5/6 10036/5/6 10053/5/6
f 10052/12/6 10035/12/6 10053/12/6
f 10036/12/6 10037/12/6 10054/12/6
f 10053/5/6 10036/5/6 10054/5/6
f 10037/12/6 10025/12/6 10055/12/6
f 10054/12/6 10037/12/6 10055/12/6
f 10025/5/6 10038/5/6 10056/5/6
f 10055/12/6 10025/12/6 10056/12/6
f 10041/12/6 10042/12/6 10057/12/6
f 10056/5/6 10038/5/6 10057/5/6
f 10039/12/6 10040/12/6 10057/12/6
f 10040/12/6 10041/12/6 10057/12/6
f 10038/12/6 10039/12/6 10057/12/6
f 10043/12/6 10044/12/6 10057/12/6
f 10042/12/6 10043/12/6 10057/12/6
f 10044/5/6 10045/5/6 10058/5/6
f 10057/12/6 10044/12/6 10058/12/6
f 10045/12/6 10046/12/6 10059/12/6
f 10058/5/6 10045/5/6 10059/5/6
f 10046/5/6 10047/5/6 10060/5/6
f 10059/12/6 10046/12/6 10060/12/6
f 10047/12/6 10048/12/6 10061/12/6
f 10060/5/6 10047/5/6 10061/5/6
f 10061/12/6 10048/12/6 10062/12/6
f 10062/12/6 10048/12/6 10063/12/6
f 10050/12/6 10051/12/6 10064/12/6
f 10051/12/6 10052/12/6 10064/12/6
f 10052/5/6 10053/5/6 10065/5/6
f 10064/12/6 10052/12/6 10065/12/6
f 10054/12/6 10055/12/6 10066/12/6
f 10065/5/6 10053/5/6 10066/5/6
f 10053/12/6 10054/12/6 10066/12/6
f 10066/12/6 10055/12/6 10067/12/6
f 10055/5/6 10056/5/6 10068/5/6
f 10067/12/6 10055/12/6 10068/12/6
f 10057/12/6 10058/12/6 10069/12/6
f 10068/5/6 10056/5/6 10069/5/6
f 10058/12/6 10059/12/6 10069/12/6
f 10060/12/6 10061/12/6 10069/12/6
f 10056/12/6 10057/12/6 10069/12/6
f 10059/12/6 10060/12/6 10069/12/6
f 10061/12/6 10062/12/6 10069/12/6
f 10069/12/6 10062/12/6 10070/12/6
f 10070/12/6 10062/12/6 10071/12/6
f 10032/5/6 10050/5/6 10072/5/6
f 10072/5/6 10050/5/6 10073/5/6
f 10064/5/6 10065/5/6 10074/5/6
f 10066/5/6 10067/5/6 10074/5/6
f 10065/5/6 10066/5/6 10074/5/6
f 10050/12/6 10064/12/6 10074/12/6
f 10074/5/6 10067/5/6 10075/5/6
f 10075/5/6 10067/5/6 10076/5/6
f 10067/12/6 10068/12/6 10077/12/6
f 10076/5/6 10067/5/6 10077/5/6
f 10069/12/6 10070/12/6 10077/12/6
f 10068/12/6 10069/12/6 10077/12/6
f 10077/12/6 10070/12/6 10078/12/6
f 10078/12/6 10070/12/6 10079/12/6
f 10079/12/6 10070/12/6 10080/12/6
f 10080/12/6 10070/12/6 10081/12/6
f 10081/12/6 10070/12/6 10082/12/6
f 10082/12/6 10070/12/6 10083/12/6
f 10032/5/6 10072/5/6 10084/5/6
f 10072/12/6 10073/12/6 10085/12/6
f 10084/5/6 10072/5/6 10085/5/6
f 10073/5/6 10050/5/6 10086/5/6
f 10074/12/6 10075/12/6 10086/12/6
f 10050/12/6 10074/12/6 10086/12/6
f 10086/12/6 10075/12/6 10087/12/6
f 10087/12/6 10075/12/6 10088/12/6
f 10075/5/6 10076/5/6 10089/5/6
f 10088/12/6 10075/12/6 10089/12/6
f 10076/12/6 10077/12/6 10090/12/6
f 10089/5/6 10076/5/6 10090/5/6
f 10077/12/6 10078/12/6 10090/12/6
f 10078/5/6 10079/5/6 10091/5/6
f 10090/12/6 10078/12/6 10091/12/6
f 10079/12/6 10080/12/6 10092/12/6
f 10091/5/6 10079/5/6 10092/5/6
f 10080/5/6 10081/5/6 10093/5/6
f 10092/12/6 10080/12/6 10093/12/6
f 10081/12/6 10082/12/6 10094/12/6
f 10093/5/6 10081/5/6 10094/5/6
f 10094/12/6 10082/12/6 10095/12/6
f 10095/12/6 10082/12/6 10096/12/6
f 10032/5/6 10084/5/6 10097/5/6
f 10084/12/6 10085/12/6 10098/12/6
f 10097/5/6 10084/5/6 10098/5/6
f 10098/12/6 10085/12/6 10099/12/6
f 10085/12/6 10073/12/6 10100/12/6
f 10099/12/6 10085/12/6 10100/12/6
f 10087/12/6 10088/12/6 10101/12/6
f 10086/5/6 10087/5/6 10101/5/6
f 10088/5/6 10089/5/6 10102/5/6
f 10101/12/6 10088/12/6 10102/12/6
f 10089/12/6 10090/12/6 10103/12/6
f 10102/5/6 10089/5/6 10103/5/6
f 10090/12/6 10091/12/6 10103/12/6
f 10091/6/6 10092/6/6 10104/6/6
f 10103/12/6 10091/12/6 10104/12/6
f 10092/12/6 10093/12/6 10105/12/6
f 10104/6/6 10092/6/6 10105/6/6
f 10093/12/6 10094/12/6 10105/12/6
f 10094/12/6 10095/12/6 10105/12/6
f 10105/12/6 10095/12/6 10106/12/6
f 10106/12/6 10095/12/6 10107/12/6
f 10098/12/6 10099/12/6 10108/12/6
f 10099/5/6 10100/5/6 10108/5/6
f 10100/12/6 10073/12/6 10109/12/6
f 10108/5/6 10100/5/6 10109/5/6
f 10086/5/6 10101/5/6 10110/5/6
f 10101/5/6 10102/5/6 10110/5/6
f 10073/5/6 10086/5/6 10110/5/6
f 10103/12/6 10104/12/6 10111/12/6
f 10110/5/6 10102/5/6 10111/5/6
f 10105/12/6 10106/12/6 10111/12/6
f 10102/12/6 10103/12/6 10111/12/6
f 10104/12/6 10105/12/6 10111/12/6
f 10111/12/6 10106/12/6 10112/12/6
f 10112/12/6 10106/12/6 10113/12/6
f 10113/12/6 10106/12/6 10114/12/6
f 10114/12/6 10106/12/6 10115/12/6
f 10098/12/6 10108/12/6 10116/12/6
f 10108/12/6 10109/12/6 10116/12/6
f 10073/5/6 10110/5/6 10117/5/6
f 10116/12/6 10109/12/6 10117/12/6
f 10109/12/6 10073/12/6 10117/12/6
f 10110/12/6 10111/12/6 10118/12/6
f 10117/5/6 10110/5/6 10118/5/6
f 10111/12/6 10112/12/6 10118/12/6
f 10118/12/6 10112/12/6 10119/12/6
f 10112/5/6 10113/5/6 10120/5/6
f 10119/12/6 10112/12/6 10120/12/6
f 10113/12/6 10114/12/6 10121/12/6
f 10120/5/6 10113/5/6 10121/5/6
f 10121/12/6 10114/12/6 10122/12/6
f 10122/12/6 10114/12/6 10123/12/6
f 10123/12/6 10114/12/6 10124/12/6
f 10124/12/6 10114/12/6 10125/12/6
f 10098/12/6 10116/12/6 10126/12/6
f 10118/5/6 10119/5/6 10127/5/6
f 10126/12/6 10116/12/6 10127/12/6
f 10116/5/6 10117/5/6 10127/5/6
f 10117/5/6 10118/5/6 10127/5/6
f 10127/5/6 10119/5/6 10128/5/6
f 10128/5/6 10119/5/6 10129/5/6
f 10119/12/6 10120/12/6 10130/12/6
f 10129/5/6 10119/5/6 10130/5/6
f 10120/12/6 10121/12/6 10130/12/6
f 10121/12/6 10122/12/6 10130/12/6
f 10123/12/6 10124/12/6 10131/12/6
f 10131/12/6 10124/12/6 10132/12/6
f 10126/5/6 10127/5/6 10133/5/6
f 10127/12/6 10128/12/6 10134/12/6
f 10133/5/6 10127/5/6 10134/5/6
f 10134/12/6 10128/12/6 10135/12/6
f 10128/5/6 10129/5/6 10136/5/6
f 10135/12/6 10128/12/6 10136/12/6
f 10129/12/6 10130/12/6 10137/12/6
f 10130/12/6 10122/12/6 10138/12/6
f 10137/12/6 10130/12/6 10138/12/6
f 10122/5/6 10123/5/6 10139/5/6
f 10138/12/6 10122/12/6 10139/12/6
f 10123/12/6 10131/12/6 10140/12/6
f 10139/5/6 10123/5/6 10140/5/6
f 10140/12/6 10131/12/6 10141/12/6
f 10141/12/6 10131/12/6 10142/12/6
f 10135/5/6 10136/5/6 10143/5/6
f 10136/5/6 10129/5/6 10144/5/6
f 10143/5/6 10136/5/6 10144/5/6
f 10129/12/6 10137/12/6 10145/12/6
f 10144/5/6 10129/5/6 10145/5/6
f 10137/5/6 10138/5/6 10146/5/6
f 10138/12/6 10139/12/6 10147/12/6
f 10146/5/6 10138/5/6 10147/5/6
f 10140/12/6 10141/12/6 10147/12/6
f 10139/12/6 10140/12/6 10147/12/6
f 10147/12/6 10141/12/6 10148/12/6
f 10148/12/6 10141/12/6 10149/12/6
f 10149/12/6 10141/12/6 10150/12/6
f 10144/12/6 10145/12/6 10151/12/6
f 10145/12/6 10137/12/6 10152/12/6
f 10151/12/6 10145/12/6 10152/12/6
f 10137/5/6 10146/5/6 10152/5/6
f 10146/12/6 10147/12/6 10153/12/6
f 10152/5/6 10146/5/6 10153/5/6
f 10147/5/6 10148/5/6 10154/5/6
f 10153/12/6 10147/12/6 10154/12/6
f 10148/12/6 10149/12/6 10155/12/6
f 10154/5/6 10148/5/6 10155/5/6
f 10155/12/6 10149/12/6 10156/12/6
