# MagicaVoxel @ Ephtracy

# group
o 

# material
mtllib w2.mtl
usemtl palette

# normals
vn -1 0 0
vn 1 0 0
vn 0 0 1
vn 0 0 -1
vn 0 -1 0
vn 0 1 0

# texcoords
vt 0.00195312 0.5
vt 0.0136719 0.5
vt 0.0175781 0.5
vt 0.0566406 0.5
vt 0.0800781 0.5
vt 0.662109 0.5
vt 0.669922 0.5
vt 0.677734 0.5
vt 0.724609 0.5
vt 0.732422 0.5
vt 0.740234 0.5
vt 0.818359 0.5

# verts
v -12.8 0 12.8
v -12.8 0 0.900001
v -12.8 0 -12.8
v -12.8 0.1 12.8
v -12.8 0.1 11.2
v -12.8 0.1 1
v -12.8 0.1 0.900001
v -12.8 0.2 11.2
v -12.8 0.2 7.9
v -12.8 0.3 7.9
v -12.8 0.3 6.2
v -12.8 0.3 1.1
v -12.8 0.3 1
v -12.8 0.4 6.2
v -12.8 0.4 4.6
v -12.8 0.4 1.2
v -12.8 0.4 1.1
v -12.8 0.5 4.6
v -12.8 0.5 2.7
v -12.8 0.5 1.3
v -12.8 0.5 1.2
v -12.8 0.6 2.7
v -12.8 0.6 1.3
v -12.8 0.7 1.3
v -12.8 0.7 -0.7
v -12.8 0.8 -0.7
v -12.8 0.8 -2.2
v -12.8 0.9 -2.2
v -12.8 0.9 -4.1
v -12.8 1 -4.1
v -12.8 1 -5.9
v -12.8 1.1 -5.9
v -12.8 1.1 -8.3
v -12.8 1.2 -8.3
v -12.8 1.2 -12.8
v -12.6 0.9 -4
v -12.6 0.9 -4.1
v -12.6 1 -4
v -12.6 1 -4.1
v -12.5 0.7 -0.599999
v -12.5 0.7 -0.7
v -12.5 0.8 -0.599999
v -12.5 0.8 -0.7
v -12.4 0.8 -2.1
v -12.4 0.8 -2.2
v -12.4 0.9 -2.1
v -12.4 0.9 -2.2
v -11.6 0.5 2.8
v -11.6 0.5 2.7
v -11.6 0.6 2.8
v -11.6 0.6 2.7
v -11.6 0.8 -2
v -11.6 0.8 -2.1
v -11.6 0.9 -2
v -11.6 0.9 -2.1
v -10.1 0.5 2.9
v -10.1 0.5 2.8
v -10.1 0.6 2.9
v -10.1 0.6 2.8
v -8.9 0.5 3
v -8.9 0.5 2.9
v -8.9 0.6 3
v -8.9 0.6 2.9
v -6.7 0.2 6.2
v -6.7 0.2 6.1
v -6.7 0.3 6.2
v -6.7 0.3 6.1
v -3.6 0.2 6.2
v -3.6 0.2 6.1
v -3.6 0.3 6.2
v -3.6 0.3 6.1
v -0.900001 1.1 -10
v -0.900001 1.1 -10.1
v -0.900001 1.2 -10
v -0.900001 1.2 -10.1
v -0.3 0.1 6.9
v -0.3 0.1 6.8
v -0.3 0.2 6.9
v -0.3 0.2 6.8
v -0.3 1.1 -10
v -0.3 1.1 -10.1
v -0.3 1.2 -10
v -0.3 1.2 -10.1
v 0.4 0.1 7
v 0.4 0.1 6.9
v 0.4 0.2 7
v 0.4 0.2 6.9
v 0.4 0.4 2.8
v 0.4 0.4 2.7
v 0.4 0.5 2.8
v 0.4 0.5 2.7
v 0.5 0.7 -2.7
v 0.5 0.7 -2.8
v 0.5 0.8 -2.7
v 0.5 0.8 -2.8
v 0.7 0.3 3.9
v 0.7 0.3 3.8
v 0.7 0.4 3.9
v 0.7 0.4 3.8
v 1.1 0.1 7.1
v 1.1 0.1 7
v 1.1 0.2 7.1
v 1.1 0.2 7
v 1.1 0.4 2.9
v 1.1 0.4 2.8
v 1.1 0.5 2.9
v 1.1 0.5 2.8
v 1.1 1 -8.3
v 1.1 1 -8.4
v 1.1 1.1 -8.3
v 1.1 1.1 -8.4
v 1.2 0.3 4
v 1.2 0.3 3.9
v 1.2 0.4 4
v 1.2 0.4 3.9
v 1.5 0.3 4.1
v 1.5 0.3 4
v 1.5 0.4 4.1
v 1.5 0.4 4
v 1.5 0.7 -2.6
v 1.5 0.7 -2.7
v 1.5 0.8 -2.6
v 1.5 0.8 -2.7
v 1.7 0.2 5.7
v 1.7 0.2 5.6
v 1.7 0.3 5.7
v 1.7 0.3 5.6
v 1.7 1.1 -10.1
v 1.7 1.1 -10.2
v 1.7 1.2 -10.1
v 1.7 1.2 -10.2
v 1.8 0.4 3
v 1.8 0.4 2.9
v 1.8 0.5 3
v 1.8 0.5 2.9
v 1.9 0.6 -0.7
v 1.9 0.6 -0.799999
v 1.9 0.7 -0.7
v 1.9 0.7 -0.799999
v 1.9 1 -8.2
v 1.9 1 -8.3
v 1.9 1.1 -8.2
v 1.9 1.1 -8.3
v 2 0.3 4.2
v 2 0.3 4.1
v 2 0.4 4.2
v 2 0.4 4.1
v 2.5 1 -8.1
v 2.5 1 -8.2
v 2.5 1.1 -8.1
v 2.5 1.1 -8.2
v 2.6 0.2 5.8
v 2.6 0.2 5.7
v 2.6 0.3 5.8
v 2.6 0.3 5.7
v 2.7 0.3 4.3
v 2.7 0.3 4.2
v 2.7 0.4 4.3
v 2.7 0.4 4.2
v 2.8 0.1 7.2
v 2.8 0.1 7.1
v 2.8 0.2 7.2
v 2.8 0.2 7.1
v 2.8 0.4 3.1
v 2.8 0.4 3
v 2.8 0.5 3.1
v 2.8 0.5 3
v 3.1 0.2 5.9
v 3.1 0.2 5.8
v 3.1 0.3 5.9
v 3.1 0.3 5.8
v 3.2 0.2 6
v 3.2 0.2 5.9
v 3.2 0.3 6
v 3.2 0.3 5.9
v 3.2 1.1 -10
v 3.2 1.1 -10.1
v 3.2 1.2 -10
v 3.2 1.2 -10.1
v 3.3 0.3 4.4
v 3.3 0.3 4.3
v 3.3 0.4 4.4
v 3.3 0.4 4.3
v 3.3 1 -8
v 3.3 1 -8.1
v 3.3 1.1 -8
v 3.3 1.1 -8.1
v 3.4 0.1 7.3
v 3.4 0.1 7.2
v 3.4 0.2 7.3
v 3.4 0.2 7.2
v 3.4 0.2 6.1
v 3.4 0.2 6
v 3.4 0.3 6.1
v 3.4 0.3 6
v 3.4 0.9 -6.5
v 3.4 0.9 -6.6
v 3.4 1 -6.5
v 3.4 1 -6.6
v 3.6 0.2 6.2
v 3.6 0.2 6.1
v 3.6 0.3 6.2
v 3.6 0.3 6.1
v 3.6 0.7 -2.5
v 3.6 0.7 -2.6
v 3.6 0.8 -2.5
v 3.6 0.8 -2.6
v 3.7 0.6 -0.599999
v 3.7 0.6 -0.7
v 3.7 0.7 -0.599999
v 3.7 0.7 -0.7
v 3.8 0.2 6.3
v 3.8 0.2 6.2
v 3.8 0.3 6.3
v 3.8 0.3 6.2
v 4 1 -7.9
v 4 1 -8
v 4 1.1 -7.9
v 4 1.1 -8
v 4.1 0.1 7.4
v 4.1 0.1 7.3
v 4.1 0.2 7.4
v 4.1 0.2 7.3
v 4.1 0.2 6.4
v 4.1 0.2 6.3
v 4.1 0.3 6.4
v 4.1 0.3 6.3
v 4.2 0.5 0.900001
v 4.2 0.5 0.8
v 4.2 0.6 0.900001
v 4.2 0.6 0.8
v 4.3 0.7 -2.4
v 4.3 0.7 -2.5
v 4.3 0.8 -2.4
v 4.3 0.8 -2.5
v 4.3 1.1 -9.9
v 4.3 1.1 -10
v 4.3 1.2 -9.9
v 4.3 1.2 -10
v 4.5 0.1 7.5
v 4.5 0.1 7.4
v 4.5 0.2 7.5
v 4.5 0.2 7.4
v 4.6 0.2 6.5
v 4.6 0.2 6.4
v 4.6 0.3 6.5
v 4.6 0.3 6.4
v 4.6 0.7 -2.3
v 4.6 0.7 -2.4
v 4.6 0.8 -2.3
v 4.6 0.8 -2.4
v 4.6 1 -7.8
v 4.6 1 -7.9
v 4.6 1.1 -7.8
v 4.6 1.1 -7.9
v 4.9 0.1 7.6
v 4.9 0.1 7.5
v 4.9 0.2 7.6
v 4.9 0.2 7.5
v 4.9 0.4 3.2
v 4.9 0.4 3.1
v 4.9 0.5 3.2
v 4.9 0.5 3.1
v 5 0.6 -0.5
v 5 0.6 -0.599999
v 5 0.7 -0.5
v 5 0.7 -0.599999
v 5 1.1 -9.8
v 5 1.1 -9.9
v 5 1.2 -9.8
v 5 1.2 -9.9
v 5.1 0.2 6.6
v 5.1 0.2 6.5
v 5.1 0.3 6.6
v 5.1 0.3 6.5
v 5.1 0.3 4.5
v 5.1 0.3 4.4
v 5.1 0.4 4.5
v 5.1 0.4 4.4
v 5.2 0.1 7.7
v 5.2 0.1 7.6
v 5.2 0.2 7.7
v 5.2 0.2 7.6
v 5.2 1 -7.7
v 5.2 1 -7.8
v 5.2 1.1 -7.7
v 5.2 1.1 -7.8
v 5.3 0.7 -2.2
v 5.3 0.7 -2.3
v 5.3 0.8 -2.2
v 5.3 0.8 -2.3
v 5.4 0.2 6.7
v 5.4 0.2 6.6
v 5.4 0.3 6.7
v 5.4 0.3 6.6
v 5.5 0.1 7.8
v 5.5 0.1 7.7
v 5.5 0.2 7.8
v 5.5 0.2 7.7
v 5.5 1 -7.6
v 5.5 1 -7.7
v 5.5 1.1 -7.6
v 5.5 1.1 -7.7
v 5.5 1.1 -9.7
v 5.5 1.1 -9.8
v 5.5 1.2 -9.7
v 5.5 1.2 -9.8
v 5.6 0.8 -5.3
v 5.6 0.8 -5.4
v 5.6 0.9 -5.3
v 5.6 0.9 -5.4
v 5.7 0.2 6.8
v 5.7 0.2 6.7
v 5.7 0.3 6.8
v 5.7 0.3 6.7
v 5.7 0.3 4.6
v 5.7 0.3 4.5
v 5.7 0.4 4.6
v 5.7 0.4 4.5
v 5.8 0.1 7.9
v 5.8 0.1 7.8
v 5.8 0.2 7.9
v 5.8 0.2 7.8
v 5.8 0.6 -0.4
v 5.8 0.6 -0.5
v 5.8 0.7 -0.4
v 5.8 0.7 -0.5
v 5.8 0.7 -2.1
v 5.8 0.7 -2.2
v 5.8 0.8 -2.1
v 5.8 0.8 -2.2
v 5.8 1.1 -9.6
v 5.8 1.1 -9.7
v 5.8 1.2 -9.6
v 5.8 1.2 -9.7
v 6.1 0.6 -0.299999
v 6.1 0.6 -0.4
v 6.1 0.7 -0.299999
v 6.1 0.7 -0.4
v 6.1 0.7 -2
v 6.1 0.7 -2.1
v 6.1 0.8 -2
v 6.1 0.8 -2.1
v 6.3 0.1 8
v 6.3 0.1 7.9
v 6.3 0.2 8
v 6.3 0.2 7.9
v 6.3 0.2 6.9
v 6.3 0.2 6.8
v 6.3 0.3 6.9
v 6.3 0.3 6.8
v 6.3 0.3 4.7
v 6.3 0.3 4.6
v 6.3 0.4 4.7
v 6.3 0.4 4.6
v 6.5 0.6 -0.2
v 6.5 0.6 -0.299999
v 6.5 0.7 -0.2
v 6.5 0.7 -0.299999
v 6.5 0.7 -1.9
v 6.5 0.7 -2
v 6.5 0.8 -1.9
v 6.5 0.8 -2
v 6.6 0.5 1
v 6.6 0.5 0.900001
v 6.6 0.6 1
v 6.6 0.6 0.900001
v 6.8 0.1 8.1
v 6.8 0.1 8
v 6.8 0.2 8.1
v 6.8 0.2 8
v 6.8 0.2 7
v 6.8 0.2 6.9
v 6.8 0.3 7
v 6.8 0.3 6.9
v 6.9 0.8 -5.2
v 6.9 0.8 -5.3
v 6.9 0.9 -5.2
v 6.9 0.9 -5.3
v 7 0.4 3.3
v 7 0.4 3.2
v 7 0.5 3.3
v 7 0.5 3.2
v 7 0.5 1.1
v 7 0.5 1
v 7 0.6 1.1
v 7 0.6 1
v 7 0.6 -0.0999994
v 7 0.6 -0.2
v 7 0.7 -0.0999994
v 7 0.7 -0.2
v 7.1 0.1 8.2
v 7.1 0.1 8.1
v 7.1 0.2 8.2
v 7.1 0.2 8.1
v 7.1 0.7 -1.8
v 7.1 0.7 -1.9
v 7.1 0.8 -1.8
v 7.1 0.8 -1.9
v 7.2 0.2 7.1
v 7.2 0.2 7
v 7.2 0.3 7.1
v 7.2 0.3 7
v 7.4 0.1 8.3
v 7.4 0.1 8.2
v 7.4 0.2 8.3
v 7.4 0.2 8.2
v 7.4 0.7 -1.7
v 7.4 0.7 -1.8
v 7.4 0.8 -1.7
v 7.4 0.8 -1.8
v 7.5 0.1 8.4
v 7.5 0.1 8.3
v 7.5 0.2 8.4
v 7.5 0.2 8.3
v 7.5 0.2 7.2
v 7.5 0.2 7.1
v 7.5 0.3 7.2
v 7.5 0.3 7.1
v 7.6 0.6 0
v 7.6 0.6 -0.0999994
v 7.6 0.7 0
v 7.6 0.7 -0.0999994
v 7.6 0.7 -1.6
v 7.6 0.7 -1.7
v 7.6 0.8 -1.6
v 7.6 0.8 -1.7
v 7.7 0.3 4.8
v 7.7 0.3 4.7
v 7.7 0.4 4.8
v 7.7 0.4 4.7
v 7.8 0.1 8.5
v 7.8 0.1 8.4
v 7.8 0.2 8.5
v 7.8 0.2 8.4
v 7.8 0.2 7.3
v 7.8 0.2 7.2
v 7.8 0.3 7.3
v 7.8 0.3 7.2
v 7.9 0.7 -1.5
v 7.9 0.7 -1.6
v 7.9 0.8 -1.5
v 7.9 0.8 -1.6
v 8 0.2 7.4
v 8 0.2 7.3
v 8 0.3 7.4
v 8 0.3 7.3
v 8 0.6 0.1
v 8 0.6 0
v 8 0.7 0.1
v 8 0.7 0
v 8.1 0.4 3.4
v 8.1 0.4 3.3
v 8.1 0.5 3.4
v 8.1 0.5 3.3
v 8.2 0.8 -5.1
v 8.2 0.8 -5.2
v 8.2 0.9 -5.1
v 8.2 0.9 -5.2
v 8.3 0.1 8.6
v 8.3 0.1 8.5
v 8.3 0.2 8.6
v 8.3 0.2 8.5
v 8.4 0.4 3.5
v 8.4 0.4 3.4
v 8.4 0.5 3.5
v 8.4 0.5 3.4
v 8.4 0.5 1.2
v 8.4 0.5 1.1
v 8.4 0.6 1.2
v 8.4 0.6 1.1
v 8.5 0.1 8.7
v 8.5 0.1 8.6
v 8.5 0.2 8.7
v 8.5 0.2 8.6
v 8.5 0.2 7.5
v 8.5 0.2 7.4
v 8.5 0.3 7.5
v 8.5 0.3 7.4
v 8.5 0.6 0.200001
v 8.5 0.6 0.1
v 8.5 0.7 0.200001
v 8.5 0.7 0.1
v 8.5 0.7 -1.4
v 8.5 0.7 -1.5
v 8.5 0.8 -1.4
v 8.5 0.8 -1.5
v 8.7 0.1 8.8
v 8.7 0.1 8.7
v 8.7 0.2 8.8
v 8.7 0.2 8.7
v 8.7 0.2 7.6
v 8.7 0.2 7.5
v 8.7 0.3 7.6
v 8.7 0.3 7.5
v 8.7 0.7 -1.3
v 8.7 0.7 -1.4
v 8.7 0.8 -1.3
v 8.7 0.8 -1.4
v 8.8 0.3 4.9
v 8.8 0.3 4.8
v 8.8 0.4 4.9
v 8.8 0.4 4.8
v 8.8 0.6 0.3
v 8.8 0.6 0.200001
v 8.8 0.7 0.3
v 8.8 0.7 0.200001
v 8.9 0.4 3.6
v 8.9 0.4 3.5
v 8.9 0.5 3.6
v 8.9 0.5 3.5
v 8.9 0.7 -1.2
v 8.9 0.7 -1.3
v 8.9 0.8 -1.2
v 8.9 0.8 -1.3
v 9 0.1 9
v 9 0.1 8.8
v 9 0.2 9
v 9 0.2 8.8
v 9 0.5 1.3
v 9 0.5 1.2
v 9 0.6 1.3
v 9 0.6 1.2
v 9 0.8 -5
v 9 0.8 -5.1
v 9 0.9 -5
v 9 0.9 -5.1
v 9.1 0.2 7.7
v 9.1 0.2 7.6
v 9.1 0.3 7.7
v 9.1 0.3 7.6
v 9.1 0.4 3.7
v 9.1 0.4 3.6
v 9.1 0.5 3.7
v 9.1 0.5 3.6
v 9.2 0.1 9.1
v 9.2 0.1 9
v 9.2 0.2 9.1
v 9.2 0.2 9
v 9.2 0.6 0.400001
v 9.2 0.6 0.3
v 9.2 0.7 0.400001
v 9.2 0.7 0.3
v 9.2 0.7 -1.1
v 9.2 0.7 -1.2
v 9.2 0.8 -1.1
v 9.2 0.8 -1.2
v 9.3 0.1 9.2
v 9.3 0.1 9.1
v 9.3 0.2 9.2
v 9.3 0.2 9.1
v 9.3 0.3 5
v 9.3 0.3 4.9
v 9.3 0.4 5
v 9.3 0.4 4.9
v 9.3 0.4 3.8
v 9.3 0.4 3.7
v 9.3 0.5 3.8
v 9.3 0.5 3.7
v 9.3 0.5 1.4
v 9.3 0.5 1.3
v 9.3 0.6 1.4
v 9.3 0.6 1.3
v 9.4 0.1 9.3
v 9.4 0.1 9.2
v 9.4 0.2 9.3
v 9.4 0.2 9.2
v 9.4 0.2 7.8
v 9.4 0.2 7.7
v 9.4 0.3 7.8
v 9.4 0.3 7.7
v 9.5 0.4 3.9
v 9.5 0.4 3.8
v 9.5 0.5 3.9
v 9.5 0.5 3.8
v 9.5 0.5 1.5
v 9.5 0.5 1.4
v 9.5 0.6 1.5
v 9.5 0.6 1.4
v 9.6 0.1 9.4
v 9.6 0.1 9.3
v 9.6 0.2 9.4
v 9.6 0.2 9.3
v 9.6 0.3 5.1
v 9.6 0.3 5
v 9.6 0.4 5.1
v 9.6 0.4 5
v 9.6 0.4 4
v 9.6 0.4 3.9
v 9.6 0.5 4
v 9.6 0.5 3.9
v 9.7 0.1 9.5
v 9.7 0.1 9.4
v 9.7 0.2 9.5
v 9.7 0.2 9.4
v 9.7 0.2 7.9
v 9.7 0.2 7.8
v 9.7 0.3 7.9
v 9.7 0.3 7.8
v 9.7 0.5 1.6
v 9.7 0.5 1.5
v 9.7 0.6 1.6
v 9.7 0.6 1.5
v 9.8 0.4 4.1
v 9.8 0.4 4
v 9.8 0.5 4.1
v 9.8 0.5 4
v 9.9 0.1 9.6
v 9.9 0.1 9.5
v 9.9 0.2 9.6
v 9.9 0.2 9.5
v 9.9 0.5 1.7
v 9.9 0.5 1.6
v 9.9 0.6 1.7
v 9.9 0.6 1.6
v 9.9 0.6 0.5
v 9.9 0.6 0.400001
v 9.9 0.7 0.5
v 9.9 0.7 0.400001
v 10 0.1 9.7
v 10 0.1 9.6
v 10 0.2 9.7
v 10 0.2 9.6
v 10.1 0.1 9.8
v 10.1 0.1 9.7
v 10.1 0.2 9.8
v 10.1 0.2 9.7
v 10.1 0.3 5.2
v 10.1 0.3 5.1
v 10.1 0.4 5.2
v 10.1 0.4 5.1
v 10.1 0.4 4.2
v 10.1 0.4 4.1
v 10.1 0.5 4.2
v 10.1 0.5 4.1
v 10.1 0.5 1.8
v 10.1 0.5 1.7
v 10.1 0.6 1.8
v 10.1 0.6 1.7
v 10.2 0.1 10
v 10.2 0.1 9.8
v 10.2 0.2 10
v 10.2 0.2 9.8
v 10.2 0.2 8
v 10.2 0.2 7.9
v 10.2 0.3 8
v 10.2 0.3 7.9
v 10.3 0.1 10.1
v 10.3 0.1 10
v 10.3 0.2 10.1
v 10.3 0.2 10
v 10.3 0.6 0.6
v 10.3 0.6 0.5
v 10.3 0.7 0.6
v 10.3 0.7 0.5
v 10.4 0.1 10.2
v 10.4 0.1 10.1
v 10.4 0.2 10.2
v 10.4 0.2 10.1
v 10.4 0.4 4.3
v 10.4 0.4 4.2
v 10.4 0.5 4.3
v 10.4 0.5 4.2
v 10.4 0.5 1.9
v 10.4 0.5 1.8
v 10.4 0.6 1.9
v 10.4 0.6 1.8
v 10.5 0.1 10.3
v 10.5 0.1 10.2
v 10.5 0.2 10.3
v 10.5 0.2 10.2
v 10.5 0.3 5.3
v 10.5 0.3 5.2
v 10.5 0.4 5.3
v 10.5 0.4 5.2
v 10.5 0.5 2
v 10.5 0.5 1.9
v 10.5 0.6 2
v 10.5 0.6 1.9
v 10.6 0.1 10.4
v 10.6 0.1 10.3
v 10.6 0.2 10.4
v 10.6 0.2 10.3
v 10.6 0.2 8.1
v 10.6 0.2 8
v 10.6 0.3 8.1
v 10.6 0.3 8
v 10.6 0.4 4.4
v 10.6 0.4 4.3
v 10.6 0.5 4.4
v 10.6 0.5 4.3
v 10.6 0.7 -1
v 10.6 0.7 -1.1
v 10.6 0.8 -1
v 10.6 0.8 -1.1
v 10.7 0.1 10.6
v 10.7 0.1 10.4
v 10.7 0.2 10.6
v 10.7 0.2 10.4
v 10.7 0.3 5.4
v 10.7 0.3 5.3
v 10.7 0.4 5.4
v 10.7 0.4 5.3
v 10.7 0.5 2.1
v 10.7 0.5 2
v 10.7 0.6 2.1
v 10.7 0.6 2
v 10.7 0.6 0.700001
v 10.7 0.6 0.6
v 10.7 0.7 0.700001
v 10.7 0.7 0.6
v 10.8 0.1 10.7
v 10.8 0.1 10.6
v 10.8 0.2 10.7
v 10.8 0.2 10.6
v 10.8 0.5 2.2
v 10.8 0.5 2.1
v 10.8 0.6 2.2
v 10.8 0.6 2.1
v 10.9 0.1 10.8
v 10.9 0.1 10.7
v 10.9 0.2 10.8
v 10.9 0.2 10.7
v 10.9 0.3 5.5
v 10.9 0.3 5.4
v 10.9 0.4 5.5
v 10.9 0.4 5.4
v 10.9 0.6 0.8
v 10.9 0.6 0.700001
v 10.9 0.7 0.8
v 10.9 0.7 0.700001
v 11 0.1 11
v 11 0.1 10.8
v 11 0.2 11
v 11 0.2 10.8
v 11 0.5 2.3
v 11 0.5 2.2
v 11 0.6 2.3
v 11 0.6 2.2
v 11.1 0.3 5.6
v 11.1 0.3 5.5
v 11.1 0.4 5.6
v 11.1 0.4 5.5
v 11.1 0.4 4.5
v 11.1 0.4 4.4
v 11.1 0.5 4.5
v 11.1 0.5 4.4
v 11.1 0.6 0.900001
v 11.1 0.6 0.8
v 11.1 0.7 0.900001
v 11.1 0.7 0.8
v 11.1 0.7 -0.9
v 11.1 0.7 -1
v 11.1 0.8 -0.9
v 11.1 0.8 -1
v 11.2 0.5 2.4
v 11.2 0.5 2.3
v 11.2 0.6 2.4
v 11.2 0.6 2.3
v 11.2 0.6 1.1
v 11.2 0.6 0.900001
v 11.2 0.7 1.1
v 11.2 0.7 0.900001
v 11.3 0.1 11.1
v 11.3 0.1 11
v 11.3 0.2 11.1
v 11.3 0.2 11
v 11.3 0.3 5.7
v 11.3 0.3 5.6
v 11.3 0.4 5.7
v 11.3 0.4 5.6
v 11.4 0.1 11.2
v 11.4 0.1 11.1
v 11.4 0.2 11.2
v 11.4 0.2 11.1
v 11.4 0.2 8.2
v 11.4 0.2 8.1
v 11.4 0.3 8.2
v 11.4 0.3 8.1
v 11.4 0.5 2.5
v 11.4 0.5 2.4
v 11.4 0.6 2.5
v 11.4 0.6 2.4
v 11.4 0.7 -0.799999
v 11.4 0.7 -0.9
v 11.4 0.8 -0.799999
v 11.4 0.8 -0.9
v 11.5 0.1 11.3
v 11.5 0.1 11.2
v 11.5 0.2 11.3
v 11.5 0.2 11.2
v 11.5 0.3 5.8
v 11.5 0.3 5.7
v 11.5 0.4 5.8
v 11.5 0.4 5.7
v 11.5 0.6 1.2
v 11.5 0.6 1.1
v 11.5 0.7 1.2
v 11.5 0.7 1.1
v 11.6 0.1 11.4
v 11.6 0.1 11.3
v 11.6 0.2 11.4
v 11.6 0.2 11.3
v 11.6 0.2 8.2
v 11.6 0.2 8.1
v 11.6 0.3 8.2
v 11.6 0.3 8.1
v 11.6 0.5 2.6
v 11.6 0.5 2.5
v 11.6 0.6 2.6
v 11.6 0.6 2.5
v 11.8 0.2 8.3
v 11.8 0.2 8.2
v 11.8 0.3 8.3
v 11.8 0.3 8.2
v 11.8 0.4 4.6
v 11.8 0.4 4.5
v 11.8 0.5 4.6
v 11.8 0.5 4.5
v 11.9 0.1 11.6
v 11.9 0.1 11.4
v 11.9 0.2 11.6
v 11.9 0.2 11.4
v 11.9 0.5 2.7
v 11.9 0.5 2.6
v 11.9 0.6 2.7
v 11.9 0.6 2.6
v 11.9 0.6 1.3
v 11.9 0.6 1.2
v 11.9 0.7 1.3
v 11.9 0.7 1.2
v 12 0.2 8.3
v 12 0.2 8.2
v 12 0.3 8.3
v 12 0.3 8.2
v 12 0.3 5.9
v 12 0.3 5.8
v 12 0.4 5.9
v 12 0.4 5.8
v 12 0.8 -5.1
v 12 0.8 -5.2
v 12 0.9 -5.1
v 12 0.9 -5.2
v 12.1 0.1 11.7
v 12.1 0.1 11.6
v 12.1 0.2 11.7
v 12.1 0.2 11.6
v 12.1 0.2 8.4
v 12.1 0.2 8.3
v 12.1 0.3 8.4
v 12.1 0.3 8.3
v 12.1 0.5 2.8
v 12.1 0.5 2.7
v 12.1 0.6 2.8
v 12.1 0.6 2.7
v 12.2 0.6 1.4
v 12.2 0.6 1.3
v 12.2 0.7 1.4
v 12.2 0.7 1.3
v 12.3 0.1 11.8
v 12.3 0.1 11.7
v 12.3 0.2 11.8
v 12.3 0.2 11.7
v 12.3 0.2 8.5
v 12.3 0.2 8.4
v 12.3 0.3 8.5
v 12.3 0.3 8.4
v 12.3 0.3 6
v 12.3 0.3 5.9
v 12.3 0.4 6
v 12.3 0.4 5.9
v 12.3 0.4 4.7
v 12.3 0.4 4.6
v 12.3 0.5 4.7
v 12.3 0.5 4.6
v 12.3 0.5 2.9
v 12.3 0.5 2.8
v 12.3 0.6 2.9
v 12.3 0.6 2.8
v 12.5 0.1 11.9
v 12.5 0.1 11.8
v 12.5 0.2 11.9
v 12.5 0.2 11.8
v 12.5 0.2 8.6
v 12.5 0.2 8.5
v 12.5 0.3 8.6
v 12.5 0.3 8.5
v 12.5 0.4 4.8
v 12.5 0.4 4.7
v 12.5 0.5 4.8
v 12.5 0.5 4.7
v 12.5 0.5 3
v 12.5 0.5 2.9
v 12.5 0.6 3
v 12.5 0.6 2.9
v 12.5 0.8 -5
v 12.5 0.8 -5.1
v 12.5 0.9 -5
v 12.5 0.9 -5.1
v 12.6 0.2 8.7
v 12.6 0.2 8.6
v 12.6 0.3 8.7
v 12.6 0.3 8.6
v 12.6 0.6 1.5
v 12.6 0.6 1.4
v 12.6 0.7 1.5
v 12.6 0.7 1.4
v 12.7 0.1 12
v 12.7 0.1 11.9
v 12.7 0.2 12
v 12.7 0.2 11.9
v -12.6 0.1 11.2
v -12.6 0.1 11.1
v -12.6 0.2 11.2
v -12.6 0.2 11.1
v -12.6 0.2 7.9
v -12.6 0.2 7.8
v -12.6 0.3 7.9
v -12.6 0.3 7.8
v -12.6 0.3 6.2
v -12.6 0.3 6.1
v -12.6 0.4 6.2
v -12.6 0.4 6.1
v -12.4 0.1 11.1
v -12.4 0.1 11
v -12.4 0.2 11.1
v -12.4 0.2 11
v -12.4 0.2 7.8
v -12.4 0.2 7.7
v -12.4 0.3 7.8
v -12.4 0.3 7.7
v -12.4 0.4 4.6
v -12.4 0.4 4.5
v -12.4 0.5 4.6
v -12.4 0.5 4.5
v -12.4 0.6 1.3
v -12.4 0.6 1.2
v -12.4 0.7 1.3
v -12.4 0.7 1.2
v -12.4 1 -5.9
v -12.4 1 -6
v -12.4 1.1 -5.9
v -12.4 1.1 -6
v -12.2 0.1 11
v -12.2 0.1 10.9
v -12.2 0.2 11
v -12.2 0.2 10.9
v -12.2 0.3 6.1
v -12.2 0.3 6
v -12.2 0.4 6.1
v -12.2 0.4 6
v -12.1 0.1 10.9
v -12.1 0.1 10.8
v -12.1 0.2 10.9
v -12.1 0.2 10.8
v -12.1 0.2 7.7
v -12.1 0.2 7.6
v -12.1 0.3 7.7
v -12.1 0.3 7.6
v -12 0.1 10.8
v -12 0.1 10.7
v -12 0.2 10.8
v -12 0.2 10.7
v -12 0.3 6
v -12 0.3 5.9
v -12 0.4 6
v -12 0.4 5.9
v -12 0.9 -4
v -12 0.9 -4.1
v -12 1 -4
v -12 1 -4.1
v -11.9 0.1 10.7
v -11.9 0.1 10.6
v -11.9 0.2 10.7
v -11.9 0.2 10.6
v -11.9 0.2 7.6
v -11.9 0.2 7.5
v -11.9 0.3 7.6
v -11.9 0.3 7.5
v -11.9 0.6 1.2
v -11.9 0.6 1.1
v -11.9 0.7 1.2
v -11.9 0.7 1.1
v -11.8 0.1 10.6
v -11.8 0.1 10.5
v -11.8 0.2 10.6
v -11.8 0.2 10.5
v -11.8 1.1 -8.3
v -11.8 1.1 -8.4
v -11.8 1.2 -8.3
v -11.8 1.2 -8.4
v -11.7 0.2 7.5
v -11.7 0.2 7.4
v -11.7 0.3 7.5
v -11.7 0.3 7.4
v -11.7 0.4 4.5
v -11.7 0.4 4.4
v -11.7 0.5 4.5
v -11.7 0.5 4.4
v -11.6 0.1 10.5
v -11.6 0.1 10.4
v -11.6 0.2 10.5
v -11.6 0.2 10.4
v -11.6 0.2 7.4
v -11.6 0.2 7.3
v -11.6 0.3 7.4
v -11.6 0.3 7.3
v -11.5 0.1 10.4
v -11.5 0.1 10.3
v -11.5 0.2 10.4
v -11.5 0.2 10.3
v -11.5 0.3 5.9
v -11.5 0.3 5.8
v -11.5 0.4 5.9
v -11.5 0.4 5.8
v -11.4 0.2 7.3
v -11.4 0.2 7.2
v -11.4 0.3 7.3
v -11.4 0.3 7.2
v -11.3 0.1 10.3
v -11.3 0.1 10.2
v -11.3 0.2 10.3
v -11.3 0.2 10.2
v -11.3 0.3 5.8
v -11.3 0.3 5.7
v -11.3 0.4 5.8
v -11.3 0.4 5.7
v -11.3 1 -6
v -11.3 1 -6.1
v -11.3 1.1 -6
v -11.3 1.1 -6.1
v -11.3 1.1 -8.4
v -11.3 1.1 -8.5
v -11.3 1.2 -8.4
v -11.3 1.2 -8.5
v -11.2 0.1 10.2
v -11.2 0.1 10.1
v -11.2 0.2 10.2
v -11.2 0.2 10.1
v -11.2 0.7 -0.599999
v -11.2 0.7 -0.7
v -11.2 0.8 -0.599999
v -11.2 0.8 -0.7
v -11.1 0.2 7.2
v -11.1 0.2 7.1
v -11.1 0.3 7.2
v -11.1 0.3 7.1
v -11.1 0.4 4.4
v -11.1 0.4 4.3
v -11.1 0.5 4.4
v -11.1 0.5 4.3
v -11.1 0.6 1.1
v -11.1 0.6 1
v -11.1 0.7 1.1
v -11.1 0.7 1
v -11 0.1 10.1
v -11 0.1 10
v -11 0.2 10.1
v -11 0.2 10
v -11 0.9 -4.1
v -11 0.9 -4.2
v -11 1 -4.1
v -11 1 -4.2
v -10.9 0.1 10
v -10.9 0.1 9.9
v -10.9 0.2 10
v -10.9 0.2 9.9
v -10.9 0.3 5.7
v -10.9 0.3 5.6
v -10.9 0.4 5.7
v -10.9 0.4 5.6
v -10.9 1.1 -8.5
v -10.9 1.1 -8.6
v -10.9 1.2 -8.5
v -10.9 1.2 -8.6
v -10.7 0.1 9.9
v -10.7 0.1 9.8
v -10.7 0.2 9.9
v -10.7 0.2 9.8
v -10.7 0.2 7.1
v -10.7 0.2 7
v -10.7 0.3 7.1
v -10.7 0.3 7
v -10.7 0.3 5.6
v -10.7 0.3 5.5
v -10.7 0.4 5.6
v -10.7 0.4 5.5
v -10.7 0.4 4.3
v -10.7 0.4 4.2
v -10.7 0.5 4.3
v -10.7 0.5 4.2
v -10.7 0.6 1
v -10.7 0.6 0.900001
v -10.7 0.7 1
v -10.7 0.7 0.900001
v -10.6 0.1 9.8
v -10.6 0.1 9.7
v -10.6 0.2 9.8
v -10.6 0.2 9.7
v -10.6 0.8 -2
v -10.6 0.8 -2.1
v -10.6 0.9 -2
v -10.6 0.9 -2.1
v -10.5 1 -6.1
v -10.5 1 -6.2
v -10.5 1.1 -6.1
v -10.5 1.1 -6.2
v -10.4 0.3 5.5
v -10.4 0.3 5.4
v -10.4 0.4 5.5
v -10.4 0.4 5.4
v -10.3 0.1 9.7
v -10.3 0.1 9.6
v -10.3 0.2 9.7
v -10.3 0.2 9.6
v -10.3 0.2 7
v -10.3 0.2 6.9
v -10.3 0.3 7
v -10.3 0.3 6.9
v -10.3 0.7 -0.7
v -10.3 0.7 -0.799999
v -10.3 0.8 -0.7
v -10.3 0.8 -0.799999
v -10.1 0.1 9.6
v -10.1 0.1 9.5
v -10.1 0.2 9.6
v -10.1 0.2 9.5
v -10.1 0.3 5.4
v -10.1 0.3 5.3
v -10.1 0.4 5.4
v -10.1 0.4 5.3
v -10 0.9 -4.2
v -10 0.9 -4.3
v -10 1 -4.2
v -10 1 -4.3
v -9.9 0.1 9.5
v -9.9 0.1 9.4
v -9.9 0.2 9.5
v -9.9 0.2 9.4
v -9.9 0.2 6.9
v -9.9 0.2 6.8
v -9.9 0.3 6.9
v -9.9 0.3 6.8
v -9.9 1 -6.2
v -9.9 1 -6.3
v -9.9 1.1 -6.2
v -9.9 1.1 -6.3
v -9.9 1.1 -8.6
v -9.9 1.1 -8.7
v -9.9 1.2 -8.6
v -9.9 1.2 -8.7
v -9.8 0.1 9.4
v -9.8 0.1 9.3
v -9.8 0.2 9.4
v -9.8 0.2 9.3
v -9.8 0.4 4.2
v -9.8 0.4 4.1
v -9.8 0.5 4.2
v -9.8 0.5 4.1
v -9.7 0.3 5.3
v -9.7 0.3 5.2
v -9.7 0.4 5.3
v -9.7 0.4 5.2
v -9.7 0.6 0.900001
v -9.7 0.6 0.8
v -9.7 0.7 0.900001
v -9.7 0.7 0.8
v -9.6 0.2 6.8
v -9.6 0.2 6.7
v -9.6 0.3 6.8
v -9.6 0.3 6.7
v -9.5 0.8 -2.1
v -9.5 0.8 -2.2
v -9.5 0.9 -2.1
v -9.5 0.9 -2.2
v -9.5 0.9 -4.3
v -9.5 0.9 -4.4
v -9.5 1 -4.3
v -9.5 1 -4.4
v -9.4 0.1 9.3
v -9.4 0.1 9.2
v -9.4 0.2 9.3
v -9.4 0.2 9.2
v -9.4 0.2 6.7
v -9.4 0.2 6.6
v -9.4 0.3 6.7
v -9.4 0.3 6.6
v -9.4 0.7 -0.799999
v -9.4 0.7 -0.9
v -9.4 0.8 -0.799999
v -9.4 0.8 -0.9
v -9.3 0.6 0.8
v -9.3 0.6 0.700001
v -9.3 0.7 0.8
v -9.3 0.7 0.700001
v -9.3 1 -6.3
v -9.3 1 -6.4
v -9.3 1.1 -6.3
v -9.3 1.1 -6.4
v -9.3 1.1 -8.7
v -9.3 1.1 -8.8
v -9.3 1.2 -8.7
v -9.3 1.2 -8.8
v -9.2 0.1 9.2
v -9.2 0.1 9.1
v -9.2 0.2 9.2
v -9.2 0.2 9.1
v -9.2 0.3 5.2
v -9.2 0.3 5.1
v -9.2 0.4 5.2
v -9.2 0.4 5.1
v -9.2 0.4 4.1
v -9.2 0.4 4
v -9.2 0.5 4.1
v -9.2 0.5 4
v -9.2 0.8 -2.2
v -9.2 0.8 -2.3
v -9.2 0.9 -2.2
v -9.2 0.9 -2.3
v -9.1 0.9 -4.4
v -9.1 0.9 -4.5
v -9.1 1 -4.4
v -9.1 1 -4.5
v -9 0.1 9.1
v -9 0.1 9
v -9 0.2 9.1
v -9 0.2 9
v -9 0.2 6.6
v -9 0.2 6.5
v -9 0.3 6.6
v -9 0.3 6.5
v -9 1.1 -8.8
v -9 1.1 -8.9
v -9 1.2 -8.8
v -9 1.2 -8.9
v -8.9 0.3 5.1
v -8.9 0.3 5
v -8.9 0.4 5.1
v -8.9 0.4 5
v -8.9 0.6 0.700001
v -8.9 0.6 0.6
v -8.9 0.7 0.700001
v -8.9 0.7 0.6
v -8.8 0.1 9
v -8.8 0.1 8.9
v -8.8 0.2 9
v -8.8 0.2 8.9
v -8.8 0.2 6.5
v -8.8 0.2 6.4
v -8.8 0.3 6.5
v -8.8 0.3 6.4
v -8.7 0.3 5
v -8.7 0.3 4.9
v -8.7 0.4 5
v -8.7 0.4 4.9
v -8.7 0.4 4
v -8.7 0.4 3.9
v -8.7 0.5 4
v -8.7 0.5 3.9
v -8.7 0.8 -2.3
v -8.7 0.8 -2.4
v -8.7 0.9 -2.3
v -8.7 0.9 -2.4
v -8.7 1 -6.4
v -8.7 1 -6.5
v -8.7 1.1 -6.4
v -8.7 1.1 -6.5
v -8.6 0.3 4.9
v -8.6 0.3 4.8
v -8.6 0.4 4.9
v -8.6 0.4 4.8
v -8.6 0.7 -0.9
v -8.6 0.7 -1
v -8.6 0.8 -0.9
v -8.6 0.8 -1
v -8.6 0.9 -4.5
v -8.6 0.9 -4.6
v -8.6 1 -4.5
v -8.6 1 -4.6
v -8.5 0.1 8.9
v -8.5 0.1 8.8
v -8.5 0.2 8.9
v -8.5 0.2 8.8
v -8.4 0.2 6.4
v -8.4 0.2 6.3
v -8.4 0.3 6.4
v -8.4 0.3 6.3
v -8.4 0.6 0.6
v -8.4 0.6 0.5
v -8.4 0.7 0.6
v -8.4 0.7 0.5
v -8.4 0.8 -2.4
v -8.4 0.8 -2.5
v -8.4 0.9 -2.4
v -8.4 0.9 -2.5
v -8.3 0.1 8.8
v -8.3 0.1 8.7
v -8.3 0.2 8.8
v -8.3 0.2 8.7
v -8.3 0.4 3.9
v -8.3 0.4 3.8
v -8.3 0.5 3.9
v -8.3 0.5 3.8
v -8.3 1.1 -8.9
v -8.3 1.1 -9
v -8.3 1.2 -8.9
v -8.3 1.2 -9
v -8.2 0.3 4.8
v -8.2 0.3 4.7
v -8.2 0.4 4.8
v -8.2 0.4 4.7
v -8.2 0.5 3
v -8.2 0.5 2.9
v -8.2 0.6 3
v -8.2 0.6 2.9
v -8.1 0.1 8.7
v -8.1 0.1 8.6
v -8.1 0.2 8.7
v -8.1 0.2 8.6
v -8.1 0.6 0.5
v -8.1 0.6 0.400001
v -8.1 0.7 0.5
v -8.1 0.7 0.400001
v -8 0.2 6.3
v -8 0.2 6.2
v -8 0.3 6.3
v -8 0.3 6.2
v -8 0.7 -1
v -8 0.7 -1.1
v -8 0.8 -1
v -8 0.8 -1.1
v -8 0.8 -2.5
v -8 0.8 -2.6
v -8 0.9 -2.5
v -8 0.9 -2.6
v -8 1 -6.5
v -8 1 -6.6
v -8 1.1 -6.5
v -8 1.1 -6.6
v -8 1.1 -9
v -8 1.1 -9.1
v -8 1.2 -9
v -8 1.2 -9.1
v -7.9 0.1 8.6
v -7.9 0.1 8.5
v -7.9 0.2 8.6
v -7.9 0.2 8.5
v -7.9 0.9 -4.6
v -7.9 0.9 -4.7
v -7.9 1 -4.6
v -7.9 1 -4.7
v -7.8 0.3 4.7
v -7.8 0.3 4.6
v -7.8 0.4 4.7
v -7.8 0.4 4.6
v -7.7 0.6 0.400001
v -7.7 0.6 0.3
v -7.7 0.7 0.400001
v -7.7 0.7 0.3
v -7.7 0.7 -1.1
v -7.7 0.7 -1.2
v -7.7 0.8 -1.1
v -7.7 0.8 -1.2
v -7.6 0.1 8.5
v -7.6 0.1 8.4
v -7.6 0.2 8.5
v -7.6 0.2 8.4
v -7.6 0.4 3.8
v -7.6 0.4 3.7
v -7.6 0.5 3.8
v -7.6 0.5 3.7
v -7.6 1 -6.6
v -7.6 1 -6.7
v -7.6 1.1 -6.6
v -7.6 1.1 -6.7
v -7.5 0.8 -2.6
v -7.5 0.8 -2.7
v -7.5 0.9 -2.6
v -7.5 0.9 -2.7
v -7.5 0.9 -4.7
v -7.5 0.9 -4.8
v -7.5 1 -4.7
v -7.5 1 -4.8
v -7.5 1 -6.7
v -7.5 1 -6.8
v -7.5 1.1 -6.7
v -7.5 1.1 -6.8
v -7.4 0.3 4.6
v -7.4 0.3 4.5
v -7.4 0.4 4.6
v -7.4 0.4 4.5
v -7.4 0.7 -1.2
v -7.4 0.7 -1.3
v -7.4 0.8 -1.2
v -7.4 0.8 -1.3
v -7.4 1.1 -9.1
v -7.4 1.1 -9.2
v -7.4 1.2 -9.1
v -7.4 1.2 -9.2
v -7.3 0.5 2.9
v -7.3 0.5 2.8
v -7.3 0.6 2.9
v -7.3 0.6 2.8
v -7.3 1 -6.8
v -7.3 1 -6.9
v -7.3 1.1 -6.8
v -7.3 1.1 -6.9
v -7.2 0.2 6.2
v -7.2 0.2 6.1
v -7.2 0.3 6.2
v -7.2 0.3 6.1
v -7.2 0.7 -1.3
v -7.2 0.7 -1.4
v -7.2 0.8 -1.3
v -7.2 0.8 -1.4
v -7.1 0.1 8.4
v -7.1 0.1 8.3
v -7.1 0.2 8.4
v -7.1 0.2 8.3
v -7.1 0.3 4.5
v -7.1 0.3 4.4
v -7.1 0.4 4.5
v -7.1 0.4 4.4
v -7.1 0.4 3.7
v -7.1 0.4 3.6
v -7.1 0.5 3.7
v -7.1 0.5 3.6
v -7.1 0.6 0.3
v -7.1 0.6 0.200001
v -7.1 0.7 0.3
v -7.1 0.7 0.200001
v -7.1 0.8 -2.7
v -7.1 0.8 -2.8
v -7.1 0.9 -2.7
v -7.1 0.9 -2.8
v -7 1 -6.9
v -7 1 -7
v -7 1.1 -6.9
v -7 1.1 -7
v -6.9 0.7 -1.4
v -6.9 0.7 -1.5
v -6.9 0.8 -1.4
v -6.9 0.8 -1.5
v -6.9 1.1 -9.2
v -6.9 1.1 -9.3
v -6.9 1.2 -9.2
v -6.9 1.2 -9.3
v -6.8 0.6 0.200001
v -6.8 0.6 0.1
v -6.8 0.7 0.200001
v -6.8 0.7 0.1
v -6.8 0.8 -2.8
v -6.8 0.8 -2.9
v -6.8 0.9 -2.8
v -6.8 0.9 -2.9
v -6.8 0.9 -4.8
v -6.8 0.9 -4.9
v -6.8 1 -4.8
v -6.8 1 -4.9
v -6.8 1 -7
v -6.8 1 -7.1
v -6.8 1.1 -7
v -6.8 1.1 -7.1
v -6.7 0.3 4.4
v -6.7 0.3 4.3
v -6.7 0.4 4.4
v -6.7 0.4 4.3
v -6.6 0.1 8.3
v -6.6 0.1 8.2
v -6.6 0.2 8.3
v -6.6 0.2 8.2
v -6.6 0.5 2.8
v -6.6 0.5 2.7
v -6.6 0.6 2.8
v -6.6 0.6 2.7
v -6.6 0.7 -1.5
v -6.6 0.7 -1.6
v -6.6 0.8 -1.5
v -6.6 0.8 -1.6
v -6.6 1.1 -9.3
v -6.6 1.1 -9.4
v -6.6 1.2 -9.3
v -6.6 1.2 -9.4
v -6.5 0.4 3.6
v -6.5 0.4 3.5
v -6.5 0.5 3.6
v -6.5 0.5 3.5
v -6.5 0.6 0.1
v -6.5 0.6 0
v -6.5 0.7 0.1
v -6.5 0.7 0
v -6.5 0.8 -2.9
v -6.5 0.8 -3
v -6.5 0.9 -2.9
v -6.5 0.9 -3
v -6.5 1 -7.1
v -6.5 1 -7.2
v -6.5 1.1 -7.1
v -6.5 1.1 -7.2
v -6.4 0.2 6.2
v -6.4 0.2 6.1
v -6.4 0.3 6.2
v -6.4 0.3 6.1
v -6.4 0.9 -4.9
v -6.4 0.9 -5
v -6.4 1 -4.9
v -6.4 1 -5
v -6.3 0.1 8.2
v -6.3 0.1 8.1
v -6.3 0.2 8.2
v -6.3 0.2 8.1
v -6.3 0.3 4.3
v -6.3 0.3 4.2
v -6.3 0.4 4.3
v -6.3 0.4 4.2
v -6.3 0.7 -1.6
v -6.3 0.7 -1.7
v -6.3 0.8 -1.6
v -6.3 0.8 -1.7
v -6.3 1.1 -9.4
v -6.3 1.1 -9.5
v -6.3 1.2 -9.4
v -6.3 1.2 -9.5
v -6.2 0.8 -3
v -6.2 0.8 -3.1
v -6.2 0.9 -3
v -6.2 0.9 -3.1
v -6.2 1 -7.2
v -6.2 1 -7.3
v -6.2 1.1 -7.2
v -6.2 1.1 -7.3
v -6.1 0.9 -5
v -6.1 0.9 -5.1
v -6.1 1 -5
v -6.1 1 -5.1
v -6 0.1 8.1
v -6 0.1 8
v -6 0.2 8.1
v -6 0.2 8
v -6 0.5 2.7
v -6 0.5 2.6
v -6 0.6 2.7
v -6 0.6 2.6
v -6 0.6 0
v -6 0.6 -0.0999994
v -6 0.7 0
v -6 0.7 -0.0999994
v -5.9 1 -7.3
v -5.9 1 -7.4
v -5.9 1.1 -7.3
v -5.9 1.1 -7.4
v -5.9 1.1 -9.5
v -5.9 1.1 -9.6
v -5.9 1.2 -9.5
v -5.9 1.2 -9.6
v -5.8 0.3 4.2
v -5.8 0.3 4.1
v -5.8 0.4 4.2
v -5.8 0.4 4.1
v -5.8 0.4 3.5
v -5.8 0.4 3.4
v -5.8 0.5 3.5
v -5.8 0.5 3.4
v -5.8 0.9 -5.1
v -5.8 0.9 -5.2
v -5.8 1 -5.1
v -5.8 1 -5.2
v -5.6 0.1 8
v -5.6 0.1 7.9
v -5.6 0.2 8
v -5.6 0.2 7.9
v -5.6 0.7 -1.7
v -5.6 0.7 -1.8
v -5.6 0.8 -1.7
v -5.6 0.8 -1.8
v -5.6 0.8 -3.1
v -5.6 0.8 -3.2
v -5.6 0.9 -3.1
v -5.6 0.9 -3.2
v -5.6 1 -7.4
v -5.6 1 -7.5
v -5.6 1.1 -7.4
v -5.6 1.1 -7.5
v -5.4 0.6 -0.0999994
v -5.4 0.6 -0.2
v -5.4 0.7 -0.0999994
v -5.4 0.7 -0.2
v -5.4 0.8 -3.2
v -5.4 0.8 -3.3
v -5.4 0.9 -3.2
v -5.4 0.9 -3.3
v -5.3 1 -7.5
v -5.3 1 -7.6
v -5.3 1.1 -7.5
v -5.3 1.1 -7.6
v -5.2 0.4 3.4
v -5.2 0.4 3.3
v -5.2 0.5 3.4
v -5.2 0.5 3.3
v -5.2 0.5 2.6
v -5.2 0.5 2.5
v -5.2 0.6 2.6
v -5.2 0.6 2.5
v -5.2 0.9 -5.2
v -5.2 0.9 -5.3
v -5.2 1 -5.2
v -5.2 1 -5.3
v -5.2 1.1 -9.6
v -5.2 1.1 -9.7
v -5.2 1.2 -9.6
v -5.2 1.2 -9.7
v -5.1 0.1 7.9
v -5.1 0.1 7.8
v -5.1 0.2 7.9
v -5.1 0.2 7.8
v -5.1 0.8 -3.3
v -5.1 0.8 -3.4
v -5.1 0.9 -3.3
v -5.1 0.9 -3.4
v -4.9 0.1 7.8
v -4.9 0.1 7.7
v -4.9 0.2 7.8
v -4.9 0.2 7.7
v -4.9 0.7 -1.8
v -4.9 0.7 -1.9
v -4.9 0.8 -1.8
v -4.9 0.8 -1.9
v -4.8 0.5 2.5
v -4.8 0.5 2.4
v -4.8 0.6 2.5
v -4.8 0.6 2.4
v -4.8 0.8 -3.4
v -4.8 0.8 -3.5
v -4.8 0.9 -3.4
v -4.8 0.9 -3.5
v -4.8 0.9 -5.3
v -4.8 0.9 -5.4
v -4.8 1 -5.3
v -4.8 1 -5.4
v -4.8 1.1 -9.7
v -4.8 1.1 -9.8
v -4.8 1.2 -9.7
v -4.8 1.2 -9.8
v -4.7 0.6 -0.2
v -4.7 0.6 -0.299999
v -4.7 0.7 -0.2
v -4.7 0.7 -0.299999
v -4.7 0.7 -1.9
v -4.7 0.7 -2
v -4.7 0.8 -1.9
v -4.7 0.8 -2
v -4.7 1 -7.6
v -4.7 1 -7.7
v -4.7 1.1 -7.6
v -4.7 1.1 -7.7
v -4.6 0.4 3.3
v -4.6 0.4 3.2
v -4.6 0.5 3.3
v -4.6 0.5 3.2
v -4.5 0.5 2.4
v -4.5 0.5 2.3
v -4.5 0.6 2.4
v -4.5 0.6 2.3
v -4.5 0.7 -2
v -4.5 0.7 -2.1
v -4.5 0.8 -2
v -4.5 0.8 -2.1
v -4.5 0.8 -3.5
v -4.5 0.8 -3.6
v -4.5 0.9 -3.5
v -4.5 0.9 -3.6
v -4.4 0.1 7.7
v -4.4 0.1 7.6
v -4.4 0.2 7.7
v -4.4 0.2 7.6
v -4.4 0.9 -5.4
v -4.4 0.9 -5.5
v -4.4 1 -5.4
v -4.4 1 -5.5
v -4.3 0.5 2.3
v -4.3 0.5 2.2
v -4.3 0.6 2.3
v -4.3 0.6 2.2
v -4.3 1 -7.7
v -4.3 1 -7.8
v -4.3 1.1 -7.7
v -4.3 1.1 -7.8
v -4.2 0.4 3.2
v -4.2 0.4 3.1
v -4.2 0.5 3.2
v -4.2 0.5 3.1
v -4.2 0.6 -0.299999
v -4.2 0.6 -0.4
v -4.2 0.7 -0.299999
v -4.2 0.7 -0.4
v -4.2 0.8 -3.6
v -4.2 0.8 -3.7
v -4.2 0.9 -3.6
v -4.2 0.9 -3.7
v -4.2 1.1 -9.8
v -4.2 1.1 -9.9
v -4.2 1.2 -9.8
v -4.2 1.2 -9.9
v -4.1 0.5 2.2
v -4.1 0.5 2.1
v -4.1 0.6 2.2
v -4.1 0.6 2.1
v -4.1 0.7 -2.1
v -4.1 0.7 -2.2
v -4.1 0.8 -2.1
v -4.1 0.8 -2.2
v -4.1 1 -7.8
v -4.1 1 -7.9
v -4.1 1.1 -7.8
v -4.1 1.1 -7.9
v -4 0.1 7.6
v -4 0.1 7.5
v -4 0.2 7.6
v -4 0.2 7.5
v -3.9 0.8 -3.7
v -3.9 0.8 -3.8
v -3.9 0.9 -3.7
v -3.9 0.9 -3.8
v -3.8 0.9 -5.5
v -3.8 0.9 -5.6
v -3.8 1 -5.5
v -3.8 1 -5.6
v -3.6 0.1 7.5
v -3.6 0.1 7.4
v -3.6 0.2 7.5
v -3.6 0.2 7.4
v -3.6 0.4 3.1
v -3.6 0.4 3
v -3.6 0.5 3.1
v -3.6 0.5 3
v -3.6 0.5 2.1
v -3.6 0.5 2
v -3.6 0.6 2.1
v -3.6 0.6 2
v -3.6 0.8 -3.8
v -3.6 0.8 -3.9
v -3.6 0.9 -3.8
v -3.6 0.9 -3.9
v -3.6 1 -7.9
v -3.6 1 -8
v -3.6 1.1 -7.9
v -3.6 1.1 -8
v -3.5 0.7 -2.2
v -3.5 0.7 -2.3
v -3.5 0.8 -2.2
v -3.5 0.8 -2.3
v -3.4 0.2 6.2
v -3.4 0.2 6.1
v -3.4 0.3 6.2
v -3.4 0.3 6.1
v -3.3 0.3 4.1
v -3.3 0.3 4
v -3.3 0.4 4.1
v -3.3 0.4 4
v -3.3 0.5 2
v -3.3 0.5 1.9
v -3.3 0.6 2
v -3.3 0.6 1.9
v -3.3 0.8 -3.9
v -3.3 0.8 -4
v -3.3 0.9 -3.9
v -3.3 0.9 -4
v -3.3 0.9 -5.6
v -3.3 0.9 -5.7
v -3.3 1 -5.6
v -3.3 1 -5.7
v -3.1 0.1 7.4
v -3.1 0.1 7.3
v -3.1 0.2 7.4
v -3.1 0.2 7.3
v -3.1 0.5 1.9
v -3.1 0.5 1.8
v -3.1 0.6 1.9
v -3.1 0.6 1.8
v -3.1 0.7 -2.3
v -3.1 0.7 -2.4
v -3.1 0.8 -2.3
v -3.1 0.8 -2.4
v -3 0.2 6.1
v -3 0.2 6
v -3 0.3 6.1
v -3 0.3 6
v -3 0.8 -4
v -3 0.8 -4.1
v -3 0.9 -4
v -3 0.9 -4.1
v -3 1 -8
v -3 1 -8.1
v -3 1.1 -8
v -3 1.1 -8.1
v -3 1.1 -9.9
v -3 1.1 -10
v -3 1.2 -9.9
v -3 1.2 -10
v -2.9 0.4 3
v -2.9 0.4 2.9
v -2.9 0.5 3
v -2.9 0.5 2.9
v -2.9 0.9 -5.7
v -2.9 0.9 -5.8
v -2.9 1 -5.7
v -2.9 1 -5.8
v -2.7 0.1 7.3
v -2.7 0.1 7.2
v -2.7 0.2 7.3
v -2.7 0.2 7.2
v -2.7 0.5 1.8
v -2.7 0.5 1.7
v -2.7 0.6 1.8
v -2.7 0.6 1.7
v -2.7 0.7 -2.4
v -2.7 0.7 -2.5
v -2.7 0.8 -2.4
v -2.7 0.8 -2.5
v -2.7 0.8 -4.1
v -2.7 0.8 -4.2
v -2.7 0.9 -4.1
v -2.7 0.9 -4.2
v -2.5 0.4 2.9
v -2.5 0.4 2.8
v -2.5 0.5 2.9
v -2.5 0.5 2.8
v -2.5 0.6 -0.4
v -2.5 0.6 -0.5
v -2.5 0.7 -0.4
v -2.5 0.7 -0.5
v -2.5 0.8 -4.2
v -2.5 0.8 -4.3
v -2.5 0.9 -4.2
v -2.5 0.9 -4.3
v -2.4 0.1 7.2
v -2.4 0.1 7.1
v -2.4 0.2 7.2
v -2.4 0.2 7.1
v -2.4 1.1 -10
v -2.4 1.1 -10.1
v -2.4 1.2 -10
v -2.4 1.2 -10.1
v -2.2 0.5 1.7
v -2.2 0.5 1.6
v -2.2 0.6 1.7
v -2.2 0.6 1.6
v -2.2 0.8 -4.3
v -2.2 0.8 -4.4
v -2.2 0.9 -4.3
v -2.2 0.9 -4.4
v -2.1 0.1 7.1
v -2.1 0.1 7
v -2.1 0.2 7.1
v -2.1 0.2 7
v -2.1 0.9 -5.8
v -2.1 0.9 -5.9
v -2.1 1 -5.8
v -2.1 1 -5.9
v -2 0.7 -2.5
v -2 0.7 -2.6
v -2 0.8 -2.5
v -2 0.8 -2.6
v -1.9 0.4 2.8
v -1.9 0.4 2.7
v -1.9 0.5 2.8
v -1.9 0.5 2.7
v -1.9 0.6 -0.5
v -1.9 0.6 -0.599999
v -1.9 0.7 -0.5
v -1.9 0.7 -0.599999
v -1.9 0.8 -4.4
v -1.9 0.8 -4.5
v -1.9 0.9 -4.4
v -1.9 0.9 -4.5
v -1.9 1 -8.1
v -1.9 1 -8.2
v -1.9 1.1 -8.1
v -1.9 1.1 -8.2
v -1.7 0.1 7
v -1.7 0.1 6.9
v -1.7 0.2 7
v -1.7 0.2 6.9
v -1.7 0.8 -4.5
v -1.7 0.8 -4.6
v -1.7 0.9 -4.5
v -1.7 0.9 -4.6
v -1.7 0.9 -5.9
v -1.7 0.9 -6
v -1.7 1 -5.9
v -1.7 1 -6
v -1.5 0.5 1.6
v -1.5 0.5 1.5
v -1.5 0.6 1.6
v -1.5 0.6 1.5
v -1.4 0.8 -4.6
v -1.4 0.8 -4.7
v -1.4 0.9 -4.6
v -1.4 0.9 -4.7
v -1.2 0.9 -6
v -1.2 0.9 -6.1
v -1.2 1 -6
v -1.2 1 -6.1
v -1.1 0.3 4
v -1.1 0.3 3.9
v -1.1 0.4 4
v -1.1 0.4 3.9
v -1.1 0.7 -2.6
v -1.1 0.7 -2.7
v -1.1 0.8 -2.6
v -1.1 0.8 -2.7
v -1.1 0.8 -4.7
v -1.1 0.8 -4.8
v -1.1 0.9 -4.7
v -1.1 0.9 -4.8
v -1.1 1 -8.2
v -1.1 1 -8.3
v -1.1 1.1 -8.2
v -1.1 1.1 -8.3
v -1 0.2 6
v -1 0.2 5.9
v -1 0.3 6
v -1 0.3 5.9
v -0.900001 0.6 -0.599999
v -0.900001 0.6 -0.7
v -0.900001 0.7 -0.599999
v -0.900001 0.7 -0.7
v -0.8 0.9 -6.1
v -0.8 0.9 -6.2
v -0.8 1 -6.1
v -0.8 1 -6.2
v -0.8 1.1 -10
v -0.8 1.1 -10.1
v -0.8 1.2 -10
v -0.8 1.2 -10.1
v -0.700001 0.8 -4.8
v -0.700001 0.8 -4.9
v -0.700001 0.9 -4.8
v -0.700001 0.9 -4.9
v -0.6 0.5 1.5
v -0.6 0.5 1.4
v -0.6 0.6 1.5
v -0.6 0.6 1.4
v -0.400001 0.1 6.9
v -0.400001 0.1 6.8
v -0.400001 0.2 6.9
v -0.400001 0.2 6.8
v -0.400001 0.2 5.9
v -0.400001 0.2 5.8
v -0.400001 0.3 5.9
v -0.400001 0.3 5.8
v -0.3 0.7 -2.7
v -0.3 0.7 -2.8
v -0.3 0.8 -2.7
v -0.3 0.8 -2.8
v -0.3 1 -8.3
v -0.3 1 -8.4
v -0.3 1.1 -8.3
v -0.3 1.1 -8.4
v -0.200001 0.8 -4.9
v -0.200001 0.8 -5
v -0.200001 0.9 -4.9
v -0.200001 0.9 -5
v -0.1 1.1 -10
v -0.1 1.1 -10.1
v -0.1 1.2 -10
v -0.1 1.2 -10.1
v 0.2 0.5 1.4
v 0.2 0.5 1.3
v 0.2 0.6 1.4
v 0.2 0.6 1.3
v 0.2 0.8 -5
v 0.2 0.8 -5.1
v 0.2 0.9 -5
v 0.2 0.9 -5.1
v 0.2 0.9 -6.2
v 0.2 0.9 -6.3
v 0.2 1 -6.2
v 0.2 1 -6.3
v 0.4 0.3 3.9
v 0.4 0.3 3.8
v 0.4 0.4 3.9
v 0.4 0.4 3.8
v 0.599999 1.1 -10.1
v 0.599999 1.1 -10.2
v 0.599999 1.2 -10.1
v 0.599999 1.2 -10.2
v 0.9 0.5 1.3
v 0.9 0.5 1.2
v 0.9 0.6 1.3
v 0.9 0.6 1.2
v 1 0.2 5.8
v 1 0.2 5.7
v 1 0.3 5.8
v 1 0.3 5.7
v 1 0.8 -5.1
v 1 0.8 -5.2
v 1 0.9 -5.1
v 1 0.9 -5.2
v 1 0.9 -6.3
v 1 0.9 -6.4
v 1 1 -6.3
v 1 1 -6.4
v 1.4 0.5 1.2
v 1.4 0.5 1.1
v 1.4 0.6 1.2
v 1.4 0.6 1.1
v 1.5 0.2 5.7
v 1.5 0.2 5.6
v 1.5 0.3 5.7
v 1.5 0.3 5.6
v 1.6 0.9 -6.4
v 1.6 0.9 -6.5
v 1.6 1 -6.4
v 1.6 1 -6.5
v 1.7 0.6 -0.7
v 1.7 0.6 -0.799999
v 1.7 0.7 -0.7
v 1.7 0.7 -0.799999
v 1.8 0.5 1.1
v 1.8 0.5 1
v 1.8 0.6 1.1
v 1.8 0.6 1
v 2.3 0.5 1
v 2.3 0.5 0.900001
v 2.3 0.6 1
v 2.3 0.6 0.900001
v 2.3 0.8 -5.2
v 2.3 0.8 -5.3
v 2.3 0.9 -5.2
v 2.3 0.9 -5.3
v 2.5 0.5 0.900001
v 2.5 0.5 0.8
v 2.5 0.6 0.900001
v 2.5 0.6 0.8
v 2.7 0.9 -6.5
v 2.7 0.9 -6.6
v 2.7 1 -6.5
v 2.7 1 -6.6
v 3.9 0.9 -6.5
v 3.9 0.9 -6.6
v 3.9 1 -6.5
v 3.9 1 -6.6
v 4.6 0.8 -5.3
v 4.6 0.8 -5.4
v 4.6 0.9 -5.3
v 4.6 0.9 -5.4
v 6 0.9 -6.6
v 6 0.9 -6.7
v 6 1 -6.6
v 6 1 -6.7
v 6.7 1 -7.6
v 6.7 1 -7.7
v 6.7 1.1 -7.6
v 6.7 1.1 -7.7
v 7.4 1 -7.7
v 7.4 1 -7.8
v 7.4 1.1 -7.7
v 7.4 1.1 -7.8
v 8.4 1 -7.8
v 8.4 1 -7.9
v 8.4 1.1 -7.8
v 8.4 1.1 -7.9
v 9.7 1 -7.9
v 9.7 1 -8
v 9.7 1.1 -7.9
v 9.7 1.1 -8
v 10 1.1 -9.6
v 10 1.1 -9.7
v 10 1.2 -9.6
v 10 1.2 -9.7
v 10.1 1 -8
v 10.1 1 -8.1
v 10.1 1.1 -8
v 10.1 1.1 -8.1
v 10.2 0.8 -5
v 10.2 0.8 -5.1
v 10.2 0.9 -5
v 10.2 0.9 -5.1
v 10.4 1 -8.1
v 10.4 1 -8.2
v 10.4 1.1 -8.1
v 10.4 1.1 -8.2
v 10.6 1.1 -9.7
v 10.6 1.1 -9.8
v 10.6 1.2 -9.7
v 10.6 1.2 -9.8
v 10.7 0.9 -6.7
v 10.7 0.9 -6.8
v 10.7 1 -6.7
v 10.7 1 -6.8
v 10.7 1 -8.2
v 10.7 1 -8.3
v 10.7 1.1 -8.2
v 10.7 1.1 -8.3
v 10.9 1 -8.3
v 10.9 1 -8.4
v 10.9 1.1 -8.3
v 10.9 1.1 -8.4
v 11.1 1 -8.4
v 11.1 1 -8.5
v 11.1 1.1 -8.4
v 11.1 1.1 -8.5
v 11.2 0.8 -5.1
v 11.2 0.8 -5.2
v 11.2 0.9 -5.1
v 11.2 0.9 -5.2
v 11.2 0.9 -6.8
v 11.2 0.9 -6.9
v 11.2 1 -6.8
v 11.2 1 -6.9
v 11.2 1.1 -9.8
v 11.2 1.1 -9.9
v 11.2 1.2 -9.8
v 11.2 1.2 -9.9
v 11.3 1 -8.5
v 11.3 1 -8.6
v 11.3 1.1 -8.5
v 11.3 1.1 -8.6
v 11.5 0.2 8.2
v 11.5 0.2 8.1
v 11.5 0.3 8.2
v 11.5 0.3 8.1
v 11.5 1 -8.6
v 11.5 1 -8.7
v 11.5 1.1 -8.6
v 11.5 1.1 -8.7
v 11.5 1.1 -9.9
v 11.5 1.1 -10
v 11.5 1.2 -9.9
v 11.5 1.2 -10
v 11.7 0.7 -0.799999
v 11.7 0.7 -0.9
v 11.7 0.8 -0.799999
v 11.7 0.8 -0.9
v 11.7 0.9 -6.9
v 11.7 0.9 -7
v 11.7 1 -6.9
v 11.7 1 -7
v 11.7 1 -8.7
v 11.7 1 -8.8
v 11.7 1.1 -8.7
v 11.7 1.1 -8.8
v 11.9 0.2 8.3
v 11.9 0.2 8.2
v 11.9 0.3 8.3
v 11.9 0.3 8.2
v 12 0.9 -7
v 12 0.9 -7.1
v 12 1 -7
v 12 1 -7.1
v 12 1.1 -10
v 12 1.1 -10.1
v 12 1.2 -10
v 12 1.2 -10.1
v 12.1 1 -8.8
v 12.1 1 -8.9
v 12.1 1.1 -8.8
v 12.1 1.1 -8.9
v 12.3 0.7 -0.9
v 12.3 0.7 -1
v 12.3 0.8 -0.9
v 12.3 0.8 -1
v 12.5 0.7 -1
v 12.5 0.7 -1.1
v 12.5 0.8 -1
v 12.5 0.8 -1.1
v 12.7 0.6 1.5
v 12.7 0.6 1.4
v 12.7 0.7 1.5
v 12.7 0.7 1.4
v 12.8 0 12.8
v 12.8 0 1.4
v 12.8 0 -12.8
v 12.8 0.1 12.8
v 12.8 0.1 12
v 12.8 0.1 1.5
v 12.8 0.1 1.4
v 12.8 0.2 12
v 12.8 0.2 8.7
v 12.8 0.3 8.7
v 12.8 0.3 6
v 12.8 0.4 6
v 12.8 0.4 4.8
v 12.8 0.5 4.8
v 12.8 0.5 3
v 12.8 0.6 3
v 12.8 0.6 1.5
v 12.8 0.6 1.4
v 12.8 0.7 1.4
v 12.8 0.7 -1.1
v 12.8 0.8 -1.1
v 12.8 0.8 -5
v 12.8 0.9 -5
v 12.8 0.9 -7.1
v 12.8 1 -7.1
v 12.8 1 -8.9
v 12.8 1.1 -8.9
v 12.8 1.1 -10.1
v 12.8 1.2 -10.1
v 12.8 1.2 -12.8
v -12.8 0 12.8
v -12.8 0.1 12.8
v 12.8 0 12.8
v 12.8 0.1 12.8
v 12.7 0.1 12
v 12.7 0.2 12
v 12.8 0.1 12
v 12.8 0.2 12
v 12.5 0.1 11.9
v 12.5 0.2 11.9
v 12.7 0.1 11.9
v 12.7 0.2 11.9
v 12.3 0.1 11.8
v 12.3 0.2 11.8
v 12.5 0.1 11.8
v 12.5 0.2 11.8
v 12.1 0.1 11.7
v 12.1 0.2 11.7
v 12.3 0.1 11.7
v 12.3 0.2 11.7
v 11.9 0.1 11.6
v 11.9 0.2 11.6
v 12.1 0.1 11.6
v 12.1 0.2 11.6
v 11.6 0.1 11.4
v 11.6 0.2 11.4
v 11.9 0.1 11.4
v 11.9 0.2 11.4
v 11.5 0.1 11.3
v 11.5 0.2 11.3
v 11.6 0.1 11.3
v 11.6 0.2 11.3
v -12.8 0.1 11.2
v -12.8 0.2 11.2
v -12.6 0.1 11.2
v -12.6 0.2 11.2
v 11.4 0.1 11.2
v 11.4 0.2 11.2
v 11.5 0.1 11.2
v 11.5 0.2 11.2
v -12.6 0.1 11.1
v -12.6 0.2 11.1
v -12.4 0.1 11.1
v -12.4 0.2 11.1
v 11.3 0.1 11.1
v 11.3 0.2 11.1
v 11.4 0.1 11.1
v 11.4 0.2 11.1
v -12.4 0.1 11
v -12.4 0.2 11
v -12.2 0.1 11
v -12.2 0.2 11
v 11 0.1 11
v 11 0.2 11
v 11.3 0.1 11
v 11.3 0.2 11
v -12.2 0.1 10.9
v -12.2 0.2 10.9
v -12.1 0.1 10.9
v -12.1 0.2 10.9
v -12.1 0.1 10.8
v -12.1 0.2 10.8
v -12 0.1 10.8
v -12 0.2 10.8
v 10.9 0.1 10.8
v 10.9 0.2 10.8
v 11 0.1 10.8
v 11 0.2 10.8
v -12 0.1 10.7
v -12 0.2 10.7
v -11.9 0.1 10.7
v -11.9 0.2 10.7
v 10.8 0.1 10.7
v 10.8 0.2 10.7
v 10.9 0.1 10.7
v 10.9 0.2 10.7
v -11.9 0.1 10.6
v -11.9 0.2 10.6
v -11.8 0.1 10.6
v -11.8 0.2 10.6
v 10.7 0.1 10.6
v 10.7 0.2 10.6
v 10.8 0.1 10.6
v 10.8 0.2 10.6
v -11.8 0.1 10.5
v -11.8 0.2 10.5
v -11.6 0.1 10.5
v -11.6 0.2 10.5
v -11.6 0.1 10.4
v -11.6 0.2 10.4
v -11.5 0.1 10.4
v -11.5 0.2 10.4
v 10.6 0.1 10.4
v 10.6 0.2 10.4
v 10.7 0.1 10.4
v 10.7 0.2 10.4
v -11.5 0.1 10.3
v -11.5 0.2 10.3
v -11.3 0.1 10.3
v -11.3 0.2 10.3
v 10.5 0.1 10.3
v 10.5 0.2 10.3
v 10.6 0.1 10.3
v 10.6 0.2 10.3
v -11.3 0.1 10.2
v -11.3 0.2 10.2
v -11.2 0.1 10.2
v -11.2 0.2 10.2
v 10.4 0.1 10.2
v 10.4 0.2 10.2
v 10.5 0.1 10.2
v 10.5 0.2 10.2
v -11.2 0.1 10.1
v -11.2 0.2 10.1
v -11.1 0.1 10.1
v -11 0.1 10.1
v -11 0.2 10.1
v 10.3 0.1 10.1
v 10.3 0.2 10.1
v 10.4 0.1 10.1
v 10.4 0.2 10.1
v -11 0.1 10
v -11 0.2 10
v -10.9 0.1 10
v -10.9 0.2 10
v 10.2 0.1 10
v 10.2 0.2 10
v 10.3 0.1 10
v 10.3 0.2 10
v -10.9 0.1 9.9
v -10.9 0.2 9.9
v -10.7 0.1 9.9
v -10.7 0.2 9.9
v -10.7 0.1 9.8
v -10.7 0.2 9.8
v -10.6 0.1 9.8
v -10.6 0.2 9.8
v 10.1 0.1 9.8
v 10.1 0.2 9.8
v 10.2 0.1 9.8
v 10.2 0.2 9.8
v -10.6 0.1 9.7
v -10.6 0.2 9.7
v -10.3 0.1 9.7
v -10.3 0.2 9.7
v 10 0.1 9.7
v 10 0.2 9.7
v 10.1 0.1 9.7
v 10.1 0.2 9.7
v -10.3 0.1 9.6
v -10.3 0.2 9.6
v -10.1 0.1 9.6
v -10.1 0.2 9.6
v 9.9 0.1 9.6
v 9.9 0.2 9.6
v 10 0.1 9.6
v 10 0.2 9.6
v -10.1 0.1 9.5
v -10.1 0.2 9.5
v -9.9 0.1 9.5
v -9.9 0.2 9.5
v 9.7 0.1 9.5
v 9.7 0.2 9.5
v 9.9 0.1 9.5
v 9.9 0.2 9.5
v -9.9 0.1 9.4
v -9.9 0.2 9.4
v -9.8 0.1 9.4
v -9.8 0.2 9.4
v 9.6 0.1 9.4
v 9.6 0.2 9.4
v 9.7 0.1 9.4
v 9.7 0.2 9.4
v -9.8 0.1 9.3
v -9.8 0.2 9.3
v -9.4 0.1 9.3
v -9.4 0.2 9.3
v 9.4 0.1 9.3
v 9.4 0.2 9.3
v 9.6 0.1 9.3
v 9.6 0.2 9.3
v -9.4 0.1 9.2
v -9.4 0.2 9.2
v -9.2 0.1 9.2
v -9.2 0.2 9.2
v 9.3 0.1 9.2
v 9.3 0.2 9.2
v 9.4 0.1 9.2
v 9.4 0.2 9.2
v -9.2 0.1 9.1
v -9.2 0.2 9.1
v -9 0.1 9.1
v -9 0.2 9.1
v 9.2 0.1 9.1
v 9.2 0.2 9.1
v 9.3 0.1 9.1
v 9.3 0.2 9.1
v -9 0.1 9
v -9 0.2 9
v -8.8 0.1 9
v -8.8 0.2 9
v 9 0.1 9
v 9 0.2 9
v 9.2 0.1 9
v 9.2 0.2 9
v -8.8 0.1 8.9
v -8.8 0.2 8.9
v -8.5 0.1 8.9
v -8.5 0.2 8.9
v -8.5 0.1 8.8
v -8.5 0.2 8.8
v -8.3 0.1 8.8
v -8.3 0.2 8.8
v 8.7 0.1 8.8
v 8.7 0.2 8.8
v 9 0.1 8.8
v 9 0.2 8.8
v -8.3 0.1 8.7
v -8.3 0.2 8.7
v -8.1 0.1 8.7
v -8.1 0.2 8.7
v 8.5 0.1 8.7
v 8.5 0.2 8.7
v 8.7 0.1 8.7
v 8.7 0.2 8.7
v 12.6 0.2 8.7
v 12.6 0.3 8.7
v 12.8 0.2 8.7
v 12.8 0.3 8.7
v -8.1 0.1 8.6
v -8.1 0.2 8.6
v -7.9 0.1 8.6
v -7.9 0.2 8.6
v 8.3 0.1 8.6
v 8.3 0.2 8.6
v 8.5 0.1 8.6
v 8.5 0.2 8.6
v 12.5 0.2 8.6
v 12.5 0.3 8.6
v 12.6 0.2 8.6
v 12.6 0.3 8.6
v -7.9 0.1 8.5
v -7.9 0.2 8.5
v -7.6 0.1 8.5
v -7.6 0.2 8.5
v 7.8 0.1 8.5
v 7.8 0.2 8.5
v 8.3 0.1 8.5
v 8.3 0.2 8.5
v 12.3 0.2 8.5
v 12.3 0.3 8.5
v 12.5 0.2 8.5
v 12.5 0.3 8.5
v -7.6 0.1 8.4
v -7.6 0.2 8.4
v -7.1 0.1 8.4
v -7.1 0.2 8.4
v 7.5 0.1 8.4
v 7.5 0.2 8.4
v 7.8 0.1 8.4
v 7.8 0.2 8.4
v 12.1 0.2 8.4
v 12.1 0.3 8.4
v 12.2 0.2 8.4
v 12.2 0.3 8.4
v 12.3 0.2 8.4
v 12.3 0.3 8.4
v -7.1 0.1 8.3
v -7.1 0.2 8.3
v -6.6 0.1 8.3
v -6.6 0.2 8.3
v 7.4 0.1 8.3
v 7.4 0.2 8.3
v 7.5 0.1 8.3
v 7.5 0.2 8.3
v 11.8 0.2 8.3
v 11.8 0.3 8.3
v 11.9 0.2 8.3
v 11.9 0.3 8.3
v 12 0.2 8.3
v 12 0.3 8.3
v 12.1 0.2 8.3
v 12.1 0.3 8.3
v -6.6 0.1 8.2
v -6.6 0.2 8.2
v -6.3 0.1 8.2
v -6.3 0.2 8.2
v 7.1 0.1 8.2
v 7.1 0.2 8.2
v 7.4 0.1 8.2
v 7.4 0.2 8.2
v 11.4 0.2 8.2
v 11.4 0.3 8.2
v 11.5 0.2 8.2
v 11.5 0.3 8.2
v 11.6 0.2 8.2
v 11.6 0.3 8.2
v 11.8 0.2 8.2
v 11.8 0.3 8.2
v 11.9 0.2 8.2
v 11.9 0.3 8.2
v 12 0.2 8.2
v 12 0.3 8.2
v -6.3 0.1 8.1
v -6.3 0.2 8.1
v -6 0.1 8.1
v -6 0.2 8.1
v 6.8 0.1 8.1
v 6.8 0.2 8.1
v 7.1 0.1 8.1
v 7.1 0.2 8.1
v 10.6 0.2 8.1
v 10.6 0.3 8.1
v 11.4 0.2 8.1
v 11.4 0.3 8.1
v 11.5 0.2 8.1
v 11.5 0.3 8.1
v 11.6 0.2 8.1
v 11.6 0.3 8.1
v -6 0.1 8
v -6 0.2 8
v -5.6 0.1 8
v -5.6 0.2 8
v 6.3 0.1 8
v 6.3 0.2 8
v 6.8 0.1 8
v 6.8 0.2 8
v 10.2 0.2 8
v 10.2 0.3 8
v 10.6 0.2 8
v 10.6 0.3 8
v -12.8 0.2 7.9
v -12.8 0.3 7.9
v -12.6 0.2 7.9
v -12.6 0.3 7.9
v -5.6 0.1 7.9
v -5.6 0.2 7.9
v -5.1 0.1 7.9
v -5.1 0.2 7.9
v 5.8 0.1 7.9
v 5.8 0.2 7.9
v 6.3 0.1 7.9
v 6.3 0.2 7.9
v 9.7 0.2 7.9
v 9.7 0.3 7.9
v 10.1 0.2 7.9
v 10.1 0.3 7.9
v 10.2 0.2 7.9
v 10.2 0.3 7.9
v -12.6 0.2 7.8
v -12.6 0.3 7.8
v -12.4 0.2 7.8
v -12.4 0.3 7.8
v -5.1 0.1 7.8
v -5.1 0.2 7.8
v -4.9 0.1 7.8
v -4.9 0.2 7.8
v 5.5 0.1 7.8
v 5.5 0.2 7.8
v 5.8 0.1 7.8
v 5.8 0.2 7.8
v 9.4 0.2 7.8
v 9.4 0.3 7.8
v 9.7 0.2 7.8
v 9.7 0.3 7.8
v -12.4 0.2 7.7
v -12.4 0.3 7.7
v -12.1 0.2 7.7
v -12.1 0.3 7.7
v -4.9 0.1 7.7
v -4.9 0.2 7.7
v -4.4 0.1 7.7
v -4.4 0.2 7.7
v 5.2 0.1 7.7
v 5.2 0.2 7.7
v 5.5 0.1 7.7
v 5.5 0.2 7.7
v 9.1 0.2 7.7
v 9.1 0.3 7.7
v 9.4 0.2 7.7
v 9.4 0.3 7.7
v -12.1 0.2 7.6
v -12.1 0.3 7.6
v -11.9 0.2 7.6
v -11.9 0.3 7.6
v -4.4 0.1 7.6
v -4.4 0.2 7.6
v -4 0.1 7.6
v -4 0.2 7.6
v 4.9 0.1 7.6
v 4.9 0.2 7.6
v 5.2 0.1 7.6
v 5.2 0.2 7.6
v 8.7 0.2 7.6
v 8.7 0.3 7.6
v 9.1 0.2 7.6
v 9.1 0.3 7.6
v -11.9 0.2 7.5
v -11.9 0.3 7.5
v -11.7 0.2 7.5
v -11.7 0.3 7.5
v -4 0.1 7.5
v -4 0.2 7.5
v -3.6 0.1 7.5
v -3.6 0.2 7.5
v 4.5 0.1 7.5
v 4.5 0.2 7.5
v 4.9 0.1 7.5
v 4.9 0.2 7.5
v 8.5 0.2 7.5
v 8.5 0.3 7.5
v 8.7 0.2 7.5
v 8.7 0.3 7.5
v -11.7 0.2 7.4
v -11.7 0.3 7.4
v -11.6 0.2 7.4
v -11.6 0.3 7.4
v -3.6 0.1 7.4
v -3.6 0.2 7.4
v -3.1 0.1 7.4
v -3.1 0.2 7.4
v 4.1 0.1 7.4
v 4.1 0.2 7.4
v 4.5 0.1 7.4
v 4.5 0.2 7.4
v 8 0.2 7.4
v 8 0.3 7.4
v 8.5 0.2 7.4
v 8.5 0.3 7.4
v -11.6 0.2 7.3
v -11.6 0.3 7.3
v -11.4 0.2 7.3
v -11.4 0.3 7.3
v -3.1 0.1 7.3
v -3.1 0.2 7.3
v -2.7 0.1 7.3
v -2.7 0.2 7.3
v 3.4 0.1 7.3
v 3.4 0.2 7.3
v 4.1 0.1 7.3
v 4.1 0.2 7.3
v 7.8 0.2 7.3
v 7.8 0.3 7.3
v 8 0.2 7.3
v 8 0.3 7.3
v -11.4 0.2 7.2
v -11.4 0.3 7.2
v -11.1 0.2 7.2
v -11.1 0.3 7.2
v -2.7 0.1 7.2
v -2.7 0.2 7.2
v -2.4 0.1 7.2
v -2.4 0.2 7.2
v 2.8 0.1 7.2
v 2.8 0.2 7.2
v 3.4 0.1 7.2
v 3.4 0.2 7.2
v 7.5 0.2 7.2
v 7.5 0.3 7.2
v 7.8 0.2 7.2
v 7.8 0.3 7.2
v -11.1 0.2 7.1
v -11.1 0.3 7.1
v -10.7 0.2 7.1
v -10.7 0.3 7.1
v -2.4 0.1 7.1
v -2.4 0.2 7.1
v -2.1 0.1 7.1
v -2.1 0.2 7.1
v 1.1 0.1 7.1
v 1.1 0.2 7.1
v 2.2 0.1 7.1
v 2.2 0.2 7.1
v 2.3 0.1 7.1
v 2.3 0.2 7.1
v 2.8 0.1 7.1
v 2.8 0.2 7.1
v 7.2 0.2 7.1
v 7.2 0.3 7.1
v 7.5 0.2 7.1
v 7.5 0.3 7.1
v -10.7 0.2 7
v -10.7 0.3 7
v -10.3 0.2 7
v -10.3 0.3 7
v -2.1 0.1 7
v -2.1 0.2 7
v -1.7 0.1 7
v -1.7 0.2 7
v 0.4 0.1 7
v 0.4 0.2 7
v 1.1 0.1 7
v 1.1 0.2 7
v 6.8 0.2 7
v 6.8 0.3 7
v 7.2 0.2 7
v 7.2 0.3 7
v -10.3 0.2 6.9
v -10.3 0.3 6.9
v -9.9 0.2 6.9
v -9.9 0.3 6.9
v -1.7 0.1 6.9
v -1.7 0.2 6.9
v -0.400001 0.1 6.9
v -0.400001 0.2 6.9
v -0.3 0.1 6.9
v -0.3 0.2 6.9
v 0.4 0.1 6.9
v 0.4 0.2 6.9
v 6.3 0.2 6.9
v 6.3 0.3 6.9
v 6.8 0.2 6.9
v 6.8 0.3 6.9
v -9.9 0.2 6.8
v -9.9 0.3 6.8
v -9.6 0.2 6.8
v -9.6 0.3 6.8
v -0.400001 0.1 6.8
v -0.400001 0.2 6.8
v -0.3 0.1 6.8
v -0.3 0.2 6.8
v 5.7 0.2 6.8
v 5.7 0.3 6.8
v 6.3 0.2 6.8
v 6.3 0.3 6.8
v -9.6 0.2 6.7
v -9.6 0.3 6.7
v -9.4 0.2 6.7
v -9.4 0.3 6.7
v 5.4 0.2 6.7
v 5.4 0.3 6.7
v 5.7 0.2 6.7
v 5.7 0.3 6.7
v -9.4 0.2 6.6
v -9.4 0.3 6.6
v -9 0.2 6.6
v -9 0.3 6.6
v 5.1 0.2 6.6
v 5.1 0.3 6.6
v 5.4 0.2 6.6
v 5.4 0.3 6.6
v -9 0.2 6.5
v -9 0.3 6.5
v -8.8 0.2 6.5
v -8.8 0.3 6.5
v 4.6 0.2 6.5
v 4.6 0.3 6.5
v 5.1 0.2 6.5
v 5.1 0.3 6.5
v -8.8 0.2 6.4
v -8.8 0.3 6.4
v -8.4 0.2 6.4
v -8.4 0.3 6.4
v 4.1 0.2 6.4
v 4.1 0.3 6.4
v 4.6 0.2 6.4
v 4.6 0.3 6.4
v -8.4 0.2 6.3
v -8.4 0.3 6.3
v -8 0.2 6.3
v -8 0.3 6.3
v 3.8 0.2 6.3
v 3.8 0.3 6.3
v 4.1 0.2 6.3
v 4.1 0.3 6.3
v -12.8 0.3 6.2
v -12.8 0.4 6.2
v -12.6 0.3 6.2
v -12.6 0.4 6.2
v -8 0.2 6.2
v -8 0.3 6.2
v -7.2 0.2 6.2
v -7.2 0.3 6.2
v -6.7 0.2 6.2
v -6.7 0.3 6.2
v -6.4 0.2 6.2
v -6.4 0.3 6.2
v -3.6 0.2 6.2
v -3.6 0.3 6.2
v -3.4 0.2 6.2
v -3.4 0.3 6.2
v 3.6 0.2 6.2
v 3.6 0.3 6.2
v 3.8 0.2 6.2
v 3.8 0.3 6.2
v -12.6 0.3 6.1
v -12.6 0.4 6.1
v -12.3 0.3 6.1
v -12.2 0.3 6.1
v -12.2 0.4 6.1
v -7.2 0.2 6.1
v -7.2 0.3 6.1
v -6.7 0.2 6.1
v -6.7 0.3 6.1
v -6.4 0.2 6.1
v -6.4 0.3 6.1
v -5.3 0.2 6.1
v -5.2 0.2 6.1
v -3.6 0.2 6.1
v -3.6 0.3 6.1
v -3.4 0.2 6.1
v -3.4 0.3 6.1
v -3 0.2 6.1
v -3 0.3 6.1
v 3.4 0.2 6.1
v 3.4 0.3 6.1
v 3.6 0.2 6.1
v 3.6 0.3 6.1
v -12.2 0.3 6
v -12.2 0.4 6
v -12 0.3 6
v -12 0.4 6
v -3 0.2 6
v -3 0.3 6
v -1 0.2 6
v -1 0.3 6
v 3.2 0.2 6
v 3.2 0.3 6
v 3.4 0.2 6
v 3.4 0.3 6
v 12.3 0.3 6
v 12.3 0.4 6
v 12.8 0.3 6
v 12.8 0.4 6
v -12 0.3 5.9
v -12 0.4 5.9
v -11.9 0.3 5.9
v -11.9 0.4 5.9
v -11.8 0.3 5.9
v -11.8 0.4 5.9
v -11.5 0.3 5.9
v -11.5 0.4 5.9
v -1 0.2 5.9
v -1 0.3 5.9
v -0.400001 0.2 5.9
v -0.400001 0.3 5.9
v 3.1 0.2 5.9
v 3.1 0.3 5.9
v 3.2 0.2 5.9
v 3.2 0.3 5.9
v 12 0.3 5.9
v 12 0.4 5.9
v 12.2 0.3 5.9
v 12.2 0.4 5.9
v 12.3 0.3 5.9
v 12.3 0.4 5.9
v -11.5 0.3 5.8
v -11.5 0.4 5.8
v -11.3 0.3 5.8
v -11.3 0.4 5.8
v -0.400001 0.2 5.8
v -0.400001 0.3 5.8
v 1 0.2 5.8
v 1 0.3 5.8
v 2.6 0.2 5.8
v 2.6 0.3 5.8
v 3.1 0.2 5.8
v 3.1 0.3 5.8
v 11.5 0.3 5.8
v 11.5 0.4 5.8
v 12 0.3 5.8
v 12 0.4 5.8
v -11.3 0.3 5.7
v -11.3 0.4 5.7
v -10.9 0.3 5.7
v -10.9 0.4 5.7
v 1 0.2 5.7
v 1 0.3 5.7
v 1.4 0.2 5.7
v 1.5 0.2 5.7
v 1.5 0.3 5.7
v 1.7 0.2 5.7
v 1.7 0.3 5.7
v 2.6 0.2 5.7
v 2.6 0.3 5.7
v 11.3 0.3 5.7
v 11.3 0.4 5.7
v 11.5 0.3 5.7
v 11.5 0.4 5.7
v -10.9 0.3 5.6
v -10.9 0.4 5.6
v -10.7 0.3 5.6
v -10.7 0.4 5.6
v 1.5 0.2 5.6
v 1.5 0.3 5.6
v 1.7 0.2 5.6
v 1.7 0.3 5.6
v 11.1 0.3 5.6
v 11.1 0.4 5.6
v 11.3 0.3 5.6
v 11.3 0.4 5.6
v -10.7 0.3 5.5
v -10.7 0.4 5.5
v -10.4 0.3 5.5
v -10.4 0.4 5.5
v 10.9 0.3 5.5
v 10.9 0.4 5.5
v 11.1 0.3 5.5
v 11.1 0.4 5.5
v -10.4 0.3 5.4
v -10.4 0.4 5.4
v -10.1 0.3 5.4
v -10.1 0.4 5.4
v 10.7 0.3 5.4
v 10.7 0.4 5.4
v 10.9 0.3 5.4
v 10.9 0.4 5.4
v -10.1 0.3 5.3
v -10.1 0.4 5.3
v -9.7 0.3 5.3
v -9.7 0.4 5.3
v 10.5 0.3 5.3
v 10.5 0.4 5.3
v 10.7 0.3 5.3
v 10.7 0.4 5.3
v -9.7 0.3 5.2
v -9.7 0.4 5.2
v -9.3 0.3 5.2
v -9.2 0.3 5.2
v -9.2 0.4 5.2
v 10.1 0.3 5.2
v 10.1 0.4 5.2
v 10.5 0.3 5.2
v 10.5 0.4 5.2
v -9.2 0.3 5.1
v -9.2 0.4 5.1
v -8.9 0.3 5.1
v -8.9 0.4 5.1
v 9.6 0.3 5.1
v 9.6 0.4 5.1
v 9.7 0.3 5.1
v 10.1 0.3 5.1
v 10.1 0.4 5.1
v -8.9 0.3 5
v -8.9 0.4 5
v -8.7 0.3 5
v -8.7 0.4 5
v 9.3 0.3 5
v 9.3 0.4 5
v 9.6 0.3 5
v 9.6 0.4 5
v -8.7 0.3 4.9
v -8.7 0.4 4.9
v -8.6 0.3 4.9
v -8.6 0.4 4.9
v 8.8 0.3 4.9
v 8.8 0.4 4.9
v 9.3 0.3 4.9
v 9.3 0.4 4.9
v -8.6 0.3 4.8
v -8.6 0.4 4.8
v -8.2 0.3 4.8
v -8.2 0.4 4.8
v 7.7 0.3 4.8
v 7.7 0.4 4.8
v 8.8 0.3 4.8
v 8.8 0.4 4.8
v 12.5 0.4 4.8
v 12.5 0.5 4.8
v 12.8 0.4 4.8
v 12.8 0.5 4.8
v -8.2 0.3 4.7
v -8.2 0.4 4.7
v -7.8 0.3 4.7
v -7.8 0.4 4.7
v 6.3 0.3 4.7
v 6.3 0.4 4.7
v 7.7 0.3 4.7
v 7.7 0.4 4.7
v 12.3 0.4 4.7
v 12.3 0.5 4.7
v 12.5 0.4 4.7
v 12.5 0.5 4.7
v -12.8 0.4 4.6
v -12.8 0.5 4.6
v -12.4 0.4 4.6
v -12.4 0.5 4.6
v -7.8 0.3 4.6
v -7.8 0.4 4.6
v -7.4 0.3 4.6
v -7.4 0.4 4.6
v 5.7 0.3 4.6
v 5.7 0.4 4.6
v 6.3 0.3 4.6
v 6.3 0.4 4.6
v 11.8 0.4 4.6
v 11.8 0.5 4.6
v 12.3 0.4 4.6
v 12.3 0.5 4.6
v -12.4 0.4 4.5
v -12.4 0.5 4.5
v -12 0.4 4.5
v -12 0.5 4.5
v -11.9 0.4 4.5
v -11.9 0.5 4.5
v -11.7 0.4 4.5
v -11.7 0.5 4.5
v -7.4 0.3 4.5
v -7.4 0.4 4.5
v -7.1 0.3 4.5
v -7.1 0.4 4.5
v 5.1 0.3 4.5
v 5.1 0.4 4.5
v 5.7 0.3 4.5
v 5.7 0.4 4.5
v 11.1 0.4 4.5
v 11.1 0.5 4.5
v 11.8 0.4 4.5
v 11.8 0.5 4.5
v -11.7 0.4 4.4
v -11.7 0.5 4.4
v -11.1 0.4 4.4
v -11.1 0.5 4.4
v -7.1 0.3 4.4
v -7.1 0.4 4.4
v -6.7 0.3 4.4
v -6.7 0.4 4.4
v 3.3 0.3 4.4
v 3.3 0.4 4.4
v 5.1 0.3 4.4
v 5.1 0.4 4.4
v 10.6 0.4 4.4
v 10.6 0.5 4.4
v 11.1 0.4 4.4
v 11.1 0.5 4.4
v -11.1 0.4 4.3
v -11.1 0.5 4.3
v -11 0.4 4.3
v -10.9 0.4 4.3
v -10.7 0.4 4.3
v -10.7 0.5 4.3
v -6.7 0.3 4.3
v -6.7 0.4 4.3
v -6.3 0.3 4.3
v -6.3 0.4 4.3
v 2.7 0.3 4.3
v 2.7 0.4 4.3
v 3.3 0.3 4.3
v 3.3 0.4 4.3
v 10.4 0.4 4.3
v 10.4 0.5 4.3
v 10.6 0.4 4.3
v 10.6 0.5 4.3
v -10.7 0.4 4.2
v -10.7 0.5 4.2
v -10.6 0.4 4.2
v -10.5 0.4 4.2
v -9.8 0.4 4.2
v -9.8 0.5 4.2
v -6.3 0.3 4.2
v -6.3 0.4 4.2
v -5.8 0.3 4.2
v -5.8 0.4 4.2
v 2 0.3 4.2
v 2 0.4 4.2
v 2.7 0.3 4.2
v 2.7 0.4 4.2
v 10.1 0.4 4.2
v 10.1 0.5 4.2
v 10.4 0.4 4.2
v 10.4 0.5 4.2
v -9.8 0.4 4.1
v -9.8 0.5 4.1
v -9.2 0.4 4.1
v -9.2 0.5 4.1
v -5.8 0.3 4.1
v -5.8 0.4 4.1
v -3.3 0.3 4.1
v -3.3 0.4 4.1
v 1.5 0.3 4.1
v 1.5 0.4 4.1
v 2 0.3 4.1
v 2 0.4 4.1
v 9.8 0.4 4.1
v 9.8 0.5 4.1
v 10.1 0.4 4.1
v 10.1 0.5 4.1
v -9.2 0.4 4
v -9.2 0.5 4
v -8.7 0.4 4
v -8.7 0.5 4
v -3.3 0.3 4
v -3.3 0.4 4
v -1.1 0.3 4
v -1.1 0.4 4
v 1.2 0.3 4
v 1.2 0.4 4
v 1.5 0.3 4
v 1.5 0.4 4
v 9.6 0.4 4
v 9.6 0.5 4
v 9.8 0.4 4
v 9.8 0.5 4
v -8.7 0.4 3.9
v -8.7 0.5 3.9
v -8.3 0.4 3.9
v -8.3 0.5 3.9
v -1.1 0.3 3.9
v -1.1 0.4 3.9
v 0.4 0.3 3.9
v 0.4 0.4 3.9
v 0.7 0.3 3.9
v 0.7 0.4 3.9
v 1.2 0.3 3.9
v 1.2 0.4 3.9
v 9.5 0.4 3.9
v 9.5 0.5 3.9
v 9.6 0.4 3.9
v 9.6 0.5 3.9
v -8.3 0.4 3.8
v -8.3 0.5 3.8
v -7.6 0.4 3.8
v -7.6 0.5 3.8
v 0.4 0.3 3.8
v 0.4 0.4 3.8
v 0.7 0.3 3.8
v 0.7 0.4 3.8
v 9.3 0.4 3.8
v 9.3 0.5 3.8
v 9.5 0.4 3.8
v 9.5 0.5 3.8
v -7.6 0.4 3.7
v -7.6 0.5 3.7
v -7.1 0.4 3.7
v -7.1 0.5 3.7
v 9.1 0.4 3.7
v 9.1 0.5 3.7
v 9.3 0.4 3.7
v 9.3 0.5 3.7
v -7.1 0.4 3.6
v -7.1 0.5 3.6
v -6.5 0.4 3.6
v -6.5 0.5 3.6
v 8.9 0.4 3.6
v 8.9 0.5 3.6
v 9.1 0.4 3.6
v 9.1 0.5 3.6
v -6.5 0.4 3.5
v -6.5 0.5 3.5
v -5.8 0.4 3.5
v -5.8 0.5 3.5
v 8.4 0.4 3.5
v 8.4 0.5 3.5
v 8.9 0.4 3.5
v 8.9 0.5 3.5
v -5.8 0.4 3.4
v -5.8 0.5 3.4
v -5.2 0.4 3.4
v -5.2 0.5 3.4
v 8.1 0.4 3.4
v 8.1 0.5 3.4
v 8.4 0.4 3.4
v 8.4 0.5 3.4
v -5.2 0.4 3.3
v -5.2 0.5 3.3
v -4.6 0.4 3.3
v -4.6 0.5 3.3
v 7 0.4 3.3
v 7 0.5 3.3
v 8.1 0.4 3.3
v 8.1 0.5 3.3
v -4.6 0.4 3.2
v -4.6 0.5 3.2
v -4.2 0.4 3.2
v -4.2 0.5 3.2
v 4.9 0.4 3.2
v 4.9 0.5 3.2
v 5.7 0.4 3.2
v 5.7 0.5 3.2
v 5.8 0.4 3.2
v 5.8 0.5 3.2
v 7 0.4 3.2
v 7 0.5 3.2
v -4.2 0.4 3.1
v -4.2 0.5 3.1
v -3.6 0.4 3.1
v -3.6 0.5 3.1
v 2.8 0.4 3.1
v 2.8 0.5 3.1
v 4.9 0.4 3.1
v 4.9 0.5 3.1
v -8.9 0.5 3
v -8.9 0.6 3
v -8.2 0.5 3
v -8.2 0.6 3
v -3.6 0.4 3
v -3.6 0.5 3
v -2.9 0.4 3
v -2.9 0.5 3
v 1.8 0.4 3
v 1.8 0.5 3
v 2.8 0.4 3
v 2.8 0.5 3
v 12.5 0.5 3
v 12.5 0.6 3
v 12.8 0.5 3
v 12.8 0.6 3
v -10.1 0.5 2.9
v -10.1 0.6 2.9
v -9.9 0.5 2.9
v -9.9 0.6 2.9
v -9.7 0.5 2.9
v -9.7 0.6 2.9
v -8.9 0.5 2.9
v -8.9 0.6 2.9
v -8.2 0.5 2.9
v -8.2 0.6 2.9
v -7.3 0.5 2.9
v -7.3 0.6 2.9
v -2.9 0.4 2.9
v -2.9 0.5 2.9
v -2.5 0.4 2.9
v -2.5 0.5 2.9
v 1.1 0.4 2.9
v 1.1 0.5 2.9
v 1.8 0.4 2.9
v 1.8 0.5 2.9
v 12.3 0.5 2.9
v 12.3 0.6 2.9
v 12.5 0.5 2.9
v 12.5 0.6 2.9
v -11.6 0.5 2.8
v -11.6 0.6 2.8
v -10.3 0.5 2.8
v -10.2 0.5 2.8
v -10.1 0.5 2.8
v -10.1 0.6 2.8
v -7.3 0.5 2.8
v -7.3 0.6 2.8
v -6.6 0.5 2.8
v -6.6 0.6 2.8
v -2.5 0.4 2.8
v -2.5 0.5 2.8
v -1.9 0.4 2.8
v -1.9 0.5 2.8
v 0.4 0.4 2.8
v 0.4 0.5 2.8
v 1.1 0.4 2.8
v 1.1 0.5 2.8
v 12.1 0.5 2.8
v 12.1 0.6 2.8
v 12.3 0.5 2.8
v 12.3 0.6 2.8
v -12.8 0.5 2.7
v -12.8 0.6 2.7
v -11.6 0.5 2.7
v -11.6 0.6 2.7
v -6.6 0.5 2.7
v -6.6 0.6 2.7
v -6 0.5 2.7
v -6 0.6 2.7
v -1.9 0.4 2.7
v -1.9 0.5 2.7
v 0.4 0.4 2.7
v 0.4 0.5 2.7
v 11.9 0.5 2.7
v 11.9 0.6 2.7
v 12.1 0.5 2.7
v 12.1 0.6 2.7
v -6 0.5 2.6
v -6 0.6 2.6
v -5.2 0.5 2.6
v -5.2 0.6 2.6
v 11.6 0.5 2.6
v 11.6 0.6 2.6
v 11.9 0.5 2.6
v 11.9 0.6 2.6
v -5.2 0.5 2.5
v -5.2 0.6 2.5
v -4.8 0.5 2.5
v -4.8 0.6 2.5
v 11.4 0.5 2.5
v 11.4 0.6 2.5
v 11.6 0.5 2.5
v 11.6 0.6 2.5
v -4.8 0.5 2.4
v -4.8 0.6 2.4
v -4.5 0.5 2.4
v -4.5 0.6 2.4
v 11.2 0.5 2.4
v 11.2 0.6 2.4
v 11.4 0.5 2.4
v 11.4 0.6 2.4
v -4.5 0.5 2.3
v -4.5 0.6 2.3
v -4.3 0.5 2.3
v -4.3 0.6 2.3
v 11 0.5 2.3
v 11 0.6 2.3
v 11.2 0.5 2.3
v 11.2 0.6 2.3
v -4.3 0.5 2.2
v -4.3 0.6 2.2
v -4.1 0.5 2.2
v -4.1 0.6 2.2
v 10.8 0.5 2.2
v 10.8 0.6 2.2
v 11 0.5 2.2
v 11 0.6 2.2
v -4.1 0.5 2.1
v -4.1 0.6 2.1
v -3.6 0.5 2.1
v -3.6 0.6 2.1
v 10.7 0.5 2.1
v 10.7 0.6 2.1
v 10.8 0.5 2.1
v 10.8 0.6 2.1
v -3.6 0.5 2
v -3.6 0.6 2
v -3.3 0.5 2
v -3.3 0.6 2
v 10.5 0.5 2
v 10.5 0.6 2
v 10.7 0.5 2
v 10.7 0.6 2
v -3.3 0.5 1.9
v -3.3 0.6 1.9
v -3.1 0.5 1.9
v -3.1 0.6 1.9
v 10.4 0.5 1.9
v 10.4 0.6 1.9
v 10.5 0.5 1.9
v 10.5 0.6 1.9
v -3.1 0.5 1.8
v -3.1 0.6 1.8
v -2.7 0.5 1.8
v -2.7 0.6 1.8
v 10.1 0.5 1.8
v 10.1 0.6 1.8
v 10.4 0.5 1.8
v 10.4 0.6 1.8
v -2.7 0.5 1.7
v -2.7 0.6 1.7
v -2.2 0.5 1.7
v -2.2 0.6 1.7
v 9.9 0.5 1.7
v 9.9 0.6 1.7
v 10.1 0.5 1.7
v 10.1 0.6 1.7
v -2.2 0.5 1.6
v -2.2 0.6 1.6
v -1.5 0.5 1.6
v -1.5 0.6 1.6
v 9.7 0.5 1.6
v 9.7 0.6 1.6
v 9.9 0.5 1.6
v 9.9 0.6 1.6
v -1.5 0.5 1.5
v -1.5 0.6 1.5
v -0.6 0.5 1.5
v -0.6 0.6 1.5
v 9.5 0.5 1.5
v 9.5 0.6 1.5
v 9.7 0.5 1.5
v 9.7 0.6 1.5
v 12.6 0.6 1.5
v 12.6 0.7 1.5
v 12.7 0.6 1.5
v 12.7 0.7 1.5
v -0.6 0.5 1.4
v -0.6 0.6 1.4
v 0.2 0.5 1.4
v 0.2 0.6 1.4
v 9.3 0.5 1.4
v 9.3 0.6 1.4
v 9.5 0.5 1.4
v 9.5 0.6 1.4
v 12.2 0.6 1.4
v 12.2 0.7 1.4
v 12.6 0.6 1.4
v 12.6 0.7 1.4
v 12.7 0.6 1.4
v 12.7 0.7 1.4
v 12.8 0.6 1.4
v 12.8 0.7 1.4
v -12.8 0.6 1.3
v -12.8 0.7 1.3
v -12.4 0.6 1.3
v -12.4 0.7 1.3
v 0.2 0.5 1.3
v 0.2 0.6 1.3
v 0.9 0.5 1.3
v 0.9 0.6 1.3
v 9 0.5 1.3
v 9 0.6 1.3
v 9.3 0.5 1.3
v 9.3 0.6 1.3
v 11.9 0.6 1.3
v 11.9 0.7 1.3
v 12.2 0.6 1.3
v 12.2 0.7 1.3
v -12.4 0.6 1.2
v -12.4 0.7 1.2
v -11.9 0.6 1.2
v -11.9 0.7 1.2
v 0.9 0.5 1.2
v 0.9 0.6 1.2
v 1.4 0.5 1.2
v 1.4 0.6 1.2
v 8.4 0.5 1.2
v 8.4 0.6 1.2
v 9 0.5 1.2
v 9 0.6 1.2
v 11.5 0.6 1.2
v 11.5 0.7 1.2
v 11.9 0.6 1.2
v 11.9 0.7 1.2
v -11.9 0.6 1.1
v -11.9 0.7 1.1
v -11.1 0.6 1.1
v -11.1 0.7 1.1
v 1.4 0.5 1.1
v 1.4 0.6 1.1
v 1.8 0.5 1.1
v 1.8 0.6 1.1
v 7 0.5 1.1
v 7 0.6 1.1
v 8.4 0.5 1.1
v 8.4 0.6 1.1
v 11.2 0.6 1.1
v 11.2 0.7 1.1
v 11.5 0.6 1.1
v 11.5 0.7 1.1
v -11.1 0.6 1
v -11.1 0.7 1
v -10.7 0.6 1
v -10.7 0.7 1
v 1.8 0.5 1
v 1.8 0.6 1
v 2.3 0.5 1
v 2.3 0.6 1
v 6.6 0.5 1
v 6.6 0.6 1
v 7 0.5 1
v 7 0.6 1
v -10.7 0.6 0.900001
v -10.7 0.7 0.900001
v -9.7 0.6 0.900001
v -9.7 0.7 0.900001
v 2.3 0.5 0.900001
v 2.3 0.6 0.900001
v 2.5 0.5 0.900001
v 2.5 0.6 0.900001
v 4.2 0.5 0.900001
v 4.2 0.6 0.900001
v 5.1 0.5 0.900001
v 5.1 0.6 0.900001
v 5.2 0.5 0.900001
v 5.2 0.6 0.900001
v 6.6 0.5 0.900001
v 6.6 0.6 0.900001
v 11.1 0.6 0.900001
v 11.1 0.7 0.900001
v 11.2 0.6 0.900001
v 11.2 0.7 0.900001
v -9.7 0.6 0.8
v -9.7 0.7 0.8
v -9.3 0.6 0.8
v -9.3 0.7 0.8
v 2.5 0.5 0.8
v 2.5 0.6 0.8
v 2.9 0.5 0.8
v 3 0.5 0.8
v 4.2 0.5 0.8
v 4.2 0.6 0.8
v 10.9 0.6 0.8
v 10.9 0.7 0.8
v 11.1 0.6 0.8
v 11.1 0.7 0.8
v -9.3 0.6 0.700001
v -9.3 0.7 0.700001
v -8.9 0.6 0.700001
v -8.9 0.7 0.700001
v 10.7 0.6 0.700001
v 10.7 0.7 0.700001
v 10.9 0.6 0.700001
v 10.9 0.7 0.700001
v -8.9 0.6 0.6
v -8.9 0.7 0.6
v -8.4 0.6 0.6
v -8.4 0.7 0.6
v 10.3 0.6 0.6
v 10.3 0.7 0.6
v 10.7 0.6 0.6
v 10.7 0.7 0.6
v -8.4 0.6 0.5
v -8.4 0.7 0.5
v -8.1 0.6 0.5
v -8.1 0.7 0.5
v 9.9 0.6 0.5
v 9.9 0.7 0.5
v 10.3 0.6 0.5
v 10.3 0.7 0.5
v -8.1 0.6 0.400001
v -8.1 0.7 0.400001
v -7.7 0.6 0.400001
v -7.7 0.7 0.400001
v 9.2 0.6 0.400001
v 9.2 0.7 0.400001
v 9.9 0.6 0.400001
v 9.9 0.7 0.400001
v -7.7 0.6 0.3
v -7.7 0.7 0.3
v -7.1 0.6 0.3
v -7.1 0.7 0.3
v 8.8 0.6 0.3
v 8.8 0.7 0.3
v 9.2 0.6 0.3
v 9.2 0.7 0.3
v -7.1 0.6 0.200001
v -7.1 0.7 0.200001
v -6.8 0.6 0.200001
v -6.8 0.7 0.200001
v 8.5 0.6 0.200001
v 8.5 0.7 0.200001
v 8.8 0.6 0.200001
v 8.8 0.7 0.200001
v -6.8 0.6 0.1
v -6.8 0.7 0.1
v -6.5 0.6 0.1
v -6.5 0.7 0.1
v 8 0.6 0.1
v 8 0.7 0.1
v 8.5 0.6 0.1
v 8.5 0.7 0.1
v -6.5 0.6 0
v -6.5 0.7 0
v -6 0.6 0
v -6 0.7 0
v 7.6 0.6 0
v 7.6 0.7 0
v 8 0.6 0
v 8 0.7 0
v -6 0.6 -0.0999994
v -6 0.7 -0.0999994
v -5.4 0.6 -0.0999994
v -5.4 0.7 -0.0999994
v 7 0.6 -0.0999994
v 7 0.7 -0.0999994
v 7.6 0.6 -0.0999994
v 7.6 0.7 -0.0999994
v -5.4 0.6 -0.2
v -5.4 0.7 -0.2
v -4.7 0.6 -0.2
v -4.7 0.7 -0.2
v 6.5 0.6 -0.2
v 6.5 0.7 -0.2
v 7 0.6 -0.2
v 7 0.7 -0.2
v -4.7 0.6 -0.299999
v -4.7 0.7 -0.299999
v -4.2 0.6 -0.299999
v -4.2 0.7 -0.299999
v 6.1 0.6 -0.299999
v 6.1 0.7 -0.299999
v 6.5 0.6 -0.299999
v 6.5 0.7 -0.299999
v -4.2 0.6 -0.4
v -4.2 0.7 -0.4
v -2.5 0.6 -0.4
v -2.5 0.7 -0.4
v 5.8 0.6 -0.4
v 5.8 0.7 -0.4
v 6.1 0.6 -0.4
v 6.1 0.7 -0.4
v -2.5 0.6 -0.5
v -2.5 0.7 -0.5
v -1.9 0.6 -0.5
v -1.9 0.7 -0.5
v 5 0.6 -0.5
v 5 0.7 -0.5
v 5.8 0.6 -0.5
v 5.8 0.7 -0.5
v -12.5 0.7 -0.599999
v -12.5 0.8 -0.599999
v -11.2 0.7 -0.599999
v -11.2 0.8 -0.599999
v -1.9 0.6 -0.599999
v -1.9 0.7 -0.599999
v -0.900001 0.6 -0.599999
v -0.900001 0.7 -0.599999
v 3.7 0.6 -0.599999
v 3.7 0.7 -0.599999
v 5 0.6 -0.599999
v 5 0.7 -0.599999
v -12.8 0.7 -0.7
v -12.8 0.8 -0.7
v -12.5 0.7 -0.7
v -12.5 0.8 -0.7
v -11.2 0.7 -0.7
v -11.2 0.8 -0.7
v -10.3 0.7 -0.7
v -10.3 0.8 -0.7
v -0.900001 0.6 -0.7
v -0.900001 0.7 -0.7
v 1.7 0.6 -0.7
v 1.7 0.7 -0.7
v 1.9 0.6 -0.7
v 1.9 0.7 -0.7
v 3.7 0.6 -0.7
v 3.7 0.7 -0.7
v -10.3 0.7 -0.799999
v -10.3 0.8 -0.799999
v -9.4 0.7 -0.799999
v -9.4 0.8 -0.799999
v 1.7 0.6 -0.799999
v 1.7 0.7 -0.799999
v 1.9 0.6 -0.799999
v 1.9 0.7 -0.799999
v 11.4 0.7 -0.799999
v 11.4 0.8 -0.799999
v 11.7 0.7 -0.799999
v 11.7 0.8 -0.799999
v -9.4 0.7 -0.9
v -9.4 0.8 -0.9
v -8.6 0.7 -0.9
v -8.6 0.8 -0.9
v 11.1 0.7 -0.9
v 11.1 0.8 -0.9
v 11.4 0.7 -0.9
v 11.4 0.8 -0.9
v 11.7 0.7 -0.9
v 11.7 0.8 -0.9
v 12.3 0.7 -0.9
v 12.3 0.8 -0.9
v -8.6 0.7 -1
v -8.6 0.8 -1
v -8 0.7 -1
v -8 0.8 -1
v 10.6 0.7 -1
v 10.6 0.8 -1
v 11.1 0.7 -1
v 11.1 0.8 -1
v 12.3 0.7 -1
v 12.3 0.8 -1
v 12.5 0.7 -1
v 12.5 0.8 -1
v -8 0.7 -1.1
v -8 0.8 -1.1
v -7.7 0.7 -1.1
v -7.7 0.8 -1.1
v 9.2 0.7 -1.1
v 9.2 0.8 -1.1
v 10.6 0.7 -1.1
v 10.6 0.8 -1.1
v 12.5 0.7 -1.1
v 12.5 0.8 -1.1
v 12.8 0.7 -1.1
v 12.8 0.8 -1.1
v -7.7 0.7 -1.2
v -7.7 0.8 -1.2
v -7.4 0.7 -1.2
v -7.4 0.8 -1.2
v 8.9 0.7 -1.2
v 8.9 0.8 -1.2
v 9.2 0.7 -1.2
v 9.2 0.8 -1.2
v -7.4 0.7 -1.3
v -7.4 0.8 -1.3
v -7.2 0.7 -1.3
v -7.2 0.8 -1.3
v 8.7 0.7 -1.3
v 8.7 0.8 -1.3
v 8.9 0.7 -1.3
v 8.9 0.8 -1.3
v -7.2 0.7 -1.4
v -7.2 0.8 -1.4
v -6.9 0.7 -1.4
v -6.9 0.8 -1.4
v 8.5 0.7 -1.4
v 8.5 0.8 -1.4
v 8.7 0.7 -1.4
v 8.7 0.8 -1.4
v -6.9 0.7 -1.5
v -6.9 0.8 -1.5
v -6.6 0.7 -1.5
v -6.6 0.8 -1.5
v 7.9 0.7 -1.5
v 7.9 0.8 -1.5
v 8.5 0.7 -1.5
v 8.5 0.8 -1.5
v -6.6 0.7 -1.6
v -6.6 0.8 -1.6
v -6.3 0.7 -1.6
v -6.3 0.8 -1.6
v 7.6 0.7 -1.6
v 7.6 0.8 -1.6
v 7.9 0.7 -1.6
v 7.9 0.8 -1.6
v -6.3 0.7 -1.7
v -6.3 0.8 -1.7
v -5.6 0.7 -1.7
v -5.6 0.8 -1.7
v 7.4 0.7 -1.7
v 7.4 0.8 -1.7
v 7.6 0.7 -1.7
v 7.6 0.8 -1.7
v -5.6 0.7 -1.8
v -5.6 0.8 -1.8
v -4.9 0.7 -1.8
v -4.9 0.8 -1.8
v 7.1 0.7 -1.8
v 7.1 0.8 -1.8
v 7.4 0.7 -1.8
v 7.4 0.8 -1.8
v -4.9 0.7 -1.9
v -4.9 0.8 -1.9
v -4.7 0.7 -1.9
v -4.7 0.8 -1.9
v 6.5 0.7 -1.9
v 6.5 0.8 -1.9
v 7.1 0.7 -1.9
v 7.1 0.8 -1.9
v -11.6 0.8 -2
v -11.6 0.9 -2
v -10.6 0.8 -2
v -10.6 0.9 -2
v -4.7 0.7 -2
v -4.7 0.8 -2
v -4.5 0.7 -2
v -4.5 0.8 -2
v 6.1 0.7 -2
v 6.1 0.8 -2
v 6.5 0.7 -2
v 6.5 0.8 -2
v -12.4 0.8 -2.1
v -12.4 0.9 -2.1
v -11.6 0.8 -2.1
v -11.6 0.9 -2.1
v -10.6 0.8 -2.1
v -10.6 0.9 -2.1
v -9.5 0.8 -2.1
v -9.5 0.9 -2.1
v -4.5 0.7 -2.1
v -4.5 0.8 -2.1
v -4.1 0.7 -2.1
v -4.1 0.8 -2.1
v 5.8 0.7 -2.1
v 5.8 0.8 -2.1
v 6.1 0.7 -2.1
v 6.1 0.8 -2.1
v -12.8 0.8 -2.2
v -12.8 0.9 -2.2
v -12.4 0.8 -2.2
v -12.4 0.9 -2.2
v -9.5 0.8 -2.2
v -9.5 0.9 -2.2
v -9.2 0.8 -2.2
v -9.2 0.9 -2.2
v -4.1 0.7 -2.2
v -4.1 0.8 -2.2
v -3.5 0.7 -2.2
v -3.5 0.8 -2.2
v 5.3 0.7 -2.2
v 5.3 0.8 -2.2
v 5.8 0.7 -2.2
v 5.8 0.8 -2.2
v -9.2 0.8 -2.3
v -9.2 0.9 -2.3
v -8.7 0.8 -2.3
v -8.7 0.9 -2.3
v -3.5 0.7 -2.3
v -3.5 0.8 -2.3
v -3.1 0.7 -2.3
v -3.1 0.8 -2.3
v 4.6 0.7 -2.3
v 4.6 0.8 -2.3
v 5.3 0.7 -2.3
v 5.3 0.8 -2.3
v -8.7 0.8 -2.4
v -8.7 0.9 -2.4
v -8.4 0.8 -2.4
v -8.4 0.9 -2.4
v -3.1 0.7 -2.4
v -3.1 0.8 -2.4
v -2.7 0.7 -2.4
v -2.7 0.8 -2.4
v 4.3 0.7 -2.4
v 4.3 0.8 -2.4
v 4.4 0.7 -2.4
v 4.4 0.8 -2.4
v 4.5 0.7 -2.4
v 4.5 0.8 -2.4
v 4.6 0.7 -2.4
v 4.6 0.8 -2.4
v -8.4 0.8 -2.5
v -8.4 0.9 -2.5
v -8 0.8 -2.5
v -8 0.9 -2.5
v -2.7 0.7 -2.5
v -2.7 0.8 -2.5
v -2 0.7 -2.5
v -2 0.8 -2.5
v 3.6 0.7 -2.5
v 3.6 0.8 -2.5
v 4.3 0.7 -2.5
v 4.3 0.8 -2.5
v -8 0.8 -2.6
v -8 0.9 -2.6
v -7.5 0.8 -2.6
v -7.5 0.9 -2.6
v -2 0.7 -2.6
v -2 0.8 -2.6
v -1.1 0.7 -2.6
v -1.1 0.8 -2.6
v 1.5 0.7 -2.6
v 1.5 0.8 -2.6
v 3.6 0.7 -2.6
v 3.6 0.8 -2.6
v -7.5 0.8 -2.7
v -7.5 0.9 -2.7
v -7.1 0.8 -2.7
v -7.1 0.9 -2.7
v -1.1 0.7 -2.7
v -1.1 0.8 -2.7
v -0.3 0.7 -2.7
v -0.3 0.8 -2.7
v 0.5 0.7 -2.7
v 0.5 0.8 -2.7
v 1.5 0.7 -2.7
v 1.5 0.8 -2.7
v -7.1 0.8 -2.8
v -7.1 0.9 -2.8
v -6.8 0.8 -2.8
v -6.8 0.9 -2.8
v -0.3 0.7 -2.8
v -0.3 0.8 -2.8
v 0.5 0.7 -2.8
v 0.5 0.8 -2.8
v -6.8 0.8 -2.9
v -6.8 0.9 -2.9
v -6.5 0.8 -2.9
v -6.5 0.9 -2.9
v -6.5 0.8 -3
v -6.5 0.9 -3
v -6.2 0.8 -3
v -6.2 0.9 -3
v -6.2 0.8 -3.1
v -6.2 0.9 -3.1
v -5.6 0.8 -3.1
v -5.6 0.9 -3.1
v -5.6 0.8 -3.2
v -5.6 0.9 -3.2
v -5.4 0.8 -3.2
v -5.4 0.9 -3.2
v -5.4 0.8 -3.3
v -5.4 0.9 -3.3
v -5.1 0.8 -3.3
v -5.1 0.9 -3.3
v -5.1 0.8 -3.4
v -5.1 0.9 -3.4
v -4.8 0.8 -3.4
v -4.8 0.9 -3.4
v -4.8 0.8 -3.5
v -4.8 0.9 -3.5
v -4.5 0.8 -3.5
v -4.5 0.9 -3.5
v -4.5 0.8 -3.6
v -4.5 0.9 -3.6
v -4.2 0.8 -3.6
v -4.2 0.9 -3.6
v -4.2 0.8 -3.7
v -4.2 0.9 -3.7
v -3.9 0.8 -3.7
v -3.9 0.9 -3.7
v -3.9 0.8 -3.8
v -3.9 0.9 -3.8
v -3.6 0.8 -3.8
v -3.6 0.9 -3.8
v -3.6 0.8 -3.9
v -3.6 0.9 -3.9
v -3.3 0.8 -3.9
v -3.3 0.9 -3.9
v -12.6 0.9 -4
v -12.6 1 -4
v -12 0.9 -4
v -12 1 -4
v -3.3 0.8 -4
v -3.3 0.9 -4
v -3 0.8 -4
v -3 0.9 -4
v -12.8 0.9 -4.1
v -12.8 1 -4.1
v -12.6 0.9 -4.1
v -12.6 1 -4.1
v -12 0.9 -4.1
v -12 1 -4.1
v -11 0.9 -4.1
v -11 1 -4.1
v -3 0.8 -4.1
v -3 0.9 -4.1
v -2.7 0.8 -4.1
v -2.7 0.9 -4.1
v -11 0.9 -4.2
v -11 1 -4.2
v -10 0.9 -4.2
v -10 1 -4.2
v -2.7 0.8 -4.2
v -2.7 0.9 -4.2
v -2.5 0.8 -4.2
v -2.5 0.9 -4.2
v -10 0.9 -4.3
v -10 1 -4.3
v -9.5 0.9 -4.3
v -9.5 1 -4.3
v -2.5 0.8 -4.3
v -2.5 0.9 -4.3
v -2.2 0.8 -4.3
v -2.2 0.9 -4.3
v -9.5 0.9 -4.4
v -9.5 1 -4.4
v -9.1 0.9 -4.4
v -9.1 1 -4.4
v -2.2 0.8 -4.4
v -2.2 0.9 -4.4
v -1.9 0.8 -4.4
v -1.9 0.9 -4.4
v -9.1 0.9 -4.5
v -9.1 1 -4.5
v -8.6 0.9 -4.5
v -8.6 1 -4.5
v -1.9 0.8 -4.5
v -1.9 0.9 -4.5
v -1.7 0.8 -4.5
v -1.7 0.9 -4.5
v -8.6 0.9 -4.6
v -8.6 1 -4.6
v -7.9 0.9 -4.6
v -7.9 1 -4.6
v -1.7 0.8 -4.6
v -1.7 0.9 -4.6
v -1.4 0.8 -4.6
v -1.4 0.9 -4.6
v -7.9 0.9 -4.7
v -7.9 1 -4.7
v -7.5 0.9 -4.7
v -7.5 1 -4.7
v -1.4 0.8 -4.7
v -1.4 0.9 -4.7
v -1.1 0.8 -4.7
v -1.1 0.9 -4.7
v -7.5 0.9 -4.8
v -7.5 1 -4.8
v -6.8 0.9 -4.8
v -6.8 1 -4.8
v -1.1 0.8 -4.8
v -1.1 0.9 -4.8
v -0.700001 0.8 -4.8
v -0.700001 0.9 -4.8
v -6.8 0.9 -4.9
v -6.8 1 -4.9
v -6.5 0.9 -4.9
v -6.4 0.9 -4.9
v -6.4 1 -4.9
v -0.700001 0.8 -4.9
v -0.700001 0.9 -4.9
v -0.6 0.8 -4.9
v -0.6 0.9 -4.9
v -0.5 0.8 -4.9
v -0.5 0.9 -4.9
v -0.200001 0.8 -4.9
v -0.200001 0.9 -4.9
v -6.4 0.9 -5
v -6.4 1 -5
v -6.1 0.9 -5
v -6.1 1 -5
v -0.200001 0.8 -5
v -0.200001 0.9 -5
v 0.2 0.8 -5
v 0.2 0.9 -5
v 9 0.8 -5
v 9 0.9 -5
v 10.2 0.8 -5
v 10.2 0.9 -5
v 12.5 0.8 -5
v 12.5 0.9 -5
v 12.8 0.8 -5
v 12.8 0.9 -5
v -6.1 0.9 -5.1
v -6.1 1 -5.1
v -5.8 0.9 -5.1
v -5.8 1 -5.1
v 0.2 0.8 -5.1
v 0.2 0.9 -5.1
v 0.7 0.8 -5.1
v 0.799999 0.8 -5.1
v 1 0.8 -5.1
v 1 0.9 -5.1
v 8.2 0.8 -5.1
v 8.2 0.9 -5.1
v 8.4 0.8 -5.1
v 8.5 0.8 -5.1
v 9 0.8 -5.1
v 9 0.9 -5.1
v 10.2 0.8 -5.1
v 10.2 0.9 -5.1
v 11.2 0.8 -5.1
v 11.2 0.9 -5.1
v 12 0.8 -5.1
v 12 0.9 -5.1
v 12.5 0.8 -5.1
v 12.5 0.9 -5.1
v -5.8 0.9 -5.2
v -5.8 1 -5.2
v -5.7 0.9 -5.2
v -5.7 1 -5.2
v -5.6 0.9 -5.2
v -5.6 1 -5.2
v -5.2 0.9 -5.2
v -5.2 1 -5.2
v 1 0.8 -5.2
v 1 0.9 -5.2
v 2.3 0.8 -5.2
v 2.3 0.9 -5.2
v 6.9 0.8 -5.2
v 6.9 0.9 -5.2
v 8.2 0.8 -5.2
v 8.2 0.9 -5.2
v 11.2 0.8 -5.2
v 11.2 0.9 -5.2
v 12 0.8 -5.2
v 12 0.9 -5.2
v -5.2 0.9 -5.3
v -5.2 1 -5.3
v -4.8 0.9 -5.3
v -4.8 1 -5.3
v 2.3 0.8 -5.3
v 2.3 0.9 -5.3
v 3.4 0.8 -5.3
v 3.4 0.9 -5.3
v 3.5 0.8 -5.3
v 3.6 0.8 -5.3
v 3.6 0.9 -5.3
v 4.6 0.8 -5.3
v 4.6 0.9 -5.3
v 5.6 0.8 -5.3
v 5.6 0.9 -5.3
v 6.9 0.8 -5.3
v 6.9 0.9 -5.3
v -4.8 0.9 -5.4
v -4.8 1 -5.4
v -4.4 0.9 -5.4
v -4.4 1 -5.4
v 4.6 0.8 -5.4
v 4.6 0.9 -5.4
v 5.4 0.8 -5.4
v 5.4 0.9 -5.4
v 5.5 0.8 -5.4
v 5.5 0.9 -5.4
v 5.6 0.8 -5.4
v 5.6 0.9 -5.4
v -4.4 0.9 -5.5
v -4.4 1 -5.5
v -3.8 0.9 -5.5
v -3.8 1 -5.5
v -3.8 0.9 -5.6
v -3.8 1 -5.6
v -3.3 0.9 -5.6
v -3.3 1 -5.6
v -3.3 0.9 -5.7
v -3.3 1 -5.7
v -2.9 0.9 -5.7
v -2.9 1 -5.7
v -2.9 0.9 -5.8
v -2.9 1 -5.8
v -2.1 0.9 -5.8
v -2.1 1 -5.8
v -12.8 1 -5.9
v -12.8 1.1 -5.9
v -12.4 1 -5.9
v -12.4 1.1 -5.9
v -2.1 0.9 -5.9
v -2.1 1 -5.9
v -1.7 0.9 -5.9
v -1.7 1 -5.9
v -12.4 1 -6
v -12.4 1.1 -6
v -11.3 1 -6
v -11.3 1.1 -6
v -1.7 0.9 -6
v -1.7 1 -6
v -1.2 0.9 -6
v -1.2 1 -6
v -11.3 1 -6.1
v -11.3 1.1 -6.1
v -10.5 1 -6.1
v -10.5 1.1 -6.1
v -1.2 0.9 -6.1
v -1.2 1 -6.1
v -0.8 0.9 -6.1
v -0.8 1 -6.1
v -10.5 1 -6.2
v -10.5 1.1 -6.2
v -9.9 1 -6.2
v -9.9 1.1 -6.2
v -0.8 0.9 -6.2
v -0.8 1 -6.2
v 0.2 0.9 -6.2
v 0.2 1 -6.2
v -9.9 1 -6.3
v -9.9 1.1 -6.3
v -9.8 1 -6.3
v -9.7 1 -6.3
v -9.3 1 -6.3
v -9.3 1.1 -6.3
v 0.2 0.9 -6.3
v 0.2 1 -6.3
v 1 0.9 -6.3
v 1 1 -6.3
v -9.3 1 -6.4
v -9.3 1.1 -6.4
v -9.2 1 -6.4
v -9.2 1.1 -6.4
v -8.7 1 -6.4
v -8.7 1.1 -6.4
v 1 0.9 -6.4
v 1 1 -6.4
v 1.5 0.9 -6.4
v 1.6 0.9 -6.4
v 1.6 1 -6.4
v -8.7 1 -6.5
v -8.7 1.1 -6.5
v -8 1 -6.5
v -8 1.1 -6.5
v 1.6 0.9 -6.5
v 1.6 1 -6.5
v 2.7 0.9 -6.5
v 2.7 1 -6.5
v 3.4 0.9 -6.5
v 3.4 1 -6.5
v 3.9 0.9 -6.5
v 3.9 1 -6.5
v -8 1 -6.6
v -8 1.1 -6.6
v -7.6 1 -6.6
v -7.6 1.1 -6.6
v 2.7 0.9 -6.6
v 2.7 1 -6.6
v 3.4 0.9 -6.6
v 3.4 1 -6.6
v 3.9 0.9 -6.6
v 3.9 1 -6.6
v 5 0.9 -6.6
v 5 1 -6.6
v 5.1 0.9 -6.6
v 5.1 1 -6.6
v 6 0.9 -6.6
v 6 1 -6.6
v -7.6 1 -6.7
v -7.6 1.1 -6.7
v -7.5 1 -6.7
v -7.5 1.1 -6.7
v 6 0.9 -6.7
v 6 1 -6.7
v 6.9 0.9 -6.7
v 6.9 1 -6.7
v 7.1 0.9 -6.7
v 7.1 1 -6.7
v 8.1 0.9 -6.7
v 8.1 1 -6.7
v 8.2 0.9 -6.7
v 8.2 1 -6.7
v 10.7 0.9 -6.7
v 10.7 1 -6.7
v -7.5 1 -6.8
v -7.5 1.1 -6.8
v -7.3 1 -6.8
v -7.3 1.1 -6.8
v 10.7 0.9 -6.8
v 10.7 1 -6.8
v 11.2 0.9 -6.8
v 11.2 1 -6.8
v -7.3 1 -6.9
v -7.3 1.1 -6.9
v -7 1 -6.9
v -7 1.1 -6.9
v 11.2 0.9 -6.9
v 11.2 1 -6.9
v 11.5 0.9 -6.9
v 11.5 1 -6.9
v 11.7 0.9 -6.9
v 11.7 1 -6.9
v -7 1 -7
v -7 1.1 -7
v -6.8 1 -7
v -6.8 1.1 -7
v 11.7 0.9 -7
v 11.7 1 -7
v 12 0.9 -7
v 12 1 -7
v -6.8 1 -7.1
v -6.8 1.1 -7.1
v -6.5 1 -7.1
v -6.5 1.1 -7.1
v 12 0.9 -7.1
v 12 1 -7.1
v 12.8 0.9 -7.1
v 12.8 1 -7.1
v -6.5 1 -7.2
v -6.5 1.1 -7.2
v -6.2 1 -7.2
v -6.2 1.1 -7.2
v -6.2 1 -7.3
v -6.2 1.1 -7.3
v -5.9 1 -7.3
v -5.9 1.1 -7.3
v -5.9 1 -7.4
v -5.9 1.1 -7.4
v -5.6 1 -7.4
v -5.6 1.1 -7.4
v -5.6 1 -7.5
v -5.6 1.1 -7.5
v -5.3 1 -7.5
v -5.3 1.1 -7.5
v -5.3 1 -7.6
v -5.3 1.1 -7.6
v -4.7 1 -7.6
v -4.7 1.1 -7.6
v 5.5 1 -7.6
v 5.5 1.1 -7.6
v 6.7 1 -7.6
v 6.7 1.1 -7.6
v -4.7 1 -7.7
v -4.7 1.1 -7.7
v -4.3 1 -7.7
v -4.3 1.1 -7.7
v 5.2 1 -7.7
v 5.2 1.1 -7.7
v 5.5 1 -7.7
v 5.5 1.1 -7.7
v 6.7 1 -7.7
v 6.7 1.1 -7.7
v 7.4 1 -7.7
v 7.4 1.1 -7.7
v -4.3 1 -7.8
v -4.3 1.1 -7.8
v -4.1 1 -7.8
v -4.1 1.1 -7.8
v 4.6 1 -7.8
v 4.6 1.1 -7.8
v 5.2 1 -7.8
v 5.2 1.1 -7.8
v 7.4 1 -7.8
v 7.4 1.1 -7.8
v 8.4 1 -7.8
v 8.4 1.1 -7.8
v -4.1 1 -7.9
v -4.1 1.1 -7.9
v -3.6 1 -7.9
v -3.6 1.1 -7.9
v 4 1 -7.9
v 4 1.1 -7.9
v 4.6 1 -7.9
v 4.6 1.1 -7.9
v 8.4 1 -7.9
v 8.4 1.1 -7.9
v 9.7 1 -7.9
v 9.7 1.1 -7.9
v -3.6 1 -8
v -3.6 1.1 -8
v -3 1 -8
v -3 1.1 -8
v 3.3 1 -8
v 3.3 1.1 -8
v 4 1 -8
v 4 1.1 -8
v 9.7 1 -8
v 9.7 1.1 -8
v 10.1 1 -8
v 10.1 1.1 -8
v -3 1 -8.1
v -3 1.1 -8.1
v -1.9 1 -8.1
v -1.9 1.1 -8.1
v 2.5 1 -8.1
v 2.5 1.1 -8.1
v 3.3 1 -8.1
v 3.3 1.1 -8.1
v 10.1 1 -8.1
v 10.1 1.1 -8.1
v 10.4 1 -8.1
v 10.4 1.1 -8.1
v -1.9 1 -8.2
v -1.9 1.1 -8.2
v -1.1 1 -8.2
v -1.1 1.1 -8.2
v 1.9 1 -8.2
v 1.9 1.1 -8.2
v 2.5 1 -8.2
v 2.5 1.1 -8.2
v 10.4 1 -8.2
v 10.4 1.1 -8.2
v 10.7 1 -8.2
v 10.7 1.1 -8.2
v -12.8 1.1 -8.3
v -12.8 1.2 -8.3
v -11.8 1.1 -8.3
v -11.8 1.2 -8.3
v -1.1 1 -8.3
v -1.1 1.1 -8.3
v -0.3 1 -8.3
v -0.3 1.1 -8.3
v 1.1 1 -8.3
v 1.1 1.1 -8.3
v 1.9 1 -8.3
v 1.9 1.1 -8.3
v 10.7 1 -8.3
v 10.7 1.1 -8.3
v 10.8 1 -8.3
v 10.8 1.1 -8.3
v 10.9 1 -8.3
v 10.9 1.1 -8.3
v -11.8 1.1 -8.4
v -11.8 1.2 -8.4
v -11.3 1.1 -8.4
v -11.3 1.2 -8.4
v -0.3 1 -8.4
v -0.3 1.1 -8.4
v 0.799999 1 -8.4
v 0.799999 1.1 -8.4
v 0.9 1 -8.4
v 0.9 1.1 -8.4
v 1.1 1 -8.4
v 1.1 1.1 -8.4
v 10.9 1 -8.4
v 10.9 1.1 -8.4
v 11.1 1 -8.4
v 11.1 1.1 -8.4
v -11.3 1.1 -8.5
v -11.3 1.2 -8.5
v -10.9 1.1 -8.5
v -10.9 1.2 -8.5
v 11.1 1 -8.5
v 11.1 1.1 -8.5
v 11.3 1 -8.5
v 11.3 1.1 -8.5
v -10.9 1.1 -8.6
v -10.9 1.2 -8.6
v -9.9 1.1 -8.6
v -9.9 1.2 -8.6
v 11.3 1 -8.6
v 11.3 1.1 -8.6
v 11.5 1 -8.6
v 11.5 1.1 -8.6
v -9.9 1.1 -8.7
v -9.9 1.2 -8.7
v -9.3 1.1 -8.7
v -9.3 1.2 -8.7
v 11.5 1 -8.7
v 11.5 1.1 -8.7
v 11.7 1 -8.7
v 11.7 1.1 -8.7
v -9.3 1.1 -8.8
v -9.3 1.2 -8.8
v -9 1.1 -8.8
v -9 1.2 -8.8
v 11.7 1 -8.8
v 11.7 1.1 -8.8
v 12.1 1 -8.8
v 12.1 1.1 -8.8
v -9 1.1 -8.9
v -9 1.2 -8.9
v -8.3 1.1 -8.9
v -8.3 1.2 -8.9
v 12.1 1 -8.9
v 12.1 1.1 -8.9
v 12.8 1 -8.9
v 12.8 1.1 -8.9
v -8.3 1.1 -9
v -8.3 1.2 -9
v -8 1.1 -9
v -8 1.2 -9
v -8 1.1 -9.1
v -8 1.2 -9.1
v -7.4 1.1 -9.1
v -7.4 1.2 -9.1
v -7.4 1.1 -9.2
v -7.4 1.2 -9.2
v -6.9 1.1 -9.2
v -6.9 1.2 -9.2
v -6.9 1.1 -9.3
v -6.9 1.2 -9.3
v -6.6 1.1 -9.3
v -6.6 1.2 -9.3
v -6.6 1.1 -9.4
v -6.6 1.2 -9.4
v -6.3 1.1 -9.4
v -6.3 1.2 -9.4
v -6.3 1.1 -9.5
v -6.3 1.2 -9.5
v -5.9 1.1 -9.5
v -5.9 1.2 -9.5
v -5.9 1.1 -9.6
v -5.9 1.2 -9.6
v -5.2 1.1 -9.6
v -5.2 1.2 -9.6
v 5.8 1.1 -9.6
v 5.8 1.2 -9.6
v 8.8 1.1 -9.6
v 8.9 1.1 -9.6
v 10 1.1 -9.6
v 10 1.2 -9.6
v -5.2 1.1 -9.7
v -5.2 1.2 -9.7
v -4.8 1.1 -9.7
v -4.8 1.2 -9.7
v 5.5 1.1 -9.7
v 5.5 1.2 -9.7
v 5.8 1.1 -9.7
v 5.8 1.2 -9.7
v 10 1.1 -9.7
v 10 1.2 -9.7
v 10.6 1.1 -9.7
v 10.6 1.2 -9.7
v -4.8 1.1 -9.8
v -4.8 1.2 -9.8
v -4.2 1.1 -9.8
v -4.2 1.2 -9.8
v 5 1.1 -9.8
v 5 1.2 -9.8
v 5.3 1.1 -9.8
v 5.3 1.2 -9.8
v 5.4 1.1 -9.8
v 5.4 1.2 -9.8
v 5.5 1.1 -9.8
v 5.5 1.2 -9.8
v 10.6 1.1 -9.8
v 10.6 1.2 -9.8
v 11.2 1.1 -9.8
v 11.2 1.2 -9.8
v -4.2 1.1 -9.9
v -4.2 1.2 -9.9
v -3 1.1 -9.9
v -3 1.2 -9.9
v 4.3 1.1 -9.9
v 4.3 1.2 -9.9
v 5 1.1 -9.9
v 5 1.2 -9.9
v 11.2 1.1 -9.9
v 11.2 1.2 -9.9
v 11.5 1.1 -9.9
v 11.5 1.2 -9.9
v -3 1.1 -10
v -3 1.2 -10
v -2.4 1.1 -10
v -2.4 1.2 -10
v -0.900001 1.1 -10
v -0.900001 1.2 -10
v -0.8 1.1 -10
v -0.8 1.2 -10
v -0.3 1.1 -10
v -0.3 1.2 -10
v -0.1 1.1 -10
v -0.1 1.2 -10
v 3.2 1.1 -10
v 3.2 1.2 -10
v 4.3 1.1 -10
v 4.3 1.2 -10
v 11.5 1.1 -10
v 11.5 1.2 -10
v 12 1.1 -10
v 12 1.2 -10
v -2.4 1.1 -10.1
v -2.4 1.2 -10.1
v -0.900001 1.1 -10.1
v -0.900001 1.2 -10.1
v -0.8 1.1 -10.1
v -0.8 1.2 -10.1
v -0.3 1.1 -10.1
v -0.3 1.2 -10.1
v -0.1 1.1 -10.1
v -0.1 1.2 -10.1
v 0.599999 1.1 -10.1
v 0.599999 1.2 -10.1
v 1.7 1.1 -10.1
v 1.7 1.2 -10.1
v 3.2 1.1 -10.1
v 3.2 1.2 -10.1
v 12 1.1 -10.1
v 12 1.2 -10.1
v 12.8 1.1 -10.1
v 12.8 1.2 -10.1
v 0.599999 1.1 -10.2
v 0.599999 1.2 -10.2
v 1.7 1.1 -10.2
v 1.7 1.2 -10.2
v -12.8 0 -12.8
v -12.8 1.2 -12.8
v 12.8 0 -12.8
v 12.8 1.2 -12.8
v -12.8 0 12.8
v 12.8 0 12.8
v -5 0 12.5
v -4.7 0 12.5
v -5.2 0 12.4
v -5 0 12.4
v -4.7 0 12.4
v 3.5 0 12.4
v 3.6 0 12.4
v -5.2 0 12.3
v -5 0 12.3
v 3.5 0 12.3
v 3.6 0 12.3
v 5.2 0 12.3
v 5.3 0 12.3
v 0.299999 0 12.2
v 0.4 0 12.2
v 5.2 0 12.2
v 5.3 0 12.2
v 6 0 12.2
v 6.1 0 12.2
v 9.5 0 12.2
v 9.6 0 12.2
v -9.6 0 12.1
v -9.5 0 12.1
v -6.4 0 12.1
v -6.3 0 12.1
v -3.6 0 12.1
v -3.5 0 12.1
v 0.299999 0 12.1
v 0.4 0 12.1
v 6 0 12.1
v 6.1 0 12.1
v 9.5 0 12.1
v 9.6 0 12.1
v -9.6 0 12
v -9.5 0 12
v -6.8 0 12
v -6.7 0 12
v -6.4 0 12
v -6.3 0 12
v -3.6 0 12
v -3.5 0 12
v 0.0999994 0 12
v 0.2 0 12
v 2.7 0 12
v 2.9 0 12
v 11 0 12
v 11.1 0 12
v -6.8 0 11.9
v -6.7 0 11.9
v 0.0999994 0 11.9
v 0.2 0 11.9
v 2.7 0 11.9
v 2.8 0 11.9
v 11 0 11.9
v 11.1 0 11.9
v 2.8 0 11.8
v 2.9 0 11.8
v 3.1 0 11.8
v -5.3 0 11.7
v -5.2 0 11.7
v 2.9 0 11.7
v 3.1 0 11.7
v 3.3 0 11.7
v -9.5 0 11.6
v -9.4 0 11.6
v -9.3 0 11.6
v -9.1 0 11.6
v -9 0 11.6
v -5.3 0 11.6
v -5.2 0 11.6
v -4.4 0 11.6
v -4.3 0 11.6
v -3.3 0 11.6
v -3.2 0 11.6
v 3.1 0 11.6
v 3.3 0 11.6
v 3.4 0 11.6
v 8.9 0 11.6
v 9 0 11.6
v -9.5 0 11.5
v -9.4 0 11.5
v -9.3 0 11.5
v -9.1 0 11.5
v -9 0 11.5
v -6.9 0 11.5
v -6.8 0 11.5
v -4.4 0 11.5
v -4.3 0 11.5
v -3.3 0 11.5
v -3.2 0 11.5
v 3.3 0 11.5
v 3.4 0 11.5
v 3.6 0 11.5
v 8.9 0 11.5
v 9 0 11.5
v -10.3 0 11.4
v -10.2 0 11.4
v -8.9 0 11.4
v -8.8 0 11.4
v -6.9 0 11.4
v -6.8 0 11.4
v -3.2 0 11.4
v -3.1 0 11.4
v -0.900001 0 11.4
v -0.700001 0 11.4
v 3.4 0 11.4
v 3.6 0 11.4
v 3.7 0 11.4
v 8.8 0 11.4
v 8.9 0 11.4
v -10.3 0 11.3
v -10.2 0 11.3
v -8.9 0 11.3
v -8.8 0 11.3
v -4.8 0 11.3
v -4.7 0 11.3
v -3.2 0 11.3
v -3.1 0 11.3
v -0.900001 0 11.3
v -0.700001 0 11.3
v 2.8 0 11.3
v 2.9 0 11.3
v 3.5 0 11.3
v 3.6 0 11.3
v 3.7 0 11.3
v 8.8 0 11.3
v 8.9 0 11.3
v -4.8 0 11.2
v -4.7 0 11.2
v 2.8 0 11.2
v 2.9 0 11.2
v 3.5 0 11.2
v 3.6 0 11.2
v 4.1 0 11.2
v 4.2 0 11.2
v -4 0 11.1
v -3.9 0 11.1
v -3.3 0 11.1
v -3.1 0 11.1
v 4.1 0 11.1
v 4.2 0 11.1
v -4 0 11
v -3.9 0 11
v -3.3 0 11
v -3.1 0 11
v -6.4 0 10.9
v -6.3 0 10.9
v -12 0 10.8
v -11.9 0 10.8
v -7.5 0 10.8
v -7.4 0 10.8
v -6.4 0 10.8
v -6.3 0 10.8
v -12 0 10.7
v -11.9 0 10.7
v -7.5 0 10.7
v -7.4 0 10.7
v -5.8 0 10.7
v -5.7 0 10.7
v -2.3 0 10.7
v -2.2 0 10.7
v 8.8 0 10.7
v 8.9 0 10.7
v -5.8 0 10.6
v -5.7 0 10.6
v -2.3 0 10.6
v -2.2 0 10.6
v 8.8 0 10.6
v 8.9 0 10.6
v 9.3 0 10.6
v 9.4 0 10.6
v 9.5 0 10.6
v 9.6 0 10.6
v -6.9 0 10.5
v -6.8 0 10.5
v -2.3 0 10.5
v -2.2 0 10.5
v 4.4 0 10.5
v 4.5 0 10.5
v 4.8 0 10.5
v 4.9 0 10.5
v 7.7 0 10.5
v 7.8 0 10.5
v 9.3 0 10.5
v 9.4 0 10.5
v 9.5 0 10.5
v 9.6 0 10.5
v -6.9 0 10.4
v -6.8 0 10.4
v -5.4 0 10.4
v -5.2 0 10.4
v -2.3 0 10.4
v -2.2 0 10.4
v -2 0 10.4
v -1.9 0 10.4
v 4.4 0 10.4
v 4.5 0 10.4
v 4.8 0 10.4
v 4.9 0 10.4
v 7.6 0 10.4
v 7.7 0 10.4
v 7.8 0 10.4
v -11.1 0 10.3
v -11 0 10.3
v -5.4 0 10.3
v -5.2 0 10.3
v -2 0 10.3
v -1.9 0 10.3
v 7.6 0 10.3
v 7.7 0 10.3
v 9.8 0 10.3
v 9.9 0 10.3
v 9.8 0 10.2
v 9.9 0 10.2
v -11.1 0 10.1
v -11 0 10.1
v 0.5 0 10.1
v 0.7 0 10.1
v 1 0 10.1
v 1.1 0 10.1
v -5.5 0 10
v -5.4 0 10
v 0.5 0 10
v 0.7 0 10
v 1 0 10
v 1.1 0 10
v 2.7 0 10
v 2.8 0 10
v -8.9 0 9.9
v -8.8 0 9.9
v -5.5 0 9.9
v -5.4 0 9.9
v 2.7 0 9.9
v 2.8 0 9.9
v -8.9 0 9.8
v -8.8 0 9.8
v 5.4 0 9.8
v 5.5 0 9.8
v -9.9 0 9.7
v -9.8 0 9.7
v -6.5 0 9.7
v -6.4 0 9.7
v -3.1 0 9.7
v -3 0 9.7
v -0.400001 0 9.7
v -0.200001 0 9.7
v 5.4 0 9.7
v 5.5 0 9.7
v 6.4 0 9.7
v 6.5 0 9.7
v -9.9 0 9.6
v -9.8 0 9.6
v -6.6 0 9.6
v -6.5 0 9.6
v -6.4 0 9.6
v -3.1 0 9.6
v -3 0 9.6
v -2.7 0 9.6
v -2.6 0 9.6
v -0.400001 0 9.6
v -0.200001 0 9.6
v 0 0 9.6
v 0.0999994 0 9.6
v 4 0 9.6
v 4.1 0 9.6
v 6.4 0 9.6
v 6.5 0 9.6
v -7.6 0 9.5
v -7.4 0 9.5
v -6.6 0 9.5
v -6.5 0 9.5
v -6.4 0 9.5
v -2.7 0 9.5
v -2.6 0 9.5
v 0 0 9.5
v 0.0999994 0 9.5
v 4 0 9.5
v 4.1 0 9.5
v 8.7 0 9.5
v 8.8 0 9.5
v -7.5 0 9.4
v -7.4 0 9.4
v -7 0 9.4
v -6.9 0 9.4
v -4.6 0 9.4
v -4.5 0 9.4
v 7.6 0 9.4
v 7.7 0 9.4
v 8.8 0 9.4
v 8.9 0 9.4
v -7.6 0 9.3
v -7.5 0 9.3
v -7 0 9.3
v -6.9 0 9.3
v -4.6 0 9.3
v -4.5 0 9.3
v 1.3 0 9.3
v 1.6 0 9.3
v 7.6 0 9.3
v 7.7 0 9.3
v 8.1 0 9.3
v 8.3 0 9.3
v 8.7 0 9.3
v 8.9 0 9.3
v -9 0 9.2
v -8.9 0 9.2
v 1.3 0 9.2
v 1.6 0 9.2
v 1.7 0 9.2
v 5.3 0 9.2
v 5.4 0 9.2
v 8.2 0 9.2
v 8.3 0 9.2
v -9 0 9.1
v -8.9 0 9.1
v 1.6 0 9.1
v 1.7 0 9.1
v 5.3 0 9.1
v 5.4 0 9.1
v 8.1 0 9.1
v 8.2 0 9.1
v 3.6 0 8.9
v 3.7 0 8.9
v 3.6 0 8.8
v 3.7 0 8.8
v 4.4 0 8.8
v 4.5 0 8.8
v -0.8 0 8.7
v -0.700001 0 8.7
v 4.4 0 8.7
v 4.5 0 8.7
v -0.8 0 8.6
v -0.700001 0 8.6
v 1.1 0 8.6
v 1.2 0 8.6
v 1.1 0 8.5
v 1.2 0 8.5
v -2.7 0 8.4
v -2.6 0 8.4
v -4 0 8.3
v -3.9 0 8.3
v -2.7 0 8.3
v -2.6 0 8.3
v 1.5 0 8.3
v 1.6 0 8.3
v -4 0 8.2
v -3.9 0 8.2
v -2.2 0 8.2
v -2.1 0 8.2
v 1.5 0 8.2
v 1.6 0 8.2
v -2.2 0 8.1
v -2.1 0 8.1
v -0.8 0 8.1
v -0.6 0 8.1
v 0.299999 0 8.1
v 0.4 0 8.1
v 2.7 0 8.1
v 2.8 0 8.1
v -0.8 0 8
v -0.6 0 8
v 0.299999 0 8
v 0.4 0 8
v 2.7 0 8
v 2.8 0 8
v 4.2 0 8
v 4.4 0 8
v 4.1 0 7.9
v 4.2 0 7.9
v 4.3 0 7.9
v 4.4 0 7.9
v 4.1 0 7.8
v 4.3 0 7.8
v 1.1 0 1.6
v 1.4 0 1.6
v -0.6 0 1.5
v 1.1 0 1.5
v 1.4 0 1.5
v 1.8 0 1.5
v -2.9 0 1.4
v -0.6 0 1.4
v 1.8 0 1.4
v 3.2 0 1.4
v 12.7 0 1.4
v 12.8 0 1.4
v -4.2 0 1.3
v -4 0 1.3
v -3.3 0 1.3
v -2.9 0 1.3
v 12.5 0 1.3
v 12.7 0 1.3
v -9.5 0 1.2
v -9 0 1.2
v -8.3 0 1.2
v -6.2 0 1.2
v -5.9 0 1.2
v -4.2 0 1.2
v -4 0 1.2
v -3.3 0 1.2
v 3.2 0 1.2
v 3.7 0 1.2
v 12.2 0 1.2
v 12.5 0 1.2
v -10.4 0 1.1
v -9.5 0 1.1
v -9 0 1.1
v -8.3 0 1.1
v -6.2 0 1.1
v -5.9 0 1.1
v 3.7 0 1.1
v 5.2 0 1.1
v 12 0 1.1
v 12.2 0 1.1
v -11.9 0 1
v -10.4 0 1
v 5.2 0 1
v 5.9 0 1
v 11.8 0 1
v 12 0 1
v -12.8 0 0.900001
v -12.7 0 0.900001
v -12.6 0 0.900001
v -11.9 0 0.900001
v 5.9 0 0.900001
v 6.2 0 0.900001
v 11.4 0 0.900001
v 11.8 0 0.900001
v -12.7 0 0.8
v -12.6 0 0.8
v 6.2 0 0.8
v 6.3 0 0.8
v 11.3 0 0.8
v 11.4 0 0.8
v 6.3 0 0.700001
v 6.4 0 0.700001
v 11 0 0.700001
v 11.3 0 0.700001
v 6.6 0 0.6
v 6.9 0 0.6
v 7.2 0 0.6
v 7.4 0 0.6
v 10.9 0 0.6
v 11 0 0.6
v 6.4 0 0.5
v 6.6 0 0.5
v 6.9 0 0.5
v 7.2 0 0.5
v 7.4 0 0.5
v 7.5 0 0.5
v 7.7 0 0.5
v 8.5 0 0.5
v 10.5 0 0.5
v 10.9 0 0.5
v 7.5 0 0.400001
v 7.7 0 0.400001
v 8.5 0 0.400001
v 10.5 0 0.400001
v -12.8 0 -12.8
v 12.8 0 -12.8
v -12.8 0.1 12.8
v 12.8 0.1 12.8
v -5 0.1 12.5
v -4.7 0.1 12.5
v -5.2 0.1 12.4
v -5 0.1 12.4
v -4.7 0.1 12.4
v 3.5 0.1 12.4
v 3.6 0.1 12.4
v -5.2 0.1 12.3
v -5 0.1 12.3
v 3.5 0.1 12.3
v 3.6 0.1 12.3
v 5.2 0.1 12.3
v 5.3 0.1 12.3
v 0.299999 0.1 12.2
v 0.4 0.1 12.2
v 5.2 0.1 12.2
v 5.3 0.1 12.2
v 6 0.1 12.2
v 6.1 0.1 12.2
v 9.5 0.1 12.2
v 9.6 0.1 12.2
v -9.6 0.1 12.1
v -9.5 0.1 12.1
v -6.4 0.1 12.1
v -6.3 0.1 12.1
v -3.6 0.1 12.1
v -3.5 0.1 12.1
v 0.299999 0.1 12.1
v 0.4 0.1 12.1
v 6 0.1 12.1
v 6.1 0.1 12.1
v 9.5 0.1 12.1
v 9.6 0.1 12.1
v -9.6 0.1 12
v -9.5 0.1 12
v -6.8 0.1 12
v -6.7 0.1 12
v -6.4 0.1 12
v -6.3 0.1 12
v -3.6 0.1 12
v -3.5 0.1 12
v 0.0999994 0.1 12
v 0.2 0.1 12
v 2.7 0.1 12
v 2.9 0.1 12
v 11 0.1 12
v 11.1 0.1 12
v 12.7 0.1 12
v 12.8 0.1 12
v -6.8 0.1 11.9
v -6.7 0.1 11.9
v 0.0999994 0.1 11.9
v 0.2 0.1 11.9
v 2.7 0.1 11.9
v 2.8 0.1 11.9
v 11 0.1 11.9
v 11.1 0.1 11.9
v 12.5 0.1 11.9
v 12.7 0.1 11.9
v 2.8 0.1 11.8
v 2.9 0.1 11.8
v 3.1 0.1 11.8
v 12.3 0.1 11.8
v 12.5 0.1 11.8
v -5.3 0.1 11.7
v -5.2 0.1 11.7
v 2.9 0.1 11.7
v 3.1 0.1 11.7
v 3.3 0.1 11.7
v 12.1 0.1 11.7
v 12.3 0.1 11.7
v -9.5 0.1 11.6
v -9.4 0.1 11.6
v -9.3 0.1 11.6
v -9.1 0.1 11.6
v -9 0.1 11.6
v -5.3 0.1 11.6
v -5.2 0.1 11.6
v -4.4 0.1 11.6
v -4.3 0.1 11.6
v -3.3 0.1 11.6
v -3.2 0.1 11.6
v 3.1 0.1 11.6
v 3.3 0.1 11.6
v 3.4 0.1 11.6
v 8.9 0.1 11.6
v 9 0.1 11.6
v 11.9 0.1 11.6
v 12.1 0.1 11.6
v -9.5 0.1 11.5
v -9.4 0.1 11.5
v -9.3 0.1 11.5
v -9.1 0.1 11.5
v -9 0.1 11.5
v -6.9 0.1 11.5
v -6.8 0.1 11.5
v -4.4 0.1 11.5
v -4.3 0.1 11.5
v -3.3 0.1 11.5
v -3.2 0.1 11.5
v 3.3 0.1 11.5
v 3.4 0.1 11.5
v 3.6 0.1 11.5
v 8.9 0.1 11.5
v 9 0.1 11.5
v -10.3 0.1 11.4
v -10.2 0.1 11.4
v -8.9 0.1 11.4
v -8.8 0.1 11.4
v -6.9 0.1 11.4
v -6.8 0.1 11.4
v -3.2 0.1 11.4
v -3.1 0.1 11.4
v -0.900001 0.1 11.4
v -0.700001 0.1 11.4
v 3.4 0.1 11.4
v 3.6 0.1 11.4
v 3.7 0.1 11.4
v 8.8 0.1 11.4
v 8.9 0.1 11.4
v 11.6 0.1 11.4
v 11.9 0.1 11.4
v -10.3 0.1 11.3
v -10.2 0.1 11.3
v -8.9 0.1 11.3
v -8.8 0.1 11.3
v -4.8 0.1 11.3
v -4.7 0.1 11.3
v -3.2 0.1 11.3
v -3.1 0.1 11.3
v -0.900001 0.1 11.3
v -0.700001 0.1 11.3
v 2.8 0.1 11.3
v 2.9 0.1 11.3
v 3.5 0.1 11.3
v 3.6 0.1 11.3
v 3.7 0.1 11.3
v 8.8 0.1 11.3
v 8.9 0.1 11.3
v 11.5 0.1 11.3
v 11.6 0.1 11.3
v -12.8 0.1 11.2
v -12.6 0.1 11.2
v -4.8 0.1 11.2
v -4.7 0.1 11.2
v 2.8 0.1 11.2
v 2.9 0.1 11.2
v 3.5 0.1 11.2
v 3.6 0.1 11.2
v 4.1 0.1 11.2
v 4.2 0.1 11.2
v 11.4 0.1 11.2
v 11.5 0.1 11.2
v -12.6 0.1 11.1
v -12.4 0.1 11.1
v -4 0.1 11.1
v -3.9 0.1 11.1
v -3.3 0.1 11.1
v -3.1 0.1 11.1
v 4.1 0.1 11.1
v 4.2 0.1 11.1
v 11.3 0.1 11.1
v 11.4 0.1 11.1
v -12.4 0.1 11
v -12.2 0.1 11
v -4 0.1 11
v -3.9 0.1 11
v -3.3 0.1 11
v -3.1 0.1 11
v 11 0.1 11
v 11.3 0.1 11
v -12.2 0.1 10.9
v -12.1 0.1 10.9
v -6.4 0.1 10.9
v -6.3 0.1 10.9
v -12.1 0.1 10.8
v -12 0.1 10.8
v -11.9 0.1 10.8
v -7.5 0.1 10.8
v -7.4 0.1 10.8
v -6.4 0.1 10.8
v -6.3 0.1 10.8
v 10.9 0.1 10.8
v 11 0.1 10.8
v -12 0.1 10.7
v -11.9 0.1 10.7
v -7.5 0.1 10.7
v -7.4 0.1 10.7
v -5.8 0.1 10.7
v -5.7 0.1 10.7
v -2.3 0.1 10.7
v -2.2 0.1 10.7
v 8.8 0.1 10.7
v 8.9 0.1 10.7
v 10.8 0.1 10.7
v 10.9 0.1 10.7
v -11.9 0.1 10.6
v -11.8 0.1 10.6
v -5.8 0.1 10.6
v -5.7 0.1 10.6
v -2.3 0.1 10.6
v -2.2 0.1 10.6
v 8.8 0.1 10.6
v 8.9 0.1 10.6
v 9.3 0.1 10.6
v 9.4 0.1 10.6
v 9.5 0.1 10.6
v 9.6 0.1 10.6
v 10.7 0.1 10.6
v 10.8 0.1 10.6
v -11.8 0.1 10.5
v -11.6 0.1 10.5
v -6.9 0.1 10.5
v -6.8 0.1 10.5
v -2.3 0.1 10.5
v -2.2 0.1 10.5
v 4.4 0.1 10.5
v 4.5 0.1 10.5
v 4.8 0.1 10.5
v 4.9 0.1 10.5
v 7.7 0.1 10.5
v 7.8 0.1 10.5
v 9.3 0.1 10.5
v 9.4 0.1 10.5
v 9.5 0.1 10.5
v 9.6 0.1 10.5
v -11.6 0.1 10.4
v -11.5 0.1 10.4
v -6.9 0.1 10.4
v -6.8 0.1 10.4
v -5.4 0.1 10.4
v -5.2 0.1 10.4
v -2.3 0.1 10.4
v -2.2 0.1 10.4
v -2 0.1 10.4
v -1.9 0.1 10.4
v 4.4 0.1 10.4
v 4.5 0.1 10.4
v 4.8 0.1 10.4
v 4.9 0.1 10.4
v 7.6 0.1 10.4
v 7.7 0.1 10.4
v 7.8 0.1 10.4
v 10.6 0.1 10.4
v 10.7 0.1 10.4
v -11.5 0.1 10.3
v -11.3 0.1 10.3
v -11.1 0.1 10.3
v -11 0.1 10.3
v -5.4 0.1 10.3
v -5.2 0.1 10.3
v -2 0.1 10.3
v -1.9 0.1 10.3
v 7.6 0.1 10.3
v 7.7 0.1 10.3
v 9.8 0.1 10.3
v 9.9 0.1 10.3
v 10.5 0.1 10.3
v 10.6 0.1 10.3
v -11.3 0.1 10.2
v -11.2 0.1 10.2
v 9.8 0.1 10.2
v 9.9 0.1 10.2
v 10.4 0.1 10.2
v 10.5 0.1 10.2
v -11.2 0.1 10.1
v -11.1 0.1 10.1
v -11 0.1 10.1
v 0.5 0.1 10.1
v 0.7 0.1 10.1
v 1 0.1 10.1
v 1.1 0.1 10.1
v 10.3 0.1 10.1
v 10.4 0.1 10.1
v -11 0.1 10
v -10.9 0.1 10
v -5.5 0.1 10
v -5.4 0.1 10
v 0.5 0.1 10
v 0.7 0.1 10
v 1 0.1 10
v 1.1 0.1 10
v 2.7 0.1 10
v 2.8 0.1 10
v 10.2 0.1 10
v 10.3 0.1 10
v -10.9 0.1 9.9
v -10.7 0.1 9.9
v -8.9 0.1 9.9
v -8.8 0.1 9.9
v -5.5 0.1 9.9
v -5.4 0.1 9.9
v 2.7 0.1 9.9
v 2.8 0.1 9.9
v -10.7 0.1 9.8
v -10.6 0.1 9.8
v -8.9 0.1 9.8
v -8.8 0.1 9.8
v 5.4 0.1 9.8
v 5.5 0.1 9.8
v 10.1 0.1 9.8
v 10.2 0.1 9.8
v -10.6 0.1 9.7
v -10.3 0.1 9.7
v -9.9 0.1 9.7
v -9.8 0.1 9.7
v -6.5 0.1 9.7
v -6.4 0.1 9.7
v -3.1 0.1 9.7
v -3 0.1 9.7
v -0.400001 0.1 9.7
v -0.200001 0.1 9.7
v 5.4 0.1 9.7
v 5.5 0.1 9.7
v 6.4 0.1 9.7
v 6.5 0.1 9.7
v 10 0.1 9.7
v 10.1 0.1 9.7
v -10.3 0.1 9.6
v -10.1 0.1 9.6
v -9.9 0.1 9.6
v -9.8 0.1 9.6
v -6.6 0.1 9.6
v -6.5 0.1 9.6
v -6.4 0.1 9.6
v -3.1 0.1 9.6
v -3 0.1 9.6
v -2.7 0.1 9.6
v -2.6 0.1 9.6
v -0.400001 0.1 9.6
v -0.200001 0.1 9.6
v 0 0.1 9.6
v 0.0999994 0.1 9.6
v 4 0.1 9.6
v 4.1 0.1 9.6
v 6.4 0.1 9.6
v 6.5 0.1 9.6
v 9.9 0.1 9.6
v 10 0.1 9.6
v -10.1 0.1 9.5
v -9.9 0.1 9.5
v -7.6 0.1 9.5
v -7.4 0.1 9.5
v -6.6 0.1 9.5
v -6.5 0.1 9.5
v -6.4 0.1 9.5
v -2.7 0.1 9.5
v -2.6 0.1 9.5
v 0 0.1 9.5
v 0.0999994 0.1 9.5
v 4 0.1 9.5
v 4.1 0.1 9.5
v 8.7 0.1 9.5
v 8.8 0.1 9.5
v 9.7 0.1 9.5
v 9.9 0.1 9.5
v -9.9 0.1 9.4
v -9.8 0.1 9.4
v -7.5 0.1 9.4
v -7.4 0.1 9.4
v -7 0.1 9.4
v -6.9 0.1 9.4
v -4.6 0.1 9.4
v -4.5 0.1 9.4
v 7.6 0.1 9.4
v 7.7 0.1 9.4
v 8.8 0.1 9.4
v 8.9 0.1 9.4
v 9.6 0.1 9.4
v 9.7 0.1 9.4
v -9.8 0.1 9.3
v -9.4 0.1 9.3
v -7.6 0.1 9.3
v -7.5 0.1 9.3
v -7 0.1 9.3
v -6.9 0.1 9.3
v -4.6 0.1 9.3
v -4.5 0.1 9.3
v 1.3 0.1 9.3
v 1.6 0.1 9.3
v 7.6 0.1 9.3
v 7.7 0.1 9.3
v 8.1 0.1 9.3
v 8.3 0.1 9.3
v 8.7 0.1 9.3
v 8.9 0.1 9.3
v 9.4 0.1 9.3
v 9.6 0.1 9.3
v -9.4 0.1 9.2
v -9.2 0.1 9.2
v -9 0.1 9.2
v -8.9 0.1 9.2
v 1.3 0.1 9.2
v 1.6 0.1 9.2
v 1.7 0.1 9.2
v 5.3 0.1 9.2
v 5.4 0.1 9.2
v 8.2 0.1 9.2
v 8.3 0.1 9.2
v 9.3 0.1 9.2
v 9.4 0.1 9.2
v -9.2 0.1 9.1
v -9 0.1 9.1
v -8.9 0.1 9.1
v 1.6 0.1 9.1
v 1.7 0.1 9.1
v 5.3 0.1 9.1
v 5.4 0.1 9.1
v 8.1 0.1 9.1
v 8.2 0.1 9.1
v 9.2 0.1 9.1
v 9.3 0.1 9.1
v -9 0.1 9
v -8.8 0.1 9
v 9 0.1 9
v 9.2 0.1 9
v -8.8 0.1 8.9
v -8.5 0.1 8.9
v 3.6 0.1 8.9
v 3.7 0.1 8.9
v -8.5 0.1 8.8
v -8.3 0.1 8.8
v 3.6 0.1 8.8
v 3.7 0.1 8.8
v 4.4 0.1 8.8
v 4.5 0.1 8.8
v 8.7 0.1 8.8
v 9 0.1 8.8
v -8.3 0.1 8.7
v -8.1 0.1 8.7
v -0.8 0.1 8.7
v -0.700001 0.1 8.7
v 4.4 0.1 8.7
v 4.5 0.1 8.7
v 8.5 0.1 8.7
v 8.7 0.1 8.7
v -8.1 0.1 8.6
v -7.9 0.1 8.6
v -0.8 0.1 8.6
v -0.700001 0.1 8.6
v 1.1 0.1 8.6
v 1.2 0.1 8.6
v 8.3 0.1 8.6
v 8.5 0.1 8.6
v -7.9 0.1 8.5
v -7.6 0.1 8.5
v 1.1 0.1 8.5
v 1.2 0.1 8.5
v 7.8 0.1 8.5
v 8.3 0.1 8.5
v -7.6 0.1 8.4
v -7.1 0.1 8.4
v -2.7 0.1 8.4
v -2.6 0.1 8.4
v 7.5 0.1 8.4
v 7.8 0.1 8.4
v -7.1 0.1 8.3
v -6.6 0.1 8.3
v -4 0.1 8.3
v -3.9 0.1 8.3
v -2.7 0.1 8.3
v -2.6 0.1 8.3
v 1.5 0.1 8.3
v 1.6 0.1 8.3
v 7.4 0.1 8.3
v 7.5 0.1 8.3
v -6.6 0.1 8.2
v -6.3 0.1 8.2
v -4 0.1 8.2
v -3.9 0.1 8.2
v -2.2 0.1 8.2
v -2.1 0.1 8.2
v 1.5 0.1 8.2
v 1.6 0.1 8.2
v 7.1 0.1 8.2
v 7.4 0.1 8.2
v -6.3 0.1 8.1
v -6 0.1 8.1
v -2.2 0.1 8.1
v -2.1 0.1 8.1
v -0.8 0.1 8.1
v -0.6 0.1 8.1
v 0.299999 0.1 8.1
v 0.4 0.1 8.1
v 2.7 0.1 8.1
v 2.8 0.1 8.1
v 6.8 0.1 8.1
v 7.1 0.1 8.1
v -6 0.1 8
v -5.6 0.1 8
v -0.8 0.1 8
v -0.6 0.1 8
v 0.299999 0.1 8
v 0.4 0.1 8
v 2.7 0.1 8
v 2.8 0.1 8
v 4.2 0.1 8
v 4.4 0.1 8
v 6.3 0.1 8
v 6.8 0.1 8
v -5.6 0.1 7.9
v -5.1 0.1 7.9
v 4.1 0.1 7.9
v 4.2 0.1 7.9
v 4.3 0.1 7.9
v 4.4 0.1 7.9
v 5.8 0.1 7.9
v 6.3 0.1 7.9
v -5.1 0.1 7.8
v -4.9 0.1 7.8
v 4.1 0.1 7.8
v 4.3 0.1 7.8
v 5.5 0.1 7.8
v 5.8 0.1 7.8
v -4.9 0.1 7.7
v -4.4 0.1 7.7
v 5.2 0.1 7.7
v 5.5 0.1 7.7
v -4.4 0.1 7.6
v -4 0.1 7.6
v 4.9 0.1 7.6
v 5.2 0.1 7.6
v -4 0.1 7.5
v -3.6 0.1 7.5
v 4.5 0.1 7.5
v 4.9 0.1 7.5
v -3.6 0.1 7.4
v -3.1 0.1 7.4
v 4.1 0.1 7.4
v 4.5 0.1 7.4
v -3.1 0.1 7.3
v -2.7 0.1 7.3
v 3.4 0.1 7.3
v 4.1 0.1 7.3
v -2.7 0.1 7.2
v -2.4 0.1 7.2
v 2.8 0.1 7.2
v 3.4 0.1 7.2
v -2.4 0.1 7.1
v -2.1 0.1 7.1
v 1.1 0.1 7.1
v 2.2 0.1 7.1
v 2.3 0.1 7.1
v 2.8 0.1 7.1
v -2.1 0.1 7
v -1.7 0.1 7
v 0.4 0.1 7
v 1.1 0.1 7
v -1.7 0.1 6.9
v -0.400001 0.1 6.9
v -0.3 0.1 6.9
v 0.4 0.1 6.9
v -0.400001 0.1 6.8
v -0.3 0.1 6.8
v 12.7 0.2 12
v 12.8 0.2 12
v 12.5 0.2 11.9
v 12.7 0.2 11.9
v 12.3 0.2 11.8
v 12.5 0.2 11.8
v 12.1 0.2 11.7
v 12.3 0.2 11.7
v 11.9 0.2 11.6
v 12.1 0.2 11.6
v 11.6 0.2 11.4
v 11.9 0.2 11.4
v 11.5 0.2 11.3
v 11.6 0.2 11.3
v -12.8 0.2 11.2
v -12.6 0.2 11.2
v 11.4 0.2 11.2
v 11.5 0.2 11.2
v -12.6 0.2 11.1
v -12.4 0.2 11.1
v 11.3 0.2 11.1
v 11.4 0.2 11.1
v -12.4 0.2 11
v -12.2 0.2 11
v 11 0.2 11
v 11.3 0.2 11
v -12.2 0.2 10.9
v -12.1 0.2 10.9
v -12.1 0.2 10.8
v -12 0.2 10.8
v 10.9 0.2 10.8
v 11 0.2 10.8
v -12 0.2 10.7
v -11.9 0.2 10.7
v 10.8 0.2 10.7
v 10.9 0.2 10.7
v -11.9 0.2 10.6
v -11.8 0.2 10.6
v 10.7 0.2 10.6
v 10.8 0.2 10.6
v -11.8 0.2 10.5
v -11.6 0.2 10.5
v 11.1 0.2 10.5
v 11.2 0.2 10.5
v -11.6 0.2 10.4
v -11.5 0.2 10.4
v 10.6 0.2 10.4
v 10.7 0.2 10.4
v 11.1 0.2 10.4
v 11.2 0.2 10.4
v -11.5 0.2 10.3
v -11.3 0.2 10.3
v 10.5 0.2 10.3
v 10.6 0.2 10.3
v -11.3 0.2 10.2
v -11.2 0.2 10.2
v 10.4 0.2 10.2
v 10.5 0.2 10.2
v -11.2 0.2 10.1
v -11 0.2 10.1
v 10.3 0.2 10.1
v 10.4 0.2 10.1
v -11.7 0.2 10
v -11.6 0.2 10
v -11 0.2 10
v -10.9 0.2 10
v 10.2 0.2 10
v 10.3 0.2 10
v 11.1 0.2 10
v 11.2 0.2 10
v 12 0.2 10
v 12.1 0.2 10
v -11.7 0.2 9.9
v -11.6 0.2 9.9
v -10.9 0.2 9.9
v -10.7 0.2 9.9
v 11.1 0.2 9.9
v 11.2 0.2 9.9
v 12 0.2 9.9
v 12.1 0.2 9.9
v 12.4 0.2 9.9
v 12.5 0.2 9.9
v -10.7 0.2 9.8
v -10.6 0.2 9.8
v 10.1 0.2 9.8
v 10.2 0.2 9.8
v 12.4 0.2 9.8
v 12.5 0.2 9.8
v -10.6 0.2 9.7
v -10.3 0.2 9.7
v 10 0.2 9.7
v 10.1 0.2 9.7
v 10.6 0.2 9.7
v 10.7 0.2 9.7
v -12.4 0.2 9.6
v -12.3 0.2 9.6
v -10.3 0.2 9.6
v -10.1 0.2 9.6
v 9.9 0.2 9.6
v 10 0.2 9.6
v 10.6 0.2 9.6
v 10.7 0.2 9.6
v -12.4 0.2 9.5
v -12.3 0.2 9.5
v -10.7 0.2 9.5
v -10.6 0.2 9.5
v -10.1 0.2 9.5
v -9.9 0.2 9.5
v 9.7 0.2 9.5
v 9.9 0.2 9.5
v 12.2 0.2 9.5
v 12.3 0.2 9.5
v -10.7 0.2 9.4
v -10.6 0.2 9.4
v -9.9 0.2 9.4
v -9.8 0.2 9.4
v 9.6 0.2 9.4
v 9.7 0.2 9.4
v 12.2 0.2 9.4
v 12.3 0.2 9.4
v -9.8 0.2 9.3
v -9.4 0.2 9.3
v 9.4 0.2 9.3
v 9.6 0.2 9.3
v -9.7 0.2 9.2
v -9.6 0.2 9.2
v -9.4 0.2 9.2
v -9.2 0.2 9.2
v 9.3 0.2 9.2
v 9.4 0.2 9.2
v 9.6 0.2 9.2
v 9.7 0.2 9.2
v -11.1 0.2 9.1
v -11 0.2 9.1
v -9.7 0.2 9.1
v -9.6 0.2 9.1
v -9.2 0.2 9.1
v -9 0.2 9.1
v 9.2 0.2 9.1
v 9.3 0.2 9.1
v 9.6 0.2 9.1
v 9.7 0.2 9.1
v -11.1 0.2 9
v -11 0.2 9
v -10.9 0.2 9
v -9 0.2 9
v -8.8 0.2 9
v 9 0.2 9
v 9.2 0.2 9
v -11 0.2 8.9
v -10.9 0.2 8.9
v -10.4 0.2 8.9
v -10.3 0.2 8.9
v -8.8 0.2 8.9
v -8.5 0.2 8.9
v -10.4 0.2 8.8
v -10.3 0.2 8.8
v -8.5 0.2 8.8
v -8.3 0.2 8.8
v 8.7 0.2 8.8
v 9 0.2 8.8
v 9.1 0.2 8.8
v -11.1 0.2 8.7
v -11 0.2 8.7
v -8.3 0.2 8.7
v -8.1 0.2 8.7
v 8.5 0.2 8.7
v 8.7 0.2 8.7
v 9 0.2 8.7
v 9.1 0.2 8.7
v 9.5 0.2 8.7
v 9.6 0.2 8.7
v 11 0.2 8.7
v 11.1 0.2 8.7
v 12.2 0.2 8.7
v 12.3 0.2 8.7
v 12.6 0.2 8.7
v 12.8 0.2 8.7
v -12.6 0.2 8.6
v -12.4 0.2 8.6
v -11.1 0.2 8.6
v -11 0.2 8.6
v -8.1 0.2 8.6
v -7.9 0.2 8.6
v 8.3 0.2 8.6
v 8.5 0.2 8.6
v 9.5 0.2 8.6
v 9.6 0.2 8.6
v 10 0.2 8.6
v 10.1 0.2 8.6
v 11 0.2 8.6
v 11.1 0.2 8.6
v 12.2 0.2 8.6
v 12.3 0.2 8.6
v 12.5 0.2 8.6
v 12.6 0.2 8.6
v -12.6 0.2 8.5
v -12.4 0.2 8.5
v -7.9 0.2 8.5
v -7.6 0.2 8.5
v 7.8 0.2 8.5
v 8.3 0.2 8.5
v 10 0.2 8.5
v 10.1 0.2 8.5
v 10.2 0.2 8.5
v 12.3 0.2 8.5
v 12.5 0.2 8.5
v -11.9 0.2 8.4
v -11.8 0.2 8.4
v -10.7 0.2 8.4
v -10.6 0.2 8.4
v -7.6 0.2 8.4
v -7.1 0.2 8.4
v 7.5 0.2 8.4
v 7.8 0.2 8.4
v 10.1 0.2 8.4
v 10.2 0.2 8.4
v 12.1 0.2 8.4
v 12.2 0.2 8.4
v 12.3 0.2 8.4
v -11.9 0.2 8.3
v -11.8 0.2 8.3
v -11.3 0.2 8.3
v -11.2 0.2 8.3
v -10.7 0.2 8.3
v -10.6 0.2 8.3
v -7.1 0.2 8.3
v -6.6 0.2 8.3
v 7.4 0.2 8.3
v 7.5 0.2 8.3
v 10.6 0.2 8.3
v 10.7 0.2 8.3
v 11.8 0.2 8.3
v 11.9 0.2 8.3
v 12 0.2 8.3
v 12.1 0.2 8.3
v -11.3 0.2 8.2
v -11.2 0.2 8.2
v -6.6 0.2 8.2
v -6.3 0.2 8.2
v 7.1 0.2 8.2
v 7.4 0.2 8.2
v 10.6 0.2 8.2
v 10.7 0.2 8.2
v 11.4 0.2 8.2
v 11.5 0.2 8.2
v 11.6 0.2 8.2
v 11.8 0.2 8.2
v 11.9 0.2 8.2
v 12 0.2 8.2
v -9.4 0.2 8.1
v -9.3 0.2 8.1
v -6.8 0.2 8.1
v -6.7 0.2 8.1
v -6.3 0.2 8.1
v -6 0.2 8.1
v 6.8 0.2 8.1
v 7.1 0.2 8.1
v 8.8 0.2 8.1
v 8.9 0.2 8.1
v 10.6 0.2 8.1
v 11.4 0.2 8.1
v 11.5 0.2 8.1
v 11.6 0.2 8.1
v -9.4 0.2 8
v -9.3 0.2 8
v -8.4 0.2 8
v -8.3 0.2 8
v -6.8 0.2 8
v -6.7 0.2 8
v -6 0.2 8
v -5.6 0.2 8
v 6.3 0.2 8
v 6.8 0.2 8
v 6.9 0.2 8
v 7 0.2 8
v 8.8 0.2 8
v 8.9 0.2 8
v 10.2 0.2 8
v 10.6 0.2 8
v -12.8 0.2 7.9
v -12.6 0.2 7.9
v -8.5 0.2 7.9
v -8.4 0.2 7.9
v -8.3 0.2 7.9
v -5.6 0.2 7.9
v -5.1 0.2 7.9
v 5.8 0.2 7.9
v 6.3 0.2 7.9
v 6.9 0.2 7.9
v 7 0.2 7.9
v 7.8 0.2 7.9
v 8 0.2 7.9
v 9.7 0.2 7.9
v 10.1 0.2 7.9
v 10.2 0.2 7.9
v -12.6 0.2 7.8
v -12.4 0.2 7.8
v -8.5 0.2 7.8
v -8.4 0.2 7.8
v -5.1 0.2 7.8
v -4.9 0.2 7.8
v 5.5 0.2 7.8
v 5.8 0.2 7.8
v 7.8 0.2 7.8
v 7.9 0.2 7.8
v 9.4 0.2 7.8
v 9.7 0.2 7.8
v -12.4 0.2 7.7
v -12.1 0.2 7.7
v -4.9 0.2 7.7
v -4.4 0.2 7.7
v 5.2 0.2 7.7
v 5.5 0.2 7.7
v 7.6 0.2 7.7
v 7.7 0.2 7.7
v 7.9 0.2 7.7
v 8 0.2 7.7
v 9.1 0.2 7.7
v 9.4 0.2 7.7
v -12.1 0.2 7.6
v -11.9 0.2 7.6
v -5 0.2 7.6
v -4.9 0.2 7.6
v -4.4 0.2 7.6
v -4 0.2 7.6
v 4.9 0.2 7.6
v 5.2 0.2 7.6
v 7.6 0.2 7.6
v 7.7 0.2 7.6
v 8.7 0.2 7.6
v 9.1 0.2 7.6
v -11.9 0.2 7.5
v -11.7 0.2 7.5
v -7 0.2 7.5
v -6.9 0.2 7.5
v -5 0.2 7.5
v -4.9 0.2 7.5
v -4 0.2 7.5
v -3.6 0.2 7.5
v 4.5 0.2 7.5
v 4.9 0.2 7.5
v 8.5 0.2 7.5
v 8.7 0.2 7.5
v -11.7 0.2 7.4
v -11.6 0.2 7.4
v -3.6 0.2 7.4
v -3.1 0.2 7.4
v 4.1 0.2 7.4
v 4.5 0.2 7.4
v 4.9 0.2 7.4
v 5 0.2 7.4
v 8 0.2 7.4
v 8.5 0.2 7.4
v -11.6 0.2 7.3
v -11.4 0.2 7.3
v -7 0.2 7.3
v -6.9 0.2 7.3
v -6.2 0.2 7.3
v -6.1 0.2 7.3
v -3.1 0.2 7.3
v -2.7 0.2 7.3
v 3.4 0.2 7.3
v 4.1 0.2 7.3
v 4.9 0.2 7.3
v 5 0.2 7.3
v 7.8 0.2 7.3
v 8 0.2 7.3
v -11.4 0.2 7.2
v -11.1 0.2 7.2
v -9.1 0.2 7.2
v -9 0.2 7.2
v -6.2 0.2 7.2
v -6.1 0.2 7.2
v -2.7 0.2 7.2
v -2.4 0.2 7.2
v 2.8 0.2 7.2
v 3.4 0.2 7.2
v 7.5 0.2 7.2
v 7.8 0.2 7.2
v -11.1 0.2 7.1
v -10.7 0.2 7.1
v -2.4 0.2 7.1
v -2.1 0.2 7.1
v 1.1 0.2 7.1
v 2.2 0.2 7.1
v 2.3 0.2 7.1
v 2.8 0.2 7.1
v 7.2 0.2 7.1
v 7.5 0.2 7.1
v -10.7 0.2 7
v -10.3 0.2 7
v -9.1 0.2 7
v -9 0.2 7
v -2.1 0.2 7
v -1.7 0.2 7
v 0.4 0.2 7
v 1.1 0.2 7
v 2.2 0.2 7
v 2.3 0.2 7
v 6.8 0.2 7
v 7.2 0.2 7
v -10.3 0.2 6.9
v -9.9 0.2 6.9
v -6.9 0.2 6.9
v -6.7 0.2 6.9
v -1.7 0.2 6.9
v -0.400001 0.2 6.9
v -0.3 0.2 6.9
v 0.4 0.2 6.9
v 3 0.2 6.9
v 3.1 0.2 6.9
v 6.3 0.2 6.9
v 6.8 0.2 6.9
v -9.9 0.2 6.8
v -9.6 0.2 6.8
v -6.9 0.2 6.8
v -6.7 0.2 6.8
v -0.400001 0.2 6.8
v -0.3 0.2 6.8
v 3 0.2 6.8
v 3.1 0.2 6.8
v 5.7 0.2 6.8
v 6.3 0.2 6.8
v -9.6 0.2 6.7
v -9.4 0.2 6.7
v -3.1 0.2 6.7
v -3 0.2 6.7
v 5.4 0.2 6.7
v 5.7 0.2 6.7
v -9.4 0.2 6.6
v -9 0.2 6.6
v -6.3 0.2 6.6
v -6.2 0.2 6.6
v 5.1 0.2 6.6
v 5.4 0.2 6.6
v -9 0.2 6.5
v -8.8 0.2 6.5
v -6.3 0.2 6.5
v -6.2 0.2 6.5
v -3.1 0.2 6.5
v -3 0.2 6.5
v 2 0.2 6.5
v 2.1 0.2 6.5
v 4.6 0.2 6.5
v 5.1 0.2 6.5
v -8.8 0.2 6.4
v -8.4 0.2 6.4
v 2 0.2 6.4
v 2.1 0.2 6.4
v 4.1 0.2 6.4
v 4.6 0.2 6.4
v -8.4 0.2 6.3
v -8 0.2 6.3
v -6.3 0.2 6.3
v -6.2 0.2 6.3
v 3.8 0.2 6.3
v 4.1 0.2 6.3
v -8 0.2 6.2
v -7.2 0.2 6.2
v -6.7 0.2 6.2
v -6.4 0.2 6.2
v -6.3 0.2 6.2
v -6.2 0.2 6.2
v -5.3 0.2 6.2
v -5.2 0.2 6.2
v -3.6 0.2 6.2
v -3.4 0.2 6.2
v 0.299999 0.2 6.2
v 0.5 0.2 6.2
v 3.6 0.2 6.2
v 3.8 0.2 6.2
v -7.2 0.2 6.1
v -6.7 0.2 6.1
v -6.4 0.2 6.1
v -5.3 0.2 6.1
v -5.2 0.2 6.1
v -3.6 0.2 6.1
v -3.4 0.2 6.1
v -3 0.2 6.1
v 0.299999 0.2 6.1
v 0.5 0.2 6.1
v 3.4 0.2 6.1
v 3.6 0.2 6.1
v -3 0.2 6
v -1 0.2 6
v 0.599999 0.2 6
v 0.7 0.2 6
v 1.4 0.2 6
v 1.6 0.2 6
v 3.2 0.2 6
v 3.4 0.2 6
v -1 0.2 5.9
v -0.400001 0.2 5.9
v 0.599999 0.2 5.9
v 0.7 0.2 5.9
v 1.4 0.2 5.9
v 1.6 0.2 5.9
v 3.1 0.2 5.9
v 3.2 0.2 5.9
v -0.400001 0.2 5.8
v 1 0.2 5.8
v 1.4 0.2 5.8
v 1.5 0.2 5.8
v 2.6 0.2 5.8
v 3.1 0.2 5.8
v 1 0.2 5.7
v 1.4 0.2 5.7
v 1.5 0.2 5.7
v 1.7 0.2 5.7
v 2.6 0.2 5.7
v 1.5 0.2 5.6
v 1.7 0.2 5.6
v 12.6 0.3 8.7
v 12.8 0.3 8.7
v 12.5 0.3 8.6
v 12.6 0.3 8.6
v 12.3 0.3 8.5
v 12.5 0.3 8.5
v 12.1 0.3 8.4
v 12.2 0.3 8.4
v 12.3 0.3 8.4
v 11.8 0.3 8.3
v 11.9 0.3 8.3
v 12 0.3 8.3
v 12.1 0.3 8.3
v 12.2 0.3 8.3
v 12.3 0.3 8.3
v 11.4 0.3 8.2
v 11.5 0.3 8.2
v 11.6 0.3 8.2
v 11.8 0.3 8.2
v 11.9 0.3 8.2
v 12 0.3 8.2
v 10.6 0.3 8.1
v 11.4 0.3 8.1
v 11.5 0.3 8.1
v 11.6 0.3 8.1
v 10.2 0.3 8
v 10.6 0.3 8
v -12.8 0.3 7.9
v -12.6 0.3 7.9
v 9.7 0.3 7.9
v 10.1 0.3 7.9
v 10.2 0.3 7.9
v -12.6 0.3 7.8
v -12.4 0.3 7.8
v 9.4 0.3 7.8
v 9.7 0.3 7.8
v 10.1 0.3 7.8
v 10.2 0.3 7.8
v -12.4 0.3 7.7
v -12.1 0.3 7.7
v 9.1 0.3 7.7
v 9.4 0.3 7.7
v -12.1 0.3 7.6
v -11.9 0.3 7.6
v 8.7 0.3 7.6
v 9.1 0.3 7.6
v 10.9 0.3 7.6
v 11 0.3 7.6
v -11.9 0.3 7.5
v -11.7 0.3 7.5
v 8.5 0.3 7.5
v 8.7 0.3 7.5
v 9.1 0.3 7.5
v 9.2 0.3 7.5
v 10.9 0.3 7.5
v 11 0.3 7.5
v 12.2 0.3 7.5
v 12.3 0.3 7.5
v -11.7 0.3 7.4
v -11.6 0.3 7.4
v 8 0.3 7.4
v 8.5 0.3 7.4
v 9.1 0.3 7.4
v 9.2 0.3 7.4
v 9.5 0.3 7.4
v 9.6 0.3 7.4
v 12.2 0.3 7.4
v 12.3 0.3 7.4
v -11.6 0.3 7.3
v -11.4 0.3 7.3
v 7.8 0.3 7.3
v 8 0.3 7.3
v 8.8 0.3 7.3
v 8.9 0.3 7.3
v 9.5 0.3 7.3
v 9.6 0.3 7.3
v 10.5 0.3 7.3
v 10.6 0.3 7.3
v -11.4 0.3 7.2
v -11.1 0.3 7.2
v 7.5 0.3 7.2
v 7.8 0.3 7.2
v 8.8 0.3 7.2
v 8.9 0.3 7.2
v 10.5 0.3 7.2
v 10.6 0.3 7.2
v -11.1 0.3 7.1
v -10.7 0.3 7.1
v 7.2 0.3 7.1
v 7.5 0.3 7.1
v -10.7 0.3 7
v -10.3 0.3 7
v 6.8 0.3 7
v 7.2 0.3 7
v 8 0.3 7
v 8.1 0.3 7
v -10.3 0.3 6.9
v -9.9 0.3 6.9
v 6.3 0.3 6.9
v 6.8 0.3 6.9
v -9.9 0.3 6.8
v -9.6 0.3 6.8
v 5.7 0.3 6.8
v 6.3 0.3 6.8
v 7.7 0.3 6.8
v 7.8 0.3 6.8
v 7.9 0.3 6.8
v 8 0.3 6.8
v 8.1 0.3 6.8
v -9.6 0.3 6.7
v -9.4 0.3 6.7
v 5.4 0.3 6.7
v 5.7 0.3 6.7
v 6.7 0.3 6.7
v 6.8 0.3 6.7
v 7.7 0.3 6.7
v 7.8 0.3 6.7
v 7.9 0.3 6.7
v 8 0.3 6.7
v -10.5 0.3 6.6
v -10.4 0.3 6.6
v -9.4 0.3 6.6
v -9 0.3 6.6
v 5.1 0.3 6.6
v 5.4 0.3 6.6
v 6.7 0.3 6.6
v 6.8 0.3 6.6
v 8 0.3 6.6
v 8.1 0.3 6.6
v 9 0.3 6.6
v 9.1 0.3 6.6
v -11.2 0.3 6.5
v -11.1 0.3 6.5
v -10.5 0.3 6.5
v -10.4 0.3 6.5
v -9 0.3 6.5
v -8.8 0.3 6.5
v 4.6 0.3 6.5
v 5.1 0.3 6.5
v 9 0.3 6.5
v 9.1 0.3 6.5
v -11.2 0.3 6.4
v -11.1 0.3 6.4
v -8.8 0.3 6.4
v -8.4 0.3 6.4
v 4.1 0.3 6.4
v 4.6 0.3 6.4
v 9 0.3 6.4
v 9.1 0.3 6.4
v 9.9 0.3 6.4
v 10.1 0.3 6.4
v -12.2 0.3 6.3
v -12.1 0.3 6.3
v -8.4 0.3 6.3
v -8 0.3 6.3
v 3.8 0.3 6.3
v 4.1 0.3 6.3
v 4.5 0.3 6.3
v 4.9 0.3 6.3
v 9.9 0.3 6.3
v 10.1 0.3 6.3
v -12.8 0.3 6.2
v -12.6 0.3 6.2
v -12.3 0.3 6.2
v -12.2 0.3 6.2
v -12.1 0.3 6.2
v -8 0.3 6.2
v -7.2 0.3 6.2
v -6.7 0.3 6.2
v -6.4 0.3 6.2
v -3.6 0.3 6.2
v -3.4 0.3 6.2
v 3.6 0.3 6.2
v 3.8 0.3 6.2
v 4.5 0.3 6.2
v 4.9 0.3 6.2
v 11.8 0.3 6.2
v 11.9 0.3 6.2
v -12.6 0.3 6.1
v -12.3 0.3 6.1
v -12.2 0.3 6.1
v -7.2 0.3 6.1
v -6.7 0.3 6.1
v -6.4 0.3 6.1
v -3.6 0.3 6.1
v -3.4 0.3 6.1
v -3 0.3 6.1
v 3.4 0.3 6.1
v 3.6 0.3 6.1
v 11.8 0.3 6.1
v 11.9 0.3 6.1
v -12.2 0.3 6
v -12 0.3 6
v -3 0.3 6
v -1 0.3 6
v 3.2 0.3 6
v 3.4 0.3 6
v 10.6 0.3 6
v 10.7 0.3 6
v 12.3 0.3 6
v 12.8 0.3 6
v -12 0.3 5.9
v -11.9 0.3 5.9
v -11.8 0.3 5.9
v -11.5 0.3 5.9
v -8.5 0.3 5.9
v -8.4 0.3 5.9
v -7.5 0.3 5.9
v -7.4 0.3 5.9
v -1 0.3 5.9
v -0.400001 0.3 5.9
v 3.1 0.3 5.9
v 3.2 0.3 5.9
v 5.7 0.3 5.9
v 5.8 0.3 5.9
v 8.8 0.3 5.9
v 8.9 0.3 5.9
v 10.6 0.3 5.9
v 10.7 0.3 5.9
v 12 0.3 5.9
v 12.2 0.3 5.9
v 12.3 0.3 5.9
v -11.5 0.3 5.8
v -11.3 0.3 5.8
v -8.5 0.3 5.8
v -8.4 0.3 5.8
v -7.5 0.3 5.8
v -7.4 0.3 5.8
v -6.6 0.3 5.8
v -6.5 0.3 5.8
v -0.8 0.3 5.8
v -0.700001 0.3 5.8
v -0.400001 0.3 5.8
v 1 0.3 5.8
v 2.6 0.3 5.8
v 3.1 0.3 5.8
v 3.7 0.3 5.8
v 3.8 0.3 5.8
v 6.6 0.3 5.8
v 6.7 0.3 5.8
v 8.8 0.3 5.8
v 8.9 0.3 5.8
v 11.5 0.3 5.8
v 12 0.3 5.8
v -11.3 0.3 5.7
v -10.9 0.3 5.7
v -6.6 0.3 5.7
v -6.5 0.3 5.7
v -0.8 0.3 5.7
v -0.700001 0.3 5.7
v 1 0.3 5.7
v 1.5 0.3 5.7
v 1.7 0.3 5.7
v 2.6 0.3 5.7
v 3.7 0.3 5.7
v 3.8 0.3 5.7
v 4.1 0.3 5.7
v 4.2 0.3 5.7
v 5.7 0.3 5.7
v 5.8 0.3 5.7
v 6.6 0.3 5.7
v 6.7 0.3 5.7
v 7.8 0.3 5.7
v 7.9 0.3 5.7
v 11.3 0.3 5.7
v 11.5 0.3 5.7
v -10.9 0.3 5.6
v -10.7 0.3 5.6
v -3.5 0.3 5.6
v -3.4 0.3 5.6
v 1.5 0.3 5.6
v 1.7 0.3 5.6
v 4.1 0.3 5.6
v 4.2 0.3 5.6
v 7.8 0.3 5.6
v 7.9 0.3 5.6
v 11.1 0.3 5.6
v 11.3 0.3 5.6
v -10.7 0.3 5.5
v -10.4 0.3 5.5
v -7.3 0.3 5.5
v -7.2 0.3 5.5
v -3.5 0.3 5.5
v -3.4 0.3 5.5
v 0.9 0.3 5.5
v 1 0.3 5.5
v 10.9 0.3 5.5
v 11.1 0.3 5.5
v -10.4 0.3 5.4
v -10.1 0.3 5.4
v -7.3 0.3 5.4
v -7.2 0.3 5.4
v -1.6 0.3 5.4
v -1.5 0.3 5.4
v 0.9 0.3 5.4
v 1 0.3 5.4
v 7.2 0.3 5.4
v 7.3 0.3 5.4
v 10.7 0.3 5.4
v 10.9 0.3 5.4
v -10.1 0.3 5.3
v -9.7 0.3 5.3
v -9.3 0.3 5.3
v -9.2 0.3 5.3
v -1.6 0.3 5.3
v -1.5 0.3 5.3
v 4.8 0.3 5.3
v 4.9 0.3 5.3
v 7.2 0.3 5.3
v 7.3 0.3 5.3
v 8.5 0.3 5.3
v 8.6 0.3 5.3
v 10.5 0.3 5.3
v 10.7 0.3 5.3
v -9.7 0.3 5.2
v -9.3 0.3 5.2
v -9.2 0.3 5.2
v 4.8 0.3 5.2
v 4.9 0.3 5.2
v 8.5 0.3 5.2
v 8.6 0.3 5.2
v 9.6 0.3 5.2
v 9.7 0.3 5.2
v 10.1 0.3 5.2
v 10.5 0.3 5.2
v -9.2 0.3 5.1
v -8.9 0.3 5.1
v -3.8 0.3 5.1
v -3.7 0.3 5.1
v 0.799999 0.3 5.1
v 0.9 0.3 5.1
v 9.6 0.3 5.1
v 9.7 0.3 5.1
v 10.1 0.3 5.1
v -8.9 0.3 5
v -8.7 0.3 5
v -3.8 0.3 5
v -3.7 0.3 5
v 0.799999 0.3 5
v 0.9 0.3 5
v 9.3 0.3 5
v 9.6 0.3 5
v -8.7 0.3 4.9
v -8.6 0.3 4.9
v -5.7 0.3 4.9
v -5.6 0.3 4.9
v -2.8 0.3 4.9
v -2.7 0.3 4.9
v -0.8 0.3 4.9
v -0.700001 0.3 4.9
v 2.7 0.3 4.9
v 2.8 0.3 4.9
v 6.3 0.3 4.9
v 6.4 0.3 4.9
v 8.8 0.3 4.9
v 9.3 0.3 4.9
v -8.6 0.3 4.8
v -8.2 0.3 4.8
v -5.7 0.3 4.8
v -5.6 0.3 4.8
v -4.1 0.3 4.8
v -4 0.3 4.8
v -2.8 0.3 4.8
v -2.7 0.3 4.8
v -0.8 0.3 4.8
v -0.700001 0.3 4.8
v -0.6 0.3 4.8
v 1.7 0.3 4.8
v 1.8 0.3 4.8
v 2.7 0.3 4.8
v 2.8 0.3 4.8
v 6.3 0.3 4.8
v 6.4 0.3 4.8
v 7.7 0.3 4.8
v 8.8 0.3 4.8
v -8.2 0.3 4.7
v -7.8 0.3 4.7
v -4.8 0.3 4.7
v -4.7 0.3 4.7
v -4.6 0.3 4.7
v -4.1 0.3 4.7
v -4 0.3 4.7
v -0.700001 0.3 4.7
v -0.6 0.3 4.7
v 1.7 0.3 4.7
v 1.8 0.3 4.7
v 6.3 0.3 4.7
v 7.7 0.3 4.7
v -7.8 0.3 4.6
v -7.4 0.3 4.6
v -6.5 0.3 4.6
v -6.4 0.3 4.6
v -4.8 0.3 4.6
v -4.7 0.3 4.6
v -4.6 0.3 4.6
v -1.3 0.3 4.6
v -1.2 0.3 4.6
v 5.7 0.3 4.6
v 6.3 0.3 4.6
v -7.4 0.3 4.5
v -7.1 0.3 4.5
v -6.5 0.3 4.5
v -6.4 0.3 4.5
v -1.3 0.3 4.5
v -1.2 0.3 4.5
v 5.1 0.3 4.5
v 5.7 0.3 4.5
v -7.1 0.3 4.4
v -6.7 0.3 4.4
v 3.3 0.3 4.4
v 5.1 0.3 4.4
v -6.7 0.3 4.3
v -6.3 0.3 4.3
v 1 0.3 4.3
v 1.1 0.3 4.3
v 2.7 0.3 4.3
v 3.3 0.3 4.3
v -6.3 0.3 4.2
v -5.8 0.3 4.2
v -0.8 0.3 4.2
v -0.700001 0.3 4.2
v 1 0.3 4.2
v 1.1 0.3 4.2
v 2 0.3 4.2
v 2.7 0.3 4.2
v -5.8 0.3 4.1
v -3.3 0.3 4.1
v -0.8 0.3 4.1
v -0.700001 0.3 4.1
v 1.5 0.3 4.1
v 2 0.3 4.1
v -3.3 0.3 4
v -1.1 0.3 4
v 1.2 0.3 4
v 1.5 0.3 4
v -1.1 0.3 3.9
v 0.4 0.3 3.9
v 0.7 0.3 3.9
v 1.2 0.3 3.9
v 0.4 0.3 3.8
v 0.7 0.3 3.8
v -12.8 0.4 6.2
v -12.6 0.4 6.2
v -12.6 0.4 6.1
v -12.2 0.4 6.1
v -12.2 0.4 6
v -12 0.4 6
v 12.3 0.4 6
v 12.8 0.4 6
v -12 0.4 5.9
v -11.9 0.4 5.9
v -11.8 0.4 5.9
v -11.5 0.4 5.9
v 12 0.4 5.9
v 12.2 0.4 5.9
v 12.3 0.4 5.9
v -11.9 0.4 5.8
v -11.8 0.4 5.8
v -11.5 0.4 5.8
v -11.3 0.4 5.8
v 11.5 0.4 5.8
v 12 0.4 5.8
v 12.2 0.4 5.8
v 12.3 0.4 5.8
v -11.3 0.4 5.7
v -10.9 0.4 5.7
v 11.3 0.4 5.7
v 11.5 0.4 5.7
v -10.9 0.4 5.6
v -10.7 0.4 5.6
v 11.1 0.4 5.6
v 11.3 0.4 5.6
v -11.2 0.4 5.5
v -11.1 0.4 5.5
v -10.7 0.4 5.5
v -10.4 0.4 5.5
v 10.9 0.4 5.5
v 11.1 0.4 5.5
v -11.2 0.4 5.4
v -11.1 0.4 5.4
v -10.4 0.4 5.4
v -10.1 0.4 5.4
v 10.7 0.4 5.4
v 10.9 0.4 5.4
v 11.5 0.4 5.4
v 11.6 0.4 5.4
v -10.1 0.4 5.3
v -9.7 0.4 5.3
v 10.5 0.4 5.3
v 10.7 0.4 5.3
v 11.5 0.4 5.3
v 11.6 0.4 5.3
v -12.4 0.4 5.2
v -12.3 0.4 5.2
v -12 0.4 5.2
v -11.9 0.4 5.2
v -10.1 0.4 5.2
v -10 0.4 5.2
v -9.7 0.4 5.2
v -9.2 0.4 5.2
v 10.1 0.4 5.2
v 10.5 0.4 5.2
v -12.4 0.4 5.1
v -12.3 0.4 5.1
v -12 0.4 5.1
v -11.9 0.4 5.1
v -10.1 0.4 5.1
v -10 0.4 5.1
v -9.2 0.4 5.1
v -8.9 0.4 5.1
v 9.6 0.4 5.1
v 10.1 0.4 5.1
v -8.9 0.4 5
v -8.7 0.4 5
v 9.3 0.4 5
v 9.6 0.4 5
v 11.5 0.4 5
v 11.6 0.4 5
v -8.7 0.4 4.9
v -8.6 0.4 4.9
v 8.8 0.4 4.9
v 9.3 0.4 4.9
v 10.4 0.4 4.9
v 10.5 0.4 4.9
v 11.2 0.4 4.9
v 11.3 0.4 4.9
v 11.5 0.4 4.9
v 11.6 0.4 4.9
v -8.6 0.4 4.8
v -8.2 0.4 4.8
v 7.7 0.4 4.8
v 8.8 0.4 4.8
v 9.3 0.4 4.8
v 9.4 0.4 4.8
v 10.4 0.4 4.8
v 10.5 0.4 4.8
v 11.2 0.4 4.8
v 11.3 0.4 4.8
v 12.5 0.4 4.8
v 12.8 0.4 4.8
v -8.2 0.4 4.7
v -7.8 0.4 4.7
v 6.3 0.4 4.7
v 7.7 0.4 4.7
v 9.3 0.4 4.7
v 9.4 0.4 4.7
v 12.3 0.4 4.7
v 12.5 0.4 4.7
v -12.8 0.4 4.6
v -12.4 0.4 4.6
v -7.8 0.4 4.6
v -7.4 0.4 4.6
v 5.7 0.4 4.6
v 6.3 0.4 4.6
v 11.8 0.4 4.6
v 12.3 0.4 4.6
v -12.4 0.4 4.5
v -12 0.4 4.5
v -11.9 0.4 4.5
v -11.7 0.4 4.5
v -11.1 0.4 4.5
v -11 0.4 4.5
v -7.4 0.4 4.5
v -7.1 0.4 4.5
v 5.1 0.4 4.5
v 5.7 0.4 4.5
v 9.4 0.4 4.5
v 9.5 0.4 4.5
v 9.9 0.4 4.5
v 10 0.4 4.5
v 11.1 0.4 4.5
v 11.8 0.4 4.5
v -11.7 0.4 4.4
v -11.1 0.4 4.4
v -11 0.4 4.4
v -10.9 0.4 4.4
v -7.1 0.4 4.4
v -6.7 0.4 4.4
v 3.3 0.4 4.4
v 5.1 0.4 4.4
v 9.4 0.4 4.4
v 9.5 0.4 4.4
v 9.9 0.4 4.4
v 10 0.4 4.4
v 10.6 0.4 4.4
v 11.1 0.4 4.4
v -11.1 0.4 4.3
v -11 0.4 4.3
v -10.9 0.4 4.3
v -10.7 0.4 4.3
v -10.6 0.4 4.3
v -10.5 0.4 4.3
v -8.9 0.4 4.3
v -8.8 0.4 4.3
v -6.7 0.4 4.3
v -6.3 0.4 4.3
v 2.7 0.4 4.3
v 3.3 0.4 4.3
v 10.4 0.4 4.3
v 10.6 0.4 4.3
v -10.7 0.4 4.2
v -10.6 0.4 4.2
v -10.5 0.4 4.2
v -9.8 0.4 4.2
v -8.9 0.4 4.2
v -8.8 0.4 4.2
v -6.3 0.4 4.2
v -5.8 0.4 4.2
v 2 0.4 4.2
v 2.7 0.4 4.2
v 10.1 0.4 4.2
v 10.4 0.4 4.2
v -9.8 0.4 4.1
v -9.2 0.4 4.1
v -5.8 0.4 4.1
v -3.3 0.4 4.1
v 1.5 0.4 4.1
v 2 0.4 4.1
v 9.8 0.4 4.1
v 10.1 0.4 4.1
v -9.2 0.4 4
v -8.7 0.4 4
v -3.3 0.4 4
v -1.1 0.4 4
v 1.2 0.4 4
v 1.5 0.4 4
v 9.6 0.4 4
v 9.8 0.4 4
v -8.7 0.4 3.9
v -8.3 0.4 3.9
v -7.2 0.4 3.9
v -7.1 0.4 3.9
v -1.1 0.4 3.9
v 0.4 0.4 3.9
v 0.7 0.4 3.9
v 1.2 0.4 3.9
v 3.2 0.4 3.9
v 3.3 0.4 3.9
v 7.9 0.4 3.9
v 8 0.4 3.9
v 9.5 0.4 3.9
v 9.6 0.4 3.9
v -8.3 0.4 3.8
v -7.6 0.4 3.8
v -7.2 0.4 3.8
v -7.1 0.4 3.8
v 0.4 0.4 3.8
v 0.7 0.4 3.8
v 3.2 0.4 3.8
v 3.3 0.4 3.8
v 7.3 0.4 3.8
v 7.4 0.4 3.8
v 7.9 0.4 3.8
v 8 0.4 3.8
v 9.3 0.4 3.8
v 9.5 0.4 3.8
v -7.6 0.4 3.7
v -7.1 0.4 3.7
v -1.6 0.4 3.7
v -1.5 0.4 3.7
v 5.6 0.4 3.7
v 5.7 0.4 3.7
v 7.3 0.4 3.7
v 7.4 0.4 3.7
v 9.1 0.4 3.7
v 9.3 0.4 3.7
v -7.1 0.4 3.6
v -6.5 0.4 3.6
v -1.6 0.4 3.6
v -1.5 0.4 3.6
v 5.6 0.4 3.6
v 5.7 0.4 3.6
v 8.9 0.4 3.6
v 9.1 0.4 3.6
v -6.5 0.4 3.5
v -5.8 0.4 3.5
v 8.4 0.4 3.5
v 8.9 0.4 3.5
v -5.8 0.4 3.4
v -5.2 0.4 3.4
v 5.9 0.4 3.4
v 6 0.4 3.4
v 6.4 0.4 3.4
v 6.5 0.4 3.4
v 8.1 0.4 3.4
v 8.4 0.4 3.4
v -5.2 0.4 3.3
v -4.6 0.4 3.3
v 1.5 0.4 3.3
v 1.6 0.4 3.3
v 5.9 0.4 3.3
v 6 0.4 3.3
v 6.4 0.4 3.3
v 6.5 0.4 3.3
v 7 0.4 3.3
v 8.1 0.4 3.3
v -4.6 0.4 3.2
v -4.2 0.4 3.2
v 1.5 0.4 3.2
v 1.6 0.4 3.2
v 4.9 0.4 3.2
v 5.7 0.4 3.2
v 5.8 0.4 3.2
v 7 0.4 3.2
v -4.2 0.4 3.1
v -3.6 0.4 3.1
v -1.4 0.4 3.1
v -1.3 0.4 3.1
v 0.599999 0.4 3.1
v 0.7 0.4 3.1
v 2.8 0.4 3.1
v 4.9 0.4 3.1
v -3.6 0.4 3
v -2.9 0.4 3
v -1.4 0.4 3
v -1.3 0.4 3
v 0.599999 0.4 3
v 0.7 0.4 3
v 1.8 0.4 3
v 2.8 0.4 3
v -2.9 0.4 2.9
v -2.5 0.4 2.9
v -1.5 0.4 2.9
v -1.4 0.4 2.9
v 1.1 0.4 2.9
v 1.8 0.4 2.9
v -2.5 0.4 2.8
v -1.9 0.4 2.8
v -1.5 0.4 2.8
v -1.4 0.4 2.8
v 0.4 0.4 2.8
v 1.1 0.4 2.8
v -1.9 0.4 2.7
v 0.4 0.4 2.7
v 12.5 0.5 4.8
v 12.8 0.5 4.8
v 12.3 0.5 4.7
v 12.5 0.5 4.7
v -12.8 0.5 4.6
v -12.4 0.5 4.6
v 11.8 0.5 4.6
v 12.3 0.5 4.6
v -12.4 0.5 4.5
v -12 0.5 4.5
v -11.9 0.5 4.5
v -11.7 0.5 4.5
v 11.1 0.5 4.5
v 11.8 0.5 4.5
v -11.7 0.5 4.4
v -11.1 0.5 4.4
v 10.6 0.5 4.4
v 11.1 0.5 4.4
v -12 0.5 4.3
v -11.9 0.5 4.3
v -11.1 0.5 4.3
v -10.7 0.5 4.3
v 10.4 0.5 4.3
v 10.6 0.5 4.3
v -10.7 0.5 4.2
v -9.8 0.5 4.2
v 10.1 0.5 4.2
v 10.4 0.5 4.2
v -9.8 0.5 4.1
v -9.2 0.5 4.1
v 9.8 0.5 4.1
v 10.1 0.5 4.1
v -9.2 0.5 4
v -8.7 0.5 4
v 9.6 0.5 4
v 9.8 0.5 4
v -8.7 0.5 3.9
v -8.3 0.5 3.9
v 9.5 0.5 3.9
v 9.6 0.5 3.9
v -8.3 0.5 3.8
v -7.6 0.5 3.8
v 9.3 0.5 3.8
v 9.5 0.5 3.8
v -7.6 0.5 3.7
v -7.1 0.5 3.7
v 9.1 0.5 3.7
v 9.3 0.5 3.7
v 10.6 0.5 3.7
v 10.7 0.5 3.7
v -11.8 0.5 3.6
v -11.7 0.5 3.6
v -7.1 0.5 3.6
v -6.5 0.5 3.6
v 8.9 0.5 3.6
v 9.1 0.5 3.6
v 10.6 0.5 3.6
v 10.7 0.5 3.6
v -11.8 0.5 3.5
v -11.7 0.5 3.5
v -6.5 0.5 3.5
v -5.8 0.5 3.5
v 8.4 0.5 3.5
v 8.9 0.5 3.5
v -10.6 0.5 3.4
v -10.5 0.5 3.4
v -5.8 0.5 3.4
v -5.2 0.5 3.4
v 8.1 0.5 3.4
v 8.4 0.5 3.4
v -5.2 0.5 3.3
v -4.6 0.5 3.3
v 7 0.5 3.3
v 8.1 0.5 3.3
v -10.6 0.5 3.2
v -10.5 0.5 3.2
v -8.7 0.5 3.2
v -8.6 0.5 3.2
v -7.7 0.5 3.2
v -7.6 0.5 3.2
v -4.6 0.5 3.2
v -4.2 0.5 3.2
v 4.9 0.5 3.2
v 5.7 0.5 3.2
v 5.8 0.5 3.2
v 7 0.5 3.2
v 8.7 0.5 3.2
v 8.8 0.5 3.2
v -8.7 0.5 3.1
v -8.6 0.5 3.1
v -7.7 0.5 3.1
v -7.6 0.5 3.1
v -5.3 0.5 3.1
v -5.2 0.5 3.1
v -4.2 0.5 3.1
v -3.6 0.5 3.1
v 2.8 0.5 3.1
v 4.9 0.5 3.1
v 5.7 0.5 3.1
v 5.8 0.5 3.1
v 8.7 0.5 3.1
v 8.8 0.5 3.1
v 12.3 0.5 3.1
v 12.4 0.5 3.1
v -8.9 0.5 3
v -8.2 0.5 3
v -5.3 0.5 3
v -5.2 0.5 3
v -3.6 0.5 3
v -2.9 0.5 3
v 1.8 0.5 3
v 2.8 0.5 3
v 3.2 0.5 3
v 3.3 0.5 3
v 12.3 0.5 3
v 12.4 0.5 3
v 12.5 0.5 3
v 12.8 0.5 3
v -10.3 0.5 2.9
v -10.2 0.5 2.9
v -10.1 0.5 2.9
v -9.9 0.5 2.9
v -9.7 0.5 2.9
v -8.9 0.5 2.9
v -8.2 0.5 2.9
v -7.3 0.5 2.9
v -2.9 0.5 2.9
v -2.5 0.5 2.9
v 1.1 0.5 2.9
v 1.8 0.5 2.9
v 3.2 0.5 2.9
v 3.3 0.5 2.9
v 6.3 0.5 2.9
v 6.4 0.5 2.9
v 6.5 0.5 2.9
v 6.6 0.5 2.9
v 12.3 0.5 2.9
v 12.5 0.5 2.9
v -11.6 0.5 2.8
v -10.3 0.5 2.8
v -10.2 0.5 2.8
v -10.1 0.5 2.8
v -7.3 0.5 2.8
v -6.6 0.5 2.8
v -2.5 0.5 2.8
v -1.9 0.5 2.8
v 0.4 0.5 2.8
v 1.1 0.5 2.8
v 5.5 0.5 2.8
v 5.6 0.5 2.8
v 6.3 0.5 2.8
v 6.4 0.5 2.8
v 12.1 0.5 2.8
v 12.3 0.5 2.8
v -12.8 0.5 2.7
v -11.6 0.5 2.7
v -6.6 0.5 2.7
v -6 0.5 2.7
v -1.9 0.5 2.7
v 0.4 0.5 2.7
v 3.4 0.5 2.7
v 3.5 0.5 2.7
v 5.3 0.5 2.7
v 5.4 0.5 2.7
v 5.5 0.5 2.7
v 5.6 0.5 2.7
v 6.5 0.5 2.7
v 6.6 0.5 2.7
v 6.7 0.5 2.7
v 11.9 0.5 2.7
v 12.1 0.5 2.7
v -6 0.5 2.6
v -5.2 0.5 2.6
v 3.4 0.5 2.6
v 3.5 0.5 2.6
v 5.3 0.5 2.6
v 5.4 0.5 2.6
v 5.8 0.5 2.6
v 5.9 0.5 2.6
v 6.6 0.5 2.6
v 6.7 0.5 2.6
v 11.6 0.5 2.6
v 11.9 0.5 2.6
v -5.2 0.5 2.5
v -4.8 0.5 2.5
v 5.8 0.5 2.5
v 5.9 0.5 2.5
v 11.4 0.5 2.5
v 11.6 0.5 2.5
v -4.8 0.5 2.4
v -4.5 0.5 2.4
v 3.5 0.5 2.4
v 3.6 0.5 2.4
v 8 0.5 2.4
v 8.1 0.5 2.4
v 11.2 0.5 2.4
v 11.4 0.5 2.4
v -4.5 0.5 2.3
v -4.3 0.5 2.3
v 0.599999 0.5 2.3
v 0.7 0.5 2.3
v 3.5 0.5 2.3
v 3.6 0.5 2.3
v 8 0.5 2.3
v 8.1 0.5 2.3
v 8.9 0.5 2.3
v 9 0.5 2.3
v 9.3 0.5 2.3
v 9.4 0.5 2.3
v 11 0.5 2.3
v 11.2 0.5 2.3
v -4.3 0.5 2.2
v -4.1 0.5 2.2
v 0.599999 0.5 2.2
v 0.7 0.5 2.2
v 8.9 0.5 2.2
v 9 0.5 2.2
v 9.3 0.5 2.2
v 9.4 0.5 2.2
v 10.8 0.5 2.2
v 11 0.5 2.2
v -4.1 0.5 2.1
v -3.6 0.5 2.1
v 0.0999994 0.5 2.1
v 0.2 0.5 2.1
v 3.1 0.5 2.1
v 3.2 0.5 2.1
v 8 0.5 2.1
v 8.1 0.5 2.1
v 10.7 0.5 2.1
v 10.8 0.5 2.1
v -3.6 0.5 2
v -3.3 0.5 2
v 0.0999994 0.5 2
v 0.2 0.5 2
v 3.1 0.5 2
v 3.2 0.5 2
v 8 0.5 2
v 8.1 0.5 2
v 10.5 0.5 2
v 10.7 0.5 2
v -3.3 0.5 1.9
v -3.1 0.5 1.9
v 5.4 0.5 1.9
v 5.5 0.5 1.9
v 5.6 0.5 1.9
v 5.7 0.5 1.9
v 10.4 0.5 1.9
v 10.5 0.5 1.9
v -3.1 0.5 1.8
v -2.7 0.5 1.8
v 5.4 0.5 1.8
v 5.5 0.5 1.8
v 5.6 0.5 1.8
v 5.7 0.5 1.8
v 10.1 0.5 1.8
v 10.4 0.5 1.8
v -2.7 0.5 1.7
v -2.2 0.5 1.7
v 3.6 0.5 1.7
v 3.7 0.5 1.7
v 5.6 0.5 1.7
v 5.7 0.5 1.7
v 9.9 0.5 1.7
v 10.1 0.5 1.7
v -2.2 0.5 1.6
v -1.5 0.5 1.6
v 3.6 0.5 1.6
v 3.7 0.5 1.6
v 5.6 0.5 1.6
v 5.7 0.5 1.6
v 8.2 0.5 1.6
v 8.3 0.5 1.6
v 9.7 0.5 1.6
v 9.9 0.5 1.6
v -1.5 0.5 1.5
v -0.6 0.5 1.5
v 7.8 0.5 1.5
v 7.9 0.5 1.5
v 8.2 0.5 1.5
v 8.3 0.5 1.5
v 9.5 0.5 1.5
v 9.7 0.5 1.5
v -0.6 0.5 1.4
v 0.2 0.5 1.4
v 4.9 0.5 1.4
v 5 0.5 1.4
v 7.8 0.5 1.4
v 7.9 0.5 1.4
v 9.3 0.5 1.4
v 9.5 0.5 1.4
v 0.2 0.5 1.3
v 0.9 0.5 1.3
v 4.9 0.5 1.3
v 5 0.5 1.3
v 9 0.5 1.3
v 9.3 0.5 1.3
v 0.9 0.5 1.2
v 1.4 0.5 1.2
v 4.8 0.5 1.2
v 4.9 0.5 1.2
v 8.4 0.5 1.2
v 9 0.5 1.2
v 1.4 0.5 1.1
v 1.8 0.5 1.1
v 4.8 0.5 1.1
v 4.9 0.5 1.1
v 7 0.5 1.1
v 8.4 0.5 1.1
v 1.8 0.5 1
v 2.3 0.5 1
v 2.7 0.5 1
v 2.8 0.5 1
v 6.6 0.5 1
v 7 0.5 1
v 2.3 0.5 0.900001
v 2.5 0.5 0.900001
v 2.7 0.5 0.900001
v 2.8 0.5 0.900001
v 2.9 0.5 0.900001
v 3 0.5 0.900001
v 4.2 0.5 0.900001
v 5.1 0.5 0.900001
v 5.2 0.5 0.900001
v 6.6 0.5 0.900001
v 2.5 0.5 0.8
v 2.9 0.5 0.8
v 3 0.5 0.8
v 4.2 0.5 0.8
v -8.9 0.6 3
v -8.2 0.6 3
v 12.5 0.6 3
v 12.8 0.6 3
v -10.1 0.6 2.9
v -9.9 0.6 2.9
v -9.7 0.6 2.9
v -8.9 0.6 2.9
v -8.2 0.6 2.9
v -7.3 0.6 2.9
v 12.3 0.6 2.9
v 12.5 0.6 2.9
v -11.6 0.6 2.8
v -10.1 0.6 2.8
v -9.9 0.6 2.8
v -9.7 0.6 2.8
v -9.6 0.6 2.8
v -9.5 0.6 2.8
v -7.3 0.6 2.8
v -6.6 0.6 2.8
v 12.1 0.6 2.8
v 12.3 0.6 2.8
v -12.8 0.6 2.7
v -11.6 0.6 2.7
v -9.6 0.6 2.7
v -9.5 0.6 2.7
v -6.6 0.6 2.7
v -6 0.6 2.7
v 11.9 0.6 2.7
v 12.1 0.6 2.7
v -12 0.6 2.6
v -11.9 0.6 2.6
v -9.5 0.6 2.6
v -9.4 0.6 2.6
v -6 0.6 2.6
v -5.2 0.6 2.6
v 11.6 0.6 2.6
v 11.9 0.6 2.6
v -12 0.6 2.5
v -11.9 0.6 2.5
v -9.5 0.6 2.5
v -9.4 0.6 2.5
v -5.6 0.6 2.5
v -5.5 0.6 2.5
v -5.2 0.6 2.5
v -4.8 0.6 2.5
v 11.4 0.6 2.5
v 11.6 0.6 2.5
v -5.6 0.6 2.4
v -5.5 0.6 2.4
v -4.8 0.6 2.4
v -4.5 0.6 2.4
v 11.2 0.6 2.4
v 11.4 0.6 2.4
v -10.8 0.6 2.3
v -10.7 0.6 2.3
v -7.6 0.6 2.3
v -7.5 0.6 2.3
v -4.5 0.6 2.3
v -4.3 0.6 2.3
v 11 0.6 2.3
v 11.2 0.6 2.3
v -10.8 0.6 2.2
v -10.7 0.6 2.2
v -7.6 0.6 2.2
v -7.5 0.6 2.2
v -4.3 0.6 2.2
v -4.1 0.6 2.2
v 10.8 0.6 2.2
v 11 0.6 2.2
v -11.7 0.6 2.1
v -11.6 0.6 2.1
v -9.2 0.6 2.1
v -9.1 0.6 2.1
v -8.5 0.6 2.1
v -8.4 0.6 2.1
v -4.1 0.6 2.1
v -3.6 0.6 2.1
v 10.7 0.6 2.1
v 10.8 0.6 2.1
v -11.7 0.6 2
v -11.6 0.6 2
v -10.7 0.6 2
v -10.6 0.6 2
v -10.4 0.6 2
v -10.3 0.6 2
v -9.2 0.6 2
v -9.1 0.6 2
v -8.5 0.6 2
v -8.4 0.6 2
v -3.6 0.6 2
v -3.3 0.6 2
v 10.5 0.6 2
v 10.7 0.6 2
v -11.6 0.6 1.9
v -11.5 0.6 1.9
v -10.7 0.6 1.9
v -10.6 0.6 1.9
v -10.4 0.6 1.9
v -10.3 0.6 1.9
v -3.3 0.6 1.9
v -3.1 0.6 1.9
v 10.4 0.6 1.9
v 10.5 0.6 1.9
v -11.6 0.6 1.8
v -11.5 0.6 1.8
v -7.5 0.6 1.8
v -7.4 0.6 1.8
v -5.5 0.6 1.8
v -5.4 0.6 1.8
v -3.1 0.6 1.8
v -2.7 0.6 1.8
v 10.1 0.6 1.8
v 10.4 0.6 1.8
v -7.5 0.6 1.7
v -7.4 0.6 1.7
v -5.5 0.6 1.7
v -5.4 0.6 1.7
v -2.7 0.6 1.7
v -2.2 0.6 1.7
v 9.9 0.6 1.7
v 10.1 0.6 1.7
v -8 0.6 1.6
v -7.9 0.6 1.6
v -2.2 0.6 1.6
v -1.5 0.6 1.6
v 9.7 0.6 1.6
v 9.9 0.6 1.6
v -8 0.6 1.5
v -7.9 0.6 1.5
v -1.5 0.6 1.5
v -0.6 0.6 1.5
v 9.5 0.6 1.5
v 9.7 0.6 1.5
v 12.6 0.6 1.5
v 12.7 0.6 1.5
v 12.8 0.6 1.5
v -6.9 0.6 1.4
v -6.8 0.6 1.4
v -4.2 0.6 1.4
v -4.1 0.6 1.4
v -0.6 0.6 1.4
v 0.2 0.6 1.4
v 9.3 0.6 1.4
v 9.5 0.6 1.4
v 12.2 0.6 1.4
v 12.6 0.6 1.4
v 12.7 0.6 1.4
v 12.8 0.6 1.4
v -12.8 0.6 1.3
v -12.4 0.6 1.3
v -8.8 0.6 1.3
v -8.7 0.6 1.3
v -6.9 0.6 1.3
v -6.8 0.6 1.3
v -4.2 0.6 1.3
v -4.1 0.6 1.3
v 0.2 0.6 1.3
v 0.9 0.6 1.3
v 9 0.6 1.3
v 9.3 0.6 1.3
v 11.9 0.6 1.3
v 12.2 0.6 1.3
v -12.4 0.6 1.2
v -11.9 0.6 1.2
v -8.8 0.6 1.2
v -8.7 0.6 1.2
v -3.1 0.6 1.2
v -3 0.6 1.2
v -2.9 0.6 1.2
v -2.8 0.6 1.2
v 0.9 0.6 1.2
v 1.4 0.6 1.2
v 8.4 0.6 1.2
v 9 0.6 1.2
v 11.5 0.6 1.2
v 11.9 0.6 1.2
v -11.9 0.6 1.1
v -11.1 0.6 1.1
v -3.1 0.6 1.1
v -3 0.6 1.1
v -2.9 0.6 1.1
v -2.8 0.6 1.1
v 1.4 0.6 1.1
v 1.8 0.6 1.1
v 7 0.6 1.1
v 8.4 0.6 1.1
v 11.2 0.6 1.1
v 11.5 0.6 1.1
v -11.1 0.6 1
v -10.7 0.6 1
v -6.5 0.6 1
v -6.4 0.6 1
v 0.299999 0.6 1
v 0.4 0.6 1
v 1.8 0.6 1
v 2.3 0.6 1
v 6.6 0.6 1
v 7 0.6 1
v -10.7 0.6 0.900001
v -9.7 0.6 0.900001
v -6.5 0.6 0.900001
v -6.4 0.6 0.900001
v 0.299999 0.6 0.900001
v 0.4 0.6 0.900001
v 2.3 0.6 0.900001
v 2.5 0.6 0.900001
v 4.2 0.6 0.900001
v 5.1 0.6 0.900001
v 5.2 0.6 0.900001
v 6.6 0.6 0.900001
v 11.1 0.6 0.900001
v 11.2 0.6 0.900001
v -9.7 0.6 0.8
v -9.3 0.6 0.8
v -4.4 0.6 0.8
v -4.3 0.6 0.8
v 2.5 0.6 0.8
v 4.2 0.6 0.8
v 5.1 0.6 0.8
v 5.2 0.6 0.8
v 10.9 0.6 0.8
v 11.1 0.6 0.8
v -9.3 0.6 0.700001
v -8.9 0.6 0.700001
v -4.4 0.6 0.700001
v -4.3 0.6 0.700001
v -1.3 0.6 0.700001
v -1.2 0.6 0.700001
v 2.3 0.6 0.700001
v 2.4 0.6 0.700001
v 10.7 0.6 0.700001
v 10.9 0.6 0.700001
v -8.9 0.6 0.6
v -8.4 0.6 0.6
v -1.3 0.6 0.6
v -1.2 0.6 0.6
v 2.3 0.6 0.6
v 2.4 0.6 0.6
v 2.7 0.6 0.6
v 2.8 0.6 0.6
v 10.3 0.6 0.6
v 10.7 0.6 0.6
v -8.4 0.6 0.5
v -8.1 0.6 0.5
v -2.7 0.6 0.5
v -2.6 0.6 0.5
v -2.5 0.6 0.5
v 2.7 0.6 0.5
v 2.8 0.6 0.5
v 4.1 0.6 0.5
v 4.2 0.6 0.5
v 7.4 0.6 0.5
v 7.5 0.6 0.5
v 9.9 0.6 0.5
v 10.3 0.6 0.5
v -8.1 0.6 0.400001
v -7.7 0.6 0.400001
v -2.7 0.6 0.400001
v -2.6 0.6 0.400001
v -2.5 0.6 0.400001
v 4.1 0.6 0.400001
v 4.2 0.6 0.400001
v 7.4 0.6 0.400001
v 7.5 0.6 0.400001
v 9.2 0.6 0.400001
v 9.9 0.6 0.400001
v -7.7 0.6 0.3
v -7.1 0.6 0.3
v 0 0.6 0.3
v 0.0999994 0.6 0.3
v 4.3 0.6 0.3
v 4.4 0.6 0.3
v 8.8 0.6 0.3
v 9.2 0.6 0.3
v -7.1 0.6 0.200001
v -6.8 0.6 0.200001
v -5.8 0.6 0.200001
v -5.7 0.6 0.200001
v 0 0.6 0.200001
v 0.0999994 0.6 0.200001
v 4.3 0.6 0.200001
v 4.4 0.6 0.200001
v 6.4 0.6 0.200001
v 6.5 0.6 0.200001
v 8.5 0.6 0.200001
v 8.8 0.6 0.200001
v -6.8 0.6 0.1
v -6.5 0.6 0.1
v -5.8 0.6 0.1
v -5.7 0.6 0.1
v 6.4 0.6 0.1
v 6.5 0.6 0.1
v 8 0.6 0.1
v 8.5 0.6 0.1
v -6.5 0.6 0
v -6 0.6 0
v 0.4 0.6 0
v 0.5 0.6 0
v 4.9 0.6 0
v 5 0.6 0
v 7.6 0.6 0
v 8 0.6 0
v -6 0.6 -0.0999994
v -5.4 0.6 -0.0999994
v -2.7 0.6 -0.0999994
v -2.6 0.6 -0.0999994
v 0.0999994 0.6 -0.0999994
v 0.2 0.6 -0.0999994
v 0.4 0.6 -0.0999994
v 0.5 0.6 -0.0999994
v 4.9 0.6 -0.0999994
v 5 0.6 -0.0999994
v 7 0.6 -0.0999994
v 7.6 0.6 -0.0999994
v -5.4 0.6 -0.2
v -4.7 0.6 -0.2
v -2.7 0.6 -0.2
v -2.6 0.6 -0.2
v 0.0999994 0.6 -0.2
v 0.2 0.6 -0.2
v 4.9 0.6 -0.2
v 5 0.6 -0.2
v 6.5 0.6 -0.2
v 7 0.6 -0.2
v -4.7 0.6 -0.299999
v -4.2 0.6 -0.299999
v 6.1 0.6 -0.299999
v 6.5 0.6 -0.299999
v -4.2 0.6 -0.4
v -2.5 0.6 -0.4
v 5.8 0.6 -0.4
v 6.1 0.6 -0.4
v -2.5 0.6 -0.5
v -1.9 0.6 -0.5
v 5 0.6 -0.5
v 5.8 0.6 -0.5
v -1.9 0.6 -0.599999
v -0.900001 0.6 -0.599999
v 3.7 0.6 -0.599999
v 5 0.6 -0.599999
v -0.900001 0.6 -0.7
v 1.7 0.6 -0.7
v 1.9 0.6 -0.7
v 3.7 0.6 -0.7
v 1.7 0.6 -0.799999
v 1.9 0.6 -0.799999
v 12.6 0.7 1.5
v 12.7 0.7 1.5
v 12.2 0.7 1.4
v 12.6 0.7 1.4
v 12.7 0.7 1.4
v 12.8 0.7 1.4
v -12.8 0.7 1.3
v -12.4 0.7 1.3
v 11.9 0.7 1.3
v 12.2 0.7 1.3
v -12.4 0.7 1.2
v -11.9 0.7 1.2
v 11.5 0.7 1.2
v 11.9 0.7 1.2
v -11.9 0.7 1.1
v -11.1 0.7 1.1
v 11.2 0.7 1.1
v 11.5 0.7 1.1
v -11.1 0.7 1
v -10.7 0.7 1
v -10.7 0.7 0.900001
v -9.7 0.7 0.900001
v 11.1 0.7 0.900001
v 11.2 0.7 0.900001
v -9.7 0.7 0.8
v -9.3 0.7 0.8
v 10.9 0.7 0.8
v 11.1 0.7 0.8
v -9.3 0.7 0.700001
v -8.9 0.7 0.700001
v 10.7 0.7 0.700001
v 10.9 0.7 0.700001
v -8.9 0.7 0.6
v -8.4 0.7 0.6
v 10.3 0.7 0.6
v 10.7 0.7 0.6
v -8.4 0.7 0.5
v -8.1 0.7 0.5
v 9.9 0.7 0.5
v 10.3 0.7 0.5
v 12.1 0.7 0.5
v 12.2 0.7 0.5
v -8.1 0.7 0.400001
v -7.7 0.7 0.400001
v 9.2 0.7 0.400001
v 9.9 0.7 0.400001
v 12.1 0.7 0.400001
v 12.2 0.7 0.400001
v -12.1 0.7 0.3
v -12 0.7 0.3
v -7.7 0.7 0.3
v -7.1 0.7 0.3
v 8.8 0.7 0.3
v 9.2 0.7 0.3
v -12.1 0.7 0.200001
v -12 0.7 0.200001
v -7.1 0.7 0.200001
v -6.8 0.7 0.200001
v 8.5 0.7 0.200001
v 8.8 0.7 0.200001
v -6.8 0.7 0.1
v -6.5 0.7 0.1
v 8 0.7 0.1
v 8.5 0.7 0.1
v -10.7 0.7 0
v -10.6 0.7 0
v -6.5 0.7 0
v -6 0.7 0
v 7.6 0.7 0
v 8 0.7 0
v -10.7 0.7 -0.0999994
v -10.6 0.7 -0.0999994
v -6 0.7 -0.0999994
v -5.4 0.7 -0.0999994
v 7 0.7 -0.0999994
v 7.6 0.7 -0.0999994
v -5.4 0.7 -0.2
v -4.7 0.7 -0.2
v 6.5 0.7 -0.2
v 7 0.7 -0.2
v -4.7 0.7 -0.299999
v -4.2 0.7 -0.299999
v 6.1 0.7 -0.299999
v 6.5 0.7 -0.299999
v 8.6 0.7 -0.299999
v 8.7 0.7 -0.299999
v -4.2 0.7 -0.4
v -2.5 0.7 -0.4
v 5.8 0.7 -0.4
v 6.1 0.7 -0.4
v 8.6 0.7 -0.4
v 8.7 0.7 -0.4
v 11.6 0.7 -0.4
v 11.7 0.7 -0.4
v -2.5 0.7 -0.5
v -1.9 0.7 -0.5
v 5 0.7 -0.5
v 5.8 0.7 -0.5
v 11.6 0.7 -0.5
v 11.7 0.7 -0.5
v -12.5 0.7 -0.599999
v -11.2 0.7 -0.599999
v -1.9 0.7 -0.599999
v -0.900001 0.7 -0.599999
v 3.7 0.7 -0.599999
v 5 0.7 -0.599999
v 10.7 0.7 -0.599999
v 10.8 0.7 -0.599999
v -12.8 0.7 -0.7
v -12.5 0.7 -0.7
v -11.2 0.7 -0.7
v -10.3 0.7 -0.7
v -6.4 0.7 -0.7
v -6.3 0.7 -0.7
v -0.900001 0.7 -0.7
v 1.7 0.7 -0.7
v 1.9 0.7 -0.7
v 3.7 0.7 -0.7
v 10.7 0.7 -0.7
v 10.8 0.7 -0.7
v -10.3 0.7 -0.799999
v -9.4 0.7 -0.799999
v -6.4 0.7 -0.799999
v -6.3 0.7 -0.799999
v 1.7 0.7 -0.799999
v 1.9 0.7 -0.799999
v 6.5 0.7 -0.799999
v 6.6 0.7 -0.799999
v 11.4 0.7 -0.799999
v 11.7 0.7 -0.799999
v -9.4 0.7 -0.9
v -8.6 0.7 -0.9
v 6.5 0.7 -0.9
v 6.6 0.7 -0.9
v 11.1 0.7 -0.9
v 11.4 0.7 -0.9
v 11.7 0.7 -0.9
v 12.3 0.7 -0.9
v -8.6 0.7 -1
v -8 0.7 -1
v -5.6 0.7 -1
v -5.5 0.7 -1
v 1.6 0.7 -1
v 1.7 0.7 -1
v 6.9 0.7 -1
v 7 0.7 -1
v 10.6 0.7 -1
v 11.1 0.7 -1
v 12.3 0.7 -1
v 12.5 0.7 -1
v -8 0.7 -1.1
v -7.7 0.7 -1.1
v 1.6 0.7 -1.1
v 1.7 0.7 -1.1
v 6.9 0.7 -1.1
v 7 0.7 -1.1
v 9.2 0.7 -1.1
v 10.6 0.7 -1.1
v 12.5 0.7 -1.1
v 12.8 0.7 -1.1
v -7.7 0.7 -1.2
v -7.4 0.7 -1.2
v -5.6 0.7 -1.2
v -5.5 0.7 -1.2
v 8.9 0.7 -1.2
v 9.2 0.7 -1.2
v -7.4 0.7 -1.3
v -7.2 0.7 -1.3
v -1.8 0.7 -1.3
v -1.7 0.7 -1.3
v -0.400001 0.7 -1.3
v -0.3 0.7 -1.3
v -0.1 0.7 -1.3
v 0 0.7 -1.3
v 4.3 0.7 -1.3
v 4.4 0.7 -1.3
v 8.7 0.7 -1.3
v 8.9 0.7 -1.3
v -7.2 0.7 -1.4
v -6.9 0.7 -1.4
v -1.8 0.7 -1.4
v -1.7 0.7 -1.4
v -0.400001 0.7 -1.4
v -0.3 0.7 -1.4
v -0.1 0.7 -1.4
v 0 0.7 -1.4
v 4.3 0.7 -1.4
v 4.4 0.7 -1.4
v 8.5 0.7 -1.4
v 8.7 0.7 -1.4
v -6.9 0.7 -1.5
v -6.6 0.7 -1.5
v 4 0.7 -1.5
v 4.1 0.7 -1.5
v 7.9 0.7 -1.5
v 8.5 0.7 -1.5
v -6.6 0.7 -1.6
v -6.3 0.7 -1.6
v 2.5 0.7 -1.6
v 2.6 0.7 -1.6
v 4 0.7 -1.6
v 4.1 0.7 -1.6
v 7.6 0.7 -1.6
v 7.9 0.7 -1.6
v -6.3 0.7 -1.7
v -5.6 0.7 -1.7
v -2.2 0.7 -1.7
v -2.1 0.7 -1.7
v 2.5 0.7 -1.7
v 2.6 0.7 -1.7
v 3.5 0.7 -1.7
v 3.6 0.7 -1.7
v 7.4 0.7 -1.7
v 7.6 0.7 -1.7
v -5.6 0.7 -1.8
v -4.9 0.7 -1.8
v -2.2 0.7 -1.8
v -2.1 0.7 -1.8
v 3.5 0.7 -1.8
v 3.6 0.7 -1.8
v 7.1 0.7 -1.8
v 7.4 0.7 -1.8
v -4.9 0.7 -1.9
v -4.7 0.7 -1.9
v 1 0.7 -1.9
v 1.1 0.7 -1.9
v 6.5 0.7 -1.9
v 7.1 0.7 -1.9
v -4.7 0.7 -2
v -4.5 0.7 -2
v 1 0.7 -2
v 1.1 0.7 -2
v 6.1 0.7 -2
v 6.5 0.7 -2
v -4.5 0.7 -2.1
v -4.1 0.7 -2.1
v 5.8 0.7 -2.1
v 6.1 0.7 -2.1
v -4.1 0.7 -2.2
v -3.5 0.7 -2.2
v 3.5 0.7 -2.2
v 3.6 0.7 -2.2
v 5.3 0.7 -2.2
v 5.8 0.7 -2.2
v -3.5 0.7 -2.3
v -3.1 0.7 -2.3
v 3.5 0.7 -2.3
v 3.6 0.7 -2.3
v 4.6 0.7 -2.3
v 5.3 0.7 -2.3
v -3.1 0.7 -2.4
v -2.7 0.7 -2.4
v -0.3 0.7 -2.4
v -0.200001 0.7 -2.4
v 4.3 0.7 -2.4
v 4.4 0.7 -2.4
v 4.5 0.7 -2.4
v 4.6 0.7 -2.4
v -2.7 0.7 -2.5
v -2 0.7 -2.5
v -0.3 0.7 -2.5
v -0.200001 0.7 -2.5
v 3.6 0.7 -2.5
v 4.3 0.7 -2.5
v -2 0.7 -2.6
v -1.1 0.7 -2.6
v 1.5 0.7 -2.6
v 3.6 0.7 -2.6
v -1.1 0.7 -2.7
v -0.3 0.7 -2.7
v 0.5 0.7 -2.7
v 1.5 0.7 -2.7
v -0.3 0.7 -2.8
v 0.5 0.7 -2.8
v -12.5 0.8 -0.599999
v -11.2 0.8 -0.599999
v -12.8 0.8 -0.7
v -12.5 0.8 -0.7
v -11.2 0.8 -0.7
v -10.3 0.8 -0.7
v -10.3 0.8 -0.799999
v -9.4 0.8 -0.799999
v 11.4 0.8 -0.799999
v 11.7 0.8 -0.799999
v -11 0.8 -0.9
v -10.9 0.8 -0.9
v -9.4 0.8 -0.9
v -8.6 0.8 -0.9
v 11.1 0.8 -0.9
v 11.4 0.8 -0.9
v 11.7 0.8 -0.9
v 12.3 0.8 -0.9
v -11 0.8 -1
v -10.9 0.8 -1
v -8.6 0.8 -1
v -8 0.8 -1
v 10.6 0.8 -1
v 11.1 0.8 -1
v 12.3 0.8 -1
v 12.5 0.8 -1
v -8 0.8 -1.1
v -7.7 0.8 -1.1
v 9.2 0.8 -1.1
v 10.6 0.8 -1.1
v 12.5 0.8 -1.1
v 12.8 0.8 -1.1
v -7.7 0.8 -1.2
v -7.4 0.8 -1.2
v 8.9 0.8 -1.2
v 9.2 0.8 -1.2
v 10.2 0.8 -1.2
v 10.3 0.8 -1.2
v -7.4 0.8 -1.3
v -7.2 0.8 -1.3
v 8.7 0.8 -1.3
v 8.9 0.8 -1.3
v 10.2 0.8 -1.3
v 10.3 0.8 -1.3
v 12.1 0.8 -1.3
v 12.2 0.8 -1.3
v -11.8 0.8 -1.4
v -11.7 0.8 -1.4
v -7.2 0.8 -1.4
v -6.9 0.8 -1.4
v 8.5 0.8 -1.4
v 8.7 0.8 -1.4
v 12.1 0.8 -1.4
v 12.2 0.8 -1.4
v -11.8 0.8 -1.5
v -11.7 0.8 -1.5
v -6.9 0.8 -1.5
v -6.6 0.8 -1.5
v 7.9 0.8 -1.5
v 8.5 0.8 -1.5
v 11.9 0.8 -1.5
v 12 0.8 -1.5
v -6.6 0.8 -1.6
v -6.3 0.8 -1.6
v 7.6 0.8 -1.6
v 7.9 0.8 -1.6
v 11.3 0.8 -1.6
v 11.4 0.8 -1.6
v 11.9 0.8 -1.6
v 12 0.8 -1.6
v -6.3 0.8 -1.7
v -5.6 0.8 -1.7
v 7.4 0.8 -1.7
v 7.6 0.8 -1.7
v 11.3 0.8 -1.7
v 11.4 0.8 -1.7
v -5.6 0.8 -1.8
v -4.9 0.8 -1.8
v 7.1 0.8 -1.8
v 7.4 0.8 -1.8
v -10.6 0.8 -1.9
v -10.5 0.8 -1.9
v -4.9 0.8 -1.9
v -4.7 0.8 -1.9
v 6.5 0.8 -1.9
v 7.1 0.8 -1.9
v -11.6 0.8 -2
v -10.6 0.8 -2
v -10.5 0.8 -2
v -4.7 0.8 -2
v -4.5 0.8 -2
v 6.1 0.8 -2
v 6.5 0.8 -2
v -12.4 0.8 -2.1
v -11.6 0.8 -2.1
v -10.6 0.8 -2.1
v -9.5 0.8 -2.1
v -4.5 0.8 -2.1
v -4.1 0.8 -2.1
v 5.8 0.8 -2.1
v 6.1 0.8 -2.1
v 9.4 0.8 -2.1
v 9.5 0.8 -2.1
v -12.8 0.8 -2.2
v -12.4 0.8 -2.2
v -9.5 0.8 -2.2
v -9.2 0.8 -2.2
v -4.1 0.8 -2.2
v -3.5 0.8 -2.2
v 5.3 0.8 -2.2
v 5.8 0.8 -2.2
v 7.7 0.8 -2.2
v 7.8 0.8 -2.2
v 9.4 0.8 -2.2
v 9.5 0.8 -2.2
v -9.2 0.8 -2.3
v -8.7 0.8 -2.3
v -3.5 0.8 -2.3
v -3.1 0.8 -2.3
v 4.6 0.8 -2.3
v 5.3 0.8 -2.3
v 7.7 0.8 -2.3
v 7.8 0.8 -2.3
v -8.7 0.8 -2.4
v -8.4 0.8 -2.4
v -3.1 0.8 -2.4
v -2.7 0.8 -2.4
v 4.3 0.8 -2.4
v 4.4 0.8 -2.4
v 4.5 0.8 -2.4
v 4.6 0.8 -2.4
v 10.8 0.8 -2.4
v 11 0.8 -2.4
v -8.4 0.8 -2.5
v -8 0.8 -2.5
v -2.7 0.8 -2.5
v -2 0.8 -2.5
v 3.6 0.8 -2.5
v 4.3 0.8 -2.5
v 4.4 0.8 -2.5
v 4.5 0.8 -2.5
v 10.8 0.8 -2.5
v 11 0.8 -2.5
v -8 0.8 -2.6
v -7.5 0.8 -2.6
v -2 0.8 -2.6
v -1.1 0.8 -2.6
v 1.5 0.8 -2.6
v 3.6 0.8 -2.6
v 7.1 0.8 -2.6
v 7.2 0.8 -2.6
v 10.4 0.8 -2.6
v 10.5 0.8 -2.6
v -7.5 0.8 -2.7
v -7.1 0.8 -2.7
v -1.1 0.8 -2.7
v -0.3 0.8 -2.7
v 0.5 0.8 -2.7
v 1.5 0.8 -2.7
v 3.4 0.8 -2.7
v 3.5 0.8 -2.7
v 7.1 0.8 -2.7
v 7.2 0.8 -2.7
v 10.4 0.8 -2.7
v 10.5 0.8 -2.7
v -7.1 0.8 -2.8
v -6.8 0.8 -2.8
v -4.1 0.8 -2.8
v -4 0.8 -2.8
v -0.3 0.8 -2.8
v 0.5 0.8 -2.8
v 3.4 0.8 -2.8
v 3.5 0.8 -2.8
v 8.2 0.8 -2.8
v 8.3 0.8 -2.8
v -6.8 0.8 -2.9
v -6.5 0.8 -2.9
v -6 0.8 -2.9
v -5.9 0.8 -2.9
v -4.1 0.8 -2.9
v -4 0.8 -2.9
v 8.2 0.8 -2.9
v 8.3 0.8 -2.9
v -6.5 0.8 -3
v -6.2 0.8 -3
v -6 0.8 -3
v -5.9 0.8 -3
v -6.2 0.8 -3.1
v -5.6 0.8 -3.1
v 1.8 0.8 -3.1
v 1.9 0.8 -3.1
v 10.9 0.8 -3.1
v 11 0.8 -3.1
v -5.6 0.8 -3.2
v -5.4 0.8 -3.2
v 1.8 0.8 -3.2
v 1.9 0.8 -3.2
v 4.3 0.8 -3.2
v 4.4 0.8 -3.2
v 10.9 0.8 -3.2
v 11 0.8 -3.2
v 11.8 0.8 -3.2
v 11.9 0.8 -3.2
v -5.4 0.8 -3.3
v -5.1 0.8 -3.3
v 4.3 0.8 -3.3
v 4.4 0.8 -3.3
v 6.6 0.8 -3.3
v 6.7 0.8 -3.3
v 11.8 0.8 -3.3
v 11.9 0.8 -3.3
v -5.1 0.8 -3.4
v -4.8 0.8 -3.4
v 6.6 0.8 -3.4
v 6.7 0.8 -3.4
v 8.6 0.8 -3.4
v 8.7 0.8 -3.4
v -4.8 0.8 -3.5
v -4.5 0.8 -3.5
v 1.6 0.8 -3.5
v 1.7 0.8 -3.5
v 5.5 0.8 -3.5
v 5.6 0.8 -3.5
v 8.6 0.8 -3.5
v 8.7 0.8 -3.5
v -4.5 0.8 -3.6
v -4.2 0.8 -3.6
v 1.6 0.8 -3.6
v 1.7 0.8 -3.6
v 2 0.8 -3.6
v 2.1 0.8 -3.6
v 5.5 0.8 -3.6
v 5.6 0.8 -3.6
v 5.7 0.8 -3.6
v 5.8 0.8 -3.6
v -4.2 0.8 -3.7
v -3.9 0.8 -3.7
v 1.6 0.8 -3.7
v 1.7 0.8 -3.7
v 2 0.8 -3.7
v 2.1 0.8 -3.7
v 7.6 0.8 -3.7
v 7.7 0.8 -3.7
v 10.6 0.8 -3.7
v 10.7 0.8 -3.7
v -3.9 0.8 -3.8
v -3.6 0.8 -3.8
v 1.6 0.8 -3.8
v 1.7 0.8 -3.8
v 5.7 0.8 -3.8
v 5.8 0.8 -3.8
v 7.6 0.8 -3.8
v 7.7 0.8 -3.8
v 10 0.8 -3.8
v 10.1 0.8 -3.8
v 10.6 0.8 -3.8
v 10.7 0.8 -3.8
v -3.6 0.8 -3.9
v -3.3 0.8 -3.9
v -1.3 0.8 -3.9
v -1.2 0.8 -3.9
v 10 0.8 -3.9
v 10.1 0.8 -3.9
v -3.3 0.8 -4
v -3 0.8 -4
v -1.3 0.8 -4
v -1.2 0.8 -4
v 0 0.8 -4
v 0.0999994 0.8 -4
v 3.3 0.8 -4
v 3.4 0.8 -4
v -3 0.8 -4.1
v -2.7 0.8 -4.1
v 0 0.8 -4.1
v 0.0999994 0.8 -4.1
v 3.3 0.8 -4.1
v 3.4 0.8 -4.1
v -2.7 0.8 -4.2
v -2.5 0.8 -4.2
v -2.5 0.8 -4.3
v -2.2 0.8 -4.3
v 1.9 0.8 -4.3
v 2 0.8 -4.3
v 11.1 0.8 -4.3
v 11.2 0.8 -4.3
v -2.2 0.8 -4.4
v -1.9 0.8 -4.4
v 1.9 0.8 -4.4
v 2 0.8 -4.4
v 3.6 0.8 -4.4
v 3.8 0.8 -4.4
v 10.7 0.8 -4.4
v 10.9 0.8 -4.4
v 11.1 0.8 -4.4
v 11.2 0.8 -4.4
v -1.9 0.8 -4.5
v -1.7 0.8 -4.5
v 2.6 0.8 -4.5
v 2.7 0.8 -4.5
v 3.6 0.8 -4.5
v 3.8 0.8 -4.5
v 9.2 0.8 -4.5
v 9.3 0.8 -4.5
v 10.7 0.8 -4.5
v 10.9 0.8 -4.5
v -1.7 0.8 -4.6
v -1.4 0.8 -4.6
v 2.6 0.8 -4.6
v 2.7 0.8 -4.6
v 9 0.8 -4.6
v 9.1 0.8 -4.6
v 9.2 0.8 -4.6
v 9.3 0.8 -4.6
v -1.4 0.8 -4.7
v -1.1 0.8 -4.7
v 9 0.8 -4.7
v 9.1 0.8 -4.7
v 10.9 0.8 -4.7
v 11 0.8 -4.7
v -1.1 0.8 -4.8
v -0.700001 0.8 -4.8
v 10.9 0.8 -4.8
v 11 0.8 -4.8
v -0.700001 0.8 -4.9
v -0.6 0.8 -4.9
v -0.5 0.8 -4.9
v -0.200001 0.8 -4.9
v 12 0.8 -4.9
v 12.1 0.8 -4.9
v -0.200001 0.8 -5
v 0.2 0.8 -5
v 0.7 0.8 -5
v 0.799999 0.8 -5
v 2.9 0.8 -5
v 3.1 0.8 -5
v 8.4 0.8 -5
v 8.5 0.8 -5
v 9 0.8 -5
v 10.2 0.8 -5
v 12 0.8 -5
v 12.1 0.8 -5
v 12.5 0.8 -5
v 12.8 0.8 -5
v 0.2 0.8 -5.1
v 0.7 0.8 -5.1
v 0.799999 0.8 -5.1
v 1 0.8 -5.1
v 2.9 0.8 -5.1
v 3.1 0.8 -5.1
v 3.9 0.8 -5.1
v 4 0.8 -5.1
v 8.2 0.8 -5.1
v 8.4 0.8 -5.1
v 8.5 0.8 -5.1
v 9 0.8 -5.1
v 10.2 0.8 -5.1
v 11.2 0.8 -5.1
v 12 0.8 -5.1
v 12.5 0.8 -5.1
v 1 0.8 -5.2
v 2.3 0.8 -5.2
v 3.5 0.8 -5.2
v 3.6 0.8 -5.2
v 3.9 0.8 -5.2
v 4 0.8 -5.2
v 6.9 0.8 -5.2
v 8.2 0.8 -5.2
v 11.2 0.8 -5.2
v 12 0.8 -5.2
v 2.3 0.8 -5.3
v 3.4 0.8 -5.3
v 3.5 0.8 -5.3
v 3.6 0.8 -5.3
v 4.6 0.8 -5.3
v 5.6 0.8 -5.3
v 6.9 0.8 -5.3
v 4.6 0.8 -5.4
v 5.4 0.8 -5.4
v 5.5 0.8 -5.4
v 5.6 0.8 -5.4
v -11.6 0.9 -2
v -10.6 0.9 -2
v -12.4 0.9 -2.1
v -11.6 0.9 -2.1
v -10.6 0.9 -2.1
v -9.5 0.9 -2.1
v -12.8 0.9 -2.2
v -12.4 0.9 -2.2
v -9.5 0.9 -2.2
v -9.2 0.9 -2.2
v -9.9 0.9 -2.3
v -9.8 0.9 -2.3
v -9.2 0.9 -2.3
v -8.7 0.9 -2.3
v -9.9 0.9 -2.4
v -9.8 0.9 -2.4
v -8.7 0.9 -2.4
v -8.4 0.9 -2.4
v -8.4 0.9 -2.5
v -8 0.9 -2.5
v -8 0.9 -2.6
v -7.5 0.9 -2.6
v -7.5 0.9 -2.7
v -7.1 0.9 -2.7
v -7.1 0.9 -2.8
v -6.8 0.9 -2.8
v -6.8 0.9 -2.9
v -6.5 0.9 -2.9
v -6.5 0.9 -3
v -6.2 0.9 -3
v -6.2 0.9 -3.1
v -5.6 0.9 -3.1
v -5.6 0.9 -3.2
v -5.4 0.9 -3.2
v -5.4 0.9 -3.3
v -5.1 0.9 -3.3
v -10.5 0.9 -3.4
v -10.4 0.9 -3.4
v -5.1 0.9 -3.4
v -4.8 0.9 -3.4
v -10.5 0.9 -3.5
v -10.4 0.9 -3.5
v -7.7 0.9 -3.5
v -7.6 0.9 -3.5
v -4.8 0.9 -3.5
v -4.5 0.9 -3.5
v -7.7 0.9 -3.6
v -7.6 0.9 -3.6
v -4.5 0.9 -3.6
v -4.2 0.9 -3.6
v -7.7 0.9 -3.7
v -7.6 0.9 -3.7
v -4.2 0.9 -3.7
v -3.9 0.9 -3.7
v -7.7 0.9 -3.8
v -7.6 0.9 -3.8
v -3.9 0.9 -3.8
v -3.6 0.9 -3.8
v -6.5 0.9 -3.9
v -6.4 0.9 -3.9
v -3.6 0.9 -3.9
v -3.3 0.9 -3.9
v -12.6 0.9 -4
v -12 0.9 -4
v -6.5 0.9 -4
v -6.4 0.9 -4
v -3.3 0.9 -4
v -3 0.9 -4
v -12.8 0.9 -4.1
v -12.6 0.9 -4.1
v -12 0.9 -4.1
v -11 0.9 -4.1
v -3 0.9 -4.1
v -2.7 0.9 -4.1
v -11 0.9 -4.2
v -10 0.9 -4.2
v -3.7 0.9 -4.2
v -3.6 0.9 -4.2
v -2.7 0.9 -4.2
v -2.5 0.9 -4.2
v -10 0.9 -4.3
v -9.5 0.9 -4.3
v -3.7 0.9 -4.3
v -3.6 0.9 -4.3
v -2.5 0.9 -4.3
v -2.2 0.9 -4.3
v -9.5 0.9 -4.4
v -9.1 0.9 -4.4
v -3 0.9 -4.4
v -2.9 0.9 -4.4
v -2.2 0.9 -4.4
v -1.9 0.9 -4.4
v -9.1 0.9 -4.5
v -8.6 0.9 -4.5
v -3 0.9 -4.5
v -2.9 0.9 -4.5
v -1.9 0.9 -4.5
v -1.7 0.9 -4.5
v -8.6 0.9 -4.6
v -7.9 0.9 -4.6
v -1.7 0.9 -4.6
v -1.4 0.9 -4.6
v -7.9 0.9 -4.7
v -7.5 0.9 -4.7
v -1.4 0.9 -4.7
v -1.1 0.9 -4.7
v -7.5 0.9 -4.8
v -6.8 0.9 -4.8
v -6.5 0.9 -4.8
v -6.4 0.9 -4.8
v -1.1 0.9 -4.8
v -0.700001 0.9 -4.8
v -6.8 0.9 -4.9
v -6.5 0.9 -4.9
v -6.4 0.9 -4.9
v -5.1 0.9 -4.9
v -5 0.9 -4.9
v -0.700001 0.9 -4.9
v -0.6 0.9 -4.9
v -0.5 0.9 -4.9
v -0.200001 0.9 -4.9
v -6.4 0.9 -5
v -6.1 0.9 -5
v -5.1 0.9 -5
v -5 0.9 -5
v -1 0.9 -5
v -0.900001 0.9 -5
v -0.6 0.9 -5
v -0.5 0.9 -5
v -0.200001 0.9 -5
v 0.2 0.9 -5
v 9 0.9 -5
v 10.2 0.9 -5
v 12.5 0.9 -5
v 12.8 0.9 -5
v -6.1 0.9 -5.1
v -5.8 0.9 -5.1
v -1 0.9 -5.1
v -0.900001 0.9 -5.1
v 0.2 0.9 -5.1
v 1 0.9 -5.1
v 8.2 0.9 -5.1
v 9 0.9 -5.1
v 10.2 0.9 -5.1
v 11.2 0.9 -5.1
v 12 0.9 -5.1
v 12.5 0.9 -5.1
v -5.8 0.9 -5.2
v -5.7 0.9 -5.2
v -5.6 0.9 -5.2
v -5.2 0.9 -5.2
v -1.4 0.9 -5.2
v -1.3 0.9 -5.2
v 1 0.9 -5.2
v 2.3 0.9 -5.2
v 6.9 0.9 -5.2
v 8.2 0.9 -5.2
v 11.2 0.9 -5.2
v 12 0.9 -5.2
v -5.2 0.9 -5.3
v -4.8 0.9 -5.3
v -3.5 0.9 -5.3
v -3.4 0.9 -5.3
v -1.4 0.9 -5.3
v -1.3 0.9 -5.3
v 2.3 0.9 -5.3
v 3.4 0.9 -5.3
v 3.6 0.9 -5.3
v 4.6 0.9 -5.3
v 5.6 0.9 -5.3
v 6.9 0.9 -5.3
v 10.9 0.9 -5.3
v 11 0.9 -5.3
v -4.8 0.9 -5.4
v -4.4 0.9 -5.4
v -3.5 0.9 -5.4
v -3.4 0.9 -5.4
v 3.2 0.9 -5.4
v 3.3 0.9 -5.4
v 3.4 0.9 -5.4
v 3.6 0.9 -5.4
v 4.6 0.9 -5.4
v 5.4 0.9 -5.4
v 5.5 0.9 -5.4
v 5.6 0.9 -5.4
v 10.9 0.9 -5.4
v 11 0.9 -5.4
v -4.4 0.9 -5.5
v -3.8 0.9 -5.5
v 3.2 0.9 -5.5
v 3.3 0.9 -5.5
v 5.4 0.9 -5.5
v 5.5 0.9 -5.5
v -3.8 0.9 -5.6
v -3.3 0.9 -5.6
v 1.5 0.9 -5.6
v 1.6 0.9 -5.6
v 3.8 0.9 -5.6
v 3.9 0.9 -5.6
v 5.4 0.9 -5.6
v 5.5 0.9 -5.6
v -3.3 0.9 -5.7
v -2.9 0.9 -5.7
v 1.5 0.9 -5.7
v 1.6 0.9 -5.7
v 3.8 0.9 -5.7
v 3.9 0.9 -5.7
v 7.4 0.9 -5.7
v 7.5 0.9 -5.7
v 8.2 0.9 -5.7
v 8.3 0.9 -5.7
v 10.2 0.9 -5.7
v 10.3 0.9 -5.7
v -2.9 0.9 -5.8
v -2.1 0.9 -5.8
v -0.200001 0.9 -5.8
v -0.1 0.9 -5.8
v 0.4 0.9 -5.8
v 0.5 0.9 -5.8
v 7.4 0.9 -5.8
v 7.5 0.9 -5.8
v 7.7 0.9 -5.8
v 7.8 0.9 -5.8
v 8.2 0.9 -5.8
v 8.3 0.9 -5.8
v 10.2 0.9 -5.8
v 10.3 0.9 -5.8
v -2.1 0.9 -5.9
v -1.7 0.9 -5.9
v -0.200001 0.9 -5.9
v -0.1 0.9 -5.9
v 0.4 0.9 -5.9
v 0.5 0.9 -5.9
v 7.7 0.9 -5.9
v 7.8 0.9 -5.9
v 9.1 0.9 -5.9
v 9.2 0.9 -5.9
v -1.7 0.9 -6
v -1.2 0.9 -6
v 9.1 0.9 -6
v 9.2 0.9 -6
v -1.2 0.9 -6.1
v -0.8 0.9 -6.1
v 6.5 0.9 -6.1
v 6.6 0.9 -6.1
v -0.8 0.9 -6.2
v 0.2 0.9 -6.2
v 6.5 0.9 -6.2
v 6.6 0.9 -6.2
v 8.7 0.9 -6.2
v 8.8 0.9 -6.2
v 0.2 0.9 -6.3
v 1 0.9 -6.3
v 1.5 0.9 -6.3
v 1.6 0.9 -6.3
v 8.7 0.9 -6.3
v 8.8 0.9 -6.3
v 1 0.9 -6.4
v 1.5 0.9 -6.4
v 1.6 0.9 -6.4
v 11.5 0.9 -6.4
v 11.6 0.9 -6.4
v 1.6 0.9 -6.5
v 2.7 0.9 -6.5
v 3.4 0.9 -6.5
v 3.9 0.9 -6.5
v 11.5 0.9 -6.5
v 11.6 0.9 -6.5
v 2.7 0.9 -6.6
v 3.4 0.9 -6.6
v 3.9 0.9 -6.6
v 5 0.9 -6.6
v 5.1 0.9 -6.6
v 6 0.9 -6.6
v 6 0.9 -6.7
v 6.9 0.9 -6.7
v 7.1 0.9 -6.7
v 8.1 0.9 -6.7
v 8.2 0.9 -6.7
v 10.7 0.9 -6.7
v 10.7 0.9 -6.8
v 11.2 0.9 -6.8
v 11.2 0.9 -6.9
v 11.5 0.9 -6.9
v 11.7 0.9 -6.9
v 11.7 0.9 -7
v 12 0.9 -7
v 12 0.9 -7.1
v 12.8 0.9 -7.1
v -12.6 1 -4
v -12 1 -4
v -12.8 1 -4.1
v -12.6 1 -4.1
v -12 1 -4.1
v -11 1 -4.1
v -11 1 -4.2
v -10 1 -4.2
v -10 1 -4.3
v -9.5 1 -4.3
v -9.5 1 -4.4
v -9.1 1 -4.4
v -11.4 1 -4.5
v -11.3 1 -4.5
v -9.1 1 -4.5
v -8.6 1 -4.5
v -11.4 1 -4.6
v -11.3 1 -4.6
v -8.6 1 -4.6
v -7.9 1 -4.6
v -7.9 1 -4.7
v -7.5 1 -4.7
v -7.5 1 -4.8
v -6.8 1 -4.8
v -6.8 1 -4.9
v -6.4 1 -4.9
v -10.8 1 -5
v -10.7 1 -5
v -6.4 1 -5
v -6.1 1 -5
v -10.8 1 -5.1
v -10.7 1 -5.1
v -7.7 1 -5.1
v -7.6 1 -5.1
v -6.1 1 -5.1
v -5.8 1 -5.1
v -7.7 1 -5.2
v -7.6 1 -5.2
v -5.8 1 -5.2
v -5.7 1 -5.2
v -5.6 1 -5.2
v -5.2 1 -5.2
v -11 1 -5.3
v -10.9 1 -5.3
v -5.7 1 -5.3
v -5.6 1 -5.3
v -5.2 1 -5.3
v -4.8 1 -5.3
v -11 1 -5.4
v -10.9 1 -5.4
v -4.8 1 -5.4
v -4.4 1 -5.4
v -4.4 1 -5.5
v -3.8 1 -5.5
v -3.8 1 -5.6
v -3.3 1 -5.6
v -3.3 1 -5.7
v -2.9 1 -5.7
v -11.3 1 -5.8
v -11.2 1 -5.8
v -7.2 1 -5.8
v -7.1 1 -5.8
v -2.9 1 -5.8
v -2.1 1 -5.8
v -12.8 1 -5.9
v -12.4 1 -5.9
v -11.3 1 -5.9
v -11.2 1 -5.9
v -10.6 1 -5.9
v -10.5 1 -5.9
v -7.5 1 -5.9
v -7.4 1 -5.9
v -7.2 1 -5.9
v -7.1 1 -5.9
v -2.1 1 -5.9
v -1.7 1 -5.9
v -12.4 1 -6
v -11.3 1 -6
v -10.6 1 -6
v -10.5 1 -6
v -7.5 1 -6
v -7.4 1 -6
v -6.1 1 -6
v -6 1 -6
v -4.2 1 -6
v -4.1 1 -6
v -2.8 1 -6
v -2.7 1 -6
v -1.7 1 -6
v -1.2 1 -6
v -11.3 1 -6.1
v -10.5 1 -6.1
v -6.1 1 -6.1
v -6 1 -6.1
v -4.2 1 -6.1
v -4.1 1 -6.1
v -3.4 1 -6.1
v -3.3 1 -6.1
v -2.8 1 -6.1
v -2.7 1 -6.1
v -1.2 1 -6.1
v -0.8 1 -6.1
v -10.5 1 -6.2
v -9.9 1 -6.2
v -9.8 1 -6.2
v -9.7 1 -6.2
v -8.1 1 -6.2
v -8 1 -6.2
v -3.4 1 -6.2
v -3.3 1 -6.2
v -0.8 1 -6.2
v 0.2 1 -6.2
v -9.9 1 -6.3
v -9.8 1 -6.3
v -9.7 1 -6.3
v -9.3 1 -6.3
v -8.1 1 -6.3
v -8 1 -6.3
v -3.4 1 -6.3
v -3.3 1 -6.3
v 0.2 1 -6.3
v 1 1 -6.3
v -9.3 1 -6.4
v -9.2 1 -6.4
v -8.7 1 -6.4
v -3.4 1 -6.4
v -3.3 1 -6.4
v 1 1 -6.4
v 1.6 1 -6.4
v -8.7 1 -6.5
v -8 1 -6.5
v 1.6 1 -6.5
v 2.7 1 -6.5
v 3.4 1 -6.5
v 3.9 1 -6.5
v -8 1 -6.6
v -7.6 1 -6.6
v -4.6 1 -6.6
v -4.5 1 -6.6
v 1.6 1 -6.6
v 1.7 1 -6.6
v 2.7 1 -6.6
v 3.4 1 -6.6
v 3.9 1 -6.6
v 5 1 -6.6
v 5.1 1 -6.6
v 6 1 -6.6
v -7.6 1 -6.7
v -7.5 1 -6.7
v -4.6 1 -6.7
v -4.5 1 -6.7
v -2.4 1 -6.7
v -2.3 1 -6.7
v 0 1 -6.7
v 0.0999994 1 -6.7
v 1.6 1 -6.7
v 1.7 1 -6.7
v 5 1 -6.7
v 5.1 1 -6.7
v 6 1 -6.7
v 6.9 1 -6.7
v 7.1 1 -6.7
v 8.1 1 -6.7
v 8.2 1 -6.7
v 10.7 1 -6.7
v -7.5 1 -6.8
v -7.3 1 -6.8
v -2.4 1 -6.8
v -2.3 1 -6.8
v 0 1 -6.8
v 0.0999994 1 -6.8
v 6.9 1 -6.8
v 7.1 1 -6.8
v 8.1 1 -6.8
v 8.2 1 -6.8
v 10.7 1 -6.8
v 11.2 1 -6.8
v -7.3 1 -6.9
v -7 1 -6.9
v 11.2 1 -6.9
v 11.5 1 -6.9
v 11.7 1 -6.9
v -7 1 -7
v -6.8 1 -7
v 7.4 1 -7
v 7.5 1 -7
v 11.5 1 -7
v 11.7 1 -7
v 12 1 -7
v -6.8 1 -7.1
v -6.5 1 -7.1
v 0.599999 1 -7.1
v 0.7 1 -7.1
v 7.4 1 -7.1
v 7.5 1 -7.1
v 12 1 -7.1
v 12.8 1 -7.1
v -6.5 1 -7.2
v -6.2 1 -7.2
v -5.1 1 -7.2
v -5 1 -7.2
v -1 1 -7.2
v -0.900001 1 -7.2
v 0.599999 1 -7.2
v 0.7 1 -7.2
v -6.2 1 -7.3
v -5.9 1 -7.3
v -5.1 1 -7.3
v -5 1 -7.3
v -1 1 -7.3
v -0.900001 1 -7.3
v 8 1 -7.3
v 8.1 1 -7.3
v -5.9 1 -7.4
v -5.6 1 -7.4
v -2.4 1 -7.4
v -2.3 1 -7.4
v 2.5 1 -7.4
v 2.6 1 -7.4
v 8 1 -7.4
v 8.1 1 -7.4
v 9.8 1 -7.4
v 9.9 1 -7.4
v -5.6 1 -7.5
v -5.3 1 -7.5
v -2.7 1 -7.5
v -2.6 1 -7.5
v -2.4 1 -7.5
v -2.3 1 -7.5
v 0.0999994 1 -7.5
v 0.2 1 -7.5
v 1.6 1 -7.5
v 1.7 1 -7.5
v 2.5 1 -7.5
v 2.6 1 -7.5
v 3.6 1 -7.5
v 3.7 1 -7.5
v 4.7 1 -7.5
v 4.8 1 -7.5
v 9.8 1 -7.5
v 9.9 1 -7.5
v -5.3 1 -7.6
v -4.7 1 -7.6
v -2.7 1 -7.6
v -2.6 1 -7.6
v 0.0999994 1 -7.6
v 0.2 1 -7.6
v 1.6 1 -7.6
v 1.7 1 -7.6
v 3.6 1 -7.6
v 3.7 1 -7.6
v 4.7 1 -7.6
v 4.8 1 -7.6
v 5.5 1 -7.6
v 6.7 1 -7.6
v 12.1 1 -7.6
v 12.2 1 -7.6
v -4.7 1 -7.7
v -4.3 1 -7.7
v 5.2 1 -7.7
v 5.5 1 -7.7
v 6.7 1 -7.7
v 7.4 1 -7.7
v 12.1 1 -7.7
v 12.2 1 -7.7
v -4.3 1 -7.8
v -4.1 1 -7.8
v 4.6 1 -7.8
v 5.2 1 -7.8
v 7.4 1 -7.8
v 8.4 1 -7.8
v -4.1 1 -7.9
v -3.6 1 -7.9
v 1.8 1 -7.9
v 1.9 1 -7.9
v 4 1 -7.9
v 4.6 1 -7.9
v 8.4 1 -7.9
v 9.7 1 -7.9
v -3.6 1 -8
v -3 1 -8
v 1.8 1 -8
v 1.9 1 -8
v 3.3 1 -8
v 4 1 -8
v 9.7 1 -8
v 10.1 1 -8
v -3 1 -8.1
v -1.9 1 -8.1
v 2.5 1 -8.1
v 3.3 1 -8.1
v 10.1 1 -8.1
v 10.4 1 -8.1
v -1.9 1 -8.2
v -1.1 1 -8.2
v 1.9 1 -8.2
v 2.5 1 -8.2
v 10.4 1 -8.2
v 10.7 1 -8.2
v -1.1 1 -8.3
v -0.3 1 -8.3
v 1.1 1 -8.3
v 1.9 1 -8.3
v 10.7 1 -8.3
v 10.8 1 -8.3
v 10.9 1 -8.3
v -0.3 1 -8.4
v 0.799999 1 -8.4
v 0.9 1 -8.4
v 1.1 1 -8.4
v 10.9 1 -8.4
v 11.1 1 -8.4
v 11.1 1 -8.5
v 11.3 1 -8.5
v 11.3 1 -8.6
v 11.5 1 -8.6
v 11.5 1 -8.7
v 11.7 1 -8.7
v 11.7 1 -8.8
v 12.1 1 -8.8
v 12.1 1 -8.9
v 12.8 1 -8.9
v -12.8 1.1 -5.9
v -12.4 1.1 -5.9
v -12.4 1.1 -6
v -11.3 1.1 -6
v -11.3 1.1 -6.1
v -10.5 1.1 -6.1
v -12.4 1.1 -6.2
v -12.3 1.1 -6.2
v -10.5 1.1 -6.2
v -9.9 1.1 -6.2
v -12.4 1.1 -6.3
v -12.3 1.1 -6.3
v -9.9 1.1 -6.3
v -9.3 1.1 -6.3
v -9.3 1.1 -6.4
v -9.2 1.1 -6.4
v -8.7 1.1 -6.4
v -9.3 1.1 -6.5
v -9.2 1.1 -6.5
v -8.7 1.1 -6.5
v -8 1.1 -6.5
v -8 1.1 -6.6
v -7.6 1.1 -6.6
v -7.6 1.1 -6.7
v -7.5 1.1 -6.7
v -7.5 1.1 -6.8
v -7.3 1.1 -6.8
v -12.5 1.1 -6.9
v -12.4 1.1 -6.9
v -7.3 1.1 -6.9
v -7 1.1 -6.9
v -12.5 1.1 -7
v -12.4 1.1 -7
v -7 1.1 -7
v -6.8 1.1 -7
v -6.8 1.1 -7.1
v -6.5 1.1 -7.1
v -9.1 1.1 -7.2
v -9 1.1 -7.2
v -6.5 1.1 -7.2
v -6.2 1.1 -7.2
v -9.1 1.1 -7.3
v -9 1.1 -7.3
v -6.2 1.1 -7.3
v -5.9 1.1 -7.3
v -11.4 1.1 -7.4
v -11.3 1.1 -7.4
v -5.9 1.1 -7.4
v -5.6 1.1 -7.4
v -11.4 1.1 -7.5
v -11.3 1.1 -7.5
v -5.6 1.1 -7.5
v -5.3 1.1 -7.5
v -12.1 1.1 -7.6
v -12 1.1 -7.6
v -11.8 1.1 -7.6
v -11.7 1.1 -7.6
v -7.6 1.1 -7.6
v -7.5 1.1 -7.6
v -5.8 1.1 -7.6
v -5.7 1.1 -7.6
v -5.3 1.1 -7.6
v -4.7 1.1 -7.6
v 5.5 1.1 -7.6
v 6.7 1.1 -7.6
v -12.1 1.1 -7.7
v -12 1.1 -7.7
v -11.8 1.1 -7.7
v -11.7 1.1 -7.7
v -10.9 1.1 -7.7
v -10.8 1.1 -7.7
v -7.6 1.1 -7.7
v -7.5 1.1 -7.7
v -5.8 1.1 -7.7
v -5.7 1.1 -7.7
v -4.7 1.1 -7.7
v -4.3 1.1 -7.7
v 5.2 1.1 -7.7
v 5.5 1.1 -7.7
v 6.3 1.1 -7.7
v 6.4 1.1 -7.7
v 6.7 1.1 -7.7
v 7.4 1.1 -7.7
v -10.9 1.1 -7.8
v -10.8 1.1 -7.8
v -4.3 1.1 -7.8
v -4.1 1.1 -7.8
v 4.6 1.1 -7.8
v 5.2 1.1 -7.8
v 6.3 1.1 -7.8
v 6.4 1.1 -7.8
v 7.4 1.1 -7.8
v 8.4 1.1 -7.8
v -4.1 1.1 -7.9
v -3.6 1.1 -7.9
v 4 1.1 -7.9
v 4.6 1.1 -7.9
v 8.4 1.1 -7.9
v 9.7 1.1 -7.9
v -3.6 1.1 -8
v -3 1.1 -8
v 3.3 1.1 -8
v 4 1.1 -8
v 9.7 1.1 -8
v 10.1 1.1 -8
v -3 1.1 -8.1
v -1.9 1.1 -8.1
v 2.5 1.1 -8.1
v 3.3 1.1 -8.1
v 10.1 1.1 -8.1
v 10.4 1.1 -8.1
v -7.2 1.1 -8.2
v -7.1 1.1 -8.2
v -1.9 1.1 -8.2
v -1.1 1.1 -8.2
v 1.9 1.1 -8.2
v 2.5 1.1 -8.2
v 10.4 1.1 -8.2
v 10.7 1.1 -8.2
v -12.8 1.1 -8.3
v -11.8 1.1 -8.3
v -7.2 1.1 -8.3
v -7.1 1.1 -8.3
v -1.1 1.1 -8.3
v -0.3 1.1 -8.3
v 1.1 1.1 -8.3
v 1.9 1.1 -8.3
v 6.9 1.1 -8.3
v 7.1 1.1 -8.3
v 7.7 1.1 -8.3
v 7.8 1.1 -8.3
v 10.7 1.1 -8.3
v 10.8 1.1 -8.3
v 10.9 1.1 -8.3
v -11.8 1.1 -8.4
v -11.3 1.1 -8.4
v -5.2 1.1 -8.4
v -5.1 1.1 -8.4
v -0.3 1.1 -8.4
v 0.799999 1.1 -8.4
v 0.9 1.1 -8.4
v 1.1 1.1 -8.4
v 6.9 1.1 -8.4
v 7.1 1.1 -8.4
v 7.7 1.1 -8.4
v 7.8 1.1 -8.4
v 10.2 1.1 -8.4
v 10.3 1.1 -8.4
v 10.7 1.1 -8.4
v 10.8 1.1 -8.4
v 10.9 1.1 -8.4
v 11.1 1.1 -8.4
v -11.3 1.1 -8.5
v -10.9 1.1 -8.5
v -9 1.1 -8.5
v -8.9 1.1 -8.5
v -5.2 1.1 -8.5
v -5.1 1.1 -8.5
v -3.8 1.1 -8.5
v -3.7 1.1 -8.5
v -1.9 1.1 -8.5
v -1.8 1.1 -8.5
v 5.6 1.1 -8.5
v 5.7 1.1 -8.5
v 6.7 1.1 -8.5
v 6.8 1.1 -8.5
v 10.2 1.1 -8.5
v 10.3 1.1 -8.5
v 11.1 1.1 -8.5
v 11.3 1.1 -8.5
v -10.9 1.1 -8.6
v -9.9 1.1 -8.6
v -9 1.1 -8.6
v -8.9 1.1 -8.6
v -3.8 1.1 -8.6
v -3.7 1.1 -8.6
v -2.1 1.1 -8.6
v -2 1.1 -8.6
v -1.9 1.1 -8.6
v -1.8 1.1 -8.6
v 0.799999 1.1 -8.6
v 0.9 1.1 -8.6
v 5.6 1.1 -8.6
v 5.7 1.1 -8.6
v 6.7 1.1 -8.6
v 6.8 1.1 -8.6
v 7 1.1 -8.6
v 7.1 1.1 -8.6
v 9 1.1 -8.6
v 9.1 1.1 -8.6
v 10.6 1.1 -8.6
v 10.7 1.1 -8.6
v 11.3 1.1 -8.6
v 11.5 1.1 -8.6
v -9.9 1.1 -8.7
v -9.3 1.1 -8.7
v -2.1 1.1 -8.7
v -2 1.1 -8.7
v 7 1.1 -8.7
v 7.1 1.1 -8.7
v 9 1.1 -8.7
v 9.1 1.1 -8.7
v 10.6 1.1 -8.7
v 10.7 1.1 -8.7
v 11.5 1.1 -8.7
v 11.7 1.1 -8.7
v -9.3 1.1 -8.8
v -9 1.1 -8.8
v -6.4 1.1 -8.8
v -6.3 1.1 -8.8
v 11.7 1.1 -8.8
v 12.1 1.1 -8.8
v -9 1.1 -8.9
v -8.3 1.1 -8.9
v -6.4 1.1 -8.9
v -6.3 1.1 -8.9
v -4.2 1.1 -8.9
v -4.1 1.1 -8.9
v 2.4 1.1 -8.9
v 2.5 1.1 -8.9
v 12.1 1.1 -8.9
v 12.8 1.1 -8.9
v -8.3 1.1 -9
v -8 1.1 -9
v -4.3 1.1 -9
v -4.2 1.1 -9
v -4.1 1.1 -9
v 2.4 1.1 -9
v 2.5 1.1 -9
v -8 1.1 -9.1
v -7.4 1.1 -9.1
v -4.3 1.1 -9.1
v -4.2 1.1 -9.1
v 4.8 1.1 -9.1
v 4.9 1.1 -9.1
v -7.4 1.1 -9.2
v -6.9 1.1 -9.2
v 4.5 1.1 -9.2
v 4.6 1.1 -9.2
v 4.8 1.1 -9.2
v 4.9 1.1 -9.2
v -6.9 1.1 -9.3
v -6.6 1.1 -9.3
v 2.3 1.1 -9.3
v 2.4 1.1 -9.3
v 4.5 1.1 -9.3
v 4.6 1.1 -9.3
v -6.6 1.1 -9.4
v -6.3 1.1 -9.4
v -1.4 1.1 -9.4
v -1.3 1.1 -9.4
v 2.3 1.1 -9.4
v 2.4 1.1 -9.4
v 2.8 1.1 -9.4
v 2.9 1.1 -9.4
v -6.3 1.1 -9.5
v -5.9 1.1 -9.5
v -1.4 1.1 -9.5
v -1.3 1.1 -9.5
v 2.8 1.1 -9.5
v 2.9 1.1 -9.5
v 5 1.1 -9.5
v 5.1 1.1 -9.5
v 8.8 1.1 -9.5
v 8.9 1.1 -9.5
v -5.9 1.1 -9.6
v -5.2 1.1 -9.6
v -1.1 1.1 -9.6
v -1 1.1 -9.6
v 5 1.1 -9.6
v 5.1 1.1 -9.6
v 5.8 1.1 -9.6
v 8.8 1.1 -9.6
v 8.9 1.1 -9.6
v 10 1.1 -9.6
v -5.2 1.1 -9.7
v -4.8 1.1 -9.7
v -1.1 1.1 -9.7
v -1 1.1 -9.7
v 5.5 1.1 -9.7
v 5.8 1.1 -9.7
v 10 1.1 -9.7
v 10.6 1.1 -9.7
v -4.8 1.1 -9.8
v -4.2 1.1 -9.8
v 5 1.1 -9.8
v 5.3 1.1 -9.8
v 5.4 1.1 -9.8
v 5.5 1.1 -9.8
v 10.6 1.1 -9.8
v 11.2 1.1 -9.8
v -4.2 1.1 -9.9
v -3 1.1 -9.9
v 4.3 1.1 -9.9
v 5 1.1 -9.9
v 11.2 1.1 -9.9
v 11.5 1.1 -9.9
v -3 1.1 -10
v -2.4 1.1 -10
v -0.900001 1.1 -10
v -0.8 1.1 -10
v -0.3 1.1 -10
v -0.1 1.1 -10
v 3.2 1.1 -10
v 4.3 1.1 -10
v 11.5 1.1 -10
v 12 1.1 -10
v -2.4 1.1 -10.1
v -0.900001 1.1 -10.1
v -0.8 1.1 -10.1
v -0.3 1.1 -10.1
v -0.1 1.1 -10.1
v 0.599999 1.1 -10.1
v 1.7 1.1 -10.1
v 3.2 1.1 -10.1
v 12 1.1 -10.1
v 12.8 1.1 -10.1
v 0.599999 1.1 -10.2
v 1.7 1.1 -10.2
v -12.8 1.2 -8.3
v -11.8 1.2 -8.3
v -11.8 1.2 -8.4
v -11.3 1.2 -8.4
v -11.3 1.2 -8.5
v -10.9 1.2 -8.5
v -10.9 1.2 -8.6
v -9.9 1.2 -8.6
v -9.9 1.2 -8.7
v -9.3 1.2 -8.7
v -11.4 1.2 -8.8
v -11.3 1.2 -8.8
v -9.3 1.2 -8.8
v -9 1.2 -8.8
v -11.4 1.2 -8.9
v -11.3 1.2 -8.9
v -9 1.2 -8.9
v -8.3 1.2 -8.9
v -10.9 1.2 -9
v -10.8 1.2 -9
v -8.3 1.2 -9
v -8 1.2 -9
v -10.9 1.2 -9.1
v -10.8 1.2 -9.1
v -10 1.2 -9.1
v -9.9 1.2 -9.1
v -8 1.2 -9.1
v -7.4 1.2 -9.1
v -10 1.2 -9.2
v -9.9 1.2 -9.2
v -7.4 1.2 -9.2
v -6.9 1.2 -9.2
v -6.9 1.2 -9.3
v -6.6 1.2 -9.3
v -6.6 1.2 -9.4
v -6.3 1.2 -9.4
v -6.3 1.2 -9.5
v -5.9 1.2 -9.5
v -6.5 1.2 -9.6
v -6.4 1.2 -9.6
v -5.9 1.2 -9.6
v -5.2 1.2 -9.6
v 5.8 1.2 -9.6
v 10 1.2 -9.6
v -10.9 1.2 -9.7
v -10.8 1.2 -9.7
v -6.5 1.2 -9.7
v -6.4 1.2 -9.7
v -5.2 1.2 -9.7
v -4.8 1.2 -9.7
v 5.5 1.2 -9.7
v 5.8 1.2 -9.7
v 10 1.2 -9.7
v 10.6 1.2 -9.7
v -10.9 1.2 -9.8
v -10.8 1.2 -9.8
v -7 1.2 -9.8
v -6.9 1.2 -9.8
v -4.8 1.2 -9.8
v -4.2 1.2 -9.8
v 5 1.2 -9.8
v 5.3 1.2 -9.8
v 5.4 1.2 -9.8
v 5.5 1.2 -9.8
v 7.4 1.2 -9.8
v 7.5 1.2 -9.8
v 10.3 1.2 -9.8
v 10.4 1.2 -9.8
v 10.6 1.2 -9.8
v 11.2 1.2 -9.8
v -10.9 1.2 -9.9
v -10.8 1.2 -9.9
v -7 1.2 -9.9
v -6.9 1.2 -9.9
v -4.2 1.2 -9.9
v -3 1.2 -9.9
v 4.3 1.2 -9.9
v 5 1.2 -9.9
v 5.3 1.2 -9.9
v 5.4 1.2 -9.9
v 7.4 1.2 -9.9
v 7.5 1.2 -9.9
v 10.3 1.2 -9.9
v 10.4 1.2 -9.9
v 11.2 1.2 -9.9
v 11.5 1.2 -9.9
v -11.8 1.2 -10
v -11.7 1.2 -10
v -8.9 1.2 -10
v -8.8 1.2 -10
v -7.7 1.2 -10
v -7.6 1.2 -10
v -6.8 1.2 -10
v -6.7 1.2 -10
v -3 1.2 -10
v -2.4 1.2 -10
v -0.900001 1.2 -10
v -0.8 1.2 -10
v -0.3 1.2 -10
v -0.1 1.2 -10
v 3.2 1.2 -10
v 4.3 1.2 -10
v 6.7 1.2 -10
v 6.8 1.2 -10
v 11.5 1.2 -10
v 12 1.2 -10
v -11.8 1.2 -10.1
v -11.7 1.2 -10.1
v -9.7 1.2 -10.1
v -9.6 1.2 -10.1
v -8.9 1.2 -10.1
v -8.8 1.2 -10.1
v -7.7 1.2 -10.1
v -7.6 1.2 -10.1
v -6.8 1.2 -10.1
v -6.7 1.2 -10.1
v -4.9 1.2 -10.1
v -4.8 1.2 -10.1
v -2.4 1.2 -10.1
v -0.900001 1.2 -10.1
v -0.8 1.2 -10.1
v -0.3 1.2 -10.1
v -0.1 1.2 -10.1
v 0.599999 1.2 -10.1
v 1.7 1.2 -10.1
v 3.2 1.2 -10.1
v 3.5 1.2 -10.1
v 3.6 1.2 -10.1
v 6.7 1.2 -10.1
v 6.8 1.2 -10.1
v 9.7 1.2 -10.1
v 9.8 1.2 -10.1
v 11.6 1.2 -10.1
v 11.7 1.2 -10.1
v 12 1.2 -10.1
v 12.8 1.2 -10.1
v -12.5 1.2 -10.2
v -12.4 1.2 -10.2
v -9.7 1.2 -10.2
v -9.6 1.2 -10.2
v -4.9 1.2 -10.2
v -4.8 1.2 -10.2
v -0.900001 1.2 -10.2
v -0.8 1.2 -10.2
v 0.599999 1.2 -10.2
v 1.7 1.2 -10.2
v 3.5 1.2 -10.2
v 3.6 1.2 -10.2
v 9.7 1.2 -10.2
v 9.8 1.2 -10.2
v 11.6 1.2 -10.2
v 11.7 1.2 -10.2
v -12.5 1.2 -10.3
v -12.4 1.2 -10.3
v -3.3 1.2 -10.3
v -3.2 1.2 -10.3
v 0.4 1.2 -10.3
v 0.5 1.2 -10.3
v 9.7 1.2 -10.3
v 9.8 1.2 -10.3
v -5.5 1.2 -10.4
v -5.4 1.2 -10.4
v -3.3 1.2 -10.4
v -3.2 1.2 -10.4
v -2.4 1.2 -10.4
v -2.3 1.2 -10.4
v 0.4 1.2 -10.4
v 0.5 1.2 -10.4
v 9.7 1.2 -10.4
v 9.8 1.2 -10.4
v -5.5 1.2 -10.5
v -5.4 1.2 -10.5
v -2.4 1.2 -10.5
v -2.3 1.2 -10.5
v 9.1 1.2 -10.5
v 9.2 1.2 -10.5
v 0.2 1.2 -10.6
v 0.299999 1.2 -10.6
v 9.1 1.2 -10.6
v 9.2 1.2 -10.6
v 11 1.2 -10.6
v 11.1 1.2 -10.6
v 0.2 1.2 -10.7
v 0.299999 1.2 -10.7
v 2.2 1.2 -10.7
v 2.3 1.2 -10.7
v 10 1.2 -10.7
v 10.1 1.2 -10.7
v 2.2 1.2 -10.8
v 2.3 1.2 -10.8
v 10 1.2 -10.8
v 10.1 1.2 -10.8
v 11 1.2 -10.8
v 11.1 1.2 -10.8
v 3.2 1.2 -10.9
v 3.3 1.2 -10.9
v 7.4 1.2 -10.9
v 7.6 1.2 -10.9
v 11.8 1.2 -10.9
v 11.9 1.2 -10.9
v -7.5 1.2 -11
v -7.4 1.2 -11
v 3.2 1.2 -11
v 3.3 1.2 -11
v 7.4 1.2 -11
v 7.6 1.2 -11
v 11.8 1.2 -11
v 11.9 1.2 -11
v -9 1.2 -11.1
v -8.9 1.2 -11.1
v -7.5 1.2 -11.1
v -7.4 1.2 -11.1
v 9.4 1.2 -11.1
v 9.5 1.2 -11.1
v -9 1.2 -11.2
v -8.9 1.2 -11.2
v -8.5 1.2 -11.2
v -8.4 1.2 -11.2
v -6.5 1.2 -11.2
v -6.4 1.2 -11.2
v -3.2 1.2 -11.2
v -3.1 1.2 -11.2
v -0.200001 1.2 -11.2
v -0.1 1.2 -11.2
v 8.4 1.2 -11.2
v 8.5 1.2 -11.2
v 8.9 1.2 -11.2
v 9 1.2 -11.2
v 9.4 1.2 -11.2
v 9.5 1.2 -11.2
v -12.1 1.2 -11.3
v -12 1.2 -11.3
v -8.5 1.2 -11.3
v -8.4 1.2 -11.3
v -7.8 1.2 -11.3
v -7.7 1.2 -11.3
v -6.5 1.2 -11.3
v -6.4 1.2 -11.3
v -5.5 1.2 -11.3
v -5.4 1.2 -11.3
v -4.3 1.2 -11.3
v -4.2 1.2 -11.3
v -4.1 1.2 -11.3
v -4 1.2 -11.3
v -3.2 1.2 -11.3
v -3.1 1.2 -11.3
v -0.200001 1.2 -11.3
v -0.1 1.2 -11.3
v 5.5 1.2 -11.3
v 5.6 1.2 -11.3
v 8.4 1.2 -11.3
v 8.5 1.2 -11.3
v 8.9 1.2 -11.3
v 9 1.2 -11.3
v -12.1 1.2 -11.4
v -12 1.2 -11.4
v -11.3 1.2 -11.4
v -11.2 1.2 -11.4
v -7.8 1.2 -11.4
v -7.7 1.2 -11.4
v -5.5 1.2 -11.4
v -5.4 1.2 -11.4
v -4.3 1.2 -11.4
v -4.2 1.2 -11.4
v -4.1 1.2 -11.4
v -4 1.2 -11.4
v 5.5 1.2 -11.4
v 5.6 1.2 -11.4
v -11.3 1.2 -11.5
v -11.2 1.2 -11.5
v -2 1.2 -11.5
v -1.9 1.2 -11.5
v -1.1 1.2 -11.5
v -1 1.2 -11.5
v 0.5 1.2 -11.5
v 0.599999 1.2 -11.5
v -2 1.2 -11.6
v -1.9 1.2 -11.6
v -1.1 1.2 -11.6
v -1 1.2 -11.6
v 0.5 1.2 -11.6
v 0.599999 1.2 -11.6
v 7.1 1.2 -11.6
v 7.2 1.2 -11.6
v 8.2 1.2 -11.6
v 8.3 1.2 -11.6
v 6.2 1.2 -11.7
v 6.3 1.2 -11.7
v 7.1 1.2 -11.7
v 7.2 1.2 -11.7
v 8.2 1.2 -11.7
v 8.3 1.2 -11.7
v 10.7 1.2 -11.7
v 10.8 1.2 -11.7
v -9.5 1.2 -11.8
v -9.4 1.2 -11.8
v -6.6 1.2 -11.8
v -6.5 1.2 -11.8
v 2.1 1.2 -11.8
v 2.2 1.2 -11.8
v 3.3 1.2 -11.8
v 3.4 1.2 -11.8
v 6.2 1.2 -11.8
v 6.3 1.2 -11.8
v 10.7 1.2 -11.8
v 10.8 1.2 -11.8
v -9.5 1.2 -11.9
v -9.4 1.2 -11.9
v -6.6 1.2 -11.9
v -6.5 1.2 -11.9
v 2.1 1.2 -11.9
v 2.2 1.2 -11.9
v 3.3 1.2 -11.9
v 3.4 1.2 -11.9
v 9.5 1.2 -11.9
v 9.6 1.2 -11.9
v 12.1 1.2 -11.9
v 12.2 1.2 -11.9
v -8.6 1.2 -12
v -8.5 1.2 -12
v 9.5 1.2 -12
v 9.6 1.2 -12
v 12.1 1.2 -12
v 12.2 1.2 -12
v -8.6 1.2 -12.1
v -8.5 1.2 -12.1
v -4.7 1.2 -12.1
v -4.6 1.2 -12.1
v -3.6 1.2 -12.1
v -3.5 1.2 -12.1
v -12 1.2 -12.2
v -11.8 1.2 -12.2
v -6.5 1.2 -12.2
v -6.4 1.2 -12.2
v -4.7 1.2 -12.2
v -4.6 1.2 -12.2
v -3.6 1.2 -12.2
v -3.5 1.2 -12.2
v 10.3 1.2 -12.2
v 10.4 1.2 -12.2
v -12 1.2 -12.3
v -11.8 1.2 -12.3
v -6.5 1.2 -12.3
v -6.4 1.2 -12.3
v -1.5 1.2 -12.3
v -1.4 1.2 -12.3
v 8.1 1.2 -12.3
v 8.2 1.2 -12.3
v 10.3 1.2 -12.3
v 10.4 1.2 -12.3
v -1.5 1.2 -12.4
v -1.4 1.2 -12.4
v 8.1 1.2 -12.4
v 8.2 1.2 -12.4
v 1.5 1.2 -12.5
v 1.6 1.2 -12.5
v -4.4 1.2 -12.6
v -4.3 1.2 -12.6
v 1.5 1.2 -12.6
v 1.6 1.2 -12.6
v -4.4 1.2 -12.7
v -4.3 1.2 -12.7
v -12.8 1.2 -12.8
v 12.8 1.2 -12.8

# faces
f 4/1/1 2/1/1 1/1/1
f 5/1/1 2/1/1 4/1/1
f 6/1/1 2/1/1 5/1/1
f 7/12/1 3/12/1 2/12/1
f 7/1/1 2/1/1 6/1/1
f 8/1/1 6/1/1 5/1/1
f 9/1/1 6/1/1 8/1/1
f 10/1/1 6/1/1 9/1/1
f 11/1/1 6/1/1 10/1/1
f 12/1/1 6/1/1 11/1/1
f 13/12/1 7/12/1 6/12/1
f 13/1/1 6/1/1 12/1/1
f 14/1/1 12/1/1 11/1/1
f 15/1/1 12/1/1 14/1/1
f 16/1/1 12/1/1 15/1/1
f 17/12/1 13/12/1 12/12/1
f 17/1/1 12/1/1 16/1/1
f 18/1/1 16/1/1 15/1/1
f 19/1/1 16/1/1 18/1/1
f 20/1/1 16/1/1 19/1/1
f 21/12/1 17/12/1 16/12/1
f 21/1/1 16/1/1 20/1/1
f 22/1/1 20/1/1 19/1/1
f 23/12/1 21/12/1 20/12/1
f 23/1/1 20/1/1 22/1/1
f 24/12/1 21/12/1 23/12/1
f 25/12/1 3/12/1 7/12/1
f 25/12/1 21/12/1 24/12/1
f 25/12/1 7/12/1 13/12/1
f 25/12/1 13/12/1 17/12/1
f 25/12/1 17/12/1 21/12/1
f 26/12/1 3/12/1 25/12/1
f 27/12/1 3/12/1 26/12/1
f 28/12/1 3/12/1 27/12/1
f 29/12/1 3/12/1 28/12/1
f 30/12/1 3/12/1 29/12/1
f 31/12/1 3/12/1 30/12/1
f 32/12/1 3/12/1 31/12/1
f 33/12/1 3/12/1 32/12/1
f 34/12/1 3/12/1 33/12/1
f 35/12/1 3/12/1 34/12/1
f 38/12/1 37/12/1 36/12/1
f 39/12/1 37/12/1 38/12/1
f 42/12/1 41/12/1 40/12/1
f 43/12/1 41/12/1 42/12/1
f 46/12/1 45/12/1 44/12/1
f 47/12/1 45/12/1 46/12/1
f 50/1/1 49/1/1 48/1/1
f 51/1/1 49/1/1 50/1/1
f 54/12/1 53/12/1 52/12/1
f 55/12/1 53/12/1 54/12/1
f 58/1/1 57/1/1 56/1/1
f 59/1/1 57/1/1 58/1/1
f 62/1/1 61/1/1 60/1/1
f 63/1/1 61/1/1 62/1/1
f 66/1/1 65/1/1 64/1/1
f 67/1/1 65/1/1 66/1/1
f 70/1/1 69/1/1 68/1/1
f 71/1/1 69/1/1 70/1/1
f 74/12/1 73/12/1 72/12/1
f 75/12/1 73/12/1 74/12/1
f 78/1/1 77/1/1 76/1/1
f 79/1/1 77/1/1 78/1/1
f 82/12/1 81/12/1 80/12/1
f 83/12/1 81/12/1 82/12/1
f 86/1/1 85/1/1 84/1/1
f 87/1/1 85/1/1 86/1/1
f 90/1/1 89/1/1 88/1/1
f 91/1/1 89/1/1 90/1/1
f 94/12/1 93/12/1 92/12/1
f 95/12/1 93/12/1 94/12/1
f 98/1/1 97/1/1 96/1/1
f 99/1/1 97/1/1 98/1/1
f 102/1/1 101/1/1 100/1/1
f 103/1/1 101/1/1 102/1/1
f 106/1/1 105/1/1 104/1/1
f 107/1/1 105/1/1 106/1/1
f 110/12/1 109/12/1 108/12/1
f 111/12/1 109/12/1 110/12/1
f 114/1/1 113/1/1 112/1/1
f 115/1/1 113/1/1 114/1/1
f 118/1/1 117/1/1 116/1/1
f 119/1/1 117/1/1 118/1/1
f 122/12/1 121/12/1 120/12/1
f 123/12/1 121/12/1 122/12/1
f 126/1/1 125/1/1 124/1/1
f 127/1/1 125/1/1 126/1/1
f 130/12/1 129/12/1 128/12/1
f 131/12/1 129/12/1 130/12/1
f 134/1/1 133/1/1 132/1/1
f 135/1/1 133/1/1 134/1/1
f 138/12/1 137/12/1 136/12/1
f 139/12/1 137/12/1 138/12/1
f 142/12/1 141/12/1 140/12/1
f 143/12/1 141/12/1 142/12/1
f 146/1/1 145/1/1 144/1/1
f 147/1/1 145/1/1 146/1/1
f 150/12/1 149/12/1 148/12/1
f 151/12/1 149/12/1 150/12/1
f 154/1/1 153/1/1 152/1/1
f 155/1/1 153/1/1 154/1/1
f 158/1/1 157/1/1 156/1/1
f 159/1/1 157/1/1 158/1/1
f 162/1/1 161/1/1 160/1/1
f 163/1/1 161/1/1 162/1/1
f 166/1/1 165/1/1 164/1/1
f 167/1/1 165/1/1 166/1/1
f 170/1/1 169/1/1 168/1/1
f 171/1/1 169/1/1 170/1/1
f 174/1/1 173/1/1 172/1/1
f 175/1/1 173/1/1 174/1/1
f 178/12/1 177/12/1 176/12/1
f 179/12/1 177/12/1 178/12/1
f 182/1/1 181/1/1 180/1/1
f 183/1/1 181/1/1 182/1/1
f 186/12/1 185/12/1 184/12/1
f 187/12/1 185/12/1 186/12/1
f 190/1/1 189/1/1 188/1/1
f 191/1/1 189/1/1 190/1/1
f 194/1/1 193/1/1 192/1/1
f 195/1/1 193/1/1 194/1/1
f 198/12/1 197/12/1 196/12/1
f 199/12/1 197/12/1 198/12/1
f 202/1/1 201/1/1 200/1/1
f 203/1/1 201/1/1 202/1/1
f 206/12/1 205/12/1 204/12/1
f 207/12/1 205/12/1 206/12/1
f 210/12/1 209/12/1 208/12/1
f 211/12/1 209/12/1 210/12/1
f 214/1/1 213/1/1 212/1/1
f 215/1/1 213/1/1 214/1/1
f 218/12/1 217/12/1 216/12/1
f 219/12/1 217/12/1 218/12/1
f 222/1/1 221/1/1 220/1/1
f 223/1/1 221/1/1 222/1/1
f 226/1/1 225/1/1 224/1/1
f 227/1/1 225/1/1 226/1/1
f 230/1/1 229/1/1 228/1/1
f 231/1/1 229/1/1 230/1/1
f 234/12/1 233/12/1 232/12/1
f 235/12/1 233/12/1 234/12/1
f 238/12/1 237/12/1 236/12/1
f 239/12/1 237/12/1 238/12/1
f 242/1/1 241/1/1 240/1/1
f 243/1/1 241/1/1 242/1/1
f 246/1/1 245/1/1 244/1/1
f 247/1/1 245/1/1 246/1/1
f 250/12/1 249/12/1 248/12/1
f 251/12/1 249/12/1 250/12/1
f 254/12/1 253/12/1 252/12/1
f 255/12/1 253/12/1 254/12/1
f 258/1/1 257/1/1 256/1/1
f 259/1/1 257/1/1 258/1/1
f 262/1/1 261/1/1 260/1/1
f 263/1/1 261/1/1 262/1/1
f 266/12/1 265/12/1 264/12/1
f 267/12/1 265/12/1 266/12/1
f 270/12/1 269/12/1 268/12/1
f 271/12/1 269/12/1 270/12/1
f 274/1/1 273/1/1 272/1/1
f 275/1/1 273/1/1 274/1/1
f 278/1/1 277/1/1 276/1/1
f 279/1/1 277/1/1 278/1/1
f 282/1/1 281/1/1 280/1/1
f 283/1/1 281/1/1 282/1/1
f 286/12/1 285/12/1 284/12/1
f 287/12/1 285/12/1 286/12/1
f 290/12/1 289/12/1 288/12/1
f 291/12/1 289/12/1 290/12/1
f 294/1/1 293/1/1 292/1/1
f 295/1/1 293/1/1 294/1/1
f 298/1/1 297/1/1 296/1/1
f 299/1/1 297/1/1 298/1/1
f 302/12/1 301/12/1 300/12/1
f 303/12/1 301/12/1 302/12/1
f 306/12/1 305/12/1 304/12/1
f 307/12/1 305/12/1 306/12/1
f 310/12/1 309/12/1 308/12/1
f 311/12/1 309/12/1 310/12/1
f 314/1/1 313/1/1 312/1/1
f 315/1/1 313/1/1 314/1/1
f 318/1/1 317/1/1 316/1/1
f 319/1/1 317/1/1 318/1/1
f 322/1/1 321/1/1 320/1/1
f 323/1/1 321/1/1 322/1/1
f 326/12/1 325/12/1 324/12/1
f 327/12/1 325/12/1 326/12/1
f 330/12/1 329/12/1 328/12/1
f 331/12/1 329/12/1 330/12/1
f 334/12/1 333/12/1 332/12/1
f 335/12/1 333/12/1 334/12/1
f 338/12/1 337/12/1 336/12/1
f 339/12/1 337/12/1 338/12/1
f 342/12/1 341/12/1 340/12/1
f 343/12/1 341/12/1 342/12/1
f 346/1/1 345/1/1 344/1/1
f 347/1/1 345/1/1 346/1/1
f 350/1/1 349/1/1 348/1/1
f 351/1/1 349/1/1 350/1/1
f 354/1/1 353/1/1 352/1/1
f 355/1/1 353/1/1 354/1/1
f 358/12/1 357/12/1 356/12/1
f 359/12/1 357/12/1 358/12/1
f 362/12/1 361/12/1 360/12/1
f 363/12/1 361/12/1 362/12/1
f 366/1/1 365/1/1 364/1/1
f 367/1/1 365/1/1 366/1/1
f 370/1/1 369/1/1 368/1/1
f 371/1/1 369/1/1 370/1/1
f 374/1/1 373/1/1 372/1/1
f 375/1/1 373/1/1 374/1/1
f 378/12/1 377/12/1 376/12/1
f 379/12/1 377/12/1 378/12/1
f 382/1/1 381/1/1 380/1/1
f 383/1/1 381/1/1 382/1/1
f 386/1/1 385/1/1 384/1/1
f 387/1/1 385/1/1 386/1/1
f 390/12/1 389/12/1 388/12/1
f 391/12/1 389/12/1 390/12/1
f 394/1/1 393/1/1 392/1/1
f 395/1/1 393/1/1 394/1/1
f 398/12/1 397/12/1 396/12/1
f 399/12/1 397/12/1 398/12/1
f 402/1/1 401/1/1 400/1/1
f 403/1/1 401/1/1 402/1/1
f 406/1/1 405/1/1 404/1/1
f 407/1/1 405/1/1 406/1/1
f 410/12/1 409/12/1 408/12/1
f 411/12/1 409/12/1 410/12/1
f 414/1/1 413/1/1 412/1/1
f 415/1/1 413/1/1 414/1/1
f 418/1/1 417/1/1 416/1/1
f 419/1/1 417/1/1 418/1/1
f 422/12/1 421/12/1 420/12/1
f 423/12/1 421/12/1 422/12/1
f 426/12/1 425/12/1 424/12/1
f 427/12/1 425/12/1 426/12/1
f 430/1/1 429/1/1 428/1/1
f 431/1/1 429/1/1 430/1/1
f 434/1/1 433/1/1 432/1/1
f 435/1/1 433/1/1 434/1/1
f 438/1/1 437/1/1 436/1/1
f 439/1/1 437/1/1 438/1/1
f 442/12/1 441/12/1 440/12/1
f 443/12/1 441/12/1 442/12/1
f 446/1/1 445/1/1 444/1/1
f 447/1/1 445/1/1 446/1/1
f 450/12/1 449/12/1 448/12/1
f 451/12/1 449/12/1 450/12/1
f 454/1/1 453/1/1 452/1/1
f 455/1/1 453/1/1 454/1/1
f 458/12/1 457/12/1 456/12/1
f 459/12/1 457/12/1 458/12/1
f 462/1/1 461/1/1 460/1/1
f 463/1/1 461/1/1 462/1/1
f 466/1/1 465/1/1 464/1/1
f 467/1/1 465/1/1 466/1/1
f 470/1/1 469/1/1 468/1/1
f 471/1/1 469/1/1 470/1/1
f 474/1/1 473/1/1 472/1/1
f 475/1/1 473/1/1 474/1/1
f 478/1/1 477/1/1 476/1/1
f 479/1/1 477/1/1 478/1/1
f 482/12/1 481/12/1 480/12/1
f 483/12/1 481/12/1 482/12/1
f 486/12/1 485/12/1 484/12/1
f 487/12/1 485/12/1 486/12/1
f 490/1/1 489/1/1 488/1/1
f 491/1/1 489/1/1 490/1/1
f 494/1/1 493/1/1 492/1/1
f 495/1/1 493/1/1 494/1/1
f 498/12/1 497/12/1 496/12/1
f 499/12/1 497/12/1 498/12/1
f 502/1/1 501/1/1 500/1/1
f 503/1/1 501/1/1 502/1/1
f 506/12/1 505/12/1 504/12/1
f 507/12/1 505/12/1 506/12/1
f 510/1/1 509/1/1 508/1/1
f 511/1/1 509/1/1 510/1/1
f 514/12/1 513/12/1 512/12/1
f 515/12/1 513/12/1 514/12/1
f 518/1/1 517/1/1 516/1/1
f 519/1/1 517/1/1 518/1/1
f 522/1/1 521/1/1 520/1/1
f 523/1/1 521/1/1 522/1/1
f 526/12/1 525/12/1 524/12/1
f 527/12/1 525/12/1 526/12/1
f 530/1/1 529/1/1 528/1/1
f 531/1/1 529/1/1 530/1/1
f 534/1/1 533/1/1 532/1/1
f 535/1/1 533/1/1 534/1/1
f 538/1/1 537/1/1 536/1/1
f 539/1/1 537/1/1 538/1/1
f 542/12/1 541/12/1 540/12/1
f 543/12/1 541/12/1 542/12/1
f 546/12/1 545/12/1 544/12/1
f 547/12/1 545/12/1 546/12/1
f 550/1/1 549/1/1 548/1/1
f 551/1/1 549/1/1 550/1/1
f 554/1/1 553/1/1 552/1/1
f 555/1/1 553/1/1 554/1/1
f 558/1/1 557/1/1 556/1/1
f 559/1/1 557/1/1 558/1/1
f 562/1/1 561/1/1 560/1/1
f 563/1/1 561/1/1 562/1/1
f 566/1/1 565/1/1 564/1/1
f 567/1/1 565/1/1 566/1/1
f 570/1/1 569/1/1 568/1/1
f 571/1/1 569/1/1 570/1/1
f 574/1/1 573/1/1 572/1/1
f 575/1/1 573/1/1 574/1/1
f 578/1/1 577/1/1 576/1/1
f 579/1/1 577/1/1 578/1/1
f 582/1/1 581/1/1 580/1/1
f 583/1/1 581/1/1 582/1/1
f 586/1/1 585/1/1 584/1/1
f 587/1/1 585/1/1 586/1/1
f 590/1/1 589/1/1 588/1/1
f 591/1/1 589/1/1 590/1/1
f 594/1/1 593/1/1 592/1/1
f 595/1/1 593/1/1 594/1/1
f 598/1/1 597/1/1 596/1/1
f 599/1/1 597/1/1 598/1/1
f 602/1/1 601/1/1 600/1/1
f 603/1/1 601/1/1 602/1/1
f 606/1/1 605/1/1 604/1/1
f 607/1/1 605/1/1 606/1/1
f 610/1/1 609/1/1 608/1/1
f 611/1/1 609/1/1 610/1/1
f 614/1/1 613/1/1 612/1/1
f 615/1/1 613/1/1 614/1/1
f 618/12/1 617/12/1 616/12/1
f 619/12/1 617/12/1 618/12/1
f 622/1/1 621/1/1 620/1/1
f 623/1/1 621/1/1 622/1/1
f 626/1/1 625/1/1 624/1/1
f 627/1/1 625/1/1 626/1/1
f 630/1/1 629/1/1 628/1/1
f 631/1/1 629/1/1 630/1/1
f 634/1/1 633/1/1 632/1/1
f 635/1/1 633/1/1 634/1/1
f 638/1/1 637/1/1 636/1/1
f 639/1/1 637/1/1 638/1/1
f 642/1/1 641/1/1 640/1/1
f 643/1/1 641/1/1 642/1/1
f 646/1/1 645/1/1 644/1/1
f 647/1/1 645/1/1 646/1/1
f 650/1/1 649/1/1 648/1/1
f 651/1/1 649/1/1 650/1/1
f 654/12/1 653/12/1 652/12/1
f 655/12/1 653/12/1 654/12/1
f 658/1/1 657/1/1 656/1/1
f 659/1/1 657/1/1 658/1/1
f 662/1/1 661/1/1 660/1/1
f 663/1/1 661/1/1 662/1/1
f 666/1/1 665/1/1 664/1/1
f 667/1/1 665/1/1 666/1/1
f 670/1/1 669/1/1 668/1/1
f 671/1/1 669/1/1 670/1/1
f 674/1/1 673/1/1 672/1/1
f 675/1/1 673/1/1 674/1/1
f 678/1/1 677/1/1 676/1/1
f 679/1/1 677/1/1 678/1/1
f 682/1/1 681/1/1 680/1/1
f 683/1/1 681/1/1 682/1/1
f 686/1/1 685/1/1 684/1/1
f 687/1/1 685/1/1 686/1/1
f 690/1/1 689/1/1 688/1/1
f 691/1/1 689/1/1 690/1/1
f 694/12/1 693/12/1 692/12/1
f 695/12/1 693/12/1 694/12/1
f 698/1/1 697/1/1 696/1/1
f 699/1/1 697/1/1 698/1/1
f 702/1/1 701/1/1 700/1/1
f 703/1/1 701/1/1 702/1/1
f 706/1/1 705/1/1 704/1/1
f 707/1/1 705/1/1 706/1/1
f 710/12/1 709/12/1 708/12/1
f 711/12/1 709/12/1 710/12/1
f 714/1/1 713/1/1 712/1/1
f 715/1/1 713/1/1 714/1/1
f 718/1/1 717/1/1 716/1/1
f 719/1/1 717/1/1 718/1/1
f 722/1/1 721/1/1 720/1/1
f 723/1/1 721/1/1 722/1/1
f 726/1/1 725/1/1 724/1/1
f 727/1/1 725/1/1 726/1/1
f 730/12/1 729/12/1 728/12/1
f 731/12/1 729/12/1 730/12/1
f 734/1/1 733/1/1 732/1/1
f 735/1/1 733/1/1 734/1/1
f 738/1/1 737/1/1 736/1/1
f 739/1/1 737/1/1 738/1/1
f 742/1/1 741/1/1 740/1/1
f 743/1/1 741/1/1 742/1/1
f 746/1/1 745/1/1 744/1/1
f 747/1/1 745/1/1 746/1/1
f 750/12/1 749/12/1 748/12/1
f 751/12/1 749/12/1 750/12/1
f 754/12/1 753/12/1 752/12/1
f 755/12/1 753/12/1 754/12/1
f 758/1/1 757/1/1 756/1/1
f 759/1/1 757/1/1 758/1/1
f 762/12/1 761/12/1 760/12/1
f 763/12/1 761/12/1 762/12/1
f 766/1/1 765/1/1 764/1/1
f 767/1/1 765/1/1 766/1/1
f 770/1/1 769/1/1 768/1/1
f 771/1/1 769/1/1 770/1/1
f 774/1/1 773/1/1 772/1/1
f 775/1/1 773/1/1 774/1/1
f 778/1/1 777/1/1 776/1/1
f 779/1/1 777/1/1 778/1/1
f 782/1/1 781/1/1 780/1/1
f 783/1/1 781/1/1 782/1/1
f 786/12/1 785/12/1 784/12/1
f 787/12/1 785/12/1 786/12/1
f 790/1/1 789/1/1 788/1/1
f 791/1/1 789/1/1 790/1/1
f 794/1/1 793/1/1 792/1/1
f 795/1/1 793/1/1 794/1/1
f 798/12/1 797/12/1 796/12/1
f 799/12/1 797/12/1 798/12/1
f 802/1/1 801/1/1 800/1/1
f 803/1/1 801/1/1 802/1/1
f 806/1/1 805/1/1 804/1/1
f 807/1/1 805/1/1 806/1/1
f 810/1/1 809/1/1 808/1/1
f 811/1/1 809/1/1 810/1/1
f 814/1/1 813/1/1 812/1/1
f 815/1/1 813/1/1 814/1/1
f 818/1/1 817/1/1 816/1/1
f 819/1/1 817/1/1 818/1/1
f 822/1/1 821/1/1 820/1/1
f 823/1/1 821/1/1 822/1/1
f 826/1/1 825/1/1 824/1/1
f 827/1/1 825/1/1 826/1/1
f 830/12/1 829/12/1 828/12/1
f 831/12/1 829/12/1 830/12/1
f 834/1/1 833/1/1 832/1/1
f 835/1/1 833/1/1 834/1/1
f 838/1/1 837/1/1 836/1/1
f 839/1/1 837/1/1 838/1/1
f 842/12/1 841/12/1 840/12/1
f 843/12/1 841/12/1 842/12/1
f 846/1/1 845/1/1 844/1/1
f 847/1/1 845/1/1 846/1/1
f 850/1/1 849/1/1 848/1/1
f 851/1/1 849/1/1 850/1/1
f 854/1/1 853/1/1 852/1/1
f 855/1/1 853/1/1 854/1/1
f 858/12/1 857/12/1 856/12/1
f 859/12/1 857/12/1 858/12/1
f 862/1/1 861/1/1 860/1/1
f 863/1/1 861/1/1 862/1/1
f 866/1/1 865/1/1 864/1/1
f 867/1/1 865/1/1 866/1/1
f 870/1/1 869/1/1 868/1/1
f 871/1/1 869/1/1 870/1/1
f 874/1/1 873/1/1 872/1/1
f 875/1/1 873/1/1 874/1/1
f 878/1/1 877/1/1 876/1/1
f 879/1/1 877/1/1 878/1/1
f 882/1/1 881/1/1 880/1/1
f 883/1/1 881/1/1 882/1/1
f 886/1/1 885/1/1 884/1/1
f 887/1/1 885/1/1 886/1/1
f 890/1/1 889/1/1 888/1/1
f 891/1/1 889/1/1 890/1/1
f 894/1/1 893/1/1 892/1/1
f 895/1/1 893/1/1 894/1/1
f 898/12/1 897/12/1 896/12/1
f 899/12/1 897/12/1 898/12/1
f 902/1/1 901/1/1 900/1/1
f 903/1/1 901/1/1 902/1/1
f 906/12/1 905/12/1 904/12/1
f 907/12/1 905/12/1 906/12/1
f 910/1/1 909/1/1 908/1/1
f 911/1/1 909/1/1 910/1/1
f 912/1/2 913/1/2 914/1/2
f 914/1/2 913/1/2 915/1/2
f 916/1/2 917/1/2 918/1/2
f 918/1/2 917/1/2 919/1/2
f 920/1/2 921/1/2 922/1/2
f 922/1/2 921/1/2 923/1/2
f 924/1/2 925/1/2 926/1/2
f 926/1/2 925/1/2 927/1/2
f 928/1/2 929/1/2 930/1/2
f 930/1/2 929/1/2 931/1/2
f 932/1/2 933/1/2 934/1/2
f 934/1/2 933/1/2 935/1/2
f 936/12/2 937/12/2 938/12/2
f 938/12/2 937/12/2 939/12/2
f 940/12/2 941/12/2 942/12/2
f 942/12/2 941/12/2 943/12/2
f 944/1/2 945/1/2 946/1/2
f 946/1/2 945/1/2 947/1/2
f 948/1/2 949/1/2 950/1/2
f 950/1/2 949/1/2 951/1/2
f 952/1/2 953/1/2 954/1/2
f 954/1/2 953/1/2 955/1/2
f 956/1/2 957/1/2 958/1/2
f 958/1/2 957/1/2 959/1/2
f 960/1/2 961/1/2 962/1/2
f 962/1/2 961/1/2 963/1/2
f 964/1/2 965/1/2 966/1/2
f 966/1/2 965/1/2 967/1/2
f 968/12/2 969/12/2 970/12/2
f 970/12/2 969/12/2 971/12/2
f 972/1/2 973/1/2 974/1/2
f 974/1/2 973/1/2 975/1/2
f 976/1/2 977/1/2 978/1/2
f 978/1/2 977/1/2 979/1/2
f 980/12/2 981/12/2 982/12/2
f 982/12/2 981/12/2 983/12/2
f 984/1/2 985/1/2 986/1/2
f 986/1/2 985/1/2 987/1/2
f 988/12/2 989/12/2 990/12/2
f 990/12/2 989/12/2 991/12/2
f 992/1/2 993/1/2 994/1/2
f 994/1/2 993/1/2 995/1/2
f 996/1/2 997/1/2 998/1/2
f 998/1/2 997/1/2 999/1/2
f 1000/1/2 1001/1/2 1002/1/2
f 1002/1/2 1001/1/2 1003/1/2
f 1004/1/2 1005/1/2 1006/1/2
f 1006/1/2 1005/1/2 1007/1/2
f 1008/1/2 1009/1/2 1010/1/2
f 1010/1/2 1009/1/2 1011/1/2
f 1012/1/2 1013/1/2 1014/1/2
f 1014/1/2 1013/1/2 1015/1/2
f 1016/1/2 1017/1/2 1018/1/2
f 1018/1/2 1017/1/2 1019/1/2
f 1020/1/2 1021/1/2 1022/1/2
f 1022/1/2 1021/1/2 1023/1/2
f 1024/1/2 1025/1/2 1026/1/2
f 1026/1/2 1025/1/2 1027/1/2
f 1028/12/2 1029/12/2 1030/12/2
f 1030/12/2 1029/12/2 1031/12/2
f 1032/12/2 1033/12/2 1034/12/2
f 1034/12/2 1033/12/2 1035/12/2
f 1036/1/2 1037/1/2 1038/1/2
f 1038/1/2 1037/1/2 1039/1/2
f 1040/12/2 1041/12/2 1042/12/2
f 1042/12/2 1041/12/2 1043/12/2
f 1044/1/2 1045/1/2 1046/1/2
f 1046/1/2 1045/1/2 1047/1/2
f 1048/1/2 1049/1/2 1050/1/2
f 1050/1/2 1049/1/2 1051/1/2
f 1052/12/2 1053/12/2 1054/12/2
f 1054/12/2 1053/12/2 1055/12/2
f 1056/1/2 1057/1/2 1058/1/2
f 1058/1/2 1057/1/2 1059/1/2
f 1060/12/2 1061/12/2 1062/12/2
f 1062/12/2 1061/12/2 1063/12/2
f 1064/1/2 1065/1/2 1066/1/2
f 1066/1/2 1065/1/2 1067/1/2
f 1068/1/2 1069/1/2 1070/1/2
f 1070/1/2 1069/1/2 1071/1/2
f 1072/12/2 1073/12/2 1074/12/2
f 1074/12/2 1073/12/2 1075/12/2
f 1076/1/2 1077/1/2 1078/1/2
f 1078/1/2 1077/1/2 1079/1/2
f 1080/1/2 1081/1/2 1082/1/2
f 1082/1/2 1081/1/2 1083/1/2
f 1084/1/2 1085/1/2 1086/1/2
f 1086/1/2 1085/1/2 1087/1/2
f 1088/1/2 1089/1/2 1090/1/2
f 1090/1/2 1089/1/2 1091/1/2
f 1092/12/2 1093/12/2 1094/12/2
f 1094/12/2 1093/12/2 1095/12/2
f 1096/1/2 1097/1/2 1098/1/2
f 1098/1/2 1097/1/2 1099/1/2
f 1100/12/2 1101/12/2 1102/12/2
f 1102/12/2 1101/12/2 1103/12/2
f 1104/12/2 1105/12/2 1106/12/2
f 1106/12/2 1105/12/2 1107/12/2
f 1108/1/2 1109/1/2 1110/1/2
f 1110/1/2 1109/1/2 1111/1/2
f 1112/1/2 1113/1/2 1114/1/2
f 1114/1/2 1113/1/2 1115/1/2
f 1116/1/2 1117/1/2 1118/1/2
f 1118/1/2 1117/1/2 1119/1/2
f 1120/12/2 1121/12/2 1122/12/2
f 1122/12/2 1121/12/2 1123/12/2
f 1124/1/2 1125/1/2 1126/1/2
f 1126/1/2 1125/1/2 1127/1/2
f 1128/1/2 1129/1/2 1130/1/2
f 1130/1/2 1129/1/2 1131/1/2
f 1132/12/2 1133/12/2 1134/12/2
f 1134/12/2 1133/12/2 1135/12/2
f 1136/1/2 1137/1/2 1138/1/2
f 1138/1/2 1137/1/2 1139/1/2
f 1140/1/2 1141/1/2 1142/1/2
f 1142/1/2 1141/1/2 1143/1/2
f 1144/12/2 1145/12/2 1146/12/2
f 1146/12/2 1145/12/2 1147/12/2
f 1148/12/2 1149/12/2 1150/12/2
f 1150/12/2 1149/12/2 1151/12/2
f 1152/1/2 1153/1/2 1154/1/2
f 1154/1/2 1153/1/2 1155/1/2
f 1156/1/2 1157/1/2 1158/1/2
f 1158/1/2 1157/1/2 1159/1/2
f 1160/1/2 1161/1/2 1162/1/2
f 1162/1/2 1161/1/2 1163/1/2
f 1164/12/2 1165/12/2 1166/12/2
f 1166/12/2 1165/12/2 1167/12/2
f 1168/1/2 1169/1/2 1170/1/2
f 1170/1/2 1169/1/2 1171/1/2
f 1172/12/2 1173/12/2 1174/12/2
f 1174/12/2 1173/12/2 1175/12/2
f 1176/12/2 1177/12/2 1178/12/2
f 1178/12/2 1177/12/2 1179/12/2
f 1180/1/2 1181/1/2 1182/1/2
f 1182/1/2 1181/1/2 1183/1/2
f 1184/1/2 1185/1/2 1186/1/2
f 1186/1/2 1185/1/2 1187/1/2
f 1188/12/2 1189/12/2 1190/12/2
f 1190/12/2 1189/12/2 1191/12/2
f 1192/12/2 1193/12/2 1194/12/2
f 1194/12/2 1193/12/2 1195/12/2
f 1196/12/2 1197/12/2 1198/12/2
f 1198/12/2 1197/12/2 1199/12/2
f 1200/12/2 1201/12/2 1202/12/2
f 1202/12/2 1201/12/2 1203/12/2
f 1204/1/2 1205/1/2 1206/1/2
f 1206/1/2 1205/1/2 1207/1/2
f 1208/1/2 1209/1/2 1210/1/2
f 1210/1/2 1209/1/2 1211/1/2
f 1212/1/2 1213/1/2 1214/1/2
f 1214/1/2 1213/1/2 1215/1/2
f 1216/12/2 1217/12/2 1218/12/2
f 1218/12/2 1217/12/2 1219/12/2
f 1220/12/2 1221/12/2 1222/12/2
f 1222/12/2 1221/12/2 1223/12/2
f 1224/1/2 1225/1/2 1226/1/2
f 1226/1/2 1225/1/2 1227/1/2
f 1228/1/2 1229/1/2 1230/1/2
f 1230/1/2 1229/1/2 1231/1/2
f 1232/12/2 1233/12/2 1234/12/2
f 1234/12/2 1233/12/2 1235/12/2
f 1236/1/2 1237/1/2 1238/1/2
f 1238/1/2 1237/1/2 1239/1/2
f 1240/12/2 1241/12/2 1242/12/2
f 1242/12/2 1241/12/2 1243/12/2
f 1244/1/2 1245/1/2 1246/1/2
f 1246/1/2 1245/1/2 1247/1/2
f 1248/1/2 1249/1/2 1250/1/2
f 1250/1/2 1249/1/2 1251/1/2
f 1252/1/2 1253/1/2 1254/1/2
f 1254/1/2 1253/1/2 1255/1/2
f 1256/1/2 1257/1/2 1258/1/2
f 1258/1/2 1257/1/2 1259/1/2
f 1260/12/2 1261/12/2 1262/12/2
f 1262/12/2 1261/12/2 1263/12/2
f 1264/12/2 1265/12/2 1266/12/2
f 1266/12/2 1265/12/2 1267/12/2
f 1268/1/2 1269/1/2 1270/1/2
f 1270/1/2 1269/1/2 1271/1/2
f 1272/12/2 1273/12/2 1274/12/2
f 1274/12/2 1273/12/2 1275/12/2
f 1276/12/2 1277/12/2 1278/12/2
f 1278/12/2 1277/12/2 1279/12/2
f 1280/1/2 1281/1/2 1282/1/2
f 1282/1/2 1281/1/2 1283/1/2
f 1284/1/2 1285/1/2 1286/1/2
f 1286/1/2 1285/1/2 1287/1/2
f 1288/12/2 1289/12/2 1290/12/2
f 1290/12/2 1289/12/2 1291/12/2
f 1292/12/2 1293/12/2 1294/12/2
f 1294/12/2 1293/12/2 1295/12/2
f 1296/1/2 1297/1/2 1298/1/2
f 1298/1/2 1297/1/2 1299/1/2
f 1300/1/2 1301/1/2 1302/1/2
f 1302/1/2 1301/1/2 1303/1/2
f 1304/12/2 1305/12/2 1306/12/2
f 1306/12/2 1305/12/2 1307/12/2
f 1308/1/2 1309/1/2 1310/1/2
f 1310/1/2 1309/1/2 1311/1/2
f 1312/1/2 1313/1/2 1314/1/2
f 1314/1/2 1313/1/2 1315/1/2
f 1316/1/2 1317/1/2 1318/1/2
f 1318/1/2 1317/1/2 1319/1/2
f 1320/12/2 1321/12/2 1322/12/2
f 1322/12/2 1321/12/2 1323/12/2
f 1324/1/2 1325/1/2 1326/1/2
f 1326/1/2 1325/1/2 1327/1/2
f 1328/12/2 1329/12/2 1330/12/2
f 1330/12/2 1329/12/2 1331/12/2
f 1332/12/2 1333/12/2 1334/12/2
f 1334/12/2 1333/12/2 1335/12/2
f 1336/12/2 1337/12/2 1338/12/2
f 1338/12/2 1337/12/2 1339/12/2
f 1340/12/2 1341/12/2 1342/12/2
f 1342/12/2 1341/12/2 1343/12/2
f 1344/1/2 1345/1/2 1346/1/2
f 1346/1/2 1345/1/2 1347/1/2
f 1348/12/2 1349/12/2 1350/12/2
f 1350/12/2 1349/12/2 1351/12/2
f 1352/1/2 1353/1/2 1354/1/2
f 1354/1/2 1353/1/2 1355/1/2
f 1356/12/2 1357/12/2 1358/12/2
f 1358/12/2 1357/12/2 1359/12/2
f 1360/12/2 1361/12/2 1362/12/2
f 1362/12/2 1361/12/2 1363/12/2
f 1364/1/2 1365/1/2 1366/1/2
f 1366/1/2 1365/1/2 1367/1/2
f 1368/1/2 1369/1/2 1370/1/2
f 1370/1/2 1369/1/2 1371/1/2
f 1372/12/2 1373/12/2 1374/12/2
f 1374/12/2 1373/12/2 1375/12/2
f 1376/12/2 1377/12/2 1378/12/2
f 1378/12/2 1377/12/2 1379/12/2
f 1380/12/2 1381/12/2 1382/12/2
f 1382/12/2 1381/12/2 1383/12/2
f 1384/12/2 1385/12/2 1386/12/2
f 1386/12/2 1385/12/2 1387/12/2
f 1388/1/2 1389/1/2 1390/1/2
f 1390/1/2 1389/1/2 1391/1/2
f 1392/12/2 1393/12/2 1394/12/2
f 1394/12/2 1393/12/2 1395/12/2
f 1396/12/2 1397/12/2 1398/12/2
f 1398/12/2 1397/12/2 1399/12/2
f 1400/1/2 1401/1/2 1402/1/2
f 1402/1/2 1401/1/2 1403/1/2
f 1404/12/2 1405/12/2 1406/12/2
f 1406/12/2 1405/12/2 1407/12/2
f 1408/1/2 1409/1/2 1410/1/2
f 1410/1/2 1409/1/2 1411/1/2
f 1412/12/2 1413/12/2 1414/12/2
f 1414/12/2 1413/12/2 1415/12/2
f 1416/1/2 1417/1/2 1418/1/2
f 1418/1/2 1417/1/2 1419/1/2
f 1420/1/2 1421/1/2 1422/1/2
f 1422/1/2 1421/1/2 1423/1/2
f 1424/1/2 1425/1/2 1426/1/2
f 1426/1/2 1425/1/2 1427/1/2
f 1428/12/2 1429/12/2 1430/12/2
f 1430/12/2 1429/12/2 1431/12/2
f 1432/12/2 1433/12/2 1434/12/2
f 1434/12/2 1433/12/2 1435/12/2
f 1436/12/2 1437/12/2 1438/12/2
f 1438/12/2 1437/12/2 1439/12/2
f 1440/12/2 1441/12/2 1442/12/2
f 1442/12/2 1441/12/2 1443/12/2
f 1444/12/2 1445/12/2 1446/12/2
f 1446/12/2 1445/12/2 1447/12/2
f 1448/12/2 1449/12/2 1450/12/2
f 1450/12/2 1449/12/2 1451/12/2
f 1452/12/2 1453/12/2 1454/12/2
f 1454/12/2 1453/12/2 1455/12/2
f 1456/12/2 1457/12/2 1458/12/2
f 1458/12/2 1457/12/2 1459/12/2
f 1460/12/2 1461/12/2 1462/12/2
f 1462/12/2 1461/12/2 1463/12/2
f 1464/1/2 1465/1/2 1466/1/2
f 1466/1/2 1465/1/2 1467/1/2
f 1468/1/2 1469/1/2 1470/1/2
f 1470/1/2 1469/1/2 1471/1/2
f 1472/1/2 1473/1/2 1474/1/2
f 1474/1/2 1473/1/2 1475/1/2
f 1476/12/2 1477/12/2 1478/12/2
f 1478/12/2 1477/12/2 1479/12/2
f 1480/12/2 1481/12/2 1482/12/2
f 1482/12/2 1481/12/2 1483/12/2
f 1484/1/2 1485/1/2 1486/1/2
f 1486/1/2 1485/1/2 1487/1/2
f 1488/12/2 1489/12/2 1490/12/2
f 1490/12/2 1489/12/2 1491/12/2
f 1492/12/2 1493/12/2 1494/12/2
f 1494/12/2 1493/12/2 1495/12/2
f 1496/12/2 1497/12/2 1498/12/2
f 1498/12/2 1497/12/2 1499/12/2
f 1500/1/2 1501/1/2 1502/1/2
f 1502/1/2 1501/1/2 1503/1/2
f 1504/12/2 1505/12/2 1506/12/2
f 1506/12/2 1505/12/2 1507/12/2
f 1508/1/2 1509/1/2 1510/1/2
f 1510/1/2 1509/1/2 1511/1/2
f 1512/1/2 1513/1/2 1514/1/2
f 1514/1/2 1513/1/2 1515/1/2
f 1516/12/2 1517/12/2 1518/12/2
f 1518/12/2 1517/12/2 1519/12/2
f 1520/12/2 1521/12/2 1522/12/2
f 1522/12/2 1521/12/2 1523/12/2
f 1524/12/2 1525/12/2 1526/12/2
f 1526/12/2 1525/12/2 1527/12/2
f 1528/12/2 1529/12/2 1530/12/2
f 1530/12/2 1529/12/2 1531/12/2
f 1532/12/2 1533/12/2 1534/12/2
f 1534/12/2 1533/12/2 1535/12/2
f 1536/1/2 1537/1/2 1538/1/2
f 1538/1/2 1537/1/2 1539/1/2
f 1540/1/2 1541/1/2 1542/1/2
f 1542/1/2 1541/1/2 1543/1/2
f 1544/12/2 1545/12/2 1546/12/2
f 1546/12/2 1545/12/2 1547/12/2
f 1548/12/2 1549/12/2 1550/12/2
f 1550/12/2 1549/12/2 1551/12/2
f 1552/12/2 1553/12/2 1554/12/2
f 1554/12/2 1553/12/2 1555/12/2
f 1556/1/2 1557/1/2 1558/1/2
f 1558/1/2 1557/1/2 1559/1/2
f 1560/1/2 1561/1/2 1562/1/2
f 1562/1/2 1561/1/2 1563/1/2
f 1564/12/2 1565/12/2 1566/12/2
f 1566/12/2 1565/12/2 1567/12/2
f 1568/1/2 1569/1/2 1570/1/2
f 1570/1/2 1569/1/2 1571/1/2
f 1572/12/2 1573/12/2 1574/12/2
f 1574/12/2 1573/12/2 1575/12/2
f 1576/12/2 1577/12/2 1578/12/2
f 1578/12/2 1577/12/2 1579/12/2
f 1580/12/2 1581/12/2 1582/12/2
f 1582/12/2 1581/12/2 1583/12/2
f 1584/12/2 1585/12/2 1586/12/2
f 1586/12/2 1585/12/2 1587/12/2
f 1588/12/2 1589/12/2 1590/12/2
f 1590/12/2 1589/12/2 1591/12/2
f 1592/12/2 1593/12/2 1594/12/2
f 1594/12/2 1593/12/2 1595/12/2
f 1596/1/2 1597/1/2 1598/1/2
f 1598/1/2 1597/1/2 1599/1/2
f 1600/1/2 1601/1/2 1602/1/2
f 1602/1/2 1601/1/2 1603/1/2
f 1604/12/2 1605/12/2 1606/12/2
f 1606/12/2 1605/12/2 1607/12/2
f 1608/12/2 1609/12/2 1610/12/2
f 1610/12/2 1609/12/2 1611/12/2
f 1612/1/2 1613/1/2 1614/1/2
f 1614/1/2 1613/1/2 1615/1/2
f 1616/12/2 1617/12/2 1618/12/2
f 1618/12/2 1617/12/2 1619/12/2
f 1620/1/2 1621/1/2 1622/1/2
f 1622/1/2 1621/1/2 1623/1/2
f 1624/12/2 1625/12/2 1626/12/2
f 1626/12/2 1625/12/2 1627/12/2
f 1628/1/2 1629/1/2 1630/1/2
f 1630/1/2 1629/1/2 1631/1/2
f 1632/12/2 1633/12/2 1634/12/2
f 1634/12/2 1633/12/2 1635/12/2
f 1636/12/2 1637/12/2 1638/12/2
f 1638/12/2 1637/12/2 1639/12/2
f 1640/12/2 1641/12/2 1642/12/2
f 1642/12/2 1641/12/2 1643/12/2
f 1644/12/2 1645/12/2 1646/12/2
f 1646/12/2 1645/12/2 1647/12/2
f 1648/12/2 1649/12/2 1650/12/2
f 1650/12/2 1649/12/2 1651/12/2
f 1652/12/2 1653/12/2 1654/12/2
f 1654/12/2 1653/12/2 1655/12/2
f 1656/1/2 1657/1/2 1658/1/2
f 1658/1/2 1657/1/2 1659/1/2
f 1660/1/2 1661/1/2 1662/1/2
f 1662/1/2 1661/1/2 1663/1/2
f 1664/12/2 1665/12/2 1666/12/2
f 1666/12/2 1665/12/2 1667/12/2
f 1668/12/2 1669/12/2 1670/12/2
f 1670/12/2 1669/12/2 1671/12/2
f 1672/1/2 1673/1/2 1674/1/2
f 1674/1/2 1673/1/2 1675/1/2
f 1676/12/2 1677/12/2 1678/12/2
f 1678/12/2 1677/12/2 1679/12/2
f 1680/1/2 1681/1/2 1682/1/2
f 1682/1/2 1681/1/2 1683/1/2
f 1684/12/2 1685/12/2 1686/12/2
f 1686/12/2 1685/12/2 1687/12/2
f 1688/1/2 1689/1/2 1690/1/2
f 1690/1/2 1689/1/2 1691/1/2
f 1692/12/2 1693/12/2 1694/12/2
f 1694/12/2 1693/12/2 1695/12/2
f 1696/12/2 1697/12/2 1698/12/2
f 1698/12/2 1697/12/2 1699/12/2
f 1700/12/2 1701/12/2 1702/12/2
f 1702/12/2 1701/12/2 1703/12/2
f 1704/1/2 1705/1/2 1706/1/2
f 1706/1/2 1705/1/2 1707/1/2
f 1708/12/2 1709/12/2 1710/12/2
f 1710/12/2 1709/12/2 1711/12/2
f 1712/12/2 1713/12/2 1714/12/2
f 1714/12/2 1713/12/2 1715/12/2
f 1716/1/2 1717/1/2 1718/1/2
f 1718/1/2 1717/1/2 1719/1/2
f 1720/12/2 1721/12/2 1722/12/2
f 1722/12/2 1721/12/2 1723/12/2
f 1724/12/2 1725/12/2 1726/12/2
f 1726/12/2 1725/12/2 1727/12/2
f 1728/1/2 1729/1/2 1730/1/2
f 1730/1/2 1729/1/2 1731/1/2
f 1732/1/2 1733/1/2 1734/1/2
f 1734/1/2 1733/1/2 1735/1/2
f 1736/1/2 1737/1/2 1738/1/2
f 1738/1/2 1737/1/2 1739/1/2
f 1740/12/2 1741/12/2 1742/12/2
f 1742/12/2 1741/12/2 1743/12/2
f 1744/12/2 1745/12/2 1746/12/2
f 1746/12/2 1745/12/2 1747/12/2
f 1748/12/2 1749/12/2 1750/12/2
f 1750/12/2 1749/12/2 1751/12/2
f 1752/1/2 1753/1/2 1754/1/2
f 1754/1/2 1753/1/2 1755/1/2
f 1756/1/2 1757/1/2 1758/1/2
f 1758/1/2 1757/1/2 1759/1/2
f 1760/1/2 1761/1/2 1762/1/2
f 1762/1/2 1761/1/2 1763/1/2
f 1764/12/2 1765/12/2 1766/12/2
f 1766/12/2 1765/12/2 1767/12/2
f 1768/12/2 1769/12/2 1770/12/2
f 1770/12/2 1769/12/2 1771/12/2
f 1772/1/2 1773/1/2 1774/1/2
f 1774/1/2 1773/1/2 1775/1/2
f 1776/1/2 1777/1/2 1778/1/2
f 1778/1/2 1777/1/2 1779/1/2
f 1780/12/2 1781/12/2 1782/12/2
f 1782/12/2 1781/12/2 1783/12/2
f 1784/1/2 1785/1/2 1786/1/2
f 1786/1/2 1785/1/2 1787/1/2
f 1788/12/2 1789/12/2 1790/12/2
f 1790/12/2 1789/12/2 1791/12/2
f 1792/12/2 1793/12/2 1794/12/2
f 1794/12/2 1793/12/2 1795/12/2
f 1796/12/2 1797/12/2 1798/12/2
f 1798/12/2 1797/12/2 1799/12/2
f 1800/1/2 1801/1/2 1802/1/2
f 1802/1/2 1801/1/2 1803/1/2
f 1804/12/2 1805/12/2 1806/12/2
f 1806/12/2 1805/12/2 1807/12/2
f 1808/1/2 1809/1/2 1810/1/2
f 1810/1/2 1809/1/2 1811/1/2
f 1812/1/2 1813/1/2 1814/1/2
f 1814/1/2 1813/1/2 1815/1/2
f 1816/12/2 1817/12/2 1818/12/2
f 1818/12/2 1817/12/2 1819/12/2
f 1820/12/2 1821/12/2 1822/12/2
f 1822/12/2 1821/12/2 1823/12/2
f 1824/1/2 1825/1/2 1826/1/2
f 1826/1/2 1825/1/2 1827/1/2
f 1828/12/2 1829/12/2 1830/12/2
f 1830/12/2 1829/12/2 1831/12/2
f 1832/12/2 1833/12/2 1834/12/2
f 1834/12/2 1833/12/2 1835/12/2
f 1836/1/2 1837/1/2 1838/1/2
f 1838/1/2 1837/1/2 1839/1/2
f 1840/12/2 1841/12/2 1842/12/2
f 1842/12/2 1841/12/2 1843/12/2
f 1844/1/2 1845/1/2 1846/1/2
f 1846/1/2 1845/1/2 1847/1/2
f 1848/12/2 1849/12/2 1850/12/2
f 1850/12/2 1849/12/2 1851/12/2
f 1852/1/2 1853/1/2 1854/1/2
f 1854/1/2 1853/1/2 1855/1/2
f 1856/12/2 1857/12/2 1858/12/2
f 1858/12/2 1857/12/2 1859/12/2
f 1860/12/2 1861/12/2 1862/12/2
f 1862/12/2 1861/12/2 1863/12/2
f 1864/1/2 1865/1/2 1866/1/2
f 1866/1/2 1865/1/2 1867/1/2
f 1868/12/2 1869/12/2 1870/12/2
f 1870/12/2 1869/12/2 1871/12/2
f 1872/12/2 1873/12/2 1874/12/2
f 1874/12/2 1873/12/2 1875/12/2
f 1876/12/2 1877/12/2 1878/12/2
f 1878/12/2 1877/12/2 1879/12/2
f 1880/1/2 1881/1/2 1882/1/2
f 1882/1/2 1881/1/2 1883/1/2
f 1884/12/2 1885/12/2 1886/12/2
f 1886/12/2 1885/12/2 1887/12/2
f 1888/12/2 1889/12/2 1890/12/2
f 1890/12/2 1889/12/2 1891/12/2
f 1892/1/2 1893/1/2 1894/1/2
f 1894/1/2 1893/1/2 1895/1/2
f 1896/12/2 1897/12/2 1898/12/2
f 1898/12/2 1897/12/2 1899/12/2
f 1900/12/2 1901/12/2 1902/12/2
f 1902/12/2 1901/12/2 1903/12/2
f 1904/1/2 1905/1/2 1906/1/2
f 1906/1/2 1905/1/2 1907/1/2
f 1908/12/2 1909/12/2 1910/12/2
f 1910/12/2 1909/12/2 1911/12/2
f 1912/12/2 1913/12/2 1914/12/2
f 1914/12/2 1913/12/2 1915/12/2
f 1916/12/2 1917/12/2 1918/12/2
f 1918/12/2 1917/12/2 1919/12/2
f 1920/1/2 1921/1/2 1922/1/2
f 1922/1/2 1921/1/2 1923/1/2
f 1924/12/2 1925/12/2 1926/12/2
f 1926/12/2 1925/12/2 1927/12/2
f 1928/12/2 1929/12/2 1930/12/2
f 1930/12/2 1929/12/2 1931/12/2
f 1932/12/2 1933/12/2 1934/12/2
f 1934/12/2 1933/12/2 1935/12/2
f 1936/12/2 1937/12/2 1938/12/2
f 1938/12/2 1937/12/2 1939/12/2
f 1940/1/2 1941/1/2 1942/1/2
f 1942/1/2 1941/1/2 1943/1/2
f 1944/1/2 1945/1/2 1946/1/2
f 1946/1/2 1945/1/2 1947/1/2
f 1948/1/2 1949/1/2 1950/1/2
f 1950/1/2 1949/1/2 1951/1/2
f 1952/12/2 1953/12/2 1954/12/2
f 1954/12/2 1953/12/2 1955/12/2
f 1956/12/2 1957/12/2 1958/12/2
f 1958/12/2 1957/12/2 1959/12/2
f 1960/12/2 1961/12/2 1962/12/2
f 1962/12/2 1961/12/2 1963/12/2
f 1964/12/2 1965/12/2 1966/12/2
f 1966/12/2 1965/12/2 1967/12/2
f 1968/1/2 1969/1/2 1970/1/2
f 1970/1/2 1969/1/2 1971/1/2
f 1972/12/2 1973/12/2 1974/12/2
f 1974/12/2 1973/12/2 1975/12/2
f 1976/12/2 1977/12/2 1978/12/2
f 1978/12/2 1977/12/2 1979/12/2
f 1980/1/2 1981/1/2 1982/1/2
f 1982/1/2 1981/1/2 1983/1/2
f 1984/12/2 1985/12/2 1986/12/2
f 1986/12/2 1985/12/2 1987/12/2
f 1988/1/2 1989/1/2 1990/1/2
f 1990/1/2 1989/1/2 1991/1/2
f 1992/1/2 1993/1/2 1994/1/2
f 1994/1/2 1993/1/2 1995/1/2
f 1996/12/2 1997/12/2 1998/12/2
f 1998/12/2 1997/12/2 1999/12/2
f 2000/12/2 2001/12/2 2002/12/2
f 2002/12/2 2001/12/2 2003/12/2
f 2004/1/2 2005/1/2 2006/1/2
f 2006/1/2 2005/1/2 2007/1/2
f 2008/1/2 2009/1/2 2010/1/2
f 2010/1/2 2009/1/2 2011/1/2
f 2012/12/2 2013/12/2 2014/12/2
f 2014/12/2 2013/12/2 2015/12/2
f 2016/12/2 2017/12/2 2018/12/2
f 2018/12/2 2017/12/2 2019/12/2
f 2020/1/2 2021/1/2 2022/1/2
f 2022/1/2 2021/1/2 2023/1/2
f 2024/1/2 2025/1/2 2026/1/2
f 2026/1/2 2025/1/2 2027/1/2
f 2028/12/2 2029/12/2 2030/12/2
f 2030/12/2 2029/12/2 2031/12/2
f 2032/1/2 2033/1/2 2034/1/2
f 2034/1/2 2033/1/2 2035/1/2
f 2036/12/2 2037/12/2 2038/12/2
f 2038/12/2 2037/12/2 2039/12/2
f 2040/12/2 2041/12/2 2042/12/2
f 2042/12/2 2041/12/2 2043/12/2
f 2044/12/2 2045/12/2 2046/12/2
f 2046/12/2 2045/12/2 2047/12/2
f 2048/12/2 2049/12/2 2050/12/2
f 2050/12/2 2049/12/2 2051/12/2
f 2052/12/2 2053/12/2 2054/12/2
f 2054/12/2 2053/12/2 2055/12/2
f 2056/12/2 2057/12/2 2058/12/2
f 2058/12/2 2057/12/2 2059/12/2
f 2060/12/2 2061/12/2 2062/12/2
f 2062/12/2 2061/12/2 2063/12/2
f 2064/12/2 2065/12/2 2066/12/2
f 2066/12/2 2065/12/2 2067/12/2
f 2068/12/2 2069/12/2 2070/12/2
f 2070/12/2 2069/12/2 2071/12/2
f 2072/12/2 2073/12/2 2074/12/2
f 2074/12/2 2073/12/2 2075/12/2
f 2076/12/2 2077/12/2 2078/12/2
f 2078/12/2 2077/12/2 2079/12/2
f 2080/12/2 2081/12/2 2082/12/2
f 2082/12/2 2081/12/2 2083/12/2
f 2084/12/2 2085/12/2 2086/12/2
f 2086/12/2 2085/12/2 2087/12/2
f 2088/12/2 2089/12/2 2090/12/2
f 2090/12/2 2089/12/2 2091/12/2
f 2092/12/2 2093/12/2 2094/12/2
f 2094/12/2 2093/12/2 2095/12/2
f 2096/12/2 2097/12/2 2098/12/2
f 2098/12/2 2097/12/2 2099/12/2
f 2100/12/2 2101/12/2 2102/12/2
f 2102/12/2 2101/12/2 2103/12/2
f 2104/12/2 2105/12/2 2106/12/2
f 2106/12/2 2105/12/2 2107/12/2
f 2108/12/2 2109/12/2 2110/12/2
f 2110/12/2 2109/12/2 2111/12/2
f 2112/12/2 2113/12/2 2114/12/2
f 2114/12/2 2113/12/2 2115/12/2
f 2116/12/2 2117/12/2 2118/12/2
f 2118/12/2 2117/12/2 2119/12/2
f 2120/1/2 2121/1/2 2122/1/2
f 2122/1/2 2121/1/2 2123/1/2
f 2124/12/2 2125/12/2 2126/12/2
f 2126/12/2 2125/12/2 2127/12/2
f 2128/12/2 2129/12/2 2130/12/2
f 2130/12/2 2129/12/2 2131/12/2
f 2132/12/2 2133/12/2 2134/12/2
f 2134/12/2 2133/12/2 2135/12/2
f 2136/6/2 2137/6/2 2138/6/2
f 2138/6/2 2137/6/2 2139/6/2
f 2140/12/2 2141/12/2 2142/12/2
f 2142/12/2 2141/12/2 2143/12/2
f 2144/1/2 2145/1/2 2146/1/2
f 2146/1/2 2145/1/2 2147/1/2
f 2148/12/2 2149/12/2 2150/12/2
f 2150/12/2 2149/12/2 2151/12/2
f 2152/12/2 2153/12/2 2154/12/2
f 2154/12/2 2153/12/2 2155/12/2
f 2156/12/2 2157/12/2 2158/12/2
f 2158/12/2 2157/12/2 2159/12/2
f 2160/12/2 2161/12/2 2162/12/2
f 2162/12/2 2161/12/2 2163/12/2
f 2164/12/2 2165/12/2 2166/12/2
f 2166/12/2 2165/12/2 2167/12/2
f 2168/12/2 2169/12/2 2170/12/2
f 2170/12/2 2169/12/2 2171/12/2
f 2172/1/2 2173/1/2 2175/1/2
f 2175/1/2 2173/1/2 2176/1/2
f 2176/1/2 2173/1/2 2177/1/2
f 2173/12/2 2174/12/2 2178/12/2
f 2177/1/2 2173/1/2 2178/1/2
f 2176/1/2 2177/1/2 2179/1/2
f 2179/1/2 2177/1/2 2180/1/2
f 2180/1/2 2177/1/2 2181/1/2
f 2181/1/2 2177/1/2 2182/1/2
f 2182/1/2 2177/1/2 2183/1/2
f 2183/1/2 2177/1/2 2184/1/2
f 2184/1/2 2177/1/2 2185/1/2
f 2185/1/2 2177/1/2 2186/1/2
f 2186/1/2 2177/1/2 2187/1/2
f 2177/12/2 2178/12/2 2188/12/2
f 2187/1/2 2177/1/2 2188/1/2
f 2178/12/2 2174/12/2 2189/12/2
f 2188/12/2 2178/12/2 2189/12/2
f 2189/12/2 2174/12/2 2190/12/2
f 2190/12/2 2174/12/2 2191/12/2
f 2191/12/2 2174/12/2 2192/12/2
f 2192/12/2 2174/12/2 2193/12/2
f 2193/12/2 2174/12/2 2194/12/2
f 2194/12/2 2174/12/2 2195/12/2
f 2195/12/2 2174/12/2 2196/12/2
f 2196/12/2 2174/12/2 2197/12/2
f 2197/12/2 2174/12/2 2198/12/2
f 2198/12/2 2174/12/2 2199/12/2
f 2199/12/2 2174/12/2 2200/12/2
f 2200/12/2 2174/12/2 2201/12/2
f 2204/1/3 2203/1/3 2202/1/3
f 2205/1/3 2203/1/3 2204/1/3
f 2208/1/3 2207/1/3 2206/1/3
f 2209/1/3 2207/1/3 2208/1/3
f 2212/1/3 2211/1/3 2210/1/3
f 2213/1/3 2211/1/3 2212/1/3
f 2216/1/3 2215/1/3 2214/1/3
f 2217/1/3 2215/1/3 2216/1/3
f 2220/1/3 2219/1/3 2218/1/3
f 2221/1/3 2219/1/3 2220/1/3
f 2224/1/3 2223/1/3 2222/1/3
f 2225/1/3 2223/1/3 2224/1/3
f 2228/1/3 2227/1/3 2226/1/3
f 2229/1/3 2227/1/3 2228/1/3
f 2232/1/3 2231/1/3 2230/1/3
f 2233/1/3 2231/1/3 2232/1/3
f 2236/1/3 2235/1/3 2234/1/3
f 2237/1/3 2235/1/3 2236/1/3
f 2240/1/3 2239/1/3 2238/1/3
f 2241/1/3 2239/1/3 2240/1/3
f 2244/1/3 2243/1/3 2242/1/3
f 2245/1/3 2243/1/3 2244/1/3
f 2248/1/3 2247/1/3 2246/1/3
f 2249/1/3 2247/1/3 2248/1/3
f 2252/1/3 2251/1/3 2250/1/3
f 2253/1/3 2251/1/3 2252/1/3
f 2256/1/3 2255/1/3 2254/1/3
f 2257/1/3 2255/1/3 2256/1/3
f 2260/1/3 2259/1/3 2258/1/3
f 2261/1/3 2259/1/3 2260/1/3
f 2264/1/3 2263/1/3 2262/1/3
f 2265/1/3 2263/1/3 2264/1/3
f 2268/1/3 2267/1/3 2266/1/3
f 2269/1/3 2267/1/3 2268/1/3
f 2272/1/3 2271/1/3 2270/1/3
f 2273/1/3 2271/1/3 2272/1/3
f 2276/1/3 2275/1/3 2274/1/3
f 2277/1/3 2275/1/3 2276/1/3
f 2280/1/3 2279/1/3 2278/1/3
f 2281/1/3 2279/1/3 2280/1/3
f 2284/1/3 2283/1/3 2282/1/3
f 2285/1/3 2283/1/3 2284/1/3
f 2288/1/3 2287/1/3 2286/1/3
f 2289/1/3 2287/1/3 2288/1/3
f 2292/1/3 2291/1/3 2290/1/3
f 2293/1/3 2291/1/3 2292/1/3
f 2296/1/3 2295/1/3 2294/1/3
f 2297/1/3 2295/1/3 2296/1/3
f 2300/1/3 2299/1/3 2298/1/3
f 2301/1/3 2299/1/3 2300/1/3
f 2304/1/3 2303/1/3 2302/1/3
f 2305/1/3 2303/1/3 2304/1/3
f 2308/1/3 2307/1/3 2306/1/3
f 2309/1/3 2307/1/3 2308/1/3
f 2312/1/3 2311/1/3 2310/1/3
f 2313/1/3 2311/1/3 2312/1/3
f 2316/1/3 2315/1/3 2314/1/3
f 2317/1/3 2315/1/3 2316/1/3
f 2318/1/3 2315/1/3 2317/1/3
f 2321/1/3 2320/1/3 2319/1/3
f 2322/1/3 2320/1/3 2321/1/3
f 2325/1/3 2324/1/3 2323/1/3
f 2326/1/3 2324/1/3 2325/1/3
f 2329/1/3 2328/1/3 2327/1/3
f 2330/1/3 2328/1/3 2329/1/3
f 2333/1/3 2332/1/3 2331/1/3
f 2334/1/3 2332/1/3 2333/1/3
f 2337/1/3 2336/1/3 2335/1/3
f 2338/1/3 2336/1/3 2337/1/3
f 2341/1/3 2340/1/3 2339/1/3
f 2342/1/3 2340/1/3 2341/1/3
f 2345/1/3 2344/1/3 2343/1/3
f 2346/1/3 2344/1/3 2345/1/3
f 2349/1/3 2348/1/3 2347/1/3
f 2350/1/3 2348/1/3 2349/1/3
f 2353/1/3 2352/1/3 2351/1/3
f 2354/1/3 2352/1/3 2353/1/3
f 2357/1/3 2356/1/3 2355/1/3
f 2358/1/3 2356/1/3 2357/1/3
f 2361/1/3 2360/1/3 2359/1/3
f 2362/1/3 2360/1/3 2361/1/3
f 2365/1/3 2364/1/3 2363/1/3
f 2366/1/3 2364/1/3 2365/1/3
f 2369/1/3 2368/1/3 2367/1/3
f 2370/1/3 2368/1/3 2369/1/3
f 2373/1/3 2372/1/3 2371/1/3
f 2374/1/3 2372/1/3 2373/1/3
f 2377/1/3 2376/1/3 2375/1/3
f 2378/1/3 2376/1/3 2377/1/3
f 2381/1/3 2380/1/3 2379/1/3
f 2382/1/3 2380/1/3 2381/1/3
f 2385/1/3 2384/1/3 2383/1/3
f 2386/1/3 2384/1/3 2385/1/3
f 2389/1/3 2388/1/3 2387/1/3
f 2390/1/3 2388/1/3 2389/1/3
f 2393/1/3 2392/1/3 2391/1/3
f 2394/1/3 2392/1/3 2393/1/3
f 2397/1/3 2396/1/3 2395/1/3
f 2398/1/3 2396/1/3 2397/1/3
f 2401/1/3 2400/1/3 2399/1/3
f 2402/1/3 2400/1/3 2401/1/3
f 2405/1/3 2404/1/3 2403/1/3
f 2406/1/3 2404/1/3 2405/1/3
f 2409/1/3 2408/1/3 2407/1/3
f 2410/1/3 2408/1/3 2409/1/3
f 2413/1/3 2412/1/3 2411/1/3
f 2414/1/3 2412/1/3 2413/1/3
f 2417/1/3 2416/1/3 2415/1/3
f 2418/1/3 2416/1/3 2417/1/3
f 2421/1/3 2420/1/3 2419/1/3
f 2422/1/3 2420/1/3 2421/1/3
f 2425/1/3 2424/1/3 2423/1/3
f 2426/1/3 2424/1/3 2425/1/3
f 2429/1/3 2428/1/3 2427/1/3
f 2430/1/3 2428/1/3 2429/1/3
f 2433/1/3 2432/1/3 2431/1/3
f 2434/1/3 2432/1/3 2433/1/3
f 2437/1/3 2436/1/3 2435/1/3
f 2438/1/3 2436/1/3 2437/1/3
f 2441/1/3 2440/1/3 2439/1/3
f 2442/1/3 2440/1/3 2441/1/3
f 2445/1/3 2444/1/3 2443/1/3
f 2446/1/3 2444/1/3 2445/1/3
f 2449/1/3 2448/1/3 2447/1/3
f 2450/1/3 2448/1/3 2449/1/3
f 2453/1/3 2452/1/3 2451/1/3
f 2454/1/3 2452/1/3 2453/1/3
f 2457/1/3 2456/1/3 2455/1/3
f 2458/1/3 2456/1/3 2457/1/3
f 2461/1/3 2460/1/3 2459/1/3
f 2462/1/3 2460/1/3 2461/1/3
f 2465/1/3 2464/1/3 2463/1/3
f 2466/1/3 2464/1/3 2465/1/3
f 2467/5/3 2466/5/3 2465/5/3
f 2468/5/3 2466/5/3 2467/5/3
f 2471/1/3 2470/1/3 2469/1/3
f 2472/1/3 2470/1/3 2471/1/3
f 2475/1/3 2474/1/3 2473/1/3
f 2476/1/3 2474/1/3 2475/1/3
f 2479/1/3 2478/1/3 2477/1/3
f 2480/1/3 2478/1/3 2479/1/3
f 2483/1/3 2482/1/3 2481/1/3
f 2484/1/3 2482/1/3 2483/1/3
f 2487/1/3 2486/1/3 2485/1/3
f 2488/1/3 2486/1/3 2487/1/3
f 2491/1/3 2490/1/3 2489/1/3
f 2492/1/3 2490/1/3 2491/1/3
f 2495/1/3 2494/1/3 2493/1/3
f 2496/1/3 2494/1/3 2495/1/3
f 2499/1/3 2498/1/3 2497/1/3
f 2500/1/3 2498/1/3 2499/1/3
f 2503/1/3 2502/1/3 2501/1/3
f 2504/1/3 2502/1/3 2503/1/3
f 2507/1/3 2506/1/3 2505/1/3
f 2508/1/3 2506/1/3 2507/1/3
f 2511/1/3 2510/1/3 2509/1/3
f 2512/1/3 2510/1/3 2511/1/3
f 2515/1/3 2514/1/3 2513/1/3
f 2516/1/3 2514/1/3 2515/1/3
f 2519/1/3 2518/1/3 2517/1/3
f 2520/1/3 2518/1/3 2519/1/3
f 2523/1/3 2522/1/3 2521/1/3
f 2524/1/3 2522/1/3 2523/1/3
f 2527/1/3 2526/1/3 2525/1/3
f 2528/1/3 2526/1/3 2527/1/3
f 2531/1/3 2530/1/3 2529/1/3
f 2532/1/3 2530/1/3 2531/1/3
f 2535/1/3 2534/1/3 2533/1/3
f 2536/1/3 2534/1/3 2535/1/3
f 2539/1/3 2538/1/3 2537/1/3
f 2540/1/3 2538/1/3 2539/1/3
f 2543/1/3 2542/1/3 2541/1/3
f 2544/1/3 2542/1/3 2543/1/3
f 2547/1/3 2546/1/3 2545/1/3
f 2548/1/3 2546/1/3 2547/1/3
f 2549/3/3 2548/3/3 2547/3/3
f 2550/3/3 2548/3/3 2549/3/3
f 2553/1/3 2552/1/3 2551/1/3
f 2554/1/3 2552/1/3 2553/1/3
f 2557/1/3 2556/1/3 2555/1/3
f 2558/1/3 2556/1/3 2557/1/3
f 2561/1/3 2560/1/3 2559/1/3
f 2562/1/3 2560/1/3 2561/1/3
f 2565/1/3 2564/1/3 2563/1/3
f 2566/1/3 2564/1/3 2565/1/3
f 2569/1/3 2568/1/3 2567/1/3
f 2570/1/3 2568/1/3 2569/1/3
f 2573/1/3 2572/1/3 2571/1/3
f 2574/1/3 2572/1/3 2573/1/3
f 2577/1/3 2576/1/3 2575/1/3
f 2578/1/3 2576/1/3 2577/1/3
f 2581/1/3 2580/1/3 2579/1/3
f 2582/1/3 2580/1/3 2581/1/3
f 2585/1/3 2584/1/3 2583/1/3
f 2586/1/3 2584/1/3 2585/1/3
f 2589/1/3 2588/1/3 2587/1/3
f 2590/1/3 2588/1/3 2589/1/3
f 2593/1/3 2592/1/3 2591/1/3
f 2594/1/3 2592/1/3 2593/1/3
f 2597/1/3 2596/1/3 2595/1/3
f 2598/1/3 2596/1/3 2597/1/3
f 2601/1/3 2600/1/3 2599/1/3
f 2602/1/3 2600/1/3 2601/1/3
f 2605/1/3 2604/1/3 2603/1/3
f 2606/1/3 2604/1/3 2605/1/3
f 2609/1/3 2608/1/3 2607/1/3
f 2610/1/3 2608/1/3 2609/1/3
f 2613/1/3 2612/1/3 2611/1/3
f 2614/1/3 2612/1/3 2613/1/3
f 2617/1/3 2616/1/3 2615/1/3
f 2618/1/3 2616/1/3 2617/1/3
f 2621/1/3 2620/1/3 2619/1/3
f 2622/1/3 2620/1/3 2621/1/3
f 2625/1/3 2624/1/3 2623/1/3
f 2626/1/3 2624/1/3 2625/1/3
f 2629/1/3 2628/1/3 2627/1/3
f 2630/1/3 2628/1/3 2629/1/3
f 2633/1/3 2632/1/3 2631/1/3
f 2634/1/3 2632/1/3 2633/1/3
f 2637/1/3 2636/1/3 2635/1/3
f 2638/1/3 2636/1/3 2637/1/3
f 2641/1/3 2640/1/3 2639/1/3
f 2642/1/3 2640/1/3 2641/1/3
f 2645/1/3 2644/1/3 2643/1/3
f 2646/1/3 2644/1/3 2645/1/3
f 2649/1/3 2648/1/3 2647/1/3
f 2650/1/3 2648/1/3 2649/1/3
f 2653/1/3 2652/1/3 2651/1/3
f 2654/1/3 2652/1/3 2653/1/3
f 2657/1/3 2656/1/3 2655/1/3
f 2658/1/3 2656/1/3 2657/1/3
f 2661/1/3 2660/1/3 2659/1/3
f 2662/1/3 2660/1/3 2661/1/3
f 2665/1/3 2664/1/3 2663/1/3
f 2666/1/3 2664/1/3 2665/1/3
f 2669/1/3 2668/1/3 2667/1/3
f 2670/1/3 2668/1/3 2669/1/3
f 2673/1/3 2672/1/3 2671/1/3
f 2674/1/3 2672/1/3 2673/1/3
f 2675/5/3 2674/5/3 2673/5/3
f 2676/5/3 2674/5/3 2675/5/3
f 2677/1/3 2676/1/3 2675/1/3
f 2678/1/3 2676/1/3 2677/1/3
f 2681/1/3 2680/1/3 2679/1/3
f 2682/1/3 2680/1/3 2681/1/3
f 2685/1/3 2684/1/3 2683/1/3
f 2686/1/3 2684/1/3 2685/1/3
f 2689/1/3 2688/1/3 2687/1/3
f 2690/1/3 2688/1/3 2689/1/3
f 2693/1/3 2692/1/3 2691/1/3
f 2694/1/3 2692/1/3 2693/1/3
f 2697/1/3 2696/1/3 2695/1/3
f 2698/1/3 2696/1/3 2697/1/3
f 2701/1/3 2700/1/3 2699/1/3
f 2702/1/3 2700/1/3 2701/1/3
f 2705/1/3 2704/1/3 2703/1/3
f 2706/1/3 2704/1/3 2705/1/3
f 2709/1/3 2708/1/3 2707/1/3
f 2710/1/3 2708/1/3 2709/1/3
f 2713/1/3 2712/1/3 2711/1/3
f 2714/1/3 2712/1/3 2713/1/3
f 2717/1/3 2716/1/3 2715/1/3
f 2718/1/3 2716/1/3 2717/1/3
f 2721/1/3 2720/1/3 2719/1/3
f 2722/1/3 2720/1/3 2721/1/3
f 2725/1/3 2724/1/3 2723/1/3
f 2726/1/3 2724/1/3 2725/1/3
f 2729/1/3 2728/1/3 2727/1/3
f 2730/1/3 2728/1/3 2729/1/3
f 2733/1/3 2732/1/3 2731/1/3
f 2734/1/3 2732/1/3 2733/1/3
f 2737/1/3 2736/1/3 2735/1/3
f 2738/1/3 2736/1/3 2737/1/3
f 2741/1/3 2740/1/3 2739/1/3
f 2742/1/3 2740/1/3 2741/1/3
f 2745/1/3 2744/1/3 2743/1/3
f 2746/1/3 2744/1/3 2745/1/3
f 2749/1/3 2748/1/3 2747/1/3
f 2750/1/3 2748/1/3 2749/1/3
f 2753/1/3 2752/1/3 2751/1/3
f 2754/1/3 2752/1/3 2753/1/3
f 2757/1/3 2756/1/3 2755/1/3
f 2758/1/3 2756/1/3 2757/1/3
f 2761/1/3 2760/1/3 2759/1/3
f 2762/1/3 2760/1/3 2761/1/3
f 2765/1/3 2764/1/3 2763/1/3
f 2766/1/3 2764/1/3 2765/1/3
f 2769/1/3 2768/1/3 2767/1/3
f 2770/1/3 2768/1/3 2769/1/3
f 2773/1/3 2772/1/3 2771/1/3
f 2774/1/3 2772/1/3 2773/1/3
f 2777/1/3 2776/1/3 2775/1/3
f 2778/1/3 2776/1/3 2777/1/3
f 2781/1/3 2780/1/3 2779/1/3
f 2782/1/3 2780/1/3 2781/1/3
f 2785/1/3 2784/1/3 2783/1/3
f 2786/1/3 2784/1/3 2785/1/3
f 2789/1/3 2788/1/3 2787/1/3
f 2790/1/3 2788/1/3 2789/1/3
f 2791/1/3 2788/1/3 2790/1/3
f 2794/1/3 2793/1/3 2792/1/3
f 2795/1/3 2793/1/3 2794/1/3
f 2798/1/3 2797/1/3 2796/1/3
f 2799/1/3 2797/1/3 2798/1/3
f 2800/1/3 2797/1/3 2799/1/3
f 2801/1/3 2797/1/3 2800/1/3
f 2804/1/3 2803/1/3 2802/1/3
f 2805/1/3 2803/1/3 2804/1/3
f 2808/1/3 2807/1/3 2806/1/3
f 2809/1/3 2807/1/3 2808/1/3
f 2812/1/3 2811/1/3 2810/1/3
f 2813/1/3 2811/1/3 2812/1/3
f 2816/1/3 2815/1/3 2814/1/3
f 2817/1/3 2815/1/3 2816/1/3
f 2820/1/3 2819/1/3 2818/1/3
f 2821/1/3 2819/1/3 2820/1/3
f 2824/1/3 2823/1/3 2822/1/3
f 2825/1/3 2823/1/3 2824/1/3
f 2828/1/3 2827/1/3 2826/1/3
f 2829/1/3 2827/1/3 2828/1/3
f 2830/4/3 2829/4/3 2828/4/3
f 2831/4/3 2829/4/3 2830/4/3
f 2832/1/3 2831/1/3 2830/1/3
f 2833/1/3 2831/1/3 2832/1/3
f 2836/1/3 2835/1/3 2834/1/3
f 2837/1/3 2835/1/3 2836/1/3
f 2840/1/3 2839/1/3 2838/1/3
f 2841/1/3 2839/1/3 2840/1/3
f 2844/1/3 2843/1/3 2842/1/3
f 2845/1/3 2843/1/3 2844/1/3
f 2846/4/3 2845/4/3 2844/4/3
f 2847/4/3 2845/4/3 2846/4/3
f 2850/1/3 2849/1/3 2848/1/3
f 2851/1/3 2849/1/3 2850/1/3
f 2854/1/3 2853/1/3 2852/1/3
f 2855/1/3 2853/1/3 2854/1/3
f 2858/1/3 2857/1/3 2856/1/3
f 2859/1/3 2857/1/3 2858/1/3
f 2862/1/3 2861/1/3 2860/1/3
f 2863/1/3 2861/1/3 2862/1/3
f 2866/1/3 2865/1/3 2864/1/3
f 2867/1/3 2865/1/3 2866/1/3
f 2870/1/3 2869/1/3 2868/1/3
f 2871/1/3 2869/1/3 2870/1/3
f 2872/1/3 2869/1/3 2871/1/3
f 2875/1/3 2874/1/3 2873/1/3
f 2876/1/3 2874/1/3 2875/1/3
f 2879/1/3 2878/1/3 2877/1/3
f 2880/1/3 2878/1/3 2879/1/3
f 2883/1/3 2882/1/3 2881/1/3
f 2884/1/3 2882/1/3 2883/1/3
f 2887/1/3 2886/1/3 2885/1/3
f 2888/1/3 2886/1/3 2887/1/3
f 2891/1/3 2890/1/3 2889/1/3
f 2892/1/3 2890/1/3 2891/1/3
f 2895/1/3 2894/1/3 2893/1/3
f 2896/1/3 2894/1/3 2895/1/3
f 2899/1/3 2898/1/3 2897/1/3
f 2900/1/3 2898/1/3 2899/1/3
f 2903/1/3 2902/1/3 2901/1/3
f 2904/1/3 2902/1/3 2903/1/3
f 2907/1/3 2906/1/3 2905/1/3
f 2908/1/3 2906/1/3 2907/1/3
f 2911/1/3 2910/1/3 2909/1/3
f 2912/1/3 2910/1/3 2911/1/3
f 2915/1/3 2914/1/3 2913/1/3
f 2916/1/3 2914/1/3 2915/1/3
f 2919/1/3 2918/1/3 2917/1/3
f 2920/1/3 2918/1/3 2919/1/3
f 2921/1/3 2918/1/3 2920/1/3
f 2924/1/3 2923/1/3 2922/1/3
f 2925/1/3 2923/1/3 2924/1/3
f 2928/1/3 2927/1/3 2926/1/3
f 2929/1/3 2927/1/3 2928/1/3
f 2932/1/3 2931/1/3 2930/1/3
f 2933/1/3 2931/1/3 2932/1/3
f 2934/1/3 2931/1/3 2933/1/3
f 2937/1/3 2936/1/3 2935/1/3
f 2938/1/3 2936/1/3 2937/1/3
f 2941/1/3 2940/1/3 2939/1/3
f 2942/1/3 2940/1/3 2941/1/3
f 2945/1/3 2944/1/3 2943/1/3
f 2946/1/3 2944/1/3 2945/1/3
f 2949/1/3 2948/1/3 2947/1/3
f 2950/1/3 2948/1/3 2949/1/3
f 2953/1/3 2952/1/3 2951/1/3
f 2954/1/3 2952/1/3 2953/1/3
f 2957/1/3 2956/1/3 2955/1/3
f 2958/1/3 2956/1/3 2957/1/3
f 2961/1/3 2960/1/3 2959/1/3
f 2962/1/3 2960/1/3 2961/1/3
f 2965/1/3 2964/1/3 2963/1/3
f 2966/1/3 2964/1/3 2965/1/3
f 2969/1/3 2968/1/3 2967/1/3
f 2970/1/3 2968/1/3 2969/1/3
f 2973/1/3 2972/1/3 2971/1/3
f 2974/1/3 2972/1/3 2973/1/3
f 2977/1/3 2976/1/3 2975/1/3
f 2978/1/3 2976/1/3 2977/1/3
f 2981/1/3 2980/1/3 2979/1/3
f 2982/1/3 2980/1/3 2981/1/3
f 2985/1/3 2984/1/3 2983/1/3
f 2986/1/3 2984/1/3 2985/1/3
f 2989/1/3 2988/1/3 2987/1/3
f 2990/1/3 2988/1/3 2989/1/3
f 2993/1/3 2992/1/3 2991/1/3
f 2994/1/3 2992/1/3 2993/1/3
f 2995/2/3 2994/2/3 2993/2/3
f 2996/2/3 2994/2/3 2995/2/3
f 2997/1/3 2996/1/3 2995/1/3
f 2998/1/3 2996/1/3 2997/1/3
f 3001/1/3 3000/1/3 2999/1/3
f 3002/1/3 3000/1/3 3001/1/3
f 3005/1/3 3004/1/3 3003/1/3
f 3006/1/3 3004/1/3 3005/1/3
f 3009/1/3 3008/1/3 3007/1/3
f 3010/1/3 3008/1/3 3009/1/3
f 3013/1/3 3012/1/3 3011/1/3
f 3014/1/3 3012/1/3 3013/1/3
f 3017/1/3 3016/1/3 3015/1/3
f 3018/1/3 3016/1/3 3017/1/3
f 3021/1/3 3020/1/3 3019/1/3
f 3022/1/3 3020/1/3 3021/1/3
f 3025/1/3 3024/1/3 3023/1/3
f 3026/1/3 3024/1/3 3025/1/3
f 3029/1/3 3028/1/3 3027/1/3
f 3030/1/3 3028/1/3 3029/1/3
f 3031/1/3 3028/1/3 3030/1/3
f 3032/1/3 3028/1/3 3031/1/3
f 3035/1/3 3034/1/3 3033/1/3
f 3036/1/3 3034/1/3 3035/1/3
f 3039/1/3 3038/1/3 3037/1/3
f 3040/1/3 3038/1/3 3039/1/3
f 3043/1/3 3042/1/3 3041/1/3
f 3044/1/3 3042/1/3 3043/1/3
f 3047/1/3 3046/1/3 3045/1/3
f 3048/1/3 3046/1/3 3047/1/3
f 3049/1/3 3046/1/3 3048/1/3
f 3050/1/3 3046/1/3 3049/1/3
f 3053/1/3 3052/1/3 3051/1/3
f 3054/1/3 3052/1/3 3053/1/3
f 3057/1/3 3056/1/3 3055/1/3
f 3058/1/3 3056/1/3 3057/1/3
f 3061/1/3 3060/1/3 3059/1/3
f 3062/1/3 3060/1/3 3061/1/3
f 3065/1/3 3064/1/3 3063/1/3
f 3066/1/3 3064/1/3 3065/1/3
f 3069/1/3 3068/1/3 3067/1/3
f 3070/1/3 3068/1/3 3069/1/3
f 3073/1/3 3072/1/3 3071/1/3
f 3074/1/3 3072/1/3 3073/1/3
f 3077/1/3 3076/1/3 3075/1/3
f 3078/1/3 3076/1/3 3077/1/3
f 3081/1/3 3080/1/3 3079/1/3
f 3082/1/3 3080/1/3 3081/1/3
f 3085/1/3 3084/1/3 3083/1/3
f 3086/1/3 3084/1/3 3085/1/3
f 3089/1/3 3088/1/3 3087/1/3
f 3090/1/3 3088/1/3 3089/1/3
f 3093/1/3 3092/1/3 3091/1/3
f 3094/1/3 3092/1/3 3093/1/3
f 3097/1/3 3096/1/3 3095/1/3
f 3098/1/3 3096/1/3 3097/1/3
f 3101/1/3 3100/1/3 3099/1/3
f 3102/1/3 3100/1/3 3101/1/3
f 3105/1/3 3104/1/3 3103/1/3
f 3106/1/3 3104/1/3 3105/1/3
f 3109/1/3 3108/1/3 3107/1/3
f 3110/1/3 3108/1/3 3109/1/3
f 3113/1/3 3112/1/3 3111/1/3
f 3114/1/3 3112/1/3 3113/1/3
f 3117/1/3 3116/1/3 3115/1/3
f 3118/1/3 3116/1/3 3117/1/3
f 3121/1/3 3120/1/3 3119/1/3
f 3122/1/3 3120/1/3 3121/1/3
f 3125/1/3 3124/1/3 3123/1/3
f 3126/1/3 3124/1/3 3125/1/3
f 3129/1/3 3128/1/3 3127/1/3
f 3130/1/3 3128/1/3 3129/1/3
f 3133/1/3 3132/1/3 3131/1/3
f 3134/1/3 3132/1/3 3133/1/3
f 3137/1/3 3136/1/3 3135/1/3
f 3138/1/3 3136/1/3 3137/1/3
f 3141/1/3 3140/1/3 3139/1/3
f 3142/1/3 3140/1/3 3141/1/3
f 3145/1/3 3144/1/3 3143/1/3
f 3146/1/3 3144/1/3 3145/1/3
f 3149/1/3 3148/1/3 3147/1/3
f 3150/1/3 3148/1/3 3149/1/3
f 3153/1/3 3152/1/3 3151/1/3
f 3154/1/3 3152/1/3 3153/1/3
f 3157/1/3 3156/1/3 3155/1/3
f 3158/1/3 3156/1/3 3157/1/3
f 3161/1/3 3160/1/3 3159/1/3
f 3162/1/3 3160/1/3 3161/1/3
f 3165/1/3 3164/1/3 3163/1/3
f 3166/1/3 3164/1/3 3165/1/3
f 3169/1/3 3168/1/3 3167/1/3
f 3170/1/3 3168/1/3 3169/1/3
f 3171/3/3 3170/3/3 3169/3/3
f 3172/3/3 3170/3/3 3171/3/3
f 3173/1/3 3172/1/3 3171/1/3
f 3174/1/3 3172/1/3 3173/1/3
f 3177/1/3 3176/1/3 3175/1/3
f 3178/1/3 3176/1/3 3177/1/3
f 3181/1/3 3180/1/3 3179/1/3
f 3182/1/3 3180/1/3 3181/1/3
f 3185/1/3 3184/1/3 3183/1/3
f 3186/1/3 3184/1/3 3185/1/3
f 3189/1/3 3188/1/3 3187/1/3
f 3190/1/3 3188/1/3 3189/1/3
f 3193/1/3 3192/1/3 3191/1/3
f 3194/1/3 3192/1/3 3193/1/3
f 3197/1/3 3196/1/3 3195/1/3
f 3198/1/3 3196/1/3 3197/1/3
f 3201/1/3 3200/1/3 3199/1/3
f 3202/1/3 3200/1/3 3201/1/3
f 3203/5/3 3202/5/3 3201/5/3
f 3204/5/3 3202/5/3 3203/5/3
f 3205/1/3 3204/1/3 3203/1/3
f 3206/1/3 3204/1/3 3205/1/3
f 3209/1/3 3208/1/3 3207/1/3
f 3210/1/3 3208/1/3 3209/1/3
f 3213/1/3 3212/1/3 3211/1/3
f 3214/1/3 3212/1/3 3213/1/3
f 3217/1/3 3216/1/3 3215/1/3
f 3218/1/3 3216/1/3 3217/1/3
f 3221/1/3 3220/1/3 3219/1/3
f 3222/1/3 3220/1/3 3221/1/3
f 3225/1/3 3224/1/3 3223/1/3
f 3226/1/3 3224/1/3 3225/1/3
f 3227/1/3 3224/1/3 3226/1/3
f 3228/1/3 3224/1/3 3227/1/3
f 3231/1/3 3230/1/3 3229/1/3
f 3232/1/3 3230/1/3 3231/1/3
f 3235/1/3 3234/1/3 3233/1/3
f 3236/1/3 3234/1/3 3235/1/3
f 3239/1/3 3238/1/3 3237/1/3
f 3240/1/3 3238/1/3 3239/1/3
f 3243/1/3 3242/1/3 3241/1/3
f 3244/1/3 3242/1/3 3243/1/3
f 3247/1/3 3246/1/3 3245/1/3
f 3248/1/3 3246/1/3 3247/1/3
f 3251/1/3 3250/1/3 3249/1/3
f 3252/1/3 3250/1/3 3251/1/3
f 3255/1/3 3254/1/3 3253/1/3
f 3256/1/3 3254/1/3 3255/1/3
f 3259/1/3 3258/1/3 3257/1/3
f 3260/1/3 3258/1/3 3259/1/3
f 3263/1/3 3262/1/3 3261/1/3
f 3264/1/3 3262/1/3 3263/1/3
f 3267/1/3 3266/1/3 3265/1/3
f 3268/1/3 3266/1/3 3267/1/3
f 3271/1/3 3270/1/3 3269/1/3
f 3272/1/3 3270/1/3 3271/1/3
f 3275/1/3 3274/1/3 3273/1/3
f 3276/1/3 3274/1/3 3275/1/3
f 3279/1/3 3278/1/3 3277/1/3
f 3280/1/3 3278/1/3 3279/1/3
f 3283/1/3 3282/1/3 3281/1/3
f 3284/1/3 3282/1/3 3283/1/3
f 3287/1/3 3286/1/3 3285/1/3
f 3288/1/3 3286/1/3 3287/1/3
f 3291/1/3 3290/1/3 3289/1/3
f 3292/1/3 3290/1/3 3291/1/3
f 3295/1/3 3294/1/3 3293/1/3
f 3296/1/3 3294/1/3 3295/1/3
f 3299/1/3 3298/1/3 3297/1/3
f 3300/1/3 3298/1/3 3299/1/3
f 3303/1/3 3302/1/3 3301/1/3
f 3304/1/3 3302/1/3 3303/1/3
f 3307/1/3 3306/1/3 3305/1/3
f 3308/1/3 3306/1/3 3307/1/3
f 3311/1/3 3310/1/3 3309/1/3
f 3312/1/3 3310/1/3 3311/1/3
f 3315/1/3 3314/1/3 3313/1/3
f 3316/1/3 3314/1/3 3315/1/3
f 3319/1/3 3318/1/3 3317/1/3
f 3320/1/3 3318/1/3 3319/1/3
f 3323/1/3 3322/1/3 3321/1/3
f 3324/1/3 3322/1/3 3323/1/3
f 3327/1/3 3326/1/3 3325/1/3
f 3328/1/3 3326/1/3 3327/1/3
f 3331/1/3 3330/1/3 3329/1/3
f 3332/1/3 3330/1/3 3331/1/3
f 3335/1/3 3334/1/3 3333/1/3
f 3336/1/3 3334/1/3 3335/1/3
f 3339/1/3 3338/1/3 3337/1/3
f 3340/1/3 3338/1/3 3339/1/3
f 3343/1/3 3342/1/3 3341/1/3
f 3344/1/3 3342/1/3 3343/1/3
f 3347/1/3 3346/1/3 3345/1/3
f 3348/1/3 3346/1/3 3347/1/3
f 3351/1/3 3350/1/3 3349/1/3
f 3352/1/3 3350/1/3 3351/1/3
f 3355/1/3 3354/1/3 3353/1/3
f 3356/1/3 3354/1/3 3355/1/3
f 3359/12/3 3358/12/3 3357/12/3
f 3360/12/3 3358/12/3 3359/12/3
f 3363/1/3 3362/1/3 3361/1/3
f 3364/1/3 3362/1/3 3363/1/3
f 3367/1/3 3366/1/3 3365/1/3
f 3368/1/3 3366/1/3 3367/1/3
f 3371/12/3 3370/12/3 3369/12/3
f 3372/12/3 3370/12/3 3371/12/3
f 3375/12/3 3374/12/3 3373/12/3
f 3376/12/3 3374/12/3 3375/12/3
f 3379/12/3 3378/12/3 3377/12/3
f 3380/12/3 3378/12/3 3379/12/3
f 3383/1/3 3382/1/3 3381/1/3
f 3384/1/3 3382/1/3 3383/1/3
f 3387/1/3 3386/1/3 3385/1/3
f 3388/1/3 3386/1/3 3387/1/3
f 3391/12/3 3390/12/3 3389/12/3
f 3392/12/3 3390/12/3 3391/12/3
f 3395/12/3 3394/12/3 3393/12/3
f 3396/12/3 3394/12/3 3395/12/3
f 3399/1/3 3398/1/3 3397/1/3
f 3400/1/3 3398/1/3 3399/1/3
f 3403/1/3 3402/1/3 3401/1/3
f 3404/1/3 3402/1/3 3403/1/3
f 3407/12/3 3406/12/3 3405/12/3
f 3408/12/3 3406/12/3 3407/12/3
f 3411/12/3 3410/12/3 3409/12/3
f 3412/12/3 3410/12/3 3411/12/3
f 3415/1/3 3414/1/3 3413/1/3
f 3416/1/3 3414/1/3 3415/1/3
f 3419/1/3 3418/1/3 3417/1/3
f 3420/1/3 3418/1/3 3419/1/3
f 3423/12/3 3422/12/3 3421/12/3
f 3424/12/3 3422/12/3 3423/12/3
f 3427/12/3 3426/12/3 3425/12/3
f 3428/12/3 3426/12/3 3427/12/3
f 3431/1/3 3430/1/3 3429/1/3
f 3432/1/3 3430/1/3 3431/1/3
f 3435/1/3 3434/1/3 3433/1/3
f 3436/1/3 3434/1/3 3435/1/3
f 3439/12/3 3438/12/3 3437/12/3
f 3440/12/3 3438/12/3 3439/12/3
f 3443/1/3 3442/1/3 3441/1/3
f 3444/1/3 3442/1/3 3443/1/3
f 3447/1/3 3446/1/3 3445/1/3
f 3448/1/3 3446/1/3 3447/1/3
f 3449/3/3 3448/3/3 3447/3/3
f 3450/3/3 3448/3/3 3449/3/3
f 3451/1/3 3450/1/3 3449/1/3
f 3452/1/3 3450/1/3 3451/1/3
f 3455/12/3 3454/12/3 3453/12/3
f 3456/12/3 3454/12/3 3455/12/3
f 3459/12/3 3458/12/3 3457/12/3
f 3460/12/3 3458/12/3 3459/12/3
f 3463/1/3 3462/1/3 3461/1/3
f 3464/1/3 3462/1/3 3463/1/3
f 3465/1/3 3462/1/3 3464/1/3
f 3466/1/3 3462/1/3 3465/1/3
f 3469/12/3 3468/12/3 3467/12/3
f 3470/12/3 3468/12/3 3469/12/3
f 3473/12/3 3472/12/3 3471/12/3
f 3474/12/3 3472/12/3 3473/12/3
f 3477/12/3 3476/12/3 3475/12/3
f 3478/12/3 3476/12/3 3477/12/3
f 3481/12/3 3480/12/3 3479/12/3
f 3482/12/3 3480/12/3 3481/12/3
f 3485/12/3 3484/12/3 3483/12/3
f 3486/12/3 3484/12/3 3485/12/3
f 3489/12/3 3488/12/3 3487/12/3
f 3490/12/3 3488/12/3 3489/12/3
f 3493/12/3 3492/12/3 3491/12/3
f 3494/12/3 3492/12/3 3493/12/3
f 3497/12/3 3496/12/3 3495/12/3
f 3498/12/3 3496/12/3 3497/12/3
f 3501/12/3 3500/12/3 3499/12/3
f 3502/12/3 3500/12/3 3501/12/3
f 3505/12/3 3504/12/3 3503/12/3
f 3506/12/3 3504/12/3 3505/12/3
f 3509/12/3 3508/12/3 3507/12/3
f 3510/12/3 3508/12/3 3509/12/3
f 3513/12/3 3512/12/3 3511/12/3
f 3514/12/3 3512/12/3 3513/12/3
f 3517/12/3 3516/12/3 3515/12/3
f 3518/12/3 3516/12/3 3517/12/3
f 3521/12/3 3520/12/3 3519/12/3
f 3522/12/3 3520/12/3 3521/12/3
f 3525/12/3 3524/12/3 3523/12/3
f 3526/12/3 3524/12/3 3525/12/3
f 3529/12/3 3528/12/3 3527/12/3
f 3530/12/3 3528/12/3 3529/12/3
f 3533/12/3 3532/12/3 3531/12/3
f 3534/12/3 3532/12/3 3533/12/3
f 3537/12/3 3536/12/3 3535/12/3
f 3538/12/3 3536/12/3 3537/12/3
f 3541/12/3 3540/12/3 3539/12/3
f 3542/12/3 3540/12/3 3541/12/3
f 3545/12/3 3544/12/3 3543/12/3
f 3546/12/3 3544/12/3 3545/12/3
f 3549/12/3 3548/12/3 3547/12/3
f 3550/12/3 3548/12/3 3549/12/3
f 3553/12/3 3552/12/3 3551/12/3
f 3554/12/3 3552/12/3 3553/12/3
f 3557/12/3 3556/12/3 3555/12/3
f 3558/12/3 3556/12/3 3557/12/3
f 3561/12/3 3560/12/3 3559/12/3
f 3562/12/3 3560/12/3 3561/12/3
f 3565/12/3 3564/12/3 3563/12/3
f 3566/12/3 3564/12/3 3565/12/3
f 3569/12/3 3568/12/3 3567/12/3
f 3570/12/3 3568/12/3 3569/12/3
f 3573/12/3 3572/12/3 3571/12/3
f 3574/12/3 3572/12/3 3573/12/3
f 3577/12/3 3576/12/3 3575/12/3
f 3578/12/3 3576/12/3 3577/12/3
f 3581/12/3 3580/12/3 3579/12/3
f 3582/12/3 3580/12/3 3581/12/3
f 3585/12/3 3584/12/3 3583/12/3
f 3586/12/3 3584/12/3 3585/12/3
f 3589/12/3 3588/12/3 3587/12/3
f 3590/12/3 3588/12/3 3589/12/3
f 3593/12/3 3592/12/3 3591/12/3
f 3594/12/3 3592/12/3 3593/12/3
f 3597/12/3 3596/12/3 3595/12/3
f 3598/12/3 3596/12/3 3597/12/3
f 3601/12/3 3600/12/3 3599/12/3
f 3602/12/3 3600/12/3 3601/12/3
f 3605/12/3 3604/12/3 3603/12/3
f 3606/12/3 3604/12/3 3605/12/3
f 3609/12/3 3608/12/3 3607/12/3
f 3610/12/3 3608/12/3 3609/12/3
f 3613/12/3 3612/12/3 3611/12/3
f 3614/12/3 3612/12/3 3613/12/3
f 3617/12/3 3616/12/3 3615/12/3
f 3618/12/3 3616/12/3 3617/12/3
f 3621/12/3 3620/12/3 3619/12/3
f 3622/12/3 3620/12/3 3621/12/3
f 3625/12/3 3624/12/3 3623/12/3
f 3626/12/3 3624/12/3 3625/12/3
f 3629/12/3 3628/12/3 3627/12/3
f 3630/12/3 3628/12/3 3629/12/3
f 3633/12/3 3632/12/3 3631/12/3
f 3634/12/3 3632/12/3 3633/12/3
f 3637/12/3 3636/12/3 3635/12/3
f 3638/12/3 3636/12/3 3637/12/3
f 3641/12/3 3640/12/3 3639/12/3
f 3642/12/3 3640/12/3 3641/12/3
f 3645/12/3 3644/12/3 3643/12/3
f 3646/12/3 3644/12/3 3645/12/3
f 3649/12/3 3648/12/3 3647/12/3
f 3650/12/3 3648/12/3 3649/12/3
f 3653/12/3 3652/12/3 3651/12/3
f 3654/12/3 3652/12/3 3653/12/3
f 3657/12/3 3656/12/3 3655/12/3
f 3658/12/3 3656/12/3 3657/12/3
f 3661/12/3 3660/12/3 3659/12/3
f 3662/12/3 3660/12/3 3661/12/3
f 3665/12/3 3664/12/3 3663/12/3
f 3666/12/3 3664/12/3 3665/12/3
f 3669/12/3 3668/12/3 3667/12/3
f 3670/12/3 3668/12/3 3669/12/3
f 3673/12/3 3672/12/3 3671/12/3
f 3674/12/3 3672/12/3 3673/12/3
f 3677/12/3 3676/12/3 3675/12/3
f 3678/12/3 3676/12/3 3677/12/3
f 3681/12/3 3680/12/3 3679/12/3
f 3682/12/3 3680/12/3 3681/12/3
f 3685/12/3 3684/12/3 3683/12/3
f 3686/12/3 3684/12/3 3685/12/3
f 3689/12/3 3688/12/3 3687/12/3
f 3690/12/3 3688/12/3 3689/12/3
f 3693/12/3 3692/12/3 3691/12/3
f 3694/12/3 3692/12/3 3693/12/3
f 3697/12/3 3696/12/3 3695/12/3
f 3698/12/3 3696/12/3 3697/12/3
f 3701/12/3 3700/12/3 3699/12/3
f 3702/12/3 3700/12/3 3701/12/3
f 3705/12/3 3704/12/3 3703/12/3
f 3706/12/3 3704/12/3 3705/12/3
f 3709/12/3 3708/12/3 3707/12/3
f 3710/12/3 3708/12/3 3709/12/3
f 3713/12/3 3712/12/3 3711/12/3
f 3714/12/3 3712/12/3 3713/12/3
f 3717/12/3 3716/12/3 3715/12/3
f 3718/12/3 3716/12/3 3717/12/3
f 3721/12/3 3720/12/3 3719/12/3
f 3722/12/3 3720/12/3 3721/12/3
f 3725/12/3 3724/12/3 3723/12/3
f 3726/12/3 3724/12/3 3725/12/3
f 3729/12/3 3728/12/3 3727/12/3
f 3730/12/3 3728/12/3 3729/12/3
f 3733/12/3 3732/12/3 3731/12/3
f 3734/12/3 3732/12/3 3733/12/3
f 3737/12/3 3736/12/3 3735/12/3
f 3738/12/3 3736/12/3 3737/12/3
f 3741/12/3 3740/12/3 3739/12/3
f 3742/12/3 3740/12/3 3741/12/3
f 3745/12/3 3744/12/3 3743/12/3
f 3746/12/3 3744/12/3 3745/12/3
f 3749/12/3 3748/12/3 3747/12/3
f 3750/12/3 3748/12/3 3749/12/3
f 3753/12/3 3752/12/3 3751/12/3
f 3754/12/3 3752/12/3 3753/12/3
f 3757/12/3 3756/12/3 3755/12/3
f 3758/12/3 3756/12/3 3757/12/3
f 3761/12/3 3760/12/3 3759/12/3
f 3762/12/3 3760/12/3 3761/12/3
f 3765/12/3 3764/12/3 3763/12/3
f 3766/12/3 3764/12/3 3765/12/3
f 3769/12/3 3768/12/3 3767/12/3
f 3770/12/3 3768/12/3 3769/12/3
f 3773/12/3 3772/12/3 3771/12/3
f 3774/12/3 3772/12/3 3773/12/3
f 3777/12/3 3776/12/3 3775/12/3
f 3778/12/3 3776/12/3 3777/12/3
f 3781/12/3 3780/12/3 3779/12/3
f 3782/12/3 3780/12/3 3781/12/3
f 3783/11/3 3782/11/3 3781/11/3
f 3784/11/3 3782/11/3 3783/11/3
f 3785/12/3 3784/12/3 3783/12/3
f 3786/12/3 3784/12/3 3785/12/3
f 3789/12/3 3788/12/3 3787/12/3
f 3790/12/3 3788/12/3 3789/12/3
f 3793/12/3 3792/12/3 3791/12/3
f 3794/12/3 3792/12/3 3793/12/3
f 3797/12/3 3796/12/3 3795/12/3
f 3798/12/3 3796/12/3 3797/12/3
f 3801/12/3 3800/12/3 3799/12/3
f 3802/12/3 3800/12/3 3801/12/3
f 3805/12/3 3804/12/3 3803/12/3
f 3806/12/3 3804/12/3 3805/12/3
f 3809/12/3 3808/12/3 3807/12/3
f 3810/12/3 3808/12/3 3809/12/3
f 3813/12/3 3812/12/3 3811/12/3
f 3814/12/3 3812/12/3 3813/12/3
f 3817/12/3 3816/12/3 3815/12/3
f 3818/12/3 3816/12/3 3817/12/3
f 3821/12/3 3820/12/3 3819/12/3
f 3822/12/3 3820/12/3 3821/12/3
f 3825/12/3 3824/12/3 3823/12/3
f 3826/12/3 3824/12/3 3825/12/3
f 3829/12/3 3828/12/3 3827/12/3
f 3830/12/3 3828/12/3 3829/12/3
f 3833/12/3 3832/12/3 3831/12/3
f 3834/12/3 3832/12/3 3833/12/3
f 3837/12/3 3836/12/3 3835/12/3
f 3838/12/3 3836/12/3 3837/12/3
f 3841/12/3 3840/12/3 3839/12/3
f 3842/12/3 3840/12/3 3841/12/3
f 3845/12/3 3844/12/3 3843/12/3
f 3846/12/3 3844/12/3 3845/12/3
f 3849/12/3 3848/12/3 3847/12/3
f 3850/12/3 3848/12/3 3849/12/3
f 3853/12/3 3852/12/3 3851/12/3
f 3854/12/3 3852/12/3 3853/12/3
f 3857/12/3 3856/12/3 3855/12/3
f 3858/12/3 3856/12/3 3857/12/3
f 3861/12/3 3860/12/3 3859/12/3
f 3862/12/3 3860/12/3 3861/12/3
f 3865/12/3 3864/12/3 3863/12/3
f 3866/12/3 3864/12/3 3865/12/3
f 3869/12/3 3868/12/3 3867/12/3
f 3870/12/3 3868/12/3 3869/12/3
f 3873/12/3 3872/12/3 3871/12/3
f 3874/12/3 3872/12/3 3873/12/3
f 3877/12/3 3876/12/3 3875/12/3
f 3878/12/3 3876/12/3 3877/12/3
f 3881/12/3 3880/12/3 3879/12/3
f 3882/12/3 3880/12/3 3881/12/3
f 3885/12/3 3884/12/3 3883/12/3
f 3886/12/3 3884/12/3 3885/12/3
f 3889/12/3 3888/12/3 3887/12/3
f 3890/12/3 3888/12/3 3889/12/3
f 3893/12/3 3892/12/3 3891/12/3
f 3894/12/3 3892/12/3 3893/12/3
f 3897/12/3 3896/12/3 3895/12/3
f 3898/12/3 3896/12/3 3897/12/3
f 3901/12/3 3900/12/3 3899/12/3
f 3902/12/3 3900/12/3 3901/12/3
f 3905/12/3 3904/12/3 3903/12/3
f 3906/12/3 3904/12/3 3905/12/3
f 3909/12/3 3908/12/3 3907/12/3
f 3910/12/3 3908/12/3 3909/12/3
f 3913/12/3 3912/12/3 3911/12/3
f 3914/12/3 3912/12/3 3913/12/3
f 3917/12/3 3916/12/3 3915/12/3
f 3918/12/3 3916/12/3 3917/12/3
f 3921/12/3 3920/12/3 3919/12/3
f 3922/12/3 3920/12/3 3921/12/3
f 3925/12/3 3924/12/3 3923/12/3
f 3926/12/3 3924/12/3 3925/12/3
f 3929/12/3 3928/12/3 3927/12/3
f 3930/12/3 3928/12/3 3929/12/3
f 3933/12/3 3932/12/3 3931/12/3
f 3934/12/3 3932/12/3 3933/12/3
f 3937/12/3 3936/12/3 3935/12/3
f 3938/12/3 3936/12/3 3937/12/3
f 3941/12/3 3940/12/3 3939/12/3
f 3942/12/3 3940/12/3 3941/12/3
f 3945/12/3 3944/12/3 3943/12/3
f 3946/12/3 3944/12/3 3945/12/3
f 3949/12/3 3948/12/3 3947/12/3
f 3950/12/3 3948/12/3 3949/12/3
f 3953/12/3 3952/12/3 3951/12/3
f 3954/12/3 3952/12/3 3953/12/3
f 3955/12/3 3952/12/3 3954/12/3
f 3958/12/3 3957/12/3 3956/12/3
f 3959/12/3 3957/12/3 3958/12/3
f 3960/7/3 3959/7/3 3958/7/3
f 3961/7/3 3959/7/3 3960/7/3
f 3962/12/3 3961/12/3 3960/12/3
f 3963/12/3 3961/12/3 3962/12/3
f 3966/12/3 3965/12/3 3964/12/3
f 3967/12/3 3965/12/3 3966/12/3
f 3970/12/3 3969/12/3 3968/12/3
f 3971/12/3 3969/12/3 3970/12/3
f 3974/12/3 3973/12/3 3972/12/3
f 3975/12/3 3973/12/3 3974/12/3
f 3978/12/3 3977/12/3 3976/12/3
f 3979/12/3 3977/12/3 3978/12/3
f 3982/12/3 3981/12/3 3980/12/3
f 3983/12/3 3981/12/3 3982/12/3
f 3986/12/3 3985/12/3 3984/12/3
f 3987/12/3 3985/12/3 3986/12/3
f 3988/12/3 3985/12/3 3987/12/3
f 3989/12/3 3985/12/3 3988/12/3
f 3992/12/3 3991/12/3 3990/12/3
f 3993/12/3 3991/12/3 3992/12/3
f 3994/12/3 3991/12/3 3993/12/3
f 3995/12/3 3991/12/3 3994/12/3
f 3998/12/3 3997/12/3 3996/12/3
f 3999/12/3 3997/12/3 3998/12/3
f 4002/12/3 4001/12/3 4000/12/3
f 4003/12/3 4001/12/3 4002/12/3
f 4006/12/3 4005/12/3 4004/12/3
f 4007/12/3 4005/12/3 4006/12/3
f 4008/8/3 4007/8/3 4006/8/3
f 4009/8/3 4007/8/3 4008/8/3
f 4010/12/3 4009/12/3 4008/12/3
f 4011/12/3 4009/12/3 4010/12/3
f 4014/12/3 4013/12/3 4012/12/3
f 4015/12/3 4013/12/3 4014/12/3
f 4018/12/3 4017/12/3 4016/12/3
f 4019/12/3 4017/12/3 4018/12/3
f 4022/12/3 4021/12/3 4020/12/3
f 4023/12/3 4021/12/3 4022/12/3
f 4026/12/3 4025/12/3 4024/12/3
f 4027/12/3 4025/12/3 4026/12/3
f 4030/12/3 4029/12/3 4028/12/3
f 4031/12/3 4029/12/3 4030/12/3
f 4032/7/3 4031/7/3 4030/7/3
f 4033/7/3 4031/7/3 4032/7/3
f 4034/7/3 4031/7/3 4033/7/3
f 4035/12/3 4034/12/3 4033/12/3
f 4036/12/3 4034/12/3 4035/12/3
f 4039/12/3 4038/12/3 4037/12/3
f 4040/12/3 4038/12/3 4039/12/3
f 4043/12/3 4042/12/3 4041/12/3
f 4044/12/3 4042/12/3 4043/12/3
f 4047/12/3 4046/12/3 4045/12/3
f 4048/12/3 4046/12/3 4047/12/3
f 4049/11/3 4048/11/3 4047/11/3
f 4050/11/3 4048/11/3 4049/11/3
f 4051/12/3 4050/12/3 4049/12/3
f 4052/12/3 4050/12/3 4051/12/3
f 4055/12/3 4054/12/3 4053/12/3
f 4056/12/3 4054/12/3 4055/12/3
f 4059/12/3 4058/12/3 4057/12/3
f 4060/12/3 4058/12/3 4059/12/3
f 4063/12/3 4062/12/3 4061/12/3
f 4064/12/3 4062/12/3 4063/12/3
f 4067/12/3 4066/12/3 4065/12/3
f 4068/12/3 4066/12/3 4067/12/3
f 4071/12/3 4070/12/3 4069/12/3
f 4072/12/3 4070/12/3 4071/12/3
f 4075/12/3 4074/12/3 4073/12/3
f 4076/12/3 4074/12/3 4075/12/3
f 4079/12/3 4078/12/3 4077/12/3
f 4080/12/3 4078/12/3 4079/12/3
f 4083/12/3 4082/12/3 4081/12/3
f 4084/12/3 4082/12/3 4083/12/3
f 4087/12/3 4086/12/3 4085/12/3
f 4088/12/3 4086/12/3 4087/12/3
f 4091/12/3 4090/12/3 4089/12/3
f 4092/12/3 4090/12/3 4091/12/3
f 4095/12/3 4094/12/3 4093/12/3
f 4096/12/3 4094/12/3 4095/12/3
f 4099/12/3 4098/12/3 4097/12/3
f 4100/12/3 4098/12/3 4099/12/3
f 4103/12/3 4102/12/3 4101/12/3
f 4104/12/3 4102/12/3 4103/12/3
f 4105/12/3 4102/12/3 4104/12/3
f 4106/12/3 4102/12/3 4105/12/3
f 4109/12/3 4108/12/3 4107/12/3
f 4110/12/3 4108/12/3 4109/12/3
f 4113/9/3 4112/9/3 4111/9/3
f 4114/9/3 4112/9/3 4113/9/3
f 4115/12/3 4114/12/3 4113/12/3
f 4116/12/3 4114/12/3 4115/12/3
f 4119/12/3 4118/12/3 4117/12/3
f 4120/12/3 4118/12/3 4119/12/3
f 4121/12/3 4118/12/3 4120/12/3
f 4124/12/3 4123/12/3 4122/12/3
f 4125/12/3 4123/12/3 4124/12/3
f 4128/12/3 4127/12/3 4126/12/3
f 4129/12/3 4127/12/3 4128/12/3
f 4132/12/3 4131/12/3 4130/12/3
f 4133/12/3 4131/12/3 4132/12/3
f 4136/12/3 4135/12/3 4134/12/3
f 4137/12/3 4135/12/3 4136/12/3
f 4140/12/3 4139/12/3 4138/12/3
f 4141/12/3 4139/12/3 4140/12/3
f 4144/12/3 4143/12/3 4142/12/3
f 4145/12/3 4143/12/3 4144/12/3
f 4146/7/3 4145/7/3 4144/7/3
f 4147/7/3 4145/7/3 4146/7/3
f 4148/12/3 4147/12/3 4146/12/3
f 4149/12/3 4147/12/3 4148/12/3
f 4152/12/3 4151/12/3 4150/12/3
f 4153/12/3 4151/12/3 4152/12/3
f 4156/12/3 4155/12/3 4154/12/3
f 4157/12/3 4155/12/3 4156/12/3
f 4158/9/3 4157/9/3 4156/9/3
f 4159/9/3 4157/9/3 4158/9/3
f 4160/12/3 4159/12/3 4158/12/3
f 4161/12/3 4159/12/3 4160/12/3
f 4162/11/3 4161/11/3 4160/11/3
f 4163/11/3 4161/11/3 4162/11/3
f 4164/12/3 4163/12/3 4162/12/3
f 4165/12/3 4163/12/3 4164/12/3
f 4168/12/3 4167/12/3 4166/12/3
f 4169/12/3 4167/12/3 4168/12/3
f 4172/12/3 4171/12/3 4170/12/3
f 4173/12/3 4171/12/3 4172/12/3
f 4176/12/3 4175/12/3 4174/12/3
f 4177/12/3 4175/12/3 4176/12/3
f 4180/12/3 4179/12/3 4178/12/3
f 4181/12/3 4179/12/3 4180/12/3
f 4182/6/3 4181/6/3 4180/6/3
f 4183/6/3 4181/6/3 4182/6/3
f 4186/12/3 4185/12/3 4184/12/3
f 4187/12/3 4185/12/3 4186/12/3
f 4190/12/3 4189/12/3 4188/12/3
f 4191/12/3 4189/12/3 4190/12/3
f 4194/12/3 4193/12/3 4192/12/3
f 4195/12/3 4193/12/3 4194/12/3
f 4198/12/3 4197/12/3 4196/12/3
f 4199/12/3 4197/12/3 4198/12/3
f 4202/12/3 4201/12/3 4200/12/3
f 4203/12/3 4201/12/3 4202/12/3
f 4206/12/3 4205/12/3 4204/12/3
f 4207/12/3 4205/12/3 4206/12/3
f 4210/12/3 4209/12/3 4208/12/3
f 4211/12/3 4209/12/3 4210/12/3
f 4214/12/3 4213/12/3 4212/12/3
f 4215/12/3 4213/12/3 4214/12/3
f 4218/12/3 4217/12/3 4216/12/3
f 4219/12/3 4217/12/3 4218/12/3
f 4222/12/3 4221/12/3 4220/12/3
f 4223/12/3 4221/12/3 4222/12/3
f 4226/12/3 4225/12/3 4224/12/3
f 4227/12/3 4225/12/3 4226/12/3
f 4230/12/3 4229/12/3 4228/12/3
f 4231/12/3 4229/12/3 4230/12/3
f 4234/12/3 4233/12/3 4232/12/3
f 4235/12/3 4233/12/3 4234/12/3
f 4238/12/3 4237/12/3 4236/12/3
f 4239/12/3 4237/12/3 4238/12/3
f 4242/12/3 4241/12/3 4240/12/3
f 4243/12/3 4241/12/3 4242/12/3
f 4246/12/3 4245/12/3 4244/12/3
f 4247/12/3 4245/12/3 4246/12/3
f 4250/12/3 4249/12/3 4248/12/3
f 4251/12/3 4249/12/3 4250/12/3
f 4254/12/3 4253/12/3 4252/12/3
f 4255/12/3 4253/12/3 4254/12/3
f 4258/12/3 4257/12/3 4256/12/3
f 4259/12/3 4257/12/3 4258/12/3
f 4262/12/3 4261/12/3 4260/12/3
f 4263/12/3 4261/12/3 4262/12/3
f 4266/12/3 4265/12/3 4264/12/3
f 4267/12/3 4265/12/3 4266/12/3
f 4270/12/3 4269/12/3 4268/12/3
f 4271/12/3 4269/12/3 4270/12/3
f 4274/12/3 4273/12/3 4272/12/3
f 4275/12/3 4273/12/3 4274/12/3
f 4278/12/3 4277/12/3 4276/12/3
f 4279/12/3 4277/12/3 4278/12/3
f 4282/12/3 4281/12/3 4280/12/3
f 4283/12/3 4281/12/3 4282/12/3
f 4286/12/3 4285/12/3 4284/12/3
f 4287/12/3 4285/12/3 4286/12/3
f 4290/12/3 4289/12/3 4288/12/3
f 4291/12/3 4289/12/3 4290/12/3
f 4294/12/3 4293/12/3 4292/12/3
f 4295/12/3 4293/12/3 4294/12/3
f 4298/12/3 4297/12/3 4296/12/3
f 4299/12/3 4297/12/3 4298/12/3
f 4302/12/3 4301/12/3 4300/12/3
f 4303/12/3 4301/12/3 4302/12/3
f 4306/12/3 4305/12/3 4304/12/3
f 4307/12/3 4305/12/3 4306/12/3
f 4310/6/3 4309/6/3 4308/6/3
f 4311/6/3 4309/6/3 4310/6/3
f 4312/12/3 4311/12/3 4310/12/3
f 4313/12/3 4311/12/3 4312/12/3
f 4316/12/3 4315/12/3 4314/12/3
f 4317/12/3 4315/12/3 4316/12/3
f 4320/12/3 4319/12/3 4318/12/3
f 4321/12/3 4319/12/3 4320/12/3
f 4322/11/3 4321/11/3 4320/11/3
f 4323/11/3 4321/11/3 4322/11/3
f 4324/12/3 4323/12/3 4322/12/3
f 4325/12/3 4323/12/3 4324/12/3
f 4328/12/3 4327/12/3 4326/12/3
f 4329/12/3 4327/12/3 4328/12/3
f 4332/12/3 4331/12/3 4330/12/3
f 4333/12/3 4331/12/3 4332/12/3
f 4336/12/3 4335/12/3 4334/12/3
f 4337/12/3 4335/12/3 4336/12/3
f 4340/12/3 4339/12/3 4338/12/3
f 4341/12/3 4339/12/3 4340/12/3
f 4344/12/3 4343/12/3 4342/12/3
f 4345/12/3 4343/12/3 4344/12/3
f 4348/12/3 4347/12/3 4346/12/3
f 4349/12/3 4347/12/3 4348/12/3
f 4352/12/3 4351/12/3 4350/12/3
f 4353/12/3 4351/12/3 4352/12/3
f 4356/12/3 4355/12/3 4354/12/3
f 4357/12/3 4355/12/3 4356/12/3
f 4360/12/3 4359/12/3 4358/12/3
f 4361/12/3 4359/12/3 4360/12/3
f 4364/12/3 4363/12/3 4362/12/3
f 4365/12/3 4363/12/3 4364/12/3
f 4368/12/3 4367/12/3 4366/12/3
f 4369/12/3 4367/12/3 4368/12/3
f 4372/12/3 4371/12/3 4370/12/3
f 4373/12/3 4371/12/3 4372/12/3
f 4376/12/3 4375/12/3 4374/12/3
f 4377/12/3 4375/12/3 4376/12/3
f 4380/12/3 4379/12/3 4378/12/3
f 4381/12/3 4379/12/3 4380/12/3
f 4384/12/3 4383/12/3 4382/12/3
f 4385/12/3 4383/12/3 4384/12/3
f 4388/12/3 4387/12/3 4386/12/3
f 4389/12/3 4387/12/3 4388/12/3
f 4392/12/3 4391/12/3 4390/12/3
f 4393/12/3 4391/12/3 4392/12/3
f 4396/12/3 4395/12/3 4394/12/3
f 4397/12/3 4395/12/3 4396/12/3
f 4400/12/3 4399/12/3 4398/12/3
f 4401/12/3 4399/12/3 4400/12/3
f 4402/12/3 4399/12/3 4401/12/3
f 4403/12/3 4399/12/3 4402/12/3
f 4406/12/3 4405/12/3 4404/12/3
f 4407/12/3 4405/12/3 4406/12/3
f 4410/12/3 4409/12/3 4408/12/3
f 4411/12/3 4409/12/3 4410/12/3
f 4414/12/3 4413/12/3 4412/12/3
f 4415/12/3 4413/12/3 4414/12/3
f 4418/12/3 4417/12/3 4416/12/3
f 4419/12/3 4417/12/3 4418/12/3
f 4422/12/3 4421/12/3 4420/12/3
f 4423/12/3 4421/12/3 4422/12/3
f 4424/11/3 4423/11/3 4422/11/3
f 4425/11/3 4423/11/3 4424/11/3
f 4426/12/3 4425/12/3 4424/12/3
f 4427/12/3 4425/12/3 4426/12/3
f 4430/12/3 4429/12/3 4428/12/3
f 4431/12/3 4429/12/3 4430/12/3
f 4434/12/3 4433/12/3 4432/12/3
f 4435/12/3 4433/12/3 4434/12/3
f 4438/12/3 4437/12/3 4436/12/3
f 4439/12/3 4437/12/3 4438/12/3
f 4442/12/3 4441/12/3 4440/12/3
f 4443/12/3 4441/12/3 4442/12/3
f 4446/12/3 4445/12/3 4444/12/3
f 4447/12/3 4445/12/3 4446/12/3
f 4450/12/3 4449/12/3 4448/12/3
f 4451/12/3 4449/12/3 4450/12/3
f 4454/12/3 4453/12/3 4452/12/3
f 4455/12/3 4453/12/3 4454/12/3
f 4458/12/3 4457/12/3 4456/12/3
f 4459/12/3 4457/12/3 4458/12/3
f 4462/12/3 4461/12/3 4460/12/3
f 4463/12/3 4461/12/3 4462/12/3
f 4466/12/3 4465/12/3 4464/12/3
f 4467/12/3 4465/12/3 4466/12/3
f 4470/12/3 4469/12/3 4468/12/3
f 4471/12/3 4469/12/3 4470/12/3
f 4474/12/3 4473/12/3 4472/12/3
f 4475/12/3 4473/12/3 4474/12/3
f 4478/12/3 4477/12/3 4476/12/3
f 4479/12/3 4477/12/3 4478/12/3
f 4482/12/3 4481/12/3 4480/12/3
f 4483/12/3 4481/12/3 4482/12/3
f 4486/12/3 4485/12/3 4484/12/3
f 4487/12/3 4485/12/3 4486/12/3
f 4488/12/4 4489/12/4 4490/12/4
f 4490/12/4 4489/12/4 4491/12/4
f 4494/1/5 4493/1/5 4492/1/5
f 4495/1/5 4493/1/5 4494/1/5
f 4496/1/5 4494/1/5 4492/1/5
f 4497/4/5 4495/4/5 4494/4/5
f 4497/1/5 4494/1/5 4496/1/5
f 4498/1/5 4493/1/5 4495/1/5
f 4498/4/5 4495/4/5 4497/4/5
f 4499/1/5 4493/1/5 4498/1/5
f 4500/1/5 4493/1/5 4499/1/5
f 4501/4/5 4497/4/5 4496/4/5
f 4501/1/5 4496/1/5 4492/1/5
f 4502/1/5 4498/1/5 4497/1/5
f 4502/4/5 4497/4/5 4501/4/5
f 4502/1/5 4499/1/5 4498/1/5
f 4503/3/5 4500/3/5 4499/3/5
f 4503/1/5 4499/1/5 4502/1/5
f 4504/1/5 4493/1/5 4500/1/5
f 4504/3/5 4500/3/5 4503/3/5
f 4505/1/5 4493/1/5 4504/1/5
f 4506/1/5 4493/1/5 4505/1/5
f 4507/1/5 4503/1/5 4502/1/5
f 4507/1/5 4502/1/5 4501/1/5
f 4507/1/5 4504/1/5 4503/1/5
f 4507/1/5 4505/1/5 4504/1/5
f 4508/1/5 4505/1/5 4507/1/5
f 4509/3/5 4506/3/5 4505/3/5
f 4509/1/5 4505/1/5 4508/1/5
f 4510/1/5 4493/1/5 4506/1/5
f 4510/3/5 4506/3/5 4509/3/5
f 4511/1/5 4493/1/5 4510/1/5
f 4512/1/5 4493/1/5 4511/1/5
f 4513/1/5 4493/1/5 4512/1/5
f 4514/1/5 4493/1/5 4513/1/5
f 4515/1/5 4501/1/5 4492/1/5
f 4515/1/5 4507/1/5 4501/1/5
f 4516/1/5 4507/1/5 4515/1/5
f 4517/1/5 4507/1/5 4516/1/5
f 4518/1/5 4507/1/5 4517/1/5
f 4519/1/5 4507/1/5 4518/1/5
f 4520/1/5 4507/1/5 4519/1/5
f 4521/4/5 4508/4/5 4507/4/5
f 4521/1/5 4507/1/5 4520/1/5
f 4522/1/5 4509/1/5 4508/1/5
f 4522/4/5 4508/4/5 4521/4/5
f 4522/1/5 4510/1/5 4509/1/5
f 4522/1/5 4511/1/5 4510/1/5
f 4523/2/5 4512/2/5 4511/2/5
f 4523/1/5 4511/1/5 4522/1/5
f 4524/1/5 4513/1/5 4512/1/5
f 4524/2/5 4512/2/5 4523/2/5
f 4525/3/5 4514/3/5 4513/3/5
f 4525/1/5 4513/1/5 4524/1/5
f 4526/1/5 4493/1/5 4514/1/5
f 4526/3/5 4514/3/5 4525/3/5
f 4527/1/5 4515/1/5 4492/1/5
f 4527/3/5 4516/3/5 4515/3/5
f 4528/1/5 4517/1/5 4516/1/5
f 4528/3/5 4516/3/5 4527/3/5
f 4529/1/5 4517/1/5 4528/1/5
f 4530/1/5 4517/1/5 4529/1/5
f 4531/3/5 4518/3/5 4517/3/5
f 4531/1/5 4517/1/5 4530/1/5
f 4532/1/5 4519/1/5 4518/1/5
f 4532/3/5 4518/3/5 4531/3/5
f 4533/2/5 4520/2/5 4519/2/5
f 4533/1/5 4519/1/5 4532/1/5
f 4534/1/5 4521/1/5 4520/1/5
f 4534/2/5 4520/2/5 4533/2/5
f 4534/1/5 4525/1/5 4524/1/5
f 4534/1/5 4524/1/5 4523/1/5
f 4534/1/5 4522/1/5 4521/1/5
f 4534/1/5 4523/1/5 4522/1/5
f 4534/1/5 4526/1/5 4525/1/5
f 4535/1/5 4526/1/5 4534/1/5
f 4536/1/5 4526/1/5 4535/1/5
f 4537/1/5 4526/1/5 4536/1/5
f 4538/1/5 4526/1/5 4537/1/5
f 4539/1/5 4493/1/5 4526/1/5
f 4539/1/5 4526/1/5 4538/1/5
f 4540/1/5 4493/1/5 4539/1/5
f 4541/1/5 4529/1/5 4528/1/5
f 4541/1/5 4528/1/5 4527/1/5
f 4541/2/5 4530/2/5 4529/2/5
f 4542/1/5 4533/1/5 4532/1/5
f 4542/2/5 4530/2/5 4541/2/5
f 4542/1/5 4532/1/5 4531/1/5
f 4542/1/5 4531/1/5 4530/1/5
f 4542/1/5 4534/1/5 4533/1/5
f 4542/1/5 4535/1/5 4534/1/5
f 4543/2/5 4536/2/5 4535/2/5
f 4543/1/5 4535/1/5 4542/1/5
f 4544/1/5 4537/1/5 4536/1/5
f 4544/2/5 4536/2/5 4543/2/5
f 4545/4/5 4538/4/5 4537/4/5
f 4545/1/5 4537/1/5 4544/1/5
f 4546/4/5 4538/4/5 4545/4/5
f 4547/3/5 4540/3/5 4539/3/5
f 4547/1/5 4539/1/5 4538/1/5
f 4548/1/5 4493/1/5 4540/1/5
f 4548/3/5 4540/3/5 4547/3/5
f 4549/1/5 4543/1/5 4542/1/5
f 4549/4/5 4538/4/5 4546/4/5
f 4549/1/5 4542/1/5 4541/1/5
f 4549/1/5 4545/1/5 4544/1/5
f 4549/1/5 4544/1/5 4543/1/5
f 4549/1/5 4546/1/5 4545/1/5
f 4550/1/5 4547/1/5 4538/1/5
f 4550/4/5 4538/4/5 4549/4/5
f 4550/1/5 4548/1/5 4547/1/5
f 4551/1/5 4548/1/5 4550/1/5
f 4552/1/5 4549/1/5 4541/1/5
f 4552/1/5 4550/1/5 4549/1/5
f 4553/1/5 4550/1/5 4552/1/5
f 4554/4/5 4551/4/5 4550/4/5
f 4554/1/5 4550/1/5 4553/1/5
f 4555/1/5 4548/1/5 4551/1/5
f 4555/4/5 4551/4/5 4554/4/5
f 4556/1/5 4548/1/5 4555/1/5
f 4557/1/5 4541/1/5 4527/1/5
f 4557/1/5 4552/1/5 4541/1/5
f 4558/1/5 4552/1/5 4557/1/5
f 4559/1/5 4552/1/5 4558/1/5
f 4560/1/5 4552/1/5 4559/1/5
f 4561/1/5 4552/1/5 4560/1/5
f 4562/4/5 4553/4/5 4552/4/5
f 4562/1/5 4552/1/5 4561/1/5
f 4563/1/5 4554/1/5 4553/1/5
f 4563/4/5 4553/4/5 4562/4/5
f 4563/1/5 4555/1/5 4554/1/5
f 4564/1/5 4555/1/5 4563/1/5
f 4565/1/5 4555/1/5 4564/1/5
f 4566/1/5 4555/1/5 4565/1/5
f 4567/1/5 4555/1/5 4566/1/5
f 4568/4/5 4556/4/5 4555/4/5
f 4568/1/5 4555/1/5 4567/1/5
f 4569/1/5 4548/1/5 4556/1/5
f 4569/4/5 4556/4/5 4568/4/5
f 4570/1/5 4548/1/5 4569/1/5
f 4571/1/5 4548/1/5 4570/1/5
f 4572/1/5 4548/1/5 4571/1/5
f 4573/1/5 4557/1/5 4527/1/5
f 4573/5/5 4558/5/5 4557/5/5
f 4574/3/5 4559/3/5 4558/3/5
f 4574/5/5 4558/5/5 4573/5/5
f 4575/1/5 4560/1/5 4559/1/5
f 4575/3/5 4559/3/5 4574/3/5
f 4576/3/5 4561/3/5 4560/3/5
f 4576/1/5 4560/1/5 4575/1/5
f 4577/1/5 4562/1/5 4561/1/5
f 4577/3/5 4561/3/5 4576/3/5
f 4577/1/5 4563/1/5 4562/1/5
f 4577/1/5 4564/1/5 4563/1/5
f 4578/1/5 4564/1/5 4577/1/5
f 4579/1/5 4564/1/5 4578/1/5
f 4580/4/5 4565/4/5 4564/4/5
f 4580/1/5 4564/1/5 4579/1/5
f 4581/1/5 4566/1/5 4565/1/5
f 4581/4/5 4565/4/5 4580/4/5
f 4582/2/5 4567/2/5 4566/2/5
f 4582/1/5 4566/1/5 4581/1/5
f 4583/1/5 4568/1/5 4567/1/5
f 4583/2/5 4567/2/5 4582/2/5
f 4583/1/5 4569/1/5 4568/1/5
f 4584/4/5 4570/4/5 4569/4/5
f 4584/1/5 4569/1/5 4583/1/5
f 4585/1/5 4571/1/5 4570/1/5
f 4585/4/5 4570/4/5 4584/4/5
f 4586/1/5 4571/1/5 4585/1/5
f 4587/2/5 4572/2/5 4571/2/5
f 4587/1/5 4571/1/5 4586/1/5
f 4588/1/5 4548/1/5 4572/1/5
f 4588/2/5 4572/2/5 4587/2/5
f 4589/1/5 4576/1/5 4575/1/5
f 4589/1/5 4527/1/5 4492/1/5
f 4589/1/5 4575/1/5 4574/1/5
f 4589/1/5 4574/1/5 4573/1/5
f 4589/1/5 4577/1/5 4576/1/5
f 4589/1/5 4578/1/5 4577/1/5
f 4589/1/5 4573/1/5 4527/1/5
f 4590/1/5 4578/1/5 4589/1/5
f 4591/1/5 4578/1/5 4590/1/5
f 4592/1/5 4578/1/5 4591/1/5
f 4593/4/5 4579/4/5 4578/4/5
f 4593/1/5 4578/1/5 4592/1/5
f 4594/1/5 4582/1/5 4581/1/5
f 4594/4/5 4579/4/5 4593/4/5
f 4594/1/5 4585/1/5 4584/1/5
f 4594/1/5 4581/1/5 4580/1/5
f 4594/1/5 4580/1/5 4579/1/5
f 4594/1/5 4584/1/5 4583/1/5
f 4594/1/5 4583/1/5 4582/1/5
f 4595/1/5 4585/1/5 4594/1/5
f 4596/1/5 4585/1/5 4595/1/5
f 4597/1/5 4585/1/5 4596/1/5
f 4598/1/5 4585/1/5 4597/1/5
f 4599/4/5 4586/4/5 4585/4/5
f 4599/1/5 4585/1/5 4598/1/5
f 4600/1/5 4588/1/5 4587/1/5
f 4600/4/5 4586/4/5 4599/4/5
f 4600/1/5 4587/1/5 4586/1/5
f 4601/1/5 4588/1/5 4600/1/5
f 4602/1/5 4588/1/5 4601/1/5
f 4603/1/5 4588/1/5 4602/1/5
f 4604/3/5 4590/3/5 4589/3/5
f 4604/1/5 4589/1/5 4492/1/5
f 4605/1/5 4591/1/5 4590/1/5
f 4605/3/5 4590/3/5 4604/3/5
f 4606/2/5 4592/2/5 4591/2/5
f 4606/1/5 4591/1/5 4605/1/5
f 4607/1/5 4593/1/5 4592/1/5
f 4607/2/5 4592/2/5 4606/2/5
f 4607/1/5 4594/1/5 4593/1/5
f 4607/1/5 4595/1/5 4594/1/5
f 4608/1/5 4595/1/5 4607/1/5
f 4609/1/5 4595/1/5 4608/1/5
f 4610/4/5 4596/4/5 4595/4/5
f 4610/1/5 4595/1/5 4609/1/5
f 4611/1/5 4597/1/5 4596/1/5
f 4611/4/5 4596/4/5 4610/4/5
f 4612/3/5 4598/3/5 4597/3/5
f 4612/1/5 4597/1/5 4611/1/5
f 4613/1/5 4599/1/5 4598/1/5
f 4613/3/5 4598/3/5 4612/3/5
f 4613/1/5 4600/1/5 4599/1/5
f 4614/1/5 4600/1/5 4613/1/5
f 4615/1/5 4600/1/5 4614/1/5
f 4616/1/5 4600/1/5 4615/1/5
f 4617/4/5 4601/4/5 4600/4/5
f 4617/1/5 4600/1/5 4616/1/5
f 4618/1/5 4602/1/5 4601/1/5
f 4618/4/5 4601/4/5 4617/4/5
f 4619/4/5 4603/4/5 4602/4/5
f 4619/1/5 4602/1/5 4618/1/5
f 4620/1/5 4588/1/5 4603/1/5
f 4620/4/5 4603/4/5 4619/4/5
f 4621/1/5 4606/1/5 4605/1/5
f 4621/1/5 4605/1/5 4604/1/5
f 4621/5/5 4609/5/5 4608/5/5
f 4621/1/5 4608/1/5 4607/1/5
f 4621/1/5 4607/1/5 4606/1/5
f 4622/1/5 4612/1/5 4611/1/5
f 4622/5/5 4609/5/5 4621/5/5
f 4622/1/5 4610/1/5 4609/1/5
f 4622/1/5 4613/1/5 4612/1/5
f 4622/1/5 4614/1/5 4613/1/5
f 4622/1/5 4611/1/5 4610/1/5
f 4623/3/5 4615/3/5 4614/3/5
f 4623/1/5 4614/1/5 4622/1/5
f 4624/1/5 4616/1/5 4615/1/5
f 4624/3/5 4615/3/5 4623/3/5
f 4625/4/5 4617/4/5 4616/4/5
f 4625/1/5 4616/1/5 4624/1/5
f 4626/1/5 4619/1/5 4618/1/5
f 4626/4/5 4617/4/5 4625/4/5
f 4626/1/5 4618/1/5 4617/1/5
f 4626/1/5 4620/1/5 4619/1/5
f 4627/1/5 4620/1/5 4626/1/5
f 4628/1/5 4620/1/5 4627/1/5
f 4629/1/5 4625/1/5 4624/1/5
f 4629/1/5 4624/1/5 4623/1/5
f 4629/1/5 4622/1/5 4621/1/5
f 4629/1/5 4627/1/5 4626/1/5
f 4629/1/5 4626/1/5 4625/1/5
f 4629/1/5 4623/1/5 4622/1/5
f 4630/1/5 4627/1/5 4629/1/5
f 4631/1/5 4627/1/5 4630/1/5
f 4632/1/5 4627/1/5 4631/1/5
f 4633/4/5 4628/4/5 4627/4/5
f 4633/1/5 4627/1/5 4632/1/5
f 4634/1/5 4620/1/5 4628/1/5
f 4634/4/5 4628/4/5 4633/4/5
f 4635/1/5 4629/1/5 4621/1/5
f 4635/4/5 4630/4/5 4629/4/5
f 4636/1/5 4631/1/5 4630/1/5
f 4636/4/5 4630/4/5 4635/4/5
f 4637/4/5 4632/4/5 4631/4/5
f 4637/1/5 4631/1/5 4636/1/5
f 4638/1/5 4633/1/5 4632/1/5
f 4638/4/5 4632/4/5 4637/4/5
f 4638/1/5 4634/1/5 4633/1/5
f 4639/1/5 4621/1/5 4604/1/5
f 4639/1/5 4637/1/5 4636/1/5
f 4639/1/5 4638/1/5 4637/1/5
f 4639/1/5 4635/1/5 4621/1/5
f 4639/1/5 4636/1/5 4635/1/5
f 4640/1/5 4638/1/5 4639/1/5
f 4641/1/5 4604/1/5 4492/1/5
f 4641/1/5 4639/1/5 4604/1/5
f 4642/1/5 4639/1/5 4641/1/5
f 4643/1/5 4639/1/5 4642/1/5
f 4644/1/5 4639/1/5 4643/1/5
f 4645/2/5 4640/2/5 4639/2/5
f 4645/1/5 4639/1/5 4644/1/5
f 4646/1/5 4638/1/5 4640/1/5
f 4646/2/5 4640/2/5 4645/2/5
f 4647/1/5 4641/1/5 4492/1/5
f 4647/5/5 4642/5/5 4641/5/5
f 4648/1/5 4643/1/5 4642/1/5
f 4648/5/5 4642/5/5 4647/5/5
f 4649/4/5 4644/4/5 4643/4/5
f 4649/1/5 4643/1/5 4648/1/5
f 4650/1/5 4645/1/5 4644/1/5
f 4650/4/5 4644/4/5 4649/4/5
f 4650/1/5 4646/1/5 4645/1/5
f 4651/1/5 4638/1/5 4646/1/5
f 4651/1/5 4646/1/5 4650/1/5
f 4652/1/5 4638/1/5 4651/1/5
f 4653/1/5 4634/1/5 4638/1/5
f 4653/1/5 4638/1/5 4652/1/5
f 4654/1/5 4634/1/5 4653/1/5
f 4655/1/5 4620/1/5 4634/1/5
f 4655/1/5 4634/1/5 4654/1/5
f 4656/1/5 4588/1/5 4620/1/5
f 4656/1/5 4620/1/5 4655/1/5
f 4657/4/5 4652/4/5 4651/4/5
f 4657/1/5 4649/1/5 4648/1/5
f 4657/1/5 4648/1/5 4647/1/5
f 4657/1/5 4650/1/5 4649/1/5
f 4657/1/5 4651/1/5 4650/1/5
f 4658/1/5 4653/1/5 4652/1/5
f 4658/4/5 4652/4/5 4657/4/5
f 4659/5/5 4654/5/5 4653/5/5
f 4659/1/5 4653/1/5 4658/1/5
f 4660/1/5 4655/1/5 4654/1/5
f 4660/5/5 4654/5/5 4659/5/5
f 4661/3/5 4656/3/5 4655/3/5
f 4661/1/5 4655/1/5 4660/1/5
f 4662/1/5 4588/1/5 4656/1/5
f 4662/3/5 4656/3/5 4661/3/5
f 4663/1/5 4548/1/5 4588/1/5
f 4663/1/5 4588/1/5 4662/1/5
f 4664/1/5 4548/1/5 4663/1/5
f 4665/1/5 4548/1/5 4664/1/5
f 4666/1/5 4548/1/5 4665/1/5
f 4667/1/5 4659/1/5 4658/1/5
f 4667/1/5 4662/1/5 4661/1/5
f 4667/1/5 4661/1/5 4660/1/5
f 4667/1/5 4660/1/5 4659/1/5
f 4667/1/5 4658/1/5 4657/1/5
f 4667/1/5 4663/1/5 4662/1/5
f 4667/1/5 4657/1/5 4647/1/5
f 4668/1/5 4663/1/5 4667/1/5
f 4669/1/5 4663/1/5 4668/1/5
f 4670/1/5 4663/1/5 4669/1/5
f 4671/1/5 4663/1/5 4670/1/5
f 4672/1/5 4663/1/5 4671/1/5
f 4673/1/5 4663/1/5 4672/1/5
f 4674/1/5 4663/1/5 4673/1/5
f 4675/1/5 4663/1/5 4674/1/5
f 4676/1/5 4663/1/5 4675/1/5
f 4677/2/5 4664/2/5 4663/2/5
f 4677/1/5 4663/1/5 4676/1/5
f 4678/1/5 4665/1/5 4664/1/5
f 4678/2/5 4664/2/5 4677/2/5
f 4679/5/5 4666/5/5 4665/5/5
f 4679/1/5 4665/1/5 4678/1/5
f 4680/1/5 4548/1/5 4666/1/5
f 4680/5/5 4666/5/5 4679/5/5
f 4681/1/5 4667/1/5 4647/1/5
f 4681/3/5 4668/3/5 4667/3/5
f 4682/1/5 4669/1/5 4668/1/5
f 4682/3/5 4668/3/5 4681/3/5
f 4683/1/5 4669/1/5 4682/1/5
f 4684/1/5 4669/1/5 4683/1/5
f 4685/5/5 4670/5/5 4669/5/5
f 4685/1/5 4669/1/5 4684/1/5
f 4686/1/5 4671/1/5 4670/1/5
f 4686/5/5 4670/5/5 4685/5/5
f 4687/1/5 4671/1/5 4686/1/5
f 4688/1/5 4671/1/5 4687/1/5
f 4689/2/5 4672/2/5 4671/2/5
f 4689/1/5 4671/1/5 4688/1/5
f 4690/1/5 4673/1/5 4672/1/5
f 4690/2/5 4672/2/5 4689/2/5
f 4691/2/5 4674/2/5 4673/2/5
f 4691/1/5 4673/1/5 4690/1/5
f 4692/1/5 4675/1/5 4674/1/5
f 4692/2/5 4674/2/5 4691/2/5
f 4693/1/5 4675/1/5 4692/1/5
f 4694/4/5 4676/4/5 4675/4/5
f 4694/1/5 4675/1/5 4693/1/5
f 4695/1/5 4679/1/5 4678/1/5
f 4695/4/5 4676/4/5 4694/4/5
f 4695/1/5 4678/1/5 4677/1/5
f 4695/1/5 4677/1/5 4676/1/5
f 4695/1/5 4680/1/5 4679/1/5
f 4696/1/5 4681/1/5 4647/1/5
f 4696/1/5 4682/1/5 4681/1/5
f 4696/1/5 4683/1/5 4682/1/5
f 4697/1/5 4683/1/5 4696/1/5
f 4698/3/5 4684/3/5 4683/3/5
f 4698/1/5 4683/1/5 4697/1/5
f 4699/1/5 4687/1/5 4686/1/5
f 4699/3/5 4684/3/5 4698/3/5
f 4699/1/5 4686/1/5 4685/1/5
f 4699/1/5 4685/1/5 4684/1/5
f 4700/4/5 4688/4/5 4687/4/5
f 4700/1/5 4687/1/5 4699/1/5
f 4701/1/5 4692/1/5 4691/1/5
f 4701/4/5 4688/4/5 4700/4/5
f 4701/1/5 4693/1/5 4692/1/5
f 4701/1/5 4691/1/5 4690/1/5
f 4701/1/5 4690/1/5 4689/1/5
f 4701/1/5 4689/1/5 4688/1/5
f 4702/2/5 4694/2/5 4693/2/5
f 4702/1/5 4693/1/5 4701/1/5
f 4703/1/5 4695/1/5 4694/1/5
f 4703/2/5 4694/2/5 4702/2/5
f 4704/1/5 4548/1/5 4680/1/5
f 4704/1/5 4695/1/5 4703/1/5
f 4704/1/5 4680/1/5 4695/1/5
f 4705/1/5 4548/1/5 4704/1/5
f 4706/1/5 4701/1/5 4700/1/5
f 4706/1/5 4700/1/5 4699/1/5
f 4706/4/5 4705/4/5 4704/4/5
f 4706/1/5 4704/1/5 4703/1/5
f 4706/1/5 4698/1/5 4697/1/5
f 4706/1/5 4702/1/5 4701/1/5
f 4706/1/5 4699/1/5 4698/1/5
f 4706/1/5 4703/1/5 4702/1/5
f 4707/1/5 4548/1/5 4705/1/5
f 4707/4/5 4705/4/5 4706/4/5
f 4708/2/5 4697/2/5 4696/2/5
f 4708/1/5 4696/1/5 4647/1/5
f 4709/1/5 4706/1/5 4697/1/5
f 4709/2/5 4697/2/5 4708/2/5
f 4709/1/5 4707/1/5 4706/1/5
f 4710/1/5 4707/1/5 4709/1/5
f 4711/1/5 4707/1/5 4710/1/5
f 4712/1/5 4707/1/5 4711/1/5
f 4713/1/5 4707/1/5 4712/1/5
f 4714/1/5 4709/1/5 4708/1/5
f 4714/1/5 4710/1/5 4709/1/5
f 4715/1/5 4710/1/5 4714/1/5
f 4716/4/5 4711/4/5 4710/4/5
f 4716/1/5 4710/1/5 4715/1/5
f 4717/1/5 4712/1/5 4711/1/5
f 4717/4/5 4711/4/5 4716/4/5
f 4718/2/5 4713/2/5 4712/2/5
f 4718/1/5 4712/1/5 4717/1/5
f 4719/1/5 4707/1/5 4713/1/5
f 4719/2/5 4713/2/5 4718/2/5
f 4720/1/5 4707/1/5 4719/1/5
f 4721/1/5 4707/1/5 4720/1/5
f 4722/1/5 4714/1/5 4708/1/5
f 4723/1/5 4714/1/5 4722/1/5
f 4724/2/5 4715/2/5 4714/2/5
f 4724/1/5 4714/1/5 4723/1/5
f 4725/1/5 4718/1/5 4717/1/5
f 4725/2/5 4715/2/5 4724/2/5
f 4725/1/5 4717/1/5 4716/1/5
f 4725/1/5 4716/1/5 4715/1/5
f 4725/1/5 4719/1/5 4718/1/5
f 4725/1/5 4720/1/5 4719/1/5
f 4726/3/5 4721/3/5 4720/3/5
f 4726/1/5 4720/1/5 4725/1/5
f 4727/1/5 4707/1/5 4721/1/5
f 4727/3/5 4721/3/5 4726/3/5
f 4728/1/5 4722/1/5 4708/1/5
f 4728/2/5 4723/2/5 4722/2/5
f 4729/1/5 4724/1/5 4723/1/5
f 4729/2/5 4723/2/5 4728/2/5
f 4729/1/5 4727/1/5 4726/1/5
f 4729/1/5 4726/1/5 4725/1/5
f 4729/1/5 4725/1/5 4724/1/5
f 4730/1/5 4707/1/5 4727/1/5
f 4730/1/5 4727/1/5 4729/1/5
f 4731/1/5 4707/1/5 4730/1/5
f 4732/1/5 4728/1/5 4708/1/5
f 4732/1/5 4729/1/5 4728/1/5
f 4732/1/5 4730/1/5 4729/1/5
f 4733/1/5 4730/1/5 4732/1/5
f 4734/1/5 4730/1/5 4733/1/5
f 4735/1/5 4730/1/5 4734/1/5
f 4736/1/5 4730/1/5 4735/1/5
f 4737/1/5 4730/1/5 4736/1/5
f 4738/1/5 4730/1/5 4737/1/5
f 4739/1/5 4730/1/5 4738/1/5
f 4740/3/5 4731/3/5 4730/3/5
f 4740/1/5 4730/1/5 4739/1/5
f 4741/1/5 4707/1/5 4731/1/5
f 4741/3/5 4731/3/5 4740/3/5
f 4742/1/5 4707/1/5 4741/1/5
f 4743/1/5 4707/1/5 4742/1/5
f 4744/1/5 4732/1/5 4708/1/5
f 4744/2/5 4733/2/5 4732/2/5
f 4745/1/5 4734/1/5 4733/1/5
f 4745/2/5 4733/2/5 4744/2/5
f 4746/1/5 4734/1/5 4745/1/5
f 4747/5/5 4735/5/5 4734/5/5
f 4747/1/5 4734/1/5 4746/1/5
f 4748/1/5 4736/1/5 4735/1/5
f 4748/5/5 4735/5/5 4747/5/5
f 4749/5/5 4737/5/5 4736/5/5
f 4749/1/5 4736/1/5 4748/1/5
f 4750/1/5 4738/1/5 4737/1/5
f 4750/5/5 4737/5/5 4749/5/5
f 4751/1/5 4738/1/5 4750/1/5
f 4752/1/5 4738/1/5 4751/1/5
f 4753/3/5 4739/3/5 4738/3/5
f 4753/1/5 4738/1/5 4752/1/5
f 4754/1/5 4740/1/5 4739/1/5
f 4754/3/5 4739/3/5 4753/3/5
f 4754/1/5 4741/1/5 4740/1/5
f 4754/1/5 4742/1/5 4741/1/5
f 4755/1/5 4742/1/5 4754/1/5
f 4756/1/5 4742/1/5 4755/1/5
f 4757/1/5 4742/1/5 4756/1/5
f 4758/1/5 4742/1/5 4757/1/5
f 4759/2/5 4743/2/5 4742/2/5
f 4759/1/5 4742/1/5 4758/1/5
f 4760/1/5 4707/1/5 4743/1/5
f 4760/2/5 4743/2/5 4759/2/5
f 4761/1/5 4746/1/5 4745/1/5
f 4761/1/5 4745/1/5 4744/1/5
f 4762/1/5 4746/1/5 4761/1/5
f 4763/5/5 4747/5/5 4746/5/5
f 4763/1/5 4746/1/5 4762/1/5
f 4764/3/5 4748/3/5 4747/3/5
f 4764/5/5 4747/5/5 4763/5/5
f 4765/1/5 4749/1/5 4748/1/5
f 4765/3/5 4748/3/5 4764/3/5
f 4765/1/5 4751/1/5 4750/1/5
f 4765/1/5 4750/1/5 4749/1/5
f 4766/3/5 4752/3/5 4751/3/5
f 4766/1/5 4751/1/5 4765/1/5
f 4767/1/5 4753/1/5 4752/1/5
f 4767/3/5 4752/3/5 4766/3/5
f 4767/1/5 4754/1/5 4753/1/5
f 4767/1/5 4755/1/5 4754/1/5
f 4768/2/5 4756/2/5 4755/2/5
f 4768/1/5 4755/1/5 4767/1/5
f 4769/1/5 4757/1/5 4756/1/5
f 4769/2/5 4756/2/5 4768/2/5
f 4770/4/5 4758/4/5 4757/4/5
f 4770/1/5 4757/1/5 4769/1/5
f 4771/1/5 4759/1/5 4758/1/5
f 4771/4/5 4758/4/5 4770/4/5
f 4771/1/5 4760/1/5 4759/1/5
f 4772/1/5 4707/1/5 4760/1/5
f 4772/1/5 4760/1/5 4771/1/5
f 4773/1/5 4707/1/5 4772/1/5
f 4774/3/5 4762/3/5 4761/3/5
f 4775/1/5 4766/1/5 4765/1/5
f 4775/3/5 4762/3/5 4774/3/5
f 4775/1/5 4765/1/5 4764/1/5
f 4775/1/5 4770/1/5 4769/1/5
f 4775/1/5 4772/1/5 4771/1/5
f 4775/1/5 4767/1/5 4766/1/5
f 4775/1/5 4768/1/5 4767/1/5
f 4775/1/5 4769/1/5 4768/1/5
f 4775/1/5 4764/1/5 4763/1/5
f 4775/1/5 4763/1/5 4762/1/5
f 4775/1/5 4771/1/5 4770/1/5
f 4776/1/5 4772/1/5 4775/1/5
f 4777/1/5 4772/1/5 4776/1/5
f 4778/1/5 4772/1/5 4777/1/5
f 4779/1/5 4772/1/5 4778/1/5
f 4780/1/5 4772/1/5 4779/1/5
f 4781/1/5 4772/1/5 4780/1/5
f 4782/4/5 4773/4/5 4772/4/5
f 4782/1/5 4707/1/5 4773/1/5
f 4783/1/5 4707/1/5 4782/1/5
f 4784/3/5 4774/3/5 4761/3/5
f 4784/1/5 4761/1/5 4744/1/5
f 4785/1/5 4775/1/5 4774/1/5
f 4785/3/5 4774/3/5 4784/3/5
f 4785/1/5 4776/1/5 4775/1/5
f 4786/4/5 4777/4/5 4776/4/5
f 4786/1/5 4776/1/5 4785/1/5
f 4787/1/5 4778/1/5 4777/1/5
f 4787/4/5 4777/4/5 4786/4/5
f 4788/4/5 4779/4/5 4778/4/5
f 4788/1/5 4778/1/5 4787/1/5
f 4789/1/5 4780/1/5 4779/1/5
f 4789/4/5 4779/4/5 4788/4/5
f 4790/1/5 4780/1/5 4789/1/5
f 4791/1/5 4780/1/5 4790/1/5
f 4792/4/5 4781/4/5 4780/4/5
f 4792/1/5 4780/1/5 4791/1/5
f 4793/1/5 4772/1/5 4781/1/5
f 4793/4/5 4781/4/5 4792/4/5
f 4794/1/5 4772/1/5 4793/1/5
f 4795/1/5 4772/1/5 4794/1/5
f 4796/4/5 4783/4/5 4782/4/5
f 4796/1/5 4772/1/5 4795/1/5
f 4796/4/5 4782/4/5 4772/4/5
f 4797/1/5 4707/1/5 4783/1/5
f 4797/4/5 4783/4/5 4796/4/5
f 4798/1/5 4784/1/5 4744/1/5
f 4798/1/5 4785/1/5 4784/1/5
f 4798/1/5 4786/1/5 4785/1/5
f 4798/1/5 4787/1/5 4786/1/5
f 4798/1/5 4790/1/5 4789/1/5
f 4798/1/5 4789/1/5 4788/1/5
f 4798/1/5 4788/1/5 4787/1/5
f 4799/1/5 4790/1/5 4798/1/5
f 4800/4/5 4791/4/5 4790/4/5
f 4800/1/5 4790/1/5 4799/1/5
f 4801/1/5 4792/1/5 4791/1/5
f 4801/4/5 4791/4/5 4800/4/5
f 4801/1/5 4794/1/5 4793/1/5
f 4801/1/5 4793/1/5 4792/1/5
f 4802/1/5 4794/1/5 4801/1/5
f 4803/1/5 4794/1/5 4802/1/5
f 4804/1/5 4794/1/5 4803/1/5
f 4805/5/5 4795/5/5 4794/5/5
f 4806/1/5 4796/1/5 4795/1/5
f 4806/5/5 4795/5/5 4805/5/5
f 4806/1/5 4797/1/5 4796/1/5
f 4807/3/5 4799/3/5 4798/3/5
f 4807/1/5 4798/1/5 4744/1/5
f 4808/1/5 4800/1/5 4799/1/5
f 4808/3/5 4799/3/5 4807/3/5
f 4808/1/5 4801/1/5 4800/1/5
f 4809/4/5 4802/4/5 4801/4/5
f 4809/1/5 4801/1/5 4808/1/5
f 4810/1/5 4803/1/5 4802/1/5
f 4810/4/5 4802/4/5 4809/4/5
f 4811/4/5 4804/4/5 4803/4/5
f 4811/1/5 4803/1/5 4810/1/5
f 4812/1/5 4794/1/5 4804/1/5
f 4812/4/5 4804/4/5 4811/4/5
f 4813/5/5 4805/5/5 4794/5/5
f 4813/1/5 4794/1/5 4812/1/5
f 4814/1/5 4806/1/5 4805/1/5
f 4814/5/5 4805/5/5 4813/5/5
f 4815/1/5 4812/1/5 4811/1/5
f 4815/1/5 4811/1/5 4810/1/5
f 4815/1/5 4814/1/5 4813/1/5
f 4815/1/5 4808/1/5 4807/1/5
f 4815/1/5 4809/1/5 4808/1/5
f 4815/1/5 4810/1/5 4809/1/5
f 4815/1/5 4813/1/5 4812/1/5
f 4816/1/5 4814/1/5 4815/1/5
f 4817/1/5 4815/1/5 4807/1/5
f 4817/3/5 4816/3/5 4815/3/5
f 4818/1/5 4814/1/5 4816/1/5
f 4818/3/5 4816/3/5 4817/3/5
f 4819/1/5 4814/1/5 4818/1/5
f 4820/1/5 4814/1/5 4819/1/5
f 4821/1/5 4817/1/5 4807/1/5
f 4821/1/5 4818/1/5 4817/1/5
f 4821/1/5 4819/1/5 4818/1/5
f 4822/1/5 4819/1/5 4821/1/5
f 4823/3/5 4820/3/5 4819/3/5
f 4823/1/5 4819/1/5 4822/1/5
f 4824/1/5 4814/1/5 4820/1/5
f 4824/3/5 4820/3/5 4823/3/5
f 4825/2/5 4822/2/5 4821/2/5
f 4825/1/5 4821/1/5 4807/1/5
f 4826/1/5 4823/1/5 4822/1/5
f 4826/2/5 4822/2/5 4825/2/5
f 4826/1/5 4824/1/5 4823/1/5
f 4827/1/5 4824/1/5 4826/1/5
f 4828/1/5 4824/1/5 4827/1/5
f 4829/1/5 4826/1/5 4825/1/5
f 4829/1/5 4827/1/5 4826/1/5
f 4829/5/5 4828/5/5 4827/5/5
f 4830/1/5 4824/1/5 4828/1/5
f 4830/5/5 4828/5/5 4829/5/5
f 4831/1/5 4825/1/5 4807/1/5
f 4831/1/5 4829/1/5 4825/1/5
f 4831/1/5 4830/1/5 4829/1/5
f 4832/1/5 4830/1/5 4831/1/5
f 4833/1/5 4831/1/5 4807/1/5
f 4834/1/5 4831/1/5 4833/1/5
f 4835/5/5 4832/5/5 4831/5/5
f 4835/1/5 4831/1/5 4834/1/5
f 4836/1/5 4830/1/5 4832/1/5
f 4836/5/5 4832/5/5 4835/5/5
f 4837/1/5 4824/1/5 4830/1/5
f 4837/1/5 4830/1/5 4836/1/5
f 4838/1/5 4824/1/5 4837/1/5
f 4839/3/5 4834/3/5 4833/3/5
f 4839/1/5 4833/1/5 4807/1/5
f 4840/1/5 4836/1/5 4835/1/5
f 4840/3/5 4834/3/5 4839/3/5
f 4840/1/5 4835/1/5 4834/1/5
f 4840/1/5 4837/1/5 4836/1/5
f 4841/1/5 4837/1/5 4840/1/5
f 4842/1/5 4837/1/5 4841/1/5
f 4843/3/5 4838/3/5 4837/3/5
f 4843/1/5 4837/1/5 4842/1/5
f 4844/1/5 4824/1/5 4838/1/5
f 4844/3/5 4838/3/5 4843/3/5
f 4845/3/5 4842/3/5 4841/3/5
f 4845/1/5 4840/1/5 4839/1/5
f 4845/1/5 4841/1/5 4840/1/5
f 4846/1/5 4843/1/5 4842/1/5
f 4846/3/5 4842/3/5 4845/3/5
f 4846/1/5 4844/1/5 4843/1/5
f 4847/1/5 4844/1/5 4846/1/5
f 4848/1/5 4844/1/5 4847/1/5
f 4849/1/5 4844/1/5 4848/1/5
f 4850/1/5 4844/1/5 4849/1/5
f 4851/1/5 4824/1/5 4844/1/5
f 4851/1/5 4844/1/5 4850/1/5
f 4852/1/5 4824/1/5 4851/1/5
f 4853/1/5 4846/1/5 4845/1/5
f 4853/1/5 4847/1/5 4846/1/5
f 4853/2/5 4848/2/5 4847/2/5
f 4854/1/5 4849/1/5 4848/1/5
f 4854/2/5 4848/2/5 4853/2/5
f 4855/3/5 4850/3/5 4849/3/5
f 4855/1/5 4849/1/5 4854/1/5
f 4856/1/5 4851/1/5 4850/1/5
f 4856/3/5 4850/3/5 4855/3/5
f 4857/3/5 4852/3/5 4851/3/5
f 4857/1/5 4851/1/5 4856/1/5
f 4858/1/5 4824/1/5 4852/1/5
f 4858/3/5 4852/3/5 4857/3/5
f 4859/1/5 4824/1/5 4858/1/5
f 4860/1/5 4824/1/5 4859/1/5
f 4861/1/5 4854/1/5 4853/1/5
f 4861/1/5 4857/1/5 4856/1/5
f 4861/1/5 4856/1/5 4855/1/5
f 4861/1/5 4859/1/5 4858/1/5
f 4861/1/5 4858/1/5 4857/1/5
f 4861/1/5 4855/1/5 4854/1/5
f 4862/5/5 4860/5/5 4859/5/5
f 4862/1/5 4859/1/5 4861/1/5
f 4863/5/5 4860/5/5 4862/5/5
f 4864/1/5 4824/1/5 4860/1/5
f 4864/5/5 4860/5/5 4863/5/5
f 4865/5/5 4863/5/5 4862/5/5
f 4865/1/5 4861/1/5 4853/1/5
f 4865/5/5 4862/5/5 4861/5/5
f 4866/1/5 4864/1/5 4863/1/5
f 4866/5/5 4863/5/5 4865/5/5
f 4867/1/5 4865/1/5 4853/1/5
f 4867/1/5 4866/1/5 4865/1/5
f 4868/1/5 4866/1/5 4867/1/5
f 4869/1/5 4867/1/5 4853/1/5
f 4870/12/5 4868/12/5 4867/12/5
f 4870/1/5 4867/1/5 4869/1/5
f 4871/1/5 4866/1/5 4868/1/5
f 4871/12/5 4868/12/5 4870/12/5
f 4872/1/5 4866/1/5 4871/1/5
f 4873/1/5 4845/1/5 4839/1/5
f 4873/1/5 4853/1/5 4845/1/5
f 4873/1/5 4869/1/5 4853/1/5
f 4874/12/5 4872/12/5 4871/12/5
f 4874/1/5 4869/1/5 4873/1/5
f 4874/12/5 4870/12/5 4869/12/5
f 4874/12/5 4871/12/5 4870/12/5
f 4875/1/5 4866/1/5 4872/1/5
f 4875/12/5 4872/12/5 4874/12/5
f 4876/1/5 4866/1/5 4875/1/5
f 4877/1/5 4493/1/5 4548/1/5
f 4877/1/5 4866/1/5 4876/1/5
f 4877/1/5 4548/1/5 4707/1/5
f 4877/1/5 4806/1/5 4814/1/5
f 4877/1/5 4707/1/5 4797/1/5
f 4877/1/5 4864/1/5 4866/1/5
f 4877/1/5 4797/1/5 4806/1/5
f 4877/1/5 4824/1/5 4864/1/5
f 4877/1/5 4814/1/5 4824/1/5
f 4878/1/5 4493/1/5 4877/1/5
f 4879/1/5 4873/1/5 4839/1/5
f 4879/1/5 4839/1/5 4807/1/5
f 4880/1/5 4873/1/5 4879/1/5
f 4881/1/5 4873/1/5 4880/1/5
f 4882/12/5 4876/12/5 4875/12/5
f 4882/1/5 4873/1/5 4881/1/5
f 4882/12/5 4875/12/5 4874/12/5
f 4882/12/5 4874/12/5 4873/12/5
f 4883/1/5 4877/1/5 4876/1/5
f 4884/12/5 4878/12/5 4877/12/5
f 4884/1/5 4877/1/5 4883/1/5
f 4885/1/5 4807/1/5 4744/1/5
f 4885/1/5 4879/1/5 4807/1/5
f 4886/1/5 4879/1/5 4885/1/5
f 4887/1/5 4879/1/5 4886/1/5
f 4888/1/5 4879/1/5 4887/1/5
f 4889/1/5 4879/1/5 4888/1/5
f 4890/12/5 4880/12/5 4879/12/5
f 4890/1/5 4879/1/5 4889/1/5
f 4891/1/5 4881/1/5 4880/1/5
f 4891/12/5 4880/12/5 4890/12/5
f 4892/12/5 4882/12/5 4881/12/5
f 4892/1/5 4881/1/5 4891/1/5
f 4893/1/5 4883/1/5 4876/1/5
f 4893/12/5 4882/12/5 4892/12/5
f 4893/12/5 4876/12/5 4882/12/5
f 4894/1/5 4883/1/5 4893/1/5
f 4895/1/5 4883/1/5 4894/1/5
f 4896/12/5 4884/12/5 4883/12/5
f 4896/1/5 4883/1/5 4895/1/5
f 4897/1/5 4744/1/5 4708/1/5
f 4897/1/5 4885/1/5 4744/1/5
f 4898/12/5 4886/12/5 4885/12/5
f 4898/1/5 4885/1/5 4897/1/5
f 4899/1/5 4887/1/5 4886/1/5
f 4899/12/5 4886/12/5 4898/12/5
f 4900/12/5 4888/12/5 4887/12/5
f 4900/1/5 4887/1/5 4899/1/5
f 4901/1/5 4889/1/5 4888/1/5
f 4901/12/5 4888/12/5 4900/12/5
f 4902/12/5 4890/12/5 4889/12/5
f 4902/1/5 4889/1/5 4901/1/5
f 4902/12/5 4892/12/5 4891/12/5
f 4902/12/5 4894/12/5 4893/12/5
f 4902/12/5 4893/12/5 4892/12/5
f 4902/12/5 4891/12/5 4890/12/5
f 4903/1/5 4895/1/5 4894/1/5
f 4903/12/5 4894/12/5 4902/12/5
f 4904/1/5 4895/1/5 4903/1/5
f 4905/1/5 4895/1/5 4904/1/5
f 4906/12/5 4896/12/5 4895/12/5
f 4906/1/5 4895/1/5 4905/1/5
f 4907/1/5 4708/1/5 4647/1/5
f 4907/1/5 4897/1/5 4708/1/5
f 4908/12/5 4901/12/5 4900/12/5
f 4908/1/5 4897/1/5 4907/1/5
f 4908/12/5 4900/12/5 4899/12/5
f 4908/12/5 4904/12/5 4903/12/5
f 4908/12/5 4903/12/5 4902/12/5
f 4908/12/5 4902/12/5 4901/12/5
f 4908/12/5 4898/12/5 4897/12/5
f 4908/12/5 4899/12/5 4898/12/5
f 4909/1/5 4905/1/5 4904/1/5
f 4909/12/5 4904/12/5 4908/12/5
f 4910/1/5 4905/1/5 4909/1/5
f 4911/1/5 4905/1/5 4910/1/5
f 4912/12/5 4906/12/5 4905/12/5
f 4912/1/5 4905/1/5 4911/1/5
f 4913/1/5 4907/1/5 4647/1/5
f 4913/1/5 4647/1/5 4492/1/5
f 4914/1/5 4907/1/5 4913/1/5
f 4915/1/5 4907/1/5 4914/1/5
f 4916/12/5 4908/12/5 4907/12/5
f 4916/1/5 4907/1/5 4915/1/5
f 4916/12/5 4909/12/5 4908/12/5
f 4916/12/5 4910/12/5 4909/12/5
f 4917/1/5 4911/1/5 4910/1/5
f 4917/12/5 4910/12/5 4916/12/5
f 4918/1/5 4911/1/5 4917/1/5
f 4919/1/5 4911/1/5 4918/1/5
f 4920/12/5 4912/12/5 4911/12/5
f 4920/1/5 4911/1/5 4919/1/5
f 4921/1/5 4915/1/5 4914/1/5
f 4921/12/5 4914/12/5 4913/12/5
f 4922/12/5 4916/12/5 4915/12/5
f 4922/1/5 4915/1/5 4921/1/5
f 4922/12/5 4917/12/5 4916/12/5
f 4922/12/5 4918/12/5 4917/12/5
f 4923/1/5 4919/1/5 4918/1/5
f 4923/12/5 4918/12/5 4922/12/5
f 4924/1/5 4919/1/5 4923/1/5
f 4925/1/5 4919/1/5 4924/1/5
f 4926/12/5 4920/12/5 4919/12/5
f 4926/1/5 4919/1/5 4925/1/5
f 4927/12/5 4922/12/5 4921/12/5
f 4927/1/5 4925/1/5 4924/1/5
f 4927/12/5 4923/12/5 4922/12/5
f 4927/12/5 4924/12/5 4923/12/5
f 4928/1/5 4925/1/5 4927/1/5
f 4929/1/5 4925/1/5 4928/1/5
f 4930/12/5 4926/12/5 4925/12/5
f 4930/1/5 4925/1/5 4929/1/5
f 4931/1/5 4929/1/5 4928/1/5
f 4932/1/5 4929/1/5 4931/1/5
f 4933/1/5 4929/1/5 4932/1/5
f 4934/1/5 4929/1/5 4933/1/5
f 4935/1/5 4929/1/5 4934/1/5
f 4936/12/5 4930/12/5 4929/12/5
f 4936/1/5 4929/1/5 4935/1/5
f 4937/12/5 4928/12/5 4927/12/5
f 4937/1/5 4931/1/5 4928/1/5
f 4938/12/5 4932/12/5 4931/12/5
f 4938/1/5 4931/1/5 4937/1/5
f 4939/1/5 4933/1/5 4932/1/5
f 4939/12/5 4932/12/5 4938/12/5
f 4940/12/5 4934/12/5 4933/12/5
f 4940/1/5 4933/1/5 4939/1/5
f 4941/1/5 4935/1/5 4934/1/5
f 4941/12/5 4934/12/5 4940/12/5
f 4942/1/5 4935/1/5 4941/1/5
f 4943/1/5 4935/1/5 4942/1/5
f 4944/1/5 4935/1/5 4943/1/5
f 4945/1/5 4935/1/5 4944/1/5
f 4946/12/5 4936/12/5 4935/12/5
f 4946/1/5 4935/1/5 4945/1/5
f 4947/12/5 4940/12/5 4939/12/5
f 4947/12/5 4938/12/5 4937/12/5
f 4947/12/5 4939/12/5 4938/12/5
f 4947/12/5 4941/12/5 4940/12/5
f 4947/1/5 4943/1/5 4942/1/5
f 4947/12/5 4942/12/5 4941/12/5
f 4948/12/5 4944/12/5 4943/12/5
f 4948/1/5 4943/1/5 4947/1/5
f 4949/1/5 4945/1/5 4944/1/5
f 4949/12/5 4944/12/5 4948/12/5
f 4950/12/5 4946/12/5 4945/12/5
f 4950/1/5 4945/1/5 4949/1/5
f 4951/12/5 4921/12/5 4913/12/5
f 4951/12/5 4927/12/5 4921/12/5
f 4951/12/5 4950/12/5 4949/12/5
f 4951/12/5 4947/12/5 4937/12/5
f 4951/12/5 4949/12/5 4948/12/5
f 4951/12/5 4937/12/5 4927/12/5
f 4951/12/5 4948/12/5 4947/12/5
f 4952/12/5 4896/12/5 4906/12/5
f 4952/12/5 4950/12/5 4951/12/5
f 4952/12/5 4906/12/5 4912/12/5
f 4952/12/5 4930/12/5 4936/12/5
f 4952/12/5 4936/12/5 4946/12/5
f 4952/12/5 4912/12/5 4920/12/5
f 4952/12/5 4926/12/5 4930/12/5
f 4952/12/5 4884/12/5 4896/12/5
f 4952/12/5 4946/12/5 4950/12/5
f 4952/12/5 4878/12/5 4884/12/5
f 4952/12/5 4920/12/5 4926/12/5
f 4953/1/6 4954/1/6 4955/1/6
f 4955/1/6 4954/1/6 4956/1/6
f 4953/1/6 4955/1/6 4957/1/6
f 4955/4/6 4956/4/6 4958/4/6
f 4957/1/6 4955/1/6 4958/1/6
f 4956/1/6 4954/1/6 4959/1/6
f 4958/4/6 4956/4/6 4959/4/6
f 4959/1/6 4954/1/6 4960/1/6
f 4960/1/6 4954/1/6 4961/1/6
f 4957/4/6 4958/4/6 4962/4/6
f 4953/1/6 4957/1/6 4962/1/6
f 4958/1/6 4959/1/6 4963/1/6
f 4962/4/6 4958/4/6 4963/4/6
f 4959/1/6 4960/1/6 4963/1/6
f 4960/3/6 4961/3/6 4964/3/6
f 4963/1/6 4960/1/6 4964/1/6
f 4961/1/6 4954/1/6 4965/1/6
f 4964/3/6 4961/3/6 4965/3/6
f 4965/1/6 4954/1/6 4966/1/6
f 4966/1/6 4954/1/6 4967/1/6
f 4963/1/6 4964/1/6 4968/1/6
f 4962/1/6 4963/1/6 4968/1/6
f 4964/1/6 4965/1/6 4968/1/6
f 4965/1/6 4966/1/6 4968/1/6
f 4968/1/6 4966/1/6 4969/1/6
f 4966/3/6 4967/3/6 4970/3/6
f 4969/1/6 4966/1/6 4970/1/6
f 4967/1/6 4954/1/6 4971/1/6
f 4970/3/6 4967/3/6 4971/3/6
f 4971/1/6 4954/1/6 4972/1/6
f 4972/1/6 4954/1/6 4973/1/6
f 4973/1/6 4954/1/6 4974/1/6
f 4974/1/6 4954/1/6 4975/1/6
f 4953/1/6 4962/1/6 4976/1/6
f 4962/1/6 4968/1/6 4976/1/6
f 4976/1/6 4968/1/6 4977/1/6
f 4977/1/6 4968/1/6 4978/1/6
f 4978/1/6 4968/1/6 4979/1/6
f 4979/1/6 4968/1/6 4980/1/6
f 4980/1/6 4968/1/6 4981/1/6
f 4968/4/6 4969/4/6 4982/4/6
f 4981/1/6 4968/1/6 4982/1/6
f 4969/1/6 4970/1/6 4983/1/6
f 4982/4/6 4969/4/6 4983/4/6
f 4970/1/6 4971/1/6 4983/1/6
f 4971/1/6 4972/1/6 4983/1/6
f 4972/2/6 4973/2/6 4984/2/6
f 4983/1/6 4972/1/6 4984/1/6
f 4973/1/6 4974/1/6 4985/1/6
f 4984/2/6 4973/2/6 4985/2/6
f 4974/3/6 4975/3/6 4986/3/6
f 4985/1/6 4974/1/6 4986/1/6
f 4975/1/6 4954/1/6 4987/1/6
f 4986/3/6 4975/3/6 4987/3/6
f 4953/1/6 4976/1/6 4988/1/6
f 4976/3/6 4977/3/6 4988/3/6
f 4977/1/6 4978/1/6 4989/1/6
f 4988/3/6 4977/3/6 4989/3/6
f 4989/1/6 4978/1/6 4990/1/6
f 4990/1/6 4978/1/6 4991/1/6
f 4978/3/6 4979/3/6 4992/3/6
f 4991/1/6 4978/1/6 4992/1/6
f 4979/1/6 4980/1/6 4993/1/6
f 4992/3/6 4979/3/6 4993/3/6
f 4980/2/6 4981/2/6 4994/2/6
f 4993/1/6 4980/1/6 4994/1/6
f 4981/1/6 4982/1/6 4995/1/6
f 4994/2/6 4981/2/6 4995/2/6
f 4985/1/6 4986/1/6 4995/1/6
f 4984/1/6 4985/1/6 4995/1/6
f 4982/1/6 4983/1/6 4995/1/6
f 4983/1/6 4984/1/6 4995/1/6
f 4986/1/6 4987/1/6 4995/1/6
f 4995/1/6 4987/1/6 4996/1/6
f 4996/1/6 4987/1/6 4997/1/6
f 4997/1/6 4987/1/6 4998/1/6
f 4998/1/6 4987/1/6 4999/1/6
f 4987/1/6 4954/1/6 5000/1/6
f 4999/1/6 4987/1/6 5000/1/6
f 5000/1/6 4954/1/6 5001/1/6
f 5001/1/6 4954/1/6 5002/1/6
f 5002/1/6 4954/1/6 5003/1/6
f 4989/1/6 4990/1/6 5004/1/6
f 4988/1/6 4989/1/6 5004/1/6
f 4990/2/6 4991/2/6 5004/2/6
f 4993/1/6 4994/1/6 5005/1/6
f 5004/2/6 4991/2/6 5005/2/6
f 4992/1/6 4993/1/6 5005/1/6
f 4991/1/6 4992/1/6 5005/1/6
f 4994/1/6 4995/1/6 5005/1/6
f 4995/1/6 4996/1/6 5005/1/6
f 4996/2/6 4997/2/6 5006/2/6
f 5005/1/6 4996/1/6 5006/1/6
f 4997/1/6 4998/1/6 5007/1/6
f 5006/2/6 4997/2/6 5007/2/6
f 4998/4/6 4999/4/6 5008/4/6
f 5007/1/6 4998/1/6 5008/1/6
f 5008/4/6 4999/4/6 5009/4/6
f 4999/1/6 5000/1/6 5010/1/6
f 5000/3/6 5001/3/6 5010/3/6
f 5001/1/6 5002/1/6 5011/1/6
f 5010/3/6 5001/3/6 5011/3/6
f 5011/1/6 5002/1/6 5012/1/6
f 5012/1/6 5002/1/6 5013/1/6
f 5009/4/6 4999/4/6 5014/4/6
f 5005/1/6 5006/1/6 5014/1/6
f 5008/1/6 5009/1/6 5014/1/6
f 5006/1/6 5007/1/6 5014/1/6
f 5007/1/6 5008/1/6 5014/1/6
f 5004/1/6 5005/1/6 5014/1/6
f 4999/1/6 5010/1/6 5015/1/6
f 5014/4/6 4999/4/6 5015/4/6
f 5011/1/6 5012/1/6 5015/1/6
f 5010/1/6 5011/1/6 5015/1/6
f 5015/1/6 5012/1/6 5016/1/6
f 5016/1/6 5012/1/6 5017/1/6
f 5017/1/6 5012/1/6 5018/1/6
f 5004/1/6 5014/1/6 5019/1/6
f 5014/1/6 5015/1/6 5019/1/6
f 5019/1/6 5015/1/6 5020/1/6
f 5015/4/6 5016/4/6 5021/4/6
f 5020/1/6 5015/1/6 5021/1/6
f 5016/1/6 5017/1/6 5022/1/6
f 5021/4/6 5016/4/6 5022/4/6
f 5022/1/6 5017/1/6 5023/1/6
f 5023/1/6 5017/1/6 5024/1/6
f 5024/1/6 5017/1/6 5025/1/6
f 4988/1/6 5004/1/6 5026/1/6
f 5004/1/6 5019/1/6 5026/1/6
f 5026/1/6 5019/1/6 5027/1/6
f 5027/1/6 5019/1/6 5028/1/6
f 5028/1/6 5019/1/6 5029/1/6
f 5029/1/6 5019/1/6 5030/1/6
f 5019/4/6 5020/4/6 5031/4/6
f 5030/1/6 5019/1/6 5031/1/6
f 5020/1/6 5021/1/6 5032/1/6
f 5031/4/6 5020/4/6 5032/4/6
f 5021/1/6 5022/1/6 5032/1/6
f 5032/1/6 5022/1/6 5033/1/6
f 5033/1/6 5022/1/6 5034/1/6
f 5034/1/6 5022/1/6 5035/1/6
f 5035/1/6 5022/1/6 5036/1/6
f 5022/4/6 5023/4/6 5037/4/6
f 5036/1/6 5022/1/6 5037/1/6
f 5023/1/6 5024/1/6 5038/1/6
f 5037/4/6 5023/4/6 5038/4/6
f 5038/1/6 5024/1/6 5039/1/6
f 5039/1/6 5024/1/6 5040/1/6
f 5040/1/6 5024/1/6 5041/1/6
f 5041/1/6 5024/1/6 5042/1/6
f 5042/1/6 5024/1/6 5043/1/6
f 4988/1/6 5026/1/6 5044/1/6
f 5026/5/6 5027/5/6 5044/5/6
f 5027/3/6 5028/3/6 5045/3/6
f 5044/5/6 5027/5/6 5045/5/6
f 5028/1/6 5029/1/6 5046/1/6
f 5045/3/6 5028/3/6 5046/3/6
f 5029/3/6 5030/3/6 5047/3/6
f 5046/1/6 5029/1/6 5047/1/6
f 5030/1/6 5031/1/6 5048/1/6
f 5047/3/6 5030/3/6 5048/3/6
f 5031/1/6 5032/1/6 5048/1/6
f 5032/1/6 5033/1/6 5048/1/6
f 5048/1/6 5033/1/6 5049/1/6
f 5049/1/6 5033/1/6 5050/1/6
f 5033/4/6 5034/4/6 5051/4/6
f 5050/1/6 5033/1/6 5051/1/6
f 5034/1/6 5035/1/6 5052/1/6
f 5051/4/6 5034/4/6 5052/4/6
f 5035/2/6 5036/2/6 5053/2/6
f 5052/1/6 5035/1/6 5053/1/6
f 5036/1/6 5037/1/6 5054/1/6
f 5053/2/6 5036/2/6 5054/2/6
f 5037/1/6 5038/1/6 5054/1/6
f 5038/4/6 5039/4/6 5055/4/6
f 5054/1/6 5038/1/6 5055/1/6
f 5039/1/6 5040/1/6 5056/1/6
f 5055/4/6 5039/4/6 5056/4/6
f 5056/1/6 5040/1/6 5057/1/6
f 5040/2/6 5041/2/6 5058/2/6
f 5057/1/6 5040/1/6 5058/1/6
f 5041/1/6 5042/1/6 5059/1/6
f 5058/2/6 5041/2/6 5059/2/6
f 4953/1/6 4988/1/6 5060/1/6
f 5046/1/6 5047/1/6 5060/1/6
f 5045/1/6 5046/1/6 5060/1/6
f 5044/1/6 5045/1/6 5060/1/6
f 5047/1/6 5048/1/6 5060/1/6
f 4988/1/6 5044/1/6 5060/1/6
f 5048/1/6 5049/1/6 5060/1/6
f 5060/1/6 5049/1/6 5061/1/6
f 5061/1/6 5049/1/6 5062/1/6
f 5062/1/6 5049/1/6 5063/1/6
f 5049/4/6 5050/4/6 5064/4/6
f 5063/1/6 5049/1/6 5064/1/6
f 5055/1/6 5056/1/6 5065/1/6
f 5064/4/6 5050/4/6 5065/4/6
f 5052/1/6 5053/1/6 5065/1/6
f 5053/1/6 5054/1/6 5065/1/6
f 5051/1/6 5052/1/6 5065/1/6
f 5050/1/6 5051/1/6 5065/1/6
f 5054/1/6 5055/1/6 5065/1/6
f 5065/1/6 5056/1/6 5066/1/6
f 5066/1/6 5056/1/6 5067/1/6
f 5067/1/6 5056/1/6 5068/1/6
f 5068/1/6 5056/1/6 5069/1/6
f 5056/4/6 5057/4/6 5070/4/6
f 5069/1/6 5056/1/6 5070/1/6
f 5058/1/6 5059/1/6 5071/1/6
f 5070/4/6 5057/4/6 5071/4/6
f 5057/1/6 5058/1/6 5071/1/6
f 5071/1/6 5059/1/6 5072/1/6
f 5072/1/6 5059/1/6 5073/1/6
f 5073/1/6 5059/1/6 5074/1/6
f 5059/1/6 5042/1/6 5075/1/6
f 5074/1/6 5059/1/6 5075/1/6
f 5075/1/6 5042/1/6 5076/1/6
f 5060/3/6 5061/3/6 5077/3/6
f 4953/1/6 5060/1/6 5077/1/6
f 5061/1/6 5062/1/6 5078/1/6
f 5077/3/6 5061/3/6 5078/3/6
f 5062/2/6 5063/2/6 5079/2/6
f 5078/1/6 5062/1/6 5079/1/6
f 5063/1/6 5064/1/6 5080/1/6
f 5079/2/6 5063/2/6 5080/2/6
f 5064/1/6 5065/1/6 5080/1/6
f 5065/1/6 5066/1/6 5080/1/6
f 5080/1/6 5066/1/6 5081/1/6
f 5081/1/6 5066/1/6 5082/1/6
f 5066/4/6 5067/4/6 5083/4/6
f 5082/1/6 5066/1/6 5083/1/6
f 5067/1/6 5068/1/6 5084/1/6
f 5083/4/6 5067/4/6 5084/4/6
f 5068/3/6 5069/3/6 5085/3/6
f 5084/1/6 5068/1/6 5085/1/6
f 5069/1/6 5070/1/6 5086/1/6
f 5085/3/6 5069/3/6 5086/3/6
f 5070/1/6 5071/1/6 5086/1/6
f 5086/1/6 5071/1/6 5087/1/6
f 5087/1/6 5071/1/6 5088/1/6
f 5088/1/6 5071/1/6 5089/1/6
f 5071/4/6 5072/4/6 5090/4/6
f 5089/1/6 5071/1/6 5090/1/6
f 5072/1/6 5073/1/6 5091/1/6
f 5090/4/6 5072/4/6 5091/4/6
f 5073/4/6 5074/4/6 5092/4/6
f 5091/1/6 5073/1/6 5092/1/6
f 5074/1/6 5075/1/6 5093/1/6
f 5092/4/6 5074/4/6 5093/4/6
f 5093/1/6 5075/1/6 5094/1/6
f 5094/1/6 5075/1/6 5095/1/6
f 5078/1/6 5079/1/6 5096/1/6
f 4953/1/6 5077/1/6 5096/1/6
f 5077/1/6 5078/1/6 5096/1/6
f 5080/1/6 5081/1/6 5096/1/6
f 5079/1/6 5080/1/6 5096/1/6
f 5096/1/6 5081/1/6 5097/1/6
f 5081/5/6 5082/5/6 5098/5/6
f 5097/1/6 5081/1/6 5098/1/6
f 5084/1/6 5085/1/6 5099/1/6
f 5098/5/6 5082/5/6 5099/5/6
f 5082/1/6 5083/1/6 5099/1/6
f 5083/1/6 5084/1/6 5099/1/6
f 5085/1/6 5086/1/6 5099/1/6
f 5086/1/6 5087/1/6 5099/1/6
f 5087/3/6 5088/3/6 5100/3/6
f 5099/1/6 5087/1/6 5100/1/6
f 5088/1/6 5089/1/6 5101/1/6
f 5100/3/6 5088/3/6 5101/3/6
f 5089/4/6 5090/4/6 5102/4/6
f 5101/1/6 5089/1/6 5102/1/6
f 5090/1/6 5091/1/6 5103/1/6
f 5102/4/6 5090/4/6 5103/4/6
f 5093/1/6 5094/1/6 5103/1/6
f 5091/1/6 5092/1/6 5103/1/6
f 5092/1/6 5093/1/6 5103/1/6
f 5103/1/6 5094/1/6 5104/1/6
f 5104/1/6 5094/1/6 5105/1/6
f 5105/1/6 5094/1/6 5106/1/6
f 5106/1/6 5094/1/6 5107/1/6
f 5101/1/6 5102/1/6 5108/1/6
f 5097/1/6 5098/1/6 5108/1/6
f 5099/1/6 5100/1/6 5108/1/6
f 5103/1/6 5104/1/6 5108/1/6
f 5102/1/6 5103/1/6 5108/1/6
f 5098/1/6 5099/1/6 5108/1/6
f 5100/1/6 5101/1/6 5108/1/6
f 5108/1/6 5104/1/6 5109/1/6
f 5109/1/6 5104/1/6 5110/1/6
f 5110/1/6 5104/1/6 5111/1/6
f 5111/1/6 5104/1/6 5112/1/6
f 5112/1/6 5104/1/6 5113/1/6
f 5104/4/6 5105/4/6 5114/4/6
f 5113/1/6 5104/1/6 5114/1/6
f 5105/1/6 5106/1/6 5115/1/6
f 5114/4/6 5105/4/6 5115/4/6
f 5115/1/6 5106/1/6 5116/1/6
f 5116/1/6 5106/1/6 5117/1/6
f 5109/1/6 5110/1/6 5118/1/6
f 5118/1/6 5110/1/6 5119/1/6
f 5110/4/6 5111/4/6 5120/4/6
f 5119/1/6 5110/1/6 5120/1/6
f 5111/1/6 5112/1/6 5121/1/6
f 5120/4/6 5111/4/6 5121/4/6
f 5112/4/6 5113/4/6 5122/4/6
f 5121/1/6 5112/1/6 5122/1/6
f 5113/1/6 5114/1/6 5123/1/6
f 5122/4/6 5113/4/6 5123/4/6
f 5115/1/6 5116/1/6 5123/1/6
f 5114/1/6 5115/1/6 5123/1/6
f 5123/1/6 5116/1/6 5124/1/6
f 5124/1/6 5116/1/6 5125/1/6
f 5121/1/6 5122/1/6 5126/1/6
f 5120/1/6 5121/1/6 5126/1/6
f 5123/1/6 5124/1/6 5126/1/6
f 5122/1/6 5123/1/6 5126/1/6
f 5119/1/6 5120/1/6 5126/1/6
f 5126/1/6 5124/1/6 5127/1/6
f 5127/1/6 5124/1/6 5128/1/6
f 5128/1/6 5124/1/6 5129/1/6
f 5127/1/6 5128/1/6 5130/1/6
f 5130/1/6 5128/1/6 5131/1/6
f 5131/1/6 5128/1/6 5132/1/6
f 5132/1/6 5128/1/6 5133/1/6
f 5133/1/6 5128/1/6 5134/1/6
f 5128/2/6 5129/2/6 5135/2/6
f 5134/1/6 5128/1/6 5135/1/6
f 5129/1/6 5124/1/6 5136/1/6
f 5135/2/6 5129/2/6 5136/2/6
f 5136/1/6 5124/1/6 5137/1/6
f 5137/1/6 5124/1/6 5138/1/6
f 5131/5/6 5132/5/6 5139/5/6
f 5132/1/6 5133/1/6 5140/1/6
f 5139/5/6 5132/5/6 5140/5/6
f 5133/4/6 5134/4/6 5141/4/6
f 5140/1/6 5133/1/6 5141/1/6
f 5134/1/6 5135/1/6 5142/1/6
f 5141/4/6 5134/4/6 5142/4/6
f 5136/1/6 5137/1/6 5142/1/6
f 5135/1/6 5136/1/6 5142/1/6
f 5142/1/6 5137/1/6 5143/1/6
f 5143/1/6 5137/1/6 5144/1/6
f 5144/1/6 5137/1/6 5145/1/6
f 5145/1/6 5137/1/6 5146/1/6
f 5146/1/6 5137/1/6 5147/1/6
f 5147/1/6 5137/1/6 5148/1/6
f 5148/1/6 5137/1/6 5149/1/6
f 5149/1/6 5137/1/6 5150/1/6
f 5140/1/6 5141/1/6 5151/1/6
f 5141/1/6 5142/1/6 5151/1/6
f 5142/1/6 5143/1/6 5151/1/6
f 5151/1/6 5143/1/6 5152/1/6
f 5143/4/6 5144/4/6 5153/4/6
f 5152/1/6 5143/1/6 5153/1/6
f 5144/1/6 5145/1/6 5154/1/6
f 5153/4/6 5144/4/6 5154/4/6
f 5145/5/6 5146/5/6 5155/5/6
f 5154/1/6 5145/1/6 5155/1/6
f 5146/1/6 5147/1/6 5156/1/6
f 5155/5/6 5146/5/6 5156/5/6
f 5147/3/6 5148/3/6 5157/3/6
f 5156/1/6 5147/1/6 5157/1/6
f 5148/1/6 5149/1/6 5158/1/6
f 5157/3/6 5148/3/6 5158/3/6
f 5158/1/6 5149/1/6 5159/1/6
f 5159/1/6 5149/1/6 5160/1/6
f 5160/1/6 5149/1/6 5161/1/6
f 5161/1/6 5149/1/6 5162/1/6
f 5162/1/6 5149/1/6 5163/1/6
f 5163/1/6 5149/1/6 5164/1/6
f 5156/1/6 5157/1/6 5165/1/6
f 5155/1/6 5156/1/6 5165/1/6
f 5154/1/6 5155/1/6 5165/1/6
f 5152/1/6 5153/1/6 5165/1/6
f 5153/1/6 5154/1/6 5165/1/6
f 5158/1/6 5159/1/6 5165/1/6
f 5157/1/6 5158/1/6 5165/1/6
f 5165/1/6 5159/1/6 5166/1/6
f 5166/1/6 5159/1/6 5167/1/6
f 5167/1/6 5159/1/6 5168/1/6
f 5168/1/6 5159/1/6 5169/1/6
f 5169/1/6 5159/1/6 5170/1/6
f 5170/1/6 5159/1/6 5171/1/6
f 5171/1/6 5159/1/6 5172/1/6
f 5172/1/6 5159/1/6 5173/1/6
f 5173/1/6 5159/1/6 5174/1/6
f 5174/1/6 5159/1/6 5175/1/6
f 5175/1/6 5159/1/6 5176/1/6
f 5159/2/6 5160/2/6 5177/2/6
f 5176/1/6 5159/1/6 5177/1/6
f 5160/1/6 5161/1/6 5178/1/6
f 5177/2/6 5160/2/6 5178/2/6
f 5161/5/6 5162/5/6 5179/5/6
f 5178/1/6 5161/1/6 5179/1/6
f 5162/1/6 5163/1/6 5180/1/6
f 5179/5/6 5162/5/6 5180/5/6
f 5166/1/6 5167/1/6 5181/1/6
f 5181/1/6 5167/1/6 5182/1/6
f 5167/3/6 5168/3/6 5183/3/6
f 5182/1/6 5167/1/6 5183/1/6
f 5168/1/6 5169/1/6 5184/1/6
f 5183/3/6 5168/3/6 5184/3/6
f 5184/1/6 5169/1/6 5185/1/6
f 5185/1/6 5169/1/6 5186/1/6
f 5169/5/6 5170/5/6 5187/5/6
f 5186/1/6 5169/1/6 5187/1/6
f 5170/1/6 5171/1/6 5188/1/6
f 5187/5/6 5170/5/6 5188/5/6
f 5188/1/6 5171/1/6 5189/1/6
f 5189/1/6 5171/1/6 5190/1/6
f 5171/2/6 5172/2/6 5191/2/6
f 5190/1/6 5171/1/6 5191/1/6
f 5172/1/6 5173/1/6 5192/1/6
f 5191/2/6 5172/2/6 5192/2/6
f 5173/2/6 5174/2/6 5193/2/6
f 5192/1/6 5173/1/6 5193/1/6
f 5174/1/6 5175/1/6 5194/1/6
f 5193/2/6 5174/2/6 5194/2/6
f 5194/1/6 5175/1/6 5195/1/6
f 5175/4/6 5176/4/6 5196/4/6
f 5195/1/6 5175/1/6 5196/1/6
f 5178/1/6 5179/1/6 5197/1/6
f 5196/4/6 5176/4/6 5197/4/6
f 5177/1/6 5178/1/6 5197/1/6
f 5176/1/6 5177/1/6 5197/1/6
f 5179/1/6 5180/1/6 5197/1/6
f 5180/1/6 5163/1/6 5198/1/6
f 5197/1/6 5180/1/6 5198/1/6
f 5198/1/6 5163/1/6 5199/1/6
f 5182/1/6 5183/1/6 5200/1/6
f 5183/1/6 5184/1/6 5200/1/6
f 5184/1/6 5185/1/6 5200/1/6
f 5200/1/6 5185/1/6 5201/1/6
f 5201/1/6 5185/1/6 5202/1/6
f 5202/1/6 5185/1/6 5203/1/6
f 5185/3/6 5186/3/6 5204/3/6
f 5203/1/6 5185/1/6 5204/1/6
f 5188/1/6 5189/1/6 5205/1/6
f 5204/3/6 5186/3/6 5205/3/6
f 5187/1/6 5188/1/6 5205/1/6
f 5186/1/6 5187/1/6 5205/1/6
f 5189/4/6 5190/4/6 5206/4/6
f 5205/1/6 5189/1/6 5206/1/6
f 5193/1/6 5194/1/6 5207/1/6
f 5206/4/6 5190/4/6 5207/4/6
f 5194/1/6 5195/1/6 5207/1/6
f 5190/1/6 5191/1/6 5207/1/6
f 5191/1/6 5192/1/6 5207/1/6
f 5192/1/6 5193/1/6 5207/1/6
f 5195/2/6 5196/2/6 5208/2/6
f 5207/1/6 5195/1/6 5208/1/6
f 5196/1/6 5197/1/6 5209/1/6
f 5208/2/6 5196/2/6 5209/2/6
f 5197/1/6 5198/1/6 5209/1/6
f 5209/1/6 5198/1/6 5210/1/6
f 5210/1/6 5198/1/6 5211/1/6
f 5211/1/6 5198/1/6 5212/1/6
f 5212/1/6 5198/1/6 5213/1/6
f 5201/1/6 5202/1/6 5214/1/6
f 5214/1/6 5202/1/6 5215/1/6
f 5206/1/6 5207/1/6 5216/1/6
f 5205/1/6 5206/1/6 5216/1/6
f 5203/1/6 5204/1/6 5216/1/6
f 5207/1/6 5208/1/6 5216/1/6
f 5210/4/6 5211/4/6 5216/4/6
f 5209/1/6 5210/1/6 5216/1/6
f 5208/1/6 5209/1/6 5216/1/6
f 5204/1/6 5205/1/6 5216/1/6
f 5211/1/6 5212/1/6 5217/1/6
f 5216/4/6 5211/4/6 5217/4/6
f 5217/1/6 5212/1/6 5218/1/6
f 5218/1/6 5212/1/6 5219/1/6
f 5215/1/6 5202/1/6 5220/1/6
f 5202/2/6 5203/2/6 5221/2/6
f 5220/1/6 5202/1/6 5221/1/6
f 5217/1/6 5218/1/6 5222/1/6
f 5221/2/6 5203/2/6 5222/2/6
f 5203/1/6 5216/1/6 5222/1/6
f 5216/1/6 5217/1/6 5222/1/6
f 5222/1/6 5218/1/6 5223/1/6
f 5223/1/6 5218/1/6 5224/1/6
f 5224/1/6 5218/1/6 5225/1/6
f 5225/1/6 5218/1/6 5226/1/6
f 5226/1/6 5218/1/6 5227/1/6
f 5227/1/6 5218/1/6 5228/1/6
f 5222/1/6 5223/1/6 5229/1/6
f 5229/1/6 5223/1/6 5230/1/6
f 5230/1/6 5223/1/6 5231/1/6
f 5231/1/6 5223/1/6 5232/1/6
f 5223/4/6 5224/4/6 5233/4/6
f 5232/1/6 5223/1/6 5233/1/6
f 5224/1/6 5225/1/6 5234/1/6
f 5233/4/6 5224/4/6 5234/4/6
f 5225/2/6 5226/2/6 5235/2/6
f 5234/1/6 5225/1/6 5235/1/6
f 5226/1/6 5227/1/6 5236/1/6
f 5235/2/6 5226/2/6 5236/2/6
f 5236/1/6 5227/1/6 5237/1/6
f 5237/1/6 5227/1/6 5238/1/6
f 5238/1/6 5227/1/6 5239/1/6
f 5239/1/6 5227/1/6 5240/1/6
f 5230/1/6 5231/1/6 5241/1/6
f 5241/1/6 5231/1/6 5242/1/6
f 5242/1/6 5231/1/6 5243/1/6
f 5243/1/6 5231/1/6 5244/1/6
f 5231/2/6 5232/2/6 5245/2/6
f 5244/1/6 5231/1/6 5245/1/6
f 5234/1/6 5235/1/6 5246/1/6
f 5245/2/6 5232/2/6 5246/2/6
f 5233/1/6 5234/1/6 5246/1/6
f 5232/1/6 5233/1/6 5246/1/6
f 5235/1/6 5236/1/6 5246/1/6
f 5236/1/6 5237/1/6 5246/1/6
f 5237/3/6 5238/3/6 5247/3/6
f 5246/1/6 5237/1/6 5247/1/6
f 5238/1/6 5239/1/6 5248/1/6
f 5247/3/6 5238/3/6 5248/3/6
f 5242/1/6 5243/1/6 5249/1/6
f 5249/1/6 5243/1/6 5250/1/6
f 5243/2/6 5244/2/6 5251/2/6
f 5250/1/6 5243/1/6 5251/1/6
f 5244/1/6 5245/1/6 5252/1/6
f 5251/2/6 5244/2/6 5252/2/6
f 5247/1/6 5248/1/6 5252/1/6
f 5246/1/6 5247/1/6 5252/1/6
f 5245/1/6 5246/1/6 5252/1/6
f 5248/1/6 5239/1/6 5253/1/6
f 5252/1/6 5248/1/6 5253/1/6
f 5253/1/6 5239/1/6 5254/1/6
f 5254/1/6 5239/1/6 5255/1/6
f 5255/1/6 5239/1/6 5256/1/6
f 5250/1/6 5251/1/6 5257/1/6
f 5251/1/6 5252/1/6 5257/1/6
f 5252/1/6 5253/1/6 5257/1/6
f 5257/1/6 5253/1/6 5258/1/6
f 5258/1/6 5253/1/6 5259/1/6
f 5259/1/6 5253/1/6 5260/1/6
f 5260/1/6 5253/1/6 5261/1/6
f 5261/1/6 5253/1/6 5262/1/6
f 5262/1/6 5253/1/6 5263/1/6
f 5263/1/6 5253/1/6 5264/1/6
f 5264/1/6 5253/1/6 5265/1/6
f 5265/1/6 5253/1/6 5266/1/6
f 5253/3/6 5254/3/6 5267/3/6
f 5266/1/6 5253/1/6 5267/1/6
f 5254/1/6 5255/1/6 5268/1/6
f 5267/3/6 5254/3/6 5268/3/6
f 5268/1/6 5255/1/6 5269/1/6
f 5269/1/6 5255/1/6 5270/1/6
f 5270/1/6 5255/1/6 5271/1/6
f 5271/1/6 5255/1/6 5272/1/6
f 5258/1/6 5259/1/6 5273/1/6
f 5273/1/6 5259/1/6 5274/1/6
f 5259/2/6 5260/2/6 5275/2/6
f 5274/1/6 5259/1/6 5275/1/6
f 5260/1/6 5261/1/6 5276/1/6
f 5275/2/6 5260/2/6 5276/2/6
f 5276/1/6 5261/1/6 5277/1/6
f 5261/5/6 5262/5/6 5278/5/6
f 5277/1/6 5261/1/6 5278/1/6
f 5262/1/6 5263/1/6 5279/1/6
f 5278/5/6 5262/5/6 5279/5/6
f 5263/5/6 5264/5/6 5280/5/6
f 5279/1/6 5263/1/6 5280/1/6
f 5264/1/6 5265/1/6 5281/1/6
f 5280/5/6 5264/5/6 5281/5/6
f 5281/1/6 5265/1/6 5282/1/6
f 5282/1/6 5265/1/6 5283/1/6
f 5265/3/6 5266/3/6 5284/3/6
f 5283/1/6 5265/1/6 5284/1/6
f 5266/1/6 5267/1/6 5285/1/6
f 5284/3/6 5266/3/6 5285/3/6
f 5267/1/6 5268/1/6 5285/1/6
f 5268/1/6 5269/1/6 5285/1/6
f 5285/1/6 5269/1/6 5286/1/6
f 5286/1/6 5269/1/6 5287/1/6
f 5287/1/6 5269/1/6 5288/1/6
f 5288/1/6 5269/1/6 5289/1/6
f 5269/2/6 5270/2/6 5290/2/6
f 5289/1/6 5269/1/6 5290/1/6
f 5270/1/6 5271/1/6 5291/1/6
f 5290/2/6 5270/2/6 5291/2/6
f 5291/1/6 5271/1/6 5292/1/6
f 5292/1/6 5271/1/6 5293/1/6
f 5274/1/6 5275/1/6 5294/1/6
f 5276/1/6 5277/1/6 5294/1/6
f 5275/1/6 5276/1/6 5294/1/6
f 5294/1/6 5277/1/6 5295/1/6
f 5295/1/6 5277/1/6 5296/1/6
f 5296/1/6 5277/1/6 5297/1/6
f 5277/5/6 5278/5/6 5298/5/6
f 5297/1/6 5277/1/6 5298/1/6
f 5278/3/6 5279/3/6 5299/3/6
f 5298/5/6 5278/5/6 5299/5/6
f 5279/1/6 5280/1/6 5300/1/6
f 5299/3/6 5279/3/6 5300/3/6
f 5281/1/6 5282/1/6 5300/1/6
f 5280/1/6 5281/1/6 5300/1/6
f 5282/3/6 5283/3/6 5301/3/6
f 5300/1/6 5282/1/6 5301/1/6
f 5283/1/6 5284/1/6 5302/1/6
f 5301/3/6 5283/3/6 5302/3/6
f 5284/1/6 5285/1/6 5302/1/6
f 5285/1/6 5286/1/6 5302/1/6
f 5286/2/6 5287/2/6 5303/2/6
f 5302/1/6 5286/1/6 5303/1/6
f 5287/1/6 5288/1/6 5304/1/6
f 5303/2/6 5287/2/6 5304/2/6
f 5288/4/6 5289/4/6 5305/4/6
f 5304/1/6 5288/1/6 5305/1/6
f 5289/1/6 5290/1/6 5306/1/6
f 5305/4/6 5289/4/6 5306/4/6
f 5291/1/6 5292/1/6 5306/1/6
f 5290/1/6 5291/1/6 5306/1/6
f 5306/1/6 5292/1/6 5307/1/6
f 5307/1/6 5292/1/6 5308/1/6
f 5308/1/6 5292/1/6 5309/1/6
f 5309/1/6 5292/1/6 5310/1/6
f 5295/1/6 5296/1/6 5311/1/6
f 5311/1/6 5296/1/6 5312/1/6
f 5296/3/6 5297/3/6 5313/3/6
f 5300/1/6 5301/1/6 5314/1/6
f 5313/3/6 5297/3/6 5314/3/6
f 5299/1/6 5300/1/6 5314/1/6
f 5304/1/6 5305/1/6 5314/1/6
f 5301/1/6 5302/1/6 5314/1/6
f 5297/1/6 5298/1/6 5314/1/6
f 5306/1/6 5307/1/6 5314/1/6
f 5305/1/6 5306/1/6 5314/1/6
f 5302/1/6 5303/1/6 5314/1/6
f 5298/1/6 5299/1/6 5314/1/6
f 5303/1/6 5304/1/6 5314/1/6
f 5314/1/6 5307/1/6 5315/1/6
f 5315/1/6 5307/1/6 5316/1/6
f 5316/1/6 5307/1/6 5317/1/6
f 5317/1/6 5307/1/6 5318/1/6
f 5318/1/6 5307/1/6 5319/1/6
f 5319/1/6 5307/1/6 5320/1/6
f 5307/4/6 5308/4/6 5321/4/6
f 5308/1/6 5309/1/6 5321/1/6
f 5321/1/6 5309/1/6 5322/1/6
f 5322/1/6 5309/1/6 5323/1/6
f 5323/1/6 5309/1/6 5324/1/6
f 5312/1/6 5296/1/6 5325/1/6
f 5325/1/6 5296/1/6 5326/1/6
f 5296/3/6 5313/3/6 5327/3/6
f 5326/1/6 5296/1/6 5327/1/6
f 5313/1/6 5314/1/6 5328/1/6
f 5327/3/6 5313/3/6 5328/3/6
f 5314/1/6 5315/1/6 5328/1/6
f 5315/4/6 5316/4/6 5329/4/6
f 5328/1/6 5315/1/6 5329/1/6
f 5316/1/6 5317/1/6 5330/1/6
f 5329/4/6 5316/4/6 5330/4/6
f 5317/4/6 5318/4/6 5331/4/6
f 5330/1/6 5317/1/6 5331/1/6
f 5318/1/6 5319/1/6 5332/1/6
f 5331/4/6 5318/4/6 5332/4/6
f 5332/1/6 5319/1/6 5333/1/6
f 5333/1/6 5319/1/6 5334/1/6
f 5319/4/6 5320/4/6 5335/4/6
f 5334/1/6 5319/1/6 5335/1/6
f 5320/1/6 5307/1/6 5336/1/6
f 5335/4/6 5320/4/6 5336/4/6
f 5336/1/6 5307/1/6 5337/1/6
f 5337/1/6 5307/1/6 5338/1/6
f 5307/4/6 5321/4/6 5339/4/6
f 5338/1/6 5307/1/6 5339/1/6
f 5321/4/6 5322/4/6 5339/4/6
f 5322/1/6 5323/1/6 5340/1/6
f 5339/4/6 5322/4/6 5340/4/6
f 5340/1/6 5323/1/6 5341/1/6
f 5341/1/6 5323/1/6 5342/1/6
f 5326/1/6 5327/1/6 5343/1/6
f 5327/1/6 5328/1/6 5343/1/6
f 5328/1/6 5329/1/6 5343/1/6
f 5329/1/6 5330/1/6 5343/1/6
f 5332/1/6 5333/1/6 5343/1/6
f 5331/1/6 5332/1/6 5343/1/6
f 5330/1/6 5331/1/6 5343/1/6
f 5343/1/6 5333/1/6 5344/1/6
f 5344/1/6 5333/1/6 5345/1/6
f 5345/1/6 5333/1/6 5346/1/6
f 5333/4/6 5334/4/6 5347/4/6
f 5346/1/6 5333/1/6 5347/1/6
f 5334/1/6 5335/1/6 5348/1/6
f 5347/4/6 5334/4/6 5348/4/6
f 5335/1/6 5336/1/6 5348/1/6
f 5336/1/6 5337/1/6 5348/1/6
f 5348/1/6 5337/1/6 5349/1/6
f 5349/1/6 5337/1/6 5350/1/6
f 5350/1/6 5337/1/6 5351/1/6
f 5337/5/6 5338/5/6 5352/5/6
f 5338/1/6 5339/1/6 5353/1/6
f 5352/5/6 5338/5/6 5353/5/6
f 5340/1/6 5341/1/6 5353/1/6
f 5339/1/6 5340/1/6 5353/1/6
f 5353/1/6 5341/1/6 5354/1/6
f 5354/1/6 5341/1/6 5355/1/6
f 5344/1/6 5345/1/6 5356/1/6
f 5345/3/6 5346/3/6 5357/3/6
f 5356/1/6 5345/1/6 5357/1/6
f 5346/1/6 5347/1/6 5358/1/6
f 5357/3/6 5346/3/6 5358/3/6
f 5347/1/6 5348/1/6 5358/1/6
f 5348/4/6 5349/4/6 5359/4/6
f 5358/1/6 5348/1/6 5359/1/6
f 5349/1/6 5350/1/6 5360/1/6
f 5359/4/6 5349/4/6 5360/4/6
f 5350/4/6 5351/4/6 5361/4/6
f 5360/1/6 5350/1/6 5361/1/6
f 5351/1/6 5337/1/6 5362/1/6
f 5361/4/6 5351/4/6 5362/4/6
f 5337/5/6 5352/5/6 5363/5/6
f 5362/1/6 5337/1/6 5363/1/6
f 5353/1/6 5354/1/6 5364/1/6
f 5363/5/6 5352/5/6 5364/5/6
f 5352/1/6 5353/1/6 5364/1/6
f 5364/1/6 5354/1/6 5365/1/6
f 5365/1/6 5354/1/6 5366/1/6
f 5361/1/6 5362/1/6 5367/1/6
f 5364/1/6 5365/1/6 5367/1/6
f 5363/1/6 5364/1/6 5367/1/6
f 5357/1/6 5358/1/6 5367/1/6
f 5359/1/6 5360/1/6 5367/1/6
f 5360/1/6 5361/1/6 5367/1/6
f 5362/1/6 5363/1/6 5367/1/6
f 5358/1/6 5359/1/6 5367/1/6
f 5367/1/6 5365/1/6 5368/1/6
f 5368/1/6 5365/1/6 5369/1/6
f 5369/1/6 5365/1/6 5370/1/6
f 5368/1/6 5369/1/6 5371/1/6
f 5371/1/6 5369/1/6 5372/1/6
f 5372/1/6 5369/1/6 5373/1/6
f 5373/1/6 5369/1/6 5374/1/6
f 5372/1/6 5373/1/6 5375/1/6
f 5375/1/6 5373/1/6 5376/1/6
f 5373/3/6 5374/3/6 5377/3/6
f 5376/1/6 5373/1/6 5377/1/6
f 5374/1/6 5369/1/6 5378/1/6
f 5377/3/6 5374/3/6 5378/3/6
f 5378/1/6 5369/1/6 5379/1/6
f 5379/1/6 5369/1/6 5380/1/6
f 5380/1/6 5369/1/6 5381/1/6
f 5381/1/6 5369/1/6 5382/1/6
f 5376/1/6 5377/1/6 5383/1/6
f 5377/1/6 5378/1/6 5383/1/6
f 5378/1/6 5379/1/6 5383/1/6
f 5383/1/6 5379/1/6 5384/1/6
f 5384/1/6 5379/1/6 5385/1/6
f 5385/1/6 5379/1/6 5386/1/6
f 5379/3/6 5380/3/6 5387/3/6
f 5386/1/6 5379/1/6 5387/1/6
f 5380/1/6 5381/1/6 5388/1/6
f 5387/3/6 5380/3/6 5388/3/6
f 5388/1/6 5381/1/6 5389/1/6
f 5389/1/6 5381/1/6 5390/1/6
f 5384/1/6 5385/1/6 5391/1/6
f 5391/1/6 5385/1/6 5392/1/6
f 5385/2/6 5386/2/6 5393/2/6
f 5392/1/6 5385/1/6 5393/1/6
f 5386/1/6 5387/1/6 5394/1/6
f 5393/2/6 5386/2/6 5394/2/6
f 5388/1/6 5389/1/6 5394/1/6
f 5387/1/6 5388/1/6 5394/1/6
f 5394/1/6 5389/1/6 5395/1/6
f 5395/1/6 5389/1/6 5396/1/6
f 5396/1/6 5389/1/6 5397/1/6
f 5397/1/6 5389/1/6 5398/1/6
f 5392/1/6 5393/1/6 5399/1/6
f 5393/1/6 5394/1/6 5399/1/6
f 5394/1/6 5395/1/6 5399/1/6
f 5399/1/6 5395/1/6 5400/1/6
f 5395/5/6 5396/5/6 5401/5/6
f 5400/1/6 5395/1/6 5401/1/6
f 5396/1/6 5397/1/6 5402/1/6
f 5401/5/6 5396/5/6 5402/5/6
f 5402/1/6 5397/1/6 5403/1/6
f 5403/1/6 5397/1/6 5404/1/6
f 5400/1/6 5401/1/6 5405/1/6
f 5402/1/6 5403/1/6 5405/1/6
f 5401/1/6 5402/1/6 5405/1/6
f 5405/1/6 5403/1/6 5406/1/6
f 5406/1/6 5403/1/6 5407/1/6
f 5407/1/6 5403/1/6 5408/1/6
f 5408/1/6 5403/1/6 5409/1/6
f 5409/1/6 5403/1/6 5410/1/6
f 5406/1/6 5407/1/6 5411/1/6
f 5411/1/6 5407/1/6 5412/1/6
f 5412/1/6 5407/1/6 5413/1/6
f 5413/1/6 5407/1/6 5414/1/6
f 5407/5/6 5408/5/6 5415/5/6
f 5414/1/6 5407/1/6 5415/1/6
f 5408/1/6 5409/1/6 5416/1/6
f 5415/5/6 5408/5/6 5416/5/6
f 5416/1/6 5409/1/6 5417/1/6
f 5417/1/6 5409/1/6 5418/1/6
f 5418/1/6 5409/1/6 5419/1/6
f 5419/1/6 5409/1/6 5420/1/6
f 5412/1/6 5413/1/6 5421/1/6
f 5421/1/6 5413/1/6 5422/1/6
f 5413/3/6 5414/3/6 5423/3/6
f 5422/1/6 5413/1/6 5423/1/6
f 5414/1/6 5415/1/6 5424/1/6
f 5423/3/6 5414/3/6 5424/3/6
f 5415/1/6 5416/1/6 5424/1/6
f 5416/1/6 5417/1/6 5424/1/6
f 5424/1/6 5417/1/6 5425/1/6
f 5425/1/6 5417/1/6 5426/1/6
f 5417/3/6 5418/3/6 5427/3/6
f 5426/1/6 5417/1/6 5427/1/6
f 5418/1/6 5419/1/6 5428/1/6
f 5427/3/6 5418/3/6 5428/3/6
f 5428/1/6 5419/1/6 5429/1/6
f 5429/1/6 5419/1/6 5430/1/6
f 5422/1/6 5423/1/6 5431/1/6
f 5423/1/6 5424/1/6 5431/1/6
f 5424/1/6 5425/1/6 5431/1/6
f 5431/1/6 5425/1/6 5432/1/6
f 5425/3/6 5426/3/6 5433/3/6
f 5432/1/6 5425/1/6 5433/1/6
f 5428/1/6 5429/1/6 5434/1/6
f 5433/3/6 5426/3/6 5434/3/6
f 5426/1/6 5427/1/6 5434/1/6
f 5427/1/6 5428/1/6 5434/1/6
f 5434/1/6 5429/1/6 5435/1/6
f 5435/1/6 5429/1/6 5436/1/6
f 5436/1/6 5429/1/6 5437/1/6
f 5437/1/6 5429/1/6 5438/1/6
f 5438/1/6 5429/1/6 5439/1/6
f 5439/1/6 5429/1/6 5440/1/6
f 5440/1/6 5429/1/6 5441/1/6
f 5441/1/6 5429/1/6 5442/1/6
f 5432/1/6 5433/1/6 5443/1/6
f 5433/1/6 5434/1/6 5443/1/6
f 5434/1/6 5435/1/6 5443/1/6
f 5443/1/6 5435/1/6 5444/1/6
f 5435/2/6 5436/2/6 5445/2/6
f 5444/1/6 5435/1/6 5445/1/6
f 5436/1/6 5437/1/6 5446/1/6
f 5445/2/6 5436/2/6 5446/2/6
f 5437/3/6 5438/3/6 5447/3/6
f 5446/1/6 5437/1/6 5447/1/6
f 5438/1/6 5439/1/6 5448/1/6
f 5447/3/6 5438/3/6 5448/3/6
f 5439/3/6 5440/3/6 5449/3/6
f 5448/1/6 5439/1/6 5449/1/6
f 5440/1/6 5441/1/6 5450/1/6
f 5449/3/6 5440/3/6 5450/3/6
f 5450/1/6 5441/1/6 5451/1/6
f 5451/1/6 5441/1/6 5452/1/6
f 5452/1/6 5441/1/6 5453/1/6
f 5453/1/6 5441/1/6 5454/1/6
f 5448/1/6 5449/1/6 5455/1/6
f 5447/1/6 5448/1/6 5455/1/6
f 5446/1/6 5447/1/6 5455/1/6
f 5450/1/6 5451/1/6 5455/1/6
f 5449/1/6 5450/1/6 5455/1/6
f 5444/1/6 5445/1/6 5455/1/6
f 5445/1/6 5446/1/6 5455/1/6
f 5455/1/6 5451/1/6 5456/1/6
f 5456/1/6 5451/1/6 5457/1/6
f 5451/5/6 5452/5/6 5458/5/6
f 5457/1/6 5451/1/6 5458/1/6
f 5458/5/6 5452/5/6 5459/5/6
f 5452/1/6 5453/1/6 5460/1/6
f 5459/5/6 5452/5/6 5460/5/6
f 5460/1/6 5453/1/6 5461/1/6
f 5461/1/6 5453/1/6 5462/1/6
f 5456/1/6 5457/1/6 5463/1/6
f 5463/1/6 5457/1/6 5464/1/6
f 5458/5/6 5459/5/6 5465/5/6
f 5464/1/6 5457/1/6 5465/1/6
f 5457/5/6 5458/5/6 5465/5/6
f 5460/1/6 5461/1/6 5466/1/6
f 5465/5/6 5459/5/6 5466/5/6
f 5459/1/6 5460/1/6 5466/1/6
f 5466/1/6 5461/1/6 5467/1/6
f 5467/1/6 5461/1/6 5468/1/6
f 5464/1/6 5465/1/6 5469/1/6
f 5466/1/6 5467/1/6 5469/1/6
f 5465/1/6 5466/1/6 5469/1/6
f 5469/1/6 5467/1/6 5470/1/6
f 5470/1/6 5467/1/6 5471/1/6
f 5471/1/6 5467/1/6 5472/1/6
f 5470/1/6 5471/1/6 5473/1/6
f 5473/1/6 5471/1/6 5474/1/6
f 5474/1/6 5471/1/6 5475/1/6
f 5475/1/6 5471/1/6 5476/1/6
f 5474/1/6 5475/1/6 5477/1/6
f 5477/1/6 5475/1/6 5478/1/6
f 5478/1/6 5475/1/6 5479/1/6
f 5479/1/6 5475/1/6 5480/1/6
f 5478/1/6 5479/1/6 5481/1/6
f 5481/1/6 5479/1/6 5482/1/6
f 5482/1/6 5479/1/6 5483/1/6
f 5483/1/6 5479/1/6 5484/1/6
f 5482/1/6 5483/1/6 5485/1/6
f 5485/1/6 5483/1/6 5486/1/6
f 5486/1/6 5483/1/6 5487/1/6
f 5487/1/6 5483/1/6 5488/1/6
f 5486/1/6 5487/1/6 5489/1/6
f 5489/1/6 5487/1/6 5490/1/6
f 5490/1/6 5487/1/6 5491/1/6
f 5491/1/6 5487/1/6 5492/1/6
f 5490/1/6 5491/1/6 5493/1/6
f 5493/1/6 5491/1/6 5494/1/6
f 5494/1/6 5491/1/6 5495/1/6
f 5495/1/6 5491/1/6 5496/1/6
f 5496/1/6 5491/1/6 5497/1/6
f 5497/1/6 5491/1/6 5498/1/6
f 5494/1/6 5495/1/6 5499/1/6
f 5499/1/6 5495/1/6 5500/1/6
f 5500/1/6 5495/1/6 5501/1/6
f 5501/1/6 5495/1/6 5502/1/6
f 5500/1/6 5501/1/6 5503/1/6
f 5503/1/6 5501/1/6 5504/1/6
f 5504/1/6 5501/1/6 5505/1/6
f 5505/1/6 5501/1/6 5506/1/6
f 5504/1/6 5505/1/6 5507/1/6
f 5507/1/6 5505/1/6 5508/1/6
f 5509/1/6 5510/1/6 5512/1/6
f 5511/1/6 5512/1/6 5514/1/6
f 5513/1/6 5514/1/6 5516/1/6
f 5515/1/6 5516/1/6 5518/1/6
f 5517/1/6 5518/1/6 5520/1/6
f 5519/1/6 5520/1/6 5522/1/6
f 5521/1/6 5522/1/6 5526/1/6
f 5523/1/6 5524/1/6 5527/1/6
f 5525/1/6 5526/1/6 5530/1/6
f 5527/1/6 5528/1/6 5531/1/6
f 5529/1/6 5530/1/6 5534/1/6
f 5531/1/6 5532/1/6 5535/1/6
f 5535/1/6 5536/1/6 5537/1/6
f 5533/1/6 5534/1/6 5540/1/6
f 5537/1/6 5538/1/6 5541/1/6
f 5539/1/6 5540/1/6 5544/1/6
f 5541/1/6 5542/1/6 5545/1/6
f 5543/1/6 5544/1/6 5548/1/6
f 5545/1/6 5546/1/6 5549/1/6
f 5547/1/6 5548/1/6 5551/1/6
f 5540/1/6 5534/1/6 5551/1/6
f 5544/1/6 5540/1/6 5551/1/6
f 5548/1/6 5544/1/6 5551/1/6
f 5551/1/6 5534/1/6 5552/1/6
f 5549/1/6 5550/1/6 5553/1/6
f 5547/1/6 5551/1/6 5556/1/6
f 5551/2/6 5552/2/6 5557/2/6
f 5556/1/6 5551/1/6 5557/1/6
f 5552/1/6 5534/1/6 5558/1/6
f 5557/2/6 5552/2/6 5558/2/6
f 5553/1/6 5554/1/6 5559/1/6
f 5556/1/6 5557/1/6 5562/1/6
f 5555/1/6 5556/1/6 5562/1/6
f 5557/1/6 5558/1/6 5562/1/6
f 5559/1/6 5560/1/6 5563/1/6
f 5561/1/6 5562/1/6 5566/1/6
f 5563/1/6 5564/1/6 5567/1/6
f 5565/1/6 5566/1/6 5570/1/6
f 5567/1/6 5568/1/6 5571/1/6
f 5553/1/6 5559/1/6 5571/1/6
f 5549/1/6 5553/1/6 5571/1/6
f 5559/1/6 5563/1/6 5571/1/6
f 5563/1/6 5567/1/6 5571/1/6
f 5571/1/6 5568/1/6 5572/1/6
f 5572/1/6 5568/1/6 5573/1/6
f 5569/1/6 5570/1/6 5576/1/6
f 5570/1/6 5566/1/6 5577/1/6
f 5562/1/6 5558/1/6 5577/1/6
f 5576/1/6 5570/1/6 5577/1/6
f 5566/1/6 5562/1/6 5577/1/6
f 5558/1/6 5534/1/6 5578/1/6
f 5577/1/6 5558/1/6 5578/1/6
f 5520/1/6 5518/1/6 5579/1/6
f 5578/1/6 5534/1/6 5579/1/6
f 5522/1/6 5520/1/6 5579/1/6
f 5526/1/6 5522/1/6 5579/1/6
f 5530/1/6 5526/1/6 5579/1/6
f 5534/1/6 5530/1/6 5579/1/6
f 5518/1/6 5516/1/6 5580/1/6
f 5579/1/6 5518/1/6 5580/1/6
f 5571/3/6 5572/3/6 5581/3/6
f 5549/1/6 5571/1/6 5581/1/6
f 5573/1/6 5574/1/6 5582/1/6
f 5581/3/6 5572/3/6 5582/3/6
f 5572/1/6 5573/1/6 5582/1/6
f 5582/1/6 5574/1/6 5583/1/6
f 5577/3/6 5578/3/6 5585/3/6
f 5576/1/6 5577/1/6 5585/1/6
f 5575/1/6 5576/1/6 5585/1/6
f 5578/1/6 5579/1/6 5586/1/6
f 5585/3/6 5578/3/6 5586/3/6
f 5579/5/6 5580/5/6 5587/5/6
f 5586/1/6 5579/1/6 5587/1/6
f 5580/1/6 5516/1/6 5588/1/6
f 5587/5/6 5580/5/6 5588/5/6
f 5516/1/6 5514/1/6 5589/1/6
f 5588/1/6 5516/1/6 5589/1/6
f 5514/1/6 5512/1/6 5590/1/6
f 5589/1/6 5514/1/6 5590/1/6
f 5583/1/6 5584/1/6 5591/1/6
f 5582/1/6 5583/1/6 5591/1/6
f 5581/1/6 5582/1/6 5591/1/6
f 5588/1/6 5589/1/6 5594/1/6
f 5587/1/6 5588/1/6 5594/1/6
f 5575/1/6 5585/1/6 5594/1/6
f 5586/1/6 5587/1/6 5594/1/6
f 5585/1/6 5586/1/6 5594/1/6
f 5589/2/6 5590/2/6 5595/2/6
f 5594/1/6 5589/1/6 5595/1/6
f 5590/1/6 5512/1/6 5596/1/6
f 5595/2/6 5590/2/6 5596/2/6
f 5591/1/6 5592/1/6 5597/1/6
f 5594/1/6 5595/1/6 5600/1/6
f 5593/1/6 5594/1/6 5600/1/6
f 5595/1/6 5596/1/6 5600/1/6
f 5600/1/6 5596/1/6 5601/1/6
f 5601/1/6 5596/1/6 5602/1/6
f 5581/1/6 5591/1/6 5603/1/6
f 5597/1/6 5598/1/6 5603/1/6
f 5549/1/6 5581/1/6 5603/1/6
f 5527/1/6 5531/1/6 5603/1/6
f 5531/1/6 5535/1/6 5603/1/6
f 5535/1/6 5537/1/6 5603/1/6
f 5545/1/6 5549/1/6 5603/1/6
f 5591/1/6 5597/1/6 5603/1/6
f 5541/1/6 5545/1/6 5603/1/6
f 5537/1/6 5541/1/6 5603/1/6
f 5603/1/6 5598/1/6 5604/1/6
f 5604/1/6 5598/1/6 5605/1/6
f 5600/1/6 5601/1/6 5608/1/6
f 5599/1/6 5600/1/6 5608/1/6
f 5601/2/6 5602/2/6 5609/2/6
f 5608/1/6 5601/1/6 5609/1/6
f 5602/1/6 5596/1/6 5610/1/6
f 5609/2/6 5602/2/6 5610/2/6
f 5527/1/6 5603/1/6 5611/1/6
f 5603/5/6 5604/5/6 5611/5/6
f 5605/1/6 5606/1/6 5612/1/6
f 5611/5/6 5604/5/6 5612/5/6
f 5604/1/6 5605/1/6 5612/1/6
f 5612/1/6 5606/1/6 5613/1/6
f 5613/1/6 5606/1/6 5614/1/6
f 5614/1/6 5606/1/6 5615/1/6
f 5608/1/6 5609/1/6 5618/1/6
f 5607/1/6 5608/1/6 5618/1/6
f 5609/1/6 5610/1/6 5618/1/6
f 5610/1/6 5596/1/6 5619/1/6
f 5618/1/6 5610/1/6 5619/1/6
f 5619/1/6 5596/1/6 5620/1/6
f 5613/2/6 5614/2/6 5621/2/6
f 5611/1/6 5612/1/6 5621/1/6
f 5612/1/6 5613/1/6 5621/1/6
f 5615/1/6 5616/1/6 5622/1/6
f 5621/2/6 5614/2/6 5622/2/6
f 5614/1/6 5615/1/6 5622/1/6
f 5622/1/6 5616/1/6 5623/1/6
f 5617/1/6 5618/1/6 5626/1/6
f 5618/1/6 5619/1/6 5626/1/6
f 5619/5/6 5620/5/6 5627/5/6
f 5626/1/6 5619/1/6 5627/1/6
f 5620/1/6 5596/1/6 5628/1/6
f 5627/5/6 5620/5/6 5628/5/6
f 5623/1/6 5624/1/6 5629/1/6
f 5622/1/6 5623/1/6 5629/1/6
f 5621/1/6 5622/1/6 5629/1/6
f 5626/1/6 5627/1/6 5632/1/6
f 5625/1/6 5626/1/6 5632/1/6
f 5627/1/6 5628/1/6 5632/1/6
f 5629/1/6 5630/1/6 5633/1/6
f 5633/1/6 5630/1/6 5634/1/6
f 5634/1/6 5630/1/6 5635/1/6
f 5631/1/6 5632/1/6 5638/1/6
f 5632/1/6 5628/1/6 5639/1/6
f 5638/1/6 5632/1/6 5639/1/6
f 5639/1/6 5628/1/6 5640/1/6
f 5611/1/6 5621/1/6 5641/1/6
f 5621/1/6 5629/1/6 5641/1/6
f 5629/1/6 5633/1/6 5641/1/6
f 5641/1/6 5633/1/6 5642/1/6
f 5633/5/6 5634/5/6 5643/5/6
f 5642/1/6 5633/1/6 5643/1/6
f 5635/1/6 5636/1/6 5644/1/6
f 5643/5/6 5634/5/6 5644/5/6
f 5634/1/6 5635/1/6 5644/1/6
f 5644/1/6 5636/1/6 5645/1/6
f 5637/1/6 5638/1/6 5648/1/6
f 5638/1/6 5639/1/6 5648/1/6
f 5639/2/6 5640/2/6 5649/2/6
f 5648/1/6 5639/1/6 5649/1/6
f 5640/1/6 5628/1/6 5650/1/6
f 5649/2/6 5640/2/6 5650/2/6
f 5641/2/6 5642/2/6 5651/2/6
f 5611/1/6 5641/1/6 5651/1/6
f 5642/1/6 5643/1/6 5652/1/6
f 5651/2/6 5642/2/6 5652/2/6
f 5645/1/6 5646/1/6 5652/1/6
f 5644/1/6 5645/1/6 5652/1/6
f 5643/1/6 5644/1/6 5652/1/6
f 5652/1/6 5646/1/6 5653/1/6
f 5653/1/6 5646/1/6 5654/1/6
f 5648/1/6 5649/1/6 5657/1/6
f 5647/1/6 5648/1/6 5657/1/6
f 5649/1/6 5650/1/6 5657/1/6
f 5652/3/6 5653/3/6 5658/3/6
f 5651/1/6 5652/1/6 5658/1/6
f 5654/1/6 5655/1/6 5659/1/6
f 5658/3/6 5653/3/6 5659/3/6
f 5653/1/6 5654/1/6 5659/1/6
f 5659/1/6 5655/1/6 5660/1/6
f 5660/1/6 5655/1/6 5661/1/6
f 5661/1/6 5655/1/6 5662/1/6
f 5658/1/6 5659/1/6 5664/1/6
f 5659/1/6 5660/1/6 5664/1/6
f 5660/4/6 5661/4/6 5664/4/6
f 5662/1/6 5663/1/6 5665/1/6
f 5664/4/6 5661/4/6 5665/4/6
f 5661/1/6 5662/1/6 5665/1/6
f 5665/1/6 5663/1/6 5666/1/6
f 5656/1/6 5657/1/6 5669/1/6
f 5669/1/6 5657/1/6 5670/1/6
f 5651/1/6 5658/1/6 5671/1/6
f 5611/1/6 5651/1/6 5671/1/6
f 5666/1/6 5667/1/6 5671/1/6
f 5658/1/6 5664/1/6 5671/1/6
f 5664/1/6 5665/1/6 5671/1/6
f 5665/1/6 5666/1/6 5671/1/6
f 5671/1/6 5667/1/6 5672/1/6
f 5672/1/6 5667/1/6 5673/1/6
f 5668/1/6 5669/1/6 5676/1/6
f 5669/4/6 5670/4/6 5677/4/6
f 5676/1/6 5669/1/6 5677/1/6
f 5670/1/6 5657/1/6 5678/1/6
f 5677/4/6 5670/4/6 5678/4/6
f 5657/1/6 5650/1/6 5679/1/6
f 5678/1/6 5657/1/6 5679/1/6
f 5679/1/6 5650/1/6 5680/1/6
f 5650/1/6 5628/1/6 5681/1/6
f 5680/1/6 5650/1/6 5681/1/6
f 5681/1/6 5628/1/6 5682/1/6
f 5682/1/6 5628/1/6 5683/1/6
f 5628/1/6 5596/1/6 5684/1/6
f 5683/1/6 5628/1/6 5684/1/6
f 5596/1/6 5512/1/6 5685/1/6
f 5684/1/6 5596/1/6 5685/1/6
f 5512/1/6 5510/1/6 5686/1/6
f 5685/1/6 5512/1/6 5686/1/6
f 5527/1/6 5611/1/6 5687/1/6
f 5523/1/6 5527/1/6 5687/1/6
f 5611/1/6 5671/1/6 5687/1/6
f 5687/1/6 5671/1/6 5688/1/6
f 5671/5/6 5672/5/6 5689/5/6
f 5688/1/6 5671/1/6 5689/1/6
f 5673/1/6 5674/1/6 5690/1/6
f 5689/5/6 5672/5/6 5690/5/6
f 5672/1/6 5673/1/6 5690/1/6
f 5690/1/6 5674/1/6 5691/1/6
f 5676/1/6 5677/1/6 5694/1/6
f 5675/1/6 5676/1/6 5694/1/6
f 5677/1/6 5678/1/6 5694/1/6
f 5678/1/6 5679/1/6 5694/1/6
f 5679/2/6 5680/2/6 5695/2/6
f 5694/1/6 5679/1/6 5695/1/6
f 5680/1/6 5681/1/6 5696/1/6
f 5695/2/6 5680/2/6 5696/2/6
f 5696/1/6 5681/1/6 5697/1/6
f 5697/1/6 5681/1/6 5698/1/6
f 5681/2/6 5682/2/6 5699/2/6
f 5698/1/6 5681/1/6 5699/1/6
f 5682/1/6 5683/1/6 5700/1/6
f 5699/2/6 5682/2/6 5700/2/6
f 5683/2/6 5684/2/6 5701/2/6
f 5700/1/6 5683/1/6 5701/1/6
f 5684/1/6 5685/1/6 5702/1/6
f 5701/2/6 5684/2/6 5702/2/6
f 5702/1/6 5685/1/6 5703/1/6
f 5703/1/6 5685/1/6 5704/1/6
f 5687/3/6 5688/3/6 5705/3/6
f 5523/1/6 5687/1/6 5705/1/6
f 5691/1/6 5692/1/6 5706/1/6
f 5705/3/6 5688/3/6 5706/3/6
f 5690/1/6 5691/1/6 5706/1/6
f 5688/1/6 5689/1/6 5706/1/6
f 5689/1/6 5690/1/6 5706/1/6
f 5706/1/6 5692/1/6 5707/1/6
f 5693/1/6 5694/1/6 5710/1/6
f 5696/1/6 5697/1/6 5710/1/6
f 5695/1/6 5696/1/6 5710/1/6
f 5694/1/6 5695/1/6 5710/1/6
f 5697/5/6 5698/5/6 5711/5/6
f 5710/1/6 5697/1/6 5711/1/6
f 5700/1/6 5701/1/6 5712/1/6
f 5711/5/6 5698/5/6 5712/5/6
f 5699/1/6 5700/1/6 5712/1/6
f 5698/1/6 5699/1/6 5712/1/6
f 5701/1/6 5702/1/6 5712/1/6
f 5702/1/6 5703/1/6 5712/1/6
f 5712/1/6 5703/1/6 5713/1/6
f 5713/1/6 5703/1/6 5714/1/6
f 5714/1/6 5703/1/6 5715/1/6
f 5707/1/6 5708/1/6 5716/1/6
f 5706/1/6 5707/1/6 5716/1/6
f 5705/1/6 5706/1/6 5716/1/6
f 5716/1/6 5708/1/6 5717/1/6
f 5717/1/6 5708/1/6 5718/1/6
f 5718/1/6 5708/1/6 5719/1/6
f 5719/1/6 5708/1/6 5720/1/6
f 5710/1/6 5711/1/6 5723/1/6
f 5709/1/6 5710/1/6 5723/1/6
f 5711/1/6 5712/1/6 5723/1/6
f 5712/5/6 5713/5/6 5724/5/6
f 5723/1/6 5712/1/6 5724/1/6
f 5713/1/6 5714/1/6 5725/1/6
f 5724/5/6 5713/5/6 5725/5/6
f 5725/1/6 5714/1/6 5726/1/6
f 5726/1/6 5714/1/6 5727/1/6
f 5727/1/6 5714/1/6 5728/1/6
f 5705/1/6 5716/1/6 5729/1/6
f 5716/3/6 5717/3/6 5729/3/6
f 5717/1/6 5718/1/6 5730/1/6
f 5729/3/6 5717/3/6 5730/3/6
f 5730/1/6 5718/1/6 5731/1/6
f 5731/1/6 5718/1/6 5732/1/6
f 5718/4/6 5719/4/6 5733/4/6
f 5732/1/6 5718/1/6 5733/1/6
f 5720/1/6 5721/1/6 5734/1/6
f 5733/4/6 5719/4/6 5734/4/6
f 5719/1/6 5720/1/6 5734/1/6
f 5734/1/6 5721/1/6 5735/1/6
f 5723/1/6 5724/1/6 5738/1/6
f 5722/1/6 5723/1/6 5738/1/6
f 5725/1/6 5726/1/6 5738/1/6
f 5724/1/6 5725/1/6 5738/1/6
f 5738/1/6 5726/1/6 5739/1/6
f 5739/1/6 5726/1/6 5740/1/6
f 5740/1/6 5726/1/6 5741/1/6
f 5741/1/6 5726/1/6 5742/1/6
f 5742/1/6 5726/1/6 5743/1/6
f 5743/1/6 5726/1/6 5744/1/6
f 5730/1/6 5731/1/6 5745/1/6
f 5731/3/6 5732/3/6 5745/3/6
f 5729/1/6 5730/1/6 5745/1/6
f 5732/1/6 5733/1/6 5746/1/6
f 5745/3/6 5732/3/6 5746/3/6
f 5735/1/6 5736/1/6 5746/1/6
f 5734/1/6 5735/1/6 5746/1/6
f 5733/1/6 5734/1/6 5746/1/6
f 5746/1/6 5736/1/6 5747/1/6
f 5738/1/6 5739/1/6 5750/1/6
f 5737/1/6 5738/1/6 5750/1/6
f 5739/2/6 5740/2/6 5751/2/6
f 5750/1/6 5739/1/6 5751/1/6
f 5740/1/6 5741/1/6 5752/1/6
f 5751/2/6 5740/2/6 5752/2/6
f 5752/1/6 5741/1/6 5753/1/6
f 5753/1/6 5741/1/6 5754/1/6
f 5754/1/6 5741/1/6 5755/1/6
f 5755/1/6 5741/1/6 5756/1/6
f 5742/1/6 5743/1/6 5757/1/6
f 5757/1/6 5743/1/6 5758/1/6
f 5747/1/6 5748/1/6 5759/1/6
f 5746/1/6 5747/1/6 5759/1/6
f 5745/1/6 5746/1/6 5759/1/6
f 5759/1/6 5748/1/6 5760/1/6
f 5760/1/6 5748/1/6 5761/1/6
f 5761/1/6 5748/1/6 5762/1/6
f 5762/1/6 5748/1/6 5763/1/6
f 5749/1/6 5750/1/6 5766/1/6
f 5750/1/6 5751/1/6 5766/1/6
f 5752/1/6 5753/1/6 5766/1/6
f 5751/1/6 5752/1/6 5766/1/6
f 5766/1/6 5753/1/6 5767/1/6
f 5767/1/6 5753/1/6 5768/1/6
f 5768/1/6 5753/1/6 5769/1/6
f 5769/1/6 5753/1/6 5770/1/6
f 5754/1/6 5755/1/6 5771/1/6
f 5771/1/6 5755/1/6 5772/1/6
f 5745/1/6 5759/1/6 5773/1/6
f 5759/2/6 5760/2/6 5773/2/6
f 5760/1/6 5761/1/6 5774/1/6
f 5773/2/6 5760/2/6 5774/2/6
f 5774/1/6 5761/1/6 5775/1/6
f 5775/1/6 5761/1/6 5776/1/6
f 5761/3/6 5762/3/6 5777/3/6
f 5776/1/6 5761/1/6 5777/1/6
f 5763/1/6 5764/1/6 5778/1/6
f 5777/3/6 5762/3/6 5778/3/6
f 5762/1/6 5763/1/6 5778/1/6
f 5778/1/6 5764/1/6 5779/1/6
f 5765/1/6 5766/1/6 5782/1/6
f 5766/1/6 5767/1/6 5782/1/6
f 5782/1/6 5767/1/6 5783/1/6
f 5783/1/6 5767/1/6 5784/1/6
f 5767/3/6 5768/3/6 5785/3/6
f 5784/1/6 5767/1/6 5785/1/6
f 5768/1/6 5769/1/6 5786/1/6
f 5785/3/6 5768/3/6 5786/3/6
f 5786/1/6 5769/1/6 5787/1/6
f 5787/1/6 5769/1/6 5788/1/6
f 5729/1/6 5745/1/6 5789/1/6
f 5523/1/6 5705/1/6 5789/1/6
f 5705/1/6 5729/1/6 5789/1/6
f 5774/1/6 5775/1/6 5789/1/6
f 5745/1/6 5773/1/6 5789/1/6
f 5773/1/6 5774/1/6 5789/1/6
f 5789/1/6 5775/1/6 5790/1/6
f 5790/1/6 5775/1/6 5791/1/6
f 5775/3/6 5776/3/6 5792/3/6
f 5791/1/6 5775/1/6 5792/1/6
f 5776/1/6 5777/1/6 5793/1/6
f 5792/3/6 5776/3/6 5793/3/6
f 5779/1/6 5780/1/6 5793/1/6
f 5778/1/6 5779/1/6 5793/1/6
f 5777/1/6 5778/1/6 5793/1/6
f 5793/1/6 5780/1/6 5794/1/6
f 5782/1/6 5783/1/6 5797/1/6
f 5781/1/6 5782/1/6 5797/1/6
f 5783/3/6 5784/3/6 5798/3/6
f 5797/1/6 5783/1/6 5798/1/6
f 5786/1/6 5787/1/6 5799/1/6
f 5798/3/6 5784/3/6 5799/3/6
f 5785/1/6 5786/1/6 5799/1/6
f 5784/1/6 5785/1/6 5799/1/6
f 5799/1/6 5787/1/6 5800/1/6
f 5800/1/6 5787/1/6 5801/1/6
f 5801/1/6 5787/1/6 5802/1/6
f 5802/1/6 5787/1/6 5803/1/6
f 5803/1/6 5787/1/6 5804/1/6
f 5790/1/6 5791/1/6 5805/1/6
f 5805/1/6 5791/1/6 5806/1/6
f 5791/3/6 5792/3/6 5807/3/6
f 5806/1/6 5791/1/6 5807/1/6
f 5794/1/6 5795/1/6 5808/1/6
f 5807/3/6 5792/3/6 5808/3/6
f 5793/1/6 5794/1/6 5808/1/6
f 5792/1/6 5793/1/6 5808/1/6
f 5808/1/6 5795/1/6 5809/1/6
f 5797/1/6 5798/1/6 5812/1/6
f 5796/1/6 5797/1/6 5812/1/6
f 5798/1/6 5799/1/6 5812/1/6
f 5799/1/6 5800/1/6 5812/1/6
f 5800/4/6 5801/4/6 5813/4/6
f 5812/1/6 5800/1/6 5813/1/6
f 5813/4/6 5801/4/6 5814/4/6
f 5801/1/6 5802/1/6 5815/1/6
f 5815/1/6 5802/1/6 5816/1/6
f 5809/1/6 5810/1/6 5817/1/6
f 5806/1/6 5807/1/6 5817/1/6
f 5808/1/6 5809/1/6 5817/1/6
f 5807/1/6 5808/1/6 5817/1/6
f 5817/1/6 5810/1/6 5818/1/6
f 5818/1/6 5810/1/6 5819/1/6
f 5813/1/6 5814/1/6 5822/1/6
f 5811/1/6 5812/1/6 5822/1/6
f 5812/1/6 5813/1/6 5822/1/6
f 5822/1/6 5814/1/6 5823/1/6
f 5823/1/6 5814/1/6 5824/1/6
f 5814/4/6 5801/4/6 5825/4/6
f 5824/1/6 5814/1/6 5825/1/6
f 5801/1/6 5815/1/6 5826/1/6
f 5825/4/6 5801/4/6 5826/4/6
f 5826/1/6 5815/1/6 5827/1/6
f 5827/1/6 5815/1/6 5828/1/6
f 5819/1/6 5820/1/6 5829/1/6
f 5818/1/6 5819/1/6 5829/1/6
f 5829/1/6 5820/1/6 5830/1/6
f 5830/1/6 5820/1/6 5831/1/6
f 5831/1/6 5820/1/6 5832/1/6
f 5832/1/6 5820/1/6 5833/1/6
f 5821/1/6 5822/1/6 5836/1/6
f 5822/1/6 5823/1/6 5836/1/6
f 5823/4/6 5824/4/6 5837/4/6
f 5836/1/6 5823/1/6 5837/1/6
f 5824/1/6 5825/1/6 5838/1/6
f 5837/4/6 5824/4/6 5838/4/6
f 5826/1/6 5827/1/6 5838/1/6
f 5825/1/6 5826/1/6 5838/1/6
f 5838/1/6 5827/1/6 5839/1/6
f 5839/1/6 5827/1/6 5840/1/6
f 5830/1/6 5831/1/6 5841/1/6
f 5841/1/6 5831/1/6 5842/1/6
f 5842/1/6 5831/1/6 5843/1/6
f 5843/1/6 5831/1/6 5844/1/6
f 5831/2/6 5832/2/6 5845/2/6
f 5844/1/6 5831/1/6 5845/1/6
f 5833/1/6 5834/1/6 5846/1/6
f 5845/2/6 5832/2/6 5846/2/6
f 5832/1/6 5833/1/6 5846/1/6
f 5846/1/6 5834/1/6 5847/1/6
f 5836/1/6 5837/1/6 5850/1/6
f 5835/1/6 5836/1/6 5850/1/6
f 5838/1/6 5839/1/6 5850/1/6
f 5837/1/6 5838/1/6 5850/1/6
f 5850/1/6 5839/1/6 5851/1/6
f 5851/1/6 5839/1/6 5852/1/6
f 5842/1/6 5843/1/6 5853/1/6
f 5853/1/6 5843/1/6 5854/1/6
f 5847/1/6 5848/1/6 5855/1/6
f 5846/1/6 5847/1/6 5855/1/6
f 5844/1/6 5845/1/6 5855/1/6
f 5845/1/6 5846/1/6 5855/1/6
f 5849/1/6 5850/1/6 5858/1/6
f 5850/1/6 5851/1/6 5858/1/6
f 5858/1/6 5851/1/6 5859/1/6
f 5859/1/6 5851/1/6 5860/1/6
f 5860/1/6 5851/1/6 5861/1/6
f 5861/1/6 5851/1/6 5862/1/6
f 5854/1/6 5843/1/6 5863/1/6
f 5863/1/6 5843/1/6 5864/1/6
f 5843/3/6 5844/3/6 5865/3/6
f 5864/1/6 5843/1/6 5865/1/6
f 5855/1/6 5856/1/6 5866/1/6
f 5865/3/6 5844/3/6 5866/3/6
f 5844/1/6 5855/1/6 5866/1/6
f 5866/1/6 5856/1/6 5867/1/6
f 5867/1/6 5856/1/6 5868/1/6
f 5868/1/6 5856/1/6 5869/1/6
f 5857/1/6 5858/1/6 5872/1/6
f 5858/1/6 5859/1/6 5872/1/6
f 5859/3/6 5860/3/6 5873/3/6
f 5872/1/6 5859/1/6 5873/1/6
f 5860/1/6 5861/1/6 5874/1/6
f 5873/3/6 5860/3/6 5874/3/6
f 5874/1/6 5861/1/6 5875/1/6
f 5875/1/6 5861/1/6 5876/1/6
f 5864/1/6 5865/1/6 5877/1/6
f 5865/1/6 5866/1/6 5877/1/6
f 5866/1/6 5867/1/6 5877/1/6
f 5877/1/6 5867/1/6 5878/1/6
f 5878/1/6 5867/1/6 5879/1/6
f 5879/1/6 5867/1/6 5880/1/6
f 5867/4/6 5868/4/6 5881/4/6
f 5880/1/6 5867/1/6 5881/1/6
f 5869/1/6 5870/1/6 5882/1/6
f 5881/4/6 5868/4/6 5882/4/6
f 5868/1/6 5869/1/6 5882/1/6
f 5882/1/6 5870/1/6 5883/1/6
f 5872/1/6 5873/1/6 5886/1/6
f 5874/1/6 5875/1/6 5886/1/6
f 5871/1/6 5872/1/6 5886/1/6
f 5873/1/6 5874/1/6 5886/1/6
f 5886/1/6 5875/1/6 5887/1/6
f 5887/1/6 5875/1/6 5888/1/6
f 5878/1/6 5879/1/6 5889/1/6
f 5889/1/6 5879/1/6 5890/1/6
f 5883/1/6 5884/1/6 5891/1/6
f 5882/1/6 5883/1/6 5891/1/6
f 5880/1/6 5881/1/6 5891/1/6
f 5881/1/6 5882/1/6 5891/1/6
f 5885/1/6 5886/1/6 5896/1/6
f 5886/1/6 5887/1/6 5896/1/6
f 5896/1/6 5887/1/6 5897/1/6
f 5897/1/6 5887/1/6 5898/1/6
f 5890/1/6 5879/1/6 5899/1/6
f 5899/1/6 5879/1/6 5900/1/6
f 5879/3/6 5880/3/6 5901/3/6
f 5900/1/6 5879/1/6 5901/1/6
f 5880/1/6 5891/1/6 5902/1/6
f 5901/3/6 5880/3/6 5902/3/6
f 5891/1/6 5892/1/6 5902/1/6
f 5902/1/6 5892/1/6 5903/1/6
f 5893/1/6 5894/1/6 5906/1/6
f 5894/5/6 5895/5/6 5907/5/6
f 5906/1/6 5894/1/6 5907/1/6
f 5896/1/6 5897/1/6 5908/1/6
f 5907/5/6 5895/5/6 5908/5/6
f 5895/1/6 5896/1/6 5908/1/6
f 5908/1/6 5897/1/6 5909/1/6
f 5909/1/6 5897/1/6 5910/1/6
f 5903/1/6 5904/1/6 5911/1/6
f 5900/1/6 5901/1/6 5911/1/6
f 5901/1/6 5902/1/6 5911/1/6
f 5902/1/6 5903/1/6 5911/1/6
f 5911/1/6 5904/1/6 5912/1/6
f 5912/1/6 5904/1/6 5913/1/6
f 5913/1/6 5904/1/6 5914/1/6
f 5914/1/6 5904/1/6 5915/1/6
f 5906/1/6 5907/1/6 5918/1/6
f 5905/1/6 5906/1/6 5918/1/6
f 5908/1/6 5909/1/6 5918/1/6
f 5907/1/6 5908/1/6 5918/1/6
f 5918/1/6 5909/1/6 5919/1/6
f 5919/1/6 5909/1/6 5920/1/6
f 5920/1/6 5909/1/6 5921/1/6
f 5921/1/6 5909/1/6 5922/1/6
f 5912/1/6 5913/1/6 5923/1/6
f 5923/1/6 5913/1/6 5924/1/6
f 5913/4/6 5914/4/6 5925/4/6
f 5924/1/6 5913/1/6 5925/1/6
f 5915/1/6 5916/1/6 5926/1/6
f 5925/4/6 5914/4/6 5926/4/6
f 5914/1/6 5915/1/6 5926/1/6
f 5926/1/6 5916/1/6 5927/1/6
f 5917/1/6 5918/1/6 5928/1/6
f 5918/1/6 5919/1/6 5928/1/6
f 5919/2/6 5920/2/6 5929/2/6
f 5928/1/6 5919/1/6 5929/1/6
f 5920/1/6 5921/1/6 5930/1/6
f 5929/2/6 5920/2/6 5930/2/6
f 5930/1/6 5921/1/6 5931/1/6
f 5931/1/6 5921/1/6 5932/1/6
f 5924/1/6 5925/1/6 5933/1/6
f 5930/1/6 5931/1/6 5933/1/6
f 5929/1/6 5930/1/6 5933/1/6
f 5928/1/6 5929/1/6 5933/1/6
f 5927/1/6 5928/1/6 5933/1/6
f 5925/1/6 5926/1/6 5933/1/6
f 5926/1/6 5927/1/6 5933/1/6
f 5933/1/6 5931/1/6 5934/1/6
f 5934/1/6 5931/1/6 5935/1/6
f 5935/1/6 5931/1/6 5936/1/6
f 5936/1/6 5931/1/6 5937/1/6
f 5937/1/6 5931/1/6 5938/1/6
f 5934/1/6 5935/1/6 5939/1/6
f 5939/1/6 5935/1/6 5940/1/6
f 5940/1/6 5935/1/6 5941/1/6
f 5941/1/6 5935/1/6 5942/1/6
f 5936/1/6 5937/1/6 5943/1/6
f 5943/1/6 5937/1/6 5944/1/6
f 5940/1/6 5941/1/6 5945/1/6
f 5945/1/6 5941/1/6 5946/1/6
f 5941/2/6 5942/2/6 5947/2/6
f 5946/1/6 5941/1/6 5947/1/6
f 5942/1/6 5935/1/6 5948/1/6
f 5947/2/6 5942/2/6 5948/2/6
f 5935/5/6 5936/5/6 5949/5/6
f 5948/1/6 5935/1/6 5949/1/6
f 5936/1/6 5943/1/6 5950/1/6
f 5949/5/6 5936/5/6 5950/5/6
f 5950/1/6 5943/1/6 5951/1/6
f 5951/1/6 5943/1/6 5952/1/6
f 5952/1/6 5943/1/6 5953/1/6
f 5953/1/6 5943/1/6 5954/1/6
f 5946/1/6 5947/1/6 5955/1/6
f 5947/1/6 5948/1/6 5955/1/6
f 5948/1/6 5949/1/6 5955/1/6
f 5950/1/6 5951/1/6 5955/1/6
f 5949/1/6 5950/1/6 5955/1/6
f 5955/1/6 5951/1/6 5956/1/6
f 5951/2/6 5952/2/6 5957/2/6
f 5956/1/6 5951/1/6 5957/1/6
f 5952/1/6 5953/1/6 5958/1/6
f 5957/2/6 5952/2/6 5958/2/6
f 5958/1/6 5953/1/6 5959/1/6
f 5959/1/6 5953/1/6 5960/1/6
f 5956/1/6 5957/1/6 5961/1/6
f 5958/1/6 5959/1/6 5961/1/6
f 5957/1/6 5958/1/6 5961/1/6
f 5961/1/6 5959/1/6 5962/1/6
f 5962/1/6 5959/1/6 5963/1/6
f 5963/1/6 5959/1/6 5964/1/6
f 5964/1/6 5959/1/6 5965/1/6
f 5965/1/6 5959/1/6 5966/1/6
f 5962/1/6 5963/1/6 5967/1/6
f 5967/1/6 5963/1/6 5968/1/6
f 5968/1/6 5963/1/6 5969/1/6
f 5969/1/6 5963/1/6 5970/1/6
f 5963/3/6 5964/3/6 5971/3/6
f 5970/1/6 5963/1/6 5971/1/6
f 5964/1/6 5965/1/6 5972/1/6
f 5971/3/6 5964/3/6 5972/3/6
f 5972/1/6 5965/1/6 5973/1/6
f 5973/1/6 5965/1/6 5974/1/6
f 5974/1/6 5965/1/6 5975/1/6
f 5975/1/6 5965/1/6 5976/1/6
f 5976/1/6 5965/1/6 5977/1/6
f 5977/1/6 5965/1/6 5978/1/6
f 5978/1/6 5965/1/6 5979/1/6
f 5979/1/6 5965/1/6 5980/1/6
f 5968/1/6 5969/1/6 5981/1/6
f 5981/1/6 5969/1/6 5982/1/6
f 5970/1/6 5971/1/6 5983/1/6
f 5971/1/6 5972/1/6 5983/1/6
f 5972/1/6 5973/1/6 5983/1/6
f 5973/2/6 5974/2/6 5984/2/6
f 5983/1/6 5973/1/6 5984/1/6
f 5974/1/6 5975/1/6 5985/1/6
f 5984/2/6 5974/2/6 5985/2/6
f 5985/1/6 5975/1/6 5986/1/6
f 5976/1/6 5977/1/6 5987/1/6
f 5987/1/6 5977/1/6 5988/1/6
f 5977/2/6 5978/2/6 5989/2/6
f 5988/1/6 5977/1/6 5989/1/6
f 5978/1/6 5979/1/6 5990/1/6
f 5989/2/6 5978/2/6 5990/2/6
f 5990/1/6 5979/1/6 5991/1/6
f 5991/1/6 5979/1/6 5992/1/6
f 5988/1/6 5989/1/6 5993/1/6
f 5990/1/6 5991/1/6 5993/1/6
f 5989/1/6 5990/1/6 5993/1/6
f 5993/1/6 5991/1/6 5994/1/6
f 5994/1/6 5991/1/6 5995/1/6
f 5995/1/6 5991/1/6 5996/1/6
f 5996/1/6 5991/1/6 5997/1/6
f 5997/1/6 5991/1/6 5998/1/6
f 5998/1/6 5991/1/6 5999/1/6
f 5999/1/6 5991/1/6 6000/1/6
f 5994/1/6 5995/1/6 6001/1/6
f 6001/1/6 5995/1/6 6002/1/6
f 5995/3/6 5996/3/6 6003/3/6
f 6002/1/6 5995/1/6 6003/1/6
f 5996/1/6 5997/1/6 6004/1/6
f 6003/3/6 5996/3/6 6004/3/6
f 5997/5/6 5998/5/6 6005/5/6
f 6004/1/6 5997/1/6 6005/1/6
f 5998/1/6 5999/1/6 6006/1/6
f 6005/5/6 5998/5/6 6006/5/6
f 6006/1/6 5999/1/6 6007/1/6
f 6007/1/6 5999/1/6 6008/1/6
f 6004/1/6 6005/1/6 6009/1/6
f 6006/1/6 6007/1/6 6009/1/6
f 6005/1/6 6006/1/6 6009/1/6
f 6002/1/6 6003/1/6 6009/1/6
f 6003/1/6 6004/1/6 6009/1/6
f 6009/1/6 6007/1/6 6010/1/6
f 6010/1/6 6007/1/6 6011/1/6
f 6011/1/6 6007/1/6 6012/1/6
f 6012/1/6 6007/1/6 6013/1/6
f 6013/1/6 6007/1/6 6014/1/6
f 6010/1/6 6011/1/6 6015/1/6
f 6011/3/6 6012/3/6 6016/3/6
f 6015/1/6 6011/1/6 6016/1/6
f 6012/1/6 6013/1/6 6017/1/6
f 6016/3/6 6012/3/6 6017/3/6
f 6017/1/6 6013/1/6 6018/1/6
f 6018/1/6 6013/1/6 6019/1/6
f 6017/1/6 6018/1/6 6020/1/6
f 6020/1/6 6018/1/6 6021/1/6
f 6022/1/6 6023/1/6 6025/1/6
f 6024/1/6 6025/1/6 6027/1/6
f 6026/1/6 6027/1/6 6030/1/6
f 6028/1/6 6029/1/6 6034/1/6
f 6029/5/6 6030/5/6 6035/5/6
f 6034/1/6 6029/1/6 6035/1/6
f 6030/1/6 6027/1/6 6036/1/6
f 6035/5/6 6030/5/6 6036/5/6
f 6031/1/6 6032/1/6 6040/1/6
f 6040/1/6 6032/1/6 6041/1/6
f 6034/1/6 6035/1/6 6042/1/6
f 6033/1/6 6034/1/6 6042/1/6
f 6035/1/6 6036/1/6 6042/1/6
f 6037/1/6 6038/1/6 6044/1/6
f 6044/1/6 6038/1/6 6045/1/6
f 6041/1/6 6042/1/6 6046/1/6
f 6040/1/6 6041/1/6 6046/1/6
f 6039/1/6 6040/1/6 6046/1/6
f 6044/1/6 6045/1/6 6048/1/6
f 6045/1/6 6046/1/6 6048/1/6
f 6043/1/6 6044/1/6 6048/1/6
f 6047/1/6 6048/1/6 6053/1/6
f 6049/1/6 6050/1/6 6054/1/6
f 6051/1/6 6052/1/6 6057/1/6
f 6052/3/6 6053/3/6 6058/3/6
f 6057/1/6 6052/1/6 6058/1/6
f 6053/1/6 6048/1/6 6059/1/6
f 6058/3/6 6053/3/6 6059/3/6
f 6054/1/6 6055/1/6 6060/1/6
f 6056/1/6 6057/1/6 6063/1/6
f 6057/1/6 6058/1/6 6063/1/6
f 6058/1/6 6059/1/6 6063/1/6
f 6060/1/6 6061/1/6 6064/1/6
f 6062/1/6 6063/1/6 6067/1/6
f 6048/1/6 6046/1/6 6068/1/6
f 6059/1/6 6048/1/6 6068/1/6
f 6067/1/6 6063/1/6 6068/1/6
f 6063/1/6 6059/1/6 6068/1/6
f 6068/1/6 6046/1/6 6069/1/6
f 6064/1/6 6065/1/6 6070/1/6
f 6066/1/6 6067/1/6 6073/1/6
f 6067/1/6 6068/1/6 6073/1/6
f 6073/1/6 6068/1/6 6074/1/6
f 6074/1/6 6068/1/6 6075/1/6
f 6068/4/6 6069/4/6 6076/4/6
f 6075/1/6 6068/1/6 6076/1/6
f 6069/1/6 6046/1/6 6077/1/6
f 6076/4/6 6069/4/6 6077/4/6
f 6046/1/6 6042/1/6 6078/1/6
f 6077/1/6 6046/1/6 6078/1/6
f 6042/1/6 6036/1/6 6078/1/6
f 6036/1/6 6027/1/6 6079/1/6
f 6078/1/6 6036/1/6 6079/1/6
f 6070/1/6 6071/1/6 6080/1/6
f 6073/1/6 6074/1/6 6083/1/6
f 6072/1/6 6073/1/6 6083/1/6
f 6074/3/6 6075/3/6 6084/3/6
f 6083/1/6 6074/1/6 6084/1/6
f 6076/1/6 6077/1/6 6085/1/6
f 6084/3/6 6075/3/6 6085/3/6
f 6077/1/6 6078/1/6 6085/1/6
f 6075/1/6 6076/1/6 6085/1/6
f 6085/1/6 6078/1/6 6086/1/6
f 6086/1/6 6078/1/6 6087/1/6
f 6078/2/6 6079/2/6 6088/2/6
f 6087/1/6 6078/1/6 6088/1/6
f 6079/1/6 6027/1/6 6089/1/6
f 6088/2/6 6079/2/6 6089/2/6
f 6080/1/6 6081/1/6 6090/1/6
f 6083/1/6 6084/1/6 6093/1/6
f 6082/1/6 6083/1/6 6093/1/6
f 6084/1/6 6085/1/6 6093/1/6
f 6085/1/6 6086/1/6 6093/1/6
f 6093/1/6 6086/1/6 6094/1/6
f 6094/1/6 6086/1/6 6095/1/6
f 6086/4/6 6087/4/6 6096/4/6
f 6095/1/6 6086/1/6 6096/1/6
f 6087/1/6 6088/1/6 6097/1/6
f 6096/4/6 6087/4/6 6097/4/6
f 6088/1/6 6089/1/6 6097/1/6
f 6097/1/6 6089/1/6 6098/1/6
f 6098/1/6 6089/1/6 6099/1/6
f 6090/1/6 6091/1/6 6100/1/6
f 6093/1/6 6094/1/6 6103/1/6
f 6092/1/6 6093/1/6 6103/1/6
f 6094/3/6 6095/3/6 6104/3/6
f 6103/1/6 6094/1/6 6104/1/6
f 6095/1/6 6096/1/6 6105/1/6
f 6104/3/6 6095/3/6 6105/3/6
f 6096/1/6 6097/1/6 6105/1/6
f 6097/1/6 6098/1/6 6105/1/6
f 6098/5/6 6099/5/6 6106/5/6
f 6105/1/6 6098/1/6 6106/1/6
f 6099/1/6 6089/1/6 6107/1/6
f 6106/5/6 6099/5/6 6107/5/6
f 6100/1/6 6101/1/6 6108/1/6
f 6105/1/6 6106/1/6 6111/1/6
f 6103/1/6 6104/1/6 6111/1/6
f 6102/1/6 6103/1/6 6111/1/6
f 6106/1/6 6107/1/6 6111/1/6
f 6104/1/6 6105/1/6 6111/1/6
f 6108/1/6 6109/1/6 6112/1/6
f 6110/1/6 6111/1/6 6115/1/6
f 6111/1/6 6107/1/6 6116/1/6
f 6115/1/6 6111/1/6 6116/1/6
f 6116/1/6 6107/1/6 6117/1/6
f 6112/1/6 6113/1/6 6118/1/6
f 6114/1/6 6115/1/6 6121/1/6
f 6115/1/6 6116/1/6 6121/1/6
f 6118/1/6 6119/1/6 6122/1/6
f 6120/1/6 6121/1/6 6125/1/6
f 6121/1/6 6116/1/6 6126/1/6
f 6125/1/6 6121/1/6 6126/1/6
f 6126/1/6 6116/1/6 6127/1/6
f 6127/1/6 6116/1/6 6128/1/6
f 6116/3/6 6117/3/6 6129/3/6
f 6128/1/6 6116/1/6 6129/1/6
f 6117/1/6 6107/1/6 6130/1/6
f 6129/3/6 6117/3/6 6130/3/6
f 6122/1/6 6123/1/6 6131/1/6
f 6124/1/6 6125/1/6 6134/1/6
f 6125/1/6 6126/1/6 6134/1/6
f 6134/1/6 6126/1/6 6135/1/6
f 6135/1/6 6126/1/6 6136/1/6
f 6126/2/6 6127/2/6 6137/2/6
f 6136/1/6 6126/1/6 6137/1/6
f 6127/1/6 6128/1/6 6138/1/6
f 6137/2/6 6127/2/6 6138/2/6
f 6128/3/6 6129/3/6 6139/3/6
f 6138/1/6 6128/1/6 6139/1/6
f 6129/4/6 6130/4/6 6140/4/6
f 6139/3/6 6129/3/6 6140/3/6
f 6112/1/6 6118/1/6 6141/1/6
f 6131/1/6 6132/1/6 6141/1/6
f 6118/1/6 6122/1/6 6141/1/6
f 6122/1/6 6131/1/6 6141/1/6
f 6141/1/6 6132/1/6 6142/1/6
f 6142/1/6 6132/1/6 6143/1/6
f 6134/1/6 6135/1/6 6146/1/6
f 6133/1/6 6134/1/6 6146/1/6
f 6135/3/6 6136/3/6 6147/3/6
f 6146/1/6 6135/1/6 6147/1/6
f 6137/1/6 6138/1/6 6148/1/6
f 6147/3/6 6136/3/6 6148/3/6
f 6136/1/6 6137/1/6 6148/1/6
f 6139/1/6 6140/1/6 6148/1/6
f 6138/1/6 6139/1/6 6148/1/6
f 6140/4/6 6130/4/6 6149/4/6
f 6148/1/6 6140/1/6 6149/1/6
f 6130/1/6 6107/1/6 6150/1/6
f 6149/4/6 6130/4/6 6150/4/6
f 6150/1/6 6107/1/6 6151/1/6
f 6151/1/6 6107/1/6 6152/1/6
f 6100/1/6 6108/1/6 6153/1/6
f 6108/1/6 6112/1/6 6153/1/6
f 6112/1/6 6141/1/6 6153/1/6
f 6153/1/6 6141/1/6 6154/1/6
f 6141/2/6 6142/2/6 6155/2/6
f 6154/1/6 6141/1/6 6155/1/6
f 6143/1/6 6144/1/6 6156/1/6
f 6155/2/6 6142/2/6 6156/2/6
f 6142/1/6 6143/1/6 6156/1/6
f 6156/1/6 6144/1/6 6157/1/6
f 6146/1/6 6147/1/6 6160/1/6
f 6148/1/6 6149/1/6 6160/1/6
f 6147/1/6 6148/1/6 6160/1/6
f 6145/1/6 6146/1/6 6160/1/6
f 6149/1/6 6150/1/6 6160/1/6
f 6150/1/6 6151/1/6 6160/1/6
f 6151/4/6 6152/4/6 6161/4/6
f 6160/1/6 6151/1/6 6161/1/6
f 6152/1/6 6107/1/6 6162/1/6
f 6161/4/6 6152/4/6 6162/4/6
f 6153/4/6 6154/4/6 6163/4/6
f 6100/1/6 6153/1/6 6163/1/6
f 6157/1/6 6158/1/6 6164/1/6
f 6163/4/6 6154/4/6 6164/4/6
f 6156/1/6 6157/1/6 6164/1/6
f 6155/1/6 6156/1/6 6164/1/6
f 6154/1/6 6155/1/6 6164/1/6
f 6164/1/6 6158/1/6 6165/1/6
f 6160/1/6 6161/1/6 6168/1/6
f 6159/1/6 6160/1/6 6168/1/6
f 6161/5/6 6162/5/6 6169/5/6
f 6168/1/6 6161/1/6 6169/1/6
f 6162/1/6 6107/1/6 6170/1/6
f 6169/5/6 6162/5/6 6170/5/6
f 6170/1/6 6107/1/6 6171/1/6
f 6171/1/6 6107/1/6 6172/1/6
f 6100/1/6 6163/1/6 6173/1/6
f 6165/1/6 6166/1/6 6173/1/6
f 6060/1/6 6064/1/6 6173/1/6
f 6064/1/6 6070/1/6 6173/1/6
f 6080/1/6 6090/1/6 6173/1/6
f 6070/1/6 6080/1/6 6173/1/6
f 6163/1/6 6164/1/6 6173/1/6
f 6090/1/6 6100/1/6 6173/1/6
f 6164/1/6 6165/1/6 6173/1/6
f 6173/1/6 6166/1/6 6174/1/6
f 6174/1/6 6166/1/6 6175/1/6
f 6170/1/6 6171/1/6 6178/1/6
f 6169/1/6 6170/1/6 6178/1/6
f 6167/1/6 6168/1/6 6178/1/6
f 6168/1/6 6169/1/6 6178/1/6
f 6178/1/6 6171/1/6 6179/1/6
f 6179/1/6 6171/1/6 6180/1/6
f 6171/5/6 6172/5/6 6181/5/6
f 6180/1/6 6171/1/6 6181/1/6
f 6172/1/6 6107/1/6 6182/1/6
f 6181/5/6 6172/5/6 6182/5/6
f 6054/1/6 6060/1/6 6183/1/6
f 6049/1/6 6054/1/6 6183/1/6
f 6060/1/6 6173/1/6 6183/1/6
f 6183/1/6 6173/1/6 6184/1/6
f 6184/1/6 6173/1/6 6185/1/6
f 6173/2/6 6174/2/6 6186/2/6
f 6185/1/6 6173/1/6 6186/1/6
f 6175/1/6 6176/1/6 6187/1/6
f 6186/2/6 6174/2/6 6187/2/6
f 6174/1/6 6175/1/6 6187/1/6
f 6187/1/6 6176/1/6 6188/1/6
f 6178/1/6 6179/1/6 6195/1/6
f 6177/1/6 6178/1/6 6195/1/6
f 6179/4/6 6180/4/6 6196/4/6
f 6195/1/6 6179/1/6 6196/1/6
f 6180/1/6 6181/1/6 6197/1/6
f 6196/4/6 6180/4/6 6197/4/6
f 6181/1/6 6182/1/6 6197/1/6
f 6182/1/6 6107/1/6 6198/1/6
f 6197/1/6 6182/1/6 6198/1/6
f 6107/1/6 6089/1/6 6198/1/6
f 6198/1/6 6089/1/6 6199/1/6
f 6184/1/6 6185/1/6 6200/1/6
f 6185/3/6 6186/3/6 6201/3/6
f 6200/1/6 6185/1/6 6201/1/6
f 6188/1/6 6189/1/6 6202/1/6
f 6201/3/6 6186/3/6 6202/3/6
f 6186/1/6 6187/1/6 6202/1/6
f 6187/1/6 6188/1/6 6202/1/6
f 6202/1/6 6189/1/6 6203/1/6
f 6190/1/6 6191/1/6 6204/1/6
f 6204/1/6 6191/1/6 6205/1/6
f 6192/1/6 6193/1/6 6206/1/6
f 6206/1/6 6193/1/6 6207/1/6
f 6195/1/6 6196/1/6 6210/1/6
f 6194/1/6 6195/1/6 6210/1/6
f 6196/1/6 6197/1/6 6210/1/6
f 6197/1/6 6198/1/6 6210/1/6
f 6198/4/6 6199/4/6 6211/4/6
f 6210/1/6 6198/1/6 6211/1/6
f 6199/1/6 6089/1/6 6212/1/6
f 6211/4/6 6199/4/6 6212/4/6
f 6207/1/6 6208/1/6 6213/1/6
f 6206/1/6 6207/1/6 6213/1/6
f 6205/1/6 6206/1/6 6213/1/6
f 6203/1/6 6204/1/6 6213/1/6
f 6204/1/6 6205/1/6 6213/1/6
f 6202/1/6 6203/1/6 6213/1/6
f 6213/1/6 6208/1/6 6214/1/6
f 6214/1/6 6208/1/6 6215/1/6
f 6211/1/6 6212/1/6 6218/1/6
f 6210/1/6 6211/1/6 6218/1/6
f 6209/1/6 6210/1/6 6218/1/6
f 6218/1/6 6212/1/6 6219/1/6
f 6219/1/6 6212/1/6 6220/1/6
f 6212/1/6 6089/1/6 6221/1/6
f 6220/1/6 6212/1/6 6221/1/6
f 6089/1/6 6027/1/6 6221/1/6
f 6025/1/6 6023/1/6 6222/1/6
f 6221/1/6 6027/1/6 6222/1/6
f 6027/1/6 6025/1/6 6222/1/6
f 6215/1/6 6216/1/6 6223/1/6
f 6214/1/6 6215/1/6 6223/1/6
f 6223/1/6 6216/1/6 6224/1/6
f 6224/1/6 6216/1/6 6225/1/6
f 6225/1/6 6216/1/6 6226/1/6
f 6226/1/6 6216/1/6 6227/1/6
f 6227/1/6 6216/1/6 6228/1/6
f 6228/1/6 6216/1/6 6229/1/6
f 6229/1/6 6216/1/6 6230/1/6
f 6230/1/6 6216/1/6 6231/1/6
f 6217/1/6 6218/1/6 6234/1/6
f 6218/1/6 6219/1/6 6234/1/6
f 6234/1/6 6219/1/6 6235/1/6
f 6235/1/6 6219/1/6 6236/1/6
f 6236/1/6 6219/1/6 6237/1/6
f 6237/1/6 6219/1/6 6238/1/6
f 6219/2/6 6220/2/6 6239/2/6
f 6238/1/6 6219/1/6 6239/1/6
f 6220/1/6 6221/1/6 6240/1/6
f 6239/2/6 6220/2/6 6240/2/6
f 6240/1/6 6221/1/6 6241/1/6
f 6241/1/6 6221/1/6 6242/1/6
f 6242/1/6 6221/1/6 6243/1/6
f 6226/1/6 6227/1/6 6244/1/6
f 6244/1/6 6227/1/6 6245/1/6
f 6227/2/6 6228/2/6 6246/2/6
f 6245/1/6 6227/1/6 6246/1/6
f 6228/1/6 6229/1/6 6247/1/6
f 6246/2/6 6228/2/6 6247/2/6
f 6229/2/6 6230/2/6 6248/2/6
f 6247/1/6 6229/1/6 6248/1/6
f 6231/1/6 6232/1/6 6249/1/6
f 6248/2/6 6230/2/6 6249/2/6
f 6230/1/6 6231/1/6 6249/1/6
f 6249/1/6 6232/1/6 6250/1/6
f 6250/1/6 6232/1/6 6251/1/6
f 6251/1/6 6232/1/6 6252/1/6
f 6252/1/6 6232/1/6 6253/1/6
f 6253/1/6 6232/1/6 6254/1/6
f 6233/1/6 6234/1/6 6257/1/6
f 6234/1/6 6235/1/6 6257/1/6
f 6257/1/6 6235/1/6 6258/1/6
f 6258/1/6 6235/1/6 6259/1/6
f 6236/1/6 6237/1/6 6260/1/6
f 6260/1/6 6237/1/6 6261/1/6
f 6237/2/6 6238/2/6 6262/2/6
f 6261/1/6 6237/1/6 6262/1/6
f 6238/1/6 6239/1/6 6263/1/6
f 6262/2/6 6238/2/6 6263/2/6
f 6240/1/6 6241/1/6 6263/1/6
f 6239/1/6 6240/1/6 6263/1/6
f 6263/1/6 6241/1/6 6264/1/6
f 6264/1/6 6241/1/6 6265/1/6
f 6247/1/6 6248/1/6 6266/1/6
f 6245/1/6 6246/1/6 6266/1/6
f 6246/1/6 6247/1/6 6266/1/6
f 6248/1/6 6249/1/6 6266/1/6
f 6249/1/6 6250/1/6 6266/1/6
f 6266/1/6 6250/1/6 6267/1/6
f 6250/2/6 6251/2/6 6268/2/6
f 6267/1/6 6250/1/6 6268/1/6
f 6251/1/6 6252/1/6 6269/1/6
f 6268/2/6 6251/2/6 6269/2/6
f 6252/4/6 6253/4/6 6270/4/6
f 6269/1/6 6252/1/6 6270/1/6
f 6254/1/6 6255/1/6 6271/1/6
f 6270/4/6 6253/4/6 6271/4/6
f 6253/1/6 6254/1/6 6271/1/6
f 6271/1/6 6255/1/6 6272/1/6
f 6257/1/6 6258/1/6 6275/1/6
f 6256/1/6 6257/1/6 6275/1/6
f 6258/2/6 6259/2/6 6276/2/6
f 6275/1/6 6258/1/6 6276/1/6
f 6259/1/6 6235/1/6 6277/1/6
f 6276/2/6 6259/2/6 6277/2/6
f 6277/1/6 6235/1/6 6278/1/6
f 6278/1/6 6235/1/6 6279/1/6
f 6235/3/6 6236/3/6 6280/3/6
f 6279/1/6 6235/1/6 6280/1/6
f 6236/1/6 6260/1/6 6281/1/6
f 6280/3/6 6236/3/6 6281/3/6
f 6260/5/6 6261/5/6 6282/5/6
f 6281/1/6 6260/1/6 6282/1/6
f 6261/1/6 6262/1/6 6283/1/6
f 6282/5/6 6261/5/6 6283/5/6
f 6263/1/6 6264/1/6 6283/1/6
f 6262/1/6 6263/1/6 6283/1/6
f 6283/1/6 6264/1/6 6284/1/6
f 6284/1/6 6264/1/6 6285/1/6
f 6285/1/6 6264/1/6 6286/1/6
f 6286/1/6 6264/1/6 6287/1/6
f 6272/1/6 6273/1/6 6288/1/6
f 6269/1/6 6270/1/6 6288/1/6
f 6271/1/6 6272/1/6 6288/1/6
f 6267/1/6 6268/1/6 6288/1/6
f 6268/1/6 6269/1/6 6288/1/6
f 6270/1/6 6271/1/6 6288/1/6
f 6288/1/6 6273/1/6 6289/1/6
f 6289/1/6 6273/1/6 6290/1/6
f 6290/1/6 6273/1/6 6291/1/6
f 6291/1/6 6273/1/6 6292/1/6
f 6274/1/6 6275/1/6 6293/1/6
f 6275/1/6 6276/1/6 6293/1/6
f 6277/1/6 6278/1/6 6293/1/6
f 6276/1/6 6277/1/6 6293/1/6
f 6278/2/6 6279/2/6 6294/2/6
f 6293/1/6 6278/1/6 6294/1/6
f 6281/1/6 6282/1/6 6295/1/6
f 6294/2/6 6279/2/6 6295/2/6
f 6280/1/6 6281/1/6 6295/1/6
f 6279/1/6 6280/1/6 6295/1/6
f 6283/1/6 6284/1/6 6295/1/6
f 6282/1/6 6283/1/6 6295/1/6
f 6284/4/6 6285/4/6 6296/4/6
f 6295/1/6 6284/1/6 6296/1/6
f 6285/1/6 6286/1/6 6297/1/6
f 6296/4/6 6285/4/6 6297/4/6
f 6297/1/6 6286/1/6 6298/1/6
f 6298/1/6 6286/1/6 6299/1/6
f 6289/1/6 6290/1/6 6300/1/6
f 6300/1/6 6290/1/6 6301/1/6
f 6301/1/6 6290/1/6 6302/1/6
f 6302/1/6 6290/1/6 6303/1/6
f 6290/3/6 6291/3/6 6304/3/6
f 6303/1/6 6290/1/6 6304/1/6
f 6293/1/6 6294/1/6 6305/1/6
f 6304/3/6 6291/3/6 6305/3/6
f 6291/1/6 6292/1/6 6305/1/6
f 6297/1/6 6298/1/6 6305/1/6
f 6295/1/6 6296/1/6 6305/1/6
f 6292/1/6 6293/1/6 6305/1/6
f 6296/1/6 6297/1/6 6305/1/6
f 6294/1/6 6295/1/6 6305/1/6
f 6305/1/6 6298/1/6 6306/1/6
f 6306/1/6 6298/1/6 6307/1/6
f 6307/1/6 6298/1/6 6308/1/6
f 6308/1/6 6298/1/6 6309/1/6
f 6301/1/6 6302/1/6 6310/1/6
f 6310/1/6 6302/1/6 6311/1/6
f 6302/5/6 6303/5/6 6312/5/6
f 6311/1/6 6302/1/6 6312/1/6
f 6303/1/6 6304/1/6 6313/1/6
f 6312/5/6 6303/5/6 6313/5/6
f 6304/1/6 6305/1/6 6313/1/6
f 6305/1/6 6306/1/6 6313/1/6
f 6313/1/6 6306/1/6 6314/1/6
f 6314/1/6 6306/1/6 6315/1/6
f 6306/2/6 6307/2/6 6316/2/6
f 6315/1/6 6306/1/6 6316/1/6
f 6307/1/6 6308/1/6 6317/1/6
f 6316/2/6 6307/2/6 6317/2/6
f 6317/1/6 6308/1/6 6318/1/6
f 6318/1/6 6308/1/6 6319/1/6
f 6319/1/6 6308/1/6 6320/1/6
f 6320/1/6 6308/1/6 6321/1/6
f 6311/1/6 6312/1/6 6322/1/6
f 6312/1/6 6313/1/6 6322/1/6
f 6313/1/6 6314/1/6 6322/1/6
f 6322/1/6 6314/1/6 6323/1/6
f 6323/1/6 6314/1/6 6324/1/6
f 6324/1/6 6314/1/6 6325/1/6
f 6314/5/6 6315/5/6 6326/5/6
f 6325/1/6 6314/1/6 6326/1/6
f 6315/1/6 6316/1/6 6327/1/6
f 6326/5/6 6315/5/6 6327/5/6
f 6317/1/6 6318/1/6 6327/1/6
f 6316/1/6 6317/1/6 6327/1/6
f 6327/1/6 6318/1/6 6328/1/6
f 6328/1/6 6318/1/6 6329/1/6
f 6318/3/6 6319/3/6 6330/3/6
f 6329/1/6 6318/1/6 6330/1/6
f 6319/1/6 6320/1/6 6331/1/6
f 6330/3/6 6319/3/6 6331/3/6
f 6331/1/6 6320/1/6 6332/1/6
f 6332/1/6 6320/1/6 6333/1/6
f 6333/1/6 6320/1/6 6334/1/6
f 6334/1/6 6320/1/6 6335/1/6
f 6323/1/6 6324/1/6 6336/1/6
f 6324/4/6 6325/4/6 6337/4/6
f 6336/1/6 6324/1/6 6337/1/6
f 6325/1/6 6326/1/6 6338/1/6
f 6337/4/6 6325/4/6 6338/4/6
f 6326/1/6 6327/1/6 6338/1/6
f 6327/1/6 6328/1/6 6338/1/6
f 6328/5/6 6329/5/6 6339/5/6
f 6338/1/6 6328/1/6 6339/1/6
f 6329/1/6 6330/1/6 6340/1/6
f 6339/5/6 6329/5/6 6340/5/6
f 6331/1/6 6332/1/6 6340/1/6
f 6330/1/6 6331/1/6 6340/1/6
f 6332/4/6 6333/4/6 6341/4/6
f 6340/1/6 6332/1/6 6341/1/6
f 6333/1/6 6334/1/6 6342/1/6
f 6341/4/6 6333/4/6 6342/4/6
f 6342/1/6 6334/1/6 6343/1/6
f 6343/1/6 6334/1/6 6344/1/6
f 6344/1/6 6334/1/6 6345/1/6
f 6345/1/6 6334/1/6 6346/1/6
f 6338/1/6 6339/1/6 6347/1/6
f 6340/1/6 6341/1/6 6347/1/6
f 6342/1/6 6343/1/6 6347/1/6
f 6341/1/6 6342/1/6 6347/1/6
f 6339/1/6 6340/1/6 6347/1/6
f 6347/1/6 6343/1/6 6348/1/6
f 6348/1/6 6343/1/6 6349/1/6
f 6349/1/6 6343/1/6 6350/1/6
f 6350/1/6 6343/1/6 6351/1/6
f 6351/1/6 6343/1/6 6352/1/6
f 6343/3/6 6344/3/6 6353/3/6
f 6352/1/6 6343/1/6 6353/1/6
f 6344/1/6 6345/1/6 6354/1/6
f 6353/3/6 6344/3/6 6354/3/6
f 6354/1/6 6345/1/6 6355/1/6
f 6348/1/6 6349/1/6 6356/1/6
f 6356/1/6 6349/1/6 6357/1/6
f 6349/3/6 6350/3/6 6358/3/6
f 6357/1/6 6349/1/6 6358/1/6
f 6350/1/6 6351/1/6 6359/1/6
f 6358/3/6 6350/3/6 6359/3/6
f 6351/5/6 6352/5/6 6360/5/6
f 6359/1/6 6351/1/6 6360/1/6
f 6352/1/6 6353/1/6 6361/1/6
f 6360/5/6 6352/5/6 6361/5/6
f 6361/1/6 6353/1/6 6362/1/6
f 6362/1/6 6353/1/6 6363/1/6
f 6359/1/6 6360/1/6 6364/1/6
f 6358/1/6 6359/1/6 6364/1/6
f 6361/1/6 6362/1/6 6364/1/6
f 6360/1/6 6361/1/6 6364/1/6
f 6357/1/6 6358/1/6 6364/1/6
f 6364/1/6 6362/1/6 6365/1/6
f 6365/1/6 6362/1/6 6366/1/6
f 6366/1/6 6362/1/6 6367/1/6
f 6367/1/6 6362/1/6 6368/1/6
f 6368/1/6 6362/1/6 6369/1/6
f 6369/1/6 6362/1/6 6370/1/6
f 6370/1/6 6362/1/6 6371/1/6
f 6371/1/6 6362/1/6 6372/1/6
f 6372/1/6 6362/1/6 6373/1/6
f 6373/1/6 6362/1/6 6374/1/6
f 6374/1/6 6362/1/6 6375/1/6
f 6375/1/6 6362/1/6 6376/1/6
f 6376/1/6 6362/1/6 6377/1/6
f 6365/1/6 6366/1/6 6378/1/6
f 6378/1/6 6366/1/6 6379/1/6
f 6366/3/6 6367/3/6 6380/3/6
f 6379/1/6 6366/1/6 6380/1/6
f 6367/1/6 6368/1/6 6381/1/6
f 6380/3/6 6367/3/6 6381/3/6
f 6381/1/6 6368/1/6 6382/1/6
f 6382/1/6 6368/1/6 6383/1/6
f 6368/5/6 6369/5/6 6384/5/6
f 6383/1/6 6368/1/6 6384/1/6
f 6369/1/6 6370/1/6 6385/1/6
f 6384/5/6 6369/5/6 6385/5/6
f 6370/5/6 6371/5/6 6386/5/6
f 6385/1/6 6370/1/6 6386/1/6
f 6371/1/6 6372/1/6 6387/1/6
f 6386/5/6 6371/5/6 6387/5/6
f 6387/1/6 6372/1/6 6388/1/6
f 6388/1/6 6372/1/6 6389/1/6
f 6389/1/6 6372/1/6 6390/1/6
f 6372/2/6 6373/2/6 6391/2/6
f 6390/1/6 6372/1/6 6391/1/6
f 6373/1/6 6374/1/6 6392/1/6
f 6391/2/6 6373/2/6 6392/2/6
f 6374/2/6 6375/2/6 6393/2/6
f 6392/1/6 6374/1/6 6393/1/6
f 6375/1/6 6376/1/6 6394/1/6
f 6393/2/6 6375/2/6 6394/2/6
f 6394/1/6 6376/1/6 6395/1/6
f 6395/1/6 6376/1/6 6396/1/6
f 6379/1/6 6380/1/6 6397/1/6
f 6380/1/6 6381/1/6 6397/1/6
f 6381/1/6 6382/1/6 6397/1/6
f 6397/1/6 6382/1/6 6398/1/6
f 6398/1/6 6382/1/6 6399/1/6
f 6399/1/6 6382/1/6 6400/1/6
f 6400/1/6 6382/1/6 6401/1/6
f 6382/2/6 6383/2/6 6402/2/6
f 6401/1/6 6382/1/6 6402/1/6
f 6383/1/6 6384/1/6 6403/1/6
f 6402/2/6 6383/2/6 6403/2/6
f 6384/1/6 6385/1/6 6403/1/6
f 6385/1/6 6386/1/6 6403/1/6
f 6386/1/6 6387/1/6 6403/1/6
f 6387/2/6 6388/2/6 6404/2/6
f 6403/1/6 6387/1/6 6404/1/6
f 6388/1/6 6389/1/6 6405/1/6
f 6404/2/6 6388/2/6 6405/2/6
f 6389/3/6 6390/3/6 6406/3/6
f 6405/1/6 6389/1/6 6406/1/6
f 6392/1/6 6393/1/6 6407/1/6
f 6406/3/6 6390/3/6 6407/3/6
f 6394/1/6 6395/1/6 6407/1/6
f 6390/1/6 6391/1/6 6407/1/6
f 6391/1/6 6392/1/6 6407/1/6
f 6393/1/6 6394/1/6 6407/1/6
f 6407/1/6 6395/1/6 6408/1/6
f 6408/1/6 6395/1/6 6409/1/6
f 6398/1/6 6399/1/6 6410/1/6
f 6410/1/6 6399/1/6 6411/1/6
f 6411/1/6 6399/1/6 6412/1/6
f 6412/1/6 6399/1/6 6413/1/6
f 6399/2/6 6400/2/6 6414/2/6
f 6413/1/6 6399/1/6 6414/1/6
f 6400/4/6 6401/4/6 6415/4/6
f 6414/2/6 6400/2/6 6415/2/6
f 6405/1/6 6406/1/6 6416/1/6
f 6415/4/6 6401/4/6 6416/4/6
f 6401/1/6 6402/1/6 6416/1/6
f 6404/1/6 6405/1/6 6416/1/6
f 6402/1/6 6403/1/6 6416/1/6
f 6407/1/6 6408/1/6 6416/1/6
f 6406/1/6 6407/1/6 6416/1/6
f 6403/1/6 6404/1/6 6416/1/6
f 6416/1/6 6408/1/6 6417/1/6
f 6417/1/6 6408/1/6 6418/1/6
f 6418/1/6 6408/1/6 6419/1/6
f 6419/1/6 6408/1/6 6420/1/6
f 6411/1/6 6412/1/6 6421/1/6
f 6421/1/6 6412/1/6 6422/1/6
f 6412/2/6 6413/2/6 6423/2/6
f 6422/1/6 6412/1/6 6423/1/6
f 6414/1/6 6415/1/6 6424/1/6
f 6423/2/6 6413/2/6 6424/2/6
f 6413/1/6 6414/1/6 6424/1/6
f 6415/1/6 6416/1/6 6424/1/6
f 6416/1/6 6417/1/6 6424/1/6
f 6417/4/6 6418/4/6 6425/4/6
f 6424/1/6 6417/1/6 6425/1/6
f 6418/1/6 6419/1/6 6426/1/6
f 6425/4/6 6418/4/6 6426/4/6
f 6426/1/6 6419/1/6 6427/1/6
f 6427/1/6 6419/1/6 6428/1/6
f 6422/1/6 6423/1/6 6429/1/6
f 6426/1/6 6427/1/6 6429/1/6
f 6425/1/6 6426/1/6 6429/1/6
f 6423/1/6 6424/1/6 6429/1/6
f 6424/1/6 6425/1/6 6429/1/6
f 6429/1/6 6427/1/6 6430/1/6
f 6430/1/6 6427/1/6 6431/1/6
f 6431/1/6 6427/1/6 6432/1/6
f 6430/1/6 6431/1/6 6433/1/6
f 6433/1/6 6431/1/6 6434/1/6
f 6434/1/6 6431/1/6 6435/1/6
f 6435/1/6 6431/1/6 6436/1/6
f 6436/1/6 6431/1/6 6437/1/6
f 6437/1/6 6431/1/6 6438/1/6
f 6434/1/6 6435/1/6 6439/1/6
f 6439/1/6 6435/1/6 6440/1/6
f 6440/1/6 6435/1/6 6441/1/6
f 6441/1/6 6435/1/6 6442/1/6
f 6435/5/6 6436/5/6 6443/5/6
f 6442/1/6 6435/1/6 6443/1/6
f 6436/1/6 6437/1/6 6444/1/6
f 6443/5/6 6436/5/6 6444/5/6
f 6444/1/6 6437/1/6 6445/1/6
f 6445/1/6 6437/1/6 6446/1/6
f 6440/1/6 6441/1/6 6447/1/6
f 6447/1/6 6441/1/6 6448/1/6
f 6441/3/6 6442/3/6 6449/3/6
f 6448/1/6 6441/1/6 6449/1/6
f 6442/1/6 6443/1/6 6450/1/6
f 6449/3/6 6442/3/6 6450/3/6
f 6444/1/6 6445/1/6 6450/1/6
f 6443/1/6 6444/1/6 6450/1/6
f 6450/1/6 6445/1/6 6451/1/6
f 6451/1/6 6445/1/6 6452/1/6
f 6448/1/6 6449/1/6 6453/1/6
f 6450/1/6 6451/1/6 6453/1/6
f 6449/1/6 6450/1/6 6453/1/6
f 6453/1/6 6451/1/6 6454/1/6
f 6454/1/6 6451/1/6 6455/1/6
f 6455/1/6 6451/1/6 6456/1/6
f 6454/1/6 6455/1/6 6457/1/6
f 6457/1/6 6455/1/6 6458/1/6
f 6458/1/6 6455/1/6 6459/1/6
f 6459/1/6 6455/1/6 6460/1/6
f 6458/1/6 6459/1/6 6461/1/6
f 6461/1/6 6459/1/6 6462/1/6
f 6463/1/6 6464/1/6 6465/1/6
f 6465/1/6 6466/1/6 6467/1/6
f 6467/1/6 6468/1/6 6471/1/6
f 6469/1/6 6470/1/6 6477/1/6
f 6471/1/6 6472/1/6 6478/1/6
f 6472/4/6 6473/4/6 6478/4/6
f 6473/1/6 6474/1/6 6479/1/6
f 6478/4/6 6473/4/6 6479/4/6
f 6479/1/6 6474/1/6 6480/1/6
f 6475/1/6 6476/1/6 6483/1/6
f 6476/4/6 6477/4/6 6484/4/6
f 6483/1/6 6476/1/6 6484/1/6
f 6477/1/6 6470/1/6 6485/1/6
f 6484/4/6 6477/4/6 6485/4/6
f 6480/1/6 6481/1/6 6486/1/6
f 6478/1/6 6479/1/6 6486/1/6
f 6479/1/6 6480/1/6 6486/1/6
f 6482/1/6 6483/1/6 6489/1/6
f 6483/1/6 6484/1/6 6489/1/6
f 6484/1/6 6485/1/6 6489/1/6
f 6486/1/6 6487/1/6 6490/1/6
f 6488/1/6 6489/1/6 6493/1/6
f 6490/1/6 6491/1/6 6494/1/6
f 6486/1/6 6490/1/6 6494/1/6
f 6494/1/6 6491/1/6 6495/1/6
f 6495/1/6 6491/1/6 6496/1/6
f 6492/1/6 6493/1/6 6499/1/6
f 6486/1/6 6494/1/6 6500/1/6
f 6494/2/6 6495/2/6 6500/2/6
f 6496/1/6 6497/1/6 6501/1/6
f 6500/2/6 6495/2/6 6501/2/6
f 6495/1/6 6496/1/6 6501/1/6
f 6501/1/6 6497/1/6 6502/1/6
f 6498/1/6 6499/1/6 6505/1/6
f 6489/1/6 6485/1/6 6506/1/6
f 6493/1/6 6489/1/6 6506/1/6
f 6505/1/6 6499/1/6 6506/1/6
f 6499/1/6 6493/1/6 6506/1/6
f 6506/1/6 6485/1/6 6507/1/6
f 6502/1/6 6503/1/6 6508/1/6
f 6501/1/6 6502/1/6 6508/1/6
f 6500/1/6 6501/1/6 6508/1/6
f 6504/1/6 6505/1/6 6511/1/6
f 6505/1/6 6506/1/6 6511/1/6
f 6506/5/6 6507/5/6 6512/5/6
f 6511/1/6 6506/1/6 6512/1/6
f 6507/1/6 6485/1/6 6513/1/6
f 6512/5/6 6507/5/6 6513/5/6
f 6465/1/6 6467/1/6 6514/1/6
f 6467/1/6 6471/1/6 6514/1/6
f 6486/1/6 6500/1/6 6514/1/6
f 6478/1/6 6486/1/6 6514/1/6
f 6500/1/6 6508/1/6 6514/1/6
f 6471/1/6 6478/1/6 6514/1/6
f 6508/1/6 6509/1/6 6514/1/6
f 6514/1/6 6509/1/6 6515/1/6
f 6515/1/6 6509/1/6 6516/1/6
f 6516/1/6 6509/1/6 6517/1/6
f 6517/1/6 6509/1/6 6518/1/6
f 6518/1/6 6509/1/6 6519/1/6
f 6519/1/6 6509/1/6 6520/1/6
f 6512/1/6 6513/1/6 6523/1/6
f 6510/1/6 6511/1/6 6523/1/6
f 6511/1/6 6512/1/6 6523/1/6
f 6465/1/6 6514/1/6 6524/1/6
f 6514/3/6 6515/3/6 6524/3/6
f 6515/1/6 6516/1/6 6525/1/6
f 6524/3/6 6515/3/6 6525/3/6
f 6516/2/6 6517/2/6 6526/2/6
f 6525/1/6 6516/1/6 6526/1/6
f 6517/1/6 6518/1/6 6527/1/6
f 6526/2/6 6517/2/6 6527/2/6
f 6518/2/6 6519/2/6 6528/2/6
f 6527/1/6 6518/1/6 6528/1/6
f 6520/1/6 6521/1/6 6529/1/6
f 6528/2/6 6519/2/6 6529/2/6
f 6519/1/6 6520/1/6 6529/1/6
f 6529/1/6 6521/1/6 6530/1/6
f 6522/1/6 6523/1/6 6533/1/6
f 6527/1/6 6528/1/6 6534/1/6
f 6526/1/6 6527/1/6 6534/1/6
f 6530/1/6 6531/1/6 6534/1/6
f 6524/1/6 6525/1/6 6534/1/6
f 6529/1/6 6530/1/6 6534/1/6
f 6528/1/6 6529/1/6 6534/1/6
f 6525/1/6 6526/1/6 6534/1/6
f 6532/1/6 6533/1/6 6537/1/6
f 6533/1/6 6523/1/6 6538/1/6
f 6523/1/6 6513/1/6 6538/1/6
f 6537/1/6 6533/1/6 6538/1/6
f 6513/1/6 6485/1/6 6539/1/6
f 6538/1/6 6513/1/6 6539/1/6
f 6534/1/6 6535/1/6 6540/1/6
f 6537/1/6 6538/1/6 6543/1/6
f 6536/1/6 6537/1/6 6543/1/6
f 6543/1/6 6538/1/6 6544/1/6
f 6544/1/6 6538/1/6 6545/1/6
f 6545/1/6 6538/1/6 6546/1/6
f 6546/1/6 6538/1/6 6547/1/6
f 6538/4/6 6539/4/6 6548/4/6
f 6547/1/6 6538/1/6 6548/1/6
f 6539/1/6 6485/1/6 6549/1/6
f 6548/4/6 6539/4/6 6549/4/6
f 6540/1/6 6541/1/6 6550/1/6
f 6542/1/6 6543/1/6 6553/1/6
f 6543/1/6 6544/1/6 6553/1/6
f 6553/1/6 6544/1/6 6554/1/6
f 6554/1/6 6544/1/6 6555/1/6
f 6544/3/6 6545/3/6 6556/3/6
f 6555/1/6 6544/1/6 6556/1/6
f 6545/1/6 6546/1/6 6557/1/6
f 6556/3/6 6545/3/6 6557/3/6
f 6546/4/6 6547/4/6 6558/4/6
f 6557/1/6 6546/1/6 6558/1/6
f 6547/1/6 6548/1/6 6559/1/6
f 6558/4/6 6547/4/6 6559/4/6
f 6548/1/6 6549/1/6 6559/1/6
f 6549/1/6 6485/1/6 6560/1/6
f 6559/1/6 6549/1/6 6560/1/6
f 6485/1/6 6470/1/6 6560/1/6
f 6560/1/6 6470/1/6 6561/1/6
f 6550/1/6 6551/1/6 6562/1/6
f 6552/1/6 6553/1/6 6565/1/6
f 6553/1/6 6554/1/6 6565/1/6
f 6554/2/6 6555/2/6 6566/2/6
f 6565/1/6 6554/1/6 6566/1/6
f 6558/1/6 6559/1/6 6567/1/6
f 6566/2/6 6555/2/6 6567/2/6
f 6557/1/6 6558/1/6 6567/1/6
f 6556/1/6 6557/1/6 6567/1/6
f 6559/1/6 6560/1/6 6567/1/6
f 6555/1/6 6556/1/6 6567/1/6
f 6567/1/6 6560/1/6 6568/1/6
f 6568/1/6 6560/1/6 6569/1/6
f 6463/1/6 6465/1/6 6570/1/6
f 6562/1/6 6563/1/6 6570/1/6
f 6534/1/6 6540/1/6 6570/1/6
f 6465/1/6 6524/1/6 6570/1/6
f 6550/1/6 6562/1/6 6570/1/6
f 6524/1/6 6534/1/6 6570/1/6
f 6540/1/6 6550/1/6 6570/1/6
f 6570/1/6 6563/1/6 6571/1/6
f 6571/1/6 6563/1/6 6572/1/6
f 6565/1/6 6566/1/6 6575/1/6
f 6567/1/6 6568/1/6 6575/1/6
f 6566/1/6 6567/1/6 6575/1/6
f 6564/1/6 6565/1/6 6575/1/6
f 6575/1/6 6568/1/6 6576/1/6
f 6576/1/6 6568/1/6 6577/1/6
f 6572/1/6 6573/1/6 6578/1/6
f 6571/1/6 6572/1/6 6578/1/6
f 6578/1/6 6573/1/6 6579/1/6
f 6579/1/6 6573/1/6 6580/1/6
f 6580/1/6 6573/1/6 6581/1/6
f 6581/1/6 6573/1/6 6582/1/6
f 6582/1/6 6573/1/6 6583/1/6
f 6583/1/6 6573/1/6 6584/1/6
f 6575/1/6 6576/1/6 6587/1/6
f 6574/1/6 6575/1/6 6587/1/6
f 6587/1/6 6576/1/6 6588/1/6
f 6588/1/6 6576/1/6 6589/1/6
f 6589/1/6 6576/1/6 6590/1/6
f 6590/1/6 6576/1/6 6591/1/6
f 6591/1/6 6576/1/6 6592/1/6
f 6592/1/6 6576/1/6 6593/1/6
f 6581/1/6 6582/1/6 6594/1/6
f 6582/3/6 6583/3/6 6595/3/6
f 6594/1/6 6582/1/6 6595/1/6
f 6584/1/6 6585/1/6 6596/1/6
f 6595/3/6 6583/3/6 6596/3/6
f 6583/1/6 6584/1/6 6596/1/6
f 6596/1/6 6585/1/6 6597/1/6
f 6597/1/6 6585/1/6 6598/1/6
f 6586/1/6 6587/1/6 6601/1/6
f 6587/1/6 6588/1/6 6601/1/6
f 6588/3/6 6589/3/6 6602/3/6
f 6601/1/6 6588/1/6 6602/1/6
f 6589/1/6 6590/1/6 6603/1/6
f 6602/3/6 6589/3/6 6603/3/6
f 6590/4/6 6591/4/6 6604/4/6
f 6603/1/6 6590/1/6 6604/1/6
f 6591/1/6 6592/1/6 6605/1/6
f 6604/4/6 6591/4/6 6605/4/6
f 6605/1/6 6592/1/6 6606/1/6
f 6606/1/6 6592/1/6 6607/1/6
f 6595/3/6 6596/3/6 6608/3/6
f 6596/4/6 6597/4/6 6609/4/6
f 6608/3/6 6596/3/6 6609/3/6
f 6598/1/6 6599/1/6 6610/1/6
f 6609/4/6 6597/4/6 6610/4/6
f 6597/1/6 6598/1/6 6610/1/6
f 6610/1/6 6599/1/6 6611/1/6
f 6611/1/6 6599/1/6 6612/1/6
f 6612/1/6 6599/1/6 6613/1/6
f 6613/1/6 6599/1/6 6614/1/6
f 6614/1/6 6599/1/6 6615/1/6
f 6615/1/6 6599/1/6 6616/1/6
f 6600/1/6 6601/1/6 6619/1/6
f 6603/1/6 6604/1/6 6619/1/6
f 6602/1/6 6603/1/6 6619/1/6
f 6601/1/6 6602/1/6 6619/1/6
f 6604/1/6 6605/1/6 6619/1/6
f 6605/1/6 6606/1/6 6619/1/6
f 6619/1/6 6606/1/6 6620/1/6
f 6620/1/6 6606/1/6 6621/1/6
f 6611/1/6 6612/1/6 6622/1/6
f 6612/5/6 6613/5/6 6623/5/6
f 6622/1/6 6612/1/6 6623/1/6
f 6613/1/6 6614/1/6 6624/1/6
f 6623/5/6 6613/5/6 6624/5/6
f 6624/1/6 6614/1/6 6625/1/6
f 6614/3/6 6615/3/6 6626/3/6
f 6625/1/6 6614/1/6 6626/1/6
f 6616/1/6 6617/1/6 6627/1/6
f 6626/3/6 6615/3/6 6627/3/6
f 6615/1/6 6616/1/6 6627/1/6
f 6627/1/6 6617/1/6 6628/1/6
f 6619/1/6 6620/1/6 6631/1/6
f 6618/1/6 6619/1/6 6631/1/6
f 6631/1/6 6620/1/6 6632/1/6
f 6632/1/6 6620/1/6 6633/1/6
f 6625/1/6 6626/1/6 6634/1/6
f 6628/1/6 6629/1/6 6634/1/6
f 6626/1/6 6627/1/6 6634/1/6
f 6627/1/6 6628/1/6 6634/1/6
f 6634/1/6 6629/1/6 6635/1/6
f 6635/1/6 6629/1/6 6636/1/6
f 6631/1/6 6632/1/6 6639/1/6
f 6630/1/6 6631/1/6 6639/1/6
f 6639/1/6 6632/1/6 6640/1/6
f 6640/1/6 6632/1/6 6641/1/6
f 6636/1/6 6637/1/6 6642/1/6
f 6635/1/6 6636/1/6 6642/1/6
f 6642/1/6 6637/1/6 6643/1/6
f 6643/1/6 6637/1/6 6644/1/6
f 6639/1/6 6640/1/6 6647/1/6
f 6638/1/6 6639/1/6 6647/1/6
f 6647/1/6 6640/1/6 6648/1/6
f 6648/1/6 6640/1/6 6649/1/6
f 6644/1/6 6645/1/6 6650/1/6
f 6643/1/6 6644/1/6 6650/1/6
f 6650/1/6 6645/1/6 6651/1/6
f 6651/1/6 6645/1/6 6652/1/6
f 6652/1/6 6645/1/6 6653/1/6
f 6653/1/6 6645/1/6 6654/1/6
f 6647/1/6 6648/1/6 6657/1/6
f 6646/1/6 6647/1/6 6657/1/6
f 6657/1/6 6648/1/6 6658/1/6
f 6658/1/6 6648/1/6 6659/1/6
f 6659/1/6 6648/1/6 6660/1/6
f 6660/1/6 6648/1/6 6661/1/6
f 6661/1/6 6648/1/6 6662/1/6
f 6662/1/6 6648/1/6 6663/1/6
f 6651/1/6 6652/1/6 6664/1/6
f 6664/1/6 6652/1/6 6665/1/6
f 6652/3/6 6653/3/6 6666/3/6
f 6665/1/6 6652/1/6 6666/1/6
f 6654/1/6 6655/1/6 6667/1/6
f 6666/3/6 6653/3/6 6667/3/6
f 6653/1/6 6654/1/6 6667/1/6
f 6667/1/6 6655/1/6 6668/1/6
f 6656/1/6 6657/1/6 6669/1/6
f 6657/1/6 6658/1/6 6669/1/6
f 6658/2/6 6659/2/6 6670/2/6
f 6669/1/6 6658/1/6 6670/1/6
f 6659/1/6 6660/1/6 6671/1/6
f 6670/2/6 6659/2/6 6671/2/6
f 6671/1/6 6660/1/6 6672/1/6
f 6672/1/6 6660/1/6 6673/1/6
f 6660/2/6 6661/2/6 6674/2/6
f 6673/1/6 6660/1/6 6674/1/6
f 6661/1/6 6662/1/6 6675/1/6
f 6674/2/6 6661/2/6 6675/2/6
f 6675/1/6 6662/1/6 6676/1/6
f 6676/1/6 6662/1/6 6677/1/6
f 6665/1/6 6666/1/6 6678/1/6
f 6667/1/6 6668/1/6 6678/1/6
f 6666/1/6 6667/1/6 6678/1/6
f 6671/1/6 6672/1/6 6678/1/6
f 6670/1/6 6671/1/6 6678/1/6
f 6668/1/6 6669/1/6 6678/1/6
f 6669/1/6 6670/1/6 6678/1/6
f 6678/1/6 6672/1/6 6679/1/6
f 6679/1/6 6672/1/6 6680/1/6
f 6680/1/6 6672/1/6 6681/1/6
f 6681/1/6 6672/1/6 6682/1/6
f 6682/1/6 6672/1/6 6683/1/6
f 6672/4/6 6673/4/6 6684/4/6
f 6683/1/6 6672/1/6 6684/1/6
f 6673/1/6 6674/1/6 6685/1/6
f 6684/4/6 6673/4/6 6685/4/6
f 6675/1/6 6676/1/6 6685/1/6
f 6674/1/6 6675/1/6 6685/1/6
f 6685/1/6 6676/1/6 6686/1/6
f 6686/1/6 6676/1/6 6687/1/6
f 6679/1/6 6680/1/6 6688/1/6
f 6688/1/6 6680/1/6 6689/1/6
f 6680/4/6 6681/4/6 6690/4/6
f 6689/1/6 6680/1/6 6690/1/6
f 6681/1/6 6682/1/6 6691/1/6
f 6690/4/6 6681/4/6 6691/4/6
f 6682/2/6 6683/2/6 6692/2/6
f 6691/1/6 6682/1/6 6692/1/6
f 6683/1/6 6684/1/6 6693/1/6
f 6692/2/6 6683/2/6 6693/2/6
f 6685/1/6 6686/1/6 6693/1/6
f 6684/1/6 6685/1/6 6693/1/6
f 6693/1/6 6686/1/6 6694/1/6
f 6694/1/6 6686/1/6 6695/1/6
f 6691/1/6 6692/1/6 6696/1/6
f 6689/1/6 6690/1/6 6696/1/6
f 6693/1/6 6694/1/6 6696/1/6
f 6692/1/6 6693/1/6 6696/1/6
f 6690/1/6 6691/1/6 6696/1/6
f 6696/1/6 6694/1/6 6697/1/6
f 6697/1/6 6694/1/6 6698/1/6
f 6698/1/6 6694/1/6 6699/1/6
f 6697/1/6 6698/1/6 6700/1/6
f 6700/1/6 6698/1/6 6701/1/6
f 6701/1/6 6698/1/6 6702/1/6
f 6702/1/6 6698/1/6 6703/1/6
f 6703/1/6 6698/1/6 6704/1/6
f 6704/1/6 6698/1/6 6705/1/6
f 6705/1/6 6698/1/6 6706/1/6
f 6706/1/6 6698/1/6 6707/1/6
f 6701/1/6 6702/1/6 6708/1/6
f 6708/1/6 6702/1/6 6709/1/6
f 6709/1/6 6702/1/6 6710/1/6
f 6710/1/6 6702/1/6 6711/1/6
f 6702/3/6 6703/3/6 6712/3/6
f 6711/1/6 6702/1/6 6712/1/6
f 6703/1/6 6704/1/6 6713/1/6
f 6712/3/6 6703/3/6 6713/3/6
f 6704/3/6 6705/3/6 6714/3/6
f 6713/1/6 6704/1/6 6714/1/6
f 6705/1/6 6706/1/6 6715/1/6
f 6714/3/6 6705/3/6 6715/3/6
f 6715/1/6 6706/1/6 6716/1/6
f 6716/1/6 6706/1/6 6717/1/6
f 6709/1/6 6710/1/6 6718/1/6
f 6718/1/6 6710/1/6 6719/1/6
f 6710/2/6 6711/2/6 6720/2/6
f 6719/1/6 6710/1/6 6720/1/6
f 6713/1/6 6714/1/6 6721/1/6
f 6720/2/6 6711/2/6 6721/2/6
f 6711/1/6 6712/1/6 6721/1/6
f 6712/1/6 6713/1/6 6721/1/6
f 6714/1/6 6715/1/6 6721/1/6
f 6715/1/6 6716/1/6 6721/1/6
f 6721/1/6 6716/1/6 6722/1/6
f 6722/1/6 6716/1/6 6723/1/6
f 6723/1/6 6716/1/6 6724/1/6
f 6724/1/6 6716/1/6 6725/1/6
f 6719/1/6 6720/1/6 6726/1/6
f 6721/1/6 6722/1/6 6726/1/6
f 6720/1/6 6721/1/6 6726/1/6
f 6726/1/6 6722/1/6 6727/1/6
f 6727/1/6 6722/1/6 6728/1/6
f 6728/1/6 6722/1/6 6729/1/6
f 6729/1/6 6722/1/6 6730/1/6
f 6730/1/6 6722/1/6 6731/1/6
f 6731/1/6 6722/1/6 6732/1/6
f 6732/1/6 6722/1/6 6733/1/6
f 6727/1/6 6728/1/6 6734/1/6
f 6734/1/6 6728/1/6 6735/1/6
f 6728/3/6 6729/3/6 6736/3/6
f 6735/1/6 6728/1/6 6736/1/6
f 6729/1/6 6730/1/6 6737/1/6
f 6736/3/6 6729/3/6 6737/3/6
f 6730/2/6 6731/2/6 6738/2/6
f 6737/1/6 6730/1/6 6738/1/6
f 6731/1/6 6732/1/6 6739/1/6
f 6738/2/6 6731/2/6 6739/2/6
f 6739/1/6 6732/1/6 6740/1/6
f 6740/1/6 6732/1/6 6741/1/6
f 6737/1/6 6738/1/6 6742/1/6
f 6739/1/6 6740/1/6 6742/1/6
f 6738/1/6 6739/1/6 6742/1/6
f 6735/1/6 6736/1/6 6742/1/6
f 6736/1/6 6737/1/6 6742/1/6
f 6742/1/6 6740/1/6 6743/1/6
f 6743/1/6 6740/1/6 6744/1/6
f 6744/1/6 6740/1/6 6745/1/6
f 6745/1/6 6740/1/6 6746/1/6
f 6746/1/6 6740/1/6 6747/1/6
f 6743/1/6 6744/1/6 6748/1/6
f 6748/1/6 6744/1/6 6749/1/6
f 6744/2/6 6745/2/6 6750/2/6
f 6749/1/6 6744/1/6 6750/1/6
f 6745/1/6 6746/1/6 6751/1/6
f 6750/2/6 6745/2/6 6751/2/6
f 6751/1/6 6746/1/6 6752/1/6
f 6752/1/6 6746/1/6 6753/1/6
f 6749/1/6 6750/1/6 6754/1/6
f 6751/1/6 6752/1/6 6754/1/6
f 6750/1/6 6751/1/6 6754/1/6
f 6754/1/6 6752/1/6 6755/1/6
f 6756/1/6 6757/1/6 6759/1/6
f 6758/1/6 6759/1/6 6763/1/6
f 6760/1/6 6761/1/6 6764/1/6
f 6762/1/6 6763/1/6 6769/1/6
f 6766/1/6 6767/1/6 6770/1/6
f 6768/1/6 6769/1/6 6773/1/6
f 6764/1/6 6765/1/6 6774/1/6
f 6765/2/6 6766/2/6 6774/2/6
f 6770/1/6 6771/1/6 6775/1/6
f 6774/2/6 6766/2/6 6775/2/6
f 6766/1/6 6770/1/6 6775/1/6
f 6775/1/6 6771/1/6 6776/1/6
f 6772/1/6 6773/1/6 6779/1/6
f 6776/1/6 6777/1/6 6780/1/6
f 6774/1/6 6775/1/6 6780/1/6
f 6775/1/6 6776/1/6 6780/1/6
f 6778/1/6 6779/1/6 6783/1/6
f 6780/1/6 6781/1/6 6784/1/6
f 6782/1/6 6783/1/6 6787/1/6
f 6784/1/6 6785/1/6 6788/1/6
f 6786/1/6 6787/1/6 6791/1/6
f 6788/1/6 6789/1/6 6792/1/6
f 6790/1/6 6791/1/6 6795/1/6
f 6792/1/6 6793/1/6 6796/1/6
f 6794/1/6 6795/1/6 6799/1/6
f 6796/1/6 6797/1/6 6800/1/6
f 6798/1/6 6799/1/6 6803/1/6
f 6779/1/6 6773/1/6 6804/1/6
f 6783/1/6 6779/1/6 6804/1/6
f 6803/1/6 6799/1/6 6804/1/6
f 6787/1/6 6783/1/6 6804/1/6
f 6791/1/6 6787/1/6 6804/1/6
f 6799/1/6 6795/1/6 6804/1/6
f 6795/1/6 6791/1/6 6804/1/6
f 6804/1/6 6773/1/6 6805/1/6
f 6800/1/6 6801/1/6 6806/1/6
f 6774/1/6 6780/1/6 6806/1/6
f 6780/1/6 6784/1/6 6806/1/6
f 6796/1/6 6800/1/6 6806/1/6
f 6792/1/6 6796/1/6 6806/1/6
f 6784/1/6 6788/1/6 6806/1/6
f 6788/1/6 6792/1/6 6806/1/6
f 6806/1/6 6801/1/6 6807/1/6
f 6807/1/6 6801/1/6 6808/1/6
f 6802/1/6 6803/1/6 6811/1/6
f 6803/1/6 6804/1/6 6811/1/6
f 6804/5/6 6805/5/6 6812/5/6
f 6811/1/6 6804/1/6 6812/1/6
f 6805/1/6 6773/1/6 6813/1/6
f 6812/5/6 6805/5/6 6813/5/6
f 6774/1/6 6806/1/6 6814/1/6
f 6806/3/6 6807/3/6 6814/3/6
f 6808/1/6 6809/1/6 6815/1/6
f 6814/3/6 6807/3/6 6815/3/6
f 6807/1/6 6808/1/6 6815/1/6
f 6815/1/6 6809/1/6 6816/1/6
f 6811/1/6 6812/1/6 6819/1/6
f 6810/1/6 6811/1/6 6819/1/6
f 6812/1/6 6813/1/6 6819/1/6
f 6816/1/6 6817/1/6 6820/1/6
f 6815/1/6 6816/1/6 6820/1/6
f 6814/1/6 6815/1/6 6820/1/6
f 6820/1/6 6817/1/6 6821/1/6
f 6821/1/6 6817/1/6 6822/1/6
f 6818/1/6 6819/1/6 6825/1/6
f 6822/1/6 6823/1/6 6826/1/6
f 6821/1/6 6822/1/6 6826/1/6
f 6824/1/6 6825/1/6 6829/1/6
f 6814/1/6 6820/1/6 6830/1/6
f 6820/5/6 6821/5/6 6830/5/6
f 6826/1/6 6827/1/6 6831/1/6
f 6830/5/6 6821/5/6 6831/5/6
f 6821/1/6 6826/1/6 6831/1/6
f 6831/1/6 6827/1/6 6832/1/6
f 6832/1/6 6827/1/6 6833/1/6
f 6833/1/6 6827/1/6 6834/1/6
f 6834/1/6 6827/1/6 6835/1/6
f 6835/1/6 6827/1/6 6836/1/6
f 6828/1/6 6829/1/6 6841/1/6
f 6829/1/6 6825/1/6 6842/1/6
f 6825/1/6 6819/1/6 6842/1/6
f 6841/1/6 6829/1/6 6842/1/6
f 6842/1/6 6819/1/6 6843/1/6
f 6830/1/6 6831/1/6 6844/1/6
f 6831/1/6 6832/1/6 6844/1/6
f 6832/2/6 6833/2/6 6844/2/6
f 6833/1/6 6834/1/6 6845/1/6
f 6844/2/6 6833/2/6 6845/2/6
f 6834/5/6 6835/5/6 6846/5/6
f 6845/1/6 6834/1/6 6846/1/6
f 6835/1/6 6836/1/6 6847/1/6
f 6846/5/6 6835/5/6 6847/5/6
f 6836/1/6 6837/1/6 6847/1/6
f 6847/1/6 6837/1/6 6848/1/6
f 6848/1/6 6837/1/6 6849/1/6
f 6849/1/6 6837/1/6 6850/1/6
f 6838/1/6 6839/1/6 6853/1/6
f 6839/3/6 6840/3/6 6854/3/6
f 6853/1/6 6839/1/6 6854/1/6
f 6840/1/6 6841/1/6 6855/1/6
f 6854/3/6 6840/3/6 6855/3/6
f 6841/1/6 6842/1/6 6855/1/6
f 6842/3/6 6843/3/6 6856/3/6
f 6855/1/6 6842/1/6 6856/1/6
f 6843/1/6 6819/1/6 6857/1/6
f 6856/3/6 6843/3/6 6857/3/6
f 6763/1/6 6759/1/6 6858/1/6
f 6857/1/6 6819/1/6 6858/1/6
f 6773/1/6 6769/1/6 6858/1/6
f 6769/1/6 6763/1/6 6858/1/6
f 6819/1/6 6813/1/6 6858/1/6
f 6813/1/6 6773/1/6 6858/1/6
f 6858/1/6 6759/1/6 6859/1/6
f 6847/1/6 6848/1/6 6860/1/6
f 6846/1/6 6847/1/6 6860/1/6
f 6830/1/6 6844/1/6 6860/1/6
f 6844/1/6 6845/1/6 6860/1/6
f 6845/1/6 6846/1/6 6860/1/6
f 6860/1/6 6848/1/6 6861/1/6
f 6848/2/6 6849/2/6 6862/2/6
f 6861/1/6 6848/1/6 6862/1/6
f 6849/1/6 6850/1/6 6863/1/6
f 6862/2/6 6849/2/6 6863/2/6
f 6850/1/6 6851/1/6 6863/1/6
f 6863/1/6 6851/1/6 6864/1/6
f 6856/1/6 6857/1/6 6867/1/6
f 6852/1/6 6853/1/6 6867/1/6
f 6853/1/6 6854/1/6 6867/1/6
f 6855/1/6 6856/1/6 6867/1/6
f 6854/1/6 6855/1/6 6867/1/6
f 6857/1/6 6858/1/6 6867/1/6
f 6867/1/6 6858/1/6 6868/1/6
f 6868/1/6 6858/1/6 6869/1/6
f 6858/5/6 6859/5/6 6870/5/6
f 6869/1/6 6858/1/6 6870/1/6
f 6859/1/6 6759/1/6 6871/1/6
f 6870/5/6 6859/5/6 6871/5/6
f 6759/1/6 6757/1/6 6872/1/6
f 6871/1/6 6759/1/6 6872/1/6
f 6872/1/6 6757/1/6 6873/1/6
f 6830/1/6 6860/1/6 6874/1/6
f 6874/1/6 6860/1/6 6875/1/6
f 6875/1/6 6860/1/6 6876/1/6
f 6876/1/6 6860/1/6 6877/1/6
f 6877/1/6 6860/1/6 6878/1/6
f 6878/1/6 6860/1/6 6879/1/6
f 6864/1/6 6865/1/6 6880/1/6
f 6861/1/6 6862/1/6 6880/1/6
f 6863/1/6 6864/1/6 6880/1/6
f 6862/1/6 6863/1/6 6880/1/6
f 6880/1/6 6865/1/6 6881/1/6
f 6881/1/6 6865/1/6 6882/1/6
f 6866/1/6 6867/1/6 6885/1/6
f 6867/1/6 6868/1/6 6885/1/6
f 6868/3/6 6869/3/6 6886/3/6
f 6885/1/6 6868/1/6 6886/1/6
f 6870/1/6 6871/1/6 6887/1/6
f 6886/3/6 6869/3/6 6887/3/6
f 6869/1/6 6870/1/6 6887/1/6
f 6871/1/6 6872/1/6 6887/1/6
f 6887/1/6 6872/1/6 6888/1/6
f 6888/1/6 6872/1/6 6889/1/6
f 6889/1/6 6872/1/6 6890/1/6
f 6890/1/6 6872/1/6 6891/1/6
f 6891/1/6 6872/1/6 6892/1/6
f 6892/1/6 6872/1/6 6893/1/6
f 6814/1/6 6830/1/6 6894/1/6
f 6830/1/6 6874/1/6 6894/1/6
f 6874/4/6 6875/4/6 6895/4/6
f 6894/1/6 6874/1/6 6895/1/6
f 6875/1/6 6876/1/6 6896/1/6
f 6895/4/6 6875/4/6 6896/4/6
f 6896/1/6 6876/1/6 6897/1/6
f 6882/1/6 6883/1/6 6898/1/6
f 6881/1/6 6882/1/6 6898/1/6
f 6898/1/6 6883/1/6 6899/1/6
f 6899/1/6 6883/1/6 6900/1/6
f 6885/1/6 6886/1/6 6903/1/6
f 6884/1/6 6885/1/6 6903/1/6
f 6887/1/6 6888/1/6 6903/1/6
f 6886/1/6 6887/1/6 6903/1/6
f 6903/1/6 6888/1/6 6904/1/6
f 6904/1/6 6888/1/6 6905/1/6
f 6888/3/6 6889/3/6 6906/3/6
f 6905/1/6 6888/1/6 6906/1/6
f 6889/1/6 6890/1/6 6907/1/6
f 6906/3/6 6889/3/6 6907/3/6
f 6891/1/6 6892/1/6 6908/1/6
f 6908/1/6 6892/1/6 6909/1/6
f 6764/1/6 6774/1/6 6910/1/6
f 6760/1/6 6764/1/6 6910/1/6
f 6774/1/6 6814/1/6 6910/1/6
f 6814/1/6 6894/1/6 6910/1/6
f 6910/1/6 6894/1/6 6911/1/6
f 6900/1/6 6901/1/6 6912/1/6
f 6899/1/6 6900/1/6 6912/1/6
f 6912/1/6 6901/1/6 6913/1/6
f 6913/1/6 6901/1/6 6914/1/6
f 6903/1/6 6904/1/6 6915/1/6
f 6902/1/6 6903/1/6 6915/1/6
f 6915/1/6 6904/1/6 6916/1/6
f 6916/1/6 6904/1/6 6917/1/6
f 6917/1/6 6904/1/6 6918/1/6
f 6918/1/6 6904/1/6 6919/1/6
f 6904/5/6 6905/5/6 6920/5/6
f 6919/1/6 6904/1/6 6920/1/6
f 6906/1/6 6907/1/6 6921/1/6
f 6920/5/6 6905/5/6 6921/5/6
f 6905/1/6 6906/1/6 6921/1/6
f 6907/1/6 6890/1/6 6922/1/6
f 6921/1/6 6907/1/6 6922/1/6
f 6890/2/6 6891/2/6 6922/2/6
f 6891/1/6 6908/1/6 6923/1/6
f 6922/2/6 6891/2/6 6923/2/6
f 6923/1/6 6908/1/6 6924/1/6
f 6924/1/6 6908/1/6 6925/1/6
f 6925/1/6 6908/1/6 6926/1/6
f 6913/1/6 6914/1/6 6927/1/6
f 6914/1/6 6915/1/6 6927/1/6
f 6915/1/6 6916/1/6 6927/1/6
f 6927/1/6 6916/1/6 6928/1/6
f 6916/3/6 6917/3/6 6929/3/6
f 6928/1/6 6916/1/6 6929/1/6
f 6917/1/6 6918/1/6 6930/1/6
f 6929/3/6 6917/3/6 6930/3/6
f 6918/4/6 6919/4/6 6931/4/6
f 6930/1/6 6918/1/6 6931/1/6
f 6921/1/6 6922/1/6 6932/1/6
f 6931/4/6 6919/4/6 6932/4/6
f 6920/1/6 6921/1/6 6932/1/6
f 6919/1/6 6920/1/6 6932/1/6
f 6922/1/6 6923/1/6 6932/1/6
f 6932/1/6 6923/1/6 6933/1/6
f 6933/1/6 6923/1/6 6934/1/6
f 6923/2/6 6924/2/6 6935/2/6
f 6934/1/6 6923/1/6 6935/1/6
f 6924/1/6 6925/1/6 6936/1/6
f 6935/2/6 6924/2/6 6936/2/6
f 6936/1/6 6925/1/6 6937/1/6
f 6937/1/6 6925/1/6 6938/1/6
f 6930/1/6 6931/1/6 6939/1/6
f 6928/1/6 6929/1/6 6939/1/6
f 6929/1/6 6930/1/6 6939/1/6
f 6932/1/6 6933/1/6 6939/1/6
f 6931/1/6 6932/1/6 6939/1/6
f 6939/1/6 6933/1/6 6940/1/6
f 6933/4/6 6934/4/6 6941/4/6
f 6940/1/6 6933/1/6 6941/1/6
f 6936/1/6 6937/1/6 6942/1/6
f 6941/4/6 6934/4/6 6942/4/6
f 6935/1/6 6936/1/6 6942/1/6
f 6934/1/6 6935/1/6 6942/1/6
f 6942/1/6 6937/1/6 6943/1/6
f 6943/1/6 6937/1/6 6944/1/6
f 6940/1/6 6941/1/6 6945/1/6
f 6942/1/6 6943/1/6 6945/1/6
f 6941/1/6 6942/1/6 6945/1/6
f 6945/1/6 6943/1/6 6946/1/6
f 6946/1/6 6943/1/6 6947/1/6
f 6947/1/6 6943/1/6 6948/1/6
f 6948/1/6 6943/1/6 6949/1/6
f 6949/1/6 6943/1/6 6950/1/6
f 6950/1/6 6943/1/6 6951/1/6
f 6951/1/6 6943/1/6 6952/1/6
f 6946/1/6 6947/1/6 6953/1/6
f 6953/1/6 6947/1/6 6954/1/6
f 6954/1/6 6947/1/6 6955/1/6
f 6955/1/6 6947/1/6 6956/1/6
f 6947/5/6 6948/5/6 6957/5/6
f 6956/1/6 6947/1/6 6957/1/6
f 6948/1/6 6949/1/6 6958/1/6
f 6957/5/6 6948/5/6 6958/5/6
f 6949/5/6 6950/5/6 6959/5/6
f 6958/1/6 6949/1/6 6959/1/6
f 6950/1/6 6951/1/6 6960/1/6
f 6959/5/6 6950/5/6 6960/5/6
f 6960/1/6 6951/1/6 6961/1/6
f 6961/1/6 6951/1/6 6962/1/6
f 6962/1/6 6951/1/6 6963/1/6
f 6963/1/6 6951/1/6 6964/1/6
f 6964/1/6 6951/1/6 6965/1/6
f 6965/1/6 6951/1/6 6966/1/6
f 6954/1/6 6955/1/6 6967/1/6
f 6967/1/6 6955/1/6 6968/1/6
f 6955/2/6 6956/2/6 6969/2/6
f 6968/1/6 6955/1/6 6969/1/6
f 6958/1/6 6959/1/6 6970/1/6
f 6969/2/6 6956/2/6 6970/2/6
f 6956/1/6 6957/1/6 6970/1/6
f 6957/1/6 6958/1/6 6970/1/6
f 6959/1/6 6960/1/6 6970/1/6
f 6960/1/6 6961/1/6 6970/1/6
f 6961/3/6 6962/3/6 6971/3/6
f 6970/1/6 6961/1/6 6971/1/6
f 6962/1/6 6963/1/6 6972/1/6
f 6971/3/6 6962/3/6 6972/3/6
f 6963/3/6 6964/3/6 6973/3/6
f 6972/1/6 6963/1/6 6973/1/6
f 6964/1/6 6965/1/6 6974/1/6
f 6973/3/6 6964/3/6 6974/3/6
f 6974/1/6 6965/1/6 6975/1/6
f 6975/1/6 6965/1/6 6976/1/6
f 6968/1/6 6969/1/6 6977/1/6
f 6974/1/6 6975/1/6 6977/1/6
f 6973/1/6 6974/1/6 6977/1/6
f 6969/1/6 6970/1/6 6977/1/6
f 6970/1/6 6971/1/6 6977/1/6
f 6972/1/6 6973/1/6 6977/1/6
f 6971/1/6 6972/1/6 6977/1/6
f 6977/1/6 6975/1/6 6978/1/6
f 6978/1/6 6975/1/6 6979/1/6
f 6979/1/6 6975/1/6 6980/1/6
f 6980/1/6 6975/1/6 6981/1/6
f 6981/1/6 6975/1/6 6982/1/6
f 6982/1/6 6975/1/6 6983/1/6
f 6983/1/6 6975/1/6 6984/1/6
f 6984/1/6 6975/1/6 6985/1/6
f 6985/1/6 6975/1/6 6986/1/6
f 6978/1/6 6979/1/6 6987/1/6
f 6987/1/6 6979/1/6 6988/1/6
f 6979/2/6 6980/2/6 6989/2/6
f 6988/1/6 6979/1/6 6989/1/6
f 6980/1/6 6981/1/6 6990/1/6
f 6989/2/6 6980/2/6 6990/2/6
f 6981/2/6 6982/2/6 6991/2/6
f 6990/1/6 6981/1/6 6991/1/6
f 6982/1/6 6983/1/6 6992/1/6
f 6991/2/6 6982/2/6 6992/2/6
f 6983/2/6 6984/2/6 6993/2/6
f 6992/1/6 6983/1/6 6993/1/6
f 6984/1/6 6985/1/6 6994/1/6
f 6993/2/6 6984/2/6 6994/2/6
f 6994/1/6 6985/1/6 6995/1/6
f 6995/1/6 6985/1/6 6996/1/6
f 6992/1/6 6993/1/6 6997/1/6
f 6994/1/6 6995/1/6 6997/1/6
f 6993/1/6 6994/1/6 6997/1/6
f 6988/1/6 6989/1/6 6997/1/6
f 6991/1/6 6992/1/6 6997/1/6
f 6990/1/6 6991/1/6 6997/1/6
f 6989/1/6 6990/1/6 6997/1/6
f 6997/1/6 6995/1/6 6998/1/6
f 6998/1/6 6995/1/6 6999/1/6
f 6999/1/6 6995/1/6 7000/1/6
f 7000/1/6 6995/1/6 7001/1/6
f 7001/1/6 6995/1/6 7002/1/6
f 7002/1/6 6995/1/6 7003/1/6
f 7003/1/6 6995/1/6 7004/1/6
f 6998/1/6 6999/1/6 7005/1/6
f 7005/1/6 6999/1/6 7006/1/6
f 6999/2/6 7000/2/6 7007/2/6
f 7006/1/6 6999/1/6 7007/1/6
f 7000/1/6 7001/1/6 7008/1/6
f 7007/2/6 7000/2/6 7008/2/6
f 7001/5/6 7002/5/6 7009/5/6
f 7008/1/6 7001/1/6 7009/1/6
f 7002/1/6 7003/1/6 7010/1/6
f 7009/5/6 7002/5/6 7010/5/6
f 7010/1/6 7003/1/6 7011/1/6
f 7011/1/6 7003/1/6 7012/1/6
f 7008/1/6 7009/1/6 7013/1/6
f 7010/1/6 7011/1/6 7013/1/6
f 7009/1/6 7010/1/6 7013/1/6
f 7006/1/6 7007/1/6 7013/1/6
f 7007/1/6 7008/1/6 7013/1/6
f 7013/1/6 7011/1/6 7014/1/6
f 7014/1/6 7011/1/6 7015/1/6
f 7015/1/6 7011/1/6 7016/1/6
f 7016/1/6 7011/1/6 7017/1/6
f 7017/1/6 7011/1/6 7018/1/6
f 7018/1/6 7011/1/6 7019/1/6
f 7019/1/6 7011/1/6 7020/1/6
f 7014/1/6 7015/1/6 7021/1/6
f 7021/1/6 7015/1/6 7022/1/6
f 7015/4/6 7016/4/6 7023/4/6
f 7022/1/6 7015/1/6 7023/1/6
f 7016/1/6 7017/1/6 7024/1/6
f 7023/4/6 7016/4/6 7024/4/6
f 7017/5/6 7018/5/6 7025/5/6
f 7024/1/6 7017/1/6 7025/1/6
f 7018/1/6 7019/1/6 7026/1/6
f 7025/5/6 7018/5/6 7026/5/6
f 7026/1/6 7019/1/6 7027/1/6
f 7027/1/6 7019/1/6 7028/1/6
f 7028/1/6 7019/1/6 7029/1/6
f 7029/1/6 7019/1/6 7030/1/6
f 7024/1/6 7025/1/6 7031/1/6
f 7022/1/6 7023/1/6 7031/1/6
f 7023/1/6 7024/1/6 7031/1/6
f 7026/1/6 7027/1/6 7031/1/6
f 7025/1/6 7026/1/6 7031/1/6
f 7031/1/6 7027/1/6 7032/1/6
f 7032/1/6 7027/1/6 7033/1/6
f 7033/1/6 7027/1/6 7034/1/6
f 7027/5/6 7028/5/6 7035/5/6
f 7034/1/6 7027/1/6 7035/1/6
f 7028/1/6 7029/1/6 7036/1/6
f 7035/5/6 7028/5/6 7036/5/6
f 7036/1/6 7029/1/6 7037/1/6
f 7037/1/6 7029/1/6 7038/1/6
f 7032/1/6 7033/1/6 7039/1/6
f 7039/1/6 7033/1/6 7040/1/6
f 7040/1/6 7033/1/6 7041/1/6
f 7041/1/6 7033/1/6 7042/1/6
f 7033/3/6 7034/3/6 7043/3/6
f 7042/1/6 7033/1/6 7043/1/6
f 7034/1/6 7035/1/6 7044/1/6
f 7043/3/6 7034/3/6 7044/3/6
f 7036/1/6 7037/1/6 7044/1/6
f 7035/1/6 7036/1/6 7044/1/6
f 7044/1/6 7037/1/6 7045/1/6
f 7045/1/6 7037/1/6 7046/1/6
f 7040/1/6 7041/1/6 7047/1/6
f 7047/1/6 7041/1/6 7048/1/6
f 7041/4/6 7042/4/6 7049/4/6
f 7048/1/6 7041/1/6 7049/1/6
f 7042/1/6 7043/1/6 7050/1/6
f 7049/4/6 7042/4/6 7050/4/6
f 7044/1/6 7045/1/6 7050/1/6
f 7043/1/6 7044/1/6 7050/1/6
f 7050/1/6 7045/1/6 7051/1/6
f 7051/1/6 7045/1/6 7052/1/6
f 7048/1/6 7049/1/6 7053/1/6
f 7050/1/6 7051/1/6 7053/1/6
f 7049/1/6 7050/1/6 7053/1/6
f 7053/1/6 7051/1/6 7054/1/6
f 7054/1/6 7051/1/6 7055/1/6
f 7055/1/6 7051/1/6 7056/1/6
f 7056/1/6 7051/1/6 7057/1/6
f 7057/1/6 7051/1/6 7058/1/6
f 7054/1/6 7055/1/6 7059/1/6
f 7059/1/6 7055/1/6 7060/1/6
f 7055/3/6 7056/3/6 7061/3/6
f 7060/1/6 7055/1/6 7061/1/6
f 7056/1/6 7057/1/6 7062/1/6
f 7061/3/6 7056/3/6 7062/3/6
f 7062/1/6 7057/1/6 7063/1/6
f 7063/1/6 7057/1/6 7064/1/6
f 7060/1/6 7061/1/6 7065/1/6
f 7062/1/6 7063/1/6 7065/1/6
f 7061/1/6 7062/1/6 7065/1/6
f 7065/1/6 7063/1/6 7066/1/6
f 7066/1/6 7063/1/6 7067/1/6
f 7067/1/6 7063/1/6 7068/1/6
f 7068/1/6 7063/1/6 7069/1/6
f 7069/1/6 7063/1/6 7070/1/6
f 7066/1/6 7067/1/6 7071/1/6
f 7071/1/6 7067/1/6 7072/1/6
f 7067/4/6 7068/4/6 7073/4/6
f 7072/1/6 7067/1/6 7073/1/6
f 7068/1/6 7069/1/6 7074/1/6
f 7073/4/6 7068/4/6 7074/4/6
f 7074/1/6 7069/1/6 7075/1/6
f 7075/1/6 7069/1/6 7076/1/6
f 7076/1/6 7069/1/6 7077/1/6
f 7077/1/6 7069/1/6 7078/1/6
f 7078/1/6 7069/1/6 7079/1/6
f 7079/1/6 7069/1/6 7080/1/6
f 7072/1/6 7073/1/6 7081/1/6
f 7073/1/6 7074/1/6 7081/1/6
f 7074/1/6 7075/1/6 7081/1/6
f 7075/3/6 7076/3/6 7082/3/6
f 7081/1/6 7075/1/6 7082/1/6
f 7076/1/6 7077/1/6 7083/1/6
f 7082/3/6 7076/3/6 7083/3/6
f 7083/1/6 7077/1/6 7084/1/6
f 7085/1/6 7086/1/6 7092/1/6
f 7092/1/6 7086/1/6 7093/1/6
f 7087/1/6 7088/1/6 7096/1/6
f 7089/1/6 7090/1/6 7098/1/6
f 7090/5/6 7091/5/6 7099/5/6
f 7098/1/6 7090/1/6 7099/1/6
f 7093/1/6 7094/1/6 7100/1/6
f 7099/5/6 7091/5/6 7100/5/6
f 7091/1/6 7092/1/6 7100/1/6
f 7092/1/6 7093/1/6 7100/1/6
f 7100/1/6 7094/1/6 7101/1/6
f 7101/1/6 7094/1/6 7102/1/6
f 7102/1/6 7094/1/6 7103/1/6
f 7095/1/6 7096/1/6 7106/1/6
f 7097/1/6 7098/1/6 7108/1/6
f 7098/1/6 7099/1/6 7108/1/6
f 7099/1/6 7100/1/6 7108/1/6
f 7100/1/6 7101/1/6 7108/1/6
f 7101/5/6 7102/5/6 7109/5/6
f 7108/1/6 7101/1/6 7109/1/6
f 7103/1/6 7104/1/6 7110/1/6
f 7109/5/6 7102/5/6 7110/5/6
f 7102/1/6 7103/1/6 7110/1/6
f 7110/1/6 7104/1/6 7111/1/6
f 7105/1/6 7106/1/6 7114/1/6
f 7111/1/6 7112/1/6 7115/1/6
f 7108/1/6 7109/1/6 7115/1/6
f 7107/1/6 7108/1/6 7115/1/6
f 7109/1/6 7110/1/6 7115/1/6
f 7110/1/6 7111/1/6 7115/1/6
f 7115/1/6 7112/1/6 7116/1/6
f 7116/1/6 7112/1/6 7117/1/6
f 7117/1/6 7112/1/6 7118/1/6
f 7118/1/6 7112/1/6 7119/1/6
f 7113/1/6 7114/1/6 7122/1/6
f 7107/1/6 7115/1/6 7123/1/6
f 7115/3/6 7116/3/6 7123/3/6
f 7116/1/6 7117/1/6 7124/1/6
f 7123/3/6 7116/3/6 7124/3/6
f 7117/2/6 7118/2/6 7125/2/6
f 7124/1/6 7117/1/6 7125/1/6
f 7119/1/6 7120/1/6 7126/1/6
f 7125/2/6 7118/2/6 7126/2/6
f 7118/1/6 7119/1/6 7126/1/6
f 7126/1/6 7120/1/6 7127/1/6
f 7127/1/6 7120/1/6 7128/1/6
f 7128/1/6 7120/1/6 7129/1/6
f 7121/1/6 7122/1/6 7132/1/6
f 7124/1/6 7125/1/6 7133/1/6
f 7123/1/6 7124/1/6 7133/1/6
f 7125/1/6 7126/1/6 7133/1/6
f 7126/1/6 7127/1/6 7133/1/6
f 7127/2/6 7128/2/6 7133/2/6
f 7129/1/6 7130/1/6 7134/1/6
f 7133/2/6 7128/2/6 7134/2/6
f 7128/1/6 7129/1/6 7134/1/6
f 7134/1/6 7130/1/6 7135/1/6
f 7131/1/6 7132/1/6 7138/1/6
f 7135/1/6 7136/1/6 7139/1/6
f 7123/1/6 7133/1/6 7139/1/6
f 7133/1/6 7134/1/6 7139/1/6
f 7134/1/6 7135/1/6 7139/1/6
f 7139/1/6 7136/1/6 7140/1/6
f 7140/1/6 7136/1/6 7141/1/6
f 7141/1/6 7136/1/6 7142/1/6
f 7142/1/6 7136/1/6 7143/1/6
f 7137/1/6 7138/1/6 7146/1/6
f 7123/1/6 7139/1/6 7147/1/6
f 7139/2/6 7140/2/6 7147/2/6
f 7140/1/6 7141/1/6 7148/1/6
f 7147/2/6 7140/2/6 7148/2/6
f 7141/3/6 7142/3/6 7149/3/6
f 7148/1/6 7141/1/6 7149/1/6
f 7143/1/6 7144/1/6 7150/1/6
f 7149/3/6 7142/3/6 7150/3/6
f 7142/1/6 7143/1/6 7150/1/6
f 7150/1/6 7144/1/6 7151/1/6
f 7145/1/6 7146/1/6 7154/1/6
f 7148/1/6 7149/1/6 7155/1/6
f 7151/1/6 7152/1/6 7155/1/6
f 7123/1/6 7147/1/6 7155/1/6
f 7147/1/6 7148/1/6 7155/1/6
f 7150/1/6 7151/1/6 7155/1/6
f 7149/1/6 7150/1/6 7155/1/6
f 7155/1/6 7152/1/6 7156/1/6
f 7156/1/6 7152/1/6 7157/1/6
f 7157/1/6 7152/1/6 7158/1/6
f 7158/1/6 7152/1/6 7159/1/6
f 7159/1/6 7152/1/6 7160/1/6
f 7160/1/6 7152/1/6 7161/1/6
f 7153/1/6 7154/1/6 7164/1/6
f 7123/1/6 7155/1/6 7165/1/6
f 7155/2/6 7156/2/6 7165/2/6
f 7156/1/6 7157/1/6 7166/1/6
f 7165/2/6 7156/2/6 7166/2/6
f 7166/1/6 7157/1/6 7167/1/6
f 7167/1/6 7157/1/6 7168/1/6
f 7168/1/6 7157/1/6 7169/1/6
f 7169/1/6 7157/1/6 7170/1/6
f 7157/3/6 7158/3/6 7171/3/6
f 7170/1/6 7157/1/6 7171/1/6
f 7158/1/6 7159/1/6 7172/1/6
f 7171/3/6 7158/3/6 7172/3/6
f 7159/2/6 7160/2/6 7173/2/6
f 7172/1/6 7159/1/6 7173/1/6
f 7161/1/6 7162/1/6 7174/1/6
f 7173/2/6 7160/2/6 7174/2/6
f 7160/1/6 7161/1/6 7174/1/6
f 7174/1/6 7162/1/6 7175/1/6
f 7163/1/6 7164/1/6 7178/1/6
f 7165/1/6 7166/1/6 7179/1/6
f 7166/1/6 7167/1/6 7179/1/6
f 7179/1/6 7167/1/6 7180/1/6
f 7167/4/6 7168/4/6 7181/4/6
f 7180/1/6 7167/1/6 7181/1/6
f 7168/1/6 7169/1/6 7182/1/6
f 7181/4/6 7168/4/6 7182/4/6
f 7169/2/6 7170/2/6 7183/2/6
f 7182/1/6 7169/1/6 7183/1/6
f 7172/1/6 7173/1/6 7184/1/6
f 7183/2/6 7170/2/6 7184/2/6
f 7175/1/6 7176/1/6 7184/1/6
f 7170/1/6 7171/1/6 7184/1/6
f 7171/1/6 7172/1/6 7184/1/6
f 7174/1/6 7175/1/6 7184/1/6
f 7173/1/6 7174/1/6 7184/1/6
f 7184/1/6 7176/1/6 7185/1/6
f 7177/1/6 7178/1/6 7188/1/6
f 7165/1/6 7179/1/6 7189/1/6
f 7179/5/6 7180/5/6 7189/5/6
f 7182/1/6 7183/1/6 7190/1/6
f 7189/5/6 7180/5/6 7190/5/6
f 7181/1/6 7182/1/6 7190/1/6
f 7180/1/6 7181/1/6 7190/1/6
f 7184/1/6 7185/1/6 7190/1/6
f 7183/1/6 7184/1/6 7190/1/6
f 7185/1/6 7186/1/6 7190/1/6
f 7190/1/6 7186/1/6 7191/1/6
f 7191/1/6 7186/1/6 7192/1/6
f 7192/1/6 7186/1/6 7193/1/6
f 7193/1/6 7186/1/6 7194/1/6
f 7194/1/6 7186/1/6 7195/1/6
f 7187/1/6 7188/1/6 7198/1/6
f 7189/1/6 7190/1/6 7199/1/6
f 7190/1/6 7191/1/6 7199/1/6
f 7191/5/6 7192/5/6 7199/5/6
f 7192/1/6 7193/1/6 7200/1/6
f 7199/5/6 7192/5/6 7200/5/6
f 7193/3/6 7194/3/6 7201/3/6
f 7200/1/6 7193/1/6 7201/1/6
f 7195/1/6 7196/1/6 7202/1/6
f 7201/3/6 7194/3/6 7202/3/6
f 7194/1/6 7195/1/6 7202/1/6
f 7202/1/6 7196/1/6 7203/1/6
f 7197/1/6 7198/1/6 7206/1/6
f 7200/1/6 7201/1/6 7207/1/6
f 7203/1/6 7204/1/6 7207/1/6
f 7189/1/6 7199/1/6 7207/1/6
f 7199/1/6 7200/1/6 7207/1/6
f 7202/1/6 7203/1/6 7207/1/6
f 7201/1/6 7202/1/6 7207/1/6
f 7207/1/6 7204/1/6 7208/1/6
f 7208/1/6 7204/1/6 7209/1/6
f 7205/1/6 7206/1/6 7212/1/6
f 7189/1/6 7207/1/6 7213/1/6
f 7207/5/6 7208/5/6 7213/5/6
f 7209/1/6 7210/1/6 7214/1/6
f 7213/5/6 7208/5/6 7214/5/6
f 7208/1/6 7209/1/6 7214/1/6
f 7214/1/6 7210/1/6 7215/1/6
f 7211/1/6 7212/1/6 7218/1/6
f 7106/1/6 7096/1/6 7219/1/6
f 7114/1/6 7106/1/6 7219/1/6
f 7218/1/6 7212/1/6 7219/1/6
f 7096/1/6 7088/1/6 7219/1/6
f 7138/1/6 7132/1/6 7219/1/6
f 7122/1/6 7114/1/6 7219/1/6
f 7132/1/6 7122/1/6 7219/1/6
f 7212/1/6 7206/1/6 7219/1/6
f 7154/1/6 7146/1/6 7219/1/6
f 7146/1/6 7138/1/6 7219/1/6
f 7164/1/6 7154/1/6 7219/1/6
f 7198/1/6 7188/1/6 7219/1/6
f 7206/1/6 7198/1/6 7219/1/6
f 7188/1/6 7178/1/6 7219/1/6
f 7178/1/6 7164/1/6 7219/1/6
f 7219/1/6 7088/1/6 7220/1/6
f 7220/1/6 7088/1/6 7221/1/6
f 7214/1/6 7215/1/6 7222/1/6
f 7213/1/6 7214/1/6 7222/1/6
f 7215/1/6 7216/1/6 7222/1/6
f 7222/1/6 7216/1/6 7223/1/6
f 7223/1/6 7216/1/6 7224/1/6
f 7224/1/6 7216/1/6 7225/1/6
f 7225/1/6 7216/1/6 7226/1/6
f 7217/1/6 7218/1/6 7229/1/6
f 7218/1/6 7219/1/6 7229/1/6
f 7229/1/6 7219/1/6 7230/1/6
f 7230/1/6 7219/1/6 7231/1/6
f 7220/12/6 7221/12/6 7232/12/6
f 7232/12/6 7221/12/6 7233/12/6
f 7165/1/6 7189/1/6 7234/1/6
f 7107/1/6 7123/1/6 7234/1/6
f 7189/1/6 7213/1/6 7234/1/6
f 7123/1/6 7165/1/6 7234/1/6
f 7213/1/6 7222/1/6 7234/1/6
f 7234/1/6 7222/1/6 7235/1/6
f 7235/1/6 7222/1/6 7236/1/6
f 7236/1/6 7222/1/6 7237/1/6
f 7222/3/6 7223/3/6 7238/3/6
f 7237/1/6 7222/1/6 7238/1/6
f 7223/1/6 7224/1/6 7239/1/6
f 7238/3/6 7223/3/6 7239/3/6
f 7224/3/6 7225/3/6 7240/3/6
f 7239/1/6 7224/1/6 7240/1/6
f 7226/1/6 7227/1/6 7241/1/6
f 7240/3/6 7225/3/6 7241/3/6
f 7225/1/6 7226/1/6 7241/1/6
f 7241/1/6 7227/1/6 7242/1/6
f 7229/1/6 7230/1/6 7245/1/6
f 7228/1/6 7229/1/6 7245/1/6
f 7245/1/6 7230/1/6 7246/1/6
f 7246/1/6 7230/1/6 7247/1/6
f 7235/1/6 7236/1/6 7248/1/6
f 7248/1/6 7236/1/6 7249/1/6
f 7236/2/6 7237/2/6 7250/2/6
f 7249/1/6 7236/1/6 7250/1/6
f 7239/1/6 7240/1/6 7251/1/6
f 7250/2/6 7237/2/6 7251/2/6
f 7242/1/6 7243/1/6 7251/1/6
f 7241/1/6 7242/1/6 7251/1/6
f 7238/1/6 7239/1/6 7251/1/6
f 7237/1/6 7238/1/6 7251/1/6
f 7240/1/6 7241/1/6 7251/1/6
f 7251/1/6 7243/1/6 7252/1/6
f 7252/1/6 7243/1/6 7253/1/6
f 7253/1/6 7243/1/6 7254/1/6
f 7254/1/6 7243/1/6 7255/1/6
f 7255/1/6 7243/1/6 7256/1/6
f 7244/1/6 7245/1/6 7259/1/6
f 7245/1/6 7246/1/6 7259/1/6
f 7259/1/6 7246/1/6 7260/1/6
f 7260/1/6 7246/1/6 7261/1/6
f 7249/1/6 7250/1/6 7262/1/6
f 7250/1/6 7251/1/6 7262/1/6
f 7251/1/6 7252/1/6 7262/1/6
f 7262/1/6 7252/1/6 7263/1/6
f 7252/3/6 7253/3/6 7264/3/6
f 7263/1/6 7252/1/6 7264/1/6
f 7253/1/6 7254/1/6 7265/1/6
f 7264/3/6 7253/3/6 7265/3/6
f 7254/2/6 7255/2/6 7266/2/6
f 7265/1/6 7254/1/6 7266/1/6
f 7256/1/6 7257/1/6 7267/1/6
f 7266/2/6 7255/2/6 7267/2/6
f 7255/1/6 7256/1/6 7267/1/6
f 7267/1/6 7257/1/6 7268/1/6
f 7259/1/6 7260/1/6 7271/1/6
f 7258/1/6 7259/1/6 7271/1/6
f 7271/1/6 7260/1/6 7272/1/6
f 7272/1/6 7260/1/6 7273/1/6
f 7265/1/6 7266/1/6 7274/1/6
f 7268/1/6 7269/1/6 7274/1/6
f 7267/1/6 7268/1/6 7274/1/6
f 7263/1/6 7264/1/6 7274/1/6
f 7266/1/6 7267/1/6 7274/1/6
f 7264/1/6 7265/1/6 7274/1/6
f 7274/1/6 7269/1/6 7275/1/6
f 7275/1/6 7269/1/6 7276/1/6
f 7276/1/6 7269/1/6 7277/1/6
f 7277/1/6 7269/1/6 7278/1/6
f 7278/1/6 7269/1/6 7279/1/6
f 7279/1/6 7269/1/6 7280/1/6
f 7271/1/6 7272/1/6 7283/1/6
f 7270/1/6 7271/1/6 7283/1/6
f 7275/1/6 7276/1/6 7284/1/6
f 7284/1/6 7276/1/6 7285/1/6
f 7276/2/6 7277/2/6 7286/2/6
f 7285/1/6 7276/1/6 7286/1/6
f 7277/1/6 7278/1/6 7287/1/6
f 7286/2/6 7277/2/6 7287/2/6
f 7278/3/6 7279/3/6 7288/3/6
f 7287/1/6 7278/1/6 7288/1/6
f 7280/1/6 7281/1/6 7289/1/6
f 7288/3/6 7279/3/6 7289/3/6
f 7279/1/6 7280/1/6 7289/1/6
f 7289/1/6 7281/1/6 7290/1/6
f 7282/1/6 7283/1/6 7295/1/6
f 7283/1/6 7272/1/6 7296/1/6
f 7295/1/6 7283/1/6 7296/1/6
f 7296/1/6 7272/1/6 7297/1/6
f 7287/1/6 7288/1/6 7298/1/6
f 7285/1/6 7286/1/6 7298/1/6
f 7286/1/6 7287/1/6 7298/1/6
f 7288/1/6 7289/1/6 7298/1/6
f 7290/1/6 7291/1/6 7298/1/6
f 7289/1/6 7290/1/6 7298/1/6
f 7298/1/6 7291/1/6 7299/1/6
f 7299/1/6 7291/1/6 7300/1/6
f 7300/1/6 7291/1/6 7301/1/6
f 7301/1/6 7291/1/6 7302/1/6
f 7292/1/6 7293/1/6 7303/1/6
f 7293/3/6 7294/3/6 7304/3/6
f 7303/1/6 7293/1/6 7304/1/6
f 7294/1/6 7295/1/6 7305/1/6
f 7304/3/6 7294/3/6 7305/3/6
f 7295/1/6 7296/1/6 7305/1/6
f 7305/1/6 7296/1/6 7306/1/6
f 7306/1/6 7296/1/6 7307/1/6
f 7299/1/6 7300/1/6 7308/1/6
f 7308/1/6 7300/1/6 7309/1/6
f 7300/5/6 7301/5/6 7310/5/6
f 7309/1/6 7300/1/6 7310/1/6
f 7302/1/6 7303/1/6 7311/1/6
f 7310/5/6 7301/5/6 7311/5/6
f 7303/1/6 7304/1/6 7311/1/6
f 7301/1/6 7302/1/6 7311/1/6
f 7304/1/6 7305/1/6 7311/1/6
f 7305/1/6 7306/1/6 7311/1/6
f 7311/1/6 7306/1/6 7312/1/6
f 7312/1/6 7306/1/6 7313/1/6
f 7313/1/6 7306/1/6 7314/1/6
f 7314/1/6 7306/1/6 7315/1/6
f 7315/1/6 7306/1/6 7316/1/6
f 7316/1/6 7306/1/6 7317/1/6
f 7309/1/6 7310/1/6 7318/1/6
f 7310/1/6 7311/1/6 7318/1/6
f 7311/1/6 7312/1/6 7318/1/6
f 7318/1/6 7312/1/6 7319/1/6
f 7312/3/6 7313/3/6 7320/3/6
f 7319/1/6 7312/1/6 7320/1/6
f 7313/1/6 7314/1/6 7321/1/6
f 7320/3/6 7313/3/6 7321/3/6
f 7314/4/6 7315/4/6 7322/4/6
f 7321/1/6 7314/1/6 7322/1/6
f 7315/1/6 7316/1/6 7323/1/6
f 7322/4/6 7315/4/6 7323/4/6
f 7323/1/6 7316/1/6 7324/1/6
f 7324/1/6 7316/1/6 7325/1/6
f 7325/1/6 7316/1/6 7326/1/6
f 7326/1/6 7316/1/6 7327/1/6
f 7321/1/6 7322/1/6 7328/1/6
f 7320/1/6 7321/1/6 7328/1/6
f 7319/1/6 7320/1/6 7328/1/6
f 7323/1/6 7324/1/6 7328/1/6
f 7322/1/6 7323/1/6 7328/1/6
f 7328/1/6 7324/1/6 7329/1/6
f 7329/1/6 7324/1/6 7330/1/6
f 7330/1/6 7324/1/6 7331/1/6
f 7331/1/6 7324/1/6 7332/1/6
f 7324/3/6 7325/3/6 7333/3/6
f 7332/1/6 7324/1/6 7333/1/6
f 7325/1/6 7326/1/6 7334/1/6
f 7333/3/6 7325/3/6 7334/3/6
f 7334/1/6 7326/1/6 7335/1/6
f 7335/1/6 7326/1/6 7336/1/6
f 7336/1/6 7326/1/6 7337/1/6
f 7337/1/6 7326/1/6 7338/1/6
f 7338/1/6 7326/1/6 7339/1/6
f 7339/1/6 7326/1/6 7340/1/6
f 7329/1/6 7330/1/6 7341/1/6
f 7341/1/6 7330/1/6 7342/1/6
f 7330/2/6 7331/2/6 7343/2/6
f 7342/1/6 7330/1/6 7343/1/6
f 7331/3/6 7332/3/6 7344/3/6
f 7343/2/6 7331/2/6 7344/2/6
f 7332/1/6 7333/1/6 7345/1/6
f 7344/3/6 7332/3/6 7345/3/6
f 7333/1/6 7334/1/6 7345/1/6
f 7334/1/6 7335/1/6 7345/1/6
f 7335/2/6 7336/2/6 7346/2/6
f 7345/1/6 7335/1/6 7346/1/6
f 7336/1/6 7337/1/6 7347/1/6
f 7346/2/6 7336/2/6 7347/2/6
f 7337/2/6 7338/2/6 7348/2/6
f 7347/1/6 7337/1/6 7348/1/6
f 7338/1/6 7339/1/6 7349/1/6
f 7348/2/6 7338/2/6 7349/2/6
f 7349/1/6 7339/1/6 7350/1/6
f 7350/1/6 7339/1/6 7351/1/6
f 7343/1/6 7344/1/6 7352/1/6
f 7342/1/6 7343/1/6 7352/1/6
f 7349/1/6 7350/1/6 7352/1/6
f 7348/1/6 7349/1/6 7352/1/6
f 7345/1/6 7346/1/6 7352/1/6
f 7344/1/6 7345/1/6 7352/1/6
f 7346/1/6 7347/1/6 7352/1/6
f 7347/1/6 7348/1/6 7352/1/6
f 7352/1/6 7350/1/6 7353/1/6
f 7353/1/6 7350/1/6 7354/1/6
f 7354/1/6 7350/1/6 7355/1/6
f 7355/1/6 7350/1/6 7356/1/6
f 7356/1/6 7350/1/6 7357/1/6
f 7357/1/6 7350/1/6 7358/1/6
f 7358/1/6 7350/1/6 7359/1/6
f 7353/1/6 7354/1/6 7360/1/6
f 7360/1/6 7354/1/6 7361/1/6
f 7361/1/6 7354/1/6 7362/1/6
f 7362/1/6 7354/1/6 7363/1/6
f 7354/5/6 7355/5/6 7364/5/6
f 7363/1/6 7354/1/6 7364/1/6
f 7355/1/6 7356/1/6 7365/1/6
f 7364/5/6 7355/5/6 7365/5/6
f 7356/2/6 7357/2/6 7366/2/6
f 7365/1/6 7356/1/6 7366/1/6
f 7357/1/6 7358/1/6 7367/1/6
f 7366/2/6 7357/2/6 7367/2/6
f 7367/1/6 7358/1/6 7368/1/6
f 7368/1/6 7358/1/6 7369/1/6
f 7369/1/6 7358/1/6 7370/1/6
f 7370/1/6 7358/1/6 7371/1/6
f 7361/1/6 7362/1/6 7372/1/6
f 7372/1/6 7362/1/6 7373/1/6
f 7362/3/6 7363/3/6 7374/3/6
f 7373/1/6 7362/1/6 7374/1/6
f 7365/1/6 7366/1/6 7375/1/6
f 7374/3/6 7363/3/6 7375/3/6
f 7363/1/6 7364/1/6 7375/1/6
f 7364/1/6 7365/1/6 7375/1/6
f 7366/1/6 7367/1/6 7375/1/6
f 7367/1/6 7368/1/6 7375/1/6
f 7368/3/6 7369/3/6 7376/3/6
f 7375/1/6 7368/1/6 7376/1/6
f 7369/1/6 7370/1/6 7377/1/6
f 7376/3/6 7369/3/6 7377/3/6
f 7377/1/6 7370/1/6 7378/1/6
f 7378/1/6 7370/1/6 7379/1/6
f 7373/1/6 7374/1/6 7380/1/6
f 7377/1/6 7378/1/6 7380/1/6
f 7376/1/6 7377/1/6 7380/1/6
f 7375/1/6 7376/1/6 7380/1/6
f 7374/1/6 7375/1/6 7380/1/6
f 7380/1/6 7378/1/6 7381/1/6
f 7381/1/6 7378/1/6 7382/1/6
f 7382/1/6 7378/1/6 7383/1/6
f 7383/1/6 7378/1/6 7384/1/6
f 7384/1/6 7378/1/6 7385/1/6
f 7385/1/6 7378/1/6 7386/1/6
f 7386/1/6 7378/1/6 7387/1/6
f 7381/1/6 7382/1/6 7388/1/6
f 7388/1/6 7382/1/6 7389/1/6
f 7389/1/6 7382/1/6 7390/1/6
f 7390/1/6 7382/1/6 7391/1/6
f 7391/1/6 7382/1/6 7392/1/6
f 7392/1/6 7382/1/6 7393/1/6
f 7382/4/6 7383/4/6 7394/4/6
f 7393/1/6 7382/1/6 7394/1/6
f 7383/1/6 7384/1/6 7395/1/6
f 7394/4/6 7383/4/6 7395/4/6
f 7384/2/6 7385/2/6 7396/2/6
f 7395/1/6 7384/1/6 7396/1/6
f 7385/1/6 7386/1/6 7397/1/6
f 7396/2/6 7385/2/6 7397/2/6
f 7397/1/6 7386/1/6 7398/1/6
f 7398/1/6 7386/1/6 7399/1/6
f 7389/1/6 7390/1/6 7400/1/6
f 7400/1/6 7390/1/6 7401/1/6
f 7390/3/6 7391/3/6 7402/3/6
f 7401/1/6 7390/1/6 7402/1/6
f 7391/1/6 7392/1/6 7403/1/6
f 7402/3/6 7391/3/6 7403/3/6
f 7392/2/6 7393/2/6 7404/2/6
f 7403/1/6 7392/1/6 7404/1/6
f 7395/1/6 7396/1/6 7405/1/6
f 7404/2/6 7393/2/6 7405/2/6
f 7393/1/6 7394/1/6 7405/1/6
f 7394/1/6 7395/1/6 7405/1/6
f 7396/5/6 7397/5/6 7406/5/6
f 7405/1/6 7396/1/6 7406/1/6
f 7397/1/6 7398/1/6 7407/1/6
f 7406/5/6 7397/5/6 7407/5/6
f 7407/1/6 7398/1/6 7408/1/6
f 7408/1/6 7398/1/6 7409/1/6
f 7403/1/6 7404/1/6 7410/1/6
f 7402/1/6 7403/1/6 7410/1/6
f 7407/1/6 7408/1/6 7410/1/6
f 7406/1/6 7407/1/6 7410/1/6
f 7401/1/6 7402/1/6 7410/1/6
f 7405/1/6 7406/1/6 7410/1/6
f 7404/1/6 7405/1/6 7410/1/6
f 7410/1/6 7408/1/6 7411/1/6
f 7411/1/6 7408/1/6 7412/1/6
f 7412/1/6 7408/1/6 7413/1/6
f 7411/1/6 7412/1/6 7414/1/6
f 7414/1/6 7412/1/6 7415/1/6
f 7415/1/6 7412/1/6 7416/1/6
f 7416/1/6 7412/1/6 7417/1/6
f 7415/1/6 7416/1/6 7418/1/6
f 7418/1/6 7416/1/6 7419/1/6
f 7419/1/6 7416/1/6 7420/1/6
f 7420/1/6 7416/1/6 7421/1/6
f 7419/1/6 7420/1/6 7422/1/6
f 7422/1/6 7420/1/6 7423/1/6
f 7423/1/6 7420/1/6 7424/1/6
f 7424/1/6 7420/1/6 7425/1/6
f 7423/1/6 7424/1/6 7426/1/6
f 7426/1/6 7424/1/6 7427/1/6
f 7427/1/6 7424/1/6 7428/1/6
f 7428/1/6 7424/1/6 7429/1/6
f 7427/1/6 7428/1/6 7430/1/6
f 7430/1/6 7428/1/6 7431/1/6
f 7432/12/6 7433/12/6 7435/12/6
f 7435/12/6 7433/12/6 7436/12/6
f 7434/12/6 7435/12/6 7441/12/6
f 7435/12/6 7436/12/6 7441/12/6
f 7436/12/6 7437/12/6 7441/12/6
f 7438/12/6 7439/12/6 7442/12/6
f 7440/12/6 7441/12/6 7445/12/6
f 7442/12/6 7443/12/6 7446/12/6
f 7444/12/6 7445/12/6 7449/12/6
f 7446/12/6 7447/12/6 7450/12/6
f 7450/12/6 7451/12/6 7452/12/6
f 7448/12/6 7449/12/6 7455/12/6
f 7452/12/6 7453/12/6 7456/12/6
f 7454/12/6 7455/12/6 7459/12/6
f 7456/12/6 7457/12/6 7460/12/6
f 7458/12/6 7459/12/6 7463/12/6
f 7460/12/6 7461/12/6 7464/12/6
f 7462/12/6 7463/12/6 7467/12/6
f 7464/12/6 7465/12/6 7468/12/6
f 7466/12/6 7467/12/6 7471/12/6
f 7445/12/6 7441/12/6 7472/12/6
f 7449/12/6 7445/12/6 7472/12/6
f 7471/12/6 7467/12/6 7472/12/6
f 7455/12/6 7449/12/6 7472/12/6
f 7459/12/6 7455/12/6 7472/12/6
f 7467/12/6 7463/12/6 7472/12/6
f 7463/12/6 7459/12/6 7472/12/6
f 7441/12/6 7437/12/6 7473/12/6
f 7472/12/6 7441/12/6 7473/12/6
f 7468/12/6 7469/12/6 7474/12/6
f 7471/12/6 7472/12/6 7477/12/6
f 7470/12/6 7471/12/6 7477/12/6
f 7472/9/6 7473/9/6 7478/9/6
f 7477/12/6 7472/12/6 7478/12/6
f 7473/12/6 7437/12/6 7479/12/6
f 7478/9/6 7473/9/6 7479/9/6
f 7474/12/6 7475/12/6 7480/12/6
f 7468/12/6 7474/12/6 7480/12/6
f 7442/12/6 7446/12/6 7480/12/6
f 7446/12/6 7450/12/6 7480/12/6
f 7450/12/6 7452/12/6 7480/12/6
f 7460/12/6 7464/12/6 7480/12/6
f 7464/12/6 7468/12/6 7480/12/6
f 7456/12/6 7460/12/6 7480/12/6
f 7452/12/6 7456/12/6 7480/12/6
f 7480/12/6 7475/12/6 7481/12/6
f 7481/12/6 7475/12/6 7482/12/6
f 7477/12/6 7478/12/6 7485/12/6
f 7478/12/6 7479/12/6 7485/12/6
f 7476/12/6 7477/12/6 7485/12/6
f 7480/9/6 7481/9/6 7486/9/6
f 7442/12/6 7480/12/6 7486/12/6
f 7482/12/6 7483/12/6 7487/12/6
f 7486/9/6 7481/9/6 7487/9/6
f 7481/12/6 7482/12/6 7487/12/6
f 7487/12/6 7483/12/6 7488/12/6
f 7484/12/6 7485/12/6 7491/12/6
f 7488/12/6 7489/12/6 7492/12/6
f 7486/12/6 7487/12/6 7492/12/6
f 7487/12/6 7488/12/6 7492/12/6
f 7490/12/6 7491/12/6 7495/12/6
f 7492/12/6 7493/12/6 7496/12/6
f 7486/12/6 7492/12/6 7496/12/6
f 7496/12/6 7493/12/6 7497/12/6
f 7497/12/6 7493/12/6 7498/12/6
f 7494/12/6 7495/12/6 7501/12/6
f 7486/12/6 7496/12/6 7502/12/6
f 7496/10/6 7497/10/6 7502/10/6
f 7498/12/6 7499/12/6 7503/12/6
f 7502/10/6 7497/10/6 7503/10/6
f 7497/12/6 7498/12/6 7503/12/6
f 7503/12/6 7499/12/6 7504/12/6
f 7500/12/6 7501/12/6 7507/12/6
f 7504/12/6 7505/12/6 7508/12/6
f 7502/12/6 7503/12/6 7508/12/6
f 7503/12/6 7504/12/6 7508/12/6
f 7506/12/6 7507/12/6 7511/12/6
f 7508/12/6 7509/12/6 7512/12/6
f 7510/12/6 7511/12/6 7515/12/6
f 7495/12/6 7491/12/6 7516/12/6
f 7501/12/6 7495/12/6 7516/12/6
f 7515/12/6 7511/12/6 7516/12/6
f 7507/12/6 7501/12/6 7516/12/6
f 7511/12/6 7507/12/6 7516/12/6
f 7516/12/6 7491/12/6 7517/12/6
f 7512/12/6 7513/12/6 7518/12/6
f 7514/12/6 7515/12/6 7521/12/6
f 7515/12/6 7516/12/6 7521/12/6
f 7516/6/6 7517/6/6 7522/6/6
f 7521/12/6 7516/12/6 7522/12/6
f 7517/12/6 7491/12/6 7523/12/6
f 7522/6/6 7517/6/6 7523/6/6
f 7485/12/6 7479/12/6 7524/12/6
f 7523/12/6 7491/12/6 7524/12/6
f 7491/12/6 7485/12/6 7524/12/6
f 7524/12/6 7479/12/6 7525/12/6
f 7518/12/6 7519/12/6 7526/12/6
f 7522/12/6 7523/12/6 7529/12/6
f 7521/12/6 7522/12/6 7529/12/6
f 7520/12/6 7521/12/6 7529/12/6
f 7523/12/6 7524/12/6 7529/12/6
f 7524/9/6 7525/9/6 7530/9/6
f 7529/12/6 7524/12/6 7530/12/6
f 7525/12/6 7479/12/6 7531/12/6
f 7530/9/6 7525/9/6 7531/9/6
f 7442/12/6 7486/12/6 7532/12/6
f 7438/12/6 7442/12/6 7532/12/6
f 7486/12/6 7502/12/6 7532/12/6
f 7526/12/6 7527/12/6 7532/12/6
f 7518/12/6 7526/12/6 7532/12/6
f 7512/12/6 7518/12/6 7532/12/6
f 7508/12/6 7512/12/6 7532/12/6
f 7502/12/6 7508/12/6 7532/12/6
f 7532/12/6 7527/12/6 7533/12/6
f 7533/12/6 7527/12/6 7534/12/6
f 7530/12/6 7531/12/6 7537/12/6
f 7528/12/6 7529/12/6 7537/12/6
f 7529/12/6 7530/12/6 7537/12/6
f 7537/12/6 7531/12/6 7538/12/6
f 7538/12/6 7531/12/6 7539/12/6
f 7438/12/6 7532/12/6 7540/12/6
f 7540/12/6 7532/12/6 7541/12/6
f 7534/12/6 7535/12/6 7542/12/6
f 7533/12/6 7534/12/6 7542/12/6
f 7542/12/6 7535/12/6 7543/12/6
f 7543/12/6 7535/12/6 7544/12/6
f 7544/12/6 7535/12/6 7545/12/6
f 7545/12/6 7535/12/6 7546/12/6
f 7536/12/6 7537/12/6 7549/12/6
f 7537/12/6 7538/12/6 7549/12/6
f 7538/6/6 7539/6/6 7550/6/6
f 7549/12/6 7538/12/6 7550/12/6
f 7539/12/6 7531/12/6 7551/12/6
f 7550/6/6 7539/6/6 7551/6/6
f 7543/12/6 7544/12/6 7552/12/6
f 7552/12/6 7544/12/6 7553/12/6
f 7544/9/6 7545/9/6 7554/9/6
f 7553/12/6 7544/12/6 7554/12/6
f 7546/12/6 7547/12/6 7555/12/6
f 7554/9/6 7545/9/6 7555/9/6
f 7545/12/6 7546/12/6 7555/12/6
f 7555/12/6 7547/12/6 7556/12/6
f 7549/12/6 7550/12/6 7557/12/6
f 7548/12/6 7549/12/6 7557/12/6
f 7550/12/6 7551/12/6 7557/12/6
f 7557/12/6 7551/12/6 7558/12/6
f 7558/12/6 7551/12/6 7559/12/6
f 7551/12/6 7531/12/6 7560/12/6
f 7559/12/6 7551/12/6 7560/12/6
f 7531/12/6 7479/12/6 7561/12/6
f 7560/12/6 7531/12/6 7561/12/6
f 7555/12/6 7556/12/6 7562/12/6
f 7554/12/6 7555/12/6 7562/12/6
f 7557/12/6 7558/12/6 7562/12/6
f 7556/12/6 7557/12/6 7562/12/6
f 7553/12/6 7554/12/6 7562/12/6
f 7562/12/6 7558/12/6 7563/12/6
f 7558/6/6 7559/6/6 7564/6/6
f 7563/12/6 7558/12/6 7564/12/6
f 7559/12/6 7560/12/6 7565/12/6
f 7564/6/6 7559/6/6 7565/6/6
f 7565/12/6 7560/12/6 7566/12/6
f 7566/12/6 7560/12/6 7567/12/6
f 7561/12/6 7479/12/6 7568/12/6
f 7479/12/6 7437/12/6 7569/12/6
f 7568/12/6 7479/12/6 7569/12/6
f 7563/12/6 7564/12/6 7570/12/6
f 7565/12/6 7566/12/6 7570/12/6
f 7564/12/6 7565/12/6 7570/12/6
f 7570/12/6 7566/12/6 7571/12/6
f 7571/12/6 7566/12/6 7572/12/6
f 7572/12/6 7566/12/6 7573/12/6
f 7573/12/6 7566/12/6 7574/12/6
f 7574/12/6 7566/12/6 7575/12/6
f 7575/12/6 7566/12/6 7576/12/6
f 7576/12/6 7566/12/6 7577/12/6
f 7577/12/6 7566/12/6 7578/12/6
f 7578/12/6 7566/12/6 7579/12/6
f 7569/12/6 7437/12/6 7580/12/6
f 7580/12/6 7437/12/6 7581/12/6
f 7571/12/6 7572/12/6 7582/12/6
f 7582/12/6 7572/12/6 7583/12/6
f 7573/12/6 7574/12/6 7584/12/6
f 7574/7/6 7575/7/6 7584/7/6
f 7575/12/6 7576/12/6 7585/12/6
f 7584/7/6 7575/7/6 7585/7/6
f 7576/8/6 7577/8/6 7586/8/6
f 7585/12/6 7576/12/6 7586/12/6
f 7577/12/6 7578/12/6 7587/12/6
f 7586/8/6 7577/8/6 7587/8/6
f 7587/12/6 7578/12/6 7588/12/6
f 7588/12/6 7578/12/6 7589/12/6
f 7581/12/6 7437/12/6 7590/12/6
f 7590/12/6 7437/12/6 7591/12/6
f 7583/12/6 7572/12/6 7592/12/6
f 7592/12/6 7572/12/6 7593/12/6
f 7572/11/6 7573/11/6 7594/11/6
f 7593/12/6 7572/12/6 7594/12/6
f 7585/12/6 7586/12/6 7595/12/6
f 7594/11/6 7573/11/6 7595/11/6
f 7587/12/6 7588/12/6 7595/12/6
f 7573/12/6 7584/12/6 7595/12/6
f 7586/12/6 7587/12/6 7595/12/6
f 7584/12/6 7585/12/6 7595/12/6
f 7595/12/6 7588/12/6 7596/12/6
f 7596/12/6 7588/12/6 7597/12/6
f 7593/12/6 7594/12/6 7598/12/6
f 7595/12/6 7596/12/6 7598/12/6
f 7594/12/6 7595/12/6 7598/12/6
f 7598/12/6 7596/12/6 7599/12/6
f 7599/12/6 7596/12/6 7600/12/6
f 7600/12/6 7596/12/6 7601/12/6
f 7601/12/6 7596/12/6 7602/12/6
f 7602/12/6 7596/12/6 7603/12/6
f 7603/12/6 7596/12/6 7604/12/6
f 7604/12/6 7596/12/6 7605/12/6
f 7605/12/6 7596/12/6 7606/12/6
f 7606/12/6 7596/12/6 7607/12/6
f 7607/12/6 7596/12/6 7608/12/6
f 7608/12/6 7596/12/6 7609/12/6
f 7599/12/6 7600/12/6 7610/12/6
f 7610/12/6 7600/12/6 7611/12/6
f 7600/11/6 7601/11/6 7612/11/6
f 7611/12/6 7600/12/6 7612/12/6
f 7601/12/6 7602/12/6 7613/12/6
f 7612/11/6 7601/11/6 7613/11/6
f 7602/7/6 7603/7/6 7614/7/6
f 7613/12/6 7602/12/6 7614/12/6
f 7603/12/6 7604/12/6 7615/12/6
f 7614/7/6 7603/7/6 7615/7/6
f 7604/11/6 7605/11/6 7616/11/6
f 7615/12/6 7604/12/6 7616/12/6
f 7605/12/6 7606/12/6 7617/12/6
f 7616/11/6 7605/11/6 7617/11/6
f 7606/7/6 7607/7/6 7618/7/6
f 7617/12/6 7606/12/6 7618/12/6
f 7607/12/6 7608/12/6 7619/12/6
f 7618/7/6 7607/7/6 7619/7/6
f 7619/12/6 7608/12/6 7620/12/6
f 7620/12/6 7608/12/6 7621/12/6
f 7617/12/6 7618/12/6 7622/12/6
f 7619/12/6 7620/12/6 7622/12/6
f 7618/12/6 7619/12/6 7622/12/6
f 7611/12/6 7612/12/6 7622/12/6
f 7616/12/6 7617/12/6 7622/12/6
f 7615/12/6 7616/12/6 7622/12/6
f 7614/12/6 7615/12/6 7622/12/6
f 7613/12/6 7614/12/6 7622/12/6
f 7612/12/6 7613/12/6 7622/12/6
f 7622/12/6 7620/12/6 7623/12/6
f 7623/12/6 7620/12/6 7624/12/6
f 7624/12/6 7620/12/6 7625/12/6
f 7625/12/6 7620/12/6 7626/12/6
f 7626/12/6 7620/12/6 7627/12/6
f 7623/12/6 7624/12/6 7628/12/6
f 7628/12/6 7624/12/6 7629/12/6
f 7629/12/6 7624/12/6 7630/12/6
f 7630/12/6 7624/12/6 7631/12/6
f 7624/9/6 7625/9/6 7632/9/6
f 7631/12/6 7624/12/6 7632/12/6
f 7625/12/6 7626/12/6 7633/12/6
f 7632/9/6 7625/9/6 7633/9/6
f 7633/12/6 7626/12/6 7634/12/6
f 7634/12/6 7626/12/6 7635/12/6
f 7629/12/6 7630/12/6 7636/12/6
f 7636/12/6 7630/12/6 7637/12/6
f 7637/12/6 7630/12/6 7638/12/6
f 7638/12/6 7630/12/6 7639/12/6
f 7630/11/6 7631/11/6 7640/11/6
f 7639/12/6 7630/12/6 7640/12/6
f 7631/12/6 7632/12/6 7641/12/6
f 7640/11/6 7631/11/6 7641/11/6
f 7633/12/6 7634/12/6 7641/12/6
f 7632/12/6 7633/12/6 7641/12/6
f 7641/12/6 7634/12/6 7642/12/6
f 7642/12/6 7634/12/6 7643/12/6
f 7643/12/6 7634/12/6 7644/12/6
f 7644/12/6 7634/12/6 7645/12/6
f 7637/12/6 7638/12/6 7646/12/6
f 7646/12/6 7638/12/6 7647/12/6
f 7638/9/6 7639/9/6 7648/9/6
f 7647/12/6 7638/12/6 7648/12/6
f 7639/12/6 7640/12/6 7649/12/6
f 7648/9/6 7639/9/6 7649/9/6
f 7640/12/6 7641/12/6 7649/12/6
f 7641/12/6 7642/12/6 7649/12/6
f 7642/8/6 7643/8/6 7650/8/6
f 7649/12/6 7642/12/6 7650/12/6
f 7643/12/6 7644/12/6 7651/12/6
f 7650/8/6 7643/8/6 7651/8/6
f 7651/12/6 7644/12/6 7652/12/6
f 7652/12/6 7644/12/6 7653/12/6
f 7647/12/6 7648/12/6 7654/12/6
f 7651/12/6 7652/12/6 7654/12/6
f 7650/12/6 7651/12/6 7654/12/6
f 7648/12/6 7649/12/6 7654/12/6
f 7649/12/6 7650/12/6 7654/12/6
f 7654/12/6 7652/12/6 7655/12/6
f 7655/12/6 7652/12/6 7656/12/6
f 7656/12/6 7652/12/6 7657/12/6
f 7657/12/6 7652/12/6 7658/12/6
f 7658/12/6 7652/12/6 7659/12/6
f 7655/12/6 7656/12/6 7660/12/6
f 7660/12/6 7656/12/6 7661/12/6
f 7656/9/6 7657/9/6 7662/9/6
f 7661/12/6 7656/12/6 7662/12/6
f 7657/12/6 7658/12/6 7663/12/6
f 7662/9/6 7657/9/6 7663/9/6
f 7663/12/6 7658/12/6 7664/12/6
f 7664/12/6 7658/12/6 7665/12/6
f 7661/12/6 7662/12/6 7666/12/6
f 7663/12/6 7664/12/6 7666/12/6
f 7662/12/6 7663/12/6 7666/12/6
f 7666/12/6 7664/12/6 7667/12/6
f 7667/12/6 7664/12/6 7668/12/6
f 7668/12/6 7664/12/6 7669/12/6
f 7667/12/6 7668/12/6 7670/12/6
f 7670/12/6 7668/12/6 7671/12/6
f 7671/12/6 7668/12/6 7672/12/6
f 7672/12/6 7668/12/6 7673/12/6
f 7673/12/6 7668/12/6 7674/12/6
f 7674/12/6 7668/12/6 7675/12/6
f 7671/12/6 7672/12/6 7676/12/6
f 7676/12/6 7672/12/6 7677/12/6
f 7672/8/6 7673/8/6 7678/8/6
f 7677/12/6 7672/12/6 7678/12/6
f 7673/12/6 7674/12/6 7679/12/6
f 7678/8/6 7673/8/6 7679/8/6
f 7679/12/6 7674/12/6 7680/12/6
f 7680/12/6 7674/12/6 7681/12/6
f 7677/12/6 7678/12/6 7682/12/6
f 7679/12/6 7680/12/6 7682/12/6
f 7678/12/6 7679/12/6 7682/12/6
f 7682/12/6 7680/12/6 7683/12/6
f 7683/12/6 7680/12/6 7684/12/6
f 7684/12/6 7680/12/6 7685/12/6
f 7685/12/6 7680/12/6 7686/12/6
f 7686/12/6 7680/12/6 7687/12/6
f 7687/12/6 7680/12/6 7688/12/6
f 7688/12/6 7680/12/6 7689/12/6
f 7683/12/6 7684/12/6 7690/12/6
f 7690/12/6 7684/12/6 7691/12/6
f 7684/10/6 7685/10/6 7692/10/6
f 7691/12/6 7684/12/6 7692/12/6
f 7685/12/6 7686/12/6 7693/12/6
f 7692/10/6 7685/10/6 7693/10/6
f 7693/12/6 7686/12/6 7694/12/6
f 7694/12/6 7686/12/6 7695/12/6
f 7691/12/6 7692/12/6 7696/12/6
f 7693/12/6 7694/12/6 7696/12/6
f 7692/12/6 7693/12/6 7696/12/6
f 7696/12/6 7694/12/6 7697/12/6
f 7697/12/6 7694/12/6 7698/12/6
f 7698/12/6 7694/12/6 7699/12/6
f 7697/12/6 7698/12/6 7700/12/6
f 7700/12/6 7698/12/6 7701/12/6
f 7701/12/6 7698/12/6 7702/12/6
f 7702/12/6 7698/12/6 7703/12/6
f 7701/12/6 7702/12/6 7704/12/6
f 7704/12/6 7702/12/6 7705/12/6
f 7706/12/6 7707/12/6 7709/12/6
f 7709/12/6 7707/12/6 7710/12/6
f 7708/12/6 7709/12/6 7712/12/6
f 7710/12/6 7711/12/6 7712/12/6
f 7709/12/6 7710/12/6 7712/12/6
f 7708/12/6 7712/12/6 7716/12/6
f 7712/12/6 7713/12/6 7716/12/6
f 7716/12/6 7713/12/6 7717/12/6
f 7717/12/6 7713/12/6 7718/12/6
f 7714/12/6 7715/12/6 7721/12/6
f 7721/12/6 7715/12/6 7722/12/6
f 7708/12/6 7716/12/6 7724/12/6
f 7716/10/6 7717/10/6 7724/10/6
f 7718/12/6 7719/12/6 7725/12/6
f 7724/10/6 7717/10/6 7725/10/6
f 7717/12/6 7718/12/6 7725/12/6
f 7725/12/6 7719/12/6 7726/12/6
f 7722/12/6 7723/12/6 7729/12/6
f 7721/12/6 7722/12/6 7729/12/6
f 7720/12/6 7721/12/6 7729/12/6
f 7729/12/6 7723/12/6 7730/12/6
f 7726/12/6 7727/12/6 7732/12/6
f 7725/12/6 7726/12/6 7732/12/6
f 7724/12/6 7725/12/6 7732/12/6
f 7730/12/6 7731/12/6 7735/12/6
f 7729/12/6 7730/12/6 7735/12/6
f 7728/12/6 7729/12/6 7735/12/6
f 7735/12/6 7731/12/6 7736/12/6
f 7732/12/6 7733/12/6 7738/12/6
f 7736/12/6 7737/12/6 7741/12/6
f 7734/12/6 7735/12/6 7741/12/6
f 7735/12/6 7736/12/6 7741/12/6
f 7741/12/6 7737/12/6 7742/12/6
f 7742/12/6 7737/12/6 7743/12/6
f 7738/12/6 7739/12/6 7744/12/6
f 7740/12/6 7741/12/6 7747/12/6
f 7741/12/6 7742/12/6 7747/12/6
f 7742/9/6 7743/9/6 7748/9/6
f 7747/12/6 7742/12/6 7748/12/6
f 7743/12/6 7737/12/6 7749/12/6
f 7748/9/6 7743/9/6 7749/9/6
f 7749/12/6 7737/12/6 7750/12/6
f 7750/12/6 7737/12/6 7751/12/6
f 7708/12/6 7724/12/6 7752/12/6
f 7724/12/6 7732/12/6 7752/12/6
f 7732/12/6 7738/12/6 7752/12/6
f 7744/12/6 7745/12/6 7752/12/6
f 7738/12/6 7744/12/6 7752/12/6
f 7752/12/6 7745/12/6 7753/12/6
f 7753/12/6 7745/12/6 7754/12/6
f 7747/12/6 7748/12/6 7757/12/6
f 7749/12/6 7750/12/6 7757/12/6
f 7748/12/6 7749/12/6 7757/12/6
f 7746/12/6 7747/12/6 7757/12/6
f 7750/9/6 7751/9/6 7758/9/6
f 7757/12/6 7750/12/6 7758/12/6
f 7751/12/6 7737/12/6 7759/12/6
f 7758/9/6 7751/9/6 7759/9/6
f 7752/9/6 7753/9/6 7760/9/6
f 7708/12/6 7752/12/6 7760/12/6
f 7754/12/6 7755/12/6 7761/12/6
f 7760/9/6 7753/9/6 7761/9/6
f 7753/12/6 7754/12/6 7761/12/6
f 7761/12/6 7755/12/6 7762/12/6
f 7757/12/6 7758/12/6 7765/12/6
f 7756/12/6 7757/12/6 7765/12/6
f 7758/12/6 7759/12/6 7765/12/6
f 7765/12/6 7759/12/6 7766/12/6
f 7766/12/6 7759/12/6 7767/12/6
f 7762/12/6 7763/12/6 7768/12/6
f 7761/12/6 7762/12/6 7768/12/6
f 7760/12/6 7761/12/6 7768/12/6
f 7765/12/6 7766/12/6 7771/12/6
f 7764/12/6 7765/12/6 7771/12/6
f 7771/12/6 7766/12/6 7772/12/6
f 7772/12/6 7766/12/6 7773/12/6
f 7766/6/6 7767/6/6 7774/6/6
f 7773/12/6 7766/12/6 7774/12/6
f 7767/12/6 7759/12/6 7775/12/6
f 7774/6/6 7767/6/6 7775/6/6
f 7768/12/6 7769/12/6 7776/12/6
f 7770/12/6 7771/12/6 7779/12/6
f 7771/12/6 7772/12/6 7779/12/6
f 7772/7/6 7773/7/6 7780/7/6
f 7779/12/6 7772/12/6 7780/12/6
f 7773/12/6 7774/12/6 7781/12/6
f 7780/7/6 7773/7/6 7781/7/6
f 7774/12/6 7775/12/6 7781/12/6
f 7776/12/6 7777/12/6 7782/12/6
f 7779/12/6 7780/12/6 7785/12/6
f 7778/12/6 7779/12/6 7785/12/6
f 7780/12/6 7781/12/6 7785/12/6
f 7782/12/6 7783/12/6 7786/12/6
f 7776/12/6 7782/12/6 7786/12/6
f 7760/12/6 7768/12/6 7786/12/6
f 7768/12/6 7776/12/6 7786/12/6
f 7786/12/6 7783/12/6 7787/12/6
f 7787/12/6 7783/12/6 7788/12/6
f 7784/12/6 7785/12/6 7791/12/6
f 7760/12/6 7786/12/6 7792/12/6
f 7786/10/6 7787/10/6 7793/10/6
f 7792/12/6 7786/12/6 7793/12/6
f 7788/12/6 7789/12/6 7794/12/6
f 7793/10/6 7787/10/6 7794/10/6
f 7787/12/6 7788/12/6 7794/12/6
f 7794/12/6 7789/12/6 7795/12/6
f 7790/12/6 7791/12/6 7798/12/6
f 7708/12/6 7760/12/6 7799/12/6
f 7760/12/6 7792/12/6 7799/12/6
f 7799/12/6 7792/12/6 7800/12/6
f 7795/12/6 7796/12/6 7801/12/6
f 7793/12/6 7794/12/6 7801/12/6
f 7794/12/6 7795/12/6 7801/12/6
f 7801/12/6 7796/12/6 7802/12/6
f 7802/12/6 7796/12/6 7803/12/6
f 7797/12/6 7798/12/6 7806/12/6
f 7798/12/6 7791/12/6 7807/12/6
f 7785/12/6 7781/12/6 7807/12/6
f 7806/12/6 7798/12/6 7807/12/6
f 7791/12/6 7785/12/6 7807/12/6
f 7807/12/6 7781/12/6 7808/12/6
f 7708/12/6 7799/12/6 7809/12/6
f 7809/12/6 7799/12/6 7810/12/6
f 7803/12/6 7804/12/6 7811/12/6
f 7802/12/6 7803/12/6 7811/12/6
f 7811/12/6 7804/12/6 7812/12/6
f 7812/12/6 7804/12/6 7813/12/6
f 7805/12/6 7806/12/6 7816/12/6
f 7806/12/6 7807/12/6 7816/12/6
f 7816/12/6 7807/12/6 7817/12/6
f 7817/12/6 7807/12/6 7818/12/6
f 7807/10/6 7808/10/6 7819/10/6
f 7818/12/6 7807/12/6 7819/12/6
f 7808/12/6 7781/12/6 7820/12/6
f 7819/10/6 7808/10/6 7820/10/6
f 7813/12/6 7814/12/6 7821/12/6
f 7812/12/6 7813/12/6 7821/12/6
f 7821/12/6 7814/12/6 7822/12/6
f 7822/12/6 7814/12/6 7823/12/6
f 7816/12/6 7817/12/6 7826/12/6
f 7815/12/6 7816/12/6 7826/12/6
f 7817/6/6 7818/6/6 7827/6/6
f 7826/12/6 7817/12/6 7827/12/6
f 7819/12/6 7820/12/6 7828/12/6
f 7827/6/6 7818/6/6 7828/6/6
f 7818/12/6 7819/12/6 7828/12/6
f 7823/12/6 7824/12/6 7829/12/6
f 7822/12/6 7823/12/6 7829/12/6
f 7829/12/6 7824/12/6 7830/12/6
f 7830/12/6 7824/12/6 7831/12/6
f 7826/12/6 7827/12/6 7836/12/6
f 7825/12/6 7826/12/6 7836/12/6
f 7827/12/6 7828/12/6 7836/12/6
f 7820/12/6 7781/12/6 7837/12/6
f 7828/12/6 7820/12/6 7837/12/6
f 7836/12/6 7828/12/6 7837/12/6
f 7837/12/6 7781/12/6 7838/12/6
f 7831/12/6 7832/12/6 7839/12/6
f 7830/12/6 7831/12/6 7839/12/6
f 7839/12/6 7832/12/6 7840/12/6
f 7840/12/6 7832/12/6 7841/12/6
f 7833/12/6 7834/12/6 7844/12/6
f 7834/11/6 7835/11/6 7845/11/6
f 7844/12/6 7834/12/6 7845/12/6
f 7835/12/6 7836/12/6 7846/12/6
f 7845/11/6 7835/11/6 7846/11/6
f 7836/12/6 7837/12/6 7846/12/6
f 7837/11/6 7838/11/6 7847/11/6
f 7846/12/6 7837/12/6 7847/12/6
f 7838/12/6 7781/12/6 7848/12/6
f 7847/11/6 7838/11/6 7848/11/6
f 7841/12/6 7842/12/6 7849/12/6
f 7840/12/6 7841/12/6 7849/12/6
f 7849/12/6 7842/12/6 7850/12/6
f 7850/12/6 7842/12/6 7851/12/6
f 7844/12/6 7845/12/6 7854/12/6
f 7843/12/6 7844/12/6 7854/12/6
f 7846/12/6 7847/12/6 7854/12/6
f 7845/12/6 7846/12/6 7854/12/6
f 7847/12/6 7848/12/6 7854/12/6
f 7854/12/6 7848/12/6 7855/12/6
f 7855/12/6 7848/12/6 7856/12/6
f 7856/12/6 7848/12/6 7857/12/6
f 7857/12/6 7848/12/6 7858/12/6
f 7851/12/6 7852/12/6 7859/12/6
f 7850/12/6 7851/12/6 7859/12/6
f 7859/12/6 7852/12/6 7860/12/6
f 7860/12/6 7852/12/6 7861/12/6
f 7853/12/6 7854/12/6 7864/12/6
f 7854/12/6 7855/12/6 7864/12/6
f 7864/12/6 7855/12/6 7865/12/6
f 7865/12/6 7855/12/6 7866/12/6
f 7855/9/6 7856/9/6 7867/9/6
f 7866/12/6 7855/12/6 7867/12/6
f 7856/12/6 7857/12/6 7868/12/6
f 7867/9/6 7856/9/6 7868/9/6
f 7857/9/6 7858/9/6 7869/9/6
f 7868/12/6 7857/12/6 7869/12/6
f 7858/12/6 7848/12/6 7870/12/6
f 7869/9/6 7858/9/6 7870/9/6
f 7861/12/6 7862/12/6 7871/12/6
f 7860/12/6 7861/12/6 7871/12/6
f 7871/12/6 7862/12/6 7872/12/6
f 7872/12/6 7862/12/6 7873/12/6
f 7873/12/6 7862/12/6 7874/12/6
f 7874/12/6 7862/12/6 7875/12/6
f 7864/12/6 7865/12/6 7876/12/6
f 7863/12/6 7864/12/6 7876/12/6
f 7865/6/6 7866/6/6 7877/6/6
f 7876/12/6 7865/12/6 7877/12/6
f 7868/12/6 7869/12/6 7878/12/6
f 7877/6/6 7866/6/6 7878/6/6
f 7867/12/6 7868/12/6 7878/12/6
f 7866/12/6 7867/12/6 7878/12/6
f 7869/12/6 7870/12/6 7878/12/6
f 7878/12/6 7870/12/6 7879/12/6
f 7879/12/6 7870/12/6 7880/12/6
f 7872/12/6 7873/12/6 7881/12/6
f 7881/12/6 7873/12/6 7882/12/6
f 7882/12/6 7873/12/6 7883/12/6
f 7883/12/6 7873/12/6 7884/12/6
f 7873/9/6 7874/9/6 7885/9/6
f 7884/12/6 7873/12/6 7885/12/6
f 7876/12/6 7877/12/6 7886/12/6
f 7885/9/6 7874/9/6 7886/9/6
f 7875/12/6 7876/12/6 7886/12/6
f 7874/12/6 7875/12/6 7886/12/6
f 7877/12/6 7878/12/6 7886/12/6
f 7878/12/6 7879/12/6 7886/12/6
f 7879/11/6 7880/11/6 7887/11/6
f 7886/12/6 7879/12/6 7887/12/6
f 7880/12/6 7870/12/6 7888/12/6
f 7887/11/6 7880/11/6 7888/11/6
f 7882/12/6 7883/12/6 7889/12/6
f 7889/12/6 7883/12/6 7890/12/6
f 7883/11/6 7884/11/6 7891/11/6
f 7890/12/6 7883/12/6 7891/12/6
f 7884/12/6 7885/12/6 7892/12/6
f 7891/11/6 7884/11/6 7892/11/6
f 7886/12/6 7887/12/6 7892/12/6
f 7885/12/6 7886/12/6 7892/12/6
f 7887/12/6 7888/12/6 7892/12/6
f 7890/12/6 7891/12/6 7893/12/6
f 7891/12/6 7892/12/6 7893/12/6
f 7892/12/6 7888/12/6 7894/12/6
f 7893/12/6 7892/12/6 7894/12/6
f 7894/12/6 7888/12/6 7895/12/6
f 7895/12/6 7888/12/6 7896/12/6
f 7870/12/6 7848/12/6 7897/12/6
f 7896/12/6 7888/12/6 7897/12/6
f 7888/12/6 7870/12/6 7897/12/6
f 7848/12/6 7781/12/6 7898/12/6
f 7897/12/6 7848/12/6 7898/12/6
f 7894/12/6 7895/12/6 7899/12/6
f 7899/12/6 7895/12/6 7900/12/6
f 7895/9/6 7896/9/6 7901/9/6
f 7900/12/6 7895/12/6 7901/12/6
f 7896/12/6 7897/12/6 7902/12/6
f 7901/9/6 7896/9/6 7902/9/6
f 7902/12/6 7897/12/6 7903/12/6
f 7903/12/6 7897/12/6 7904/12/6
f 7897/9/6 7898/9/6 7905/9/6
f 7904/12/6 7897/12/6 7905/12/6
f 7898/12/6 7781/12/6 7906/12/6
f 7905/9/6 7898/9/6 7906/9/6
f 7781/12/6 7775/12/6 7907/12/6
f 7906/12/6 7781/12/6 7907/12/6
f 7907/12/6 7775/12/6 7908/12/6
f 7900/12/6 7901/12/6 7909/12/6
f 7901/12/6 7902/12/6 7909/12/6
f 7902/12/6 7903/12/6 7909/12/6
f 7909/12/6 7903/12/6 7910/12/6
f 7903/11/6 7904/11/6 7911/11/6
f 7910/12/6 7903/12/6 7911/12/6
f 7905/12/6 7906/12/6 7912/12/6
f 7911/11/6 7904/11/6 7912/11/6
f 7904/12/6 7905/12/6 7912/12/6
f 7906/12/6 7907/12/6 7912/12/6
f 7912/12/6 7907/12/6 7913/12/6
f 7913/12/6 7907/12/6 7914/12/6
f 7907/6/6 7908/6/6 7915/6/6
f 7914/12/6 7907/12/6 7915/12/6
f 7908/12/6 7775/12/6 7916/12/6
f 7915/6/6 7908/6/6 7916/6/6
f 7910/12/6 7911/12/6 7917/12/6
f 7911/12/6 7912/12/6 7917/12/6
f 7912/12/6 7913/12/6 7917/12/6
f 7917/12/6 7913/12/6 7918/12/6
f 7913/9/6 7914/9/6 7919/9/6
f 7918/12/6 7913/12/6 7919/12/6
f 7914/12/6 7915/12/6 7920/12/6
f 7919/9/6 7914/9/6 7920/9/6
f 7915/12/6 7916/12/6 7920/12/6
f 7920/12/6 7916/12/6 7921/12/6
f 7921/12/6 7916/12/6 7922/12/6
f 7918/12/6 7919/12/6 7923/12/6
f 7919/12/6 7920/12/6 7923/12/6
f 7920/12/6 7921/12/6 7923/12/6
f 7923/12/6 7921/12/6 7924/12/6
f 7924/12/6 7921/12/6 7925/12/6
f 7925/12/6 7921/12/6 7926/12/6
f 7926/12/6 7921/12/6 7927/12/6
f 7927/12/6 7921/12/6 7928/12/6
f 7921/7/6 7922/7/6 7929/7/6
f 7928/12/6 7921/12/6 7929/12/6
f 7922/12/6 7916/12/6 7930/12/6
f 7929/7/6 7922/7/6 7930/7/6
f 7924/12/6 7925/12/6 7931/12/6
f 7931/12/6 7925/12/6 7932/12/6
f 7925/8/6 7926/8/6 7933/8/6
f 7932/12/6 7925/12/6 7933/12/6
f 7926/12/6 7927/12/6 7934/12/6
f 7933/8/6 7926/8/6 7934/8/6
f 7934/12/6 7927/12/6 7935/12/6
f 7935/12/6 7927/12/6 7936/12/6
f 7927/11/6 7928/11/6 7937/11/6
f 7936/12/6 7927/12/6 7937/12/6
f 7928/12/6 7929/12/6 7938/12/6
f 7937/11/6 7928/11/6 7938/11/6
f 7929/12/6 7930/12/6 7938/12/6
f 7938/12/6 7930/12/6 7939/12/6
f 7939/12/6 7930/12/6 7940/12/6
f 7934/12/6 7935/12/6 7941/12/6
f 7932/12/6 7933/12/6 7941/12/6
f 7933/12/6 7934/12/6 7941/12/6
f 7941/12/6 7935/12/6 7942/12/6
f 7942/12/6 7935/12/6 7943/12/6
f 7943/12/6 7935/12/6 7944/12/6
f 7935/7/6 7936/7/6 7945/7/6
f 7944/12/6 7935/12/6 7945/12/6
f 7936/12/6 7937/12/6 7946/12/6
f 7945/7/6 7936/7/6 7946/7/6
f 7938/12/6 7939/12/6 7946/12/6
f 7937/12/6 7938/12/6 7946/12/6
f 7940/12/6 7930/12/6 7947/12/6
f 7947/12/6 7930/12/6 7948/12/6
f 7930/12/6 7916/12/6 7949/12/6
f 7948/12/6 7930/12/6 7949/12/6
f 7949/12/6 7916/12/6 7950/12/6
f 7942/12/6 7943/12/6 7951/12/6
f 7951/12/6 7943/12/6 7952/12/6
f 7943/8/6 7944/8/6 7953/8/6
f 7952/12/6 7943/12/6 7953/12/6
f 7944/12/6 7945/12/6 7954/12/6
f 7953/8/6 7944/8/6 7954/8/6
f 7945/12/6 7946/12/6 7954/12/6
f 7946/12/6 7939/12/6 7955/12/6
f 7954/12/6 7946/12/6 7955/12/6
f 7939/7/6 7940/7/6 7955/7/6
f 7940/12/6 7947/12/6 7956/12/6
f 7955/7/6 7940/7/6 7956/7/6
f 7947/10/6 7948/10/6 7957/10/6
f 7956/12/6 7947/12/6 7957/12/6
f 7948/12/6 7949/12/6 7958/12/6
f 7957/10/6 7948/10/6 7958/10/6
f 7958/12/6 7949/12/6 7959/12/6
f 7959/12/6 7949/12/6 7960/12/6
f 7949/7/6 7950/7/6 7961/7/6
f 7960/12/6 7949/12/6 7961/12/6
f 7950/12/6 7916/12/6 7962/12/6
f 7961/7/6 7950/7/6 7962/7/6
f 7952/12/6 7953/12/6 7963/12/6
f 7955/12/6 7956/12/6 7963/12/6
f 7958/12/6 7959/12/6 7963/12/6
f 7957/12/6 7958/12/6 7963/12/6
f 7954/12/6 7955/12/6 7963/12/6
f 7953/12/6 7954/12/6 7963/12/6
f 7956/12/6 7957/12/6 7963/12/6
f 7963/12/6 7959/12/6 7964/12/6
f 7964/12/6 7959/12/6 7965/12/6
f 7965/12/6 7959/12/6 7966/12/6
f 7959/11/6 7960/11/6 7967/11/6
f 7966/12/6 7959/12/6 7967/12/6
f 7961/12/6 7962/12/6 7968/12/6
f 7967/11/6 7960/11/6 7968/11/6
f 7960/12/6 7961/12/6 7968/12/6
f 7964/12/6 7965/12/6 7969/12/6
f 7969/12/6 7965/12/6 7970/12/6
f 7965/9/6 7966/9/6 7971/9/6
f 7970/12/6 7965/12/6 7971/12/6
f 7966/12/6 7967/12/6 7972/12/6
f 7971/9/6 7966/9/6 7972/9/6
f 7967/12/6 7968/12/6 7972/12/6
f 7972/12/6 7968/12/6 7973/12/6
f 7973/12/6 7968/12/6 7974/12/6
f 7974/12/6 7968/12/6 7975/12/6
f 7975/12/6 7968/12/6 7976/12/6
f 7970/12/6 7971/12/6 7977/12/6
f 7971/12/6 7972/12/6 7977/12/6
f 7972/12/6 7973/12/6 7977/12/6
f 7977/12/6 7973/12/6 7978/12/6
f 7973/9/6 7974/9/6 7979/9/6
f 7978/12/6 7973/12/6 7979/12/6
f 7974/12/6 7975/12/6 7980/12/6
f 7979/9/6 7974/9/6 7980/9/6
f 7975/10/6 7976/10/6 7981/10/6
f 7980/12/6 7975/12/6 7981/12/6
f 7976/12/6 7968/12/6 7982/12/6
f 7981/10/6 7976/10/6 7982/10/6
f 7980/12/6 7981/12/6 7983/12/6
f 7979/12/6 7980/12/6 7983/12/6
f 7981/12/6 7982/12/6 7983/12/6
f 7978/12/6 7979/12/6 7983/12/6
f 7983/12/6 7982/12/6 7984/12/6
f 7984/12/6 7982/12/6 7985/12/6
f 7985/12/6 7982/12/6 7986/12/6
f 7986/12/6 7982/12/6 7987/12/6
f 7987/12/6 7982/12/6 7988/12/6
f 7962/12/6 7916/12/6 7989/12/6
f 7988/12/6 7982/12/6 7989/12/6
f 7982/12/6 7968/12/6 7989/12/6
f 7968/12/6 7962/12/6 7989/12/6
f 7989/12/6 7916/12/6 7990/12/6
f 7986/12/6 7987/12/6 7991/12/6
f 7991/12/6 7987/12/6 7992/12/6
f 7987/6/6 7988/6/6 7993/6/6
f 7992/12/6 7987/12/6 7993/12/6
f 7988/12/6 7989/12/6 7994/12/6
f 7993/6/6 7988/6/6 7994/6/6
f 7994/12/6 7989/12/6 7995/12/6
f 7995/12/6 7989/12/6 7996/12/6
f 7996/12/6 7989/12/6 7997/12/6
f 7997/12/6 7989/12/6 7998/12/6
f 7989/11/6 7990/11/6 7999/11/6
f 7998/12/6 7989/12/6 7999/12/6
f 7990/12/6 7916/12/6 8000/12/6
f 7999/11/6 7990/11/6 8000/11/6
f 7992/12/6 7993/12/6 8001/12/6
f 7993/12/6 7994/12/6 8001/12/6
f 7994/12/6 7995/12/6 8001/12/6
f 8001/12/6 7995/12/6 8002/12/6
f 8002/12/6 7995/12/6 8003/12/6
f 8003/12/6 7995/12/6 8004/12/6
f 7995/11/6 7996/11/6 8005/11/6
f 8004/12/6 7995/12/6 8005/12/6
f 7996/12/6 7997/12/6 8006/12/6
f 8005/11/6 7996/11/6 8006/11/6
f 8006/12/6 7997/12/6 8007/12/6
f 8007/12/6 7997/12/6 8008/12/6
f 7997/9/6 7998/9/6 8009/9/6
f 8008/12/6 7997/12/6 8009/12/6
f 7998/12/6 7999/12/6 8010/12/6
f 8009/9/6 7998/9/6 8010/9/6
f 7999/12/6 8000/12/6 8010/12/6
f 8002/12/6 8003/12/6 8011/12/6
f 8011/12/6 8003/12/6 8012/12/6
f 8003/6/6 8004/6/6 8013/6/6
f 8012/12/6 8003/12/6 8013/12/6
f 8006/12/6 8007/12/6 8014/12/6
f 8013/6/6 8004/6/6 8014/6/6
f 8004/12/6 8005/12/6 8014/12/6
f 8005/12/6 8006/12/6 8014/12/6
f 8014/12/6 8007/12/6 8015/12/6
f 8015/12/6 8007/12/6 8016/12/6
f 8007/11/6 8008/11/6 8017/11/6
f 8016/12/6 8007/12/6 8017/12/6
f 8008/12/6 8009/12/6 8018/12/6
f 8017/11/6 8008/11/6 8018/11/6
f 8009/12/6 8010/12/6 8018/12/6
f 8012/12/6 8013/12/6 8019/12/6
f 8014/12/6 8015/12/6 8019/12/6
f 8013/12/6 8014/12/6 8019/12/6
f 8019/12/6 8015/12/6 8020/12/6
f 8015/6/6 8016/6/6 8021/6/6
f 8020/12/6 8015/12/6 8021/12/6
f 8016/12/6 8017/12/6 8022/12/6
f 8021/6/6 8016/6/6 8022/6/6
f 8017/12/6 8018/12/6 8022/12/6
f 8018/12/6 8010/12/6 8023/12/6
f 8022/12/6 8018/12/6 8023/12/6
f 8010/12/6 8000/12/6 8023/12/6
f 8023/12/6 8000/12/6 8024/12/6
f 8020/12/6 8021/12/6 8025/12/6
f 8021/12/6 8022/12/6 8025/12/6
f 8022/12/6 8023/12/6 8025/12/6
f 8025/12/6 8023/12/6 8026/12/6
f 8023/11/6 8024/11/6 8027/11/6
f 8026/12/6 8023/12/6 8027/12/6
f 8024/12/6 8000/12/6 8028/12/6
f 8027/11/6 8024/11/6 8028/11/6
f 8026/12/6 8027/12/6 8029/12/6
f 8027/12/6 8028/12/6 8029/12/6
f 8029/12/6 8028/12/6 8030/12/6
f 8030/12/6 8028/12/6 8031/12/6
f 8031/12/6 8028/12/6 8032/12/6
f 7775/12/6 7759/12/6 8033/12/6
f 8032/12/6 8028/12/6 8033/12/6
f 7916/12/6 7775/12/6 8033/12/6
f 8000/12/6 7916/12/6 8033/12/6
f 8028/12/6 8000/12/6 8033/12/6
f 8033/12/6 7759/12/6 8034/12/6
f 8032/12/6 8033/12/6 8035/12/6
f 8035/12/6 8033/12/6 8036/12/6
f 8036/12/6 8033/12/6 8037/12/6
f 8037/12/6 8033/12/6 8038/12/6
f 8038/12/6 8033/12/6 8039/12/6
f 8039/12/6 8033/12/6 8040/12/6
f 8040/12/6 8033/12/6 8041/12/6
f 8041/12/6 8033/12/6 8042/12/6
f 8042/12/6 8033/12/6 8043/12/6
f 8043/12/6 8033/12/6 8044/12/6
f 8033/7/6 8034/7/6 8045/7/6
f 8044/12/6 8033/12/6 8045/12/6
f 8034/12/6 7759/12/6 8046/12/6
f 8045/7/6 8034/7/6 8046/7/6
f 7759/12/6 7737/12/6 8047/12/6
f 8046/12/6 7759/12/6 8047/12/6
f 8047/12/6 7737/12/6 8048/12/6
f 8036/12/6 8037/12/6 8049/12/6
f 8037/9/6 8038/9/6 8050/9/6
f 8049/12/6 8037/12/6 8050/12/6
f 8038/12/6 8039/12/6 8051/12/6
f 8050/9/6 8038/9/6 8051/9/6
f 8051/12/6 8039/12/6 8052/12/6
f 8039/11/6 8040/11/6 8053/11/6
f 8052/12/6 8039/12/6 8053/12/6
f 8040/12/6 8041/12/6 8054/12/6
f 8053/11/6 8040/11/6 8054/11/6
f 8054/12/6 8041/12/6 8055/12/6
f 8055/12/6 8041/12/6 8056/12/6
f 8056/12/6 8041/12/6 8057/12/6
f 8041/9/6 8042/9/6 8058/9/6
f 8057/12/6 8041/12/6 8058/12/6
f 8042/12/6 8043/12/6 8059/12/6
f 8058/9/6 8042/9/6 8059/9/6
f 8059/12/6 8043/12/6 8060/12/6
f 8045/12/6 8046/12/6 8061/12/6
f 8044/12/6 8045/12/6 8061/12/6
f 8046/12/6 8047/12/6 8061/12/6
f 8061/12/6 8047/12/6 8062/12/6
f 8062/12/6 8047/12/6 8063/12/6
f 8063/12/6 8047/12/6 8064/12/6
f 8054/12/6 8055/12/6 8065/12/6
f 8053/12/6 8054/12/6 8065/12/6
f 8052/12/6 8053/12/6 8065/12/6
f 8065/12/6 8055/12/6 8066/12/6
f 8066/12/6 8055/12/6 8067/12/6
f 8067/12/6 8055/12/6 8068/12/6
f 8055/7/6 8056/7/6 8069/7/6
f 8068/12/6 8055/12/6 8069/12/6
f 8056/12/6 8057/12/6 8070/12/6
f 8069/7/6 8056/7/6 8070/7/6
f 8070/12/6 8057/12/6 8071/12/6
f 8071/12/6 8057/12/6 8072/12/6
f 8062/12/6 8063/12/6 8073/12/6
f 8073/12/6 8063/12/6 8074/12/6
f 8066/12/6 8067/12/6 8075/12/6
f 8075/12/6 8067/12/6 8076/12/6
f 8067/7/6 8068/7/6 8077/7/6
f 8076/12/6 8067/12/6 8077/12/6
f 8068/12/6 8069/12/6 8078/12/6
f 8077/7/6 8068/7/6 8078/7/6
f 8070/12/6 8071/12/6 8078/12/6
f 8069/12/6 8070/12/6 8078/12/6
f 8078/12/6 8071/12/6 8079/12/6
f 8079/12/6 8071/12/6 8080/12/6
f 8080/12/6 8071/12/6 8081/12/6
f 8079/12/6 8080/12/6 8082/12/6
f 8082/12/6 8080/12/6 8083/12/6
f 8083/12/6 8080/12/6 8084/12/6
f 8084/12/6 8080/12/6 8085/12/6
f 8086/12/6 8087/12/6 8089/12/6
f 8089/12/6 8087/12/6 8090/12/6
f 8088/12/6 8089/12/6 8093/12/6
f 8090/12/6 8091/12/6 8093/12/6
f 8089/12/6 8090/12/6 8093/12/6
f 8093/12/6 8091/12/6 8094/12/6
f 8092/12/6 8093/12/6 8096/12/6
f 8094/12/6 8095/12/6 8096/12/6
f 8093/12/6 8094/12/6 8096/12/6
f 8096/12/6 8095/12/6 8097/12/6
f 8097/12/6 8095/12/6 8098/12/6
f 8092/12/6 8096/12/6 8100/12/6
f 8096/11/6 8097/11/6 8100/11/6
f 8098/12/6 8099/12/6 8101/12/6
f 8100/11/6 8097/11/6 8101/11/6
f 8097/12/6 8098/12/6 8101/12/6
f 8101/12/6 8099/12/6 8102/12/6
f 8100/12/6 8101/12/6 8104/12/6
f 8102/12/6 8103/12/6 8104/12/6
f 8101/12/6 8102/12/6 8104/12/6
f 8104/12/6 8105/12/6 8106/12/6
f 8106/12/6 8107/12/6 8108/12/6
f 8108/12/6 8109/12/6 8110/12/6
f 8110/12/6 8111/12/6 8112/12/6
f 8112/12/6 8113/12/6 8114/12/6
f 8114/12/6 8115/12/6 8116/12/6
f 8116/12/6 8117/12/6 8118/12/6
f 8118/12/6 8119/12/6 8120/12/6
f 8092/12/6 8100/12/6 8122/12/6
f 8120/12/6 8121/12/6 8122/12/6
f 8118/12/6 8120/12/6 8122/12/6
f 8116/12/6 8118/12/6 8122/12/6
f 8114/12/6 8116/12/6 8122/12/6
f 8112/12/6 8114/12/6 8122/12/6
f 8110/12/6 8112/12/6 8122/12/6
f 8108/12/6 8110/12/6 8122/12/6
f 8106/12/6 8108/12/6 8122/12/6
f 8104/12/6 8106/12/6 8122/12/6
f 8100/12/6 8104/12/6 8122/12/6
f 8122/12/6 8121/12/6 8123/12/6
f 8123/12/6 8121/12/6 8124/12/6
f 8092/12/6 8122/12/6 8126/12/6
f 8122/10/6 8123/10/6 8126/10/6
f 8124/12/6 8125/12/6 8127/12/6
f 8126/10/6 8123/10/6 8127/10/6
f 8123/12/6 8124/12/6 8127/12/6
f 8127/12/6 8125/12/6 8128/12/6
f 8128/12/6 8125/12/6 8129/12/6
f 8129/12/6 8125/12/6 8130/12/6
f 8126/12/6 8127/12/6 8132/12/6
f 8127/12/6 8128/12/6 8132/12/6
f 8128/7/6 8129/7/6 8132/7/6
f 8130/12/6 8131/12/6 8133/12/6
f 8132/7/6 8129/7/6 8133/7/6
f 8129/12/6 8130/12/6 8133/12/6
f 8133/12/6 8131/12/6 8134/12/6
f 8126/12/6 8132/12/6 8136/12/6
f 8134/12/6 8135/12/6 8136/12/6
f 8133/12/6 8134/12/6 8136/12/6
f 8132/12/6 8133/12/6 8136/12/6
f 8136/12/6 8135/12/6 8137/12/6
f 8137/12/6 8135/12/6 8138/12/6
f 8126/12/6 8136/12/6 8140/12/6
f 8136/11/6 8137/11/6 8140/11/6
f 8138/12/6 8139/12/6 8141/12/6
f 8140/11/6 8137/11/6 8141/11/6
f 8137/12/6 8138/12/6 8141/12/6
f 8141/12/6 8139/12/6 8142/12/6
f 8140/12/6 8141/12/6 8144/12/6
f 8142/12/6 8143/12/6 8144/12/6
f 8141/12/6 8142/12/6 8144/12/6
f 8144/12/6 8143/12/6 8145/12/6
f 8145/12/6 8143/12/6 8146/12/6
f 8092/12/6 8126/12/6 8148/12/6
f 8126/12/6 8140/12/6 8148/12/6
f 8140/12/6 8144/12/6 8148/12/6
f 8148/12/6 8144/12/6 8149/12/6
f 8144/9/6 8145/9/6 8150/9/6
f 8149/12/6 8144/12/6 8150/12/6
f 8146/12/6 8147/12/6 8151/12/6
f 8150/9/6 8145/9/6 8151/9/6
f 8145/12/6 8146/12/6 8151/12/6
f 8151/12/6 8147/12/6 8152/12/6
f 8092/12/6 8148/12/6 8154/12/6
f 8154/12/6 8148/12/6 8155/12/6
f 8149/12/6 8150/12/6 8156/12/6
f 8152/12/6 8153/12/6 8156/12/6
f 8151/12/6 8152/12/6 8156/12/6
f 8150/12/6 8151/12/6 8156/12/6
f 8156/12/6 8153/12/6 8157/12/6
f 8157/12/6 8153/12/6 8158/12/6
f 8158/12/6 8159/12/6 8160/12/6
f 8157/12/6 8158/12/6 8160/12/6
f 8160/12/6 8159/12/6 8161/12/6
f 8161/12/6 8159/12/6 8162/12/6
f 8162/12/6 8159/12/6 8163/12/6
f 8163/12/6 8159/12/6 8164/12/6
f 8161/12/6 8162/12/6 8166/12/6
f 8166/12/6 8162/12/6 8167/12/6
f 8162/9/6 8163/9/6 8168/9/6
f 8167/12/6 8162/12/6 8168/12/6
f 8164/12/6 8165/12/6 8169/12/6
f 8168/9/6 8163/9/6 8169/9/6
f 8163/12/6 8164/12/6 8169/12/6
f 8169/12/6 8165/12/6 8170/12/6
f 8167/12/6 8168/12/6 8172/12/6
f 8170/12/6 8171/12/6 8172/12/6
f 8169/12/6 8170/12/6 8172/12/6
f 8168/12/6 8169/12/6 8172/12/6
f 8172/12/6 8171/12/6 8173/12/6
f 8173/12/6 8171/12/6 8174/12/6
f 8174/12/6 8171/12/6 8175/12/6
f 8175/12/6 8171/12/6 8176/12/6
f 8173/12/6 8174/12/6 8178/12/6
f 8178/12/6 8174/12/6 8179/12/6
f 8174/7/6 8175/7/6 8180/7/6
f 8179/12/6 8174/12/6 8180/12/6
f 8176/12/6 8177/12/6 8181/12/6
f 8180/7/6 8175/7/6 8181/7/6
f 8175/12/6 8176/12/6 8181/12/6
f 8181/12/6 8177/12/6 8182/12/6
f 8179/12/6 8180/12/6 8184/12/6
f 8182/12/6 8183/12/6 8184/12/6
f 8181/12/6 8182/12/6 8184/12/6
f 8180/12/6 8181/12/6 8184/12/6
f 8184/12/6 8183/12/6 8185/12/6
f 8185/12/6 8183/12/6 8186/12/6
f 8186/12/6 8187/12/6 8188/12/6
f 8185/12/6 8186/12/6 8188/12/6
f 8188/12/6 8187/12/6 8189/12/6
f 8189/12/6 8187/12/6 8190/12/6
f 8190/12/6 8191/12/6 8192/12/6
f 8189/12/6 8190/12/6 8192/12/6
f 8192/12/6 8191/12/6 8193/12/6
f 8193/12/6 8191/12/6 8194/12/6
f 8194/12/6 8191/12/6 8195/12/6
f 8195/12/6 8191/12/6 8196/12/6
f 8193/12/6 8194/12/6 8198/12/6
f 8194/9/6 8195/9/6 8199/9/6
f 8198/12/6 8194/12/6 8199/12/6
f 8196/12/6 8197/12/6 8200/12/6
f 8199/9/6 8195/9/6 8200/9/6
f 8195/12/6 8196/12/6 8200/12/6
f 8200/12/6 8197/12/6 8201/12/6
f 8201/12/6 8197/12/6 8202/12/6
f 8202/12/6 8197/12/6 8203/12/6
f 8200/12/6 8201/12/6 8207/12/6
f 8207/12/6 8201/12/6 8208/12/6
f 8201/11/6 8202/11/6 8209/11/6
f 8208/12/6 8201/12/6 8209/12/6
f 8203/12/6 8204/12/6 8210/12/6
f 8209/11/6 8202/11/6 8210/11/6
f 8202/12/6 8203/12/6 8210/12/6
f 8210/12/6 8204/12/6 8211/12/6
f 8211/12/6 8204/12/6 8212/12/6
f 8204/7/6 8205/7/6 8213/7/6
f 8212/12/6 8204/12/6 8213/12/6
f 8205/12/6 8206/12/6 8214/12/6
f 8213/7/6 8205/7/6 8214/7/6
f 8214/12/6 8206/12/6 8215/12/6
f 8208/12/6 8209/12/6 8221/12/6
f 8209/12/6 8210/12/6 8221/12/6
f 8210/12/6 8211/12/6 8221/12/6
f 8221/12/6 8211/12/6 8222/12/6
f 8211/6/6 8212/6/6 8223/6/6
f 8222/12/6 8211/12/6 8223/12/6
f 8212/12/6 8213/12/6 8224/12/6
f 8223/6/6 8212/6/6 8224/6/6
f 8215/12/6 8216/12/6 8224/12/6
f 8214/12/6 8215/12/6 8224/12/6
f 8213/12/6 8214/12/6 8224/12/6
f 8224/12/6 8216/12/6 8225/12/6
f 8217/12/6 8218/12/6 8228/12/6
f 8228/12/6 8218/12/6 8229/12/6
f 8219/12/6 8220/12/6 8232/12/6
f 8222/12/6 8223/12/6 8233/12/6
f 8225/12/6 8226/12/6 8233/12/6
f 8223/12/6 8224/12/6 8233/12/6
f 8224/12/6 8225/12/6 8233/12/6
f 8233/12/6 8226/12/6 8234/12/6
f 8234/12/6 8226/12/6 8235/12/6
f 8235/12/6 8226/12/6 8236/12/6
f 8236/12/6 8226/12/6 8237/12/6
f 8237/12/6 8226/12/6 8238/12/6
f 8238/12/6 8226/12/6 8239/12/6
f 8229/12/6 8230/12/6 8242/12/6
f 8228/12/6 8229/12/6 8242/12/6
f 8227/12/6 8228/12/6 8242/12/6
f 8242/12/6 8230/12/6 8243/12/6
f 8231/12/6 8232/12/6 8244/12/6
f 8236/12/6 8237/12/6 8245/12/6
f 8245/12/6 8237/12/6 8246/12/6
f 8246/12/6 8237/12/6 8247/12/6
f 8247/12/6 8237/12/6 8248/12/6
f 8237/10/6 8238/10/6 8249/10/6
f 8248/12/6 8237/12/6 8249/12/6
f 8239/12/6 8240/12/6 8250/12/6
f 8249/10/6 8238/10/6 8250/10/6
f 8238/12/6 8239/12/6 8250/12/6
f 8250/12/6 8240/12/6 8251/12/6
f 8242/12/6 8243/12/6 8256/12/6
f 8243/12/6 8244/12/6 8256/12/6
f 8241/12/6 8242/12/6 8256/12/6
f 8256/12/6 8244/12/6 8257/12/6
f 8257/12/6 8244/12/6 8258/12/6
f 8246/12/6 8247/12/6 8259/12/6
f 8259/12/6 8247/12/6 8260/12/6
f 8247/11/6 8248/11/6 8261/11/6
f 8260/12/6 8247/12/6 8261/12/6
f 8248/12/6 8249/12/6 8262/12/6
f 8261/11/6 8248/11/6 8262/11/6
f 8251/12/6 8252/12/6 8262/12/6
f 8249/12/6 8250/12/6 8262/12/6
f 8250/12/6 8251/12/6 8262/12/6
f 8262/12/6 8252/12/6 8263/12/6
f 8263/12/6 8252/12/6 8264/12/6
f 8252/7/6 8253/7/6 8265/7/6
f 8264/12/6 8252/12/6 8265/12/6
f 8253/12/6 8254/12/6 8266/12/6
f 8265/7/6 8253/7/6 8266/7/6
f 8266/12/6 8254/12/6 8267/12/6
f 8256/12/6 8257/12/6 8270/12/6
f 8255/12/6 8256/12/6 8270/12/6
f 8257/8/6 8258/8/6 8271/8/6
f 8270/12/6 8257/12/6 8271/12/6
f 8258/12/6 8244/12/6 8272/12/6
f 8271/8/6 8258/8/6 8272/8/6
f 8260/12/6 8261/12/6 8273/12/6
f 8261/12/6 8262/12/6 8273/12/6
f 8262/12/6 8263/12/6 8273/12/6
f 8273/12/6 8263/12/6 8274/12/6
f 8263/8/6 8264/8/6 8275/8/6
f 8274/12/6 8263/12/6 8275/12/6
f 8264/12/6 8265/12/6 8276/12/6
f 8275/8/6 8264/8/6 8276/8/6
f 8267/12/6 8268/12/6 8276/12/6
f 8266/12/6 8267/12/6 8276/12/6
f 8265/12/6 8266/12/6 8276/12/6
f 8268/11/6 8269/11/6 8277/11/6
f 8276/12/6 8268/12/6 8277/12/6
f 8270/12/6 8271/12/6 8278/12/6
f 8277/11/6 8269/11/6 8278/11/6
f 8271/12/6 8272/12/6 8278/12/6
f 8269/12/6 8270/12/6 8278/12/6
f 8274/12/6 8275/12/6 8279/12/6
f 8276/12/6 8277/12/6 8279/12/6
f 8275/12/6 8276/12/6 8279/12/6
f 8279/12/6 8277/12/6 8280/12/6
f 8280/12/6 8277/12/6 8281/12/6
f 8281/12/6 8277/12/6 8282/12/6
f 8282/12/6 8277/12/6 8283/12/6
f 8283/12/6 8277/12/6 8284/12/6
f 8277/6/6 8278/6/6 8285/6/6
f 8284/12/6 8277/12/6 8285/12/6
f 8278/12/6 8272/12/6 8286/12/6
f 8285/6/6 8278/6/6 8286/6/6
f 8280/12/6 8281/12/6 8287/12/6
f 8287/12/6 8281/12/6 8288/12/6
f 8281/8/6 8282/8/6 8289/8/6
f 8288/12/6 8281/12/6 8289/12/6
f 8282/12/6 8283/12/6 8290/12/6
f 8289/8/6 8282/8/6 8290/8/6
f 8283/9/6 8284/9/6 8291/9/6
f 8290/12/6 8283/12/6 8291/12/6
f 8284/12/6 8285/12/6 8292/12/6
f 8291/9/6 8284/9/6 8292/9/6
f 8285/12/6 8286/12/6 8292/12/6
f 8286/12/6 8272/12/6 8293/12/6
f 8292/12/6 8286/12/6 8293/12/6
f 8293/12/6 8272/12/6 8294/12/6
f 8294/12/6 8272/12/6 8295/12/6
f 8295/12/6 8272/12/6 8296/12/6
f 8296/12/6 8272/12/6 8297/12/6
f 8297/12/6 8272/12/6 8298/12/6
f 8290/12/6 8291/12/6 8299/12/6
f 8289/12/6 8290/12/6 8299/12/6
f 8291/12/6 8292/12/6 8299/12/6
f 8288/12/6 8289/12/6 8299/12/6
f 8292/12/6 8293/12/6 8299/12/6
f 8299/12/6 8293/12/6 8300/12/6
f 8300/12/6 8293/12/6 8301/12/6
f 8301/12/6 8293/12/6 8302/12/6
f 8302/12/6 8293/12/6 8303/12/6
f 8303/12/6 8293/12/6 8304/12/6
f 8293/11/6 8294/11/6 8305/11/6
f 8304/12/6 8293/12/6 8305/12/6
f 8294/12/6 8295/12/6 8306/12/6
f 8305/11/6 8294/11/6 8306/11/6
f 8306/12/6 8295/12/6 8307/12/6
f 8307/12/6 8295/12/6 8308/12/6
f 8295/7/6 8296/7/6 8309/7/6
f 8308/12/6 8295/12/6 8309/12/6
f 8296/12/6 8297/12/6 8310/12/6
f 8309/7/6 8296/7/6 8310/7/6
f 8297/9/6 8298/9/6 8311/9/6
f 8310/12/6 8297/12/6 8311/12/6
f 8298/12/6 8272/12/6 8312/12/6
f 8311/9/6 8298/9/6 8312/9/6
f 8300/12/6 8301/12/6 8313/12/6
f 8313/12/6 8301/12/6 8314/12/6
f 8301/8/6 8302/8/6 8315/8/6
f 8314/12/6 8301/12/6 8315/12/6
f 8302/12/6 8303/12/6 8316/12/6
f 8315/8/6 8302/8/6 8316/8/6
f 8303/11/6 8304/11/6 8317/11/6
f 8316/12/6 8303/12/6 8317/12/6
f 8304/12/6 8305/12/6 8318/12/6
f 8317/11/6 8304/11/6 8318/11/6
f 8305/12/6 8306/12/6 8318/12/6
f 8306/12/6 8307/12/6 8318/12/6
f 8307/7/6 8308/7/6 8319/7/6
f 8318/12/6 8307/12/6 8319/12/6
f 8310/12/6 8311/12/6 8320/12/6
f 8319/7/6 8308/7/6 8320/7/6
f 8309/12/6 8310/12/6 8320/12/6
f 8308/12/6 8309/12/6 8320/12/6
f 8311/12/6 8312/12/6 8320/12/6
f 8320/12/6 8312/12/6 8321/12/6
f 8321/12/6 8312/12/6 8322/12/6
f 8318/12/6 8319/12/6 8323/12/6
f 8314/12/6 8315/12/6 8323/12/6
f 8317/12/6 8318/12/6 8323/12/6
f 8320/12/6 8321/12/6 8323/12/6
f 8319/12/6 8320/12/6 8323/12/6
f 8316/12/6 8317/12/6 8323/12/6
f 8315/12/6 8316/12/6 8323/12/6
f 8323/12/6 8321/12/6 8324/12/6
f 8321/9/6 8322/9/6 8325/9/6
f 8324/12/6 8321/12/6 8325/12/6
f 8322/12/6 8312/12/6 8326/12/6
f 8325/9/6 8322/9/6 8326/9/6
f 8324/12/6 8325/12/6 8327/12/6
f 8325/12/6 8326/12/6 8327/12/6
f 8327/12/6 8326/12/6 8328/12/6
f 8328/12/6 8326/12/6 8329/12/6
f 8329/12/6 8326/12/6 8330/12/6
f 8328/12/6 8329/12/6 8331/12/6
f 8331/12/6 8329/12/6 8332/12/6
f 8329/10/6 8330/10/6 8333/10/6
f 8332/12/6 8329/12/6 8333/12/6
f 8330/12/6 8326/12/6 8334/12/6
f 8333/10/6 8330/10/6 8334/10/6
f 8334/12/6 8326/12/6 8335/12/6
f 8335/12/6 8326/12/6 8336/12/6
f 8332/12/6 8333/12/6 8337/12/6
f 8333/12/6 8334/12/6 8337/12/6
f 8334/12/6 8335/12/6 8337/12/6
f 8337/12/6 8335/12/6 8338/12/6
f 8338/12/6 8335/12/6 8339/12/6
f 8339/12/6 8335/12/6 8340/12/6
f 8335/11/6 8336/11/6 8341/11/6
f 8340/12/6 8335/12/6 8341/12/6
f 8336/12/6 8326/12/6 8342/12/6
f 8341/11/6 8336/11/6 8342/11/6
f 8338/12/6 8339/12/6 8343/12/6
f 8339/6/6 8340/6/6 8344/6/6
f 8343/12/6 8339/12/6 8344/12/6
f 8340/12/6 8341/12/6 8345/12/6
f 8344/6/6 8340/6/6 8345/6/6
f 8341/12/6 8342/12/6 8345/12/6
f 8326/12/6 8312/12/6 8346/12/6
f 8345/12/6 8342/12/6 8346/12/6
f 8272/12/6 8244/12/6 8346/12/6
f 8342/12/6 8326/12/6 8346/12/6
f 8312/12/6 8272/12/6 8346/12/6
f 8346/12/6 8244/12/6 8347/12/6
f 8345/12/6 8346/12/6 8348/12/6
f 8348/12/6 8346/12/6 8349/12/6
f 8349/12/6 8346/12/6 8350/12/6
f 8350/12/6 8346/12/6 8351/12/6
f 8346/7/6 8347/7/6 8352/7/6
f 8351/12/6 8346/12/6 8352/12/6
f 8347/12/6 8244/12/6 8353/12/6
f 8352/7/6 8347/7/6 8353/7/6
f 8349/12/6 8350/12/6 8354/12/6
f 8354/12/6 8350/12/6 8355/12/6
f 8351/12/6 8352/12/6 8356/12/6
f 8352/12/6 8353/12/6 8356/12/6
f 8356/12/6 8353/12/6 8357/12/6
f 8357/12/6 8353/12/6 8358/12/6
f 8358/12/6 8353/12/6 8359/12/6
f 8359/12/6 8353/12/6 8360/12/6
f 8360/12/6 8353/12/6 8361/12/6
f 8361/12/6 8353/12/6 8362/12/6
f 8362/12/6 8353/12/6 8363/12/6
f 8363/12/6 8353/12/6 8364/12/6
f 8364/12/6 8353/12/6 8365/12/6
f 8365/12/6 8353/12/6 8366/12/6
f 8366/12/6 8353/12/6 8367/12/6
f 8367/12/6 8353/12/6 8368/12/6
f 8368/12/6 8353/12/6 8369/12/6
f 8353/12/6 8244/12/6 8370/12/6
f 8369/12/6 8353/12/6 8370/12/6
f 8370/12/6 8244/12/6 8371/12/6
f 8244/12/6 8232/12/6 8372/12/6
f 8371/12/6 8244/12/6 8372/12/6
f 8372/12/6 8232/12/6 8373/12/6
f 8232/12/6 8220/12/6 8374/12/6
f 8373/12/6 8232/12/6 8374/12/6
f 8375/12/6 8376/12/6 8378/12/6
f 8378/12/6 8376/12/6 8379/12/6
f 8377/12/6 8378/12/6 8381/12/6
f 8379/12/6 8380/12/6 8381/12/6
f 8378/12/6 8379/12/6 8381/12/6
f 8381/12/6 8382/12/6 8383/12/6
f 8383/12/6 8384/12/6 8385/12/6
f 8377/12/6 8381/12/6 8387/12/6
f 8385/12/6 8386/12/6 8387/12/6
f 8383/12/6 8385/12/6 8387/12/6
f 8381/12/6 8383/12/6 8387/12/6
f 8387/12/6 8386/12/6 8388/12/6
f 8388/12/6 8386/12/6 8389/12/6
f 8377/12/6 8387/12/6 8391/12/6
f 8387/10/6 8388/10/6 8391/10/6
f 8389/12/6 8390/12/6 8392/12/6
f 8391/10/6 8388/10/6 8392/10/6
f 8388/12/6 8389/12/6 8392/12/6
f 8392/12/6 8390/12/6 8393/12/6
f 8391/12/6 8392/12/6 8395/12/6
f 8393/12/6 8394/12/6 8395/12/6
f 8392/12/6 8393/12/6 8395/12/6
f 8395/12/6 8396/12/6 8397/12/6
f 8397/12/6 8398/12/6 8399/12/6
f 8391/12/6 8395/12/6 8401/12/6
f 8399/12/6 8400/12/6 8401/12/6
f 8397/12/6 8399/12/6 8401/12/6
f 8395/12/6 8397/12/6 8401/12/6
f 8401/12/6 8400/12/6 8402/12/6
f 8402/12/6 8400/12/6 8403/12/6
f 8391/12/6 8401/12/6 8405/12/6
f 8401/11/6 8402/11/6 8405/11/6
f 8403/12/6 8404/12/6 8406/12/6
f 8405/11/6 8402/11/6 8406/11/6
f 8402/12/6 8403/12/6 8406/12/6
f 8406/12/6 8404/12/6 8407/12/6
f 8407/12/6 8404/12/6 8408/12/6
f 8408/12/6 8404/12/6 8409/12/6
f 8405/12/6 8406/12/6 8411/12/6
f 8406/12/6 8407/12/6 8411/12/6
f 8407/10/6 8408/10/6 8411/10/6
f 8409/12/6 8410/12/6 8412/12/6
f 8411/10/6 8408/10/6 8412/10/6
f 8408/12/6 8409/12/6 8412/12/6
f 8412/12/6 8410/12/6 8413/12/6
f 8391/12/6 8405/12/6 8417/12/6
f 8405/12/6 8411/12/6 8417/12/6
f 8411/12/6 8412/12/6 8417/12/6
f 8413/12/6 8414/12/6 8417/12/6
f 8412/12/6 8413/12/6 8417/12/6
f 8417/12/6 8414/12/6 8418/12/6
f 8414/8/6 8415/8/6 8419/8/6
f 8418/12/6 8414/12/6 8419/12/6
f 8415/12/6 8416/12/6 8420/12/6
f 8419/8/6 8415/8/6 8420/8/6
f 8420/12/6 8416/12/6 8421/12/6
f 8417/10/6 8418/10/6 8423/10/6
f 8391/12/6 8417/12/6 8423/12/6
f 8418/12/6 8419/12/6 8424/12/6
f 8423/10/6 8418/10/6 8424/10/6
f 8421/12/6 8422/12/6 8424/12/6
f 8419/12/6 8420/12/6 8424/12/6
f 8420/12/6 8421/12/6 8424/12/6
f 8424/12/6 8422/12/6 8425/12/6
f 8423/12/6 8424/12/6 8427/12/6
f 8425/12/6 8426/12/6 8427/12/6
f 8424/12/6 8425/12/6 8427/12/6
f 8427/12/6 8428/12/6 8429/12/6
f 8429/12/6 8430/12/6 8431/12/6
f 8391/12/6 8423/12/6 8433/12/6
f 8431/12/6 8432/12/6 8433/12/6
f 8429/12/6 8431/12/6 8433/12/6
f 8427/12/6 8429/12/6 8433/12/6
f 8423/12/6 8427/12/6 8433/12/6
f 8433/12/6 8432/12/6 8434/12/6
f 8434/12/6 8432/12/6 8435/12/6
f 8435/12/6 8432/12/6 8436/12/6
f 8436/12/6 8432/12/6 8437/12/6
f 8377/12/6 8391/12/6 8439/12/6
f 8391/12/6 8433/12/6 8439/12/6
f 8439/12/6 8433/12/6 8440/12/6
f 8433/8/6 8434/8/6 8441/8/6
f 8440/12/6 8433/12/6 8441/12/6
f 8434/12/6 8435/12/6 8442/12/6
f 8441/8/6 8434/8/6 8442/8/6
f 8442/12/6 8435/12/6 8443/12/6
f 8443/12/6 8435/12/6 8444/12/6
f 8444/12/6 8435/12/6 8445/12/6
f 8445/12/6 8435/12/6 8446/12/6
f 8435/9/6 8436/9/6 8447/9/6
f 8446/12/6 8435/12/6 8447/12/6
f 8437/12/6 8438/12/6 8448/12/6
f 8447/9/6 8436/9/6 8448/9/6
f 8436/12/6 8437/12/6 8448/12/6
f 8448/12/6 8438/12/6 8449/12/6
f 8440/12/6 8441/12/6 8451/12/6
f 8441/12/6 8442/12/6 8451/12/6
f 8442/12/6 8443/12/6 8451/12/6
f 8451/12/6 8443/12/6 8452/12/6
f 8443/7/6 8444/7/6 8453/7/6
f 8452/12/6 8443/12/6 8453/12/6
f 8444/12/6 8445/12/6 8454/12/6
f 8453/7/6 8444/7/6 8454/7/6
f 8445/9/6 8446/9/6 8455/9/6
f 8454/12/6 8445/12/6 8455/12/6
f 8446/12/6 8447/12/6 8456/12/6
f 8455/9/6 8446/9/6 8456/9/6
f 8449/12/6 8450/12/6 8456/12/6
f 8448/12/6 8449/12/6 8456/12/6
f 8447/12/6 8448/12/6 8456/12/6
f 8456/12/6 8450/12/6 8457/12/6
f 8457/12/6 8450/12/6 8458/12/6
f 8458/12/6 8450/12/6 8459/12/6
f 8459/12/6 8450/12/6 8460/12/6
f 8460/12/6 8450/12/6 8461/12/6
f 8461/12/6 8450/12/6 8462/12/6
f 8462/12/6 8450/12/6 8463/12/6
f 8454/12/6 8455/12/6 8465/12/6
f 8452/12/6 8453/12/6 8465/12/6
f 8453/12/6 8454/12/6 8465/12/6
f 8455/12/6 8456/12/6 8465/12/6
f 8456/12/6 8457/12/6 8465/12/6
f 8465/12/6 8457/12/6 8466/12/6
f 8457/11/6 8458/11/6 8467/11/6
f 8466/12/6 8457/12/6 8467/12/6
f 8458/12/6 8459/12/6 8468/12/6
f 8467/11/6 8458/11/6 8468/11/6
f 8459/6/6 8460/6/6 8469/6/6
f 8468/12/6 8459/12/6 8469/12/6
f 8460/12/6 8461/12/6 8470/12/6
f 8469/6/6 8460/6/6 8470/6/6
f 8470/12/6 8461/12/6 8471/12/6
f 8471/12/6 8461/12/6 8472/12/6
f 8461/6/6 8462/6/6 8473/6/6
f 8472/12/6 8461/12/6 8473/12/6
f 8463/12/6 8464/12/6 8474/12/6
f 8473/6/6 8462/6/6 8474/6/6
f 8462/12/6 8463/12/6 8474/12/6
f 8474/12/6 8464/12/6 8475/12/6
f 8470/12/6 8471/12/6 8477/12/6
f 8468/12/6 8469/12/6 8477/12/6
f 8467/12/6 8468/12/6 8477/12/6
f 8466/12/6 8467/12/6 8477/12/6
f 8469/12/6 8470/12/6 8477/12/6
f 8477/12/6 8471/12/6 8478/12/6
f 8478/12/6 8471/12/6 8479/12/6
f 8479/12/6 8471/12/6 8480/12/6
f 8480/12/6 8471/12/6 8481/12/6
f 8481/12/6 8471/12/6 8482/12/6
f 8471/6/6 8472/6/6 8483/6/6
f 8482/12/6 8471/12/6 8483/12/6
f 8472/12/6 8473/12/6 8484/12/6
f 8483/6/6 8472/6/6 8484/6/6
f 8475/12/6 8476/12/6 8484/12/6
f 8474/12/6 8475/12/6 8484/12/6
f 8473/12/6 8474/12/6 8484/12/6
f 8484/12/6 8476/12/6 8485/12/6
f 8478/12/6 8479/12/6 8487/12/6
f 8479/11/6 8480/11/6 8488/11/6
f 8487/12/6 8479/12/6 8488/12/6
f 8480/12/6 8481/12/6 8489/12/6
f 8488/11/6 8480/11/6 8489/11/6
f 8489/12/6 8481/12/6 8490/12/6
f 8481/7/6 8482/7/6 8491/7/6
f 8490/12/6 8481/12/6 8491/12/6
f 8482/12/6 8483/12/6 8492/12/6
f 8491/7/6 8482/7/6 8492/7/6
f 8485/12/6 8486/12/6 8492/12/6
f 8484/12/6 8485/12/6 8492/12/6
f 8483/12/6 8484/12/6 8492/12/6
f 8492/12/6 8486/12/6 8493/12/6
f 8493/12/6 8486/12/6 8494/12/6
f 8494/12/6 8486/12/6 8495/12/6
f 8490/12/6 8491/12/6 8497/12/6
f 8492/12/6 8493/12/6 8497/12/6
f 8491/12/6 8492/12/6 8497/12/6
f 8497/12/6 8493/12/6 8498/12/6
f 8498/12/6 8493/12/6 8499/12/6
f 8493/10/6 8494/10/6 8500/10/6
f 8499/12/6 8493/12/6 8500/12/6
f 8495/12/6 8496/12/6 8501/12/6
f 8500/10/6 8494/10/6 8501/10/6
f 8494/12/6 8495/12/6 8501/12/6
f 8501/12/6 8496/12/6 8502/12/6
f 8499/12/6 8500/12/6 8504/12/6
f 8502/12/6 8503/12/6 8504/12/6
f 8501/12/6 8502/12/6 8504/12/6
f 8500/12/6 8501/12/6 8504/12/6
f 8504/12/6 8503/12/6 8505/12/6
f 8505/12/6 8503/12/6 8506/12/6
f 8505/12/6 8506/12/6 8510/12/6
f 8506/12/6 8507/12/6 8510/12/6
f 8510/12/6 8507/12/6 8511/12/6
f 8511/12/6 8507/12/6 8512/12/6
f 8512/12/6 8507/12/6 8513/12/6
f 8513/12/6 8507/12/6 8514/12/6
f 8514/12/6 8507/12/6 8515/12/6
f 8515/12/6 8507/12/6 8516/12/6
f 8508/12/6 8509/12/6 8517/12/6
f 8517/12/6 8509/12/6 8518/12/6
f 8511/12/6 8512/12/6 8522/12/6
f 8522/12/6 8512/12/6 8523/12/6
f 8512/8/6 8513/8/6 8524/8/6
f 8523/12/6 8512/12/6 8524/12/6
f 8513/12/6 8514/12/6 8525/12/6
f 8524/8/6 8513/8/6 8525/8/6
f 8525/12/6 8514/12/6 8526/12/6
f 8526/12/6 8514/12/6 8527/12/6
f 8527/12/6 8514/12/6 8528/12/6
f 8528/12/6 8514/12/6 8529/12/6
f 8514/8/6 8515/8/6 8530/8/6
f 8529/12/6 8514/12/6 8530/12/6
f 8515/12/6 8516/12/6 8531/12/6
f 8530/8/6 8515/8/6 8531/8/6
f 8516/12/6 8517/12/6 8531/12/6
f 8517/12/6 8518/12/6 8531/12/6
f 8518/12/6 8519/12/6 8531/12/6
f 8519/7/6 8520/7/6 8532/7/6
f 8531/12/6 8519/12/6 8532/12/6
f 8520/12/6 8521/12/6 8533/12/6
f 8532/7/6 8520/7/6 8533/7/6
f 8533/12/6 8521/12/6 8534/12/6
f 8523/12/6 8524/12/6 8540/12/6
f 8525/12/6 8526/12/6 8540/12/6
f 8524/12/6 8525/12/6 8540/12/6
f 8540/12/6 8526/12/6 8541/12/6
f 8526/6/6 8527/6/6 8542/6/6
f 8541/12/6 8526/12/6 8542/12/6
f 8527/12/6 8528/12/6 8543/12/6
f 8542/6/6 8527/6/6 8543/6/6
f 8528/11/6 8529/11/6 8544/11/6
f 8543/12/6 8528/12/6 8544/12/6
f 8529/12/6 8530/12/6 8545/12/6
f 8544/11/6 8529/11/6 8545/11/6
f 8531/12/6 8532/12/6 8545/12/6
f 8530/12/6 8531/12/6 8545/12/6
f 8534/12/6 8535/12/6 8545/12/6
f 8533/12/6 8534/12/6 8545/12/6
f 8532/12/6 8533/12/6 8545/12/6
f 8535/9/6 8536/9/6 8546/9/6
f 8545/12/6 8535/12/6 8546/12/6
f 8536/12/6 8537/12/6 8547/12/6
f 8546/9/6 8536/9/6 8547/9/6
f 8537/11/6 8538/11/6 8548/11/6
f 8547/12/6 8537/12/6 8548/12/6
f 8538/12/6 8539/12/6 8549/12/6
f 8548/11/6 8538/11/6 8549/11/6
f 8549/12/6 8539/12/6 8550/12/6
f 8543/12/6 8544/12/6 8552/12/6
f 8550/12/6 8551/12/6 8552/12/6
f 8549/12/6 8550/12/6 8552/12/6
f 8548/12/6 8549/12/6 8552/12/6
f 8544/12/6 8545/12/6 8552/12/6
f 8545/12/6 8546/12/6 8552/12/6
f 8541/12/6 8542/12/6 8552/12/6
f 8547/12/6 8548/12/6 8552/12/6
f 8542/12/6 8543/12/6 8552/12/6
f 8546/12/6 8547/12/6 8552/12/6
f 8552/12/6 8551/12/6 8553/12/6
f 8553/12/6 8551/12/6 8554/12/6
f 8553/12/6 8554/12/6 8557/12/6
f 8554/12/6 8555/12/6 8557/12/6
f 8557/12/6 8555/12/6 8558/12/6
f 8558/12/6 8555/12/6 8559/12/6
f 8559/12/6 8555/12/6 8560/12/6
f 8555/6/6 8556/6/6 8561/6/6
f 8560/12/6 8555/12/6 8561/12/6
f 8561/6/6 8556/6/6 8562/6/6
f 8558/12/6 8559/12/6 8564/12/6
f 8564/12/6 8559/12/6 8565/12/6
f 8565/12/6 8559/12/6 8566/12/6
f 8566/12/6 8559/12/6 8567/12/6
f 8559/11/6 8560/11/6 8568/11/6
f 8567/12/6 8559/12/6 8568/12/6
f 8562/12/6 8563/12/6 8569/12/6
f 8568/11/6 8560/11/6 8569/11/6
f 8561/12/6 8562/12/6 8569/12/6
f 8560/12/6 8561/12/6 8569/12/6
f 8569/12/6 8563/12/6 8570/12/6
f 8565/12/6 8566/12/6 8572/12/6
f 8572/12/6 8566/12/6 8573/12/6
f 8573/12/6 8566/12/6 8574/12/6
f 8574/12/6 8566/12/6 8575/12/6
f 8575/12/6 8566/12/6 8576/12/6
f 8576/12/6 8566/12/6 8577/12/6
f 8566/8/6 8567/8/6 8578/8/6
f 8577/12/6 8566/12/6 8578/12/6
f 8567/12/6 8568/12/6 8579/12/6
f 8578/8/6 8567/8/6 8579/8/6
f 8570/12/6 8571/12/6 8579/12/6
f 8569/12/6 8570/12/6 8579/12/6
f 8568/12/6 8569/12/6 8579/12/6
f 8573/12/6 8574/12/6 8580/12/6
f 8580/12/6 8574/12/6 8581/12/6
f 8574/11/6 8575/11/6 8582/11/6
f 8581/12/6 8574/12/6 8582/12/6
f 8575/12/6 8576/12/6 8583/12/6
f 8582/11/6 8575/11/6 8583/11/6
f 8576/7/6 8577/7/6 8584/7/6
f 8583/12/6 8576/12/6 8584/12/6
f 8577/12/6 8578/12/6 8585/12/6
f 8584/7/6 8577/7/6 8585/7/6
f 8578/12/6 8579/12/6 8585/12/6
f 8579/12/6 8571/12/6 8586/12/6
f 8585/12/6 8579/12/6 8586/12/6
f 8586/12/6 8571/12/6 8587/12/6
f 8582/12/6 8583/12/6 8588/12/6
f 8583/12/6 8584/12/6 8588/12/6
f 8581/12/6 8582/12/6 8588/12/6
f 8585/12/6 8586/12/6 8588/12/6
f 8584/12/6 8585/12/6 8588/12/6
f 8588/12/6 8586/12/6 8589/12/6
f 8589/12/6 8586/12/6 8590/12/6
f 8590/12/6 8586/12/6 8591/12/6
f 8591/12/6 8586/12/6 8592/12/6
f 8592/12/6 8586/12/6 8593/12/6
f 8586/7/6 8587/7/6 8594/7/6
f 8593/12/6 8586/12/6 8594/12/6
f 8587/12/6 8571/12/6 8595/12/6
f 8594/7/6 8587/7/6 8595/7/6
f 8595/12/6 8571/12/6 8596/12/6
f 8596/12/6 8571/12/6 8597/12/6
f 8589/12/6 8590/12/6 8598/12/6
f 8598/12/6 8590/12/6 8599/12/6
f 8599/12/6 8590/12/6 8600/12/6
f 8600/12/6 8590/12/6 8601/12/6
f 8590/11/6 8591/11/6 8602/11/6
f 8601/12/6 8590/12/6 8602/12/6
f 8591/12/6 8592/12/6 8603/12/6
f 8602/11/6 8591/11/6 8603/11/6
f 8603/12/6 8592/12/6 8604/12/6
f 8604/12/6 8592/12/6 8605/12/6
f 8605/12/6 8592/12/6 8606/12/6
f 8606/12/6 8592/12/6 8607/12/6
f 8592/9/6 8593/9/6 8608/9/6
f 8607/12/6 8592/12/6 8608/12/6
f 8593/12/6 8594/12/6 8609/12/6
f 8608/9/6 8593/9/6 8609/9/6
f 8594/12/6 8595/12/6 8609/12/6
f 8595/12/6 8596/12/6 8609/12/6
f 8609/12/6 8596/12/6 8610/12/6
f 8610/12/6 8596/12/6 8611/12/6
f 8611/12/6 8596/12/6 8612/12/6
f 8612/12/6 8596/12/6 8613/12/6
f 8596/11/6 8597/11/6 8614/11/6
f 8613/12/6 8596/12/6 8614/12/6
f 8597/12/6 8571/12/6 8615/12/6
f 8614/11/6 8597/11/6 8615/11/6
f 8599/12/6 8600/12/6 8616/12/6
f 8616/12/6 8600/12/6 8617/12/6
f 8600/10/6 8601/10/6 8618/10/6
f 8617/12/6 8600/12/6 8618/12/6
f 8601/12/6 8602/12/6 8619/12/6
f 8618/10/6 8601/10/6 8619/10/6
f 8602/12/6 8603/12/6 8619/12/6
f 8603/12/6 8604/12/6 8619/12/6
f 8604/6/6 8605/6/6 8620/6/6
f 8619/12/6 8604/12/6 8620/12/6
f 8605/12/6 8606/12/6 8621/12/6
f 8620/6/6 8605/6/6 8621/6/6
f 8606/7/6 8607/7/6 8622/7/6
f 8621/12/6 8606/12/6 8622/12/6
f 8607/12/6 8608/12/6 8623/12/6
f 8622/7/6 8607/7/6 8623/7/6
f 8608/12/6 8609/12/6 8623/12/6
f 8609/12/6 8610/12/6 8623/12/6
f 8610/9/6 8611/9/6 8624/9/6
f 8623/12/6 8610/12/6 8624/12/6
f 8611/12/6 8612/12/6 8625/12/6
f 8624/9/6 8611/9/6 8625/9/6
f 8612/10/6 8613/10/6 8626/10/6
f 8625/12/6 8612/12/6 8626/12/6
f 8613/12/6 8614/12/6 8627/12/6
f 8626/10/6 8613/10/6 8627/10/6
f 8614/12/6 8615/12/6 8627/12/6
f 8627/12/6 8615/12/6 8628/12/6
f 8628/12/6 8615/12/6 8629/12/6
f 8615/12/6 8571/12/6 8630/12/6
f 8629/12/6 8615/12/6 8630/12/6
f 8630/12/6 8571/12/6 8631/12/6
f 8621/12/6 8622/12/6 8632/12/6
f 8620/12/6 8621/12/6 8632/12/6
f 8625/12/6 8626/12/6 8632/12/6
f 8624/12/6 8625/12/6 8632/12/6
f 8627/12/6 8628/12/6 8632/12/6
f 8626/12/6 8627/12/6 8632/12/6
f 8623/12/6 8624/12/6 8632/12/6
f 8622/12/6 8623/12/6 8632/12/6
f 8617/12/6 8618/12/6 8632/12/6
f 8618/12/6 8619/12/6 8632/12/6
f 8619/12/6 8620/12/6 8632/12/6
f 8632/12/6 8628/12/6 8633/12/6
f 8633/12/6 8628/12/6 8634/12/6
f 8634/12/6 8628/12/6 8635/12/6
f 8629/12/6 8630/12/6 8636/12/6
f 8636/12/6 8630/12/6 8637/12/6
f 8630/11/6 8631/11/6 8638/11/6
f 8637/12/6 8630/12/6 8638/12/6
f 8631/12/6 8571/12/6 8639/12/6
f 8638/11/6 8631/11/6 8639/11/6
f 8633/12/6 8634/12/6 8640/12/6
f 8640/12/6 8634/12/6 8641/12/6
f 8641/12/6 8634/12/6 8642/12/6
f 8642/12/6 8634/12/6 8643/12/6
f 8637/12/6 8638/12/6 8644/12/6
f 8638/12/6 8639/12/6 8644/12/6
f 8644/12/6 8639/12/6 8645/12/6
f 8641/12/6 8642/12/6 8646/12/6
f 8646/12/6 8642/12/6 8647/12/6
f 8647/12/6 8642/12/6 8648/12/6
f 8648/12/6 8642/12/6 8649/12/6
f 8649/12/6 8642/12/6 8650/12/6
f 8650/12/6 8642/12/6 8651/12/6
f 8645/12/6 8639/12/6 8652/12/6
f 8652/12/6 8639/12/6 8653/12/6
f 8647/12/6 8648/12/6 8654/12/6
f 8654/12/6 8648/12/6 8655/12/6
f 8648/6/6 8649/6/6 8656/6/6
f 8655/12/6 8648/12/6 8656/12/6
f 8649/12/6 8650/12/6 8657/12/6
f 8656/6/6 8649/6/6 8657/6/6
f 8657/12/6 8650/12/6 8658/12/6
f 8658/12/6 8650/12/6 8659/12/6
f 8653/12/6 8639/12/6 8660/12/6
f 8660/12/6 8639/12/6 8661/12/6
f 8655/12/6 8656/12/6 8662/12/6
f 8657/12/6 8658/12/6 8662/12/6
f 8656/12/6 8657/12/6 8662/12/6
f 8662/12/6 8658/12/6 8663/12/6
f 8663/12/6 8658/12/6 8664/12/6
f 8664/12/6 8658/12/6 8665/12/6
f 8661/12/6 8639/12/6 8666/12/6
f 8666/12/6 8639/12/6 8667/12/6
f 8663/12/6 8664/12/6 8668/12/6
f 8668/12/6 8664/12/6 8669/12/6
f 8669/12/6 8664/12/6 8670/12/6
f 8670/12/6 8664/12/6 8671/12/6
f 8667/12/6 8639/12/6 8672/12/6
f 8672/12/6 8639/12/6 8673/12/6
f 8669/12/6 8670/12/6 8674/12/6
f 8674/12/6 8670/12/6 8675/12/6
f 8675/12/6 8670/12/6 8676/12/6
f 8676/12/6 8670/12/6 8677/12/6
f 8673/12/6 8639/12/6 8678/12/6
f 8678/12/6 8639/12/6 8679/12/6
f 8679/12/6 8639/12/6 8680/12/6
f 8675/12/6 8676/12/6 8681/12/6
f 8681/12/6 8676/12/6 8682/12/6
f 8682/12/6 8676/12/6 8683/12/6
f 8683/12/6 8676/12/6 8684/12/6
f 8680/12/6 8639/12/6 8685/12/6
f 8685/12/6 8639/12/6 8686/12/6
f 8686/12/6 8639/12/6 8687/12/6
f 8687/12/6 8639/12/6 8688/12/6
f 8688/12/6 8639/12/6 8689/12/6
f 8689/12/6 8639/12/6 8690/12/6
f 8690/12/6 8639/12/6 8691/12/6
f 8691/12/6 8639/12/6 8692/12/6
f 8692/12/6 8639/12/6 8693/12/6
f 8693/12/6 8639/12/6 8694/12/6
f 8694/12/6 8639/12/6 8695/12/6
f 8639/12/6 8571/12/6 8696/12/6
f 8695/12/6 8639/12/6 8696/12/6
f 8697/12/6 8698/12/6 8699/12/6
f 8699/12/6 8700/12/6 8701/12/6
f 8697/12/6 8699/12/6 8703/12/6
f 8701/12/6 8702/12/6 8703/12/6
f 8699/12/6 8701/12/6 8703/12/6
f 8703/12/6 8702/12/6 8704/12/6
f 8704/12/6 8702/12/6 8705/12/6
f 8697/12/6 8703/12/6 8707/12/6
f 8703/9/6 8704/9/6 8707/9/6
f 8705/12/6 8706/12/6 8708/12/6
f 8707/9/6 8704/9/6 8708/9/6
f 8704/12/6 8705/12/6 8708/12/6
f 8708/12/6 8706/12/6 8709/12/6
f 8707/12/6 8708/12/6 8711/12/6
f 8709/12/6 8710/12/6 8711/12/6
f 8708/12/6 8709/12/6 8711/12/6
f 8707/12/6 8711/12/6 8714/12/6
f 8711/9/6 8712/9/6 8714/9/6
f 8712/12/6 8713/12/6 8715/12/6
f 8714/9/6 8712/9/6 8715/9/6
f 8715/12/6 8713/12/6 8716/12/6
f 8714/12/6 8715/12/6 8718/12/6
f 8716/12/6 8717/12/6 8718/12/6
f 8715/12/6 8716/12/6 8718/12/6
f 8718/12/6 8719/12/6 8720/12/6
f 8720/12/6 8721/12/6 8722/12/6
f 8697/12/6 8707/12/6 8724/12/6
f 8722/12/6 8723/12/6 8724/12/6
f 8720/12/6 8722/12/6 8724/12/6
f 8718/12/6 8720/12/6 8724/12/6
f 8714/12/6 8718/12/6 8724/12/6
f 8707/12/6 8714/12/6 8724/12/6
f 8724/12/6 8723/12/6 8725/12/6
f 8725/12/6 8723/12/6 8726/12/6
f 8697/12/6 8724/12/6 8728/12/6
f 8724/10/6 8725/10/6 8728/10/6
f 8726/12/6 8727/12/6 8729/12/6
f 8728/10/6 8725/10/6 8729/10/6
f 8725/12/6 8726/12/6 8729/12/6
f 8729/12/6 8727/12/6 8730/12/6
f 8728/12/6 8729/12/6 8732/12/6
f 8730/12/6 8731/12/6 8732/12/6
f 8729/12/6 8730/12/6 8732/12/6
f 8728/12/6 8732/12/6 8734/12/6
f 8732/12/6 8733/12/6 8734/12/6
f 8734/12/6 8733/12/6 8735/12/6
f 8735/12/6 8733/12/6 8736/12/6
f 8728/12/6 8734/12/6 8738/12/6
f 8734/10/6 8735/10/6 8738/10/6
f 8736/12/6 8737/12/6 8739/12/6
f 8738/10/6 8735/10/6 8739/10/6
f 8735/12/6 8736/12/6 8739/12/6
f 8739/12/6 8737/12/6 8740/12/6
f 8728/12/6 8738/12/6 8742/12/6
f 8740/12/6 8741/12/6 8742/12/6
f 8739/12/6 8740/12/6 8742/12/6
f 8738/12/6 8739/12/6 8742/12/6
f 8742/12/6 8741/12/6 8743/12/6
f 8743/12/6 8741/12/6 8744/12/6
f 8728/12/6 8742/12/6 8746/12/6
f 8742/8/6 8743/8/6 8746/8/6
f 8744/12/6 8745/12/6 8747/12/6
f 8746/8/6 8743/8/6 8747/8/6
f 8743/12/6 8744/12/6 8747/12/6
f 8747/12/6 8745/12/6 8748/12/6
f 8728/12/6 8746/12/6 8750/12/6
f 8748/12/6 8749/12/6 8750/12/6
f 8747/12/6 8748/12/6 8750/12/6
f 8746/12/6 8747/12/6 8750/12/6
f 8750/12/6 8749/12/6 8751/12/6
f 8751/12/6 8749/12/6 8752/12/6
f 8752/12/6 8749/12/6 8753/12/6
f 8753/12/6 8749/12/6 8754/12/6
f 8754/12/6 8749/12/6 8755/12/6
f 8755/12/6 8749/12/6 8756/12/6
f 8756/12/6 8749/12/6 8757/12/6
f 8757/12/6 8749/12/6 8758/12/6
f 8728/12/6 8750/12/6 8762/12/6
f 8750/11/6 8751/11/6 8762/11/6
f 8751/12/6 8752/12/6 8763/12/6
f 8762/11/6 8751/11/6 8763/11/6
f 8752/6/6 8753/6/6 8764/6/6
f 8763/12/6 8752/12/6 8764/12/6
f 8753/12/6 8754/12/6 8765/12/6
f 8764/6/6 8753/6/6 8765/6/6
f 8765/12/6 8754/12/6 8766/12/6
f 8766/12/6 8754/12/6 8767/12/6
f 8754/8/6 8755/8/6 8768/8/6
f 8767/12/6 8754/12/6 8768/12/6
f 8755/12/6 8756/12/6 8769/12/6
f 8768/8/6 8755/8/6 8769/8/6
f 8756/6/6 8757/6/6 8770/6/6
f 8769/12/6 8756/12/6 8770/12/6
f 8758/12/6 8759/12/6 8771/12/6
f 8770/6/6 8757/6/6 8771/6/6
f 8757/12/6 8758/12/6 8771/12/6
f 8771/12/6 8759/12/6 8772/12/6
f 8760/12/6 8761/12/6 8775/12/6
f 8775/12/6 8761/12/6 8776/12/6
f 8776/12/6 8761/12/6 8777/12/6
f 8777/12/6 8761/12/6 8778/12/6
f 8762/12/6 8763/12/6 8780/12/6
f 8763/12/6 8764/12/6 8780/12/6
f 8766/11/6 8767/11/6 8780/11/6
f 8765/12/6 8766/12/6 8780/12/6
f 8764/12/6 8765/12/6 8780/12/6
f 8772/12/6 8773/12/6 8781/12/6
f 8780/11/6 8767/11/6 8781/11/6
f 8769/12/6 8770/12/6 8781/12/6
f 8767/12/6 8768/12/6 8781/12/6
f 8771/12/6 8772/12/6 8781/12/6
f 8770/12/6 8771/12/6 8781/12/6
f 8768/12/6 8769/12/6 8781/12/6
f 8781/12/6 8773/12/6 8782/12/6
f 8774/12/6 8775/12/6 8785/12/6
f 8775/12/6 8776/12/6 8785/12/6
f 8776/8/6 8777/8/6 8786/8/6
f 8785/12/6 8776/12/6 8786/12/6
f 8778/12/6 8779/12/6 8787/12/6
f 8786/8/6 8777/8/6 8787/8/6
f 8777/12/6 8778/12/6 8787/12/6
f 8787/12/6 8779/12/6 8788/12/6
f 8782/12/6 8783/12/6 8790/12/6
f 8781/12/6 8782/12/6 8790/12/6
f 8780/12/6 8781/12/6 8790/12/6
f 8785/12/6 8786/12/6 8793/12/6
f 8784/12/6 8785/12/6 8793/12/6
f 8788/12/6 8789/12/6 8793/12/6
f 8786/12/6 8787/12/6 8793/12/6
f 8787/12/6 8788/12/6 8793/12/6
f 8793/12/6 8789/12/6 8794/12/6
f 8790/12/6 8791/12/6 8796/12/6
f 8794/12/6 8795/12/6 8799/12/6
f 8792/12/6 8793/12/6 8799/12/6
f 8793/12/6 8794/12/6 8799/12/6
f 8799/12/6 8795/12/6 8800/12/6
f 8796/12/6 8797/12/6 8802/12/6
f 8800/12/6 8801/12/6 8805/12/6
f 8798/12/6 8799/12/6 8805/12/6
f 8799/12/6 8800/12/6 8805/12/6
f 8805/12/6 8801/12/6 8806/12/6
f 8802/12/6 8803/12/6 8808/12/6
f 8780/12/6 8790/12/6 8808/12/6
f 8790/12/6 8796/12/6 8808/12/6
f 8796/12/6 8802/12/6 8808/12/6
f 8808/12/6 8803/12/6 8809/12/6
f 8809/12/6 8803/12/6 8810/12/6
f 8806/12/6 8807/12/6 8813/12/6
f 8805/12/6 8806/12/6 8813/12/6
f 8804/12/6 8805/12/6 8813/12/6
f 8813/12/6 8807/12/6 8814/12/6
f 8697/12/6 8728/12/6 8816/12/6
f 8762/12/6 8780/12/6 8816/12/6
f 8728/12/6 8762/12/6 8816/12/6
f 8780/12/6 8808/12/6 8816/12/6
f 8816/12/6 8808/12/6 8817/12/6
f 8808/11/6 8809/11/6 8818/11/6
f 8817/12/6 8808/12/6 8818/12/6
f 8810/12/6 8811/12/6 8819/12/6
f 8818/11/6 8809/11/6 8819/11/6
f 8809/12/6 8810/12/6 8819/12/6
f 8819/12/6 8811/12/6 8820/12/6
f 8814/12/6 8815/12/6 8823/12/6
f 8813/12/6 8814/12/6 8823/12/6
f 8812/12/6 8813/12/6 8823/12/6
f 8823/12/6 8815/12/6 8824/12/6
f 8824/12/6 8815/12/6 8825/12/6
f 8825/12/6 8815/12/6 8826/12/6
f 8826/12/6 8815/12/6 8827/12/6
f 8827/12/6 8815/12/6 8828/12/6
f 8820/12/6 8821/12/6 8831/12/6
f 8819/12/6 8820/12/6 8831/12/6
f 8818/12/6 8819/12/6 8831/12/6
f 8817/12/6 8818/12/6 8831/12/6
f 8831/12/6 8821/12/6 8832/12/6
f 8832/12/6 8821/12/6 8833/12/6
f 8833/12/6 8821/12/6 8834/12/6
f 8834/12/6 8821/12/6 8835/12/6
f 8822/12/6 8823/12/6 8838/12/6
f 8823/12/6 8824/12/6 8838/12/6
f 8824/11/6 8825/11/6 8839/11/6
f 8838/12/6 8824/12/6 8839/12/6
f 8825/12/6 8826/12/6 8840/12/6
f 8839/11/6 8825/11/6 8840/11/6
f 8826/11/6 8827/11/6 8841/11/6
f 8840/12/6 8826/12/6 8841/12/6
f 8827/12/6 8828/12/6 8842/12/6
f 8841/11/6 8827/11/6 8842/11/6
f 8842/12/6 8828/12/6 8843/12/6
f 8843/12/6 8828/12/6 8844/12/6
f 8828/6/6 8829/6/6 8845/6/6
f 8844/12/6 8828/12/6 8845/12/6
f 8829/12/6 8830/12/6 8846/12/6
f 8845/6/6 8829/6/6 8846/6/6
f 8846/12/6 8830/12/6 8847/12/6
f 8832/12/6 8833/12/6 8849/12/6
f 8849/12/6 8833/12/6 8850/12/6
f 8850/12/6 8833/12/6 8851/12/6
f 8851/12/6 8833/12/6 8852/12/6
f 8833/6/6 8834/6/6 8853/6/6
f 8852/12/6 8833/12/6 8853/12/6
f 8835/12/6 8836/12/6 8854/12/6
f 8853/6/6 8834/6/6 8854/6/6
f 8834/12/6 8835/12/6 8854/12/6
f 8854/12/6 8836/12/6 8855/12/6
f 8855/12/6 8836/12/6 8856/12/6
f 8856/12/6 8836/12/6 8857/12/6
f 8857/12/6 8836/12/6 8858/12/6
f 8840/12/6 8841/12/6 8859/12/6
f 8839/12/6 8840/12/6 8859/12/6
f 8838/12/6 8839/12/6 8859/12/6
f 8837/12/6 8838/12/6 8859/12/6
f 8841/12/6 8842/12/6 8859/12/6
f 8842/12/6 8843/12/6 8859/12/6
f 8859/12/6 8843/12/6 8860/12/6
f 8860/12/6 8843/12/6 8861/12/6
f 8861/12/6 8843/12/6 8862/12/6
f 8843/7/6 8844/7/6 8863/7/6
f 8862/12/6 8843/12/6 8863/12/6
f 8844/12/6 8845/12/6 8864/12/6
f 8863/7/6 8844/7/6 8864/7/6
f 8847/12/6 8848/12/6 8864/12/6
f 8846/12/6 8847/12/6 8864/12/6
f 8845/12/6 8846/12/6 8864/12/6
f 8864/12/6 8848/12/6 8865/12/6
f 8850/12/6 8851/12/6 8867/12/6
f 8867/12/6 8851/12/6 8868/12/6
f 8851/7/6 8852/7/6 8869/7/6
f 8868/12/6 8851/12/6 8869/12/6
f 8852/12/6 8853/12/6 8870/12/6
f 8869/7/6 8852/7/6 8870/7/6
f 8854/12/6 8855/12/6 8870/12/6
f 8853/12/6 8854/12/6 8870/12/6
f 8855/9/6 8856/9/6 8871/9/6
f 8870/12/6 8855/12/6 8871/12/6
f 8856/12/6 8857/12/6 8872/12/6
f 8871/9/6 8856/9/6 8872/9/6
f 8872/12/6 8857/12/6 8873/12/6
f 8873/12/6 8857/12/6 8874/12/6
f 8857/9/6 8858/9/6 8875/9/6
f 8874/12/6 8857/12/6 8875/12/6
f 8858/12/6 8836/12/6 8876/12/6
f 8875/9/6 8858/9/6 8876/9/6
f 8836/11/6 8837/11/6 8877/11/6
f 8876/12/6 8836/12/6 8877/12/6
f 8837/12/6 8859/12/6 8878/12/6
f 8877/11/6 8837/11/6 8878/11/6
f 8859/11/6 8860/11/6 8879/11/6
f 8878/12/6 8859/12/6 8879/12/6
f 8860/12/6 8861/12/6 8880/12/6
f 8879/11/6 8860/11/6 8880/11/6
f 8861/7/6 8862/7/6 8881/7/6
f 8880/12/6 8861/12/6 8881/12/6
f 8862/12/6 8863/12/6 8882/12/6
f 8881/7/6 8862/7/6 8882/7/6
f 8865/12/6 8866/12/6 8882/12/6
f 8863/12/6 8864/12/6 8882/12/6
f 8864/12/6 8865/12/6 8882/12/6
f 8882/12/6 8866/12/6 8883/12/6
f 8883/12/6 8866/12/6 8884/12/6
f 8884/12/6 8866/12/6 8885/12/6
f 8885/12/6 8866/12/6 8886/12/6
f 8886/12/6 8866/12/6 8887/12/6
f 8887/12/6 8866/12/6 8888/12/6
f 8888/12/6 8866/12/6 8889/12/6
f 8870/12/6 8871/12/6 8891/12/6
f 8868/12/6 8869/12/6 8891/12/6
f 8869/12/6 8870/12/6 8891/12/6
f 8872/12/6 8873/12/6 8891/12/6
f 8871/12/6 8872/12/6 8891/12/6
f 8891/12/6 8873/12/6 8892/12/6
f 8873/6/6 8874/6/6 8893/6/6
f 8892/12/6 8873/12/6 8893/12/6
f 8880/12/6 8881/12/6 8894/12/6
f 8893/6/6 8874/6/6 8894/6/6
f 8879/12/6 8880/12/6 8894/12/6
f 8874/12/6 8875/12/6 8894/12/6
f 8875/12/6 8876/12/6 8894/12/6
f 8882/12/6 8883/12/6 8894/12/6
f 8881/12/6 8882/12/6 8894/12/6
f 8878/12/6 8879/12/6 8894/12/6
f 8876/12/6 8877/12/6 8894/12/6
f 8877/12/6 8878/12/6 8894/12/6
f 8883/7/6 8884/7/6 8895/7/6
f 8894/12/6 8883/12/6 8895/12/6
f 8884/12/6 8885/12/6 8896/12/6
f 8895/7/6 8884/7/6 8896/7/6
f 8885/9/6 8886/9/6 8897/9/6
f 8896/12/6 8885/12/6 8897/12/6
f 8886/12/6 8887/12/6 8898/12/6
f 8897/9/6 8886/9/6 8898/9/6
f 8887/11/6 8888/11/6 8899/11/6
f 8898/12/6 8887/12/6 8899/12/6
f 8889/12/6 8890/12/6 8900/12/6
f 8899/11/6 8888/11/6 8900/11/6
f 8888/12/6 8889/12/6 8900/12/6
f 8900/12/6 8890/12/6 8901/12/6
f 8892/12/6 8893/12/6 8903/12/6
f 8901/12/6 8902/12/6 8903/12/6
f 8900/12/6 8901/12/6 8903/12/6
f 8899/12/6 8900/12/6 8903/12/6
f 8895/12/6 8896/12/6 8903/12/6
f 8896/12/6 8897/12/6 8903/12/6
f 8893/12/6 8894/12/6 8903/12/6
f 8894/12/6 8895/12/6 8903/12/6
f 8897/12/6 8898/12/6 8903/12/6
f 8898/12/6 8899/12/6 8903/12/6
f 8903/12/6 8902/12/6 8904/12/6
f 8904/12/6 8902/12/6 8905/12/6
f 8905/12/6 8902/12/6 8906/12/6
f 8906/12/6 8902/12/6 8907/12/6
f 8904/12/6 8905/12/6 8909/12/6
f 8909/12/6 8905/12/6 8910/12/6
f 8905/11/6 8906/11/6 8911/11/6
f 8910/12/6 8905/12/6 8911/12/6
f 8907/12/6 8908/12/6 8912/12/6
f 8911/11/6 8906/11/6 8912/11/6
f 8906/12/6 8907/12/6 8912/12/6
f 8912/12/6 8908/12/6 8913/12/6
f 8913/12/6 8908/12/6 8914/12/6
f 8914/12/6 8908/12/6 8915/12/6
f 8915/12/6 8908/12/6 8916/12/6
f 8916/12/6 8908/12/6 8917/12/6
f 8910/12/6 8911/12/6 8919/12/6
f 8911/12/6 8912/12/6 8919/12/6
f 8912/12/6 8913/12/6 8919/12/6
f 8919/12/6 8913/12/6 8920/12/6
f 8920/12/6 8913/12/6 8921/12/6
f 8913/11/6 8914/11/6 8922/11/6
f 8921/12/6 8913/12/6 8922/12/6
f 8914/12/6 8915/12/6 8923/12/6
f 8922/11/6 8914/11/6 8923/11/6
f 8915/6/6 8916/6/6 8924/6/6
f 8923/12/6 8915/12/6 8924/12/6
f 8917/12/6 8918/12/6 8925/12/6
f 8924/6/6 8916/6/6 8925/6/6
f 8916/12/6 8917/12/6 8925/12/6
f 8920/12/6 8921/12/6 8926/12/6
f 8926/12/6 8921/12/6 8927/12/6
f 8921/8/6 8922/8/6 8928/8/6
f 8927/12/6 8921/12/6 8928/12/6
f 8923/12/6 8924/12/6 8929/12/6
f 8928/8/6 8922/8/6 8929/8/6
f 8922/12/6 8923/12/6 8929/12/6
f 8924/12/6 8925/12/6 8929/12/6
f 8925/12/6 8918/12/6 8930/12/6
f 8929/12/6 8925/12/6 8930/12/6
f 8930/12/6 8918/12/6 8931/12/6
f 8927/12/6 8928/12/6 8932/12/6
f 8928/12/6 8929/12/6 8932/12/6
f 8929/12/6 8930/12/6 8932/12/6
f 8932/12/6 8930/12/6 8933/12/6
f 8933/12/6 8930/12/6 8934/12/6
f 8934/12/6 8930/12/6 8935/12/6
f 8930/11/6 8931/11/6 8936/11/6
f 8935/12/6 8930/12/6 8936/12/6
f 8931/12/6 8918/12/6 8937/12/6
f 8936/11/6 8931/11/6 8937/11/6
f 8933/12/6 8934/12/6 8938/12/6
f 8938/12/6 8934/12/6 8939/12/6
f 8939/12/6 8934/12/6 8940/12/6
f 8940/12/6 8934/12/6 8941/12/6
f 8934/9/6 8935/9/6 8942/9/6
f 8941/12/6 8934/12/6 8942/12/6
f 8935/12/6 8936/12/6 8943/12/6
f 8942/9/6 8935/9/6 8943/9/6
f 8936/12/6 8937/12/6 8943/12/6
f 8939/12/6 8940/12/6 8944/12/6
f 8944/12/6 8940/12/6 8945/12/6
f 8945/12/6 8940/12/6 8946/12/6
f 8946/12/6 8940/12/6 8947/12/6
f 8940/9/6 8941/9/6 8948/9/6
f 8947/12/6 8940/12/6 8948/12/6
f 8941/12/6 8942/12/6 8949/12/6
f 8948/9/6 8941/9/6 8949/9/6
f 8942/12/6 8943/12/6 8949/12/6
f 8949/12/6 8943/12/6 8950/12/6
f 8950/12/6 8943/12/6 8951/12/6
f 8945/12/6 8946/12/6 8952/12/6
f 8952/12/6 8946/12/6 8953/12/6
f 8946/10/6 8947/10/6 8954/10/6
f 8953/12/6 8946/12/6 8954/12/6
f 8947/12/6 8948/12/6 8955/12/6
f 8954/10/6 8947/10/6 8955/10/6
f 8948/12/6 8949/12/6 8955/12/6
f 8949/12/6 8950/12/6 8955/12/6
f 8950/10/6 8951/10/6 8956/10/6
f 8955/12/6 8950/12/6 8956/12/6
f 8951/12/6 8943/12/6 8957/12/6
f 8956/10/6 8951/10/6 8957/10/6
f 8937/12/6 8918/12/6 8958/12/6
f 8957/12/6 8943/12/6 8958/12/6
f 8943/12/6 8937/12/6 8958/12/6
f 8958/12/6 8918/12/6 8959/12/6
f 8959/12/6 8918/12/6 8960/12/6
f 8960/12/6 8918/12/6 8961/12/6
f 8953/12/6 8954/12/6 8962/12/6
f 8956/12/6 8957/12/6 8962/12/6
f 8955/12/6 8956/12/6 8962/12/6
f 8954/12/6 8955/12/6 8962/12/6
f 8957/12/6 8958/12/6 8962/12/6
f 8962/12/6 8958/12/6 8963/12/6
f 8963/12/6 8958/12/6 8964/12/6
f 8964/12/6 8958/12/6 8965/12/6
f 8958/10/6 8959/10/6 8966/10/6
f 8965/12/6 8958/12/6 8966/12/6
f 8959/12/6 8960/12/6 8967/12/6
f 8966/10/6 8959/10/6 8967/10/6
f 8967/12/6 8960/12/6 8968/12/6
f 8960/11/6 8961/11/6 8969/11/6
f 8968/12/6 8960/12/6 8969/12/6
f 8961/12/6 8918/12/6 8970/12/6
f 8969/11/6 8961/11/6 8970/11/6
f 8970/12/6 8918/12/6 8971/12/6
f 8963/12/6 8964/12/6 8972/12/6
f 8972/12/6 8964/12/6 8973/12/6
f 8964/11/6 8965/11/6 8974/11/6
f 8973/12/6 8964/12/6 8974/12/6
f 8967/12/6 8968/12/6 8975/12/6
f 8974/11/6 8965/11/6 8975/11/6
f 8965/12/6 8966/12/6 8975/12/6
f 8966/12/6 8967/12/6 8975/12/6
f 8975/12/6 8968/12/6 8976/12/6
f 8976/12/6 8968/12/6 8977/12/6
f 8971/12/6 8918/12/6 8978/12/6
f 8978/12/6 8918/12/6 8979/12/6
f 8973/12/6 8974/12/6 8980/12/6
f 8975/12/6 8976/12/6 8980/12/6
f 8974/12/6 8975/12/6 8980/12/6
f 8980/12/6 8976/12/6 8981/12/6
f 8981/12/6 8976/12/6 8982/12/6
f 8982/12/6 8976/12/6 8983/12/6
f 8983/12/6 8976/12/6 8984/12/6
f 8984/12/6 8976/12/6 8985/12/6
f 8979/12/6 8918/12/6 8986/12/6
f 8986/12/6 8918/12/6 8987/12/6
f 8981/12/6 8982/12/6 8988/12/6
f 8988/12/6 8982/12/6 8989/12/6
f 8989/12/6 8982/12/6 8990/12/6
f 8990/12/6 8982/12/6 8991/12/6
f 8987/12/6 8918/12/6 8992/12/6
f 8992/12/6 8918/12/6 8993/12/6
f 8989/12/6 8990/12/6 8994/12/6
f 8994/12/6 8990/12/6 8995/12/6
f 8995/12/6 8990/12/6 8996/12/6
f 8996/12/6 8990/12/6 8997/12/6
f 8997/12/6 8990/12/6 8998/12/6
f 8998/12/6 8990/12/6 8999/12/6
f 8999/12/6 8990/12/6 9000/12/6
f 9000/12/6 8990/12/6 9001/12/6
f 8993/12/6 8918/12/6 9002/12/6
f 9002/12/6 8918/12/6 9003/12/6
f 8995/12/6 8996/12/6 9004/12/6
f 9004/12/6 8996/12/6 9005/12/6
f 8997/12/6 8998/12/6 9006/12/6
f 9006/12/6 8998/12/6 9007/12/6
f 8999/12/6 9000/12/6 9008/12/6
f 9008/12/6 9000/12/6 9009/12/6
f 9009/12/6 9000/12/6 9010/12/6
f 9010/12/6 9000/12/6 9011/12/6
f 9003/12/6 8918/12/6 9012/12/6
f 9012/12/6 8918/12/6 9013/12/6
f 9009/12/6 9010/12/6 9014/12/6
f 9014/12/6 9010/12/6 9015/12/6
f 9016/12/6 9017/12/6 9018/12/6
f 9018/12/6 9019/12/6 9020/12/6
f 9020/12/6 9021/12/6 9022/12/6
f 9022/12/6 9023/12/6 9024/12/6
f 9018/12/6 9020/12/6 9026/12/6
f 9024/12/6 9025/12/6 9026/12/6
f 9022/12/6 9024/12/6 9026/12/6
f 9020/12/6 9022/12/6 9026/12/6
f 9026/12/6 9025/12/6 9027/12/6
f 9027/12/6 9025/12/6 9028/12/6
f 9018/12/6 9026/12/6 9030/12/6
f 9026/6/6 9027/6/6 9030/6/6
f 9028/12/6 9029/12/6 9031/12/6
f 9030/6/6 9027/6/6 9031/6/6
f 9027/12/6 9028/12/6 9031/12/6
f 9031/12/6 9029/12/6 9032/12/6
f 9030/12/6 9031/12/6 9034/12/6
f 9032/12/6 9033/12/6 9034/12/6
f 9031/12/6 9032/12/6 9034/12/6
f 9034/12/6 9033/12/6 9035/12/6
f 9035/12/6 9033/12/6 9036/12/6
f 9030/12/6 9034/12/6 9038/12/6
f 9034/9/6 9035/9/6 9038/9/6
f 9036/12/6 9037/12/6 9039/12/6
f 9038/9/6 9035/9/6 9039/9/6
f 9035/12/6 9036/12/6 9039/12/6
f 9039/12/6 9037/12/6 9040/12/6
f 9040/12/6 9037/12/6 9041/12/6
f 9041/12/6 9037/12/6 9042/12/6
f 9038/12/6 9039/12/6 9044/12/6
f 9039/12/6 9040/12/6 9044/12/6
f 9040/10/6 9041/10/6 9044/10/6
f 9042/12/6 9043/12/6 9045/12/6
f 9044/10/6 9041/10/6 9045/10/6
f 9041/12/6 9042/12/6 9045/12/6
f 9045/12/6 9043/12/6 9046/12/6
f 9044/12/6 9045/12/6 9048/12/6
f 9046/12/6 9047/12/6 9048/12/6
f 9045/12/6 9046/12/6 9048/12/6
f 9048/12/6 9049/12/6 9050/12/6
f 9050/12/6 9051/12/6 9052/12/6
f 9050/12/6 9052/12/6 9054/12/6
f 9052/12/6 9053/12/6 9054/12/6
f 9054/12/6 9053/12/6 9055/12/6
f 9055/12/6 9053/12/6 9056/12/6
f 9030/12/6 9038/12/6 9060/12/6
f 9038/12/6 9044/12/6 9060/12/6
f 9044/12/6 9048/12/6 9060/12/6
f 9048/12/6 9050/12/6 9060/12/6
f 9050/12/6 9054/12/6 9060/12/6
f 9060/12/6 9054/12/6 9061/12/6
f 9054/9/6 9055/9/6 9062/9/6
f 9061/12/6 9054/12/6 9062/12/6
f 9056/12/6 9057/12/6 9063/12/6
f 9062/9/6 9055/9/6 9063/9/6
f 9055/12/6 9056/12/6 9063/12/6
f 9063/12/6 9057/12/6 9064/12/6
f 9058/12/6 9059/12/6 9067/12/6
f 9067/12/6 9059/12/6 9068/12/6
f 9030/12/6 9060/12/6 9070/12/6
f 9060/9/6 9061/9/6 9070/9/6
f 9064/12/6 9065/12/6 9071/12/6
f 9070/9/6 9061/9/6 9071/9/6
f 9061/12/6 9062/12/6 9071/12/6
f 9062/12/6 9063/12/6 9071/12/6
f 9063/12/6 9064/12/6 9071/12/6
f 9071/12/6 9065/12/6 9072/12/6
f 9072/12/6 9065/12/6 9073/12/6
f 9073/12/6 9065/12/6 9074/12/6
f 9066/12/6 9067/12/6 9079/12/6
f 9068/12/6 9069/12/6 9079/12/6
f 9067/12/6 9068/12/6 9079/12/6
f 9079/12/6 9069/12/6 9080/12/6
f 9080/12/6 9069/12/6 9081/12/6
f 9081/12/6 9069/12/6 9082/12/6
f 9082/12/6 9069/12/6 9083/12/6
f 9083/12/6 9069/12/6 9084/12/6
f 9030/12/6 9070/12/6 9086/12/6
f 9070/6/6 9071/6/6 9086/6/6
f 9071/12/6 9072/12/6 9087/12/6
f 9086/6/6 9071/6/6 9087/6/6
f 9072/11/6 9073/11/6 9088/11/6
f 9087/12/6 9072/12/6 9088/12/6
f 9074/12/6 9075/12/6 9089/12/6
f 9088/11/6 9073/11/6 9089/11/6
f 9073/12/6 9074/12/6 9089/12/6
f 9089/12/6 9075/12/6 9090/12/6
f 9076/12/6 9077/12/6 9093/12/6
f 9077/11/6 9078/11/6 9094/11/6
f 9093/12/6 9077/12/6 9094/12/6
f 9078/12/6 9079/12/6 9095/12/6
f 9094/11/6 9078/11/6 9095/11/6
f 9079/12/6 9080/12/6 9095/12/6
f 9080/6/6 9081/6/6 9096/6/6
f 9095/12/6 9080/12/6 9096/12/6
f 9081/12/6 9082/12/6 9097/12/6
f 9096/6/6 9081/6/6 9097/6/6
f 9082/8/6 9083/8/6 9098/8/6
f 9097/12/6 9082/12/6 9098/12/6
f 9084/12/6 9085/12/6 9099/12/6
f 9098/8/6 9083/8/6 9099/8/6
f 9083/12/6 9084/12/6 9099/12/6
f 9099/12/6 9085/12/6 9100/12/6
f 9016/12/6 9018/12/6 9102/12/6
f 9018/12/6 9030/12/6 9102/12/6
f 9090/12/6 9091/12/6 9102/12/6
f 9087/12/6 9088/12/6 9102/12/6
f 9088/12/6 9089/12/6 9102/12/6
f 9089/12/6 9090/12/6 9102/12/6
f 9030/12/6 9086/12/6 9102/12/6
f 9086/12/6 9087/12/6 9102/12/6
f 9102/12/6 9091/12/6 9103/12/6
f 9103/12/6 9091/12/6 9104/12/6
f 9104/12/6 9091/12/6 9105/12/6
f 9105/12/6 9091/12/6 9106/12/6
f 9106/12/6 9091/12/6 9107/12/6
f 9107/12/6 9091/12/6 9108/12/6
f 9108/12/6 9091/12/6 9109/12/6
f 9109/12/6 9091/12/6 9110/12/6
f 9100/12/6 9101/12/6 9117/12/6
f 9099/12/6 9100/12/6 9117/12/6
f 9097/12/6 9098/12/6 9117/12/6
f 9092/12/6 9093/12/6 9117/12/6
f 9098/12/6 9099/12/6 9117/12/6
f 9095/12/6 9096/12/6 9117/12/6
f 9094/12/6 9095/12/6 9117/12/6
f 9093/12/6 9094/12/6 9117/12/6
f 9096/12/6 9097/12/6 9117/12/6
f 9117/12/6 9101/12/6 9118/12/6
f 9118/12/6 9101/12/6 9119/12/6
f 9119/12/6 9101/12/6 9120/12/6
f 9016/12/6 9102/12/6 9122/12/6
f 9102/11/6 9103/11/6 9122/11/6
f 9103/12/6 9104/12/6 9123/12/6
f 9122/11/6 9103/11/6 9123/11/6
f 9123/12/6 9104/12/6 9124/12/6
f 9124/12/6 9104/12/6 9125/12/6
f 9104/11/6 9105/11/6 9126/11/6
f 9125/12/6 9104/12/6 9126/12/6
f 9105/12/6 9106/12/6 9127/12/6
f 9126/11/6 9105/11/6 9127/11/6
f 9106/6/6 9107/6/6 9128/6/6
f 9127/12/6 9106/12/6 9128/12/6
f 9107/12/6 9108/12/6 9129/12/6
f 9128/6/6 9107/6/6 9129/6/6
f 9108/10/6 9109/10/6 9130/10/6
f 9129/12/6 9108/12/6 9130/12/6
f 9110/12/6 9111/12/6 9131/12/6
f 9130/10/6 9109/10/6 9131/10/6
f 9109/12/6 9110/12/6 9131/12/6
f 9131/12/6 9111/12/6 9132/12/6
f 9132/12/6 9111/12/6 9133/12/6
f 9133/12/6 9111/12/6 9134/12/6
f 9112/12/6 9113/12/6 9135/12/6
f 9135/12/6 9113/12/6 9136/12/6
f 9114/12/6 9115/12/6 9137/12/6
f 9137/12/6 9115/12/6 9138/12/6
f 9116/12/6 9117/12/6 9141/12/6
f 9117/12/6 9118/12/6 9141/12/6
f 9141/12/6 9118/12/6 9142/12/6
f 9142/12/6 9118/12/6 9143/12/6
f 9118/9/6 9119/9/6 9144/9/6
f 9143/12/6 9118/12/6 9144/12/6
f 9120/12/6 9121/12/6 9145/12/6
f 9144/9/6 9119/9/6 9145/9/6
f 9119/12/6 9120/12/6 9145/12/6
f 9145/12/6 9121/12/6 9146/12/6
f 9146/12/6 9121/12/6 9147/12/6
f 9147/12/6 9121/12/6 9148/12/6
f 9148/12/6 9121/12/6 9149/12/6
f 9149/12/6 9121/12/6 9150/12/6
f 9123/12/6 9124/12/6 9152/12/6
f 9016/12/6 9122/12/6 9152/12/6
f 9122/12/6 9123/12/6 9152/12/6
f 9152/12/6 9124/12/6 9153/12/6
f 9124/11/6 9125/11/6 9154/11/6
f 9153/12/6 9124/12/6 9154/12/6
f 9129/12/6 9130/12/6 9155/12/6
f 9154/11/6 9125/11/6 9155/11/6
f 9128/12/6 9129/12/6 9155/12/6
f 9127/12/6 9128/12/6 9155/12/6
f 9126/12/6 9127/12/6 9155/12/6
f 9125/12/6 9126/12/6 9155/12/6
f 9130/12/6 9131/12/6 9155/12/6
f 9131/12/6 9132/12/6 9155/12/6
f 9132/11/6 9133/11/6 9156/11/6
f 9155/12/6 9132/12/6 9156/12/6
f 9133/12/6 9134/12/6 9157/12/6
f 9156/11/6 9133/11/6 9157/11/6
f 9134/12/6 9135/12/6 9157/12/6
f 9135/9/6 9136/9/6 9158/9/6
f 9157/12/6 9135/12/6 9158/12/6
f 9138/12/6 9139/12/6 9159/12/6
f 9158/9/6 9136/9/6 9159/9/6
f 9137/12/6 9138/12/6 9159/12/6
f 9136/12/6 9137/12/6 9159/12/6
f 9159/12/6 9139/12/6 9160/12/6
f 9141/12/6 9142/12/6 9161/12/6
f 9140/12/6 9141/12/6 9161/12/6
f 9142/7/6 9143/7/6 9162/7/6
f 9161/12/6 9142/12/6 9162/12/6
f 9145/12/6 9146/12/6 9163/12/6
f 9162/7/6 9143/7/6 9163/7/6
f 9143/12/6 9144/12/6 9163/12/6
f 9144/12/6 9145/12/6 9163/12/6
f 9146/6/6 9147/6/6 9164/6/6
f 9163/12/6 9146/12/6 9164/12/6
f 9147/12/6 9148/12/6 9165/12/6
f 9164/6/6 9147/6/6 9165/6/6
f 9148/11/6 9149/11/6 9166/11/6
f 9165/12/6 9148/12/6 9166/12/6
f 9150/12/6 9151/12/6 9167/12/6
f 9166/11/6 9149/11/6 9167/11/6
f 9149/12/6 9150/12/6 9167/12/6
f 9016/12/6 9152/12/6 9168/12/6
f 9152/6/6 9153/6/6 9168/6/6
f 9156/12/6 9157/12/6 9169/12/6
f 9168/6/6 9153/6/6 9169/6/6
f 9155/12/6 9156/12/6 9169/12/6
f 9154/12/6 9155/12/6 9169/12/6
f 9158/12/6 9159/12/6 9169/12/6
f 9153/12/6 9154/12/6 9169/12/6
f 9164/12/6 9165/12/6 9169/12/6
f 9160/12/6 9161/12/6 9169/12/6
f 9165/12/6 9166/12/6 9169/12/6
f 9157/12/6 9158/12/6 9169/12/6
f 9163/12/6 9164/12/6 9169/12/6
f 9162/12/6 9163/12/6 9169/12/6
f 9159/12/6 9160/12/6 9169/12/6
f 9161/12/6 9162/12/6 9169/12/6
f 9166/12/6 9167/12/6 9169/12/6
f 9169/12/6 9167/12/6 9170/12/6
f 9170/12/6 9167/12/6 9171/12/6
f 9171/12/6 9167/12/6 9172/12/6
f 9172/12/6 9167/12/6 9173/12/6
f 9173/12/6 9167/12/6 9174/12/6
f 9174/12/6 9167/12/6 9175/12/6
f 9168/12/6 9169/12/6 9176/12/6
f 9169/12/6 9170/12/6 9176/12/6
f 9176/12/6 9170/12/6 9177/12/6
f 9170/6/6 9171/6/6 9178/6/6
f 9177/12/6 9170/12/6 9178/12/6
f 9171/12/6 9172/12/6 9179/12/6
f 9178/6/6 9171/6/6 9179/6/6
f 9179/12/6 9172/12/6 9180/12/6
f 9180/12/6 9172/12/6 9181/12/6
f 9172/11/6 9173/11/6 9182/11/6
f 9181/12/6 9172/12/6 9182/12/6
f 9173/12/6 9174/12/6 9183/12/6
f 9182/11/6 9173/11/6 9183/11/6
f 9174/7/6 9175/7/6 9184/7/6
f 9183/12/6 9174/12/6 9184/12/6
f 9175/12/6 9167/12/6 9185/12/6
f 9184/7/6 9175/7/6 9185/7/6
f 9176/6/6 9177/6/6 9186/6/6
f 9168/12/6 9176/12/6 9186/12/6
f 9177/12/6 9178/12/6 9187/12/6
f 9186/6/6 9177/6/6 9187/6/6
f 9178/12/6 9179/12/6 9187/12/6
f 9179/12/6 9180/12/6 9187/12/6
f 9180/10/6 9181/10/6 9188/10/6
f 9187/12/6 9180/12/6 9188/12/6
f 9183/12/6 9184/12/6 9189/12/6
f 9188/10/6 9181/10/6 9189/10/6
f 9182/12/6 9183/12/6 9189/12/6
f 9184/12/6 9185/12/6 9189/12/6
f 9181/12/6 9182/12/6 9189/12/6
f 9189/12/6 9185/12/6 9190/12/6
f 9190/12/6 9185/12/6 9191/12/6
f 9187/12/6 9188/12/6 9192/12/6
f 9186/12/6 9187/12/6 9192/12/6
f 9188/12/6 9189/12/6 9192/12/6
f 9189/12/6 9190/12/6 9192/12/6
f 9192/12/6 9190/12/6 9193/12/6
f 9190/6/6 9191/6/6 9194/6/6
f 9193/12/6 9190/12/6 9194/12/6
f 9191/12/6 9185/12/6 9195/12/6
f 9194/6/6 9191/6/6 9195/6/6
f 9185/12/6 9167/12/6 9196/12/6
f 9195/12/6 9185/12/6 9196/12/6
f 9196/12/6 9167/12/6 9197/12/6
f 9192/7/6 9193/7/6 9198/7/6
f 9186/12/6 9192/12/6 9198/12/6
f 9193/12/6 9194/12/6 9199/12/6
f 9198/7/6 9193/7/6 9199/7/6
f 9194/12/6 9195/12/6 9199/12/6
f 9195/12/6 9196/12/6 9199/12/6
f 9199/12/6 9196/12/6 9200/12/6
f 9200/12/6 9196/12/6 9201/12/6
f 9201/12/6 9196/12/6 9202/12/6
f 9202/12/6 9196/12/6 9203/12/6
f 9198/12/6 9199/12/6 9204/12/6
f 9199/12/6 9200/12/6 9204/12/6
f 9200/6/6 9201/6/6 9204/6/6
f 9201/12/6 9202/12/6 9205/12/6
f 9204/6/6 9201/6/6 9205/6/6
f 9202/6/6 9203/6/6 9206/6/6
f 9205/12/6 9202/12/6 9206/12/6
f 9203/12/6 9196/12/6 9207/12/6
f 9206/6/6 9203/6/6 9207/6/6
f 9196/11/6 9197/11/6 9208/11/6
f 9207/12/6 9196/12/6 9208/12/6
f 9197/12/6 9167/12/6 9209/12/6
f 9208/11/6 9197/11/6 9209/11/6
f 9207/12/6 9208/12/6 9210/12/6
f 9206/12/6 9207/12/6 9210/12/6
f 9208/12/6 9209/12/6 9210/12/6
f 9205/12/6 9206/12/6 9210/12/6
f 9204/12/6 9205/12/6 9210/12/6
f 9210/12/6 9209/12/6 9211/12/6
f 9211/12/6 9209/12/6 9212/12/6
f 9212/12/6 9209/12/6 9213/12/6
f 9167/12/6 9151/12/6 9214/12/6
f 9213/12/6 9209/12/6 9214/12/6
f 9209/12/6 9167/12/6 9214/12/6
f 9214/12/6 9151/12/6 9215/12/6
f 9186/12/6 9198/12/6 9216/12/6
f 9198/12/6 9204/12/6 9216/12/6
f 9168/12/6 9186/12/6 9216/12/6
f 9204/12/6 9210/12/6 9216/12/6
f 9216/12/6 9210/12/6 9217/12/6
f 9210/11/6 9211/11/6 9218/11/6
f 9217/12/6 9210/12/6 9218/12/6
f 9211/12/6 9212/12/6 9219/12/6
f 9218/11/6 9211/11/6 9219/11/6
f 9212/7/6 9213/7/6 9220/7/6
f 9219/12/6 9212/12/6 9220/12/6
f 9213/12/6 9214/12/6 9221/12/6
f 9220/7/6 9213/7/6 9221/7/6
f 9214/8/6 9215/8/6 9222/8/6
f 9221/12/6 9214/12/6 9222/12/6
f 9215/12/6 9151/12/6 9223/12/6
f 9222/8/6 9215/8/6 9223/8/6
f 9168/12/6 9216/12/6 9224/12/6
f 9224/12/6 9216/12/6 9225/12/6
f 9216/10/6 9217/10/6 9226/10/6
f 9225/12/6 9216/12/6 9226/12/6
f 9218/12/6 9219/12/6 9227/12/6
f 9226/10/6 9217/10/6 9227/10/6
f 9221/12/6 9222/12/6 9227/12/6
f 9217/12/6 9218/12/6 9227/12/6
f 9222/12/6 9223/12/6 9227/12/6
f 9220/12/6 9221/12/6 9227/12/6
f 9219/12/6 9220/12/6 9227/12/6
f 9227/12/6 9223/12/6 9228/12/6
f 9228/12/6 9223/12/6 9229/12/6
f 9168/12/6 9224/12/6 9230/12/6
f 9224/9/6 9225/9/6 9230/9/6
f 9225/12/6 9226/12/6 9231/12/6
f 9230/9/6 9225/9/6 9231/9/6
f 9226/12/6 9227/12/6 9231/12/6
f 9227/12/6 9228/12/6 9231/12/6
f 9231/12/6 9228/12/6 9232/12/6
f 9232/12/6 9228/12/6 9233/12/6
f 9233/12/6 9228/12/6 9234/12/6
f 9234/12/6 9228/12/6 9235/12/6
f 9235/12/6 9228/12/6 9236/12/6
f 9236/12/6 9228/12/6 9237/12/6
f 9237/12/6 9228/12/6 9238/12/6
f 9238/12/6 9228/12/6 9239/12/6
f 9239/12/6 9228/12/6 9240/12/6
f 9240/12/6 9228/12/6 9241/12/6
f 9241/12/6 9228/12/6 9242/12/6
f 9242/12/6 9228/12/6 9243/12/6
f 9228/11/6 9229/11/6 9244/11/6
f 9243/12/6 9228/12/6 9244/12/6
f 9229/12/6 9223/12/6 9245/12/6
f 9244/11/6 9229/11/6 9245/11/6
f 9168/12/6 9230/12/6 9246/12/6
f 9230/12/6 9231/12/6 9246/12/6
f 9231/12/6 9232/12/6 9246/12/6
f 9246/12/6 9232/12/6 9247/12/6
f 9232/6/6 9233/6/6 9248/6/6
f 9247/12/6 9232/12/6 9248/12/6
f 9233/12/6 9234/12/6 9249/12/6
f 9248/6/6 9233/6/6 9249/6/6
f 9249/12/6 9234/12/6 9250/12/6
f 9250/12/6 9234/12/6 9251/12/6
f 9234/6/6 9235/6/6 9252/6/6
f 9251/12/6 9234/12/6 9252/12/6
f 9235/12/6 9236/12/6 9253/12/6
f 9252/6/6 9235/6/6 9253/6/6
f 9253/12/6 9236/12/6 9254/12/6
f 9254/12/6 9236/12/6 9255/12/6
f 9255/12/6 9236/12/6 9256/12/6
f 9256/12/6 9236/12/6 9257/12/6
f 9257/12/6 9236/12/6 9258/12/6
f 9258/12/6 9236/12/6 9259/12/6
f 9236/6/6 9237/6/6 9260/6/6
f 9259/12/6 9236/12/6 9260/12/6
f 9237/12/6 9238/12/6 9261/12/6
f 9260/6/6 9237/6/6 9261/6/6
f 9238/11/6 9239/11/6 9262/11/6
f 9261/12/6 9238/12/6 9262/12/6
f 9239/12/6 9240/12/6 9263/12/6
f 9262/11/6 9239/11/6 9263/11/6
f 9263/12/6 9240/12/6 9264/12/6
f 9264/12/6 9240/12/6 9265/12/6
f 9240/8/6 9241/8/6 9266/8/6
f 9265/12/6 9240/12/6 9266/12/6
f 9241/12/6 9242/12/6 9267/12/6
f 9266/8/6 9241/8/6 9267/8/6
f 9242/6/6 9243/6/6 9268/6/6
f 9267/12/6 9242/12/6 9268/12/6
f 9243/12/6 9244/12/6 9269/12/6
f 9268/6/6 9243/6/6 9269/6/6
f 9244/12/6 9245/12/6 9269/12/6
f 9246/9/6 9247/9/6 9270/9/6
f 9168/12/6 9246/12/6 9270/12/6
f 9247/12/6 9248/12/6 9271/12/6
f 9270/9/6 9247/9/6 9271/9/6
f 9248/12/6 9249/12/6 9271/12/6
f 9249/12/6 9250/12/6 9271/12/6
f 9271/12/6 9250/12/6 9272/12/6
f 9272/12/6 9250/12/6 9273/12/6
f 9250/9/6 9251/9/6 9274/9/6
f 9273/12/6 9250/12/6 9274/12/6
f 9251/12/6 9252/12/6 9275/12/6
f 9274/9/6 9251/9/6 9275/9/6
f 9252/12/6 9253/12/6 9275/12/6
f 9253/12/6 9254/12/6 9275/12/6
f 9254/10/6 9255/10/6 9276/10/6
f 9275/12/6 9254/12/6 9276/12/6
f 9255/12/6 9256/12/6 9277/12/6
f 9276/10/6 9255/10/6 9277/10/6
f 9256/6/6 9257/6/6 9278/6/6
f 9277/12/6 9256/12/6 9278/12/6
f 9257/12/6 9258/12/6 9279/12/6
f 9278/6/6 9257/6/6 9279/6/6
f 9258/11/6 9259/11/6 9280/11/6
f 9279/12/6 9258/12/6 9280/12/6
f 9263/12/6 9264/12/6 9281/12/6
f 9280/11/6 9259/11/6 9281/11/6
f 9259/12/6 9260/12/6 9281/12/6
f 9260/12/6 9261/12/6 9281/12/6
f 9261/12/6 9262/12/6 9281/12/6
f 9262/12/6 9263/12/6 9281/12/6
f 9264/11/6 9265/11/6 9282/11/6
f 9281/12/6 9264/12/6 9282/12/6
f 9267/12/6 9268/12/6 9283/12/6
f 9282/11/6 9265/11/6 9283/11/6
f 9266/12/6 9267/12/6 9283/12/6
f 9265/12/6 9266/12/6 9283/12/6
f 9268/12/6 9269/12/6 9283/12/6
f 9271/12/6 9272/12/6 9284/12/6
f 9272/9/6 9273/9/6 9284/9/6
f 9270/12/6 9271/12/6 9284/12/6
f 9281/12/6 9282/12/6 9285/12/6
f 9284/9/6 9273/9/6 9285/9/6
f 9279/12/6 9280/12/6 9285/12/6
f 9280/12/6 9281/12/6 9285/12/6
f 9274/12/6 9275/12/6 9285/12/6
f 9275/12/6 9276/12/6 9285/12/6
f 9276/12/6 9277/12/6 9285/12/6
f 9278/12/6 9279/12/6 9285/12/6
f 9273/12/6 9274/12/6 9285/12/6
f 9282/12/6 9283/12/6 9285/12/6
f 9277/12/6 9278/12/6 9285/12/6
f 9285/12/6 9283/12/6 9286/12/6
f 9286/12/6 9283/12/6 9287/12/6
f 9287/12/6 9283/12/6 9288/12/6
f 9288/12/6 9283/12/6 9289/12/6
f 9289/12/6 9283/12/6 9290/12/6
f 9290/12/6 9283/12/6 9291/12/6
f 9284/12/6 9285/12/6 9292/12/6
f 9285/12/6 9286/12/6 9292/12/6
f 9286/9/6 9287/9/6 9292/9/6
f 9287/12/6 9288/12/6 9293/12/6
f 9292/9/6 9287/9/6 9293/9/6
f 9288/9/6 9289/9/6 9294/9/6
f 9293/12/6 9288/12/6 9294/12/6
f 9289/12/6 9290/12/6 9295/12/6
f 9294/9/6 9289/9/6 9295/9/6
f 9290/7/6 9291/7/6 9296/7/6
f 9295/12/6 9290/12/6 9296/12/6
f 9291/12/6 9283/12/6 9297/12/6
f 9296/7/6 9291/7/6 9297/7/6
f 9283/12/6 9269/12/6 9298/12/6
f 9297/12/6 9283/12/6 9298/12/6
f 9298/12/6 9269/12/6 9299/12/6
f 9299/12/6 9269/12/6 9300/12/6
f 9300/12/6 9269/12/6 9301/12/6
f 9296/12/6 9297/12/6 9302/12/6
f 9295/12/6 9296/12/6 9302/12/6
f 9294/12/6 9295/12/6 9302/12/6
f 9293/12/6 9294/12/6 9302/12/6
f 9292/12/6 9293/12/6 9302/12/6
f 9297/12/6 9298/12/6 9302/12/6
f 9302/12/6 9298/12/6 9303/12/6
f 9298/9/6 9299/9/6 9304/9/6
f 9303/12/6 9298/12/6 9304/12/6
f 9299/12/6 9300/12/6 9305/12/6
f 9304/9/6 9299/9/6 9305/9/6
f 9300/11/6 9301/11/6 9306/11/6
f 9305/12/6 9300/12/6 9306/12/6
f 9301/12/6 9269/12/6 9307/12/6
f 9306/11/6 9301/11/6 9307/11/6
f 9245/12/6 9223/12/6 9308/12/6
f 9307/12/6 9269/12/6 9308/12/6
f 9269/12/6 9245/12/6 9308/12/6
f 9308/12/6 9223/12/6 9309/12/6
f 9292/12/6 9302/12/6 9310/12/6
f 9284/12/6 9292/12/6 9310/12/6
f 9310/12/6 9302/12/6 9311/12/6
f 9311/12/6 9302/12/6 9312/12/6
f 9312/12/6 9302/12/6 9313/12/6
f 9313/12/6 9302/12/6 9314/12/6
f 9314/12/6 9302/12/6 9315/12/6
f 9315/12/6 9302/12/6 9316/12/6
f 9316/12/6 9302/12/6 9317/12/6
f 9302/10/6 9303/10/6 9318/10/6
f 9317/12/6 9302/12/6 9318/12/6
f 9306/12/6 9307/12/6 9319/12/6
f 9318/10/6 9303/10/6 9319/10/6
f 9305/12/6 9306/12/6 9319/12/6
f 9304/12/6 9305/12/6 9319/12/6
f 9303/12/6 9304/12/6 9319/12/6
f 9307/12/6 9308/12/6 9319/12/6
f 9308/9/6 9309/9/6 9320/9/6
f 9319/12/6 9308/12/6 9320/12/6
f 9309/12/6 9223/12/6 9321/12/6
f 9320/9/6 9309/9/6 9321/9/6
f 9284/12/6 9310/12/6 9322/12/6
f 9310/10/6 9311/10/6 9322/10/6
f 9311/12/6 9312/12/6 9323/12/6
f 9322/10/6 9311/10/6 9323/10/6
f 9312/6/6 9313/6/6 9324/6/6
f 9323/12/6 9312/12/6 9324/12/6
f 9313/12/6 9314/12/6 9325/12/6
f 9324/6/6 9313/6/6 9325/6/6
f 9314/11/6 9315/11/6 9326/11/6
f 9325/12/6 9314/12/6 9326/12/6
f 9315/12/6 9316/12/6 9327/12/6
f 9326/11/6 9315/11/6 9327/11/6
f 9316/10/6 9317/10/6 9328/10/6
f 9327/12/6 9316/12/6 9328/12/6
f 9317/12/6 9318/12/6 9329/12/6
f 9328/10/6 9317/10/6 9329/10/6
f 9319/12/6 9320/12/6 9329/12/6
f 9318/12/6 9319/12/6 9329/12/6
f 9320/12/6 9321/12/6 9329/12/6
f 9329/12/6 9321/12/6 9330/12/6
f 9330/12/6 9321/12/6 9331/12/6
f 9223/12/6 9151/12/6 9332/12/6
f 9331/12/6 9321/12/6 9332/12/6
f 9321/12/6 9223/12/6 9332/12/6
f 9332/12/6 9151/12/6 9333/12/6
f 9327/12/6 9328/12/6 9334/12/6
f 9325/12/6 9326/12/6 9334/12/6
f 9324/12/6 9325/12/6 9334/12/6
f 9323/12/6 9324/12/6 9334/12/6
f 9328/12/6 9329/12/6 9334/12/6
f 9322/12/6 9323/12/6 9334/12/6
f 9329/12/6 9330/12/6 9334/12/6
f 9326/12/6 9327/12/6 9334/12/6
f 9334/12/6 9330/12/6 9335/12/6
f 9330/6/6 9331/6/6 9336/6/6
f 9335/12/6 9330/12/6 9336/12/6
f 9331/12/6 9332/12/6 9337/12/6
f 9336/6/6 9331/6/6 9337/6/6
f 9332/11/6 9333/11/6 9338/11/6
f 9337/12/6 9332/12/6 9338/12/6
f 9333/12/6 9151/12/6 9339/12/6
f 9338/11/6 9333/11/6 9339/11/6
f 9334/6/6 9335/6/6 9340/6/6
f 9322/12/6 9334/12/6 9340/12/6
f 9337/12/6 9338/12/6 9341/12/6
f 9340/6/6 9335/6/6 9341/6/6
f 9336/12/6 9337/12/6 9341/12/6
f 9338/12/6 9339/12/6 9341/12/6
f 9335/12/6 9336/12/6 9341/12/6
f 9341/12/6 9339/12/6 9342/12/6
f 9342/12/6 9339/12/6 9343/12/6
f 9343/12/6 9339/12/6 9344/12/6
f 9344/12/6 9339/12/6 9345/12/6
f 9322/12/6 9340/12/6 9346/12/6
f 9270/12/6 9284/12/6 9346/12/6
f 9284/12/6 9322/12/6 9346/12/6
f 9340/12/6 9341/12/6 9346/12/6
f 9341/12/6 9342/12/6 9346/12/6
f 9346/12/6 9342/12/6 9347/12/6
f 9347/12/6 9342/12/6 9348/12/6
f 9348/12/6 9342/12/6 9349/12/6
f 9342/6/6 9343/6/6 9350/6/6
f 9349/12/6 9342/12/6 9350/12/6
f 9343/12/6 9344/12/6 9351/12/6
f 9350/6/6 9343/6/6 9351/6/6
f 9344/6/6 9345/6/6 9352/6/6
f 9351/12/6 9344/12/6 9352/12/6
f 9345/12/6 9339/12/6 9353/12/6
f 9352/6/6 9345/6/6 9353/6/6
f 9353/12/6 9339/12/6 9354/12/6
f 9354/12/6 9339/12/6 9355/12/6
f 9270/12/6 9346/12/6 9356/12/6
f 9346/9/6 9347/9/6 9356/9/6
f 9347/12/6 9348/12/6 9357/12/6
f 9356/9/6 9347/9/6 9357/9/6
f 9348/10/6 9349/10/6 9358/10/6
f 9357/12/6 9348/12/6 9358/12/6
f 9351/12/6 9352/12/6 9359/12/6
f 9358/10/6 9349/10/6 9359/10/6
f 9350/12/6 9351/12/6 9359/12/6
f 9353/12/6 9354/12/6 9359/12/6
f 9352/12/6 9353/12/6 9359/12/6
f 9349/12/6 9350/12/6 9359/12/6
f 9359/12/6 9354/12/6 9360/12/6
f 9360/12/6 9354/12/6 9361/12/6
f 9361/12/6 9354/12/6 9362/12/6
f 9362/12/6 9354/12/6 9363/12/6
f 9354/8/6 9355/8/6 9364/8/6
f 9363/12/6 9354/12/6 9364/12/6
f 9355/12/6 9339/12/6 9365/12/6
f 9364/8/6 9355/8/6 9365/8/6
f 9357/12/6 9358/12/6 9366/12/6
f 9356/12/6 9357/12/6 9366/12/6
f 9358/12/6 9359/12/6 9366/12/6
f 9359/12/6 9360/12/6 9366/12/6
f 9360/11/6 9361/11/6 9366/11/6
f 9361/12/6 9362/12/6 9367/12/6
f 9366/11/6 9361/11/6 9367/11/6
f 9362/8/6 9363/8/6 9368/8/6
f 9367/12/6 9362/12/6 9368/12/6
f 9364/12/6 9365/12/6 9369/12/6
f 9368/8/6 9363/8/6 9369/8/6
f 9363/12/6 9364/12/6 9369/12/6
f 9366/12/6 9367/12/6 9370/12/6
f 9367/12/6 9368/12/6 9370/12/6
f 9368/12/6 9369/12/6 9370/12/6
f 9370/12/6 9369/12/6 9371/12/6
f 9356/12/6 9366/12/6 9372/12/6
f 9366/12/6 9370/12/6 9372/12/6
f 9372/12/6 9370/12/6 9373/12/6
f 9370/9/6 9371/9/6 9374/9/6
f 9373/12/6 9370/12/6 9374/12/6
f 9371/12/6 9369/12/6 9375/12/6
f 9374/9/6 9371/9/6 9375/9/6
f 9372/9/6 9373/9/6 9376/9/6
f 9356/12/6 9372/12/6 9376/12/6
f 9373/12/6 9374/12/6 9377/12/6
f 9376/9/6 9373/9/6 9377/9/6
f 9374/12/6 9375/12/6 9377/12/6
f 9016/12/6 9168/12/6 9378/12/6
f 9270/12/6 9356/12/6 9378/12/6
f 9376/12/6 9377/12/6 9378/12/6
f 9168/12/6 9270/12/6 9378/12/6
f 9356/12/6 9376/12/6 9378/12/6
f 9377/12/6 9375/12/6 9379/12/6
f 9378/12/6 9377/12/6 9379/12/6
f 9365/12/6 9339/12/6 9379/12/6
f 9369/12/6 9365/12/6 9379/12/6
f 9339/12/6 9151/12/6 9379/12/6
f 9375/12/6 9369/12/6 9379/12/6
